t,robot_x,robot_y,robot_speed,walker_y,gap,walking
0.017,1.5000,-0.0000,0.0000,2.1000,10.7079,0
0.033,1.5000,-0.0000,0.0002,2.1000,10.7079,0
0.050,1.5000,-0.0000,0.0002,2.1000,10.7079,0
0.067,1.5000,-0.0000,0.0002,2.1000,10.7079,0
0.083,1.5000,-0.0000,0.0002,2.1000,10.7079,0
0.100,1.5000,-0.0000,0.0002,2.1000,10.7079,0
0.117,1.5000,0.0000,0.0002,2.1000,10.7079,0
0.133,1.5000,-0.0000,0.0002,2.1000,10.7079,0
0.150,1.5000,0.0000,0.0002,2.1000,10.7079,0
0.167,1.5000,-0.0000,0.0002,2.1000,10.7079,0
0.183,1.5000,0.0000,0.0002,2.1000,10.7079,0
0.200,1.5000,-0.0000,0.0002,2.1000,10.7079,0
0.217,1.5001,0.0000,0.0002,2.1000,10.7079,0
0.233,1.5001,-0.0000,0.0002,2.1000,10.7079,0
0.250,1.5001,0.0000,0.0002,2.1000,10.7079,0
0.267,1.5001,-0.0000,0.0002,2.1000,10.7079,0
0.283,1.5001,-0.0000,0.0002,2.1000,10.7079,0
0.300,1.5001,-0.0000,0.0002,2.1000,10.7079,0
0.317,1.5001,0.0000,0.0002,2.1000,10.7079,0
0.333,1.5001,0.0000,0.0002,2.1000,10.7079,0
0.350,1.5001,-0.0000,0.0002,2.1000,10.7079,0
0.367,1.5001,-0.0000,0.0002,2.1000,10.7079,0
0.383,1.5001,-0.0000,0.0002,2.1000,10.7079,0
0.400,1.5001,-0.0000,0.0002,2.1000,10.7079,0
0.417,1.5001,-0.0000,0.0002,2.1000,10.7078,0
0.433,1.5001,-0.0000,0.0002,2.1000,10.7078,0
0.450,1.5001,-0.0000,0.0002,2.1000,10.7078,0
0.467,1.5001,-0.0000,0.0002,2.1000,10.7078,0
0.483,1.5001,-0.0000,0.0002,2.1000,10.7078,0
0.500,1.5001,-0.0000,0.0002,2.1000,10.7078,0
0.517,1.5001,-0.0000,0.0002,2.1000,10.7078,0
0.533,1.5001,-0.0000,0.0002,2.1000,10.7078,0
0.550,1.5001,-0.0000,0.0002,2.1000,10.7078,0
0.567,1.5001,-0.0000,0.0002,2.1000,10.7078,0
0.583,1.5001,-0.0000,0.0002,2.1000,10.7078,0
0.600,1.5001,-0.0000,0.0002,2.1000,10.7078,0
0.617,1.5001,0.0000,0.0002,2.1000,10.7078,0
0.633,1.5001,-0.0000,0.0002,2.1000,10.7078,0
0.650,1.5001,-0.0000,0.0002,2.1000,10.7078,0
0.667,1.5002,-0.0000,0.0002,2.1000,10.7078,0
0.683,1.5002,-0.0000,0.0002,2.1000,10.7078,0
0.700,1.5002,-0.0000,0.0002,2.1000,10.7078,0
0.717,1.5002,-0.0000,0.0002,2.1000,10.7078,0
0.733,1.5002,-0.0000,0.0002,2.1000,10.7078,0
0.750,1.5002,0.0000,0.0002,2.1000,10.7078,0
0.767,1.5002,-0.0000,0.0002,2.1000,10.7078,0
0.783,1.5002,-0.0000,0.0002,2.1000,10.7078,0
0.800,1.5002,-0.0000,0.0002,2.1000,10.7078,0
0.817,1.5002,-0.0000,0.0002,2.1000,10.7078,0
0.833,1.5002,-0.0000,0.0002,2.1000,10.7078,0
0.850,1.5002,-0.0000,0.0002,2.1000,10.7078,0
0.867,1.5002,-0.0000,0.0002,2.1000,10.7078,0
0.883,1.5002,-0.0000,0.0002,2.1000,10.7077,0
0.900,1.5002,-0.0000,0.0002,2.1000,10.7077,0
0.917,1.5002,0.0000,0.0002,2.1000,10.7077,0
0.933,1.5002,-0.0000,0.0002,2.1000,10.7077,0
0.950,1.5002,-0.0000,0.0003,2.1000,10.7077,0
0.967,1.5002,-0.0000,0.0002,2.1000,10.7077,0
0.983,1.5002,-0.0000,0.0002,2.1000,10.7077,0
1.000,1.5002,-0.0000,0.0002,2.1000,10.7077,0
1.017,1.5002,-0.0000,0.0002,2.1000,10.7077,0
1.033,1.5002,-0.0000,0.0002,2.1000,10.7077,0
1.050,1.5002,0.0000,0.0002,2.1000,10.7077,0
1.067,1.5002,-0.0000,0.0002,2.1000,10.7077,0
1.083,1.5002,-0.0000,0.0002,2.1000,10.7077,0
1.100,1.5002,0.0000,0.0002,2.1000,10.7077,0
1.117,1.5002,-0.0000,0.0002,2.1000,10.7077,0
1.133,1.5003,0.0000,0.0002,2.1000,10.7077,0
1.150,1.5003,-0.0000,0.0002,2.1000,10.7077,0
1.167,1.5003,0.0000,0.0002,2.1000,10.7077,0
1.183,1.5003,-0.0000,0.0002,2.1000,10.7077,0
1.200,1.5003,-0.0000,0.0002,2.1000,10.7077,0
1.217,1.5003,-0.0000,0.0002,2.1000,10.7077,0
1.233,1.5003,-0.0000,0.0002,2.1000,10.7077,0
1.250,1.5003,-0.0000,0.0002,2.1000,10.7077,0
1.267,1.5003,0.0000,0.0002,2.1000,10.7077,0
1.283,1.5003,-0.0000,0.0002,2.1000,10.7077,0
1.300,1.5003,-0.0000,0.0002,2.1000,10.7077,0
1.317,1.5003,-0.0000,0.0002,2.1000,10.7077,0
1.333,1.5003,0.0000,0.0002,2.1000,10.7077,0
1.350,1.5003,-0.0000,0.0002,2.1000,10.7076,0
1.367,1.5003,0.0000,0.0002,2.1000,10.7076,0
1.383,1.5003,-0.0000,0.0002,2.1000,10.7076,0
1.400,1.5003,-0.0000,0.0002,2.1000,10.7076,0
1.417,1.5003,-0.0000,0.0002,2.1000,10.7076,0
1.433,1.5003,-0.0000,0.0002,2.1000,10.7076,0
1.450,1.5003,0.0000,0.0002,2.1000,10.7076,0
1.467,1.5003,-0.0000,0.0002,2.1000,10.7076,0
1.483,1.5003,-0.0000,0.0002,2.1000,10.7076,0
1.500,1.5003,-0.0000,0.0002,2.1000,10.7076,0
1.517,1.5003,0.0000,0.0002,2.1000,10.7076,0
1.533,1.5003,-0.0000,0.0002,2.1000,10.7076,0
1.550,1.5003,0.0000,0.0002,2.1000,10.7076,0
1.567,1.5003,-0.0000,0.0002,2.1000,10.7076,0
1.583,1.5003,0.0000,0.0002,2.1000,10.7076,0
1.600,1.5004,-0.0000,0.0002,2.1000,10.7076,0
1.617,1.5004,0.0000,0.0002,2.1000,10.7076,0
1.633,1.5004,-0.0000,0.0002,2.1000,10.7076,0
1.650,1.5004,0.0000,0.0002,2.1000,10.7076,0
1.667,1.5004,-0.0000,0.0002,2.1000,10.7076,0
1.683,1.5004,-0.0000,0.0002,2.1000,10.7076,0
1.700,1.5004,-0.0000,0.0002,2.1000,10.7076,0
1.717,1.5004,-0.0000,0.0002,2.1000,10.7076,0
1.733,1.5004,-0.0000,0.0002,2.1000,10.7076,0
1.750,1.5004,-0.0000,0.0002,2.1000,10.7076,0
1.767,1.5004,-0.0000,0.0002,2.1000,10.7076,0
1.783,1.5004,-0.0000,0.0002,2.1000,10.7076,0
1.800,1.5004,0.0000,0.0002,2.1000,10.7076,0
1.817,1.5004,-0.0000,0.0002,2.1000,10.7075,0
1.833,1.5004,0.0000,0.0002,2.1000,10.7075,0
1.850,1.5004,-0.0000,0.0002,2.1000,10.7075,0
1.867,1.5004,-0.0000,0.0002,2.1000,10.7075,0
1.883,1.5004,-0.0000,0.0002,2.1000,10.7075,0
1.900,1.5004,-0.0000,0.0002,2.1000,10.7075,0
1.917,1.5004,-0.0000,0.0002,2.1000,10.7075,0
1.933,1.5004,0.0000,0.0002,2.1000,10.7075,0
1.950,1.5004,-0.0000,0.0002,2.1000,10.7075,0
1.967,1.5004,-0.0000,0.0002,2.1000,10.7075,0
1.983,1.5004,-0.0000,0.0002,2.1000,10.7075,0
2.000,1.5004,-0.0000,0.0002,2.1000,10.7075,0
2.017,1.5004,0.0000,0.0002,2.1000,10.7075,0
2.033,1.5004,-0.0000,0.0002,2.1000,10.7075,0
2.050,1.5005,0.0000,0.0002,2.1000,10.7075,0
2.067,1.5005,-0.0000,0.0002,2.1000,10.7075,0
2.083,1.5005,0.0000,0.0002,2.1000,10.7075,0
2.100,1.5005,-0.0000,0.0002,2.1000,10.7075,0
2.117,1.5005,0.0000,0.0002,2.1000,10.7075,0
2.133,1.5005,-0.0000,0.0002,2.1000,10.7075,0
2.150,1.5005,-0.0000,0.0002,2.1000,10.7075,0
2.167,1.5005,0.0000,0.0002,2.1000,10.7075,0
2.183,1.5005,-0.0000,0.0002,2.1000,10.7075,0
2.200,1.5005,0.0000,0.0002,2.1000,10.7075,0
2.217,1.5005,-0.0000,0.0002,2.1000,10.7075,0
2.233,1.5005,-0.0000,0.0002,2.1000,10.7075,0
2.250,1.5005,-0.0000,0.0002,2.1000,10.7075,0
2.267,1.5005,-0.0000,0.0002,2.1000,10.7075,0
2.283,1.5005,-0.0000,0.0002,2.1000,10.7074,0
2.300,1.5005,-0.0000,0.0002,2.1000,10.7074,0
2.317,1.5005,-0.0000,0.0002,2.1000,10.7074,0
2.333,1.5005,-0.0000,0.0002,2.1000,10.7074,0
2.350,1.5005,-0.0000,0.0002,2.1000,10.7074,0
2.367,1.5005,-0.0000,0.0002,2.1000,10.7074,0
2.383,1.5005,-0.0000,0.0002,2.1000,10.7074,0
2.400,1.5005,-0.0000,0.0002,2.1000,10.7074,0
2.417,1.5005,-0.0000,0.0002,2.1000,10.7074,0
2.433,1.5005,-0.0000,0.0002,2.1000,10.7074,0
2.450,1.5005,0.0000,0.0002,2.1000,10.7074,0
2.467,1.5005,-0.0000,0.0002,2.1000,10.7074,0
2.483,1.5005,-0.0000,0.0002,2.1000,10.7074,0
2.500,1.5005,-0.0000,0.0002,2.1000,10.7074,0
2.517,1.5006,0.0000,0.0002,2.1000,10.7074,0
2.533,1.5006,-0.0000,0.0002,2.1000,10.7074,0
2.550,1.5006,0.0000,0.0002,2.1000,10.7074,0
2.567,1.5006,-0.0000,0.0002,2.1000,10.7074,0
2.583,1.5006,0.0000,0.0002,2.1000,10.7074,0
2.600,1.5006,-0.0000,0.0002,2.1000,10.7074,0
2.617,1.5006,-0.0000,0.0002,2.1000,10.7074,0
2.633,1.5006,-0.0000,0.0002,2.1000,10.7074,0
2.650,1.5006,-0.0000,0.0002,2.1000,10.7074,0
2.667,1.5006,-0.0000,0.0002,2.1000,10.7074,0
2.683,1.5006,-0.0000,0.0002,2.1000,10.7074,0
2.700,1.5006,-0.0000,0.0002,2.1000,10.7074,0
2.717,1.5006,-0.0000,0.0003,2.1000,10.7074,0
2.733,1.5006,-0.0000,0.0002,2.1000,10.7074,0
2.750,1.5006,-0.0000,0.0002,2.1000,10.7074,0
2.767,1.5006,-0.0000,0.0002,2.1000,10.7073,0
2.783,1.5006,-0.0000,0.0002,2.1000,10.7073,0
2.800,1.5006,-0.0000,0.0002,2.1000,10.7073,0
2.817,1.5006,-0.0000,0.0002,2.1000,10.7073,0
2.833,1.5006,-0.0000,0.0002,2.1000,10.7073,0
2.850,1.5006,0.0000,0.0002,2.1000,10.7073,0
2.867,1.5006,-0.0000,0.0002,2.1000,10.7073,0
2.883,1.5006,-0.0000,0.0002,2.1000,10.7073,0
2.900,1.5006,-0.0000,0.0002,2.1000,10.7073,0
2.917,1.5006,0.0000,0.0002,2.1000,10.7073,0
2.933,1.5006,-0.0000,0.0002,2.1000,10.7073,0
2.950,1.5006,0.0000,0.0002,2.1000,10.7073,0
2.967,1.5006,-0.0000,0.0002,2.1000,10.7073,0
2.983,1.5007,0.0000,0.0002,2.1000,10.7073,0
3.000,1.5007,-0.0000,0.0002,2.1000,10.7073,0
3.017,1.5007,0.0000,0.0002,2.1000,10.7073,0
3.033,1.5007,-0.0000,0.0002,2.1000,10.7073,0
3.050,1.5007,0.0000,0.0002,2.1000,10.7073,0
3.067,1.5007,-0.0000,0.0002,2.1000,10.7073,0
3.083,1.5007,0.0000,0.0002,2.1000,10.7073,0
3.100,1.5007,-0.0000,0.0002,2.1000,10.7073,0
3.117,1.5007,0.0000,0.0002,2.1000,10.7073,0
3.133,1.5007,-0.0000,0.0002,2.1000,10.7073,0
3.150,1.5007,0.0000,0.0002,2.1000,10.7073,0
3.167,1.5007,-0.0000,0.0002,2.1000,10.7073,0
3.183,1.5007,-0.0000,0.0002,2.1000,10.7073,0
3.200,1.5007,-0.0000,0.0002,2.1000,10.7073,0
3.217,1.5007,0.0000,0.0002,2.1000,10.7073,0
3.233,1.5007,-0.0000,0.0002,2.1000,10.7072,0
3.250,1.5007,-0.0000,0.0002,2.1000,10.7072,0
3.267,1.5007,-0.0000,0.0002,2.1000,10.7072,0
3.283,1.5007,-0.0000,0.0002,2.1000,10.7072,0
3.300,1.5007,-0.0000,0.0002,2.1000,10.7072,0
3.317,1.5007,-0.0000,0.0002,2.1000,10.7072,0
3.333,1.5007,-0.0000,0.0002,2.1000,10.7072,0
3.350,1.5007,-0.0000,0.0002,2.1000,10.7072,0
3.367,1.5007,-0.0000,0.0002,2.1000,10.7072,0
3.383,1.5007,-0.0000,0.0002,2.1000,10.7072,0
3.400,1.5007,-0.0000,0.0002,2.1000,10.7072,0
3.417,1.5007,0.0000,0.0002,2.1000,10.7072,0
3.433,1.5007,-0.0000,0.0002,2.1000,10.7072,0
3.450,1.5008,-0.0000,0.0002,2.1000,10.7072,0
3.467,1.5008,-0.0000,0.0002,2.1000,10.7072,0
3.483,1.5008,-0.0000,0.0002,2.1000,10.7072,0
3.500,1.5008,-0.0000,0.0002,2.1000,10.7072,0
3.517,1.5008,-0.0000,0.0002,2.1000,10.7072,0
3.533,1.5008,-0.0000,0.0002,2.1000,10.7072,0
3.550,1.5008,-0.0000,0.0002,2.1000,10.7072,0
3.567,1.5008,-0.0000,0.0002,2.1000,10.7072,0
3.583,1.5008,-0.0000,0.0002,2.1000,10.7072,0
3.600,1.5008,-0.0000,0.0002,2.1000,10.7072,0
3.617,1.5008,-0.0000,0.0002,2.1000,10.7072,0
3.633,1.5008,-0.0000,0.0002,2.1000,10.7072,0
3.650,1.5008,-0.0000,0.0002,2.1000,10.7072,0
3.667,1.5008,-0.0000,0.0002,2.1000,10.7072,0
3.683,1.5008,-0.0000,0.0002,2.1000,10.7072,0
3.700,1.5008,-0.0000,0.0002,2.1000,10.7071,0
3.717,1.5008,-0.0000,0.0002,2.1000,10.7071,0
3.733,1.5008,-0.0000,0.0002,2.1000,10.7071,0
3.750,1.5008,-0.0000,0.0002,2.1000,10.7071,0
3.767,1.5008,0.0000,0.0002,2.1000,10.7071,0
3.783,1.5008,-0.0000,0.0002,2.1000,10.7071,0
3.800,1.5008,-0.0000,0.0002,2.1000,10.7071,0
3.817,1.5008,-0.0000,0.0002,2.1000,10.7071,0
3.833,1.5008,-0.0000,0.0002,2.1000,10.7071,0
3.850,1.5008,-0.0000,0.0002,2.1000,10.7071,0
3.867,1.5008,-0.0000,0.0002,2.1000,10.7071,0
3.883,1.5008,-0.0000,0.0002,2.1000,10.7071,0
3.900,1.5009,-0.0000,0.0002,2.1000,10.7071,0
3.917,1.5009,-0.0000,0.0002,2.1000,10.7071,0
3.933,1.5009,0.0000,0.0002,2.1000,10.7071,0
3.950,1.5009,-0.0000,0.0002,2.1000,10.7071,0
3.967,1.5009,-0.0000,0.0002,2.1000,10.7071,0
3.983,1.5009,-0.0000,0.0002,2.1000,10.7071,0
4.000,1.5009,0.0000,0.0002,2.1000,10.7071,0
4.017,1.5009,-0.0000,0.0002,2.1000,10.7071,0
4.033,1.5009,0.0000,0.0002,2.1000,10.7071,0
4.050,1.5009,-0.0000,0.0002,2.1000,10.7071,0
4.067,1.5009,-0.0000,0.0002,2.1000,10.7071,0
4.083,1.5009,0.0000,0.0002,2.1000,10.7071,0
4.100,1.5009,-0.0000,0.0002,2.1000,10.7071,0
4.117,1.5009,-0.0000,0.0002,2.1000,10.7071,0
4.133,1.5009,-0.0000,0.0002,2.1000,10.7071,0
4.150,1.5009,-0.0000,0.0002,2.1000,10.7071,0
4.167,1.5009,-0.0000,0.0002,2.1000,10.7070,0
4.183,1.5009,0.0000,0.0002,2.1000,10.7070,0
4.200,1.5009,-0.0000,0.0002,2.1000,10.7070,0
4.217,1.5009,-0.0000,0.0002,2.1000,10.7070,0
4.233,1.5009,-0.0000,0.0002,2.1000,10.7070,0
4.250,1.5009,0.0000,0.0002,2.1000,10.7070,0
4.267,1.5009,-0.0000,0.0002,2.1000,10.7070,0
4.283,1.5009,-0.0000,0.0002,2.1000,10.7070,0
4.300,1.5009,-0.0000,0.0002,2.1000,10.7070,0
4.317,1.5009,0.0000,0.0002,2.1000,10.7070,0
4.333,1.5009,-0.0000,0.0002,2.1000,10.7070,0
4.350,1.5009,0.0000,0.0002,2.1000,10.7070,0
4.367,1.5010,-0.0000,0.0002,2.1000,10.7070,0
4.383,1.5010,0.0000,0.0002,2.1000,10.7070,0
4.400,1.5010,-0.0000,0.0002,2.1000,10.7070,0
4.417,1.5010,0.0000,0.0002,2.1000,10.7070,0
4.433,1.5010,-0.0000,0.0002,2.1000,10.7070,0
4.450,1.5010,0.0000,0.0002,2.1000,10.7070,0
4.467,1.5010,-0.0000,0.0002,2.1000,10.7070,0
4.483,1.5010,0.0000,0.0002,2.1000,10.7070,0
4.500,1.5010,-0.0000,0.0002,2.1000,10.7070,0
4.517,1.5010,0.0000,0.0002,2.1000,10.7070,0
4.533,1.5010,-0.0000,0.0002,2.1000,10.7070,0
4.550,1.5010,0.0000,0.0002,2.1000,10.7070,0
4.567,1.5010,-0.0000,0.0002,2.1000,10.7070,0
4.583,1.5010,0.0000,0.0002,2.1000,10.7070,0
4.600,1.5010,-0.0000,0.0002,2.1000,10.7070,0
4.617,1.5010,0.0000,0.0002,2.1000,10.7070,0
4.633,1.5010,-0.0000,0.0002,2.1000,10.7070,0
4.650,1.5010,0.0000,0.0002,2.1000,10.7069,0
4.667,1.5010,-0.0000,0.0002,2.1000,10.7069,0
4.683,1.5010,-0.0000,0.0002,2.1000,10.7069,0
4.700,1.5010,-0.0000,0.0002,2.1000,10.7069,0
4.717,1.5010,-0.0000,0.0002,2.1000,10.7069,0
4.733,1.5010,-0.0000,0.0002,2.1000,10.7069,0
4.750,1.5010,-0.0000,0.0002,2.1000,10.7069,0
4.767,1.5010,-0.0000,0.0002,2.1000,10.7069,0
4.783,1.5010,-0.0000,0.0002,2.1000,10.7069,0
4.800,1.5010,-0.0000,0.0002,2.1000,10.7069,0
4.817,1.5011,-0.0000,0.0002,2.1000,10.7069,0
4.833,1.5011,-0.0000,0.0002,2.1000,10.7069,0
4.850,1.5011,0.0000,0.0002,2.1000,10.7069,0
4.867,1.5011,-0.0000,0.0002,2.1000,10.7069,0
4.883,1.5011,0.0000,0.0002,2.1000,10.7069,0
4.900,1.5011,-0.0000,0.0002,2.1000,10.7069,0
4.917,1.5011,0.0000,0.0002,2.1000,10.7069,0
4.933,1.5011,-0.0000,0.0002,2.1000,10.7069,0
4.950,1.5011,0.0000,0.0002,2.1000,10.7069,0
4.967,1.5011,-0.0000,0.0002,2.1000,10.7069,0
4.983,1.5011,0.0000,0.0002,2.1000,10.7069,0
5.000,1.5011,-0.0000,0.0002,2.1000,10.7069,0
5.017,1.5011,0.0000,0.0002,2.1000,10.7069,0
5.033,1.5011,-0.0000,0.0002,2.1000,10.7069,0
5.050,1.5011,0.0000,0.0002,2.1000,10.7069,0
5.067,1.5011,-0.0000,0.0002,2.1000,10.7069,0
5.083,1.5011,0.0000,0.0002,2.1000,10.7069,0
5.100,1.5011,-0.0000,0.0002,2.1000,10.7069,0
5.117,1.5011,0.0000,0.0002,2.1000,10.7068,0
5.133,1.5011,-0.0000,0.0002,2.1000,10.7068,0
5.150,1.5011,0.0000,0.0002,2.1000,10.7068,0
5.167,1.5011,-0.0000,0.0002,2.1000,10.7068,0
5.183,1.5011,0.0000,0.0002,2.1000,10.7068,0
5.200,1.5011,-0.0000,0.0002,2.1000,10.7068,0
5.217,1.5011,0.0000,0.0002,2.1000,10.7068,0
5.233,1.5011,-0.0000,0.0002,2.1000,10.7068,0
5.250,1.5011,-0.0000,0.0002,2.1000,10.7068,0
5.267,1.5011,-0.0000,0.0002,2.1000,10.7068,0
5.283,1.5012,0.0000,0.0002,2.1000,10.7068,0
5.300,1.5012,-0.0000,0.0002,2.1000,10.7068,0
5.317,1.5012,-0.0000,0.0002,2.1000,10.7068,0
5.333,1.5012,-0.0000,0.0002,2.1000,10.7068,0
5.350,1.5012,-0.0000,0.0002,2.1000,10.7068,0
5.367,1.5012,-0.0000,0.0002,2.1000,10.7068,0
5.383,1.5012,-0.0000,0.0002,2.1000,10.7068,0
5.400,1.5012,-0.0000,0.0002,2.1000,10.7068,0
5.417,1.5012,-0.0000,0.0002,2.1000,10.7068,0
5.433,1.5012,-0.0000,0.0002,2.1000,10.7068,0
5.450,1.5012,-0.0000,0.0002,2.1000,10.7068,0
5.467,1.5012,-0.0000,0.0002,2.1000,10.7068,0
5.483,1.5012,0.0000,0.0002,2.1000,10.7068,0
5.500,1.5012,-0.0000,0.0002,2.1000,10.7068,0
5.517,1.5012,-0.0000,0.0002,2.1000,10.7068,0
5.533,1.5012,-0.0000,0.0002,2.1000,10.7068,0
5.550,1.5012,-0.0000,0.0002,2.1000,10.7068,0
5.567,1.5012,-0.0000,0.0002,2.1000,10.7068,0
5.583,1.5012,-0.0000,0.0002,2.1000,10.7067,0
5.600,1.5012,-0.0000,0.0002,2.1000,10.7067,0
5.617,1.5012,-0.0000,0.0002,2.1000,10.7067,0
5.633,1.5012,0.0000,0.0002,2.1000,10.7067,0
5.650,1.5012,-0.0000,0.0002,2.1000,10.7067,0
5.667,1.5012,-0.0000,0.0002,2.1000,10.7067,0
5.683,1.5012,0.0000,0.0002,2.1000,10.7067,0
5.700,1.5012,0.0000,0.0002,2.1000,10.7067,0
5.717,1.5012,-0.0000,0.0002,2.1000,10.7067,0
5.733,1.5012,0.0000,0.0002,2.1000,10.7067,0
5.750,1.5013,-0.0000,0.0002,2.1000,10.7067,0
5.767,1.5013,0.0000,0.0002,2.1000,10.7067,0
5.783,1.5013,-0.0000,0.0002,2.1000,10.7067,0
5.800,1.5013,-0.0000,0.0002,2.1000,10.7067,0
5.817,1.5013,0.0000,0.0002,2.1000,10.7067,0
5.833,1.5013,-0.0000,0.0002,2.1000,10.7067,0
5.850,1.5013,0.0000,0.0002,2.1000,10.7067,0
5.867,1.5013,-0.0000,0.0002,2.1000,10.7067,0
5.883,1.5013,0.0000,0.0002,2.1000,10.7067,0
5.900,1.5013,-0.0000,0.0002,2.1000,10.7067,0
5.917,1.5013,0.0000,0.0002,2.1000,10.7067,0
5.933,1.5013,-0.0000,0.0002,2.1000,10.7067,0
5.950,1.5013,0.0000,0.0002,2.1000,10.7067,0
5.967,1.5013,-0.0000,0.0002,2.1000,10.7067,0
5.983,1.5013,0.0000,0.0002,2.1000,10.7067,0
6.000,1.5013,-0.0000,0.0002,2.1000,10.7067,0
6.017,1.5013,0.0000,0.0002,2.1000,10.7067,0
6.033,1.5013,-0.0000,0.0002,2.1000,10.7067,0
6.050,1.5013,-0.0000,0.0002,2.1000,10.7066,0
6.067,1.5013,-0.0000,0.0002,2.1000,10.7066,0
6.083,1.5013,-0.0000,0.0002,2.1000,10.7066,0
6.100,1.5013,-0.0000,0.0003,2.1000,10.7066,0
6.117,1.5013,-0.0000,0.0002,2.1000,10.7066,0
6.133,1.5013,0.0000,0.0002,2.1000,10.7066,0
6.150,1.5013,-0.0000,0.0002,2.1000,10.7066,0
6.167,1.5013,-0.0000,0.0002,2.1000,10.7066,0
6.183,1.5013,0.0000,0.0002,2.1000,10.7066,0
6.200,1.5014,-0.0000,0.0002,2.1000,10.7066,0
6.217,1.5014,0.0000,0.0002,2.1000,10.7066,0
6.233,1.5014,-0.0000,0.0002,2.1000,10.7066,0
6.250,1.5014,0.0000,0.0002,2.1000,10.7066,0
6.267,1.5014,-0.0000,0.0002,2.1000,10.7066,0
6.283,1.5014,0.0000,0.0002,2.1000,10.7066,0
6.300,1.5014,-0.0000,0.0002,2.1000,10.7066,0
6.317,1.5014,0.0000,0.0002,2.1000,10.7066,0
6.333,1.5014,-0.0000,0.0002,2.1000,10.7066,0
6.350,1.5014,-0.0000,0.0002,2.1000,10.7066,0
6.367,1.5014,-0.0000,0.0002,2.1000,10.7066,0
6.383,1.5014,0.0000,0.0002,2.1000,10.7066,0
6.400,1.5014,-0.0000,0.0002,2.1000,10.7066,0
6.417,1.5014,0.0000,0.0002,2.1000,10.7066,0
6.433,1.5014,-0.0000,0.0002,2.1000,10.7066,0
6.450,1.5014,-0.0000,0.0002,2.1000,10.7066,0
6.467,1.5014,-0.0000,0.0002,2.1000,10.7066,0
6.483,1.5014,-0.0000,0.0002,2.1000,10.7066,0
6.500,1.5014,0.0000,0.0002,2.1000,10.7066,0
6.517,1.5014,-0.0000,0.0002,2.1000,10.7065,0
6.533,1.5014,-0.0000,0.0002,2.1000,10.7065,0
6.550,1.5014,-0.0000,0.0002,2.1000,10.7065,0
6.567,1.5014,0.0000,0.0002,2.1000,10.7065,0
6.583,1.5014,-0.0000,0.0002,2.1000,10.7065,0
6.600,1.5014,-0.0000,0.0002,2.1000,10.7065,0
6.617,1.5014,0.0000,0.0002,2.1000,10.7065,0
6.633,1.5014,0.0000,0.0002,2.1000,10.7065,0
6.650,1.5014,-0.0000,0.0002,2.1000,10.7065,0
6.667,1.5015,-0.0000,0.0002,2.1000,10.7065,0
6.683,1.5015,-0.0000,0.0002,2.1000,10.7065,0
6.700,1.5015,-0.0000,0.0002,2.1000,10.7065,0
6.717,1.5015,-0.0000,0.0002,2.1000,10.7065,0
6.733,1.5015,-0.0000,0.0002,2.1000,10.7065,0
6.750,1.5015,-0.0000,0.0002,2.1000,10.7065,0
6.767,1.5015,-0.0000,0.0002,2.1000,10.7065,0
6.783,1.5015,0.0000,0.0002,2.1000,10.7065,0
6.800,1.5015,-0.0000,0.0002,2.1000,10.7065,0
6.817,1.5015,-0.0000,0.0002,2.1000,10.7065,0
6.833,1.5015,0.0000,0.0002,2.1000,10.7065,0
6.850,1.5015,-0.0000,0.0002,2.1000,10.7065,0
6.867,1.5015,-0.0000,0.0002,2.1000,10.7065,0
6.883,1.5015,-0.0000,0.0002,2.1000,10.7065,0
6.900,1.5015,-0.0000,0.0002,2.1000,10.7065,0
6.917,1.5015,-0.0000,0.0002,2.1000,10.7065,0
6.933,1.5015,-0.0000,0.0002,2.1000,10.7065,0
6.950,1.5015,-0.0000,0.0002,2.1000,10.7065,0
6.967,1.5015,-0.0000,0.0002,2.1000,10.7065,0
6.983,1.5015,-0.0000,0.0002,2.1000,10.7065,0
7.000,1.5015,-0.0000,0.0002,2.1000,10.7064,0
7.017,1.5015,-0.0000,0.0002,2.1000,10.7064,0
7.033,1.5015,-0.0000,0.0002,2.1000,10.7064,0
7.050,1.5015,-0.0000,0.0002,2.1000,10.7064,0
7.067,1.5015,-0.0000,0.0002,2.1000,10.7064,0
7.083,1.5015,-0.0000,0.0002,2.1000,10.7064,0
7.100,1.5015,0.0000,0.0002,2.1000,10.7064,0
7.117,1.5015,-0.0000,0.0002,2.1000,10.7064,0
7.133,1.5016,-0.0000,0.0002,2.1000,10.7064,0
7.150,1.5016,-0.0000,0.0002,2.1000,10.7064,0
7.167,1.5016,-0.0000,0.0002,2.1000,10.7064,0
7.183,1.5016,-0.0000,0.0002,2.1000,10.7064,0
7.200,1.5016,-0.0000,0.0002,2.1000,10.7064,0
7.217,1.5016,-0.0000,0.0002,2.1000,10.7064,0
7.233,1.5016,-0.0000,0.0002,2.1000,10.7064,0
7.250,1.5016,0.0000,0.0002,2.1000,10.7064,0
7.267,1.5016,-0.0000,0.0002,2.1000,10.7064,0
7.283,1.5016,-0.0000,0.0002,2.1000,10.7064,0
7.300,1.5016,-0.0000,0.0002,2.1000,10.7064,0
7.317,1.5016,-0.0000,0.0002,2.1000,10.7064,0
7.333,1.5016,0.0000,0.0002,2.1000,10.7064,0
7.350,1.5016,-0.0000,0.0002,2.1000,10.7064,0
7.367,1.5016,-0.0000,0.0002,2.1000,10.7064,0
7.383,1.5016,-0.0000,0.0002,2.1000,10.7064,0
7.400,1.5016,-0.0000,0.0002,2.1000,10.7064,0
7.417,1.5016,-0.0000,0.0002,2.1000,10.7064,0
7.433,1.5016,0.0000,0.0002,2.1000,10.7064,0
7.450,1.5016,-0.0000,0.0002,2.1000,10.7064,0
7.467,1.5016,0.0000,0.0002,2.1000,10.7063,0
7.483,1.5016,-0.0000,0.0002,2.1000,10.7063,0
7.500,1.5016,-0.0000,0.0002,2.1000,10.7063,0
7.517,1.5016,0.0000,0.0002,2.1000,10.7063,0
7.533,1.5016,-0.0000,0.0002,2.1000,10.7063,0
7.550,1.5016,-0.0000,0.0002,2.1000,10.7063,0
7.567,1.5016,-0.0000,0.0002,2.1000,10.7063,0
7.583,1.5017,-0.0000,0.0002,2.1000,10.7063,0
7.600,1.5017,-0.0000,0.0002,2.1000,10.7063,0
7.617,1.5017,0.0000,0.0002,2.1000,10.7063,0
7.633,1.5017,0.0000,0.0002,2.1000,10.7063,0
7.650,1.5017,-0.0000,0.0002,2.1000,10.7063,0
7.667,1.5017,0.0000,0.0002,2.1000,10.7063,0
7.683,1.5017,0.0000,0.0002,2.1000,10.7063,0
7.700,1.5017,-0.0000,0.0002,2.1000,10.7063,0
7.717,1.5017,-0.0000,0.0002,2.1000,10.7063,0
7.733,1.5017,-0.0000,0.0002,2.1000,10.7063,0
7.750,1.5017,-0.0000,0.0002,2.1000,10.7063,0
7.767,1.5017,-0.0000,0.0002,2.1000,10.7063,0
7.783,1.5017,-0.0000,0.0002,2.1000,10.7063,0
7.800,1.5017,0.0000,0.0002,2.1000,10.7063,0
7.817,1.5017,-0.0000,0.0002,2.1000,10.7063,0
7.833,1.5017,0.0000,0.0002,2.1000,10.7063,0
7.850,1.5017,-0.0000,0.0002,2.1000,10.7063,0
7.867,1.5017,0.0000,0.0002,2.1000,10.7063,0
7.883,1.5017,-0.0000,0.0002,2.1000,10.7063,0
7.900,1.5017,0.0000,0.0002,2.1000,10.7063,0
7.917,1.5017,-0.0000,0.0002,2.1000,10.7063,0
7.933,1.5017,0.0000,0.0002,2.1000,10.7062,0
7.950,1.5017,-0.0000,0.0002,2.1000,10.7062,0
7.967,1.5017,0.0000,0.0002,2.1000,10.7062,0
7.983,1.5017,-0.0000,0.0002,2.1000,10.7062,0
8.000,1.5017,-0.0000,0.0002,2.1000,10.7062,0
8.017,1.5017,-0.0000,0.0002,2.1000,10.7062,0
8.033,1.5017,-0.0000,0.0002,2.1000,10.7062,0
8.050,1.5018,0.0000,0.0002,2.1000,10.7062,0
8.067,1.5018,-0.0000,0.0002,2.1000,10.7062,0
8.083,1.5018,0.0000,0.0002,2.1000,10.7062,0
8.100,1.5018,-0.0000,0.0003,2.1000,10.7062,0
8.117,1.5018,0.0000,0.0002,2.1000,10.7062,0
8.133,1.5018,-0.0000,0.0002,2.1000,10.7062,0
8.150,1.5018,-0.0000,0.0002,2.1000,10.7062,0
8.167,1.5018,-0.0000,0.0002,2.1000,10.7062,0
8.183,1.5018,-0.0000,0.0002,2.1000,10.7062,0
8.200,1.5018,-0.0000,0.0002,2.1000,10.7062,0
8.217,1.5018,-0.0000,0.0002,2.1000,10.7062,0
8.233,1.5018,-0.0000,0.0002,2.1000,10.7062,0
8.250,1.5018,-0.0000,0.0002,2.1000,10.7062,0
8.267,1.5018,-0.0000,0.0002,2.1000,10.7062,0
8.283,1.5018,0.0000,0.0002,2.1000,10.7062,0
8.300,1.5018,-0.0000,0.0002,2.1000,10.7062,0
8.317,1.5018,-0.0000,0.0002,2.1000,10.7062,0
8.333,1.5018,0.0000,0.0003,2.1000,10.7062,0
8.350,1.5018,-0.0000,0.0002,2.1000,10.7062,0
8.367,1.5018,0.0000,0.0002,2.1000,10.7062,0
8.383,1.5018,-0.0000,0.0002,2.1000,10.7062,0
8.400,1.5018,-0.0000,0.0002,2.1000,10.7061,0
8.417,1.5018,-0.0000,0.0002,2.1000,10.7061,0
8.433,1.5018,-0.0000,0.0002,2.1000,10.7061,0
8.450,1.5018,0.0000,0.0002,2.1000,10.7061,0
8.467,1.5018,-0.0000,0.0002,2.1000,10.7061,0
8.483,1.5018,-0.0000,0.0002,2.1000,10.7061,0
8.500,1.5018,-0.0000,0.0002,2.1000,10.7061,0
8.517,1.5019,-0.0000,0.0002,2.1000,10.7061,0
8.533,1.5019,-0.0000,0.0002,2.1000,10.7061,0
8.550,1.5019,-0.0000,0.0002,2.1000,10.7061,0
8.567,1.5019,-0.0000,0.0002,2.1000,10.7061,0
8.583,1.5019,-0.0000,0.0002,2.1000,10.7061,0
8.600,1.5019,0.0000,0.0002,2.1000,10.7061,0
8.617,1.5019,-0.0000,0.0002,2.1000,10.7061,0
8.633,1.5019,0.0000,0.0002,2.1000,10.7061,0
8.650,1.5019,-0.0000,0.0002,2.1000,10.7061,0
8.667,1.5019,-0.0000,0.0002,2.1000,10.7061,0
8.683,1.5019,-0.0000,0.0002,2.1000,10.7061,0
8.700,1.5019,-0.0000,0.0002,2.1000,10.7061,0
8.717,1.5019,-0.0000,0.0002,2.1000,10.7061,0
8.733,1.5019,-0.0000,0.0002,2.1000,10.7061,0
8.750,1.5019,-0.0000,0.0002,2.1000,10.7061,0
8.767,1.5019,-0.0000,0.0002,2.1000,10.7061,0
8.783,1.5019,-0.0000,0.0002,2.1000,10.7061,0
8.800,1.5019,-0.0000,0.0002,2.1000,10.7061,0
8.817,1.5019,-0.0000,0.0002,2.1000,10.7061,0
8.833,1.5019,-0.0000,0.0002,2.1000,10.7061,0
8.850,1.5019,-0.0000,0.0002,2.1000,10.7061,0
8.867,1.5019,-0.0000,0.0002,2.1000,10.7060,0
8.883,1.5019,-0.0000,0.0002,2.1000,10.7060,0
8.900,1.5019,-0.0000,0.0002,2.1000,10.7060,0
8.917,1.5019,-0.0000,0.0002,2.1000,10.7060,0
8.933,1.5019,-0.0000,0.0002,2.1000,10.7060,0
8.950,1.5019,-0.0000,0.0002,2.1000,10.7060,0
8.967,1.5020,-0.0000,0.0002,2.1000,10.7060,0
8.983,1.5020,-0.0000,0.0002,2.1000,10.7060,0
9.000,1.5020,-0.0000,0.0002,2.1000,10.7060,0
9.017,1.5020,-0.0000,0.0002,2.1000,10.7060,0
9.033,1.5020,-0.0000,0.0002,2.1000,10.7060,0
9.050,1.5020,-0.0000,0.0002,2.1000,10.7060,0
9.067,1.5020,-0.0000,0.0002,2.1000,10.7060,0
9.083,1.5020,-0.0000,0.0002,2.1000,10.7060,0
9.100,1.5020,-0.0000,0.0002,2.1000,10.7060,0
9.117,1.5020,-0.0000,0.0002,2.1000,10.7060,0
9.133,1.5020,-0.0000,0.0002,2.1000,10.7060,0
9.150,1.5020,-0.0000,0.0002,2.1000,10.7060,0
9.167,1.5020,-0.0000,0.0002,2.1000,10.7060,0
9.183,1.5020,-0.0000,0.0002,2.1000,10.7060,0
9.200,1.5020,-0.0000,0.0002,2.1000,10.7060,0
9.217,1.5020,-0.0000,0.0002,2.1000,10.7060,0
9.233,1.5020,-0.0000,0.0002,2.1000,10.7060,0
9.250,1.5020,-0.0000,0.0002,2.1000,10.7060,0
9.267,1.5020,-0.0000,0.0002,2.1000,10.7060,0
9.283,1.5020,-0.0000,0.0002,2.1000,10.7060,0
9.300,1.5020,-0.0000,0.0002,2.1000,10.7060,0
9.317,1.5020,-0.0000,0.0002,2.1000,10.7060,0
9.333,1.5020,-0.0000,0.0002,2.1000,10.7060,0
9.350,1.5020,-0.0000,0.0002,2.1000,10.7059,0
9.367,1.5020,-0.0000,0.0002,2.1000,10.7059,0
9.383,1.5020,-0.0000,0.0002,2.1000,10.7059,0
9.400,1.5020,-0.0000,0.0002,2.1000,10.7059,0
9.417,1.5020,-0.0000,0.0002,2.1000,10.7059,0
9.433,1.5021,-0.0000,0.0002,2.1000,10.7059,0
9.450,1.5021,-0.0000,0.0002,2.1000,10.7059,0
9.467,1.5021,-0.0000,0.0002,2.1000,10.7059,0
9.483,1.5021,-0.0000,0.0002,2.1000,10.7059,0
9.500,1.5021,-0.0000,0.0002,2.1000,10.7059,0
9.517,1.5021,-0.0000,0.0002,2.1000,10.7059,0
9.533,1.5021,-0.0000,0.0002,2.1000,10.7059,0
9.550,1.5021,-0.0000,0.0002,2.1000,10.7059,0
9.567,1.5021,-0.0000,0.0002,2.1000,10.7059,0
9.583,1.5021,-0.0000,0.0002,2.1000,10.7059,0
9.600,1.5021,-0.0000,0.0002,2.1000,10.7059,0
9.617,1.5021,-0.0000,0.0002,2.1000,10.7059,0
9.633,1.5021,-0.0000,0.0002,2.1000,10.7059,0
9.650,1.5021,-0.0000,0.0002,2.1000,10.7059,0
9.667,1.5021,-0.0000,0.0002,2.1000,10.7059,0
9.683,1.5021,-0.0000,0.0002,2.1000,10.7059,0
9.700,1.5021,-0.0000,0.0002,2.1000,10.7059,0
9.717,1.5021,-0.0000,0.0002,2.1000,10.7059,0
9.733,1.5021,-0.0000,0.0002,2.1000,10.7059,0
9.750,1.5021,-0.0000,0.0002,2.1000,10.7059,0
9.767,1.5021,-0.0000,0.0002,2.1000,10.7059,0
9.783,1.5021,-0.0000,0.0002,2.1000,10.7059,0
9.800,1.5021,-0.0000,0.0002,2.1000,10.7059,0
9.817,1.5021,-0.0000,0.0002,2.1000,10.7058,0
9.833,1.5021,-0.0000,0.0002,2.1000,10.7058,0
9.850,1.5021,-0.0000,0.0002,2.1000,10.7058,0
9.867,1.5021,-0.0000,0.0002,2.1000,10.7058,0
9.883,1.5021,-0.0000,0.0002,2.1000,10.7058,0
9.900,1.5022,-0.0000,0.0002,2.1000,10.7058,0
9.917,1.5022,-0.0000,0.0002,2.1000,10.7058,0
9.933,1.5022,-0.0000,0.0002,2.1000,10.7058,0
9.950,1.5022,-0.0000,0.0002,2.1000,10.7058,0
9.967,1.5022,-0.0000,0.0002,2.1000,10.7058,0
9.983,1.5022,-0.0000,0.0002,2.1000,10.7058,0
10.000,1.5022,-0.0000,0.0002,2.1000,10.7058,0
10.017,1.5022,-0.0000,0.0002,2.1000,10.7058,0
10.033,1.5022,-0.0000,0.0002,2.1000,10.7058,0
10.050,1.5022,-0.0000,0.0002,2.1000,10.7058,0
10.067,1.5022,-0.0000,0.0002,2.1000,10.7058,0
10.083,1.5022,-0.0000,0.0002,2.1000,10.7058,0
10.100,1.5022,-0.0000,0.0002,2.1000,10.7058,0
10.117,1.5022,-0.0000,0.0002,2.1000,10.7058,0
10.133,1.5022,-0.0000,0.0002,2.1000,10.7058,0
10.150,1.5022,-0.0000,0.0002,2.1000,10.7058,0
10.167,1.5022,-0.0000,0.0002,2.1000,10.7058,0
10.183,1.5022,-0.0000,0.0002,2.1000,10.7058,0
10.200,1.5022,-0.0000,0.0002,2.1000,10.7058,0
10.217,1.5022,-0.0000,0.0002,2.1000,10.7058,0
10.233,1.5022,-0.0000,0.0002,2.1000,10.7058,0
10.250,1.5022,-0.0000,0.0003,2.1000,10.7058,0
10.267,1.5022,-0.0000,0.0002,2.1000,10.7058,0
10.283,1.5022,-0.0000,0.0002,2.1000,10.7057,0
10.300,1.5022,-0.0000,0.0002,2.1000,10.7057,0
10.317,1.5029,-0.0000,0.0423,2.1000,10.7051,0
10.333,1.5044,-0.0000,0.0874,2.1000,10.7036,0
10.350,1.5066,0.0000,0.1313,2.1000,10.7015,0
10.367,1.5094,0.0001,0.1712,2.1000,10.6987,0
10.383,1.5127,0.0001,0.1979,2.1000,10.6954,0
10.400,1.5162,0.0001,0.2080,2.1000,10.6920,0
10.417,1.5197,0.0001,0.2101,2.1000,10.6886,0
10.433,1.5232,0.0001,0.2106,2.1000,10.6851,0
10.450,1.5267,0.0001,0.2107,2.1000,10.6817,0
10.467,1.5302,0.0002,0.2107,2.1000,10.6783,0
10.483,1.5338,0.0002,0.2107,2.1000,10.6748,0
10.500,1.5373,0.0002,0.2108,2.1000,10.6714,0
10.517,1.5408,0.0002,0.2108,2.1000,10.6679,0
10.533,1.5443,0.0002,0.2108,2.1000,10.6645,0
10.550,1.5485,0.0002,0.2495,2.1000,10.6604,0
10.567,1.5534,0.0002,0.2981,2.1000,10.6555,0
10.583,1.5591,0.0001,0.3419,2.1000,10.6500,0
10.600,1.5656,0.0001,0.3878,2.1000,10.6436,0
10.617,1.5727,0.0000,0.4299,2.1000,10.6366,0
10.633,1.5805,-0.0000,0.4666,2.1000,10.6290,0
10.650,1.5886,-0.0001,0.4870,2.1000,10.6210,0
10.667,1.5969,-0.0001,0.4969,2.1000,10.6129,0
10.683,1.6053,-0.0001,0.4999,2.1000,10.6048,0
10.700,1.6136,-0.0001,0.5007,2.1000,10.5966,0
10.717,1.6219,-0.0001,0.5008,2.1000,10.5884,0
10.733,1.6301,-0.0001,0.4881,2.1000,10.5804,0
10.750,1.6380,-0.0001,0.4774,2.1000,10.5726,0
10.767,1.6460,-0.0001,0.4751,2.1000,10.5649,0
10.783,1.6539,-0.0001,0.4746,2.1000,10.5571,0
10.800,1.6620,-0.0001,0.4873,2.1000,10.5492,0
10.817,1.6703,-0.0001,0.4980,2.1000,10.5410,0
10.833,1.6786,-0.0000,0.5002,2.1000,10.5329,0
10.850,1.6868,-0.0000,0.4879,2.1000,10.5249,0
10.867,1.6947,-0.0000,0.4771,2.1000,10.5171,0
10.883,1.7026,0.0000,0.4749,2.1000,10.5093,0
10.900,1.7107,0.0000,0.4871,2.1000,10.5014,0
10.917,1.7190,0.0001,0.4975,2.1000,10.4932,0
10.933,1.7274,0.0001,0.4998,2.1000,10.4851,0
10.950,1.7357,0.0001,0.5002,2.1000,10.4769,0
10.967,1.7440,0.0001,0.5002,2.1000,10.4687,0
10.983,1.7524,0.0002,0.5002,2.1000,10.4606,0
11.000,1.7607,0.0002,0.5001,2.1000,10.4524,0
11.017,1.7690,0.0002,0.5000,2.1000,10.4442,0
11.033,1.7774,0.0002,0.4999,2.1000,10.4361,0
11.050,1.7857,0.0003,0.4999,2.1000,10.4279,0
11.067,1.7938,0.0003,0.4870,2.1000,10.4199,0
11.083,1.8018,0.0003,0.4765,2.1000,10.4121,0
11.100,1.8099,0.0003,0.4868,2.1000,10.4042,0
11.117,1.8182,0.0004,0.4970,2.1000,10.3961,0
11.133,1.8265,0.0004,0.4991,2.1000,10.3879,0
11.150,1.8348,0.0004,0.4995,2.1000,10.3798,0
11.167,1.8431,0.0004,0.4995,2.1000,10.3716,0
11.183,1.8514,0.0005,0.4996,2.1000,10.3635,0
11.200,1.8598,0.0005,0.4996,2.1000,10.3553,0
11.217,1.8681,0.0005,0.4996,2.1000,10.3471,0
11.233,1.8764,0.0005,0.4996,2.1000,10.3390,0
11.250,1.8848,0.0005,0.4997,2.1000,10.3308,0
11.267,1.8929,0.0005,0.4870,2.1000,10.3229,0
11.283,1.9008,0.0005,0.4763,2.1000,10.3151,0
11.300,1.9087,0.0005,0.4741,2.1000,10.3074,0
11.317,1.9168,0.0005,0.4865,2.1000,10.2994,0
11.333,1.9251,0.0005,0.4970,2.1000,10.2913,0
11.350,1.9334,0.0005,0.4995,2.1000,10.2832,0
11.367,1.9418,0.0005,0.5000,2.1000,10.2750,0
11.383,1.9499,0.0005,0.4875,2.1000,10.2671,0
11.400,1.9578,0.0005,0.4768,2.1000,10.2593,0
11.417,1.9657,0.0005,0.4745,2.1000,10.2516,0
11.433,1.9739,0.0004,0.4870,2.1000,10.2436,0
11.450,1.9822,0.0004,0.4976,2.1000,10.2355,0
11.467,1.9905,0.0003,0.4999,2.1000,10.2274,0
11.483,1.9988,0.0003,0.5004,2.1000,10.2192,0
11.500,2.0072,0.0002,0.5006,2.1000,10.2111,0
11.517,2.0155,0.0001,0.5007,2.1000,10.2029,0
11.533,2.0239,0.0001,0.5007,2.1000,10.1948,0
11.550,2.0322,-0.0000,0.5007,2.1000,10.1866,0
11.567,2.0405,-0.0001,0.5008,2.1000,10.1785,0
11.583,2.0489,-0.0002,0.5009,2.1000,10.1703,0
11.600,2.0572,-0.0002,0.5009,2.1000,10.1622,0
11.617,2.0654,-0.0003,0.4881,2.1000,10.1542,0
11.633,2.0733,-0.0004,0.4773,2.1000,10.1464,0
11.650,2.0813,-0.0005,0.4750,2.1000,10.1387,0
11.667,2.0894,-0.0006,0.4873,2.1000,10.1308,0
11.683,2.0977,-0.0007,0.4980,2.1000,10.1227,0
11.700,2.1060,-0.0008,0.5001,2.1000,10.1146,0
11.717,2.1143,-0.0009,0.5005,2.1000,10.1064,0
11.733,2.1227,-0.0010,0.5005,2.1000,10.0983,0
11.750,2.1310,-0.0010,0.5005,2.1000,10.0901,0
11.767,2.1394,-0.0011,0.5005,2.1000,10.0820,0
11.783,2.1477,-0.0012,0.5004,2.1000,10.0739,0
11.800,2.1558,-0.0013,0.4875,2.1000,10.0659,0
11.817,2.1638,-0.0014,0.4767,2.1000,10.0582,0
11.833,2.1717,-0.0015,0.4744,2.1000,10.0505,0
11.850,2.1798,-0.0016,0.4866,2.1000,10.0426,0
11.867,2.1881,-0.0017,0.4970,2.1000,10.0345,0
11.883,2.1964,-0.0018,0.4994,2.1000,10.0264,0
11.900,2.2047,-0.0019,0.4998,2.1000,10.0182,0
11.917,2.2131,-0.0020,0.4998,2.1000,10.0101,0
11.933,2.2214,-0.0021,0.4998,2.1000,10.0020,0
11.950,2.2297,-0.0021,0.4998,2.1000,9.9939,0
11.967,2.2380,-0.0022,0.4997,2.1000,9.9857,0
11.983,2.2464,-0.0023,0.4997,2.1000,9.9776,0
12.000,2.2547,-0.0024,0.4997,2.1000,9.9695,0
12.017,2.2630,-0.0025,0.4997,2.1000,9.9614,0
12.033,2.2714,-0.0026,0.4997,2.1000,9.9533,0
12.050,2.2797,-0.0027,0.4997,2.1000,9.9451,0
12.067,2.2880,-0.0028,0.4998,2.1000,9.9370,0
12.083,2.2964,-0.0028,0.4998,2.1000,9.9289,0
12.100,2.3047,-0.0029,0.4999,2.1000,9.9208,0
12.117,2.3130,-0.0030,0.5002,2.1000,9.9126,0
12.133,2.3214,-0.0031,0.5003,2.1000,9.9045,0
12.150,2.3297,-0.0032,0.5004,2.1000,9.8964,0
12.167,2.3380,-0.0032,0.5004,2.1000,9.8882,0
12.183,2.3464,-0.0033,0.5006,2.1000,9.8801,0
12.200,2.3547,-0.0034,0.5007,2.1000,9.8720,0
12.217,2.3631,-0.0035,0.5007,2.1000,9.8638,0
12.233,2.3712,-0.0035,0.4881,2.1000,9.8559,0
12.250,2.3792,-0.0036,0.4770,2.1000,9.8481,0
12.267,2.3873,-0.0037,0.4880,2.1000,9.8402,0
12.283,2.3956,-0.0037,0.4980,2.1000,9.8321,0
12.300,2.4039,-0.0038,0.5001,2.1000,9.8240,0
12.317,2.4123,-0.0039,0.5009,2.1000,9.8158,0
12.333,2.4206,-0.0039,0.5009,2.1000,9.8077,0
12.350,2.4290,-0.0040,0.5009,2.1000,9.7996,0
12.367,2.4373,-0.0040,0.5010,2.1000,9.7914,0
12.383,2.4457,-0.0041,0.5010,2.1000,9.7833,0
12.400,2.4538,-0.0041,0.4882,2.1000,9.7753,0
12.417,2.4618,-0.0042,0.4775,2.1000,9.7676,0
12.433,2.4697,-0.0042,0.4752,2.1000,9.7599,0
12.450,2.4778,-0.0043,0.4874,2.1000,9.7519,0
12.467,2.4861,-0.0043,0.4979,2.1000,9.7438,0
12.483,2.4944,-0.0043,0.5003,2.1000,9.7357,0
12.500,2.5028,-0.0044,0.5007,2.1000,9.7276,0
12.517,2.5109,-0.0044,0.4880,2.1000,9.7196,0
12.533,2.5189,-0.0044,0.4771,2.1000,9.7119,0
12.550,2.5268,-0.0044,0.4749,2.1000,9.7041,0
12.567,2.5349,-0.0044,0.4870,2.1000,9.6962,0
12.583,2.5432,-0.0044,0.4979,2.1000,9.6881,0
12.600,2.5515,-0.0044,0.5000,2.1000,9.6800,0
12.617,2.5599,-0.0045,0.5002,2.1000,9.6719,0
12.633,2.5682,-0.0044,0.5002,2.1000,9.6637,0
12.650,2.5765,-0.0044,0.5001,2.1000,9.6556,0
12.667,2.5849,-0.0044,0.5001,2.1000,9.6474,0
12.683,2.5932,-0.0044,0.4999,2.1000,9.6393,0
12.700,2.6015,-0.0043,0.4999,2.1000,9.6312,0
12.717,2.6099,-0.0043,0.4998,2.1000,9.6230,0
12.733,2.6180,-0.0042,0.4870,2.1000,9.6151,0
12.750,2.6259,-0.0041,0.4762,2.1000,9.6073,0
12.767,2.6340,-0.0041,0.4867,2.1000,9.5994,0
12.783,2.6423,-0.0040,0.4970,2.1000,9.5913,0
12.800,2.6506,-0.0039,0.4991,2.1000,9.5832,0
12.817,2.6590,-0.0038,0.4995,2.1000,9.5750,0
12.833,2.6673,-0.0038,0.4996,2.1000,9.5669,0
12.850,2.6756,-0.0037,0.4996,2.1000,9.5587,0
12.867,2.6839,-0.0036,0.4996,2.1000,9.5506,0
12.883,2.6923,-0.0035,0.4997,2.1000,9.5425,0
12.900,2.7006,-0.0034,0.4997,2.1000,9.5343,0
12.917,2.7089,-0.0033,0.4998,2.1000,9.5262,0
12.933,2.7173,-0.0032,0.4999,2.1000,9.5180,0
12.950,2.7256,-0.0031,0.4999,2.1000,9.5099,0
12.967,2.7339,-0.0030,0.5000,2.1000,9.5017,0
12.983,2.7423,-0.0029,0.5001,2.1000,9.4936,0
13.000,2.7506,-0.0028,0.5001,2.1000,9.4854,0
13.017,2.7587,-0.0027,0.4875,2.1000,9.4775,0
13.033,2.7667,-0.0026,0.4769,2.1000,9.4697,0
13.050,2.7746,-0.0025,0.4746,2.1000,9.4620,0
13.067,2.7827,-0.0024,0.4869,2.1000,9.4541,0
13.083,2.7910,-0.0023,0.4976,2.1000,9.4459,0
13.100,2.7993,-0.0022,0.5000,2.1000,9.4378,0
13.117,2.8077,-0.0021,0.5005,2.1000,9.4296,0
13.133,2.8160,-0.0020,0.5007,2.1000,9.4215,0
13.150,2.8241,-0.0019,0.4880,2.1000,9.4135,0
13.167,2.8323,-0.0018,0.4900,2.1000,9.4056,0
13.183,2.8406,-0.0017,0.4985,2.1000,9.3974,0
13.200,2.8489,-0.0016,0.5003,2.1000,9.3893,0
13.217,2.8573,-0.0015,0.5007,2.1000,9.3811,0
13.233,2.8654,-0.0014,0.4880,2.1000,9.3732,0
13.250,2.8734,-0.0013,0.4773,2.1000,9.3654,0
13.267,2.8813,-0.0012,0.4750,2.1000,9.3577,0
13.283,2.8892,-0.0011,0.4745,2.1000,9.3499,0
13.300,2.8973,-0.0010,0.4871,2.1000,9.3420,0
13.317,2.9056,-0.0009,0.4977,2.1000,9.3339,0
13.333,2.9139,-0.0008,0.5000,2.1000,9.3258,0
13.350,2.9223,-0.0007,0.5004,2.1000,9.3176,0
13.367,2.9306,-0.0006,0.5004,2.1000,9.3095,0
13.383,2.9390,-0.0006,0.5004,2.1000,9.3013,0
13.400,2.9473,-0.0005,0.5005,2.1000,9.2932,0
13.417,2.9556,-0.0004,0.5007,2.1000,9.2850,0
13.433,2.9638,-0.0003,0.4876,2.1000,9.2771,0
13.450,2.9717,-0.0002,0.4772,2.1000,9.2693,0
13.467,2.9796,-0.0001,0.4745,2.1000,9.2616,0
13.483,2.9877,-0.0000,0.4868,2.1000,9.2537,0
13.500,2.9960,0.0001,0.4972,2.1000,9.2456,0
13.517,3.0044,0.0002,0.4991,2.1000,9.2375,0
13.533,3.0127,0.0002,0.5001,2.1000,9.2293,0
13.550,3.0210,0.0003,0.4998,2.1000,9.2212,0
13.567,3.0293,0.0004,0.5000,2.1000,9.2131,0
13.583,3.0377,0.0005,0.4997,2.1000,9.2050,0
13.600,3.0460,0.0005,0.4996,2.1000,9.1968,0
13.617,3.0543,0.0006,0.4996,2.1000,9.1887,0
13.633,3.0627,0.0007,0.4995,2.1000,9.1806,0
13.650,3.0710,0.0007,0.4996,2.1000,9.1725,0
13.667,3.0793,0.0008,0.4995,2.1000,9.1644,0
13.683,3.0876,0.0009,0.4996,2.1000,9.1562,0
13.700,3.0960,0.0009,0.4996,2.1000,9.1481,0
13.717,3.1043,0.0010,0.4996,2.1000,9.1400,0
13.733,3.1126,0.0010,0.4997,2.1000,9.1319,0
13.750,3.1209,0.0011,0.4997,2.1000,9.1238,0
13.767,3.1293,0.0011,0.4998,2.1000,9.1157,0
13.783,3.1376,0.0011,0.4999,2.1000,9.1075,0
13.800,3.1459,0.0012,0.4999,2.1000,9.0994,0
13.817,3.1543,0.0012,0.5000,2.1000,9.0913,0
13.833,3.1626,0.0012,0.5001,2.1000,9.0832,0
13.850,3.1709,0.0012,0.5002,2.1000,9.0751,0
13.867,3.1793,0.0013,0.5002,2.1000,9.0670,0
13.883,3.1876,0.0013,0.5003,2.1000,9.0589,0
13.900,3.1960,0.0013,0.5004,2.1000,9.0507,0
13.917,3.2041,0.0013,0.4877,2.1000,9.0428,0
13.933,3.2120,0.0013,0.4770,2.1000,9.0351,0
13.950,3.2202,0.0013,0.4875,2.1000,9.0272,0
13.967,3.2284,0.0013,0.4976,2.1000,9.0191,0
13.983,3.2368,0.0013,0.5000,2.1000,9.0110,0
14.000,3.2451,0.0013,0.5005,2.1000,9.0029,0
14.017,3.2535,0.0013,0.5007,2.1000,8.9948,0
14.033,3.2618,0.0012,0.5007,2.1000,8.9867,0
14.050,3.2702,0.0012,0.5007,2.1000,8.9786,0
14.067,3.2785,0.0012,0.5007,2.1000,8.9705,0
14.083,3.2868,0.0011,0.5007,2.1000,8.9624,0
14.100,3.2952,0.0011,0.5006,2.1000,8.9543,0
14.117,3.3035,0.0010,0.5006,2.1000,8.9462,0
14.133,3.3119,0.0010,0.5006,2.1000,8.9381,0
14.150,3.3202,0.0009,0.5005,2.1000,8.9300,0
14.167,3.3286,0.0009,0.5003,2.1000,8.9219,0
14.183,3.3369,0.0008,0.5004,2.1000,8.9138,0
14.200,3.3452,0.0008,0.5003,2.1000,8.9057,0
14.217,3.3536,0.0007,0.5001,2.1000,8.8976,0
14.233,3.3617,0.0006,0.4874,2.1000,8.8898,0
14.250,3.3696,0.0005,0.4767,2.1000,8.8821,0
14.267,3.3775,0.0005,0.4745,2.1000,8.8744,0
14.283,3.3856,0.0004,0.4860,2.1000,8.8665,0
14.300,3.3939,0.0003,0.4961,2.1000,8.8585,0
14.317,3.4022,0.0002,0.4991,2.1000,8.8505,0
14.333,3.4106,0.0001,0.4995,2.1000,8.8424,0
14.350,3.4189,0.0000,0.4997,2.1000,8.8343,0
14.367,3.4272,-0.0000,0.4998,2.1000,8.8263,0
14.383,3.4355,-0.0001,0.4998,2.1000,8.8182,0
14.400,3.4439,-0.0002,0.4997,2.1000,8.8101,0
14.417,3.4522,-0.0003,0.4997,2.1000,8.8021,0
14.433,3.4605,-0.0005,0.4997,2.1000,8.7940,0
14.450,3.4688,-0.0006,0.4996,2.1000,8.7859,0
14.467,3.4772,-0.0007,0.4996,2.1000,8.7779,0
14.483,3.4855,-0.0008,0.4996,2.1000,8.7698,0
14.500,3.4938,-0.0009,0.4997,2.1000,8.7618,0
14.517,3.5022,-0.0010,0.4997,2.1000,8.7537,0
14.533,3.5105,-0.0011,0.4996,2.1000,8.7457,0
14.550,3.5186,-0.0013,0.4869,2.1000,8.7378,0
14.567,3.5267,-0.0014,0.4891,2.1000,8.7299,0
14.583,3.5350,-0.0015,0.4975,2.1000,8.7219,0
14.600,3.5434,-0.0016,0.4994,2.1000,8.7139,0
14.617,3.5517,-0.0018,0.4998,2.1000,8.7058,0
14.633,3.5600,-0.0019,0.5000,2.1000,8.6978,0
14.650,3.5684,-0.0021,0.5000,2.1000,8.6897,0
14.667,3.5767,-0.0022,0.5001,2.1000,8.6817,0
14.683,3.5850,-0.0023,0.5003,2.1000,8.6736,0
14.700,3.5934,-0.0025,0.5003,2.1000,8.6656,0
14.717,3.6017,-0.0026,0.5004,2.1000,8.6575,0
14.733,3.6098,-0.0028,0.4877,2.1000,8.6497,0
14.750,3.6178,-0.0029,0.4770,2.1000,8.6420,0
14.767,3.6257,-0.0031,0.4748,2.1000,8.6344,0
14.783,3.6338,-0.0032,0.4871,2.1000,8.6265,0
14.800,3.6421,-0.0034,0.4976,2.1000,8.6185,0
14.817,3.6504,-0.0035,0.5001,2.1000,8.6105,0
14.833,3.6588,-0.0037,0.5006,2.1000,8.6024,0
14.850,3.6671,-0.0038,0.5008,2.1000,8.5944,0
14.867,3.6755,-0.0040,0.5008,2.1000,8.5863,0
14.883,3.6838,-0.0042,0.5009,2.1000,8.5783,0
14.900,3.6922,-0.0043,0.5009,2.1000,8.5702,0
14.917,3.7005,-0.0045,0.5008,2.1000,8.5622,0
14.933,3.7088,-0.0047,0.5008,2.1000,8.5541,0
14.950,3.7170,-0.0048,0.4881,2.1000,8.5463,0
14.967,3.7249,-0.0050,0.4773,2.1000,8.5386,0
14.983,3.7331,-0.0051,0.4874,2.1000,8.5308,0
15.000,3.7413,-0.0053,0.4976,2.1000,8.5228,0
15.017,3.7497,-0.0055,0.5000,2.1000,8.5147,0
15.033,3.7580,-0.0056,0.5004,2.1000,8.5067,0
15.050,3.7664,-0.0058,0.5005,2.1000,8.4987,0
15.067,3.7747,-0.0060,0.5004,2.1000,8.4906,0
15.083,3.7830,-0.0061,0.5004,2.1000,8.4826,0
15.100,3.7914,-0.0063,0.5003,2.1000,8.4746,0
15.117,3.7997,-0.0065,0.5002,2.1000,8.4665,0
15.133,3.8080,-0.0066,0.5001,2.1000,8.4585,0
15.150,3.8162,-0.0068,0.4873,2.1000,8.4507,0
15.167,3.8241,-0.0069,0.4765,2.1000,8.4430,0
15.183,3.8322,-0.0071,0.4868,2.1000,8.4352,0
15.200,3.8405,-0.0073,0.4971,2.1000,8.4272,0
15.217,3.8488,-0.0074,0.4992,2.1000,8.4192,0
15.233,3.8569,-0.0076,0.4870,2.1000,8.4114,0
15.250,3.8649,-0.0077,0.4762,2.1000,8.4038,0
15.267,3.8728,-0.0079,0.4741,2.1000,8.3961,0
15.283,3.8809,-0.0081,0.4862,2.1000,8.3883,0
15.300,3.8891,-0.0082,0.4970,2.1000,8.3804,0
15.317,3.8975,-0.0084,0.4990,2.1000,8.3724,0
15.333,3.9058,-0.0086,0.4995,2.1000,8.3644,0
15.350,3.9141,-0.0087,0.4997,2.1000,8.3563,0
15.367,3.9224,-0.0089,0.4997,2.1000,8.3483,0
15.383,3.9308,-0.0091,0.4997,2.1000,8.3403,0
15.400,3.9391,-0.0093,0.4998,2.1000,8.3323,0
15.417,3.9474,-0.0094,0.4999,2.1000,8.3243,0
15.433,3.9557,-0.0096,0.4999,2.1000,8.3163,0
15.450,3.9639,-0.0098,0.4872,2.1000,8.3085,0
15.467,3.9718,-0.0099,0.4766,2.1000,8.3008,0
15.483,3.9797,-0.0101,0.4744,2.1000,8.2932,0
15.500,3.9876,-0.0103,0.4740,2.1000,8.2856,0
15.517,3.9957,-0.0104,0.4866,2.1000,8.2778,0
15.533,4.0040,-0.0106,0.4975,2.1000,8.2699,0
15.550,4.0123,-0.0108,0.4998,2.1000,8.2619,0
15.567,4.0207,-0.0110,0.5003,2.1000,8.2538,0
15.583,4.0290,-0.0112,0.5005,2.1000,8.2458,0
15.600,4.0374,-0.0113,0.5006,2.1000,8.2378,0
15.617,4.0457,-0.0115,0.5006,2.1000,8.2298,0
15.633,4.0540,-0.0117,0.5007,2.1000,8.2218,0
15.650,4.0622,-0.0119,0.4880,2.1000,8.2140,0
15.667,4.0701,-0.0121,0.4773,2.1000,8.2063,0
15.683,4.0783,-0.0122,0.4878,2.1000,8.1985,0
15.700,4.0866,-0.0124,0.4981,2.1000,8.1905,0
15.717,4.0949,-0.0126,0.5004,2.1000,8.1825,0
15.733,4.1032,-0.0128,0.5008,2.1000,8.1745,0
15.750,4.1116,-0.0130,0.5009,2.1000,8.1665,0
15.767,4.1199,-0.0132,0.5009,2.1000,8.1585,0
15.783,4.1283,-0.0134,0.5009,2.1000,8.1505,0
15.800,4.1366,-0.0135,0.5009,2.1000,8.1425,0
15.817,4.1450,-0.0137,0.5008,2.1000,8.1345,0
15.833,4.1533,-0.0139,0.5007,2.1000,8.1265,0
15.850,4.1614,-0.0141,0.4878,2.1000,8.1187,0
15.867,4.1694,-0.0143,0.4771,2.1000,8.1110,0
15.883,4.1773,-0.0144,0.4747,2.1000,8.1034,0
15.900,4.1854,-0.0146,0.4868,2.1000,8.0957,0
15.917,4.1937,-0.0148,0.4973,2.1000,8.0877,0
15.933,4.2020,-0.0150,0.4996,2.1000,8.0797,0
15.950,4.2101,-0.0152,0.4875,2.1000,8.0719,0
15.967,4.2181,-0.0155,0.4768,2.1000,8.0643,0
15.983,4.2260,-0.0157,0.4739,2.1000,8.0568,0
16.000,4.2341,-0.0159,0.4859,2.1000,8.0490,0
16.017,4.2423,-0.0161,0.4951,2.1000,8.0411,0
16.033,4.2506,-0.0164,0.4983,2.1000,8.0332,0
16.050,4.2589,-0.0166,0.5000,2.1000,8.0252,0
16.067,4.2673,-0.0168,0.4999,2.1000,8.0172,0
16.083,4.2756,-0.0171,0.5000,2.1000,8.0093,0
16.100,4.2839,-0.0173,0.5000,2.1000,8.0013,0
16.117,4.2923,-0.0175,0.4999,2.1000,7.9933,0
16.133,4.3006,-0.0178,0.5000,2.1000,7.9853,0
16.150,4.3087,-0.0180,0.4875,2.1000,7.9776,0
16.167,4.3167,-0.0182,0.4773,2.1000,7.9700,0
16.183,4.3246,-0.0184,0.4749,2.1000,7.9624,0
16.200,4.3325,-0.0187,0.4744,2.1000,7.9548,0
16.217,4.3404,-0.0189,0.4745,2.1000,7.9473,0
16.233,4.3485,-0.0191,0.4863,2.1000,7.9395,0
16.250,4.3568,-0.0193,0.4963,2.1000,7.9316,0
16.267,4.3651,-0.0195,0.4984,2.1000,7.9237,0
16.283,4.3734,-0.0197,0.4998,2.1000,7.9157,0
16.300,4.3817,-0.0199,0.5007,2.1000,7.9077,0
16.317,4.3901,-0.0201,0.4998,2.1000,7.8997,0
16.333,4.3984,-0.0203,0.5000,2.1000,7.8918,0
16.350,4.4065,-0.0205,0.4873,2.1000,7.8840,0
16.367,4.4145,-0.0206,0.4774,2.1000,7.8764,0
16.383,4.4224,-0.0208,0.4747,2.1000,7.8688,0
16.400,4.4305,-0.0210,0.4864,2.1000,7.8610,0
16.417,4.4388,-0.0211,0.4965,2.1000,7.8531,0
16.433,4.4471,-0.0213,0.4995,2.1000,7.8452,0
16.450,4.4554,-0.0214,0.5006,2.1000,7.8372,0
16.467,4.4638,-0.0215,0.5012,2.1000,7.8292,0
16.483,4.4721,-0.0217,0.5008,2.1000,7.8212,0
16.500,4.4805,-0.0218,0.5003,2.1000,7.8132,0
16.517,4.4888,-0.0219,0.5002,2.1000,7.8052,0
16.533,4.4971,-0.0220,0.5001,2.1000,7.7972,0
16.550,4.5055,-0.0221,0.5005,2.1000,7.7892,0
16.567,4.5136,-0.0222,0.4875,2.1000,7.7814,0
16.583,4.5216,-0.0223,0.4777,2.1000,7.7737,0
16.600,4.5295,-0.0223,0.4752,2.1000,7.7661,0
16.617,4.5376,-0.0224,0.4874,2.1000,7.7583,0
16.633,4.5459,-0.0224,0.4970,2.1000,7.7504,0
16.650,4.5542,-0.0224,0.4999,2.1000,7.7424,0
16.667,4.5625,-0.0225,0.5004,2.1000,7.7344,0
16.683,4.5709,-0.0225,0.5005,2.1000,7.7264,0
16.700,4.5792,-0.0225,0.5005,2.1000,7.7183,0
16.717,4.5876,-0.0225,0.5004,2.1000,7.7103,0
16.733,4.5959,-0.0225,0.5003,2.1000,7.7023,0
16.750,4.6042,-0.0225,0.5003,2.1000,7.6943,0
16.767,4.6124,-0.0225,0.4873,2.1000,7.6865,0
16.783,4.6203,-0.0225,0.4770,2.1000,7.6788,0
16.800,4.6282,-0.0225,0.4744,2.1000,7.6712,0
16.817,4.6363,-0.0224,0.4865,2.1000,7.6634,0
16.833,4.6446,-0.0224,0.4971,2.1000,7.6555,0
16.850,4.6529,-0.0224,0.4993,2.1000,7.6475,0
16.867,4.6613,-0.0223,0.4996,2.1000,7.6395,0
16.883,4.6696,-0.0223,0.4997,2.1000,7.6314,0
16.900,4.6779,-0.0222,0.4997,2.1000,7.6234,0
16.917,4.6863,-0.0222,0.4998,2.1000,7.6154,0
16.933,4.6946,-0.0221,0.4996,2.1000,7.6074,0
16.950,4.7027,-0.0221,0.4869,2.1000,7.5996,0
16.967,4.7106,-0.0220,0.4762,2.1000,7.5920,0
16.983,4.7185,-0.0220,0.4739,2.1000,7.5844,0
17.000,4.7264,-0.0219,0.4735,2.1000,7.5768,0
17.017,4.7345,-0.0218,0.4858,2.1000,7.5690,0
17.033,4.7428,-0.0218,0.4959,2.1000,7.5610,0
17.050,4.7511,-0.0217,0.4990,2.1000,7.5530,0
17.067,4.7594,-0.0216,0.4998,2.1000,7.5450,0
17.083,4.7678,-0.0215,0.5000,2.1000,7.5370,0
17.100,4.7761,-0.0215,0.5000,2.1000,7.5290,0
17.117,4.7844,-0.0214,0.5002,2.1000,7.5209,0
17.133,4.7928,-0.0213,0.5001,2.1000,7.5129,0
17.150,4.8011,-0.0212,0.5003,2.1000,7.5049,0
17.167,4.8094,-0.0211,0.5003,2.1000,7.4969,0
17.183,4.8176,-0.0210,0.4877,2.1000,7.4890,0
17.200,4.8255,-0.0209,0.4770,2.1000,7.4814,0
17.217,4.8334,-0.0208,0.4748,2.1000,7.4738,0
17.233,4.8415,-0.0206,0.4871,2.1000,7.4660,0
17.250,4.8498,-0.0205,0.4978,2.1000,7.4580,0
17.267,4.8582,-0.0204,0.5001,2.1000,7.4500,0
17.283,4.8665,-0.0203,0.5006,2.1000,7.4419,0
17.300,4.8749,-0.0202,0.5007,2.1000,7.4339,0
17.317,4.8832,-0.0201,0.5008,2.1000,7.4259,0
17.333,4.8916,-0.0199,0.5008,2.1000,7.4178,0
17.350,4.8999,-0.0198,0.5009,2.1000,7.4098,0
17.367,4.9082,-0.0197,0.5008,2.1000,7.4018,0
17.383,4.9166,-0.0196,0.5009,2.1000,7.3937,0
17.400,4.9247,-0.0194,0.4880,2.1000,7.3859,0
17.417,4.9327,-0.0193,0.4773,2.1000,7.3782,0
17.433,4.9408,-0.0192,0.4877,2.1000,7.3704,0
17.450,4.9491,-0.0191,0.4980,2.1000,7.3624,0
17.467,4.9574,-0.0189,0.5002,2.1000,7.3544,0
17.483,4.9656,-0.0188,0.4878,2.1000,7.3466,0
17.500,4.9735,-0.0187,0.4772,2.1000,7.3390,0
17.517,4.9816,-0.0186,0.4875,2.1000,7.3311,0
17.533,4.9899,-0.0184,0.4976,2.1000,7.3232,0
17.550,4.9983,-0.0183,0.4998,2.1000,7.3152,0
17.567,5.0066,-0.0182,0.5001,2.1000,7.3071,0
17.583,5.0149,-0.0180,0.5001,2.1000,7.2991,0
17.600,5.0233,-0.0179,0.5001,2.1000,7.2911,0
17.617,5.0316,-0.0178,0.4999,2.1000,7.2831,0
17.633,5.0399,-0.0176,0.5003,2.1000,7.2751,0
17.650,5.0483,-0.0175,0.4999,2.1000,7.2671,0
17.667,5.0566,-0.0174,0.5002,2.1000,7.2591,0
17.683,5.0647,-0.0173,0.4871,2.1000,7.2513,0
17.700,5.0729,-0.0171,0.4887,2.1000,7.2434,0
17.717,5.0812,-0.0170,0.4971,2.1000,7.2355,0
17.733,5.0895,-0.0169,0.4988,2.1000,7.2275,0
17.750,5.0978,-0.0168,0.4994,2.1000,7.2195,0
17.767,5.1061,-0.0167,0.4995,2.1000,7.2115,0
17.783,5.1144,-0.0165,0.4996,2.1000,7.2035,0
17.800,5.1228,-0.0164,0.4995,2.1000,7.1955,0
17.817,5.1311,-0.0163,0.4996,2.1000,7.1875,0
17.833,5.1394,-0.0162,0.4997,2.1000,7.1796,0
17.850,5.1477,-0.0161,0.4997,2.1000,7.1716,0
17.867,5.1561,-0.0160,0.4997,2.1000,7.1636,0
17.883,5.1644,-0.0159,0.4998,2.1000,7.1556,0
17.900,5.1725,-0.0158,0.4871,2.1000,7.1478,0
17.917,5.1805,-0.0157,0.4765,2.1000,7.1402,0
17.933,5.1886,-0.0156,0.4870,2.1000,7.1324,0
17.950,5.1969,-0.0156,0.4972,2.1000,7.1245,0
17.967,5.2052,-0.0155,0.4995,2.1000,7.1165,0
17.983,5.2133,-0.0154,0.4873,2.1000,7.1087,0
18.000,5.2213,-0.0153,0.4769,2.1000,7.1011,0
18.017,5.2294,-0.0153,0.4872,2.1000,7.0934,0
18.033,5.2377,-0.0152,0.4976,2.1000,7.0854,0
18.050,5.2460,-0.0152,0.4999,2.1000,7.0775,0
18.067,5.2543,-0.0151,0.5003,2.1000,7.0695,0
18.083,5.2627,-0.0151,0.5005,2.1000,7.0615,0
18.100,5.2710,-0.0150,0.5007,2.1000,7.0535,0
18.117,5.2794,-0.0150,0.5007,2.1000,7.0456,0
18.133,5.2877,-0.0150,0.5007,2.1000,7.0376,0
18.150,5.2961,-0.0149,0.5007,2.1000,7.0296,0
18.167,5.3044,-0.0149,0.5008,2.1000,7.0217,0
18.183,5.3125,-0.0149,0.4880,2.1000,7.0139,0
18.200,5.3205,-0.0149,0.4773,2.1000,7.0063,0
18.217,5.3284,-0.0149,0.4750,2.1000,6.9988,0
18.233,5.3365,-0.0148,0.4870,2.1000,6.9910,0
18.250,5.3448,-0.0148,0.4970,2.1000,6.9831,0
18.267,5.3531,-0.0148,0.4995,2.1000,6.9752,0
18.283,5.3615,-0.0148,0.5004,2.1000,6.9672,0
18.300,5.3698,-0.0148,0.5005,2.1000,6.9593,0
18.317,5.3782,-0.0148,0.5006,2.1000,6.9513,0
18.333,5.3865,-0.0148,0.5005,2.1000,6.9434,0
18.350,5.3948,-0.0148,0.5004,2.1000,6.9354,0
18.367,5.4032,-0.0148,0.5004,2.1000,6.9275,0
18.383,5.4113,-0.0148,0.4875,2.1000,6.9198,0
18.400,5.4193,-0.0148,0.4767,2.1000,6.9122,0
18.417,5.4272,-0.0148,0.4744,2.1000,6.9047,0
18.433,5.4353,-0.0148,0.4863,2.1000,6.8970,0
18.450,5.4435,-0.0148,0.4965,2.1000,6.8891,0
18.467,5.4519,-0.0148,0.4992,2.1000,6.8812,0
18.483,5.4602,-0.0148,0.4998,2.1000,6.8732,0
18.500,5.4685,-0.0148,0.4998,2.1000,6.8653,0
18.517,5.4768,-0.0148,0.4998,2.1000,6.8574,0
18.533,5.4852,-0.0148,0.4997,2.1000,6.8495,0
18.550,5.4935,-0.0148,0.4997,2.1000,6.8416,0
18.567,5.5018,-0.0148,0.4997,2.1000,6.8336,0
18.583,5.5102,-0.0148,0.4996,2.1000,6.8257,0
18.600,5.5183,-0.0149,0.4869,2.1000,6.8180,0
18.617,5.5264,-0.0149,0.4889,2.1000,6.8103,0
18.633,5.5347,-0.0149,0.4974,2.1000,6.8024,0
18.650,5.5430,-0.0149,0.4992,2.1000,6.7945,0
18.667,5.5514,-0.0149,0.4996,2.1000,6.7866,0
18.683,5.5597,-0.0150,0.4997,2.1000,6.7787,0
18.700,5.5680,-0.0150,0.4998,2.1000,6.7708,0
18.717,5.5763,-0.0150,0.4998,2.1000,6.7629,0
18.733,5.5847,-0.0151,0.4999,2.1000,6.7550,0
18.750,5.5930,-0.0151,0.5000,2.1000,6.7471,0
18.767,5.6013,-0.0152,0.5000,2.1000,6.7392,0
18.783,5.6097,-0.0152,0.5001,2.1000,6.7313,0
18.800,5.6180,-0.0153,0.5002,2.1000,6.7234,0
18.817,5.6264,-0.0153,0.5003,2.1000,6.7155,0
18.833,5.6347,-0.0154,0.5004,2.1000,6.7076,0
18.850,5.6430,-0.0154,0.5005,2.1000,6.6997,0
18.867,5.6514,-0.0155,0.5005,2.1000,6.6918,0
18.883,5.6597,-0.0155,0.5006,2.1000,6.6839,0
18.900,5.6681,-0.0156,0.5006,2.1000,6.6760,0
18.917,5.6764,-0.0157,0.5008,2.1000,6.6681,0
18.933,5.6848,-0.0157,0.5008,2.1000,6.6602,0
18.950,5.6931,-0.0158,0.5008,2.1000,6.6523,0
18.967,5.7015,-0.0159,0.5009,2.1000,6.6444,0
18.983,5.7098,-0.0159,0.5010,2.1000,6.6366,0
19.000,5.7181,-0.0160,0.5009,2.1000,6.6287,0
19.017,5.7265,-0.0161,0.5009,2.1000,6.6208,0
19.033,5.7348,-0.0161,0.5010,2.1000,6.6129,0
19.050,5.7432,-0.0162,0.5009,2.1000,6.6050,0
19.067,5.7515,-0.0163,0.5008,2.1000,6.5971,0
19.083,5.7599,-0.0163,0.5008,2.1000,6.5892,0
19.100,5.7682,-0.0164,0.5008,2.1000,6.5813,0
19.117,5.7766,-0.0165,0.5007,2.1000,6.5735,0
19.133,5.7849,-0.0165,0.5007,2.1000,6.5656,0
19.150,5.7933,-0.0166,0.5006,2.1000,6.5577,0
19.167,5.8016,-0.0166,0.5006,2.1000,6.5498,0
19.183,5.8100,-0.0167,0.5005,2.1000,6.5419,0
19.200,5.8183,-0.0167,0.5004,2.1000,6.5341,0
19.217,5.8266,-0.0168,0.5003,2.1000,6.5262,0
19.233,5.8350,-0.0168,0.5003,2.1000,6.5183,0
19.250,5.8433,-0.0169,0.5001,2.1000,6.5105,0
19.267,5.8516,-0.0169,0.5000,2.1000,6.5026,0
19.283,5.8598,-0.0169,0.4872,2.1000,6.4949,0
19.300,5.8677,-0.0169,0.4766,2.1000,6.4874,0
19.317,5.8756,-0.0170,0.4742,2.1000,6.4799,0
19.333,5.8837,-0.0170,0.4864,2.1000,6.4723,0
19.350,5.8920,-0.0170,0.4969,2.1000,6.4645,0
19.367,5.9003,-0.0170,0.4991,2.1000,6.4566,0
19.383,5.9086,-0.0170,0.4996,2.1000,6.4488,0
19.400,5.9170,-0.0170,0.4996,2.1000,6.4409,0
19.417,5.9253,-0.0170,0.4996,2.1000,6.4330,0
19.433,5.9336,-0.0170,0.4997,2.1000,6.4252,0
19.450,5.9419,-0.0170,0.4996,2.1000,6.4173,0
19.467,5.9503,-0.0170,0.4997,2.1000,6.4094,0
19.483,5.9586,-0.0170,0.4997,2.1000,6.4016,0
19.500,5.9669,-0.0170,0.4998,2.1000,6.3937,0
19.517,5.9753,-0.0170,0.4998,2.1000,6.3859,0
19.533,5.9836,-0.0170,0.4999,2.1000,6.3780,0
19.550,5.9919,-0.0170,0.4999,2.1000,6.3701,0
19.567,6.0003,-0.0170,0.5000,2.1000,6.3623,0
19.583,6.0086,-0.0170,0.5001,2.1000,6.3544,0
19.600,6.0169,-0.0170,0.5002,2.1000,6.3465,0
19.617,6.0253,-0.0170,0.5003,2.1000,6.3387,0
19.633,6.0336,-0.0170,0.5004,2.1000,6.3308,0
19.650,6.0420,-0.0169,0.5004,2.1000,6.3230,0
19.667,6.0503,-0.0169,0.5005,2.1000,6.3151,0
19.683,6.0586,-0.0169,0.5005,2.1000,6.3072,0
19.700,6.0670,-0.0169,0.5007,2.1000,6.2994,0
19.717,6.0753,-0.0169,0.5007,2.1000,6.2915,0
19.733,6.0837,-0.0169,0.5007,2.1000,6.2836,0
19.750,6.0920,-0.0169,0.5008,2.1000,6.2758,0
19.767,6.1004,-0.0168,0.5008,2.1000,6.2679,0
19.783,6.1087,-0.0168,0.5009,2.1000,6.2600,0
19.800,6.1171,-0.0168,0.5008,2.1000,6.2522,0
19.817,6.1254,-0.0168,0.5009,2.1000,6.2443,0
19.833,6.1338,-0.0168,0.5008,2.1000,6.2365,0
19.850,6.1421,-0.0167,0.5009,2.1000,6.2286,0
19.867,6.1504,-0.0167,0.5010,2.1000,6.2207,0
19.883,6.1588,-0.0167,0.5008,2.1000,6.2129,0
19.900,6.1669,-0.0166,0.4881,2.1000,6.2052,0
19.917,6.1749,-0.0166,0.4773,2.1000,6.1977,0
19.933,6.1830,-0.0166,0.4876,2.1000,6.1901,0
19.950,6.1913,-0.0166,0.4976,2.1000,6.1823,0
19.967,6.1996,-0.0165,0.4999,2.1000,6.1745,0
19.983,6.2080,-0.0165,0.5004,2.1000,6.1666,0
20.000,6.2163,-0.0164,0.5004,2.1000,6.1588,0
20.017,6.2247,-0.0164,0.5005,2.1000,6.1509,0
20.033,6.2330,-0.0164,0.5003,2.1000,6.1431,0
20.050,6.2413,-0.0163,0.5002,2.1000,6.1352,0
20.067,6.2497,-0.0163,0.5002,2.1000,6.1274,0
20.083,6.2580,-0.0162,0.5002,2.1000,6.1196,0
20.100,6.2661,-0.0162,0.4873,2.1000,6.1119,0
20.117,6.2741,-0.0162,0.4765,2.1000,6.1045,0
20.133,6.2820,-0.0161,0.4743,2.1000,6.0970,0
20.150,6.2901,-0.0161,0.4863,2.1000,6.0894,0
20.167,6.2984,-0.0160,0.4969,2.1000,6.0816,0
20.183,6.3067,-0.0160,0.4992,2.1000,6.0738,0
20.200,6.3150,-0.0159,0.4997,2.1000,6.0660,0
20.217,6.3233,-0.0159,0.4997,2.1000,6.0582,0
20.233,6.3317,-0.0158,0.4997,2.1000,6.0504,0
20.250,6.3400,-0.0158,0.4997,2.1000,6.0425,0
20.267,6.3483,-0.0157,0.4997,2.1000,6.0347,0
20.283,6.3564,-0.0157,0.4869,2.1000,6.0271,0
20.300,6.3644,-0.0156,0.4763,2.1000,6.0196,0
20.317,6.3723,-0.0156,0.4740,2.1000,6.0122,0
20.333,6.3802,-0.0155,0.4736,2.1000,6.0048,0
20.350,6.3883,-0.0154,0.4863,2.1000,5.9972,0
20.367,6.3966,-0.0154,0.4971,2.1000,5.9894,0
20.383,6.4049,-0.0153,0.4993,2.1000,5.9816,0
20.400,6.4130,-0.0153,0.4872,2.1000,5.9740,0
20.417,6.4209,-0.0152,0.4766,2.1000,5.9666,0
20.433,6.4291,-0.0152,0.4871,2.1000,5.9590,0
20.450,6.4374,-0.0151,0.4977,2.1000,5.9512,0
20.467,6.4457,-0.0151,0.4998,2.1000,5.9434,0
20.483,6.4540,-0.0150,0.5003,2.1000,5.9356,0
20.500,6.4621,-0.0149,0.4876,2.1000,5.9280,0
20.517,6.4701,-0.0149,0.4771,2.1000,5.9205,0
20.533,6.4780,-0.0148,0.4748,2.1000,5.9131,0
20.550,6.4861,-0.0148,0.4872,2.1000,5.9055,0
20.567,6.4944,-0.0147,0.4979,2.1000,5.8977,0
20.583,6.5028,-0.0147,0.5001,2.1000,5.8899,0
20.600,6.5111,-0.0146,0.5006,2.1000,5.8821,0
20.617,6.5192,-0.0146,0.4880,2.1000,5.8745,0
20.633,6.5274,-0.0145,0.4902,2.1000,5.8669,0
20.650,6.5357,-0.0145,0.4985,2.1000,5.8591,0
20.667,6.5441,-0.0145,0.5004,2.1000,5.8513,0
20.683,6.5524,-0.0144,0.5006,2.1000,5.8435,0
20.700,6.5608,-0.0144,0.5009,2.1000,5.8357,0
20.717,6.5691,-0.0143,0.5009,2.1000,5.8280,0
20.733,6.5774,-0.0143,0.5007,2.1000,5.8202,0
20.750,6.5858,-0.0142,0.5007,2.1000,5.8124,0
20.767,6.5941,-0.0142,0.5007,2.1000,5.8046,0
20.783,6.6025,-0.0142,0.5006,2.1000,5.7968,0
20.800,6.6106,-0.0141,0.4878,2.1000,5.7892,0
20.817,6.6186,-0.0141,0.4770,2.1000,5.7818,0
20.833,6.6265,-0.0140,0.4746,2.1000,5.7744,0
20.850,6.6346,-0.0140,0.4867,2.1000,5.7669,0
20.867,6.6429,-0.0139,0.4971,2.1000,5.7591,0
20.883,6.6512,-0.0139,0.4994,2.1000,5.7514,0
20.900,6.6595,-0.0138,0.5001,2.1000,5.7436,0
20.917,6.6679,-0.0138,0.5000,2.1000,5.7358,0
20.933,6.6762,-0.0137,0.4999,2.1000,5.7281,0
20.950,6.6845,-0.0137,0.4999,2.1000,5.7203,0
20.967,6.6928,-0.0136,0.4999,2.1000,5.7126,0
20.983,6.7012,-0.0136,0.4999,2.1000,5.7048,0
21.000,6.7095,-0.0136,0.4997,2.1000,5.6971,0
21.017,6.7178,-0.0135,0.4999,2.1000,5.6893,0
21.033,6.7262,-0.0135,0.4997,2.1000,5.6816,0
21.050,6.7345,-0.0135,0.4997,2.1000,5.6738,0
21.067,6.7428,-0.0134,0.4997,2.1000,5.6661,0
21.083,6.7511,-0.0134,0.4996,2.1000,5.6583,0
21.100,6.7595,-0.0133,0.4997,2.1000,5.6506,0
21.117,6.7678,-0.0133,0.4997,2.1000,5.6429,0
21.133,6.7761,-0.0133,0.4996,2.1000,5.6351,0
21.150,6.7845,-0.0133,0.4998,2.1000,5.6274,0
21.167,6.7928,-0.0132,0.4997,2.1000,5.6197,0
21.183,6.8011,-0.0132,0.4998,2.1000,5.6119,0
21.200,6.8095,-0.0132,0.4999,2.1000,5.6042,0
21.217,6.8178,-0.0131,0.5000,2.1000,5.5965,0
21.233,6.8261,-0.0131,0.5001,2.1000,5.5888,0
21.250,6.8345,-0.0131,0.5000,2.1000,5.5810,0
21.267,6.8428,-0.0131,0.5003,2.1000,5.5733,0
21.283,6.8511,-0.0130,0.5003,2.1000,5.5656,0
21.300,6.8595,-0.0130,0.5003,2.1000,5.5579,0
21.317,6.8678,-0.0130,0.5005,2.1000,5.5502,0
21.333,6.8761,-0.0130,0.5005,2.1000,5.5424,0
21.350,6.8845,-0.0130,0.5005,2.1000,5.5347,0
21.367,6.8928,-0.0130,0.5006,2.1000,5.5270,0
21.383,6.9012,-0.0129,0.5005,2.1000,5.5193,0
21.400,6.9095,-0.0129,0.5008,2.1000,5.5116,0
21.417,6.9179,-0.0129,0.5007,2.1000,5.5039,0
21.433,6.9262,-0.0129,0.5008,2.1000,5.4961,0
21.450,6.9346,-0.0129,0.5008,2.1000,5.4884,0
21.467,6.9429,-0.0129,0.5009,2.1000,5.4807,0
21.483,6.9513,-0.0128,0.5009,2.1000,5.4730,0
21.500,6.9596,-0.0128,0.5010,2.1000,5.4653,0
21.517,6.9680,-0.0128,0.5008,2.1000,5.4576,0
21.533,6.9763,-0.0128,0.5008,2.1000,5.4499,0
21.550,6.9846,-0.0128,0.5009,2.1000,5.4422,0
21.567,6.9930,-0.0128,0.5008,2.1000,5.4345,0
21.583,7.0013,-0.0128,0.5008,2.1000,5.4268,0
21.600,7.0097,-0.0128,0.5007,2.1000,5.4191,0
21.617,7.0180,-0.0128,0.5005,2.1000,5.4114,0
21.633,7.0264,-0.0127,0.5006,2.1000,5.4038,0
21.650,7.0347,-0.0127,0.5005,2.1000,5.3961,0
21.667,7.0431,-0.0127,0.5004,2.1000,5.3884,0
21.683,7.0514,-0.0127,0.5003,2.1000,5.3807,0
21.700,7.0597,-0.0127,0.5001,2.1000,5.3731,0
21.717,7.0681,-0.0127,0.5002,2.1000,5.3654,0
21.733,7.0764,-0.0127,0.5000,2.1000,5.3577,0
21.750,7.0847,-0.0126,0.5000,2.1000,5.3501,0
21.767,7.0931,-0.0126,0.4999,2.1000,5.3424,0
21.783,7.1014,-0.0126,0.4998,2.1000,5.3347,0
21.800,7.1097,-0.0126,0.4999,2.1000,5.3271,0
21.817,7.1178,-0.0126,0.4870,2.1000,5.3196,0
21.833,7.1258,-0.0126,0.4763,2.1000,5.3123,0
21.850,7.1339,-0.0125,0.4868,2.1000,5.3049,0
21.867,7.1422,-0.0125,0.4970,2.1000,5.2973,0
21.883,7.1505,-0.0125,0.4991,2.1000,5.2896,0
21.900,7.1588,-0.0125,0.4996,2.1000,5.2820,0
21.917,7.1671,-0.0125,0.4996,2.1000,5.2744,0
21.933,7.1755,-0.0125,0.4997,2.1000,5.2667,0
21.950,7.1838,-0.0124,0.4997,2.1000,5.2591,0
21.967,7.1921,-0.0124,0.4998,2.1000,5.2515,0
21.983,7.2005,-0.0124,0.4998,2.1000,5.2438,0
22.000,7.2088,-0.0124,0.4997,2.1000,5.2362,0
22.017,7.2171,-0.0124,0.4998,2.1000,5.2286,0
22.033,7.2255,-0.0124,0.5000,2.1000,5.2210,0
22.050,7.2338,-0.0123,0.5000,2.1000,5.2133,0
22.067,7.2421,-0.0123,0.5001,2.1000,5.2057,0
22.083,7.2505,-0.0123,0.5003,2.1000,5.1981,0
22.100,7.2588,-0.0123,0.5003,2.1000,5.1905,0
22.117,7.2671,-0.0123,0.5004,2.1000,5.1828,0
22.133,7.2755,-0.0123,0.5004,2.1000,5.1752,0
22.150,7.2838,-0.0123,0.5005,2.1000,5.1676,0
22.167,7.2922,-0.0123,0.5005,2.1000,5.1600,0
22.183,7.3005,-0.0123,0.5007,2.1000,5.1524,0
22.200,7.3089,-0.0123,0.5007,2.1000,5.1448,0
22.217,7.3172,-0.0123,0.5007,2.1000,5.1372,0
22.233,7.3255,-0.0123,0.5008,2.1000,5.1295,0
22.250,7.3339,-0.0123,0.5007,2.1000,5.1219,0
22.267,7.3422,-0.0123,0.5008,2.1000,5.1143,0
22.283,7.3506,-0.0122,0.5009,2.1000,5.1067,0
22.300,7.3589,-0.0122,0.5009,2.1000,5.0991,0
22.317,7.3671,-0.0122,0.4882,2.1000,5.0917,0
22.333,7.3750,-0.0122,0.4774,2.1000,5.0845,0
22.350,7.3832,-0.0122,0.4877,2.1000,5.0771,0
22.367,7.3915,-0.0122,0.4982,2.1000,5.0695,0
22.383,7.3998,-0.0122,0.5002,2.1000,5.0620,0
22.400,7.4081,-0.0122,0.5007,2.1000,5.0544,0
22.417,7.4165,-0.0122,0.5007,2.1000,5.0468,0
22.433,7.4248,-0.0122,0.5006,2.1000,5.0392,0
22.450,7.4332,-0.0122,0.5006,2.1000,5.0316,0
22.467,7.4415,-0.0122,0.5005,2.1000,5.0241,0
22.483,7.4499,-0.0122,0.5004,2.1000,5.0165,0
22.500,7.4582,-0.0122,0.5004,2.1000,5.0089,0
22.517,7.4665,-0.0122,0.5003,2.1000,5.0014,0
22.533,7.4749,-0.0122,0.5001,2.1000,4.9938,0
22.550,7.4832,-0.0121,0.5000,2.1000,4.9862,0
22.567,7.4915,-0.0121,0.5001,2.1000,4.9787,0
22.583,7.4999,-0.0121,0.5000,2.1000,4.9711,0
22.600,7.5082,-0.0121,0.4999,2.1000,4.9636,0
22.617,7.5163,-0.0121,0.4871,2.1000,4.9562,0
22.633,7.5243,-0.0121,0.4763,2.1000,4.9491,0
22.650,7.5322,-0.0121,0.4741,2.1000,4.9419,0
22.667,7.5403,-0.0121,0.4863,2.1000,4.9346,0
22.683,7.5485,-0.0120,0.4966,2.1000,4.9271,0
22.700,7.5569,-0.0120,0.4990,2.1000,4.9196,0
22.717,7.5652,-0.0120,0.4996,2.1000,4.9120,0
22.733,7.5733,-0.0120,0.4869,2.1000,4.9047,0
22.750,7.5812,-0.0120,0.4761,2.1000,4.8976,0
22.767,7.5893,-0.0120,0.4867,2.1000,4.8902,0
22.783,7.5976,-0.0120,0.4968,2.1000,4.8828,0
22.800,7.6059,-0.0120,0.4992,2.1000,4.8753,0
22.817,7.6143,-0.0119,0.4998,2.1000,4.8677,0
22.833,7.6226,-0.0119,0.4998,2.1000,4.8602,0
22.850,7.6309,-0.0119,0.4999,2.1000,4.8527,0
22.867,7.6393,-0.0119,0.5000,2.1000,4.8452,0
22.883,7.6476,-0.0119,0.5001,2.1000,4.8377,0
22.900,7.6557,-0.0119,0.4875,2.1000,4.8304,0
22.917,7.6637,-0.0119,0.4768,2.1000,4.8233,0
22.933,7.6716,-0.0119,0.4746,2.1000,4.8161,0
22.950,7.6797,-0.0119,0.4869,2.1000,4.8088,0
22.967,7.6880,-0.0119,0.4975,2.1000,4.8014,0
22.983,7.6963,-0.0119,0.4998,2.1000,4.7939,0
23.000,7.7047,-0.0119,0.5004,2.1000,4.7864,0
23.017,7.7130,-0.0119,0.5007,2.1000,4.7789,0
23.033,7.7214,-0.0119,0.5006,2.1000,4.7715,0
23.050,7.7297,-0.0119,0.5009,2.1000,4.7640,0
23.067,7.7380,-0.0119,0.5007,2.1000,4.7565,0
23.083,7.7464,-0.0118,0.5008,2.1000,4.7490,0
23.100,7.7547,-0.0118,0.5009,2.1000,4.7415,0
23.117,7.7629,-0.0118,0.4881,2.1000,4.7342,0
23.133,7.7708,-0.0118,0.4774,2.1000,4.7271,0
23.150,7.7787,-0.0118,0.4750,2.1000,4.7200,0
23.167,7.7869,-0.0118,0.4875,2.1000,4.7128,0
23.183,7.7952,-0.0118,0.4978,2.1000,4.7054,0
23.200,7.8035,-0.0118,0.5002,2.1000,4.6979,0
23.217,7.8118,-0.0118,0.5005,2.1000,4.6905,0
23.233,7.8202,-0.0118,0.5007,2.1000,4.6830,0
23.250,7.8285,-0.0118,0.5006,2.1000,4.6756,0
23.267,7.8369,-0.0118,0.5006,2.1000,4.6681,0
23.283,7.8452,-0.0118,0.5005,2.1000,4.6607,0
23.300,7.8536,-0.0118,0.5004,2.1000,4.6532,0
23.317,7.8617,-0.0118,0.4876,2.1000,4.6460,0
23.333,7.8696,-0.0118,0.4768,2.1000,4.6389,0
23.350,7.8778,-0.0118,0.4869,2.1000,4.6317,0
23.367,7.8860,-0.0118,0.4973,2.1000,4.6243,0
23.383,7.8944,-0.0118,0.4994,2.1000,4.6169,0
23.400,7.9027,-0.0118,0.4999,2.1000,4.6095,0
23.417,7.9110,-0.0117,0.4999,2.1000,4.6021,0
23.433,7.9194,-0.0117,0.5000,2.1000,4.5947,0
23.450,7.9277,-0.0117,0.4998,2.1000,4.5873,0
23.467,7.9360,-0.0117,0.4998,2.1000,4.5799,0
23.483,7.9444,-0.0117,0.4998,2.1000,4.5725,0
23.500,7.9527,-0.0117,0.4998,2.1000,4.5651,0
23.517,7.9610,-0.0117,0.4997,2.1000,4.5577,0
23.533,7.9691,-0.0117,0.4869,2.1000,4.5505,0
23.550,7.9771,-0.0116,0.4762,2.1000,4.5435,0
23.567,7.9852,-0.0116,0.4867,2.1000,4.5363,0
23.583,7.9935,-0.0116,0.4968,2.1000,4.5289,0
23.600,8.0016,-0.0116,0.4864,2.0800,4.5125,1
23.617,8.0095,-0.0116,0.4761,2.0600,4.4962,1
23.633,8.0174,-0.0116,0.4740,2.0400,4.4800,1
23.650,8.0253,-0.0116,0.4737,2.0200,4.4638,1
23.667,8.0334,-0.0116,0.4863,2.0000,4.4475,1
23.683,8.0417,-0.0116,0.4970,1.9800,4.4311,1
23.700,8.0500,-0.0116,0.4994,1.9600,4.4147,1
23.717,8.0583,-0.0115,0.5000,1.9400,4.3983,1
23.733,8.0667,-0.0115,0.5001,1.9200,4.3820,1
23.750,8.0750,-0.0115,0.5003,1.9000,4.3657,1
23.767,8.0833,-0.0115,0.5003,1.8800,4.3495,1
23.783,8.0917,-0.0115,0.5005,1.8600,4.3333,1
23.800,8.1000,-0.0115,0.5006,1.8400,4.3172,1
23.817,8.1084,-0.0115,0.5005,1.8200,4.3011,1
23.833,8.1167,-0.0115,0.5006,1.8000,4.2850,1
23.850,8.1251,-0.0115,0.5006,1.7800,4.2690,1
23.867,8.1334,-0.0115,0.5007,1.7600,4.2531,1
23.883,8.1417,-0.0115,0.5007,1.7400,4.2372,1
23.900,8.1501,-0.0115,0.5009,1.7200,4.2214,1
23.917,8.1584,-0.0115,0.5009,1.7000,4.2056,1
23.933,8.1668,-0.0115,0.5009,1.6800,4.1898,1
23.950,8.1751,-0.0115,0.5007,1.6600,4.1741,1
23.967,8.1835,-0.0115,0.5011,1.6400,4.1585,1
23.983,8.1918,-0.0115,0.5009,1.6200,4.1429,1
24.000,8.2002,-0.0115,0.5009,1.6000,4.1274,1
24.017,8.2083,-0.0115,0.4880,1.5800,4.1121,1
24.033,8.2165,-0.0115,0.4901,1.5600,4.0969,1
24.050,8.2248,-0.0115,0.4986,1.5400,4.0816,1
24.067,8.2331,-0.0115,0.5002,1.5200,4.0663,1
24.083,8.2415,-0.0115,0.5006,1.5000,4.0511,1
24.100,8.2498,-0.0115,0.5005,1.4800,4.0359,1
24.117,8.2579,-0.0115,0.4877,1.4600,4.0210,1
24.133,8.2659,-0.0115,0.4769,1.4400,4.0063,1
24.150,8.2738,-0.0114,0.4746,1.4200,3.9917,1
24.167,8.2819,-0.0114,0.4866,1.4000,3.9770,1
24.183,8.2902,-0.0114,0.4973,1.3800,3.9622,1
24.200,8.2985,-0.0114,0.4995,1.3600,3.9474,1
24.217,8.3069,-0.0114,0.5000,1.3400,3.9326,1
24.233,8.3152,-0.0114,0.4999,1.3200,3.9180,1
24.250,8.3235,-0.0114,0.4999,1.3000,3.9034,1
24.267,8.3319,-0.0114,0.4999,1.2800,3.8888,1
24.283,8.3402,-0.0114,0.4999,1.2600,3.8744,1
24.300,8.3485,-0.0114,0.4998,1.2400,3.8599,1
24.317,8.3568,-0.0113,0.4996,1.2200,3.8456,1
24.333,8.3650,-0.0113,0.4871,1.2000,3.8316,1
24.350,8.3729,-0.0113,0.4762,1.1800,3.8177,1
24.367,8.3808,-0.0113,0.4741,1.1600,3.8040,1
24.383,8.3887,-0.0113,0.4734,1.1400,3.7904,1
24.400,8.3968,-0.0113,0.4861,1.1200,3.7766,1
24.417,8.4051,-0.0113,0.4970,1.1000,3.7628,1
24.433,8.4134,-0.0113,0.4991,1.0800,3.7489,1
24.450,8.4217,-0.0113,0.4996,1.0600,3.7352,1
24.467,8.4300,-0.0112,0.4996,1.0400,3.7215,1
24.483,8.4384,-0.0112,0.4998,1.0200,3.7079,1
24.500,8.4467,-0.0112,0.4998,1.0000,3.6944,1
24.517,8.4548,-0.0112,0.4873,0.9800,3.6811,1
24.533,8.4628,-0.0112,0.4768,0.9600,3.6681,1
24.550,8.4707,-0.0112,0.4744,0.9400,3.6553,1
24.567,8.4788,-0.0112,0.4867,0.9200,3.6423,1
24.583,8.4871,-0.0112,0.4975,0.9000,3.6292,1
24.600,8.4954,-0.0112,0.4998,0.8800,3.6161,1
24.617,8.5038,-0.0112,0.5002,0.8600,3.6032,1
24.633,8.5121,-0.0112,0.5005,0.8400,3.5903,1
24.650,8.5204,-0.0112,0.5006,0.8200,3.5775,1
24.667,8.5288,-0.0112,0.5006,0.8000,3.5647,1
24.683,8.5371,-0.0112,0.5007,0.7800,3.5521,1
24.700,8.5455,-0.0112,0.5006,0.7600,3.5396,1
24.717,8.5538,-0.0112,0.5007,0.7400,3.5271,1
24.733,8.5620,-0.0112,0.4881,0.7200,3.5149,1
24.750,8.5699,-0.0112,0.4774,0.7000,3.5030,1
24.767,8.5778,-0.0112,0.4752,0.6800,3.4913,1
24.783,8.5860,-0.0112,0.4874,0.6600,3.4794,1
24.800,8.5943,-0.0112,0.4980,0.6400,3.4674,1
24.817,8.6026,-0.0112,0.5003,0.6200,3.4555,1
24.833,8.6109,-0.0112,0.5008,0.6000,3.4437,1
24.850,8.6193,-0.0112,0.5007,0.5800,3.4320,1
24.867,8.6276,-0.0111,0.5008,0.5600,3.4204,1
24.883,8.6360,-0.0111,0.5007,0.5400,3.4089,1
24.900,8.6443,-0.0111,0.5006,0.5200,3.3975,1
24.917,8.6527,-0.0111,0.5006,0.5000,3.3861,1
24.933,8.6610,-0.0111,0.5006,0.4800,3.3749,1
24.950,8.6691,-0.0111,0.4878,0.4600,3.3640,1
24.967,8.6771,-0.0111,0.4768,0.4400,3.3534,1
24.983,8.6852,-0.0111,0.4872,0.4200,3.3427,1
25.000,8.6935,-0.0111,0.4975,0.4000,3.3320,1
25.017,8.7018,-0.0111,0.4998,0.3800,3.3213,1
25.033,8.7102,-0.0111,0.4999,0.3600,3.3107,1
25.050,8.7185,-0.0111,0.5001,0.3400,3.3002,1
25.067,8.7268,-0.0111,0.5000,0.3200,3.2899,1
25.083,8.7352,-0.0111,0.4998,0.3000,3.2796,1
25.100,8.7435,-0.0111,0.4999,0.2800,3.2695,1
25.117,8.7518,-0.0110,0.4998,0.2600,3.2595,1
25.133,8.7601,-0.0110,0.4998,0.2400,3.2496,1
25.150,8.7685,-0.0110,0.4996,0.2200,3.2398,1
25.167,8.7768,-0.0110,0.4997,0.2000,3.2301,1
25.183,8.7851,-0.0110,0.4996,0.1800,3.2205,1
25.200,8.7935,-0.0110,0.4996,0.1600,3.2111,1
25.217,8.8018,-0.0110,0.4995,0.1400,3.2018,1
25.233,8.8101,-0.0110,0.4996,0.1200,3.1926,1
25.250,8.8184,-0.0110,0.4997,0.1000,3.1835,1
25.267,8.8268,-0.0109,0.4998,0.0800,3.1745,1
25.283,8.8351,-0.0109,0.4998,0.0600,3.1657,1
25.300,8.8434,-0.0109,0.4999,0.0400,3.1570,1
25.317,8.8518,-0.0109,0.4999,0.0200,3.1484,1
25.333,8.8601,-0.0109,0.4999,0.0000,3.1399,1
25.350,8.8682,-0.0109,0.4873,0.0000,3.1318,1
25.367,8.8762,-0.0109,0.4765,0.0000,3.1239,1
25.383,8.8843,-0.0109,0.4872,0.0000,3.1157,1
25.400,8.8925,-0.0108,0.4946,0.0000,3.1075,1
25.417,8.9008,-0.0107,0.4945,0.0000,3.0993,1
25.433,8.9091,-0.0105,0.5011,0.0000,3.0909,1
25.450,8.9175,-0.0103,0.5016,0.0000,3.0826,1
25.467,8.9259,-0.0101,0.5033,0.0000,3.0742,1
25.483,8.9342,-0.0099,0.5039,0.0000,3.0658,1
25.500,8.9427,-0.0097,0.5059,0.0000,3.0573,1
25.517,8.9511,-0.0094,0.5071,0.0000,3.0489,1
25.533,8.9596,-0.0092,0.5062,0.0000,3.0405,1
25.550,8.9679,-0.0090,0.5031,0.0000,3.0321,1
25.567,8.9763,-0.0088,0.5028,0.0000,3.0237,1
25.583,8.9847,-0.0086,0.5044,0.0000,3.0153,1
25.600,8.9931,-0.0084,0.5045,0.0000,3.0069,1
25.617,9.0015,-0.0082,0.5047,0.0000,2.9985,1
25.633,9.0099,-0.0081,0.5042,0.0000,2.9901,1
25.650,9.0183,-0.0079,0.5030,0.0000,2.9817,1
25.667,9.0267,-0.0078,0.5021,0.0000,2.9733,1
25.683,9.0350,-0.0077,0.5007,0.0000,2.9650,1
25.700,9.0434,-0.0076,0.5016,0.0000,2.9566,1
25.717,9.0518,-0.0075,0.5020,0.0000,2.9482,1
25.733,9.0601,-0.0074,0.5015,0.0000,2.9399,1
25.750,9.0685,-0.0074,0.5006,0.0000,2.9315,1
25.767,9.0768,-0.0073,0.5005,0.0000,2.9232,1
25.783,9.0851,-0.0073,0.5006,0.0000,2.9149,1
25.800,9.0935,-0.0073,0.4992,0.0000,2.9065,1
25.817,9.1018,-0.0073,0.4991,0.0000,2.8982,1
25.833,9.1101,-0.0073,0.4993,0.0000,2.8899,1
25.850,9.1184,-0.0074,0.5005,0.0000,2.8816,1
25.867,9.1268,-0.0075,0.4993,0.0000,2.8732,1
25.883,9.1351,-0.0075,0.5009,0.0000,2.8649,1
25.900,9.1435,-0.0076,0.5004,0.0000,2.8566,1
25.917,9.1518,-0.0078,0.4994,0.0000,2.8482,1
25.933,9.1601,-0.0079,0.5010,0.0000,2.8399,1
25.950,9.1684,-0.0081,0.4987,0.0000,2.8316,1
25.967,9.1767,-0.0083,0.4982,0.0000,2.8233,1
25.983,9.1850,-0.0085,0.4981,0.0000,2.8150,1
26.000,9.1933,-0.0087,0.4976,0.0000,2.8067,1
26.017,9.2016,-0.0090,0.4975,0.0000,2.7984,1
26.033,9.2099,-0.0092,0.4971,0.0000,2.7901,1
26.050,9.2182,-0.0095,0.4967,0.0000,2.7818,1
26.067,9.2265,-0.0099,0.4999,0.0000,2.7735,1
26.083,9.2348,-0.0102,0.5001,0.0000,2.7652,1
26.100,9.2432,-0.0106,0.5006,0.0000,2.7569,1
26.117,9.2514,-0.0110,0.4981,0.0000,2.7486,1
26.133,9.2597,-0.0115,0.4944,0.0000,2.7404,1
26.150,9.2679,-0.0120,0.4949,0.0000,2.7321,1
26.167,9.2762,-0.0126,0.4989,0.0000,2.7238,1
26.183,9.2845,-0.0133,0.5003,0.0000,2.7155,1
26.200,9.2928,-0.0139,0.4968,0.0000,2.7073,1
26.217,9.3011,-0.0146,0.4999,0.0000,2.6990,1
26.233,9.3094,-0.0153,0.4988,0.0000,2.6907,1
26.250,9.3176,-0.0160,0.4983,0.0000,2.6824,1
26.267,9.3259,-0.0167,0.4995,0.0000,2.6741,1
26.283,9.3340,-0.0175,0.4878,0.0000,2.6660,1
26.300,9.3421,-0.0184,0.4896,0.0000,2.6579,1
26.317,9.3503,-0.0194,0.4944,0.0000,2.6498,1
26.333,9.3584,-0.0206,0.4884,0.0000,2.6417,1
26.350,9.3665,-0.0220,0.4953,0.0000,2.6336,1
26.367,9.3748,-0.0235,0.5076,0.0000,2.6253,1
26.383,9.3833,-0.0252,0.5178,0.0000,2.6168,1
26.400,9.3918,-0.0270,0.5240,0.0000,2.6083,1
26.417,9.4003,-0.0288,0.5227,0.0000,2.5998,1
26.433,9.4088,-0.0306,0.5206,0.0000,2.5914,1
26.450,9.4173,-0.0325,0.5204,0.0000,2.5829,1
26.467,9.4258,-0.0343,0.5225,0.0000,2.5744,1
26.483,9.4343,-0.0362,0.5206,0.0000,2.5660,1
26.500,9.4427,-0.0380,0.5193,0.0000,2.5575,1
26.517,9.4512,-0.0398,0.5168,0.0000,2.5491,1
26.533,9.4594,-0.0414,0.5049,0.0000,2.5409,1
26.550,9.4677,-0.0430,0.5059,0.0000,2.5327,1
26.567,9.4759,-0.0446,0.5037,0.0000,2.5244,1
26.583,9.4842,-0.0462,0.5041,0.0000,2.5162,1
26.600,9.4925,-0.0477,0.5055,0.0000,2.5080,1
26.617,9.5008,-0.0492,0.5059,0.0000,2.4997,1
26.633,9.5091,-0.0508,0.5056,0.0000,2.4914,1
26.650,9.5174,-0.0522,0.5055,0.0000,2.4832,1
26.667,9.5257,-0.0537,0.5049,0.0000,2.4749,1
26.683,9.5339,-0.0551,0.5044,0.0000,2.4667,1
26.700,9.5422,-0.0565,0.5039,0.0000,2.4584,1
26.717,9.5505,-0.0578,0.5035,0.0000,2.4502,1
26.733,9.5588,-0.0591,0.5009,0.0000,2.4420,1
26.750,9.5670,-0.0604,0.4980,0.0000,2.4338,1
26.767,9.5751,-0.0616,0.4959,0.0000,2.4256,1
26.783,9.5833,-0.0628,0.4968,0.0000,2.4175,1
26.800,9.5915,-0.0639,0.4971,0.0000,2.4093,1
26.817,9.5998,-0.0650,0.4980,0.0000,2.4011,1
26.833,9.6080,-0.0660,0.5006,0.0000,2.3929,1
26.850,9.6163,-0.0671,0.5020,0.0000,2.3846,1
26.867,9.6246,-0.0680,0.5008,0.0000,2.3763,1
26.883,9.6329,-0.0690,0.4991,0.0000,2.3681,1
26.900,9.6412,-0.0698,0.4996,0.0000,2.3599,1
26.917,9.6495,-0.0707,0.5008,0.0000,2.3516,1
26.933,9.6578,-0.0715,0.5037,0.0000,2.3433,1
26.950,9.6662,-0.0723,0.5038,0.0000,2.3349,1
26.967,9.6746,-0.0730,0.5043,0.0000,2.3266,1
26.983,9.6829,-0.0737,0.5028,0.0000,2.3182,1
27.000,9.6913,-0.0742,0.5006,0.0000,2.3099,1
27.017,9.6994,-0.0747,0.4890,0.0000,2.3018,1
27.033,9.7074,-0.0752,0.4790,0.0000,2.2939,1
27.050,9.7153,-0.0756,0.4759,0.0000,2.2860,1
27.067,9.7233,-0.0759,0.4807,0.0000,2.2780,1
27.083,9.7314,-0.0762,0.4850,0.0000,2.2699,1
27.100,9.7395,-0.0765,0.4897,0.0000,2.2618,1
27.117,9.7477,-0.0767,0.4921,0.0000,2.2536,1
27.133,9.7559,-0.0769,0.4936,0.0000,2.2454,1
27.150,9.7642,-0.0770,0.4926,0.0000,2.2372,1
27.167,9.7723,-0.0770,0.4912,0.0000,2.2290,1
27.183,9.7805,-0.0770,0.4911,0.0000,2.2208,1
27.200,9.7886,-0.0769,0.4862,0.0000,2.2127,1
27.217,9.7967,-0.0768,0.4837,0.0000,2.2046,1
27.233,9.8048,-0.0767,0.4867,0.0000,2.1965,1
27.250,9.8129,-0.0764,0.4879,0.0000,2.1884,1
27.267,9.8210,-0.0761,0.4864,0.0000,2.1803,1
27.283,9.8291,-0.0758,0.4842,0.0000,2.1722,1
27.300,9.8372,-0.0754,0.4846,0.0000,2.1642,1
27.317,9.8452,-0.0749,0.4827,0.0000,2.1561,1
27.333,9.8532,-0.0744,0.4823,0.0000,2.1481,1
27.350,9.8612,-0.0738,0.4805,0.0000,2.1401,1
27.367,9.8692,-0.0731,0.4801,0.0000,2.1321,1
27.383,9.8771,-0.0724,0.4798,0.0000,2.1241,1
27.400,9.8850,-0.0716,0.4740,0.0000,2.1162,1
27.417,9.8928,-0.0708,0.4682,0.0000,2.1084,1
27.433,9.9004,-0.0699,0.4631,0.0000,2.1007,1
27.450,9.9079,-0.0690,0.4535,0.0000,2.0932,1
27.467,9.9153,-0.0680,0.4483,0.0000,2.0858,1
27.483,9.9227,-0.0669,0.4445,0.0000,2.0784,1
27.500,9.9300,-0.0658,0.4435,0.0000,2.0711,1
27.517,9.9372,-0.0647,0.4381,0.0000,2.0638,1
27.533,9.9443,-0.0635,0.4324,0.0000,2.0567,1
27.550,9.9514,-0.0622,0.4312,0.0000,2.0496,1
27.567,9.9584,-0.0610,0.4297,0.0000,2.0425,1
27.583,9.9654,-0.0596,0.4287,0.0000,2.0354,1
27.600,9.9724,-0.0582,0.4269,0.0000,2.0284,1
27.617,9.9794,-0.0568,0.4255,0.0000,2.0214,1
27.633,9.9862,-0.0553,0.4218,0.0000,2.0145,1
27.650,9.9930,-0.0538,0.4172,0.0000,2.0077,1
27.667,9.9998,-0.0522,0.4163,0.0000,2.0009,1
27.683,10.0059,-0.0506,0.3819,0.0000,1.9947,1
27.700,10.0116,-0.0490,0.3529,0.0000,1.9890,1
27.717,10.0169,-0.0472,0.3380,0.0000,1.9836,1
27.733,10.0223,-0.0452,0.3413,0.0000,1.9783,1
27.750,10.0278,-0.0431,0.3546,0.0000,1.9727,1
27.767,10.0331,-0.0408,0.3477,0.0000,1.9673,1
27.783,10.0382,-0.0383,0.3378,0.0000,1.9622,1
27.800,10.0431,-0.0358,0.3327,0.0000,1.9573,1
27.817,10.0476,-0.0331,0.3153,0.0000,1.9527,1
27.833,10.0523,-0.0302,0.3329,0.0000,1.9479,1
27.850,10.0573,-0.0270,0.3522,0.0000,1.9429,1
27.867,10.0624,-0.0236,0.3703,0.0000,1.9378,1
27.883,10.0677,-0.0199,0.3871,0.0000,1.9324,1
27.900,10.0731,-0.0160,0.4005,0.0000,1.9269,1
27.917,10.0789,-0.0118,0.4304,0.0000,1.9211,1
27.933,10.0847,-0.0077,0.4255,0.0000,1.9153,1
27.950,10.0900,-0.0038,0.3959,0.0000,1.9100,1
27.967,10.0950,-0.0002,0.3681,0.0000,1.9050,1
27.983,10.0998,0.0032,0.3543,0.0000,1.9002,1
28.000,10.1046,0.0065,0.3482,0.0000,1.8954,1
28.017,10.1098,0.0101,0.3825,0.0000,1.8902,1
28.033,10.1155,0.0140,0.4107,0.0000,1.8846,1
28.050,10.1218,0.0182,0.4547,0.0000,1.8783,1
28.067,10.1286,0.0226,0.4860,0.0000,1.8716,1
28.083,10.1356,0.0272,0.5043,0.0000,1.8646,1
28.100,10.1428,0.0317,0.5094,0.0000,1.8575,1
28.117,10.1500,0.0363,0.5090,0.0000,1.8504,1
28.133,10.1572,0.0407,0.5077,0.0000,1.8433,1
28.150,10.1638,0.0449,0.4691,0.0000,1.8367,1
28.167,10.1696,0.0485,0.4102,0.0000,1.8310,1
28.183,10.1754,0.0520,0.4066,0.0000,1.8253,1
28.200,10.1818,0.0559,0.4510,0.0000,1.8190,1
28.217,10.1887,0.0600,0.4789,0.0000,1.8123,1
28.233,10.1957,0.0642,0.4937,0.0000,1.8054,1
28.250,10.2029,0.0684,0.4974,0.0000,1.7984,1
28.267,10.2100,0.0725,0.4929,0.0000,1.7914,1
28.283,10.2171,0.0765,0.4883,0.0000,1.7845,1
28.300,10.2242,0.0804,0.4839,0.0000,1.7777,1
28.317,10.2312,0.0843,0.4805,0.0000,1.7708,1
28.333,10.2382,0.0881,0.4779,0.0000,1.7640,1
28.350,10.2452,0.0918,0.4768,0.0000,1.7572,1
28.367,10.2522,0.0955,0.4741,0.0000,1.7504,1
28.383,10.2593,0.0991,0.4768,0.0000,1.7436,1
28.400,10.2661,0.1025,0.4553,0.0000,1.7370,1
28.417,10.2726,0.1055,0.4347,0.0000,1.7306,1
28.433,10.2793,0.1083,0.4305,0.0000,1.7241,1
28.450,10.2859,0.1109,0.4288,0.0000,1.7177,1
28.467,10.2927,0.1134,0.4324,0.0000,1.7111,1
28.483,10.2996,0.1157,0.4350,0.0000,1.7044,1
28.500,10.3065,0.1178,0.4376,0.0000,1.6976,1
28.517,10.3136,0.1199,0.4433,0.0000,1.6906,1
28.533,10.3209,0.1218,0.4502,0.0000,1.6835,1
28.550,10.3283,0.1236,0.4580,0.0000,1.6763,1
28.567,10.3359,0.1253,0.4679,0.0000,1.6688,1
28.583,10.3437,0.1270,0.4809,0.0000,1.6611,1
28.600,10.3518,0.1287,0.4923,0.0000,1.6532,1
28.617,10.3599,0.1303,0.4988,0.0000,1.6452,1
28.633,10.3681,0.1318,0.4997,0.0000,1.6372,1
28.650,10.3761,0.1334,0.4915,0.0000,1.6293,1
28.667,10.3842,0.1351,0.4927,0.0000,1.6214,1
28.683,10.3923,0.1368,0.4976,0.0000,1.6135,1
28.700,10.4004,0.1385,0.4994,0.0000,1.6055,1
28.717,10.4086,0.1403,0.5004,0.0000,1.5976,1
28.733,10.4167,0.1420,0.4998,0.0000,1.5896,1
28.750,10.4249,0.1438,0.5023,0.0000,1.5816,1
28.767,10.4331,0.1456,0.5032,0.0000,1.5736,1
28.783,10.4413,0.1473,0.5034,0.0000,1.5656,1
28.800,10.4495,0.1491,0.5021,0.0000,1.5577,1
28.817,10.4577,0.1509,0.5024,0.0000,1.5497,1
28.833,10.4658,0.1527,0.5020,0.0000,1.5417,1
28.850,10.4740,0.1545,0.5019,0.0000,1.5338,1
28.867,10.4822,0.1563,0.5020,0.0000,1.5258,1
28.883,10.4903,0.1581,0.5020,0.0000,1.5179,1
28.900,10.4985,0.1599,0.5024,0.0000,1.5100,1
28.917,10.5067,0.1618,0.5018,0.0000,1.5020,1
28.933,10.5149,0.1636,0.5030,0.0000,1.4941,1
28.950,10.5228,0.1654,0.4899,0.0000,1.4864,1
28.967,10.5306,0.1671,0.4796,0.0000,1.4788,1
28.983,10.5384,0.1689,0.4766,0.0000,1.4713,1
29.000,10.5461,0.1706,0.4757,0.0000,1.4639,1
29.017,10.5539,0.1723,0.4754,0.0000,1.4564,1
29.033,10.5616,0.1741,0.4754,0.0000,1.4489,1
29.050,10.5693,0.1758,0.4752,0.0000,1.4415,1
29.067,10.5768,0.1776,0.4623,0.0000,1.4342,1
29.083,10.5842,0.1793,0.4531,0.0000,1.4271,1
29.100,10.5915,0.1810,0.4504,0.0000,1.4201,1
29.117,10.5988,0.1827,0.4490,0.0000,1.4131,1
29.133,10.6059,0.1843,0.4367,0.0000,1.4063,1
29.150,10.6128,0.1859,0.4258,0.0000,1.3996,1
29.167,10.6197,0.1875,0.4235,0.0000,1.3930,1
29.183,10.6265,0.1891,0.4217,0.0000,1.3865,1
29.200,10.6333,0.1908,0.4210,0.0000,1.3799,1
29.217,10.6401,0.1924,0.4214,0.0000,1.3734,1
29.233,10.6470,0.1940,0.4222,0.0000,1.3669,1
29.250,10.6538,0.1957,0.4199,0.0000,1.3604,1
29.267,10.6604,0.1973,0.4086,0.0000,1.3540,1
29.283,10.6669,0.1988,0.3996,0.0000,1.3479,1
29.300,10.6733,0.2004,0.3957,0.0000,1.3418,1
29.317,10.6797,0.2020,0.3958,0.0000,1.3357,1
29.333,10.6861,0.2035,0.3944,0.0000,1.3296,1
29.350,10.6927,0.2051,0.4065,0.0000,1.3233,1
29.367,10.6994,0.2068,0.4166,0.0000,1.3169,1
29.383,10.7062,0.2085,0.4215,0.0000,1.3105,1
29.400,10.7126,0.2101,0.3959,0.0000,1.3044,1
29.417,10.7187,0.2117,0.3749,0.0000,1.2987,1
29.433,10.7247,0.2132,0.3718,0.0000,1.2930,1
29.450,10.7304,0.2146,0.3570,0.0000,1.2876,1
29.467,10.7361,0.2161,0.3470,0.0000,1.2823,1
29.483,10.7416,0.2175,0.3441,0.0000,1.2771,1
29.500,10.7472,0.2189,0.3438,0.0000,1.2718,1
29.517,10.7527,0.2204,0.3428,0.0000,1.2666,1
29.533,10.7582,0.2218,0.3437,0.0000,1.2614,1
29.550,10.7637,0.2233,0.3428,0.0000,1.2563,1
29.567,10.7693,0.2248,0.3432,0.0000,1.2511,1
29.583,10.7748,0.2262,0.3432,0.0000,1.2459,1
29.600,10.7801,0.2277,0.3298,0.0000,1.2410,1
29.617,10.7853,0.2291,0.3212,0.0000,1.2361,1
29.633,10.7904,0.2304,0.3192,0.0000,1.2313,1
29.650,10.7955,0.2318,0.3175,0.0000,1.2266,1
29.667,10.8006,0.2332,0.3160,0.0000,1.2219,1
29.683,10.8057,0.2346,0.3150,0.0000,1.2172,1
29.700,10.8107,0.2360,0.3151,0.0000,1.2125,1
29.717,10.8158,0.2374,0.3154,0.0000,1.2078,1
29.733,10.8210,0.2389,0.3233,0.0000,1.2030,1
29.750,10.8263,0.2404,0.3297,0.0000,1.1981,1
29.767,10.8316,0.2419,0.3357,0.0000,1.1932,1
29.783,10.8370,0.2435,0.3385,0.0000,1.1882,1
29.800,10.8425,0.2451,0.3401,0.0000,1.1832,1
29.817,10.8476,0.2466,0.3175,0.0000,1.1785,1
29.833,10.8523,0.2480,0.2978,0.0000,1.1741,1
29.850,10.8572,0.2494,0.3039,0.0000,1.1697,1
29.867,10.8622,0.2509,0.3101,0.0000,1.1652,1
29.883,10.8671,0.2524,0.3124,0.0000,1.1606,1
29.900,10.8721,0.2539,0.3147,0.0000,1.1561,1
29.917,10.8772,0.2554,0.3146,0.0000,1.1515,1
29.933,10.8822,0.2570,0.3151,0.0000,1.1470,1
29.950,10.8867,0.2584,0.2864,0.0000,1.1428,1
29.967,10.8913,0.2598,0.2838,0.0000,1.1388,1
29.983,10.8956,0.2611,0.2745,0.0000,1.1348,1
30.000,10.9003,0.2626,0.2908,0.0000,1.1307,1
30.017,10.9052,0.2642,0.3097,0.0000,1.1262,1
30.033,10.9102,0.2658,0.3138,0.0000,1.1218,1
30.050,10.9148,0.2672,0.2910,0.0000,1.1176,1
30.067,10.9191,0.2686,0.2695,0.0000,1.1138,1
30.083,10.9233,0.2700,0.2648,0.0000,1.1101,1
30.100,10.9274,0.2713,0.2641,0.0000,1.1063,1
30.117,10.9316,0.2726,0.2633,0.0000,1.1026,1
30.133,10.9360,0.2740,0.2764,0.0000,1.0987,1
30.150,10.9411,0.2757,0.3217,0.0000,1.0942,1
30.167,10.9470,0.2776,0.3708,0.0000,1.0890,1
30.183,10.9535,0.2797,0.4119,0.0000,1.0832,1
30.200,10.9607,0.2821,0.4547,0.0000,1.0769,1
30.217,10.9683,0.2846,0.4771,0.0000,1.0702,1
30.233,10.9760,0.2872,0.4882,0.0000,1.0635,1
30.250,10.9838,0.2899,0.4972,0.0000,1.0567,1
30.267,10.9917,0.2926,0.5014,0.0000,1.0499,1
30.283,10.9995,0.2955,0.5000,0.0000,1.0432,1
30.300,11.0074,0.2984,0.5033,0.0000,1.0365,1
30.317,11.0152,0.3014,0.5017,0.0000,1.0299,1
30.333,11.0230,0.3044,0.4988,0.0000,1.0233,1
30.350,11.0308,0.3074,0.5010,0.0000,1.0168,1
30.367,11.0385,0.3103,0.4994,0.0000,1.0103,1
30.383,11.0463,0.3133,0.4991,0.0000,1.0038,1
30.400,11.0541,0.3163,0.5002,0.0000,0.9974,1
30.417,11.0619,0.3192,0.4993,0.0000,0.9909,1
30.433,11.0697,0.3222,0.4998,0.0000,0.9846,1
30.450,11.0772,0.3251,0.4870,0.0000,0.9784,1
30.467,11.0847,0.3279,0.4764,0.0000,0.9723,1
30.483,11.0922,0.3309,0.4866,0.0000,0.9662,1
30.500,11.0999,0.3339,0.4979,0.0000,0.9600,1
30.517,11.1077,0.3369,0.4988,0.0000,0.9538,1
30.533,11.1155,0.3399,0.4998,0.0000,0.9476,1
30.550,11.1232,0.3429,0.4998,0.0000,0.9414,1
30.567,11.1310,0.3459,0.4994,0.0000,0.9353,1
30.583,11.1388,0.3489,0.5007,0.0000,0.9292,1
30.600,11.1465,0.3520,0.5003,0.0000,0.9232,1
30.617,11.1543,0.3552,0.5044,0.0000,0.9173,1
30.633,11.1621,0.3584,0.5067,0.0000,0.9113,1
30.650,11.1699,0.3615,0.5009,0.0000,0.9054,1
30.667,11.1776,0.3646,0.5003,0.0000,0.8996,1
30.683,11.1854,0.3677,0.5012,0.0000,0.8937,1
30.700,11.1932,0.3707,0.5019,0.0000,0.8879,1
30.717,11.2009,0.3738,0.5020,0.0000,0.8822,1
30.733,11.2087,0.3769,0.5022,0.0000,0.8765,1
30.750,11.2165,0.3800,0.5033,0.0000,0.8708,1
30.767,11.2243,0.3831,0.5037,0.0000,0.8651,1
30.783,11.2321,0.3862,0.5029,0.0000,0.8595,1
30.800,11.2399,0.3892,0.5023,0.0000,0.8540,1
30.817,11.2477,0.3923,0.5039,0.0000,0.8484,1
30.833,11.2555,0.3954,0.5040,0.0000,0.8429,1
30.850,11.2632,0.3984,0.4919,0.0000,0.8376,1
30.867,11.2707,0.4013,0.4824,0.0000,0.8324,1
30.883,11.2781,0.4041,0.4769,0.0000,0.8273,1
30.900,11.2857,0.4071,0.4883,0.0000,0.8222,1
30.917,11.2934,0.4101,0.4996,0.0000,0.8169,1
30.933,11.3013,0.4130,0.5022,0.0000,0.8117,1
30.950,11.3091,0.4160,0.5008,0.0000,0.8065,1
30.967,11.3169,0.4189,0.5005,0.0000,0.8013,1
30.983,11.3247,0.4219,0.5003,0.0000,0.7962,1
31.000,11.3325,0.4248,0.5001,0.0000,0.7912,1
31.017,11.3403,0.4277,0.4997,0.0000,0.7862,1
31.033,11.3481,0.4305,0.4997,0.0000,0.7812,1
31.050,11.3560,0.4334,0.4993,0.0000,0.7763,1
31.067,11.3638,0.4362,0.5001,0.0000,0.7714,1
31.083,11.3717,0.4391,0.5015,0.0000,0.7665,1
31.100,11.3795,0.4419,0.5022,0.0000,0.7617,1
31.117,11.3874,0.4447,0.5015,0.0000,0.7570,1
31.133,11.3953,0.4475,0.5011,0.0000,0.7523,1
31.150,11.4032,0.4503,0.5011,0.0000,0.7476,1
31.167,11.4110,0.4530,0.5008,0.0000,0.7430,1
31.183,11.4189,0.4557,0.4999,0.0000,0.7385,1
31.200,11.4268,0.4584,0.4997,0.0000,0.7340,1
31.217,11.4347,0.4611,0.4995,0.0000,0.7295,1
31.233,11.4425,0.4638,0.4990,0.0000,0.7252,1
31.250,11.4504,0.4664,0.4988,0.0000,0.7208,1
31.267,11.4583,0.4690,0.4986,0.0000,0.7165,1
31.283,11.4662,0.4716,0.4982,0.0000,0.7123,1
31.300,11.4741,0.4741,0.4979,0.0000,0.7081,1
31.317,11.4820,0.4767,0.4974,0.0000,0.7039,1
31.333,11.4899,0.4792,0.4968,0.0000,0.6999,1
31.350,11.4978,0.4816,0.4961,0.0000,0.6958,1
31.367,11.5057,0.4841,0.4954,0.0000,0.6919,1
31.383,11.5136,0.4865,0.4948,0.0000,0.6879,1
31.400,11.5215,0.4888,0.4941,0.0000,0.6841,1
31.417,11.5294,0.4912,0.4947,0.0000,0.6803,1
31.433,11.5373,0.4935,0.4976,0.0000,0.6765,1
31.450,11.5453,0.4958,0.4979,0.0000,0.6727,1
31.467,11.5533,0.4981,0.4984,0.0000,0.6691,1
31.483,11.5613,0.5004,0.4987,0.0000,0.6655,1
31.500,11.5693,0.5026,0.4996,0.0000,0.6619,1
31.517,11.5773,0.5048,0.4996,0.0000,0.6584,1
31.533,11.5854,0.5069,0.4999,0.0000,0.6549,1
31.550,11.5934,0.5091,0.4996,0.0000,0.6515,1
31.567,11.6015,0.5111,0.5003,0.0000,0.6481,1
31.583,11.6096,0.5132,0.5000,0.0000,0.6448,1
31.600,11.6177,0.5152,0.5005,0.0000,0.6416,1
31.617,11.6258,0.5172,0.5002,0.0000,0.6384,1
31.633,11.6339,0.5192,0.5009,0.0000,0.6353,1
31.650,11.6420,0.5211,0.5014,0.0000,0.6322,1
31.667,11.6502,0.5230,0.5006,0.0000,0.6292,1
31.683,11.6583,0.5248,0.5017,0.0000,0.6263,1
31.700,11.6665,0.5267,0.5032,0.0000,0.6234,1
31.717,11.6747,0.5284,0.5035,0.0000,0.6205,1
31.733,11.6829,0.5302,0.5031,0.0000,0.6178,1
31.750,11.6911,0.5319,0.5030,0.0000,0.6150,1
31.767,11.6993,0.5335,0.5023,0.0000,0.6124,1
31.783,11.7075,0.5350,0.4973,0.0000,0.6098,1
31.800,11.7156,0.5364,0.4951,0.0000,0.6072,1
31.817,11.7238,0.5378,0.4993,0.0000,0.6046,1
31.833,11.7320,0.5390,0.4976,0.0000,0.6020,1
31.850,11.7402,0.5402,0.4987,0.0000,0.5994,1
31.867,11.7485,0.5413,0.4989,0.0000,0.5969,1
31.883,11.7567,0.5424,0.5005,0.0000,0.5944,1
31.900,11.7650,0.5433,0.4996,0.0000,0.5920,1
31.917,11.7733,0.5443,0.4999,0.0000,0.5896,1
31.933,11.7816,0.5451,0.4988,0.0000,0.5873,1
31.950,11.7898,0.5459,0.4992,0.0000,0.5850,1
31.967,11.7981,0.5467,0.4989,0.0000,0.5828,1
31.983,11.8064,0.5474,0.4973,0.0000,0.5807,1
32.000,11.8144,0.5480,0.4849,0.0000,0.5786,1
32.017,11.8224,0.5485,0.4760,0.0000,0.5766,1
32.033,11.8303,0.5489,0.4753,0.0000,0.5745,1
32.050,11.8383,0.5492,0.4844,0.0000,0.5725,1
32.067,11.8466,0.5495,0.4957,0.0000,0.5705,1
32.083,11.8549,0.5497,0.4974,0.0000,0.5685,1
32.100,11.8632,0.5498,0.4995,0.0000,0.5666,1
32.117,11.8715,0.5500,0.4978,0.0000,0.5648,1
32.133,11.8798,0.5501,0.4987,0.0000,0.5631,1
32.150,11.8881,0.5502,0.4985,0.0000,0.5615,1
32.167,11.8964,0.5503,0.4990,0.0000,0.5600,1
32.183,11.9047,0.5504,0.4975,0.0000,0.5585,1
32.200,11.9131,0.5504,0.4992,0.0000,0.5572,1
32.217,11.9214,0.5504,0.4991,0.0000,0.5560,1
32.233,11.9297,0.5505,0.5001,0.0000,0.5550,1
32.250,11.9380,0.5506,0.5001,0.0000,0.5540,1
32.267,11.9464,0.5506,0.4998,0.0000,0.5532,1
32.283,11.9547,0.5506,0.4995,0.0000,0.5525,1
32.300,11.9630,0.5507,0.4993,0.0000,0.5519,1
32.317,11.9713,0.5507,0.4983,0.0000,0.5514,1
32.333,11.9796,0.5506,0.4970,0.0000,0.5510,1
32.350,11.9879,0.5506,0.4985,0.0000,0.5507,1
32.367,11.9962,0.5505,0.4999,0.0000,0.5506,1
32.383,12.0046,0.5505,0.5002,0.0000,0.5505,1
32.400,12.0129,0.5504,0.5002,0.0000,0.5505,1
32.417,12.0212,0.5503,0.4994,0.0000,0.5507,1
32.433,12.0295,0.5501,0.4978,0.0000,0.5509,1
32.450,12.0378,0.5500,0.4987,0.0000,0.5513,1
32.467,12.0462,0.5498,0.4985,0.0000,0.5518,1
32.483,12.0545,0.5497,0.4989,0.0000,0.5524,1
32.500,12.0628,0.5495,0.4987,0.0000,0.5531,1
32.517,12.0711,0.5493,0.4997,0.0000,0.5539,1
32.533,12.0794,0.5490,0.4996,0.0000,0.5548,1
32.550,12.0877,0.5488,0.4992,0.0000,0.5558,1
32.567,12.0961,0.5485,0.4990,0.0000,0.5569,1
32.583,12.1043,0.5482,0.4978,0.0000,0.5581,1
32.600,12.1127,0.5479,0.4990,0.0000,0.5594,1
32.617,12.1210,0.5476,0.5008,0.0000,0.5608,1
32.633,12.1293,0.5473,0.4996,0.0000,0.5623,1
32.650,12.1377,0.5469,0.5017,0.0000,0.5640,1
32.667,12.1460,0.5465,0.5008,0.0000,0.5657,1
32.683,12.1543,0.5460,0.4997,0.0000,0.5674,1
32.700,12.1626,0.5456,0.4984,0.0000,0.5693,1
32.717,12.1709,0.5450,0.4987,0.0000,0.5712,1
32.733,12.1792,0.5444,0.5000,0.0000,0.5731,1
32.750,12.1875,0.5437,0.5012,0.0000,0.5751,1
32.767,12.1958,0.5430,0.4982,0.0000,0.5773,1
32.783,12.2041,0.5423,0.4994,0.0000,0.5794,1
32.800,12.2124,0.5416,0.4987,0.0000,0.5817,1
32.817,12.2207,0.5408,0.5003,0.0000,0.5841,1
32.833,12.2290,0.5400,0.4997,0.0000,0.5866,1
32.850,12.2373,0.5392,0.5004,0.0000,0.5891,1
32.867,12.2456,0.5384,0.5001,0.0000,0.5917,1
32.883,12.2539,0.5375,0.5006,0.0000,0.5945,1
32.900,12.2622,0.5366,0.4995,0.0000,0.5973,1
32.917,12.2704,0.5358,0.4974,0.0000,0.6002,1
32.933,12.2787,0.5349,0.4992,0.0000,0.6032,1
32.950,12.2870,0.5340,0.4988,0.0000,0.6063,1
32.967,12.2952,0.5331,0.4987,0.0000,0.6094,1
32.983,12.3035,0.5323,0.5004,0.0000,0.6127,1
33.000,12.3118,0.5313,0.4988,0.0000,0.6161,1
33.017,12.3200,0.5304,0.4991,0.0000,0.6195,1
33.033,12.3283,0.5295,0.4983,0.0000,0.6230,1
33.050,12.3365,0.5285,0.4987,0.0000,0.6266,1
33.067,12.3448,0.5276,0.4978,0.0000,0.6303,1
33.083,12.3531,0.5266,0.4996,0.0000,0.6340,1
33.100,12.3613,0.5257,0.4992,0.0000,0.6379,1
33.117,12.3696,0.5247,0.4988,0.0000,0.6418,1
33.133,12.3778,0.5237,0.4979,0.0000,0.6457,1
33.150,12.3861,0.5226,0.4980,0.0000,0.6498,1
33.167,12.3943,0.5216,0.4981,0.0000,0.6539,1
33.183,12.4026,0.5206,0.5004,0.0000,0.6581,1
33.200,12.4108,0.5195,0.4994,0.0000,0.6623,1
33.217,12.4190,0.5185,0.4977,0.0000,0.6666,1
33.233,12.4273,0.5174,0.4985,0.0000,0.6710,1
33.250,12.4355,0.5163,0.4991,0.0000,0.6754,1
33.267,12.4438,0.5152,0.5001,0.0000,0.6800,1
33.283,12.4521,0.5140,0.5005,0.0000,0.6845,1
33.300,12.4603,0.5129,0.5002,0.0000,0.6892,1
33.317,12.4686,0.5117,0.5006,0.0000,0.6939,1
33.333,12.4768,0.5106,0.4996,0.0000,0.6986,1
33.350,12.4850,0.5094,0.4981,0.0000,0.7033,1
33.367,12.4933,0.5081,0.4997,0.0000,0.7081,1
33.383,12.5015,0.5068,0.5002,0.0000,0.7130,1
33.400,12.5097,0.5054,0.4981,0.0000,0.7178,1
33.417,12.5179,0.5041,0.4994,0.0000,0.7227,1
33.433,12.5261,0.5027,0.4986,0.0000,0.7276,1
33.450,12.5343,0.5012,0.4995,0.0000,0.7326,1
33.467,12.5425,0.4998,0.5006,0.0000,0.7376,1
33.483,12.5507,0.4984,0.4998,0.0000,0.7427,1
33.500,12.5589,0.4969,0.5006,0.0000,0.7479,1
33.517,12.5670,0.4955,0.4890,0.0000,0.7529,1
33.533,12.5748,0.4940,0.4764,0.0000,0.7579,1
33.550,12.5826,0.4926,0.4749,0.0000,0.7629,1
33.567,12.5905,0.4912,0.4866,0.0000,0.7681,1
33.583,12.5987,0.4897,0.4972,0.0000,0.7735,1
33.600,12.6069,0.4882,0.5000,0.0000,0.7789,1
33.617,12.6151,0.4867,0.5001,0.0000,0.7844,1
33.633,12.6233,0.4852,0.5005,0.0000,0.7899,1
33.650,12.6315,0.4837,0.5004,0.0000,0.7954,1
33.667,12.6397,0.4822,0.5003,0.0000,0.8011,1
33.683,12.6479,0.4807,0.5004,0.0000,0.8067,1
33.700,12.6561,0.4791,0.5000,0.0000,0.8124,1
33.717,12.6643,0.4776,0.4998,0.0000,0.8182,1
33.733,12.6725,0.4761,0.4999,0.0000,0.8239,1
33.750,12.6807,0.4746,0.5002,0.0000,0.8298,1
33.767,12.6886,0.4731,0.4873,0.0000,0.8355,1
33.783,12.6967,0.4716,0.4893,0.0000,0.8412,1
33.800,12.7048,0.4700,0.4977,0.0000,0.8472,1
33.817,12.7130,0.4685,0.5005,0.0000,0.8532,1
33.833,12.7213,0.4670,0.5031,0.0000,0.8593,1
33.850,12.7295,0.4655,0.5041,0.0000,0.8654,1
33.867,12.7378,0.4640,0.5042,0.0000,0.8716,1
33.883,12.7460,0.4625,0.5027,0.0000,0.8778,1
33.900,12.7543,0.4610,0.5013,0.0000,0.8840,1
33.917,12.7625,0.4595,0.5007,0.0000,0.8902,1
33.933,12.7705,0.4581,0.4892,0.0000,0.8964,1
33.950,12.7784,0.4566,0.4811,0.0000,0.9024,1
33.967,12.7864,0.4552,0.4872,0.0000,0.9086,1
33.983,12.7945,0.4537,0.4977,0.0000,0.9149,1
34.000,12.8027,0.4522,0.5003,0.0000,0.9213,1
34.017,12.8109,0.4507,0.4993,0.0000,0.9277,1
34.033,12.8191,0.4491,0.4987,0.0000,0.9341,1
34.050,12.8273,0.4475,0.4999,0.0000,0.9406,1
34.067,12.8352,0.4460,0.4864,0.0000,0.9468,1
34.083,12.8430,0.4445,0.4767,0.0000,0.9530,1
34.100,12.8510,0.4429,0.4869,0.0000,0.9594,1
34.117,12.8591,0.4413,0.4961,0.0000,0.9658,1
34.133,12.8672,0.4397,0.4989,0.0000,0.9723,1
34.150,12.8754,0.4380,0.5000,0.0000,0.9789,1
34.167,12.8836,0.4363,0.4992,0.0000,0.9854,1
34.183,12.8917,0.4347,0.5002,0.0000,0.9920,1
34.200,12.8999,0.4330,0.5001,0.0000,0.9986,1
34.217,12.9081,0.4313,0.5003,0.0000,1.0053,1
34.233,12.9162,0.4296,0.4994,0.0000,1.0119,1
34.250,12.9244,0.4278,0.5006,0.0000,1.0186,1
34.267,12.9325,0.4261,0.5005,0.0000,1.0253,1
34.283,12.9407,0.4244,0.5003,0.0000,1.0320,1
34.300,12.9488,0.4226,0.5001,0.0000,1.0387,1
34.317,12.9570,0.4208,0.5006,0.0000,1.0454,1
34.333,12.9651,0.4191,0.5002,0.0000,1.0522,1
34.350,12.9733,0.4173,0.5006,0.0000,1.0590,1
34.367,12.9814,0.4155,0.5005,0.0000,1.0657,1
34.383,12.9896,0.4137,0.5006,0.0000,1.0726,1
34.400,12.9977,0.4119,0.5006,0.0000,1.0794,1
34.417,13.0059,0.4100,0.5005,0.0000,1.0862,1
34.433,13.0140,0.4082,0.5008,0.0000,1.0931,1
34.450,13.0221,0.4064,0.5006,0.0000,1.1000,1
34.467,13.0303,0.4045,0.5005,0.0000,1.1068,1
34.483,13.0384,0.4027,0.5007,0.0000,1.1138,1
34.500,13.0466,0.4009,0.5008,0.0000,1.1207,1
34.517,13.0547,0.3991,0.5009,0.0000,1.1277,1
34.533,13.0629,0.3973,0.5007,0.0000,1.1347,1
34.550,13.0710,0.3955,0.5012,0.0000,1.1417,1
34.567,13.0790,0.3937,0.4884,0.0000,1.1486,1
34.583,13.0867,0.3920,0.4773,0.0000,1.1553,1
34.600,13.0945,0.3903,0.4752,0.0000,1.1620,1
34.617,13.1024,0.3885,0.4864,0.0000,1.1688,1
34.633,13.1105,0.3867,0.4972,0.0000,1.1759,1
34.650,13.1186,0.3849,0.4992,0.0000,1.1829,1
34.667,13.1267,0.3831,0.4996,0.0000,1.1900,1
34.683,13.1348,0.3812,0.5001,0.0000,1.1971,1
34.700,13.1429,0.3793,0.5000,0.0000,1.2042,1
34.717,13.1510,0.3774,0.4998,0.0000,1.2113,1
34.733,13.1591,0.3754,0.4996,0.0000,1.2184,1
34.750,13.1672,0.3735,0.4995,0.0000,1.2256,1
34.767,13.1751,0.3716,0.4870,0.0000,1.2325,1
34.783,13.1831,0.3697,0.4891,0.0000,1.2395,1
34.800,13.1911,0.3678,0.4981,0.0000,1.2466,1
34.817,13.1992,0.3658,0.4996,0.0000,1.2538,1
34.833,13.2073,0.3638,0.5004,0.0000,1.2609,1
34.850,13.2154,0.3618,0.4994,0.0000,1.2681,1
34.867,13.2235,0.3599,0.5000,0.0000,1.2753,1
34.883,13.2316,0.3579,0.5005,0.0000,1.2826,1
34.900,13.2397,0.3559,0.5005,0.0000,1.2898,1
34.917,13.2478,0.3541,0.5006,0.0000,1.2971,1
34.933,13.2560,0.3522,0.5007,0.0000,1.3044,1
34.950,13.2641,0.3503,0.4995,0.0000,1.3117,1
34.967,13.2722,0.3484,0.4998,0.0000,1.3191,1
34.983,13.2801,0.3466,0.4873,0.0000,1.3262,1
35.000,13.2879,0.3449,0.4768,0.0000,1.3333,1
35.017,13.2958,0.3431,0.4864,0.0000,1.3404,1
35.033,13.3038,0.3412,0.4957,0.0000,1.3477,1
35.050,13.3119,0.3394,0.4993,0.0000,1.3551,1
35.067,13.3199,0.3376,0.4876,0.0000,1.3624,1
35.083,13.3276,0.3359,0.4771,0.0000,1.3695,1
35.100,13.3354,0.3341,0.4747,0.0000,1.3765,1
35.117,13.3431,0.3324,0.4744,0.0000,1.3836,1
35.133,13.3510,0.3306,0.4858,0.0000,1.3908,1
35.150,13.3590,0.3288,0.4950,0.0000,1.3982,1
35.167,13.3671,0.3269,0.4993,0.0000,1.4057,1
35.183,13.3753,0.3251,0.5007,0.0000,1.4132,1
35.200,13.3834,0.3232,0.5006,0.0000,1.4207,1
35.217,13.3915,0.3214,0.5008,0.0000,1.4282,1
35.233,13.3997,0.3195,0.5007,0.0000,1.4357,1
35.250,13.4078,0.3176,0.5009,0.0000,1.4432,1
35.267,13.4159,0.3158,0.5009,0.0000,1.4507,1
35.283,13.4241,0.3139,0.5007,0.0000,1.4583,1
35.300,13.4322,0.3120,0.5009,0.0000,1.4658,1
35.317,13.4403,0.3101,0.5008,0.0000,1.4734,1
35.333,13.4485,0.3083,0.5009,0.0000,1.4809,1
35.350,13.4566,0.3064,0.5007,0.0000,1.4885,1
35.367,13.4647,0.3045,0.5006,0.0000,1.4961,1
35.383,13.4729,0.3027,0.5006,0.0000,1.5036,1
35.400,13.4810,0.3008,0.5003,0.0000,1.5112,1
35.417,13.4891,0.2990,0.5004,0.0000,1.5188,1
35.433,13.4973,0.2971,0.5003,0.0000,1.5265,1
35.450,13.5054,0.2953,0.5002,0.0000,1.5341,1
35.467,13.5135,0.2934,0.5001,0.0000,1.5417,1
35.483,13.5216,0.2916,0.5000,0.0000,1.5493,1
35.500,13.5298,0.2897,0.5000,0.0000,1.5570,1
35.517,13.5379,0.2879,0.4999,0.0000,1.5646,1
35.533,13.5460,0.2861,0.4999,0.0000,1.5723,1
35.550,13.5542,0.2842,0.4997,0.0000,1.5799,1
35.567,13.5623,0.2824,0.4997,0.0000,1.5876,1
35.583,13.5704,0.2805,0.4997,0.0000,1.5953,1
35.600,13.5783,0.2787,0.4869,0.0000,1.6027,1
35.617,13.5860,0.2768,0.4766,0.0000,1.6100,1
35.633,13.5939,0.2749,0.4864,0.0000,1.6174,1
35.650,13.6019,0.2729,0.4963,0.0000,1.6250,1
35.667,13.6100,0.2710,0.4995,0.0000,1.6327,1
35.683,13.6181,0.2690,0.5012,0.0000,1.6403,1
35.700,13.6263,0.2669,0.5028,0.0000,1.6480,1
35.717,13.6344,0.2649,0.5036,0.0000,1.6557,1
35.733,13.6425,0.2629,0.5026,0.0000,1.6634,1
35.750,13.6507,0.2608,0.5051,0.0000,1.6712,1
35.767,13.6588,0.2588,0.5034,0.0000,1.6789,1
35.783,13.6668,0.2568,0.4918,0.0000,1.6865,1
35.800,13.6747,0.2549,0.4856,0.0000,1.6939,1
35.817,13.6824,0.2530,0.4786,0.0000,1.7013,1
35.833,13.6901,0.2512,0.4751,0.0000,1.7087,1
35.850,13.6980,0.2493,0.4856,0.0000,1.7162,1
35.867,13.7060,0.2474,0.4919,0.0000,1.7238,1
35.883,13.7140,0.2455,0.4968,0.0000,1.7315,1
35.900,13.7221,0.2436,0.4994,0.0000,1.7393,1
35.917,13.7303,0.2417,0.5012,0.0000,1.7471,1
35.933,13.7384,0.2399,0.5001,0.0000,1.7549,1
35.950,13.7465,0.2380,0.5017,0.0000,1.7627,1
35.967,13.7547,0.2362,0.5005,0.0000,1.7705,1
35.983,13.7628,0.2343,0.5011,0.0000,1.7783,1
36.000,13.7710,0.2325,0.5012,0.0000,1.7862,1
36.017,13.7789,0.2307,0.4890,0.0000,1.7938,1
36.033,13.7867,0.2290,0.4783,0.0000,1.8013,1
36.050,13.7946,0.2272,0.4881,0.0000,1.8090,1
36.067,13.8027,0.2254,0.4983,0.0000,1.8168,1
36.083,13.8109,0.2235,0.5013,0.0000,1.8246,1
36.100,13.8189,0.2217,0.4932,0.0000,1.8324,1
36.117,13.8268,0.2199,0.4826,0.0000,1.8399,1
36.133,13.8345,0.2182,0.4773,0.0000,1.8474,1
36.150,13.8424,0.2164,0.4870,0.0000,1.8551,1
36.167,13.8505,0.2145,0.4981,0.0000,1.8629,1
36.183,13.8586,0.2127,0.4993,0.0000,1.8708,1
36.200,13.8668,0.2109,0.5012,0.0000,1.8787,1
36.217,13.8749,0.2091,0.4996,0.0000,1.8866,1
36.233,13.8831,0.2073,0.5012,0.0000,1.8945,1
36.250,13.8912,0.2056,0.5005,0.0000,1.9024,1
36.267,13.8994,0.2039,0.4996,0.0000,1.9103,1
36.283,13.9075,0.2022,0.4988,0.0000,1.9182,1
36.300,13.9157,0.2006,0.5004,0.0000,1.9262,1
36.317,13.9239,0.1990,0.4989,0.0000,1.9341,1
36.333,13.9320,0.1974,0.4984,0.0000,1.9421,1
36.350,13.9402,0.1959,0.4995,0.0000,1.9501,1
36.367,13.9484,0.1944,0.4982,0.0000,1.9581,1
36.383,13.9566,0.1929,0.4998,0.0000,1.9661,1
36.400,13.9647,0.1914,0.4976,0.0000,1.9740,1
36.417,13.9729,0.1899,0.4981,0.0000,1.9820,1
36.433,13.9811,0.1885,0.4978,0.0000,1.9900,1
36.450,13.9893,0.1870,0.4985,0.0000,1.9980,1
36.467,13.9974,0.1856,0.4974,0.0000,2.0060,1
36.483,14.0056,0.1842,0.4994,0.0000,2.0141,1
36.500,14.0138,0.1828,0.4986,0.0000,2.0221,1
36.517,14.0218,0.1814,0.4880,0.0000,2.0300,1
36.533,14.0297,0.1801,0.4765,0.0000,2.0377,1
36.550,14.0375,0.1789,0.4750,0.0000,2.0453,1
36.567,14.0455,0.1775,0.4847,0.0000,2.0532,1
36.583,14.0536,0.1762,0.4930,0.0000,2.0611,1
36.600,14.0617,0.1749,0.4969,0.0000,2.0692,1
36.617,14.0700,0.1736,0.4987,0.0000,2.0772,1
36.633,14.0782,0.1723,0.4996,0.0000,2.0853,1
36.650,14.0862,0.1711,0.4870,0.0000,2.0932,1
36.667,14.0943,0.1699,0.4895,0.0000,2.1011,1
36.683,14.1024,0.1686,0.4959,0.0000,2.1092,1
36.700,14.1107,0.1674,0.4993,0.0000,2.1173,1
36.717,14.1189,0.1661,0.5000,0.0000,2.1254,1
36.733,14.1272,0.1649,0.5001,0.0000,2.1335,1
36.750,14.1354,0.1637,0.5002,0.0000,2.1417,1
36.767,14.1437,0.1625,0.5005,0.0000,2.1498,1
36.783,14.1519,0.1613,0.5009,0.0000,2.1579,1
36.800,14.1602,0.1601,0.5001,0.0000,2.1661,1
36.817,14.1684,0.1589,0.5005,0.0000,2.1742,1
36.833,14.1767,0.1577,0.5011,0.0000,2.1824,1
36.850,14.1850,0.1566,0.5008,0.0000,2.1906,1
36.867,14.1932,0.1554,0.5010,0.0000,2.1987,1
36.883,14.2015,0.1542,0.5008,0.0000,2.2069,1
36.900,14.2098,0.1531,0.5009,0.0000,2.2151,1
36.917,14.2180,0.1520,0.5008,0.0000,2.2232,1
36.933,14.2261,0.1509,0.4879,0.0000,2.2312,1
36.950,14.2342,0.1498,0.4900,0.0000,2.2392,1
36.967,14.2424,0.1487,0.4984,0.0000,2.2473,1
36.983,14.2507,0.1476,0.5002,0.0000,2.2555,1
37.000,14.2589,0.1465,0.5005,0.0000,2.2637,1
37.017,14.2672,0.1454,0.5003,0.0000,2.2719,1
37.033,14.2755,0.1443,0.5005,0.0000,2.2800,1
37.050,14.2837,0.1432,0.5002,0.0000,2.2882,1
37.067,14.2920,0.1421,0.5003,0.0000,2.2964,1
37.083,14.3003,0.1410,0.5002,0.0000,2.3046,1
37.100,14.3085,0.1400,0.4999,0.0000,2.3128,1
37.117,14.3168,0.1389,0.5001,0.0000,2.3210,1
37.133,14.3251,0.1378,0.4998,0.0000,2.3291,1
37.150,14.3333,0.1368,0.5000,0.0000,2.3373,1
37.167,14.3414,0.1357,0.4871,0.0000,2.3453,1
37.183,14.3495,0.1346,0.4891,0.0000,2.3533,1
37.200,14.3577,0.1336,0.4974,0.0000,2.3615,1
37.217,14.3659,0.1325,0.4993,0.0000,2.3696,1
37.233,14.3742,0.1314,0.4997,0.0000,2.3778,1
37.250,14.3824,0.1303,0.4998,0.0000,2.3860,1
37.267,14.3907,0.1292,0.5004,0.0000,2.3942,1
37.283,14.3990,0.1282,0.4996,0.0000,2.4024,1
37.300,14.4072,0.1271,0.4999,0.0000,2.4106,1
37.317,14.4153,0.1260,0.4875,0.0000,2.4186,1
37.333,14.4232,0.1250,0.4776,0.0000,2.4264,1
37.350,14.4312,0.1239,0.4873,0.0000,2.4344,1
37.367,14.4395,0.1228,0.4976,0.0000,2.4426,1
37.383,14.4477,0.1218,0.5004,0.0000,2.4508,1
37.400,14.4560,0.1207,0.5009,0.0000,2.4590,1
37.417,14.4643,0.1196,0.5015,0.0000,2.4672,1
37.433,14.4726,0.1185,0.5013,0.0000,2.4754,1
37.450,14.4809,0.1175,0.5016,0.0000,2.4837,1
37.467,14.4892,0.1164,0.5016,0.0000,2.4919,1
37.483,14.4975,0.1154,0.5017,0.0000,2.5001,1
37.500,14.5055,0.1143,0.4893,0.0000,2.5082,1
37.517,14.5135,0.1133,0.4783,0.0000,2.5160,1
37.533,14.5213,0.1123,0.4760,0.0000,2.5238,1
37.550,14.5292,0.1113,0.4757,0.0000,2.5316,1
37.567,14.5373,0.1103,0.4877,0.0000,2.5397,1
37.583,14.5455,0.1093,0.4973,0.0000,2.5478,1
37.600,14.5538,0.1083,0.4999,0.0000,2.5561,1
37.617,14.5620,0.1073,0.5008,0.0000,2.5643,1
37.633,14.5703,0.1064,0.4996,0.0000,2.5725,1
37.650,14.5784,0.1055,0.4882,0.0000,2.5806,1
37.667,14.5863,0.1046,0.4781,0.0000,2.5884,1
37.683,14.5944,0.1037,0.4880,0.0000,2.5965,1
37.700,14.6026,0.1028,0.4971,0.0000,2.6047,1
37.717,14.6109,0.1019,0.5000,0.0000,2.6129,1
37.733,14.6192,0.1010,0.5003,0.0000,2.6212,1
37.750,14.6275,0.1001,0.5005,0.0000,2.6294,1
37.767,14.6358,0.0992,0.5008,0.0000,2.6377,1
37.783,14.6441,0.0984,0.5005,0.0000,2.6459,1
37.800,14.6524,0.0975,0.4998,0.0000,2.6542,1
37.817,14.6605,0.0967,0.4886,0.0000,2.6622,1
37.833,14.6686,0.0958,0.4904,0.0000,2.6703,1
37.850,14.6769,0.0949,0.4973,0.0000,2.6785,1
37.867,14.6851,0.0941,0.4997,0.0000,2.6868,1
37.883,14.6934,0.0932,0.4990,0.0000,2.6950,1
37.900,14.7017,0.0924,0.5015,0.0000,2.7033,1
37.917,14.7100,0.0915,0.5003,0.0000,2.7116,1
37.933,14.7183,0.0907,0.4996,0.0000,2.7198,1
37.950,14.7266,0.0898,0.5001,0.0000,2.7281,1
37.967,14.7349,0.0890,0.5005,0.0000,2.7364,1
37.983,14.7432,0.0882,0.4999,0.0000,2.7446,1
38.000,14.7515,0.0874,0.4996,0.0000,2.7529,1
38.017,14.7596,0.0866,0.4874,0.0000,2.7609,1
38.033,14.7675,0.0858,0.4772,0.0000,2.7688,1
38.050,14.7754,0.0850,0.4749,0.0000,2.7767,1
38.067,14.7834,0.0842,0.4863,0.0000,2.7847,1
38.083,14.7917,0.0834,0.4966,0.0000,2.7929,1
38.100,14.8000,0.0827,0.4995,0.0000,2.8012,1
38.117,14.8083,0.0819,0.5005,0.0000,2.8094,1
38.133,14.8166,0.0811,0.5008,0.0000,2.8177,1
38.150,14.8249,0.0803,0.5012,0.0000,2.8260,1
38.167,14.8332,0.0796,0.5011,0.0000,2.8343,1
38.183,14.8415,0.0788,0.5000,0.0000,2.8426,1
38.200,14.8498,0.0781,0.4990,0.0000,2.8509,1
38.217,14.8581,0.0773,0.4991,0.0000,2.8591,1
38.233,14.8662,0.0766,0.4872,0.0000,2.8672,1
38.250,14.8741,0.0759,0.4792,0.0000,2.8751,1
38.267,14.8820,0.0752,0.4764,0.0000,2.8830,1
38.283,14.8901,0.0745,0.4844,0.0000,2.8910,1
38.300,14.8982,0.0739,0.4920,0.0000,2.8992,1
38.317,14.9065,0.0732,0.4967,0.0000,2.9074,1
38.333,14.9146,0.0726,0.4869,0.0000,2.9155,1
38.350,14.9227,0.0720,0.4901,0.0000,2.9236,1
38.367,14.9310,0.0714,0.4974,0.0000,2.9319,1
38.383,14.9393,0.0709,0.4992,0.0000,2.9402,1
38.400,14.9476,0.0703,0.5010,0.0000,2.9485,1
38.417,14.9560,0.0698,0.5007,0.0000,2.9568,1
38.433,14.9643,0.0692,0.5009,0.0000,2.9651,1
38.450,14.9724,0.0687,0.4884,0.0000,2.9732,1
38.467,14.9804,0.0682,0.4772,0.0000,2.9811,1
38.483,14.9885,0.0678,0.4879,0.0000,2.9892,1
38.500,14.9967,0.0673,0.4972,0.0000,2.9975,1
38.517,15.0051,0.0668,0.5000,0.0000,3.0058,1
38.533,15.0134,0.0663,0.5007,0.0000,3.0141,1
38.550,15.0217,0.0659,0.5006,0.0000,3.0224,1
38.567,15.0301,0.0654,0.5007,0.0000,3.0308,1
38.583,15.0384,0.0650,0.5007,0.0000,3.0391,1
38.600,15.0467,0.0645,0.5005,0.0000,3.0474,1
38.617,15.0550,0.0641,0.5002,0.0000,3.0557,1
38.633,15.0634,0.0637,0.5002,0.0000,3.0640,1
38.650,15.0715,0.0632,0.4879,0.0000,3.0721,1
38.667,15.0794,0.0628,0.4767,0.0000,3.0801,1
38.683,15.0875,0.0624,0.4874,0.0000,3.0882,1
38.700,15.0958,0.0620,0.4976,0.0000,3.0964,1
38.717,15.1041,0.0616,0.4996,0.0000,3.1048,1
38.733,15.1125,0.0612,0.5000,0.0000,3.1131,1
38.750,15.1208,0.0608,0.4999,0.0000,3.1214,1
38.767,15.1291,0.0603,0.4997,0.0000,3.1297,1
38.783,15.1374,0.0599,0.5000,0.0000,3.1380,1
38.800,15.1457,0.0595,0.4998,0.0000,3.1463,1
38.817,15.1541,0.0591,0.4998,0.0000,3.1546,1
38.833,15.1622,0.0587,0.4870,0.0000,3.1627,1
38.850,15.1701,0.0583,0.4763,0.0000,3.1706,1
38.867,15.1780,0.0579,0.4737,0.0000,3.1785,1
38.883,15.1861,0.0575,0.4863,0.0000,3.1866,1
38.900,15.1944,0.0571,0.4972,0.0000,3.1949,1
38.917,15.2027,0.0567,0.4992,0.0000,3.2032,1
38.933,15.2110,0.0562,0.4997,0.0000,3.2115,1
38.950,15.2193,0.0558,0.4999,0.0000,3.2198,1
38.967,15.2276,0.0555,0.5001,0.0000,3.2281,1
38.983,15.2360,0.0551,0.4998,0.0000,3.2364,1
39.000,15.2443,0.0547,0.4997,0.0000,3.2447,1
39.017,15.2526,0.0543,0.5000,0.0000,3.2530,1
39.033,15.2609,0.0539,0.4999,0.0000,3.2614,1
39.050,15.2692,0.0535,0.5000,0.0000,3.2697,1
39.067,15.2776,0.0532,0.5000,0.0000,3.2780,1
39.083,15.2859,0.0528,0.5002,0.0000,3.2863,1
39.100,15.2942,0.0524,0.5004,0.0000,3.2946,1
39.117,15.3026,0.0520,0.5004,0.0000,3.3030,1
39.133,15.3109,0.0517,0.5004,0.0000,3.3113,1
39.150,15.3192,0.0513,0.5007,0.0000,3.3196,1
39.167,15.3273,0.0509,0.4878,0.0000,3.3277,1
39.183,15.3355,0.0506,0.4901,0.0000,3.3359,1
39.200,15.3438,0.0502,0.4982,0.0000,3.3442,1
39.217,15.3521,0.0498,0.5004,0.0000,3.3525,1
39.233,15.3605,0.0495,0.5009,0.0000,3.3608,1
39.250,15.3688,0.0491,0.5009,0.0000,3.3692,1
39.267,15.3772,0.0487,0.5008,0.0000,3.3775,1
39.283,15.3855,0.0484,0.5008,0.0000,3.3858,1
39.300,15.3938,0.0480,0.5010,0.0000,3.3942,1
39.317,15.4022,0.0476,0.5009,0.0000,3.4025,1
39.333,15.4105,0.0472,0.5007,0.0000,3.4108,1
39.350,15.4188,0.0469,0.5007,0.0000,3.4192,1
39.367,15.4272,0.0465,0.5008,0.0000,3.4275,1
39.383,15.4355,0.0461,0.5007,0.0000,3.4358,1
39.400,15.4439,0.0457,0.5005,0.0000,3.4442,1
39.417,15.4522,0.0453,0.5009,0.0000,3.4525,1
39.433,15.4605,0.0449,0.5004,0.0000,3.4608,1
39.450,15.4689,0.0445,0.5004,0.0000,3.4691,1
39.467,15.4772,0.0441,0.5004,0.0000,3.4775,1
39.483,15.4855,0.0437,0.5005,0.0000,3.4858,1
39.500,15.4938,0.0433,0.5003,0.0000,3.4941,1
39.517,15.5022,0.0429,0.5002,0.0000,3.5024,1
39.533,15.5105,0.0425,0.5001,0.0000,3.5108,1
39.550,15.5188,0.0421,0.4999,0.0000,3.5191,1
39.567,15.5271,0.0417,0.5002,0.0000,3.5274,1
39.583,15.5355,0.0413,0.5001,0.0000,3.5357,1
39.600,15.5438,0.0409,0.4999,0.0000,3.5440,1
39.617,15.5521,0.0405,0.4997,0.0000,3.5523,1
39.633,15.5602,0.0401,0.4869,0.0000,3.5604,1
39.650,15.5681,0.0398,0.4764,0.0000,3.5684,1
39.667,15.5760,0.0394,0.4739,0.0000,3.5763,1
39.683,15.5841,0.0390,0.4864,0.0000,3.5843,1
39.700,15.5924,0.0386,0.4969,0.0000,3.5926,1
39.717,15.6007,0.0382,0.4990,0.0000,3.6009,1
39.733,15.6090,0.0379,0.4995,0.0000,3.6092,1
39.750,15.6174,0.0375,0.4998,0.0000,3.6175,1
39.767,15.6257,0.0371,0.4998,0.0000,3.6259,1
39.783,15.6340,0.0367,0.4997,0.0000,3.6342,1
39.800,15.6423,0.0363,0.4997,0.0000,3.6425,1
39.817,15.6506,0.0359,0.4997,0.0000,3.6508,1
39.833,15.6590,0.0355,0.5001,0.0000,3.6591,1
39.850,15.6671,0.0352,0.4873,0.0000,3.6672,1
39.867,15.6750,0.0348,0.4766,0.0000,3.6752,1
39.883,15.6829,0.0344,0.4746,0.0000,3.6831,1
39.900,15.6910,0.0340,0.4868,0.0000,3.6912,1
39.917,15.6993,0.0336,0.4974,0.0000,3.6994,1
39.933,15.7076,0.0332,0.4999,0.0000,3.7078,1
39.950,15.7159,0.0328,0.5006,0.0000,3.7161,1
39.967,15.7243,0.0324,0.5006,0.0000,3.7244,1
39.983,15.7326,0.0320,0.5005,0.0000,3.7327,1
40.000,15.7409,0.0316,0.5008,0.0000,3.7411,1
40.017,15.7493,0.0312,0.5009,0.0000,3.7494,1
40.033,15.7576,0.0308,0.5007,0.0000,3.7577,1
40.050,15.7657,0.0304,0.4883,0.0000,3.7659,1
40.067,15.7737,0.0300,0.4773,0.0000,3.7738,1
40.083,15.7816,0.0296,0.4752,0.0000,3.7817,1
40.100,15.7897,0.0292,0.4874,0.0000,3.7898,1
40.117,15.7980,0.0288,0.4982,0.0000,3.7981,1
40.133,15.8063,0.0284,0.5002,0.0000,3.8064,1
40.150,15.8147,0.0281,0.5009,0.0000,3.8148,1
40.167,15.8230,0.0277,0.5008,0.0000,3.8231,1
40.183,15.8314,0.0273,0.5008,0.0000,3.8315,1
40.200,15.8397,0.0269,0.5007,0.0000,3.8398,1
40.217,15.8480,0.0265,0.5008,0.0000,3.8481,1
40.233,15.8561,0.0261,0.4879,0.0000,3.8562,1
40.250,15.8641,0.0257,0.4772,0.0000,3.8642,1
40.267,15.8720,0.0254,0.4747,0.0000,3.8721,1
40.283,15.8801,0.0250,0.4868,0.0000,3.8802,1
40.300,15.8884,0.0246,0.4975,0.0000,3.8885,1
40.317,15.8967,0.0243,0.4995,0.0000,3.8968,1
40.333,15.9050,0.0239,0.5001,0.0000,3.9051,1
40.350,15.9134,0.0235,0.5000,0.0000,3.9134,1
40.367,15.9217,0.0232,0.5002,0.0000,3.9218,1
40.383,15.9300,0.0228,0.5001,0.0000,3.9301,1
40.400,15.9383,0.0225,0.4999,0.0000,3.9384,1
40.417,15.9467,0.0221,0.4999,0.0000,3.9467,1
40.433,15.9550,0.0218,0.4998,0.0000,3.9550,1
40.450,15.9631,0.0214,0.4871,0.0000,3.9632,1
40.467,15.9710,0.0211,0.4762,0.0000,3.9711,1
40.483,15.9789,0.0208,0.4740,0.0000,3.9790,1
40.500,15.9870,0.0204,0.4864,0.0000,3.9871,1
40.517,15.9953,0.0201,0.4971,0.0000,3.9953,1
40.533,16.0036,0.0197,0.4991,0.0000,4.0037,1
40.550,16.0117,0.0194,0.4869,0.0000,4.0118,1
40.567,16.0196,0.0191,0.4761,0.0000,4.0197,1
40.583,16.0275,0.0188,0.4744,0.0000,4.0276,1
40.600,16.0356,0.0185,0.4866,0.0000,4.0357,1
40.617,16.0439,0.0181,0.4968,0.0000,4.0440,1
40.633,16.0522,0.0178,0.4991,0.0000,4.0523,1
40.650,16.0603,0.0175,0.4873,0.0000,4.0604,1
40.667,16.0683,0.0172,0.4769,0.0000,4.0683,1
40.683,16.0764,0.0169,0.4872,0.0000,4.0764,1
40.700,16.0847,0.0166,0.4976,0.0000,4.0847,1
40.717,16.0930,0.0163,0.4989,0.0000,4.0930,1
40.733,16.1013,0.0159,0.5002,0.0000,4.1014,1
40.750,16.1097,0.0156,0.5007,0.0000,4.1097,1
40.767,16.1178,0.0153,0.4880,0.0000,4.1178,1
40.783,16.1260,0.0150,0.4900,0.0000,4.1260,1
40.800,16.1343,0.0147,0.4981,0.0000,4.1343,1
40.817,16.1426,0.0145,0.5000,0.0000,4.1426,1
40.833,16.1509,0.0142,0.5006,0.0000,4.1509,1
40.850,16.1593,0.0139,0.5012,0.0000,4.1593,1
40.867,16.1676,0.0136,0.5011,0.0000,4.1676,1
40.883,16.1760,0.0133,0.5012,0.0000,4.1760,1
40.900,16.1843,0.0130,0.5010,0.0000,4.1843,1
40.917,16.1927,0.0128,0.5011,0.0000,4.1927,1
40.933,16.2010,0.0125,0.5011,0.0000,4.2010,1
40.950,16.2094,0.0122,0.5010,0.0000,4.2094,1
40.967,16.2177,0.0120,0.5009,0.0000,4.2177,1
40.983,16.2258,0.0117,0.4880,0.0000,4.2258,1
41.000,16.2338,0.0115,0.4772,0.0000,4.2338,1
41.017,16.2419,0.0112,0.4878,0.0000,4.2419,1
41.033,16.2502,0.0110,0.4980,0.0000,4.2502,1
41.050,16.2585,0.0108,0.5000,0.0000,4.2585,1
41.067,16.2669,0.0105,0.5005,0.0000,4.2669,1
41.083,16.2752,0.0103,0.5004,0.0000,4.2752,1
41.100,16.2835,0.0101,0.5006,0.0000,4.2836,1
41.117,16.2919,0.0099,0.5005,0.0000,4.2919,1
41.133,16.3002,0.0096,0.5003,0.0000,4.3002,1
41.150,16.3086,0.0094,0.5003,0.0000,4.3086,1
41.167,16.3169,0.0092,0.5004,0.0000,4.3169,1
41.183,16.3252,0.0090,0.5000,0.0000,4.3252,1
41.200,16.3336,0.0088,0.4999,0.0000,4.3336,1
41.217,16.3419,0.0086,0.4999,0.0000,4.3419,1
41.233,16.3502,0.0085,0.5000,0.0000,4.3502,1
41.250,16.3585,0.0083,0.4999,0.0000,4.3585,1
41.267,16.3669,0.0081,0.4999,0.0000,4.3669,1
41.283,16.3752,0.0079,0.4998,0.0000,4.3752,1
41.300,16.3835,0.0078,0.4999,0.0000,4.3835,1
41.317,16.3919,0.0076,0.4999,0.0000,4.3919,1
41.333,16.4002,0.0074,0.4999,0.0000,4.4002,1
41.350,16.4083,0.0073,0.4869,0.0000,4.4083,1
41.367,16.4162,0.0071,0.4764,0.0000,4.4162,1
41.383,16.4241,0.0070,0.4744,0.0000,4.4242,1
41.400,16.4322,0.0068,0.4860,0.0000,4.4322,1
41.417,16.4405,0.0067,0.4970,0.0000,4.4405,1
41.433,16.4488,0.0065,0.4990,0.0000,4.4488,1
41.450,16.4572,0.0064,0.4994,0.0000,4.4572,1
41.467,16.4655,0.0062,0.4996,0.0000,4.4655,1
41.483,16.4738,0.0061,0.5001,0.0000,4.4738,1
41.500,16.4822,0.0060,0.5002,0.0000,4.4822,1
41.517,16.4905,0.0059,0.5005,0.0000,4.4905,1
41.533,16.4988,0.0057,0.5007,0.0000,4.4988,1
41.550,16.5072,0.0056,0.5006,0.0000,4.5072,1
41.567,16.5153,0.0055,0.4879,0.0000,4.5153,1
41.583,16.5233,0.0054,0.4774,0.0000,4.5233,1
41.600,16.5312,0.0053,0.4753,0.0000,4.5312,1
41.617,16.5393,0.0052,0.4873,0.0000,4.5393,1
41.633,16.5476,0.0051,0.4976,0.0000,4.5476,1
41.650,16.5559,0.0050,0.5003,0.0000,4.5559,1
41.667,16.5643,0.0049,0.5007,0.0000,4.5643,1
41.683,16.5724,0.0048,0.4880,0.0000,4.5724,1
41.700,16.5804,0.0047,0.4779,0.0000,4.5804,1
41.717,16.5883,0.0046,0.4758,0.0000,4.5883,1
41.733,16.5964,0.0046,0.4876,0.0000,4.5964,1
41.750,16.6047,0.0045,0.4982,0.0000,4.6047,1
41.767,16.6131,0.0044,0.5005,0.0000,4.6131,1
41.783,16.6214,0.0044,0.5010,0.0000,4.6214,1
41.800,16.6298,0.0044,0.5008,0.0000,4.6298,1
41.817,16.6381,0.0043,0.5007,0.0000,4.6381,1
41.833,16.6465,0.0043,0.5008,0.0000,4.6465,1
41.850,16.6548,0.0043,0.5008,0.0000,4.6548,1
41.867,16.6632,0.0043,0.5007,0.0000,4.6632,1
41.883,16.6715,0.0043,0.5005,0.0000,4.6715,1
41.900,16.6798,0.0043,0.5005,0.0000,4.6798,1
41.917,16.6882,0.0043,0.5002,0.0000,4.6882,1
41.933,16.6965,0.0043,0.5003,0.0000,4.6965,1
41.950,16.7049,0.0043,0.5001,0.0000,4.7049,1
41.967,16.7132,0.0044,0.5001,0.0000,4.7132,1
41.983,16.7215,0.0044,0.4999,0.0000,4.7215,1
42.000,16.7299,0.0044,0.5001,0.0000,4.7299,1
42.017,16.7382,0.0045,0.4999,0.0000,4.7382,1
42.033,16.7465,0.0045,0.4999,0.0000,4.7465,1
42.050,16.7549,0.0046,0.4998,0.0000,4.7549,1
42.067,16.7632,0.0046,0.5000,0.0000,4.7632,1
42.083,16.7715,0.0047,0.4995,0.0000,4.7715,1
42.100,16.7798,0.0047,0.4999,0.0000,4.7798,1
42.117,16.7882,0.0048,0.4997,0.0000,4.7882,1
42.133,16.7965,0.0048,0.4997,0.0000,4.7965,1
42.150,16.8048,0.0049,0.4998,0.0000,4.8048,1
42.167,16.8132,0.0049,0.4997,0.0000,4.8132,1
42.183,16.8215,0.0050,0.4998,0.0000,4.8215,1
42.200,16.8298,0.0051,0.4998,0.0000,4.8298,1
42.217,16.8381,0.0051,0.4997,0.0000,4.8381,1
42.233,16.8465,0.0052,0.4997,0.0000,4.8465,1
42.250,16.8548,0.0053,0.4997,0.0000,4.8548,1
42.267,16.8629,0.0053,0.4871,0.0000,4.8629,1
42.283,16.8709,0.0054,0.4765,0.0000,4.8709,1
42.300,16.8788,0.0054,0.4743,0.0000,4.8788,1
42.317,16.8869,0.0055,0.4863,0.0000,4.8869,1
42.333,16.8952,0.0056,0.4975,0.0000,4.8952,1
42.350,16.9033,0.0056,0.4867,0.0000,4.9033,1
42.367,16.9112,0.0057,0.4767,0.0000,4.9112,1
42.383,16.9191,0.0057,0.4746,0.0000,4.9191,1
42.400,16.9272,0.0058,0.4868,0.0000,4.9272,1
42.417,16.9355,0.0058,0.4977,0.0000,4.9355,1
42.433,16.9439,0.0059,0.5001,0.0000,4.9439,1
42.450,16.9522,0.0059,0.5006,0.0000,4.9522,1
42.467,16.9606,0.0060,0.5008,0.0000,4.9606,1
42.483,16.9689,0.0060,0.5006,0.0000,4.9689,1
42.500,16.9772,0.0061,0.5006,0.0000,4.9772,1
42.517,16.9856,0.0061,0.5009,0.0000,4.9856,1
42.533,16.9939,0.0062,0.5009,0.0000,4.9939,1
42.550,17.0023,0.0062,0.5010,0.0000,5.0023,1
42.567,17.0106,0.0062,0.5005,0.0000,5.0106,1
42.583,17.0190,0.0063,0.5007,0.0000,5.0190,1
42.600,17.0271,0.0063,0.4880,0.0000,5.0271,1
42.617,17.0353,0.0064,0.4900,0.0000,5.0353,1
42.633,17.0436,0.0064,0.4985,0.0000,5.0436,1
42.650,17.0519,0.0064,0.4999,0.0000,5.0519,1
42.667,17.0603,0.0065,0.5006,0.0000,5.0603,1
42.683,17.0686,0.0065,0.5007,0.0000,5.0686,1
42.700,17.0769,0.0065,0.5008,0.0000,5.0770,1
42.717,17.0853,0.0065,0.5007,0.0000,5.0853,1
42.733,17.0936,0.0066,0.5003,0.0000,5.0936,1
42.750,17.1020,0.0066,0.5003,0.0000,5.1020,1
42.767,17.1103,0.0066,0.5002,0.0000,5.1103,1
42.783,17.1184,0.0066,0.4877,0.0000,5.1184,1
42.800,17.1264,0.0067,0.4766,0.0000,5.1264,1
42.817,17.1345,0.0067,0.4874,0.0000,5.1345,1
42.833,17.1428,0.0067,0.4974,0.0000,5.1428,1
42.850,17.1511,0.0067,0.4992,0.0000,5.1511,1
42.867,17.1594,0.0067,0.4995,0.0000,5.1594,1
42.883,17.1678,0.0067,0.4994,0.0000,5.1678,1
42.900,17.1761,0.0066,0.4990,0.0000,5.1761,1
42.917,17.1844,0.0066,0.4994,0.0000,5.1844,1
42.933,17.1927,0.0066,0.4993,0.0000,5.1927,1
42.950,17.2010,0.0066,0.4993,0.0000,5.2010,1
42.967,17.2094,0.0065,0.4993,0.0000,5.2094,1
42.983,17.2175,0.0065,0.4870,0.0000,5.2175,1
43.000,17.2254,0.0064,0.4760,0.0000,5.2254,1
43.017,17.2335,0.0064,0.4868,0.0000,5.2335,1
43.033,17.2418,0.0063,0.4968,0.0000,5.2418,1
43.050,17.2501,0.0063,0.4993,0.0000,5.2501,1
43.067,17.2582,0.0062,0.4867,0.0000,5.2582,1
43.083,17.2662,0.0061,0.4761,0.0000,5.2662,1
43.100,17.2741,0.0061,0.4744,0.0000,5.2741,1
43.117,17.2822,0.0060,0.4865,0.0000,5.2822,1
43.133,17.2905,0.0059,0.4970,0.0000,5.2905,1
43.150,17.2988,0.0058,0.4994,0.0000,5.2988,1
43.167,17.3071,0.0058,0.4998,0.0000,5.3071,1
43.183,17.3155,0.0057,0.5004,0.0000,5.3155,1
43.200,17.3238,0.0056,0.5002,0.0000,5.3238,1
43.217,17.3321,0.0055,0.5004,0.0000,5.3321,1
43.233,17.3405,0.0054,0.5006,0.0000,5.3405,1
43.250,17.3488,0.0053,0.5005,0.0000,5.3488,1
43.267,17.3570,0.0052,0.4878,0.0000,5.3570,1
43.283,17.3649,0.0051,0.4770,0.0000,5.3649,1
43.300,17.3728,0.0050,0.4750,0.0000,5.3728,1
43.317,17.3809,0.0050,0.4870,0.0000,5.3809,1
43.333,17.3892,0.0049,0.4959,0.0000,5.3892,1
43.350,17.3975,0.0048,0.4998,0.0000,5.3975,1
43.367,17.4059,0.0047,0.5006,0.0000,5.4059,1
43.383,17.4142,0.0047,0.5008,0.0000,5.4142,1
43.400,17.4226,0.0046,0.5010,0.0000,5.4226,1
43.417,17.4309,0.0045,0.5008,0.0000,5.4309,1
43.433,17.4393,0.0045,0.5009,0.0000,5.4393,1
43.450,17.4476,0.0044,0.5009,0.0000,5.4476,1
43.467,17.4560,0.0044,0.5011,0.0000,5.4560,1
43.483,17.4641,0.0043,0.4880,0.0000,5.4641,1
43.500,17.4720,0.0043,0.4771,0.0000,5.4721,1
43.517,17.4802,0.0042,0.4875,0.0000,5.4802,1
43.533,17.4885,0.0042,0.4978,0.0000,5.4885,1
43.550,17.4968,0.0041,0.4998,0.0000,5.4968,1
43.567,17.5051,0.0041,0.5001,0.0000,5.5051,1
43.583,17.5135,0.0040,0.5005,0.0000,5.5135,1
43.600,17.5218,0.0040,0.5003,0.0000,5.5218,1
43.617,17.5302,0.0039,0.5003,0.0000,5.5302,1
43.633,17.5385,0.0039,0.5001,0.0000,5.5385,1
43.650,17.5468,0.0038,0.4998,0.0000,5.5468,1
43.667,17.5552,0.0038,0.4999,0.0000,5.5552,1
43.683,17.5633,0.0038,0.4872,0.0000,5.5633,1
43.700,17.5712,0.0037,0.4763,0.0000,5.5712,1
43.717,17.5791,0.0037,0.4740,0.0000,5.5791,1
43.733,17.5872,0.0036,0.4862,0.0000,5.5872,1
43.750,17.5955,0.0036,0.4970,0.0000,5.5955,1
43.767,17.6038,0.0035,0.4992,0.0000,5.6038,1
43.783,17.6121,0.0035,0.4994,0.0000,5.6121,1
43.800,17.6205,0.0034,0.4995,0.0000,5.6205,1
43.817,17.6288,0.0033,0.4997,0.0000,5.6288,1
43.833,17.6371,0.0033,0.4996,0.0000,5.6371,1
43.850,17.6454,0.0032,0.4997,0.0000,5.6454,1
43.867,17.6538,0.0031,0.4999,0.0000,5.6538,1
43.883,17.6619,0.0030,0.4869,0.0000,5.6619,1
43.900,17.6698,0.0029,0.4762,0.0000,5.6698,1
43.917,17.6777,0.0028,0.4739,0.0000,5.6777,1
43.933,17.6858,0.0028,0.4864,0.0000,5.6858,1
43.950,17.6941,0.0027,0.4972,0.0000,5.6941,1
43.967,17.7024,0.0026,0.4995,0.0000,5.7024,1
43.983,17.7108,0.0025,0.4997,0.0000,5.7108,1
44.000,17.7191,0.0024,0.5004,0.0000,5.7191,1
44.017,17.7274,0.0023,0.5004,0.0000,5.7274,1
44.033,17.7358,0.0022,0.5001,0.0000,5.7358,1
44.050,17.7441,0.0021,0.5005,0.0000,5.7441,1
44.067,17.7525,0.0020,0.5004,0.0000,5.7525,1
44.083,17.7608,0.0019,0.5003,0.0000,5.7608,1
44.100,17.7689,0.0018,0.4878,0.0000,5.7689,1
44.117,17.7771,0.0017,0.4897,0.0000,5.7771,1
44.133,17.7854,0.0016,0.4983,0.0000,5.7854,1
44.150,17.7937,0.0014,0.5005,0.0000,5.7937,1
44.167,17.8021,0.0013,0.5006,0.0000,5.8021,1
44.183,17.8102,0.0012,0.4881,0.0000,5.8102,1
44.200,17.8182,0.0011,0.4771,0.0000,5.8182,1
44.217,17.8261,0.0010,0.4751,0.0000,5.8261,1
44.233,17.8342,0.0009,0.4876,0.0000,5.8342,1
44.250,17.8425,0.0008,0.4980,0.0000,5.8425,1
44.267,17.8508,0.0007,0.5003,0.0000,5.8508,1
44.283,17.8592,0.0006,0.5010,0.0000,5.8592,1
44.300,17.8675,0.0005,0.5010,0.0000,5.8675,1
44.317,17.8759,0.0004,0.5007,0.0000,5.8759,1
44.333,17.8842,0.0002,0.5010,0.0000,5.8842,1
44.350,17.8926,0.0001,0.5008,0.0000,5.8926,1
44.367,17.9009,0.0000,0.5005,0.0000,5.9009,1
44.383,17.9093,-0.0001,0.5006,0.0000,5.9093,1
44.400,17.9174,-0.0002,0.4877,0.0000,5.9174,1
44.417,17.9253,-0.0003,0.4768,0.0000,5.9253,1
44.433,17.9335,-0.0004,0.4870,0.0000,5.9335,1
44.450,17.9417,-0.0005,0.4974,0.0000,5.9417,1
44.467,17.9501,-0.0006,0.4994,0.0000,5.9501,1
44.483,17.9584,-0.0008,0.4999,0.0000,5.9584,1
44.500,17.9667,-0.0009,0.5000,0.0000,5.9667,1
44.517,17.9751,-0.0010,0.5000,0.0000,5.9751,1
44.533,17.9834,-0.0011,0.5000,0.0000,5.9834,1
44.550,17.9917,-0.0012,0.5000,0.0000,5.9917,1
44.567,18.0001,-0.0013,0.4997,0.0000,6.0001,1
44.583,18.0084,-0.0014,0.4997,0.0000,6.0084,1
44.600,18.0165,-0.0015,0.4871,0.0000,6.0165,1
44.617,18.0244,-0.0016,0.4761,0.0000,6.0244,1
44.633,18.0325,-0.0017,0.4865,0.0000,6.0325,1
44.650,18.0408,-0.0019,0.4973,0.0000,6.0408,1
44.667,18.0491,-0.0020,0.4991,0.0000,6.0491,1
44.683,18.0575,-0.0021,0.4997,0.0000,6.0575,1
44.700,18.0658,-0.0022,0.4998,0.0000,6.0658,1
44.717,18.0741,-0.0024,0.4997,0.0000,6.0741,1
44.733,18.0825,-0.0025,0.5001,0.0000,6.0825,1
44.750,18.0908,-0.0026,0.4999,0.0000,6.0908,1
44.767,18.0991,-0.0028,0.5001,0.0000,6.0991,1
44.783,18.1073,-0.0029,0.4874,0.0000,6.1073,1
44.800,18.1152,-0.0030,0.4767,0.0000,6.1152,1
44.817,18.1231,-0.0032,0.4747,0.0000,6.1231,1
44.833,18.1312,-0.0033,0.4867,0.0000,6.1312,1
44.850,18.1395,-0.0034,0.4971,0.0000,6.1395,1
44.867,18.1478,-0.0036,0.4997,0.0000,6.1478,1
44.883,18.1562,-0.0037,0.5004,0.0000,6.1562,1
44.900,18.1645,-0.0038,0.5004,0.0000,6.1645,1
44.917,18.1728,-0.0039,0.5006,0.0000,6.1728,1
44.933,18.1812,-0.0041,0.5007,0.0000,6.1812,1
44.950,18.1895,-0.0042,0.5007,0.0000,6.1895,1
44.967,18.1979,-0.0043,0.5008,0.0000,6.1979,1
44.983,18.2062,-0.0044,0.5005,0.0000,6.2062,1
45.000,18.2144,-0.0046,0.4883,0.0000,6.2144,1
45.017,18.2223,-0.0047,0.4774,0.0000,6.2223,1
45.033,18.2302,-0.0048,0.4750,0.0000,6.2302,1
45.050,18.2381,-0.0049,0.4747,0.0000,6.2381,1
45.067,18.2463,-0.0050,0.4871,0.0000,6.2463,1
45.083,18.2546,-0.0051,0.4980,0.0000,6.2546,1
45.100,18.2629,-0.0052,0.5004,0.0000,6.2629,1
45.117,18.2712,-0.0053,0.5008,0.0000,6.2712,1
45.133,18.2796,-0.0054,0.5008,0.0000,6.2796,1
45.150,18.2879,-0.0056,0.5007,0.0000,6.2879,1
45.167,18.2963,-0.0057,0.5009,0.0000,6.2963,1
45.183,18.3046,-0.0058,0.5004,0.0000,6.3046,1
45.200,18.3130,-0.0059,0.5004,0.0000,6.3130,1
45.217,18.3213,-0.0060,0.5004,0.0000,6.3213,1
45.233,18.3296,-0.0061,0.5005,0.0000,6.3296,1
45.250,18.3380,-0.0062,0.5003,0.0000,6.3380,1
45.267,18.3463,-0.0063,0.5005,0.0000,6.3463,1
45.283,18.3547,-0.0064,0.5003,0.0000,6.3547,1
45.300,18.3628,-0.0065,0.4873,0.0000,6.3628,1
45.317,18.3707,-0.0065,0.4766,0.0000,6.3707,1
45.333,18.3786,-0.0066,0.4744,0.0000,6.3786,1
45.350,18.3867,-0.0067,0.4863,0.0000,6.3867,1
45.367,18.3950,-0.0068,0.4972,0.0000,6.3950,1
45.383,18.4033,-0.0069,0.4995,0.0000,6.4033,1
45.400,18.4117,-0.0070,0.5000,0.0000,6.4117,1
45.417,18.4200,-0.0071,0.4998,0.0000,6.4200,1
45.433,18.4283,-0.0072,0.4997,0.0000,6.4283,1
45.450,18.4367,-0.0073,0.4997,0.0000,6.4367,1
45.467,18.4450,-0.0073,0.4997,0.0000,6.4450,1
45.483,18.4533,-0.0074,0.4996,0.0000,6.4533,1
45.500,18.4616,-0.0075,0.4997,0.0000,6.4616,1
45.517,18.4698,-0.0076,0.4869,0.0000,6.4698,1
45.533,18.4777,-0.0077,0.4761,0.0000,6.4777,1
45.550,18.4856,-0.0078,0.4745,0.0000,6.4856,1
45.567,18.4937,-0.0079,0.4865,0.0000,6.4937,1
45.583,18.5020,-0.0080,0.4969,0.0000,6.5020,1
45.600,18.5103,-0.0081,0.4993,0.0000,6.5103,1
45.617,18.5186,-0.0082,0.5000,0.0000,6.5186,1
45.633,18.5270,-0.0083,0.5001,0.0000,6.5270,1
45.650,18.5353,-0.0084,0.5003,0.0000,6.5353,1
45.667,18.5436,-0.0085,0.5000,0.0000,6.5436,1
45.683,18.5520,-0.0086,0.5007,0.0000,6.5520,1
45.700,18.5603,-0.0087,0.5006,0.0000,6.5603,1
45.717,18.5687,-0.0088,0.5005,0.0000,6.5687,1
45.733,18.5770,-0.0089,0.5006,0.0000,6.5770,1
45.750,18.5854,-0.0089,0.5007,0.0000,6.5854,1
45.767,18.5937,-0.0090,0.5008,0.0000,6.5937,1
45.783,18.6021,-0.0091,0.5007,0.0000,6.6021,1
45.800,18.6104,-0.0092,0.5007,0.0000,6.6104,1
45.817,18.6185,-0.0093,0.4881,0.0000,6.6185,1
45.833,18.6265,-0.0094,0.4774,0.0000,6.6265,1
45.850,18.6346,-0.0095,0.4880,0.0000,6.6346,1
45.867,18.6429,-0.0096,0.4980,0.0000,6.6429,1
45.883,18.6513,-0.0096,0.5002,0.0000,6.6513,1
45.900,18.6596,-0.0097,0.5008,0.0000,6.6596,1
45.917,18.6679,-0.0098,0.5008,0.0000,6.6680,1
45.933,18.6763,-0.0099,0.5009,0.0000,6.6763,1
45.950,18.6846,-0.0100,0.5008,0.0000,6.6847,1
45.967,18.6930,-0.0100,0.5006,0.0000,6.6930,1
45.983,18.7013,-0.0101,0.5006,0.0000,6.7013,1
46.000,18.7097,-0.0102,0.5004,0.0000,6.7097,1
46.017,18.7178,-0.0102,0.4879,0.0000,6.7178,1
46.033,18.7257,-0.0103,0.4771,0.0000,6.7258,1
46.050,18.7337,-0.0104,0.4748,0.0000,6.7337,1
46.067,18.7418,-0.0104,0.4867,0.0000,6.7418,1
46.083,18.7501,-0.0105,0.4975,0.0000,6.7501,1
46.100,18.7584,-0.0106,0.4997,0.0000,6.7584,1
46.117,18.7667,-0.0106,0.5001,0.0000,6.7667,1
46.133,18.7751,-0.0107,0.5004,0.0000,6.7751,1
46.150,18.7834,-0.0108,0.4999,0.0000,6.7834,1
46.167,18.7917,-0.0109,0.5000,0.0000,6.7917,1
46.183,18.8001,-0.0109,0.5002,0.0000,6.8001,1
46.200,18.8084,-0.0110,0.4998,0.0000,6.8084,1
46.217,18.8165,-0.0111,0.4868,0.0000,6.8165,1
46.233,18.8247,-0.0111,0.4888,0.0000,6.8247,1
46.250,18.8330,-0.0112,0.4975,0.0000,6.8330,1
46.267,18.8413,-0.0112,0.4993,0.0000,6.8413,1
46.283,18.8496,-0.0113,0.4994,0.0000,6.8496,1
46.300,18.8579,-0.0114,0.4995,0.0000,6.8579,1
46.317,18.8662,-0.0114,0.4997,0.0000,6.8663,1
46.333,18.8746,-0.0115,0.4995,0.0000,6.8746,1
46.350,18.8829,-0.0115,0.4998,0.0000,6.8829,1
46.367,18.8912,-0.0116,0.4998,0.0000,6.8912,1
46.383,18.8996,-0.0116,0.4998,0.0000,6.8996,1
46.400,18.9077,-0.0117,0.4871,0.0000,6.9077,1
46.417,18.9156,-0.0117,0.4765,0.0000,6.9156,1
46.433,18.9237,-0.0118,0.4871,0.0000,6.9238,1
46.450,18.9320,-0.0119,0.4976,0.0000,6.9320,1
46.467,18.9404,-0.0119,0.4996,0.0000,6.9404,1
46.483,18.9487,-0.0120,0.5001,0.0000,6.9487,1
46.500,18.9570,-0.0121,0.5002,0.0000,6.9570,1
46.517,18.9654,-0.0122,0.5002,0.0000,6.9654,1
46.533,18.9737,-0.0122,0.5007,0.0000,6.9737,1
46.550,18.9821,-0.0123,0.5005,0.0000,6.9821,1
46.567,18.9904,-0.0124,0.5006,0.0000,6.9904,1
46.583,18.9987,-0.0125,0.5008,0.0000,6.9988,1
46.600,19.0071,-0.0125,0.5007,0.0000,7.0071,1
46.617,19.0152,-0.0126,0.4880,0.0000,7.0152,1
46.633,19.0232,-0.0127,0.4771,0.0000,7.0232,1
46.650,19.0311,-0.0127,0.4754,0.0000,7.0311,1
46.667,19.0392,-0.0128,0.4873,0.0000,7.0392,1
46.683,19.0475,-0.0129,0.4983,0.0000,7.0475,1
46.700,19.0559,-0.0129,0.5006,0.0000,7.0559,1
46.717,19.0642,-0.0130,0.5010,0.0000,7.0642,1
46.733,19.0726,-0.0130,0.5008,0.0000,7.0726,1
46.750,19.0809,-0.0131,0.5008,0.0000,7.0809,1
46.767,19.0893,-0.0131,0.5007,0.0000,7.0893,1
46.783,19.0976,-0.0132,0.5010,0.0000,7.0976,1
46.800,19.1059,-0.0132,0.5005,0.0000,7.1060,1
46.817,19.1143,-0.0133,0.5006,0.0000,7.1143,1
46.833,19.1226,-0.0133,0.5006,0.0000,7.1226,1
46.850,19.1310,-0.0133,0.5008,0.0000,7.1310,1
46.867,19.1393,-0.0134,0.5003,0.0000,7.1393,1
46.883,19.1477,-0.0134,0.5007,0.0000,7.1477,1
46.900,19.1560,-0.0134,0.5007,0.0000,7.1560,1
46.917,19.1643,-0.0135,0.5001,0.0000,7.1644,1
46.933,19.1727,-0.0135,0.5001,0.0000,7.1727,1
46.950,19.1810,-0.0135,0.5000,0.0000,7.1810,1
46.967,19.1893,-0.0135,0.5000,0.0000,7.1894,1
46.983,19.1977,-0.0135,0.4995,0.0000,7.1977,1
47.000,19.2060,-0.0136,0.4999,0.0000,7.2060,1
47.017,19.2143,-0.0136,0.4999,0.0000,7.2143,1
47.033,19.2227,-0.0136,0.4999,0.0000,7.2227,1
47.050,19.2310,-0.0136,0.4999,0.0000,7.2310,1
47.067,19.2393,-0.0136,0.4994,0.0000,7.2393,1
47.083,19.2476,-0.0136,0.4998,0.0000,7.2477,1
47.100,19.2560,-0.0136,0.5000,0.0000,7.2560,1
47.117,19.2641,-0.0136,0.4867,0.0000,7.2641,1
47.133,19.2720,-0.0136,0.4763,0.0000,7.2720,1
47.150,19.2799,-0.0137,0.4740,0.0000,7.2799,1
47.167,19.2880,-0.0137,0.4863,0.0000,7.2880,1
47.183,19.2963,-0.0137,0.4964,0.0000,7.2963,1
47.200,19.3046,-0.0137,0.4991,0.0000,7.3046,1
47.217,19.3130,-0.0137,0.5000,0.0000,7.3130,1
47.233,19.3213,-0.0137,0.5001,0.0000,7.3213,1
47.250,19.3296,-0.0137,0.4998,0.0000,7.3296,1
47.267,19.3380,-0.0137,0.5001,0.0000,7.3380,1
47.283,19.3463,-0.0137,0.4999,0.0000,7.3463,1
47.300,19.3546,-0.0137,0.5001,0.0000,7.3546,1
47.317,19.3630,-0.0137,0.5003,0.0000,7.3630,1
47.333,19.3711,-0.0137,0.4877,0.0000,7.3711,1
47.350,19.3793,-0.0137,0.4897,0.0000,7.3793,1
47.367,19.3876,-0.0138,0.4985,0.0000,7.3876,1
47.383,19.3959,-0.0138,0.5002,0.0000,7.3959,1
47.400,19.4042,-0.0138,0.5005,0.0000,7.4043,1
47.417,19.4126,-0.0138,0.5008,0.0000,7.4126,1
47.433,19.4209,-0.0138,0.5008,0.0000,7.4209,1
47.450,19.4293,-0.0138,0.5005,0.0000,7.4293,1
47.467,19.4376,-0.0138,0.5010,0.0000,7.4376,1
47.483,19.4460,-0.0138,0.5006,0.0000,7.4460,1
47.500,19.4543,-0.0138,0.5007,0.0000,7.4543,1
47.517,19.4625,-0.0138,0.4884,0.0000,7.4625,1
47.533,19.4704,-0.0138,0.4771,0.0000,7.4704,1
47.550,19.4783,-0.0138,0.4753,0.0000,7.4783,1
47.567,19.4864,-0.0138,0.4873,0.0000,7.4865,1
47.583,19.4947,-0.0138,0.4972,0.0000,7.4947,1
47.600,19.5031,-0.0138,0.5000,0.0000,7.5031,1
47.617,19.5114,-0.0138,0.5006,0.0000,7.5114,1
47.633,19.5195,-0.0138,0.4877,0.0000,7.5196,1
47.650,19.5275,-0.0138,0.4771,0.0000,7.5275,1
47.667,19.5354,-0.0138,0.4750,0.0000,7.5354,1
47.683,19.5435,-0.0138,0.4869,0.0000,7.5435,1
47.700,19.5518,-0.0138,0.4976,0.0000,7.5518,1
47.717,19.5602,-0.0138,0.5000,0.0000,7.5602,1
47.733,19.5685,-0.0138,0.5002,0.0000,7.5685,1
47.750,19.5768,-0.0138,0.5002,0.0000,7.5768,1
47.767,19.5852,-0.0138,0.5001,0.0000,7.5852,1
47.783,19.5935,-0.0138,0.5001,0.0000,7.5935,1
47.800,19.6018,-0.0138,0.5000,0.0000,7.6018,1
47.817,19.6102,-0.0138,0.4999,0.0000,7.6102,1
47.833,19.6183,-0.0138,0.4872,0.0000,7.6183,1
47.850,19.6264,-0.0138,0.4892,0.0000,7.6264,1
47.867,19.6347,-0.0137,0.4974,0.0000,7.6347,1
47.883,19.6430,-0.0137,0.4992,0.0000,7.6431,1
47.900,19.6514,-0.0137,0.4994,0.0000,7.6514,1
47.917,19.6597,-0.0137,0.4998,0.0000,7.6597,1
47.933,19.6680,-0.0137,0.4999,0.0000,7.6680,1
47.950,19.6764,-0.0137,0.4998,0.0000,7.6764,1
47.967,19.6847,-0.0137,0.4996,0.0000,7.6847,1
47.983,19.6930,-0.0137,0.4995,0.0000,7.6930,1
48.000,19.7013,-0.0136,0.4994,0.0000,7.7013,1
48.017,19.7097,-0.0136,0.4999,0.0000,7.7097,1
48.033,19.7180,-0.0136,0.4998,0.0000,7.7180,1
48.050,19.7263,-0.0136,0.5000,0.0000,7.7263,1
48.067,19.7347,-0.0136,0.5000,0.0000,7.7347,1
48.083,19.7430,-0.0136,0.5001,0.0000,7.7430,1
48.100,19.7513,-0.0136,0.5000,0.0000,7.7513,1
48.117,19.7597,-0.0136,0.5005,0.0000,7.7597,1
48.133,19.7680,-0.0136,0.5003,0.0000,7.7680,1
48.150,19.7763,-0.0135,0.5005,0.0000,7.7764,1
48.167,19.7847,-0.0135,0.5003,0.0000,7.7847,1
48.183,19.7930,-0.0135,0.5003,0.0000,7.7930,1
48.200,19.8014,-0.0135,0.5002,0.0000,7.8014,1
48.217,19.8097,-0.0135,0.5007,0.0000,7.8097,1
48.233,19.8181,-0.0135,0.5007,0.0000,7.8181,1
48.250,19.8264,-0.0135,0.5007,0.0000,7.8264,1
48.267,19.8347,-0.0135,0.5008,0.0000,7.8348,1
48.283,19.8431,-0.0135,0.5009,0.0000,7.8431,1
48.300,19.8514,-0.0135,0.5007,0.0000,7.8514,1
48.317,19.8598,-0.0135,0.5007,0.0000,7.8598,1
48.333,19.8681,-0.0135,0.5010,0.0000,7.8681,1
48.350,19.8765,-0.0135,0.5009,0.0000,7.8765,1
48.367,19.8848,-0.0135,0.5007,0.0000,7.8848,1
48.383,19.8932,-0.0135,0.5008,0.0000,7.8932,1
48.400,19.9015,-0.0135,0.5008,0.0000,7.9015,1
48.417,19.9099,-0.0135,0.5008,0.0000,7.9099,1
48.433,19.9182,-0.0135,0.5006,0.0000,7.9182,1
48.450,19.9266,-0.0134,0.5009,0.0000,7.9266,1
48.467,19.9349,-0.0134,0.5008,0.0000,7.9349,1
48.483,19.9432,-0.0134,0.5006,0.0000,7.9433,1
48.500,19.9516,-0.0134,0.5005,0.0000,7.9516,1
48.517,19.9599,-0.0134,0.5006,0.0000,7.9599,1
48.533,19.9683,-0.0134,0.5003,0.0000,7.9683,1
48.550,19.9766,-0.0134,0.5002,0.0000,7.9766,1
48.567,19.9849,-0.0134,0.5002,0.0000,7.9850,1
48.583,19.9933,-0.0134,0.4999,0.0000,7.9933,1
48.600,20.0016,-0.0133,0.5001,0.0000,8.0016,1
48.617,20.0099,-0.0133,0.5002,0.0000,8.0100,1
48.633,20.0183,-0.0133,0.4998,0.0000,8.0183,1
48.650,20.0266,-0.0133,0.4997,0.0000,8.0266,1
48.667,20.0349,-0.0133,0.4999,0.0000,8.0349,1
48.683,20.0433,-0.0133,0.4997,0.0000,8.0433,1
48.700,20.0516,-0.0132,0.4997,0.0000,8.0516,1
48.717,20.0599,-0.0132,0.4999,0.0000,8.0599,1
48.733,20.0682,-0.0132,0.4995,0.0000,8.0683,1
48.750,20.0766,-0.0132,0.4997,0.0000,8.0766,1
48.767,20.0849,-0.0132,0.4997,0.0000,8.0849,1
48.783,20.0932,-0.0132,0.4998,0.0000,8.0932,1
48.800,20.1016,-0.0131,0.4998,0.0000,8.1016,1
48.817,20.1099,-0.0131,0.4996,0.0000,8.1099,1
48.833,20.1182,-0.0131,0.4995,0.0000,8.1182,1
48.850,20.1265,-0.0131,0.4999,0.0000,8.1266,1
48.867,20.1349,-0.0131,0.4998,0.0000,8.1349,1
48.883,20.1432,-0.0131,0.5002,0.0000,8.1432,1
48.900,20.1515,-0.0131,0.5000,0.0000,8.1516,1
48.917,20.1599,-0.0131,0.4999,0.0000,8.1599,1
48.933,20.1682,-0.0131,0.5003,0.0000,8.1682,1
48.950,20.1765,-0.0131,0.5002,0.0000,8.1766,1
48.967,20.1849,-0.0131,0.5001,0.0000,8.1849,1
48.983,20.1932,-0.0131,0.5005,0.0000,8.1932,1
49.000,20.2016,-0.0131,0.5005,0.0000,8.2016,1
49.017,20.2099,-0.0131,0.5005,0.0000,8.2099,1
49.033,20.2183,-0.0131,0.5007,0.0000,8.2183,1
49.050,20.2266,-0.0131,0.5009,0.0000,8.2266,1
49.067,20.2349,-0.0131,0.5008,0.0000,8.2350,1
49.083,20.2433,-0.0131,0.5008,0.0000,8.2433,1
49.100,20.2516,-0.0132,0.5008,0.0000,8.2517,1
49.117,20.2600,-0.0132,0.5009,0.0000,8.2600,1
49.133,20.2683,-0.0132,0.5008,0.0000,8.2683,1
49.150,20.2767,-0.0132,0.5009,0.0000,8.2767,1
49.167,20.2850,-0.0132,0.5009,0.0000,8.2850,1
49.183,20.2934,-0.0132,0.5010,0.0000,8.2934,1
49.200,20.3017,-0.0132,0.5006,0.0000,8.3017,1
49.217,20.3101,-0.0132,0.5008,0.0000,8.3101,1
49.233,20.3182,-0.0132,0.4879,0.0000,8.3182,1
49.250,20.3262,-0.0131,0.4773,0.0000,8.3262,1
49.267,20.3343,-0.0131,0.4876,0.0000,8.3343,1
49.283,20.3426,-0.0131,0.4979,0.0000,8.3426,1
49.300,20.3509,-0.0131,0.5001,0.0000,8.3509,1
49.317,20.3593,-0.0131,0.5005,0.0000,8.3593,1
49.333,20.3676,-0.0130,0.5003,0.0000,8.3676,1
49.350,20.3759,-0.0130,0.5002,0.0000,8.3759,1
49.367,20.3843,-0.0130,0.5005,0.0000,8.3843,1
49.383,20.3926,-0.0130,0.4999,0.0000,8.3926,1
49.400,20.4009,-0.0129,0.4999,0.0000,8.4009,1
49.417,20.4093,-0.0129,0.5002,0.0000,8.4093,1
49.433,20.4176,-0.0129,0.4999,0.0000,8.4176,1
49.450,20.4259,-0.0129,0.4999,0.0000,8.4259,1
49.467,20.4343,-0.0129,0.5000,0.0000,8.4343,1
49.483,20.4426,-0.0128,0.5000,0.0000,8.4426,1
49.500,20.4509,-0.0128,0.4999,0.0000,8.4509,1
49.517,20.4591,-0.0128,0.4872,0.0000,8.4591,1
49.533,20.4670,-0.0128,0.4760,0.0000,8.4670,1
49.550,20.4749,-0.0127,0.4742,0.0000,8.4749,1
49.567,20.4830,-0.0127,0.4865,0.0000,8.4830,1
49.583,20.4913,-0.0127,0.4970,0.0000,8.4913,1
49.600,20.4996,-0.0127,0.4993,0.0000,8.4996,1
49.617,20.5077,-0.0126,0.4869,0.0000,8.5077,1
49.633,20.5159,-0.0126,0.4889,0.0000,8.5159,1
49.650,20.5242,-0.0126,0.4976,0.0000,8.5242,1
49.667,20.5325,-0.0126,0.4994,0.0000,8.5325,1
49.683,20.5408,-0.0125,0.4998,0.0000,8.5408,1
49.700,20.5492,-0.0125,0.5000,0.0000,8.5492,1
49.717,20.5575,-0.0125,0.5006,0.0000,8.5575,1
49.733,20.5658,-0.0125,0.5006,0.0000,8.5658,1
49.750,20.5742,-0.0124,0.5005,0.0000,8.5742,1
49.767,20.5825,-0.0124,0.5008,0.0000,8.5825,1
49.783,20.5909,-0.0124,0.5009,0.0000,8.5909,1
49.800,20.5992,-0.0123,0.5008,0.0000,8.5992,1
49.817,20.6076,-0.0123,0.5007,0.0000,8.6076,1
49.833,20.6159,-0.0122,0.5010,0.0000,8.6159,1
49.850,20.6243,-0.0122,0.5008,0.0000,8.6243,1
49.867,20.6326,-0.0121,0.5007,0.0000,8.6326,1
49.883,20.6409,-0.0120,0.5006,0.0000,8.6410,1
49.900,20.6493,-0.0120,0.5009,0.0000,8.6493,1
49.917,20.6576,-0.0119,0.5007,0.0000,8.6576,1
49.933,20.6660,-0.0118,0.5007,0.0000,8.6660,1
49.950,20.6743,-0.0117,0.5011,0.0000,8.6743,1
49.967,20.6825,-0.0116,0.4881,0.0000,8.6825,1
49.983,20.6904,-0.0115,0.4773,0.0000,8.6904,1
50.000,20.6986,-0.0114,0.4880,0.0000,8.6986,1
