t,robot_x,robot_y,robot_speed,walker_y,gap,walking
0.017,1.5000,-0.0000,0.0000,1.9000,10.6705,0
0.033,1.5000,-0.0000,0.0002,1.9000,10.6705,0
0.050,1.5000,-0.0000,0.0002,1.9000,10.6705,0
0.067,1.5000,-0.0000,0.0002,1.9000,10.6705,0
0.083,1.5000,-0.0000,0.0002,1.9000,10.6705,0
0.100,1.5000,-0.0000,0.0002,1.9000,10.6705,0
0.117,1.5000,0.0000,0.0002,1.9000,10.6705,0
0.133,1.5000,-0.0000,0.0002,1.9000,10.6705,0
0.150,1.5000,0.0000,0.0002,1.9000,10.6705,0
0.167,1.5000,-0.0000,0.0002,1.9000,10.6705,0
0.183,1.5000,0.0000,0.0002,1.9000,10.6705,0
0.200,1.5000,-0.0000,0.0002,1.9000,10.6705,0
0.217,1.5001,0.0000,0.0002,1.9000,10.6705,0
0.233,1.5001,-0.0000,0.0002,1.9000,10.6705,0
0.250,1.5001,0.0000,0.0002,1.9000,10.6705,0
0.267,1.5001,-0.0000,0.0002,1.9000,10.6705,0
0.283,1.5001,-0.0000,0.0002,1.9000,10.6705,0
0.300,1.5001,-0.0000,0.0002,1.9000,10.6704,0
0.317,1.5001,0.0000,0.0002,1.9000,10.6704,0
0.333,1.5001,0.0000,0.0002,1.9000,10.6704,0
0.350,1.5001,-0.0000,0.0002,1.9000,10.6704,0
0.367,1.5001,-0.0000,0.0002,1.9000,10.6704,0
0.383,1.5001,-0.0000,0.0002,1.9000,10.6704,0
0.400,1.5001,-0.0000,0.0002,1.9000,10.6704,0
0.417,1.5001,-0.0000,0.0002,1.9000,10.6704,0
0.433,1.5001,-0.0000,0.0002,1.9000,10.6704,0
0.450,1.5001,-0.0000,0.0002,1.9000,10.6704,0
0.467,1.5001,-0.0000,0.0002,1.9000,10.6704,0
0.483,1.5001,-0.0000,0.0002,1.9000,10.6704,0
0.500,1.5001,-0.0000,0.0002,1.9000,10.6704,0
0.517,1.5001,-0.0000,0.0002,1.9000,10.6704,0
0.533,1.5001,-0.0000,0.0002,1.9000,10.6704,0
0.550,1.5001,-0.0000,0.0002,1.9000,10.6704,0
0.567,1.5001,-0.0000,0.0002,1.9000,10.6704,0
0.583,1.5001,-0.0000,0.0002,1.9000,10.6704,0
0.600,1.5001,-0.0000,0.0002,1.9000,10.6704,0
0.617,1.5001,0.0000,0.0002,1.9000,10.6704,0
0.633,1.5001,-0.0000,0.0002,1.9000,10.6704,0
0.650,1.5001,-0.0000,0.0002,1.9000,10.6704,0
0.667,1.5002,-0.0000,0.0002,1.9000,10.6704,0
0.683,1.5002,-0.0000,0.0002,1.9000,10.6704,0
0.700,1.5002,-0.0000,0.0002,1.9000,10.6704,0
0.717,1.5002,-0.0000,0.0002,1.9000,10.6704,0
0.733,1.5002,-0.0000,0.0002,1.9000,10.6704,0
0.750,1.5002,0.0000,0.0002,1.9000,10.6704,0
0.767,1.5002,-0.0000,0.0002,1.9000,10.6704,0
0.783,1.5002,-0.0000,0.0002,1.9000,10.6703,0
0.800,1.5002,-0.0000,0.0002,1.9000,10.6703,0
0.817,1.5002,-0.0000,0.0002,1.9000,10.6703,0
0.833,1.5002,-0.0000,0.0002,1.9000,10.6703,0
0.850,1.5002,-0.0000,0.0002,1.9000,10.6703,0
0.867,1.5002,-0.0000,0.0002,1.9000,10.6703,0
0.883,1.5002,-0.0000,0.0002,1.9000,10.6703,0
0.900,1.5002,-0.0000,0.0002,1.9000,10.6703,0
0.917,1.5002,0.0000,0.0002,1.9000,10.6703,0
0.933,1.5002,-0.0000,0.0002,1.9000,10.6703,0
0.950,1.5002,-0.0000,0.0003,1.9000,10.6703,0
0.967,1.5002,-0.0000,0.0002,1.9000,10.6703,0
0.983,1.5002,-0.0000,0.0002,1.9000,10.6703,0
1.000,1.5002,-0.0000,0.0002,1.9000,10.6703,0
1.017,1.5002,-0.0000,0.0002,1.9000,10.6703,0
1.033,1.5002,-0.0000,0.0002,1.9000,10.6703,0
1.050,1.5002,0.0000,0.0002,1.9000,10.6703,0
1.067,1.5002,-0.0000,0.0002,1.9000,10.6703,0
1.083,1.5002,-0.0000,0.0002,1.9000,10.6703,0
1.100,1.5002,0.0000,0.0002,1.9000,10.6703,0
1.117,1.5002,-0.0000,0.0002,1.9000,10.6703,0
1.133,1.5003,0.0000,0.0002,1.9000,10.6703,0
1.150,1.5003,-0.0000,0.0002,1.9000,10.6703,0
1.167,1.5003,0.0000,0.0002,1.9000,10.6703,0
1.183,1.5003,-0.0000,0.0002,1.9000,10.6703,0
1.200,1.5003,-0.0000,0.0002,1.9000,10.6703,0
1.217,1.5003,-0.0000,0.0002,1.9000,10.6703,0
1.233,1.5003,-0.0000,0.0002,1.9000,10.6703,0
1.250,1.5003,-0.0000,0.0002,1.9000,10.6702,0
1.267,1.5003,0.0000,0.0002,1.9000,10.6702,0
1.283,1.5003,-0.0000,0.0002,1.9000,10.6702,0
1.300,1.5003,-0.0000,0.0002,1.9000,10.6702,0
1.317,1.5003,-0.0000,0.0002,1.9000,10.6702,0
1.333,1.5003,0.0000,0.0002,1.9000,10.6702,0
1.350,1.5003,-0.0000,0.0002,1.9000,10.6702,0
1.367,1.5003,0.0000,0.0002,1.9000,10.6702,0
1.383,1.5003,-0.0000,0.0002,1.9000,10.6702,0
1.400,1.5003,-0.0000,0.0002,1.9000,10.6702,0
1.417,1.5003,-0.0000,0.0002,1.9000,10.6702,0
1.433,1.5003,-0.0000,0.0002,1.9000,10.6702,0
1.450,1.5003,0.0000,0.0002,1.9000,10.6702,0
1.467,1.5003,-0.0000,0.0002,1.9000,10.6702,0
1.483,1.5003,-0.0000,0.0002,1.9000,10.6702,0
1.500,1.5003,-0.0000,0.0002,1.9000,10.6702,0
1.517,1.5003,0.0000,0.0002,1.9000,10.6702,0
1.533,1.5003,-0.0000,0.0002,1.9000,10.6702,0
1.550,1.5003,0.0000,0.0002,1.9000,10.6702,0
1.567,1.5003,-0.0000,0.0002,1.9000,10.6702,0
1.583,1.5003,0.0000,0.0002,1.9000,10.6702,0
1.600,1.5004,-0.0000,0.0002,1.9000,10.6702,0
1.617,1.5004,0.0000,0.0002,1.9000,10.6702,0
1.633,1.5004,-0.0000,0.0002,1.9000,10.6702,0
1.650,1.5004,0.0000,0.0002,1.9000,10.6702,0
1.667,1.5004,-0.0000,0.0002,1.9000,10.6702,0
1.683,1.5004,-0.0000,0.0002,1.9000,10.6702,0
1.700,1.5004,-0.0000,0.0002,1.9000,10.6702,0
1.717,1.5004,-0.0000,0.0002,1.9000,10.6701,0
1.733,1.5004,-0.0000,0.0002,1.9000,10.6701,0
1.750,1.5004,-0.0000,0.0002,1.9000,10.6701,0
1.767,1.5004,-0.0000,0.0002,1.9000,10.6701,0
1.783,1.5004,-0.0000,0.0002,1.9000,10.6701,0
1.800,1.5004,0.0000,0.0002,1.9000,10.6701,0
1.817,1.5004,-0.0000,0.0002,1.9000,10.6701,0
1.833,1.5004,0.0000,0.0002,1.9000,10.6701,0
1.850,1.5004,-0.0000,0.0002,1.9000,10.6701,0
1.867,1.5004,-0.0000,0.0002,1.9000,10.6701,0
1.883,1.5004,-0.0000,0.0002,1.9000,10.6701,0
1.900,1.5004,-0.0000,0.0002,1.9000,10.6701,0
1.917,1.5004,-0.0000,0.0002,1.9000,10.6701,0
1.933,1.5004,0.0000,0.0002,1.9000,10.6701,0
1.950,1.5004,-0.0000,0.0002,1.9000,10.6701,0
1.967,1.5004,-0.0000,0.0002,1.9000,10.6701,0
1.983,1.5004,-0.0000,0.0002,1.9000,10.6701,0
2.000,1.5004,-0.0000,0.0002,1.9000,10.6701,0
2.017,1.5004,0.0000,0.0002,1.9000,10.6701,0
2.033,1.5004,-0.0000,0.0002,1.9000,10.6701,0
2.050,1.5005,0.0000,0.0002,1.9000,10.6701,0
2.067,1.5005,-0.0000,0.0002,1.9000,10.6701,0
2.083,1.5005,0.0000,0.0002,1.9000,10.6701,0
2.100,1.5005,-0.0000,0.0002,1.9000,10.6701,0
2.117,1.5005,0.0000,0.0002,1.9000,10.6701,0
2.133,1.5005,-0.0000,0.0002,1.9000,10.6701,0
2.150,1.5005,-0.0000,0.0002,1.9000,10.6701,0
2.167,1.5005,0.0000,0.0002,1.9000,10.6701,0
2.183,1.5005,-0.0000,0.0002,1.9000,10.6700,0
2.200,1.5005,0.0000,0.0002,1.9000,10.6700,0
2.217,1.5005,-0.0000,0.0002,1.9000,10.6700,0
2.233,1.5005,-0.0000,0.0002,1.9000,10.6700,0
2.250,1.5005,-0.0000,0.0002,1.9000,10.6700,0
2.267,1.5005,-0.0000,0.0002,1.9000,10.6700,0
2.283,1.5005,-0.0000,0.0002,1.9000,10.6700,0
2.300,1.5005,-0.0000,0.0002,1.9000,10.6700,0
2.317,1.5005,-0.0000,0.0002,1.9000,10.6700,0
2.333,1.5005,-0.0000,0.0002,1.9000,10.6700,0
2.350,1.5005,-0.0000,0.0002,1.9000,10.6700,0
2.367,1.5005,-0.0000,0.0002,1.9000,10.6700,0
2.383,1.5005,-0.0000,0.0002,1.9000,10.6700,0
2.400,1.5005,-0.0000,0.0002,1.9000,10.6700,0
2.417,1.5005,-0.0000,0.0002,1.9000,10.6700,0
2.433,1.5005,-0.0000,0.0002,1.9000,10.6700,0
2.450,1.5005,0.0000,0.0002,1.9000,10.6700,0
2.467,1.5005,-0.0000,0.0002,1.9000,10.6700,0
2.483,1.5005,-0.0000,0.0002,1.9000,10.6700,0
2.500,1.5005,-0.0000,0.0002,1.9000,10.6700,0
2.517,1.5006,0.0000,0.0002,1.9000,10.6700,0
2.533,1.5006,-0.0000,0.0002,1.9000,10.6700,0
2.550,1.5006,0.0000,0.0002,1.9000,10.6700,0
2.567,1.5006,-0.0000,0.0002,1.9000,10.6700,0
2.583,1.5006,0.0000,0.0002,1.9000,10.6700,0
2.600,1.5006,-0.0000,0.0002,1.9000,10.6700,0
2.617,1.5006,-0.0000,0.0002,1.9000,10.6700,0
2.633,1.5006,-0.0000,0.0002,1.9000,10.6700,0
2.650,1.5006,-0.0000,0.0002,1.9000,10.6699,0
2.667,1.5006,-0.0000,0.0002,1.9000,10.6699,0
2.683,1.5006,-0.0000,0.0002,1.9000,10.6699,0
2.700,1.5006,-0.0000,0.0002,1.9000,10.6699,0
2.717,1.5006,-0.0000,0.0003,1.9000,10.6699,0
2.733,1.5006,-0.0000,0.0002,1.9000,10.6699,0
2.750,1.5006,-0.0000,0.0002,1.9000,10.6699,0
2.767,1.5006,-0.0000,0.0002,1.9000,10.6699,0
2.783,1.5006,-0.0000,0.0002,1.9000,10.6699,0
2.800,1.5006,-0.0000,0.0002,1.9000,10.6699,0
2.817,1.5006,-0.0000,0.0002,1.9000,10.6699,0
2.833,1.5006,-0.0000,0.0002,1.9000,10.6699,0
2.850,1.5006,0.0000,0.0002,1.9000,10.6699,0
2.867,1.5006,-0.0000,0.0002,1.9000,10.6699,0
2.883,1.5006,-0.0000,0.0002,1.9000,10.6699,0
2.900,1.5006,-0.0000,0.0002,1.9000,10.6699,0
2.917,1.5006,0.0000,0.0002,1.9000,10.6699,0
2.933,1.5006,-0.0000,0.0002,1.9000,10.6699,0
2.950,1.5006,0.0000,0.0002,1.9000,10.6699,0
2.967,1.5006,-0.0000,0.0002,1.9000,10.6699,0
2.983,1.5007,0.0000,0.0002,1.9000,10.6699,0
3.000,1.5007,-0.0000,0.0002,1.9000,10.6699,0
3.017,1.5007,0.0000,0.0002,1.9000,10.6699,0
3.033,1.5007,-0.0000,0.0002,1.9000,10.6699,0
3.050,1.5007,0.0000,0.0002,1.9000,10.6699,0
3.067,1.5007,-0.0000,0.0002,1.9000,10.6699,0
3.083,1.5007,0.0000,0.0002,1.9000,10.6699,0
3.100,1.5007,-0.0000,0.0002,1.9000,10.6699,0
3.117,1.5007,0.0000,0.0002,1.9000,10.6698,0
3.133,1.5007,-0.0000,0.0002,1.9000,10.6698,0
3.150,1.5007,0.0000,0.0002,1.9000,10.6698,0
3.167,1.5007,-0.0000,0.0002,1.9000,10.6698,0
3.183,1.5007,-0.0000,0.0002,1.9000,10.6698,0
3.200,1.5007,-0.0000,0.0002,1.9000,10.6698,0
3.217,1.5007,0.0000,0.0002,1.9000,10.6698,0
3.233,1.5007,-0.0000,0.0002,1.9000,10.6698,0
3.250,1.5007,-0.0000,0.0002,1.9000,10.6698,0
3.267,1.5007,-0.0000,0.0002,1.9000,10.6698,0
3.283,1.5007,-0.0000,0.0002,1.9000,10.6698,0
3.300,1.5007,-0.0000,0.0002,1.9000,10.6698,0
3.317,1.5007,-0.0000,0.0002,1.9000,10.6698,0
3.333,1.5007,-0.0000,0.0002,1.9000,10.6698,0
3.350,1.5007,-0.0000,0.0002,1.9000,10.6698,0
3.367,1.5007,-0.0000,0.0002,1.9000,10.6698,0
3.383,1.5007,-0.0000,0.0002,1.9000,10.6698,0
3.400,1.5007,-0.0000,0.0002,1.9000,10.6698,0
3.417,1.5007,0.0000,0.0002,1.9000,10.6698,0
3.433,1.5007,-0.0000,0.0002,1.9000,10.6698,0
3.450,1.5008,-0.0000,0.0002,1.9000,10.6698,0
3.467,1.5008,-0.0000,0.0002,1.9000,10.6698,0
3.483,1.5008,-0.0000,0.0002,1.9000,10.6698,0
3.500,1.5008,-0.0000,0.0002,1.9000,10.6698,0
3.517,1.5008,-0.0000,0.0002,1.9000,10.6698,0
3.533,1.5008,-0.0000,0.0002,1.9000,10.6698,0
3.550,1.5008,-0.0000,0.0002,1.9000,10.6698,0
3.567,1.5008,-0.0000,0.0002,1.9000,10.6698,0
3.583,1.5008,-0.0000,0.0002,1.9000,10.6698,0
3.600,1.5008,-0.0000,0.0002,1.9000,10.6697,0
3.617,1.5008,-0.0000,0.0002,1.9000,10.6697,0
3.633,1.5008,-0.0000,0.0002,1.9000,10.6697,0
3.650,1.5008,-0.0000,0.0002,1.9000,10.6697,0
3.667,1.5008,-0.0000,0.0002,1.9000,10.6697,0
3.683,1.5008,-0.0000,0.0002,1.9000,10.6697,0
3.700,1.5008,-0.0000,0.0002,1.9000,10.6697,0
3.717,1.5008,-0.0000,0.0002,1.9000,10.6697,0
3.733,1.5008,-0.0000,0.0002,1.9000,10.6697,0
3.750,1.5008,-0.0000,0.0002,1.9000,10.6697,0
3.767,1.5008,0.0000,0.0002,1.9000,10.6697,0
3.783,1.5008,-0.0000,0.0002,1.9000,10.6697,0
3.800,1.5008,-0.0000,0.0002,1.9000,10.6697,0
3.817,1.5008,-0.0000,0.0002,1.9000,10.6697,0
3.833,1.5008,-0.0000,0.0002,1.9000,10.6697,0
3.850,1.5008,-0.0000,0.0002,1.9000,10.6697,0
3.867,1.5008,-0.0000,0.0002,1.9000,10.6697,0
3.883,1.5008,-0.0000,0.0002,1.9000,10.6697,0
3.900,1.5009,-0.0000,0.0002,1.9000,10.6697,0
3.917,1.5009,-0.0000,0.0002,1.9000,10.6697,0
3.933,1.5009,0.0000,0.0002,1.9000,10.6697,0
3.950,1.5009,-0.0000,0.0002,1.9000,10.6697,0
3.967,1.5009,-0.0000,0.0002,1.9000,10.6697,0
3.983,1.5009,-0.0000,0.0002,1.9000,10.6697,0
4.000,1.5009,0.0000,0.0002,1.9000,10.6697,0
4.017,1.5009,-0.0000,0.0002,1.9000,10.6697,0
4.033,1.5009,0.0000,0.0002,1.9000,10.6697,0
4.050,1.5009,-0.0000,0.0002,1.9000,10.6697,0
4.067,1.5009,-0.0000,0.0002,1.9000,10.6696,0
4.083,1.5009,0.0000,0.0002,1.9000,10.6696,0
4.100,1.5009,-0.0000,0.0002,1.9000,10.6696,0
4.117,1.5009,-0.0000,0.0002,1.9000,10.6696,0
4.133,1.5009,-0.0000,0.0002,1.9000,10.6696,0
4.150,1.5009,-0.0000,0.0002,1.9000,10.6696,0
4.167,1.5009,-0.0000,0.0002,1.9000,10.6696,0
4.183,1.5009,0.0000,0.0002,1.9000,10.6696,0
4.200,1.5009,-0.0000,0.0002,1.9000,10.6696,0
4.217,1.5009,-0.0000,0.0002,1.9000,10.6696,0
4.233,1.5009,-0.0000,0.0002,1.9000,10.6696,0
4.250,1.5009,0.0000,0.0002,1.9000,10.6696,0
4.267,1.5009,-0.0000,0.0002,1.9000,10.6696,0
4.283,1.5009,-0.0000,0.0002,1.9000,10.6696,0
4.300,1.5009,-0.0000,0.0002,1.9000,10.6696,0
4.317,1.5009,0.0000,0.0002,1.9000,10.6696,0
4.333,1.5009,-0.0000,0.0002,1.9000,10.6696,0
4.350,1.5009,0.0000,0.0002,1.9000,10.6696,0
4.367,1.5010,-0.0000,0.0002,1.9000,10.6696,0
4.383,1.5010,0.0000,0.0002,1.9000,10.6696,0
4.400,1.5010,-0.0000,0.0002,1.9000,10.6696,0
4.417,1.5010,0.0000,0.0002,1.9000,10.6696,0
4.433,1.5010,-0.0000,0.0002,1.9000,10.6696,0
4.450,1.5010,0.0000,0.0002,1.9000,10.6696,0
4.467,1.5010,-0.0000,0.0002,1.9000,10.6696,0
4.483,1.5010,0.0000,0.0002,1.9000,10.6696,0
4.500,1.5010,-0.0000,0.0002,1.9000,10.6696,0
4.517,1.5010,0.0000,0.0002,1.9000,10.6696,0
4.533,1.5010,-0.0000,0.0002,1.9000,10.6695,0
4.550,1.5010,0.0000,0.0002,1.9000,10.6695,0
4.567,1.5010,-0.0000,0.0002,1.9000,10.6695,0
4.583,1.5010,0.0000,0.0002,1.9000,10.6695,0
4.600,1.5010,-0.0000,0.0002,1.9000,10.6695,0
4.617,1.5010,0.0000,0.0002,1.9000,10.6695,0
4.633,1.5010,-0.0000,0.0002,1.9000,10.6695,0
4.650,1.5010,0.0000,0.0002,1.9000,10.6695,0
4.667,1.5010,-0.0000,0.0002,1.9000,10.6695,0
4.683,1.5010,-0.0000,0.0002,1.9000,10.6695,0
4.700,1.5010,-0.0000,0.0002,1.9000,10.6695,0
4.717,1.5010,-0.0000,0.0002,1.9000,10.6695,0
4.733,1.5010,-0.0000,0.0002,1.9000,10.6695,0
4.750,1.5010,-0.0000,0.0002,1.9000,10.6695,0
4.767,1.5010,-0.0000,0.0002,1.9000,10.6695,0
4.783,1.5010,-0.0000,0.0002,1.9000,10.6695,0
4.800,1.5010,-0.0000,0.0002,1.9000,10.6695,0
4.817,1.5011,-0.0000,0.0002,1.9000,10.6695,0
4.833,1.5011,-0.0000,0.0002,1.9000,10.6695,0
4.850,1.5011,0.0000,0.0002,1.9000,10.6695,0
4.867,1.5011,-0.0000,0.0002,1.9000,10.6695,0
4.883,1.5011,0.0000,0.0002,1.9000,10.6695,0
4.900,1.5011,-0.0000,0.0002,1.9000,10.6695,0
4.917,1.5011,0.0000,0.0002,1.9000,10.6695,0
4.933,1.5011,-0.0000,0.0002,1.9000,10.6695,0
4.950,1.5011,0.0000,0.0002,1.9000,10.6695,0
4.967,1.5011,-0.0000,0.0002,1.9000,10.6695,0
4.983,1.5011,0.0000,0.0002,1.9000,10.6695,0
5.000,1.5011,-0.0000,0.0002,1.9000,10.6694,0
5.017,1.5011,0.0000,0.0002,1.9000,10.6694,0
5.033,1.5011,-0.0000,0.0002,1.9000,10.6694,0
5.050,1.5011,0.0000,0.0002,1.9000,10.6694,0
5.067,1.5011,-0.0000,0.0002,1.9000,10.6694,0
5.083,1.5011,0.0000,0.0002,1.9000,10.6694,0
5.100,1.5011,-0.0000,0.0002,1.9000,10.6694,0
5.117,1.5011,0.0000,0.0002,1.9000,10.6694,0
5.133,1.5011,-0.0000,0.0002,1.9000,10.6694,0
5.150,1.5011,0.0000,0.0002,1.9000,10.6694,0
5.167,1.5011,-0.0000,0.0002,1.9000,10.6694,0
5.183,1.5011,0.0000,0.0002,1.9000,10.6694,0
5.200,1.5011,-0.0000,0.0002,1.9000,10.6694,0
5.217,1.5011,0.0000,0.0002,1.9000,10.6694,0
5.233,1.5011,-0.0000,0.0002,1.9000,10.6694,0
5.250,1.5011,-0.0000,0.0002,1.9000,10.6694,0
5.267,1.5011,-0.0000,0.0002,1.9000,10.6694,0
5.283,1.5012,0.0000,0.0002,1.9000,10.6694,0
5.300,1.5012,-0.0000,0.0002,1.9000,10.6694,0
5.317,1.5012,-0.0000,0.0002,1.9000,10.6694,0
5.333,1.5012,-0.0000,0.0002,1.9000,10.6694,0
5.350,1.5012,-0.0000,0.0002,1.9000,10.6694,0
5.367,1.5012,-0.0000,0.0002,1.9000,10.6694,0
5.383,1.5012,-0.0000,0.0002,1.9000,10.6694,0
5.400,1.5012,-0.0000,0.0002,1.9000,10.6694,0
5.417,1.5012,-0.0000,0.0002,1.9000,10.6694,0
5.433,1.5012,-0.0000,0.0002,1.9000,10.6694,0
5.450,1.5012,-0.0000,0.0002,1.9000,10.6694,0
5.467,1.5012,-0.0000,0.0002,1.9000,10.6693,0
5.483,1.5012,0.0000,0.0002,1.9000,10.6693,0
5.500,1.5012,-0.0000,0.0002,1.9000,10.6693,0
5.517,1.5012,-0.0000,0.0002,1.9000,10.6693,0
5.533,1.5012,-0.0000,0.0002,1.9000,10.6693,0
5.550,1.5012,-0.0000,0.0002,1.9000,10.6693,0
5.567,1.5012,-0.0000,0.0002,1.9000,10.6693,0
5.583,1.5012,-0.0000,0.0002,1.9000,10.6693,0
5.600,1.5012,-0.0000,0.0002,1.9000,10.6693,0
5.617,1.5012,-0.0000,0.0002,1.9000,10.6693,0
5.633,1.5012,0.0000,0.0002,1.9000,10.6693,0
5.650,1.5012,-0.0000,0.0002,1.9000,10.6693,0
5.667,1.5012,-0.0000,0.0002,1.9000,10.6693,0
5.683,1.5012,0.0000,0.0002,1.9000,10.6693,0
5.700,1.5012,0.0000,0.0002,1.9000,10.6693,0
5.717,1.5012,-0.0000,0.0002,1.9000,10.6693,0
5.733,1.5012,0.0000,0.0002,1.9000,10.6693,0
5.750,1.5013,-0.0000,0.0002,1.9000,10.6693,0
5.767,1.5013,0.0000,0.0002,1.9000,10.6693,0
5.783,1.5013,-0.0000,0.0002,1.9000,10.6693,0
5.800,1.5013,-0.0000,0.0002,1.9000,10.6693,0
5.817,1.5013,0.0000,0.0002,1.9000,10.6693,0
5.833,1.5013,-0.0000,0.0002,1.9000,10.6693,0
5.850,1.5013,0.0000,0.0002,1.9000,10.6693,0
5.867,1.5013,-0.0000,0.0002,1.9000,10.6693,0
5.883,1.5013,0.0000,0.0002,1.9000,10.6693,0
5.900,1.5013,-0.0000,0.0002,1.9000,10.6693,0
5.917,1.5013,0.0000,0.0002,1.9000,10.6693,0
5.933,1.5013,-0.0000,0.0002,1.9000,10.6692,0
5.950,1.5013,0.0000,0.0002,1.9000,10.6692,0
5.967,1.5013,-0.0000,0.0002,1.9000,10.6692,0
5.983,1.5013,0.0000,0.0002,1.9000,10.6692,0
6.000,1.5013,-0.0000,0.0002,1.9000,10.6692,0
6.017,1.5013,0.0000,0.0002,1.9000,10.6692,0
6.033,1.5013,-0.0000,0.0002,1.9000,10.6692,0
6.050,1.5013,-0.0000,0.0002,1.9000,10.6692,0
6.067,1.5013,-0.0000,0.0002,1.9000,10.6692,0
6.083,1.5013,-0.0000,0.0002,1.9000,10.6692,0
6.100,1.5013,-0.0000,0.0003,1.9000,10.6692,0
6.117,1.5013,-0.0000,0.0002,1.9000,10.6692,0
6.133,1.5013,0.0000,0.0002,1.9000,10.6692,0
6.150,1.5013,-0.0000,0.0002,1.9000,10.6692,0
6.167,1.5013,-0.0000,0.0002,1.9000,10.6692,0
6.183,1.5013,0.0000,0.0002,1.9000,10.6692,0
6.200,1.5014,-0.0000,0.0002,1.9000,10.6692,0
6.217,1.5014,0.0000,0.0002,1.9000,10.6692,0
6.233,1.5014,-0.0000,0.0002,1.9000,10.6692,0
6.250,1.5014,0.0000,0.0002,1.9000,10.6692,0
6.267,1.5014,-0.0000,0.0002,1.9000,10.6692,0
6.283,1.5014,0.0000,0.0002,1.9000,10.6692,0
6.300,1.5014,-0.0000,0.0002,1.9000,10.6692,0
6.317,1.5014,0.0000,0.0002,1.9000,10.6692,0
6.333,1.5014,-0.0000,0.0002,1.9000,10.6692,0
6.350,1.5014,-0.0000,0.0002,1.9000,10.6692,0
6.367,1.5014,-0.0000,0.0002,1.9000,10.6692,0
6.383,1.5014,0.0000,0.0002,1.9000,10.6692,0
6.400,1.5014,-0.0000,0.0002,1.9000,10.6691,0
6.417,1.5014,0.0000,0.0002,1.9000,10.6691,0
6.433,1.5014,-0.0000,0.0002,1.9000,10.6691,0
6.450,1.5014,-0.0000,0.0002,1.9000,10.6691,0
6.467,1.5014,-0.0000,0.0002,1.9000,10.6691,0
6.483,1.5014,-0.0000,0.0002,1.9000,10.6691,0
6.500,1.5014,0.0000,0.0002,1.9000,10.6691,0
6.517,1.5014,-0.0000,0.0002,1.9000,10.6691,0
6.533,1.5014,-0.0000,0.0002,1.9000,10.6691,0
6.550,1.5014,-0.0000,0.0002,1.9000,10.6691,0
6.567,1.5014,0.0000,0.0002,1.9000,10.6691,0
6.583,1.5014,-0.0000,0.0002,1.9000,10.6691,0
6.600,1.5014,-0.0000,0.0002,1.9000,10.6691,0
6.617,1.5014,0.0000,0.0002,1.9000,10.6691,0
6.633,1.5014,0.0000,0.0002,1.9000,10.6691,0
6.650,1.5014,-0.0000,0.0002,1.9000,10.6691,0
6.667,1.5015,-0.0000,0.0002,1.9000,10.6691,0
6.683,1.5015,-0.0000,0.0002,1.9000,10.6691,0
6.700,1.5015,-0.0000,0.0002,1.9000,10.6691,0
6.717,1.5015,-0.0000,0.0002,1.9000,10.6691,0
6.733,1.5015,-0.0000,0.0002,1.9000,10.6691,0
6.750,1.5015,-0.0000,0.0002,1.9000,10.6691,0
6.767,1.5015,-0.0000,0.0002,1.9000,10.6691,0
6.783,1.5015,0.0000,0.0002,1.9000,10.6691,0
6.800,1.5015,-0.0000,0.0002,1.9000,10.6691,0
6.817,1.5015,-0.0000,0.0002,1.9000,10.6691,0
6.833,1.5015,0.0000,0.0002,1.9000,10.6691,0
6.850,1.5015,-0.0000,0.0002,1.9000,10.6691,0
6.867,1.5015,-0.0000,0.0002,1.9000,10.6690,0
6.883,1.5015,-0.0000,0.0002,1.9000,10.6690,0
6.900,1.5015,-0.0000,0.0002,1.9000,10.6690,0
6.917,1.5015,-0.0000,0.0002,1.9000,10.6690,0
6.933,1.5015,-0.0000,0.0002,1.9000,10.6690,0
6.950,1.5015,-0.0000,0.0002,1.9000,10.6690,0
6.967,1.5015,-0.0000,0.0002,1.9000,10.6690,0
6.983,1.5015,-0.0000,0.0002,1.9000,10.6690,0
7.000,1.5015,-0.0000,0.0002,1.9000,10.6690,0
7.017,1.5015,-0.0000,0.0002,1.9000,10.6690,0
7.033,1.5015,-0.0000,0.0002,1.9000,10.6690,0
7.050,1.5015,-0.0000,0.0002,1.9000,10.6690,0
7.067,1.5015,-0.0000,0.0002,1.9000,10.6690,0
7.083,1.5015,-0.0000,0.0002,1.9000,10.6690,0
7.100,1.5015,0.0000,0.0002,1.9000,10.6690,0
7.117,1.5015,-0.0000,0.0002,1.9000,10.6690,0
7.133,1.5016,-0.0000,0.0002,1.9000,10.6690,0
7.150,1.5016,-0.0000,0.0002,1.9000,10.6690,0
7.167,1.5016,-0.0000,0.0002,1.9000,10.6690,0
7.183,1.5016,-0.0000,0.0002,1.9000,10.6690,0
7.200,1.5016,-0.0000,0.0002,1.9000,10.6690,0
7.217,1.5016,-0.0000,0.0002,1.9000,10.6690,0
7.233,1.5016,-0.0000,0.0002,1.9000,10.6690,0
7.250,1.5016,0.0000,0.0002,1.9000,10.6690,0
7.267,1.5016,-0.0000,0.0002,1.9000,10.6690,0
7.283,1.5016,-0.0000,0.0002,1.9000,10.6690,0
7.300,1.5016,-0.0000,0.0002,1.9000,10.6690,0
7.317,1.5016,-0.0000,0.0002,1.9000,10.6690,0
7.333,1.5016,0.0000,0.0002,1.9000,10.6689,0
7.350,1.5016,-0.0000,0.0002,1.9000,10.6689,0
7.367,1.5016,-0.0000,0.0002,1.9000,10.6689,0
7.383,1.5016,-0.0000,0.0002,1.9000,10.6689,0
7.400,1.5016,-0.0000,0.0002,1.9000,10.6689,0
7.417,1.5016,-0.0000,0.0002,1.9000,10.6689,0
7.433,1.5016,0.0000,0.0002,1.9000,10.6689,0
7.450,1.5016,-0.0000,0.0002,1.9000,10.6689,0
7.467,1.5016,0.0000,0.0002,1.9000,10.6689,0
7.483,1.5016,-0.0000,0.0002,1.9000,10.6689,0
7.500,1.5016,-0.0000,0.0002,1.9000,10.6689,0
7.517,1.5016,0.0000,0.0002,1.9000,10.6689,0
7.533,1.5016,-0.0000,0.0002,1.9000,10.6689,0
7.550,1.5016,-0.0000,0.0002,1.9000,10.6689,0
7.567,1.5016,-0.0000,0.0002,1.9000,10.6689,0
7.583,1.5017,-0.0000,0.0002,1.9000,10.6689,0
7.600,1.5017,-0.0000,0.0002,1.9000,10.6689,0
7.617,1.5017,0.0000,0.0002,1.9000,10.6689,0
7.633,1.5017,0.0000,0.0002,1.9000,10.6689,0
7.650,1.5017,-0.0000,0.0002,1.9000,10.6689,0
7.667,1.5017,0.0000,0.0002,1.9000,10.6689,0
7.683,1.5017,0.0000,0.0002,1.9000,10.6689,0
7.700,1.5017,-0.0000,0.0002,1.9000,10.6689,0
7.717,1.5017,-0.0000,0.0002,1.9000,10.6689,0
7.733,1.5017,-0.0000,0.0002,1.9000,10.6689,0
7.750,1.5017,-0.0000,0.0002,1.9000,10.6689,0
7.767,1.5017,-0.0000,0.0002,1.9000,10.6689,0
7.783,1.5017,-0.0000,0.0002,1.9000,10.6689,0
7.800,1.5017,0.0000,0.0002,1.9000,10.6688,0
7.817,1.5017,-0.0000,0.0002,1.9000,10.6688,0
7.833,1.5017,0.0000,0.0002,1.9000,10.6688,0
7.850,1.5017,-0.0000,0.0002,1.9000,10.6688,0
7.867,1.5017,0.0000,0.0002,1.9000,10.6688,0
7.883,1.5017,-0.0000,0.0002,1.9000,10.6688,0
7.900,1.5017,0.0000,0.0002,1.9000,10.6688,0
7.917,1.5017,-0.0000,0.0002,1.9000,10.6688,0
7.933,1.5017,0.0000,0.0002,1.9000,10.6688,0
7.950,1.5017,-0.0000,0.0002,1.9000,10.6688,0
7.967,1.5017,0.0000,0.0002,1.9000,10.6688,0
7.983,1.5017,-0.0000,0.0002,1.9000,10.6688,0
8.000,1.5017,-0.0000,0.0002,1.9000,10.6688,0
8.017,1.5017,-0.0000,0.0002,1.9000,10.6688,0
8.033,1.5017,-0.0000,0.0002,1.9000,10.6688,0
8.050,1.5018,0.0000,0.0002,1.9000,10.6688,0
8.067,1.5018,-0.0000,0.0002,1.9000,10.6688,0
8.083,1.5018,0.0000,0.0002,1.9000,10.6688,0
8.100,1.5018,-0.0000,0.0003,1.9000,10.6688,0
8.117,1.5018,0.0000,0.0002,1.9000,10.6688,0
8.133,1.5018,-0.0000,0.0002,1.9000,10.6688,0
8.150,1.5018,-0.0000,0.0002,1.9000,10.6688,0
8.167,1.5018,-0.0000,0.0002,1.9000,10.6688,0
8.183,1.5018,-0.0000,0.0002,1.9000,10.6688,0
8.200,1.5018,-0.0000,0.0002,1.9000,10.6688,0
8.217,1.5018,-0.0000,0.0002,1.9000,10.6688,0
8.233,1.5018,-0.0000,0.0002,1.9000,10.6688,0
8.250,1.5018,-0.0000,0.0002,1.9000,10.6688,0
8.267,1.5018,-0.0000,0.0002,1.9000,10.6688,0
8.283,1.5018,0.0000,0.0002,1.9000,10.6687,0
8.300,1.5018,-0.0000,0.0002,1.9000,10.6687,0
8.317,1.5018,-0.0000,0.0002,1.9000,10.6687,0
8.333,1.5018,0.0000,0.0003,1.9000,10.6687,0
8.350,1.5018,-0.0000,0.0002,1.9000,10.6687,0
8.367,1.5018,0.0000,0.0002,1.9000,10.6687,0
8.383,1.5018,-0.0000,0.0002,1.9000,10.6687,0
8.400,1.5018,-0.0000,0.0002,1.9000,10.6687,0
8.417,1.5018,-0.0000,0.0002,1.9000,10.6687,0
8.433,1.5018,-0.0000,0.0002,1.9000,10.6687,0
8.450,1.5018,0.0000,0.0002,1.9000,10.6687,0
8.467,1.5018,-0.0000,0.0002,1.9000,10.6687,0
8.483,1.5018,-0.0000,0.0002,1.9000,10.6687,0
8.500,1.5018,-0.0000,0.0002,1.9000,10.6687,0
8.517,1.5019,-0.0000,0.0002,1.9000,10.6687,0
8.533,1.5019,-0.0000,0.0002,1.9000,10.6687,0
8.550,1.5019,-0.0000,0.0002,1.9000,10.6687,0
8.567,1.5019,-0.0000,0.0002,1.9000,10.6687,0
8.583,1.5019,-0.0000,0.0002,1.9000,10.6687,0
8.600,1.5019,0.0000,0.0002,1.9000,10.6687,0
8.617,1.5019,-0.0000,0.0002,1.9000,10.6687,0
8.633,1.5019,0.0000,0.0002,1.9000,10.6687,0
8.650,1.5019,-0.0000,0.0002,1.9000,10.6687,0
8.667,1.5019,-0.0000,0.0002,1.9000,10.6687,0
8.683,1.5019,-0.0000,0.0002,1.9000,10.6687,0
8.700,1.5019,-0.0000,0.0002,1.9000,10.6687,0
8.717,1.5019,-0.0000,0.0002,1.9000,10.6687,0
8.733,1.5019,-0.0000,0.0002,1.9000,10.6687,0
8.750,1.5019,-0.0000,0.0002,1.9000,10.6686,0
8.767,1.5019,-0.0000,0.0002,1.9000,10.6686,0
8.783,1.5019,-0.0000,0.0002,1.9000,10.6686,0
8.800,1.5019,-0.0000,0.0002,1.9000,10.6686,0
8.817,1.5019,-0.0000,0.0002,1.9000,10.6686,0
8.833,1.5019,-0.0000,0.0002,1.9000,10.6686,0
8.850,1.5019,-0.0000,0.0002,1.9000,10.6686,0
8.867,1.5019,-0.0000,0.0002,1.9000,10.6686,0
8.883,1.5019,-0.0000,0.0002,1.9000,10.6686,0
8.900,1.5019,-0.0000,0.0002,1.9000,10.6686,0
8.917,1.5019,-0.0000,0.0002,1.9000,10.6686,0
8.933,1.5019,-0.0000,0.0002,1.9000,10.6686,0
8.950,1.5019,-0.0000,0.0002,1.9000,10.6686,0
8.967,1.5020,-0.0000,0.0002,1.9000,10.6686,0
8.983,1.5020,-0.0000,0.0002,1.9000,10.6686,0
9.000,1.5020,-0.0000,0.0002,1.9000,10.6686,0
9.017,1.5020,-0.0000,0.0002,1.9000,10.6686,0
9.033,1.5020,-0.0000,0.0002,1.9000,10.6686,0
9.050,1.5020,-0.0000,0.0002,1.9000,10.6686,0
9.067,1.5020,-0.0000,0.0002,1.9000,10.6686,0
9.083,1.5020,-0.0000,0.0002,1.9000,10.6686,0
9.100,1.5020,-0.0000,0.0002,1.9000,10.6686,0
9.117,1.5020,-0.0000,0.0002,1.9000,10.6686,0
9.133,1.5020,-0.0000,0.0002,1.9000,10.6686,0
9.150,1.5020,-0.0000,0.0002,1.9000,10.6686,0
9.167,1.5020,-0.0000,0.0002,1.9000,10.6686,0
9.183,1.5020,-0.0000,0.0002,1.9000,10.6686,0
9.200,1.5020,-0.0000,0.0002,1.9000,10.6686,0
9.217,1.5020,-0.0000,0.0002,1.9000,10.6685,0
9.233,1.5020,-0.0000,0.0002,1.9000,10.6685,0
9.250,1.5020,-0.0000,0.0002,1.9000,10.6685,0
9.267,1.5020,-0.0000,0.0002,1.9000,10.6685,0
9.283,1.5020,-0.0000,0.0002,1.9000,10.6685,0
9.300,1.5020,-0.0000,0.0002,1.9000,10.6685,0
9.317,1.5020,-0.0000,0.0002,1.9000,10.6685,0
9.333,1.5020,-0.0000,0.0002,1.9000,10.6685,0
9.350,1.5020,-0.0000,0.0002,1.9000,10.6685,0
9.367,1.5020,-0.0000,0.0002,1.9000,10.6685,0
9.383,1.5020,-0.0000,0.0002,1.9000,10.6685,0
9.400,1.5020,-0.0000,0.0002,1.9000,10.6685,0
9.417,1.5020,-0.0000,0.0002,1.9000,10.6685,0
9.433,1.5021,-0.0000,0.0002,1.9000,10.6685,0
9.450,1.5021,-0.0000,0.0002,1.9000,10.6685,0
9.467,1.5021,-0.0000,0.0002,1.9000,10.6685,0
9.483,1.5021,-0.0000,0.0002,1.9000,10.6685,0
9.500,1.5021,-0.0000,0.0002,1.9000,10.6685,0
9.517,1.5021,-0.0000,0.0002,1.9000,10.6685,0
9.533,1.5021,-0.0000,0.0002,1.9000,10.6685,0
9.550,1.5021,-0.0000,0.0002,1.9000,10.6685,0
9.567,1.5021,-0.0000,0.0002,1.9000,10.6685,0
9.583,1.5021,-0.0000,0.0002,1.9000,10.6685,0
9.600,1.5021,-0.0000,0.0002,1.9000,10.6685,0
9.617,1.5021,-0.0000,0.0002,1.9000,10.6685,0
9.633,1.5021,-0.0000,0.0002,1.9000,10.6685,0
9.650,1.5021,-0.0000,0.0002,1.9000,10.6685,0
9.667,1.5021,-0.0000,0.0002,1.9000,10.6685,0
9.683,1.5021,-0.0000,0.0002,1.9000,10.6684,0
9.700,1.5021,-0.0000,0.0002,1.9000,10.6684,0
9.717,1.5021,-0.0000,0.0002,1.9000,10.6684,0
9.733,1.5021,-0.0000,0.0002,1.9000,10.6684,0
9.750,1.5021,-0.0000,0.0002,1.9000,10.6684,0
9.767,1.5021,-0.0000,0.0002,1.9000,10.6684,0
9.783,1.5021,-0.0000,0.0002,1.9000,10.6684,0
9.800,1.5021,-0.0000,0.0002,1.9000,10.6684,0
9.817,1.5021,-0.0000,0.0002,1.9000,10.6684,0
9.833,1.5021,-0.0000,0.0002,1.9000,10.6684,0
9.850,1.5021,-0.0000,0.0002,1.9000,10.6684,0
9.867,1.5021,-0.0000,0.0002,1.9000,10.6684,0
9.883,1.5021,-0.0000,0.0002,1.9000,10.6684,0
9.900,1.5022,-0.0000,0.0002,1.9000,10.6684,0
9.917,1.5022,-0.0000,0.0002,1.9000,10.6684,0
9.933,1.5022,-0.0000,0.0002,1.9000,10.6684,0
9.950,1.5022,-0.0000,0.0002,1.9000,10.6684,0
9.967,1.5022,-0.0000,0.0002,1.9000,10.6684,0
9.983,1.5022,-0.0000,0.0002,1.9000,10.6684,0
10.000,1.5022,-0.0000,0.0002,1.9000,10.6684,0
10.017,1.5022,-0.0000,0.0002,1.9000,10.6684,0
10.033,1.5022,-0.0000,0.0002,1.9000,10.6684,0
10.050,1.5022,-0.0000,0.0002,1.9000,10.6684,0
10.067,1.5022,-0.0000,0.0002,1.9000,10.6684,0
10.083,1.5022,-0.0000,0.0002,1.9000,10.6684,0
10.100,1.5022,-0.0000,0.0002,1.9000,10.6684,0
10.117,1.5022,-0.0000,0.0002,1.9000,10.6684,0
10.133,1.5022,-0.0000,0.0002,1.9000,10.6684,0
10.150,1.5022,-0.0000,0.0002,1.9000,10.6683,0
10.167,1.5022,-0.0000,0.0002,1.9000,10.6683,0
10.183,1.5022,-0.0000,0.0002,1.9000,10.6683,0
10.200,1.5022,-0.0000,0.0002,1.9000,10.6683,0
10.217,1.5022,-0.0000,0.0002,1.9000,10.6683,0
10.233,1.5022,-0.0000,0.0002,1.9000,10.6683,0
10.250,1.5022,-0.0000,0.0003,1.9000,10.6683,0
10.267,1.5022,-0.0000,0.0002,1.9000,10.6683,0
10.283,1.5022,-0.0000,0.0002,1.9000,10.6683,0
10.300,1.5022,-0.0000,0.0002,1.9000,10.6683,0
10.317,1.5022,-0.0000,0.0002,1.9000,10.6683,0
10.333,1.5022,-0.0000,0.0002,1.9000,10.6683,0
10.350,1.5023,-0.0000,0.0002,1.9000,10.6683,0
10.367,1.5023,-0.0000,0.0002,1.9000,10.6683,0
10.383,1.5023,-0.0000,0.0002,1.9000,10.6683,0
10.400,1.5023,0.0000,0.0002,1.9000,10.6683,0
10.417,1.5023,-0.0000,0.0002,1.9000,10.6683,0
10.433,1.5023,-0.0000,0.0002,1.9000,10.6683,0
10.450,1.5023,-0.0000,0.0002,1.9000,10.6683,0
10.467,1.5023,-0.0000,0.0002,1.9000,10.6683,0
10.483,1.5023,-0.0000,0.0002,1.9000,10.6683,0
10.500,1.5023,-0.0000,0.0002,1.9000,10.6683,0
10.517,1.5023,-0.0000,0.0002,1.9000,10.6683,0
10.533,1.5023,-0.0000,0.0002,1.9000,10.6683,0
10.550,1.5023,-0.0000,0.0002,1.9000,10.6683,0
10.567,1.5023,-0.0000,0.0002,1.9000,10.6683,0
10.583,1.5023,-0.0000,0.0002,1.9000,10.6683,0
10.600,1.5023,-0.0000,0.0002,1.9000,10.6683,0
10.617,1.5023,-0.0000,0.0002,1.9000,10.6682,0
10.633,1.5023,-0.0000,0.0002,1.9000,10.6682,0
10.650,1.5023,-0.0000,0.0002,1.9000,10.6682,0
10.667,1.5023,-0.0000,0.0002,1.9000,10.6682,0
10.683,1.5023,-0.0000,0.0002,1.9000,10.6682,0
10.700,1.5023,-0.0000,0.0002,1.9000,10.6682,0
10.717,1.5023,-0.0000,0.0002,1.9000,10.6682,0
10.733,1.5023,-0.0000,0.0002,1.9000,10.6682,0
10.750,1.5023,-0.0000,0.0002,1.9000,10.6682,0
10.767,1.5023,-0.0000,0.0002,1.9000,10.6682,0
10.783,1.5023,-0.0000,0.0002,1.9000,10.6682,0
10.800,1.5023,-0.0000,0.0002,1.9000,10.6682,0
10.817,1.5024,-0.0000,0.0002,1.9000,10.6682,0
10.833,1.5024,-0.0000,0.0002,1.9000,10.6682,0
10.850,1.5024,-0.0000,0.0002,1.9000,10.6682,0
10.867,1.5024,-0.0000,0.0002,1.9000,10.6682,0
10.883,1.5024,-0.0000,0.0002,1.9000,10.6682,0
10.900,1.5024,-0.0000,0.0002,1.9000,10.6682,0
10.917,1.5024,-0.0000,0.0002,1.9000,10.6682,0
10.933,1.5024,-0.0000,0.0002,1.9000,10.6682,0
10.950,1.5024,-0.0000,0.0002,1.9000,10.6682,0
10.967,1.5024,-0.0000,0.0002,1.9000,10.6682,0
10.983,1.5024,-0.0000,0.0002,1.9000,10.6682,0
11.000,1.5024,-0.0000,0.0002,1.9000,10.6682,0
11.017,1.5024,-0.0000,0.0002,1.9000,10.6682,0
11.033,1.5024,-0.0000,0.0002,1.9000,10.6682,0
11.050,1.5024,-0.0000,0.0002,1.9000,10.6682,0
11.067,1.5024,-0.0000,0.0002,1.9000,10.6682,0
11.083,1.5024,-0.0000,0.0002,1.9000,10.6681,0
11.100,1.5024,-0.0000,0.0002,1.9000,10.6681,0
11.117,1.5024,-0.0000,0.0002,1.9000,10.6681,0
11.133,1.5024,-0.0000,0.0002,1.9000,10.6681,0
11.150,1.5024,-0.0000,0.0002,1.9000,10.6681,0
11.167,1.5024,-0.0000,0.0002,1.9000,10.6681,0
11.183,1.5024,-0.0000,0.0002,1.9000,10.6681,0
11.200,1.5024,-0.0000,0.0002,1.9000,10.6681,0
11.217,1.5024,-0.0000,0.0002,1.9000,10.6681,0
11.233,1.5024,-0.0000,0.0002,1.9000,10.6681,0
11.250,1.5024,-0.0000,0.0002,1.9000,10.6681,0
11.267,1.5025,-0.0000,0.0002,1.9000,10.6681,0
11.283,1.5025,-0.0000,0.0002,1.9000,10.6681,0
11.300,1.5025,-0.0000,0.0002,1.9000,10.6681,0
11.317,1.5025,-0.0000,0.0002,1.9000,10.6681,0
11.333,1.5025,-0.0000,0.0002,1.9000,10.6681,0
11.350,1.5025,-0.0000,0.0002,1.9000,10.6681,0
11.367,1.5025,-0.0000,0.0002,1.9000,10.6681,0
11.383,1.5025,-0.0000,0.0002,1.9000,10.6681,0
11.400,1.5025,-0.0000,0.0002,1.9000,10.6681,0
11.417,1.5025,-0.0000,0.0002,1.9000,10.6681,0
11.433,1.5025,-0.0000,0.0002,1.9000,10.6681,0
11.450,1.5025,-0.0000,0.0002,1.9000,10.6681,0
11.467,1.5025,-0.0000,0.0002,1.9000,10.6681,0
11.483,1.5025,-0.0000,0.0002,1.9000,10.6681,0
11.500,1.5025,-0.0000,0.0002,1.9000,10.6681,0
11.517,1.5025,-0.0000,0.0002,1.9000,10.6681,0
11.533,1.5025,-0.0000,0.0002,1.9000,10.6681,0
11.550,1.5025,-0.0000,0.0002,1.9000,10.6680,0
11.567,1.5025,0.0000,0.0002,1.9000,10.6680,0
11.583,1.5025,-0.0000,0.0002,1.9000,10.6680,0
11.600,1.5025,-0.0000,0.0002,1.9000,10.6680,0
11.617,1.5025,-0.0000,0.0002,1.9000,10.6680,0
11.633,1.5025,-0.0000,0.0002,1.9000,10.6680,0
11.650,1.5025,-0.0000,0.0002,1.9000,10.6680,0
11.667,1.5025,-0.0000,0.0002,1.9000,10.6680,0
11.683,1.5025,-0.0000,0.0002,1.9000,10.6680,0
11.700,1.5025,-0.0000,0.0002,1.9000,10.6680,0
11.717,1.5025,-0.0000,0.0002,1.9000,10.6680,0
11.733,1.5026,-0.0000,0.0002,1.9000,10.6680,0
11.750,1.5026,-0.0000,0.0002,1.9000,10.6680,0
11.767,1.5026,-0.0000,0.0002,1.9000,10.6680,0
11.783,1.5026,-0.0000,0.0002,1.9000,10.6680,0
11.800,1.5026,-0.0000,0.0002,1.9000,10.6680,0
11.817,1.5026,-0.0000,0.0002,1.9000,10.6680,0
11.833,1.5026,-0.0000,0.0002,1.9000,10.6680,0
11.850,1.5026,-0.0000,0.0002,1.9000,10.6680,0
11.867,1.5026,-0.0000,0.0002,1.9000,10.6680,0
11.883,1.5026,-0.0000,0.0002,1.9000,10.6680,0
11.900,1.5026,-0.0000,0.0002,1.9000,10.6680,0
11.917,1.5026,-0.0000,0.0002,1.9000,10.6680,0
11.933,1.5026,-0.0000,0.0002,1.9000,10.6680,0
11.950,1.5026,-0.0000,0.0002,1.9000,10.6680,0
11.967,1.5026,-0.0000,0.0002,1.9000,10.6680,0
11.983,1.5026,-0.0000,0.0002,1.9000,10.6680,0
12.000,1.5026,-0.0000,0.0002,1.9000,10.6680,0
12.017,1.5026,-0.0000,0.0002,1.9000,10.6679,0
12.033,1.5026,-0.0000,0.0002,1.9000,10.6679,0
12.050,1.5026,0.0000,0.0002,1.9000,10.6679,0
12.067,1.5026,-0.0000,0.0002,1.9000,10.6679,0
12.083,1.5026,-0.0000,0.0002,1.9000,10.6679,0
12.100,1.5026,-0.0000,0.0002,1.9000,10.6679,0
12.117,1.5026,-0.0000,0.0002,1.9000,10.6679,0
12.133,1.5026,-0.0000,0.0002,1.9000,10.6679,0
12.150,1.5026,-0.0000,0.0002,1.9000,10.6679,0
12.167,1.5026,-0.0000,0.0002,1.9000,10.6679,0
12.183,1.5027,-0.0000,0.0002,1.9000,10.6679,0
12.200,1.5027,-0.0000,0.0002,1.9000,10.6679,0
12.217,1.5027,-0.0000,0.0002,1.9000,10.6679,0
12.233,1.5027,-0.0000,0.0002,1.9000,10.6679,0
12.250,1.5027,-0.0000,0.0002,1.9000,10.6679,0
12.267,1.5027,-0.0000,0.0002,1.9000,10.6679,0
12.283,1.5027,-0.0000,0.0002,1.9000,10.6679,0
12.300,1.5027,-0.0000,0.0002,1.9000,10.6679,0
12.317,1.5027,-0.0000,0.0002,1.9000,10.6679,0
12.333,1.5027,-0.0000,0.0002,1.9000,10.6679,0
12.350,1.5027,-0.0000,0.0002,1.9000,10.6679,0
12.367,1.5027,-0.0000,0.0002,1.9000,10.6679,0
12.383,1.5027,-0.0000,0.0002,1.9000,10.6679,0
12.400,1.5027,-0.0000,0.0002,1.9000,10.6679,0
12.417,1.5027,-0.0000,0.0002,1.9000,10.6679,0
12.433,1.5027,-0.0000,0.0002,1.9000,10.6679,0
12.450,1.5027,-0.0000,0.0002,1.9000,10.6679,0
12.467,1.5027,-0.0000,0.0002,1.9000,10.6679,0
12.483,1.5027,-0.0000,0.0002,1.9000,10.6678,0
12.500,1.5027,-0.0000,0.0002,1.9000,10.6678,0
12.517,1.5027,-0.0000,0.0002,1.9000,10.6678,0
12.533,1.5027,-0.0000,0.0002,1.9000,10.6678,0
12.550,1.5027,-0.0000,0.0002,1.9000,10.6678,0
12.567,1.5027,-0.0000,0.0002,1.9000,10.6678,0
12.583,1.5027,-0.0000,0.0002,1.9000,10.6678,0
12.600,1.5027,-0.0000,0.0002,1.9000,10.6678,0
12.617,1.5027,-0.0000,0.0002,1.9000,10.6678,0
12.633,1.5027,-0.0000,0.0002,1.9000,10.6678,0
12.650,1.5028,-0.0000,0.0002,1.9000,10.6678,0
12.667,1.5028,-0.0000,0.0002,1.9000,10.6678,0
12.683,1.5028,-0.0000,0.0002,1.9000,10.6678,0
12.700,1.5028,-0.0000,0.0002,1.9000,10.6678,0
12.717,1.5028,-0.0000,0.0002,1.9000,10.6678,0
12.733,1.5028,-0.0000,0.0002,1.9000,10.6678,0
12.750,1.5028,-0.0000,0.0002,1.9000,10.6678,0
12.767,1.5028,-0.0000,0.0002,1.9000,10.6678,0
12.783,1.5028,-0.0000,0.0002,1.9000,10.6678,0
12.800,1.5028,-0.0000,0.0002,1.9000,10.6678,0
12.817,1.5028,-0.0000,0.0002,1.9000,10.6678,0
12.833,1.5028,-0.0000,0.0002,1.9000,10.6678,0
12.850,1.5028,-0.0000,0.0002,1.9000,10.6678,0
12.867,1.5028,-0.0000,0.0002,1.9000,10.6678,0
12.883,1.5028,-0.0000,0.0002,1.9000,10.6678,0
12.900,1.5028,-0.0000,0.0002,1.9000,10.6678,0
12.917,1.5028,-0.0000,0.0002,1.9000,10.6678,0
12.933,1.5028,-0.0000,0.0002,1.9000,10.6678,0
12.950,1.5028,-0.0000,0.0002,1.9000,10.6677,0
12.967,1.5028,-0.0000,0.0002,1.9000,10.6677,0
12.983,1.5028,-0.0000,0.0002,1.9000,10.6677,0
13.000,1.5028,-0.0000,0.0002,1.9000,10.6677,0
13.017,1.5028,-0.0000,0.0002,1.9000,10.6677,0
13.033,1.5028,-0.0000,0.0002,1.9000,10.6677,0
13.050,1.5028,-0.0000,0.0002,1.9000,10.6677,0
13.067,1.5028,-0.0000,0.0002,1.9000,10.6677,0
13.083,1.5028,-0.0000,0.0002,1.9000,10.6677,0
13.100,1.5028,-0.0000,0.0002,1.9000,10.6677,0
13.117,1.5029,0.0000,0.0002,1.9000,10.6677,0
13.133,1.5029,-0.0000,0.0002,1.9000,10.6677,0
13.150,1.5029,-0.0000,0.0002,1.9000,10.6677,0
13.167,1.5029,-0.0000,0.0002,1.9000,10.6677,0
13.183,1.5029,-0.0000,0.0002,1.9000,10.6677,0
13.200,1.5029,-0.0000,0.0002,1.9000,10.6677,0
13.217,1.5029,-0.0000,0.0002,1.9000,10.6677,0
13.233,1.5029,-0.0000,0.0002,1.9000,10.6677,0
13.250,1.5029,-0.0000,0.0002,1.9000,10.6677,0
13.267,1.5029,-0.0000,0.0002,1.9000,10.6677,0
13.283,1.5029,-0.0000,0.0002,1.9000,10.6677,0
13.300,1.5029,-0.0000,0.0002,1.9000,10.6677,0
13.317,1.5029,-0.0000,0.0002,1.9000,10.6677,0
13.333,1.5029,-0.0000,0.0002,1.9000,10.6677,0
13.350,1.5029,-0.0000,0.0003,1.9000,10.6677,0
13.367,1.5029,-0.0000,0.0002,1.9000,10.6677,0
13.383,1.5029,-0.0000,0.0002,1.9000,10.6677,0
13.400,1.5029,-0.0000,0.0002,1.9000,10.6677,0
13.417,1.5029,-0.0000,0.0002,1.9000,10.6676,0
13.433,1.5029,-0.0000,0.0002,1.9000,10.6676,0
13.450,1.5029,-0.0000,0.0002,1.9000,10.6676,0
13.467,1.5029,0.0000,0.0002,1.9000,10.6676,0
13.483,1.5029,-0.0000,0.0002,1.9000,10.6676,0
13.500,1.5029,-0.0000,0.0002,1.9000,10.6676,0
13.517,1.5029,-0.0000,0.0002,1.9000,10.6676,0
13.533,1.5029,-0.0000,0.0002,1.9000,10.6676,0
13.550,1.5029,-0.0000,0.0002,1.9000,10.6676,0
13.567,1.5030,-0.0000,0.0002,1.9000,10.6676,0
13.583,1.5030,-0.0000,0.0002,1.9000,10.6676,0
13.600,1.5030,-0.0000,0.0002,1.9000,10.6676,0
13.617,1.5030,-0.0000,0.0002,1.9000,10.6676,0
13.633,1.5030,-0.0000,0.0002,1.9000,10.6676,0
13.650,1.5030,-0.0000,0.0002,1.9000,10.6676,0
13.667,1.5030,-0.0000,0.0002,1.9000,10.6676,0
13.683,1.5030,-0.0000,0.0002,1.9000,10.6676,0
13.700,1.5030,-0.0000,0.0002,1.9000,10.6676,0
13.717,1.5030,-0.0000,0.0002,1.9000,10.6676,0
13.733,1.5030,-0.0000,0.0002,1.9000,10.6676,0
13.750,1.5030,-0.0000,0.0002,1.9000,10.6676,0
13.767,1.5030,-0.0000,0.0002,1.9000,10.6676,0
13.783,1.5030,-0.0000,0.0002,1.9000,10.6676,0
13.800,1.5030,-0.0000,0.0002,1.9000,10.6676,0
13.817,1.5030,-0.0000,0.0002,1.9000,10.6676,0
13.833,1.5030,-0.0000,0.0002,1.9000,10.6676,0
13.850,1.5030,-0.0000,0.0002,1.9000,10.6676,0
13.867,1.5030,-0.0000,0.0002,1.9000,10.6676,0
13.883,1.5030,-0.0000,0.0002,1.9000,10.6675,0
13.900,1.5030,-0.0000,0.0002,1.9000,10.6675,0
13.917,1.5030,-0.0000,0.0002,1.9000,10.6675,0
13.933,1.5030,-0.0000,0.0002,1.9000,10.6675,0
13.950,1.5030,-0.0000,0.0002,1.9000,10.6675,0
13.967,1.5030,-0.0000,0.0002,1.9000,10.6675,0
13.983,1.5030,-0.0000,0.0002,1.9000,10.6675,0
14.000,1.5030,-0.0000,0.0002,1.9000,10.6675,0
14.017,1.5030,-0.0000,0.0002,1.9000,10.6675,0
14.033,1.5031,-0.0000,0.0002,1.9000,10.6675,0
14.050,1.5031,-0.0000,0.0002,1.9000,10.6675,0
14.067,1.5031,-0.0000,0.0002,1.9000,10.6675,0
14.083,1.5031,-0.0000,0.0002,1.9000,10.6675,0
14.100,1.5031,-0.0000,0.0002,1.9000,10.6675,0
14.117,1.5031,-0.0000,0.0002,1.9000,10.6675,0
14.133,1.5031,-0.0000,0.0002,1.9000,10.6675,0
14.150,1.5031,-0.0000,0.0002,1.9000,10.6675,0
14.167,1.5031,-0.0000,0.0002,1.9000,10.6675,0
14.183,1.5034,-0.0000,0.0184,1.9000,10.6672,0
14.200,1.5040,-0.0000,0.0338,1.9000,10.6666,0
14.217,1.5047,0.0000,0.0469,1.9000,10.6659,0
14.233,1.5058,-0.0000,0.0643,1.9000,10.6648,0
14.250,1.5071,0.0000,0.0770,1.9000,10.6635,0
14.267,1.5086,-0.0000,0.0914,1.9000,10.6620,0
14.283,1.5103,0.0000,0.1017,1.9000,10.6604,0
14.300,1.5121,0.0000,0.1092,1.9000,10.6586,0
14.317,1.5141,0.0000,0.1190,1.9000,10.6566,0
14.333,1.5162,0.0000,0.1280,1.9000,10.6545,0
14.350,1.5185,0.0000,0.1374,1.9000,10.6523,0
14.367,1.5210,0.0000,0.1495,1.9000,10.6498,0
14.383,1.5237,0.0000,0.1583,1.9000,10.6472,0
14.400,1.5264,0.0000,0.1656,1.9000,10.6445,0
14.417,1.5293,0.0000,0.1739,1.9000,10.6417,0
14.433,1.5323,0.0000,0.1807,1.9000,10.6387,0
14.450,1.5354,0.0000,0.1861,1.9000,10.6357,0
14.467,1.5387,0.0000,0.1941,1.9000,10.6325,0
14.483,1.5421,0.0000,0.2064,1.9000,10.6291,0
14.500,1.5456,0.0000,0.2119,1.9000,10.6256,0
14.517,1.5492,0.0000,0.2131,1.9000,10.6221,0
14.533,1.5528,0.0000,0.2172,1.9000,10.6186,0
14.550,1.5565,0.0000,0.2226,1.9000,10.6149,0
14.567,1.5603,0.0000,0.2292,1.9000,10.6111,0
14.583,1.5643,0.0000,0.2377,1.9000,10.6072,0
14.600,1.5684,0.0000,0.2485,1.9000,10.6032,0
14.617,1.5727,0.0000,0.2571,1.9000,10.5990,0
14.633,1.5771,0.0000,0.2631,1.9000,10.5946,0
14.650,1.5816,0.0000,0.2680,1.9000,10.5902,0
14.667,1.5861,0.0000,0.2714,1.9000,10.5858,0
14.683,1.5907,0.0000,0.2758,1.9000,10.5813,0
14.700,1.5953,0.0000,0.2783,1.9000,10.5767,0
14.717,1.6000,0.0000,0.2820,1.9000,10.5721,0
14.733,1.6048,0.0000,0.2870,1.9000,10.5674,0
14.750,1.6097,0.0000,0.2914,1.9000,10.5626,0
14.767,1.6147,0.0000,0.2988,1.9000,10.5577,0
14.783,1.6198,0.0000,0.3058,1.9000,10.5527,0
14.800,1.6249,0.0000,0.3108,1.9000,10.5476,0
14.817,1.6302,0.0000,0.3129,1.9000,10.5425,0
14.833,1.6354,0.0000,0.3141,1.9000,10.5373,0
14.850,1.6407,0.0000,0.3165,1.9000,10.5321,0
14.867,1.6460,0.0000,0.3190,1.9000,10.5269,0
14.883,1.6514,0.0000,0.3234,1.9000,10.5216,0
14.900,1.6569,0.0000,0.3308,1.9000,10.5162,0
14.917,1.6625,0.0000,0.3384,1.9000,10.5106,0
14.933,1.6683,0.0000,0.3460,1.9000,10.5050,0
14.950,1.6741,0.0000,0.3509,1.9000,10.4992,0
14.967,1.6800,0.0000,0.3526,1.9000,10.4934,0
14.983,1.6859,0.0000,0.3518,1.9000,10.4877,0
15.000,1.6917,0.0000,0.3504,1.9000,10.4819,0
15.017,1.6976,0.0000,0.3528,1.9000,10.4761,0
15.033,1.7035,0.0001,0.3547,1.9000,10.4703,0
15.050,1.7094,0.0001,0.3564,1.9000,10.4645,0
15.067,1.7155,0.0001,0.3608,1.9000,10.4586,0
15.083,1.7216,0.0001,0.3660,1.9000,10.4526,0
15.100,1.7278,0.0001,0.3746,1.9000,10.4464,0
15.117,1.7342,0.0001,0.3807,1.9000,10.4402,0
15.133,1.7406,0.0001,0.3848,1.9000,10.4339,0
15.150,1.7470,0.0001,0.3855,1.9000,10.4276,0
15.167,1.7534,0.0001,0.3842,1.9000,10.4213,0
15.183,1.7598,0.0001,0.3862,1.9000,10.4149,0
15.200,1.7663,0.0001,0.3887,1.9000,10.4086,0
15.217,1.7728,0.0001,0.3891,1.9000,10.4022,0
15.233,1.7793,0.0001,0.3898,1.9000,10.3958,0
15.250,1.7858,0.0001,0.3909,1.9000,10.3894,0
15.267,1.7924,0.0001,0.3932,1.9000,10.3830,0
15.283,1.7990,0.0001,0.3981,1.9000,10.3764,0
15.300,1.8057,0.0001,0.4035,1.9000,10.3698,0
15.317,1.8125,0.0001,0.4093,1.9000,10.3631,0
15.333,1.8194,0.0001,0.4111,1.9000,10.3564,0
15.350,1.8262,0.0001,0.4107,1.9000,10.3496,0
15.367,1.8331,0.0001,0.4129,1.9000,10.3429,0
15.383,1.8400,0.0001,0.4140,1.9000,10.3361,0
15.400,1.8469,0.0001,0.4154,1.9000,10.3293,0
15.417,1.8539,0.0001,0.4178,1.9000,10.3224,0
15.433,1.8609,0.0001,0.4184,1.9000,10.3156,0
15.450,1.8679,0.0001,0.4191,1.9000,10.3087,0
15.467,1.8749,0.0001,0.4216,1.9000,10.3018,0
15.483,1.8820,0.0001,0.4270,1.9000,10.2948,0
15.500,1.8892,0.0001,0.4316,1.9000,10.2878,0
15.517,1.8964,0.0001,0.4343,1.9000,10.2806,0
15.533,1.9037,0.0001,0.4371,1.9000,10.2735,0
15.550,1.9110,0.0001,0.4386,1.9000,10.2663,0
15.567,1.9184,0.0001,0.4401,1.9000,10.2591,0
15.583,1.9257,0.0001,0.4413,1.9000,10.2519,0
15.600,1.9331,0.0001,0.4427,1.9000,10.2446,0
15.617,1.9405,0.0001,0.4447,1.9000,10.2373,0
15.633,1.9479,0.0001,0.4444,1.9000,10.2301,0
15.650,1.9553,0.0001,0.4439,1.9000,10.2228,0
15.667,1.9628,0.0001,0.4462,1.9000,10.2155,0
15.683,1.9702,0.0001,0.4493,1.9000,10.2081,0
15.700,1.9778,0.0001,0.4529,1.9000,10.2007,0
15.717,1.9854,0.0001,0.4556,1.9000,10.1932,0
15.733,1.9930,0.0001,0.4568,1.9000,10.1858,0
15.750,2.0006,0.0001,0.4578,1.9000,10.1783,0
15.767,2.0083,0.0001,0.4607,1.9000,10.1707,0
15.783,2.0160,0.0001,0.4638,1.9000,10.1631,0
15.800,2.0238,0.0001,0.4653,1.9000,10.1555,0
15.817,2.0316,0.0001,0.4660,1.9000,10.1479,0
15.833,2.0393,0.0001,0.4665,1.9000,10.1402,0
15.850,2.0471,0.0001,0.4670,1.9000,10.1326,0
15.867,2.0549,0.0001,0.4682,1.9000,10.1249,0
15.883,2.0627,0.0001,0.4695,1.9000,10.1173,0
15.900,2.0706,0.0001,0.4726,1.9000,10.1095,0
15.917,2.0785,0.0001,0.4754,1.9000,10.1017,0
15.933,2.0865,0.0000,0.4766,1.9000,10.0939,0
15.950,2.0944,0.0000,0.4778,1.9000,10.0861,0
15.967,2.1025,0.0000,0.4805,1.9000,10.0783,0
15.983,2.1105,0.0000,0.4843,1.9000,10.0703,0
16.000,2.1187,0.0000,0.4877,1.9000,10.0624,0
16.017,2.1268,0.0000,0.4897,1.9000,10.0543,0
16.033,2.1350,-0.0000,0.4895,1.9000,10.0463,0
16.050,2.1431,-0.0000,0.4875,1.9000,10.0383,0
16.067,2.1512,-0.0000,0.4883,1.9000,10.0304,0
16.083,2.1594,-0.0000,0.4905,1.9000,10.0223,0
16.100,2.1676,-0.0000,0.4931,1.9000,10.0143,0
16.117,2.1759,-0.0000,0.4942,1.9000,10.0062,0
16.133,2.1841,-0.0000,0.4963,1.9000,9.9981,0
16.150,2.1924,-0.0000,0.4968,1.9000,9.9899,0
16.167,2.2007,-0.0000,0.4969,1.9000,9.9818,0
16.183,2.2090,-0.0001,0.4963,1.9000,9.9737,0
16.200,2.2173,-0.0001,0.4964,1.9000,9.9656,0
16.217,2.2255,-0.0001,0.4971,1.9000,9.9574,0
16.233,2.2338,-0.0001,0.4981,1.9000,9.9493,0
16.250,2.2421,-0.0001,0.4986,1.9000,9.9411,0
16.267,2.2505,-0.0001,0.4991,1.9000,9.9330,0
16.283,2.2588,-0.0001,0.4994,1.9000,9.9248,0
16.300,2.2671,-0.0001,0.4995,1.9000,9.9166,0
16.317,2.2754,-0.0001,0.4993,1.9000,9.9085,0
16.333,2.2838,-0.0001,0.4993,1.9000,9.9003,0
16.350,2.2921,-0.0001,0.4996,1.9000,9.8921,0
16.367,2.3004,-0.0001,0.4995,1.9000,9.8840,0
16.383,2.3087,-0.0001,0.4995,1.9000,9.8758,0
16.400,2.3171,-0.0002,0.4997,1.9000,9.8676,0
16.417,2.3254,-0.0002,0.4998,1.9000,9.8594,0
16.433,2.3337,-0.0002,0.4999,1.9000,9.8513,0
16.450,2.3421,-0.0002,0.5001,1.9000,9.8431,0
16.467,2.3504,-0.0002,0.5001,1.9000,9.8349,0
16.483,2.3587,-0.0002,0.5002,1.9000,9.8267,0
16.500,2.3671,-0.0003,0.5003,1.9000,9.8186,0
16.517,2.3754,-0.0003,0.5000,1.9000,9.8104,0
16.533,2.3837,-0.0003,0.5001,1.9000,9.8022,0
16.550,2.3921,-0.0003,0.5003,1.9000,9.7940,0
16.567,2.4004,-0.0003,0.5005,1.9000,9.7859,0
16.583,2.4088,-0.0004,0.5006,1.9000,9.7777,0
16.600,2.4171,-0.0004,0.5006,1.9000,9.7695,0
16.617,2.4255,-0.0004,0.5007,1.9000,9.7613,0
16.633,2.4338,-0.0004,0.5007,1.9000,9.7531,0
16.650,2.4421,-0.0004,0.5007,1.9000,9.7450,0
16.667,2.4505,-0.0005,0.5008,1.9000,9.7368,0
16.683,2.4588,-0.0005,0.5008,1.9000,9.7286,0
16.700,2.4672,-0.0005,0.5009,1.9000,9.7204,0
16.717,2.4755,-0.0005,0.5008,1.9000,9.7122,0
16.733,2.4839,-0.0006,0.5009,1.9000,9.7041,0
16.750,2.4922,-0.0006,0.5009,1.9000,9.6959,0
16.767,2.5006,-0.0006,0.5009,1.9000,9.6877,0
16.783,2.5089,-0.0006,0.5008,1.9000,9.6795,0
16.800,2.5173,-0.0007,0.5007,1.9000,9.6713,0
16.817,2.5256,-0.0007,0.5007,1.9000,9.6632,0
16.833,2.5340,-0.0007,0.5006,1.9000,9.6550,0
16.850,2.5423,-0.0007,0.5005,1.9000,9.6468,0
16.867,2.5506,-0.0008,0.5005,1.9000,9.6386,0
16.883,2.5590,-0.0008,0.5004,1.9000,9.6305,0
16.900,2.5673,-0.0008,0.5004,1.9000,9.6223,0
16.917,2.5757,-0.0008,0.5003,1.9000,9.6141,0
16.933,2.5840,-0.0009,0.5002,1.9000,9.6060,0
16.950,2.5923,-0.0009,0.5000,1.9000,9.5978,0
16.967,2.6007,-0.0009,0.5000,1.9000,9.5896,0
16.983,2.6090,-0.0009,0.4999,1.9000,9.5815,0
17.000,2.6173,-0.0010,0.4999,1.9000,9.5733,0
17.017,2.6257,-0.0010,0.4997,1.9000,9.5651,0
17.033,2.6340,-0.0010,0.4997,1.9000,9.5570,0
17.050,2.6423,-0.0010,0.4997,1.9000,9.5488,0
17.067,2.6506,-0.0010,0.4997,1.9000,9.5407,0
17.083,2.6590,-0.0011,0.4997,1.9000,9.5325,0
17.100,2.6673,-0.0011,0.4996,1.9000,9.5244,0
17.117,2.6756,-0.0011,0.4996,1.9000,9.5162,0
17.133,2.6839,-0.0011,0.4996,1.9000,9.5081,0
17.150,2.6923,-0.0011,0.4997,1.9000,9.4999,0
17.167,2.7006,-0.0012,0.4997,1.9000,9.4917,0
17.183,2.7089,-0.0012,0.4994,1.9000,9.4836,0
17.200,2.7172,-0.0012,0.4989,1.9000,9.4755,0
17.217,2.7256,-0.0012,0.4992,1.9000,9.4673,0
17.233,2.7339,-0.0013,0.4997,1.9000,9.4592,0
17.250,2.7422,-0.0013,0.4999,1.9000,9.4510,0
17.267,2.7506,-0.0013,0.5000,1.9000,9.4428,0
17.283,2.7589,-0.0013,0.5000,1.9000,9.4347,0
17.300,2.7672,-0.0014,0.5001,1.9000,9.4265,0
17.317,2.7756,-0.0014,0.5002,1.9000,9.4184,0
17.333,2.7839,-0.0014,0.5003,1.9000,9.4102,0
17.350,2.7922,-0.0014,0.5004,1.9000,9.4020,0
17.367,2.8006,-0.0015,0.5005,1.9000,9.3939,0
17.383,2.8089,-0.0015,0.5005,1.9000,9.3857,0
17.400,2.8173,-0.0015,0.5006,1.9000,9.3776,0
17.417,2.8256,-0.0016,0.5006,1.9000,9.3694,0
17.433,2.8340,-0.0016,0.5007,1.9000,9.3612,0
17.450,2.8423,-0.0016,0.5008,1.9000,9.3531,0
17.467,2.8506,-0.0017,0.5008,1.9000,9.3449,0
17.483,2.8590,-0.0017,0.5008,1.9000,9.3367,0
17.500,2.8673,-0.0017,0.5008,1.9000,9.3286,0
17.517,2.8757,-0.0018,0.5009,1.9000,9.3204,0
17.533,2.8840,-0.0018,0.5009,1.9000,9.3122,0
17.550,2.8924,-0.0018,0.5009,1.9000,9.3041,0
17.567,2.9007,-0.0019,0.5009,1.9000,9.2959,0
17.583,2.9091,-0.0019,0.5008,1.9000,9.2877,0
17.600,2.9174,-0.0019,0.5008,1.9000,9.2796,0
17.617,2.9258,-0.0020,0.5007,1.9000,9.2714,0
17.633,2.9341,-0.0020,0.5007,1.9000,9.2633,0
17.650,2.9425,-0.0020,0.5006,1.9000,9.2551,0
17.667,2.9508,-0.0021,0.5006,1.9000,9.2469,0
17.683,2.9591,-0.0021,0.5005,1.9000,9.2388,0
17.700,2.9675,-0.0021,0.5004,1.9000,9.2306,0
17.717,2.9758,-0.0022,0.5003,1.9000,9.2225,0
17.733,2.9842,-0.0022,0.5002,1.9000,9.2143,0
17.750,2.9925,-0.0022,0.5002,1.9000,9.2062,0
17.767,3.0008,-0.0022,0.5000,1.9000,9.1980,0
17.783,3.0092,-0.0023,0.5000,1.9000,9.1899,0
17.800,3.0175,-0.0023,0.5000,1.9000,9.1817,0
17.817,3.0258,-0.0023,0.4999,1.9000,9.1736,0
17.833,3.0342,-0.0024,0.4999,1.9000,9.1654,0
17.850,3.0425,-0.0024,0.4998,1.9000,9.1573,0
17.867,3.0508,-0.0024,0.4998,1.9000,9.1492,0
17.883,3.0591,-0.0024,0.4998,1.9000,9.1410,0
17.900,3.0675,-0.0025,0.4995,1.9000,9.1329,0
17.917,3.0758,-0.0025,0.4995,1.9000,9.1247,0
17.933,3.0841,-0.0025,0.4996,1.9000,9.1166,0
17.950,3.0924,-0.0026,0.4997,1.9000,9.1085,0
17.967,3.1008,-0.0026,0.4996,1.9000,9.1003,0
17.983,3.1091,-0.0026,0.4997,1.9000,9.0922,0
18.000,3.1174,-0.0026,0.4997,1.9000,9.0841,0
18.017,3.1258,-0.0027,0.4998,1.9000,9.0759,0
18.033,3.1341,-0.0027,0.4998,1.9000,9.0678,0
18.050,3.1424,-0.0027,0.4999,1.9000,9.0596,0
18.067,3.1508,-0.0027,0.4999,1.9000,9.0515,0
18.083,3.1591,-0.0028,0.5000,1.9000,9.0434,0
18.100,3.1674,-0.0028,0.5001,1.9000,9.0352,0
18.117,3.1758,-0.0028,0.5002,1.9000,9.0271,0
18.133,3.1841,-0.0029,0.5002,1.9000,9.0189,0
18.150,3.1924,-0.0029,0.5003,1.9000,9.0108,0
18.167,3.2008,-0.0029,0.5004,1.9000,9.0026,0
18.183,3.2091,-0.0030,0.5001,1.9000,8.9945,0
18.200,3.2174,-0.0030,0.5000,1.9000,8.9864,0
18.217,3.2258,-0.0030,0.5003,1.9000,8.9782,0
18.233,3.2341,-0.0031,0.5006,1.9000,8.9701,0
18.250,3.2425,-0.0031,0.5006,1.9000,8.9619,0
18.267,3.2508,-0.0031,0.5007,1.9000,8.9538,0
18.283,3.2592,-0.0032,0.5008,1.9000,8.9456,0
18.300,3.2675,-0.0032,0.5006,1.9000,8.9375,0
18.317,3.2758,-0.0033,0.5005,1.9000,8.9294,0
18.333,3.2842,-0.0033,0.5008,1.9000,8.9212,0
18.350,3.2925,-0.0033,0.5009,1.9000,8.9131,0
18.367,3.3009,-0.0034,0.5010,1.9000,8.9049,0
18.383,3.3092,-0.0034,0.5009,1.9000,8.8968,0
18.400,3.3176,-0.0034,0.5008,1.9000,8.8886,0
18.417,3.3259,-0.0035,0.5005,1.9000,8.8805,0
18.433,3.3343,-0.0035,0.5005,1.9000,8.8723,0
18.450,3.3426,-0.0036,0.5006,1.9000,8.8642,0
18.467,3.3510,-0.0036,0.5007,1.9000,8.8561,0
18.483,3.3593,-0.0036,0.5006,1.9000,8.8479,0
18.500,3.3676,-0.0037,0.5005,1.9000,8.8398,0
18.517,3.3760,-0.0037,0.5003,1.9000,8.8316,0
18.533,3.3843,-0.0037,0.5003,1.9000,8.8235,0
18.550,3.3926,-0.0038,0.5002,1.9000,8.8154,0
18.567,3.4010,-0.0038,0.5002,1.9000,8.8072,0
18.583,3.4093,-0.0038,0.5001,1.9000,8.7991,0
18.600,3.4177,-0.0039,0.5000,1.9000,8.7910,0
18.617,3.4260,-0.0039,0.5000,1.9000,8.7829,0
18.633,3.4343,-0.0039,0.5000,1.9000,8.7747,0
18.650,3.4426,-0.0040,0.4998,1.9000,8.7666,0
18.667,3.4510,-0.0040,0.4998,1.9000,8.7585,0
18.683,3.4593,-0.0040,0.4998,1.9000,8.7504,0
18.700,3.4676,-0.0041,0.4997,1.9000,8.7422,0
18.717,3.4760,-0.0041,0.4996,1.9000,8.7341,0
18.733,3.4843,-0.0041,0.4997,1.9000,8.7260,0
18.750,3.4926,-0.0041,0.4996,1.9000,8.7179,0
18.767,3.5009,-0.0042,0.4996,1.9000,8.7098,0
18.783,3.5093,-0.0042,0.4996,1.9000,8.7016,0
18.800,3.5176,-0.0042,0.4997,1.9000,8.6935,0
18.817,3.5259,-0.0043,0.4996,1.9000,8.6854,0
18.833,3.5343,-0.0043,0.4996,1.9000,8.6773,0
18.850,3.5426,-0.0043,0.4998,1.9000,8.6692,0
18.867,3.5509,-0.0044,0.4998,1.9000,8.6610,0
18.883,3.5592,-0.0044,0.4999,1.9000,8.6529,0
18.900,3.5676,-0.0044,0.4999,1.9000,8.6448,0
18.917,3.5759,-0.0045,0.5000,1.9000,8.6367,0
18.933,3.5842,-0.0045,0.5001,1.9000,8.6286,0
18.950,3.5926,-0.0045,0.5003,1.9000,8.6204,0
18.967,3.6009,-0.0046,0.5002,1.9000,8.6123,0
18.983,3.6093,-0.0046,0.5004,1.9000,8.6042,0
19.000,3.6176,-0.0046,0.5005,1.9000,8.5961,0
19.017,3.6259,-0.0047,0.5005,1.9000,8.5879,0
19.033,3.6343,-0.0047,0.5006,1.9000,8.5798,0
19.050,3.6426,-0.0047,0.5006,1.9000,8.5717,0
19.067,3.6510,-0.0048,0.5007,1.9000,8.5636,0
19.083,3.6593,-0.0048,0.5008,1.9000,8.5554,0
19.100,3.6677,-0.0049,0.5007,1.9000,8.5473,0
19.117,3.6760,-0.0049,0.5008,1.9000,8.5392,0
19.133,3.6844,-0.0049,0.5008,1.9000,8.5310,0
19.150,3.6927,-0.0050,0.5009,1.9000,8.5229,0
19.167,3.7011,-0.0050,0.5009,1.9000,8.5148,0
19.183,3.7094,-0.0051,0.5009,1.9000,8.5067,0
19.200,3.7177,-0.0051,0.5009,1.9000,8.4985,0
19.217,3.7261,-0.0052,0.5009,1.9000,8.4904,0
19.233,3.7344,-0.0052,0.5008,1.9000,8.4823,0
19.250,3.7428,-0.0052,0.5007,1.9000,8.4742,0
19.267,3.7511,-0.0053,0.5007,1.9000,8.4660,0
19.283,3.7595,-0.0053,0.5006,1.9000,8.4579,0
19.300,3.7678,-0.0054,0.5005,1.9000,8.4498,0
19.317,3.7762,-0.0054,0.5005,1.9000,8.4417,0
19.333,3.7845,-0.0054,0.5003,1.9000,8.4336,0
19.350,3.7928,-0.0055,0.5004,1.9000,8.4255,0
19.367,3.8012,-0.0055,0.5002,1.9000,8.4173,0
19.383,3.8095,-0.0055,0.5003,1.9000,8.4092,0
19.400,3.8178,-0.0056,0.5001,1.9000,8.4011,0
19.417,3.8262,-0.0056,0.5000,1.9000,8.3930,0
19.433,3.8345,-0.0057,0.4999,1.9000,8.3849,0
19.450,3.8428,-0.0057,0.4999,1.9000,8.3768,0
19.467,3.8512,-0.0057,0.4999,1.9000,8.3687,0
19.483,3.8595,-0.0058,0.4998,1.9000,8.3606,0
19.500,3.8678,-0.0058,0.4997,1.9000,8.3525,0
19.517,3.8762,-0.0058,0.4997,1.9000,8.3444,0
19.533,3.8845,-0.0059,0.4998,1.9000,8.3363,0
19.550,3.8928,-0.0059,0.4996,1.9000,8.3282,0
19.567,3.9011,-0.0059,0.4997,1.9000,8.3201,0
19.583,3.9095,-0.0060,0.4997,1.9000,8.3120,0
19.600,3.9178,-0.0060,0.4996,1.9000,8.3039,0
19.617,3.9261,-0.0061,0.4997,1.9000,8.2958,0
19.633,3.9345,-0.0061,0.4997,1.9000,8.2877,0
19.650,3.9428,-0.0061,0.4998,1.9000,8.2796,0
19.667,3.9511,-0.0062,0.4999,1.9000,8.2715,0
19.683,3.9595,-0.0062,0.4999,1.9000,8.2634,0
19.700,3.9678,-0.0062,0.4999,1.9000,8.2553,0
19.717,3.9761,-0.0063,0.5000,1.9000,8.2472,0
19.733,3.9845,-0.0063,0.5001,1.9000,8.2391,0
19.750,3.9928,-0.0064,0.5002,1.9000,8.2310,0
19.767,4.0011,-0.0064,0.5002,1.9000,8.2229,0
19.783,4.0095,-0.0064,0.5003,1.9000,8.2148,0
19.800,4.0178,-0.0065,0.5004,1.9000,8.2067,0
19.817,4.0261,-0.0065,0.5004,1.9000,8.1986,0
19.833,4.0345,-0.0066,0.5005,1.9000,8.1905,0
19.850,4.0428,-0.0066,0.5006,1.9000,8.1824,0
19.867,4.0512,-0.0067,0.5007,1.9000,8.1743,0
19.883,4.0595,-0.0067,0.5007,1.9000,8.1662,0
19.900,4.0679,-0.0067,0.5008,1.9000,8.1581,0
19.917,4.0762,-0.0068,0.5008,1.9000,8.1500,0
19.933,4.0846,-0.0068,0.5008,1.9000,8.1419,0
19.950,4.0929,-0.0069,0.5008,1.9000,8.1338,0
19.967,4.1013,-0.0069,0.5009,1.9000,8.1257,0
19.983,4.1096,-0.0070,0.5009,1.9000,8.1176,0
20.000,4.1179,-0.0070,0.5009,1.9000,8.1095,0
20.017,4.1263,-0.0071,0.5009,1.9000,8.1014,0
20.033,4.1346,-0.0071,0.5008,1.9000,8.0933,0
20.050,4.1430,-0.0072,0.5008,1.9000,8.0852,0
20.067,4.1513,-0.0072,0.5007,1.9000,8.0771,0
20.083,4.1597,-0.0073,0.5007,1.9000,8.0690,0
20.100,4.1680,-0.0073,0.5006,1.9000,8.0609,0
20.117,4.1764,-0.0073,0.5005,1.9000,8.0528,0
20.133,4.1847,-0.0074,0.5005,1.9000,8.0447,0
20.150,4.1930,-0.0074,0.5004,1.9000,8.0366,0
20.167,4.2014,-0.0075,0.5002,1.9000,8.0285,0
20.183,4.2097,-0.0075,0.5002,1.9000,8.0204,0
20.200,4.2181,-0.0076,0.5002,1.9000,8.0123,0
20.217,4.2264,-0.0076,0.5001,1.9000,8.0042,0
20.233,4.2347,-0.0076,0.5000,1.9000,7.9962,0
20.250,4.2431,-0.0077,0.5000,1.9000,7.9881,0
20.267,4.2514,-0.0077,0.5000,1.9000,7.9800,0
20.283,4.2597,-0.0078,0.4999,1.9000,7.9719,0
20.300,4.2680,-0.0078,0.4998,1.9000,7.9638,0
20.317,4.2764,-0.0079,0.4998,1.9000,7.9558,0
20.333,4.2847,-0.0079,0.4998,1.9000,7.9477,0
20.350,4.2930,-0.0079,0.4997,1.9000,7.9396,0
20.367,4.3014,-0.0080,0.4997,1.9000,7.9315,0
20.383,4.3097,-0.0080,0.4996,1.9000,7.9235,0
20.400,4.3180,-0.0081,0.4997,1.9000,7.9154,0
20.417,4.3263,-0.0081,0.4996,1.9000,7.9073,0
20.433,4.3347,-0.0082,0.4997,1.9000,7.8993,0
20.450,4.3430,-0.0082,0.4997,1.9000,7.8912,0
20.467,4.3513,-0.0082,0.4997,1.9000,7.8831,0
20.483,4.3597,-0.0083,0.4998,1.9000,7.8751,0
20.500,4.3680,-0.0083,0.4999,1.9000,7.8670,0
20.517,4.3763,-0.0084,0.4999,1.9000,7.8589,0
20.533,4.3847,-0.0084,0.5001,1.9000,7.8508,0
20.550,4.3930,-0.0085,0.5001,1.9000,7.8428,0
20.567,4.4013,-0.0085,0.5001,1.9000,7.8347,0
20.583,4.4097,-0.0086,0.5003,1.9000,7.8266,0
20.600,4.4180,-0.0086,0.5003,1.9000,7.8185,0
20.617,4.4263,-0.0087,0.5004,1.9000,7.8105,0
20.633,4.4347,-0.0087,0.5005,1.9000,7.8024,0
20.650,4.4430,-0.0088,0.5005,1.9000,7.7943,0
20.667,4.4514,-0.0089,0.5006,1.9000,7.7862,0
20.683,4.4597,-0.0089,0.5006,1.9000,7.7782,0
20.700,4.4681,-0.0090,0.5007,1.9000,7.7701,0
20.717,4.4764,-0.0090,0.5008,1.9000,7.7620,0
20.733,4.4847,-0.0091,0.5007,1.9000,7.7539,0
20.750,4.4931,-0.0091,0.5008,1.9000,7.7459,0
20.767,4.5014,-0.0092,0.5009,1.9000,7.7378,0
20.783,4.5098,-0.0092,0.5009,1.9000,7.7297,0
20.800,4.5181,-0.0093,0.5009,1.9000,7.7216,0
20.817,4.5265,-0.0094,0.5009,1.9000,7.7136,0
20.833,4.5348,-0.0094,0.5009,1.9000,7.7055,0
20.850,4.5432,-0.0095,0.5008,1.9000,7.6974,0
20.867,4.5515,-0.0095,0.5008,1.9000,7.6893,0
20.883,4.5599,-0.0096,0.5008,1.9000,7.6813,0
20.900,4.5682,-0.0096,0.5007,1.9000,7.6732,0
20.917,4.5766,-0.0097,0.5006,1.9000,7.6651,0
20.933,4.5849,-0.0097,0.5006,1.9000,7.6571,0
20.950,4.5932,-0.0098,0.5005,1.9000,7.6490,0
20.967,4.6016,-0.0099,0.5005,1.9000,7.6409,0
20.983,4.6099,-0.0099,0.5003,1.9000,7.6329,0
21.000,4.6183,-0.0100,0.5003,1.9000,7.6248,0
21.017,4.6266,-0.0100,0.5001,1.9000,7.6168,0
21.033,4.6349,-0.0101,0.5001,1.9000,7.6087,0
21.050,4.6433,-0.0101,0.4998,1.9000,7.6007,0
21.067,4.6516,-0.0102,0.4998,1.9000,7.5926,0
21.083,4.6599,-0.0102,0.4998,1.9000,7.5846,0
21.100,4.6683,-0.0103,0.4999,1.9000,7.5765,0
21.117,4.6766,-0.0103,0.4998,1.9000,7.5685,0
21.133,4.6849,-0.0104,0.4997,1.9000,7.5604,0
21.150,4.6932,-0.0104,0.4997,1.9000,7.5524,0
21.167,4.7016,-0.0105,0.4999,1.9000,7.5443,0
21.183,4.7099,-0.0105,0.4997,1.9000,7.5363,0
21.200,4.7182,-0.0106,0.4995,1.9000,7.5282,0
21.217,4.7266,-0.0106,0.4994,1.9000,7.5202,0
21.233,4.7349,-0.0107,0.4995,1.9000,7.5122,0
21.250,4.7432,-0.0107,0.4996,1.9000,7.5041,0
21.267,4.7515,-0.0107,0.4998,1.9000,7.4961,0
21.283,4.7599,-0.0108,0.4997,1.9000,7.4880,0
21.300,4.7682,-0.0108,0.4998,1.9000,7.4800,0
21.317,4.7765,-0.0109,0.4999,1.9000,7.4720,0
21.333,4.7849,-0.0109,0.4999,1.9000,7.4639,0
21.350,4.7932,-0.0110,0.5001,1.9000,7.4559,0
21.367,4.8015,-0.0110,0.5001,1.9000,7.4478,0
21.383,4.8099,-0.0111,0.5002,1.9000,7.4398,0
21.400,4.8182,-0.0111,0.5003,1.9000,7.4317,0
21.417,4.8265,-0.0112,0.5003,1.9000,7.4237,0
21.433,4.8349,-0.0112,0.5004,1.9000,7.4156,0
21.450,4.8432,-0.0113,0.5005,1.9000,7.4076,0
21.467,4.8516,-0.0113,0.5005,1.9000,7.3996,0
21.483,4.8599,-0.0114,0.5006,1.9000,7.3915,0
21.500,4.8683,-0.0115,0.5007,1.9000,7.3835,0
21.517,4.8766,-0.0115,0.5007,1.9000,7.3754,0
21.533,4.8849,-0.0116,0.5007,1.9000,7.3674,0
21.550,4.8933,-0.0116,0.5008,1.9000,7.3593,0
21.567,4.9016,-0.0117,0.5008,1.9000,7.3513,0
21.583,4.9100,-0.0117,0.5008,1.9000,7.3432,0
21.600,4.9183,-0.0118,0.5009,1.9000,7.3352,0
21.617,4.9267,-0.0118,0.5010,1.9000,7.3271,0
21.633,4.9350,-0.0119,0.5009,1.9000,7.3191,0
21.650,4.9434,-0.0119,0.5008,1.9000,7.3111,0
21.667,4.9517,-0.0120,0.5009,1.9000,7.3030,0
21.683,4.9601,-0.0120,0.5008,1.9000,7.2950,0
21.700,4.9684,-0.0121,0.5007,1.9000,7.2869,0
21.717,4.9768,-0.0121,0.5007,1.9000,7.2789,0
21.733,4.9851,-0.0122,0.5005,1.9000,7.2709,0
21.750,4.9934,-0.0122,0.5006,1.9000,7.2628,0
21.767,5.0018,-0.0123,0.5005,1.9000,7.2548,0
21.783,5.0101,-0.0123,0.5005,1.9000,7.2467,0
21.800,5.0185,-0.0124,0.5003,1.9000,7.2387,0
21.817,5.0268,-0.0124,0.5003,1.9000,7.2307,0
21.833,5.0351,-0.0125,0.5002,1.9000,7.2227,0
21.850,5.0435,-0.0125,0.5001,1.9000,7.2146,0
21.867,5.0518,-0.0125,0.5000,1.9000,7.2066,0
21.883,5.0601,-0.0126,0.5000,1.9000,7.1986,0
21.900,5.0685,-0.0126,0.4999,1.9000,7.1906,0
21.917,5.0768,-0.0127,0.4999,1.9000,7.1825,0
21.933,5.0851,-0.0127,0.4999,1.9000,7.1745,0
21.950,5.0935,-0.0127,0.4998,1.9000,7.1665,0
21.967,5.1018,-0.0128,0.4997,1.9000,7.1585,0
21.983,5.1101,-0.0128,0.4997,1.9000,7.1505,0
22.000,5.1184,-0.0129,0.4996,1.9000,7.1425,0
22.017,5.1268,-0.0129,0.4996,1.9000,7.1345,0
22.033,5.1351,-0.0129,0.4996,1.9000,7.1264,0
22.050,5.1434,-0.0130,0.4996,1.9000,7.1184,0
22.067,5.1518,-0.0130,0.4997,1.9000,7.1104,0
22.083,5.1601,-0.0130,0.4998,1.9000,7.1024,0
22.100,5.1684,-0.0131,0.4996,1.9000,7.0944,0
22.117,5.1767,-0.0131,0.4997,1.9000,7.0864,0
22.133,5.1851,-0.0131,0.4998,1.9000,7.0784,0
22.150,5.1934,-0.0132,0.5000,1.9000,7.0704,0
22.167,5.2017,-0.0132,0.5000,1.9000,7.0624,0
22.183,5.2101,-0.0132,0.5000,1.9000,7.0543,0
22.200,5.2184,-0.0133,0.5001,1.9000,7.0463,0
22.217,5.2267,-0.0133,0.5003,1.9000,7.0383,0
22.233,5.2351,-0.0134,0.5003,1.9000,7.0303,0
22.250,5.2434,-0.0134,0.5005,1.9000,7.0223,0
22.267,5.2518,-0.0134,0.5005,1.9000,7.0143,0
22.283,5.2601,-0.0135,0.5006,1.9000,7.0063,0
22.300,5.2684,-0.0135,0.5006,1.9000,6.9982,0
22.317,5.2768,-0.0136,0.5007,1.9000,6.9902,0
22.333,5.2851,-0.0136,0.5008,1.9000,6.9822,0
22.350,5.2935,-0.0136,0.5007,1.9000,6.9742,0
22.367,5.3018,-0.0137,0.5008,1.9000,6.9662,0
22.383,5.3102,-0.0137,0.5009,1.9000,6.9582,0
22.400,5.3185,-0.0138,0.5009,1.9000,6.9502,0
22.417,5.3269,-0.0138,0.5009,1.9000,6.9421,0
22.433,5.3352,-0.0138,0.5009,1.9000,6.9341,0
22.450,5.3436,-0.0139,0.5009,1.9000,6.9261,0
22.467,5.3519,-0.0139,0.5007,1.9000,6.9181,0
22.483,5.3603,-0.0139,0.5007,1.9000,6.9101,0
22.500,5.3686,-0.0140,0.5008,1.9000,6.9021,0
22.517,5.3769,-0.0140,0.5008,1.9000,6.8941,0
22.533,5.3853,-0.0141,0.5007,1.9000,6.8861,0
22.550,5.3936,-0.0141,0.5006,1.9000,6.8781,0
22.567,5.4020,-0.0141,0.5005,1.9000,6.8701,0
22.583,5.4103,-0.0142,0.5003,1.9000,6.8621,0
22.600,5.4187,-0.0142,0.5004,1.9000,6.8541,0
22.617,5.4270,-0.0142,0.5003,1.9000,6.8461,0
22.633,5.4353,-0.0143,0.5002,1.9000,6.8381,0
22.650,5.4437,-0.0143,0.5001,1.9000,6.8301,0
22.667,5.4520,-0.0143,0.5001,1.9000,6.8221,0
22.683,5.4603,-0.0143,0.5001,1.9000,6.8141,0
22.700,5.4687,-0.0144,0.5000,1.9000,6.8061,0
22.717,5.4770,-0.0144,0.4999,1.9000,6.7981,0
22.733,5.4853,-0.0144,0.4999,1.9000,6.7901,0
22.750,5.4937,-0.0145,0.4998,1.9000,6.7822,0
22.767,5.5020,-0.0145,0.4997,1.9000,6.7742,0
22.783,5.5103,-0.0145,0.4997,1.9000,6.7662,0
22.800,5.5186,-0.0145,0.4997,1.9000,6.7582,0
22.817,5.5270,-0.0146,0.4997,1.9000,6.7502,0
22.833,5.5353,-0.0146,0.4996,1.9000,6.7423,0
22.850,5.5436,-0.0146,0.4996,1.9000,6.7343,0
22.867,5.5520,-0.0146,0.4997,1.9000,6.7263,0
22.883,5.5603,-0.0147,0.4997,1.9000,6.7183,0
22.900,5.5686,-0.0147,0.4997,1.9000,6.7103,0
22.917,5.5769,-0.0147,0.4997,1.9000,6.7024,0
22.933,5.5853,-0.0147,0.4999,1.9000,6.6944,0
22.950,5.5936,-0.0148,0.4999,1.9000,6.6864,0
22.967,5.6019,-0.0148,0.4999,1.9000,6.6784,0
22.983,5.6103,-0.0148,0.5000,1.9000,6.6705,0
23.000,5.6186,-0.0148,0.5000,1.9000,6.6625,0
23.017,5.6269,-0.0149,0.5002,1.9000,6.6545,0
23.033,5.6353,-0.0149,0.5003,1.9000,6.6465,0
23.050,5.6436,-0.0149,0.5003,1.9000,6.6386,0
23.067,5.6520,-0.0149,0.5004,1.9000,6.6306,0
23.083,5.6603,-0.0150,0.5004,1.9000,6.6226,0
23.100,5.6686,-0.0150,0.5005,1.9000,6.6146,0
23.117,5.6770,-0.0150,0.5007,1.9000,6.6067,0
23.133,5.6853,-0.0151,0.5006,1.9000,6.5987,0
23.150,5.6937,-0.0151,0.5007,1.9000,6.5907,0
23.167,5.7020,-0.0151,0.5008,1.9000,6.5827,0
23.183,5.7104,-0.0152,0.5007,1.9000,6.5748,0
23.200,5.7187,-0.0152,0.5008,1.9000,6.5668,0
23.217,5.7271,-0.0152,0.5008,1.9000,6.5588,0
23.233,5.7354,-0.0153,0.5009,1.9000,6.5508,0
23.250,5.7437,-0.0153,0.5010,1.9000,6.5429,0
23.267,5.7521,-0.0153,0.5008,1.9000,6.5349,0
23.283,5.7604,-0.0154,0.5009,1.9000,6.5269,0
23.300,5.7688,-0.0154,0.5008,1.9000,6.5189,0
23.317,5.7771,-0.0154,0.5007,1.9000,6.5110,0
23.333,5.7855,-0.0155,0.5007,1.9000,6.5030,0
23.350,5.7938,-0.0155,0.5007,1.9000,6.4951,0
23.367,5.8022,-0.0155,0.5006,1.9000,6.4871,0
23.383,5.8105,-0.0156,0.5005,1.9000,6.4791,0
23.400,5.8189,-0.0156,0.5005,1.9000,6.4712,0
23.417,5.8272,-0.0156,0.5004,1.9000,6.4632,0
23.433,5.8355,-0.0156,0.5003,1.9000,6.4553,0
23.450,5.8439,-0.0157,0.5002,1.9000,6.4473,0
23.467,5.8522,-0.0157,0.5001,1.9000,6.4394,0
23.483,5.8605,-0.0157,0.5001,1.9000,6.4314,0
23.500,5.8689,-0.0158,0.5001,1.9000,6.4235,0
23.517,5.8772,-0.0158,0.4999,1.9000,6.4155,0
23.533,5.8855,-0.0158,0.4999,1.9000,6.4076,0
23.550,5.8939,-0.0159,0.4998,1.9000,6.3996,0
23.567,5.9022,-0.0159,0.4995,1.9000,6.3917,0
23.583,5.9105,-0.0159,0.4994,1.9000,6.3838,0
23.600,5.9188,-0.0160,0.4996,1.9000,6.3758,0
23.617,5.9272,-0.0160,0.4995,1.9000,6.3679,0
23.633,5.9355,-0.0160,0.4997,1.9000,6.3600,0
23.650,5.9438,-0.0161,0.4997,1.9000,6.3521,0
23.667,5.9521,-0.0161,0.4996,1.9000,6.3441,0
23.683,5.9605,-0.0161,0.4997,1.9000,6.3362,0
23.700,5.9688,-0.0162,0.4997,1.9000,6.3283,0
23.717,5.9771,-0.0162,0.4997,1.9000,6.3203,0
23.733,5.9855,-0.0162,0.4998,1.9000,6.3124,0
23.750,5.9938,-0.0163,0.4999,1.9000,6.3045,0
23.767,6.0021,-0.0163,0.4999,1.9000,6.2966,0
23.783,6.0105,-0.0163,0.4999,1.9000,6.2886,0
23.800,6.0188,-0.0164,0.5000,1.9000,6.2807,0
23.817,6.0271,-0.0164,0.5001,1.9000,6.2728,0
23.833,6.0355,-0.0165,0.5002,1.9000,6.2649,0
23.850,6.0438,-0.0165,0.5003,1.9000,6.2569,0
23.867,6.0521,-0.0165,0.5003,1.9000,6.2490,0
23.883,6.0605,-0.0166,0.5004,1.9000,6.2411,0
23.900,6.0688,-0.0166,0.5005,1.9000,6.2332,0
23.917,6.0772,-0.0167,0.5005,1.9000,6.2252,0
23.933,6.0855,-0.0167,0.5006,1.9000,6.2173,0
23.950,6.0938,-0.0168,0.5007,1.9000,6.2094,0
23.967,6.1022,-0.0168,0.5007,1.9000,6.2015,0
23.983,6.1105,-0.0169,0.5007,1.9000,6.1936,0
24.000,6.1189,-0.0169,0.5008,1.9000,6.1856,0
24.017,6.1272,-0.0170,0.5007,1.9000,6.1777,0
24.033,6.1356,-0.0170,0.5007,1.9000,6.1698,0
24.050,6.1439,-0.0171,0.5007,1.9000,6.1619,0
24.067,6.1523,-0.0171,0.5009,1.9000,6.1540,0
24.083,6.1606,-0.0172,0.5009,1.9000,6.1460,0
24.100,6.1690,-0.0172,0.5009,1.9000,6.1381,0
24.117,6.1773,-0.0172,0.5008,1.9000,6.1302,0
24.133,6.1857,-0.0173,0.5008,1.9000,6.1223,0
24.150,6.1940,-0.0173,0.5007,1.9000,6.1144,0
24.167,6.2023,-0.0174,0.5006,1.9000,6.1065,0
24.183,6.2107,-0.0174,0.5006,1.9000,6.0986,0
24.200,6.2190,-0.0175,0.5005,1.9000,6.0907,0
24.217,6.2274,-0.0175,0.5004,1.9000,6.0828,0
24.233,6.2357,-0.0176,0.5004,1.9000,6.0749,0
24.250,6.2440,-0.0176,0.5003,1.9000,6.0670,0
24.267,6.2524,-0.0177,0.5002,1.9000,6.0591,0
24.283,6.2607,-0.0177,0.5002,1.9000,6.0512,0
24.300,6.2691,-0.0178,0.5001,1.9000,6.0433,0
24.317,6.2774,-0.0178,0.4999,1.9000,6.0354,0
24.333,6.2857,-0.0179,0.4999,1.9000,6.0275,0
24.350,6.2940,-0.0179,0.4998,1.9000,6.0197,0
24.367,6.3024,-0.0180,0.4999,1.9000,6.0118,0
24.383,6.3107,-0.0180,0.4998,1.9000,6.0039,0
24.400,6.3190,-0.0181,0.4997,1.9000,5.9960,0
24.417,6.3274,-0.0181,0.4997,1.9000,5.9881,0
24.433,6.3357,-0.0181,0.4995,1.9000,5.9803,0
24.450,6.3440,-0.0182,0.4994,1.9000,5.9724,0
24.467,6.3523,-0.0182,0.4996,1.9000,5.9645,0
24.483,6.3607,-0.0183,0.4996,1.9000,5.9567,0
24.500,6.3690,-0.0183,0.4997,1.9000,5.9488,0
24.517,6.3773,-0.0184,0.4997,1.9000,5.9409,0
24.533,6.3856,-0.0184,0.4998,1.9000,5.9331,0
24.550,6.3940,-0.0185,0.4997,1.9000,5.9252,0
24.567,6.4023,-0.0185,0.4998,1.9000,5.9173,0
24.583,6.4106,-0.0186,0.4998,1.9000,5.9095,0
24.600,6.4190,-0.0187,0.5000,1.9000,5.9016,0
24.617,6.4273,-0.0187,0.5000,1.9000,5.8938,0
24.633,6.4356,-0.0188,0.5001,1.9000,5.8859,0
24.650,6.4440,-0.0188,0.5002,1.9000,5.8780,0
24.667,6.4523,-0.0189,0.5003,1.9000,5.8702,0
24.683,6.4607,-0.0189,0.5004,1.9000,5.8623,0
24.700,6.4690,-0.0190,0.5004,1.9000,5.8544,0
24.717,6.4773,-0.0191,0.5006,1.9000,5.8466,0
24.733,6.4857,-0.0191,0.5003,1.9000,5.8387,0
24.750,6.4940,-0.0192,0.5005,1.9000,5.8309,0
24.767,6.5024,-0.0192,0.5007,1.9000,5.8230,0
24.783,6.5107,-0.0193,0.5006,1.9000,5.8152,0
24.800,6.5191,-0.0194,0.5008,1.9000,5.8073,0
24.817,6.5274,-0.0194,0.5007,1.9000,5.7994,0
24.833,6.5357,-0.0195,0.5008,1.9000,5.7916,0
24.850,6.5441,-0.0195,0.5008,1.9000,5.7837,0
24.867,6.5524,-0.0196,0.5008,1.9000,5.7759,0
24.883,6.5608,-0.0197,0.5008,1.9000,5.7680,0
24.900,6.5691,-0.0197,0.5009,1.9000,5.7602,0
24.917,6.5775,-0.0198,0.5009,1.9000,5.7523,0
24.933,6.5858,-0.0199,0.5008,1.9000,5.7445,0
24.950,6.5942,-0.0199,0.5007,1.9000,5.7367,0
24.967,6.6025,-0.0200,0.5006,1.9000,5.7288,0
24.983,6.6109,-0.0201,0.5007,1.9000,5.7210,0
25.000,6.6192,-0.0201,0.5006,1.9000,5.7131,0
25.017,6.6275,-0.0202,0.5005,1.9000,5.7053,0
25.033,6.6359,-0.0203,0.5004,1.9000,5.6975,0
25.050,6.6442,-0.0203,0.5004,1.9000,5.6896,0
25.067,6.6526,-0.0204,0.5001,1.9000,5.6818,0
25.083,6.6609,-0.0204,0.5001,1.9000,5.6740,0
25.100,6.6692,-0.0205,0.5002,1.9000,5.6662,0
25.117,6.6776,-0.0206,0.5001,1.9000,5.6584,0
25.133,6.6859,-0.0206,0.5001,1.9000,5.6505,0
25.150,6.6942,-0.0207,0.4999,1.9000,5.6427,0
25.167,6.7026,-0.0208,0.4999,1.9000,5.6349,0
25.183,6.7109,-0.0208,0.4997,1.9000,5.6271,0
25.200,6.7192,-0.0209,0.4998,1.9000,5.6193,0
25.217,6.7275,-0.0209,0.4997,1.9000,5.6115,0
25.233,6.7359,-0.0210,0.4998,1.9000,5.6037,0
25.250,6.7442,-0.0211,0.4996,1.9000,5.5959,0
25.267,6.7525,-0.0211,0.4995,1.9000,5.5881,0
25.283,6.7609,-0.0212,0.4997,1.9000,5.5803,0
25.300,6.7692,-0.0213,0.4996,1.9000,5.5725,0
25.317,6.7775,-0.0213,0.4996,1.9000,5.5647,0
25.333,6.7858,-0.0214,0.4994,1.9000,5.5569,0
25.350,6.7942,-0.0215,0.4998,1.9000,5.5491,0
25.367,6.8025,-0.0215,0.4997,1.9000,5.5413,0
25.383,6.8108,-0.0216,0.4999,1.9000,5.5336,0
25.400,6.8191,-0.0217,0.4998,1.9000,5.5258,0
25.417,6.8275,-0.0217,0.5000,1.9000,5.5180,0
25.433,6.8358,-0.0218,0.4999,1.9000,5.5102,0
25.450,6.8441,-0.0219,0.5001,1.9000,5.5024,0
25.467,6.8525,-0.0220,0.4998,1.9000,5.4946,0
25.483,6.8608,-0.0220,0.4998,1.9000,5.4869,0
25.500,6.8691,-0.0221,0.5002,1.9000,5.4791,0
25.517,6.8775,-0.0222,0.5004,1.9000,5.4713,0
25.533,6.8858,-0.0223,0.5004,1.9000,5.4635,0
25.550,6.8942,-0.0223,0.5006,1.9000,5.4557,0
25.567,6.9025,-0.0224,0.5004,1.9000,5.4479,0
25.583,6.9109,-0.0225,0.5008,1.9000,5.4402,0
25.600,6.9192,-0.0226,0.5006,1.9000,5.4324,0
25.617,6.9275,-0.0227,0.5008,1.9000,5.4246,0
25.633,6.9359,-0.0227,0.5008,1.9000,5.4168,0
25.650,6.9442,-0.0228,0.5007,1.9000,5.4091,0
25.667,6.9526,-0.0229,0.5009,1.9000,5.4013,0
25.683,6.9609,-0.0230,0.5010,1.9000,5.3935,0
25.700,6.9693,-0.0230,0.5010,1.9000,5.3858,0
25.717,6.9776,-0.0231,0.5008,1.9000,5.3780,0
25.733,6.9860,-0.0232,0.5009,1.9000,5.3702,0
25.750,6.9943,-0.0233,0.5009,1.9000,5.3625,0
25.767,7.0027,-0.0234,0.5007,1.8800,5.3475,1
25.783,7.0110,-0.0235,0.5008,1.8600,5.3327,1
25.800,7.0194,-0.0235,0.5005,1.8400,5.3179,1
25.817,7.0277,-0.0236,0.5004,1.8200,5.3031,1
25.833,7.0360,-0.0237,0.5005,1.8000,5.2884,1
25.850,7.0444,-0.0238,0.5005,1.7800,5.2737,1
25.867,7.0527,-0.0239,0.5004,1.7600,5.2591,1
25.883,7.0610,-0.0239,0.5002,1.7400,5.2445,1
25.900,7.0694,-0.0240,0.5001,1.7200,5.2300,1
25.917,7.0777,-0.0241,0.5003,1.7000,5.2155,1
25.933,7.0861,-0.0242,0.5001,1.6800,5.2011,1
25.950,7.0944,-0.0243,0.4996,1.6600,5.1867,1
25.967,7.1027,-0.0243,0.4995,1.6400,5.1724,1
25.983,7.1110,-0.0244,0.4998,1.6200,5.1581,1
26.000,7.1194,-0.0245,0.4998,1.6000,5.1439,1
26.017,7.1277,-0.0246,0.4998,1.5800,5.1297,1
26.033,7.1360,-0.0247,0.4997,1.5600,5.1156,1
26.050,7.1444,-0.0248,0.4997,1.5400,5.1015,1
26.067,7.1527,-0.0248,0.4998,1.5200,5.0875,1
26.083,7.1610,-0.0249,0.4997,1.5000,5.0736,1
26.100,7.1693,-0.0250,0.4996,1.4800,5.0597,1
26.117,7.1777,-0.0251,0.4997,1.4600,5.0458,1
26.133,7.1860,-0.0252,0.4997,1.4400,5.0320,1
26.150,7.1943,-0.0252,0.4996,1.4200,5.0183,1
26.167,7.2026,-0.0253,0.4996,1.4000,5.0046,1
26.183,7.2110,-0.0254,0.4996,1.3800,4.9910,1
26.200,7.2193,-0.0255,0.4999,1.3600,4.9774,1
26.217,7.2276,-0.0256,0.4998,1.3400,4.9639,1
26.233,7.2360,-0.0257,0.4998,1.3200,4.9504,1
26.250,7.2443,-0.0258,0.5000,1.3000,4.9370,1
26.267,7.2526,-0.0258,0.5000,1.2800,4.9237,1
26.283,7.2610,-0.0259,0.5003,1.2600,4.9104,1
26.300,7.2693,-0.0260,0.5002,1.2400,4.8972,1
26.317,7.2776,-0.0261,0.5003,1.2200,4.8840,1
26.333,7.2860,-0.0262,0.5003,1.2000,4.8709,1
26.350,7.2943,-0.0263,0.5005,1.1800,4.8578,1
26.367,7.3027,-0.0264,0.5005,1.1600,4.8448,1
26.383,7.3110,-0.0265,0.5006,1.1400,4.8319,1
26.400,7.3193,-0.0266,0.5006,1.1200,4.8190,1
26.417,7.3277,-0.0267,0.5007,1.1000,4.8062,1
26.433,7.3360,-0.0268,0.5007,1.0800,4.7935,1
26.450,7.3444,-0.0269,0.5008,1.0600,4.7808,1
26.467,7.3527,-0.0269,0.5008,1.0400,4.7682,1
26.483,7.3611,-0.0270,0.5008,1.0200,4.7556,1
26.500,7.3694,-0.0271,0.5009,1.0000,4.7431,1
26.517,7.3778,-0.0272,0.5008,0.9800,4.7307,1
26.533,7.3861,-0.0273,0.5010,0.9600,4.7183,1
26.550,7.3945,-0.0274,0.5009,0.9400,4.7060,1
26.567,7.4028,-0.0275,0.5008,0.9200,4.6938,1
26.583,7.4112,-0.0276,0.5007,0.9000,4.6817,1
26.600,7.4195,-0.0277,0.5007,0.8800,4.6696,1
26.617,7.4278,-0.0278,0.5008,0.8600,4.6576,1
26.633,7.4362,-0.0279,0.5006,0.8400,4.6456,1
26.650,7.4445,-0.0280,0.5005,0.8200,4.6337,1
26.667,7.4529,-0.0281,0.5006,0.8000,4.6219,1
26.683,7.4612,-0.0282,0.5003,0.7800,4.6102,1
26.700,7.4695,-0.0283,0.5004,0.7600,4.5985,1
26.717,7.4779,-0.0284,0.5003,0.7400,4.5869,1
26.733,7.4862,-0.0285,0.5002,0.7200,4.5754,1
26.750,7.4946,-0.0286,0.5002,0.7000,4.5640,1
26.767,7.5029,-0.0287,0.4999,0.6800,4.5526,1
26.783,7.5112,-0.0288,0.5000,0.6600,4.5413,1
26.800,7.5196,-0.0289,0.5000,0.6400,4.5301,1
26.817,7.5279,-0.0289,0.4999,0.6200,4.5190,1
26.833,7.5362,-0.0290,0.4999,0.6000,4.5079,1
26.850,7.5445,-0.0291,0.4996,0.5800,4.4969,1
26.867,7.5529,-0.0292,0.4998,0.5600,4.4860,1
26.883,7.5612,-0.0293,0.4997,0.5400,4.4752,1
26.900,7.5695,-0.0294,0.4996,0.5200,4.4644,1
26.917,7.5779,-0.0295,0.4998,0.5000,4.4537,1
26.933,7.5862,-0.0296,0.4997,0.4800,4.4431,1
26.950,7.5945,-0.0297,0.4996,0.4600,4.4326,1
26.967,7.6028,-0.0298,0.4997,0.4400,4.4222,1
26.983,7.6112,-0.0299,0.4996,0.4200,4.4118,1
27.000,7.6195,-0.0300,0.4999,0.4000,4.4016,1
27.017,7.6278,-0.0301,0.4997,0.3800,4.3914,1
27.033,7.6361,-0.0302,0.4999,0.3600,4.3813,1
27.050,7.6445,-0.0303,0.4999,0.3400,4.3712,1
27.067,7.6528,-0.0304,0.5001,0.3200,4.3613,1
27.083,7.6611,-0.0305,0.4999,0.3000,4.3514,1
27.100,7.6695,-0.0306,0.4997,0.2800,4.3416,1
27.117,7.6778,-0.0307,0.4994,0.2600,4.3320,1
27.133,7.6861,-0.0308,0.4994,0.2400,4.3224,1
27.150,7.6944,-0.0309,0.4998,0.2200,4.3129,1
27.167,7.7028,-0.0309,0.5002,0.2000,4.3034,1
27.183,7.7111,-0.0311,0.5005,0.1800,4.2941,1
27.200,7.7195,-0.0312,0.5005,0.1600,4.2848,1
27.217,7.7278,-0.0313,0.5006,0.1400,4.2756,1
27.233,7.7362,-0.0314,0.5007,0.1200,4.2665,1
27.250,7.7445,-0.0315,0.5007,0.1000,4.2575,1
27.267,7.7528,-0.0316,0.5007,0.0800,4.2486,1
27.283,7.7612,-0.0317,0.5007,0.0600,4.2398,1
27.300,7.7695,-0.0318,0.5009,0.0400,4.2311,1
27.317,7.7779,-0.0319,0.5009,0.0200,4.2224,1
27.333,7.7862,-0.0320,0.5009,0.0000,4.2139,1
27.350,7.7946,-0.0321,0.5009,0.0000,4.2055,1
27.367,7.8029,-0.0322,0.5009,0.0000,4.1972,1
27.383,7.8113,-0.0323,0.5008,0.0000,4.1889,1
27.400,7.8196,-0.0324,0.5008,0.0000,4.1805,1
27.417,7.8280,-0.0325,0.5008,0.0000,4.1722,1
27.433,7.8363,-0.0326,0.5007,0.0000,4.1638,1
27.450,7.8447,-0.0327,0.5006,0.0000,4.1555,1
27.467,7.8530,-0.0328,0.5005,0.0000,4.1471,1
27.483,7.8613,-0.0329,0.5005,0.0000,4.1388,1
27.500,7.8697,-0.0330,0.5004,0.0000,4.1305,1
27.517,7.8780,-0.0331,0.5003,0.0000,4.1221,1
27.533,7.8863,-0.0332,0.5002,0.0000,4.1138,1
27.550,7.8947,-0.0333,0.5002,0.0000,4.1055,1
27.567,7.9030,-0.0334,0.5003,0.0000,4.0971,1
27.583,7.9114,-0.0335,0.5000,0.0000,4.0888,1
27.600,7.9197,-0.0336,0.4999,0.0000,4.0805,1
27.617,7.9280,-0.0337,0.4997,0.0000,4.0721,1
27.633,7.9363,-0.0338,0.4998,0.0000,4.0638,1
27.650,7.9447,-0.0339,0.4999,0.0000,4.0555,1
27.667,7.9530,-0.0340,0.4997,0.0000,4.0471,1
27.683,7.9613,-0.0341,0.4998,0.0000,4.0388,1
27.700,7.9697,-0.0342,0.4998,0.0000,4.0305,1
27.717,7.9780,-0.0343,0.4997,0.0000,4.0222,1
27.733,7.9863,-0.0344,0.4996,0.0000,4.0138,1
27.750,7.9946,-0.0345,0.4996,0.0000,4.0055,1
27.767,8.0030,-0.0346,0.4996,0.0000,3.9972,1
27.783,8.0113,-0.0347,0.4997,0.0000,3.9889,1
27.800,8.0196,-0.0348,0.4996,0.0000,3.9805,1
27.817,8.0279,-0.0349,0.4997,0.0000,3.9722,1
27.833,8.0363,-0.0350,0.4996,0.0000,3.9639,1
27.850,8.0446,-0.0351,0.4997,0.0000,3.9556,1
27.867,8.0529,-0.0352,0.5000,0.0000,3.9472,1
27.883,8.0613,-0.0353,0.5000,0.0000,3.9389,1
27.900,8.0696,-0.0354,0.5001,0.0000,3.9306,1
27.917,8.0779,-0.0355,0.5001,0.0000,3.9222,1
27.933,8.0863,-0.0356,0.5003,0.0000,3.9139,1
27.950,8.0946,-0.0357,0.5003,0.0000,3.9055,1
27.967,8.1030,-0.0358,0.5003,0.0000,3.8972,1
27.983,8.1113,-0.0359,0.5005,0.0000,3.8889,1
28.000,8.1196,-0.0360,0.5006,0.0000,3.8805,1
28.017,8.1280,-0.0361,0.5007,0.0000,3.8722,1
28.033,8.1363,-0.0362,0.5005,0.0000,3.8638,1
28.050,8.1447,-0.0363,0.5007,0.0000,3.8555,1
28.067,8.1530,-0.0364,0.5007,0.0000,3.8472,1
28.083,8.1614,-0.0365,0.5009,0.0000,3.8388,1
28.100,8.1697,-0.0366,0.5008,0.0000,3.8305,1
28.117,8.1781,-0.0367,0.5009,0.0000,3.8221,1
28.133,8.1864,-0.0368,0.5008,0.0000,3.8138,1
28.150,8.1947,-0.0369,0.5009,0.0000,3.8054,1
28.167,8.2031,-0.0370,0.5010,0.0000,3.7971,1
28.183,8.2114,-0.0372,0.5007,0.0000,3.7887,1
28.200,8.2198,-0.0373,0.5010,0.0000,3.7804,1
28.217,8.2281,-0.0374,0.5008,0.0000,3.7721,1
28.233,8.2365,-0.0375,0.5007,0.0000,3.7637,1
28.250,8.2448,-0.0376,0.5008,0.0000,3.7554,1
28.267,8.2532,-0.0377,0.5005,0.0000,3.7470,1
28.283,8.2615,-0.0378,0.5007,0.0000,3.7387,1
28.300,8.2698,-0.0379,0.5003,0.0000,3.7303,1
28.317,8.2782,-0.0380,0.5004,0.0000,3.7220,1
28.333,8.2865,-0.0381,0.5004,0.0000,3.7137,1
28.350,8.2949,-0.0382,0.5002,0.0000,3.7053,1
28.367,8.3032,-0.0383,0.5003,0.0000,3.6970,1
28.383,8.3115,-0.0384,0.4999,0.0000,3.6887,1
28.400,8.3199,-0.0385,0.4999,0.0000,3.6803,1
28.417,8.3282,-0.0387,0.4998,0.0000,3.6720,1
28.433,8.3365,-0.0388,0.4998,0.0000,3.6637,1
28.450,8.3448,-0.0389,0.4999,0.0000,3.6554,1
28.467,8.3532,-0.0390,0.4998,0.0000,3.6470,1
28.483,8.3615,-0.0391,0.4996,0.0000,3.6387,1
28.500,8.3698,-0.0392,0.5000,0.0000,3.6304,1
28.517,8.3782,-0.0393,0.4996,0.0000,3.6220,1
28.533,8.3865,-0.0394,0.4996,0.0000,3.6137,1
28.550,8.3948,-0.0395,0.4999,0.0000,3.6054,1
28.567,8.4031,-0.0396,0.4995,0.0000,3.5971,1
28.583,8.4115,-0.0397,0.4998,0.0000,3.5887,1
28.600,8.4198,-0.0398,0.4997,0.0000,3.5804,1
28.617,8.4281,-0.0400,0.4996,0.0000,3.5721,1
28.633,8.4365,-0.0401,0.4999,0.0000,3.5638,1
28.650,8.4448,-0.0402,0.4998,0.0000,3.5554,1
28.667,8.4531,-0.0403,0.4998,0.0000,3.5471,1
28.683,8.4614,-0.0404,0.5000,0.0000,3.5388,1
28.700,8.4698,-0.0405,0.4999,0.0000,3.5305,1
28.717,8.4781,-0.0406,0.4999,0.0000,3.5221,1
28.733,8.4864,-0.0407,0.5002,0.0000,3.5138,1
28.750,8.4948,-0.0408,0.5003,0.0000,3.5055,1
28.767,8.5031,-0.0410,0.5004,0.0000,3.4971,1
28.783,8.5115,-0.0411,0.5005,0.0000,3.4888,1
28.800,8.5198,-0.0412,0.5004,0.0000,3.4804,1
28.817,8.5281,-0.0413,0.5004,0.0000,3.4721,1
28.833,8.5365,-0.0414,0.5007,0.0000,3.4638,1
28.850,8.5448,-0.0415,0.5006,0.0000,3.4554,1
28.867,8.5532,-0.0416,0.5007,0.0000,3.4471,1
28.883,8.5615,-0.0417,0.5008,0.0000,3.4387,1
28.900,8.5699,-0.0419,0.5008,0.0000,3.4304,1
28.917,8.5782,-0.0420,0.5010,0.0000,3.4220,1
28.933,8.5866,-0.0421,0.5008,0.0000,3.4137,1
28.950,8.5949,-0.0422,0.5010,0.0000,3.4054,1
28.967,8.6033,-0.0423,0.5008,0.0000,3.3970,1
28.983,8.6116,-0.0424,0.5009,0.0000,3.3887,1
29.000,8.6199,-0.0425,0.5009,0.0000,3.3803,1
29.017,8.6283,-0.0426,0.5008,0.0000,3.3720,1
29.033,8.6366,-0.0427,0.5007,0.0000,3.3636,1
29.050,8.6450,-0.0428,0.5008,0.0000,3.3553,1
29.067,8.6533,-0.0429,0.5006,0.0000,3.3469,1
29.083,8.6617,-0.0430,0.5007,0.0000,3.3386,1
29.100,8.6700,-0.0431,0.5005,0.0000,3.3303,1
29.117,8.6784,-0.0431,0.5005,0.0000,3.3219,1
29.133,8.6867,-0.0432,0.5005,0.0000,3.3136,1
29.150,8.6950,-0.0433,0.5002,0.0000,3.3052,1
29.167,8.7034,-0.0434,0.5003,0.0000,3.2969,1
29.183,8.7117,-0.0435,0.5002,0.0000,3.2886,1
29.200,8.7200,-0.0436,0.5001,0.0000,3.2802,1
29.217,8.7284,-0.0436,0.5000,0.0000,3.2719,1
29.233,8.7367,-0.0437,0.5001,0.0000,3.2636,1
29.250,8.7450,-0.0438,0.4999,0.0000,3.2553,1
29.267,8.7534,-0.0439,0.4994,0.0000,3.2469,1
29.283,8.7617,-0.0439,0.4997,0.0000,3.2386,1
29.300,8.7700,-0.0440,0.4996,0.0000,3.2303,1
29.317,8.7783,-0.0441,0.4995,0.0000,3.2220,1
29.333,8.7867,-0.0441,0.4998,0.0000,3.2136,1
29.350,8.7950,-0.0442,0.4997,0.0000,3.2053,1
29.367,8.8033,-0.0443,0.4996,0.0000,3.1970,1
29.383,8.8117,-0.0443,0.4997,0.0000,3.1887,1
29.400,8.8200,-0.0444,0.4998,0.0000,3.1803,1
29.417,8.8283,-0.0444,0.4997,0.0000,3.1720,1
29.433,8.8366,-0.0445,0.4998,0.0000,3.1637,1
29.450,8.8450,-0.0446,0.4998,0.0000,3.1553,1
29.467,8.8533,-0.0446,0.4999,0.0000,3.1470,1
29.483,8.8616,-0.0447,0.5001,0.0000,3.1387,1
29.500,8.8700,-0.0447,0.5001,0.0000,3.1303,1
29.517,8.8783,-0.0448,0.5002,0.0000,3.1220,1
29.533,8.8866,-0.0448,0.5003,0.0000,3.1137,1
29.550,8.8950,-0.0449,0.5005,0.0000,3.1053,1
29.567,8.9033,-0.0449,0.5005,0.0000,3.0970,1
29.583,8.9117,-0.0450,0.5006,0.0000,3.0887,1
29.600,8.9200,-0.0450,0.5008,0.0000,3.0803,1
29.617,8.9284,-0.0450,0.5009,0.0000,3.0720,1
29.633,8.9367,-0.0451,0.5009,0.0000,3.0636,1
29.650,8.9451,-0.0451,0.5013,0.0000,3.0553,1
29.667,8.9534,-0.0452,0.5010,0.0000,3.0469,1
29.683,8.9618,-0.0452,0.5014,0.0000,3.0386,1
29.700,8.9701,-0.0452,0.5010,0.0000,3.0302,1
29.717,8.9785,-0.0453,0.5014,0.0000,3.0219,1
29.733,8.9868,-0.0453,0.5010,0.0000,3.0135,1
29.750,8.9952,-0.0453,0.5010,0.0000,3.0052,1
29.767,9.0035,-0.0453,0.5010,0.0000,2.9968,1
29.783,9.0119,-0.0454,0.5009,0.0000,2.9885,1
29.800,9.0202,-0.0454,0.5009,0.0000,2.9801,1
29.817,9.0286,-0.0454,0.5011,0.0000,2.9718,1
29.833,9.0369,-0.0454,0.5008,0.0000,2.9634,1
29.850,9.0453,-0.0454,0.5007,0.0000,2.9551,1
29.867,9.0536,-0.0454,0.5006,0.0000,2.9467,1
29.883,9.0620,-0.0454,0.5007,0.0000,2.9384,1
29.900,9.0703,-0.0454,0.5007,0.0000,2.9300,1
29.917,9.0786,-0.0454,0.5006,0.0000,2.9217,1
29.933,9.0870,-0.0454,0.5005,0.0000,2.9134,1
29.950,9.0953,-0.0454,0.5004,0.0000,2.9050,1
29.967,9.1037,-0.0453,0.5003,0.0000,2.8967,1
29.983,9.1120,-0.0453,0.5002,0.0000,2.8883,1
30.000,9.1203,-0.0453,0.5001,0.0000,2.8800,1
30.017,9.1287,-0.0453,0.5001,0.0000,2.8717,1
30.033,9.1370,-0.0452,0.5001,0.0000,2.8633,1
30.050,9.1453,-0.0452,0.4999,0.0000,2.8550,1
30.067,9.1537,-0.0451,0.4999,0.0000,2.8467,1
30.083,9.1620,-0.0451,0.4999,0.0000,2.8384,1
30.100,9.1703,-0.0451,0.4999,0.0000,2.8300,1
30.117,9.1787,-0.0450,0.4998,0.0000,2.8217,1
30.133,9.1870,-0.0449,0.4997,0.0000,2.8134,1
30.150,9.1953,-0.0449,0.4997,0.0000,2.8050,1
30.167,9.2037,-0.0448,0.4997,0.0000,2.7967,1
30.183,9.2120,-0.0448,0.4998,0.0000,2.7884,1
30.200,9.2203,-0.0447,0.4998,0.0000,2.7800,1
30.217,9.2286,-0.0446,0.5001,0.0000,2.7717,1
30.233,9.2370,-0.0445,0.5000,0.0000,2.7634,1
30.250,9.2453,-0.0445,0.5001,0.0000,2.7550,1
30.267,9.2537,-0.0444,0.5001,0.0000,2.7467,1
30.283,9.2620,-0.0443,0.5004,0.0000,2.7384,1
30.300,9.2703,-0.0442,0.5005,0.0000,2.7300,1
30.317,9.2787,-0.0441,0.5005,0.0000,2.7217,1
30.333,9.2870,-0.0440,0.5007,0.0000,2.7133,1
30.350,9.2954,-0.0439,0.5007,0.0000,2.7050,1
30.367,9.3037,-0.0438,0.5009,0.0000,2.6966,1
30.383,9.3121,-0.0437,0.5009,0.0000,2.6883,1
30.400,9.3204,-0.0436,0.5010,0.0000,2.6799,1
30.417,9.3288,-0.0435,0.5007,0.0000,2.6716,1
30.433,9.3371,-0.0434,0.5006,0.0000,2.6633,1
30.450,9.3454,-0.0433,0.5007,0.0000,2.6549,1
30.467,9.3538,-0.0432,0.5011,0.0000,2.6466,1
30.483,9.3621,-0.0430,0.5012,0.0000,2.6382,1
30.500,9.3705,-0.0429,0.5011,0.0000,2.6299,1
30.517,9.3788,-0.0428,0.5014,0.0000,2.6215,1
30.533,9.3872,-0.0426,0.5011,0.0000,2.6132,1
30.550,9.3955,-0.0425,0.5010,0.0000,2.6048,1
30.567,9.4039,-0.0424,0.5009,0.0000,2.5965,1
30.583,9.4122,-0.0422,0.5010,0.0000,2.5881,1
30.600,9.4206,-0.0421,0.5010,0.0000,2.5798,1
30.617,9.4289,-0.0419,0.5008,0.0000,2.5714,1
30.633,9.4373,-0.0417,0.5009,0.0000,2.5631,1
30.650,9.4456,-0.0416,0.5008,0.0000,2.5547,1
30.667,9.4540,-0.0414,0.5008,0.0000,2.5464,1
30.683,9.4623,-0.0412,0.5008,0.0000,2.5380,1
30.700,9.4707,-0.0410,0.5007,0.0000,2.5297,1
30.717,9.4790,-0.0409,0.5006,0.0000,2.5213,1
30.733,9.4873,-0.0407,0.5005,0.0000,2.5130,1
30.750,9.4957,-0.0405,0.5004,0.0000,2.5046,1
30.767,9.5040,-0.0403,0.5004,0.0000,2.4963,1
30.783,9.5124,-0.0401,0.5003,0.0000,2.4880,1
30.800,9.5207,-0.0398,0.5002,0.0000,2.4796,1
30.817,9.5290,-0.0396,0.5001,0.0000,2.4713,1
30.833,9.5374,-0.0394,0.5002,0.0000,2.4630,1
30.850,9.5457,-0.0392,0.5000,0.0000,2.4546,1
30.867,9.5540,-0.0389,0.4998,0.0000,2.4463,1
30.883,9.5623,-0.0387,0.4994,0.0000,2.4380,1
30.900,9.5707,-0.0384,0.4996,0.0000,2.4297,1
30.917,9.5790,-0.0382,0.4995,0.0000,2.4213,1
30.933,9.5873,-0.0379,0.4995,0.0000,2.4130,1
30.950,9.5956,-0.0377,0.4995,0.0000,2.4047,1
30.967,9.6039,-0.0374,0.4998,0.0000,2.3964,1
30.983,9.6123,-0.0371,0.4997,0.0000,2.3880,1
31.000,9.6206,-0.0369,0.4993,0.0000,2.3797,1
31.017,9.6289,-0.0366,0.4991,0.0000,2.3714,1
31.033,9.6372,-0.0363,0.4994,0.0000,2.3631,1
31.050,9.6455,-0.0360,0.4995,0.0000,2.3547,1
31.067,9.6539,-0.0358,0.4996,0.0000,2.3464,1
31.083,9.6622,-0.0355,0.4998,0.0000,2.3381,1
31.100,9.6705,-0.0352,0.4994,0.0000,2.3298,1
31.117,9.6788,-0.0349,0.4999,0.0000,2.3214,1
31.133,9.6871,-0.0346,0.4995,0.0000,2.3131,1
31.150,9.6955,-0.0343,0.5001,0.0000,2.3048,1
31.167,9.7038,-0.0340,0.5002,0.0000,2.2964,1
31.183,9.7121,-0.0336,0.4999,0.0000,2.2881,1
31.200,9.7205,-0.0333,0.5002,0.0000,2.2798,1
31.217,9.7288,-0.0330,0.5002,0.0000,2.2714,1
31.233,9.7371,-0.0327,0.5004,0.0000,2.2631,1
31.250,9.7455,-0.0324,0.5005,0.0000,2.2548,1
31.267,9.7538,-0.0320,0.5010,0.0000,2.2464,1
31.283,9.7622,-0.0317,0.5010,0.0000,2.2381,1
31.300,9.7705,-0.0314,0.5008,0.0000,2.2297,1
31.317,9.7788,-0.0310,0.5006,0.0000,2.2214,1
31.333,9.7872,-0.0307,0.5006,0.0000,2.2130,1
31.350,9.7955,-0.0303,0.5007,0.0000,2.2047,1
31.367,9.8038,-0.0300,0.5008,0.0000,2.1964,1
31.383,9.8122,-0.0296,0.5010,0.0000,2.1880,1
31.400,9.8205,-0.0292,0.5009,0.0000,2.1797,1
31.417,9.8289,-0.0289,0.5009,0.0000,2.1713,1
31.433,9.8372,-0.0285,0.5009,0.0000,2.1630,1
31.450,9.8455,-0.0281,0.5008,0.0000,2.1546,1
31.467,9.8539,-0.0277,0.5009,0.0000,2.1463,1
31.483,9.8622,-0.0274,0.5007,0.0000,2.1380,1
31.500,9.8706,-0.0270,0.5005,0.0000,2.1296,1
31.517,9.8789,-0.0266,0.5006,0.0000,2.1213,1
31.533,9.8872,-0.0262,0.5005,0.0000,2.1129,1
31.550,9.8956,-0.0258,0.5005,0.0000,2.1046,1
31.567,9.9039,-0.0254,0.5003,0.0000,2.0963,1
31.583,9.9122,-0.0249,0.5003,0.0000,2.0879,1
31.600,9.9205,-0.0245,0.5002,0.0000,2.0796,1
31.617,9.9289,-0.0241,0.5002,0.0000,2.0713,1
31.633,9.9372,-0.0237,0.5001,0.0000,2.0630,1
31.650,9.9455,-0.0233,0.5000,0.0000,2.0546,1
31.667,9.9538,-0.0228,0.4999,0.0000,2.0463,1
31.683,9.9621,-0.0224,0.4998,0.0000,2.0380,1
31.700,9.9705,-0.0219,0.4999,0.0000,2.0297,1
31.717,9.9788,-0.0215,0.4998,0.0000,2.0213,1
31.733,9.9871,-0.0211,0.4997,0.0000,2.0130,1
31.750,9.9954,-0.0206,0.4997,0.0000,2.0047,1
31.767,10.0037,-0.0202,0.4996,0.0000,1.9964,1
31.783,10.0120,-0.0197,0.4997,0.0000,1.9881,1
31.800,10.0204,-0.0192,0.4996,0.0000,1.9797,1
31.817,10.0287,-0.0188,0.4994,0.0000,1.9714,1
31.833,10.0370,-0.0183,0.4996,0.0000,1.9631,1
31.850,10.0453,-0.0178,0.4994,0.0000,1.9548,1
31.867,10.0536,-0.0174,0.4997,0.0000,1.9465,1
31.883,10.0619,-0.0169,0.4999,0.0000,1.9381,1
31.900,10.0702,-0.0164,0.4999,0.0000,1.9298,1
31.917,10.0786,-0.0160,0.5000,0.0000,1.9215,1
31.933,10.0869,-0.0155,0.5000,0.0000,1.9132,1
31.950,10.0952,-0.0150,0.5001,0.0000,1.9049,1
31.967,10.1035,-0.0145,0.5003,0.0000,1.8965,1
31.983,10.1119,-0.0140,0.5003,0.0000,1.8882,1
32.000,10.1202,-0.0135,0.5004,0.0000,1.8799,1
32.017,10.1285,-0.0130,0.5005,0.0000,1.8715,1
32.033,10.1368,-0.0125,0.5006,0.0000,1.8632,1
32.050,10.1452,-0.0120,0.5007,0.0000,1.8549,1
32.067,10.1535,-0.0115,0.5008,0.0000,1.8465,1
32.083,10.1618,-0.0110,0.5008,0.0000,1.8382,1
32.100,10.1702,-0.0105,0.5007,0.0000,1.8299,1
32.117,10.1785,-0.0100,0.5008,0.0000,1.8215,1
32.133,10.1868,-0.0095,0.5007,0.0000,1.8132,1
32.150,10.1952,-0.0090,0.5009,0.0000,1.8049,1
32.167,10.2033,-0.0085,0.4926,0.0000,1.7967,1
32.183,10.2114,-0.0080,0.4816,0.0000,1.7887,1
32.200,10.2193,-0.0075,0.4774,0.0000,1.7807,1
32.217,10.2273,-0.0070,0.4785,0.0000,1.7728,1
32.233,10.2352,-0.0065,0.4804,0.0000,1.7648,1
32.250,10.2432,-0.0060,0.4802,0.0000,1.7568,1
32.267,10.2512,-0.0055,0.4809,0.0000,1.7488,1
32.283,10.2593,-0.0050,0.4825,0.0000,1.7407,1
32.300,10.2673,-0.0044,0.4834,0.0000,1.7327,1
32.317,10.2753,-0.0039,0.4838,0.0000,1.7247,1
32.333,10.2834,-0.0034,0.4829,0.0000,1.7166,1
32.350,10.2913,-0.0029,0.4773,0.0000,1.7087,1
32.367,10.2992,-0.0024,0.4714,0.0000,1.7008,1
32.383,10.3069,-0.0018,0.4675,0.0000,1.6931,1
32.400,10.3146,-0.0013,0.4637,0.0000,1.6854,1
32.417,10.3223,-0.0008,0.4615,0.0000,1.6777,1
32.433,10.3300,-0.0003,0.4607,0.0000,1.6700,1
32.450,10.3376,0.0002,0.4604,0.0000,1.6624,1
32.467,10.3453,0.0007,0.4617,0.0000,1.6547,1
32.483,10.3530,0.0012,0.4642,0.0000,1.6470,1
32.500,10.3608,0.0018,0.4651,0.0000,1.6392,1
32.517,10.3684,0.0023,0.4619,0.0000,1.6316,1
32.533,10.3760,0.0028,0.4570,0.0000,1.6240,1
32.550,10.3836,0.0033,0.4550,0.0000,1.6164,1
32.567,10.3911,0.0038,0.4521,0.0000,1.6089,1
32.583,10.3986,0.0043,0.4477,0.0000,1.6014,1
32.600,10.4060,0.0049,0.4442,0.0000,1.5941,1
32.617,10.4133,0.0054,0.4428,0.0000,1.5867,1
32.633,10.4207,0.0059,0.4420,0.0000,1.5793,1
32.650,10.4280,0.0064,0.4412,0.0000,1.5720,1
32.667,10.4353,0.0069,0.4400,0.0000,1.5647,1
32.683,10.4426,0.0074,0.4367,0.0000,1.5574,1
32.700,10.4498,0.0079,0.4360,0.0000,1.5502,1
32.717,10.4571,0.0084,0.4356,0.0000,1.5429,1
32.733,10.4643,0.0089,0.4335,0.0000,1.5357,1
32.750,10.4715,0.0094,0.4313,0.0000,1.5286,1
32.767,10.4786,0.0099,0.4274,0.0000,1.5215,1
32.783,10.4856,0.0104,0.4255,0.0000,1.5144,1
32.800,10.4927,0.0109,0.4242,0.0000,1.5074,1
32.817,10.4997,0.0114,0.4234,0.0000,1.5003,1
32.833,10.5067,0.0119,0.4215,0.0000,1.4933,1
32.850,10.5137,0.0123,0.4171,0.0000,1.4864,1
32.867,10.5206,0.0128,0.4139,0.0000,1.4795,1
32.883,10.5274,0.0133,0.4144,0.0000,1.4726,1
32.900,10.5343,0.0138,0.4121,0.0000,1.4658,1
32.917,10.5411,0.0143,0.4086,0.0000,1.4590,1
32.933,10.5478,0.0147,0.4042,0.0000,1.4523,1
32.950,10.5545,0.0152,0.4040,0.0000,1.4456,1
32.967,10.5612,0.0157,0.4045,0.0000,1.4388,1
32.983,10.5680,0.0162,0.4035,0.0000,1.4321,1
33.000,10.5747,0.0166,0.4033,0.0000,1.4254,1
33.017,10.5813,0.0171,0.4011,0.0000,1.4188,1
33.033,10.5880,0.0176,0.3991,0.0000,1.4121,1
33.050,10.5946,0.0180,0.3970,0.0000,1.4055,1
33.067,10.6011,0.0185,0.3936,0.0000,1.3990,1
33.083,10.6076,0.0190,0.3904,0.0000,1.3925,1
33.100,10.6141,0.0194,0.3886,0.0000,1.3861,1
33.117,10.6205,0.0199,0.3873,0.0000,1.3796,1
33.133,10.6269,0.0203,0.3840,0.0000,1.3733,1
33.150,10.6332,0.0208,0.3815,0.0000,1.3669,1
33.167,10.6395,0.0212,0.3794,0.0000,1.3606,1
33.183,10.6458,0.0217,0.3782,0.0000,1.3544,1
33.200,10.6521,0.0221,0.3768,0.0000,1.3481,1
33.217,10.6583,0.0226,0.3733,0.0000,1.3419,1
33.233,10.6644,0.0230,0.3692,0.0000,1.3358,1
33.250,10.6705,0.0235,0.3659,0.0000,1.3297,1
33.267,10.6766,0.0239,0.3637,0.0000,1.3237,1
33.283,10.6826,0.0243,0.3646,0.0000,1.3176,1
33.300,10.6887,0.0248,0.3648,0.0000,1.3116,1
33.317,10.6947,0.0252,0.3602,0.0000,1.3056,1
33.333,10.7006,0.0256,0.3560,0.0000,1.2997,1
33.350,10.7065,0.0261,0.3542,0.0000,1.2938,1
33.367,10.7124,0.0265,0.3551,0.0000,1.2879,1
33.383,10.7183,0.0269,0.3557,0.0000,1.2820,1
33.400,10.7241,0.0274,0.3507,0.0000,1.2762,1
33.417,10.7299,0.0278,0.3461,0.0000,1.2704,1
33.433,10.7356,0.0282,0.3418,0.0000,1.2648,1
33.450,10.7412,0.0286,0.3403,0.0000,1.2591,1
33.467,10.7469,0.0290,0.3412,0.0000,1.2535,1
33.483,10.7525,0.0294,0.3376,0.0000,1.2479,1
33.500,10.7580,0.0298,0.3336,0.0000,1.2423,1
33.517,10.7635,0.0302,0.3300,0.0000,1.2368,1
33.533,10.7690,0.0306,0.3277,0.0000,1.2314,1
33.550,10.7744,0.0310,0.3267,0.0000,1.2260,1
33.567,10.7798,0.0314,0.3250,0.0000,1.2206,1
33.583,10.7852,0.0318,0.3231,0.0000,1.2152,1
33.600,10.7905,0.0322,0.3200,0.0000,1.2099,1
33.617,10.7958,0.0326,0.3171,0.0000,1.2047,1
33.633,10.8010,0.0330,0.3148,0.0000,1.1995,1
33.650,10.8061,0.0334,0.3100,0.0000,1.1943,1
33.667,10.8112,0.0337,0.3060,0.0000,1.1892,1
33.683,10.8163,0.0341,0.3029,0.0000,1.1842,1
33.700,10.8213,0.0345,0.3012,0.0000,1.1792,1
33.717,10.8263,0.0348,0.3002,0.0000,1.1742,1
33.733,10.8312,0.0352,0.2994,0.0000,1.1693,1
33.750,10.8362,0.0356,0.2981,0.0000,1.1643,1
33.767,10.8411,0.0359,0.2960,0.0000,1.1594,1
33.783,10.8460,0.0363,0.2942,0.0000,1.1546,1
33.800,10.8509,0.0366,0.2927,0.0000,1.1497,1
33.817,10.8557,0.0370,0.2891,0.0000,1.1449,1
33.833,10.8604,0.0373,0.2854,0.0000,1.1402,1
33.850,10.8651,0.0377,0.2790,0.0000,1.1356,1
33.867,10.8696,0.0380,0.2754,0.0000,1.1310,1
33.883,10.8742,0.0384,0.2767,0.0000,1.1264,1
33.900,10.8788,0.0387,0.2758,0.0000,1.1218,1
33.917,10.8833,0.0390,0.2718,0.0000,1.1173,1
33.933,10.8878,0.0394,0.2690,0.0000,1.1129,1
33.950,10.8923,0.0397,0.2697,0.0000,1.1084,1
33.967,10.8968,0.0400,0.2695,0.0000,1.1039,1
33.983,10.9012,0.0403,0.2658,0.0000,1.0995,1
34.000,10.9056,0.0407,0.2638,0.0000,1.0952,1
34.017,10.9099,0.0410,0.2602,0.0000,1.0909,1
34.033,10.9142,0.0413,0.2559,0.0000,1.0866,1
34.050,10.9184,0.0416,0.2541,0.0000,1.0824,1
34.067,10.9225,0.0419,0.2504,0.0000,1.0783,1
34.083,10.9267,0.0422,0.2473,0.0000,1.0742,1
34.100,10.9307,0.0425,0.2436,0.0000,1.0701,1
34.117,10.9347,0.0428,0.2404,0.0000,1.0662,1
34.133,10.9387,0.0431,0.2399,0.0000,1.0622,1
34.150,10.9427,0.0434,0.2407,0.0000,1.0582,1
34.167,10.9467,0.0437,0.2408,0.0000,1.0542,1
34.183,10.9506,0.0440,0.2376,0.0000,1.0503,1
34.200,10.9545,0.0443,0.2339,0.0000,1.0464,1
34.217,10.9584,0.0445,0.2332,0.0000,1.0425,1
34.233,10.9623,0.0448,0.2336,0.0000,1.0387,1
34.250,10.9661,0.0451,0.2322,0.0000,1.0348,1
34.267,10.9699,0.0454,0.2275,0.0000,1.0311,1
34.283,10.9736,0.0457,0.2229,0.0000,1.0274,1
34.300,10.9773,0.0459,0.2183,0.0000,1.0238,1
34.317,10.9808,0.0462,0.2152,0.0000,1.0202,1
34.333,10.9844,0.0465,0.2122,0.0000,1.0167,1
34.350,10.9879,0.0467,0.2114,0.0000,1.0132,1
34.367,10.9914,0.0470,0.2119,0.0000,1.0097,1
34.383,10.9949,0.0472,0.2105,0.0000,1.0062,1
34.400,10.9984,0.0475,0.2080,0.0000,1.0028,1
34.417,11.0018,0.0477,0.2049,0.0000,0.9994,1
34.433,11.0051,0.0480,0.2033,0.0000,0.9960,1
34.450,11.0085,0.0482,0.2026,0.0000,0.9927,1
34.467,11.0118,0.0485,0.1995,0.0000,0.9894,1
34.483,11.0151,0.0487,0.1942,0.0000,0.9862,1
34.500,11.0182,0.0490,0.1896,0.0000,0.9830,1
34.517,11.0213,0.0492,0.1869,0.0000,0.9799,1
34.533,11.0244,0.0494,0.1856,0.0000,0.9769,1
34.550,11.0275,0.0496,0.1856,0.0000,0.9738,1
34.567,11.0305,0.0499,0.1838,0.0000,0.9707,1
34.583,11.0335,0.0501,0.1808,0.0000,0.9678,1
34.600,11.0365,0.0503,0.1803,0.0000,0.9648,1
34.617,11.0396,0.0505,0.1815,0.0000,0.9618,1
34.633,11.0425,0.0508,0.1802,0.0000,0.9588,1
34.650,11.0455,0.0510,0.1753,0.0000,0.9559,1
34.667,11.0483,0.0512,0.1720,0.0000,0.9531,1
34.683,11.0511,0.0514,0.1698,0.0000,0.9502,1
34.700,11.0539,0.0516,0.1689,0.0000,0.9475,1
34.717,11.0567,0.0518,0.1675,0.0000,0.9447,1
34.733,11.0594,0.0520,0.1630,0.0000,0.9420,1
34.750,11.0621,0.0522,0.1582,0.0000,0.9394,1
34.767,11.0647,0.0524,0.1553,0.0000,0.9368,1
34.783,11.0672,0.0526,0.1553,0.0000,0.9342,1
34.800,11.0698,0.0528,0.1566,0.0000,0.9317,1
34.817,11.0724,0.0530,0.1550,0.0000,0.9291,1
34.833,11.0750,0.0532,0.1532,0.0000,0.9266,1
34.850,11.0774,0.0534,0.1479,0.0000,0.9241,1
34.867,11.0798,0.0536,0.1452,0.0000,0.9217,1
34.883,11.0822,0.0538,0.1453,0.0000,0.9193,1
34.900,11.0846,0.0539,0.1426,0.0000,0.9170,1
34.917,11.0869,0.0541,0.1396,0.0000,0.9147,1
34.933,11.0892,0.0543,0.1374,0.0000,0.9124,1
34.950,11.0915,0.0545,0.1369,0.0000,0.9101,1
34.967,11.0938,0.0546,0.1363,0.0000,0.9079,1
34.983,11.0960,0.0548,0.1335,0.0000,0.9057,1
35.000,11.0982,0.0550,0.1322,0.0000,0.9035,1
35.017,11.1004,0.0551,0.1322,0.0000,0.9013,1
35.033,11.1025,0.0553,0.1302,0.0000,0.8992,1
35.050,11.1047,0.0555,0.1289,0.0000,0.8970,1
35.067,11.1068,0.0556,0.1283,0.0000,0.8949,1
35.083,11.1089,0.0558,0.1275,0.0000,0.8928,1
35.100,11.1110,0.0560,0.1235,0.0000,0.8908,1
35.117,11.1130,0.0561,0.1194,0.0000,0.8888,1
35.133,11.1149,0.0563,0.1171,0.0000,0.8869,1
35.150,11.1168,0.0564,0.1155,0.0000,0.8850,1
35.167,11.1187,0.0565,0.1126,0.0000,0.8831,1
35.183,11.1205,0.0567,0.1089,0.0000,0.8813,1
35.200,11.1223,0.0568,0.1091,0.0000,0.8795,1
35.217,11.1241,0.0570,0.1095,0.0000,0.8777,1
35.233,11.1260,0.0571,0.1105,0.0000,0.8759,1
35.250,11.1278,0.0572,0.1122,0.0000,0.8740,1
35.267,11.1297,0.0574,0.1113,0.0000,0.8722,1
35.283,11.1315,0.0575,0.1085,0.0000,0.8704,1
35.300,11.1332,0.0577,0.1046,0.0000,0.8687,1
35.317,11.1349,0.0578,0.1007,0.0000,0.8670,1
35.333,11.1365,0.0579,0.0966,0.0000,0.8654,1
35.350,11.1381,0.0580,0.0938,0.0000,0.8639,1
35.367,11.1396,0.0582,0.0905,0.0000,0.8624,1
35.383,11.1411,0.0583,0.0901,0.0000,0.8609,1
35.400,11.1426,0.0584,0.0929,0.0000,0.8594,1
35.417,11.1442,0.0585,0.0938,0.0000,0.8578,1
35.433,11.1457,0.0586,0.0911,0.0000,0.8563,1
35.450,11.1472,0.0587,0.0883,0.0000,0.8549,1
35.467,11.1486,0.0588,0.0864,0.0000,0.8534,1
35.483,11.1500,0.0590,0.0856,0.0000,0.8520,1
35.500,11.1514,0.0591,0.0853,0.0000,0.8506,1
35.517,11.1528,0.0592,0.0841,0.0000,0.8492,1
35.533,11.1542,0.0593,0.0819,0.0000,0.8479,1
35.550,11.1555,0.0594,0.0803,0.0000,0.8466,1
35.567,11.1568,0.0595,0.0797,0.0000,0.8453,1
35.583,11.1581,0.0596,0.0774,0.0000,0.8440,1
35.600,11.1594,0.0597,0.0751,0.0000,0.8427,1
35.617,11.1606,0.0598,0.0747,0.0000,0.8415,1
35.633,11.1618,0.0599,0.0729,0.0000,0.8403,1
35.650,11.1630,0.0600,0.0730,0.0000,0.8391,1
35.667,11.1643,0.0601,0.0753,0.0000,0.8379,1
35.683,11.1655,0.0602,0.0754,0.0000,0.8366,1
35.700,11.1668,0.0603,0.0726,0.0000,0.8354,1
35.717,11.1679,0.0604,0.0717,0.0000,0.8342,1
35.733,11.1691,0.0605,0.0700,0.0000,0.8331,1
35.750,11.1703,0.0605,0.0704,0.0000,0.8319,1
35.767,11.1715,0.0606,0.0720,0.0000,0.8307,1
35.783,11.1727,0.0607,0.0712,0.0000,0.8296,1
35.800,11.1738,0.0608,0.0713,0.0000,0.8284,1
35.817,11.1750,0.0609,0.0712,0.0000,0.8272,1
35.833,11.1762,0.0610,0.0713,0.0000,0.8260,1
35.850,11.1774,0.0611,0.0736,0.0000,0.8248,1
35.867,11.1787,0.0612,0.0737,0.0000,0.8236,1
35.883,11.1799,0.0613,0.0720,0.0000,0.8224,1
35.900,11.1810,0.0614,0.0702,0.0000,0.8213,1
35.917,11.1822,0.0615,0.0704,0.0000,0.8201,1
35.933,11.1833,0.0616,0.0694,0.0000,0.8190,1
35.950,11.1845,0.0617,0.0679,0.0000,0.8179,1
35.967,11.1856,0.0617,0.0664,0.0000,0.8168,1
35.983,11.1867,0.0618,0.0657,0.0000,0.8157,1
36.000,11.1878,0.0619,0.0659,0.0000,0.8146,1
36.017,11.1888,0.0620,0.0648,0.0000,0.8135,1
36.033,11.1899,0.0621,0.0635,0.0000,0.8125,1
36.050,11.1910,0.0622,0.0635,0.0000,0.8114,1
36.067,11.1920,0.0623,0.0626,0.0000,0.8104,1
36.083,11.1930,0.0623,0.0615,0.0000,0.8094,1
36.100,11.1940,0.0624,0.0603,0.0000,0.8084,1
36.117,11.1951,0.0625,0.0626,0.0000,0.8074,1
36.133,11.1961,0.0626,0.0652,0.0000,0.8063,1
36.150,11.1972,0.0627,0.0652,0.0000,0.8052,1
36.167,11.1983,0.0628,0.0626,0.0000,0.8042,1
36.183,11.1993,0.0628,0.0603,0.0000,0.8032,1
36.200,11.2002,0.0629,0.0587,0.0000,0.8022,1
36.217,11.2012,0.0630,0.0579,0.0000,0.8013,1
36.233,11.2022,0.0631,0.0577,0.0000,0.8003,1
36.250,11.2031,0.0631,0.0561,0.0000,0.7994,1
36.267,11.2040,0.0632,0.0564,0.0000,0.7985,1
36.283,11.2049,0.0633,0.0554,0.0000,0.7976,1
36.300,11.2059,0.0634,0.0553,0.0000,0.7967,1
36.317,11.2068,0.0634,0.0551,0.0000,0.7958,1
36.333,11.2077,0.0635,0.0555,0.0000,0.7948,1
36.350,11.2086,0.0636,0.0565,0.0000,0.7939,1
36.367,11.2096,0.0637,0.0568,0.0000,0.7930,1
36.383,11.2105,0.0637,0.0556,0.0000,0.7921,1
36.400,11.2114,0.0638,0.0524,0.0000,0.7912,1
36.417,11.2122,0.0639,0.0514,0.0000,0.7904,1
36.433,11.2131,0.0639,0.0530,0.0000,0.7895,1
36.450,11.2140,0.0640,0.0537,0.0000,0.7886,1
36.467,11.2149,0.0641,0.0525,0.0000,0.7877,1
36.483,11.2158,0.0641,0.0538,0.0000,0.7868,1
36.500,11.2167,0.0642,0.0539,0.0000,0.7860,1
36.517,11.2176,0.0643,0.0541,0.0000,0.7851,1
36.533,11.2185,0.0644,0.0534,0.0000,0.7842,1
36.550,11.2193,0.0644,0.0523,0.0000,0.7833,1
36.567,11.2203,0.0645,0.0567,0.0000,0.7824,1
36.583,11.2213,0.0646,0.0593,0.0000,0.7814,1
36.600,11.2222,0.0647,0.0580,0.0000,0.7805,1
36.617,11.2232,0.0647,0.0565,0.0000,0.7795,1
36.633,11.2241,0.0648,0.0556,0.0000,0.7786,1
36.650,11.2250,0.0649,0.0570,0.0000,0.7777,1
36.667,11.2260,0.0650,0.0581,0.0000,0.7767,1
36.683,11.2269,0.0650,0.0563,0.0000,0.7758,1
36.700,11.2279,0.0651,0.0563,0.0000,0.7749,1
36.717,11.2288,0.0652,0.0570,0.0000,0.7739,1
36.733,11.2297,0.0653,0.0556,0.0000,0.7730,1
36.750,11.2306,0.0653,0.0539,0.0000,0.7721,1
36.767,11.2316,0.0654,0.0568,0.0000,0.7712,1
36.783,11.2325,0.0655,0.0587,0.0000,0.7702,1
36.800,11.2335,0.0656,0.0574,0.0000,0.7693,1
36.817,11.2344,0.0656,0.0549,0.0000,0.7684,1
36.833,11.2353,0.0657,0.0548,0.0000,0.7675,1
36.850,11.2362,0.0658,0.0545,0.0000,0.7666,1
36.867,11.2371,0.0659,0.0536,0.0000,0.7657,1
36.883,11.2380,0.0659,0.0536,0.0000,0.7648,1
36.900,11.2389,0.0660,0.0565,0.0000,0.7639,1
36.917,11.2399,0.0661,0.0572,0.0000,0.7630,1
36.933,11.2408,0.0661,0.0552,0.0000,0.7621,1
36.950,11.2417,0.0662,0.0544,0.0000,0.7612,1
36.967,11.2427,0.0663,0.0568,0.0000,0.7602,1
36.983,11.2436,0.0664,0.0575,0.0000,0.7593,1
37.000,11.2446,0.0664,0.0564,0.0000,0.7584,1
37.017,11.2455,0.0665,0.0546,0.0000,0.7575,1
37.033,11.2463,0.0666,0.0531,0.0000,0.7566,1
37.050,11.2472,0.0667,0.0539,0.0000,0.7557,1
37.067,11.2481,0.0667,0.0540,0.0000,0.7548,1
37.083,11.2490,0.0668,0.0541,0.0000,0.7539,1
37.100,11.2500,0.0669,0.0556,0.0000,0.7530,1
37.117,11.2509,0.0670,0.0548,0.0000,0.7521,1
37.133,11.2518,0.0670,0.0552,0.0000,0.7512,1
37.150,11.2527,0.0671,0.0570,0.0000,0.7503,1
37.167,11.2537,0.0672,0.0571,0.0000,0.7493,1
37.183,11.2546,0.0673,0.0564,0.0000,0.7484,1
37.200,11.2555,0.0673,0.0549,0.0000,0.7475,1
37.217,11.2564,0.0674,0.0546,0.0000,0.7466,1
37.233,11.2573,0.0675,0.0521,0.0000,0.7458,1
37.250,11.2581,0.0675,0.0487,0.0000,0.7450,1
37.267,11.2589,0.0676,0.0484,0.0000,0.7442,1
37.283,11.2597,0.0677,0.0489,0.0000,0.7434,1
37.300,11.2606,0.0677,0.0498,0.0000,0.7425,1
37.317,11.2614,0.0678,0.0517,0.0000,0.7417,1
37.333,11.2623,0.0679,0.0546,0.0000,0.7408,1
37.350,11.2632,0.0679,0.0540,0.0000,0.7399,1
37.367,11.2641,0.0680,0.0531,0.0000,0.7390,1
37.383,11.2650,0.0681,0.0514,0.0000,0.7382,1
37.400,11.2658,0.0681,0.0505,0.0000,0.7374,1
37.417,11.2666,0.0682,0.0491,0.0000,0.7366,1
37.433,11.2674,0.0683,0.0468,0.0000,0.7358,1
37.450,11.2681,0.0683,0.0460,0.0000,0.7350,1
37.467,11.2689,0.0684,0.0474,0.0000,0.7343,1
37.483,11.2697,0.0685,0.0484,0.0000,0.7335,1
37.500,11.2706,0.0685,0.0510,0.0000,0.7326,1
37.517,11.2715,0.0686,0.0524,0.0000,0.7318,1
37.533,11.2723,0.0687,0.0510,0.0000,0.7309,1
37.550,11.2733,0.0688,0.0613,0.0000,0.7299,1
37.567,11.2749,0.0689,0.0938,0.0000,0.7284,1
37.583,11.2768,0.0690,0.1141,0.0000,0.7265,1
37.600,11.2788,0.0692,0.1202,0.0000,0.7245,1
37.617,11.2808,0.0694,0.1238,0.0000,0.7225,1
37.633,11.2829,0.0695,0.1258,0.0000,0.7204,1
37.650,11.2850,0.0697,0.1273,0.0000,0.7184,1
37.667,11.2872,0.0699,0.1281,0.0000,0.7163,1
37.683,11.2893,0.0701,0.1273,0.0000,0.7142,1
37.700,11.2914,0.0702,0.1261,0.0000,0.7121,1
37.717,11.2935,0.0704,0.1253,0.0000,0.7100,1
37.733,11.2958,0.0706,0.1389,0.0000,0.7078,1
37.750,11.2984,0.0708,0.1570,0.0000,0.7052,1
37.767,11.3012,0.0710,0.1704,0.0000,0.7024,1
37.783,11.3041,0.0713,0.1773,0.0000,0.6995,1
37.800,11.3071,0.0715,0.1808,0.0000,0.6965,1
37.817,11.3102,0.0718,0.1857,0.0000,0.6935,1
37.833,11.3134,0.0720,0.1896,0.0000,0.6904,1
37.850,11.3165,0.0723,0.1896,0.0000,0.6873,1
37.867,11.3197,0.0726,0.1897,0.0000,0.6842,1
37.883,11.3228,0.0728,0.1896,0.0000,0.6811,1
37.900,11.3261,0.0731,0.1948,0.0000,0.6779,1
37.917,11.3295,0.0734,0.2041,0.0000,0.6745,1
37.933,11.3330,0.0737,0.2156,0.0000,0.6710,1
37.950,11.3368,0.0740,0.2238,0.0000,0.6674,1
37.967,11.3405,0.0743,0.2281,0.0000,0.6636,1
37.983,11.3444,0.0746,0.2337,0.0000,0.6598,1
38.000,11.3484,0.0749,0.2384,0.0000,0.6559,1
38.017,11.3524,0.0753,0.2424,0.0000,0.6519,1
38.033,11.3565,0.0756,0.2449,0.0000,0.6479,1
38.050,11.3605,0.0759,0.2443,0.0000,0.6440,1
38.067,11.3646,0.0763,0.2478,0.0000,0.6399,1
38.083,11.3688,0.0766,0.2524,0.0000,0.6358,1
38.100,11.3731,0.0770,0.2575,0.0000,0.6316,1
38.117,11.3775,0.0774,0.2626,0.0000,0.6273,1
38.133,11.3819,0.0777,0.2684,0.0000,0.6229,1
38.150,11.3865,0.0781,0.2772,0.0000,0.6184,1
38.167,11.3913,0.0785,0.2839,0.0000,0.6138,1
38.183,11.3960,0.0789,0.2881,0.0000,0.6091,1
38.200,11.4009,0.0793,0.2899,0.0000,0.6044,1
38.217,11.4057,0.0797,0.2909,0.0000,0.5996,1
38.233,11.4105,0.0802,0.2928,0.0000,0.5949,1
38.250,11.4154,0.0806,0.2948,0.0000,0.5901,1
38.267,11.4204,0.0810,0.2986,0.0000,0.5852,1
38.283,11.4254,0.0814,0.3016,0.0000,0.5803,1
38.300,11.4305,0.0818,0.3041,0.0000,0.5754,1
38.317,11.4356,0.0823,0.3111,0.0000,0.5703,1
38.333,11.4409,0.0827,0.3177,0.0000,0.5652,1
38.350,11.4462,0.0832,0.3211,0.0000,0.5600,1
38.367,11.4516,0.0836,0.3233,0.0000,0.5547,1
38.383,11.4570,0.0841,0.3267,0.0000,0.5494,1
38.400,11.4625,0.0845,0.3305,0.0000,0.5441,1
38.417,11.4681,0.0850,0.3345,0.0000,0.5387,1
38.433,11.4737,0.0855,0.3385,0.0000,0.5332,1
38.450,11.4793,0.0860,0.3402,0.0000,0.5277,1
38.467,11.4850,0.0864,0.3403,0.0000,0.5222,1
38.483,11.4907,0.0869,0.3445,0.0000,0.5166,1
38.500,11.4965,0.0874,0.3506,0.0000,0.5110,1
38.517,11.5025,0.0879,0.3559,0.0000,0.5052,1
38.533,11.5084,0.0884,0.3589,0.0000,0.4995,1
38.550,11.5115,0.0892,0.1904,0.0000,0.4966,1
38.567,11.5120,0.0895,0.0345,0.0000,0.4962,1
38.583,11.5123,0.0903,0.0501,0.0000,0.4960,1
38.600,11.5128,0.0908,0.0477,0.0000,0.4956,1
38.617,11.5132,0.0918,0.0637,0.0000,0.4953,1
38.633,11.5139,0.0926,0.0608,0.0000,0.4949,1
38.650,11.5144,0.0936,0.0671,0.0000,0.4945,1
38.667,11.5152,0.0944,0.0672,0.0000,0.4939,1
38.683,11.5158,0.0956,0.0800,0.0000,0.4936,1
38.700,11.5166,0.0966,0.0791,0.0000,0.4930,1
38.717,11.5174,0.0979,0.0903,0.0000,0.4925,1
38.733,11.5182,0.0993,0.0948,0.0000,0.4919,1
38.750,11.5190,0.1003,0.0810,0.0000,0.4913,1
38.767,11.5197,0.1015,0.0830,0.0000,0.4909,1
38.783,11.5205,0.1026,0.0812,0.0000,0.4903,1
38.800,11.5213,0.1039,0.0887,0.0000,0.4899,1
38.817,11.5221,0.1051,0.0859,0.0000,0.4893,1
38.833,11.5229,0.1063,0.0867,0.0000,0.4888,1
38.850,11.5237,0.1075,0.0883,0.0000,0.4883,1
38.867,11.5245,0.1089,0.0990,0.0000,0.4878,1
38.883,11.5254,0.1103,0.0989,0.0000,0.4872,1
38.900,11.5263,0.1119,0.1094,0.0000,0.4867,1
38.917,11.5272,0.1134,0.1055,0.0000,0.4862,1
38.933,11.5282,0.1150,0.1086,0.0000,0.4857,1
38.950,11.5290,0.1165,0.1069,0.0000,0.4852,1
38.967,11.5299,0.1180,0.1022,0.0000,0.4847,1
38.983,11.5308,0.1195,0.1057,0.0000,0.4842,1
39.000,11.5316,0.1211,0.1064,0.0000,0.4838,1
39.017,11.5325,0.1227,0.1085,0.0000,0.4833,1
39.033,11.5333,0.1243,0.1109,0.0000,0.4830,1
39.050,11.5341,0.1259,0.1071,0.0000,0.4826,1
39.067,11.5350,0.1276,0.1138,0.0000,0.4822,1
39.083,11.5359,0.1293,0.1169,0.0000,0.4818,1
39.100,11.5366,0.1311,0.1184,0.0000,0.4816,1
39.117,11.5375,0.1329,0.1183,0.0000,0.4812,1
39.133,11.5383,0.1347,0.1185,0.0000,0.4809,1
39.150,11.5391,0.1365,0.1209,0.0000,0.4807,1
39.167,11.5399,0.1383,0.1173,0.0000,0.4805,1
39.183,11.5406,0.1402,0.1201,0.0000,0.4803,1
39.200,11.5413,0.1421,0.1205,0.0000,0.4802,1
39.217,11.5420,0.1440,0.1204,0.0000,0.4801,1
39.233,11.5427,0.1458,0.1176,0.0000,0.4800,1
39.250,11.5433,0.1477,0.1192,0.0000,0.4800,1
39.267,11.5439,0.1495,0.1150,0.0000,0.4800,1
39.283,11.5445,0.1514,0.1193,0.0000,0.4800,1
39.300,11.5450,0.1533,0.1142,0.0000,0.4801,1
39.317,11.5455,0.1551,0.1172,0.0000,0.4802,1
39.333,11.5460,0.1569,0.1115,0.0000,0.4804,1
39.350,11.5464,0.1588,0.1145,0.0000,0.4806,1
39.367,11.5469,0.1606,0.1094,0.0000,0.4808,1
39.383,11.5473,0.1624,0.1124,0.0000,0.4810,1
39.400,11.5476,0.1641,0.1060,0.0000,0.4813,1
39.417,11.5480,0.1658,0.1036,0.0000,0.4815,1
39.433,11.5483,0.1676,0.1063,0.0000,0.4818,1
39.450,11.5486,0.1692,0.0997,0.0000,0.4821,1
39.467,11.5489,0.1708,0.1016,0.0000,0.4824,1
39.483,11.5491,0.1724,0.0942,0.0000,0.4828,1
39.500,11.5494,0.1739,0.0909,0.0000,0.4830,1
39.517,11.5495,0.1755,0.0960,0.0000,0.4835,1
39.533,11.5498,0.1770,0.0906,0.0000,0.4837,1
39.550,11.5500,0.1786,0.0983,0.0000,0.4842,1
39.567,11.5502,0.1801,0.0927,0.0000,0.4845,1
39.583,11.5504,0.1818,0.0994,0.0000,0.4850,1
39.600,11.5505,0.1834,0.0975,0.0000,0.4855,1
39.617,11.5507,0.1849,0.0895,0.0000,0.4858,1
39.633,11.5508,0.1864,0.0929,0.0000,0.4863,1
39.650,11.5510,0.1878,0.0855,0.0000,0.4867,1
39.667,11.5511,0.1893,0.0871,0.0000,0.4872,1
39.683,11.5512,0.1906,0.0807,0.0000,0.4876,1
39.700,11.5513,0.1920,0.0816,0.0000,0.4881,1
39.717,11.5514,0.1932,0.0761,0.0000,0.4885,1
39.733,11.5514,0.1945,0.0763,0.0000,0.4889,1
39.750,11.5515,0.1957,0.0708,0.0000,0.4893,1
39.767,11.5516,0.1969,0.0697,0.0000,0.4897,1
39.783,11.5516,0.1979,0.0633,0.0000,0.4901,1
39.800,11.5517,0.1989,0.0610,0.0000,0.4905,1
39.817,11.5517,0.1999,0.0569,0.0000,0.4908,1
39.833,11.5518,0.2008,0.0559,0.0000,0.4911,1
39.850,11.5518,0.2017,0.0523,0.0000,0.4915,1
39.867,11.5519,0.2025,0.0473,0.0000,0.4917,1
39.883,11.5519,0.2032,0.0428,0.0000,0.4920,1
39.900,11.5519,0.2038,0.0408,0.0000,0.4923,1
39.917,11.5519,0.2045,0.0375,0.0000,0.4925,1
39.933,11.5520,0.2050,0.0345,0.0000,0.4927,1
39.950,11.5520,0.2055,0.0301,0.0000,0.4929,1
39.967,11.5520,0.2060,0.0252,0.0000,0.4931,1
39.983,11.5520,0.2063,0.0196,0.0000,0.4932,1
40.000,11.5520,0.2065,0.0121,0.0000,0.4933,1
40.017,11.5520,0.2066,0.0056,0.0000,0.4933,1
40.033,11.5520,0.2066,0.0006,0.0000,0.4933,1
40.050,11.5520,0.2066,0.0011,0.0000,0.4933,1
40.067,11.5520,0.2066,0.0013,0.0000,0.4933,1
40.083,11.5520,0.2065,0.0049,0.0000,0.4933,1
40.100,11.5520,0.2064,0.0056,0.0000,0.4932,1
40.117,11.5520,0.2063,0.0049,0.0000,0.4932,1
40.133,11.5520,0.2062,0.0036,0.0000,0.4932,1
40.150,11.5520,0.2061,0.0102,0.0000,0.4931,1
40.167,11.5520,0.2058,0.0160,0.0000,0.4930,1
40.183,11.5520,0.2054,0.0242,0.0000,0.4929,1
40.200,11.5519,0.2049,0.0305,0.0000,0.4927,1
40.217,11.5519,0.2043,0.0357,0.0000,0.4925,1
40.233,11.5519,0.2036,0.0399,0.0000,0.4922,1
40.250,11.5519,0.2029,0.0423,0.0000,0.4919,1
40.267,11.5518,0.2022,0.0430,0.0000,0.4917,1
40.283,11.5518,0.2015,0.0421,0.0000,0.4914,1
40.300,11.5518,0.2008,0.0414,0.0000,0.4911,1
40.317,11.5518,0.2001,0.0427,0.0000,0.4909,1
40.333,11.5517,0.1993,0.0470,0.0000,0.4906,1
40.350,11.5517,0.1985,0.0525,0.0000,0.4903,1
40.367,11.5516,0.1975,0.0588,0.0000,0.4899,1
40.383,11.5516,0.1964,0.0632,0.0000,0.4896,1
40.400,11.5515,0.1953,0.0666,0.0000,0.4892,1
40.417,11.5514,0.1942,0.0701,0.0000,0.4888,1
40.433,11.5514,0.1929,0.0736,0.0000,0.4884,1
40.450,11.5513,0.1917,0.0761,0.0000,0.4879,1
40.467,11.5512,0.1904,0.0772,0.0000,0.4875,1
40.483,11.5511,0.1891,0.0774,0.0000,0.4871,1
40.500,11.5510,0.1878,0.0775,0.0000,0.4867,1
40.517,11.5509,0.1865,0.0805,0.0000,0.4863,1
40.533,11.5507,0.1851,0.0850,0.0000,0.4859,1
40.550,11.5506,0.1836,0.0887,0.0000,0.4855,1
40.567,11.5504,0.1820,0.0933,0.0000,0.4850,1
40.583,11.5503,0.1804,0.0967,0.0000,0.4846,1
40.600,11.5501,0.1788,0.0996,0.0000,0.4842,1
40.617,11.5499,0.1771,0.1026,0.0000,0.4837,1
40.633,11.5496,0.1753,0.1058,0.0000,0.4833,1
40.650,11.5494,0.1736,0.1081,0.0000,0.4829,1
40.667,11.5491,0.1718,0.1076,0.0000,0.4825,1
40.683,11.5488,0.1701,0.1055,0.0000,0.4822,1
40.700,11.5485,0.1683,0.1072,0.0000,0.4819,1
40.717,11.5481,0.1666,0.1026,0.0000,0.4817,1
40.733,11.5478,0.1647,0.1159,0.0000,0.4813,1
40.750,11.5474,0.1629,0.1145,0.0000,0.4810,1
40.767,11.5470,0.1611,0.1070,0.0000,0.4808,1
40.783,11.5466,0.1594,0.1082,0.0000,0.4806,1
40.800,11.5462,0.1576,0.1078,0.0000,0.4804,1
40.817,11.5458,0.1560,0.1000,0.0000,0.4803,1
40.833,11.5454,0.1545,0.0915,0.0000,0.4802,1
40.850,11.5449,0.1532,0.0824,0.0000,0.4802,1
40.867,11.5446,0.1519,0.0835,0.0000,0.4800,1
40.883,11.5442,0.1506,0.0824,0.0000,0.4800,1
40.900,11.5438,0.1494,0.0746,0.0000,0.4800,1
40.917,11.5435,0.1483,0.0658,0.0000,0.4800,1
40.933,11.5432,0.1475,0.0551,0.0000,0.4800,1
40.950,11.5429,0.1468,0.0455,0.0000,0.4801,1
40.967,11.5427,0.1461,0.0380,0.0000,0.4800,1
40.983,11.5425,0.1455,0.0402,0.0000,0.4800,1
41.000,11.5423,0.1449,0.0384,0.0000,0.4801,1
41.017,11.5421,0.1443,0.0378,0.0000,0.4801,1
41.033,11.5419,0.1438,0.0311,0.0000,0.4801,1
41.050,11.5417,0.1433,0.0336,0.0000,0.4801,1
41.067,11.5415,0.1428,0.0330,0.0000,0.4802,1
41.083,11.5414,0.1423,0.0283,0.0000,0.4802,1
41.100,11.5412,0.1420,0.0199,0.0000,0.4802,1
41.117,11.5412,0.1417,0.0190,0.0000,0.4802,1
41.133,11.5411,0.1415,0.0167,0.0000,0.4802,1
41.150,11.5410,0.1413,0.0136,0.0000,0.4803,1
41.167,11.5409,0.1411,0.0076,0.0000,0.4803,1
41.183,11.5409,0.1411,0.0053,0.0000,0.4803,1
41.200,11.5409,0.1411,0.0004,0.0000,0.4803,1
41.217,11.5409,0.1411,0.0003,0.0000,0.4803,1
41.233,11.5409,0.1410,0.0011,0.0000,0.4803,1
41.250,11.5409,0.1411,0.0011,0.0000,0.4803,1
41.267,11.5409,0.1411,0.0007,0.0000,0.4803,1
41.283,11.5409,0.1410,0.0017,0.0000,0.4803,1
41.300,11.5409,0.1410,0.0002,0.0000,0.4803,1
41.317,11.5409,0.1410,0.0042,0.0000,0.4803,1
41.333,11.5409,0.1410,0.0033,0.0000,0.4803,1
41.350,11.5409,0.1410,0.0044,0.0000,0.4803,1
41.367,11.5409,0.1409,0.0049,0.0000,0.4802,1
41.383,11.5409,0.1409,0.0040,0.0000,0.4802,1
41.400,11.5409,0.1409,0.0024,0.0000,0.4802,1
41.417,11.5409,0.1408,0.0049,0.0000,0.4802,1
41.433,11.5409,0.1409,0.0031,0.0000,0.4802,1
41.450,11.5409,0.1409,0.0028,0.0000,0.4802,1
41.467,11.5409,0.1410,0.0059,0.0000,0.4802,1
41.483,11.5409,0.1410,0.0023,0.0000,0.4802,1
41.500,11.5409,0.1409,0.0056,0.0000,0.4802,1
41.517,11.5409,0.1409,0.0034,0.0000,0.4802,1
41.533,11.5410,0.1410,0.0021,0.0000,0.4802,1
41.550,11.5410,0.1410,0.0051,0.0000,0.4802,1
41.567,11.5410,0.1410,0.0020,0.0000,0.4802,1
41.583,11.5410,0.1409,0.0036,0.0000,0.4802,1
41.600,11.5410,0.1409,0.0004,0.0000,0.4802,1
41.617,11.5410,0.1409,0.0040,0.0000,0.4802,1
41.633,11.5410,0.1409,0.0010,0.0000,0.4802,1
41.650,11.5409,0.1408,0.0057,0.0000,0.4802,1
41.667,11.5410,0.1408,0.0037,0.0000,0.4802,1
41.683,11.5409,0.1408,0.0035,0.0000,0.4802,1
41.700,11.5409,0.1407,0.0072,0.0000,0.4801,1
41.717,11.5409,0.1407,0.0040,0.0000,0.4801,1
41.733,11.5410,0.1408,0.0059,0.0000,0.4801,1
41.750,11.5410,0.1408,0.0004,0.0000,0.4801,1
41.767,11.5410,0.1408,0.0020,0.0000,0.4801,1
41.783,11.5410,0.1408,0.0024,0.0000,0.4801,1
41.800,11.5410,0.1407,0.0050,0.0000,0.4801,1
41.817,11.5410,0.1407,0.0009,0.0000,0.4801,1
41.833,11.5409,0.1407,0.0026,0.0000,0.4801,1
41.850,11.5410,0.1407,0.0043,0.0000,0.4801,1
41.867,11.5409,0.1406,0.0061,0.0000,0.4801,1
41.883,11.5409,0.1405,0.0076,0.0000,0.4801,1
41.900,11.5409,0.1405,0.0035,0.0000,0.4801,1
41.917,11.5408,0.1403,0.0127,0.0000,0.4801,1
41.933,11.5407,0.1400,0.0136,0.0000,0.4801,1
41.950,11.5407,0.1400,0.0054,0.0000,0.4801,1
41.967,11.5407,0.1398,0.0075,0.0000,0.4801,1
41.983,11.5407,0.1398,0.0010,0.0000,0.4801,1
42.000,11.5407,0.1398,0.0035,0.0000,0.4801,1
42.017,11.5407,0.1398,0.0030,0.0000,0.4801,1
42.033,11.5407,0.1398,0.0021,0.0000,0.4801,1
42.050,11.5407,0.1397,0.0059,0.0000,0.4801,1
42.067,11.5407,0.1398,0.0006,0.0000,0.4801,1
42.083,11.5407,0.1397,0.0061,0.0000,0.4801,1
42.100,11.5407,0.1397,0.0034,0.0000,0.4801,1
42.117,11.5407,0.1397,0.0008,0.0000,0.4801,1
42.133,11.5407,0.1397,0.0012,0.0000,0.4801,1
42.150,11.5406,0.1396,0.0098,0.0000,0.4801,1
42.167,11.5406,0.1395,0.0031,0.0000,0.4801,1
42.183,11.5406,0.1396,0.0030,0.0000,0.4801,1
42.200,11.5406,0.1395,0.0032,0.0000,0.4801,1
42.217,11.5406,0.1395,0.0036,0.0000,0.4801,1
42.233,11.5406,0.1395,0.0033,0.0000,0.4801,1
42.250,11.5406,0.1395,0.0018,0.0000,0.4801,1
42.267,11.5406,0.1394,0.0095,0.0000,0.4801,1
42.283,11.5406,0.1393,0.0056,0.0000,0.4801,1
42.300,11.5405,0.1392,0.0083,0.0000,0.4801,1
42.317,11.5405,0.1392,0.0008,0.0000,0.4801,1
42.333,11.5405,0.1391,0.0035,0.0000,0.4801,1
42.350,11.5405,0.1392,0.0043,0.0000,0.4801,1
42.367,11.5406,0.1392,0.0042,0.0000,0.4801,1
42.383,11.5405,0.1391,0.0109,0.0000,0.4801,1
42.400,11.5405,0.1389,0.0086,0.0000,0.4801,1
42.417,11.5404,0.1388,0.0079,0.0000,0.4801,1
42.433,11.5404,0.1388,0.0013,0.0000,0.4801,1
42.450,11.5404,0.1388,0.0017,0.0000,0.4801,1
42.467,11.5405,0.1388,0.0031,0.0000,0.4801,1
42.483,11.5404,0.1388,0.0048,0.0000,0.4801,1
42.500,11.5404,0.1388,0.0003,0.0000,0.4801,1
42.517,11.5404,0.1388,0.0016,0.0000,0.4801,1
42.533,11.5404,0.1387,0.0038,0.0000,0.4801,1
42.550,11.5404,0.1387,0.0012,0.0000,0.4801,1
42.567,11.5404,0.1387,0.0035,0.0000,0.4801,1
42.583,11.5404,0.1388,0.0064,0.0000,0.4801,1
42.600,11.5404,0.1388,0.0002,0.0000,0.4801,1
42.617,11.5404,0.1387,0.0063,0.0000,0.4800,1
42.633,11.5404,0.1386,0.0026,0.0000,0.4800,1
42.650,11.5404,0.1387,0.0046,0.0000,0.4801,1
42.667,11.5404,0.1387,0.0043,0.0000,0.4800,1
42.683,11.5404,0.1387,0.0022,0.0000,0.4800,1
42.700,11.5405,0.1388,0.0067,0.0000,0.4800,1
42.717,11.5404,0.1386,0.0106,0.0000,0.4800,1
42.733,11.5404,0.1386,0.0011,0.0000,0.4800,1
42.750,11.5404,0.1385,0.0037,0.0000,0.4800,1
42.767,11.5404,0.1386,0.0033,0.0000,0.4800,1
42.783,11.5404,0.1386,0.0020,0.0000,0.4800,1
42.800,11.5404,0.1385,0.0065,0.0000,0.4800,1
42.817,11.5404,0.1385,0.0033,0.0000,0.4800,1
42.833,11.5404,0.1384,0.0042,0.0000,0.4800,1
42.850,11.5404,0.1384,0.0006,0.0000,0.4800,1
42.867,11.5404,0.1384,0.0020,0.0000,0.4800,1
42.883,11.5404,0.1385,0.0045,0.0000,0.4800,1
42.900,11.5404,0.1385,0.0001,0.0000,0.4800,1
42.917,11.5403,0.1383,0.0082,0.0000,0.4800,1
42.933,11.5404,0.1384,0.0013,0.0000,0.4800,1
42.950,11.5403,0.1383,0.0031,0.0000,0.4800,1
42.967,11.5404,0.1384,0.0025,0.0000,0.4800,1
42.983,11.5403,0.1383,0.0039,0.0000,0.4800,1
43.000,11.5403,0.1383,0.0025,0.0000,0.4800,1
43.017,11.5403,0.1382,0.0037,0.0000,0.4800,1
43.033,11.5403,0.1383,0.0058,0.0000,0.4800,1
43.050,11.5403,0.1382,0.0024,0.0000,0.4800,1
43.067,11.5403,0.1382,0.0045,0.0000,0.4800,1
43.083,11.5403,0.1382,0.0009,0.0000,0.4800,1
43.100,11.5403,0.1381,0.0041,0.0000,0.4800,1
43.117,11.5403,0.1381,0.0034,0.0000,0.4800,1
43.133,11.5403,0.1381,0.0032,0.0000,0.4800,1
43.150,11.5403,0.1381,0.0004,0.0000,0.4800,1
43.167,11.5403,0.1380,0.0042,0.0000,0.4800,1
43.183,11.5403,0.1380,0.0001,0.0000,0.4800,1
43.200,11.5402,0.1380,0.0043,0.0000,0.4800,1
43.217,11.5403,0.1380,0.0031,0.0000,0.4800,1
43.233,11.5403,0.1380,0.0019,0.0000,0.4800,1
43.250,11.5402,0.1378,0.0090,0.0000,0.4800,1
43.267,11.5402,0.1378,0.0001,0.0000,0.4800,1
43.283,11.5402,0.1378,0.0052,0.0000,0.4800,1
43.300,11.5402,0.1378,0.0015,0.0000,0.4800,1
43.317,11.5402,0.1378,0.0003,0.0000,0.4800,1
43.333,11.5402,0.1378,0.0027,0.0000,0.4800,1
43.350,11.5402,0.1378,0.0006,0.0000,0.4800,1
43.367,11.5403,0.1380,0.0096,0.0000,0.4800,1
43.383,11.5403,0.1380,0.0026,0.0000,0.4800,1
43.400,11.5402,0.1379,0.0086,0.0000,0.4800,1
43.417,11.5402,0.1379,0.0018,0.0000,0.4800,1
43.433,11.5402,0.1378,0.0034,0.0000,0.4800,1
43.450,11.5402,0.1378,0.0007,0.0000,0.4800,1
43.467,11.5402,0.1378,0.0036,0.0000,0.4800,1
43.483,11.5402,0.1378,0.0010,0.0000,0.4800,1
43.500,11.5402,0.1379,0.0081,0.0000,0.4800,1
43.517,11.5402,0.1379,0.0006,0.0000,0.4800,1
43.533,11.5403,0.1381,0.0109,0.0000,0.4800,1
43.550,11.5403,0.1381,0.0008,0.0000,0.4800,1
43.567,11.5403,0.1380,0.0065,0.0000,0.4800,1
43.583,11.5403,0.1380,0.0003,0.0000,0.4800,1
43.600,11.5403,0.1380,0.0002,0.0000,0.4800,1
43.617,11.5402,0.1379,0.0055,0.0000,0.4800,1
43.633,11.5402,0.1379,0.0024,0.0000,0.4800,1
43.650,11.5403,0.1380,0.0053,0.0000,0.4800,1
43.667,11.5403,0.1380,0.0020,0.0000,0.4800,1
43.683,11.5403,0.1381,0.0064,0.0000,0.4800,1
43.700,11.5403,0.1381,0.0003,0.0000,0.4800,1
43.717,11.5402,0.1380,0.0082,0.0000,0.4800,1
43.733,11.5403,0.1380,0.0027,0.0000,0.4800,1
43.750,11.5402,0.1379,0.0046,0.0000,0.4800,1
43.767,11.5402,0.1379,0.0014,0.0000,0.4800,1
43.783,11.5402,0.1379,0.0043,0.0000,0.4800,1
43.800,11.5403,0.1380,0.0059,0.0000,0.4800,1
43.817,11.5403,0.1381,0.0078,0.0000,0.4800,1
43.833,11.5403,0.1380,0.0033,0.0000,0.4800,1
43.850,11.5403,0.1380,0.0046,0.0000,0.4800,1
43.867,11.5403,0.1380,0.0038,0.0000,0.4800,1
43.883,11.5403,0.1380,0.0031,0.0000,0.4800,1
43.900,11.5402,0.1380,0.0022,0.0000,0.4800,1
43.917,11.5402,0.1379,0.0061,0.0000,0.4800,1
43.933,11.5402,0.1379,0.0004,0.0000,0.4800,1
43.950,11.5402,0.1378,0.0052,0.0000,0.4800,1
43.967,11.5402,0.1378,0.0005,0.0000,0.4800,1
43.983,11.5402,0.1378,0.0003,0.0000,0.4800,1
44.000,11.5402,0.1378,0.0041,0.0000,0.4800,1
44.017,11.5402,0.1380,0.0124,0.0000,0.4801,1
44.033,11.5403,0.1381,0.0084,0.0000,0.4800,1
44.050,11.5403,0.1383,0.0088,0.0000,0.4800,1
44.067,11.5403,0.1382,0.0071,0.0000,0.4800,1
44.083,11.5403,0.1381,0.0061,0.0000,0.4800,1
44.100,11.5402,0.1380,0.0073,0.0000,0.4800,1
44.117,11.5402,0.1380,0.0002,0.0000,0.4800,1
44.133,11.5402,0.1378,0.0074,0.0000,0.4800,1
44.150,11.5402,0.1380,0.0069,0.0000,0.4800,1
44.167,11.5402,0.1379,0.0014,0.0000,0.4800,1
44.183,11.5402,0.1378,0.0065,0.0000,0.4800,1
44.200,11.5402,0.1379,0.0027,0.0000,0.4800,1
44.217,11.5402,0.1380,0.0059,0.0000,0.4800,1
44.233,11.5402,0.1379,0.0012,0.0000,0.4800,1
44.250,11.5402,0.1380,0.0009,0.0000,0.4800,1
44.267,11.5402,0.1379,0.0044,0.0000,0.4800,1
44.283,11.5402,0.1378,0.0044,0.0000,0.4800,1
44.300,11.5402,0.1378,0.0006,0.0000,0.4800,1
44.317,11.5402,0.1377,0.0055,0.0000,0.4800,1
44.333,11.5401,0.1377,0.0014,0.0000,0.4800,1
44.350,11.5402,0.1378,0.0046,0.0000,0.4800,1
44.367,11.5402,0.1379,0.0084,0.0000,0.4800,1
44.383,11.5402,0.1378,0.0044,0.0000,0.4800,1
44.400,11.5402,0.1378,0.0029,0.0000,0.4800,1
44.417,11.5401,0.1377,0.0045,0.0000,0.4800,1
44.433,11.5402,0.1377,0.0011,0.0000,0.4800,1
44.450,11.5401,0.1376,0.0074,0.0000,0.4800,1
44.467,11.5401,0.1376,0.0022,0.0000,0.4800,1
44.483,11.5401,0.1375,0.0030,0.0000,0.4800,1
44.500,11.5401,0.1375,0.0016,0.0000,0.4801,1
44.517,11.5401,0.1374,0.0078,0.0000,0.4800,1
44.533,11.5401,0.1374,0.0021,0.0000,0.4800,1
44.550,11.5401,0.1375,0.0024,0.0000,0.4800,1
44.567,11.5400,0.1373,0.0090,0.0000,0.4800,1
44.583,11.5400,0.1372,0.0071,0.0000,0.4800,1
44.600,11.5399,0.1372,0.0046,0.0000,0.4801,1
44.617,11.5400,0.1371,0.0023,0.0000,0.4800,1
44.633,11.5400,0.1372,0.0032,0.0000,0.4800,1
44.650,11.5400,0.1372,0.0007,0.0000,0.4800,1
44.667,11.5400,0.1371,0.0055,0.0000,0.4800,1
44.683,11.5399,0.1370,0.0068,0.0000,0.4800,1
44.700,11.5399,0.1370,0.0036,0.0000,0.4800,1
44.717,11.5399,0.1368,0.0088,0.0000,0.4800,1
44.733,11.5398,0.1367,0.0094,0.0000,0.4800,1
44.750,11.5398,0.1366,0.0018,0.0000,0.4800,1
44.767,11.5398,0.1365,0.0076,0.0000,0.4800,1
44.783,11.5397,0.1365,0.0036,0.0000,0.4801,1
44.800,11.5397,0.1364,0.0063,0.0000,0.4800,1
44.817,11.5397,0.1364,0.0035,0.0000,0.4800,1
44.833,11.5398,0.1365,0.0069,0.0000,0.4800,1
44.850,11.5398,0.1365,0.0041,0.0000,0.4801,1
44.867,11.5397,0.1364,0.0034,0.0000,0.4801,1
44.883,11.5397,0.1365,0.0020,0.0000,0.4801,1
44.900,11.5397,0.1363,0.0105,0.0000,0.4801,1
44.917,11.5397,0.1362,0.0042,0.0000,0.4801,1
44.933,11.5397,0.1362,0.0007,0.0000,0.4801,1
44.950,11.5397,0.1362,0.0039,0.0000,0.4801,1
44.967,11.5397,0.1362,0.0004,0.0000,0.4801,1
44.983,11.5397,0.1362,0.0024,0.0000,0.4801,1
45.000,11.5396,0.1361,0.0041,0.0000,0.4801,1
45.017,11.5397,0.1362,0.0039,0.0000,0.4801,1
45.033,11.5396,0.1361,0.0051,0.0000,0.4801,1
45.050,11.5396,0.1361,0.0026,0.0000,0.4801,1
45.067,11.5396,0.1360,0.0052,0.0000,0.4801,1
45.083,11.5396,0.1360,0.0008,0.0000,0.4801,1
45.100,11.5396,0.1361,0.0031,0.0000,0.4801,1
45.117,11.5396,0.1360,0.0053,0.0000,0.4801,1
45.133,11.5396,0.1359,0.0023,0.0000,0.4801,1
45.150,11.5395,0.1359,0.0038,0.0000,0.4801,1
45.167,11.5395,0.1358,0.0016,0.0000,0.4801,1
45.183,11.5396,0.1359,0.0037,0.0000,0.4801,1
45.200,11.5396,0.1359,0.0020,0.0000,0.4801,1
45.217,11.5396,0.1359,0.0035,0.0000,0.4801,1
45.233,11.5396,0.1360,0.0019,0.0000,0.4801,1
45.250,11.5396,0.1361,0.0085,0.0000,0.4801,1
45.267,11.5396,0.1361,0.0028,0.0000,0.4801,1
45.283,11.5396,0.1360,0.0066,0.0000,0.4801,1
45.300,11.5396,0.1360,0.0003,0.0000,0.4801,1
45.317,11.5396,0.1361,0.0044,0.0000,0.4801,1
45.333,11.5396,0.1362,0.0027,0.0000,0.4801,1
45.350,11.5396,0.1362,0.0031,0.0000,0.4801,1
45.367,11.5397,0.1364,0.0101,0.0000,0.4801,1
45.383,11.5397,0.1364,0.0026,0.0000,0.4801,1
45.400,11.5397,0.1365,0.0082,0.0000,0.4801,1
45.417,11.5398,0.1367,0.0083,0.0000,0.4801,1
45.433,11.5397,0.1367,0.0017,0.0000,0.4801,1
45.450,11.5397,0.1366,0.0056,0.0000,0.4801,1
45.467,11.5397,0.1366,0.0010,0.0000,0.4801,1
45.483,11.5397,0.1366,0.0006,0.0000,0.4801,1
45.500,11.5397,0.1365,0.0045,0.0000,0.4801,1
45.517,11.5397,0.1365,0.0019,0.0000,0.4801,1
45.533,11.5397,0.1365,0.0010,0.0000,0.4801,1
45.550,11.5397,0.1365,0.0001,0.0000,0.4801,1
45.567,11.5396,0.1364,0.0087,0.0000,0.4801,1
45.583,11.5396,0.1363,0.0071,0.0000,0.4801,1
45.600,11.5396,0.1363,0.0019,0.0000,0.4801,1
45.617,11.5396,0.1362,0.0060,0.0000,0.4801,1
45.633,11.5396,0.1362,0.0011,0.0000,0.4801,1
45.650,11.5396,0.1362,0.0033,0.0000,0.4801,1
45.667,11.5395,0.1361,0.0039,0.0000,0.4801,1
45.683,11.5395,0.1361,0.0014,0.0000,0.4801,1
45.700,11.5395,0.1360,0.0042,0.0000,0.4801,1
45.717,11.5395,0.1360,0.0003,0.0000,0.4801,1
45.733,11.5395,0.1359,0.0056,0.0000,0.4801,1
45.750,11.5395,0.1359,0.0016,0.0000,0.4802,1
45.767,11.5395,0.1358,0.0052,0.0000,0.4802,1
45.783,11.5394,0.1358,0.0019,0.0000,0.4802,1
45.800,11.5394,0.1357,0.0051,0.0000,0.4802,1
45.817,11.5394,0.1357,0.0009,0.0000,0.4802,1
45.833,11.5394,0.1357,0.0020,0.0000,0.4802,1
45.850,11.5394,0.1356,0.0059,0.0000,0.4802,1
45.867,11.5394,0.1356,0.0001,0.0000,0.4802,1
45.883,11.5394,0.1356,0.0006,0.0000,0.4802,1
45.900,11.5394,0.1356,0.0009,0.0000,0.4802,1
45.917,11.5394,0.1356,0.0018,0.0000,0.4802,1
45.933,11.5393,0.1355,0.0064,0.0000,0.4802,1
45.950,11.5393,0.1355,0.0006,0.0000,0.4802,1
45.967,11.5393,0.1355,0.0022,0.0000,0.4802,1
45.983,11.5393,0.1355,0.0003,0.0000,0.4802,1
46.000,11.5394,0.1357,0.0144,0.0000,0.4802,1
46.017,11.5394,0.1358,0.0083,0.0000,0.4802,1
46.033,11.5394,0.1359,0.0024,0.0000,0.4802,1
46.050,11.5394,0.1358,0.0073,0.0000,0.4802,1
46.067,11.5394,0.1358,0.0056,0.0000,0.4802,1
46.083,11.5394,0.1358,0.0004,0.0000,0.4802,1
46.100,11.5394,0.1358,0.0042,0.0000,0.4802,1
46.117,11.5394,0.1357,0.0025,0.0000,0.4802,1
46.133,11.5394,0.1357,0.0004,0.0000,0.4802,1
46.150,11.5394,0.1357,0.0005,0.0000,0.4802,1
46.167,11.5394,0.1357,0.0031,0.0000,0.4802,1
46.183,11.5393,0.1356,0.0058,0.0000,0.4802,1
46.200,11.5393,0.1356,0.0017,0.0000,0.4802,1
46.217,11.5393,0.1355,0.0060,0.0000,0.4802,1
46.233,11.5393,0.1355,0.0024,0.0000,0.4802,1
46.250,11.5393,0.1355,0.0006,0.0000,0.4802,1
46.267,11.5393,0.1355,0.0029,0.0000,0.4802,1
46.283,11.5393,0.1354,0.0028,0.0000,0.4802,1
46.300,11.5392,0.1354,0.0007,0.0000,0.4803,1
46.317,11.5392,0.1353,0.0079,0.0000,0.4803,1
46.333,11.5392,0.1353,0.0020,0.0000,0.4803,1
46.350,11.5392,0.1352,0.0060,0.0000,0.4803,1
46.367,11.5392,0.1352,0.0028,0.0000,0.4803,1
46.383,11.5392,0.1352,0.0022,0.0000,0.4803,1
46.400,11.5391,0.1351,0.0055,0.0000,0.4803,1
46.417,11.5391,0.1350,0.0025,0.0000,0.4803,1
46.433,11.5391,0.1349,0.0052,0.0000,0.4803,1
46.450,11.5391,0.1350,0.0003,0.0000,0.4803,1
46.467,11.5391,0.1349,0.0042,0.0000,0.4803,1
46.483,11.5391,0.1349,0.0009,0.0000,0.4803,1
46.500,11.5390,0.1348,0.0045,0.0000,0.4803,1
46.517,11.5390,0.1347,0.0059,0.0000,0.4803,1
46.533,11.5390,0.1347,0.0021,0.0000,0.4803,1
46.550,11.5390,0.1346,0.0056,0.0000,0.4803,1
46.567,11.5390,0.1346,0.0021,0.0000,0.4803,1
46.583,11.5389,0.1346,0.0040,0.0000,0.4803,1
46.600,11.5389,0.1345,0.0045,0.0000,0.4803,1
46.617,11.5389,0.1345,0.0014,0.0000,0.4803,1
46.633,11.5389,0.1344,0.0067,0.0000,0.4803,1
46.650,11.5389,0.1344,0.0011,0.0000,0.4803,1
46.667,11.5389,0.1344,0.0016,0.0000,0.4803,1
46.683,11.5389,0.1345,0.0058,0.0000,0.4803,1
46.700,11.5389,0.1345,0.0018,0.0000,0.4803,1
46.717,11.5389,0.1344,0.0052,0.0000,0.4803,1
46.733,11.5389,0.1344,0.0003,0.0000,0.4803,1
46.750,11.5389,0.1344,0.0006,0.0000,0.4803,1
46.767,11.5389,0.1344,0.0029,0.0000,0.4803,1
46.783,11.5388,0.1343,0.0075,0.0000,0.4803,1
46.800,11.5388,0.1342,0.0104,0.0000,0.4803,1
46.817,11.5388,0.1340,0.0085,0.0000,0.4803,1
46.833,11.5387,0.1339,0.0072,0.0000,0.4803,1
46.850,11.5387,0.1338,0.0049,0.0000,0.4803,1
46.867,11.5387,0.1337,0.0070,0.0000,0.4803,1
46.883,11.5387,0.1336,0.0060,0.0000,0.4803,1
46.900,11.5386,0.1334,0.0102,0.0000,0.4803,1
46.917,11.5386,0.1333,0.0085,0.0000,0.4803,1
46.933,11.5386,0.1333,0.0021,0.0000,0.4803,1
46.950,11.5385,0.1332,0.0068,0.0000,0.4803,1
46.967,11.5385,0.1330,0.0093,0.0000,0.4803,1
46.983,11.5385,0.1329,0.0076,0.0000,0.4803,1
47.000,11.5384,0.1327,0.0106,0.0000,0.4803,1
47.017,11.5384,0.1325,0.0118,0.0000,0.4803,1
47.033,11.5384,0.1323,0.0114,0.0000,0.4802,1
47.050,11.5383,0.1322,0.0088,0.0000,0.4802,1
47.067,11.5383,0.1320,0.0096,0.0000,0.4802,1
47.083,11.5383,0.1319,0.0081,0.0000,0.4802,1
47.100,11.5382,0.1318,0.0049,0.0000,0.4802,1
47.117,11.5382,0.1318,0.0026,0.0000,0.4802,1
47.133,11.5382,0.1316,0.0101,0.0000,0.4802,1
47.150,11.5382,0.1316,0.0045,0.0000,0.4802,1
47.167,11.5381,0.1314,0.0088,0.0000,0.4802,1
47.183,11.5381,0.1313,0.0102,0.0000,0.4802,1
47.200,11.5380,0.1311,0.0107,0.0000,0.4802,1
47.217,11.5380,0.1310,0.0078,0.0000,0.4802,1
47.233,11.5379,0.1308,0.0094,0.0000,0.4802,1
47.250,11.5379,0.1307,0.0060,0.0000,0.4802,1
47.267,11.5379,0.1306,0.0065,0.0000,0.4802,1
47.283,11.5379,0.1306,0.0009,0.0000,0.4802,1
47.300,11.5379,0.1306,0.0005,0.0000,0.4802,1
47.317,11.5379,0.1306,0.0031,0.0000,0.4802,1
47.333,11.5378,0.1304,0.0067,0.0000,0.4802,1
47.350,11.5378,0.1304,0.0012,0.0000,0.4802,1
47.367,11.5378,0.1303,0.0054,0.0000,0.4802,1
47.383,11.5378,0.1303,0.0023,0.0000,0.4802,1
47.400,11.5378,0.1302,0.0076,0.0000,0.4802,1
47.417,11.5377,0.1300,0.0096,0.0000,0.4802,1
47.433,11.5377,0.1299,0.0098,0.0000,0.4802,1
47.450,11.5377,0.1298,0.0047,0.0000,0.4802,1
47.467,11.5376,0.1297,0.0077,0.0000,0.4802,1
47.483,11.5376,0.1295,0.0088,0.0000,0.4802,1
47.500,11.5376,0.1295,0.0021,0.0000,0.4802,1
47.517,11.5376,0.1294,0.0061,0.0000,0.4802,1
47.533,11.5375,0.1293,0.0084,0.0000,0.4802,1
47.550,11.5375,0.1292,0.0028,0.0000,0.4802,1
47.567,11.5375,0.1291,0.0067,0.0000,0.4802,1
47.583,11.5375,0.1290,0.0043,0.0000,0.4802,1
47.600,11.5375,0.1290,0.0008,0.0000,0.4802,1
47.617,11.5374,0.1290,0.0042,0.0000,0.4802,1
47.633,11.5374,0.1289,0.0019,0.0000,0.4802,1
47.650,11.5374,0.1289,0.0018,0.0000,0.4802,1
47.667,11.5374,0.1290,0.0040,0.0000,0.4802,1
47.683,11.5374,0.1290,0.0022,0.0000,0.4802,1
47.700,11.5374,0.1290,0.0029,0.0000,0.4802,1
47.717,11.5374,0.1289,0.0046,0.0000,0.4802,1
47.733,11.5374,0.1289,0.0015,0.0000,0.4802,1
47.750,11.5374,0.1288,0.0053,0.0000,0.4802,1
47.767,11.5373,0.1288,0.0036,0.0000,0.4802,1
47.783,11.5373,0.1287,0.0030,0.0000,0.4802,1
47.800,11.5373,0.1287,0.0041,0.0000,0.4803,1
47.817,11.5373,0.1287,0.0003,0.0000,0.4803,1
47.833,11.5373,0.1286,0.0041,0.0000,0.4803,1
47.850,11.5373,0.1286,0.0021,0.0000,0.4803,1
47.867,11.5373,0.1286,0.0042,0.0000,0.4803,1
47.883,11.5373,0.1285,0.0017,0.0000,0.4803,1
47.900,11.5373,0.1286,0.0018,0.0000,0.4803,1
47.917,11.5372,0.1285,0.0059,0.0000,0.4803,1
47.933,11.5372,0.1284,0.0023,0.0000,0.4803,1
47.950,11.5372,0.1284,0.0010,0.0000,0.4803,1
47.967,11.5372,0.1285,0.0022,0.0000,0.4803,1
47.983,11.5372,0.1284,0.0045,0.0000,0.4803,1
48.000,11.5372,0.1284,0.0014,0.0000,0.4803,1
48.017,11.5372,0.1283,0.0052,0.0000,0.4803,1
48.033,11.5372,0.1283,0.0009,0.0000,0.4803,1
48.050,11.5372,0.1282,0.0036,0.0000,0.4803,1
48.067,11.5371,0.1281,0.0055,0.0000,0.4803,1
48.083,11.5371,0.1282,0.0009,0.0000,0.4803,1
48.100,11.5371,0.1281,0.0009,0.0000,0.4803,1
48.117,11.5371,0.1281,0.0026,0.0000,0.4803,1
48.133,11.5371,0.1280,0.0056,0.0000,0.4803,1
48.150,11.5371,0.1279,0.0061,0.0000,0.4803,1
48.167,11.5371,0.1279,0.0014,0.0000,0.4803,1
48.183,11.5370,0.1278,0.0036,0.0000,0.4803,1
48.200,11.5370,0.1278,0.0003,0.0000,0.4803,1
48.217,11.5370,0.1278,0.0036,0.0000,0.4803,1
48.233,11.5370,0.1278,0.0009,0.0000,0.4803,1
48.250,11.5370,0.1277,0.0039,0.0000,0.4803,1
48.267,11.5370,0.1277,0.0013,0.0000,0.4803,1
48.283,11.5370,0.1277,0.0025,0.0000,0.4803,1
48.300,11.5370,0.1277,0.0037,0.0000,0.4803,1
48.317,11.5370,0.1277,0.0004,0.0000,0.4803,1
48.333,11.5369,0.1276,0.0039,0.0000,0.4803,1
48.350,11.5369,0.1275,0.0063,0.0000,0.4803,1
48.367,11.5369,0.1275,0.0005,0.0000,0.4803,1
48.383,11.5369,0.1275,0.0007,0.0000,0.4803,1
48.400,11.5369,0.1274,0.0050,0.0000,0.4803,1
48.417,11.5369,0.1272,0.0107,0.0000,0.4803,1
48.433,11.5368,0.1271,0.0072,0.0000,0.4803,1
48.450,11.5368,0.1270,0.0087,0.0000,0.4803,1
48.467,11.5368,0.1268,0.0088,0.0000,0.4803,1
48.483,11.5367,0.1267,0.0086,0.0000,0.4803,1
48.500,11.5367,0.1266,0.0089,0.0000,0.4803,1
48.517,11.5367,0.1265,0.0049,0.0000,0.4803,1
48.533,11.5366,0.1263,0.0103,0.0000,0.4803,1
48.550,11.5366,0.1262,0.0097,0.0000,0.4803,1
48.567,11.5366,0.1260,0.0088,0.0000,0.4803,1
48.583,11.5365,0.1259,0.0097,0.0000,0.4803,1
48.600,11.5365,0.1257,0.0069,0.0000,0.4803,1
48.617,11.5365,0.1256,0.0096,0.0000,0.4802,1
48.633,11.5364,0.1254,0.0112,0.0000,0.4803,1
48.650,11.5364,0.1253,0.0074,0.0000,0.4803,1
48.667,11.5363,0.1251,0.0090,0.0000,0.4802,1
48.683,11.5363,0.1250,0.0099,0.0000,0.4802,1
48.700,11.5363,0.1248,0.0105,0.0000,0.4802,1
48.717,11.5362,0.1246,0.0132,0.0000,0.4803,1
48.733,11.5362,0.1245,0.0094,0.0000,0.4802,1
48.750,11.5361,0.1243,0.0098,0.0000,0.4802,1
48.767,11.5361,0.1242,0.0077,0.0000,0.4802,1
48.783,11.5361,0.1241,0.0068,0.0000,0.4802,1
48.800,11.5360,0.1239,0.0083,0.0000,0.4802,1
48.817,11.5360,0.1238,0.0086,0.0000,0.4802,1
48.833,11.5360,0.1237,0.0086,0.0000,0.4802,1
48.850,11.5359,0.1236,0.0024,0.0000,0.4802,1
48.867,11.5359,0.1236,0.0033,0.0000,0.4802,1
48.883,11.5360,0.1236,0.0030,0.0000,0.4802,1
48.900,11.5359,0.1236,0.0013,0.0000,0.4802,1
48.917,11.5359,0.1236,0.0009,0.0000,0.4802,1
48.933,11.5359,0.1235,0.0061,0.0000,0.4802,1
48.950,11.5359,0.1235,0.0011,0.0000,0.4802,1
48.967,11.5359,0.1235,0.0013,0.0000,0.4803,1
48.983,11.5359,0.1234,0.0019,0.0000,0.4802,1
49.000,11.5359,0.1234,0.0004,0.0000,0.4802,1
49.017,11.5359,0.1234,0.0039,0.0000,0.4803,1
49.033,11.5359,0.1234,0.0021,0.0000,0.4803,1
49.050,11.5359,0.1233,0.0056,0.0000,0.4803,1
49.067,11.5358,0.1232,0.0048,0.0000,0.4803,1
49.083,11.5358,0.1232,0.0015,0.0000,0.4803,1
49.100,11.5358,0.1232,0.0035,0.0000,0.4803,1
49.117,11.5358,0.1232,0.0004,0.0000,0.4803,1
49.133,11.5358,0.1231,0.0041,0.0000,0.4803,1
49.150,11.5358,0.1231,0.0037,0.0000,0.4803,1
49.167,11.5357,0.1230,0.0035,0.0000,0.4803,1
49.183,11.5357,0.1230,0.0007,0.0000,0.4803,1
49.200,11.5357,0.1230,0.0011,0.0000,0.4803,1
49.217,11.5357,0.1230,0.0003,0.0000,0.4803,1
49.233,11.5357,0.1229,0.0081,0.0000,0.4803,1
49.250,11.5357,0.1228,0.0022,0.0000,0.4803,1
49.267,11.5357,0.1227,0.0070,0.0000,0.4803,1
49.283,11.5356,0.1226,0.0060,0.0000,0.4803,1
49.300,11.5356,0.1226,0.0017,0.0000,0.4803,1
49.317,11.5356,0.1226,0.0018,0.0000,0.4803,1
49.333,11.5356,0.1226,0.0025,0.0000,0.4803,1
49.350,11.5356,0.1225,0.0060,0.0000,0.4803,1
49.367,11.5356,0.1225,0.0031,0.0000,0.4803,1
49.383,11.5356,0.1224,0.0038,0.0000,0.4803,1
49.400,11.5355,0.1224,0.0015,0.0000,0.4803,1
49.417,11.5355,0.1223,0.0033,0.0000,0.4803,1
49.433,11.5355,0.1222,0.0053,0.0000,0.4803,1
49.450,11.5355,0.1222,0.0014,0.0000,0.4803,1
49.467,11.5355,0.1222,0.0023,0.0000,0.4803,1
49.483,11.5355,0.1222,0.0009,0.0000,0.4803,1
49.500,11.5355,0.1221,0.0071,0.0000,0.4803,1
49.517,11.5355,0.1221,0.0009,0.0000,0.4803,1
49.533,11.5354,0.1220,0.0026,0.0000,0.4803,1
49.550,11.5354,0.1219,0.0055,0.0000,0.4803,1
49.567,11.5354,0.1219,0.0023,0.0000,0.4803,1
49.583,11.5354,0.1219,0.0016,0.0000,0.4803,1
49.600,11.5354,0.1220,0.0009,0.0000,0.4803,1
49.617,11.5354,0.1220,0.0003,0.0000,0.4803,1
49.633,11.5354,0.1218,0.0070,0.0000,0.4803,1
49.650,11.5354,0.1218,0.0038,0.0000,0.4803,1
49.667,11.5353,0.1217,0.0048,0.0000,0.4803,1
49.683,11.5353,0.1217,0.0035,0.0000,0.4804,1
49.700,11.5353,0.1216,0.0036,0.0000,0.4803,1
49.717,11.5353,0.1217,0.0044,0.0000,0.4803,1
49.733,11.5353,0.1216,0.0047,0.0000,0.4803,1
49.750,11.5353,0.1215,0.0037,0.0000,0.4803,1
49.767,11.5353,0.1215,0.0009,0.0000,0.4803,1
49.783,11.5353,0.1215,0.0023,0.0000,0.4804,1
49.800,11.5352,0.1215,0.0017,0.0000,0.4804,1
49.817,11.5353,0.1215,0.0020,0.0000,0.4804,1
49.833,11.5352,0.1215,0.0025,0.0000,0.4804,1
49.850,11.5352,0.1214,0.0038,0.0000,0.4804,1
49.867,11.5352,0.1213,0.0045,0.0000,0.4804,1
49.883,11.5352,0.1213,0.0018,0.0000,0.4804,1
49.900,11.5352,0.1212,0.0069,0.0000,0.4804,1
49.917,11.5352,0.1212,0.0012,0.0000,0.4804,1
49.933,11.5351,0.1211,0.0040,0.0000,0.4804,1
49.950,11.5351,0.1211,0.0038,0.0000,0.4804,1
49.967,11.5351,0.1210,0.0057,0.0000,0.4804,1
49.983,11.5351,0.1210,0.0007,0.0000,0.4804,1
50.000,11.5351,0.1210,0.0007,0.0000,0.4804,1
50.017,11.5351,0.1210,0.0041,0.0000,0.4804,1
50.033,11.5350,0.1210,0.0036,0.0000,0.4804,1
50.050,11.5351,0.1209,0.0018,0.0000,0.4804,1
50.067,11.5351,0.1209,0.0003,0.0000,0.4804,1
50.083,11.5350,0.1208,0.0067,0.0000,0.4804,1
50.100,11.5350,0.1208,0.0010,0.0000,0.4804,1
50.117,11.5350,0.1207,0.0050,0.0000,0.4804,1
50.133,11.5349,0.1207,0.0066,0.0000,0.4805,1
50.150,11.5350,0.1206,0.0063,0.0000,0.4804,1
50.167,11.5349,0.1204,0.0142,0.0000,0.4804,1
50.183,11.5349,0.1203,0.0021,0.0000,0.4804,1
50.200,11.5349,0.1203,0.0026,0.0000,0.4804,1
50.217,11.5349,0.1203,0.0007,0.0000,0.4804,1
50.233,11.5349,0.1203,0.0011,0.0000,0.4804,1
50.250,11.5349,0.1203,0.0012,0.0000,0.4804,1
50.267,11.5349,0.1202,0.0050,0.0000,0.4804,1
50.283,11.5348,0.1201,0.0050,0.0000,0.4804,1
50.300,11.5348,0.1201,0.0020,0.0000,0.4805,1
50.317,11.5348,0.1201,0.0021,0.0000,0.4804,1
50.333,11.5348,0.1201,0.0020,0.0000,0.4804,1
50.350,11.5348,0.1200,0.0055,0.0000,0.4804,1
50.367,11.5348,0.1200,0.0006,0.0000,0.4804,1
50.383,11.5348,0.1200,0.0042,0.0000,0.4804,1
50.400,11.5348,0.1199,0.0041,0.0000,0.4805,1
50.417,11.5347,0.1199,0.0024,0.0000,0.4805,1
50.433,11.5347,0.1198,0.0022,0.0000,0.4805,1
50.450,11.5347,0.1198,0.0012,0.0000,0.4805,1
50.467,11.5347,0.1198,0.0012,0.0000,0.4805,1
50.483,11.5347,0.1198,0.0005,0.0000,0.4805,1
50.500,11.5347,0.1198,0.0024,0.0000,0.4805,1
50.517,11.5347,0.1198,0.0038,0.0000,0.4805,1
50.533,11.5347,0.1198,0.0014,0.0000,0.4805,1
50.550,11.5347,0.1197,0.0045,0.0000,0.4805,1
50.567,11.5347,0.1197,0.0039,0.0000,0.4805,1
50.583,11.5346,0.1196,0.0033,0.0000,0.4805,1
50.600,11.5346,0.1196,0.0027,0.0000,0.4805,1
50.617,11.5346,0.1196,0.0010,0.0000,0.4805,1
50.633,11.5346,0.1196,0.0006,0.0000,0.4805,1
50.650,11.5346,0.1195,0.0042,0.0000,0.4805,1
50.667,11.5346,0.1195,0.0035,0.0000,0.4805,1
50.683,11.5346,0.1194,0.0065,0.0000,0.4805,1
50.700,11.5345,0.1193,0.0018,0.0000,0.4805,1
50.717,11.5345,0.1192,0.0062,0.0000,0.4805,1
50.733,11.5345,0.1193,0.0006,0.0000,0.4805,1
50.750,11.5345,0.1192,0.0060,0.0000,0.4805,1
50.767,11.5345,0.1191,0.0052,0.0000,0.4805,1
50.783,11.5344,0.1190,0.0031,0.0000,0.4805,1
50.800,11.5344,0.1189,0.0069,0.0000,0.4806,1
50.817,11.5344,0.1189,0.0017,0.0000,0.4805,1
50.833,11.5344,0.1190,0.0023,0.0000,0.4805,1
50.850,11.5344,0.1190,0.0001,0.0000,0.4805,1
50.867,11.5344,0.1189,0.0014,0.0000,0.4805,1
50.883,11.5344,0.1189,0.0031,0.0000,0.4805,1
50.900,11.5344,0.1188,0.0048,0.0000,0.4806,1
50.917,11.5343,0.1188,0.0025,0.0000,0.4806,1
50.933,11.5343,0.1187,0.0032,0.0000,0.4806,1
50.950,11.5343,0.1187,0.0038,0.0000,0.4806,1
50.967,11.5343,0.1186,0.0027,0.0000,0.4806,1
50.983,11.5343,0.1186,0.0010,0.0000,0.4806,1
51.000,11.5343,0.1186,0.0029,0.0000,0.4806,1
51.017,11.5342,0.1185,0.0051,0.0000,0.4806,1
51.033,11.5342,0.1185,0.0006,0.0000,0.4806,1
51.050,11.5342,0.1185,0.0011,0.0000,0.4806,1
51.067,11.5342,0.1184,0.0067,0.0000,0.4806,1
51.083,11.5342,0.1185,0.0035,0.0000,0.4806,1
51.100,11.5342,0.1185,0.0001,0.0000,0.4806,1
51.117,11.5342,0.1183,0.0070,0.0000,0.4806,1
51.133,11.5342,0.1183,0.0014,0.0000,0.4806,1
51.150,11.5342,0.1183,0.0019,0.0000,0.4806,1
51.167,11.5342,0.1184,0.0037,0.0000,0.4806,1
51.183,11.5342,0.1183,0.0038,0.0000,0.4806,1
51.200,11.5341,0.1183,0.0013,0.0000,0.4806,1
51.217,11.5341,0.1182,0.0041,0.0000,0.4806,1
51.233,11.5341,0.1182,0.0017,0.0000,0.4806,1
51.250,11.5341,0.1182,0.0031,0.0000,0.4807,1
51.267,11.5341,0.1181,0.0030,0.0000,0.4807,1
51.283,11.5341,0.1181,0.0021,0.0000,0.4807,1
51.300,11.5341,0.1181,0.0033,0.0000,0.4807,1
51.317,11.5341,0.1181,0.0006,0.0000,0.4807,1
51.333,11.5340,0.1179,0.0065,0.0000,0.4807,1
51.350,11.5340,0.1179,0.0023,0.0000,0.4807,1
51.367,11.5340,0.1179,0.0008,0.0000,0.4807,1
51.383,11.5340,0.1179,0.0025,0.0000,0.4807,1
51.400,11.5340,0.1178,0.0071,0.0000,0.4807,1
51.417,11.5339,0.1177,0.0020,0.0000,0.4807,1
51.433,11.5339,0.1176,0.0047,0.0000,0.4807,1
51.450,11.5339,0.1176,0.0019,0.0000,0.4807,1
51.467,11.5339,0.1176,0.0043,0.0000,0.4807,1
51.483,11.5339,0.1176,0.0029,0.0000,0.4807,1
51.500,11.5339,0.1176,0.0023,0.0000,0.4807,1
51.517,11.5339,0.1176,0.0026,0.0000,0.4807,1
51.533,11.5339,0.1177,0.0033,0.0000,0.4807,1
51.550,11.5339,0.1176,0.0010,0.0000,0.4807,1
51.567,11.5339,0.1176,0.0048,0.0000,0.4807,1
51.583,11.5339,0.1176,0.0002,0.0000,0.4807,1
51.600,11.5338,0.1176,0.0005,0.0000,0.4808,1
51.617,11.5338,0.1175,0.0077,0.0000,0.4808,1
51.633,11.5338,0.1174,0.0035,0.0000,0.4808,1
51.650,11.5338,0.1174,0.0020,0.0000,0.4808,1
51.667,11.5338,0.1174,0.0037,0.0000,0.4808,1
51.683,11.5338,0.1173,0.0058,0.0000,0.4808,1
51.700,11.5338,0.1173,0.0011,0.0000,0.4808,1
51.717,11.5337,0.1173,0.0043,0.0000,0.4808,1
51.733,11.5337,0.1172,0.0008,0.0000,0.4808,1
51.750,11.5337,0.1173,0.0025,0.0000,0.4808,1
51.767,11.5337,0.1172,0.0054,0.0000,0.4808,1
51.783,11.5337,0.1172,0.0022,0.0000,0.4808,1
51.800,11.5337,0.1171,0.0032,0.0000,0.4808,1
51.817,11.5336,0.1170,0.0093,0.0000,0.4809,1
51.833,11.5336,0.1169,0.0094,0.0000,0.4808,1
51.850,11.5336,0.1167,0.0105,0.0000,0.4808,1
51.867,11.5336,0.1166,0.0100,0.0000,0.4808,1
51.883,11.5335,0.1164,0.0086,0.0000,0.4808,1
51.900,11.5335,0.1163,0.0075,0.0000,0.4808,1
51.917,11.5335,0.1162,0.0048,0.0000,0.4808,1
51.933,11.5335,0.1162,0.0013,0.0000,0.4808,1
51.950,11.5335,0.1162,0.0012,0.0000,0.4808,1
51.967,11.5335,0.1162,0.0020,0.0000,0.4808,1
51.983,11.5334,0.1161,0.0036,0.0000,0.4808,1
52.000,11.5335,0.1161,0.0013,0.0000,0.4808,1
52.017,11.5334,0.1161,0.0028,0.0000,0.4808,1
52.033,11.5334,0.1160,0.0048,0.0000,0.4808,1
52.050,11.5334,0.1161,0.0039,0.0000,0.4808,1
52.067,11.5334,0.1160,0.0036,0.0000,0.4808,1
52.083,11.5334,0.1161,0.0070,0.0000,0.4808,1
52.100,11.5334,0.1162,0.0015,0.0000,0.4808,1
52.117,11.5334,0.1160,0.0077,0.0000,0.4808,1
52.133,11.5334,0.1160,0.0028,0.0000,0.4808,1
52.150,11.5334,0.1160,0.0029,0.0000,0.4808,1
52.167,11.5334,0.1159,0.0011,0.0000,0.4808,1
52.183,11.5333,0.1159,0.0045,0.0000,0.4808,1
52.200,11.5333,0.1158,0.0023,0.0000,0.4808,1
52.217,11.5333,0.1158,0.0033,0.0000,0.4808,1
52.233,11.5333,0.1157,0.0045,0.0000,0.4808,1
52.250,11.5333,0.1157,0.0016,0.0000,0.4808,1
52.267,11.5333,0.1156,0.0048,0.0000,0.4809,1
52.283,11.5333,0.1156,0.0025,0.0000,0.4809,1
52.300,11.5332,0.1156,0.0030,0.0000,0.4809,1
52.317,11.5332,0.1156,0.0022,0.0000,0.4809,1
52.333,11.5332,0.1156,0.0027,0.0000,0.4809,1
52.350,11.5332,0.1156,0.0017,0.0000,0.4809,1
52.367,11.5332,0.1155,0.0044,0.0000,0.4809,1
52.383,11.5332,0.1155,0.0007,0.0000,0.4809,1
52.400,11.5332,0.1155,0.0007,0.0000,0.4809,1
52.417,11.5332,0.1155,0.0012,0.0000,0.4809,1
52.433,11.5332,0.1156,0.0017,0.0000,0.4809,1
52.450,11.5332,0.1154,0.0075,0.0000,0.4809,1
52.467,11.5332,0.1153,0.0089,0.0000,0.4809,1
52.483,11.5331,0.1151,0.0086,0.0000,0.4809,1
52.500,11.5331,0.1150,0.0084,0.0000,0.4809,1
52.517,11.5331,0.1150,0.0032,0.0000,0.4809,1
52.533,11.5330,0.1149,0.0041,0.0000,0.4809,1
52.550,11.5330,0.1148,0.0054,0.0000,0.4809,1
52.567,11.5330,0.1148,0.0028,0.0000,0.4809,1
52.583,11.5330,0.1148,0.0010,0.0000,0.4809,1
52.600,11.5330,0.1148,0.0008,0.0000,0.4809,1
52.617,11.5330,0.1147,0.0063,0.0000,0.4809,1
52.633,11.5330,0.1147,0.0031,0.0000,0.4809,1
52.650,11.5330,0.1147,0.0020,0.0000,0.4809,1
52.667,11.5329,0.1146,0.0063,0.0000,0.4809,1
52.683,11.5329,0.1145,0.0020,0.0000,0.4809,1
52.700,11.5329,0.1145,0.0012,0.0000,0.4809,1
52.717,11.5329,0.1145,0.0011,0.0000,0.4809,1
52.733,11.5329,0.1145,0.0043,0.0000,0.4809,1
52.750,11.5329,0.1144,0.0043,0.0000,0.4809,1
52.767,11.5328,0.1144,0.0025,0.0000,0.4810,1
52.783,11.5328,0.1143,0.0021,0.0000,0.4809,1
52.800,11.5328,0.1144,0.0027,0.0000,0.4810,1
52.817,11.5328,0.1143,0.0036,0.0000,0.4810,1
52.833,11.5328,0.1143,0.0036,0.0000,0.4810,1
52.850,11.5328,0.1142,0.0029,0.0000,0.4810,1
52.867,11.5328,0.1142,0.0041,0.0000,0.4810,1
52.883,11.5328,0.1141,0.0014,0.0000,0.4810,1
52.900,11.5327,0.1141,0.0049,0.0000,0.4810,1
52.917,11.5327,0.1140,0.0034,0.0000,0.4810,1
52.933,11.5327,0.1140,0.0018,0.0000,0.4810,1
52.950,11.5327,0.1140,0.0032,0.0000,0.4810,1
52.967,11.5327,0.1140,0.0010,0.0000,0.4810,1
52.983,11.5327,0.1140,0.0011,0.0000,0.4810,1
53.000,11.5327,0.1139,0.0056,0.0000,0.4810,1
