t,x,y,yaw,odom_vx,odom_wz,cmd_vx,cmd_wz,scan_ahead,us_left,us_right
10.667,0.0023,-0.0,0.0,0.0001,-0.0001,0.0,0.0,2.6249,1.5,1.5
10.683,0.0023,-0.0,0.0,0.0001,-0.0,0.125,-0.0263,2.6249,1.5,1.5
10.7,0.0023,-0.0,0.0,0.0001,-0.0001,0.2105,-0.0263,2.6249,1.5,1.5
10.7,0.0023,-0.0,0.0,0.0001,-0.0001,0.2105,-0.0263,2.6249,1.5,1.5
10.7,0.0023,-0.0,0.0,0.0001,-0.0001,0.2105,-0.0263,2.6249,1.5,1.5
10.733,0.0043,-0.0,0.0,0.0936,-0.0289,0.2105,-0.0263,2.6467,1.5,1.5
10.733,0.0043,-0.0,0.0,0.0936,-0.0289,0.2105,-0.0263,2.6467,1.5,1.5
10.75,0.0065,-0.0,0.0,0.138,0.0039,0.1579,-0.0263,2.6467,1.5,1.5
10.75,0.0065,-0.0,0.0,0.138,0.0039,0.1579,-0.0263,2.6467,1.5,1.5
10.75,0.0065,-0.0,0.0,0.138,0.0039,0.1579,-0.0263,2.6467,1.5,1.5
10.783,0.0125,-0.0001,0.0,0.2005,-0.0003,0.2105,-0.0263,2.6467,1.5,1.5
10.8,0.0155,-0.0001,0.0,0.1668,0.0061,0.2105,-0.0263,2.6467,1.5,1.5
10.8,0.0155,-0.0001,0.0,0.1668,0.0061,0.2105,-0.0263,2.6467,1.5,1.5
10.8,0.0155,-0.0001,0.0,0.1668,0.0061,0.2105,-0.0263,2.6467,1.5,1.5
10.833,0.0209,-0.0,0.0,0.1582,0.0049,0.2105,-0.0263,2.5668,1.5,1.5
10.833,0.0209,-0.0,0.0,0.1582,0.0049,0.2105,-0.0263,2.5668,1.5,1.5
10.85,0.0239,-0.0,0.0,0.1896,0.0124,0.2105,-0.0263,2.5668,1.5,1.5
10.867,0.0272,-0.0,0.0,0.2064,-0.0011,0.2105,-0.0263,2.5668,1.5,1.5
10.867,0.0272,-0.0,0.0,0.2064,-0.0011,0.2368,-0.0263,2.5668,1.5,1.5
10.867,0.0272,-0.0,0.0,0.2064,-0.0011,0.2368,-0.0263,2.5668,1.5,1.5
10.9,0.0342,-0.0,0.0,0.2104,0.0029,0.2368,-0.0263,2.5668,1.5,1.5
10.917,0.0377,-0.0,0.0,0.2105,0.0039,0.2368,-0.0263,2.5668,1.5,1.5
10.917,0.0377,-0.0,0.0,0.2105,0.0039,0.3421,-0.0263,2.5668,1.5,1.5
10.917,0.0377,-0.0,0.0,0.2105,0.0039,0.3421,-0.0263,2.6226,1.5,1.5
10.95,0.0453,0.0,0.0,0.2358,0.0038,0.3421,-0.0263,2.6226,1.5,1.5
10.95,0.0453,0.0,0.0,0.2358,0.0038,0.4671,-0.0263,2.6226,1.5,1.5
10.967,0.0493,0.0,0.0,0.2367,0.0011,0.4737,-0.0263,2.6226,1.5,1.5
10.967,0.0493,0.0,0.0,0.2367,0.0011,0.4737,-0.0263,2.6226,1.5,1.5
10.967,0.0493,0.0,0.0,0.2367,0.0011,0.4737,-0.0263,2.6226,1.5,1.5
11.0,0.059,-0.0,0.0,0.316,0.0082,0.5,-0.0263,2.6226,1.5,1.5
11.017,0.0649,-0.0001,0.0007,0.3626,0.0038,0.5,-0.0263,2.6226,1.5,1.5
11.017,0.0649,-0.0001,0.0007,0.3626,0.0038,0.5,-0.0263,2.6004,1.5,1.5
11.033,0.0716,-0.0001,0.0014,0.4128,0.0185,0.5,-0.0263,2.6004,1.5,1.5
11.033,0.0716,-0.0001,0.0014,0.4128,0.0185,0.5,-0.0263,2.6004,1.5,1.5
11.033,0.0716,-0.0001,0.0014,0.4128,0.0185,0.5,-0.0263,2.6004,1.5,1.5
11.033,0.0716,-0.0001,0.0014,0.4128,0.0185,0.5,-0.0263,2.6004,1.5,1.5
11.067,0.0866,-0.0002,0.0021,0.4764,0.0261,0.5,-0.0263,2.6004,1.5,1.5
11.083,0.0947,-0.0002,0.0024,0.4939,0.0223,0.5,-0.0263,2.6004,1.5,1.5
11.083,0.0947,-0.0002,0.0024,0.4939,0.0223,0.5,-0.0263,2.6004,1.5,1.5
11.083,0.0947,-0.0002,0.0024,0.4939,0.0223,0.5,-0.0263,2.6004,1.5,1.5
11.117,0.1114,-0.0003,0.0026,0.5001,0.0134,0.5,-0.0263,2.6004,1.5,1.5
11.117,0.1114,-0.0003,0.0026,0.5001,0.0134,0.5,-0.0263,2.6004,1.5,1.5
11.133,0.1197,-0.0003,0.0028,0.5007,0.0123,0.5,-0.0263,2.6076,1.5,1.5
11.133,0.1197,-0.0003,0.0028,0.5007,0.0123,0.5,-0.0263,2.6076,1.5,1.5
11.133,0.1197,-0.0003,0.0028,0.5007,0.0123,0.5,-0.0263,2.6076,1.5,1.5
11.167,0.1364,-0.0002,0.0029,0.5007,0.0112,0.4737,-0.0263,2.6076,1.5,1.5
11.183,0.1448,-0.0002,0.0031,0.5009,0.0107,0.4737,-0.0263,2.6076,1.5,1.5
11.183,0.1448,-0.0002,0.0031,0.5009,0.0107,0.4737,-0.0263,2.6076,1.5,1.5
11.2,0.1531,-0.0002,0.0031,0.5007,0.0115,0.5,-0.0263,2.6076,1.5,1.5
11.2,0.1531,-0.0002,0.0031,0.5007,0.0115,0.5,-0.0263,2.6076,1.5,1.5
11.2,0.1531,-0.0002,0.0031,0.5007,0.0115,0.5,-0.0263,2.6292,1.5,1.5
11.233,0.1698,-0.0002,0.0032,0.5008,0.0101,0.5,-0.0263,2.6292,1.5,1.5
11.25,0.1781,-0.0001,0.0033,0.5007,0.0092,0.5,-0.0263,2.6292,1.5,1.5
11.25,0.1781,-0.0001,0.0033,0.5007,0.0092,0.5,-0.0263,2.6292,1.5,1.5
11.25,0.1781,-0.0001,0.0033,0.5007,0.0092,0.5,-0.0263,2.6292,1.5,1.5
11.283,0.1942,-0.0001,0.0032,0.4755,0.0053,0.5,-0.0263,2.6292,1.5,1.5
11.283,0.1942,-0.0001,0.0032,0.4755,0.0053,0.5,-0.0263,2.6292,1.5,1.5
11.3,0.2024,-0.0001,0.0032,0.4953,0.0055,0.5,-0.0263,2.6292,1.5,1.5
11.3,0.2024,-0.0001,0.0032,0.4953,0.0055,0.5,-0.0263,2.6292,1.5,1.5
11.3,0.2024,-0.0001,0.0032,0.4953,0.0055,0.5,-0.0263,2.6292,1.5,1.5
11.333,0.219,0.0,0.003,0.5004,0.0033,0.5,-0.0263,2.5843,1.5,1.5
11.35,0.2273,0.0,0.0029,0.5005,0.002,0.5,-0.0263,2.5843,1.5,1.5
11.35,0.2273,0.0,0.0029,0.5005,0.002,0.5,-0.0263,2.5843,1.5,1.5
11.367,0.2357,0.0001,0.0029,0.5004,0.0009,0.4737,-0.0263,2.5843,1.5,1.5
11.367,0.2357,0.0001,0.0029,0.5004,0.0009,0.4737,-0.0263,2.5843,1.5,1.5
11.367,0.2357,0.0001,0.0029,0.5004,0.0009,0.4737,-0.0263,2.5843,1.5,1.5
11.4,0.2523,0.0002,0.0026,0.5003,-0.0014,0.5,-0.0263,2.5843,1.5,1.5
11.417,0.2607,0.0002,0.0024,0.5002,-0.0025,0.5,-0.0263,2.5843,1.5,1.5
11.417,0.2607,0.0002,0.0024,0.5002,-0.0025,0.5,-0.0263,2.5787,1.5,1.5
11.417,0.2607,0.0002,0.0024,0.5002,-0.0025,0.5,-0.0263,2.5787,1.5,1.5
11.45,0.2774,0.0003,0.0021,0.5,-0.0047,0.5,-0.0263,2.5787,1.5,1.5
11.45,0.2774,0.0003,0.0021,0.5,-0.0047,0.5,-0.0263,2.5787,1.5,1.5
11.467,0.2855,0.0004,0.0021,0.4792,-0.005,0.5,-0.0263,2.5787,1.5,1.5
11.467,0.2855,0.0004,0.0021,0.4792,-0.005,0.5,-0.0263,2.5787,1.5,1.5
11.467,0.2855,0.0004,0.0021,0.4792,-0.005,0.5,-0.0263,2.5787,1.5,1.5
11.5,0.3013,0.0005,0.0015,0.4737,-0.0075,0.5,-0.0263,2.5787,1.5,1.5
11.517,0.3094,0.0005,0.0012,0.4943,-0.0097,0.5,-0.0263,2.5787,1.5,1.5
11.517,0.3094,0.0005,0.0012,0.4943,-0.0097,0.5,-0.0263,2.6121,1.5,1.5
11.533,0.3177,0.0006,0.001,0.4985,-0.0094,0.5,-0.0263,2.6121,1.5,1.5
11.533,0.3177,0.0006,0.001,0.4985,-0.0094,0.5,-0.0263,2.6121,1.5,1.5
11.567,0.3343,0.0007,0.0,0.4995,-0.0112,0.5,-0.0263,2.6121,1.5,1.5
11.567,0.3343,0.0007,0.0,0.4995,-0.0112,0.4737,-0.0263,2.6121,1.5,1.5
11.583,0.3427,0.0007,0.0,0.4995,-0.012,0.4737,-0.0263,2.6121,1.5,1.5
11.583,0.3427,0.0007,0.0,0.4995,-0.012,0.4737,-0.0263,2.6121,1.5,1.5
11.583,0.3427,0.0007,0.0,0.4995,-0.012,0.4737,-0.0263,2.6121,1.5,1.5
11.617,0.3593,0.0008,-0.0,0.4995,-0.0136,0.5,-0.0263,2.6121,1.5,1.5
11.633,0.3676,0.0009,-0.0,0.4995,-0.0143,0.5,-0.0263,2.6601,1.5,1.5
11.633,0.3676,0.0009,-0.0,0.4995,-0.0143,0.5,-0.0263,2.6601,1.5,1.5
11.633,0.3676,0.0009,-0.0,0.4995,-0.0143,0.5,-0.0263,2.6601,1.5,1.5
11.667,0.3843,0.0009,-0.0007,0.4996,-0.0156,0.5,-0.0263,2.6601,1.5,1.5
11.667,0.3843,0.0009,-0.0007,0.4996,-0.0156,0.5,-0.0263,2.6601,1.5,1.5
11.683,0.3924,0.001,-0.0012,0.4788,-0.0145,0.5,-0.0263,2.6601,1.5,1.5
11.7,0.4004,0.001,-0.0017,0.4745,-0.0161,0.5,-0.0263,2.6601,1.5,1.5
11.7,0.4004,0.001,-0.0017,0.4745,-0.0161,0.5,-0.0263,2.6601,1.5,1.5
11.7,0.4004,0.001,-0.0017,0.4745,-0.0161,0.5,-0.0263,2.6601,1.5,1.5
11.733,0.4164,0.0011,-0.0023,0.4941,-0.0202,0.5,-0.0263,2.618,1.5,1.5
11.733,0.4164,0.0011,-0.0023,0.4941,-0.0202,0.5,-0.0263,2.618,1.5,1.5
11.75,0.4247,0.0011,-0.0025,0.4985,-0.0169,0.5,-0.0263,2.618,1.5,1.5
11.75,0.4247,0.0011,-0.0025,0.4985,-0.0169,0.5,-0.0263,2.618,1.5,1.5
11.75,0.4247,0.0011,-0.0025,0.4985,-0.0169,0.5,-0.0263,2.618,1.5,1.5
11.783,0.4413,0.0012,-0.0032,0.4998,-0.0188,0.4737,-0.0263,2.618,1.5,1.5
11.8,0.4496,0.0012,-0.0037,0.5,-0.0188,0.4737,-0.0263,2.618,1.5,1.5
11.8,0.4496,0.0012,-0.0037,0.5,-0.0188,0.4737,-0.0263,2.618,1.5,1.5
11.8,0.4496,0.0012,-0.0037,0.5,-0.0188,0.4737,-0.0263,2.618,1.5,1.5
11.833,0.4663,0.0012,-0.0043,0.5001,-0.0192,0.5,-0.0263,2.6353,1.5,1.5
11.833,0.4663,0.0012,-0.0043,0.5001,-0.0192,0.5,-0.0263,2.6353,1.5,1.5
11.85,0.4747,0.0012,-0.0047,0.5002,-0.0195,0.5,-0.0263,2.6353,1.5,1.5
11.867,0.483,0.0013,-0.005,0.5003,-0.0197,0.5,-0.0263,2.6353,1.5,1.5
11.867,0.483,0.0013,-0.005,0.5003,-0.0197,0.4737,-0.0263,2.6353,1.5,1.5
11.867,0.483,0.0013,-0.005,0.5003,-0.0197,0.4737,-0.0263,2.6353,1.5,1.5
11.9,0.4997,0.0013,-0.0057,0.5004,-0.0199,0.4737,-0.0263,2.6353,1.5,1.5
11.9,0.4997,0.0013,-0.0057,0.5004,-0.0199,0.4737,-0.0263,2.6353,1.5,1.5
11.9,0.4997,0.0013,-0.0057,0.5004,-0.0199,0.4737,-0.0263,2.6353,1.5,1.5
11.917,0.5078,0.0013,-0.006,0.4796,-0.0181,0.4737,-0.0263,2.6353,1.5,1.5
11.917,0.5078,0.0013,-0.006,0.4796,-0.0181,0.5,-0.0263,2.635,1.5,1.5
11.917,0.5078,0.0013,-0.006,0.4796,-0.0181,0.5,-0.0263,2.635,1.5,1.5
11.95,0.5239,0.0013,-0.0067,0.4944,-0.0193,0.5,-0.0263,2.635,1.5,1.5
11.967,0.5322,0.0013,-0.0071,0.4992,-0.0205,0.5,-0.0263,2.635,1.5,1.5
11.967,0.5322,0.0013,-0.0071,0.4992,-0.0205,0.5,0.0,2.635,1.5,1.5
11.967,0.5322,0.0013,-0.0071,0.4992,-0.0205,0.5,0.0,2.635,1.5,1.5
12.0,0.5487,0.0013,-0.0078,0.4797,-0.0187,0.5,0.0,2.635,1.5,1.5
12.0,0.5487,0.0013,-0.0078,0.4797,-0.0187,0.5,0.0,2.635,1.5,1.5
12.017,0.5566,0.0013,-0.0081,0.4754,-0.0198,0.5,0.0,2.635,1.5,1.5
12.033,0.5645,0.0012,-0.0085,0.4744,-0.0196,0.5,0.0,2.6275,1.5,1.5
12.033,0.5645,0.0012,-0.0085,0.4744,-0.0196,0.5,0.0,2.6275,1.5,1.5
12.033,0.5645,0.0012,-0.0085,0.4744,-0.0196,0.5,0.0,2.6275,1.5,1.5
12.067,0.5805,0.0012,-0.0092,0.4941,-0.0272,0.5,0.0,2.6275,1.5,1.5
12.067,0.5805,0.0012,-0.0092,0.4941,-0.0272,0.4737,0.0,2.6275,1.5,1.5
12.083,0.5888,0.0012,-0.0096,0.4988,-0.022,0.4737,0.0,2.6275,1.5,1.5
12.083,0.5888,0.0012,-0.0096,0.4988,-0.022,0.4737,0.0,2.6275,1.5,1.5
12.083,0.5888,0.0012,-0.0096,0.4988,-0.022,0.4737,0.0,2.6275,1.5,1.5
12.117,0.6055,0.0011,-0.0103,0.4999,-0.0258,0.5,0.0,2.6275,1.5,1.5
12.133,0.6138,0.0011,-0.0106,0.5002,-0.0237,0.5,0.0,2.6145,1.5,1.5
12.133,0.6138,0.0011,-0.0106,0.5002,-0.0237,0.5,0.0,2.6145,1.5,1.5
12.133,0.6138,0.0011,-0.0106,0.5002,-0.0237,0.5,0.0,2.6145,1.5,1.5
12.167,0.6305,0.001,-0.0113,0.5,-0.0234,0.5,0.0,2.6145,1.5,1.5
12.167,0.6305,0.001,-0.0113,0.5,-0.0234,0.5,0.0,2.6145,1.5,1.5
12.183,0.6388,0.001,-0.0116,0.5001,-0.0218,0.5,0.0,2.6145,1.5,1.5
12.2,0.6472,0.0009,-0.0119,0.4997,-0.0231,0.5,0.0,2.6145,1.5,1.5
12.2,0.6472,0.0009,-0.0119,0.4997,-0.0231,0.5,0.0,2.6145,1.5,1.5
12.2,0.6472,0.0009,-0.0119,0.4997,-0.0231,0.5,0.0,2.6145,1.5,1.5
12.233,0.6632,0.0008,-0.0124,0.4749,-0.0196,0.5,0.0,2.5768,1.5,1.5
12.233,0.6632,0.0008,-0.0124,0.4749,-0.0196,0.5,0.0,2.5768,1.5,1.5
12.25,0.6711,0.0007,-0.0127,0.474,-0.0184,0.5,0.0,2.5768,1.5,1.5
12.25,0.6711,0.0007,-0.0127,0.474,-0.0184,0.5,0.0,2.5768,1.5,1.5
12.25,0.6711,0.0007,-0.0127,0.474,-0.0184,0.5,0.0,2.5768,1.5,1.5
12.283,0.6875,0.0006,-0.0133,0.4982,-0.019,0.4737,0.0,2.5768,1.5,1.5
12.3,0.6958,0.0005,-0.0135,0.4994,-0.0188,0.4737,0.0,2.5768,1.5,1.5
12.3,0.6958,0.0005,-0.0135,0.4994,-0.0188,0.4737,0.0,2.5768,1.5,1.5
12.3,0.6958,0.0005,-0.0135,0.4994,-0.0188,0.4737,0.0,2.5768,1.5,1.5
12.333,0.7125,0.0004,-0.0141,0.4997,-0.0177,0.4737,0.0,2.5882,1.5,1.5
12.333,0.7125,0.0004,-0.0141,0.4997,-0.0177,0.5,0.0263,2.5882,1.5,1.5
12.35,0.7208,0.0003,-0.0143,0.4997,-0.0175,0.5,0.0263,2.5882,1.5,1.5
12.367,0.7291,0.0002,-0.0146,0.4996,-0.017,0.5,0.0263,2.5882,1.5,1.5
12.367,0.7291,0.0002,-0.0146,0.4996,-0.017,0.5,0.0263,2.5882,1.5,1.5
12.367,0.7291,0.0002,-0.0146,0.4996,-0.017,0.5,0.0263,2.5882,1.5,1.5
12.4,0.7458,0.0001,-0.015,0.4995,-0.0168,0.5,0.0263,2.5882,1.5,1.5
12.4,0.7458,0.0001,-0.015,0.4995,-0.0168,0.5,0.0263,2.5882,1.5,1.5
12.417,0.7539,-0.0,-0.0152,0.4786,-0.0141,0.5,0.0263,2.5882,1.5,1.5
12.417,0.7539,-0.0,-0.0152,0.4786,-0.0141,0.5,0.0263,2.5599,1.5,1.5
12.417,0.7539,-0.0,-0.0152,0.4786,-0.0141,0.5,0.0263,2.5599,1.5,1.5
12.45,0.7697,-0.0002,-0.0156,0.4734,-0.0147,0.5,0.0263,2.5599,1.5,1.5
12.467,0.7778,-0.0003,-0.0158,0.494,-0.0142,0.5,0.0263,2.5599,1.5,1.5
12.467,0.7778,-0.0003,-0.0158,0.494,-0.0142,0.5,0.0,2.5599,1.5,1.5
12.467,0.7778,-0.0003,-0.0158,0.494,-0.0142,0.5,0.0,2.5599,1.5,1.5
12.5,0.7944,-0.0005,-0.0159,0.4994,-0.0123,0.5,0.0,2.5599,1.5,1.5
12.517,0.8028,-0.0007,-0.016,0.4995,-0.0119,0.5,0.0263,2.5599,1.5,1.5
12.517,0.8028,-0.0007,-0.016,0.4995,-0.0119,0.5,0.0263,2.5599,1.5,1.5
12.533,0.8111,-0.0008,-0.016,0.4996,-0.0111,0.5,0.0263,2.5474,1.5,1.5
12.533,0.8111,-0.0008,-0.016,0.4996,-0.0111,0.5,0.0263,2.5474,1.5,1.5
12.533,0.8111,-0.0008,-0.016,0.4996,-0.0111,0.5,0.0263,2.5474,1.5,1.5
12.567,0.8278,-0.001,-0.0161,0.4999,-0.0086,0.5,0.0263,2.5474,1.5,1.5
12.583,0.8361,-0.0012,-0.0161,0.5,-0.0077,0.5,0.0263,2.5474,1.5,1.5
12.583,0.8361,-0.0012,-0.0161,0.5,-0.0077,0.5,0.0263,2.5474,1.5,1.5
12.583,0.8361,-0.0012,-0.0161,0.5,-0.0077,0.5,0.0263,2.5474,1.5,1.5
12.617,0.8528,-0.0014,-0.0161,0.5,-0.0004,0.5,0.0263,2.5474,1.5,1.5
12.617,0.8528,-0.0014,-0.0161,0.5,-0.0004,0.5,0.0263,2.6121,1.5,1.5
12.633,0.8611,-0.0016,-0.0161,0.5,-0.0029,0.5,0.0263,2.6121,1.5,1.5
12.633,0.8611,-0.0016,-0.0161,0.5,-0.0029,0.5,0.0263,2.6121,1.5,1.5
12.633,0.8611,-0.0016,-0.0161,0.5,-0.0029,0.5,0.0263,2.6121,1.5,1.5
12.667,0.8778,-0.0019,-0.016,0.5002,-0.0045,0.5,0.0263,2.6121,1.5,1.5
12.683,0.8861,-0.002,-0.016,0.5003,-0.003,0.5,0.0263,2.6121,1.5,1.5
12.683,0.8861,-0.002,-0.016,0.5003,-0.003,0.5,0.0263,2.6121,1.5,1.5
12.7,0.8944,-0.0022,-0.0158,0.5004,-0.0018,0.5,0.0263,2.6121,1.5,1.5
12.7,0.8944,-0.0022,-0.0158,0.5004,-0.0018,0.5,0.0263,2.6121,1.5,1.5
12.733,0.9111,-0.0025,-0.0156,0.5005,0.0007,0.5,0.0263,2.5436,1.5,1.5
12.733,0.9111,-0.0025,-0.0156,0.5005,0.0007,0.5,0.0263,2.5436,1.5,1.5
12.75,0.9195,-0.0026,-0.0155,0.5005,0.0019,0.5,0.0263,2.5436,1.5,1.5
12.75,0.9195,-0.0026,-0.0155,0.5005,0.0019,0.5,0.0263,2.5436,1.5,1.5
12.75,0.9195,-0.0026,-0.0155,0.5005,0.0019,0.5,0.0263,2.5436,1.5,1.5
12.783,0.9362,-0.0029,-0.0151,0.5007,0.0034,0.4737,0.0263,2.5436,1.5,1.5
12.8,0.9445,-0.0031,-0.015,0.5009,0.0044,0.4737,0.0263,2.5436,1.5,1.5
12.8,0.9445,-0.0031,-0.015,0.5009,0.0044,0.4737,0.0263,2.5436,1.5,1.5
12.8,0.9445,-0.0031,-0.015,0.5009,0.0044,0.4737,0.0263,2.5436,1.5,1.5
12.833,0.9612,-0.0034,-0.0146,0.5008,0.0068,0.4737,0.0263,2.6102,1.5,1.5
12.833,0.9612,-0.0034,-0.0146,0.5008,0.0068,0.5,0.0263,2.6102,1.5,1.5
12.85,0.9696,-0.0036,-0.0143,0.5009,0.0084,0.5,0.0263,2.6102,1.5,1.5
12.867,0.9779,-0.0037,-0.0141,0.5009,0.0092,0.5,0.0263,2.6102,1.5,1.5
12.867,0.9779,-0.0037,-0.0141,0.5009,0.0092,0.5,0.0263,2.6102,1.5,1.5
12.867,0.9779,-0.0037,-0.0141,0.5009,0.0092,0.5,0.0263,2.6102,1.5,1.5
12.9,0.9946,-0.004,-0.0137,0.5009,0.0108,0.5,0.0263,2.6102,1.5,1.5
12.9,0.9946,-0.004,-0.0137,0.5009,0.0108,0.5,0.0263,2.6102,1.5,1.5
12.917,1.0029,-0.0042,-0.0134,0.5009,0.0115,0.5,0.0263,2.6102,1.5,1.5
12.917,1.0029,-0.0042,-0.0134,0.5009,0.0115,0.5,0.0263,2.5681,1.5,1.5
12.917,1.0029,-0.0042,-0.0134,0.5009,0.0115,0.5,0.0263,2.5681,1.5,1.5
12.95,1.019,-0.0045,-0.0129,0.4756,0.0114,0.5,0.0263,2.5681,1.5,1.5
12.967,1.0272,-0.0046,-0.0127,0.4949,0.0139,0.5,0.0263,2.5681,1.5,1.5
12.967,1.0272,-0.0046,-0.0127,0.4949,0.0139,0.5,0.0263,2.5681,1.5,1.5
12.967,1.0272,-0.0046,-0.0127,0.4949,0.0139,0.5,0.0263,2.5681,1.5,1.5
13.0,1.0438,-0.0049,-0.0121,0.5004,0.0145,0.5,0.0263,2.5681,1.5,1.5
13.0,1.0438,-0.0049,-0.0121,0.5004,0.0145,0.5,0.0263,2.5681,1.5,1.5
13.0,1.0438,-0.0049,-0.0121,0.5004,0.0145,0.5,0.0263,2.5681,1.5,1.5
13.017,1.0521,-0.0051,-0.0118,0.5005,0.0144,0.5,0.0263,2.5681,1.5,1.5
13.033,1.0605,-0.0052,-0.0115,0.5005,0.0142,0.5,0.0263,2.614,1.5,1.5
13.033,1.0605,-0.0052,-0.0115,0.5005,0.0142,0.5,0.0263,2.614,1.5,1.5
13.033,1.0605,-0.0052,-0.0115,0.5005,0.0142,0.5,0.0263,2.614,1.5,1.5
13.067,1.0771,-0.0055,-0.0109,0.5003,0.0158,0.5,0.0263,2.614,1.5,1.5
13.067,1.0771,-0.0055,-0.0109,0.5003,0.0158,0.5,0.0263,2.614,1.5,1.5
13.083,1.0855,-0.0056,-0.0106,0.5003,0.0159,0.5,0.0263,2.614,1.5,1.5
13.083,1.0855,-0.0056,-0.0106,0.5003,0.0159,0.5,0.0263,2.614,1.5,1.5
13.083,1.0855,-0.0056,-0.0106,0.5003,0.0159,0.5,0.0263,2.614,1.5,1.5
13.117,1.1021,-0.0059,-0.01,0.5001,0.0165,0.5,0.0263,2.614,1.5,1.5
13.133,1.1105,-0.006,-0.0097,0.5,0.0167,0.5,0.0263,2.584,1.5,1.5
13.133,1.1105,-0.006,-0.0097,0.5,0.0167,0.5,0.0,2.584,1.5,1.5
13.133,1.1105,-0.006,-0.0097,0.5,0.0167,0.5,0.0,2.584,1.5,1.5
13.167,1.1271,-0.0063,-0.0091,0.4999,0.0169,0.5,0.0,2.584,1.5,1.5
13.167,1.1271,-0.0063,-0.0091,0.4999,0.0169,0.5,0.0,2.584,1.5,1.5
13.183,1.1355,-0.0064,-0.0088,0.4999,0.017,0.5,0.0,2.584,1.5,1.5
13.2,1.1438,-0.0065,-0.0085,0.4998,0.0172,0.5,0.0,2.584,1.5,1.5
13.2,1.1438,-0.0065,-0.0085,0.4998,0.0172,0.5,0.0,2.584,1.5,1.5
13.2,1.1438,-0.0065,-0.0085,0.4998,0.0172,0.5,0.0,2.584,1.5,1.5
13.233,1.1604,-0.0067,-0.0078,0.4997,0.0176,0.5,0.0,2.5719,1.5,1.5
13.233,1.1604,-0.0067,-0.0078,0.4997,0.0176,0.5,0.0,2.5719,1.5,1.5
13.25,1.1688,-0.0069,-0.0075,0.4997,0.0169,0.5,0.0,2.5719,1.5,1.5
13.25,1.1688,-0.0069,-0.0075,0.4997,0.0169,0.5,0.0,2.5719,1.5,1.5
13.283,1.1854,-0.0071,-0.0069,0.4995,0.02,0.5,0.0,2.5719,1.5,1.5
13.283,1.1854,-0.0071,-0.0069,0.4995,0.02,0.5,0.0,2.5719,1.5,1.5
13.3,1.1938,-0.0072,-0.0067,0.4995,0.02,0.5,0.0,2.5719,1.5,1.5
13.3,1.1938,-0.0072,-0.0067,0.4995,0.02,0.5,0.0,2.5719,1.5,1.5
13.3,1.1938,-0.0072,-0.0067,0.4995,0.02,0.5,0.0,2.5719,1.5,1.5
13.333,1.2104,-0.0073,-0.0062,0.4996,0.0183,0.5,0.0,2.5921,1.5,1.5
13.35,1.2187,-0.0074,-0.0059,0.4997,0.0177,0.5,0.0,2.5921,1.5,1.5
13.35,1.2187,-0.0074,-0.0059,0.4997,0.0177,0.5,0.0,2.5921,1.5,1.5
13.367,1.2271,-0.0075,-0.0057,0.4997,0.0171,0.5,0.0,2.5921,1.5,1.5
13.367,1.2271,-0.0075,-0.0057,0.4997,0.0171,0.5,0.0,2.5921,1.5,1.5
13.367,1.2271,-0.0075,-0.0057,0.4997,0.0171,0.5,0.0,2.5921,1.5,1.5
13.4,1.2437,-0.0077,-0.0053,0.4999,0.016,0.4737,0.0,2.5921,1.5,1.5
13.417,1.2521,-0.0078,-0.005,0.4999,0.0155,0.4737,0.0,2.5921,1.5,1.5
13.417,1.2521,-0.0078,-0.005,0.4999,0.0155,0.5,0.0,2.6195,1.5,1.5
13.417,1.2521,-0.0078,-0.005,0.4999,0.0155,0.5,0.0263,2.6195,1.5,1.5
13.45,1.2687,-0.0079,-0.0046,0.5001,0.0147,0.5,0.0263,2.6195,1.5,1.5
13.45,1.2687,-0.0079,-0.0046,0.5001,0.0147,0.5,0.0263,2.6195,1.5,1.5
13.467,1.2771,-0.008,-0.0043,0.5002,0.0144,0.5,0.0263,2.6195,1.5,1.5
13.467,1.2771,-0.008,-0.0043,0.5002,0.0144,0.5,0.0263,2.6195,1.5,1.5
13.467,1.2771,-0.008,-0.0043,0.5002,0.0144,0.5,0.0263,2.6195,1.5,1.5
13.5,1.2938,-0.0081,-0.0039,0.5003,0.0138,0.5,0.0263,2.6195,1.5,1.5
13.517,1.3021,-0.0082,-0.0037,0.5004,0.0135,0.5,0.0263,2.6195,1.5,1.5
13.517,1.3021,-0.0082,-0.0037,0.5004,0.0135,0.5,0.0263,2.5886,1.5,1.5
13.533,1.3102,-0.0082,-0.0035,0.4796,0.013,0.5,0.0263,2.5886,1.5,1.5
13.533,1.3102,-0.0082,-0.0035,0.4796,0.013,0.5,0.0263,2.5886,1.5,1.5
13.533,1.3102,-0.0082,-0.0035,0.4796,0.013,0.5,0.0263,2.5886,1.5,1.5
13.567,1.3267,-0.0084,-0.003,0.4998,0.0072,0.5,0.0263,2.5886,1.5,1.5
13.583,1.3351,-0.0084,-0.0028,0.5007,0.0105,0.5,0.0263,2.5886,1.5,1.5
13.583,1.3351,-0.0084,-0.0028,0.5007,0.0105,0.4737,0.0263,2.5886,1.5,1.5
13.583,1.3351,-0.0084,-0.0028,0.5007,0.0105,0.4737,0.0263,2.5886,1.5,1.5
13.617,1.3518,-0.0086,-0.0023,0.5008,0.0126,0.4737,0.0263,2.5886,1.5,1.5
13.633,1.3601,-0.0086,-0.0018,0.5008,0.0127,0.5,0.0263,2.6216,1.5,1.5
13.633,1.3601,-0.0086,-0.0018,0.5008,0.0127,0.5,0.0263,2.6216,1.5,1.5
13.633,1.3601,-0.0086,-0.0018,0.5008,0.0127,0.5,0.0,2.6216,1.5,1.5
13.667,1.3768,-0.0088,-0.0014,0.5009,0.0145,0.5,0.0,2.6216,1.5,1.5
13.667,1.3768,-0.0088,-0.0014,0.5009,0.0145,0.5,0.0,2.6216,1.5,1.5
13.683,1.3852,-0.0088,-0.0007,0.5009,0.0151,0.5,0.0,2.6216,1.5,1.5
13.7,1.3935,-0.0089,0.0,0.5009,0.0155,0.4737,0.0,2.6216,1.5,1.5
13.7,1.3935,-0.0089,0.0,0.5009,0.0155,0.4737,-0.0263,2.6216,1.5,1.5
13.7,1.3935,-0.0089,0.0,0.5009,0.0155,0.4737,-0.0263,2.6216,1.5,1.5
13.733,1.4096,-0.009,0.0,0.4757,0.0157,0.4737,-0.0263,2.6258,1.5,1.5
13.733,1.4096,-0.009,0.0,0.4757,0.0157,0.5,0.0,2.6258,1.5,1.5
13.75,1.4175,-0.009,0.0,0.4747,0.0162,0.5,0.0,2.6258,1.5,1.5
13.75,1.4175,-0.009,0.0,0.4747,0.0162,0.5,0.0,2.6258,1.5,1.5
13.75,1.4175,-0.009,0.0,0.4747,0.0162,0.5,0.0,2.6258,1.5,1.5
13.783,1.4339,-0.0091,0.0007,0.4992,0.0218,0.5,0.0,2.6258,1.5,1.5
13.8,1.4422,-0.0092,0.0,0.5003,0.0207,0.5,0.0,2.6258,1.5,1.5
13.8,1.4422,-0.0092,0.0,0.5003,0.0207,0.5,0.0,2.6258,1.5,1.5
13.8,1.4422,-0.0092,0.0,0.5003,0.0207,0.5,0.0,2.6258,1.5,1.5
13.833,1.4587,-0.0092,0.0012,0.4801,0.0217,0.5,0.0,2.6205,1.5,1.5
13.833,1.4587,-0.0092,0.0012,0.4801,0.0217,0.5,-0.0263,2.6205,1.5,1.5
13.85,1.4667,-0.0092,0.0014,0.4753,0.0149,0.5,-0.0263,2.6205,1.5,1.5
13.867,1.4746,-0.0092,0.0015,0.4742,0.0146,0.5,-0.0263,2.6205,1.5,1.5
13.867,1.4746,-0.0092,0.0015,0.4742,0.0146,0.5,-0.0263,2.6205,1.5,1.5
13.867,1.4746,-0.0092,0.0015,0.4742,0.0146,0.5,-0.0263,2.6205,1.5,1.5
13.9,1.491,-0.0093,0.0021,0.499,0.0137,0.5,-0.0263,2.6205,1.5,1.5
13.9,1.491,-0.0093,0.0021,0.499,0.0137,0.4737,-0.0263,2.6205,1.5,1.5
13.917,1.4993,-0.0093,0.0021,0.4999,0.0139,0.4737,-0.0263,2.6205,1.5,1.5
13.917,1.4993,-0.0093,0.0021,0.4999,0.0139,0.4737,-0.0263,2.6696,1.5,1.5
13.95,1.516,-0.0093,0.0024,0.4999,0.0124,0.4737,-0.0263,2.6696,1.5,1.5
13.95,1.516,-0.0093,0.0024,0.4999,0.0124,0.5,-0.0263,2.6696,1.5,1.5
13.967,1.5243,-0.0093,0.0025,0.4999,0.0111,0.5,-0.0263,2.6696,1.5,1.5
13.967,1.5243,-0.0093,0.0025,0.4999,0.0111,0.5,-0.0263,2.6696,1.5,1.5
13.967,1.5243,-0.0093,0.0025,0.4999,0.0111,0.5,-0.0263,2.6696,1.5,1.5
14.0,1.541,-0.0092,0.0026,0.4996,0.0132,0.5,-0.0263,2.6696,1.5,1.5
14.017,1.5493,-0.0092,0.0027,0.4998,0.0089,0.5,-0.0263,2.6696,1.5,1.5
14.017,1.5493,-0.0092,0.0027,0.4998,0.0089,0.5,-0.0263,2.6157,1.5,1.5
14.033,1.5576,-0.0092,0.0026,0.4997,0.0077,0.5,-0.0263,2.6157,1.5,1.5
14.033,1.5576,-0.0092,0.0026,0.4997,0.0077,0.5,-0.0263,2.6157,1.5,1.5
14.033,1.5576,-0.0092,0.0026,0.4997,0.0077,0.5,-0.0263,2.6157,1.5,1.5
14.067,1.5737,-0.0091,0.0025,0.4744,0.0052,0.5,-0.0263,2.6157,1.5,1.5
14.083,1.5816,-0.0091,0.0026,0.4735,0.0041,0.5,-0.0263,2.6157,1.5,1.5
14.083,1.5816,-0.0091,0.0026,0.4735,0.0041,0.5,-0.0263,2.6157,1.5,1.5
14.083,1.5816,-0.0091,0.0026,0.4735,0.0041,0.5,-0.0263,2.6157,1.5,1.5
14.117,1.5979,-0.009,0.0023,0.4983,0.0021,0.4737,-0.0263,2.6157,1.5,1.5
14.117,1.5979,-0.009,0.0023,0.4983,0.0021,0.4737,-0.0263,2.6157,1.5,1.5
14.133,1.6063,-0.009,0.0024,0.4994,0.0005,0.4737,-0.0263,2.6682,1.5,1.5
14.133,1.6063,-0.009,0.0024,0.4994,0.0005,0.5,-0.0263,2.6682,1.5,1.5
14.133,1.6063,-0.009,0.0024,0.4994,0.0005,0.5,-0.0263,2.6682,1.5,1.5
14.167,1.6229,-0.0089,0.0022,0.4996,-0.0015,0.5,-0.0263,2.6682,1.5,1.5
14.183,1.6312,-0.0089,0.002,0.4997,-0.0025,0.5,-0.0263,2.6682,1.5,1.5
14.183,1.6312,-0.0089,0.002,0.4997,-0.0025,0.5,-0.0263,2.6682,1.5,1.5
14.2,1.6396,-0.0088,0.0018,0.4997,-0.0034,0.5,-0.0263,2.6682,1.5,1.5
14.2,1.6396,-0.0088,0.0018,0.4997,-0.0034,0.5,-0.0263,2.6682,1.5,1.5
14.2,1.6396,-0.0088,0.0018,0.4997,-0.0034,0.5,-0.0263,2.6171,1.5,1.5
14.233,1.6562,-0.0088,0.0014,0.4999,-0.0051,0.5,-0.0263,2.6171,1.5,1.5
14.25,1.6644,-0.0087,0.0012,0.4791,-0.0048,0.5,-0.0263,2.6171,1.5,1.5
14.25,1.6644,-0.0087,0.0012,0.4791,-0.0048,0.5,-0.0263,2.6171,1.5,1.5
14.25,1.6644,-0.0087,0.0012,0.4791,-0.0048,0.5,-0.0263,2.6171,1.5,1.5
14.283,1.6804,-0.0086,0.001,0.4951,-0.0115,0.5,-0.0263,2.6171,1.5,1.5
14.283,1.6804,-0.0086,0.001,0.4951,-0.0115,0.5,-0.0263,2.6171,1.5,1.5
14.3,1.6887,-0.0086,0.0,0.4986,-0.0054,0.5,0.0,2.6171,1.5,1.5
14.3,1.6887,-0.0086,0.0,0.4986,-0.0054,0.5,0.0,2.6171,1.5,1.5
14.3,1.6887,-0.0086,0.0,0.4986,-0.0054,0.5,0.0,2.6348,1.5,1.5
14.333,1.7054,-0.0085,0.0,0.5001,-0.0085,0.5,0.0263,2.6348,1.5,1.5
14.35,1.7137,-0.0085,0.0,0.5004,-0.0089,0.5,0.0263,2.6348,1.5,1.5
14.35,1.7137,-0.0085,0.0,0.5004,-0.0089,0.5,0.0263,2.6348,1.5,1.5
14.367,1.7221,-0.0085,0.0,0.5004,-0.01,0.5,0.0263,2.6348,1.5,1.5
14.367,1.7221,-0.0085,0.0,0.5004,-0.01,0.5,0.0263,2.6348,1.5,1.5
14.4,1.7388,-0.0084,0.0,0.5005,-0.0109,0.5,0.0263,2.6348,1.5,1.5
14.4,1.7388,-0.0084,0.0,0.5005,-0.0109,0.5,0.0263,2.6348,1.5,1.5
14.417,1.7471,-0.0084,-0.0,0.5006,-0.0111,0.5,0.0263,2.6348,1.5,1.5
14.417,1.7471,-0.0084,-0.0,0.5006,-0.0111,0.5,0.0263,2.6391,1.5,1.5
14.417,1.7471,-0.0084,-0.0,0.5006,-0.0111,0.5,0.0263,2.6391,1.5,1.5
14.45,1.7638,-0.0083,0.0,0.5006,-0.0135,0.5,0.0263,2.6391,1.5,1.5
14.467,1.7722,-0.0083,-0.0007,0.5005,-0.0124,0.5,0.0263,2.6391,1.5,1.5
14.467,1.7722,-0.0083,-0.0007,0.5005,-0.0124,0.5,0.0263,2.6391,1.5,1.5
14.467,1.7722,-0.0083,-0.0007,0.5005,-0.0124,0.5,0.0263,2.6391,1.5,1.5
14.5,1.7888,-0.0083,-0.0007,0.5005,-0.0099,0.5,0.0263,2.6391,1.5,1.5
14.5,1.7888,-0.0083,-0.0007,0.5005,-0.0099,0.4737,0.0263,2.6391,1.5,1.5
14.517,1.7972,-0.0083,-0.0012,0.5008,-0.008,0.4737,0.0263,2.6391,1.5,1.5
14.533,1.8055,-0.0083,-0.0007,0.5006,-0.0088,0.4737,0.0263,2.6427,1.5,1.5
14.533,1.8055,-0.0083,-0.0007,0.5006,-0.0088,0.5,0.0,2.6427,1.5,1.5
14.533,1.8055,-0.0083,-0.0007,0.5006,-0.0088,0.5,0.0,2.6427,1.5,1.5
14.567,1.8222,-0.0083,-0.0012,0.5008,-0.0072,0.5,0.0,2.6427,1.5,1.5
14.567,1.8222,-0.0083,-0.0012,0.5008,-0.0072,0.5,0.0,2.6427,1.5,1.5
14.583,1.8306,-0.0084,-0.001,0.5006,-0.0066,0.5,0.0,2.6427,1.5,1.5
14.583,1.8306,-0.0084,-0.001,0.5006,-0.0066,0.5,0.0,2.6427,1.5,1.5
14.583,1.8306,-0.0084,-0.001,0.5006,-0.0066,0.5,0.0,2.6427,1.5,1.5
14.617,1.8473,-0.0084,-0.001,0.5006,-0.0038,0.5,0.0,2.6427,1.5,1.5
14.633,1.8554,-0.0084,-0.0007,0.4797,-0.0021,0.5,0.0,2.6434,1.5,1.5
14.633,1.8554,-0.0084,-0.0007,0.4797,-0.0021,0.5,0.0,2.6434,1.5,1.5
14.633,1.8554,-0.0084,-0.0007,0.4797,-0.0021,0.5,0.0,2.6434,1.5,1.5
14.667,1.8713,-0.0085,0.0,0.4743,-0.001,0.5,0.0,2.6434,1.5,1.5
14.667,1.8713,-0.0085,0.0,0.4743,-0.001,0.5,0.0,2.6434,1.5,1.5
14.683,1.8794,-0.0085,0.0,0.4949,0.0055,0.5,0.0,2.6434,1.5,1.5
14.7,1.8877,-0.0085,0.0,0.4992,0.0029,0.5,0.0,2.6434,1.5,1.5
14.7,1.8877,-0.0085,0.0,0.4992,0.0029,0.5,0.0,2.6434,1.5,1.5
14.7,1.8877,-0.0085,0.0,0.4992,0.0029,0.5,0.0,2.6434,1.5,1.5
14.733,1.9043,-0.0085,0.0,0.5001,0.0031,0.5,0.0,2.6387,1.5,1.5
14.733,1.9043,-0.0085,0.0,0.5001,0.0031,0.5,0.0,2.6387,1.5,1.5
14.75,1.9127,-0.0085,-0.0007,0.5001,0.0028,0.5,0.0,2.6387,1.5,1.5
14.75,1.9127,-0.0085,-0.0007,0.5001,0.0028,0.5,0.0,2.6387,1.5,1.5
14.75,1.9127,-0.0085,-0.0007,0.5001,0.0028,0.5,0.0,2.6387,1.5,1.5
14.783,1.9293,-0.0085,0.0,0.4999,0.0022,0.5,0.0,2.6387,1.5,1.5
14.8,1.9377,-0.0085,-0.0007,0.4999,0.0019,0.5,0.0,2.6387,1.5,1.5
14.8,1.9377,-0.0085,-0.0007,0.4999,0.0019,0.5,0.0,2.6387,1.5,1.5
14.8,1.9377,-0.0085,-0.0007,0.4999,0.0019,0.5,0.0,2.6387,1.5,1.5
14.833,1.9543,-0.0086,0.0,0.4997,0.0014,0.5,0.0,2.6186,1.5,1.5
14.833,1.9543,-0.0086,0.0,0.4997,0.0014,0.5,0.0,2.6186,1.5,1.5
14.85,1.9626,-0.0086,0.0,0.4997,0.0006,0.5,0.0,2.6186,1.5,1.5
14.867,1.971,-0.0086,-0.0007,0.4996,0.0009,0.5,0.0,2.6186,1.5,1.5
14.867,1.971,-0.0086,-0.0007,0.4996,0.0009,0.5,0.0,2.6186,1.5,1.5
14.867,1.971,-0.0086,-0.0007,0.4996,0.0009,0.5,0.0,2.6186,1.5,1.5
14.9,1.9876,-0.0086,0.0,0.4995,0.0002,0.5,0.0,2.6186,1.5,1.5
14.9,1.9876,-0.0086,0.0,0.4995,0.0002,0.4737,-0.0263,2.6186,1.5,1.5
14.917,1.996,-0.0086,0.0,0.4995,0.0005,0.4737,-0.0263,2.6186,1.5,1.5
14.917,1.996,-0.0086,0.0,0.4995,0.0005,0.4737,-0.0263,2.6205,1.5,1.5
14.917,1.996,-0.0086,0.0,0.4995,0.0005,0.4737,-0.0263,2.6205,1.5,1.5
14.95,2.0126,-0.0086,0.0,0.4995,-0.0,0.5,0.0,2.6205,1.5,1.5
14.967,2.0209,-0.0086,0.0,0.4995,-0.0002,0.5,0.0,2.6205,1.5,1.5
14.967,2.0209,-0.0086,0.0,0.4995,-0.0002,0.5,0.0,2.6205,1.5,1.5
14.967,2.0209,-0.0086,0.0,0.4995,-0.0002,0.5,0.0,2.6205,1.5,1.5
15.0,2.0376,-0.0086,0.0,0.4997,-0.0006,0.5,0.0,2.6205,1.5,1.5
15.017,2.0459,-0.0086,-0.0007,0.4997,-0.0002,0.5,0.0,2.6205,1.5,1.5
15.017,2.0459,-0.0086,-0.0007,0.4997,-0.0002,0.5,0.0,2.6396,1.5,1.5
15.033,2.0543,-0.0086,0.0,0.4998,-0.0004,0.5,0.0,2.6396,1.5,1.5
15.033,2.0543,-0.0086,0.0,0.4998,-0.0004,0.5,0.0,2.6396,1.5,1.5
15.033,2.0543,-0.0086,0.0,0.4998,-0.0004,0.5,0.0,2.6396,1.5,1.5
15.033,2.0543,-0.0086,0.0,0.4998,-0.0004,0.5,0.0,2.6396,1.5,1.5
15.067,2.0703,-0.0086,-0.0007,0.4748,0.0019,0.5,0.0,2.6396,1.5,1.5
15.083,2.0784,-0.0086,0.0,0.4949,-0.0077,0.5,0.0,2.6396,1.5,1.5
15.083,2.0784,-0.0086,0.0,0.4949,-0.0077,0.5,0.0,2.6396,1.5,1.5
15.083,2.0784,-0.0086,0.0,0.4949,-0.0077,0.5,0.0,2.6396,1.5,1.5
15.117,2.0951,-0.0086,0.0,0.4999,-0.002,0.5,0.0,2.6396,1.5,1.5
15.117,2.0951,-0.0086,0.0,0.4999,-0.002,0.5,0.0,2.6396,1.5,1.5
15.133,2.1034,-0.0086,-0.0007,0.5001,-0.0022,0.5,0.0,2.6379,1.5,1.5
15.133,2.1034,-0.0086,-0.0007,0.5001,-0.0022,0.5,0.0,2.6379,1.5,1.5
15.133,2.1034,-0.0086,-0.0007,0.5001,-0.0022,0.5,0.0,2.6379,1.5,1.5
15.167,2.1201,-0.0086,0.0,0.5003,-0.0014,0.5,0.0,2.6379,1.5,1.5
15.183,2.1284,-0.0086,0.0,0.5004,-0.0009,0.5,0.0,2.6379,1.5,1.5
15.183,2.1284,-0.0086,0.0,0.5004,-0.0009,0.5,0.0,2.6379,1.5,1.5
15.2,2.1368,-0.0086,-0.0007,0.5005,-0.0012,0.5,0.0,2.6379,1.5,1.5
15.2,2.1368,-0.0086,-0.0007,0.5005,-0.0012,0.5,0.0,2.6379,1.5,1.5
15.2,2.1368,-0.0086,-0.0007,0.5005,-0.0012,0.5,0.0,2.6255,1.5,1.5
15.233,2.1535,-0.0087,0.0,0.5006,-0.0001,0.5,0.0,2.6255,1.5,1.5
15.25,2.1618,-0.0087,-0.0007,0.5006,-0.0005,0.5,0.0,2.6255,1.5,1.5
15.25,2.1618,-0.0087,-0.0007,0.5006,-0.0005,0.5,0.0,2.6255,1.5,1.5
15.25,2.1618,-0.0087,-0.0007,0.5006,-0.0005,0.5,0.0,2.6255,1.5,1.5
15.25,2.1618,-0.0087,-0.0007,0.5006,-0.0005,0.5,0.0,2.6255,1.5,1.5
15.283,2.1785,-0.0087,-0.0007,0.5007,0.0002,0.5,0.0,2.6255,1.5,1.5
15.283,2.1785,-0.0087,-0.0007,0.5007,0.0002,0.5,0.0,2.6255,1.5,1.5
15.3,2.1869,-0.0087,-0.0007,0.5008,-0.0002,0.5,0.0,2.6255,1.5,1.5
15.3,2.1869,-0.0087,-0.0007,0.5008,-0.0002,0.5,0.0,2.6255,1.5,1.5
15.3,2.1869,-0.0087,-0.0007,0.5008,-0.0002,0.5,0.0,2.6255,1.5,1.5
15.333,2.2036,-0.0087,0.0,0.5008,0.0016,0.5,0.0,2.6241,1.5,1.5
15.333,2.2036,-0.0087,0.0,0.5008,0.0016,0.5,0.0,2.6241,1.5,1.5
15.35,2.2119,-0.0087,-0.0007,0.5008,0.0004,0.5,0.0,2.6241,1.5,1.5
15.367,2.2202,-0.0087,0.0,0.5008,0.0002,0.5,0.0,2.6241,1.5,1.5
15.367,2.2202,-0.0087,0.0,0.5008,0.0002,0.5,0.0,2.6241,1.5,1.5
15.367,2.2202,-0.0087,0.0,0.5008,0.0002,0.5,0.0,2.6241,1.5,1.5
15.4,2.2369,-0.0088,-0.0007,0.5007,0.0007,0.5,0.0,2.6241,1.5,1.5
15.417,2.2453,-0.0088,-0.0007,0.5006,0.0012,0.4737,0.0,2.6241,1.5,1.5
15.417,2.2453,-0.0088,-0.0007,0.5006,0.0012,0.4737,0.0,2.6042,1.5,1.5
15.417,2.2453,-0.0088,-0.0007,0.5006,0.0012,0.4737,0.0,2.6042,1.5,1.5
15.45,2.262,-0.0088,0.0,0.5006,0.0011,0.4737,0.0,2.6042,1.5,1.5
15.45,2.262,-0.0088,0.0,0.5006,0.0011,0.5,0.0,2.6042,1.5,1.5
15.467,2.2703,-0.0088,0.0,0.5005,0.0009,0.5,0.0,2.6042,1.5,1.5
15.467,2.2703,-0.0088,0.0,0.5005,0.0009,0.5,0.0,2.6042,1.5,1.5
15.467,2.2703,-0.0088,0.0,0.5005,0.0009,0.5,0.0,2.6042,1.5,1.5
15.5,2.287,-0.0088,0.0,0.5004,0.0007,0.4737,-0.0263,2.6042,1.5,1.5
15.517,2.2953,-0.0088,-0.0007,0.5003,0.0006,0.4737,-0.0263,2.6042,1.5,1.5
15.517,2.2953,-0.0088,-0.0007,0.5003,0.0006,0.4737,0.0,2.638,1.5,1.5
15.533,2.3037,-0.0088,0.0,0.5002,0.0004,0.5,0.0,2.638,1.5,1.5
15.533,2.3037,-0.0088,0.0,0.5002,0.0004,0.5,0.0,2.638,1.5,1.5
15.533,2.3037,-0.0088,0.0,0.5002,0.0004,0.5,0.0,2.638,1.5,1.5
15.567,2.3197,-0.0088,0.0,0.4749,-0.0002,0.5,0.0,2.638,1.5,1.5
15.583,2.3276,-0.0088,0.0,0.4739,-0.0002,0.5,0.0,2.638,1.5,1.5
15.583,2.3276,-0.0088,0.0,0.4739,-0.0002,0.5,0.0,2.638,1.5,1.5
15.583,2.3276,-0.0088,0.0,0.4739,-0.0002,0.5,0.0,2.638,1.5,1.5
15.617,2.344,-0.0088,0.0,0.4989,-0.0013,0.5,0.0,2.638,1.5,1.5
15.633,2.3521,-0.0088,-0.0007,0.4788,0.0052,0.5,0.0,2.6442,1.5,1.5
15.633,2.3521,-0.0088,-0.0007,0.4788,0.0052,0.5,0.0,2.6442,1.5,1.5
15.633,2.3521,-0.0088,-0.0007,0.4788,0.0052,0.5,0.0,2.6442,1.5,1.5
15.667,2.368,-0.0088,-0.001,0.4735,-0.0058,0.5,0.0,2.6442,1.5,1.5
15.667,2.368,-0.0088,-0.001,0.4735,-0.0058,0.5,0.0,2.6442,1.5,1.5
15.683,2.3761,-0.0088,-0.0007,0.4942,-0.003,0.5,0.0,2.6442,1.5,1.5
15.7,2.3844,-0.0088,-0.0007,0.4984,-0.004,0.5,0.0,2.6442,1.5,1.5
15.7,2.3844,-0.0088,-0.0007,0.4984,-0.004,0.4737,0.0,2.6442,1.5,1.5
15.7,2.3844,-0.0088,-0.0007,0.4984,-0.004,0.4737,0.0,2.6442,1.5,1.5
15.7,2.3844,-0.0088,-0.0007,0.4984,-0.004,0.4737,0.0,2.6488,1.5,1.5
15.733,2.401,-0.0088,-0.001,0.4995,-0.0039,0.5,0.0,2.6488,1.5,1.5
15.75,2.4093,-0.0088,-0.001,0.4995,-0.004,0.5,0.0,2.6488,1.5,1.5
15.75,2.4093,-0.0088,-0.001,0.4995,-0.004,0.5,0.0,2.6488,1.5,1.5
15.75,2.4093,-0.0088,-0.001,0.4995,-0.004,0.5,0.0,2.6488,1.5,1.5
15.783,2.426,-0.0088,-0.0012,0.4995,-0.0033,0.5,0.0,2.6488,1.5,1.5
15.8,2.4343,-0.0088,-0.001,0.4996,-0.0033,0.5,0.0,2.6488,1.5,1.5
15.8,2.4343,-0.0088,-0.001,0.4996,-0.0033,0.5,0.0,2.6488,1.5,1.5
15.8,2.4343,-0.0088,-0.001,0.4996,-0.0033,0.5,0.0,2.6488,1.5,1.5
15.833,2.451,-0.0088,-0.0012,0.4996,-0.0031,0.5,0.0,2.6118,1.5,1.5
15.833,2.451,-0.0088,-0.0012,0.4996,-0.0031,0.5,0.0263,2.6118,1.5,1.5
15.85,2.4591,-0.0088,-0.0012,0.4789,-0.003,0.5,0.0263,2.6118,1.5,1.5
15.867,2.467,-0.0088,-0.0014,0.4747,-0.0036,0.5,0.0263,2.6118,1.5,1.5
15.867,2.467,-0.0088,-0.0014,0.4747,-0.0036,0.5,0.0263,2.6118,1.5,1.5
15.867,2.467,-0.0088,-0.0014,0.4747,-0.0036,0.5,0.0263,2.6118,1.5,1.5
15.9,2.4834,-0.0088,-0.0014,0.4988,-0.0027,0.5,0.0263,2.6118,1.5,1.5
15.9,2.4834,-0.0088,-0.0014,0.4988,-0.0027,0.4737,0.0263,2.6118,1.5,1.5
15.917,2.4918,-0.0089,-0.0014,0.4998,-0.0027,0.4737,0.0263,2.6118,1.5,1.5
15.917,2.4918,-0.0089,-0.0014,0.4998,-0.0027,0.4737,0.0263,2.6133,1.5,1.5
15.917,2.4918,-0.0089,-0.0014,0.4998,-0.0027,0.4737,0.0263,2.6133,1.5,1.5
15.95,2.5084,-0.0089,-0.0014,0.5002,-0.0028,0.5,0.0263,2.6133,1.5,1.5
15.967,2.5168,-0.0089,-0.0014,0.5002,-0.0065,0.5,0.0263,2.6133,1.5,1.5
15.967,2.5168,-0.0089,-0.0014,0.5002,-0.0065,0.5,0.0263,2.6133,1.5,1.5
15.967,2.5168,-0.0089,-0.0014,0.5002,-0.0065,0.5,0.0263,2.6133,1.5,1.5
16.0,2.5335,-0.0089,-0.0012,0.5004,-0.0026,0.5,0.0263,2.6133,1.5,1.5
16.0,2.5335,-0.0089,-0.0012,0.5004,-0.0026,0.5,0.0263,2.6133,1.5,1.5
16.017,2.5418,-0.009,-0.001,0.5005,-0.0017,0.5,0.0263,2.6133,1.5,1.5
16.033,2.55,-0.009,-0.0012,0.4798,0.0007,0.5,0.0263,2.6703,1.5,1.5
16.033,2.55,-0.009,-0.0012,0.4798,0.0007,0.5,0.0263,2.6703,1.5,1.5
16.033,2.55,-0.009,-0.0012,0.4798,0.0007,0.5,0.0263,2.6703,1.5,1.5
16.067,2.5658,-0.0091,-0.0007,0.4746,0.0008,0.5,0.0263,2.6703,1.5,1.5
16.067,2.5658,-0.0091,-0.0007,0.4746,0.0008,0.5,0.0263,2.6703,1.5,1.5
16.083,2.5739,-0.0091,-0.0,0.4954,0.0012,0.5,0.0263,2.6703,1.5,1.5
16.083,2.5739,-0.0091,-0.0,0.4954,0.0012,0.5,0.0263,2.6703,1.5,1.5
16.083,2.5739,-0.0091,-0.0,0.4954,0.0012,0.5,0.0263,2.6703,1.5,1.5
16.117,2.5906,-0.0092,-0.0,0.5006,0.0047,0.5,0.0263,2.6703,1.5,1.5
16.133,2.5989,-0.0092,0.0,0.5009,0.0064,0.5,0.0263,2.6492,1.5,1.5
16.133,2.5989,-0.0092,0.0,0.5009,0.0064,0.4737,-0.0263,2.6492,1.5,1.5
16.133,2.5989,-0.0092,0.0,0.5009,0.0064,0.4737,-0.0263,2.6492,1.5,1.5
16.167,2.6156,-0.0093,0.0,0.5009,0.0081,0.4737,-0.0263,2.6492,1.5,1.5
16.167,2.6156,-0.0093,0.0,0.5009,0.0081,0.5,0.0,2.6492,1.5,1.5
16.183,2.624,-0.0093,0.0,0.5009,0.0089,0.5,0.0,2.6492,1.5,1.5
16.2,2.6323,-0.0093,0.0,0.5009,0.0096,0.5,0.0,2.6492,1.5,1.5
16.2,2.6323,-0.0093,0.0,0.5009,0.0096,0.5,0.0,2.6492,1.5,1.5
16.2,2.6323,-0.0093,0.0,0.5009,0.0096,0.5,0.0,2.6492,1.5,1.5
16.233,2.649,-0.0094,0.001,0.5008,0.011,0.5,0.0,2.6527,1.5,1.5
16.233,2.649,-0.0094,0.001,0.5008,0.011,0.5,0.0,2.6527,1.5,1.5
16.25,2.6574,-0.0094,0.001,0.5008,0.0117,0.5,0.0,2.6527,1.5,1.5
16.25,2.6574,-0.0094,0.001,0.5008,0.0117,0.5,0.0,2.6527,1.5,1.5
16.25,2.6574,-0.0094,0.001,0.5008,0.0117,0.5,0.0,2.6527,1.5,1.5
16.283,2.6734,-0.0094,0.0014,0.4753,0.014,0.5,-0.0263,2.6527,1.5,1.5
16.3,2.6816,-0.0095,0.0014,0.495,0.0152,0.5,-0.0263,2.6527,1.5,1.5
16.3,2.6816,-0.0095,0.0014,0.495,0.0152,0.4737,-0.0263,2.6527,1.5,1.5
16.3,2.6816,-0.0095,0.0014,0.495,0.0152,0.4737,-0.0263,2.6527,1.5,1.5
16.333,2.6982,-0.0095,0.0017,0.5001,0.0115,0.4737,-0.0263,2.6087,1.5,1.5
16.333,2.6982,-0.0095,0.0017,0.5001,0.0115,0.4737,-0.0263,2.6087,1.5,1.5
16.35,2.7065,-0.0095,0.0017,0.5003,0.011,0.5,-0.0263,2.6087,1.5,1.5
16.367,2.7149,-0.0095,0.0021,0.5002,0.0108,0.5,-0.0263,2.6087,1.5,1.5
16.367,2.7149,-0.0095,0.0021,0.5002,0.0108,0.5,-0.0263,2.6087,1.5,1.5
16.367,2.7149,-0.0095,0.0021,0.5002,0.0108,0.5,-0.0263,2.6087,1.5,1.5
16.4,2.7315,-0.0095,0.0023,0.5001,0.009,0.5,-0.0263,2.6087,1.5,1.5
16.4,2.7315,-0.0095,0.0023,0.5001,0.009,0.5,-0.0263,2.6087,1.5,1.5
16.417,2.7399,-0.0095,0.0022,0.5,0.0084,0.5,-0.0263,2.6087,1.5,1.5
16.417,2.7399,-0.0095,0.0022,0.5,0.0084,0.5,-0.0263,2.607,1.5,1.5
16.417,2.7399,-0.0095,0.0022,0.5,0.0084,0.5,-0.0263,2.607,1.5,1.5
16.45,2.7559,-0.0094,0.0022,0.4749,0.0084,0.5,-0.0263,2.607,1.5,1.5
16.467,2.7638,-0.0094,0.0024,0.4738,0.0078,0.5,-0.0263,2.607,1.5,1.5
16.467,2.7638,-0.0094,0.0024,0.4738,0.0078,0.5,-0.0263,2.607,1.5,1.5
16.467,2.7638,-0.0094,0.0024,0.4738,0.0078,0.5,-0.0263,2.607,1.5,1.5
16.5,2.7802,-0.0093,0.0022,0.4985,0.0056,0.5,-0.0263,2.607,1.5,1.5
16.5,2.7802,-0.0093,0.0022,0.4985,0.0056,0.4737,-0.0263,2.607,1.5,1.5
16.517,2.7885,-0.0093,0.0022,0.4994,0.004,0.4737,-0.0263,2.607,1.5,1.5
16.533,2.7969,-0.0093,0.0022,0.4995,0.0028,0.4737,-0.0263,2.6143,1.5,1.5
16.533,2.7969,-0.0093,0.0022,0.4995,0.0028,0.4737,-0.0263,2.6143,1.5,1.5
16.533,2.7969,-0.0093,0.0022,0.4995,0.0028,0.4737,-0.0263,2.6143,1.5,1.5
16.567,2.8135,-0.0092,0.002,0.4995,0.0002,0.4737,-0.0263,2.6143,1.5,1.5
16.583,2.8218,-0.0092,0.0018,0.4995,-0.0011,0.5,-0.0263,2.6143,1.5,1.5
16.583,2.8218,-0.0092,0.0018,0.4995,-0.0011,0.5,-0.0263,2.6143,1.5,1.5
16.583,2.8218,-0.0092,0.0018,0.4995,-0.0011,0.5,-0.0263,2.6143,1.5,1.5
16.617,2.8385,-0.0091,0.0015,0.4996,-0.0029,0.5,-0.0263,2.6143,1.5,1.5
16.617,2.8385,-0.0091,0.0015,0.4996,-0.0029,0.5,-0.0263,2.6298,1.5,1.5
16.633,2.8466,-0.0091,0.0014,0.4788,-0.0029,0.5,-0.0263,2.6298,1.5,1.5
16.633,2.8466,-0.0091,0.0014,0.4788,-0.0029,0.5,-0.0263,2.6298,1.5,1.5
16.633,2.8466,-0.0091,0.0014,0.4788,-0.0029,0.5,-0.0263,2.6298,1.5,1.5
16.667,2.8625,-0.009,0.001,0.4736,-0.0051,0.5,-0.0263,2.6298,1.5,1.5
16.683,2.8704,-0.009,0.001,0.4735,-0.0059,0.5,-0.0263,2.6298,1.5,1.5
16.683,2.8704,-0.009,0.001,0.4735,-0.0059,0.5,-0.0263,2.6298,1.5,1.5
16.7,2.8782,-0.0089,0.0007,0.4735,-0.0067,0.4737,0.0,2.6298,1.5,1.5
16.7,2.8782,-0.0089,0.0007,0.4735,-0.0067,0.4737,0.0,2.6298,1.5,1.5
16.7,2.8782,-0.0089,0.0007,0.4735,-0.0067,0.4737,0.0,2.6517,1.5,1.5
16.733,2.8946,-0.0088,0.0,0.4983,-0.0068,0.4737,-0.0263,2.6517,1.5,1.5
16.75,2.903,-0.0088,0.0,0.4998,-0.0093,0.4737,-0.0263,2.6517,1.5,1.5
16.75,2.903,-0.0088,0.0,0.4998,-0.0093,0.5,0.0,2.6517,1.5,1.5
16.75,2.903,-0.0088,0.0,0.4998,-0.0093,0.5,0.0,2.6517,1.5,1.5
16.783,2.9196,-0.0087,0.0,0.5002,-0.0098,0.5,0.0,2.6517,1.5,1.5
16.783,2.9196,-0.0087,0.0,0.5002,-0.0098,0.5,0.0,2.6517,1.5,1.5
16.8,2.928,-0.0087,0.0,0.5003,-0.0103,0.5,0.0,2.6517,1.5,1.5
16.8,2.928,-0.0087,0.0,0.5003,-0.0103,0.5,0.0,2.6517,1.5,1.5
16.833,2.9447,-0.0086,0.0,0.5004,-0.0118,0.5,0.0,2.6396,1.5,1.5
16.833,2.9447,-0.0086,0.0,0.5004,-0.0118,0.5,0.0,2.6396,1.5,1.5
16.85,2.9528,-0.0086,0.0,0.4796,-0.0167,0.4737,-0.0263,2.6396,1.5,1.5
16.867,2.9607,-0.0086,-0.0007,0.4753,-0.0076,0.5,0.0,2.6396,1.5,1.5
16.867,2.9607,-0.0086,-0.0007,0.4753,-0.0076,0.5,0.0,2.6396,1.5,1.5
16.867,2.9607,-0.0086,-0.0007,0.4753,-0.0076,0.5,0.0,2.6396,1.5,1.5
16.9,2.9772,-0.0086,-0.0015,0.4994,-0.0141,0.5,0.0,2.6396,1.5,1.5
16.9,2.9772,-0.0086,-0.0015,0.4994,-0.0141,0.5,0.0,2.6396,1.5,1.5
16.917,2.9855,-0.0086,-0.0014,0.5003,-0.0137,0.5,0.0,2.6396,1.5,1.5
16.917,2.9855,-0.0086,-0.0014,0.5003,-0.0137,0.5,0.0,2.6307,1.5,1.5
16.917,2.9855,-0.0086,-0.0014,0.5003,-0.0137,0.5,0.0,2.6307,1.5,1.5
16.95,3.0022,-0.0085,-0.002,0.5006,-0.0123,0.5,0.0,2.6307,1.5,1.5
16.967,3.0106,-0.0085,-0.002,0.5007,-0.0126,0.5,0.0,2.6307,1.5,1.5
16.967,3.0106,-0.0085,-0.002,0.5007,-0.0126,0.5,0.0,2.6307,1.5,1.5
16.967,3.0106,-0.0085,-0.002,0.5007,-0.0126,0.5,0.0,2.6307,1.5,1.5
17.0,3.0269,-0.0085,-0.0025,0.4964,-0.0157,0.5,0.0,2.6307,1.5,1.5
17.0,3.0269,-0.0085,-0.0025,0.4964,-0.0157,0.5,0.0,2.6307,1.5,1.5
17.017,3.0352,-0.0085,-0.0026,0.4998,-0.0103,0.4737,0.0,2.6307,1.5,1.5
17.033,3.0435,-0.0085,-0.0028,0.5004,-0.0116,0.5,0.0,2.6388,1.5,1.5
17.033,3.0435,-0.0085,-0.0028,0.5004,-0.0116,0.5,0.0,2.6388,1.5,1.5
17.033,3.0435,-0.0085,-0.0028,0.5004,-0.0116,0.5,0.0,2.6388,1.5,1.5
17.067,3.0602,-0.0085,-0.003,0.5006,-0.0093,0.5,0.0,2.6388,1.5,1.5
17.067,3.0602,-0.0085,-0.003,0.5006,-0.0093,0.5,0.0,2.6388,1.5,1.5
17.083,3.0685,-0.0085,-0.0032,0.5006,-0.0099,0.5,0.0,2.6388,1.5,1.5
17.083,3.0685,-0.0085,-0.0032,0.5006,-0.0099,0.5,0.0,2.6388,1.5,1.5
17.083,3.0685,-0.0085,-0.0032,0.5006,-0.0099,0.5,0.0,2.6388,1.5,1.5
17.117,3.0852,-0.0085,-0.0034,0.5004,-0.0091,0.5,0.0,2.6388,1.5,1.5
17.133,3.0935,-0.0086,-0.0035,0.5004,-0.0089,0.5,0.0,2.6107,1.5,1.5
17.133,3.0935,-0.0086,-0.0035,0.5004,-0.0089,0.5,0.0,2.6107,1.5,1.5
17.133,3.0935,-0.0086,-0.0035,0.5004,-0.0089,0.5,0.0,2.6107,1.5,1.5
17.167,3.1098,-0.0086,-0.0038,0.4957,-0.0102,0.5,0.0,2.6107,1.5,1.5
17.183,3.1181,-0.0086,-0.0038,0.4992,-0.0079,0.5,0.0,2.6107,1.5,1.5
17.183,3.1181,-0.0086,-0.0038,0.4992,-0.0079,0.5,0.0,2.6107,1.5,1.5
17.2,3.1265,-0.0086,-0.004,0.4999,-0.0082,0.5,0.0,2.6107,1.5,1.5
17.2,3.1265,-0.0086,-0.004,0.4999,-0.0082,0.5,0.0,2.6107,1.5,1.5
17.2,3.1265,-0.0086,-0.004,0.4999,-0.0082,0.5,0.0,2.626,1.5,1.5
17.233,3.1431,-0.0086,-0.0043,0.4999,-0.0081,0.4737,0.0,2.626,1.5,1.5
17.25,3.1515,-0.0086,-0.0044,0.4999,-0.0082,0.4737,0.0,2.626,1.5,1.5
17.25,3.1515,-0.0086,-0.0044,0.4999,-0.0082,0.5,0.0,2.626,1.5,1.5
17.25,3.1515,-0.0086,-0.0044,0.4999,-0.0082,0.5,0.0,2.626,1.5,1.5
17.283,3.1681,-0.0087,-0.0047,0.4998,-0.0081,0.5,0.0,2.626,1.5,1.5
17.283,3.1681,-0.0087,-0.0047,0.4998,-0.0081,0.5,0.0,2.626,1.5,1.5
17.3,3.1764,-0.0087,-0.0048,0.4997,-0.008,0.5,0.0,2.626,1.5,1.5
17.3,3.1764,-0.0087,-0.0048,0.4997,-0.008,0.5,0.0,2.626,1.5,1.5
17.3,3.1764,-0.0087,-0.0048,0.4997,-0.008,0.5,0.0,2.6173,1.5,1.5
17.333,3.1931,-0.0087,-0.0049,0.4995,-0.0081,0.4737,0.0,2.6173,1.5,1.5
17.35,3.2014,-0.0088,-0.0051,0.4995,-0.0077,0.4737,0.0,2.6173,1.5,1.5
17.35,3.2014,-0.0088,-0.0051,0.4995,-0.0077,0.5,0.0,2.6173,1.5,1.5
17.367,3.2095,-0.0088,-0.0052,0.4787,-0.0068,0.5,0.0,2.6173,1.5,1.5
17.367,3.2095,-0.0088,-0.0052,0.4787,-0.0068,0.5,0.0,2.6173,1.5,1.5
17.367,3.2095,-0.0088,-0.0052,0.4787,-0.0068,0.5,0.0,2.6173,1.5,1.5
17.367,3.2095,-0.0088,-0.0052,0.4787,-0.0068,0.5,0.0,2.6173,1.5,1.5
17.4,3.226,-0.0088,-0.0054,0.4986,-0.0075,0.5,0.0,2.6173,1.5,1.5
17.417,3.2343,-0.0089,-0.0055,0.4994,-0.0077,0.5,0.0,2.6173,1.5,1.5
17.417,3.2343,-0.0089,-0.0055,0.4994,-0.0077,0.5,0.0,2.6207,1.5,1.5
17.417,3.2343,-0.0089,-0.0055,0.4994,-0.0077,0.5,0.0,2.6207,1.5,1.5
17.45,3.251,-0.0089,-0.0057,0.4995,-0.007,0.5,0.0,2.6207,1.5,1.5
17.45,3.251,-0.0089,-0.0057,0.4995,-0.007,0.5,0.0,2.6207,1.5,1.5
17.467,3.2593,-0.009,-0.0057,0.4996,-0.0068,0.5,0.0,2.6207,1.5,1.5
17.467,3.2593,-0.009,-0.0057,0.4996,-0.0068,0.5,0.0,2.6207,1.5,1.5
17.467,3.2593,-0.009,-0.0057,0.4996,-0.0068,0.5,0.0,2.6207,1.5,1.5
17.5,3.2759,-0.009,-0.0059,0.4997,-0.0068,0.5,0.0,2.6207,1.5,1.5
17.517,3.2843,-0.0091,-0.0059,0.4998,-0.0059,0.5,0.0,2.6207,1.5,1.5
17.517,3.2843,-0.0091,-0.0059,0.4998,-0.0059,0.5,0.0,2.6207,1.5,1.5
17.533,3.2926,-0.0091,-0.006,0.4998,-0.006,0.4737,0.0,2.6592,1.5,1.5
17.533,3.2926,-0.0091,-0.006,0.4998,-0.006,0.4737,0.0,2.6592,1.5,1.5
17.533,3.2926,-0.0091,-0.006,0.4998,-0.006,0.4737,0.0,2.6592,1.5,1.5
17.567,3.3093,-0.0092,-0.0061,0.5,-0.0054,0.5,0.0,2.6592,1.5,1.5
17.583,3.3176,-0.0092,-0.0062,0.5001,-0.0052,0.5,0.0,2.6592,1.5,1.5
17.583,3.3176,-0.0092,-0.0062,0.5001,-0.0052,0.5,0.0,2.6592,1.5,1.5
17.583,3.3176,-0.0092,-0.0062,0.5001,-0.0052,0.5,0.0,2.6592,1.5,1.5
17.617,3.3343,-0.0093,-0.0063,0.5002,-0.0045,0.5,0.0,2.6592,1.5,1.5
17.617,3.3343,-0.0093,-0.0063,0.5002,-0.0045,0.5,0.0,2.5969,1.5,1.5
17.633,3.3426,-0.0094,-0.0063,0.5003,-0.0044,0.5,0.0,2.5969,1.5,1.5
17.633,3.3426,-0.0094,-0.0063,0.5003,-0.0044,0.5,0.0,2.5969,1.5,1.5
17.633,3.3426,-0.0094,-0.0063,0.5003,-0.0044,0.5,0.0,2.5969,1.5,1.5
17.667,3.3593,-0.0095,-0.0063,0.5004,-0.0031,0.5,0.0,2.5969,1.5,1.5
17.683,3.3675,-0.0095,-0.0063,0.4796,-0.0023,0.5,0.0,2.5969,1.5,1.5
17.683,3.3675,-0.0095,-0.0063,0.4796,-0.0023,0.5,0.0,2.5969,1.5,1.5
17.7,3.3756,-0.0096,-0.0064,0.4961,-0.0042,0.5,0.0,2.5969,1.5,1.5
17.7,3.3756,-0.0096,-0.0064,0.4961,-0.0042,0.5,0.0,2.5969,1.5,1.5
17.7,3.3756,-0.0096,-0.0064,0.4961,-0.0042,0.5,0.0,2.5969,1.5,1.5
17.733,3.3923,-0.0097,-0.0064,0.5004,-0.0026,0.5,0.0,2.5556,1.5,1.5
17.75,3.4006,-0.0097,-0.0064,0.5006,-0.0024,0.5,0.0,2.5556,1.5,1.5
17.75,3.4006,-0.0097,-0.0064,0.5006,-0.0024,0.5,0.0263,2.5556,1.5,1.5
17.75,3.4006,-0.0097,-0.0064,0.5006,-0.0024,0.5,0.0263,2.5556,1.5,1.5
17.783,3.4173,-0.0098,-0.0064,0.5009,-0.0019,0.5,0.0263,2.5556,1.5,1.5
17.783,3.4173,-0.0098,-0.0064,0.5009,-0.0019,0.5,0.0263,2.5556,1.5,1.5
17.8,3.4257,-0.0099,-0.0064,0.5008,-0.0005,0.5,0.0263,2.5556,1.5,1.5
17.8,3.4257,-0.0099,-0.0064,0.5008,-0.0005,0.5,0.0263,2.5556,1.5,1.5
17.833,3.4424,-0.01,-0.0064,0.5008,-0.0013,0.5,0.0263,2.6658,1.5,1.5
17.833,3.4424,-0.01,-0.0064,0.5008,-0.0013,0.5,0.0263,2.6658,1.5,1.5
17.85,3.4507,-0.01,-0.0064,0.5007,-0.0003,0.5,0.0263,2.6658,1.5,1.5
17.867,3.459,-0.0101,-0.0065,0.5007,-0.0011,0.5,0.0263,2.6658,1.5,1.5
17.867,3.459,-0.0101,-0.0065,0.5007,-0.0011,0.5,0.0263,2.6658,1.5,1.5
17.867,3.459,-0.0101,-0.0065,0.5007,-0.0011,0.5,0.0263,2.6658,1.5,1.5
17.9,3.4757,-0.0102,-0.0063,0.5007,-0.0027,0.5,0.0263,2.6658,1.5,1.5
17.9,3.4757,-0.0102,-0.0063,0.5007,-0.0027,0.5,0.0263,2.6658,1.5,1.5
17.9,3.4757,-0.0102,-0.0063,0.5007,-0.0027,0.5,0.0263,2.6658,1.5,1.5
17.917,3.4841,-0.0103,-0.0063,0.5006,-0.0019,0.5,0.0263,2.6658,1.5,1.5
17.917,3.4841,-0.0103,-0.0063,0.5006,-0.0019,0.4737,0.0263,2.6372,1.5,1.5
17.917,3.4841,-0.0103,-0.0063,0.5006,-0.0019,0.5,0.0,2.6372,1.5,1.5
17.95,3.5008,-0.0104,-0.0062,0.5005,0.0001,0.5,0.0,2.6372,1.5,1.5
17.967,3.5091,-0.0105,-0.0061,0.5004,0.0009,0.5,0.0,2.6372,1.5,1.5
17.967,3.5091,-0.0105,-0.0061,0.5004,0.0009,0.5,0.0,2.6372,1.5,1.5
17.967,3.5091,-0.0105,-0.0061,0.5004,0.0009,0.5,0.0,2.6372,1.5,1.5
18.0,3.5258,-0.0106,-0.0058,0.5003,0.0026,0.5,0.0,2.6372,1.5,1.5
18.0,3.5258,-0.0106,-0.0058,0.5003,0.0026,0.5,0.0,2.6372,1.5,1.5
18.017,3.5341,-0.0107,-0.0058,0.5002,0.0034,0.5,0.0,2.6372,1.5,1.5
18.033,3.5424,-0.0108,-0.0056,0.5001,0.004,0.5,0.0,2.569,1.5,1.5
18.033,3.5424,-0.0108,-0.0056,0.5001,0.004,0.5,0.0,2.569,1.5,1.5
18.033,3.5424,-0.0108,-0.0056,0.5001,0.004,0.5,0.0,2.569,1.5,1.5
18.067,3.5587,-0.0109,-0.0054,0.4956,0.0104,0.5,0.0,2.569,1.5,1.5
18.067,3.5587,-0.0109,-0.0054,0.4956,0.0104,0.5,0.0,2.569,1.5,1.5
18.083,3.567,-0.0109,-0.0053,0.4989,0.0073,0.5,0.0,2.569,1.5,1.5
18.083,3.567,-0.0109,-0.0053,0.4989,0.0073,0.5,0.0,2.569,1.5,1.5
18.083,3.567,-0.0109,-0.0053,0.4989,0.0073,0.5,0.0,2.569,1.5,1.5
18.117,3.5837,-0.0111,-0.0051,0.4997,0.0069,0.4737,0.0,2.569,1.5,1.5
18.133,3.592,-0.0111,-0.0051,0.4998,0.0064,0.4737,0.0,2.6095,1.5,1.5
18.133,3.592,-0.0111,-0.0051,0.4998,0.0064,0.4737,0.0,2.6095,1.5,1.5
18.133,3.592,-0.0111,-0.0051,0.4998,0.0064,0.4737,0.0,2.6095,1.5,1.5
18.167,3.6087,-0.0112,-0.0049,0.4996,0.0057,0.4737,0.0,2.6095,1.5,1.5
18.167,3.6087,-0.0112,-0.0049,0.4996,0.0057,0.5,0.0,2.6095,1.5,1.5
18.183,3.617,-0.0113,-0.0049,0.4995,0.0057,0.5,0.0,2.6095,1.5,1.5
18.2,3.6253,-0.0113,-0.0048,0.4995,0.0056,0.5,0.0,2.6095,1.5,1.5
18.2,3.6253,-0.0113,-0.0048,0.4995,0.0056,0.5,0.0,2.6095,1.5,1.5
18.2,3.6253,-0.0113,-0.0048,0.4995,0.0056,0.5,0.0,2.6095,1.5,1.5
18.233,3.642,-0.0114,-0.0047,0.4995,0.0044,0.5,0.0,2.5905,1.5,1.5
18.233,3.642,-0.0114,-0.0047,0.4995,0.0044,0.4737,0.0,2.5905,1.5,1.5
18.25,3.6503,-0.0115,-0.0046,0.4996,0.0041,0.5,0.0,2.5905,1.5,1.5
18.25,3.6503,-0.0115,-0.0046,0.4996,0.0041,0.5,0.0,2.5905,1.5,1.5
18.25,3.6503,-0.0115,-0.0046,0.4996,0.0041,0.5,0.0,2.5905,1.5,1.5
18.283,3.6663,-0.0115,-0.0045,0.4745,0.0035,0.5,0.0,2.5905,1.5,1.5
18.3,3.6745,-0.0116,-0.0045,0.4938,0.0042,0.5,0.0,2.5905,1.5,1.5
18.3,3.6745,-0.0116,-0.0045,0.4938,0.0042,0.5,0.0,2.5905,1.5,1.5
18.3,3.6745,-0.0116,-0.0045,0.4938,0.0042,0.5,0.0,2.5905,1.5,1.5
18.333,3.6911,-0.0117,-0.0044,0.4996,0.0034,0.5,0.0,2.5995,1.5,1.5
18.333,3.6911,-0.0117,-0.0044,0.4996,0.0034,0.5,0.0,2.5995,1.5,1.5
18.35,3.6994,-0.0117,-0.0043,0.4998,0.0035,0.5,0.0,2.5995,1.5,1.5
18.367,3.7077,-0.0118,-0.0043,0.4999,0.0033,0.5,0.0,2.5995,1.5,1.5
18.367,3.7077,-0.0118,-0.0043,0.4999,0.0033,0.5,0.0,2.5995,1.5,1.5
18.367,3.7077,-0.0118,-0.0043,0.4999,0.0033,0.5,0.0,2.5995,1.5,1.5
18.4,3.7244,-0.0119,-0.0041,0.5001,0.0034,0.5,0.0,2.5995,1.5,1.5
18.4,3.7244,-0.0119,-0.0041,0.5001,0.0034,0.5,0.0,2.5995,1.5,1.5
18.417,3.7327,-0.0119,-0.004,0.5002,0.0034,0.5,0.0,2.5593,1.5,1.5
18.417,3.7327,-0.0119,-0.004,0.5002,0.0034,0.5,0.0,2.5593,1.5,1.5
18.45,3.7494,-0.012,-0.004,0.5003,0.0035,0.4737,0.0,2.5593,1.5,1.5
18.45,3.7494,-0.012,-0.004,0.5003,0.0035,0.4737,0.0,2.5593,1.5,1.5
18.467,3.7578,-0.012,-0.0038,0.5004,0.0036,0.4737,0.0,2.5593,1.5,1.5
18.467,3.7578,-0.012,-0.0038,0.5004,0.0036,0.5,0.0,2.5593,1.5,1.5
18.467,3.7578,-0.012,-0.0038,0.5004,0.0036,0.5,0.0,2.5593,1.5,1.5
18.5,3.7745,-0.0121,-0.0038,0.5005,0.0037,0.5,0.0,2.5593,1.5,1.5
18.5,3.7745,-0.0121,-0.0038,0.5005,0.0037,0.5,0.0,2.5593,1.5,1.5
18.517,3.7828,-0.0122,-0.0037,0.5006,0.004,0.5,0.0,2.5593,1.5,1.5
18.533,3.7912,-0.0122,-0.0036,0.5006,0.0039,0.5,0.0,2.6521,1.5,1.5
18.533,3.7912,-0.0122,-0.0036,0.5006,0.0039,0.5,0.0,2.6521,1.5,1.5
18.533,3.7912,-0.0122,-0.0036,0.5006,0.0039,0.5,0.0,2.6521,1.5,1.5
18.567,3.8078,-0.0123,-0.0034,0.5006,0.0046,0.5,0.0,2.6521,1.5,1.5
18.583,3.816,-0.0123,-0.0035,0.4799,0.0049,0.5,0.0,2.6521,1.5,1.5
18.583,3.816,-0.0123,-0.0035,0.4799,0.0049,0.5,0.0,2.6521,1.5,1.5
18.583,3.816,-0.0123,-0.0035,0.4799,0.0049,0.5,0.0,2.6521,1.5,1.5
18.617,3.8325,-0.0124,-0.0034,0.4999,0.0049,0.5,0.0,2.6521,1.5,1.5
18.617,3.8325,-0.0124,-0.0034,0.4999,0.0049,0.4737,0.0,2.6758,1.5,1.5
18.633,3.8408,-0.0125,-0.0033,0.5006,0.0034,0.4737,0.0,2.6758,1.5,1.5
18.633,3.8408,-0.0125,-0.0033,0.5006,0.0034,0.4737,0.0,2.6758,1.5,1.5
18.633,3.8408,-0.0125,-0.0033,0.5006,0.0034,0.4737,0.0,2.6758,1.5,1.5
18.667,3.8575,-0.0125,-0.0031,0.5008,0.0051,0.5,0.0,2.6758,1.5,1.5
18.683,3.8658,-0.0126,-0.0032,0.5007,0.0037,0.5,0.0,2.6758,1.5,1.5
18.683,3.8658,-0.0126,-0.0032,0.5007,0.0037,0.5,0.0,2.6758,1.5,1.5
18.7,3.8742,-0.0126,-0.003,0.5007,0.0044,0.5,0.0,2.6758,1.5,1.5
18.7,3.8742,-0.0126,-0.003,0.5007,0.0044,0.5,0.0,2.6758,1.5,1.5
18.7,3.8742,-0.0126,-0.003,0.5007,0.0044,0.5,0.0,2.6758,1.5,1.5
18.733,3.8909,-0.0127,-0.003,0.5006,0.004,0.5,0.0,2.5886,1.5,1.5
18.75,3.8992,-0.0127,-0.0029,0.5006,0.0039,0.5,0.0,2.5886,1.5,1.5
18.75,3.8992,-0.0127,-0.0029,0.5006,0.0039,0.5,0.0,2.5886,1.5,1.5
18.75,3.8992,-0.0127,-0.0029,0.5006,0.0039,0.5,0.0,2.5886,1.5,1.5
18.783,3.9153,-0.0128,-0.0028,0.4752,0.003,0.5,0.0,2.5886,1.5,1.5
18.783,3.9153,-0.0128,-0.0028,0.4752,0.003,0.5,0.0,2.5886,1.5,1.5
18.8,3.9234,-0.0128,-0.0029,0.4947,0.0034,0.5,0.0,2.5886,1.5,1.5
18.8,3.9234,-0.0128,-0.0029,0.4947,0.0034,0.5,0.0,2.5886,1.5,1.5
18.8,3.9234,-0.0128,-0.0029,0.4947,0.0034,0.5,0.0,2.6119,1.5,1.5
18.833,3.94,-0.0129,-0.0028,0.5,0.0027,0.4737,0.0,2.6119,1.5,1.5
18.85,3.9484,-0.0129,-0.0028,0.5001,0.0024,0.4737,0.0,2.6119,1.5,1.5
18.85,3.9484,-0.0129,-0.0028,0.5001,0.0024,0.4737,0.0,2.6119,1.5,1.5
18.867,3.9567,-0.0129,-0.0028,0.5,0.0021,0.4737,0.0,2.6119,1.5,1.5
18.867,3.9567,-0.0129,-0.0028,0.5,0.0021,0.5,0.0,2.6119,1.5,1.5
18.867,3.9567,-0.0129,-0.0028,0.5,0.0021,0.5,0.0,2.6119,1.5,1.5
18.9,3.9734,-0.013,-0.0028,0.4999,0.0016,0.5,0.0,2.6119,1.5,1.5
18.917,3.9817,-0.013,-0.0028,0.4998,0.0012,0.5,0.0,2.6119,1.5,1.5
18.917,3.9817,-0.013,-0.0028,0.4998,0.0012,0.5,0.0,2.6119,1.5,1.5
18.917,3.9817,-0.013,-0.0028,0.4998,0.0012,0.5,0.0,2.6089,1.5,1.5
18.95,3.9984,-0.013,-0.0028,0.4997,0.0011,0.5,0.0,2.6089,1.5,1.5
18.95,3.9984,-0.013,-0.0028,0.4997,0.0011,0.5,0.0,2.6089,1.5,1.5
18.967,4.0065,-0.0131,-0.0028,0.4788,0.0008,0.5,0.0,2.6089,1.5,1.5
18.967,4.0065,-0.0131,-0.0028,0.4788,0.0008,0.5,0.0,2.6089,1.5,1.5
18.967,4.0065,-0.0131,-0.0028,0.4788,0.0008,0.5,0.0,2.6089,1.5,1.5
19.0,4.0223,-0.0131,-0.0028,0.4735,0.0002,0.5,0.0,2.6089,1.5,1.5
19.017,4.0304,-0.0131,-0.0028,0.4941,-0.001,0.5,0.0,2.6089,1.5,1.5
19.017,4.0304,-0.0131,-0.0028,0.4941,-0.001,0.4737,0.0,2.6164,1.5,1.5
19.033,4.0387,-0.0131,-0.0028,0.4984,-0.0,0.4737,0.0,2.6164,1.5,1.5
19.033,4.0387,-0.0131,-0.0028,0.4984,-0.0,0.4737,0.0,2.6164,1.5,1.5
19.033,4.0387,-0.0131,-0.0028,0.4984,-0.0,0.4737,0.0,2.6164,1.5,1.5
19.067,4.0553,-0.0132,-0.0028,0.4995,-0.0004,0.5,0.0,2.6164,1.5,1.5
19.083,4.0637,-0.0132,-0.0028,0.4995,-0.0004,0.5,0.0,2.6164,1.5,1.5
19.083,4.0637,-0.0132,-0.0028,0.4995,-0.0004,0.5,0.0,2.6164,1.5,1.5
19.083,4.0637,-0.0132,-0.0028,0.4995,-0.0004,0.5,0.0,2.6164,1.5,1.5
19.117,4.0803,-0.0132,-0.0028,0.4997,-0.0009,0.5,0.0,2.6164,1.5,1.5
19.117,4.0803,-0.0132,-0.0028,0.4997,-0.0009,0.5,0.0,2.6393,1.5,1.5
19.133,4.0887,-0.0133,-0.0028,0.4997,-0.0005,0.5,0.0,2.6393,1.5,1.5
19.133,4.0887,-0.0133,-0.0028,0.4997,-0.0005,0.5,0.0,2.6393,1.5,1.5
19.167,4.1051,-0.0133,-0.0028,0.479,-0.0002,0.5,0.0,2.6393,1.5,1.5
19.167,4.1051,-0.0133,-0.0028,0.479,-0.0002,0.5,0.0,2.6393,1.5,1.5
19.183,4.1131,-0.0133,-0.0028,0.4748,-0.001,0.5,0.0,2.6393,1.5,1.5
19.2,4.1212,-0.0134,-0.0027,0.4951,-0.003,0.5,0.0,2.6393,1.5,1.5
19.2,4.1212,-0.0134,-0.0027,0.4951,-0.003,0.5,0.0,2.6393,1.5,1.5
19.2,4.1212,-0.0134,-0.0027,0.4951,-0.003,0.5,0.0,2.6393,1.5,1.5
19.233,4.1378,-0.0134,-0.0028,0.4999,-0.0005,0.5,0.0,2.6669,1.5,1.5
19.233,4.1378,-0.0134,-0.0028,0.4999,-0.0005,0.4737,0.0,2.6669,1.5,1.5
19.25,4.1461,-0.0134,-0.0028,0.5002,-0.0002,0.4737,0.0,2.6669,1.5,1.5
19.25,4.1461,-0.0134,-0.0028,0.5002,-0.0002,0.4737,0.0,2.6669,1.5,1.5
19.25,4.1461,-0.0134,-0.0028,0.5002,-0.0002,0.4737,0.0,2.6669,1.5,1.5
19.283,4.1628,-0.0135,-0.0027,0.5003,0.0001,0.5,0.0,2.6669,1.5,1.5
19.3,4.1712,-0.0135,-0.0026,0.5004,0.0004,0.5,0.0,2.6669,1.5,1.5
19.3,4.1712,-0.0135,-0.0026,0.5004,0.0004,0.5,0.0,2.6669,1.5,1.5
19.3,4.1712,-0.0135,-0.0026,0.5004,0.0004,0.5,0.0,2.6669,1.5,1.5
19.333,4.1879,-0.0136,-0.0027,0.5005,0.0007,0.5,0.0,2.6005,1.5,1.5
19.333,4.1879,-0.0136,-0.0027,0.5005,0.0007,0.5,0.0,2.6005,1.5,1.5
19.35,4.1962,-0.0136,-0.0026,0.5006,0.0014,0.5,0.0,2.6005,1.5,1.5
19.367,4.2045,-0.0136,-0.0025,0.5006,0.0014,0.4737,0.0,2.6005,1.5,1.5
19.367,4.2045,-0.0136,-0.0025,0.5006,0.0014,0.5,0.0,2.6005,1.5,1.5
19.367,4.2045,-0.0136,-0.0025,0.5006,0.0014,0.5,0.0,2.6005,1.5,1.5
19.4,4.2206,-0.0137,-0.0024,0.4755,0.0012,0.5,0.0,2.6005,1.5,1.5
19.4,4.2206,-0.0137,-0.0024,0.4755,0.0012,0.5,0.0,2.6005,1.5,1.5
19.417,4.2286,-0.0137,-0.0026,0.4746,0.0013,0.5,0.0,2.6005,1.5,1.5
19.417,4.2286,-0.0137,-0.0026,0.4746,0.0013,0.5,0.0,2.6249,1.5,1.5
19.417,4.2286,-0.0137,-0.0026,0.4746,0.0013,0.5,0.0,2.6249,1.5,1.5
19.45,4.245,-0.0138,-0.0024,0.4997,0.0019,0.5,0.0,2.6249,1.5,1.5
19.467,4.2533,-0.0138,-0.0024,0.5006,0.0027,0.5,0.0,2.6249,1.5,1.5
19.467,4.2533,-0.0138,-0.0024,0.5006,0.0027,0.5,0.0,2.6249,1.5,1.5
19.467,4.2533,-0.0138,-0.0024,0.5006,0.0027,0.5,0.0,2.6249,1.5,1.5
19.5,4.2698,-0.0138,-0.0025,0.4799,0.0025,0.5,0.0,2.6249,1.5,1.5
19.517,4.278,-0.0139,-0.0023,0.4961,0.0021,0.5,0.0,2.6249,1.5,1.5
19.517,4.278,-0.0139,-0.0023,0.4961,0.0021,0.5,0.0,2.633,1.5,1.5
19.533,4.2863,-0.0139,-0.0024,0.4996,0.0022,0.5,0.0,2.633,1.5,1.5
19.533,4.2863,-0.0139,-0.0024,0.4996,0.0022,0.5,0.0,2.633,1.5,1.5
19.533,4.2863,-0.0139,-0.0024,0.4996,0.0022,0.5,0.0,2.633,1.5,1.5
19.567,4.3029,-0.0139,-0.0024,0.5006,0.0019,0.5,0.0,2.633,1.5,1.5
19.583,4.3113,-0.014,-0.0024,0.5005,0.0018,0.5,0.0,2.633,1.5,1.5
19.583,4.3113,-0.014,-0.0024,0.5005,0.0018,0.5,0.0,2.633,1.5,1.5
19.583,4.3113,-0.014,-0.0024,0.5005,0.0018,0.5,0.0,2.633,1.5,1.5
19.617,4.328,-0.014,-0.0023,0.5004,0.0015,0.5,0.0,2.633,1.5,1.5
19.633,4.3363,-0.014,-0.0023,0.5003,0.0013,0.5,0.0,2.608,1.5,1.5
19.633,4.3363,-0.014,-0.0023,0.5003,0.0013,0.5,0.0,2.608,1.5,1.5
19.633,4.3363,-0.014,-0.0023,0.5003,0.0013,0.5,0.0,2.608,1.5,1.5
19.633,4.3363,-0.014,-0.0023,0.5003,0.0013,0.5,0.0,2.608,1.5,1.5
19.667,4.353,-0.0141,-0.0023,0.5002,0.001,0.5,0.0,2.608,1.5,1.5
19.683,4.3613,-0.0141,-0.0022,0.5001,0.0008,0.5,0.0,2.608,1.5,1.5
19.683,4.3613,-0.0141,-0.0022,0.5001,0.0008,0.5,0.0,2.608,1.5,1.5
19.7,4.3696,-0.0141,-0.0022,0.5,0.0005,0.5,0.0,2.608,1.5,1.5
19.7,4.3696,-0.0141,-0.0022,0.5,0.0005,0.5,0.0,2.608,1.5,1.5
19.7,4.3696,-0.0141,-0.0022,0.5,0.0005,0.5,0.0,2.5838,1.5,1.5
19.733,4.3863,-0.0141,-0.0022,0.4999,0.0001,0.4737,0.0,2.5838,1.5,1.5
19.75,4.3946,-0.0142,-0.0024,0.4998,-0.0008,0.4737,0.0,2.5838,1.5,1.5
19.75,4.3946,-0.0142,-0.0024,0.4998,-0.0008,0.4737,0.0,2.5838,1.5,1.5
19.75,4.3946,-0.0142,-0.0024,0.4998,-0.0008,0.4737,0.0,2.5838,1.5,1.5
19.783,4.4113,-0.0142,-0.0023,0.4997,-0.0008,0.4737,0.0,2.5838,1.5,1.5
19.783,4.4113,-0.0142,-0.0023,0.4997,-0.0008,0.5,0.0,2.5838,1.5,1.5
19.8,4.4196,-0.0142,-0.0024,0.4997,-0.0012,0.5,0.0,2.5838,1.5,1.5
19.8,4.4196,-0.0142,-0.0024,0.4997,-0.0012,0.5,0.0,2.5838,1.5,1.5
19.833,4.4363,-0.0142,-0.0025,0.4996,-0.0018,0.5,0.0,2.6541,1.5,1.5
19.833,4.4363,-0.0142,-0.0025,0.4996,-0.0018,0.4737,0.0,2.6541,1.5,1.5
19.85,4.4446,-0.0143,-0.0024,0.4995,-0.0013,0.4737,0.0,2.6541,1.5,1.5
19.85,4.4446,-0.0143,-0.0024,0.4995,-0.0013,0.4737,0.0,2.6541,1.5,1.5
19.867,4.4527,-0.0143,-0.0025,0.4787,-0.0002,0.5,0.0,2.6541,1.5,1.5
19.867,4.4527,-0.0143,-0.0025,0.4787,-0.0002,0.5,0.0,2.6541,1.5,1.5
19.867,4.4527,-0.0143,-0.0025,0.4787,-0.0002,0.5,0.0,2.6541,1.5,1.5
19.9,4.4686,-0.0143,-0.0025,0.4735,-0.001,0.5,0.0,2.6541,1.5,1.5
19.917,4.4765,-0.0143,-0.0025,0.4733,-0.0015,0.5,0.0,2.6541,1.5,1.5
19.917,4.4765,-0.0143,-0.0025,0.4733,-0.0015,0.5,0.0,2.6541,1.5,1.5
19.917,4.4765,-0.0143,-0.0025,0.4733,-0.0015,0.5,0.0,2.6709,1.5,1.5
19.95,4.4928,-0.0144,-0.0025,0.4985,-0.0003,0.5,0.0,2.6709,1.5,1.5
19.95,4.4928,-0.0144,-0.0025,0.4985,-0.0003,0.5,0.0,2.6709,1.5,1.5
19.967,4.5009,-0.0144,-0.0024,0.4786,-0.0015,0.5,0.0,2.6709,1.5,1.5
19.967,4.5009,-0.0144,-0.0024,0.4786,-0.0015,0.5,0.0,2.6709,1.5,1.5
19.967,4.5009,-0.0144,-0.0024,0.4786,-0.0015,0.5,0.0,2.6709,1.5,1.5
20.0,4.517,-0.0144,-0.0026,0.4946,-0.0026,0.5,0.0,2.6709,1.5,1.5
20.017,4.5253,-0.0144,-0.0025,0.4988,-0.0011,0.5,0.0,2.6709,1.5,1.5
20.017,4.5253,-0.0144,-0.0025,0.4988,-0.0011,0.5,0.0,2.6457,1.5,1.5
20.033,4.5336,-0.0144,-0.0026,0.4998,-0.0014,0.5,0.0,2.6457,1.5,1.5
20.033,4.5336,-0.0144,-0.0026,0.4998,-0.0014,0.4737,0.0,2.6457,1.5,1.5
20.033,4.5336,-0.0144,-0.0026,0.4998,-0.0014,0.4737,0.0,2.6457,1.5,1.5
20.067,4.5503,-0.0145,-0.0025,0.5002,-0.0008,0.5,0.0,2.6457,1.5,1.5
20.083,4.5586,-0.0145,-0.0026,0.5002,-0.0008,0.5,0.0,2.6457,1.5,1.5
20.083,4.5586,-0.0145,-0.0026,0.5002,-0.0008,0.5,0.0,2.6457,1.5,1.5
20.083,4.5586,-0.0145,-0.0026,0.5002,-0.0008,0.5,0.0,2.6457,1.5,1.5
20.117,4.5753,-0.0146,-0.0024,0.5004,-0.0003,0.5,0.0,2.6457,1.5,1.5
20.117,4.5753,-0.0146,-0.0024,0.5004,-0.0003,0.5,0.0,2.5986,1.5,1.5
20.133,4.5837,-0.0146,-0.0024,0.5004,-0.0,0.5,0.0,2.5986,1.5,1.5
20.133,4.5837,-0.0146,-0.0024,0.5004,-0.0,0.5,0.0,2.5986,1.5,1.5
20.133,4.5837,-0.0146,-0.0024,0.5004,-0.0,0.5,0.0,2.5986,1.5,1.5
20.167,4.6004,-0.0146,-0.0025,0.5005,0.0007,0.5,0.0,2.5986,1.5,1.5
20.183,4.6085,-0.0147,-0.0025,0.4797,0.0012,0.5,0.0,2.5986,1.5,1.5
20.183,4.6085,-0.0147,-0.0025,0.4797,0.0012,0.5,0.0,2.5986,1.5,1.5
20.2,4.6167,-0.0147,-0.0024,0.4962,-0.0005,0.5,0.0,2.5986,1.5,1.5
20.2,4.6167,-0.0147,-0.0024,0.4962,-0.0005,0.5,0.0,2.5986,1.5,1.5
20.2,4.6167,-0.0147,-0.0024,0.4962,-0.0005,0.5,0.0,2.6036,1.5,1.5
20.233,4.6333,-0.0147,-0.0024,0.5006,-0.0001,0.4737,0.0,2.6036,1.5,1.5
20.25,4.6417,-0.0148,-0.0024,0.5007,0.0018,0.4737,0.0,2.6036,1.5,1.5
20.25,4.6417,-0.0148,-0.0024,0.5007,0.0018,0.4737,0.0,2.6036,1.5,1.5
20.25,4.6417,-0.0148,-0.0024,0.5007,0.0018,0.4737,0.0,2.6036,1.5,1.5
20.283,4.6584,-0.0148,-0.0023,0.5008,0.0019,0.4737,0.0,2.6036,1.5,1.5
20.283,4.6584,-0.0148,-0.0023,0.5008,0.0019,0.5,0.0,2.6036,1.5,1.5
20.3,4.6667,-0.0148,-0.0024,0.5008,0.0016,0.5,0.0,2.6036,1.5,1.5
20.3,4.6667,-0.0148,-0.0024,0.5008,0.0016,0.5,0.0,2.6036,1.5,1.5
20.3,4.6667,-0.0148,-0.0024,0.5008,0.0016,0.5,0.0,2.6182,1.5,1.5
20.333,4.6834,-0.0149,-0.0024,0.5007,0.0017,0.5,0.0,2.6182,1.5,1.5
20.35,4.6917,-0.0149,-0.0023,0.5007,0.0016,0.5,0.0,2.6182,1.5,1.5
20.35,4.6917,-0.0149,-0.0023,0.5007,0.0016,0.5,0.0,2.6182,1.5,1.5
20.367,4.6999,-0.0149,-0.0022,0.4798,0.0022,0.5,0.0,2.6182,1.5,1.5
20.367,4.6999,-0.0149,-0.0022,0.4798,0.0022,0.5,0.0,2.6182,1.5,1.5
20.367,4.6999,-0.0149,-0.0022,0.4798,0.0022,0.5,0.0,2.6182,1.5,1.5
20.4,4.7157,-0.015,-0.0022,0.4744,0.0013,0.5,0.0,2.6182,1.5,1.5
20.417,4.7236,-0.015,-0.0022,0.4742,0.0012,0.5,0.0,2.6182,1.5,1.5
20.417,4.7236,-0.015,-0.0022,0.4742,0.0012,0.5,0.0,2.5966,1.5,1.5
20.417,4.7236,-0.015,-0.0022,0.4742,0.0012,0.5,0.0,2.5966,1.5,1.5
20.45,4.74,-0.015,-0.0023,0.4991,-0.0002,0.5,0.0,2.5966,1.5,1.5
20.45,4.74,-0.015,-0.0023,0.4991,-0.0002,0.4737,0.0,2.5966,1.5,1.5
20.467,4.7484,-0.015,-0.0023,0.5,0.0014,0.4737,0.0,2.5966,1.5,1.5
20.467,4.7484,-0.015,-0.0023,0.5,0.0014,0.4737,0.0,2.5966,1.5,1.5
20.467,4.7484,-0.015,-0.0023,0.5,0.0014,0.4737,0.0,2.5966,1.5,1.5
20.5,4.765,-0.0151,-0.0022,0.5001,0.0006,0.5,0.0263,2.5966,1.5,1.5
20.517,4.7734,-0.0151,-0.0023,0.5001,0.0004,0.5,0.0263,2.5966,1.5,1.5
20.517,4.7734,-0.0151,-0.0023,0.5001,0.0004,0.5,0.0263,2.6283,1.5,1.5
20.533,4.7817,-0.0151,-0.0024,0.5,0.0001,0.5,0.0263,2.6283,1.5,1.5
20.533,4.7817,-0.0151,-0.0024,0.5,0.0001,0.5,0.0263,2.6283,1.5,1.5
20.533,4.7817,-0.0151,-0.0024,0.5,0.0001,0.5,0.0263,2.6283,1.5,1.5
20.567,4.7984,-0.0152,-0.0024,0.4999,-0.0002,0.5,0.0263,2.6283,1.5,1.5
20.583,4.8067,-0.0152,-0.0023,0.4998,-0.0012,0.5,0.0263,2.6283,1.5,1.5
20.583,4.8067,-0.0152,-0.0023,0.4998,-0.0012,0.5,0.0263,2.6283,1.5,1.5
20.583,4.8067,-0.0152,-0.0023,0.4998,-0.0012,0.5,0.0263,2.6283,1.5,1.5
20.617,4.8228,-0.0152,-0.0023,0.4744,-0.0007,0.5,0.0263,2.6283,1.5,1.5
20.617,4.8228,-0.0152,-0.0023,0.4744,-0.0007,0.5,0.0263,2.5944,1.5,1.5
20.633,4.8309,-0.0152,-0.0024,0.4945,-0.0057,0.4737,0.0263,2.5944,1.5,1.5
20.633,4.8309,-0.0152,-0.0024,0.4945,-0.0057,0.4737,0.0263,2.5944,1.5,1.5
20.633,4.8309,-0.0152,-0.0024,0.4945,-0.0057,0.4737,0.0263,2.5944,1.5,1.5
20.667,4.8475,-0.0153,-0.0023,0.4996,-0.0041,0.4737,0.0263,2.5944,1.5,1.5
20.683,4.8558,-0.0153,-0.0021,0.4995,-0.0013,0.4737,0.0263,2.5944,1.5,1.5
20.683,4.8558,-0.0153,-0.0021,0.4995,-0.0013,0.5,0.0263,2.5944,1.5,1.5
20.7,4.8641,-0.0153,-0.0021,0.4996,-0.001,0.5,0.0263,2.5944,1.5,1.5
20.7,4.8641,-0.0153,-0.0021,0.4996,-0.001,0.5,0.0263,2.5944,1.5,1.5
20.7,4.8641,-0.0153,-0.0021,0.4996,-0.001,0.5,0.0263,2.5944,1.5,1.5
20.733,4.8808,-0.0154,-0.0017,0.4996,0.001,0.5,0.0263,2.629,1.5,1.5
20.75,4.8891,-0.0154,-0.0017,0.4997,0.0015,0.5,0.0263,2.629,1.5,1.5
20.75,4.8891,-0.0154,-0.0017,0.4997,0.0015,0.5,0.0263,2.629,1.5,1.5
20.75,4.8891,-0.0154,-0.0017,0.4997,0.0015,0.5,0.0263,2.629,1.5,1.5
20.783,4.9052,-0.0155,-0.0015,0.4747,0.0025,0.5,0.0263,2.629,1.5,1.5
20.783,4.9052,-0.0155,-0.0015,0.4747,0.0025,0.5,0.0263,2.629,1.5,1.5
20.8,4.9131,-0.0156,-0.0014,0.4738,0.004,0.5,0.0263,2.629,1.5,1.5
20.8,4.9131,-0.0156,-0.0014,0.4738,0.004,0.5,0.0263,2.629,1.5,1.5
20.8,4.9131,-0.0156,-0.0014,0.4738,0.004,0.5,0.0263,2.5554,1.5,1.5
20.833,4.9295,-0.0156,-0.001,0.4988,0.0059,0.4737,0.0263,2.5554,1.5,1.5
20.85,4.9378,-0.0157,-0.0007,0.4998,0.0068,0.4737,0.0263,2.5554,1.5,1.5
20.85,4.9378,-0.0157,-0.0007,0.4998,0.0068,0.4737,0.0263,2.5554,1.5,1.5
20.867,4.9461,-0.0157,0.0,0.5001,0.008,0.4737,0.0263,2.5554,1.5,1.5
20.867,4.9461,-0.0157,0.0,0.5001,0.008,0.4737,0.0263,2.5554,1.5,1.5
20.867,4.9461,-0.0157,0.0,0.5001,0.008,0.4737,0.0263,2.5554,1.5,1.5
20.9,4.9628,-0.0158,0.0,0.5003,0.0096,0.5,0.0263,2.5554,1.5,1.5
20.917,4.9712,-0.0158,0.0,0.5004,0.0104,0.5,0.0263,2.5554,1.5,1.5
20.917,4.9712,-0.0158,0.0,0.5004,0.0104,0.5,0.0263,2.5554,1.5,1.5
20.917,4.9712,-0.0158,0.0,0.5004,0.0104,0.5,0.0,2.5989,1.5,1.5
20.95,4.9878,-0.0159,0.0007,0.5006,0.0124,0.5,0.0,2.5989,1.5,1.5
20.95,4.9878,-0.0159,0.0007,0.5006,0.0124,0.5,0.0,2.5989,1.5,1.5
20.967,4.996,-0.016,0.001,0.4804,0.0134,0.5,0.0,2.5989,1.5,1.5
20.967,4.996,-0.016,0.001,0.4804,0.0134,0.5,0.0,2.5989,1.5,1.5
20.967,4.996,-0.016,0.001,0.4804,0.0134,0.5,0.0,2.5989,1.5,1.5
21.0,5.0119,-0.016,0.0014,0.4747,0.0136,0.5,0.0,2.5989,1.5,1.5
21.017,5.0198,-0.0161,0.002,0.4744,0.0148,0.5,0.0,2.5989,1.5,1.5
21.017,5.0198,-0.0161,0.002,0.4744,0.0148,0.5,0.0,2.6253,1.5,1.5
21.033,5.0279,-0.0161,0.0022,0.4953,0.0154,0.4737,0.0,2.6253,1.5,1.5
21.033,5.0279,-0.0161,0.0022,0.4953,0.0154,0.4737,0.0,2.6253,1.5,1.5
21.033,5.0279,-0.0161,0.0022,0.4953,0.0154,0.4737,0.0,2.6253,1.5,1.5
21.067,5.0445,-0.0162,0.0028,0.5005,0.0211,0.4737,0.0,2.6253,1.5,1.5
21.083,5.0529,-0.0162,0.0031,0.5006,0.0203,0.4737,0.0,2.6253,1.5,1.5
21.083,5.0529,-0.0162,0.0031,0.5006,0.0203,0.5,0.0,2.6253,1.5,1.5
21.083,5.0529,-0.0162,0.0031,0.5006,0.0203,0.5,0.0,2.6253,1.5,1.5
21.117,5.0696,-0.0162,0.0037,0.5008,0.0193,0.5,0.0,2.6253,1.5,1.5
21.117,5.0696,-0.0162,0.0037,0.5008,0.0193,0.5,0.0,2.621,1.5,1.5
21.133,5.0779,-0.0162,0.0039,0.5008,0.0187,0.5,0.0,2.621,1.5,1.5
21.133,5.0779,-0.0162,0.0039,0.5008,0.0187,0.5,0.0,2.621,1.5,1.5
21.133,5.0779,-0.0162,0.0039,0.5008,0.0187,0.5,0.0,2.621,1.5,1.5
21.167,5.0944,-0.0162,0.0044,0.4801,0.0179,0.5,0.0,2.621,1.5,1.5
21.167,5.0944,-0.0162,0.0044,0.4801,0.0179,0.5,0.0,2.621,1.5,1.5
21.183,5.1024,-0.0162,0.0046,0.4755,0.0158,0.4737,0.0,2.621,1.5,1.5
21.183,5.1024,-0.0162,0.0046,0.4755,0.0158,0.5,0.0,2.621,1.5,1.5
21.2,5.1103,-0.0162,0.0048,0.4745,0.0158,0.5,0.0,2.621,1.5,1.5
21.2,5.1103,-0.0162,0.0048,0.4745,0.0158,0.5,0.0,2.621,1.5,1.5
21.233,5.1267,-0.0162,0.0051,0.4992,0.0147,0.5,0.0,2.6247,1.5,1.5
21.233,5.1267,-0.0162,0.0051,0.4992,0.0147,0.5,0.0,2.6247,1.5,1.5
21.25,5.135,-0.0162,0.0053,0.5002,0.0152,0.5,0.0,2.6247,1.5,1.5
21.25,5.135,-0.0162,0.0053,0.5002,0.0152,0.5,0.0,2.6247,1.5,1.5
21.25,5.135,-0.0162,0.0053,0.5002,0.0152,0.5,0.0,2.6247,1.5,1.5
21.283,5.1517,-0.0161,0.0057,0.5003,0.0137,0.5,0.0,2.6247,1.5,1.5
21.283,5.1517,-0.0161,0.0057,0.5003,0.0137,0.5,0.0,2.6247,1.5,1.5
21.3,5.16,-0.0161,0.0058,0.5003,0.0133,0.5,0.0,2.6247,1.5,1.5
21.3,5.16,-0.0161,0.0058,0.5003,0.0133,0.5,0.0,2.6247,1.5,1.5
21.3,5.16,-0.0161,0.0058,0.5003,0.0133,0.5,0.0,2.6029,1.5,1.5
21.333,5.1763,-0.0161,0.0061,0.4955,0.0106,0.5,0.0,2.6029,1.5,1.5
21.35,5.1846,-0.016,0.0062,0.4991,0.0115,0.5,0.0,2.6029,1.5,1.5
21.35,5.1846,-0.016,0.0062,0.4991,0.0115,0.4737,-0.0263,2.6029,1.5,1.5
21.367,5.1929,-0.016,0.0064,0.4998,0.0104,0.4737,-0.0263,2.6029,1.5,1.5
21.367,5.1929,-0.016,0.0064,0.4998,0.0104,0.4737,-0.0263,2.6029,1.5,1.5
21.367,5.1929,-0.016,0.0064,0.4998,0.0104,0.4737,-0.0263,2.6029,1.5,1.5
21.4,5.2096,-0.0159,0.0066,0.4998,0.0094,0.5,-0.0263,2.6029,1.5,1.5
21.417,5.2179,-0.0159,0.0066,0.4997,0.0083,0.5,-0.0263,2.6029,1.5,1.5
21.417,5.2179,-0.0159,0.0066,0.4997,0.0083,0.5,-0.0263,2.6145,1.5,1.5
21.417,5.2179,-0.0159,0.0066,0.4997,0.0083,0.5,-0.0263,2.6145,1.5,1.5
21.45,5.2346,-0.0158,0.0068,0.4998,0.0068,0.5,-0.0263,2.6145,1.5,1.5
21.45,5.2346,-0.0158,0.0068,0.4998,0.0068,0.5,-0.0263,2.6145,1.5,1.5
21.467,5.2429,-0.0157,0.0069,0.4995,0.0075,0.5,-0.0263,2.6145,1.5,1.5
21.467,5.2429,-0.0157,0.0069,0.4995,0.0075,0.5,-0.0263,2.6145,1.5,1.5
21.467,5.2429,-0.0157,0.0069,0.4995,0.0075,0.5,-0.0263,2.6145,1.5,1.5
21.5,5.2593,-0.0156,0.0069,0.4787,0.0078,0.5,-0.0263,2.6145,1.5,1.5
21.517,5.2673,-0.0156,0.0069,0.4744,0.0082,0.5,-0.0263,2.6145,1.5,1.5
21.517,5.2673,-0.0156,0.0069,0.4744,0.0082,0.5,-0.0263,2.6226,1.5,1.5
21.533,5.2754,-0.0155,0.007,0.4946,0.0041,0.5,-0.0263,2.6226,1.5,1.5
21.533,5.2754,-0.0155,0.007,0.4946,0.0041,0.5,-0.0263,2.6226,1.5,1.5
21.533,5.2754,-0.0155,0.007,0.4946,0.0041,0.5,-0.0263,2.6226,1.5,1.5
21.567,5.292,-0.0154,0.0069,0.4994,0.0044,0.4737,-0.0263,2.6226,1.5,1.5
21.583,5.3003,-0.0153,0.0068,0.4996,0.0032,0.4737,-0.0263,2.6226,1.5,1.5
21.583,5.3003,-0.0153,0.0068,0.4996,0.0032,0.5,-0.0263,2.6226,1.5,1.5
21.583,5.3003,-0.0153,0.0068,0.4996,0.0032,0.5,-0.0263,2.6226,1.5,1.5
21.617,5.317,-0.0152,0.0068,0.4998,0.001,0.5,-0.0263,2.6226,1.5,1.5
21.633,5.3253,-0.0151,0.0067,0.4998,0.0001,0.5,-0.0263,2.5817,1.5,1.5
21.633,5.3253,-0.0151,0.0067,0.4998,0.0001,0.5,-0.0263,2.5817,1.5,1.5
21.633,5.3253,-0.0151,0.0067,0.4998,0.0001,0.5,-0.0263,2.5817,1.5,1.5
21.667,5.342,-0.015,0.0065,0.5,-0.0018,0.5,-0.0263,2.5817,1.5,1.5
21.667,5.342,-0.015,0.0065,0.5,-0.0018,0.4737,-0.0263,2.5817,1.5,1.5
21.683,5.3503,-0.0149,0.0064,0.5,-0.0026,0.4737,-0.0263,2.5817,1.5,1.5
21.683,5.3503,-0.0149,0.0064,0.5,-0.0026,0.5,-0.0263,2.5817,1.5,1.5
21.7,5.3585,-0.0148,0.0063,0.4793,-0.0025,0.5,-0.0263,2.5817,1.5,1.5
21.7,5.3585,-0.0148,0.0063,0.4793,-0.0025,0.5,-0.0263,2.5817,1.5,1.5
21.733,5.3749,-0.0147,0.006,0.4992,-0.0048,0.5,-0.0263,2.6285,1.5,1.5
21.733,5.3749,-0.0147,0.006,0.4992,-0.0048,0.5,-0.0263,2.6285,1.5,1.5
21.75,5.3832,-0.0146,0.0059,0.5001,-0.0051,0.5,-0.0263,2.6285,1.5,1.5
21.75,5.3832,-0.0146,0.0059,0.5001,-0.0051,0.5,-0.0263,2.6285,1.5,1.5
21.75,5.3832,-0.0146,0.0059,0.5001,-0.0051,0.5,-0.0263,2.6285,1.5,1.5
21.783,5.3999,-0.0145,0.0055,0.5004,-0.0061,0.5,-0.0263,2.6285,1.5,1.5
21.8,5.4081,-0.0144,0.0053,0.4797,-0.0063,0.5,-0.0263,2.6285,1.5,1.5
21.8,5.4081,-0.0144,0.0053,0.4797,-0.0063,0.5,-0.0263,2.6285,1.5,1.5
21.8,5.4081,-0.0144,0.0053,0.4797,-0.0063,0.5,-0.0263,2.6285,1.5,1.5
21.833,5.4241,-0.0142,0.005,0.4953,-0.0089,0.5,-0.0263,2.6036,1.5,1.5
21.833,5.4241,-0.0142,0.005,0.4953,-0.0089,0.5,-0.0263,2.6036,1.5,1.5
21.85,5.4324,-0.0142,0.0048,0.4995,-0.0083,0.4737,-0.0263,2.6036,1.5,1.5
21.867,5.4408,-0.0141,0.0046,0.5004,-0.0092,0.5,-0.0263,2.6036,1.5,1.5
21.867,5.4408,-0.0141,0.0046,0.5004,-0.0092,0.5,0.0,2.6036,1.5,1.5
21.867,5.4408,-0.0141,0.0046,0.5004,-0.0092,0.5,0.0,2.6036,1.5,1.5
21.9,5.4575,-0.014,0.0041,0.5007,-0.01,0.5,0.0,2.6036,1.5,1.5
21.917,5.4658,-0.0139,0.004,0.5006,-0.0105,0.5,0.0,2.6036,1.5,1.5
21.917,5.4658,-0.0139,0.004,0.5006,-0.0105,0.5,0.0,2.6036,1.5,1.5
21.917,5.4658,-0.0139,0.004,0.5006,-0.0105,0.5,0.0,2.5931,1.5,1.5
21.95,5.4825,-0.0138,0.0034,0.5006,-0.0118,0.5,0.0,2.5931,1.5,1.5
21.95,5.4825,-0.0138,0.0034,0.5006,-0.0118,0.5,0.0,2.5931,1.5,1.5
21.967,5.4908,-0.0137,0.0031,0.5007,-0.0119,0.5,0.0,2.5931,1.5,1.5
21.967,5.4908,-0.0137,0.0031,0.5007,-0.0119,0.5,0.0,2.5931,1.5,1.5
21.967,5.4908,-0.0137,0.0031,0.5007,-0.0119,0.5,0.0,2.5931,1.5,1.5
22.0,5.5071,-0.0136,0.0025,0.4962,-0.0142,0.5,0.0,2.5931,1.5,1.5
22.017,5.5155,-0.0135,0.0024,0.4995,-0.0191,0.5,0.0,2.5931,1.5,1.5
22.017,5.5155,-0.0135,0.0024,0.4995,-0.0191,0.5,0.0,2.6564,1.5,1.5
22.033,5.5238,-0.0134,0.0021,0.5,-0.0169,0.5,0.0,2.6564,1.5,1.5
22.033,5.5238,-0.0134,0.0021,0.5,-0.0169,0.5,0.0,2.6564,1.5,1.5
22.033,5.5238,-0.0134,0.0021,0.5,-0.0169,0.5,0.0,2.6564,1.5,1.5
22.067,5.5405,-0.0133,0.0015,0.5003,-0.0158,0.4737,0.0,2.6564,1.5,1.5
22.083,5.5488,-0.0133,0.0012,0.5003,-0.0152,0.4737,0.0,2.6564,1.5,1.5
22.083,5.5488,-0.0133,0.0012,0.5003,-0.0152,0.4737,0.0,2.6564,1.5,1.5
22.083,5.5488,-0.0133,0.0012,0.5003,-0.0152,0.5,0.0,2.6564,1.5,1.5
22.117,5.5655,-0.0132,0.001,0.5001,-0.0145,0.5,0.0,2.6564,1.5,1.5
22.117,5.5655,-0.0132,0.001,0.5001,-0.0145,0.5,0.0,2.6307,1.5,1.5
22.133,5.5738,-0.0132,0.0,0.5001,-0.0142,0.5,0.0,2.6307,1.5,1.5
22.133,5.5738,-0.0132,0.0,0.5001,-0.0142,0.5,0.0,2.6307,1.5,1.5
22.133,5.5738,-0.0132,0.0,0.5001,-0.0142,0.5,0.0,2.6307,1.5,1.5
22.167,5.5905,-0.0131,0.0,0.4999,-0.0136,0.4737,0.0,2.6307,1.5,1.5
22.183,5.5988,-0.0131,0.0,0.4999,-0.0134,0.4737,0.0,2.6307,1.5,1.5
22.183,5.5988,-0.0131,0.0,0.4999,-0.0134,0.4737,0.0,2.6307,1.5,1.5
22.2,5.6069,-0.013,0.0,0.479,-0.0117,0.5,0.0,2.6307,1.5,1.5
22.2,5.6069,-0.013,0.0,0.479,-0.0117,0.5,0.0,2.6307,1.5,1.5
22.233,5.623,-0.013,0.0,0.4949,-0.0131,0.5,0.0,2.6277,1.5,1.5
22.233,5.623,-0.013,0.0,0.4949,-0.0131,0.5,0.0,2.6277,1.5,1.5
22.25,5.6313,-0.0129,0.0,0.4986,-0.0133,0.5,0.0,2.6277,1.5,1.5
22.25,5.6313,-0.0129,0.0,0.4986,-0.0133,0.5,0.0,2.6277,1.5,1.5
22.25,5.6313,-0.0129,0.0,0.4986,-0.0133,0.5,0.0,2.6277,1.5,1.5
22.283,5.6479,-0.0129,0.0,0.4994,-0.0124,0.5,0.0,2.6277,1.5,1.5
22.3,5.656,-0.0129,-0.0,0.4786,-0.0106,0.5,0.0,2.6277,1.5,1.5
22.3,5.656,-0.0129,-0.0,0.4786,-0.0106,0.5,0.0,2.6277,1.5,1.5
22.3,5.656,-0.0129,-0.0,0.4786,-0.0106,0.5,0.0,2.6277,1.5,1.5
22.333,5.6718,-0.0128,-0.0012,0.4734,-0.0111,0.5,0.0,2.6278,1.5,1.5
22.333,5.6718,-0.0128,-0.0012,0.4734,-0.0111,0.5,0.0,2.6278,1.5,1.5
22.35,5.68,-0.0128,-0.0012,0.4941,-0.0122,0.4737,0.0,2.6278,1.5,1.5
22.367,5.6882,-0.0128,-0.0014,0.4984,-0.0109,0.4737,0.0,2.6278,1.5,1.5
22.367,5.6882,-0.0128,-0.0014,0.4984,-0.0109,0.4737,0.0,2.6278,1.5,1.5
22.367,5.6882,-0.0128,-0.0014,0.4984,-0.0109,0.4737,0.0,2.6278,1.5,1.5
22.4,5.7049,-0.0128,-0.0017,0.4995,-0.0112,0.4737,0.0,2.6278,1.5,1.5
22.4,5.7049,-0.0128,-0.0017,0.4995,-0.0112,0.5,0.0,2.6278,1.5,1.5
22.417,5.7132,-0.0128,-0.0018,0.4996,-0.0102,0.5,0.0,2.6278,1.5,1.5
22.417,5.7132,-0.0128,-0.0018,0.4996,-0.0102,0.5,0.0,2.6152,1.5,1.5
22.417,5.7132,-0.0128,-0.0018,0.4996,-0.0102,0.5,0.0,2.6152,1.5,1.5
22.45,5.7299,-0.0128,-0.0021,0.4997,-0.0093,0.5,0.0,2.6152,1.5,1.5
22.467,5.7382,-0.0128,-0.0022,0.4998,-0.0089,0.5,0.0,2.6152,1.5,1.5
22.467,5.7382,-0.0128,-0.0022,0.4998,-0.0089,0.5,0.0,2.6152,1.5,1.5
22.467,5.7382,-0.0128,-0.0022,0.4998,-0.0089,0.5,0.0,2.6152,1.5,1.5
22.5,5.7543,-0.0128,-0.0023,0.4747,-0.0083,0.5,0.0,2.6152,1.5,1.5
22.5,5.7543,-0.0128,-0.0023,0.4747,-0.0083,0.5,0.0,2.6152,1.5,1.5
22.517,5.7622,-0.0128,-0.0024,0.4739,-0.0076,0.5,0.0,2.6152,1.5,1.5
22.533,5.7701,-0.0128,-0.0025,0.4738,-0.0069,0.5,0.0,2.6474,1.5,1.5
22.533,5.7701,-0.0128,-0.0025,0.4738,-0.0069,0.5,0.0,2.6474,1.5,1.5
22.533,5.7701,-0.0128,-0.0025,0.4738,-0.0069,0.5,0.0,2.6474,1.5,1.5
22.567,5.7865,-0.0128,-0.0027,0.4991,-0.0059,0.5,0.0,2.6474,1.5,1.5
22.583,5.7948,-0.0128,-0.0026,0.5001,-0.0071,0.5,0.0,2.6474,1.5,1.5
22.583,5.7948,-0.0128,-0.0026,0.5001,-0.0071,0.5,0.0,2.6474,1.5,1.5
22.583,5.7948,-0.0128,-0.0026,0.5001,-0.0071,0.5,0.0,2.6474,1.5,1.5
22.617,5.8115,-0.0129,-0.0028,0.5004,-0.0059,0.5,0.0,2.6474,1.5,1.5
22.617,5.8115,-0.0129,-0.0028,0.5004,-0.0059,0.5,0.0,2.5865,1.5,1.5
22.633,5.8199,-0.0129,-0.0028,0.5005,-0.0057,0.5,0.0,2.5865,1.5,1.5
22.633,5.8199,-0.0129,-0.0028,0.5005,-0.0057,0.5,0.0,2.5865,1.5,1.5
22.633,5.8199,-0.0129,-0.0028,0.5005,-0.0057,0.5,0.0,2.5865,1.5,1.5
22.667,5.8365,-0.0129,-0.0028,0.5006,-0.0043,0.5,0.0,2.5865,1.5,1.5
22.683,5.8449,-0.0129,-0.003,0.5006,-0.0045,0.5,0.0,2.5865,1.5,1.5
22.683,5.8449,-0.0129,-0.003,0.5006,-0.0045,0.5,0.0,2.5865,1.5,1.5
22.7,5.8532,-0.013,-0.003,0.5006,-0.0039,0.5,0.0,2.5865,1.5,1.5
22.7,5.8532,-0.013,-0.003,0.5006,-0.0039,0.5,0.0,2.5865,1.5,1.5
22.7,5.8532,-0.013,-0.003,0.5006,-0.0039,0.5,0.0,2.5865,1.5,1.5
22.733,5.8699,-0.013,-0.0031,0.5007,-0.0031,0.5,0.0,2.6104,1.5,1.5
22.75,5.8783,-0.013,-0.0031,0.5007,-0.0029,0.5,0.0,2.6104,1.5,1.5
22.75,5.8783,-0.013,-0.0031,0.5007,-0.0029,0.4737,0.0,2.6104,1.5,1.5
22.75,5.8783,-0.013,-0.0031,0.5007,-0.0029,0.4737,0.0,2.6104,1.5,1.5
22.783,5.895,-0.0131,-0.0032,0.5007,-0.0025,0.4737,0.0,2.6104,1.5,1.5
22.783,5.895,-0.0131,-0.0032,0.5007,-0.0025,0.4737,0.0,2.6104,1.5,1.5
22.8,5.9033,-0.0131,-0.0032,0.5007,-0.0023,0.5,0.0,2.6104,1.5,1.5
22.8,5.9033,-0.0131,-0.0032,0.5007,-0.0023,0.5,0.0,2.6104,1.5,1.5
22.8,5.9033,-0.0131,-0.0032,0.5007,-0.0023,0.5,0.0,2.6025,1.5,1.5
22.833,5.92,-0.0131,-0.0032,0.5007,-0.002,0.5,0.0,2.6025,1.5,1.5
22.85,5.9284,-0.0132,-0.0032,0.5006,-0.002,0.5,0.0,2.6025,1.5,1.5
22.85,5.9284,-0.0132,-0.0032,0.5006,-0.002,0.5,0.0,2.6025,1.5,1.5
22.867,5.9367,-0.0132,-0.0032,0.5006,-0.002,0.5,0.0,2.6025,1.5,1.5
22.867,5.9367,-0.0132,-0.0032,0.5006,-0.002,0.5,0.0,2.6025,1.5,1.5
22.867,5.9367,-0.0132,-0.0032,0.5006,-0.002,0.5,0.0,2.6025,1.5,1.5
22.9,5.9528,-0.0132,-0.0034,0.4752,-0.0021,0.5,0.0,2.6025,1.5,1.5
22.917,5.9607,-0.0133,-0.0035,0.4743,-0.0019,0.5,0.0,2.6025,1.5,1.5
22.917,5.9607,-0.0133,-0.0035,0.4743,-0.0019,0.5,0.0,2.6025,1.5,1.5
22.917,5.9607,-0.0133,-0.0035,0.4743,-0.0019,0.5,0.0,2.6297,1.5,1.5
22.95,5.9771,-0.0133,-0.0035,0.4989,-0.0023,0.5,0.0,2.6297,1.5,1.5
22.95,5.9771,-0.0133,-0.0035,0.4989,-0.0023,0.5,0.0,2.6297,1.5,1.5
22.967,5.9854,-0.0133,-0.0035,0.4999,-0.0023,0.4737,0.0,2.6297,1.5,1.5
22.967,5.9854,-0.0133,-0.0035,0.4999,-0.0023,0.4737,0.0,2.6297,1.5,1.5
22.967,5.9854,-0.0133,-0.0035,0.4999,-0.0023,0.4737,0.0,2.6297,1.5,1.5
23.0,6.0021,-0.0134,-0.0036,0.5,-0.0025,0.5,0.0,2.6297,1.5,1.5
23.017,6.0104,-0.0134,-0.0037,0.4999,-0.0026,0.5,0.0,2.6297,1.5,1.5
23.017,6.0104,-0.0134,-0.0037,0.4999,-0.0026,0.5,0.0,2.6704,1.5,1.5
23.033,6.0187,-0.0134,-0.0037,0.4999,-0.0028,0.5,0.0,2.6704,1.5,1.5
23.033,6.0187,-0.0134,-0.0037,0.4999,-0.0028,0.5,0.0,2.6704,1.5,1.5
23.033,6.0187,-0.0134,-0.0037,0.4999,-0.0028,0.5,0.0,2.6704,1.5,1.5
23.067,6.0354,-0.0135,-0.0038,0.4997,-0.0036,0.4737,0.0,2.6704,1.5,1.5
23.083,6.0437,-0.0135,-0.0038,0.4997,-0.0038,0.4737,0.0,2.6704,1.5,1.5
23.083,6.0437,-0.0135,-0.0038,0.4997,-0.0038,0.4737,0.0,2.6704,1.5,1.5
23.083,6.0437,-0.0135,-0.0038,0.4997,-0.0038,0.4737,0.0,2.6704,1.5,1.5
23.117,6.0598,-0.0135,-0.004,0.4744,-0.0041,0.4737,0.0,2.6704,1.5,1.5
23.117,6.0598,-0.0135,-0.004,0.4744,-0.0041,0.5,0.0,2.5799,1.5,1.5
23.133,6.0679,-0.0135,-0.004,0.4943,-0.0038,0.5,0.0,2.5799,1.5,1.5
23.133,6.0679,-0.0135,-0.004,0.4943,-0.0038,0.5,0.0,2.5799,1.5,1.5
23.133,6.0679,-0.0135,-0.004,0.4943,-0.0038,0.5,0.0,2.5799,1.5,1.5
23.133,6.0679,-0.0135,-0.004,0.4943,-0.0038,0.5,0.0,2.5799,1.5,1.5
23.167,6.0845,-0.0136,-0.004,0.4993,-0.0039,0.5,0.0,2.5799,1.5,1.5
23.183,6.0926,-0.0136,-0.0041,0.4786,-0.0029,0.5,0.0,2.5799,1.5,1.5
23.183,6.0926,-0.0136,-0.0041,0.4786,-0.0029,0.5,0.0,2.5799,1.5,1.5
23.2,6.1005,-0.0136,-0.0042,0.4744,-0.0035,0.5,0.0,2.5799,1.5,1.5
23.2,6.1005,-0.0136,-0.0042,0.4744,-0.0035,0.5,0.0,2.5799,1.5,1.5
23.2,6.1005,-0.0136,-0.0042,0.4744,-0.0035,0.5,0.0,2.6271,1.5,1.5
23.233,6.1163,-0.0137,-0.0042,0.4734,-0.0033,0.5,0.0,2.6271,1.5,1.5
23.25,6.1244,-0.0137,-0.0043,0.4942,-0.0046,0.5,0.0,2.6271,1.5,1.5
23.25,6.1244,-0.0137,-0.0043,0.4942,-0.0046,0.5,0.0,2.6271,1.5,1.5
23.25,6.1244,-0.0137,-0.0043,0.4942,-0.0046,0.5,0.0,2.6271,1.5,1.5
23.283,6.141,-0.0138,-0.0043,0.4995,-0.0035,0.5,0.0,2.6271,1.5,1.5
23.283,6.141,-0.0138,-0.0043,0.4995,-0.0035,0.4737,0.0,2.6271,1.5,1.5
23.3,6.1494,-0.0138,-0.0043,0.4998,-0.0032,0.4737,0.0,2.6271,1.5,1.5
23.3,6.1494,-0.0138,-0.0043,0.4998,-0.0032,0.4737,0.0,2.6271,1.5,1.5
23.3,6.1494,-0.0138,-0.0043,0.4998,-0.0032,0.4737,0.0,2.6961,1.5,1.5
23.333,6.166,-0.0139,-0.0044,0.5,-0.0029,0.5,0.0,2.6961,1.5,1.5
23.35,6.1744,-0.0139,-0.0044,0.5001,-0.0027,0.5,0.0,2.6961,1.5,1.5
23.35,6.1744,-0.0139,-0.0044,0.5001,-0.0027,0.5,0.0,2.6961,1.5,1.5
23.367,6.1827,-0.0139,-0.0044,0.5001,-0.0025,0.5,0.0,2.6961,1.5,1.5
23.367,6.1827,-0.0139,-0.0044,0.5001,-0.0025,0.5,0.0,2.6961,1.5,1.5
23.367,6.1827,-0.0139,-0.0044,0.5001,-0.0025,0.5,0.0,2.6961,1.5,1.5
23.4,6.1994,-0.014,-0.0044,0.5003,-0.0018,0.5,0.0,2.6961,1.5,1.5
23.417,6.2077,-0.014,-0.0044,0.5004,-0.0015,0.5,0.0,2.6961,1.5,1.5
23.417,6.2077,-0.014,-0.0044,0.5004,-0.0015,0.5,0.0,2.6175,1.5,1.5
23.417,6.2077,-0.014,-0.0044,0.5004,-0.0015,0.5,0.0,2.6175,1.5,1.5
23.45,6.2238,-0.0141,-0.0045,0.4753,-0.0015,0.5,0.0,2.6175,1.5,1.5
23.45,6.2238,-0.0141,-0.0045,0.4753,-0.0015,0.5,0.0,2.6175,1.5,1.5
23.467,6.232,-0.0142,-0.0044,0.4952,-0.0014,0.4737,0.0,2.6175,1.5,1.5
23.467,6.232,-0.0142,-0.0044,0.4952,-0.0014,0.4737,0.0,2.6175,1.5,1.5
23.467,6.232,-0.0142,-0.0044,0.4952,-0.0014,0.4737,0.0,2.6175,1.5,1.5
23.5,6.2486,-0.0142,-0.0044,0.5004,-0.0007,0.4737,0.0,2.6175,1.5,1.5
23.517,6.2569,-0.0143,-0.0044,0.5006,-0.0005,0.4737,0.0,2.6175,1.5,1.5
23.517,6.2569,-0.0143,-0.0044,0.5006,-0.0005,0.5,0.0,2.5884,1.5,1.5
23.533,6.2653,-0.0143,-0.0045,0.5007,-0.0001,0.5,0.0,2.5884,1.5,1.5
23.533,6.2653,-0.0143,-0.0045,0.5007,-0.0001,0.5,0.0,2.5884,1.5,1.5
23.533,6.2653,-0.0143,-0.0045,0.5007,-0.0001,0.5,0.0,2.5884,1.5,1.5
23.567,6.282,-0.0144,-0.0044,0.5008,0.0004,0.5,0.0,2.5884,1.5,1.5
23.583,6.2903,-0.0144,-0.0044,0.5008,0.0005,0.5,0.0,2.5884,1.5,1.5
23.583,6.2903,-0.0144,-0.0044,0.5008,0.0005,0.5,0.0,2.5884,1.5,1.5
23.583,6.2903,-0.0144,-0.0044,0.5008,0.0005,0.5,0.0,2.5884,1.5,1.5
23.617,6.3064,-0.0145,-0.0044,0.4756,0.0001,0.5,0.0,2.5884,1.5,1.5
23.633,6.3143,-0.0146,-0.0044,0.4746,0.0009,0.5,0.0,2.6231,1.5,1.5
23.633,6.3143,-0.0146,-0.0044,0.4746,0.0009,0.5,0.0,2.6231,1.5,1.5
23.633,6.3143,-0.0146,-0.0044,0.4746,0.0009,0.5,0.0,2.6231,1.5,1.5
23.667,6.3304,-0.0146,-0.0044,0.4947,0.0022,0.5,0.0,2.6231,1.5,1.5
23.667,6.3304,-0.0146,-0.0044,0.4947,0.0022,0.4737,0.0,2.6231,1.5,1.5
23.683,6.3387,-0.0147,-0.0044,0.4993,-0.0,0.4737,0.0,2.6231,1.5,1.5
23.683,6.3387,-0.0147,-0.0044,0.4993,-0.0,0.5,0.0,2.6231,1.5,1.5
23.7,6.347,-0.0147,-0.0044,0.5003,0.0009,0.5,0.0,2.6231,1.5,1.5
23.7,6.347,-0.0147,-0.0044,0.5003,0.0009,0.5,0.0,2.6231,1.5,1.5
23.733,6.3637,-0.0148,-0.0044,0.5004,0.0005,0.5,0.0,2.6637,1.5,1.5
23.733,6.3637,-0.0148,-0.0044,0.5004,0.0005,0.5,0.0,2.6637,1.5,1.5
23.75,6.372,-0.0148,-0.0044,0.5004,0.0004,0.5,0.0,2.6637,1.5,1.5
23.75,6.372,-0.0148,-0.0044,0.5004,0.0004,0.5,0.0,2.6637,1.5,1.5
23.75,6.372,-0.0148,-0.0044,0.5004,0.0004,0.5,0.0,2.6637,1.5,1.5
23.783,6.3887,-0.0149,-0.0044,0.5002,0.0001,0.5,0.0,2.6637,1.5,1.5
23.8,6.3968,-0.0149,-0.0045,0.4793,0.0006,0.5,0.0,2.6637,1.5,1.5
23.8,6.3968,-0.0149,-0.0045,0.4793,0.0006,0.5,0.0,2.6637,1.5,1.5
23.8,6.3968,-0.0149,-0.0045,0.4793,0.0006,0.5,0.0,2.6637,1.5,1.5
23.833,6.4129,-0.015,-0.0044,0.4945,0.0015,0.5,0.0,2.6539,1.5,1.5
23.833,6.4129,-0.015,-0.0044,0.4945,0.0015,0.5,0.0,2.6539,1.5,1.5
23.85,6.4211,-0.015,-0.0045,0.4989,-0.0018,0.5,0.0,2.6539,1.5,1.5
23.867,6.4295,-0.0151,-0.0045,0.4996,-0.0005,0.5,0.0,2.6539,1.5,1.5
23.867,6.4295,-0.0151,-0.0045,0.4996,-0.0005,0.4737,0.0,2.6539,1.5,1.5
23.867,6.4295,-0.0151,-0.0045,0.4996,-0.0005,0.4737,0.0,2.6539,1.5,1.5
23.9,6.4461,-0.0151,-0.0046,0.4997,-0.0012,0.4737,0.0,2.6539,1.5,1.5
23.9,6.4461,-0.0151,-0.0046,0.4997,-0.0012,0.4737,0.0,2.6539,1.5,1.5
23.917,6.4545,-0.0152,-0.0046,0.4996,-0.0013,0.4737,0.0,2.6539,1.5,1.5
23.917,6.4545,-0.0152,-0.0046,0.4996,-0.0013,0.5,0.0,2.6237,1.5,1.5
23.917,6.4545,-0.0152,-0.0046,0.4996,-0.0013,0.5,0.0,2.6237,1.5,1.5
23.95,6.4711,-0.0152,-0.0046,0.4995,-0.0018,0.5,0.0,2.6237,1.5,1.5
23.967,6.4794,-0.0153,-0.0046,0.4995,-0.0022,0.5,0.0,2.6237,1.5,1.5
23.967,6.4794,-0.0153,-0.0046,0.4995,-0.0022,0.4737,0.0,2.6237,1.5,1.5
23.967,6.4794,-0.0153,-0.0046,0.4995,-0.0022,0.4737,0.0,2.6237,1.5,1.5
24.0,6.4961,-0.0153,-0.0046,0.4995,-0.0022,0.4737,0.0,2.6237,1.5,1.5
24.0,6.4961,-0.0153,-0.0046,0.4995,-0.0022,0.4737,0.0,2.6237,1.5,1.5
24.017,6.5042,-0.0153,-0.0048,0.4787,-0.0012,0.5,0.0,2.6237,1.5,1.5
24.033,6.5121,-0.0154,-0.0047,0.4744,-0.0021,0.5,0.0,2.5596,1.5,1.5
24.033,6.5121,-0.0154,-0.0047,0.4744,-0.0021,0.5,0.0,2.5596,1.5,1.5
24.033,6.5121,-0.0154,-0.0047,0.4744,-0.0021,0.5,0.0,2.5596,1.5,1.5
24.067,6.5282,-0.0154,-0.0048,0.494,-0.003,0.5,0.0,2.5596,1.5,1.5
24.067,6.5282,-0.0154,-0.0048,0.494,-0.003,0.5,0.0,2.5596,1.5,1.5
24.083,6.5364,-0.0155,-0.0048,0.4985,-0.0019,0.5,0.0,2.5596,1.5,1.5
24.083,6.5364,-0.0155,-0.0048,0.4985,-0.0019,0.5,0.0,2.5596,1.5,1.5
24.083,6.5364,-0.0155,-0.0048,0.4985,-0.0019,0.5,0.0,2.5596,1.5,1.5
24.117,6.5525,-0.0155,-0.0049,0.4746,-0.002,0.5,0.0,2.5596,1.5,1.5
24.133,6.5604,-0.0156,-0.0048,0.4738,-0.0021,0.5,0.0,2.6137,1.5,1.5
24.133,6.5604,-0.0156,-0.0048,0.4738,-0.0021,0.5,0.0,2.6137,1.5,1.5
24.133,6.5604,-0.0156,-0.0048,0.4738,-0.0021,0.5,0.0,2.6137,1.5,1.5
24.167,6.5768,-0.0157,-0.0048,0.4989,-0.0012,0.5,0.0,2.6137,1.5,1.5
24.167,6.5768,-0.0157,-0.0048,0.4989,-0.0012,0.5,0.0,2.6137,1.5,1.5
24.183,6.5851,-0.0157,-0.0049,0.4998,-0.0019,0.4737,0.0,2.6137,1.5,1.5
24.2,6.5935,-0.0157,-0.0048,0.5001,-0.0018,0.4737,0.0,2.6137,1.5,1.5
24.2,6.5935,-0.0157,-0.0048,0.5001,-0.0018,0.4737,0.0,2.6137,1.5,1.5
24.2,6.5935,-0.0157,-0.0048,0.5001,-0.0018,0.4737,0.0,2.6137,1.5,1.5
24.233,6.6101,-0.0158,-0.0048,0.5003,-0.0011,0.4737,0.0,2.5976,1.5,1.5
24.233,6.6101,-0.0158,-0.0048,0.5003,-0.0011,0.5,0.0,2.5976,1.5,1.5
24.25,6.6185,-0.0159,-0.0048,0.5004,-0.0007,0.5,0.0,2.5976,1.5,1.5
24.25,6.6185,-0.0159,-0.0048,0.5004,-0.0007,0.5,0.0,2.5976,1.5,1.5
24.25,6.6185,-0.0159,-0.0048,0.5004,-0.0007,0.5,0.0,2.5976,1.5,1.5
24.283,6.6352,-0.0159,-0.0048,0.5005,-0.0002,0.5,0.0,2.5976,1.5,1.5
24.3,6.6435,-0.016,-0.0048,0.5005,0.0005,0.5,0.0,2.5976,1.5,1.5
24.3,6.6435,-0.016,-0.0048,0.5005,0.0005,0.5,0.0,2.5976,1.5,1.5
24.3,6.6435,-0.016,-0.0048,0.5005,0.0005,0.5,0.0,2.5976,1.5,1.5
24.333,6.6596,-0.0161,-0.0048,0.4754,-0.0004,0.5,0.0,2.5835,1.5,1.5
24.333,6.6596,-0.0161,-0.0048,0.4754,-0.0004,0.5,0.0,2.5835,1.5,1.5
24.35,6.6675,-0.0161,-0.0048,0.4746,-0.0001,0.5,0.0,2.5835,1.5,1.5
24.367,6.6754,-0.0162,-0.0048,0.4745,-0.0001,0.5,0.0,2.5835,1.5,1.5
24.367,6.6754,-0.0162,-0.0048,0.4745,-0.0001,0.5,0.0,2.5835,1.5,1.5
24.367,6.6754,-0.0162,-0.0048,0.4745,-0.0001,0.5,0.0,2.5835,1.5,1.5
24.4,6.6919,-0.0162,-0.0048,0.4998,-0.0,0.5,0.0,2.5835,1.5,1.5
24.4,6.6919,-0.0162,-0.0048,0.4998,-0.0,0.4737,0.0,2.5835,1.5,1.5
24.417,6.7002,-0.0163,-0.0047,0.5005,0.0017,0.5,0.0,2.5835,1.5,1.5
24.417,6.7002,-0.0163,-0.0047,0.5005,0.0017,0.5,0.0,2.57,1.5,1.5
24.417,6.7002,-0.0163,-0.0047,0.5005,0.0017,0.5,0.0,2.57,1.5,1.5
24.45,6.7169,-0.0164,-0.0047,0.5007,0.0016,0.5,0.0,2.57,1.5,1.5
24.467,6.7252,-0.0164,-0.0047,0.5008,0.0014,0.5,0.0,2.57,1.5,1.5
24.467,6.7252,-0.0164,-0.0047,0.5008,0.0014,0.5,0.0,2.57,1.5,1.5
24.467,6.7252,-0.0164,-0.0047,0.5008,0.0014,0.5,0.0,2.57,1.5,1.5
24.5,6.7419,-0.0165,-0.0047,0.5007,0.0013,0.5,0.0,2.57,1.5,1.5
24.5,6.7419,-0.0165,-0.0047,0.5007,0.0013,0.5,0.0,2.57,1.5,1.5
24.517,6.7503,-0.0165,-0.0047,0.5006,0.0013,0.5,0.0,2.57,1.5,1.5
24.533,6.7586,-0.0166,-0.0046,0.5006,0.0013,0.5,0.0,2.6096,1.5,1.5
24.533,6.7586,-0.0166,-0.0046,0.5006,0.0013,0.5,0.0,2.6096,1.5,1.5
24.533,6.7586,-0.0166,-0.0046,0.5006,0.0013,0.5,0.0,2.6096,1.5,1.5
24.567,6.7753,-0.0167,-0.0047,0.5004,0.001,0.5,0.0,2.6096,1.5,1.5
24.567,6.7753,-0.0167,-0.0047,0.5004,0.001,0.5,0.0,2.6096,1.5,1.5
24.583,6.7836,-0.0167,-0.0046,0.5004,0.0009,0.4737,0.0,2.6096,1.5,1.5
24.583,6.7836,-0.0167,-0.0046,0.5004,0.0009,0.4737,0.0,2.6096,1.5,1.5
24.583,6.7836,-0.0167,-0.0046,0.5004,0.0009,0.5,0.0,2.6096,1.5,1.5
24.617,6.8003,-0.0168,-0.0047,0.5002,0.0006,0.5,0.0,2.6096,1.5,1.5
24.633,6.8086,-0.0168,-0.0047,0.5001,0.0004,0.5,0.0,2.657,1.5,1.5
24.633,6.8086,-0.0168,-0.0047,0.5001,0.0004,0.5,0.0,2.657,1.5,1.5
24.633,6.8086,-0.0168,-0.0047,0.5001,0.0004,0.5,0.0,2.657,1.5,1.5
24.667,6.8253,-0.0169,-0.0047,0.5,-0.0,0.5,0.0,2.657,1.5,1.5
24.667,6.8253,-0.0169,-0.0047,0.5,-0.0,0.5,0.0,2.657,1.5,1.5
24.683,6.8336,-0.0169,-0.0047,0.4999,-0.0002,0.5,0.0,2.657,1.5,1.5
24.7,6.842,-0.017,-0.0048,0.4998,-0.0004,0.5,0.0,2.657,1.5,1.5
24.7,6.842,-0.017,-0.0048,0.4998,-0.0004,0.5,0.0,2.657,1.5,1.5
24.7,6.842,-0.017,-0.0048,0.4998,-0.0004,0.5,0.0,2.657,1.5,1.5
24.733,6.858,-0.017,-0.0048,0.4745,-0.0013,0.4737,0.0,2.6078,1.5,1.5
24.733,6.858,-0.017,-0.0048,0.4745,-0.0013,0.5,0.0,2.6078,1.5,1.5
24.75,6.8661,-0.0171,-0.0048,0.4942,-0.0043,0.5,0.0,2.6078,1.5,1.5
24.75,6.8661,-0.0171,-0.0048,0.4942,-0.0043,0.5,0.0,2.6078,1.5,1.5
24.75,6.8661,-0.0171,-0.0048,0.4942,-0.0043,0.5,0.0,2.6078,1.5,1.5
24.783,6.8827,-0.0171,-0.0048,0.4993,-0.0007,0.5,0.0,2.6078,1.5,1.5
24.8,6.8911,-0.0172,-0.0049,0.4995,-0.0023,0.5,0.0,2.6078,1.5,1.5
24.8,6.8911,-0.0172,-0.0049,0.4995,-0.0023,0.5,0.0,2.6078,1.5,1.5
24.8,6.8911,-0.0172,-0.0049,0.4995,-0.0023,0.5,0.0,2.6078,1.5,1.5
24.833,6.9077,-0.0173,-0.0049,0.4995,-0.0012,0.5,0.0,2.6119,1.5,1.5
24.833,6.9077,-0.0173,-0.0049,0.4995,-0.0012,0.5,0.0,2.6119,1.5,1.5
24.85,6.916,-0.0173,-0.005,0.4995,-0.0022,0.5,0.0,2.6119,1.5,1.5
24.867,6.9242,-0.0173,-0.0049,0.4787,-0.0011,0.5,0.0,2.6119,1.5,1.5
24.867,6.9242,-0.0173,-0.0049,0.4787,-0.0011,0.5,0.0,2.6119,1.5,1.5
24.867,6.9242,-0.0173,-0.0049,0.4787,-0.0011,0.5,0.0,2.6119,1.5,1.5
24.9,6.9406,-0.0174,-0.005,0.4988,-0.0018,0.5,0.0,2.6119,1.5,1.5
24.9,6.9406,-0.0174,-0.005,0.4988,-0.0018,0.4737,0.0,2.6119,1.5,1.5
24.917,6.9489,-0.0174,-0.005,0.4995,-0.0016,0.4737,0.0,2.6119,1.5,1.5
24.917,6.9489,-0.0174,-0.005,0.4995,-0.0016,0.4737,0.0,2.5816,1.5,1.5
24.917,6.9489,-0.0174,-0.005,0.4995,-0.0016,0.4737,0.0,2.5816,1.5,1.5
24.95,6.9656,-0.0175,-0.005,0.4998,-0.0019,0.5,0.0,2.5816,1.5,1.5
24.967,6.9739,-0.0176,-0.005,0.4999,-0.0017,0.5,0.0,2.5816,1.5,1.5
24.967,6.9739,-0.0176,-0.005,0.4999,-0.0017,0.5,0.0,2.5816,1.5,1.5
24.967,6.9739,-0.0176,-0.005,0.4999,-0.0017,0.5,0.0,2.5816,1.5,1.5
25.0,6.9906,-0.0176,-0.005,0.5001,-0.0015,0.5,0.0,2.5816,1.5,1.5
25.0,6.9906,-0.0176,-0.005,0.5001,-0.0015,0.5,0.0,2.5816,1.5,1.5
25.017,6.9989,-0.0177,-0.005,0.5001,-0.0012,0.5,0.0,2.5816,1.5,1.5
25.033,7.0073,-0.0177,-0.005,0.5002,-0.001,0.5,0.0,2.6155,1.5,1.5
25.033,7.0073,-0.0177,-0.005,0.5002,-0.001,0.5,0.0,2.6155,1.5,1.5
25.033,7.0073,-0.0177,-0.005,0.5002,-0.001,0.5,0.0,2.6155,1.5,1.5
25.067,7.0234,-0.0178,-0.005,0.4752,-0.0006,0.5,0.0,2.6155,1.5,1.5
25.067,7.0234,-0.0178,-0.005,0.4752,-0.0006,0.5,0.0,2.6155,1.5,1.5
25.083,7.0313,-0.0178,-0.005,0.4743,0.0002,0.4737,0.0,2.6155,1.5,1.5
25.083,7.0313,-0.0178,-0.005,0.4743,0.0002,0.4737,0.0,2.6155,1.5,1.5
25.083,7.0313,-0.0178,-0.005,0.4743,0.0002,0.4737,0.0,2.6155,1.5,1.5
25.117,7.0477,-0.0179,-0.005,0.4994,0.0005,0.4737,0.0,2.6155,1.5,1.5
25.133,7.056,-0.018,-0.005,0.5003,0.0008,0.4737,0.0,2.5965,1.5,1.5
25.133,7.056,-0.018,-0.005,0.5003,0.0008,0.5,0.0,2.5965,1.5,1.5
25.133,7.056,-0.018,-0.005,0.5003,0.0008,0.5,0.0,2.5965,1.5,1.5
25.167,7.0727,-0.0181,-0.0049,0.5006,0.0002,0.5,0.0,2.5965,1.5,1.5
25.183,7.0811,-0.0181,-0.0049,0.5007,0.0009,0.5,0.0,2.5965,1.5,1.5
25.183,7.0811,-0.0181,-0.0049,0.5007,0.0009,0.5,0.0,2.5965,1.5,1.5
25.2,7.0894,-0.0182,-0.0048,0.5007,0.0001,0.5,0.0,2.5965,1.5,1.5
25.2,7.0894,-0.0182,-0.0048,0.5007,0.0001,0.5,0.0,2.5965,1.5,1.5
25.2,7.0894,-0.0182,-0.0048,0.5007,0.0001,0.5,0.0,2.6358,1.5,1.5
25.233,7.1055,-0.0182,-0.0048,0.4756,0.0008,0.5,0.0,2.6358,1.5,1.5
25.233,7.1055,-0.0182,-0.0048,0.4756,0.0008,0.5,0.0,2.6358,1.5,1.5
25.25,7.1134,-0.0183,-0.0048,0.4748,0.0003,0.5,0.0,2.6358,1.5,1.5
25.25,7.1134,-0.0183,-0.0048,0.4748,0.0003,0.5,0.0,2.6358,1.5,1.5
25.283,7.1298,-0.0184,-0.0048,0.4994,0.0012,0.5,0.0,2.6358,1.5,1.5
25.283,7.1298,-0.0184,-0.0048,0.4994,0.0012,0.5,0.0,2.6358,1.5,1.5
25.3,7.1382,-0.0184,-0.0048,0.5004,0.0015,0.5,0.0,2.6358,1.5,1.5
25.3,7.1382,-0.0184,-0.0048,0.5004,0.0015,0.5,0.0,2.6358,1.5,1.5
25.3,7.1382,-0.0184,-0.0048,0.5004,0.0015,0.5,0.0,2.6358,1.5,1.5
25.333,7.1548,-0.0185,-0.0048,0.5006,0.0014,0.5,0.0,2.6041,1.5,1.5
25.35,7.1632,-0.0186,-0.0048,0.5006,0.0013,0.5,0.0,2.6041,1.5,1.5
25.35,7.1632,-0.0186,-0.0048,0.5006,0.0013,0.5,0.0,2.6041,1.5,1.5
25.367,7.1715,-0.0186,-0.0047,0.5005,0.0012,0.5,0.0,2.6041,1.5,1.5
25.367,7.1715,-0.0186,-0.0047,0.5005,0.0012,0.5,0.0,2.6041,1.5,1.5
25.367,7.1715,-0.0186,-0.0047,0.5005,0.0012,0.5,0.0,2.6041,1.5,1.5
25.367,7.1715,-0.0186,-0.0047,0.5005,0.0012,0.5,0.0,2.6041,1.5,1.5
25.4,7.1882,-0.0187,-0.0048,0.5004,0.0009,0.5,0.0,2.6041,1.5,1.5
25.417,7.1966,-0.0187,-0.0048,0.5003,0.0008,0.4737,0.0,2.6041,1.5,1.5
25.417,7.1966,-0.0187,-0.0048,0.5003,0.0008,0.4737,0.0,2.6219,1.5,1.5
25.417,7.1966,-0.0187,-0.0048,0.5003,0.0008,0.4737,0.0,2.6219,1.5,1.5
25.417,7.1966,-0.0187,-0.0048,0.5003,0.0008,0.4737,0.0,2.6219,1.5,1.5
25.417,7.1966,-0.0187,-0.0048,0.5003,0.0008,0.4737,0.0,2.6219,1.5,1.5
25.45,7.2132,-0.0188,-0.0048,0.5002,0.0004,0.5,0.0,2.6219,1.5,1.5
25.467,7.2216,-0.0188,-0.0048,0.5001,0.0002,0.5,0.0,2.6219,1.5,1.5
25.467,7.2216,-0.0188,-0.0048,0.5001,0.0002,0.5,0.0,2.6219,1.5,1.5
25.467,7.2216,-0.0188,-0.0048,0.5001,0.0002,0.5,0.0,2.6219,1.5,1.5
25.5,7.2382,-0.0189,-0.0049,0.4999,-0.0002,0.5,0.0,2.6219,1.5,1.5
25.5,7.2382,-0.0189,-0.0049,0.4999,-0.0002,0.5,0.0,2.6219,1.5,1.5
25.517,7.2466,-0.0189,-0.0048,0.4999,-0.0004,0.5,0.0,2.6219,1.5,1.5
25.533,7.2547,-0.019,-0.0049,0.479,0.0,0.5,0.0,2.5576,1.5,1.5
25.533,7.2547,-0.019,-0.0049,0.479,0.0,0.5,0.0,2.5576,1.5,1.5
25.533,7.2547,-0.019,-0.0049,0.479,0.0,0.5,0.0,2.5576,1.5,1.5
25.567,7.2705,-0.0191,-0.0049,0.4737,-0.0009,0.5,0.0,2.5576,1.5,1.5
25.567,7.2705,-0.0191,-0.0049,0.4737,-0.0009,0.5,0.0,2.5576,1.5,1.5
25.583,7.2784,-0.0191,-0.0049,0.4734,-0.0011,0.4737,0.0,2.5576,1.5,1.5
25.583,7.2784,-0.0191,-0.0049,0.4734,-0.0011,0.4737,0.0,2.5576,1.5,1.5
25.617,7.2948,-0.0192,-0.005,0.4984,-0.0015,0.4737,0.0,2.5576,1.5,1.5
25.617,7.2948,-0.0192,-0.005,0.4984,-0.0015,0.4737,0.0,2.5848,1.5,1.5
25.633,7.3031,-0.0192,-0.0049,0.4993,-0.0018,0.5,0.0,2.5848,1.5,1.5
25.633,7.3031,-0.0192,-0.0049,0.4993,-0.0018,0.5,0.0,2.5848,1.5,1.5
25.633,7.3031,-0.0192,-0.0049,0.4993,-0.0018,0.5,0.0,2.5848,1.5,1.5
25.667,7.3198,-0.0193,-0.0051,0.4995,-0.001,0.5,0.0,2.5848,1.5,1.5
25.683,7.3281,-0.0193,-0.005,0.4995,-0.002,0.5,0.0,2.5848,1.5,1.5
25.683,7.3281,-0.0193,-0.005,0.4995,-0.002,0.5,0.0,2.5848,1.5,1.5
25.7,7.3364,-0.0193,-0.0051,0.4996,-0.002,0.5,0.0,2.5848,1.5,1.5
25.7,7.3364,-0.0193,-0.0051,0.4996,-0.002,0.5,0.0,2.5848,1.5,1.5
25.7,7.3364,-0.0193,-0.0051,0.4996,-0.002,0.5,-0.16,2.5675,1.5,1.5
25.733,7.3525,-0.0194,-0.005,0.4745,-0.0019,0.5,-0.1842,2.5675,1.5,1.5
25.75,7.3604,-0.0195,-0.0051,0.4737,-0.0017,0.5,-0.1842,2.5675,1.5,1.5
25.75,7.3604,-0.0195,-0.0051,0.4737,-0.0017,0.5,-0.1842,2.5675,1.5,1.5
25.75,7.3604,-0.0195,-0.0051,0.4737,-0.0017,0.5,-0.1842,2.5675,1.5,1.5
25.783,7.3768,-0.0195,-0.0051,0.4987,-0.0017,0.5,-0.1842,2.5675,1.5,1.5
25.783,7.3768,-0.0195,-0.0051,0.4987,-0.0017,0.5,-0.1842,2.5675,1.5,1.5
25.8,7.3851,-0.0196,-0.0052,0.4997,-0.0015,0.5,-0.1842,2.5675,1.5,1.5
25.8,7.3851,-0.0196,-0.0052,0.4997,-0.0015,0.5,-0.1842,2.5675,1.5,1.5
25.833,7.4018,-0.0197,-0.0051,0.5001,-0.0012,0.5,-0.1842,2.5937,1.5,1.5
25.833,7.4018,-0.0197,-0.0051,0.5001,-0.0012,0.5,-0.1842,2.5937,1.5,1.5
25.85,7.4101,-0.0196,-0.0056,0.4911,-0.0208,0.5,-0.1842,2.5937,1.5,1.5
25.85,7.4101,-0.0196,-0.0056,0.4911,-0.0208,0.5,-0.1842,2.5937,1.5,1.5
25.867,7.4184,-0.0195,-0.0064,0.5022,-0.0591,0.5,-0.1316,2.5937,1.5,1.5
25.867,7.4184,-0.0195,-0.0064,0.5022,-0.0591,0.5,-0.1316,2.5937,1.5,1.5
25.9,7.4352,-0.0193,-0.009,0.5058,-0.0741,0.5,-0.1316,2.5937,1.5,1.5
25.9,7.4352,-0.0193,-0.009,0.5058,-0.0741,0.5,-0.1842,2.5937,1.5,1.5
25.917,7.4435,-0.0192,-0.0104,0.5009,-0.0887,0.5,-0.1842,2.5937,1.5,1.5
25.917,7.4435,-0.0192,-0.0104,0.5009,-0.0887,0.5,-0.1842,2.5584,1.5,1.5
25.917,7.4435,-0.0192,-0.0104,0.5009,-0.0887,0.5,-0.1842,2.5584,1.5,1.5
25.95,7.4603,-0.0189,-0.0135,0.5015,-0.0927,0.5,-0.1842,2.5584,1.5,1.5
25.967,7.4686,-0.0187,-0.0152,0.5059,-0.0835,0.5,-0.0242,2.5584,1.5,1.5
25.967,7.4686,-0.0187,-0.0152,0.5059,-0.0835,0.5,0.0789,2.5584,1.5,1.5
25.967,7.4686,-0.0187,-0.0152,0.5059,-0.0835,0.5,0.0789,2.5584,1.5,1.5
26.0,7.4854,-0.0185,-0.0186,0.5033,-0.0808,0.5,0.0789,2.5584,1.5,1.5
26.0,7.4854,-0.0185,-0.0186,0.5033,-0.0808,0.5,0.0789,2.5584,1.5,1.5
26.017,7.4938,-0.0184,-0.0202,0.5013,-0.0903,0.5,0.0789,2.5584,1.5,1.5
26.033,7.5021,-0.0184,-0.0219,0.5009,-0.0921,0.5,0.0789,2.5393,1.5,1.5
26.033,7.5021,-0.0184,-0.0219,0.5009,-0.0921,0.5,0.0789,2.5393,1.5,1.5
26.033,7.5021,-0.0184,-0.0219,0.5009,-0.0921,0.5,0.0789,2.5393,1.5,1.5
26.067,7.5189,-0.0182,-0.0256,0.5026,-0.113,0.5,0.0789,2.5393,1.5,1.5
26.067,7.5189,-0.0182,-0.0256,0.5026,-0.113,0.5,0.0789,2.5393,1.5,1.5
26.083,7.5273,-0.0181,-0.0276,0.5051,-0.1059,0.5,0.0789,2.5393,1.5,1.5
26.083,7.5273,-0.0181,-0.0276,0.5051,-0.1059,0.5,0.0789,2.5393,1.5,1.5
26.083,7.5273,-0.0181,-0.0276,0.5051,-0.1059,0.5,0.0789,2.5393,1.5,1.5
26.117,7.5439,-0.0183,-0.0297,0.5007,-0.0454,0.5,0.0789,2.5393,1.5,1.5
26.133,7.5522,-0.0185,-0.0301,0.5002,-0.0214,0.5,0.0789,2.5144,1.5,1.5
26.133,7.5522,-0.0185,-0.0301,0.5002,-0.0214,0.5,0.0789,2.5144,1.5,1.5
26.133,7.5522,-0.0185,-0.0301,0.5002,-0.0214,0.5,0.0789,2.5144,1.5,1.5
26.167,7.5688,-0.019,-0.0301,0.5033,0.0042,0.5,0.0789,2.5144,1.5,1.5
26.167,7.5688,-0.019,-0.0301,0.5033,0.0042,0.5,0.0789,2.5144,1.5,1.5
26.183,7.5772,-0.0192,-0.03,0.5007,0.009,0.5,0.0789,2.5144,1.5,1.5
26.2,7.5855,-0.0195,-0.0299,0.5013,0.0024,0.5,0.0263,2.5144,1.5,1.5
26.2,7.5855,-0.0195,-0.0299,0.5013,0.0024,0.5,0.0263,2.5144,1.5,1.5
26.2,7.5855,-0.0195,-0.0299,0.5013,0.0024,0.5,0.0263,2.5144,1.5,1.5
26.233,7.6022,-0.02,-0.0296,0.5004,-0.0053,0.5,0.0789,2.4628,1.5,1.5
26.233,7.6022,-0.02,-0.0296,0.5004,-0.0053,0.5,0.0789,2.4628,1.5,1.5
26.25,7.6105,-0.0203,-0.0295,0.5003,-0.0095,0.5,0.0789,2.4628,1.5,1.5
26.25,7.6105,-0.0203,-0.0295,0.5003,-0.0095,0.5,0.0789,2.4628,1.5,1.5
26.25,7.6105,-0.0203,-0.0295,0.5003,-0.0095,0.5,0.0789,2.4628,1.5,1.5
26.283,7.6271,-0.0208,-0.0292,0.5001,0.0011,0.5,0.0789,2.4628,1.5,1.5
26.3,7.6355,-0.0211,-0.029,0.4998,-0.0005,0.5,0.0789,2.4628,1.5,1.5
26.3,7.6355,-0.0211,-0.029,0.4998,-0.0005,0.4737,0.0789,2.4628,1.5,1.5
26.3,7.6355,-0.0211,-0.029,0.4998,-0.0005,0.4737,0.0789,2.4628,1.5,1.5
26.333,7.6521,-0.0217,-0.0286,0.4997,0.0046,0.4737,0.0789,2.4276,1.5,1.5
26.333,7.6521,-0.0217,-0.0286,0.4997,0.0046,0.5,0.0789,2.4276,1.5,1.5
26.35,7.6604,-0.0219,-0.0285,0.4999,0.0034,0.5,0.0789,2.4276,1.5,1.5
26.367,7.6688,-0.0222,-0.0282,0.4994,0.0059,0.5,0.0789,2.4276,1.5,1.5
26.367,7.6688,-0.0222,-0.0282,0.4994,0.0059,0.5,0.0789,2.4276,1.5,1.5
26.367,7.6688,-0.0222,-0.0282,0.4994,0.0059,0.5,0.0789,2.4276,1.5,1.5
26.4,7.6854,-0.0228,-0.0275,0.4998,0.0005,0.5,0.0789,2.4276,1.5,1.5
26.4,7.6854,-0.0228,-0.0275,0.4998,0.0005,0.5,0.0789,2.4276,1.5,1.5
26.417,7.6937,-0.0231,-0.0271,0.4995,0.0093,0.5,0.0789,2.4276,1.5,1.5
26.417,7.6937,-0.0231,-0.0271,0.4995,0.0093,0.5,0.0789,2.4568,1.5,1.5
26.417,7.6937,-0.0231,-0.0271,0.4995,0.0093,0.5,0.0789,2.4568,1.5,1.5
26.45,7.7098,-0.0236,-0.0262,0.4754,0.0174,0.5,0.0789,2.4568,1.5,1.5
26.467,7.7179,-0.0239,-0.0257,0.4948,0.0217,0.5,0.0789,2.4568,1.5,1.5
26.467,7.7179,-0.0239,-0.0257,0.4948,0.0217,0.5,0.0789,2.4568,1.5,1.5
26.467,7.7179,-0.0239,-0.0257,0.4948,0.0217,0.5,0.0789,2.4568,1.5,1.5
26.5,7.7345,-0.0245,-0.0245,0.5002,0.0243,0.5,0.0789,2.4568,1.5,1.5
26.5,7.7345,-0.0245,-0.0245,0.5002,0.0243,0.4737,0.0789,2.4568,1.5,1.5
26.517,7.7428,-0.0248,-0.0239,0.5006,0.0254,0.4737,0.0789,2.4568,1.5,1.5
26.533,7.7512,-0.0251,-0.0233,0.5009,0.0281,0.4737,0.0789,2.4004,1.5,1.5
26.533,7.7512,-0.0251,-0.0233,0.5009,0.0281,0.4737,0.0789,2.4004,1.5,1.5
26.533,7.7512,-0.0251,-0.0233,0.5009,0.0281,0.4737,0.0789,2.4004,1.5,1.5
26.567,7.7679,-0.0257,-0.0218,0.5009,0.0322,0.4737,0.0789,2.4004,1.5,1.5
26.567,7.7679,-0.0257,-0.0218,0.5009,0.0322,0.5,0.0789,2.4004,1.5,1.5
26.583,7.7762,-0.026,-0.0211,0.501,0.0347,0.5,0.0263,2.4004,1.5,1.5
26.583,7.7762,-0.026,-0.0211,0.501,0.0347,0.5,0.0263,2.4004,1.5,1.5
26.617,7.7929,-0.0266,-0.0194,0.5012,0.0393,0.5,0.0263,2.4004,1.5,1.5
26.617,7.7929,-0.0266,-0.0194,0.5012,0.0393,0.5,0.0789,2.4004,1.5,1.5
26.633,7.8011,-0.0269,-0.0186,0.4804,0.0401,0.5,0.0789,2.3574,1.5,1.5
26.633,7.8011,-0.0269,-0.0186,0.4804,0.0401,0.5,0.0789,2.3574,1.5,1.5
26.633,7.8011,-0.0269,-0.0186,0.4804,0.0401,0.5,0.2368,2.3574,1.5,1.5
26.667,7.8169,-0.0274,-0.0168,0.4754,0.0435,0.5,0.2368,2.3574,1.5,1.5
26.683,7.8249,-0.0277,-0.0159,0.4753,0.0456,0.5,0.2368,2.3574,1.5,1.5
26.683,7.8249,-0.0277,-0.0159,0.4753,0.0456,0.5,0.2368,2.3574,1.5,1.5
26.7,7.8328,-0.028,-0.015,0.4753,0.0477,0.5,0.2368,2.3574,1.5,1.5
26.7,7.8328,-0.028,-0.015,0.4753,0.0477,0.5,0.2368,2.3574,1.5,1.5
26.7,7.8328,-0.028,-0.015,0.4753,0.0477,0.5,0.2368,2.3574,1.5,1.5
26.733,7.8492,-0.0285,-0.0132,0.4976,0.057,0.5,0.2895,2.3112,1.5,1.5
26.75,7.8575,-0.0287,-0.0123,0.4988,0.0563,0.5,0.2895,2.3112,1.5,1.5
26.75,7.8575,-0.0287,-0.0123,0.4988,0.0563,0.5,0.2895,2.3112,1.5,1.5
26.75,7.8575,-0.0287,-0.0123,0.4988,0.0563,0.5,0.2895,2.3112,1.5,1.5
26.783,7.8742,-0.0293,-0.0097,0.4989,0.1101,0.5,0.2895,2.3112,1.5,1.5
26.783,7.8742,-0.0293,-0.0097,0.4989,0.1101,0.4737,0.2368,2.3112,1.5,1.5
26.8,7.8825,-0.0297,-0.0077,0.5078,0.1314,0.4737,0.2368,2.3112,1.5,1.5
26.8,7.8825,-0.0297,-0.0077,0.5078,0.1314,0.4737,0.2368,2.3112,1.5,1.5
26.8,7.8825,-0.0297,-0.0077,0.5078,0.1314,0.4737,0.2368,2.2411,1.5,1.5
26.833,7.8994,-0.0305,-0.0028,0.5044,0.1478,0.5,0.2368,2.2411,1.5,1.5
26.85,7.9078,-0.0309,-0.0,0.507,0.1439,0.5,0.2368,2.2411,1.5,1.5
26.85,7.9078,-0.0309,-0.0,0.507,0.1439,0.5,0.2895,2.2411,1.5,1.5
26.867,7.9162,-0.0313,0.0022,0.5085,0.1667,0.5,0.2895,2.2411,1.5,1.5
26.867,7.9162,-0.0313,0.0022,0.5085,0.1667,0.5,0.1316,2.2411,1.5,1.5
26.867,7.9162,-0.0313,0.0022,0.5085,0.1667,0.5,0.1316,2.2411,1.5,1.5
26.9,7.9331,-0.0322,0.0085,0.5156,0.1589,0.5,0.1316,2.2411,1.5,1.5
26.9,7.9331,-0.0322,0.0085,0.5156,0.1589,0.5,0.1316,2.2411,1.5,1.5
26.917,7.9417,-0.0325,0.0116,0.5132,0.1652,0.5,0.1316,2.2411,1.5,1.5
26.917,7.9417,-0.0325,0.0116,0.5132,0.1652,0.5,0.1316,2.2411,1.5,1.5
26.917,7.9417,-0.0325,0.0116,0.5132,0.1652,0.5,0.1316,2.2018,1.5,1.5
26.95,7.9583,-0.0332,0.0174,0.5019,0.1787,0.5,0.1316,2.2018,1.5,1.5
26.95,7.9583,-0.0332,0.0174,0.5019,0.1787,0.4737,0.1316,2.2018,1.5,1.5
26.967,7.9667,-0.0335,0.0207,0.5057,0.1846,0.5,0.1316,2.2018,1.5,1.5
26.967,7.9667,-0.0335,0.0207,0.5057,0.1846,0.5,0.1316,2.2018,1.5,1.5
26.967,7.9667,-0.0335,0.0207,0.5057,0.1846,0.5,0.1316,2.2018,1.5,1.5
27.0,7.9836,-0.0341,0.0272,0.5041,0.2061,0.5,0.1316,2.2018,1.5,1.5
27.017,7.992,-0.0344,0.0305,0.501,0.2015,0.5,0.1316,2.2018,1.5,1.5
27.017,7.992,-0.0344,0.0305,0.501,0.2015,0.5,0.1316,2.1789,1.5,1.5
27.033,8.0003,-0.0346,0.0338,0.5001,0.2107,0.5,0.1316,2.1789,1.5,1.5
27.033,8.0003,-0.0346,0.0338,0.5001,0.2107,0.5,0.1316,2.1789,1.5,1.5
27.067,8.017,-0.035,0.0404,0.4987,0.2076,0.5,0.1316,2.1789,1.5,1.5
27.067,8.017,-0.035,0.0404,0.4987,0.2076,0.5,0.1316,2.1789,1.5,1.5
27.083,8.0253,-0.0351,0.0438,0.4968,0.2131,0.5,0.1316,2.1789,1.5,1.5
27.083,8.0253,-0.0351,0.0438,0.4968,0.2131,0.5,0.1316,2.1789,1.5,1.5
27.083,8.0253,-0.0351,0.0438,0.4968,0.2131,0.5,0.2368,2.1789,1.5,1.5
27.117,8.042,-0.0354,0.0506,0.501,0.2205,0.5,0.2368,2.1789,1.5,1.5
27.117,8.042,-0.0354,0.0506,0.501,0.2205,0.5,0.1842,2.1507,1.5,1.5
27.133,8.0503,-0.0355,0.0541,0.4996,0.225,0.5,0.2368,2.1507,1.5,1.5
27.133,8.0503,-0.0355,0.0541,0.4996,0.225,0.5,0.2368,2.1507,1.5,1.5
27.167,8.067,-0.0356,0.0612,0.4976,0.226,0.5,0.2368,2.1507,1.5,1.5
27.167,8.067,-0.0356,0.0612,0.4976,0.226,0.5,0.2368,2.1507,1.5,1.5
27.183,8.0753,-0.0356,0.0648,0.4974,0.222,0.5,0.2368,2.1507,1.5,1.5
27.183,8.0753,-0.0356,0.0648,0.4974,0.222,0.5,0.1842,2.1507,1.5,1.5
27.2,8.0837,-0.0355,0.0684,0.4976,0.2384,0.5,0.1842,2.1507,1.5,1.5
27.2,8.0837,-0.0355,0.0684,0.4976,0.2384,0.5,0.1842,2.1507,1.5,1.5
27.233,8.1003,-0.0355,0.076,0.4984,0.2335,0.5,0.1842,2.0969,1.5,1.5
27.233,8.1003,-0.0355,0.076,0.4984,0.2335,0.5,0.1842,2.0969,1.5,1.5
27.25,8.1087,-0.0354,0.0799,0.4972,0.2408,0.5,0.1842,2.0969,1.5,1.5
27.25,8.1087,-0.0354,0.0799,0.4972,0.2408,0.5,0.1842,2.0969,1.5,1.5
27.25,8.1087,-0.0354,0.0799,0.4972,0.2408,0.5,0.1842,2.0969,1.5,1.5
27.283,8.1254,-0.0352,0.088,0.4962,0.2462,0.4737,0.2368,2.0969,1.5,1.5
27.3,8.1337,-0.0351,0.0921,0.4957,0.2528,0.4737,0.2368,2.0969,1.5,1.5
27.3,8.1337,-0.0351,0.0921,0.4957,0.2528,0.4737,0.2368,2.0969,1.5,1.5
27.3,8.1337,-0.0351,0.0921,0.4957,0.2528,0.4737,0.2368,2.0969,1.5,1.5
27.333,8.1503,-0.0348,0.1005,0.4947,0.2583,0.5,0.1842,2.0455,1.5,1.5
27.333,8.1503,-0.0348,0.1005,0.4947,0.2583,0.5,0.1842,2.0455,1.5,1.5
27.35,8.1586,-0.0345,0.1048,0.4959,0.2676,0.5,0.1842,2.0455,1.5,1.5
27.367,8.1669,-0.0343,0.1091,0.4971,0.2702,0.5,0.1842,2.0455,1.5,1.5
27.367,8.1669,-0.0343,0.1091,0.4971,0.2702,0.5,0.1842,2.0455,1.5,1.5
27.367,8.1669,-0.0343,0.1091,0.4971,0.2702,0.5,0.1842,2.0455,1.5,1.5
27.367,8.1669,-0.0343,0.1091,0.4971,0.2702,0.5,0.1842,2.0455,1.5,1.5
27.367,8.1669,-0.0343,0.1091,0.4971,0.2702,0.5,0.1842,2.0455,1.5,1.5
27.4,8.1836,-0.0338,0.1181,0.5003,0.2823,0.5,0.1316,2.0455,1.5,1.5
27.417,8.1918,-0.0335,0.1227,0.4887,0.2773,0.5,0.1316,2.0455,1.5,1.5
27.417,8.1918,-0.0335,0.1227,0.4887,0.2773,0.5,0.1316,1.9886,1.5,1.5
27.417,8.1918,-0.0335,0.1227,0.4887,0.2773,0.5,0.1316,1.9886,1.5,1.5
27.45,8.2081,-0.0328,0.1321,0.4911,0.2904,0.5,0.1316,1.9886,1.5,1.5
27.45,8.2081,-0.0328,0.1321,0.4911,0.2904,0.5,0.1316,1.9886,1.5,1.5
27.467,8.2163,-0.0324,0.1368,0.4943,0.2983,0.5,0.1316,1.9886,1.5,1.5
27.467,8.2163,-0.0324,0.1368,0.4943,0.2983,0.5,0.1316,1.9886,1.5,1.5
27.467,8.2163,-0.0324,0.1368,0.4943,0.2983,0.5,0.1316,1.9886,1.5,1.5
27.5,8.233,-0.0316,0.1467,0.5006,0.3146,0.5,0.1842,1.9886,1.5,1.5
27.517,8.2413,-0.0311,0.1518,0.5012,0.3182,0.5,0.1842,1.9886,1.5,1.5
27.517,8.2413,-0.0311,0.1518,0.5012,0.3182,0.5,0.1316,1.9364,1.5,1.5
27.533,8.2497,-0.0305,0.1568,0.4994,0.3198,0.5,0.0789,1.9364,1.5,1.5
27.533,8.2497,-0.0305,0.1568,0.4994,0.3198,0.5,0.0789,1.9364,1.5,1.5
27.567,8.2663,-0.0294,0.1668,0.497,0.3254,0.5,0.0789,1.9364,1.5,1.5
27.567,8.2663,-0.0294,0.1668,0.497,0.3254,0.5,0.0789,1.9364,1.5,1.5
27.583,8.2746,-0.0287,0.1719,0.4986,0.3269,0.5,0.0789,1.9364,1.5,1.5
27.583,8.2746,-0.0287,0.1719,0.4986,0.3269,0.5,0.0789,1.9364,1.5,1.5
27.583,8.2746,-0.0287,0.1719,0.4986,0.3269,0.5,0.0789,1.9364,1.5,1.5
27.617,8.2913,-0.0273,0.1822,0.4986,0.3309,0.5,0.0789,1.9364,1.5,1.5
27.633,8.2996,-0.0265,0.1875,0.4992,0.3354,0.5,0.0789,1.8997,1.5,1.5
27.633,8.2996,-0.0265,0.1875,0.4992,0.3354,0.5,0.0789,1.8997,1.5,1.5
27.633,8.2996,-0.0265,0.1875,0.4992,0.3354,0.5,0.0789,1.8997,1.5,1.5
27.667,8.3162,-0.0249,0.1983,0.4983,0.3386,0.5,0.0789,1.8997,1.5,1.5
27.667,8.3162,-0.0249,0.1983,0.4983,0.3386,0.5,0.0789,1.8997,1.5,1.5
27.683,8.3245,-0.0241,0.2035,0.489,0.3222,0.5,0.0789,1.8997,1.5,1.5
27.7,8.3327,-0.0231,0.2084,0.4961,0.2935,0.5,0.0789,1.8997,1.5,1.5
27.7,8.3327,-0.0231,0.2084,0.4961,0.2935,0.5,0.0789,1.8997,1.5,1.5
27.7,8.3327,-0.0231,0.2084,0.4961,0.2935,0.5,0.0789,1.8997,1.5,1.5
27.733,8.3491,-0.0209,0.2175,0.4963,0.2609,0.5,0.0789,1.7464,1.5,1.5
27.733,8.3491,-0.0209,0.2175,0.4963,0.2609,0.5,0.0263,1.7464,1.5,1.5
27.75,8.3573,-0.0197,0.2216,0.5001,0.2495,0.5,0.0263,1.7464,1.5,1.5
27.75,8.3573,-0.0197,0.2216,0.5001,0.2495,0.5,0.0263,1.7464,1.5,1.5
27.75,8.3573,-0.0197,0.2216,0.5001,0.2495,0.5,0.0789,1.7464,1.5,1.5
27.783,8.3737,-0.0172,0.2294,0.4991,0.224,0.5,0.0789,1.7464,1.5,1.5
27.8,8.382,-0.0158,0.233,0.4995,0.2183,0.5,0.0789,1.7464,1.5,1.5
27.8,8.382,-0.0158,0.233,0.4995,0.2183,0.5,0.0789,1.7464,1.5,1.5
27.8,8.382,-0.0158,0.233,0.4995,0.2183,0.5,0.0789,1.7464,1.5,1.5
27.833,8.3983,-0.013,0.2401,0.4975,0.2052,0.5,0.0789,1.6635,1.3662,1.5
27.833,8.3983,-0.013,0.2401,0.4975,0.2052,0.5,0.0789,1.6635,1.3662,1.5
27.85,8.4065,-0.0115,0.2434,0.4984,0.203,0.5,0.0789,1.6635,1.3662,1.5
27.85,8.4065,-0.0115,0.2434,0.4984,0.203,0.5,0.0789,1.6635,1.3662,1.5
27.867,8.4147,-0.0099,0.2465,0.4991,0.1809,0.5,0.0789,1.6635,1.3662,1.5
27.867,8.4147,-0.0099,0.2465,0.4991,0.1809,0.5,0.0789,1.6635,1.3662,1.5
27.9,8.431,-0.0066,0.252,0.499,0.1702,0.5,0.0789,1.6635,1.3662,1.5
27.9,8.431,-0.0066,0.252,0.499,0.1702,0.5,0.0789,1.6635,1.3662,1.5
27.917,8.4391,-0.005,0.2549,0.4967,0.1765,0.5,0.0789,1.6635,1.3662,1.5
27.917,8.4391,-0.005,0.2549,0.4967,0.1765,0.5,0.0789,1.6095,1.3662,1.5
27.917,8.4391,-0.005,0.2549,0.4967,0.1765,0.5,0.0789,1.6095,1.3662,1.5
27.95,8.4553,-0.0016,0.2609,0.4969,0.1938,0.5,0.0789,1.6095,1.3662,1.5
27.95,8.4553,-0.0016,0.2609,0.4969,0.1938,0.5,0.0789,1.6095,1.3662,1.5
27.967,8.4634,0.0001,0.2639,0.4966,0.2093,0.5,0.0789,1.6095,1.3662,1.5
27.967,8.4634,0.0001,0.2639,0.4966,0.2093,0.5,0.0789,1.6095,1.3662,1.5
28.0,8.4797,0.0036,0.2703,0.4975,0.209,0.5,0.0789,1.6095,1.3662,1.5
28.0,8.4797,0.0036,0.2703,0.4975,0.209,0.5,-0.0811,1.6095,1.3662,1.5
28.017,8.4878,0.0053,0.2736,0.4961,0.2057,0.5,-0.2411,1.6095,1.3662,1.5
28.033,8.4959,0.0071,0.2768,0.495,0.2036,0.5,-0.4011,1.5473,1.2597,1.5
28.033,8.4959,0.0071,0.2768,0.495,0.2036,0.5,-0.4474,1.5473,1.2597,1.5
28.033,8.4959,0.0071,0.2768,0.495,0.2036,0.5,-0.4474,1.5473,1.2597,1.5
28.067,8.5121,0.0108,0.2833,0.4985,0.2128,0.5,-0.4474,1.5473,1.2597,1.5
28.067,8.5121,0.0108,0.2833,0.4985,0.2128,0.5,-0.5,1.5473,1.2597,1.5
28.083,8.5202,0.0126,0.2865,0.4981,0.213,0.5,-0.5,1.5473,1.2597,1.5
28.083,8.5202,0.0126,0.2865,0.4981,0.213,0.5,-0.5,1.5473,1.2597,1.5
28.083,8.5202,0.0126,0.2865,0.4981,0.213,0.5,-0.5,1.5473,1.2597,1.5
28.117,8.5364,0.0165,0.293,0.4986,0.2124,0.5,-0.5,1.5473,1.2597,1.5
28.117,8.5364,0.0165,0.293,0.4986,0.2124,0.5,-0.5,1.4926,1.2597,1.5
28.133,8.5444,0.0184,0.2959,0.4824,0.1678,0.5,-0.5,1.4926,1.2597,1.5
28.133,8.5444,0.0184,0.2959,0.4824,0.1678,0.5,-0.5,1.4926,1.2597,1.5
28.133,8.5444,0.0184,0.2959,0.4824,0.1678,0.5,-0.5,1.4926,1.2597,1.5
28.167,8.5598,0.0228,0.298,0.4762,0.0125,0.4737,-0.5,1.4926,1.2597,1.5
28.183,8.5674,0.0253,0.2971,0.4733,-0.0662,0.4737,-0.5,1.4926,1.2597,1.5
28.183,8.5674,0.0253,0.2971,0.4733,-0.0662,0.4737,-0.5,1.4926,1.2597,1.5
28.2,8.5751,0.0279,0.2951,0.4926,-0.1274,0.4737,-0.5,1.4926,1.2597,1.5
28.2,8.5751,0.0279,0.2951,0.4926,-0.1274,0.4737,-0.5,1.4926,1.2597,1.5
28.233,8.591,0.0337,0.2885,0.5271,-0.251,0.5,-0.4474,1.4581,1.1702,1.5
28.233,8.591,0.0337,0.2885,0.5271,-0.251,0.5,-0.4474,1.4581,1.1702,1.5
28.233,8.591,0.0337,0.2885,0.5271,-0.251,0.5,-0.4474,1.4581,1.1702,1.5
28.25,8.5992,0.0368,0.2839,0.5356,-0.2951,0.5,-0.4474,1.4581,1.1702,1.5
28.25,8.5992,0.0368,0.2839,0.5356,-0.2951,0.5,-0.4474,1.4581,1.1702,1.5
28.25,8.5992,0.0368,0.2839,0.5356,-0.2951,0.5,-0.4474,1.4581,1.1702,1.5
28.283,8.6154,0.0431,0.2734,0.519,-0.3151,0.5,-0.4474,1.4581,1.1702,1.5
28.283,8.6154,0.0431,0.2734,0.519,-0.3151,0.5,-0.4474,1.4581,1.1702,1.5
28.3,8.6234,0.0462,0.268,0.512,-0.3211,0.5,-0.4474,1.4581,1.1702,1.5
28.3,8.6234,0.0462,0.268,0.512,-0.3211,0.5,-0.4474,1.4581,1.1702,1.5
28.3,8.6234,0.0462,0.268,0.512,-0.3211,0.5,-0.4474,1.4581,1.1702,1.5
28.333,8.639,0.0521,0.2569,0.506,-0.3372,0.5,-0.4474,1.4578,1.1702,1.5
28.35,8.6469,0.0551,0.2511,0.5078,-0.3566,0.5,-0.4474,1.4578,1.1702,1.5
28.35,8.6469,0.0551,0.2511,0.5078,-0.3566,0.5,-0.4474,1.4578,1.1702,1.5
28.367,8.655,0.058,0.2451,0.5141,-0.3539,0.5,-0.4474,1.4578,1.1702,1.5
28.367,8.655,0.058,0.2451,0.5141,-0.3539,0.5,-0.4474,1.4578,1.1702,1.5
28.367,8.655,0.058,0.2451,0.5141,-0.3539,0.5,-0.4474,1.4578,1.1702,1.5
28.4,8.671,0.0638,0.233,0.5109,-0.355,0.5,-0.4474,1.4578,1.1702,1.5
28.417,8.679,0.0667,0.2267,0.5109,-0.3571,0.5,-0.4474,1.4578,1.1702,1.5
28.417,8.679,0.0667,0.2267,0.5109,-0.3571,0.5,-0.4474,1.514,1.2201,1.4267
28.417,8.679,0.0667,0.2267,0.5109,-0.3571,0.5,-0.4474,1.514,1.2201,1.4267
28.45,8.6951,0.0723,0.2139,0.5053,-0.3962,0.4737,-0.2874,1.514,1.2201,1.4267
28.45,8.6951,0.0723,0.2139,0.5053,-0.3962,0.4737,-0.1274,1.514,1.2201,1.4267
28.467,8.7031,0.075,0.2071,0.504,-0.3972,0.4737,0.0326,1.514,1.2201,1.4267
28.467,8.7031,0.075,0.2071,0.504,-0.3972,0.5,0.1316,1.514,1.2201,1.4267
28.467,8.7031,0.075,0.2071,0.504,-0.3972,0.5,0.1316,1.514,1.2201,1.4267
28.5,8.7192,0.0804,0.1932,0.5032,-0.4192,0.5,0.0789,1.514,1.2201,1.4267
28.517,8.7272,0.0831,0.1859,0.5019,-0.4318,0.5,0.0789,1.514,1.2201,1.4267
28.517,8.7272,0.0831,0.1859,0.5019,-0.4318,0.5,0.1316,1.514,1.2201,1.4267
28.533,8.7352,0.0857,0.1785,0.5005,-0.4437,0.5,0.1316,1.4694,1.2201,1.4267
28.533,8.7352,0.0857,0.1785,0.5005,-0.4437,0.5,0.1316,1.4694,1.2201,1.4267
28.533,8.7352,0.0857,0.1785,0.5005,-0.4437,0.5,0.1316,1.4694,1.2201,1.4267
28.567,8.7512,0.0908,0.1633,0.498,-0.4633,0.5,0.1842,1.4694,1.2201,1.4267
28.583,8.7591,0.0932,0.1557,0.4834,-0.4648,0.5,0.1842,1.4694,1.2201,1.4267
28.583,8.7591,0.0932,0.1557,0.4834,-0.4648,0.5,0.1842,1.4694,1.2201,1.4267
28.583,8.7591,0.0932,0.1557,0.4834,-0.4648,0.5,0.1842,1.4694,1.2201,1.4267
28.617,8.7741,0.0973,0.1437,0.4511,-0.3117,0.5,0.1842,1.4694,1.2201,1.4267
28.617,8.7741,0.0973,0.1437,0.4511,-0.3117,0.5,0.1842,1.4314,1.2201,1.332
28.633,8.7816,0.099,0.139,0.4583,-0.2708,0.5,0.1316,1.4314,1.4015,1.332
28.633,8.7816,0.099,0.139,0.4583,-0.2708,0.5,0.1316,1.4314,1.4015,1.332
28.633,8.7816,0.099,0.139,0.4583,-0.2708,0.5,0.1316,1.4314,1.4015,1.332
28.667,8.7969,0.1021,0.1324,0.4656,-0.1618,0.5,0.1842,1.4314,1.4015,1.332
28.683,8.8047,0.1035,0.1303,0.4752,-0.1072,0.5,0.1842,1.4314,1.4015,1.332
28.683,8.8047,0.1035,0.1303,0.4752,-0.1072,0.5,0.1316,1.4314,1.4015,1.332
28.7,8.8126,0.1047,0.1292,0.4774,-0.045,0.5,0.1316,1.4314,1.4015,1.332
28.7,8.8126,0.1047,0.1292,0.4774,-0.045,0.5,0.1316,1.4314,1.4015,1.332
28.7,8.8126,0.1047,0.1292,0.4774,-0.045,0.5,0.1316,1.4314,1.4015,1.332
28.733,8.8286,0.1067,0.1296,0.4936,0.0612,0.5,0.1316,1.3783,1.4015,1.332
28.75,8.8368,0.1076,0.1307,0.5015,0.0893,0.5,0.1316,1.3783,1.4015,1.332
28.75,8.8368,0.1076,0.1307,0.5015,0.0893,0.5,0.1316,1.3783,1.4015,1.332
28.75,8.8368,0.1076,0.1307,0.5015,0.0893,0.5,0.1316,1.3783,1.4015,1.332
28.783,8.8533,0.1095,0.133,0.5008,0.0636,0.5,0.1316,1.3783,1.4015,1.332
28.783,8.8533,0.1095,0.133,0.5008,0.0636,0.5,0.1316,1.3783,1.4015,1.332
28.8,8.8616,0.1104,0.1342,0.5055,0.0799,0.5,0.1316,1.3783,1.4015,1.332
28.8,8.8616,0.1104,0.1342,0.5055,0.0799,0.5,0.1316,1.3783,1.4015,1.332
28.8,8.8616,0.1104,0.1342,0.5055,0.0799,0.5,0.1316,1.3221,1.296,1.2412
28.833,8.8782,0.1123,0.1364,0.503,0.046,0.5,0.1316,1.3221,1.296,1.2412
28.85,8.8864,0.1133,0.1372,0.5008,0.0391,0.5,0.1316,1.3221,1.296,1.2412
28.85,8.8864,0.1133,0.1372,0.5008,0.0391,0.5,0.1316,1.3221,1.296,1.2412
28.867,8.8947,0.1143,0.1381,0.5014,0.0368,0.5,0.1316,1.3221,1.296,1.2412
28.867,8.8947,0.1143,0.1381,0.5014,0.0368,0.5,0.1316,1.3221,1.296,1.2412
28.867,8.8947,0.1143,0.1381,0.5014,0.0368,0.5,0.1316,1.3221,1.296,1.2412
28.9,8.9113,0.1164,0.1398,0.5014,0.0411,0.4737,0.1316,1.3221,1.296,1.2412
28.917,8.9196,0.1174,0.1407,0.4988,0.0385,0.4737,0.1316,1.3221,1.296,1.2412
28.917,8.9196,0.1174,0.1407,0.4988,0.0385,0.4737,0.1316,1.3221,1.296,1.2412
28.917,8.9196,0.1174,0.1407,0.4988,0.0385,0.4737,0.1316,1.2785,1.296,1.2412
28.95,8.9362,0.1195,0.1427,0.501,0.0428,0.4737,0.1316,1.2785,1.296,1.2412
28.95,8.9362,0.1195,0.1427,0.501,0.0428,0.4737,0.1316,1.2785,1.296,1.2412
28.967,8.9444,0.1205,0.1438,0.4993,0.0437,0.5,0.1316,1.2785,1.296,1.2412
28.967,8.9444,0.1205,0.1438,0.4993,0.0437,0.5,0.1316,1.2785,1.296,1.2412
28.967,8.9444,0.1205,0.1438,0.4993,0.0437,0.5,0.1316,1.2785,1.296,1.2412
29.0,8.961,0.1226,0.1462,0.4988,0.0517,0.5,0.1316,1.2785,1.296,1.2412
29.017,8.9693,0.1236,0.1475,0.4995,0.0512,0.5,0.1316,1.2785,1.296,1.2412
29.033,8.9774,0.1246,0.1487,0.4864,0.0486,0.5,0.1316,1.2268,1.2028,1.1474
29.033,8.9774,0.1246,0.1487,0.4864,0.0486,0.5,0.0789,1.2268,1.2028,1.1474
29.033,8.9774,0.1246,0.1487,0.4864,0.0486,0.5,0.0789,1.2268,1.2028,1.1474
29.067,8.9932,0.1266,0.1514,0.4742,0.0703,0.5,0.0789,1.2268,1.2028,1.1474
29.067,8.9932,0.1266,0.1514,0.4742,0.0703,0.5,0.0789,1.2268,1.2028,1.1474
29.083,9.0011,0.1276,0.1528,0.4745,0.0671,0.5,0.1316,1.2268,1.2028,1.1474
29.083,9.0011,0.1276,0.1528,0.4745,0.0671,0.5,0.1316,1.2268,1.2028,1.1474
29.083,9.0011,0.1276,0.1528,0.4745,0.0671,0.5,0.1316,1.2268,1.2028,1.1474
29.117,9.0174,0.1296,0.1559,0.4961,0.0807,0.4737,0.1316,1.2268,1.2028,1.1474
29.133,9.0257,0.1307,0.1575,0.4989,0.0861,0.4737,0.1316,1.1775,1.2028,1.1474
29.133,9.0257,0.1307,0.1575,0.4989,0.0861,0.4737,0.1316,1.1775,1.2028,1.1474
29.133,9.0257,0.1307,0.1575,0.4989,0.0861,0.4737,0.1316,1.1775,1.2028,1.1474
29.167,9.0422,0.1328,0.1609,0.4989,0.0946,0.4737,0.1316,1.1775,1.2028,1.1474
29.167,9.0422,0.1328,0.1609,0.4989,0.0946,0.4737,0.0789,1.1775,1.2028,1.1474
29.183,9.0505,0.1339,0.1625,0.497,0.0926,0.4737,0.0789,1.1775,1.2028,1.1474
29.2,9.0587,0.135,0.1642,0.4988,0.0994,0.4737,0.0789,1.1775,1.2028,1.1474
29.2,9.0587,0.135,0.1642,0.4988,0.0994,0.4737,0.0263,1.1775,1.2028,1.1474
29.2,9.0587,0.135,0.1642,0.4988,0.0994,0.4737,0.0263,1.1775,1.2028,1.1474
29.233,9.0753,0.1373,0.1678,0.5007,0.1098,0.4737,0.0263,1.1409,1.1111,1.048
29.233,9.0753,0.1373,0.1678,0.5007,0.1098,0.4474,0.0789,1.1409,1.1111,1.048
29.25,9.0836,0.1384,0.1697,0.4983,0.1047,0.4474,0.0789,1.1409,1.1111,1.048
29.25,9.0836,0.1384,0.1697,0.4983,0.1047,0.4474,0.0789,1.1409,1.1111,1.048
29.25,9.0836,0.1384,0.1697,0.4983,0.1047,0.4474,0.0789,1.1409,1.1111,1.048
29.283,9.0996,0.1406,0.1736,0.4756,0.1078,0.4211,0.0789,1.1409,1.1111,1.048
29.3,9.1074,0.1417,0.1753,0.4742,0.1171,0.4211,0.0789,1.1409,1.1111,1.048
29.3,9.1074,0.1417,0.1753,0.4742,0.1171,0.4474,0.0263,1.1409,1.1111,1.048
29.3,9.1074,0.1417,0.1753,0.4742,0.1171,0.4474,0.0263,1.1409,1.1111,1.048
29.333,9.1231,0.1439,0.179,0.4735,0.121,0.4211,0.0789,1.0869,1.1111,1.048
29.333,9.1231,0.1439,0.179,0.4735,0.121,0.4211,0.0789,1.0869,1.1111,1.048
29.35,9.1309,0.1451,0.1807,0.4728,0.1149,0.4211,0.0789,1.0869,1.1111,1.048
29.367,9.1387,0.1462,0.1824,0.474,0.1162,0.4211,0.0263,1.0869,1.1111,1.048
29.367,9.1387,0.1462,0.1824,0.474,0.1162,0.4211,0.0789,1.0869,1.1111,1.048
29.367,9.1387,0.1462,0.1824,0.474,0.1162,0.4211,0.0789,1.0869,1.1111,1.048
29.4,9.1538,0.1485,0.1859,0.4503,0.1095,0.4211,0.0789,1.0869,1.1111,1.048
29.4,9.1538,0.1485,0.1859,0.4503,0.1095,0.4211,0.0789,1.0869,1.1111,1.048
29.417,9.1612,0.1496,0.1877,0.4472,0.1042,0.4211,0.0263,1.0869,1.1111,1.048
29.417,9.1612,0.1496,0.1877,0.4472,0.1042,0.4211,0.0263,1.0405,1.0252,0.9503
29.45,9.1759,0.152,0.1908,0.4484,0.099,0.4211,0.0263,1.0405,1.0252,0.9503
29.45,9.1759,0.152,0.1908,0.4484,0.099,0.3947,0.0,1.0405,1.0252,0.9503
29.467,9.1831,0.1531,0.1925,0.429,0.1059,0.3947,0.0,1.0405,1.0252,0.9503
29.467,9.1831,0.1531,0.1925,0.429,0.1059,0.3947,0.0263,1.0405,1.0252,0.9503
29.467,9.1831,0.1531,0.1925,0.429,0.1059,0.3947,0.0263,1.0405,1.0252,0.9503
29.5,9.1971,0.1554,0.1956,0.4227,0.1008,0.3947,0.0789,1.0405,1.0252,0.9503
29.517,9.204,0.1565,0.1971,0.422,0.0994,0.3947,0.0789,1.0405,1.0252,0.9503
29.517,9.204,0.1565,0.1971,0.422,0.0994,0.3947,0.0789,1.0405,1.0252,0.9503
29.533,9.211,0.1577,0.1987,0.4222,0.0969,0.3947,0.0789,1.0036,1.0252,0.9503
29.533,9.211,0.1577,0.1987,0.4222,0.0969,0.3947,0.0789,1.0036,1.0252,0.9503
29.533,9.211,0.1577,0.1987,0.4222,0.0969,0.3947,0.0789,1.0036,1.0252,0.9503
29.567,9.2248,0.16,0.2016,0.4212,0.0953,0.3947,0.0789,1.0036,1.0252,0.9503
29.583,9.2317,0.1612,0.203,0.4209,0.0964,0.3684,0.0263,1.0036,1.0252,0.9503
29.583,9.2317,0.1612,0.203,0.4209,0.0964,0.3684,0.0,1.0036,1.0252,0.9503
29.583,9.2317,0.1612,0.203,0.4209,0.0964,0.3684,0.0,1.0036,1.0252,0.9503
29.617,9.245,0.1636,0.2056,0.3952,0.0873,0.3684,0.0,1.0036,1.0252,0.9503
29.617,9.245,0.1636,0.2056,0.3952,0.0873,0.3684,0.0789,0.9617,1.0252,0.8569
29.633,9.2515,0.1647,0.2069,0.3941,0.0819,0.3684,0.0789,0.9617,0.9445,0.8569
29.633,9.2515,0.1647,0.2069,0.3941,0.0819,0.3684,0.0263,0.9617,0.9445,0.8569
29.633,9.2515,0.1647,0.2069,0.3941,0.0819,0.3684,0.0263,0.9617,0.9445,0.8569
29.667,9.2644,0.167,0.2098,0.3914,0.0791,0.3684,-0.0263,0.9617,0.9445,0.8569
29.683,9.2709,0.1682,0.2111,0.3942,0.1117,0.3684,-0.0263,0.9617,0.9445,0.8569
29.683,9.2709,0.1682,0.2111,0.3942,0.1117,0.3684,0.0,0.9617,0.9445,0.8569
29.7,9.2773,0.1694,0.2126,0.3932,0.0878,0.3684,0.0,0.9617,0.9445,0.8569
29.7,9.2773,0.1694,0.2126,0.3932,0.0878,0.3421,0.0263,0.9617,0.9445,0.8569
29.7,9.2773,0.1694,0.2126,0.3932,0.0878,0.3421,0.0263,0.9617,0.9445,0.8569
29.733,9.2897,0.1717,0.2148,0.3683,0.0707,0.3421,0.0263,0.9281,0.9445,0.8569
29.75,9.2957,0.1729,0.2158,0.3665,0.0684,0.3421,0.0263,0.9281,0.9445,0.8569
29.75,9.2957,0.1729,0.2158,0.3665,0.0684,0.3421,0.0263,0.9281,0.9445,0.8569
29.75,9.2957,0.1729,0.2158,0.3665,0.0684,0.3421,0.0263,0.9281,0.9445,0.8569
29.783,9.3077,0.1752,0.218,0.3671,0.0724,0.3421,0.0263,0.9281,0.9445,0.8569
29.783,9.3077,0.1752,0.218,0.3671,0.0724,0.3421,0.0263,0.9281,0.9445,0.8569
29.8,9.3137,0.1764,0.2189,0.3667,0.0729,0.3421,0.0263,0.9281,0.9445,0.8569
29.8,9.3137,0.1764,0.2189,0.3667,0.0729,0.3421,0.0263,0.9281,0.9445,0.8569
29.8,9.3137,0.1764,0.2189,0.3667,0.0729,0.3421,0.0263,0.886,0.8964,0.7747
29.833,9.3258,0.1788,0.2208,0.3669,0.0611,0.3421,0.0,0.886,0.8964,0.7747
29.85,9.3316,0.1799,0.2217,0.3498,0.0603,0.3421,0.0,0.886,0.8964,0.7747
29.85,9.3316,0.1799,0.2217,0.3498,0.0603,0.3158,-0.0263,0.886,0.8964,0.7747
29.867,9.3372,0.1811,0.2226,0.3433,0.0585,0.3158,-0.0263,0.886,0.8964,0.7747
29.867,9.3372,0.1811,0.2226,0.3433,0.0585,0.3158,-0.0263,0.886,0.8964,0.7747
29.867,9.3372,0.1811,0.2226,0.3433,0.0585,0.3158,-0.0263,0.886,0.8964,0.7747
29.9,9.3484,0.1833,0.2244,0.3404,0.058,0.3158,0.0263,0.886,0.8964,0.7747
29.917,9.354,0.1845,0.2253,0.3405,0.057,0.3158,0.0263,0.886,0.8964,0.7747
29.917,9.354,0.1845,0.2253,0.3405,0.057,0.3158,0.0263,0.886,0.8964,0.7747
29.917,9.354,0.1845,0.2253,0.3405,0.057,0.3158,0.0263,0.8612,0.8964,0.7747
29.95,9.3651,0.1867,0.2271,0.3407,0.0562,0.3158,0.0263,0.8612,0.8964,0.7747
29.95,9.3651,0.1867,0.2271,0.3407,0.0562,0.2895,-0.0263,0.8612,0.8964,0.7747
29.967,9.3707,0.1879,0.2279,0.3406,0.0538,0.2895,-0.0263,0.8612,0.8964,0.7747
29.967,9.3707,0.1879,0.2279,0.3406,0.0538,0.2895,-0.0263,0.8612,0.8964,0.7747
29.967,9.3707,0.1879,0.2279,0.3406,0.0538,0.2895,-0.0263,0.8612,0.8964,0.7747
30.0,9.3812,0.1902,0.2291,0.3182,0.0368,0.2895,0.0263,0.8612,0.8964,0.7747
30.017,9.3864,0.1913,0.2296,0.3149,0.0461,0.2895,0.0263,0.8612,0.8964,0.7747
30.017,9.3864,0.1913,0.2296,0.3149,0.0461,0.2895,0.0263,0.8257,0.8964,0.7038
30.033,9.3915,0.1924,0.2303,0.3155,0.0454,0.2895,0.0263,0.8257,1.4943,0.7038
30.033,9.3915,0.1924,0.2303,0.3155,0.0454,0.2895,0.0263,0.8257,1.4943,0.7038
30.033,9.3915,0.1924,0.2303,0.3155,0.0454,0.2895,0.0263,0.8257,1.4943,0.7038
30.067,9.4018,0.1946,0.2317,0.316,0.0434,0.2895,0.0,0.8257,1.4943,0.7038
30.083,9.407,0.1957,0.2324,0.3156,0.0458,0.2895,0.0,0.8257,1.4943,0.7038
30.083,9.407,0.1957,0.2324,0.3156,0.0458,0.2895,0.0,0.8257,1.4943,0.7038
30.083,9.407,0.1957,0.2324,0.3156,0.0458,0.2895,0.0,0.8257,1.4943,0.7038
30.117,9.4167,0.1978,0.2333,0.2911,0.0318,0.2895,0.0,0.8257,1.4943,0.7038
30.117,9.4167,0.1978,0.2333,0.2911,0.0318,0.2895,0.0,0.8257,1.4943,0.7038
30.133,9.4214,0.1989,0.2339,0.29,0.0338,0.2895,0.0,0.8147,1.4943,0.7038
30.133,9.4214,0.1989,0.2339,0.29,0.0338,0.2895,0.0263,0.8147,1.4943,0.7038
30.133,9.4214,0.1989,0.2339,0.29,0.0338,0.2895,0.0263,0.8147,1.4943,0.7038
30.167,9.4309,0.201,0.235,0.2896,0.0363,0.2895,0.0263,0.8147,1.4943,0.7038
30.183,9.4356,0.202,0.2356,0.2898,0.037,0.2895,-0.0263,0.8147,1.4943,0.7038
30.183,9.4356,0.202,0.2356,0.2898,0.037,0.2632,-0.0263,0.8147,1.4943,0.7038
30.2,9.4403,0.203,0.2362,0.2891,0.0364,0.2632,-0.0263,0.8147,1.4943,0.7038
30.2,9.4403,0.203,0.2362,0.2891,0.0364,0.2632,0.0,0.8147,1.4943,0.7038
30.2,9.4403,0.203,0.2362,0.2891,0.0364,0.2632,0.0,0.7884,1.4943,0.6432
30.233,9.4497,0.2051,0.2372,0.2889,0.035,0.2632,0.0,0.7884,1.4358,0.6432
30.233,9.4497,0.2051,0.2372,0.2889,0.035,0.2632,0.0,0.7884,1.4358,0.6432
30.25,9.4544,0.2062,0.2377,0.2882,0.0342,0.2632,0.0,0.7884,1.4358,0.6432
30.25,9.4544,0.2062,0.2377,0.2882,0.0342,0.2368,0.0789,0.7884,1.4358,0.6432
30.283,9.4638,0.2083,0.2387,0.2898,0.0329,0.2368,0.0789,0.7884,1.4358,0.6432
30.283,9.4638,0.2083,0.2387,0.2898,0.0329,0.2368,0.0789,0.7884,1.4358,0.6432
30.3,9.4685,0.2094,0.2391,0.2893,0.0338,0.2632,-0.0263,0.7884,1.4358,0.6432
30.3,9.4685,0.2094,0.2391,0.2893,0.0338,0.2632,-0.0263,0.7884,1.4358,0.6432
30.3,9.4685,0.2094,0.2391,0.2893,0.0338,0.2632,-0.0263,0.7884,1.4358,0.6432
30.333,9.4774,0.2115,0.2398,0.2646,0.0237,0.2632,-0.0263,0.7856,1.4358,0.6432
30.333,9.4774,0.2115,0.2398,0.2646,0.0237,0.2632,-0.0263,0.7856,1.4358,0.6432
30.35,9.4817,0.2124,0.2401,0.2636,0.0243,0.2632,-0.0263,0.7856,1.4358,0.6432
30.367,9.4859,0.2134,0.2405,0.2635,0.0245,0.2632,-0.0263,0.7856,1.4358,0.6432
30.367,9.4859,0.2134,0.2405,0.2635,0.0245,0.2368,-0.0789,0.7856,1.4358,0.6432
30.367,9.4859,0.2134,0.2405,0.2635,0.0245,0.2368,-0.0789,0.7856,1.4358,0.6432
30.4,9.4943,0.2154,0.2414,0.2446,0.0168,0.2368,-0.0789,0.7856,1.4358,0.6432
30.4,9.4943,0.2154,0.2414,0.2446,0.0168,0.2368,0.0,0.7856,1.4358,0.6432
30.417,9.4982,0.2162,0.2419,0.2381,0.0131,0.2368,0.0,0.7856,1.4358,0.6432
30.417,9.4982,0.2162,0.2419,0.2381,0.0131,0.2368,0.0,0.7642,1.3804,0.5916
30.417,9.4982,0.2162,0.2419,0.2381,0.0131,0.2368,0.0,0.7642,1.3804,0.5916
30.45,9.5065,0.2182,0.2424,0.2623,0.0211,0.2368,-0.1316,0.7642,1.3804,0.5916
30.467,9.5108,0.2192,0.2427,0.2632,0.0214,0.2368,-0.1316,0.7642,1.3804,0.5916
30.467,9.5108,0.2192,0.2427,0.2632,0.0214,0.2368,-0.1316,0.7642,1.3804,0.5916
30.467,9.5108,0.2192,0.2427,0.2632,0.0214,0.2368,-0.1316,0.7642,1.3804,0.5916
30.5,9.5193,0.2213,0.2431,0.2634,0.0189,0.2368,0.0,0.7642,1.3804,0.5916
30.5,9.5193,0.2213,0.2431,0.2634,0.0189,0.2368,0.0263,0.7642,1.3804,0.5916
30.517,9.5234,0.2223,0.2431,0.2418,0.0061,0.2368,0.0263,0.7642,1.3804,0.5916
30.533,9.5273,0.2232,0.243,0.2386,0.0092,0.2368,0.0263,0.7621,1.3804,0.5916
30.533,9.5273,0.2232,0.243,0.2386,0.0092,0.2368,-0.0263,0.7621,1.3804,0.5916
30.533,9.5273,0.2232,0.243,0.2386,0.0092,0.2368,-0.0263,0.7621,1.3804,0.5916
30.567,9.535,0.2251,0.2434,0.2372,0.0122,0.2368,-0.0263,0.7621,1.3804,0.5916
30.567,9.535,0.2251,0.2434,0.2372,0.0122,0.2368,-0.0263,0.7621,1.3804,0.5916
30.583,9.5388,0.226,0.2436,0.2371,0.0159,0.2105,-0.0789,0.7621,1.3804,0.5916
30.583,9.5388,0.226,0.2436,0.2371,0.0159,0.2105,-0.0789,0.7621,1.3804,0.5916
30.583,9.5388,0.226,0.2436,0.2371,0.0159,0.2105,-0.0789,0.7621,1.3804,0.5916
30.617,9.5464,0.228,0.2428,0.2374,-0.0359,0.2105,0.0,0.7621,1.3804,0.5916
30.633,9.5503,0.229,0.2428,0.2384,0.0196,0.2105,0.0,0.7353,1.3322,0.5445
30.633,9.5503,0.229,0.2428,0.2384,0.0196,0.2105,0.0,0.7353,1.3322,0.5445
30.633,9.5503,0.229,0.2428,0.2384,0.0196,0.2105,0.0,0.7353,1.3322,0.5445
30.667,9.558,0.2308,0.243,0.2373,0.0058,0.2105,0.0,0.7353,1.3322,0.5445
30.667,9.558,0.2308,0.243,0.2373,0.0058,0.2105,0.0789,0.7353,1.3322,0.5445
30.683,9.5618,0.2318,0.2431,0.2368,0.0085,0.2105,0.0789,0.7353,1.3322,0.5445
30.7,9.5656,0.2327,0.2431,0.237,0.0093,0.2105,0.0789,0.7353,1.3322,0.5445
30.7,9.5656,0.2327,0.2431,0.237,0.0093,0.2105,0.0789,0.7353,1.3322,0.5445
30.7,9.5656,0.2327,0.2431,0.237,0.0093,0.2105,0.0789,0.7353,1.3322,0.5445
30.733,9.5727,0.2346,0.2427,0.2132,0.0026,0.2105,0.0789,1.4517,1.3322,0.5445
30.733,9.5727,0.2346,0.2427,0.2132,0.0026,0.1842,-0.0263,1.4517,1.3322,0.5445
30.75,9.5761,0.2354,0.2425,0.2117,0.0022,0.1842,-0.0263,1.4517,1.3322,0.5445
30.75,9.5761,0.2354,0.2425,0.2117,0.0022,0.1842,-0.0263,1.4517,1.3322,0.5445
30.75,9.5761,0.2354,0.2425,0.2117,0.0022,0.1842,-0.0263,1.4517,1.3322,0.5445
30.783,9.583,0.2371,0.2425,0.2107,-0.0016,0.1842,0.0,1.4517,1.3322,0.5445
30.8,9.5864,0.2379,0.2426,0.2105,0.0011,0.1842,0.0,1.4517,1.3322,0.5445
30.8,9.5864,0.2379,0.2426,0.2105,0.0011,0.1842,0.0,1.4517,1.3322,0.5445
30.8,9.5864,0.2379,0.2426,0.2105,0.0011,0.1842,0.0,1.4517,1.3322,0.5445
30.833,9.5932,0.2396,0.2431,0.2109,-0.0014,0.2105,-0.0263,1.4367,1.2874,0.5023
30.833,9.5932,0.2396,0.2431,0.2109,-0.0014,0.1579,0.0789,1.4367,1.2874,0.5023
30.85,9.5966,0.2404,0.2434,0.2108,-0.0027,0.1579,0.0789,1.4367,1.2874,0.5023
30.867,9.6001,0.2412,0.2436,0.2105,0.0057,0.1579,0.0789,1.4367,1.2874,0.5023
30.867,9.6001,0.2412,0.2436,0.2105,0.0057,0.1316,0.0263,1.4367,1.2874,0.5023
30.867,9.6001,0.2412,0.2436,0.2105,0.0057,0.1316,0.0263,1.4367,1.2874,0.5023
30.9,9.6063,0.2427,0.2436,0.1855,0.0082,0.1316,0.0263,1.4367,1.2874,0.5023
30.9,9.6063,0.2427,0.2436,0.1855,0.0082,0.1842,0.0789,1.4367,1.2874,0.5023
30.917,9.6093,0.2435,0.2437,0.1845,0.0028,0.1842,0.0789,1.4367,1.2874,0.5023
30.917,9.6093,0.2435,0.2437,0.1845,0.0028,0.1842,0.0789,1.4087,1.2874,0.5023
30.917,9.6093,0.2435,0.2437,0.1845,0.0028,0.1842,0.0789,1.4087,1.2874,0.5023
30.95,9.6153,0.2449,0.2438,0.1844,0.0026,0.1842,0.0789,1.4087,1.2874,0.5023
30.967,9.6181,0.2456,0.2441,0.1637,0.0037,0.1842,0.0789,1.4087,1.2874,0.5023
30.967,9.6181,0.2456,0.2441,0.1637,0.0037,0.1842,0.0,1.4087,1.2874,0.5023
30.967,9.6181,0.2456,0.2441,0.1637,0.0037,0.1842,0.0,1.4087,1.2874,0.5023
31.0,9.6232,0.2468,0.2447,0.159,0.0043,0.1842,0.0,1.4087,1.2874,0.5023
31.0,9.6232,0.2468,0.2447,0.159,0.0043,0.1842,0.0,1.4087,1.2874,0.5023
31.017,9.6256,0.2473,0.2448,0.1378,0.0071,0.1842,0.0,1.4087,1.2874,0.5023
31.033,9.6278,0.2479,0.2449,0.1329,-0.0004,0.1842,0.0,1.3968,1.2486,0.4771
31.033,9.6278,0.2479,0.2449,0.1329,-0.0004,0.1842,0.0,1.3968,1.2486,0.4771
31.033,9.6278,0.2479,0.2449,0.1329,-0.0004,0.1842,0.0,1.3968,1.2486,0.4771
31.067,9.633,0.2491,0.2453,0.1717,0.0047,0.1842,0.0,1.3968,1.2486,0.4771
31.067,9.633,0.2491,0.2453,0.1717,0.0047,0.1842,-0.0263,1.3968,1.2486,0.4771
31.083,9.6359,0.2498,0.2456,0.1807,-0.0023,0.1842,-0.0263,1.3968,1.2486,0.4771
31.083,9.6359,0.2498,0.2456,0.1807,-0.0023,0.1842,-0.0263,1.3968,1.2486,0.4771
31.083,9.6359,0.2498,0.2456,0.1807,-0.0023,0.1842,-0.0263,1.3968,1.2486,0.4771
31.117,9.6419,0.2512,0.2458,0.1841,0.0087,0.1579,-0.0789,1.3968,1.2486,0.4771
31.133,9.6448,0.252,0.2459,0.1842,0.0119,0.1579,-0.0789,1.3688,1.2486,0.4771
31.133,9.6448,0.252,0.2459,0.1842,0.0119,0.1579,0.0,1.3688,1.2486,0.4771
31.133,9.6448,0.252,0.2459,0.1842,0.0119,0.1579,0.0,1.3688,1.2486,0.4771
31.167,9.6508,0.2534,0.2462,0.1842,0.0109,0.1579,0.0,1.3688,1.2486,0.4771
31.167,9.6508,0.2534,0.2462,0.1842,0.0109,0.1579,0.1316,1.3688,1.2486,0.4771
31.183,9.6538,0.2542,0.2463,0.1842,0.0094,0.1579,0.1316,1.3688,1.2486,0.4771
31.2,9.6568,0.2549,0.2465,0.1842,0.0101,0.1579,0.1316,1.3688,1.2486,0.4771
31.2,9.6568,0.2549,0.2465,0.1842,0.0101,0.1579,0.1316,1.3688,1.2486,0.4771
31.2,9.6568,0.2549,0.2465,0.1842,0.0101,0.1579,0.1316,1.3688,1.2486,0.4771
31.233,9.6627,0.2564,0.2466,0.1841,0.0105,0.1579,0.1316,1.3664,1.2167,0.4586
31.233,9.6627,0.2564,0.2466,0.1841,0.0105,0.1316,0.0789,1.3664,1.2167,0.4586
31.25,9.6657,0.2571,0.2466,0.184,0.0099,0.1316,0.0789,1.3664,1.2167,0.4586
31.25,9.6657,0.2571,0.2466,0.184,0.0099,0.1316,0.0789,1.3664,1.2167,0.4586
31.25,9.6657,0.2571,0.2466,0.184,0.0099,0.1316,0.0789,1.3664,1.2167,0.4586
31.283,9.6711,0.2584,0.2468,0.1589,0.0074,0.1316,0.0789,1.3664,1.2167,0.4586
31.3,9.6737,0.259,0.2473,0.1599,0.019,0.1316,0.0789,1.3664,1.2167,0.4586
31.3,9.6737,0.259,0.2473,0.1599,0.019,0.1316,0.1316,1.3664,1.2167,0.4586
31.3,9.6737,0.259,0.2473,0.1599,0.019,0.1316,0.1316,1.3664,1.2167,0.4586
31.333,9.6789,0.2601,0.2484,0.1587,0.0417,0.1316,0.1316,1.3386,1.2167,0.4586
31.333,9.6789,0.2601,0.2484,0.1587,0.0417,0.1316,0.1316,1.3386,1.2167,0.4586
31.35,9.6815,0.2607,0.2491,0.1609,0.0235,0.1316,0.1316,1.3386,1.2167,0.4586
31.367,9.6839,0.2612,0.2496,0.1389,0.0147,0.1316,0.1316,1.3386,1.2167,0.4586
31.367,9.6839,0.2612,0.2496,0.1389,0.0147,0.1316,0.1316,1.3386,1.2167,0.4586
31.367,9.6839,0.2612,0.2496,0.1389,0.0147,0.1316,0.1316,1.3386,1.2167,0.4586
31.4,9.6883,0.2622,0.2503,0.1332,0.0033,0.1316,0.1316,1.3386,1.2167,0.4586
31.4,9.6883,0.2622,0.2503,0.1332,0.0033,0.1316,0.1316,1.3386,1.2167,0.4586
31.417,9.6904,0.2627,0.2506,0.1318,0.0163,0.1316,0.1316,1.3386,1.2167,0.4586
31.417,9.6904,0.2627,0.2506,0.1318,0.0163,0.1316,0.1316,1.3261,1.1855,0.4416
31.417,9.6904,0.2627,0.2506,0.1318,0.0163,0.1316,0.1316,1.3261,1.1855,0.4416
31.45,9.6948,0.2637,0.2518,0.1363,0.014,0.1316,0.1316,1.3261,1.1855,0.4416
31.45,9.6948,0.2637,0.2518,0.1363,0.014,0.1316,0.1316,1.3261,1.1855,0.4416
31.467,9.697,0.2641,0.2525,0.1332,0.0272,0.1316,0.1316,1.3261,1.1855,0.4416
31.467,9.697,0.2641,0.2525,0.1332,0.0272,0.1316,0.1316,1.3261,1.1855,0.4416
31.5,9.7013,0.265,0.2539,0.1314,0.0465,0.1316,0.1316,1.3261,1.1855,0.4416
31.5,9.7013,0.265,0.2539,0.1314,0.0465,0.1316,0.1316,1.3261,1.1855,0.4416
31.517,9.7035,0.2655,0.2547,0.1339,0.0437,0.1316,0.1316,1.3261,1.1855,0.4416
31.517,9.7035,0.2655,0.2547,0.1339,0.0437,0.1316,0.1316,1.3306,1.1855,0.4416
31.533,9.7056,0.2659,0.2556,0.1306,0.0461,0.1316,0.1316,1.3306,1.1855,0.4416
31.533,9.7056,0.2659,0.2556,0.1306,0.0461,0.1316,0.1316,1.3306,1.1855,0.4416
31.567,9.71,0.2668,0.2572,0.1394,0.0219,0.1316,0.1316,1.3306,1.1855,0.4416
31.567,9.71,0.2668,0.2572,0.1394,0.0219,0.1316,0.1316,1.3306,1.1855,0.4416
31.583,9.7122,0.2672,0.2579,0.1356,0.0361,0.1316,0.1316,1.3306,1.1855,0.4416
31.583,9.7122,0.2672,0.2579,0.1356,0.0361,0.1053,0.0789,1.3306,1.1855,0.4416
31.583,9.7122,0.2672,0.2579,0.1356,0.0361,0.1053,0.0789,1.3306,1.1855,0.4416
31.617,9.7167,0.2682,0.2595,0.1365,0.0298,0.1053,0.0789,1.3306,1.1855,0.4416
31.617,9.7167,0.2682,0.2595,0.1365,0.0298,0.1053,0.0789,1.2842,1.1595,0.4281
31.633,9.7189,0.2686,0.2602,0.138,0.0326,0.1053,0.0789,1.2842,1.1595,0.4281
31.633,9.7189,0.2686,0.2602,0.138,0.0326,0.1053,0.0789,1.2842,1.1595,0.4281
31.633,9.7189,0.2686,0.2602,0.138,0.0326,0.1053,0.0789,1.2842,1.1595,0.4281
31.667,9.7233,0.2696,0.2619,0.1371,0.031,0.1053,0.0789,1.2842,1.1595,0.4281
31.683,9.7255,0.27,0.2627,0.1379,0.0286,0.1053,0.0789,1.2842,1.1595,0.4281
31.683,9.7255,0.27,0.2627,0.1379,0.0286,0.1053,0.1316,1.2842,1.1595,0.4281
31.7,9.7278,0.2705,0.2636,0.1366,0.0346,0.1053,0.1316,1.2842,1.1595,0.4281
31.7,9.7278,0.2705,0.2636,0.1366,0.0346,0.1053,0.1316,1.2842,1.1595,0.4281
31.7,9.7278,0.2705,0.2636,0.1366,0.0346,0.1053,0.1316,1.2925,1.1595,0.4281
31.733,9.7316,0.2713,0.2649,0.1093,0.0402,0.1053,0.1316,1.2925,1.1595,0.4281
31.75,9.7333,0.2717,0.2655,0.1074,0.0196,0.1053,0.1316,1.2925,1.1595,0.4281
31.75,9.7333,0.2717,0.2655,0.1074,0.0196,0.1053,0.1316,1.2925,1.1595,0.4281
31.75,9.7333,0.2717,0.2655,0.1074,0.0196,0.1053,0.1316,1.2925,1.1595,0.4281
31.783,9.7368,0.2724,0.2668,0.1071,0.0261,0.1053,0.1316,1.2925,1.1595,0.4281
31.783,9.7368,0.2724,0.2668,0.1071,0.0261,0.1053,0.1316,1.2925,1.1595,0.4281
31.8,9.7385,0.2728,0.2674,0.1062,0.0468,0.1053,0.1316,1.2925,1.1595,0.4281
31.8,9.7385,0.2728,0.2674,0.1062,0.0468,0.1053,0.1316,1.2925,1.1595,0.4281
31.8,9.7385,0.2728,0.2674,0.1062,0.0468,0.1053,0.1316,1.276,1.1363,1.2037
31.833,9.742,0.2735,0.2689,0.1104,0.0281,0.1053,0.1316,1.276,1.1363,1.2037
31.85,9.7438,0.2739,0.2695,0.1155,0.0234,0.1053,0.1316,1.276,1.1363,1.2037
31.85,9.7438,0.2739,0.2695,0.1155,0.0234,0.1053,-0.0284,1.276,1.1363,1.2037
31.867,9.7456,0.2743,0.2703,0.1099,0.0504,0.1053,-0.0789,1.276,1.1363,1.2037
31.867,9.7456,0.2743,0.2703,0.1099,0.0504,0.1053,-0.0789,1.276,1.1363,1.2037
31.867,9.7456,0.2743,0.2703,0.1099,0.0504,0.1053,-0.0789,1.276,1.1363,1.2037
31.9,9.7492,0.275,0.2722,0.107,0.0644,0.1053,0.0,1.276,1.1363,1.2037
31.917,9.751,0.2753,0.2733,0.1052,0.0491,0.1053,0.0,1.276,1.1363,1.2037
31.917,9.751,0.2753,0.2733,0.1052,0.0491,0.1053,0.0,1.2633,1.1363,1.2037
31.917,9.751,0.2753,0.2733,0.1052,0.0491,0.1053,0.0,1.2633,1.1363,1.2037
31.95,9.7545,0.276,0.275,0.1069,0.0452,0.1053,0.0,1.2633,1.1363,1.2037
31.967,9.7562,0.2764,0.2759,0.1066,0.0424,0.1053,-0.0263,1.2633,1.1363,1.2037
31.967,9.7562,0.2764,0.2759,0.1066,0.0424,0.1053,-0.0263,1.2633,1.1363,1.2037
31.967,9.7562,0.2764,0.2759,0.1066,0.0424,0.1053,-0.0263,1.2633,1.1363,1.2037
32.0,9.7597,0.2771,0.2772,0.1022,0.0405,0.1053,-0.0263,1.2633,1.1363,1.2037
32.0,9.7597,0.2771,0.2772,0.1022,0.0405,0.1053,0.0789,1.2633,1.1363,1.2037
32.017,9.7613,0.2775,0.2776,0.0993,0.0107,0.1053,0.0789,1.2633,1.1363,1.2037
32.033,9.763,0.278,0.2777,0.1024,-0.0012,0.1053,0.0789,1.2634,1.116,1.1822
32.033,9.763,0.278,0.2777,0.1024,-0.0012,0.1053,0.0789,1.2634,1.116,1.1822
32.033,9.763,0.278,0.2777,0.1024,-0.0012,0.1053,0.0789,1.2634,1.116,1.1822
32.067,9.7663,0.2789,0.2784,0.1039,0.0312,0.1053,0.0789,1.2634,1.116,1.1822
32.067,9.7663,0.2789,0.2784,0.1039,0.0312,0.1053,-0.0263,1.2634,1.116,1.1822
32.083,9.768,0.2793,0.2789,0.1044,0.0298,0.1053,-0.0263,1.2634,1.116,1.1822
32.083,9.768,0.2793,0.2789,0.1044,0.0298,0.1053,-0.1316,1.2634,1.116,1.1822
32.083,9.768,0.2793,0.2789,0.1044,0.0298,0.1053,-0.1316,1.2634,1.116,1.1822
32.117,9.7714,0.2801,0.2797,0.1038,0.0679,0.1053,-0.1316,1.2634,1.116,1.1822
32.133,9.7731,0.2805,0.2804,0.1047,0.0328,0.1053,-0.1316,1.2328,1.116,1.1822
32.133,9.7731,0.2805,0.2804,0.1047,0.0328,0.1053,-0.0789,1.2328,1.116,1.1822
32.133,9.7731,0.2805,0.2804,0.1047,0.0328,0.1053,-0.0789,1.2328,1.116,1.1822
32.167,9.7766,0.2813,0.2817,0.1068,0.029,0.1053,-0.0789,1.2328,1.116,1.1822
32.167,9.7766,0.2813,0.2817,0.1068,0.029,0.1053,-0.0789,1.2328,1.116,1.1822
32.183,9.7783,0.2817,0.2823,0.1072,0.0482,0.1053,-0.0789,1.2328,1.116,1.1822
32.2,9.78,0.282,0.2831,0.1067,0.0202,0.1053,-0.0789,1.2328,1.116,1.1822
32.2,9.78,0.282,0.2831,0.1067,0.0202,0.1053,-0.0789,1.2328,1.116,1.1822
32.2,9.78,0.282,0.2831,0.1067,0.0202,0.1053,-0.0789,1.2328,1.116,1.1822
32.233,9.7835,0.2831,0.2826,0.1089,-0.0274,0.1053,-0.0789,1.2397,1.0954,1.1618
32.233,9.7835,0.2831,0.2826,0.1089,-0.0274,0.1053,-0.0263,1.2397,1.0954,1.1618
32.25,9.7851,0.2837,0.282,0.1047,-0.0469,0.1053,-0.0263,1.2397,1.0954,1.1618
32.25,9.7851,0.2837,0.282,0.1047,-0.0469,0.1053,-0.0263,1.2397,1.0954,1.1618
32.25,9.7851,0.2837,0.282,0.1047,-0.0469,0.1053,-0.0263,1.2397,1.0954,1.1618
32.283,9.7884,0.2848,0.2812,0.1031,-0.0107,0.1053,-0.0263,1.2397,1.0954,1.1618
32.3,9.7901,0.2853,0.2811,0.1059,0.0064,0.1053,-0.0263,1.2397,1.0954,1.1618
32.3,9.7901,0.2853,0.2811,0.1059,0.0064,0.1053,-0.0789,1.2397,1.0954,1.1618
32.3,9.7901,0.2853,0.2811,0.1059,0.0064,0.1053,-0.0789,1.2397,1.0954,1.1618
32.333,9.7934,0.2863,0.281,0.1045,-0.0036,0.1053,-0.0789,1.2167,1.0954,1.1618
32.333,9.7934,0.2863,0.281,0.1045,-0.0036,0.1053,-0.1316,1.2167,1.0954,1.1618
32.35,9.7951,0.2868,0.2808,0.1054,-0.0022,0.1053,-0.1316,1.2167,1.0954,1.1618
32.35,9.7951,0.2868,0.2808,0.1054,-0.0022,0.1053,-0.0789,1.2167,1.0954,1.1618
32.367,9.7968,0.2872,0.2809,0.1048,0.0282,0.1053,-0.0789,1.2167,1.0954,1.1618
32.367,9.7968,0.2872,0.2809,0.1048,0.0282,0.1053,-0.0789,1.2167,1.0954,1.1618
32.367,9.7968,0.2872,0.2809,0.1048,0.0282,0.1053,-0.0789,1.2167,1.0954,1.1618
32.4,9.8002,0.2881,0.2814,0.1048,0.0138,0.1053,-0.0789,1.2167,1.0954,1.1618
32.417,9.8019,0.2886,0.2816,0.1049,0.0155,0.1053,-0.0789,1.2167,1.0954,1.1618
32.417,9.8019,0.2886,0.2816,0.1049,0.0155,0.1053,-0.0789,1.2206,1.0762,1.1418
32.417,9.8019,0.2886,0.2816,0.1049,0.0155,0.1053,-0.0789,1.2206,1.0762,1.1418
32.45,9.8052,0.2896,0.2816,0.1048,-0.013,0.1053,-0.0789,1.2206,1.0762,1.1418
32.467,9.8069,0.2901,0.2811,0.1071,-0.0319,0.1053,-0.0789,1.2206,1.0762,1.1418
32.467,9.8069,0.2901,0.2811,0.1071,-0.0319,0.1053,-0.0789,1.2206,1.0762,1.1418
32.467,9.8069,0.2901,0.2811,0.1071,-0.0319,0.1053,-0.0789,1.2206,1.0762,1.1418
32.5,9.8103,0.2912,0.2803,0.1075,0.0066,0.1053,-0.0789,1.2206,1.0762,1.1418
32.5,9.8103,0.2912,0.2803,0.1075,0.0066,0.1053,-0.1316,1.2206,1.0762,1.1418
32.517,9.812,0.2918,0.2801,0.1047,0.0025,0.1053,-0.1316,1.2206,1.0762,1.1418
32.533,9.8137,0.2923,0.28,0.1054,-0.0069,0.1053,-0.1316,1.1998,1.0762,1.1418
32.533,9.8137,0.2923,0.28,0.1054,-0.0069,0.1053,-0.1316,1.1998,1.0762,1.1418
32.533,9.8137,0.2923,0.28,0.1054,-0.0069,0.0789,-0.0263,1.1998,1.0762,1.1418
32.567,9.8171,0.2933,0.2797,0.1054,-0.0029,0.0789,-0.0263,1.1998,1.0762,1.1418
32.567,9.8171,0.2933,0.2797,0.1054,-0.0029,0.0789,-0.0263,1.1998,1.0762,1.1418
32.583,9.8187,0.2938,0.2795,0.1047,0.0033,0.0789,-0.0263,1.1998,1.0762,1.1418
32.583,9.8187,0.2938,0.2795,0.1047,0.0033,0.0789,-0.0263,1.1998,1.0762,1.1418
32.583,9.8187,0.2938,0.2795,0.1047,0.0033,0.0789,-0.0263,1.1998,1.0762,1.1418
32.617,9.8221,0.2948,0.2793,0.1055,-0.0137,0.0789,-0.0263,1.1998,1.0762,1.1418
32.633,9.8238,0.2953,0.2789,0.1043,-0.0341,0.0789,-0.0263,1.1917,1.053,1.1246
32.633,9.8238,0.2953,0.2789,0.1043,-0.0341,0.0789,-0.0263,1.1917,1.053,1.1246
32.633,9.8238,0.2953,0.2789,0.1043,-0.0341,0.0789,-0.0263,1.1917,1.053,1.1246
32.667,9.8271,0.2965,0.2775,0.1081,-0.0334,0.0789,-0.0263,1.1917,1.053,1.1246
32.667,9.8271,0.2965,0.2775,0.1081,-0.0334,0.0789,-0.0263,1.1917,1.053,1.1246
32.683,9.8286,0.297,0.2773,0.0852,0.0009,0.0789,-0.0263,1.1917,1.053,1.1246
32.7,9.8299,0.2974,0.2772,0.0805,-0.0054,0.0789,-0.0263,1.1917,1.053,1.1246
32.7,9.8299,0.2974,0.2772,0.0805,-0.0054,0.0789,-0.0263,1.1917,1.053,1.1246
32.7,9.8299,0.2974,0.2772,0.0805,-0.0054,0.0789,-0.0263,1.1917,1.053,1.1246
32.733,9.8325,0.2981,0.277,0.0792,0.0003,0.0789,-0.0263,1.1833,1.053,1.1246
32.733,9.8325,0.2981,0.277,0.0792,0.0003,0.0789,-0.0263,1.1833,1.053,1.1246
32.75,9.8337,0.2985,0.277,0.0791,-0.002,0.0789,-0.0263,1.1833,1.053,1.1246
32.75,9.8337,0.2985,0.277,0.0791,-0.002,0.0789,-0.0263,1.1833,1.053,1.1246
32.75,9.8337,0.2985,0.277,0.0791,-0.002,0.0526,0.0789,1.1833,1.053,1.1246
32.783,9.8363,0.2992,0.2768,0.0791,-0.0025,0.0526,0.0789,1.1833,1.053,1.1246
32.8,9.8375,0.2996,0.2767,0.0791,0.0015,0.0526,0.0789,1.1833,1.053,1.1246
32.8,9.8375,0.2996,0.2767,0.0791,0.0015,0.0526,0.0789,1.1833,1.053,1.1246
32.8,9.8375,0.2996,0.2767,0.0791,0.0015,0.0526,0.0789,1.1833,1.053,1.1246
32.833,9.8401,0.3003,0.2766,0.0791,0.0015,0.0526,0.0789,1.1813,1.0355,1.1074
32.833,9.8401,0.3003,0.2766,0.0791,0.0015,0.0526,0.0789,1.1813,1.0355,1.1074
32.85,9.8414,0.3007,0.2766,0.0791,-0.0032,0.0526,0.0789,1.1813,1.0355,1.1074
32.867,9.8426,0.3011,0.2765,0.079,0.0015,0.0526,0.0789,1.1813,1.0355,1.1074
32.867,9.8426,0.3011,0.2765,0.079,0.0015,0.0526,0.0789,1.1813,1.0355,1.1074
32.867,9.8426,0.3011,0.2765,0.079,0.0015,0.0526,0.0789,1.1813,1.0355,1.1074
32.9,9.845,0.3017,0.2766,0.0581,-0.0001,0.0526,0.0789,1.1813,1.0355,1.1074
32.9,9.845,0.3017,0.2766,0.0581,-0.0001,0.0526,0.0789,1.1813,1.0355,1.1074
32.917,9.8458,0.302,0.2766,0.0552,0.0013,0.0526,0.0789,1.1813,1.0355,1.1074
32.917,9.8458,0.302,0.2766,0.0552,0.0013,0.0526,0.0789,1.1717,1.0355,1.1074
32.917,9.8458,0.302,0.2766,0.0552,0.0013,0.0526,0.0789,1.1717,1.0355,1.1074
32.95,9.8476,0.3024,0.2768,0.0534,0.0002,0.0526,0.0789,1.1717,1.0355,1.1074
32.95,9.8476,0.3024,0.2768,0.0534,0.0002,0.0526,0.0789,1.1717,1.0355,1.1074
32.967,9.8484,0.3027,0.2769,0.0527,0.0128,0.0526,0.0789,1.1717,1.0355,1.1074
32.967,9.8484,0.3027,0.2769,0.0527,0.0128,0.0526,0.0789,1.1717,1.0355,1.1074
33.0,9.8502,0.3031,0.2774,0.0525,0.0106,0.0526,0.0789,1.1717,1.0355,1.1074
33.0,9.8502,0.3031,0.2774,0.0525,0.0106,0.0789,-0.0789,1.1717,1.0355,1.1074
33.017,9.851,0.3033,0.2776,0.0542,0.0095,0.0789,-0.0789,1.1717,1.0355,1.1074
33.033,9.8519,0.3035,0.2777,0.0531,0.0159,0.0789,-0.0789,1.1685,1.0231,1.094
33.033,9.8519,0.3035,0.2777,0.0531,0.0159,0.0789,-0.0789,1.1685,1.0231,1.094
33.033,9.8519,0.3035,0.2777,0.0531,0.0159,0.0789,-0.0789,1.1685,1.0231,1.094
33.067,9.8536,0.304,0.2781,0.051,0.0153,0.0789,-0.0789,1.1685,1.0231,1.094
33.067,9.8536,0.304,0.2781,0.051,0.0153,0.0789,-0.0789,1.1685,1.0231,1.094
33.083,9.8544,0.3041,0.2784,0.0532,0.0047,0.0789,-0.0789,1.1685,1.0231,1.094
33.083,9.8544,0.3041,0.2784,0.0532,0.0047,0.0789,-0.0789,1.1685,1.0231,1.094
33.083,9.8544,0.3041,0.2784,0.0532,0.0047,0.0789,-0.0789,1.1685,1.0231,1.094
33.117,9.8561,0.3046,0.2789,0.0513,0.0134,0.0789,-0.0789,1.1685,1.0231,1.094
33.133,9.8571,0.3048,0.2789,0.0616,-0.0047,0.0789,-0.0789,1.1651,1.0231,1.094
33.133,9.8571,0.3048,0.2789,0.0616,-0.0047,0.0789,-0.0789,1.1651,1.0231,1.094
33.133,9.8571,0.3048,0.2789,0.0616,-0.0047,0.0789,-0.0789,1.1651,1.0231,1.094
33.167,9.8595,0.3056,0.2785,0.0812,0.0191,0.0789,-0.0789,1.1651,1.0231,1.094
33.167,9.8595,0.3056,0.2785,0.0812,0.0191,0.0789,-0.0789,1.1651,1.0231,1.094
33.183,9.8607,0.306,0.2783,0.0768,-0.0126,0.0789,-0.1316,1.1651,1.0231,1.094
33.2,9.862,0.3064,0.2781,0.0807,0.0002,0.0789,-0.1316,1.1651,1.0231,1.094
33.2,9.862,0.3064,0.2781,0.0807,0.0002,0.0789,-0.1316,1.1651,1.0231,1.094
33.2,9.862,0.3064,0.2781,0.0807,0.0002,0.0789,-0.1316,1.1651,1.0231,1.094
33.233,9.8645,0.3071,0.2777,0.0793,-0.0156,0.0789,-0.1316,1.151,1.012,1.088
33.233,9.8645,0.3071,0.2777,0.0793,-0.0156,0.0789,-0.1316,1.151,1.012,1.088
33.25,9.8658,0.3075,0.2775,0.0794,-0.0105,0.0789,-0.1316,1.151,1.012,1.088
33.25,9.8658,0.3075,0.2775,0.0794,-0.0105,0.0789,-0.1316,1.151,1.012,1.088
33.25,9.8658,0.3075,0.2775,0.0794,-0.0105,0.0789,-0.1316,1.151,1.012,1.088
33.283,9.8683,0.3083,0.2771,0.0803,-0.0052,0.0789,-0.1316,1.151,1.012,1.088
33.3,9.8696,0.3087,0.2769,0.0802,0.0035,0.0789,-0.1316,1.151,1.012,1.088
33.3,9.8696,0.3087,0.2769,0.0802,0.0035,0.0789,-0.1316,1.151,1.012,1.088
33.3,9.8696,0.3087,0.2769,0.0802,0.0035,0.0789,-0.1316,1.151,1.012,1.088
33.333,9.8721,0.3096,0.276,0.0796,-0.0587,0.0789,-0.1316,1.1565,1.012,1.088
33.333,9.8721,0.3096,0.276,0.0796,-0.0587,0.0789,-0.1316,1.1565,1.012,1.088
33.35,9.8734,0.3101,0.275,0.0795,-0.071,0.0789,-0.1316,1.1565,1.012,1.088
33.367,9.8746,0.3106,0.274,0.0815,-0.059,0.0789,-0.1316,1.1565,1.012,1.088
33.367,9.8746,0.3106,0.274,0.0815,-0.059,0.0789,-0.1316,1.1565,1.012,1.088
33.367,9.8746,0.3106,0.274,0.0815,-0.059,0.0789,-0.1316,1.1565,1.012,1.088
33.4,9.8772,0.3116,0.2723,0.0803,-0.043,0.0789,-0.1316,1.1565,1.012,1.088
33.4,9.8772,0.3116,0.2723,0.0803,-0.043,0.0789,-0.1316,1.1565,1.012,1.088
33.417,9.8784,0.3121,0.2715,0.0827,-0.0357,0.0789,-0.1316,1.1565,1.012,1.088
33.417,9.8784,0.3121,0.2715,0.0827,-0.0357,0.0789,-0.1316,1.1323,0.9961,1.0877
33.417,9.8784,0.3121,0.2715,0.0827,-0.0357,0.0789,-0.1316,1.1323,0.9961,1.0877
33.45,9.881,0.313,0.2703,0.0809,-0.0362,0.0789,-0.1316,1.1323,0.9961,1.0877
33.467,9.8823,0.3134,0.2698,0.0834,-0.0299,0.0789,-0.1316,1.1323,0.9961,1.0877
33.467,9.8823,0.3134,0.2698,0.0834,-0.0299,0.0789,-0.1316,1.1323,0.9961,1.0877
33.467,9.8823,0.3134,0.2698,0.0834,-0.0299,0.0789,-0.1316,1.1323,0.9961,1.0877
33.5,9.885,0.3143,0.2688,0.0866,-0.0231,0.0789,-0.1316,1.1323,0.9961,1.0877
33.5,9.885,0.3143,0.2688,0.0866,-0.0231,0.0789,-0.1316,1.1323,0.9961,1.0877
33.517,9.8863,0.3148,0.2681,0.0824,-0.0476,0.0789,-0.1316,1.1323,0.9961,1.0877
33.533,9.8876,0.3153,0.2673,0.0811,-0.0504,0.0789,-0.1316,1.1323,0.9961,1.0877
33.533,9.8876,0.3153,0.2673,0.0811,-0.0504,0.0789,-0.1316,1.1323,0.9961,1.0877
33.533,9.8876,0.3153,0.2673,0.0811,-0.0504,0.0789,-0.1316,1.1323,0.9961,1.0877
33.533,9.8876,0.3153,0.2673,0.0811,-0.0504,0.0789,-0.1316,1.1323,0.9961,1.0877
33.567,9.8901,0.3163,0.2654,0.0826,-0.0527,0.0789,-0.1316,1.1323,0.9961,1.0877
33.567,9.8901,0.3163,0.2654,0.0826,-0.0527,0.0526,-0.0263,1.1323,0.9961,1.0877
33.583,9.8914,0.3167,0.2646,0.0819,-0.0518,0.0526,-0.0263,1.1323,0.9961,1.0877
33.583,9.8914,0.3167,0.2646,0.0819,-0.0518,0.0526,-0.0263,1.1323,0.9961,1.0877
33.583,9.8914,0.3167,0.2646,0.0819,-0.0518,0.0526,-0.0263,1.1323,0.9961,1.0877
33.617,9.8939,0.3177,0.2629,0.08,-0.0407,0.0526,-0.0789,1.1323,0.9961,1.0877
33.633,9.8952,0.3181,0.2621,0.0804,-0.0345,0.0526,-0.0789,1.1274,0.9796,1.096
33.633,9.8952,0.3181,0.2621,0.0804,-0.0345,0.0526,-0.0789,1.1274,0.9796,1.096
33.633,9.8952,0.3181,0.2621,0.0804,-0.0345,0.0526,-0.0789,1.1274,0.9796,1.096
33.667,9.8977,0.3191,0.2604,0.0798,-0.0425,0.0526,-0.0789,1.1274,0.9796,1.096
33.667,9.8977,0.3191,0.2604,0.0798,-0.0425,0.0526,-0.0789,1.1274,0.9796,1.096
33.683,9.899,0.3196,0.2596,0.0814,-0.0514,0.0263,-0.0789,1.1274,0.9796,1.096
33.7,9.9002,0.32,0.2587,0.0804,-0.0514,0.0263,-0.0789,1.1274,0.9796,1.096
33.7,9.9002,0.32,0.2587,0.0804,-0.0514,0.0263,0.0,1.1274,0.9796,1.096
33.7,9.9002,0.32,0.2587,0.0804,-0.0514,0.0263,0.0,1.1274,0.9796,1.096
33.733,9.9022,0.3207,0.2579,0.0538,-0.0345,0.0263,0.0,1.1124,0.9796,1.096
33.733,9.9022,0.3207,0.2579,0.0538,-0.0345,0.0263,0.0,1.1124,0.9796,1.096
33.75,9.903,0.321,0.2575,0.0529,-0.0273,0.0263,0.0789,1.1124,0.9796,1.096
33.75,9.903,0.321,0.2575,0.0529,-0.0273,0.0263,0.0789,1.1124,0.9796,1.096
33.783,9.9047,0.3216,0.2566,0.0532,-0.0268,0.0263,0.0789,1.1124,0.9796,1.096
33.783,9.9047,0.3216,0.2566,0.0532,-0.0268,0.0263,0.0789,1.1124,0.9796,1.096
33.8,9.9055,0.3219,0.2561,0.0543,-0.0211,0.0263,0.0789,1.1124,0.9796,1.096
33.8,9.9055,0.3219,0.2561,0.0543,-0.0211,0.0263,0.0789,1.1124,0.9796,1.096
33.8,9.9055,0.3219,0.2561,0.0543,-0.0211,0.0263,0.0789,1.1074,0.9659,1.1026
33.833,9.9067,0.3223,0.2553,0.0333,-0.0174,0.0263,0.0789,1.1074,0.9659,1.1026
33.85,9.9072,0.3224,0.2552,0.028,-0.0063,0.0263,0.0789,1.1074,0.9659,1.1026
33.85,9.9072,0.3224,0.2552,0.028,-0.0063,0.0263,0.0789,1.1074,0.9659,1.1026
33.867,9.9076,0.3226,0.255,0.026,-0.0159,0.0263,0.0789,1.1074,0.9659,1.1026
33.867,9.9076,0.3226,0.255,0.026,-0.0159,0.0263,0.0789,1.1074,0.9659,1.1026
33.867,9.9076,0.3226,0.255,0.026,-0.0159,0.0263,0.0789,1.1074,0.9659,1.1026
33.9,9.9084,0.3227,0.2554,0.0262,0.0228,0.0263,0.0789,1.1074,0.9659,1.1026
33.917,9.9089,0.3228,0.2556,0.0258,0.0003,0.0263,0.0789,1.1074,0.9659,1.1026
33.917,9.9089,0.3228,0.2556,0.0258,0.0003,0.0263,0.0789,1.1094,0.9659,1.1026
33.917,9.9089,0.3228,0.2556,0.0258,0.0003,0.0263,0.0789,1.1094,0.9659,1.1026
33.95,9.9097,0.3229,0.2561,0.0265,0.0144,0.0263,0.0789,1.1094,0.9659,1.1026
33.95,9.9097,0.3229,0.2561,0.0265,0.0144,0.0263,0.0789,1.1094,0.9659,1.1026
33.967,9.9101,0.323,0.2563,0.0239,0.018,0.0263,0.0789,1.1094,0.9659,1.1026
33.967,9.9101,0.323,0.2563,0.0239,0.018,0.0263,0.0789,1.1094,0.9659,1.1026
33.967,9.9101,0.323,0.2563,0.0239,0.018,0.0263,0.0789,1.1094,0.9659,1.1026
34.0,9.911,0.3231,0.257,0.0274,0.0249,0.0263,0.0789,1.1094,0.9659,1.1026
34.017,9.9114,0.3232,0.2572,0.0276,0.0149,0.0263,0.0789,1.1094,0.9659,1.1026
34.017,9.9114,0.3232,0.2572,0.0276,0.0149,0.0263,0.0789,1.1032,0.9597,1.0994
34.033,9.9119,0.3233,0.2574,0.0264,0.0146,0.0263,0.0789,1.1032,0.9597,1.0994
34.033,9.9119,0.3233,0.2574,0.0264,0.0146,0.0263,0.0789,1.1032,0.9597,1.0994
34.033,9.9119,0.3233,0.2574,0.0264,0.0146,0.0263,0.0789,1.1032,0.9597,1.0994
34.067,9.9128,0.3234,0.258,0.0266,0.0201,0.0263,0.0789,1.1032,0.9597,1.0994
34.083,9.9132,0.3235,0.2584,0.026,0.0169,0.0263,0.0789,1.1032,0.9597,1.0994
34.083,9.9132,0.3235,0.2584,0.026,0.0169,0.0263,0.0789,1.1032,0.9597,1.0994
34.083,9.9132,0.3235,0.2584,0.026,0.0169,0.0263,0.0789,1.1032,0.9597,1.0994
34.117,9.9141,0.3236,0.2588,0.0258,0.0234,0.0263,0.0789,1.1032,0.9597,1.0994
34.117,9.9141,0.3236,0.2588,0.0258,0.0234,0.0263,0.0789,1.1032,0.9597,1.0994
34.133,9.9145,0.3237,0.2592,0.0275,0.0071,0.0,0.0263,1.1067,0.9597,1.0994
34.133,9.9145,0.3237,0.2592,0.0275,0.0071,0.0,0.0263,1.1067,0.9597,1.0994
34.133,9.9145,0.3237,0.2592,0.0275,0.0071,0.0,0.0263,1.1067,0.9597,1.0994
34.167,9.9153,0.3239,0.2596,0.0264,0.0127,0.0,0.0263,1.1067,0.9597,1.0994
34.183,9.9158,0.3239,0.2599,0.0252,0.0136,0.0,0.0263,1.1067,0.9597,1.0994
34.183,9.9158,0.3239,0.2599,0.0252,0.0136,0.0,0.0263,1.1067,0.9597,1.0994
34.2,9.9162,0.324,0.2601,0.0249,0.0273,0.0,0.0263,1.1067,0.9597,1.0994
34.2,9.9162,0.324,0.2601,0.0249,0.0273,0.0,0.0263,1.1067,0.9597,1.0994
34.2,9.9162,0.324,0.2601,0.0249,0.0273,0.0,0.0263,1.1079,0.9539,1.0928
34.233,9.9171,0.3242,0.2605,0.0266,-0.0094,0.0,0.0263,1.1079,0.9539,1.0928
34.25,9.9175,0.3243,0.2608,0.0267,-0.0017,0.0,0.0263,1.1079,0.9539,1.0928
34.25,9.9175,0.3243,0.2608,0.0267,-0.0017,0.0,0.0263,1.1079,0.9539,1.0928
34.25,9.9175,0.3243,0.2608,0.0267,-0.0017,0.0,0.0263,1.1079,0.9539,1.0928
34.283,9.9178,0.3244,0.2607,0.0005,-0.0031,0.0,0.0263,1.1079,0.9539,1.0928
34.283,9.9178,0.3244,0.2607,0.0005,-0.0031,0.0,0.0263,1.1079,0.9539,1.0928
34.3,9.9178,0.3244,0.2607,0.0003,-0.0006,0.0,0.0263,1.1079,0.9539,1.0928
34.3,9.9178,0.3244,0.2607,0.0003,-0.0006,0.0,0.0263,1.1079,0.9539,1.0928
34.3,9.9178,0.3244,0.2607,0.0003,-0.0006,0.0,0.0263,1.1079,0.9539,1.0928
34.3,9.9178,0.3244,0.2607,0.0003,-0.0006,0.0,0.0263,1.1079,0.9539,1.0928
34.333,9.9178,0.3243,0.2607,-0.0,-0.0015,0.0,0.0263,1.1097,0.9539,1.0928
34.333,9.9178,0.3243,0.2607,-0.0,-0.0015,0.0,0.0263,1.1097,0.9539,1.0928
34.35,9.9178,0.3243,0.2607,-0.0,-0.0023,0.0526,-0.1316,1.1097,0.9539,1.0928
34.367,9.9178,0.3243,0.2607,0.0,-0.002,0.0526,-0.1316,1.1097,0.9539,1.0928
34.367,9.9178,0.3243,0.2607,0.0,-0.002,0.0526,-0.1316,1.1097,0.9539,1.0928
34.367,9.9178,0.3243,0.2607,0.0,-0.002,0.0526,-0.1316,1.1097,0.9539,1.0928
34.4,9.9178,0.3243,0.2607,-0.0001,-0.0077,0.0526,-0.1316,1.1097,0.9539,1.0928
34.417,9.9178,0.3243,0.2607,-0.0,-0.0043,0.0526,-0.1316,1.1097,0.9539,1.0928
34.417,9.9178,0.3243,0.2607,-0.0,-0.0043,0.0526,-0.1316,1.0905,0.9525,1.0913
34.417,9.9178,0.3243,0.2607,-0.0,-0.0043,0.0526,-0.1316,1.0905,0.9525,1.0913
34.45,9.9178,0.3244,0.2607,-0.0001,-0.0052,0.0526,-0.1316,1.0905,0.9525,1.0913
34.45,9.9178,0.3244,0.2607,-0.0001,-0.0052,0.0526,-0.1316,1.0905,0.9525,1.0913
34.467,9.9178,0.3244,0.2607,-0.0,-0.0051,0.0526,-0.1316,1.0905,0.9525,1.0913
34.467,9.9178,0.3244,0.2607,-0.0,-0.0051,0.0526,-0.1316,1.0905,0.9525,1.0913
34.467,9.9178,0.3244,0.2607,-0.0,-0.0051,0.0526,-0.1316,1.0905,0.9525,1.0913
34.5,9.9186,0.3246,0.2603,0.0346,0.0005,0.0526,-0.1316,1.0905,0.9525,1.0913
34.517,9.9193,0.3249,0.2599,0.0509,-0.0664,0.0526,-0.1316,1.0905,0.9525,1.0913
34.517,9.9193,0.3249,0.2599,0.0509,-0.0664,0.0526,-0.1316,1.0905,0.9525,1.0913
34.533,9.9201,0.3252,0.259,0.0497,-0.037,0.0526,-0.1316,1.0933,0.9525,1.0913
34.533,9.9201,0.3252,0.259,0.0497,-0.037,0.0526,-0.1316,1.0933,0.9525,1.0913
34.533,9.9201,0.3252,0.259,0.0497,-0.037,0.0526,-0.1316,1.0933,0.9525,1.0913
34.567,9.9218,0.326,0.2571,0.0588,-0.0644,0.0526,-0.2368,1.0933,0.9525,1.0913
34.583,9.9227,0.3264,0.2561,0.0555,-0.0676,0.0526,-0.2368,1.0933,0.9525,1.0913
34.583,9.9227,0.3264,0.2561,0.0555,-0.0676,0.0526,-0.2368,1.0933,0.9525,1.0913
34.583,9.9227,0.3264,0.2561,0.0555,-0.0676,0.0526,-0.2368,1.0933,0.9525,1.0913
34.617,9.9244,0.3272,0.254,0.0534,-0.0622,0.0526,-0.2368,1.0933,0.9525,1.0913
34.617,9.9244,0.3272,0.254,0.0534,-0.0622,0.0526,-0.2368,1.0914,0.9525,1.0958
34.633,9.9252,0.3275,0.253,0.0552,-0.0577,0.0526,-0.2368,1.0914,0.9468,1.0958
34.633,9.9252,0.3275,0.253,0.0552,-0.0577,0.0526,-0.2368,1.0914,0.9468,1.0958
34.633,9.9252,0.3275,0.253,0.0552,-0.0577,0.0526,-0.2368,1.0914,0.9468,1.0958
34.667,9.9269,0.3282,0.2513,0.0579,-0.0518,0.0526,-0.2368,1.0914,0.9468,1.0958
34.683,9.9278,0.3286,0.2504,0.054,-0.0543,0.0526,-0.2368,1.0914,0.9468,1.0958
34.683,9.9278,0.3286,0.2504,0.054,-0.0543,0.0526,-0.2368,1.0914,0.9468,1.0958
34.7,9.9286,0.329,0.2491,0.0655,-0.0904,0.0526,-0.2368,1.0914,0.9468,1.0958
34.7,9.9286,0.329,0.2491,0.0655,-0.0904,0.0526,-0.2368,1.0914,0.9468,1.0958
34.7,9.9286,0.329,0.2491,0.0655,-0.0904,0.0526,-0.2368,1.0914,0.9468,1.0958
34.733,9.9304,0.3301,0.2449,0.0574,-0.1532,0.0263,-0.0768,1.0905,0.9468,1.0958
34.75,9.9312,0.3308,0.2423,0.0548,-0.1814,0.0263,-0.0263,1.0905,0.9468,1.0958
34.75,9.9312,0.3308,0.2423,0.0548,-0.1814,0.0263,-0.0263,1.0905,0.9468,1.0958
34.75,9.9312,0.3308,0.2423,0.0548,-0.1814,0.0263,-0.0263,1.0905,0.9468,1.0958
34.783,9.9328,0.3321,0.2366,0.0539,-0.1935,0.0263,-0.0263,1.0905,0.9468,1.0958
34.783,9.9328,0.3321,0.2366,0.0539,-0.1935,0.0263,-0.0263,1.0905,0.9468,1.0958
34.8,9.9335,0.3327,0.2336,0.054,-0.195,0.0263,-0.0263,1.0905,0.9468,1.0958
34.8,9.9335,0.3327,0.2336,0.054,-0.195,0.0,0.0789,1.0905,0.9468,1.0958
34.8,9.9335,0.3327,0.2336,0.054,-0.195,0.0,0.0789,1.0762,0.9358,1.1236
34.833,9.9351,0.3341,0.2275,0.0601,-0.1837,0.0,0.0789,1.0762,0.9358,1.1236
34.85,9.936,0.3347,0.2245,0.0619,-0.1723,0.0,0.0789,1.0762,0.9358,1.1236
34.85,9.936,0.3347,0.2245,0.0619,-0.1723,0.0,0.0789,1.0762,0.9358,1.1236
34.867,9.9367,0.3352,0.2226,0.0386,-0.098,0.0,0.0789,1.0762,0.9358,1.1236
34.867,9.9367,0.3352,0.2226,0.0386,-0.098,0.0,0.0789,1.0762,0.9358,1.1236
34.867,9.9367,0.3352,0.2226,0.0386,-0.098,0.0,0.0789,1.0762,0.9358,1.1236
34.9,9.9377,0.3356,0.2212,0.0262,-0.0369,0.0,0.0789,1.0762,0.9358,1.1236
34.9,9.9377,0.3356,0.2212,0.0262,-0.0369,0.0,0.0789,1.0762,0.9358,1.1236
34.9,9.9377,0.3356,0.2212,0.0262,-0.0369,0.0,0.0789,1.0762,0.9358,1.1236
34.917,9.9381,0.3358,0.2206,0.0259,-0.0298,0.0,0.0789,1.0762,0.9358,1.1236
34.917,9.9381,0.3358,0.2206,0.0259,-0.0298,0.0,0.0789,1.0777,0.9358,1.1236
34.917,9.9381,0.3358,0.2206,0.0259,-0.0298,0.0,0.0789,1.0777,0.9358,1.1236
34.95,9.9383,0.3358,0.2209,-0.0019,0.0128,0.0,0.0789,1.0777,0.9358,1.1236
34.967,9.9383,0.3358,0.221,-0.0023,-0.005,0.0,0.0789,1.0777,0.9358,1.1236
34.967,9.9383,0.3358,0.221,-0.0023,-0.005,0.0,0.0789,1.0777,0.9358,1.1236
34.967,9.9383,0.3358,0.221,-0.0023,-0.005,0.0,0.0789,1.0777,0.9358,1.1236
35.0,9.9382,0.3357,0.2214,-0.0042,-0.0052,0.0,0.0789,1.0777,0.9358,1.1236
35.0,9.9382,0.3357,0.2214,-0.0042,-0.0052,0.0,0.0789,1.0777,0.9358,1.1236
35.017,9.9381,0.3357,0.2216,-0.0043,0.0013,0.0263,-0.0263,1.0777,0.9358,1.1236
35.033,9.9381,0.3356,0.2217,-0.0049,-0.0111,0.0263,-0.0263,1.0931,0.9286,1.1476
35.033,9.9381,0.3356,0.2217,-0.0049,-0.0111,0.0263,-0.0263,1.0931,0.9286,1.1476
35.033,9.9381,0.3356,0.2217,-0.0049,-0.0111,0.0263,-0.0263,1.0931,0.9286,1.1476
35.067,9.938,0.3356,0.222,-0.002,0.0322,0.0263,-0.0263,1.0931,0.9286,1.1476
35.067,9.938,0.3356,0.222,-0.002,0.0322,0.0263,-0.0263,1.0931,0.9286,1.1476
35.083,9.938,0.3355,0.2223,-0.004,0.0056,0.0263,-0.0263,1.0931,0.9286,1.1476
35.083,9.938,0.3355,0.2223,-0.004,0.0056,0.0263,-0.0263,1.0931,0.9286,1.1476
35.083,9.938,0.3355,0.2223,-0.004,0.0056,0.0263,-0.0263,1.0931,0.9286,1.1476
35.117,9.9379,0.3354,0.223,-0.0035,0.0166,0.0263,-0.0263,1.0931,0.9286,1.1476
35.133,9.9379,0.3353,0.2233,-0.0042,0.0068,0.0263,-0.0263,1.0707,0.9286,1.1476
35.133,9.9379,0.3353,0.2233,-0.0042,0.0068,0.0263,-0.0263,1.0707,0.9286,1.1476
35.133,9.9379,0.3353,0.2233,-0.0042,0.0068,0.0263,-0.0263,1.0707,0.9286,1.1476
35.167,9.9384,0.3356,0.2226,0.024,-0.0238,0.0263,-0.0263,1.0707,0.9286,1.1476
35.167,9.9384,0.3356,0.2226,0.024,-0.0238,0.0263,-0.0263,1.0707,0.9286,1.1476
35.183,9.9388,0.3357,0.2221,0.0253,-0.0239,0.0263,-0.0263,1.0707,0.9286,1.1476
35.2,9.9392,0.3359,0.2217,0.0251,-0.0367,0.0263,-0.0263,1.0707,0.9286,1.1476
35.2,9.9392,0.3359,0.2217,0.0251,-0.0367,0.0263,-0.0263,1.0707,0.9286,1.1476
35.2,9.9392,0.3359,0.2217,0.0251,-0.0367,0.0263,-0.0263,1.0707,0.9286,1.1476
35.233,9.94,0.3362,0.2207,0.0258,-0.024,0.0263,-0.0263,1.0778,0.9281,1.1453
35.233,9.94,0.3362,0.2207,0.0258,-0.024,0.0263,-0.0263,1.0778,0.9281,1.1453
35.25,9.9404,0.3364,0.2202,0.0241,-0.0296,0.0,0.0789,1.0778,0.9281,1.1453
35.25,9.9404,0.3364,0.2202,0.0241,-0.0296,0.0,0.0789,1.0778,0.9281,1.1453
35.25,9.9404,0.3364,0.2202,0.0241,-0.0296,0.0,0.0789,1.0778,0.9281,1.1453
35.283,9.9411,0.3367,0.2193,0.0251,-0.0211,0.0,0.0789,1.0778,0.9281,1.1453
35.3,9.9415,0.3369,0.2189,0.0247,-0.034,0.0,0.0789,1.0778,0.9281,1.1453
35.3,9.9415,0.3369,0.2189,0.0247,-0.034,0.0,0.0789,1.0778,0.9281,1.1453
35.3,9.9415,0.3369,0.2189,0.0247,-0.034,0.0,0.0789,1.0778,0.9281,1.1453
35.333,9.9423,0.3372,0.2179,0.026,-0.0268,0.0,0.0789,1.0898,0.9281,1.1453
35.333,9.9423,0.3372,0.2179,0.026,-0.0268,0.0,0.0789,1.0898,0.9281,1.1453
35.35,9.9427,0.3374,0.2174,0.0244,-0.0259,0.0,0.0789,1.0898,0.9281,1.1453
35.35,9.9427,0.3374,0.2174,0.0244,-0.0259,0.0,0.0789,1.0898,0.9281,1.1453
35.367,9.9431,0.3375,0.217,0.0255,-0.0337,0.0,0.0789,1.0898,0.9281,1.1453
35.367,9.9431,0.3375,0.217,0.0255,-0.0337,0.0,0.0789,1.0898,0.9281,1.1453
35.367,9.9431,0.3375,0.217,0.0255,-0.0337,0.0,0.0789,1.0898,0.9281,1.1453
35.4,9.9433,0.3376,0.2172,-0.0008,0.0144,0.0,0.0789,1.0898,0.9281,1.1453
35.417,9.9433,0.3375,0.2173,-0.0008,0.0245,0.0,0.0789,1.0898,0.9281,1.1453
35.417,9.9433,0.3375,0.2173,-0.0008,0.0245,0.0,0.0789,1.0891,0.9243,1.1527
35.417,9.9433,0.3375,0.2173,-0.0008,0.0245,0.0,0.0789,1.0891,0.9243,1.1527
35.45,9.9433,0.3374,0.2179,-0.0021,0.017,0.0,0.0789,1.0891,0.9243,1.1527
35.467,9.9432,0.3374,0.2182,-0.0015,0.0279,0.0,0.0789,1.0891,0.9243,1.1527
35.467,9.9432,0.3374,0.2182,-0.0015,0.0279,0.0263,-0.0263,1.0891,0.9243,1.1527
35.467,9.9432,0.3374,0.2182,-0.0015,0.0279,0.0263,-0.0263,1.0891,0.9243,1.1527
35.5,9.9432,0.3373,0.2188,-0.0033,-0.0045,0.0263,-0.0263,1.0891,0.9243,1.1527
35.5,9.9432,0.3373,0.2188,-0.0033,-0.0045,0.0263,-0.0263,1.0891,0.9243,1.1527
35.517,9.9432,0.3372,0.2191,-0.0048,0.0008,0.0263,-0.0263,1.0891,0.9243,1.1527
35.533,9.9431,0.3372,0.2194,-0.0024,0.0163,0.0263,-0.0263,1.0942,0.9243,1.1527
35.533,9.9431,0.3372,0.2194,-0.0024,0.0163,0.0263,-0.0263,1.0942,0.9243,1.1527
35.533,9.9431,0.3372,0.2194,-0.0024,0.0163,0.0263,-0.0263,1.0942,0.9243,1.1527
35.567,9.9431,0.3371,0.22,-0.0024,0.0083,0.0263,-0.0263,1.0942,0.9243,1.1527
35.567,9.9431,0.3371,0.22,-0.0024,0.0083,0.0263,-0.0263,1.0942,0.9243,1.1527
35.583,9.943,0.337,0.2201,-0.0026,0.0106,0.0263,-0.0263,1.0942,0.9243,1.1527
35.583,9.943,0.337,0.2201,-0.0026,0.0106,0.0263,-0.0263,1.0942,0.9243,1.1527
35.583,9.943,0.337,0.2201,-0.0026,0.0106,0.0263,-0.0263,1.0942,0.9243,1.1527
35.617,9.9436,0.3372,0.2196,0.0246,-0.0201,0.0263,-0.0263,1.0942,0.9243,1.1527
35.633,9.944,0.3374,0.2192,0.026,-0.0274,0.0263,-0.0263,1.083,0.925,1.1482
35.633,9.944,0.3374,0.2192,0.026,-0.0274,0.0263,-0.0263,1.083,0.925,1.1482
35.633,9.944,0.3374,0.2192,0.026,-0.0274,0.0263,-0.0263,1.083,0.925,1.1482
35.667,9.9448,0.3377,0.2182,0.0267,-0.02,0.0263,-0.0263,1.083,0.925,1.1482
35.667,9.9448,0.3377,0.2182,0.0267,-0.02,0.0263,-0.0263,1.083,0.925,1.1482
35.683,9.9452,0.3379,0.2178,0.0254,-0.0227,0.0263,-0.0263,1.083,0.925,1.1482
35.683,9.9452,0.3379,0.2178,0.0254,-0.0227,0.0263,-0.0263,1.083,0.925,1.1482
35.7,9.9456,0.338,0.2174,0.0259,-0.0304,0.0263,-0.0263,1.083,0.925,1.1482
35.7,9.9456,0.338,0.2174,0.0259,-0.0304,0.0263,-0.0263,1.083,0.925,1.1482
35.733,9.9464,0.3384,0.2165,0.0273,-0.0286,0.0263,-0.0263,1.0893,0.925,1.1482
35.733,9.9464,0.3384,0.2165,0.0273,-0.0286,0.0263,-0.0263,1.0893,0.925,1.1482
35.75,9.9468,0.3385,0.216,0.0255,-0.0304,0.0263,-0.0263,1.0893,0.925,1.1482
35.75,9.9468,0.3385,0.216,0.0255,-0.0304,0.0263,-0.0263,1.0893,0.925,1.1482
35.75,9.9468,0.3385,0.216,0.0255,-0.0304,0.0263,-0.0263,1.0893,0.925,1.1482
35.783,9.9477,0.3388,0.2151,0.0271,-0.0313,0.0263,-0.0263,1.0893,0.925,1.1482
35.8,9.9481,0.339,0.2146,0.0264,-0.0176,0.0263,-0.0263,1.0893,0.925,1.1482
35.8,9.9481,0.339,0.2146,0.0264,-0.0176,0.0263,-0.0789,1.0893,0.925,1.1482
35.8,9.9481,0.339,0.2146,0.0264,-0.0176,0.0263,-0.0789,1.0893,0.925,1.1482
35.833,9.9489,0.3393,0.2138,0.0248,-0.0392,0.0263,-0.0789,1.0859,0.9198,1.1548
35.833,9.9489,0.3393,0.2138,0.0248,-0.0392,0.0263,-0.0263,1.0859,0.9198,1.1548
35.85,9.9493,0.3395,0.2133,0.027,-0.0285,0.0263,-0.0263,1.0859,0.9198,1.1548
35.867,9.9497,0.3397,0.2128,0.0261,-0.0207,0.0263,-0.0263,1.0859,0.9198,1.1548
35.867,9.9497,0.3397,0.2128,0.0261,-0.0207,0.0263,-0.0263,1.0859,0.9198,1.1548
35.867,9.9497,0.3397,0.2128,0.0261,-0.0207,0.0263,-0.0263,1.0859,0.9198,1.1548
35.867,9.9497,0.3397,0.2128,0.0261,-0.0207,0.0263,-0.0263,1.0859,0.9198,1.1548
35.9,9.9505,0.34,0.212,0.0253,-0.0242,0.0263,-0.0263,1.0859,0.9198,1.1548
35.9,9.9505,0.34,0.212,0.0253,-0.0242,0.0263,-0.0263,1.0859,0.9198,1.1548
