t,x,y,yaw,odom_vx,odom_wz,cmd_vx,cmd_wz,scan_ahead,us_left,us_right
10.083,0.0022,-0.0,0.0,0.0001,-0.0001,0.0,0.0,2.6235,1.5,1.5
10.083,0.0022,-0.0,0.0,0.0001,-0.0001,0.125,-0.0263,2.6235,1.5,1.5
10.117,0.0022,-0.0,0.0,0.0001,-0.0001,0.2105,-0.0263,2.6235,1.5,1.5
10.117,0.0022,-0.0,0.0,0.0001,-0.0001,0.2105,-0.0263,2.6478,1.5,1.5
10.133,0.0028,-0.0,0.0,0.0468,-0.0015,0.2105,-0.0263,2.6478,1.5,1.5
10.133,0.0028,-0.0,0.0,0.0468,-0.0015,0.2105,-0.0263,2.6478,1.5,1.5
10.167,0.0064,-0.0001,0.0,0.1393,0.0013,0.2105,-0.0263,2.6478,1.5,1.5
10.167,0.0064,-0.0001,0.0,0.1393,0.0013,0.1579,-0.0263,2.6478,1.5,1.5
10.183,0.0092,-0.0001,0.0,0.1794,0.0192,0.1579,-0.0263,2.6478,1.5,1.5
10.2,0.0124,-0.0001,0.0,0.2009,-0.0031,0.2105,-0.0263,2.6478,1.5,1.5
10.2,0.0124,-0.0001,0.0,0.2009,-0.0031,0.2105,-0.0263,2.6478,1.5,1.5
10.2,0.0124,-0.0001,0.0,0.2009,-0.0031,0.2105,-0.0263,2.6478,1.5,1.5
10.233,0.0181,-0.0001,0.0,0.1598,0.0047,0.2105,-0.0263,2.601,1.5,1.5
10.233,0.0181,-0.0001,0.0,0.1598,0.0047,0.2105,-0.0263,2.601,1.5,1.5
10.25,0.0212,-0.0001,0.0,0.1903,0.0139,0.2105,-0.0263,2.601,1.5,1.5
10.25,0.0212,-0.0001,0.0,0.1903,0.0139,0.2105,-0.0263,2.601,1.5,1.5
10.283,0.028,-0.0001,0.0,0.2098,0.0052,0.2105,-0.0263,2.601,1.5,1.5
10.283,0.028,-0.0001,0.0,0.2098,0.0052,0.2368,-0.0263,2.601,1.5,1.5
10.3,0.0315,-0.0,0.0,0.2103,0.0035,0.2368,-0.0263,2.601,1.5,1.5
10.3,0.0315,-0.0,0.0,0.2103,0.0035,0.2368,-0.0263,2.601,1.5,1.5
10.3,0.0315,-0.0,0.0,0.2103,0.0035,0.2368,-0.0263,2.601,1.5,1.5
10.333,0.0385,-0.0,0.0,0.2106,0.0034,0.2368,-0.0263,2.6168,1.5,1.5
10.35,0.0422,-0.0,0.0,0.2314,0.0008,0.2105,-0.0263,2.6168,1.5,1.5
10.35,0.0422,-0.0,0.0,0.2314,0.0008,0.2105,-0.0263,2.6168,1.5,1.5
10.367,0.0461,-0.0,0.0,0.2357,0.0035,0.2368,-0.0263,2.6168,1.5,1.5
10.367,0.0461,-0.0,0.0,0.2357,0.0035,0.2368,-0.0263,2.6168,1.5,1.5
10.367,0.0461,-0.0,0.0,0.2357,0.0035,0.2368,-0.0263,2.6168,1.5,1.5
10.4,0.0538,0.0,0.0,0.2161,0.0026,0.2368,-0.0263,2.6168,1.5,1.5
10.417,0.0574,0.0,0.0,0.2118,0.0005,0.2368,-0.0263,2.6168,1.5,1.5
10.417,0.0574,0.0,0.0,0.2118,0.0005,0.3421,-0.0263,2.6152,1.5,1.5
10.417,0.0574,0.0,0.0,0.2118,0.0005,0.3421,-0.0263,2.6152,1.5,1.5
10.45,0.065,0.0001,0.0,0.2358,0.0006,0.3421,-0.0263,2.6152,1.5,1.5
10.45,0.065,0.0001,0.0,0.2358,0.0006,0.4671,-0.0263,2.6152,1.5,1.5
10.467,0.069,0.0001,-0.0,0.2368,-0.001,0.5,-0.0263,2.6152,1.5,1.5
10.467,0.069,0.0001,-0.0,0.2368,-0.001,0.5,-0.0263,2.6152,1.5,1.5
10.467,0.069,0.0001,-0.0,0.2368,-0.001,0.5,-0.0263,2.6152,1.5,1.5
10.5,0.0787,0.0,0.0,0.3164,0.005,0.5,-0.0263,2.6152,1.5,1.5
10.517,0.0846,-0.0,0.0,0.3629,0.0034,0.5,-0.0263,2.6152,1.5,1.5
10.517,0.0846,-0.0,0.0,0.3629,0.0034,0.5,-0.0263,2.6059,1.5,1.5
10.533,0.0913,-0.0001,0.0,0.4137,0.0098,0.5,-0.0263,2.6059,1.5,1.5
10.533,0.0913,-0.0001,0.0,0.4137,0.0098,0.5,-0.0263,2.6059,1.5,1.5
10.533,0.0913,-0.0001,0.0,0.4137,0.0098,0.5,-0.0263,2.6059,1.5,1.5
10.567,0.1067,-0.0002,0.0015,0.484,0.0212,0.5,0.0,2.6059,1.5,1.5
10.583,0.1149,-0.0002,0.0015,0.497,0.0158,0.5,0.0,2.6059,1.5,1.5
10.583,0.1149,-0.0002,0.0015,0.497,0.0158,0.5,0.0,2.6059,1.5,1.5
10.583,0.1149,-0.0002,0.0015,0.497,0.0158,0.5,0.0,2.6059,1.5,1.5
10.617,0.1315,-0.0002,0.002,0.5006,0.0105,0.5,0.0,2.6059,1.5,1.5
10.633,0.1399,-0.0002,0.002,0.5007,0.0097,0.5,0.0,2.6138,1.5,1.5
10.633,0.1399,-0.0002,0.002,0.5007,0.0097,0.5,0.0,2.6138,1.5,1.5
10.633,0.1399,-0.0002,0.002,0.5007,0.0097,0.5,0.0,2.6138,1.5,1.5
10.633,0.1399,-0.0002,0.002,0.5007,0.0097,0.5,0.0,2.6138,1.5,1.5
10.667,0.1566,-0.0002,0.0023,0.5008,0.009,0.5,0.0,2.6138,1.5,1.5
10.683,0.1649,-0.0002,0.0025,0.501,0.0087,0.5,0.0,2.6138,1.5,1.5
10.683,0.1649,-0.0002,0.0025,0.501,0.0087,0.5,0.0,2.6138,1.5,1.5
10.7,0.1733,-0.0002,0.0026,0.5008,0.0105,0.5,0.0,2.6138,1.5,1.5
10.7,0.1733,-0.0002,0.0026,0.5008,0.0105,0.5,0.0,2.6138,1.5,1.5
10.733,0.19,-0.0002,0.0028,0.5008,0.0094,0.5,0.0,2.6298,1.5,1.5
10.733,0.19,-0.0002,0.0028,0.5008,0.0094,0.4737,0.0,2.6298,1.5,1.5
10.75,0.1983,-0.0002,0.0028,0.5007,0.0089,0.4737,0.0,2.6298,1.5,1.5
10.75,0.1983,-0.0002,0.0028,0.5007,0.0089,0.4737,0.0,2.6298,1.5,1.5
10.75,0.1983,-0.0002,0.0028,0.5007,0.0089,0.4737,0.0,2.6298,1.5,1.5
10.783,0.215,-0.0002,0.0031,0.5006,0.0081,0.5,0.0,2.6298,1.5,1.5
10.8,0.2233,-0.0001,0.0032,0.5005,0.008,0.5,0.0,2.6298,1.5,1.5
10.8,0.2233,-0.0001,0.0032,0.5005,0.008,0.5,0.0,2.6298,1.5,1.5
10.8,0.2233,-0.0001,0.0032,0.5005,0.008,0.5,0.0,2.6298,1.5,1.5
10.833,0.2394,-0.0001,0.0033,0.4752,0.0067,0.5,0.0,2.5512,1.5,1.5
10.833,0.2394,-0.0001,0.0033,0.4752,0.0067,0.4737,0.0,2.5512,1.5,1.5
10.85,0.2473,-0.0001,0.0034,0.4742,0.0065,0.4737,0.0,2.5512,1.5,1.5
10.867,0.2554,-0.0001,0.0035,0.495,0.0092,0.4737,0.0,2.5512,1.5,1.5
10.867,0.2554,-0.0001,0.0035,0.495,0.0092,0.5,0.0,2.5512,1.5,1.5
10.867,0.2554,-0.0001,0.0035,0.495,0.0092,0.5,0.0,2.5512,1.5,1.5
10.9,0.2721,-0.0,0.0035,0.4999,0.0062,0.5,0.0,2.5512,1.5,1.5
10.9,0.2721,-0.0,0.0035,0.4999,0.0062,0.5,0.0,2.5512,1.5,1.5
10.917,0.2804,-0.0,0.0036,0.5,0.0053,0.5,0.0,2.5512,1.5,1.5
10.917,0.2804,-0.0,0.0036,0.5,0.0053,0.5,0.0,2.5989,1.5,1.5
10.917,0.2804,-0.0,0.0036,0.5,0.0053,0.5,0.0,2.5989,1.5,1.5
10.95,0.2965,0.0,0.0036,0.4748,0.0043,0.5,0.0,2.5989,1.5,1.5
10.967,0.3046,0.0,0.0038,0.4944,0.0032,0.5,0.0,2.5989,1.5,1.5
10.967,0.3046,0.0,0.0038,0.4944,0.0032,0.5,0.0,2.5989,1.5,1.5
10.967,0.3046,0.0,0.0038,0.4944,0.0032,0.5,0.0,2.5989,1.5,1.5
11.0,0.3212,0.0001,0.0037,0.4995,0.0037,0.5,0.0,2.5989,1.5,1.5
11.0,0.3212,0.0001,0.0037,0.4995,0.0037,0.5,0.0,2.5989,1.5,1.5
11.017,0.3295,0.0001,0.0038,0.4996,0.0032,0.5,0.0,2.5989,1.5,1.5
11.033,0.3378,0.0001,0.0037,0.4995,0.0027,0.4737,0.0,2.5749,1.5,1.5
11.033,0.3378,0.0001,0.0037,0.4995,0.0027,0.4737,0.0,2.5749,1.5,1.5
11.033,0.3378,0.0001,0.0037,0.4995,0.0027,0.4737,0.0,2.5749,1.5,1.5
11.067,0.3545,0.0002,0.0038,0.4995,0.0024,0.4737,0.0,2.5749,1.5,1.5
11.067,0.3545,0.0002,0.0038,0.4995,0.0024,0.5,0.0,2.5749,1.5,1.5
11.083,0.3628,0.0002,0.0038,0.4995,0.0023,0.5,0.0,2.5749,1.5,1.5
11.083,0.3628,0.0002,0.0038,0.4995,0.0023,0.5,0.0,2.5749,1.5,1.5
11.083,0.3628,0.0002,0.0038,0.4995,0.0023,0.5,0.0,2.5749,1.5,1.5
11.117,0.3795,0.0003,0.0038,0.4995,0.0018,0.5,0.0,2.5749,1.5,1.5
11.133,0.3876,0.0003,0.0038,0.4787,0.0023,0.5,0.0,2.5962,1.5,1.5
11.133,0.3876,0.0003,0.0038,0.4787,0.0023,0.5,0.0,2.5962,1.5,1.5
11.133,0.3876,0.0003,0.0038,0.4787,0.0023,0.5,0.0,2.5962,1.5,1.5
11.167,0.4034,0.0004,0.0038,0.4736,0.0011,0.5,0.0,2.5962,1.5,1.5
11.167,0.4034,0.0004,0.0038,0.4736,0.0011,0.5,0.0,2.5962,1.5,1.5
11.183,0.4115,0.0004,0.004,0.4938,0.0,0.5,0.0,2.5962,1.5,1.5
11.2,0.4198,0.0004,0.004,0.4986,0.0021,0.5,0.0,2.5962,1.5,1.5
11.2,0.4198,0.0004,0.004,0.4986,0.0021,0.5,0.0,2.5962,1.5,1.5
11.2,0.4198,0.0004,0.004,0.4986,0.0021,0.5,0.0,2.5962,1.5,1.5
11.233,0.4365,0.0005,0.004,0.4999,0.0012,0.4737,0.0,2.6221,1.5,1.5
11.25,0.4448,0.0005,0.004,0.5,0.0011,0.4737,0.0,2.6221,1.5,1.5
11.25,0.4448,0.0005,0.004,0.5,0.0011,0.5,0.0,2.6221,1.5,1.5
11.25,0.4448,0.0005,0.004,0.5,0.0011,0.5,0.0,2.6221,1.5,1.5
11.283,0.4615,0.0006,0.0041,0.5002,0.0013,0.5,0.0,2.6221,1.5,1.5
11.283,0.4615,0.0006,0.0041,0.5002,0.0013,0.5,0.0,2.6221,1.5,1.5
11.3,0.4698,0.0006,0.0041,0.5002,0.0014,0.5,0.0,2.6221,1.5,1.5
11.3,0.4698,0.0006,0.0041,0.5002,0.0014,0.5,0.0,2.6221,1.5,1.5
11.3,0.4698,0.0006,0.0041,0.5002,0.0014,0.5,0.0,2.6221,1.5,1.5
11.333,0.4865,0.0007,0.0042,0.5004,0.0016,0.5,0.0,2.577,1.5,1.5
11.333,0.4865,0.0007,0.0042,0.5004,0.0016,0.5,0.0,2.577,1.5,1.5
11.35,0.4946,0.0007,0.0043,0.4796,0.0021,0.5,0.0,2.577,1.5,1.5
11.367,0.5028,0.0007,0.0043,0.4961,0.0014,0.5,0.0,2.577,1.5,1.5
11.367,0.5028,0.0007,0.0043,0.4961,0.0014,0.5,0.0,2.577,1.5,1.5
11.367,0.5028,0.0007,0.0043,0.4961,0.0014,0.5,0.0,2.577,1.5,1.5
11.4,0.5194,0.0008,0.0044,0.5004,0.002,0.5,0.0,2.577,1.5,1.5
11.417,0.5278,0.0008,0.0044,0.5006,0.0028,0.5,0.0,2.577,1.5,1.5
11.417,0.5278,0.0008,0.0044,0.5006,0.0028,0.4737,0.0,2.567,1.5,1.5
11.417,0.5278,0.0008,0.0044,0.5006,0.0028,0.4737,0.0,2.567,1.5,1.5
11.45,0.5445,0.0009,0.0045,0.5007,0.0027,0.4737,0.0,2.567,1.5,1.5
11.45,0.5445,0.0009,0.0045,0.5007,0.0027,0.4737,0.0,2.567,1.5,1.5
11.467,0.5528,0.0009,0.0045,0.5008,0.0029,0.5,0.0,2.567,1.5,1.5
11.467,0.5528,0.0009,0.0045,0.5008,0.0029,0.5,0.0,2.567,1.5,1.5
11.467,0.5528,0.0009,0.0045,0.5008,0.0029,0.5,0.0,2.567,1.5,1.5
11.5,0.5695,0.001,0.0046,0.501,0.0015,0.5,0.0,2.567,1.5,1.5
11.517,0.5779,0.001,0.0046,0.5008,0.0039,0.5,0.0,2.567,1.5,1.5
11.517,0.5779,0.001,0.0046,0.5008,0.0039,0.4737,0.0,2.5919,1.5,1.5
11.533,0.5862,0.001,0.0047,0.5008,0.0018,0.4737,0.0,2.5919,1.5,1.5
11.533,0.5862,0.001,0.0047,0.5008,0.0018,0.4737,0.0,2.5919,1.5,1.5
11.533,0.5862,0.001,0.0047,0.5008,0.0018,0.4737,0.0,2.5919,1.5,1.5
11.567,0.6023,0.0011,0.0047,0.4755,0.0034,0.5,0.0,2.5919,1.5,1.5
11.583,0.6102,0.0011,0.0048,0.4746,0.0025,0.5,0.0,2.5919,1.5,1.5
11.583,0.6102,0.0011,0.0048,0.4746,0.0025,0.5,0.0,2.5919,1.5,1.5
11.583,0.6102,0.0011,0.0048,0.4746,0.0025,0.5,0.0,2.5919,1.5,1.5
11.617,0.6266,0.0012,0.0048,0.4992,0.0028,0.5,0.0,2.5919,1.5,1.5
11.617,0.6266,0.0012,0.0048,0.4992,0.0028,0.5,0.0,2.6268,1.5,1.5
11.633,0.635,0.0012,0.0048,0.5003,0.0024,0.5,0.0,2.6268,1.5,1.5
11.633,0.635,0.0012,0.0048,0.5003,0.0024,0.5,0.0,2.6268,1.5,1.5
11.633,0.635,0.0012,0.0048,0.5003,0.0024,0.5,0.0,2.6268,1.5,1.5
11.667,0.651,0.0013,0.0048,0.4752,0.0019,0.5,0.0,2.6268,1.5,1.5
11.683,0.6589,0.0013,0.0049,0.4742,0.0019,0.5,0.0,2.6268,1.5,1.5
11.683,0.6589,0.0013,0.0049,0.4742,0.0019,0.5,0.0,2.6268,1.5,1.5
11.7,0.6671,0.0014,0.0049,0.4944,0.0018,0.5,0.0,2.6268,1.5,1.5
11.7,0.6671,0.0014,0.0049,0.4944,0.0018,0.5,0.0,2.6268,1.5,1.5
11.7,0.6671,0.0014,0.0049,0.4944,0.0018,0.5,0.0,2.5746,1.5,1.5
11.733,0.6837,0.0015,0.0049,0.4999,0.0013,0.4737,0.0,2.5746,1.5,1.5
11.75,0.692,0.0015,0.0049,0.5,0.0011,0.4737,0.0,2.5746,1.5,1.5
11.75,0.692,0.0015,0.0049,0.5,0.0011,0.4737,0.0,2.5746,1.5,1.5
11.75,0.692,0.0015,0.0049,0.5,0.0011,0.4737,0.0,2.5746,1.5,1.5
11.783,0.7087,0.0016,0.0049,0.4999,0.0006,0.4737,0.0,2.5746,1.5,1.5
11.783,0.7087,0.0016,0.0049,0.4999,0.0006,0.5,0.0,2.5746,1.5,1.5
11.8,0.717,0.0016,0.0049,0.4998,-0.0002,0.5,0.0,2.5746,1.5,1.5
11.8,0.717,0.0016,0.0049,0.4998,-0.0002,0.5,0.0,2.5746,1.5,1.5
11.833,0.7337,0.0017,0.0049,0.4996,0.0005,0.5,0.0,2.5785,1.5,1.5
11.833,0.7337,0.0017,0.0049,0.4996,0.0005,0.5,0.0,2.5785,1.5,1.5
11.85,0.742,0.0018,0.0048,0.4996,-0.0006,0.5,0.0,2.5785,1.5,1.5
11.85,0.742,0.0018,0.0048,0.4996,-0.0006,0.5,0.0,2.5785,1.5,1.5
11.867,0.7501,0.0018,0.0049,0.4787,0.0002,0.5,0.0,2.5785,1.5,1.5
11.867,0.7501,0.0018,0.0049,0.4787,0.0002,0.5,0.0,2.5785,1.5,1.5
11.9,0.7659,0.0019,0.0049,0.4735,-0.0009,0.5,0.0,2.5785,1.5,1.5
11.9,0.7659,0.0019,0.0049,0.4735,-0.0009,0.5,0.0,2.5785,1.5,1.5
11.917,0.7738,0.0019,0.0048,0.4733,-0.0001,0.5,0.0,2.5785,1.5,1.5
11.917,0.7738,0.0019,0.0048,0.4733,-0.0001,0.5,0.0,2.5643,1.5,1.5
11.917,0.7738,0.0019,0.0048,0.4733,-0.0001,0.5,0.0,2.5643,1.5,1.5
11.95,0.7902,0.002,0.0048,0.4984,-0.0003,0.5,0.0,2.5643,1.5,1.5
11.95,0.7902,0.002,0.0048,0.4984,-0.0003,0.4737,0.0,2.5643,1.5,1.5
11.967,0.7985,0.0021,0.0048,0.4993,-0.0014,0.4737,0.0,2.5643,1.5,1.5
11.967,0.7985,0.0021,0.0048,0.4993,-0.0014,0.4737,0.0,2.5643,1.5,1.5
11.967,0.7985,0.0021,0.0048,0.4993,-0.0014,0.4737,0.0,2.5643,1.5,1.5
12.0,0.8152,0.0022,0.0048,0.4997,-0.0012,0.5,0.0,2.5643,1.5,1.5
12.017,0.8235,0.0022,0.0048,0.4997,-0.0012,0.5,0.0,2.5643,1.5,1.5
12.017,0.8235,0.0022,0.0048,0.4997,-0.0012,0.5,0.0,2.5624,1.5,1.5
12.033,0.8318,0.0022,0.0048,0.4998,-0.0011,0.5,0.0,2.5624,1.5,1.5
12.033,0.8318,0.0022,0.0048,0.4998,-0.0011,0.5,0.0,2.5624,1.5,1.5
12.033,0.8318,0.0022,0.0048,0.4998,-0.0011,0.5,0.0,2.5624,1.5,1.5
12.067,0.8485,0.0023,0.0047,0.5,-0.0011,0.5,0.0,2.5624,1.5,1.5
12.083,0.8569,0.0024,0.0048,0.5,-0.0009,0.5,0.0,2.5624,1.5,1.5
12.083,0.8569,0.0024,0.0048,0.5,-0.0009,0.5,0.0,2.5624,1.5,1.5
12.083,0.8569,0.0024,0.0048,0.5,-0.0009,0.5,0.0,2.5624,1.5,1.5
12.117,0.8729,0.0024,0.0048,0.475,-0.0009,0.5,0.0,2.5624,1.5,1.5
12.117,0.8729,0.0024,0.0048,0.475,-0.0009,0.5,0.0,2.5753,1.5,1.5
12.133,0.8811,0.0025,0.0049,0.495,-0.0012,0.5,0.0,2.5753,1.5,1.5
12.133,0.8811,0.0025,0.0049,0.495,-0.0012,0.5,0.0,2.5753,1.5,1.5
12.167,0.8977,0.0025,0.0048,0.5001,-0.0001,0.5,0.0,2.5753,1.5,1.5
12.167,0.8977,0.0025,0.0048,0.5001,-0.0001,0.4737,0.0,2.5753,1.5,1.5
12.183,0.906,0.0026,0.0048,0.5004,-0.0001,0.4737,0.0,2.5753,1.5,1.5
12.2,0.9144,0.0026,0.0049,0.5005,0.0004,0.5,0.0,2.5753,1.5,1.5
12.2,0.9144,0.0026,0.0049,0.5005,0.0004,0.5,0.0,2.5753,1.5,1.5
12.2,0.9144,0.0026,0.0049,0.5005,0.0004,0.5,0.0,2.5753,1.5,1.5
12.233,0.9311,0.0027,0.0049,0.5006,0.0013,0.5,0.0,2.5913,1.5,1.5
12.233,0.9311,0.0027,0.0049,0.5006,0.0013,0.5,0.0,2.5913,1.5,1.5
12.233,0.9311,0.0027,0.0049,0.5006,0.0013,0.5,0.0,2.5913,1.5,1.5
12.25,0.9394,0.0027,0.0049,0.5006,0.0009,0.5,0.0,2.5913,1.5,1.5
12.25,0.9394,0.0027,0.0049,0.5006,0.0009,0.5,0.0,2.5913,1.5,1.5
12.25,0.9394,0.0027,0.0049,0.5006,0.0009,0.5,0.0,2.5913,1.5,1.5
12.283,0.9561,0.0028,0.005,0.5007,0.0007,0.5,0.0,2.5913,1.5,1.5
12.3,0.9642,0.0028,0.005,0.48,0.0012,0.5,0.0,2.5913,1.5,1.5
12.3,0.9642,0.0028,0.005,0.48,0.0012,0.5,0.0,2.5913,1.5,1.5
12.3,0.9642,0.0028,0.005,0.48,0.0012,0.5,0.0,2.5913,1.5,1.5
12.333,0.9807,0.0029,0.005,0.5,0.0006,0.5,0.0,2.5606,1.5,1.5
12.333,0.9807,0.0029,0.005,0.5,0.0006,0.5,0.0,2.5606,1.5,1.5
12.35,0.9891,0.003,0.0051,0.5006,0.0027,0.5,0.0,2.5606,1.5,1.5
12.367,0.9974,0.003,0.0051,0.5007,0.0012,0.5,0.0,2.5606,1.5,1.5
12.367,0.9974,0.003,0.0051,0.5007,0.0012,0.5,0.0,2.5606,1.5,1.5
12.367,0.9974,0.003,0.0051,0.5007,0.0012,0.5,0.0,2.5606,1.5,1.5
12.4,1.0141,0.0031,0.0051,0.5007,0.0019,0.4737,0.0,2.5606,1.5,1.5
12.4,1.0141,0.0031,0.0051,0.5007,0.0019,0.5,0.0,2.5606,1.5,1.5
12.417,1.0224,0.0031,0.0051,0.5007,0.0019,0.5,0.0,2.5606,1.5,1.5
12.417,1.0224,0.0031,0.0051,0.5007,0.0019,0.5,0.0,2.5919,1.5,1.5
12.417,1.0224,0.0031,0.0051,0.5007,0.0019,0.5,0.0,2.5919,1.5,1.5
12.45,1.0391,0.0032,0.0052,0.5005,0.0018,0.5,0.0,2.5919,1.5,1.5
12.467,1.0475,0.0032,0.0052,0.5005,0.0016,0.5,0.0,2.5919,1.5,1.5
12.467,1.0475,0.0032,0.0052,0.5005,0.0016,0.5,0.0,2.5919,1.5,1.5
12.467,1.0475,0.0032,0.0052,0.5005,0.0016,0.5,0.0,2.5919,1.5,1.5
12.5,1.0641,0.0033,0.0052,0.5003,0.0013,0.5,0.0,2.5919,1.5,1.5
12.5,1.0641,0.0033,0.0052,0.5003,0.0013,0.5,0.0,2.5919,1.5,1.5
12.517,1.0725,0.0033,0.0052,0.5003,0.0011,0.5,0.0,2.5919,1.5,1.5
12.533,1.0806,0.0034,0.0052,0.4793,0.0016,0.5,0.0,2.5576,1.5,1.5
12.533,1.0806,0.0034,0.0052,0.4793,0.0016,0.4737,0.0,2.5576,1.5,1.5
12.533,1.0806,0.0034,0.0052,0.4793,0.0016,0.4737,0.0,2.5576,1.5,1.5
12.567,1.0971,0.0035,0.0052,0.4991,0.0007,0.4737,0.0,2.5576,1.5,1.5
12.583,1.1054,0.0035,0.0052,0.4998,0.0002,0.4737,0.0,2.5576,1.5,1.5
12.583,1.1054,0.0035,0.0052,0.4998,0.0002,0.5,0.0,2.5576,1.5,1.5
12.583,1.1054,0.0035,0.0052,0.4998,0.0002,0.5,0.0,2.5576,1.5,1.5
12.617,1.122,0.0036,0.0052,0.4998,-0.0004,0.5,0.0,2.5576,1.5,1.5
12.617,1.122,0.0036,0.0052,0.4998,-0.0004,0.5,0.0,2.5844,1.5,1.5
12.633,1.1304,0.0037,0.0052,0.4998,-0.001,0.5,0.0,2.5844,1.5,1.5
12.633,1.1304,0.0037,0.0052,0.4998,-0.001,0.5,0.0,2.5844,1.5,1.5
12.633,1.1304,0.0037,0.0052,0.4998,-0.001,0.5,0.0,2.5844,1.5,1.5
12.633,1.1304,0.0037,0.0052,0.4998,-0.001,0.5,0.0,2.5844,1.5,1.5
12.667,1.147,0.0038,0.0051,0.4996,-0.0002,0.5,0.0,2.5844,1.5,1.5
12.683,1.1551,0.0038,0.0051,0.4787,-0.0006,0.5,0.0,2.5844,1.5,1.5
12.683,1.1551,0.0038,0.0051,0.4787,-0.0006,0.5,0.0,2.5844,1.5,1.5
12.7,1.1631,0.0038,0.0051,0.4744,-0.0011,0.5,0.0,2.5844,1.5,1.5
12.7,1.1631,0.0038,0.0051,0.4744,-0.0011,0.5,0.0,2.5844,1.5,1.5
12.7,1.1631,0.0038,0.0051,0.4744,-0.0011,0.5,0.0,2.5844,1.5,1.5
12.733,1.1795,0.0039,0.005,0.4984,-0.0013,0.4737,0.0,2.5904,1.5,1.5
12.75,1.1878,0.004,0.005,0.4993,-0.0016,0.4737,0.0,2.5904,1.5,1.5
12.75,1.1878,0.004,0.005,0.4993,-0.0016,0.4737,0.0,2.5904,1.5,1.5
12.75,1.1878,0.004,0.005,0.4993,-0.0016,0.4737,0.0,2.5904,1.5,1.5
12.783,1.2044,0.0041,0.005,0.4995,-0.0015,0.4737,0.0,2.5904,1.5,1.5
12.783,1.2044,0.0041,0.005,0.4995,-0.0015,0.5,0.0,2.5904,1.5,1.5
12.8,1.2128,0.0041,0.005,0.4996,-0.0016,0.5,0.0,2.5904,1.5,1.5
12.8,1.2128,0.0041,0.005,0.4996,-0.0016,0.5,0.0,2.5904,1.5,1.5
12.8,1.2128,0.0041,0.005,0.4996,-0.0016,0.5,0.0,2.5904,1.5,1.5
12.833,1.2294,0.0042,0.0049,0.4997,-0.0015,0.4737,0.0,2.5605,1.5,1.5
12.85,1.2378,0.0043,0.0049,0.4998,-0.0015,0.4737,0.0,2.5605,1.5,1.5
12.85,1.2378,0.0043,0.0049,0.4998,-0.0015,0.4737,0.0,2.5605,1.5,1.5
12.867,1.2459,0.0043,0.0049,0.479,-0.0009,0.4737,0.0,2.5605,1.5,1.5
12.867,1.2459,0.0043,0.0049,0.479,-0.0009,0.4737,0.0,2.5605,1.5,1.5
12.867,1.2459,0.0043,0.0049,0.479,-0.0009,0.4737,0.0,2.5605,1.5,1.5
12.9,1.2617,0.0044,0.0049,0.4739,-0.0012,0.5,0.0,2.5605,1.5,1.5
12.917,1.2696,0.0044,0.005,0.4738,-0.0011,0.5,0.0,2.5605,1.5,1.5
12.917,1.2696,0.0044,0.005,0.4738,-0.0011,0.5,0.0,2.5904,1.5,1.5
12.917,1.2696,0.0044,0.005,0.4738,-0.0011,0.5,0.0,2.5904,1.5,1.5
12.95,1.286,0.0045,0.0049,0.499,-0.0009,0.5,0.0,2.5904,1.5,1.5
12.95,1.286,0.0045,0.0049,0.499,-0.0009,0.5,0.0,2.5904,1.5,1.5
12.967,1.2942,0.0045,0.005,0.4792,-0.0001,0.5,0.0,2.5904,1.5,1.5
12.967,1.2942,0.0045,0.005,0.4792,-0.0001,0.5,0.0,2.5904,1.5,1.5
13.0,1.31,0.0046,0.0049,0.4743,0.0003,0.5,0.0,2.5904,1.5,1.5
13.0,1.31,0.0046,0.0049,0.4743,0.0003,0.5,0.0,2.5904,1.5,1.5
13.017,1.3179,0.0047,0.0049,0.4741,0.0001,0.5,0.0,2.5904,1.5,1.5
13.033,1.3261,0.0047,0.005,0.495,-0.0,0.5,0.0,2.5707,1.5,1.5
13.033,1.3261,0.0047,0.005,0.495,-0.0,0.5,0.0,2.5707,1.5,1.5
13.033,1.3261,0.0047,0.005,0.495,-0.0,0.5,0.0,2.5707,1.5,1.5
13.067,1.3427,0.0048,0.005,0.5003,0.0008,0.5,0.0,2.5707,1.5,1.5
13.067,1.3427,0.0048,0.005,0.5003,0.0008,0.5,0.0,2.5707,1.5,1.5
13.083,1.351,0.0048,0.0051,0.5006,0.0005,0.5,0.0,2.5707,1.5,1.5
13.083,1.351,0.0048,0.0051,0.5006,0.0005,0.5,0.0,2.5707,1.5,1.5
13.083,1.351,0.0048,0.0051,0.5006,0.0005,0.5,0.0,2.5707,1.5,1.5
13.117,1.3677,0.0049,0.0051,0.5007,0.0008,0.5,0.0,2.5707,1.5,1.5
13.133,1.3761,0.0049,0.0051,0.5008,0.0016,0.5,0.0,2.6546,1.5,1.5
13.133,1.3761,0.0049,0.0051,0.5008,0.0016,0.5,0.0,2.6546,1.5,1.5
13.133,1.3761,0.0049,0.0051,0.5008,0.0016,0.5,0.0,2.6546,1.5,1.5
13.167,1.3928,0.005,0.0051,0.5008,0.0013,0.5,0.0,2.6546,1.5,1.5
13.167,1.3928,0.005,0.0051,0.5008,0.0013,0.5,0.0,2.6546,1.5,1.5
13.183,1.4011,0.005,0.0052,0.5007,0.0016,0.5,0.0,2.6546,1.5,1.5
13.2,1.4095,0.0051,0.0052,0.5007,0.0016,0.5,0.0,2.6546,1.5,1.5
13.2,1.4095,0.0051,0.0052,0.5007,0.0016,0.5,0.0,2.6546,1.5,1.5
13.2,1.4095,0.0051,0.0052,0.5007,0.0016,0.5,0.0,2.6546,1.5,1.5
13.233,1.4262,0.0051,0.0052,0.5007,0.0015,0.5,0.0,2.5687,1.5,1.5
13.233,1.4262,0.0051,0.0052,0.5007,0.0015,0.5,0.0,2.5687,1.5,1.5
13.25,1.4345,0.0052,0.0052,0.5007,0.0015,0.4737,0.0,2.5687,1.5,1.5
13.25,1.4345,0.0052,0.0052,0.5007,0.0015,0.4737,0.0,2.5687,1.5,1.5
13.283,1.4512,0.0053,0.0052,0.5005,0.0014,0.4737,0.0,2.5687,1.5,1.5
13.283,1.4512,0.0053,0.0052,0.5005,0.0014,0.5,0.0,2.5687,1.5,1.5
13.3,1.4595,0.0053,0.0053,0.5005,0.0012,0.5,0.0,2.5687,1.5,1.5
13.3,1.4595,0.0053,0.0053,0.5005,0.0012,0.5,0.0,2.5687,1.5,1.5
13.3,1.4595,0.0053,0.0053,0.5005,0.0012,0.5,0.0,2.5687,1.5,1.5
13.333,1.4762,0.0054,0.0052,0.5003,0.0009,0.5,0.0,2.5573,1.5,1.5
13.35,1.4845,0.0054,0.0053,0.5002,0.0008,0.5,0.0,2.5573,1.5,1.5
13.35,1.4845,0.0054,0.0053,0.5002,0.0008,0.4737,0.0,2.5573,1.5,1.5
13.367,1.4929,0.0055,0.0053,0.5002,0.0006,0.4737,0.0,2.5573,1.5,1.5
13.367,1.4929,0.0055,0.0053,0.5002,0.0006,0.4737,0.0,2.5573,1.5,1.5
13.367,1.4929,0.0055,0.0053,0.5002,0.0006,0.4737,0.0,2.5573,1.5,1.5
13.4,1.5089,0.0056,0.0052,0.4748,-0.0001,0.5,0.0,2.5573,1.5,1.5
13.417,1.5168,0.0056,0.0052,0.4738,-0.0001,0.5,0.0,2.5573,1.5,1.5
13.417,1.5168,0.0056,0.0052,0.4738,-0.0001,0.5,0.0,2.5573,1.5,1.5
13.417,1.5168,0.0056,0.0052,0.4738,-0.0001,0.5,0.0,2.6347,1.5,1.5
13.45,1.5332,0.0057,0.0052,0.4986,0.0005,0.5,0.0,2.6347,1.5,1.5
13.45,1.5332,0.0057,0.0052,0.4986,0.0005,0.5,0.0,2.6347,1.5,1.5
13.467,1.5415,0.0058,0.0051,0.4994,-0.0006,0.5,0.0,2.6347,1.5,1.5
13.467,1.5415,0.0058,0.0051,0.4994,-0.0006,0.5,0.0,2.6347,1.5,1.5
13.467,1.5415,0.0058,0.0051,0.4994,-0.0006,0.5,0.0,2.6347,1.5,1.5
13.5,1.558,0.0059,0.0052,0.4788,-0.0001,0.5,0.0,2.6347,1.5,1.5
13.517,1.5659,0.0059,0.0051,0.4744,-0.0016,0.5,0.0,2.6347,1.5,1.5
13.517,1.5659,0.0059,0.0051,0.4744,-0.0016,0.5,0.0,2.5703,1.5,1.5
13.533,1.574,0.0059,0.0051,0.4943,-0.0022,0.5,0.0,2.5703,1.5,1.5
13.533,1.574,0.0059,0.0051,0.4943,-0.0022,0.5,0.0,2.5703,1.5,1.5
13.533,1.574,0.0059,0.0051,0.4943,-0.0022,0.5,0.0,2.5703,1.5,1.5
13.567,1.5906,0.006,0.005,0.4993,-0.0013,0.5,0.0,2.5703,1.5,1.5
13.583,1.599,0.0061,0.005,0.4995,-0.0014,0.5,0.0,2.5703,1.5,1.5
13.583,1.599,0.0061,0.005,0.4995,-0.0014,0.5,0.0,2.5703,1.5,1.5
13.583,1.599,0.0061,0.005,0.4995,-0.0014,0.5,0.0,2.5703,1.5,1.5
13.617,1.6156,0.0062,0.005,0.4996,-0.0018,0.5,0.0,2.5703,1.5,1.5
13.633,1.6239,0.0062,0.0049,0.4996,-0.0013,0.5,0.0,2.5946,1.5,1.5
13.633,1.6239,0.0062,0.0049,0.4996,-0.0013,0.5,0.0,2.5946,1.5,1.5
13.633,1.6239,0.0062,0.0049,0.4996,-0.0013,0.5,0.0,2.5946,1.5,1.5
13.633,1.6239,0.0062,0.0049,0.4996,-0.0013,0.5,0.0,2.5946,1.5,1.5
13.667,1.6406,0.0063,0.0049,0.4997,-0.0011,0.5,0.0,2.5946,1.5,1.5
13.683,1.6489,0.0064,0.0049,0.4998,-0.0015,0.5,0.0,2.5946,1.5,1.5
13.7,1.6573,0.0064,0.0049,0.4999,-0.0019,0.5,0.0,2.5946,1.5,1.5
13.7,1.6573,0.0064,0.0049,0.4999,-0.0019,0.5,0.0,2.5946,1.5,1.5
13.7,1.6573,0.0064,0.0049,0.4999,-0.0019,0.5,0.0,2.5946,1.5,1.5
13.733,1.6739,0.0065,0.0049,0.5,-0.0015,0.5,0.0,2.5517,1.5,1.5
13.733,1.6739,0.0065,0.0049,0.5,-0.0015,0.5,0.0,2.5517,1.5,1.5
13.75,1.6823,0.0065,0.0049,0.5001,-0.0013,0.5,0.0,2.5517,1.5,1.5
13.75,1.6823,0.0065,0.0049,0.5001,-0.0013,0.5,0.0,2.5517,1.5,1.5
13.75,1.6823,0.0065,0.0049,0.5001,-0.0013,0.5,0.0,2.5517,1.5,1.5
13.783,1.699,0.0066,0.005,0.5002,-0.0009,0.5,0.0,2.5517,1.5,1.5
13.8,1.7073,0.0067,0.005,0.5003,-0.0007,0.5,0.0,2.5517,1.5,1.5
13.8,1.7073,0.0067,0.005,0.5003,-0.0007,0.5,0.0,2.5517,1.5,1.5
13.8,1.7073,0.0067,0.005,0.5003,-0.0007,0.5,0.0,2.5517,1.5,1.5
13.833,1.724,0.0067,0.0049,0.5004,-0.0001,0.5,0.0,2.5728,1.5,1.5
13.833,1.724,0.0067,0.0049,0.5004,-0.0001,0.5,-0.0263,2.5728,1.5,1.5
13.85,1.7323,0.0068,0.0049,0.5005,-0.0001,0.4737,-0.0263,2.5728,1.5,1.5
13.867,1.7407,0.0068,0.005,0.5005,0.0007,0.4737,-0.0263,2.5728,1.5,1.5
13.867,1.7407,0.0068,0.005,0.5005,0.0007,0.4737,-0.0263,2.5728,1.5,1.5
13.867,1.7407,0.0068,0.005,0.5005,0.0007,0.4737,-0.0263,2.5728,1.5,1.5
13.9,1.7574,0.0069,0.005,0.5006,0.0007,0.4737,-0.0263,2.5728,1.5,1.5
13.9,1.7574,0.0069,0.005,0.5006,0.0007,0.5,-0.0263,2.5728,1.5,1.5
13.917,1.7657,0.0069,0.0051,0.5007,0.0008,0.5,-0.0263,2.5728,1.5,1.5
13.917,1.7657,0.0069,0.0051,0.5007,0.0008,0.5,-0.0263,2.6179,1.5,1.5
13.917,1.7657,0.0069,0.0051,0.5007,0.0008,0.5,-0.0263,2.6179,1.5,1.5
13.95,1.7824,0.007,0.0051,0.5008,0.0016,0.5,-0.0263,2.6179,1.5,1.5
13.967,1.7908,0.0071,0.0051,0.5009,0.0058,0.5,-0.0263,2.6179,1.5,1.5
13.967,1.7908,0.0071,0.0051,0.5009,0.0058,0.5,-0.0263,2.6179,1.5,1.5
13.967,1.7908,0.0071,0.0051,0.5009,0.0058,0.5,-0.0263,2.6179,1.5,1.5
14.0,1.8069,0.0072,0.0049,0.4756,0.0031,0.5,-0.0263,2.6179,1.5,1.5
14.0,1.8069,0.0072,0.0049,0.4756,0.0031,0.5,-0.0263,2.6179,1.5,1.5
14.017,1.8148,0.0072,0.0049,0.4746,0.0021,0.5,-0.0263,2.6179,1.5,1.5
14.033,1.8227,0.0073,0.0049,0.4744,0.0002,0.5,-0.0263,2.5569,1.5,1.5
14.033,1.8227,0.0073,0.0049,0.4744,0.0002,0.5,-0.0263,2.5569,1.5,1.5
14.033,1.8227,0.0073,0.0049,0.4744,0.0002,0.5,-0.0263,2.5569,1.5,1.5
14.067,1.8391,0.0074,0.0046,0.4994,0.0003,0.5,-0.0263,2.5569,1.5,1.5
14.067,1.8391,0.0074,0.0046,0.4994,0.0003,0.4737,-0.0263,2.5569,1.5,1.5
14.083,1.8474,0.0074,0.0044,0.5003,-0.0026,0.4737,-0.0263,2.5569,1.5,1.5
14.083,1.8474,0.0074,0.0044,0.5003,-0.0026,0.4737,-0.0263,2.5569,1.5,1.5
14.083,1.8474,0.0074,0.0044,0.5003,-0.0026,0.4737,-0.0263,2.5569,1.5,1.5
14.117,1.8641,0.0075,0.0041,0.5004,-0.0036,0.5,-0.0263,2.5569,1.5,1.5
14.133,1.8724,0.0076,0.004,0.5004,-0.0048,0.5,-0.0263,2.6112,1.5,1.5
14.133,1.8724,0.0076,0.004,0.5004,-0.0048,0.5,-0.0263,2.6112,1.5,1.5
14.133,1.8724,0.0076,0.004,0.5004,-0.0048,0.5,-0.0263,2.6112,1.5,1.5
14.167,1.8891,0.0077,0.0036,0.5002,-0.0067,0.5,-0.0263,2.6112,1.5,1.5
14.183,1.8974,0.0078,0.0033,0.5001,-0.0076,0.5,-0.0263,2.6112,1.5,1.5
14.183,1.8974,0.0078,0.0033,0.5001,-0.0076,0.5,-0.0263,2.6112,1.5,1.5
14.2,1.9058,0.0079,0.0032,0.5,-0.0085,0.5,-0.0263,2.6112,1.5,1.5
14.2,1.9058,0.0079,0.0032,0.5,-0.0085,0.5,-0.0263,2.6112,1.5,1.5
14.2,1.9058,0.0079,0.0032,0.5,-0.0085,0.5,-0.0263,2.5652,1.5,1.5
14.233,1.9218,0.008,0.0025,0.4748,-0.01,0.5,0.0,2.5652,1.5,1.5
14.25,1.9297,0.0081,0.0023,0.4742,-0.0104,0.5,0.0,2.5652,1.5,1.5
14.25,1.9297,0.0081,0.0023,0.4742,-0.0104,0.5,0.0,2.5652,1.5,1.5
14.25,1.9297,0.0081,0.0023,0.4742,-0.0104,0.5,0.0,2.5652,1.5,1.5
14.283,1.9461,0.0082,0.0015,0.4985,-0.0123,0.5,0.0,2.5652,1.5,1.5
14.3,1.9545,0.0082,0.0014,0.4994,-0.0137,0.5,0.0,2.5652,1.5,1.5
14.3,1.9545,0.0082,0.0014,0.4994,-0.0137,0.5,0.0,2.5652,1.5,1.5
14.3,1.9545,0.0082,0.0014,0.4994,-0.0137,0.5,0.0,2.5652,1.5,1.5
14.3,1.9545,0.0082,0.0014,0.4994,-0.0137,0.5,0.0,2.5866,1.5,1.5
14.333,1.9711,0.0084,0.0007,0.4995,-0.015,0.5,0.0,2.5866,1.5,1.5
14.35,1.9794,0.0084,0.0,0.4995,-0.0157,0.5,0.0,2.5866,1.5,1.5
14.35,1.9794,0.0084,0.0,0.4995,-0.0157,0.5,-0.0263,2.5866,1.5,1.5
14.367,1.9878,0.0085,0.0,0.4996,-0.0207,0.5,-0.0263,2.5866,1.5,1.5
14.367,1.9878,0.0085,0.0,0.4996,-0.0207,0.5,-0.0263,2.5866,1.5,1.5
14.367,1.9878,0.0085,0.0,0.4996,-0.0207,0.5,-0.0263,2.5866,1.5,1.5
14.4,2.0044,0.0086,0.0,0.4995,-0.019,0.5,-0.0263,2.5866,1.5,1.5
14.417,2.0127,0.0086,0.0,0.4994,-0.0186,0.5,-0.0263,2.5866,1.5,1.5
14.417,2.0127,0.0086,0.0,0.4994,-0.0186,0.5,-0.0263,2.5948,1.5,1.5
14.417,2.0127,0.0086,0.0,0.4994,-0.0186,0.5,-0.0263,2.5948,1.5,1.5
14.45,2.0294,0.0087,-0.0007,0.4995,-0.0175,0.5,-0.0263,2.5948,1.5,1.5
14.45,2.0294,0.0087,-0.0007,0.4995,-0.0175,0.5,-0.0263,2.5948,1.5,1.5
14.467,2.0377,0.0087,-0.0007,0.4996,-0.0169,0.5,-0.0263,2.5948,1.5,1.5
14.467,2.0377,0.0087,-0.0007,0.4996,-0.0169,0.5,-0.0263,2.5948,1.5,1.5
14.5,2.0544,0.0087,-0.0014,0.4997,-0.0099,0.5,-0.0263,2.5948,1.5,1.5
14.5,2.0544,0.0087,-0.0014,0.4997,-0.0099,0.5,-0.0263,2.5948,1.5,1.5
14.517,2.0627,0.0088,-0.0015,0.4999,-0.0137,0.5,-0.0263,2.5948,1.5,1.5
14.517,2.0627,0.0088,-0.0015,0.4999,-0.0137,0.5,-0.0263,2.6316,1.5,1.5
14.533,2.0711,0.0088,-0.002,0.4998,-0.0134,0.5,-0.0263,2.6316,1.5,1.5
14.533,2.0711,0.0088,-0.002,0.4998,-0.0134,0.5,-0.0263,2.6316,1.5,1.5
14.533,2.0711,0.0088,-0.002,0.4998,-0.0134,0.5,-0.0263,2.6316,1.5,1.5
14.567,2.0877,0.0088,-0.0024,0.5,-0.0143,0.4737,-0.0263,2.6316,1.5,1.5
14.583,2.0961,0.0088,-0.0028,0.5001,-0.0148,0.4737,-0.0263,2.6316,1.5,1.5
14.583,2.0961,0.0088,-0.0028,0.5001,-0.0148,0.4737,-0.0263,2.6316,1.5,1.5
14.583,2.0961,0.0088,-0.0028,0.5001,-0.0148,0.4737,-0.0263,2.6316,1.5,1.5
14.617,2.1127,0.0089,-0.0032,0.5003,-0.0153,0.4737,-0.0263,2.6316,1.5,1.5
14.633,2.1211,0.0089,-0.0037,0.5003,-0.0155,0.5,-0.0263,2.6095,1.5,1.5
14.633,2.1211,0.0089,-0.0037,0.5003,-0.0155,0.5,-0.0263,2.6095,1.5,1.5
14.633,2.1211,0.0089,-0.0037,0.5003,-0.0155,0.5,-0.0263,2.6095,1.5,1.5
14.667,2.1378,0.0089,-0.0042,0.5004,-0.0159,0.5,-0.0263,2.6095,1.5,1.5
14.667,2.1378,0.0089,-0.0042,0.5004,-0.0159,0.5,-0.0263,2.6095,1.5,1.5
14.683,2.1461,0.0089,-0.0045,0.5005,-0.0162,0.5,-0.0263,2.6095,1.5,1.5
14.7,2.1545,0.0089,-0.0048,0.5005,-0.0164,0.5,-0.0263,2.6095,1.5,1.5
14.7,2.1545,0.0089,-0.0048,0.5005,-0.0164,0.5,-0.0263,2.6095,1.5,1.5
14.7,2.1545,0.0089,-0.0048,0.5005,-0.0164,0.5,-0.0263,2.6095,1.5,1.5
14.733,2.1705,0.0089,-0.0055,0.4754,-0.0162,0.5,-0.0263,2.6219,1.5,1.5
14.733,2.1705,0.0089,-0.0055,0.4754,-0.0162,0.5,-0.0263,2.6219,1.5,1.5
14.75,2.1785,0.0089,-0.0058,0.4745,-0.0161,0.5,-0.0263,2.6219,1.5,1.5
14.75,2.1785,0.0089,-0.0058,0.4745,-0.0161,0.5,-0.0263,2.6219,1.5,1.5
14.783,2.1949,0.0089,-0.0064,0.4994,-0.017,0.5,-0.0263,2.6219,1.5,1.5
14.783,2.1949,0.0089,-0.0064,0.4994,-0.017,0.4737,-0.0263,2.6219,1.5,1.5
14.8,2.2032,0.0089,-0.0067,0.5004,-0.018,0.4737,-0.0263,2.6219,1.5,1.5
14.8,2.2032,0.0089,-0.0067,0.5004,-0.018,0.5,-0.0263,2.6219,1.5,1.5
14.8,2.2032,0.0089,-0.0067,0.5004,-0.018,0.5,-0.0263,2.6121,1.5,1.5
14.833,2.2199,0.0089,-0.0074,0.5013,-0.0189,0.5,-0.0263,2.6121,1.5,1.5
14.85,2.2283,0.0089,-0.0077,0.5008,-0.0228,0.5,-0.0263,2.6121,1.5,1.5
14.85,2.2283,0.0089,-0.0077,0.5008,-0.0228,0.5,-0.0263,2.6121,1.5,1.5
14.867,2.2366,0.0089,-0.0081,0.501,-0.019,0.5,-0.0263,2.6121,1.5,1.5
14.867,2.2366,0.0089,-0.0081,0.501,-0.019,0.5,-0.0263,2.6121,1.5,1.5
14.867,2.2366,0.0089,-0.0081,0.501,-0.019,0.5,-0.0263,2.6121,1.5,1.5
14.9,2.2533,0.0089,-0.0089,0.5009,-0.0202,0.5,-0.0263,2.6121,1.5,1.5
14.917,2.2616,0.0089,-0.0093,0.5012,-0.0202,0.5,-0.0263,2.6121,1.5,1.5
14.917,2.2616,0.0089,-0.0093,0.5012,-0.0202,0.5,-0.0263,2.6121,1.5,1.5
14.917,2.2616,0.0089,-0.0093,0.5012,-0.0202,0.5,-0.0263,2.6247,1.5,1.5
14.95,2.2783,0.0088,-0.0101,0.5008,-0.0212,0.5,-0.0263,2.6247,1.5,1.5
14.95,2.2783,0.0088,-0.0101,0.5008,-0.0212,0.4737,0.0,2.6247,1.5,1.5
14.967,2.2867,0.0088,-0.0104,0.501,-0.0222,0.4737,0.0,2.6247,1.5,1.5
14.967,2.2867,0.0088,-0.0104,0.501,-0.0222,0.4737,-0.0263,2.6247,1.5,1.5
14.967,2.2867,0.0088,-0.0104,0.501,-0.0222,0.4737,-0.0263,2.6247,1.5,1.5
15.0,2.3033,0.0088,-0.0113,0.5003,-0.0233,0.5,-0.0263,2.6247,1.5,1.5
15.017,2.3117,0.0087,-0.0117,0.5009,-0.0214,0.5,-0.0263,2.6247,1.5,1.5
15.017,2.3117,0.0087,-0.0117,0.5009,-0.0214,0.5,-0.0263,2.6247,1.5,1.5
15.033,2.32,0.0087,-0.0121,0.5001,-0.0234,0.5,-0.0263,2.629,1.5,1.5
15.033,2.32,0.0087,-0.0121,0.5001,-0.0234,0.5,-0.0263,2.629,1.5,1.5
15.033,2.32,0.0087,-0.0121,0.5001,-0.0234,0.5,-0.0263,2.629,1.5,1.5
15.067,2.3367,0.0086,-0.013,0.5,-0.0238,0.5,-0.0263,2.629,1.5,1.5
15.083,2.345,0.0086,-0.0134,0.5007,-0.0249,0.5,0.0,2.629,1.5,1.5
15.083,2.345,0.0086,-0.0134,0.5007,-0.0249,0.5,0.0,2.629,1.5,1.5
15.083,2.345,0.0086,-0.0134,0.5007,-0.0249,0.5,0.0,2.629,1.5,1.5
15.117,2.3611,0.0085,-0.0143,0.4746,-0.0224,0.5,0.0,2.629,1.5,1.5
15.117,2.3611,0.0085,-0.0143,0.4746,-0.0224,0.5,0.0,2.629,1.5,1.5
15.133,2.3692,0.0084,-0.0147,0.4938,-0.0273,0.5,0.0,2.6107,1.5,1.5
15.133,2.3692,0.0084,-0.0147,0.4938,-0.0273,0.5,0.0,2.6107,1.5,1.5
15.133,2.3692,0.0084,-0.0147,0.4938,-0.0273,0.5,0.0,2.6107,1.5,1.5
15.167,2.3858,0.0083,-0.0157,0.4991,-0.025,0.5,0.0,2.6107,1.5,1.5
15.183,2.3941,0.0083,-0.0161,0.4994,-0.0263,0.4737,0.0,2.6107,1.5,1.5
15.183,2.3941,0.0083,-0.0161,0.4994,-0.0263,0.4737,0.0,2.6107,1.5,1.5
15.2,2.4024,0.0082,-0.0166,0.4994,-0.0263,0.4737,0.0,2.6107,1.5,1.5
15.2,2.4024,0.0082,-0.0166,0.4994,-0.0263,0.5,0.0,2.6107,1.5,1.5
15.2,2.4024,0.0082,-0.0166,0.4994,-0.0263,0.5,0.0,2.5806,1.5,1.5
15.233,2.4191,0.008,-0.0174,0.4994,-0.0253,0.5,0.0,2.5806,1.5,1.5
15.25,2.4274,0.008,-0.0177,0.4994,-0.0259,0.5,0.0,2.5806,1.5,1.5
15.25,2.4274,0.008,-0.0177,0.4994,-0.0259,0.5,0.0,2.5806,1.5,1.5
15.25,2.4274,0.008,-0.0177,0.4994,-0.0259,0.5,0.0,2.5806,1.5,1.5
15.283,2.4441,0.0078,-0.0184,0.4996,-0.0245,0.5,0.0,2.5806,1.5,1.5
15.283,2.4441,0.0078,-0.0184,0.4996,-0.0245,0.5,0.0,2.5806,1.5,1.5
15.3,2.4524,0.0077,-0.0187,0.4997,-0.0237,0.5,0.0,2.5806,1.5,1.5
15.3,2.4524,0.0077,-0.0187,0.4997,-0.0237,0.5,0.0,2.5806,1.5,1.5
15.3,2.4524,0.0077,-0.0187,0.4997,-0.0237,0.5,0.0,2.5608,1.5,1.5
15.333,2.4685,0.0074,-0.0193,0.4746,-0.0226,0.5,0.0,2.5608,1.5,1.5
15.35,2.4766,0.0073,-0.0196,0.4946,-0.0216,0.5,0.0,2.5608,1.5,1.5
15.35,2.4766,0.0073,-0.0196,0.4946,-0.0216,0.5,0.0,2.5608,1.5,1.5
15.367,2.4849,0.0072,-0.0199,0.4988,-0.0221,0.4737,0.0,2.5608,1.5,1.5
15.367,2.4849,0.0072,-0.0199,0.4988,-0.0221,0.4737,0.0,2.5608,1.5,1.5
15.367,2.4849,0.0072,-0.0199,0.4988,-0.0221,0.4737,0.0,2.5608,1.5,1.5
15.4,2.5015,0.007,-0.0204,0.4999,-0.0207,0.5,0.0,2.5608,1.5,1.5
15.417,2.5099,0.0068,-0.0207,0.5,-0.0198,0.5,0.0,2.5608,1.5,1.5
15.417,2.5099,0.0068,-0.0207,0.5,-0.0198,0.5,0.0,2.5355,1.5,1.5
15.417,2.5099,0.0068,-0.0207,0.5,-0.0198,0.5,0.0,2.5355,1.5,1.5
15.45,2.5265,0.0065,-0.0211,0.5002,-0.0182,0.5,0.0,2.5355,1.5,1.5
15.45,2.5265,0.0065,-0.0211,0.5002,-0.0182,0.5,0.0,2.5355,1.5,1.5
15.467,2.5349,0.0064,-0.0213,0.5002,-0.0173,0.5,0.0,2.5355,1.5,1.5
15.467,2.5349,0.0064,-0.0213,0.5002,-0.0173,0.5,0.0,2.5355,1.5,1.5
15.467,2.5349,0.0064,-0.0213,0.5002,-0.0173,0.5,0.0,2.5355,1.5,1.5
15.5,2.5516,0.0061,-0.0217,0.5004,-0.0158,0.5,0.0,2.5355,1.5,1.5
15.517,2.5597,0.0059,-0.0219,0.4796,-0.0137,0.5,0.0,2.5355,1.5,1.5
15.517,2.5597,0.0059,-0.0219,0.4796,-0.0137,0.5,0.0,2.591,1.5,1.5
15.533,2.5678,0.0058,-0.022,0.4961,-0.0154,0.5,0.0,2.591,1.5,1.5
15.533,2.5678,0.0058,-0.022,0.4961,-0.0154,0.5,0.0,2.591,1.5,1.5
15.533,2.5678,0.0058,-0.022,0.4961,-0.0154,0.5,0.0,2.591,1.5,1.5
15.567,2.5845,0.0055,-0.0223,0.5004,-0.0131,0.4737,0.0,2.591,1.5,1.5
15.583,2.5928,0.0053,-0.0225,0.5005,-0.0125,0.4737,0.0,2.591,1.5,1.5
15.583,2.5928,0.0053,-0.0225,0.5005,-0.0125,0.4737,0.0,2.591,1.5,1.5
15.583,2.5928,0.0053,-0.0225,0.5005,-0.0125,0.4737,0.0,2.591,1.5,1.5
15.617,2.6095,0.005,-0.0228,0.5007,-0.0118,0.4737,0.0,2.591,1.5,1.5
15.633,2.6179,0.0048,-0.0229,0.5007,-0.0098,0.5,0.0,2.5426,1.5,1.5
15.633,2.6179,0.0048,-0.0229,0.5007,-0.0098,0.5,0.0,2.5426,1.5,1.5
15.633,2.6179,0.0048,-0.0229,0.5007,-0.0098,0.5,0.0,2.5426,1.5,1.5
15.667,2.6346,0.0044,-0.0232,0.5007,-0.0095,0.5,0.0,2.5426,1.5,1.5
15.667,2.6346,0.0044,-0.0232,0.5007,-0.0095,0.5,0.0,2.5426,1.5,1.5
15.683,2.6429,0.0043,-0.0233,0.5007,-0.0093,0.5,0.0,2.5426,1.5,1.5
15.7,2.651,0.0041,-0.0234,0.4798,-0.0078,0.5,0.0,2.5426,1.5,1.5
15.7,2.651,0.0041,-0.0234,0.4798,-0.0078,0.5,0.0,2.5426,1.5,1.5
15.7,2.651,0.0041,-0.0234,0.4798,-0.0078,0.5,0.0,2.5426,1.5,1.5
15.733,2.6669,0.0038,-0.0236,0.4744,-0.0081,0.5,0.0,2.5386,1.5,1.5
15.733,2.6669,0.0038,-0.0236,0.4744,-0.0081,0.5,0.0,2.5386,1.5,1.5
15.75,2.6748,0.0036,-0.0238,0.4742,-0.0078,0.5,0.0,2.5386,1.5,1.5
15.75,2.6748,0.0036,-0.0238,0.4742,-0.0078,0.5,0.0,2.5386,1.5,1.5
15.75,2.6748,0.0036,-0.0238,0.4742,-0.0078,0.5,0.0,2.5386,1.5,1.5
15.783,2.6912,0.0032,-0.024,0.4989,-0.0077,0.4737,0.0,2.5386,1.5,1.5
15.8,2.6995,0.0031,-0.0241,0.5,-0.0078,0.4737,0.0,2.5386,1.5,1.5
15.8,2.6995,0.0031,-0.0241,0.5,-0.0078,0.4737,0.0,2.5386,1.5,1.5
15.8,2.6995,0.0031,-0.0241,0.5,-0.0078,0.4737,0.0,2.5386,1.5,1.5
15.833,2.7162,0.0027,-0.0243,0.5001,-0.0076,0.4737,0.0,2.6746,1.5,1.5
15.833,2.7162,0.0027,-0.0243,0.5001,-0.0076,0.5,0.0,2.6746,1.5,1.5
15.85,2.7245,0.0025,-0.0245,0.5001,-0.0076,0.5,0.0,2.6746,1.5,1.5
15.867,2.7328,0.0023,-0.0246,0.5,-0.0075,0.5,0.0,2.6746,1.5,1.5
15.867,2.7328,0.0023,-0.0246,0.5,-0.0075,0.4737,0.0,2.6746,1.5,1.5
15.867,2.7328,0.0023,-0.0246,0.5,-0.0075,0.4737,0.0,2.6746,1.5,1.5
15.9,2.7495,0.0019,-0.0248,0.4999,-0.0075,0.4737,0.0,2.6746,1.5,1.5
15.9,2.7495,0.0019,-0.0248,0.4999,-0.0075,0.4737,0.0,2.6746,1.5,1.5
15.917,2.7578,0.0018,-0.0249,0.4998,-0.0074,0.5,0.0,2.6746,1.5,1.5
15.917,2.7578,0.0018,-0.0249,0.4998,-0.0074,0.5,0.0,2.4945,1.5,1.5
15.917,2.7578,0.0018,-0.0249,0.4998,-0.0074,0.5,0.0,2.4945,1.5,1.5
15.95,2.7739,0.0014,-0.0251,0.4745,-0.0075,0.5,0.0,2.4945,1.5,1.5
15.967,2.782,0.0012,-0.0252,0.4941,-0.0106,0.5,0.0,2.4945,1.5,1.5
15.967,2.782,0.0012,-0.0252,0.4941,-0.0106,0.5,0.0,2.4945,1.5,1.5
15.967,2.782,0.0012,-0.0252,0.4941,-0.0106,0.5,0.0,2.4945,1.5,1.5
16.0,2.7986,0.0008,-0.0254,0.4993,-0.0072,0.5,0.0,2.4945,1.5,1.5
16.017,2.8067,0.0006,-0.0255,0.4786,-0.0066,0.5,0.0,2.4945,1.5,1.5
16.017,2.8067,0.0006,-0.0255,0.4786,-0.0066,0.5,0.0,2.5397,1.5,1.5
16.033,2.8146,0.0004,-0.0256,0.4744,-0.0072,0.5,0.0,2.5397,1.5,1.5
16.033,2.8146,0.0004,-0.0256,0.4744,-0.0072,0.5,0.0,2.5397,1.5,1.5
16.033,2.8146,0.0004,-0.0256,0.4744,-0.0072,0.5,0.0,2.5397,1.5,1.5
16.067,2.831,0.0001,-0.0258,0.4984,-0.0068,0.5,0.0,2.5397,1.5,1.5
16.083,2.8393,-0.0001,-0.0259,0.4993,-0.0068,0.4737,0.0,2.5397,1.5,1.5
16.083,2.8393,-0.0001,-0.0259,0.4993,-0.0068,0.4737,0.0,2.5397,1.5,1.5
16.083,2.8393,-0.0001,-0.0259,0.4993,-0.0068,0.4737,0.0,2.5397,1.5,1.5
16.117,2.856,-0.0005,-0.026,0.4996,-0.0058,0.4737,0.0,2.5397,1.5,1.5
16.117,2.856,-0.0005,-0.026,0.4996,-0.0058,0.5,0.0,2.5397,1.5,1.5
16.133,2.8643,-0.0008,-0.0261,0.4997,-0.0067,0.5,0.0,2.5394,1.5,1.5
16.133,2.8643,-0.0008,-0.0261,0.4997,-0.0067,0.5,0.0,2.5394,1.5,1.5
16.133,2.8643,-0.0008,-0.0261,0.4997,-0.0067,0.5,0.0,2.5394,1.5,1.5
16.167,2.881,-0.0012,-0.0262,0.4998,-0.0064,0.5,0.0,2.5394,1.5,1.5
16.183,2.8893,-0.0014,-0.0263,0.4999,-0.0055,0.5,0.0,2.5394,1.5,1.5
16.183,2.8893,-0.0014,-0.0263,0.4999,-0.0055,0.5,0.0,2.5394,1.5,1.5
16.2,2.8976,-0.0016,-0.0263,0.4999,-0.0056,0.5,0.0,2.5394,1.5,1.5
16.2,2.8976,-0.0016,-0.0263,0.4999,-0.0056,0.5,0.0,2.5394,1.5,1.5
16.2,2.8976,-0.0016,-0.0263,0.4999,-0.0056,0.5,0.0,2.6143,1.5,1.5
16.233,2.9137,-0.002,-0.0264,0.4749,-0.0048,0.5,0.0,2.6143,1.5,1.5
16.25,2.9216,-0.0022,-0.0264,0.4741,-0.0042,0.5,0.0,2.6143,1.5,1.5
16.25,2.9216,-0.0022,-0.0264,0.4741,-0.0042,0.5,0.0,2.6143,1.5,1.5
16.25,2.9216,-0.0022,-0.0264,0.4741,-0.0042,0.5,0.0,2.6143,1.5,1.5
16.283,2.938,-0.0026,-0.0265,0.4991,-0.0028,0.5,0.0,2.6143,1.5,1.5
16.283,2.938,-0.0026,-0.0265,0.4991,-0.0028,0.4737,0.0,2.6143,1.5,1.5
16.3,2.9463,-0.0028,-0.0265,0.5001,-0.0038,0.5,0.0,2.6143,1.5,1.5
16.3,2.9463,-0.0028,-0.0265,0.5001,-0.0038,0.5,0.0,2.6143,1.5,1.5
16.3,2.9463,-0.0028,-0.0265,0.5001,-0.0038,0.5,0.0,2.4965,1.5,1.5
16.333,2.963,-0.0033,-0.0266,0.5005,-0.0027,0.5,0.0,2.4965,1.5,1.5
16.35,2.9714,-0.0035,-0.0266,0.5005,-0.0032,0.5,0.0,2.4965,1.5,1.5
16.35,2.9714,-0.0035,-0.0266,0.5005,-0.0032,0.5,0.0,2.4965,1.5,1.5
16.367,2.9797,-0.0037,-0.0266,0.5006,-0.0025,0.5,0.0,2.4965,1.5,1.5
16.367,2.9797,-0.0037,-0.0266,0.5006,-0.0025,0.5,0.0,2.4965,1.5,1.5
16.4,2.9964,-0.0041,-0.0266,0.5006,-0.0017,0.5,0.0,2.4965,1.5,1.5
16.4,2.9964,-0.0041,-0.0266,0.5006,-0.0017,0.5,0.0,2.4965,1.5,1.5
16.417,3.0047,-0.0044,-0.0266,0.5007,-0.0018,0.5,0.0,2.4965,1.5,1.5
16.417,3.0047,-0.0044,-0.0266,0.5007,-0.0018,0.5,0.0,2.4824,1.5,1.5
16.417,3.0047,-0.0044,-0.0266,0.5007,-0.0018,0.5,0.0,2.4824,1.5,1.5
16.45,3.0214,-0.0048,-0.0266,0.5008,-0.0013,0.5,0.0,2.4824,1.5,1.5
16.467,3.0298,-0.005,-0.0266,0.5008,-0.001,0.5,0.0,2.4824,1.5,1.5
16.467,3.0298,-0.005,-0.0266,0.5008,-0.001,0.4737,0.0,2.4824,1.5,1.5
16.467,3.0298,-0.005,-0.0266,0.5008,-0.001,0.4737,0.0,2.4824,1.5,1.5
16.5,3.0465,-0.0055,-0.0266,0.5007,-0.0008,0.4737,0.0,2.4824,1.5,1.5
16.5,3.0465,-0.0055,-0.0266,0.5007,-0.0008,0.4737,0.0,2.4824,1.5,1.5
16.517,3.0548,-0.0057,-0.0267,0.5007,-0.0007,0.5,0.0,2.4824,1.5,1.5
16.533,3.0631,-0.0059,-0.0267,0.5007,-0.0005,0.5,0.0,2.5389,1.5,1.5
16.533,3.0631,-0.0059,-0.0267,0.5007,-0.0005,0.5,0.0,2.5389,1.5,1.5
16.533,3.0631,-0.0059,-0.0267,0.5007,-0.0005,0.5,0.0,2.5389,1.5,1.5
16.567,3.0798,-0.0064,-0.0267,0.5006,-0.0005,0.5,0.0,2.5389,1.5,1.5
16.567,3.0798,-0.0064,-0.0267,0.5006,-0.0005,0.4737,0.0,2.5389,1.5,1.5
16.583,3.0882,-0.0066,-0.0267,0.5005,-0.0005,0.4737,0.0,2.5389,1.5,1.5
16.583,3.0882,-0.0066,-0.0267,0.5005,-0.0005,0.4737,0.0,2.5389,1.5,1.5
16.583,3.0882,-0.0066,-0.0267,0.5005,-0.0005,0.4737,0.0,2.5389,1.5,1.5
16.617,3.1042,-0.007,-0.0267,0.4752,-0.0008,0.5,0.0,2.5389,1.5,1.5
16.633,3.1121,-0.0072,-0.0267,0.4742,-0.0008,0.5,0.0,2.4862,1.5,1.5
16.633,3.1121,-0.0072,-0.0267,0.4742,-0.0008,0.5,0.0,2.4862,1.5,1.5
16.633,3.1121,-0.0072,-0.0267,0.4742,-0.0008,0.5,0.0,2.4862,1.5,1.5
16.667,3.1285,-0.0077,-0.0268,0.4989,-0.0015,0.5,0.0,2.4862,1.5,1.5
16.667,3.1285,-0.0077,-0.0268,0.4989,-0.0015,0.5,0.0,2.4862,1.5,1.5
16.683,3.1369,-0.0079,-0.0268,0.4999,-0.0009,0.5,0.0,2.4862,1.5,1.5
16.7,3.1452,-0.0081,-0.0269,0.5,-0.0015,0.5,0.0,2.4862,1.5,1.5
16.7,3.1452,-0.0081,-0.0269,0.5,-0.0015,0.5,0.0,2.4862,1.5,1.5
16.7,3.1452,-0.0081,-0.0269,0.5,-0.0015,0.5,0.0,2.4862,1.5,1.5
16.733,3.1612,-0.0085,-0.0269,0.4747,-0.0019,0.5,0.0,2.5474,1.5,1.5
16.733,3.1612,-0.0085,-0.0269,0.4747,-0.0019,0.5,0.0,2.5474,1.5,1.5
16.75,3.1691,-0.0087,-0.0269,0.4738,-0.0018,0.5,0.0,2.5474,1.5,1.5
16.75,3.1691,-0.0087,-0.0269,0.4738,-0.0018,0.5,0.0,2.5474,1.5,1.5
16.783,3.1855,-0.0091,-0.027,0.4986,-0.002,0.5,0.0,2.5474,1.5,1.5
16.783,3.1855,-0.0091,-0.027,0.4986,-0.002,0.4737,0.0,2.5474,1.5,1.5
16.8,3.1938,-0.0094,-0.027,0.4994,-0.0019,0.4737,0.0,2.5474,1.5,1.5
16.8,3.1938,-0.0094,-0.027,0.4994,-0.0019,0.4737,0.0,2.5474,1.5,1.5
16.8,3.1938,-0.0094,-0.027,0.4994,-0.0019,0.4737,0.0,2.5242,1.5,1.5
16.833,3.2105,-0.0098,-0.0271,0.4995,-0.0025,0.5,0.0,2.5242,1.5,1.5
16.85,3.2188,-0.01,-0.0271,0.4995,-0.0028,0.5,0.0,2.5242,1.5,1.5
16.85,3.2188,-0.01,-0.0271,0.4995,-0.0028,0.5,0.0,2.5242,1.5,1.5
16.867,3.2271,-0.0102,-0.0271,0.4995,-0.0029,0.5,0.0,2.5242,1.5,1.5
16.867,3.2271,-0.0102,-0.0271,0.4995,-0.0029,0.5,0.0,2.5242,1.5,1.5
16.867,3.2271,-0.0102,-0.0271,0.4995,-0.0029,0.5,0.0,2.5242,1.5,1.5
16.867,3.2271,-0.0102,-0.0271,0.4995,-0.0029,0.5,0.0,2.5242,1.5,1.5
16.9,3.2438,-0.0107,-0.0272,0.4995,-0.0024,0.5,0.0,2.5242,1.5,1.5
16.917,3.2519,-0.0109,-0.0272,0.4787,-0.0017,0.5,0.0,2.5242,1.5,1.5
16.917,3.2519,-0.0109,-0.0272,0.4787,-0.0017,0.5,0.0,2.5242,1.5,1.5
16.917,3.2519,-0.0109,-0.0272,0.4787,-0.0017,0.5,0.0,2.4601,1.5,1.5
16.95,3.2679,-0.0113,-0.0273,0.4942,-0.0032,0.5,0.0,2.4601,1.5,1.5
16.95,3.2679,-0.0113,-0.0273,0.4942,-0.0032,0.5,0.0,2.4601,1.5,1.5
16.967,3.2762,-0.0115,-0.0273,0.4986,-0.0027,0.5,0.0,2.4601,1.5,1.5
16.967,3.2762,-0.0115,-0.0273,0.4986,-0.0027,0.5,0.0,2.4601,1.5,1.5
16.967,3.2762,-0.0115,-0.0273,0.4986,-0.0027,0.5,0.0,2.4601,1.5,1.5
17.0,3.2929,-0.012,-0.0273,0.4998,-0.0023,0.4737,0.0,2.4601,1.5,1.5
17.017,3.3012,-0.0122,-0.0274,0.4999,-0.0024,0.4737,0.0,2.4601,1.5,1.5
17.017,3.3012,-0.0122,-0.0274,0.4999,-0.0024,0.5,0.0,2.5018,1.5,1.5
17.033,3.3095,-0.0124,-0.0274,0.5,-0.0023,0.5,0.0,2.5018,1.5,1.5
17.033,3.3095,-0.0124,-0.0274,0.5,-0.0023,0.5,0.0,2.5018,1.5,1.5
17.033,3.3095,-0.0124,-0.0274,0.5,-0.0023,0.5,0.0,2.5018,1.5,1.5
17.067,3.3262,-0.0129,-0.0274,0.5001,-0.002,0.5,0.0,2.5018,1.5,1.5
17.083,3.3345,-0.0131,-0.0274,0.5002,-0.0017,0.5,0.0,2.5018,1.5,1.5
17.083,3.3345,-0.0131,-0.0274,0.5002,-0.0017,0.5,0.0,2.5018,1.5,1.5
17.083,3.3345,-0.0131,-0.0274,0.5002,-0.0017,0.5,0.0,2.5018,1.5,1.5
17.117,3.3512,-0.0136,-0.0274,0.5004,-0.0012,0.5,0.0,2.5018,1.5,1.5
17.117,3.3512,-0.0136,-0.0274,0.5004,-0.0012,0.5,0.0,2.4414,1.5,1.5
17.133,3.3593,-0.0138,-0.0274,0.4796,-0.0004,0.5,0.0263,2.4414,1.5,1.5
17.133,3.3593,-0.0138,-0.0274,0.4796,-0.0004,0.5,0.0263,2.4414,1.5,1.5
17.133,3.3593,-0.0138,-0.0274,0.4796,-0.0004,0.5,0.0263,2.4414,1.5,1.5
17.133,3.3593,-0.0138,-0.0274,0.4796,-0.0004,0.5,0.0263,2.4414,1.5,1.5
17.167,3.3754,-0.0142,-0.0274,0.4951,-0.0011,0.5,0.0263,2.4414,1.5,1.5
17.183,3.3837,-0.0145,-0.0274,0.4994,-0.0,0.5,0.0263,2.4414,1.5,1.5
17.183,3.3837,-0.0145,-0.0274,0.4994,-0.0,0.4737,0.0,2.4414,1.5,1.5
17.2,3.3921,-0.0147,-0.0274,0.5003,-0.0004,0.4737,0.0,2.4414,1.5,1.5
17.2,3.3921,-0.0147,-0.0274,0.5003,-0.0004,0.4737,0.0,2.4414,1.5,1.5
17.2,3.3921,-0.0147,-0.0274,0.5003,-0.0004,0.4737,0.0,2.4722,1.5,1.5
17.233,3.4087,-0.0152,-0.0274,0.5007,0.0002,0.5,0.0263,2.4722,1.5,1.5
17.25,3.4171,-0.0154,-0.0273,0.5008,0.0005,0.5,0.0263,2.4722,1.5,1.5
17.25,3.4171,-0.0154,-0.0273,0.5008,0.0005,0.5,0.0263,2.4722,1.5,1.5
17.25,3.4171,-0.0154,-0.0273,0.5008,0.0005,0.5,0.0263,2.4722,1.5,1.5
17.283,3.4338,-0.0159,-0.0272,0.5011,-0.0029,0.5,0.0263,2.4722,1.5,1.5
17.283,3.4338,-0.0159,-0.0272,0.5011,-0.0029,0.5,0.0263,2.4722,1.5,1.5
17.3,3.4421,-0.0161,-0.0271,0.5007,0.001,0.5,0.0263,2.4722,1.5,1.5
17.3,3.4421,-0.0161,-0.0271,0.5007,0.001,0.5,0.0263,2.4722,1.5,1.5
17.3,3.4421,-0.0161,-0.0271,0.5007,0.001,0.5,0.0263,2.4489,1.5,1.5
17.333,3.4586,-0.0166,-0.027,0.48,0.0083,0.5,0.0263,2.4489,1.5,1.5
17.35,3.4665,-0.0168,-0.0269,0.4755,0.0038,0.5,0.0263,2.4489,1.5,1.5
17.35,3.4665,-0.0168,-0.0269,0.4755,0.0038,0.5,0.0263,2.4489,1.5,1.5
17.367,3.4747,-0.0171,-0.0268,0.495,-0.001,0.5,0.0263,2.4489,1.5,1.5
17.367,3.4747,-0.0171,-0.0268,0.495,-0.001,0.5,0.0263,2.4489,1.5,1.5
17.367,3.4747,-0.0171,-0.0268,0.495,-0.001,0.5,0.0263,2.4489,1.5,1.5
17.4,3.4913,-0.0175,-0.0265,0.5003,0.0035,0.4737,0.0263,2.4489,1.5,1.5
17.417,3.4996,-0.0178,-0.0264,0.5005,0.004,0.4737,0.0263,2.4489,1.5,1.5
17.417,3.4996,-0.0178,-0.0264,0.5005,0.004,0.4737,0.0263,2.4538,1.5,1.5
17.417,3.4996,-0.0178,-0.0264,0.5005,0.004,0.5,0.0263,2.4538,1.5,1.5
17.45,3.5163,-0.0183,-0.0261,0.5004,0.0058,0.5,0.0263,2.4538,1.5,1.5
17.467,3.5246,-0.0185,-0.0259,0.5003,0.0065,0.5,0.0263,2.4538,1.5,1.5
17.467,3.5246,-0.0185,-0.0259,0.5003,0.0065,0.5,0.0263,2.4538,1.5,1.5
17.467,3.5246,-0.0185,-0.0259,0.5003,0.0065,0.5,0.0263,2.4538,1.5,1.5
17.5,3.5413,-0.019,-0.0256,0.5002,0.0077,0.5,0.0263,2.4538,1.5,1.5
17.5,3.5413,-0.019,-0.0256,0.5002,0.0077,0.5,0.0263,2.4538,1.5,1.5
17.517,3.5496,-0.0192,-0.0254,0.5001,0.0081,0.5,0.0263,2.4538,1.5,1.5
17.533,3.558,-0.0195,-0.0252,0.5001,0.0092,0.5,0.0263,2.4951,1.5,1.5
17.533,3.558,-0.0195,-0.0252,0.5001,0.0092,0.5,0.0263,2.4951,1.5,1.5
17.533,3.558,-0.0195,-0.0252,0.5001,0.0092,0.5,0.0263,2.4951,1.5,1.5
17.567,3.574,-0.02,-0.0248,0.4748,0.0087,0.5,0.0263,2.4951,1.5,1.5
17.567,3.574,-0.02,-0.0248,0.4748,0.0087,0.5,0.0263,2.4951,1.5,1.5
17.583,3.5821,-0.0202,-0.0246,0.4939,0.0078,0.4737,0.0263,2.4951,1.5,1.5
17.583,3.5821,-0.0202,-0.0246,0.4939,0.0078,0.4737,0.0263,2.4951,1.5,1.5
17.583,3.5821,-0.0202,-0.0246,0.4939,0.0078,0.4737,0.0263,2.4951,1.5,1.5
17.617,3.5987,-0.0207,-0.0241,0.4995,0.0103,0.4737,0.0263,2.4951,1.5,1.5
17.633,3.607,-0.0209,-0.0239,0.4997,0.011,0.5,0.0263,2.4448,1.5,1.5
17.633,3.607,-0.0209,-0.0239,0.4997,0.011,0.5,0.0263,2.4448,1.5,1.5
17.633,3.607,-0.0209,-0.0239,0.4997,0.011,0.5,0.0263,2.4448,1.5,1.5
17.667,3.6237,-0.0214,-0.0234,0.4996,0.0118,0.5,0.0263,2.4448,1.5,1.5
17.683,3.632,-0.0216,-0.0231,0.4996,0.012,0.5,0.0263,2.4448,1.5,1.5
17.683,3.632,-0.0216,-0.0231,0.4996,0.012,0.5,0.0263,2.4448,1.5,1.5
17.7,3.6403,-0.0218,-0.0229,0.4996,0.0125,0.5,0.0263,2.4448,1.5,1.5
17.7,3.6403,-0.0218,-0.0229,0.4996,0.0125,0.5,0.0263,2.4448,1.5,1.5
17.7,3.6403,-0.0218,-0.0229,0.4996,0.0125,0.5,0.0263,2.4448,1.5,1.5
17.733,3.6564,-0.0223,-0.0223,0.4748,0.0124,0.5,0.0263,2.4118,1.5,1.5
17.75,3.6643,-0.0225,-0.0221,0.4737,0.013,0.5,0.0263,2.4118,1.5,1.5
17.75,3.6643,-0.0225,-0.0221,0.4737,0.013,0.5,0.0263,2.4118,1.5,1.5
17.75,3.6643,-0.0225,-0.0221,0.4737,0.013,0.5,0.0263,2.4118,1.5,1.5
17.783,3.6807,-0.023,-0.0214,0.4979,0.0178,0.5,0.0263,2.4118,1.5,1.5
17.783,3.6807,-0.023,-0.0214,0.4979,0.0178,0.5,0.0263,2.4118,1.5,1.5
17.8,3.689,-0.0232,-0.0211,0.5,0.0132,0.5,0.0263,2.4118,1.5,1.5
17.8,3.689,-0.0232,-0.0211,0.5,0.0132,0.5,0.0263,2.4118,1.5,1.5
17.833,3.7057,-0.0236,-0.0204,0.5005,0.0181,0.5,0.0263,2.4954,1.5,1.5
17.833,3.7057,-0.0236,-0.0204,0.5005,0.0181,0.5,0.0263,2.4954,1.5,1.5
17.85,3.714,-0.0239,-0.02,0.5008,0.0173,0.5,0.0263,2.4954,1.5,1.5
17.85,3.714,-0.0239,-0.02,0.5008,0.0173,0.5,0.0263,2.4954,1.5,1.5
17.867,3.7224,-0.0241,-0.0197,0.5006,0.0195,0.5,0.0263,2.4954,1.5,1.5
17.867,3.7224,-0.0241,-0.0197,0.5006,0.0195,0.5,0.0263,2.4954,1.5,1.5
17.9,3.739,-0.0245,-0.0189,0.5008,0.0199,0.5,0.0263,2.4954,1.5,1.5
17.9,3.739,-0.0245,-0.0189,0.5008,0.0199,0.4737,0.0,2.4954,1.5,1.5
17.917,3.7474,-0.0247,-0.0186,0.5008,0.0207,0.4737,0.0,2.4954,1.5,1.5
17.917,3.7474,-0.0247,-0.0186,0.5008,0.0207,0.4737,0.0,2.5061,1.5,1.5
17.917,3.7474,-0.0247,-0.0186,0.5008,0.0207,0.4737,0.0,2.5061,1.5,1.5
17.95,3.7641,-0.0252,-0.0177,0.501,0.0228,0.5,0.0,2.5061,1.5,1.5
17.967,3.7724,-0.0254,-0.0173,0.5011,0.0223,0.5,0.0,2.5061,1.5,1.5
17.967,3.7724,-0.0254,-0.0173,0.5011,0.0223,0.5,0.0,2.5061,1.5,1.5
17.967,3.7724,-0.0254,-0.0173,0.5011,0.0223,0.5,0.0,2.5061,1.5,1.5
18.0,3.7891,-0.0258,-0.0165,0.5008,0.0217,0.5,0.0,2.5061,1.5,1.5
18.0,3.7891,-0.0258,-0.0165,0.5008,0.0217,0.5,0.0,2.5061,1.5,1.5
18.017,3.7975,-0.026,-0.0161,0.5009,0.0219,0.5,0.0,2.5061,1.5,1.5
18.033,3.8058,-0.0262,-0.0157,0.5008,0.0236,0.4737,0.0,2.4512,1.5,1.5
18.033,3.8058,-0.0262,-0.0157,0.5008,0.0236,0.5,0.0,2.4512,1.5,1.5
18.033,3.8058,-0.0262,-0.0157,0.5008,0.0236,0.5,0.0,2.4512,1.5,1.5
18.067,3.8219,-0.0266,-0.015,0.4755,0.0243,0.5,0.0,2.4512,1.5,1.5
18.067,3.8219,-0.0266,-0.015,0.4755,0.0243,0.5,0.0,2.4512,1.5,1.5
18.083,3.8298,-0.0267,-0.0146,0.4747,0.023,0.5,0.0,2.4512,1.5,1.5
18.083,3.8298,-0.0267,-0.0146,0.4747,0.023,0.5,0.0,2.4512,1.5,1.5
18.117,3.8462,-0.0271,-0.014,0.4997,0.0232,0.5,0.0,2.4512,1.5,1.5
18.117,3.8462,-0.0271,-0.014,0.4997,0.0232,0.5,0.0,2.4512,1.5,1.5
18.133,3.8546,-0.0272,-0.0137,0.5006,0.0232,0.5,-0.0263,2.4998,1.5,1.5
18.133,3.8546,-0.0272,-0.0137,0.5006,0.0232,0.5,-0.0263,2.4998,1.5,1.5
18.133,3.8546,-0.0272,-0.0137,0.5006,0.0232,0.5,-0.0263,2.4998,1.5,1.5
18.167,3.8711,-0.0275,-0.0131,0.4799,0.022,0.5,-0.0263,2.4998,1.5,1.5
18.183,3.8792,-0.0277,-0.0128,0.496,0.0216,0.5,-0.0263,2.4998,1.5,1.5
18.183,3.8792,-0.0277,-0.0128,0.496,0.0216,0.4737,-0.0263,2.4998,1.5,1.5
18.2,3.8875,-0.0278,-0.0126,0.4997,0.0205,0.4737,-0.0263,2.4998,1.5,1.5
18.2,3.8875,-0.0278,-0.0126,0.4997,0.0205,0.4737,-0.0263,2.4998,1.5,1.5
18.2,3.8875,-0.0278,-0.0126,0.4997,0.0205,0.4737,-0.0263,2.4895,1.5,1.5
18.233,3.9042,-0.0281,-0.0121,0.5005,0.0192,0.5,-0.0263,2.4895,1.5,1.5
18.25,3.9125,-0.0283,-0.0118,0.5004,0.0187,0.5,-0.0263,2.4895,1.5,1.5
18.25,3.9125,-0.0283,-0.0118,0.5004,0.0187,0.5,-0.0263,2.4895,1.5,1.5
18.25,3.9125,-0.0283,-0.0118,0.5004,0.0187,0.5,-0.0263,2.4895,1.5,1.5
18.283,3.9292,-0.0285,-0.0116,0.5005,0.0153,0.5,-0.0263,2.4895,1.5,1.5
18.283,3.9292,-0.0285,-0.0116,0.5005,0.0153,0.5,-0.0263,2.4895,1.5,1.5
18.3,3.9375,-0.0286,-0.0115,0.5002,0.0128,0.5,-0.0263,2.4895,1.5,1.5
18.3,3.9375,-0.0286,-0.0115,0.5002,0.0128,0.5,-0.0263,2.4895,1.5,1.5
18.3,3.9375,-0.0286,-0.0115,0.5002,0.0128,0.5,-0.0263,2.5052,1.5,1.5
18.333,3.9536,-0.0288,-0.0113,0.4752,0.013,0.5,0.0,2.5052,1.5,1.5
18.35,3.9615,-0.0289,-0.0113,0.474,0.0101,0.5,0.0,2.5052,1.5,1.5
18.35,3.9615,-0.0289,-0.0113,0.474,0.0101,0.5,0.0,2.5052,1.5,1.5
18.367,3.9696,-0.029,-0.0113,0.4944,0.0104,0.5,0.0,2.5052,1.5,1.5
18.367,3.9696,-0.029,-0.0113,0.4944,0.0104,0.5,0.0,2.5052,1.5,1.5
18.367,3.9696,-0.029,-0.0113,0.4944,0.0104,0.5,0.0,2.5052,1.5,1.5
18.4,3.9862,-0.0292,-0.0113,0.4995,0.0077,0.5,0.0,2.5052,1.5,1.5
18.417,3.9946,-0.0293,-0.0113,0.4996,0.0064,0.5,0.0,2.5052,1.5,1.5
18.417,3.9946,-0.0293,-0.0113,0.4996,0.0064,0.5,0.0,2.4698,1.5,1.5
18.417,3.9946,-0.0293,-0.0113,0.4996,0.0064,0.5,0.0,2.4698,1.5,1.5
18.45,4.0112,-0.0294,-0.0114,0.4996,0.0033,0.5,0.0,2.4698,1.5,1.5
18.467,4.0195,-0.0295,-0.0115,0.4996,-0.0038,0.5,0.0,2.4698,1.5,1.5
18.467,4.0195,-0.0295,-0.0115,0.4996,-0.0038,0.5,0.0,2.4698,1.5,1.5
18.467,4.0195,-0.0295,-0.0115,0.4996,-0.0038,0.5,0.0,2.4698,1.5,1.5
18.5,4.0362,-0.0297,-0.0115,0.4996,-0.0021,0.5,0.0,2.4698,1.5,1.5
18.5,4.0362,-0.0297,-0.0115,0.4996,-0.0021,0.5,0.0,2.4698,1.5,1.5
18.517,4.0445,-0.0298,-0.0115,0.4995,-0.0024,0.5,0.0,2.4698,1.5,1.5
18.533,4.0528,-0.0299,-0.0115,0.4995,-0.0015,0.5,0.0,2.5566,1.5,1.5
18.533,4.0528,-0.0299,-0.0115,0.4995,-0.0015,0.5,0.0,2.5566,1.5,1.5
18.533,4.0528,-0.0299,-0.0115,0.4995,-0.0015,0.5,0.0,2.5566,1.5,1.5
18.567,4.0695,-0.0301,-0.0116,0.4996,-0.0021,0.5,0.0,2.5566,1.5,1.5
18.567,4.0695,-0.0301,-0.0116,0.4996,-0.0021,0.5,0.0,2.5566,1.5,1.5
18.583,4.0778,-0.0302,-0.0116,0.4996,-0.0016,0.4737,0.0,2.5566,1.5,1.5
18.583,4.0778,-0.0302,-0.0116,0.4996,-0.0016,0.5,0.0,2.5566,1.5,1.5
18.583,4.0778,-0.0302,-0.0116,0.4996,-0.0016,0.5,0.0,2.5566,1.5,1.5
18.617,4.0945,-0.0303,-0.0116,0.4997,-0.0014,0.5,0.0,2.5566,1.5,1.5
18.633,4.1028,-0.0304,-0.0116,0.4998,-0.0017,0.5,0.0,2.6135,1.5,1.5
18.633,4.1028,-0.0304,-0.0116,0.4998,-0.0017,0.5,0.0,2.6135,1.5,1.5
18.633,4.1028,-0.0304,-0.0116,0.4998,-0.0017,0.5,0.0,2.6135,1.5,1.5
18.667,4.1195,-0.0306,-0.0116,0.5,-0.0018,0.5,0.0,2.6135,1.5,1.5
18.667,4.1195,-0.0306,-0.0116,0.5,-0.0018,0.5,0.0,2.6135,1.5,1.5
18.683,4.1278,-0.0307,-0.0116,0.5,-0.0016,0.4737,0.0,2.6135,1.5,1.5
18.7,4.1362,-0.0308,-0.0117,0.5001,-0.0015,0.4737,0.0,2.6135,1.5,1.5
18.7,4.1362,-0.0308,-0.0117,0.5001,-0.0015,0.4737,0.0,2.6135,1.5,1.5
18.7,4.1362,-0.0308,-0.0117,0.5001,-0.0015,0.4737,0.0,2.6135,1.5,1.5
18.733,4.1525,-0.031,-0.0116,0.4959,-0.0016,0.4737,0.0,2.4881,1.5,1.5
18.733,4.1525,-0.031,-0.0116,0.4959,-0.0016,0.5,0.0,2.4881,1.5,1.5
18.75,4.1608,-0.0311,-0.0116,0.4994,-0.0001,0.5,0.0,2.4881,1.5,1.5
18.75,4.1608,-0.0311,-0.0116,0.4994,-0.0001,0.5,0.0,2.4881,1.5,1.5
18.783,4.1774,-0.0313,-0.0116,0.5004,-0.0002,0.5,0.0,2.4881,1.5,1.5
18.783,4.1774,-0.0313,-0.0116,0.5004,-0.0002,0.5,0.0,2.4881,1.5,1.5
18.8,4.1858,-0.0314,-0.0116,0.5005,-0.0005,0.5,0.0,2.4881,1.5,1.5
18.8,4.1858,-0.0314,-0.0116,0.5005,-0.0005,0.5,0.0,2.4881,1.5,1.5
18.8,4.1858,-0.0314,-0.0116,0.5005,-0.0005,0.5,0.0,2.4881,1.5,1.5
18.833,4.2019,-0.0316,-0.0116,0.4754,0.0002,0.5,0.0,2.5071,1.5,1.5
18.85,4.2098,-0.0317,-0.0115,0.4745,0.0002,0.5,0.0,2.5071,1.5,1.5
18.85,4.2098,-0.0317,-0.0115,0.4745,0.0002,0.5,0.0,2.5071,1.5,1.5
18.867,4.2177,-0.0318,-0.0116,0.4743,0.0004,0.5,0.0,2.5071,1.5,1.5
18.867,4.2177,-0.0318,-0.0116,0.4743,0.0004,0.5,0.0,2.5071,1.5,1.5
18.867,4.2177,-0.0318,-0.0116,0.4743,0.0004,0.5,0.0,2.5071,1.5,1.5
18.9,4.2341,-0.032,-0.0115,0.4996,0.0009,0.4737,0.0,2.5071,1.5,1.5
18.917,4.2424,-0.0321,-0.0115,0.5006,0.0012,0.4737,0.0,2.5071,1.5,1.5
18.917,4.2424,-0.0321,-0.0115,0.5006,0.0012,0.4737,0.0,2.5071,1.5,1.5
18.917,4.2424,-0.0321,-0.0115,0.5006,0.0012,0.5,0.0,2.5024,1.5,1.5
18.95,4.2591,-0.0323,-0.0115,0.5008,0.0012,0.5,0.0,2.5024,1.5,1.5
18.95,4.2591,-0.0323,-0.0115,0.5008,0.0012,0.5,0.0,2.5024,1.5,1.5
18.967,4.2675,-0.0324,-0.0114,0.5008,0.0014,0.5,0.0,2.5024,1.5,1.5
18.967,4.2675,-0.0324,-0.0114,0.5008,0.0014,0.5,0.0,2.5024,1.5,1.5
18.967,4.2675,-0.0324,-0.0114,0.5008,0.0014,0.5,0.0,2.5024,1.5,1.5
19.0,4.2842,-0.0326,-0.0114,0.5007,0.0013,0.5,0.0,2.5024,1.5,1.5
19.0,4.2842,-0.0326,-0.0114,0.5007,0.0013,0.5,0.0,2.5024,1.5,1.5
19.017,4.2925,-0.0327,-0.0114,0.5007,0.0014,0.5,0.0,2.5024,1.5,1.5
19.017,4.2925,-0.0327,-0.0114,0.5007,0.0014,0.5,0.0,2.5085,1.5,1.5
19.033,4.3006,-0.0328,-0.0114,0.4798,0.0019,0.5,0.0,2.5085,1.5,1.5
19.033,4.3006,-0.0328,-0.0114,0.4798,0.0019,0.5,0.0,2.5085,1.5,1.5
19.033,4.3006,-0.0328,-0.0114,0.4798,0.0019,0.5,0.0,2.5085,1.5,1.5
19.067,4.3171,-0.033,-0.0114,0.4995,0.0016,0.5,0.0,2.5085,1.5,1.5
19.083,4.3254,-0.0331,-0.0114,0.5002,0.0008,0.5,0.0,2.5085,1.5,1.5
19.083,4.3254,-0.0331,-0.0114,0.5002,0.0008,0.5,0.0,2.5085,1.5,1.5
19.083,4.3254,-0.0331,-0.0114,0.5002,0.0008,0.5,0.0,2.5085,1.5,1.5
19.117,4.3421,-0.0333,-0.0114,0.5003,0.0007,0.5,0.0,2.5085,1.5,1.5
19.117,4.3421,-0.0333,-0.0114,0.5003,0.0007,0.5,0.0,2.53,1.5,1.5
19.133,4.3505,-0.0334,-0.0114,0.5002,0.0005,0.5,0.0,2.53,1.5,1.5
19.133,4.3505,-0.0334,-0.0114,0.5002,0.0005,0.5,0.0,2.53,1.5,1.5
19.133,4.3505,-0.0334,-0.0114,0.5002,0.0005,0.5,0.0,2.53,1.5,1.5
19.167,4.3671,-0.0335,-0.0114,0.5001,0.0001,0.5,0.0,2.53,1.5,1.5
19.183,4.3755,-0.0336,-0.0114,0.5,-0.0001,0.5,0.0,2.53,1.5,1.5
19.183,4.3755,-0.0336,-0.0114,0.5,-0.0001,0.5,0.0263,2.53,1.5,1.5
19.2,4.3838,-0.0337,-0.0115,0.4999,-0.0003,0.4737,0.0,2.53,1.5,1.5
19.2,4.3838,-0.0337,-0.0115,0.4999,-0.0003,0.4737,0.0,2.53,1.5,1.5
19.233,4.4004,-0.0339,-0.0115,0.4998,-0.0013,0.4737,0.0,2.5541,1.5,1.5
19.233,4.4004,-0.0339,-0.0115,0.4998,-0.0013,0.5,0.0,2.5541,1.5,1.5
19.25,4.4088,-0.034,-0.0115,0.4998,-0.0012,0.5,0.0,2.5541,1.5,1.5
19.25,4.4088,-0.034,-0.0115,0.4998,-0.0012,0.5,0.0,2.5541,1.5,1.5
19.25,4.4088,-0.034,-0.0115,0.4998,-0.0012,0.5,0.0,2.5541,1.5,1.5
19.283,4.4254,-0.0342,-0.0116,0.4996,-0.0017,0.5,0.0,2.5541,1.5,1.5
19.283,4.4254,-0.0342,-0.0116,0.4996,-0.0017,0.5,0.0,2.5541,1.5,1.5
19.3,4.4338,-0.0343,-0.0116,0.4995,-0.0014,0.5,0.0,2.5541,1.5,1.5
19.3,4.4338,-0.0343,-0.0116,0.4995,-0.0014,0.5,0.0,2.5541,1.5,1.5
19.3,4.4338,-0.0343,-0.0116,0.4995,-0.0014,0.5,0.0,2.49,1.5,1.5
19.333,4.4504,-0.0345,-0.0116,0.4996,-0.0067,0.5,0.0,2.49,1.5,1.5
19.35,4.4585,-0.0346,-0.0116,0.4788,0.0029,0.5,0.0,2.49,1.5,1.5
19.35,4.4585,-0.0346,-0.0116,0.4788,0.0029,0.5,0.0,2.49,1.5,1.5
19.367,4.4667,-0.0346,-0.0116,0.4954,-0.0028,0.5,0.0,2.49,1.5,1.5
19.367,4.4667,-0.0346,-0.0116,0.4954,-0.0028,0.5,0.0,2.49,1.5,1.5
19.4,4.4833,-0.0348,-0.0116,0.4994,-0.0008,0.5,0.0,2.49,1.5,1.5
19.4,4.4833,-0.0348,-0.0116,0.4994,-0.0008,0.4737,0.0,2.49,1.5,1.5
19.417,4.4916,-0.0349,-0.0116,0.4996,-0.0011,0.4737,0.0,2.49,1.5,1.5
19.417,4.4916,-0.0349,-0.0116,0.4996,-0.0011,0.4737,0.0,2.5113,1.5,1.5
19.417,4.4916,-0.0349,-0.0116,0.4996,-0.0011,0.4737,0.0,2.5113,1.5,1.5
19.45,4.5083,-0.0351,-0.0116,0.4998,-0.0008,0.4737,0.0,2.5113,1.5,1.5
19.467,4.5166,-0.0352,-0.0116,0.4999,-0.0009,0.5,0.0263,2.5113,1.5,1.5
19.467,4.5166,-0.0352,-0.0116,0.4999,-0.0009,0.5,0.0263,2.5113,1.5,1.5
19.467,4.5166,-0.0352,-0.0116,0.4999,-0.0009,0.5,0.0263,2.5113,1.5,1.5
19.5,4.5333,-0.0354,-0.0116,0.5,-0.0007,0.5,0.0263,2.5113,1.5,1.5
19.5,4.5333,-0.0354,-0.0116,0.5,-0.0007,0.5,0.0263,2.5113,1.5,1.5
19.517,4.5416,-0.0355,-0.0116,0.5001,-0.0006,0.5,0.0263,2.5113,1.5,1.5
19.533,4.55,-0.0356,-0.0116,0.5002,-0.0004,0.5,0.0263,2.5166,1.5,1.5
19.533,4.55,-0.0356,-0.0116,0.5002,-0.0004,0.5,0.0263,2.5166,1.5,1.5
19.533,4.55,-0.0356,-0.0116,0.5002,-0.0004,0.5,0.0263,2.5166,1.5,1.5
19.567,4.566,-0.0358,-0.0115,0.4751,-0.0004,0.5,0.0263,2.5166,1.5,1.5
19.567,4.566,-0.0358,-0.0115,0.4751,-0.0004,0.5,0.0263,2.5166,1.5,1.5
19.583,4.5739,-0.0359,-0.0115,0.4743,0.0002,0.5,0.0263,2.5166,1.5,1.5
19.583,4.5739,-0.0359,-0.0115,0.4743,0.0002,0.5,0.0263,2.5166,1.5,1.5
19.583,4.5739,-0.0359,-0.0115,0.4743,0.0002,0.5,0.0263,2.5166,1.5,1.5
19.617,4.5904,-0.0361,-0.0113,0.4994,-0.0013,0.4737,0.0263,2.5166,1.5,1.5
19.633,4.5987,-0.0362,-0.0112,0.5003,-0.0002,0.4737,0.0263,2.491,1.5,1.5
19.633,4.5987,-0.0362,-0.0112,0.5003,-0.0002,0.4737,0.0263,2.491,1.5,1.5
19.633,4.5987,-0.0362,-0.0112,0.5003,-0.0002,0.4737,0.0263,2.491,1.5,1.5
19.667,4.6154,-0.0365,-0.011,0.5008,0.0017,0.4737,0.0263,2.491,1.5,1.5
19.667,4.6154,-0.0365,-0.011,0.5008,0.0017,0.5,0.0263,2.491,1.5,1.5
19.683,4.6237,-0.0366,-0.0108,0.5008,0.0021,0.5,0.0263,2.491,1.5,1.5
19.7,4.6321,-0.0367,-0.0107,0.501,0.0028,0.5,0.0263,2.491,1.5,1.5
19.7,4.6321,-0.0367,-0.0107,0.501,0.0028,0.5,0.0263,2.491,1.5,1.5
19.7,4.6321,-0.0367,-0.0107,0.501,0.0028,0.5,0.0263,2.491,1.5,1.5
19.733,4.6488,-0.0369,-0.0103,0.5009,0.0061,0.5,0.0263,2.4668,1.5,1.5
19.733,4.6488,-0.0369,-0.0103,0.5009,0.0061,0.5,0.0263,2.4668,1.5,1.5
19.75,4.6571,-0.037,-0.0101,0.5009,0.0072,0.5,0.0263,2.4668,1.5,1.5
19.75,4.6571,-0.037,-0.0101,0.5009,0.0072,0.5,0.0263,2.4668,1.5,1.5
19.75,4.6571,-0.037,-0.0101,0.5009,0.0072,0.5,0.0263,2.4668,1.5,1.5
19.783,4.6732,-0.0373,-0.0097,0.4757,0.008,0.5,0.0263,2.4668,1.5,1.5
19.8,4.6813,-0.0374,-0.0095,0.495,0.0104,0.5,0.0263,2.4668,1.5,1.5
19.8,4.6813,-0.0374,-0.0095,0.495,0.0104,0.5,0.0,2.4668,1.5,1.5
19.8,4.6813,-0.0374,-0.0095,0.495,0.0104,0.5,0.0,2.4668,1.5,1.5
19.833,4.698,-0.0376,-0.009,0.5005,0.0116,0.5,0.0,2.5756,1.5,1.5
19.833,4.698,-0.0376,-0.009,0.5005,0.0116,0.5,0.0,2.5756,1.5,1.5
19.85,4.7063,-0.0377,-0.0088,0.5006,0.0119,0.5,0.0,2.5756,1.5,1.5
19.867,4.7147,-0.0378,-0.0085,0.5007,0.0119,0.5,0.0,2.5756,1.5,1.5
19.867,4.7147,-0.0378,-0.0085,0.5007,0.0119,0.5,0.0,2.5756,1.5,1.5
19.867,4.7147,-0.0378,-0.0085,0.5007,0.0119,0.5,0.0,2.5756,1.5,1.5
19.9,4.7313,-0.0381,-0.008,0.5005,0.0134,0.5,0.0,2.5756,1.5,1.5
19.9,4.7313,-0.0381,-0.008,0.5005,0.0134,0.5,0.0,2.5756,1.5,1.5
19.917,4.7397,-0.0382,-0.0078,0.5004,0.0138,0.5,0.0,2.5756,1.5,1.5
19.917,4.7397,-0.0382,-0.0078,0.5004,0.0138,0.5,0.0,2.5596,1.5,1.5
19.917,4.7397,-0.0382,-0.0078,0.5004,0.0138,0.5,0.0,2.5596,1.5,1.5
19.95,4.7563,-0.0384,-0.0074,0.5002,0.0158,0.5,0.0,2.5596,1.5,1.5
19.967,4.7647,-0.0384,-0.0072,0.5002,0.016,0.5,0.0,2.5596,1.5,1.5
19.967,4.7647,-0.0384,-0.0072,0.5002,0.016,0.5,0.0,2.5596,1.5,1.5
19.967,4.7647,-0.0384,-0.0072,0.5002,0.016,0.5,0.0,2.5596,1.5,1.5
20.0,4.7813,-0.0386,-0.0069,0.5,0.0143,0.5,0.0,2.5596,1.5,1.5
20.017,4.7897,-0.0387,-0.0067,0.4999,0.0137,0.5,0.0,2.5596,1.5,1.5
20.017,4.7897,-0.0387,-0.0067,0.4999,0.0137,0.5,0.0,2.5596,1.5,1.5
20.033,4.798,-0.0388,-0.0066,0.4998,0.0128,0.5,0.0,2.5613,1.5,1.5
20.033,4.798,-0.0388,-0.0066,0.4998,0.0128,0.5,0.0,2.5613,1.5,1.5
20.033,4.798,-0.0388,-0.0066,0.4998,0.0128,0.5,0.0,2.5613,1.5,1.5
20.067,4.8147,-0.0389,-0.0063,0.4997,0.0112,0.5,0.0,2.5613,1.5,1.5
20.083,4.823,-0.039,-0.0061,0.4996,0.0109,0.5,0.0,2.5613,1.5,1.5
20.083,4.823,-0.039,-0.0061,0.4996,0.0109,0.5,0.0,2.5613,1.5,1.5
20.083,4.823,-0.039,-0.0061,0.4996,0.0109,0.5,0.0,2.5613,1.5,1.5
20.117,4.8397,-0.0391,-0.0059,0.4995,0.0096,0.5,0.0,2.5613,1.5,1.5
20.117,4.8397,-0.0391,-0.0059,0.4995,0.0096,0.4737,0.0,2.5613,1.5,1.5
20.133,4.848,-0.0392,-0.0058,0.4995,0.009,0.4737,0.0,2.5062,1.5,1.5
20.133,4.848,-0.0392,-0.0058,0.4995,0.009,0.4737,0.0,2.5062,1.5,1.5
20.133,4.848,-0.0392,-0.0058,0.4995,0.009,0.4737,0.0,2.5062,1.5,1.5
20.167,4.8646,-0.0393,-0.0055,0.4995,0.0083,0.5,0.0,2.5062,1.5,1.5
20.183,4.873,-0.0394,-0.0055,0.4995,0.008,0.5,0.0,2.5062,1.5,1.5
20.183,4.873,-0.0394,-0.0055,0.4995,0.008,0.5,0.0,2.5062,1.5,1.5
20.2,4.8813,-0.0394,-0.0053,0.4996,0.0078,0.5,0.0,2.5062,1.5,1.5
20.2,4.8813,-0.0394,-0.0053,0.4996,0.0078,0.5,0.0,2.5062,1.5,1.5
20.2,4.8813,-0.0394,-0.0053,0.4996,0.0078,0.5,0.0,2.5156,1.5,1.5
20.233,4.898,-0.0396,-0.0051,0.4997,0.0075,0.5,0.0,2.5156,1.5,1.5
20.25,4.9063,-0.0396,-0.0051,0.4997,0.0067,0.5,0.0,2.5156,1.5,1.5
20.25,4.9063,-0.0396,-0.0051,0.4997,0.0067,0.5,0.0,2.5156,1.5,1.5
20.25,4.9063,-0.0396,-0.0051,0.4997,0.0067,0.5,0.0,2.5156,1.5,1.5
20.283,4.9223,-0.0397,-0.0048,0.4747,0.0058,0.5,0.0,2.5156,1.5,1.5
20.283,4.9223,-0.0397,-0.0048,0.4747,0.0058,0.5,0.0,2.5156,1.5,1.5
20.3,4.9305,-0.0398,-0.0048,0.4937,0.0073,0.5,0.0,2.5156,1.5,1.5
20.3,4.9305,-0.0398,-0.0048,0.4937,0.0073,0.5,0.0,2.5156,1.5,1.5
20.3,4.9305,-0.0398,-0.0048,0.4937,0.0073,0.5,0.0,2.5329,1.5,1.5
20.333,4.9471,-0.0399,-0.0046,0.4998,0.006,0.5,0.0,2.5329,1.5,1.5
20.35,4.9554,-0.04,-0.0045,0.5001,0.006,0.5,0.0,2.5329,1.5,1.5
20.35,4.9554,-0.04,-0.0045,0.5001,0.006,0.5,0.0,2.5329,1.5,1.5
20.367,4.9638,-0.04,-0.0044,0.5002,0.0058,0.5,0.0,2.5329,1.5,1.5
20.367,4.9638,-0.04,-0.0044,0.5002,0.0058,0.5,0.0,2.5329,1.5,1.5
20.4,4.9804,-0.0401,-0.0041,0.5004,0.0059,0.5,0.0,2.5329,1.5,1.5
20.4,4.9804,-0.0401,-0.0041,0.5004,0.0059,0.5,0.0,2.5329,1.5,1.5
20.417,4.9888,-0.0402,-0.0041,0.5004,0.0059,0.5,0.0,2.5329,1.5,1.5
20.417,4.9888,-0.0402,-0.0041,0.5004,0.0059,0.4737,0.0789,2.5145,1.5,1.5
20.417,4.9888,-0.0402,-0.0041,0.5004,0.0059,0.4737,0.0789,2.5145,1.5,1.5
20.45,5.0055,-0.0403,-0.0038,0.5006,0.0059,0.5,0.0789,2.5145,1.5,1.5
20.45,5.0055,-0.0403,-0.0038,0.5006,0.0059,0.5,0.0789,2.5145,1.5,1.5
20.45,5.0055,-0.0403,-0.0038,0.5006,0.0059,0.5,0.0789,2.5145,1.5,1.5
20.467,5.0138,-0.0403,-0.0038,0.5006,0.0061,0.5,0.0789,2.5145,1.5,1.5
20.467,5.0138,-0.0403,-0.0038,0.5006,0.0061,0.5,0.0789,2.5145,1.5,1.5
20.5,5.0305,-0.0404,-0.0037,0.5006,0.0066,0.5,0.0789,2.5145,1.5,1.5
20.5,5.0305,-0.0404,-0.0037,0.5006,0.0066,0.5,0.0789,2.5145,1.5,1.5
20.517,5.0389,-0.0405,-0.0036,0.5007,0.0066,0.5,0.0789,2.5145,1.5,1.5
20.533,5.0472,-0.0405,-0.0035,0.5008,0.005,0.5,0.0789,2.5481,1.5,1.5
20.533,5.0472,-0.0405,-0.0035,0.5008,0.005,0.5,0.0789,2.5481,1.5,1.5
20.533,5.0472,-0.0405,-0.0035,0.5008,0.005,0.5,0.0789,2.5481,1.5,1.5
20.567,5.0635,-0.0407,-0.0028,0.4958,-0.0001,0.5,0.0789,2.5481,1.5,1.5
20.567,5.0635,-0.0407,-0.0028,0.4958,-0.0001,0.5,0.0789,2.5481,1.5,1.5
20.583,5.0718,-0.0407,-0.0025,0.4998,0.0135,0.5,0.0789,2.5481,1.5,1.5
20.583,5.0718,-0.0407,-0.0025,0.4998,0.0135,0.5,0.0789,2.5481,1.5,1.5
20.583,5.0718,-0.0407,-0.0025,0.4998,0.0135,0.5,0.0789,2.5481,1.5,1.5
20.617,5.0885,-0.0409,-0.0017,0.4994,0.0148,0.5,0.0789,2.5481,1.5,1.5
20.633,5.0968,-0.041,-0.001,0.5006,0.0199,0.4737,0.0789,2.5185,1.5,1.5
20.633,5.0968,-0.041,-0.001,0.5006,0.0199,0.4737,0.0789,2.5185,1.5,1.5
20.633,5.0968,-0.041,-0.001,0.5006,0.0199,0.5,0.0789,2.5185,1.5,1.5
20.667,5.1135,-0.0412,0.0,0.4996,0.0165,0.5,0.0789,2.5185,1.5,1.5
20.667,5.1135,-0.0412,0.0,0.4996,0.0165,0.5,0.0789,2.5185,1.5,1.5
20.683,5.1219,-0.0413,0.0,0.501,0.0267,0.5,0.0789,2.5185,1.5,1.5
20.683,5.1219,-0.0413,0.0,0.501,0.0267,0.5,0.0789,2.5185,1.5,1.5
20.7,5.1302,-0.0414,0.0007,0.5013,0.0197,0.5,0.0789,2.5185,1.5,1.5
20.7,5.1302,-0.0414,0.0007,0.5013,0.0197,0.5,0.0789,2.5185,1.5,1.5
20.733,5.1469,-0.0415,0.0022,0.5011,0.0242,0.5,0.0789,2.5628,1.5,1.5
20.733,5.1469,-0.0415,0.0022,0.5011,0.0242,0.5,0.0789,2.5628,1.5,1.5
20.75,5.1552,-0.0416,0.003,0.4998,0.0304,0.5,0.0789,2.5628,1.5,1.5
20.75,5.1552,-0.0416,0.003,0.4998,0.0304,0.5,0.0789,2.5628,1.5,1.5
20.75,5.1552,-0.0416,0.003,0.4998,0.0304,0.5,0.0789,2.5628,1.5,1.5
20.783,5.1715,-0.0418,0.0044,0.4948,0.0309,0.5,0.0789,2.5628,1.5,1.5
20.8,5.1798,-0.0418,0.0052,0.4993,0.0354,0.5,0.0789,2.5628,1.5,1.5
20.8,5.1798,-0.0418,0.0052,0.4993,0.0354,0.5,0.0789,2.5628,1.5,1.5
20.8,5.1798,-0.0418,0.0052,0.4993,0.0354,0.5,0.0789,2.5628,1.5,1.5
20.833,5.1965,-0.042,0.0067,0.5008,0.0392,0.5,0.0789,2.5101,1.5,1.5
20.833,5.1965,-0.042,0.0067,0.5008,0.0392,0.5,0.0263,2.5101,1.5,1.5
20.85,5.2048,-0.042,0.0075,0.4989,0.0441,0.5,0.0263,2.5101,1.5,1.5
20.867,5.2131,-0.0421,0.0083,0.5004,0.0438,0.5,0.0263,2.5101,1.5,1.5
20.867,5.2131,-0.0421,0.0083,0.5004,0.0438,0.5,0.0263,2.5101,1.5,1.5
20.867,5.2131,-0.0421,0.0083,0.5004,0.0438,0.5,0.0263,2.5101,1.5,1.5
20.9,5.2298,-0.0422,0.0101,0.4993,0.0593,0.5,0.0263,2.5101,1.5,1.5
20.9,5.2298,-0.0422,0.0101,0.4993,0.0593,0.5,0.0263,2.5101,1.5,1.5
20.917,5.2381,-0.0423,0.0111,0.4988,0.0449,0.5,0.0263,2.5101,1.5,1.5
20.917,5.2381,-0.0423,0.0111,0.4988,0.0449,0.5,0.0263,2.5738,1.5,1.5
20.917,5.2381,-0.0423,0.0111,0.4988,0.0449,0.5,0.0263,2.5738,1.5,1.5
20.95,5.2548,-0.0423,0.0129,0.498,0.0474,0.5,0.0263,2.5738,1.5,1.5
20.967,5.2631,-0.0424,0.0138,0.4984,0.0565,0.5,0.0263,2.5738,1.5,1.5
20.967,5.2631,-0.0424,0.0138,0.4984,0.0565,0.5,0.0263,2.5738,1.5,1.5
20.967,5.2631,-0.0424,0.0138,0.4984,0.0565,0.5,0.0263,2.5738,1.5,1.5
21.0,5.2797,-0.0424,0.0155,0.4984,0.0543,0.5,0.0263,2.5738,1.5,1.5
21.0,5.2797,-0.0424,0.0155,0.4984,0.0543,0.4737,0.0263,2.5738,1.5,1.5
21.017,5.288,-0.0424,0.0164,0.4983,0.054,0.4737,0.0263,2.5738,1.5,1.5
21.033,5.2963,-0.0424,0.0172,0.4982,0.053,0.4737,0.0263,2.6072,1.5,1.5
21.033,5.2963,-0.0424,0.0172,0.4982,0.053,0.4737,0.0263,2.6072,1.5,1.5
21.033,5.2963,-0.0424,0.0172,0.4982,0.053,0.4737,0.0263,2.6072,1.5,1.5
21.067,5.313,-0.0423,0.0189,0.4984,0.0528,0.4737,0.0263,2.6072,1.5,1.5
21.067,5.313,-0.0423,0.0189,0.4984,0.0528,0.5,0.0263,2.6072,1.5,1.5
21.083,5.3213,-0.0423,0.0198,0.4984,0.0526,0.5,0.0263,2.6072,1.5,1.5
21.083,5.3213,-0.0423,0.0198,0.4984,0.0526,0.5,0.0263,2.6072,1.5,1.5
21.117,5.3379,-0.0422,0.0215,0.4986,0.0531,0.5,0.0263,2.6072,1.5,1.5
21.117,5.3379,-0.0422,0.0215,0.4986,0.0531,0.4737,0.0263,2.6072,1.5,1.5
21.133,5.3461,-0.0421,0.0223,0.48,0.0487,0.4737,0.0263,2.5988,1.5,1.5
21.133,5.3461,-0.0421,0.0223,0.48,0.0487,0.4737,0.0263,2.5988,1.5,1.5
21.133,5.3461,-0.0421,0.0223,0.48,0.0487,0.4737,0.0263,2.5988,1.5,1.5
21.167,5.3619,-0.042,0.0238,0.4733,0.049,0.4737,0.0263,2.5988,1.5,1.5
21.183,5.3698,-0.042,0.0246,0.4728,0.0515,0.5,0.0263,2.5988,1.5,1.5
21.183,5.3698,-0.042,0.0246,0.4728,0.0515,0.5,0.0263,2.5988,1.5,1.5
21.2,5.3777,-0.0419,0.0254,0.4728,0.0505,0.5,0.0263,2.5988,1.5,1.5
21.2,5.3777,-0.0419,0.0254,0.4728,0.0505,0.5,0.0263,2.5988,1.5,1.5
21.2,5.3777,-0.0419,0.0254,0.4728,0.0505,0.5,0.0263,2.5988,1.5,1.5
21.233,5.3941,-0.0417,0.0271,0.4976,0.0545,0.5,0.0263,2.5602,1.5,1.5
21.233,5.3941,-0.0417,0.0271,0.4976,0.0545,0.5,0.0263,2.5602,1.5,1.5
21.25,5.4024,-0.0416,0.0279,0.499,0.0538,0.5,0.0263,2.5602,1.5,1.5
21.25,5.4024,-0.0416,0.0279,0.499,0.0538,0.5,0.0263,2.5602,1.5,1.5
21.283,5.4185,-0.0414,0.0295,0.4762,0.0471,0.5,0.0263,2.5602,1.5,1.5
21.283,5.4185,-0.0414,0.0295,0.4762,0.0471,0.5,0.0263,2.5602,1.5,1.5
21.3,5.4266,-0.0413,0.0303,0.4914,0.0522,0.5,0.0263,2.5602,1.5,1.5
21.3,5.4266,-0.0413,0.0303,0.4914,0.0522,0.5,0.0263,2.5602,1.5,1.5
21.3,5.4266,-0.0413,0.0303,0.4914,0.0522,0.5,0.0263,2.5144,1.5,1.5
21.333,5.4432,-0.041,0.0319,0.499,0.0451,0.4737,0.0263,2.5144,1.5,1.5
21.35,5.4515,-0.0408,0.0326,0.501,0.0443,0.4737,0.0263,2.5144,1.5,1.5
21.35,5.4515,-0.0408,0.0326,0.501,0.0443,0.4737,0.0263,2.5144,1.5,1.5
21.367,5.4599,-0.0407,0.0333,0.502,0.0459,0.5,0.0263,2.5144,1.5,1.5
21.367,5.4599,-0.0407,0.0333,0.502,0.0459,0.5,0.0263,2.5144,1.5,1.5
21.367,5.4599,-0.0407,0.0333,0.502,0.0459,0.5,0.0263,2.5144,1.5,1.5
21.4,5.4766,-0.0403,0.0348,0.5019,0.0451,0.5,0.0,2.5144,1.5,1.5
21.417,5.4849,-0.0401,0.0355,0.5018,0.045,0.5,0.0,2.5144,1.5,1.5
21.417,5.4849,-0.0401,0.0355,0.5018,0.045,0.5,0.0263,2.5019,1.5,1.5
21.417,5.4849,-0.0401,0.0355,0.5018,0.045,0.5,0.0263,2.5019,1.5,1.5
21.45,5.5016,-0.0397,0.0369,0.5019,0.0449,0.5,0.0263,2.5019,1.5,1.5
21.45,5.5016,-0.0397,0.0369,0.5019,0.0449,0.5,0.0263,2.5019,1.5,1.5
21.467,5.5098,-0.0395,0.0376,0.4819,0.0397,0.5,0.0263,2.5019,1.5,1.5
21.467,5.5098,-0.0395,0.0376,0.4819,0.0397,0.5,0.0263,2.5019,1.5,1.5
21.5,5.5257,-0.0391,0.0389,0.4748,0.0384,0.5,0.0263,2.5019,1.5,1.5
21.5,5.5257,-0.0391,0.0389,0.4748,0.0384,0.5,0.0263,2.5019,1.5,1.5
21.517,5.5338,-0.0389,0.0395,0.4935,0.0464,0.5,0.0263,2.5019,1.5,1.5
21.517,5.5338,-0.0389,0.0395,0.4935,0.0464,0.4737,0.0263,2.4862,1.5,1.5
21.533,5.5421,-0.0387,0.0401,0.4998,0.0403,0.4737,0.0263,2.4862,1.5,1.5
21.533,5.5421,-0.0387,0.0401,0.4998,0.0403,0.4737,0.0263,2.4862,1.5,1.5
21.533,5.5421,-0.0387,0.0401,0.4998,0.0403,0.4737,0.0263,2.4862,1.5,1.5
21.567,5.5587,-0.0382,0.0414,0.5002,0.0374,0.5,0.0,2.4862,1.5,1.5
21.583,5.5671,-0.0379,0.042,0.5002,0.0369,0.5,0.0,2.4862,1.5,1.5
21.583,5.5671,-0.0379,0.042,0.5002,0.0369,0.5,0.0,2.4862,1.5,1.5
21.583,5.5671,-0.0379,0.042,0.5002,0.0369,0.5,0.0,2.4862,1.5,1.5
21.617,5.5837,-0.0374,0.0432,0.5002,0.0362,0.5,0.0,2.4862,1.5,1.5
21.633,5.5921,-0.0371,0.0438,0.4999,0.0366,0.5,0.0,2.4227,1.5,1.5
21.633,5.5921,-0.0371,0.0438,0.4999,0.0366,0.5,0.0,2.4227,1.5,1.5
21.633,5.5921,-0.0371,0.0438,0.4999,0.0366,0.5,0.0,2.4227,1.5,1.5
21.667,5.6085,-0.0366,0.0449,0.4806,0.0352,0.5,0.0,2.4227,1.5,1.5
21.667,5.6085,-0.0366,0.0449,0.4806,0.0352,0.5,0.0,2.4227,1.5,1.5
21.683,5.6164,-0.0363,0.0455,0.4749,0.0349,0.5,0.0,2.4227,1.5,1.5
21.7,5.6243,-0.036,0.046,0.4737,0.0339,0.5,0.0,2.4227,1.5,1.5
21.7,5.6243,-0.036,0.046,0.4737,0.0339,0.5,0.0,2.4227,1.5,1.5
21.7,5.6243,-0.036,0.046,0.4737,0.0339,0.5,0.0,2.4227,1.5,1.5
21.733,5.6407,-0.0354,0.047,0.4986,0.0295,0.5,0.0,2.4412,1.5,1.5
21.733,5.6407,-0.0354,0.047,0.4986,0.0295,0.4737,0.0263,2.4412,1.5,1.5
21.75,5.649,-0.0351,0.0474,0.4993,0.0289,0.4737,0.0263,2.4412,1.5,1.5
21.75,5.649,-0.0351,0.0474,0.4993,0.0289,0.4737,0.0263,2.4412,1.5,1.5
21.75,5.649,-0.0351,0.0474,0.4993,0.0289,0.4737,0.0263,2.4412,1.5,1.5
21.75,5.649,-0.0351,0.0474,0.4993,0.0289,0.4737,0.0263,2.4412,1.5,1.5
21.783,5.6657,-0.0344,0.0482,0.4998,0.0269,0.5,0.0,2.4412,1.5,1.5
21.8,5.674,-0.0341,0.0486,0.4995,0.0261,0.5,0.0,2.4412,1.5,1.5
21.8,5.674,-0.0341,0.0486,0.4995,0.0261,0.5,0.0,2.4412,1.5,1.5
21.8,5.674,-0.0341,0.0486,0.4995,0.0261,0.5,0.0,2.4412,1.5,1.5
21.833,5.6906,-0.0334,0.0494,0.4989,0.0277,0.5,0.0,2.3939,1.5,1.5
21.833,5.6906,-0.0334,0.0494,0.4989,0.0277,0.5,0.0,2.3939,1.5,1.5
21.85,5.6989,-0.033,0.0498,0.4992,0.027,0.5,0.0,2.3939,1.5,1.5
21.867,5.7071,-0.0327,0.0502,0.4795,0.0228,0.5,0.0,2.3939,1.5,1.5
21.867,5.7071,-0.0327,0.0502,0.4795,0.0228,0.5,0.0,2.3939,1.5,1.5
21.867,5.7071,-0.0327,0.0502,0.4795,0.0228,0.5,0.0,2.3939,1.5,1.5
21.9,5.7229,-0.032,0.0511,0.4746,0.0233,0.5,0.0,2.3939,1.5,1.5
21.9,5.7229,-0.032,0.0511,0.4746,0.0233,0.5,0.0,2.3939,1.5,1.5
21.917,5.7308,-0.0317,0.0515,0.4743,0.025,0.4737,0.0,2.3939,1.5,1.5
21.917,5.7308,-0.0317,0.0515,0.4743,0.025,0.4737,0.0,2.36,1.5,1.5
21.917,5.7308,-0.0317,0.0515,0.4743,0.025,0.4737,0.0,2.36,1.5,1.5
21.95,5.7472,-0.0309,0.0523,0.4983,0.0284,0.4737,0.0,2.36,1.5,1.5
21.967,5.7555,-0.0306,0.0527,0.4991,0.0264,0.4737,0.0,2.36,1.5,1.5
21.967,5.7555,-0.0306,0.0527,0.4991,0.0264,0.5,0.0,2.36,1.5,1.5
21.967,5.7555,-0.0306,0.0527,0.4991,0.0264,0.5,0.0,2.36,1.5,1.5
22.0,5.7721,-0.0298,0.0535,0.4995,0.0278,0.5,0.0,2.36,1.5,1.5
22.0,5.7721,-0.0298,0.0535,0.4995,0.0278,0.5,0.0,2.36,1.5,1.5
22.017,5.7804,-0.0294,0.0538,0.4997,0.0257,0.5,0.0,2.36,1.5,1.5
22.033,5.7888,-0.029,0.0542,0.4995,0.027,0.5,0.0,2.4538,1.5,1.5
22.033,5.7888,-0.029,0.0542,0.4995,0.027,0.5,-0.0263,2.4538,1.5,1.5
22.033,5.7888,-0.029,0.0542,0.4995,0.027,0.5,-0.0263,2.4538,1.5,1.5
22.067,5.8048,-0.0282,0.0549,0.4754,0.0216,0.5,-0.0263,2.4538,1.5,1.5
22.067,5.8048,-0.0282,0.0549,0.4754,0.0216,0.5,-0.0263,2.4538,1.5,1.5
22.083,5.8127,-0.0278,0.0552,0.4739,0.025,0.5,-0.0263,2.4538,1.5,1.5
22.083,5.8127,-0.0278,0.0552,0.4739,0.025,0.5,-0.0263,2.4538,1.5,1.5
22.083,5.8127,-0.0278,0.0552,0.4739,0.025,0.5,-0.0263,2.4538,1.5,1.5
22.117,5.8291,-0.027,0.0559,0.4987,0.0223,0.4737,-0.0263,2.4538,1.5,1.5
22.133,5.8374,-0.0266,0.0562,0.5002,0.0215,0.4737,-0.0263,2.35,1.5,1.5
22.133,5.8374,-0.0266,0.0562,0.5002,0.0215,0.4737,-0.0263,2.35,1.5,1.5
22.133,5.8374,-0.0266,0.0562,0.5002,0.0215,0.4737,-0.0263,2.35,1.5,1.5
22.167,5.8541,-0.0258,0.0568,0.5008,0.0206,0.4737,-0.0263,2.35,1.5,1.5
22.183,5.8624,-0.0253,0.057,0.5006,0.0172,0.5,-0.0263,2.35,1.5,1.5
22.183,5.8624,-0.0253,0.057,0.5006,0.0172,0.5,-0.0263,2.35,1.5,1.5
22.2,5.8708,-0.0249,0.0571,0.501,0.0151,0.5,-0.0263,2.35,1.5,1.5
22.2,5.8708,-0.0249,0.0571,0.501,0.0151,0.5,-0.0263,2.35,1.5,1.5
22.2,5.8708,-0.0249,0.0571,0.501,0.0151,0.5,-0.0263,2.35,1.5,1.5
22.233,5.8875,-0.024,0.0574,0.5009,0.013,0.5,-0.0263,2.3198,1.5,1.5
22.25,5.8958,-0.0235,0.0575,0.5007,0.014,0.4737,-0.0263,2.3198,1.5,1.5
22.25,5.8958,-0.0235,0.0575,0.5007,0.014,0.4737,-0.0263,2.3198,1.5,1.5
22.25,5.8958,-0.0235,0.0575,0.5007,0.014,0.4737,-0.0263,2.3198,1.5,1.5
22.283,5.9119,-0.0226,0.0576,0.4761,0.0145,0.4737,-0.0263,2.3198,1.5,1.5
22.283,5.9119,-0.0226,0.0576,0.4761,0.0145,0.5,-0.0263,2.3198,1.5,1.5
22.3,5.9198,-0.0222,0.0577,0.4747,0.0106,0.5,-0.0263,2.3198,1.5,1.5
22.3,5.9198,-0.0222,0.0577,0.4747,0.0106,0.5,-0.0263,2.3198,1.5,1.5
22.3,5.9198,-0.0222,0.0577,0.4747,0.0106,0.5,-0.0263,2.3308,1.5,1.5
22.333,5.9361,-0.0212,0.0577,0.4994,0.0095,0.5,-0.0263,2.3308,1.5,1.5
22.35,5.9445,-0.0207,0.0577,0.5003,0.0073,0.5,-0.0263,2.3308,1.5,1.5
22.35,5.9445,-0.0207,0.0577,0.5003,0.0073,0.5,-0.0263,2.3308,1.5,1.5
22.367,5.9528,-0.0203,0.0577,0.5003,0.0071,0.5,-0.0263,2.3308,1.5,1.5
22.367,5.9528,-0.0203,0.0577,0.5003,0.0071,0.5,-0.0263,2.3308,1.5,1.5
22.4,5.9688,-0.0193,0.0576,0.475,0.0037,0.5,-0.0263,2.3308,1.5,1.5
22.4,5.9688,-0.0193,0.0576,0.475,0.0037,0.5,-0.0263,2.3308,1.5,1.5
22.417,5.9767,-0.0188,0.0575,0.474,0.003,0.5,-0.0263,2.3308,1.5,1.5
22.417,5.9767,-0.0188,0.0575,0.474,0.003,0.5,-0.0263,2.3271,1.5,1.5
22.417,5.9767,-0.0188,0.0575,0.474,0.003,0.5,-0.0263,2.3271,1.5,1.5
22.45,5.9931,-0.0179,0.0573,0.4989,-0.0,0.5,-0.0263,2.3271,1.5,1.5
22.467,6.0014,-0.0174,0.0572,0.4996,-0.0004,0.5,-0.0263,2.3271,1.5,1.5
22.467,6.0014,-0.0174,0.0572,0.4996,-0.0004,0.5,-0.0263,2.3271,1.5,1.5
22.467,6.0014,-0.0174,0.0572,0.4996,-0.0004,0.5,-0.0263,2.3271,1.5,1.5
22.5,6.018,-0.0164,0.0569,0.4997,-0.003,0.5,-0.0263,2.3271,1.5,1.5
22.5,6.018,-0.0164,0.0569,0.4997,-0.003,0.5,-0.0263,2.3271,1.5,1.5
22.517,6.0263,-0.0159,0.0567,0.4997,-0.0043,0.5,-0.0263,2.3271,1.5,1.5
22.533,6.0346,-0.0154,0.0565,0.4996,-0.0052,0.5,-0.0263,2.3014,1.5,1.5
22.533,6.0346,-0.0154,0.0565,0.4996,-0.0052,0.5,-0.0263,2.3014,1.5,1.5
22.533,6.0346,-0.0154,0.0565,0.4996,-0.0052,0.5,-0.0263,2.3014,1.5,1.5
22.567,6.0513,-0.0144,0.0562,0.4996,-0.0073,0.5,-0.0263,2.3014,1.5,1.5
22.567,6.0513,-0.0144,0.0562,0.4996,-0.0073,0.5,-0.0263,2.3014,1.5,1.5
22.583,6.0596,-0.0139,0.0559,0.4995,-0.0084,0.5,-0.0263,2.3014,1.5,1.5
22.583,6.0596,-0.0139,0.0559,0.4995,-0.0084,0.5,-0.0263,2.3014,1.5,1.5
22.583,6.0596,-0.0139,0.0559,0.4995,-0.0084,0.5,-0.0263,2.3014,1.5,1.5
22.617,6.0762,-0.0129,0.0555,0.4996,-0.0099,0.5,-0.0263,2.3014,1.5,1.5
22.633,6.0845,-0.0124,0.0552,0.4996,-0.0107,0.5,-0.0263,2.3067,1.5,1.5
22.633,6.0845,-0.0124,0.0552,0.4996,-0.0107,0.5,-0.0263,2.3067,1.5,1.5
22.633,6.0845,-0.0124,0.0552,0.4996,-0.0107,0.5,-0.0263,2.3067,1.5,1.5
22.633,6.0845,-0.0124,0.0552,0.4996,-0.0107,0.5,-0.0263,2.3067,1.5,1.5
22.667,6.1011,-0.0114,0.0547,0.4996,-0.0125,0.5,-0.0263,2.3067,1.5,1.5
22.667,6.1011,-0.0114,0.0547,0.4996,-0.0125,0.5,-0.0263,2.3067,1.5,1.5
22.683,6.1094,-0.0109,0.0545,0.4996,-0.0131,0.5,-0.0263,2.3067,1.5,1.5
22.7,6.1178,-0.0104,0.0542,0.4997,-0.0136,0.5,-0.0263,2.3067,1.5,1.5
22.7,6.1178,-0.0104,0.0542,0.4997,-0.0136,0.5,-0.0263,2.3067,1.5,1.5
22.7,6.1178,-0.0104,0.0542,0.4997,-0.0136,0.5,-0.0263,2.3067,1.5,1.5
22.733,6.1344,-0.0094,0.0537,0.4998,-0.0146,0.5,-0.0263,2.3207,1.5,1.5
22.733,6.1344,-0.0094,0.0537,0.4998,-0.0146,0.5,-0.0263,2.3207,1.5,1.5
22.75,6.1427,-0.0089,0.0534,0.4999,-0.0148,0.5,-0.0263,2.3207,1.5,1.5
22.75,6.1427,-0.0089,0.0534,0.4999,-0.0148,0.5,-0.0263,2.3207,1.5,1.5
22.75,6.1427,-0.0089,0.0534,0.4999,-0.0148,0.5,-0.0263,2.3207,1.5,1.5
22.783,6.1594,-0.0079,0.0528,0.5,-0.0158,0.5,-0.0263,2.3207,1.5,1.5
22.8,6.1677,-0.0074,0.0525,0.5001,-0.0161,0.5,-0.0263,2.3207,1.5,1.5
22.8,6.1677,-0.0074,0.0525,0.5001,-0.0161,0.5,-0.0263,2.3207,1.5,1.5
22.8,6.1677,-0.0074,0.0525,0.5001,-0.0161,0.5,-0.0263,2.3207,1.5,1.5
22.833,6.1843,-0.0065,0.0519,0.5003,-0.0164,0.5,-0.0263,2.2984,1.5,1.5
22.833,6.1843,-0.0065,0.0519,0.5003,-0.0164,0.4737,-0.0263,2.2984,1.5,1.5
22.85,6.1927,-0.006,0.0516,0.5003,-0.0166,0.4737,-0.0263,2.2984,1.5,1.5
22.867,6.201,-0.0055,0.0513,0.5004,-0.0169,0.4737,-0.0263,2.2984,1.5,1.5
22.867,6.201,-0.0055,0.0513,0.5004,-0.0169,0.5,-0.0263,2.2984,1.5,1.5
22.867,6.201,-0.0055,0.0513,0.5004,-0.0169,0.5,-0.0263,2.2984,1.5,1.5
22.9,6.2177,-0.0046,0.0507,0.5005,-0.0173,0.5,-0.0263,2.2984,1.5,1.5
22.9,6.2177,-0.0046,0.0507,0.5005,-0.0173,0.5,-0.0263,2.2984,1.5,1.5
22.917,6.226,-0.0041,0.0504,0.5005,-0.0175,0.5,-0.0263,2.2984,1.5,1.5
22.917,6.226,-0.0041,0.0504,0.5005,-0.0175,0.5,-0.0263,2.4117,1.5,1.5
22.917,6.226,-0.0041,0.0504,0.5005,-0.0175,0.5,-0.0263,2.4117,1.5,1.5
22.95,6.2427,-0.0032,0.0497,0.5006,-0.0179,0.4737,-0.0263,2.4117,1.5,1.5
22.967,6.2508,-0.0027,0.0494,0.4798,-0.0162,0.4737,-0.0263,2.4117,1.5,1.5
22.967,6.2508,-0.0027,0.0494,0.4798,-0.0162,0.5,-0.0263,2.4117,1.5,1.5
22.967,6.2508,-0.0027,0.0494,0.4798,-0.0162,0.5,-0.0263,2.4117,1.5,1.5
23.0,6.2666,-0.0018,0.0488,0.4745,-0.0173,0.5,-0.0263,2.4117,1.5,1.5
23.0,6.2666,-0.0018,0.0488,0.4745,-0.0173,0.5,-0.0263,2.4117,1.5,1.5
23.017,6.2747,-0.0014,0.0484,0.495,-0.0199,0.5,-0.0263,2.4117,1.5,1.5
23.033,6.283,-0.0009,0.0481,0.4989,-0.0226,0.5,-0.0263,2.3363,1.5,1.5
23.033,6.283,-0.0009,0.0481,0.4989,-0.0226,0.5,-0.0263,2.3363,1.5,1.5
23.033,6.283,-0.0009,0.0481,0.4989,-0.0226,0.5,-0.0263,2.3363,1.5,1.5
23.067,6.2997,-0.0,0.0473,0.5005,-0.0191,0.5,-0.0263,2.3363,1.5,1.5
23.083,6.308,0.0004,0.047,0.5013,-0.0196,0.5,-0.0263,2.3363,1.5,1.5
23.083,6.308,0.0004,0.047,0.5013,-0.0196,0.5,-0.0263,2.3363,1.5,1.5
23.083,6.308,0.0004,0.047,0.5013,-0.0196,0.5,-0.0263,2.3363,1.5,1.5
23.117,6.3243,0.0013,0.0462,0.4957,-0.0242,0.5,-0.0263,2.3363,1.5,1.5
23.117,6.3243,0.0013,0.0462,0.4957,-0.0242,0.5,-0.0263,2.3307,1.5,1.5
23.133,6.3326,0.0018,0.0458,0.4993,-0.0202,0.5,-0.0263,2.3307,1.5,1.5
23.133,6.3326,0.0018,0.0458,0.4993,-0.0202,0.5,-0.0263,2.3307,1.5,1.5
23.167,6.3492,0.0026,0.045,0.5003,-0.026,0.4737,-0.0263,2.3307,1.5,1.5
23.167,6.3492,0.0026,0.045,0.5003,-0.026,0.4737,-0.0263,2.3307,1.5,1.5
23.183,6.3575,0.0031,0.0446,0.5004,-0.0223,0.5,-0.0263,2.3307,1.5,1.5
23.2,6.3659,0.0035,0.0442,0.501,-0.0222,0.5,-0.0263,2.3307,1.5,1.5
23.2,6.3659,0.0035,0.0442,0.501,-0.0222,0.5,-0.0263,2.3307,1.5,1.5
23.2,6.3659,0.0035,0.0442,0.501,-0.0222,0.5,-0.0263,2.3307,1.5,1.5
23.233,6.3825,0.0044,0.0433,0.5004,-0.0233,0.5,-0.0263,2.338,1.5,1.5
23.233,6.3825,0.0044,0.0433,0.5004,-0.0233,0.5,-0.0263,2.338,1.5,1.5
23.25,6.3908,0.0048,0.0429,0.5,-0.023,0.5,-0.0263,2.338,1.5,1.5
23.25,6.3908,0.0048,0.0429,0.5,-0.023,0.5,-0.0263,2.338,1.5,1.5
23.25,6.3908,0.0048,0.0429,0.5,-0.023,0.5,-0.0263,2.338,1.5,1.5
23.283,6.4075,0.0056,0.042,0.5003,-0.0273,0.5,-0.0263,2.338,1.5,1.5
23.3,6.4156,0.0061,0.0415,0.48,-0.0242,0.5,-0.0263,2.338,1.5,1.5
23.3,6.4156,0.0061,0.0415,0.48,-0.0242,0.5,-0.0263,2.338,1.5,1.5
23.3,6.4156,0.0061,0.0415,0.48,-0.0242,0.5,-0.0263,2.338,1.5,1.5
23.333,6.432,0.0069,0.0406,0.4987,-0.0254,0.5,-0.0263,2.3511,1.5,1.5
23.333,6.432,0.0069,0.0406,0.4987,-0.0254,0.5,-0.0263,2.3511,1.5,1.5
23.35,6.4403,0.0073,0.0401,0.4993,-0.0258,0.5,-0.0263,2.3511,1.5,1.5
23.367,6.4487,0.0077,0.0397,0.4994,-0.0261,0.5,-0.0263,2.3511,1.5,1.5
23.367,6.4487,0.0077,0.0397,0.4994,-0.0261,0.5,-0.0263,2.3511,1.5,1.5
23.367,6.4487,0.0077,0.0397,0.4994,-0.0261,0.5,-0.0263,2.3511,1.5,1.5
23.4,6.4653,0.0085,0.0387,0.4994,-0.0266,0.4737,-0.0789,2.3511,1.5,1.5
23.4,6.4653,0.0085,0.0387,0.4994,-0.0266,0.5,-0.0789,2.3511,1.5,1.5
23.417,6.4736,0.0089,0.0383,0.4994,-0.027,0.5,-0.0789,2.3511,1.5,1.5
23.417,6.4736,0.0089,0.0383,0.4994,-0.027,0.5,-0.0789,2.3825,1.5,1.5
23.417,6.4736,0.0089,0.0383,0.4994,-0.027,0.5,-0.0789,2.3825,1.5,1.5
23.45,6.4902,0.0097,0.0373,0.4994,-0.0275,0.5,-0.0789,2.3825,1.5,1.5
23.467,6.4986,0.01,0.0368,0.4994,-0.0277,0.5,-0.0789,2.3825,1.5,1.5
23.467,6.4986,0.01,0.0368,0.4994,-0.0277,0.5,-0.0789,2.3825,1.5,1.5
23.467,6.4986,0.01,0.0368,0.4994,-0.0277,0.5,-0.0789,2.3825,1.5,1.5
23.5,6.5152,0.0108,0.0359,0.4995,-0.0279,0.5,-0.0789,2.3825,1.5,1.5
23.5,6.5152,0.0108,0.0359,0.4995,-0.0279,0.5,-0.0789,2.3825,1.5,1.5
23.517,6.5235,0.0112,0.0354,0.4996,-0.028,0.5,-0.0789,2.3825,1.5,1.5
23.533,6.5316,0.0115,0.0348,0.4806,-0.0194,0.5,-0.0789,2.379,1.5,1.5
23.533,6.5316,0.0115,0.0348,0.4806,-0.0194,0.5,-0.0789,2.379,1.5,1.5
23.533,6.5316,0.0115,0.0348,0.4806,-0.0194,0.5,-0.0789,2.379,1.5,1.5
23.567,6.5481,0.0123,0.0336,0.4987,-0.0281,0.5,-0.0789,2.379,1.5,1.5
23.567,6.5481,0.0123,0.0336,0.4987,-0.0281,0.5,-0.0789,2.379,1.5,1.5
23.583,6.5564,0.0127,0.0329,0.5002,-0.0271,0.5,-0.0789,2.379,1.5,1.5
23.583,6.5564,0.0127,0.0329,0.5002,-0.0271,0.5,-0.0789,2.379,1.5,1.5
23.583,6.5564,0.0127,0.0329,0.5002,-0.0271,0.5,-0.0789,2.379,1.5,1.5
23.617,6.5731,0.0134,0.0315,0.5012,-0.0397,0.5,-0.0263,2.379,1.5,1.5
23.633,6.5814,0.0138,0.0307,0.501,-0.0285,0.5,-0.0263,2.3787,1.5,1.5
23.633,6.5814,0.0138,0.0307,0.501,-0.0285,0.5,-0.0263,2.3787,1.5,1.5
23.633,6.5814,0.0138,0.0307,0.501,-0.0285,0.5,-0.0263,2.3787,1.5,1.5
23.667,6.5981,0.0146,0.0291,0.4999,-0.039,0.5,-0.0263,2.3787,1.5,1.5
23.683,6.6064,0.0149,0.0283,0.5009,-0.0375,0.5,-0.0263,2.3787,1.5,1.5
23.683,6.6064,0.0149,0.0283,0.5009,-0.0375,0.5,-0.0263,2.3787,1.5,1.5
23.7,6.6147,0.0153,0.0275,0.5015,-0.0488,0.5,-0.0263,2.3787,1.5,1.5
23.7,6.6147,0.0153,0.0275,0.5015,-0.0488,0.5,-0.0263,2.3787,1.5,1.5
23.7,6.6147,0.0153,0.0275,0.5015,-0.0488,0.5,-0.0263,2.3787,1.5,1.5
23.733,6.6314,0.016,0.0257,0.5013,-0.0405,0.5,-0.0263,2.4082,1.5,1.5
23.75,6.6398,0.0163,0.0248,0.5014,-0.0527,0.4737,-0.0263,2.4082,1.5,1.5
23.75,6.6398,0.0163,0.0248,0.5014,-0.0527,0.4737,-0.0263,2.4082,1.5,1.5
23.75,6.6398,0.0163,0.0248,0.5014,-0.0527,0.4737,-0.0263,2.4082,1.5,1.5
23.783,6.6564,0.017,0.0231,0.4999,-0.0485,0.4737,-0.0263,2.4082,1.5,1.5
23.783,6.6564,0.017,0.0231,0.4999,-0.0485,0.5,-0.0263,2.4082,1.5,1.5
23.8,6.6648,0.0173,0.0223,0.4998,-0.0498,0.5,-0.0263,2.4082,1.5,1.5
23.8,6.6648,0.0173,0.0223,0.4998,-0.0498,0.5,-0.0263,2.4082,1.5,1.5
23.833,6.6814,0.0179,0.0208,0.5008,-0.0569,0.5,-0.0263,2.4364,1.5,1.5
23.833,6.6814,0.0179,0.0208,0.5008,-0.0569,0.5,-0.0263,2.4364,1.5,1.5
23.85,6.6898,0.0182,0.02,0.5003,-0.0501,0.5,-0.0263,2.4364,1.5,1.5
23.85,6.6898,0.0182,0.02,0.5003,-0.0501,0.4737,-0.0263,2.4364,1.5,1.5
23.867,6.6981,0.0185,0.0192,0.4994,-0.0504,0.4737,-0.0263,2.4364,1.5,1.5
23.867,6.6981,0.0185,0.0192,0.4994,-0.0504,0.4737,-0.0263,2.4364,1.5,1.5
23.9,6.7142,0.019,0.0177,0.4759,-0.0397,0.4737,-0.0263,2.4364,1.5,1.5
23.9,6.7142,0.019,0.0177,0.4759,-0.0397,0.5,-0.0263,2.4364,1.5,1.5
23.917,6.7221,0.0192,0.017,0.4741,-0.0398,0.5,-0.0263,2.4364,1.5,1.5
23.917,6.7221,0.0192,0.017,0.4741,-0.0398,0.5,0.0,2.4489,1.5,1.5
23.917,6.7221,0.0192,0.017,0.4741,-0.0398,0.5,0.0,2.4489,1.5,1.5
23.95,6.7385,0.0197,0.0155,0.4982,-0.0485,0.5,0.0,2.4489,1.5,1.5
23.95,6.7385,0.0197,0.0155,0.4982,-0.0485,0.5,0.0,2.4489,1.5,1.5
23.967,6.7468,0.02,0.0148,0.4991,-0.0492,0.5,0.0,2.4489,1.5,1.5
23.967,6.7468,0.02,0.0148,0.4991,-0.0492,0.5,0.0,2.4489,1.5,1.5
24.0,6.7632,0.0204,0.0133,0.4796,-0.0455,0.5,0.0,2.4489,1.5,1.5
24.0,6.7632,0.0204,0.0133,0.4796,-0.0455,0.5,0.0,2.4489,1.5,1.5
24.017,6.7712,0.0206,0.0126,0.4754,-0.0438,0.5,0.0,2.4489,1.5,1.5
24.033,6.7793,0.0209,0.0118,0.4938,-0.053,0.5,0.0,2.495,1.5,1.5
24.033,6.7793,0.0209,0.0118,0.4938,-0.053,0.5,0.0,2.495,1.5,1.5
24.033,6.7793,0.0209,0.0118,0.4938,-0.053,0.5,0.0,2.495,1.5,1.5
24.033,6.7793,0.0209,0.0118,0.4938,-0.053,0.5,0.0,2.495,1.5,1.5
24.067,6.7959,0.0212,0.0105,0.499,-0.0447,0.5,0.0,2.495,1.5,1.5
24.083,6.8042,0.0214,0.0098,0.4991,-0.0465,0.4737,0.0,2.495,1.5,1.5
24.083,6.8042,0.0214,0.0098,0.4991,-0.0465,0.5,0.0,2.495,1.5,1.5
24.083,6.8042,0.0214,0.0098,0.4991,-0.0465,0.5,0.0,2.495,1.5,1.5
24.117,6.8208,0.0218,0.0086,0.4994,-0.033,0.5,0.0,2.495,1.5,1.5
24.133,6.8292,0.0219,0.0081,0.4997,-0.0332,0.5,0.0,2.4854,1.5,1.5
24.133,6.8292,0.0219,0.0081,0.4997,-0.0332,0.5,0.0,2.4854,1.5,1.5
24.133,6.8292,0.0219,0.0081,0.4997,-0.0332,0.5,0.0,2.4854,1.5,1.5
24.167,6.8458,0.0222,0.0071,0.4996,-0.0308,0.5,0.0,2.4854,1.5,1.5
24.167,6.8458,0.0222,0.0071,0.4996,-0.0308,0.5,0.0,2.4854,1.5,1.5
24.183,6.8541,0.0223,0.0067,0.4996,-0.03,0.5,0.0,2.4854,1.5,1.5
24.2,6.8625,0.0224,0.0062,0.4996,-0.0297,0.5,0.0,2.4854,1.5,1.5
24.2,6.8625,0.0224,0.0062,0.4996,-0.0297,0.5,0.0,2.4854,1.5,1.5
24.2,6.8625,0.0224,0.0062,0.4996,-0.0297,0.5,0.0,2.4854,1.5,1.5
24.233,6.8787,0.0227,0.0053,0.4951,-0.0288,0.5,0.0,2.5092,1.5,1.5
24.233,6.8787,0.0227,0.0053,0.4951,-0.0288,0.4737,0.0,2.5092,1.5,1.5
24.25,6.887,0.0228,0.0049,0.4985,-0.0273,0.4737,0.0,2.5092,1.5,1.5
24.25,6.887,0.0228,0.0049,0.4985,-0.0273,0.4737,0.0,2.5092,1.5,1.5
24.25,6.887,0.0228,0.0049,0.4985,-0.0273,0.4737,0.0,2.5092,1.5,1.5
24.283,6.9036,0.023,0.0041,0.4994,-0.0264,0.5,0.0,2.5092,1.5,1.5
24.3,6.912,0.0231,0.0037,0.4995,-0.0252,0.5,0.0,2.5092,1.5,1.5
24.3,6.912,0.0231,0.0037,0.4995,-0.0252,0.5,0.0,2.5092,1.5,1.5
24.3,6.912,0.0231,0.0037,0.4995,-0.0252,0.5,0.0,2.5092,1.5,1.5
24.333,6.9286,0.0232,0.003,0.4995,-0.0255,0.5,0.0,2.5554,1.5,1.5
24.333,6.9286,0.0232,0.003,0.4995,-0.0255,0.5,0.0,2.5554,1.5,1.5
24.35,6.9369,0.0233,0.0027,0.4995,-0.0246,0.5,0.0,2.5554,1.5,1.5
24.367,6.9453,0.0234,0.0023,0.4996,-0.0239,0.5,0.0,2.5554,1.5,1.5
24.367,6.9453,0.0234,0.0023,0.4996,-0.0239,0.5,0.0,2.5554,1.5,1.5
24.367,6.9453,0.0234,0.0023,0.4996,-0.0239,0.5,0.0,2.5554,1.5,1.5
24.4,6.9613,0.0235,0.0017,0.4745,-0.0228,0.5,0.0,2.5554,1.5,1.5
24.4,6.9613,0.0235,0.0017,0.4745,-0.0228,0.5,0.0,2.5554,1.5,1.5
24.4,6.9613,0.0235,0.0017,0.4745,-0.0228,0.5,0.0,2.5554,1.5,1.5
24.417,6.9692,0.0236,0.0014,0.4737,-0.0222,0.5,0.0,2.5554,1.5,1.5
24.417,6.9692,0.0236,0.0014,0.4737,-0.0222,0.5,0.0,2.5067,1.5,1.5
24.417,6.9692,0.0236,0.0014,0.4737,-0.0222,0.5,-0.0263,2.5067,1.5,1.5
24.45,6.9856,0.0237,0.0007,0.4989,-0.0212,0.4737,-0.0263,2.5067,1.5,1.5
24.467,6.994,0.0237,0.0007,0.4997,-0.0209,0.4737,-0.0263,2.5067,1.5,1.5
24.467,6.994,0.0237,0.0007,0.4997,-0.0209,0.4737,-0.0263,2.5067,1.5,1.5
24.467,6.994,0.0237,0.0007,0.4997,-0.0209,0.4737,-0.0263,2.5067,1.5,1.5
24.5,7.0106,0.0238,0.0,0.5001,-0.0191,0.4737,-0.0263,2.5067,1.5,1.5
24.5,7.0106,0.0238,0.0,0.5001,-0.0191,0.5,-0.0263,2.5067,1.5,1.5
24.517,7.019,0.0238,0.0,0.5002,-0.0182,0.5,-0.0263,2.5067,1.5,1.5
24.533,7.0273,0.0239,0.0,0.5003,-0.0174,0.5,0.0,2.5526,1.5,1.5
24.533,7.0273,0.0239,0.0,0.5003,-0.0174,0.5,-0.0263,2.5526,1.5,1.5
24.533,7.0273,0.0239,0.0,0.5003,-0.0174,0.5,-0.0263,2.5526,1.5,1.5
24.567,7.044,0.0239,0.0,0.5004,-0.0159,0.5,-0.0263,2.5526,1.5,1.5
24.567,7.044,0.0239,0.0,0.5004,-0.0159,0.5,-0.0263,2.5526,1.5,1.5
24.583,7.0524,0.024,-0.0007,0.5005,-0.0091,0.5,-0.0263,2.5526,1.5,1.5
24.583,7.0524,0.024,-0.0007,0.5005,-0.0091,0.5,-0.0263,2.5526,1.5,1.5
24.583,7.0524,0.024,-0.0007,0.5005,-0.0091,0.5,-0.0263,2.5526,1.5,1.5
24.617,7.0684,0.024,-0.0012,0.4754,-0.0119,0.5,-0.0263,2.5526,1.5,1.5
24.633,7.0766,0.024,-0.0014,0.4953,-0.0133,0.5,-0.0263,2.6195,1.5,1.5
24.633,7.0766,0.024,-0.0014,0.4953,-0.0133,0.5,-0.0263,2.6195,1.5,1.5
24.633,7.0766,0.024,-0.0014,0.4953,-0.0133,0.5,-0.0263,2.6195,1.5,1.5
24.667,7.0932,0.0241,-0.002,0.5005,-0.0182,0.5,-0.0263,2.6195,1.5,1.5
24.667,7.0932,0.0241,-0.002,0.5005,-0.0182,0.5,-0.0263,2.6195,1.5,1.5
24.683,7.1016,0.0241,-0.0022,0.5006,-0.0097,0.5,-0.0263,2.6195,1.5,1.5
24.7,7.1099,0.0241,-0.0025,0.5008,-0.0139,0.5,-0.0263,2.6195,1.5,1.5
24.7,7.1099,0.0241,-0.0025,0.5008,-0.0139,0.5,-0.0263,2.6195,1.5,1.5
24.7,7.1099,0.0241,-0.0025,0.5008,-0.0139,0.5,-0.0263,2.6195,1.5,1.5
24.733,7.1266,0.0242,-0.003,0.5006,-0.014,0.5,-0.0263,2.6028,1.5,1.5
24.733,7.1266,0.0242,-0.003,0.5006,-0.014,0.5,-0.0263,2.6028,1.5,1.5
24.75,7.1349,0.0242,-0.0035,0.5008,-0.0146,0.5,-0.0263,2.6028,1.5,1.5
24.75,7.1349,0.0242,-0.0035,0.5008,-0.0146,0.4737,-0.0263,2.6028,1.5,1.5
24.783,7.1516,0.0242,-0.004,0.5009,-0.016,0.4737,-0.0263,2.6028,1.5,1.5
24.783,7.1516,0.0242,-0.004,0.5009,-0.016,0.5,-0.0263,2.6028,1.5,1.5
24.8,7.16,0.0242,-0.0044,0.5007,-0.0163,0.5,-0.0263,2.6028,1.5,1.5
24.8,7.16,0.0242,-0.0044,0.5007,-0.0163,0.5,-0.0263,2.6028,1.5,1.5
24.8,7.16,0.0242,-0.0044,0.5007,-0.0163,0.5,-0.0263,2.6028,1.5,1.5
24.833,7.1767,0.0243,-0.005,0.5006,-0.018,0.5,-0.0263,2.5734,1.5,1.5
24.833,7.1767,0.0243,-0.005,0.5006,-0.018,0.5,-0.0263,2.5734,1.5,1.5
24.833,7.1767,0.0243,-0.005,0.5006,-0.018,0.5,-0.0263,2.5734,1.5,1.5
24.85,7.185,0.0243,-0.0053,0.5007,-0.0176,0.5,-0.0263,2.5734,1.5,1.5
24.867,7.1933,0.0243,-0.0057,0.5004,-0.021,0.5,-0.0263,2.5734,1.5,1.5
24.867,7.1933,0.0243,-0.0057,0.5004,-0.021,0.5,-0.0263,2.5734,1.5,1.5
24.867,7.1933,0.0243,-0.0057,0.5004,-0.021,0.5,-0.0263,2.5734,1.5,1.5
24.9,7.2094,0.0243,-0.0064,0.4757,-0.0182,0.5,-0.0263,2.5734,1.5,1.5
24.9,7.2094,0.0243,-0.0064,0.4757,-0.0182,0.5,-0.0263,2.5734,1.5,1.5
24.917,7.2175,0.0243,-0.0068,0.4944,-0.0239,0.5,-0.0263,2.5734,1.5,1.5
24.917,7.2175,0.0243,-0.0068,0.4944,-0.0239,0.5,-0.0263,2.5809,1.5,1.5
24.95,7.2341,0.0243,-0.0076,0.5004,-0.0192,0.5,-0.0263,2.5809,1.5,1.5
24.95,7.2341,0.0243,-0.0076,0.5004,-0.0192,0.4737,-0.0263,2.5809,1.5,1.5
24.967,7.2425,0.0243,-0.008,0.4999,-0.0222,0.4737,-0.0263,2.5809,1.5,1.5
24.967,7.2425,0.0243,-0.008,0.4999,-0.0222,0.4737,-0.0263,2.5809,1.5,1.5
24.967,7.2425,0.0243,-0.008,0.4999,-0.0222,0.4737,-0.0263,2.5809,1.5,1.5
25.0,7.2591,0.0243,-0.0089,0.4997,-0.0217,0.5,-0.0263,2.5809,1.5,1.5
25.017,7.2675,0.0243,-0.0093,0.4996,-0.0229,0.5,-0.0263,2.5809,1.5,1.5
25.017,7.2675,0.0243,-0.0093,0.4996,-0.0229,0.5,-0.0263,2.6341,1.5,1.5
25.033,7.2758,0.0243,-0.0097,0.4995,-0.023,0.5,0.0,2.6341,1.5,1.5
25.033,7.2758,0.0243,-0.0097,0.4995,-0.023,0.5,0.0,2.6341,1.5,1.5
25.033,7.2758,0.0243,-0.0097,0.4995,-0.023,0.5,0.0,2.6341,1.5,1.5
25.067,7.2924,0.0242,-0.0106,0.4994,-0.024,0.5,-0.0263,2.6341,1.5,1.5
25.083,7.3008,0.0242,-0.011,0.4994,-0.0243,0.5,-0.0263,2.6341,1.5,1.5
25.083,7.3008,0.0242,-0.011,0.4994,-0.0243,0.5,-0.0263,2.6341,1.5,1.5
25.083,7.3008,0.0242,-0.011,0.4994,-0.0243,0.5,-0.0263,2.6341,1.5,1.5
25.117,7.3168,0.0242,-0.0119,0.4744,-0.024,0.5,-0.0263,2.6341,1.5,1.5
25.133,7.3249,0.0241,-0.0123,0.4934,-0.0258,0.5,-0.0263,2.6054,1.5,1.5
25.133,7.3249,0.0241,-0.0123,0.4934,-0.0258,0.5,-0.0263,2.6054,1.5,1.5
25.133,7.3249,0.0241,-0.0123,0.4934,-0.0258,0.5,-0.0263,2.6054,1.5,1.5
25.167,7.3415,0.0241,-0.0132,0.4993,-0.0256,0.5,-0.0263,2.6054,1.5,1.5
25.167,7.3415,0.0241,-0.0132,0.4993,-0.0256,0.4737,-0.0263,2.6054,1.5,1.5
25.183,7.3498,0.024,-0.0135,0.4996,-0.0256,0.4737,-0.0263,2.6054,1.5,1.5
25.2,7.3582,0.0239,-0.0139,0.4997,-0.0256,0.4737,-0.0263,2.6054,1.5,1.5
25.2,7.3582,0.0239,-0.0139,0.4997,-0.0256,0.5,-0.0263,2.6054,1.5,1.5
25.2,7.3582,0.0239,-0.0139,0.4997,-0.0256,0.5,-0.1316,2.6054,1.5,1.5
25.233,7.3748,0.0238,-0.0147,0.4998,-0.0244,0.5,-0.1316,2.6562,1.5,1.5
25.233,7.3748,0.0238,-0.0147,0.4998,-0.0244,0.5,-0.1316,2.6562,1.5,1.5
25.25,7.3832,0.0238,-0.0151,0.4998,-0.0241,0.5,-0.1316,2.6562,1.5,1.5
25.25,7.3832,0.0238,-0.0151,0.4998,-0.0241,0.5,-0.1316,2.6562,1.5,1.5
25.25,7.3832,0.0238,-0.0151,0.4998,-0.0241,0.5,-0.1316,2.6562,1.5,1.5
25.283,7.3998,0.0236,-0.0159,0.5,-0.0243,0.5,-0.1316,2.6562,1.5,1.5
25.3,7.408,0.0236,-0.0164,0.4793,-0.0221,0.5,-0.1316,2.6562,1.5,1.5
25.3,7.408,0.0236,-0.0164,0.4793,-0.0221,0.5,-0.1316,2.6562,1.5,1.5
25.3,7.408,0.0236,-0.0164,0.4793,-0.0221,0.5,-0.1316,2.6562,1.5,1.5
25.333,7.4238,0.0234,-0.0171,0.4741,-0.023,0.5,-0.1316,2.6524,1.5,1.5
25.333,7.4238,0.0234,-0.0171,0.4741,-0.023,0.5,-0.1316,2.6524,1.5,1.5
25.35,7.4319,0.0234,-0.0178,0.4948,-0.0331,0.5,-0.1316,2.6524,1.5,1.5
25.367,7.4402,0.0234,-0.0187,0.4989,-0.0383,0.5,-0.1316,2.6524,1.5,1.5
25.367,7.4402,0.0234,-0.0187,0.4989,-0.0383,0.5,-0.1316,2.6524,1.5,1.5
25.367,7.4402,0.0234,-0.0187,0.4989,-0.0383,0.5,-0.1316,2.6524,1.5,1.5
25.4,7.4569,0.0233,-0.0204,0.5008,-0.0433,0.5,-0.1316,2.6524,1.5,1.5
25.4,7.4569,0.0233,-0.0204,0.5008,-0.0433,0.5,-0.1316,2.6524,1.5,1.5
25.417,7.4653,0.0233,-0.0215,0.5008,-0.0509,0.5,-0.1316,2.6524,1.5,1.5
25.417,7.4653,0.0233,-0.0215,0.5008,-0.0509,0.5,-0.1316,2.6541,1.5,1.5
25.417,7.4653,0.0233,-0.0215,0.5008,-0.0509,0.5,-0.1316,2.6541,1.5,1.5
25.45,7.482,0.0232,-0.0236,0.5003,-0.0492,0.5,-0.1316,2.6541,1.5,1.5
25.467,7.4904,0.0232,-0.0247,0.5007,-0.0497,0.5,-0.1316,2.6541,1.5,1.5
25.467,7.4904,0.0232,-0.0247,0.5007,-0.0497,0.5,-0.1316,2.6541,1.5,1.5
25.467,7.4904,0.0232,-0.0247,0.5007,-0.0497,0.5,-0.1316,2.6541,1.5,1.5
25.5,7.5071,0.0231,-0.0272,0.5026,-0.0621,0.5,-0.1316,2.6541,1.5,1.5
25.517,7.5155,0.0231,-0.0284,0.5024,-0.0649,0.5,-0.1316,2.6541,1.5,1.5
25.517,7.5155,0.0231,-0.0284,0.5024,-0.0649,0.5,-0.1316,2.6541,1.5,1.5
25.533,7.5239,0.0231,-0.0298,0.5017,-0.0674,0.5,-0.1316,2.5624,1.5,1.5
25.533,7.5239,0.0231,-0.0298,0.5017,-0.0674,0.5,-0.1316,2.5624,1.5,1.5
25.533,7.5239,0.0231,-0.0298,0.5017,-0.0674,0.5,-0.1316,2.5624,1.5,1.5
25.567,7.5406,0.023,-0.0326,0.5021,-0.0857,0.5,-0.1316,2.5624,1.5,1.5
25.583,7.5489,0.0229,-0.0341,0.5013,-0.0749,0.5,-0.1316,2.5624,1.5,1.5
25.583,7.5489,0.0229,-0.0341,0.5013,-0.0749,0.5,-0.1316,2.5624,1.5,1.5
25.583,7.5489,0.0229,-0.0341,0.5013,-0.0749,0.5,-0.1316,2.5624,1.5,1.5
25.617,7.5657,0.0228,-0.0372,0.5004,-0.0835,0.5,-0.1316,2.5624,1.5,1.5
25.617,7.5657,0.0228,-0.0372,0.5004,-0.0835,0.5,-0.1316,2.5474,1.5,1.5
25.633,7.574,0.0227,-0.0388,0.5013,-0.0899,0.5,-0.1316,2.5474,1.5,1.5
25.633,7.574,0.0227,-0.0388,0.5013,-0.0899,0.5,-0.1316,2.5474,1.5,1.5
25.633,7.574,0.0227,-0.0388,0.5013,-0.0899,0.5,-0.1316,2.5474,1.5,1.5
25.667,7.5907,0.0226,-0.0422,0.5005,-0.0984,0.5,-0.0789,2.5474,1.5,1.5
25.683,7.5991,0.0225,-0.0439,0.5002,-0.1025,0.5,0.0811,2.5474,1.5,1.5
25.683,7.5991,0.0225,-0.0439,0.5002,-0.1025,0.5,0.2368,2.5474,1.5,1.5
25.7,7.6074,0.0224,-0.0457,0.4991,-0.1006,0.5,0.2368,2.5474,1.5,1.5
25.7,7.6074,0.0224,-0.0457,0.4991,-0.1006,0.5,0.2368,2.5474,1.5,1.5
25.7,7.6074,0.0224,-0.0457,0.4991,-0.1006,0.5,0.2368,2.4789,1.5,1.5
25.733,7.6241,0.0221,-0.0494,0.4996,-0.1118,0.5,0.2368,2.4789,1.5,1.5
25.75,7.6324,0.022,-0.0514,0.4986,-0.11,0.5,0.2368,2.4789,1.5,1.5
25.75,7.6324,0.022,-0.0514,0.4986,-0.11,0.5,0.2368,2.4789,1.5,1.5
25.75,7.6324,0.022,-0.0514,0.4986,-0.11,0.5,0.2368,2.4789,1.5,1.5
25.783,7.6491,0.0217,-0.0553,0.4982,-0.1163,0.5,0.2368,2.4789,1.5,1.5
25.783,7.6491,0.0217,-0.0553,0.4982,-0.1163,0.5,0.2368,2.4789,1.5,1.5
25.8,7.6574,0.0215,-0.0572,0.4976,-0.1173,0.5,0.1842,2.4789,1.5,1.5
25.8,7.6574,0.0215,-0.0572,0.4976,-0.1173,0.5,0.1842,2.4789,1.5,1.5
25.833,7.6739,0.0209,-0.0592,0.4909,-0.0139,0.5,0.1842,2.4445,1.5,1.5
25.833,7.6739,0.0209,-0.0592,0.4909,-0.0139,0.4737,0.2368,2.4445,1.5,1.5
25.85,7.6821,0.0203,-0.0587,0.4901,0.0624,0.4737,0.2368,2.4445,1.5,1.5
25.85,7.6821,0.0203,-0.0587,0.4901,0.0624,0.5,0.2368,2.4445,1.5,1.5
25.867,7.6903,0.0196,-0.0574,0.5033,0.1071,0.5,0.2368,2.4445,1.5,1.5
25.867,7.6903,0.0196,-0.0574,0.5033,0.1071,0.5,0.2368,2.4445,1.5,1.5
25.9,7.7071,0.0181,-0.0532,0.5136,0.148,0.5,0.2368,2.4445,1.5,1.5
25.9,7.7071,0.0181,-0.0532,0.5136,0.148,0.5,0.0768,2.4445,1.5,1.5
25.917,7.7155,0.0173,-0.0508,0.5148,0.1476,0.5,-0.0832,2.4445,1.5,1.5
25.917,7.7155,0.0173,-0.0508,0.5148,0.1476,0.5,-0.1316,2.3464,1.5,1.5
25.917,7.7155,0.0173,-0.0508,0.5148,0.1476,0.5,-0.1316,2.3464,1.5,1.5
25.95,7.7322,0.0158,-0.0466,0.5022,0.1131,0.5,-0.1316,2.3464,1.5,1.5
25.967,7.7404,0.0151,-0.0446,0.4885,0.1046,0.5,-0.1316,2.3464,1.5,1.5
25.967,7.7404,0.0151,-0.0446,0.4885,0.1046,0.5,-0.1316,2.3464,1.5,1.5
25.967,7.7404,0.0151,-0.0446,0.4885,0.1046,0.5,-0.1316,2.3464,1.5,1.5
26.0,7.7566,0.0138,-0.0404,0.5045,0.113,0.5,-0.1316,2.3464,1.5,1.5
26.0,7.7566,0.0138,-0.0404,0.5045,0.113,0.5,-0.1316,2.3464,1.5,1.5
26.017,7.765,0.0131,-0.0381,0.5109,0.1216,0.5,-0.1316,2.3464,1.5,1.5
26.033,7.7735,0.0124,-0.0358,0.5099,0.1291,0.5,-0.1316,2.3658,1.5,1.5
26.033,7.7735,0.0124,-0.0358,0.5099,0.1291,0.5,-0.1316,2.3658,1.5,1.5
26.033,7.7735,0.0124,-0.0358,0.5099,0.1291,0.5,-0.1316,2.3658,1.5,1.5
26.067,7.7901,0.0115,-0.0335,0.4989,0.0279,0.5,-0.1316,2.3658,1.5,1.5
26.067,7.7901,0.0115,-0.0335,0.4989,0.0279,0.5,-0.1842,2.3658,1.5,1.5
26.083,7.7984,0.0113,-0.0334,0.5007,-0.0298,0.5,-0.1842,2.3658,1.5,1.5
26.083,7.7984,0.0113,-0.0334,0.5007,-0.0298,0.5,-0.1842,2.3658,1.5,1.5
26.083,7.7984,0.0113,-0.0334,0.5007,-0.0298,0.5,-0.1842,2.3658,1.5,1.5
26.117,7.8151,0.0109,-0.0347,0.4976,-0.0611,0.5,-0.1842,2.3658,1.5,1.5
26.133,7.8234,0.0107,-0.0357,0.5028,-0.05,0.5,-0.1842,2.3106,1.5,1.5
26.133,7.8234,0.0107,-0.0357,0.5028,-0.05,0.5,-0.0242,2.3106,1.5,1.5
26.133,7.8234,0.0107,-0.0357,0.5028,-0.05,0.5,0.1358,2.3106,1.5,1.5
26.167,7.8401,0.0104,-0.0374,0.5015,-0.043,0.5,0.2368,2.3106,1.5,1.5
26.167,7.8401,0.0104,-0.0374,0.5015,-0.043,0.5,0.2368,2.3106,1.5,1.5
26.183,7.8485,0.0102,-0.0382,0.4992,-0.0408,0.5,0.2368,2.3106,1.5,1.5
26.2,7.8568,0.01,-0.0391,0.5031,-0.033,0.5,0.2368,2.3106,1.5,1.5
26.2,7.8568,0.01,-0.0391,0.5031,-0.033,0.5,0.2368,2.3106,1.5,1.5
26.2,7.8568,0.01,-0.0391,0.5031,-0.033,0.5,0.2368,2.3106,1.5,1.5
26.233,7.8735,0.0097,-0.0414,0.5057,-0.0793,0.5,0.2368,2.2824,1.5,1.5
26.233,7.8735,0.0097,-0.0414,0.5057,-0.0793,0.5,0.1842,2.2824,1.5,1.5
26.25,7.8819,0.0095,-0.0429,0.5037,-0.0827,0.5,0.2368,2.2824,1.5,1.5
26.25,7.8819,0.0095,-0.0429,0.5037,-0.0827,0.5,0.2368,2.2824,1.5,1.5
26.25,7.8819,0.0095,-0.0429,0.5037,-0.0827,0.5,0.2368,2.2824,1.5,1.5
26.283,7.8986,0.009,-0.044,0.5013,0.0179,0.5,0.2368,2.2824,1.5,1.5
26.3,7.907,0.0085,-0.0432,0.5142,0.0596,0.5,0.2368,2.2824,1.5,1.5
26.3,7.907,0.0085,-0.0432,0.5142,0.0596,0.5,0.2368,2.2824,1.5,1.5
26.3,7.907,0.0085,-0.0432,0.5142,0.0596,0.5,0.2368,2.2824,1.5,1.5
26.333,7.924,0.0073,-0.04,0.5137,0.1085,0.5,0.2368,2.2147,1.5,1.5
26.333,7.924,0.0073,-0.04,0.5137,0.1085,0.5,0.2895,2.2147,1.5,1.5
26.35,7.9325,0.0067,-0.038,0.5099,0.1223,0.5,0.2368,2.2147,1.5,1.5
26.367,7.9409,0.006,-0.0358,0.5097,0.1328,0.5,0.2368,2.2147,1.5,1.5
26.367,7.9409,0.006,-0.0358,0.5097,0.1328,0.5,0.2368,2.2147,1.5,1.5
26.367,7.9409,0.006,-0.0358,0.5097,0.1328,0.5,0.2368,2.2147,1.5,1.5
26.4,7.9577,0.0047,-0.0311,0.5059,0.1445,0.5,0.2368,2.2147,1.5,1.5
26.417,7.9661,0.0041,-0.0286,0.5054,0.1487,0.5,0.2368,2.2147,1.5,1.5
26.417,7.9661,0.0041,-0.0286,0.5054,0.1487,0.5,0.2368,2.2147,1.5,1.5
26.417,7.9661,0.0041,-0.0286,0.5054,0.1487,0.5,0.2368,2.1901,1.5,1.5
26.45,7.9828,0.0029,-0.0234,0.505,0.1427,0.5,0.2368,2.1901,1.5,1.5
26.45,7.9828,0.0029,-0.0234,0.505,0.1427,0.5,0.1842,2.1901,1.5,1.5
26.467,7.9912,0.0023,-0.0207,0.5095,0.1605,0.5,0.1842,2.1901,1.5,1.5
26.467,7.9912,0.0023,-0.0207,0.5095,0.1605,0.5,0.1842,2.1901,1.5,1.5
26.467,7.9912,0.0023,-0.0207,0.5095,0.1605,0.5,0.1842,2.1901,1.5,1.5
26.5,8.0081,0.0011,-0.0149,0.5025,0.1593,0.5,0.1842,2.1901,1.5,1.5
26.517,8.0164,0.0006,-0.012,0.5028,0.1661,0.5,0.1842,2.1901,1.5,1.5
26.517,8.0164,0.0006,-0.012,0.5028,0.1661,0.5,0.1842,2.1901,1.5,1.5
26.533,8.0248,0.0,-0.0091,0.5019,0.164,0.5,0.1842,2.1218,1.5,1.5
26.533,8.0248,0.0,-0.0091,0.5019,0.164,0.5,0.1842,2.1218,1.5,1.5
26.533,8.0248,0.0,-0.0091,0.5019,0.164,0.5,0.1842,2.1218,1.5,1.5
26.567,8.0415,-0.001,-0.0028,0.501,0.1763,0.5,0.1842,2.1218,1.5,1.5
26.583,8.0499,-0.0015,0.0,0.4995,0.186,0.5,0.1842,2.1218,1.5,1.5
26.583,8.0499,-0.0015,0.0,0.4995,0.186,0.5,0.2368,2.1218,1.5,1.5
26.583,8.0499,-0.0015,0.0,0.4995,0.186,0.5,0.1842,2.1218,1.5,1.5
26.617,8.0665,-0.0024,0.0066,0.4963,0.1993,0.5,0.1842,2.1218,1.5,1.5
26.617,8.0665,-0.0024,0.0066,0.4963,0.1993,0.5,0.1316,2.1218,1.5,1.5
26.633,8.0748,-0.0028,0.0098,0.4962,0.2014,0.5,0.1842,2.0819,1.5,1.5
26.633,8.0748,-0.0028,0.0098,0.4962,0.2014,0.5,0.1842,2.0819,1.5,1.5
26.633,8.0748,-0.0028,0.0098,0.4962,0.2014,0.5,0.1842,2.0819,1.5,1.5
26.667,8.0914,-0.0036,0.0164,0.495,0.206,0.5,0.1842,2.0819,1.5,1.5
26.667,8.0914,-0.0036,0.0164,0.495,0.206,0.5,0.1842,2.0819,1.5,1.5
26.683,8.0997,-0.004,0.0198,0.4948,0.2085,0.5,0.1842,2.0819,1.5,1.5
26.7,8.108,-0.0043,0.0232,0.4945,0.2122,0.5,0.1316,2.0819,1.5,1.5
26.7,8.108,-0.0043,0.0232,0.4945,0.2122,0.5,0.1316,2.0819,1.5,1.5
26.7,8.108,-0.0043,0.0232,0.4945,0.2122,0.5,0.1316,2.0819,1.5,1.5
26.733,8.1246,-0.0049,0.0304,0.496,0.2212,0.5,0.1316,2.0543,1.5,1.5
26.75,8.1329,-0.0052,0.034,0.4939,0.2188,0.5,0.1316,2.0543,1.5,1.5
26.75,8.1329,-0.0052,0.034,0.4939,0.2188,0.5,0.1316,2.0543,1.5,1.5
26.75,8.1329,-0.0052,0.034,0.4939,0.2188,0.5,0.1316,2.0543,1.5,1.5
26.783,8.1494,-0.0057,0.0413,0.4926,0.2262,0.5,0.1316,2.0543,1.5,1.5
26.783,8.1494,-0.0057,0.0413,0.4926,0.2262,0.5,0.1316,2.0543,1.5,1.5
26.8,8.1577,-0.0059,0.045,0.4922,0.2289,0.5,0.1316,2.0543,1.5,1.5
26.8,8.1577,-0.0059,0.045,0.4922,0.2289,0.5,0.1316,2.0543,1.5,1.5
26.8,8.1577,-0.0059,0.045,0.4922,0.2289,0.5,0.1316,2.0307,1.5,1.5
26.833,8.1742,-0.0062,0.0526,0.4979,0.2471,0.5,0.1316,2.0307,1.5,1.5
26.85,8.1825,-0.0064,0.0565,0.5,0.2488,0.5,0.1316,2.0307,1.5,1.5
26.85,8.1825,-0.0064,0.0565,0.5,0.2488,0.5,0.1316,2.0307,1.5,1.5
26.867,8.1909,-0.0065,0.0604,0.5001,0.2505,0.5,0.1316,2.0307,1.5,1.5
26.867,8.1909,-0.0065,0.0604,0.5001,0.2505,0.5,0.1316,2.0307,1.5,1.5
26.867,8.1909,-0.0065,0.0604,0.5001,0.2505,0.5,0.1316,2.0307,1.5,1.5
26.9,8.2076,-0.0066,0.0685,0.4995,0.2585,0.5,0.0789,2.0307,1.5,1.5
26.917,8.2159,-0.0066,0.0725,0.4997,0.2605,0.5,0.0789,2.0307,1.5,1.5
26.917,8.2159,-0.0066,0.0725,0.4997,0.2605,0.5,0.1316,2.0307,1.5,1.5
26.917,8.2159,-0.0066,0.0725,0.4997,0.2605,0.5,0.1316,1.9814,1.5,1.5
26.95,8.2326,-0.0066,0.0808,0.4997,0.2667,0.5,0.1316,1.9814,1.5,1.5
26.95,8.2326,-0.0066,0.0808,0.4997,0.2667,0.5,0.1316,1.9814,1.5,1.5
26.967,8.241,-0.0065,0.085,0.4998,0.2685,0.5,0.1316,1.9814,1.5,1.5
26.967,8.241,-0.0065,0.085,0.4998,0.2685,0.5,0.1316,1.9814,1.5,1.5
26.967,8.241,-0.0065,0.085,0.4998,0.2685,0.5,0.1316,1.9814,1.5,1.5
27.0,8.2577,-0.0063,0.0936,0.4997,0.2742,0.5,0.1316,1.9814,1.5,1.5
27.017,8.2661,-0.0061,0.0979,0.4998,0.2762,0.5,0.1316,1.9814,1.5,1.5
27.017,8.2661,-0.0061,0.0979,0.4998,0.2762,0.5,0.0789,1.9194,1.5,1.5
27.033,8.2744,-0.0059,0.1021,0.4993,0.2648,0.5,0.0789,1.9194,1.5,1.5
27.033,8.2744,-0.0059,0.1021,0.4993,0.2648,0.5,0.0789,1.9194,1.5,1.5
27.033,8.2744,-0.0059,0.1021,0.4993,0.2648,0.5,0.1842,1.9194,1.5,1.5
27.067,8.2911,-0.0055,0.1107,0.4998,0.2817,0.5,0.1842,1.9194,1.5,1.5
27.083,8.2994,-0.0052,0.1151,0.4997,0.2833,0.5,0.1842,1.9194,1.5,1.5
27.083,8.2994,-0.0052,0.1151,0.4997,0.2833,0.5,0.1842,1.9194,1.5,1.5
27.083,8.2994,-0.0052,0.1151,0.4997,0.2833,0.5,0.1842,1.9194,1.5,1.5
27.117,8.3161,-0.0045,0.124,0.4991,0.288,0.5,0.1842,1.9194,1.5,1.5
27.117,8.3161,-0.0045,0.124,0.4991,0.288,0.5,0.1842,1.8798,1.5,1.5
27.133,8.3245,-0.0041,0.1285,0.498,0.2847,0.5,0.1842,1.8798,1.5,1.5
27.133,8.3245,-0.0041,0.1285,0.498,0.2847,0.5,0.1842,1.8798,1.5,1.5
27.167,8.3411,-0.0033,0.1375,0.4941,0.2752,0.5,0.1842,1.8798,1.5,1.5
27.167,8.3411,-0.0033,0.1375,0.4941,0.2752,0.5,0.1316,1.8798,1.5,1.5
27.183,8.3494,-0.0028,0.1421,0.4942,0.2943,0.5,0.1316,1.8798,1.5,1.5
27.183,8.3494,-0.0028,0.1421,0.4942,0.2943,0.5,0.1316,1.8798,1.5,1.5
27.2,8.3577,-0.0023,0.1468,0.4973,0.2995,0.5,0.1316,1.8798,1.5,1.5
27.2,8.3577,-0.0023,0.1468,0.4973,0.2995,0.5,0.1316,1.8798,1.5,1.5
27.233,8.3743,-0.0013,0.1565,0.501,0.3072,0.5,0.1316,1.8371,1.5,1.5
27.233,8.3743,-0.0013,0.1565,0.501,0.3072,0.5,0.1316,1.8371,1.5,1.5
27.25,8.3827,-0.0007,0.1615,0.5008,0.3122,0.5,0.1316,1.8371,1.5,1.5
27.25,8.3827,-0.0007,0.1615,0.5008,0.3122,0.5,0.1842,1.8371,1.5,1.5
27.25,8.3827,-0.0007,0.1615,0.5008,0.3122,0.5,0.1842,1.8371,1.5,1.5
27.283,8.3994,0.0006,0.1716,0.4974,0.3168,0.4737,0.0789,1.8371,1.5,1.5
27.283,8.3994,0.0006,0.1716,0.4974,0.3168,0.4737,0.0789,1.8371,1.5,1.5
27.3,8.4076,0.0013,0.1766,0.4964,0.3162,0.4737,0.0789,1.8371,1.5,1.5
27.3,8.4076,0.0013,0.1766,0.4964,0.3162,0.4737,0.0789,1.8371,1.5,1.5
27.333,8.4242,0.0028,0.1867,0.4949,0.3233,0.4737,0.0789,1.7615,1.5,1.5
27.333,8.4242,0.0028,0.1867,0.4949,0.3233,0.5,0.0263,1.7615,1.5,1.5
27.35,8.4324,0.0036,0.1917,0.4943,0.325,0.5,0.0263,1.7615,1.5,1.5
27.367,8.4407,0.0045,0.1968,0.4943,0.327,0.5,0.0789,1.7615,1.5,1.5
27.367,8.4407,0.0045,0.1968,0.4943,0.327,0.5,0.0789,1.7615,1.5,1.5
27.367,8.4407,0.0045,0.1968,0.4943,0.327,0.5,0.0789,1.7615,1.5,1.5
27.367,8.4407,0.0045,0.1968,0.4943,0.327,0.5,0.0789,1.7615,1.5,1.5
27.367,8.4407,0.0045,0.1968,0.4943,0.327,0.5,0.0789,1.7615,1.5,1.5
27.4,8.4572,0.0062,0.2074,0.4955,0.3294,0.5,0.0789,1.7615,1.5,1.5
27.417,8.4652,0.0072,0.2124,0.4747,0.2973,0.5,0.0789,1.7615,1.5,1.5
27.417,8.4652,0.0072,0.2124,0.4747,0.2973,0.5,0.0789,1.7426,1.3895,1.5
27.417,8.4652,0.0072,0.2124,0.4747,0.2973,0.5,0.0789,1.7426,1.3895,1.5
27.45,8.4809,0.0093,0.2211,0.4727,0.2468,0.5,0.0789,1.7426,1.3895,1.5
27.45,8.4809,0.0093,0.2211,0.4727,0.2468,0.5,0.0263,1.7426,1.3895,1.5
27.467,8.4889,0.0105,0.2248,0.4878,0.2193,0.5,0.0263,1.7426,1.3895,1.5
27.467,8.4889,0.0105,0.2248,0.4878,0.2193,0.5,0.0263,1.7426,1.3895,1.5
27.5,8.5052,0.0132,0.2319,0.5006,0.2171,0.5,0.0263,1.7426,1.3895,1.5
27.5,8.5052,0.0132,0.2319,0.5006,0.2171,0.5,-0.1337,1.7426,1.3895,1.5
27.517,8.5134,0.0146,0.2355,0.4963,0.211,0.5,-0.2937,1.7426,1.3895,1.5
27.533,8.5216,0.0161,0.2389,0.4991,0.2109,0.5,-0.4537,1.6424,1.3895,1.5
27.533,8.5216,0.0161,0.2389,0.4991,0.2109,0.5,-0.5,1.6424,1.3895,1.5
27.533,8.5216,0.0161,0.2389,0.4991,0.2109,0.5,-0.5,1.6424,1.3895,1.5
27.567,8.5379,0.0191,0.2457,0.4973,0.196,0.5,-0.5,1.6424,1.3895,1.5
27.567,8.5379,0.0191,0.2457,0.4973,0.196,0.4737,-0.4474,1.6424,1.3895,1.5
27.583,8.5461,0.0206,0.2489,0.498,0.1932,0.5,-0.5,1.6424,1.3895,1.5
27.583,8.5461,0.0206,0.2489,0.498,0.1932,0.5,-0.5,1.6424,1.3895,1.5
27.583,8.5461,0.0206,0.2489,0.498,0.1932,0.5,-0.5,1.6424,1.3895,1.5
27.617,8.5624,0.0239,0.2546,0.5006,0.1597,0.5,-0.5,1.6424,1.3895,1.5
27.633,8.5705,0.0258,0.2565,0.4989,0.0887,0.5,-0.5,1.5606,1.2649,1.5
27.633,8.5705,0.0258,0.2565,0.4989,0.0887,0.5,-0.5,1.5606,1.2649,1.5
27.633,8.5705,0.0258,0.2565,0.4989,0.0887,0.5,-0.5,1.5606,1.2649,1.5
27.667,8.5864,0.03,0.2558,0.4888,-0.0771,0.5,-0.5,1.5606,1.2649,1.5
27.667,8.5864,0.03,0.2558,0.4888,-0.0771,0.5,-0.5,1.5606,1.2649,1.5
27.683,8.5944,0.0324,0.2537,0.5066,-0.1407,0.5,-0.5,1.5606,1.2649,1.5
27.7,8.6025,0.035,0.2506,0.5236,-0.2049,0.5,-0.4474,1.5606,1.2649,1.5
27.7,8.6025,0.035,0.2506,0.5236,-0.2049,0.5,-0.4474,1.5606,1.2649,1.5
27.7,8.6025,0.035,0.2506,0.5236,-0.2049,0.5,-0.4474,1.5606,1.2649,1.5
27.733,8.6192,0.0405,0.242,0.5398,-0.2959,0.5,-0.2874,1.5196,1.2649,1.5
27.75,8.6276,0.0433,0.2369,0.5369,-0.3187,0.5,-0.1274,1.5196,1.2649,1.5
27.75,8.6276,0.0433,0.2369,0.5369,-0.3187,0.5,0.0326,1.5196,1.2649,1.5
27.75,8.6276,0.0433,0.2369,0.5369,-0.3187,0.5,0.0789,1.5196,1.2649,1.5
27.783,8.6442,0.049,0.2256,0.5303,-0.3496,0.5,0.0789,1.5196,1.2649,1.5
27.783,8.6442,0.049,0.2256,0.5303,-0.3496,0.5,0.0789,1.5196,1.2649,1.5
27.8,8.6525,0.0518,0.2196,0.5273,-0.3604,0.5,0.0789,1.5196,1.2649,1.5
27.8,8.6525,0.0518,0.2196,0.5273,-0.3604,0.5,0.0789,1.5196,1.2649,1.5
27.833,8.669,0.0573,0.2072,0.5236,-0.3759,0.5,0.0789,1.5405,1.2661,1.449
27.833,8.669,0.0573,0.2072,0.5236,-0.3759,0.5,0.1316,1.5405,1.2661,1.449
27.85,8.6772,0.06,0.2009,0.5157,-0.3663,0.5,0.1316,1.5405,1.2661,1.449
27.85,8.6772,0.06,0.2009,0.5157,-0.3663,0.5,0.1316,1.5405,1.2661,1.449
27.867,8.6854,0.0625,0.1951,0.5132,-0.3324,0.5,0.1316,1.5405,1.2661,1.449
27.867,8.6854,0.0625,0.1951,0.5132,-0.3324,0.5,0.1316,1.5405,1.2661,1.449
27.9,8.7014,0.0669,0.1869,0.4851,-0.1854,0.5,0.1316,1.5405,1.2661,1.449
27.9,8.7014,0.0669,0.1869,0.4851,-0.1854,0.5,0.1316,1.5405,1.2661,1.449
27.917,8.7094,0.0687,0.1844,0.4908,-0.1301,0.5,0.1316,1.5405,1.2661,1.449
27.917,8.7094,0.0687,0.1844,0.4908,-0.1301,0.5,0.1316,1.4876,1.2661,1.449
27.917,8.7094,0.0687,0.1844,0.4908,-0.1301,0.5,0.1316,1.4876,1.2661,1.449
27.95,8.7255,0.0721,0.1818,0.5035,-0.0394,0.5,0.1316,1.4876,1.2661,1.449
27.967,8.7336,0.0736,0.1817,0.5019,0.0308,0.5,0.1316,1.4876,1.2661,1.449
27.967,8.7336,0.0736,0.1817,0.5019,0.0308,0.5,0.1316,1.4876,1.2661,1.449
27.967,8.7336,0.0736,0.1817,0.5019,0.0308,0.5,0.1316,1.4876,1.2661,1.449
28.0,8.7501,0.0765,0.1831,0.5013,0.0557,0.5,0.1316,1.4876,1.2661,1.449
28.0,8.7501,0.0765,0.1831,0.5013,0.0557,0.5,0.1316,1.4876,1.2661,1.449
28.017,8.7583,0.0778,0.1839,0.5052,0.0574,0.5,0.1316,1.4876,1.2661,1.449
28.033,8.7666,0.0792,0.1849,0.5042,0.0539,0.5,0.1316,1.4193,1.4158,1.3504
28.033,8.7666,0.0792,0.1849,0.5042,0.0539,0.5,0.1316,1.4193,1.4158,1.3504
28.033,8.7666,0.0792,0.1849,0.5042,0.0539,0.5,0.1316,1.4193,1.4158,1.3504
28.033,8.7666,0.0792,0.1849,0.5042,0.0539,0.5,0.1316,1.4193,1.4158,1.3504
28.033,8.7666,0.0792,0.1849,0.5042,0.0539,0.5,0.1316,1.4193,1.4158,1.3504
28.067,8.783,0.0821,0.1866,0.5005,0.054,0.5,0.1316,1.4193,1.4158,1.3504
28.083,8.7912,0.0835,0.1875,0.5007,0.044,0.5,0.1316,1.4193,1.4158,1.3504
28.083,8.7912,0.0835,0.1875,0.5007,0.044,0.5,0.1316,1.4193,1.4158,1.3504
28.083,8.7912,0.0835,0.1875,0.5007,0.044,0.5,0.1316,1.4193,1.4158,1.3504
28.117,8.8076,0.0864,0.1891,0.5009,0.039,0.5,0.1316,1.4193,1.4158,1.3504
28.117,8.8076,0.0864,0.1891,0.5009,0.039,0.5,0.1316,1.385,1.4158,1.3504
28.133,8.8159,0.0878,0.19,0.4991,0.0314,0.4737,0.1316,1.385,1.4158,1.3504
28.133,8.8159,0.0878,0.19,0.4991,0.0314,0.4737,0.1316,1.385,1.4158,1.3504
28.167,8.8322,0.0907,0.1917,0.4986,0.039,0.4737,0.1316,1.385,1.4158,1.3504
28.167,8.8322,0.0907,0.1917,0.4986,0.039,0.5,0.1316,1.385,1.4158,1.3504
28.183,8.8404,0.0921,0.1927,0.4998,0.0536,0.5,0.0789,1.385,1.4158,1.3504
28.2,8.8487,0.0936,0.1938,0.5001,0.0429,0.5,0.0789,1.385,1.4158,1.3504
28.2,8.8487,0.0936,0.1938,0.5001,0.0429,0.5,0.0789,1.385,1.4158,1.3504
28.2,8.8487,0.0936,0.1938,0.5001,0.0429,0.5,0.0789,1.385,1.4158,1.3504
28.233,8.8651,0.0965,0.196,0.4991,0.0556,0.5,0.0789,1.3349,1.315,1.2559
28.233,8.8651,0.0965,0.196,0.4991,0.0556,0.5,0.0789,1.3349,1.315,1.2559
28.25,8.8733,0.0979,0.1971,0.4999,0.0514,0.5,0.0789,1.3349,1.315,1.2559
28.25,8.8733,0.0979,0.1971,0.4999,0.0514,0.5,0.0789,1.3349,1.315,1.2559
28.25,8.8733,0.0979,0.1971,0.4999,0.0514,0.5,0.0789,1.3349,1.315,1.2559
28.283,8.8891,0.1008,0.1996,0.473,0.0583,0.4737,0.0789,1.3349,1.315,1.2559
28.3,8.8971,0.1022,0.2009,0.4907,0.0625,0.4737,0.0789,1.3349,1.315,1.2559
28.3,8.8971,0.1022,0.2009,0.4907,0.0625,0.4737,0.0789,1.3349,1.315,1.2559
28.3,8.8971,0.1022,0.2009,0.4907,0.0625,0.4737,0.0789,1.3349,1.315,1.2559
28.333,8.9134,0.1051,0.2034,0.4975,0.069,0.4737,0.0789,1.2966,1.315,1.2559
28.333,8.9134,0.1051,0.2034,0.4975,0.069,0.5,0.1316,1.2966,1.315,1.2559
28.35,8.9216,0.1066,0.2047,0.4976,0.0719,0.5,0.1316,1.2966,1.315,1.2559
28.367,8.9298,0.1081,0.206,0.4964,0.0681,0.5,0.1316,1.2966,1.315,1.2559
28.367,8.9298,0.1081,0.206,0.4964,0.0681,0.5,0.1316,1.2966,1.315,1.2559
28.367,8.9298,0.1081,0.206,0.4964,0.0681,0.5,0.1316,1.2966,1.315,1.2559
28.4,8.9461,0.1112,0.2087,0.4961,0.0695,0.5,0.1316,1.2966,1.315,1.2559
28.4,8.9461,0.1112,0.2087,0.4961,0.0695,0.5,0.0789,1.2966,1.315,1.2559
28.417,8.9541,0.1126,0.2101,0.4824,0.0838,0.5,0.0789,1.2966,1.315,1.2559
28.417,8.9541,0.1126,0.2101,0.4824,0.0838,0.5,0.0789,1.247,1.2251,1.1571
28.417,8.9541,0.1126,0.2101,0.4824,0.0838,0.5,0.0789,1.247,1.2251,1.1571
28.45,8.9697,0.1156,0.2128,0.4758,0.0858,0.4737,0.0789,1.247,1.2251,1.1571
28.467,8.9777,0.1171,0.2144,0.493,0.0781,0.4737,0.0789,1.247,1.2251,1.1571
28.467,8.9777,0.1171,0.2144,0.493,0.0781,0.5,0.1316,1.247,1.2251,1.1571
28.467,8.9777,0.1171,0.2144,0.493,0.0781,0.5,0.1316,1.247,1.2251,1.1571
28.5,8.994,0.1201,0.2176,0.4982,0.0906,0.5,0.1316,1.247,1.2251,1.1571
28.5,8.994,0.1201,0.2176,0.4982,0.0906,0.4737,0.0789,1.247,1.2251,1.1571
28.517,9.0022,0.1217,0.2193,0.5001,0.097,0.4737,0.0789,1.247,1.2251,1.1571
28.533,9.0104,0.1232,0.2211,0.4996,0.1011,0.4737,0.0789,1.1871,1.2251,1.1571
28.533,9.0104,0.1232,0.2211,0.4996,0.1011,0.4737,0.0789,1.1871,1.2251,1.1571
28.533,9.0104,0.1232,0.2211,0.4996,0.1011,0.4737,0.0789,1.1871,1.2251,1.1571
28.567,9.0268,0.1264,0.2245,0.4989,0.1019,0.4737,0.0789,1.1871,1.2251,1.1571
28.583,9.035,0.128,0.2263,0.5004,0.1086,0.4737,0.0263,1.1871,1.2251,1.1571
28.583,9.035,0.128,0.2263,0.5004,0.1086,0.4474,0.0263,1.1871,1.2251,1.1571
28.583,9.035,0.128,0.2263,0.5004,0.1086,0.4474,0.0263,1.1871,1.2251,1.1571
28.617,9.0514,0.1312,0.23,0.4988,0.1031,0.4474,0.0263,1.1871,1.2251,1.1571
28.617,9.0514,0.1312,0.23,0.4988,0.1031,0.4474,0.0789,1.1618,1.2251,1.0604
28.633,9.0594,0.1329,0.2318,0.4831,0.1175,0.4474,0.0789,1.1618,1.1386,1.0604
28.633,9.0594,0.1329,0.2318,0.4831,0.1175,0.4737,-0.0263,1.1618,1.1386,1.0604
28.633,9.0594,0.1329,0.2318,0.4831,0.1175,0.4737,-0.0263,1.1618,1.1386,1.0604
28.667,9.075,0.136,0.2354,0.4761,0.1119,0.4474,0.0,1.1618,1.1386,1.0604
28.683,9.0828,0.1376,0.2372,0.475,0.1162,0.4474,0.0,1.1618,1.1386,1.0604
28.683,9.0828,0.1376,0.2372,0.475,0.1162,0.4474,0.0,1.1618,1.1386,1.0604
28.7,9.0906,0.1392,0.239,0.4748,0.1127,0.4474,0.0,1.1618,1.1386,1.0604
28.7,9.0906,0.1392,0.239,0.4748,0.1127,0.4474,0.0,1.1618,1.1386,1.0604
28.7,9.0906,0.1392,0.239,0.4748,0.1127,0.4474,0.0,1.1123,1.1386,1.0604
28.733,9.1055,0.1424,0.2422,0.4501,0.1081,0.4474,-0.0263,1.1123,1.1386,1.0604
28.75,9.1128,0.1439,0.2438,0.4474,0.1019,0.4474,-0.0263,1.1123,1.1386,1.0604
28.75,9.1128,0.1439,0.2438,0.4474,0.1019,0.4474,-0.0263,1.1123,1.1386,1.0604
28.75,9.1128,0.1439,0.2438,0.4474,0.1019,0.4474,-0.0263,1.1123,1.1386,1.0604
28.783,9.1275,0.1471,0.2469,0.4599,0.1098,0.4474,-0.0263,1.1123,1.1386,1.0604
28.783,9.1275,0.1471,0.2469,0.4599,0.1098,0.4211,0.0,1.1123,1.1386,1.0604
28.8,9.1349,0.1488,0.2484,0.4511,0.1015,0.4211,0.0,1.1123,1.1386,1.0604
28.8,9.1349,0.1488,0.2484,0.4511,0.1015,0.4211,0.0,1.1123,1.1386,1.0604
28.833,9.1495,0.1521,0.251,0.4489,0.1034,0.4211,0.0,1.0701,1.0585,0.9645
28.833,9.1495,0.1521,0.251,0.4489,0.1034,0.4211,0.0,1.0701,1.0585,0.9645
28.85,9.1568,0.1538,0.2522,0.4477,0.0867,0.4211,0.0,1.0701,1.0585,0.9645
28.85,9.1568,0.1538,0.2522,0.4477,0.0867,0.4211,0.0,1.0701,1.0585,0.9645
28.867,9.1641,0.1555,0.2533,0.4465,0.0747,0.4211,-0.0263,1.0701,1.0585,0.9645
28.867,9.1641,0.1555,0.2533,0.4465,0.0747,0.4211,-0.0263,1.0701,1.0585,0.9645
28.867,9.1641,0.1555,0.2533,0.4465,0.0747,0.4211,-0.0263,1.0701,1.0585,0.9645
28.9,9.1786,0.159,0.2552,0.4487,0.058,0.3684,0.0,1.0701,1.0585,0.9645
28.917,9.1858,0.1607,0.2559,0.4462,0.0566,0.3684,0.0,1.0701,1.0585,0.9645
28.917,9.1858,0.1607,0.2559,0.4462,0.0566,0.3684,0.0263,1.0242,1.0585,0.9645
28.917,9.1858,0.1607,0.2559,0.4462,0.0566,0.3684,0.0263,1.0242,1.0585,0.9645
28.95,9.1997,0.1641,0.2574,0.4196,0.0666,0.3947,-0.1316,1.0242,1.0585,0.9645
28.967,9.2065,0.1658,0.2582,0.4223,0.049,0.3947,-0.1316,1.0242,1.0585,0.9645
28.967,9.2065,0.1658,0.2582,0.4223,0.049,0.3947,-0.1316,1.0242,1.0585,0.9645
28.967,9.2065,0.1658,0.2582,0.4223,0.049,0.3947,-0.1316,1.0242,1.0585,0.9645
29.0,9.2201,0.1692,0.2596,0.4208,0.0489,0.3947,-0.1316,1.0242,1.0585,0.9645
29.0,9.2201,0.1692,0.2596,0.4208,0.0489,0.3684,0.0263,1.0242,1.0585,0.9645
29.017,9.2269,0.1709,0.2602,0.42,0.0473,0.3421,0.0,1.0242,1.0585,0.9645
29.033,9.2337,0.1727,0.2607,0.421,0.0436,0.3421,0.0,0.9954,1.0204,0.8757
29.033,9.2337,0.1727,0.2607,0.421,0.0436,0.3684,-0.0263,0.9954,1.0204,0.8757
29.033,9.2337,0.1727,0.2607,0.421,0.0436,0.3684,-0.0263,0.9954,1.0204,0.8757
29.067,9.2462,0.1758,0.2619,0.3714,0.0366,0.3684,-0.0263,0.9954,1.0204,0.8757
29.067,9.2462,0.1758,0.2619,0.3714,0.0366,0.3684,0.0,0.9954,1.0204,0.8757
29.083,9.2522,0.1773,0.2625,0.3689,0.0349,0.3684,-0.1316,0.9954,1.0204,0.8757
29.083,9.2522,0.1773,0.2625,0.3689,0.0349,0.3684,-0.1316,0.9954,1.0204,0.8757
29.083,9.2522,0.1773,0.2625,0.3689,0.0349,0.3684,0.0,0.9954,1.0204,0.8757
29.117,9.2646,0.1807,0.2622,0.3936,-0.0153,0.3684,0.0,0.9954,1.0204,0.8757
29.133,9.2707,0.1823,0.2624,0.3739,0.032,0.3684,0.0,0.9671,1.0204,0.8757
29.133,9.2707,0.1823,0.2624,0.3739,0.032,0.3421,0.0263,0.9671,1.0204,0.8757
29.133,9.2707,0.1823,0.2624,0.3739,0.032,0.3421,0.0263,0.9671,1.0204,0.8757
29.167,9.282,0.1853,0.263,0.3434,0.0213,0.3421,0.0263,0.9671,1.0204,0.8757
29.167,9.282,0.1853,0.263,0.3434,0.0213,0.3421,-0.0789,0.9671,1.0204,0.8757
29.183,9.2878,0.1868,0.2632,0.3615,0.0216,0.3421,-0.0263,0.9671,1.0204,0.8757
29.2,9.2936,0.1883,0.2634,0.3666,0.0159,0.3421,-0.0263,0.9671,1.0204,0.8757
29.2,9.2936,0.1883,0.2634,0.3666,0.0159,0.3421,0.0,0.9671,1.0204,0.8757
29.2,9.2936,0.1883,0.2634,0.3666,0.0159,0.3421,0.0,0.9671,1.0204,0.8757
29.233,9.3055,0.1916,0.2626,0.3704,-0.0402,0.3421,0.0,0.937,1.5,0.796
29.233,9.3055,0.1916,0.2626,0.3704,-0.0402,0.3421,0.0,0.937,1.5,0.796
29.25,9.3114,0.1933,0.2624,0.3675,0.0211,0.3421,0.0,0.937,1.5,0.796
29.25,9.3114,0.1933,0.2624,0.3675,0.0211,0.3421,0.0,0.937,1.5,0.796
29.25,9.3114,0.1933,0.2624,0.3675,0.0211,0.3421,0.0,0.937,1.5,0.796
29.283,9.3226,0.1962,0.2627,0.3429,-0.002,0.3158,0.0,0.937,1.5,0.796
29.3,9.3282,0.1978,0.2625,0.3418,0.0002,0.3158,0.0,0.937,1.5,0.796
29.3,9.3282,0.1978,0.2625,0.3418,0.0002,0.3158,0.0,0.937,1.5,0.796
29.3,9.3282,0.1978,0.2625,0.3418,0.0002,0.3158,0.0,0.937,1.5,0.796
29.333,9.3392,0.2007,0.2624,0.3421,0.0033,0.3158,-0.0263,0.9214,1.5,0.796
29.35,9.3447,0.2022,0.2624,0.342,-0.0032,0.3158,-0.0263,0.9214,1.5,0.796
29.35,9.3447,0.2022,0.2624,0.342,-0.0032,0.3158,0.0,0.9214,1.5,0.796
29.367,9.3502,0.2037,0.2624,0.3421,0.0005,0.3158,0.0,0.9214,1.5,0.796
29.367,9.3502,0.2037,0.2624,0.3421,0.0005,0.3158,0.0,0.9214,1.5,0.796
29.367,9.3502,0.2037,0.2624,0.3421,0.0005,0.3158,0.0,0.9214,1.5,0.796
29.4,9.3612,0.2067,0.2624,0.3421,-0.0001,0.3158,0.0,0.9214,1.5,0.796
29.4,9.3612,0.2067,0.2624,0.3421,-0.0001,0.3158,0.0,0.9214,1.5,0.796
29.4,9.3612,0.2067,0.2624,0.3421,-0.0001,0.3158,0.0,0.9214,1.5,0.796
29.417,9.3667,0.2081,0.2624,0.3421,-0.0003,0.3158,0.0,0.8941,1.5,0.7325
29.417,9.3667,0.2081,0.2624,0.3421,-0.0003,0.3158,0.0,0.8941,1.5,0.7325
29.45,9.3771,0.211,0.2623,0.317,0.0056,0.3158,0.0,0.8941,1.5,0.7325
29.45,9.3771,0.211,0.2623,0.317,0.0056,0.2895,0.0,0.8941,1.5,0.7325
29.467,9.3822,0.2123,0.2623,0.3162,-0.005,0.2895,0.0,0.8941,1.5,0.7325
29.467,9.3822,0.2123,0.2623,0.3162,-0.005,0.2895,-0.0789,0.8941,1.5,0.7325
29.467,9.3822,0.2123,0.2623,0.3162,-0.005,0.2895,-0.0789,0.8941,1.5,0.7325
29.5,9.3924,0.2151,0.2623,0.3159,-0.0021,0.2895,-0.0263,0.8941,1.5,0.7325
29.517,9.3975,0.2164,0.2623,0.3159,-0.0006,0.2895,-0.0263,0.8941,1.5,0.7325
29.517,9.3975,0.2164,0.2623,0.3159,-0.0006,0.2895,0.0,0.8914,1.5,0.7325
29.533,9.4026,0.2178,0.2623,0.3159,-0.0012,0.2895,0.0,0.8914,1.5,0.7325
29.533,9.4026,0.2178,0.2623,0.3159,-0.0012,0.2895,0.0,0.8914,1.5,0.7325
29.533,9.4026,0.2178,0.2623,0.3159,-0.0012,0.2895,0.0,0.8914,1.5,0.7325
29.567,9.4128,0.2205,0.2623,0.316,-0.001,0.2895,0.0,0.8914,1.5,0.7325
29.583,9.4179,0.2219,0.2623,0.316,-0.0012,0.2895,0.0,0.8914,1.5,0.7325
29.583,9.4179,0.2219,0.2623,0.316,-0.0012,0.2895,0.0,0.8914,1.5,0.7325
29.583,9.4179,0.2219,0.2623,0.316,-0.0012,0.2895,0.0,0.8914,1.5,0.7325
29.617,9.4274,0.2245,0.2621,0.2908,-0.0005,0.2895,0.0,0.8914,1.5,0.7325
29.633,9.4321,0.2258,0.262,0.29,0.0009,0.2632,-0.0263,0.8641,1.445,0.6731
29.633,9.4321,0.2258,0.262,0.29,0.0009,0.2632,0.0,0.8641,1.445,0.6731
29.633,9.4321,0.2258,0.262,0.29,0.0009,0.2632,0.0,0.8641,1.445,0.6731
29.633,9.4321,0.2258,0.262,0.29,0.0009,0.2632,0.0,0.8641,1.445,0.6731
29.667,9.4414,0.2283,0.2618,0.2898,-0.0063,0.2632,-0.0263,0.8641,1.445,0.6731
29.683,9.4461,0.2296,0.2618,0.2898,-0.0035,0.2632,-0.0263,0.8641,1.445,0.6731
29.683,9.4461,0.2296,0.2618,0.2898,-0.0035,0.2632,0.0263,0.8641,1.445,0.6731
29.7,9.4508,0.2308,0.2618,0.2898,-0.0051,0.2632,0.0,0.8641,1.445,0.6731
29.7,9.4508,0.2308,0.2618,0.2898,-0.0051,0.2632,0.0,0.8641,1.445,0.6731
29.733,9.4601,0.2333,0.2617,0.2898,-0.0041,0.2632,0.0,0.8539,1.445,0.6731
29.733,9.4601,0.2333,0.2617,0.2898,-0.0041,0.2632,0.0,0.8539,1.445,0.6731
29.75,9.4648,0.2346,0.2617,0.2898,-0.0035,0.2632,0.0,0.8539,1.445,0.6731
29.75,9.4648,0.2346,0.2617,0.2898,-0.0035,0.2632,0.0,0.8539,1.445,0.6731
29.75,9.4648,0.2346,0.2617,0.2898,-0.0035,0.2632,0.0,0.8539,1.445,0.6731
29.783,9.4735,0.237,0.2616,0.2646,-0.0033,0.2895,-0.1316,0.8539,1.445,0.6731
29.8,9.4778,0.2381,0.2615,0.2637,0.003,0.2895,-0.1316,0.8539,1.445,0.6731
29.8,9.4778,0.2381,0.2615,0.2637,0.003,0.2632,-0.0263,0.8539,1.445,0.6731
29.8,9.4778,0.2381,0.2615,0.2637,0.003,0.2632,-0.0263,0.8539,1.445,0.6731
29.833,9.4863,0.2404,0.2614,0.2634,-0.0117,0.2632,-0.0263,1.5295,1.387,0.6189
29.833,9.4863,0.2404,0.2614,0.2634,-0.0117,0.2368,-0.0789,1.5295,1.387,0.6189
29.85,9.4905,0.2415,0.2614,0.2636,0.0017,0.2368,-0.0789,1.5295,1.387,0.6189
29.867,9.4947,0.2427,0.2614,0.2635,-0.0064,0.2632,0.0789,1.5295,1.387,0.6189
29.867,9.4947,0.2427,0.2614,0.2635,-0.0064,0.2632,0.0789,1.5295,1.387,0.6189
29.867,9.4947,0.2427,0.2614,0.2635,-0.0064,0.2632,0.0789,1.5295,1.387,0.6189
29.9,9.5032,0.245,0.2613,0.2635,-0.0041,0.2632,0.0789,1.5295,1.387,0.6189
29.9,9.5032,0.245,0.2613,0.2635,-0.0041,0.2632,0.0789,1.5295,1.387,0.6189
29.917,9.5075,0.2461,0.2613,0.2635,-0.0021,0.2632,0.0789,1.5295,1.387,0.6189
29.917,9.5075,0.2461,0.2613,0.2635,-0.0021,0.2368,0.0789,1.5096,1.387,0.6189
29.917,9.5075,0.2461,0.2613,0.2635,-0.0021,0.2368,0.0789,1.5096,1.387,0.6189
29.95,9.5159,0.2484,0.2611,0.2635,-0.0012,0.2368,0.0789,1.5096,1.387,0.6189
29.967,9.52,0.2495,0.2608,0.2487,0.0023,0.2368,0.0789,1.5096,1.387,0.6189
29.967,9.52,0.2495,0.2608,0.2487,0.0023,0.2368,0.0,1.5096,1.387,0.6189
29.967,9.52,0.2495,0.2608,0.2487,0.0023,0.2368,0.0,1.5096,1.387,0.6189
30.0,9.5279,0.2517,0.2606,0.2523,-0.0144,0.2368,0.0,1.5096,1.387,0.6189
30.0,9.5279,0.2517,0.2606,0.2523,-0.0144,0.2368,0.0,1.5096,1.387,0.6189
30.017,9.5321,0.2528,0.2607,0.2602,-0.0004,0.2368,-0.0263,1.5096,1.387,0.6189
30.033,9.5363,0.2538,0.2609,0.2627,-0.0024,0.2368,-0.0263,1.4748,1.3356,0.5814
30.033,9.5363,0.2538,0.2609,0.2627,-0.0024,0.2368,-0.0789,1.4748,1.3356,0.5814
30.033,9.5363,0.2538,0.2609,0.2627,-0.0024,0.2368,-0.0789,1.4748,1.3356,0.5814
30.067,9.5446,0.256,0.2614,0.2425,0.0007,0.2368,-0.0789,1.4748,1.3356,0.5814
30.067,9.5446,0.256,0.2614,0.2425,0.0007,0.2368,-0.0263,1.4748,1.3356,0.5814
30.083,9.5485,0.257,0.2616,0.2382,0.0017,0.2368,-0.0263,1.4748,1.3356,0.5814
30.083,9.5485,0.257,0.2616,0.2382,0.0017,0.2368,-0.0263,1.4748,1.3356,0.5814
30.083,9.5485,0.257,0.2616,0.2382,0.0017,0.2368,-0.0263,1.4748,1.3356,0.5814
30.117,9.5561,0.259,0.2617,0.2371,0.0032,0.2368,-0.0789,1.4748,1.3356,0.5814
30.133,9.5599,0.26,0.2618,0.2371,0.0035,0.2368,-0.0789,1.4642,1.3356,0.5814
30.133,9.5599,0.26,0.2618,0.2371,0.0035,0.2368,-0.0789,1.4642,1.3356,0.5814
30.133,9.5599,0.26,0.2618,0.2371,0.0035,0.2368,-0.0789,1.4642,1.3356,0.5814
30.167,9.5676,0.2621,0.2617,0.237,0.0072,0.2368,-0.0789,1.4642,1.3356,0.5814
30.167,9.5676,0.2621,0.2617,0.237,0.0072,0.2368,-0.1316,1.4642,1.3356,0.5814
30.183,9.5714,0.2631,0.2616,0.237,0.0002,0.2368,-0.1316,1.4642,1.3356,0.5814
30.2,9.5752,0.2642,0.2613,0.2371,-0.0006,0.2368,-0.1316,1.4642,1.3356,0.5814
30.2,9.5752,0.2642,0.2613,0.2371,-0.0006,0.2105,-0.0263,1.4642,1.3356,0.5814
30.2,9.5752,0.2642,0.2613,0.2371,-0.0006,0.2105,-0.0263,1.4642,1.3356,0.5814
30.233,9.5828,0.2663,0.2612,0.237,0.0005,0.2105,-0.0263,1.4361,1.2866,0.5547
30.233,9.5828,0.2663,0.2612,0.237,0.0005,0.2105,-0.0263,1.4361,1.2866,0.5547
30.233,9.5828,0.2663,0.2612,0.237,0.0005,0.2105,-0.0263,1.4361,1.2866,0.5547
30.25,9.5866,0.2673,0.2611,0.2369,0.0022,0.2105,-0.0263,1.4361,1.2866,0.5547
30.25,9.5866,0.2673,0.2611,0.2369,0.0022,0.2105,-0.0263,1.4361,1.2866,0.5547
30.25,9.5866,0.2673,0.2611,0.2369,0.0022,0.2105,-0.0263,1.4361,1.2866,0.5547
30.283,9.5942,0.2694,0.2606,0.2372,-0.0052,0.2105,-0.0263,1.4361,1.2866,0.5547
30.3,9.5981,0.2705,0.2601,0.2398,-0.0109,0.2105,-0.0263,1.4361,1.2866,0.5547
30.3,9.5981,0.2705,0.2601,0.2398,-0.0109,0.2105,-0.0263,1.4361,1.2866,0.5547
30.3,9.5981,0.2705,0.2601,0.2398,-0.0109,0.2105,-0.0263,1.4361,1.2866,0.5547
30.333,9.6055,0.2726,0.2593,0.2175,0.0035,0.1842,0.0263,1.3967,1.2866,0.5547
30.333,9.6055,0.2726,0.2593,0.2175,0.0035,0.1842,0.0789,1.3967,1.2866,0.5547
30.35,9.6089,0.2736,0.2591,0.2121,-0.0156,0.1842,0.0789,1.3967,1.2866,0.5547
30.367,9.6123,0.2745,0.2588,0.2109,-0.004,0.1842,0.0789,1.3967,1.2866,0.5547
30.367,9.6123,0.2745,0.2588,0.2109,-0.004,0.1842,0.0789,1.3967,1.2866,0.5547
30.367,9.6123,0.2745,0.2588,0.2109,-0.004,0.1842,0.0789,1.3967,1.2866,0.5547
30.4,9.6191,0.2764,0.2584,0.2106,-0.0083,0.1842,0.0789,1.3967,1.2866,0.5547
30.4,9.6191,0.2764,0.2584,0.2106,-0.0083,0.2105,-0.0811,1.3967,1.2866,0.5547
30.417,9.6225,0.2773,0.2581,0.2106,-0.0112,0.2105,-0.1316,1.3967,1.2866,0.5547
30.417,9.6225,0.2773,0.2581,0.2106,-0.0112,0.2105,-0.1316,1.3948,1.2411,0.5306
30.417,9.6225,0.2773,0.2581,0.2106,-0.0112,0.2105,-0.1316,1.3948,1.2411,0.5306
30.45,9.6293,0.2792,0.2577,0.2105,-0.0109,0.1842,0.0,1.3948,1.2411,0.5306
30.467,9.6324,0.28,0.2577,0.1892,-0.0045,0.1579,-0.0263,1.3948,1.2411,0.5306
30.467,9.6324,0.28,0.2577,0.1892,-0.0045,0.2105,-0.0263,1.3948,1.2411,0.5306
30.467,9.6324,0.28,0.2577,0.1892,-0.0045,0.2105,-0.0263,1.3948,1.2411,0.5306
30.5,9.6385,0.2815,0.258,0.1843,-0.0076,0.2105,-0.0789,1.3948,1.2411,0.5306
30.517,9.6414,0.2823,0.2581,0.1842,-0.0044,0.2105,-0.0789,1.3948,1.2411,0.5306
30.517,9.6414,0.2823,0.2581,0.1842,-0.0044,0.2105,-0.0789,1.3948,1.2411,0.5306
30.533,9.6444,0.2831,0.2583,0.1841,-0.0046,0.1842,0.0,1.3593,1.2411,0.5306
30.533,9.6444,0.2831,0.2583,0.1841,-0.0046,0.1842,0.0,1.3593,1.2411,0.5306
30.533,9.6444,0.2831,0.2583,0.1841,-0.0046,0.1842,0.0,1.3593,1.2411,0.5306
30.567,9.6508,0.2849,0.2574,0.2088,-0.0169,0.1842,0.0,1.3593,1.2411,0.5306
30.583,9.6542,0.2859,0.2567,0.2106,-0.0369,0.1842,0.0,1.3593,1.2411,0.5306
30.583,9.6542,0.2859,0.2567,0.2106,-0.0369,0.1842,0.0789,1.3593,1.2411,0.5306
30.583,9.6542,0.2859,0.2567,0.2106,-0.0369,0.1842,0.0789,1.3593,1.2411,0.5306
30.583,9.6542,0.2859,0.2567,0.2106,-0.0369,0.1842,0.0789,1.3593,1.2411,0.5306
30.617,9.6602,0.2876,0.2562,0.2023,-0.0198,0.1842,0.0789,1.3593,1.2411,0.5306
30.617,9.6602,0.2876,0.2562,0.2023,-0.0198,0.1842,0.0789,1.346,1.2021,0.5062
30.633,9.6635,0.2885,0.2557,0.2091,-0.0107,0.1842,0.0789,1.346,1.2021,0.5062
30.633,9.6635,0.2885,0.2557,0.2091,-0.0107,0.1842,0.0789,1.346,1.2021,0.5062
30.633,9.6635,0.2885,0.2557,0.2091,-0.0107,0.1842,0.0789,1.346,1.2021,0.5062
30.633,9.6635,0.2885,0.2557,0.2091,-0.0107,0.1842,0.0789,1.346,1.2021,0.5062
30.667,9.6701,0.2903,0.2551,0.1895,-0.018,0.1842,0.0789,1.346,1.2021,0.5062
30.667,9.6701,0.2903,0.2551,0.1895,-0.018,0.1842,0.0,1.346,1.2021,0.5062
30.683,9.6731,0.2911,0.2549,0.1853,-0.0138,0.1842,0.0,1.346,1.2021,0.5062
30.7,9.6761,0.2919,0.255,0.1836,-0.0044,0.1842,0.0,1.346,1.2021,0.5062
30.7,9.6761,0.2919,0.255,0.1836,-0.0044,0.1579,-0.0263,1.346,1.2021,0.5062
30.7,9.6761,0.2919,0.255,0.1836,-0.0044,0.1579,-0.0263,1.346,1.2021,0.5062
30.733,9.682,0.2934,0.2552,0.1841,0.0044,0.1579,-0.0263,1.321,1.2021,0.5062
30.733,9.682,0.2934,0.2552,0.1841,0.0044,0.1579,0.0,1.321,1.2021,0.5062
30.75,9.685,0.2941,0.2554,0.1853,0.0014,0.1579,0.0,1.321,1.2021,0.5062
30.75,9.685,0.2941,0.2554,0.1853,0.0014,0.1579,0.0,1.321,1.2021,0.5062
30.783,9.691,0.2956,0.2558,0.1857,0.0029,0.1579,0.0,1.321,1.2021,0.5062
30.783,9.691,0.2956,0.2558,0.1857,0.0029,0.1579,0.0,1.321,1.2021,0.5062
30.8,9.6939,0.2964,0.2558,0.1843,-0.0082,0.1579,0.0,1.321,1.2021,0.5062
30.8,9.6939,0.2964,0.2558,0.1843,-0.0082,0.1579,0.0,1.321,1.2021,0.5062
30.8,9.6939,0.2964,0.2558,0.1843,-0.0082,0.1579,0.0,1.321,1.2021,0.5062
30.833,9.6999,0.298,0.2557,0.1843,-0.0055,0.1579,0.0,1.3103,1.1651,1.2275
30.833,9.6999,0.298,0.2557,0.1843,-0.0055,0.1579,0.0,1.3103,1.1651,1.2275
30.85,9.7026,0.2987,0.2556,0.1634,0.0039,0.1579,0.0,1.3103,1.1651,1.2275
30.867,9.7052,0.2994,0.2556,0.1589,-0.0021,0.1579,0.0,1.3103,1.1651,1.2275
30.867,9.7052,0.2994,0.2556,0.1589,-0.0021,0.1579,0.0789,1.3103,1.1651,1.2275
30.867,9.7052,0.2994,0.2556,0.1589,-0.0021,0.1579,0.0789,1.3103,1.1651,1.2275
30.9,9.7103,0.3008,0.2555,0.1579,-0.003,0.1579,0.0789,1.3103,1.1651,1.2275
30.9,9.7103,0.3008,0.2555,0.1579,-0.003,0.1579,0.0789,1.3103,1.1651,1.2275
30.917,9.7129,0.3014,0.2554,0.1579,-0.0038,0.1579,0.0789,1.3103,1.1651,1.2275
30.917,9.7129,0.3014,0.2554,0.1579,-0.0038,0.1579,0.0789,1.3103,1.1651,1.2275
30.917,9.7129,0.3014,0.2554,0.1579,-0.0038,0.1579,0.0789,1.2896,1.1651,1.2275
30.917,9.7129,0.3014,0.2554,0.1579,-0.0038,0.1579,0.0789,1.2896,1.1651,1.2275
30.95,9.718,0.3028,0.2554,0.1579,-0.0035,0.1579,0.0789,1.2896,1.1651,1.2275
30.95,9.718,0.3028,0.2554,0.1579,-0.0035,0.1842,-0.0811,1.2896,1.1651,1.2275
30.967,9.7205,0.3034,0.2553,0.1578,-0.0033,0.1842,-0.1316,1.2896,1.1651,1.2275
30.967,9.7205,0.3034,0.2553,0.1578,-0.0033,0.1842,-0.1316,1.2896,1.1651,1.2275
31.0,9.7256,0.3047,0.2555,0.1578,-0.0017,0.1842,-0.1316,1.2896,1.1651,1.2275
31.0,9.7256,0.3047,0.2555,0.1578,-0.0017,0.1842,-0.1316,1.2896,1.1651,1.2275
31.017,9.7282,0.3054,0.2557,0.158,-0.0016,0.1842,-0.1316,1.2896,1.1651,1.2275
31.033,9.7307,0.306,0.2559,0.1577,0.0,0.1842,-0.1316,1.2809,1.1335,1.1969
31.033,9.7307,0.306,0.2559,0.1577,0.0,0.1842,-0.1316,1.2809,1.1335,1.1969
31.033,9.7307,0.306,0.2559,0.1577,0.0,0.1842,-0.1316,1.2809,1.1335,1.1969
31.067,9.7358,0.3073,0.2563,0.1582,-0.0001,0.1842,-0.1316,1.2809,1.1335,1.1969
31.067,9.7358,0.3073,0.2563,0.1582,-0.0001,0.1579,-0.0263,1.2809,1.1335,1.1969
31.083,9.7384,0.3079,0.2566,0.1581,0.0022,0.1579,-0.0263,1.2809,1.1335,1.1969
31.083,9.7384,0.3079,0.2566,0.1581,0.0022,0.1579,-0.0263,1.2809,1.1335,1.1969
31.083,9.7384,0.3079,0.2566,0.1581,0.0022,0.1579,-0.1316,1.2809,1.1335,1.1969
31.117,9.7439,0.3095,0.2559,0.1734,-0.0071,0.1579,-0.0789,1.2809,1.1335,1.1969
31.133,9.7468,0.3103,0.2555,0.1805,-0.0195,0.1579,-0.0789,1.2568,1.1335,1.1969
31.133,9.7468,0.3103,0.2555,0.1805,-0.0195,0.1579,-0.0789,1.2568,1.1335,1.1969
31.133,9.7468,0.3103,0.2555,0.1805,-0.0195,0.1579,-0.0789,1.2568,1.1335,1.1969
31.167,9.7526,0.312,0.2542,0.1805,-0.0468,0.1579,-0.0789,1.2568,1.1335,1.1969
31.167,9.7526,0.312,0.2542,0.1805,-0.0468,0.1579,-0.0789,1.2568,1.1335,1.1969
31.167,9.7526,0.312,0.2542,0.1805,-0.0468,0.1579,-0.0789,1.2568,1.1335,1.1969
31.183,9.7555,0.3129,0.2534,0.1864,-0.0574,0.1579,-0.0789,1.2568,1.1335,1.1969
31.2,9.7585,0.3138,0.2526,0.1887,-0.0459,0.1579,-0.0789,1.2568,1.1335,1.1969
31.2,9.7585,0.3138,0.2526,0.1887,-0.0459,0.1579,-0.0789,1.2568,1.1335,1.1969
31.2,9.7585,0.3138,0.2526,0.1887,-0.0459,0.1579,-0.0789,1.2568,1.1335,1.1969
31.233,9.7639,0.3153,0.2517,0.1576,-0.0252,0.1579,-0.0789,1.2378,1.0998,1.1671
31.233,9.7639,0.3153,0.2517,0.1576,-0.0252,0.1579,-0.1316,1.2378,1.0998,1.1671
31.25,9.7664,0.3161,0.2512,0.1592,-0.0092,0.1579,-0.1316,1.2378,1.0998,1.1671
31.25,9.7664,0.3161,0.2512,0.1592,-0.0092,0.1579,-0.1316,1.2378,1.0998,1.1671
31.25,9.7664,0.3161,0.2512,0.1592,-0.0092,0.1579,-0.1316,1.2378,1.0998,1.1671
31.283,9.7715,0.3175,0.2504,0.1593,-0.0155,0.1579,-0.1316,1.2378,1.0998,1.1671
31.3,9.774,0.3182,0.25,0.1593,-0.0226,0.1579,-0.1316,1.2378,1.0998,1.1671
31.3,9.774,0.3182,0.25,0.1593,-0.0226,0.1579,-0.1316,1.2378,1.0998,1.1671
31.3,9.774,0.3182,0.25,0.1593,-0.0226,0.1579,-0.1316,1.2378,1.0998,1.1671
31.333,9.7791,0.3196,0.2491,0.1578,-0.0226,0.1316,0.0,1.2241,1.0998,1.1671
31.333,9.7791,0.3196,0.2491,0.1578,-0.0226,0.1316,0.0,1.2241,1.0998,1.1671
31.35,9.7817,0.3204,0.2486,0.1596,-0.0138,0.1316,0.0,1.2241,1.0998,1.1671
31.367,9.7842,0.3211,0.2481,0.1604,-0.0369,0.1316,0.0,1.2241,1.0998,1.1671
31.367,9.7842,0.3211,0.2481,0.1604,-0.0369,0.1579,-0.1316,1.2241,1.0998,1.1671
31.367,9.7842,0.3211,0.2481,0.1604,-0.0369,0.1579,-0.1316,1.2241,1.0998,1.1671
31.4,9.7893,0.3226,0.2466,0.1607,-0.0335,0.1579,-0.1316,1.2241,1.0998,1.1671
31.4,9.7893,0.3226,0.2466,0.1607,-0.0335,0.1316,-0.0263,1.2241,1.0998,1.1671
31.417,9.7919,0.3234,0.2458,0.1595,-0.0517,0.1316,-0.0263,1.2241,1.0998,1.1671
31.417,9.7919,0.3234,0.2458,0.1595,-0.0517,0.1316,-0.0263,1.2241,1.0998,1.1671
31.417,9.7919,0.3234,0.2458,0.1595,-0.0517,0.1316,-0.0263,1.215,1.0677,1.1374
31.417,9.7919,0.3234,0.2458,0.1595,-0.0517,0.1316,-0.0263,1.215,1.0677,1.1374
31.45,9.797,0.3249,0.2441,0.1636,-0.0258,0.1053,0.0,1.215,1.0677,1.1374
31.467,9.7994,0.3256,0.2437,0.1379,-0.0268,0.1053,0.0,1.215,1.0677,1.1374
31.467,9.7994,0.3256,0.2437,0.1379,-0.0268,0.1053,0.0,1.215,1.0677,1.1374
31.467,9.7994,0.3256,0.2437,0.1379,-0.0268,0.1053,0.0,1.215,1.0677,1.1374
31.5,9.8039,0.3269,0.2426,0.1552,-0.0375,0.1053,0.0,1.215,1.0677,1.1374
31.5,9.8039,0.3269,0.2426,0.1552,-0.0375,0.1053,0.0789,1.215,1.0677,1.1374
31.517,9.8064,0.3276,0.2418,0.1614,-0.0432,0.1053,0.0789,1.215,1.0677,1.1374
31.533,9.8088,0.3283,0.2412,0.1393,-0.0193,0.1053,0.0789,1.2029,1.0677,1.1374
31.533,9.8088,0.3283,0.2412,0.1393,-0.0193,0.1316,-0.0789,1.2029,1.0677,1.1374
31.533,9.8088,0.3283,0.2412,0.1393,-0.0193,0.1316,-0.0789,1.2029,1.0677,1.1374
31.567,9.8131,0.3295,0.2402,0.1324,-0.0238,0.1316,-0.0789,1.2029,1.0677,1.1374
31.567,9.8131,0.3295,0.2402,0.1324,-0.0238,0.1316,-0.0789,1.2029,1.0677,1.1374
31.583,9.8152,0.3301,0.2398,0.132,-0.0341,0.1316,-0.1316,1.2029,1.0677,1.1374
31.583,9.8152,0.3301,0.2398,0.132,-0.0341,0.1316,-0.1316,1.2029,1.0677,1.1374
31.617,9.8189,0.3311,0.2391,0.1065,-0.026,0.1316,-0.1316,1.2029,1.0677,1.1374
31.617,9.8189,0.3311,0.2391,0.1065,-0.026,0.1316,-0.1316,1.1799,1.039,1.1204
31.633,9.8206,0.3316,0.2389,0.1051,-0.0007,0.0789,0.0263,1.1799,1.039,1.1204
31.633,9.8206,0.3316,0.2389,0.1051,-0.0007,0.0789,0.0263,1.1799,1.039,1.1204
31.633,9.8206,0.3316,0.2389,0.1051,-0.0007,0.0789,0.0263,1.1799,1.039,1.1204
31.667,9.824,0.3324,0.2391,0.105,0.0172,0.0789,0.0263,1.1799,1.039,1.1204
31.683,9.8259,0.3329,0.2387,0.1204,-0.0319,0.0789,0.0263,1.1799,1.039,1.1204
31.683,9.8259,0.3329,0.2387,0.1204,-0.0319,0.0789,0.0263,1.1799,1.039,1.1204
31.7,9.8279,0.3335,0.2382,0.1299,-0.017,0.0789,0.0263,1.1799,1.039,1.1204
31.7,9.8279,0.3335,0.2382,0.1299,-0.017,0.0789,0.0263,1.1799,1.039,1.1204
31.7,9.8279,0.3335,0.2382,0.1299,-0.017,0.0789,0.0263,1.1622,1.039,1.1204
31.733,9.8321,0.3347,0.2367,0.1334,-0.0357,0.1053,0.0,1.1622,1.039,1.1204
31.75,9.8342,0.3354,0.2359,0.1379,-0.0329,0.1053,0.0,1.1622,1.039,1.1204
31.75,9.8342,0.3354,0.2359,0.1379,-0.0329,0.1053,0.0,1.1622,1.039,1.1204
31.75,9.8342,0.3354,0.2359,0.1379,-0.0329,0.1053,0.0,1.1622,1.039,1.1204
31.783,9.8374,0.3362,0.2354,0.0816,-0.0072,0.1053,0.0,1.1622,1.039,1.1204
31.783,9.8374,0.3362,0.2354,0.0816,-0.0072,0.1316,-0.1316,1.1622,1.039,1.1204
31.8,9.8387,0.3365,0.2352,0.0789,-0.0318,0.1316,-0.1316,1.1622,1.039,1.1204
31.8,9.8387,0.3365,0.2352,0.0789,-0.0318,0.1316,-0.1316,1.1622,1.039,1.1204
31.8,9.8387,0.3365,0.2352,0.0789,-0.0318,0.1316,-0.1316,1.1608,1.0161,1.1199
31.833,9.8412,0.3372,0.2347,0.0779,-0.0121,0.1053,-0.1842,1.1608,1.0161,1.1199
31.85,9.8425,0.3375,0.2346,0.0789,-0.0065,0.1053,-0.1842,1.1608,1.0161,1.1199
31.85,9.8425,0.3375,0.2346,0.0789,-0.0065,0.1053,-0.1316,1.1608,1.0161,1.1199
31.867,9.8439,0.3379,0.2343,0.099,-0.0418,0.1053,-0.1316,1.1608,1.0161,1.1199
31.867,9.8439,0.3379,0.2343,0.099,-0.0418,0.1053,-0.1316,1.1608,1.0161,1.1199
31.867,9.8439,0.3379,0.2343,0.099,-0.0418,0.1053,-0.1316,1.1608,1.0161,1.1199
31.9,9.8473,0.3388,0.2338,0.1052,-0.0197,0.1053,-0.1316,1.1608,1.0161,1.1199
31.917,9.849,0.3393,0.2335,0.1052,-0.0107,0.1053,-0.1316,1.1608,1.0161,1.1199
31.917,9.849,0.3393,0.2335,0.1052,-0.0107,0.1053,-0.1316,1.1408,1.0161,1.1199
31.917,9.849,0.3393,0.2335,0.1052,-0.0107,0.1053,-0.1316,1.1408,1.0161,1.1199
31.95,9.8529,0.3404,0.232,0.1309,-0.0391,0.1053,-0.1316,1.1408,1.0161,1.1199
31.95,9.8529,0.3404,0.232,0.1309,-0.0391,0.1053,-0.1316,1.1408,1.0161,1.1199
31.967,9.8549,0.341,0.2312,0.1304,-0.0247,0.1053,-0.1316,1.1408,1.0161,1.1199
31.967,9.8549,0.341,0.2312,0.1304,-0.0247,0.1053,-0.1316,1.1408,1.0161,1.1199
32.0,9.8586,0.3422,0.2294,0.1128,-0.0273,0.1053,-0.1316,1.1408,1.0161,1.1199
32.0,9.8586,0.3422,0.2294,0.1128,-0.0273,0.0789,0.0284,1.1408,1.0161,1.1199
32.017,9.8604,0.3427,0.2287,0.1083,-0.0342,0.0789,0.0789,1.1408,1.0161,1.1199
32.033,9.8621,0.3432,0.228,0.1055,-0.0465,0.0789,0.0789,1.1508,0.9958,1.1201
32.033,9.8621,0.3432,0.228,0.1055,-0.0465,0.0789,0.0789,1.1508,0.9958,1.1201
32.033,9.8621,0.3432,0.228,0.1055,-0.0465,0.0789,0.0789,1.1508,0.9958,1.1201
32.033,9.8621,0.3432,0.228,0.1055,-0.0465,0.0789,0.0789,1.1508,0.9958,1.1201
32.067,9.8655,0.3443,0.2262,0.105,-0.0542,0.0789,0.0789,1.1508,0.9958,1.1201
32.083,9.8672,0.3448,0.2254,0.1065,-0.0542,0.0789,0.0789,1.1508,0.9958,1.1201
32.083,9.8672,0.3448,0.2254,0.1065,-0.0542,0.1053,-0.0811,1.1508,0.9958,1.1201
32.083,9.8672,0.3448,0.2254,0.1065,-0.0542,0.1053,-0.1316,1.1508,0.9958,1.1201
32.117,9.8706,0.3458,0.2237,0.1063,-0.0432,0.1053,-0.1316,1.1508,0.9958,1.1201
32.117,9.8706,0.3458,0.2237,0.1063,-0.0432,0.1053,-0.1316,1.1232,0.9958,1.1201
32.133,9.8721,0.3462,0.2233,0.083,-0.0293,0.1053,-0.1316,1.1232,0.9958,1.1201
32.133,9.8721,0.3462,0.2233,0.083,-0.0293,0.1053,-0.1316,1.1232,0.9958,1.1201
32.167,9.8747,0.3468,0.2232,0.0782,0.0096,0.1053,-0.1316,1.1232,0.9958,1.1201
32.167,9.8747,0.3468,0.2232,0.0782,0.0096,0.1053,-0.1316,1.1232,0.9958,1.1201
32.183,9.876,0.3471,0.2235,0.0793,0.0188,0.1053,-0.1316,1.1232,0.9958,1.1201
32.2,9.8772,0.3473,0.2238,0.0785,0.02,0.1053,-0.1316,1.1232,0.9958,1.1201
32.2,9.8772,0.3473,0.2238,0.0785,0.02,0.1053,-0.1316,1.1232,0.9958,1.1201
32.2,9.8772,0.3473,0.2238,0.0785,0.02,0.1053,-0.1316,1.1232,0.9958,1.1201
32.233,9.8803,0.3482,0.2226,0.1065,-0.0322,0.1053,-0.1316,1.1169,0.9769,1.1245
32.233,9.8803,0.3482,0.2226,0.1065,-0.0322,0.1053,-0.1316,1.1169,0.9769,1.1245
32.25,9.882,0.3488,0.2217,0.1068,-0.0488,0.1053,-0.1316,1.1169,0.9769,1.1245
32.25,9.882,0.3488,0.2217,0.1068,-0.0488,0.1053,-0.1316,1.1169,0.9769,1.1245
32.25,9.882,0.3488,0.2217,0.1068,-0.0488,0.1053,-0.1316,1.1169,0.9769,1.1245
32.283,9.8855,0.3498,0.22,0.1109,-0.0242,0.1053,-0.1316,1.1169,0.9769,1.1245
32.3,9.8872,0.3503,0.2193,0.1104,-0.0335,0.1053,-0.1316,1.1169,0.9769,1.1245
32.3,9.8872,0.3503,0.2193,0.1104,-0.0335,0.1053,-0.1316,1.1169,0.9769,1.1245
32.3,9.8872,0.3503,0.2193,0.1104,-0.0335,0.1053,-0.1316,1.1169,0.9769,1.1245
32.333,9.8907,0.3513,0.2176,0.1104,-0.0346,0.1053,-0.1316,1.1175,0.9769,1.1245
32.333,9.8907,0.3513,0.2176,0.1104,-0.0346,0.1053,-0.1316,1.1175,0.9769,1.1245
32.333,9.8907,0.3513,0.2176,0.1104,-0.0346,0.1053,-0.1316,1.1175,0.9769,1.1245
32.35,9.8924,0.3518,0.2169,0.1095,-0.0349,0.1053,-0.1316,1.1175,0.9769,1.1245
32.35,9.8924,0.3518,0.2169,0.1095,-0.0349,0.1053,-0.1316,1.1175,0.9769,1.1245
32.367,9.8942,0.3523,0.2161,0.1107,-0.0485,0.1053,-0.1316,1.1175,0.9769,1.1245
32.367,9.8942,0.3523,0.2161,0.1107,-0.0485,0.1053,-0.1316,1.1175,0.9769,1.1245
32.367,9.8942,0.3523,0.2161,0.1107,-0.0485,0.1053,-0.1316,1.1175,0.9769,1.1245
32.4,9.8977,0.3534,0.2143,0.1112,-0.0414,0.1053,-0.1316,1.1175,0.9769,1.1245
32.417,9.8994,0.3539,0.2134,0.1083,-0.0556,0.1053,-0.1316,1.1175,0.9769,1.1245
32.417,9.8994,0.3539,0.2134,0.1083,-0.0556,0.1053,-0.1316,1.1004,0.9568,1.1324
32.417,9.8994,0.3539,0.2134,0.1083,-0.0556,0.1053,-0.1316,1.1004,0.9568,1.1324
32.45,9.9029,0.3549,0.2116,0.1086,-0.0421,0.1053,-0.1316,1.1004,0.9568,1.1324
32.467,9.9046,0.3554,0.2107,0.1066,-0.0485,0.0526,0.0263,1.1004,0.9568,1.1324
32.467,9.9046,0.3554,0.2107,0.1066,-0.0485,0.0526,0.0263,1.1004,0.9568,1.1324
32.467,9.9046,0.3554,0.2107,0.1066,-0.0485,0.0526,0.0263,1.1004,0.9568,1.1324
32.5,9.9081,0.3565,0.2089,0.1112,-0.0405,0.0526,0.0263,1.1004,0.9568,1.1324
32.5,9.9081,0.3565,0.2089,0.1112,-0.0405,0.0526,0.0263,1.1004,0.9568,1.1324
32.517,9.9098,0.357,0.208,0.1085,-0.0597,0.0526,0.0263,1.1004,0.9568,1.1324
32.533,9.9116,0.3575,0.207,0.1079,-0.0473,0.0526,0.0263,1.096,0.9568,1.1324
32.533,9.9116,0.3575,0.207,0.1079,-0.0473,0.0526,0.0263,1.096,0.9568,1.1324
32.533,9.9116,0.3575,0.207,0.1079,-0.0473,0.0526,0.0263,1.096,0.9568,1.1324
32.567,9.915,0.3585,0.2051,0.1066,-0.0741,0.0526,0.0263,1.096,0.9568,1.1324
32.567,9.915,0.3585,0.2051,0.1066,-0.0741,0.0526,0.0263,1.096,0.9568,1.1324
32.583,9.9167,0.359,0.204,0.107,-0.0644,0.0526,0.0263,1.096,0.9568,1.1324
32.583,9.9167,0.359,0.204,0.107,-0.0644,0.0526,0.0263,1.096,0.9568,1.1324
32.583,9.9167,0.359,0.204,0.107,-0.0644,0.0526,0.0263,1.096,0.9568,1.1324
32.617,9.9189,0.3596,0.2031,0.0541,-0.0134,0.0526,0.0263,1.096,0.9568,1.1324
32.633,9.9198,0.3598,0.203,0.0522,-0.0273,0.0526,0.0263,1.0978,0.935,1.1433
32.633,9.9198,0.3598,0.203,0.0522,-0.0273,0.0789,-0.1316,1.0978,0.935,1.1433
32.633,9.9198,0.3598,0.203,0.0522,-0.0273,0.0789,-0.1316,1.0978,0.935,1.1433
32.667,9.9215,0.3603,0.2024,0.0516,-0.0232,0.0789,-0.1316,1.0978,0.935,1.1433
32.667,9.9215,0.3603,0.2024,0.0516,-0.0232,0.0789,-0.1316,1.0978,0.935,1.1433
32.683,9.9223,0.3605,0.2021,0.052,-0.012,0.0789,-0.1316,1.0978,0.935,1.1433
32.7,9.9231,0.3607,0.202,0.0518,-0.0039,0.0789,-0.1316,1.0978,0.935,1.1433
32.7,9.9231,0.3607,0.202,0.0518,-0.0039,0.0789,-0.1316,1.0978,0.935,1.1433
32.7,9.9231,0.3607,0.202,0.0518,-0.0039,0.0789,-0.1316,1.0978,0.935,1.1433
32.733,9.9248,0.3611,0.2016,0.0527,-0.025,0.0789,-0.1316,1.0842,0.935,1.1433
32.733,9.9248,0.3611,0.2016,0.0527,-0.025,0.0789,-0.1316,1.0842,0.935,1.1433
32.75,9.9257,0.3613,0.2014,0.0513,-0.0122,0.0789,-0.1316,1.0842,0.935,1.1433
32.75,9.9257,0.3613,0.2014,0.0513,-0.0122,0.0789,-0.1316,1.0842,0.935,1.1433
32.75,9.9257,0.3613,0.2014,0.0513,-0.0122,0.0789,-0.1316,1.0842,0.935,1.1433
32.783,9.9279,0.362,0.1997,0.0791,-0.038,0.0789,-0.1316,1.0842,0.935,1.1433
32.8,9.9292,0.3624,0.199,0.0793,-0.0458,0.0789,-0.1316,1.0842,0.935,1.1433
32.8,9.9292,0.3624,0.199,0.0793,-0.0458,0.0789,-0.1316,1.0842,0.935,1.1433
32.8,9.9292,0.3624,0.199,0.0793,-0.0458,0.0789,-0.1316,1.0842,0.935,1.1433
32.833,9.9318,0.3632,0.1974,0.0804,-0.0459,0.0789,-0.1316,1.0526,0.9241,1.1472
32.833,9.9318,0.3632,0.1974,0.0804,-0.0459,0.0789,-0.1316,1.0526,0.9241,1.1472
32.85,9.9331,0.3636,0.1965,0.0839,-0.0318,0.0789,-0.1316,1.0526,0.9241,1.1472
32.867,9.9344,0.364,0.1957,0.0845,-0.0397,0.0789,-0.1316,1.0526,0.9241,1.1472
32.867,9.9344,0.364,0.1957,0.0845,-0.0397,0.0789,-0.1316,1.0526,0.9241,1.1472
32.867,9.9344,0.364,0.1957,0.0845,-0.0397,0.0789,-0.1316,1.0526,0.9241,1.1472
32.9,9.9371,0.3648,0.1939,0.0904,-0.0374,0.0789,-0.1316,1.0526,0.9241,1.1472
32.9,9.9371,0.3648,0.1939,0.0904,-0.0374,0.0789,-0.1316,1.0526,0.9241,1.1472
32.917,9.9384,0.3652,0.1931,0.0834,-0.0472,0.0789,-0.1316,1.0526,0.9241,1.1472
32.917,9.9384,0.3652,0.1931,0.0834,-0.0472,0.0789,-0.1316,1.0839,0.9241,1.1472
32.917,9.9384,0.3652,0.1931,0.0834,-0.0472,0.0789,-0.1316,1.0839,0.9241,1.1472
32.95,9.9411,0.3659,0.1914,0.0865,-0.0408,0.0789,-0.1316,1.0839,0.9241,1.1472
32.967,9.9424,0.3664,0.1905,0.0844,-0.0538,0.0789,-0.1316,1.0839,0.9241,1.1472
32.967,9.9424,0.3664,0.1905,0.0844,-0.0538,0.0789,-0.1316,1.0839,0.9241,1.1472
32.967,9.9424,0.3664,0.1905,0.0844,-0.0538,0.0789,-0.1316,1.0839,0.9241,1.1472
33.0,9.9451,0.3672,0.1884,0.0831,-0.0509,0.0789,-0.1316,1.0839,0.9241,1.1472
33.017,9.9465,0.3676,0.1875,0.0805,-0.0596,0.0789,-0.1316,1.0839,0.9241,1.1472
33.017,9.9465,0.3676,0.1875,0.0805,-0.0596,0.0789,-0.1316,1.0896,0.9085,1.1624
33.033,9.9477,0.368,0.1865,0.0788,-0.0547,0.0789,-0.1316,1.0896,0.9085,1.1624
33.033,9.9477,0.368,0.1865,0.0788,-0.0547,0.0789,-0.1316,1.0896,0.9085,1.1624
33.033,9.9477,0.368,0.1865,0.0788,-0.0547,0.0789,-0.1316,1.0896,0.9085,1.1624
33.067,9.9503,0.3687,0.1847,0.0824,-0.0595,0.0789,-0.1316,1.0896,0.9085,1.1624
33.083,9.9516,0.3691,0.1837,0.0815,-0.0531,0.0789,-0.1316,1.0896,0.9085,1.1624
33.083,9.9516,0.3691,0.1837,0.0815,-0.0531,0.0789,-0.1316,1.0896,0.9085,1.1624
33.083,9.9516,0.3691,0.1837,0.0815,-0.0531,0.0789,-0.1316,1.0896,0.9085,1.1624
33.117,9.9542,0.3699,0.1818,0.0831,-0.0546,0.0789,-0.1316,1.0896,0.9085,1.1624
33.117,9.9542,0.3699,0.1818,0.0831,-0.0546,0.0789,-0.1316,1.084,0.9085,1.1624
33.133,9.9556,0.3703,0.1808,0.0863,-0.0237,0.0789,-0.1316,1.084,0.9085,1.1624
33.133,9.9556,0.3703,0.1808,0.0863,-0.0237,0.0789,-0.1316,1.084,0.9085,1.1624
33.133,9.9556,0.3703,0.1808,0.0863,-0.0237,0.0789,-0.1316,1.084,0.9085,1.1624
33.167,9.9582,0.3711,0.1789,0.0812,-0.0555,0.0789,-0.1316,1.084,0.9085,1.1624
33.183,9.9595,0.3715,0.178,0.0803,-0.0585,0.0789,-0.1316,1.084,0.9085,1.1624
33.183,9.9595,0.3715,0.178,0.0803,-0.0585,0.0789,-0.1316,1.084,0.9085,1.1624
33.2,9.9608,0.3719,0.1769,0.0796,-0.0549,0.0789,-0.1316,1.084,0.9085,1.1624
33.2,9.9608,0.3719,0.1769,0.0796,-0.0549,0.0789,-0.1316,1.084,0.9085,1.1624
33.233,9.9634,0.3727,0.1748,0.0876,-0.0548,0.0789,-0.1316,1.1111,0.8928,1.1797
33.233,9.9634,0.3727,0.1748,0.0876,-0.0548,0.0789,-0.1316,1.1111,0.8928,1.1797
33.25,9.9648,0.3731,0.1738,0.0824,-0.0692,0.0789,-0.1316,1.1111,0.8928,1.1797
33.25,9.9648,0.3731,0.1738,0.0824,-0.0692,0.0263,0.0263,1.1111,0.8928,1.1797
33.25,9.9648,0.3731,0.1738,0.0824,-0.0692,0.0263,0.0263,1.1111,0.8928,1.1797
33.283,9.9674,0.3739,0.1716,0.0829,-0.0764,0.0263,0.0263,1.1111,0.8928,1.1797
33.3,9.9687,0.3743,0.1704,0.0821,-0.0668,0.0263,0.0263,1.1111,0.8928,1.1797
33.3,9.9687,0.3743,0.1704,0.0821,-0.0668,0.0263,0.0263,1.1111,0.8928,1.1797
33.3,9.9687,0.3743,0.1704,0.0821,-0.0668,0.0263,0.0263,1.1111,0.8928,1.1797
33.333,9.9713,0.3751,0.1681,0.0823,-0.0532,0.0263,0.0263,1.0986,0.8928,1.1797
33.333,9.9713,0.3751,0.1681,0.0823,-0.0532,0.0526,-0.0789,1.0986,0.8928,1.1797
33.35,9.9727,0.3755,0.1671,0.0812,-0.0493,0.0526,-0.0789,1.0986,0.8928,1.1797
33.367,9.974,0.3759,0.166,0.0812,-0.052,0.0526,-0.0789,1.0986,0.8928,1.1797
