t,x,y,yaw,odom_vx,odom_wz,cmd_vx,cmd_wz,scan_ahead,us_left,us_right
10.95,0.0024,-0.0,0.0,0.0001,-0.0001,0.0,0.0,2.6225,1.5,1.5
10.967,0.0024,-0.0,0.0,0.0001,-0.0001,0.125,-0.0263,2.6225,1.5,1.5
10.967,0.0024,-0.0,0.0,0.0001,-0.0001,0.2105,-0.0263,2.6225,1.5,1.5
10.967,0.0024,-0.0,0.0,0.0001,-0.0001,0.2105,-0.0263,2.6225,1.5,1.5
11.0,0.0024,-0.0,0.0,0.0001,-0.0001,0.2105,-0.0263,2.6225,1.5,1.5
11.017,0.0031,-0.0,0.0,0.0465,-0.0047,0.2105,-0.0263,2.6225,1.5,1.5
11.017,0.0031,-0.0,0.0,0.0465,-0.0047,0.2105,-0.0263,2.6004,1.5,1.5
11.033,0.0045,-0.0,0.0,0.0925,-0.0008,0.2105,-0.0263,2.6004,1.5,1.5
11.033,0.0045,-0.0,0.0,0.0925,-0.0008,0.2105,-0.0263,2.6004,1.5,1.5
11.033,0.0045,-0.0,0.0,0.0925,-0.0008,0.2105,-0.0263,2.6004,1.5,1.5
11.067,0.0095,-0.0001,0.0,0.1802,0.0163,0.2105,-0.0263,2.6004,1.5,1.5
11.083,0.0128,-0.0001,0.0,0.2014,0.0003,0.2105,-0.0263,2.6004,1.5,1.5
11.083,0.0128,-0.0001,0.0,0.2014,0.0003,0.2105,-0.0263,2.6004,1.5,1.5
11.083,0.0128,-0.0001,0.0,0.2014,0.0003,0.2105,-0.0263,2.6004,1.5,1.5
11.117,0.0197,-0.0001,0.0,0.2102,0.0049,0.2105,-0.0263,2.6004,1.5,1.5
11.117,0.0197,-0.0001,0.0,0.2102,0.0049,0.3158,-0.0263,2.6234,1.5,1.5
11.133,0.0232,-0.0,0.0,0.2105,0.0052,0.4408,-0.0263,2.6234,1.5,1.5
11.133,0.0232,-0.0,0.0,0.2105,0.0052,0.4474,-0.0263,2.6234,1.5,1.5
11.133,0.0232,-0.0,0.0,0.2105,0.0052,0.4474,-0.0263,2.6234,1.5,1.5
11.167,0.0303,-0.0,0.0,0.2106,0.0038,0.5,-0.0263,2.6234,1.5,1.5
11.183,0.0345,-0.0001,0.0,0.2574,0.0098,0.5,-0.0263,2.6234,1.5,1.5
11.183,0.0345,-0.0001,0.0,0.2574,0.0098,0.5,-0.0263,2.6234,1.5,1.5
11.2,0.0394,-0.0001,0.0,0.3027,0.0047,0.4737,0.0263,2.6234,1.5,1.5
11.2,0.0394,-0.0001,0.0,0.3027,0.0047,0.4737,0.0263,2.6234,1.5,1.5
11.233,0.0518,-0.0003,0.0021,0.4049,0.0132,0.4737,0.0263,2.6456,1.5,1.5
11.233,0.0518,-0.0003,0.0021,0.4049,0.0132,0.5,0.0,2.6456,1.5,1.5
11.25,0.0591,-0.0003,0.0027,0.4527,0.0329,0.5,0.0,2.6456,1.5,1.5
11.25,0.0591,-0.0003,0.0027,0.4527,0.0329,0.5,0.0,2.6456,1.5,1.5
11.25,0.0591,-0.0003,0.0027,0.4527,0.0329,0.5,0.0,2.6456,1.5,1.5
11.283,0.0746,-0.0004,0.0036,0.4718,0.024,0.5,0.0,2.6456,1.5,1.5
11.283,0.0746,-0.0004,0.0036,0.4718,0.024,0.5,0.0,2.6456,1.5,1.5
11.3,0.0827,-0.0005,0.004,0.4917,0.0348,0.5,0.0,2.6456,1.5,1.5
11.3,0.0827,-0.0005,0.004,0.4917,0.0348,0.5,0.0,2.6456,1.5,1.5
11.3,0.0827,-0.0005,0.004,0.4917,0.0348,0.5,0.0,2.5829,1.5,1.5
11.333,0.0993,-0.0005,0.0049,0.4993,0.0304,0.5,0.0,2.5829,1.5,1.5
11.35,0.1077,-0.0006,0.0053,0.5001,0.0292,0.5,0.0,2.5829,1.5,1.5
11.35,0.1077,-0.0006,0.0053,0.5001,0.0292,0.5,0.0,2.5829,1.5,1.5
11.367,0.116,-0.0006,0.0057,0.4999,0.0282,0.5,0.0,2.5829,1.5,1.5
11.367,0.116,-0.0006,0.0057,0.4999,0.0282,0.5,0.0,2.5829,1.5,1.5
11.367,0.116,-0.0006,0.0057,0.4999,0.0282,0.5,0.0,2.5829,1.5,1.5
11.4,0.1327,-0.0006,0.0065,0.5008,0.0239,0.4737,0.0,2.5829,1.5,1.5
11.417,0.1411,-0.0006,0.0069,0.5008,0.0244,0.4737,0.0,2.5829,1.5,1.5
11.417,0.1411,-0.0006,0.0069,0.5008,0.0244,0.4737,0.0,2.5585,1.5,1.5
11.417,0.1411,-0.0006,0.0069,0.5008,0.0244,0.4737,-0.0263,2.5585,1.5,1.5
11.45,0.1577,-0.0006,0.0075,0.5009,0.023,0.4737,-0.0263,2.5585,1.5,1.5
11.45,0.1577,-0.0006,0.0075,0.5009,0.023,0.5,-0.0263,2.5585,1.5,1.5
11.467,0.1659,-0.0006,0.0078,0.4801,0.022,0.5,-0.0263,2.5585,1.5,1.5
11.467,0.1659,-0.0006,0.0078,0.4801,0.022,0.5,-0.0263,2.5585,1.5,1.5
11.467,0.1659,-0.0006,0.0078,0.4801,0.022,0.5,-0.0263,2.5585,1.5,1.5
11.5,0.1818,-0.0005,0.0083,0.4746,0.0212,0.5,-0.0263,2.5585,1.5,1.5
11.517,0.1897,-0.0005,0.0086,0.4744,0.0165,0.5,-0.0263,2.5585,1.5,1.5
11.517,0.1897,-0.0005,0.0086,0.4744,0.0165,0.5,-0.0263,2.5728,1.5,1.5
11.533,0.1978,-0.0004,0.0087,0.4952,0.0164,0.5,-0.0263,2.5728,1.5,1.5
11.533,0.1978,-0.0004,0.0087,0.4952,0.0164,0.5,-0.0263,2.5728,1.5,1.5
11.533,0.1978,-0.0004,0.0087,0.4952,0.0164,0.5,-0.0263,2.5728,1.5,1.5
11.567,0.2144,-0.0003,0.009,0.5002,0.0147,0.5,-0.0263,2.5728,1.5,1.5
11.583,0.2227,-0.0003,0.009,0.5003,0.0132,0.5,-0.0263,2.5728,1.5,1.5
11.583,0.2227,-0.0003,0.009,0.5003,0.0132,0.5,-0.0263,2.5728,1.5,1.5
11.583,0.2227,-0.0003,0.009,0.5003,0.0132,0.5,-0.0263,2.5728,1.5,1.5
11.583,0.2227,-0.0003,0.009,0.5003,0.0132,0.5,-0.0263,2.5728,1.5,1.5
11.617,0.2394,-0.0001,0.0092,0.5003,0.0121,0.5,-0.0263,2.5728,1.5,1.5
11.617,0.2394,-0.0001,0.0092,0.5003,0.0121,0.4737,-0.0263,2.6016,1.5,1.5
11.633,0.2478,-0.0001,0.0092,0.5005,0.0108,0.4737,-0.0263,2.6016,1.5,1.5
11.633,0.2478,-0.0001,0.0092,0.5005,0.0108,0.4737,-0.0263,2.6016,1.5,1.5
11.633,0.2478,-0.0001,0.0092,0.5005,0.0108,0.4737,-0.0263,2.6016,1.5,1.5
11.667,0.2644,0.0001,0.0092,0.5003,0.0082,0.5,-0.0263,2.6016,1.5,1.5
11.683,0.2728,0.0002,0.0092,0.5002,0.0069,0.5,-0.0263,2.6016,1.5,1.5
11.683,0.2728,0.0002,0.0092,0.5002,0.0069,0.5,-0.0263,2.6016,1.5,1.5
11.7,0.2811,0.0003,0.0092,0.5,0.0065,0.5,-0.0263,2.6016,1.5,1.5
11.7,0.2811,0.0003,0.0092,0.5,0.0065,0.5,-0.0263,2.6016,1.5,1.5
11.7,0.2811,0.0003,0.0092,0.5,0.0065,0.5,-0.0263,2.5493,1.5,1.5
11.733,0.2972,0.0004,0.0091,0.4746,0.0031,0.5,-0.0263,2.5493,1.5,1.5
11.75,0.3051,0.0005,0.009,0.4736,0.0021,0.5,-0.0263,2.5493,1.5,1.5
11.75,0.3051,0.0005,0.009,0.4736,0.0021,0.5,-0.0263,2.5493,1.5,1.5
11.75,0.3051,0.0005,0.009,0.4736,0.0021,0.5,-0.0263,2.5493,1.5,1.5
11.783,0.3214,0.0007,0.0088,0.4985,-0.0,0.5,-0.0263,2.5493,1.5,1.5
11.783,0.3214,0.0007,0.0088,0.4985,-0.0,0.5,-0.0263,2.5493,1.5,1.5
11.8,0.3298,0.0008,0.0086,0.4994,-0.0016,0.4737,-0.0263,2.5493,1.5,1.5
11.8,0.3298,0.0008,0.0086,0.4994,-0.0016,0.4737,-0.0263,2.5493,1.5,1.5
11.833,0.3464,0.001,0.0084,0.4996,-0.004,0.4737,-0.0263,2.5554,1.5,1.5
11.833,0.3464,0.001,0.0084,0.4996,-0.004,0.4737,-0.0263,2.5554,1.5,1.5
11.85,0.3547,0.0011,0.0082,0.4995,-0.0052,0.4737,-0.0263,2.5554,1.5,1.5
11.85,0.3547,0.0011,0.0082,0.4995,-0.0052,0.5,-0.0263,2.5554,1.5,1.5
11.867,0.3631,0.0012,0.008,0.4995,-0.0061,0.5,-0.0263,2.5554,1.5,1.5
11.867,0.3631,0.0012,0.008,0.4995,-0.0061,0.5,-0.0263,2.5554,1.5,1.5
11.867,0.3631,0.0012,0.008,0.4995,-0.0061,0.5,-0.0263,2.5554,1.5,1.5
11.9,0.3797,0.0014,0.0076,0.4996,-0.0074,0.4737,-0.0263,2.5554,1.5,1.5
11.917,0.3878,0.0015,0.0074,0.4788,-0.0068,0.4737,-0.0263,2.5554,1.5,1.5
11.917,0.3878,0.0015,0.0074,0.4788,-0.0068,0.4737,-0.0263,2.5461,1.5,1.5
11.917,0.3878,0.0015,0.0074,0.4788,-0.0068,0.4737,-0.0263,2.5461,1.5,1.5
11.95,0.4037,0.0016,0.007,0.4736,-0.0087,0.4737,-0.0263,2.5461,1.5,1.5
11.95,0.4037,0.0016,0.007,0.4736,-0.0087,0.5,-0.0263,2.5461,1.5,1.5
11.967,0.4118,0.0017,0.0068,0.4944,-0.0147,0.5,-0.0263,2.5461,1.5,1.5
11.967,0.4118,0.0017,0.0068,0.4944,-0.0147,0.5,-0.0263,2.5461,1.5,1.5
12.0,0.4284,0.0019,0.0064,0.4996,-0.0123,0.5,-0.0263,2.5461,1.5,1.5
12.0,0.4284,0.0019,0.0064,0.4996,-0.0123,0.5,-0.0263,2.5461,1.5,1.5
12.017,0.4365,0.002,0.0061,0.479,-0.0105,0.5,-0.0263,2.5461,1.5,1.5
12.017,0.4365,0.002,0.0061,0.479,-0.0105,0.5,-0.0263,2.5516,1.5,1.5
12.033,0.4444,0.0021,0.0059,0.4749,-0.0118,0.5,-0.0263,2.5516,1.5,1.5
12.033,0.4444,0.0021,0.0059,0.4749,-0.0118,0.5,-0.0263,2.5516,1.5,1.5
12.033,0.4444,0.0021,0.0059,0.4749,-0.0118,0.5,-0.0263,2.5516,1.5,1.5
12.067,0.4603,0.0023,0.0054,0.4739,-0.013,0.5,-0.0263,2.5516,1.5,1.5
12.083,0.4684,0.0024,0.0051,0.4942,-0.0169,0.5,-0.0263,2.5516,1.5,1.5
12.083,0.4684,0.0024,0.0051,0.4942,-0.0169,0.5,-0.0263,2.5516,1.5,1.5
12.083,0.4684,0.0024,0.0051,0.4942,-0.0169,0.5,-0.0263,2.5516,1.5,1.5
12.117,0.485,0.0025,0.0046,0.5002,-0.0149,0.5,-0.0263,2.5516,1.5,1.5
12.117,0.485,0.0025,0.0046,0.5002,-0.0149,0.4737,-0.0263,2.5516,1.5,1.5
12.133,0.4933,0.0026,0.0043,0.5003,-0.015,0.4737,-0.0263,2.5734,1.5,1.5
12.133,0.4933,0.0026,0.0043,0.5003,-0.015,0.4737,-0.0263,2.5734,1.5,1.5
12.133,0.4933,0.0026,0.0043,0.5003,-0.015,0.4737,-0.0263,2.5734,1.5,1.5
12.167,0.51,0.0028,0.0037,0.5005,-0.0155,0.5,-0.0263,2.5734,1.5,1.5
12.183,0.5184,0.0028,0.0035,0.5006,-0.0157,0.5,-0.0263,2.5734,1.5,1.5
12.183,0.5184,0.0028,0.0035,0.5006,-0.0157,0.5,-0.0263,2.5734,1.5,1.5
12.2,0.5267,0.0029,0.0031,0.5006,-0.0159,0.5,-0.0263,2.5734,1.5,1.5
12.2,0.5267,0.0029,0.0031,0.5006,-0.0159,0.5,-0.0263,2.5734,1.5,1.5
12.2,0.5267,0.0029,0.0031,0.5006,-0.0159,0.5,-0.0263,2.6003,1.5,1.5
12.233,0.5434,0.003,0.0026,0.5006,-0.0164,0.5,-0.0263,2.6003,1.5,1.5
12.25,0.5518,0.0031,0.0021,0.5006,-0.0166,0.5,-0.0263,2.6003,1.5,1.5
12.25,0.5518,0.0031,0.0021,0.5006,-0.0166,0.5,-0.0263,2.6003,1.5,1.5
12.25,0.5518,0.0031,0.0021,0.5006,-0.0166,0.5,-0.0263,2.6003,1.5,1.5
12.283,0.5678,0.0032,0.0014,0.4754,-0.0166,0.5,-0.0263,2.6003,1.5,1.5
12.283,0.5678,0.0032,0.0014,0.4754,-0.0166,0.5,-0.0263,2.6003,1.5,1.5
12.3,0.576,0.0033,0.001,0.4949,-0.0233,0.5,-0.0263,2.6003,1.5,1.5
12.3,0.576,0.0033,0.001,0.4949,-0.0233,0.5,-0.0263,2.6003,1.5,1.5
12.3,0.576,0.0033,0.001,0.4949,-0.0233,0.5,-0.0263,2.6003,1.5,1.5
12.333,0.5926,0.0034,0.0,0.5003,-0.0179,0.4737,-0.0263,2.5826,1.5,1.5
12.35,0.6009,0.0035,0.0,0.5012,-0.0182,0.4737,-0.0263,2.5826,1.5,1.5
12.35,0.6009,0.0035,0.0,0.5012,-0.0182,0.5,-0.0263,2.5826,1.5,1.5
12.367,0.6093,0.0035,0.0,0.5007,-0.0236,0.5,-0.0263,2.5826,1.5,1.5
12.367,0.6093,0.0035,0.0,0.5007,-0.0236,0.5,-0.0263,2.5826,1.5,1.5
12.367,0.6093,0.0035,0.0,0.5007,-0.0236,0.5,-0.0263,2.5826,1.5,1.5
12.4,0.626,0.0037,-0.001,0.5004,-0.02,0.5,-0.0263,2.5826,1.5,1.5
12.417,0.6343,0.0037,-0.001,0.5011,-0.0199,0.5,-0.0263,2.5826,1.5,1.5
12.417,0.6343,0.0037,-0.001,0.5011,-0.0199,0.5,-0.0263,2.6296,1.5,1.5
12.417,0.6343,0.0037,-0.001,0.5011,-0.0199,0.5,-0.0263,2.6296,1.5,1.5
12.417,0.6343,0.0037,-0.001,0.5011,-0.0199,0.5,-0.0263,2.6296,1.5,1.5
12.45,0.651,0.0038,-0.0021,0.5009,-0.0211,0.5,-0.0263,2.6296,1.5,1.5
12.45,0.651,0.0038,-0.0021,0.5009,-0.0211,0.5,-0.0263,2.6296,1.5,1.5
12.467,0.6593,0.0038,-0.0026,0.501,-0.0229,0.5,-0.0263,2.6296,1.5,1.5
12.467,0.6593,0.0038,-0.0026,0.501,-0.0229,0.5,-0.0263,2.6296,1.5,1.5
12.467,0.6593,0.0038,-0.0026,0.501,-0.0229,0.5,-0.0263,2.6296,1.5,1.5
12.5,0.676,0.0039,-0.0033,0.501,-0.0217,0.5,-0.0263,2.6296,1.5,1.5
12.517,0.6843,0.004,-0.0037,0.5001,-0.0232,0.5,-0.0263,2.6296,1.5,1.5
12.517,0.6843,0.004,-0.0037,0.5001,-0.0232,0.4737,0.0,2.6296,1.5,1.5
12.533,0.6927,0.004,-0.0041,0.5007,-0.0231,0.4737,0.0263,2.6106,1.5,1.5
12.533,0.6927,0.004,-0.0041,0.5007,-0.0231,0.5,0.0263,2.6106,1.5,1.5
12.533,0.6927,0.004,-0.0041,0.5007,-0.0231,0.5,0.0263,2.6106,1.5,1.5
12.567,0.7093,0.0041,-0.0051,0.4997,-0.0234,0.5,0.0263,2.6106,1.5,1.5
12.567,0.7093,0.0041,-0.0051,0.4997,-0.0234,0.5,0.0263,2.6106,1.5,1.5
12.583,0.7177,0.0041,-0.0055,0.4996,-0.0244,0.5,0.0263,2.6106,1.5,1.5
12.583,0.7177,0.0041,-0.0055,0.4996,-0.0244,0.5,0.0263,2.6106,1.5,1.5
12.617,0.7343,0.0041,-0.0064,0.4995,-0.0249,0.5,0.0263,2.6106,1.5,1.5
12.617,0.7343,0.0041,-0.0064,0.4995,-0.0249,0.4737,0.0263,2.656,1.5,1.5
12.633,0.7427,0.0041,-0.0069,0.4994,-0.0253,0.4737,0.0263,2.656,1.5,1.5
12.633,0.7427,0.0041,-0.0069,0.4994,-0.0253,0.4737,0.0263,2.656,1.5,1.5
12.633,0.7427,0.0041,-0.0069,0.4994,-0.0253,0.4737,0.0263,2.656,1.5,1.5
12.667,0.7587,0.0041,-0.0075,0.4742,-0.0214,0.5,0.0263,2.656,1.5,1.5
12.683,0.7668,0.0041,-0.0078,0.4944,-0.0205,0.5,0.0263,2.656,1.5,1.5
12.683,0.7668,0.0041,-0.0078,0.4944,-0.0205,0.5,0.0263,2.656,1.5,1.5
12.7,0.7751,0.0041,-0.0079,0.4984,-0.0191,0.5,0.0263,2.656,1.5,1.5
12.7,0.7751,0.0041,-0.0079,0.4984,-0.0191,0.5,0.0263,2.656,1.5,1.5
12.7,0.7751,0.0041,-0.0079,0.4984,-0.0191,0.5,0.0263,2.656,1.5,1.5
12.733,0.7917,0.004,-0.0083,0.4997,-0.0162,0.5,0.0263,2.625,1.5,1.5
12.75,0.8001,0.0039,-0.0085,0.4996,-0.0158,0.5,0.0263,2.625,1.5,1.5
12.75,0.8001,0.0039,-0.0085,0.4996,-0.0158,0.5,0.0263,2.625,1.5,1.5
12.75,0.8001,0.0039,-0.0085,0.4996,-0.0158,0.5,0.0263,2.625,1.5,1.5
12.783,0.8161,0.0038,-0.0087,0.4744,-0.0134,0.5,0.0263,2.625,1.5,1.5
12.783,0.8161,0.0038,-0.0087,0.4744,-0.0134,0.5,0.0263,2.625,1.5,1.5
12.8,0.8242,0.0038,-0.0088,0.4944,-0.0129,0.5,0.0263,2.625,1.5,1.5
12.8,0.8242,0.0038,-0.0088,0.4944,-0.0129,0.5,0.0263,2.625,1.5,1.5
12.8,0.8242,0.0038,-0.0088,0.4944,-0.0129,0.5,0.0263,2.6548,1.5,1.5
12.833,0.8408,0.0037,-0.0089,0.4996,-0.0108,0.4737,0.0263,2.6548,1.5,1.5
12.833,0.8408,0.0037,-0.0089,0.4996,-0.0108,0.4737,0.0263,2.6548,1.5,1.5
12.85,0.8492,0.0036,-0.0089,0.4999,-0.0094,0.4737,0.0263,2.6548,1.5,1.5
12.867,0.8575,0.0035,-0.0089,0.5,-0.0088,0.4737,0.0263,2.6548,1.5,1.5
12.867,0.8575,0.0035,-0.0089,0.5,-0.0088,0.5,0.0263,2.6548,1.5,1.5
12.867,0.8575,0.0035,-0.0089,0.5,-0.0088,0.5,0.0263,2.6548,1.5,1.5
12.9,0.8742,0.0034,-0.0089,0.5002,-0.008,0.5,0.0263,2.6548,1.5,1.5
12.9,0.8742,0.0034,-0.0089,0.5002,-0.008,0.5,0.0263,2.6548,1.5,1.5
12.917,0.8825,0.0033,-0.0088,0.5003,-0.0056,0.5,0.0263,2.6548,1.5,1.5
12.917,0.8825,0.0033,-0.0088,0.5003,-0.0056,0.5,0.0263,2.6272,1.5,1.5
12.95,0.8992,0.0031,-0.0087,0.5004,-0.003,0.5,0.0263,2.6272,1.5,1.5
12.95,0.8992,0.0031,-0.0087,0.5004,-0.003,0.5,0.0263,2.6272,1.5,1.5
12.967,0.9074,0.003,-0.0086,0.4802,-0.0015,0.5,0.0263,2.6272,1.5,1.5
12.967,0.9074,0.003,-0.0086,0.4802,-0.0015,0.5,0.0263,2.6272,1.5,1.5
12.967,0.9074,0.003,-0.0086,0.4802,-0.0015,0.5,0.0263,2.6272,1.5,1.5
13.0,0.9232,0.0028,-0.0084,0.4745,0.0005,0.5,0.0263,2.6272,1.5,1.5
13.0,0.9232,0.0028,-0.0084,0.4745,0.0005,0.5,0.0263,2.6272,1.5,1.5
13.017,0.9313,0.0028,-0.0083,0.4952,0.001,0.4737,0.0263,2.6664,1.5,1.5
13.033,0.9396,0.0027,-0.0082,0.4996,0.003,0.4737,0.0263,2.6664,1.5,1.5
13.033,0.9396,0.0027,-0.0082,0.4996,0.003,0.4737,0.0263,2.6664,1.5,1.5
13.033,0.9396,0.0027,-0.0082,0.4996,0.003,0.4737,0.0263,2.6664,1.5,1.5
13.067,0.9563,0.0025,-0.0078,0.5008,0.0055,0.5,0.0263,2.6664,1.5,1.5
13.083,0.9647,0.0024,-0.0076,0.5008,0.006,0.5,0.0263,2.6664,1.5,1.5
13.083,0.9647,0.0024,-0.0076,0.5008,0.006,0.5,0.0263,2.6664,1.5,1.5
13.083,0.9647,0.0024,-0.0076,0.5008,0.006,0.5,0.0263,2.6664,1.5,1.5
13.117,0.9814,0.0022,-0.0073,0.5009,0.0079,0.5,0.0263,2.6664,1.5,1.5
13.117,0.9814,0.0022,-0.0073,0.5009,0.0079,0.5,0.0263,2.6664,1.5,1.5
13.133,0.9897,0.0021,-0.007,0.5009,0.0082,0.5,0.0263,2.6288,1.5,1.5
13.133,0.9897,0.0021,-0.007,0.5009,0.0082,0.5,0.0263,2.6288,1.5,1.5
13.133,0.9897,0.0021,-0.007,0.5009,0.0082,0.5,0.0263,2.6288,1.5,1.5
13.167,1.0058,0.0019,-0.0066,0.4756,0.0094,0.5,0.0263,2.6288,1.5,1.5
13.167,1.0058,0.0019,-0.0066,0.4756,0.0094,0.5,0.0263,2.6288,1.5,1.5
13.183,1.0137,0.0018,-0.0064,0.4746,0.0102,0.5,0.0263,2.6288,1.5,1.5
13.183,1.0137,0.0018,-0.0064,0.4746,0.0102,0.5,0.0263,2.6288,1.5,1.5
13.2,1.0218,0.0017,-0.0061,0.495,0.0133,0.5,0.0263,2.6288,1.5,1.5
13.2,1.0218,0.0017,-0.0061,0.495,0.0133,0.5,0.0263,2.6288,1.5,1.5
13.2,1.0218,0.0017,-0.0061,0.495,0.0133,0.5,0.0263,2.6288,1.5,1.5
13.233,1.0385,0.0015,-0.0056,0.5004,0.0121,0.4737,0.0263,2.6122,1.5,1.5
13.233,1.0385,0.0015,-0.0056,0.5004,0.0121,0.4737,0.0263,2.6122,1.5,1.5
13.25,1.0468,0.0015,-0.0053,0.5005,0.0133,0.4737,0.0263,2.6122,1.5,1.5
13.25,1.0468,0.0015,-0.0053,0.5005,0.0133,0.4737,0.0263,2.6122,1.5,1.5
13.283,1.0635,0.0013,-0.0048,0.5004,0.0138,0.4737,0.0263,2.6122,1.5,1.5
13.283,1.0635,0.0013,-0.0048,0.5004,0.0138,0.5,0.0263,2.6122,1.5,1.5
13.3,1.0718,0.0012,-0.0046,0.5003,0.0138,0.5,0.0263,2.6122,1.5,1.5
13.3,1.0718,0.0012,-0.0046,0.5003,0.0138,0.5,0.0263,2.6122,1.5,1.5
13.3,1.0718,0.0012,-0.0046,0.5003,0.0138,0.5,0.0263,2.6122,1.5,1.5
13.333,1.0885,0.0011,-0.004,0.5002,0.0149,0.5,0.0263,2.6295,1.5,1.5
13.35,1.0968,0.001,-0.0038,0.5001,0.0151,0.5,0.0263,2.6295,1.5,1.5
13.35,1.0968,0.001,-0.0038,0.5001,0.0151,0.5,0.0263,2.6295,1.5,1.5
13.367,1.1049,0.0009,-0.0034,0.4792,0.0149,0.5,0.0263,2.6295,1.5,1.5
13.367,1.1049,0.0009,-0.0034,0.4792,0.0149,0.5,0.0263,2.6295,1.5,1.5
13.367,1.1049,0.0009,-0.0034,0.4792,0.0149,0.5,0.0263,2.6295,1.5,1.5
13.4,1.1208,0.0008,-0.0029,0.4739,0.0146,0.5,0.0263,2.6295,1.5,1.5
13.417,1.1287,0.0007,-0.0026,0.4736,0.0148,0.5,0.0263,2.6295,1.5,1.5
13.417,1.1287,0.0007,-0.0026,0.4736,0.0148,0.4737,0.0263,2.6561,1.5,1.5
13.417,1.1287,0.0007,-0.0026,0.4736,0.0148,0.4737,0.0263,2.6561,1.5,1.5
13.45,1.1451,0.0006,-0.0021,0.4987,0.0164,0.4737,-0.0263,2.6561,1.5,1.5
13.45,1.1451,0.0006,-0.0021,0.4987,0.0164,0.4737,-0.0263,2.6561,1.5,1.5
13.45,1.1451,0.0006,-0.0021,0.4987,0.0164,0.4737,-0.0263,2.6561,1.5,1.5
13.467,1.1534,0.0005,-0.0017,0.4995,0.0164,0.5,-0.0263,2.6561,1.5,1.5
13.467,1.1534,0.0005,-0.0017,0.4995,0.0164,0.5,-0.0263,2.6561,1.5,1.5
13.467,1.1534,0.0005,-0.0017,0.4995,0.0164,0.5,-0.0263,2.6561,1.5,1.5
13.5,1.17,0.0004,-0.001,0.4996,0.0168,0.5,-0.0263,2.6561,1.5,1.5
13.517,1.1784,0.0003,0.0,0.4996,0.0173,0.5,-0.0263,2.6561,1.5,1.5
13.517,1.1784,0.0003,0.0,0.4996,0.0173,0.5,-0.0263,2.6267,1.5,1.5
13.533,1.1867,0.0003,0.0,0.5,0.0182,0.5,-0.0263,2.6267,1.5,1.5
13.533,1.1867,0.0003,0.0,0.5,0.0182,0.5,-0.0263,2.6267,1.5,1.5
13.533,1.1867,0.0003,0.0,0.5,0.0182,0.5,-0.0263,2.6267,1.5,1.5
13.567,1.2028,0.0002,0.0,0.4746,0.0173,0.5,-0.0263,2.6267,1.5,1.5
13.583,1.2107,0.0002,0.0,0.4736,0.025,0.5,-0.0263,2.6267,1.5,1.5
13.583,1.2107,0.0002,0.0,0.4736,0.025,0.5,-0.0263,2.6267,1.5,1.5
13.583,1.2107,0.0002,0.0,0.4736,0.025,0.5,-0.0263,2.6267,1.5,1.5
13.617,1.227,0.0001,0.0007,0.4981,0.0149,0.5,-0.0263,2.6267,1.5,1.5
13.617,1.227,0.0001,0.0007,0.4981,0.0149,0.5,-0.0263,2.6453,1.5,1.5
13.633,1.2354,0.0001,0.0,0.4993,0.0128,0.5,-0.0263,2.6453,1.5,1.5
13.633,1.2354,0.0001,0.0,0.4993,0.0128,0.5,-0.0263,2.6453,1.5,1.5
13.633,1.2354,0.0001,0.0,0.4993,0.0128,0.5,-0.0263,2.6453,1.5,1.5
13.667,1.252,0.0001,0.0007,0.4999,0.0113,0.5,-0.0263,2.6453,1.5,1.5
13.683,1.2604,0.0001,0.001,0.5,0.0105,0.5,-0.0263,2.6453,1.5,1.5
13.683,1.2604,0.0001,0.001,0.5,0.0105,0.5,-0.0263,2.6453,1.5,1.5
13.7,1.2687,0.0001,0.0012,0.5001,0.0102,0.5,-0.0263,2.6453,1.5,1.5
13.7,1.2687,0.0001,0.0012,0.5001,0.0102,0.5,-0.0263,2.6453,1.5,1.5
13.7,1.2687,0.0001,0.0012,0.5001,0.0102,0.5,-0.0263,2.5931,1.5,1.5
13.733,1.2854,0.0001,0.0012,0.5001,0.0095,0.5,0.0,2.5931,1.5,1.5
13.75,1.2937,0.0001,0.0012,0.5005,0.0091,0.5,0.0,2.5931,1.5,1.5
13.75,1.2937,0.0001,0.0012,0.5005,0.0091,0.5,0.0,2.5931,1.5,1.5
13.75,1.2937,0.0001,0.0012,0.5005,0.0091,0.5,0.0,2.5931,1.5,1.5
13.783,1.3104,0.0001,0.001,0.5004,0.007,0.5,0.0,2.5931,1.5,1.5
13.783,1.3104,0.0001,0.001,0.5004,0.007,0.5,0.0,2.5931,1.5,1.5
13.8,1.3188,0.0001,0.0012,0.5005,0.0059,0.5,0.0,2.5931,1.5,1.5
13.8,1.3188,0.0001,0.0012,0.5005,0.0059,0.5,0.0,2.5931,1.5,1.5
13.833,1.3355,0.0001,0.0014,0.5006,0.004,0.5,0.0,2.6138,1.5,1.5
13.833,1.3355,0.0001,0.0014,0.5006,0.004,0.4737,0.0,2.6138,1.5,1.5
13.85,1.3438,0.0002,0.001,0.5007,0.0035,0.4737,0.0,2.6138,1.5,1.5
13.85,1.3438,0.0002,0.001,0.5007,0.0035,0.4737,0.0,2.6138,1.5,1.5
13.867,1.3522,0.0002,0.0012,0.5007,-0.004,0.5,0.0,2.6138,1.5,1.5
13.867,1.3522,0.0002,0.0012,0.5007,-0.004,0.5,0.0,2.6138,1.5,1.5
13.9,1.3689,0.0002,0.0014,0.5007,-0.0011,0.5,0.0,2.6138,1.5,1.5
13.9,1.3689,0.0002,0.0014,0.5007,-0.0011,0.5,0.0,2.6138,1.5,1.5
13.917,1.3772,0.0002,0.0012,0.5008,-0.0009,0.5,0.0,2.6138,1.5,1.5
13.917,1.3772,0.0002,0.0012,0.5008,-0.0009,0.5,0.0,2.6612,1.5,1.5
13.917,1.3772,0.0002,0.0012,0.5008,-0.0009,0.5,-0.0263,2.6612,1.5,1.5
13.95,1.3939,0.0002,0.0012,0.5007,-0.0003,0.4737,-0.0263,2.6612,1.5,1.5
13.967,1.402,0.0002,0.0014,0.4799,0.0004,0.4737,-0.0263,2.6612,1.5,1.5
13.967,1.402,0.0002,0.0014,0.4799,0.0004,0.5,-0.0263,2.6612,1.5,1.5
13.967,1.402,0.0002,0.0014,0.4799,0.0004,0.5,-0.0263,2.6612,1.5,1.5
14.0,1.4179,0.0003,0.0014,0.4746,-0.0001,0.5,-0.0263,2.6612,1.5,1.5
14.0,1.4179,0.0003,0.0014,0.4746,-0.0001,0.5,-0.0263,2.6612,1.5,1.5
14.017,1.426,0.0003,0.0012,0.4948,0.0012,0.5,-0.0263,2.6612,1.5,1.5
14.033,1.4343,0.0003,0.001,0.4993,-0.0012,0.5,-0.0263,2.6004,1.5,1.5
14.033,1.4343,0.0003,0.001,0.4993,-0.0012,0.5,-0.0263,2.6004,1.5,1.5
14.033,1.4343,0.0003,0.001,0.4993,-0.0012,0.5,-0.0263,2.6004,1.5,1.5
14.067,1.451,0.0003,0.0012,0.5004,-0.0005,0.5,-0.0263,2.6004,1.5,1.5
14.067,1.451,0.0003,0.0012,0.5004,-0.0005,0.5,-0.0263,2.6004,1.5,1.5
14.083,1.4593,0.0003,0.001,0.5004,0.0056,0.5,-0.0263,2.6004,1.5,1.5
14.083,1.4593,0.0003,0.001,0.5004,0.0056,0.5,-0.0263,2.6004,1.5,1.5
14.083,1.4593,0.0003,0.001,0.5004,0.0056,0.5,-0.0263,2.6004,1.5,1.5
14.117,1.476,0.0004,0.0007,0.5002,0.001,0.5,-0.0263,2.6004,1.5,1.5
14.133,1.4843,0.0004,0.0,0.5002,-0.0003,0.5,-0.0263,2.6531,1.5,1.5
14.133,1.4843,0.0004,0.0,0.5002,-0.0003,0.4737,-0.0263,2.6531,1.5,1.5
14.133,1.4843,0.0004,0.0,0.5002,-0.0003,0.4737,-0.0263,2.6531,1.5,1.5
14.167,1.501,0.0005,0.0,0.5,-0.0027,0.5,-0.0263,2.6531,1.5,1.5
14.183,1.5093,0.0005,0.0,0.4999,-0.004,0.5,-0.0263,2.6531,1.5,1.5
14.183,1.5093,0.0005,0.0,0.4999,-0.004,0.5,-0.0263,2.6531,1.5,1.5
14.2,1.5177,0.0005,0.0,0.4998,-0.0053,0.5,-0.0263,2.6531,1.5,1.5
14.2,1.5177,0.0005,0.0,0.4998,-0.0053,0.5,-0.0263,2.6531,1.5,1.5
14.233,1.5343,0.0006,0.0,0.4996,-0.0065,0.5,-0.0263,2.6068,1.5,1.5
14.233,1.5343,0.0006,0.0,0.4996,-0.0065,0.5,-0.0263,2.6068,1.5,1.5
14.25,1.5426,0.0006,0.0,0.4996,-0.0081,0.5,-0.0263,2.6068,1.5,1.5
14.25,1.5426,0.0006,0.0,0.4996,-0.0081,0.5,-0.0263,2.6068,1.5,1.5
14.25,1.5426,0.0006,0.0,0.4996,-0.0081,0.5,-0.0263,2.6068,1.5,1.5
14.283,1.5591,0.0007,-0.0007,0.4787,-0.0083,0.5,-0.0263,2.6068,1.5,1.5
14.3,1.5672,0.0007,-0.001,0.4952,-0.0116,0.5,-0.0263,2.6068,1.5,1.5
14.3,1.5672,0.0007,-0.001,0.4952,-0.0116,0.5,-0.0263,2.6068,1.5,1.5
14.3,1.5672,0.0007,-0.001,0.4952,-0.0116,0.5,-0.0263,2.6068,1.5,1.5
14.333,1.5838,0.0008,-0.0014,0.4994,-0.0122,0.5,-0.0263,2.6252,1.5,1.5
14.333,1.5838,0.0008,-0.0014,0.4994,-0.0122,0.4737,-0.0263,2.6252,1.5,1.5
14.35,1.5922,0.0008,-0.0018,0.4995,-0.0129,0.4737,-0.0263,2.6252,1.5,1.5
14.367,1.6005,0.0008,-0.0021,0.4996,-0.0135,0.5,-0.0263,2.6252,1.5,1.5
14.367,1.6005,0.0008,-0.0021,0.4996,-0.0135,0.5,-0.0263,2.6252,1.5,1.5
14.367,1.6005,0.0008,-0.0021,0.4996,-0.0135,0.5,-0.0263,2.6252,1.5,1.5
14.4,1.6172,0.0009,-0.0026,0.4996,-0.0148,0.5,-0.0263,2.6252,1.5,1.5
14.4,1.6172,0.0009,-0.0026,0.4996,-0.0148,0.5,-0.0263,2.6252,1.5,1.5
14.417,1.6255,0.0009,-0.0029,0.4997,-0.0155,0.5,-0.0263,2.6252,1.5,1.5
14.417,1.6255,0.0009,-0.0029,0.4997,-0.0155,0.5,-0.0263,2.6318,1.5,1.5
14.417,1.6255,0.0009,-0.0029,0.4997,-0.0155,0.5,-0.0263,2.6318,1.5,1.5
14.45,1.6421,0.001,-0.0035,0.4998,-0.0165,0.4737,-0.0263,2.6318,1.5,1.5
14.467,1.6503,0.001,-0.0039,0.479,-0.0153,0.4737,-0.0263,2.6318,1.5,1.5
14.467,1.6503,0.001,-0.0039,0.479,-0.0153,0.5,0.0,2.6318,1.5,1.5
14.467,1.6503,0.001,-0.0039,0.479,-0.0153,0.5,0.0,2.6318,1.5,1.5
14.5,1.6663,0.001,-0.0046,0.494,-0.02,0.5,0.0,2.6318,1.5,1.5
14.5,1.6663,0.001,-0.0046,0.494,-0.02,0.5,-0.0263,2.6318,1.5,1.5
14.517,1.6746,0.001,-0.0049,0.4988,-0.0165,0.5,-0.0263,2.6318,1.5,1.5
14.533,1.6829,0.001,-0.0051,0.4999,-0.0184,0.5,-0.0263,2.648,1.5,1.5
14.533,1.6829,0.001,-0.0051,0.4999,-0.0184,0.5,-0.0263,2.648,1.5,1.5
14.533,1.6829,0.001,-0.0051,0.4999,-0.0184,0.5,-0.0263,2.648,1.5,1.5
14.567,1.6996,0.001,-0.0058,0.5003,-0.0182,0.5,-0.0263,2.648,1.5,1.5
14.567,1.6996,0.001,-0.0058,0.5003,-0.0182,0.5,-0.0263,2.648,1.5,1.5
14.583,1.708,0.001,-0.0062,0.5003,-0.0187,0.5,-0.0263,2.648,1.5,1.5
14.583,1.708,0.001,-0.0062,0.5003,-0.0187,0.5,-0.0263,2.648,1.5,1.5
14.583,1.708,0.001,-0.0062,0.5003,-0.0187,0.5,-0.0263,2.648,1.5,1.5
14.617,1.7246,0.001,-0.0067,0.5002,-0.0215,0.5,-0.0263,2.648,1.5,1.5
14.633,1.733,0.001,-0.007,0.5004,-0.0144,0.5,-0.0263,2.644,1.5,1.5
14.633,1.733,0.001,-0.007,0.5004,-0.0144,0.4737,-0.0263,2.644,1.5,1.5
14.633,1.733,0.001,-0.007,0.5004,-0.0144,0.4737,-0.0263,2.644,1.5,1.5
14.667,1.7497,0.001,-0.0076,0.5005,-0.0172,0.4737,-0.0263,2.644,1.5,1.5
14.667,1.7497,0.001,-0.0076,0.5005,-0.0172,0.4737,-0.0263,2.644,1.5,1.5
14.683,1.758,0.0009,-0.0079,0.5006,-0.0172,0.5,0.0,2.644,1.5,1.5
14.7,1.7664,0.0009,-0.0083,0.5006,-0.0177,0.5,0.0,2.644,1.5,1.5
14.7,1.7664,0.0009,-0.0083,0.5006,-0.0177,0.5,0.0,2.644,1.5,1.5
14.7,1.7664,0.0009,-0.0083,0.5006,-0.0177,0.5,0.0,2.644,1.5,1.5
14.733,1.7831,0.0009,-0.0089,0.5006,-0.018,0.5,0.0,2.6258,1.5,1.5
14.75,1.7914,0.0009,-0.0092,0.5006,-0.0182,0.5,0.0,2.6258,1.5,1.5
14.75,1.7914,0.0009,-0.0092,0.5006,-0.0182,0.5,0.0,2.6258,1.5,1.5
14.75,1.7914,0.0009,-0.0092,0.5006,-0.0182,0.5,0.0,2.6258,1.5,1.5
14.783,1.8075,0.0008,-0.01,0.4762,-0.0185,0.5,0.0,2.6258,1.5,1.5
14.783,1.8075,0.0008,-0.01,0.4762,-0.0185,0.5,0.0,2.6258,1.5,1.5
14.8,1.8154,0.0008,-0.0103,0.4745,-0.0192,0.5,0.0,2.6258,1.5,1.5
14.8,1.8154,0.0008,-0.0103,0.4745,-0.0192,0.5,0.0,2.6258,1.5,1.5
14.8,1.8154,0.0008,-0.0103,0.4745,-0.0192,0.5,0.0,2.6004,1.5,1.5
14.833,1.8318,0.0007,-0.011,0.4988,-0.0251,0.4737,0.0,2.6004,1.5,1.5
14.85,1.8401,0.0007,-0.0113,0.5001,-0.0194,0.4737,0.0,2.6004,1.5,1.5
14.85,1.8401,0.0007,-0.0113,0.5001,-0.0194,0.4737,0.0,2.6004,1.5,1.5
14.867,1.8485,0.0006,-0.0116,0.5003,-0.0222,0.4737,0.0,2.6004,1.5,1.5
14.867,1.8485,0.0006,-0.0116,0.5003,-0.0222,0.4737,0.0,2.6004,1.5,1.5
14.867,1.8485,0.0006,-0.0116,0.5003,-0.0222,0.4737,0.0,2.6004,1.5,1.5
14.9,1.8651,0.0005,-0.0122,0.4997,-0.0209,0.5,0.0,2.6004,1.5,1.5
14.917,1.8735,0.0004,-0.0124,0.5001,-0.0186,0.5,0.0,2.6004,1.5,1.5
14.917,1.8735,0.0004,-0.0124,0.5001,-0.0186,0.5,0.0,2.5792,1.5,1.5
14.917,1.8735,0.0004,-0.0124,0.5001,-0.0186,0.5,0.0,2.5792,1.5,1.5
14.95,1.8901,0.0003,-0.013,0.5,-0.0174,0.5,0.0,2.5792,1.5,1.5
14.95,1.8901,0.0003,-0.013,0.5,-0.0174,0.5,0.0,2.5792,1.5,1.5
14.967,1.8982,0.0002,-0.0132,0.4791,-0.0166,0.5,0.0,2.5792,1.5,1.5
14.967,1.8982,0.0002,-0.0132,0.4791,-0.0166,0.5,0.0,2.5792,1.5,1.5
14.967,1.8982,0.0002,-0.0132,0.4791,-0.0166,0.5,0.0,2.5792,1.5,1.5
15.0,1.9141,0.0001,-0.0137,0.4738,-0.0164,0.5,0.0,2.5792,1.5,1.5
15.0,1.9141,0.0001,-0.0137,0.4738,-0.0164,0.5,0.0,2.5792,1.5,1.5
15.017,1.922,0.0,-0.0139,0.4736,-0.0162,0.5,0.0,2.5792,1.5,1.5
15.033,1.9301,-0.0,-0.0142,0.4922,-0.0204,0.5,0.0,2.5851,1.5,1.5
15.033,1.9301,-0.0,-0.0142,0.4922,-0.0204,0.4737,0.0,2.5851,1.5,1.5
15.033,1.9301,-0.0,-0.0142,0.4922,-0.0204,0.4737,0.0,2.5851,1.5,1.5
15.067,1.9467,-0.0002,-0.0146,0.4993,-0.0166,0.4737,0.0,2.5851,1.5,1.5
15.083,1.955,-0.0003,-0.0149,0.4995,-0.0162,0.4737,0.0,2.5851,1.5,1.5
15.083,1.955,-0.0003,-0.0149,0.4995,-0.0162,0.5,0.0,2.5851,1.5,1.5
15.083,1.955,-0.0003,-0.0149,0.4995,-0.0162,0.5,0.0,2.5851,1.5,1.5
15.117,1.9716,-0.0005,-0.0153,0.4994,-0.0154,0.5,0.0,2.5851,1.5,1.5
15.117,1.9716,-0.0005,-0.0153,0.4994,-0.0154,0.5,0.0,2.5851,1.5,1.5
15.133,1.98,-0.0006,-0.0155,0.4995,-0.015,0.5,0.0,2.5723,1.5,1.5
15.133,1.98,-0.0006,-0.0155,0.4995,-0.015,0.5,0.0,2.5723,1.5,1.5
15.133,1.98,-0.0006,-0.0155,0.4995,-0.015,0.5,0.0,2.5723,1.5,1.5
15.167,1.9966,-0.0008,-0.0159,0.4995,-0.0145,0.5,0.0,2.5723,1.5,1.5
15.167,1.9966,-0.0008,-0.0159,0.4995,-0.0145,0.5,0.0,2.5723,1.5,1.5
15.183,2.0047,-0.0009,-0.0161,0.4787,-0.0127,0.5,0.0,2.5723,1.5,1.5
15.2,2.0127,-0.001,-0.0163,0.4744,-0.0133,0.5,0.0,2.5723,1.5,1.5
15.2,2.0127,-0.001,-0.0163,0.4744,-0.0133,0.5,0.0,2.5723,1.5,1.5
15.2,2.0127,-0.001,-0.0163,0.4744,-0.0133,0.5,0.0,2.5497,1.5,1.5
15.233,2.0291,-0.0012,-0.0166,0.4985,-0.0127,0.4737,0.0,2.5497,1.5,1.5
15.25,2.0374,-0.0013,-0.0167,0.4994,-0.0129,0.4737,0.0,2.5497,1.5,1.5
15.25,2.0374,-0.0013,-0.0167,0.4994,-0.0129,0.4737,0.0,2.5497,1.5,1.5
15.25,2.0374,-0.0013,-0.0167,0.4994,-0.0129,0.4737,0.0,2.5497,1.5,1.5
15.283,2.054,-0.0015,-0.017,0.4997,-0.0119,0.5,0.0,2.5497,1.5,1.5
15.283,2.054,-0.0015,-0.017,0.4997,-0.0119,0.5,0.0,2.5497,1.5,1.5
15.3,2.0624,-0.0017,-0.0171,0.4998,-0.0108,0.5,0.0,2.5497,1.5,1.5
15.3,2.0624,-0.0017,-0.0171,0.4998,-0.0108,0.5,0.0,2.5497,1.5,1.5
15.3,2.0624,-0.0017,-0.0171,0.4998,-0.0108,0.5,0.0,2.5395,1.5,1.5
15.333,2.079,-0.0019,-0.0174,0.5,-0.01,0.5,0.0263,2.5395,1.5,1.5
15.35,2.0874,-0.002,-0.0175,0.5,-0.0096,0.5,0.0263,2.5395,1.5,1.5
15.35,2.0874,-0.002,-0.0175,0.5,-0.0096,0.5,0.0263,2.5395,1.5,1.5
15.367,2.0955,-0.0022,-0.0176,0.4793,-0.0082,0.5,0.0263,2.5395,1.5,1.5
15.367,2.0955,-0.0022,-0.0176,0.4793,-0.0082,0.5,0.0263,2.5395,1.5,1.5
15.4,2.1114,-0.0024,-0.0178,0.4742,-0.0083,0.5,0.0263,2.5395,1.5,1.5
15.4,2.1114,-0.0024,-0.0178,0.4742,-0.0083,0.5,0.0263,2.5395,1.5,1.5
15.417,2.1195,-0.0025,-0.0178,0.4945,-0.0102,0.5,0.0263,2.5395,1.5,1.5
15.417,2.1195,-0.0025,-0.0178,0.4945,-0.0102,0.5,0.0263,2.5221,1.5,1.5
15.417,2.1195,-0.0025,-0.0178,0.4945,-0.0102,0.5,0.0263,2.5221,1.5,1.5
15.45,2.1361,-0.0028,-0.018,0.5002,-0.0078,0.5,0.0263,2.5221,1.5,1.5
15.467,2.1444,-0.003,-0.018,0.5006,-0.0083,0.4737,0.0263,2.5221,1.5,1.5
15.467,2.1444,-0.003,-0.018,0.5006,-0.0083,0.4737,0.0263,2.5221,1.5,1.5
15.467,2.1444,-0.003,-0.018,0.5006,-0.0083,0.4737,0.0263,2.5221,1.5,1.5
15.5,2.1611,-0.0033,-0.018,0.5006,-0.0073,0.4737,0.0263,2.5221,1.5,1.5
15.5,2.1611,-0.0033,-0.018,0.5006,-0.0073,0.5,0.0263,2.5221,1.5,1.5
15.517,2.1695,-0.0034,-0.018,0.5007,-0.0058,0.5,0.0,2.5221,1.5,1.5
15.533,2.1778,-0.0036,-0.0179,0.5008,-0.0044,0.5,0.0,2.5844,1.5,1.5
15.533,2.1778,-0.0036,-0.0179,0.5008,-0.0044,0.5,0.0,2.5844,1.5,1.5
15.533,2.1778,-0.0036,-0.0179,0.5008,-0.0044,0.5,0.0,2.5844,1.5,1.5
15.567,2.1945,-0.0039,-0.0178,0.5008,-0.0018,0.5,0.0,2.5844,1.5,1.5
15.567,2.1945,-0.0039,-0.0178,0.5008,-0.0018,0.4737,0.0,2.5844,1.5,1.5
15.583,2.2029,-0.0041,-0.0177,0.5008,-0.0005,0.5,0.0,2.5844,1.5,1.5
15.583,2.2029,-0.0041,-0.0177,0.5008,-0.0005,0.5,0.0,2.5844,1.5,1.5
15.583,2.2029,-0.0041,-0.0177,0.5008,-0.0005,0.5,0.0,2.5844,1.5,1.5
15.617,2.219,-0.0044,-0.0174,0.4756,0.0013,0.5,0.0,2.5844,1.5,1.5
15.633,2.2271,-0.0046,-0.0173,0.4952,0.0031,0.5,0.0263,2.5426,1.5,1.5
15.633,2.2271,-0.0046,-0.0173,0.4952,0.0031,0.5,0.0263,2.5426,1.5,1.5
15.633,2.2271,-0.0046,-0.0173,0.4952,0.0031,0.5,0.0263,2.5426,1.5,1.5
15.667,2.2437,-0.0049,-0.0172,0.5005,0.0064,0.5,0.0263,2.5426,1.5,1.5
15.667,2.2437,-0.0049,-0.0172,0.5005,0.0064,0.4737,0.0263,2.5426,1.5,1.5
15.683,2.2521,-0.005,-0.0171,0.5006,0.0073,0.5,0.0263,2.5426,1.5,1.5
15.7,2.2604,-0.0052,-0.017,0.5006,0.0063,0.5,0.0263,2.5426,1.5,1.5
15.7,2.2604,-0.0052,-0.017,0.5006,0.0063,0.5,0.0263,2.5426,1.5,1.5
15.7,2.2604,-0.0052,-0.017,0.5006,0.0063,0.5,0.0263,2.5426,1.5,1.5
15.733,2.2771,-0.0055,-0.0169,0.5004,0.0059,0.5,0.0263,2.5471,1.5,1.5
15.75,2.2854,-0.0056,-0.0169,0.5004,0.0055,0.5,0.0,2.5471,1.5,1.5
15.75,2.2854,-0.0056,-0.0169,0.5004,0.0055,0.4737,0.0,2.5471,1.5,1.5
15.75,2.2854,-0.0056,-0.0169,0.5004,0.0055,0.4737,0.0,2.5471,1.5,1.5
15.783,2.3021,-0.006,-0.0166,0.5003,0.003,0.4737,0.0,2.5471,1.5,1.5
15.783,2.3021,-0.006,-0.0166,0.5003,0.003,0.5,0.0,2.5471,1.5,1.5
15.8,2.3102,-0.0061,-0.0165,0.4793,0.0034,0.5,0.0,2.5471,1.5,1.5
15.8,2.3102,-0.0061,-0.0165,0.4793,0.0034,0.5,0.0,2.5471,1.5,1.5
15.833,2.3267,-0.0064,-0.0163,0.4991,0.0046,0.5,0.0,2.6954,1.5,1.5
15.833,2.3267,-0.0064,-0.0163,0.4991,0.0046,0.5,0.0,2.6954,1.5,1.5
15.85,2.335,-0.0066,-0.0161,0.4998,0.005,0.5,0.0,2.6954,1.5,1.5
15.85,2.335,-0.0066,-0.0161,0.4998,0.005,0.5,0.0,2.6954,1.5,1.5
15.867,2.3433,-0.0068,-0.016,0.4999,0.0056,0.5,0.0,2.6954,1.5,1.5
15.867,2.3433,-0.0068,-0.016,0.4999,0.0056,0.5,0.0,2.6954,1.5,1.5
15.9,2.3594,-0.007,-0.0157,0.4746,0.0075,0.5,0.0,2.6954,1.5,1.5
15.9,2.3594,-0.007,-0.0157,0.4746,0.0075,0.5,0.0,2.6954,1.5,1.5
15.917,2.3673,-0.0072,-0.0157,0.4737,0.0083,0.5,0.0,2.6954,1.5,1.5
15.917,2.3673,-0.0072,-0.0157,0.4737,0.0083,0.5,0.0,2.5193,1.5,1.5
15.917,2.3673,-0.0072,-0.0157,0.4737,0.0083,0.5,0.0,2.5193,1.5,1.5
15.95,2.3836,-0.0075,-0.0155,0.4984,0.0073,0.5,0.0,2.5193,1.5,1.5
15.95,2.3836,-0.0075,-0.0155,0.4984,0.0073,0.4737,0.0,2.5193,1.5,1.5
15.967,2.392,-0.0076,-0.0154,0.4992,0.0072,0.4737,0.0,2.5193,1.5,1.5
15.967,2.392,-0.0076,-0.0154,0.4992,0.0072,0.4737,0.0,2.5193,1.5,1.5
15.967,2.392,-0.0076,-0.0154,0.4992,0.0072,0.4737,0.0,2.5193,1.5,1.5
16.0,2.4086,-0.0079,-0.0152,0.4995,0.0067,0.5,0.0,2.5193,1.5,1.5
16.017,2.4169,-0.008,-0.0152,0.4995,0.0058,0.5,0.0,2.5193,1.5,1.5
16.033,2.4253,-0.0082,-0.0151,0.4996,0.0057,0.5,0.0,2.5761,1.5,1.5
16.033,2.4253,-0.0082,-0.0151,0.4996,0.0057,0.5,0.0,2.5761,1.5,1.5
16.033,2.4253,-0.0082,-0.0151,0.4996,0.0057,0.5,0.0,2.5761,1.5,1.5
16.033,2.4253,-0.0082,-0.0151,0.4996,0.0057,0.5,0.0,2.5761,1.5,1.5
16.067,2.4419,-0.0084,-0.0149,0.4997,0.0052,0.5,0.0,2.5761,1.5,1.5
16.083,2.4502,-0.0086,-0.0149,0.4997,0.0051,0.5,0.0,2.5761,1.5,1.5
16.083,2.4502,-0.0086,-0.0149,0.4997,0.0051,0.5,0.0,2.5761,1.5,1.5
16.083,2.4502,-0.0086,-0.0149,0.4997,0.0051,0.5,0.0,2.5761,1.5,1.5
16.117,2.4663,-0.0088,-0.0147,0.4747,0.0044,0.5,0.0,2.5761,1.5,1.5
16.117,2.4663,-0.0088,-0.0147,0.4747,0.0044,0.5,0.0,2.5841,1.5,1.5
16.133,2.4744,-0.009,-0.0146,0.4939,0.0058,0.5,0.0,2.5841,1.5,1.5
16.133,2.4744,-0.009,-0.0146,0.4939,0.0058,0.5,0.0,2.5841,1.5,1.5
16.133,2.4744,-0.009,-0.0146,0.4939,0.0058,0.5,0.0,2.5841,1.5,1.5
16.167,2.491,-0.0092,-0.0145,0.4998,0.0048,0.4737,0.0,2.5841,1.5,1.5
16.183,2.4994,-0.0094,-0.0144,0.5001,0.0047,0.4737,0.0,2.5841,1.5,1.5
16.2,2.5077,-0.0095,-0.0143,0.5002,0.0046,0.4737,0.0,2.5841,1.5,1.5
16.2,2.5077,-0.0095,-0.0143,0.5002,0.0046,0.5,0.0,2.5841,1.5,1.5
16.2,2.5077,-0.0095,-0.0143,0.5002,0.0046,0.5,0.0,2.5841,1.5,1.5
16.233,2.5244,-0.0098,-0.0141,0.5004,0.0048,0.5,0.0,2.6711,1.5,1.5
16.233,2.5244,-0.0098,-0.0141,0.5004,0.0048,0.5,0.0263,2.6711,1.5,1.5
16.25,2.5327,-0.0099,-0.0141,0.5004,0.0049,0.5,0.0263,2.6711,1.5,1.5
16.25,2.5327,-0.0099,-0.0141,0.5004,0.0049,0.5,0.0263,2.6711,1.5,1.5
16.25,2.5327,-0.0099,-0.0141,0.5004,0.0049,0.5,0.0263,2.6711,1.5,1.5
16.283,2.5494,-0.0101,-0.0139,0.5005,0.0049,0.5,0.0263,2.6711,1.5,1.5
16.3,2.5576,-0.0103,-0.0138,0.4798,0.0053,0.5,0.0263,2.6711,1.5,1.5
16.3,2.5576,-0.0103,-0.0138,0.4798,0.0053,0.5,0.0263,2.6711,1.5,1.5
16.3,2.5576,-0.0103,-0.0138,0.4798,0.0053,0.5,0.0263,2.6711,1.5,1.5
16.333,2.5734,-0.0105,-0.0137,0.4745,0.0053,0.5,0.0263,2.5525,1.5,1.5
16.333,2.5734,-0.0105,-0.0137,0.4745,0.0053,0.5,0.0263,2.5525,1.5,1.5
16.35,2.5816,-0.0106,-0.0136,0.4952,0.0051,0.4737,0.0263,2.5525,1.5,1.5
16.367,2.5899,-0.0108,-0.0136,0.4996,0.0052,0.4737,0.0263,2.5525,1.5,1.5
16.367,2.5899,-0.0108,-0.0136,0.4996,0.0052,0.5,0.0263,2.5525,1.5,1.5
16.367,2.5899,-0.0108,-0.0136,0.4996,0.0052,0.5,0.0263,2.5525,1.5,1.5
16.4,2.6065,-0.011,-0.0133,0.5009,0.0039,0.5,0.0263,2.5525,1.5,1.5
16.4,2.6065,-0.011,-0.0133,0.5009,0.0039,0.5,0.0263,2.5525,1.5,1.5
16.417,2.6149,-0.0112,-0.0131,0.5008,0.0037,0.5,0.0263,2.5525,1.5,1.5
16.417,2.6149,-0.0112,-0.0131,0.5008,0.0037,0.5,0.0263,2.5438,1.5,1.5
16.417,2.6149,-0.0112,-0.0131,0.5008,0.0037,0.5,0.0,2.5438,1.5,1.5
16.45,2.6316,-0.0115,-0.0128,0.5008,0.0057,0.5,0.0,2.5438,1.5,1.5
16.467,2.6399,-0.0116,-0.0126,0.5008,0.0065,0.5,0.0,2.5438,1.5,1.5
16.467,2.6399,-0.0116,-0.0126,0.5008,0.0065,0.5,0.0,2.5438,1.5,1.5
16.467,2.6399,-0.0116,-0.0126,0.5008,0.0065,0.5,0.0,2.5438,1.5,1.5
16.5,2.656,-0.0119,-0.0123,0.4755,0.0075,0.5,0.0,2.5438,1.5,1.5
16.5,2.656,-0.0119,-0.0123,0.4755,0.0075,0.5,0.0,2.5438,1.5,1.5
16.517,2.6641,-0.012,-0.0121,0.4951,0.0096,0.5,0.0,2.5438,1.5,1.5
16.517,2.6641,-0.012,-0.0121,0.4951,0.0096,0.5,0.0,2.6091,1.5,1.5
16.533,2.6724,-0.0121,-0.0119,0.4993,0.0096,0.5,0.0,2.6091,1.5,1.5
16.533,2.6724,-0.0121,-0.0119,0.4993,0.0096,0.5,0.0,2.6091,1.5,1.5
16.567,2.6891,-0.0124,-0.0115,0.5003,0.0168,0.5,0.0,2.6091,1.5,1.5
16.567,2.6891,-0.0124,-0.0115,0.5003,0.0168,0.5,0.0,2.6091,1.5,1.5
16.583,2.6974,-0.0125,-0.0113,0.5004,0.0128,0.5,0.0,2.6091,1.5,1.5
16.583,2.6974,-0.0125,-0.0113,0.5004,0.0128,0.5,0.0,2.6091,1.5,1.5
16.583,2.6974,-0.0125,-0.0113,0.5004,0.0128,0.5,0.0,2.6091,1.5,1.5
16.617,2.7141,-0.0127,-0.011,0.5002,0.0124,0.5,0.0,2.6091,1.5,1.5
16.633,2.7224,-0.0128,-0.0109,0.5001,0.0114,0.5,0.0,2.5614,1.5,1.5
16.633,2.7224,-0.0128,-0.0109,0.5001,0.0114,0.5,0.0,2.5614,1.5,1.5
16.633,2.7224,-0.0128,-0.0109,0.5001,0.0114,0.5,0.0,2.5614,1.5,1.5
16.667,2.7391,-0.0131,-0.0107,0.4999,0.0104,0.5,0.0,2.5614,1.5,1.5
16.667,2.7391,-0.0131,-0.0107,0.4999,0.0104,0.4737,0.0,2.5614,1.5,1.5
16.683,2.7474,-0.0132,-0.0105,0.4998,0.01,0.4737,0.0,2.5614,1.5,1.5
16.7,2.7558,-0.0133,-0.0104,0.4998,0.0093,0.4737,0.0,2.5614,1.5,1.5
16.7,2.7558,-0.0133,-0.0104,0.4998,0.0093,0.5,0.0,2.5614,1.5,1.5
16.7,2.7558,-0.0133,-0.0104,0.4998,0.0093,0.5,0.0,2.5614,1.5,1.5
16.733,2.7724,-0.0135,-0.0102,0.4997,0.0077,0.5,0.0,2.6384,1.5,1.5
16.733,2.7724,-0.0135,-0.0102,0.4997,0.0077,0.5,0.0,2.6384,1.5,1.5
16.75,2.7807,-0.0136,-0.0102,0.4996,0.0078,0.5,0.0,2.6384,1.5,1.5
16.75,2.7807,-0.0136,-0.0102,0.4996,0.0078,0.5,0.0,2.6384,1.5,1.5
16.75,2.7807,-0.0136,-0.0102,0.4996,0.0078,0.5,0.0,2.6384,1.5,1.5
16.783,2.7974,-0.0138,-0.01,0.4995,0.0065,0.5,0.0,2.6384,1.5,1.5
16.8,2.8055,-0.0139,-0.0099,0.4787,0.0067,0.5,0.0,2.6384,1.5,1.5
16.8,2.8055,-0.0139,-0.0099,0.4787,0.0067,0.5,0.0,2.6384,1.5,1.5
16.8,2.8055,-0.0139,-0.0099,0.4787,0.0067,0.5,0.0,2.6384,1.5,1.5
16.8,2.8055,-0.0139,-0.0099,0.4787,0.0067,0.5,0.0,2.6384,1.5,1.5
16.833,2.8213,-0.014,-0.0098,0.4735,0.0051,0.5,0.0,2.6194,1.5,1.5
16.833,2.8213,-0.014,-0.0098,0.4735,0.0051,0.5,0.0,2.6194,1.5,1.5
16.85,2.8294,-0.0141,-0.0097,0.4928,0.0072,0.5,0.0,2.6194,1.5,1.5
16.85,2.8294,-0.0141,-0.0097,0.4928,0.0072,0.4737,0.0,2.6194,1.5,1.5
16.85,2.8294,-0.0141,-0.0097,0.4928,0.0072,0.4737,0.0,2.6194,1.5,1.5
16.867,2.8377,-0.0142,-0.0096,0.4983,0.0045,0.4737,0.0,2.6194,1.5,1.5
16.867,2.8377,-0.0142,-0.0096,0.4983,0.0045,0.4737,0.0,2.6194,1.5,1.5
16.867,2.8377,-0.0142,-0.0096,0.4983,0.0045,0.4737,0.0,2.6194,1.5,1.5
16.9,2.8544,-0.0144,-0.0095,0.4997,0.0051,0.5,0.0,2.6194,1.5,1.5
16.917,2.8627,-0.0145,-0.0094,0.4998,0.0045,0.5,0.0,2.6194,1.5,1.5
16.917,2.8627,-0.0145,-0.0094,0.4998,0.0045,0.5,0.0,2.6194,1.5,1.5
16.917,2.8627,-0.0145,-0.0094,0.4998,0.0045,0.5,0.0,2.5572,1.5,1.5
16.95,2.8794,-0.0147,-0.0093,0.4999,0.0044,0.5,0.0,2.5572,1.5,1.5
16.95,2.8794,-0.0147,-0.0093,0.4999,0.0044,0.5,0.0,2.5572,1.5,1.5
16.967,2.8875,-0.0148,-0.0092,0.4792,0.0046,0.5,0.0,2.5572,1.5,1.5
16.967,2.8875,-0.0148,-0.0092,0.4792,0.0046,0.5,0.0,2.5572,1.5,1.5
16.967,2.8875,-0.0148,-0.0092,0.4792,0.0046,0.5,0.0,2.5572,1.5,1.5
17.0,2.9033,-0.0149,-0.0091,0.4741,0.0041,0.5,0.0,2.5572,1.5,1.5
17.017,2.9112,-0.015,-0.009,0.4739,0.0041,0.5,0.0,2.5572,1.5,1.5
17.017,2.9112,-0.015,-0.009,0.4739,0.0041,0.5,0.0,2.6089,1.5,1.5
17.033,2.9194,-0.0151,-0.009,0.4943,0.0037,0.5,0.0,2.6089,1.5,1.5
17.033,2.9194,-0.0151,-0.009,0.4943,0.0037,0.5,0.0,2.6089,1.5,1.5
17.033,2.9194,-0.0151,-0.009,0.4943,0.0037,0.5,0.0,2.6089,1.5,1.5
17.067,2.936,-0.0153,-0.0088,0.5001,0.0042,0.5,0.0,2.6089,1.5,1.5
17.067,2.936,-0.0153,-0.0088,0.5001,0.0042,0.4737,0.0,2.6089,1.5,1.5
17.083,2.9443,-0.0153,-0.0087,0.5004,0.0047,0.5,0.0,2.6089,1.5,1.5
17.083,2.9443,-0.0153,-0.0087,0.5004,0.0047,0.5,0.0,2.6089,1.5,1.5
17.083,2.9443,-0.0153,-0.0087,0.5004,0.0047,0.5,0.0,2.6089,1.5,1.5
17.117,2.961,-0.0155,-0.0085,0.5006,0.0047,0.5,0.0,2.6089,1.5,1.5
17.133,2.9694,-0.0156,-0.0085,0.5006,0.0048,0.5,0.0,2.5493,1.5,1.5
17.133,2.9694,-0.0156,-0.0085,0.5006,0.0048,0.5,0.0,2.5493,1.5,1.5
17.133,2.9694,-0.0156,-0.0085,0.5006,0.0048,0.5,0.0,2.5493,1.5,1.5
17.167,2.9861,-0.0158,-0.0083,0.5006,0.0053,0.5,0.0,2.5493,1.5,1.5
17.167,2.9861,-0.0158,-0.0083,0.5006,0.0053,0.4737,0.0,2.5493,1.5,1.5
17.183,2.9944,-0.0159,-0.0082,0.5007,0.0048,0.4737,0.0,2.5493,1.5,1.5
17.2,3.0027,-0.0159,-0.0082,0.5009,0.0045,0.4737,0.0,2.5493,1.5,1.5
17.2,3.0027,-0.0159,-0.0082,0.5009,0.0045,0.5,0.0,2.5493,1.5,1.5
17.2,3.0027,-0.0159,-0.0082,0.5009,0.0045,0.5,0.0,2.5493,1.5,1.5
17.233,3.0194,-0.0161,-0.008,0.5008,0.005,0.5,0.0,2.5868,1.5,1.5
17.233,3.0194,-0.0161,-0.008,0.5008,0.005,0.5,0.0,2.5868,1.5,1.5
17.25,3.0278,-0.0162,-0.008,0.5008,0.0052,0.5,0.0,2.5868,1.5,1.5
17.25,3.0278,-0.0162,-0.008,0.5008,0.0052,0.5,0.0,2.5868,1.5,1.5
17.25,3.0278,-0.0162,-0.008,0.5008,0.0052,0.5,0.0,2.5868,1.5,1.5
17.283,3.0445,-0.0163,-0.0079,0.5007,0.0048,0.5,0.0,2.5868,1.5,1.5
17.3,3.0526,-0.0164,-0.0079,0.4799,0.0052,0.5,0.0,2.5868,1.5,1.5
17.3,3.0526,-0.0164,-0.0079,0.4799,0.0052,0.5,0.0,2.5868,1.5,1.5
17.3,3.0526,-0.0164,-0.0079,0.4799,0.0052,0.5,0.0,2.5868,1.5,1.5
17.333,3.0685,-0.0165,-0.0078,0.4744,0.0042,0.5,0.0,2.5699,1.5,1.5
17.333,3.0685,-0.0165,-0.0078,0.4744,0.0042,0.5,0.0,2.5699,1.5,1.5
17.35,3.0766,-0.0166,-0.0077,0.4943,0.0033,0.5,0.0,2.5699,1.5,1.5
17.367,3.0849,-0.0167,-0.0077,0.4992,0.0041,0.5,0.0,2.5699,1.5,1.5
17.367,3.0849,-0.0167,-0.0077,0.4992,0.0041,0.4737,0.0,2.5699,1.5,1.5
17.367,3.0849,-0.0167,-0.0077,0.4992,0.0041,0.4737,0.0,2.5699,1.5,1.5
17.4,3.1015,-0.0168,-0.0077,0.5003,0.0036,0.4737,0.0,2.5699,1.5,1.5
17.4,3.1015,-0.0168,-0.0077,0.5003,0.0036,0.5,0.0,2.5699,1.5,1.5
17.417,3.1099,-0.0169,-0.0076,0.5003,0.0032,0.5,0.0,2.5699,1.5,1.5
17.417,3.1099,-0.0169,-0.0076,0.5003,0.0032,0.5,0.0,2.5788,1.5,1.5
17.417,3.1099,-0.0169,-0.0076,0.5003,0.0032,0.5,0.0,2.5788,1.5,1.5
17.45,3.1266,-0.017,-0.0076,0.5001,0.0027,0.5,0.0,2.5788,1.5,1.5
17.467,3.1349,-0.0171,-0.0076,0.5001,0.0024,0.5,0.0,2.5788,1.5,1.5
17.467,3.1349,-0.0171,-0.0076,0.5001,0.0024,0.5,0.0,2.5788,1.5,1.5
17.467,3.1349,-0.0171,-0.0076,0.5001,0.0024,0.5,0.0,2.5788,1.5,1.5
17.5,3.1516,-0.0172,-0.0075,0.4999,0.0018,0.5,0.0,2.5788,1.5,1.5
17.5,3.1516,-0.0172,-0.0075,0.4999,0.0018,0.5,0.0,2.5788,1.5,1.5
17.517,3.1597,-0.0173,-0.0075,0.479,0.002,0.5,0.0,2.5788,1.5,1.5
17.533,3.1676,-0.0174,-0.0075,0.4745,0.001,0.5,0.0,2.6222,1.5,1.5
17.533,3.1676,-0.0174,-0.0075,0.4745,0.001,0.5,0.0,2.6222,1.5,1.5
17.533,3.1676,-0.0174,-0.0075,0.4745,0.001,0.5,0.0,2.6222,1.5,1.5
17.567,3.184,-0.0175,-0.0075,0.4987,0.0004,0.5,0.0,2.6222,1.5,1.5
17.567,3.184,-0.0175,-0.0075,0.4987,0.0004,0.4737,0.0,2.6222,1.5,1.5
17.583,3.1923,-0.0175,-0.0075,0.4993,0.0014,0.4737,0.0,2.6222,1.5,1.5
17.583,3.1923,-0.0175,-0.0075,0.4993,0.0014,0.4737,0.0,2.6222,1.5,1.5
17.583,3.1923,-0.0175,-0.0075,0.4993,0.0014,0.4737,0.0,2.6222,1.5,1.5
17.583,3.1923,-0.0175,-0.0075,0.4993,0.0014,0.4737,0.0,2.6222,1.5,1.5
17.617,3.209,-0.0177,-0.0075,0.4995,0.0002,0.5,0.0,2.6222,1.5,1.5
17.633,3.2173,-0.0177,-0.0075,0.4995,0.0007,0.5,0.0,2.5642,1.5,1.5
17.633,3.2173,-0.0177,-0.0075,0.4995,0.0007,0.5,0.0,2.5642,1.5,1.5
17.633,3.2173,-0.0177,-0.0075,0.4995,0.0007,0.5,0.0,2.5642,1.5,1.5
17.667,3.234,-0.0178,-0.0075,0.4995,-0.0003,0.5,0.0,2.5642,1.5,1.5
17.667,3.234,-0.0178,-0.0075,0.4995,-0.0003,0.5,0.0,2.5642,1.5,1.5
17.667,3.234,-0.0178,-0.0075,0.4995,-0.0003,0.5,0.0,2.5642,1.5,1.5
17.683,3.2423,-0.0179,-0.0075,0.4996,-0.0002,0.5,0.0,2.5642,1.5,1.5
17.683,3.2423,-0.0179,-0.0075,0.4996,-0.0002,0.5,0.0,2.5642,1.5,1.5
17.7,3.2504,-0.018,-0.0076,0.4788,-0.0002,0.5,0.0,2.5642,1.5,1.5
17.7,3.2504,-0.018,-0.0076,0.4788,-0.0002,0.5,0.0,2.5642,1.5,1.5
17.7,3.2504,-0.018,-0.0076,0.4788,-0.0002,0.5,0.0,2.5251,1.5,1.5
17.733,3.2665,-0.0181,-0.0075,0.4943,-0.001,0.5,0.0,2.5251,1.5,1.5
17.75,3.2747,-0.0181,-0.0075,0.4987,-0.0001,0.5,0.0,2.5251,1.5,1.5
17.75,3.2747,-0.0181,-0.0075,0.4987,-0.0001,0.5,0.0,2.5251,1.5,1.5
17.75,3.2747,-0.0181,-0.0075,0.4987,-0.0001,0.5,0.0,2.5251,1.5,1.5
17.783,3.2914,-0.0183,-0.0075,0.4999,-0.0004,0.5,0.0,2.5251,1.5,1.5
17.783,3.2914,-0.0183,-0.0075,0.4999,-0.0004,0.4737,0.0,2.5251,1.5,1.5
17.8,3.2997,-0.0183,-0.0075,0.5,-0.0004,0.4737,0.0,2.5251,1.5,1.5
17.8,3.2997,-0.0183,-0.0075,0.5,-0.0004,0.4737,0.0,2.5251,1.5,1.5
17.833,3.3164,-0.0185,-0.0075,0.5002,-0.0001,0.4737,0.0,2.6351,1.5,1.5
17.833,3.3164,-0.0185,-0.0075,0.5002,-0.0001,0.5,0.0,2.6351,1.5,1.5
17.85,3.3248,-0.0185,-0.0074,0.5002,0.0,0.5,0.0,2.6351,1.5,1.5
17.85,3.3248,-0.0185,-0.0074,0.5002,0.0,0.5,0.0,2.6351,1.5,1.5
17.867,3.3331,-0.0186,-0.0074,0.5003,0.0002,0.5,0.0,2.6351,1.5,1.5
17.867,3.3331,-0.0186,-0.0074,0.5003,0.0002,0.5,0.0,2.6351,1.5,1.5
17.867,3.3331,-0.0186,-0.0074,0.5003,0.0002,0.5,0.0,2.6351,1.5,1.5
17.9,3.3498,-0.0187,-0.0074,0.5004,0.0006,0.5,0.0,2.6351,1.5,1.5
17.917,3.3581,-0.0188,-0.0074,0.5005,0.001,0.5,0.0,2.6351,1.5,1.5
17.917,3.3581,-0.0188,-0.0074,0.5005,0.001,0.5,0.0,2.6073,1.5,1.5
17.917,3.3581,-0.0188,-0.0074,0.5005,0.001,0.5,0.0,2.6073,1.5,1.5
17.95,3.3742,-0.0189,-0.0073,0.4754,0.0013,0.5,0.0,2.6073,1.5,1.5
17.95,3.3742,-0.0189,-0.0073,0.4754,0.0013,0.5,0.0,2.6073,1.5,1.5
17.967,3.3823,-0.019,-0.0073,0.4951,0.0012,0.4737,0.0,2.6073,1.5,1.5
17.967,3.3823,-0.019,-0.0073,0.4951,0.0012,0.4737,0.0,2.6073,1.5,1.5
18.0,3.399,-0.0191,-0.0072,0.5004,0.0013,0.4737,0.0,2.6073,1.5,1.5
18.0,3.399,-0.0191,-0.0072,0.5004,0.0013,0.4737,0.0,2.6073,1.5,1.5
18.017,3.4073,-0.0192,-0.0072,0.5007,0.002,0.4737,0.0,2.6073,1.5,1.5
18.033,3.4157,-0.0193,-0.0072,0.5008,0.0015,0.5,0.0,2.54,1.5,1.5
18.033,3.4157,-0.0193,-0.0072,0.5008,0.0015,0.5,0.0,2.54,1.5,1.5
18.033,3.4157,-0.0193,-0.0072,0.5008,0.0015,0.5,0.0,2.54,1.5,1.5
18.067,3.4324,-0.0194,-0.0072,0.5008,0.0031,0.5,0.0,2.54,1.5,1.5
18.067,3.4324,-0.0194,-0.0072,0.5008,0.0031,0.5,0.0,2.54,1.5,1.5
18.083,3.4407,-0.0195,-0.0071,0.5008,0.0017,0.5,0.0,2.54,1.5,1.5
18.083,3.4407,-0.0195,-0.0071,0.5008,0.0017,0.5,0.0,2.54,1.5,1.5
18.083,3.4407,-0.0195,-0.0071,0.5008,0.0017,0.5,0.0,2.54,1.5,1.5
18.117,3.4568,-0.0196,-0.0071,0.4755,0.0019,0.5,0.0,2.54,1.5,1.5
18.133,3.4647,-0.0196,-0.0071,0.4745,0.0019,0.5,0.0,2.5775,1.5,1.5
18.133,3.4647,-0.0196,-0.0071,0.4745,0.0019,0.5,0.0,2.5775,1.5,1.5
18.133,3.4647,-0.0196,-0.0071,0.4745,0.0019,0.5,0.0,2.5775,1.5,1.5
18.167,3.4807,-0.0198,-0.0071,0.4947,0.0037,0.5,0.0,2.5775,1.5,1.5
18.167,3.4807,-0.0198,-0.0071,0.4947,0.0037,0.4737,0.0,2.5775,1.5,1.5
18.183,3.489,-0.0198,-0.007,0.4992,0.0008,0.4737,0.0,2.5775,1.5,1.5
18.2,3.4974,-0.0199,-0.007,0.5002,0.002,0.4737,0.0,2.5775,1.5,1.5
18.2,3.4974,-0.0199,-0.007,0.5002,0.002,0.4737,0.0,2.5775,1.5,1.5
18.2,3.4974,-0.0199,-0.007,0.5002,0.002,0.4737,0.0,2.5775,1.5,1.5
18.233,3.514,-0.02,-0.007,0.5003,0.0014,0.4737,0.0,2.5552,1.5,1.5
18.233,3.514,-0.02,-0.007,0.5003,0.0014,0.5,0.0,2.5552,1.5,1.5
18.25,3.5224,-0.0201,-0.007,0.5002,0.0012,0.5,0.0,2.5552,1.5,1.5
18.25,3.5224,-0.0201,-0.007,0.5002,0.0012,0.5,0.0,2.5552,1.5,1.5
18.25,3.5224,-0.0201,-0.007,0.5002,0.0012,0.5,0.0,2.5552,1.5,1.5
18.283,3.539,-0.0202,-0.007,0.5001,0.0008,0.5,0.0,2.5552,1.5,1.5
18.283,3.539,-0.0202,-0.007,0.5001,0.0008,0.5,0.0,2.5552,1.5,1.5
18.3,3.5472,-0.0202,-0.007,0.4791,0.0012,0.5,0.0,2.5552,1.5,1.5
18.3,3.5472,-0.0202,-0.007,0.4791,0.0012,0.5,0.0,2.5552,1.5,1.5
18.333,3.563,-0.0203,-0.0071,0.4738,0.0002,0.5,0.0,2.5621,1.5,1.5
18.333,3.563,-0.0203,-0.0071,0.4738,0.0002,0.5,0.0,2.5621,1.5,1.5
18.35,3.5709,-0.0204,-0.0071,0.4735,-0.0009,0.5,0.0,2.5621,1.5,1.5
18.367,3.579,-0.0205,-0.0071,0.4943,-0.0015,0.5,0.0,2.5621,1.5,1.5
18.367,3.579,-0.0205,-0.0071,0.4943,-0.0015,0.4737,0.0,2.5621,1.5,1.5
18.367,3.579,-0.0205,-0.0071,0.4943,-0.0015,0.4737,0.0,2.5621,1.5,1.5
18.4,3.5956,-0.0206,-0.0071,0.4995,-0.0025,0.4737,0.0,2.5621,1.5,1.5
18.4,3.5956,-0.0206,-0.0071,0.4995,-0.0025,0.4737,0.0,2.5621,1.5,1.5
18.417,3.6039,-0.0206,-0.0071,0.4995,-0.0009,0.4737,0.0,2.5621,1.5,1.5
18.417,3.6039,-0.0206,-0.0071,0.4995,-0.0009,0.5,0.0,2.5201,1.5,1.5
18.417,3.6039,-0.0206,-0.0071,0.4995,-0.0009,0.5,0.0,2.5201,1.5,1.5
18.45,3.6206,-0.0207,-0.0071,0.4995,-0.0015,0.5,0.0,2.5201,1.5,1.5
18.467,3.6289,-0.0208,-0.0071,0.4995,-0.0012,0.5,0.0,2.5201,1.5,1.5
18.467,3.6289,-0.0208,-0.0071,0.4995,-0.0012,0.5,0.0,2.5201,1.5,1.5
18.467,3.6289,-0.0208,-0.0071,0.4995,-0.0012,0.5,0.0,2.5201,1.5,1.5
18.5,3.6456,-0.0209,-0.0072,0.4995,-0.0015,0.5,0.0,2.5201,1.5,1.5
18.5,3.6456,-0.0209,-0.0072,0.4995,-0.0015,0.5,0.0,2.5201,1.5,1.5
18.517,3.6537,-0.021,-0.0072,0.4788,-0.001,0.5,0.0,2.5201,1.5,1.5
18.533,3.6616,-0.021,-0.0072,0.4745,-0.0017,0.5,0.0,2.6083,1.5,1.5
18.533,3.6616,-0.021,-0.0072,0.4745,-0.0017,0.5,0.0,2.6083,1.5,1.5
18.533,3.6616,-0.021,-0.0072,0.4745,-0.0017,0.5,0.0,2.6083,1.5,1.5
18.567,3.6776,-0.0211,-0.0072,0.4939,-0.0016,0.5,0.0,2.6083,1.5,1.5
18.567,3.6776,-0.0211,-0.0072,0.4939,-0.0016,0.5,0.0,2.6083,1.5,1.5
18.583,3.6859,-0.0212,-0.0072,0.4986,-0.0012,0.4737,0.0,2.6083,1.5,1.5
18.583,3.6859,-0.0212,-0.0072,0.4986,-0.0012,0.4737,0.0,2.6083,1.5,1.5
18.583,3.6859,-0.0212,-0.0072,0.4986,-0.0012,0.4737,0.0,2.6083,1.5,1.5
18.617,3.7026,-0.0213,-0.0072,0.4999,-0.0013,0.5,0.0,2.6083,1.5,1.5
18.633,3.7109,-0.0213,-0.0072,0.5,-0.0012,0.5,0.0,2.6681,1.5,1.5
18.633,3.7109,-0.0213,-0.0072,0.5,-0.0012,0.5,0.0,2.6681,1.5,1.5
18.633,3.7109,-0.0213,-0.0072,0.5,-0.0012,0.5,0.0,2.6681,1.5,1.5
18.667,3.7276,-0.0215,-0.0072,0.5002,-0.0009,0.5,0.0,2.6681,1.5,1.5
18.667,3.7276,-0.0215,-0.0072,0.5002,-0.0009,0.5,0.0,2.6681,1.5,1.5
18.683,3.7359,-0.0215,-0.0072,0.5002,-0.0007,0.5,0.0,2.6681,1.5,1.5
18.7,3.7443,-0.0216,-0.0071,0.5003,-0.0005,0.5,0.0,2.6681,1.5,1.5
18.7,3.7443,-0.0216,-0.0071,0.5003,-0.0005,0.5,0.0,2.6681,1.5,1.5
18.7,3.7443,-0.0216,-0.0071,0.5003,-0.0005,0.5,0.0,2.6681,1.5,1.5
18.733,3.7604,-0.0217,-0.0071,0.4752,-0.0001,0.5,0.0,2.5398,1.5,1.5
18.733,3.7604,-0.0217,-0.0071,0.4752,-0.0001,0.5,0.0,2.5398,1.5,1.5
18.75,3.7683,-0.0218,-0.0071,0.4744,0.0005,0.5,0.0,2.5398,1.5,1.5
18.75,3.7683,-0.0218,-0.0071,0.4744,0.0005,0.5,0.0,2.5398,1.5,1.5
18.783,3.7847,-0.0219,-0.0071,0.4994,0.0003,0.5,0.0,2.5398,1.5,1.5
18.783,3.7847,-0.0219,-0.0071,0.4994,0.0003,0.5,0.0,2.5398,1.5,1.5
18.8,3.793,-0.022,-0.0071,0.5004,0.0007,0.5,0.0,2.5398,1.5,1.5
18.8,3.793,-0.022,-0.0071,0.5004,0.0007,0.5,0.0,2.5398,1.5,1.5
18.8,3.793,-0.022,-0.0071,0.5004,0.0007,0.5,0.0,2.5601,1.5,1.5
18.833,3.8097,-0.0221,-0.007,0.5007,0.0008,0.5,0.0,2.5601,1.5,1.5
18.85,3.8181,-0.0222,-0.0071,0.5008,0.0014,0.5,0.0,2.5601,1.5,1.5
18.85,3.8181,-0.0222,-0.0071,0.5008,0.0014,0.5,0.0,2.5601,1.5,1.5
18.867,3.8264,-0.0222,-0.007,0.5008,0.0009,0.5,0.0,2.5601,1.5,1.5
18.867,3.8264,-0.0222,-0.007,0.5008,0.0009,0.5,0.0,2.5601,1.5,1.5
18.867,3.8264,-0.0222,-0.007,0.5008,0.0009,0.5,0.0,2.5601,1.5,1.5
18.9,3.8431,-0.0224,-0.007,0.5008,0.0015,0.4737,0.0,2.5601,1.5,1.5
18.917,3.8514,-0.0224,-0.007,0.5007,0.0016,0.4737,0.0,2.5601,1.5,1.5
18.917,3.8514,-0.0224,-0.007,0.5007,0.0016,0.5,0.0,2.5601,1.5,1.5
18.917,3.8514,-0.0224,-0.007,0.5007,0.0016,0.5,0.0,2.5563,1.5,1.5
18.95,3.8681,-0.0225,-0.0069,0.5007,0.0016,0.5,0.0,2.5563,1.5,1.5
18.95,3.8681,-0.0225,-0.0069,0.5007,0.0016,0.5,0.0,2.5563,1.5,1.5
18.967,3.8765,-0.0226,-0.007,0.5007,0.0017,0.5,0.0,2.5563,1.5,1.5
18.967,3.8765,-0.0226,-0.007,0.5007,0.0017,0.5,0.0,2.5563,1.5,1.5
18.967,3.8765,-0.0226,-0.007,0.5007,0.0017,0.5,0.0,2.5563,1.5,1.5
19.0,3.8932,-0.0227,-0.0069,0.5006,0.0015,0.5,0.0,2.5563,1.5,1.5
19.017,3.9015,-0.0228,-0.0069,0.5005,0.0013,0.5,0.0,2.5563,1.5,1.5
19.017,3.9015,-0.0228,-0.0069,0.5005,0.0013,0.5,0.0,2.5634,1.5,1.5
19.033,3.9096,-0.0228,-0.0069,0.4796,0.0018,0.5,0.0,2.5634,1.5,1.5
19.033,3.9096,-0.0228,-0.0069,0.4796,0.0018,0.5,0.0,2.5634,1.5,1.5
19.033,3.9096,-0.0228,-0.0069,0.4796,0.0018,0.5,0.0,2.5634,1.5,1.5
19.067,3.9261,-0.023,-0.0069,0.4993,0.0009,0.5,0.0,2.5634,1.5,1.5
19.083,3.9344,-0.023,-0.0069,0.5,0.0009,0.5,0.0,2.5634,1.5,1.5
19.083,3.9344,-0.023,-0.0069,0.5,0.0009,0.4737,0.0,2.5634,1.5,1.5
19.083,3.9344,-0.023,-0.0069,0.5,0.0009,0.4737,0.0,2.5634,1.5,1.5
19.117,3.9511,-0.0231,-0.0069,0.5,0.0004,0.4737,0.0,2.5634,1.5,1.5
19.117,3.9511,-0.0231,-0.0069,0.5,0.0004,0.5,0.0,2.5634,1.5,1.5
19.133,3.9594,-0.0232,-0.0069,0.5,0.0001,0.5,0.0,2.5857,1.5,1.5
19.133,3.9594,-0.0232,-0.0069,0.5,0.0001,0.5,0.0,2.5857,1.5,1.5
19.133,3.9594,-0.0232,-0.0069,0.5,0.0001,0.5,0.0,2.5857,1.5,1.5
19.167,3.9761,-0.0233,-0.0069,0.4998,-0.0005,0.5,0.0,2.5857,1.5,1.5
19.183,3.9844,-0.0233,-0.007,0.4998,-0.0011,0.5,0.0,2.5857,1.5,1.5
19.183,3.9844,-0.0233,-0.007,0.4998,-0.0011,0.5,0.0,2.5857,1.5,1.5
19.2,3.9927,-0.0234,-0.007,0.4998,-0.0011,0.5,0.0,2.5857,1.5,1.5
19.2,3.9927,-0.0234,-0.007,0.4998,-0.0011,0.5,0.0,2.5857,1.5,1.5
19.2,3.9927,-0.0234,-0.007,0.4998,-0.0011,0.5,0.0,2.6115,1.5,1.5
19.233,4.0088,-0.0235,-0.007,0.4745,-0.0033,0.5,0.0,2.6115,1.5,1.5
19.25,4.0167,-0.0236,-0.0071,0.4737,-0.0014,0.5,0.0,2.6115,1.5,1.5
19.25,4.0167,-0.0236,-0.0071,0.4737,-0.0014,0.5,0.0,2.6115,1.5,1.5
19.25,4.0167,-0.0236,-0.0071,0.4737,-0.0014,0.5,0.0,2.6115,1.5,1.5
19.283,4.0331,-0.0237,-0.007,0.4984,-0.0016,0.5,0.0,2.6115,1.5,1.5
19.283,4.0331,-0.0237,-0.007,0.4984,-0.0016,0.4737,0.0,2.6115,1.5,1.5
19.3,4.0414,-0.0237,-0.0071,0.4993,-0.001,0.4737,0.0,2.6115,1.5,1.5
19.3,4.0414,-0.0237,-0.0071,0.4993,-0.001,0.4737,0.0,2.6115,1.5,1.5
19.3,4.0414,-0.0237,-0.0071,0.4993,-0.001,0.4737,0.0,2.5458,1.5,1.5
19.333,4.0581,-0.0238,-0.0071,0.4996,-0.002,0.5,0.0,2.5458,1.5,1.5
19.35,4.0664,-0.0239,-0.0071,0.4996,-0.002,0.5,0.0,2.5458,1.5,1.5
19.35,4.0664,-0.0239,-0.0071,0.4996,-0.002,0.5,0.0,2.5458,1.5,1.5
19.367,4.0747,-0.0239,-0.0071,0.4997,-0.0015,0.5,0.0,2.5458,1.5,1.5
19.367,4.0747,-0.0239,-0.0071,0.4997,-0.0015,0.5,0.0,2.5458,1.5,1.5
19.367,4.0747,-0.0239,-0.0071,0.4997,-0.0015,0.5,0.0,2.5458,1.5,1.5
19.4,4.0914,-0.024,-0.0072,0.4998,-0.0012,0.4737,0.0,2.5458,1.5,1.5
19.417,4.0997,-0.0241,-0.0072,0.4998,-0.0014,0.4737,0.0,2.5458,1.5,1.5
19.417,4.0997,-0.0241,-0.0072,0.4998,-0.0014,0.4737,0.0,2.5681,1.5,1.5
19.417,4.0997,-0.0241,-0.0072,0.4998,-0.0014,0.4737,0.0,2.5681,1.5,1.5
19.45,4.1158,-0.0242,-0.0071,0.4748,-0.0017,0.4737,0.0,2.5681,1.5,1.5
19.45,4.1158,-0.0242,-0.0071,0.4748,-0.0017,0.5,0.0,2.5681,1.5,1.5
19.467,4.1239,-0.0243,-0.0072,0.4949,-0.0028,0.5,0.0,2.5681,1.5,1.5
19.467,4.1239,-0.0243,-0.0072,0.4949,-0.0028,0.5,0.0,2.5681,1.5,1.5
19.5,4.1405,-0.0244,-0.0071,0.5,-0.001,0.5,0.0,2.5681,1.5,1.5
19.5,4.1405,-0.0244,-0.0071,0.5,-0.001,0.5,0.0,2.5681,1.5,1.5
19.517,4.1489,-0.0245,-0.0072,0.5002,-0.001,0.5,0.0,2.5681,1.5,1.5
19.533,4.157,-0.0245,-0.0072,0.4795,0.0002,0.5,0.0,2.5738,1.5,1.5
19.533,4.157,-0.0245,-0.0072,0.4795,0.0002,0.5,0.0,2.5738,1.5,1.5
19.533,4.157,-0.0245,-0.0072,0.4795,0.0002,0.5,0.0,2.5738,1.5,1.5
19.567,4.1729,-0.0246,-0.0071,0.4744,-0.0001,0.5,0.0,2.5738,1.5,1.5
19.567,4.1729,-0.0246,-0.0071,0.4744,-0.0001,0.5,0.0,2.5738,1.5,1.5
19.583,4.1808,-0.0247,-0.0071,0.4742,0.0007,0.5,0.0,2.5738,1.5,1.5
19.583,4.1808,-0.0247,-0.0071,0.4742,0.0007,0.4737,0.0,2.5738,1.5,1.5
19.583,4.1808,-0.0247,-0.0071,0.4742,0.0007,0.4737,0.0,2.5738,1.5,1.5
19.617,4.1972,-0.0248,-0.0071,0.4994,0.0004,0.4737,0.0,2.5738,1.5,1.5
19.617,4.1972,-0.0248,-0.0071,0.4994,0.0004,0.4737,0.0,2.5481,1.5,1.5
19.633,4.2055,-0.0249,-0.0071,0.5004,0.0005,0.5,0.0,2.5481,1.5,1.5
19.633,4.2055,-0.0249,-0.0071,0.5004,0.0005,0.5,0.0,2.5481,1.5,1.5
19.633,4.2055,-0.0249,-0.0071,0.5004,0.0005,0.5,0.0,2.5481,1.5,1.5
19.667,4.2222,-0.025,-0.007,0.5007,-0.0002,0.5,0.0,2.5481,1.5,1.5
19.683,4.2306,-0.0251,-0.0071,0.5009,0.0002,0.5,0.0,2.5481,1.5,1.5
19.683,4.2306,-0.0251,-0.0071,0.5009,0.0002,0.5,0.0,2.5481,1.5,1.5
19.7,4.2389,-0.0251,-0.007,0.5008,0.0022,0.5,0.0,2.5481,1.5,1.5
19.7,4.2389,-0.0251,-0.007,0.5008,0.0022,0.5,0.0,2.5481,1.5,1.5
19.7,4.2389,-0.0251,-0.007,0.5008,0.0022,0.5,0.0,2.5481,1.5,1.5
19.733,4.255,-0.0253,-0.007,0.4756,0.0015,0.5,0.0,2.5236,1.5,1.5
19.75,4.2629,-0.0253,-0.007,0.4746,0.0011,0.5,0.0,2.5236,1.5,1.5
19.75,4.2629,-0.0253,-0.007,0.4746,0.0011,0.5,0.0,2.5236,1.5,1.5
19.75,4.2629,-0.0253,-0.007,0.4746,0.0011,0.5,0.0,2.5236,1.5,1.5
19.783,4.2793,-0.0254,-0.007,0.4993,0.0014,0.5,0.0,2.5236,1.5,1.5
19.783,4.2793,-0.0254,-0.007,0.4993,0.0014,0.4737,0.0,2.5236,1.5,1.5
19.8,4.2877,-0.0255,-0.007,0.5004,0.0014,0.4737,0.0,2.5236,1.5,1.5
19.8,4.2877,-0.0255,-0.007,0.5004,0.0014,0.4737,0.0,2.5236,1.5,1.5
19.8,4.2877,-0.0255,-0.007,0.5004,0.0014,0.4737,0.0,2.6323,1.5,1.5
19.833,4.3043,-0.0256,-0.007,0.5005,0.0012,0.5,0.0,2.6323,1.5,1.5
19.85,4.3127,-0.0257,-0.007,0.5005,0.0011,0.5,0.0,2.6323,1.5,1.5
19.85,4.3127,-0.0257,-0.007,0.5005,0.0011,0.5,0.0,2.6323,1.5,1.5
19.867,4.321,-0.0257,-0.007,0.5004,0.001,0.5,0.0,2.6323,1.5,1.5
19.867,4.321,-0.0257,-0.007,0.5004,0.001,0.5,0.0,2.6323,1.5,1.5
19.867,4.321,-0.0257,-0.007,0.5004,0.001,0.5,0.0,2.6323,1.5,1.5
19.9,4.3377,-0.0259,-0.007,0.5003,0.0006,0.5,0.0,2.6323,1.5,1.5
19.917,4.346,-0.0259,-0.0069,0.5002,0.0005,0.5,0.0,2.6323,1.5,1.5
19.917,4.346,-0.0259,-0.0069,0.5002,0.0005,0.5,0.0,2.6323,1.5,1.5
19.917,4.346,-0.0259,-0.0069,0.5002,0.0005,0.5,0.0,2.6085,1.5,1.5
19.95,4.3621,-0.026,-0.007,0.4748,-0.0002,0.5,0.0,2.6085,1.5,1.5
19.95,4.3621,-0.026,-0.007,0.4748,-0.0002,0.5,0.0,2.6085,1.5,1.5
19.967,4.3702,-0.0261,-0.007,0.4945,0.0002,0.5,0.0,2.6085,1.5,1.5
19.967,4.3702,-0.0261,-0.007,0.4945,0.0002,0.5,0.0,2.6085,1.5,1.5
19.967,4.3702,-0.0261,-0.007,0.4945,0.0002,0.5,0.0,2.6085,1.5,1.5
20.0,4.3868,-0.0262,-0.0071,0.4996,-0.0005,0.4737,0.0,2.6085,1.5,1.5
20.017,4.3951,-0.0262,-0.007,0.4996,-0.001,0.4737,0.0,2.6085,1.5,1.5
20.017,4.3951,-0.0262,-0.007,0.4996,-0.001,0.4737,0.0,2.6013,1.5,1.5
20.033,4.4035,-0.0263,-0.007,0.4997,-0.0014,0.5,0.0,2.6013,1.5,1.5
20.033,4.4035,-0.0263,-0.007,0.4997,-0.0014,0.5,0.0,2.6013,1.5,1.5
20.033,4.4035,-0.0263,-0.007,0.4997,-0.0014,0.5,0.0,2.6013,1.5,1.5
20.033,4.4035,-0.0263,-0.007,0.4997,-0.0014,0.5,0.0,2.6013,1.5,1.5
20.067,4.4201,-0.0264,-0.0071,0.4995,-0.001,0.5,0.0,2.6013,1.5,1.5
20.083,4.4285,-0.0265,-0.0071,0.4996,-0.0018,0.5,0.0,2.6013,1.5,1.5
20.083,4.4285,-0.0265,-0.0071,0.4996,-0.0018,0.4737,0.0,2.6013,1.5,1.5
20.083,4.4285,-0.0265,-0.0071,0.4996,-0.0018,0.4737,0.0,2.6013,1.5,1.5
20.117,4.4451,-0.0266,-0.0072,0.4995,-0.0019,0.4737,0.0,2.6013,1.5,1.5
20.117,4.4451,-0.0266,-0.0072,0.4995,-0.0019,0.4737,0.0,2.6013,1.5,1.5
20.133,4.4532,-0.0266,-0.0072,0.4787,-0.0008,0.5,0.0,2.5373,1.5,1.5
20.133,4.4532,-0.0266,-0.0072,0.4787,-0.0008,0.5,0.0,2.5373,1.5,1.5
20.133,4.4532,-0.0266,-0.0072,0.4787,-0.0008,0.5,0.0,2.5373,1.5,1.5
20.167,4.4697,-0.0267,-0.0072,0.4987,-0.0021,0.5,0.0,2.5373,1.5,1.5
20.183,4.478,-0.0268,-0.0072,0.4994,-0.0017,0.5,0.0,2.5373,1.5,1.5
20.183,4.478,-0.0268,-0.0072,0.4994,-0.0017,0.5,0.0,2.5373,1.5,1.5
20.2,4.4863,-0.0268,-0.0072,0.4996,-0.0015,0.5,0.0,2.5373,1.5,1.5
20.2,4.4863,-0.0268,-0.0072,0.4996,-0.0015,0.5,0.0,2.5373,1.5,1.5
20.2,4.4863,-0.0268,-0.0072,0.4996,-0.0015,0.5,0.0,2.541,1.5,1.5
20.233,4.5024,-0.027,-0.0073,0.4746,-0.0019,0.5,0.0,2.541,1.5,1.5
20.233,4.5024,-0.027,-0.0073,0.4746,-0.0019,0.5,0.0,2.541,1.5,1.5
20.25,4.5103,-0.027,-0.0073,0.4738,-0.0018,0.5,0.0,2.541,1.5,1.5
20.25,4.5103,-0.027,-0.0073,0.4738,-0.0018,0.5,0.0,2.541,1.5,1.5
20.283,4.5267,-0.0271,-0.0073,0.4987,-0.0022,0.5,0.0,2.541,1.5,1.5
20.283,4.5267,-0.0271,-0.0073,0.4987,-0.0022,0.5,0.0,2.541,1.5,1.5
20.3,4.535,-0.0272,-0.0073,0.4998,-0.0011,0.5,0.0,2.541,1.5,1.5
20.3,4.535,-0.0272,-0.0073,0.4998,-0.0011,0.5,0.0,2.541,1.5,1.5
20.3,4.535,-0.0272,-0.0073,0.4998,-0.0011,0.5,0.0,2.5534,1.5,1.5
20.333,4.5517,-0.0273,-0.0073,0.5002,-0.001,0.5,0.0,2.5534,1.5,1.5
20.35,4.56,-0.0274,-0.0073,0.5003,-0.0008,0.5,0.0,2.5534,1.5,1.5
20.35,4.56,-0.0274,-0.0073,0.5003,-0.0008,0.5,0.0,2.5534,1.5,1.5
20.367,4.5684,-0.0274,-0.0072,0.5004,-0.0006,0.5,0.0,2.5534,1.5,1.5
20.367,4.5684,-0.0274,-0.0072,0.5004,-0.0006,0.5,0.0,2.5534,1.5,1.5
20.4,4.5851,-0.0276,-0.0073,0.5005,-0.0003,0.5,0.0,2.5534,1.5,1.5
20.4,4.5851,-0.0276,-0.0073,0.5005,-0.0003,0.5,0.0,2.5534,1.5,1.5
20.417,4.5934,-0.0276,-0.0072,0.5005,0.0005,0.5,0.0,2.5534,1.5,1.5
20.417,4.5934,-0.0276,-0.0072,0.5005,0.0005,0.5,0.0,2.5309,1.5,1.5
20.417,4.5934,-0.0276,-0.0072,0.5005,0.0005,0.5,0.0263,2.5309,1.5,1.5
20.45,4.6101,-0.0278,-0.0072,0.5006,0.0006,0.5,0.0263,2.5309,1.5,1.5
20.467,4.6184,-0.0278,-0.0072,0.5007,0.0008,0.5,0.0263,2.5309,1.5,1.5
20.467,4.6184,-0.0278,-0.0072,0.5007,0.0008,0.5,0.0263,2.5309,1.5,1.5
20.467,4.6184,-0.0278,-0.0072,0.5007,0.0008,0.5,0.0,2.5309,1.5,1.5
20.5,4.6351,-0.0279,-0.0072,0.5008,0.0015,0.5,0.0,2.5309,1.5,1.5
20.5,4.6351,-0.0279,-0.0072,0.5008,0.0015,0.4737,0.0,2.5309,1.5,1.5
20.517,4.6435,-0.028,-0.0071,0.5008,0.0006,0.4737,0.0,2.5309,1.5,1.5
20.533,4.6518,-0.0281,-0.0072,0.5009,0.0004,0.4737,0.0,2.5608,1.5,1.5
20.533,4.6518,-0.0281,-0.0072,0.5009,0.0004,0.5,0.0,2.5608,1.5,1.5
20.533,4.6518,-0.0281,-0.0072,0.5009,0.0004,0.5,0.0,2.5608,1.5,1.5
20.567,4.6685,-0.0282,-0.0071,0.5008,0.0014,0.5,0.0,2.5608,1.5,1.5
20.567,4.6685,-0.0282,-0.0071,0.5008,0.0014,0.5,0.0,2.5608,1.5,1.5
20.583,4.6769,-0.0283,-0.007,0.5007,-0.0044,0.5,0.0,2.5608,1.5,1.5
20.583,4.6769,-0.0283,-0.007,0.5007,-0.0044,0.5,0.0,2.5608,1.5,1.5
20.583,4.6769,-0.0283,-0.007,0.5007,-0.0044,0.5,0.0,2.5608,1.5,1.5
20.617,4.6936,-0.0284,-0.0069,0.5006,0.0061,0.5,0.0,2.5608,1.5,1.5
20.633,4.7017,-0.0285,-0.0069,0.4798,0.003,0.5,0.0,2.5276,1.5,1.5
20.633,4.7017,-0.0285,-0.0069,0.4798,0.003,0.5,0.0,2.5276,1.5,1.5
20.633,4.7017,-0.0285,-0.0069,0.4798,0.003,0.5,0.0,2.5276,1.5,1.5
20.667,4.7175,-0.0286,-0.0069,0.4744,0.003,0.5,0.0,2.5276,1.5,1.5
20.683,4.7257,-0.0287,-0.0068,0.4942,0.002,0.5,0.0,2.5276,1.5,1.5
20.683,4.7257,-0.0287,-0.0068,0.4942,0.002,0.5,0.0,2.5276,1.5,1.5
20.7,4.7339,-0.0287,-0.0068,0.499,0.0029,0.5,0.0,2.5276,1.5,1.5
20.7,4.7339,-0.0287,-0.0068,0.499,0.0029,0.4737,0.0,2.5276,1.5,1.5
20.7,4.7339,-0.0287,-0.0068,0.499,0.0029,0.4737,0.0,2.5276,1.5,1.5
20.7,4.7339,-0.0287,-0.0068,0.499,0.0029,0.4737,0.0,2.5276,1.5,1.5
20.733,4.7506,-0.0288,-0.0068,0.5002,0.0024,0.4737,0.0,2.5627,1.5,1.5
20.733,4.7506,-0.0288,-0.0068,0.5002,0.0024,0.5,0.0,2.5627,1.5,1.5
20.75,4.7589,-0.0289,-0.0068,0.5001,0.002,0.5,0.0,2.5627,1.5,1.5
20.75,4.7589,-0.0289,-0.0068,0.5001,0.002,0.5,0.0,2.5627,1.5,1.5
20.75,4.7589,-0.0289,-0.0068,0.5001,0.002,0.5,0.0,2.5627,1.5,1.5
20.783,4.7756,-0.029,-0.0068,0.5,0.0015,0.5,0.0,2.5627,1.5,1.5
20.8,4.7839,-0.0291,-0.0068,0.4999,0.0013,0.5,0.0,2.5627,1.5,1.5
20.8,4.7839,-0.0291,-0.0068,0.4999,0.0013,0.5,0.0,2.5627,1.5,1.5
20.8,4.7839,-0.0291,-0.0068,0.4999,0.0013,0.5,0.0,2.5627,1.5,1.5
20.833,4.8004,-0.0292,-0.0068,0.479,0.0016,0.5,0.0,2.4898,1.5,1.5
20.833,4.8004,-0.0292,-0.0068,0.479,0.0016,0.5,0.0,2.4898,1.5,1.5
20.85,4.8083,-0.0292,-0.0068,0.4745,0.0003,0.5,0.0,2.4898,1.5,1.5
20.85,4.8083,-0.0292,-0.0068,0.4745,0.0003,0.5,0.0,2.4898,1.5,1.5
20.867,4.8162,-0.0293,-0.0068,0.4736,-0.0006,0.5,0.0,2.4898,1.5,1.5
20.867,4.8162,-0.0293,-0.0068,0.4736,-0.0006,0.5,0.0,2.4898,1.5,1.5
20.9,4.8326,-0.0294,-0.0068,0.4985,0.0003,0.5,0.0,2.4898,1.5,1.5
20.9,4.8326,-0.0294,-0.0068,0.4985,0.0003,0.4737,0.0,2.4898,1.5,1.5
20.917,4.8409,-0.0295,-0.0067,0.4993,-0.0006,0.4737,0.0,2.4898,1.5,1.5
20.917,4.8409,-0.0295,-0.0067,0.4993,-0.0006,0.4737,0.0,2.527,1.5,1.5
20.917,4.8409,-0.0295,-0.0067,0.4993,-0.0006,0.4737,0.0,2.527,1.5,1.5
20.95,4.8576,-0.0296,-0.0068,0.4995,0.0001,0.4737,0.0,2.527,1.5,1.5
20.967,4.8659,-0.0296,-0.0068,0.4995,-0.0008,0.5,0.0,2.527,1.5,1.5
20.967,4.8659,-0.0296,-0.0068,0.4995,-0.0008,0.5,0.0,2.527,1.5,1.5
20.967,4.8659,-0.0296,-0.0068,0.4995,-0.0008,0.5,0.0,2.527,1.5,1.5
21.0,4.8826,-0.0297,-0.0067,0.4996,-0.001,0.5,0.0,2.527,1.5,1.5
21.0,4.8826,-0.0297,-0.0067,0.4996,-0.001,0.5,0.0,2.527,1.5,1.5
21.017,4.8909,-0.0298,-0.0067,0.4997,-0.0007,0.5,0.0,2.527,1.5,1.5
21.033,4.899,-0.0298,-0.0068,0.4789,-0.0003,0.5,0.0,2.5431,1.5,1.5
21.033,4.899,-0.0298,-0.0068,0.4789,-0.0003,0.5,0.0,2.5431,1.5,1.5
21.033,4.899,-0.0298,-0.0068,0.4789,-0.0003,0.5,0.0,2.5431,1.5,1.5
21.067,4.9149,-0.0299,-0.0068,0.4738,-0.0005,0.5,0.0,2.5431,1.5,1.5
21.067,4.9149,-0.0299,-0.0068,0.4738,-0.0005,0.5,0.0,2.5431,1.5,1.5
21.083,4.9228,-0.03,-0.0068,0.4737,-0.0013,0.5,0.0,2.5431,1.5,1.5
21.083,4.9228,-0.03,-0.0068,0.4737,-0.0013,0.5,0.0,2.5431,1.5,1.5
21.083,4.9228,-0.03,-0.0068,0.4737,-0.0013,0.5,0.0,2.5431,1.5,1.5
21.117,4.9392,-0.0301,-0.0067,0.4989,-0.0004,0.4737,0.0,2.5431,1.5,1.5
21.133,4.9475,-0.0301,-0.0067,0.4999,-0.0006,0.4737,0.0,2.5272,1.5,1.5
21.133,4.9475,-0.0301,-0.0067,0.4999,-0.0006,0.4737,0.0,2.5272,1.5,1.5
21.133,4.9475,-0.0301,-0.0067,0.4999,-0.0006,0.5,0.0,2.5272,1.5,1.5
21.167,4.9642,-0.0303,-0.0067,0.5003,-0.0002,0.5,0.0,2.5272,1.5,1.5
21.167,4.9642,-0.0303,-0.0067,0.5003,-0.0002,0.5,0.0,2.5272,1.5,1.5
21.183,4.9725,-0.0303,-0.0067,0.5003,-0.0,0.5,0.0,2.5272,1.5,1.5
21.2,4.9809,-0.0304,-0.0067,0.5004,0.0002,0.5,0.0,2.5272,1.5,1.5
21.2,4.9809,-0.0304,-0.0067,0.5004,0.0002,0.5,0.0,2.5272,1.5,1.5
21.2,4.9809,-0.0304,-0.0067,0.5004,0.0002,0.5,0.0,2.5272,1.5,1.5
21.233,4.9975,-0.0305,-0.0067,0.5005,0.0004,0.5,0.0,2.5311,1.5,1.5
21.233,4.9975,-0.0305,-0.0067,0.5005,0.0004,0.5,0.0,2.5311,1.5,1.5
21.25,5.0059,-0.0306,-0.0066,0.5006,0.0013,0.5,0.0,2.5311,1.5,1.5
21.25,5.0059,-0.0306,-0.0066,0.5006,0.0013,0.5,0.0,2.5311,1.5,1.5
21.283,5.0222,-0.0307,-0.0066,0.4963,0.0005,0.5,0.0,2.5311,1.5,1.5
21.283,5.0222,-0.0307,-0.0066,0.4963,0.0005,0.5,0.0,2.5311,1.5,1.5
21.3,5.0305,-0.0307,-0.0066,0.4998,0.0014,0.4737,0.0,2.5311,1.5,1.5
21.3,5.0305,-0.0307,-0.0066,0.4998,0.0014,0.4737,0.0,2.5311,1.5,1.5
21.3,5.0305,-0.0307,-0.0066,0.4998,0.0014,0.4737,0.0,2.5311,1.5,1.5
21.333,5.0472,-0.0309,-0.0065,0.5007,0.0006,0.4737,0.0,2.5175,1.5,1.5
21.35,5.0555,-0.0309,-0.0065,0.5009,0.0012,0.4737,0.0,2.5175,1.5,1.5
21.35,5.0555,-0.0309,-0.0065,0.5009,0.0012,0.5,0.0,2.5175,1.5,1.5
21.367,5.0639,-0.031,-0.0065,0.5008,0.0026,0.5,0.0,2.5175,1.5,1.5
21.367,5.0639,-0.031,-0.0065,0.5008,0.0026,0.5,0.0,2.5175,1.5,1.5
21.367,5.0639,-0.031,-0.0065,0.5008,0.0026,0.5,0.0789,2.5175,1.5,1.5
21.4,5.0806,-0.0311,-0.0064,0.5007,0.0022,0.5,0.0789,2.5175,1.5,1.5
21.4,5.0806,-0.0311,-0.0064,0.5007,0.0022,0.5,0.0789,2.5175,1.5,1.5
21.417,5.0889,-0.0312,-0.0064,0.5007,0.002,0.5,0.0789,2.6395,1.5,1.5
21.417,5.0889,-0.0312,-0.0064,0.5007,0.002,0.5,0.0789,2.6395,1.5,1.5
21.45,5.105,-0.0313,-0.0064,0.4754,0.0016,0.5,0.0789,2.6395,1.5,1.5
21.45,5.105,-0.0313,-0.0064,0.4754,0.0016,0.5,0.0789,2.6395,1.5,1.5
21.467,5.1129,-0.0313,-0.0063,0.4745,0.0016,0.5,0.0789,2.6395,1.5,1.5
21.467,5.1129,-0.0313,-0.0063,0.4745,0.0016,0.5,0.0789,2.6395,1.5,1.5
21.467,5.1129,-0.0313,-0.0063,0.4745,0.0016,0.5,0.0789,2.6395,1.5,1.5
21.5,5.1293,-0.0314,-0.0064,0.4991,0.0017,0.5,0.0789,2.6395,1.5,1.5
21.5,5.1293,-0.0314,-0.0064,0.4991,0.0017,0.5,0.0789,2.6395,1.5,1.5
21.517,5.1376,-0.0315,-0.0061,0.4998,0.0026,0.4737,0.0789,2.6395,1.5,1.5
21.533,5.146,-0.0316,-0.0058,0.5002,0.0051,0.4737,0.0263,2.5335,1.5,1.5
21.533,5.146,-0.0316,-0.0058,0.5002,0.0051,0.4737,0.0263,2.5335,1.5,1.5
21.533,5.146,-0.0316,-0.0058,0.5002,0.0051,0.4737,0.0263,2.5335,1.5,1.5
21.567,5.1627,-0.0318,-0.0052,0.5003,0.0085,0.4737,0.0263,2.5335,1.5,1.5
21.567,5.1627,-0.0318,-0.0052,0.5003,0.0085,0.5,0.0263,2.5335,1.5,1.5
21.583,5.171,-0.0319,-0.0048,0.5003,0.018,0.5,0.0263,2.5335,1.5,1.5
21.583,5.171,-0.0319,-0.0048,0.5003,0.018,0.5,0.0263,2.5335,1.5,1.5
21.583,5.171,-0.0319,-0.0048,0.5003,0.018,0.5,0.0789,2.5335,1.5,1.5
21.617,5.1877,-0.0321,-0.0038,0.4991,0.0129,0.5,0.0789,2.5335,1.5,1.5
21.633,5.196,-0.0323,-0.0035,0.4993,0.0177,0.5,0.0789,2.5428,1.5,1.5
21.633,5.196,-0.0323,-0.0035,0.4993,0.0177,0.5,0.0789,2.5428,1.5,1.5
21.633,5.196,-0.0323,-0.0035,0.4993,0.0177,0.5,0.0789,2.5428,1.5,1.5
21.667,5.212,-0.0324,-0.0025,0.4748,0.0259,0.5,0.0789,2.5428,1.5,1.5
21.667,5.212,-0.0324,-0.0025,0.4748,0.0259,0.5,0.0789,2.5428,1.5,1.5
21.683,5.2199,-0.0325,-0.0022,0.4738,0.0221,0.5,0.0789,2.5428,1.5,1.5
21.7,5.2278,-0.0326,-0.0015,0.4736,0.0229,0.5,0.0789,2.5428,1.5,1.5
21.7,5.2278,-0.0326,-0.0015,0.4736,0.0229,0.5,0.0789,2.5428,1.5,1.5
21.7,5.2278,-0.0326,-0.0015,0.4736,0.0229,0.5,0.0789,2.5428,1.5,1.5
21.733,5.2442,-0.0327,-0.0007,0.4984,0.0246,0.5,0.0789,2.5478,1.5,1.5
21.733,5.2442,-0.0327,-0.0007,0.4984,0.0246,0.4737,0.0789,2.5478,1.5,1.5
21.75,5.2525,-0.0328,0.0,0.5002,0.023,0.4737,0.0789,2.5478,1.5,1.5
21.75,5.2525,-0.0328,0.0,0.5002,0.023,0.4737,0.0789,2.5478,1.5,1.5
21.783,5.2692,-0.033,0.0,0.5007,0.0265,0.4737,0.0789,2.5478,1.5,1.5
21.783,5.2692,-0.033,0.0,0.5007,0.0265,0.5,0.0789,2.5478,1.5,1.5
21.8,5.2776,-0.0331,0.0015,0.5006,0.028,0.5,0.0789,2.5478,1.5,1.5
21.8,5.2776,-0.0331,0.0015,0.5006,0.028,0.5,0.0789,2.5478,1.5,1.5
21.8,5.2776,-0.0331,0.0015,0.5006,0.028,0.5,0.0789,2.5533,1.5,1.5
21.833,5.2942,-0.0333,0.0028,0.5008,0.0327,0.5,0.0789,2.5533,1.5,1.5
21.85,5.3026,-0.0334,0.0037,0.5009,0.0351,0.5,0.0789,2.5533,1.5,1.5
21.85,5.3026,-0.0334,0.0037,0.5009,0.0351,0.5,0.0789,2.5533,1.5,1.5
21.867,5.3109,-0.0335,0.0044,0.501,0.0374,0.5,0.0789,2.5533,1.5,1.5
21.867,5.3109,-0.0335,0.0044,0.501,0.0374,0.5,0.0789,2.5533,1.5,1.5
21.867,5.3109,-0.0335,0.0044,0.501,0.0374,0.5,0.0789,2.5533,1.5,1.5
21.9,5.327,-0.0336,0.0062,0.4759,0.0392,0.4737,0.0789,2.5533,1.5,1.5
21.917,5.335,-0.0337,0.007,0.4752,0.0418,0.4737,0.0789,2.5533,1.5,1.5
21.917,5.335,-0.0337,0.007,0.4752,0.0418,0.4737,0.0789,2.5895,1.5,1.5
21.917,5.335,-0.0337,0.007,0.4752,0.0418,0.4737,0.0789,2.5895,1.5,1.5
21.95,5.3514,-0.0339,0.0089,0.4993,0.0498,0.4737,0.0789,2.5895,1.5,1.5
21.967,5.3597,-0.0339,0.0099,0.5012,0.0512,0.4737,0.0789,2.5895,1.5,1.5
21.967,5.3597,-0.0339,0.0099,0.5012,0.0512,0.5,0.0263,2.5895,1.5,1.5
21.967,5.3597,-0.0339,0.0099,0.5012,0.0512,0.5,0.0263,2.5895,1.5,1.5
21.967,5.3597,-0.0339,0.0099,0.5012,0.0512,0.5,0.0263,2.5895,1.5,1.5
22.0,5.3764,-0.0341,0.0119,0.5018,0.0554,0.5,0.0263,2.5895,1.5,1.5
22.017,5.3848,-0.0341,0.013,0.5019,0.0573,0.5,0.0263,2.5895,1.5,1.5
22.017,5.3848,-0.0341,0.013,0.5019,0.0573,0.5,0.0263,2.5895,1.5,1.5
22.017,5.3848,-0.0341,0.013,0.5019,0.0573,0.5,0.0263,2.6177,1.5,1.5
22.033,5.393,-0.0342,0.0141,0.481,0.0564,0.5,0.0263,2.6177,1.5,1.5
22.033,5.393,-0.0342,0.0141,0.481,0.0564,0.5,0.0263,2.6177,1.5,1.5
22.033,5.393,-0.0342,0.0141,0.481,0.0564,0.5,0.0789,2.6177,1.5,1.5
22.067,5.4089,-0.0343,0.0163,0.4759,0.0597,0.5,0.0789,2.6177,1.5,1.5
22.083,5.4168,-0.0343,0.0174,0.4746,0.0589,0.5,0.0789,2.6177,1.5,1.5
22.083,5.4168,-0.0343,0.0174,0.4746,0.0589,0.5,0.0789,2.6177,1.5,1.5
22.083,5.4168,-0.0343,0.0174,0.4746,0.0589,0.5,0.0789,2.6177,1.5,1.5
22.117,5.4332,-0.0343,0.0195,0.4973,0.0659,0.5,0.0789,2.6177,1.5,1.5
22.117,5.4332,-0.0343,0.0195,0.4973,0.0659,0.5,0.0789,2.5862,1.5,1.5
22.133,5.4415,-0.0343,0.0205,0.499,0.0622,0.5,0.0789,2.5862,1.5,1.5
22.133,5.4415,-0.0343,0.0205,0.499,0.0622,0.5,0.0789,2.5862,1.5,1.5
22.167,5.4582,-0.0343,0.0225,0.5001,0.0726,0.5,0.0789,2.5862,1.5,1.5
22.167,5.4582,-0.0343,0.0225,0.5001,0.0726,0.5,0.0789,2.5862,1.5,1.5
22.183,5.4665,-0.0342,0.0237,0.5002,0.0686,0.5,0.0789,2.5862,1.5,1.5
22.183,5.4665,-0.0342,0.0237,0.5002,0.0686,0.5,0.0789,2.5862,1.5,1.5
22.2,5.4749,-0.0342,0.0248,0.5009,0.0626,0.5,0.0789,2.5862,1.5,1.5
22.2,5.4749,-0.0342,0.0248,0.5009,0.0626,0.5,0.0789,2.5862,1.5,1.5
22.2,5.4749,-0.0342,0.0248,0.5009,0.0626,0.5,0.0789,2.5306,1.5,1.5
22.233,5.4916,-0.0341,0.0271,0.5006,0.0689,0.4737,0.0789,2.5306,1.5,1.5
22.25,5.4999,-0.0341,0.0282,0.5016,0.0734,0.4737,0.0789,2.5306,1.5,1.5
22.25,5.4999,-0.0341,0.0282,0.5016,0.0734,0.4737,0.0789,2.5306,1.5,1.5
22.25,5.4999,-0.0341,0.0282,0.5016,0.0734,0.4737,0.0789,2.5306,1.5,1.5
22.283,5.5166,-0.034,0.0307,0.499,0.0701,0.4737,0.0789,2.5306,1.5,1.5
22.283,5.5166,-0.034,0.0307,0.499,0.0701,0.5,0.0263,2.5306,1.5,1.5
22.3,5.5249,-0.0339,0.0319,0.4993,0.0777,0.5,0.0,2.5306,1.5,1.5
22.3,5.5249,-0.0339,0.0319,0.4993,0.0777,0.5,0.0,2.5306,1.5,1.5
22.3,5.5249,-0.0339,0.0319,0.4993,0.0777,0.5,0.0,2.5093,1.5,1.5
22.333,5.5416,-0.0337,0.0344,0.5019,0.079,0.5,0.0,2.5093,1.5,1.5
22.35,5.55,-0.0336,0.0357,0.5,0.0744,0.5,0.0,2.5093,1.5,1.5
22.35,5.55,-0.0336,0.0357,0.5,0.0744,0.5,0.0,2.5093,1.5,1.5
22.367,5.5581,-0.0335,0.0369,0.4824,0.0782,0.5,0.0,2.5093,1.5,1.5
22.367,5.5581,-0.0335,0.0369,0.4824,0.0782,0.5,0.0,2.5093,1.5,1.5
22.367,5.5581,-0.0335,0.0369,0.4824,0.0782,0.5,0.0,2.5093,1.5,1.5
22.4,5.574,-0.0333,0.0394,0.4742,0.0753,0.5,0.0,2.5093,1.5,1.5
22.417,5.5819,-0.0331,0.0406,0.4746,0.0772,0.5,0.0,2.5093,1.5,1.5
22.417,5.5819,-0.0331,0.0406,0.4746,0.0772,0.4737,0.0,2.4667,1.5,1.5
22.417,5.5819,-0.0331,0.0406,0.4746,0.0772,0.4737,0.0,2.4667,1.5,1.5
22.45,5.5983,-0.0328,0.0427,0.4973,0.0746,0.4737,0.0,2.4667,1.5,1.5
22.45,5.5983,-0.0328,0.0427,0.4973,0.0746,0.4737,0.0,2.4667,1.5,1.5
22.467,5.6066,-0.0325,0.0437,0.4981,0.0712,0.5,0.0,2.4667,1.5,1.5
22.467,5.6066,-0.0325,0.0437,0.4981,0.0712,0.5,0.0,2.4667,1.5,1.5
22.5,5.6232,-0.0321,0.0455,0.4974,0.0629,0.5,0.0,2.4667,1.5,1.5
22.5,5.6232,-0.0321,0.0455,0.4974,0.0629,0.5,0.0,2.4667,1.5,1.5
22.517,5.6315,-0.0318,0.0464,0.4993,0.062,0.5,0.0,2.4667,1.5,1.5
22.517,5.6315,-0.0318,0.0464,0.4993,0.062,0.4737,0.0,2.4042,1.5,1.5
22.533,5.6399,-0.0316,0.0472,0.4991,0.0641,0.4737,0.0,2.4042,1.5,1.5
22.533,5.6399,-0.0316,0.0472,0.4991,0.0641,0.4737,0.0,2.4042,1.5,1.5
22.533,5.6399,-0.0316,0.0472,0.4991,0.0641,0.4737,0.0,2.4042,1.5,1.5
22.567,5.6559,-0.031,0.0488,0.4751,0.0459,0.5,0.0,2.4042,1.5,1.5
22.583,5.6638,-0.0307,0.0494,0.4738,0.0462,0.5,0.0,2.4042,1.5,1.5
22.583,5.6638,-0.0307,0.0494,0.4738,0.0462,0.5,0.0,2.4042,1.5,1.5
22.583,5.6638,-0.0307,0.0494,0.4738,0.0462,0.5,0.0,2.4042,1.5,1.5
22.617,5.6802,-0.0301,0.0507,0.4982,0.0546,0.5,0.0,2.4042,1.5,1.5
22.633,5.6885,-0.0298,0.0514,0.4986,0.0465,0.5,0.0,2.3806,1.5,1.5
22.633,5.6885,-0.0298,0.0514,0.4986,0.0465,0.5,0.0,2.3806,1.5,1.5
22.633,5.6885,-0.0298,0.0514,0.4986,0.0465,0.5,0.0,2.3806,1.5,1.5
22.667,5.7049,-0.0291,0.0527,0.4795,0.0376,0.5,0.0,2.3806,1.5,1.5
22.667,5.7049,-0.0291,0.0527,0.4795,0.0376,0.5,0.0,2.3806,1.5,1.5
22.683,5.7129,-0.0288,0.0532,0.4754,0.0335,0.5,0.0,2.3806,1.5,1.5
22.7,5.721,-0.0284,0.0538,0.4934,0.0315,0.5,0.0,2.3806,1.5,1.5
22.7,5.721,-0.0284,0.0538,0.4934,0.0315,0.5,-0.0263,2.3806,1.5,1.5
22.7,5.721,-0.0284,0.0538,0.4934,0.0315,0.5,-0.0263,2.3806,1.5,1.5
22.733,5.7376,-0.0277,0.0549,0.4985,0.0381,0.5,-0.0263,2.369,1.5,1.5
22.733,5.7376,-0.0277,0.0549,0.4985,0.0381,0.4737,-0.0263,2.369,1.5,1.5
22.75,5.7459,-0.0273,0.0554,0.4998,0.0336,0.4737,-0.0263,2.369,1.5,1.5
22.75,5.7459,-0.0273,0.0554,0.4998,0.0336,0.4737,-0.0263,2.369,1.5,1.5
22.75,5.7459,-0.0273,0.0554,0.4998,0.0336,0.4737,-0.0263,2.369,1.5,1.5
22.783,5.7625,-0.0266,0.0565,0.5,0.033,0.4737,-0.0263,2.369,1.5,1.5
22.8,5.7709,-0.0262,0.057,0.5,0.0301,0.5,-0.0263,2.369,1.5,1.5
22.8,5.7709,-0.0262,0.057,0.5,0.0301,0.5,-0.0263,2.369,1.5,1.5
22.8,5.7709,-0.0262,0.057,0.5,0.0301,0.5,-0.0263,2.369,1.5,1.5
22.833,5.7875,-0.0253,0.0579,0.5004,0.0287,0.5,-0.0263,2.322,1.5,1.5
22.833,5.7875,-0.0253,0.0579,0.5004,0.0287,0.5,-0.0263,2.322,1.5,1.5
22.85,5.7959,-0.0249,0.0582,0.5003,0.0231,0.5,-0.0263,2.322,1.5,1.5
22.85,5.7959,-0.0249,0.0582,0.5003,0.0231,0.5,-0.0263,2.322,1.5,1.5
22.867,5.804,-0.0245,0.0585,0.4799,0.0236,0.5,-0.0263,2.322,1.5,1.5
22.867,5.804,-0.0245,0.0585,0.4799,0.0236,0.5,-0.0263,2.322,1.5,1.5
22.867,5.804,-0.0245,0.0585,0.4799,0.0236,0.5,-0.0263,2.322,1.5,1.5
22.9,5.8198,-0.0236,0.059,0.4745,0.02,0.5,-0.0263,2.322,1.5,1.5
22.917,5.8277,-0.0232,0.0592,0.4743,0.0183,0.5,-0.0263,2.322,1.5,1.5
22.917,5.8277,-0.0232,0.0592,0.4743,0.0183,0.5,-0.0263,2.4133,1.5,1.5
22.917,5.8277,-0.0232,0.0592,0.4743,0.0183,0.5,-0.0263,2.4133,1.5,1.5
22.95,5.8441,-0.0223,0.0596,0.4996,0.0172,0.5,-0.0263,2.4133,1.5,1.5
22.967,5.8525,-0.0218,0.0598,0.5006,0.016,0.5,-0.0263,2.4133,1.5,1.5
22.967,5.8525,-0.0218,0.0598,0.5006,0.016,0.5,-0.0263,2.4133,1.5,1.5
22.967,5.8525,-0.0218,0.0598,0.5006,0.016,0.5,-0.0263,2.4133,1.5,1.5
23.0,5.8691,-0.0209,0.06,0.5008,0.0142,0.5,-0.0263,2.4133,1.5,1.5
23.0,5.8691,-0.0209,0.06,0.5008,0.0142,0.5,-0.0263,2.4133,1.5,1.5
23.017,5.8775,-0.0204,0.0601,0.5006,0.0127,0.5,-0.0263,2.4133,1.5,1.5
23.033,5.8858,-0.0199,0.0602,0.501,0.0112,0.5,-0.0263,2.3234,1.5,1.5
23.033,5.8858,-0.0199,0.0602,0.501,0.0112,0.5,-0.0263,2.3234,1.5,1.5
23.033,5.8858,-0.0199,0.0602,0.501,0.0112,0.5,-0.0263,2.3234,1.5,1.5
23.067,5.9025,-0.0189,0.0603,0.5008,0.0105,0.5,-0.0263,2.3234,1.5,1.5
23.067,5.9025,-0.0189,0.0603,0.5008,0.0105,0.5,-0.0263,2.3234,1.5,1.5
23.083,5.9108,-0.0184,0.0604,0.5007,0.0099,0.5,-0.0263,2.3234,1.5,1.5
23.083,5.9108,-0.0184,0.0604,0.5007,0.0099,0.5,-0.0263,2.3234,1.5,1.5
23.083,5.9108,-0.0184,0.0604,0.5007,0.0099,0.5,-0.0263,2.3234,1.5,1.5
23.117,5.9274,-0.0174,0.0604,0.5005,0.008,0.5,-0.0263,2.3234,1.5,1.5
23.133,5.9358,-0.0169,0.0603,0.5005,0.0069,0.5,-0.0263,2.3038,1.5,1.5
23.133,5.9358,-0.0169,0.0603,0.5005,0.0069,0.4737,-0.0263,2.3038,1.5,1.5
23.133,5.9358,-0.0169,0.0603,0.5005,0.0069,0.4737,-0.0263,2.3038,1.5,1.5
23.167,5.9524,-0.0159,0.0602,0.5003,0.0042,0.4737,-0.0263,2.3038,1.5,1.5
23.167,5.9524,-0.0159,0.0602,0.5003,0.0042,0.5,-0.0263,2.3038,1.5,1.5
23.183,5.9607,-0.0153,0.0602,0.5002,0.0028,0.5,-0.0263,2.3038,1.5,1.5
23.2,5.969,-0.0148,0.0601,0.5001,0.0016,0.5,-0.0263,2.3038,1.5,1.5
23.2,5.969,-0.0148,0.0601,0.5001,0.0016,0.5,-0.0263,2.3038,1.5,1.5
23.2,5.969,-0.0148,0.0601,0.5001,0.0016,0.5,-0.0263,2.3038,1.5,1.5
23.233,5.9857,-0.0138,0.0598,0.5,-0.0008,0.5,-0.0263,2.2984,1.5,1.5
23.233,5.9857,-0.0138,0.0598,0.5,-0.0008,0.5,-0.0263,2.2984,1.5,1.5
23.25,5.994,-0.0133,0.0597,0.4998,-0.0023,0.5,-0.0263,2.2984,1.5,1.5
23.25,5.994,-0.0133,0.0597,0.4998,-0.0023,0.5,-0.0263,2.2984,1.5,1.5
23.283,6.01,-0.0123,0.0594,0.4746,-0.0047,0.5,-0.0263,2.2984,1.5,1.5
23.283,6.01,-0.0123,0.0594,0.4746,-0.0047,0.5,-0.0263,2.2984,1.5,1.5
23.3,6.0181,-0.0117,0.0592,0.4944,-0.0057,0.5,-0.0263,2.2984,1.5,1.5
23.3,6.0181,-0.0117,0.0592,0.4944,-0.0057,0.5,-0.0263,2.2984,1.5,1.5
23.3,6.0181,-0.0117,0.0592,0.4944,-0.0057,0.5,-0.0263,2.2984,1.5,1.5
23.333,6.0347,-0.0107,0.0588,0.4994,-0.0073,0.5,-0.0263,2.2984,1.5,1.5
23.333,6.0347,-0.0107,0.0588,0.4994,-0.0073,0.4737,-0.0263,2.2984,1.5,1.5
23.35,6.043,-0.0102,0.0586,0.4995,-0.0082,0.4737,-0.0263,2.2984,1.5,1.5
23.367,6.0513,-0.0097,0.0583,0.4995,-0.0093,0.4737,-0.0263,2.2984,1.5,1.5
23.367,6.0513,-0.0097,0.0583,0.4995,-0.0093,0.5,-0.0263,2.2984,1.5,1.5
23.367,6.0513,-0.0097,0.0583,0.4995,-0.0093,0.5,-0.0263,2.2984,1.5,1.5
23.4,6.0679,-0.0086,0.0579,0.4996,-0.0109,0.5,-0.0263,2.2984,1.5,1.5
23.4,6.0679,-0.0086,0.0579,0.4996,-0.0109,0.5,-0.0263,2.2984,1.5,1.5
23.417,6.0762,-0.0081,0.0576,0.4996,-0.0117,0.5,-0.0263,2.2984,1.5,1.5
23.417,6.0762,-0.0081,0.0576,0.4996,-0.0117,0.5,-0.0263,2.3211,1.5,1.5
23.417,6.0762,-0.0081,0.0576,0.4996,-0.0117,0.5,-0.0263,2.3211,1.5,1.5
23.45,6.0929,-0.007,0.0571,0.4996,-0.0132,0.5,-0.0263,2.3211,1.5,1.5
23.467,6.101,-0.0065,0.0568,0.4788,-0.0124,0.5,-0.0263,2.3211,1.5,1.5
23.467,6.101,-0.0065,0.0568,0.4788,-0.0124,0.5,-0.0263,2.3211,1.5,1.5
23.467,6.101,-0.0065,0.0568,0.4788,-0.0124,0.5,-0.0263,2.3211,1.5,1.5
23.5,6.1168,-0.0056,0.0562,0.4737,-0.0141,0.5,-0.0263,2.3211,1.5,1.5
23.5,6.1168,-0.0056,0.0562,0.4737,-0.0141,0.5,-0.0263,2.3211,1.5,1.5
23.517,6.1249,-0.0051,0.056,0.4945,-0.0209,0.5,-0.0263,2.3211,1.5,1.5
23.533,6.1331,-0.0045,0.0557,0.4987,-0.0141,0.5,-0.0263,2.3087,1.5,1.5
23.533,6.1331,-0.0045,0.0557,0.4987,-0.0141,0.5,-0.0263,2.3087,1.5,1.5
23.533,6.1331,-0.0045,0.0557,0.4987,-0.0141,0.5,-0.0263,2.3087,1.5,1.5
23.567,6.1498,-0.0035,0.0551,0.4999,-0.017,0.5,-0.0263,2.3087,1.5,1.5
23.567,6.1498,-0.0035,0.0551,0.4999,-0.017,0.5,-0.0263,2.3087,1.5,1.5
23.583,6.1581,-0.003,0.0548,0.5001,-0.0168,0.5,-0.0263,2.3087,1.5,1.5
23.583,6.1581,-0.003,0.0548,0.5001,-0.0168,0.5,-0.0263,2.3087,1.5,1.5
23.617,6.1747,-0.002,0.0542,0.5002,-0.0171,0.5,-0.0263,2.3087,1.5,1.5
23.617,6.1747,-0.002,0.0542,0.5002,-0.0171,0.5,-0.0263,2.3087,1.5,1.5
23.633,6.1831,-0.0015,0.0538,0.5003,-0.0174,0.5,-0.0263,2.2967,1.5,1.5
23.633,6.1831,-0.0015,0.0538,0.5003,-0.0174,0.5,-0.0263,2.2967,1.5,1.5
23.633,6.1831,-0.0015,0.0538,0.5003,-0.0174,0.4737,-0.0263,2.2967,1.5,1.5
23.667,6.1997,-0.0005,0.0532,0.5004,-0.0178,0.4737,-0.0263,2.2967,1.5,1.5
23.667,6.1997,-0.0005,0.0532,0.5004,-0.0178,0.4737,-0.0263,2.2967,1.5,1.5
23.683,6.2081,-0.0,0.0529,0.5005,-0.0181,0.5,-0.0263,2.2967,1.5,1.5
23.7,6.2164,0.0005,0.0526,0.5005,-0.0182,0.5,-0.0263,2.2967,1.5,1.5
23.7,6.2164,0.0005,0.0526,0.5005,-0.0182,0.5,-0.0263,2.2967,1.5,1.5
23.7,6.2164,0.0005,0.0526,0.5005,-0.0182,0.5,-0.0263,2.2967,1.5,1.5
23.733,6.233,0.0014,0.0519,0.5006,-0.0185,0.5,-0.0263,2.3082,1.5,1.5
23.733,6.233,0.0014,0.0519,0.5006,-0.0185,0.5,-0.0263,2.3082,1.5,1.5
23.75,6.2414,0.0019,0.0516,0.5006,-0.0187,0.5,-0.0263,2.3082,1.5,1.5
23.75,6.2414,0.0019,0.0516,0.5006,-0.0187,0.5,-0.0263,2.3082,1.5,1.5
23.783,6.2578,0.0029,0.0509,0.4798,-0.017,0.5,-0.0263,2.3082,1.5,1.5
23.783,6.2578,0.0029,0.0509,0.4798,-0.017,0.5,-0.0263,2.3082,1.5,1.5
23.8,6.2658,0.0033,0.0505,0.4755,-0.0185,0.5,-0.0263,2.3082,1.5,1.5
23.8,6.2658,0.0033,0.0505,0.4755,-0.0185,0.5,-0.0263,2.3082,1.5,1.5
23.8,6.2658,0.0033,0.0505,0.4755,-0.0185,0.5,-0.0263,2.3145,1.5,1.5
23.833,6.2822,0.0042,0.0498,0.4994,-0.0186,0.4737,-0.0263,2.3145,1.5,1.5
23.85,6.2905,0.0047,0.0494,0.5004,-0.0199,0.4737,-0.0263,2.3145,1.5,1.5
23.85,6.2905,0.0047,0.0494,0.5004,-0.0199,0.4737,-0.0263,2.3145,1.5,1.5
23.867,6.2988,0.0052,0.0491,0.5012,-0.0203,0.4737,-0.0263,2.3145,1.5,1.5
23.867,6.2988,0.0052,0.0491,0.5012,-0.0203,0.4737,-0.0263,2.3145,1.5,1.5
23.867,6.2988,0.0052,0.0491,0.5012,-0.0203,0.5,-0.0263,2.3145,1.5,1.5
23.9,6.3155,0.0061,0.0483,0.501,-0.0239,0.5,-0.0789,2.3145,1.5,1.5
23.917,6.3238,0.0066,0.0479,0.5006,-0.0231,0.5,-0.0789,2.3145,1.5,1.5
23.917,6.3238,0.0066,0.0479,0.5006,-0.0231,0.5,-0.0789,2.3085,1.5,1.5
23.917,6.3238,0.0066,0.0479,0.5006,-0.0231,0.5,-0.0789,2.3085,1.5,1.5
23.95,6.3405,0.0075,0.0471,0.5003,-0.0262,0.5,-0.0789,2.3085,1.5,1.5
23.95,6.3405,0.0075,0.0471,0.5003,-0.0262,0.5,-0.0789,2.3085,1.5,1.5
23.967,6.3486,0.0079,0.0466,0.4792,-0.0235,0.5,-0.0789,2.3085,1.5,1.5
23.967,6.3486,0.0079,0.0466,0.4792,-0.0235,0.5,-0.0789,2.3085,1.5,1.5
23.967,6.3486,0.0079,0.0466,0.4792,-0.0235,0.5,-0.0789,2.3085,1.5,1.5
24.0,6.3644,0.0088,0.0458,0.474,-0.0221,0.5,-0.0789,2.3085,1.5,1.5
24.017,6.3725,0.0092,0.0454,0.4945,-0.026,0.5,-0.0789,2.3085,1.5,1.5
24.017,6.3725,0.0092,0.0454,0.4945,-0.026,0.5,-0.0789,2.3368,1.5,1.5
24.033,6.3808,0.0097,0.0448,0.4996,-0.0223,0.5,-0.0789,2.3368,1.5,1.5
24.033,6.3808,0.0097,0.0448,0.4996,-0.0223,0.5,-0.0789,2.3368,1.5,1.5
24.033,6.3808,0.0097,0.0448,0.4996,-0.0223,0.5,-0.0789,2.3368,1.5,1.5
24.067,6.3974,0.0106,0.0435,0.4999,-0.0214,0.5,-0.0789,2.3368,1.5,1.5
24.083,6.4058,0.0111,0.0429,0.4993,-0.0254,0.5,-0.0789,2.3368,1.5,1.5
24.083,6.4058,0.0111,0.0429,0.4993,-0.0254,0.5,-0.0789,2.3368,1.5,1.5
24.083,6.4058,0.0111,0.0429,0.4993,-0.0254,0.5,-0.0789,2.3368,1.5,1.5
24.117,6.4224,0.012,0.0415,0.5007,-0.0276,0.5,-0.0789,2.3368,1.5,1.5
24.117,6.4224,0.012,0.0415,0.5007,-0.0276,0.5,-0.0789,2.3368,1.5,1.5
24.133,6.4307,0.0125,0.0407,0.4995,-0.0384,0.5,-0.0789,2.3175,1.5,1.5
24.133,6.4307,0.0125,0.0407,0.4995,-0.0384,0.5,-0.0789,2.3175,1.5,1.5
24.133,6.4307,0.0125,0.0407,0.4995,-0.0384,0.5,-0.0789,2.3175,1.5,1.5
24.167,6.4473,0.0134,0.0391,0.4997,-0.0449,0.5,-0.0789,2.3175,1.5,1.5
24.183,6.4556,0.0138,0.0383,0.5004,-0.0373,0.5,-0.0789,2.3175,1.5,1.5
24.183,6.4556,0.0138,0.0383,0.5004,-0.0373,0.5,-0.0789,2.3175,1.5,1.5
24.2,6.464,0.0143,0.0374,0.5013,-0.0435,0.5,-0.0789,2.3175,1.5,1.5
24.2,6.464,0.0143,0.0374,0.5013,-0.0435,0.5,-0.0789,2.3175,1.5,1.5
24.2,6.464,0.0143,0.0374,0.5013,-0.0435,0.5,-0.0789,2.3417,1.5,1.5
24.233,6.4806,0.0152,0.0356,0.5008,-0.0451,0.5,-0.0789,2.3417,1.5,1.5
24.25,6.4889,0.0156,0.0347,0.5004,-0.0414,0.5,-0.0789,2.3417,1.5,1.5
24.25,6.4889,0.0156,0.0347,0.5004,-0.0414,0.4737,-0.0789,2.3417,1.5,1.5
24.25,6.4889,0.0156,0.0347,0.5004,-0.0414,0.4737,-0.0789,2.3417,1.5,1.5
24.283,6.5056,0.0165,0.0327,0.4994,-0.0515,0.4737,-0.0789,2.3417,1.5,1.5
24.283,6.5056,0.0165,0.0327,0.4994,-0.0515,0.5,-0.0789,2.3417,1.5,1.5
24.3,6.5139,0.0169,0.0317,0.5,-0.0561,0.5,-0.0789,2.3417,1.5,1.5
24.3,6.5139,0.0169,0.0317,0.5,-0.0561,0.5,-0.0789,2.3417,1.5,1.5
24.3,6.5139,0.0169,0.0317,0.5,-0.0561,0.5,-0.0789,2.3417,1.5,1.5
24.333,6.5306,0.0177,0.0296,0.4987,-0.0598,0.5,-0.0789,2.3965,1.5,1.5
24.35,6.5389,0.0181,0.0286,0.4997,-0.0585,0.4737,-0.0263,2.3965,1.5,1.5
24.35,6.5389,0.0181,0.0286,0.4997,-0.0585,0.4737,-0.0263,2.3965,1.5,1.5
24.367,6.5472,0.0185,0.0275,0.5011,-0.0609,0.4737,-0.0263,2.3965,1.5,1.5
24.367,6.5472,0.0185,0.0275,0.5011,-0.0609,0.4737,-0.0263,2.3965,1.5,1.5
24.367,6.5472,0.0185,0.0275,0.5011,-0.0609,0.4737,-0.0263,2.3965,1.5,1.5
24.4,6.5633,0.0193,0.0253,0.4745,-0.0618,0.5,-0.0263,2.3965,1.5,1.5
24.417,6.5712,0.0196,0.0243,0.4742,-0.0599,0.5,-0.0263,2.3965,1.5,1.5
24.417,6.5712,0.0196,0.0243,0.4742,-0.0599,0.5,-0.0263,2.3685,1.5,1.5
24.417,6.5712,0.0196,0.0243,0.4742,-0.0599,0.5,-0.0263,2.3685,1.5,1.5
24.45,6.5876,0.0204,0.022,0.4976,-0.0676,0.5,-0.0263,2.3685,1.5,1.5
24.45,6.5876,0.0204,0.022,0.4976,-0.0676,0.5,-0.0263,2.3685,1.5,1.5
24.467,6.5957,0.0207,0.021,0.4813,-0.0685,0.5,-0.0263,2.3685,1.5,1.5
24.467,6.5957,0.0207,0.021,0.4813,-0.0685,0.5,-0.0263,2.3685,1.5,1.5
24.467,6.5957,0.0207,0.021,0.4813,-0.0685,0.5,-0.0263,2.3685,1.5,1.5
24.5,6.6115,0.0213,0.019,0.4751,-0.0672,0.5,-0.0789,2.3685,1.5,1.5
24.517,6.6194,0.0216,0.0181,0.4746,-0.0678,0.5,-0.0789,2.3685,1.5,1.5
24.517,6.6194,0.0216,0.0181,0.4746,-0.0678,0.5,-0.0789,2.3685,1.5,1.5
24.533,6.6275,0.0219,0.0171,0.4932,-0.0613,0.5,-0.0789,2.4331,1.5,1.5
24.533,6.6275,0.0219,0.0171,0.4932,-0.0613,0.5,-0.0789,2.4331,1.5,1.5
24.533,6.6275,0.0219,0.0171,0.4932,-0.0613,0.5,-0.0789,2.4331,1.5,1.5
24.567,6.6441,0.0224,0.0152,0.4999,-0.0692,0.5,-0.0263,2.4331,1.5,1.5
24.567,6.6441,0.0224,0.0152,0.4999,-0.0692,0.5,-0.0263,2.4331,1.5,1.5
24.583,6.6525,0.0227,0.0142,0.5012,-0.0706,0.5,-0.0263,2.4331,1.5,1.5
24.583,6.6525,0.0227,0.0142,0.5012,-0.0706,0.5,-0.0263,2.4331,1.5,1.5
24.617,6.6691,0.0232,0.0124,0.4998,-0.062,0.5,-0.0263,2.4331,1.5,1.5
24.617,6.6691,0.0232,0.0124,0.4998,-0.062,0.5,-0.0263,2.5227,1.5,1.5
24.633,6.6775,0.0235,0.0113,0.5017,-0.0551,0.5,-0.0263,2.5227,1.5,1.5
24.633,6.6775,0.0235,0.0113,0.5017,-0.0551,0.5,-0.0263,2.5227,1.5,1.5
24.633,6.6775,0.0235,0.0113,0.5017,-0.0551,0.5,-0.0263,2.5227,1.5,1.5
24.667,6.6942,0.024,0.0092,0.5007,-0.0743,0.4737,-0.0263,2.5227,1.5,1.5
24.683,6.7025,0.0242,0.0081,0.5011,-0.0506,0.4737,-0.0263,2.5227,1.5,1.5
24.683,6.7025,0.0242,0.0081,0.5011,-0.0506,0.5,-0.0263,2.5227,1.5,1.5
24.7,6.7108,0.0244,0.0072,0.5011,-0.0676,0.5,-0.0263,2.5227,1.5,1.5
24.7,6.7108,0.0244,0.0072,0.5011,-0.0676,0.5,-0.0263,2.5227,1.5,1.5
24.7,6.7108,0.0244,0.0072,0.5011,-0.0676,0.5,-0.0263,2.5227,1.5,1.5
24.733,6.7275,0.0248,0.0053,0.5013,-0.0629,0.5,-0.0263,2.5319,1.5,1.5
24.75,6.7358,0.025,0.0043,0.4999,-0.06,0.5,-0.0263,2.5319,1.5,1.5
24.75,6.7358,0.025,0.0043,0.4999,-0.06,0.5,-0.0263,2.5319,1.5,1.5
24.75,6.7358,0.025,0.0043,0.4999,-0.06,0.5,-0.0263,2.5319,1.5,1.5
24.783,6.7525,0.0253,0.0023,0.499,-0.0593,0.5,-0.0263,2.5319,1.5,1.5
24.783,6.7525,0.0253,0.0023,0.499,-0.0593,0.5,-0.0263,2.5319,1.5,1.5
24.8,6.7606,0.0255,0.0014,0.4799,-0.0533,0.5,0.0,2.5319,1.5,1.5
24.8,6.7606,0.0255,0.0014,0.4799,-0.0533,0.5,0.0,2.5319,1.5,1.5
24.8,6.7606,0.0255,0.0014,0.4799,-0.0533,0.5,0.0,2.5272,1.5,1.5
24.833,6.7767,0.0258,0.0,0.4913,-0.0628,0.5,0.0,2.5272,1.5,1.5
24.85,6.7849,0.0259,-0.001,0.4972,-0.0573,0.5,0.0,2.5272,1.5,1.5
24.85,6.7849,0.0259,-0.001,0.4972,-0.0573,0.5,0.0,2.5272,1.5,1.5
24.867,6.7932,0.026,-0.0021,0.4978,-0.0584,0.5,0.0,2.5272,1.5,1.5
24.867,6.7932,0.026,-0.0021,0.4978,-0.0584,0.5,0.0,2.5272,1.5,1.5
24.867,6.7932,0.026,-0.0021,0.4978,-0.0584,0.5,0.0,2.5272,1.5,1.5
24.9,6.8098,0.0262,-0.0038,0.4986,-0.0566,0.5,0.0,2.5272,1.5,1.5
24.917,6.8181,0.0263,-0.0047,0.4986,-0.0563,0.5,0.0,2.5272,1.5,1.5
24.917,6.8181,0.0263,-0.0047,0.4986,-0.0563,0.5,0.0,2.5272,1.5,1.5
24.917,6.8181,0.0263,-0.0047,0.4986,-0.0563,0.5,0.0,2.5549,1.5,1.5
24.95,6.8348,0.0265,-0.0064,0.4985,-0.0518,0.5,0.0,2.5549,1.5,1.5
24.95,6.8348,0.0265,-0.0064,0.4985,-0.0518,0.4737,0.0,2.5549,1.5,1.5
24.967,6.8431,0.0266,-0.0071,0.5001,-0.0511,0.4737,0.0,2.5549,1.5,1.5
24.967,6.8431,0.0266,-0.0071,0.5001,-0.0511,0.4737,0.0,2.5549,1.5,1.5
24.967,6.8431,0.0266,-0.0071,0.5001,-0.0511,0.4737,0.0,2.5549,1.5,1.5
25.0,6.8597,0.0266,-0.0085,0.4997,-0.0516,0.5,0.0,2.5549,1.5,1.5
25.017,6.8681,0.0267,-0.0092,0.5005,-0.0596,0.5,0.0,2.5549,1.5,1.5
25.017,6.8681,0.0267,-0.0092,0.5005,-0.0596,0.5,0.0,2.6233,1.5,1.5
25.033,6.8764,0.0267,-0.0099,0.4989,-0.0404,0.5,0.0,2.6233,1.5,1.5
25.033,6.8764,0.0267,-0.0099,0.4989,-0.0404,0.5,0.0,2.6233,1.5,1.5
25.033,6.8764,0.0267,-0.0099,0.4989,-0.0404,0.5,0.0,2.6233,1.5,1.5
25.067,6.893,0.0267,-0.0111,0.4993,-0.0359,0.5,0.0,2.6233,1.5,1.5
25.083,6.9014,0.0267,-0.0116,0.4993,-0.0347,0.5,0.0,2.6233,1.5,1.5
25.083,6.9014,0.0267,-0.0116,0.4993,-0.0347,0.5,0.0,2.6233,1.5,1.5
25.083,6.9014,0.0267,-0.0116,0.4993,-0.0347,0.5,0.0,2.6233,1.5,1.5
25.117,6.9174,0.0267,-0.0126,0.4741,-0.0323,0.5,0.0,2.6233,1.5,1.5
25.117,6.9174,0.0267,-0.0126,0.4741,-0.0323,0.5,0.0,2.6027,1.5,1.5
25.133,6.9255,0.0266,-0.0131,0.4927,-0.0376,0.5,0.0,2.6027,1.5,1.5
25.133,6.9255,0.0266,-0.0131,0.4927,-0.0376,0.5,0.0,2.6027,1.5,1.5
25.133,6.9255,0.0266,-0.0131,0.4927,-0.0376,0.5,0.0,2.6027,1.5,1.5
25.167,6.9421,0.0265,-0.014,0.4993,-0.0295,0.4737,0.0,2.6027,1.5,1.5
25.183,6.9504,0.0265,-0.0144,0.4997,-0.0286,0.4737,0.0,2.6027,1.5,1.5
25.183,6.9504,0.0265,-0.0144,0.4997,-0.0286,0.5,0.0,2.6027,1.5,1.5
25.2,6.9588,0.0264,-0.0148,0.4996,-0.0273,0.5,0.0,2.6027,1.5,1.5
25.2,6.9588,0.0264,-0.0148,0.4996,-0.0273,0.5,0.0,2.6027,1.5,1.5
25.233,6.9754,0.0263,-0.0156,0.5,-0.025,0.5,0.0,2.6557,1.5,1.5
25.233,6.9754,0.0263,-0.0156,0.5,-0.025,0.5,0.0,2.6557,1.5,1.5
25.25,6.9838,0.0262,-0.016,0.5001,-0.0246,0.5,0.0,2.6557,1.5,1.5
25.25,6.9838,0.0262,-0.016,0.5001,-0.0246,0.5,0.0,2.6557,1.5,1.5
25.25,6.9838,0.0262,-0.016,0.5001,-0.0246,0.5,0.0,2.6557,1.5,1.5
25.283,7.0004,0.026,-0.0166,0.5002,-0.0247,0.5,0.0,2.6557,1.5,1.5
25.3,7.0086,0.026,-0.0169,0.4793,-0.0232,0.5,0.0,2.6557,1.5,1.5
25.3,7.0086,0.026,-0.0169,0.4793,-0.0232,0.5,0.0,2.6557,1.5,1.5
25.3,7.0086,0.026,-0.0169,0.4793,-0.0232,0.5,0.0,2.6557,1.5,1.5
25.333,7.0246,0.0258,-0.0175,0.4949,-0.0218,0.5,0.0,2.6525,1.5,1.5
25.333,7.0246,0.0258,-0.0175,0.4949,-0.0218,0.5,0.0,2.6525,1.5,1.5
25.35,7.0329,0.0257,-0.0178,0.4992,-0.022,0.5,0.0,2.6525,1.5,1.5
25.367,7.0413,0.0256,-0.0181,0.5003,-0.0209,0.4737,0.0,2.6525,1.5,1.5
25.367,7.0413,0.0256,-0.0181,0.5003,-0.0209,0.4737,0.0,2.6525,1.5,1.5
25.367,7.0413,0.0256,-0.0181,0.5003,-0.0209,0.4737,0.0,2.6525,1.5,1.5
25.4,7.058,0.0253,-0.0186,0.5006,-0.0196,0.4737,0.0,2.6525,1.5,1.5
25.4,7.058,0.0253,-0.0186,0.5006,-0.0196,0.5,0.0,2.6525,1.5,1.5
25.417,7.0663,0.0252,-0.0188,0.5005,-0.0194,0.5,0.0,2.6525,1.5,1.5
25.417,7.0663,0.0252,-0.0188,0.5005,-0.0194,0.5,0.0,2.6563,1.5,1.5
25.417,7.0663,0.0252,-0.0188,0.5005,-0.0194,0.5,0.0,2.6563,1.5,1.5
25.45,7.083,0.025,-0.0193,0.5005,-0.0177,0.5,0.0,2.6563,1.5,1.5
25.467,7.0913,0.0248,-0.0195,0.5006,-0.0175,0.5,0.0263,2.6563,1.5,1.5
25.467,7.0913,0.0248,-0.0195,0.5006,-0.0175,0.5,0.0263,2.6563,1.5,1.5
25.467,7.0913,0.0248,-0.0195,0.5006,-0.0175,0.4737,0.0,2.6563,1.5,1.5
25.5,7.1078,0.0246,-0.0199,0.4798,-0.0133,0.4737,0.0,2.6563,1.5,1.5
25.5,7.1078,0.0246,-0.0199,0.4798,-0.0133,0.5,0.0263,2.6563,1.5,1.5
25.517,7.1158,0.0244,-0.0201,0.4755,-0.0155,0.5,0.0263,2.6563,1.5,1.5
25.517,7.1158,0.0244,-0.0201,0.4755,-0.0155,0.5,0.0263,2.5797,1.5,1.5
25.533,7.1239,0.0243,-0.0203,0.4958,-0.0154,0.5,0.0263,2.5797,1.5,1.5
25.533,7.1239,0.0243,-0.0203,0.4958,-0.0154,0.5,0.0263,2.5797,1.5,1.5
25.567,7.1405,0.024,-0.0206,0.5003,-0.0133,0.5,0.0263,2.5797,1.5,1.5
25.567,7.1405,0.024,-0.0206,0.5003,-0.0133,0.5,0.0263,2.5797,1.5,1.5
25.583,7.1489,0.0239,-0.0208,0.5005,-0.013,0.5,0.0263,2.5797,1.5,1.5
25.583,7.1489,0.0239,-0.0208,0.5005,-0.013,0.5,0.0263,2.5797,1.5,1.5
25.583,7.1489,0.0239,-0.0208,0.5005,-0.013,0.5,0.0263,2.5797,1.5,1.5
25.617,7.1653,0.0236,-0.0211,0.4796,-0.009,0.5,0.0263,2.5797,1.5,1.5
25.633,7.1735,0.0234,-0.0212,0.4935,-0.0158,0.5,0.0263,2.5974,1.5,1.5
25.633,7.1735,0.0234,-0.0212,0.4935,-0.0158,0.5,0.0263,2.5974,1.5,1.5
25.633,7.1735,0.0234,-0.0212,0.4935,-0.0158,0.5,0.0263,2.5974,1.5,1.5
25.667,7.1901,0.0231,-0.0214,0.4998,-0.0095,0.5,0.0263,2.5974,1.5,1.5
25.667,7.1901,0.0231,-0.0214,0.4998,-0.0095,0.4737,0.0263,2.5974,1.5,1.5
25.683,7.1984,0.0229,-0.0214,0.5001,-0.0102,0.4737,0.0263,2.5974,1.5,1.5
25.7,7.2067,0.0227,-0.0214,0.5,-0.0085,0.4737,0.0263,2.5974,1.5,1.5
25.7,7.2067,0.0227,-0.0214,0.5,-0.0085,0.5,0.0263,2.5974,1.5,1.5
25.7,7.2067,0.0227,-0.0214,0.5,-0.0085,0.5,0.0263,2.5974,1.5,1.5
25.733,7.2234,0.0224,-0.0215,0.5002,-0.0075,0.5,0.0263,2.5723,1.5,1.5
25.733,7.2234,0.0224,-0.0215,0.5002,-0.0075,0.5,0.0263,2.5723,1.5,1.5
25.75,7.2317,0.0222,-0.0215,0.4999,-0.0065,0.4737,0.0263,2.5723,1.5,1.5
25.75,7.2317,0.0222,-0.0215,0.4999,-0.0065,0.4737,0.0263,2.5723,1.5,1.5
25.75,7.2317,0.0222,-0.0215,0.4999,-0.0065,0.4737,0.0263,2.5723,1.5,1.5
25.783,7.2484,0.0218,-0.0214,0.4998,-0.0043,0.4737,0.0263,2.5723,1.5,1.5
25.8,7.2565,0.0216,-0.0214,0.4789,-0.0025,0.4737,0.0263,2.5723,1.5,1.5
25.8,7.2565,0.0216,-0.0214,0.4789,-0.0025,0.5,0.0263,2.5723,1.5,1.5
25.8,7.2565,0.0216,-0.0214,0.4789,-0.0025,0.5,0.0263,2.5723,1.5,1.5
25.833,7.2723,0.0213,-0.0213,0.4737,-0.0018,0.5,0.0263,2.5941,1.5,1.5
25.833,7.2723,0.0213,-0.0213,0.4737,-0.0018,0.5,0.0263,2.5941,1.5,1.5
25.85,7.2804,0.0211,-0.0212,0.4942,-0.0018,0.5,0.0263,2.5941,1.5,1.5
25.867,7.2887,0.0209,-0.0211,0.4986,-0.0001,0.5,0.0263,2.5941,1.5,1.5
25.867,7.2887,0.0209,-0.0211,0.4986,-0.0001,0.5,0.0263,2.5941,1.5,1.5
25.867,7.2887,0.0209,-0.0211,0.4986,-0.0001,0.5,0.0263,2.5941,1.5,1.5
25.9,7.3048,0.0205,-0.0209,0.4744,0.0014,0.5,0.0263,2.5941,1.5,1.5
25.9,7.3048,0.0205,-0.0209,0.4744,0.0014,0.5,0.0263,2.5941,1.5,1.5
25.917,7.3127,0.0204,-0.0208,0.4735,0.0021,0.5,0.0263,2.5941,1.5,1.5
25.917,7.3127,0.0204,-0.0208,0.4735,0.0021,0.5,0.0263,2.5575,1.5,1.5
25.917,7.3127,0.0204,-0.0208,0.4735,0.0021,0.5,0.0263,2.5575,1.5,1.5
25.95,7.329,0.02,-0.0205,0.4985,0.0038,0.4737,0.0263,2.5575,1.5,1.5
25.967,7.3374,0.0198,-0.0203,0.4995,0.0047,0.4737,0.0263,2.5575,1.5,1.5
25.967,7.3374,0.0198,-0.0203,0.4995,0.0047,0.4737,0.0263,2.5575,1.5,1.5
25.967,7.3374,0.0198,-0.0203,0.4995,0.0047,0.4737,0.0263,2.5575,1.5,1.5
26.0,7.354,0.0194,-0.0199,0.4998,0.0063,0.4737,0.0263,2.5575,1.5,1.5
26.0,7.354,0.0194,-0.0199,0.4998,0.0063,0.5,0.0263,2.5575,1.5,1.5
26.017,7.3624,0.0192,-0.0197,0.4999,0.0071,0.5,0.0263,2.5575,1.5,1.5
26.033,7.3707,0.019,-0.0195,0.5,0.0079,0.5,0.0263,2.5637,1.5,1.5
26.033,7.3707,0.019,-0.0195,0.5,0.0079,0.5,0.0263,2.5637,1.5,1.5
26.033,7.3707,0.019,-0.0195,0.5,0.0079,0.5,0.0263,2.5637,1.5,1.5
26.033,7.3707,0.019,-0.0195,0.5,0.0079,0.5,0.0263,2.5637,1.5,1.5
26.033,7.3707,0.019,-0.0195,0.5,0.0079,0.5,0.0263,2.5637,1.5,1.5
26.067,7.3874,0.0186,-0.019,0.5001,0.0095,0.4737,0.0263,2.5637,1.5,1.5
26.083,7.3955,0.0184,-0.0188,0.4796,0.0114,0.4737,0.0263,2.5637,1.5,1.5
26.083,7.3955,0.0184,-0.0188,0.4796,0.0114,0.4737,0.0263,2.5637,1.5,1.5
26.083,7.3955,0.0184,-0.0188,0.4796,0.0114,0.4737,0.0263,2.5637,1.5,1.5
26.117,7.4113,0.018,-0.0182,0.4746,0.0114,0.4737,0.0263,2.5637,1.5,1.5
26.117,7.4113,0.018,-0.0182,0.4746,0.0114,0.5,0.0263,2.6031,1.5,1.5
26.133,7.4195,0.0178,-0.0179,0.4945,0.0156,0.5,0.0263,2.6031,1.5,1.5
26.133,7.4195,0.0178,-0.0179,0.4945,0.0156,0.5,0.0263,2.6031,1.5,1.5
26.167,7.4361,0.0174,-0.0173,0.5004,0.0148,0.5,0.0263,2.6031,1.5,1.5
26.167,7.4361,0.0174,-0.0173,0.5004,0.0148,0.4737,0.0263,2.6031,1.5,1.5
26.183,7.4444,0.0172,-0.0169,0.5009,0.0157,0.4737,0.0263,2.6031,1.5,1.5
26.183,7.4444,0.0172,-0.0169,0.5009,0.0157,0.4737,0.0263,2.6031,1.5,1.5
26.2,7.4526,0.017,-0.0166,0.48,0.0144,0.5,0.0263,2.6031,1.5,1.5
26.2,7.4526,0.017,-0.0166,0.48,0.0144,0.5,0.0263,2.6031,1.5,1.5
26.233,7.4684,0.0167,-0.016,0.4747,0.0168,0.5,0.0263,2.6233,1.5,1.5
26.233,7.4684,0.0167,-0.016,0.4747,0.0168,0.5,0.0263,2.6233,1.5,1.5
26.25,7.4764,0.0165,-0.0156,0.4745,0.017,0.5,0.0263,2.6233,1.5,1.5
26.25,7.4764,0.0165,-0.0156,0.4745,0.017,0.5,0.0263,2.6233,1.5,1.5
26.25,7.4764,0.0165,-0.0156,0.4745,0.017,0.5,0.0263,2.6233,1.5,1.5
26.283,7.4928,0.0161,-0.0149,0.4997,0.0204,0.5,0.0263,2.6233,1.5,1.5
26.283,7.4928,0.0161,-0.0149,0.4997,0.0204,0.5,0.0263,2.6233,1.5,1.5
26.3,7.5009,0.0159,-0.0146,0.4798,0.0187,0.5,0.0263,2.6233,1.5,1.5
26.3,7.5009,0.0159,-0.0146,0.4798,0.0187,0.5,0.0263,2.6233,1.5,1.5
26.333,7.5168,0.0156,-0.0138,0.4748,0.0193,0.5,0.0263,2.6032,1.5,1.5
26.333,7.5168,0.0156,-0.0138,0.4748,0.0193,0.5,0.0263,2.6032,1.5,1.5
26.35,7.5249,0.0154,-0.0134,0.4952,0.0219,0.5,0.0263,2.6032,1.5,1.5
26.35,7.5249,0.0154,-0.0134,0.4952,0.0219,0.5,0.0263,2.6032,1.5,1.5
26.367,7.5332,0.0153,-0.0131,0.4997,0.0206,0.5,0.0263,2.6032,1.5,1.5
26.367,7.5332,0.0153,-0.0131,0.4997,0.0206,0.4737,0.0263,2.6032,1.5,1.5
26.4,7.5499,0.0149,-0.0123,0.5007,0.0219,0.4737,0.0263,2.6032,1.5,1.5
26.4,7.5499,0.0149,-0.0123,0.5007,0.0219,0.4737,0.0263,2.6032,1.5,1.5
26.417,7.5582,0.0148,-0.0119,0.5007,0.0222,0.4737,0.0263,2.6032,1.5,1.5
26.417,7.5582,0.0148,-0.0119,0.5007,0.0222,0.5,0.0263,2.6592,1.5,1.5
26.417,7.5582,0.0148,-0.0119,0.5007,0.0222,0.5,0.0263,2.6592,1.5,1.5
26.45,7.5749,0.0145,-0.0111,0.5006,0.0225,0.5,0.0263,2.6592,1.5,1.5
26.467,7.5832,0.0143,-0.0107,0.5005,0.0227,0.5,0.0263,2.6592,1.5,1.5
26.467,7.5832,0.0143,-0.0107,0.5005,0.0227,0.5,0.0,2.6592,1.5,1.5
26.467,7.5832,0.0143,-0.0107,0.5005,0.0227,0.5,0.0,2.6592,1.5,1.5
26.5,7.5999,0.014,-0.01,0.5004,0.0229,0.5,0.0,2.6592,1.5,1.5
26.5,7.5999,0.014,-0.01,0.5004,0.0229,0.5,0.0,2.6592,1.5,1.5
26.517,7.608,0.0139,-0.0095,0.4794,0.022,0.5,0.0,2.6592,1.5,1.5
26.517,7.608,0.0139,-0.0095,0.4794,0.022,0.5,0.0,2.6658,1.5,1.5
26.533,7.616,0.0137,-0.0092,0.475,0.0214,0.5,0.0,2.6658,1.5,1.5
26.533,7.616,0.0137,-0.0092,0.475,0.0214,0.5,0.0,2.6658,1.5,1.5
26.567,7.6324,0.0135,-0.0084,0.4989,0.0222,0.5,0.0,2.6658,1.5,1.5
26.567,7.6324,0.0135,-0.0084,0.4989,0.0222,0.4737,0.0,2.6658,1.5,1.5
26.583,7.6407,0.0133,-0.008,0.4997,0.0232,0.4737,0.0,2.6658,1.5,1.5
26.583,7.6407,0.0133,-0.008,0.4997,0.0232,0.4737,0.0,2.6658,1.5,1.5
26.583,7.6407,0.0133,-0.008,0.4997,0.0232,0.4737,0.0,2.6658,1.5,1.5
26.617,7.6573,0.0131,-0.0074,0.4998,0.0231,0.5,0.0,2.6658,1.5,1.5
26.633,7.6657,0.013,-0.0071,0.4996,0.0225,0.5,0.0,2.7791,1.5,1.5
26.633,7.6657,0.013,-0.0071,0.4996,0.0225,0.5,0.0,2.7791,1.5,1.5
26.633,7.6657,0.013,-0.0071,0.4996,0.0225,0.5,0.0,2.7791,1.5,1.5
26.667,7.6823,0.0128,-0.0065,0.4994,0.0212,0.5,0.0,2.7791,1.5,1.5
26.667,7.6823,0.0128,-0.0065,0.4994,0.0212,0.5,0.0,2.7791,1.5,1.5
26.683,7.6906,0.0127,-0.0063,0.4996,0.0194,0.5,0.0,2.7791,1.5,1.5
26.7,7.6988,0.0126,-0.006,0.4788,0.019,0.5,0.0,2.7791,1.5,1.5
26.7,7.6988,0.0126,-0.006,0.4788,0.019,0.5,0.0,2.7791,1.5,1.5
26.7,7.6988,0.0126,-0.006,0.4788,0.019,0.5,0.0,2.7791,1.5,1.5
26.733,7.7146,0.0125,-0.0055,0.4735,0.0177,0.5,0.0,2.6639,1.5,1.5
26.733,7.7146,0.0125,-0.0055,0.4735,0.0177,0.5,0.0,2.6639,1.5,1.5
26.75,7.7227,0.0124,-0.0053,0.4917,0.0244,0.5,0.0,2.6639,1.5,1.5
26.75,7.7227,0.0124,-0.0053,0.4917,0.0244,0.5,0.0,2.6639,1.5,1.5
26.75,7.7227,0.0124,-0.0053,0.4917,0.0244,0.5,0.0,2.6639,1.5,1.5
26.783,7.7393,0.0122,-0.0048,0.4992,0.0167,0.5,0.0,2.6639,1.5,1.5
26.8,7.7476,0.0122,-0.0046,0.4996,0.0165,0.5,0.0,2.6639,1.5,1.5
26.8,7.7476,0.0122,-0.0046,0.4996,0.0165,0.5,0.0,2.6639,1.5,1.5
26.8,7.7476,0.0122,-0.0046,0.4996,0.0165,0.5,0.0,2.6639,1.5,1.5
26.833,7.7643,0.012,-0.0041,0.4998,0.0152,0.5,0.0,2.6608,1.5,1.5
26.833,7.7643,0.012,-0.0041,0.4998,0.0152,0.5,0.0,2.6608,1.5,1.5
26.85,7.7726,0.0119,-0.0039,0.4999,0.0147,0.5,0.0,2.6608,1.5,1.5
26.85,7.7726,0.0119,-0.0039,0.4999,0.0147,0.5,0.0,2.6608,1.5,1.5
26.867,7.7809,0.0119,-0.0036,0.5,0.0143,0.5,0.0,2.6608,1.5,1.5
26.867,7.7809,0.0119,-0.0036,0.5,0.0143,0.5,0.0,2.6608,1.5,1.5
26.867,7.7809,0.0119,-0.0036,0.5,0.0143,0.5,0.0,2.6608,1.5,1.5
26.9,7.7976,0.0118,-0.0032,0.5001,0.0136,0.5,0.0,2.6608,1.5,1.5
26.917,7.806,0.0117,-0.003,0.5002,0.0133,0.5,0.0,2.6608,1.5,1.5
26.917,7.806,0.0117,-0.003,0.5002,0.0133,0.5,0.0,2.6929,1.5,1.5
26.917,7.806,0.0117,-0.003,0.5002,0.0133,0.5,0.0,2.6929,1.5,1.5
26.95,7.8226,0.0116,-0.0026,0.5003,0.0128,0.5,0.0,2.6929,1.5,1.5
26.95,7.8226,0.0116,-0.0026,0.5003,0.0128,0.5,0.0,2.6929,1.5,1.5
26.967,7.831,0.0115,-0.0024,0.5004,0.0126,0.5,0.0,2.6929,1.5,1.5
26.967,7.831,0.0115,-0.0024,0.5004,0.0126,0.5,0.0,2.6929,1.5,1.5
26.967,7.831,0.0115,-0.0024,0.5004,0.0126,0.5,0.0,2.6929,1.5,1.5
27.0,7.8477,0.0114,-0.0022,0.5005,0.0122,0.5,0.0,2.6929,1.5,1.5
27.017,7.856,0.0114,-0.0021,0.5006,0.012,0.5,0.0,2.6929,1.5,1.5
27.017,7.856,0.0114,-0.0021,0.5006,0.012,0.5,0.0,2.5366,1.5,1.5
27.033,7.8644,0.0114,-0.0017,0.5006,0.0119,0.5,0.0,2.5366,1.5,1.5
27.033,7.8644,0.0114,-0.0017,0.5006,0.0119,0.5,0.0,2.5366,1.5,1.5
27.033,7.8644,0.0114,-0.0017,0.5006,0.0119,0.5,0.0,2.5366,1.5,1.5
27.067,7.8811,0.0113,-0.0014,0.5007,0.0116,0.5,0.0,2.5366,1.5,1.5
27.083,7.8894,0.0112,-0.0012,0.5007,0.0115,0.5,0.0,2.5366,1.5,1.5
27.083,7.8894,0.0112,-0.0012,0.5007,0.0115,0.5,0.0,2.5366,1.5,1.5
27.083,7.8894,0.0112,-0.0012,0.5007,0.0115,0.5,0.0,2.5366,1.5,1.5
27.117,7.9061,0.0112,-0.0007,0.5008,0.0111,0.5,0.0,2.5366,1.5,1.5
27.117,7.9061,0.0112,-0.0007,0.5008,0.0111,0.5,0.0,2.4378,1.5,1.5
27.133,7.9145,0.0111,0.0,0.5008,0.0109,0.5,0.0,2.4378,1.5,1.5
27.133,7.9145,0.0111,0.0,0.5008,0.0109,0.5,0.0,2.4378,1.5,1.5
27.167,7.9312,0.0111,0.0,0.5008,0.0105,0.5,0.0,2.4378,1.5,1.5
27.167,7.9312,0.0111,0.0,0.5008,0.0105,0.4737,0.0,2.4378,1.5,1.5
27.183,7.9395,0.011,0.0,0.5008,0.01,0.4737,0.0,2.4378,1.5,1.5
27.2,7.9478,0.011,0.0,0.5007,0.0099,0.4737,0.0,2.4378,1.5,1.5
27.2,7.9478,0.011,0.0,0.5007,0.0099,0.4737,0.0,2.4378,1.5,1.5
27.2,7.9478,0.011,0.0,0.5007,0.0099,0.4737,0.0,2.4378,1.5,1.5
27.2,7.9478,0.011,0.0,0.5007,0.0099,0.4737,0.0,2.3341,1.5,1.5
27.233,7.9645,0.011,0.0,0.5006,0.0091,0.5,0.0,2.3341,1.5,1.5
27.25,7.9729,0.011,0.0,0.5005,0.0087,0.5,0.0,2.3341,1.5,1.5
27.25,7.9729,0.011,0.0,0.5005,0.0087,0.5,0.0,2.3341,1.5,1.5
27.25,7.9729,0.011,0.0,0.5005,0.0087,0.5,0.0,2.3341,1.5,1.5
27.283,7.9896,0.0109,0.0,0.5004,0.008,0.5,0.0,2.3341,1.5,1.5
27.283,7.9896,0.0109,0.0,0.5004,0.008,0.5,0.0,2.3341,1.5,1.5
27.3,7.9977,0.0109,0.0,0.4795,0.0079,0.5,0.0,2.3341,1.5,1.5
27.3,7.9977,0.0109,0.0,0.4795,0.0079,0.5,0.0,2.3341,1.5,1.5
27.3,7.9977,0.0109,0.0,0.4795,0.0079,0.5,0.0,2.242,1.5,1.5
27.333,8.0135,0.0109,0.0,0.4741,0.0065,0.5,0.0,2.242,1.5,1.5
27.35,8.0214,0.0109,0.0,0.4739,0.006,0.5,0.0,2.242,1.5,1.5
27.35,8.0214,0.0109,0.0,0.4739,0.006,0.5,0.0,2.242,1.5,1.5
27.367,8.0295,0.0109,0.0,0.4943,0.0072,0.4737,0.0,2.242,1.5,1.5
27.367,8.0295,0.0109,0.0,0.4943,0.0072,0.4737,0.0,2.242,1.5,1.5
27.367,8.0295,0.0109,0.0,0.4943,0.0072,0.4737,0.0,2.242,1.5,1.5
27.4,8.0461,0.0109,0.0,0.4997,0.0051,0.4737,0.0,2.242,1.5,1.5
27.4,8.0461,0.0109,0.0,0.4997,0.0051,0.4737,0.0,2.242,1.5,1.5
27.417,8.0545,0.0109,0.0,0.4999,0.0049,0.5,0.0,2.242,1.5,1.5
27.417,8.0545,0.0109,0.0,0.4999,0.0049,0.5,0.0,2.1712,1.5,1.5
27.417,8.0545,0.0109,0.0,0.4999,0.0049,0.5,0.0,2.1712,1.5,1.5
27.417,8.0545,0.0109,0.0,0.4999,0.0049,0.5,0.0,2.1712,1.5,1.5
27.45,8.0711,0.0109,0.0007,0.4998,0.0037,0.5,0.0,2.1712,1.5,1.5
27.467,8.0795,0.0109,0.0007,0.4996,0.0038,0.5,0.0,2.1712,1.5,1.5
27.467,8.0795,0.0109,0.0007,0.4996,0.0038,0.5,0.0,2.1712,1.5,1.5
27.467,8.0795,0.0109,0.0007,0.4996,0.0038,0.5,0.0,2.1712,1.5,1.5
27.5,8.0955,0.0109,0.0,0.4744,0.0027,0.5,0.0,2.1712,1.5,1.5
27.5,8.0955,0.0109,0.0,0.4744,0.0027,0.5,-0.0263,2.1712,1.5,1.5
27.517,8.1034,0.0109,0.0,0.4734,0.0023,0.5,-0.0263,2.1712,1.5,1.5
27.533,8.1113,0.0109,0.0,0.4733,0.0026,0.5,-0.0263,2.0871,1.5,1.5
27.533,8.1113,0.0109,0.0,0.4733,0.0026,0.5,-0.0263,2.0871,1.5,1.5
27.533,8.1113,0.0109,0.0,0.4733,0.0026,0.5,-0.0263,2.0871,1.5,1.5
27.567,8.1277,0.0109,0.0007,0.4983,0.0022,0.5,-0.0263,2.0871,1.5,1.5
27.567,8.1277,0.0109,0.0007,0.4983,0.0022,0.5,-0.0263,2.0871,1.5,1.5
27.583,8.136,0.0109,0.0,0.4993,0.0022,0.5,-0.0263,2.0871,1.5,1.5
27.583,8.136,0.0109,0.0,0.4993,0.0022,0.5,-0.0263,2.0871,1.5,1.5
27.583,8.136,0.0109,0.0,0.4993,0.0022,0.5,-0.0263,2.0871,1.5,1.5
27.617,8.1527,0.0109,0.0007,0.4996,0.0016,0.5,-0.0263,2.0871,1.5,1.5
27.633,8.161,0.0109,0.0007,0.4997,0.0061,0.5,-0.0263,2.0198,1.5,1.5
27.633,8.161,0.0109,0.0007,0.4997,0.0061,0.5,-0.0263,2.0198,1.5,1.5
27.633,8.161,0.0109,0.0007,0.4997,0.0061,0.5,-0.0263,2.0198,1.5,1.5
27.667,8.1777,0.011,0.0,0.4998,0.0028,0.5,-0.0263,2.0198,1.5,1.5
27.667,8.1777,0.011,0.0,0.4998,0.0028,0.5,-0.0263,2.0198,1.5,1.5
27.683,8.186,0.011,0.0,0.4999,0.002,0.5,-0.0263,2.0198,1.5,1.5
27.7,8.1943,0.011,0.0007,0.5,0.0008,0.5,-0.0263,2.0198,1.5,1.5
27.7,8.1943,0.011,0.0007,0.5,0.0008,0.5,-0.0263,2.0198,1.5,1.5
27.7,8.1943,0.011,0.0007,0.5,0.0008,0.5,-0.0263,2.0198,1.5,1.5
27.733,8.211,0.011,0.0,0.5001,-0.0009,0.5,-0.1842,1.9466,1.5,1.5
27.733,8.211,0.011,0.0,0.5001,-0.0009,0.5,-0.1842,1.9466,1.5,1.5
27.75,8.2194,0.011,0.0,0.5002,-0.0017,0.5,-0.1842,1.9466,1.5,1.5
27.75,8.2194,0.011,0.0,0.5002,-0.0017,0.5,-0.1842,1.9466,1.5,1.5
27.75,8.2194,0.011,0.0,0.5002,-0.0017,0.5,-0.1842,1.9466,1.5,1.5
27.783,8.236,0.0111,0.0,0.5003,-0.0031,0.5,-0.1842,1.9466,1.5,1.5
27.8,8.2444,0.0111,0.0,0.5004,-0.0038,0.5,-0.1842,1.9466,1.5,1.5
27.8,8.2444,0.0111,0.0,0.5004,-0.0038,0.5,-0.1842,1.9466,1.5,1.5
27.8,8.2444,0.0111,0.0,0.5004,-0.0038,0.5,-0.1842,1.9466,1.5,1.5
27.8,8.2444,0.0111,0.0,0.5004,-0.0038,0.5,-0.1842,1.9466,1.5,1.5
27.833,8.2611,0.0112,0.0,0.5005,-0.0047,0.5,-0.1842,1.8962,1.5,1.5
27.833,8.2611,0.0112,0.0,0.5005,-0.0047,0.5,-0.1842,1.8962,1.5,1.5
27.85,8.2694,0.0113,-0.0007,0.4964,-0.0403,0.5,-0.1842,1.8962,1.5,1.5
27.85,8.2694,0.0113,-0.0007,0.4964,-0.0403,0.4737,-0.1842,1.8962,1.5,1.5
27.867,8.2778,0.0114,-0.0017,0.5065,-0.057,0.5,-0.1842,1.8962,1.5,1.5
27.867,8.2778,0.0114,-0.0017,0.5065,-0.057,0.5,-0.1842,1.8962,1.5,1.5
27.867,8.2778,0.0114,-0.0017,0.5065,-0.057,0.5,-0.1842,1.8962,1.5,1.5
27.9,8.2945,0.0117,-0.0044,0.5055,-0.0822,0.5,-0.1842,1.8962,1.5,1.5
27.917,8.3029,0.0119,-0.0059,0.5019,-0.0849,0.5,-0.1842,1.8962,1.5,1.5
27.917,8.3029,0.0119,-0.0059,0.5019,-0.0849,0.5,-0.1316,1.8499,1.5,1.5
27.917,8.3029,0.0119,-0.0059,0.5019,-0.0849,0.5,-0.1316,1.8499,1.5,1.5
27.95,8.3197,0.0123,-0.0092,0.5061,-0.0797,0.5,-0.1842,1.8499,1.5,1.5
27.967,8.328,0.0125,-0.0109,0.5001,-0.0862,0.5,-0.1842,1.8499,1.5,1.5
27.967,8.328,0.0125,-0.0109,0.5001,-0.0862,0.5,-0.1842,1.8499,1.5,1.5
27.967,8.328,0.0125,-0.0109,0.5001,-0.0862,0.5,-0.1842,1.8499,1.5,1.5
28.0,8.3446,0.0128,-0.0143,0.4921,-0.0603,0.5,-0.1842,1.8499,1.5,1.5
28.0,8.3446,0.0128,-0.0143,0.4921,-0.0603,0.5,-0.1842,1.8499,1.5,1.5
28.017,8.3529,0.0129,-0.0159,0.4988,-0.124,0.5,-0.1842,1.8499,1.5,1.5
28.033,8.3612,0.013,-0.0178,0.5019,-0.0981,0.5,-0.2368,1.7824,1.5,1.5
28.033,8.3612,0.013,-0.0178,0.5019,-0.0981,0.5,-0.2368,1.7824,1.5,1.5
28.033,8.3612,0.013,-0.0178,0.5019,-0.0981,0.5,-0.2368,1.7824,1.5,1.5
28.067,8.3779,0.0133,-0.0215,0.4996,-0.1079,0.5,-0.2368,1.7824,1.5,1.5
28.067,8.3779,0.0133,-0.0215,0.4996,-0.1079,0.5,-0.1842,1.7824,1.5,1.5
28.083,8.3863,0.0134,-0.0235,0.5008,-0.1066,0.5,-0.1842,1.7824,1.5,1.5
28.083,8.3863,0.0134,-0.0235,0.5008,-0.1066,0.5,-0.1842,1.7824,1.5,1.5
28.083,8.3863,0.0134,-0.0235,0.5008,-0.1066,0.5,-0.1842,1.7824,1.5,1.5
28.117,8.403,0.0136,-0.0278,0.5046,-0.1227,0.5,-0.1842,1.7824,1.5,1.5
28.133,8.4114,0.0137,-0.03,0.503,-0.1136,0.5,-0.1842,1.7484,1.5,1.5
28.133,8.4114,0.0137,-0.03,0.503,-0.1136,0.5,-0.2368,1.7484,1.5,1.5
28.133,8.4114,0.0137,-0.03,0.503,-0.1136,0.5,-0.2368,1.7484,1.5,1.5
28.167,8.4281,0.0139,-0.0349,0.5036,-0.1405,0.5,-0.2368,1.7484,1.5,1.5
28.167,8.4281,0.0139,-0.0349,0.5036,-0.1405,0.5,-0.1842,1.7484,1.5,1.5
28.183,8.4365,0.014,-0.0375,0.5029,-0.1461,0.5,-0.1842,1.7484,1.5,1.5
28.2,8.4449,0.0141,-0.0402,0.5004,-0.1526,0.5,-0.1842,1.7484,1.5,1.5
28.2,8.4449,0.0141,-0.0402,0.5004,-0.1526,0.5,-0.1842,1.7484,1.5,1.5
28.2,8.4449,0.0141,-0.0402,0.5004,-0.1526,0.5,-0.1842,1.7484,1.5,1.5
28.233,8.4616,0.0142,-0.0455,0.4999,-0.1561,0.5,-0.1842,1.6769,1.5,1.5
28.233,8.4616,0.0142,-0.0455,0.4999,-0.1561,0.5,-0.1842,1.6769,1.5,1.5
28.25,8.4699,0.0142,-0.0483,0.499,-0.1651,0.5,-0.1842,1.6769,1.5,1.5
28.25,8.4699,0.0142,-0.0483,0.499,-0.1651,0.5,-0.1842,1.6769,1.5,1.5
28.25,8.4699,0.0142,-0.0483,0.499,-0.1651,0.5,-0.1842,1.6769,1.5,1.5
28.283,8.4867,0.0143,-0.0544,0.501,-0.1744,0.5,-0.1842,1.6769,1.5,1.5
28.283,8.4867,0.0143,-0.0544,0.501,-0.1744,0.5,-0.1842,1.6769,1.5,1.5
28.3,8.495,0.0143,-0.0574,0.4984,-0.1839,0.5,-0.1842,1.6769,1.5,1.5
28.3,8.495,0.0143,-0.0574,0.4984,-0.1839,0.5,-0.1842,1.6769,1.5,1.5
28.3,8.495,0.0143,-0.0574,0.4984,-0.1839,0.5,-0.1842,1.6568,1.5,1.5
28.333,8.5117,0.0142,-0.0636,0.497,-0.1931,0.5,-0.1842,1.6568,1.5,1.5
28.35,8.52,0.0141,-0.0668,0.4968,-0.1979,0.5,-0.1842,1.6568,1.5,1.5
28.35,8.52,0.0141,-0.0668,0.4968,-0.1979,0.5,-0.1842,1.6568,1.5,1.5
28.367,8.5283,0.014,-0.07,0.4967,-0.2025,0.5,-0.1842,1.6568,1.5,1.5
28.367,8.5283,0.014,-0.07,0.4967,-0.2025,0.5,-0.1842,1.6568,1.5,1.5
28.367,8.5283,0.014,-0.07,0.4967,-0.2025,0.5,-0.1842,1.6568,1.5,1.5
28.4,8.5449,0.0138,-0.0766,0.4962,-0.2074,0.5,-0.1842,1.6568,1.5,1.5
28.417,8.5532,0.0137,-0.08,0.4957,-0.2116,0.5,-0.1842,1.6568,1.5,1.5
28.417,8.5532,0.0137,-0.08,0.4957,-0.2116,0.5,-0.1842,1.5995,1.4781,1.4959
28.417,8.5532,0.0137,-0.08,0.4957,-0.2116,0.5,-0.1842,1.5995,1.4781,1.4959
28.45,8.5698,0.0133,-0.0869,0.4953,-0.2156,0.5,-0.1842,1.5995,1.4781,1.4959
28.45,8.5698,0.0133,-0.0869,0.4953,-0.2156,0.5,-0.1842,1.5995,1.4781,1.4959
28.467,8.5781,0.0131,-0.0904,0.4951,-0.218,0.5,-0.1842,1.5995,1.4781,1.4959
28.467,8.5781,0.0131,-0.0904,0.4951,-0.218,0.5,-0.1842,1.5995,1.4781,1.4959
28.5,8.5947,0.0126,-0.0975,0.4942,-0.2219,0.5,-0.1842,1.5995,1.4781,1.4959
28.5,8.5947,0.0126,-0.0975,0.4942,-0.2219,0.5,-0.1842,1.5995,1.4781,1.4959
28.517,8.603,0.0124,-0.1012,0.4937,-0.2249,0.5,-0.1842,1.5995,1.4781,1.4959
28.517,8.603,0.0124,-0.1012,0.4937,-0.2249,0.5,-0.1842,1.5423,1.4781,1.4959
28.533,8.6112,0.0121,-0.1048,0.4931,-0.2298,0.5,-0.1842,1.5423,1.4781,1.4959
28.533,8.6112,0.0121,-0.1048,0.4931,-0.2298,0.5,-0.1842,1.5423,1.4781,1.4959
28.567,8.6277,0.0114,-0.1124,0.4922,-0.2348,0.5,-0.1842,1.5423,1.4781,1.4959
28.567,8.6277,0.0114,-0.1124,0.4922,-0.2348,0.5,-0.1842,1.5423,1.4781,1.4959
28.583,8.636,0.011,-0.1162,0.4916,-0.2371,0.5,-0.1842,1.5423,1.4781,1.4959
28.583,8.636,0.011,-0.1162,0.4916,-0.2371,0.5,-0.1842,1.5423,1.4781,1.4959
28.583,8.636,0.011,-0.1162,0.4916,-0.2371,0.5,-0.1842,1.5423,1.4781,1.4959
28.617,8.6524,0.0102,-0.124,0.4923,-0.2414,0.5,-0.1842,1.5423,1.4781,1.4959
28.633,8.6607,0.0098,-0.128,0.4909,-0.2448,0.5,-0.1842,1.5018,1.3753,1.4047
28.633,8.6607,0.0098,-0.128,0.4909,-0.2448,0.5,-0.1842,1.5018,1.3753,1.4047
28.633,8.6607,0.0098,-0.128,0.4909,-0.2448,0.5,-0.1842,1.5018,1.3753,1.4047
28.667,8.6771,0.0088,-0.1361,0.4958,-0.2611,0.5,-0.1842,1.5018,1.3753,1.4047
28.667,8.6771,0.0088,-0.1361,0.4958,-0.2611,0.5,-0.2368,1.5018,1.3753,1.4047
28.683,8.6854,0.0083,-0.1403,0.4953,-0.2585,0.5,-0.1842,1.5018,1.3753,1.4047
28.7,8.6937,0.0078,-0.1446,0.4966,-0.273,0.5,-0.1842,1.5018,1.3753,1.4047
28.7,8.6937,0.0078,-0.1446,0.4966,-0.273,0.5,-0.1842,1.5018,1.3753,1.4047
28.7,8.6937,0.0078,-0.1446,0.4966,-0.273,0.5,-0.1842,1.5018,1.3753,1.4047
28.733,8.7103,0.0066,-0.1533,0.4933,-0.2687,0.5,-0.1842,1.4456,1.3753,1.4047
28.733,8.7103,0.0066,-0.1533,0.4933,-0.2687,0.5,-0.1842,1.4456,1.3753,1.4047
28.75,8.7186,0.006,-0.1577,0.4979,-0.2877,0.5,-0.1842,1.4456,1.3753,1.4047
28.75,8.7186,0.006,-0.1577,0.4979,-0.2877,0.5,-0.1842,1.4456,1.3753,1.4047
28.75,8.7186,0.006,-0.1577,0.4979,-0.2877,0.5,-0.1842,1.4456,1.3753,1.4047
28.783,8.7353,0.0046,-0.1669,0.5024,-0.2894,0.5,-0.1842,1.4456,1.3753,1.4047
28.8,8.7436,0.0039,-0.1716,0.5027,-0.2977,0.5,-0.1842,1.4456,1.3753,1.4047
28.8,8.7436,0.0039,-0.1716,0.5027,-0.2977,0.5,-0.1842,1.4456,1.3753,1.4047
28.8,8.7436,0.0039,-0.1716,0.5027,-0.2977,0.5,-0.1842,1.4456,1.3753,1.4047
28.833,8.7603,0.0024,-0.1813,0.5019,-0.306,0.5,-0.1842,1.4,1.2716,1.3151
28.833,8.7603,0.0024,-0.1813,0.5019,-0.306,0.5,-0.1842,1.4,1.2716,1.3151
28.85,8.7687,0.0016,-0.1862,0.5021,-0.3085,0.5,-0.1842,1.4,1.2716,1.3151
28.85,8.7687,0.0016,-0.1862,0.5021,-0.3085,0.5,-0.1842,1.4,1.2716,1.3151
28.867,8.777,0.0008,-0.1912,0.5015,-0.3137,0.5,-0.1842,1.4,1.2716,1.3151
28.867,8.777,0.0008,-0.1912,0.5015,-0.3137,0.5,-0.1842,1.4,1.2716,1.3151
28.867,8.777,0.0008,-0.1912,0.5015,-0.3137,0.5,-0.1842,1.4,1.2716,1.3151
28.9,8.7936,-0.001,-0.2014,0.4978,-0.3195,0.5,-0.1842,1.4,1.2716,1.3151
28.917,8.8019,-0.0019,-0.2066,0.4972,-0.3251,0.5,-0.1842,1.4,1.2716,1.3151
28.917,8.8019,-0.0019,-0.2066,0.4972,-0.3251,0.5,-0.1842,1.3548,1.2716,1.3151
28.917,8.8019,-0.0019,-0.2066,0.4972,-0.3251,0.5,-0.1842,1.3548,1.2716,1.3151
28.95,8.8185,-0.0038,-0.2171,0.5004,-0.3356,0.5,-0.1842,1.3548,1.2716,1.3151
28.95,8.8185,-0.0038,-0.2171,0.5004,-0.3356,0.4737,-0.1842,1.3548,1.2716,1.3151
28.967,8.8268,-0.0048,-0.2225,0.5002,-0.338,0.4737,-0.1842,1.3548,1.2716,1.3151
28.967,8.8268,-0.0048,-0.2225,0.5002,-0.338,0.4737,-0.1842,1.3548,1.2716,1.3151
29.0,8.8434,-0.007,-0.2335,0.4972,-0.3472,0.4737,-0.1842,1.3548,1.2716,1.3151
29.0,8.8434,-0.007,-0.2335,0.4972,-0.3472,0.5,-0.1316,1.3548,1.2716,1.3151
29.017,8.8516,-0.0081,-0.2391,0.498,-0.347,0.5,-0.1316,1.3548,1.2716,1.3151
29.017,8.8516,-0.0081,-0.2391,0.498,-0.347,0.5,-0.1316,1.294,1.168,1.2291
29.033,8.8599,-0.0093,-0.2448,0.4943,-0.3541,0.5,-0.1316,1.294,1.168,1.2291
29.033,8.8599,-0.0093,-0.2448,0.4943,-0.3541,0.5,-0.1316,1.294,1.168,1.2291
29.067,8.8763,-0.0118,-0.2562,0.4962,-0.3635,0.5,-0.1316,1.294,1.168,1.2291
29.067,8.8763,-0.0118,-0.2562,0.4962,-0.3635,0.5,-0.1316,1.294,1.168,1.2291
29.083,8.8846,-0.013,-0.262,0.4968,-0.3701,0.5,-0.1316,1.294,1.168,1.2291
29.083,8.8846,-0.013,-0.262,0.4968,-0.3701,0.4737,-0.1316,1.294,1.168,1.2291
29.083,8.8846,-0.013,-0.262,0.4968,-0.3701,0.4737,-0.1316,1.294,1.168,1.2291
29.117,8.9005,-0.0156,-0.2736,0.4744,-0.3601,0.4737,-0.1316,1.294,1.168,1.2291
29.133,8.9084,-0.0169,-0.2794,0.4817,-0.3799,0.4737,-0.1316,1.2653,1.168,1.2291
29.133,8.9084,-0.0169,-0.2794,0.4817,-0.3799,0.4737,-0.1316,1.2653,1.168,1.2291
29.133,8.9084,-0.0169,-0.2794,0.4817,-0.3799,0.4737,-0.1316,1.2653,1.168,1.2291
29.167,8.9245,-0.0198,-0.2912,0.4892,-0.3787,0.4737,-0.1316,1.2653,1.168,1.2291
29.167,8.9245,-0.0198,-0.2912,0.4892,-0.3787,0.4737,-0.0789,1.2653,1.168,1.2291
29.183,8.9326,-0.0213,-0.2972,0.4876,-0.382,0.4474,-0.0789,1.2653,1.168,1.2291
29.2,8.9406,-0.0229,-0.3032,0.4866,-0.3861,0.4474,-0.0789,1.2653,1.168,1.2291
29.2,8.9406,-0.0229,-0.3032,0.4866,-0.3861,0.4474,-0.0789,1.2653,1.168,1.2291
29.2,8.9406,-0.0229,-0.3032,0.4866,-0.3861,0.4474,-0.0789,1.2653,1.168,1.2291
29.233,8.9562,-0.026,-0.3149,0.4659,-0.357,0.4474,-0.0789,1.2189,1.0688,1.1601
29.233,8.9562,-0.026,-0.3149,0.4659,-0.357,0.4474,-0.0789,1.2189,1.0688,1.1601
29.25,8.9639,-0.0277,-0.3205,0.4656,-0.3565,0.4474,-0.0789,1.2189,1.0688,1.1601
29.25,8.9639,-0.0277,-0.3205,0.4656,-0.3565,0.4474,-0.0789,1.2189,1.0688,1.1601
29.25,8.9639,-0.0277,-0.3205,0.4656,-0.3565,0.4474,-0.0789,1.2189,1.0688,1.1601
29.283,8.9791,-0.031,-0.332,0.4624,-0.3653,0.4474,-0.0789,1.2189,1.0688,1.1601
29.3,8.9867,-0.0327,-0.3377,0.4557,-0.3529,0.4474,-0.0789,1.2189,1.0688,1.1601
29.3,8.9867,-0.0327,-0.3377,0.4557,-0.3529,0.4474,-0.0789,1.2189,1.0688,1.1601
29.3,8.9867,-0.0327,-0.3377,0.4557,-0.3529,0.4211,-0.0789,1.2189,1.0688,1.1601
29.333,9.0012,-0.0363,-0.3479,0.4397,-0.2946,0.4211,-0.0789,1.175,1.0688,1.1601
29.333,9.0012,-0.0363,-0.3479,0.4397,-0.2946,0.4211,-0.0789,1.175,1.0688,1.1601
29.35,9.0083,-0.0381,-0.3525,0.446,-0.2661,0.4211,-0.0789,1.175,1.0688,1.1601
29.367,9.0155,-0.0401,-0.3567,0.4464,-0.2455,0.4211,-0.0789,1.175,1.0688,1.1601
29.367,9.0155,-0.0401,-0.3567,0.4464,-0.2455,0.4211,-0.0263,1.175,1.0688,1.1601
29.367,9.0155,-0.0401,-0.3567,0.4464,-0.2455,0.4211,-0.0263,1.175,1.0688,1.1601
29.4,9.0298,-0.0443,-0.3643,0.4466,-0.2117,0.4211,-0.0263,1.175,1.0688,1.1601
29.4,9.0298,-0.0443,-0.3643,0.4466,-0.2117,0.4211,-0.0263,1.175,1.0688,1.1601
29.417,9.0369,-0.0464,-0.3678,0.448,-0.2103,0.4211,-0.0789,1.175,1.0688,1.1601
29.417,9.0369,-0.0464,-0.3678,0.448,-0.2103,0.4211,-0.0789,1.1478,0.9804,1.1639
29.417,9.0369,-0.0464,-0.3678,0.448,-0.2103,0.4211,-0.0789,1.1478,0.9804,1.1639
29.45,9.0509,-0.0508,-0.3745,0.4297,-0.192,0.4211,-0.0263,1.1478,0.9804,1.1639
29.467,9.0576,-0.0529,-0.3777,0.4218,-0.1913,0.4211,-0.0263,1.1478,0.9804,1.1639
29.467,9.0576,-0.0529,-0.3777,0.4218,-0.1913,0.4211,-0.0263,1.1478,0.9804,1.1639
29.467,9.0576,-0.0529,-0.3777,0.4218,-0.1913,0.4211,-0.0263,1.1478,0.9804,1.1639
29.5,9.071,-0.0572,-0.3841,0.4179,-0.1939,0.4211,-0.0263,1.1478,0.9804,1.1639
29.5,9.071,-0.0572,-0.3841,0.4179,-0.1939,0.4211,-0.0263,1.1478,0.9804,1.1639
29.517,9.0776,-0.0594,-0.3871,0.4209,-0.1778,0.3947,0.0,1.1478,0.9804,1.1639
29.533,9.0843,-0.0617,-0.3898,0.4207,-0.1604,0.3947,0.0,1.1279,0.9804,1.1639
29.533,9.0843,-0.0617,-0.3898,0.4207,-0.1604,0.3947,-0.0263,1.1279,0.9804,1.1639
29.533,9.0843,-0.0617,-0.3898,0.4207,-0.1604,0.3947,-0.0263,1.1279,0.9804,1.1639
29.567,9.0975,-0.0663,-0.3954,0.4199,-0.1847,0.3947,-0.0263,1.1279,0.9804,1.1639
29.567,9.0975,-0.0663,-0.3954,0.4199,-0.1847,0.3947,-0.0263,1.1279,0.9804,1.1639
29.583,9.1041,-0.0685,-0.3984,0.4182,-0.1915,0.3947,-0.0263,1.1279,0.9804,1.1639
29.583,9.1041,-0.0685,-0.3984,0.4182,-0.1915,0.3947,-0.0263,1.1279,0.9804,1.1639
29.583,9.1041,-0.0685,-0.3984,0.4182,-0.1915,0.3947,-0.0263,1.1279,0.9804,1.1639
29.617,9.1173,-0.0733,-0.4037,0.4206,-0.1584,0.3684,0.0263,1.1279,0.9804,1.1639
29.633,9.1239,-0.0757,-0.4062,0.4225,-0.1516,0.3684,0.0263,1.1593,0.9164,1.0417
29.633,9.1239,-0.0757,-0.4062,0.4225,-0.1516,0.3684,0.0263,1.1593,0.9164,1.0417
29.633,9.1239,-0.0757,-0.4062,0.4225,-0.1516,0.3684,0.0263,1.1593,0.9164,1.0417
29.667,9.1364,-0.0805,-0.41,0.3946,-0.0976,0.3684,0.0263,1.1593,0.9164,1.0417
29.667,9.1364,-0.0805,-0.41,0.3946,-0.0976,0.3684,0.0,1.1593,0.9164,1.0417
29.683,9.1426,-0.0829,-0.4116,0.3996,-0.1157,0.3684,0.0,1.1593,0.9164,1.0417
29.7,9.1487,-0.0853,-0.4134,0.3943,-0.1102,0.3684,0.0,1.1593,0.9164,1.0417
29.7,9.1487,-0.0853,-0.4134,0.3943,-0.1102,0.3684,0.0,1.1593,0.9164,1.0417
29.7,9.1487,-0.0853,-0.4134,0.3943,-0.1102,0.3684,0.0,1.1593,0.9164,1.0417
29.7,9.1487,-0.0853,-0.4134,0.3943,-0.1102,0.3684,0.0,1.2072,0.9164,1.0417
29.733,9.1609,-0.0901,-0.4169,0.3937,-0.1206,0.3684,0.0,1.2072,0.9164,1.0417
29.75,9.1668,-0.0924,-0.4184,0.3748,-0.0762,0.3684,0.0,1.2072,0.9164,1.0417
29.75,9.1668,-0.0924,-0.4184,0.3748,-0.0762,0.3421,0.0263,1.2072,0.9164,1.0417
29.75,9.1668,-0.0924,-0.4184,0.3748,-0.0762,0.3684,0.0263,1.2072,0.9164,1.0417
29.783,9.1782,-0.0971,-0.4206,0.3698,-0.0553,0.3684,0.0263,1.2072,0.9164,1.0417
29.8,9.1838,-0.0995,-0.4216,0.3684,-0.0575,0.3421,0.0263,1.2072,0.9164,1.0417
29.8,9.1838,-0.0995,-0.4216,0.3684,-0.0575,0.3421,0.0,1.2072,0.9164,1.0417
29.8,9.1838,-0.0995,-0.4216,0.3684,-0.0575,0.3421,0.0,1.2072,0.9164,1.0417
29.833,9.1951,-0.1043,-0.4236,0.368,-0.0696,0.3421,0.0,1.1588,0.8685,0.9588
29.833,9.1951,-0.1043,-0.4236,0.368,-0.0696,0.3421,0.0,1.1588,0.8685,0.9588
29.85,9.2008,-0.1067,-0.4245,0.3701,-0.0732,0.3421,-0.0263,1.1588,0.8685,0.9588
29.85,9.2008,-0.1067,-0.4245,0.3701,-0.0732,0.3421,0.0,1.1588,0.8685,0.9588
29.867,9.2064,-0.109,-0.4256,0.368,-0.0776,0.3421,0.0,1.1588,0.8685,0.9588
29.867,9.2064,-0.109,-0.4256,0.368,-0.0776,0.3421,0.0,1.1588,0.8685,0.9588
29.867,9.2064,-0.109,-0.4256,0.368,-0.0776,0.3421,0.0,1.1588,0.8685,0.9588
29.9,9.2174,-0.1137,-0.4273,0.3647,-0.0515,0.3421,0.0,1.1588,0.8685,0.9588
29.917,9.223,-0.1161,-0.4281,0.3647,-0.0564,0.3421,0.0,1.1588,0.8685,0.9588
29.917,9.223,-0.1161,-0.4281,0.3647,-0.0564,0.3421,0.0263,1.1433,0.8685,0.9588
29.917,9.223,-0.1161,-0.4281,0.3647,-0.0564,0.3421,0.0263,1.1433,0.8685,0.9588
29.95,9.2337,-0.1208,-0.4297,0.3437,-0.0599,0.3421,0.0263,1.1433,0.8685,0.9588
29.95,9.2337,-0.1208,-0.4297,0.3437,-0.0599,0.3421,0.0263,1.1433,0.8685,0.9588
29.967,9.2389,-0.123,-0.4305,0.34,-0.0567,0.3421,0.0263,1.1433,0.8685,0.9588
29.967,9.2389,-0.123,-0.4305,0.34,-0.0567,0.3421,0.0263,1.1433,0.8685,0.9588
30.0,9.2493,-0.1275,-0.4322,0.3404,-0.0539,0.3421,0.0263,1.1433,0.8685,0.9588
30.0,9.2493,-0.1275,-0.4322,0.3404,-0.0539,0.3158,0.0,1.1433,0.8685,0.9588
30.0,9.2493,-0.1275,-0.4322,0.3404,-0.0539,0.3158,0.0,1.1433,0.8685,0.9588
30.017,9.2545,-0.1298,-0.4329,0.3406,-0.055,0.3158,0.0,1.1433,0.8685,0.9588
30.017,9.2545,-0.1298,-0.4329,0.3406,-0.055,0.3158,0.0,1.1018,1.1545,0.9588
30.033,9.2597,-0.1321,-0.4337,0.341,-0.0518,0.3158,0.0,1.1018,1.1545,0.8971
30.033,9.2597,-0.1321,-0.4337,0.341,-0.0518,0.3158,0.0,1.1018,1.1545,0.8971
30.033,9.2597,-0.1321,-0.4337,0.341,-0.0518,0.3158,0.0789,1.1018,1.1545,0.8971
30.067,9.2701,-0.1367,-0.4349,0.3423,-0.0436,0.3158,0.0789,1.1018,1.1545,0.8971
30.067,9.2701,-0.1367,-0.4349,0.3423,-0.0436,0.3421,0.1842,1.1018,1.1545,0.8971
30.083,9.2753,-0.139,-0.4355,0.3426,-0.0449,0.3158,0.0263,1.1018,1.1545,0.8971
30.083,9.2753,-0.139,-0.4355,0.3426,-0.0449,0.3158,0.0263,1.1018,1.1545,0.8971
30.083,9.2753,-0.139,-0.4355,0.3426,-0.0449,0.3158,0.0263,1.1018,1.1545,0.8971
30.117,9.2856,-0.1436,-0.4365,0.3211,-0.0333,0.3158,0.0,1.1018,1.1545,0.8971
30.133,9.2904,-0.1458,-0.437,0.3168,-0.0316,0.3158,0.0,1.0944,1.1545,0.8971
30.133,9.2904,-0.1458,-0.437,0.3168,-0.0316,0.3158,0.0263,1.0944,1.1545,0.8971
30.133,9.2904,-0.1458,-0.437,0.3168,-0.0316,0.3158,0.0263,1.0944,1.1545,0.8971
30.167,9.3,-0.1501,-0.438,0.3157,-0.0301,0.3158,0.0263,1.0944,1.1545,0.8971
30.167,9.3,-0.1501,-0.438,0.3157,-0.0301,0.3158,0.1842,1.0944,1.1545,0.8971
30.183,9.3048,-0.1523,-0.4382,0.3158,-0.0118,0.3158,0.1842,1.0944,1.1545,0.8971
30.2,9.3095,-0.1545,-0.4382,0.3159,-0.0025,0.3158,0.1842,1.0944,1.1545,0.8971
30.2,9.3095,-0.1545,-0.4382,0.3159,-0.0025,0.2895,0.0789,1.0944,1.1545,0.8971
30.2,9.3095,-0.1545,-0.4382,0.3159,-0.0025,0.2895,0.0789,1.0944,1.1545,0.8971
30.233,9.3191,-0.159,-0.4385,0.3164,-0.0133,0.2895,0.0789,1.055,1.1036,0.849
30.233,9.3191,-0.159,-0.4385,0.3164,-0.0133,0.2895,0.0789,1.055,1.1036,0.849
30.25,9.3239,-0.1612,-0.4387,0.3154,-0.022,0.2895,0.0263,1.055,1.1036,0.849
30.25,9.3239,-0.1612,-0.4387,0.3154,-0.022,0.2895,0.0263,1.055,1.1036,0.849
30.25,9.3239,-0.1612,-0.4387,0.3154,-0.022,0.2895,0.0263,1.055,1.1036,0.849
30.283,9.3334,-0.1656,-0.4391,0.3155,-0.0169,0.2895,0.0,1.055,1.1036,0.849
30.3,9.3382,-0.1679,-0.4387,0.3145,0.0489,0.2895,0.0,1.055,1.1036,0.849
30.3,9.3382,-0.1679,-0.4387,0.3145,0.0489,0.2895,0.0263,1.055,1.1036,0.849
30.3,9.3382,-0.1679,-0.4387,0.3145,0.0489,0.2895,0.0263,1.055,1.1036,0.849
30.333,9.3476,-0.1727,-0.4363,0.3197,0.0866,0.2895,0.0263,1.0472,1.1036,0.849
30.333,9.3476,-0.1727,-0.4363,0.3197,0.0866,0.2895,0.1316,1.0472,1.1036,0.849
30.35,9.3521,-0.175,-0.4353,0.2961,0.0449,0.2632,0.0789,1.0472,1.1036,0.849
30.367,9.3565,-0.1771,-0.4346,0.293,0.017,0.2632,0.0789,1.0472,1.1036,0.849
30.367,9.3565,-0.1771,-0.4346,0.293,0.017,0.2632,0.0789,1.0472,1.1036,0.849
30.367,9.3565,-0.1771,-0.4346,0.293,0.017,0.2632,0.0789,1.0472,1.1036,0.849
30.4,9.3652,-0.1813,-0.434,0.2897,0.0174,0.2632,0.0789,1.0472,1.1036,0.849
30.4,9.3652,-0.1813,-0.434,0.2897,0.0174,0.2632,0.0789,1.0472,1.1036,0.849
30.417,9.3696,-0.1834,-0.4336,0.2894,0.0162,0.2632,0.0263,1.0472,1.1036,0.849
30.417,9.3696,-0.1834,-0.4336,0.2894,0.0162,0.2895,0.1842,1.0183,1.0602,0.8076
30.417,9.3696,-0.1834,-0.4336,0.2894,0.0162,0.2895,0.1842,1.0183,1.0602,0.8076
30.45,9.3783,-0.1875,-0.433,0.2894,0.0171,0.2632,0.0242,1.0183,1.0602,0.8076
30.467,9.3827,-0.1896,-0.4324,0.2878,0.0295,0.2632,0.0,1.0183,1.0602,0.8076
30.467,9.3827,-0.1896,-0.4324,0.2878,0.0295,0.2632,0.0,1.0183,1.0602,0.8076
30.467,9.3827,-0.1896,-0.4324,0.2878,0.0295,0.2632,0.0,1.0183,1.0602,0.8076
30.5,9.3908,-0.1936,-0.4313,0.265,0.0173,0.2632,0.0,1.0183,1.0602,0.8076
30.5,9.3908,-0.1936,-0.4313,0.265,0.0173,0.2632,0.16,1.0183,1.0602,0.8076
30.517,9.3948,-0.1955,-0.4307,0.2641,0.0217,0.2632,0.1842,1.0183,1.0602,0.8076
30.533,9.3987,-0.1974,-0.4302,0.2639,0.0229,0.2632,0.1842,1.0189,1.0602,0.8076
30.533,9.3987,-0.1974,-0.4302,0.2639,0.0229,0.2632,0.1842,1.0189,1.0602,0.8076
30.533,9.3987,-0.1974,-0.4302,0.2639,0.0229,0.2632,0.1842,1.0189,1.0602,0.8076
30.567,9.4068,-0.2014,-0.4288,0.2897,0.0472,0.2632,0.1842,1.0189,1.0602,0.8076
30.567,9.4068,-0.2014,-0.4288,0.2897,0.0472,0.2632,0.1842,1.0189,1.0602,0.8076
30.583,9.4112,-0.2035,-0.4276,0.2889,0.0796,0.2632,0.1842,1.0189,1.0602,0.8076
30.583,9.4112,-0.2035,-0.4276,0.2889,0.0796,0.2632,0.1842,1.0189,1.0602,0.8076
30.583,9.4112,-0.2035,-0.4276,0.2889,0.0796,0.2632,0.1842,1.0189,1.0602,0.8076
30.617,9.4194,-0.2075,-0.4264,0.2648,0.0313,0.2632,0.1842,1.0189,1.0602,0.8076
30.633,9.4233,-0.2094,-0.4255,0.2616,0.0538,0.2632,0.1842,0.9869,1.0314,0.7762
30.633,9.4233,-0.2094,-0.4255,0.2616,0.0538,0.2368,0.0242,0.9869,1.0314,0.7762
30.633,9.4233,-0.2094,-0.4255,0.2616,0.0538,0.2368,0.0,0.9869,1.0314,0.7762
30.667,9.4312,-0.2134,-0.4228,0.2701,0.0773,0.2105,0.0,0.9869,1.0314,0.7762
30.667,9.4312,-0.2134,-0.4228,0.2701,0.0773,0.2368,0.1316,0.9869,1.0314,0.7762
30.683,9.4351,-0.2155,-0.4213,0.2652,0.0818,0.2368,0.1316,0.9869,1.0314,0.7762
30.7,9.4391,-0.2175,-0.4198,0.2696,0.0915,0.2368,0.1316,0.9869,1.0314,0.7762
30.7,9.4391,-0.2175,-0.4198,0.2696,0.0915,0.2368,0.1316,0.9869,1.0314,0.7762
30.7,9.4391,-0.2175,-0.4198,0.2696,0.0915,0.2368,0.1316,0.9869,1.0314,0.7762
30.733,9.447,-0.2216,-0.4165,0.2632,0.092,0.2368,0.1316,0.9767,1.0314,0.7762
30.733,9.447,-0.2216,-0.4165,0.2632,0.092,0.2368,0.1316,0.9767,1.0314,0.7762
30.75,9.451,-0.2236,-0.4149,0.2646,0.0948,0.2368,0.1316,0.9767,1.0314,0.7762
30.75,9.451,-0.2236,-0.4149,0.2646,0.0948,0.2368,0.1316,0.9767,1.0314,0.7762
30.75,9.451,-0.2236,-0.4149,0.2646,0.0948,0.2368,0.1316,0.9767,1.0314,0.7762
30.783,9.4583,-0.2272,-0.4126,0.237,0.0544,0.2105,0.0,0.9767,1.0314,0.7762
30.8,9.4619,-0.2289,-0.4114,0.239,0.0679,0.2105,0.0,0.9767,1.0314,0.7762
30.8,9.4619,-0.2289,-0.4114,0.239,0.0679,0.2105,0.0,0.9767,1.0314,0.7762
30.8,9.4619,-0.2289,-0.4114,0.239,0.0679,0.2105,0.0,0.9767,1.0314,0.7762
30.833,9.469,-0.2325,-0.4088,0.239,0.059,0.2105,0.0,0.9915,1.0073,0.752
30.833,9.469,-0.2325,-0.4088,0.239,0.059,0.1842,0.0,0.9915,1.0073,0.752
30.85,9.4726,-0.2342,-0.4075,0.2389,0.0623,0.1842,0.0,0.9915,1.0073,0.752
30.867,9.4762,-0.236,-0.4061,0.2384,0.0653,0.1842,0.0,0.9915,1.0073,0.752
30.867,9.4762,-0.236,-0.4061,0.2384,0.0653,0.2105,0.1316,0.9915,1.0073,0.752
30.867,9.4762,-0.236,-0.4061,0.2384,0.0653,0.2105,0.0,0.9915,1.0073,0.752
30.9,9.4833,-0.2395,-0.4033,0.2385,0.0743,0.2105,0.0,0.9915,1.0073,0.752
30.9,9.4833,-0.2395,-0.4033,0.2385,0.0743,0.2105,0.0,0.9915,1.0073,0.752
30.917,9.4869,-0.2413,-0.4018,0.2382,0.0688,0.2105,0.0,0.9915,1.0073,0.752
30.917,9.4869,-0.2413,-0.4018,0.2382,0.0688,0.2105,0.0,0.9709,1.0073,0.752
30.917,9.4869,-0.2413,-0.4018,0.2382,0.0688,0.2105,0.0,0.9709,1.0073,0.752
30.95,9.4935,-0.2444,-0.3999,0.2119,0.0726,0.2105,0.1316,0.9709,1.0073,0.752
30.967,9.4965,-0.2459,-0.399,0.1913,0.0574,0.2105,0.1316,0.9709,1.0073,0.752
30.967,9.4965,-0.2459,-0.399,0.1913,0.0574,0.2105,0.1316,0.9709,1.0073,0.752
30.967,9.4965,-0.2459,-0.399,0.1913,0.0574,0.2105,0.1316,0.9709,1.0073,0.752
31.0,9.5022,-0.2485,-0.3974,0.1851,0.0489,0.2105,0.1316,0.9709,1.0073,0.752
31.0,9.5022,-0.2485,-0.3974,0.1851,0.0489,0.1842,0.0789,0.9709,1.0073,0.752
31.017,9.5051,-0.2499,-0.3965,0.1983,0.0672,0.1842,0.0789,0.9709,1.0073,0.752
31.033,9.5082,-0.2513,-0.3956,0.2061,0.0609,0.1842,0.0789,0.9713,0.9978,0.7351
31.033,9.5082,-0.2513,-0.3956,0.2061,0.0609,0.1842,0.0263,0.9713,0.9978,0.7351
31.033,9.5082,-0.2513,-0.3956,0.2061,0.0609,0.1842,0.0263,0.9713,0.9978,0.7351
31.067,9.5146,-0.2543,-0.3939,0.2108,0.0646,0.1842,0.0263,0.9713,0.9978,0.7351
31.067,9.5146,-0.2543,-0.3939,0.2108,0.0646,0.1842,0.0,0.9713,0.9978,0.7351
31.083,9.5178,-0.2557,-0.3931,0.2101,0.0538,0.2105,0.16,0.9713,0.9978,0.7351
31.083,9.5178,-0.2557,-0.3931,0.2101,0.0538,0.2105,0.1842,0.9713,0.9978,0.7351
31.083,9.5178,-0.2557,-0.3931,0.2101,0.0538,0.2105,0.1842,0.9713,0.9978,0.7351
31.117,9.5241,-0.2588,-0.3907,0.2129,0.0552,0.2105,0.1842,0.9713,0.9978,0.7351
31.133,9.5272,-0.2602,-0.3896,0.1915,0.0554,0.2105,0.1842,0.9607,0.9978,0.7351
31.133,9.5272,-0.2602,-0.3896,0.1915,0.0554,0.2105,0.1842,0.9607,0.9978,0.7351
31.133,9.5272,-0.2602,-0.3896,0.1915,0.0554,0.2105,0.1842,0.9607,0.9978,0.7351
31.167,9.5328,-0.2628,-0.3876,0.1845,0.0549,0.2105,0.1842,0.9607,0.9978,0.7351
31.167,9.5328,-0.2628,-0.3876,0.1845,0.0549,0.1842,0.1316,0.9607,0.9978,0.7351
31.183,9.5356,-0.2641,-0.3867,0.1844,0.0663,0.1842,0.0789,0.9607,0.9978,0.7351
31.2,9.5384,-0.2654,-0.3858,0.184,0.0677,0.1842,0.0789,0.9607,0.9978,0.7351
31.2,9.5384,-0.2654,-0.3858,0.184,0.0677,0.1842,0.0789,0.9607,0.9978,0.7351
31.2,9.5384,-0.2654,-0.3858,0.184,0.0677,0.1842,0.0789,0.9607,0.9978,0.7351
31.233,9.5446,-0.2684,-0.383,0.2135,0.0818,0.1842,0.0789,0.9485,0.9888,0.7233
31.233,9.5446,-0.2684,-0.383,0.2135,0.0818,0.1842,0.1316,0.9485,0.9888,0.7233
31.25,9.5478,-0.2699,-0.3814,0.2205,0.0675,0.1842,0.1316,0.9485,0.9888,0.7233
31.25,9.5478,-0.2699,-0.3814,0.2205,0.0675,0.1842,0.1316,0.9485,0.9888,0.7233
31.25,9.5478,-0.2699,-0.3814,0.2205,0.0675,0.1842,0.1316,0.9485,0.9888,0.7233
31.283,9.5542,-0.273,-0.3782,0.2125,0.0864,0.1842,0.1316,0.9485,0.9888,0.7233
31.3,9.5573,-0.2745,-0.3767,0.2019,0.0582,0.1842,0.1316,0.9485,0.9888,0.7233
31.3,9.5573,-0.2745,-0.3767,0.2019,0.0582,0.1842,0.1316,0.9485,0.9888,0.7233
31.3,9.5573,-0.2745,-0.3767,0.2019,0.0582,0.1842,0.1316,0.9485,0.9888,0.7233
31.333,9.5631,-0.2772,-0.3743,0.1876,0.0658,0.1842,0.1316,0.9513,0.9888,0.7233
31.333,9.5631,-0.2772,-0.3743,0.1876,0.0658,0.1842,0.1842,0.9513,0.9888,0.7233
31.35,9.5659,-0.2785,-0.3731,0.1837,0.0732,0.1842,0.1842,0.9513,0.9888,0.7233
31.367,9.5687,-0.2798,-0.3719,0.1821,0.0611,0.1842,0.1842,0.9513,0.9888,0.7233
31.367,9.5687,-0.2798,-0.3719,0.1821,0.0611,0.1579,0.1842,0.9513,0.9888,0.7233
31.367,9.5687,-0.2798,-0.3719,0.1821,0.0611,0.1579,0.1842,0.9513,0.9888,0.7233
31.4,9.5743,-0.2824,-0.3692,0.1841,0.0726,0.1579,0.1842,0.9513,0.9888,0.7233
31.4,9.5743,-0.2824,-0.3692,0.1841,0.0726,0.1579,0.1316,0.9513,0.9888,0.7233
31.417,9.5771,-0.2837,-0.3678,0.1837,0.074,0.1579,0.1316,0.9641,0.9818,0.7233
31.417,9.5771,-0.2837,-0.3678,0.1837,0.074,0.1579,0.1316,0.9641,0.9818,0.7111
31.417,9.5771,-0.2837,-0.3678,0.1837,0.074,0.1579,0.1316,0.9641,0.9818,0.7111
31.45,9.5827,-0.2863,-0.3649,0.1853,0.082,0.1579,0.0789,0.9641,0.9818,0.7111
31.467,9.5855,-0.2877,-0.3633,0.1882,0.088,0.1579,0.0789,0.9641,0.9818,0.7111
31.467,9.5855,-0.2877,-0.3633,0.1882,0.088,0.1579,0.0789,0.9641,0.9818,0.7111
31.467,9.5855,-0.2877,-0.3633,0.1882,0.088,0.1579,0.0789,0.9641,0.9818,0.7111
31.5,9.5911,-0.2904,-0.3599,0.1883,0.0872,0.1579,0.0789,0.9641,0.9818,0.7111
31.5,9.5911,-0.2904,-0.3599,0.1883,0.0872,0.1579,0.0789,0.9641,0.9818,0.7111
31.517,9.5938,-0.2916,-0.3582,0.1727,0.058,0.1579,0.0789,0.9641,0.9818,0.7111
31.533,9.5963,-0.2928,-0.3566,0.1666,0.0751,0.1579,0.0789,0.9552,0.9818,0.7111
31.533,9.5963,-0.2928,-0.3566,0.1666,0.0751,0.1579,0.1316,0.9552,0.9818,0.7111
31.533,9.5963,-0.2928,-0.3566,0.1666,0.0751,0.1579,0.1316,0.9552,0.9818,0.7111
31.567,9.6012,-0.2951,-0.3536,0.158,0.0913,0.1579,0.1316,0.9552,0.9818,0.7111
31.567,9.6012,-0.2951,-0.3536,0.158,0.0913,0.1316,0.0,0.9552,0.9818,0.7111
31.583,9.6036,-0.2963,-0.3521,0.1573,0.0744,0.1316,0.0,0.9552,0.9818,0.7111
31.583,9.6036,-0.2963,-0.3521,0.1573,0.0744,0.1316,0.0,0.9552,0.9818,0.7111
31.583,9.6036,-0.2963,-0.3521,0.1573,0.0744,0.1316,0.0,0.9552,0.9818,0.7111
31.617,9.6084,-0.2985,-0.3495,0.1557,0.0823,0.1316,-0.0263,0.9552,0.9818,0.7111
31.633,9.6108,-0.2995,-0.3482,0.1537,0.0856,0.1316,-0.0263,0.9466,0.9826,0.7046
31.633,9.6108,-0.2995,-0.3482,0.1537,0.0856,0.1316,-0.0263,0.9466,0.9826,0.7046
31.633,9.6108,-0.2995,-0.3482,0.1537,0.0856,0.1316,-0.0263,0.9466,0.9826,0.7046
31.667,9.6156,-0.3017,-0.3455,0.1545,0.0824,0.1316,-0.0263,0.9466,0.9826,0.7046
31.667,9.6156,-0.3017,-0.3455,0.1545,0.0824,0.1316,-0.0263,0.9466,0.9826,0.7046
31.683,9.618,-0.3028,-0.3441,0.157,0.0754,0.1579,0.1337,0.9466,0.9826,0.7046
31.7,9.6204,-0.3039,-0.3426,0.1572,0.0832,0.1579,0.1842,0.9466,0.9826,0.7046
31.7,9.6204,-0.3039,-0.3426,0.1572,0.0832,0.1579,0.1842,0.9466,0.9826,0.7046
31.7,9.6204,-0.3039,-0.3426,0.1572,0.0832,0.1579,0.1842,0.9466,0.9826,0.7046
31.733,9.6246,-0.3057,-0.3405,0.1319,0.07,0.1579,0.1842,0.9544,0.9826,0.7046
31.733,9.6246,-0.3057,-0.3405,0.1319,0.07,0.1579,0.1842,0.9544,0.9826,0.7046
31.75,9.6266,-0.3066,-0.3396,0.132,0.0647,0.1579,0.1842,0.9544,0.9826,0.7046
31.75,9.6266,-0.3066,-0.3396,0.132,0.0647,0.1579,0.1842,0.9544,0.9826,0.7046
31.75,9.6266,-0.3066,-0.3396,0.132,0.0647,0.1579,0.1842,0.9544,0.9826,0.7046
31.783,9.6306,-0.3083,-0.3379,0.1295,0.058,0.1579,0.1842,0.9544,0.9826,0.7046
31.8,9.6327,-0.3091,-0.3372,0.1288,0.0615,0.1579,0.1842,0.9544,0.9826,0.7046
31.8,9.6327,-0.3091,-0.3372,0.1288,0.0615,0.1579,0.1842,0.9544,0.9826,0.7046
31.8,9.6327,-0.3091,-0.3372,0.1288,0.0615,0.1579,0.1842,0.9544,0.9826,0.7046
31.833,9.6372,-0.3112,-0.3343,0.1604,0.0875,0.1579,0.1842,0.9561,0.9873,0.7032
31.833,9.6372,-0.3112,-0.3343,0.1604,0.0875,0.1579,0.1842,0.9561,0.9873,0.7032
31.85,9.6397,-0.3123,-0.3326,0.1604,0.0751,0.1579,0.1842,0.9561,0.9873,0.7032
31.867,9.6421,-0.3134,-0.331,0.1643,0.0758,0.1579,0.1842,0.9561,0.9873,0.7032
31.867,9.6421,-0.3134,-0.331,0.1643,0.0758,0.1579,0.1842,0.9561,0.9873,0.7032
31.867,9.6421,-0.3134,-0.331,0.1643,0.0758,0.1579,0.1842,0.9561,0.9873,0.7032
31.9,9.647,-0.3157,-0.3275,0.1634,0.0842,0.1579,0.1842,0.9561,0.9873,0.7032
31.9,9.647,-0.3157,-0.3275,0.1634,0.0842,0.1053,0.0789,0.9561,0.9873,0.7032
31.917,9.6495,-0.3168,-0.3258,0.1651,0.0771,0.1053,0.0263,0.9561,0.9873,0.7032
31.917,9.6495,-0.3168,-0.3258,0.1651,0.0771,0.1053,0.0263,0.9548,0.9873,0.7032
31.917,9.6495,-0.3168,-0.3258,0.1651,0.0771,0.1053,0.0263,0.9548,0.9873,0.7032
31.95,9.6545,-0.319,-0.3222,0.1611,0.0965,0.1053,-0.0263,0.9548,0.9873,0.7032
31.967,9.6569,-0.3201,-0.3203,0.162,0.1141,0.1053,-0.0263,0.9548,0.9873,0.7032
31.967,9.6569,-0.3201,-0.3203,0.162,0.1141,0.1053,-0.0263,0.9548,0.9873,0.7032
31.967,9.6569,-0.3201,-0.3203,0.162,0.1141,0.1053,-0.0263,0.9548,0.9873,0.7032
32.0,9.6618,-0.3224,-0.3164,0.1615,0.0917,0.1053,-0.0263,0.9548,0.9873,0.7032
32.0,9.6618,-0.3224,-0.3164,0.1615,0.0917,0.1053,-0.0263,0.9548,0.9873,0.7032
32.017,9.6643,-0.3235,-0.3145,0.1598,0.1157,0.1053,-0.0263,0.956,0.9873,0.7032
32.033,9.6667,-0.3246,-0.3125,0.1627,0.0969,0.1316,0.1316,0.956,0.99,0.7006
32.033,9.6667,-0.3246,-0.3125,0.1627,0.0969,0.1316,0.1316,0.956,0.99,0.7006
32.033,9.6667,-0.3246,-0.3125,0.1627,0.0969,0.1316,0.1316,0.956,0.99,0.7006
32.067,9.6705,-0.3263,-0.31,0.1081,0.0655,0.1316,0.1316,0.956,0.99,0.7006
32.067,9.6705,-0.3263,-0.31,0.1081,0.0655,0.1316,0.1316,0.956,0.99,0.7006
32.083,9.6722,-0.327,-0.309,0.1051,0.0634,0.1316,0.1316,0.956,0.99,0.7006
32.083,9.6722,-0.327,-0.309,0.1051,0.0634,0.1316,0.1316,0.956,0.99,0.7006
32.083,9.6722,-0.327,-0.309,0.1051,0.0634,0.1316,0.1316,0.956,0.99,0.7006
32.117,9.6754,-0.3282,-0.3075,0.1028,0.0523,0.1316,0.1842,0.956,0.99,0.7006
32.133,9.677,-0.3289,-0.3066,0.1042,0.0357,0.1316,0.1842,0.9595,0.99,0.7006
32.133,9.677,-0.3289,-0.3066,0.1042,0.0357,0.1316,0.1842,0.9595,0.99,0.7006
32.133,9.677,-0.3289,-0.3066,0.1042,0.0357,0.1316,0.1842,0.9595,0.99,0.7006
32.167,9.6804,-0.3303,-0.3045,0.1229,0.109,0.1316,0.1842,0.9595,0.99,0.7006
32.167,9.6804,-0.3303,-0.3045,0.1229,0.109,0.1316,0.1842,0.9595,0.99,0.7006
32.183,9.6824,-0.3312,-0.3029,0.1307,0.0717,0.1316,0.1842,0.9595,0.99,0.7006
32.2,9.6844,-0.332,-0.3014,0.1313,0.1016,0.1316,0.1842,0.9595,0.99,0.7006
32.2,9.6844,-0.332,-0.3014,0.1313,0.1016,0.1053,0.0263,0.9595,0.99,0.7006
32.2,9.6844,-0.332,-0.3014,0.1313,0.1016,0.1053,0.0263,0.9595,0.99,0.7006
32.233,9.6884,-0.3338,-0.2983,0.1314,0.1012,0.1053,0.0263,0.9701,1.0017,0.7045
32.233,9.6884,-0.3338,-0.2983,0.1314,0.1012,0.1316,0.1842,0.9701,1.0017,0.7045
32.25,9.6905,-0.3347,-0.2967,0.1332,0.0794,0.1053,0.0789,0.9701,1.0017,0.7045
32.25,9.6905,-0.3347,-0.2967,0.1332,0.0794,0.1053,0.0789,0.9701,1.0017,0.7045
32.25,9.6905,-0.3347,-0.2967,0.1332,0.0794,0.1053,0.0789,0.9701,1.0017,0.7045
32.283,9.6946,-0.3365,-0.2932,0.1353,0.0875,0.1053,0.1316,0.9701,1.0017,0.7045
32.3,9.6967,-0.3374,-0.2914,0.1387,0.093,0.1053,0.1316,0.9701,1.0017,0.7045
32.3,9.6967,-0.3374,-0.2914,0.1387,0.093,0.1053,0.0789,0.9701,1.0017,0.7045
32.3,9.6967,-0.3374,-0.2914,0.1387,0.093,0.1053,0.0789,0.9701,1.0017,0.7045
32.333,9.7009,-0.3392,-0.2877,0.1388,0.0831,0.1053,0.0789,0.9676,1.0017,0.7045
32.333,9.7009,-0.3392,-0.2877,0.1388,0.0831,0.1053,0.0789,0.9676,1.0017,0.7045
32.35,9.7028,-0.34,-0.2864,0.1155,0.0918,0.1053,0.0789,0.9676,1.0017,0.7045
32.367,9.7045,-0.3407,-0.2851,0.1078,0.0827,0.1053,0.0789,0.9676,1.0017,0.7045
32.367,9.7045,-0.3407,-0.2851,0.1078,0.0827,0.1053,0.0789,0.9676,1.0017,0.7045
32.367,9.7045,-0.3407,-0.2851,0.1078,0.0827,0.1053,0.0789,0.9676,1.0017,0.7045
32.4,9.7078,-0.3421,-0.2825,0.1045,0.0867,0.1053,0.0789,0.9676,1.0017,0.7045
32.4,9.7078,-0.3421,-0.2825,0.1045,0.0867,0.1053,0.0789,0.9676,1.0017,0.7045
32.417,9.7095,-0.3428,-0.2812,0.1035,0.0636,0.1053,0.1316,0.9782,1.0017,0.7076
32.417,9.7095,-0.3428,-0.2812,0.1035,0.0636,0.1053,0.1316,0.9782,1.0113,0.7076
32.45,9.7127,-0.3441,-0.2788,0.1018,0.1033,0.1053,0.1316,0.9782,1.0113,0.7076
32.45,9.7127,-0.3441,-0.2788,0.1018,0.1033,0.1053,0.1316,0.9782,1.0113,0.7076
32.467,9.7143,-0.3448,-0.2775,0.1033,0.068,0.1053,0.1316,0.9782,1.0113,0.7076
32.467,9.7143,-0.3448,-0.2775,0.1033,0.068,0.1053,0.1316,0.9782,1.0113,0.7076
32.467,9.7143,-0.3448,-0.2775,0.1033,0.068,0.1053,0.1316,0.9782,1.0113,0.7076
32.5,9.7175,-0.3461,-0.2749,0.1047,0.0706,0.1053,0.1316,0.9782,1.0113,0.7076
32.5,9.7175,-0.3461,-0.2749,0.1047,0.0706,0.1053,0.1316,0.9782,1.0113,0.7076
32.517,9.7192,-0.3468,-0.2737,0.1026,0.0711,0.1053,0.1316,0.9782,1.0113,0.7076
32.533,9.7208,-0.3474,-0.2724,0.102,0.0666,0.1053,0.1316,0.976,1.0113,0.7076
32.533,9.7208,-0.3474,-0.2724,0.102,0.0666,0.0789,0.1316,0.976,1.0113,0.7076
32.533,9.7208,-0.3474,-0.2724,0.102,0.0666,0.0789,0.1316,0.976,1.0113,0.7076
32.567,9.7241,-0.3488,-0.2695,0.1054,0.0951,0.0789,0.1316,0.976,1.0113,0.7076
32.567,9.7241,-0.3488,-0.2695,0.1054,0.0951,0.0789,0.0789,0.976,1.0113,0.7076
32.583,9.7257,-0.3495,-0.268,0.106,0.0658,0.0789,0.0789,0.976,1.0113,0.7076
32.583,9.7257,-0.3495,-0.268,0.106,0.0658,0.0789,0.0789,0.976,1.0113,0.7076
32.583,9.7257,-0.3495,-0.268,0.106,0.0658,0.0789,0.0789,0.976,1.0113,0.7076
32.617,9.729,-0.3508,-0.2651,0.1066,0.0708,0.0789,0.0789,0.976,1.0113,0.7076
32.633,9.7307,-0.3515,-0.2637,0.1048,0.0823,0.0789,0.0789,0.977,1.0271,0.7142
32.633,9.7307,-0.3515,-0.2637,0.1048,0.0823,0.0789,0.0263,0.977,1.0271,0.7142
32.633,9.7307,-0.3515,-0.2637,0.1048,0.0823,0.0789,0.0263,0.977,1.0271,0.7142
32.667,9.734,-0.3529,-0.2607,0.1048,0.0997,0.0789,0.0263,0.977,1.0271,0.7142
32.667,9.734,-0.3529,-0.2607,0.1048,0.0997,0.0789,0.0263,0.977,1.0271,0.7142
32.683,9.7354,-0.3535,-0.2592,0.0903,0.074,0.0789,0.0263,0.977,1.0271,0.7142
32.7,9.7367,-0.354,-0.2579,0.0824,0.0798,0.0789,0.0263,0.977,1.0271,0.7142
32.7,9.7367,-0.354,-0.2579,0.0824,0.0798,0.0789,0.0263,0.977,1.0271,0.7142
32.7,9.7367,-0.354,-0.2579,0.0824,0.0798,0.0789,0.0263,0.977,1.0271,0.7142
32.733,9.7393,-0.355,-0.2558,0.0784,0.0748,0.0789,0.0263,0.9949,1.0271,0.7142
32.733,9.7393,-0.355,-0.2558,0.0784,0.0748,0.0789,0.0263,0.9949,1.0271,0.7142
32.75,9.7405,-0.3555,-0.2547,0.079,0.0492,0.0789,0.0263,0.9949,1.0271,0.7142
32.75,9.7405,-0.3555,-0.2547,0.079,0.0492,0.0789,0.0263,0.9949,1.0271,0.7142
32.75,9.7405,-0.3555,-0.2547,0.079,0.0492,0.0789,0.0263,0.9949,1.0271,0.7142
32.783,9.7429,-0.3565,-0.2529,0.0769,0.0544,0.1053,0.1842,0.9949,1.0271,0.7142
32.8,9.7441,-0.3569,-0.2519,0.0777,0.0658,0.1053,0.1842,0.9949,1.0271,0.7142
32.8,9.7441,-0.3569,-0.2519,0.0777,0.0658,0.1053,0.1842,0.9949,1.0271,0.7142
32.8,9.7441,-0.3569,-0.2519,0.0777,0.0658,0.1053,0.1842,0.9949,1.0271,0.7142
32.833,9.7465,-0.3579,-0.25,0.0765,0.0636,0.1053,0.1842,1.001,1.0415,0.7222
32.833,9.7465,-0.3579,-0.25,0.0765,0.0636,0.0789,0.0789,1.001,1.0415,0.7222
32.833,9.7465,-0.3579,-0.25,0.0765,0.0636,0.0789,0.0789,1.001,1.0415,0.7222
32.85,9.7478,-0.3583,-0.249,0.076,0.0597,0.0789,0.0789,1.001,1.0415,0.7222
32.85,9.7478,-0.3583,-0.249,0.076,0.0597,0.0789,0.0789,1.001,1.0415,0.7222
32.867,9.749,-0.3588,-0.248,0.0785,0.0953,0.0789,0.0789,1.001,1.0415,0.7222
32.867,9.749,-0.3588,-0.248,0.0785,0.0953,0.0789,0.0789,1.001,1.0415,0.7222
32.867,9.749,-0.3588,-0.248,0.0785,0.0953,0.0789,0.0789,1.001,1.0415,0.7222
32.9,9.7516,-0.3599,-0.2455,0.1022,0.0917,0.0789,0.0789,1.001,1.0415,0.7222
32.917,9.7533,-0.3605,-0.2437,0.109,0.096,0.0789,0.0789,1.001,1.0415,0.7222
32.917,9.7533,-0.3605,-0.2437,0.109,0.096,0.0789,0.0789,0.9886,1.0415,0.7222
32.917,9.7533,-0.3605,-0.2437,0.109,0.096,0.0789,0.0789,0.9886,1.0415,0.7222
32.95,9.7567,-0.3619,-0.2403,0.1119,0.0988,0.0789,0.0789,0.9886,1.0415,0.7222
32.95,9.7567,-0.3619,-0.2403,0.1119,0.0988,0.0789,0.0789,0.9886,1.0415,0.7222
32.967,9.7582,-0.3625,-0.239,0.0898,0.0733,0.0789,0.0789,0.9886,1.0415,0.7222
32.967,9.7582,-0.3625,-0.239,0.0898,0.0733,0.0789,0.0789,0.9886,1.0415,0.7222
32.967,9.7582,-0.3625,-0.239,0.0898,0.0733,0.0789,0.0789,0.9886,1.0415,0.7222
33.0,9.7609,-0.3635,-0.2365,0.083,0.0665,0.0789,0.0789,0.9886,1.0415,0.7222
33.017,9.7621,-0.364,-0.2354,0.0793,0.0725,0.0789,0.0789,0.9886,1.0415,0.7222
33.017,9.7621,-0.364,-0.2354,0.0793,0.0725,0.0789,0.0789,1.0197,1.0575,0.7309
33.033,9.7634,-0.3645,-0.2342,0.0821,0.0651,0.0789,0.0789,1.0197,1.0575,0.7309
33.033,9.7634,-0.3645,-0.2342,0.0821,0.0651,0.0789,0.0789,1.0197,1.0575,0.7309
33.033,9.7634,-0.3645,-0.2342,0.0821,0.0651,0.0789,0.0789,1.0197,1.0575,0.7309
33.067,9.7659,-0.3655,-0.2318,0.0788,0.0766,0.0789,0.0789,1.0197,1.0575,0.7309
33.083,9.7672,-0.366,-0.2307,0.0782,0.0585,0.0789,0.0789,1.0197,1.0575,0.7309
33.083,9.7672,-0.366,-0.2307,0.0782,0.0585,0.0789,0.0789,1.0197,1.0575,0.7309
33.083,9.7672,-0.366,-0.2307,0.0782,0.0585,0.0789,0.0789,1.0197,1.0575,0.7309
33.117,9.7696,-0.3669,-0.2284,0.08,0.0547,0.0789,0.0789,1.0197,1.0575,0.7309
33.117,9.7696,-0.3669,-0.2284,0.08,0.0547,0.0789,0.1316,1.0197,1.0575,0.7309
33.133,9.7709,-0.3674,-0.2272,0.0783,0.0742,0.0789,0.0789,1.0249,1.0575,0.7309
33.133,9.7709,-0.3674,-0.2272,0.0783,0.0742,0.0789,0.0789,1.0249,1.0575,0.7309
33.133,9.7709,-0.3674,-0.2272,0.0783,0.0742,0.0789,0.0789,1.0249,1.0575,0.7309
33.167,9.7734,-0.3683,-0.2249,0.0769,0.0875,0.0789,0.1316,1.0249,1.0575,0.7309
33.183,9.7746,-0.3688,-0.2237,0.0777,0.052,0.0789,0.1316,1.0249,1.0575,0.7309
33.183,9.7746,-0.3688,-0.2237,0.0777,0.052,0.0789,0.1316,1.0249,1.0575,0.7309
33.2,9.7758,-0.3692,-0.2226,0.0787,0.0704,0.0789,0.1316,1.0249,1.0575,0.7309
33.2,9.7758,-0.3692,-0.2226,0.0787,0.0704,0.0789,0.1316,1.0249,1.0575,0.7309
33.2,9.7758,-0.3692,-0.2226,0.0787,0.0704,0.0789,0.1316,1.025,1.0733,0.7411
33.233,9.7783,-0.3702,-0.2203,0.08,0.074,0.0789,0.1316,1.025,1.0733,0.7411
33.25,9.7796,-0.3706,-0.2191,0.0794,0.0735,0.0789,0.1316,1.025,1.0733,0.7411
33.25,9.7796,-0.3706,-0.2191,0.0794,0.0735,0.0789,0.1316,1.025,1.0733,0.7411
33.25,9.7796,-0.3706,-0.2191,0.0794,0.0735,0.0789,0.1316,1.025,1.0733,0.7411
33.283,9.7821,-0.3716,-0.2166,0.0775,0.0711,0.0789,0.1316,1.025,1.0733,0.7411
33.283,9.7821,-0.3716,-0.2166,0.0775,0.0711,0.0789,0.1316,1.025,1.0733,0.7411
33.3,9.7833,-0.372,-0.2153,0.0799,0.0807,0.0789,0.1316,1.025,1.0733,0.7411
33.3,9.7833,-0.372,-0.2153,0.0799,0.0807,0.0789,0.1316,1.025,1.0733,0.7411
33.3,9.7833,-0.372,-0.2153,0.0799,0.0807,0.0789,0.1316,1.0314,1.0733,0.7411
33.333,9.7858,-0.373,-0.2127,0.0817,0.0776,0.0789,0.1316,1.0314,1.0733,0.7411
33.35,9.7871,-0.3735,-0.2113,0.081,0.071,0.0789,0.1316,1.0314,1.0733,0.7411
33.35,9.7871,-0.3735,-0.2113,0.081,0.071,0.0789,0.1316,1.0314,1.0733,0.7411
33.367,9.7884,-0.374,-0.2101,0.0822,0.08,0.0789,0.1316,1.0314,1.0733,0.7411
33.367,9.7884,-0.374,-0.2101,0.0822,0.08,0.0526,0.0,1.0314,1.0733,0.7411
33.367,9.7884,-0.374,-0.2101,0.0822,0.08,0.0526,0.0,1.0314,1.0733,0.7411
33.4,9.791,-0.3749,-0.2074,0.0803,0.0596,0.0526,0.0,1.0314,1.0733,0.7411
33.417,9.7923,-0.3754,-0.206,0.0824,0.0718,0.0526,0.0,1.0314,1.0733,0.7411
33.417,9.7923,-0.3754,-0.206,0.0824,0.0718,0.0526,0.0,1.0426,1.0913,0.7512
33.417,9.7923,-0.3754,-0.206,0.0824,0.0718,0.0526,0.0,1.0426,1.0913,0.7512
33.417,9.7923,-0.3754,-0.206,0.0824,0.0718,0.0526,0.0,1.0426,1.0913,0.7512
33.45,9.7949,-0.3764,-0.2033,0.0788,0.066,0.0526,0.0,1.0426,1.0913,0.7512
33.45,9.7949,-0.3764,-0.2033,0.0788,0.066,0.0789,0.1316,1.0426,1.0913,0.7512
33.467,9.7961,-0.3769,-0.202,0.0799,0.0648,0.0789,0.1316,1.0426,1.0913,0.7512
33.467,9.7961,-0.3769,-0.202,0.0799,0.0648,0.0789,0.1316,1.0426,1.0913,0.7512
33.467,9.7961,-0.3769,-0.202,0.0799,0.0648,0.0789,0.1316,1.0426,1.0913,0.7512
33.5,9.7987,-0.3778,-0.1992,0.0796,0.1028,0.0789,0.1316,1.0426,1.0913,0.7512
33.517,9.7998,-0.3782,-0.1981,0.0594,0.0517,0.0789,0.1316,1.0426,1.0913,0.7512
33.517,9.7998,-0.3782,-0.1981,0.0594,0.0517,0.0789,0.1316,1.0506,1.0913,0.7512
33.533,9.8007,-0.3785,-0.1974,0.0496,0.0565,0.0789,0.1316,1.0506,1.0913,0.7512
33.533,9.8007,-0.3785,-0.1974,0.0496,0.0565,0.0789,0.1316,1.0506,1.0913,0.7512
33.533,9.8007,-0.3785,-0.1974,0.0496,0.0565,0.0789,0.1316,1.0506,1.0913,0.7512
33.567,9.8022,-0.379,-0.1959,0.0495,0.0486,0.0789,0.1316,1.0506,1.0913,0.7512
33.583,9.803,-0.3793,-0.1952,0.0492,0.053,0.0789,0.1316,1.0506,1.0913,0.7512
33.583,9.803,-0.3793,-0.1952,0.0492,0.053,0.0789,0.1316,1.0506,1.0913,0.7512
33.583,9.803,-0.3793,-0.1952,0.0492,0.053,0.0789,0.1316,1.0506,1.0913,0.7512
33.617,9.8052,-0.3801,-0.1927,0.0783,0.0616,0.0789,0.1316,1.0506,1.0913,0.7512
33.617,9.8052,-0.3801,-0.1927,0.0783,0.0616,0.0789,0.1316,1.0619,1.0913,0.7512
33.633,9.8065,-0.3806,-0.1914,0.0795,0.0875,0.0789,0.1316,1.0619,1.1112,0.7639
33.633,9.8065,-0.3806,-0.1914,0.0795,0.0875,0.0789,0.1316,1.0619,1.1112,0.7639
33.633,9.8065,-0.3806,-0.1914,0.0795,0.0875,0.0789,0.1316,1.0619,1.1112,0.7639
33.667,9.8091,-0.3815,-0.1885,0.0789,0.0771,0.0789,0.1316,1.0619,1.1112,0.7639
33.683,9.8103,-0.382,-0.1872,0.0802,0.0873,0.0789,0.1316,1.0619,1.1112,0.7639
33.683,9.8103,-0.382,-0.1872,0.0802,0.0873,0.0164,-0.0284,1.0619,1.1112,0.7639
33.7,9.8116,-0.3825,-0.1857,0.0782,0.0687,0.0,-0.0789,1.0619,1.1112,0.7639
33.7,9.8116,-0.3825,-0.1857,0.0782,0.0687,0.0,-0.0789,1.0619,1.1112,0.7639
33.7,9.8116,-0.3825,-0.1857,0.0782,0.0687,0.0,-0.0789,1.0619,1.1112,0.7639
33.733,9.8142,-0.3833,-0.183,0.0805,0.0911,0.0,-0.0789,1.0689,1.1112,0.7639
33.75,9.8155,-0.3838,-0.1815,0.0785,0.0678,0.0,-0.0789,1.0689,1.1112,0.7639
33.75,9.8155,-0.3838,-0.1815,0.0785,0.0678,0.0,-0.0789,1.0689,1.1112,0.7639
33.75,9.8155,-0.3838,-0.1815,0.0785,0.0678,0.0,-0.0789,1.0689,1.1112,0.7639
33.783,9.818,-0.3847,-0.1787,0.0807,0.0902,0.0,-0.0789,1.0689,1.1112,0.7639
33.783,9.818,-0.3847,-0.1787,0.0807,0.0902,0.0,-0.0789,1.0689,1.1112,0.7639
33.8,9.8193,-0.3852,-0.1771,0.0806,0.0771,0.0,-0.0789,1.0689,1.1112,0.7639
33.8,9.8193,-0.3852,-0.1771,0.0806,0.0771,0.0,-0.0789,1.0689,1.1112,0.7639
33.8,9.8193,-0.3852,-0.1771,0.0806,0.0771,0.0526,0.0789,1.0696,1.1112,0.7756
33.833,9.8203,-0.3855,-0.1765,0.004,0.0065,0.0526,0.0789,1.0696,1.132,0.7756
33.833,9.8203,-0.3855,-0.1765,0.004,0.0065,0.0526,0.0789,1.0696,1.132,0.7756
33.85,9.8203,-0.3855,-0.1765,-0.0005,-0.014,0.0526,0.0789,1.0696,1.132,0.7756
33.867,9.8203,-0.3854,-0.1766,-0.0041,-0.0082,0.0526,0.0789,1.0696,1.132,0.7756
33.867,9.8203,-0.3854,-0.1766,-0.0041,-0.0082,0.0526,0.0789,1.0696,1.132,0.7756
33.867,9.8203,-0.3854,-0.1766,-0.0041,-0.0082,0.0526,0.0789,1.0696,1.132,0.7756
33.9,9.8202,-0.3854,-0.1771,-0.0026,0.0008,0.0526,0.0789,1.0696,1.132,0.7756
33.9,9.8202,-0.3854,-0.1771,-0.0026,0.0008,0.0526,0.0789,1.0696,1.132,0.7756
33.917,9.8202,-0.3853,-0.1773,-0.0025,0.0005,0.0526,0.0789,1.0696,1.132,0.7756
33.917,9.8202,-0.3853,-0.1773,-0.0025,0.0005,0.0526,0.0789,1.1113,1.132,0.7756
33.917,9.8202,-0.3853,-0.1773,-0.0025,0.0005,0.0526,0.0789,1.1113,1.132,0.7756
33.95,9.8205,-0.3854,-0.1771,0.0261,0.0279,0.0526,0.0789,1.1113,1.132,0.7756
33.967,9.8211,-0.3856,-0.1764,0.0467,0.0455,0.0526,0.0789,1.1113,1.132,0.7756
33.967,9.8211,-0.3856,-0.1764,0.0467,0.0455,0.0263,-0.0263,1.1113,1.132,0.7756
33.967,9.8211,-0.3856,-0.1764,0.0467,0.0455,0.0263,-0.0263,1.1113,1.132,0.7756
34.0,9.8227,-0.3862,-0.1747,0.0534,0.0506,0.0263,-0.0263,1.1113,1.132,0.7756
34.0,9.8227,-0.3862,-0.1747,0.0534,0.0506,0.0263,-0.0263,1.1113,1.132,0.7756
34.017,9.8236,-0.3865,-0.1738,0.0541,0.0451,0.0263,-0.0263,1.1113,1.132,0.7756
34.033,9.8244,-0.3868,-0.1729,0.0519,0.0637,0.0263,-0.0263,1.0916,1.16,0.7931
34.033,9.8244,-0.3868,-0.1729,0.0519,0.0637,0.0526,0.0789,1.0916,1.16,0.7931
34.033,9.8244,-0.3868,-0.1729,0.0519,0.0637,0.0526,0.0789,1.0916,1.16,0.7931
34.067,9.8261,-0.3874,-0.1709,0.0532,0.0768,0.0526,0.0789,1.0916,1.16,0.7931
34.067,9.8261,-0.3874,-0.1709,0.0532,0.0768,0.0526,0.0789,1.0916,1.16,0.7931
34.083,9.827,-0.3877,-0.1698,0.0557,0.0541,0.0526,0.0789,1.0916,1.16,0.7931
34.083,9.827,-0.3877,-0.1698,0.0557,0.0541,0.0526,0.0789,1.0916,1.16,0.7931
34.083,9.827,-0.3877,-0.1698,0.0557,0.0541,0.0526,0.0789,1.0916,1.16,0.7931
34.117,9.8282,-0.388,-0.169,0.0261,0.0221,0.0526,0.0789,1.0916,1.16,0.7931
34.133,9.8286,-0.3881,-0.1688,0.0247,0.0186,0.0526,0.0789,1.109,1.16,0.7931
34.133,9.8286,-0.3881,-0.1688,0.0247,0.0186,0.0526,0.0789,1.109,1.16,0.7931
34.133,9.8286,-0.3881,-0.1688,0.0247,0.0186,0.0526,0.0789,1.109,1.16,0.7931
34.167,9.8294,-0.3884,-0.1683,0.0244,0.0016,0.0526,0.0789,1.109,1.16,0.7931
34.167,9.8294,-0.3884,-0.1683,0.0244,0.0016,0.0526,0.0789,1.109,1.16,0.7931
34.183,9.83,-0.3886,-0.1674,0.0454,0.0486,0.0526,0.0789,1.109,1.16,0.7931
34.2,9.8308,-0.3889,-0.1665,0.0513,0.0448,0.0526,0.0789,1.109,1.16,0.7931
34.2,9.8308,-0.3889,-0.1665,0.0513,0.0448,0.0526,0.0789,1.109,1.16,0.7931
34.2,9.8308,-0.3889,-0.1665,0.0513,0.0448,0.0526,0.0789,1.109,1.16,0.7931
34.233,9.8324,-0.3894,-0.1647,0.0529,0.0528,0.0526,0.0789,1.0972,1.1625,0.796
34.233,9.8324,-0.3894,-0.1647,0.0529,0.0528,0.0526,0.0789,1.0972,1.1625,0.796
34.25,9.8333,-0.3897,-0.1638,0.0532,0.0493,0.0526,0.0789,1.0972,1.1625,0.796
34.25,9.8333,-0.3897,-0.1638,0.0532,0.0493,0.0526,0.0789,1.0972,1.1625,0.796
34.25,9.8333,-0.3897,-0.1638,0.0532,0.0493,0.0526,0.0789,1.0972,1.1625,0.796
34.283,9.835,-0.3903,-0.162,0.0522,0.0501,0.0526,0.0789,1.0972,1.1625,0.796
34.283,9.835,-0.3903,-0.162,0.0522,0.0501,0.0526,0.0789,1.0972,1.1625,0.796
34.3,9.8358,-0.3905,-0.1611,0.0521,0.049,0.0526,0.0789,1.0972,1.1625,0.796
34.3,9.8358,-0.3905,-0.1611,0.0521,0.049,0.0526,0.0789,1.0972,1.1625,0.796
34.3,9.8358,-0.3905,-0.1611,0.0521,0.049,0.0526,0.0789,1.1218,1.1625,0.796
34.333,9.8375,-0.3911,-0.1593,0.0547,0.0419,0.0526,0.0789,1.1218,1.1625,0.796
34.35,9.8384,-0.3914,-0.1585,0.052,0.07,0.0526,0.0789,1.1218,1.1625,0.796
34.35,9.8384,-0.3914,-0.1585,0.052,0.07,0.0526,0.0789,1.1218,1.1625,0.796
34.367,9.8392,-0.3917,-0.1574,0.0534,0.0474,0.0526,0.0789,1.1218,1.1625,0.796
34.367,9.8392,-0.3917,-0.1574,0.0534,0.0474,0.0526,0.0789,1.1218,1.1625,0.796
34.367,9.8392,-0.3917,-0.1574,0.0534,0.0474,0.0526,0.0789,1.1218,1.1625,0.796
34.4,9.8409,-0.3922,-0.1555,0.0544,0.0358,0.0526,0.0789,1.1218,1.1625,0.796
34.417,9.8417,-0.3925,-0.1547,0.0483,0.0652,0.0526,0.0789,1.1218,1.1625,0.796
34.417,9.8417,-0.3925,-0.1547,0.0483,0.0652,0.0526,0.1316,1.1186,1.1769,0.8031
34.417,9.8417,-0.3925,-0.1547,0.0483,0.0652,0.0526,0.1316,1.1186,1.1769,0.8031
34.45,9.8434,-0.3931,-0.1527,0.0538,0.043,0.0526,0.1316,1.1186,1.1769,0.8031
34.45,9.8434,-0.3931,-0.1527,0.0538,0.043,0.0526,0.1316,1.1186,1.1769,0.8031
34.467,9.8443,-0.3933,-0.1518,0.0515,0.0681,0.0526,0.1316,1.1186,1.1769,0.8031
34.467,9.8443,-0.3933,-0.1518,0.0515,0.0681,0.0526,0.1316,1.1186,1.1769,0.8031
34.467,9.8443,-0.3933,-0.1518,0.0515,0.0681,0.0526,0.1316,1.1186,1.1769,0.8031
34.5,9.846,-0.3939,-0.1499,0.0532,0.0775,0.0526,0.1316,1.1186,1.1769,0.8031
34.517,9.8469,-0.3942,-0.1488,0.054,0.0507,0.0526,0.1316,1.1186,1.1769,0.8031
34.517,9.8469,-0.3942,-0.1488,0.054,0.0507,0.0526,0.1316,1.1186,1.1769,0.8031
34.533,9.8477,-0.3945,-0.1478,0.0513,0.0744,0.0526,0.1316,1.1247,1.1769,0.8031
34.533,9.8477,-0.3945,-0.1478,0.0513,0.0744,0.0526,0.1316,1.1247,1.1769,0.8031
34.533,9.8477,-0.3945,-0.1478,0.0513,0.0744,0.0526,0.1316,1.1247,1.1769,0.8031
34.567,9.8495,-0.3951,-0.1455,0.0569,0.064,0.0526,0.1316,1.1247,1.1769,0.8031
34.583,9.8504,-0.3954,-0.1444,0.0544,0.0719,0.0526,0.1316,1.1247,1.1769,0.8031
34.583,9.8504,-0.3954,-0.1444,0.0544,0.0719,0.0526,0.1316,1.1247,1.1769,0.8031
34.583,9.8504,-0.3954,-0.1444,0.0544,0.0719,0.0526,0.1316,1.1247,1.1769,0.8031
34.617,9.8522,-0.396,-0.1422,0.0628,0.0621,0.0526,0.1316,1.1247,1.1769,0.8031
34.617,9.8522,-0.396,-0.1422,0.0628,0.0621,0.0526,0.1316,1.1544,1.1769,0.8168
34.633,9.8531,-0.3963,-0.141,0.0543,0.0718,0.0526,0.1316,1.1544,1.1974,0.8168
34.633,9.8531,-0.3963,-0.141,0.0543,0.0718,0.0526,0.1316,1.1544,1.1974,0.8168
34.633,9.8531,-0.3963,-0.141,0.0543,0.0718,0.0526,0.1316,1.1544,1.1974,0.8168
34.667,9.8549,-0.397,-0.1385,0.0537,0.0597,0.0526,0.1316,1.1544,1.1974,0.8168
34.683,9.8558,-0.3973,-0.1374,0.0565,0.052,0.0526,0.1316,1.1544,1.1974,0.8168
34.683,9.8558,-0.3973,-0.1374,0.0565,0.052,0.0526,0.1316,1.1544,1.1974,0.8168
34.7,9.8568,-0.3976,-0.1364,0.059,0.0665,0.0526,0.1316,1.1544,1.1974,0.8168
34.7,9.8568,-0.3976,-0.1364,0.059,0.0665,0.0526,0.1316,1.1544,1.1974,0.8168
34.7,9.8568,-0.3976,-0.1364,0.059,0.0665,0.0526,0.1316,1.1275,1.1974,0.8168
34.733,9.8586,-0.3982,-0.134,0.0543,0.0652,0.0263,0.0,1.1275,1.1974,0.8168
34.75,9.8595,-0.3985,-0.1328,0.0568,0.0633,0.0263,0.0,1.1275,1.1974,0.8168
34.75,9.8595,-0.3985,-0.1328,0.0568,0.0633,0.0263,0.0,1.1275,1.1974,0.8168
34.75,9.8595,-0.3985,-0.1328,0.0568,0.0633,0.0263,0.0,1.1275,1.1974,0.8168
34.783,9.8613,-0.3991,-0.1304,0.0544,0.0843,0.0263,0.0,1.1275,1.1974,0.8168
34.783,9.8613,-0.3991,-0.1304,0.0544,0.0843,0.0263,0.0263,1.1275,1.1974,0.8168
34.8,9.8622,-0.3994,-0.1292,0.0616,0.0622,0.0263,0.0263,1.1275,1.1974,0.8168
34.8,9.8622,-0.3994,-0.1292,0.0616,0.0622,0.0263,0.0263,1.1275,1.1974,0.8168
34.833,9.864,-0.4,-0.1267,0.0605,0.0654,0.0263,0.0263,1.1619,1.2197,0.8321
34.833,9.864,-0.4,-0.1267,0.0605,0.0654,0.0263,0.0263,1.1619,1.2197,0.8321
34.85,9.8649,-0.4004,-0.1254,0.0556,0.0795,0.0263,0.0263,1.1619,1.2197,0.8321
34.867,9.8658,-0.4007,-0.1242,0.0569,0.0611,0.0263,0.0263,1.1619,1.2197,0.8321
34.867,9.8658,-0.4007,-0.1242,0.0569,0.0611,0.0263,0.0263,1.1619,1.2197,0.8321
34.867,9.8658,-0.4007,-0.1242,0.0569,0.0611,0.0263,0.0263,1.1619,1.2197,0.8321
34.9,9.867,-0.401,-0.1229,0.026,0.0315,0.0263,0.0263,1.1619,1.2197,0.8321
34.9,9.867,-0.401,-0.1229,0.026,0.0315,0.0263,0.0263,1.1619,1.2197,0.8321
34.917,9.8674,-0.4011,-0.1224,0.0231,0.0374,0.0263,0.0263,1.1619,1.2197,0.8321
34.917,9.8674,-0.4011,-0.1224,0.0231,0.0374,0.0263,0.0263,1.1646,1.2197,0.8321
34.917,9.8674,-0.4011,-0.1224,0.0231,0.0374,0.0263,0.0263,1.1646,1.2197,0.8321
34.95,9.8682,-0.4014,-0.1214,0.0252,0.0335,0.0263,0.0263,1.1646,1.2197,0.8321
34.967,9.8686,-0.4015,-0.1208,0.0254,0.0309,0.0263,0.0263,1.1646,1.2197,0.8321
34.967,9.8686,-0.4015,-0.1208,0.0254,0.0309,0.0263,0.0263,1.1646,1.2197,0.8321
34.967,9.8686,-0.4015,-0.1208,0.0254,0.0309,0.0263,0.0263,1.1646,1.2197,0.8321
34.967,9.8686,-0.4015,-0.1208,0.0254,0.0309,0.0263,0.0263,1.1646,1.2197,0.8321
35.0,9.8694,-0.4018,-0.1198,0.0261,0.0191,0.0263,0.0263,1.1646,1.2197,0.8321
35.017,9.8698,-0.4019,-0.1194,0.0254,0.0423,0.0263,0.0263,1.1646,1.2197,0.8321
35.017,9.8698,-0.4019,-0.1194,0.0254,0.0423,0.0263,0.0263,1.1655,1.2475,0.8506
35.033,9.8702,-0.402,-0.1188,0.0263,0.0277,0.0263,0.0263,1.1655,1.2475,0.8506
35.033,9.8702,-0.402,-0.1188,0.0263,0.0277,0.0263,0.0263,1.1655,1.2475,0.8506
35.033,9.8702,-0.402,-0.1188,0.0263,0.0277,0.0263,0.0263,1.1655,1.2475,0.8506
35.033,9.8702,-0.402,-0.1188,0.0263,0.0277,0.0263,0.0263,1.1655,1.2475,0.8506
35.067,9.8711,-0.4023,-0.1177,0.0261,0.0303,0.0263,0.0263,1.1655,1.2475,0.8506
35.083,9.8715,-0.4024,-0.1173,0.025,0.0261,0.0263,0.0263,1.1655,1.2475,0.8506
35.083,9.8715,-0.4024,-0.1173,0.025,0.0261,0.0263,0.0263,1.1655,1.2475,0.8506
35.083,9.8715,-0.4024,-0.1173,0.025,0.0261,0.0263,0.0263,1.1655,1.2475,0.8506
35.117,9.8723,-0.4027,-0.1162,0.0248,0.0349,0.0263,0.0263,1.1655,1.2475,0.8506
35.117,9.8723,-0.4027,-0.1162,0.0248,0.0349,0.0263,0.0263,1.1655,1.2475,0.8506
35.133,9.8727,-0.4028,-0.1158,0.0233,0.0145,0.0263,0.0263,1.1904,1.2475,0.8506
35.133,9.8727,-0.4028,-0.1158,0.0233,0.0145,0.0263,0.0263,1.1904,1.2475,0.8506
35.133,9.8727,-0.4028,-0.1158,0.0233,0.0145,0.0263,0.0263,1.1904,1.2475,0.8506
35.167,9.8735,-0.4031,-0.1148,0.0251,0.0258,0.0263,0.0263,1.1904,1.2475,0.8506
35.183,9.8739,-0.4032,-0.1143,0.0228,0.0401,0.0263,0.0263,1.1904,1.2475,0.8506
35.183,9.8739,-0.4032,-0.1143,0.0228,0.0401,0.0263,0.0263,1.1904,1.2475,0.8506
35.2,9.8743,-0.4033,-0.1138,0.025,0.0387,0.0263,0.0263,1.1904,1.2475,0.8506
35.2,9.8743,-0.4033,-0.1138,0.025,0.0387,0.0263,0.0263,1.1904,1.2475,0.8506
35.233,9.8751,-0.4035,-0.1128,0.0213,0.0536,0.0263,0.0263,1.2112,1.267,0.8644
35.233,9.8751,-0.4035,-0.1128,0.0213,0.0536,0.0263,0.0263,1.2112,1.267,0.8644
35.25,9.8755,-0.4037,-0.1121,0.0247,0.0163,0.0263,0.0263,1.2112,1.267,0.8644
35.25,9.8755,-0.4037,-0.1121,0.0247,0.0163,0.0263,0.0263,1.2112,1.267,0.8644
35.25,9.8755,-0.4037,-0.1121,0.0247,0.0163,0.0263,0.0263,1.2112,1.267,0.8644
35.283,9.8763,-0.4039,-0.1113,0.0248,0.0221,0.0263,0.0263,1.2112,1.267,0.8644
35.283,9.8763,-0.4039,-0.1113,0.0248,0.0221,0.0263,0.0263,1.2112,1.267,0.8644
35.3,9.8768,-0.404,-0.1109,0.025,0.0279,0.0263,0.0263,1.2112,1.267,0.8644
35.3,9.8768,-0.404,-0.1109,0.025,0.0279,0.0263,0.0263,1.2112,1.267,0.8644
35.3,9.8768,-0.404,-0.1109,0.025,0.0279,0.0263,0.0263,1.2093,1.267,0.8644
35.333,9.8776,-0.4043,-0.1098,0.0254,0.0266,0.0263,0.0789,1.2093,1.267,0.8644
35.35,9.878,-0.4044,-0.1094,0.0235,0.0305,0.0263,0.0789,1.2093,1.267,0.8644
35.35,9.878,-0.4044,-0.1094,0.0235,0.0305,0.0263,0.0789,1.2093,1.267,0.8644
35.367,9.8784,-0.4045,-0.1088,0.024,0.0281,0.0263,0.0789,1.2093,1.267,0.8644
35.367,9.8784,-0.4045,-0.1088,0.024,0.0281,0.0263,0.0789,1.2093,1.267,0.8644
35.367,9.8784,-0.4045,-0.1088,0.024,0.0281,0.0263,0.0789,1.2093,1.267,0.8644
35.4,9.8792,-0.4048,-0.1079,0.0243,0.0309,0.0263,0.0789,1.2093,1.267,0.8644
35.417,9.8796,-0.4049,-0.1073,0.0239,0.0354,0.0263,0.0789,1.2093,1.267,0.8644
35.417,9.8796,-0.4049,-0.1073,0.0239,0.0354,0.0263,0.0789,1.2235,1.2815,0.8736
35.417,9.8796,-0.4049,-0.1073,0.0239,0.0354,0.0263,0.0789,1.2235,1.2815,0.8736
35.45,9.8804,-0.4052,-0.1063,0.0265,0.0387,0.0263,0.0789,1.2235,1.2815,0.8736
35.45,9.8804,-0.4052,-0.1063,0.0265,0.0387,0.0263,0.0789,1.2235,1.2815,0.8736
35.467,9.8809,-0.4053,-0.1055,0.0278,0.0364,0.0263,0.0789,1.2235,1.2815,0.8736
35.467,9.8809,-0.4053,-0.1055,0.0278,0.0364,0.0263,0.0789,1.2235,1.2815,0.8736
35.467,9.8809,-0.4053,-0.1055,0.0278,0.0364,0.0263,0.0789,1.2235,1.2815,0.8736
35.5,9.8818,-0.4056,-0.1042,0.0276,0.037,0.0263,0.0789,1.2235,1.2815,0.8736
35.517,9.8823,-0.4058,-0.1037,0.026,0.0401,0.0263,0.0789,1.2235,1.2815,0.8736
35.517,9.8823,-0.4058,-0.1037,0.026,0.0401,0.0263,0.0789,1.2235,1.2815,0.8736
35.533,9.8827,-0.4059,-0.1031,0.0283,0.0441,0.0263,0.0789,1.2302,1.2815,0.8736
35.533,9.8827,-0.4059,-0.1031,0.0283,0.0441,0.0263,0.0789,1.2302,1.2815,0.8736
35.533,9.8827,-0.4059,-0.1031,0.0283,0.0441,0.0263,0.0789,1.2302,1.2815,0.8736
35.567,9.8837,-0.4062,-0.1017,0.0274,0.0304,0.0263,0.0789,1.2302,1.2815,0.8736
35.583,9.8841,-0.4063,-0.1011,0.0298,0.0391,0.0263,0.0789,1.2302,1.2815,0.8736
35.583,9.8841,-0.4063,-0.1011,0.0298,0.0391,0.0263,0.0789,1.2302,1.2815,0.8736
35.583,9.8841,-0.4063,-0.1011,0.0298,0.0391,0.0263,0.0789,1.2302,1.2815,0.8736
35.583,9.8841,-0.4063,-0.1011,0.0298,0.0391,0.0263,0.0789,1.2302,1.2815,0.8736
35.583,9.8841,-0.4063,-0.1011,0.0298,0.0391,0.0,-0.0263,1.2302,1.2815,0.8736
35.617,9.8851,-0.4066,-0.0998,0.0274,0.0275,0.0,-0.0263,1.2302,1.2815,0.8736
35.633,9.8855,-0.4068,-0.0992,0.0269,0.0361,0.0,-0.0263,1.2192,1.2952,0.8825
35.633,9.8855,-0.4068,-0.0992,0.0269,0.0361,0.0,-0.0263,1.2192,1.2952,0.8825
35.633,9.8855,-0.4068,-0.0992,0.0269,0.0361,0.0,-0.0263,1.2192,1.2952,0.8825
35.667,9.8865,-0.4071,-0.098,0.0281,0.0349,0.0,-0.0263,1.2192,1.2952,0.8825
35.667,9.8865,-0.4071,-0.098,0.0281,0.0349,0.0,-0.0789,1.2192,1.2952,0.8825
35.683,9.8869,-0.4072,-0.0973,0.0298,0.0346,0.0,-0.0789,1.2192,1.2952,0.8825
35.7,9.8874,-0.4074,-0.0966,0.03,0.0297,0.0,-0.0789,1.2192,1.2952,0.8825
35.7,9.8874,-0.4074,-0.0966,0.03,0.0297,0.0,-0.0263,1.2192,1.2952,0.8825
35.7,9.8874,-0.4074,-0.0966,0.03,0.0297,0.0,-0.0263,1.2192,1.2952,0.8825
35.733,9.8883,-0.4076,-0.0954,0.0288,0.0336,0.0,-0.0263,1.2356,1.2952,0.8825
35.733,9.8883,-0.4076,-0.0954,0.0288,0.0336,0.0,-0.0263,1.2356,1.2952,0.8825
35.75,9.8885,-0.4077,-0.0952,0.0054,-0.0005,0.0,-0.0263,1.2356,1.2952,0.8825
35.75,9.8885,-0.4077,-0.0952,0.0054,-0.0005,0.0,-0.0263,1.2356,1.2952,0.8825
35.75,9.8885,-0.4077,-0.0952,0.0054,-0.0005,0.0,-0.0263,1.2356,1.2952,0.8825
35.783,9.8886,-0.4077,-0.0951,-0.0008,0.0004,0.0,-0.0263,1.2356,1.2952,0.8825
35.8,9.8885,-0.4077,-0.0953,-0.0028,-0.0037,0.0,-0.0263,1.2356,1.2952,0.8825
35.8,9.8885,-0.4077,-0.0953,-0.0028,-0.0037,0.0,-0.0263,1.2356,1.2952,0.8825
35.8,9.8885,-0.4077,-0.0953,-0.0028,-0.0037,0.0,-0.0263,1.2299,1.2952,0.8825
35.833,9.8885,-0.4076,-0.0958,-0.0039,-0.0143,0.0,-0.0263,1.2299,1.3116,0.8941
35.833,9.8885,-0.4076,-0.0958,-0.0039,-0.0143,0.0,-0.0263,1.2299,1.3116,0.8941
35.85,9.8884,-0.4076,-0.0959,-0.0026,0.0084,0.0,-0.0263,1.2299,1.3116,0.8941
35.867,9.8884,-0.4076,-0.096,-0.0014,-0.003,0.0,-0.0263,1.2299,1.3116,0.8941
35.867,9.8884,-0.4076,-0.096,-0.0014,-0.003,0.0,-0.0263,1.2299,1.3116,0.8941
35.867,9.8884,-0.4076,-0.096,-0.0014,-0.003,0.0,-0.0263,1.2299,1.3116,0.8941
35.9,9.8884,-0.4075,-0.096,-0.0013,0.0022,0.0,-0.0263,1.2299,1.3116,0.8941
35.9,9.8884,-0.4075,-0.096,-0.0013,0.0022,0.0,-0.0263,1.2299,1.3116,0.8941
35.917,9.8883,-0.4075,-0.0961,-0.0011,0.0025,0.0,-0.0263,1.2299,1.3116,0.8941
35.917,9.8883,-0.4075,-0.0961,-0.0011,0.0025,0.0,-0.0263,1.2557,1.3116,0.8941
35.917,9.8883,-0.4075,-0.0961,-0.0011,0.0025,0.0,-0.0263,1.2557,1.3116,0.8941
35.95,9.8883,-0.4075,-0.0961,-0.001,0.0033,0.0,-0.0263,1.2557,1.3116,0.8941
35.967,9.8883,-0.4075,-0.0961,-0.001,0.0035,0.0,-0.0263,1.2557,1.3116,0.8941
35.967,9.8883,-0.4075,-0.0961,-0.001,0.0035,0.0,-0.0263,1.2557,1.3116,0.8941
35.967,9.8883,-0.4075,-0.0961,-0.001,0.0035,0.0,-0.0263,1.2557,1.3116,0.8941
36.0,9.8883,-0.4075,-0.0961,-0.0009,0.0035,0.0,-0.0263,1.2557,1.3116,0.8941
36.0,9.8883,-0.4075,-0.0961,-0.0009,0.0035,0.0,-0.0263,1.2557,1.3116,0.8941
36.017,9.8883,-0.4075,-0.0961,-0.0008,0.0035,0.0,-0.0263,1.2557,1.3116,0.8941
36.033,9.8883,-0.4075,-0.0961,-0.0008,0.0046,0.0,-0.0263,1.231,1.3235,0.9046
36.033,9.8883,-0.4075,-0.0961,-0.0008,0.0046,0.0,-0.0263,1.231,1.3235,0.9046
36.033,9.8883,-0.4075,-0.0961,-0.0008,0.0046,0.0,-0.0263,1.231,1.3235,0.9046
36.067,9.8883,-0.4075,-0.0961,-0.001,0.0046,0.0,-0.0263,1.231,1.3235,0.9046
36.067,9.8883,-0.4075,-0.0961,-0.001,0.0046,0.0,-0.0263,1.231,1.3235,0.9046
36.083,9.8883,-0.4075,-0.0962,-0.0017,0.0083,0.0,-0.0263,1.231,1.3235,0.9046
36.083,9.8883,-0.4075,-0.0962,-0.0017,0.0083,0.0,-0.0263,1.231,1.3235,0.9046
36.083,9.8883,-0.4075,-0.0962,-0.0017,0.0083,0.0,-0.0263,1.231,1.3235,0.9046
36.117,9.8882,-0.4075,-0.0962,-0.0013,0.0023,0.0,-0.0263,1.231,1.3235,0.9046
36.133,9.8882,-0.4075,-0.0962,-0.0013,0.0044,0.0,-0.0263,1.261,1.3235,0.9046
36.133,9.8882,-0.4075,-0.0962,-0.0013,0.0044,0.0,-0.0263,1.261,1.3235,0.9046
36.133,9.8882,-0.4075,-0.0962,-0.0013,0.0044,0.0,-0.0263,1.261,1.3235,0.9046
36.167,9.8882,-0.4075,-0.0962,-0.0011,0.0032,0.0,-0.0263,1.261,1.3235,0.9046
36.167,9.8882,-0.4075,-0.0962,-0.0011,0.0032,0.0,-0.0263,1.261,1.3235,0.9046
36.183,9.8882,-0.4075,-0.0963,-0.0011,0.0038,0.0,-0.0263,1.261,1.3235,0.9046
36.2,9.8882,-0.4075,-0.0963,-0.001,0.0003,0.0,-0.0263,1.261,1.3235,0.9046
36.2,9.8882,-0.4075,-0.0963,-0.001,0.0003,0.0,-0.0263,1.261,1.3235,0.9046
36.2,9.8882,-0.4075,-0.0963,-0.001,0.0003,0.0,-0.0263,1.261,1.3235,0.9046
36.233,9.8882,-0.4075,-0.0963,-0.0014,0.007,0.0,-0.0263,1.2453,1.3218,0.9008
36.233,9.8882,-0.4075,-0.0963,-0.0014,0.007,0.0,-0.0263,1.2453,1.3218,0.9008
36.25,9.8881,-0.4075,-0.0963,-0.0015,0.0049,0.0,-0.0263,1.2453,1.3218,0.9008
36.25,9.8881,-0.4075,-0.0963,-0.0015,0.0049,0.0,-0.0263,1.2453,1.3218,0.9008
36.25,9.8881,-0.4075,-0.0963,-0.0015,0.0049,0.0,-0.0263,1.2453,1.3218,0.9008
36.283,9.8881,-0.4075,-0.0964,-0.0016,0.0039,0.0,-0.0263,1.2453,1.3218,0.9008
36.3,9.8881,-0.4075,-0.0964,-0.0013,0.0029,0.0,-0.0263,1.2453,1.3218,0.9008
36.3,9.8881,-0.4075,-0.0964,-0.0013,0.0029,0.0,-0.0263,1.2453,1.3218,0.9008
36.3,9.8881,-0.4075,-0.0964,-0.0013,0.0029,0.0,-0.0263,1.2453,1.3218,0.9008
36.333,9.8881,-0.4075,-0.0964,-0.0012,0.0034,0.0,-0.0263,1.228,1.3218,0.9008
36.333,9.8881,-0.4075,-0.0964,-0.0012,0.0034,0.0,-0.0263,1.228,1.3218,0.9008
36.35,9.8881,-0.4075,-0.0964,-0.0011,0.0037,0.0,-0.0263,1.228,1.3218,0.9008
36.35,9.8881,-0.4075,-0.0964,-0.0011,0.0037,0.0,-0.0263,1.228,1.3218,0.9008
36.367,9.8881,-0.4075,-0.0964,-0.0011,0.0043,0.0,-0.0263,1.228,1.3218,0.9008
36.367,9.8881,-0.4075,-0.0964,-0.0011,0.0043,0.0,-0.0263,1.228,1.3218,0.9008
36.367,9.8881,-0.4075,-0.0964,-0.0011,0.0043,0.0,-0.0263,1.228,1.3218,0.9008
36.4,9.888,-0.4075,-0.0964,-0.0008,0.0035,0.0,-0.0263,1.228,1.3218,0.9008
36.417,9.888,-0.4074,-0.0964,-0.0009,0.0032,0.0,-0.0263,1.228,1.3218,0.9008
36.417,9.888,-0.4074,-0.0964,-0.0009,0.0032,0.0,-0.0263,1.2303,1.3217,0.9021
36.417,9.888,-0.4074,-0.0964,-0.0009,0.0032,0.0,-0.0263,1.2303,1.3217,0.9021
36.45,9.888,-0.4074,-0.0965,-0.0009,0.0024,0.0,-0.0263,1.2303,1.3217,0.9021
36.45,9.888,-0.4074,-0.0965,-0.0009,0.0024,0.0,-0.0263,1.2303,1.3217,0.9021
36.467,9.888,-0.4074,-0.0965,-0.0009,0.0028,0.0,-0.0263,1.2303,1.3217,0.9021
36.467,9.888,-0.4074,-0.0965,-0.0009,0.0028,0.0,-0.0263,1.2303,1.3217,0.9021
36.5,9.888,-0.4074,-0.0965,-0.0007,0.0039,0.0,-0.0263,1.2303,1.3217,0.9021
36.5,9.888,-0.4074,-0.0965,-0.0007,0.0039,0.0,-0.0263,1.2303,1.3217,0.9021
36.517,9.888,-0.4074,-0.0965,0.0003,-0.0018,0.0,-0.0263,1.2303,1.3217,0.9021
36.517,9.888,-0.4074,-0.0965,0.0003,-0.0018,0.0,-0.0263,1.2554,1.3217,0.9021
36.533,9.888,-0.4074,-0.0965,-0.0008,0.001,0.0,-0.0263,1.2554,1.3217,0.9021
36.533,9.888,-0.4074,-0.0965,-0.0008,0.001,0.0,-0.0263,1.2554,1.3217,0.9021
36.533,9.888,-0.4074,-0.0965,-0.0008,0.001,0.0,-0.0263,1.2554,1.3217,0.9021
36.567,9.888,-0.4074,-0.0965,-0.0017,0.0054,0.0,-0.0263,1.2554,1.3217,0.9021
36.583,9.888,-0.4074,-0.0965,-0.0018,0.0071,0.0,-0.0263,1.2554,1.3217,0.9021
36.583,9.888,-0.4074,-0.0965,-0.0018,0.0071,0.0,-0.0263,1.2554,1.3217,0.9021
36.583,9.888,-0.4074,-0.0965,-0.0018,0.0071,0.0,-0.0263,1.2554,1.3217,0.9021
36.617,9.8879,-0.4074,-0.0966,-0.0013,0.0038,0.0,-0.0263,1.2554,1.3217,0.9021
36.633,9.8879,-0.4074,-0.0966,-0.0012,0.0036,0.0,-0.0263,1.2327,1.3212,0.9016
36.633,9.8879,-0.4074,-0.0966,-0.0012,0.0036,0.0,-0.0263,1.2327,1.3212,0.9016
36.633,9.8879,-0.4074,-0.0966,-0.0012,0.0036,0.0,-0.0263,1.2327,1.3212,0.9016
36.633,9.8879,-0.4074,-0.0966,-0.0012,0.0036,0.0,-0.0263,1.2327,1.3212,0.9016
36.667,9.8879,-0.4074,-0.0966,-0.001,0.0036,0.0,-0.0263,1.2327,1.3212,0.9016
36.683,9.8879,-0.4074,-0.0966,-0.0009,0.0036,0.0,-0.0263,1.2327,1.3212,0.9016
36.683,9.8879,-0.4074,-0.0966,-0.0009,0.0036,0.0,-0.0263,1.2327,1.3212,0.9016
36.7,9.8879,-0.4074,-0.0966,-0.0013,0.0068,0.0,-0.0263,1.2327,1.3212,0.9016
36.7,9.8879,-0.4074,-0.0966,-0.0013,0.0068,0.0,-0.0263,1.2327,1.3212,0.9016
36.7,9.8879,-0.4074,-0.0966,-0.0013,0.0068,0.0,-0.0263,1.2507,1.3212,0.9016
36.733,9.8879,-0.4074,-0.0967,-0.001,0.0032,0.0,-0.0263,1.2507,1.3212,0.9016
36.75,9.8878,-0.4074,-0.0967,-0.0011,0.0036,0.0,-0.0263,1.2507,1.3212,0.9016
36.75,9.8878,-0.4074,-0.0967,-0.0011,0.0036,0.0,-0.0263,1.2507,1.3212,0.9016
36.75,9.8878,-0.4074,-0.0967,-0.0011,0.0036,0.0,-0.0263,1.2507,1.3212,0.9016
36.783,9.8878,-0.4074,-0.0967,-0.001,0.0035,0.0,-0.0263,1.2507,1.3212,0.9016
36.783,9.8878,-0.4074,-0.0967,-0.001,0.0035,0.0,-0.0263,1.2507,1.3212,0.9016
36.8,9.8878,-0.4074,-0.0967,-0.0012,0.0038,0.0,-0.0263,1.2507,1.3212,0.9016
36.8,9.8878,-0.4074,-0.0967,-0.0012,0.0038,0.0,-0.0263,1.2507,1.3212,0.9016
36.8,9.8878,-0.4074,-0.0967,-0.0012,0.0038,0.0,-0.0263,1.2437,1.3206,0.9
36.833,9.8878,-0.4074,-0.0968,-0.0013,0.0019,0.0,-0.0263,1.2437,1.3206,0.9
36.85,9.8878,-0.4074,-0.0968,-0.0013,0.0034,0.0,-0.0263,1.2437,1.3206,0.9
36.85,9.8878,-0.4074,-0.0968,-0.0013,0.0034,0.0,-0.0263,1.2437,1.3206,0.9
36.867,9.8878,-0.4074,-0.0968,-0.0012,0.002,0.0,-0.0263,1.2437,1.3206,0.9
36.867,9.8878,-0.4074,-0.0968,-0.0012,0.002,0.0,-0.0263,1.2437,1.3206,0.9
36.867,9.8878,-0.4074,-0.0968,-0.0012,0.002,0.0,-0.0263,1.2437,1.3206,0.9
36.9,9.8878,-0.4074,-0.0968,-0.0014,0.0033,0.0,-0.0263,1.2437,1.3206,0.9
36.917,9.8877,-0.4074,-0.0968,-0.0014,0.0026,0.0,-0.0263,1.2437,1.3206,0.9
36.917,9.8877,-0.4074,-0.0968,-0.0014,0.0026,0.0,-0.0263,1.2275,1.3206,0.9
36.917,9.8877,-0.4074,-0.0968,-0.0014,0.0026,0.0,-0.0263,1.2275,1.3206,0.9
36.95,9.8877,-0.4074,-0.0969,-0.0014,0.0054,0.0,-0.0263,1.2275,1.3206,0.9
36.967,9.8877,-0.4074,-0.0969,-0.0011,0.003,0.0,-0.0263,1.2275,1.3206,0.9
36.967,9.8877,-0.4074,-0.0969,-0.0011,0.003,0.0,-0.0263,1.2275,1.3206,0.9
36.967,9.8877,-0.4074,-0.0969,-0.0011,0.003,0.0,-0.0263,1.2275,1.3206,0.9
37.0,9.8877,-0.4073,-0.0969,-0.0011,0.0042,0.0,-0.0263,1.2275,1.3206,0.9
37.0,9.8877,-0.4073,-0.0969,-0.0011,0.0042,0.0,-0.0263,1.2275,1.3206,0.9
37.017,9.8877,-0.4073,-0.0969,-0.0009,0.0035,0.0,-0.0263,1.2275,1.3206,0.9
37.033,9.8877,-0.4073,-0.0969,-0.0009,0.0041,0.0,-0.0263,1.2699,1.3234,0.9001
37.033,9.8877,-0.4073,-0.0969,-0.0009,0.0041,0.0,-0.0263,1.2699,1.3234,0.9001
37.033,9.8877,-0.4073,-0.0969,-0.0009,0.0041,0.0,-0.0263,1.2699,1.3234,0.9001
37.067,9.8877,-0.4073,-0.0969,-0.0016,0.0042,0.0,-0.0263,1.2699,1.3234,0.9001
37.067,9.8877,-0.4073,-0.0969,-0.0016,0.0042,0.0,-0.0263,1.2699,1.3234,0.9001
37.083,9.8876,-0.4073,-0.097,-0.0011,-0.0008,0.0,-0.0263,1.2699,1.3234,0.9001
37.083,9.8876,-0.4073,-0.097,-0.0011,-0.0008,0.0,-0.0263,1.2699,1.3234,0.9001
37.083,9.8876,-0.4073,-0.097,-0.0011,-0.0008,0.0,-0.0263,1.2699,1.3234,0.9001
37.117,9.8876,-0.4073,-0.097,-0.0008,-0.0006,0.0,-0.0263,1.2699,1.3234,0.9001
37.133,9.8876,-0.4073,-0.097,-0.0015,0.0064,0.0,-0.0263,1.2514,1.3234,0.9001
37.133,9.8876,-0.4073,-0.097,-0.0015,0.0064,0.0,-0.0263,1.2514,1.3234,0.9001
37.133,9.8876,-0.4073,-0.097,-0.0015,0.0064,0.0,-0.0263,1.2514,1.3234,0.9001
37.167,9.8876,-0.4073,-0.097,-0.0012,0.0029,0.0,-0.0263,1.2514,1.3234,0.9001
37.167,9.8876,-0.4073,-0.097,-0.0012,0.0029,0.0,-0.0263,1.2514,1.3234,0.9001
37.183,9.8876,-0.4073,-0.097,-0.0012,0.004,0.0,-0.0263,1.2514,1.3234,0.9001
37.2,9.8876,-0.4073,-0.0971,-0.0012,0.0041,0.0,-0.0263,1.2514,1.3234,0.9001
37.2,9.8876,-0.4073,-0.0971,-0.0012,0.0041,0.0,-0.0263,1.2514,1.3234,0.9001
37.2,9.8876,-0.4073,-0.0971,-0.0012,0.0041,0.0,-0.0263,1.2514,1.3234,0.9001
37.233,9.8876,-0.4073,-0.0971,-0.0009,0.0037,0.0,-0.0263,1.248,1.3199,0.8994
37.233,9.8876,-0.4073,-0.0971,-0.0009,0.0037,0.0,-0.0263,1.248,1.3199,0.8994
37.25,9.8875,-0.4073,-0.0971,-0.0009,0.0043,0.0,-0.0263,1.248,1.3199,0.8994
37.25,9.8875,-0.4073,-0.0971,-0.0009,0.0043,0.0,-0.0263,1.248,1.3199,0.8994
37.283,9.8875,-0.4073,-0.0971,-0.0008,0.0038,0.0,-0.0263,1.248,1.3199,0.8994
37.283,9.8875,-0.4073,-0.0971,-0.0008,0.0038,0.0,-0.0263,1.248,1.3199,0.8994
37.3,9.8875,-0.4073,-0.0971,-0.0008,0.0042,0.0,-0.0263,1.248,1.3199,0.8994
37.3,9.8875,-0.4073,-0.0971,-0.0008,0.0042,0.0,-0.0263,1.248,1.3199,0.8994
37.3,9.8875,-0.4073,-0.0971,-0.0008,0.0042,0.0,-0.0263,1.248,1.3199,0.8994
37.333,9.8875,-0.4073,-0.0971,-0.0006,0.0014,0.0,-0.0263,1.2364,1.3199,0.8994
37.35,9.8875,-0.4073,-0.0971,-0.0005,0.0046,0.0,-0.0263,1.2364,1.3199,0.8994
37.35,9.8875,-0.4073,-0.0971,-0.0005,0.0046,0.0,-0.0263,1.2364,1.3199,0.8994
37.367,9.8875,-0.4073,-0.0971,-0.0009,0.0062,0.0,-0.0263,1.2364,1.3199,0.8994
37.367,9.8875,-0.4073,-0.0971,-0.0009,0.0062,0.0,-0.0263,1.2364,1.3199,0.8994
37.367,9.8875,-0.4073,-0.0971,-0.0009,0.0062,0.0,-0.0263,1.2364,1.3199,0.8994
37.4,9.8875,-0.4073,-0.0971,-0.001,0.0003,0.0,-0.0263,1.2364,1.3199,0.8994
37.4,9.8875,-0.4073,-0.0971,-0.001,0.0003,0.0,-0.0263,1.2364,1.3199,0.8994
37.417,9.8875,-0.4073,-0.0972,-0.0009,-0.001,0.0,-0.0263,1.2408,1.3199,0.8994
37.417,9.8875,-0.4073,-0.0972,-0.0009,-0.001,0.0,-0.0263,1.2408,1.3196,0.8995
37.417,9.8875,-0.4073,-0.0972,-0.0009,-0.001,0.0,-0.0263,1.2408,1.3196,0.8995
37.45,9.8875,-0.4073,-0.0972,-0.0008,-0.0011,0.0,-0.0263,1.2408,1.3196,0.8995
37.467,9.8875,-0.4073,-0.0972,-0.0008,-0.0007,0.0,-0.0263,1.2408,1.3196,0.8995
37.467,9.8875,-0.4073,-0.0972,-0.0008,-0.0007,0.0,-0.0263,1.2408,1.3196,0.8995
37.467,9.8875,-0.4073,-0.0972,-0.0008,-0.0007,0.0,-0.0263,1.2408,1.3196,0.8995
37.5,9.8874,-0.4073,-0.0972,-0.001,0.0026,0.0,-0.0263,1.2408,1.3196,0.8995
37.5,9.8874,-0.4073,-0.0972,-0.001,0.0026,0.0,-0.0263,1.2408,1.3196,0.8995
37.517,9.8874,-0.4073,-0.0972,-0.0014,0.0052,0.0,-0.0263,1.2408,1.3196,0.8995
37.533,9.8874,-0.4073,-0.0972,-0.0013,0.0031,0.0,-0.0263,1.2231,1.3196,0.8995
37.533,9.8874,-0.4073,-0.0972,-0.0013,0.0031,0.0,-0.0263,1.2231,1.3196,0.8995
37.533,9.8874,-0.4073,-0.0972,-0.0013,0.0031,0.0,-0.0263,1.2231,1.3196,0.8995
37.567,9.8874,-0.4073,-0.0973,-0.0013,0.0037,0.0,-0.0263,1.2231,1.3196,0.8995
37.567,9.8874,-0.4073,-0.0973,-0.0013,0.0037,0.0,-0.0263,1.2231,1.3196,0.8995
37.583,9.8874,-0.4073,-0.0973,-0.0011,0.0041,0.0,-0.0263,1.2231,1.3196,0.8995
37.583,9.8874,-0.4073,-0.0973,-0.0011,0.0041,0.0,-0.0263,1.2231,1.3196,0.8995
37.617,9.8874,-0.4072,-0.0973,-0.0009,0.0033,0.0,-0.0263,1.2231,1.3196,0.8995
37.617,9.8874,-0.4072,-0.0973,-0.0009,0.0033,0.0,-0.0263,1.2231,1.3196,0.8995
37.633,9.8874,-0.4072,-0.0973,-0.0009,0.004,0.0,-0.0263,1.2435,1.3197,0.8996
37.633,9.8874,-0.4072,-0.0973,-0.0009,0.004,0.0,-0.0263,1.2435,1.3197,0.8996
37.633,9.8874,-0.4072,-0.0973,-0.0009,0.004,0.0,-0.0263,1.2435,1.3197,0.8996
37.667,9.8873,-0.4072,-0.0973,-0.0008,0.004,0.0,-0.0263,1.2435,1.3197,0.8996
37.667,9.8873,-0.4072,-0.0973,-0.0008,0.004,0.0,-0.0263,1.2435,1.3197,0.8996
37.683,9.8873,-0.4072,-0.0973,-0.0011,0.0046,0.0,-0.0263,1.2435,1.3197,0.8996
37.7,9.8873,-0.4072,-0.0974,-0.0012,0.0003,0.0,-0.0263,1.2435,1.3197,0.8996
37.7,9.8873,-0.4072,-0.0974,-0.0012,0.0003,0.0,-0.0263,1.2435,1.3197,0.8996
37.7,9.8873,-0.4072,-0.0974,-0.0012,0.0003,0.0,-0.0263,1.2435,1.3197,0.8996
37.733,9.8873,-0.4072,-0.0974,-0.0013,0.0035,0.0,-0.0263,1.2308,1.3197,0.8996
37.733,9.8873,-0.4072,-0.0974,-0.0013,0.0035,0.0,-0.0263,1.2308,1.3197,0.8996
37.75,9.8873,-0.4072,-0.0974,-0.001,-0.0011,0.0,-0.0263,1.2308,1.3197,0.8996
37.75,9.8873,-0.4072,-0.0974,-0.001,-0.0011,0.0,-0.0263,1.2308,1.3197,0.8996
37.75,9.8873,-0.4072,-0.0974,-0.001,-0.0011,0.0,-0.0263,1.2308,1.3197,0.8996
37.783,9.8873,-0.4072,-0.0974,-0.0008,-0.001,0.0,-0.0263,1.2308,1.3197,0.8996
37.8,9.8873,-0.4072,-0.0974,-0.0007,-0.001,0.0,-0.0263,1.2308,1.3197,0.8996
37.8,9.8873,-0.4072,-0.0974,-0.0007,-0.001,0.0,-0.0263,1.2308,1.3197,0.8996
37.8,9.8873,-0.4072,-0.0974,-0.0007,-0.001,0.0,-0.0263,1.2308,1.3197,0.8996
37.833,9.8873,-0.4072,-0.0975,-0.0007,-0.002,0.0,-0.0263,1.2346,1.32,0.8994
37.833,9.8873,-0.4072,-0.0975,-0.0007,-0.002,0.0,-0.0263,1.2346,1.32,0.8994
37.85,9.8872,-0.4072,-0.0975,-0.001,0.0026,0.0,-0.0263,1.2346,1.32,0.8994
37.867,9.8872,-0.4072,-0.0975,-0.001,0.0017,0.0,-0.0263,1.2346,1.32,0.8994
37.867,9.8872,-0.4072,-0.0975,-0.001,0.0017,0.0,-0.0263,1.2346,1.32,0.8994
37.867,9.8872,-0.4072,-0.0975,-0.001,0.0017,0.0,-0.0263,1.2346,1.32,0.8994
37.9,9.8872,-0.4072,-0.0975,-0.0004,-0.0024,0.0,-0.0263,1.2346,1.32,0.8994
37.9,9.8872,-0.4072,-0.0975,-0.0004,-0.0024,0.0,-0.0263,1.2346,1.32,0.8994
37.917,9.8872,-0.4072,-0.0975,-0.0004,-0.0024,0.0,-0.0263,1.2346,1.32,0.8994
37.917,9.8872,-0.4072,-0.0975,-0.0004,-0.0024,0.0,-0.0263,1.2333,1.32,0.8994
37.917,9.8872,-0.4072,-0.0975,-0.0004,-0.0024,0.0,-0.0263,1.2333,1.32,0.8994
37.95,9.8872,-0.4072,-0.0975,-0.001,0.0077,0.0,-0.0263,1.2333,1.32,0.8994
37.967,9.8872,-0.4072,-0.0975,-0.0004,0.0016,0.0,-0.0263,1.2333,1.32,0.8994
37.967,9.8872,-0.4072,-0.0975,-0.0004,0.0016,0.0,-0.0263,1.2333,1.32,0.8994
37.967,9.8872,-0.4072,-0.0975,-0.0004,0.0016,0.0,-0.0263,1.2333,1.32,0.8994
38.0,9.8872,-0.4072,-0.0976,-0.0013,0.0027,0.0,-0.0263,1.2333,1.32,0.8994
38.0,9.8872,-0.4072,-0.0976,-0.0013,0.0027,0.0,-0.0263,1.2333,1.32,0.8994
38.017,9.8872,-0.4072,-0.0976,-0.0014,0.004,0.0,-0.0263,1.2333,1.32,0.8994
38.033,9.8871,-0.4072,-0.0976,-0.0015,0.0048,0.0,-0.0263,1.2299,1.3195,0.8989
38.033,9.8871,-0.4072,-0.0976,-0.0015,0.0048,0.0,-0.0263,1.2299,1.3195,0.8989
38.033,9.8871,-0.4072,-0.0976,-0.0015,0.0048,0.0,-0.0263,1.2299,1.3195,0.8989
38.067,9.8871,-0.4072,-0.0976,-0.0016,0.0054,0.0,-0.0263,1.2299,1.3195,0.8989
38.067,9.8871,-0.4072,-0.0976,-0.0016,0.0054,0.0,-0.0263,1.2299,1.3195,0.8989
38.067,9.8871,-0.4072,-0.0976,-0.0016,0.0054,0.0,-0.0263,1.2299,1.3195,0.8989
38.083,9.8871,-0.4072,-0.0977,-0.0014,0.0039,0.0,-0.0263,1.2299,1.3195,0.8989
38.083,9.8871,-0.4072,-0.0977,-0.0014,0.0039,0.0,-0.0263,1.2299,1.3195,0.8989
38.083,9.8871,-0.4072,-0.0977,-0.0014,0.0039,0.0,-0.0263,1.2299,1.3195,0.8989
38.117,9.8871,-0.4072,-0.0977,-0.0011,0.0037,0.0,-0.0263,1.2299,1.3195,0.8989
38.117,9.8871,-0.4072,-0.0977,-0.0011,0.0037,0.0,-0.0263,1.2425,1.3195,0.8989
38.133,9.8871,-0.4072,-0.0977,-0.001,0.0041,0.0,-0.0263,1.2425,1.3195,0.8989
38.133,9.8871,-0.4072,-0.0977,-0.001,0.0041,0.0,-0.0263,1.2425,1.3195,0.8989
38.167,9.8871,-0.4072,-0.0977,-0.0009,0.0034,0.0,-0.0263,1.2425,1.3195,0.8989
38.167,9.8871,-0.4072,-0.0977,-0.0009,0.0034,0.0,-0.0263,1.2425,1.3195,0.8989
38.183,9.8871,-0.4072,-0.0977,-0.0009,0.004,0.0,-0.0263,1.2425,1.3195,0.8989
38.183,9.8871,-0.4072,-0.0977,-0.0009,0.004,0.0,-0.0263,1.2425,1.3195,0.8989
38.2,9.887,-0.4071,-0.0977,-0.0009,0.0043,0.0,-0.0263,1.2425,1.3195,0.8989
38.2,9.887,-0.4071,-0.0977,-0.0009,0.0043,0.0,-0.0263,1.2425,1.3195,0.8989
38.233,9.887,-0.4071,-0.0977,-0.0007,0.0027,0.0,-0.0263,1.2482,1.3179,0.8994
38.233,9.887,-0.4071,-0.0977,-0.0007,0.0027,0.0,-0.0263,1.2482,1.3179,0.8994
38.25,9.887,-0.4071,-0.0977,-0.0008,0.0047,0.0,-0.0263,1.2482,1.3179,0.8994
38.25,9.887,-0.4071,-0.0977,-0.0008,0.0047,0.0,-0.0263,1.2482,1.3179,0.8994
38.25,9.887,-0.4071,-0.0977,-0.0008,0.0047,0.0,-0.0263,1.2482,1.3179,0.8994
38.283,9.887,-0.4071,-0.0978,-0.0009,0.0042,0.0,-0.0263,1.2482,1.3179,0.8994
38.283,9.887,-0.4071,-0.0978,-0.0009,0.0042,0.0,-0.0263,1.2482,1.3179,0.8994
38.3,9.887,-0.4071,-0.0978,-0.0015,0.0045,0.0,-0.0263,1.2482,1.3179,0.8994
38.3,9.887,-0.4071,-0.0978,-0.0015,0.0045,0.0,-0.0263,1.2482,1.3179,0.8994
38.3,9.887,-0.4071,-0.0978,-0.0015,0.0045,0.0,-0.0263,1.2482,1.3179,0.8994
38.333,9.887,-0.4071,-0.0978,-0.001,-0.0002,0.0,-0.0263,1.2687,1.3179,0.8994
38.333,9.887,-0.4071,-0.0978,-0.001,-0.0002,0.0,-0.0789,1.2687,1.3179,0.8994
38.35,9.887,-0.4071,-0.0978,-0.0008,-0.0005,0.0,-0.0789,1.2687,1.3179,0.8994
38.35,9.887,-0.4071,-0.0978,-0.0008,-0.0005,0.0,-0.0789,1.2687,1.3179,0.8994
38.367,9.887,-0.4071,-0.0978,-0.0006,-0.0015,0.0,-0.0789,1.2687,1.3179,0.8994
38.367,9.887,-0.4071,-0.0978,-0.0006,-0.0015,0.0,-0.0789,1.2687,1.3179,0.8994
38.367,9.887,-0.4071,-0.0978,-0.0006,-0.0015,0.0,-0.0789,1.2687,1.3179,0.8994
38.4,9.887,-0.4071,-0.0978,-0.0011,0.0033,0.0,-0.0789,1.2687,1.3179,0.8994
38.417,9.887,-0.4071,-0.0978,-0.0007,-0.0022,0.0,-0.0789,1.2687,1.3179,0.8994
38.417,9.887,-0.4071,-0.0978,-0.0007,-0.0022,0.0,-0.0789,1.2513,1.3158,0.8989
38.417,9.887,-0.4071,-0.0978,-0.0007,-0.0022,0.0,-0.0789,1.2513,1.3158,0.8989
38.45,9.8869,-0.4071,-0.0979,-0.0009,0.0005,0.0,-0.0789,1.2513,1.3158,0.8989
38.45,9.8869,-0.4071,-0.0979,-0.0009,0.0005,0.0,-0.0789,1.2513,1.3158,0.8989
38.467,9.8869,-0.4071,-0.098,-0.003,-0.0002,0.0,-0.0789,1.2513,1.3158,0.8989
38.467,9.8869,-0.4071,-0.098,-0.003,-0.0002,0.0,-0.0789,1.2513,1.3158,0.8989
38.467,9.8869,-0.4071,-0.098,-0.003,-0.0002,0.0,-0.0789,1.2513,1.3158,0.8989
38.5,9.8868,-0.407,-0.0983,-0.006,-0.0067,0.0,-0.0789,1.2513,1.3158,0.8989
38.517,9.8867,-0.407,-0.0984,-0.0031,-0.0122,0.0,-0.0789,1.2513,1.3158,0.8989
38.517,9.8867,-0.407,-0.0984,-0.0031,-0.0122,0.0,-0.0789,1.2443,1.3158,0.8989
38.533,9.8867,-0.407,-0.0985,-0.0042,-0.0191,0.0,-0.0789,1.2443,1.3158,0.8989
38.533,9.8867,-0.407,-0.0985,-0.0042,-0.0191,0.0,-0.0789,1.2443,1.3158,0.8989
38.533,9.8867,-0.407,-0.0985,-0.0042,-0.0191,0.0,-0.0789,1.2443,1.3158,0.8989
38.567,9.8866,-0.4069,-0.0988,-0.0039,-0.001,0.0,-0.0789,1.2443,1.3158,0.8989
38.583,9.8865,-0.4069,-0.099,-0.0057,0.0019,0.0,-0.0789,1.2443,1.3158,0.8989
38.583,9.8865,-0.4069,-0.099,-0.0057,0.0019,0.0,-0.0789,1.2443,1.3158,0.8989
38.583,9.8865,-0.4069,-0.099,-0.0057,0.0019,0.0,-0.0789,1.2443,1.3158,0.8989
38.617,9.8864,-0.4069,-0.0991,-0.0032,-0.0045,0.0,-0.0789,1.2443,1.3158,0.8989
38.633,9.8863,-0.4068,-0.0993,-0.0028,-0.0052,0.0,-0.0789,1.2338,1.3163,0.8981
38.633,9.8863,-0.4068,-0.0993,-0.0028,-0.0052,0.0,-0.0789,1.2338,1.3163,0.8981
38.633,9.8863,-0.4068,-0.0993,-0.0028,-0.0052,0.0,-0.0789,1.2338,1.3163,0.8981
38.667,9.8863,-0.4068,-0.0996,-0.0049,-0.0156,0.0,-0.0789,1.2338,1.3163,0.8981
38.667,9.8863,-0.4068,-0.0996,-0.0049,-0.0156,0.0,-0.0789,1.2338,1.3163,0.8981
38.683,9.8862,-0.4067,-0.0999,-0.004,-0.0061,0.0,-0.0789,1.2338,1.3163,0.8981
38.7,9.8862,-0.4067,-0.1001,-0.0039,-0.0023,0.0,-0.0789,1.2338,1.3163,0.8981
38.7,9.8862,-0.4067,-0.1001,-0.0039,-0.0023,0.0,-0.0789,1.2338,1.3163,0.8981
38.7,9.8862,-0.4067,-0.1001,-0.0039,-0.0023,0.0,-0.0789,1.2338,1.3163,0.8981
38.733,9.8861,-0.4066,-0.1007,-0.0025,-0.0067,0.0,-0.0789,1.2426,1.3163,0.8981
38.733,9.8861,-0.4066,-0.1007,-0.0025,-0.0067,0.0,-0.0789,1.2426,1.3163,0.8981
38.75,9.886,-0.4066,-0.1008,-0.0054,-0.0163,0.0,-0.0789,1.2426,1.3163,0.8981
38.75,9.886,-0.4066,-0.1008,-0.0054,-0.0163,0.0,-0.0789,1.2426,1.3163,0.8981
38.75,9.886,-0.4066,-0.1008,-0.0054,-0.0163,0.0,-0.0789,1.2426,1.3163,0.8981
38.783,9.8859,-0.4065,-0.101,-0.0007,-0.0053,0.0,-0.0789,1.2426,1.3163,0.8981
38.8,9.8859,-0.4065,-0.1012,-0.0032,-0.0103,0.0,-0.0789,1.2426,1.3163,0.8981
38.8,9.8859,-0.4065,-0.1012,-0.0032,-0.0103,0.0,-0.0789,1.2426,1.3163,0.8981
38.8,9.8859,-0.4065,-0.1012,-0.0032,-0.0103,0.0,-0.0789,1.2426,1.3163,0.8981
38.833,9.8857,-0.4064,-0.1015,-0.008,0.0014,0.0,-0.0789,1.2308,1.315,0.8958
38.833,9.8857,-0.4064,-0.1015,-0.008,0.0014,0.0,-0.0263,1.2308,1.315,0.8958
38.833,9.8857,-0.4064,-0.1015,-0.008,0.0014,0.0,-0.0263,1.2308,1.315,0.8958
38.85,9.8856,-0.4064,-0.1016,-0.0037,-0.0151,0.0,-0.0263,1.2308,1.315,0.8958
38.85,9.8856,-0.4064,-0.1016,-0.0037,-0.0151,0.0,-0.0263,1.2308,1.315,0.8958
38.867,9.8856,-0.4064,-0.1019,-0.0056,0.0027,0.0,-0.0263,1.2308,1.315,0.8958
38.867,9.8856,-0.4064,-0.1019,-0.0056,0.0027,0.0,-0.0263,1.2308,1.315,0.8958
38.9,9.8855,-0.4063,-0.1022,-0.0039,0.0064,0.0,-0.0263,1.2308,1.315,0.8958
38.9,9.8855,-0.4063,-0.1022,-0.0039,0.0064,0.0,-0.0263,1.2308,1.315,0.8958
38.917,9.8854,-0.4063,-0.1023,-0.0036,-0.0154,0.0,-0.0263,1.2308,1.315,0.8958
38.917,9.8854,-0.4063,-0.1023,-0.0036,-0.0154,0.0,-0.0263,1.2381,1.315,0.8958
38.917,9.8854,-0.4063,-0.1023,-0.0036,-0.0154,0.0,-0.0263,1.2381,1.315,0.8958
38.95,9.8853,-0.4062,-0.1028,-0.0043,-0.0028,0.0,-0.0263,1.2381,1.315,0.8958
38.967,9.8853,-0.4062,-0.103,-0.0027,-0.0036,0.0,-0.0263,1.2381,1.315,0.8958
38.967,9.8853,-0.4062,-0.103,-0.0027,-0.0036,0.0,-0.0263,1.2381,1.315,0.8958
38.967,9.8853,-0.4062,-0.103,-0.0027,-0.0036,0.0,-0.0263,1.2381,1.315,0.8958
39.0,9.8852,-0.4061,-0.103,-0.0015,0.0033,0.0,-0.0263,1.2381,1.315,0.8958
39.0,9.8852,-0.4061,-0.103,-0.0015,0.0033,0.0,-0.0263,1.2381,1.315,0.8958
39.017,9.8852,-0.4061,-0.103,-0.0014,0.0031,0.0,-0.0263,1.2381,1.315,0.8958
39.033,9.8852,-0.4061,-0.103,-0.0012,0.0013,0.0,-0.0263,1.2252,1.3087,0.8929
39.033,9.8852,-0.4061,-0.103,-0.0012,0.0013,0.0,-0.0263,1.2252,1.3087,0.8929
39.033,9.8852,-0.4061,-0.103,-0.0012,0.0013,0.0,-0.0263,1.2252,1.3087,0.8929
39.067,9.8852,-0.4061,-0.1031,-0.0012,0.0038,0.0,-0.0263,1.2252,1.3087,0.8929
39.067,9.8852,-0.4061,-0.1031,-0.0012,0.0038,0.0,-0.0263,1.2252,1.3087,0.8929
39.083,9.8852,-0.4061,-0.1031,-0.0011,0.0036,0.0,-0.0263,1.2252,1.3087,0.8929
39.083,9.8852,-0.4061,-0.1031,-0.0011,0.0036,0.0,-0.0263,1.2252,1.3087,0.8929
39.083,9.8852,-0.4061,-0.1031,-0.0011,0.0036,0.0,-0.0263,1.2252,1.3087,0.8929
39.117,9.8852,-0.4061,-0.1031,-0.0012,0.0044,0.0,-0.0263,1.2252,1.3087,0.8929
39.117,9.8852,-0.4061,-0.1031,-0.0012,0.0044,0.0,-0.0263,1.2448,1.3087,0.8929
39.133,9.8852,-0.4061,-0.1031,-0.0008,-0.0001,0.0,-0.0263,1.2448,1.3087,0.8929
39.133,9.8852,-0.4061,-0.1031,-0.0008,-0.0001,0.0,-0.0263,1.2448,1.3087,0.8929
39.133,9.8852,-0.4061,-0.1031,-0.0008,-0.0001,0.0,-0.0263,1.2448,1.3087,0.8929
39.167,9.8851,-0.4061,-0.1031,-0.0008,-0.0006,0.0,-0.0263,1.2448,1.3087,0.8929
39.183,9.8851,-0.4061,-0.1031,-0.0008,0.0034,0.0,-0.0263,1.2448,1.3087,0.8929
39.183,9.8851,-0.4061,-0.1031,-0.0008,0.0034,0.0,-0.0263,1.2448,1.3087,0.8929
39.2,9.8851,-0.4061,-0.1031,-0.0001,-0.0016,0.0,-0.0263,1.2448,1.3087,0.8929
39.2,9.8851,-0.4061,-0.1031,-0.0001,-0.0016,0.0,-0.0263,1.2448,1.3087,0.8929
39.2,9.8851,-0.4061,-0.1031,-0.0001,-0.0016,0.0,-0.0263,1.2199,1.3044,0.8897
39.233,9.8851,-0.4061,-0.1032,-0.0007,-0.0026,0.0,-0.0263,1.2199,1.3044,0.8897
39.25,9.8851,-0.4061,-0.1032,-0.0009,0.0,0.0,-0.0263,1.2199,1.3044,0.8897
39.25,9.8851,-0.4061,-0.1032,-0.0009,0.0,0.0,-0.0263,1.2199,1.3044,0.8897
39.25,9.8851,-0.4061,-0.1032,-0.0009,0.0,0.0,-0.0263,1.2199,1.3044,0.8897
39.283,9.8851,-0.4061,-0.1032,-0.0015,0.0054,0.0,-0.0263,1.2199,1.3044,0.8897
39.283,9.8851,-0.4061,-0.1032,-0.0015,0.0054,0.0,-0.0263,1.2199,1.3044,0.8897
39.3,9.8851,-0.4061,-0.1032,-0.0014,0.0056,0.0,-0.0263,1.2199,1.3044,0.8897
39.3,9.8851,-0.4061,-0.1032,-0.0014,0.0056,0.0,-0.0263,1.2199,1.3044,0.8897
39.3,9.8851,-0.4061,-0.1032,-0.0014,0.0056,0.0,-0.0263,1.2275,1.3044,0.8897
39.333,9.885,-0.4061,-0.1032,-0.0006,-0.0041,0.0,-0.0263,1.2275,1.3044,0.8897
39.35,9.885,-0.4061,-0.1032,-0.0017,0.0067,0.0,-0.0263,1.2275,1.3044,0.8897
39.35,9.885,-0.4061,-0.1032,-0.0017,0.0067,0.0,-0.0263,1.2275,1.3044,0.8897
39.367,9.885,-0.4061,-0.1033,-0.0014,0.0026,0.0,-0.0263,1.2275,1.3044,0.8897
39.367,9.885,-0.4061,-0.1033,-0.0014,0.0026,0.0,-0.0263,1.2275,1.3044,0.8897
39.367,9.885,-0.4061,-0.1033,-0.0014,0.0026,0.0,-0.0263,1.2275,1.3044,0.8897
39.4,9.885,-0.4061,-0.1033,-0.0013,0.0043,0.0,-0.0263,1.2275,1.3044,0.8897
39.417,9.885,-0.4061,-0.1033,-0.0011,0.0035,0.0,-0.0263,1.2275,1.3044,0.8897
39.417,9.885,-0.4061,-0.1033,-0.0011,0.0035,0.0,-0.0263,1.2299,1.3048,0.8891
39.417,9.885,-0.4061,-0.1033,-0.0011,0.0035,0.0,-0.0263,1.2299,1.3048,0.8891
39.45,9.885,-0.4061,-0.1033,-0.001,0.0038,0.0,-0.0263,1.2299,1.3048,0.8891
39.45,9.885,-0.4061,-0.1033,-0.001,0.0038,0.0,-0.0263,1.2299,1.3048,0.8891
39.467,9.885,-0.4061,-0.1033,-0.001,0.004,0.0,-0.0263,1.2299,1.3048,0.8891
39.467,9.885,-0.4061,-0.1033,-0.001,0.004,0.0,-0.0263,1.2299,1.3048,0.8891
39.467,9.885,-0.4061,-0.1033,-0.001,0.004,0.0,-0.0263,1.2299,1.3048,0.8891
39.5,9.8849,-0.4061,-0.1034,-0.0009,0.0039,0.0,-0.0263,1.2299,1.3048,0.8891
39.517,9.8849,-0.4061,-0.1034,-0.001,0.0028,0.0,-0.0263,1.2299,1.3048,0.8891
39.517,9.8849,-0.4061,-0.1034,-0.001,0.0028,0.0,-0.0263,1.2299,1.3048,0.8891
39.517,9.8849,-0.4061,-0.1034,-0.001,0.0028,0.0,-0.0263,1.2299,1.3048,0.8891
39.533,9.8849,-0.406,-0.1034,-0.0009,0.0022,0.0,-0.0263,1.2175,1.3048,0.8891
39.533,9.8849,-0.406,-0.1034,-0.0009,0.0022,0.0,-0.0263,1.2175,1.3048,0.8891
39.533,9.8849,-0.406,-0.1034,-0.0009,0.0022,0.0,-0.0263,1.2175,1.3048,0.8891
39.567,9.8849,-0.406,-0.1034,-0.001,0.0038,0.0,-0.0263,1.2175,1.3048,0.8891
39.567,9.8849,-0.406,-0.1034,-0.001,0.0038,0.0,-0.0263,1.2175,1.3048,0.8891
39.583,9.8849,-0.406,-0.1034,-0.0007,0.0008,0.0,-0.0263,1.2175,1.3048,0.8891
39.583,9.8849,-0.406,-0.1034,-0.0007,0.0008,0.0,-0.0263,1.2175,1.3048,0.8891
39.583,9.8849,-0.406,-0.1034,-0.0007,0.0008,0.0,-0.0263,1.2175,1.3048,0.8891
39.617,9.8849,-0.406,-0.1034,-0.0014,0.0048,0.0,-0.0263,1.2175,1.3048,0.8891
39.633,9.8849,-0.406,-0.1034,-0.0013,0.0031,0.0,-0.0263,1.2297,1.3024,0.8898
39.633,9.8849,-0.406,-0.1034,-0.0013,0.0031,0.0,-0.0263,1.2297,1.3024,0.8898
39.633,9.8849,-0.406,-0.1034,-0.0013,0.0031,0.0,-0.0263,1.2297,1.3024,0.8898
39.667,9.8849,-0.406,-0.1035,-0.0016,0.0062,0.0,-0.0263,1.2297,1.3024,0.8898
39.683,9.8848,-0.406,-0.1035,-0.0014,0.004,0.0,-0.0263,1.2297,1.3024,0.8898
39.683,9.8848,-0.406,-0.1035,-0.0014,0.004,0.0,-0.0263,1.2297,1.3024,0.8898
39.7,9.8848,-0.406,-0.1035,-0.0012,0.0032,0.0,-0.0263,1.2297,1.3024,0.8898
39.7,9.8848,-0.406,-0.1035,-0.0012,0.0032,0.0,-0.0263,1.2297,1.3024,0.8898
39.7,9.8848,-0.406,-0.1035,-0.0012,0.0032,0.0,-0.0263,1.2297,1.3024,0.8898
39.733,9.8848,-0.406,-0.1035,-0.0011,0.0042,0.0,-0.0263,1.2277,1.3024,0.8898
39.733,9.8848,-0.406,-0.1035,-0.0011,0.0042,0.0,-0.0263,1.2277,1.3024,0.8898
39.75,9.8848,-0.406,-0.1035,-0.0009,0.0032,0.0,-0.0263,1.2277,1.3024,0.8898
39.75,9.8848,-0.406,-0.1035,-0.0009,0.0032,0.0,-0.0263,1.2277,1.3024,0.8898
39.783,9.8848,-0.406,-0.1035,-0.001,0.0047,0.0,-0.0263,1.2277,1.3024,0.8898
39.783,9.8848,-0.406,-0.1035,-0.001,0.0047,0.0,-0.0263,1.2277,1.3024,0.8898
39.8,9.8848,-0.406,-0.1036,-0.0009,0.0036,0.0,-0.0263,1.2277,1.3024,0.8898
39.8,9.8848,-0.406,-0.1036,-0.0009,0.0036,0.0,-0.0263,1.2277,1.3024,0.8898
39.8,9.8848,-0.406,-0.1036,-0.0009,0.0036,0.0,-0.0263,1.2315,1.304,0.8888
39.833,9.8848,-0.406,-0.1036,-0.0008,0.0042,0.0,-0.0263,1.2315,1.304,0.8888
39.85,9.8848,-0.406,-0.1036,-0.0008,0.0045,0.0,-0.0263,1.2315,1.304,0.8888
39.85,9.8848,-0.406,-0.1036,-0.0008,0.0045,0.0,-0.0263,1.2315,1.304,0.8888
39.867,9.8848,-0.406,-0.1036,-0.0007,0.0037,0.0,-0.0263,1.2315,1.304,0.8888
39.867,9.8848,-0.406,-0.1036,-0.0007,0.0037,0.0,-0.0263,1.2315,1.304,0.8888
39.867,9.8848,-0.406,-0.1036,-0.0007,0.0037,0.0,-0.0263,1.2315,1.304,0.8888
39.9,9.8847,-0.406,-0.1036,-0.0007,0.0044,0.0,-0.0263,1.2315,1.304,0.8888
39.917,9.8847,-0.406,-0.1036,-0.0007,0.0041,0.0,-0.0263,1.2315,1.304,0.8888
39.917,9.8847,-0.406,-0.1036,-0.0007,0.0041,0.0,-0.0263,1.2315,1.304,0.8888
39.917,9.8847,-0.406,-0.1036,-0.0007,0.0041,0.0,-0.0263,1.2274,1.304,0.8888
39.95,9.8847,-0.406,-0.1036,-0.0006,0.0042,0.0,-0.0263,1.2274,1.304,0.8888
39.95,9.8847,-0.406,-0.1036,-0.0006,0.0042,0.0,-0.0263,1.2274,1.304,0.8888
39.967,9.8847,-0.406,-0.1036,-0.0003,-0.002,0.0,-0.0263,1.2274,1.304,0.8888
39.967,9.8847,-0.406,-0.1036,-0.0003,-0.002,0.0,-0.0263,1.2274,1.304,0.8888
39.967,9.8847,-0.406,-0.1036,-0.0003,-0.002,0.0,-0.0263,1.2274,1.304,0.8888
40.0,9.8847,-0.406,-0.1036,-0.0013,0.005,0.0,-0.0263,1.2274,1.304,0.8888
40.017,9.8847,-0.406,-0.1036,-0.0014,0.0054,0.0,-0.0263,1.2274,1.304,0.8888
40.017,9.8847,-0.406,-0.1036,-0.0014,0.0054,0.0,-0.0263,1.2212,1.304,0.8886
40.033,9.8847,-0.406,-0.1037,-0.0013,0.0042,0.0,-0.0263,1.2212,1.3049,0.8886
40.033,9.8847,-0.406,-0.1037,-0.0013,0.0042,0.0,-0.0263,1.2212,1.3049,0.8886
40.033,9.8847,-0.406,-0.1037,-0.0013,0.0042,0.0,-0.0263,1.2212,1.3049,0.8886
40.067,9.8847,-0.406,-0.1037,-0.0012,0.0045,0.0,-0.0263,1.2212,1.3049,0.8886
40.067,9.8847,-0.406,-0.1037,-0.0012,0.0045,0.0,-0.0263,1.2212,1.3049,0.8886
40.083,9.8847,-0.406,-0.1037,-0.0011,0.0029,0.0,-0.0263,1.2212,1.3049,0.8886
40.083,9.8847,-0.406,-0.1037,-0.0011,0.0029,0.0,-0.0263,1.2212,1.3049,0.8886
40.117,9.8846,-0.406,-0.1037,-0.0013,0.0031,0.0,-0.0263,1.2212,1.3049,0.8886
40.117,9.8846,-0.406,-0.1037,-0.0013,0.0031,0.0,-0.0263,1.2212,1.3049,0.8886
40.133,9.8846,-0.406,-0.1037,-0.0015,0.0063,0.0,-0.0263,1.2246,1.3049,0.8886
40.133,9.8846,-0.406,-0.1037,-0.0015,0.0063,0.0,-0.0263,1.2246,1.3049,0.8886
40.133,9.8846,-0.406,-0.1037,-0.0015,0.0063,0.0,-0.0263,1.2246,1.3049,0.8886
40.167,9.8846,-0.406,-0.1038,-0.0011,0.003,0.0,-0.0263,1.2246,1.3049,0.8886
40.183,9.8846,-0.406,-0.1038,-0.001,0.0039,0.0,-0.0263,1.2246,1.3049,0.8886
40.183,9.8846,-0.406,-0.1038,-0.001,0.0039,0.0,-0.0263,1.2246,1.3049,0.8886
40.2,9.8846,-0.4059,-0.1038,-0.001,0.0047,0.0,-0.0263,1.2246,1.3049,0.8886
40.2,9.8846,-0.4059,-0.1038,-0.001,0.0047,0.0,-0.0263,1.2246,1.3049,0.8886
40.2,9.8846,-0.4059,-0.1038,-0.001,0.0047,0.0,-0.0263,1.2246,1.3049,0.8886
40.233,9.8846,-0.4059,-0.1038,-0.0009,0.0041,0.0,-0.0263,1.2234,1.3045,0.8881
40.233,9.8846,-0.4059,-0.1038,-0.0009,0.0041,0.0,-0.0263,1.2234,1.3045,0.8881
40.25,9.8846,-0.4059,-0.1038,-0.0009,0.0045,0.0,-0.0263,1.2234,1.3045,0.8881
40.25,9.8846,-0.4059,-0.1038,-0.0009,0.0045,0.0,-0.0263,1.2234,1.3045,0.8881
40.25,9.8846,-0.4059,-0.1038,-0.0009,0.0045,0.0,-0.0263,1.2234,1.3045,0.8881
40.283,9.8846,-0.4059,-0.1038,-0.0001,0.0024,0.0,-0.0263,1.2234,1.3045,0.8881
40.3,9.8846,-0.4059,-0.1038,-0.0012,0.0059,0.0,-0.0263,1.2234,1.3045,0.8881
40.3,9.8846,-0.4059,-0.1038,-0.0012,0.0059,0.0,-0.0263,1.2234,1.3045,0.8881
40.3,9.8846,-0.4059,-0.1038,-0.0012,0.0059,0.0,-0.0263,1.2234,1.3045,0.8881
40.333,9.8845,-0.4059,-0.1038,-0.0012,0.0034,0.0,-0.0263,1.2441,1.3045,0.8881
40.333,9.8845,-0.4059,-0.1038,-0.0012,0.0034,0.0,-0.0263,1.2441,1.3045,0.8881
40.35,9.8845,-0.4059,-0.1039,-0.0012,0.0044,0.0,-0.0263,1.2441,1.3045,0.8881
40.367,9.8845,-0.4059,-0.1039,-0.0013,0.0033,0.0,-0.0263,1.2441,1.3045,0.8881
40.367,9.8845,-0.4059,-0.1039,-0.0013,0.0033,0.0,-0.0263,1.2441,1.3045,0.8881
40.367,9.8845,-0.4059,-0.1039,-0.0013,0.0033,0.0,-0.0263,1.2441,1.3045,0.8881
40.4,9.8845,-0.4059,-0.1039,-0.001,0.0027,0.0,-0.0263,1.2441,1.3045,0.8881
40.4,9.8845,-0.4059,-0.1039,-0.001,0.0027,0.0,-0.0263,1.2441,1.3045,0.8881
40.417,9.8845,-0.4059,-0.1039,-0.0007,-0.0003,0.0,-0.0263,1.2441,1.3045,0.8881
40.417,9.8845,-0.4059,-0.1039,-0.0007,-0.0003,0.0,-0.0263,1.2235,1.3035,0.8881
40.417,9.8845,-0.4059,-0.1039,-0.0007,-0.0003,0.0,-0.0263,1.2235,1.3035,0.8881
40.45,9.8845,-0.4059,-0.1039,-0.001,0.0029,0.0,-0.0263,1.2235,1.3035,0.8881
40.467,9.8845,-0.4059,-0.1039,-0.0012,0.0028,0.0,-0.0263,1.2235,1.3035,0.8881
40.467,9.8845,-0.4059,-0.1039,-0.0012,0.0028,0.0,-0.0263,1.2235,1.3035,0.8881
40.467,9.8845,-0.4059,-0.1039,-0.0012,0.0028,0.0,-0.0263,1.2235,1.3035,0.8881
40.5,9.8844,-0.4059,-0.1039,-0.0005,-0.0016,0.0,-0.0263,1.2235,1.3035,0.8881
40.5,9.8844,-0.4059,-0.1039,-0.0005,-0.0016,0.0,-0.0263,1.2235,1.3035,0.8881
40.517,9.8844,-0.4059,-0.104,-0.0004,-0.001,0.0,-0.0263,1.2235,1.3035,0.8881
40.517,9.8844,-0.4059,-0.104,-0.0004,-0.001,0.0,-0.0263,1.2341,1.3035,0.8881
40.533,9.8844,-0.4059,-0.104,-0.0009,0.0034,0.0,-0.0263,1.2341,1.3035,0.8881
40.533,9.8844,-0.4059,-0.104,-0.0009,0.0034,0.0,-0.0263,1.2341,1.3035,0.8881
40.567,9.8844,-0.4059,-0.104,-0.0008,0.0014,0.0,-0.0263,1.2341,1.3035,0.8881
40.567,9.8844,-0.4059,-0.104,-0.0008,0.0014,0.0,-0.0263,1.2341,1.3035,0.8881
40.583,9.8844,-0.4059,-0.104,-0.0009,0.0043,0.0,-0.0263,1.2341,1.3035,0.8881
40.583,9.8844,-0.4059,-0.104,-0.0009,0.0043,0.0,-0.0263,1.2341,1.3035,0.8881
40.583,9.8844,-0.4059,-0.104,-0.0009,0.0043,0.0,-0.0263,1.2341,1.3035,0.8881
40.617,9.8844,-0.4059,-0.104,-0.0006,0.0036,0.0,-0.0263,1.2341,1.3035,0.8881
40.617,9.8844,-0.4059,-0.104,-0.0006,0.0036,0.0,-0.0263,1.2198,1.3033,0.8886
40.633,9.8844,-0.4059,-0.104,-0.0002,0.0063,0.0,-0.0263,1.2198,1.3033,0.8886
40.633,9.8844,-0.4059,-0.104,-0.0002,0.0063,0.0,-0.0263,1.2198,1.3033,0.8886
40.633,9.8844,-0.4059,-0.104,-0.0002,0.0063,0.0,-0.0263,1.2198,1.3033,0.8886
40.667,9.8844,-0.4059,-0.104,-0.0015,0.0039,0.0,-0.0263,1.2198,1.3033,0.8886
40.683,9.8844,-0.4059,-0.104,-0.0017,0.0037,0.0,-0.0263,1.2198,1.3033,0.8886
40.683,9.8844,-0.4059,-0.104,-0.0017,0.0037,0.0,-0.0263,1.2198,1.3033,0.8886
40.7,9.8843,-0.4059,-0.1041,-0.0017,0.0012,0.0,-0.0263,1.2198,1.3033,0.8886
40.7,9.8843,-0.4059,-0.1041,-0.0017,0.0012,0.0,-0.0263,1.2198,1.3033,0.8886
40.7,9.8843,-0.4059,-0.1041,-0.0017,0.0012,0.0,-0.0263,1.2198,1.3033,0.8886
40.733,9.8843,-0.4059,-0.1041,-0.0013,0.0087,0.0,-0.0263,1.2234,1.3033,0.8886
40.733,9.8843,-0.4059,-0.1041,-0.0013,0.0087,0.0,-0.0263,1.2234,1.3033,0.8886
40.75,9.8843,-0.4059,-0.1041,-0.0011,0.0069,0.0,-0.0263,1.2234,1.3033,0.8886
40.75,9.8843,-0.4059,-0.1041,-0.0011,0.0069,0.0,-0.0263,1.2234,1.3033,0.8886
40.783,9.8843,-0.4059,-0.1041,-0.0014,0.0048,0.0,-0.0263,1.2234,1.3033,0.8886
40.783,9.8843,-0.4059,-0.1041,-0.0014,0.0048,0.0,-0.0263,1.2234,1.3033,0.8886
40.8,9.8843,-0.4059,-0.1042,-0.0012,0.0033,0.0,-0.0263,1.2234,1.3033,0.8886
40.8,9.8843,-0.4059,-0.1042,-0.0012,0.0033,0.0,-0.0263,1.2234,1.3033,0.8886
40.8,9.8843,-0.4059,-0.1042,-0.0012,0.0033,0.0,-0.0263,1.2234,1.3033,0.8886
40.833,9.8842,-0.4058,-0.1042,-0.0012,0.0043,0.0,-0.0263,1.2243,1.3024,0.8877
40.833,9.8842,-0.4058,-0.1042,-0.0012,0.0043,0.0,-0.0263,1.2243,1.3024,0.8877
40.85,9.8842,-0.4058,-0.1042,-0.0011,0.0035,0.0,-0.0263,1.2243,1.3024,0.8877
40.867,9.8842,-0.4058,-0.1042,-0.001,0.0036,0.0,-0.0263,1.2243,1.3024,0.8877
40.867,9.8842,-0.4058,-0.1042,-0.001,0.0036,0.0,-0.0263,1.2243,1.3024,0.8877
40.867,9.8842,-0.4058,-0.1042,-0.001,0.0036,0.0,-0.0263,1.2243,1.3024,0.8877
40.9,9.8842,-0.4058,-0.1042,-0.0009,0.0033,0.0,-0.0263,1.2243,1.3024,0.8877
40.9,9.8842,-0.4058,-0.1042,-0.0009,0.0033,0.0,-0.0263,1.2243,1.3024,0.8877
40.917,9.8842,-0.4058,-0.1042,-0.0009,0.0045,0.0,-0.0263,1.2243,1.3024,0.8877
40.917,9.8842,-0.4058,-0.1042,-0.0009,0.0045,0.0,-0.0263,1.2363,1.3024,0.8877
40.917,9.8842,-0.4058,-0.1042,-0.0009,0.0045,0.0,-0.0263,1.2363,1.3024,0.8877
40.95,9.8842,-0.4058,-0.1042,-0.0007,0.0025,0.0,-0.0263,1.2363,1.3024,0.8877
40.967,9.8842,-0.4058,-0.1042,-0.0008,0.0036,0.0,-0.0263,1.2363,1.3024,0.8877
40.967,9.8842,-0.4058,-0.1042,-0.0008,0.0036,0.0,-0.0263,1.2363,1.3024,0.8877
40.967,9.8842,-0.4058,-0.1042,-0.0008,0.0036,0.0,-0.0263,1.2363,1.3024,0.8877
41.0,9.8842,-0.4058,-0.1043,-0.001,0.0048,0.0,-0.0263,1.2363,1.3024,0.8877
41.0,9.8842,-0.4058,-0.1043,-0.001,0.0048,0.0,-0.0263,1.2363,1.3024,0.8877
41.017,9.8842,-0.4058,-0.1043,-0.001,0.0041,0.0,-0.0263,1.2363,1.3024,0.8877
41.033,9.8842,-0.4058,-0.1043,-0.0011,0.0044,0.0,-0.0263,1.2211,1.3023,0.8887
41.033,9.8842,-0.4058,-0.1043,-0.0011,0.0044,0.0,-0.0263,1.2211,1.3023,0.8887
41.033,9.8842,-0.4058,-0.1043,-0.0011,0.0044,0.0,-0.0263,1.2211,1.3023,0.8887
41.067,9.8841,-0.4058,-0.1043,-0.0013,0.004,0.0,-0.0263,1.2211,1.3023,0.8887
41.067,9.8841,-0.4058,-0.1043,-0.0013,0.004,0.0,-0.0263,1.2211,1.3023,0.8887
41.083,9.8841,-0.4058,-0.1043,-0.0012,0.0036,0.0,-0.0263,1.2211,1.3023,0.8887
41.083,9.8841,-0.4058,-0.1043,-0.0012,0.0036,0.0,-0.0263,1.2211,1.3023,0.8887
41.083,9.8841,-0.4058,-0.1043,-0.0012,0.0036,0.0,-0.0263,1.2211,1.3023,0.8887
41.117,9.8841,-0.4058,-0.1044,-0.0011,0.0039,0.0,-0.0263,1.2211,1.3023,0.8887
41.133,9.8841,-0.4058,-0.1044,-0.001,0.0036,0.0,-0.0263,1.2262,1.3023,0.8887
41.133,9.8841,-0.4058,-0.1044,-0.001,0.0036,0.0,-0.0263,1.2262,1.3023,0.8887
41.133,9.8841,-0.4058,-0.1044,-0.001,0.0036,0.0,-0.0263,1.2262,1.3023,0.8887
41.167,9.8841,-0.4058,-0.1044,-0.001,0.0041,0.0,-0.0263,1.2262,1.3023,0.8887
41.183,9.8841,-0.4058,-0.1044,-0.0009,0.0024,0.0,-0.0263,1.2262,1.3023,0.8887
41.183,9.8841,-0.4058,-0.1044,-0.0009,0.0024,0.0,-0.0263,1.2262,1.3023,0.8887
41.2,9.8841,-0.4058,-0.1044,-0.0009,0.0032,0.0,-0.0263,1.2262,1.3023,0.8887
41.2,9.8841,-0.4058,-0.1044,-0.0009,0.0032,0.0,-0.0263,1.2262,1.3023,0.8887
41.2,9.8841,-0.4058,-0.1044,-0.0009,0.0032,0.0,-0.0263,1.2096,1.3023,0.8869
41.233,9.884,-0.4058,-0.1044,-0.0012,0.005,0.0,-0.0263,1.2096,1.3007,0.8869
41.25,9.884,-0.4058,-0.1044,-0.001,0.0029,0.0,-0.0263,1.2096,1.3007,0.8869
41.25,9.884,-0.4058,-0.1044,-0.001,0.0029,0.0,-0.0263,1.2096,1.3007,0.8869
41.25,9.884,-0.4058,-0.1044,-0.001,0.0029,0.0,-0.0263,1.2096,1.3007,0.8869
41.283,9.884,-0.4058,-0.1045,-0.001,0.0045,0.0,-0.0263,1.2096,1.3007,0.8869
41.283,9.884,-0.4058,-0.1045,-0.001,0.0045,0.0,-0.0263,1.2096,1.3007,0.8869
41.3,9.884,-0.4058,-0.1045,-0.0008,0.0037,0.0,-0.0263,1.2096,1.3007,0.8869
41.3,9.884,-0.4058,-0.1045,-0.0008,0.0037,0.0,-0.0263,1.2096,1.3007,0.8869
41.3,9.884,-0.4058,-0.1045,-0.0008,0.0037,0.0,-0.0263,1.2096,1.3007,0.8869
41.333,9.884,-0.4058,-0.1045,-0.0009,0.0045,0.0,-0.0263,1.2465,1.3007,0.8869
41.35,9.884,-0.4058,-0.1045,-0.0008,0.0037,0.0,-0.0263,1.2465,1.3007,0.8869
41.35,9.884,-0.4058,-0.1045,-0.0008,0.0037,0.0,-0.0263,1.2465,1.3007,0.8869
41.367,9.884,-0.4058,-0.1045,-0.0005,0.004,0.0,-0.0263,1.2465,1.3007,0.8869
41.367,9.884,-0.4058,-0.1045,-0.0005,0.004,0.0,-0.0263,1.2465,1.3007,0.8869
41.367,9.884,-0.4058,-0.1045,-0.0005,0.004,0.0,-0.0263,1.2465,1.3007,0.8869
41.4,9.884,-0.4058,-0.1045,0.0,0.0042,0.0,-0.0263,1.2465,1.3007,0.8869
41.417,9.884,-0.4058,-0.1045,-0.001,0.0041,0.0,-0.0263,1.2465,1.3007,0.8869
41.417,9.884,-0.4058,-0.1045,-0.001,0.0041,0.0,-0.0263,1.2286,1.3023,0.8881
41.417,9.884,-0.4058,-0.1045,-0.001,0.0041,0.0,-0.0263,1.2286,1.3023,0.8881
41.45,9.884,-0.4058,-0.1045,-0.001,-0.0006,0.0,-0.0263,1.2286,1.3023,0.8881
41.45,9.884,-0.4058,-0.1045,-0.001,-0.0006,0.0,-0.0263,1.2286,1.3023,0.8881
41.467,9.8839,-0.4058,-0.1045,-0.0008,-0.0006,0.0,-0.0263,1.2286,1.3023,0.8881
41.467,9.8839,-0.4058,-0.1045,-0.0008,-0.0006,0.0,-0.0263,1.2286,1.3023,0.8881
41.467,9.8839,-0.4058,-0.1045,-0.0008,-0.0006,0.0,-0.0263,1.2286,1.3023,0.8881
41.5,9.8839,-0.4058,-0.1046,-0.0008,-0.0017,0.0,-0.0263,1.2286,1.3023,0.8881
41.517,9.8839,-0.4058,-0.1046,-0.0014,0.0068,0.0,-0.0263,1.2286,1.3023,0.8881
41.517,9.8839,-0.4058,-0.1046,-0.0014,0.0068,0.0,-0.0263,1.2286,1.3023,0.8881
41.533,9.8839,-0.4057,-0.1046,-0.0014,0.0051,0.0,-0.0263,1.2251,1.3023,0.8881
41.533,9.8839,-0.4057,-0.1046,-0.0014,0.0051,0.0,-0.0263,1.2251,1.3023,0.8881
41.533,9.8839,-0.4057,-0.1046,-0.0014,0.0051,0.0,-0.0263,1.2251,1.3023,0.8881
41.567,9.8839,-0.4057,-0.1046,-0.0011,0.0041,0.0,-0.0263,1.2251,1.3023,0.8881
41.583,9.8839,-0.4057,-0.1046,-0.001,0.0037,0.0,-0.0263,1.2251,1.3023,0.8881
41.583,9.8839,-0.4057,-0.1046,-0.001,0.0037,0.0,-0.0263,1.2251,1.3023,0.8881
41.583,9.8839,-0.4057,-0.1046,-0.001,0.0037,0.0,-0.0263,1.2251,1.3023,0.8881
41.617,9.8839,-0.4057,-0.1046,-0.0015,0.0082,0.0,-0.0263,1.2251,1.3023,0.8881
41.617,9.8839,-0.4057,-0.1046,-0.0015,0.0082,0.0,-0.0263,1.2161,1.3004,0.8871
41.633,9.8838,-0.4057,-0.1047,-0.0014,0.0036,0.0,-0.0263,1.2161,1.3004,0.8871
41.633,9.8838,-0.4057,-0.1047,-0.0014,0.0036,0.0,-0.0263,1.2161,1.3004,0.8871
41.633,9.8838,-0.4057,-0.1047,-0.0014,0.0036,0.0,-0.0263,1.2161,1.3004,0.8871
41.633,9.8838,-0.4057,-0.1047,-0.0014,0.0036,0.0,-0.0263,1.2161,1.3004,0.8871
41.667,9.8838,-0.4057,-0.1047,-0.0013,0.0043,0.0,-0.0263,1.2161,1.3004,0.8871
41.683,9.8838,-0.4057,-0.1047,-0.0012,0.0039,0.0,-0.0263,1.2161,1.3004,0.8871
41.683,9.8838,-0.4057,-0.1047,-0.0012,0.0039,0.0,-0.0263,1.2161,1.3004,0.8871
41.7,9.8838,-0.4057,-0.1047,-0.0011,0.0035,0.0,-0.0263,1.2161,1.3004,0.8871
41.7,9.8838,-0.4057,-0.1047,-0.0011,0.0035,0.0,-0.0263,1.2161,1.3004,0.8871
41.7,9.8838,-0.4057,-0.1047,-0.0011,0.0035,0.0,-0.0263,1.2161,1.3004,0.8871
41.733,9.8838,-0.4057,-0.1047,-0.001,0.0044,0.0,-0.0263,1.227,1.3004,0.8871
41.75,9.8838,-0.4057,-0.1047,-0.0009,0.0036,0.0,-0.0263,1.227,1.3004,0.8871
41.75,9.8838,-0.4057,-0.1047,-0.0009,0.0036,0.0,-0.0263,1.227,1.3004,0.8871
41.75,9.8838,-0.4057,-0.1047,-0.0009,0.0036,0.0,-0.0263,1.227,1.3004,0.8871
41.783,9.8838,-0.4057,-0.1048,-0.0009,0.0045,0.0,-0.0263,1.227,1.3004,0.8871
41.783,9.8838,-0.4057,-0.1048,-0.0009,0.0045,0.0,-0.0263,1.227,1.3004,0.8871
41.8,9.8837,-0.4057,-0.1048,-0.0008,0.004,0.0,-0.0263,1.227,1.3004,0.8871
41.8,9.8837,-0.4057,-0.1048,-0.0008,0.004,0.0,-0.0263,1.227,1.3004,0.8871
41.8,9.8837,-0.4057,-0.1048,-0.0008,0.004,0.0,-0.0263,1.2403,1.301,0.8871
41.833,9.8837,-0.4057,-0.1048,-0.001,0.0038,0.0,-0.0263,1.2403,1.301,0.8876
41.833,9.8837,-0.4057,-0.1048,-0.001,0.0038,0.0,-0.0263,1.2403,1.301,0.8876
41.85,9.8837,-0.4057,-0.1048,-0.0008,0.0036,0.0,-0.0263,1.2403,1.301,0.8876
41.867,9.8837,-0.4057,-0.1048,-0.0007,0.0029,0.0,-0.0263,1.2403,1.301,0.8876
41.867,9.8837,-0.4057,-0.1048,-0.0007,0.0029,0.0,-0.0263,1.2403,1.301,0.8876
41.867,9.8837,-0.4057,-0.1048,-0.0007,0.0029,0.0,-0.0263,1.2403,1.301,0.8876
41.9,9.8837,-0.4057,-0.1048,-0.001,0.0034,0.0,-0.0263,1.2403,1.301,0.8876
41.917,9.8837,-0.4057,-0.1048,-0.0005,0.0001,0.0,-0.0263,1.2403,1.301,0.8876
41.917,9.8837,-0.4057,-0.1048,-0.0005,0.0001,0.0,-0.0263,1.2403,1.301,0.8876
41.917,9.8837,-0.4057,-0.1048,-0.0005,0.0001,0.0,-0.0263,1.2148,1.301,0.8876
41.95,9.8837,-0.4057,-0.1048,-0.0003,0.004,0.0,-0.0263,1.2148,1.301,0.8876
41.95,9.8837,-0.4057,-0.1048,-0.0003,0.004,0.0,-0.0263,1.2148,1.301,0.8876
41.967,9.8837,-0.4057,-0.1048,-0.0002,0.0035,0.0,-0.0263,1.2148,1.301,0.8876
41.967,9.8837,-0.4057,-0.1048,-0.0002,0.0035,0.0,-0.0263,1.2148,1.301,0.8876
41.967,9.8837,-0.4057,-0.1048,-0.0002,0.0035,0.0,-0.0263,1.2148,1.301,0.8876
42.0,9.8837,-0.4057,-0.1048,-0.0002,0.0003,0.0,-0.0263,1.2148,1.301,0.8876
42.0,9.8837,-0.4057,-0.1048,-0.0002,0.0003,0.0,-0.0263,1.2148,1.301,0.8876
42.017,9.8837,-0.4057,-0.1048,-0.0007,0.0044,0.0,-0.0263,1.2148,1.301,0.8876
42.033,9.8837,-0.4057,-0.1048,-0.0008,0.0062,0.0,-0.0263,1.2173,1.3008,0.8872
42.033,9.8837,-0.4057,-0.1048,-0.0008,0.0062,0.0,-0.0263,1.2173,1.3008,0.8872
42.033,9.8837,-0.4057,-0.1048,-0.0008,0.0062,0.0,-0.0263,1.2173,1.3008,0.8872
42.067,9.8837,-0.4057,-0.1048,-0.0012,0.0026,0.0,-0.0263,1.2173,1.3008,0.8872
42.067,9.8837,-0.4057,-0.1048,-0.0012,0.0026,0.0,-0.0263,1.2173,1.3008,0.8872
42.083,9.8837,-0.4057,-0.1049,-0.001,0.0044,0.0,-0.0263,1.2173,1.3008,0.8872
42.083,9.8837,-0.4057,-0.1049,-0.001,0.0044,0.0,-0.0263,1.2173,1.3008,0.8872
42.083,9.8837,-0.4057,-0.1049,-0.001,0.0044,0.0,-0.0263,1.2173,1.3008,0.8872
42.117,9.8836,-0.4057,-0.1049,-0.0006,0.003,0.0,-0.0263,1.2173,1.3008,0.8872
42.133,9.8836,-0.4057,-0.1049,-0.0004,0.0045,0.0,-0.0263,1.2077,1.3008,0.8872
42.133,9.8836,-0.4057,-0.1049,-0.0004,0.0045,0.0,-0.0263,1.2077,1.3008,0.8872
42.133,9.8836,-0.4057,-0.1049,-0.0004,0.0045,0.0,-0.0263,1.2077,1.3008,0.8872
42.167,9.8836,-0.4057,-0.1049,-0.0016,0.0044,0.0,-0.0263,1.2077,1.3008,0.8872
42.167,9.8836,-0.4057,-0.1049,-0.0016,0.0044,0.0,-0.0263,1.2077,1.3008,0.8872
42.183,9.8836,-0.4057,-0.1049,-0.0009,-0.0018,0.0,-0.0263,1.2077,1.3008,0.8872
42.2,9.8836,-0.4057,-0.1049,-0.0007,-0.0004,0.0,-0.0263,1.2077,1.3008,0.8872
42.2,9.8836,-0.4057,-0.1049,-0.0007,-0.0004,0.0,-0.0263,1.2077,1.3008,0.8872
42.2,9.8836,-0.4057,-0.1049,-0.0007,-0.0004,0.0,-0.0263,1.2275,1.3008,0.8872
42.233,9.8836,-0.4057,-0.105,-0.0012,0.0033,0.0,-0.0263,1.2275,1.2991,0.8872
42.233,9.8836,-0.4057,-0.105,-0.0012,0.0033,0.0,-0.0263,1.2275,1.2991,0.8872
42.25,9.8836,-0.4057,-0.105,-0.0013,0.0027,0.0,-0.0263,1.2275,1.2991,0.8872
42.25,9.8836,-0.4057,-0.105,-0.0013,0.0027,0.0,-0.0263,1.2275,1.2991,0.8872
42.283,9.8836,-0.4056,-0.105,-0.0007,-0.0024,0.0,-0.0263,1.2275,1.2991,0.8872
42.283,9.8836,-0.4056,-0.105,-0.0007,-0.0024,0.0,-0.0263,1.2275,1.2991,0.8872
42.3,9.8835,-0.4056,-0.105,-0.0012,0.0043,0.0,-0.0263,1.2275,1.2991,0.8872
42.3,9.8835,-0.4056,-0.105,-0.0012,0.0043,0.0,-0.0263,1.2275,1.2991,0.8872
42.3,9.8835,-0.4056,-0.105,-0.0012,0.0043,0.0,-0.0263,1.2275,1.2991,0.8872
42.333,9.8835,-0.4056,-0.105,-0.0006,-0.0016,0.0,-0.0263,1.2249,1.2991,0.8872
42.35,9.8835,-0.4056,-0.1051,-0.0008,0.0029,0.0,-0.0263,1.2249,1.2991,0.8872
42.35,9.8835,-0.4056,-0.1051,-0.0008,0.0029,0.0,-0.0263,1.2249,1.2991,0.8872
42.367,9.8835,-0.4056,-0.1051,-0.0009,0.003,0.0,-0.0263,1.2249,1.2991,0.8872
42.367,9.8835,-0.4056,-0.1051,-0.0009,0.003,0.0,-0.0263,1.2249,1.2991,0.8872
42.367,9.8835,-0.4056,-0.1051,-0.0009,0.003,0.0,-0.0263,1.2249,1.2991,0.8872
42.4,9.8835,-0.4056,-0.1051,-0.0009,0.004,0.0,-0.0263,1.2249,1.2991,0.8872
42.417,9.8835,-0.4056,-0.1051,-0.0009,0.0039,0.0,-0.0263,1.2249,1.2991,0.8872
42.417,9.8835,-0.4056,-0.1051,-0.0009,0.0039,0.0,-0.0263,1.2074,1.3004,0.8857
42.417,9.8835,-0.4056,-0.1051,-0.0009,0.0039,0.0,-0.0263,1.2074,1.3004,0.8857
42.45,9.8835,-0.4056,-0.1051,-0.0005,0.0035,0.0,-0.0263,1.2074,1.3004,0.8857
42.45,9.8835,-0.4056,-0.1051,-0.0005,0.0035,0.0,-0.0263,1.2074,1.3004,0.8857
42.467,9.8835,-0.4056,-0.1051,-0.0004,0.0044,0.0,-0.0263,1.2074,1.3004,0.8857
42.467,9.8835,-0.4056,-0.1051,-0.0004,0.0044,0.0,-0.0263,1.2074,1.3004,0.8857
42.467,9.8835,-0.4056,-0.1051,-0.0004,0.0044,0.0,-0.0263,1.2074,1.3004,0.8857
42.5,9.8835,-0.4056,-0.1051,-0.0008,0.0047,0.0,-0.0263,1.2074,1.3004,0.8857
42.517,9.8835,-0.4056,-0.1051,-0.0006,0.0031,0.0,-0.0263,1.2074,1.3004,0.8857
42.517,9.8835,-0.4056,-0.1051,-0.0006,0.0031,0.0,-0.0263,1.2074,1.3004,0.8857
42.533,9.8835,-0.4056,-0.1051,-0.0006,0.0028,0.0,-0.0263,1.215,1.3004,0.8857
42.533,9.8835,-0.4056,-0.1051,-0.0006,0.0028,0.0,-0.0263,1.215,1.3004,0.8857
42.533,9.8835,-0.4056,-0.1051,-0.0006,0.0028,0.0,-0.0263,1.215,1.3004,0.8857
42.567,9.8835,-0.4056,-0.1051,-0.0002,0.0036,0.0,-0.0263,1.215,1.3004,0.8857
42.583,9.8834,-0.4056,-0.1051,-0.0006,0.0041,0.0,-0.0263,1.215,1.3004,0.8857
42.583,9.8834,-0.4056,-0.1051,-0.0006,0.0041,0.0,-0.0263,1.215,1.3004,0.8857
42.583,9.8834,-0.4056,-0.1051,-0.0006,0.0041,0.0,-0.0263,1.215,1.3004,0.8857
42.617,9.8834,-0.4056,-0.1051,-0.0011,0.0054,0.0,-0.0263,1.215,1.3004,0.8857
42.617,9.8834,-0.4056,-0.1051,-0.0011,0.0054,0.0,-0.0263,1.2213,1.3007,0.8865
42.633,9.8834,-0.4056,-0.1052,-0.0006,0.0019,0.0,-0.0263,1.2213,1.3007,0.8865
42.633,9.8834,-0.4056,-0.1052,-0.0006,0.0019,0.0,-0.0263,1.2213,1.3007,0.8865
42.633,9.8834,-0.4056,-0.1052,-0.0006,0.0019,0.0,-0.0263,1.2213,1.3007,0.8865
42.667,9.8834,-0.4056,-0.1052,-0.0011,0.0025,0.0,-0.0263,1.2213,1.3007,0.8865
42.683,9.8834,-0.4056,-0.1052,-0.0009,-0.0025,0.0,-0.0263,1.2213,1.3007,0.8865
42.683,9.8834,-0.4056,-0.1052,-0.0009,-0.0025,0.0,-0.0263,1.2213,1.3007,0.8865
42.7,9.8834,-0.4056,-0.1052,-0.0008,-0.0009,0.0,-0.0263,1.2213,1.3007,0.8865
42.7,9.8834,-0.4056,-0.1052,-0.0008,-0.0009,0.0,-0.0263,1.2213,1.3007,0.8865
42.7,9.8834,-0.4056,-0.1052,-0.0008,-0.0009,0.0,-0.0263,1.2371,1.3007,0.8865
42.733,9.8834,-0.4056,-0.1052,-0.0014,0.0028,0.0,-0.0263,1.2371,1.3007,0.8865
42.75,9.8834,-0.4056,-0.1053,-0.0013,0.0018,0.0,-0.0263,1.2371,1.3007,0.8865
42.75,9.8834,-0.4056,-0.1053,-0.0013,0.0018,0.0,-0.0263,1.2371,1.3007,0.8865
42.75,9.8834,-0.4056,-0.1053,-0.0013,0.0018,0.0,-0.0263,1.2371,1.3007,0.8865
42.783,9.8833,-0.4056,-0.1053,-0.0012,0.0021,0.0,-0.0263,1.2371,1.3007,0.8865
42.783,9.8833,-0.4056,-0.1053,-0.0012,0.0021,0.0,-0.0263,1.2371,1.3007,0.8865
42.8,9.8833,-0.4056,-0.1053,-0.0006,-0.0034,0.0,-0.0263,1.2371,1.3007,0.8865
42.8,9.8833,-0.4056,-0.1053,-0.0006,-0.0034,0.0,-0.0263,1.2371,1.3007,0.8865
42.833,9.8833,-0.4056,-0.1053,-0.0013,-0.0002,0.0,-0.0263,1.2226,1.2996,0.8857
42.833,9.8833,-0.4056,-0.1053,-0.0013,-0.0002,0.0,-0.0263,1.2226,1.2996,0.8857
42.85,9.8833,-0.4056,-0.1053,-0.0011,0.0038,0.0,-0.0263,1.2226,1.2996,0.8857
42.85,9.8833,-0.4056,-0.1053,-0.0011,0.0038,0.0,-0.0263,1.2226,1.2996,0.8857
42.867,9.8833,-0.4056,-0.1053,-0.001,0.0036,0.0,-0.0263,1.2226,1.2996,0.8857
42.867,9.8833,-0.4056,-0.1053,-0.001,0.0036,0.0,-0.0263,1.2226,1.2996,0.8857
42.867,9.8833,-0.4056,-0.1053,-0.001,0.0036,0.0,-0.0263,1.2226,1.2996,0.8857
42.9,9.8833,-0.4056,-0.1054,-0.0011,0.0047,0.0,-0.0263,1.2226,1.2996,0.8857
42.917,9.8833,-0.4056,-0.1054,-0.0011,0.005,0.0,-0.0263,1.2226,1.2996,0.8857
42.917,9.8833,-0.4056,-0.1054,-0.0011,0.005,0.0,-0.0263,1.2307,1.2996,0.8857
42.917,9.8833,-0.4056,-0.1054,-0.0011,0.005,0.0,-0.0263,1.2307,1.2996,0.8857
42.95,9.8832,-0.4055,-0.1054,-0.0012,0.0035,0.0,-0.0263,1.2307,1.2996,0.8857
42.95,9.8832,-0.4055,-0.1054,-0.0012,0.0035,0.0,-0.0263,1.2307,1.2996,0.8857
42.967,9.8832,-0.4055,-0.1054,-0.0014,0.0019,0.0,-0.0263,1.2307,1.2996,0.8857
42.967,9.8832,-0.4055,-0.1054,-0.0014,0.0019,0.0,-0.0263,1.2307,1.2996,0.8857
42.967,9.8832,-0.4055,-0.1054,-0.0014,0.0019,0.0,-0.0263,1.2307,1.2996,0.8857
43.0,9.8832,-0.4055,-0.1054,-0.0008,-0.0002,0.0,-0.0263,1.2307,1.2996,0.8857
43.017,9.8832,-0.4055,-0.1054,-0.0013,0.0042,0.0,-0.0263,1.2307,1.2996,0.8857
43.017,9.8832,-0.4055,-0.1054,-0.0013,0.0042,0.0,-0.0263,1.2082,1.2991,0.8863
43.033,9.8832,-0.4055,-0.1055,-0.0013,0.0026,0.0,-0.0263,1.2082,1.2991,0.8863
43.033,9.8832,-0.4055,-0.1055,-0.0013,0.0026,0.0,-0.0263,1.2082,1.2991,0.8863
43.033,9.8832,-0.4055,-0.1055,-0.0013,0.0026,0.0,-0.0263,1.2082,1.2991,0.8863
43.067,9.8832,-0.4055,-0.1055,-0.0008,-0.0004,0.0,-0.0263,1.2082,1.2991,0.8863
43.083,9.8832,-0.4055,-0.1055,-0.0007,-0.0,0.0,-0.0263,1.2082,1.2991,0.8863
43.083,9.8832,-0.4055,-0.1055,-0.0007,-0.0,0.0,-0.0263,1.2082,1.2991,0.8863
43.083,9.8832,-0.4055,-0.1055,-0.0007,-0.0,0.0,-0.0263,1.2082,1.2991,0.8863
43.117,9.8832,-0.4055,-0.1055,-0.001,0.0025,0.0,-0.0263,1.2082,1.2991,0.8863
43.117,9.8832,-0.4055,-0.1055,-0.001,0.0025,0.0,-0.0263,1.2154,1.2991,0.8863
43.133,9.8832,-0.4055,-0.1055,-0.001,0.0026,0.0,-0.0263,1.2154,1.2991,0.8863
43.133,9.8832,-0.4055,-0.1055,-0.001,0.0026,0.0,-0.0263,1.2154,1.2991,0.8863
43.133,9.8832,-0.4055,-0.1055,-0.001,0.0026,0.0,-0.0263,1.2154,1.2991,0.8863
43.167,9.8831,-0.4055,-0.1055,-0.0008,0.0017,0.0,-0.0263,1.2154,1.2991,0.8863
43.167,9.8831,-0.4055,-0.1055,-0.0008,0.0017,0.0,-0.0263,1.2154,1.2991,0.8863
43.183,9.8831,-0.4055,-0.1055,-0.0009,0.002,0.0,-0.0263,1.2154,1.2991,0.8863
43.183,9.8831,-0.4055,-0.1055,-0.0009,0.002,0.0,-0.0263,1.2154,1.2991,0.8863
43.2,9.8831,-0.4055,-0.1055,-0.0005,-0.002,0.0,-0.0263,1.2154,1.2991,0.8863
43.2,9.8831,-0.4055,-0.1055,-0.0005,-0.002,0.0,-0.0263,1.2154,1.2991,0.8863
43.2,9.8831,-0.4055,-0.1055,-0.0005,-0.002,0.0,-0.0263,1.2154,1.2991,0.8863
43.2,9.8831,-0.4055,-0.1055,-0.0005,-0.002,0.0,-0.0263,1.2138,1.2991,0.8863
43.233,9.8831,-0.4055,-0.1056,-0.0004,-0.0015,0.0,-0.0263,1.2138,1.3005,0.8859
43.233,9.8831,-0.4055,-0.1056,-0.0004,-0.0015,0.0,-0.0263,1.2138,1.3005,0.8859
43.233,9.8831,-0.4055,-0.1056,-0.0004,-0.0015,0.0,-0.0263,1.2138,1.3005,0.8859
43.25,9.8831,-0.4055,-0.1056,-0.0003,0.0008,0.0,-0.0263,1.2138,1.3005,0.8859
43.25,9.8831,-0.4055,-0.1056,-0.0003,0.0008,0.0,-0.0263,1.2138,1.3005,0.8859
43.25,9.8831,-0.4055,-0.1056,-0.0003,0.0008,0.0,-0.0263,1.2138,1.3005,0.8859
43.283,9.8831,-0.4055,-0.1056,-0.0013,0.0018,0.0,-0.0263,1.2138,1.3005,0.8859
43.3,9.8831,-0.4055,-0.1056,-0.0015,0.005,0.0,-0.0263,1.2138,1.3005,0.8859
43.3,9.8831,-0.4055,-0.1056,-0.0015,0.005,0.0,-0.0263,1.2138,1.3005,0.8859
43.3,9.8831,-0.4055,-0.1056,-0.0015,0.005,0.0,-0.0263,1.2138,1.3005,0.8859
43.333,9.8831,-0.4055,-0.1056,-0.0012,0.0037,0.0,-0.0263,1.2252,1.3005,0.8859
43.333,9.8831,-0.4055,-0.1056,-0.0012,0.0037,0.0,-0.0263,1.2252,1.3005,0.8859
43.35,9.883,-0.4055,-0.1056,-0.0011,0.0,0.0,-0.0263,1.2252,1.3005,0.8859
43.367,9.883,-0.4055,-0.1057,-0.0012,0.0044,0.0,-0.0263,1.2252,1.3005,0.8859
43.367,9.883,-0.4055,-0.1057,-0.0012,0.0044,0.0,-0.0263,1.2252,1.3005,0.8859
43.367,9.883,-0.4055,-0.1057,-0.0012,0.0044,0.0,-0.0263,1.2252,1.3005,0.8859
43.4,9.883,-0.4055,-0.1057,-0.0011,0.0035,0.0,-0.0263,1.2252,1.3005,0.8859
43.4,9.883,-0.4055,-0.1057,-0.0011,0.0035,0.0,-0.0263,1.2252,1.3005,0.8859
43.417,9.883,-0.4055,-0.1057,-0.0007,-0.0019,0.0,-0.0263,1.2252,1.3005,0.8859
43.417,9.883,-0.4055,-0.1057,-0.0007,-0.0019,0.0,-0.0263,1.2281,1.2991,0.8851
43.417,9.883,-0.4055,-0.1057,-0.0007,-0.0019,0.0,-0.0263,1.2281,1.2991,0.8851
43.45,9.883,-0.4055,-0.1057,-0.0006,0.0014,0.0,-0.0263,1.2281,1.2991,0.8851
43.467,9.883,-0.4055,-0.1057,-0.0011,0.0046,0.0,-0.0263,1.2281,1.2991,0.8851
43.467,9.883,-0.4055,-0.1057,-0.0011,0.0046,0.0,-0.0263,1.2281,1.2991,0.8851
43.467,9.883,-0.4055,-0.1057,-0.0011,0.0046,0.0,-0.0263,1.2281,1.2991,0.8851
43.5,9.883,-0.4055,-0.1057,-0.0009,0.0031,0.0,-0.0263,1.2281,1.2991,0.8851
43.5,9.883,-0.4055,-0.1057,-0.0009,0.0031,0.0,-0.0263,1.2281,1.2991,0.8851
43.517,9.883,-0.4055,-0.1057,-0.0009,0.0037,0.0,-0.0263,1.2281,1.2991,0.8851
43.517,9.883,-0.4055,-0.1057,-0.0009,0.0037,0.0,-0.0263,1.2183,1.2991,0.8851
43.533,9.8829,-0.4055,-0.1058,-0.0009,0.0042,0.0,-0.0263,1.2183,1.2991,0.8851
43.533,9.8829,-0.4055,-0.1058,-0.0009,0.0042,0.0,-0.0263,1.2183,1.2991,0.8851
43.533,9.8829,-0.4055,-0.1058,-0.0009,0.0042,0.0,-0.0263,1.2183,1.2991,0.8851
43.567,9.8829,-0.4055,-0.1058,-0.0003,0.0033,0.0,-0.0263,1.2183,1.2991,0.8851
43.583,9.8829,-0.4055,-0.1058,-0.001,0.0058,0.0,-0.0263,1.2183,1.2991,0.8851
43.583,9.8829,-0.4055,-0.1058,-0.001,0.0058,0.0,-0.0263,1.2183,1.2991,0.8851
43.583,9.8829,-0.4055,-0.1058,-0.001,0.0058,0.0,-0.0263,1.2183,1.2991,0.8851
43.617,9.8829,-0.4054,-0.1058,-0.0014,0.0078,0.0,-0.0263,1.2183,1.2991,0.8851
43.617,9.8829,-0.4054,-0.1058,-0.0014,0.0078,0.0,-0.0263,1.2124,1.2971,0.8849
43.633,9.8829,-0.4054,-0.1058,-0.0013,0.003,0.0,-0.0263,1.2124,1.2971,0.8849
43.633,9.8829,-0.4054,-0.1058,-0.0013,0.003,0.0,-0.0263,1.2124,1.2971,0.8849
43.633,9.8829,-0.4054,-0.1058,-0.0013,0.003,0.0,-0.0263,1.2124,1.2971,0.8849
43.667,9.8829,-0.4054,-0.1059,-0.0013,0.0041,0.0,-0.0263,1.2124,1.2971,0.8849
43.667,9.8829,-0.4054,-0.1059,-0.0013,0.0041,0.0,-0.0263,1.2124,1.2971,0.8849
43.683,9.8829,-0.4054,-0.1059,-0.0012,0.0038,0.0,-0.0263,1.2124,1.2971,0.8849
43.7,9.8828,-0.4054,-0.1059,-0.0011,0.0039,0.0,-0.0263,1.2124,1.2971,0.8849
43.7,9.8828,-0.4054,-0.1059,-0.0011,0.0039,0.0,-0.0263,1.2124,1.2971,0.8849
43.7,9.8828,-0.4054,-0.1059,-0.0011,0.0039,0.0,-0.0263,1.2124,1.2971,0.8849
43.733,9.8828,-0.4054,-0.1059,-0.001,0.0039,0.0,-0.0263,1.2325,1.2971,0.8849
43.733,9.8828,-0.4054,-0.1059,-0.001,0.0039,0.0,-0.0263,1.2325,1.2971,0.8849
43.75,9.8828,-0.4054,-0.1059,-0.0011,0.0044,0.0,-0.0263,1.2325,1.2971,0.8849
43.75,9.8828,-0.4054,-0.1059,-0.0011,0.0044,0.0,-0.0263,1.2325,1.2971,0.8849
43.75,9.8828,-0.4054,-0.1059,-0.0011,0.0044,0.0,-0.0263,1.2325,1.2971,0.8849
43.783,9.8828,-0.4054,-0.1059,-0.0009,0.0033,0.0,-0.0263,1.2325,1.2971,0.8849
43.8,9.8828,-0.4054,-0.1059,-0.0012,0.0068,0.0,-0.0263,1.2325,1.2971,0.8849
43.8,9.8828,-0.4054,-0.1059,-0.0012,0.0068,0.0,-0.0263,1.2325,1.2971,0.8849
43.8,9.8828,-0.4054,-0.1059,-0.0012,0.0068,0.0,-0.0263,1.216,1.2974,0.8849
43.833,9.8828,-0.4054,-0.106,-0.001,0.0036,0.0,-0.0263,1.216,1.2974,0.8858
43.85,9.8828,-0.4054,-0.106,-0.0009,0.0035,0.0,-0.0263,1.216,1.2974,0.8858
43.85,9.8828,-0.4054,-0.106,-0.0009,0.0035,0.0,-0.0263,1.216,1.2974,0.8858
43.867,9.8828,-0.4054,-0.106,-0.0009,0.0045,0.0,-0.0263,1.216,1.2974,0.8858
43.867,9.8828,-0.4054,-0.106,-0.0009,0.0045,0.0,-0.0263,1.216,1.2974,0.8858
43.867,9.8828,-0.4054,-0.106,-0.0009,0.0045,0.0,-0.0263,1.216,1.2974,0.8858
43.9,9.8827,-0.4054,-0.106,-0.0006,0.0032,0.0,-0.0263,1.216,1.2974,0.8858
43.9,9.8827,-0.4054,-0.106,-0.0006,0.0032,0.0,-0.0263,1.216,1.2974,0.8858
43.917,9.8827,-0.4054,-0.106,-0.0007,0.0044,0.0,-0.0263,1.216,1.2974,0.8858
43.917,9.8827,-0.4054,-0.106,-0.0007,0.0044,0.0,-0.0263,1.2268,1.2974,0.8858
43.917,9.8827,-0.4054,-0.106,-0.0007,0.0044,0.0,-0.0263,1.2268,1.2974,0.8858
43.95,9.8827,-0.4054,-0.106,-0.0011,0.0037,0.0,-0.0263,1.2268,1.2974,0.8858
43.967,9.8827,-0.4054,-0.106,-0.0013,0.0035,0.0,-0.0263,1.2268,1.2974,0.8858
43.967,9.8827,-0.4054,-0.106,-0.0013,0.0035,0.0,-0.0263,1.2268,1.2974,0.8858
43.967,9.8827,-0.4054,-0.106,-0.0013,0.0035,0.0,-0.0263,1.2268,1.2974,0.8858
44.0,9.8827,-0.4054,-0.106,-0.0013,0.004,0.0,-0.0263,1.2268,1.2974,0.8858
44.0,9.8827,-0.4054,-0.106,-0.0013,0.004,0.0,-0.0263,1.2268,1.2974,0.8858
44.017,9.8827,-0.4054,-0.1061,-0.0012,0.004,0.0,-0.0263,1.2057,1.2974,0.8858
44.033,9.8827,-0.4054,-0.1061,-0.0011,0.0038,0.0,-0.0263,1.2057,1.2969,0.8854
44.033,9.8827,-0.4054,-0.1061,-0.0011,0.0038,0.0,-0.0263,1.2057,1.2969,0.8854
44.033,9.8827,-0.4054,-0.1061,-0.0011,0.0038,0.0,-0.0263,1.2057,1.2969,0.8854
44.067,9.8827,-0.4054,-0.1061,-0.001,0.0039,0.0,-0.0263,1.2057,1.2969,0.8854
44.083,9.8826,-0.4054,-0.1061,-0.001,0.0045,0.0,-0.0263,1.2057,1.2969,0.8854
44.083,9.8826,-0.4054,-0.1061,-0.001,0.0045,0.0,-0.0263,1.2057,1.2969,0.8854
44.083,9.8826,-0.4054,-0.1061,-0.001,0.0045,0.0,-0.0263,1.2057,1.2969,0.8854
44.117,9.8826,-0.4054,-0.1061,-0.0009,0.0037,0.0,-0.0263,1.2057,1.2969,0.8854
44.117,9.8826,-0.4054,-0.1061,-0.0009,0.0037,0.0,-0.0263,1.2057,1.2969,0.8854
44.133,9.8826,-0.4054,-0.1061,-0.0009,0.0034,0.0,-0.0263,1.2228,1.2969,0.8854
44.133,9.8826,-0.4054,-0.1061,-0.0009,0.0034,0.0,-0.0263,1.2228,1.2969,0.8854
44.133,9.8826,-0.4054,-0.1061,-0.0009,0.0034,0.0,-0.0263,1.2228,1.2969,0.8854
44.167,9.8826,-0.4054,-0.1061,-0.0008,0.0039,0.0,-0.0263,1.2228,1.2969,0.8854
44.183,9.8826,-0.4054,-0.1061,-0.0008,0.0032,0.0,-0.0263,1.2228,1.2969,0.8854
44.183,9.8826,-0.4054,-0.1061,-0.0008,0.0032,0.0,-0.0263,1.2228,1.2969,0.8854
44.2,9.8826,-0.4054,-0.1062,-0.0012,0.0059,0.0,-0.0263,1.2228,1.2969,0.8854
44.2,9.8826,-0.4054,-0.1062,-0.0012,0.0059,0.0,-0.0263,1.2228,1.2969,0.8854
44.2,9.8826,-0.4054,-0.1062,-0.0012,0.0059,0.0,-0.0263,1.2132,1.2983,0.8844
44.233,9.8826,-0.4054,-0.1062,-0.001,0.0037,0.0,-0.0263,1.2132,1.2983,0.8844
44.25,9.8826,-0.4054,-0.1062,-0.0011,0.0047,0.0,-0.0263,1.2132,1.2983,0.8844
44.25,9.8826,-0.4054,-0.1062,-0.0011,0.0047,0.0,-0.0263,1.2132,1.2983,0.8844
44.25,9.8826,-0.4054,-0.1062,-0.0011,0.0047,0.0,-0.0263,1.2132,1.2983,0.8844
44.283,9.8826,-0.4053,-0.1062,-0.0011,0.004,0.0,-0.0263,1.2132,1.2983,0.8844
44.283,9.8826,-0.4053,-0.1062,-0.0011,0.004,0.0,-0.0263,1.2132,1.2983,0.8844
44.3,9.8825,-0.4053,-0.1062,-0.001,0.0039,0.0,-0.0263,1.2132,1.2983,0.8844
44.3,9.8825,-0.4053,-0.1062,-0.001,0.0039,0.0,-0.0263,1.2132,1.2983,0.8844
44.3,9.8825,-0.4053,-0.1062,-0.001,0.0039,0.0,-0.0263,1.2132,1.2983,0.8844
44.333,9.8825,-0.4053,-0.1062,-0.0012,0.0021,0.0,-0.0263,1.2191,1.2983,0.8844
44.35,9.8825,-0.4053,-0.1063,-0.0014,0.0043,0.0,-0.0263,1.2191,1.2983,0.8844
44.35,9.8825,-0.4053,-0.1063,-0.0014,0.0043,0.0,-0.0263,1.2191,1.2983,0.8844
44.367,9.8825,-0.4053,-0.1063,-0.0014,0.0041,0.0,-0.0263,1.2191,1.2983,0.8844
44.367,9.8825,-0.4053,-0.1063,-0.0014,0.0041,0.0,-0.0263,1.2191,1.2983,0.8844
44.367,9.8825,-0.4053,-0.1063,-0.0014,0.0041,0.0,-0.0263,1.2191,1.2983,0.8844
44.4,9.8825,-0.4053,-0.1063,-0.0012,0.004,0.0,-0.0263,1.2191,1.2983,0.8844
44.417,9.8825,-0.4053,-0.1063,-0.0011,0.0039,0.0,-0.0263,1.2191,1.2983,0.8844
44.417,9.8825,-0.4053,-0.1063,-0.0011,0.0039,0.0,-0.0263,1.193,1.2983,0.8847
44.417,9.8825,-0.4053,-0.1063,-0.0011,0.0039,0.0,-0.0263,1.193,1.2976,0.8847
44.45,9.8825,-0.4053,-0.1063,-0.001,0.0034,0.0,-0.0263,1.193,1.2976,0.8847
44.45,9.8825,-0.4053,-0.1063,-0.001,0.0034,0.0,-0.0263,1.193,1.2976,0.8847
44.467,9.8824,-0.4053,-0.1063,-0.001,0.004,0.0,-0.0263,1.193,1.2976,0.8847
44.467,9.8824,-0.4053,-0.1063,-0.001,0.004,0.0,-0.0263,1.193,1.2976,0.8847
44.467,9.8824,-0.4053,-0.1063,-0.001,0.004,0.0,-0.0263,1.193,1.2976,0.8847
44.5,9.8824,-0.4053,-0.1064,-0.0009,0.0038,0.0,-0.0263,1.193,1.2976,0.8847
44.5,9.8824,-0.4053,-0.1064,-0.0009,0.0038,0.0,-0.0263,1.193,1.2976,0.8847
44.517,9.8824,-0.4053,-0.1064,-0.0006,-0.0023,0.0,-0.0263,1.193,1.2976,0.8847
44.533,9.8824,-0.4053,-0.1064,-0.0012,0.0064,0.0,-0.0263,1.2242,1.2976,0.8847
44.533,9.8824,-0.4053,-0.1064,-0.0012,0.0064,0.0,-0.0263,1.2242,1.2976,0.8847
44.533,9.8824,-0.4053,-0.1064,-0.0012,0.0064,0.0,-0.0263,1.2242,1.2976,0.8847
44.567,9.8824,-0.4053,-0.1064,-0.0014,0.0052,0.0,-0.0263,1.2242,1.2976,0.8847
44.567,9.8824,-0.4053,-0.1064,-0.0014,0.0052,0.0,-0.0263,1.2242,1.2976,0.8847
44.583,9.8824,-0.4053,-0.1064,-0.0013,0.0037,0.0,-0.0263,1.2242,1.2976,0.8847
44.583,9.8824,-0.4053,-0.1064,-0.0013,0.0037,0.0,-0.0263,1.2242,1.2976,0.8847
44.617,9.8824,-0.4053,-0.1064,-0.0011,0.004,0.0,-0.0263,1.2242,1.2976,0.8847
44.617,9.8824,-0.4053,-0.1064,-0.0011,0.004,0.0,-0.0263,1.2242,1.2976,0.8847
44.633,9.8823,-0.4053,-0.1065,-0.0011,0.0038,0.0,-0.0263,1.2302,1.2965,0.8847
44.633,9.8823,-0.4053,-0.1065,-0.0011,0.0038,0.0,-0.0263,1.2302,1.2965,0.8847
44.633,9.8823,-0.4053,-0.1065,-0.0011,0.0038,0.0,-0.0263,1.2302,1.2965,0.8847
44.667,9.8823,-0.4053,-0.1065,-0.001,0.0043,0.0,-0.0263,1.2302,1.2965,0.8847
44.667,9.8823,-0.4053,-0.1065,-0.001,0.0043,0.0,-0.0263,1.2302,1.2965,0.8847
44.683,9.8823,-0.4053,-0.1065,-0.0009,0.0036,0.0,-0.0263,1.2302,1.2965,0.8847
44.7,9.8823,-0.4053,-0.1065,-0.0009,0.004,0.0,-0.0263,1.2302,1.2965,0.8847
44.7,9.8823,-0.4053,-0.1065,-0.0009,0.004,0.0,-0.0263,1.2302,1.2965,0.8847
44.7,9.8823,-0.4053,-0.1065,-0.0009,0.004,0.0,-0.0263,1.2302,1.2965,0.8847
44.733,9.8823,-0.4053,-0.1065,-0.0008,0.0029,0.0,-0.0263,1.2247,1.2965,0.8847
44.733,9.8823,-0.4053,-0.1065,-0.0008,0.0029,0.0,-0.0263,1.2247,1.2965,0.8847
44.75,9.8823,-0.4053,-0.1065,-0.0008,0.0032,0.0,-0.0263,1.2247,1.2965,0.8847
44.75,9.8823,-0.4053,-0.1065,-0.0008,0.0032,0.0,-0.0263,1.2247,1.2965,0.8847
44.783,9.8823,-0.4053,-0.1065,-0.0012,0.0048,0.0,-0.0263,1.2247,1.2965,0.8847
44.783,9.8823,-0.4053,-0.1065,-0.0012,0.0048,0.0,-0.0263,1.2247,1.2965,0.8847
44.8,9.8823,-0.4053,-0.1065,-0.001,0.003,0.0,-0.0263,1.2247,1.2965,0.8847
44.8,9.8823,-0.4053,-0.1065,-0.001,0.003,0.0,-0.0263,1.2247,1.2965,0.8847
44.8,9.8823,-0.4053,-0.1065,-0.001,0.003,0.0,-0.0263,1.2247,1.2965,0.8847
44.8,9.8823,-0.4053,-0.1065,-0.001,0.003,0.0,-0.0263,1.2247,1.2965,0.8847
44.833,9.8823,-0.4053,-0.1066,-0.001,0.0044,0.0,-0.0263,1.2161,1.2962,0.8839
44.833,9.8823,-0.4053,-0.1066,-0.001,0.0044,0.0,-0.0263,1.2161,1.2962,0.8839
44.85,9.8822,-0.4053,-0.1066,-0.001,0.0045,0.0,-0.0263,1.2161,1.2962,0.8839
44.867,9.8822,-0.4053,-0.1066,-0.0011,0.0056,0.0,-0.0263,1.2161,1.2962,0.8839
44.867,9.8822,-0.4053,-0.1066,-0.0011,0.0056,0.0,-0.0263,1.2161,1.2962,0.8839
44.867,9.8822,-0.4053,-0.1066,-0.0011,0.0056,0.0,-0.0263,1.2161,1.2962,0.8839
44.9,9.8822,-0.4052,-0.1066,-0.0015,0.0019,0.0,-0.0263,1.2161,1.2962,0.8839
44.9,9.8822,-0.4052,-0.1066,-0.0015,0.0019,0.0,-0.0263,1.2161,1.2962,0.8839
44.917,9.8822,-0.4052,-0.1066,-0.0009,-0.0003,0.0,-0.0263,1.2161,1.2962,0.8839
44.917,9.8822,-0.4052,-0.1066,-0.0009,-0.0003,0.0,-0.0263,1.2273,1.2962,0.8839
44.917,9.8822,-0.4052,-0.1066,-0.0009,-0.0003,0.0,-0.0263,1.2273,1.2962,0.8839
44.95,9.8822,-0.4052,-0.1066,-0.0012,0.004,0.0,-0.0263,1.2273,1.2962,0.8839
44.967,9.8822,-0.4052,-0.1067,-0.0011,0.0038,0.0,-0.0263,1.2273,1.2962,0.8839
44.967,9.8822,-0.4052,-0.1067,-0.0011,0.0038,0.0,-0.0263,1.2273,1.2962,0.8839
44.967,9.8822,-0.4052,-0.1067,-0.0011,0.0038,0.0,-0.0263,1.2273,1.2962,0.8839
45.0,9.8822,-0.4052,-0.1067,-0.0013,0.0043,0.0,-0.0263,1.2273,1.2962,0.8839
45.0,9.8822,-0.4052,-0.1067,-0.0013,0.0043,0.0,-0.0263,1.2273,1.2962,0.8839
45.017,9.8822,-0.4052,-0.1067,-0.0013,0.0061,0.0,-0.0263,1.2273,1.2962,0.8839
45.033,9.8821,-0.4052,-0.1067,-0.0013,0.0049,0.0,-0.0263,1.2154,1.2971,0.8842
45.033,9.8821,-0.4052,-0.1067,-0.0013,0.0049,0.0,-0.0263,1.2154,1.2971,0.8842
45.033,9.8821,-0.4052,-0.1067,-0.0013,0.0049,0.0,-0.0263,1.2154,1.2971,0.8842
45.067,9.8821,-0.4052,-0.1067,-0.001,0.0041,0.0,-0.0263,1.2154,1.2971,0.8842
45.067,9.8821,-0.4052,-0.1067,-0.001,0.0041,0.0,-0.0263,1.2154,1.2971,0.8842
45.083,9.8821,-0.4052,-0.1067,-0.0008,0.0039,0.0,-0.0263,1.2154,1.2971,0.8842
45.083,9.8821,-0.4052,-0.1067,-0.0008,0.0039,0.0,-0.0263,1.2154,1.2971,0.8842
45.083,9.8821,-0.4052,-0.1067,-0.0008,0.0039,0.0,-0.0263,1.2154,1.2971,0.8842
45.117,9.8821,-0.4052,-0.1068,-0.0011,0.0041,0.0,-0.0263,1.2154,1.2971,0.8842
45.117,9.8821,-0.4052,-0.1068,-0.0011,0.0041,0.0,-0.0263,1.2111,1.2971,0.8842
45.133,9.8821,-0.4052,-0.1068,-0.0014,0.0055,0.0,-0.0263,1.2111,1.2971,0.8842
45.133,9.8821,-0.4052,-0.1068,-0.0014,0.0055,0.0,-0.0263,1.2111,1.2971,0.8842
45.167,9.8821,-0.4052,-0.1068,-0.0012,0.0037,0.0,-0.0263,1.2111,1.2971,0.8842
45.167,9.8821,-0.4052,-0.1068,-0.0012,0.0037,0.0,-0.0263,1.2111,1.2971,0.8842
45.183,9.8821,-0.4052,-0.1068,-0.0012,0.0044,0.0,-0.0263,1.2111,1.2971,0.8842
45.2,9.882,-0.4052,-0.1068,-0.0012,0.0036,0.0,-0.0263,1.2111,1.2971,0.8842
45.2,9.882,-0.4052,-0.1068,-0.0012,0.0036,0.0,-0.0263,1.2111,1.2971,0.8842
45.2,9.882,-0.4052,-0.1068,-0.0012,0.0036,0.0,-0.0263,1.2111,1.2971,0.8842
45.233,9.882,-0.4052,-0.1068,-0.0011,0.0028,0.0,-0.0263,1.216,1.2968,0.8843
45.233,9.882,-0.4052,-0.1068,-0.0011,0.0028,0.0,-0.0263,1.216,1.2968,0.8843
45.25,9.882,-0.4052,-0.1068,-0.0011,0.0031,0.0,-0.0263,1.216,1.2968,0.8843
45.25,9.882,-0.4052,-0.1068,-0.0011,0.0031,0.0,-0.0263,1.216,1.2968,0.8843
45.25,9.882,-0.4052,-0.1068,-0.0011,0.0031,0.0,-0.0263,1.216,1.2968,0.8843
45.283,9.882,-0.4052,-0.1069,-0.0011,0.0034,0.0,-0.0263,1.216,1.2968,0.8843
45.3,9.882,-0.4052,-0.1069,-0.0001,-0.0038,0.0,-0.0263,1.216,1.2968,0.8843
45.3,9.882,-0.4052,-0.1069,-0.0001,-0.0038,0.0,-0.0263,1.216,1.2968,0.8843
45.3,9.882,-0.4052,-0.1069,-0.0001,-0.0038,0.0,-0.0263,1.216,1.2968,0.8843
45.333,9.882,-0.4052,-0.1069,-0.0013,0.0016,0.0,-0.0263,1.216,1.2968,0.8843
45.333,9.882,-0.4052,-0.1069,-0.0013,0.0016,0.0,-0.0263,1.216,1.2968,0.8843
45.35,9.882,-0.4052,-0.1069,-0.001,-0.0014,0.0,-0.0263,1.216,1.2968,0.8843
45.367,9.8819,-0.4052,-0.1069,-0.0015,0.0054,0.0,-0.0263,1.216,1.2968,0.8843
45.367,9.8819,-0.4052,-0.1069,-0.0015,0.0054,0.0,-0.0263,1.216,1.2968,0.8843
45.367,9.8819,-0.4052,-0.1069,-0.0015,0.0054,0.0,-0.0263,1.216,1.2968,0.8843
45.4,9.8819,-0.4052,-0.107,-0.0013,0.004,0.0,-0.0263,1.216,1.2968,0.8843
45.4,9.8819,-0.4052,-0.107,-0.0013,0.004,0.0,-0.0263,1.216,1.2968,0.8843
45.417,9.8819,-0.4052,-0.107,-0.0012,0.0034,0.0,-0.0263,1.216,1.2968,0.8843
45.417,9.8819,-0.4052,-0.107,-0.0012,0.0034,0.0,-0.0263,1.2192,1.2956,0.884
45.417,9.8819,-0.4052,-0.107,-0.0012,0.0034,0.0,-0.0263,1.2192,1.2956,0.884
45.45,9.8819,-0.4051,-0.107,-0.0005,-0.0048,0.0,-0.0263,1.2192,1.2956,0.884
45.467,9.8819,-0.4051,-0.107,-0.0013,0.0019,0.0,-0.0263,1.2192,1.2956,0.884
45.467,9.8819,-0.4051,-0.107,-0.0013,0.0019,0.0,-0.0263,1.2192,1.2956,0.884
45.467,9.8819,-0.4051,-0.107,-0.0013,0.0019,0.0,-0.0263,1.2192,1.2956,0.884
45.5,9.8819,-0.4051,-0.107,-0.0013,0.0037,0.0,-0.0263,1.2192,1.2956,0.884
45.5,9.8819,-0.4051,-0.107,-0.0013,0.0037,0.0,-0.0263,1.2192,1.2956,0.884
45.517,9.8818,-0.4051,-0.1071,-0.0013,0.0043,0.0,-0.0263,1.2192,1.2956,0.884
45.533,9.8818,-0.4051,-0.1071,-0.0013,0.005,0.0,-0.0263,1.2193,1.2956,0.884
45.533,9.8818,-0.4051,-0.1071,-0.0013,0.005,0.0,-0.0263,1.2193,1.2956,0.884
45.533,9.8818,-0.4051,-0.1071,-0.0013,0.005,0.0,-0.0263,1.2193,1.2956,0.884
45.567,9.8818,-0.4051,-0.1071,-0.0013,0.0062,0.0,-0.0263,1.2193,1.2956,0.884
45.567,9.8818,-0.4051,-0.1071,-0.0013,0.0062,0.0,-0.0263,1.2193,1.2956,0.884
45.583,9.8818,-0.4051,-0.1071,-0.0013,0.0048,0.0,-0.0263,1.2193,1.2956,0.884
45.583,9.8818,-0.4051,-0.1071,-0.0013,0.0048,0.0,-0.0263,1.2193,1.2956,0.884
45.583,9.8818,-0.4051,-0.1071,-0.0013,0.0048,0.0,-0.0263,1.2193,1.2956,0.884
45.617,9.8818,-0.4051,-0.1071,-0.0011,0.0045,0.0,-0.0263,1.2193,1.2956,0.884
45.633,9.8818,-0.4051,-0.1071,-0.001,0.0039,0.0,-0.0263,1.2123,1.2955,0.8842
45.633,9.8818,-0.4051,-0.1071,-0.001,0.0039,0.0,-0.0263,1.2123,1.2955,0.8842
45.633,9.8818,-0.4051,-0.1071,-0.001,0.0039,0.0,-0.0263,1.2123,1.2955,0.8842
45.633,9.8818,-0.4051,-0.1071,-0.001,0.0039,0.0,-0.0263,1.2123,1.2955,0.8842
45.667,9.8818,-0.4051,-0.1072,-0.0009,0.0039,0.0,-0.0263,1.2123,1.2955,0.8842
45.667,9.8818,-0.4051,-0.1072,-0.0009,0.0039,0.0,-0.0263,1.2123,1.2955,0.8842
45.683,9.8817,-0.4051,-0.1072,-0.0009,0.0041,0.0,-0.0263,1.2123,1.2955,0.8842
45.7,9.8817,-0.4051,-0.1072,-0.0008,0.0042,0.0,-0.0263,1.2123,1.2955,0.8842
45.7,9.8817,-0.4051,-0.1072,-0.0008,0.0042,0.0,-0.0263,1.2123,1.2955,0.8842
45.7,9.8817,-0.4051,-0.1072,-0.0008,0.0042,0.0,-0.0263,1.2123,1.2955,0.8842
45.733,9.8817,-0.4051,-0.1072,-0.0007,0.004,0.0,-0.0263,1.2064,1.2955,0.8842
45.733,9.8817,-0.4051,-0.1072,-0.0007,0.004,0.0,-0.0263,1.2064,1.2955,0.8842
45.75,9.8817,-0.4051,-0.1072,-0.0009,0.0049,0.0,-0.0263,1.2064,1.2955,0.8842
45.75,9.8817,-0.4051,-0.1072,-0.0009,0.0049,0.0,-0.0263,1.2064,1.2955,0.8842
45.75,9.8817,-0.4051,-0.1072,-0.0009,0.0049,0.0,-0.0263,1.2064,1.2955,0.8842
45.783,9.8817,-0.4051,-0.1072,-0.0012,0.002,0.0,-0.0263,1.2064,1.2955,0.8842
45.783,9.8817,-0.4051,-0.1072,-0.0012,0.002,0.0,-0.0263,1.2064,1.2955,0.8842
45.8,9.8817,-0.4051,-0.1073,-0.0009,0.0001,0.0,-0.0263,1.2064,1.2955,0.8842
45.8,9.8817,-0.4051,-0.1073,-0.0009,0.0001,0.0,-0.0263,1.2064,1.2955,0.8842
45.8,9.8817,-0.4051,-0.1073,-0.0009,0.0001,0.0,-0.0263,1.2253,1.2955,0.8836
45.833,9.8817,-0.4051,-0.1073,-0.0006,-0.0023,0.0,-0.0263,1.2253,1.2955,0.8836
45.85,9.8817,-0.4051,-0.1073,-0.0005,-0.0006,0.0,-0.0263,1.2253,1.2955,0.8836
45.85,9.8817,-0.4051,-0.1073,-0.0005,-0.0006,0.0,-0.0263,1.2253,1.2955,0.8836
45.867,9.8817,-0.4051,-0.1073,-0.0005,-0.0012,0.0,-0.0263,1.2253,1.2955,0.8836
45.867,9.8817,-0.4051,-0.1073,-0.0005,-0.0012,0.0,-0.0263,1.2253,1.2955,0.8836
45.867,9.8817,-0.4051,-0.1073,-0.0005,-0.0012,0.0,-0.0263,1.2253,1.2955,0.8836
45.9,9.8817,-0.4051,-0.1073,-0.0005,-0.0005,0.0,-0.0263,1.2253,1.2955,0.8836
45.9,9.8817,-0.4051,-0.1073,-0.0005,-0.0005,0.0,-0.0263,1.2253,1.2955,0.8836
45.9,9.8817,-0.4051,-0.1073,-0.0005,-0.0005,0.0,-0.0263,1.2253,1.2955,0.8836
45.917,9.8817,-0.4051,-0.1073,-0.0005,-0.0005,0.0,-0.0263,1.2253,1.2955,0.8836
45.917,9.8817,-0.4051,-0.1073,-0.0005,-0.0005,0.0,-0.0263,1.2148,1.2955,0.8836
45.917,9.8817,-0.4051,-0.1073,-0.0005,-0.0005,0.0,-0.0263,1.2148,1.2955,0.8836
45.95,9.8816,-0.4051,-0.1073,-0.0011,0.0018,0.0,-0.0263,1.2148,1.2955,0.8836
45.967,9.8816,-0.4051,-0.1073,-0.0009,0.0016,0.0,-0.0263,1.2148,1.2955,0.8836
45.967,9.8816,-0.4051,-0.1073,-0.0009,0.0016,0.0,-0.0263,1.2148,1.2955,0.8836
45.967,9.8816,-0.4051,-0.1073,-0.0009,0.0016,0.0,-0.0263,1.2148,1.2955,0.8836
46.0,9.8816,-0.4051,-0.1073,-0.0009,0.0027,0.0,-0.0263,1.2148,1.2955,0.8836
46.017,9.8816,-0.4051,-0.1073,-0.0009,0.0039,0.0,-0.0263,1.2148,1.2955,0.8836
46.017,9.8816,-0.4051,-0.1073,-0.0009,0.0039,0.0,-0.0263,1.2117,1.2955,0.8836
46.033,9.8816,-0.4051,-0.1074,-0.0006,0.0032,0.0,-0.0263,1.2117,1.2962,0.8831
46.033,9.8816,-0.4051,-0.1074,-0.0006,0.0032,0.0,-0.0263,1.2117,1.2962,0.8831
46.033,9.8816,-0.4051,-0.1074,-0.0006,0.0032,0.0,-0.0263,1.2117,1.2962,0.8831
46.067,9.8816,-0.4051,-0.1074,-0.0009,-0.001,0.0,-0.0263,1.2117,1.2962,0.8831
46.067,9.8816,-0.4051,-0.1074,-0.0009,-0.001,0.0,-0.0263,1.2117,1.2962,0.8831
46.083,9.8816,-0.4051,-0.1074,-0.0008,-0.0026,0.0,-0.0263,1.2117,1.2962,0.8831
46.083,9.8816,-0.4051,-0.1074,-0.0008,-0.0026,0.0,-0.0263,1.2117,1.2962,0.8831
46.083,9.8816,-0.4051,-0.1074,-0.0008,-0.0026,0.0,-0.0263,1.2117,1.2962,0.8831
46.117,9.8816,-0.405,-0.1074,-0.0013,0.0049,0.0,-0.0263,1.2117,1.2962,0.8831
46.133,9.8816,-0.405,-0.1074,-0.0015,0.0046,0.0,-0.0263,1.2319,1.2962,0.8831
46.133,9.8816,-0.405,-0.1074,-0.0015,0.0046,0.0,-0.0263,1.2319,1.2962,0.8831
46.133,9.8816,-0.405,-0.1074,-0.0015,0.0046,0.0,-0.0263,1.2319,1.2962,0.8831
46.167,9.8815,-0.405,-0.1075,-0.0013,0.0041,0.0,-0.0263,1.2319,1.2962,0.8831
46.167,9.8815,-0.405,-0.1075,-0.0013,0.0041,0.0,-0.0263,1.2319,1.2962,0.8831
46.183,9.8815,-0.405,-0.1075,-0.0013,0.0122,0.0,-0.0263,1.2319,1.2962,0.8831
46.2,9.8815,-0.405,-0.1075,-0.0011,0.0033,0.0,-0.0263,1.2319,1.2962,0.8831
46.2,9.8815,-0.405,-0.1075,-0.0011,0.0033,0.0,-0.0263,1.2319,1.2962,0.8831
46.2,9.8815,-0.405,-0.1075,-0.0011,0.0033,0.0,-0.0263,1.214,1.2962,0.8831
46.233,9.8815,-0.405,-0.1075,-0.001,0.0041,0.0,-0.0263,1.214,1.2939,0.8824
46.233,9.8815,-0.405,-0.1075,-0.001,0.0041,0.0,-0.0263,1.214,1.2939,0.8824
46.25,9.8815,-0.405,-0.1075,-0.0009,0.0036,0.0,-0.0263,1.214,1.2939,0.8824
46.25,9.8815,-0.405,-0.1075,-0.0009,0.0036,0.0,-0.0263,1.214,1.2939,0.8824
46.283,9.8815,-0.405,-0.1075,-0.0009,-0.0001,0.0,-0.0263,1.214,1.2939,0.8824
46.283,9.8815,-0.405,-0.1075,-0.0009,-0.0001,0.0,-0.0263,1.214,1.2939,0.8824
46.3,9.8815,-0.405,-0.1075,-0.0009,-0.0011,0.0,-0.0263,1.214,1.2939,0.8824
46.3,9.8815,-0.405,-0.1075,-0.0009,-0.0011,0.0,-0.0263,1.214,1.2939,0.8824
46.3,9.8815,-0.405,-0.1075,-0.0009,-0.0011,0.0,-0.0263,1.2201,1.2939,0.8824
46.333,9.8814,-0.405,-0.1076,-0.0011,0.0005,0.0,-0.0263,1.2201,1.2939,0.8824
46.35,9.8814,-0.405,-0.1076,-0.0011,0.0035,0.0,-0.0263,1.2201,1.2939,0.8824
46.35,9.8814,-0.405,-0.1076,-0.0011,0.0035,0.0,-0.0263,1.2201,1.2939,0.8824
46.367,9.8814,-0.405,-0.1076,-0.0014,0.0066,0.0,-0.0263,1.2201,1.2939,0.8824
46.367,9.8814,-0.405,-0.1076,-0.0014,0.0066,0.0,-0.0263,1.2201,1.2939,0.8824
46.4,9.8814,-0.405,-0.1076,-0.0012,0.004,0.0,-0.0263,1.2201,1.2939,0.8824
46.4,9.8814,-0.405,-0.1076,-0.0012,0.004,0.0,-0.0263,1.2201,1.2939,0.8824
46.417,9.8814,-0.405,-0.1076,-0.001,0.0032,0.0,-0.0263,1.2201,1.2939,0.8824
46.417,9.8814,-0.405,-0.1076,-0.001,0.0032,0.0,-0.0263,1.2152,1.2944,0.8828
46.417,9.8814,-0.405,-0.1076,-0.001,0.0032,0.0,-0.0263,1.2152,1.2944,0.8828
46.45,9.8814,-0.405,-0.1077,-0.001,0.0042,0.0,-0.0263,1.2152,1.2944,0.8828
46.467,9.8814,-0.405,-0.1077,-0.001,0.0041,0.0,-0.0263,1.2152,1.2944,0.8828
46.467,9.8814,-0.405,-0.1077,-0.001,0.0041,0.0,-0.0263,1.2152,1.2944,0.8828
46.467,9.8814,-0.405,-0.1077,-0.001,0.0041,0.0,-0.0263,1.2152,1.2944,0.8828
46.5,9.8813,-0.405,-0.1077,-0.0011,0.0046,0.0,-0.0263,1.2152,1.2944,0.8828
46.5,9.8813,-0.405,-0.1077,-0.0011,0.0046,0.0,-0.0263,1.2152,1.2944,0.8828
46.517,9.8813,-0.405,-0.1077,-0.0001,-0.0026,0.0,-0.0263,1.2152,1.2944,0.8828
46.533,9.8813,-0.405,-0.1077,-0.0009,0.0012,0.0,-0.0263,1.24,1.2944,0.8828
46.533,9.8813,-0.405,-0.1077,-0.0009,0.0012,0.0,-0.0263,1.24,1.2944,0.8828
46.533,9.8813,-0.405,-0.1077,-0.0009,0.0012,0.0,-0.0263,1.24,1.2944,0.8828
46.567,9.8813,-0.405,-0.1077,-0.0009,-0.0003,0.0,-0.0263,1.24,1.2944,0.8828
46.567,9.8813,-0.405,-0.1077,-0.0009,-0.0003,0.0,-0.0263,1.24,1.2944,0.8828
46.583,9.8813,-0.405,-0.1077,-0.0013,0.0071,0.0,-0.0263,1.24,1.2944,0.8828
46.583,9.8813,-0.405,-0.1077,-0.0013,0.0071,0.0,-0.0263,1.24,1.2944,0.8828
46.583,9.8813,-0.405,-0.1077,-0.0013,0.0071,0.0,-0.0263,1.24,1.2944,0.8828
46.617,9.8813,-0.405,-0.1078,-0.0012,0.0033,0.0,-0.0263,1.24,1.2944,0.8828
46.633,9.8813,-0.405,-0.1078,-0.0012,0.0039,0.0,-0.0263,1.2003,1.294,0.8824
46.633,9.8813,-0.405,-0.1078,-0.0012,0.0039,0.0,-0.0263,1.2003,1.294,0.8824
46.633,9.8813,-0.405,-0.1078,-0.0012,0.0039,0.0,-0.0263,1.2003,1.294,0.8824
46.667,9.8812,-0.405,-0.1078,-0.001,0.004,0.0,-0.0263,1.2003,1.294,0.8824
46.667,9.8812,-0.405,-0.1078,-0.001,0.004,0.0,-0.0263,1.2003,1.294,0.8824
46.683,9.8812,-0.4049,-0.1078,-0.001,0.0043,0.0,-0.0263,1.2003,1.294,0.8824
46.7,9.8812,-0.4049,-0.1078,-0.0009,0.0039,0.0,-0.0263,1.2003,1.294,0.8824
46.7,9.8812,-0.4049,-0.1078,-0.0009,0.0039,0.0,-0.0263,1.2003,1.294,0.8824
46.7,9.8812,-0.4049,-0.1078,-0.0009,0.0039,0.0,-0.0263,1.2003,1.294,0.8824
46.733,9.8812,-0.4049,-0.1078,-0.0009,0.0046,0.0,-0.0263,1.2223,1.294,0.8824
46.733,9.8812,-0.4049,-0.1078,-0.0009,0.0046,0.0,-0.0263,1.2223,1.294,0.8824
46.75,9.8812,-0.4049,-0.1078,-0.0012,0.0027,0.0,-0.0263,1.2223,1.294,0.8824
46.75,9.8812,-0.4049,-0.1078,-0.0012,0.0027,0.0,-0.0263,1.2223,1.294,0.8824
46.75,9.8812,-0.4049,-0.1078,-0.0012,0.0027,0.0,-0.0263,1.2223,1.294,0.8824
46.783,9.8812,-0.4049,-0.1078,-0.0011,0.0032,0.0,-0.0263,1.2223,1.294,0.8824
46.8,9.8812,-0.4049,-0.1079,-0.0011,0.0032,0.0,-0.0263,1.2223,1.294,0.8824
46.8,9.8812,-0.4049,-0.1079,-0.0011,0.0032,0.0,-0.0263,1.2223,1.294,0.8824
46.8,9.8812,-0.4049,-0.1079,-0.0011,0.0032,0.0,-0.0263,1.2223,1.294,0.8824
46.833,9.8812,-0.4049,-0.1079,-0.0013,0.004,0.0,-0.0263,1.2533,1.2944,0.8819
46.833,9.8812,-0.4049,-0.1079,-0.0013,0.004,0.0,-0.0263,1.2533,1.2944,0.8819
46.85,9.8812,-0.4049,-0.1079,-0.0013,0.0018,0.0,-0.0263,1.2533,1.2944,0.8819
46.85,9.8812,-0.4049,-0.1079,-0.0013,0.0018,0.0,-0.0263,1.2533,1.2944,0.8819
46.867,9.8812,-0.4049,-0.1079,-0.0013,0.0025,0.0,-0.0263,1.2533,1.2944,0.8819
46.867,9.8812,-0.4049,-0.1079,-0.0013,0.0025,0.0,-0.0263,1.2533,1.2944,0.8819
46.9,9.8811,-0.4049,-0.1079,-0.0007,-0.0015,0.0,-0.0263,1.2533,1.2944,0.8819
46.9,9.8811,-0.4049,-0.1079,-0.0007,-0.0015,0.0,-0.0263,1.2533,1.2944,0.8819
46.917,9.8811,-0.4049,-0.1079,-0.0014,0.0061,0.0,-0.0263,1.2533,1.2944,0.8819
46.917,9.8811,-0.4049,-0.1079,-0.0014,0.0061,0.0,-0.0263,1.1999,1.2944,0.8819
46.917,9.8811,-0.4049,-0.1079,-0.0014,0.0061,0.0,-0.0263,1.1999,1.2944,0.8819
46.95,9.8811,-0.4049,-0.108,-0.0011,0.0032,0.0,-0.0263,1.1999,1.2944,0.8819
46.95,9.8811,-0.4049,-0.108,-0.0011,0.0032,0.0,-0.0263,1.1999,1.2944,0.8819
46.967,9.8811,-0.4049,-0.108,-0.0008,-0.002,0.0,-0.0263,1.1999,1.2944,0.8819
46.967,9.8811,-0.4049,-0.108,-0.0008,-0.002,0.0,-0.0263,1.1999,1.2944,0.8819
46.967,9.8811,-0.4049,-0.108,-0.0008,-0.002,0.0,-0.0263,1.1999,1.2944,0.8819
47.0,9.8811,-0.4049,-0.108,-0.0011,0.0041,0.0,-0.0263,1.1999,1.2944,0.8819
47.017,9.8811,-0.4049,-0.108,-0.001,0.0036,0.0,-0.0263,1.1999,1.2944,0.8819
47.017,9.8811,-0.4049,-0.108,-0.001,0.0036,0.0,-0.0263,1.2193,1.2939,0.8812
47.033,9.8811,-0.4049,-0.108,-0.001,0.0043,0.0,-0.0263,1.2193,1.2939,0.8812
47.033,9.8811,-0.4049,-0.108,-0.001,0.0043,0.0,-0.0263,1.2193,1.2939,0.8812
47.033,9.8811,-0.4049,-0.108,-0.001,0.0043,0.0,-0.0263,1.2193,1.2939,0.8812
47.067,9.881,-0.4049,-0.108,-0.0009,0.004,0.0,-0.0263,1.2193,1.2939,0.8812
47.083,9.881,-0.4049,-0.108,-0.0009,0.0036,0.0,-0.0263,1.2193,1.2939,0.8812
47.083,9.881,-0.4049,-0.108,-0.0009,0.0036,0.0,-0.0263,1.2193,1.2939,0.8812
47.083,9.881,-0.4049,-0.108,-0.0009,0.0036,0.0,-0.0263,1.2193,1.2939,0.8812
47.117,9.881,-0.4049,-0.108,-0.0008,0.0043,0.0,-0.0263,1.2193,1.2939,0.8812
47.117,9.881,-0.4049,-0.108,-0.0008,0.0043,0.0,-0.0263,1.2193,1.2939,0.8812
47.133,9.881,-0.4049,-0.1081,-0.0008,0.0043,0.0,-0.0263,1.2194,1.2939,0.8812
47.133,9.881,-0.4049,-0.1081,-0.0008,0.0043,0.0,-0.0263,1.2194,1.2939,0.8812
47.133,9.881,-0.4049,-0.1081,-0.0008,0.0043,0.0,-0.0263,1.2194,1.2939,0.8812
47.167,9.881,-0.4049,-0.1081,-0.001,0.0038,0.0,-0.0263,1.2194,1.2939,0.8812
47.183,9.881,-0.4049,-0.1081,-0.0013,0.0024,0.0,-0.0263,1.2194,1.2939,0.8812
47.183,9.881,-0.4049,-0.1081,-0.0013,0.0024,0.0,-0.0263,1.2194,1.2939,0.8812
47.2,9.881,-0.4049,-0.1081,-0.0012,0.0041,0.0,-0.0263,1.2194,1.2939,0.8812
47.2,9.881,-0.4049,-0.1081,-0.0012,0.0041,0.0,-0.0263,1.2194,1.2939,0.8812
47.2,9.881,-0.4049,-0.1081,-0.0012,0.0041,0.0,-0.0263,1.2194,1.2939,0.8812
47.233,9.881,-0.4049,-0.1081,-0.0014,0.0031,0.0,-0.0263,1.2083,1.2944,0.8816
47.233,9.881,-0.4049,-0.1081,-0.0014,0.0031,0.0,-0.0263,1.2083,1.2944,0.8816
47.25,9.881,-0.4049,-0.1081,-0.0011,0.0031,0.0,-0.0263,1.2083,1.2944,0.8816
47.25,9.881,-0.4049,-0.1081,-0.0011,0.0031,0.0,-0.0263,1.2083,1.2944,0.8816
47.25,9.881,-0.4049,-0.1081,-0.0011,0.0031,0.0,-0.0263,1.2083,1.2944,0.8816
47.283,9.8809,-0.4049,-0.1081,-0.0008,0.0015,0.0,-0.0263,1.2083,1.2944,0.8816
47.3,9.8809,-0.4049,-0.1082,-0.0004,-0.0019,0.0,-0.0263,1.2083,1.2944,0.8816
47.3,9.8809,-0.4049,-0.1082,-0.0004,-0.0019,0.0,-0.0263,1.2083,1.2944,0.8816
47.3,9.8809,-0.4049,-0.1082,-0.0004,-0.0019,0.0,-0.0263,1.2083,1.2944,0.8816
47.333,9.8809,-0.4049,-0.1082,-0.0006,-0.0021,0.0,-0.0263,1.2187,1.2944,0.8816
47.333,9.8809,-0.4049,-0.1082,-0.0006,-0.0021,0.0,-0.0263,1.2187,1.2944,0.8816
47.35,9.8809,-0.4049,-0.1082,-0.0008,0.0021,0.0,-0.0263,1.2187,1.2944,0.8816
47.367,9.8809,-0.4049,-0.1082,-0.0009,0.0036,0.0,-0.0263,1.2187,1.2944,0.8816
47.367,9.8809,-0.4049,-0.1082,-0.0009,0.0036,0.0,-0.0263,1.2187,1.2944,0.8816
47.367,9.8809,-0.4049,-0.1082,-0.0009,0.0036,0.0,-0.0263,1.2187,1.2944,0.8816
47.4,9.8809,-0.4048,-0.1082,-0.0009,0.0026,0.0,-0.0263,1.2187,1.2944,0.8816
47.417,9.8809,-0.4048,-0.1082,-0.0012,0.0036,0.0,-0.0263,1.2187,1.2944,0.8816
47.417,9.8809,-0.4048,-0.1082,-0.0012,0.0036,0.0,-0.0263,1.2317,1.2939,0.8816
47.417,9.8809,-0.4048,-0.1082,-0.0012,0.0036,0.0,-0.0263,1.2317,1.2939,0.8823
47.45,9.8809,-0.4048,-0.1082,-0.001,0.0034,0.0,-0.0263,1.2317,1.2939,0.8823
47.45,9.8809,-0.4048,-0.1082,-0.001,0.0034,0.0,-0.0263,1.2317,1.2939,0.8823
47.467,9.8809,-0.4048,-0.1082,-0.0009,0.0042,0.0,-0.0263,1.2317,1.2939,0.8823
47.467,9.8809,-0.4048,-0.1082,-0.0009,0.0042,0.0,-0.0263,1.2317,1.2939,0.8823
47.467,9.8809,-0.4048,-0.1082,-0.0009,0.0042,0.0,-0.0263,1.2317,1.2939,0.8823
47.5,9.8808,-0.4048,-0.1083,-0.0006,0.0033,0.0,-0.0263,1.2317,1.2939,0.8823
47.517,9.8808,-0.4048,-0.1083,-0.0001,0.0033,0.0263,0.0789,1.2317,1.2939,0.8823
47.517,9.8808,-0.4048,-0.1083,-0.0001,0.0033,0.0263,0.0789,1.2317,1.2939,0.8823
47.533,9.8808,-0.4048,-0.1083,-0.0011,0.0053,0.0263,0.0789,1.2129,1.2939,0.8823
47.533,9.8808,-0.4048,-0.1083,-0.0011,0.0053,0.0263,0.0789,1.2129,1.2939,0.8823
47.533,9.8808,-0.4048,-0.1083,-0.0011,0.0053,0.0263,0.0789,1.2129,1.2939,0.8823
47.567,9.8808,-0.4048,-0.1083,-0.001,-0.0004,0.0263,0.0789,1.2129,1.2939,0.8823
47.583,9.8808,-0.4048,-0.1083,-0.0011,0.0047,0.0263,0.0789,1.2129,1.2939,0.8823
47.583,9.8808,-0.4048,-0.1083,-0.0011,0.0047,0.0263,0.0789,1.2129,1.2939,0.8823
47.583,9.8808,-0.4048,-0.1083,-0.0011,0.0047,0.0263,0.0789,1.2129,1.2939,0.8823
47.617,9.8808,-0.4048,-0.1083,-0.0014,0.0029,0.0263,0.0789,1.2129,1.2939,0.8823
47.617,9.8808,-0.4048,-0.1083,-0.0014,0.0029,0.0263,0.0789,1.2105,1.2928,0.8823
47.633,9.881,-0.4049,-0.108,0.022,0.0124,0.0263,0.0789,1.2105,1.2928,0.8813
47.633,9.881,-0.4049,-0.108,0.022,0.0124,0.0263,0.0789,1.2105,1.2928,0.8813
47.633,9.881,-0.4049,-0.108,0.022,0.0124,0.0263,0.0789,1.2105,1.2928,0.8813
47.667,9.8818,-0.4051,-0.107,0.027,0.0278,0.0263,0.0789,1.2105,1.2928,0.8813
47.683,9.8823,-0.4053,-0.1064,0.0284,0.028,0.0263,0.0789,1.2105,1.2928,0.8813
47.683,9.8823,-0.4053,-0.1064,0.0284,0.028,0.0263,0.0789,1.2105,1.2928,0.8813
47.7,9.8828,-0.4054,-0.1058,0.0291,0.0274,0.0263,0.0789,1.2105,1.2928,0.8813
47.7,9.8828,-0.4054,-0.1058,0.0291,0.0274,0.0263,0.0789,1.2105,1.2928,0.8813
47.7,9.8828,-0.4054,-0.1058,0.0291,0.0274,0.0263,0.0789,1.2105,1.2928,0.8813
47.733,9.8837,-0.4057,-0.1047,0.0278,0.0298,0.0,-0.0263,1.2143,1.2928,0.8813
47.75,9.8841,-0.4058,-0.1041,0.0287,0.0389,0.0,-0.0263,1.2143,1.2928,0.8813
47.75,9.8841,-0.4058,-0.1041,0.0287,0.0389,0.0,-0.0263,1.2143,1.2928,0.8813
47.75,9.8841,-0.4058,-0.1041,0.0287,0.0389,0.0,-0.0263,1.2143,1.2928,0.8813
47.783,9.8851,-0.4061,-0.1029,0.0277,0.0336,0.0,-0.0263,1.2143,1.2928,0.8813
47.783,9.8851,-0.4061,-0.1029,0.0277,0.0336,0.0,-0.0263,1.2143,1.2928,0.8813
47.8,9.8855,-0.4062,-0.1024,0.028,0.0274,0.0,-0.0263,1.2143,1.2928,0.8813
47.8,9.8855,-0.4062,-0.1024,0.028,0.0274,0.0,-0.0263,1.2143,1.2928,0.8813
47.8,9.8855,-0.4062,-0.1024,0.028,0.0274,0.0,-0.0263,1.2071,1.2928,0.882
47.833,9.8865,-0.4065,-0.1012,0.0293,0.0293,0.0,-0.0263,1.2071,1.2922,0.882
47.833,9.8865,-0.4065,-0.1012,0.0293,0.0293,0.0,-0.0263,1.2071,1.2922,0.882
47.85,9.8869,-0.4067,-0.1006,0.0275,0.0323,0.0,-0.0263,1.2071,1.2922,0.882
47.867,9.8872,-0.4067,-0.1004,0.0065,-0.0005,0.0,-0.0263,1.2071,1.2922,0.882
47.867,9.8872,-0.4067,-0.1004,0.0065,-0.0005,0.0,-0.0263,1.2071,1.2922,0.882
47.867,9.8872,-0.4067,-0.1004,0.0065,-0.0005,0.0,-0.0263,1.2071,1.2922,0.882
47.9,9.8872,-0.4067,-0.1004,-0.0018,0.0098,0.0,-0.0263,1.2071,1.2922,0.882
47.9,9.8872,-0.4067,-0.1004,-0.0018,0.0098,0.0,-0.0263,1.2071,1.2922,0.882
47.917,9.8872,-0.4067,-0.1004,-0.0013,0.0016,0.0,-0.0263,1.2071,1.2922,0.882
47.917,9.8872,-0.4067,-0.1004,-0.0013,0.0016,0.0,-0.0263,1.2485,1.2922,0.882
47.917,9.8872,-0.4067,-0.1004,-0.0013,0.0016,0.0,-0.0263,1.2485,1.2922,0.882
47.95,9.8872,-0.4067,-0.1005,-0.0013,0.0035,0.0,-0.0263,1.2485,1.2922,0.882
47.967,9.8872,-0.4067,-0.1005,-0.0012,0.0033,0.0,-0.0263,1.2485,1.2922,0.882
47.967,9.8872,-0.4067,-0.1005,-0.0012,0.0033,0.0,-0.0263,1.2485,1.2922,0.882
47.967,9.8872,-0.4067,-0.1005,-0.0012,0.0033,0.0,-0.0263,1.2485,1.2922,0.882
48.0,9.8871,-0.4067,-0.1005,-0.0011,0.0033,0.0,-0.0263,1.2485,1.2922,0.882
48.0,9.8871,-0.4067,-0.1005,-0.0011,0.0033,0.0,-0.0263,1.2485,1.2922,0.882
48.017,9.8871,-0.4067,-0.1005,-0.0007,-0.0025,0.0,-0.0263,1.2485,1.2922,0.882
48.033,9.8871,-0.4067,-0.1005,-0.001,0.0039,0.0,-0.0263,1.2649,1.3064,0.8897
48.033,9.8871,-0.4067,-0.1005,-0.001,0.0039,0.0,-0.0263,1.2649,1.3064,0.8897
48.033,9.8871,-0.4067,-0.1005,-0.001,0.0039,0.0,-0.0263,1.2649,1.3064,0.8897
48.067,9.8871,-0.4067,-0.1005,-0.0006,-0.001,0.0,-0.0263,1.2649,1.3064,0.8897
48.067,9.8871,-0.4067,-0.1005,-0.0006,-0.001,0.0,-0.0263,1.2649,1.3064,0.8897
48.083,9.8871,-0.4067,-0.1005,-0.0006,0.0029,0.0,-0.0263,1.2649,1.3064,0.8897
48.083,9.8871,-0.4067,-0.1005,-0.0006,0.0029,0.0,-0.0263,1.2649,1.3064,0.8897
48.083,9.8871,-0.4067,-0.1005,-0.0006,0.0029,0.0,-0.0263,1.2649,1.3064,0.8897
48.117,9.8871,-0.4067,-0.1006,-0.001,0.0032,0.0,-0.0263,1.2649,1.3064,0.8897
48.133,9.8871,-0.4067,-0.1006,-0.001,0.0039,0.0,-0.0263,1.2259,1.3064,0.8897
48.133,9.8871,-0.4067,-0.1006,-0.001,0.0039,0.0,-0.0263,1.2259,1.3064,0.8897
48.133,9.8871,-0.4067,-0.1006,-0.001,0.0039,0.0,-0.0263,1.2259,1.3064,0.8897
48.167,9.8871,-0.4067,-0.1006,-0.0009,0.0036,0.0,-0.0263,1.2259,1.3064,0.8897
48.167,9.8871,-0.4067,-0.1006,-0.0009,0.0036,0.0,-0.0263,1.2259,1.3064,0.8897
48.183,9.8871,-0.4067,-0.1006,-0.0008,0.0034,0.0,-0.0263,1.2259,1.3064,0.8897
48.2,9.8871,-0.4067,-0.1006,-0.0008,0.004,0.0,-0.0263,1.2259,1.3064,0.8897
48.2,9.8871,-0.4067,-0.1006,-0.0008,0.004,0.0,-0.0263,1.2259,1.3064,0.8897
48.2,9.8871,-0.4067,-0.1006,-0.0008,0.004,0.0,-0.0263,1.2259,1.3064,0.8897
48.233,9.887,-0.4067,-0.1006,-0.0003,0.0041,0.0,-0.0263,1.2305,1.3115,0.8933
48.233,9.887,-0.4067,-0.1006,-0.0003,0.0041,0.0,-0.0263,1.2305,1.3115,0.8933
48.25,9.887,-0.4067,-0.1006,-0.0005,0.0038,0.0,-0.0263,1.2305,1.3115,0.8933
48.25,9.887,-0.4067,-0.1006,-0.0005,0.0038,0.0,-0.0263,1.2305,1.3115,0.8933
48.25,9.887,-0.4067,-0.1006,-0.0005,0.0038,0.0,-0.0263,1.2305,1.3115,0.8933
48.283,9.887,-0.4067,-0.1006,-0.0006,0.0044,0.0,-0.0263,1.2305,1.3115,0.8933
48.3,9.887,-0.4067,-0.1006,-0.001,0.0039,0.0,-0.0263,1.2305,1.3115,0.8933
48.3,9.887,-0.4067,-0.1006,-0.001,0.0039,0.0,-0.0263,1.2305,1.3115,0.8933
48.3,9.887,-0.4067,-0.1006,-0.001,0.0039,0.0,-0.0263,1.2305,1.3115,0.8933
48.333,9.887,-0.4067,-0.1007,-0.0008,0.005,0.0,-0.0263,1.2168,1.3115,0.8933
48.333,9.887,-0.4067,-0.1007,-0.0008,0.005,0.0,-0.0263,1.2168,1.3115,0.8933
48.35,9.887,-0.4067,-0.1007,-0.0013,0.0046,0.0,-0.0263,1.2168,1.3115,0.8933
48.367,9.887,-0.4067,-0.1007,-0.0014,0.0026,0.0,-0.0263,1.2168,1.3115,0.8933
48.367,9.887,-0.4067,-0.1007,-0.0014,0.0026,0.0,-0.0263,1.2168,1.3115,0.8933
48.367,9.887,-0.4067,-0.1007,-0.0014,0.0026,0.0,-0.0263,1.2168,1.3115,0.8933
48.4,9.887,-0.4066,-0.1007,-0.0013,0.0039,0.0,-0.0263,1.2168,1.3115,0.8933
48.4,9.887,-0.4066,-0.1007,-0.0013,0.0039,0.0,-0.0263,1.2168,1.3115,0.8933
48.417,9.887,-0.4066,-0.1007,-0.0006,-0.0028,0.0,-0.0263,1.2168,1.3115,0.8933
48.417,9.887,-0.4066,-0.1007,-0.0006,-0.0028,0.0,-0.0263,1.2442,1.3118,0.8944
48.417,9.887,-0.4066,-0.1007,-0.0006,-0.0028,0.0,-0.0263,1.2442,1.3118,0.8944
48.45,9.8869,-0.4066,-0.1008,-0.0013,0.0052,0.0,-0.0263,1.2442,1.3118,0.8944
48.467,9.8869,-0.4066,-0.1008,-0.0011,0.003,0.0,-0.0263,1.2442,1.3118,0.8944
48.467,9.8869,-0.4066,-0.1008,-0.0011,0.003,0.0,-0.0263,1.2442,1.3118,0.8944
48.467,9.8869,-0.4066,-0.1008,-0.0011,0.003,0.0,-0.0263,1.2442,1.3118,0.8944
48.5,9.8869,-0.4066,-0.1008,-0.0011,0.0039,0.0,-0.0263,1.2442,1.3118,0.8944
48.5,9.8869,-0.4066,-0.1008,-0.0011,0.0039,0.0,-0.0263,1.2442,1.3118,0.8944
48.517,9.8869,-0.4066,-0.1008,-0.001,0.0033,0.0,-0.0263,1.2442,1.3118,0.8944
48.533,9.8869,-0.4066,-0.1008,-0.001,0.004,0.0,-0.0263,1.2426,1.3118,0.8944
48.533,9.8869,-0.4066,-0.1008,-0.001,0.004,0.0,-0.0263,1.2426,1.3118,0.8944
48.533,9.8869,-0.4066,-0.1008,-0.001,0.004,0.0,-0.0263,1.2426,1.3118,0.8944
48.567,9.8869,-0.4066,-0.1008,-0.0009,0.0036,0.0,-0.0263,1.2426,1.3118,0.8944
48.567,9.8869,-0.4066,-0.1008,-0.0009,0.0036,0.0,-0.0263,1.2426,1.3118,0.8944
48.583,9.8869,-0.4066,-0.1008,-0.0008,0.004,0.0,-0.0263,1.2426,1.3118,0.8944
48.583,9.8869,-0.4066,-0.1008,-0.0008,0.004,0.0,-0.0263,1.2426,1.3118,0.8944
48.583,9.8869,-0.4066,-0.1008,-0.0008,0.004,0.0,-0.0263,1.2426,1.3118,0.8944
48.617,9.8869,-0.4066,-0.1008,-0.0007,0.0036,0.0,-0.0263,1.2426,1.3118,0.8944
48.633,9.8869,-0.4066,-0.1008,-0.0007,0.004,0.0,-0.0263,1.2401,1.3087,0.8926
48.633,9.8869,-0.4066,-0.1008,-0.0007,0.004,0.0,-0.0263,1.2401,1.3087,0.8926
48.633,9.8869,-0.4066,-0.1008,-0.0007,0.004,0.0,-0.0263,1.2401,1.3087,0.8926
48.667,9.8868,-0.4066,-0.1008,-0.0006,0.0026,0.0,-0.0263,1.2401,1.3087,0.8926
48.667,9.8868,-0.4066,-0.1008,-0.0006,0.0026,0.0,-0.0263,1.2401,1.3087,0.8926
48.667,9.8868,-0.4066,-0.1008,-0.0006,0.0026,0.0,-0.0263,1.2401,1.3087,0.8926
48.683,9.8868,-0.4066,-0.1009,-0.0007,0.005,0.0,-0.0263,1.2401,1.3087,0.8926
48.683,9.8868,-0.4066,-0.1009,-0.0007,0.005,0.0,-0.0263,1.2401,1.3087,0.8926
48.7,9.8868,-0.4066,-0.1009,-0.0006,0.0036,0.0,-0.0263,1.2401,1.3087,0.8926
48.7,9.8868,-0.4066,-0.1009,-0.0006,0.0036,0.0,-0.0263,1.2401,1.3087,0.8926
48.7,9.8868,-0.4066,-0.1009,-0.0006,0.0036,0.0,-0.0263,1.2284,1.3087,0.8926
48.733,9.8868,-0.4066,-0.1009,-0.0006,0.0042,0.0,-0.0263,1.2284,1.3087,0.8926
48.75,9.8868,-0.4066,-0.1009,-0.0004,0.0041,0.0,-0.0263,1.2284,1.3087,0.8926
48.75,9.8868,-0.4066,-0.1009,-0.0004,0.0041,0.0,-0.0263,1.2284,1.3087,0.8926
48.75,9.8868,-0.4066,-0.1009,-0.0004,0.0041,0.0,-0.0263,1.2284,1.3087,0.8926
48.783,9.8868,-0.4066,-0.1009,-0.0012,0.0053,0.0,-0.0263,1.2284,1.3087,0.8926
48.783,9.8868,-0.4066,-0.1009,-0.0012,0.0053,0.0,-0.0263,1.2284,1.3087,0.8926
48.8,9.8868,-0.4066,-0.1009,-0.0016,0.0079,0.0,-0.0263,1.2284,1.3087,0.8926
48.8,9.8868,-0.4066,-0.1009,-0.0016,0.0079,0.0,-0.0263,1.2284,1.3087,0.8926
48.833,9.8868,-0.4066,-0.1009,-0.0013,0.0037,0.0,-0.0263,1.2048,1.3111,0.8932
48.833,9.8868,-0.4066,-0.1009,-0.0013,0.0037,0.0,-0.0263,1.2048,1.3111,0.8932
48.85,9.8868,-0.4066,-0.101,-0.0013,0.0041,0.0,-0.0263,1.2048,1.3111,0.8932
48.85,9.8868,-0.4066,-0.101,-0.0013,0.0041,0.0,-0.0263,1.2048,1.3111,0.8932
48.867,9.8868,-0.4066,-0.101,-0.0011,0.0032,0.0,-0.0263,1.2048,1.3111,0.8932
48.867,9.8868,-0.4066,-0.101,-0.0011,0.0032,0.0,-0.0263,1.2048,1.3111,0.8932
48.867,9.8868,-0.4066,-0.101,-0.0011,0.0032,0.0,-0.0263,1.2048,1.3111,0.8932
48.9,9.8867,-0.4066,-0.101,-0.0011,0.0042,0.0,-0.0263,1.2048,1.3111,0.8932
48.917,9.8867,-0.4066,-0.101,-0.001,0.0034,0.0,-0.0263,1.2048,1.3111,0.8932
48.917,9.8867,-0.4066,-0.101,-0.001,0.0034,0.0,-0.0263,1.2087,1.3111,0.8932
48.917,9.8867,-0.4066,-0.101,-0.001,0.0034,0.0,-0.0263,1.2087,1.3111,0.8932
48.95,9.8867,-0.4066,-0.101,-0.0009,0.0045,0.0,-0.0263,1.2087,1.3111,0.8932
48.95,9.8867,-0.4066,-0.101,-0.0009,0.0045,0.0,-0.0263,1.2087,1.3111,0.8932
48.967,9.8867,-0.4066,-0.101,-0.0008,0.0036,0.0,-0.0263,1.2087,1.3111,0.8932
48.967,9.8867,-0.4066,-0.101,-0.0008,0.0036,0.0,-0.0263,1.2087,1.3111,0.8932
48.967,9.8867,-0.4066,-0.101,-0.0008,0.0036,0.0,-0.0263,1.2087,1.3111,0.8932
49.0,9.8867,-0.4066,-0.101,-0.0008,0.0043,0.0,-0.0263,1.2087,1.3111,0.8932
49.017,9.8867,-0.4066,-0.101,-0.001,0.0034,0.0,-0.0263,1.2087,1.3111,0.8932
49.017,9.8867,-0.4066,-0.101,-0.001,0.0034,0.0,-0.0263,1.2472,1.3105,0.8932
49.033,9.8867,-0.4066,-0.101,-0.0008,0.0027,0.0,-0.0263,1.2472,1.3105,0.8932
49.033,9.8867,-0.4066,-0.101,-0.0008,0.0027,0.0,-0.0263,1.2472,1.3105,0.8932
49.033,9.8867,-0.4066,-0.101,-0.0008,0.0027,0.0,-0.0263,1.2472,1.3105,0.8932
49.067,9.8867,-0.4066,-0.1011,-0.0007,0.0028,0.0,-0.0263,1.2472,1.3105,0.8932
49.083,9.8867,-0.4066,-0.1011,-0.0013,0.0058,0.0,-0.0263,1.2472,1.3105,0.8932
49.083,9.8867,-0.4066,-0.1011,-0.0013,0.0058,0.0,-0.0263,1.2472,1.3105,0.8932
49.083,9.8867,-0.4066,-0.1011,-0.0013,0.0058,0.0,-0.0263,1.2472,1.3105,0.8932
49.083,9.8867,-0.4066,-0.1011,-0.0013,0.0058,0.0,-0.0263,1.2472,1.3105,0.8932
49.117,9.8866,-0.4065,-0.1011,-0.0013,0.0015,0.0,-0.0263,1.2472,1.3105,0.8932
49.133,9.8866,-0.4065,-0.1011,-0.0015,0.0075,0.0,-0.0263,1.2372,1.3105,0.8932
49.133,9.8866,-0.4065,-0.1011,-0.0015,0.0075,0.0,-0.0263,1.2372,1.3105,0.8932
49.133,9.8866,-0.4065,-0.1011,-0.0015,0.0075,0.0,-0.0263,1.2372,1.3105,0.8932
49.167,9.8866,-0.4065,-0.1012,-0.0012,0.0034,0.0,-0.0263,1.2372,1.3105,0.8932
49.167,9.8866,-0.4065,-0.1012,-0.0012,0.0034,0.0,-0.0263,1.2372,1.3105,0.8932
49.183,9.8866,-0.4065,-0.1012,-0.0012,0.0039,0.0,-0.0263,1.2372,1.3105,0.8932
49.2,9.8866,-0.4065,-0.1012,-0.0011,0.0036,0.0,-0.0263,1.2372,1.3105,0.8932
49.2,9.8866,-0.4065,-0.1012,-0.0011,0.0036,0.0,-0.0263,1.2372,1.3105,0.8932
49.2,9.8866,-0.4065,-0.1012,-0.0011,0.0036,0.0,-0.0263,1.2311,1.3105,0.8932
49.233,9.8866,-0.4065,-0.1012,-0.001,0.004,0.0,-0.0263,1.2311,1.3105,0.8928
49.25,9.8865,-0.4065,-0.1012,-0.0009,0.0035,0.0,-0.0263,1.2311,1.3105,0.8928
49.25,9.8865,-0.4065,-0.1012,-0.0009,0.0035,0.0,-0.0263,1.2311,1.3105,0.8928
49.25,9.8865,-0.4065,-0.1012,-0.0009,0.0035,0.0,-0.0263,1.2311,1.3105,0.8928
49.25,9.8865,-0.4065,-0.1012,-0.0009,0.0035,0.0,-0.0263,1.2311,1.3105,0.8928
49.283,9.8865,-0.4065,-0.1012,-0.0009,0.0042,0.0,-0.0263,1.2311,1.3105,0.8928
49.3,9.8865,-0.4065,-0.1012,-0.0008,0.0035,0.0,-0.0263,1.2311,1.3105,0.8928
49.3,9.8865,-0.4065,-0.1012,-0.0008,0.0035,0.0,-0.0263,1.2311,1.3105,0.8928
49.3,9.8865,-0.4065,-0.1012,-0.0008,0.0035,0.0,-0.0263,1.2311,1.3105,0.8928
49.333,9.8865,-0.4065,-0.1012,-0.0008,0.0033,0.0,-0.0263,1.2224,1.3105,0.8928
49.35,9.8865,-0.4065,-0.1012,-0.0002,0.0012,0.0,-0.0263,1.2224,1.3105,0.8928
49.35,9.8865,-0.4065,-0.1012,-0.0002,0.0012,0.0,-0.0263,1.2224,1.3105,0.8928
49.367,9.8865,-0.4065,-0.1013,-0.0011,0.0033,0.0,-0.0263,1.2224,1.3105,0.8928
49.367,9.8865,-0.4065,-0.1013,-0.0011,0.0033,0.0,-0.0263,1.2224,1.3105,0.8928
49.367,9.8865,-0.4065,-0.1013,-0.0011,0.0033,0.0,-0.0263,1.2224,1.3105,0.8928
49.4,9.8865,-0.4065,-0.1013,-0.0014,0.0042,0.0,-0.0263,1.2224,1.3105,0.8928
49.417,9.8865,-0.4065,-0.1013,-0.0012,0.0034,0.0,-0.0263,1.2224,1.3105,0.8928
49.417,9.8865,-0.4065,-0.1013,-0.0012,0.0034,0.0,-0.0263,1.2403,1.3105,0.8921
49.417,9.8865,-0.4065,-0.1013,-0.0012,0.0034,0.0,-0.0263,1.2403,1.3103,0.8921
49.45,9.8864,-0.4065,-0.1013,-0.0011,0.0039,0.0,-0.0263,1.2403,1.3103,0.8921
49.45,9.8864,-0.4065,-0.1013,-0.0011,0.0039,0.0,-0.0263,1.2403,1.3103,0.8921
49.467,9.8864,-0.4065,-0.1013,-0.0011,0.0037,0.0,-0.0263,1.2403,1.3103,0.8921
49.467,9.8864,-0.4065,-0.1013,-0.0011,0.0037,0.0,-0.0263,1.2403,1.3103,0.8921
49.467,9.8864,-0.4065,-0.1013,-0.0011,0.0037,0.0,-0.0263,1.2403,1.3103,0.8921
49.5,9.8864,-0.4065,-0.1014,-0.001,0.004,0.0,-0.0263,1.2403,1.3103,0.8921
49.517,9.8864,-0.4065,-0.1014,-0.001,0.0033,0.0,-0.0263,1.2403,1.3103,0.8921
49.517,9.8864,-0.4065,-0.1014,-0.001,0.0033,0.0,-0.0263,1.2364,1.3103,0.8921
49.533,9.8864,-0.4065,-0.1014,-0.0013,0.0061,0.0,-0.0263,1.2364,1.3103,0.8921
49.533,9.8864,-0.4065,-0.1014,-0.0013,0.0061,0.0,-0.0263,1.2364,1.3103,0.8921
49.567,9.8864,-0.4065,-0.1014,-0.001,0.0032,0.0,-0.0263,1.2364,1.3103,0.8921
49.567,9.8864,-0.4065,-0.1014,-0.001,0.0032,0.0,-0.0263,1.2364,1.3103,0.8921
49.583,9.8864,-0.4065,-0.1014,-0.001,0.0042,0.0,-0.0263,1.2364,1.3103,0.8921
49.583,9.8864,-0.4065,-0.1014,-0.001,0.0042,0.0,-0.0263,1.2364,1.3103,0.8921
49.583,9.8864,-0.4065,-0.1014,-0.001,0.0042,0.0,-0.0263,1.2364,1.3103,0.8921
49.583,9.8864,-0.4065,-0.1014,-0.001,0.0042,0.0,-0.0263,1.2364,1.3103,0.8921
49.617,9.8864,-0.4065,-0.1014,-0.001,0.0048,0.0,-0.0263,1.2364,1.3103,0.8921
49.617,9.8864,-0.4065,-0.1014,-0.001,0.0048,0.0,-0.0263,1.2332,1.3089,0.892
49.633,9.8863,-0.4065,-0.1014,-0.001,0.0041,0.0,-0.0789,1.2332,1.3089,0.892
49.633,9.8863,-0.4065,-0.1014,-0.001,0.0041,0.0,-0.0789,1.2332,1.3089,0.892
49.633,9.8863,-0.4065,-0.1014,-0.001,0.0041,0.0,-0.0789,1.2332,1.3089,0.892
49.667,9.8863,-0.4065,-0.1015,-0.0011,0.0049,0.0,-0.0789,1.2332,1.3089,0.892
49.683,9.8863,-0.4065,-0.1015,-0.0017,0.0083,0.0,-0.0789,1.2332,1.3089,0.892
49.683,9.8863,-0.4065,-0.1015,-0.0017,0.0083,0.0,-0.0789,1.2332,1.3089,0.892
49.7,9.8863,-0.4064,-0.1015,-0.0015,0.0034,0.0,-0.0789,1.2332,1.3089,0.892
49.7,9.8863,-0.4064,-0.1015,-0.0015,0.0034,0.0,-0.0789,1.2332,1.3089,0.892
49.7,9.8863,-0.4064,-0.1015,-0.0015,0.0034,0.0,-0.0789,1.2418,1.3089,0.892
49.733,9.8863,-0.4064,-0.1015,-0.0012,0.0044,0.0,-0.0789,1.2418,1.3089,0.892
49.75,9.8863,-0.4064,-0.1015,-0.0011,0.0038,0.0,-0.0789,1.2418,1.3089,0.892
49.75,9.8863,-0.4064,-0.1015,-0.0011,0.0038,0.0,-0.0789,1.2418,1.3089,0.892
49.75,9.8863,-0.4064,-0.1015,-0.0011,0.0038,0.0,-0.0789,1.2418,1.3089,0.892
49.783,9.8862,-0.4064,-0.1018,0.0002,-0.0276,0.0,-0.0789,1.2418,1.3089,0.892
49.8,9.8862,-0.4064,-0.1019,-0.0039,-0.0219,0.0,-0.0789,1.2418,1.3089,0.892
49.8,9.8862,-0.4064,-0.1019,-0.0039,-0.0219,0.0,-0.0789,1.2418,1.3089,0.892
49.8,9.8862,-0.4064,-0.1019,-0.0039,-0.0219,0.0,-0.0789,1.2418,1.3089,0.892
49.833,9.8861,-0.4063,-0.1023,-0.0023,-0.0107,0.0,-0.0789,1.2315,1.3084,0.8922
49.833,9.8861,-0.4063,-0.1023,-0.0023,-0.0107,0.0,-0.0789,1.2315,1.3084,0.8922
49.85,9.886,-0.4063,-0.1024,-0.0024,-0.009,0.0,-0.0789,1.2315,1.3084,0.8922
49.867,9.886,-0.4062,-0.1026,-0.0038,-0.0049,0.0,-0.0789,1.2315,1.3084,0.8922
49.867,9.886,-0.4062,-0.1026,-0.0038,-0.0049,0.0,-0.0789,1.2315,1.3084,0.8922
49.867,9.886,-0.4062,-0.1026,-0.0038,-0.0049,0.0,-0.0789,1.2315,1.3084,0.8922
49.9,9.8859,-0.4061,-0.1031,-0.0042,0.0002,0.0,-0.0789,1.2315,1.3084,0.8922
49.9,9.8859,-0.4061,-0.1031,-0.0042,0.0002,0.0,-0.0263,1.2315,1.3084,0.8922
49.917,9.8858,-0.4061,-0.1033,-0.002,-0.0234,0.0,-0.0263,1.2315,1.3084,0.8922
49.917,9.8858,-0.4061,-0.1033,-0.002,-0.0234,0.0,-0.0263,1.2336,1.3084,0.8922
49.917,9.8858,-0.4061,-0.1033,-0.002,-0.0234,0.0,-0.0263,1.2336,1.3084,0.8922
49.95,9.8858,-0.406,-0.1039,-0.0031,-0.0053,0.0,-0.0263,1.2336,1.3084,0.8922
49.967,9.8857,-0.406,-0.1039,-0.0056,-0.0159,0.0,-0.0263,1.2336,1.3084,0.8922
49.967,9.8857,-0.406,-0.1039,-0.0056,-0.0159,0.0,-0.0263,1.2336,1.3084,0.8922
49.967,9.8857,-0.406,-0.1039,-0.0056,-0.0159,0.0,-0.0263,1.2336,1.3084,0.8922
50.0,9.8856,-0.4059,-0.1042,-0.0063,-0.0054,0.0,-0.0263,1.2336,1.3084,0.8922
50.0,9.8856,-0.4059,-0.1042,-0.0063,-0.0054,0.0,-0.0263,1.2336,1.3084,0.8922
50.017,9.8855,-0.4059,-0.1043,-0.0025,-0.0181,0.0,-0.0263,1.2336,1.3084,0.8922
50.033,9.8855,-0.4059,-0.1046,-0.0011,-0.0152,0.0,-0.0263,1.2157,1.3081,0.8914
50.033,9.8855,-0.4059,-0.1046,-0.0011,-0.0152,0.0,-0.0263,1.2157,1.3081,0.8914
50.033,9.8855,-0.4059,-0.1046,-0.0011,-0.0152,0.0,-0.0263,1.2157,1.3081,0.8914
50.067,9.8854,-0.4059,-0.1047,-0.0008,-0.0024,0.0,-0.0263,1.2157,1.3081,0.8914
50.083,9.8854,-0.4059,-0.1047,-0.001,0.0026,0.0,-0.0263,1.2157,1.3081,0.8914
50.083,9.8854,-0.4059,-0.1047,-0.001,0.0026,0.0,-0.0263,1.2157,1.3081,0.8914
50.083,9.8854,-0.4059,-0.1047,-0.001,0.0026,0.0,-0.0263,1.2157,1.3081,0.8914
50.117,9.8854,-0.4058,-0.1047,-0.0012,0.0028,0.0,-0.0263,1.2157,1.3081,0.8914
50.117,9.8854,-0.4058,-0.1047,-0.0012,0.0028,0.0,-0.0263,1.2157,1.3081,0.8914
50.133,9.8854,-0.4058,-0.1047,-0.0012,0.0056,0.0,-0.0263,1.2244,1.3081,0.8914
50.133,9.8854,-0.4058,-0.1047,-0.0012,0.0056,0.0,-0.0263,1.2244,1.3081,0.8914
50.133,9.8854,-0.4058,-0.1047,-0.0012,0.0056,0.0,-0.0263,1.2244,1.3081,0.8914
50.167,9.8854,-0.4058,-0.1047,-0.0009,0.0032,0.0,-0.0263,1.2244,1.3081,0.8914
50.183,9.8854,-0.4058,-0.1047,-0.0009,0.0048,0.0,-0.0263,1.2244,1.3081,0.8914
50.183,9.8854,-0.4058,-0.1047,-0.0009,0.0048,0.0,-0.0263,1.2244,1.3081,0.8914
50.2,9.8853,-0.4058,-0.1047,-0.0009,0.0038,0.0,-0.0263,1.2244,1.3081,0.8914
50.2,9.8853,-0.4058,-0.1047,-0.0009,0.0038,0.0,-0.0263,1.2244,1.3081,0.8914
50.233,9.8853,-0.4058,-0.1047,-0.0008,0.0045,0.0,-0.0263,1.2395,1.3081,0.8871
50.233,9.8853,-0.4058,-0.1047,-0.0008,0.0045,0.0,-0.0263,1.2395,1.3026,0.8871
50.25,9.8853,-0.4058,-0.1048,-0.0008,0.0041,0.0,-0.0263,1.2395,1.3026,0.8871
50.25,9.8853,-0.4058,-0.1048,-0.0008,0.0041,0.0,-0.0263,1.2395,1.3026,0.8871
50.25,9.8853,-0.4058,-0.1048,-0.0008,0.0041,0.0,-0.0263,1.2395,1.3026,0.8871
50.283,9.8853,-0.4058,-0.1048,-0.0008,0.0047,0.0,-0.0263,1.2395,1.3026,0.8871
50.283,9.8853,-0.4058,-0.1048,-0.0008,0.0047,0.0,-0.0263,1.2395,1.3026,0.8871
50.3,9.8853,-0.4058,-0.1048,-0.0006,0.0037,0.0,-0.0263,1.2395,1.3026,0.8871
50.3,9.8853,-0.4058,-0.1048,-0.0006,0.0037,0.0,-0.0263,1.2395,1.3026,0.8871
50.333,9.8853,-0.4058,-0.1048,0.0001,0.0038,0.0,-0.0263,1.2355,1.3026,0.8871
50.333,9.8853,-0.4058,-0.1048,0.0001,0.0038,0.0,-0.0263,1.2355,1.3026,0.8871
50.333,9.8853,-0.4058,-0.1048,0.0001,0.0038,0.0,-0.0263,1.2355,1.3026,0.8871
50.35,9.8853,-0.4058,-0.1048,-0.0009,0.0026,0.0,-0.0263,1.2355,1.3026,0.8871
50.35,9.8853,-0.4058,-0.1048,-0.0009,0.0026,0.0,-0.0263,1.2355,1.3026,0.8871
50.367,9.8853,-0.4058,-0.1048,-0.0013,0.004,0.0,-0.0263,1.2355,1.3026,0.8871
50.367,9.8853,-0.4058,-0.1048,-0.0013,0.004,0.0,-0.0263,1.2355,1.3026,0.8871
50.367,9.8853,-0.4058,-0.1048,-0.0013,0.004,0.0,-0.0263,1.2355,1.3026,0.8871
50.4,9.8853,-0.4058,-0.1048,-0.0011,0.0031,0.0,-0.0263,1.2355,1.3026,0.8871
50.417,9.8853,-0.4058,-0.1048,-0.0012,0.0042,0.0,-0.0263,1.2355,1.3026,0.8871
50.417,9.8853,-0.4058,-0.1048,-0.0012,0.0042,0.0,-0.0263,1.2155,1.3006,0.8858
50.417,9.8853,-0.4058,-0.1048,-0.0012,0.0042,0.0,-0.0263,1.2155,1.3006,0.8858
50.45,9.8852,-0.4058,-0.1049,-0.001,0.0038,0.0,-0.0263,1.2155,1.3006,0.8858
50.45,9.8852,-0.4058,-0.1049,-0.001,0.0038,0.0,-0.0263,1.2155,1.3006,0.8858
50.467,9.8852,-0.4058,-0.1049,-0.001,0.0036,0.0,-0.0263,1.2155,1.3006,0.8858
50.467,9.8852,-0.4058,-0.1049,-0.001,0.0036,0.0,-0.0263,1.2155,1.3006,0.8858
50.467,9.8852,-0.4058,-0.1049,-0.001,0.0036,0.0,-0.0263,1.2155,1.3006,0.8858
50.5,9.8852,-0.4058,-0.1049,-0.0011,0.0039,0.0,-0.0263,1.2155,1.3006,0.8858
50.517,9.8852,-0.4058,-0.1049,-0.001,0.0024,0.0,-0.0263,1.2155,1.3006,0.8858
50.517,9.8852,-0.4058,-0.1049,-0.001,0.0024,0.0,-0.0263,1.2103,1.3006,0.8858
50.533,9.8852,-0.4058,-0.1049,-0.0009,0.0031,0.0,-0.0263,1.2103,1.3006,0.8858
50.533,9.8852,-0.4058,-0.1049,-0.0009,0.0031,0.0,-0.0263,1.2103,1.3006,0.8858
50.533,9.8852,-0.4058,-0.1049,-0.0009,0.0031,0.0,-0.0263,1.2103,1.3006,0.8858
50.567,9.8852,-0.4058,-0.1049,-0.0012,0.0035,0.0,-0.0263,1.2103,1.3006,0.8858
