t,x,y,yaw,odom_vx,odom_wz,cmd_vx,cmd_wz,scan_ahead,us_left,us_right
10.367,0.0022,-0.0,0.0,0.0001,-0.0005,0.0,0.0,2.6213,1.5,1.5
10.367,0.0022,-0.0,0.0,0.0001,-0.0005,0.0,0.0,2.6213,1.5,1.5
10.4,0.0022,0.0,0.0,0.0001,0.0004,0.125,-0.0263,2.6213,1.5,1.5
10.4,0.0022,0.0,0.0,0.0001,0.0004,0.2105,-0.0263,2.6213,1.5,1.5
10.417,0.0022,0.0,0.0,0.0001,0.0004,0.2105,-0.0263,2.6213,1.5,1.5
10.417,0.0022,0.0,0.0,0.0001,0.0004,0.2105,-0.0263,2.6152,1.5,1.5
10.417,0.0022,0.0,0.0,0.0001,0.0004,0.2105,-0.0263,2.6152,1.5,1.5
10.45,0.0022,-0.0,0.0,0.0001,-0.0005,0.2105,-0.0263,2.6152,1.5,1.5
10.467,0.0044,-0.0,0.0,0.0932,-0.0104,0.2105,-0.0263,2.6152,1.5,1.5
10.467,0.0044,-0.0,0.0,0.0932,-0.0104,0.2105,-0.0263,2.6152,1.5,1.5
10.467,0.0044,-0.0,0.0,0.0932,-0.0104,0.2105,-0.0263,2.6152,1.5,1.5
10.5,0.0066,-0.0001,0.0,0.1381,0.0048,0.2105,-0.0263,2.6152,1.5,1.5
10.5,0.0066,-0.0001,0.0,0.1381,0.0048,0.2105,-0.0263,2.6152,1.5,1.5
10.517,0.0126,-0.0001,0.0,0.2011,-0.001,0.2105,-0.0263,2.6152,1.5,1.5
10.533,0.0161,-0.0001,0.0,0.2086,0.0066,0.3355,-0.0263,2.6062,1.5,1.5
10.533,0.0161,-0.0001,0.0,0.2086,0.0066,0.3421,-0.0263,2.6062,1.5,1.5
10.533,0.0161,-0.0001,0.0,0.2086,0.0066,0.4671,-0.0263,2.6062,1.5,1.5
10.567,0.0196,-0.0001,0.0,0.2102,0.0053,0.4737,-0.0263,2.6062,1.5,1.5
10.567,0.0196,-0.0001,0.0,0.2102,0.0053,0.4737,-0.0263,2.6062,1.5,1.5
10.583,0.0266,-0.0,0.0,0.2106,0.0046,0.5,-0.0263,2.6062,1.5,1.5
10.583,0.0266,-0.0,0.0,0.2106,0.0046,0.5,-0.0263,2.6062,1.5,1.5
10.583,0.0266,-0.0,0.0,0.2106,0.0046,0.5,-0.0263,2.6062,1.5,1.5
10.617,0.0307,-0.0001,0.0,0.2563,0.0122,0.5,-0.0263,2.6062,1.5,1.5
10.633,0.0414,-0.0002,0.0015,0.3539,0.0067,0.5,-0.0263,2.6204,1.5,1.5
10.633,0.0414,-0.0002,0.0015,0.3539,0.0067,0.5,-0.0263,2.6204,1.5,1.5
10.633,0.0414,-0.0002,0.0015,0.3539,0.0067,0.5,-0.0263,2.6204,1.5,1.5
10.667,0.048,-0.0003,0.0022,0.4046,0.0161,0.5,-0.0263,2.6204,1.5,1.5
10.667,0.048,-0.0003,0.0022,0.4046,0.0161,0.5,-0.0263,2.6204,1.5,1.5
10.683,0.0632,-0.0005,0.0035,0.4794,0.0384,0.5,-0.0263,2.6204,1.5,1.5
10.7,0.0713,-0.0005,0.004,0.4938,0.0331,0.5,-0.0263,2.6204,1.5,1.5
10.7,0.0713,-0.0005,0.004,0.4938,0.0331,0.5,-0.0263,2.6204,1.5,1.5
10.7,0.0713,-0.0005,0.004,0.4938,0.0331,0.5,-0.0263,2.6204,1.5,1.5
10.733,0.0796,-0.0005,0.0044,0.4992,0.0275,0.5,-0.0263,2.6204,1.5,1.5
10.733,0.0796,-0.0005,0.0044,0.4992,0.0275,0.5,-0.0263,2.6204,1.5,1.5
10.75,0.0963,-0.0005,0.0049,0.5005,0.0196,0.5,-0.0263,2.6204,1.5,1.5
10.75,0.0963,-0.0005,0.0049,0.5005,0.0196,0.5,-0.0263,2.6204,1.5,1.5
10.75,0.0963,-0.0005,0.0049,0.5005,0.0196,0.5,-0.0263,2.6204,1.5,1.5
10.783,0.1046,-0.0005,0.0052,0.5006,0.0202,0.5,-0.0263,2.6204,1.5,1.5
10.8,0.1213,-0.0005,0.0056,0.5009,0.0172,0.5,-0.0263,2.6204,1.5,1.5
10.8,0.1213,-0.0005,0.0056,0.5009,0.0172,0.5,-0.0263,2.6204,1.5,1.5
10.8,0.1213,-0.0005,0.0056,0.5009,0.0172,0.5,-0.0263,2.6204,1.5,1.5
10.833,0.1297,-0.0005,0.0058,0.5008,0.0157,0.5,-0.0263,2.5355,1.5,1.5
10.833,0.1297,-0.0005,0.0058,0.5008,0.0157,0.5,-0.0263,2.5355,1.5,1.5
10.85,0.1464,-0.0004,0.0061,0.5007,0.0138,0.5,-0.0263,2.5355,1.5,1.5
10.867,0.1547,-0.0004,0.0061,0.5008,0.0132,0.5,-0.0263,2.5355,1.5,1.5
10.867,0.1547,-0.0004,0.0061,0.5008,0.0132,0.5,-0.0263,2.5355,1.5,1.5
10.867,0.1547,-0.0004,0.0061,0.5008,0.0132,0.5,-0.0263,2.5355,1.5,1.5
10.9,0.1631,-0.0004,0.0062,0.5008,0.0127,0.5,-0.0263,2.5355,1.5,1.5
10.9,0.1631,-0.0004,0.0062,0.5008,0.0127,0.5,-0.0263,2.5355,1.5,1.5
10.917,0.1798,-0.0003,0.0064,0.5007,0.0114,0.4737,-0.0263,2.5355,1.5,1.5
10.917,0.1798,-0.0003,0.0064,0.5007,0.0114,0.4737,-0.0263,2.5807,1.5,1.5
10.917,0.1798,-0.0003,0.0064,0.5007,0.0114,0.4737,-0.0263,2.5807,1.5,1.5
10.95,0.1881,-0.0002,0.0064,0.5007,0.0092,0.4737,-0.0263,2.5807,1.5,1.5
10.967,0.2048,-0.0001,0.0065,0.5008,0.0087,0.5,-0.0263,2.5807,1.5,1.5
10.967,0.2048,-0.0001,0.0065,0.5008,0.0087,0.5,-0.0263,2.5807,1.5,1.5
10.967,0.2048,-0.0001,0.0065,0.5008,0.0087,0.5,-0.0263,2.5807,1.5,1.5
11.0,0.2131,-0.0001,0.0064,0.5006,0.0074,0.5,-0.0263,2.5807,1.5,1.5
11.0,0.2131,-0.0001,0.0064,0.5006,0.0074,0.5,-0.0263,2.5807,1.5,1.5
11.017,0.2296,0.0,0.0064,0.4796,0.0056,0.5,-0.0263,2.5807,1.5,1.5
11.033,0.2376,0.0001,0.0063,0.4752,0.0036,0.5,-0.0263,2.5576,1.5,1.5
11.033,0.2376,0.0001,0.0063,0.4752,0.0036,0.5,-0.0263,2.5576,1.5,1.5
11.033,0.2376,0.0001,0.0063,0.4752,0.0036,0.5,-0.0263,2.5576,1.5,1.5
11.067,0.2455,0.0002,0.0063,0.4742,0.0026,0.5,-0.0263,2.5576,1.5,1.5
11.083,0.2619,0.0003,0.006,0.499,0.0012,0.5,-0.0263,2.5576,1.5,1.5
11.083,0.2619,0.0003,0.006,0.499,0.0012,0.5,-0.0263,2.5576,1.5,1.5
11.083,0.2619,0.0003,0.006,0.499,0.0012,0.5,-0.0263,2.5576,1.5,1.5
11.083,0.2619,0.0003,0.006,0.499,0.0012,0.5,-0.0263,2.5576,1.5,1.5
11.117,0.2702,0.0004,0.0059,0.4998,-0.0017,0.5,-0.0263,2.5576,1.5,1.5
11.133,0.2868,0.0005,0.0056,0.4998,-0.0035,0.4737,-0.0263,2.5824,1.5,1.5
11.133,0.2868,0.0005,0.0056,0.4998,-0.0035,0.4737,-0.0263,2.5824,1.5,1.5
11.133,0.2868,0.0005,0.0056,0.4998,-0.0035,0.4737,-0.0263,2.5824,1.5,1.5
11.167,0.2952,0.0006,0.0054,0.4997,-0.0048,0.4737,-0.0263,2.5824,1.5,1.5
11.167,0.2952,0.0006,0.0054,0.4997,-0.0048,0.5,-0.0263,2.5824,1.5,1.5
11.183,0.3118,0.0008,0.0051,0.4996,-0.0065,0.5,-0.0263,2.5824,1.5,1.5
11.2,0.3202,0.0008,0.0049,0.4996,-0.0075,0.5,-0.0263,2.5824,1.5,1.5
11.2,0.3202,0.0008,0.0049,0.4996,-0.0075,0.5,-0.0263,2.5824,1.5,1.5
11.2,0.3202,0.0008,0.0049,0.4996,-0.0075,0.5,-0.0263,2.6152,1.5,1.5
11.233,0.3285,0.0009,0.0046,0.4996,-0.0084,0.5,-0.0263,2.6152,1.5,1.5
11.25,0.3445,0.0011,0.0041,0.4744,-0.01,0.5,-0.0263,2.6152,1.5,1.5
11.25,0.3445,0.0011,0.0041,0.4744,-0.01,0.5,-0.0263,2.6152,1.5,1.5
11.25,0.3445,0.0011,0.0041,0.4744,-0.01,0.5,-0.0263,2.6152,1.5,1.5
11.283,0.3524,0.0011,0.0039,0.4735,-0.0104,0.5,-0.0263,2.6152,1.5,1.5
11.283,0.3524,0.0011,0.0039,0.4735,-0.0104,0.5,-0.0263,2.6152,1.5,1.5
11.3,0.3688,0.0013,0.0033,0.4984,-0.0123,0.5,-0.0263,2.6152,1.5,1.5
11.3,0.3688,0.0013,0.0033,0.4984,-0.0123,0.5,-0.0263,2.6152,1.5,1.5
11.3,0.3688,0.0013,0.0033,0.4984,-0.0123,0.5,-0.0263,2.5803,1.5,1.5
11.333,0.3771,0.0013,0.0031,0.4994,-0.0134,0.5,-0.0263,2.5803,1.5,1.5
11.35,0.3938,0.0015,0.0025,0.4996,-0.0145,0.4737,-0.0263,2.5803,1.5,1.5
11.35,0.3938,0.0015,0.0025,0.4996,-0.0145,0.4737,-0.0263,2.5803,1.5,1.5
11.367,0.4021,0.0016,0.0023,0.4997,-0.0153,0.5,-0.0263,2.5803,1.5,1.5
11.367,0.4021,0.0016,0.0023,0.4997,-0.0153,0.5,-0.0263,2.5803,1.5,1.5
11.367,0.4021,0.0016,0.0023,0.4997,-0.0153,0.5,-0.0263,2.5803,1.5,1.5
11.4,0.4105,0.0016,0.002,0.4997,-0.0158,0.5,-0.0263,2.5803,1.5,1.5
11.417,0.4271,0.0017,0.0012,0.4998,-0.0167,0.5,-0.0263,2.5803,1.5,1.5
11.417,0.4271,0.0017,0.0012,0.4998,-0.0167,0.5,-0.0263,2.5824,1.5,1.5
11.417,0.4271,0.0017,0.0012,0.4998,-0.0167,0.5,-0.0263,2.5824,1.5,1.5
11.45,0.4355,0.0018,0.001,0.4999,-0.017,0.5,-0.0263,2.5824,1.5,1.5
11.45,0.4355,0.0018,0.001,0.4999,-0.017,0.5,-0.0263,2.5824,1.5,1.5
11.467,0.4519,0.0019,0.0,0.4792,-0.0158,0.5,-0.0263,2.5824,1.5,1.5
11.467,0.4519,0.0019,0.0,0.4792,-0.0158,0.5,-0.0263,2.5824,1.5,1.5
11.467,0.4519,0.0019,0.0,0.4792,-0.0158,0.5,-0.0263,2.5824,1.5,1.5
11.5,0.4601,0.002,0.0,0.4955,-0.0199,0.5,-0.0263,2.5824,1.5,1.5
11.517,0.4767,0.0021,-0.0,0.5001,-0.0182,0.5,-0.0263,2.5824,1.5,1.5
11.517,0.4767,0.0021,-0.0,0.5001,-0.0182,0.5,-0.0263,2.5824,1.5,1.5
11.533,0.485,0.0021,-0.0007,0.5003,-0.0183,0.4737,-0.0263,2.6203,1.5,1.5
11.533,0.485,0.0021,-0.0007,0.5003,-0.0183,0.5,-0.0263,2.6203,1.5,1.5
11.533,0.485,0.0021,-0.0007,0.5003,-0.0183,0.5,-0.0263,2.6203,1.5,1.5
11.567,0.4934,0.0021,-0.0012,0.5004,-0.0184,0.5,-0.0263,2.6203,1.5,1.5
11.583,0.5101,0.0022,-0.0018,0.5005,-0.0188,0.5,-0.0263,2.6203,1.5,1.5
11.583,0.5101,0.0022,-0.0018,0.5005,-0.0188,0.5,-0.0263,2.6203,1.5,1.5
11.583,0.5101,0.0022,-0.0018,0.5005,-0.0188,0.5,-0.0263,2.6203,1.5,1.5
11.617,0.5184,0.0023,-0.0022,0.5005,-0.0189,0.5,-0.0263,2.6203,1.5,1.5
11.617,0.5184,0.0023,-0.0022,0.5005,-0.0189,0.5,-0.0263,2.6486,1.5,1.5
11.633,0.5351,0.0023,-0.0028,0.5006,-0.0192,0.5,-0.0263,2.6486,1.5,1.5
11.633,0.5351,0.0023,-0.0028,0.5006,-0.0192,0.5,-0.0263,2.6486,1.5,1.5
11.633,0.5351,0.0023,-0.0028,0.5006,-0.0192,0.5,-0.0263,2.6486,1.5,1.5
11.667,0.5435,0.0023,-0.0032,0.5006,-0.0193,0.5,-0.0263,2.6486,1.5,1.5
11.683,0.5598,0.0024,-0.0038,0.4963,-0.0208,0.5,-0.0263,2.6486,1.5,1.5
11.683,0.5598,0.0024,-0.0038,0.4963,-0.0208,0.5,-0.0263,2.6486,1.5,1.5
11.7,0.5681,0.0024,-0.0041,0.4994,-0.0214,0.5,-0.0263,2.6486,1.5,1.5
11.7,0.5681,0.0024,-0.0041,0.4994,-0.0214,0.5,-0.0263,2.6486,1.5,1.5
11.7,0.5681,0.0024,-0.0041,0.4994,-0.0214,0.5,-0.0263,2.6056,1.5,1.5
11.733,0.5764,0.0024,-0.0046,0.5009,-0.0198,0.5,-0.0263,2.6056,1.5,1.5
11.75,0.5931,0.0025,-0.0053,0.5014,-0.0204,0.5,-0.0263,2.6056,1.5,1.5
11.75,0.5931,0.0025,-0.0053,0.5014,-0.0204,0.5,-0.0263,2.6056,1.5,1.5
11.75,0.5931,0.0025,-0.0053,0.5014,-0.0204,0.5,-0.0263,2.6056,1.5,1.5
11.783,0.6014,0.0025,-0.0057,0.5005,-0.0211,0.5,-0.0263,2.6056,1.5,1.5
11.783,0.6014,0.0025,-0.0057,0.5005,-0.0211,0.5,-0.0263,2.6056,1.5,1.5
11.8,0.6181,0.0025,-0.0066,0.5012,-0.0215,0.5,-0.0263,2.6056,1.5,1.5
11.8,0.6181,0.0025,-0.0066,0.5012,-0.0215,0.5,-0.0263,2.6056,1.5,1.5
11.833,0.6265,0.0025,-0.0069,0.5008,-0.0243,0.5,-0.0263,2.6544,1.5,1.5
11.833,0.6265,0.0025,-0.0069,0.5008,-0.0243,0.5,-0.0263,2.6544,1.5,1.5
11.85,0.6432,0.0025,-0.0078,0.5004,-0.0249,0.4737,-0.0263,2.6544,1.5,1.5
11.85,0.6432,0.0025,-0.0078,0.5004,-0.0249,0.4737,-0.0263,2.6544,1.5,1.5
11.867,0.6515,0.0025,-0.0082,0.5011,-0.022,0.5,0.0,2.6544,1.5,1.5
11.867,0.6515,0.0025,-0.0082,0.5011,-0.022,0.5,0.0,2.6544,1.5,1.5
11.867,0.6515,0.0025,-0.0082,0.5011,-0.022,0.5,0.0,2.6544,1.5,1.5
11.9,0.6598,0.0025,-0.0086,0.5002,-0.0237,0.5,0.0,2.6544,1.5,1.5
11.917,0.6765,0.0025,-0.0095,0.5001,-0.0242,0.5,0.0,2.6544,1.5,1.5
11.917,0.6765,0.0025,-0.0095,0.5001,-0.0242,0.5,0.0,2.6544,1.5,1.5
11.917,0.6765,0.0025,-0.0095,0.5001,-0.0242,0.5,0.0,2.6579,1.5,1.5
11.95,0.6848,0.0025,-0.0099,0.5009,-0.0243,0.4737,0.0263,2.6579,1.5,1.5
11.95,0.6848,0.0025,-0.0099,0.5009,-0.0243,0.4737,0.0263,2.6579,1.5,1.5
11.967,0.7015,0.0025,-0.0109,0.5008,-0.0258,0.5,0.0,2.6579,1.5,1.5
11.967,0.7015,0.0025,-0.0109,0.5008,-0.0258,0.5,0.0,2.6579,1.5,1.5
11.967,0.7015,0.0025,-0.0109,0.5008,-0.0258,0.5,0.0,2.6579,1.5,1.5
12.0,0.7096,0.0024,-0.0113,0.4804,-0.0256,0.5,0.0263,2.6579,1.5,1.5
12.017,0.7257,0.0024,-0.0121,0.4943,-0.0261,0.5,0.0,2.6579,1.5,1.5
12.017,0.7257,0.0024,-0.0121,0.4943,-0.0261,0.5,0.0,2.604,1.5,1.5
12.033,0.734,0.0023,-0.0125,0.4986,-0.0243,0.5,0.0,2.604,1.5,1.5
12.033,0.734,0.0023,-0.0125,0.4986,-0.0243,0.5,0.0,2.604,1.5,1.5
12.033,0.734,0.0023,-0.0125,0.4986,-0.0243,0.5,0.0,2.604,1.5,1.5
12.033,0.734,0.0023,-0.0125,0.4986,-0.0243,0.5,0.0,2.604,1.5,1.5
12.067,0.7423,0.0023,-0.0129,0.4992,-0.0252,0.5,0.0,2.604,1.5,1.5
12.083,0.7587,0.0022,-0.0135,0.4783,-0.0206,0.5,0.0,2.604,1.5,1.5
12.083,0.7587,0.0022,-0.0135,0.4783,-0.0206,0.5,0.0,2.604,1.5,1.5
12.083,0.7587,0.0022,-0.0135,0.4783,-0.0206,0.5,0.0,2.604,1.5,1.5
12.117,0.7667,0.0021,-0.0137,0.4743,-0.0195,0.5,0.0,2.604,1.5,1.5
12.117,0.7667,0.0021,-0.0137,0.4743,-0.0195,0.5,0.0,2.604,1.5,1.5
12.133,0.7831,0.0019,-0.0142,0.4981,-0.018,0.4737,0.0,2.5881,1.5,1.5
12.133,0.7831,0.0019,-0.0142,0.4981,-0.018,0.4737,0.0,2.5881,1.5,1.5
12.133,0.7831,0.0019,-0.0142,0.4981,-0.018,0.4737,0.0,2.5881,1.5,1.5
12.167,0.7914,0.0019,-0.0145,0.4994,-0.0201,0.4737,0.0,2.5881,1.5,1.5
12.183,0.808,0.0017,-0.0149,0.4995,-0.0183,0.5,0.0,2.5881,1.5,1.5
12.183,0.808,0.0017,-0.0149,0.4995,-0.0183,0.5,0.0,2.5881,1.5,1.5
12.2,0.8164,0.0016,-0.0152,0.4996,-0.0181,0.5,0.0,2.5881,1.5,1.5
12.2,0.8164,0.0016,-0.0152,0.4996,-0.0181,0.5,0.0,2.5881,1.5,1.5
12.2,0.8164,0.0016,-0.0152,0.4996,-0.0181,0.5,0.0,2.5526,1.5,1.5
12.233,0.8247,0.0015,-0.0154,0.4997,-0.0174,0.5,0.0,2.5526,1.5,1.5
12.25,0.8414,0.0013,-0.0158,0.4998,-0.0163,0.4737,0.0263,2.5526,1.5,1.5
12.25,0.8414,0.0013,-0.0158,0.4998,-0.0163,0.4737,0.0263,2.5526,1.5,1.5
12.25,0.8414,0.0013,-0.0158,0.4998,-0.0163,0.4737,0.0263,2.5526,1.5,1.5
12.25,0.8414,0.0013,-0.0158,0.4998,-0.0163,0.4737,0.0263,2.5526,1.5,1.5
12.283,0.8497,0.0012,-0.016,0.4999,-0.0158,0.4737,0.0263,2.5526,1.5,1.5
12.283,0.8497,0.0012,-0.016,0.4999,-0.0158,0.4737,0.0263,2.5526,1.5,1.5
12.3,0.8658,0.001,-0.0163,0.4749,-0.0143,0.5,0.0263,2.5526,1.5,1.5
12.3,0.8658,0.001,-0.0163,0.4749,-0.0143,0.5,0.0263,2.5526,1.5,1.5
12.3,0.8658,0.001,-0.0163,0.4749,-0.0143,0.5,0.0263,2.5526,1.5,1.5
12.333,0.8739,0.0009,-0.0165,0.4947,-0.0156,0.5,0.0263,2.5667,1.5,1.5
12.35,0.8905,0.0007,-0.0167,0.5,-0.0127,0.5,0.0263,2.5667,1.5,1.5
12.35,0.8905,0.0007,-0.0167,0.5,-0.0127,0.5,0.0263,2.5667,1.5,1.5
12.367,0.8986,0.0005,-0.0168,0.4794,-0.0118,0.5,0.0263,2.5667,1.5,1.5
12.367,0.8986,0.0005,-0.0168,0.4794,-0.0118,0.5,0.0263,2.5667,1.5,1.5
12.367,0.8986,0.0005,-0.0168,0.4794,-0.0118,0.5,0.0263,2.5667,1.5,1.5
12.4,0.9066,0.0004,-0.0168,0.4752,-0.0106,0.5,0.0263,2.5667,1.5,1.5
12.4,0.9066,0.0004,-0.0168,0.4752,-0.0106,0.5,0.0263,2.5667,1.5,1.5
12.417,0.9224,0.0001,-0.0169,0.4742,-0.0087,0.5,0.0263,2.542,1.5,1.5
12.417,0.9224,0.0001,-0.0169,0.4742,-0.0087,0.5,0.0,2.542,1.5,1.5
12.45,0.9303,0.0,-0.0169,0.4742,-0.0078,0.5,0.0,2.542,1.5,1.5
12.45,0.9303,0.0,-0.0169,0.4742,-0.0078,0.5,0.0,2.542,1.5,1.5
12.467,0.9467,-0.0003,-0.0169,0.4996,-0.0057,0.5,0.0,2.542,1.5,1.5
12.467,0.9467,-0.0003,-0.0169,0.4996,-0.0057,0.5,0.0,2.542,1.5,1.5
12.467,0.9467,-0.0003,-0.0169,0.4996,-0.0057,0.5,0.0,2.542,1.5,1.5
12.5,0.9551,-0.0004,-0.0168,0.5005,-0.0048,0.5,0.0,2.542,1.5,1.5
12.517,0.9718,-0.0007,-0.0167,0.5008,-0.0019,0.5,0.0,2.542,1.5,1.5
12.517,0.9718,-0.0007,-0.0167,0.5008,-0.0019,0.5,0.0,2.542,1.5,1.5
12.533,0.9801,-0.0009,-0.0166,0.5008,-0.0007,0.5,0.0,2.5355,1.5,1.5
12.533,0.9801,-0.0009,-0.0166,0.5008,-0.0007,0.5,0.0263,2.5355,1.5,1.5
12.533,0.9801,-0.0009,-0.0166,0.5008,-0.0007,0.5,0.0263,2.5355,1.5,1.5
12.567,0.9885,-0.0011,-0.0165,0.5008,0.0003,0.5,0.0263,2.5355,1.5,1.5
12.583,1.0051,-0.0014,-0.0164,0.5008,0.0035,0.5,0.0263,2.5355,1.5,1.5
12.583,1.0051,-0.0014,-0.0164,0.5008,0.0035,0.5,0.0263,2.5355,1.5,1.5
12.583,1.0051,-0.0014,-0.0164,0.5008,0.0035,0.5,0.0263,2.5355,1.5,1.5
12.617,1.0135,-0.0015,-0.0163,0.5008,0.0043,0.5,0.0263,2.5355,1.5,1.5
12.617,1.0135,-0.0015,-0.0163,0.5008,0.0043,0.5,0.0263,2.6067,1.5,1.5
12.633,1.0302,-0.0018,-0.0162,0.5006,0.0043,0.5,0.0,2.6067,1.5,1.5
12.633,1.0302,-0.0018,-0.0162,0.5006,0.0043,0.5,0.0,2.6067,1.5,1.5
12.633,1.0302,-0.0018,-0.0162,0.5006,0.0043,0.5,0.0,2.6067,1.5,1.5
12.667,1.0385,-0.0019,-0.0162,0.5005,0.0044,0.4737,0.0,2.6067,1.5,1.5
12.683,1.0552,-0.0022,-0.0161,0.5004,0.0039,0.5,0.0,2.6067,1.5,1.5
12.683,1.0552,-0.0022,-0.0161,0.5004,0.0039,0.5,0.0,2.6067,1.5,1.5
12.7,1.0635,-0.0024,-0.016,0.5004,-0.0024,0.5,0.0,2.6067,1.5,1.5
12.7,1.0635,-0.0024,-0.016,0.5004,-0.0024,0.5,0.0,2.6067,1.5,1.5
12.7,1.0635,-0.0024,-0.016,0.5004,-0.0024,0.5,0.0,2.5415,1.5,1.5
12.733,1.0719,-0.0025,-0.016,0.5004,0.0015,0.5,0.0,2.5415,1.5,1.5
12.75,1.0885,-0.0028,-0.0158,0.5001,0.0024,0.5,0.0,2.5415,1.5,1.5
12.75,1.0885,-0.0028,-0.0158,0.5001,0.0024,0.5,0.0,2.5415,1.5,1.5
12.75,1.0885,-0.0028,-0.0158,0.5001,0.0024,0.5,0.0,2.5415,1.5,1.5
12.783,1.0969,-0.003,-0.0156,0.5,0.0034,0.5,0.0,2.5415,1.5,1.5
12.783,1.0969,-0.003,-0.0156,0.5,0.0034,0.5,0.0,2.5415,1.5,1.5
12.8,1.1135,-0.0033,-0.0155,0.4999,0.006,0.5,0.0,2.5415,1.5,1.5
12.8,1.1135,-0.0033,-0.0155,0.4999,0.006,0.5,0.0,2.5415,1.5,1.5
12.833,1.1219,-0.0034,-0.0154,0.4998,0.0071,0.5,0.0,2.6084,1.5,1.5
12.833,1.1219,-0.0034,-0.0154,0.4998,0.0071,0.5,0.0,2.6084,1.5,1.5
12.85,1.1385,-0.0037,-0.0153,0.4997,0.0055,0.5,0.0,2.6084,1.5,1.5
12.867,1.1468,-0.0038,-0.0152,0.4996,0.0052,0.5,0.0,2.6084,1.5,1.5
12.867,1.1468,-0.0038,-0.0152,0.4996,0.0052,0.5,0.0,2.6084,1.5,1.5
12.867,1.1468,-0.0038,-0.0152,0.4996,0.0052,0.5,0.0,2.6084,1.5,1.5
12.9,1.1552,-0.0039,-0.0152,0.4996,0.0047,0.5,0.0,2.6084,1.5,1.5
12.9,1.1552,-0.0039,-0.0152,0.4996,0.0047,0.5,0.0,2.6084,1.5,1.5
12.917,1.1718,-0.0042,-0.0151,0.4995,0.0039,0.5,0.0,2.6084,1.5,1.5
12.917,1.1718,-0.0042,-0.0151,0.4995,0.0039,0.5,0.0,2.5643,1.5,1.5
12.917,1.1718,-0.0042,-0.0151,0.4995,0.0039,0.5,0.0,2.5643,1.5,1.5
12.95,1.1802,-0.0043,-0.0151,0.4995,0.0041,0.5,0.0,2.5643,1.5,1.5
12.95,1.1802,-0.0043,-0.0151,0.4995,0.0041,0.5,0.0,2.5643,1.5,1.5
12.967,1.1968,-0.0046,-0.015,0.4995,0.0035,0.5,0.0,2.5643,1.5,1.5
12.967,1.1968,-0.0046,-0.015,0.4995,0.0035,0.5,0.0,2.5643,1.5,1.5
12.967,1.1968,-0.0046,-0.015,0.4995,0.0035,0.5,0.0,2.5643,1.5,1.5
13.0,1.2051,-0.0047,-0.015,0.4995,0.0031,0.5,0.0,2.5643,1.5,1.5
13.0,1.2051,-0.0047,-0.015,0.4995,0.0031,0.5,0.0,2.5643,1.5,1.5
13.017,1.2218,-0.005,-0.0149,0.4997,0.0028,0.5,0.0,2.5643,1.5,1.5
13.033,1.2301,-0.0051,-0.0148,0.4998,0.0025,0.5,0.0,2.6035,1.5,1.5
13.033,1.2301,-0.0051,-0.0148,0.4998,0.0025,0.4737,0.0,2.6035,1.5,1.5
13.033,1.2301,-0.0051,-0.0148,0.4998,0.0025,0.4737,0.0,2.6035,1.5,1.5
13.067,1.2385,-0.0052,-0.0148,0.4998,0.0026,0.4737,0.0,2.6035,1.5,1.5
13.067,1.2385,-0.0052,-0.0148,0.4998,0.0026,0.4737,0.0,2.6035,1.5,1.5
13.083,1.2551,-0.0055,-0.0147,0.5,0.0025,0.5,0.0,2.6035,1.5,1.5
13.083,1.2551,-0.0055,-0.0147,0.5,0.0025,0.5,0.0,2.6035,1.5,1.5
13.083,1.2551,-0.0055,-0.0147,0.5,0.0025,0.5,0.0,2.6035,1.5,1.5
13.117,1.2635,-0.0056,-0.0146,0.5,0.0025,0.5,0.0,2.6035,1.5,1.5
13.133,1.2801,-0.0059,-0.0146,0.5002,0.0026,0.5,0.0,2.5655,1.5,1.5
13.133,1.2801,-0.0059,-0.0146,0.5002,0.0026,0.4737,0.0,2.5655,1.5,1.5
13.133,1.2801,-0.0059,-0.0146,0.5002,0.0026,0.4737,0.0,2.5655,1.5,1.5
13.167,1.2885,-0.006,-0.0145,0.5003,0.0027,0.4737,0.0,2.5655,1.5,1.5
13.167,1.2885,-0.006,-0.0145,0.5003,0.0027,0.4737,0.0,2.5655,1.5,1.5
13.183,1.3049,-0.0063,-0.0144,0.4796,0.0032,0.5,0.0,2.5655,1.5,1.5
13.2,1.3129,-0.0064,-0.0143,0.4753,0.0025,0.5,0.0,2.5655,1.5,1.5
13.2,1.3129,-0.0064,-0.0143,0.4753,0.0025,0.5,0.0,2.5655,1.5,1.5
13.2,1.3129,-0.0064,-0.0143,0.4753,0.0025,0.5,0.0,2.5655,1.5,1.5
13.233,1.3208,-0.0065,-0.0143,0.4744,0.0029,0.5,0.0,2.5439,1.5,1.5
13.233,1.3208,-0.0065,-0.0143,0.4744,0.0029,0.5,0.0,2.5439,1.5,1.5
13.25,1.3372,-0.0068,-0.0142,0.4994,0.0034,0.5,0.0,2.5439,1.5,1.5
13.25,1.3372,-0.0068,-0.0142,0.4994,0.0034,0.5,0.0,2.5439,1.5,1.5
13.25,1.3372,-0.0068,-0.0142,0.4994,0.0034,0.5,0.0,2.5439,1.5,1.5
13.283,1.3456,-0.0069,-0.0141,0.5003,0.0036,0.5,0.0,2.5439,1.5,1.5
13.3,1.3617,-0.0072,-0.014,0.4755,0.0029,0.5,0.0,2.5439,1.5,1.5
13.3,1.3617,-0.0072,-0.014,0.4755,0.0029,0.5,0.0,2.5439,1.5,1.5
13.3,1.3617,-0.0072,-0.014,0.4755,0.0029,0.5,0.0,2.5439,1.5,1.5
13.333,1.3696,-0.0073,-0.0139,0.4746,0.0036,0.5,0.0,2.5537,1.5,1.5
13.333,1.3696,-0.0073,-0.0139,0.4746,0.0036,0.5,0.0,2.5537,1.5,1.5
13.35,1.386,-0.0075,-0.0139,0.4998,0.0032,0.4737,0.0,2.5537,1.5,1.5
13.367,1.3943,-0.0077,-0.0138,0.5005,0.0053,0.4737,0.0,2.5537,1.5,1.5
13.367,1.3943,-0.0077,-0.0138,0.5005,0.0053,0.4737,0.0,2.5537,1.5,1.5
13.367,1.3943,-0.0077,-0.0138,0.5005,0.0053,0.5,0.0,2.5537,1.5,1.5
13.4,1.4027,-0.0078,-0.0138,0.5007,0.0044,0.5,0.0,2.5537,1.5,1.5
13.4,1.4027,-0.0078,-0.0138,0.5007,0.0044,0.5,0.0,2.5537,1.5,1.5
13.417,1.4194,-0.008,-0.0137,0.5007,0.0034,0.5,0.0,2.5537,1.5,1.5
13.417,1.4194,-0.008,-0.0137,0.5007,0.0034,0.5,0.0,2.5707,1.5,1.5
13.45,1.4277,-0.0081,-0.0136,0.5006,0.0038,0.5,0.0,2.5707,1.5,1.5
13.45,1.4277,-0.0081,-0.0136,0.5006,0.0038,0.5,0.0,2.5707,1.5,1.5
13.467,1.4444,-0.0084,-0.0136,0.5006,0.0034,0.5,0.0,2.5707,1.5,1.5
13.467,1.4444,-0.0084,-0.0136,0.5006,0.0034,0.5,0.0,2.5707,1.5,1.5
13.467,1.4444,-0.0084,-0.0136,0.5006,0.0034,0.5,0.0,2.5707,1.5,1.5
13.5,1.4527,-0.0085,-0.0135,0.5005,0.0032,0.5,0.0,2.5707,1.5,1.5
13.517,1.4688,-0.0087,-0.0135,0.4752,0.0024,0.5,0.0,2.5707,1.5,1.5
13.517,1.4688,-0.0087,-0.0135,0.4752,0.0024,0.5,0.0,2.5317,1.5,1.5
13.533,1.4769,-0.0088,-0.0135,0.4942,0.0009,0.5,0.0,2.5317,1.5,1.5
13.533,1.4769,-0.0088,-0.0135,0.4942,0.0009,0.4737,0.0,2.5317,1.5,1.5
13.533,1.4769,-0.0088,-0.0135,0.4942,0.0009,0.4737,0.0,2.5317,1.5,1.5
13.567,1.4852,-0.009,-0.0135,0.4989,0.0027,0.4737,0.0,2.5317,1.5,1.5
13.583,1.5019,-0.0092,-0.0135,0.5,0.0018,0.5,0.0,2.5317,1.5,1.5
13.583,1.5019,-0.0092,-0.0135,0.5,0.0018,0.5,0.0,2.5317,1.5,1.5
13.583,1.5019,-0.0092,-0.0135,0.5,0.0018,0.5,0.0,2.5317,1.5,1.5
13.617,1.5102,-0.0093,-0.0135,0.5,0.0015,0.5,0.0,2.5317,1.5,1.5
13.617,1.5102,-0.0093,-0.0135,0.5,0.0015,0.5,0.0,2.5557,1.5,1.5
13.633,1.5269,-0.0095,-0.0134,0.4999,0.0011,0.5,0.0,2.5557,1.5,1.5
13.633,1.5269,-0.0095,-0.0134,0.4999,0.0011,0.5,0.0,2.5557,1.5,1.5
13.633,1.5269,-0.0095,-0.0134,0.4999,0.0011,0.5,0.0,2.5557,1.5,1.5
13.667,1.5352,-0.0096,-0.0135,0.4998,0.0007,0.5,0.0,2.5557,1.5,1.5
13.683,1.5518,-0.0099,-0.0134,0.4996,0.0002,0.5,0.0,2.5557,1.5,1.5
13.683,1.5518,-0.0099,-0.0134,0.4996,0.0002,0.5,0.0,2.5557,1.5,1.5
13.7,1.56,-0.01,-0.0135,0.4788,0.0002,0.5,0.0,2.5557,1.5,1.5
13.7,1.56,-0.01,-0.0135,0.4788,0.0002,0.5,0.0,2.5557,1.5,1.5
13.733,1.5679,-0.0101,-0.0135,0.4744,-0.0003,0.5,0.0,2.5501,1.5,1.5
13.733,1.5679,-0.0101,-0.0135,0.4744,-0.0003,0.5,0.0,2.5501,1.5,1.5
13.75,1.5843,-0.0103,-0.0135,0.4984,-0.0002,0.4737,0.0,2.5501,1.5,1.5
13.75,1.5843,-0.0103,-0.0135,0.4984,-0.0002,0.4737,0.0,2.5501,1.5,1.5
13.75,1.5843,-0.0103,-0.0135,0.4984,-0.0002,0.4737,0.0,2.5501,1.5,1.5
13.783,1.5926,-0.0104,-0.0134,0.4993,-0.0,0.4737,0.0,2.5501,1.5,1.5
13.8,1.6093,-0.0106,-0.0135,0.4995,-0.0008,0.5,0.0,2.5501,1.5,1.5
13.8,1.6093,-0.0106,-0.0135,0.4995,-0.0008,0.5,0.0,2.5501,1.5,1.5
13.8,1.6093,-0.0106,-0.0135,0.4995,-0.0008,0.5,0.0,2.5501,1.5,1.5
13.833,1.6176,-0.0107,-0.0135,0.4996,-0.0006,0.5,0.0,2.5314,1.5,1.5
13.833,1.6176,-0.0107,-0.0135,0.4996,-0.0006,0.5,0.0,2.5314,1.5,1.5
13.85,1.6342,-0.0109,-0.0135,0.4997,-0.0011,0.4737,0.0,2.5314,1.5,1.5
13.867,1.6426,-0.0111,-0.0135,0.4998,-0.0008,0.4737,0.0,2.5314,1.5,1.5
13.867,1.6426,-0.0111,-0.0135,0.4998,-0.0008,0.4737,0.0,2.5314,1.5,1.5
13.867,1.6426,-0.0111,-0.0135,0.4998,-0.0008,0.5,0.0,2.5314,1.5,1.5
13.9,1.6509,-0.0112,-0.0135,0.4998,-0.001,0.5,0.0,2.5314,1.5,1.5
13.9,1.6509,-0.0112,-0.0135,0.4998,-0.001,0.5,0.0,2.5314,1.5,1.5
13.917,1.667,-0.0114,-0.0135,0.4748,-0.0011,0.5,0.0,2.5314,1.5,1.5
13.917,1.667,-0.0114,-0.0135,0.4748,-0.0011,0.5,0.0,2.5667,1.5,1.5
13.917,1.667,-0.0114,-0.0135,0.4748,-0.0011,0.5,0.0,2.5667,1.5,1.5
13.95,1.6749,-0.0115,-0.0135,0.474,-0.0008,0.5,0.0,2.5667,1.5,1.5
13.967,1.6913,-0.0117,-0.0134,0.499,-0.0006,0.5,0.0,2.5667,1.5,1.5
13.967,1.6913,-0.0117,-0.0134,0.499,-0.0006,0.5,0.0,2.5667,1.5,1.5
13.967,1.6913,-0.0117,-0.0134,0.499,-0.0006,0.5,0.0,2.5667,1.5,1.5
14.0,1.6994,-0.0118,-0.0134,0.4792,0.0004,0.5,0.0,2.5667,1.5,1.5
14.0,1.6994,-0.0118,-0.0134,0.4792,0.0004,0.5,0.0,2.5667,1.5,1.5
14.017,1.7153,-0.012,-0.0134,0.4743,0.0006,0.5,0.0,2.5667,1.5,1.5
14.033,1.7234,-0.0122,-0.0134,0.4949,-0.0009,0.5,0.0,2.5383,1.5,1.5
14.033,1.7234,-0.0122,-0.0134,0.4949,-0.0009,0.5,0.0,2.5383,1.5,1.5
14.033,1.7234,-0.0122,-0.0134,0.4949,-0.0009,0.4737,0.0,2.5383,1.5,1.5
14.067,1.7317,-0.0123,-0.0134,0.4993,0.0014,0.4737,0.0,2.5383,1.5,1.5
14.067,1.7317,-0.0123,-0.0134,0.4993,0.0014,0.4737,0.0,2.5383,1.5,1.5
14.083,1.7484,-0.0125,-0.0133,0.5005,0.0013,0.4737,0.0,2.5383,1.5,1.5
14.083,1.7484,-0.0125,-0.0133,0.5005,0.0013,0.4737,0.0,2.5383,1.5,1.5
14.083,1.7484,-0.0125,-0.0133,0.5005,0.0013,0.5,0.0,2.5383,1.5,1.5
14.117,1.7567,-0.0126,-0.0133,0.5006,0.0012,0.5,0.0,2.5383,1.5,1.5
14.117,1.7567,-0.0126,-0.0133,0.5006,0.0012,0.5,0.0,2.5934,1.5,1.5
14.133,1.7734,-0.0129,-0.0132,0.5008,0.0007,0.5,0.0,2.5934,1.5,1.5
14.133,1.7734,-0.0129,-0.0132,0.5008,0.0007,0.5,0.0,2.5934,1.5,1.5
14.167,1.7817,-0.013,-0.0132,0.5009,0.0008,0.5,0.0,2.5934,1.5,1.5
14.167,1.7817,-0.013,-0.0132,0.5009,0.0008,0.5,0.0,2.5934,1.5,1.5
14.183,1.7984,-0.0132,-0.0132,0.5008,0.0015,0.5,0.0,2.5934,1.5,1.5
14.2,1.8066,-0.0133,-0.0132,0.48,0.0021,0.5,0.0,2.5934,1.5,1.5
14.2,1.8066,-0.0133,-0.0132,0.48,0.0021,0.5,0.0,2.5934,1.5,1.5
14.2,1.8066,-0.0133,-0.0132,0.48,0.0021,0.5,0.0,2.5934,1.5,1.5
14.233,1.8145,-0.0134,-0.0131,0.4756,0.0022,0.5,0.0,2.5442,1.5,1.5
14.233,1.8145,-0.0134,-0.0131,0.4756,0.0022,0.5,0.0,2.5442,1.5,1.5
14.25,1.8306,-0.0137,-0.0131,0.4951,0.0047,0.5,0.0,2.5442,1.5,1.5
14.25,1.8306,-0.0137,-0.0131,0.4951,0.0047,0.4737,0.0,2.5442,1.5,1.5
14.25,1.8306,-0.0137,-0.0131,0.4951,0.0047,0.4737,0.0,2.5442,1.5,1.5
14.283,1.8389,-0.0138,-0.0131,0.4994,0.0007,0.4737,0.0,2.5442,1.5,1.5
14.3,1.8555,-0.014,-0.0131,0.5005,0.0015,0.5,0.0,2.5442,1.5,1.5
14.3,1.8555,-0.014,-0.0131,0.5005,0.0015,0.5,0.0,2.5442,1.5,1.5
14.3,1.8555,-0.014,-0.0131,0.5005,0.0015,0.5,0.0,2.5442,1.5,1.5
14.333,1.8639,-0.0141,-0.0131,0.5005,0.0016,0.5,0.0,2.5313,1.5,1.5
14.333,1.8639,-0.0141,-0.0131,0.5005,0.0016,0.5,0.0,2.5313,1.5,1.5
14.35,1.8805,-0.0143,-0.0131,0.5003,0.0013,0.5,0.0,2.5313,1.5,1.5
14.367,1.8889,-0.0144,-0.0131,0.5003,0.0011,0.5,0.0,2.5313,1.5,1.5
14.367,1.8889,-0.0144,-0.0131,0.5003,0.0011,0.5,0.0,2.5313,1.5,1.5
14.367,1.8889,-0.0144,-0.0131,0.5003,0.0011,0.5,0.0,2.5313,1.5,1.5
14.4,1.8972,-0.0145,-0.0131,0.5002,0.0009,0.5,0.0,2.5313,1.5,1.5
14.4,1.8972,-0.0145,-0.0131,0.5002,0.0009,0.5,0.0,2.5313,1.5,1.5
14.417,1.9133,-0.0147,-0.0131,0.4748,0.0002,0.5,0.0,2.539,1.5,1.5
14.417,1.9133,-0.0147,-0.0131,0.4748,0.0002,0.5,0.0,2.539,1.5,1.5
14.417,1.9133,-0.0147,-0.0131,0.4748,0.0002,0.5,0.0,2.539,1.5,1.5
14.45,1.9212,-0.0149,-0.0131,0.4739,0.0002,0.5,0.0,2.539,1.5,1.5
14.467,1.9376,-0.0151,-0.0132,0.4988,-0.001,0.4737,0.0,2.539,1.5,1.5
14.467,1.9376,-0.0151,-0.0132,0.4988,-0.001,0.4737,0.0,2.539,1.5,1.5
14.467,1.9376,-0.0151,-0.0132,0.4988,-0.001,0.4737,0.0,2.539,1.5,1.5
14.5,1.9459,-0.0152,-0.0132,0.4995,0.0,0.4737,0.0,2.539,1.5,1.5
14.5,1.9459,-0.0152,-0.0132,0.4995,0.0,0.5,0.0,2.539,1.5,1.5
14.517,1.9625,-0.0154,-0.0132,0.4996,-0.0004,0.5,0.0,2.539,1.5,1.5
14.533,1.9709,-0.0155,-0.0132,0.4997,-0.0024,0.5,0.0,2.5374,1.5,1.5
14.533,1.9709,-0.0155,-0.0132,0.4997,-0.0024,0.5,0.0,2.5374,1.5,1.5
14.533,1.9709,-0.0155,-0.0132,0.4997,-0.0024,0.5,0.0,2.5374,1.5,1.5
14.567,1.9792,-0.0156,-0.0132,0.4997,-0.0017,0.5,0.0,2.5374,1.5,1.5
14.583,1.9959,-0.0158,-0.0132,0.4995,-0.0013,0.5,0.0,2.5374,1.5,1.5
14.583,1.9959,-0.0158,-0.0132,0.4995,-0.0013,0.5,0.0,2.5374,1.5,1.5
14.583,1.9959,-0.0158,-0.0132,0.4995,-0.0013,0.5,0.0,2.5374,1.5,1.5
14.617,2.0042,-0.0159,-0.0133,0.4995,-0.001,0.5,0.0,2.5374,1.5,1.5
14.617,2.0042,-0.0159,-0.0133,0.4995,-0.001,0.5,0.0,2.5431,1.5,1.5
14.633,2.0202,-0.0161,-0.0133,0.4744,-0.002,0.5,0.0,2.5431,1.5,1.5
14.633,2.0202,-0.0161,-0.0133,0.4744,-0.002,0.4737,0.0,2.5431,1.5,1.5
14.633,2.0202,-0.0161,-0.0133,0.4744,-0.002,0.4737,0.0,2.5431,1.5,1.5
14.667,2.0283,-0.0162,-0.0133,0.4944,-0.003,0.4737,0.0,2.5431,1.5,1.5
14.683,2.0449,-0.0164,-0.0133,0.4995,-0.0016,0.4737,0.0,2.5431,1.5,1.5
14.683,2.0449,-0.0164,-0.0133,0.4995,-0.0016,0.4737,0.0,2.5431,1.5,1.5
14.7,2.0533,-0.0165,-0.0133,0.4997,-0.0016,0.5,0.0,2.5431,1.5,1.5
14.7,2.0533,-0.0165,-0.0133,0.4997,-0.0016,0.5,0.0,2.5431,1.5,1.5
14.7,2.0533,-0.0165,-0.0133,0.4997,-0.0016,0.5,0.0,2.5431,1.5,1.5
14.733,2.0616,-0.0166,-0.0134,0.4998,-0.0015,0.5,0.0,2.5355,1.5,1.5
14.75,2.0783,-0.0169,-0.0133,0.5,-0.0013,0.5,0.0,2.5355,1.5,1.5
14.75,2.0783,-0.0169,-0.0133,0.5,-0.0013,0.4737,0.0,2.5355,1.5,1.5
14.75,2.0783,-0.0169,-0.0133,0.5,-0.0013,0.4737,0.0,2.5355,1.5,1.5
14.783,2.0866,-0.017,-0.0134,0.5001,-0.0011,0.4737,0.0,2.5355,1.5,1.5
14.783,2.0866,-0.017,-0.0134,0.5001,-0.0011,0.4737,0.0,2.5355,1.5,1.5
14.8,2.1027,-0.0172,-0.0133,0.4751,-0.0011,0.5,0.0,2.5355,1.5,1.5
14.8,2.1027,-0.0172,-0.0133,0.4751,-0.0011,0.5,0.0,2.5355,1.5,1.5
14.8,2.1027,-0.0172,-0.0133,0.4751,-0.0011,0.5,0.0,2.5213,1.5,1.5
14.833,2.1106,-0.0173,-0.0133,0.4742,-0.0006,0.5,0.0,2.5213,1.5,1.5
14.85,2.1266,-0.0175,-0.0133,0.4948,-0.0005,0.5,0.0,2.5213,1.5,1.5
14.85,2.1266,-0.0175,-0.0133,0.4948,-0.0005,0.5,0.0,2.5213,1.5,1.5
14.867,2.1349,-0.0176,-0.0133,0.4993,0.0007,0.5,0.0,2.5213,1.5,1.5
14.867,2.1349,-0.0176,-0.0133,0.4993,0.0007,0.5,0.0,2.5213,1.5,1.5
14.867,2.1349,-0.0176,-0.0133,0.4993,0.0007,0.5,0.0,2.5213,1.5,1.5
14.9,2.1433,-0.0177,-0.0133,0.5002,-0.0004,0.5,0.0,2.5213,1.5,1.5
14.917,2.1593,-0.018,-0.0132,0.4754,0.0002,0.5,0.0,2.5213,1.5,1.5
14.917,2.1593,-0.018,-0.0132,0.4754,0.0002,0.5,0.0,2.5213,1.5,1.5
14.917,2.1593,-0.018,-0.0132,0.4754,0.0002,0.5,0.0,2.5128,1.5,1.5
14.95,2.1673,-0.0181,-0.0132,0.4745,0.0005,0.5,0.0,2.5128,1.5,1.5
14.95,2.1673,-0.0181,-0.0132,0.4745,0.0005,0.5,0.0,2.5128,1.5,1.5
14.967,2.1837,-0.0183,-0.0132,0.4996,0.0011,0.4737,0.0,2.5128,1.5,1.5
14.967,2.1837,-0.0183,-0.0132,0.4996,0.0011,0.4737,0.0,2.5128,1.5,1.5
14.967,2.1837,-0.0183,-0.0132,0.4996,0.0011,0.4737,0.0,2.5128,1.5,1.5
15.0,2.192,-0.0184,-0.0132,0.5005,0.0004,0.4737,0.0,2.5128,1.5,1.5
15.017,2.2087,-0.0186,-0.0131,0.5008,0.0022,0.5,0.0,2.5128,1.5,1.5
15.017,2.2087,-0.0186,-0.0131,0.5008,0.0022,0.5,0.0,2.5303,1.5,1.5
15.033,2.2171,-0.0188,-0.0131,0.5007,0.0013,0.5,0.0,2.5303,1.5,1.5
15.033,2.2171,-0.0188,-0.0131,0.5007,0.0013,0.5,0.0,2.5303,1.5,1.5
15.033,2.2171,-0.0188,-0.0131,0.5007,0.0013,0.5,0.0,2.5303,1.5,1.5
15.067,2.2254,-0.0189,-0.0131,0.5007,0.0018,0.5,0.0,2.5303,1.5,1.5
15.083,2.2421,-0.0191,-0.013,0.5007,0.0017,0.5,0.0,2.5303,1.5,1.5
15.083,2.2421,-0.0191,-0.013,0.5007,0.0017,0.5,0.0,2.5303,1.5,1.5
15.083,2.2421,-0.0191,-0.013,0.5007,0.0017,0.5,0.0,2.5303,1.5,1.5
15.117,2.2504,-0.0192,-0.013,0.5006,0.0016,0.5,0.0,2.5303,1.5,1.5
15.117,2.2504,-0.0192,-0.013,0.5006,0.0016,0.5,0.0,2.5303,1.5,1.5
15.133,2.2665,-0.0194,-0.013,0.4753,0.0011,0.5,0.0,2.5277,1.5,1.5
15.133,2.2665,-0.0194,-0.013,0.4753,0.0011,0.5,0.0,2.5277,1.5,1.5
15.133,2.2665,-0.0194,-0.013,0.4753,0.0011,0.5,0.0,2.5277,1.5,1.5
15.167,2.2746,-0.0195,-0.013,0.4953,0.0036,0.5,0.0,2.5277,1.5,1.5
15.183,2.2913,-0.0198,-0.013,0.5001,0.0013,0.4737,0.0,2.5277,1.5,1.5
15.183,2.2913,-0.0198,-0.013,0.5001,0.0013,0.4737,0.0,2.5277,1.5,1.5
15.2,2.2996,-0.0199,-0.013,0.5002,0.0007,0.4737,0.0,2.5277,1.5,1.5
15.2,2.2996,-0.0199,-0.013,0.5002,0.0007,0.5,0.0,2.5277,1.5,1.5
15.2,2.2996,-0.0199,-0.013,0.5002,0.0007,0.5,0.0,2.5145,1.5,1.5
15.233,2.3079,-0.02,-0.013,0.5001,0.0006,0.5,0.0,2.5145,1.5,1.5
15.25,2.3246,-0.0202,-0.013,0.5,0.0002,0.5,0.0,2.5145,1.5,1.5
15.25,2.3246,-0.0202,-0.013,0.5,0.0002,0.5,0.0,2.5145,1.5,1.5
15.25,2.3246,-0.0202,-0.013,0.5,0.0002,0.5,0.0,2.5145,1.5,1.5
15.283,2.3329,-0.0203,-0.0131,0.4999,-0.0,0.5,0.0,2.5145,1.5,1.5
15.283,2.3329,-0.0203,-0.0131,0.4999,-0.0,0.5,0.0,2.5145,1.5,1.5
15.3,2.3496,-0.0205,-0.0131,0.4998,-0.001,0.5,0.0,2.5145,1.5,1.5
15.3,2.3496,-0.0205,-0.0131,0.4998,-0.001,0.5,0.0,2.5145,1.5,1.5
15.3,2.3496,-0.0205,-0.0131,0.4998,-0.001,0.5,0.0,2.5115,1.5,1.5
15.333,2.3577,-0.0206,-0.0131,0.4789,-0.0002,0.5,0.0,2.5115,1.5,1.5
15.35,2.3735,-0.0208,-0.0132,0.4736,-0.0016,0.5,0.0,2.5115,1.5,1.5
15.35,2.3735,-0.0208,-0.0132,0.4736,-0.0016,0.5,0.0,2.5115,1.5,1.5
15.367,2.3816,-0.0209,-0.0132,0.4943,-0.0033,0.4737,0.0,2.5115,1.5,1.5
15.367,2.3816,-0.0209,-0.0132,0.4943,-0.0033,0.4737,0.0,2.5115,1.5,1.5
15.4,2.3899,-0.021,-0.0132,0.4986,-0.0023,0.4737,0.0,2.5115,1.5,1.5
15.4,2.3899,-0.021,-0.0132,0.4986,-0.0023,0.4737,0.0,2.5115,1.5,1.5
15.417,2.4066,-0.0212,-0.0132,0.4995,-0.0015,0.5,0.0,2.5115,1.5,1.5
15.417,2.4066,-0.0212,-0.0132,0.4995,-0.0015,0.5,0.0,2.4996,1.5,1.5
15.417,2.4066,-0.0212,-0.0132,0.4995,-0.0015,0.5,0.0,2.4996,1.5,1.5
15.45,2.4149,-0.0213,-0.0132,0.4995,-0.0011,0.5,0.0,2.4996,1.5,1.5
15.467,2.4315,-0.0215,-0.0133,0.4996,-0.0017,0.5,0.0,2.4996,1.5,1.5
15.467,2.4315,-0.0215,-0.0133,0.4996,-0.0017,0.5,0.0,2.4996,1.5,1.5
15.467,2.4315,-0.0215,-0.0133,0.4996,-0.0017,0.5,0.0,2.4996,1.5,1.5
15.5,2.4399,-0.0216,-0.0133,0.4996,-0.0013,0.5,0.0,2.4996,1.5,1.5
15.5,2.4399,-0.0216,-0.0133,0.4996,-0.0013,0.5,0.0,2.4996,1.5,1.5
15.517,2.4563,-0.0219,-0.0133,0.4789,-0.0007,0.5,0.0,2.4996,1.5,1.5
15.533,2.4643,-0.022,-0.0133,0.4746,-0.0021,0.5,0.0,2.5655,1.5,1.5
15.533,2.4643,-0.022,-0.0133,0.4746,-0.0021,0.5,0.0,2.5655,1.5,1.5
15.533,2.4643,-0.022,-0.0133,0.4746,-0.0021,0.5,0.0,2.5655,1.5,1.5
15.567,2.4722,-0.0221,-0.0133,0.4738,-0.001,0.5,0.0,2.5655,1.5,1.5
15.567,2.4722,-0.0221,-0.0133,0.4738,-0.001,0.5,0.0,2.5655,1.5,1.5
15.583,2.4886,-0.0223,-0.0133,0.4988,-0.0008,0.4737,0.0,2.5655,1.5,1.5
15.583,2.4886,-0.0223,-0.0133,0.4988,-0.0008,0.4737,0.0,2.5655,1.5,1.5
15.583,2.4886,-0.0223,-0.0133,0.4988,-0.0008,0.4737,0.0,2.5655,1.5,1.5
15.617,2.4969,-0.0224,-0.0133,0.4998,-0.0015,0.4737,0.0,2.5655,1.5,1.5
15.633,2.5136,-0.0226,-0.0133,0.5002,-0.0008,0.5,0.0,2.5248,1.5,1.5
15.633,2.5136,-0.0226,-0.0133,0.5002,-0.0008,0.5,0.0,2.5248,1.5,1.5
15.633,2.5136,-0.0226,-0.0133,0.5002,-0.0008,0.5,0.0,2.5248,1.5,1.5
15.667,2.5219,-0.0227,-0.0133,0.5003,-0.0008,0.5,0.0,2.5248,1.5,1.5
15.667,2.5219,-0.0227,-0.0133,0.5003,-0.0008,0.5,0.0,2.5248,1.5,1.5
15.683,2.5386,-0.0229,-0.0133,0.5004,-0.0001,0.4737,0.0,2.5248,1.5,1.5
15.7,2.5469,-0.0231,-0.0133,0.5005,-0.0002,0.4737,0.0,2.5248,1.5,1.5
15.7,2.5469,-0.0231,-0.0133,0.5005,-0.0002,0.4737,0.0,2.5248,1.5,1.5
15.7,2.5469,-0.0231,-0.0133,0.5005,-0.0002,0.5,0.0,2.5248,1.5,1.5
15.733,2.5553,-0.0232,-0.0133,0.5005,0.0006,0.5,0.0,2.5274,1.5,1.5
15.733,2.5553,-0.0232,-0.0133,0.5005,0.0006,0.5,0.0,2.5274,1.5,1.5
15.75,2.5714,-0.0234,-0.0132,0.4754,0.0002,0.5,0.0,2.5274,1.5,1.5
15.75,2.5714,-0.0234,-0.0132,0.4754,0.0002,0.5,0.0,2.5274,1.5,1.5
15.75,2.5714,-0.0234,-0.0132,0.4754,0.0002,0.5,0.0,2.5274,1.5,1.5
15.783,2.5793,-0.0235,-0.0132,0.4745,0.0006,0.5,0.0,2.5274,1.5,1.5
15.8,2.5957,-0.0237,-0.0132,0.4997,0.0012,0.5,0.0,2.5274,1.5,1.5
15.8,2.5957,-0.0237,-0.0132,0.4997,0.0012,0.5,0.0,2.5274,1.5,1.5
15.8,2.5957,-0.0237,-0.0132,0.4997,0.0012,0.5,0.0,2.5274,1.5,1.5
15.833,2.6041,-0.0238,-0.0132,0.5006,0.0002,0.5,0.0,2.6736,1.5,1.5
15.833,2.6041,-0.0238,-0.0132,0.5006,0.0002,0.5,0.0,2.6736,1.5,1.5
15.85,2.6201,-0.0241,-0.0132,0.4756,0.0019,0.5,0.0,2.6736,1.5,1.5
15.867,2.6283,-0.0242,-0.0131,0.495,0.0011,0.5,0.0,2.6736,1.5,1.5
15.867,2.6283,-0.0242,-0.0131,0.495,0.0011,0.4737,0.0,2.6736,1.5,1.5
15.867,2.6283,-0.0242,-0.0131,0.495,0.0011,0.4737,0.0,2.6736,1.5,1.5
15.9,2.6366,-0.0243,-0.0131,0.4995,0.0016,0.4737,0.0,2.6736,1.5,1.5
15.917,2.6532,-0.0245,-0.0131,0.5006,0.0014,0.5,0.0,2.6736,1.5,1.5
15.917,2.6532,-0.0245,-0.0131,0.5006,0.0014,0.5,0.0,2.6736,1.5,1.5
15.917,2.6532,-0.0245,-0.0131,0.5006,0.0014,0.5,0.0,2.4954,1.5,1.5
15.95,2.6616,-0.0246,-0.0131,0.5006,0.0015,0.5,0.0,2.4954,1.5,1.5
15.95,2.6616,-0.0246,-0.0131,0.5006,0.0015,0.5,0.0,2.4954,1.5,1.5
15.967,2.6783,-0.0249,-0.0131,0.5005,0.0013,0.5,0.0,2.4954,1.5,1.5
15.967,2.6783,-0.0249,-0.0131,0.5005,0.0013,0.5,0.0,2.4954,1.5,1.5
16.0,2.6866,-0.025,-0.0131,0.5004,0.0011,0.5,0.0,2.4954,1.5,1.5
16.0,2.6866,-0.025,-0.0131,0.5004,0.0011,0.5,0.0,2.4954,1.5,1.5
16.017,2.7033,-0.0252,-0.0131,0.5003,0.0008,0.5,0.0,2.4954,1.5,1.5
16.033,2.7114,-0.0253,-0.0131,0.4794,0.0013,0.5,0.0,2.5481,1.5,1.5
16.033,2.7114,-0.0253,-0.0131,0.4794,0.0013,0.5,0.0,2.5481,1.5,1.5
16.033,2.7114,-0.0253,-0.0131,0.4794,0.0013,0.5,0.0789,2.5481,1.5,1.5
16.067,2.7193,-0.0254,-0.0131,0.4749,0.0002,0.5,0.0789,2.5481,1.5,1.5
16.067,2.7193,-0.0254,-0.0131,0.4749,0.0002,0.5,0.0789,2.5481,1.5,1.5
16.083,2.7357,-0.0256,-0.0131,0.4988,-0.0007,0.5,0.0789,2.5481,1.5,1.5
16.083,2.7357,-0.0256,-0.0131,0.4988,-0.0007,0.5,0.0789,2.5481,1.5,1.5
16.083,2.7357,-0.0256,-0.0131,0.4988,-0.0007,0.4737,0.0789,2.5481,1.5,1.5
16.117,2.7441,-0.0257,-0.0131,0.4997,-0.0,0.4737,0.0789,2.5481,1.5,1.5
16.133,2.7607,-0.0259,-0.0132,0.4998,-0.0012,0.5,0.0789,2.5532,1.5,1.5
16.133,2.7607,-0.0259,-0.0132,0.4998,-0.0012,0.5,0.0789,2.5532,1.5,1.5
16.133,2.7607,-0.0259,-0.0132,0.4998,-0.0012,0.5,0.0789,2.5532,1.5,1.5
16.167,2.7691,-0.026,-0.0132,0.4997,-0.0003,0.5,0.0789,2.5532,1.5,1.5
16.167,2.7691,-0.026,-0.0132,0.4997,-0.0003,0.5,0.0789,2.5532,1.5,1.5
16.183,2.7857,-0.0262,-0.0132,0.4996,-0.0015,0.5,0.0789,2.5532,1.5,1.5
16.2,2.794,-0.0264,-0.013,0.4996,-0.0005,0.5,0.0789,2.5532,1.5,1.5
16.2,2.794,-0.0264,-0.013,0.4996,-0.0005,0.5,0.0789,2.5532,1.5,1.5
16.2,2.794,-0.0264,-0.013,0.4996,-0.0005,0.5,0.0789,2.5532,1.5,1.5
16.233,2.8024,-0.0265,-0.0128,0.5006,0.0036,0.5,0.0789,2.6365,1.5,1.5
16.233,2.8024,-0.0265,-0.0128,0.5006,0.0036,0.5,0.0789,2.6365,1.5,1.5
16.25,2.8188,-0.0268,-0.0122,0.4795,0.0106,0.5,0.0789,2.6365,1.5,1.5
16.25,2.8188,-0.0268,-0.0122,0.4795,0.0106,0.5,0.0789,2.6365,1.5,1.5
16.25,2.8188,-0.0268,-0.0122,0.4795,0.0106,0.5,0.0789,2.6365,1.5,1.5
16.283,2.8268,-0.027,-0.0118,0.4759,0.0095,0.5,0.0789,2.6365,1.5,1.5
16.3,2.8432,-0.0273,-0.0109,0.4994,0.0156,0.5,0.0789,2.6365,1.5,1.5
16.3,2.8432,-0.0273,-0.0109,0.4994,0.0156,0.4737,0.0789,2.6365,1.5,1.5
16.3,2.8432,-0.0273,-0.0109,0.4994,0.0156,0.5,0.0263,2.6365,1.5,1.5
16.3,2.8432,-0.0273,-0.0109,0.4994,0.0156,0.5,0.0263,2.5184,1.5,1.5
16.333,2.8515,-0.0275,-0.0104,0.5004,0.0187,0.5,0.0263,2.5184,1.5,1.5
16.35,2.8682,-0.0278,-0.0093,0.5009,0.0215,0.5,0.0,2.5184,1.5,1.5
16.35,2.8682,-0.0278,-0.0093,0.5009,0.0215,0.5,0.0,2.5184,1.5,1.5
16.367,2.8766,-0.028,-0.0087,0.5011,0.0249,0.5,0.0,2.5184,1.5,1.5
16.367,2.8766,-0.028,-0.0087,0.5011,0.0249,0.5,0.0,2.5184,1.5,1.5
16.367,2.8766,-0.028,-0.0087,0.5011,0.0249,0.5,0.0,2.5184,1.5,1.5
16.4,2.8849,-0.0282,-0.0081,0.5011,0.0258,0.5,0.0,2.5184,1.5,1.5
16.417,2.9016,-0.0285,-0.0067,0.5012,0.0301,0.5,0.0,2.5184,1.5,1.5
16.417,2.9016,-0.0285,-0.0067,0.5012,0.0301,0.5,0.0,2.5217,1.5,1.5
16.417,2.9016,-0.0285,-0.0067,0.5012,0.0301,0.5,0.0,2.5217,1.5,1.5
16.45,2.91,-0.0287,-0.0059,0.5013,0.0328,0.5,0.0,2.5217,1.5,1.5
16.45,2.91,-0.0287,-0.0059,0.5013,0.0328,0.5,0.0,2.5217,1.5,1.5
16.467,2.9267,-0.0289,-0.0046,0.5,0.0415,0.5,0.0,2.5217,1.5,1.5
16.467,2.9267,-0.0289,-0.0046,0.5,0.0415,0.4737,0.0,2.5217,1.5,1.5
16.467,2.9267,-0.0289,-0.0046,0.5,0.0415,0.4737,0.0,2.5217,1.5,1.5
16.5,2.935,-0.0291,-0.004,0.4994,0.0411,0.4737,0.0,2.5217,1.5,1.5
16.517,2.9517,-0.0293,-0.0028,0.5002,0.0347,0.5,0.0,2.5217,1.5,1.5
16.517,2.9517,-0.0293,-0.0028,0.5002,0.0347,0.5,0.0,2.6081,1.5,1.5
16.533,2.96,-0.0294,-0.0024,0.5001,0.0365,0.5,0.0,2.6081,1.5,1.5
16.533,2.96,-0.0294,-0.0024,0.5001,0.0365,0.5,0.0,2.6081,1.5,1.5
16.533,2.96,-0.0294,-0.0024,0.5001,0.0365,0.5,0.0,2.6081,1.5,1.5
16.567,2.9683,-0.0295,-0.0018,0.5007,0.0292,0.5,0.0,2.6081,1.5,1.5
16.583,2.985,-0.0297,-0.0007,0.5008,0.0287,0.4737,0.0,2.6081,1.5,1.5
16.583,2.985,-0.0297,-0.0007,0.5008,0.0287,0.4737,0.0,2.6081,1.5,1.5
16.583,2.985,-0.0297,-0.0007,0.5008,0.0287,0.4737,0.0,2.6081,1.5,1.5
16.617,2.9934,-0.0298,-0.0,0.5009,0.0286,0.4737,0.0,2.6081,1.5,1.5
16.617,2.9934,-0.0298,-0.0,0.5009,0.0286,0.4737,0.0,2.5781,1.5,1.5
16.633,3.0095,-0.0299,0.0,0.4755,0.0265,0.5,0.0,2.5781,1.5,1.5
16.633,3.0095,-0.0299,0.0,0.4755,0.0265,0.5,0.0,2.5781,1.5,1.5
16.633,3.0095,-0.0299,0.0,0.4755,0.0265,0.5,0.0,2.5781,1.5,1.5
16.667,3.0176,-0.0299,0.0007,0.4958,0.0261,0.5,0.0,2.5781,1.5,1.5
16.683,3.0342,-0.03,0.0014,0.5006,0.0251,0.5,0.0,2.5781,1.5,1.5
16.683,3.0342,-0.03,0.0014,0.5006,0.0251,0.5,0.0,2.5781,1.5,1.5
16.7,3.0426,-0.0301,0.0015,0.5006,0.0257,0.5,0.0,2.5781,1.5,1.5
16.7,3.0426,-0.0301,0.0015,0.5006,0.0257,0.5,0.0,2.5781,1.5,1.5
16.7,3.0426,-0.0301,0.0015,0.5006,0.0257,0.5,0.0,2.6728,1.5,1.5
16.733,3.0507,-0.0301,0.002,0.4797,0.024,0.5,0.0,2.6728,1.5,1.5
16.75,3.0666,-0.0302,0.0027,0.4744,0.0235,0.5,0.0,2.6728,1.5,1.5
16.75,3.0666,-0.0302,0.0027,0.4744,0.0235,0.5,0.0,2.6728,1.5,1.5
16.75,3.0666,-0.0302,0.0027,0.4744,0.0235,0.5,0.0,2.6728,1.5,1.5
16.783,3.0745,-0.0302,0.003,0.4743,0.0226,0.5,0.0,2.6728,1.5,1.5
16.783,3.0745,-0.0302,0.003,0.4743,0.0226,0.5,0.0,2.6728,1.5,1.5
16.8,3.0909,-0.0302,0.0037,0.4992,0.0222,0.4737,0.0,2.6728,1.5,1.5
16.8,3.0909,-0.0302,0.0037,0.4992,0.0222,0.4737,0.0,2.6728,1.5,1.5
16.833,3.0992,-0.0302,0.0039,0.5002,0.0214,0.4737,0.0,2.6636,1.5,1.5
16.833,3.0992,-0.0302,0.0039,0.5002,0.0214,0.4737,0.0,2.6636,1.5,1.5
16.85,3.1159,-0.0303,0.0044,0.5002,0.0196,0.5,0.0,2.6636,1.5,1.5
16.85,3.1159,-0.0303,0.0044,0.5002,0.0196,0.5,0.0,2.6636,1.5,1.5
16.867,3.1242,-0.0302,0.0046,0.5001,0.0192,0.5,0.0,2.6636,1.5,1.5
16.867,3.1242,-0.0302,0.0046,0.5001,0.0192,0.5,0.0,2.6636,1.5,1.5
16.867,3.1242,-0.0302,0.0046,0.5001,0.0192,0.5,0.0,2.6636,1.5,1.5
16.9,3.1326,-0.0302,0.0048,0.5001,0.0184,0.5,0.0,2.6636,1.5,1.5
16.917,3.1492,-0.0302,0.0053,0.4999,0.0165,0.5,0.0,2.6636,1.5,1.5
16.917,3.1492,-0.0302,0.0053,0.4999,0.0165,0.5,0.0,2.6083,1.5,1.5
16.917,3.1492,-0.0302,0.0053,0.4999,0.0165,0.5,0.0,2.6083,1.5,1.5
16.95,3.1576,-0.0302,0.0055,0.4998,0.0157,0.5,0.0,2.6083,1.5,1.5
16.95,3.1576,-0.0302,0.0055,0.4998,0.0157,0.5,0.0,2.6083,1.5,1.5
16.967,3.1736,-0.0302,0.0057,0.4745,0.0136,0.5,0.0,2.6083,1.5,1.5
16.967,3.1736,-0.0302,0.0057,0.4745,0.0136,0.4737,0.0,2.6083,1.5,1.5
16.967,3.1736,-0.0302,0.0057,0.4745,0.0136,0.4737,0.0,2.6083,1.5,1.5
17.0,3.1817,-0.0301,0.006,0.4944,0.0129,0.4737,0.0,2.6083,1.5,1.5
17.017,3.1983,-0.0301,0.0063,0.4993,0.0119,0.5,0.0263,2.6083,1.5,1.5
17.017,3.1983,-0.0301,0.0063,0.4993,0.0119,0.5,0.0263,2.6365,1.5,1.5
17.033,3.2067,-0.0301,0.0064,0.4994,0.0118,0.5,0.0263,2.6365,1.5,1.5
17.033,3.2067,-0.0301,0.0064,0.4994,0.0118,0.5,0.0263,2.6365,1.5,1.5
17.033,3.2067,-0.0301,0.0064,0.4994,0.0118,0.5,0.0263,2.6365,1.5,1.5
17.067,3.215,-0.03,0.0066,0.4995,0.011,0.5,0.0263,2.6365,1.5,1.5
17.083,3.2316,-0.03,0.0068,0.4995,0.0104,0.5,0.0263,2.6365,1.5,1.5
17.083,3.2316,-0.03,0.0068,0.4995,0.0104,0.5,0.0263,2.6365,1.5,1.5
17.083,3.2316,-0.03,0.0068,0.4995,0.0104,0.5,0.0263,2.6365,1.5,1.5
17.117,3.24,-0.0299,0.0069,0.4996,0.0095,0.5,0.0263,2.6365,1.5,1.5
17.117,3.24,-0.0299,0.0069,0.4996,0.0095,0.5,0.0263,2.6146,1.5,1.5
17.133,3.256,-0.0298,0.0071,0.4745,0.0079,0.5,0.0263,2.6146,1.5,1.5
17.133,3.256,-0.0298,0.0071,0.4745,0.0079,0.5,0.0263,2.6146,1.5,1.5
17.167,3.2641,-0.0298,0.0073,0.4947,0.0014,0.5,0.0263,2.6146,1.5,1.5
17.167,3.2641,-0.0298,0.0073,0.4947,0.0014,0.5,0.0263,2.6146,1.5,1.5
17.183,3.2808,-0.0297,0.0078,0.4997,0.0066,0.4737,0.0263,2.6146,1.5,1.5
17.2,3.2891,-0.0297,0.008,0.5,0.0073,0.4737,0.0263,2.6146,1.5,1.5
17.2,3.2891,-0.0297,0.008,0.5,0.0073,0.4737,0.0263,2.6146,1.5,1.5
17.2,3.2891,-0.0297,0.008,0.5,0.0073,0.4737,0.0263,2.6146,1.5,1.5
17.233,3.2974,-0.0297,0.0082,0.5001,0.0084,0.4737,0.0263,2.5993,1.5,1.5
17.233,3.2974,-0.0297,0.0082,0.5001,0.0084,0.4737,0.0263,2.5993,1.5,1.5
17.25,3.3141,-0.0296,0.0087,0.5002,0.01,0.5,0.0263,2.5993,1.5,1.5
17.25,3.3141,-0.0296,0.0087,0.5002,0.01,0.5,0.0263,2.5993,1.5,1.5
17.25,3.3141,-0.0296,0.0087,0.5002,0.01,0.5,0.0263,2.5993,1.5,1.5
17.283,3.3225,-0.0296,0.009,0.5003,0.0108,0.5,0.0263,2.5993,1.5,1.5
17.283,3.3225,-0.0296,0.009,0.5003,0.0108,0.5,0.0263,2.5993,1.5,1.5
17.3,3.3391,-0.0295,0.0096,0.5008,0.0133,0.4737,0.0263,2.5993,1.5,1.5
17.3,3.3391,-0.0295,0.0096,0.5008,0.0133,0.4737,0.0263,2.5993,1.5,1.5
17.3,3.3391,-0.0295,0.0096,0.5008,0.0133,0.4737,0.0263,2.6474,1.5,1.5
17.333,3.3473,-0.0295,0.0099,0.4794,0.0161,0.4737,0.0263,2.6474,1.5,1.5
17.35,3.3632,-0.0294,0.0104,0.4748,0.0146,0.5,0.0263,2.6474,1.5,1.5
17.35,3.3632,-0.0294,0.0104,0.4748,0.0146,0.5,0.0263,2.6474,1.5,1.5
17.367,3.3711,-0.0294,0.0108,0.4745,0.0155,0.5,0.0263,2.6474,1.5,1.5
17.367,3.3711,-0.0294,0.0108,0.4745,0.0155,0.5,0.0263,2.6474,1.5,1.5
17.367,3.3711,-0.0294,0.0108,0.4745,0.0155,0.5,0.0263,2.6474,1.5,1.5
17.4,3.379,-0.0294,0.0111,0.4745,0.0149,0.5,0.0263,2.6474,1.5,1.5
17.417,3.3954,-0.0293,0.0118,0.4997,0.0176,0.5,0.0263,2.6474,1.5,1.5
17.417,3.3954,-0.0293,0.0118,0.4997,0.0176,0.5,0.0263,2.6125,1.5,1.5
17.417,3.3954,-0.0293,0.0118,0.4997,0.0176,0.5,0.0263,2.6125,1.5,1.5
17.45,3.4037,-0.0292,0.0122,0.5006,0.0183,0.5,0.0263,2.6125,1.5,1.5
17.45,3.4037,-0.0292,0.0122,0.5006,0.0183,0.5,0.0263,2.6125,1.5,1.5
17.467,3.4198,-0.0292,0.0129,0.4757,0.0182,0.5,0.0,2.6125,1.5,1.5
17.467,3.4198,-0.0292,0.0129,0.4757,0.0182,0.4737,0.0,2.6125,1.5,1.5
17.467,3.4198,-0.0292,0.0129,0.4757,0.0182,0.4737,0.0,2.6125,1.5,1.5
17.5,3.428,-0.0291,0.0132,0.4954,0.0199,0.4737,0.0,2.6125,1.5,1.5
17.517,3.4446,-0.029,0.0139,0.5006,0.0207,0.4737,0.0,2.6125,1.5,1.5
17.517,3.4446,-0.029,0.0139,0.5006,0.0207,0.4737,0.0,2.6008,1.5,1.5
17.533,3.453,-0.0289,0.0144,0.5008,0.0209,0.5,0.0,2.6008,1.5,1.5
17.533,3.453,-0.0289,0.0144,0.5008,0.0209,0.5,0.0,2.6008,1.5,1.5
17.567,3.4613,-0.0289,0.0147,0.5008,0.0212,0.5,0.0,2.6008,1.5,1.5
17.567,3.4613,-0.0289,0.0147,0.5008,0.0212,0.5,0.0,2.6008,1.5,1.5
17.583,3.478,-0.0287,0.0155,0.5007,0.0218,0.5,0.0,2.6008,1.5,1.5
17.583,3.478,-0.0287,0.0155,0.5007,0.0218,0.5,0.0,2.6008,1.5,1.5
17.583,3.478,-0.0287,0.0155,0.5007,0.0218,0.5,-0.0263,2.6008,1.5,1.5
17.617,3.4863,-0.0287,0.0159,0.5006,0.022,0.5,-0.0263,2.6008,1.5,1.5
17.633,3.5024,-0.0285,0.0165,0.4753,0.0226,0.5,-0.0263,2.5804,1.5,1.5
17.633,3.5024,-0.0285,0.0165,0.4753,0.0226,0.5,-0.0263,2.5804,1.5,1.5
17.633,3.5024,-0.0285,0.0165,0.4753,0.0226,0.5,-0.0263,2.5804,1.5,1.5
17.667,3.5103,-0.0284,0.0168,0.4742,0.0219,0.5,-0.0263,2.5804,1.5,1.5
17.667,3.5103,-0.0284,0.0168,0.4742,0.0219,0.5,-0.0263,2.5804,1.5,1.5
17.667,3.5103,-0.0284,0.0168,0.4742,0.0219,0.5,-0.0263,2.5804,1.5,1.5
17.683,3.5263,-0.0282,0.0173,0.4949,0.0252,0.5,-0.0263,2.5804,1.5,1.5
17.683,3.5263,-0.0282,0.0173,0.4949,0.0252,0.5,-0.0263,2.5804,1.5,1.5
17.7,3.5346,-0.0281,0.0176,0.4989,0.0198,0.5,-0.0263,2.5804,1.5,1.5
17.7,3.5346,-0.0281,0.0176,0.4989,0.0198,0.5,-0.0263,2.5804,1.5,1.5
17.733,3.5429,-0.028,0.0178,0.5,0.0198,0.5,-0.0263,2.5793,1.5,1.5
17.733,3.5429,-0.028,0.0178,0.5,0.0198,0.5,-0.0263,2.5793,1.5,1.5
17.75,3.5596,-0.0278,0.0181,0.5,0.0133,0.5,-0.0263,2.5793,1.5,1.5
17.75,3.5596,-0.0278,0.0181,0.5,0.0133,0.5,-0.0263,2.5793,1.5,1.5
17.75,3.5596,-0.0278,0.0181,0.5,0.0133,0.5,-0.0263,2.5793,1.5,1.5
17.783,3.5679,-0.0276,0.0182,0.4997,0.0134,0.5,-0.0263,2.5793,1.5,1.5
17.8,3.5846,-0.0273,0.0183,0.4996,0.0109,0.5,-0.0263,2.5793,1.5,1.5
17.8,3.5846,-0.0273,0.0183,0.4996,0.0109,0.5,-0.0263,2.5793,1.5,1.5
17.8,3.5846,-0.0273,0.0183,0.4996,0.0109,0.5,-0.0263,2.5793,1.5,1.5
17.833,3.5929,-0.0272,0.0183,0.4995,0.0091,0.5,-0.0263,2.6198,1.5,1.5
17.833,3.5929,-0.0272,0.0183,0.4995,0.0091,0.5,-0.0263,2.6198,1.5,1.5
17.833,3.5929,-0.0272,0.0183,0.4995,0.0091,0.5,-0.0263,2.6198,1.5,1.5
17.85,3.6096,-0.0269,0.0184,0.4995,0.0078,0.5,-0.0263,2.6198,1.5,1.5
17.85,3.6096,-0.0269,0.0184,0.4995,0.0078,0.5,-0.0263,2.6198,1.5,1.5
17.867,3.6179,-0.0267,0.0184,0.4995,0.0083,0.5,-0.0263,2.6198,1.5,1.5
17.867,3.6179,-0.0267,0.0184,0.4995,0.0083,0.5,-0.0263,2.6198,1.5,1.5
17.9,3.6262,-0.0266,0.0184,0.4996,0.0066,0.5,-0.0263,2.6198,1.5,1.5
17.9,3.6262,-0.0266,0.0184,0.4996,0.0066,0.5,-0.0263,2.6198,1.5,1.5
17.917,3.6429,-0.0262,0.0183,0.4996,0.0041,0.4737,-0.0263,2.6198,1.5,1.5
17.917,3.6429,-0.0262,0.0183,0.4996,0.0041,0.4737,-0.0263,2.5653,1.5,1.5
17.917,3.6429,-0.0262,0.0183,0.4996,0.0041,0.5,-0.0263,2.5653,1.5,1.5
17.95,3.6512,-0.0261,0.0183,0.4996,0.0029,0.5,-0.0263,2.5653,1.5,1.5
17.967,3.6678,-0.0258,0.0181,0.4997,0.0007,0.5,-0.0263,2.5653,1.5,1.5
17.967,3.6678,-0.0258,0.0181,0.4997,0.0007,0.5,-0.0263,2.5653,1.5,1.5
17.967,3.6678,-0.0258,0.0181,0.4997,0.0007,0.5,-0.0263,2.5653,1.5,1.5
18.0,3.6762,-0.0256,0.018,0.4998,-0.0003,0.5,-0.0263,2.5653,1.5,1.5
18.0,3.6762,-0.0256,0.018,0.4998,-0.0003,0.5,-0.0263,2.5653,1.5,1.5
18.017,3.6928,-0.0252,0.0178,0.4999,-0.0021,0.5,-0.0263,2.5653,1.5,1.5
18.033,3.7012,-0.0251,0.0177,0.5,-0.003,0.5,-0.0263,2.5951,1.5,1.5
18.033,3.7012,-0.0251,0.0177,0.5,-0.003,0.5,-0.0263,2.5951,1.5,1.5
18.033,3.7012,-0.0251,0.0177,0.5,-0.003,0.5,-0.0263,2.5951,1.5,1.5
18.067,3.7095,-0.0249,0.0176,0.5,-0.0038,0.5,-0.0263,2.5951,1.5,1.5
18.067,3.7095,-0.0249,0.0176,0.5,-0.0038,0.5,-0.0263,2.5951,1.5,1.5
18.083,3.7258,-0.0246,0.0173,0.4952,-0.0056,0.5,-0.0263,2.5951,1.5,1.5
18.083,3.7258,-0.0246,0.0173,0.4952,-0.0056,0.5,-0.0263,2.5951,1.5,1.5
18.083,3.7258,-0.0246,0.0173,0.4952,-0.0056,0.5,-0.0263,2.5951,1.5,1.5
18.117,3.7341,-0.0244,0.0172,0.4991,-0.0057,0.5,-0.0263,2.5951,1.5,1.5
18.133,3.7508,-0.0241,0.0169,0.5003,-0.0067,0.5,-0.0263,2.5957,1.5,1.5
18.133,3.7508,-0.0241,0.0169,0.5003,-0.0067,0.5,-0.0263,2.5957,1.5,1.5
18.133,3.7508,-0.0241,0.0169,0.5003,-0.0067,0.5,-0.0263,2.5957,1.5,1.5
18.167,3.7591,-0.0239,0.0167,0.5004,-0.0076,0.5,-0.0263,2.5957,1.5,1.5
18.183,3.7758,-0.0236,0.0163,0.5006,-0.0086,0.5,-0.0263,2.5957,1.5,1.5
18.183,3.7758,-0.0236,0.0163,0.5006,-0.0086,0.5,-0.0263,2.5957,1.5,1.5
18.2,3.7841,-0.0234,0.0161,0.5006,-0.0089,0.4737,-0.0263,2.5957,1.5,1.5
18.2,3.7841,-0.0234,0.0161,0.5006,-0.0089,0.4737,-0.0263,2.5957,1.5,1.5
18.2,3.7841,-0.0234,0.0161,0.5006,-0.0089,0.4737,-0.0263,2.5628,1.5,1.5
18.233,3.7925,-0.0232,0.0159,0.5006,-0.0095,0.4737,-0.0263,2.5628,1.5,1.5
18.25,3.8092,-0.0229,0.0155,0.5007,-0.0104,0.5,-0.0263,2.5628,1.5,1.5
18.25,3.8092,-0.0229,0.0155,0.5007,-0.0104,0.5,-0.0263,2.5628,1.5,1.5
18.25,3.8092,-0.0229,0.0155,0.5007,-0.0104,0.5,-0.0263,2.5628,1.5,1.5
18.283,3.8175,-0.0227,0.0152,0.5007,-0.0107,0.5,-0.0263,2.5628,1.5,1.5
18.283,3.8175,-0.0227,0.0152,0.5007,-0.0107,0.5,-0.0263,2.5628,1.5,1.5
18.3,3.8342,-0.0224,0.0147,0.5006,-0.0117,0.5,-0.0263,2.5628,1.5,1.5
18.3,3.8342,-0.0224,0.0147,0.5006,-0.0117,0.5,-0.0263,2.5628,1.5,1.5
18.3,3.8342,-0.0224,0.0147,0.5006,-0.0117,0.5,-0.0263,2.5628,1.5,1.5
18.333,3.8425,-0.0223,0.0145,0.5007,-0.0129,0.5,-0.0263,2.5943,1.5,1.5
18.35,3.859,-0.0219,0.0139,0.4806,-0.0107,0.5,-0.0263,2.5943,1.5,1.5
18.35,3.859,-0.0219,0.0139,0.4806,-0.0107,0.5,-0.0263,2.5943,1.5,1.5
18.367,3.867,-0.0218,0.0136,0.4754,-0.014,0.5,-0.0263,2.5943,1.5,1.5
18.367,3.867,-0.0218,0.0136,0.4754,-0.014,0.5,-0.0263,2.5943,1.5,1.5
18.367,3.867,-0.0218,0.0136,0.4754,-0.014,0.5,-0.0263,2.5943,1.5,1.5
18.4,3.8751,-0.0216,0.0133,0.4949,-0.0167,0.5,-0.0263,2.5943,1.5,1.5
18.417,3.8917,-0.0213,0.0127,0.5002,-0.0144,0.5,-0.0263,2.5943,1.5,1.5
18.417,3.8917,-0.0213,0.0127,0.5002,-0.0144,0.5,-0.0263,2.6451,1.5,1.5
18.417,3.8917,-0.0213,0.0127,0.5002,-0.0144,0.5,-0.0263,2.6451,1.5,1.5
18.45,3.9001,-0.0212,0.0124,0.5005,-0.0166,0.5,-0.0263,2.6451,1.5,1.5
18.45,3.9001,-0.0212,0.0124,0.5005,-0.0166,0.5,-0.0263,2.6451,1.5,1.5
18.467,3.9167,-0.0208,0.0117,0.501,-0.0173,0.5,-0.0263,2.6451,1.5,1.5
18.467,3.9167,-0.0208,0.0117,0.501,-0.0173,0.5,-0.0263,2.6451,1.5,1.5
18.467,3.9167,-0.0208,0.0117,0.501,-0.0173,0.5,-0.0263,2.6451,1.5,1.5
18.5,3.9251,-0.0207,0.0113,0.5005,-0.021,0.5,-0.0263,2.6451,1.5,1.5
18.517,3.9417,-0.0204,0.0106,0.5001,-0.0197,0.5,-0.0263,2.6451,1.5,1.5
18.517,3.9417,-0.0204,0.0106,0.5001,-0.0197,0.5,-0.0263,2.6451,1.5,1.5
18.533,3.9501,-0.0203,0.0102,0.5007,-0.0191,0.5,-0.0263,2.5968,1.5,1.5
18.533,3.9501,-0.0203,0.0102,0.5007,-0.0191,0.5,-0.0263,2.5968,1.5,1.5
18.533,3.9501,-0.0203,0.0102,0.5007,-0.0191,0.5,-0.0263,2.5968,1.5,1.5
18.567,3.9584,-0.0201,0.0098,0.5,-0.0204,0.5,-0.0263,2.5968,1.5,1.5
18.583,3.9751,-0.0198,0.009,0.4999,-0.0213,0.5,0.0,2.5968,1.5,1.5
18.583,3.9751,-0.0198,0.009,0.4999,-0.0213,0.5,0.0,2.5968,1.5,1.5
18.583,3.9751,-0.0198,0.009,0.4999,-0.0213,0.5,0.0,2.5968,1.5,1.5
18.617,3.9834,-0.0197,0.0086,0.4996,-0.0212,0.5,0.0,2.5968,1.5,1.5
18.617,3.9834,-0.0197,0.0086,0.4996,-0.0212,0.5,0.0,2.6126,1.5,1.5
18.633,4.0001,-0.0194,0.0077,0.4995,-0.0223,0.5,0.0,2.6126,1.5,1.5
18.633,4.0001,-0.0194,0.0077,0.4995,-0.0223,0.5,0.0,2.6126,1.5,1.5
18.633,4.0001,-0.0194,0.0077,0.4995,-0.0223,0.5,0.0,2.6126,1.5,1.5
18.667,4.0084,-0.0193,0.0073,0.4995,-0.0227,0.5,0.0,2.6126,1.5,1.5
18.683,4.025,-0.019,0.0066,0.4994,-0.0236,0.5,0.0,2.6126,1.5,1.5
18.683,4.025,-0.019,0.0066,0.4994,-0.0236,0.5,0.0,2.6126,1.5,1.5
18.7,4.0334,-0.0189,0.0061,0.4994,-0.0239,0.4737,0.0,2.6126,1.5,1.5
18.7,4.0334,-0.0189,0.0061,0.4994,-0.0239,0.4737,0.0,2.6126,1.5,1.5
18.7,4.0334,-0.0189,0.0061,0.4994,-0.0239,0.4737,0.0,2.6126,1.5,1.5
18.733,4.0417,-0.0188,0.0058,0.4995,-0.0252,0.4737,0.0,2.6028,1.5,1.5
18.733,4.0417,-0.0188,0.0058,0.4995,-0.0252,0.4737,0.0,2.6028,1.5,1.5
18.75,4.0583,-0.0186,0.005,0.4994,-0.0247,0.5,0.0,2.6028,1.5,1.5
18.75,4.0583,-0.0186,0.005,0.4994,-0.0247,0.5,0.0,2.6028,1.5,1.5
18.75,4.0583,-0.0186,0.005,0.4994,-0.0247,0.5,0.0,2.6028,1.5,1.5
18.783,4.0667,-0.0185,0.0047,0.4994,-0.0242,0.5,0.0,2.6028,1.5,1.5
18.8,4.0833,-0.0184,0.0041,0.4996,-0.0232,0.5,0.0,2.6028,1.5,1.5
18.8,4.0833,-0.0184,0.0041,0.4996,-0.0232,0.5,0.0,2.6028,1.5,1.5
18.8,4.0833,-0.0184,0.0041,0.4996,-0.0232,0.5,0.0,2.6028,1.5,1.5
18.833,4.0917,-0.0183,0.0038,0.4996,-0.0222,0.5,0.0,2.6573,1.5,1.5
18.833,4.0917,-0.0183,0.0038,0.4996,-0.0222,0.5,0.0,2.6573,1.5,1.5
18.85,4.1081,-0.0181,0.0032,0.479,-0.0196,0.5,0.0,2.6573,1.5,1.5
18.867,4.116,-0.0181,0.003,0.4748,-0.0196,0.5,0.0,2.6573,1.5,1.5
18.867,4.116,-0.0181,0.003,0.4748,-0.0196,0.5,0.0,2.6573,1.5,1.5
18.867,4.116,-0.0181,0.003,0.4748,-0.0196,0.5,0.0,2.6573,1.5,1.5
18.9,4.124,-0.018,0.0028,0.4739,-0.0189,0.5,0.0,2.6573,1.5,1.5
18.9,4.124,-0.018,0.0028,0.4739,-0.0189,0.5,0.0,2.6573,1.5,1.5
18.917,4.1404,-0.0179,0.0023,0.4989,-0.0174,0.4737,0.0,2.6573,1.5,1.5
18.917,4.1404,-0.0179,0.0023,0.4989,-0.0174,0.4737,0.0,2.6284,1.5,1.5
18.917,4.1404,-0.0179,0.0023,0.4989,-0.0174,0.4737,0.0,2.6284,1.5,1.5
18.95,4.1487,-0.0179,0.002,0.4999,-0.0177,0.4737,0.0,2.6284,1.5,1.5
18.967,4.1654,-0.0178,0.0018,0.5003,-0.0159,0.5,0.0,2.6284,1.5,1.5
18.967,4.1654,-0.0178,0.0018,0.5003,-0.0159,0.5,0.0,2.6284,1.5,1.5
18.967,4.1654,-0.0178,0.0018,0.5003,-0.0159,0.5,0.0,2.6284,1.5,1.5
19.0,4.1737,-0.0177,0.0017,0.5004,-0.0151,0.5,0.0,2.6284,1.5,1.5
19.0,4.1737,-0.0177,0.0017,0.5004,-0.0151,0.5,0.0,2.6284,1.5,1.5
19.017,4.1904,-0.0176,0.001,0.5005,-0.0138,0.5,0.0,2.6284,1.5,1.5
19.033,4.1987,-0.0176,0.001,0.5005,-0.0131,0.5,0.0,2.6398,1.5,1.5
19.033,4.1987,-0.0176,0.001,0.5005,-0.0131,0.5,0.0,2.6398,1.5,1.5
19.033,4.1987,-0.0176,0.001,0.5005,-0.0131,0.5,0.0,2.6398,1.5,1.5
19.067,4.2071,-0.0176,0.0007,0.5005,-0.0124,0.5,0.0,2.6398,1.5,1.5
19.067,4.2071,-0.0176,0.0007,0.5005,-0.0124,0.5,0.0,2.6398,1.5,1.5
19.067,4.2071,-0.0176,0.0007,0.5005,-0.0124,0.5,0.0,2.6398,1.5,1.5
19.083,4.2232,-0.0175,0.0007,0.4754,-0.011,0.5,0.0,2.6398,1.5,1.5
19.083,4.2232,-0.0175,0.0007,0.4754,-0.011,0.5,0.0,2.6398,1.5,1.5
19.083,4.2232,-0.0175,0.0007,0.4754,-0.011,0.5,0.0,2.6398,1.5,1.5
19.117,4.2311,-0.0175,0.0,0.4745,-0.0101,0.5,0.0,2.6398,1.5,1.5
19.117,4.2311,-0.0175,0.0,0.4745,-0.0101,0.5,0.0,2.6464,1.5,1.5
19.133,4.2475,-0.0175,0.0,0.4996,-0.0085,0.5,0.0,2.6464,1.5,1.5
19.133,4.2475,-0.0175,0.0,0.4996,-0.0085,0.5,0.0,2.6464,1.5,1.5
19.167,4.2559,-0.0174,0.0,0.5004,-0.0099,0.5,0.0,2.6464,1.5,1.5
19.167,4.2559,-0.0174,0.0,0.5004,-0.0099,0.5,0.0,2.6464,1.5,1.5
19.183,4.2725,-0.0174,0.0,0.5006,-0.0077,0.5,0.0,2.6464,1.5,1.5
19.2,4.2809,-0.0174,0.0,0.5006,-0.0084,0.4737,0.0,2.6464,1.5,1.5
19.2,4.2809,-0.0174,0.0,0.5006,-0.0084,0.4737,0.0,2.6464,1.5,1.5
19.2,4.2809,-0.0174,0.0,0.5006,-0.0084,0.4737,0.0,2.6464,1.5,1.5
19.233,4.2892,-0.0174,0.0,0.5006,-0.0079,0.4737,0.0,2.6809,1.5,1.5
19.233,4.2892,-0.0174,0.0,0.5006,-0.0079,0.5,0.0,2.6809,1.5,1.5
19.25,4.3059,-0.0173,0.0,0.5004,-0.0075,0.5,0.0,2.6809,1.5,1.5
19.25,4.3059,-0.0173,0.0,0.5004,-0.0075,0.5,0.0,2.6809,1.5,1.5
19.25,4.3059,-0.0173,0.0,0.5004,-0.0075,0.5,0.0,2.6809,1.5,1.5
19.283,4.3143,-0.0173,0.0,0.5004,-0.0073,0.5,0.0,2.6809,1.5,1.5
19.3,4.3309,-0.0173,0.0,0.5002,-0.007,0.4737,0.0,2.6809,1.5,1.5
19.3,4.3309,-0.0173,0.0,0.5002,-0.007,0.4737,0.0,2.6809,1.5,1.5
19.3,4.3309,-0.0173,0.0,0.5002,-0.007,0.4737,0.0,2.6809,1.5,1.5
19.333,4.3393,-0.0173,0.0,0.5002,-0.0069,0.4737,0.0,2.6095,1.5,1.5
19.333,4.3393,-0.0173,0.0,0.5002,-0.0069,0.4737,0.0,2.6095,1.5,1.5
19.35,4.3553,-0.0173,-0.001,0.4748,-0.0068,0.5,0.0,2.6095,1.5,1.5
19.35,4.3553,-0.0173,-0.001,0.4748,-0.0068,0.5,0.0,2.6095,1.5,1.5
19.367,4.3632,-0.0173,-0.0007,0.4739,-0.0066,0.5,0.0,2.6095,1.5,1.5
19.367,4.3632,-0.0173,-0.0007,0.4739,-0.0066,0.5,0.0,2.6095,1.5,1.5
19.367,4.3632,-0.0173,-0.0007,0.4739,-0.0066,0.5,0.0,2.6095,1.5,1.5
19.4,4.3713,-0.0173,-0.0012,0.4937,-0.0072,0.5,0.0,2.6095,1.5,1.5
19.417,4.3879,-0.0172,-0.0012,0.4995,-0.0074,0.5,0.0,2.6095,1.5,1.5
19.417,4.3879,-0.0172,-0.0012,0.4995,-0.0074,0.5,0.0,2.6292,1.5,1.5
19.417,4.3879,-0.0172,-0.0012,0.4995,-0.0074,0.5,0.0,2.6292,1.5,1.5
19.45,4.3963,-0.0172,-0.0014,0.4997,-0.0071,0.5,0.0,2.6292,1.5,1.5
19.45,4.3963,-0.0172,-0.0014,0.4997,-0.0071,0.5,0.0,2.6292,1.5,1.5
19.467,4.4123,-0.0172,-0.0015,0.4745,-0.0076,0.5,0.0,2.6292,1.5,1.5
19.467,4.4123,-0.0172,-0.0015,0.4745,-0.0076,0.5,0.0,2.6292,1.5,1.5
19.467,4.4123,-0.0172,-0.0015,0.4745,-0.0076,0.5,0.0,2.6292,1.5,1.5
19.5,4.4204,-0.0172,-0.0017,0.4943,-0.0074,0.5,0.0,2.6292,1.5,1.5
19.517,4.437,-0.0172,-0.002,0.4993,-0.0067,0.4737,0.0,2.6292,1.5,1.5
19.517,4.437,-0.0172,-0.002,0.4993,-0.0067,0.4737,0.0,2.6292,1.5,1.5
19.533,4.4453,-0.0172,-0.0021,0.4995,-0.0069,0.4737,0.0,2.6318,1.5,1.5
19.533,4.4453,-0.0172,-0.0021,0.4995,-0.0069,0.4737,0.0,2.6318,1.5,1.5
19.533,4.4453,-0.0172,-0.0021,0.4995,-0.0069,0.5,0.0,2.6318,1.5,1.5
19.567,4.4537,-0.0172,-0.0021,0.4995,-0.0069,0.5,0.0,2.6318,1.5,1.5
19.583,4.4703,-0.0172,-0.0022,0.4996,-0.0063,0.5,0.0,2.6318,1.5,1.5
19.583,4.4703,-0.0172,-0.0022,0.4996,-0.0063,0.5,0.0,2.6318,1.5,1.5
19.583,4.4703,-0.0172,-0.0022,0.4996,-0.0063,0.5,0.0,2.6318,1.5,1.5
19.617,4.4787,-0.0172,-0.0023,0.4996,-0.0058,0.5,0.0,2.6318,1.5,1.5
19.617,4.4787,-0.0172,-0.0023,0.4996,-0.0058,0.5,0.0,2.6019,1.5,1.5
19.633,4.4953,-0.0173,-0.0024,0.4997,-0.0057,0.5,0.0,2.6019,1.5,1.5
19.633,4.4953,-0.0173,-0.0024,0.4997,-0.0057,0.5,0.0,2.6019,1.5,1.5
19.633,4.4953,-0.0173,-0.0024,0.4997,-0.0057,0.5,0.0,2.6019,1.5,1.5
19.667,4.5034,-0.0173,-0.0026,0.479,-0.005,0.5,0.0,2.6019,1.5,1.5
19.683,4.5193,-0.0173,-0.0026,0.4738,-0.0046,0.5,0.0,2.6019,1.5,1.5
19.683,4.5193,-0.0173,-0.0026,0.4738,-0.0046,0.5,0.0,2.6019,1.5,1.5
19.7,4.5274,-0.0173,-0.0026,0.4942,-0.0059,0.5,0.0,2.6019,1.5,1.5
19.7,4.5274,-0.0173,-0.0026,0.4942,-0.0059,0.4737,0.0,2.6019,1.5,1.5
19.7,4.5274,-0.0173,-0.0026,0.4942,-0.0059,0.4737,0.0,2.6019,1.5,1.5
19.733,4.5357,-0.0173,-0.0027,0.4989,-0.0045,0.4737,0.0,2.5746,1.5,1.5
19.75,4.5524,-0.0174,-0.0028,0.5001,-0.0035,0.5,0.0,2.5746,1.5,1.5
19.75,4.5524,-0.0174,-0.0028,0.5001,-0.0035,0.5,0.0,2.5746,1.5,1.5
19.75,4.5524,-0.0174,-0.0028,0.5001,-0.0035,0.5,0.0,2.5746,1.5,1.5
19.783,4.5607,-0.0174,-0.0028,0.5002,-0.0037,0.5,0.0,2.5746,1.5,1.5
19.783,4.5607,-0.0174,-0.0028,0.5002,-0.0037,0.5,0.0,2.5746,1.5,1.5
19.8,4.5774,-0.0174,-0.0028,0.5004,-0.0028,0.5,0.0,2.5746,1.5,1.5
19.8,4.5774,-0.0174,-0.0028,0.5004,-0.0028,0.5,0.0,2.5746,1.5,1.5
19.8,4.5774,-0.0174,-0.0028,0.5004,-0.0028,0.5,0.0,2.6663,1.5,1.5
19.833,4.5857,-0.0174,-0.0028,0.5005,-0.0025,0.5,0.0,2.6663,1.5,1.5
19.85,4.6024,-0.0175,-0.0028,0.5006,-0.0024,0.5,0.0,2.6663,1.5,1.5
19.85,4.6024,-0.0175,-0.0028,0.5006,-0.0024,0.5,0.0,2.6663,1.5,1.5
19.867,4.6106,-0.0175,-0.0029,0.4798,-0.0015,0.5,0.0,2.6663,1.5,1.5
19.867,4.6106,-0.0175,-0.0029,0.4798,-0.0015,0.5,0.0,2.6663,1.5,1.5
19.867,4.6106,-0.0175,-0.0029,0.4798,-0.0015,0.5,0.0,2.6663,1.5,1.5
19.9,4.6185,-0.0175,-0.0028,0.4754,-0.0021,0.5,0.0,2.6663,1.5,1.5
19.917,4.6349,-0.0176,-0.0028,0.4996,-0.0012,0.4737,0.0,2.6663,1.5,1.5
19.917,4.6349,-0.0176,-0.0028,0.4996,-0.0012,0.4737,0.0,2.659,1.5,1.5
19.917,4.6349,-0.0176,-0.0028,0.4996,-0.0012,0.4737,0.0,2.659,1.5,1.5
19.95,4.6433,-0.0176,-0.0029,0.5005,-0.0006,0.5,0.0,2.659,1.5,1.5
19.95,4.6433,-0.0176,-0.0029,0.5005,-0.0006,0.5,0.0,2.659,1.5,1.5
19.967,4.66,-0.0177,-0.0029,0.5009,-0.0016,0.5,0.0,2.659,1.5,1.5
19.967,4.66,-0.0177,-0.0029,0.5009,-0.0016,0.5,0.0,2.659,1.5,1.5
20.0,4.6683,-0.0177,-0.0029,0.5007,0.0003,0.5,0.0,2.659,1.5,1.5
20.0,4.6683,-0.0177,-0.0029,0.5007,0.0003,0.5,0.0,2.659,1.5,1.5
20.017,4.685,-0.0177,-0.0029,0.5007,-0.0003,0.4737,0.0,2.659,1.5,1.5
20.033,4.6934,-0.0178,-0.003,0.5007,-0.0004,0.4737,0.0,2.652,1.5,1.5
20.033,4.6934,-0.0178,-0.003,0.5007,-0.0004,0.4737,0.0,2.652,1.5,1.5
20.033,4.6934,-0.0178,-0.003,0.5007,-0.0004,0.5,0.0,2.652,1.5,1.5
20.067,4.7017,-0.0178,-0.003,0.5006,-0.0003,0.5,0.0,2.652,1.5,1.5
20.067,4.7017,-0.0178,-0.003,0.5006,-0.0003,0.5,0.0,2.652,1.5,1.5
20.083,4.7178,-0.0178,-0.0029,0.4753,-0.0006,0.5,0.0,2.652,1.5,1.5
20.083,4.7178,-0.0178,-0.0029,0.4753,-0.0006,0.5,0.0,2.652,1.5,1.5
20.083,4.7178,-0.0178,-0.0029,0.4753,-0.0006,0.5,0.0,2.652,1.5,1.5
20.117,4.7259,-0.0178,-0.0031,0.4944,-0.0011,0.5,0.0,2.652,1.5,1.5
20.133,4.7425,-0.0179,-0.0031,0.5001,-0.001,0.5,0.0,2.5869,1.5,1.5
20.133,4.7425,-0.0179,-0.0031,0.5001,-0.001,0.5,0.0,2.5869,1.5,1.5
20.133,4.7425,-0.0179,-0.0031,0.5001,-0.001,0.5,0.0,2.5869,1.5,1.5
20.167,4.7506,-0.0179,-0.003,0.4793,-0.0001,0.5,0.0,2.5869,1.5,1.5
20.167,4.7506,-0.0179,-0.003,0.4793,-0.0001,0.5,0.0,2.5869,1.5,1.5
20.183,4.7665,-0.018,-0.0031,0.474,-0.0012,0.5,0.0,2.5869,1.5,1.5
20.2,4.7746,-0.018,-0.0031,0.4941,-0.0027,0.5,0.0,2.5869,1.5,1.5
20.2,4.7746,-0.018,-0.0031,0.4941,-0.0027,0.5,0.0,2.5869,1.5,1.5
20.2,4.7746,-0.018,-0.0031,0.4941,-0.0027,0.4737,0.0,2.5869,1.5,1.5
20.233,4.7829,-0.018,-0.0032,0.4987,-0.0013,0.4737,0.0,2.5913,1.5,1.5
20.233,4.7829,-0.018,-0.0032,0.4987,-0.0013,0.4737,0.0,2.5913,1.5,1.5
20.25,4.7995,-0.018,-0.0033,0.4998,-0.0026,0.4737,0.0,2.5913,1.5,1.5
20.25,4.7995,-0.018,-0.0033,0.4998,-0.0026,0.4737,0.0,2.5913,1.5,1.5
20.25,4.7995,-0.018,-0.0033,0.4998,-0.0026,0.5,0.0,2.5913,1.5,1.5
20.283,4.8079,-0.0181,-0.0033,0.4997,-0.0014,0.5,0.0,2.5913,1.5,1.5
20.3,4.8245,-0.0181,-0.0034,0.4996,-0.0024,0.5,0.0,2.5913,1.5,1.5
20.3,4.8245,-0.0181,-0.0034,0.4996,-0.0024,0.5,0.0,2.5913,1.5,1.5
20.3,4.8245,-0.0181,-0.0034,0.4996,-0.0024,0.5,0.0,2.5913,1.5,1.5
20.333,4.8328,-0.0181,-0.0034,0.4995,-0.0023,0.5,0.0,2.6042,1.5,1.5
20.333,4.8328,-0.0181,-0.0034,0.4995,-0.0023,0.5,0.0,2.6042,1.5,1.5
20.35,4.8495,-0.0182,-0.0035,0.4995,-0.003,0.5,0.0,2.6042,1.5,1.5
20.367,4.8576,-0.0182,-0.0035,0.4787,-0.0022,0.5,0.0,2.6042,1.5,1.5
20.367,4.8576,-0.0182,-0.0035,0.4787,-0.0022,0.5,0.0,2.6042,1.5,1.5
20.367,4.8576,-0.0182,-0.0035,0.4787,-0.0022,0.5,0.0,2.6042,1.5,1.5
20.4,4.8655,-0.0182,-0.0035,0.4744,-0.0027,0.5,0.0,2.6042,1.5,1.5
20.4,4.8655,-0.0182,-0.0035,0.4744,-0.0027,0.5,0.0,2.6042,1.5,1.5
20.417,4.8816,-0.0182,-0.0036,0.4942,-0.0054,0.4737,0.0,2.6042,1.5,1.5
20.417,4.8816,-0.0182,-0.0036,0.4942,-0.0054,0.4737,0.0,2.5807,1.5,1.5
20.417,4.8816,-0.0182,-0.0036,0.4942,-0.0054,0.4737,0.0,2.5807,1.5,1.5
20.45,4.8898,-0.0183,-0.0036,0.4985,-0.0015,0.4737,0.0,2.5807,1.5,1.5
20.467,4.9065,-0.0183,-0.0036,0.4997,-0.0027,0.5,0.0,2.5807,1.5,1.5
20.467,4.9065,-0.0183,-0.0036,0.4997,-0.0027,0.5,0.0,2.5807,1.5,1.5
20.467,4.9065,-0.0183,-0.0036,0.4997,-0.0027,0.5,0.0,2.5807,1.5,1.5
20.5,4.9148,-0.0183,-0.0037,0.4998,-0.0024,0.5,0.0,2.5807,1.5,1.5
20.5,4.9148,-0.0183,-0.0037,0.4998,-0.0024,0.5,0.0,2.5807,1.5,1.5
20.517,4.9315,-0.0184,-0.0037,0.5,-0.0024,0.5,0.0,2.5807,1.5,1.5
20.533,4.9398,-0.0184,-0.0037,0.5,-0.0022,0.5,0.0,2.6106,1.5,1.5
20.533,4.9398,-0.0184,-0.0037,0.5,-0.0022,0.5,0.0,2.6106,1.5,1.5
20.533,4.9398,-0.0184,-0.0037,0.5,-0.0022,0.5,0.0,2.6106,1.5,1.5
20.567,4.9482,-0.0185,-0.0037,0.5001,-0.002,0.5,0.0,2.6106,1.5,1.5
20.567,4.9482,-0.0185,-0.0037,0.5001,-0.002,0.5,0.0,2.6106,1.5,1.5
20.583,4.9642,-0.0185,-0.0037,0.4751,-0.0015,0.5,0.0,2.6106,1.5,1.5
20.583,4.9642,-0.0185,-0.0037,0.4751,-0.0015,0.5,0.0,2.6106,1.5,1.5
20.583,4.9642,-0.0185,-0.0037,0.4751,-0.0015,0.5,0.0,2.6106,1.5,1.5
20.617,4.9722,-0.0185,-0.0037,0.4742,-0.0007,0.5,0.0,2.6106,1.5,1.5
20.633,4.9886,-0.0186,-0.0037,0.4993,-0.0,0.4737,0.0,2.576,1.5,1.5
20.633,4.9886,-0.0186,-0.0037,0.4993,-0.0,0.4737,0.0,2.576,1.5,1.5
20.633,4.9886,-0.0186,-0.0037,0.4993,-0.0,0.4737,0.0,2.576,1.5,1.5
20.667,4.9969,-0.0186,-0.0037,0.5002,-0.0008,0.4737,0.0,2.576,1.5,1.5
20.667,4.9969,-0.0186,-0.0037,0.5002,-0.0008,0.4737,0.0,2.576,1.5,1.5
20.683,5.0136,-0.0187,-0.0037,0.5006,-0.0001,0.5,0.0,2.576,1.5,1.5
20.7,5.0219,-0.0187,-0.0036,0.5006,0.0,0.5,0.0,2.576,1.5,1.5
20.7,5.0219,-0.0187,-0.0036,0.5006,0.0,0.5,0.0,2.576,1.5,1.5
20.7,5.0219,-0.0187,-0.0036,0.5006,0.0,0.5,0.0,2.576,1.5,1.5
20.733,5.0303,-0.0188,-0.0036,0.5007,-0.0001,0.5,0.0,2.6108,1.5,1.5
20.733,5.0303,-0.0188,-0.0036,0.5007,-0.0001,0.5,0.0,2.6108,1.5,1.5
20.75,5.047,-0.0188,-0.0037,0.5008,-0.0004,0.5,0.0,2.6108,1.5,1.5
20.75,5.047,-0.0188,-0.0037,0.5008,-0.0004,0.5,0.0,2.6108,1.5,1.5
20.75,5.047,-0.0188,-0.0037,0.5008,-0.0004,0.5,0.0,2.6108,1.5,1.5
20.783,5.0553,-0.0189,-0.0036,0.501,-0.0008,0.5,0.0,2.6108,1.5,1.5
20.8,5.0714,-0.0189,-0.0037,0.4755,0.0002,0.5,0.0,2.6108,1.5,1.5
20.8,5.0714,-0.0189,-0.0037,0.4755,0.0002,0.5,0.0,2.6108,1.5,1.5
20.8,5.0714,-0.0189,-0.0037,0.4755,0.0002,0.4737,0.0,2.6108,1.5,1.5
20.833,5.0796,-0.019,-0.0036,0.4954,0.0007,0.4737,0.0,2.5361,1.5,1.5
20.833,5.0796,-0.019,-0.0036,0.4954,0.0007,0.4737,0.0,2.5361,1.5,1.5
20.85,5.0962,-0.019,-0.0036,0.5005,0.0012,0.4737,0.0,2.5361,1.5,1.5
20.867,5.1045,-0.0191,-0.0037,0.5006,0.0011,0.5,0.0,2.5361,1.5,1.5
20.867,5.1045,-0.0191,-0.0037,0.5006,0.0011,0.5,0.0,2.5361,1.5,1.5
20.867,5.1045,-0.0191,-0.0037,0.5006,0.0011,0.5,0.0,2.5361,1.5,1.5
20.9,5.1129,-0.0191,-0.0035,0.5006,0.0012,0.5,0.0,2.5361,1.5,1.5
20.9,5.1129,-0.0191,-0.0035,0.5006,0.0012,0.5,0.0,2.5361,1.5,1.5
20.917,5.1296,-0.0192,-0.0035,0.5005,0.0009,0.4737,0.0,2.5361,1.5,1.5
20.917,5.1296,-0.0192,-0.0035,0.5005,0.0009,0.4737,0.0,2.5743,1.5,1.5
20.95,5.1379,-0.0192,-0.0035,0.5004,0.0008,0.4737,0.0,2.5743,1.5,1.5
20.95,5.1379,-0.0192,-0.0035,0.5004,0.0008,0.4737,0.0,2.5743,1.5,1.5
20.967,5.1544,-0.0193,-0.0036,0.4794,0.0011,0.5,0.0,2.5743,1.5,1.5
20.967,5.1544,-0.0193,-0.0036,0.4794,0.0011,0.5,0.0,2.5743,1.5,1.5
20.967,5.1544,-0.0193,-0.0036,0.4794,0.0011,0.5,0.0,2.5743,1.5,1.5
21.0,5.1623,-0.0193,-0.0036,0.475,0.0001,0.5,0.0,2.5743,1.5,1.5
21.0,5.1623,-0.0193,-0.0036,0.475,0.0001,0.5,0.0,2.5743,1.5,1.5
21.017,5.1783,-0.0193,-0.0036,0.4941,0.0003,0.5,0.0,2.5743,1.5,1.5
21.033,5.1866,-0.0194,-0.0037,0.4987,-0.0009,0.5,0.0,2.5911,1.5,1.5
21.033,5.1866,-0.0194,-0.0037,0.4987,-0.0009,0.5,0.0,2.5911,1.5,1.5
21.033,5.1866,-0.0194,-0.0037,0.4987,-0.0009,0.5,0.0,2.5911,1.5,1.5
21.067,5.1949,-0.0194,-0.0037,0.4996,-0.0002,0.5,0.0,2.5911,1.5,1.5
21.067,5.1949,-0.0194,-0.0037,0.4996,-0.0002,0.5,0.0,2.5911,1.5,1.5
21.083,5.211,-0.0195,-0.0037,0.4746,-0.0019,0.5,0.0,2.5911,1.5,1.5
21.083,5.211,-0.0195,-0.0037,0.4746,-0.0019,0.5,0.0,2.5911,1.5,1.5
21.117,5.2189,-0.0195,-0.0037,0.4737,-0.0018,0.5,0.0,2.5911,1.5,1.5
21.117,5.2189,-0.0195,-0.0037,0.4737,-0.0018,0.5,0.0,2.5911,1.5,1.5
21.133,5.2353,-0.0195,-0.0038,0.4985,-0.001,0.4737,0.0,2.5754,1.5,1.5
21.133,5.2353,-0.0195,-0.0038,0.4985,-0.001,0.4737,0.0,2.5754,1.5,1.5
21.133,5.2353,-0.0195,-0.0038,0.4985,-0.001,0.4737,0.0,2.5754,1.5,1.5
21.167,5.2436,-0.0196,-0.0038,0.4993,-0.0016,0.4737,0.0,2.5754,1.5,1.5
21.183,5.2602,-0.0196,-0.0038,0.4995,-0.002,0.5,0.0,2.5754,1.5,1.5
21.183,5.2602,-0.0196,-0.0038,0.4995,-0.002,0.5,0.0,2.5754,1.5,1.5
21.2,5.2686,-0.0196,-0.0039,0.4995,-0.0017,0.5,0.0,2.5754,1.5,1.5
21.2,5.2686,-0.0196,-0.0039,0.4995,-0.0017,0.5,0.0,2.5754,1.5,1.5
21.2,5.2686,-0.0196,-0.0039,0.4995,-0.0017,0.5,0.0,2.5789,1.5,1.5
21.233,5.2769,-0.0197,-0.0038,0.4995,-0.0018,0.5,0.0,2.5789,1.5,1.5
21.233,5.2769,-0.0197,-0.0038,0.4995,-0.0018,0.5,0.0,2.5789,1.5,1.5
21.233,5.2769,-0.0197,-0.0038,0.4995,-0.0018,0.5,0.0,2.5789,1.5,1.5
21.25,5.2936,-0.0197,-0.0039,0.4996,-0.0019,0.5,0.0,2.5789,1.5,1.5
21.25,5.2936,-0.0197,-0.0039,0.4996,-0.0019,0.5,0.0,2.5789,1.5,1.5
21.25,5.2936,-0.0197,-0.0039,0.4996,-0.0019,0.5,0.0,2.5789,1.5,1.5
21.283,5.3019,-0.0197,-0.0039,0.4996,-0.0016,0.5,0.0,2.5789,1.5,1.5
21.3,5.3179,-0.0198,-0.004,0.4746,-0.0019,0.5,0.0,2.5789,1.5,1.5
21.3,5.3179,-0.0198,-0.004,0.4746,-0.0019,0.5,0.0,2.5789,1.5,1.5
21.3,5.3179,-0.0198,-0.004,0.4746,-0.0019,0.5,0.0,2.5789,1.5,1.5
21.333,5.3261,-0.0198,-0.0039,0.4946,-0.0031,0.5,0.0,2.564,1.5,1.5
21.333,5.3261,-0.0198,-0.0039,0.4946,-0.0031,0.5,0.0,2.564,1.5,1.5
21.35,5.3427,-0.0199,-0.004,0.4997,-0.0016,0.4737,0.0,2.564,1.5,1.5
21.367,5.351,-0.0199,-0.004,0.5,-0.0018,0.5,0.0,2.564,1.5,1.5
21.367,5.351,-0.0199,-0.004,0.5,-0.0018,0.5,0.0,2.564,1.5,1.5
21.367,5.351,-0.0199,-0.004,0.5,-0.0018,0.5,0.0,2.564,1.5,1.5
21.4,5.3594,-0.02,-0.004,0.5001,-0.0013,0.5,0.0,2.564,1.5,1.5
21.4,5.3594,-0.02,-0.004,0.5001,-0.0013,0.5,0.0,2.564,1.5,1.5
21.417,5.376,-0.02,-0.004,0.5003,-0.001,0.5,0.0,2.564,1.5,1.5
21.417,5.376,-0.02,-0.004,0.5003,-0.001,0.5,0.0,2.688,1.5,1.5
21.417,5.376,-0.02,-0.004,0.5003,-0.001,0.5,0.0,2.688,1.5,1.5
21.45,5.3844,-0.0201,-0.004,0.5004,-0.0007,0.5,0.0,2.688,1.5,1.5
21.467,5.4011,-0.0201,-0.004,0.5005,-0.0004,0.5,0.0,2.688,1.5,1.5
21.467,5.4011,-0.0201,-0.004,0.5005,-0.0004,0.5,0.0,2.688,1.5,1.5
21.467,5.4011,-0.0201,-0.004,0.5005,-0.0004,0.5,0.0,2.688,1.5,1.5
21.5,5.4094,-0.0202,-0.0039,0.5005,0.0004,0.5,0.0,2.688,1.5,1.5
21.5,5.4094,-0.0202,-0.0039,0.5005,0.0004,0.5,0.0,2.688,1.5,1.5
21.517,5.4257,-0.0202,-0.0039,0.4962,0.0001,0.5,0.0,2.688,1.5,1.5
21.533,5.434,-0.0203,-0.004,0.4997,0.0006,0.4737,0.0,2.5788,1.5,1.5
21.533,5.434,-0.0203,-0.004,0.4997,0.0006,0.4737,0.0,2.5788,1.5,1.5
21.533,5.434,-0.0203,-0.004,0.4997,0.0006,0.4737,0.0,2.5788,1.5,1.5
21.567,5.4424,-0.0203,-0.0039,0.5005,0.0006,0.4737,0.0,2.5788,1.5,1.5
21.567,5.4424,-0.0203,-0.0039,0.5005,0.0006,0.4737,0.0,2.5788,1.5,1.5
21.583,5.4591,-0.0204,-0.0039,0.5009,-0.0001,0.5,0.0,2.5788,1.5,1.5
21.583,5.4591,-0.0204,-0.0039,0.5009,-0.0001,0.5,0.0,2.5788,1.5,1.5
21.617,5.4674,-0.0204,-0.0039,0.5008,0.0019,0.5,0.0,2.5788,1.5,1.5
21.617,5.4674,-0.0204,-0.0039,0.5008,0.0019,0.5,0.0,2.5885,1.5,1.5
21.633,5.4841,-0.0205,-0.0039,0.5008,0.0011,0.5,0.0,2.5885,1.5,1.5
21.633,5.4841,-0.0205,-0.0039,0.5008,0.0011,0.5,0.0,2.5885,1.5,1.5
21.633,5.4841,-0.0205,-0.0039,0.5008,0.0011,0.5,0.0,2.5885,1.5,1.5
21.667,5.4924,-0.0205,-0.0038,0.5007,0.002,0.5,0.0,2.5885,1.5,1.5
21.683,5.5089,-0.0206,-0.0038,0.4798,0.0021,0.5,0.0,2.5885,1.5,1.5
21.683,5.5089,-0.0206,-0.0038,0.4798,0.0021,0.5,0.0,2.5885,1.5,1.5
21.7,5.5169,-0.0206,-0.0038,0.4754,0.0011,0.5,0.0,2.5885,1.5,1.5
21.7,5.5169,-0.0206,-0.0038,0.4754,0.0011,0.5,0.0,2.5885,1.5,1.5
21.7,5.5169,-0.0206,-0.0038,0.4754,0.0011,0.5,0.0,2.5885,1.5,1.5
21.7,5.5169,-0.0206,-0.0038,0.4754,0.0011,0.5,0.0,2.5885,1.5,1.5
21.733,5.5248,-0.0207,-0.0038,0.4744,0.0013,0.5,0.0,2.5814,1.5,1.5
21.733,5.5248,-0.0207,-0.0038,0.4744,0.0013,0.5,0.0,2.5814,1.5,1.5
21.75,5.5412,-0.0207,-0.0038,0.4991,0.001,0.4737,0.0,2.5814,1.5,1.5
21.75,5.5412,-0.0207,-0.0038,0.4991,0.001,0.4737,0.0,2.5814,1.5,1.5
21.75,5.5412,-0.0207,-0.0038,0.4991,0.001,0.4737,0.0,2.5814,1.5,1.5
21.783,5.5495,-0.0208,-0.0038,0.5001,0.0009,0.4737,0.0,2.5814,1.5,1.5
21.8,5.5662,-0.0208,-0.0038,0.5002,0.0006,0.5,0.0,2.5814,1.5,1.5
21.8,5.5662,-0.0208,-0.0038,0.5002,0.0006,0.5,0.0,2.5814,1.5,1.5
21.8,5.5662,-0.0208,-0.0038,0.5002,0.0006,0.5,0.0,2.5814,1.5,1.5
21.833,5.5745,-0.0209,-0.0038,0.5002,0.0004,0.5,0.0,2.5701,1.5,1.5
21.833,5.5745,-0.0209,-0.0038,0.5002,0.0004,0.5,0.0,2.5701,1.5,1.5
21.85,5.5912,-0.0209,-0.0038,0.5,-0.0,0.5,0.0,2.5701,1.5,1.5
21.867,5.5995,-0.021,-0.0039,0.4999,-0.0002,0.5,0.0,2.5701,1.5,1.5
21.867,5.5995,-0.021,-0.0039,0.4999,-0.0002,0.5,0.0,2.5701,1.5,1.5
21.867,5.5995,-0.021,-0.0039,0.4999,-0.0002,0.5,0.0,2.5701,1.5,1.5
21.9,5.6078,-0.021,-0.0039,0.4999,-0.0004,0.5,0.0,2.5701,1.5,1.5
21.9,5.6078,-0.021,-0.0039,0.4999,-0.0004,0.5,0.0,2.5701,1.5,1.5
21.917,5.6239,-0.021,-0.0039,0.4745,-0.0011,0.5,0.0,2.5701,1.5,1.5
21.917,5.6239,-0.021,-0.0039,0.4745,-0.0011,0.4737,0.0,2.5851,1.5,1.5
21.95,5.6318,-0.0211,-0.004,0.4737,-0.0009,0.4737,0.0,2.5851,1.5,1.5
21.95,5.6318,-0.0211,-0.004,0.4737,-0.0009,0.4737,0.0,2.5851,1.5,1.5
21.967,5.6482,-0.0211,-0.004,0.4984,-0.0014,0.4737,0.0,2.5851,1.5,1.5
21.967,5.6482,-0.0211,-0.004,0.4984,-0.0014,0.5,0.0,2.5851,1.5,1.5
21.967,5.6482,-0.0211,-0.004,0.4984,-0.0014,0.5,0.0,2.5851,1.5,1.5
22.0,5.6565,-0.0211,-0.0039,0.4993,-0.0017,0.5,0.0,2.5851,1.5,1.5
22.017,5.6732,-0.0212,-0.004,0.4995,-0.002,0.5,0.0,2.5851,1.5,1.5
22.017,5.6732,-0.0212,-0.004,0.4995,-0.002,0.5,0.0,2.5811,1.5,1.5
22.033,5.6815,-0.0212,-0.0041,0.4995,-0.0013,0.4737,0.0,2.5811,1.5,1.5
22.033,5.6815,-0.0212,-0.0041,0.4995,-0.0013,0.4737,0.0,2.5811,1.5,1.5
22.033,5.6815,-0.0212,-0.0041,0.4995,-0.0013,0.4737,0.0,2.5811,1.5,1.5
22.067,5.6898,-0.0213,-0.004,0.4995,-0.002,0.4737,0.0,2.5811,1.5,1.5
22.083,5.7059,-0.0213,-0.0041,0.4745,-0.0021,0.4737,0.0,2.5811,1.5,1.5
22.083,5.7059,-0.0213,-0.0041,0.4745,-0.0021,0.5,0.0,2.5811,1.5,1.5
22.083,5.7059,-0.0213,-0.0041,0.4745,-0.0021,0.5,0.0,2.5811,1.5,1.5
22.117,5.7138,-0.0213,-0.0041,0.4736,-0.0015,0.5,0.0,2.5811,1.5,1.5
22.117,5.7138,-0.0213,-0.0041,0.4736,-0.0015,0.5,0.0,2.5811,1.5,1.5
22.133,5.7302,-0.0214,-0.0041,0.4986,-0.0015,0.5,0.0,2.5642,1.5,1.5
22.133,5.7302,-0.0214,-0.0041,0.4986,-0.0015,0.5,0.0,2.5642,1.5,1.5
22.133,5.7302,-0.0214,-0.0041,0.4986,-0.0015,0.5,0.0,2.5642,1.5,1.5
22.167,5.7385,-0.0214,-0.0041,0.4996,-0.0018,0.5,0.0,2.5642,1.5,1.5
22.183,5.7549,-0.0215,-0.0041,0.4792,-0.0008,0.5,0.0,2.5642,1.5,1.5
22.183,5.7549,-0.0215,-0.0041,0.4792,-0.0008,0.5,0.0,2.5642,1.5,1.5
22.2,5.7629,-0.0215,-0.0041,0.4749,-0.0014,0.5,0.0,2.5642,1.5,1.5
22.2,5.7629,-0.0215,-0.0041,0.4749,-0.0014,0.5,0.0,2.5642,1.5,1.5
22.2,5.7629,-0.0215,-0.0041,0.4749,-0.0014,0.5,0.0,2.5682,1.5,1.5
22.233,5.7708,-0.0216,-0.0041,0.4741,-0.0006,0.5,0.0,2.5682,1.5,1.5
22.25,5.7872,-0.0216,-0.004,0.4992,-0.0002,0.4737,0.0,2.5682,1.5,1.5
22.25,5.7872,-0.0216,-0.004,0.4992,-0.0002,0.4737,0.0,2.5682,1.5,1.5
22.25,5.7872,-0.0216,-0.004,0.4992,-0.0002,0.4737,0.0,2.5682,1.5,1.5
22.283,5.7955,-0.0217,-0.0041,0.5001,-0.0005,0.4737,0.0,2.5682,1.5,1.5
22.283,5.7955,-0.0217,-0.0041,0.5001,-0.0005,0.4737,0.0,2.5682,1.5,1.5
22.3,5.8122,-0.0218,-0.004,0.5005,-0.0004,0.5,0.0,2.5682,1.5,1.5
22.3,5.8122,-0.0218,-0.004,0.5005,-0.0004,0.5,0.0,2.5682,1.5,1.5
22.3,5.8122,-0.0218,-0.004,0.5005,-0.0004,0.5,0.0,2.5767,1.5,1.5
22.333,5.8206,-0.0218,-0.0041,0.5005,0.0003,0.5,0.0,2.5767,1.5,1.5
22.35,5.8373,-0.0219,-0.004,0.5006,0.0002,0.5,0.0,2.5767,1.5,1.5
22.35,5.8373,-0.0219,-0.004,0.5006,0.0002,0.5,0.0,2.5767,1.5,1.5
22.367,5.8456,-0.0219,-0.004,0.5007,0.0009,0.5,0.0,2.5767,1.5,1.5
22.367,5.8456,-0.0219,-0.004,0.5007,0.0009,0.5,0.0,2.5767,1.5,1.5
22.4,5.8538,-0.0219,-0.004,0.4799,0.0015,0.5,0.0,2.5767,1.5,1.5
22.4,5.8538,-0.0219,-0.004,0.4799,0.0015,0.5,0.0,2.5767,1.5,1.5
22.417,5.8696,-0.022,-0.004,0.4747,0.0012,0.5,0.0,2.5767,1.5,1.5
22.417,5.8696,-0.022,-0.004,0.4747,0.0012,0.5,0.0,2.5704,1.5,1.5
22.417,5.8696,-0.022,-0.004,0.4747,0.0012,0.5,0.0,2.5704,1.5,1.5
22.45,5.8775,-0.0221,-0.004,0.4745,0.0013,0.5,0.0,2.5704,1.5,1.5
22.45,5.8775,-0.0221,-0.004,0.4745,0.0013,0.5,0.0,2.5704,1.5,1.5
22.467,5.894,-0.0221,-0.0039,0.4997,-0.0005,0.5,0.0,2.5704,1.5,1.5
22.467,5.894,-0.0221,-0.0039,0.4997,-0.0005,0.5,0.0,2.5704,1.5,1.5
22.467,5.894,-0.0221,-0.0039,0.4997,-0.0005,0.5,0.0,2.5704,1.5,1.5
22.5,5.9023,-0.0222,-0.0039,0.5004,0.0036,0.5,0.0,2.5704,1.5,1.5
22.517,5.919,-0.0222,-0.0039,0.5008,0.0008,0.5,0.0,2.5704,1.5,1.5
22.517,5.919,-0.0222,-0.0039,0.5008,0.0008,0.5,0.0,2.6214,1.5,1.5
22.533,5.9273,-0.0223,-0.0039,0.5006,0.0022,0.5,0.0,2.6214,1.5,1.5
22.533,5.9273,-0.0223,-0.0039,0.5006,0.0022,0.5,0.0,2.6214,1.5,1.5
22.567,5.9357,-0.0223,-0.004,0.5005,0.0012,0.5,0.0,2.6214,1.5,1.5
22.567,5.9357,-0.0223,-0.004,0.5005,0.0012,0.5,0.0,2.6214,1.5,1.5
22.583,5.9523,-0.0224,-0.0039,0.5004,0.0012,0.5,0.0,2.6214,1.5,1.5
22.583,5.9523,-0.0224,-0.0039,0.5004,0.0012,0.5,0.0,2.6214,1.5,1.5
22.583,5.9523,-0.0224,-0.0039,0.5004,0.0012,0.5,0.0,2.6214,1.5,1.5
22.583,5.9523,-0.0224,-0.0039,0.5004,0.0012,0.5,0.0,2.6214,1.5,1.5
22.617,5.9607,-0.0224,-0.0038,0.5004,0.0011,0.5,0.0,2.6214,1.5,1.5
22.633,5.9774,-0.0225,-0.0039,0.5002,0.0007,0.5,0.0,2.551,1.5,1.5
22.633,5.9774,-0.0225,-0.0039,0.5002,0.0007,0.5,0.0,2.551,1.5,1.5
22.633,5.9774,-0.0225,-0.0039,0.5002,0.0007,0.4737,0.0,2.551,1.5,1.5
22.633,5.9774,-0.0225,-0.0039,0.5002,0.0007,0.5,0.0,2.551,1.5,1.5
22.667,5.9857,-0.0225,-0.0038,0.5001,0.0005,0.5,0.0,2.551,1.5,1.5
22.683,6.0024,-0.0226,-0.0038,0.5,0.0001,0.5,0.0,2.551,1.5,1.5
22.683,6.0024,-0.0226,-0.0038,0.5,0.0001,0.5,0.0,2.551,1.5,1.5
22.7,6.0107,-0.0226,-0.004,0.4999,-0.0001,0.5,0.0,2.551,1.5,1.5
22.7,6.0107,-0.0226,-0.004,0.4999,-0.0001,0.5,0.0,2.551,1.5,1.5
22.7,6.0107,-0.0226,-0.004,0.4999,-0.0001,0.5,0.0,2.5778,1.5,1.5
22.733,6.019,-0.0226,-0.0039,0.4998,-0.0004,0.5,0.0,2.5778,1.5,1.5
22.75,6.0357,-0.0227,-0.0039,0.4998,-0.0009,0.5,0.0,2.5778,1.5,1.5
22.75,6.0357,-0.0227,-0.0039,0.4998,-0.0009,0.5,0.0,2.5778,1.5,1.5
22.75,6.0357,-0.0227,-0.0039,0.4998,-0.0009,0.5,0.0,2.5778,1.5,1.5
22.783,6.044,-0.0227,-0.0039,0.4996,-0.0,0.5,0.0,2.5778,1.5,1.5
22.8,6.0603,-0.0228,-0.004,0.4952,-0.002,0.5,0.0,2.5778,1.5,1.5
22.8,6.0603,-0.0228,-0.004,0.4952,-0.002,0.5,0.0,2.5778,1.5,1.5
22.8,6.0603,-0.0228,-0.004,0.4952,-0.002,0.5,0.0,2.5778,1.5,1.5
22.833,6.0686,-0.0228,-0.004,0.4986,-0.0015,0.5,0.0,2.571,1.5,1.5
22.833,6.0686,-0.0228,-0.004,0.4986,-0.0015,0.5,0.0,2.571,1.5,1.5
22.85,6.0852,-0.0229,-0.004,0.4995,-0.0015,0.4737,0.0,2.571,1.5,1.5
22.867,6.0935,-0.0229,-0.0041,0.4995,-0.0015,0.4737,0.0,2.571,1.5,1.5
22.867,6.0935,-0.0229,-0.0041,0.4995,-0.0015,0.4737,0.0,2.571,1.5,1.5
22.867,6.0935,-0.0229,-0.0041,0.4995,-0.0015,0.5,0.0,2.571,1.5,1.5
22.9,6.1019,-0.0229,-0.0041,0.4996,-0.0019,0.5,0.0,2.571,1.5,1.5
22.917,6.1185,-0.023,-0.0041,0.4996,-0.0018,0.5,0.0,2.571,1.5,1.5
22.917,6.1185,-0.023,-0.0041,0.4996,-0.0018,0.5,0.0,2.571,1.5,1.5
22.917,6.1185,-0.023,-0.0041,0.4996,-0.0018,0.5,0.0,2.5981,1.5,1.5
22.95,6.1269,-0.023,-0.0041,0.4997,-0.0019,0.5,0.0,2.5981,1.5,1.5
22.95,6.1269,-0.023,-0.0041,0.4997,-0.0019,0.5,0.0,2.5981,1.5,1.5
22.967,6.1435,-0.0231,-0.0041,0.4999,-0.0016,0.5,0.0,2.5981,1.5,1.5
22.967,6.1435,-0.0231,-0.0041,0.4999,-0.0016,0.5,0.0,2.5981,1.5,1.5
22.967,6.1435,-0.0231,-0.0041,0.4999,-0.0016,0.5,0.0,2.5981,1.5,1.5
23.0,6.1519,-0.0231,-0.0041,0.4999,-0.0017,0.5,0.0,2.5981,1.5,1.5
23.017,6.1679,-0.0232,-0.0042,0.4749,-0.0015,0.5,0.0,2.5981,1.5,1.5
23.017,6.1679,-0.0232,-0.0042,0.4749,-0.0015,0.5,0.0,2.6383,1.5,1.5
23.033,6.176,-0.0232,-0.0041,0.4949,-0.002,0.5,0.0,2.6383,1.5,1.5
23.033,6.176,-0.0232,-0.0041,0.4949,-0.002,0.4737,0.0,2.6383,1.5,1.5
23.033,6.176,-0.0232,-0.0041,0.4949,-0.002,0.4737,0.0,2.6383,1.5,1.5
23.067,6.1843,-0.0232,-0.0042,0.4991,-0.0005,0.4737,0.0,2.6383,1.5,1.5
23.083,6.201,-0.0233,-0.0041,0.5003,-0.0005,0.5,0.0,2.6383,1.5,1.5
23.083,6.201,-0.0233,-0.0041,0.5003,-0.0005,0.5,0.0,2.6383,1.5,1.5
23.083,6.201,-0.0233,-0.0041,0.5003,-0.0005,0.5,0.0,2.6383,1.5,1.5
23.117,6.2094,-0.0234,-0.0041,0.5004,-0.0002,0.5,0.0,2.6383,1.5,1.5
23.117,6.2094,-0.0234,-0.0041,0.5004,-0.0002,0.5,0.0,2.5506,1.5,1.5
23.133,6.226,-0.0234,-0.0041,0.5005,0.0006,0.5,0.0,2.5506,1.5,1.5
23.133,6.226,-0.0234,-0.0041,0.5005,0.0006,0.5,0.0,2.5506,1.5,1.5
23.133,6.226,-0.0234,-0.0041,0.5005,0.0006,0.5,0.0,2.5506,1.5,1.5
23.167,6.2344,-0.0235,-0.0041,0.5006,0.001,0.5,0.0,2.5506,1.5,1.5
23.183,6.2511,-0.0235,-0.004,0.5007,0.0003,0.5,0.0,2.5506,1.5,1.5
23.2,6.2592,-0.0236,-0.004,0.4799,0.0016,0.5,0.0,2.5506,1.5,1.5
23.2,6.2592,-0.0236,-0.004,0.4799,0.0016,0.5,0.0,2.5506,1.5,1.5
23.2,6.2592,-0.0236,-0.004,0.4799,0.0016,0.5,0.0,2.5506,1.5,1.5
23.233,6.2672,-0.0236,-0.004,0.4755,0.0006,0.5,0.0,2.5996,1.5,1.5
23.233,6.2672,-0.0236,-0.004,0.4755,0.0006,0.5,0.0,2.5996,1.5,1.5
23.25,6.2836,-0.0237,-0.004,0.4999,0.0003,0.4737,0.0,2.5996,1.5,1.5
23.25,6.2836,-0.0237,-0.004,0.4999,0.0003,0.4737,0.0,2.5996,1.5,1.5
23.25,6.2836,-0.0237,-0.004,0.4999,0.0003,0.4737,0.0,2.5996,1.5,1.5
23.283,6.2919,-0.0237,-0.004,0.5005,0.0026,0.4737,0.0,2.5996,1.5,1.5
23.3,6.3086,-0.0238,-0.004,0.5007,0.0019,0.5,0.0,2.5996,1.5,1.5
23.3,6.3086,-0.0238,-0.004,0.5007,0.0019,0.5,0.0,2.5996,1.5,1.5
23.3,6.3086,-0.0238,-0.004,0.5007,0.0019,0.5,0.0,2.5996,1.5,1.5
23.333,6.317,-0.0238,-0.004,0.5007,0.0017,0.5,0.0,2.6733,1.5,1.5
23.333,6.317,-0.0238,-0.004,0.5007,0.0017,0.5,0.0,2.6733,1.5,1.5
23.35,6.3337,-0.0239,-0.0038,0.5006,0.0016,0.5,0.0,2.6733,1.5,1.5
23.367,6.342,-0.024,-0.004,0.5006,0.0015,0.5,0.0,2.6733,1.5,1.5
23.367,6.342,-0.024,-0.004,0.5006,0.0015,0.5,0.0,2.6733,1.5,1.5
23.367,6.342,-0.024,-0.004,0.5006,0.0015,0.5,0.0,2.6733,1.5,1.5
23.4,6.3504,-0.024,-0.0038,0.5005,0.0015,0.5,0.0,2.6733,1.5,1.5
23.4,6.3504,-0.024,-0.0038,0.5005,0.0015,0.5,0.0,2.6733,1.5,1.5
23.417,6.3664,-0.0241,-0.0039,0.4752,0.0009,0.5,0.0,2.6733,1.5,1.5
23.417,6.3664,-0.0241,-0.0039,0.4752,0.0009,0.5,0.0,2.5936,1.5,1.5
23.417,6.3664,-0.0241,-0.0039,0.4752,0.0009,0.5,0.0,2.5936,1.5,1.5
23.45,6.3743,-0.0241,-0.0039,0.4742,0.0009,0.5,0.0,2.5936,1.5,1.5
23.467,6.3907,-0.0242,-0.004,0.4989,-0.0002,0.4737,0.0,2.5936,1.5,1.5
23.467,6.3907,-0.0242,-0.004,0.4989,-0.0002,0.4737,0.0,2.5936,1.5,1.5
23.467,6.3907,-0.0242,-0.004,0.4989,-0.0002,0.4737,0.0,2.5936,1.5,1.5
23.5,6.3991,-0.0242,-0.004,0.4998,0.0006,0.4737,0.0,2.5936,1.5,1.5
23.5,6.3991,-0.0242,-0.004,0.4998,0.0006,0.4737,0.0,2.5936,1.5,1.5
23.517,6.4157,-0.0242,-0.0039,0.4999,0.0001,0.5,0.0,2.5936,1.5,1.5
23.533,6.4241,-0.0243,-0.0039,0.4999,-0.0004,0.5,0.0,2.5658,1.5,1.5
23.533,6.4241,-0.0243,-0.0039,0.4999,-0.0004,0.5,0.0,2.5658,1.5,1.5
23.533,6.4241,-0.0243,-0.0039,0.4999,-0.0004,0.5,0.0,2.5658,1.5,1.5
23.567,6.4324,-0.0243,-0.0039,0.4998,-0.0004,0.5,0.0,2.5658,1.5,1.5
23.567,6.4324,-0.0243,-0.0039,0.4998,-0.0004,0.5,0.0,2.5658,1.5,1.5
23.583,6.449,-0.0244,-0.004,0.4997,-0.0011,0.4737,0.0,2.5658,1.5,1.5
23.583,6.449,-0.0244,-0.004,0.4997,-0.0011,0.5,0.0,2.5658,1.5,1.5
23.617,6.4574,-0.0244,-0.004,0.4996,-0.001,0.5,0.0,2.5658,1.5,1.5
23.617,6.4574,-0.0244,-0.004,0.4996,-0.001,0.5,0.0,2.5658,1.5,1.5
23.633,6.4734,-0.0244,-0.004,0.4744,-0.0019,0.5,0.0,2.6,1.5,1.5
23.633,6.4734,-0.0244,-0.004,0.4744,-0.0019,0.5,0.0,2.6,1.5,1.5
23.633,6.4734,-0.0244,-0.004,0.4744,-0.0019,0.5,0.0,2.6,1.5,1.5
23.667,6.4813,-0.0245,-0.0041,0.4735,-0.0019,0.5,0.0,2.6,1.5,1.5
23.683,6.4977,-0.0245,-0.0041,0.4984,-0.0013,0.5,0.0,2.6,1.5,1.5
23.683,6.4977,-0.0245,-0.0041,0.4984,-0.0013,0.5,0.0,2.6,1.5,1.5
23.7,6.506,-0.0246,-0.0041,0.4993,-0.0019,0.5,0.0,2.6,1.5,1.5
23.7,6.506,-0.0246,-0.0041,0.4993,-0.0019,0.5,0.0,2.6,1.5,1.5
23.7,6.506,-0.0246,-0.0041,0.4993,-0.0019,0.5,0.0,2.6,1.5,1.5
23.733,6.5144,-0.0246,-0.0042,0.4995,-0.0016,0.5,0.0,2.6392,1.5,1.5
23.75,6.531,-0.0247,-0.0041,0.4997,-0.0014,0.5,0.0,2.6392,1.5,1.5
23.75,6.531,-0.0247,-0.0041,0.4997,-0.0014,0.5,0.0,2.6392,1.5,1.5
23.75,6.531,-0.0247,-0.0041,0.4997,-0.0014,0.5,0.0,2.6392,1.5,1.5
23.783,6.5393,-0.0247,-0.0041,0.4997,-0.0016,0.5,0.0,2.6392,1.5,1.5
23.783,6.5393,-0.0247,-0.0041,0.4997,-0.0016,0.5,0.0,2.6392,1.5,1.5
23.8,6.556,-0.0247,-0.0041,0.4999,-0.0017,0.5,0.0,2.6392,1.5,1.5
23.8,6.556,-0.0247,-0.0041,0.4999,-0.0017,0.5,0.0,2.6392,1.5,1.5
23.8,6.556,-0.0247,-0.0041,0.4999,-0.0017,0.5,0.0,2.6288,1.5,1.5
23.833,6.5644,-0.0248,-0.0041,0.5,-0.0016,0.5,0.0,2.6288,1.5,1.5
23.833,6.5644,-0.0248,-0.0041,0.5,-0.0016,0.5,0.0,2.6288,1.5,1.5
23.833,6.5644,-0.0248,-0.0041,0.5,-0.0016,0.5,0.0,2.6288,1.5,1.5
23.85,6.581,-0.0249,-0.0042,0.5001,-0.0013,0.5,0.0,2.6288,1.5,1.5
23.867,6.5894,-0.0249,-0.0041,0.5002,-0.0011,0.5,0.0,2.6288,1.5,1.5
23.867,6.5894,-0.0249,-0.0041,0.5002,-0.0011,0.5,0.0,2.6288,1.5,1.5
23.867,6.5894,-0.0249,-0.0041,0.5002,-0.0011,0.5,0.0,2.6288,1.5,1.5
23.9,6.5977,-0.0249,-0.0042,0.5003,-0.0009,0.5,0.0,2.6288,1.5,1.5
23.9,6.5977,-0.0249,-0.0042,0.5003,-0.0009,0.5,0.0,2.6288,1.5,1.5
23.917,6.6144,-0.025,-0.0041,0.5004,-0.0004,0.5,0.0,2.6288,1.5,1.5
23.917,6.6144,-0.025,-0.0041,0.5004,-0.0004,0.5,0.0,2.5994,1.5,1.5
23.917,6.6144,-0.025,-0.0041,0.5004,-0.0004,0.5,0.0,2.5994,1.5,1.5
23.95,6.6227,-0.025,-0.0041,0.5005,-0.0002,0.5,0.0,2.5994,1.5,1.5
23.967,6.6394,-0.0251,-0.0041,0.5005,0.0009,0.4737,0.0,2.5994,1.5,1.5
23.967,6.6394,-0.0251,-0.0041,0.5005,0.0009,0.4737,0.0,2.5994,1.5,1.5
23.967,6.6394,-0.0251,-0.0041,0.5005,0.0009,0.4737,0.0,2.5994,1.5,1.5
24.0,6.6478,-0.0251,-0.0041,0.5006,0.0008,0.4737,0.0,2.5994,1.5,1.5
24.017,6.6645,-0.0252,-0.0041,0.5007,0.0009,0.4737,0.0,2.5994,1.5,1.5
24.017,6.6645,-0.0252,-0.0041,0.5007,0.0009,0.5,0.0,2.5364,1.5,1.5
24.033,6.6728,-0.0253,-0.004,0.5007,0.0008,0.5,0.0,2.5364,1.5,1.5
24.033,6.6728,-0.0253,-0.004,0.5007,0.0008,0.5,0.0,2.5364,1.5,1.5
24.033,6.6728,-0.0253,-0.004,0.5007,0.0008,0.5,0.0,2.5364,1.5,1.5
24.067,6.6812,-0.0253,-0.004,0.5008,0.0016,0.5,0.0,2.5364,1.5,1.5
24.067,6.6812,-0.0253,-0.004,0.5008,0.0016,0.5,0.0,2.5364,1.5,1.5
24.083,6.6979,-0.0254,-0.0039,0.5008,0.001,0.5,0.0,2.5364,1.5,1.5
24.083,6.6979,-0.0254,-0.0039,0.5008,0.001,0.5,0.0,2.5364,1.5,1.5
24.083,6.6979,-0.0254,-0.0039,0.5008,0.001,0.5,0.0,2.5364,1.5,1.5
24.117,6.7062,-0.0254,-0.004,0.5008,0.0021,0.5,0.0,2.5364,1.5,1.5
24.133,6.7223,-0.0255,-0.004,0.4755,0.0013,0.5,0.0,2.5919,1.5,1.5
24.133,6.7223,-0.0255,-0.004,0.4755,0.0013,0.5,0.0,2.5919,1.5,1.5
24.133,6.7223,-0.0255,-0.004,0.4755,0.0013,0.4737,0.0,2.5919,1.5,1.5
24.167,6.7302,-0.0255,-0.0039,0.4745,0.0014,0.4737,0.0,2.5919,1.5,1.5
24.183,6.7466,-0.0256,-0.0039,0.4993,0.0007,0.4737,0.0,2.5919,1.5,1.5
24.183,6.7466,-0.0256,-0.0039,0.4993,0.0007,0.4737,0.0,2.5919,1.5,1.5
24.2,6.7549,-0.0256,-0.0038,0.5003,0.0014,0.5,0.0,2.5919,1.5,1.5
24.2,6.7549,-0.0256,-0.0038,0.5003,0.0014,0.5,0.0,2.5919,1.5,1.5
24.2,6.7549,-0.0256,-0.0038,0.5003,0.0014,0.5,0.0,2.5772,1.5,1.5
24.233,6.7633,-0.0257,-0.0038,0.5004,0.0011,0.5,0.0,2.5772,1.5,1.5
24.233,6.7633,-0.0257,-0.0038,0.5004,0.0011,0.5,0.0,2.5772,1.5,1.5
24.25,6.78,-0.0257,-0.004,0.5003,0.0009,0.4737,0.0,2.5772,1.5,1.5
24.25,6.78,-0.0257,-0.004,0.5003,0.0009,0.4737,0.0,2.5772,1.5,1.5
24.25,6.78,-0.0257,-0.004,0.5003,0.0009,0.4737,0.0,2.5772,1.5,1.5
24.283,6.7883,-0.0258,-0.0039,0.5002,0.0008,0.4737,0.0,2.5772,1.5,1.5
24.3,6.8048,-0.0258,-0.0038,0.4793,0.001,0.5,0.0,2.5772,1.5,1.5
24.3,6.8048,-0.0258,-0.0038,0.4793,0.001,0.5,0.0,2.5772,1.5,1.5
24.3,6.8048,-0.0258,-0.0038,0.4793,0.001,0.5,0.0,2.5772,1.5,1.5
24.333,6.8127,-0.0259,-0.004,0.4748,-0.0001,0.5,0.0,2.5635,1.5,1.5
24.333,6.8127,-0.0259,-0.004,0.4748,-0.0001,0.5,0.0,2.5635,1.5,1.5
24.35,6.8287,-0.0259,-0.0039,0.4936,-0.0031,0.5,0.0,2.5635,1.5,1.5
24.367,6.837,-0.0259,-0.004,0.4988,-0.0013,0.5,0.0,2.5635,1.5,1.5
24.367,6.837,-0.0259,-0.004,0.4988,-0.0013,0.5,0.0,2.5635,1.5,1.5
24.367,6.837,-0.0259,-0.004,0.4988,-0.0013,0.5,0.0,2.5635,1.5,1.5
24.4,6.8453,-0.026,-0.004,0.4994,-0.0001,0.5,0.0,2.5635,1.5,1.5
24.417,6.8614,-0.026,-0.004,0.4744,-0.0012,0.5,0.0,2.5635,1.5,1.5
24.417,6.8614,-0.026,-0.004,0.4744,-0.0012,0.5,0.0,2.5499,1.5,1.5
24.417,6.8614,-0.026,-0.004,0.4744,-0.0012,0.5,0.0,2.5499,1.5,1.5
24.45,6.8693,-0.0261,-0.0041,0.4735,-0.0017,0.5,0.0,2.5499,1.5,1.5
24.45,6.8693,-0.0261,-0.0041,0.4735,-0.0017,0.5,0.0,2.5499,1.5,1.5
24.467,6.8856,-0.0261,-0.0041,0.4984,-0.0014,0.5,0.0,2.5499,1.5,1.5
24.467,6.8856,-0.0261,-0.0041,0.4984,-0.0014,0.5,0.0,2.5499,1.5,1.5
24.467,6.8856,-0.0261,-0.0041,0.4984,-0.0014,0.4737,0.0,2.5499,1.5,1.5
24.5,6.894,-0.0261,-0.0041,0.4993,-0.0017,0.4737,0.0,2.5499,1.5,1.5
24.517,6.9106,-0.0262,-0.0042,0.4995,-0.0016,0.5,0.0,2.5499,1.5,1.5
24.517,6.9106,-0.0262,-0.0042,0.4995,-0.0016,0.5,0.0,2.5883,1.5,1.5
24.533,6.9189,-0.0262,-0.0042,0.4996,-0.0019,0.5,0.0,2.5883,1.5,1.5
24.533,6.9189,-0.0262,-0.0042,0.4996,-0.0019,0.5,0.0,2.5883,1.5,1.5
24.567,6.9273,-0.0263,-0.0042,0.4996,-0.0014,0.5,0.0,2.5883,1.5,1.5
24.567,6.9273,-0.0263,-0.0042,0.4996,-0.0014,0.5,0.0,2.5883,1.5,1.5
24.583,6.9439,-0.0263,-0.0042,0.4997,-0.0011,0.5,0.0,2.5883,1.5,1.5
24.583,6.9439,-0.0263,-0.0042,0.4997,-0.0011,0.5,0.0,2.5883,1.5,1.5
24.583,6.9439,-0.0263,-0.0042,0.4997,-0.0011,0.5,0.0,2.5883,1.5,1.5
24.617,6.9523,-0.0264,-0.0043,0.4997,-0.0015,0.5,0.0,2.5883,1.5,1.5
24.633,6.9687,-0.0264,-0.0042,0.4791,-0.001,0.5,0.0,2.6346,1.5,1.5
24.633,6.9687,-0.0264,-0.0042,0.4791,-0.001,0.5,0.0,2.6346,1.5,1.5
24.633,6.9687,-0.0264,-0.0042,0.4791,-0.001,0.5,0.0,2.6346,1.5,1.5
24.667,6.9769,-0.0265,-0.0043,0.4957,-0.0022,0.5,0.0,2.6346,1.5,1.5
24.667,6.9769,-0.0265,-0.0043,0.4957,-0.0022,0.5,0.0,2.6346,1.5,1.5
24.683,6.9935,-0.0265,-0.0041,0.5,-0.001,0.4737,0.0,2.6346,1.5,1.5
24.7,7.0019,-0.0266,-0.0042,0.5002,-0.001,0.5,0.0,2.6346,1.5,1.5
24.7,7.0019,-0.0266,-0.0042,0.5002,-0.001,0.5,0.0,2.6346,1.5,1.5
24.7,7.0019,-0.0266,-0.0042,0.5002,-0.001,0.5,0.0,2.6346,1.5,1.5
24.733,7.0102,-0.0266,-0.0043,0.5003,-0.0007,0.5,0.0,2.5852,1.5,1.5
24.733,7.0102,-0.0266,-0.0043,0.5003,-0.0007,0.5,0.0,2.5852,1.5,1.5
24.75,7.0269,-0.0267,-0.0042,0.5004,-0.0002,0.5,0.0,2.5852,1.5,1.5
24.75,7.0269,-0.0267,-0.0042,0.5004,-0.0002,0.5,0.0,2.5852,1.5,1.5
24.783,7.0352,-0.0267,-0.0041,0.5005,-0.0002,0.5,0.0,2.5852,1.5,1.5
24.783,7.0352,-0.0267,-0.0041,0.5005,-0.0002,0.5,0.0,2.5852,1.5,1.5
24.8,7.0519,-0.0268,-0.0041,0.5006,0.001,0.5,0.0,2.5852,1.5,1.5
24.8,7.0519,-0.0268,-0.0041,0.5006,0.001,0.5,0.0,2.5852,1.5,1.5
24.8,7.0519,-0.0268,-0.0041,0.5006,0.001,0.5,0.0,2.59,1.5,1.5
24.833,7.0603,-0.0268,-0.0041,0.5006,0.0011,0.5,0.0,2.59,1.5,1.5
24.85,7.0766,-0.0269,-0.0041,0.4963,-0.0,0.5,0.0,2.59,1.5,1.5
24.85,7.0766,-0.0269,-0.0041,0.4963,-0.0,0.5,0.0,2.59,1.5,1.5
24.867,7.0849,-0.0269,-0.0041,0.4999,0.0016,0.4737,0.0,2.59,1.5,1.5
24.867,7.0849,-0.0269,-0.0041,0.4999,0.0016,0.4737,0.0,2.59,1.5,1.5
24.867,7.0849,-0.0269,-0.0041,0.4999,0.0016,0.4737,0.0,2.59,1.5,1.5
24.9,7.0932,-0.027,-0.0041,0.5005,0.0011,0.4737,0.0,2.59,1.5,1.5
24.917,7.1099,-0.0271,-0.004,0.5008,0.0015,0.5,0.0,2.59,1.5,1.5
24.917,7.1099,-0.0271,-0.004,0.5008,0.0015,0.5,0.0,2.5613,1.5,1.5
24.917,7.1099,-0.0271,-0.004,0.5008,0.0015,0.5,0.0,2.5613,1.5,1.5
24.95,7.1183,-0.0271,-0.004,0.5007,0.0013,0.5,0.0,2.5613,1.5,1.5
24.95,7.1183,-0.0271,-0.004,0.5007,0.0013,0.5,0.0,2.5613,1.5,1.5
24.967,7.135,-0.0272,-0.004,0.5007,0.0015,0.5,0.0,2.5613,1.5,1.5
24.967,7.135,-0.0272,-0.004,0.5007,0.0015,0.5,0.0,2.5613,1.5,1.5
24.967,7.135,-0.0272,-0.004,0.5007,0.0015,0.5,0.0,2.5613,1.5,1.5
25.0,7.1433,-0.0272,-0.0039,0.5007,0.0016,0.5,0.0,2.5613,1.5,1.5
25.017,7.1598,-0.0273,-0.004,0.4797,0.002,0.5,0.0,2.5613,1.5,1.5
25.033,7.1677,-0.0273,-0.004,0.4753,0.001,0.5,0.0,2.5966,1.5,1.5
25.033,7.1677,-0.0273,-0.004,0.4753,0.001,0.5,0.0,2.5966,1.5,1.5
25.033,7.1677,-0.0273,-0.004,0.4753,0.001,0.5,0.0,2.5966,1.5,1.5
25.033,7.1677,-0.0273,-0.004,0.4753,0.001,0.5,0.0,2.5966,1.5,1.5
25.067,7.1756,-0.0274,-0.004,0.4743,0.0011,0.5,0.0,2.5966,1.5,1.5
25.083,7.192,-0.0274,-0.0039,0.4989,0.0009,0.4737,0.0,2.5966,1.5,1.5
25.083,7.192,-0.0274,-0.0039,0.4989,0.0009,0.4737,0.0,2.5966,1.5,1.5
25.083,7.192,-0.0274,-0.0039,0.4989,0.0009,0.5,0.0,2.5966,1.5,1.5
25.117,7.2003,-0.0275,-0.004,0.5,0.0003,0.5,0.0,2.5966,1.5,1.5
25.117,7.2003,-0.0275,-0.004,0.5,0.0003,0.5,0.0,2.5785,1.5,1.5
25.133,7.217,-0.0275,-0.004,0.5001,0.0002,0.5,0.0,2.5785,1.5,1.5
25.133,7.217,-0.0275,-0.004,0.5001,0.0002,0.5,0.0,2.5785,1.5,1.5
25.167,7.2254,-0.0276,-0.004,0.5,0.0,0.5,0.0,2.5785,1.5,1.5
25.167,7.2254,-0.0276,-0.004,0.5,0.0,0.5,0.0,2.5785,1.5,1.5
25.183,7.242,-0.0276,-0.004,0.4999,-0.0004,0.4737,0.0,2.5785,1.5,1.5
25.2,7.2503,-0.0276,-0.004,0.4998,-0.0006,0.5,0.0,2.5785,1.5,1.5
25.2,7.2503,-0.0276,-0.004,0.4998,-0.0006,0.5,0.0,2.5785,1.5,1.5
25.2,7.2503,-0.0276,-0.004,0.4998,-0.0006,0.5,0.0,2.5785,1.5,1.5
25.233,7.2587,-0.0277,-0.004,0.4996,-0.0012,0.5,0.0,2.6174,1.5,1.5
25.233,7.2587,-0.0277,-0.004,0.4996,-0.0012,0.5,0.0,2.6174,1.5,1.5
25.25,7.2749,-0.0277,-0.0041,0.4953,-0.0022,0.5,0.0,2.6174,1.5,1.5
25.25,7.2749,-0.0277,-0.0041,0.4953,-0.0022,0.5,0.0,2.6174,1.5,1.5
25.25,7.2749,-0.0277,-0.0041,0.4953,-0.0022,0.5,0.0,2.6174,1.5,1.5
25.283,7.2832,-0.0278,-0.0041,0.4987,-0.0012,0.5,0.0,2.6174,1.5,1.5
25.3,7.2999,-0.0278,-0.0041,0.4994,-0.0019,0.5,0.0,2.6174,1.5,1.5
25.3,7.2999,-0.0278,-0.0041,0.4994,-0.0019,0.5,0.0,2.6174,1.5,1.5
25.3,7.2999,-0.0278,-0.0041,0.4994,-0.0019,0.5,0.0,2.6174,1.5,1.5
25.333,7.308,-0.0278,-0.0041,0.4787,-0.001,0.5,0.0,2.5847,1.5,1.5
25.333,7.308,-0.0278,-0.0041,0.4787,-0.001,0.5,0.0,2.5847,1.5,1.5
25.35,7.3244,-0.0279,-0.0041,0.4987,-0.0012,0.5,0.0,2.5847,1.5,1.5
25.367,7.3328,-0.0279,-0.0042,0.4994,-0.0018,0.5,0.0,2.5847,1.5,1.5
25.367,7.3328,-0.0279,-0.0042,0.4994,-0.0018,0.5,0.0,2.5847,1.5,1.5
25.367,7.3328,-0.0279,-0.0042,0.4994,-0.0018,0.5,0.0,2.5847,1.5,1.5
25.4,7.3411,-0.028,-0.0042,0.4996,-0.0019,0.5,0.0,2.5847,1.5,1.5
25.417,7.3577,-0.028,-0.0043,0.4998,-0.0018,0.5,0.0,2.5847,1.5,1.5
25.417,7.3577,-0.028,-0.0043,0.4998,-0.0018,0.5,0.0,2.6011,1.5,1.5
25.417,7.3577,-0.028,-0.0043,0.4998,-0.0018,0.5,0.0,2.6011,1.5,1.5
25.45,7.3661,-0.0281,-0.0043,0.4998,-0.0019,0.5,0.0,2.6011,1.5,1.5
25.45,7.3661,-0.0281,-0.0043,0.4998,-0.0019,0.5,0.0,2.6011,1.5,1.5
25.467,7.3827,-0.0281,-0.0043,0.5,-0.0016,0.5,0.0,2.6011,1.5,1.5
25.467,7.3827,-0.0281,-0.0043,0.5,-0.0016,0.5,0.0,2.6011,1.5,1.5
25.467,7.3827,-0.0281,-0.0043,0.5,-0.0016,0.5,0.0,2.6011,1.5,1.5
25.5,7.3911,-0.0282,-0.0042,0.5001,-0.0014,0.5,0.0,2.6011,1.5,1.5
25.517,7.4078,-0.0282,-0.0043,0.5002,-0.001,0.5,0.0,2.6011,1.5,1.5
25.517,7.4078,-0.0282,-0.0043,0.5002,-0.001,0.5,0.0,2.6011,1.5,1.5
25.533,7.4161,-0.0283,-0.0042,0.5003,-0.0008,0.5,0.0,2.5367,1.5,1.5
25.533,7.4161,-0.0283,-0.0042,0.5003,-0.0008,0.5,0.0,2.5367,1.5,1.5
25.533,7.4161,-0.0283,-0.0042,0.5003,-0.0008,0.5,0.0,2.5367,1.5,1.5
25.567,7.4244,-0.0283,-0.0043,0.5003,-0.0006,0.5,0.0,2.5367,1.5,1.5
25.583,7.4411,-0.0284,-0.0042,0.5005,-0.0001,0.4737,0.0,2.5367,1.5,1.5
25.583,7.4411,-0.0284,-0.0042,0.5005,-0.0001,0.4737,0.0,2.5367,1.5,1.5
25.583,7.4411,-0.0284,-0.0042,0.5005,-0.0001,0.4737,0.0,2.5367,1.5,1.5
25.617,7.4495,-0.0284,-0.0042,0.5005,0.0003,0.4737,0.0,2.5367,1.5,1.5
25.617,7.4495,-0.0284,-0.0042,0.5005,0.0003,0.4737,0.0,2.5641,1.5,1.5
25.633,7.4662,-0.0285,-0.0041,0.5006,0.0008,0.5,0.0,2.5641,1.5,1.5
25.633,7.4662,-0.0285,-0.0041,0.5006,0.0008,0.5,0.0,2.5641,1.5,1.5
25.633,7.4662,-0.0285,-0.0041,0.5006,0.0008,0.5,0.0,2.5641,1.5,1.5
25.667,7.4745,-0.0285,-0.0042,0.5006,0.0003,0.5,0.0,2.5641,1.5,1.5
25.683,7.4912,-0.0286,-0.0041,0.5007,0.0007,0.4737,0.0,2.5641,1.5,1.5
25.683,7.4912,-0.0286,-0.0041,0.5007,0.0007,0.4737,0.0,2.5641,1.5,1.5
25.7,7.4996,-0.0287,-0.004,0.5009,0.0005,0.4737,0.0,2.5641,1.5,1.5
25.7,7.4996,-0.0287,-0.004,0.5009,0.0005,0.5,0.0,2.5641,1.5,1.5
25.7,7.4996,-0.0287,-0.004,0.5009,0.0005,0.5,0.0,2.5483,1.5,1.5
25.733,7.5079,-0.0287,-0.0041,0.5008,0.0019,0.5,0.0,2.5483,1.5,1.5
25.75,7.524,-0.0288,-0.004,0.4756,0.0014,0.5,0.0,2.5483,1.5,1.5
25.75,7.524,-0.0288,-0.004,0.4756,0.0014,0.5,0.0,2.5483,1.5,1.5
25.75,7.524,-0.0288,-0.004,0.4756,0.0014,0.5,0.0,2.5483,1.5,1.5
25.783,7.5319,-0.0288,-0.004,0.4746,0.0013,0.5,0.0,2.5483,1.5,1.5
25.783,7.5319,-0.0288,-0.004,0.4746,0.0013,0.5,0.0,2.5483,1.5,1.5
25.8,7.5483,-0.0289,-0.004,0.4993,0.0008,0.5,0.0,2.5483,1.5,1.5
25.8,7.5483,-0.0289,-0.004,0.4993,0.0008,0.5,0.0,2.5483,1.5,1.5
25.8,7.5483,-0.0289,-0.004,0.4993,0.0008,0.5,0.0,2.5753,1.5,1.5
25.833,7.5565,-0.0289,-0.004,0.4795,0.0021,0.5,0.0,2.5753,1.5,1.5
25.85,7.5723,-0.029,-0.004,0.4744,0.0011,0.5,0.0,2.5753,1.5,1.5
25.85,7.5723,-0.029,-0.004,0.4744,0.0011,0.5,0.0,2.5753,1.5,1.5
25.867,7.5804,-0.029,-0.004,0.4947,0.0028,0.4737,0.0,2.5753,1.5,1.5
25.867,7.5804,-0.029,-0.004,0.4947,0.0028,0.5,0.0,2.5753,1.5,1.5
25.867,7.5804,-0.029,-0.004,0.4947,0.0028,0.5,0.0,2.5753,1.5,1.5
25.9,7.5887,-0.0291,-0.004,0.4991,0.0001,0.5,0.0,2.5753,1.5,1.5
25.917,7.6054,-0.0291,-0.004,0.5002,0.0004,0.5,0.0,2.5753,1.5,1.5
25.917,7.6054,-0.0291,-0.004,0.5002,0.0004,0.5,0.0,2.5415,1.5,1.5
25.917,7.6054,-0.0291,-0.004,0.5002,0.0004,0.5,0.0,2.5415,1.5,1.5
25.95,7.6137,-0.0292,-0.004,0.5002,0.0005,0.5,0.0,2.5415,1.5,1.5
25.95,7.6137,-0.0292,-0.004,0.5002,0.0005,0.5,0.0,2.5415,1.5,1.5
25.967,7.6304,-0.0292,-0.0041,0.5,0.0001,0.5,0.0,2.5415,1.5,1.5
25.967,7.6304,-0.0292,-0.0041,0.5,0.0001,0.5,0.0,2.5415,1.5,1.5
25.967,7.6304,-0.0292,-0.0041,0.5,0.0001,0.5,0.0,2.5415,1.5,1.5
26.0,7.6387,-0.0293,-0.0041,0.5,-0.0002,0.5,0.0,2.5415,1.5,1.5
26.017,7.6552,-0.0293,-0.0041,0.479,0.0001,0.5,0.0,2.5415,1.5,1.5
26.017,7.6552,-0.0293,-0.0041,0.479,0.0001,0.5,0.0,2.5468,1.5,1.5
26.033,7.6633,-0.0293,-0.0041,0.4953,-0.002,0.5,0.0,2.5468,1.5,1.5
26.033,7.6633,-0.0293,-0.0041,0.4953,-0.002,0.5,0.0,2.5468,1.5,1.5
26.033,7.6633,-0.0293,-0.0041,0.4953,-0.002,0.5,0.0,2.5468,1.5,1.5
26.067,7.6716,-0.0294,-0.0041,0.4988,-0.0008,0.5,0.0,2.5468,1.5,1.5
26.083,7.6883,-0.0294,-0.0041,0.4995,-0.0015,0.4737,0.0,2.5468,1.5,1.5
26.083,7.6883,-0.0294,-0.0041,0.4995,-0.0015,0.4737,0.0,2.5468,1.5,1.5
26.083,7.6883,-0.0294,-0.0041,0.4995,-0.0015,0.5,0.0,2.5468,1.5,1.5
26.117,7.6966,-0.0295,-0.0041,0.4995,-0.0017,0.5,0.0,2.5468,1.5,1.5
26.117,7.6966,-0.0295,-0.0041,0.4995,-0.0017,0.5,0.0,2.5813,1.5,1.5
26.133,7.7132,-0.0295,-0.0042,0.4995,-0.0019,0.5,0.0,2.5813,1.5,1.5
26.133,7.7132,-0.0295,-0.0042,0.4995,-0.0019,0.5,0.0,2.5813,1.5,1.5
26.167,7.7216,-0.0296,-0.0043,0.4995,-0.0015,0.5,0.0,2.5813,1.5,1.5
26.167,7.7216,-0.0296,-0.0043,0.4995,-0.0015,0.5,0.0,2.5813,1.5,1.5
26.183,7.7382,-0.0296,-0.0043,0.4996,-0.0018,0.5,0.0,2.5813,1.5,1.5
26.183,7.7382,-0.0296,-0.0043,0.4996,-0.0018,0.5,0.0,2.5813,1.5,1.5
26.2,7.7465,-0.0296,-0.0043,0.4996,-0.0015,0.5,0.0,2.5813,1.5,1.5
26.2,7.7465,-0.0296,-0.0043,0.4996,-0.0015,0.5,0.0,2.5813,1.5,1.5
26.233,7.7549,-0.0297,-0.0043,0.4997,-0.0021,0.5,0.0,2.5956,1.5,1.5
26.233,7.7549,-0.0297,-0.0043,0.4997,-0.0021,0.5,0.0,2.5956,1.5,1.5
26.25,7.7712,-0.0297,-0.0043,0.4954,-0.0025,0.5,0.0,2.5956,1.5,1.5
26.25,7.7712,-0.0297,-0.0043,0.4954,-0.0025,0.5,0.0,2.5956,1.5,1.5
26.25,7.7712,-0.0297,-0.0043,0.4954,-0.0025,0.4737,0.0,2.5956,1.5,1.5
26.283,7.7794,-0.0298,-0.0043,0.499,-0.0012,0.4737,0.0,2.5956,1.5,1.5
26.3,7.7961,-0.0298,-0.0044,0.5,-0.0012,0.4737,0.0,2.5956,1.5,1.5
26.3,7.7961,-0.0298,-0.0044,0.5,-0.0012,0.4737,0.0,2.5956,1.5,1.5
26.3,7.7961,-0.0298,-0.0044,0.5,-0.0012,0.5,0.0,2.5956,1.5,1.5
26.333,7.8044,-0.0299,-0.0043,0.5001,-0.0015,0.5,0.0,2.5633,1.5,1.5
26.333,7.8044,-0.0299,-0.0043,0.5001,-0.0015,0.5,0.0,2.5633,1.5,1.5
26.35,7.8211,-0.03,-0.0044,0.5002,-0.0009,0.5,0.0,2.5633,1.5,1.5
26.367,7.8295,-0.03,-0.0043,0.5003,-0.0008,0.5,0.0,2.5633,1.5,1.5
26.367,7.8295,-0.03,-0.0043,0.5003,-0.0008,0.4737,0.0,2.5633,1.5,1.5
26.367,7.8295,-0.03,-0.0043,0.5003,-0.0008,0.4737,0.0,2.5633,1.5,1.5
26.4,7.8378,-0.03,-0.0043,0.5004,-0.0004,0.4737,0.0,2.5633,1.5,1.5
26.4,7.8378,-0.03,-0.0043,0.5004,-0.0004,0.4737,0.0,2.5633,1.5,1.5
26.417,7.8543,-0.0301,-0.0044,0.4797,0.0003,0.5,0.0,2.5633,1.5,1.5
26.417,7.8543,-0.0301,-0.0044,0.4797,0.0003,0.5,0.0,2.6084,1.5,1.5
26.417,7.8543,-0.0301,-0.0044,0.4797,0.0003,0.5,0.0,2.6084,1.5,1.5
26.45,7.8622,-0.0301,-0.0043,0.4753,0.0002,0.5,0.0,2.6084,1.5,1.5
26.467,7.8787,-0.0302,-0.0043,0.4995,0.0009,0.5,0.0,2.6084,1.5,1.5
26.467,7.8787,-0.0302,-0.0043,0.4995,0.0009,0.5,0.0,2.6084,1.5,1.5
26.467,7.8787,-0.0302,-0.0043,0.4995,0.0009,0.5,0.0,2.6084,1.5,1.5
26.5,7.887,-0.0303,-0.0042,0.5004,0.0003,0.5,0.0,2.6084,1.5,1.5
26.5,7.887,-0.0303,-0.0042,0.5004,0.0003,0.5,0.0,2.6084,1.5,1.5
26.517,7.9035,-0.0303,-0.0041,0.4801,0.0007,0.5,0.0,2.6084,1.5,1.5
26.533,7.9115,-0.0304,-0.0043,0.4756,0.0012,0.5,0.0,2.6016,1.5,1.5
26.533,7.9115,-0.0304,-0.0043,0.4756,0.0012,0.5,0.0,2.6016,1.5,1.5
26.533,7.9115,-0.0304,-0.0043,0.4756,0.0012,0.5,0.0,2.6016,1.5,1.5
26.567,7.9194,-0.0304,-0.0042,0.4748,0.001,0.5,0.0,2.6016,1.5,1.5
26.567,7.9194,-0.0304,-0.0042,0.4748,0.001,0.5,0.0,2.6016,1.5,1.5
26.583,7.9358,-0.0305,-0.0041,0.4993,0.001,0.4737,0.0,2.6016,1.5,1.5
26.583,7.9358,-0.0305,-0.0041,0.4993,0.001,0.4737,0.0,2.6016,1.5,1.5
26.617,7.9441,-0.0305,-0.0041,0.5005,0.0013,0.4737,0.0,2.6016,1.5,1.5
26.617,7.9441,-0.0305,-0.0041,0.5005,0.0013,0.4737,0.0,2.6016,1.5,1.5
26.633,7.9608,-0.0306,-0.0041,0.5007,0.0013,0.5,0.0,2.6998,1.5,1.5
26.633,7.9608,-0.0306,-0.0041,0.5007,0.0013,0.5,0.0,2.6998,1.5,1.5
26.633,7.9608,-0.0306,-0.0041,0.5007,0.0013,0.5,0.0,2.6998,1.5,1.5
26.667,7.9692,-0.0306,-0.0041,0.5006,0.0014,0.5,0.0,2.6998,1.5,1.5
26.683,7.9858,-0.0307,-0.0041,0.5005,0.0011,0.5,0.0,2.6998,1.5,1.5
26.683,7.9858,-0.0307,-0.0041,0.5005,0.0011,0.5,0.0,2.6998,1.5,1.5
26.7,7.9942,-0.0308,-0.0041,0.5004,0.001,0.5,0.0,2.6998,1.5,1.5
26.7,7.9942,-0.0308,-0.0041,0.5004,0.001,0.5,0.0,2.6998,1.5,1.5
26.7,7.9942,-0.0308,-0.0041,0.5004,0.001,0.5,0.0,2.6998,1.5,1.5
26.733,8.0025,-0.0308,-0.0041,0.5004,0.0009,0.5,0.0,2.5723,1.5,1.5
26.75,8.0186,-0.0309,-0.0041,0.475,0.0003,0.5,0.0,2.5723,1.5,1.5
26.75,8.0186,-0.0309,-0.0041,0.475,0.0003,0.5,0.0,2.5723,1.5,1.5
26.75,8.0186,-0.0309,-0.0041,0.475,0.0003,0.5,0.0,2.5723,1.5,1.5
26.783,8.0265,-0.0309,-0.0042,0.474,0.0003,0.5,0.0,2.5723,1.5,1.5
26.783,8.0265,-0.0309,-0.0042,0.474,0.0003,0.5,0.0,2.5723,1.5,1.5
26.8,8.0429,-0.031,-0.0042,0.4988,-0.0012,0.4737,0.0,2.5723,1.5,1.5
26.8,8.0429,-0.031,-0.0042,0.4988,-0.0012,0.5,0.0,2.5723,1.5,1.5
26.8,8.0429,-0.031,-0.0042,0.4988,-0.0012,0.5,0.0,2.5592,1.5,1.5
26.833,8.0512,-0.031,-0.0042,0.4997,0.0002,0.5,0.0,2.5592,1.5,1.5
26.85,8.0679,-0.031,-0.0042,0.4998,-0.0014,0.5,0.0,2.5592,1.5,1.5
26.85,8.0679,-0.031,-0.0042,0.4998,-0.0014,0.5,0.0,2.5592,1.5,1.5
26.867,8.0762,-0.0311,-0.0043,0.4997,-0.0003,0.5,0.0,2.5592,1.5,1.5
26.867,8.0762,-0.0311,-0.0043,0.4997,-0.0003,0.5,0.0,2.5592,1.5,1.5
26.867,8.0762,-0.0311,-0.0043,0.4997,-0.0003,0.5,0.0,2.5592,1.5,1.5
26.9,8.0845,-0.0311,-0.0042,0.4996,-0.0015,0.5,0.0,2.5592,1.5,1.5
26.917,8.1012,-0.0312,-0.0043,0.4996,-0.0013,0.5,0.0,2.5592,1.5,1.5
26.917,8.1012,-0.0312,-0.0043,0.4996,-0.0013,0.5,0.0,2.5921,1.5,1.5
26.917,8.1012,-0.0312,-0.0043,0.4996,-0.0013,0.5,0.0,2.5921,1.5,1.5
26.95,8.1095,-0.0312,-0.0043,0.4995,-0.0019,0.5,0.0,2.5921,1.5,1.5
26.967,8.1262,-0.0313,-0.0043,0.4995,-0.0014,0.5,0.0,2.5921,1.5,1.5
26.967,8.1262,-0.0313,-0.0043,0.4995,-0.0014,0.5,0.0,2.5921,1.5,1.5
26.967,8.1262,-0.0313,-0.0043,0.4995,-0.0014,0.4737,0.0,2.5921,1.5,1.5
27.0,8.1345,-0.0313,-0.0043,0.4995,-0.0015,0.4737,0.0,2.5921,1.5,1.5
27.0,8.1345,-0.0313,-0.0043,0.4995,-0.0015,0.4737,0.0,2.5921,1.5,1.5
27.017,8.1511,-0.0314,-0.0044,0.4996,-0.0017,0.5,0.0,2.5921,1.5,1.5
27.033,8.1595,-0.0314,-0.0044,0.4996,-0.0015,0.5,0.0,2.619,1.5,1.5
27.033,8.1595,-0.0314,-0.0044,0.4996,-0.0015,0.5,0.0,2.619,1.5,1.5
27.033,8.1595,-0.0314,-0.0044,0.4996,-0.0015,0.5,0.0,2.619,1.5,1.5
27.067,8.1678,-0.0314,-0.0044,0.4997,-0.0021,0.5,0.0,2.619,1.5,1.5
27.067,8.1678,-0.0314,-0.0044,0.4997,-0.0021,0.5,0.0,2.619,1.5,1.5
27.083,8.1845,-0.0315,-0.0044,0.4998,-0.0017,0.5,0.0,2.619,1.5,1.5
27.083,8.1845,-0.0315,-0.0044,0.4998,-0.0017,0.5,0.0,2.619,1.5,1.5
27.083,8.1845,-0.0315,-0.0044,0.4998,-0.0017,0.5,0.0,2.619,1.5,1.5
27.117,8.1928,-0.0315,-0.0045,0.4999,-0.0018,0.5,0.0,2.619,1.5,1.5
27.133,8.2089,-0.0316,-0.0045,0.4749,-0.0017,0.5,0.0,2.5573,1.5,1.5
27.133,8.2089,-0.0316,-0.0045,0.4749,-0.0017,0.5,0.0,2.5573,1.5,1.5
27.133,8.2089,-0.0316,-0.0045,0.4749,-0.0017,0.5,0.0,2.5573,1.5,1.5
27.167,8.217,-0.0316,-0.0045,0.4948,-0.0026,0.5,0.0,2.5573,1.5,1.5
27.167,8.217,-0.0316,-0.0045,0.4948,-0.0026,0.5,0.0,2.5573,1.5,1.5
27.183,8.2336,-0.0317,-0.0044,0.5,-0.0008,0.4737,0.0,2.5573,1.5,1.5
27.2,8.242,-0.0317,-0.0044,0.5003,-0.0003,0.4737,0.0,2.5573,1.5,1.5
27.2,8.242,-0.0317,-0.0044,0.5003,-0.0003,0.4737,0.0,2.5573,1.5,1.5
27.2,8.242,-0.0317,-0.0044,0.5003,-0.0003,0.5,0.0,2.5573,1.5,1.5
27.233,8.2503,-0.0318,-0.0044,0.5004,-0.0008,0.5,0.0,2.5622,1.5,1.5
27.233,8.2503,-0.0318,-0.0044,0.5004,-0.0008,0.5,0.0,2.5622,1.5,1.5
27.25,8.267,-0.0319,-0.0044,0.5005,0.0005,0.5,0.0,2.5622,1.5,1.5
27.25,8.267,-0.0319,-0.0044,0.5005,0.0005,0.5,0.0,2.5622,1.5,1.5
27.25,8.267,-0.0319,-0.0044,0.5005,0.0005,0.5,0.0,2.5622,1.5,1.5
27.283,8.2753,-0.0319,-0.0044,0.5006,0.0005,0.5,0.0,2.5622,1.5,1.5
27.3,8.292,-0.032,-0.0044,0.5006,0.0007,0.4737,0.0,2.5622,1.5,1.5
27.3,8.292,-0.032,-0.0044,0.5006,0.0007,0.4737,0.0,2.5622,1.5,1.5
27.3,8.292,-0.032,-0.0044,0.5006,0.0007,0.5,0.0,2.5622,1.5,1.5
27.333,8.3004,-0.032,-0.0043,0.5007,0.0006,0.5,0.0,2.5642,1.5,1.5
27.333,8.3004,-0.032,-0.0043,0.5007,0.0006,0.5,0.0,2.5642,1.5,1.5
27.35,8.3165,-0.0321,-0.0043,0.4755,0.0008,0.5,0.0,2.5642,1.5,1.5
27.367,8.3246,-0.0322,-0.0043,0.4954,0.0009,0.5,0.0,2.5642,1.5,1.5
27.367,8.3246,-0.0322,-0.0043,0.4954,0.0009,0.5,0.0,2.5642,1.5,1.5
27.367,8.3246,-0.0322,-0.0043,0.4954,0.0009,0.5,0.0,2.5642,1.5,1.5
27.4,8.3329,-0.0322,-0.0043,0.4996,0.0017,0.5,0.0,2.5642,1.5,1.5
27.4,8.3329,-0.0322,-0.0043,0.4996,0.0017,0.5,0.0,2.5642,1.5,1.5
27.417,8.3496,-0.0323,-0.0043,0.5007,0.0016,0.5,0.0,2.5642,1.5,1.5
27.417,8.3496,-0.0323,-0.0043,0.5007,0.0016,0.5,0.0,2.5442,1.5,1.5
27.417,8.3496,-0.0323,-0.0043,0.5007,0.0016,0.5,0.0,2.5442,1.5,1.5
27.45,8.3579,-0.0323,-0.0042,0.5007,0.0016,0.5,0.0,2.5442,1.5,1.5
27.467,8.3742,-0.0324,-0.0043,0.4963,0.0005,0.5,0.0,2.5442,1.5,1.5
27.467,8.3742,-0.0324,-0.0043,0.4963,0.0005,0.5,0.0,2.5442,1.5,1.5
27.467,8.3742,-0.0324,-0.0043,0.4963,0.0005,0.4737,0.0,2.5442,1.5,1.5
27.5,8.3825,-0.0324,-0.0042,0.4996,0.0016,0.4737,0.0,2.5442,1.5,1.5
27.5,8.3825,-0.0324,-0.0042,0.4996,0.0016,0.4737,0.0,2.5442,1.5,1.5
27.517,8.3992,-0.0325,-0.0042,0.5004,0.0013,0.4737,0.0,2.5442,1.5,1.5
27.533,8.4076,-0.0325,-0.0042,0.5004,0.001,0.5,0.0,2.5307,1.5,1.5
27.533,8.4076,-0.0325,-0.0042,0.5004,0.001,0.5,0.0,2.5307,1.5,1.5
27.533,8.4076,-0.0325,-0.0042,0.5004,0.001,0.5,0.0,2.5307,1.5,1.5
27.567,8.4159,-0.0326,-0.0042,0.5003,0.0009,0.5,0.0,2.5307,1.5,1.5
27.567,8.4159,-0.0326,-0.0042,0.5003,0.0009,0.5,0.0,2.5307,1.5,1.5
27.583,8.4326,-0.0326,-0.0042,0.5001,0.0005,0.5,0.0,2.5307,1.5,1.5
27.583,8.4326,-0.0326,-0.0042,0.5001,0.0005,0.5,0.0,2.5307,1.5,1.5
27.583,8.4326,-0.0326,-0.0042,0.5001,0.0005,0.5,0.0,2.5307,1.5,1.5
27.617,8.4409,-0.0327,-0.0043,0.5001,0.0004,0.5,0.0,2.5307,1.5,1.5
27.633,8.457,-0.0327,-0.0043,0.4748,-0.0003,0.5,0.0,2.5272,1.5,1.5
27.633,8.457,-0.0327,-0.0043,0.4748,-0.0003,0.5,0.0,2.5272,1.5,1.5
27.633,8.457,-0.0327,-0.0043,0.4748,-0.0003,0.5,0.0,2.5272,1.5,1.5
27.667,8.4649,-0.0328,-0.0043,0.4738,-0.0003,0.5,0.0,2.5272,1.5,1.5
27.667,8.4649,-0.0328,-0.0043,0.4738,-0.0003,0.5,0.0,2.5272,1.5,1.5
27.683,8.4812,-0.0328,-0.0043,0.4985,0.0005,0.4737,0.0,2.5272,1.5,1.5
27.7,8.4896,-0.0329,-0.0043,0.4994,-0.0013,0.4737,0.0,2.5272,1.5,1.5
27.7,8.4896,-0.0329,-0.0043,0.4994,-0.0013,0.4737,0.0,2.5272,1.5,1.5
27.7,8.4896,-0.0329,-0.0043,0.4994,-0.0013,0.5,0.0,2.5272,1.5,1.5
27.733,8.4979,-0.0329,-0.0044,0.4996,-0.0023,0.5,0.0,2.6252,1.5,1.5
27.75,8.5146,-0.033,-0.0044,0.4995,-0.0009,0.5,0.0,2.6252,1.5,1.5
27.75,8.5146,-0.033,-0.0044,0.4995,-0.0009,0.5,0.0,2.6252,1.5,1.5
27.75,8.5146,-0.033,-0.0044,0.4995,-0.0009,0.5,0.0,2.6252,1.5,1.5
27.783,8.5229,-0.033,-0.0044,0.4995,-0.0019,0.5,0.0,2.6252,1.5,1.5
27.783,8.5229,-0.033,-0.0044,0.4995,-0.0019,0.5,0.0,2.6252,1.5,1.5
27.8,8.5395,-0.0331,-0.0044,0.4995,-0.0015,0.5,0.0,2.6252,1.5,1.5
27.8,8.5395,-0.0331,-0.0044,0.4995,-0.0015,0.5,0.0,2.6252,1.5,1.5
27.8,8.5395,-0.0331,-0.0044,0.4995,-0.0015,0.5,0.0,2.5265,1.5,1.5
27.833,8.5479,-0.0331,-0.0044,0.4995,-0.0019,0.5,0.0,2.5265,1.5,1.5
27.85,8.5639,-0.0332,-0.0045,0.4745,-0.0022,0.5,0.0,2.5265,1.5,1.5
27.85,8.5639,-0.0332,-0.0045,0.4745,-0.0022,0.5,0.0,2.5265,1.5,1.5
27.867,8.572,-0.0332,-0.0045,0.4945,-0.0028,0.5,0.0,2.5265,1.5,1.5
27.867,8.572,-0.0332,-0.0045,0.4945,-0.0028,0.4737,0.0,2.5265,1.5,1.5
27.9,8.5803,-0.0332,-0.0044,0.4987,-0.0014,0.4737,0.0,2.5265,1.5,1.5
27.9,8.5803,-0.0332,-0.0044,0.4987,-0.0014,0.4737,0.0,2.5265,1.5,1.5
27.917,8.597,-0.0333,-0.0045,0.4998,-0.0012,0.4737,0.0,2.5265,1.5,1.5
27.917,8.597,-0.0333,-0.0045,0.4998,-0.0012,0.4737,0.0,2.5491,1.5,1.5
27.917,8.597,-0.0333,-0.0045,0.4998,-0.0012,0.5,0.0,2.5491,1.5,1.5
27.95,8.6053,-0.0333,-0.0045,0.4999,-0.0013,0.5,0.0263,2.5491,1.5,1.5
27.967,8.622,-0.0334,-0.0045,0.5001,-0.0015,0.5,0.0263,2.5491,1.5,1.5
27.967,8.622,-0.0334,-0.0045,0.5001,-0.0015,0.5,0.0263,2.5491,1.5,1.5
27.967,8.622,-0.0334,-0.0045,0.5001,-0.0015,0.5,0.0263,2.5491,1.5,1.5
28.0,8.6303,-0.0334,-0.0045,0.5002,-0.001,0.5,0.0263,2.5491,1.5,1.5
28.0,8.6303,-0.0334,-0.0045,0.5002,-0.001,0.5,0.0263,2.5491,1.5,1.5
28.017,8.647,-0.0335,-0.0045,0.5003,-0.0007,0.5,0.0263,2.5491,1.5,1.5
28.033,8.6551,-0.0336,-0.0045,0.4796,0.0001,0.5,0.0263,2.5621,1.5,1.5
28.033,8.6551,-0.0336,-0.0045,0.4796,0.0001,0.5,0.0263,2.5621,1.5,1.5
28.033,8.6551,-0.0336,-0.0045,0.4796,0.0001,0.5,0.0263,2.5621,1.5,1.5
28.033,8.6551,-0.0336,-0.0045,0.4796,0.0001,0.5,0.0263,2.5621,1.5,1.5
28.067,8.6631,-0.0336,-0.0045,0.4752,-0.0001,0.5,0.0263,2.5621,1.5,1.5
28.083,8.6791,-0.0337,-0.0045,0.495,-0.0003,0.4737,0.0263,2.5621,1.5,1.5
28.083,8.6791,-0.0337,-0.0045,0.495,-0.0003,0.4737,0.0263,2.5621,1.5,1.5
28.083,8.6791,-0.0337,-0.0045,0.495,-0.0003,0.4737,0.0263,2.5621,1.5,1.5
28.117,8.6874,-0.0337,-0.0043,0.4995,-0.0046,0.4737,0.0263,2.5621,1.5,1.5
28.117,8.6874,-0.0337,-0.0043,0.4995,-0.0046,0.4737,0.0263,2.5277,1.5,1.5
28.133,8.7041,-0.0338,-0.0041,0.5007,-0.0007,0.5,0.0789,2.5277,1.5,1.5
28.133,8.7041,-0.0338,-0.0041,0.5007,-0.0007,0.5,0.0789,2.5277,1.5,1.5
28.167,8.7125,-0.0339,-0.0041,0.5008,0.0002,0.5,0.0789,2.5277,1.5,1.5
28.167,8.7125,-0.0339,-0.0041,0.5008,0.0002,0.5,0.0789,2.5277,1.5,1.5
28.183,8.7292,-0.034,-0.0038,0.5009,0.0029,0.5,0.0789,2.5277,1.5,1.5
28.2,8.7375,-0.0341,-0.0037,0.5009,0.0036,0.5,0.0789,2.5277,1.5,1.5
28.2,8.7375,-0.0341,-0.0037,0.5009,0.0036,0.5,0.0789,2.5277,1.5,1.5
28.2,8.7375,-0.0341,-0.0037,0.5009,0.0036,0.5,0.0789,2.5277,1.5,1.5
28.233,8.7459,-0.0341,-0.0035,0.5009,0.0047,0.5,0.0789,2.5658,1.5,1.5
28.233,8.7459,-0.0341,-0.0035,0.5009,0.0047,0.5,0.0789,2.5658,1.5,1.5
28.25,8.7619,-0.0342,-0.0032,0.4756,0.0058,0.5,0.0789,2.5658,1.5,1.5
28.25,8.7619,-0.0342,-0.0032,0.4756,0.0058,0.5,0.0789,2.5658,1.5,1.5
28.25,8.7619,-0.0342,-0.0032,0.4756,0.0058,0.5,0.0789,2.5658,1.5,1.5
28.283,8.7699,-0.0343,-0.0029,0.4747,0.0066,0.5,0.0789,2.5658,1.5,1.5
28.3,8.7862,-0.0344,-0.0023,0.4972,0.0117,0.4737,0.0789,2.5658,1.5,1.5
28.3,8.7862,-0.0344,-0.0023,0.4972,0.0117,0.4737,0.0789,2.5658,1.5,1.5
28.3,8.7862,-0.0344,-0.0023,0.4972,0.0117,0.4737,0.0789,2.5658,1.5,1.5
28.333,8.7945,-0.0345,-0.002,0.4993,0.0175,0.4737,0.0789,2.5358,1.5,1.5
28.333,8.7945,-0.0345,-0.002,0.4993,0.0175,0.4737,0.0789,2.5358,1.5,1.5
28.35,8.8112,-0.0347,-0.0007,0.5001,0.0192,0.5,0.0263,2.5358,1.5,1.5
28.367,8.8195,-0.0348,0.0,0.4992,0.0192,0.5,0.0263,2.5358,1.5,1.5
28.367,8.8195,-0.0348,0.0,0.4992,0.0192,0.5,0.0263,2.5358,1.5,1.5
28.367,8.8195,-0.0348,0.0,0.4992,0.0192,0.5,0.0263,2.5358,1.5,1.5
28.4,8.8278,-0.0349,0.0,0.4995,0.0193,0.5,0.0263,2.5358,1.5,1.5
28.4,8.8278,-0.0349,0.0,0.4995,0.0193,0.5,0.0263,2.5358,1.5,1.5
28.417,8.8445,-0.035,0.001,0.499,0.024,0.5,0.0263,2.5358,1.5,1.5
28.417,8.8445,-0.035,0.001,0.499,0.024,0.5,0.0789,2.5915,1.5,1.5
28.417,8.8445,-0.035,0.001,0.499,0.024,0.5,0.0789,2.5915,1.5,1.5
28.45,8.8528,-0.0351,0.0018,0.4987,0.0197,0.5,0.0789,2.5915,1.5,1.5
28.467,8.8689,-0.0353,0.0029,0.4758,0.025,0.5,0.0789,2.5915,1.5,1.5
28.467,8.8689,-0.0353,0.0029,0.4758,0.025,0.5,0.0789,2.5915,1.5,1.5
28.467,8.8689,-0.0353,0.0029,0.4758,0.025,0.5,0.0789,2.5915,1.5,1.5
28.5,8.877,-0.0353,0.0035,0.4946,0.036,0.5,0.0789,2.5915,1.5,1.5
28.5,8.877,-0.0353,0.0035,0.4946,0.036,0.5,0.0789,2.5915,1.5,1.5
28.517,8.8936,-0.0354,0.0047,0.4995,0.0342,0.4737,0.0263,2.5915,1.5,1.5
28.533,8.9019,-0.0355,0.0053,0.4996,0.0342,0.5,0.0263,2.5883,1.5,1.5
28.533,8.9019,-0.0355,0.0053,0.4996,0.0342,0.5,0.0263,2.5883,1.5,1.5
28.533,8.9019,-0.0355,0.0053,0.4996,0.0342,0.5,0.0263,2.5883,1.5,1.5
28.567,8.9103,-0.0355,0.0058,0.4995,0.0343,0.5,0.0263,2.5883,1.5,1.5
28.567,8.9103,-0.0355,0.0058,0.4995,0.0343,0.5,0.0263,2.5883,1.5,1.5
28.583,8.9269,-0.0356,0.0071,0.4997,0.0297,0.5,0.0263,2.5883,1.5,1.5
28.583,8.9269,-0.0356,0.0071,0.4997,0.0297,0.5,0.0263,2.5883,1.5,1.5
28.583,8.9269,-0.0356,0.0071,0.4997,0.0297,0.5,0.0263,2.5883,1.5,1.5
28.617,8.9352,-0.0357,0.0079,0.4991,0.0339,0.5,0.0263,2.5883,1.5,1.5
28.633,8.9519,-0.0357,0.0094,0.4979,0.032,0.5,0.0263,2.5817,1.5,1.5
28.633,8.9519,-0.0357,0.0094,0.4979,0.032,0.5,0.0263,2.5817,1.5,1.5
28.633,8.9519,-0.0357,0.0094,0.4979,0.032,0.5,0.0263,2.5817,1.5,1.5
28.667,8.96,-0.0358,0.0101,0.4793,0.0432,0.5,0.0263,2.5817,1.5,1.5
28.667,8.96,-0.0358,0.0101,0.4793,0.0432,0.5,0.0263,2.5817,1.5,1.5
28.683,8.9764,-0.0358,0.0115,0.4972,0.0466,0.5,0.0263,2.5817,1.5,1.5
28.7,8.9847,-0.0358,0.0123,0.4984,0.0474,0.5,0.0263,2.5817,1.5,1.5
28.7,8.9847,-0.0358,0.0123,0.4984,0.0474,0.5,0.0263,2.5817,1.5,1.5
28.7,8.9847,-0.0358,0.0123,0.4984,0.0474,0.5,0.0263,2.5817,1.5,1.5
28.733,8.9931,-0.0358,0.013,0.4987,0.0471,0.5,0.0263,2.6251,1.5,1.5
28.733,8.9931,-0.0358,0.013,0.4987,0.0471,0.5,0.0263,2.6251,1.5,1.5
28.75,9.0097,-0.0358,0.0145,0.4988,0.047,0.5,0.0263,2.6251,1.5,1.5
28.75,9.0097,-0.0358,0.0145,0.4988,0.047,0.5,0.0263,2.6251,1.5,1.5
28.75,9.0097,-0.0358,0.0145,0.4988,0.047,0.5,0.0263,2.6251,1.5,1.5
28.783,9.018,-0.0358,0.0152,0.499,0.047,0.5,0.0263,2.6251,1.5,1.5
28.8,9.0347,-0.0358,0.0167,0.499,0.0473,0.4737,0.0263,2.6251,1.5,1.5
28.8,9.0347,-0.0358,0.0167,0.499,0.0473,0.4737,0.0263,2.6251,1.5,1.5
28.8,9.0347,-0.0358,0.0167,0.499,0.0473,0.4737,0.0263,2.6251,1.5,1.5
28.833,9.043,-0.0357,0.0174,0.4991,0.0472,0.4737,0.0263,2.6068,1.5,1.5
28.833,9.043,-0.0357,0.0174,0.4991,0.0472,0.4737,0.0263,2.6068,1.5,1.5
28.85,9.0597,-0.0357,0.0189,0.4992,0.0475,0.5,0.0263,2.6068,1.5,1.5
28.867,9.068,-0.0356,0.0196,0.4993,0.0475,0.5,0.0263,2.6068,1.5,1.5
28.867,9.068,-0.0356,0.0196,0.4993,0.0475,0.5,0.0263,2.6068,1.5,1.5
28.867,9.068,-0.0356,0.0196,0.4993,0.0475,0.5,0.0263,2.6068,1.5,1.5
28.9,9.0763,-0.0356,0.0204,0.4993,0.0477,0.5,0.0263,2.6068,1.5,1.5
28.9,9.0763,-0.0356,0.0204,0.4993,0.0477,0.5,0.0263,2.6068,1.5,1.5
28.917,9.093,-0.0354,0.0219,0.4994,0.0478,0.5,0.0263,2.6068,1.5,1.5
28.917,9.093,-0.0354,0.0219,0.4994,0.0478,0.5,0.0263,2.5591,1.5,1.5
28.917,9.093,-0.0354,0.0219,0.4994,0.0478,0.5,0.0263,2.5591,1.5,1.5
28.95,9.1014,-0.0354,0.0226,0.4994,0.0481,0.5,0.0789,2.5591,1.5,1.5
28.967,9.1174,-0.0352,0.024,0.4759,0.0443,0.5,0.0789,2.5591,1.5,1.5
28.967,9.1174,-0.0352,0.024,0.4759,0.0443,0.5,0.0789,2.5591,1.5,1.5
28.967,9.1174,-0.0352,0.024,0.4759,0.0443,0.5,0.0789,2.5591,1.5,1.5
29.0,9.1254,-0.0351,0.0247,0.4755,0.0406,0.5,0.0789,2.5591,1.5,1.5
29.0,9.1254,-0.0351,0.0247,0.4755,0.0406,0.5,0.0789,2.5591,1.5,1.5
29.017,9.1418,-0.0349,0.0261,0.4982,0.0356,0.4737,0.0789,2.5591,1.5,1.5
29.033,9.1501,-0.0348,0.0267,0.501,0.0409,0.4737,0.0789,2.509,1.5,1.5
29.033,9.1501,-0.0348,0.0267,0.501,0.0409,0.4737,0.0789,2.509,1.5,1.5
29.033,9.1501,-0.0348,0.0267,0.501,0.0409,0.5,0.0789,2.509,1.5,1.5
29.067,9.1585,-0.0347,0.0274,0.5006,0.0393,0.5,0.0789,2.509,1.5,1.5
29.067,9.1585,-0.0347,0.0274,0.5006,0.0393,0.5,0.0789,2.509,1.5,1.5
29.083,9.1752,-0.0344,0.0287,0.5007,0.0387,0.5,0.0789,2.509,1.5,1.5
29.083,9.1752,-0.0344,0.0287,0.5007,0.0387,0.5,0.0789,2.509,1.5,1.5
29.083,9.1752,-0.0344,0.0287,0.5007,0.0387,0.5,0.0789,2.509,1.5,1.5
29.117,9.1835,-0.0343,0.0295,0.5013,0.0334,0.5,0.0789,2.509,1.5,1.5
29.133,9.2002,-0.034,0.031,0.4997,0.0383,0.4737,0.0789,2.5308,1.5,1.5
29.133,9.2002,-0.034,0.031,0.4997,0.0383,0.4737,0.0789,2.5308,1.5,1.5
29.133,9.2002,-0.034,0.031,0.4997,0.0383,0.5,0.0263,2.5308,1.5,1.5
29.167,9.2085,-0.0339,0.0319,0.5019,0.0532,0.5,0.0263,2.5308,1.5,1.5
29.167,9.2085,-0.0339,0.0319,0.5019,0.0532,0.5,0.0263,2.5308,1.5,1.5
29.183,9.2246,-0.0336,0.0336,0.476,0.0372,0.5,0.0263,2.5308,1.5,1.5
29.2,9.2328,-0.0335,0.0344,0.4921,0.0624,0.5,0.0263,2.5308,1.5,1.5
29.2,9.2328,-0.0335,0.0344,0.4921,0.0624,0.5,0.0263,2.5308,1.5,1.5
29.2,9.2328,-0.0335,0.0344,0.4921,0.0624,0.5,0.0263,2.5308,1.5,1.5
29.233,9.241,-0.0333,0.0354,0.4983,0.0552,0.5,0.0263,2.482,1.5,1.5
29.233,9.241,-0.0333,0.0354,0.4983,0.0552,0.5,0.0263,2.482,1.5,1.5
29.25,9.2577,-0.033,0.0373,0.5004,0.0538,0.5,0.0789,2.482,1.5,1.5
29.25,9.2577,-0.033,0.0373,0.5004,0.0538,0.5,0.0263,2.482,1.5,1.5
29.25,9.2577,-0.033,0.0373,0.5004,0.0538,0.5,0.0263,2.482,1.5,1.5
29.283,9.266,-0.0328,0.0383,0.5006,0.0521,0.5,0.0263,2.482,1.5,1.5
29.3,9.2823,-0.0325,0.0402,0.4941,0.062,0.4737,0.0263,2.482,1.5,1.5
29.3,9.2823,-0.0325,0.0402,0.4941,0.062,0.4737,0.0263,2.482,1.5,1.5
29.3,9.2823,-0.0325,0.0402,0.4941,0.062,0.5,0.0263,2.482,1.5,1.5
29.333,9.2906,-0.0323,0.0411,0.4973,0.0567,0.5,0.0263,2.4653,1.5,1.5
29.35,9.3072,-0.0319,0.0428,0.5001,0.0685,0.5,0.0263,2.4653,1.5,1.5
29.35,9.3072,-0.0319,0.0428,0.5001,0.0685,0.5,0.0263,2.4653,1.5,1.5
29.367,9.3155,-0.0316,0.0438,0.4994,0.0561,0.5,0.0263,2.4653,1.5,1.5
29.367,9.3155,-0.0316,0.0438,0.4994,0.0561,0.5,0.0263,2.4653,1.5,1.5
29.367,9.3155,-0.0316,0.0438,0.4994,0.0561,0.5,0.0263,2.4653,1.5,1.5
29.4,9.3239,-0.0314,0.0446,0.4989,0.0534,0.5,0.0263,2.4653,1.5,1.5
29.4,9.3239,-0.0314,0.0446,0.4989,0.0534,0.5,0.0263,2.4653,1.5,1.5
29.417,9.3405,-0.0309,0.0463,0.499,0.0514,0.5,0.0,2.4653,1.5,1.5
29.417,9.3405,-0.0309,0.0463,0.499,0.0514,0.5,0.0,2.418,1.5,1.5
29.417,9.3405,-0.0309,0.0463,0.499,0.0514,0.5,0.0,2.418,1.5,1.5
29.45,9.3488,-0.0306,0.0471,0.499,0.0549,0.5,0.0,2.418,1.5,1.5
29.467,9.3651,-0.0301,0.0487,0.4919,0.0542,0.5,0.0,2.418,1.5,1.5
29.467,9.3651,-0.0301,0.0487,0.4919,0.0542,0.5,0.0,2.418,1.5,1.5
29.467,9.3651,-0.0301,0.0487,0.4919,0.0542,0.5,0.0,2.418,1.5,1.5
29.5,9.3734,-0.0298,0.0496,0.4968,0.0533,0.5,0.0,2.418,1.5,1.5
29.5,9.3734,-0.0298,0.0496,0.4968,0.0533,0.5,0.0,2.418,1.5,1.5
29.517,9.39,-0.0292,0.0512,0.4984,0.052,0.5,0.0,2.418,1.5,1.5
29.533,9.3983,-0.0289,0.0521,0.4985,0.0524,0.5,0.0,2.3702,1.5,1.5
29.533,9.3983,-0.0289,0.0521,0.4985,0.0524,0.5,0.0,2.3702,1.5,1.5
29.533,9.3983,-0.0289,0.0521,0.4985,0.0524,0.5,0.0,2.3702,1.5,1.5
29.567,9.4066,-0.0286,0.0529,0.4986,0.0522,0.5,0.0,2.3702,1.5,1.5
29.567,9.4066,-0.0286,0.0529,0.4986,0.0522,0.5,0.0,2.3702,1.5,1.5
29.583,9.4232,-0.0279,0.0544,0.4988,0.0465,0.5,-0.0263,2.3702,1.5,1.5
29.583,9.4232,-0.0279,0.0544,0.4988,0.0465,0.4737,-0.0263,2.3702,1.5,1.5
29.617,9.4316,-0.0276,0.055,0.4991,0.0467,0.4737,-0.0263,2.3702,1.5,1.5
29.617,9.4316,-0.0276,0.055,0.4991,0.0467,0.4737,-0.0263,2.3935,1.5,1.5
29.633,9.4482,-0.0269,0.0564,0.4993,0.0468,0.4737,-0.0263,2.3935,1.5,1.5
29.633,9.4482,-0.0269,0.0564,0.4993,0.0468,0.5,-0.0263,2.3935,1.5,1.5
29.633,9.4482,-0.0269,0.0564,0.4993,0.0468,0.5,-0.0263,2.3935,1.5,1.5
29.667,9.4565,-0.0265,0.057,0.4993,0.0434,0.5,-0.0263,2.3935,1.5,1.5
29.683,9.4732,-0.0257,0.0582,0.501,0.0354,0.5,-0.0263,2.3935,1.5,1.5
29.683,9.4732,-0.0257,0.0582,0.501,0.0354,0.5,-0.0263,2.3935,1.5,1.5
29.7,9.4815,-0.0253,0.0588,0.501,0.033,0.5,-0.0263,2.3935,1.5,1.5
29.7,9.4815,-0.0253,0.0588,0.501,0.033,0.5,-0.0263,2.3935,1.5,1.5
29.7,9.4815,-0.0253,0.0588,0.501,0.033,0.5,-0.0263,2.3935,1.5,1.5
29.733,9.4899,-0.0249,0.0593,0.5007,0.0323,0.5,-0.0263,2.3302,1.5,1.5
29.75,9.5059,-0.0241,0.0601,0.4755,0.0258,0.5,-0.0263,2.3302,1.5,1.5
29.75,9.5059,-0.0241,0.0601,0.4755,0.0258,0.5,-0.0263,2.3302,1.5,1.5
29.75,9.5059,-0.0241,0.0601,0.4755,0.0258,0.5,-0.0263,2.3302,1.5,1.5
29.783,9.5138,-0.0236,0.0604,0.4748,0.0247,0.5,-0.0789,2.3302,1.5,1.5
29.783,9.5138,-0.0236,0.0604,0.4748,0.0247,0.5,-0.0789,2.3302,1.5,1.5
29.8,9.5302,-0.0227,0.061,0.4997,0.0226,0.4737,-0.0789,2.3302,1.5,1.5
29.8,9.5302,-0.0227,0.061,0.4997,0.0226,0.4737,-0.0789,2.3302,1.5,1.5
29.8,9.5302,-0.0227,0.061,0.4997,0.0226,0.4737,-0.0789,2.3287,0.7353,1.5
29.833,9.5386,-0.0223,0.0612,0.5006,0.0204,0.4737,-0.0789,2.3287,0.7353,1.5
29.85,9.5552,-0.0213,0.0616,0.5009,0.0177,0.5,-0.0789,2.3287,0.7353,1.5
29.85,9.5552,-0.0213,0.0616,0.5009,0.0177,0.4375,-0.0789,2.3287,0.7353,1.5
29.867,9.5636,-0.0208,0.0618,0.501,0.0162,0.375,-0.0789,2.3287,0.7353,1.5
29.867,9.5636,-0.0208,0.0618,0.501,0.0162,0.5,0.0263,2.3287,0.7353,1.5
29.867,9.5636,-0.0208,0.0618,0.501,0.0162,0.5,0.0263,2.3287,0.7353,1.5
29.9,9.5719,-0.0203,0.062,0.5007,0.0157,0.5,0.0263,2.3287,0.7353,1.5
29.917,9.5885,-0.0193,0.062,0.5009,0.0099,0.4375,-0.0789,2.3287,0.7353,1.5
29.917,9.5885,-0.0193,0.062,0.5009,0.0099,0.375,-0.0789,2.3287,0.7353,1.5
29.917,9.5885,-0.0193,0.062,0.5009,0.0099,0.3125,-0.0789,0.7814,0.7353,1.5
29.95,9.5969,-0.0188,0.0619,0.5006,0.0053,0.2632,-0.0789,0.7814,0.7353,1.5
29.95,9.5969,-0.0188,0.0619,0.5006,0.0053,0.2632,-0.0789,0.7814,0.7353,1.5
29.967,9.6129,-0.0177,0.0615,0.4762,-0.0024,0.2632,-0.0789,0.7814,0.7353,1.5
29.967,9.6129,-0.0177,0.0615,0.4762,-0.0024,0.3882,-0.1316,0.7814,0.7353,1.5
29.967,9.6129,-0.0177,0.0615,0.4762,-0.0024,0.5,-0.1316,0.7814,0.7353,1.5
30.0,9.621,-0.0172,0.0612,0.4952,-0.0027,0.5,-0.1316,0.7814,0.7353,1.5
30.017,9.6359,-0.0162,0.0608,0.4013,0.01,0.4375,-0.2368,0.7814,0.7353,1.5
30.017,9.6359,-0.0162,0.0608,0.4013,0.01,0.375,-0.2368,0.618,0.4629,1.5
30.033,9.6431,-0.0157,0.0609,0.4476,-0.0132,0.4211,-0.2895,0.618,0.4629,1.5
30.033,9.6431,-0.0157,0.0609,0.4476,-0.0132,0.3684,-0.2895,0.618,0.4629,1.5
30.033,9.6431,-0.0157,0.0609,0.4476,-0.0132,0.3684,-0.2895,0.618,0.4629,1.5
30.067,9.6509,-0.0152,0.0607,0.4776,-0.01,0.3684,-0.2895,0.618,0.4629,1.5
30.083,9.6643,-0.0144,0.0604,0.3387,0.0024,0.3059,-0.2895,0.618,0.4629,1.5
30.083,9.6643,-0.0144,0.0604,0.3387,0.0024,0.2434,-0.2895,0.618,0.4629,1.5
30.083,9.6643,-0.0144,0.0604,0.3387,0.0024,0.1809,-0.2895,0.618,0.4629,1.5
30.117,9.6694,-0.0141,0.0603,0.2972,0.0226,0.1579,-0.2895,0.618,0.4629,1.5
30.117,9.6694,-0.0141,0.0603,0.2972,0.0226,0.1579,-0.2895,0.618,0.4629,1.5
30.133,9.681,-0.0134,0.0607,0.3801,-0.0019,0.1579,-0.2895,0.5244,0.4629,1.5
30.133,9.681,-0.0134,0.0607,0.3801,-0.0019,0.1316,-0.2368,0.5244,0.4629,1.5
30.133,9.681,-0.0134,0.0607,0.3801,-0.0019,0.1316,-0.2368,0.5244,0.4629,1.5
30.167,9.6877,-0.0129,0.06,0.4147,-0.0348,0.1316,-0.2368,0.5244,0.4629,1.5
30.183,9.7014,-0.0118,0.0579,0.4301,-0.0709,0.1316,-0.2895,0.5244,0.4629,1.5
30.183,9.7014,-0.0118,0.0579,0.4301,-0.0709,0.1316,-0.2895,0.5244,0.4629,1.5
30.2,9.7083,-0.0112,0.0566,0.4156,-0.0522,0.1316,-0.2895,0.5244,0.4629,1.5
30.2,9.7083,-0.0112,0.0566,0.4156,-0.0522,0.1316,-0.2895,0.5244,0.4629,1.5
30.233,9.715,-0.0106,0.0554,0.4076,-0.0601,0.1316,-0.2895,0.448,0.4023,0.4
30.233,9.715,-0.0106,0.0554,0.4076,-0.0601,0.1842,-0.3947,0.448,0.4023,0.4
30.25,9.7257,-0.0099,0.0543,0.2681,0.0067,0.1579,-0.3421,0.448,0.4023,0.4
30.25,9.7257,-0.0099,0.0543,0.2681,0.0067,0.1316,-0.2895,0.448,0.4023,0.4
30.25,9.7257,-0.0099,0.0543,0.2681,0.0067,0.1316,-0.2895,0.448,0.4023,0.4
30.283,9.7295,-0.0095,0.0536,0.2151,-0.0351,0.1316,-0.2895,0.448,0.4023,0.4
30.283,9.7295,-0.0095,0.0536,0.2151,-0.0351,0.1316,-0.2895,0.448,0.4023,0.4
30.3,9.7353,-0.009,0.0519,0.1588,-0.0542,0.1316,-0.2895,0.448,0.4023,0.4
30.3,9.7353,-0.009,0.0519,0.1588,-0.0542,0.1316,-0.2895,0.448,0.4023,0.4
30.3,9.7353,-0.009,0.0519,0.1588,-0.0542,0.1316,-0.2895,0.4065,0.4023,0.4
30.333,9.7379,-0.0086,0.0506,0.1617,-0.071,0.1316,-0.2895,0.4065,0.4023,0.4
30.35,9.7428,-0.0078,0.0465,0.1519,-0.1435,0.1316,-0.2895,0.4065,0.4023,0.4
30.35,9.7428,-0.0078,0.0465,0.1519,-0.1435,0.1316,-0.2895,0.4065,0.4023,0.4
30.367,9.7451,-0.0073,0.0438,0.1356,-0.2037,0.1316,-0.2895,0.4065,0.4023,0.4
30.367,9.7451,-0.0073,0.0438,0.1356,-0.2037,0.1316,-0.2895,0.4065,0.4023,0.4
30.4,9.7477,-0.0066,0.0401,0.1636,-0.2422,0.1316,-0.2895,0.4065,0.4023,0.4
30.4,9.7477,-0.0066,0.0401,0.1636,-0.2422,0.1316,-0.2895,0.4065,0.4023,0.4
30.417,9.7526,-0.0053,0.0332,0.1451,-0.2027,0.1316,-0.2368,0.4065,0.4023,0.4
30.417,9.7526,-0.0053,0.0332,0.1451,-0.2027,0.1316,-0.2368,0.4013,0.4071,1.5
30.417,9.7526,-0.0053,0.0332,0.1451,-0.2027,0.1316,-0.2368,0.4013,0.4071,1.5
30.45,9.7549,-0.0048,0.0299,0.1402,-0.2048,0.1316,-0.2368,0.4013,0.4071,1.5
30.467,9.7595,-0.0036,0.0233,0.1402,-0.2046,0.1316,-0.2368,0.4013,0.4071,1.5
30.467,9.7595,-0.0036,0.0233,0.1402,-0.2046,0.1053,-0.2895,0.4013,0.4071,1.5
30.467,9.7595,-0.0036,0.0233,0.1402,-0.2046,0.2303,-0.3947,0.4013,0.4071,1.5
30.5,9.7618,-0.0031,0.02,0.1404,-0.2058,0.2895,-0.3947,0.4013,0.4071,1.5
30.5,9.7618,-0.0031,0.02,0.1404,-0.2058,0.2895,-0.3947,0.4013,0.4071,1.5
30.517,9.7665,-0.002,0.0134,0.1468,-0.1804,0.2895,-0.3947,0.4013,0.4071,1.5
30.533,9.7688,-0.0015,0.0103,0.1437,-0.195,0.2895,-0.3947,0.4007,0.4071,1.5
30.533,9.7688,-0.0015,0.0103,0.1437,-0.195,0.2895,-0.3947,0.4007,0.4071,1.5
30.533,9.7688,-0.0015,0.0103,0.1437,-0.195,0.2895,-0.3947,0.4007,0.4071,1.5
30.567,9.7712,-0.0009,0.007,0.1443,-0.1905,0.2895,-0.3947,0.4007,0.4071,1.5
30.567,9.7712,-0.0009,0.007,0.1443,-0.1905,0.2895,-0.3947,0.4007,0.4071,1.5
30.583,9.7759,-0.0001,0.0014,0.1468,-0.1276,0.2895,-0.3947,0.4007,0.4071,1.5
30.583,9.7759,-0.0001,0.0014,0.1468,-0.1276,0.2632,-0.3421,0.4007,0.4071,1.5
30.583,9.7759,-0.0001,0.0014,0.1468,-0.1276,0.2632,-0.3421,0.4007,0.4071,1.5
30.617,9.7782,0.0003,-0.0007,0.1367,-0.167,0.2632,-0.3421,0.4007,0.4071,1.5
30.633,9.7846,0.0014,-0.0082,0.2145,-0.2413,0.2895,-0.3947,0.4007,1.5,1.5
30.633,9.7846,0.0014,-0.0082,0.2145,-0.2413,0.2895,-0.3947,0.4007,1.5,1.5
30.633,9.7846,0.0014,-0.0082,0.2145,-0.2413,0.2895,-0.3947,0.4007,1.5,1.5
30.667,9.7887,0.0021,-0.013,0.2631,-0.2837,0.4145,-0.2347,0.4007,1.5,1.5
30.667,9.7887,0.0021,-0.013,0.2631,-0.2837,0.352,-0.0747,0.4007,1.5,1.5
30.683,9.7981,0.0036,-0.0241,0.2907,-0.3371,0.227,0.0,0.4007,1.5,1.5
30.7,9.803,0.0043,-0.03,0.294,-0.3471,0.227,0.0,0.4007,1.5,1.5
30.7,9.803,0.0043,-0.03,0.294,-0.3471,0.1645,0.0,0.4007,1.5,1.5
30.7,9.803,0.0043,-0.03,0.294,-0.3471,0.102,0.0,0.4007,1.5,1.5
30.733,9.8079,0.0051,-0.036,0.2931,-0.3523,0.0395,0.0,0.402,1.5,1.5
30.733,9.8079,0.0051,-0.036,0.2931,-0.3523,0.0,0.0,0.402,1.5,1.5
30.75,9.8172,0.0065,-0.0477,0.2722,-0.3441,0.0,0.0,0.402,1.5,1.5
30.75,9.8172,0.0065,-0.0477,0.2722,-0.3441,0.0,0.0,0.402,1.5,1.5
30.75,9.8172,0.0065,-0.0477,0.2722,-0.3441,0.0,0.0,0.402,1.5,1.5
30.783,9.8217,0.0071,-0.0534,0.2651,-0.3357,0.0,0.0,0.402,1.5,1.5
30.8,9.8312,0.0085,-0.0658,0.2896,-0.3778,0.0,0.0,0.402,1.5,1.5
30.8,9.8312,0.0085,-0.0658,0.2896,-0.3778,0.0,0.0,0.402,1.5,1.5
30.8,9.8312,0.0085,-0.0658,0.2896,-0.3778,0.0,0.0,0.402,1.5,1.5
30.833,9.8362,0.0091,-0.072,0.2912,-0.3947,0.0,0.0,0.4066,1.5,1.5
30.833,9.8362,0.0091,-0.072,0.2912,-0.3947,0.0,0.0,0.4066,1.5,1.5
30.85,9.8451,0.0099,-0.0823,0.2363,-0.2358,0.0,0.0,0.4066,1.5,1.5
30.867,9.8478,0.0102,-0.0857,0.1435,-0.2048,0.0,0.0,0.4066,1.5,1.5
