t,x,y,yaw,odom_vx,odom_wz,cmd_vx,cmd_wz,scan_ahead,us_left,us_right
10.083,0.0022,-0.0,0.0,0.0001,-0.0001,0.0,0.0,2.6235,1.5,1.5
10.117,0.0022,-0.0,0.0,0.0001,-0.0001,0.0,0.0,2.6235,1.5,1.5
10.117,0.0022,-0.0,0.0,0.0001,-0.0001,0.125,-0.0263,2.6235,1.5,1.5
10.133,0.0022,-0.0,0.0,0.0001,-0.0001,0.2105,-0.0263,2.6478,1.5,1.5
10.133,0.0022,-0.0,0.0,0.0001,-0.0001,0.2105,-0.0263,2.6478,1.5,1.5
10.133,0.0022,-0.0,0.0,0.0001,-0.0001,0.2105,-0.0263,2.6478,1.5,1.5
10.167,0.0028,-0.0,0.0,0.0468,-0.0014,0.2105,-0.0263,2.6478,1.5,1.5
10.183,0.0043,-0.0,0.0,0.0936,0.0006,0.2105,-0.0263,2.6478,1.5,1.5
10.183,0.0043,-0.0,0.0,0.0936,0.0006,0.2105,-0.0263,2.6478,1.5,1.5
10.2,0.0065,-0.0001,0.0,0.1396,0.0159,0.2105,-0.0263,2.6478,1.5,1.5
10.2,0.0065,-0.0001,0.0,0.1396,0.0159,0.2105,-0.0263,2.6478,1.5,1.5
10.2,0.0065,-0.0001,0.0,0.1396,0.0159,0.2105,-0.0263,2.6055,1.5,1.5
10.233,0.0125,-0.0001,0.0,0.2008,0.0004,0.2105,-0.0263,2.6055,1.5,1.5
10.25,0.016,-0.0001,0.0,0.2086,0.007,0.3355,-0.0263,2.6055,1.5,1.5
10.25,0.016,-0.0001,0.0,0.2086,0.007,0.4605,-0.0263,2.6055,1.5,1.5
10.25,0.016,-0.0001,0.0,0.2086,0.007,0.5,-0.0263,2.6055,1.5,1.5
10.283,0.023,-0.0001,0.0,0.2105,0.0062,0.5,-0.0263,2.6055,1.5,1.5
10.283,0.023,-0.0001,0.0,0.2105,0.0062,0.5,-0.0263,2.6055,1.5,1.5
10.3,0.0272,-0.0001,0.0,0.2572,0.0094,0.5,-0.0263,2.6055,1.5,1.5
10.3,0.0272,-0.0001,0.0,0.2572,0.0094,0.5,-0.0263,2.6055,1.5,1.5
10.333,0.038,-0.0002,0.0017,0.3564,0.025,0.5,-0.0263,2.6215,1.5,1.5
10.333,0.038,-0.0002,0.0017,0.3564,0.025,0.5,-0.0263,2.6215,1.5,1.5
10.35,0.0446,-0.0003,0.0025,0.4029,0.018,0.5,-0.0263,2.6215,1.5,1.5
10.367,0.0519,-0.0004,0.0032,0.4507,0.0346,0.5,-0.0263,2.6215,1.5,1.5
10.367,0.0519,-0.0004,0.0032,0.4507,0.0346,0.5,-0.0263,2.6215,1.5,1.5
10.367,0.0519,-0.0004,0.0032,0.4507,0.0346,0.5,-0.0263,2.6215,1.5,1.5
10.4,0.0678,-0.0005,0.0043,0.4925,0.0372,0.5,-0.0263,2.6215,1.5,1.5
10.4,0.0678,-0.0005,0.0043,0.4925,0.0372,0.5,-0.0263,2.6215,1.5,1.5
10.417,0.0761,-0.0005,0.0048,0.498,0.0301,0.5,-0.0263,2.6215,1.5,1.5
10.417,0.0761,-0.0005,0.0048,0.498,0.0301,0.5,-0.0263,2.5906,1.5,1.5
10.417,0.0761,-0.0005,0.0048,0.498,0.0301,0.5,-0.0263,2.5906,1.5,1.5
10.45,0.0928,-0.0006,0.0054,0.4999,0.0259,0.5,-0.0263,2.5906,1.5,1.5
10.467,0.1011,-0.0006,0.0057,0.5006,0.02,0.5,-0.0263,2.5906,1.5,1.5
10.467,0.1011,-0.0006,0.0057,0.5006,0.02,0.5,-0.0263,2.5906,1.5,1.5
10.467,0.1011,-0.0006,0.0057,0.5006,0.02,0.5,-0.0263,2.5906,1.5,1.5
10.5,0.1178,-0.0005,0.0061,0.5008,0.0183,0.5,-0.0263,2.5906,1.5,1.5
10.5,0.1178,-0.0005,0.0061,0.5008,0.0183,0.5,-0.0263,2.5906,1.5,1.5
10.517,0.1261,-0.0005,0.0064,0.5009,0.017,0.5,-0.0263,2.5906,1.5,1.5
10.533,0.1345,-0.0005,0.0065,0.501,0.0158,0.5,-0.0263,2.5678,1.5,1.5
10.533,0.1345,-0.0005,0.0065,0.501,0.0158,0.5,-0.0263,2.5678,1.5,1.5
10.533,0.1345,-0.0005,0.0065,0.501,0.0158,0.5,0.0,2.5678,1.5,1.5
10.567,0.1512,-0.0004,0.0068,0.5008,0.0141,0.5,0.0,2.5678,1.5,1.5
10.567,0.1512,-0.0004,0.0068,0.5008,0.0141,0.5,0.0,2.5678,1.5,1.5
10.583,0.1595,-0.0004,0.0069,0.5006,0.0135,0.5,0.0,2.5678,1.5,1.5
10.583,0.1595,-0.0004,0.0069,0.5006,0.0135,0.5,0.0,2.5678,1.5,1.5
10.583,0.1595,-0.0004,0.0069,0.5006,0.0135,0.5,0.0,2.5678,1.5,1.5
10.617,0.1762,-0.0003,0.0071,0.5008,0.0101,0.5,0.0,2.5678,1.5,1.5
10.633,0.1846,-0.0003,0.0073,0.5007,0.0114,0.5,0.0,2.5796,1.5,1.5
10.633,0.1846,-0.0003,0.0073,0.5007,0.0114,0.5,0.0,2.5796,1.5,1.5
10.633,0.1846,-0.0003,0.0073,0.5007,0.0114,0.4737,0.0,2.5796,1.5,1.5
10.667,0.2013,-0.0002,0.0075,0.5007,0.0105,0.4737,0.0,2.5796,1.5,1.5
10.667,0.2013,-0.0002,0.0075,0.5007,0.0105,0.4737,0.0,2.5796,1.5,1.5
10.683,0.2096,-0.0001,0.0076,0.5006,0.0096,0.5,0.0,2.5796,1.5,1.5
10.7,0.2179,-0.0001,0.0077,0.5005,0.0088,0.5,0.0,2.5796,1.5,1.5
10.7,0.2179,-0.0001,0.0077,0.5005,0.0088,0.5,0.0,2.5796,1.5,1.5
10.7,0.2179,-0.0001,0.0077,0.5005,0.0088,0.5,0.0,2.5796,1.5,1.5
10.733,0.234,0.0,0.0079,0.4752,0.0073,0.5,0.0,2.5945,1.5,1.5
10.733,0.234,0.0,0.0079,0.4752,0.0073,0.5,0.0,2.5945,1.5,1.5
10.75,0.2419,0.0001,0.0079,0.4742,0.0074,0.5,0.0,2.5945,1.5,1.5
10.75,0.2419,0.0001,0.0079,0.4742,0.0074,0.5,0.0,2.5945,1.5,1.5
10.783,0.2583,0.0002,0.0081,0.4991,0.0067,0.5,0.0,2.5945,1.5,1.5
10.783,0.2583,0.0002,0.0081,0.4991,0.0067,0.5,0.0,2.5945,1.5,1.5
10.8,0.2667,0.0002,0.0081,0.4998,0.0071,0.5,0.0,2.5945,1.5,1.5
10.8,0.2667,0.0002,0.0081,0.4998,0.0071,0.5,0.0,2.5945,1.5,1.5
10.8,0.2667,0.0002,0.0081,0.4998,0.0071,0.5,0.0,2.5175,1.5,1.5
10.833,0.2833,0.0003,0.0083,0.5,0.0059,0.5,0.0,2.5175,1.5,1.5
10.85,0.2916,0.0004,0.0083,0.4999,0.0055,0.4737,0.0,2.5175,1.5,1.5
10.85,0.2916,0.0004,0.0083,0.4999,0.0055,0.4737,0.0,2.5175,1.5,1.5
10.867,0.3,0.0005,0.0083,0.4999,0.0042,0.4737,0.0,2.5175,1.5,1.5
10.867,0.3,0.0005,0.0083,0.4999,0.0042,0.4737,0.0,2.5175,1.5,1.5
10.867,0.3,0.0005,0.0083,0.4999,0.0042,0.4737,0.0,2.5175,1.5,1.5
10.9,0.3166,0.0006,0.0085,0.4997,0.0042,0.4737,0.0,2.5175,1.5,1.5
10.917,0.325,0.0007,0.0085,0.4996,0.0038,0.5,0.0,2.5175,1.5,1.5
10.917,0.325,0.0007,0.0085,0.4996,0.0038,0.5,0.0,2.565,1.5,1.5
10.917,0.325,0.0007,0.0085,0.4996,0.0038,0.5,0.0,2.565,1.5,1.5
10.95,0.341,0.0008,0.0085,0.4744,0.0027,0.5,0.0,2.565,1.5,1.5
10.95,0.341,0.0008,0.0085,0.4744,0.0027,0.5,0.0,2.565,1.5,1.5
10.967,0.3489,0.0008,0.0085,0.4735,0.003,0.5,0.0,2.565,1.5,1.5
10.967,0.3489,0.0008,0.0085,0.4735,0.003,0.5,0.0,2.565,1.5,1.5
10.967,0.3489,0.0008,0.0085,0.4735,0.003,0.5,0.0,2.565,1.5,1.5
11.0,0.3649,0.001,0.0086,0.493,0.0042,0.5,0.0,2.565,1.5,1.5
11.017,0.3732,0.001,0.0086,0.4982,0.0017,0.5,0.0,2.565,1.5,1.5
11.033,0.3815,0.0011,0.0086,0.4993,0.002,0.5,0.0,2.5412,1.5,1.5
11.033,0.3815,0.0011,0.0086,0.4993,0.002,0.5,0.0,2.5412,1.5,1.5
11.033,0.3815,0.0011,0.0086,0.4993,0.002,0.4737,0.0,2.5412,1.5,1.5
11.067,0.3982,0.0013,0.0087,0.4997,0.0015,0.5,0.0,2.5412,1.5,1.5
11.067,0.3982,0.0013,0.0087,0.4997,0.0015,0.5,0.0,2.5412,1.5,1.5
11.083,0.4065,0.0013,0.0088,0.4997,0.0019,0.5,0.0,2.5412,1.5,1.5
11.083,0.4065,0.0013,0.0088,0.4997,0.0019,0.5,0.0,2.5412,1.5,1.5
11.083,0.4065,0.0013,0.0088,0.4997,0.0019,0.5,0.0,2.5412,1.5,1.5
11.117,0.4232,0.0015,0.0088,0.4999,0.0016,0.5,0.0,2.5412,1.5,1.5
11.133,0.4313,0.0015,0.0088,0.4791,0.0021,0.5,0.0,2.5614,1.5,1.5
11.133,0.4313,0.0015,0.0088,0.4791,0.0021,0.5,0.0,2.5614,1.5,1.5
11.133,0.4313,0.0015,0.0088,0.4791,0.0021,0.5,0.0,2.5614,1.5,1.5
11.167,0.4477,0.0017,0.0089,0.4992,0.0017,0.5,0.0,2.5614,1.5,1.5
11.167,0.4477,0.0017,0.0089,0.4992,0.0017,0.5,0.0,2.5614,1.5,1.5
11.183,0.4561,0.0017,0.009,0.5,0.002,0.5,0.0,2.5614,1.5,1.5
11.2,0.4644,0.0018,0.009,0.5002,0.0018,0.5,0.0,2.5614,1.5,1.5
11.2,0.4644,0.0018,0.009,0.5002,0.0018,0.5,0.0,2.5614,1.5,1.5
11.2,0.4644,0.0018,0.009,0.5002,0.0018,0.5,0.0,2.5614,1.5,1.5
11.233,0.4811,0.0019,0.0091,0.5004,0.0021,0.5,0.0,2.5854,1.5,1.5
11.233,0.4811,0.0019,0.0091,0.5004,0.0021,0.5,0.0,2.5854,1.5,1.5
11.25,0.4894,0.002,0.0091,0.5004,0.0023,0.5,0.0,2.5854,1.5,1.5
11.25,0.4894,0.002,0.0091,0.5004,0.0023,0.5,0.0,2.5854,1.5,1.5
11.25,0.4894,0.002,0.0091,0.5004,0.0023,0.5,0.0,2.5854,1.5,1.5
11.283,0.5061,0.0021,0.0092,0.5005,0.0026,0.5,0.0,2.5854,1.5,1.5
11.3,0.5145,0.0022,0.0092,0.5006,0.0029,0.5,0.0,2.5854,1.5,1.5
11.3,0.5145,0.0022,0.0092,0.5006,0.0029,0.5,0.0,2.5854,1.5,1.5
11.3,0.5145,0.0022,0.0092,0.5006,0.0029,0.5,0.0,2.5854,1.5,1.5
11.333,0.5312,0.0023,0.0093,0.5006,0.0032,0.5,0.0,2.5397,1.5,1.5
11.333,0.5312,0.0023,0.0093,0.5006,0.0032,0.5,0.0,2.5397,1.5,1.5
11.35,0.5395,0.0024,0.0094,0.5007,0.0029,0.4737,0.0,2.5397,1.5,1.5
11.367,0.5479,0.0025,0.0094,0.5008,0.0037,0.4737,0.0,2.5397,1.5,1.5
11.367,0.5479,0.0025,0.0094,0.5008,0.0037,0.4737,0.0,2.5397,1.5,1.5
11.367,0.5479,0.0025,0.0094,0.5008,0.0037,0.4737,0.0,2.5397,1.5,1.5
11.4,0.5646,0.0026,0.0095,0.5009,0.0026,0.4737,0.0,2.5397,1.5,1.5
11.417,0.5729,0.0027,0.0096,0.5008,0.004,0.5,0.0,2.5397,1.5,1.5
11.417,0.5729,0.0027,0.0096,0.5008,0.004,0.5,0.0,2.5287,1.5,1.5
11.417,0.5729,0.0027,0.0096,0.5008,0.004,0.5,0.0,2.5287,1.5,1.5
11.45,0.5896,0.0028,0.0097,0.5007,0.0034,0.5,0.0,2.5287,1.5,1.5
11.45,0.5896,0.0028,0.0097,0.5007,0.0034,0.5,0.0,2.5287,1.5,1.5
11.467,0.5977,0.0029,0.0097,0.4799,0.0039,0.5,0.0,2.5287,1.5,1.5
11.467,0.5977,0.0029,0.0097,0.4799,0.0039,0.5,0.0,2.5287,1.5,1.5
11.5,0.6136,0.0031,0.0098,0.4745,0.0029,0.5,0.0,2.5287,1.5,1.5
11.5,0.6136,0.0031,0.0098,0.4745,0.0029,0.5,0.0,2.5287,1.5,1.5
11.517,0.6217,0.0031,0.0098,0.4943,0.0018,0.5,0.0,2.5287,1.5,1.5
11.517,0.6217,0.0031,0.0098,0.4943,0.0018,0.5,0.0,2.5532,1.5,1.5
11.533,0.63,0.0032,0.0098,0.4992,0.0028,0.5,0.0,2.5532,1.5,1.5
11.533,0.63,0.0032,0.0098,0.4992,0.0028,0.4737,0.0,2.5532,1.5,1.5
11.533,0.63,0.0032,0.0098,0.4992,0.0028,0.4737,0.0,2.5532,1.5,1.5
11.533,0.63,0.0032,0.0098,0.4992,0.0028,0.4737,0.0,2.5532,1.5,1.5
11.567,0.6467,0.0034,0.0098,0.5003,0.0023,0.4737,0.0,2.5532,1.5,1.5
11.583,0.655,0.0034,0.0098,0.5003,0.0022,0.4737,0.0,2.5532,1.5,1.5
11.583,0.655,0.0034,0.0098,0.5003,0.0022,0.4737,0.0,2.5532,1.5,1.5
11.583,0.655,0.0034,0.0098,0.5003,0.0022,0.5,0.0,2.5532,1.5,1.5
11.617,0.6717,0.0036,0.0098,0.5001,0.0017,0.5,0.0,2.5532,1.5,1.5
11.617,0.6717,0.0036,0.0098,0.5001,0.0017,0.5,0.0,2.5869,1.5,1.5
11.633,0.68,0.0037,0.0099,0.5,0.0015,0.5,0.0,2.5869,1.5,1.5
11.633,0.68,0.0037,0.0099,0.5,0.0015,0.4737,0.0,2.5869,1.5,1.5
11.633,0.68,0.0037,0.0099,0.5,0.0015,0.4737,0.0,2.5869,1.5,1.5
11.667,0.6965,0.0038,0.0098,0.4791,0.0016,0.4737,0.0,2.5869,1.5,1.5
11.683,0.7044,0.0039,0.0098,0.4747,0.0002,0.4737,0.0,2.5869,1.5,1.5
11.683,0.7044,0.0039,0.0098,0.4747,0.0002,0.4737,0.0,2.5869,1.5,1.5
11.7,0.7123,0.004,0.0098,0.4738,0.0007,0.5,0.0,2.5869,1.5,1.5
11.7,0.7123,0.004,0.0098,0.4738,0.0007,0.5,0.0,2.5869,1.5,1.5
11.7,0.7123,0.004,0.0098,0.4738,0.0007,0.5,0.0,2.5359,1.5,1.5
11.733,0.7287,0.0042,0.0098,0.4986,-0.0007,0.5,-0.0263,2.5359,1.5,1.5
11.75,0.737,0.0042,0.0098,0.4994,-0.0005,0.5,-0.0263,2.5359,1.5,1.5
11.75,0.737,0.0042,0.0098,0.4994,-0.0005,0.5,-0.0263,2.5359,1.5,1.5
11.75,0.737,0.0042,0.0098,0.4994,-0.0005,0.5,-0.0263,2.5359,1.5,1.5
11.783,0.7531,0.0044,0.0098,0.4744,-0.0009,0.5,-0.0263,2.5359,1.5,1.5
11.783,0.7531,0.0044,0.0098,0.4744,-0.0009,0.5,-0.0263,2.5359,1.5,1.5
11.8,0.761,0.0045,0.0098,0.4734,-0.0009,0.5,-0.0263,2.5359,1.5,1.5
11.8,0.761,0.0045,0.0098,0.4734,-0.0009,0.5,-0.0263,2.5359,1.5,1.5
11.8,0.761,0.0045,0.0098,0.4734,-0.0009,0.5,-0.0263,2.5392,1.5,1.5
11.833,0.7769,0.0047,0.0098,0.4939,-0.0026,0.5,-0.0263,2.5392,1.5,1.5
11.85,0.7852,0.0047,0.0098,0.4984,-0.0005,0.5,-0.0263,2.5392,1.5,1.5
11.85,0.7852,0.0047,0.0098,0.4984,-0.0005,0.5,-0.0263,2.5392,1.5,1.5
11.867,0.7935,0.0048,0.0097,0.4994,0.0046,0.4737,-0.0263,2.5392,1.5,1.5
11.867,0.7935,0.0048,0.0097,0.4994,0.0046,0.4737,-0.0263,2.5392,1.5,1.5
11.867,0.7935,0.0048,0.0097,0.4994,0.0046,0.4737,-0.0263,2.5392,1.5,1.5
11.9,0.8102,0.005,0.0096,0.4996,0.0003,0.4737,-0.0263,2.5392,1.5,1.5
11.917,0.8185,0.0051,0.0095,0.4998,-0.0005,0.5,-0.0263,2.5392,1.5,1.5
11.917,0.8185,0.0051,0.0095,0.4998,-0.0005,0.5,-0.0263,2.5251,1.5,1.5
11.917,0.8185,0.0051,0.0095,0.4998,-0.0005,0.5,-0.0263,2.5251,1.5,1.5
11.95,0.8352,0.0053,0.0093,0.4999,-0.0024,0.5,-0.0263,2.5251,1.5,1.5
11.95,0.8352,0.0053,0.0093,0.4999,-0.0024,0.5,-0.0263,2.5251,1.5,1.5
11.967,0.8435,0.0054,0.0092,0.5,-0.0033,0.5,-0.0263,2.5251,1.5,1.5
11.967,0.8435,0.0054,0.0092,0.5,-0.0033,0.5,-0.0263,2.5251,1.5,1.5
11.967,0.8435,0.0054,0.0092,0.5,-0.0033,0.5,-0.0263,2.5251,1.5,1.5
12.0,0.86,0.0056,0.0089,0.4793,-0.0039,0.5,-0.0263,2.5251,1.5,1.5
12.017,0.868,0.0057,0.0087,0.475,-0.0054,0.5,-0.0263,2.5251,1.5,1.5
12.033,0.8759,0.0058,0.0086,0.4741,-0.0056,0.5,-0.0263,2.5262,1.5,1.5
12.033,0.8759,0.0058,0.0086,0.4741,-0.0056,0.5,-0.0263,2.5262,1.5,1.5
12.033,0.8759,0.0058,0.0086,0.4741,-0.0056,0.5,-0.0263,2.5262,1.5,1.5
12.067,0.8923,0.006,0.0083,0.4986,-0.0057,0.5,-0.0263,2.5262,1.5,1.5
12.067,0.8923,0.006,0.0083,0.4986,-0.0057,0.5,-0.0263,2.5262,1.5,1.5
12.083,0.9006,0.0061,0.0081,0.5001,-0.0078,0.4737,-0.0263,2.5262,1.5,1.5
12.083,0.9006,0.0061,0.0081,0.5001,-0.0078,0.4737,-0.0263,2.5262,1.5,1.5
12.083,0.9006,0.0061,0.0081,0.5001,-0.0078,0.5,-0.0263,2.5262,1.5,1.5
12.117,0.9173,0.0063,0.0077,0.5006,-0.0089,0.5,-0.0263,2.5262,1.5,1.5
12.133,0.9256,0.0064,0.0074,0.5006,-0.0092,0.5,-0.0263,2.5443,1.5,1.5
12.133,0.9256,0.0064,0.0074,0.5006,-0.0092,0.5,-0.0263,2.5443,1.5,1.5
12.133,0.9256,0.0064,0.0074,0.5006,-0.0092,0.5,-0.0263,2.5443,1.5,1.5
12.167,0.9423,0.0066,0.0071,0.5007,-0.0102,0.5,-0.0263,2.5443,1.5,1.5
12.167,0.9423,0.0066,0.0071,0.5007,-0.0102,0.5,-0.0263,2.5443,1.5,1.5
12.183,0.9507,0.0067,0.0069,0.5007,-0.0106,0.5,-0.0263,2.5443,1.5,1.5
12.2,0.959,0.0068,0.0066,0.5007,-0.011,0.5,-0.0263,2.5443,1.5,1.5
12.2,0.959,0.0068,0.0066,0.5007,-0.011,0.5,-0.0263,2.5443,1.5,1.5
12.2,0.959,0.0068,0.0066,0.5007,-0.011,0.5,-0.0263,2.5443,1.5,1.5
12.233,0.9753,0.0069,0.0061,0.4963,-0.013,0.5,-0.0263,2.5679,1.5,1.5
12.233,0.9753,0.0069,0.0061,0.4963,-0.013,0.5,-0.0263,2.5679,1.5,1.5
12.25,0.9836,0.007,0.0059,0.4997,-0.0119,0.5,-0.0263,2.5679,1.5,1.5
12.25,0.9836,0.007,0.0059,0.4997,-0.0119,0.4737,-0.0263,2.5679,1.5,1.5
12.283,1.0003,0.0072,0.0053,0.5006,-0.0134,0.4737,-0.0263,2.5679,1.5,1.5
12.283,1.0003,0.0072,0.0053,0.5006,-0.0134,0.4737,-0.0263,2.5679,1.5,1.5
12.3,1.0086,0.0073,0.005,0.5006,-0.0137,0.4737,-0.0263,2.5679,1.5,1.5
12.3,1.0086,0.0073,0.005,0.5006,-0.0137,0.4737,-0.0263,2.5679,1.5,1.5
12.3,1.0086,0.0073,0.005,0.5006,-0.0137,0.5,-0.0263,2.5679,1.5,1.5
12.333,1.0253,0.0075,0.0043,0.5008,-0.0171,0.5,-0.0263,2.5475,1.5,1.5
12.35,1.0337,0.0076,0.004,0.5008,-0.0157,0.5,-0.0263,2.5475,1.5,1.5
12.35,1.0337,0.0076,0.004,0.5008,-0.0157,0.5,-0.0263,2.5475,1.5,1.5
12.367,1.042,0.0076,0.0037,0.5008,-0.0164,0.5,-0.0263,2.5475,1.5,1.5
12.367,1.042,0.0076,0.0037,0.5008,-0.0164,0.5,-0.0263,2.5475,1.5,1.5
12.367,1.042,0.0076,0.0037,0.5008,-0.0164,0.5,-0.0263,2.5475,1.5,1.5
12.4,1.0581,0.0078,0.0031,0.4755,-0.0162,0.5,-0.0263,2.5475,1.5,1.5
12.417,1.066,0.0079,0.0026,0.4745,-0.0169,0.5,-0.0263,2.5475,1.5,1.5
12.417,1.066,0.0079,0.0026,0.4745,-0.0169,0.5,-0.0263,2.5913,1.5,1.5
12.417,1.066,0.0079,0.0026,0.4745,-0.0169,0.5,-0.0263,2.5913,1.5,1.5
12.45,1.082,0.008,0.0018,0.4939,-0.0249,0.5,-0.0263,2.5913,1.5,1.5
12.45,1.082,0.008,0.0018,0.4939,-0.0249,0.5,-0.0263,2.5913,1.5,1.5
12.467,1.0903,0.0081,0.0014,0.4984,-0.0197,0.4737,-0.0263,2.5913,1.5,1.5
12.467,1.0903,0.0081,0.0014,0.4984,-0.0197,0.4737,-0.0263,2.5913,1.5,1.5
12.5,1.1069,0.0082,0.0007,0.5003,-0.0196,0.4737,-0.0263,2.5913,1.5,1.5
12.5,1.1069,0.0082,0.0007,0.5003,-0.0196,0.4737,-0.0263,2.5913,1.5,1.5
12.517,1.1153,0.0083,0.0,0.4998,-0.0222,0.5,-0.0263,2.5913,1.5,1.5
12.533,1.1236,0.0084,0.0,0.4996,-0.021,0.5,-0.0263,2.5715,1.5,1.5
12.533,1.1236,0.0084,0.0,0.4996,-0.021,0.5,-0.0263,2.5715,1.5,1.5
12.533,1.1236,0.0084,0.0,0.4996,-0.021,0.5,-0.0263,2.5715,1.5,1.5
12.567,1.1402,0.0085,0.0,0.4995,-0.0225,0.5,-0.0263,2.5715,1.5,1.5
12.567,1.1402,0.0085,0.0,0.4995,-0.0225,0.5,-0.0263,2.5715,1.5,1.5
12.583,1.1486,0.0086,-0.001,0.4995,-0.023,0.5,-0.0263,2.5715,1.5,1.5
12.583,1.1486,0.0086,-0.001,0.4995,-0.023,0.5,-0.0263,2.5715,1.5,1.5
12.583,1.1486,0.0086,-0.001,0.4995,-0.023,0.5,-0.0263,2.5715,1.5,1.5
12.617,1.1646,0.0087,-0.002,0.4743,-0.023,0.5,-0.0263,2.5715,1.5,1.5
12.633,1.1727,0.0087,-0.0024,0.4939,-0.0268,0.5,-0.0263,2.6142,1.5,1.5
12.633,1.1727,0.0087,-0.0024,0.4939,-0.0268,0.5,-0.0263,2.6142,1.5,1.5
12.633,1.1727,0.0087,-0.0024,0.4939,-0.0268,0.5,-0.0263,2.6142,1.5,1.5
12.667,1.1893,0.0088,-0.0033,0.4993,-0.0252,0.5,-0.0263,2.6142,1.5,1.5
12.667,1.1893,0.0088,-0.0033,0.4993,-0.0252,0.5,-0.0263,2.6142,1.5,1.5
12.683,1.1976,0.0088,-0.0037,0.4994,-0.0252,0.5,-0.0263,2.6142,1.5,1.5
12.7,1.206,0.0089,-0.0043,0.4995,-0.0253,0.5,-0.0263,2.6142,1.5,1.5
12.7,1.206,0.0089,-0.0043,0.4995,-0.0253,0.5,-0.0263,2.6142,1.5,1.5
12.7,1.206,0.0089,-0.0043,0.4995,-0.0253,0.5,-0.0263,2.6142,1.5,1.5
12.733,1.2226,0.0089,-0.005,0.4996,-0.0257,0.5,-0.0263,2.6379,1.5,1.5
12.733,1.2226,0.0089,-0.005,0.4996,-0.0257,0.5,-0.0263,2.6379,1.5,1.5
12.75,1.231,0.009,-0.0055,0.4997,-0.0259,0.5,-0.0263,2.6379,1.5,1.5
12.75,1.231,0.009,-0.0055,0.4997,-0.0259,0.4737,-0.0263,2.6379,1.5,1.5
12.75,1.231,0.009,-0.0055,0.4997,-0.0259,0.4737,-0.0263,2.6379,1.5,1.5
12.783,1.2476,0.009,-0.0064,0.4998,-0.026,0.4737,-0.0263,2.6379,1.5,1.5
12.8,1.256,0.009,-0.0068,0.4999,-0.0261,0.4737,-0.0263,2.6379,1.5,1.5
12.8,1.256,0.009,-0.0068,0.4999,-0.0261,0.4737,-0.0263,2.6379,1.5,1.5
12.8,1.256,0.009,-0.0068,0.4999,-0.0261,0.5,-0.0263,2.6252,1.5,1.5
12.833,1.2726,0.009,-0.0077,0.5,-0.026,0.5,-0.0263,2.6252,1.5,1.5
12.85,1.281,0.009,-0.0081,0.5001,-0.026,0.5,-0.0263,2.6252,1.5,1.5
12.85,1.281,0.009,-0.0081,0.5001,-0.026,0.5,-0.0263,2.6252,1.5,1.5
12.867,1.2893,0.009,-0.0085,0.5002,-0.0259,0.5,-0.0263,2.6252,1.5,1.5
12.867,1.2893,0.009,-0.0085,0.5002,-0.0259,0.5,-0.0263,2.6252,1.5,1.5
12.867,1.2893,0.009,-0.0085,0.5002,-0.0259,0.5,-0.0263,2.6252,1.5,1.5
12.9,1.3054,0.009,-0.0094,0.4752,-0.0248,0.5,-0.0263,2.6252,1.5,1.5
12.917,1.3133,0.009,-0.0098,0.4742,-0.0243,0.5,-0.0263,2.6252,1.5,1.5
12.917,1.3133,0.009,-0.0098,0.4742,-0.0243,0.5,-0.0263,2.6252,1.5,1.5
12.917,1.3133,0.009,-0.0098,0.4742,-0.0243,0.5,-0.0263,2.6541,1.5,1.5
12.95,1.3293,0.0089,-0.0106,0.4944,-0.0276,0.5,-0.0263,2.6541,1.5,1.5
12.95,1.3293,0.0089,-0.0106,0.4944,-0.0276,0.5,-0.0263,2.6541,1.5,1.5
12.967,1.3376,0.0089,-0.0111,0.4991,-0.0247,0.4737,-0.0263,2.6541,1.5,1.5
12.967,1.3376,0.0089,-0.0111,0.4991,-0.0247,0.4737,-0.0263,2.6541,1.5,1.5
12.967,1.3376,0.0089,-0.0111,0.4991,-0.0247,0.4737,-0.0263,2.6541,1.5,1.5
13.0,1.3543,0.0089,-0.0119,0.5004,-0.0256,0.4737,-0.0263,2.6541,1.5,1.5
13.017,1.3626,0.0088,-0.0124,0.5005,-0.0254,0.5,-0.0263,2.6541,1.5,1.5
13.017,1.3626,0.0088,-0.0124,0.5005,-0.0254,0.5,-0.0263,2.6756,1.5,1.5
13.033,1.371,0.0088,-0.0128,0.5005,-0.0254,0.5,-0.0263,2.6756,1.5,1.5
13.033,1.371,0.0088,-0.0128,0.5005,-0.0254,0.5,0.0,2.6756,1.5,1.5
13.033,1.371,0.0088,-0.0128,0.5005,-0.0254,0.5,0.0,2.6756,1.5,1.5
13.067,1.3877,0.0087,-0.0137,0.5005,-0.0254,0.5,0.0,2.6756,1.5,1.5
13.083,1.396,0.0087,-0.0141,0.5004,-0.0301,0.5,0.0,2.6756,1.5,1.5
13.083,1.396,0.0087,-0.0141,0.5004,-0.0301,0.5,0.0,2.6756,1.5,1.5
13.083,1.396,0.0087,-0.0141,0.5004,-0.0301,0.5,0.0,2.6756,1.5,1.5
13.117,1.4121,0.0086,-0.015,0.476,-0.0252,0.5,0.0,2.6756,1.5,1.5
13.117,1.4121,0.0086,-0.015,0.476,-0.0252,0.5,0.0,2.6756,1.5,1.5
13.133,1.4202,0.0085,-0.0155,0.4947,-0.0314,0.5,0.0,2.6209,1.5,1.5
13.133,1.4202,0.0085,-0.0155,0.4947,-0.0314,0.5,0.0263,2.6209,1.5,1.5
13.133,1.4202,0.0085,-0.0155,0.4947,-0.0314,0.5,0.0263,2.6209,1.5,1.5
13.167,1.4369,0.0084,-0.0164,0.5002,-0.025,0.5,0.0263,2.6209,1.5,1.5
13.183,1.4452,0.0083,-0.0168,0.4992,-0.0299,0.5,0.0263,2.6209,1.5,1.5
13.183,1.4452,0.0083,-0.0168,0.4992,-0.0299,0.5,0.0263,2.6209,1.5,1.5
13.2,1.4535,0.0082,-0.0172,0.4996,-0.0298,0.5,0.0263,2.6209,1.5,1.5
13.2,1.4535,0.0082,-0.0172,0.4996,-0.0298,0.5,0.0263,2.6209,1.5,1.5
13.2,1.4535,0.0082,-0.0172,0.4996,-0.0298,0.5,0.0263,2.5809,1.5,1.5
13.233,1.4702,0.008,-0.018,0.4995,-0.0274,0.5,0.0263,2.5809,1.5,1.5
13.233,1.4702,0.008,-0.018,0.4995,-0.0274,0.5,0.0263,2.5809,1.5,1.5
13.25,1.4785,0.008,-0.0184,0.4999,-0.0267,0.5,0.0263,2.5809,1.5,1.5
13.25,1.4785,0.008,-0.0184,0.4999,-0.0267,0.4737,0.0263,2.5809,1.5,1.5
13.283,1.4952,0.0077,-0.019,0.4998,-0.0193,0.4737,0.0263,2.5809,1.5,1.5
13.283,1.4952,0.0077,-0.019,0.4998,-0.0193,0.4737,0.0263,2.5809,1.5,1.5
13.3,1.5035,0.0076,-0.0192,0.4999,-0.0173,0.4737,0.0263,2.5809,1.5,1.5
13.3,1.5035,0.0076,-0.0192,0.4999,-0.0173,0.4737,0.0263,2.5809,1.5,1.5
13.3,1.5035,0.0076,-0.0192,0.4999,-0.0173,0.5,0.0263,2.5809,1.5,1.5
13.333,1.5201,0.0073,-0.0195,0.4999,-0.0146,0.5,0.0263,2.5723,1.5,1.5
13.35,1.5285,0.0072,-0.0197,0.4995,-0.015,0.5,0.0263,2.5723,1.5,1.5
13.35,1.5285,0.0072,-0.0197,0.4995,-0.015,0.5,0.0263,2.5723,1.5,1.5
13.367,1.5368,0.0071,-0.0198,0.4997,-0.0132,0.5,0.0263,2.5723,1.5,1.5
13.367,1.5368,0.0071,-0.0198,0.4997,-0.0132,0.5,0.0263,2.5723,1.5,1.5
13.367,1.5368,0.0071,-0.0198,0.4997,-0.0132,0.5,0.0263,2.5723,1.5,1.5
13.4,1.5528,0.0068,-0.02,0.4744,-0.0124,0.5,0.0263,2.5723,1.5,1.5
13.417,1.5607,0.0066,-0.0201,0.4734,-0.0152,0.5,0.0263,2.5723,1.5,1.5
13.417,1.5607,0.0066,-0.0201,0.4734,-0.0152,0.5,0.0263,2.575,1.5,1.5
13.417,1.5607,0.0066,-0.0201,0.4734,-0.0152,0.5,0.0263,2.575,1.5,1.5
13.417,1.5607,0.0066,-0.0201,0.4734,-0.0152,0.5,0.0263,2.575,1.5,1.5
13.417,1.5607,0.0066,-0.0201,0.4734,-0.0152,0.5,0.0263,2.575,1.5,1.5
13.45,1.5767,0.0063,-0.0202,0.4941,-0.0103,0.5,0.0263,2.575,1.5,1.5
13.467,1.585,0.0062,-0.0202,0.4985,-0.0094,0.5,0.0263,2.575,1.5,1.5
13.467,1.585,0.0062,-0.0202,0.4985,-0.0094,0.4737,0.0263,2.575,1.5,1.5
13.467,1.585,0.0062,-0.0202,0.4985,-0.0094,0.4737,0.0263,2.575,1.5,1.5
13.5,1.6017,0.0058,-0.0203,0.4995,-0.008,0.4737,0.0263,2.575,1.5,1.5
13.517,1.61,0.0057,-0.0203,0.4996,-0.007,0.5,0.0263,2.575,1.5,1.5
13.517,1.61,0.0057,-0.0203,0.4996,-0.007,0.5,0.0263,2.575,1.5,1.5
13.533,1.6183,0.0055,-0.0202,0.4996,-0.0057,0.5,0.0263,2.5286,1.5,1.5
13.533,1.6183,0.0055,-0.0202,0.4996,-0.0057,0.5,0.0263,2.5286,1.5,1.5
13.533,1.6183,0.0055,-0.0202,0.4996,-0.0057,0.5,0.0263,2.5286,1.5,1.5
13.567,1.635,0.0051,-0.0201,0.4998,-0.0035,0.5,0.0263,2.5286,1.5,1.5
13.583,1.6433,0.0049,-0.0201,0.4998,-0.0025,0.4737,0.0263,2.5286,1.5,1.5
13.583,1.6433,0.0049,-0.0201,0.4998,-0.0025,0.4737,0.0263,2.5286,1.5,1.5
13.583,1.6433,0.0049,-0.0201,0.4998,-0.0025,0.4737,0.0263,2.5286,1.5,1.5
13.617,1.6594,0.0046,-0.0198,0.4748,-0.0009,0.4737,0.0263,2.5286,1.5,1.5
13.633,1.6675,0.0044,-0.0197,0.4948,0.0003,0.4737,0.0263,2.5494,1.5,1.5
13.633,1.6675,0.0044,-0.0197,0.4948,0.0003,0.5,0.0263,2.5494,1.5,1.5
13.633,1.6675,0.0044,-0.0197,0.4948,0.0003,0.5,0.0263,2.5494,1.5,1.5
13.667,1.6841,0.004,-0.0194,0.5,0.0029,0.5,0.0263,2.5494,1.5,1.5
13.667,1.6841,0.004,-0.0194,0.5,0.0029,0.5,0.0263,2.5494,1.5,1.5
13.683,1.6924,0.0038,-0.0193,0.5002,0.0039,0.5,0.0263,2.5494,1.5,1.5
13.7,1.7008,0.0037,-0.0191,0.5004,0.005,0.5,0.0263,2.5494,1.5,1.5
13.7,1.7008,0.0037,-0.0191,0.5004,0.005,0.5,0.0263,2.5494,1.5,1.5
13.7,1.7008,0.0037,-0.0191,0.5004,0.005,0.5,0.0263,2.5494,1.5,1.5
13.733,1.7169,0.0033,-0.0187,0.4757,0.0068,0.5,0.0263,2.5444,1.5,1.5
13.733,1.7169,0.0033,-0.0187,0.4757,0.0068,0.5,0.0263,2.5444,1.5,1.5
13.75,1.7248,0.0031,-0.0184,0.4745,0.0072,0.5,0.0,2.5444,1.5,1.5
13.75,1.7248,0.0031,-0.0184,0.4745,0.0072,0.5,0.0,2.5444,1.5,1.5
13.75,1.7248,0.0031,-0.0184,0.4745,0.0072,0.5,0.0,2.5444,1.5,1.5
13.783,1.7412,0.0027,-0.018,0.4996,0.0091,0.5,0.0,2.5444,1.5,1.5
13.8,1.7495,0.0025,-0.0177,0.5006,0.0101,0.5,0.0,2.5444,1.5,1.5
13.8,1.7495,0.0025,-0.0177,0.5006,0.0101,0.5,0.0,2.5444,1.5,1.5
13.8,1.7495,0.0025,-0.0177,0.5006,0.0101,0.5,0.0,2.5444,1.5,1.5
13.833,1.7662,0.0022,-0.0172,0.5008,0.0123,0.5,0.0,2.5303,1.5,1.5
13.833,1.7662,0.0022,-0.0172,0.5008,0.0123,0.5,0.0,2.5303,1.5,1.5
13.85,1.7746,0.002,-0.0168,0.5009,0.0134,0.5,0.0,2.5303,1.5,1.5
13.867,1.7829,0.0018,-0.0166,0.5009,0.0141,0.5,0.0,2.5303,1.5,1.5
13.867,1.7829,0.0018,-0.0166,0.5009,0.0141,0.5,0.0,2.5303,1.5,1.5
13.867,1.7829,0.0018,-0.0166,0.5009,0.0141,0.5,0.0,2.5303,1.5,1.5
13.9,1.7996,0.0014,-0.0161,0.5008,0.0174,0.5,0.0,2.5303,1.5,1.5
13.9,1.7996,0.0014,-0.0161,0.5008,0.0174,0.5,0.0,2.5303,1.5,1.5
13.917,1.808,0.0013,-0.0159,0.5008,0.0171,0.5,0.0,2.5303,1.5,1.5
13.917,1.808,0.0013,-0.0159,0.5008,0.0171,0.5,0.0,2.5734,1.5,1.5
13.917,1.808,0.0013,-0.0159,0.5008,0.0171,0.5,0.0,2.5734,1.5,1.5
13.95,1.8246,0.0009,-0.0154,0.5007,0.0162,0.5,0.0,2.5734,1.5,1.5
13.967,1.833,0.0008,-0.0153,0.5007,0.0159,0.5,0.0,2.5734,1.5,1.5
13.967,1.833,0.0008,-0.0153,0.5007,0.0159,0.5,0.0,2.5734,1.5,1.5
13.967,1.833,0.0008,-0.0153,0.5007,0.0159,0.5,0.0,2.5734,1.5,1.5
14.0,1.8497,0.0005,-0.0149,0.5006,0.0144,0.5,0.0,2.5734,1.5,1.5
14.0,1.8497,0.0005,-0.0149,0.5006,0.0144,0.5,0.0,2.5734,1.5,1.5
14.017,1.858,0.0003,-0.0147,0.5005,0.0141,0.5,0.0,2.5734,1.5,1.5
14.017,1.858,0.0003,-0.0147,0.5005,0.0141,0.5,0.0,2.5734,1.5,1.5
14.033,1.8664,0.0002,-0.0146,0.5004,0.0136,0.5,0.0,2.5543,1.5,1.5
14.033,1.8664,0.0002,-0.0146,0.5004,0.0136,0.5,0.0,2.5543,1.5,1.5
14.033,1.8664,0.0002,-0.0146,0.5004,0.0136,0.5,0.0,2.5543,1.5,1.5
14.067,1.883,-0.0001,-0.0142,0.5003,0.0122,0.5,0.0,2.5543,1.5,1.5
14.067,1.883,-0.0001,-0.0142,0.5003,0.0122,0.5,0.0,2.5543,1.5,1.5
14.083,1.8914,-0.0003,-0.0141,0.5002,0.0116,0.4737,0.0,2.5543,1.5,1.5
14.083,1.8914,-0.0003,-0.0141,0.5002,0.0116,0.4737,0.0,2.5543,1.5,1.5
14.083,1.8914,-0.0003,-0.0141,0.5002,0.0116,0.4737,0.0,2.5543,1.5,1.5
14.117,1.908,-0.0005,-0.0139,0.5001,0.0106,0.4737,0.0,2.5543,1.5,1.5
14.133,1.9164,-0.0007,-0.0138,0.5,0.0097,0.5,0.0,2.6161,1.5,1.5
14.133,1.9164,-0.0007,-0.0138,0.5,0.0097,0.5,0.0,2.6161,1.5,1.5
14.133,1.9164,-0.0007,-0.0138,0.5,0.0097,0.5,0.0,2.6161,1.5,1.5
14.167,1.933,-0.0009,-0.0136,0.4998,0.0088,0.5,0.0,2.6161,1.5,1.5
14.167,1.933,-0.0009,-0.0136,0.4998,0.0088,0.5,0.0,2.6161,1.5,1.5
14.183,1.9414,-0.0011,-0.0135,0.4998,0.008,0.5,0.0,2.6161,1.5,1.5
14.2,1.9497,-0.0012,-0.0134,0.4996,0.0077,0.5,0.0,2.6161,1.5,1.5
14.2,1.9497,-0.0012,-0.0134,0.4996,0.0077,0.5,0.0,2.6161,1.5,1.5
14.2,1.9497,-0.0012,-0.0134,0.4996,0.0077,0.5,0.0,2.6161,1.5,1.5
14.233,1.9657,-0.0014,-0.0133,0.4744,0.0061,0.5,0.0,2.5713,1.5,1.5
14.233,1.9657,-0.0014,-0.0133,0.4744,0.0061,0.5,0.0,2.5713,1.5,1.5
14.25,1.9736,-0.0015,-0.0132,0.4735,0.0058,0.5,0.0,2.5713,1.5,1.5
14.25,1.9736,-0.0015,-0.0132,0.4735,0.0058,0.5,0.0,2.5713,1.5,1.5
14.25,1.9736,-0.0015,-0.0132,0.4735,0.0058,0.5,0.0,2.5713,1.5,1.5
14.283,1.99,-0.0018,-0.0131,0.4984,0.0057,0.5,0.0,2.5713,1.5,1.5
14.3,1.9983,-0.0019,-0.013,0.4993,0.0055,0.4737,0.0,2.5713,1.5,1.5
14.3,1.9983,-0.0019,-0.013,0.4993,0.0055,0.4737,0.0,2.5713,1.5,1.5
14.3,1.9983,-0.0019,-0.013,0.4993,0.0055,0.4737,0.0,2.5713,1.5,1.5
14.333,2.015,-0.0021,-0.0129,0.4995,0.0049,0.4737,0.0,2.5611,1.5,1.5
14.333,2.015,-0.0021,-0.0129,0.4995,0.0049,0.4737,0.0,2.5611,1.5,1.5
14.35,2.0233,-0.0022,-0.0128,0.4996,0.0047,0.5,0.0,2.5611,1.5,1.5
14.367,2.0316,-0.0024,-0.0128,0.4997,0.0039,0.5,0.0,2.5611,1.5,1.5
14.367,2.0316,-0.0024,-0.0128,0.4997,0.0039,0.5,0.0,2.5611,1.5,1.5
14.367,2.0316,-0.0024,-0.0128,0.4997,0.0039,0.5,0.0,2.5611,1.5,1.5
14.4,2.0483,-0.0026,-0.0127,0.4998,0.0039,0.5,0.0,2.5611,1.5,1.5
14.417,2.0566,-0.0027,-0.0126,0.4999,0.0037,0.5,0.0,2.5611,1.5,1.5
14.417,2.0566,-0.0027,-0.0126,0.4999,0.0037,0.5,0.0,2.5709,1.5,1.5
14.417,2.0566,-0.0027,-0.0126,0.4999,0.0037,0.5,0.0,2.5709,1.5,1.5
14.45,2.0727,-0.0029,-0.0125,0.4748,0.0033,0.5,0.0,2.5709,1.5,1.5
14.45,2.0727,-0.0029,-0.0125,0.4748,0.0033,0.5,0.0,2.5709,1.5,1.5
14.467,2.0806,-0.003,-0.0124,0.474,0.0035,0.5,0.0,2.5709,1.5,1.5
14.467,2.0806,-0.003,-0.0124,0.474,0.0035,0.4737,0.0,2.5709,1.5,1.5
14.467,2.0806,-0.003,-0.0124,0.474,0.0035,0.4737,0.0,2.5709,1.5,1.5
14.5,2.097,-0.0033,-0.0123,0.4989,0.0038,0.4737,0.0,2.5709,1.5,1.5
14.517,2.1053,-0.0034,-0.0122,0.5,0.0036,0.4737,0.0,2.5709,1.5,1.5
14.517,2.1053,-0.0034,-0.0122,0.5,0.0036,0.4737,0.0,2.5715,1.5,1.5
14.533,2.1137,-0.0035,-0.0122,0.5003,0.0039,0.5,0.0,2.5715,1.5,1.5
14.533,2.1137,-0.0035,-0.0122,0.5003,0.0039,0.5,0.0,2.5715,1.5,1.5
14.533,2.1137,-0.0035,-0.0122,0.5003,0.0039,0.5,0.0,2.5715,1.5,1.5
14.567,2.1304,-0.0037,-0.012,0.5005,0.0039,0.5,0.0,2.5715,1.5,1.5
14.583,2.1387,-0.0038,-0.012,0.5005,0.0041,0.5,0.0,2.5715,1.5,1.5
14.583,2.1387,-0.0038,-0.012,0.5005,0.0041,0.5,0.0,2.5715,1.5,1.5
14.583,2.1387,-0.0038,-0.012,0.5005,0.0041,0.5,0.0,2.5715,1.5,1.5
14.617,2.1548,-0.004,-0.0118,0.4754,0.0037,0.5,0.0,2.5715,1.5,1.5
14.617,2.1548,-0.004,-0.0118,0.4754,0.0037,0.5,0.0,2.5804,1.5,1.5
14.633,2.1627,-0.0041,-0.0118,0.4745,0.0046,0.5,0.0,2.5804,1.5,1.5
14.633,2.1627,-0.0041,-0.0118,0.4745,0.0046,0.5,0.0,2.5804,1.5,1.5
14.633,2.1627,-0.0041,-0.0118,0.4745,0.0046,0.5,0.0,2.5804,1.5,1.5
14.667,2.1788,-0.0044,-0.0117,0.4952,0.0035,0.5,0.0,2.5804,1.5,1.5
14.683,2.187,-0.0045,-0.0116,0.4996,0.005,0.4737,0.0,2.5804,1.5,1.5
14.683,2.187,-0.0045,-0.0116,0.4996,0.005,0.4737,0.0,2.5804,1.5,1.5
14.7,2.1954,-0.0046,-0.0115,0.5005,0.004,0.4737,0.0,2.5804,1.5,1.5
14.7,2.1954,-0.0046,-0.0115,0.5005,0.004,0.4737,0.0,2.5804,1.5,1.5
14.7,2.1954,-0.0046,-0.0115,0.5005,0.004,0.4737,0.0,2.576,1.5,1.5
14.733,2.2121,-0.0048,-0.0114,0.5008,0.0054,0.4737,0.0,2.576,1.5,1.5
14.75,2.2204,-0.0049,-0.0114,0.5008,0.0043,0.5,0.0,2.576,1.5,1.5
14.75,2.2204,-0.0049,-0.0114,0.5008,0.0043,0.5,0.0,2.576,1.5,1.5
14.75,2.2204,-0.0049,-0.0114,0.5008,0.0043,0.5,0.0,2.576,1.5,1.5
14.783,2.2371,-0.0051,-0.0112,0.5007,0.0043,0.5,0.0,2.576,1.5,1.5
14.8,2.2452,-0.0052,-0.0112,0.4798,0.0046,0.5,0.0,2.576,1.5,1.5
14.8,2.2452,-0.0052,-0.0112,0.4798,0.0046,0.5,0.0,2.576,1.5,1.5
14.8,2.2452,-0.0052,-0.0112,0.4798,0.0046,0.5,0.0,2.576,1.5,1.5
14.833,2.2611,-0.0054,-0.0111,0.4744,0.0036,0.5,0.0,2.5644,1.5,1.5
14.833,2.2611,-0.0054,-0.0111,0.4744,0.0036,0.5,0.0,2.5644,1.5,1.5
14.85,2.269,-0.0055,-0.0111,0.4742,0.0034,0.5,0.0,2.5644,1.5,1.5
14.867,2.2769,-0.0056,-0.0111,0.4741,0.0032,0.5,0.0,2.5644,1.5,1.5
14.867,2.2769,-0.0056,-0.0111,0.4741,0.0032,0.5,0.0,2.5644,1.5,1.5
14.867,2.2769,-0.0056,-0.0111,0.4741,0.0032,0.5,0.0,2.5644,1.5,1.5
14.9,2.2933,-0.0058,-0.011,0.4991,0.0015,0.5,0.0,2.5644,1.5,1.5
14.9,2.2933,-0.0058,-0.011,0.4991,0.0015,0.5,0.0,2.5644,1.5,1.5
14.917,2.3016,-0.0059,-0.011,0.5,0.0032,0.4737,0.0,2.5644,1.5,1.5
14.917,2.3016,-0.0059,-0.011,0.5,0.0032,0.4737,0.0,2.5577,1.5,1.5
14.917,2.3016,-0.0059,-0.011,0.5,0.0032,0.5,0.0,2.5577,1.5,1.5
14.95,2.3183,-0.0061,-0.011,0.5,0.0022,0.5,0.0,2.5577,1.5,1.5
14.967,2.3266,-0.0062,-0.011,0.5,0.0019,0.5,0.0,2.5577,1.5,1.5
14.967,2.3266,-0.0062,-0.011,0.5,0.0019,0.5,0.0,2.5577,1.5,1.5
14.967,2.3266,-0.0062,-0.011,0.5,0.0019,0.5,0.0,2.5577,1.5,1.5
15.0,2.3433,-0.0063,-0.011,0.4999,0.0014,0.5,0.0,2.5577,1.5,1.5
15.0,2.3433,-0.0063,-0.011,0.4999,0.0014,0.5,0.0,2.5577,1.5,1.5
15.017,2.3516,-0.0064,-0.011,0.4998,0.0008,0.4737,0.0,2.5577,1.5,1.5
15.033,2.36,-0.0065,-0.011,0.4998,0.0003,0.5,0.0,2.5762,1.5,1.5
15.033,2.36,-0.0065,-0.011,0.4998,0.0003,0.5,0.0,2.5762,1.5,1.5
15.033,2.36,-0.0065,-0.011,0.4998,0.0003,0.5,0.0,2.5762,1.5,1.5
15.067,2.3762,-0.0067,-0.011,0.4953,-0.002,0.5,0.0,2.5762,1.5,1.5
15.067,2.3762,-0.0067,-0.011,0.4953,-0.002,0.5,0.0,2.5762,1.5,1.5
15.083,2.3845,-0.0068,-0.011,0.4988,0.0002,0.5,0.0,2.5762,1.5,1.5
15.083,2.3845,-0.0068,-0.011,0.4988,0.0002,0.5,0.0,2.5762,1.5,1.5
15.083,2.3845,-0.0068,-0.011,0.4988,0.0002,0.5,0.0,2.5762,1.5,1.5
15.117,2.4012,-0.007,-0.011,0.4996,-0.0007,0.5,0.0,2.5762,1.5,1.5
15.133,2.4095,-0.0071,-0.011,0.4995,0.0005,0.5,0.0,2.5736,1.5,1.5
15.133,2.4095,-0.0071,-0.011,0.4995,0.0005,0.5,0.0,2.5736,1.5,1.5
15.133,2.4095,-0.0071,-0.011,0.4995,0.0005,0.5,0.0,2.5736,1.5,1.5
15.167,2.4258,-0.0072,-0.011,0.4952,-0.0015,0.5,0.0,2.5736,1.5,1.5
15.167,2.4258,-0.0072,-0.011,0.4952,-0.0015,0.5,0.0,2.5736,1.5,1.5
15.183,2.4341,-0.0073,-0.011,0.4987,-0.0002,0.5,0.0,2.5736,1.5,1.5
15.2,2.4424,-0.0074,-0.011,0.4994,-0.0006,0.4737,0.0,2.5736,1.5,1.5
15.2,2.4424,-0.0074,-0.011,0.4994,-0.0006,0.4737,0.0,2.5736,1.5,1.5
15.2,2.4424,-0.0074,-0.011,0.4994,-0.0006,0.4737,0.0,2.5736,1.5,1.5
15.233,2.459,-0.0076,-0.011,0.4998,-0.0006,0.4737,0.0,2.5599,1.5,1.5
15.233,2.459,-0.0076,-0.011,0.4998,-0.0006,0.4737,0.0,2.5599,1.5,1.5
15.25,2.4674,-0.0077,-0.011,0.4999,-0.0007,0.5,0.0,2.5599,1.5,1.5
15.25,2.4674,-0.0077,-0.011,0.4999,-0.0007,0.5,0.0,2.5599,1.5,1.5
15.25,2.4674,-0.0077,-0.011,0.4999,-0.0007,0.5,0.0,2.5599,1.5,1.5
15.283,2.484,-0.0079,-0.011,0.5,-0.0004,0.5,0.0,2.5599,1.5,1.5
15.3,2.4924,-0.008,-0.011,0.5001,-0.0003,0.5,0.0,2.5599,1.5,1.5
15.3,2.4924,-0.008,-0.011,0.5001,-0.0003,0.5,0.0,2.5599,1.5,1.5
15.3,2.4924,-0.008,-0.011,0.5001,-0.0003,0.5,0.0,2.5599,1.5,1.5
15.333,2.5088,-0.0081,-0.011,0.4794,0.0005,0.5,0.0,2.5571,1.5,1.5
15.333,2.5088,-0.0081,-0.011,0.4794,0.0005,0.5,0.0,2.5571,1.5,1.5
15.35,2.5168,-0.0082,-0.0109,0.4751,-0.0002,0.5,0.0,2.5571,1.5,1.5
15.367,2.5247,-0.0083,-0.0109,0.4743,0.0002,0.5,0.0,2.5571,1.5,1.5
15.367,2.5247,-0.0083,-0.0109,0.4743,0.0002,0.5,0.0,2.5571,1.5,1.5
15.367,2.5247,-0.0083,-0.0109,0.4743,0.0002,0.5,0.0,2.5571,1.5,1.5
15.4,2.5411,-0.0085,-0.0109,0.4993,0.0005,0.5,0.0,2.5571,1.5,1.5
15.4,2.5411,-0.0085,-0.0109,0.4993,0.0005,0.5,0.0,2.5571,1.5,1.5
15.417,2.5495,-0.0086,-0.0109,0.5003,0.0007,0.4737,0.0,2.546,1.5,1.5
15.417,2.5495,-0.0086,-0.0109,0.5003,0.0007,0.4737,0.0,2.546,1.5,1.5
15.45,2.5661,-0.0088,-0.0108,0.5006,0.0015,0.4737,0.0,2.546,1.5,1.5
15.45,2.5661,-0.0088,-0.0108,0.5006,0.0015,0.4737,0.0,2.546,1.5,1.5
15.467,2.5745,-0.0089,-0.0108,0.5006,0.0012,0.5,0.0,2.546,1.5,1.5
15.467,2.5745,-0.0089,-0.0108,0.5006,0.0012,0.5,0.0,2.546,1.5,1.5
15.467,2.5745,-0.0089,-0.0108,0.5006,0.0012,0.5,0.0,2.546,1.5,1.5
15.5,2.5912,-0.0091,-0.0107,0.5008,0.0008,0.5,0.0,2.546,1.5,1.5
15.517,2.5995,-0.0092,-0.0107,0.5009,0.0011,0.5,0.0,2.546,1.5,1.5
15.517,2.5995,-0.0092,-0.0107,0.5009,0.0011,0.5,0.0,2.546,1.5,1.5
15.533,2.6079,-0.0093,-0.0107,0.5008,0.0029,0.5,0.0,2.6153,1.5,1.5
15.533,2.6079,-0.0093,-0.0107,0.5008,0.0029,0.5,0.0,2.6153,1.5,1.5
15.533,2.6079,-0.0093,-0.0107,0.5008,0.0029,0.5,0.0,2.6153,1.5,1.5
15.567,2.624,-0.0095,-0.0106,0.4756,0.0021,0.5,0.0,2.6153,1.5,1.5
15.583,2.6319,-0.0096,-0.0106,0.4746,0.0016,0.5,0.0,2.6153,1.5,1.5
15.583,2.6319,-0.0096,-0.0106,0.4746,0.0016,0.5,0.0,2.6153,1.5,1.5
15.583,2.6319,-0.0096,-0.0106,0.4746,0.0016,0.4737,0.0,2.6153,1.5,1.5
15.617,2.6483,-0.0097,-0.0105,0.4994,0.0024,0.4737,0.0,2.6153,1.5,1.5
15.617,2.6483,-0.0097,-0.0105,0.4994,0.0024,0.5,0.0,2.5751,1.5,1.5
15.633,2.6566,-0.0098,-0.0106,0.5004,0.0018,0.5,0.0,2.5751,1.5,1.5
15.633,2.6566,-0.0098,-0.0106,0.5004,0.0018,0.5,0.0,2.5751,1.5,1.5
15.633,2.6566,-0.0098,-0.0106,0.5004,0.0018,0.5,0.0,2.5751,1.5,1.5
15.667,2.6733,-0.01,-0.0105,0.5005,0.0018,0.5,0.0,2.5751,1.5,1.5
15.683,2.6817,-0.0101,-0.0105,0.5004,0.0016,0.5,0.0,2.5751,1.5,1.5
15.683,2.6817,-0.0101,-0.0105,0.5004,0.0016,0.5,0.0,2.5751,1.5,1.5
15.7,2.69,-0.0102,-0.0105,0.5004,0.0015,0.5,0.0,2.5751,1.5,1.5
15.7,2.69,-0.0102,-0.0105,0.5004,0.0015,0.5,0.0,2.5751,1.5,1.5
15.7,2.69,-0.0102,-0.0105,0.5004,0.0015,0.5,0.0,2.5788,1.5,1.5
15.733,2.7065,-0.0104,-0.0105,0.4794,0.0017,0.5,0.0,2.5788,1.5,1.5
15.75,2.7144,-0.0104,-0.0105,0.475,0.0006,0.5,0.0,2.5788,1.5,1.5
15.75,2.7144,-0.0104,-0.0105,0.475,0.0006,0.5,0.0,2.5788,1.5,1.5
15.75,2.7144,-0.0104,-0.0105,0.475,0.0006,0.5,0.0,2.5788,1.5,1.5
15.783,2.7308,-0.0106,-0.0105,0.4988,0.0003,0.5,0.0,2.5788,1.5,1.5
15.8,2.7391,-0.0107,-0.0106,0.4997,0.0002,0.5,0.0,2.5788,1.5,1.5
15.8,2.7391,-0.0107,-0.0106,0.4997,0.0002,0.4737,0.0,2.5788,1.5,1.5
15.8,2.7391,-0.0107,-0.0106,0.4997,0.0002,0.4737,0.0,2.5788,1.5,1.5
15.833,2.7558,-0.0109,-0.0105,0.4998,-0.0009,0.4737,0.0,2.6806,1.5,1.5
15.833,2.7558,-0.0109,-0.0105,0.4998,-0.0009,0.4737,0.0,2.6806,1.5,1.5
15.85,2.7641,-0.011,-0.0105,0.4998,-0.0009,0.5,0.0,2.6806,1.5,1.5
15.867,2.7724,-0.011,-0.0106,0.4997,-0.0009,0.5,0.0,2.6806,1.5,1.5
15.867,2.7724,-0.011,-0.0106,0.4997,-0.0009,0.5,0.0,2.6806,1.5,1.5
15.867,2.7724,-0.011,-0.0106,0.4997,-0.0009,0.5,0.0,2.6806,1.5,1.5
15.9,2.7891,-0.0112,-0.0106,0.4995,-0.0002,0.5,0.0,2.6806,1.5,1.5
15.9,2.7891,-0.0112,-0.0106,0.4995,-0.0002,0.5,0.0,2.6806,1.5,1.5
15.917,2.7974,-0.0113,-0.0106,0.4995,-0.0019,0.4737,0.0,2.6806,1.5,1.5
15.917,2.7974,-0.0113,-0.0106,0.4995,-0.0019,0.4737,0.0,2.5463,1.5,1.5
15.917,2.7974,-0.0113,-0.0106,0.4995,-0.0019,0.4737,0.0,2.5463,1.5,1.5
15.95,2.8135,-0.0115,-0.0107,0.4744,-0.0016,0.4737,0.0,2.5463,1.5,1.5
15.967,2.8216,-0.0115,-0.0107,0.4943,-0.0032,0.5,0.0,2.5463,1.5,1.5
15.967,2.8216,-0.0115,-0.0107,0.4943,-0.0032,0.5,0.0,2.5463,1.5,1.5
15.967,2.8216,-0.0115,-0.0107,0.4943,-0.0032,0.5,0.0,2.5463,1.5,1.5
16.0,2.8382,-0.0117,-0.0107,0.4994,-0.002,0.5,0.0,2.5463,1.5,1.5
16.0,2.8382,-0.0117,-0.0107,0.4994,-0.002,0.5,0.0,2.5463,1.5,1.5
16.017,2.8465,-0.0118,-0.0107,0.4996,-0.0016,0.5,0.0,2.5463,1.5,1.5
16.033,2.8548,-0.0119,-0.0108,0.4997,-0.0014,0.5,0.0,2.5998,1.5,1.5
16.033,2.8548,-0.0119,-0.0108,0.4997,-0.0014,0.5,0.0,2.5998,1.5,1.5
16.033,2.8548,-0.0119,-0.0108,0.4997,-0.0014,0.5,0.0,2.5998,1.5,1.5
16.067,2.8709,-0.012,-0.0108,0.4746,-0.0017,0.5,0.0,2.5998,1.5,1.5
16.067,2.8709,-0.012,-0.0108,0.4746,-0.0017,0.5,0.0,2.5998,1.5,1.5
16.083,2.8788,-0.0121,-0.0108,0.4738,-0.0015,0.5,0.0,2.5998,1.5,1.5
16.083,2.8788,-0.0121,-0.0108,0.4738,-0.0015,0.4737,0.0,2.5998,1.5,1.5
16.117,2.8952,-0.0123,-0.0108,0.4989,-0.0012,0.4737,0.0,2.5998,1.5,1.5
16.117,2.8952,-0.0123,-0.0108,0.4989,-0.0012,0.4737,0.0,2.5998,1.5,1.5
16.133,2.9035,-0.0124,-0.0108,0.4999,-0.0011,0.4737,0.0,2.6047,1.5,1.5
16.133,2.9035,-0.0124,-0.0108,0.4999,-0.0011,0.4737,0.0,2.6047,1.5,1.5
16.133,2.9035,-0.0124,-0.0108,0.4999,-0.0011,0.5,0.0,2.6047,1.5,1.5
16.167,2.9202,-0.0126,-0.0107,0.5002,-0.0009,0.5,0.0,2.6047,1.5,1.5
16.167,2.9202,-0.0126,-0.0107,0.5002,-0.0009,0.5,0.0,2.6047,1.5,1.5
16.183,2.9286,-0.0127,-0.0107,0.5003,-0.0006,0.5,0.0,2.6047,1.5,1.5
16.2,2.9369,-0.0127,-0.0107,0.5004,-0.0004,0.5,0.0,2.6047,1.5,1.5
16.2,2.9369,-0.0127,-0.0107,0.5004,-0.0004,0.5,0.0,2.6047,1.5,1.5
16.2,2.9369,-0.0127,-0.0107,0.5004,-0.0004,0.5,0.0,2.6047,1.5,1.5
16.233,2.953,-0.0129,-0.0107,0.4753,-0.0004,0.5,0.0,2.6911,1.5,1.5
16.233,2.953,-0.0129,-0.0107,0.4753,-0.0004,0.5,0.0,2.6911,1.5,1.5
16.25,2.9609,-0.013,-0.0107,0.4744,0.0005,0.5,0.0,2.6911,1.5,1.5
16.25,2.9609,-0.013,-0.0107,0.4744,0.0005,0.5,0.0,2.6911,1.5,1.5
16.283,2.9769,-0.0132,-0.0107,0.4951,0.0,0.5,0.0,2.6911,1.5,1.5
16.283,2.9769,-0.0132,-0.0107,0.4951,0.0,0.5,0.0,2.6911,1.5,1.5
16.3,2.9852,-0.0133,-0.0107,0.4995,0.0007,0.5,0.0,2.6911,1.5,1.5
16.3,2.9852,-0.0133,-0.0107,0.4995,0.0007,0.4737,0.0,2.6911,1.5,1.5
16.3,2.9852,-0.0133,-0.0107,0.4995,0.0007,0.4737,0.0,2.6911,1.5,1.5
16.333,3.0019,-0.0135,-0.0106,0.5008,0.0004,0.4737,0.0,2.5676,1.5,1.5
16.35,3.0103,-0.0136,-0.0106,0.5008,0.0019,0.5,0.0,2.5676,1.5,1.5
16.35,3.0103,-0.0136,-0.0106,0.5008,0.0019,0.5,0.0,2.5676,1.5,1.5
16.367,3.0186,-0.0137,-0.0106,0.5008,0.001,0.5,0.0,2.5676,1.5,1.5
16.367,3.0186,-0.0137,-0.0106,0.5008,0.001,0.5,0.0,2.5676,1.5,1.5
16.367,3.0186,-0.0137,-0.0106,0.5008,0.001,0.5,0.0,2.5676,1.5,1.5
16.4,3.0353,-0.0138,-0.0105,0.5007,0.0015,0.5,0.0,2.5676,1.5,1.5
16.417,3.0436,-0.0139,-0.0105,0.5007,0.0016,0.4737,0.0,2.5676,1.5,1.5
16.417,3.0436,-0.0139,-0.0105,0.5007,0.0016,0.4737,0.0,2.5569,1.5,1.5
16.417,3.0436,-0.0139,-0.0105,0.5007,0.0016,0.4737,0.0,2.5569,1.5,1.5
16.45,3.0597,-0.0141,-0.0105,0.4755,0.0012,0.4737,0.0,2.5569,1.5,1.5
16.45,3.0597,-0.0141,-0.0105,0.4755,0.0012,0.4737,0.0,2.5569,1.5,1.5
16.467,3.0678,-0.0142,-0.0105,0.4949,0.0018,0.5,0.0,2.5569,1.5,1.5
16.467,3.0678,-0.0142,-0.0105,0.4949,0.0018,0.5,0.0,2.5569,1.5,1.5
16.5,3.0845,-0.0144,-0.0105,0.5003,0.0014,0.5,0.0,2.5569,1.5,1.5
16.5,3.0845,-0.0144,-0.0105,0.5003,0.0014,0.5,0.0,2.5569,1.5,1.5
16.517,3.0928,-0.0145,-0.0105,0.5004,0.001,0.5,0.0,2.5569,1.5,1.5
16.517,3.0928,-0.0145,-0.0105,0.5004,0.001,0.5,0.0,2.6204,1.5,1.5
16.533,3.1011,-0.0146,-0.0105,0.5004,0.001,0.5,0.0,2.6204,1.5,1.5
16.533,3.1011,-0.0146,-0.0105,0.5004,0.001,0.5,0.0,2.6204,1.5,1.5
16.567,3.1172,-0.0147,-0.0105,0.475,0.0004,0.5,0.0,2.6204,1.5,1.5
16.567,3.1172,-0.0147,-0.0105,0.475,0.0004,0.5,0.0,2.6204,1.5,1.5
16.583,3.1251,-0.0148,-0.0105,0.474,0.0004,0.5,0.0,2.6204,1.5,1.5
16.583,3.1251,-0.0148,-0.0105,0.474,0.0004,0.5,0.0,2.6204,1.5,1.5
16.583,3.1251,-0.0148,-0.0105,0.474,0.0004,0.5,0.0,2.6204,1.5,1.5
16.617,3.1415,-0.015,-0.0106,0.4987,-0.0004,0.5,0.0,2.6204,1.5,1.5
16.633,3.1498,-0.0151,-0.0106,0.4997,0.0,0.4737,0.0,2.5664,1.5,1.5
16.633,3.1498,-0.0151,-0.0106,0.4997,0.0,0.4737,0.0,2.5664,1.5,1.5
16.633,3.1498,-0.0151,-0.0106,0.4997,0.0,0.4737,0.0,2.5664,1.5,1.5
16.667,3.1665,-0.0152,-0.0106,0.4998,-0.0006,0.4737,0.0,2.5664,1.5,1.5
16.667,3.1665,-0.0152,-0.0106,0.4998,-0.0006,0.4737,0.0,2.5664,1.5,1.5
16.683,3.1748,-0.0153,-0.0106,0.4996,-0.0011,0.5,0.0,2.5664,1.5,1.5
16.7,3.1832,-0.0154,-0.0106,0.4997,-0.0017,0.5,0.0,2.5664,1.5,1.5
16.7,3.1832,-0.0154,-0.0106,0.4997,-0.0017,0.5,0.0,2.5664,1.5,1.5
16.7,3.1832,-0.0154,-0.0106,0.4997,-0.0017,0.5,0.0,2.5664,1.5,1.5
16.733,3.1998,-0.0156,-0.0107,0.4995,-0.0009,0.5,0.0,2.6366,1.5,1.5
16.733,3.1998,-0.0156,-0.0107,0.4995,-0.0009,0.5,0.0,2.6366,1.5,1.5
16.75,3.2081,-0.0157,-0.0107,0.4995,-0.0021,0.5,0.0,2.6366,1.5,1.5
16.75,3.2081,-0.0157,-0.0107,0.4995,-0.0021,0.5,0.0,2.6366,1.5,1.5
16.75,3.2081,-0.0157,-0.0107,0.4995,-0.0021,0.5,0.0,2.6366,1.5,1.5
16.783,3.2242,-0.0158,-0.0107,0.4744,-0.0012,0.5,0.0,2.6366,1.5,1.5
16.8,3.2323,-0.0159,-0.0108,0.4941,-0.003,0.5,0.0,2.6366,1.5,1.5
16.8,3.2323,-0.0159,-0.0108,0.4941,-0.003,0.5,0.0,2.6366,1.5,1.5
16.8,3.2323,-0.0159,-0.0108,0.4941,-0.003,0.5,0.0,2.6366,1.5,1.5
16.833,3.2489,-0.0161,-0.0108,0.4994,-0.0021,0.5,0.0,2.6125,1.5,1.5
16.833,3.2489,-0.0161,-0.0108,0.4994,-0.0021,0.5,0.0,2.6125,1.5,1.5
16.85,3.2572,-0.0162,-0.0108,0.4996,-0.0019,0.5,0.0,2.6125,1.5,1.5
16.867,3.2656,-0.0162,-0.0108,0.4997,-0.0018,0.5,0.0,2.6125,1.5,1.5
16.867,3.2656,-0.0162,-0.0108,0.4997,-0.0018,0.5,0.0,2.6125,1.5,1.5
16.867,3.2656,-0.0162,-0.0108,0.4997,-0.0018,0.5,0.0,2.6125,1.5,1.5
16.9,3.2822,-0.0164,-0.0108,0.4998,-0.0016,0.5,0.0,2.6125,1.5,1.5
16.9,3.2822,-0.0164,-0.0108,0.4998,-0.0016,0.5,0.0,2.6125,1.5,1.5
16.917,3.2906,-0.0165,-0.0109,0.4999,-0.0018,0.5,0.0,2.6125,1.5,1.5
16.917,3.2906,-0.0165,-0.0109,0.4999,-0.0018,0.5,0.0,2.5466,1.5,1.5
16.95,3.3072,-0.0167,-0.0109,0.5001,-0.0014,0.5,0.0,2.5466,1.5,1.5
16.95,3.3072,-0.0167,-0.0109,0.5001,-0.0014,0.5,0.0,2.5466,1.5,1.5
16.967,3.3156,-0.0168,-0.0108,0.5001,-0.0013,0.5,0.0,2.5466,1.5,1.5
16.967,3.3156,-0.0168,-0.0108,0.5001,-0.0013,0.5,0.0,2.5466,1.5,1.5
16.967,3.3156,-0.0168,-0.0108,0.5001,-0.0013,0.5,0.0,2.5466,1.5,1.5
17.0,3.3322,-0.017,-0.0108,0.5003,-0.0008,0.5,0.0,2.5466,1.5,1.5
17.0,3.3322,-0.017,-0.0108,0.5003,-0.0008,0.5,0.0,2.5466,1.5,1.5
17.017,3.3406,-0.017,-0.0108,0.5003,-0.0006,0.5,0.0,2.5945,1.5,1.5
17.033,3.3489,-0.0171,-0.0108,0.5004,-0.0003,0.5,0.0,2.5945,1.5,1.5
17.033,3.3489,-0.0171,-0.0108,0.5004,-0.0003,0.5,0.0,2.5945,1.5,1.5
17.033,3.3489,-0.0171,-0.0108,0.5004,-0.0003,0.5,0.0,2.5945,1.5,1.5
17.067,3.3656,-0.0173,-0.0108,0.5005,0.0005,0.5,0.0,2.5945,1.5,1.5
17.083,3.374,-0.0174,-0.0107,0.5006,0.001,0.5,0.0,2.5945,1.5,1.5
17.083,3.374,-0.0174,-0.0107,0.5006,0.001,0.5,0.0,2.5945,1.5,1.5
17.083,3.374,-0.0174,-0.0107,0.5006,0.001,0.5,0.0,2.5945,1.5,1.5
17.117,3.3907,-0.0176,-0.0107,0.5006,0.0003,0.5,0.0,2.5945,1.5,1.5
17.117,3.3907,-0.0176,-0.0107,0.5006,0.0003,0.5,0.0,2.5945,1.5,1.5
17.133,3.399,-0.0177,-0.0107,0.5007,0.0012,0.5,0.0,2.5327,1.5,1.5
17.133,3.399,-0.0177,-0.0107,0.5007,0.0012,0.5,0.0,2.5327,1.5,1.5
17.133,3.399,-0.0177,-0.0107,0.5007,0.0012,0.5,0.0,2.5327,1.5,1.5
17.167,3.4157,-0.0179,-0.0107,0.5009,0.0009,0.5,0.0,2.5327,1.5,1.5
17.183,3.424,-0.018,-0.0107,0.5008,0.0023,0.5,0.0,2.5327,1.5,1.5
17.183,3.424,-0.018,-0.0107,0.5008,0.0023,0.5,0.0,2.5327,1.5,1.5
17.2,3.4324,-0.0181,-0.0107,0.5007,0.0012,0.5,0.0,2.5327,1.5,1.5
17.2,3.4324,-0.0181,-0.0107,0.5007,0.0012,0.4737,0.0,2.5327,1.5,1.5
17.2,3.4324,-0.0181,-0.0107,0.5007,0.0012,0.4737,0.0,2.5327,1.5,1.5
17.2,3.4324,-0.0181,-0.0107,0.5007,0.0012,0.4737,0.0,2.5327,1.5,1.5
17.233,3.4491,-0.0183,-0.0106,0.5007,0.002,0.5,0.0,2.5672,1.5,1.5
17.233,3.4491,-0.0183,-0.0106,0.5007,0.002,0.5,0.0,2.5672,1.5,1.5
17.25,3.4574,-0.0184,-0.0106,0.5007,0.0013,0.5,0.0,2.5672,1.5,1.5
17.25,3.4574,-0.0184,-0.0106,0.5007,0.0013,0.5,0.0,2.5672,1.5,1.5
17.25,3.4574,-0.0184,-0.0106,0.5007,0.0013,0.5,0.0,2.5672,1.5,1.5
17.283,3.4741,-0.0185,-0.0106,0.5007,0.0015,0.5,0.0,2.5672,1.5,1.5
17.3,3.4825,-0.0186,-0.0106,0.5006,0.0015,0.5,0.0,2.5672,1.5,1.5
17.3,3.4825,-0.0186,-0.0106,0.5006,0.0015,0.5,0.0,2.5672,1.5,1.5
17.3,3.4825,-0.0186,-0.0106,0.5006,0.0015,0.5,0.0,2.5672,1.5,1.5
17.333,3.4989,-0.0188,-0.0105,0.4796,0.0018,0.5,0.0,2.5483,1.5,1.5
17.333,3.4989,-0.0188,-0.0105,0.4796,0.0018,0.5,0.0,2.5483,1.5,1.5
17.35,3.5071,-0.0189,-0.0105,0.496,0.0001,0.5,0.0,2.5483,1.5,1.5
17.367,3.5154,-0.019,-0.0105,0.4993,0.0011,0.5,0.0,2.5483,1.5,1.5
17.367,3.5154,-0.019,-0.0105,0.4993,0.0011,0.5,0.0,2.5483,1.5,1.5
17.367,3.5154,-0.019,-0.0105,0.4993,0.0011,0.5,0.0,2.5483,1.5,1.5
17.4,3.5321,-0.0192,-0.0105,0.5001,0.0006,0.5,0.0,2.5483,1.5,1.5
17.4,3.5321,-0.0192,-0.0105,0.5001,0.0006,0.5,0.0,2.5483,1.5,1.5
17.417,3.5404,-0.0192,-0.0105,0.5001,0.0004,0.5,0.0,2.5483,1.5,1.5
17.417,3.5404,-0.0192,-0.0105,0.5001,0.0004,0.5,0.0,2.5545,1.5,1.5
17.417,3.5404,-0.0192,-0.0105,0.5001,0.0004,0.5,0.0,2.5545,1.5,1.5
17.45,3.557,-0.0194,-0.0106,0.4999,-0.0,0.4737,0.0,2.5545,1.5,1.5
17.467,3.5654,-0.0195,-0.0106,0.4999,-0.0003,0.5,0.0,2.5545,1.5,1.5
17.467,3.5654,-0.0195,-0.0106,0.4999,-0.0003,0.5,0.0,2.5545,1.5,1.5
17.467,3.5654,-0.0195,-0.0106,0.4999,-0.0003,0.5,0.0,2.5545,1.5,1.5
17.5,3.582,-0.0197,-0.0106,0.4998,-0.0009,0.5,0.0,2.5545,1.5,1.5
17.517,3.5904,-0.0198,-0.0107,0.4996,-0.0006,0.5,0.0,2.5545,1.5,1.5
17.517,3.5904,-0.0198,-0.0107,0.4996,-0.0006,0.5,0.0,2.5545,1.5,1.5
17.533,3.5987,-0.0198,-0.0107,0.4996,-0.0012,0.5,0.0,2.5958,1.5,1.5
17.533,3.5987,-0.0198,-0.0107,0.4996,-0.0012,0.5,0.0,2.5958,1.5,1.5
17.533,3.5987,-0.0198,-0.0107,0.4996,-0.0012,0.5,0.0,2.5958,1.5,1.5
17.533,3.5987,-0.0198,-0.0107,0.4996,-0.0012,0.5,0.0,2.5958,1.5,1.5
17.567,3.6153,-0.02,-0.0107,0.4995,-0.0019,0.5,0.0,2.5958,1.5,1.5
17.567,3.6153,-0.02,-0.0107,0.4995,-0.0019,0.5,0.0,2.5958,1.5,1.5
17.583,3.6235,-0.0201,-0.0107,0.4787,-0.0013,0.5,0.0,2.5958,1.5,1.5
17.583,3.6235,-0.0201,-0.0107,0.4787,-0.0013,0.5,0.0,2.5958,1.5,1.5
17.583,3.6235,-0.0201,-0.0107,0.4787,-0.0013,0.5,0.0,2.5958,1.5,1.5
17.583,3.6235,-0.0201,-0.0107,0.4787,-0.0013,0.5,0.0,2.5958,1.5,1.5
17.617,3.6399,-0.0203,-0.0108,0.4986,-0.0011,0.5,0.0,2.5958,1.5,1.5
17.633,3.6482,-0.0203,-0.0108,0.4993,-0.0017,0.4737,0.0,2.5374,1.5,1.5
17.633,3.6482,-0.0203,-0.0108,0.4993,-0.0017,0.4737,0.0,2.5374,1.5,1.5
17.633,3.6482,-0.0203,-0.0108,0.4993,-0.0017,0.4737,0.0,2.5374,1.5,1.5
17.667,3.6649,-0.0205,-0.0108,0.4996,-0.0015,0.4737,0.0,2.5374,1.5,1.5
17.667,3.6649,-0.0205,-0.0108,0.4996,-0.0015,0.4737,0.0,2.5374,1.5,1.5
17.683,3.6732,-0.0206,-0.0108,0.4997,-0.0021,0.5,0.0,2.5374,1.5,1.5
17.7,3.6815,-0.0207,-0.0108,0.4998,-0.0018,0.5,0.0,2.5374,1.5,1.5
17.7,3.6815,-0.0207,-0.0108,0.4998,-0.0018,0.5,0.0,2.5374,1.5,1.5
17.7,3.6815,-0.0207,-0.0108,0.4998,-0.0018,0.5,0.0,2.5374,1.5,1.5
17.733,3.6982,-0.0209,-0.0109,0.4999,-0.0018,0.5,0.0,2.4976,1.5,1.5
17.733,3.6982,-0.0209,-0.0109,0.4999,-0.0018,0.5,0.0,2.4976,1.5,1.5
17.75,3.7065,-0.021,-0.0109,0.5,-0.0015,0.5,0.0,2.4976,1.5,1.5
17.75,3.7065,-0.021,-0.0109,0.5,-0.0015,0.5,0.0,2.4976,1.5,1.5
17.75,3.7065,-0.021,-0.0109,0.5,-0.0015,0.5,0.0,2.4976,1.5,1.5
17.783,3.7226,-0.0211,-0.0108,0.4749,-0.0015,0.5,0.0,2.4976,1.5,1.5
17.8,3.7305,-0.0212,-0.0109,0.4741,-0.0011,0.5,0.0,2.4976,1.5,1.5
17.8,3.7305,-0.0212,-0.0109,0.4741,-0.0011,0.5,0.0,2.4976,1.5,1.5
17.8,3.7305,-0.0212,-0.0109,0.4741,-0.0011,0.4737,0.0,2.605,1.5,1.5
17.833,3.7469,-0.0214,-0.0108,0.4992,-0.0,0.4737,0.0,2.605,1.5,1.5
17.833,3.7469,-0.0214,-0.0108,0.4992,-0.0,0.4737,0.0,2.605,1.5,1.5
17.85,3.7553,-0.0215,-0.0108,0.5001,-0.0004,0.4737,0.0,2.605,1.5,1.5
17.867,3.7636,-0.0216,-0.0108,0.5004,0.0004,0.5,0.0,2.605,1.5,1.5
17.867,3.7636,-0.0216,-0.0108,0.5004,0.0004,0.5,0.0,2.605,1.5,1.5
17.867,3.7636,-0.0216,-0.0108,0.5004,0.0004,0.5,0.0,2.605,1.5,1.5
17.9,3.7803,-0.0218,-0.0108,0.5005,0.0004,0.5,0.0,2.605,1.5,1.5
17.9,3.7803,-0.0218,-0.0108,0.5005,0.0004,0.5,0.0,2.605,1.5,1.5
17.917,3.7886,-0.0219,-0.0108,0.5006,0.0003,0.5,0.0,2.605,1.5,1.5
17.917,3.7886,-0.0219,-0.0108,0.5006,0.0003,0.5,0.0,2.5773,1.5,1.5
17.917,3.7886,-0.0219,-0.0108,0.5006,0.0003,0.5,0.0,2.5773,1.5,1.5
17.95,3.8051,-0.022,-0.0107,0.4798,0.0014,0.5,0.0,2.5773,1.5,1.5
17.967,3.8131,-0.0221,-0.0107,0.4755,0.0006,0.5,0.0,2.5773,1.5,1.5
17.967,3.8131,-0.0221,-0.0107,0.4755,0.0006,0.5,0.0,2.5773,1.5,1.5
17.967,3.8131,-0.0221,-0.0107,0.4755,0.0006,0.5,0.0,2.5773,1.5,1.5
18.0,3.8291,-0.0223,-0.0107,0.4954,0.0001,0.5,0.0,2.5773,1.5,1.5
18.017,3.8374,-0.0224,-0.0107,0.4996,0.0025,0.5,0.0,2.5773,1.5,1.5
18.017,3.8374,-0.0224,-0.0107,0.4996,0.0025,0.4737,0.0,2.5102,1.5,1.5
18.033,3.8458,-0.0225,-0.0107,0.5005,0.0001,0.4737,0.0,2.5102,1.5,1.5
18.033,3.8458,-0.0225,-0.0107,0.5005,0.0001,0.4737,0.0,2.5102,1.5,1.5
18.033,3.8458,-0.0225,-0.0107,0.5005,0.0001,0.4737,0.0,2.5102,1.5,1.5
18.067,3.8625,-0.0227,-0.0106,0.5007,0.0023,0.4737,0.0,2.5102,1.5,1.5
18.083,3.8708,-0.0228,-0.0106,0.5007,0.0013,0.5,0.0,2.5102,1.5,1.5
18.083,3.8708,-0.0228,-0.0106,0.5007,0.0013,0.5,0.0,2.5102,1.5,1.5
18.083,3.8708,-0.0228,-0.0106,0.5007,0.0013,0.5,0.0,2.5102,1.5,1.5
18.083,3.8708,-0.0228,-0.0106,0.5007,0.0013,0.5,0.0,2.5102,1.5,1.5
18.083,3.8708,-0.0228,-0.0106,0.5007,0.0013,0.5,0.0,2.5102,1.5,1.5
18.117,3.8875,-0.023,-0.0106,0.5006,0.0015,0.5,0.0,2.5102,1.5,1.5
18.133,3.8956,-0.0231,-0.0106,0.4797,0.0021,0.4737,0.0,2.5463,1.5,1.5
18.133,3.8956,-0.0231,-0.0106,0.4797,0.0021,0.4737,0.0,2.5463,1.5,1.5
18.133,3.8956,-0.0231,-0.0106,0.4797,0.0021,0.4737,0.0,2.5463,1.5,1.5
18.167,3.9115,-0.0232,-0.0106,0.4743,0.0011,0.4737,0.0,2.5463,1.5,1.5
18.167,3.9115,-0.0232,-0.0106,0.4743,0.0011,0.4737,0.0,2.5463,1.5,1.5
18.183,3.9196,-0.0233,-0.0106,0.4949,0.0032,0.5,0.0,2.5463,1.5,1.5
18.2,3.9279,-0.0234,-0.0106,0.4991,-0.0003,0.5,0.0,2.5463,1.5,1.5
18.2,3.9279,-0.0234,-0.0106,0.4991,-0.0003,0.5,0.0,2.5463,1.5,1.5
18.2,3.9279,-0.0234,-0.0106,0.4991,-0.0003,0.5,0.0,2.5235,1.5,1.5
18.233,3.9445,-0.0236,-0.0106,0.5001,0.0003,0.5,0.0,2.5235,1.5,1.5
18.25,3.9529,-0.0237,-0.0106,0.5,0.0003,0.4737,0.0,2.5235,1.5,1.5
18.25,3.9529,-0.0237,-0.0106,0.5,0.0003,0.4737,0.0,2.5235,1.5,1.5
18.25,3.9529,-0.0237,-0.0106,0.5,0.0003,0.5,0.0,2.5235,1.5,1.5
18.283,3.9689,-0.0238,-0.0107,0.4747,-0.0005,0.5,0.0,2.5235,1.5,1.5
18.283,3.9689,-0.0238,-0.0107,0.4747,-0.0005,0.5,0.0,2.5235,1.5,1.5
18.3,3.9768,-0.0239,-0.0107,0.4738,-0.0004,0.5,0.0,2.5235,1.5,1.5
18.3,3.9768,-0.0239,-0.0107,0.4738,-0.0004,0.5,0.0,2.5235,1.5,1.5
18.3,3.9768,-0.0239,-0.0107,0.4738,-0.0004,0.5,0.0,2.5293,1.5,1.5
18.333,3.9932,-0.0241,-0.0107,0.4986,-0.0001,0.5,0.0,2.5293,1.5,1.5
18.35,4.0015,-0.0242,-0.0107,0.4994,-0.0007,0.4737,0.0,2.5293,1.5,1.5
18.35,4.0015,-0.0242,-0.0107,0.4994,-0.0007,0.4737,0.0,2.5293,1.5,1.5
18.367,4.0099,-0.0243,-0.0107,0.4995,-0.0014,0.5,0.0,2.5293,1.5,1.5
18.367,4.0099,-0.0243,-0.0107,0.4995,-0.0014,0.5,0.0,2.5293,1.5,1.5
18.4,4.0261,-0.0244,-0.0107,0.4952,-0.0026,0.5,0.0,2.5293,1.5,1.5
18.4,4.0261,-0.0244,-0.0107,0.4952,-0.0026,0.5,0.0,2.5293,1.5,1.5
18.417,4.0344,-0.0245,-0.0108,0.4986,-0.0015,0.5,0.0,2.5293,1.5,1.5
18.417,4.0344,-0.0245,-0.0108,0.4986,-0.0015,0.5,0.0,2.4869,1.5,1.5
18.417,4.0344,-0.0245,-0.0108,0.4986,-0.0015,0.5,0.0,2.4869,1.5,1.5
18.45,4.0511,-0.0247,-0.0108,0.4995,-0.0019,0.5,0.0,2.4869,1.5,1.5
18.467,4.0592,-0.0248,-0.0108,0.4787,-0.0008,0.5,0.0,2.4869,1.5,1.5
18.467,4.0592,-0.0248,-0.0108,0.4787,-0.0008,0.5,0.0,2.4869,1.5,1.5
18.467,4.0592,-0.0248,-0.0108,0.4787,-0.0008,0.5,0.0,2.4869,1.5,1.5
18.5,4.0752,-0.0249,-0.0109,0.4944,-0.0028,0.5,0.0,2.4869,1.5,1.5
18.5,4.0752,-0.0249,-0.0109,0.4944,-0.0028,0.5,0.0,2.4869,1.5,1.5
18.517,4.0835,-0.025,-0.0109,0.4986,-0.0014,0.5,0.0,2.4869,1.5,1.5
18.533,4.0918,-0.0251,-0.0109,0.4995,-0.0015,0.5,0.0,2.573,1.5,1.5
18.533,4.0918,-0.0251,-0.0109,0.4995,-0.0015,0.5,0.0,2.573,1.5,1.5
18.533,4.0918,-0.0251,-0.0109,0.4995,-0.0015,0.5,0.0,2.573,1.5,1.5
18.567,4.1085,-0.0253,-0.0109,0.4999,-0.002,0.4737,0.0,2.573,1.5,1.5
18.567,4.1085,-0.0253,-0.0109,0.4999,-0.002,0.4737,0.0,2.573,1.5,1.5
18.583,4.1168,-0.0254,-0.0109,0.5,-0.0013,0.5,0.0,2.573,1.5,1.5
18.583,4.1168,-0.0254,-0.0109,0.5,-0.0013,0.5,0.0,2.573,1.5,1.5
18.583,4.1168,-0.0254,-0.0109,0.5,-0.0013,0.5,0.0,2.573,1.5,1.5
18.617,4.1335,-0.0255,-0.0109,0.5001,-0.0012,0.5,0.0,2.573,1.5,1.5
18.633,4.1419,-0.0256,-0.0109,0.5002,-0.0009,0.5,0.0,2.631,1.5,1.5
18.633,4.1419,-0.0256,-0.0109,0.5002,-0.0009,0.5,0.0,2.631,1.5,1.5
18.633,4.1419,-0.0256,-0.0109,0.5002,-0.0009,0.5,0.0,2.631,1.5,1.5
18.667,4.1585,-0.0258,-0.0109,0.5004,-0.0005,0.5,0.0,2.631,1.5,1.5
18.667,4.1585,-0.0258,-0.0109,0.5004,-0.0005,0.5,0.0,2.631,1.5,1.5
18.667,4.1585,-0.0258,-0.0109,0.5004,-0.0005,0.5,0.0,2.631,1.5,1.5
18.683,4.1667,-0.0259,-0.0109,0.4796,0.0003,0.5,0.0,2.631,1.5,1.5
18.683,4.1667,-0.0259,-0.0109,0.4796,0.0003,0.5,0.0,2.631,1.5,1.5
18.7,4.1746,-0.026,-0.0109,0.4752,-0.0003,0.5,0.0,2.631,1.5,1.5
18.7,4.1746,-0.026,-0.0109,0.4752,-0.0003,0.5,0.0,2.631,1.5,1.5
18.7,4.1746,-0.026,-0.0109,0.4752,-0.0003,0.5,0.0,2.505,1.5,1.5
18.733,4.1911,-0.0262,-0.0108,0.4994,0.0009,0.5,0.0,2.505,1.5,1.5
18.75,4.1994,-0.0263,-0.0108,0.5003,0.0003,0.4737,0.0,2.505,1.5,1.5
18.75,4.1994,-0.0263,-0.0108,0.5003,0.0003,0.4737,0.0,2.505,1.5,1.5
18.75,4.1994,-0.0263,-0.0108,0.5003,0.0003,0.4737,0.0,2.505,1.5,1.5
18.783,4.2161,-0.0265,-0.0108,0.5007,0.0008,0.4737,0.0,2.505,1.5,1.5
18.783,4.2161,-0.0265,-0.0108,0.5007,0.0008,0.4737,0.0,2.505,1.5,1.5
18.8,4.2244,-0.0266,-0.0107,0.5007,0.0016,0.5,0.0,2.505,1.5,1.5
18.8,4.2244,-0.0266,-0.0107,0.5007,0.0016,0.5,0.0,2.505,1.5,1.5
18.833,4.2411,-0.0267,-0.0107,0.5009,0.0007,0.5,0.0,2.5247,1.5,1.5
18.833,4.2411,-0.0267,-0.0107,0.5009,0.0007,0.5,0.0,2.5247,1.5,1.5
18.85,4.2495,-0.0268,-0.0107,0.5008,0.0024,0.5,0.0,2.5247,1.5,1.5
18.85,4.2495,-0.0268,-0.0107,0.5008,0.0024,0.5,0.0,2.5247,1.5,1.5
18.867,4.2578,-0.0269,-0.0107,0.5008,0.0005,0.5,0.0,2.5247,1.5,1.5
18.867,4.2578,-0.0269,-0.0107,0.5008,0.0005,0.5,0.0,2.5247,1.5,1.5
18.9,4.2739,-0.0271,-0.0107,0.4755,0.0015,0.5,0.0,2.5247,1.5,1.5
18.9,4.2739,-0.0271,-0.0107,0.4755,0.0015,0.5,0.0,2.5247,1.5,1.5
18.917,4.2818,-0.0272,-0.0106,0.4745,0.0013,0.5,0.0,2.5247,1.5,1.5
18.917,4.2818,-0.0272,-0.0106,0.4745,0.0013,0.5,0.0,2.5204,1.5,1.5
18.917,4.2818,-0.0272,-0.0106,0.4745,0.0013,0.5,0.0,2.5204,1.5,1.5
18.95,4.2982,-0.0274,-0.0107,0.4992,0.0012,0.5,0.0,2.5204,1.5,1.5
18.967,4.3066,-0.0275,-0.0106,0.5003,0.0015,0.5,0.0,2.5204,1.5,1.5
18.967,4.3066,-0.0275,-0.0106,0.5003,0.0015,0.5,0.0,2.5204,1.5,1.5
18.967,4.3066,-0.0275,-0.0106,0.5003,0.0015,0.5,0.0,2.5204,1.5,1.5
19.0,4.3232,-0.0277,-0.0106,0.5004,0.0011,0.5,0.0,2.5204,1.5,1.5
19.0,4.3232,-0.0277,-0.0106,0.5004,0.0011,0.5,0.0,2.5204,1.5,1.5
19.017,4.3316,-0.0277,-0.0106,0.5003,0.0009,0.5,0.0,2.5204,1.5,1.5
19.033,4.3399,-0.0278,-0.0106,0.5002,0.0007,0.4737,0.0,2.5267,1.5,1.5
19.033,4.3399,-0.0278,-0.0106,0.5002,0.0007,0.4737,0.0,2.5267,1.5,1.5
19.033,4.3399,-0.0278,-0.0106,0.5002,0.0007,0.4737,0.0,2.5267,1.5,1.5
19.067,4.3566,-0.028,-0.0107,0.5001,0.0004,0.4737,0.0,2.5267,1.5,1.5
19.067,4.3566,-0.028,-0.0107,0.5001,0.0004,0.4737,0.0,2.5267,1.5,1.5
19.083,4.3649,-0.0281,-0.0106,0.5,0.0001,0.5,0.0,2.5267,1.5,1.5
19.083,4.3649,-0.0281,-0.0106,0.5,0.0001,0.5,0.0,2.5267,1.5,1.5
19.083,4.3649,-0.0281,-0.0106,0.5,0.0001,0.5,0.0,2.5267,1.5,1.5
19.117,4.3816,-0.0283,-0.0107,0.4999,-0.0003,0.5,0.0,2.5267,1.5,1.5
19.133,4.3899,-0.0284,-0.0107,0.4998,-0.0011,0.5,0.0,2.548,1.5,1.5
19.133,4.3899,-0.0284,-0.0107,0.4998,-0.0011,0.5,0.0,2.548,1.5,1.5
19.133,4.3899,-0.0284,-0.0107,0.4998,-0.0011,0.5,0.0,2.548,1.5,1.5
19.167,4.406,-0.0285,-0.0107,0.4745,-0.0011,0.5,0.0,2.548,1.5,1.5
19.167,4.406,-0.0285,-0.0107,0.4745,-0.0011,0.5,0.0,2.548,1.5,1.5
19.183,4.4139,-0.0286,-0.0107,0.4736,-0.0013,0.5,0.0,2.548,1.5,1.5
19.2,4.4217,-0.0287,-0.0108,0.4733,-0.0012,0.5,0.0,2.548,1.5,1.5
19.2,4.4217,-0.0287,-0.0108,0.4733,-0.0012,0.5,0.0,2.548,1.5,1.5
19.2,4.4217,-0.0287,-0.0108,0.4733,-0.0012,0.5,0.0,2.548,1.5,1.5
19.233,4.4381,-0.0288,-0.0108,0.4984,-0.0016,0.5,0.0,2.5721,1.5,1.5
19.233,4.4381,-0.0288,-0.0108,0.4984,-0.0016,0.5,0.0,2.5721,1.5,1.5
19.25,4.4464,-0.0289,-0.0108,0.4992,-0.002,0.5,0.0,2.5721,1.5,1.5
19.25,4.4464,-0.0289,-0.0108,0.4992,-0.002,0.5,0.0,2.5721,1.5,1.5
19.25,4.4464,-0.0289,-0.0108,0.4992,-0.002,0.5,0.0,2.5721,1.5,1.5
19.283,4.4631,-0.0291,-0.0109,0.4995,-0.0013,0.5,0.0,2.5721,1.5,1.5
19.3,4.4714,-0.0292,-0.0109,0.4996,-0.0018,0.5,0.0,2.5721,1.5,1.5
19.3,4.4714,-0.0292,-0.0109,0.4996,-0.0018,0.5,0.0,2.5721,1.5,1.5
19.3,4.4714,-0.0292,-0.0109,0.4996,-0.0018,0.5,0.0,2.5721,1.5,1.5
19.333,4.4881,-0.0294,-0.0109,0.4997,-0.0019,0.5,0.0,2.5074,1.5,1.5
19.333,4.4881,-0.0294,-0.0109,0.4997,-0.0019,0.5,0.0,2.5074,1.5,1.5
19.35,4.4964,-0.0294,-0.0109,0.4997,-0.0011,0.5,0.0,2.5074,1.5,1.5
19.367,4.5047,-0.0295,-0.0109,0.4998,-0.0015,0.5,0.0,2.5074,1.5,1.5
19.367,4.5047,-0.0295,-0.0109,0.4998,-0.0015,0.5,0.0,2.5074,1.5,1.5
19.367,4.5047,-0.0295,-0.0109,0.4998,-0.0015,0.5,0.0,2.5074,1.5,1.5
19.4,4.5214,-0.0297,-0.0109,0.5,-0.0015,0.5,0.0,2.5074,1.5,1.5
19.417,4.5298,-0.0298,-0.0109,0.5,-0.0014,0.5,0.0,2.5074,1.5,1.5
19.417,4.5298,-0.0298,-0.0109,0.5,-0.0014,0.5,0.0,2.529,1.5,1.5
19.417,4.5298,-0.0298,-0.0109,0.5,-0.0014,0.4737,0.0,2.529,1.5,1.5
19.45,4.5464,-0.03,-0.0109,0.5002,-0.001,0.4737,0.0,2.529,1.5,1.5
19.45,4.5464,-0.03,-0.0109,0.5002,-0.001,0.4737,0.0,2.529,1.5,1.5
19.467,4.5548,-0.0301,-0.0109,0.5003,-0.0008,0.4737,0.0,2.529,1.5,1.5
19.467,4.5548,-0.0301,-0.0109,0.5003,-0.0008,0.5,0.0,2.529,1.5,1.5
19.467,4.5548,-0.0301,-0.0109,0.5003,-0.0008,0.5,0.0,2.529,1.5,1.5
19.5,4.5715,-0.0303,-0.0109,0.5004,-0.0003,0.5,0.0,2.529,1.5,1.5
19.517,4.5798,-0.0304,-0.0109,0.5004,-0.0001,0.5,0.0,2.529,1.5,1.5
19.517,4.5798,-0.0304,-0.0109,0.5004,-0.0001,0.5,0.0,2.5343,1.5,1.5
19.533,4.5881,-0.0305,-0.0109,0.5005,0.0001,0.5,0.0,2.5343,1.5,1.5
19.533,4.5881,-0.0305,-0.0109,0.5005,0.0001,0.5,0.0,2.5343,1.5,1.5
19.533,4.5881,-0.0305,-0.0109,0.5005,0.0001,0.5,0.0,2.5343,1.5,1.5
19.567,4.6046,-0.0306,-0.0109,0.4798,0.0011,0.5,0.0,2.5343,1.5,1.5
19.583,4.6126,-0.0307,-0.0108,0.4754,0.0003,0.5,0.0,2.5343,1.5,1.5
19.583,4.6126,-0.0307,-0.0108,0.4754,0.0003,0.5,0.0,2.5343,1.5,1.5
19.583,4.6126,-0.0307,-0.0108,0.4754,0.0003,0.5,0.0,2.5343,1.5,1.5
19.617,4.629,-0.0309,-0.0108,0.4996,0.0011,0.5,0.0,2.5343,1.5,1.5
19.633,4.6373,-0.031,-0.0108,0.5005,-0.0001,0.5,0.0,2.5087,1.5,1.5
19.633,4.6373,-0.031,-0.0108,0.5005,-0.0001,0.4737,0.0,2.5087,1.5,1.5
19.633,4.6373,-0.031,-0.0108,0.5005,-0.0001,0.4737,0.0,2.5087,1.5,1.5
19.633,4.6373,-0.031,-0.0108,0.5005,-0.0001,0.4737,0.0,2.5087,1.5,1.5
19.667,4.654,-0.0312,-0.0107,0.5008,0.0023,0.4737,0.0,2.5087,1.5,1.5
19.667,4.654,-0.0312,-0.0107,0.5008,0.0023,0.4737,0.0,2.5087,1.5,1.5
19.683,4.6624,-0.0313,-0.0107,0.5008,0.0004,0.5,0.0,2.5087,1.5,1.5
19.7,4.6707,-0.0314,-0.0107,0.5009,0.001,0.5,0.0,2.5087,1.5,1.5
19.7,4.6707,-0.0314,-0.0107,0.5009,0.001,0.5,0.0,2.5087,1.5,1.5
19.7,4.6707,-0.0314,-0.0107,0.5009,0.001,0.5,0.0,2.5087,1.5,1.5
19.733,4.6874,-0.0316,-0.0107,0.5007,0.0013,0.5,0.0,2.4841,1.5,1.5
19.733,4.6874,-0.0316,-0.0107,0.5007,0.0013,0.5,0.0,2.4841,1.5,1.5
19.75,4.6958,-0.0317,-0.0107,0.5006,0.0017,0.4737,0.0,2.4841,1.5,1.5
19.75,4.6958,-0.0317,-0.0107,0.5006,0.0017,0.4737,0.0,2.4841,1.5,1.5
19.75,4.6958,-0.0317,-0.0107,0.5006,0.0017,0.4737,0.0,2.4841,1.5,1.5
19.783,4.7119,-0.0319,-0.0107,0.4753,0.0012,0.4737,0.0,2.4841,1.5,1.5
19.8,4.7198,-0.0319,-0.0107,0.4744,0.0012,0.5,0.0,2.4841,1.5,1.5
19.8,4.7198,-0.0319,-0.0107,0.4744,0.0012,0.5,0.0,2.4841,1.5,1.5
19.8,4.7198,-0.0319,-0.0107,0.4744,0.0012,0.5,0.0,2.4841,1.5,1.5
19.833,4.7362,-0.0321,-0.0107,0.499,0.0001,0.5,0.0,2.5895,1.5,1.5
19.833,4.7362,-0.0321,-0.0107,0.499,0.0001,0.5,0.0,2.5895,1.5,1.5
19.85,4.7445,-0.0322,-0.0107,0.5,0.0011,0.5,0.0,2.5895,1.5,1.5
19.867,4.7528,-0.0323,-0.0107,0.5002,0.0006,0.5,0.0,2.5895,1.5,1.5
19.867,4.7528,-0.0323,-0.0107,0.5002,0.0006,0.5,0.0,2.5895,1.5,1.5
19.867,4.7528,-0.0323,-0.0107,0.5002,0.0006,0.5,0.0,2.5895,1.5,1.5
19.9,4.7689,-0.0325,-0.0107,0.4749,-0.0,0.5,0.0,2.5895,1.5,1.5
19.9,4.7689,-0.0325,-0.0107,0.4749,-0.0,0.5,0.0,2.5895,1.5,1.5
19.917,4.7768,-0.0325,-0.0107,0.4738,-0.0,0.5,0.0,2.5895,1.5,1.5
19.917,4.7768,-0.0325,-0.0107,0.4738,-0.0,0.5,0.0,2.5662,1.5,1.5
19.917,4.7768,-0.0325,-0.0107,0.4738,-0.0,0.5,0.0,2.5662,1.5,1.5
19.95,4.7932,-0.0327,-0.0107,0.4988,-0.0012,0.5,0.0,2.5662,1.5,1.5
19.967,4.8015,-0.0328,-0.0108,0.4995,-0.0002,0.4737,0.0,2.5662,1.5,1.5
19.967,4.8015,-0.0328,-0.0108,0.4995,-0.0002,0.4737,0.0,2.5662,1.5,1.5
19.967,4.8015,-0.0328,-0.0108,0.4995,-0.0002,0.5,0.0,2.5662,1.5,1.5
20.0,4.8181,-0.033,-0.0108,0.4996,-0.0006,0.5,0.0,2.5662,1.5,1.5
20.0,4.8181,-0.033,-0.0108,0.4996,-0.0006,0.5,0.0,2.5662,1.5,1.5
20.017,4.8265,-0.033,-0.0108,0.4997,-0.0021,0.5,0.0,2.5662,1.5,1.5
20.033,4.8348,-0.0331,-0.0108,0.4995,-0.0004,0.5,0.0,2.5583,1.5,1.5
20.033,4.8348,-0.0331,-0.0108,0.4995,-0.0004,0.5,0.0,2.5583,1.5,1.5
20.033,4.8348,-0.0331,-0.0108,0.4995,-0.0004,0.5,0.0,2.5583,1.5,1.5
20.067,4.8515,-0.0333,-0.0109,0.4995,-0.0017,0.5,0.0,2.5583,1.5,1.5
20.067,4.8515,-0.0333,-0.0109,0.4995,-0.0017,0.5,0.0,2.5583,1.5,1.5
20.083,4.8598,-0.0334,-0.0109,0.4995,-0.0011,0.5,0.0,2.5583,1.5,1.5
20.083,4.8598,-0.0334,-0.0109,0.4995,-0.0011,0.5,0.0,2.5583,1.5,1.5
20.083,4.8598,-0.0334,-0.0109,0.4995,-0.0011,0.5,0.0,2.5583,1.5,1.5
20.117,4.8764,-0.0336,-0.0109,0.4996,-0.0018,0.5,0.0,2.5583,1.5,1.5
20.117,4.8764,-0.0336,-0.0109,0.4996,-0.0018,0.5,0.0,2.4953,1.5,1.5
20.133,4.8848,-0.0336,-0.0109,0.4996,-0.0018,0.5,0.0,2.4953,1.5,1.5
20.133,4.8848,-0.0336,-0.0109,0.4996,-0.0018,0.4737,0.0789,2.4953,1.5,1.5
20.167,4.9014,-0.0338,-0.011,0.4997,-0.0018,0.4737,0.0789,2.4953,1.5,1.5
20.167,4.9014,-0.0338,-0.011,0.4997,-0.0018,0.4737,0.0789,2.4953,1.5,1.5
20.183,4.9098,-0.0339,-0.011,0.4998,-0.0019,0.4737,0.0789,2.4953,1.5,1.5
20.183,4.9098,-0.0339,-0.011,0.4998,-0.0019,0.4737,0.0789,2.4953,1.5,1.5
20.2,4.9181,-0.034,-0.011,0.4999,-0.0015,0.5,0.0789,2.4953,1.5,1.5
20.2,4.9181,-0.034,-0.011,0.4999,-0.0015,0.5,0.0789,2.4953,1.5,1.5
20.2,4.9181,-0.034,-0.011,0.4999,-0.0015,0.5,0.0789,2.4953,1.5,1.5
20.2,4.9181,-0.034,-0.011,0.4999,-0.0015,0.5,0.0789,2.4984,1.5,1.5
20.233,4.9348,-0.0342,-0.011,0.5,-0.0014,0.5,0.0789,2.4984,1.5,1.5
20.25,4.9431,-0.0343,-0.011,0.5001,-0.0012,0.5,0.0789,2.4984,1.5,1.5
20.25,4.9431,-0.0343,-0.011,0.5001,-0.0012,0.5,0.0789,2.4984,1.5,1.5
20.25,4.9431,-0.0343,-0.011,0.5001,-0.0012,0.5,0.0789,2.4984,1.5,1.5
20.283,4.9592,-0.0345,-0.0106,0.4777,0.0042,0.5,0.0789,2.4984,1.5,1.5
20.283,4.9592,-0.0345,-0.0106,0.4777,0.0042,0.5,0.0789,2.4984,1.5,1.5
20.3,4.9672,-0.0347,-0.0102,0.4756,0.0082,0.5,0.0789,2.4984,1.5,1.5
20.3,4.9672,-0.0347,-0.0102,0.4756,0.0082,0.5,0.0789,2.4984,1.5,1.5
20.3,4.9672,-0.0347,-0.0102,0.4756,0.0082,0.5,0.0789,2.5104,1.5,1.5
20.333,4.9836,-0.0349,-0.0094,0.5001,0.0132,0.5,0.0789,2.5104,1.5,1.5
20.35,4.992,-0.0351,-0.009,0.5008,0.0158,0.5,0.0789,2.5104,1.5,1.5
20.35,4.992,-0.0351,-0.009,0.5008,0.0158,0.5,0.0789,2.5104,1.5,1.5
20.367,5.0003,-0.0352,-0.0085,0.5016,0.0181,0.4737,0.0789,2.5104,1.5,1.5
20.367,5.0003,-0.0352,-0.0085,0.5016,0.0181,0.4737,0.0789,2.5104,1.5,1.5
20.367,5.0003,-0.0352,-0.0085,0.5016,0.0181,0.4737,0.0789,2.5104,1.5,1.5
20.4,5.017,-0.0355,-0.0073,0.5017,0.0222,0.4737,0.0789,2.5104,1.5,1.5
20.417,5.0254,-0.0357,-0.0068,0.5014,0.0178,0.5,0.0789,2.5104,1.5,1.5
20.417,5.0254,-0.0357,-0.0068,0.5014,0.0178,0.5,0.0789,2.4926,1.5,1.5
20.417,5.0254,-0.0357,-0.0068,0.5014,0.0178,0.5,0.0,2.4926,1.5,1.5
20.45,5.0421,-0.036,-0.0056,0.5016,0.0262,0.5,0.0,2.4926,1.5,1.5
20.45,5.0421,-0.036,-0.0056,0.5016,0.0262,0.5,0.0,2.4926,1.5,1.5
20.467,5.0504,-0.0362,-0.0049,0.5005,0.0273,0.5,0.0789,2.4926,1.5,1.5
20.467,5.0504,-0.0362,-0.0049,0.5005,0.0273,0.5,0.0789,2.4926,1.5,1.5
20.467,5.0504,-0.0362,-0.0049,0.5005,0.0273,0.5,0.0789,2.4926,1.5,1.5
20.5,5.0669,-0.0364,-0.0035,0.4827,0.0335,0.5,0.0789,2.4926,1.5,1.5
20.517,5.0749,-0.0366,-0.0027,0.4752,0.0286,0.5,0.0263,2.4926,1.5,1.5
20.517,5.0749,-0.0366,-0.0027,0.4752,0.0286,0.5,0.0263,2.5392,1.5,1.5
20.533,5.0828,-0.0367,-0.002,0.4742,0.0351,0.5,0.0263,2.5392,1.5,1.5
20.533,5.0828,-0.0367,-0.002,0.4742,0.0351,0.4737,0.0263,2.5392,1.5,1.5
20.567,5.0992,-0.0369,0.0,0.499,0.0398,0.4737,0.0263,2.5392,1.5,1.5
20.567,5.0992,-0.0369,0.0,0.499,0.0398,0.4737,0.0263,2.5392,1.5,1.5
20.583,5.1075,-0.037,0.0,0.5004,0.0364,0.4737,0.0263,2.5392,1.5,1.5
20.583,5.1075,-0.037,0.0,0.5004,0.0364,0.5,0.0263,2.5392,1.5,1.5
20.583,5.1075,-0.037,0.0,0.5004,0.0364,0.5,0.0263,2.5392,1.5,1.5
20.617,5.1242,-0.0373,0.0012,0.5016,0.0445,0.5,0.0263,2.5392,1.5,1.5
20.633,5.1326,-0.0374,0.0021,0.5003,0.0393,0.5,0.0263,2.5298,1.5,1.5
20.633,5.1326,-0.0374,0.0021,0.5003,0.0393,0.5,0.0263,2.5298,1.5,1.5
20.633,5.1326,-0.0374,0.0021,0.5003,0.0393,0.4737,0.0,2.5298,1.5,1.5
20.667,5.1493,-0.0375,0.0035,0.5004,0.039,0.4737,0.0,2.5298,1.5,1.5
20.667,5.1493,-0.0375,0.0035,0.5004,0.039,0.4737,0.0,2.5298,1.5,1.5
20.683,5.1574,-0.0376,0.0041,0.4808,0.0414,0.4737,0.0,2.5298,1.5,1.5
20.683,5.1574,-0.0376,0.0041,0.4808,0.0414,0.4737,0.0,2.5298,1.5,1.5
20.7,5.1653,-0.0376,0.0047,0.476,0.0403,0.5,0.0,2.5298,1.5,1.5
20.7,5.1653,-0.0376,0.0047,0.476,0.0403,0.5,0.0,2.5298,1.5,1.5
20.7,5.1653,-0.0376,0.0047,0.476,0.0403,0.5,0.0,2.5915,1.5,1.5
20.733,5.1817,-0.0377,0.0061,0.4985,0.0375,0.5,0.0,2.5915,1.5,1.5
20.75,5.19,-0.0378,0.0066,0.4997,0.0374,0.5,0.0,2.5915,1.5,1.5
20.75,5.19,-0.0378,0.0066,0.4997,0.0374,0.5,0.0,2.5915,1.5,1.5
20.75,5.19,-0.0378,0.0066,0.4997,0.0374,0.5,0.0,2.5915,1.5,1.5
20.783,5.2061,-0.0378,0.0076,0.4749,0.03,0.5,0.0,2.5915,1.5,1.5
20.8,5.214,-0.0378,0.0081,0.4741,0.0298,0.5,0.0,2.5915,1.5,1.5
20.8,5.214,-0.0378,0.0081,0.4741,0.0298,0.5,0.0,2.5915,1.5,1.5
20.8,5.214,-0.0378,0.0081,0.4741,0.0298,0.5,0.0263,2.5915,1.5,1.5
20.833,5.23,-0.0378,0.009,0.4933,0.0249,0.5,0.0263,2.5444,1.5,1.5
20.833,5.23,-0.0378,0.009,0.4933,0.0249,0.5,0.0263,2.5444,1.5,1.5
20.85,5.2383,-0.0378,0.0094,0.4981,0.029,0.4737,0.0263,2.5444,1.5,1.5
20.867,5.2466,-0.0378,0.0098,0.499,0.0268,0.4737,0.0263,2.5444,1.5,1.5
20.867,5.2466,-0.0378,0.0098,0.499,0.0268,0.4737,0.0263,2.5444,1.5,1.5
20.867,5.2466,-0.0378,0.0098,0.499,0.0268,0.4737,0.0263,2.5444,1.5,1.5
20.9,5.2632,-0.0377,0.0106,0.4997,0.0238,0.4737,0.0263,2.5444,1.5,1.5
20.9,5.2632,-0.0377,0.0106,0.4997,0.0238,0.4737,0.0263,2.5444,1.5,1.5
20.917,5.2716,-0.0377,0.011,0.4998,0.0236,0.5,0.0263,2.5444,1.5,1.5
20.917,5.2716,-0.0377,0.011,0.4998,0.0236,0.5,0.0263,2.6058,1.5,1.5
20.917,5.2716,-0.0377,0.011,0.4998,0.0236,0.5,0.0263,2.6058,1.5,1.5
20.95,5.2882,-0.0376,0.0118,0.5001,0.0271,0.5,0.0263,2.6058,1.5,1.5
20.967,5.2964,-0.0376,0.0123,0.48,0.0245,0.5,0.0263,2.6058,1.5,1.5
20.967,5.2964,-0.0376,0.0123,0.48,0.0245,0.5,0.0263,2.6058,1.5,1.5
20.967,5.2964,-0.0376,0.0123,0.48,0.0245,0.5,0.0263,2.6058,1.5,1.5
21.0,5.3122,-0.0376,0.0131,0.4747,0.0236,0.5,0.0263,2.6058,1.5,1.5
21.0,5.3122,-0.0376,0.0131,0.4747,0.0236,0.5,0.0263,2.6058,1.5,1.5
21.017,5.3201,-0.0375,0.0135,0.4743,0.0262,0.5,0.0263,2.6058,1.5,1.5
21.033,5.328,-0.0375,0.014,0.4743,0.0249,0.5,0.0263,2.6078,1.5,1.5
21.033,5.328,-0.0375,0.014,0.4743,0.0249,0.5,0.0263,2.6078,1.5,1.5
21.033,5.328,-0.0375,0.014,0.4743,0.0249,0.5,0.0263,2.6078,1.5,1.5
21.067,5.3444,-0.0374,0.015,0.4979,0.0293,0.5,0.0263,2.6078,1.5,1.5
21.067,5.3444,-0.0374,0.015,0.4979,0.0293,0.5,0.0263,2.6078,1.5,1.5
21.083,5.3528,-0.0373,0.0155,0.4996,0.0275,0.4737,0.0263,2.6078,1.5,1.5
21.083,5.3528,-0.0373,0.0155,0.4996,0.0275,0.5,0.0263,2.6078,1.5,1.5
21.083,5.3528,-0.0373,0.0155,0.4996,0.0275,0.5,0.0263,2.6078,1.5,1.5
21.117,5.3694,-0.0372,0.0165,0.5008,0.0287,0.5,0.0263,2.6078,1.5,1.5
21.133,5.3778,-0.0372,0.017,0.5007,0.0301,0.5,0.0263,2.6137,1.5,1.5
21.133,5.3778,-0.0372,0.017,0.5007,0.0301,0.5,0.0263,2.6137,1.5,1.5
21.133,5.3778,-0.0372,0.017,0.5007,0.0301,0.5,0.0263,2.6137,1.5,1.5
21.167,5.3945,-0.037,0.0181,0.5007,0.0276,0.5,0.0263,2.6137,1.5,1.5
21.167,5.3945,-0.037,0.0181,0.5007,0.0276,0.5,0.0263,2.6137,1.5,1.5
21.183,5.4028,-0.037,0.0186,0.5007,0.0289,0.5,0.0263,2.6137,1.5,1.5
21.2,5.4112,-0.0369,0.0191,0.5007,0.0286,0.5,0.0263,2.6137,1.5,1.5
21.2,5.4112,-0.0369,0.0191,0.5007,0.0286,0.5,0.0263,2.6137,1.5,1.5
21.2,5.4112,-0.0369,0.0191,0.5007,0.0286,0.5,0.0263,2.6137,1.5,1.5
21.233,5.4279,-0.0367,0.0201,0.5008,0.0293,0.5,0.0263,2.586,1.5,1.5
21.233,5.4279,-0.0367,0.0201,0.5008,0.0293,0.5,0.0263,2.586,1.5,1.5
21.25,5.4362,-0.0366,0.0206,0.5008,0.0296,0.5,0.0263,2.586,1.5,1.5
21.25,5.4362,-0.0366,0.0206,0.5008,0.0296,0.4737,0.0263,2.586,1.5,1.5
21.283,5.4529,-0.0364,0.0217,0.5009,0.03,0.5,0.0263,2.586,1.5,1.5
21.283,5.4529,-0.0364,0.0217,0.5009,0.03,0.5,0.0263,2.586,1.5,1.5
21.3,5.4613,-0.0363,0.0222,0.5009,0.0303,0.5,0.0263,2.586,1.5,1.5
21.3,5.4613,-0.0363,0.0222,0.5009,0.0303,0.5,0.0263,2.586,1.5,1.5
21.3,5.4613,-0.0363,0.0222,0.5009,0.0303,0.5,0.0263,2.586,1.5,1.5
21.333,5.478,-0.0361,0.0232,0.5009,0.0302,0.5,0.0263,2.5508,1.5,1.5
21.333,5.478,-0.0361,0.0232,0.5009,0.0302,0.5,0.0263,2.5508,1.5,1.5
21.35,5.4863,-0.036,0.0237,0.5008,0.0302,0.5,0.0263,2.5508,1.5,1.5
21.367,5.4947,-0.0359,0.0242,0.5008,0.0301,0.4737,0.0263,2.5508,1.5,1.5
21.367,5.4947,-0.0359,0.0242,0.5008,0.0301,0.4737,0.0263,2.5508,1.5,1.5
21.367,5.4947,-0.0359,0.0242,0.5008,0.0301,0.4737,0.0263,2.5508,1.5,1.5
21.4,5.511,-0.0356,0.0252,0.4957,0.0296,0.4737,0.0263,2.5508,1.5,1.5
21.417,5.5193,-0.0355,0.0257,0.4991,0.0289,0.5,0.0263,2.5508,1.5,1.5
21.417,5.5193,-0.0355,0.0257,0.4991,0.0289,0.5,0.0263,2.5472,1.5,1.5
21.417,5.5193,-0.0355,0.0257,0.4991,0.0289,0.5,0.0263,2.5472,1.5,1.5
21.45,5.5359,-0.0352,0.0267,0.5004,0.0299,0.5,0.0263,2.5472,1.5,1.5
21.45,5.5359,-0.0352,0.0267,0.5004,0.0299,0.5,0.0263,2.5472,1.5,1.5
21.467,5.5443,-0.0351,0.0272,0.5004,0.0296,0.5,0.0263,2.5472,1.5,1.5
21.467,5.5443,-0.0351,0.0272,0.5004,0.0296,0.5,0.0263,2.5472,1.5,1.5
21.467,5.5443,-0.0351,0.0272,0.5004,0.0296,0.5,0.0263,2.5472,1.5,1.5
21.5,5.5607,-0.0347,0.0281,0.4794,0.0279,0.5,0.0263,2.5472,1.5,1.5
21.5,5.5607,-0.0347,0.0281,0.4794,0.0279,0.5,-0.0263,2.5472,1.5,1.5
21.517,5.5687,-0.0346,0.0286,0.475,0.0274,0.5,-0.0263,2.5472,1.5,1.5
21.533,5.5768,-0.0344,0.029,0.4947,0.0299,0.5,-0.0263,2.5387,1.5,1.5
21.533,5.5768,-0.0344,0.029,0.4947,0.0299,0.5,-0.0789,2.5387,1.5,1.5
21.533,5.5768,-0.0344,0.029,0.4947,0.0299,0.5,-0.0789,2.5387,1.5,1.5
21.567,5.5934,-0.0341,0.03,0.4998,0.0287,0.5,-0.0789,2.5387,1.5,1.5
21.567,5.5934,-0.0341,0.03,0.4998,0.0287,0.5,-0.0789,2.5387,1.5,1.5
21.567,5.5934,-0.0341,0.03,0.4998,0.0287,0.5,-0.0789,2.5387,1.5,1.5
21.583,5.6017,-0.0339,0.0304,0.4998,0.0284,0.5,-0.0789,2.5387,1.5,1.5
21.583,5.6017,-0.0339,0.0304,0.4998,0.0284,0.5,-0.0789,2.5387,1.5,1.5
21.583,5.6017,-0.0339,0.0304,0.4998,0.0284,0.5,-0.0789,2.5387,1.5,1.5
21.617,5.6184,-0.0335,0.0312,0.4996,0.0238,0.5,-0.0789,2.5387,1.5,1.5
21.633,5.6267,-0.0333,0.0315,0.4998,0.0215,0.5,-0.0789,2.4801,1.5,1.5
21.633,5.6267,-0.0333,0.0315,0.4998,0.0215,0.5,-0.0789,2.4801,1.5,1.5
21.633,5.6267,-0.0333,0.0315,0.4998,0.0215,0.5,-0.0789,2.4801,1.5,1.5
21.667,5.6433,-0.0327,0.0315,0.5,0.0086,0.5,-0.0789,2.4801,1.5,1.5
21.667,5.6433,-0.0327,0.0315,0.5,0.0086,0.5,-0.0789,2.4801,1.5,1.5
21.683,5.6517,-0.0325,0.0314,0.5005,0.0061,0.5,-0.0789,2.4801,1.5,1.5
21.7,5.66,-0.0322,0.0312,0.4994,0.0053,0.5,-0.0789,2.4801,1.5,1.5
21.7,5.66,-0.0322,0.0312,0.4994,0.0053,0.5,-0.0789,2.4801,1.5,1.5
21.7,5.66,-0.0322,0.0312,0.4994,0.0053,0.5,-0.0789,2.4801,1.5,1.5
21.733,5.6766,-0.0316,0.0308,0.4999,-0.0029,0.5,-0.0263,2.5142,1.5,1.5
21.733,5.6766,-0.0316,0.0308,0.4999,-0.0029,0.5,-0.0263,2.5142,1.5,1.5
21.75,5.685,-0.0313,0.0305,0.4997,-0.0046,0.5,-0.0789,2.5142,1.5,1.5
21.75,5.685,-0.0313,0.0305,0.4997,-0.0046,0.4737,-0.0263,2.5142,1.5,1.5
21.75,5.685,-0.0313,0.0305,0.4997,-0.0046,0.4737,-0.0263,2.5142,1.5,1.5
21.783,5.7016,-0.0307,0.0298,0.4998,-0.0085,0.4737,-0.0263,2.5142,1.5,1.5
21.8,5.7099,-0.0304,0.0295,0.4999,-0.0151,0.5,-0.0263,2.5142,1.5,1.5
21.8,5.7099,-0.0304,0.0295,0.4999,-0.0151,0.5,-0.0263,2.5142,1.5,1.5
21.8,5.7099,-0.0304,0.0295,0.4999,-0.0151,0.5,-0.0263,2.5142,1.5,1.5
21.833,5.7266,-0.0297,0.0286,0.4992,-0.0145,0.5,-0.0263,2.4908,1.5,1.5
21.833,5.7266,-0.0297,0.0286,0.4992,-0.0145,0.5,-0.0789,2.4908,1.5,1.5
21.85,5.7349,-0.0295,0.0283,0.4991,-0.0228,0.5,-0.0789,2.4908,1.5,1.5
21.867,5.7432,-0.0292,0.0279,0.4997,-0.0176,0.5,-0.0789,2.4908,1.5,1.5
21.867,5.7432,-0.0292,0.0279,0.4997,-0.0176,0.5,-0.0789,2.4908,1.5,1.5
21.867,5.7432,-0.0292,0.0279,0.4997,-0.0176,0.5,-0.0789,2.4908,1.5,1.5
21.9,5.7593,-0.0286,0.0273,0.4749,-0.0193,0.5,-0.0789,2.4908,1.5,1.5
21.9,5.7593,-0.0286,0.0273,0.4749,-0.0193,0.5,-0.0789,2.4908,1.5,1.5
21.917,5.7672,-0.0284,0.0269,0.4741,-0.0188,0.5,-0.0789,2.4908,1.5,1.5
21.917,5.7672,-0.0284,0.0269,0.4741,-0.0188,0.5,-0.0789,2.4832,1.5,1.5
21.917,5.7672,-0.0284,0.0269,0.4741,-0.0188,0.5,-0.0789,2.4832,1.5,1.5
21.95,5.7836,-0.0278,0.0262,0.4989,-0.0203,0.5,-0.0789,2.4832,1.5,1.5
21.95,5.7836,-0.0278,0.0262,0.4989,-0.0203,0.4737,-0.0789,2.4832,1.5,1.5
21.967,5.7919,-0.0275,0.0257,0.4998,-0.016,0.4737,-0.0789,2.4832,1.5,1.5
21.967,5.7919,-0.0275,0.0257,0.4998,-0.016,0.4737,-0.0789,2.4832,1.5,1.5
21.967,5.7919,-0.0275,0.0257,0.4998,-0.016,0.4737,-0.0789,2.4832,1.5,1.5
22.0,5.8086,-0.0269,0.0247,0.4995,-0.0152,0.4737,-0.0789,2.4832,1.5,1.5
22.0,5.8086,-0.0269,0.0247,0.4995,-0.0152,0.4737,-0.0789,2.4832,1.5,1.5
22.017,5.8169,-0.0266,0.0242,0.5001,-0.0211,0.5,-0.0789,2.4832,1.5,1.5
22.033,5.8252,-0.0264,0.0236,0.4999,-0.0212,0.5,-0.0789,2.619,1.5,1.5
22.033,5.8252,-0.0264,0.0236,0.4999,-0.0212,0.5,-0.0789,2.619,1.5,1.5
22.033,5.8252,-0.0264,0.0236,0.4999,-0.0212,0.5,-0.0789,2.619,1.5,1.5
22.067,5.8419,-0.0258,0.0223,0.4994,-0.0242,0.5,-0.0789,2.619,1.5,1.5
22.067,5.8419,-0.0258,0.0223,0.4994,-0.0242,0.5,-0.0789,2.619,1.5,1.5
22.083,5.85,-0.0255,0.0216,0.4815,-0.0251,0.5,-0.0789,2.619,1.5,1.5
22.083,5.85,-0.0255,0.0216,0.4815,-0.0251,0.5,-0.0789,2.619,1.5,1.5
22.083,5.85,-0.0255,0.0216,0.4815,-0.0251,0.5,-0.0789,2.619,1.5,1.5
22.117,5.8659,-0.0249,0.0202,0.475,-0.0247,0.5,-0.0789,2.619,1.5,1.5
22.133,5.8738,-0.0247,0.0195,0.4753,-0.0438,0.5,-0.0789,2.5376,1.5,1.5
22.133,5.8738,-0.0247,0.0195,0.4753,-0.0438,0.5,-0.0789,2.5376,1.5,1.5
22.133,5.8738,-0.0247,0.0195,0.4753,-0.0438,0.5,-0.0789,2.5376,1.5,1.5
22.167,5.8902,-0.0241,0.0178,0.5008,-0.0482,0.5,-0.0789,2.5376,1.5,1.5
22.167,5.8902,-0.0241,0.0178,0.5008,-0.0482,0.5,-0.0789,2.5376,1.5,1.5
22.183,5.8985,-0.0238,0.0169,0.5016,-0.0445,0.5,-0.0789,2.5376,1.5,1.5
22.2,5.9069,-0.0236,0.0161,0.502,-0.0464,0.5,-0.0789,2.5376,1.5,1.5
22.2,5.9069,-0.0236,0.0161,0.502,-0.0464,0.5,-0.0789,2.5376,1.5,1.5
22.2,5.9069,-0.0236,0.0161,0.502,-0.0464,0.5,-0.0789,2.5376,1.5,1.5
22.233,5.9236,-0.023,0.0142,0.5018,-0.0487,0.5,-0.0789,2.5467,1.5,1.5
22.233,5.9236,-0.023,0.0142,0.5018,-0.0487,0.5,-0.0789,2.5467,1.5,1.5
22.25,5.932,-0.0228,0.0132,0.5017,-0.0517,0.5,-0.0789,2.5467,1.5,1.5
22.25,5.932,-0.0228,0.0132,0.5017,-0.0517,0.5,-0.0789,2.5467,1.5,1.5
22.283,5.9487,-0.0222,0.0112,0.5016,-0.0548,0.5,-0.0789,2.5467,1.5,1.5
22.283,5.9487,-0.0222,0.0112,0.5016,-0.0548,0.5,-0.0789,2.5467,1.5,1.5
22.3,5.957,-0.022,0.0101,0.5016,-0.0567,0.5,-0.0789,2.5467,1.5,1.5
22.3,5.957,-0.022,0.0101,0.5016,-0.0567,0.5,-0.0789,2.5467,1.5,1.5
22.3,5.957,-0.022,0.0101,0.5016,-0.0567,0.5,-0.0789,2.5467,1.5,1.5
22.333,5.9737,-0.0215,0.0079,0.5014,-0.06,0.5,-0.0789,2.6026,1.5,1.5
22.35,5.9821,-0.0213,0.0068,0.5013,-0.0618,0.5,-0.0789,2.6026,1.5,1.5
22.35,5.9821,-0.0213,0.0068,0.5013,-0.0618,0.5,-0.0789,2.6026,1.5,1.5
22.367,5.9904,-0.0211,0.0057,0.5013,-0.0634,0.4737,-0.0263,2.6026,1.5,1.5
22.367,5.9904,-0.0211,0.0057,0.5013,-0.0634,0.4737,-0.0263,2.6026,1.5,1.5
22.367,5.9904,-0.0211,0.0057,0.5013,-0.0634,0.4737,-0.0263,2.6026,1.5,1.5
22.4,6.0071,-0.0206,0.0032,0.4996,-0.0632,0.5,-0.0263,2.6026,1.5,1.5
22.417,6.0154,-0.0204,0.002,0.4991,-0.0665,0.5,-0.0263,2.6026,1.5,1.5
22.417,6.0154,-0.0204,0.002,0.4991,-0.0665,0.5,-0.0263,2.6463,1.5,1.5
22.417,6.0154,-0.0204,0.002,0.4991,-0.0665,0.5,-0.0263,2.6463,1.5,1.5
22.45,6.0321,-0.02,0.0,0.5002,-0.0749,0.5,0.0,2.6463,1.5,1.5
22.45,6.0321,-0.02,0.0,0.5002,-0.0749,0.5,0.0,2.6463,1.5,1.5
22.467,6.0404,-0.0198,-0.0015,0.4991,-0.0771,0.5,0.0,2.6463,1.5,1.5
22.467,6.0404,-0.0198,-0.0015,0.4991,-0.0771,0.5,0.0,2.6463,1.5,1.5
22.467,6.0404,-0.0198,-0.0015,0.4991,-0.0771,0.5,0.0,2.6463,1.5,1.5
22.5,6.0569,-0.0195,-0.004,0.4824,-0.073,0.5,0.0,2.6463,1.5,1.5
22.517,6.065,-0.0194,-0.0051,0.4933,-0.0734,0.5,0.0,2.6463,1.5,1.5
22.517,6.065,-0.0194,-0.0051,0.4933,-0.0734,0.5,0.0,2.6463,1.5,1.5
22.533,6.0733,-0.0193,-0.0062,0.4968,-0.0718,0.5,0.0,2.6699,1.5,1.5
22.533,6.0733,-0.0193,-0.0062,0.4968,-0.0718,0.5,0.0,2.6699,1.5,1.5
22.533,6.0733,-0.0193,-0.0062,0.4968,-0.0718,0.5,0.0,2.6699,1.5,1.5
22.567,6.0899,-0.0191,-0.0083,0.4993,-0.0726,0.5,0.0,2.6699,1.5,1.5
22.583,6.0982,-0.019,-0.0092,0.4981,-0.065,0.4737,0.0,2.6699,1.5,1.5
22.583,6.0982,-0.019,-0.0092,0.4981,-0.065,0.4737,0.0,2.6699,1.5,1.5
22.583,6.0982,-0.019,-0.0092,0.4981,-0.065,0.4737,0.0,2.6699,1.5,1.5
22.617,6.1149,-0.0189,-0.011,0.4997,-0.0635,0.4737,0.0,2.6699,1.5,1.5
22.617,6.1149,-0.0189,-0.011,0.4997,-0.0635,0.4737,0.0,2.5577,1.5,1.5
22.633,6.1232,-0.0189,-0.0119,0.4988,-0.0526,0.5,0.0,2.5577,1.5,1.5
22.633,6.1232,-0.0189,-0.0119,0.4988,-0.0526,0.5,0.0,2.5577,1.5,1.5
22.633,6.1232,-0.0189,-0.0119,0.4988,-0.0526,0.5,0.0,2.5577,1.5,1.5
22.667,6.1398,-0.0188,-0.0134,0.499,-0.0534,0.5,0.0,2.5577,1.5,1.5
22.683,6.1482,-0.0188,-0.0141,0.5,-0.0575,0.5,0.0,2.5577,1.5,1.5
22.683,6.1482,-0.0188,-0.0141,0.5,-0.0575,0.5,0.0,2.5577,1.5,1.5
22.7,6.1563,-0.0189,-0.0148,0.4787,-0.0417,0.5,0.0,2.5577,1.5,1.5
22.7,6.1563,-0.0189,-0.0148,0.4787,-0.0417,0.5,0.0,2.5577,1.5,1.5
22.7,6.1563,-0.0189,-0.0148,0.4787,-0.0417,0.5,0.0,2.5577,1.5,1.5
22.733,6.1722,-0.0189,-0.0161,0.4732,-0.0388,0.5,0.0,2.5451,1.5,1.5
22.75,6.18,-0.019,-0.0166,0.4734,-0.0354,0.5,0.0,2.5451,1.5,1.5
22.75,6.18,-0.019,-0.0166,0.4734,-0.0354,0.5,0.0,2.5451,1.5,1.5
22.75,6.18,-0.019,-0.0166,0.4734,-0.0354,0.4737,0.0,2.5451,1.5,1.5
22.783,6.1964,-0.0191,-0.0177,0.4986,-0.033,0.4737,0.0,2.5451,1.5,1.5
22.783,6.1964,-0.0191,-0.0177,0.4986,-0.033,0.4737,0.0,2.5451,1.5,1.5
22.8,6.2048,-0.0192,-0.0181,0.5,-0.0318,0.4737,0.0,2.5451,1.5,1.5
22.8,6.2048,-0.0192,-0.0181,0.5,-0.0318,0.5,0.0,2.5451,1.5,1.5
22.8,6.2048,-0.0192,-0.0181,0.5,-0.0318,0.5,0.0,2.5091,1.5,1.5
22.833,6.2214,-0.0193,-0.0191,0.5003,-0.0294,0.5,0.0,2.5091,1.5,1.5
22.85,6.2298,-0.0194,-0.0195,0.5005,-0.0286,0.5,0.0,2.5091,1.5,1.5
22.85,6.2298,-0.0194,-0.0195,0.5005,-0.0286,0.5,0.0,2.5091,1.5,1.5
22.867,6.2381,-0.0195,-0.0199,0.5005,-0.0281,0.4737,0.0,2.5091,1.5,1.5
22.867,6.2381,-0.0195,-0.0199,0.5005,-0.0281,0.4737,0.0,2.5091,1.5,1.5
22.867,6.2381,-0.0195,-0.0199,0.5005,-0.0281,0.4737,0.0,2.5091,1.5,1.5
22.9,6.2542,-0.0197,-0.0207,0.4753,-0.0255,0.4737,0.0,2.5091,1.5,1.5
22.917,6.2621,-0.0199,-0.021,0.4745,-0.0237,0.5,0.0,2.5091,1.5,1.5
22.917,6.2621,-0.0199,-0.021,0.4745,-0.0237,0.5,0.0,2.5091,1.5,1.5
22.917,6.2621,-0.0199,-0.021,0.4745,-0.0237,0.5,0.0,2.5149,1.5,1.5
22.95,6.2785,-0.0201,-0.0217,0.4991,-0.0245,0.5,0.0,2.5149,1.5,1.5
22.95,6.2785,-0.0201,-0.0217,0.4991,-0.0245,0.5,0.0,2.5149,1.5,1.5
22.967,6.2869,-0.0202,-0.0221,0.5003,-0.0227,0.5,0.0,2.5149,1.5,1.5
22.967,6.2869,-0.0202,-0.0221,0.5003,-0.0227,0.5,0.0,2.5149,1.5,1.5
22.967,6.2869,-0.0202,-0.0221,0.5003,-0.0227,0.5,0.0,2.5149,1.5,1.5
23.0,6.3033,-0.0205,-0.0227,0.4797,-0.0218,0.5,0.0,2.5149,1.5,1.5
23.017,6.3113,-0.0206,-0.023,0.4753,-0.0215,0.5,0.0263,2.5149,1.5,1.5
23.017,6.3113,-0.0206,-0.023,0.4753,-0.0215,0.5,0.0263,2.535,1.5,1.5
23.033,6.3194,-0.0208,-0.0233,0.4927,-0.0273,0.5,0.0263,2.535,1.5,1.5
23.033,6.3194,-0.0208,-0.0233,0.4927,-0.0273,0.5,0.0263,2.535,1.5,1.5
23.033,6.3194,-0.0208,-0.0233,0.4927,-0.0273,0.5,0.0263,2.535,1.5,1.5
23.067,6.336,-0.0211,-0.024,0.4997,-0.0234,0.5,0.0263,2.535,1.5,1.5
23.083,6.3443,-0.0212,-0.0243,0.5,-0.0218,0.5,0.0263,2.535,1.5,1.5
23.083,6.3443,-0.0212,-0.0243,0.5,-0.0218,0.4737,0.0263,2.535,1.5,1.5
23.083,6.3443,-0.0212,-0.0243,0.5,-0.0218,0.4737,0.0263,2.535,1.5,1.5
23.117,6.361,-0.0216,-0.0249,0.5,-0.0213,0.4737,0.0263,2.535,1.5,1.5
23.117,6.361,-0.0216,-0.0249,0.5,-0.0213,0.4737,0.0263,2.4386,1.5,1.5
23.133,6.3693,-0.0217,-0.0251,0.5,-0.0172,0.5,0.0263,2.4386,1.5,1.5
23.133,6.3693,-0.0217,-0.0251,0.5,-0.0172,0.5,0.0263,2.4386,1.5,1.5
23.133,6.3693,-0.0217,-0.0251,0.5,-0.0172,0.5,0.0263,2.4386,1.5,1.5
23.167,6.386,-0.0221,-0.0254,0.5,-0.014,0.5,0.0263,2.4386,1.5,1.5
23.183,6.3943,-0.0223,-0.0255,0.4999,-0.0144,0.5,0.0263,2.4386,1.5,1.5
23.183,6.3943,-0.0223,-0.0255,0.4999,-0.0144,0.5,0.0263,2.4386,1.5,1.5
23.2,6.4026,-0.0225,-0.0257,0.5,-0.0128,0.5,0.0263,2.4386,1.5,1.5
23.2,6.4026,-0.0225,-0.0257,0.5,-0.0128,0.5,0.0263,2.4386,1.5,1.5
23.2,6.4026,-0.0225,-0.0257,0.5,-0.0128,0.5,0.0263,2.4723,1.5,1.5
23.233,6.4187,-0.0229,-0.0258,0.4747,-0.0103,0.5,0.0263,2.4723,1.5,1.5
23.25,6.4266,-0.0231,-0.0259,0.4739,-0.0109,0.5,0.0263,2.4723,1.5,1.5
23.25,6.4266,-0.0231,-0.0259,0.4739,-0.0109,0.5,0.0263,2.4723,1.5,1.5
23.25,6.4266,-0.0231,-0.0259,0.4739,-0.0109,0.5,0.0263,2.4723,1.5,1.5
23.283,6.4429,-0.0235,-0.0261,0.498,-0.0097,0.5,0.0263,2.4723,1.5,1.5
23.283,6.4429,-0.0235,-0.0261,0.498,-0.0097,0.5,0.0263,2.4723,1.5,1.5
23.3,6.4512,-0.0237,-0.0261,0.4994,-0.0084,0.5,0.0263,2.4723,1.5,1.5
23.3,6.4512,-0.0237,-0.0261,0.4994,-0.0084,0.5,0.0263,2.4723,1.5,1.5
23.3,6.4512,-0.0237,-0.0261,0.4994,-0.0084,0.5,0.0263,2.4495,1.5,1.5
23.333,6.4679,-0.0241,-0.0261,0.4998,-0.0087,0.5,0.0263,2.4495,1.5,1.5
23.35,6.4762,-0.0243,-0.0261,0.4996,-0.0066,0.5,0.0263,2.4495,1.5,1.5
23.35,6.4762,-0.0243,-0.0261,0.4996,-0.0066,0.5,0.0263,2.4495,1.5,1.5
23.367,6.4845,-0.0245,-0.0261,0.4997,-0.0066,0.5,0.0263,2.4495,1.5,1.5
23.367,6.4845,-0.0245,-0.0261,0.4997,-0.0066,0.5,0.0263,2.4495,1.5,1.5
23.367,6.4845,-0.0245,-0.0261,0.4997,-0.0066,0.5,0.0263,2.4495,1.5,1.5
23.4,6.5012,-0.025,-0.026,0.4996,-0.0039,0.5,0.0263,2.4495,1.5,1.5
23.417,6.5095,-0.0252,-0.026,0.4996,-0.0023,0.5,0.0263,2.4495,1.5,1.5
23.417,6.5095,-0.0252,-0.026,0.4996,-0.0023,0.5,0.0263,2.4516,1.5,1.5
23.417,6.5095,-0.0252,-0.026,0.4996,-0.0023,0.5,0.0263,2.4516,1.5,1.5
23.45,6.5262,-0.0257,-0.0258,0.4997,-0.0006,0.5,0.0263,2.4516,1.5,1.5
23.467,6.5345,-0.0259,-0.0257,0.4998,0.0004,0.5,0.0263,2.4516,1.5,1.5
23.467,6.5345,-0.0259,-0.0257,0.4998,0.0004,0.5,0.0263,2.4516,1.5,1.5
23.467,6.5345,-0.0259,-0.0257,0.4998,0.0004,0.4737,0.0263,2.4516,1.5,1.5
23.5,6.5512,-0.0264,-0.0254,0.4999,0.0024,0.4737,0.0263,2.4516,1.5,1.5
23.5,6.5512,-0.0264,-0.0254,0.4999,0.0024,0.4737,0.0263,2.4516,1.5,1.5
23.517,6.5595,-0.0266,-0.0252,0.5,0.0033,0.5,0.0263,2.4516,1.5,1.5
23.533,6.5678,-0.0269,-0.0251,0.5001,0.0043,0.5,0.0263,2.4223,1.5,1.5
23.533,6.5678,-0.0269,-0.0251,0.5001,0.0043,0.5,0.0263,2.4223,1.5,1.5
23.533,6.5678,-0.0269,-0.0251,0.5001,0.0043,0.5,0.0263,2.4223,1.5,1.5
23.567,6.5845,-0.0273,-0.0247,0.5002,0.0062,0.5,0.0263,2.4223,1.5,1.5
23.567,6.5845,-0.0273,-0.0247,0.5002,0.0062,0.5,0.0263,2.4223,1.5,1.5
23.583,6.5928,-0.0276,-0.0244,0.5003,0.0071,0.5,0.0263,2.4223,1.5,1.5
23.583,6.5928,-0.0276,-0.0244,0.5003,0.0071,0.5,0.0263,2.4223,1.5,1.5
23.583,6.5928,-0.0276,-0.0244,0.5003,0.0071,0.5,0.0263,2.4223,1.5,1.5
23.617,6.6089,-0.028,-0.024,0.4755,0.0082,0.5,0.0263,2.4223,1.5,1.5
23.633,6.617,-0.0283,-0.0237,0.4953,0.0094,0.5,0.0263,2.4561,1.5,1.5
23.633,6.617,-0.0283,-0.0237,0.4953,0.0094,0.5,0.0263,2.4561,1.5,1.5
23.633,6.617,-0.0283,-0.0237,0.4953,0.0094,0.5,0.0263,2.4561,1.5,1.5
23.667,6.6337,-0.0288,-0.0232,0.5008,0.0111,0.5,0.0263,2.4561,1.5,1.5
23.667,6.6337,-0.0288,-0.0232,0.5008,0.0111,0.5,0.0263,2.4561,1.5,1.5
23.683,6.642,-0.029,-0.0229,0.5008,0.0122,0.4737,0.0263,2.4561,1.5,1.5
23.7,6.6504,-0.0292,-0.0226,0.5009,0.0124,0.4737,0.0263,2.4561,1.5,1.5
23.7,6.6504,-0.0292,-0.0226,0.5009,0.0124,0.4737,0.0263,2.4561,1.5,1.5
23.7,6.6504,-0.0292,-0.0226,0.5009,0.0124,0.5,0.0263,2.4561,1.5,1.5
23.733,6.6671,-0.0297,-0.022,0.5008,0.0146,0.5,0.0263,2.4952,1.5,1.5
23.733,6.6671,-0.0297,-0.022,0.5008,0.0146,0.5,0.0263,2.4952,1.5,1.5
23.75,6.6754,-0.0299,-0.0217,0.5009,0.0156,0.5,0.0263,2.4952,1.5,1.5
23.75,6.6754,-0.0299,-0.0217,0.5009,0.0156,0.5,0.0263,2.4952,1.5,1.5
23.75,6.6754,-0.0299,-0.0217,0.5009,0.0156,0.5,0.0263,2.4952,1.5,1.5
23.783,6.6921,-0.0304,-0.021,0.5009,0.0168,0.5,0.0263,2.4952,1.5,1.5
23.8,6.7004,-0.0306,-0.0207,0.5009,0.0172,0.4737,0.0263,2.4952,1.5,1.5
23.8,6.7004,-0.0306,-0.0207,0.5009,0.0172,0.4737,0.0263,2.4952,1.5,1.5
23.8,6.7004,-0.0306,-0.0207,0.5009,0.0172,0.5,0.0263,2.4931,1.5,1.5
23.833,6.7165,-0.0311,-0.02,0.4757,0.0172,0.5,0.0263,2.4931,1.5,1.5
23.85,6.7247,-0.0313,-0.0197,0.4956,0.0217,0.5,0.0263,2.4931,1.5,1.5
23.85,6.7247,-0.0313,-0.0197,0.4956,0.0217,0.5,0.0263,2.4931,1.5,1.5
23.867,6.733,-0.0315,-0.0193,0.4996,0.0179,0.5,0.0263,2.4931,1.5,1.5
23.867,6.733,-0.0315,-0.0193,0.4996,0.0179,0.5,0.0263,2.4931,1.5,1.5
23.867,6.733,-0.0315,-0.0193,0.4996,0.0179,0.5,0.0263,2.4931,1.5,1.5
23.9,6.7496,-0.0319,-0.0186,0.5006,0.0201,0.5,0.0263,2.4931,1.5,1.5
23.917,6.758,-0.0321,-0.0183,0.5006,0.02,0.5,0.0263,2.4931,1.5,1.5
23.917,6.758,-0.0321,-0.0183,0.5006,0.02,0.5,0.0263,2.4931,1.5,1.5
23.917,6.758,-0.0321,-0.0183,0.5006,0.02,0.5,0.0263,2.4766,1.5,1.5
23.95,6.7743,-0.0325,-0.0176,0.4953,0.0212,0.5,0.0263,2.4766,1.5,1.5
23.95,6.7743,-0.0325,-0.0176,0.4953,0.0212,0.5,0.0263,2.4766,1.5,1.5
23.967,6.7825,-0.0327,-0.0172,0.4994,0.02,0.5,0.0263,2.4766,1.5,1.5
23.967,6.7825,-0.0327,-0.0172,0.4994,0.02,0.5,0.0263,2.4766,1.5,1.5
23.967,6.7825,-0.0327,-0.0172,0.4994,0.02,0.5,0.0263,2.4766,1.5,1.5
24.0,6.7992,-0.0331,-0.0165,0.5002,0.0208,0.5,0.0263,2.4766,1.5,1.5
24.017,6.8075,-0.0333,-0.0161,0.5002,0.021,0.4737,0.0263,2.4766,1.5,1.5
24.017,6.8075,-0.0333,-0.0161,0.5002,0.021,0.4737,0.0263,2.426,1.5,1.5
24.033,6.8159,-0.0335,-0.0158,0.5001,0.021,0.5,0.0263,2.426,1.5,1.5
24.033,6.8159,-0.0335,-0.0158,0.5001,0.021,0.5,0.0263,2.426,1.5,1.5
24.033,6.8159,-0.0335,-0.0158,0.5001,0.021,0.5,0.0263,2.426,1.5,1.5
24.067,6.8325,-0.0339,-0.015,0.5,0.0209,0.5,0.0263,2.426,1.5,1.5
24.067,6.8325,-0.0339,-0.015,0.5,0.0209,0.5,0.0263,2.426,1.5,1.5
24.067,6.8325,-0.0339,-0.015,0.5,0.0209,0.5,0.0263,2.426,1.5,1.5
24.083,6.8409,-0.0341,-0.0147,0.4999,0.021,0.5,0.0263,2.426,1.5,1.5
24.083,6.8409,-0.0341,-0.0147,0.4999,0.021,0.5,0.0263,2.426,1.5,1.5
24.083,6.8409,-0.0341,-0.0147,0.4999,0.021,0.5,0.0263,2.426,1.5,1.5
24.117,6.8575,-0.0344,-0.0139,0.4998,0.0211,0.5,0.0263,2.426,1.5,1.5
24.133,6.8656,-0.0346,-0.0135,0.4789,0.0204,0.5,0.0263,2.4897,1.5,1.5
24.133,6.8656,-0.0346,-0.0135,0.4789,0.0204,0.5,0.0263,2.4897,1.5,1.5
24.133,6.8656,-0.0346,-0.0135,0.4789,0.0204,0.5,0.0263,2.4897,1.5,1.5
24.167,6.8821,-0.0349,-0.0128,0.4989,0.0205,0.5,0.0263,2.4897,1.5,1.5
24.167,6.8821,-0.0349,-0.0128,0.4989,0.0205,0.5,0.0263,2.4897,1.5,1.5
24.183,6.8904,-0.0351,-0.0124,0.4994,0.0219,0.4737,0.0263,2.4897,1.5,1.5
24.2,6.8987,-0.0352,-0.012,0.5002,0.022,0.4737,0.0263,2.4897,1.5,1.5
24.2,6.8987,-0.0352,-0.012,0.5002,0.022,0.4737,0.0263,2.4897,1.5,1.5
24.2,6.8987,-0.0352,-0.012,0.5002,0.022,0.4737,0.0263,2.4897,1.5,1.5
24.233,6.9154,-0.0356,-0.0112,0.5005,0.0234,0.4737,0.0263,2.4864,1.5,1.5
24.233,6.9154,-0.0356,-0.0112,0.5005,0.0234,0.4737,-0.0263,2.4864,1.5,1.5
24.25,6.9237,-0.0357,-0.0108,0.5002,0.0242,0.5,-0.0263,2.4864,1.5,1.5
24.25,6.9237,-0.0357,-0.0108,0.5002,0.0242,0.5,-0.0263,2.4864,1.5,1.5
24.25,6.9237,-0.0357,-0.0108,0.5002,0.0242,0.5,-0.0263,2.4864,1.5,1.5
24.283,6.9404,-0.036,-0.0099,0.5004,0.0249,0.5,-0.0263,2.4864,1.5,1.5
24.3,6.9487,-0.0362,-0.0095,0.5004,0.0242,0.5,-0.0263,2.4864,1.5,1.5
24.3,6.9487,-0.0362,-0.0095,0.5004,0.0242,0.5,-0.0263,2.4864,1.5,1.5
24.3,6.9487,-0.0362,-0.0095,0.5004,0.0242,0.5,-0.0263,2.4864,1.5,1.5
24.333,6.9648,-0.0364,-0.0087,0.4755,0.0223,0.5,-0.0263,2.4856,1.5,1.5
24.333,6.9648,-0.0364,-0.0087,0.4755,0.0223,0.5,-0.0263,2.4856,1.5,1.5
24.35,6.9727,-0.0366,-0.0082,0.4748,0.023,0.5,-0.0263,2.4856,1.5,1.5
24.367,6.9806,-0.0367,-0.008,0.4733,0.0265,0.5,-0.0263,2.4856,1.5,1.5
24.367,6.9806,-0.0367,-0.008,0.4733,0.0265,0.5,-0.0263,2.4856,1.5,1.5
24.367,6.9806,-0.0367,-0.008,0.4733,0.0265,0.4737,-0.0263,2.4856,1.5,1.5
24.4,6.9969,-0.0369,-0.0072,0.4967,0.0262,0.4737,-0.0263,2.4856,1.5,1.5
24.417,7.0052,-0.037,-0.007,0.4987,0.0214,0.4737,-0.0263,2.4856,1.5,1.5
24.417,7.0052,-0.037,-0.007,0.4987,0.0214,0.4737,-0.0263,2.4864,1.5,1.5
24.417,7.0052,-0.037,-0.007,0.4987,0.0214,0.5,-0.0263,2.4864,1.5,1.5
24.45,7.0219,-0.0372,-0.0066,0.5004,0.0152,0.5,-0.0263,2.4864,1.5,1.5
24.45,7.0219,-0.0372,-0.0066,0.5004,0.0152,0.5,-0.0263,2.4864,1.5,1.5
24.467,7.0303,-0.0373,-0.0064,0.5009,0.0148,0.5,-0.0263,2.4864,1.5,1.5
24.467,7.0303,-0.0373,-0.0064,0.5009,0.0148,0.5,-0.0263,2.4864,1.5,1.5
24.467,7.0303,-0.0373,-0.0064,0.5009,0.0148,0.5,-0.0263,2.4864,1.5,1.5
24.5,7.0469,-0.0374,-0.0061,0.5007,0.0135,0.5,-0.0263,2.4864,1.5,1.5
24.517,7.0551,-0.0375,-0.006,0.4796,0.0126,0.5,-0.0263,2.4864,1.5,1.5
24.517,7.0551,-0.0375,-0.006,0.4796,0.0126,0.5,-0.0263,2.4864,1.5,1.5
24.533,7.063,-0.0375,-0.006,0.4755,0.0106,0.5,-0.0263,2.538,1.5,1.5
24.533,7.063,-0.0375,-0.006,0.4755,0.0106,0.5,-0.0263,2.538,1.5,1.5
24.533,7.063,-0.0375,-0.006,0.4755,0.0106,0.5,-0.0263,2.538,1.5,1.5
24.567,7.0795,-0.0377,-0.0058,0.4995,0.0108,0.5,-0.0263,2.538,1.5,1.5
24.583,7.0878,-0.0377,-0.0057,0.5004,0.0127,0.5,-0.0263,2.538,1.5,1.5
24.583,7.0878,-0.0377,-0.0057,0.5004,0.0127,0.5,-0.0263,2.538,1.5,1.5
24.583,7.0878,-0.0377,-0.0057,0.5004,0.0127,0.5,-0.0263,2.538,1.5,1.5
24.617,7.1045,-0.0378,-0.0057,0.5009,0.0084,0.5,-0.0263,2.538,1.5,1.5
24.617,7.1045,-0.0378,-0.0057,0.5009,0.0084,0.5,-0.0263,2.5906,1.5,1.5
24.633,7.1128,-0.0379,-0.0057,0.5008,0.0072,0.5,-0.0263,2.5906,1.5,1.5
24.633,7.1128,-0.0379,-0.0057,0.5008,0.0072,0.5,-0.0263,2.5906,1.5,1.5
24.633,7.1128,-0.0379,-0.0057,0.5008,0.0072,0.5,-0.0263,2.5906,1.5,1.5
24.667,7.1295,-0.038,-0.0057,0.5007,0.0055,0.5,-0.0263,2.5906,1.5,1.5
24.683,7.1379,-0.038,-0.0057,0.5007,0.0052,0.4737,-0.0263,2.5906,1.5,1.5
24.683,7.1379,-0.038,-0.0057,0.5007,0.0052,0.4737,-0.0263,2.5906,1.5,1.5
24.7,7.1462,-0.0381,-0.0058,0.5006,0.0035,0.4737,-0.0263,2.5906,1.5,1.5
24.7,7.1462,-0.0381,-0.0058,0.5006,0.0035,0.4737,-0.0263,2.5906,1.5,1.5
24.7,7.1462,-0.0381,-0.0058,0.5006,0.0035,0.4737,-0.0263,2.5906,1.5,1.5
24.733,7.1629,-0.0381,-0.006,0.5005,0.0014,0.4737,-0.0263,2.5451,1.5,1.5
24.75,7.1712,-0.0382,-0.0061,0.5004,0.0003,0.5,-0.0263,2.5451,1.5,1.5
24.75,7.1712,-0.0382,-0.0061,0.5004,0.0003,0.5,-0.0263,2.5451,1.5,1.5
24.75,7.1712,-0.0382,-0.0061,0.5004,0.0003,0.5,-0.0263,2.5451,1.5,1.5
24.783,7.1879,-0.0382,-0.0063,0.5003,-0.0019,0.5,-0.0263,2.5451,1.5,1.5
24.783,7.1879,-0.0382,-0.0063,0.5003,-0.0019,0.5,-0.0263,2.5451,1.5,1.5
24.8,7.1961,-0.0382,-0.0065,0.4794,-0.002,0.5,-0.0263,2.5451,1.5,1.5
24.8,7.1961,-0.0382,-0.0065,0.4794,-0.002,0.5,-0.0263,2.5451,1.5,1.5
24.833,7.2119,-0.0383,-0.0068,0.474,-0.0047,0.5,-0.0263,2.5487,1.5,1.5
24.833,7.2119,-0.0383,-0.0068,0.474,-0.0047,0.5,-0.0263,2.5487,1.5,1.5
24.85,7.2198,-0.0383,-0.007,0.4737,-0.0066,0.5,0.0,2.5487,1.5,1.5
24.85,7.2198,-0.0383,-0.007,0.4737,-0.0066,0.5,0.0,2.5487,1.5,1.5
24.867,7.2277,-0.0383,-0.0073,0.4736,-0.0076,0.5,0.0,2.5487,1.5,1.5
24.867,7.2277,-0.0383,-0.0073,0.4736,-0.0076,0.4737,0.0,2.5487,1.5,1.5
24.867,7.2277,-0.0383,-0.0073,0.4736,-0.0076,0.4737,0.0,2.5487,1.5,1.5
24.9,7.2441,-0.0384,-0.0077,0.4985,-0.0078,0.4737,0.0,2.5487,1.5,1.5
24.917,7.2524,-0.0384,-0.008,0.4995,-0.0102,0.4737,0.0,2.5487,1.5,1.5
24.917,7.2524,-0.0384,-0.008,0.4995,-0.0102,0.4737,0.0,2.5155,1.5,1.5
24.917,7.2524,-0.0384,-0.008,0.4995,-0.0102,0.5,0.0,2.5155,1.5,1.5
24.95,7.269,-0.0385,-0.0085,0.4996,-0.0114,0.5,0.0,2.5155,1.5,1.5
24.95,7.269,-0.0385,-0.0085,0.4996,-0.0114,0.5,0.0,2.5155,1.5,1.5
24.967,7.2774,-0.0385,-0.0087,0.4995,-0.0186,0.5,0.0,2.5155,1.5,1.5
24.967,7.2774,-0.0385,-0.0087,0.4995,-0.0186,0.5,0.0263,2.5155,1.5,1.5
25.0,7.294,-0.0386,-0.0091,0.4995,-0.0156,0.5,0.0263,2.5155,1.5,1.5
25.0,7.294,-0.0386,-0.0091,0.4995,-0.0156,0.5,0.0263,2.5155,1.5,1.5
25.017,7.3021,-0.0386,-0.0093,0.4786,-0.0138,0.5,0.0263,2.5155,1.5,1.5
25.033,7.3101,-0.0387,-0.0095,0.4744,-0.0143,0.5,0.0263,2.5416,1.5,1.5
25.033,7.3101,-0.0387,-0.0095,0.4744,-0.0143,0.5,0.0263,2.5416,1.5,1.5
25.033,7.3101,-0.0387,-0.0095,0.4744,-0.0143,0.5,0.0263,2.5416,1.5,1.5
25.067,7.3261,-0.0388,-0.0098,0.4941,-0.0148,0.5,0.0263,2.5416,1.5,1.5
25.067,7.3261,-0.0388,-0.0098,0.4941,-0.0148,0.5,0.0263,2.5416,1.5,1.5
25.083,7.3344,-0.0388,-0.0101,0.4985,-0.0136,0.5,0.0263,2.5416,1.5,1.5
25.083,7.3344,-0.0388,-0.0101,0.4985,-0.0136,0.5,0.0263,2.5416,1.5,1.5
25.083,7.3344,-0.0388,-0.0101,0.4985,-0.0136,0.4737,0.0263,2.5416,1.5,1.5
25.117,7.351,-0.039,-0.0102,0.4997,-0.0119,0.4737,0.0263,2.5416,1.5,1.5
25.117,7.351,-0.039,-0.0102,0.4997,-0.0119,0.4737,0.0263,2.5144,1.5,1.5
25.133,7.3593,-0.039,-0.0102,0.4998,-0.0118,0.5,0.0263,2.5144,1.5,1.5
25.133,7.3593,-0.039,-0.0102,0.4998,-0.0118,0.5,0.0263,2.5144,1.5,1.5
25.167,7.376,-0.0392,-0.0103,0.4999,-0.0084,0.5,0.0263,2.5144,1.5,1.5
25.167,7.376,-0.0392,-0.0103,0.4999,-0.0084,0.5,0.0263,2.5144,1.5,1.5
25.183,7.3843,-0.0393,-0.0103,0.5,-0.0085,0.5,0.0263,2.5144,1.5,1.5
25.2,7.3927,-0.0394,-0.0103,0.5002,-0.0074,0.5,0.0263,2.5144,1.5,1.5
25.2,7.3927,-0.0394,-0.0103,0.5002,-0.0074,0.4737,0.0263,2.5144,1.5,1.5
25.2,7.3927,-0.0394,-0.0103,0.5002,-0.0074,0.4737,0.0263,2.5144,1.5,1.5
25.233,7.4091,-0.0396,-0.0102,0.4794,-0.0045,0.4737,0.0263,2.5445,1.5,1.5
25.233,7.4091,-0.0396,-0.0102,0.4794,-0.0045,0.4737,0.0263,2.5445,1.5,1.5
25.25,7.4171,-0.0397,-0.0101,0.4751,-0.0043,0.5,0.0263,2.5445,1.5,1.5
25.25,7.4171,-0.0397,-0.0101,0.4751,-0.0043,0.5,0.0263,2.5445,1.5,1.5
25.25,7.4171,-0.0397,-0.0101,0.4751,-0.0043,0.5,0.0263,2.5445,1.5,1.5
25.283,7.4335,-0.0399,-0.0099,0.4993,-0.001,0.5,0.0263,2.5445,1.5,1.5
25.3,7.4418,-0.04,-0.0098,0.5003,-0.0,0.5,0.0263,2.5445,1.5,1.5
25.3,7.4418,-0.04,-0.0098,0.5003,-0.0,0.5,0.0263,2.5445,1.5,1.5
25.3,7.4418,-0.04,-0.0098,0.5003,-0.0,0.5,0.0263,2.5445,1.5,1.5
25.333,7.4583,-0.0402,-0.0096,0.4798,0.0024,0.5,0.0263,2.5114,1.5,1.5
25.333,7.4583,-0.0402,-0.0096,0.4798,0.0024,0.5,0.0263,2.5114,1.5,1.5
25.35,7.4663,-0.0403,-0.0094,0.4755,0.0022,0.5,0.0263,2.5114,1.5,1.5
25.35,7.4663,-0.0403,-0.0094,0.4755,0.0022,0.5,0.0263,2.5114,1.5,1.5
25.367,7.4742,-0.0404,-0.0093,0.4748,0.0032,0.5,0.0263,2.5114,1.5,1.5
25.367,7.4742,-0.0404,-0.0093,0.4748,0.0032,0.5,0.0263,2.5114,1.5,1.5
25.4,7.4906,-0.0406,-0.0089,0.4997,0.0065,0.5,0.0263,2.5114,1.5,1.5
25.4,7.4906,-0.0406,-0.0089,0.4997,0.0065,0.5,0.0263,2.5114,1.5,1.5
25.417,7.499,-0.0407,-0.0087,0.5007,0.0077,0.4737,0.0263,2.5114,1.5,1.5
25.417,7.499,-0.0407,-0.0087,0.5007,0.0077,0.4737,0.0263,2.5311,1.5,1.5
25.417,7.499,-0.0407,-0.0087,0.5007,0.0077,0.4737,0.0263,2.5311,1.5,1.5
25.45,7.5157,-0.0409,-0.0083,0.5009,0.0095,0.4737,0.0263,2.5311,1.5,1.5
25.467,7.524,-0.041,-0.008,0.5009,0.0101,0.5,0.0263,2.5311,1.5,1.5
25.467,7.524,-0.041,-0.008,0.5009,0.0101,0.5,0.0263,2.5311,1.5,1.5
25.467,7.524,-0.041,-0.008,0.5009,0.0101,0.5,0.0263,2.5311,1.5,1.5
25.5,7.5407,-0.0412,-0.0076,0.5008,0.0116,0.5,0.0263,2.5311,1.5,1.5
25.5,7.5407,-0.0412,-0.0076,0.5008,0.0116,0.5,0.0263,2.5311,1.5,1.5
25.517,7.549,-0.0413,-0.0073,0.5008,0.0123,0.5,0.0263,2.5311,1.5,1.5
25.533,7.5574,-0.0414,-0.007,0.5007,0.0128,0.5,0.0263,2.4738,1.5,1.5
25.533,7.5574,-0.0414,-0.007,0.5007,0.0128,0.5,0.0263,2.4738,1.5,1.5
25.533,7.5574,-0.0414,-0.007,0.5007,0.0128,0.5,0.0263,2.4738,1.5,1.5
25.533,7.5574,-0.0414,-0.007,0.5007,0.0128,0.5,0.0263,2.4738,1.5,1.5
25.567,7.5735,-0.0416,-0.0065,0.4754,0.013,0.5,0.0263,2.4738,1.5,1.5
25.567,7.5735,-0.0416,-0.0065,0.4754,0.013,0.5,0.0263,2.4738,1.5,1.5
25.583,7.5814,-0.0417,-0.0063,0.4744,0.0134,0.5,0.0263,2.4738,1.5,1.5
25.583,7.5814,-0.0417,-0.0063,0.4744,0.0134,0.5,0.0263,2.4738,1.5,1.5
25.583,7.5814,-0.0417,-0.0063,0.4744,0.0134,0.5,0.0,2.4738,1.5,1.5
25.583,7.5814,-0.0417,-0.0063,0.4744,0.0134,0.5,0.0,2.4738,1.5,1.5
25.617,7.5978,-0.0419,-0.0057,0.4986,0.0108,0.5,0.0,2.4738,1.5,1.5
25.617,7.5978,-0.0419,-0.0057,0.4986,0.0108,0.5,0.0,2.5086,1.5,1.5
25.633,7.6061,-0.042,-0.0054,0.5001,0.0167,0.5,0.0,2.5086,1.5,1.5
25.633,7.6061,-0.042,-0.0054,0.5001,0.0167,0.5,0.0,2.5086,1.5,1.5
25.633,7.6061,-0.042,-0.0054,0.5001,0.0167,0.5,0.0,2.5086,1.5,1.5
25.633,7.6061,-0.042,-0.0054,0.5001,0.0167,0.5,0.0,2.5086,1.5,1.5
25.667,7.6228,-0.0422,-0.0048,0.5002,0.0156,0.5,0.0,2.5086,1.5,1.5
25.667,7.6228,-0.0422,-0.0048,0.5002,0.0156,0.5,0.0,2.5086,1.5,1.5
25.683,7.6311,-0.0422,-0.0045,0.5001,0.0161,0.5,0.0,2.5086,1.5,1.5
25.7,7.6394,-0.0423,-0.0043,0.5,0.0198,0.4737,0.0,2.5086,1.5,1.5
25.7,7.6394,-0.0423,-0.0043,0.5,0.0198,0.4737,0.0,2.5086,1.5,1.5
25.7,7.6394,-0.0423,-0.0043,0.5,0.0198,0.4737,0.0,2.5086,1.5,1.5
25.733,7.6561,-0.0425,-0.0038,0.4998,0.018,0.4737,0.0,2.5015,1.5,1.5
25.733,7.6561,-0.0425,-0.0038,0.4998,0.018,0.4737,0.0,2.5015,1.5,1.5
25.75,7.6644,-0.0425,-0.0036,0.4997,0.0165,0.5,0.0,2.5015,1.5,1.5
25.75,7.6644,-0.0425,-0.0036,0.4997,0.0165,0.5,0.0,2.5015,1.5,1.5
25.75,7.6644,-0.0425,-0.0036,0.4997,0.0165,0.5,0.0,2.5015,1.5,1.5
25.783,7.6811,-0.0426,-0.0032,0.4995,0.0158,0.5,0.0,2.5015,1.5,1.5
25.8,7.6894,-0.0427,-0.0031,0.4995,0.0145,0.4737,0.0,2.5015,1.5,1.5
25.8,7.6894,-0.0427,-0.0031,0.4995,0.0145,0.4737,0.0,2.5015,1.5,1.5
25.8,7.6894,-0.0427,-0.0031,0.4995,0.0145,0.4737,0.0,2.5015,1.5,1.5
25.833,7.7058,-0.0428,-0.0027,0.4787,0.0132,0.4737,0.0,2.538,1.5,1.5
25.833,7.7058,-0.0428,-0.0027,0.4787,0.0132,0.4737,0.0,2.538,1.5,1.5
25.85,7.7138,-0.0428,-0.0025,0.4744,0.0121,0.5,0.0,2.538,1.5,1.5
25.867,7.7217,-0.0429,-0.0022,0.4735,0.012,0.5,0.0,2.538,1.5,1.5
25.867,7.7217,-0.0429,-0.0022,0.4735,0.012,0.5,0.0,2.538,1.5,1.5
25.867,7.7217,-0.0429,-0.0022,0.4735,0.012,0.5,0.0,2.538,1.5,1.5
25.9,7.7381,-0.043,-0.002,0.4983,0.0097,0.5,0.0,2.538,1.5,1.5
25.9,7.7381,-0.043,-0.002,0.4983,0.0097,0.5,0.0,2.538,1.5,1.5
25.917,7.7464,-0.043,-0.0018,0.4994,0.0113,0.5,0.0,2.538,1.5,1.5
25.917,7.7464,-0.043,-0.0018,0.4994,0.0113,0.5,0.0,2.5116,1.5,1.5
25.917,7.7464,-0.043,-0.0018,0.4994,0.0113,0.5,0.0,2.5116,1.5,1.5
25.95,7.7624,-0.0431,-0.0017,0.4746,0.0094,0.5,0.0,2.5116,1.5,1.5
25.967,7.7703,-0.0431,-0.0014,0.4738,0.0095,0.5,0.0,2.5116,1.5,1.5
25.967,7.7703,-0.0431,-0.0014,0.4738,0.0095,0.5,0.0,2.5116,1.5,1.5
25.967,7.7703,-0.0431,-0.0014,0.4738,0.0095,0.5,0.0,2.5116,1.5,1.5
26.0,7.7867,-0.0432,-0.0012,0.4986,0.0086,0.5,0.0,2.5116,1.5,1.5
26.0,7.7867,-0.0432,-0.0012,0.4986,0.0086,0.5,0.0,2.5116,1.5,1.5
26.017,7.7951,-0.0432,-0.001,0.4998,0.0095,0.4737,0.0,2.5235,1.5,1.5
26.033,7.8034,-0.0432,-0.0007,0.5001,0.0095,0.4737,0.0,2.5235,1.5,1.5
26.033,7.8034,-0.0432,-0.0007,0.5001,0.0095,0.4737,0.0,2.5235,1.5,1.5
26.033,7.8034,-0.0432,-0.0007,0.5001,0.0095,0.5,0.0,2.5235,1.5,1.5
26.067,7.8201,-0.0433,0.0,0.5003,0.0091,0.5,0.0,2.5235,1.5,1.5
26.067,7.8201,-0.0433,0.0,0.5003,0.0091,0.5,0.0,2.5235,1.5,1.5
26.083,7.8284,-0.0433,0.0,0.5004,0.0089,0.5,0.0,2.5235,1.5,1.5
26.083,7.8284,-0.0433,0.0,0.5004,0.0089,0.5,0.0,2.5235,1.5,1.5
26.117,7.8451,-0.0434,0.0,0.5005,0.0088,0.5,0.0,2.5235,1.5,1.5
26.117,7.8451,-0.0434,0.0,0.5005,0.0088,0.5,0.0,2.5235,1.5,1.5
26.133,7.8535,-0.0434,0.0,0.5005,0.0087,0.5,0.0,2.5643,1.5,1.5
26.133,7.8535,-0.0434,0.0,0.5005,0.0087,0.5,0.0,2.5643,1.5,1.5
26.133,7.8535,-0.0434,0.0,0.5005,0.0087,0.5,0.0,2.5643,1.5,1.5
26.167,7.8695,-0.0434,0.0,0.4754,0.008,0.5,0.0,2.5643,1.5,1.5
26.183,7.8777,-0.0435,0.0,0.4954,0.0079,0.5,0.0,2.5643,1.5,1.5
26.183,7.8777,-0.0435,0.0,0.4954,0.0079,0.5,0.0,2.5643,1.5,1.5
26.2,7.886,-0.0435,0.0,0.4995,0.0087,0.4737,0.0,2.5643,1.5,1.5
26.2,7.886,-0.0435,0.0,0.4995,0.0087,0.4737,0.0,2.5643,1.5,1.5
26.2,7.886,-0.0435,0.0,0.4995,0.0087,0.4737,0.0,2.5881,1.5,1.5
26.233,7.9027,-0.0435,0.0,0.5007,0.0081,0.4737,0.0,2.5881,1.5,1.5
26.25,7.911,-0.0435,0.0,0.5008,0.0086,0.5,0.0,2.5881,1.5,1.5
26.25,7.911,-0.0435,0.0,0.5008,0.0086,0.5,0.0,2.5881,1.5,1.5
26.25,7.911,-0.0435,0.0,0.5008,0.0086,0.5,0.0,2.5881,1.5,1.5
26.25,7.911,-0.0435,0.0,0.5008,0.0086,0.5,0.0,2.5881,1.5,1.5
26.283,7.9277,-0.0436,0.0007,0.5008,0.0081,0.5,0.0,2.5881,1.5,1.5
26.283,7.9277,-0.0436,0.0007,0.5008,0.0081,0.5,0.0,2.5881,1.5,1.5
26.3,7.9361,-0.0436,0.001,0.5008,0.008,0.5,0.0,2.5881,1.5,1.5
26.3,7.9361,-0.0436,0.001,0.5008,0.008,0.5,0.0,2.5881,1.5,1.5
26.3,7.9361,-0.0436,0.001,0.5008,0.008,0.5,0.0,2.5881,1.5,1.5
26.333,7.9521,-0.0436,0.001,0.4755,0.0075,0.5,0.0,2.5562,1.5,1.5
26.35,7.9603,-0.0436,0.001,0.4953,0.0086,0.5,0.0,2.5562,1.5,1.5
26.35,7.9603,-0.0436,0.001,0.4953,0.0086,0.5,0.0,2.5562,1.5,1.5
26.367,7.9686,-0.0436,0.001,0.4995,0.0063,0.5,0.0,2.5562,1.5,1.5
26.367,7.9686,-0.0436,0.001,0.4995,0.0063,0.5,0.0,2.5562,1.5,1.5
26.367,7.9686,-0.0436,0.001,0.4995,0.0063,0.5,0.0,2.5562,1.5,1.5
26.4,7.9852,-0.0436,0.0015,0.5005,0.0062,0.5,0.0,2.5562,1.5,1.5
26.417,7.9936,-0.0436,0.0012,0.5004,0.006,0.4737,0.0,2.5562,1.5,1.5
26.417,7.9936,-0.0436,0.0012,0.5004,0.006,0.4737,0.0,2.609,1.5,1.5
26.417,7.9936,-0.0436,0.0012,0.5004,0.006,0.4737,0.0,2.609,1.5,1.5
26.45,8.0102,-0.0436,0.0014,0.5003,0.0053,0.4737,0.0,2.609,1.5,1.5
26.45,8.0102,-0.0436,0.0014,0.5003,0.0053,0.5,0.0263,2.609,1.5,1.5
26.467,8.0186,-0.0436,0.0015,0.5002,0.005,0.5,0.0263,2.609,1.5,1.5
26.467,8.0186,-0.0436,0.0015,0.5002,0.005,0.5,0.0263,2.609,1.5,1.5
26.467,8.0186,-0.0436,0.0015,0.5002,0.005,0.5,0.0263,2.609,1.5,1.5
26.5,8.0353,-0.0436,0.0015,0.5,0.0043,0.5,0.0263,2.609,1.5,1.5
26.517,8.0436,-0.0435,0.0017,0.5,0.0038,0.5,0.0263,2.609,1.5,1.5
26.517,8.0436,-0.0435,0.0017,0.5,0.0038,0.5,0.0263,2.6068,1.5,1.5
26.533,8.0519,-0.0435,0.0018,0.4999,0.0033,0.5,0.0263,2.6068,1.5,1.5
26.533,8.0519,-0.0435,0.0018,0.4999,0.0033,0.5,0.0789,2.6068,1.5,1.5
26.533,8.0519,-0.0435,0.0018,0.4999,0.0033,0.5,0.0789,2.6068,1.5,1.5
26.567,8.068,-0.0435,0.0017,0.4746,0.0023,0.5,0.0789,2.6068,1.5,1.5
26.583,8.0761,-0.0435,0.0018,0.4945,-0.0046,0.5,0.0789,2.6068,1.5,1.5
26.583,8.0761,-0.0435,0.0018,0.4945,-0.0046,0.5,0.0789,2.6068,1.5,1.5
26.583,8.0761,-0.0435,0.0018,0.4945,-0.0046,0.5,0.0789,2.6068,1.5,1.5
26.617,8.0927,-0.0435,0.002,0.4994,0.0003,0.5,0.0789,2.6068,1.5,1.5
26.617,8.0927,-0.0435,0.002,0.4994,0.0003,0.5,0.0789,2.7082,1.5,1.5
26.633,8.101,-0.0435,0.0022,0.4997,0.0009,0.4737,0.0789,2.7082,1.5,1.5
26.633,8.101,-0.0435,0.0022,0.4997,0.0009,0.5,0.0263,2.7082,1.5,1.5
26.633,8.101,-0.0435,0.0022,0.4997,0.0009,0.5,0.0263,2.7082,1.5,1.5
26.667,8.1177,-0.0435,0.0024,0.4997,0.002,0.5,0.0263,2.7082,1.5,1.5
26.683,8.126,-0.0435,0.0027,0.5005,0.0059,0.5,0.0263,2.7082,1.5,1.5
26.683,8.126,-0.0435,0.0027,0.5005,0.0059,0.5,0.0263,2.7082,1.5,1.5
26.7,8.1343,-0.0436,0.003,0.4999,0.0107,0.5,0.0789,2.7082,1.5,1.5
26.7,8.1343,-0.0436,0.003,0.4999,0.0107,0.4737,0.0263,2.7082,1.5,1.5
26.7,8.1343,-0.0436,0.003,0.4999,0.0107,0.4737,0.0263,2.5797,1.5,1.5
26.733,8.151,-0.0436,0.0039,0.5001,0.0145,0.4737,0.0263,2.5797,1.5,1.5
26.75,8.1594,-0.0437,0.0044,0.4999,0.0175,0.5,0.0263,2.5797,1.5,1.5
26.75,8.1594,-0.0437,0.0044,0.4999,0.0175,0.5,0.0263,2.5797,1.5,1.5
26.75,8.1594,-0.0437,0.0044,0.4999,0.0175,0.5,0.0263,2.5797,1.5,1.5
26.783,8.176,-0.0437,0.0051,0.5006,0.0193,0.5,0.0263,2.5797,1.5,1.5
26.783,8.176,-0.0437,0.0051,0.5006,0.0193,0.5,0.0263,2.5797,1.5,1.5
26.8,8.1844,-0.0437,0.0055,0.5008,0.0208,0.5,0.0,2.5797,1.5,1.5
26.8,8.1844,-0.0437,0.0055,0.5008,0.0208,0.5,0.0263,2.5797,1.5,1.5
26.833,8.2011,-0.0438,0.0065,0.5012,0.0207,0.5,0.0263,2.5745,1.5,1.5
26.833,8.2011,-0.0438,0.0065,0.5012,0.0207,0.5,0.0263,2.5745,1.5,1.5
26.85,8.2092,-0.0438,0.0069,0.4795,0.0289,0.5,0.0789,2.5745,1.5,1.5
26.85,8.2092,-0.0438,0.0069,0.4795,0.0289,0.5,0.0789,2.5745,1.5,1.5
26.867,8.2172,-0.0438,0.0073,0.4756,0.021,0.5,0.0263,2.5745,1.5,1.5
26.867,8.2172,-0.0438,0.0073,0.4756,0.021,0.5,0.0263,2.5745,1.5,1.5
26.867,8.2172,-0.0438,0.0073,0.4756,0.021,0.5,0.0263,2.5745,1.5,1.5
26.9,8.2336,-0.0438,0.0082,0.4987,0.0271,0.5,0.0263,2.5745,1.5,1.5
26.917,8.2419,-0.0438,0.0087,0.5004,0.0255,0.4737,0.0263,2.5745,1.5,1.5
26.917,8.2419,-0.0438,0.0087,0.5004,0.0255,0.4737,0.0263,2.6267,1.5,1.5
26.917,8.2419,-0.0438,0.0087,0.5004,0.0255,0.4737,0.0263,2.6267,1.5,1.5
26.95,8.2586,-0.0438,0.0097,0.5013,0.0266,0.4737,0.0263,2.6267,1.5,1.5
26.967,8.267,-0.0438,0.0103,0.502,0.015,0.4737,0.0263,2.6267,1.5,1.5
26.967,8.267,-0.0438,0.0103,0.502,0.015,0.5,0.0263,2.6267,1.5,1.5
26.967,8.267,-0.0438,0.0103,0.502,0.015,0.5,0.0263,2.6267,1.5,1.5
27.0,8.2837,-0.0438,0.0114,0.5008,0.0338,0.5,0.0263,2.6267,1.5,1.5
27.0,8.2837,-0.0438,0.0114,0.5008,0.0338,0.5,0.0263,2.6267,1.5,1.5
27.017,8.292,-0.0438,0.012,0.5011,0.0336,0.5,0.0263,2.6267,1.5,1.5
27.033,8.3004,-0.0438,0.0125,0.5009,0.0295,0.5,0.0263,2.6752,1.5,1.5
27.033,8.3004,-0.0438,0.0125,0.5009,0.0295,0.5,0.0263,2.6752,1.5,1.5
27.033,8.3004,-0.0438,0.0125,0.5009,0.0295,0.5,0.0263,2.6752,1.5,1.5
27.067,8.3165,-0.0437,0.0136,0.4756,0.0308,0.5,0.0263,2.6752,1.5,1.5
27.067,8.3165,-0.0437,0.0136,0.4756,0.0308,0.5,0.0263,2.6752,1.5,1.5
27.083,8.3244,-0.0437,0.0141,0.4747,0.0299,0.5,0.0263,2.6752,1.5,1.5
27.083,8.3244,-0.0437,0.0141,0.4747,0.0299,0.5,0.0263,2.6752,1.5,1.5
27.083,8.3244,-0.0437,0.0141,0.4747,0.0299,0.5,0.0263,2.6752,1.5,1.5
27.117,8.3408,-0.0436,0.0151,0.4991,0.0296,0.5,0.0263,2.6752,1.5,1.5
27.133,8.3491,-0.0436,0.0156,0.5006,0.0327,0.4737,0.0263,2.6342,1.5,1.5
27.133,8.3491,-0.0436,0.0156,0.5006,0.0327,0.4737,0.0263,2.6342,1.5,1.5
27.133,8.3491,-0.0436,0.0156,0.5006,0.0327,0.5,0.0263,2.6342,1.5,1.5
27.167,8.3658,-0.0435,0.0167,0.5007,0.0317,0.5,0.0263,2.6342,1.5,1.5
27.167,8.3658,-0.0435,0.0167,0.5007,0.0317,0.5,0.0263,2.6342,1.5,1.5
27.167,8.3658,-0.0435,0.0167,0.5007,0.0317,0.5,0.0263,2.6342,1.5,1.5
27.183,8.3742,-0.0434,0.0172,0.5007,0.0316,0.5,0.0263,2.6342,1.5,1.5
27.183,8.3742,-0.0434,0.0172,0.5007,0.0316,0.5,0.0263,2.6342,1.5,1.5
27.2,8.3825,-0.0434,0.0177,0.5006,0.0315,0.5,0.0263,2.6342,1.5,1.5
27.2,8.3825,-0.0434,0.0177,0.5006,0.0315,0.5,0.0263,2.6342,1.5,1.5
27.233,8.3992,-0.0432,0.0188,0.5005,0.0311,0.5,0.0263,2.6468,1.5,1.5
27.233,8.3992,-0.0432,0.0188,0.5005,0.0311,0.5,0.0263,2.6468,1.5,1.5
27.25,8.4073,-0.0431,0.0193,0.4796,0.0294,0.5,0.0263,2.6468,1.5,1.5
27.25,8.4073,-0.0431,0.0193,0.4796,0.0294,0.5,0.0263,2.6468,1.5,1.5
27.25,8.4073,-0.0431,0.0193,0.4796,0.0294,0.5,0.0263,2.6468,1.5,1.5
27.283,8.4238,-0.043,0.0203,0.4987,0.029,0.5,0.0263,2.6468,1.5,1.5
27.283,8.4238,-0.043,0.0203,0.4987,0.029,0.5,0.0263,2.6468,1.5,1.5
27.3,8.4321,-0.0429,0.0207,0.4998,0.0311,0.5,0.0263,2.6468,1.5,1.5
27.3,8.4321,-0.0429,0.0207,0.4998,0.0311,0.4737,0.0263,2.6468,1.5,1.5
27.333,8.4488,-0.0427,0.0217,0.5,0.0297,0.4737,0.0263,2.6014,1.5,1.5
27.333,8.4488,-0.0427,0.0217,0.5,0.0297,0.4737,0.0263,2.6014,1.5,1.5
27.35,8.4571,-0.0425,0.0222,0.4999,0.0295,0.4737,0.0263,2.6014,1.5,1.5
27.367,8.4654,-0.0424,0.0227,0.4998,0.0292,0.5,0.0,2.6014,1.5,1.5
27.367,8.4654,-0.0424,0.0227,0.4998,0.0292,0.5,0.0,2.6014,1.5,1.5
27.367,8.4654,-0.0424,0.0227,0.4998,0.0292,0.5,0.0,2.6014,1.5,1.5
27.4,8.4821,-0.0422,0.0237,0.4997,0.029,0.5,0.0,2.6014,1.5,1.5
27.4,8.4821,-0.0422,0.0237,0.4997,0.029,0.5,0.0,2.6014,1.5,1.5
27.417,8.4904,-0.0421,0.0241,0.4997,0.0284,0.5,0.0,2.6014,1.5,1.5
27.417,8.4904,-0.0421,0.0241,0.4997,0.0284,0.5,0.0,2.5686,1.5,1.5
27.417,8.4904,-0.0421,0.0241,0.4997,0.0284,0.5,0.0,2.5686,1.5,1.5
27.45,8.5065,-0.0418,0.025,0.4745,0.0258,0.5,0.0,2.5686,1.5,1.5
27.467,8.5144,-0.0417,0.0255,0.4737,0.0257,0.5,0.0,2.5686,1.5,1.5
27.467,8.5144,-0.0417,0.0255,0.4737,0.0257,0.5,0.0,2.5686,1.5,1.5
27.467,8.5144,-0.0417,0.0255,0.4737,0.0257,0.5,0.0,2.5686,1.5,1.5
27.5,8.5307,-0.0414,0.0263,0.4972,0.033,0.5,0.0,2.5686,1.5,1.5
27.5,8.5307,-0.0414,0.0263,0.4972,0.033,0.5,0.0,2.5686,1.5,1.5
27.517,8.5391,-0.0412,0.0268,0.4986,0.0296,0.4737,-0.0263,2.5686,1.5,1.5
27.533,8.5474,-0.0411,0.0272,0.4988,0.0274,0.4737,-0.0263,2.574,1.5,1.5
27.533,8.5474,-0.0411,0.0272,0.4988,0.0274,0.4737,-0.0263,2.574,1.5,1.5
27.533,8.5474,-0.0411,0.0272,0.4988,0.0274,0.4737,-0.0263,2.574,1.5,1.5
27.567,8.564,-0.0407,0.0279,0.4988,0.0281,0.4737,-0.0263,2.574,1.5,1.5
27.567,8.564,-0.0407,0.0279,0.4988,0.0281,0.4737,-0.0263,2.574,1.5,1.5
27.567,8.564,-0.0407,0.0279,0.4988,0.0281,0.5,-0.0263,2.574,1.5,1.5
27.583,8.5723,-0.0405,0.0283,0.4993,0.0257,0.5,-0.0263,2.574,1.5,1.5
27.583,8.5723,-0.0405,0.0283,0.4993,0.0257,0.5,-0.0263,2.574,1.5,1.5
27.583,8.5723,-0.0405,0.0283,0.4993,0.0257,0.5,-0.0263,2.574,1.5,1.5
27.617,8.589,-0.0402,0.029,0.4993,0.0245,0.5,-0.0263,2.574,1.5,1.5
27.633,8.5971,-0.04,0.0292,0.4791,0.0181,0.5,-0.0263,2.534,1.5,1.5
27.633,8.5971,-0.04,0.0292,0.4791,0.0181,0.4737,-0.0263,2.534,1.5,1.5
27.633,8.5971,-0.04,0.0292,0.4791,0.0181,0.4737,-0.0263,2.534,1.5,1.5
27.667,8.613,-0.0396,0.0296,0.4741,0.0146,0.4737,-0.0263,2.534,1.5,1.5
27.667,8.613,-0.0396,0.0296,0.4741,0.0146,0.4737,-0.0263,2.534,1.5,1.5
27.683,8.6209,-0.0393,0.0298,0.474,0.0143,0.5,-0.0263,2.534,1.5,1.5
27.683,8.6209,-0.0393,0.0298,0.474,0.0143,0.5,-0.0263,2.534,1.5,1.5
27.7,8.629,-0.0391,0.03,0.4896,0.0233,0.5,-0.0263,2.534,1.5,1.5
27.7,8.629,-0.0391,0.03,0.4896,0.0233,0.5,-0.0263,2.534,1.5,1.5
27.7,8.629,-0.0391,0.03,0.4896,0.0233,0.5,-0.0263,2.5069,1.5,1.5
27.733,8.6455,-0.0387,0.0303,0.4998,0.012,0.5,-0.0263,2.5069,1.5,1.5
27.75,8.6539,-0.0384,0.0304,0.5005,0.0118,0.5,-0.0263,2.5069,1.5,1.5
27.75,8.6539,-0.0384,0.0304,0.5005,0.0118,0.5,-0.0263,2.5069,1.5,1.5
27.75,8.6539,-0.0384,0.0304,0.5005,0.0118,0.5,-0.0263,2.5069,1.5,1.5
27.783,8.6699,-0.038,0.0306,0.4753,0.0107,0.5,-0.0263,2.5069,1.5,1.5
27.783,8.6699,-0.038,0.0306,0.4753,0.0107,0.5,-0.0263,2.5069,1.5,1.5
27.8,8.6781,-0.0377,0.0306,0.4954,0.0122,0.5,-0.0263,2.5069,1.5,1.5
27.8,8.6781,-0.0377,0.0306,0.4954,0.0122,0.4737,-0.0263,2.5069,1.5,1.5
27.833,8.6947,-0.0373,0.0307,0.5005,0.0098,0.4737,-0.0263,2.4996,1.5,1.5
27.833,8.6947,-0.0373,0.0307,0.5005,0.0098,0.4737,-0.0263,2.4996,1.5,1.5
27.85,8.703,-0.037,0.0307,0.5008,0.0086,0.5,-0.0263,2.4996,1.5,1.5
27.85,8.703,-0.037,0.0307,0.5008,0.0086,0.5,-0.0263,2.4996,1.5,1.5
27.867,8.7114,-0.0367,0.0308,0.5007,0.0082,0.5,-0.0263,2.4996,1.5,1.5
27.867,8.7114,-0.0367,0.0308,0.5007,0.0082,0.5,-0.0263,2.4996,1.5,1.5
27.867,8.7114,-0.0367,0.0308,0.5007,0.0082,0.5,-0.0263,2.4996,1.5,1.5
27.9,8.7281,-0.0362,0.0308,0.5008,0.0058,0.5,-0.0263,2.4996,1.5,1.5
27.917,8.7364,-0.036,0.0307,0.5007,0.0046,0.4737,-0.0263,2.4996,1.5,1.5
27.917,8.7364,-0.036,0.0307,0.5007,0.0046,0.4737,-0.0263,2.5111,1.5,1.5
27.917,8.7364,-0.036,0.0307,0.5007,0.0046,0.4737,-0.0263,2.5111,1.5,1.5
27.95,8.7525,-0.0355,0.0306,0.4755,0.0019,0.4737,-0.0263,2.5111,1.5,1.5
27.95,8.7525,-0.0355,0.0306,0.4755,0.0019,0.4737,-0.0263,2.5111,1.5,1.5
27.967,8.7606,-0.0352,0.0305,0.4954,0.0002,0.5,-0.0263,2.5111,1.5,1.5
27.967,8.7606,-0.0352,0.0305,0.4954,0.0002,0.5,-0.0263,2.5111,1.5,1.5
28.0,8.7772,-0.0347,0.0303,0.5004,-0.0006,0.5,-0.0263,2.5111,1.5,1.5
28.0,8.7772,-0.0347,0.0303,0.5004,-0.0006,0.5,-0.0263,2.5111,1.5,1.5
28.017,8.7856,-0.0344,0.0302,0.5005,-0.0012,0.5,-0.0263,2.5111,1.5,1.5
28.033,8.7939,-0.0341,0.0301,0.5005,-0.0023,0.5,-0.0263,2.5046,1.5,1.5
28.033,8.7939,-0.0341,0.0301,0.5005,-0.0023,0.5,-0.0263,2.5046,1.5,1.5
28.033,8.7939,-0.0341,0.0301,0.5005,-0.0023,0.5,-0.0263,2.5046,1.5,1.5
28.067,8.81,-0.0336,0.0297,0.4751,-0.0043,0.5,-0.0263,2.5046,1.5,1.5
28.067,8.81,-0.0336,0.0297,0.4751,-0.0043,0.5,-0.0263,2.5046,1.5,1.5
28.083,8.8179,-0.0333,0.0295,0.4741,-0.0049,0.5,-0.0263,2.5046,1.5,1.5
28.083,8.8179,-0.0333,0.0295,0.4741,-0.0049,0.5,-0.0263,2.5046,1.5,1.5
28.083,8.8179,-0.0333,0.0295,0.4741,-0.0049,0.5,-0.0263,2.5046,1.5,1.5
28.117,8.8343,-0.0328,0.0291,0.4989,-0.0066,0.5,-0.0263,2.5046,1.5,1.5
28.133,8.8426,-0.0325,0.0289,0.4997,-0.0086,0.4737,-0.0263,2.5143,1.5,1.5
28.133,8.8426,-0.0325,0.0289,0.4997,-0.0086,0.4737,-0.0263,2.5143,1.5,1.5
28.133,8.8426,-0.0325,0.0289,0.4997,-0.0086,0.4737,-0.0263,2.5143,1.5,1.5
28.167,8.8592,-0.0319,0.0284,0.4998,-0.0102,0.4737,-0.0263,2.5143,1.5,1.5
28.167,8.8592,-0.0319,0.0284,0.4998,-0.0102,0.4737,-0.0263,2.5143,1.5,1.5
28.183,8.8676,-0.0316,0.0281,0.4997,-0.0113,0.5,-0.0263,2.5143,1.5,1.5
28.2,8.8759,-0.0314,0.0279,0.4996,-0.0119,0.5,-0.0263,2.5143,1.5,1.5
28.2,8.8759,-0.0314,0.0279,0.4996,-0.0119,0.5,-0.0263,2.5143,1.5,1.5
28.2,8.8759,-0.0314,0.0279,0.4996,-0.0119,0.5,-0.0263,2.5143,1.5,1.5
28.233,8.8925,-0.0308,0.0273,0.4996,-0.0134,0.5,-0.0263,2.5307,1.5,1.5
28.233,8.8925,-0.0308,0.0273,0.4996,-0.0134,0.5,-0.0263,2.5307,1.5,1.5
28.25,8.9009,-0.0305,0.027,0.4995,-0.0141,0.5,-0.0263,2.5307,1.5,1.5
28.25,8.9009,-0.0305,0.027,0.4995,-0.0141,0.5,-0.0263,2.5307,1.5,1.5
28.25,8.9009,-0.0305,0.027,0.4995,-0.0141,0.5,-0.0263,2.5307,1.5,1.5
28.283,8.9169,-0.03,0.0264,0.4744,-0.0151,0.5,-0.0263,2.5307,1.5,1.5
28.3,8.9248,-0.0298,0.026,0.4734,-0.0153,0.5,-0.0263,2.5307,1.5,1.5
28.3,8.9248,-0.0298,0.026,0.4734,-0.0153,0.5,-0.0263,2.5307,1.5,1.5
28.3,8.9248,-0.0298,0.026,0.4734,-0.0153,0.5,-0.0263,2.5307,1.5,1.5
28.333,8.9412,-0.0292,0.0254,0.4982,-0.0177,0.5,-0.0263,2.5038,1.5,1.5
28.333,8.9412,-0.0292,0.0254,0.4982,-0.0177,0.5,-0.0263,2.5038,1.5,1.5
28.35,8.9495,-0.029,0.0251,0.4993,-0.0176,0.5,-0.0263,2.5038,1.5,1.5
28.367,8.9578,-0.0287,0.0247,0.4995,-0.0185,0.5,-0.0263,2.5038,1.5,1.5
28.367,8.9578,-0.0287,0.0247,0.4995,-0.0185,0.5,-0.0263,2.5038,1.5,1.5
28.367,8.9578,-0.0287,0.0247,0.4995,-0.0185,0.5,-0.0263,2.5038,1.5,1.5
28.4,8.9744,-0.0282,0.024,0.4997,-0.0192,0.5,-0.0263,2.5038,1.5,1.5
28.4,8.9744,-0.0282,0.024,0.4997,-0.0192,0.5,-0.0263,2.5038,1.5,1.5
28.417,8.9828,-0.0279,0.0237,0.4997,-0.0196,0.5,-0.0263,2.5038,1.5,1.5
28.417,8.9828,-0.0279,0.0237,0.4997,-0.0196,0.5,-0.0263,2.5202,1.2619,1.5
28.417,8.9828,-0.0279,0.0237,0.4997,-0.0196,0.5,-0.0263,2.5202,1.2619,1.5
28.45,8.9994,-0.0274,0.023,0.4998,-0.02,0.5,-0.0263,2.5202,1.2619,1.5
28.467,9.0078,-0.0272,0.0226,0.4999,-0.0205,0.5,-0.0263,2.5202,1.2619,1.5
28.467,9.0078,-0.0272,0.0226,0.4999,-0.0205,0.5,-0.0263,2.5202,1.2619,1.5
28.467,9.0078,-0.0272,0.0226,0.4999,-0.0205,0.5,-0.0263,2.5202,1.2619,1.5
28.5,9.0244,-0.0267,0.0219,0.5001,-0.0205,0.5,-0.0263,2.5202,1.2619,1.5
28.5,9.0244,-0.0267,0.0219,0.5001,-0.0205,0.5,-0.0263,2.5202,1.2619,1.5
28.517,9.0328,-0.0265,0.0215,0.5001,-0.021,0.5,-0.0263,2.5202,1.2619,1.5
28.533,9.0411,-0.0262,0.0212,0.5002,-0.021,0.5,-0.0263,1.339,1.2619,1.5
28.533,9.0411,-0.0262,0.0212,0.5002,-0.021,0.5,-0.0263,1.339,1.2619,1.5
28.533,9.0411,-0.0262,0.0212,0.5002,-0.021,0.5,-0.0263,1.339,1.2619,1.5
28.567,9.0578,-0.0258,0.0204,0.5003,-0.0212,0.5,-0.0263,1.339,1.2619,1.5
28.567,9.0578,-0.0258,0.0204,0.5003,-0.0212,0.5,-0.0263,1.339,1.2619,1.5
28.583,9.0661,-0.0256,0.0201,0.5004,-0.0212,0.5,-0.0263,1.339,1.2619,1.5
28.583,9.0661,-0.0256,0.0201,0.5004,-0.0212,0.5,-0.0263,1.339,1.2619,1.5
28.583,9.0661,-0.0256,0.0201,0.5004,-0.0212,0.5,-0.0263,1.339,1.2619,1.5
28.617,9.0828,-0.0251,0.0194,0.5005,-0.0214,0.5,-0.0263,1.339,1.2619,1.5
28.633,9.0911,-0.0249,0.019,0.5005,-0.0214,0.4737,-0.0263,1.1772,1.0489,1.1706
28.633,9.0911,-0.0249,0.019,0.5005,-0.0214,0.4737,-0.0263,1.1772,1.0489,1.1706
28.633,9.0911,-0.0249,0.019,0.5005,-0.0214,0.4737,0.0,1.1772,1.0489,1.1706
28.667,9.1078,-0.0245,0.0182,0.5006,-0.0215,0.4737,0.0,1.1772,1.0489,1.1706
28.667,9.1078,-0.0245,0.0182,0.5006,-0.0215,0.4737,0.0,1.1772,1.0489,1.1706
28.683,9.1162,-0.0243,0.0178,0.5006,-0.0216,0.4474,-0.0263,1.1772,1.0489,1.1706
28.7,9.1245,-0.0241,0.0175,0.5006,-0.0216,0.4474,-0.0263,1.1772,1.0489,1.1706
28.7,9.1245,-0.0241,0.0175,0.5006,-0.0216,0.4474,-0.0263,1.1772,1.0489,1.1706
28.7,9.1245,-0.0241,0.0175,0.5006,-0.0216,0.4211,-0.0789,1.1772,1.0489,1.1706
28.7,9.1245,-0.0241,0.0175,0.5006,-0.0216,0.4211,-0.0789,1.0927,1.0489,1.1706
28.733,9.1412,-0.0237,0.0167,0.5006,-0.0219,0.4211,-0.0789,1.0927,1.0489,1.1706
28.75,9.1495,-0.0235,0.0163,0.5015,-0.0227,0.4211,-0.0789,1.0927,1.0489,1.1706
28.75,9.1495,-0.0235,0.0163,0.5015,-0.0227,0.4211,-0.0789,1.0927,1.0489,1.1706
28.75,9.1495,-0.0235,0.0163,0.5015,-0.0227,0.5,-0.1316,1.0927,1.0489,1.1706
28.783,9.1656,-0.0231,0.0156,0.4753,-0.0272,0.5,-0.1316,1.0927,1.0489,1.1706
28.8,9.1733,-0.0229,0.0153,0.4543,-0.0153,0.5,-0.1316,1.0927,1.0489,1.1706
28.8,9.1733,-0.0229,0.0153,0.4543,-0.0153,0.4375,-0.0789,1.0927,1.0489,1.1706
28.8,9.1733,-0.0229,0.0153,0.4543,-0.0153,0.3947,-0.0789,1.0927,1.0489,1.1706
28.833,9.1883,-0.0226,0.0145,0.4487,-0.0182,0.3947,-0.0789,1.02,0.8812,0.9424
28.833,9.1883,-0.0226,0.0145,0.4487,-0.0182,0.3947,-0.0789,1.02,0.8812,0.9424
28.85,9.1956,-0.0224,0.014,0.4276,-0.0168,0.3947,-0.0789,1.02,0.8812,0.9424
28.85,9.1956,-0.0224,0.014,0.4276,-0.0168,0.3947,-0.0789,1.02,0.8812,0.9424
28.867,9.2027,-0.0222,0.0135,0.4235,-0.0183,0.3684,-0.0789,1.02,0.8812,0.9424
28.867,9.2027,-0.0222,0.0135,0.4235,-0.0183,0.4211,-0.1316,1.02,0.8812,0.9424
28.9,9.2173,-0.0218,0.0121,0.4737,-0.0442,0.4211,-0.1316,1.02,0.8812,0.9424
28.9,9.2173,-0.0218,0.0121,0.4737,-0.0442,0.4211,-0.1316,1.02,0.8812,0.9424
28.917,9.2254,-0.0216,0.0112,0.4957,-0.05,0.3684,-0.0789,1.02,0.8812,0.9424
28.917,9.2254,-0.0216,0.0112,0.4957,-0.05,0.3684,-0.0789,0.9395,0.8812,0.9424
28.917,9.2254,-0.0216,0.0112,0.4957,-0.05,0.4474,-0.2389,0.9395,0.8812,0.9424
28.95,9.2399,-0.0212,0.0098,0.4045,-0.0278,0.4474,-0.3421,0.9395,0.8812,0.9424
28.967,9.2465,-0.021,0.0091,0.3975,-0.0296,0.5,-0.3947,0.9395,0.8812,0.9424
28.967,9.2465,-0.021,0.0091,0.3975,-0.0296,0.5,-0.3947,0.9395,0.8812,0.9424
28.967,9.2465,-0.021,0.0091,0.3975,-0.0296,0.5,-0.3947,0.9395,0.8812,0.9424
29.0,9.2595,-0.0207,0.0077,0.3745,-0.0321,0.5,-0.3947,0.9395,0.8812,0.9424
29.0,9.2595,-0.0207,0.0077,0.3745,-0.0321,0.5,-0.3947,0.9395,0.8812,0.9424
29.017,9.2661,-0.0205,0.0068,0.4012,-0.0368,0.5,-0.3947,0.9395,0.8812,0.9424
29.033,9.2729,-0.0203,0.0059,0.4187,-0.0569,0.5,-0.3947,0.8834,0.7744,0.788
29.033,9.2729,-0.0203,0.0059,0.4187,-0.0569,0.5,-0.3947,0.8834,0.7744,0.788
29.033,9.2729,-0.0203,0.0059,0.4187,-0.0569,0.4474,-0.3947,0.8834,0.7744,0.788
29.067,9.2862,-0.02,0.0038,0.4087,-0.0364,0.4474,-0.3947,0.8834,0.7744,0.788
29.067,9.2862,-0.02,0.0038,0.4087,-0.0364,0.4474,-0.3947,0.8834,0.7744,0.788
29.083,9.2932,-0.0197,0.0025,0.4133,-0.0816,0.4211,-0.3947,0.8834,0.7744,0.788
29.083,9.2932,-0.0197,0.0025,0.4133,-0.0816,0.4211,-0.3947,0.8834,0.7744,0.788
29.083,9.2932,-0.0197,0.0025,0.4133,-0.0816,0.4211,-0.3947,0.8834,0.7744,0.788
29.117,9.3084,-0.019,-0.0021,0.4745,-0.154,0.4211,-0.3947,0.8834,0.7744,0.788
29.133,9.3165,-0.0186,-0.0053,0.4999,-0.2011,0.3684,-0.3421,0.8375,0.7744,0.788
29.133,9.3165,-0.0186,-0.0053,0.4999,-0.2011,0.3684,-0.3421,0.8375,0.7744,0.788
29.133,9.3165,-0.0186,-0.0053,0.4999,-0.2011,0.4211,-0.3947,0.8375,0.7744,0.788
29.167,9.3335,-0.0175,-0.0133,0.521,-0.2584,0.4211,-0.3947,0.8375,0.7744,0.788
29.167,9.3335,-0.0175,-0.0133,0.521,-0.2584,0.3684,-0.3421,0.8375,0.7744,0.788
29.183,9.3418,-0.017,-0.0176,0.5017,-0.2434,0.3947,-0.3947,0.8375,0.7744,0.788
29.2,9.3499,-0.0166,-0.0216,0.4851,-0.2214,0.3684,-0.3421,0.8375,0.7744,0.788
29.2,9.3499,-0.0166,-0.0216,0.4851,-0.2214,0.3684,-0.3421,0.8375,0.7744,0.788
29.2,9.3499,-0.0166,-0.0216,0.4851,-0.2214,0.3684,-0.3421,0.8375,0.7744,0.788
29.233,9.3652,-0.0158,-0.0293,0.4434,-0.2353,0.3684,-0.3421,0.7962,0.6897,0.6921
29.233,9.3652,-0.0158,-0.0293,0.4434,-0.2353,0.3684,-0.3421,0.7962,0.6897,0.6921
29.25,9.3725,-0.0154,-0.0335,0.4435,-0.2458,0.3421,-0.3421,0.7962,0.6897,0.6921
29.25,9.3725,-0.0154,-0.0335,0.4435,-0.2458,0.3684,-0.3947,0.7962,0.6897,0.6921
29.25,9.3725,-0.0154,-0.0335,0.4435,-0.2458,0.3421,-0.4474,0.7962,0.6897,0.6921
29.283,9.3872,-0.0146,-0.0423,0.4415,-0.2514,0.3421,-0.4474,0.7962,0.6897,0.6921
29.3,9.3943,-0.0143,-0.0467,0.4284,-0.2291,0.3421,-0.4474,0.7962,0.6897,0.6921
29.3,9.3943,-0.0143,-0.0467,0.4284,-0.2291,0.3421,-0.4474,0.7962,0.6897,0.6921
29.3,9.3943,-0.0143,-0.0467,0.4284,-0.2291,0.3158,-0.3947,0.7962,0.6897,0.6921
29.333,9.4076,-0.0136,-0.0552,0.3877,-0.2284,0.3158,-0.3947,0.7492,0.6897,0.6921
29.333,9.4076,-0.0136,-0.0552,0.3877,-0.2284,0.3158,-0.3947,0.7492,0.6897,0.6921
29.35,9.4139,-0.0133,-0.0595,0.3765,-0.2558,0.2895,-0.3947,0.7492,0.6897,0.6921
29.367,9.4202,-0.0131,-0.0639,0.3778,-0.25,0.2895,-0.3947,0.7492,0.6897,0.6921
29.367,9.4202,-0.0131,-0.0639,0.3778,-0.25,0.2895,-0.3947,0.7492,0.6897,0.6921
29.367,9.4202,-0.0131,-0.0639,0.3778,-0.25,0.3158,-0.3947,0.7492,0.6897,0.6921
29.4,9.4327,-0.0125,-0.0732,0.3674,-0.2889,0.3158,-0.3947,0.7492,0.6897,0.6921
29.4,9.4327,-0.0125,-0.0732,0.3674,-0.2889,0.3158,-0.3947,0.7492,0.6897,0.6921
29.417,9.4388,-0.0122,-0.0783,0.3677,-0.297,0.3158,-0.3947,0.7142,0.6897,0.6173
29.417,9.4388,-0.0122,-0.0783,0.3677,-0.297,0.3158,-0.3947,0.7142,0.5962,0.6173
29.45,9.4508,-0.0116,-0.0885,0.3545,-0.2732,0.3158,-0.3947,0.7142,0.5962,0.6173
29.45,9.4508,-0.0116,-0.0885,0.3545,-0.2732,0.3158,-0.4474,0.7142,0.5962,0.6173
29.467,9.4565,-0.0113,-0.0936,0.3305,-0.3094,0.3158,-0.4474,0.7142,0.5962,0.6173
29.467,9.4565,-0.0113,-0.0936,0.3305,-0.3094,0.3158,-0.4474,0.7142,0.5962,0.6173
29.467,9.4565,-0.0113,-0.0936,0.3305,-0.3094,0.3158,-0.4474,0.7142,0.5962,0.6173
29.5,9.467,-0.0109,-0.1035,0.3118,-0.262,0.3158,-0.4474,0.7142,0.5962,0.6173
29.517,9.4723,-0.0107,-0.1085,0.3172,-0.3192,0.3158,-0.4474,0.7142,0.5962,0.6173
29.517,9.4723,-0.0107,-0.1085,0.3172,-0.3192,0.3158,-0.4474,0.7142,0.5962,0.6173
29.533,9.4777,-0.0105,-0.1138,0.3246,-0.309,0.2533,-0.3947,0.6754,0.5962,0.6173
29.533,9.4777,-0.0105,-0.1138,0.3246,-0.309,0.1908,-0.3421,0.6754,0.5962,0.6173
29.533,9.4777,-0.0105,-0.1138,0.3246,-0.309,0.1842,-0.3421,0.6754,0.5962,0.6173
29.567,9.4885,-0.0101,-0.1247,0.3193,-0.3412,0.1842,-0.3421,0.6754,0.5962,0.6173
29.583,9.494,-0.0099,-0.1305,0.3284,-0.3411,0.1842,-0.3947,0.6754,0.5962,0.6173
29.583,9.494,-0.0099,-0.1305,0.3284,-0.3411,0.1842,-0.3947,0.6754,0.5962,0.6173
29.583,9.494,-0.0099,-0.1305,0.3284,-0.3411,0.1842,-0.3947,0.6754,0.5962,0.6173
29.617,9.505,-0.0096,-0.1424,0.3352,-0.3333,0.1842,-0.3947,0.6754,0.5962,0.6173
29.617,9.505,-0.0096,-0.1424,0.3352,-0.3333,0.1842,-0.3947,0.6466,0.5175,0.564
29.633,9.5106,-0.0094,-0.1485,0.3252,-0.3777,0.1842,-0.2368,0.6466,0.5175,0.564
29.633,9.5106,-0.0094,-0.1485,0.3252,-0.3777,0.1842,-0.2368,0.6466,0.5175,0.564
29.633,9.5106,-0.0094,-0.1485,0.3252,-0.3777,0.1842,-0.2368,0.6466,0.5175,0.564
29.667,9.5212,-0.0092,-0.161,0.3023,-0.3312,0.1842,-0.2368,0.6466,0.5175,0.564
29.683,9.5257,-0.0091,-0.1661,0.2483,-0.2729,0.1842,-0.2895,0.6466,0.5175,0.564
29.683,9.5257,-0.0091,-0.1661,0.2483,-0.2729,0.1842,-0.2895,0.6466,0.5175,0.564
29.7,9.5295,-0.0091,-0.1709,0.2191,-0.2776,0.1579,-0.1842,0.6466,0.5175,0.564
29.7,9.5295,-0.0091,-0.1709,0.2191,-0.2776,0.1579,-0.1842,0.6466,0.5175,0.564
29.7,9.5295,-0.0091,-0.1709,0.2191,-0.2776,0.1579,-0.1842,0.6141,0.5175,0.564
29.733,9.5365,-0.0089,-0.18,0.2107,-0.2442,0.1579,-0.1842,0.6141,0.5175,0.564
29.75,9.54,-0.0088,-0.1847,0.1993,-0.2781,0.1579,-0.1842,0.6141,0.5175,0.564
29.75,9.54,-0.0088,-0.1847,0.1993,-0.2781,0.1579,-0.1842,0.6141,0.5175,0.564
29.75,9.54,-0.0088,-0.1847,0.1993,-0.2781,0.1579,-0.1842,0.6141,0.5175,0.564
29.783,9.5465,-0.0087,-0.1931,0.1858,-0.2586,0.1579,-0.1842,0.6141,0.5175,0.564
29.783,9.5465,-0.0087,-0.1931,0.1858,-0.2586,0.1579,-0.1842,0.6141,0.5175,0.564
29.8,9.5497,-0.0087,-0.1973,0.1886,-0.2388,0.1579,-0.1842,0.6141,0.5175,0.564
29.8,9.5497,-0.0087,-0.1973,0.1886,-0.2388,0.1579,-0.1842,0.6141,0.5175,0.564
29.833,9.5559,-0.0087,-0.2055,0.1726,-0.23,0.1579,-0.1842,0.589,0.4598,0.5295
29.833,9.5559,-0.0087,-0.2055,0.1726,-0.23,0.1579,-0.1842,0.589,0.4598,0.5295
29.85,9.5587,-0.0087,-0.2092,0.1658,-0.2316,0.1579,-0.1842,0.589,0.4598,0.5295
29.85,9.5587,-0.0087,-0.2092,0.1658,-0.2316,0.1579,-0.1842,0.589,0.4598,0.5295
29.867,9.5615,-0.0087,-0.2129,0.1613,-0.2205,0.1579,-0.2895,0.589,0.4598,0.5295
29.867,9.5615,-0.0087,-0.2129,0.1613,-0.2205,0.1579,-0.2895,0.589,0.4598,0.5295
29.9,9.5669,-0.0088,-0.22,0.1546,-0.2163,0.1579,-0.2895,0.589,0.4598,0.5295
29.9,9.5669,-0.0088,-0.22,0.1546,-0.2163,0.1579,-0.2895,0.589,0.4598,0.5295
29.917,9.5695,-0.0088,-0.2235,0.1531,-0.2146,0.1579,-0.2895,0.589,0.4598,0.5295
29.917,9.5695,-0.0088,-0.2235,0.1531,-0.2146,0.1579,-0.2895,0.5749,0.4598,0.5295
29.917,9.5695,-0.0088,-0.2235,0.1531,-0.2146,0.1579,-0.2895,0.5749,0.4598,0.5295
29.95,9.5748,-0.009,-0.2304,0.1521,-0.2151,0.1579,-0.2895,0.5749,0.4598,0.5295
29.967,9.5774,-0.009,-0.2339,0.1515,-0.2138,0.1579,-0.2895,0.5749,0.4598,0.5295
29.967,9.5774,-0.009,-0.2339,0.1515,-0.2138,0.1579,-0.2895,0.5749,0.4598,0.5295
29.967,9.5774,-0.009,-0.2339,0.1515,-0.2138,0.1579,-0.2895,0.5749,0.4598,0.5295
30.0,9.5826,-0.0091,-0.2413,0.1599,-0.2257,0.1579,-0.2895,0.5749,0.4598,0.5295
30.0,9.5826,-0.0091,-0.2413,0.1599,-0.2257,0.1579,-0.2895,0.5749,0.4598,0.5295
30.017,9.5854,-0.0092,-0.2453,0.164,-0.2319,0.1053,-0.2368,0.5749,0.4598,0.5295
30.033,9.5882,-0.0092,-0.2493,0.1633,-0.2365,0.1579,-0.2368,0.566,0.4238,0.5106
30.033,9.5882,-0.0092,-0.2493,0.1633,-0.2365,0.1579,-0.2368,0.566,0.4238,0.5106
30.033,9.5882,-0.0092,-0.2493,0.1633,-0.2365,0.1579,-0.2368,0.566,0.4238,0.5106
30.067,9.5937,-0.0094,-0.2576,0.1634,-0.242,0.1579,-0.2368,0.566,0.4238,0.5106
30.067,9.5937,-0.0094,-0.2576,0.1634,-0.242,0.1579,-0.2368,0.566,0.4238,0.5106
30.083,9.5965,-0.0095,-0.2618,0.1605,-0.2493,0.1579,-0.2368,0.566,0.4238,0.5106
30.083,9.5965,-0.0095,-0.2618,0.1605,-0.2493,0.1579,-0.2368,0.566,0.4238,0.5106
30.083,9.5965,-0.0095,-0.2618,0.1605,-0.2493,0.1579,-0.2368,0.566,0.4238,0.5106
30.117,9.602,-0.0096,-0.2702,0.1611,-0.2551,0.1579,-0.2368,0.566,0.4238,0.5106
30.133,9.6044,-0.0097,-0.2741,0.1371,-0.209,0.1579,-0.2368,0.551,0.4238,0.5106
30.133,9.6044,-0.0097,-0.2741,0.1371,-0.209,0.1579,-0.2368,0.551,0.4238,0.5106
30.133,9.6044,-0.0097,-0.2741,0.1371,-0.209,0.1579,-0.2368,0.551,0.4238,0.5106
30.167,9.6095,-0.0099,-0.282,0.1539,-0.2433,0.1579,-0.2368,0.551,0.4238,0.5106
30.167,9.6095,-0.0099,-0.282,0.1539,-0.2433,0.1579,-0.2368,0.551,0.4238,0.5106
30.183,9.6122,-0.01,-0.2861,0.1543,-0.2533,0.1579,-0.2368,0.551,0.4238,0.5106
30.2,9.6148,-0.0101,-0.2902,0.1539,-0.2531,0.1579,-0.2368,0.551,0.4238,0.5106
30.2,9.6148,-0.0101,-0.2902,0.1539,-0.2531,0.1579,-0.2368,0.551,0.4238,0.5106
30.2,9.6148,-0.0101,-0.2902,0.1539,-0.2531,0.1579,-0.2368,0.5382,0.4,0.5106
30.233,9.6201,-0.0104,-0.2985,0.1537,-0.2548,0.1579,-0.2368,0.5382,0.4,0.5148
30.25,9.6228,-0.0105,-0.3027,0.1535,-0.2562,0.1579,-0.2368,0.5382,0.4,0.5148
30.25,9.6228,-0.0105,-0.3027,0.1535,-0.2562,0.1579,-0.2368,0.5382,0.4,0.5148
30.25,9.6228,-0.0105,-0.3027,0.1535,-0.2562,0.1579,-0.2368,0.5382,0.4,0.5148
30.283,9.6281,-0.0109,-0.3111,0.1529,-0.2586,0.1579,-0.2368,0.5382,0.4,0.5148
30.283,9.6281,-0.0109,-0.3111,0.1529,-0.2586,0.1579,-0.2368,0.5382,0.4,0.5148
30.3,9.6307,-0.011,-0.3154,0.1526,-0.2598,0.1579,-0.2368,0.5382,0.4,0.5148
30.3,9.6307,-0.011,-0.3154,0.1526,-0.2598,0.1579,-0.2368,0.5382,0.4,0.5148
30.3,9.6307,-0.011,-0.3154,0.1526,-0.2598,0.1579,-0.2368,0.5236,0.4,0.5148
30.333,9.636,-0.0114,-0.3239,0.1525,-0.2623,0.1579,-0.2895,0.5236,0.4,0.5148
30.35,9.6387,-0.0116,-0.3282,0.1522,-0.2643,0.1316,-0.2895,0.5236,0.4,0.5148
30.35,9.6387,-0.0116,-0.3282,0.1522,-0.2643,0.1316,-0.2895,0.5236,0.4,0.5148
30.367,9.6413,-0.0118,-0.3325,0.152,-0.2656,0.1316,-0.2895,0.5236,0.4,0.5148
30.367,9.6413,-0.0118,-0.3325,0.152,-0.2656,0.1316,-0.2895,0.5236,0.4,0.5148
30.4,9.6466,-0.0122,-0.3412,0.1514,-0.2678,0.1316,-0.2895,0.5236,0.4,0.5148
30.4,9.6466,-0.0122,-0.3412,0.1514,-0.2678,0.1316,-0.2895,0.5236,0.4,0.5148
30.417,9.6492,-0.0124,-0.3456,0.1513,-0.2699,0.1316,-0.2895,0.5236,0.4,0.5148
30.417,9.6492,-0.0124,-0.3456,0.1513,-0.2699,0.1316,-0.2895,0.5166,1.5,1.2055
30.417,9.6492,-0.0124,-0.3456,0.1513,-0.2699,0.1316,-0.2368,0.5166,1.5,1.2055
30.45,9.6544,-0.0129,-0.3545,0.1507,-0.2734,0.1316,-0.2368,0.5166,1.5,1.2055
30.467,9.6569,-0.0131,-0.3589,0.1402,-0.2447,0.1316,-0.2368,0.5166,1.5,1.2055
30.467,9.6569,-0.0131,-0.3589,0.1402,-0.2447,0.1316,-0.2368,0.5166,1.5,1.2055
30.467,9.6569,-0.0131,-0.3589,0.1402,-0.2447,0.1316,-0.2368,0.5166,1.5,1.2055
30.5,9.6616,-0.0135,-0.3675,0.1353,-0.2748,0.1316,-0.2368,0.5166,1.5,1.2055
30.5,9.6616,-0.0135,-0.3675,0.1353,-0.2748,0.1316,-0.2368,0.5166,1.5,1.2055
30.517,9.664,-0.0137,-0.3719,0.1386,-0.2425,0.1579,-0.2895,0.5166,1.5,1.2055
30.533,9.6663,-0.0139,-0.3762,0.1338,-0.2666,0.1579,-0.2895,0.5076,1.5,1.2055
30.533,9.6663,-0.0139,-0.3762,0.1338,-0.2666,0.1579,-0.2895,0.5076,1.5,1.2055
30.533,9.6663,-0.0139,-0.3762,0.1338,-0.2666,0.1579,-0.2895,0.5076,1.5,1.2055
30.567,9.6709,-0.0143,-0.3847,0.1295,-0.2561,0.1053,-0.1316,0.5076,1.5,1.2055
30.567,9.6709,-0.0143,-0.3847,0.1295,-0.2561,0.1053,-0.1316,0.5076,1.5,1.2055
30.583,9.6732,-0.0146,-0.3888,0.129,-0.2496,0.1053,-0.0789,0.5076,1.5,1.2055
30.583,9.6732,-0.0146,-0.3888,0.129,-0.2496,0.1053,-0.0789,0.5076,1.5,1.2055
30.583,9.6732,-0.0146,-0.3888,0.129,-0.2496,0.1053,-0.0789,0.5076,1.5,1.2055
30.617,9.6777,-0.015,-0.3971,0.1282,-0.2521,0.1053,-0.0789,0.5076,1.5,1.2055
30.633,9.6801,-0.0153,-0.4016,0.144,-0.3022,0.1053,-0.0789,0.5115,1.4072,1.1194
30.633,9.6801,-0.0153,-0.4016,0.144,-0.3022,0.1053,-0.0789,0.5115,1.4072,1.1194
30.633,9.6801,-0.0153,-0.4016,0.144,-0.3022,0.0789,-0.1842,0.5115,1.4072,1.1194
30.667,9.6853,-0.0159,-0.4116,0.1531,-0.3089,0.0789,-0.1842,0.5115,1.4072,1.1194
30.667,9.6853,-0.0159,-0.4116,0.1531,-0.3089,0.0789,-0.1842,0.5115,1.4072,1.1194
30.683,9.6876,-0.0162,-0.416,0.12,-0.2458,0.0789,-0.1842,0.5115,1.4072,1.1194
30.7,9.6896,-0.0164,-0.4198,0.1094,-0.2259,0.0789,-0.1842,0.5115,1.4072,1.1194
30.7,9.6896,-0.0164,-0.4198,0.1094,-0.2259,0.0789,-0.1842,0.5115,1.4072,1.1194
30.7,9.6896,-0.0164,-0.4198,0.1094,-0.2259,0.0789,-0.1842,0.5115,1.4072,1.1194
30.733,9.6932,-0.0169,-0.4262,0.1007,-0.2051,0.0789,-0.1842,0.4977,1.4072,1.1194
30.733,9.6932,-0.0169,-0.4262,0.1007,-0.2051,0.0789,-0.1842,0.4977,1.4072,1.1194
30.75,9.6949,-0.0172,-0.4292,0.0989,-0.2033,0.0789,-0.0789,0.4977,1.4072,1.1194
30.75,9.6949,-0.0172,-0.4292,0.0989,-0.2033,0.0789,-0.0789,0.4977,1.4072,1.1194
30.75,9.6949,-0.0172,-0.4292,0.0989,-0.2033,0.0789,-0.0789,0.4977,1.4072,1.1194
30.783,9.698,-0.0175,-0.4357,0.0878,-0.157,0.0789,-0.0789,0.4977,1.4072,1.1194
30.8,9.6995,-0.0178,-0.4384,0.0826,-0.1618,0.1316,-0.2368,0.4977,1.4072,1.1194
30.8,9.6995,-0.0178,-0.4384,0.0826,-0.1618,0.1316,-0.2368,0.4977,1.4072,1.1194
30.8,9.6995,-0.0178,-0.4384,0.0826,-0.1618,0.1316,-0.2368,0.4977,1.4072,1.1194
30.833,9.7022,-0.0181,-0.444,0.079,-0.1635,0.1316,-0.2368,0.5141,1.3143,1.044
30.833,9.7022,-0.0181,-0.444,0.079,-0.1635,0.1316,-0.2368,0.5141,1.3143,1.044
30.85,9.7036,-0.0183,-0.4468,0.0782,-0.1696,0.1316,-0.2368,0.5141,1.3143,1.044
30.867,9.705,-0.0185,-0.4496,0.0785,-0.163,0.1316,-0.2368,0.5141,1.3143,1.044
30.867,9.705,-0.0185,-0.4496,0.0785,-0.163,0.1316,-0.2368,0.5141,1.3143,1.044
30.867,9.705,-0.0185,-0.4496,0.0785,-0.163,0.1316,-0.2368,0.5141,1.3143,1.044
30.9,9.7076,-0.0189,-0.4547,0.0713,-0.1583,0.1316,-0.2368,0.5141,1.3143,1.044
30.9,9.7076,-0.0189,-0.4547,0.0713,-0.1583,0.1316,-0.2368,0.5141,1.3143,1.044
30.917,9.7089,-0.0191,-0.457,0.0716,-0.1532,0.1316,-0.2368,0.5141,1.3143,1.044
30.917,9.7089,-0.0191,-0.457,0.0716,-0.1532,0.1316,-0.2368,0.5227,1.3143,1.044
30.917,9.7089,-0.0191,-0.457,0.0716,-0.1532,0.1316,-0.2368,0.5227,1.3143,1.044
30.95,9.7125,-0.0196,-0.4646,0.125,-0.2449,0.1316,-0.2368,0.5227,1.3143,1.044
30.967,9.7146,-0.0199,-0.469,0.1213,-0.2881,0.1316,-0.2368,0.5227,1.3143,1.044
30.967,9.7146,-0.0199,-0.469,0.1213,-0.2881,0.1316,-0.2368,0.5227,1.3143,1.044
30.967,9.7146,-0.0199,-0.469,0.1213,-0.2881,0.1316,-0.2368,0.5227,1.3143,1.044
31.0,9.719,-0.0206,-0.478,0.123,-0.2754,0.1316,-0.2368,0.5227,1.3143,1.044
31.017,9.7211,-0.0209,-0.4825,0.1234,-0.2745,0.1053,-0.1842,0.5227,1.3143,1.044
31.017,9.7211,-0.0209,-0.4825,0.1234,-0.2745,0.1053,-0.1842,0.5523,1.2378,0.9856
31.033,9.7233,-0.0213,-0.487,0.1228,-0.2766,0.0789,-0.1316,0.5523,1.2378,0.9856
31.033,9.7233,-0.0213,-0.487,0.1228,-0.2766,0.0789,-0.1316,0.5523,1.2378,0.9856
31.033,9.7233,-0.0213,-0.487,0.1228,-0.2766,0.0789,-0.1316,0.5523,1.2378,0.9856
31.033,9.7233,-0.0213,-0.487,0.1228,-0.2766,0.0789,-0.1316,0.5523,1.2378,0.9856
31.067,9.7276,-0.022,-0.496,0.1223,-0.2789,0.0789,-0.1316,0.5523,1.2378,0.9856
31.067,9.7276,-0.022,-0.496,0.1223,-0.2789,0.0789,-0.1316,0.5523,1.2378,0.9856
31.083,9.7297,-0.0224,-0.5006,0.1221,-0.2791,0.0789,-0.1842,0.5523,1.2378,0.9856
31.083,9.7297,-0.0224,-0.5006,0.1221,-0.2791,0.0789,-0.1842,0.5523,1.2378,0.9856
31.083,9.7297,-0.0224,-0.5006,0.1221,-0.2791,0.0789,-0.1842,0.5523,1.2378,0.9856
31.117,9.734,-0.0231,-0.5098,0.1217,-0.2816,0.0789,-0.1842,0.5523,1.2378,0.9856
31.133,9.736,-0.0235,-0.5141,0.1131,-0.2654,0.0789,-0.1842,1.1804,1.2378,0.9856
31.133,9.736,-0.0235,-0.5141,0.1131,-0.2654,0.0789,-0.1842,1.1804,1.2378,0.9856
31.133,9.736,-0.0235,-0.5141,0.1131,-0.2654,0.0789,-0.1842,1.1804,1.2378,0.9856
31.167,9.7393,-0.0241,-0.5212,0.0839,-0.1972,0.0789,-0.1842,1.1804,1.2378,0.9856
31.167,9.7393,-0.0241,-0.5212,0.0839,-0.1972,0.0789,-0.1842,1.1804,1.2378,0.9856
31.183,9.7407,-0.0243,-0.5242,0.0808,-0.1976,0.0789,-0.1842,1.1804,1.2378,0.9856
31.2,9.742,-0.0246,-0.5272,0.0794,-0.1839,0.0789,-0.1842,1.1804,1.2378,0.9856
31.2,9.742,-0.0246,-0.5272,0.0794,-0.1839,0.0789,-0.1842,1.1804,1.2378,0.9856
31.2,9.742,-0.0246,-0.5272,0.0794,-0.1839,0.0789,-0.1842,1.1804,1.2378,0.9856
31.233,9.7448,-0.0251,-0.5336,0.0775,-0.1773,0.0789,-0.1842,1.1465,1.1813,0.9387
31.233,9.7448,-0.0251,-0.5336,0.0775,-0.1773,0.1053,-0.1842,1.1465,1.1813,0.9387
31.25,9.7461,-0.0253,-0.5365,0.0741,-0.194,0.1053,-0.1842,1.1465,1.1813,0.9387
31.25,9.7461,-0.0253,-0.5365,0.0741,-0.194,0.1053,-0.1842,1.1465,1.1813,0.9387
31.25,9.7461,-0.0253,-0.5365,0.0741,-0.194,0.1053,-0.1842,1.1465,1.1813,0.9387
31.283,9.7488,-0.0258,-0.5425,0.0739,-0.1939,0.1053,-0.1842,1.1465,1.1813,0.9387
31.3,9.7501,-0.0261,-0.5456,0.0764,-0.1813,0.1053,-0.1842,1.1465,1.1813,0.9387
31.3,9.7501,-0.0261,-0.5456,0.0764,-0.1813,0.1053,-0.1842,1.1465,1.1813,0.9387
31.3,9.7501,-0.0261,-0.5456,0.0764,-0.1813,0.1053,-0.1842,1.1465,1.1813,0.9387
31.333,9.7528,-0.0266,-0.5518,0.0759,-0.1846,0.1053,-0.1842,1.11,1.1813,0.9387
31.333,9.7528,-0.0266,-0.5518,0.0759,-0.1846,0.1053,-0.1842,1.11,1.1813,0.9387
31.35,9.7541,-0.0269,-0.5548,0.0746,-0.195,0.1053,-0.1842,1.11,1.1813,0.9387
31.367,9.7556,-0.0272,-0.5582,0.0903,-0.2213,0.1053,-0.1842,1.11,1.1813,0.9387
31.367,9.7556,-0.0272,-0.5582,0.0903,-0.2213,0.1053,-0.1842,1.11,1.1813,0.9387
31.367,9.7556,-0.0272,-0.5582,0.0903,-0.2213,0.1053,-0.1842,1.11,1.1813,0.9387
31.4,9.7589,-0.0279,-0.5657,0.0944,-0.2318,0.1053,-0.1842,1.11,1.1813,0.9387
31.4,9.7589,-0.0279,-0.5657,0.0944,-0.2318,0.1053,-0.1842,1.11,1.1813,0.9387
31.417,9.7605,-0.0282,-0.5695,0.0935,-0.24,0.0789,-0.1316,1.11,1.1813,0.9387
31.417,9.7605,-0.0282,-0.5695,0.0935,-0.24,0.0789,-0.1316,1.1044,1.1138,0.8883
31.417,9.7605,-0.0282,-0.5695,0.0935,-0.24,0.0789,-0.1316,1.1044,1.1138,0.8883
31.45,9.7638,-0.029,-0.5772,0.0929,-0.2503,0.0789,-0.1316,1.1044,1.1138,0.8883
31.467,9.7655,-0.0293,-0.5811,0.0937,-0.24,0.0789,-0.1316,1.1044,1.1138,0.8883
31.467,9.7655,-0.0293,-0.5811,0.0937,-0.24,0.0789,0.0,1.1044,1.1138,0.8883
31.467,9.7655,-0.0293,-0.5811,0.0937,-0.24,0.0789,-0.1316,1.1044,1.1138,0.8883
31.5,9.7688,-0.0301,-0.5889,0.0941,-0.2457,0.0789,-0.1316,1.1044,1.1138,0.8883
31.5,9.7688,-0.0301,-0.5889,0.0941,-0.2457,0.0789,-0.1316,1.1044,1.1138,0.8883
31.517,9.7705,-0.0305,-0.5928,0.0951,-0.2457,0.0789,-0.1316,1.1044,1.1138,0.8883
31.533,9.7722,-0.0309,-0.5968,0.093,-0.2501,0.0789,-0.1316,1.0595,1.1138,0.8883
31.533,9.7722,-0.0309,-0.5968,0.093,-0.2501,0.0789,-0.1316,1.0595,1.1138,0.8883
31.533,9.7722,-0.0309,-0.5968,0.093,-0.2501,0.0789,-0.1316,1.0595,1.1138,0.8883
31.567,9.7751,-0.0316,-0.6038,0.0802,-0.2078,0.0789,-0.1316,1.0595,1.1138,0.8883
31.567,9.7751,-0.0316,-0.6038,0.0802,-0.2078,0.0789,-0.1316,1.0595,1.1138,0.8883
31.583,9.7764,-0.0319,-0.6071,0.0766,-0.1995,0.0526,-0.1316,1.0595,1.1138,0.8883
31.583,9.7764,-0.0319,-0.6071,0.0766,-0.1995,0.0526,-0.1316,1.0595,1.1138,0.8883
31.583,9.7764,-0.0319,-0.6071,0.0766,-0.1995,0.1053,-0.1842,1.0595,1.1138,0.8883
31.617,9.779,-0.0325,-0.6133,0.073,-0.1895,0.1053,-0.1842,1.0595,1.1138,0.8883
31.633,9.7803,-0.0328,-0.6164,0.0687,-0.1911,0.0789,-0.1316,1.0455,1.0679,0.8525
31.633,9.7803,-0.0328,-0.6164,0.0687,-0.1911,0.0789,-0.1316,1.0455,1.0679,0.8525
31.633,9.7803,-0.0328,-0.6164,0.0687,-0.1911,0.0789,-0.1316,1.0455,1.0679,0.8525
31.667,9.7827,-0.0335,-0.6225,0.0673,-0.1903,0.0789,-0.1316,1.0455,1.0679,0.8525
31.667,9.7827,-0.0335,-0.6225,0.0673,-0.1903,0.0789,-0.1316,1.0455,1.0679,0.8525
31.683,9.784,-0.0338,-0.6254,0.068,-0.1797,0.0526,-0.0789,1.0455,1.0679,0.8525
31.7,9.7852,-0.0341,-0.6283,0.0665,-0.1908,0.0526,-0.0789,1.0455,1.0679,0.8525
31.7,9.7852,-0.0341,-0.6283,0.0665,-0.1908,0.0526,0.0,1.0455,1.0679,0.8525
31.7,9.7852,-0.0341,-0.6283,0.0665,-0.1908,0.0526,0.0,1.0455,1.0679,0.8525
31.7,9.7852,-0.0341,-0.6283,0.0665,-0.1908,0.0526,0.0,1.0455,1.0679,0.8525
31.7,9.7852,-0.0341,-0.6283,0.0665,-0.1908,0.0526,0.0,1.0231,1.0679,0.8525
31.733,9.7876,-0.0347,-0.6342,0.0864,-0.2329,0.0526,0.0,1.0231,1.0679,0.8525
31.75,9.7891,-0.0351,-0.638,0.0899,-0.245,0.0526,0.0,1.0231,1.0679,0.8525
31.75,9.7891,-0.0351,-0.638,0.0899,-0.245,0.0526,0.0,1.0231,1.0679,0.8525
31.75,9.7891,-0.0351,-0.638,0.0899,-0.245,0.0526,0.0,1.0231,1.0679,0.8525
31.783,9.792,-0.0359,-0.6452,0.0761,-0.2213,0.0526,0.0,1.0231,1.0679,0.8525
31.783,9.792,-0.0359,-0.6452,0.0761,-0.2213,0.0526,0.0,1.0231,1.0679,0.8525
31.8,9.7931,-0.0362,-0.6482,0.0599,-0.1627,0.0526,0.0,1.0231,1.0679,0.8525
31.8,9.7931,-0.0362,-0.6482,0.0599,-0.1627,0.0526,-0.0789,1.0231,1.0679,0.8525
31.8,9.7931,-0.0362,-0.6482,0.0599,-0.1627,0.0526,-0.0789,1.0016,1.0176,0.8155
31.833,9.7948,-0.0367,-0.652,0.0402,-0.1116,0.0526,-0.0789,1.0016,1.0176,0.8155
31.85,9.7955,-0.037,-0.6535,0.0464,-0.0891,0.0526,-0.0789,1.0016,1.0176,0.8155
31.85,9.7955,-0.037,-0.6535,0.0464,-0.0891,0.0526,-0.0789,1.0016,1.0176,0.8155
31.867,9.7963,-0.0373,-0.6548,0.0488,-0.0645,0.0526,-0.0789,1.0016,1.0176,0.8155
31.867,9.7963,-0.0373,-0.6548,0.0488,-0.0645,0.0526,-0.0789,1.0016,1.0176,0.8155
31.867,9.7963,-0.0373,-0.6548,0.0488,-0.0645,0.0789,-0.1316,1.0016,1.0176,0.8155
31.9,9.7977,-0.038,-0.6565,0.048,-0.0411,0.0526,0.0263,1.0016,1.0176,0.8155
31.917,9.7984,-0.0385,-0.6572,0.0496,-0.0242,0.0526,0.0789,1.0016,1.0176,0.8155
31.917,9.7984,-0.0385,-0.6572,0.0496,-0.0242,0.0526,0.0789,1.0016,1.0176,0.8155
31.917,9.7984,-0.0385,-0.6572,0.0496,-0.0242,0.0526,0.0789,0.9947,1.0176,0.8155
31.95,9.7999,-0.0392,-0.6592,0.0475,-0.0934,0.0526,0.0789,0.9947,1.0176,0.8155
31.95,9.7999,-0.0392,-0.6592,0.0475,-0.0934,0.0526,0.0789,0.9947,1.0176,0.8155
31.967,9.8006,-0.0395,-0.6609,0.0505,-0.1262,0.0526,0.0789,0.9947,1.0176,0.8155
31.967,9.8006,-0.0395,-0.6609,0.0505,-0.1262,0.0526,0.0789,0.9947,1.0176,0.8155
31.967,9.8006,-0.0395,-0.6609,0.0505,-0.1262,0.0526,0.0789,0.9947,1.0176,0.8155
32.0,9.8022,-0.04,-0.6645,0.0438,-0.1223,0.0526,0.0789,0.9947,1.0176,0.8155
32.017,9.803,-0.0403,-0.6659,0.0476,-0.0758,0.0526,0.0789,0.9947,1.0176,0.8155
32.017,9.803,-0.0403,-0.6659,0.0476,-0.0758,0.0526,0.0789,0.9783,0.9789,0.7862
32.033,9.8037,-0.0407,-0.6668,0.0499,-0.0319,0.0526,0.0789,0.9783,0.9789,0.7862
32.033,9.8037,-0.0407,-0.6668,0.0499,-0.0319,0.0526,0.0789,0.9783,0.9789,0.7862
32.033,9.8037,-0.0407,-0.6668,0.0499,-0.0319,0.0526,0.0789,0.9783,0.9789,0.7862
32.067,9.8049,-0.0417,-0.6666,0.0491,0.0198,0.0526,0.0789,0.9783,0.9789,0.7862
32.083,9.8055,-0.0422,-0.6663,0.05,0.0227,0.0,-0.0789,0.9783,0.9789,0.7862
32.083,9.8055,-0.0422,-0.6663,0.05,0.0227,0.0,-0.0789,0.9783,0.9789,0.7862
32.083,9.8055,-0.0422,-0.6663,0.05,0.0227,0.0,-0.0789,0.9783,0.9789,0.7862
32.117,9.8067,-0.0433,-0.6656,0.0507,0.03,0.0,-0.0789,0.9783,0.9789,0.7862
32.117,9.8067,-0.0433,-0.6656,0.0507,0.03,0.0,-0.0789,0.9783,0.9789,0.7862
32.133,9.8074,-0.0439,-0.6652,0.0473,0.0242,0.0526,0.0263,0.9815,0.9789,0.7862
32.133,9.8074,-0.0439,-0.6652,0.0473,0.0242,0.0526,0.0263,0.9815,0.9789,0.7862
32.133,9.8074,-0.0439,-0.6652,0.0473,0.0242,0.0526,0.0263,0.9815,0.9789,0.7862
32.167,9.8086,-0.0449,-0.6649,0.0482,0.0076,0.0526,0.0263,0.9815,0.9789,0.7862
32.183,9.8092,-0.0454,-0.6648,0.0491,0.0124,0.0263,0.0263,0.9815,0.9789,0.7862
32.183,9.8092,-0.0454,-0.6648,0.0491,0.0124,0.0263,0.0263,0.9815,0.9789,0.7862
32.2,9.8098,-0.0459,-0.6647,0.0496,0.0232,0.0263,0.0,0.9815,0.9789,0.7862
32.2,9.8098,-0.0459,-0.6647,0.0496,0.0232,0.0263,0.0,0.9815,0.9789,0.7862
32.2,9.8098,-0.0459,-0.6647,0.0496,0.0232,0.0263,0.0,0.9777,0.9607,0.7717
32.233,9.8103,-0.0461,-0.6659,0.0049,-0.0291,0.0263,0.0,0.9777,0.9607,0.7717
32.25,9.8104,-0.046,-0.6664,0.0038,-0.0215,0.0263,0.0,0.9777,0.9607,0.7717
32.25,9.8104,-0.046,-0.6664,0.0038,-0.0215,0.0263,0.0,0.9777,0.9607,0.7717
32.25,9.8104,-0.046,-0.6664,0.0038,-0.0215,0.0263,0.0,0.9777,0.9607,0.7717
32.283,9.8114,-0.0467,-0.6668,0.0462,-0.0208,0.0263,0.0,0.9777,0.9607,0.7717
32.283,9.8114,-0.0467,-0.6668,0.0462,-0.0208,0.0263,0.0,0.9777,0.9607,0.7717
32.3,9.8119,-0.0471,-0.6671,0.0298,-0.0017,0.0263,0.0,0.9777,0.9607,0.7717
32.3,9.8119,-0.0471,-0.6671,0.0298,-0.0017,0.0263,0.0,0.9777,0.9607,0.7717
32.3,9.8119,-0.0471,-0.6671,0.0298,-0.0017,0.0263,0.0,0.9629,0.9607,0.7717
32.333,9.8126,-0.0476,-0.6674,0.0247,-0.0105,0.0263,0.0,0.9629,0.9607,0.7717
32.35,9.8129,-0.0478,-0.6676,0.0242,-0.0216,0.0263,0.0,0.9629,0.9607,0.7717
32.35,9.8129,-0.0478,-0.6676,0.0242,-0.0216,0.0,-0.0789,0.9629,0.9607,0.7717
32.367,9.8133,-0.048,-0.668,0.0234,-0.0376,0.0,-0.0789,0.9629,0.9607,0.7717
32.367,9.8133,-0.048,-0.668,0.0234,-0.0376,0.0,-0.0789,0.9629,0.9607,0.7717
32.367,9.8133,-0.048,-0.668,0.0234,-0.0376,0.0,-0.0789,0.9629,0.9607,0.7717
32.4,9.814,-0.0484,-0.6689,0.0238,-0.0198,0.0,-0.0789,0.9629,0.9607,0.7717
32.417,9.8143,-0.0486,-0.6693,0.0222,-0.039,0.0,-0.0789,0.9629,0.9607,0.7717
32.417,9.8143,-0.0486,-0.6693,0.0222,-0.039,0.0,-0.0789,0.966,0.9537,0.765
32.417,9.8143,-0.0486,-0.6693,0.0222,-0.039,0.0,-0.0789,0.966,0.9537,0.765
32.45,9.8151,-0.0489,-0.6706,0.0223,-0.0484,0.0,-0.0789,0.966,0.9537,0.765
32.45,9.8151,-0.0489,-0.6706,0.0223,-0.0484,0.0,-0.0789,0.966,0.9537,0.765
32.467,9.8155,-0.0491,-0.6711,0.0254,-0.0215,0.0,-0.0789,0.966,0.9537,0.765
32.467,9.8155,-0.0491,-0.6711,0.0254,-0.0215,0.0,-0.0789,0.966,0.9537,0.765
32.467,9.8155,-0.0491,-0.6711,0.0254,-0.0215,0.0,-0.0789,0.966,0.9537,0.765
32.467,9.8155,-0.0491,-0.6711,0.0254,-0.0215,0.0,-0.0789,0.966,0.9537,0.765
32.5,9.8159,-0.0493,-0.6718,0.0058,-0.0178,0.0,-0.0789,0.966,0.9537,0.765
32.517,9.816,-0.0493,-0.6722,0.0017,-0.0281,0.0,-0.0789,0.966,0.9537,0.765
32.517,9.816,-0.0493,-0.6722,0.0017,-0.0281,0.0,-0.0789,0.966,0.9537,0.765
32.533,9.816,-0.0492,-0.6726,0.0049,-0.0116,0.0,-0.0789,0.9704,0.9537,0.765
32.533,9.816,-0.0492,-0.6726,0.0049,-0.0116,0.0,-0.0789,0.9704,0.9537,0.765
32.533,9.816,-0.0492,-0.6726,0.0049,-0.0116,0.0,-0.0789,0.9704,0.9537,0.765
32.567,9.8161,-0.0492,-0.6732,0.0032,-0.0041,0.0,-0.0789,0.9704,0.9537,0.765
32.583,9.8162,-0.0492,-0.6734,0.0023,-0.0143,0.0526,0.0263,0.9704,0.9537,0.765
32.583,9.8162,-0.0492,-0.6734,0.0023,-0.0143,0.0526,0.0263,0.9704,0.9537,0.765
32.583,9.8162,-0.0492,-0.6734,0.0023,-0.0143,0.0526,0.0263,0.9704,0.9537,0.765
32.617,9.8163,-0.0492,-0.6741,0.0006,-0.0198,0.0526,0.0263,0.9704,0.9537,0.765
32.617,9.8163,-0.0492,-0.6741,0.0006,-0.0198,0.0526,0.0263,0.9515,0.9466,0.7597
32.633,9.8164,-0.0492,-0.6745,0.0017,-0.0241,0.0526,0.0263,0.9515,0.9466,0.7597
32.633,9.8164,-0.0492,-0.6745,0.0017,-0.0241,0.0526,0.0263,0.9515,0.9466,0.7597
32.633,9.8164,-0.0492,-0.6745,0.0017,-0.0241,0.0526,0.0263,0.9515,0.9466,0.7597
32.667,9.8165,-0.0492,-0.6749,0.0034,0.0015,0.0526,0.0263,0.9515,0.9466,0.7597
32.683,9.8166,-0.0492,-0.675,0.0041,-0.0076,0.0526,0.0263,0.9515,0.9466,0.7597
32.683,9.8166,-0.0492,-0.675,0.0041,-0.0076,0.0526,0.0263,0.9515,0.9466,0.7597
32.7,9.8169,-0.0494,-0.6754,0.0281,-0.0401,0.0526,0.0263,0.9515,0.9466,0.7597
32.7,9.8169,-0.0494,-0.6754,0.0281,-0.0401,0.0263,0.0,0.9515,0.9466,0.7597
32.7,9.8169,-0.0494,-0.6754,0.0281,-0.0401,0.0263,0.0,0.9487,0.9466,0.7597
32.733,9.8181,-0.0502,-0.6766,0.0491,-0.018,0.0263,0.0,0.9487,0.9466,0.7597
32.75,9.8188,-0.0507,-0.6768,0.0508,-0.0031,0.0263,0.0,0.9487,0.9466,0.7597
32.75,9.8188,-0.0507,-0.6768,0.0508,-0.0031,0.0263,0.0,0.9487,0.9466,0.7597
32.75,9.8188,-0.0507,-0.6768,0.0508,-0.0031,0.0263,0.0,0.9487,0.9466,0.7597
32.783,9.8201,-0.0516,-0.6773,0.0504,-0.0136,0.0263,0.0,0.9487,0.9466,0.7597
32.783,9.8201,-0.0516,-0.6773,0.0504,-0.0136,0.0263,0.0,0.9487,0.9466,0.7597
32.8,9.8208,-0.0521,-0.6774,0.0514,-0.0003,0.0,-0.0263,0.9487,0.9466,0.7597
32.8,9.8208,-0.0521,-0.6774,0.0514,-0.0003,0.0,-0.0263,0.9487,0.9466,0.7597
32.833,9.8221,-0.0532,-0.6775,0.0519,0.0021,0.0,-0.0263,0.951,0.9425,0.7554
32.833,9.8221,-0.0532,-0.6775,0.0519,0.0021,0.0,-0.0263,0.951,0.9425,0.7554
32.85,9.8226,-0.0536,-0.6777,0.0304,-0.0124,0.0,-0.0263,0.951,0.9425,0.7554
32.867,9.823,-0.0538,-0.6779,0.0258,-0.0152,0.0,-0.0263,0.951,0.9425,0.7554
32.867,9.823,-0.0538,-0.6779,0.0258,-0.0152,0.0,-0.0263,0.951,0.9425,0.7554
32.867,9.823,-0.0538,-0.6779,0.0258,-0.0152,0.0,-0.0263,0.951,0.9425,0.7554
32.9,9.8237,-0.0542,-0.6787,0.0244,-0.0376,0.0,-0.0263,0.951,0.9425,0.7554
32.9,9.8237,-0.0542,-0.6787,0.0244,-0.0376,0.0,-0.0263,0.951,0.9425,0.7554
32.917,9.8241,-0.0544,-0.6792,0.025,-0.0313,0.0,-0.0263,0.951,0.9425,0.7554
32.917,9.8241,-0.0544,-0.6792,0.025,-0.0313,0.0,-0.0263,0.9394,0.9425,0.7554
32.917,9.8241,-0.0544,-0.6792,0.025,-0.0313,0.0,-0.0263,0.9394,0.9425,0.7554
32.95,9.8244,-0.0545,-0.6797,0.0019,0.0009,0.0,-0.0263,0.9394,0.9425,0.7554
32.967,9.8244,-0.0546,-0.6798,0.0015,0.0082,0.0,-0.0263,0.9394,0.9425,0.7554
32.967,9.8244,-0.0546,-0.6798,0.0015,0.0082,0.0,-0.0263,0.9394,0.9425,0.7554
32.967,9.8244,-0.0546,-0.6798,0.0015,0.0082,0.0,-0.0263,0.9394,0.9425,0.7554
33.0,9.8244,-0.0546,-0.6798,0.0011,0.0103,0.0,-0.0263,0.9394,0.9425,0.7554
33.0,9.8244,-0.0546,-0.6798,0.0011,0.0103,0.0,-0.0263,0.9394,0.9425,0.7554
33.017,9.8244,-0.0546,-0.6798,0.0008,0.0097,0.0,-0.0263,0.9394,0.9425,0.7554
33.033,9.8244,-0.0546,-0.6798,0.0007,0.0108,0.0,-0.0263,0.9412,0.9368,0.7508
33.033,9.8244,-0.0546,-0.6798,0.0007,0.0108,0.0526,0.1316,0.9412,0.9368,0.7508
33.033,9.8244,-0.0546,-0.6798,0.0007,0.0108,0.0526,0.1316,0.9412,0.9368,0.7508
33.067,9.8245,-0.0546,-0.6798,0.0007,0.0112,0.0526,0.1316,0.9412,0.9368,0.7508
33.067,9.8245,-0.0546,-0.6798,0.0007,0.0112,0.0526,0.1316,0.9412,0.9368,0.7508
33.083,9.8245,-0.0546,-0.6798,0.0004,0.0111,0.0526,0.1316,0.9412,0.9368,0.7508
33.083,9.8245,-0.0546,-0.6798,0.0004,0.0111,0.0526,0.1316,0.9412,0.9368,0.7508
33.083,9.8245,-0.0546,-0.6798,0.0004,0.0111,0.0526,0.1316,0.9412,0.9368,0.7508
33.117,9.8245,-0.0546,-0.6799,0.0002,0.0115,0.0526,0.1316,0.9412,0.9368,0.7508
33.133,9.8245,-0.0546,-0.6799,0.0004,0.0138,0.0526,0.1316,0.9457,0.9368,0.7508
33.133,9.8245,-0.0546,-0.6799,0.0004,0.0138,0.0526,0.1316,0.9457,0.9368,0.7508
33.133,9.8245,-0.0546,-0.6799,0.0004,0.0138,0.0526,0.1316,0.9457,0.9368,0.7508
33.167,9.8245,-0.0546,-0.6799,0.0011,0.011,0.0526,0.1316,0.9457,0.9368,0.7508
33.167,9.8245,-0.0546,-0.6799,0.0011,0.011,0.0526,0.1316,0.9457,0.9368,0.7508
33.183,9.8248,-0.0549,-0.6795,0.0282,0.0023,0.0526,0.1316,0.9457,0.9368,0.7508
33.2,9.8252,-0.0554,-0.6791,0.0436,0.0219,0.0526,0.1316,0.9457,0.9368,0.7508
33.2,9.8252,-0.0554,-0.6791,0.0436,0.0219,0.0526,0.1316,0.9457,0.9368,0.7508
33.2,9.8252,-0.0554,-0.6791,0.0436,0.0219,0.0,-0.0263,0.9484,0.9368,0.7508
33.233,9.8263,-0.0566,-0.6769,0.0521,0.0753,0.0,-0.0263,0.9484,0.9321,0.7456
33.25,9.8268,-0.0573,-0.6757,0.0503,0.0831,0.0,-0.0263,0.9484,0.9321,0.7456
33.25,9.8268,-0.0573,-0.6757,0.0503,0.0831,0.0,-0.0263,0.9484,0.9321,0.7456
33.25,9.8268,-0.0573,-0.6757,0.0503,0.0831,0.0,-0.0263,0.9484,0.9321,0.7456
33.283,9.8279,-0.0586,-0.6733,0.0499,0.0636,0.0,-0.0263,0.9484,0.9321,0.7456
33.283,9.8279,-0.0586,-0.6733,0.0499,0.0636,0.0,-0.0263,0.9484,0.9321,0.7456
33.3,9.8285,-0.0593,-0.6724,0.0503,0.0527,0.0,-0.0263,0.9484,0.9321,0.7456
33.3,9.8285,-0.0593,-0.6724,0.0503,0.0527,0.0,-0.0263,0.9484,0.9321,0.7456
33.3,9.8285,-0.0593,-0.6724,0.0503,0.0527,0.0,-0.0263,0.9484,0.9321,0.7456
33.333,9.8296,-0.0606,-0.6704,0.0531,0.0607,0.0,-0.0263,0.9485,0.9321,0.7456
33.35,9.8299,-0.0609,-0.6702,0.012,-0.0125,0.0,-0.0263,0.9485,0.9321,0.7456
33.35,9.8299,-0.0609,-0.6702,0.012,-0.0125,0.0,-0.0263,0.9485,0.9321,0.7456
33.367,9.83,-0.0609,-0.6707,0.0018,-0.0229,0.0,-0.0263,0.9485,0.9321,0.7456
33.367,9.83,-0.0609,-0.6707,0.0018,-0.0229,0.0,-0.0263,0.9485,0.9321,0.7456
33.367,9.83,-0.0609,-0.6707,0.0018,-0.0229,0.0,-0.0263,0.9485,0.9321,0.7456
33.4,9.8301,-0.0609,-0.6708,-0.0004,-0.0169,0.0,-0.0263,0.9485,0.9321,0.7456
33.417,9.8301,-0.0609,-0.6708,0.0012,-0.0012,0.0,-0.0263,0.9485,0.9321,0.7456
33.417,9.8301,-0.0609,-0.6708,0.0012,-0.0012,0.0,-0.0263,0.9366,0.9321,0.7456
33.417,9.8301,-0.0609,-0.6708,0.0012,-0.0012,0.0,-0.0263,0.9366,0.9315,0.7456
33.45,9.8301,-0.0609,-0.6708,0.0008,0.0009,0.0,-0.0263,0.9366,0.9315,0.7456
33.45,9.8301,-0.0609,-0.6708,0.0008,0.0009,0.0,-0.0263,0.9366,0.9315,0.7456
33.467,9.8301,-0.0609,-0.6708,0.0009,0.0095,0.0,-0.0263,0.9366,0.9315,0.7456
33.467,9.8301,-0.0609,-0.6708,0.0009,0.0095,0.0,-0.0263,0.9366,0.9315,0.7456
33.467,9.8301,-0.0609,-0.6708,0.0009,0.0095,0.0,-0.0263,0.9366,0.9315,0.7456
33.5,9.8301,-0.0609,-0.6709,0.0009,0.0118,0.0,-0.0263,0.9366,0.9315,0.7456
33.517,9.8302,-0.0609,-0.6709,0.0008,0.0095,0.0,-0.0263,0.9366,0.9315,0.7456
33.517,9.8302,-0.0609,-0.6709,0.0008,0.0095,0.0,-0.0263,0.941,0.9315,0.7456
33.533,9.8302,-0.0609,-0.6709,0.0007,0.0113,0.0,-0.0263,0.941,0.9315,0.7456
33.533,9.8302,-0.0609,-0.6709,0.0007,0.0113,0.0,-0.0263,0.941,0.9315,0.7456
33.533,9.8302,-0.0609,-0.6709,0.0007,0.0113,0.0,-0.0263,0.941,0.9315,0.7456
33.567,9.8302,-0.0609,-0.6709,0.0007,0.0119,0.0,-0.0263,0.941,0.9315,0.7456
33.583,9.8302,-0.061,-0.6709,0.0006,0.0095,0.0,-0.0263,0.941,0.9315,0.7456
33.583,9.8302,-0.061,-0.6709,0.0006,0.0095,0.0,-0.0263,0.941,0.9315,0.7456
33.583,9.8302,-0.061,-0.6709,0.0006,0.0095,0.0,-0.0263,0.941,0.9315,0.7456
33.617,9.8302,-0.061,-0.6709,0.0005,0.01,0.0,-0.0263,0.941,0.9315,0.7456
33.617,9.8302,-0.061,-0.6709,0.0005,0.01,0.0,-0.0263,0.9472,0.932,0.7446
33.633,9.8302,-0.061,-0.6709,0.0004,0.0108,0.0,-0.0263,0.9472,0.932,0.7446
33.633,9.8302,-0.061,-0.6709,0.0004,0.0108,0.0,-0.0263,0.9472,0.932,0.7446
33.633,9.8302,-0.061,-0.6709,0.0004,0.0108,0.0,-0.0263,0.9472,0.932,0.7446
33.667,9.8302,-0.061,-0.6709,0.0004,0.0112,0.0,-0.0263,0.9472,0.932,0.7446
33.683,9.8302,-0.061,-0.6709,0.0004,0.0097,0.0,-0.0263,0.9472,0.932,0.7446
33.683,9.8302,-0.061,-0.6709,0.0004,0.0097,0.0,-0.0263,0.9472,0.932,0.7446
33.7,9.8302,-0.061,-0.6709,0.0003,0.0107,0.0,-0.0263,0.9472,0.932,0.7446
33.7,9.8302,-0.061,-0.6709,0.0003,0.0107,0.0,-0.0263,0.9472,0.932,0.7446
33.7,9.8302,-0.061,-0.6709,0.0003,0.0107,0.0,-0.0263,0.9472,0.932,0.7446
33.733,9.8303,-0.061,-0.6709,0.0003,0.0117,0.0,-0.0263,0.9467,0.932,0.7446
33.733,9.8303,-0.061,-0.6709,0.0003,0.0117,0.0,-0.0263,0.9467,0.932,0.7446
33.75,9.8303,-0.061,-0.6709,0.0003,0.0106,0.0,-0.0263,0.9467,0.932,0.7446
33.75,9.8303,-0.061,-0.6709,0.0003,0.0106,0.0,-0.0263,0.9467,0.932,0.7446
33.75,9.8303,-0.061,-0.6709,0.0003,0.0106,0.0,-0.0263,0.9467,0.932,0.7446
33.783,9.8303,-0.061,-0.6709,0.0002,0.0109,0.0,-0.0263,0.9467,0.932,0.7446
33.8,9.8303,-0.061,-0.6709,0.0004,0.0134,0.0,-0.0263,0.9467,0.932,0.7446
33.8,9.8303,-0.061,-0.6709,0.0004,0.0134,0.0,-0.0263,0.9467,0.932,0.7446
33.8,9.8303,-0.061,-0.6709,0.0004,0.0134,0.0,-0.0263,0.9467,0.932,0.7446
33.833,9.8303,-0.061,-0.6709,0.0002,0.009,0.0,-0.0263,0.938,0.9316,0.7443
33.833,9.8303,-0.061,-0.6709,0.0002,0.009,0.0,-0.0263,0.938,0.9316,0.7443
33.85,9.8303,-0.061,-0.6709,0.0002,0.0104,0.0,-0.0263,0.938,0.9316,0.7443
33.867,9.8303,-0.061,-0.671,0.0002,0.0096,0.0,-0.0263,0.938,0.9316,0.7443
33.867,9.8303,-0.061,-0.671,0.0002,0.0096,0.0,-0.0263,0.938,0.9316,0.7443
33.867,9.8303,-0.061,-0.671,0.0002,0.0096,0.0,-0.0263,0.938,0.9316,0.7443
33.9,9.8303,-0.061,-0.671,0.0002,0.0113,0.0,-0.0263,0.938,0.9316,0.7443
33.9,9.8303,-0.061,-0.671,0.0002,0.0113,0.0,-0.0263,0.938,0.9316,0.7443
33.917,9.8303,-0.061,-0.671,0.0001,0.0097,0.0,-0.0263,0.938,0.9316,0.7443
33.917,9.8303,-0.061,-0.671,0.0001,0.0097,0.0,-0.0263,0.9351,0.9316,0.7443
33.917,9.8303,-0.061,-0.671,0.0001,0.0097,0.0,-0.0263,0.9351,0.9316,0.7443
33.95,9.8303,-0.061,-0.671,0.0001,0.0115,0.0,-0.0263,0.9351,0.9316,0.7443
33.967,9.8303,-0.061,-0.671,0.0001,0.0089,0.0,-0.0263,0.9351,0.9316,0.7443
33.967,9.8303,-0.061,-0.671,0.0001,0.0089,0.0,-0.0263,0.9351,0.9316,0.7443
33.967,9.8303,-0.061,-0.671,0.0001,0.0089,0.0,-0.0263,0.9351,0.9316,0.7443
34.0,9.8303,-0.061,-0.671,0.0004,0.0109,0.0,-0.0263,0.9351,0.9316,0.7443
34.0,9.8303,-0.061,-0.671,0.0004,0.0109,0.0,-0.0263,0.9351,0.9316,0.7443
34.017,9.8303,-0.061,-0.671,0.0004,0.0102,0.0,-0.0263,0.9407,0.9316,0.7443
34.033,9.8303,-0.061,-0.671,0.0004,0.0096,0.0,-0.0263,0.9407,0.9315,0.7439
34.033,9.8303,-0.061,-0.671,0.0004,0.0096,0.0,-0.0263,0.9407,0.9315,0.7439
34.033,9.8303,-0.061,-0.671,0.0004,0.0096,0.0,-0.0263,0.9407,0.9315,0.7439
34.067,9.8303,-0.061,-0.671,0.0004,0.0096,0.0,-0.0263,0.9407,0.9315,0.7439
34.067,9.8303,-0.061,-0.671,0.0004,0.0096,0.0,-0.0263,0.9407,0.9315,0.7439
34.083,9.8303,-0.061,-0.671,0.0004,0.0112,0.0,-0.0263,0.9407,0.9315,0.7439
34.083,9.8303,-0.061,-0.671,0.0004,0.0112,0.0,-0.0263,0.9407,0.9315,0.7439
34.083,9.8303,-0.061,-0.671,0.0004,0.0112,0.0,-0.0263,0.9407,0.9315,0.7439
34.117,9.8304,-0.0611,-0.671,0.0003,0.0116,0.0,-0.0263,0.9407,0.9315,0.7439
34.133,9.8304,-0.0611,-0.671,0.0003,0.0116,0.0,-0.0263,0.9528,0.9315,0.7439
34.133,9.8304,-0.0611,-0.671,0.0003,0.0116,0.0,-0.0263,0.9528,0.9315,0.7439
34.133,9.8304,-0.0611,-0.671,0.0003,0.0116,0.0,-0.0263,0.9528,0.9315,0.7439
34.167,9.8304,-0.0611,-0.671,0.0004,0.0131,0.0,-0.0263,0.9528,0.9315,0.7439
34.183,9.8304,-0.0611,-0.671,0.0003,0.0083,0.0,-0.0263,0.9528,0.9315,0.7439
34.183,9.8304,-0.0611,-0.671,0.0003,0.0083,0.0,-0.0263,0.9528,0.9315,0.7439
34.2,9.8304,-0.0611,-0.671,0.0003,0.0111,0.0,-0.0263,0.9528,0.9315,0.7439
34.2,9.8304,-0.0611,-0.671,0.0003,0.0111,0.0,-0.0263,0.9528,0.9315,0.7439
34.2,9.8304,-0.0611,-0.671,0.0003,0.0111,0.0,-0.0263,0.9353,0.9315,0.7439
34.233,9.8304,-0.0611,-0.671,0.0004,0.0089,0.0,-0.0263,0.9353,0.9311,0.7443
34.233,9.8304,-0.0611,-0.671,0.0004,0.0089,0.0,-0.0263,0.9353,0.9311,0.7443
34.25,9.8304,-0.0611,-0.671,0.0007,0.0081,0.0,-0.0263,0.9353,0.9311,0.7443
34.25,9.8304,-0.0611,-0.671,0.0007,0.0081,0.0,-0.0263,0.9353,0.9311,0.7443
34.283,9.8304,-0.0611,-0.671,0.0004,0.0072,0.0,-0.0263,0.9353,0.9311,0.7443
34.283,9.8304,-0.0611,-0.671,0.0004,0.0072,0.0,-0.0263,0.9353,0.9311,0.7443
34.3,9.8304,-0.0611,-0.671,0.0002,0.0093,0.0,-0.0263,0.9353,0.9311,0.7443
34.3,9.8304,-0.0611,-0.671,0.0002,0.0093,0.0,-0.0263,0.9353,0.9311,0.7443
34.3,9.8304,-0.0611,-0.671,0.0002,0.0093,0.0,-0.0263,0.9353,0.9311,0.7443
34.333,9.8304,-0.0611,-0.671,0.0016,0.0122,0.0,-0.0263,0.9426,0.9311,0.7443
34.35,9.8304,-0.0611,-0.6711,0.0009,0.0095,0.0,-0.0263,0.9426,0.9311,0.7443
34.35,9.8304,-0.0611,-0.6711,0.0009,0.0095,0.0,-0.0263,0.9426,0.9311,0.7443
34.367,9.8304,-0.0611,-0.6711,0.0005,0.0083,0.0,-0.0263,0.9426,0.9311,0.7443
34.367,9.8304,-0.0611,-0.6711,0.0005,0.0083,0.0,-0.0263,0.9426,0.9311,0.7443
34.367,9.8304,-0.0611,-0.6711,0.0005,0.0083,0.0,-0.0263,0.9426,0.9311,0.7443
34.4,9.8305,-0.0611,-0.6711,0.0004,0.0118,0.0,-0.0263,0.9426,0.9311,0.7443
34.417,9.8305,-0.0611,-0.6711,0.0005,0.0101,0.0,-0.0263,0.9426,0.9311,0.7443
34.417,9.8305,-0.0611,-0.6711,0.0005,0.0101,0.0,-0.0263,0.938,0.9312,0.744
34.417,9.8305,-0.0611,-0.6711,0.0005,0.0101,0.0,-0.0263,0.938,0.9312,0.744
34.45,9.8305,-0.0611,-0.6711,0.0005,0.0112,0.0,-0.0263,0.938,0.9312,0.744
34.45,9.8305,-0.0611,-0.6711,0.0005,0.0112,0.0,-0.0263,0.938,0.9312,0.744
34.467,9.8305,-0.0611,-0.6711,0.0005,0.0139,0.0,-0.0263,0.938,0.9312,0.744
34.467,9.8305,-0.0611,-0.6711,0.0005,0.0139,0.0,-0.0263,0.938,0.9312,0.744
34.467,9.8305,-0.0611,-0.6711,0.0005,0.0139,0.0,-0.0263,0.938,0.9312,0.744
34.5,9.8305,-0.0611,-0.6711,0.0006,0.0117,0.0,-0.0263,0.938,0.9312,0.744
34.517,9.8305,-0.0611,-0.6711,0.0004,0.0094,0.0,-0.0263,0.938,0.9312,0.744
34.517,9.8305,-0.0611,-0.6711,0.0004,0.0094,0.0,-0.0263,0.9391,0.9312,0.744
34.533,9.8305,-0.0612,-0.6711,0.0007,0.011,0.0,-0.0263,0.9391,0.9312,0.744
34.533,9.8305,-0.0612,-0.6711,0.0007,0.011,0.0,-0.0263,0.9391,0.9312,0.744
34.533,9.8305,-0.0612,-0.6711,0.0007,0.011,0.0,-0.0263,0.9391,0.9312,0.744
34.567,9.8305,-0.0612,-0.6711,0.0007,0.0137,0.0,-0.0263,0.9391,0.9312,0.744
34.583,9.8305,-0.0612,-0.6711,0.0007,0.0118,0.0,-0.0263,0.9391,0.9312,0.744
34.583,9.8305,-0.0612,-0.6711,0.0007,0.0118,0.0,-0.0263,0.9391,0.9312,0.744
34.583,9.8305,-0.0612,-0.6711,0.0007,0.0118,0.0,-0.0263,0.9391,0.9312,0.744
34.617,9.8305,-0.0612,-0.6712,0.0005,0.0098,0.0,-0.0263,0.9391,0.9312,0.744
34.633,9.8306,-0.0612,-0.6712,0.0005,0.0127,0.0,-0.0263,0.9466,0.9317,0.7437
34.633,9.8306,-0.0612,-0.6712,0.0005,0.0127,0.0,-0.0263,0.9466,0.9317,0.7437
34.633,9.8306,-0.0612,-0.6712,0.0005,0.0127,0.0,-0.0263,0.9466,0.9317,0.7437
34.667,9.8306,-0.0612,-0.6712,0.0004,0.0108,0.0,-0.0263,0.9466,0.9317,0.7437
34.667,9.8306,-0.0612,-0.6712,0.0004,0.0108,0.0,-0.0263,0.9466,0.9317,0.7437
34.683,9.8306,-0.0612,-0.6712,0.0005,0.0112,0.0,-0.0263,0.9466,0.9317,0.7437
34.7,9.8306,-0.0612,-0.6712,0.0005,0.012,0.0,-0.0263,0.9466,0.9317,0.7437
34.7,9.8306,-0.0612,-0.6712,0.0005,0.012,0.0,-0.0263,0.9466,0.9317,0.7437
34.7,9.8306,-0.0612,-0.6712,0.0005,0.012,0.0,-0.0263,0.9466,0.9317,0.7437
34.733,9.8306,-0.0612,-0.6712,0.0005,0.0119,0.0,-0.0263,0.9463,0.9317,0.7437
34.733,9.8306,-0.0612,-0.6712,0.0005,0.0119,0.0,-0.0263,0.9463,0.9317,0.7437
34.75,9.8306,-0.0612,-0.6712,0.0005,0.0119,0.0,-0.0263,0.9463,0.9317,0.7437
34.75,9.8306,-0.0612,-0.6712,0.0005,0.0119,0.0,-0.0263,0.9463,0.9317,0.7437
34.75,9.8306,-0.0612,-0.6712,0.0005,0.0119,0.0,-0.0263,0.9463,0.9317,0.7437
34.783,9.8306,-0.0612,-0.6712,0.0004,0.011,0.0,-0.0263,0.9463,0.9317,0.7437
34.8,9.8306,-0.0612,-0.6712,0.0003,0.0131,0.0,-0.0263,0.9463,0.9317,0.7437
34.8,9.8306,-0.0612,-0.6712,0.0003,0.0131,0.0,-0.0263,0.9463,0.9317,0.7437
34.8,9.8306,-0.0612,-0.6712,0.0003,0.0131,0.0,-0.0263,0.9463,0.9317,0.7437
34.833,9.8306,-0.0612,-0.6712,0.0003,0.0118,0.0,-0.0263,0.943,0.9312,0.7432
34.833,9.8306,-0.0612,-0.6712,0.0003,0.0118,0.0,-0.0263,0.943,0.9312,0.7432
34.85,9.8306,-0.0612,-0.6712,0.0003,0.011,0.0,-0.0263,0.943,0.9312,0.7432
34.867,9.8306,-0.0612,-0.6712,0.0003,0.0126,0.0,-0.0263,0.943,0.9312,0.7432
34.867,9.8306,-0.0612,-0.6712,0.0003,0.0126,0.0,-0.0263,0.943,0.9312,0.7432
34.867,9.8306,-0.0612,-0.6712,0.0003,0.0126,0.0,-0.0263,0.943,0.9312,0.7432
34.9,9.8306,-0.0612,-0.6712,0.0003,0.0129,0.0,-0.0263,0.943,0.9312,0.7432
34.9,9.8306,-0.0612,-0.6712,0.0003,0.0129,0.0,-0.0263,0.943,0.9312,0.7432
34.917,9.8306,-0.0612,-0.6712,0.0005,0.0127,0.0,-0.0263,0.943,0.9312,0.7432
34.917,9.8306,-0.0612,-0.6712,0.0005,0.0127,0.0,-0.0263,0.9431,0.9312,0.7432
34.917,9.8306,-0.0612,-0.6712,0.0005,0.0127,0.0,-0.0263,0.9431,0.9312,0.7432
34.95,9.8307,-0.0613,-0.6712,0.0002,0.0105,0.0,-0.0263,0.9431,0.9312,0.7432
34.967,9.8307,-0.0613,-0.6712,0.0003,0.0118,0.0,-0.0263,0.9431,0.9312,0.7432
34.967,9.8307,-0.0613,-0.6712,0.0003,0.0118,0.0,-0.0263,0.9431,0.9312,0.7432
34.967,9.8307,-0.0613,-0.6712,0.0003,0.0118,0.0,-0.0263,0.9431,0.9312,0.7432
35.0,9.8307,-0.0613,-0.6712,0.0003,0.0128,0.0,-0.0263,0.9431,0.9312,0.7432
35.0,9.8307,-0.0613,-0.6712,0.0003,0.0128,0.0,-0.0263,0.9431,0.9312,0.7432
35.017,9.8307,-0.0613,-0.6712,0.0002,0.0097,0.0,-0.0263,0.9389,0.9305,0.744
35.033,9.8307,-0.0613,-0.6712,0.0002,0.0123,0.0,-0.0263,0.9389,0.9305,0.744
35.033,9.8307,-0.0613,-0.6712,0.0002,0.0123,0.0,-0.0263,0.9389,0.9305,0.744
35.033,9.8307,-0.0613,-0.6712,0.0002,0.0123,0.0,-0.0263,0.9389,0.9305,0.744
35.067,9.8307,-0.0613,-0.6712,0.0002,0.0115,0.0,-0.0263,0.9389,0.9305,0.744
35.083,9.8307,-0.0613,-0.6712,0.0003,0.0106,0.0,-0.0263,0.9389,0.9305,0.744
35.083,9.8307,-0.0613,-0.6712,0.0003,0.0106,0.0,-0.0263,0.9389,0.9305,0.744
35.083,9.8307,-0.0613,-0.6712,0.0003,0.0106,0.0,-0.0263,0.9389,0.9305,0.744
35.117,9.8307,-0.0613,-0.6712,0.0003,0.0132,0.0,-0.0263,0.9389,0.9305,0.744
35.117,9.8307,-0.0613,-0.6712,0.0003,0.0132,0.0,-0.0263,0.9389,0.9305,0.744
35.133,9.8307,-0.0613,-0.6712,0.0001,0.0117,0.0,-0.0263,0.9453,0.9305,0.744
35.133,9.8307,-0.0613,-0.6712,0.0001,0.0117,0.0,-0.0263,0.9453,0.9305,0.744
35.133,9.8307,-0.0613,-0.6712,0.0001,0.0117,0.0,-0.0263,0.9453,0.9305,0.744
35.167,9.8307,-0.0613,-0.6712,0.0001,0.0112,0.0,-0.0263,0.9453,0.9305,0.744
35.183,9.8307,-0.0613,-0.6712,0.0003,0.014,0.0,-0.0263,0.9453,0.9305,0.744
35.183,9.8307,-0.0613,-0.6712,0.0003,0.014,0.0,-0.0263,0.9453,0.9305,0.744
35.2,9.8307,-0.0613,-0.6712,0.0001,0.0099,0.0,-0.0263,0.9453,0.9305,0.744
35.2,9.8307,-0.0613,-0.6712,0.0001,0.0099,0.0,-0.0263,0.9453,0.9305,0.744
35.2,9.8307,-0.0613,-0.6712,0.0001,0.0099,0.0,-0.0263,0.9425,0.9317,0.7439
35.233,9.8307,-0.0613,-0.6712,0.0002,0.0121,0.0,-0.0263,0.9425,0.9317,0.7439
35.233,9.8307,-0.0613,-0.6712,0.0002,0.0121,0.0,-0.0263,0.9425,0.9317,0.7439
35.25,9.8307,-0.0613,-0.6712,0.0001,0.0111,0.0,-0.0263,0.9425,0.9317,0.7439
35.25,9.8307,-0.0613,-0.6712,0.0001,0.0111,0.0,-0.0263,0.9425,0.9317,0.7439
35.283,9.8307,-0.0613,-0.6712,0.0001,0.0107,0.0,-0.0263,0.9425,0.9317,0.7439
35.283,9.8307,-0.0613,-0.6712,0.0001,0.0107,0.0,-0.0263,0.9425,0.9317,0.7439
35.3,9.8307,-0.0613,-0.6712,0.0002,0.0134,0.0,-0.0263,0.9425,0.9317,0.7439
35.3,9.8307,-0.0613,-0.6712,0.0002,0.0134,0.0,-0.0263,0.9425,0.9317,0.7439
35.3,9.8307,-0.0613,-0.6712,0.0002,0.0134,0.0,-0.0263,0.9431,0.9317,0.7439
35.333,9.8307,-0.0613,-0.6713,0.0005,0.0122,0.0,-0.0263,0.9431,0.9317,0.7439
35.35,9.8307,-0.0613,-0.6713,0.0005,0.0089,0.0,-0.0263,0.9431,0.9317,0.7439
35.35,9.8307,-0.0613,-0.6713,0.0005,0.0089,0.0,-0.0263,0.9431,0.9317,0.7439
35.367,9.8307,-0.0613,-0.6713,0.0015,0.0152,0.0,-0.0263,0.9431,0.9317,0.7439
35.367,9.8307,-0.0613,-0.6713,0.0015,0.0152,0.0,-0.0263,0.9431,0.9317,0.7439
35.367,9.8307,-0.0613,-0.6713,0.0015,0.0152,0.0,-0.0263,0.9431,0.9317,0.7439
35.4,9.8308,-0.0613,-0.6713,0.0001,0.0063,0.0,-0.0263,0.9431,0.9317,0.7439
35.417,9.8308,-0.0613,-0.6713,0.0004,0.009,0.0,-0.0263,0.9431,0.9317,0.7439
35.417,9.8308,-0.0613,-0.6713,0.0004,0.009,0.0,-0.0263,0.9413,0.931,0.7442
35.417,9.8308,-0.0613,-0.6713,0.0004,0.009,0.0,-0.0263,0.9413,0.931,0.7442
35.45,9.8308,-0.0613,-0.6713,0.0007,0.0102,0.0,-0.0263,0.9413,0.931,0.7442
35.467,9.8308,-0.0613,-0.6713,0.0007,0.0095,0.0,-0.0263,0.9413,0.931,0.7442
35.467,9.8308,-0.0613,-0.6713,0.0007,0.0095,0.0,-0.0263,0.9413,0.931,0.7442
35.467,9.8308,-0.0613,-0.6713,0.0007,0.0095,0.0,-0.0263,0.9413,0.931,0.7442
35.5,9.8308,-0.0613,-0.6713,0.0007,0.0116,0.0,-0.0263,0.9413,0.931,0.7442
35.5,9.8308,-0.0613,-0.6713,0.0007,0.0116,0.0,-0.0263,0.9413,0.931,0.7442
35.517,9.8308,-0.0614,-0.6713,0.0006,0.0114,0.0,-0.0263,0.9413,0.931,0.7442
35.533,9.8308,-0.0614,-0.6714,0.0006,0.0126,0.0,-0.0263,0.9525,0.931,0.7442
35.533,9.8308,-0.0614,-0.6714,0.0006,0.0126,0.0,-0.0263,0.9525,0.931,0.7442
35.533,9.8308,-0.0614,-0.6714,0.0006,0.0126,0.0,-0.0263,0.9525,0.931,0.7442
35.567,9.8308,-0.0614,-0.6714,0.0006,0.0132,0.0,-0.0263,0.9525,0.931,0.7442
35.567,9.8308,-0.0614,-0.6714,0.0006,0.0132,0.0,-0.0263,0.9525,0.931,0.7442
35.583,9.8308,-0.0614,-0.6714,0.0005,0.0142,0.0,-0.0263,0.9525,0.931,0.7442
35.583,9.8308,-0.0614,-0.6714,0.0005,0.0142,0.0,-0.0263,0.9525,0.931,0.7442
35.583,9.8308,-0.0614,-0.6714,0.0005,0.0142,0.0,-0.0263,0.9525,0.931,0.7442
35.617,9.8308,-0.0614,-0.6714,0.0005,0.0128,0.0,-0.0263,0.9525,0.931,0.7442
35.633,9.8309,-0.0614,-0.6714,0.0005,0.0128,0.0,-0.0263,0.9516,0.9314,0.7442
35.633,9.8309,-0.0614,-0.6714,0.0005,0.0128,0.0,-0.0263,0.9516,0.9314,0.7442
35.633,9.8309,-0.0614,-0.6714,0.0005,0.0128,0.0,-0.0263,0.9516,0.9314,0.7442
35.667,9.8309,-0.0614,-0.6714,0.0005,0.0133,0.0,-0.0263,0.9516,0.9314,0.7442
35.667,9.8309,-0.0614,-0.6714,0.0005,0.0133,0.0,-0.0263,0.9516,0.9314,0.7442
35.683,9.8309,-0.0614,-0.6714,0.0005,0.0147,0.0,-0.0263,0.9516,0.9314,0.7442
35.7,9.8309,-0.0614,-0.6714,0.0005,0.0121,0.0,-0.0263,0.9516,0.9314,0.7442
35.7,9.8309,-0.0614,-0.6714,0.0005,0.0121,0.0,-0.0263,0.9516,0.9314,0.7442
35.7,9.8309,-0.0614,-0.6714,0.0005,0.0121,0.0,-0.0263,0.9516,0.9314,0.7442
35.733,9.8309,-0.0614,-0.6714,0.0005,0.0128,0.0,-0.0263,0.9434,0.9314,0.7442
35.733,9.8309,-0.0614,-0.6714,0.0005,0.0128,0.0,-0.0263,0.9434,0.9314,0.7442
35.75,9.8309,-0.0614,-0.6714,0.0003,0.0117,0.0,-0.0263,0.9434,0.9314,0.7442
35.75,9.8309,-0.0614,-0.6714,0.0003,0.0117,0.0,-0.0263,0.9434,0.9314,0.7442
35.75,9.8309,-0.0614,-0.6714,0.0003,0.0117,0.0,-0.0263,0.9434,0.9314,0.7442
35.783,9.8309,-0.0614,-0.6714,0.0003,0.0112,0.0,-0.0263,0.9434,0.9314,0.7442
35.8,9.8309,-0.0614,-0.6714,0.0004,0.0112,0.0,0.0263,0.9434,0.9314,0.7442
35.8,9.8309,-0.0614,-0.6714,0.0004,0.0112,0.0,0.0263,0.9434,0.9314,0.7442
35.8,9.8309,-0.0614,-0.6714,0.0004,0.0112,0.0,0.0263,0.9434,0.9314,0.7442
35.833,9.8309,-0.0614,-0.6714,0.0003,0.0094,0.0,0.0263,0.9376,0.9308,0.7439
35.833,9.8309,-0.0614,-0.6714,0.0003,0.0094,0.0,0.0263,0.9376,0.9308,0.7439
35.85,9.8309,-0.0614,-0.6714,0.0003,0.0114,0.0,0.0263,0.9376,0.9308,0.7439
35.867,9.8309,-0.0614,-0.6714,0.0003,0.0103,0.0,0.0263,0.9376,0.9308,0.7439
35.867,9.8309,-0.0614,-0.6714,0.0003,0.0103,0.0,0.0263,0.9376,0.9308,0.7439
35.867,9.8309,-0.0614,-0.6714,0.0003,0.0103,0.0,0.0263,0.9376,0.9308,0.7439
35.9,9.8309,-0.0614,-0.6714,0.0003,0.0113,0.0,0.0263,0.9376,0.9308,0.7439
35.9,9.8309,-0.0614,-0.6714,0.0003,0.0113,0.0,0.0263,0.9376,0.9308,0.7439
35.917,9.8309,-0.0614,-0.6714,0.0002,0.0125,0.0,0.0263,0.9376,0.9308,0.7439
35.917,9.8309,-0.0614,-0.6714,0.0002,0.0125,0.0,0.0263,0.9416,0.9308,0.7439
35.917,9.8309,-0.0614,-0.6714,0.0002,0.0125,0.0,0.0263,0.9416,0.9308,0.7439
35.95,9.8309,-0.0615,-0.6713,-0.0007,-0.0027,0.0,0.0263,0.9416,0.9308,0.7439
35.967,9.8309,-0.0615,-0.6713,-0.0008,-0.0037,0.0,0.0263,0.9416,0.9308,0.7439
35.967,9.8309,-0.0615,-0.6713,-0.0008,-0.0037,0.0,0.0263,0.9416,0.9308,0.7439
35.967,9.8309,-0.0615,-0.6713,-0.0008,-0.0037,0.0,0.0263,0.9416,0.9308,0.7439
36.0,9.8309,-0.0614,-0.6713,-0.0008,-0.0061,0.0,0.0263,0.9416,0.9308,0.7439
36.0,9.8309,-0.0614,-0.6713,-0.0008,-0.0061,0.0,0.0263,0.9416,0.9308,0.7439
36.017,9.8309,-0.0614,-0.6713,-0.0009,-0.0057,0.0,0.0263,0.9416,0.9308,0.7439
36.033,9.8309,-0.0614,-0.6713,-0.0007,-0.0033,0.0,0.0263,0.9331,0.931,0.7433
36.033,9.8309,-0.0614,-0.6713,-0.0007,-0.0033,0.0,0.0263,0.9331,0.931,0.7433
36.033,9.8309,-0.0614,-0.6713,-0.0007,-0.0033,0.0,0.0263,0.9331,0.931,0.7433
36.067,9.8309,-0.0614,-0.6713,-0.0007,-0.0037,0.0,0.0263,0.9331,0.931,0.7433
36.067,9.8309,-0.0614,-0.6713,-0.0007,-0.0037,0.0,0.0263,0.9331,0.931,0.7433
36.083,9.8309,-0.0614,-0.6713,-0.0007,-0.0019,0.0,0.0263,0.9331,0.931,0.7433
36.083,9.8309,-0.0614,-0.6713,-0.0007,-0.0019,0.0,0.0263,0.9331,0.931,0.7433
36.083,9.8309,-0.0614,-0.6713,-0.0007,-0.0019,0.0,0.0263,0.9331,0.931,0.7433
36.117,9.8309,-0.0614,-0.6713,-0.0007,-0.0024,0.0,0.0263,0.9331,0.931,0.7433
36.133,9.8309,-0.0614,-0.6713,-0.0006,-0.0035,0.0,0.0263,0.9492,0.931,0.7433
36.133,9.8309,-0.0614,-0.6713,-0.0006,-0.0035,0.0,0.0263,0.9492,0.931,0.7433
36.133,9.8309,-0.0614,-0.6713,-0.0006,-0.0035,0.0,0.0263,0.9492,0.931,0.7433
36.167,9.8309,-0.0614,-0.6713,-0.0006,-0.0051,0.0,0.0263,0.9492,0.931,0.7433
36.167,9.8309,-0.0614,-0.6713,-0.0006,-0.0051,0.0,0.0263,0.9492,0.931,0.7433
36.183,9.8309,-0.0614,-0.6713,-0.0006,-0.005,0.0,0.0263,0.9492,0.931,0.7433
36.2,9.8309,-0.0614,-0.6713,-0.0006,-0.0051,0.0,0.0263,0.9492,0.931,0.7433
36.2,9.8309,-0.0614,-0.6713,-0.0006,-0.0051,0.0,0.0263,0.9492,0.931,0.7433
36.2,9.8309,-0.0614,-0.6713,-0.0006,-0.0051,0.0,0.0263,0.9492,0.931,0.7433
36.233,9.8308,-0.0614,-0.6712,-0.0006,-0.0035,0.0,0.0263,0.9486,0.9313,0.7441
36.233,9.8308,-0.0614,-0.6712,-0.0006,-0.0035,0.0,0.0263,0.9486,0.9313,0.7441
36.25,9.8308,-0.0614,-0.6712,-0.0006,-0.002,0.0,0.0263,0.9486,0.9313,0.7441
36.25,9.8308,-0.0614,-0.6712,-0.0006,-0.002,0.0,0.0263,0.9486,0.9313,0.7441
36.25,9.8308,-0.0614,-0.6712,-0.0006,-0.002,0.0,0.0263,0.9486,0.9313,0.7441
36.283,9.8308,-0.0614,-0.6712,-0.0006,-0.0023,0.0,0.0263,0.9486,0.9313,0.7441
36.3,9.8308,-0.0614,-0.6712,-0.0005,-0.0032,0.0,0.0263,0.9486,0.9313,0.7441
36.3,9.8308,-0.0614,-0.6712,-0.0005,-0.0032,0.0,0.0263,0.9486,0.9313,0.7441
36.3,9.8308,-0.0614,-0.6712,-0.0005,-0.0032,0.0,0.0263,0.9486,0.9313,0.7441
36.333,9.8308,-0.0614,-0.6712,-0.0006,-0.0041,0.0,0.0263,0.9465,0.9313,0.7441
36.333,9.8308,-0.0614,-0.6712,-0.0006,-0.0041,0.0,0.0263,0.9465,0.9313,0.7441
36.35,9.8308,-0.0614,-0.6712,-0.0007,-0.0033,0.0,0.0263,0.9465,0.9313,0.7441
36.367,9.8308,-0.0614,-0.6712,-0.0006,-0.0028,0.0,0.0263,0.9465,0.9313,0.7441
36.367,9.8308,-0.0614,-0.6712,-0.0006,-0.0028,0.0,0.0263,0.9465,0.9313,0.7441
36.367,9.8308,-0.0614,-0.6712,-0.0006,-0.0028,0.0,0.0263,0.9465,0.9313,0.7441
36.4,9.8308,-0.0614,-0.6712,-0.0005,-0.0018,0.0,0.0263,0.9465,0.9313,0.7441
36.4,9.8308,-0.0614,-0.6712,-0.0005,-0.0018,0.0,0.0263,0.9465,0.9313,0.7441
36.417,9.8308,-0.0614,-0.6712,-0.0005,-0.0036,0.0,0.0263,0.9465,0.9313,0.7441
36.417,9.8308,-0.0614,-0.6712,-0.0005,-0.0036,0.0,0.0263,0.9412,0.9311,0.7437
36.417,9.8308,-0.0614,-0.6712,-0.0005,-0.0036,0.0,0.0263,0.9412,0.9311,0.7437
36.45,9.8308,-0.0614,-0.6712,-0.0005,-0.0025,0.0,0.0263,0.9412,0.9311,0.7437
36.467,9.8308,-0.0614,-0.6712,-0.0005,-0.0019,0.0,0.0263,0.9412,0.9311,0.7437
36.467,9.8308,-0.0614,-0.6712,-0.0005,-0.0019,0.0,0.0263,0.9412,0.9311,0.7437
36.467,9.8308,-0.0614,-0.6712,-0.0005,-0.0019,0.0,0.0263,0.9412,0.9311,0.7437
36.5,9.8308,-0.0614,-0.6712,-0.0005,-0.0028,0.0,0.0263,0.9412,0.9311,0.7437
36.5,9.8308,-0.0614,-0.6712,-0.0005,-0.0028,0.0,0.0263,0.9412,0.9311,0.7437
36.517,9.8308,-0.0614,-0.6712,-0.0005,-0.0037,0.0,0.0263,0.9412,0.9311,0.7437
36.533,9.8308,-0.0614,-0.6712,-0.0005,-0.0049,0.0,0.0263,0.9441,0.9311,0.7437
36.533,9.8308,-0.0614,-0.6712,-0.0005,-0.0049,0.0,0.0263,0.9441,0.9311,0.7437
36.533,9.8308,-0.0614,-0.6712,-0.0005,-0.0049,0.0,0.0263,0.9441,0.9311,0.7437
36.567,9.8308,-0.0614,-0.6712,-0.0005,-0.0049,0.0,0.0263,0.9441,0.9311,0.7437
36.567,9.8308,-0.0614,-0.6712,-0.0005,-0.0049,0.0,0.0263,0.9441,0.9311,0.7437
36.583,9.8308,-0.0614,-0.6712,-0.0004,-0.0029,0.0,0.0263,0.9441,0.9311,0.7437
36.583,9.8308,-0.0614,-0.6712,-0.0004,-0.0029,0.0,0.0263,0.9441,0.9311,0.7437
36.617,9.8308,-0.0614,-0.6712,-0.0004,-0.0016,0.0,0.0263,0.9441,0.9311,0.7437
36.617,9.8308,-0.0614,-0.6712,-0.0004,-0.0016,0.0,0.0263,0.937,0.931,0.7437
36.633,9.8308,-0.0614,-0.6712,-0.0005,-0.0039,0.0,0.0263,0.937,0.931,0.7432
36.633,9.8308,-0.0614,-0.6712,-0.0005,-0.0039,0.0,0.0263,0.937,0.931,0.7432
36.633,9.8308,-0.0614,-0.6712,-0.0005,-0.0039,0.0,0.0263,0.937,0.931,0.7432
36.667,9.8308,-0.0614,-0.6712,-0.0004,-0.0031,0.0,0.0263,0.937,0.931,0.7432
36.683,9.8308,-0.0614,-0.6712,-0.0005,-0.0032,0.0,0.0263,0.937,0.931,0.7432
36.683,9.8308,-0.0614,-0.6712,-0.0005,-0.0032,0.0,0.0263,0.937,0.931,0.7432
36.7,9.8308,-0.0614,-0.6712,-0.0005,-0.0032,0.0,0.0263,0.937,0.931,0.7432
36.7,9.8308,-0.0614,-0.6712,-0.0005,-0.0032,0.0,-0.0263,0.937,0.931,0.7432
36.7,9.8308,-0.0614,-0.6712,-0.0005,-0.0032,0.0,-0.0263,0.937,0.931,0.7432
36.733,9.8308,-0.0613,-0.6712,-0.0004,-0.0031,0.0,-0.0263,0.9448,0.931,0.7432
36.75,9.8308,-0.0613,-0.6712,-0.0004,-0.0019,0.0,-0.0263,0.9448,0.931,0.7432
36.75,9.8308,-0.0613,-0.6712,-0.0004,-0.0019,0.0,-0.0263,0.9448,0.931,0.7432
36.75,9.8308,-0.0613,-0.6712,-0.0004,-0.0019,0.0,-0.0263,0.9448,0.931,0.7432
36.783,9.8308,-0.0613,-0.6712,-0.0004,-0.002,0.0,-0.0263,0.9448,0.931,0.7432
36.783,9.8308,-0.0613,-0.6712,-0.0004,-0.002,0.0,-0.0263,0.9448,0.931,0.7432
36.8,9.8308,-0.0613,-0.6712,-0.0004,-0.0037,0.0,-0.0263,0.9448,0.931,0.7432
36.8,9.8308,-0.0613,-0.6712,-0.0004,-0.0037,0.0,-0.0263,0.9448,0.931,0.7432
36.833,9.8308,-0.0613,-0.6712,-0.0004,-0.003,0.0,-0.0263,0.9384,0.9317,0.744
36.833,9.8308,-0.0613,-0.6712,-0.0004,-0.003,0.0,-0.0263,0.9384,0.9317,0.744
36.85,9.8308,-0.0613,-0.6713,0.0007,0.0087,0.0,-0.0263,0.9384,0.9317,0.744
36.85,9.8308,-0.0613,-0.6713,0.0007,0.0087,0.0,-0.0263,0.9384,0.9317,0.744
36.867,9.8308,-0.0613,-0.6713,0.0006,0.0079,0.0,-0.0263,0.9384,0.9317,0.744
36.867,9.8308,-0.0613,-0.6713,0.0006,0.0079,0.0,-0.0263,0.9384,0.9317,0.744
36.867,9.8308,-0.0613,-0.6713,0.0006,0.0079,0.0,-0.0263,0.9384,0.9317,0.744
36.9,9.8308,-0.0613,-0.6713,0.0006,0.0098,0.0,-0.0263,0.9384,0.9317,0.744
36.917,9.8308,-0.0614,-0.6713,0.0007,0.0131,0.0,-0.0263,0.9384,0.9317,0.744
36.917,9.8308,-0.0614,-0.6713,0.0007,0.0131,0.0,-0.0263,0.9466,0.9317,0.744
36.917,9.8308,-0.0614,-0.6713,0.0007,0.0131,0.0,-0.0263,0.9466,0.9317,0.744
36.95,9.8308,-0.0614,-0.6714,0.0006,0.0111,0.0,-0.0263,0.9466,0.9317,0.744
36.95,9.8308,-0.0614,-0.6714,0.0006,0.0111,0.0,-0.0263,0.9466,0.9317,0.744
36.967,9.8308,-0.0614,-0.6714,0.0005,0.0128,0.0,-0.0263,0.9466,0.9317,0.744
36.967,9.8308,-0.0614,-0.6714,0.0005,0.0128,0.0,-0.0263,0.9466,0.9317,0.744
37.0,9.8308,-0.0614,-0.6714,0.0007,0.0139,0.0,-0.0263,0.9466,0.9317,0.744
37.0,9.8308,-0.0614,-0.6714,0.0007,0.0139,0.0,-0.0263,0.9466,0.9317,0.744
37.017,9.8308,-0.0614,-0.6714,0.0005,0.0117,0.0,-0.0263,0.9466,0.9317,0.744
37.033,9.8309,-0.0614,-0.6714,0.0005,0.0114,0.0,-0.0263,0.9469,0.9306,0.7435
37.033,9.8309,-0.0614,-0.6714,0.0005,0.0114,0.0,-0.0263,0.9469,0.9306,0.7435
37.033,9.8309,-0.0614,-0.6714,0.0005,0.0114,0.0,-0.0263,0.9469,0.9306,0.7435
37.067,9.8309,-0.0614,-0.6714,0.0004,0.0108,0.0,-0.0263,0.9469,0.9306,0.7435
37.067,9.8309,-0.0614,-0.6714,0.0004,0.0108,0.0,-0.0263,0.9469,0.9306,0.7435
37.083,9.8309,-0.0614,-0.6714,0.0006,0.0132,0.0,-0.0263,0.9469,0.9306,0.7435
37.083,9.8309,-0.0614,-0.6714,0.0006,0.0132,0.0,-0.0263,0.9469,0.9306,0.7435
37.083,9.8309,-0.0614,-0.6714,0.0006,0.0132,0.0,-0.0263,0.9469,0.9306,0.7435
37.117,9.8309,-0.0614,-0.6714,0.0004,0.0095,0.0,-0.0263,0.9469,0.9306,0.7435
37.133,9.8309,-0.0614,-0.6714,0.0006,0.0129,0.0,-0.0263,0.9315,0.9306,0.7435
37.133,9.8309,-0.0614,-0.6714,0.0006,0.0129,0.0,-0.0263,0.9315,0.9306,0.7435
37.133,9.8309,-0.0614,-0.6714,0.0006,0.0129,0.0,-0.0263,0.9315,0.9306,0.7435
37.167,9.8309,-0.0614,-0.6714,0.0003,0.0111,0.0,-0.0263,0.9315,0.9306,0.7435
37.167,9.8309,-0.0614,-0.6714,0.0003,0.0111,0.0,0.0263,0.9315,0.9306,0.7435
37.183,9.8309,-0.0614,-0.6714,0.0003,0.0103,0.0,0.0263,0.9315,0.9306,0.7435
37.2,9.8309,-0.0614,-0.6714,0.0004,0.0123,0.0,0.0263,0.9315,0.9306,0.7435
37.2,9.8309,-0.0614,-0.6714,0.0004,0.0123,0.0,0.0263,0.9315,0.9306,0.7435
37.2,9.8309,-0.0614,-0.6714,0.0004,0.0123,0.0,0.0263,0.9315,0.9306,0.7435
37.233,9.8309,-0.0614,-0.6714,0.0004,0.0132,0.0,0.0263,0.9452,0.9318,0.7437
37.233,9.8309,-0.0614,-0.6714,0.0004,0.0132,0.0,0.0263,0.9452,0.9318,0.7437
37.25,9.8309,-0.0614,-0.6714,0.0002,0.0106,0.0,0.0263,0.9452,0.9318,0.7437
37.25,9.8309,-0.0614,-0.6714,0.0002,0.0106,0.0,0.0263,0.9452,0.9318,0.7437
37.25,9.8309,-0.0614,-0.6714,0.0002,0.0106,0.0,0.0263,0.9452,0.9318,0.7437
37.283,9.8309,-0.0614,-0.6714,0.0003,0.0138,0.0,0.0263,0.9452,0.9318,0.7437
37.3,9.8309,-0.0615,-0.6713,-0.0008,0.0013,0.0,0.0263,0.9452,0.9318,0.7437
37.3,9.8309,-0.0615,-0.6713,-0.0008,0.0013,0.0,0.0263,0.9452,0.9318,0.7437
37.3,9.8309,-0.0615,-0.6713,-0.0008,0.0013,0.0,0.0263,0.9452,0.9318,0.7437
37.333,9.8309,-0.0614,-0.6713,-0.0008,-0.0042,0.0,0.0263,0.9459,0.9318,0.7437
37.333,9.8309,-0.0614,-0.6713,-0.0008,-0.0042,0.0,0.0263,0.9459,0.9318,0.7437
37.35,9.8309,-0.0614,-0.6713,-0.0009,-0.0034,0.0,0.0263,0.9459,0.9318,0.7437
37.367,9.8309,-0.0614,-0.6713,-0.0008,-0.0022,0.0,0.0263,0.9459,0.9318,0.7437
37.367,9.8309,-0.0614,-0.6713,-0.0008,-0.0022,0.0,0.0263,0.9459,0.9318,0.7437
37.367,9.8309,-0.0614,-0.6713,-0.0008,-0.0022,0.0,0.0263,0.9459,0.9318,0.7437
37.4,9.8309,-0.0614,-0.6713,-0.0007,-0.0013,0.0,0.0263,0.9459,0.9318,0.7437
37.4,9.8309,-0.0614,-0.6713,-0.0007,-0.0013,0.0,0.0263,0.9459,0.9318,0.7437
37.417,9.8309,-0.0614,-0.6713,-0.0007,-0.0027,0.0,0.0263,0.9459,0.9318,0.7437
37.417,9.8309,-0.0614,-0.6713,-0.0007,-0.0027,0.0,0.0263,0.9459,0.9318,0.7437
37.417,9.8309,-0.0614,-0.6713,-0.0007,-0.0027,0.0,0.0263,0.9401,0.9314,0.7434
37.417,9.8309,-0.0614,-0.6713,-0.0007,-0.0027,0.0,0.0263,0.9401,0.9314,0.7434
37.45,9.8309,-0.0614,-0.6713,-0.0007,-0.0028,0.0,0.0263,0.9401,0.9314,0.7434
37.467,9.8309,-0.0614,-0.6713,-0.0006,-0.0006,0.0,0.0263,0.9401,0.9314,0.7434
37.467,9.8309,-0.0614,-0.6713,-0.0006,-0.0006,0.0,0.0263,0.9401,0.9314,0.7434
37.467,9.8309,-0.0614,-0.6713,-0.0006,-0.0006,0.0,0.0263,0.9401,0.9314,0.7434
37.5,9.8309,-0.0614,-0.6713,-0.0007,-0.0031,0.0,0.0263,0.9401,0.9314,0.7434
37.5,9.8309,-0.0614,-0.6713,-0.0007,-0.0031,0.0,0.0263,0.9401,0.9314,0.7434
37.517,9.8309,-0.0614,-0.6713,-0.0007,-0.0044,0.0,0.0263,0.9401,0.9314,0.7434
37.533,9.8309,-0.0614,-0.6713,-0.0006,-0.0044,0.0,0.0263,0.933,0.9314,0.7434
37.533,9.8309,-0.0614,-0.6713,-0.0006,-0.0044,0.0,0.0263,0.933,0.9314,0.7434
37.533,9.8309,-0.0614,-0.6713,-0.0006,-0.0044,0.0,0.0263,0.933,0.9314,0.7434
37.567,9.8308,-0.0614,-0.6712,-0.0006,-0.0035,0.0,0.0263,0.933,0.9314,0.7434
37.567,9.8308,-0.0614,-0.6712,-0.0006,-0.0035,0.0,0.0263,0.933,0.9314,0.7434
37.583,9.8308,-0.0614,-0.6712,-0.0007,-0.0051,0.0,0.0263,0.933,0.9314,0.7434
37.583,9.8308,-0.0614,-0.6712,-0.0007,-0.0051,0.0,0.0263,0.933,0.9314,0.7434
37.583,9.8308,-0.0614,-0.6712,-0.0007,-0.0051,0.0,0.0263,0.933,0.9314,0.7434
37.617,9.8308,-0.0614,-0.6712,-0.0006,-0.0031,0.0,0.0263,0.933,0.9314,0.7434
37.633,9.8308,-0.0614,-0.6712,-0.0006,-0.0034,0.0,0.0263,0.9494,0.9307,0.7434
37.633,9.8308,-0.0614,-0.6712,-0.0006,-0.0034,0.0,0.0263,0.9494,0.9307,0.7434
37.633,9.8308,-0.0614,-0.6712,-0.0006,-0.0034,0.0,0.0263,0.9494,0.9307,0.7434
37.667,9.8308,-0.0614,-0.6712,-0.0006,-0.0043,0.0,0.0263,0.9494,0.9307,0.7434
37.667,9.8308,-0.0614,-0.6712,-0.0006,-0.0043,0.0,0.0263,0.9494,0.9307,0.7434
37.683,9.8308,-0.0614,-0.6712,-0.0006,-0.0031,0.0,0.0263,0.9494,0.9307,0.7434
37.7,9.8308,-0.0614,-0.6712,-0.0005,-0.0034,0.0,0.0263,0.9494,0.9307,0.7434
37.7,9.8308,-0.0614,-0.6712,-0.0005,-0.0034,0.0,0.0263,0.9494,0.9307,0.7434
37.7,9.8308,-0.0614,-0.6712,-0.0005,-0.0034,0.0,0.0263,0.9494,0.9307,0.7434
37.733,9.8308,-0.0614,-0.6712,-0.0004,-0.0028,0.0,0.0263,0.9286,0.9307,0.7434
37.733,9.8308,-0.0614,-0.6712,-0.0004,-0.0028,0.0,0.0263,0.9286,0.9307,0.7434
37.75,9.8308,-0.0614,-0.6712,-0.0006,-0.0051,0.0,0.0263,0.9286,0.9307,0.7434
37.75,9.8308,-0.0614,-0.6712,-0.0006,-0.0051,0.0,0.0263,0.9286,0.9307,0.7434
37.75,9.8308,-0.0614,-0.6712,-0.0006,-0.0051,0.0,0.0263,0.9286,0.9307,0.7434
37.783,9.8308,-0.0614,-0.6712,-0.0004,-0.0047,0.0,0.0263,0.9286,0.9307,0.7434
37.8,9.8308,-0.0614,-0.6712,-0.0004,-0.0029,0.0,0.0263,0.9286,0.9307,0.7434
37.8,9.8308,-0.0614,-0.6712,-0.0004,-0.0029,0.0,0.0263,0.9286,0.9307,0.7434
37.8,9.8308,-0.0614,-0.6712,-0.0004,-0.0029,0.0,0.0263,0.9404,0.9307,0.7434
37.833,9.8308,-0.0614,-0.6712,-0.0005,-0.003,0.0,0.0263,0.9404,0.9313,0.7442
37.833,9.8308,-0.0614,-0.6712,-0.0005,-0.003,0.0,0.0263,0.9404,0.9313,0.7442
37.85,9.8308,-0.0614,-0.6712,-0.0005,-0.0022,0.0,0.0263,0.9404,0.9313,0.7442
37.867,9.8308,-0.0614,-0.6712,-0.0005,-0.0036,0.0,0.0263,0.9404,0.9313,0.7442
37.867,9.8308,-0.0614,-0.6712,-0.0005,-0.0036,0.0,0.0263,0.9404,0.9313,0.7442
37.867,9.8308,-0.0614,-0.6712,-0.0005,-0.0036,0.0,0.0263,0.9404,0.9313,0.7442
37.9,9.8308,-0.0614,-0.6712,-0.0004,-0.0025,0.0,0.0263,0.9404,0.9313,0.7442
37.9,9.8308,-0.0614,-0.6712,-0.0004,-0.0025,0.0,0.0263,0.9404,0.9313,0.7442
37.917,9.8308,-0.0614,-0.6712,-0.0005,-0.0019,0.0,0.0263,0.9404,0.9313,0.7442
37.917,9.8308,-0.0614,-0.6712,-0.0005,-0.0019,0.0,0.0263,0.9466,0.9313,0.7442
37.917,9.8308,-0.0614,-0.6712,-0.0005,-0.0019,0.0,0.0263,0.9466,0.9313,0.7442
37.95,9.8308,-0.0614,-0.6712,-0.0004,-0.0007,0.0,0.0263,0.9466,0.9313,0.7442
37.967,9.8308,-0.0614,-0.6712,-0.0004,-0.0026,0.0,0.0263,0.9466,0.9313,0.7442
37.967,9.8308,-0.0614,-0.6712,-0.0004,-0.0026,0.0,0.0263,0.9466,0.9313,0.7442
37.967,9.8308,-0.0614,-0.6712,-0.0004,-0.0026,0.0,0.0263,0.9466,0.9313,0.7442
38.0,9.8308,-0.0614,-0.6712,-0.0004,-0.0032,0.0,0.0263,0.9466,0.9313,0.7442
38.017,9.8308,-0.0614,-0.6712,-0.0004,-0.0026,0.0,0.0263,0.9466,0.9313,0.7442
38.017,9.8308,-0.0614,-0.6712,-0.0004,-0.0026,0.0,0.0263,0.9362,0.9313,0.7443
38.033,9.8308,-0.0613,-0.6712,-0.0004,-0.0028,0.0,0.0263,0.9362,0.9306,0.7443
38.033,9.8308,-0.0613,-0.6712,-0.0004,-0.0028,0.0,0.0263,0.9362,0.9306,0.7443
38.033,9.8308,-0.0613,-0.6712,-0.0004,-0.0028,0.0,0.0263,0.9362,0.9306,0.7443
38.067,9.8308,-0.0613,-0.6712,-0.0004,-0.0023,0.0,0.0263,0.9362,0.9306,0.7443
38.083,9.8308,-0.0613,-0.6712,-0.0003,-0.0031,0.0,-0.0263,0.9362,0.9306,0.7443
38.083,9.8308,-0.0613,-0.6712,-0.0003,-0.0031,0.0,-0.0263,0.9362,0.9306,0.7443
38.083,9.8308,-0.0613,-0.6712,-0.0003,-0.0031,0.0,-0.0263,0.9362,0.9306,0.7443
38.117,9.8308,-0.0613,-0.6712,-0.0003,-0.0023,0.0,-0.0263,0.9362,0.9306,0.7443
38.117,9.8308,-0.0613,-0.6712,-0.0003,-0.0023,0.0,-0.0263,0.9362,0.9306,0.7443
38.133,9.8308,-0.0613,-0.6712,-0.0004,-0.0024,0.0,-0.0263,0.9362,0.9306,0.7443
38.133,9.8308,-0.0613,-0.6712,-0.0004,-0.0024,0.0,-0.0263,0.9362,0.9306,0.7443
38.133,9.8308,-0.0613,-0.6712,-0.0004,-0.0024,0.0,-0.0263,0.9362,0.9306,0.7443
38.167,9.8308,-0.0613,-0.6712,-0.0004,-0.0024,0.0,-0.0263,0.9362,0.9306,0.7443
38.183,9.8308,-0.0613,-0.6712,-0.0005,-0.0035,0.0,-0.0263,0.9362,0.9306,0.7443
38.183,9.8308,-0.0613,-0.6712,-0.0005,-0.0035,0.0,-0.0263,0.9362,0.9306,0.7443
38.2,9.8308,-0.0613,-0.6712,-0.0003,-0.0011,0.0,-0.0263,0.9362,0.9306,0.7443
38.2,9.8308,-0.0613,-0.6712,-0.0003,-0.0011,0.0,-0.0263,0.9362,0.9306,0.7443
38.2,9.8308,-0.0613,-0.6712,-0.0003,-0.0011,0.0,-0.0263,0.9479,0.9308,0.7432
38.233,9.8308,-0.0613,-0.6713,0.0008,0.0118,0.0,-0.0263,0.9479,0.9308,0.7432
38.25,9.8308,-0.0613,-0.6713,0.0006,0.0089,0.0,-0.0263,0.9479,0.9308,0.7432
38.25,9.8308,-0.0613,-0.6713,0.0006,0.0089,0.0,-0.0263,0.9479,0.9308,0.7432
38.25,9.8308,-0.0613,-0.6713,0.0006,0.0089,0.0,-0.0263,0.9479,0.9308,0.7432
38.283,9.8308,-0.0613,-0.6713,0.0006,0.0105,0.0,-0.0263,0.9479,0.9308,0.7432
38.283,9.8308,-0.0613,-0.6713,0.0006,0.0105,0.0,-0.0263,0.9479,0.9308,0.7432
38.3,9.8308,-0.0614,-0.6714,0.0006,0.0117,0.0,-0.0263,0.9479,0.9308,0.7432
38.3,9.8308,-0.0614,-0.6714,0.0006,0.0117,0.0,-0.0263,0.9479,0.9308,0.7432
38.3,9.8308,-0.0614,-0.6714,0.0006,0.0117,0.0,-0.0263,0.9388,0.9308,0.7432
38.333,9.8308,-0.0614,-0.6714,0.0006,0.013,0.0,-0.0263,0.9388,0.9308,0.7432
38.35,9.8308,-0.0614,-0.6714,0.0006,0.0116,0.0,-0.0263,0.9388,0.9308,0.7432
38.35,9.8308,-0.0614,-0.6714,0.0006,0.0116,0.0,-0.0263,0.9388,0.9308,0.7432
38.367,9.8308,-0.0614,-0.6714,0.0006,0.0132,0.0,-0.0263,0.9388,0.9308,0.7432
38.367,9.8308,-0.0614,-0.6714,0.0006,0.0132,0.0,-0.0263,0.9388,0.9308,0.7432
38.367,9.8308,-0.0614,-0.6714,0.0006,0.0132,0.0,-0.0263,0.9388,0.9308,0.7432
38.4,9.8309,-0.0614,-0.6714,0.0005,0.0122,0.0,-0.0263,0.9388,0.9308,0.7432
38.417,9.8309,-0.0614,-0.6714,0.0004,0.0132,0.0,-0.0263,0.9388,0.9308,0.7432
38.417,9.8309,-0.0614,-0.6714,0.0004,0.0132,0.0,-0.0263,0.941,0.9319,0.7439
38.417,9.8309,-0.0614,-0.6714,0.0004,0.0132,0.0,-0.0263,0.941,0.9319,0.7439
38.45,9.8309,-0.0614,-0.6714,0.0004,0.0108,0.0,-0.0263,0.941,0.9319,0.7439
38.45,9.8309,-0.0614,-0.6714,0.0004,0.0108,0.0,-0.0263,0.941,0.9319,0.7439
38.467,9.8309,-0.0614,-0.6714,0.0004,0.0096,0.0,-0.0263,0.941,0.9319,0.7439
38.467,9.8309,-0.0614,-0.6714,0.0004,0.0096,0.0,-0.0263,0.941,0.9319,0.7439
38.467,9.8309,-0.0614,-0.6714,0.0004,0.0096,0.0,-0.0263,0.941,0.9319,0.7439
38.5,9.8309,-0.0614,-0.6714,0.0004,0.0116,0.0,-0.0263,0.941,0.9319,0.7439
38.517,9.8309,-0.0614,-0.6714,0.0004,0.0127,0.0,-0.0263,0.941,0.9319,0.7439
38.517,9.8309,-0.0614,-0.6714,0.0004,0.0127,0.0,-0.0263,0.941,0.9319,0.7439
38.533,9.8309,-0.0614,-0.6714,0.0003,0.0117,0.0,0.0263,0.9361,0.9319,0.7439
38.533,9.8309,-0.0614,-0.6714,0.0003,0.0117,0.0,0.0263,0.9361,0.9319,0.7439
38.533,9.8309,-0.0614,-0.6714,0.0003,0.0117,0.0,0.0263,0.9361,0.9319,0.7439
38.567,9.8309,-0.0614,-0.6714,0.0004,0.0117,0.0,0.0263,0.9361,0.9319,0.7439
38.583,9.8309,-0.0614,-0.6714,0.0002,0.0127,0.0,0.0263,0.9361,0.9319,0.7439
38.583,9.8309,-0.0614,-0.6714,0.0002,0.0127,0.0,0.0263,0.9361,0.9319,0.7439
38.583,9.8309,-0.0614,-0.6714,0.0002,0.0127,0.0,0.0263,0.9361,0.9319,0.7439
38.617,9.8309,-0.0614,-0.6714,0.0003,0.0115,0.0,0.0263,0.9361,0.9319,0.7439
38.617,9.8309,-0.0614,-0.6714,0.0003,0.0115,0.0,0.0263,0.9481,0.9312,0.7442
38.633,9.8309,-0.0614,-0.6714,0.0003,0.011,0.0,0.0263,0.9481,0.9312,0.7442
38.633,9.8309,-0.0614,-0.6714,0.0003,0.011,0.0,0.0263,0.9481,0.9312,0.7442
38.667,9.8309,-0.0615,-0.6713,-0.0008,0.0,0.0,0.0263,0.9481,0.9312,0.7442
38.667,9.8309,-0.0615,-0.6713,-0.0008,0.0,0.0,0.0263,0.9481,0.9312,0.7442
38.683,9.8309,-0.0614,-0.6713,-0.0007,-0.0017,0.0,0.0263,0.9481,0.9312,0.7442
38.7,9.8309,-0.0614,-0.6713,-0.0007,-0.0049,0.0,0.0263,0.9481,0.9312,0.7442
38.7,9.8309,-0.0614,-0.6713,-0.0007,-0.0049,0.0,0.0263,0.9481,0.9312,0.7442
38.7,9.8309,-0.0614,-0.6713,-0.0007,-0.0049,0.0,0.0263,0.9481,0.9312,0.7442
38.733,9.8309,-0.0614,-0.6713,-0.0007,-0.0051,0.0,0.0263,0.9467,0.9312,0.7442
38.733,9.8309,-0.0614,-0.6713,-0.0007,-0.0051,0.0,0.0263,0.9467,0.9312,0.7442
38.75,9.8309,-0.0614,-0.6713,-0.0008,-0.0053,0.0,0.0263,0.9467,0.9312,0.7442
38.75,9.8309,-0.0614,-0.6713,-0.0008,-0.0053,0.0,0.0263,0.9467,0.9312,0.7442
38.75,9.8309,-0.0614,-0.6713,-0.0008,-0.0053,0.0,0.0263,0.9467,0.9312,0.7442
38.783,9.8309,-0.0614,-0.6713,-0.0006,-0.0019,0.0,0.0263,0.9467,0.9312,0.7442
38.8,9.8309,-0.0614,-0.6713,-0.0006,-0.0031,0.0,0.0263,0.9467,0.9312,0.7442
38.8,9.8309,-0.0614,-0.6713,-0.0006,-0.0031,0.0,0.0263,0.9467,0.9312,0.7442
38.8,9.8309,-0.0614,-0.6713,-0.0006,-0.0031,0.0,0.0263,0.9467,0.9312,0.7442
38.833,9.8309,-0.0614,-0.6713,-0.0006,-0.0031,0.0,0.0263,0.9415,0.931,0.7437
38.833,9.8309,-0.0614,-0.6713,-0.0006,-0.0031,0.0,0.0263,0.9415,0.931,0.7437
38.85,9.8309,-0.0614,-0.6713,-0.0006,-0.0006,0.0,0.0263,0.9415,0.931,0.7437
38.867,9.8309,-0.0614,-0.6713,-0.0006,-0.0021,0.0,0.0263,0.9415,0.931,0.7437
38.867,9.8309,-0.0614,-0.6713,-0.0006,-0.0021,0.0,0.0263,0.9415,0.931,0.7437
38.867,9.8309,-0.0614,-0.6713,-0.0006,-0.0021,0.0,0.0263,0.9415,0.931,0.7437
38.9,9.8309,-0.0614,-0.6713,-0.0006,-0.0023,0.0,0.0263,0.9415,0.931,0.7437
38.9,9.8309,-0.0614,-0.6713,-0.0006,-0.0023,0.0,0.0263,0.9415,0.931,0.7437
38.917,9.8308,-0.0614,-0.6713,-0.0006,-0.0016,0.0,0.0263,0.9415,0.931,0.7437
38.917,9.8308,-0.0614,-0.6713,-0.0006,-0.0016,0.0,0.0263,0.9421,0.931,0.7437
38.917,9.8308,-0.0614,-0.6713,-0.0006,-0.0016,0.0,0.0263,0.9421,0.931,0.7437
38.95,9.8308,-0.0614,-0.6712,-0.0005,-0.0014,0.0,0.0263,0.9421,0.931,0.7437
38.967,9.8308,-0.0614,-0.6712,-0.0005,-0.0036,0.0,0.0263,0.9421,0.931,0.7437
38.967,9.8308,-0.0614,-0.6712,-0.0005,-0.0036,0.0,0.0263,0.9421,0.931,0.7437
38.967,9.8308,-0.0614,-0.6712,-0.0005,-0.0036,0.0,0.0263,0.9421,0.931,0.7437
39.0,9.8308,-0.0614,-0.6712,-0.0006,-0.0041,0.0,0.0263,0.9421,0.931,0.7437
39.0,9.8308,-0.0614,-0.6712,-0.0006,-0.0041,0.0,0.0263,0.9421,0.931,0.7437
39.017,9.8308,-0.0614,-0.6712,-0.0005,-0.0048,0.0,0.0263,0.9421,0.931,0.7437
39.033,9.8308,-0.0614,-0.6712,-0.0005,-0.0051,0.0,0.0263,0.9425,0.931,0.7443
39.033,9.8308,-0.0614,-0.6712,-0.0005,-0.0051,0.0,0.0263,0.9425,0.931,0.7443
39.033,9.8308,-0.0614,-0.6712,-0.0005,-0.0051,0.0,0.0263,0.9425,0.931,0.7443
39.067,9.8308,-0.0614,-0.6712,-0.0006,-0.0058,0.0,0.0263,0.9425,0.931,0.7443
39.067,9.8308,-0.0614,-0.6712,-0.0006,-0.0058,0.0,0.0263,0.9425,0.931,0.7443
39.083,9.8308,-0.0614,-0.6712,-0.0006,-0.0055,0.0,0.0263,0.9425,0.931,0.7443
39.083,9.8308,-0.0614,-0.6712,-0.0006,-0.0055,0.0,0.0263,0.9425,0.931,0.7443
39.083,9.8308,-0.0614,-0.6712,-0.0006,-0.0055,0.0,0.0263,0.9425,0.931,0.7443
39.117,9.8308,-0.0614,-0.6712,-0.0005,-0.0054,0.0,0.0263,0.9425,0.931,0.7443
39.133,9.8308,-0.0614,-0.6712,-0.0005,-0.004,0.0,0.0263,0.9366,0.931,0.7443
39.133,9.8308,-0.0614,-0.6712,-0.0005,-0.004,0.0,0.0263,0.9366,0.931,0.7443
39.133,9.8308,-0.0614,-0.6712,-0.0005,-0.004,0.0,0.0263,0.9366,0.931,0.7443
39.167,9.8308,-0.0614,-0.6712,-0.0005,-0.0036,0.0,0.0263,0.9366,0.931,0.7443
39.183,9.8308,-0.0614,-0.6712,-0.0005,-0.0029,0.0,0.0263,0.9366,0.931,0.7443
39.183,9.8308,-0.0614,-0.6712,-0.0005,-0.0029,0.0,0.0263,0.9366,0.931,0.7443
39.2,9.8308,-0.0614,-0.6712,-0.0005,-0.0033,0.0,0.0263,0.9366,0.931,0.7443
39.2,9.8308,-0.0614,-0.6712,-0.0005,-0.0033,0.0,0.0263,0.9366,0.931,0.7443
39.2,9.8308,-0.0614,-0.6712,-0.0005,-0.0033,0.0,-0.0263,0.9366,0.931,0.7443
39.2,9.8308,-0.0614,-0.6712,-0.0005,-0.0033,0.0,-0.0263,0.9337,0.931,0.7438
39.233,9.8308,-0.0614,-0.6712,-0.0004,-0.0031,0.0,-0.0263,0.9337,0.9313,0.7438
39.233,9.8308,-0.0614,-0.6712,-0.0004,-0.0031,0.0,-0.0263,0.9337,0.9313,0.7438
39.25,9.8308,-0.0614,-0.6712,-0.0005,-0.0028,0.0,-0.0263,0.9337,0.9313,0.7438
39.25,9.8308,-0.0614,-0.6712,-0.0005,-0.0028,0.0,-0.0263,0.9337,0.9313,0.7438
39.283,9.8308,-0.0614,-0.6712,-0.0004,-0.0027,0.0,-0.0263,0.9337,0.9313,0.7438
39.283,9.8308,-0.0614,-0.6712,-0.0004,-0.0027,0.0,-0.0263,0.9337,0.9313,0.7438
39.3,9.8308,-0.0614,-0.6712,-0.0005,-0.0041,0.0,-0.0263,0.9337,0.9313,0.7438
39.3,9.8308,-0.0614,-0.6712,-0.0005,-0.0041,0.0,-0.0263,0.9337,0.9313,0.7438
39.3,9.8308,-0.0614,-0.6712,-0.0005,-0.0041,0.0,-0.0263,0.9337,0.9313,0.7438
39.333,9.8308,-0.0614,-0.6712,-0.0003,-0.0043,0.0,-0.0263,0.9453,0.9313,0.7438
39.35,9.8308,-0.0613,-0.6714,0.0006,0.0085,0.0,-0.0263,0.9453,0.9313,0.7438
39.35,9.8308,-0.0613,-0.6714,0.0006,0.0085,0.0,-0.0263,0.9453,0.9313,0.7438
39.367,9.8308,-0.0613,-0.6713,0.0006,0.0084,0.0,-0.0263,0.9453,0.9313,0.7438
39.367,9.8308,-0.0613,-0.6713,0.0006,0.0084,0.0,-0.0263,0.9453,0.9313,0.7438
39.367,9.8308,-0.0613,-0.6713,0.0006,0.0084,0.0,-0.0263,0.9453,0.9313,0.7438
39.4,9.8308,-0.0614,-0.6714,0.0005,0.009,0.0,-0.0263,0.9453,0.9313,0.7438
39.417,9.8308,-0.0614,-0.6714,0.0006,0.0121,0.0,-0.0263,0.9453,0.9313,0.7438
39.417,9.8308,-0.0614,-0.6714,0.0006,0.0121,0.0,-0.0263,0.9463,0.931,0.744
39.417,9.8308,-0.0614,-0.6714,0.0006,0.0121,0.0,-0.0263,0.9463,0.931,0.744
39.45,9.8308,-0.0614,-0.6714,0.0005,0.0113,0.0,0.0263,0.9463,0.931,0.744
39.45,9.8308,-0.0614,-0.6714,0.0005,0.0113,0.0,0.0263,0.9463,0.931,0.744
39.467,9.8308,-0.0614,-0.6714,0.0005,0.0106,0.0,0.0263,0.9463,0.931,0.744
39.467,9.8308,-0.0614,-0.6714,0.0005,0.0106,0.0,0.0263,0.9463,0.931,0.744
39.467,9.8308,-0.0614,-0.6714,0.0005,0.0106,0.0,0.0263,0.9463,0.931,0.744
39.5,9.8309,-0.0614,-0.6714,0.0006,0.0123,0.0,0.0263,0.9463,0.931,0.744
39.517,9.8309,-0.0614,-0.6714,0.0005,0.0134,0.0,0.0263,0.9463,0.931,0.744
39.517,9.8309,-0.0614,-0.6714,0.0005,0.0134,0.0,0.0263,0.9413,0.931,0.744
39.533,9.8309,-0.0614,-0.6714,0.0004,0.0094,0.0,0.0263,0.9413,0.931,0.744
39.533,9.8309,-0.0614,-0.6714,0.0004,0.0094,0.0,0.0263,0.9413,0.931,0.744
39.567,9.8309,-0.0614,-0.6714,0.0004,0.0096,0.0,0.0263,0.9413,0.931,0.744
39.567,9.8309,-0.0614,-0.6714,0.0004,0.0096,0.0,0.0263,0.9413,0.931,0.744
39.583,9.8309,-0.0614,-0.6713,-0.0007,0.001,0.0,0.0263,0.9413,0.931,0.744
39.583,9.8309,-0.0614,-0.6713,-0.0007,0.001,0.0,0.0263,0.9413,0.931,0.744
39.583,9.8309,-0.0614,-0.6713,-0.0007,0.001,0.0,0.0263,0.9413,0.931,0.744
39.617,9.8309,-0.0614,-0.6713,-0.0007,-0.0056,0.0,0.0263,0.9413,0.931,0.744
39.633,9.8309,-0.0614,-0.6713,-0.0007,-0.0016,0.0,0.0263,0.9511,0.9312,0.7433
39.633,9.8309,-0.0614,-0.6713,-0.0007,-0.0016,0.0,0.0263,0.9511,0.9312,0.7433
39.633,9.8309,-0.0614,-0.6713,-0.0007,-0.0016,0.0,0.0263,0.9511,0.9312,0.7433
39.667,9.8309,-0.0614,-0.6713,-0.0006,-0.0038,0.0,0.0263,0.9511,0.9312,0.7433
39.667,9.8309,-0.0614,-0.6713,-0.0006,-0.0038,0.0,0.0263,0.9511,0.9312,0.7433
39.683,9.8308,-0.0614,-0.6713,-0.0005,-0.0044,0.0,0.0263,0.9511,0.9312,0.7433
39.7,9.8308,-0.0614,-0.6712,-0.0005,-0.0032,0.0,0.0263,0.9511,0.9312,0.7433
39.7,9.8308,-0.0614,-0.6712,-0.0005,-0.0032,0.0,0.0263,0.9511,0.9312,0.7433
39.7,9.8308,-0.0614,-0.6712,-0.0005,-0.0032,0.0,0.0263,0.9511,0.9312,0.7433
39.733,9.8308,-0.0614,-0.6712,-0.0007,-0.0038,0.0,0.0263,0.9394,0.9312,0.7433
39.733,9.8308,-0.0614,-0.6712,-0.0007,-0.0038,0.0,0.0263,0.9394,0.9312,0.7433
39.75,9.8308,-0.0614,-0.6712,-0.0005,-0.0032,0.0,0.0263,0.9394,0.9312,0.7433
39.75,9.8308,-0.0614,-0.6712,-0.0005,-0.0032,0.0,0.0263,0.9394,0.9312,0.7433
39.783,9.8308,-0.0614,-0.6712,-0.0005,-0.0028,0.0,0.0263,0.9394,0.9312,0.7433
39.783,9.8308,-0.0614,-0.6712,-0.0005,-0.0028,0.0,0.0263,0.9394,0.9312,0.7433
39.8,9.8308,-0.0614,-0.6712,-0.0005,-0.0018,0.0,0.0263,0.9394,0.9312,0.7433
39.8,9.8308,-0.0614,-0.6712,-0.0005,-0.0018,0.0,0.0263,0.9394,0.9312,0.7433
39.8,9.8308,-0.0614,-0.6712,-0.0005,-0.0018,0.0,0.0263,0.9413,0.9316,0.7433
39.833,9.8308,-0.0614,-0.6712,-0.0005,-0.002,0.0,0.0263,0.9413,0.9316,0.7433
39.85,9.8308,-0.0614,-0.6712,-0.0005,-0.0039,0.0,0.0263,0.9413,0.9316,0.7433
39.85,9.8308,-0.0614,-0.6712,-0.0005,-0.0039,0.0,0.0263,0.9413,0.9316,0.7433
39.867,9.8308,-0.0614,-0.6712,-0.0005,-0.0043,0.0,0.0263,0.9413,0.9316,0.7433
39.867,9.8308,-0.0614,-0.6712,-0.0005,-0.0043,0.0,0.0263,0.9413,0.9316,0.7433
39.867,9.8308,-0.0614,-0.6712,-0.0005,-0.0043,0.0,0.0263,0.9413,0.9316,0.7433
39.9,9.8308,-0.0614,-0.6712,-0.0005,-0.0051,0.0,0.0263,0.9413,0.9316,0.7433
39.917,9.8308,-0.0614,-0.6712,-0.0005,-0.0054,0.0,0.0263,0.9413,0.9316,0.7433
39.917,9.8308,-0.0614,-0.6712,-0.0005,-0.0054,0.0,0.0263,0.944,0.9316,0.7433
39.917,9.8308,-0.0614,-0.6712,-0.0005,-0.0054,0.0,0.0263,0.944,0.9316,0.7433
39.95,9.8308,-0.0614,-0.6712,-0.0007,-0.0065,0.0,0.0263,0.944,0.9316,0.7433
39.967,9.8308,-0.0614,-0.6712,-0.0005,-0.0037,0.0,0.0263,0.944,0.9316,0.7433
39.967,9.8308,-0.0614,-0.6712,-0.0005,-0.0037,0.0,0.0263,0.944,0.9316,0.7433
39.967,9.8308,-0.0614,-0.6712,-0.0005,-0.0037,0.0,0.0263,0.944,0.9316,0.7433
40.0,9.8308,-0.0614,-0.6712,-0.0004,-0.004,0.0,0.0263,0.944,0.9316,0.7433
40.0,9.8308,-0.0614,-0.6712,-0.0004,-0.004,0.0,0.0263,0.944,0.9316,0.7433
40.017,9.8308,-0.0614,-0.6712,-0.0003,-0.0021,0.0,0.0263,0.944,0.9316,0.7433
40.033,9.8308,-0.0614,-0.6712,-0.0005,-0.0044,0.0,0.0263,0.9515,0.9309,0.7439
40.033,9.8308,-0.0614,-0.6712,-0.0005,-0.0044,0.0,0.0263,0.9515,0.9309,0.7439
40.033,9.8308,-0.0614,-0.6712,-0.0005,-0.0044,0.0,0.0263,0.9515,0.9309,0.7439
40.067,9.8308,-0.0614,-0.6712,-0.0004,-0.003,0.0,0.0263,0.9515,0.9309,0.7439
40.067,9.8308,-0.0614,-0.6712,-0.0004,-0.003,0.0,0.0263,0.9515,0.9309,0.7439
40.083,9.8308,-0.0614,-0.6712,-0.0004,-0.0021,0.0,0.0263,0.9515,0.9309,0.7439
40.083,9.8308,-0.0614,-0.6712,-0.0004,-0.0021,0.0,0.0263,0.9515,0.9309,0.7439
40.083,9.8308,-0.0614,-0.6712,-0.0004,-0.0021,0.0,0.0263,0.9515,0.9309,0.7439
40.117,9.8308,-0.0614,-0.6712,-0.0004,-0.002,0.0,0.0263,0.9515,0.9309,0.7439
40.117,9.8308,-0.0614,-0.6712,-0.0004,-0.002,0.0,0.0263,0.9509,0.9309,0.7439
40.133,9.8308,-0.0614,-0.6712,-0.0004,-0.0026,0.0,-0.0263,0.9509,0.9309,0.7439
40.133,9.8308,-0.0614,-0.6712,-0.0004,-0.0026,0.0,-0.0263,0.9509,0.9309,0.7439
40.133,9.8308,-0.0614,-0.6712,-0.0004,-0.0026,0.0,-0.0263,0.9509,0.9309,0.7439
40.133,9.8308,-0.0614,-0.6712,-0.0004,-0.0026,0.0,-0.0263,0.9509,0.9309,0.7439
40.167,9.8308,-0.0614,-0.6712,-0.0004,-0.0035,0.0,-0.0263,0.9509,0.9309,0.7439
40.183,9.8308,-0.0614,-0.6712,-0.0003,-0.0018,0.0,-0.0263,0.9509,0.9309,0.7439
40.183,9.8308,-0.0614,-0.6712,-0.0003,-0.0018,0.0,-0.0263,0.9509,0.9309,0.7439
40.2,9.8308,-0.0613,-0.6712,-0.0004,-0.0028,0.0,-0.0263,0.9509,0.9309,0.7439
40.2,9.8308,-0.0613,-0.6712,-0.0004,-0.0028,0.0,-0.0263,0.9509,0.9309,0.7439
40.2,9.8308,-0.0613,-0.6712,-0.0004,-0.0028,0.0,-0.0263,0.9419,0.9304,0.7438
40.233,9.8308,-0.0613,-0.6712,-0.0004,-0.0041,0.0,-0.0263,0.9419,0.9304,0.7438
40.25,9.8308,-0.0613,-0.6712,-0.0004,-0.004,0.0,-0.0263,0.9419,0.9304,0.7438
40.25,9.8308,-0.0613,-0.6712,-0.0004,-0.004,0.0,-0.0263,0.9419,0.9304,0.7438
40.25,9.8308,-0.0613,-0.6712,-0.0004,-0.004,0.0,-0.0263,0.9419,0.9304,0.7438
40.283,9.8308,-0.0613,-0.6713,0.0006,0.009,0.0,-0.0263,0.9419,0.9304,0.7438
40.283,9.8308,-0.0613,-0.6713,0.0006,0.009,0.0,-0.0263,0.9419,0.9304,0.7438
40.3,9.8308,-0.0613,-0.6713,0.0006,0.0107,0.0,-0.0263,0.9419,0.9304,0.7438
40.3,9.8308,-0.0613,-0.6713,0.0006,0.0107,0.0,-0.0263,0.9419,0.9304,0.7438
40.3,9.8308,-0.0613,-0.6713,0.0006,0.0107,0.0,-0.0263,0.9431,0.9304,0.7438
40.333,9.8308,-0.0614,-0.6714,0.0007,0.0131,0.0,-0.0263,0.9431,0.9304,0.7438
40.35,9.8308,-0.0614,-0.6714,0.0006,0.0146,0.0,-0.0263,0.9431,0.9304,0.7438
40.35,9.8308,-0.0614,-0.6714,0.0006,0.0146,0.0,-0.0263,0.9431,0.9304,0.7438
40.367,9.8308,-0.0614,-0.6714,0.0005,0.0101,0.0,-0.0263,0.9431,0.9304,0.7438
40.367,9.8308,-0.0614,-0.6714,0.0005,0.0101,0.0,-0.0263,0.9431,0.9304,0.7438
40.367,9.8308,-0.0614,-0.6714,0.0005,0.0101,0.0,-0.0263,0.9431,0.9304,0.7438
40.4,9.8308,-0.0614,-0.6714,0.0005,0.0105,0.0,-0.0263,0.9431,0.9304,0.7438
40.417,9.8308,-0.0614,-0.6714,0.0005,0.0123,0.0,-0.0263,0.9431,0.9304,0.7438
40.417,9.8308,-0.0614,-0.6714,0.0005,0.0123,0.0,-0.0263,0.9438,0.9314,0.7436
40.417,9.8308,-0.0614,-0.6714,0.0005,0.0123,0.0,-0.0263,0.9438,0.9314,0.7436
40.45,9.8309,-0.0614,-0.6714,0.0004,0.012,0.0,-0.0263,0.9438,0.9314,0.7436
40.45,9.8309,-0.0614,-0.6714,0.0004,0.012,0.0,-0.0263,0.9438,0.9314,0.7436
40.467,9.8309,-0.0614,-0.6714,0.0006,0.0112,0.0,-0.0263,0.9438,0.9314,0.7436
40.467,9.8309,-0.0614,-0.6714,0.0006,0.0112,0.0,-0.0263,0.9438,0.9314,0.7436
40.467,9.8309,-0.0614,-0.6714,0.0006,0.0112,0.0,-0.0263,0.9438,0.9314,0.7436
40.5,9.8309,-0.0614,-0.6714,0.0004,0.01,0.0,-0.0263,0.9438,0.9314,0.7436
40.517,9.8309,-0.0614,-0.6714,0.0004,0.0124,0.0,-0.0263,0.9438,0.9314,0.7436
40.517,9.8309,-0.0614,-0.6714,0.0004,0.0124,0.0,-0.0263,0.943,0.9314,0.7436
40.533,9.8309,-0.0614,-0.6714,0.0004,0.0109,0.0,-0.0263,0.943,0.9314,0.7436
40.533,9.8309,-0.0614,-0.6714,0.0004,0.0109,0.0,-0.0263,0.943,0.9314,0.7436
40.533,9.8309,-0.0614,-0.6714,0.0004,0.0109,0.0,-0.0263,0.943,0.9314,0.7436
40.567,9.8309,-0.0614,-0.6714,0.0003,0.0094,0.0,-0.0263,0.943,0.9314,0.7436
40.583,9.8309,-0.0614,-0.6714,0.0004,0.0126,0.0,0.0263,0.943,0.9314,0.7436
40.583,9.8309,-0.0614,-0.6714,0.0004,0.0126,0.0,0.0263,0.943,0.9314,0.7436
40.583,9.8309,-0.0614,-0.6714,0.0004,0.0126,0.0,0.0263,0.943,0.9314,0.7436
40.617,9.8309,-0.0614,-0.6714,0.0003,0.0119,0.0,0.0263,0.943,0.9314,0.7436
40.617,9.8309,-0.0614,-0.6714,0.0003,0.0119,0.0,0.0263,0.9414,0.9317,0.7439
40.633,9.8309,-0.0614,-0.6714,0.0003,0.0126,0.0,0.0263,0.9414,0.9317,0.7439
40.633,9.8309,-0.0614,-0.6714,0.0003,0.0126,0.0,0.0263,0.9414,0.9317,0.7439
40.633,9.8309,-0.0614,-0.6714,0.0003,0.0126,0.0,0.0263,0.9414,0.9317,0.7439
40.667,9.8309,-0.0614,-0.6714,0.0003,0.0126,0.0,0.0263,0.9414,0.9317,0.7439
40.683,9.8309,-0.0614,-0.6714,0.0002,0.0112,0.0,0.0263,0.9414,0.9317,0.7439
40.683,9.8309,-0.0614,-0.6714,0.0002,0.0112,0.0,0.0263,0.9414,0.9317,0.7439
40.7,9.8309,-0.0614,-0.6714,0.0003,0.0129,0.0,0.0263,0.9414,0.9317,0.7439
40.7,9.8309,-0.0614,-0.6714,0.0003,0.0129,0.0,0.0263,0.9414,0.9317,0.7439
40.7,9.8309,-0.0614,-0.6714,0.0003,0.0129,0.0,0.0263,0.9479,0.9317,0.7439
40.733,9.8309,-0.0615,-0.6713,-0.0008,-0.0024,0.0,0.0263,0.9479,0.9317,0.7439
40.75,9.8309,-0.0614,-0.6713,-0.0007,-0.0005,0.0,0.0263,0.9479,0.9317,0.7439
40.75,9.8309,-0.0614,-0.6713,-0.0007,-0.0005,0.0,0.0263,0.9479,0.9317,0.7439
40.75,9.8309,-0.0614,-0.6713,-0.0007,-0.0005,0.0,0.0263,0.9479,0.9317,0.7439
40.783,9.8309,-0.0614,-0.6713,-0.0008,-0.0019,0.0,0.0263,0.9479,0.9317,0.7439
40.8,9.8309,-0.0614,-0.6713,-0.0007,-0.0028,0.0,0.0263,0.9479,0.9317,0.7439
40.8,9.8309,-0.0614,-0.6713,-0.0007,-0.0028,0.0,0.0263,0.9479,0.9317,0.7439
40.8,9.8309,-0.0614,-0.6713,-0.0007,-0.0028,0.0,0.0263,0.9479,0.9317,0.7439
40.833,9.8309,-0.0614,-0.6713,-0.0007,-0.0032,0.0,0.0263,0.9447,0.9318,0.7432
40.833,9.8309,-0.0614,-0.6713,-0.0007,-0.0032,0.0,0.0263,0.9447,0.9318,0.7432
40.85,9.8309,-0.0614,-0.6713,-0.0007,-0.0029,0.0,0.0263,0.9447,0.9318,0.7432
40.867,9.8309,-0.0614,-0.6713,-0.0007,-0.004,0.0,0.0263,0.9447,0.9318,0.7432
40.867,9.8309,-0.0614,-0.6713,-0.0007,-0.004,0.0,0.0263,0.9447,0.9318,0.7432
40.867,9.8309,-0.0614,-0.6713,-0.0007,-0.004,0.0,0.0263,0.9447,0.9318,0.7432
40.9,9.8309,-0.0614,-0.6713,-0.0006,-0.0037,0.0,0.0263,0.9447,0.9318,0.7432
40.9,9.8309,-0.0614,-0.6713,-0.0006,-0.0037,0.0,0.0263,0.9447,0.9318,0.7432
40.917,9.8309,-0.0614,-0.6713,-0.0006,-0.0044,0.0,0.0263,0.9447,0.9318,0.7432
40.917,9.8309,-0.0614,-0.6713,-0.0006,-0.0044,0.0,0.0263,0.9389,0.9318,0.7432
40.917,9.8309,-0.0614,-0.6713,-0.0006,-0.0044,0.0,0.0263,0.9389,0.9318,0.7432
40.95,9.8309,-0.0614,-0.6713,-0.0006,-0.0033,0.0,0.0263,0.9389,0.9318,0.7432
40.967,9.8308,-0.0614,-0.6713,-0.0006,-0.0021,0.0,0.0263,0.9389,0.9318,0.7432
40.967,9.8308,-0.0614,-0.6713,-0.0006,-0.0021,0.0,0.0263,0.9389,0.9318,0.7432
40.967,9.8308,-0.0614,-0.6713,-0.0006,-0.0021,0.0,0.0263,0.9389,0.9318,0.7432
41.0,9.8308,-0.0614,-0.6712,-0.0006,-0.0047,0.0,0.0263,0.9389,0.9318,0.7432
41.017,9.8308,-0.0614,-0.6712,-0.0006,-0.0036,0.0,0.0263,0.9389,0.9318,0.7432
41.017,9.8308,-0.0614,-0.6712,-0.0006,-0.0036,0.0,0.0263,0.9295,0.9318,0.7436
41.033,9.8308,-0.0614,-0.6712,-0.0007,-0.0046,0.0,0.0263,0.9295,0.9307,0.7436
41.033,9.8308,-0.0614,-0.6712,-0.0007,-0.0046,0.0,0.0263,0.9295,0.9307,0.7436
41.033,9.8308,-0.0614,-0.6712,-0.0007,-0.0046,0.0,0.0263,0.9295,0.9307,0.7436
41.067,9.8308,-0.0614,-0.6712,-0.0005,-0.0028,0.0,0.0263,0.9295,0.9307,0.7436
41.083,9.8308,-0.0614,-0.6712,-0.0005,-0.0022,0.0,0.0263,0.9295,0.9307,0.7436
41.083,9.8308,-0.0614,-0.6712,-0.0005,-0.0022,0.0,0.0263,0.9295,0.9307,0.7436
41.083,9.8308,-0.0614,-0.6712,-0.0005,-0.0022,0.0,0.0263,0.9295,0.9307,0.7436
41.117,9.8308,-0.0614,-0.6712,-0.0006,-0.0025,0.0,0.0263,0.9295,0.9307,0.7436
41.117,9.8308,-0.0614,-0.6712,-0.0006,-0.0025,0.0,0.0263,0.9295,0.9307,0.7436
41.133,9.8308,-0.0614,-0.6712,-0.0004,-0.003,0.0,0.0263,0.9424,0.9307,0.7436
41.133,9.8308,-0.0614,-0.6712,-0.0004,-0.003,0.0,0.0263,0.9424,0.9307,0.7436
41.133,9.8308,-0.0614,-0.6712,-0.0004,-0.003,0.0,0.0263,0.9424,0.9307,0.7436
41.167,9.8308,-0.0614,-0.6712,-0.0004,-0.0031,0.0,0.0263,0.9424,0.9307,0.7436
41.183,9.8308,-0.0614,-0.6712,-0.0004,-0.0024,0.0,0.0263,0.9424,0.9307,0.7436
41.183,9.8308,-0.0614,-0.6712,-0.0004,-0.0024,0.0,0.0263,0.9424,0.9307,0.7436
41.2,9.8308,-0.0614,-0.6712,-0.0004,-0.0043,0.0,0.0263,0.9424,0.9307,0.7436
41.2,9.8308,-0.0614,-0.6712,-0.0004,-0.0043,0.0,0.0263,0.9424,0.9307,0.7436
41.2,9.8308,-0.0614,-0.6712,-0.0004,-0.0043,0.0,0.0263,0.9453,0.9309,0.7433
41.233,9.8308,-0.0614,-0.6712,-0.0004,-0.0051,0.0,0.0263,0.9453,0.9309,0.7433
41.25,9.8308,-0.0614,-0.6712,-0.0004,-0.0035,0.0,0.0263,0.9453,0.9309,0.7433
41.25,9.8308,-0.0614,-0.6712,-0.0004,-0.0035,0.0,0.0263,0.9453,0.9309,0.7433
41.25,9.8308,-0.0614,-0.6712,-0.0004,-0.0035,0.0,0.0263,0.9453,0.9309,0.7433
41.283,9.8308,-0.0614,-0.6712,-0.0005,-0.0058,0.0,-0.0263,0.9453,0.9309,0.7433
41.283,9.8308,-0.0614,-0.6712,-0.0005,-0.0058,0.0,-0.0263,0.9453,0.9309,0.7433
41.3,9.8308,-0.0614,-0.6712,-0.0004,-0.0051,0.0,-0.0263,0.9453,0.9309,0.7433
41.3,9.8308,-0.0614,-0.6712,-0.0004,-0.0051,0.0,-0.0263,0.9453,0.9309,0.7433
41.333,9.8308,-0.0614,-0.6712,-0.0006,-0.0062,0.0,-0.0263,0.9462,0.9309,0.7433
41.333,9.8308,-0.0614,-0.6712,-0.0006,-0.0062,0.0,-0.0263,0.9462,0.9309,0.7433
41.35,9.8308,-0.0614,-0.6712,-0.0004,-0.0036,0.0,-0.0263,0.9462,0.9309,0.7433
41.367,9.8308,-0.0614,-0.6712,-0.0004,-0.0045,0.0,-0.0263,0.9462,0.9309,0.7433
41.367,9.8308,-0.0614,-0.6712,-0.0004,-0.0045,0.0,-0.0263,0.9462,0.9309,0.7433
41.367,9.8308,-0.0614,-0.6712,-0.0004,-0.0045,0.0,-0.0263,0.9462,0.9309,0.7433
41.4,9.8308,-0.0614,-0.6712,-0.0004,-0.0033,0.0,-0.0263,0.9462,0.9309,0.7433
41.4,9.8308,-0.0614,-0.6712,-0.0004,-0.0033,0.0,-0.0263,0.9462,0.9309,0.7433
41.417,9.8308,-0.0613,-0.6714,0.0006,0.0087,0.0,-0.0263,0.9462,0.9309,0.7433
41.417,9.8308,-0.0613,-0.6714,0.0006,0.0087,0.0,-0.0263,0.9404,0.9313,0.7434
41.417,9.8308,-0.0613,-0.6714,0.0006,0.0087,0.0,-0.0263,0.9404,0.9313,0.7434
41.45,9.8308,-0.0614,-0.6714,0.0007,0.0126,0.0,-0.0263,0.9404,0.9313,0.7434
41.467,9.8308,-0.0614,-0.6714,0.0005,0.0123,0.0,-0.0263,0.9404,0.9313,0.7434
41.467,9.8308,-0.0614,-0.6714,0.0005,0.0123,0.0,-0.0263,0.9404,0.9313,0.7434
41.467,9.8308,-0.0614,-0.6714,0.0005,0.0123,0.0,-0.0263,0.9404,0.9313,0.7434
41.5,9.8308,-0.0614,-0.6714,0.0007,0.013,0.0,-0.0263,0.9404,0.9313,0.7434
41.5,9.8308,-0.0614,-0.6714,0.0007,0.013,0.0,-0.0263,0.9404,0.9313,0.7434
41.517,9.8308,-0.0614,-0.6714,0.0005,0.0093,0.0,-0.0263,0.9404,0.9313,0.7434
41.533,9.8308,-0.0614,-0.6714,0.0005,0.0112,0.0,-0.0263,0.9462,0.9313,0.7434
41.533,9.8308,-0.0614,-0.6714,0.0005,0.0112,0.0,-0.0263,0.9462,0.9313,0.7434
41.533,9.8308,-0.0614,-0.6714,0.0005,0.0112,0.0,-0.0263,0.9462,0.9313,0.7434
41.567,9.8309,-0.0614,-0.6714,0.0004,0.0119,0.0,-0.0263,0.9462,0.9313,0.7434
41.567,9.8309,-0.0614,-0.6714,0.0004,0.0119,0.0,-0.0263,0.9462,0.9313,0.7434
41.583,9.8309,-0.0614,-0.6714,0.0005,0.0113,0.0,-0.0263,0.9462,0.9313,0.7434
41.583,9.8309,-0.0614,-0.6714,0.0005,0.0113,0.0,-0.0263,0.9462,0.9313,0.7434
41.583,9.8309,-0.0614,-0.6714,0.0005,0.0113,0.0,-0.0263,0.9462,0.9313,0.7434
41.617,9.8309,-0.0614,-0.6714,0.0006,0.0146,0.0,-0.0263,0.9462,0.9313,0.7434
41.633,9.8309,-0.0614,-0.6714,0.0004,0.0098,0.0,-0.0263,0.9379,0.9313,0.7434
41.633,9.8309,-0.0614,-0.6714,0.0004,0.0098,0.0,-0.0263,0.9379,0.9313,0.7434
41.633,9.8309,-0.0614,-0.6714,0.0004,0.0098,0.0,-0.0263,0.9379,0.9313,0.7434
41.667,9.8309,-0.0614,-0.6714,0.0005,0.0105,0.0,-0.0263,0.9379,0.9313,0.7434
41.667,9.8309,-0.0614,-0.6714,0.0005,0.0105,0.0,-0.0263,0.9379,0.9313,0.7434
41.683,9.8309,-0.0614,-0.6714,0.0003,0.0111,0.0,-0.0263,0.9379,0.9313,0.7434
41.7,9.8309,-0.0614,-0.6714,0.0004,0.0105,0.0,-0.0263,0.9379,0.9313,0.7434
41.7,9.8309,-0.0614,-0.6714,0.0004,0.0105,0.0,-0.0263,0.9379,0.9313,0.7434
41.7,9.8309,-0.0614,-0.6714,0.0004,0.0105,0.0,-0.0263,0.9379,0.9313,0.7434
41.733,9.8309,-0.0614,-0.6714,0.0003,0.0096,0.0,-0.0263,0.9376,0.9313,0.7434
41.75,9.8309,-0.0614,-0.6714,0.0003,0.0113,0.0,0.0263,0.9376,0.9313,0.7434
41.75,9.8309,-0.0614,-0.6714,0.0003,0.0113,0.0,0.0263,0.9376,0.9313,0.7434
41.75,9.8309,-0.0614,-0.6714,0.0003,0.0113,0.0,0.0263,0.9376,0.9313,0.7434
41.783,9.8309,-0.0614,-0.6714,0.0003,0.0115,0.0,0.0263,0.9376,0.9313,0.7434
41.783,9.8309,-0.0614,-0.6714,0.0003,0.0115,0.0,0.0263,0.9376,0.9313,0.7434
41.8,9.8309,-0.0614,-0.6714,0.0003,0.0109,0.0,0.0263,0.9376,0.9313,0.7434
41.8,9.8309,-0.0614,-0.6714,0.0003,0.0109,0.0,0.0263,0.9376,0.9313,0.7434
41.8,9.8309,-0.0614,-0.6714,0.0003,0.0109,0.0,0.0263,0.9519,0.9312,0.7428
41.833,9.8309,-0.0614,-0.6714,0.0002,0.0104,0.0,0.0263,0.9519,0.9312,0.7428
41.833,9.8309,-0.0614,-0.6714,0.0002,0.0104,0.0,0.0263,0.9519,0.9312,0.7428
41.85,9.8309,-0.0614,-0.6714,0.0002,0.013,0.0,0.0263,0.9519,0.9312,0.7428
41.867,9.8309,-0.0615,-0.6713,-0.0008,-0.0004,0.0,0.0263,0.9519,0.9312,0.7428
41.867,9.8309,-0.0615,-0.6713,-0.0008,-0.0004,0.0,0.0263,0.9519,0.9312,0.7428
41.867,9.8309,-0.0615,-0.6713,-0.0008,-0.0004,0.0,0.0263,0.9519,0.9312,0.7428
41.9,9.8309,-0.0615,-0.6713,-0.0008,-0.0066,0.0,0.0263,0.9519,0.9312,0.7428
41.917,9.8309,-0.0614,-0.6713,-0.0008,-0.0042,0.0,0.0263,0.9519,0.9312,0.7428
41.917,9.8309,-0.0614,-0.6713,-0.0008,-0.0042,0.0,0.0263,0.9519,0.9312,0.7428
41.917,9.8309,-0.0614,-0.6713,-0.0008,-0.0042,0.0,0.0263,0.9515,0.9312,0.7428
41.95,9.8309,-0.0614,-0.6713,-0.0008,-0.0024,0.0,0.0263,0.9515,0.9312,0.7428
41.95,9.8309,-0.0614,-0.6713,-0.0008,-0.0024,0.0,0.0263,0.9515,0.9312,0.7428
41.967,9.8309,-0.0614,-0.6713,-0.0007,-0.0032,0.0,0.0263,0.9515,0.9312,0.7428
41.967,9.8309,-0.0614,-0.6713,-0.0007,-0.0032,0.0,0.0263,0.9515,0.9312,0.7428
41.967,9.8309,-0.0614,-0.6713,-0.0007,-0.0032,0.0,0.0263,0.9515,0.9312,0.7428
42.0,9.8309,-0.0614,-0.6713,-0.0007,-0.0032,0.0,0.0263,0.9515,0.9312,0.7428
42.017,9.8309,-0.0614,-0.6713,-0.0007,-0.002,0.0,0.0263,0.9515,0.9312,0.7428
42.017,9.8309,-0.0614,-0.6713,-0.0007,-0.002,0.0,0.0263,0.9469,0.9306,0.7434
42.033,9.8309,-0.0614,-0.6713,-0.0006,-0.003,0.0,0.0263,0.9469,0.9306,0.7434
42.033,9.8309,-0.0614,-0.6713,-0.0006,-0.003,0.0,0.0263,0.9469,0.9306,0.7434
42.067,9.8309,-0.0614,-0.6713,-0.0008,-0.0046,0.0,0.0263,0.9469,0.9306,0.7434
42.067,9.8309,-0.0614,-0.6713,-0.0008,-0.0046,0.0,0.0263,0.9469,0.9306,0.7434
42.083,9.8309,-0.0614,-0.6713,-0.0006,-0.0008,0.0,0.0263,0.9469,0.9306,0.7434
42.083,9.8309,-0.0614,-0.6713,-0.0006,-0.0008,0.0,0.0263,0.9469,0.9306,0.7434
42.083,9.8309,-0.0614,-0.6713,-0.0006,-0.0008,0.0,0.0263,0.9469,0.9306,0.7434
42.117,9.8309,-0.0614,-0.6713,-0.0006,-0.0016,0.0,0.0263,0.9469,0.9306,0.7434
42.133,9.8309,-0.0614,-0.6713,-0.0006,-0.0023,0.0,0.0263,0.9384,0.9306,0.7434
42.133,9.8309,-0.0614,-0.6713,-0.0006,-0.0023,0.0,0.0263,0.9384,0.9306,0.7434
42.133,9.8309,-0.0614,-0.6713,-0.0006,-0.0023,0.0,0.0263,0.9384,0.9306,0.7434
42.167,9.8308,-0.0614,-0.6713,-0.0006,-0.0022,0.0,0.0263,0.9384,0.9306,0.7434
42.167,9.8308,-0.0614,-0.6713,-0.0006,-0.0022,0.0,0.0263,0.9384,0.9306,0.7434
42.183,9.8308,-0.0614,-0.6712,-0.0005,-0.0026,0.0,0.0263,0.9384,0.9306,0.7434
42.2,9.8308,-0.0614,-0.6712,-0.0006,-0.0041,0.0,0.0263,0.9384,0.9306,0.7434
42.2,9.8308,-0.0614,-0.6712,-0.0006,-0.0041,0.0,0.0263,0.9384,0.9306,0.7434
42.2,9.8308,-0.0614,-0.6712,-0.0006,-0.0041,0.0,0.0263,0.9536,0.9306,0.7434
42.233,9.8308,-0.0614,-0.6712,-0.0005,-0.003,0.0,0.0263,0.9536,0.9311,0.7434
42.25,9.8308,-0.0614,-0.6712,-0.0005,-0.0024,0.0,0.0263,0.9536,0.9311,0.7434
42.25,9.8308,-0.0614,-0.6712,-0.0005,-0.0024,0.0,0.0263,0.9536,0.9311,0.7434
42.25,9.8308,-0.0614,-0.6712,-0.0005,-0.0024,0.0,0.0263,0.9536,0.9311,0.7434
42.283,9.8308,-0.0614,-0.6712,-0.0005,-0.0022,0.0,0.0263,0.9536,0.9311,0.7434
42.283,9.8308,-0.0614,-0.6712,-0.0005,-0.0022,0.0,0.0263,0.9536,0.9311,0.7434
42.3,9.8308,-0.0614,-0.6712,-0.0005,-0.0032,0.0,0.0263,0.9536,0.9311,0.7434
42.3,9.8308,-0.0614,-0.6712,-0.0005,-0.0032,0.0,0.0263,0.9536,0.9311,0.7434
42.3,9.8308,-0.0614,-0.6712,-0.0005,-0.0032,0.0,0.0263,0.9481,0.9311,0.7434
42.333,9.8308,-0.0614,-0.6712,-0.0004,-0.0031,0.0,0.0263,0.9481,0.9311,0.7434
42.35,9.8308,-0.0614,-0.6712,-0.0005,-0.0026,0.0,0.0263,0.9481,0.9311,0.7434
42.35,9.8308,-0.0614,-0.6712,-0.0005,-0.0026,0.0,0.0263,0.9481,0.9311,0.7434
42.367,9.8308,-0.0614,-0.6712,-0.0005,-0.0044,0.0,0.0263,0.9481,0.9311,0.7434
42.367,9.8308,-0.0614,-0.6712,-0.0005,-0.0044,0.0,0.0263,0.9481,0.9311,0.7434
42.4,9.8308,-0.0614,-0.6712,-0.0005,-0.0025,0.0,0.0263,0.9481,0.9311,0.7434
42.4,9.8308,-0.0614,-0.6712,-0.0005,-0.0025,0.0,0.0263,0.9481,0.9311,0.7434
42.417,9.8308,-0.0614,-0.6712,-0.0005,-0.0034,0.0,0.0263,0.9481,0.9311,0.7434
42.417,9.8308,-0.0614,-0.6712,-0.0005,-0.0034,0.0,0.0263,0.9387,0.9316,0.7438
42.417,9.8308,-0.0614,-0.6712,-0.0005,-0.0034,0.0,0.0263,0.9387,0.9316,0.7438
42.45,9.8308,-0.0614,-0.6712,-0.0005,-0.0045,0.0,0.0263,0.9387,0.9316,0.7438
42.45,9.8308,-0.0614,-0.6712,-0.0005,-0.0045,0.0,0.0263,0.9387,0.9316,0.7438
42.467,9.8308,-0.0614,-0.6712,-0.0005,-0.0052,0.0,0.0263,0.9387,0.9316,0.7438
42.467,9.8308,-0.0614,-0.6712,-0.0005,-0.0052,0.0,0.0263,0.9387,0.9316,0.7438
42.5,9.8308,-0.0614,-0.6712,-0.0005,-0.0028,0.0,0.0263,0.9387,0.9316,0.7438
42.5,9.8308,-0.0614,-0.6712,-0.0005,-0.0028,0.0,0.0263,0.9387,0.9316,0.7438
42.517,9.8308,-0.0614,-0.6712,-0.0005,-0.0038,0.0,0.0263,0.9387,0.9316,0.7438
42.533,9.8308,-0.0614,-0.6712,-0.0004,-0.002,0.0,0.0263,0.9294,0.9316,0.7438
42.533,9.8308,-0.0614,-0.6712,-0.0004,-0.002,0.0,0.0263,0.9294,0.9316,0.7438
42.533,9.8308,-0.0614,-0.6712,-0.0004,-0.002,0.0,0.0263,0.9294,0.9316,0.7438
42.567,9.8308,-0.0614,-0.6712,-0.0004,-0.0007,0.0,0.0263,0.9294,0.9316,0.7438
42.567,9.8308,-0.0614,-0.6712,-0.0004,-0.0007,0.0,0.0263,0.9294,0.9316,0.7438
42.583,9.8308,-0.0614,-0.6712,-0.0004,-0.0027,0.0,0.0263,0.9294,0.9316,0.7438
42.583,9.8308,-0.0614,-0.6712,-0.0004,-0.0027,0.0,0.0263,0.9294,0.9316,0.7438
42.583,9.8308,-0.0614,-0.6712,-0.0004,-0.0027,0.0,0.0263,0.9294,0.9316,0.7438
42.617,9.8308,-0.0614,-0.6712,-0.0004,-0.0027,0.0,0.0263,0.9294,0.9316,0.7438
42.633,9.8308,-0.0613,-0.6712,-0.0004,-0.0022,0.0,0.0263,0.9394,0.9312,0.7436
42.633,9.8308,-0.0613,-0.6712,-0.0004,-0.0022,0.0,0.0263,0.9394,0.9312,0.7436
42.633,9.8308,-0.0613,-0.6712,-0.0004,-0.0022,0.0,0.0263,0.9394,0.9312,0.7436
42.667,9.8308,-0.0613,-0.6712,-0.0004,-0.0017,0.0,0.0263,0.9394,0.9312,0.7436
42.667,9.8308,-0.0613,-0.6712,-0.0004,-0.0017,0.0,-0.0263,0.9394,0.9312,0.7436
42.683,9.8308,-0.0613,-0.6712,-0.0004,-0.0035,0.0,-0.0263,0.9394,0.9312,0.7436
42.7,9.8308,-0.0613,-0.6712,-0.0004,-0.0024,0.0,-0.0263,0.9394,0.9312,0.7436
42.7,9.8308,-0.0613,-0.6712,-0.0004,-0.0024,0.0,-0.0263,0.9394,0.9312,0.7436
42.7,9.8308,-0.0613,-0.6712,-0.0004,-0.0024,0.0,-0.0263,0.9394,0.9312,0.7436
42.733,9.8308,-0.0613,-0.6712,-0.0004,-0.0025,0.0,-0.0263,0.9509,0.9312,0.7436
42.733,9.8308,-0.0613,-0.6712,-0.0004,-0.0025,0.0,-0.0263,0.9509,0.9312,0.7436
42.75,9.8308,-0.0613,-0.6712,-0.0004,-0.0044,0.0,-0.0263,0.9509,0.9312,0.7436
42.75,9.8308,-0.0613,-0.6712,-0.0004,-0.0044,0.0,-0.0263,0.9509,0.9312,0.7436
42.75,9.8308,-0.0613,-0.6712,-0.0004,-0.0044,0.0,-0.0263,0.9509,0.9312,0.7436
42.783,9.8308,-0.0613,-0.6712,-0.0004,-0.003,0.0,-0.0263,0.9509,0.9312,0.7436
42.8,9.8308,-0.0613,-0.6713,0.0007,0.007,0.0,-0.0263,0.9509,0.9312,0.7436
42.8,9.8308,-0.0613,-0.6713,0.0007,0.007,0.0,-0.0263,0.9509,0.9312,0.7436
42.8,9.8308,-0.0613,-0.6713,0.0007,0.007,0.0,-0.0263,0.9509,0.9312,0.7436
42.833,9.8308,-0.0613,-0.6713,0.0007,0.0115,0.0,-0.0263,0.9383,0.9314,0.7435
42.833,9.8308,-0.0613,-0.6713,0.0007,0.0115,0.0,-0.0263,0.9383,0.9314,0.7435
42.85,9.8308,-0.0613,-0.6713,0.0007,0.0121,0.0,-0.0263,0.9383,0.9314,0.7435
42.867,9.8308,-0.0613,-0.6714,0.0007,0.0114,0.0,-0.0263,0.9383,0.9314,0.7435
42.867,9.8308,-0.0613,-0.6714,0.0007,0.0114,0.0,-0.0263,0.9383,0.9314,0.7435
42.867,9.8308,-0.0613,-0.6714,0.0007,0.0114,0.0,-0.0263,0.9383,0.9314,0.7435
42.9,9.8308,-0.0614,-0.6714,0.0007,0.0117,0.0,-0.0263,0.9383,0.9314,0.7435
42.9,9.8308,-0.0614,-0.6714,0.0007,0.0117,0.0,-0.0263,0.9383,0.9314,0.7435
42.917,9.8308,-0.0614,-0.6714,0.0004,0.0107,0.0,-0.0263,0.9383,0.9314,0.7435
42.917,9.8308,-0.0614,-0.6714,0.0004,0.0107,0.0,-0.0263,0.9383,0.9314,0.7435
42.917,9.8308,-0.0614,-0.6714,0.0004,0.0107,0.0,-0.0263,0.9377,0.9314,0.7435
42.917,9.8308,-0.0614,-0.6714,0.0004,0.0107,0.0,-0.0263,0.9377,0.9314,0.7435
42.95,9.8308,-0.0614,-0.6714,0.0005,0.0119,0.0,-0.0263,0.9377,0.9314,0.7435
42.95,9.8308,-0.0614,-0.6714,0.0005,0.0119,0.0,-0.0263,0.9377,0.9314,0.7435
42.967,9.8308,-0.0614,-0.6714,0.0005,0.0125,0.0,-0.0263,0.9377,0.9314,0.7435
42.967,9.8308,-0.0614,-0.6714,0.0005,0.0125,0.0,-0.0263,0.9377,0.9314,0.7435
43.0,9.8309,-0.0614,-0.6714,0.0004,0.0105,0.0,-0.0263,0.9377,0.9314,0.7435
43.0,9.8309,-0.0614,-0.6714,0.0004,0.0105,0.0,-0.0263,0.9377,0.9314,0.7435
43.017,9.8309,-0.0614,-0.6714,0.0004,0.0122,0.0,-0.0263,0.9377,0.9314,0.7435
43.033,9.8309,-0.0614,-0.6714,0.0005,0.0113,0.0,-0.0263,0.9492,0.9309,0.7442
43.033,9.8309,-0.0614,-0.6714,0.0005,0.0113,0.0,-0.0263,0.9492,0.9309,0.7442
43.033,9.8309,-0.0614,-0.6714,0.0005,0.0113,0.0,-0.0263,0.9492,0.9309,0.7442
43.067,9.8309,-0.0614,-0.6714,0.0005,0.012,0.0,-0.0263,0.9492,0.9309,0.7442
43.067,9.8309,-0.0614,-0.6714,0.0005,0.012,0.0,-0.0263,0.9492,0.9309,0.7442
43.083,9.8309,-0.0614,-0.6714,0.0005,0.0131,0.0,-0.0263,0.9492,0.9309,0.7442
43.083,9.8309,-0.0614,-0.6714,0.0005,0.0131,0.0,-0.0263,0.9492,0.9309,0.7442
43.083,9.8309,-0.0614,-0.6714,0.0005,0.0131,0.0,-0.0263,0.9492,0.9309,0.7442
43.117,9.8309,-0.0614,-0.6714,0.0004,0.0136,0.0,0.0263,0.9492,0.9309,0.7442
43.133,9.8309,-0.0614,-0.6714,0.0005,0.0142,0.0,0.0263,0.9497,0.9309,0.7442
43.133,9.8309,-0.0614,-0.6714,0.0005,0.0142,0.0,0.0263,0.9497,0.9309,0.7442
43.133,9.8309,-0.0614,-0.6714,0.0005,0.0142,0.0,0.0263,0.9497,0.9309,0.7442
43.167,9.8309,-0.0614,-0.6714,0.0003,0.0124,0.0,0.0263,0.9497,0.9309,0.7442
43.167,9.8309,-0.0614,-0.6714,0.0003,0.0124,0.0,0.0263,0.9497,0.9309,0.7442
43.183,9.8309,-0.0614,-0.6714,0.0003,0.0096,0.0,0.0263,0.9497,0.9309,0.7442
43.2,9.8309,-0.0614,-0.6714,0.0003,0.0114,0.0,0.0263,0.9497,0.9309,0.7442
43.2,9.8309,-0.0614,-0.6714,0.0003,0.0114,0.0,0.0263,0.9497,0.9309,0.7442
43.2,9.8309,-0.0614,-0.6714,0.0003,0.0114,0.0,0.0263,0.9497,0.9309,0.7442
43.233,9.8309,-0.0614,-0.6714,0.0002,0.0127,0.0,0.0263,0.9356,0.9312,0.7438
43.233,9.8309,-0.0614,-0.6714,0.0002,0.0127,0.0,0.0263,0.9356,0.9312,0.7438
43.25,9.8309,-0.0615,-0.6713,-0.0008,-0.0001,0.0,0.0263,0.9356,0.9312,0.7438
43.25,9.8309,-0.0615,-0.6713,-0.0008,-0.0001,0.0,0.0263,0.9356,0.9312,0.7438
43.25,9.8309,-0.0615,-0.6713,-0.0008,-0.0001,0.0,0.0263,0.9356,0.9312,0.7438
43.283,9.8309,-0.0614,-0.6713,-0.0008,-0.0059,0.0,0.0263,0.9356,0.9312,0.7438
43.3,9.8309,-0.0614,-0.6713,-0.0009,-0.0057,0.0,0.0263,0.9356,0.9312,0.7438
43.3,9.8309,-0.0614,-0.6713,-0.0009,-0.0057,0.0,0.0263,0.9356,0.9312,0.7438
43.3,9.8309,-0.0614,-0.6713,-0.0009,-0.0057,0.0,0.0263,0.9356,0.9312,0.7438
43.333,9.8309,-0.0614,-0.6713,-0.0007,-0.0016,0.0,0.0263,0.9454,0.9312,0.7438
43.333,9.8309,-0.0614,-0.6713,-0.0007,-0.0016,0.0,0.0263,0.9454,0.9312,0.7438
43.35,9.8309,-0.0614,-0.6713,-0.0007,-0.0029,0.0,0.0263,0.9454,0.9312,0.7438
43.367,9.8309,-0.0614,-0.6713,-0.0007,-0.0021,0.0,0.0263,0.9454,0.9312,0.7438
43.367,9.8309,-0.0614,-0.6713,-0.0007,-0.0021,0.0,0.0263,0.9454,0.9312,0.7438
43.367,9.8309,-0.0614,-0.6713,-0.0007,-0.0021,0.0,0.0263,0.9454,0.9312,0.7438
43.4,9.8309,-0.0614,-0.6713,-0.0007,-0.002,0.0,0.0263,0.9454,0.9312,0.7438
43.4,9.8309,-0.0614,-0.6713,-0.0007,-0.002,0.0,0.0263,0.9454,0.9312,0.7438
43.417,9.8309,-0.0614,-0.6713,-0.0007,-0.004,0.0,0.0263,0.9454,0.9312,0.7438
43.417,9.8309,-0.0614,-0.6713,-0.0007,-0.004,0.0,0.0263,0.939,0.9308,0.7437
43.417,9.8309,-0.0614,-0.6713,-0.0007,-0.004,0.0,0.0263,0.939,0.9308,0.7437
43.45,9.8309,-0.0614,-0.6713,-0.0007,-0.0052,0.0,0.0263,0.939,0.9308,0.7437
43.467,9.8309,-0.0614,-0.6713,-0.0006,-0.0058,0.0,0.0263,0.939,0.9308,0.7437
43.467,9.8309,-0.0614,-0.6713,-0.0006,-0.0058,0.0,0.0263,0.939,0.9308,0.7437
43.467,9.8309,-0.0614,-0.6713,-0.0006,-0.0058,0.0,0.0263,0.939,0.9308,0.7437
43.5,9.8308,-0.0614,-0.6713,-0.0006,-0.0026,0.0,0.0263,0.939,0.9308,0.7437
43.5,9.8308,-0.0614,-0.6713,-0.0006,-0.0026,0.0,0.0263,0.939,0.9308,0.7437
43.517,9.8308,-0.0614,-0.6713,-0.0006,-0.0019,0.0,0.0263,0.939,0.9308,0.7437
43.533,9.8308,-0.0614,-0.6712,-0.0006,-0.0037,0.0,0.0263,0.9373,0.9308,0.7437
43.533,9.8308,-0.0614,-0.6712,-0.0006,-0.0037,0.0,0.0263,0.9373,0.9308,0.7437
43.533,9.8308,-0.0614,-0.6712,-0.0006,-0.0037,0.0,0.0263,0.9373,0.9308,0.7437
43.567,9.8308,-0.0614,-0.6712,-0.0007,-0.004,0.0,0.0263,0.9373,0.9308,0.7437
43.583,9.8308,-0.0614,-0.6712,-0.0005,-0.0011,0.0,0.0263,0.9373,0.9308,0.7437
43.583,9.8308,-0.0614,-0.6712,-0.0005,-0.0011,0.0,0.0263,0.9373,0.9308,0.7437
43.583,9.8308,-0.0614,-0.6712,-0.0005,-0.0011,0.0,0.0263,0.9373,0.9308,0.7437
43.617,9.8308,-0.0614,-0.6712,-0.0005,-0.0013,0.0,0.0263,0.9373,0.9308,0.7437
43.617,9.8308,-0.0614,-0.6712,-0.0005,-0.0013,0.0,0.0263,0.9471,0.9305,0.7437
43.633,9.8308,-0.0614,-0.6712,-0.0005,-0.003,0.0,0.0263,0.9471,0.9305,0.744
43.633,9.8308,-0.0614,-0.6712,-0.0005,-0.003,0.0,0.0263,0.9471,0.9305,0.744
43.633,9.8308,-0.0614,-0.6712,-0.0005,-0.003,0.0,0.0263,0.9471,0.9305,0.744
43.667,9.8308,-0.0614,-0.6712,-0.0005,-0.0023,0.0,0.0263,0.9471,0.9305,0.744
43.683,9.8308,-0.0614,-0.6712,-0.0006,-0.0028,0.0,0.0263,0.9471,0.9305,0.744
43.683,9.8308,-0.0614,-0.6712,-0.0006,-0.0028,0.0,0.0263,0.9471,0.9305,0.744
43.7,9.8308,-0.0614,-0.6712,-0.0004,-0.0036,0.0,0.0263,0.9471,0.9305,0.744
43.7,9.8308,-0.0614,-0.6712,-0.0004,-0.0036,0.0,0.0263,0.9471,0.9305,0.744
43.7,9.8308,-0.0614,-0.6712,-0.0004,-0.0036,0.0,0.0263,0.9352,0.9305,0.744
43.733,9.8308,-0.0614,-0.6712,-0.0006,-0.005,0.0,0.0263,0.9352,0.9305,0.744
43.75,9.8308,-0.0614,-0.6712,-0.0006,-0.006,0.0,0.0263,0.9352,0.9305,0.744
43.75,9.8308,-0.0614,-0.6712,-0.0006,-0.006,0.0,0.0263,0.9352,0.9305,0.744
43.75,9.8308,-0.0614,-0.6712,-0.0006,-0.006,0.0,0.0263,0.9352,0.9305,0.744
43.783,9.8308,-0.0614,-0.6712,-0.0004,-0.0051,0.0,0.0263,0.9352,0.9305,0.744
43.8,9.8308,-0.0614,-0.6712,-0.0005,-0.0052,0.0,0.0263,0.9352,0.9305,0.744
43.8,9.8308,-0.0614,-0.6712,-0.0005,-0.0052,0.0,-0.0263,0.9352,0.9305,0.744
43.8,9.8308,-0.0614,-0.6712,-0.0005,-0.0052,0.0,-0.0263,0.9352,0.9305,0.744
43.833,9.8308,-0.0614,-0.6712,-0.0005,-0.0048,0.0,-0.0263,0.9427,0.9304,0.7432
43.833,9.8308,-0.0614,-0.6712,-0.0005,-0.0048,0.0,-0.0263,0.9427,0.9304,0.7432
43.85,9.8308,-0.0614,-0.6712,-0.0005,-0.0058,0.0,-0.0263,0.9427,0.9304,0.7432
43.867,9.8308,-0.0614,-0.6712,-0.0004,-0.0034,0.0,-0.0263,0.9427,0.9304,0.7432
43.867,9.8308,-0.0614,-0.6712,-0.0004,-0.0034,0.0,-0.0263,0.9427,0.9304,0.7432
43.867,9.8308,-0.0614,-0.6712,-0.0004,-0.0034,0.0,-0.0263,0.9427,0.9304,0.7432
43.9,9.8308,-0.0614,-0.6712,-0.0004,-0.0049,0.0,-0.0263,0.9427,0.9304,0.7432
43.9,9.8308,-0.0614,-0.6712,-0.0004,-0.0049,0.0,-0.0263,0.9427,0.9304,0.7432
43.917,9.8308,-0.0614,-0.6712,-0.0005,-0.0055,0.0,-0.0263,0.9427,0.9304,0.7432
43.917,9.8308,-0.0614,-0.6712,-0.0005,-0.0055,0.0,-0.0263,0.9475,0.9304,0.7432
43.917,9.8308,-0.0614,-0.6712,-0.0005,-0.0055,0.0,-0.0263,0.9475,0.9304,0.7432
43.95,9.8308,-0.0614,-0.6713,0.0006,0.0085,0.0,-0.0263,0.9475,0.9304,0.7432
43.967,9.8308,-0.0614,-0.6714,0.0006,0.0078,0.0,-0.0263,0.9475,0.9304,0.7432
43.967,9.8308,-0.0614,-0.6714,0.0006,0.0078,0.0,-0.0263,0.9475,0.9304,0.7432
43.967,9.8308,-0.0614,-0.6714,0.0006,0.0078,0.0,-0.0263,0.9475,0.9304,0.7432
44.0,9.8308,-0.0614,-0.6714,0.0006,0.0087,0.0,-0.0263,0.9475,0.9304,0.7432
44.0,9.8308,-0.0614,-0.6714,0.0006,0.0087,0.0,-0.0263,0.9475,0.9304,0.7432
44.017,9.8308,-0.0614,-0.6714,0.0006,0.0113,0.0,-0.0263,0.9475,0.9304,0.7432
44.033,9.8308,-0.0614,-0.6714,0.0005,0.0101,0.0,-0.0263,0.9434,0.9314,0.7437
44.033,9.8308,-0.0614,-0.6714,0.0005,0.0101,0.0,0.0263,0.9434,0.9314,0.7437
44.033,9.8308,-0.0614,-0.6714,0.0005,0.0101,0.0,0.0263,0.9434,0.9314,0.7437
44.067,9.8309,-0.0614,-0.6714,0.0005,0.0122,0.0,0.0263,0.9434,0.9314,0.7437
44.067,9.8309,-0.0614,-0.6714,0.0005,0.0122,0.0,0.0263,0.9434,0.9314,0.7437
44.083,9.8309,-0.0614,-0.6714,0.0005,0.0119,0.0,0.0263,0.9434,0.9314,0.7437
44.083,9.8309,-0.0614,-0.6714,0.0005,0.0119,0.0,0.0263,0.9434,0.9314,0.7437
44.083,9.8309,-0.0614,-0.6714,0.0005,0.0119,0.0,0.0263,0.9434,0.9314,0.7437
44.117,9.8309,-0.0614,-0.6714,0.0003,0.0109,0.0,0.0263,0.9434,0.9314,0.7437
44.133,9.8309,-0.0614,-0.6714,0.0005,0.0105,0.0,0.0263,0.9517,0.9314,0.7437
44.133,9.8309,-0.0614,-0.6714,0.0005,0.0105,0.0,0.0263,0.9517,0.9314,0.7437
44.133,9.8309,-0.0614,-0.6714,0.0005,0.0105,0.0,0.0263,0.9517,0.9314,0.7437
44.167,9.8309,-0.0614,-0.6714,0.0004,0.0089,0.0,0.0263,0.9517,0.9314,0.7437
44.183,9.8309,-0.0614,-0.6713,-0.0007,0.0007,0.0,0.0263,0.9517,0.9314,0.7437
44.183,9.8309,-0.0614,-0.6713,-0.0007,0.0007,0.0,0.0263,0.9517,0.9314,0.7437
44.2,9.8309,-0.0614,-0.6713,-0.0006,-0.0015,0.0,0.0263,0.9517,0.9314,0.7437
44.2,9.8309,-0.0614,-0.6713,-0.0006,-0.0015,0.0,0.0263,0.9517,0.9314,0.7437
44.2,9.8309,-0.0614,-0.6713,-0.0006,-0.0015,0.0,0.0263,0.9532,0.9312,0.7437
44.233,9.8309,-0.0614,-0.6713,-0.0006,-0.0036,0.0,0.0263,0.9532,0.9312,0.7436
44.25,9.8309,-0.0614,-0.6713,-0.0006,-0.0048,0.0,0.0263,0.9532,0.9312,0.7436
44.25,9.8309,-0.0614,-0.6713,-0.0006,-0.0048,0.0,0.0263,0.9532,0.9312,0.7436
44.25,9.8309,-0.0614,-0.6713,-0.0006,-0.0048,0.0,0.0263,0.9532,0.9312,0.7436
44.283,9.8309,-0.0614,-0.6713,-0.0005,-0.0033,0.0,0.0263,0.9532,0.9312,0.7436
44.283,9.8309,-0.0614,-0.6713,-0.0005,-0.0033,0.0,0.0263,0.9532,0.9312,0.7436
44.3,9.8308,-0.0614,-0.6713,-0.0006,-0.0044,0.0,0.0263,0.9532,0.9312,0.7436
44.3,9.8308,-0.0614,-0.6713,-0.0006,-0.0044,0.0,0.0263,0.9532,0.9312,0.7436
44.333,9.8308,-0.0614,-0.6712,-0.0006,-0.0034,0.0,0.0263,0.9541,0.9312,0.7436
44.333,9.8308,-0.0614,-0.6712,-0.0006,-0.0034,0.0,0.0263,0.9541,0.9312,0.7436
44.35,9.8308,-0.0614,-0.6712,-0.0005,-0.0026,0.0,0.0263,0.9541,0.9312,0.7436
44.35,9.8308,-0.0614,-0.6712,-0.0005,-0.0026,0.0,0.0263,0.9541,0.9312,0.7436
44.367,9.8308,-0.0614,-0.6712,-0.0006,-0.0016,0.0,0.0263,0.9541,0.9312,0.7436
44.367,9.8308,-0.0614,-0.6712,-0.0006,-0.0016,0.0,0.0263,0.9541,0.9312,0.7436
44.4,9.8308,-0.0614,-0.6712,-0.0005,-0.0009,0.0,0.0263,0.9541,0.9312,0.7436
44.4,9.8308,-0.0614,-0.6712,-0.0005,-0.0009,0.0,0.0263,0.9541,0.9312,0.7436
44.417,9.8308,-0.0614,-0.6712,-0.0005,-0.0031,0.0,0.0263,0.9541,0.9312,0.7436
44.417,9.8308,-0.0614,-0.6712,-0.0005,-0.0031,0.0,0.0263,0.9391,0.9304,0.744
44.417,9.8308,-0.0614,-0.6712,-0.0005,-0.0031,0.0,0.0263,0.9391,0.9304,0.744
44.45,9.8308,-0.0614,-0.6712,-0.0005,-0.0025,0.0,0.0263,0.9391,0.9304,0.744
44.467,9.8308,-0.0614,-0.6712,-0.0005,-0.0029,0.0,0.0263,0.9391,0.9304,0.744
44.467,9.8308,-0.0614,-0.6712,-0.0005,-0.0029,0.0,0.0263,0.9391,0.9304,0.744
44.467,9.8308,-0.0614,-0.6712,-0.0005,-0.0029,0.0,0.0263,0.9391,0.9304,0.744
44.5,9.8308,-0.0614,-0.6712,-0.0005,-0.0025,0.0,0.0263,0.9391,0.9304,0.744
44.5,9.8308,-0.0614,-0.6712,-0.0005,-0.0025,0.0,0.0263,0.9391,0.9304,0.744
44.517,9.8308,-0.0614,-0.6712,-0.0005,-0.0038,0.0,0.0263,0.9391,0.9304,0.744
44.533,9.8308,-0.0614,-0.6712,-0.0007,-0.0042,0.0,0.0263,0.9412,0.9304,0.744
44.533,9.8308,-0.0614,-0.6712,-0.0007,-0.0042,0.0,0.0263,0.9412,0.9304,0.744
44.533,9.8308,-0.0614,-0.6712,-0.0007,-0.0042,0.0,0.0263,0.9412,0.9304,0.744
44.567,9.8308,-0.0614,-0.6712,-0.0004,-0.0013,0.0,0.0263,0.9412,0.9304,0.744
44.567,9.8308,-0.0614,-0.6712,-0.0004,-0.0013,0.0,0.0263,0.9412,0.9304,0.744
44.583,9.8308,-0.0614,-0.6712,-0.0004,-0.0033,0.0,0.0263,0.9412,0.9304,0.744
44.583,9.8308,-0.0614,-0.6712,-0.0004,-0.0033,0.0,0.0263,0.9412,0.9304,0.744
44.583,9.8308,-0.0614,-0.6712,-0.0004,-0.0033,0.0,0.0263,0.9412,0.9304,0.744
44.617,9.8308,-0.0614,-0.6712,-0.0004,-0.0029,0.0,0.0263,0.9412,0.9304,0.744
44.633,9.8308,-0.0614,-0.6712,-0.0006,-0.0028,0.0,0.0263,0.9362,0.9312,0.7428
44.633,9.8308,-0.0614,-0.6712,-0.0006,-0.0028,0.0,0.0263,0.9362,0.9312,0.7428
44.633,9.8308,-0.0614,-0.6712,-0.0006,-0.0028,0.0,0.0263,0.9362,0.9312,0.7428
44.667,9.8308,-0.0614,-0.6712,-0.0005,-0.0038,0.0,0.0263,0.9362,0.9312,0.7428
44.667,9.8308,-0.0614,-0.6712,-0.0005,-0.0038,0.0,0.0263,0.9362,0.9312,0.7428
44.683,9.8308,-0.0614,-0.6712,-0.0003,-0.0034,0.0,0.0263,0.9362,0.9312,0.7428
44.7,9.8308,-0.0614,-0.6712,-0.0004,-0.0023,0.0,0.0263,0.9362,0.9312,0.7428
44.7,9.8308,-0.0614,-0.6712,-0.0004,-0.0023,0.0,0.0263,0.9362,0.9312,0.7428
44.7,9.8308,-0.0614,-0.6712,-0.0004,-0.0023,0.0,0.0263,0.9362,0.9312,0.7428
44.733,9.8308,-0.0614,-0.6712,-0.0006,-0.0036,0.0,-0.0263,0.9468,0.9312,0.7428
44.733,9.8308,-0.0614,-0.6712,-0.0006,-0.0036,0.0,-0.0263,0.9468,0.9312,0.7428
44.75,9.8308,-0.0614,-0.6712,-0.0004,-0.0031,0.0,-0.0263,0.9468,0.9312,0.7428
44.75,9.8308,-0.0614,-0.6712,-0.0004,-0.0031,0.0,-0.0263,0.9468,0.9312,0.7428
44.75,9.8308,-0.0614,-0.6712,-0.0004,-0.0031,0.0,-0.0263,0.9468,0.9312,0.7428
44.783,9.8308,-0.0614,-0.6712,-0.0004,-0.0032,0.0,-0.0263,0.9468,0.9312,0.7428
44.8,9.8308,-0.0613,-0.6712,-0.0004,-0.0015,0.0,-0.0263,0.9468,0.9312,0.7428
44.8,9.8308,-0.0613,-0.6712,-0.0004,-0.0015,0.0,-0.0263,0.9468,0.9312,0.7428
44.8,9.8308,-0.0613,-0.6712,-0.0004,-0.0015,0.0,-0.0263,0.9468,0.9312,0.7428
44.833,9.8308,-0.0613,-0.6712,-0.0004,-0.0019,0.0,-0.0263,0.944,0.9306,0.7443
44.833,9.8308,-0.0613,-0.6712,-0.0004,-0.0019,0.0,-0.0263,0.944,0.9306,0.7443
44.833,9.8308,-0.0613,-0.6712,-0.0004,-0.0019,0.0,-0.0263,0.944,0.9306,0.7443
44.85,9.8308,-0.0613,-0.6713,0.0007,0.0078,0.0,-0.0263,0.944,0.9306,0.7443
44.867,9.8308,-0.0613,-0.6713,0.0005,0.0073,0.0,-0.0263,0.944,0.9306,0.7443
44.867,9.8308,-0.0613,-0.6713,0.0005,0.0073,0.0,-0.0263,0.944,0.9306,0.7443
44.867,9.8308,-0.0613,-0.6713,0.0005,0.0073,0.0,-0.0263,0.944,0.9306,0.7443
44.9,9.8308,-0.0614,-0.6713,0.0005,0.011,0.0,-0.0263,0.944,0.9306,0.7443
44.9,9.8308,-0.0614,-0.6713,0.0005,0.011,0.0,-0.0263,0.944,0.9306,0.7443
44.917,9.8308,-0.0614,-0.6714,0.0005,0.0108,0.0,-0.0263,0.944,0.9306,0.7443
44.917,9.8308,-0.0614,-0.6714,0.0005,0.0108,0.0,-0.0263,0.9491,0.9306,0.7443
44.917,9.8308,-0.0614,-0.6714,0.0005,0.0108,0.0,-0.0263,0.9491,0.9306,0.7443
44.95,9.8308,-0.0614,-0.6714,0.0005,0.0098,0.0,-0.0263,0.9491,0.9306,0.7443
44.967,9.8308,-0.0614,-0.6714,0.0005,0.0116,0.0,-0.0263,0.9491,0.9306,0.7443
44.967,9.8308,-0.0614,-0.6714,0.0005,0.0116,0.0,-0.0263,0.9491,0.9306,0.7443
44.967,9.8308,-0.0614,-0.6714,0.0005,0.0116,0.0,-0.0263,0.9491,0.9306,0.7443
45.0,9.8308,-0.0614,-0.6714,0.0005,0.0126,0.0,-0.0263,0.9491,0.9306,0.7443
45.0,9.8308,-0.0614,-0.6714,0.0005,0.0126,0.0,-0.0263,0.9491,0.9306,0.7443
45.017,9.8309,-0.0614,-0.6714,0.0006,0.0122,0.0,-0.0263,0.9491,0.9306,0.7443
45.033,9.8309,-0.0614,-0.6714,0.0004,0.0129,0.0,-0.0263,0.9478,0.9306,0.743
45.033,9.8309,-0.0614,-0.6714,0.0004,0.0129,0.0,-0.0263,0.9478,0.9306,0.743
45.033,9.8309,-0.0614,-0.6714,0.0004,0.0129,0.0,-0.0263,0.9478,0.9306,0.743
45.067,9.8309,-0.0614,-0.6714,0.0004,0.012,0.0,-0.0263,0.9478,0.9306,0.743
45.067,9.8309,-0.0614,-0.6714,0.0004,0.012,0.0,-0.0263,0.9478,0.9306,0.743
45.083,9.8309,-0.0614,-0.6714,0.0004,0.0138,0.0,-0.0263,0.9478,0.9306,0.743
45.083,9.8309,-0.0614,-0.6714,0.0004,0.0138,0.0,-0.0263,0.9478,0.9306,0.743
45.083,9.8309,-0.0614,-0.6714,0.0004,0.0138,0.0,-0.0263,0.9478,0.9306,0.743
45.117,9.8309,-0.0614,-0.6714,0.0006,0.0133,0.0,-0.0263,0.9478,0.9306,0.743
45.133,9.8309,-0.0614,-0.6714,0.0003,0.0116,0.0,-0.0263,0.9395,0.9306,0.743
45.133,9.8309,-0.0614,-0.6714,0.0003,0.0116,0.0,-0.0263,0.9395,0.9306,0.743
45.133,9.8309,-0.0614,-0.6714,0.0003,0.0116,0.0,-0.0263,0.9395,0.9306,0.743
45.167,9.8309,-0.0614,-0.6714,0.0003,0.012,0.0,-0.0263,0.9395,0.9306,0.743
45.167,9.8309,-0.0614,-0.6714,0.0003,0.012,0.0,0.0263,0.9395,0.9306,0.743
45.183,9.8309,-0.0614,-0.6714,0.0004,0.011,0.0,0.0263,0.9395,0.9306,0.743
45.2,9.8309,-0.0614,-0.6714,0.0003,0.0126,0.0,0.0263,0.9395,0.9306,0.743
45.2,9.8309,-0.0614,-0.6714,0.0003,0.0126,0.0,0.0263,0.9395,0.9306,0.743
45.2,9.8309,-0.0614,-0.6714,0.0003,0.0126,0.0,0.0263,0.9395,0.9306,0.743
45.233,9.8309,-0.0614,-0.6714,0.0004,0.0111,0.0,0.0263,0.9438,0.9312,0.7435
45.233,9.8309,-0.0614,-0.6714,0.0004,0.0111,0.0,0.0263,0.9438,0.9312,0.7435
45.25,9.8309,-0.0614,-0.6714,0.0002,0.0123,0.0,0.0263,0.9438,0.9312,0.7435
45.25,9.8309,-0.0614,-0.6714,0.0002,0.0123,0.0,0.0263,0.9438,0.9312,0.7435
45.25,9.8309,-0.0614,-0.6714,0.0002,0.0123,0.0,0.0263,0.9438,0.9312,0.7435
45.283,9.8309,-0.0614,-0.6714,0.0003,0.0134,0.0,0.0263,0.9438,0.9312,0.7435
45.3,9.8309,-0.0615,-0.6713,-0.0008,-0.0004,0.0,0.0263,0.9438,0.9312,0.7435
45.3,9.8309,-0.0615,-0.6713,-0.0008,-0.0004,0.0,0.0263,0.9438,0.9312,0.7435
45.3,9.8309,-0.0615,-0.6713,-0.0008,-0.0004,0.0,0.0263,0.9438,0.9312,0.7435
45.333,9.8309,-0.0614,-0.6713,-0.0007,-0.003,0.0,0.0263,0.9484,0.9312,0.7435
45.333,9.8309,-0.0614,-0.6713,-0.0007,-0.003,0.0,0.0263,0.9484,0.9312,0.7435
45.35,9.8309,-0.0614,-0.6713,-0.0008,-0.0026,0.0,0.0263,0.9484,0.9312,0.7435
45.367,9.8309,-0.0614,-0.6713,-0.0007,-0.0027,0.0,0.0263,0.9484,0.9312,0.7435
45.367,9.8309,-0.0614,-0.6713,-0.0007,-0.0027,0.0,0.0263,0.9484,0.9312,0.7435
45.367,9.8309,-0.0614,-0.6713,-0.0007,-0.0027,0.0,0.0263,0.9484,0.9312,0.7435
45.4,9.8309,-0.0614,-0.6713,-0.0007,-0.0037,0.0,0.0263,0.9484,0.9312,0.7435
45.417,9.8309,-0.0614,-0.6713,-0.0007,-0.0037,0.0,0.0263,0.9484,0.9312,0.7435
45.417,9.8309,-0.0614,-0.6713,-0.0007,-0.0037,0.0,0.0263,0.9389,0.9312,0.7435
45.417,9.8309,-0.0614,-0.6713,-0.0007,-0.0037,0.0,0.0263,0.9389,0.9305,0.7439
45.417,9.8309,-0.0614,-0.6713,-0.0007,-0.0037,0.0,0.0263,0.9389,0.9305,0.7439
45.417,9.8309,-0.0614,-0.6713,-0.0007,-0.0037,0.0,0.0263,0.9389,0.9305,0.7439
45.45,9.8309,-0.0614,-0.6713,-0.0007,-0.0052,0.0,0.0263,0.9389,0.9305,0.7439
45.467,9.8309,-0.0614,-0.6713,-0.0005,-0.0008,0.0,0.0263,0.9389,0.9305,0.7439
45.467,9.8309,-0.0614,-0.6713,-0.0005,-0.0008,0.0,0.0263,0.9389,0.9305,0.7439
45.467,9.8309,-0.0614,-0.6713,-0.0005,-0.0008,0.0,0.0263,0.9389,0.9305,0.7439
45.5,9.8309,-0.0614,-0.6713,-0.0007,-0.0025,0.0,0.0263,0.9389,0.9305,0.7439
45.5,9.8309,-0.0614,-0.6713,-0.0007,-0.0025,0.0,0.0263,0.9389,0.9305,0.7439
45.517,9.8309,-0.0614,-0.6713,-0.0007,-0.0039,0.0,0.0263,0.9389,0.9305,0.7439
45.533,9.8309,-0.0614,-0.6713,-0.0006,-0.0024,0.0,0.0263,0.9476,0.9305,0.7439
45.533,9.8309,-0.0614,-0.6713,-0.0006,-0.0024,0.0,0.0263,0.9476,0.9305,0.7439
45.533,9.8309,-0.0614,-0.6713,-0.0006,-0.0024,0.0,0.0263,0.9476,0.9305,0.7439
45.567,9.8308,-0.0614,-0.6712,-0.0006,-0.0032,0.0,0.0263,0.9476,0.9305,0.7439
45.583,9.8308,-0.0614,-0.6712,-0.0006,-0.0042,0.0,0.0263,0.9476,0.9305,0.7439
45.583,9.8308,-0.0614,-0.6712,-0.0006,-0.0042,0.0,0.0263,0.9476,0.9305,0.7439
45.583,9.8308,-0.0614,-0.6712,-0.0006,-0.0042,0.0,0.0263,0.9476,0.9305,0.7439
45.617,9.8308,-0.0614,-0.6712,-0.0006,-0.0052,0.0,0.0263,0.9476,0.9305,0.7439
45.617,9.8308,-0.0614,-0.6712,-0.0006,-0.0052,0.0,0.0263,0.9523,0.9301,0.7439
45.633,9.8308,-0.0614,-0.6712,-0.0006,-0.0059,0.0,0.0263,0.9523,0.9301,0.744
45.633,9.8308,-0.0614,-0.6712,-0.0006,-0.0059,0.0,0.0263,0.9523,0.9301,0.744
45.633,9.8308,-0.0614,-0.6712,-0.0006,-0.0059,0.0,0.0263,0.9523,0.9301,0.744
45.667,9.8308,-0.0614,-0.6712,-0.0005,-0.0021,0.0,0.0263,0.9523,0.9301,0.744
45.683,9.8308,-0.0614,-0.6712,-0.0005,-0.0034,0.0,0.0263,0.9523,0.9301,0.744
45.683,9.8308,-0.0614,-0.6712,-0.0005,-0.0034,0.0,0.0263,0.9523,0.9301,0.744
45.7,9.8308,-0.0614,-0.6712,-0.0005,-0.002,0.0,0.0263,0.9523,0.9301,0.744
45.7,9.8308,-0.0614,-0.6712,-0.0005,-0.002,0.0,0.0263,0.9523,0.9301,0.744
45.7,9.8308,-0.0614,-0.6712,-0.0005,-0.002,0.0,0.0263,0.9523,0.9301,0.744
45.733,9.8308,-0.0614,-0.6712,-0.0005,-0.0018,0.0,0.0263,0.9434,0.9301,0.744
45.75,9.8308,-0.0614,-0.6712,-0.0005,-0.0024,0.0,0.0263,0.9434,0.9301,0.744
45.75,9.8308,-0.0614,-0.6712,-0.0005,-0.0024,0.0,0.0263,0.9434,0.9301,0.744
45.75,9.8308,-0.0614,-0.6712,-0.0005,-0.0024,0.0,0.0263,0.9434,0.9301,0.744
45.783,9.8308,-0.0614,-0.6712,-0.0005,-0.0033,0.0,0.0263,0.9434,0.9301,0.744
45.783,9.8308,-0.0614,-0.6712,-0.0005,-0.0033,0.0,0.0263,0.9434,0.9301,0.744
45.8,9.8308,-0.0614,-0.6712,-0.0005,-0.0023,0.0,0.0263,0.9434,0.9301,0.744
45.8,9.8308,-0.0614,-0.6712,-0.0005,-0.0023,0.0,0.0263,0.9434,0.9301,0.744
45.833,9.8308,-0.0614,-0.6712,-0.0004,-0.0006,0.0,0.0263,0.9406,0.9311,0.7433
45.833,9.8308,-0.0614,-0.6712,-0.0004,-0.0006,0.0,0.0263,0.9406,0.9311,0.7433
45.85,9.8308,-0.0614,-0.6712,-0.0004,-0.0021,0.0,0.0263,0.9406,0.9311,0.7433
45.85,9.8308,-0.0614,-0.6712,-0.0004,-0.0021,0.0,-0.0263,0.9406,0.9311,0.7433
45.867,9.8308,-0.0614,-0.6712,-0.0005,-0.0023,0.0,-0.0263,0.9406,0.9311,0.7433
45.867,9.8308,-0.0614,-0.6712,-0.0005,-0.0023,0.0,-0.0263,0.9406,0.9311,0.7433
45.867,9.8308,-0.0614,-0.6712,-0.0005,-0.0023,0.0,-0.0263,0.9406,0.9311,0.7433
45.9,9.8308,-0.0614,-0.6712,-0.0004,-0.0018,0.0,-0.0263,0.9406,0.9311,0.7433
45.917,9.8308,-0.0614,-0.6712,-0.0004,-0.0029,0.0,-0.0263,0.9406,0.9311,0.7433
45.917,9.8308,-0.0614,-0.6712,-0.0004,-0.0029,0.0,-0.0263,0.9344,0.9311,0.7433
45.917,9.8308,-0.0614,-0.6712,-0.0004,-0.0029,0.0,-0.0263,0.9344,0.9311,0.7433
45.95,9.8308,-0.0614,-0.6712,-0.0005,-0.004,0.0,-0.0263,0.9344,0.9311,0.7433
45.95,9.8308,-0.0614,-0.6712,-0.0005,-0.004,0.0,-0.0263,0.9344,0.9311,0.7433
45.967,9.8308,-0.0614,-0.6712,-0.0005,-0.0045,0.0,-0.0263,0.9344,0.9311,0.7433
45.967,9.8308,-0.0614,-0.6712,-0.0005,-0.0045,0.0,-0.0263,0.9344,0.9311,0.7433
46.0,9.8308,-0.0613,-0.6713,0.0005,0.0101,0.0,-0.0263,0.9344,0.9311,0.7433
46.0,9.8308,-0.0613,-0.6713,0.0005,0.0101,0.0,-0.0263,0.9344,0.9311,0.7433
46.017,9.8308,-0.0614,-0.6714,0.0006,0.0112,0.0,-0.0263,0.9344,0.9311,0.7433
46.033,9.8308,-0.0614,-0.6714,0.0007,0.0133,0.0,-0.0263,0.9435,0.9316,0.7433
46.033,9.8308,-0.0614,-0.6714,0.0007,0.0133,0.0,-0.0263,0.9435,0.9316,0.7433
46.033,9.8308,-0.0614,-0.6714,0.0007,0.0133,0.0,-0.0263,0.9435,0.9316,0.7433
46.067,9.8308,-0.0614,-0.6714,0.0005,0.011,0.0,-0.0263,0.9435,0.9316,0.7433
46.067,9.8308,-0.0614,-0.6714,0.0005,0.011,0.0,-0.0263,0.9435,0.9316,0.7433
46.083,9.8308,-0.0614,-0.6714,0.0005,0.0105,0.0,-0.0263,0.9435,0.9316,0.7433
46.083,9.8308,-0.0614,-0.6714,0.0005,0.0105,0.0,-0.0263,0.9435,0.9316,0.7433
46.083,9.8308,-0.0614,-0.6714,0.0005,0.0105,0.0,-0.0263,0.9435,0.9316,0.7433
46.117,9.8309,-0.0614,-0.6714,0.0005,0.0112,0.0,-0.0263,0.9435,0.9316,0.7433
46.133,9.8309,-0.0614,-0.6714,0.0005,0.0128,0.0,-0.0263,0.95,0.9316,0.7433
46.133,9.8309,-0.0614,-0.6714,0.0005,0.0128,0.0,-0.0263,0.95,0.9316,0.7433
46.133,9.8309,-0.0614,-0.6714,0.0005,0.0128,0.0,-0.0263,0.95,0.9316,0.7433
46.167,9.8309,-0.0614,-0.6714,0.0006,0.0121,0.0,-0.0263,0.95,0.9316,0.7433
46.167,9.8309,-0.0614,-0.6714,0.0006,0.0121,0.0,-0.0263,0.95,0.9316,0.7433
46.183,9.8309,-0.0614,-0.6714,0.0005,0.0117,0.0,-0.0263,0.95,0.9316,0.7433
46.2,9.8309,-0.0614,-0.6714,0.0004,0.0131,0.0,-0.0263,0.95,0.9316,0.7433
46.2,9.8309,-0.0614,-0.6714,0.0004,0.0131,0.0,-0.0263,0.95,0.9316,0.7433
46.2,9.8309,-0.0614,-0.6714,0.0004,0.0131,0.0,-0.0263,0.95,0.9316,0.7433
46.233,9.8309,-0.0614,-0.6714,0.0004,0.0114,0.0,-0.0263,0.9369,0.9313,0.7433
46.233,9.8309,-0.0614,-0.6714,0.0004,0.0114,0.0,-0.0263,0.9369,0.9313,0.7433
46.25,9.8309,-0.0614,-0.6714,0.0004,0.0127,0.0,-0.0263,0.9369,0.9313,0.7433
46.25,9.8309,-0.0614,-0.6714,0.0004,0.0127,0.0,-0.0263,0.9369,0.9313,0.7433
46.25,9.8309,-0.0614,-0.6714,0.0004,0.0127,0.0,-0.0263,0.9369,0.9313,0.7433
46.283,9.8309,-0.0614,-0.6714,0.0005,0.0127,0.0,-0.0263,0.9369,0.9313,0.7433
46.3,9.8309,-0.0614,-0.6714,0.0003,0.0093,0.0,-0.0263,0.9369,0.9313,0.7433
46.3,9.8309,-0.0614,-0.6714,0.0003,0.0093,0.0,0.0263,0.9369,0.9313,0.7433
46.3,9.8309,-0.0614,-0.6714,0.0003,0.0093,0.0,0.0263,0.9369,0.9313,0.7433
46.333,9.8309,-0.0614,-0.6714,0.0003,0.0104,0.0,0.0263,0.9509,0.9313,0.7433
46.333,9.8309,-0.0614,-0.6714,0.0003,0.0104,0.0,0.0263,0.9509,0.9313,0.7433
46.35,9.8309,-0.0614,-0.6714,0.0003,0.012,0.0,0.0263,0.9509,0.9313,0.7433
46.367,9.8309,-0.0614,-0.6714,0.0004,0.0118,0.0,0.0263,0.9509,0.9313,0.7433
46.367,9.8309,-0.0614,-0.6714,0.0004,0.0118,0.0,0.0263,0.9509,0.9313,0.7433
46.367,9.8309,-0.0614,-0.6714,0.0004,0.0118,0.0,0.0263,0.9509,0.9313,0.7433
46.4,9.8309,-0.0614,-0.6714,0.0003,0.0107,0.0,0.0263,0.9509,0.9313,0.7433
46.4,9.8309,-0.0614,-0.6714,0.0003,0.0107,0.0,0.0263,0.9509,0.9313,0.7433
46.417,9.8309,-0.0614,-0.6714,0.0003,0.0119,0.0,0.0263,0.9509,0.9313,0.7433
46.417,9.8309,-0.0614,-0.6714,0.0003,0.0119,0.0,0.0263,0.9443,0.9302,0.7438
46.417,9.8309,-0.0614,-0.6714,0.0003,0.0119,0.0,0.0263,0.9443,0.9302,0.7438
46.45,9.8309,-0.0615,-0.6713,-0.0007,-0.001,0.0,0.0263,0.9443,0.9302,0.7438
46.467,9.8309,-0.0615,-0.6713,-0.0007,-0.0033,0.0,0.0263,0.9443,0.9302,0.7438
46.467,9.8309,-0.0615,-0.6713,-0.0007,-0.0033,0.0,0.0263,0.9443,0.9302,0.7438
46.467,9.8309,-0.0615,-0.6713,-0.0007,-0.0033,0.0,0.0263,0.9443,0.9302,0.7438
46.5,9.8309,-0.0614,-0.6713,-0.0007,-0.0027,0.0,0.0263,0.9443,0.9302,0.7438
46.5,9.8309,-0.0614,-0.6713,-0.0007,-0.0027,0.0,0.0263,0.9443,0.9302,0.7438
46.517,9.8309,-0.0614,-0.6713,-0.0008,-0.0036,0.0,0.0263,0.9443,0.9302,0.7438
46.533,9.8309,-0.0614,-0.6713,-0.0009,-0.0039,0.0,0.0263,0.9342,0.9302,0.7438
46.533,9.8309,-0.0614,-0.6713,-0.0009,-0.0039,0.0,0.0263,0.9342,0.9302,0.7438
46.533,9.8309,-0.0614,-0.6713,-0.0009,-0.0039,0.0,0.0263,0.9342,0.9302,0.7438
46.567,9.8309,-0.0614,-0.6713,-0.0007,-0.002,0.0,0.0263,0.9342,0.9302,0.7438
46.567,9.8309,-0.0614,-0.6713,-0.0007,-0.002,0.0,0.0263,0.9342,0.9302,0.7438
46.583,9.8309,-0.0614,-0.6713,-0.0008,-0.0037,0.0,0.0263,0.9342,0.9302,0.7438
46.583,9.8309,-0.0614,-0.6713,-0.0008,-0.0037,0.0,0.0263,0.9342,0.9302,0.7438
46.617,9.8309,-0.0614,-0.6713,-0.0006,-0.0029,0.0,0.0263,0.9342,0.9302,0.7438
46.617,9.8309,-0.0614,-0.6713,-0.0006,-0.0029,0.0,0.0263,0.9342,0.9302,0.7438
46.633,9.8309,-0.0614,-0.6713,-0.0006,-0.0019,0.0,0.0263,0.9429,0.9315,0.7432
46.633,9.8309,-0.0614,-0.6713,-0.0006,-0.0019,0.0,0.0263,0.9429,0.9315,0.7432
46.633,9.8309,-0.0614,-0.6713,-0.0006,-0.0019,0.0,0.0263,0.9429,0.9315,0.7432
46.667,9.8309,-0.0614,-0.6713,-0.0006,-0.002,0.0,0.0263,0.9429,0.9315,0.7432
46.683,9.8309,-0.0614,-0.6713,-0.0006,-0.0036,0.0,0.0263,0.9429,0.9315,0.7432
46.683,9.8309,-0.0614,-0.6713,-0.0006,-0.0036,0.0,0.0263,0.9429,0.9315,0.7432
46.7,9.8308,-0.0614,-0.6713,-0.0006,-0.0033,0.0,0.0263,0.9429,0.9315,0.7432
46.7,9.8308,-0.0614,-0.6713,-0.0006,-0.0033,0.0,0.0263,0.9429,0.9315,0.7432
46.7,9.8308,-0.0614,-0.6713,-0.0006,-0.0033,0.0,0.0263,0.9429,0.9315,0.7432
46.733,9.8308,-0.0614,-0.6712,-0.0006,-0.0036,0.0,0.0263,0.934,0.9315,0.7432
46.75,9.8308,-0.0614,-0.6712,-0.0006,-0.0047,0.0,0.0263,0.934,0.9315,0.7432
46.75,9.8308,-0.0614,-0.6712,-0.0006,-0.0047,0.0,0.0263,0.934,0.9315,0.7432
46.75,9.8308,-0.0614,-0.6712,-0.0006,-0.0047,0.0,0.0263,0.934,0.9315,0.7432
46.783,9.8308,-0.0614,-0.6712,-0.0005,-0.0048,0.0,0.0263,0.934,0.9315,0.7432
46.783,9.8308,-0.0614,-0.6712,-0.0005,-0.0048,0.0,0.0263,0.934,0.9315,0.7432
46.8,9.8308,-0.0614,-0.6712,-0.0005,-0.0053,0.0,0.0263,0.934,0.9315,0.7432
46.8,9.8308,-0.0614,-0.6712,-0.0005,-0.0053,0.0,0.0263,0.934,0.9315,0.7432
46.8,9.8308,-0.0614,-0.6712,-0.0005,-0.0053,0.0,0.0263,0.9487,0.9307,0.7436
46.833,9.8308,-0.0614,-0.6712,-0.0005,-0.0052,0.0,0.0263,0.9487,0.9307,0.7436
46.85,9.8308,-0.0614,-0.6712,-0.0005,-0.0043,0.0,0.0263,0.9487,0.9307,0.7436
46.85,9.8308,-0.0614,-0.6712,-0.0005,-0.0043,0.0,0.0263,0.9487,0.9307,0.7436
46.867,9.8308,-0.0614,-0.6712,-0.0006,-0.0055,0.0,0.0263,0.9487,0.9307,0.7436
46.867,9.8308,-0.0614,-0.6712,-0.0006,-0.0055,0.0,0.0263,0.9487,0.9307,0.7436
46.867,9.8308,-0.0614,-0.6712,-0.0006,-0.0055,0.0,0.0263,0.9487,0.9307,0.7436
46.867,9.8308,-0.0614,-0.6712,-0.0006,-0.0055,0.0,0.0263,0.9487,0.9307,0.7436
46.9,9.8308,-0.0614,-0.6712,-0.0006,-0.0062,0.0,0.0263,0.9487,0.9307,0.7436
46.917,9.8308,-0.0614,-0.6712,-0.0005,-0.0033,0.0,0.0263,0.9487,0.9307,0.7436
46.917,9.8308,-0.0614,-0.6712,-0.0005,-0.0033,0.0,0.0263,0.9487,0.9307,0.7436
46.917,9.8308,-0.0614,-0.6712,-0.0005,-0.0033,0.0,0.0263,0.9482,0.9307,0.7436
46.95,9.8308,-0.0614,-0.6712,-0.0005,-0.0046,0.0,0.0263,0.9482,0.9307,0.7436
46.95,9.8308,-0.0614,-0.6712,-0.0005,-0.0046,0.0,0.0263,0.9482,0.9307,0.7436
46.967,9.8308,-0.0614,-0.6712,-0.0005,-0.0022,0.0,0.0263,0.9482,0.9307,0.7436
46.967,9.8308,-0.0614,-0.6712,-0.0005,-0.0022,0.0,0.0263,0.9482,0.9307,0.7436
46.967,9.8308,-0.0614,-0.6712,-0.0005,-0.0022,0.0,0.0263,0.9482,0.9307,0.7436
47.0,9.8308,-0.0614,-0.6712,-0.0005,-0.0027,0.0,0.0263,0.9482,0.9307,0.7436
47.017,9.8308,-0.0614,-0.6712,-0.0005,-0.0038,0.0,0.0263,0.9482,0.9307,0.7436
47.017,9.8308,-0.0614,-0.6712,-0.0005,-0.0038,0.0,0.0263,0.9338,0.9312,0.7428
47.033,9.8308,-0.0614,-0.6712,-0.0005,-0.0043,0.0,0.0263,0.9338,0.9312,0.7428
47.033,9.8308,-0.0614,-0.6712,-0.0005,-0.0043,0.0,0.0263,0.9338,0.9312,0.7428
47.033,9.8308,-0.0614,-0.6712,-0.0005,-0.0043,0.0,0.0263,0.9338,0.9312,0.7428
47.067,9.8308,-0.0614,-0.6712,-0.0005,-0.0053,0.0,0.0263,0.9338,0.9312,0.7428
47.083,9.8308,-0.0614,-0.6712,-0.0005,-0.0029,0.0,0.0263,0.9338,0.9312,0.7428
47.083,9.8308,-0.0614,-0.6712,-0.0005,-0.0029,0.0,0.0263,0.9338,0.9312,0.7428
47.083,9.8308,-0.0614,-0.6712,-0.0005,-0.0029,0.0,0.0263,0.9338,0.9312,0.7428
47.117,9.8308,-0.0614,-0.6712,-0.0004,-0.0012,0.0,0.0263,0.9338,0.9312,0.7428
47.117,9.8308,-0.0614,-0.6712,-0.0004,-0.0012,0.0,0.0263,0.9469,0.9312,0.7428
47.133,9.8308,-0.0614,-0.6712,-0.0004,-0.0032,0.0,0.0263,0.9469,0.9312,0.7428
47.133,9.8308,-0.0614,-0.6712,-0.0004,-0.0032,0.0,0.0263,0.9469,0.9312,0.7428
47.167,9.8308,-0.0614,-0.6712,-0.0004,-0.003,0.0,0.0263,0.9469,0.9312,0.7428
47.167,9.8308,-0.0614,-0.6712,-0.0004,-0.003,0.0,0.0263,0.9469,0.9312,0.7428
47.183,9.8308,-0.0614,-0.6712,-0.0004,-0.0018,0.0,0.0263,0.9469,0.9312,0.7428
47.2,9.8308,-0.0614,-0.6712,-0.0004,-0.0033,0.0,0.0263,0.9469,0.9312,0.7428
47.2,9.8308,-0.0614,-0.6712,-0.0004,-0.0033,0.0,0.0263,0.9469,0.9312,0.7428
47.2,9.8308,-0.0614,-0.6712,-0.0004,-0.0033,0.0,-0.0263,0.9469,0.9312,0.7428
47.233,9.8308,-0.0613,-0.6712,-0.0005,-0.0038,0.0,-0.0263,0.9459,0.9307,0.7431
47.233,9.8308,-0.0613,-0.6712,-0.0005,-0.0038,0.0,-0.0263,0.9459,0.9307,0.7431
47.25,9.8308,-0.0613,-0.6712,-0.0006,-0.003,0.0,-0.0263,0.9459,0.9307,0.7431
47.25,9.8308,-0.0613,-0.6712,-0.0006,-0.003,0.0,-0.0263,0.9459,0.9307,0.7431
47.25,9.8308,-0.0613,-0.6712,-0.0006,-0.003,0.0,-0.0263,0.9459,0.9307,0.7431
47.283,9.8308,-0.0613,-0.6712,-0.0004,-0.0024,0.0,-0.0263,0.9459,0.9307,0.7431
47.283,9.8308,-0.0613,-0.6712,-0.0004,-0.0024,0.0,-0.0263,0.9459,0.9307,0.7431
47.3,9.8308,-0.0613,-0.6712,-0.0004,-0.0033,0.0,-0.0263,0.9459,0.9307,0.7431
47.3,9.8308,-0.0613,-0.6712,-0.0004,-0.0033,0.0,-0.0263,0.9459,0.9307,0.7431
47.333,9.8308,-0.0613,-0.6712,-0.0004,-0.0034,0.0,-0.0263,0.948,0.9307,0.7431
47.333,9.8308,-0.0613,-0.6712,-0.0004,-0.0034,0.0,-0.0263,0.948,0.9307,0.7431
47.35,9.8308,-0.0613,-0.6713,0.0007,0.0083,0.0,-0.0263,0.948,0.9307,0.7431
47.35,9.8308,-0.0613,-0.6713,0.0007,0.0083,0.0,-0.0263,0.948,0.9307,0.7431
47.367,9.8308,-0.0613,-0.6713,0.0008,0.009,0.0,-0.0263,0.948,0.9307,0.7431
47.367,9.8308,-0.0613,-0.6713,0.0008,0.009,0.0,-0.0263,0.948,0.9307,0.7431
47.4,9.8308,-0.0613,-0.6713,0.0006,0.0103,0.0,-0.0263,0.948,0.9307,0.7431
47.4,9.8308,-0.0613,-0.6713,0.0006,0.0103,0.0,-0.0263,0.948,0.9307,0.7431
47.417,9.8308,-0.0614,-0.6714,0.0007,0.0105,0.0,-0.0263,0.948,0.9307,0.7431
47.417,9.8308,-0.0614,-0.6714,0.0007,0.0105,0.0,-0.0263,0.9385,0.9302,0.7444
47.417,9.8308,-0.0614,-0.6714,0.0007,0.0105,0.0,-0.0263,0.9385,0.9302,0.7444
47.45,9.8308,-0.0614,-0.6714,0.0005,0.0098,0.0,-0.0263,0.9385,0.9302,0.7444
47.467,9.8308,-0.0614,-0.6714,0.0005,0.0123,0.0,-0.0263,0.9385,0.9302,0.7444
47.467,9.8308,-0.0614,-0.6714,0.0005,0.0123,0.0,-0.0263,0.9385,0.9302,0.7444
47.467,9.8308,-0.0614,-0.6714,0.0005,0.0123,0.0,-0.0263,0.9385,0.9302,0.7444
47.5,9.8308,-0.0614,-0.6714,0.0004,0.0087,0.0,-0.0263,0.9385,0.9302,0.7444
47.5,9.8308,-0.0614,-0.6714,0.0004,0.0087,0.0,-0.0263,0.9385,0.9302,0.7444
47.517,9.8308,-0.0614,-0.6714,0.0004,0.011,0.0,-0.0263,0.9385,0.9302,0.7444
47.533,9.8309,-0.0614,-0.6714,0.0004,0.0095,0.0,-0.0263,0.9475,0.9302,0.7444
47.533,9.8309,-0.0614,-0.6714,0.0004,0.0095,0.0,-0.0263,0.9475,0.9302,0.7444
47.533,9.8309,-0.0614,-0.6714,0.0004,0.0095,0.0,-0.0263,0.9475,0.9302,0.7444
47.567,9.8309,-0.0614,-0.6714,0.0004,0.0105,0.0,-0.0263,0.9475,0.9302,0.7444
47.567,9.8309,-0.0614,-0.6714,0.0004,0.0105,0.0,-0.0263,0.9475,0.9302,0.7444
47.583,9.8309,-0.0614,-0.6714,0.0004,0.0133,0.0,-0.0263,0.9475,0.9302,0.7444
47.583,9.8309,-0.0614,-0.6714,0.0004,0.0133,0.0,-0.0263,0.9475,0.9302,0.7444
47.583,9.8309,-0.0614,-0.6714,0.0004,0.0133,0.0,-0.0263,0.9475,0.9302,0.7444
47.617,9.8309,-0.0614,-0.6714,0.0004,0.0135,0.0,-0.0263,0.9475,0.9302,0.7444
47.633,9.8309,-0.0614,-0.6714,0.0005,0.0113,0.0,-0.0263,0.9408,0.9318,0.744
47.633,9.8309,-0.0614,-0.6714,0.0005,0.0113,0.0,-0.0263,0.9408,0.9318,0.744
47.633,9.8309,-0.0614,-0.6714,0.0005,0.0113,0.0,-0.0263,0.9408,0.9318,0.744
47.667,9.8309,-0.0614,-0.6714,0.0003,0.0103,0.0,-0.0263,0.9408,0.9318,0.744
47.667,9.8309,-0.0614,-0.6714,0.0003,0.0103,0.0,0.0263,0.9408,0.9318,0.744
47.683,9.8309,-0.0614,-0.6714,0.0004,0.0122,0.0,0.0263,0.9408,0.9318,0.744
47.7,9.8309,-0.0614,-0.6714,0.0004,0.0132,0.0,0.0263,0.9408,0.9318,0.744
47.7,9.8309,-0.0614,-0.6714,0.0004,0.0132,0.0,0.0263,0.9408,0.9318,0.744
47.7,9.8309,-0.0614,-0.6714,0.0004,0.0132,0.0,0.0263,0.9408,0.9318,0.744
47.733,9.8309,-0.0614,-0.6714,0.0004,0.0149,0.0,0.0263,0.9396,0.9318,0.744
47.733,9.8309,-0.0614,-0.6714,0.0004,0.0149,0.0,0.0263,0.9396,0.9318,0.744
47.75,9.8309,-0.0614,-0.6714,0.0003,0.0139,0.0,0.0263,0.9396,0.9318,0.744
47.75,9.8309,-0.0614,-0.6714,0.0003,0.0139,0.0,0.0263,0.9396,0.9318,0.744
47.783,9.8309,-0.0614,-0.6714,0.0003,0.012,0.0,0.0263,0.9396,0.9318,0.744
47.783,9.8309,-0.0614,-0.6714,0.0003,0.012,0.0,0.0263,0.9396,0.9318,0.744
47.8,9.8309,-0.0615,-0.6713,-0.0008,0.0014,0.0,0.0263,0.9396,0.9318,0.744
47.8,9.8309,-0.0615,-0.6713,-0.0008,0.0014,0.0,0.0263,0.9396,0.9318,0.744
47.8,9.8309,-0.0615,-0.6713,-0.0008,0.0014,0.0,0.0263,0.9331,0.9309,0.744
47.833,9.8309,-0.0614,-0.6713,-0.0009,-0.0032,0.0,0.0263,0.9331,0.9309,0.7438
47.833,9.8309,-0.0614,-0.6713,-0.0009,-0.0032,0.0,0.0263,0.9331,0.9309,0.7438
47.85,9.8309,-0.0614,-0.6713,-0.0007,-0.0035,0.0,0.0263,0.9331,0.9309,0.7438
47.867,9.8309,-0.0614,-0.6713,-0.0009,-0.006,0.0,0.0263,0.9331,0.9309,0.7438
47.867,9.8309,-0.0614,-0.6713,-0.0009,-0.006,0.0,0.0263,0.9331,0.9309,0.7438
47.867,9.8309,-0.0614,-0.6713,-0.0009,-0.006,0.0,0.0263,0.9331,0.9309,0.7438
47.9,9.8309,-0.0614,-0.6713,-0.0007,-0.0026,0.0,0.0263,0.9331,0.9309,0.7438
47.9,9.8309,-0.0614,-0.6713,-0.0007,-0.0026,0.0,0.0263,0.9331,0.9309,0.7438
47.917,9.8309,-0.0614,-0.6713,-0.0007,-0.004,0.0,0.0263,0.9331,0.9309,0.7438
47.917,9.8309,-0.0614,-0.6713,-0.0007,-0.004,0.0,0.0263,0.9546,0.9309,0.7438
47.95,9.8309,-0.0614,-0.6713,-0.0007,-0.0042,0.0,0.0263,0.9546,0.9309,0.7438
47.95,9.8309,-0.0614,-0.6713,-0.0007,-0.0042,0.0,0.0263,0.9546,0.9309,0.7438
47.967,9.8309,-0.0614,-0.6713,-0.0006,-0.0028,0.0,0.0263,0.9546,0.9309,0.7438
47.967,9.8309,-0.0614,-0.6713,-0.0006,-0.0028,0.0,0.0263,0.9546,0.9309,0.7438
47.967,9.8309,-0.0614,-0.6713,-0.0006,-0.0028,0.0,0.0263,0.9546,0.9309,0.7438
48.0,9.8309,-0.0614,-0.6713,-0.0006,-0.0028,0.0,0.0263,0.9546,0.9309,0.7438
48.017,9.8309,-0.0614,-0.6713,-0.0006,-0.002,0.0,0.0263,0.9546,0.9309,0.7438
48.017,9.8309,-0.0614,-0.6713,-0.0006,-0.002,0.0,0.0263,0.9413,0.93,0.7431
48.033,9.8309,-0.0614,-0.6713,-0.0007,-0.0038,0.0,0.0263,0.9413,0.93,0.7431
48.033,9.8309,-0.0614,-0.6713,-0.0007,-0.0038,0.0,0.0263,0.9413,0.93,0.7431
48.033,9.8309,-0.0614,-0.6713,-0.0007,-0.0038,0.0,0.0263,0.9413,0.93,0.7431
48.067,9.8308,-0.0614,-0.6713,-0.0008,-0.005,0.0,0.0263,0.9413,0.93,0.7431
48.083,9.8308,-0.0614,-0.6712,-0.0006,-0.0031,0.0,0.0263,0.9413,0.93,0.7431
48.083,9.8308,-0.0614,-0.6712,-0.0006,-0.0031,0.0,0.0263,0.9413,0.93,0.7431
48.083,9.8308,-0.0614,-0.6712,-0.0006,-0.0031,0.0,0.0263,0.9413,0.93,0.7431
48.117,9.8308,-0.0614,-0.6712,-0.0005,-0.0026,0.0,0.0263,0.9413,0.93,0.7431
48.117,9.8308,-0.0614,-0.6712,-0.0005,-0.0026,0.0,0.0263,0.944,0.93,0.7431
48.133,9.8308,-0.0614,-0.6712,-0.0006,-0.0023,0.0,0.0263,0.944,0.93,0.7431
48.133,9.8308,-0.0614,-0.6712,-0.0006,-0.0023,0.0,0.0263,0.944,0.93,0.7431
48.133,9.8308,-0.0614,-0.6712,-0.0006,-0.0023,0.0,0.0263,0.944,0.93,0.7431
48.167,9.8308,-0.0614,-0.6712,-0.0006,-0.0025,0.0,0.0263,0.944,0.93,0.7431
48.183,9.8308,-0.0614,-0.6712,-0.0005,-0.0027,0.0,0.0263,0.944,0.93,0.7431
48.183,9.8308,-0.0614,-0.6712,-0.0005,-0.0027,0.0,0.0263,0.944,0.93,0.7431
48.2,9.8308,-0.0614,-0.6712,-0.0006,-0.0025,0.0,0.0263,0.944,0.93,0.7431
48.2,9.8308,-0.0614,-0.6712,-0.0006,-0.0025,0.0,0.0263,0.944,0.93,0.7431
48.2,9.8308,-0.0614,-0.6712,-0.0006,-0.0025,0.0,0.0263,0.9434,0.93,0.743
48.233,9.8308,-0.0614,-0.6712,-0.0006,-0.005,0.0,0.0263,0.9434,0.9315,0.743
48.25,9.8308,-0.0614,-0.6712,-0.0004,-0.0037,0.0,0.0263,0.9434,0.9315,0.743
48.25,9.8308,-0.0614,-0.6712,-0.0004,-0.0037,0.0,0.0263,0.9434,0.9315,0.743
48.25,9.8308,-0.0614,-0.6712,-0.0004,-0.0037,0.0,0.0263,0.9434,0.9315,0.743
48.283,9.8308,-0.0614,-0.6712,-0.0006,-0.0033,0.0,0.0263,0.9434,0.9315,0.743
48.283,9.8308,-0.0614,-0.6712,-0.0006,-0.0033,0.0,0.0263,0.9434,0.9315,0.743
48.3,9.8308,-0.0614,-0.6712,-0.0005,-0.0032,0.0,0.0263,0.9434,0.9315,0.743
48.3,9.8308,-0.0614,-0.6712,-0.0005,-0.0032,0.0,0.0263,0.9434,0.9315,0.743
48.3,9.8308,-0.0614,-0.6712,-0.0005,-0.0032,0.0,0.0263,0.9471,0.9315,0.743
48.333,9.8308,-0.0614,-0.6712,-0.0005,-0.0019,0.0,0.0263,0.9471,0.9315,0.743
48.35,9.8308,-0.0614,-0.6712,-0.0004,-0.0029,0.0,0.0263,0.9471,0.9315,0.743
48.35,9.8308,-0.0614,-0.6712,-0.0004,-0.0029,0.0,0.0263,0.9471,0.9315,0.743
48.367,9.8308,-0.0614,-0.6712,-0.0005,-0.0026,0.0,-0.0263,0.9471,0.9315,0.743
48.367,9.8308,-0.0614,-0.6712,-0.0005,-0.0026,0.0,-0.0263,0.9471,0.9315,0.743
48.367,9.8308,-0.0614,-0.6712,-0.0005,-0.0026,0.0,-0.0263,0.9471,0.9315,0.743
48.4,9.8308,-0.0614,-0.6712,-0.0004,-0.0024,0.0,-0.0263,0.9471,0.9315,0.743
48.417,9.8308,-0.0614,-0.6712,-0.0005,-0.0038,0.0,-0.0263,0.9471,0.9315,0.743
48.417,9.8308,-0.0614,-0.6712,-0.0005,-0.0038,0.0,-0.0263,0.934,0.9312,0.7443
48.417,9.8308,-0.0614,-0.6712,-0.0005,-0.0038,0.0,-0.0263,0.934,0.9312,0.7443
48.45,9.8308,-0.0614,-0.6712,-0.0005,-0.0043,0.0,-0.0263,0.934,0.9312,0.7443
48.45,9.8308,-0.0614,-0.6712,-0.0005,-0.0043,0.0,-0.0263,0.934,0.9312,0.7443
48.467,9.8308,-0.0614,-0.6712,-0.0005,-0.0034,0.0,-0.0263,0.934,0.9312,0.7443
48.467,9.8308,-0.0614,-0.6712,-0.0005,-0.0034,0.0,-0.0263,0.934,0.9312,0.7443
48.467,9.8308,-0.0614,-0.6712,-0.0005,-0.0034,0.0,-0.0263,0.934,0.9312,0.7443
48.5,9.8308,-0.0613,-0.6714,0.0006,0.0098,0.0,-0.0263,0.934,0.9312,0.7443
48.517,9.8308,-0.0613,-0.6713,0.0008,0.0119,0.0,-0.0263,0.934,0.9312,0.7443
48.517,9.8308,-0.0613,-0.6713,0.0008,0.0119,0.0,-0.0263,0.934,0.9312,0.7443
48.533,9.8308,-0.0614,-0.6713,0.0005,0.0088,0.0,-0.0263,0.9436,0.9312,0.7443
48.533,9.8308,-0.0614,-0.6713,0.0005,0.0088,0.0,-0.0263,0.9436,0.9312,0.7443
48.533,9.8308,-0.0614,-0.6713,0.0005,0.0088,0.0,-0.0263,0.9436,0.9312,0.7443
48.567,9.8308,-0.0614,-0.6714,0.0006,0.0112,0.0,-0.0263,0.9436,0.9312,0.7443
48.583,9.8308,-0.0614,-0.6714,0.0005,0.0118,0.0,-0.0263,0.9436,0.9312,0.7443
48.583,9.8308,-0.0614,-0.6714,0.0005,0.0118,0.0,-0.0263,0.9436,0.9312,0.7443
48.583,9.8308,-0.0614,-0.6714,0.0005,0.0118,0.0,-0.0263,0.9436,0.9312,0.7443
48.617,9.8308,-0.0614,-0.6714,0.0005,0.0129,0.0,-0.0263,0.9436,0.9312,0.7443
48.617,9.8308,-0.0614,-0.6714,0.0005,0.0129,0.0,-0.0263,0.9435,0.9312,0.7435
48.633,9.8308,-0.0614,-0.6714,0.0004,0.0139,0.0,-0.0263,0.9435,0.9317,0.7435
48.633,9.8308,-0.0614,-0.6714,0.0004,0.0139,0.0,-0.0263,0.9435,0.9317,0.7435
48.633,9.8308,-0.0614,-0.6714,0.0004,0.0139,0.0,-0.0263,0.9435,0.9317,0.7435
48.667,9.8309,-0.0614,-0.6714,0.0004,0.0148,0.0,-0.0263,0.9435,0.9317,0.7435
48.683,9.8309,-0.0614,-0.6714,0.0005,0.0142,0.0,-0.0263,0.9435,0.9317,0.7435
48.683,9.8309,-0.0614,-0.6714,0.0005,0.0142,0.0,-0.0263,0.9435,0.9317,0.7435
48.7,9.8309,-0.0614,-0.6714,0.0007,0.0153,0.0,-0.0263,0.9435,0.9317,0.7435
48.7,9.8309,-0.0614,-0.6714,0.0007,0.0153,0.0,-0.0263,0.9435,0.9317,0.7435
48.7,9.8309,-0.0614,-0.6714,0.0007,0.0153,0.0,-0.0263,0.9442,0.9317,0.7435
48.733,9.8309,-0.0614,-0.6714,0.0004,0.0128,0.0,-0.0263,0.9442,0.9317,0.7435
48.75,9.8309,-0.0614,-0.6714,0.0005,0.0114,0.0,-0.0263,0.9442,0.9317,0.7435
48.75,9.8309,-0.0614,-0.6714,0.0005,0.0114,0.0,-0.0263,0.9442,0.9317,0.7435
48.75,9.8309,-0.0614,-0.6714,0.0005,0.0114,0.0,-0.0263,0.9442,0.9317,0.7435
48.783,9.8309,-0.0614,-0.6714,0.0003,0.0098,0.0,-0.0263,0.9442,0.9317,0.7435
48.8,9.8309,-0.0614,-0.6714,0.0003,0.0108,0.0,-0.0263,0.9442,0.9317,0.7435
48.8,9.8309,-0.0614,-0.6714,0.0003,0.0108,0.0,-0.0263,0.9442,0.9317,0.7435
48.8,9.8309,-0.0614,-0.6714,0.0003,0.0108,0.0,-0.0263,0.9442,0.9317,0.7435
48.833,9.8309,-0.0614,-0.6714,0.0003,0.012,0.0,0.0263,0.9403,0.9307,0.7439
48.833,9.8309,-0.0614,-0.6714,0.0003,0.012,0.0,0.0263,0.9403,0.9307,0.7439
48.85,9.8309,-0.0614,-0.6714,0.0002,0.0108,0.0,0.0263,0.9403,0.9307,0.7439
48.85,9.8309,-0.0614,-0.6714,0.0002,0.0108,0.0,0.0263,0.9403,0.9307,0.7439
48.867,9.8309,-0.0614,-0.6714,0.0004,0.013,0.0,0.0263,0.9403,0.9307,0.7439
48.867,9.8309,-0.0614,-0.6714,0.0004,0.013,0.0,0.0263,0.9403,0.9307,0.7439
48.9,9.8309,-0.0614,-0.6714,0.0003,0.0117,0.0,0.0263,0.9403,0.9307,0.7439
48.9,9.8309,-0.0614,-0.6714,0.0003,0.0117,0.0,0.0263,0.9403,0.9307,0.7439
48.917,9.8309,-0.0614,-0.6714,0.0003,0.0111,0.0,0.0263,0.9403,0.9307,0.7439
48.917,9.8309,-0.0614,-0.6714,0.0003,0.0111,0.0,0.0263,0.9476,0.9307,0.7439
48.917,9.8309,-0.0614,-0.6714,0.0003,0.0111,0.0,0.0263,0.9476,0.9307,0.7439
48.95,9.8309,-0.0615,-0.6713,-0.0008,-0.0001,0.0,0.0263,0.9476,0.9307,0.7439
48.95,9.8309,-0.0615,-0.6713,-0.0008,-0.0001,0.0,0.0263,0.9476,0.9307,0.7439
48.967,9.8309,-0.0615,-0.6713,-0.0007,-0.0022,0.0,0.0263,0.9476,0.9307,0.7439
48.967,9.8309,-0.0615,-0.6713,-0.0007,-0.0022,0.0,0.0263,0.9476,0.9307,0.7439
49.0,9.8309,-0.0614,-0.6713,-0.0007,-0.0047,0.0,0.0263,0.9476,0.9307,0.7439
49.0,9.8309,-0.0614,-0.6713,-0.0007,-0.0047,0.0,0.0263,0.9476,0.9307,0.7439
49.017,9.8309,-0.0614,-0.6713,-0.001,-0.0071,0.0,0.0263,0.9476,0.9307,0.7439
49.033,9.8309,-0.0614,-0.6713,-0.0007,-0.0032,0.0,0.0263,0.947,0.9309,0.7438
49.033,9.8309,-0.0614,-0.6713,-0.0007,-0.0032,0.0,0.0263,0.947,0.9309,0.7438
49.033,9.8309,-0.0614,-0.6713,-0.0007,-0.0032,0.0,0.0263,0.947,0.9309,0.7438
49.067,9.8309,-0.0614,-0.6713,-0.0008,-0.0033,0.0,0.0263,0.947,0.9309,0.7438
49.067,9.8309,-0.0614,-0.6713,-0.0008,-0.0033,0.0,0.0263,0.947,0.9309,0.7438
49.083,9.8309,-0.0614,-0.6713,-0.0007,-0.0024,0.0,0.0263,0.947,0.9309,0.7438
49.083,9.8309,-0.0614,-0.6713,-0.0007,-0.0024,0.0,0.0263,0.947,0.9309,0.7438
49.083,9.8309,-0.0614,-0.6713,-0.0007,-0.0024,0.0,0.0263,0.947,0.9309,0.7438
49.117,9.8309,-0.0614,-0.6713,-0.0007,-0.0031,0.0,0.0263,0.947,0.9309,0.7438
49.133,9.8309,-0.0614,-0.6713,-0.0007,-0.0031,0.0,0.0263,0.9537,0.9309,0.7438
49.133,9.8309,-0.0614,-0.6713,-0.0007,-0.0031,0.0,0.0263,0.9537,0.9309,0.7438
49.133,9.8309,-0.0614,-0.6713,-0.0007,-0.0031,0.0,0.0263,0.9537,0.9309,0.7438
49.167,9.8309,-0.0614,-0.6713,-0.0006,-0.0024,0.0,0.0263,0.9537,0.9309,0.7438
49.167,9.8309,-0.0614,-0.6713,-0.0006,-0.0024,0.0,0.0263,0.9537,0.9309,0.7438
49.167,9.8309,-0.0614,-0.6713,-0.0006,-0.0024,0.0,0.0263,0.9537,0.9309,0.7438
49.183,9.8309,-0.0614,-0.6713,-0.0006,-0.0036,0.0,0.0263,0.9537,0.9309,0.7438
49.2,9.8309,-0.0614,-0.6713,-0.0008,-0.0036,0.0,0.0263,0.9537,0.9309,0.7438
49.2,9.8309,-0.0614,-0.6713,-0.0008,-0.0036,0.0,0.0263,0.9537,0.9309,0.7438
49.2,9.8309,-0.0614,-0.6713,-0.0008,-0.0036,0.0,0.0263,0.9537,0.9309,0.7438
49.233,9.8308,-0.0614,-0.6713,-0.0006,-0.003,0.0,0.0263,0.9444,0.9308,0.7434
49.233,9.8308,-0.0614,-0.6713,-0.0006,-0.003,0.0,0.0263,0.9444,0.9308,0.7434
49.25,9.8308,-0.0614,-0.6713,-0.0006,-0.0022,0.0,0.0263,0.9444,0.9308,0.7434
49.25,9.8308,-0.0614,-0.6713,-0.0006,-0.0022,0.0,0.0263,0.9444,0.9308,0.7434
49.25,9.8308,-0.0614,-0.6713,-0.0006,-0.0022,0.0,0.0263,0.9444,0.9308,0.7434
49.283,9.8308,-0.0614,-0.6712,-0.0006,-0.0022,0.0,0.0263,0.9444,0.9308,0.7434
49.3,9.8308,-0.0614,-0.6712,-0.0006,-0.0031,0.0,0.0263,0.9444,0.9308,0.7434
49.3,9.8308,-0.0614,-0.6712,-0.0006,-0.0031,0.0,0.0263,0.9444,0.9308,0.7434
49.3,9.8308,-0.0614,-0.6712,-0.0006,-0.0031,0.0,0.0263,0.9444,0.9308,0.7434
49.333,9.8308,-0.0614,-0.6712,-0.0006,-0.0041,0.0,0.0263,0.9414,0.9308,0.7434
49.333,9.8308,-0.0614,-0.6712,-0.0006,-0.0041,0.0,0.0263,0.9414,0.9308,0.7434
49.35,9.8308,-0.0614,-0.6712,-0.0006,-0.0032,0.0,0.0263,0.9414,0.9308,0.7434
49.367,9.8308,-0.0614,-0.6712,-0.0006,-0.0043,0.0,0.0263,0.9414,0.9308,0.7434
49.367,9.8308,-0.0614,-0.6712,-0.0006,-0.0043,0.0,0.0263,0.9414,0.9308,0.7434
49.367,9.8308,-0.0614,-0.6712,-0.0006,-0.0043,0.0,0.0263,0.9414,0.9308,0.7434
49.4,9.8308,-0.0614,-0.6712,-0.0007,-0.0052,0.0,0.0263,0.9414,0.9308,0.7434
49.4,9.8308,-0.0614,-0.6712,-0.0007,-0.0052,0.0,0.0263,0.9414,0.9308,0.7434
49.417,9.8308,-0.0614,-0.6712,-0.0005,-0.002,0.0,0.0263,0.9414,0.9308,0.7434
49.417,9.8308,-0.0614,-0.6712,-0.0005,-0.002,0.0,0.0263,0.9445,0.931,0.7438
49.417,9.8308,-0.0614,-0.6712,-0.0005,-0.002,0.0,0.0263,0.9445,0.931,0.7438
49.45,9.8308,-0.0614,-0.6712,-0.0005,-0.0025,0.0,0.0263,0.9445,0.931,0.7438
49.467,9.8308,-0.0614,-0.6712,-0.0005,-0.0034,0.0,0.0263,0.9445,0.931,0.7438
49.467,9.8308,-0.0614,-0.6712,-0.0005,-0.0034,0.0,0.0263,0.9445,0.931,0.7438
49.467,9.8308,-0.0614,-0.6712,-0.0005,-0.0034,0.0,0.0263,0.9445,0.931,0.7438
49.5,9.8308,-0.0614,-0.6712,-0.0005,-0.0042,0.0,0.0263,0.9445,0.931,0.7438
49.5,9.8308,-0.0614,-0.6712,-0.0005,-0.0042,0.0,0.0263,0.9445,0.931,0.7438
49.517,9.8308,-0.0614,-0.6712,-0.0005,-0.0032,0.0,0.0263,0.9445,0.931,0.7438
49.533,9.8308,-0.0614,-0.6712,-0.0004,-0.0044,0.0,0.0263,0.9494,0.931,0.7438
49.533,9.8308,-0.0614,-0.6712,-0.0004,-0.0044,0.0,0.0263,0.9494,0.931,0.7438
49.533,9.8308,-0.0614,-0.6712,-0.0004,-0.0044,0.0,0.0263,0.9494,0.931,0.7438
49.567,9.8308,-0.0614,-0.6712,-0.0005,-0.0045,0.0,0.0263,0.9494,0.931,0.7438
49.567,9.8308,-0.0614,-0.6712,-0.0005,-0.0045,0.0,0.0263,0.9494,0.931,0.7438
49.583,9.8308,-0.0614,-0.6712,-0.0004,-0.0045,0.0,0.0263,0.9494,0.931,0.7438
49.583,9.8308,-0.0614,-0.6712,-0.0004,-0.0045,0.0,0.0263,0.9494,0.931,0.7438
49.583,9.8308,-0.0614,-0.6712,-0.0004,-0.0045,0.0,0.0263,0.9494,0.931,0.7438
49.617,9.8308,-0.0614,-0.6712,-0.0004,-0.0048,0.0,0.0263,0.9494,0.931,0.7438
49.633,9.8308,-0.0614,-0.6712,-0.0004,-0.0046,0.0,0.0263,0.947,0.9311,0.7439
49.633,9.8308,-0.0614,-0.6712,-0.0004,-0.0046,0.0,0.0263,0.947,0.9311,0.7439
49.633,9.8308,-0.0614,-0.6712,-0.0004,-0.0046,0.0,0.0263,0.947,0.9311,0.7439
49.667,9.8308,-0.0614,-0.6712,-0.0005,-0.005,0.0,0.0263,0.947,0.9311,0.7439
49.667,9.8308,-0.0614,-0.6712,-0.0005,-0.005,0.0,0.0263,0.947,0.9311,0.7439
49.683,9.8308,-0.0614,-0.6712,-0.0005,-0.0056,0.0,0.0263,0.947,0.9311,0.7439
49.7,9.8308,-0.0614,-0.6712,-0.0004,-0.0056,0.0,0.0263,0.947,0.9311,0.7439
49.7,9.8308,-0.0614,-0.6712,-0.0004,-0.0056,0.0,0.0263,0.947,0.9311,0.7439
49.7,9.8308,-0.0614,-0.6712,-0.0004,-0.0056,0.0,0.0263,0.947,0.9311,0.7439
49.733,9.8308,-0.0613,-0.6712,-0.0003,-0.0027,0.0,-0.0263,0.9493,0.9311,0.7439
49.733,9.8308,-0.0613,-0.6712,-0.0003,-0.0027,0.0,-0.0263,0.9493,0.9311,0.7439
49.75,9.8308,-0.0613,-0.6712,-0.0004,-0.0024,0.0,-0.0263,0.9493,0.9311,0.7439
49.75,9.8308,-0.0613,-0.6712,-0.0004,-0.0024,0.0,-0.0263,0.9493,0.9311,0.7439
49.75,9.8308,-0.0613,-0.6712,-0.0004,-0.0024,0.0,-0.0263,0.9493,0.9311,0.7439
49.783,9.8308,-0.0613,-0.6712,-0.0004,-0.0017,0.0,-0.0263,0.9493,0.9311,0.7439
49.783,9.8308,-0.0613,-0.6712,-0.0004,-0.0017,0.0,-0.0263,0.9493,0.9311,0.7439
49.8,9.8308,-0.0613,-0.6712,-0.0004,-0.003,0.0,-0.0263,0.9493,0.9311,0.7439
49.8,9.8308,-0.0613,-0.6712,-0.0004,-0.003,0.0,-0.0263,0.9493,0.9311,0.7439
49.833,9.8308,-0.0613,-0.6712,-0.0004,-0.0036,0.0,-0.0263,0.9477,0.9318,0.7438
49.833,9.8308,-0.0613,-0.6712,-0.0004,-0.0036,0.0,-0.0263,0.9477,0.9318,0.7438
49.85,9.8308,-0.0613,-0.6713,0.0007,0.0085,0.0,-0.0263,0.9477,0.9318,0.7438
49.85,9.8308,-0.0613,-0.6713,0.0007,0.0085,0.0,-0.0263,0.9477,0.9318,0.7438
49.867,9.8308,-0.0613,-0.6713,0.0006,0.0078,0.0,-0.0263,0.9477,0.9318,0.7438
49.867,9.8308,-0.0613,-0.6713,0.0006,0.0078,0.0,-0.0263,0.9477,0.9318,0.7438
49.9,9.8308,-0.0613,-0.6713,0.0007,0.01,0.0,-0.0263,0.9477,0.9318,0.7438
49.9,9.8308,-0.0613,-0.6713,0.0007,0.01,0.0,-0.0263,0.9477,0.9318,0.7438
49.917,9.8308,-0.0614,-0.6714,0.0006,0.0104,0.0,-0.0263,0.9477,0.9318,0.7438
49.917,9.8308,-0.0614,-0.6714,0.0006,0.0104,0.0,-0.0263,0.9379,0.9318,0.7438
49.917,9.8308,-0.0614,-0.6714,0.0006,0.0104,0.0,-0.0263,0.9379,0.9318,0.7438
49.95,9.8308,-0.0614,-0.6714,0.0006,0.0122,0.0,-0.0263,0.9379,0.9318,0.7438
49.967,9.8308,-0.0614,-0.6714,0.0005,0.0103,0.0,-0.0263,0.9379,0.9318,0.7438
49.967,9.8308,-0.0614,-0.6714,0.0005,0.0103,0.0,-0.0263,0.9379,0.9318,0.7438
49.967,9.8308,-0.0614,-0.6714,0.0005,0.0103,0.0,-0.0263,0.9379,0.9318,0.7438
50.0,9.8308,-0.0614,-0.6714,0.0006,0.0113,0.0,-0.0263,0.9379,0.9318,0.7438
50.0,9.8308,-0.0614,-0.6714,0.0006,0.0113,0.0,-0.0263,0.9379,0.9318,0.7438
50.017,9.8308,-0.0614,-0.6714,0.0005,0.0116,0.0,-0.0263,0.9379,0.9318,0.7438
50.033,9.8309,-0.0614,-0.6714,0.0005,0.01,0.0,-0.0263,0.9404,0.9311,0.7436
50.033,9.8309,-0.0614,-0.6714,0.0005,0.01,0.0,-0.0263,0.9404,0.9311,0.7436
50.033,9.8309,-0.0614,-0.6714,0.0005,0.01,0.0,-0.0263,0.9404,0.9311,0.7436
50.067,9.8309,-0.0614,-0.6714,0.0004,0.0105,0.0,-0.0263,0.9404,0.9311,0.7436
50.067,9.8309,-0.0614,-0.6714,0.0004,0.0105,0.0,-0.0263,0.9404,0.9311,0.7436
