t,x,y,yaw,odom_vx,odom_wz,cmd_vx,cmd_wz,scan_ahead,us_left,us_right
11.533,0.0025,-0.0,0.0,0.0001,-0.0003,0.0,0.0,2.6252,1.5,1.5
11.533,0.0025,-0.0,0.0,0.0001,-0.0003,0.0,0.0,2.6252,1.5,1.5
11.567,0.0025,0.0,0.0,0.0001,0.0003,0.125,-0.0263,2.6252,1.5,1.5
11.567,0.0025,0.0,0.0,0.0001,0.0003,0.2368,-0.0263,2.6252,1.5,1.5
11.583,0.0025,0.0,0.0,0.0001,0.0003,0.2368,-0.0263,2.6252,1.5,1.5
11.583,0.0025,0.0,0.0,0.0001,0.0003,0.2368,-0.0263,2.6252,1.5,1.5
11.583,0.0025,0.0,0.0,0.0001,0.0003,0.2368,-0.0263,2.6252,1.5,1.5
11.617,0.0025,-0.0,0.0,0.0001,-0.0004,0.2368,-0.0263,2.6252,1.5,1.5
11.633,0.0047,-0.0,0.0,0.0928,-0.0224,0.2368,-0.0263,2.6479,1.5,1.5
11.633,0.0047,-0.0,0.0,0.0928,-0.0224,0.2368,-0.0263,2.6479,1.5,1.5
11.633,0.0047,-0.0,0.0,0.0928,-0.0224,0.2368,-0.0263,2.6479,1.5,1.5
11.667,0.0069,0.0001,-0.0,0.1382,-0.0079,0.2368,-0.0263,2.6479,1.5,1.5
11.667,0.0069,0.0001,-0.0,0.1382,-0.0079,0.2368,-0.0263,2.6479,1.5,1.5
11.683,0.0133,0.0001,-0.0007,0.2232,0.002,0.2368,-0.0263,2.6479,1.5,1.5
11.683,0.0133,0.0001,-0.0007,0.2232,0.002,0.2368,-0.0263,2.6479,1.5,1.5
11.7,0.0171,0.0001,-0.0,0.234,-0.0018,0.2368,-0.0263,2.6479,1.5,1.5
11.7,0.0171,0.0001,-0.0,0.234,-0.0018,0.2368,-0.0263,2.6479,1.5,1.5
11.7,0.0171,0.0001,-0.0,0.234,-0.0018,0.2368,-0.0263,2.6155,1.5,1.5
11.733,0.0211,0.0001,0.0,0.2362,-0.001,0.2368,-0.0263,2.6155,1.5,1.5
11.75,0.029,0.0002,-0.001,0.2369,-0.0023,0.2368,-0.0263,2.6155,1.5,1.5
11.75,0.029,0.0002,-0.001,0.2369,-0.0023,0.2368,-0.0263,2.6155,1.5,1.5
11.75,0.029,0.0002,-0.001,0.2369,-0.0023,0.2368,-0.0263,2.6155,1.5,1.5
11.75,0.029,0.0002,-0.001,0.2369,-0.0023,0.2368,-0.0263,2.6155,1.5,1.5
11.75,0.029,0.0002,-0.001,0.2369,-0.0023,0.2368,-0.0263,2.6155,1.5,1.5
11.75,0.029,0.0002,-0.001,0.2369,-0.0023,0.2368,-0.0263,2.6155,1.5,1.5
11.75,0.029,0.0002,-0.001,0.2369,-0.0023,0.2368,-0.0263,2.6155,1.5,1.5
11.75,0.029,0.0002,-0.001,0.2369,-0.0023,0.2368,-0.0263,2.6155,1.5,1.5
11.75,0.029,0.0002,-0.001,0.2369,-0.0023,0.2368,-0.0263,2.6155,1.5,1.5
11.75,0.029,0.0002,-0.001,0.2369,-0.0023,0.2368,-0.0263,2.6155,1.5,1.5
11.75,0.029,0.0002,-0.001,0.2369,-0.0023,0.2368,-0.0263,2.6155,1.5,1.5
11.75,0.029,0.0002,-0.001,0.2369,-0.0023,0.2368,-0.0263,2.6155,1.5,1.5
11.75,0.029,0.0002,-0.001,0.2369,-0.0023,0.2368,-0.0263,2.6155,1.5,1.5
11.75,0.029,0.0002,-0.001,0.2369,-0.0023,0.2368,-0.0263,2.6155,1.5,1.5
11.75,0.029,0.0002,-0.001,0.2369,-0.0023,0.2368,-0.0263,2.6155,1.5,1.5
11.75,0.029,0.0002,-0.001,0.2369,-0.0023,0.2368,-0.0263,2.6155,1.5,1.5
11.75,0.029,0.0002,-0.001,0.2369,-0.0023,0.2368,-0.0263,2.6155,1.5,1.5
11.75,0.029,0.0002,-0.001,0.2369,-0.0023,0.2368,-0.0263,2.6155,1.5,1.5
11.783,0.0329,0.0002,-0.001,0.2369,-0.0032,0.2368,-0.0263,2.6155,1.5,1.5
11.783,0.0329,0.0002,-0.001,0.2369,-0.0032,0.2368,-0.0263,2.6155,1.5,1.5
11.783,0.0329,0.0002,-0.001,0.2369,-0.0032,0.2368,-0.0263,2.6155,1.5,1.5
11.783,0.0329,0.0002,-0.001,0.2369,-0.0032,0.2368,-0.0263,2.6155,1.5,1.5
11.783,0.0329,0.0002,-0.001,0.2369,-0.0032,0.2368,-0.0263,2.6155,1.5,1.5
11.783,0.0329,0.0002,-0.001,0.2369,-0.0032,0.2368,-0.0263,2.6155,1.5,1.5
11.783,0.0329,0.0002,-0.001,0.2369,-0.0032,0.2368,-0.0263,2.6155,1.5,1.5
11.783,0.0329,0.0002,-0.001,0.2369,-0.0032,0.2368,-0.0263,2.6155,1.5,1.5
11.783,0.0329,0.0002,-0.001,0.2369,-0.0032,0.2368,-0.0263,2.6155,1.5,1.5
11.783,0.0329,0.0002,-0.001,0.2369,-0.0032,0.2368,-0.0263,2.6155,1.5,1.5
11.8,0.0408,0.0002,-0.0012,0.2369,-0.0039,0.2368,-0.0263,2.6155,1.5,1.5
11.8,0.0408,0.0002,-0.0012,0.2369,-0.0039,0.2368,-0.0263,2.6155,1.5,1.5
11.8,0.0408,0.0002,-0.0012,0.2369,-0.0039,0.2368,-0.0263,2.6155,1.5,1.5
11.8,0.0408,0.0002,-0.0012,0.2369,-0.0039,0.2368,-0.0263,2.6155,1.5,1.5
11.833,0.0448,0.0002,-0.0015,0.237,-0.0042,0.2368,-0.0263,2.6257,1.5,1.5
11.833,0.0448,0.0002,-0.0015,0.237,-0.0042,0.2368,-0.0263,2.6257,1.5,1.5
11.85,0.0527,0.0003,-0.0018,0.237,-0.0049,0.2368,-0.0263,2.6257,1.5,1.5
11.85,0.0527,0.0003,-0.0018,0.237,-0.0049,0.2368,-0.0263,2.6257,1.5,1.5
11.867,0.0566,0.0003,-0.002,0.237,-0.0053,0.2368,-0.0263,2.6257,1.5,1.5
11.867,0.0566,0.0003,-0.002,0.237,-0.0053,0.2368,-0.0263,2.6257,1.5,1.5
11.867,0.0566,0.0003,-0.002,0.237,-0.0053,0.2368,-0.0263,2.6257,1.5,1.5
11.9,0.0606,0.0003,-0.0023,0.237,-0.0056,0.2368,-0.0263,2.6257,1.5,1.5
11.917,0.0685,0.0003,-0.0026,0.237,-0.0063,0.2368,-0.0263,2.6257,1.5,1.5
11.917,0.0685,0.0003,-0.0026,0.237,-0.0063,0.2368,-0.0263,2.6171,1.5,1.5
11.917,0.0685,0.0003,-0.0026,0.237,-0.0063,0.2368,-0.0263,2.6171,1.5,1.5
11.95,0.0724,0.0004,-0.0027,0.237,-0.0066,0.2368,-0.0263,2.6171,1.5,1.5
11.95,0.0724,0.0004,-0.0027,0.237,-0.0066,0.2368,-0.0263,2.6171,1.5,1.5
11.967,0.0803,0.0004,-0.0031,0.237,-0.0073,0.2368,-0.0263,2.6171,1.5,1.5
11.967,0.0803,0.0004,-0.0031,0.237,-0.0073,0.2368,-0.0263,2.6171,1.5,1.5
11.967,0.0803,0.0004,-0.0031,0.237,-0.0073,0.2368,-0.0263,2.6171,1.5,1.5
12.0,0.0843,0.0004,-0.0032,0.237,-0.0077,0.2368,-0.0263,2.6171,1.5,1.5
12.017,0.0922,0.0005,-0.0038,0.237,-0.0085,0.2368,-0.0263,2.6171,1.5,1.5
12.017,0.0922,0.0005,-0.0038,0.237,-0.0085,0.2368,-0.0263,2.6231,1.5,1.5
12.033,0.0962,0.0005,-0.0039,0.237,-0.0087,0.3618,-0.0263,2.6231,1.5,1.5
12.033,0.0962,0.0005,-0.0039,0.237,-0.0087,0.4868,-0.0263,2.6231,1.5,1.5
12.033,0.0962,0.0005,-0.0039,0.237,-0.0087,0.5,-0.0263,2.6231,1.5,1.5
12.067,0.1001,0.0005,-0.0041,0.2371,-0.0088,0.5,-0.0263,2.6231,1.5,1.5
12.067,0.1001,0.0005,-0.0041,0.2371,-0.0088,0.5,-0.0263,2.6231,1.5,1.5
12.083,0.108,0.0005,-0.0045,0.2371,-0.0095,0.5,-0.0263,2.6231,1.5,1.5
12.083,0.108,0.0005,-0.0045,0.2371,-0.0095,0.5,-0.0263,2.6231,1.5,1.5
12.083,0.108,0.0005,-0.0045,0.2371,-0.0095,0.5,-0.0263,2.6231,1.5,1.5
12.117,0.112,0.0005,-0.0047,0.2371,-0.0098,0.5,-0.0263,2.6231,1.5,1.5
12.133,0.1199,0.0006,-0.0052,0.2371,-0.0104,0.5,-0.0263,2.64,1.5,1.5
12.133,0.1199,0.0006,-0.0052,0.2371,-0.0104,0.5,-0.0263,2.64,1.5,1.5
12.133,0.1199,0.0006,-0.0052,0.2371,-0.0104,0.5,-0.0263,2.64,1.5,1.5
12.167,0.1238,0.0006,-0.0055,0.2371,-0.0106,0.5,-0.0263,2.64,1.5,1.5
12.167,0.1238,0.0006,-0.0055,0.2371,-0.0106,0.5,-0.0263,2.64,1.5,1.5
12.167,0.1238,0.0006,-0.0055,0.2371,-0.0106,0.5,-0.0263,2.64,1.5,1.5
12.167,0.1238,0.0006,-0.0055,0.2371,-0.0106,0.5,-0.0263,2.64,1.5,1.5
12.167,0.1238,0.0006,-0.0055,0.2371,-0.0106,0.5,-0.0263,2.64,1.5,1.5
12.167,0.1238,0.0006,-0.0055,0.2371,-0.0106,0.5,-0.0263,2.64,1.5,1.5
12.167,0.1238,0.0006,-0.0055,0.2371,-0.0106,0.5,-0.0263,2.64,1.5,1.5
12.167,0.1238,0.0006,-0.0055,0.2371,-0.0106,0.5,-0.0263,2.64,1.5,1.5
12.167,0.1238,0.0006,-0.0055,0.2371,-0.0106,0.5,-0.0263,2.64,1.5,1.5
12.167,0.1238,0.0006,-0.0055,0.2371,-0.0106,0.5,-0.0263,2.64,1.5,1.5
12.167,0.1238,0.0006,-0.0055,0.2371,-0.0106,0.5,-0.0263,2.64,1.5,1.5
12.167,0.1238,0.0006,-0.0055,0.2371,-0.0106,0.5,-0.0263,2.64,1.5,1.5
12.167,0.1238,0.0006,-0.0055,0.2371,-0.0106,0.5,-0.0263,2.64,1.5,1.5
12.183,0.1339,0.0006,-0.0061,0.3295,-0.056,0.5,-0.0263,2.64,1.5,1.5
12.183,0.1339,0.0006,-0.0061,0.3295,-0.056,0.5,-0.0263,2.64,1.5,1.5
12.2,0.14,0.0007,-0.0073,0.3756,-0.0395,0.5,-0.0263,2.64,1.5,1.5
12.2,0.14,0.0007,-0.0073,0.3756,-0.0395,0.5,0.0,2.64,1.5,1.5
12.2,0.14,0.0007,-0.0073,0.3756,-0.0395,0.5,0.0,2.6086,1.5,1.5
12.233,0.1469,0.0008,-0.0082,0.4225,-0.0428,0.5,0.0,2.6086,1.5,1.5
12.233,0.1469,0.0008,-0.0082,0.4225,-0.0428,0.5,0.0,2.6086,1.5,1.5
12.25,0.1625,0.001,-0.0101,0.4882,-0.0591,0.5,0.0,2.6086,1.5,1.5
12.25,0.1625,0.001,-0.0101,0.4882,-0.0591,0.5,0.0,2.6086,1.5,1.5
12.283,0.1707,0.001,-0.0109,0.497,-0.0512,0.5,0.0,2.6086,1.5,1.5
12.283,0.1707,0.001,-0.0109,0.497,-0.0512,0.5,0.0,2.6086,1.5,1.5
12.3,0.1873,0.0011,-0.0125,0.4995,-0.052,0.5,0.0,2.6086,1.5,1.5
12.3,0.1873,0.0011,-0.0125,0.4995,-0.052,0.5,0.0,2.6086,1.5,1.5
12.3,0.1873,0.0011,-0.0125,0.4995,-0.052,0.5,0.0,2.6086,1.5,1.5
12.333,0.1957,0.0011,-0.0133,0.4997,-0.0525,0.5,0.0,2.6125,1.5,1.5
12.333,0.1957,0.0011,-0.0133,0.4997,-0.0525,0.5,0.0,2.6125,1.5,1.5
12.35,0.2123,0.0011,-0.0149,0.4996,-0.0498,0.5,0.0,2.6125,1.5,1.5
12.35,0.2123,0.0011,-0.0149,0.4996,-0.0498,0.5,0.0,2.6125,1.5,1.5
12.367,0.2207,0.001,-0.0157,0.4994,-0.0485,0.5,0.0,2.6125,1.5,1.5
12.367,0.2207,0.001,-0.0157,0.4994,-0.0485,0.5,0.0,2.6125,1.5,1.5
12.367,0.2207,0.001,-0.0157,0.4994,-0.0485,0.5,0.0,2.6125,1.5,1.5
12.4,0.229,0.001,-0.0163,0.4992,-0.0451,0.5,0.0,2.6125,1.5,1.5
12.4,0.229,0.001,-0.0163,0.4992,-0.0451,0.5,0.0,2.6125,1.5,1.5
12.417,0.2456,0.0009,-0.0176,0.4997,-0.0339,0.5,0.0,2.6125,1.5,1.5
12.417,0.2456,0.0009,-0.0176,0.4997,-0.0339,0.5,0.0,2.5627,1.5,1.5
12.417,0.2456,0.0009,-0.0176,0.4997,-0.0339,0.5,0.0,2.5627,1.5,1.5
12.45,0.254,0.0009,-0.0182,0.5,-0.0363,0.5,0.0,2.5627,1.5,1.5
12.467,0.2706,0.0007,-0.0192,0.4998,-0.0336,0.5,0.0,2.5627,1.5,1.5
12.467,0.2706,0.0007,-0.0192,0.4998,-0.0336,0.5,0.0,2.5627,1.5,1.5
12.467,0.2706,0.0007,-0.0192,0.4998,-0.0336,0.5,0.0,2.5627,1.5,1.5
12.5,0.2789,0.0006,-0.0198,0.4996,-0.032,0.5,0.0,2.5627,1.5,1.5
12.5,0.2789,0.0006,-0.0198,0.4996,-0.032,0.5,0.0263,2.5627,1.5,1.5
12.517,0.2956,0.0005,-0.0207,0.4997,-0.0304,0.5,0.0263,2.5627,1.5,1.5
12.517,0.2956,0.0005,-0.0207,0.4997,-0.0304,0.5,0.0263,2.5327,1.5,1.5
12.533,0.3039,0.0003,-0.0212,0.4997,-0.0292,0.5,0.0263,2.5327,1.5,1.5
12.533,0.3039,0.0003,-0.0212,0.4997,-0.0292,0.5,0.0263,2.5327,1.5,1.5
12.533,0.3039,0.0003,-0.0212,0.4997,-0.0292,0.5,0.0263,2.5327,1.5,1.5
12.567,0.3122,0.0002,-0.0217,0.4997,-0.0286,0.5,0.0263,2.5327,1.5,1.5
12.567,0.3122,0.0002,-0.0217,0.4997,-0.0286,0.5,0.0263,2.5327,1.5,1.5
12.583,0.3289,0.0,-0.0225,0.4994,-0.0277,0.5,0.0263,2.5327,1.5,1.5
12.583,0.3289,0.0,-0.0225,0.4994,-0.0277,0.5,0.0263,2.5327,1.5,1.5
12.583,0.3289,0.0,-0.0225,0.4994,-0.0277,0.5,0.0263,2.5327,1.5,1.5
12.617,0.3372,-0.0001,-0.0229,0.4992,-0.028,0.5,0.0263,2.5327,1.5,1.5
12.633,0.3539,-0.0004,-0.0236,0.4995,-0.0228,0.5,0.0263,2.5826,1.5,1.5
12.633,0.3539,-0.0004,-0.0236,0.4995,-0.0228,0.5,0.0263,2.5826,1.5,1.5
12.633,0.3539,-0.0004,-0.0236,0.4995,-0.0228,0.5,0.0789,2.5826,1.5,1.5
12.667,0.3622,-0.0006,-0.0239,0.4994,-0.0215,0.5,0.0789,2.5826,1.5,1.5
12.667,0.3622,-0.0006,-0.0239,0.4994,-0.0215,0.5,0.0789,2.5826,1.5,1.5
12.683,0.3788,-0.0009,-0.0243,0.4995,-0.0189,0.5,0.0789,2.5826,1.5,1.5
12.683,0.3788,-0.0009,-0.0243,0.4995,-0.0189,0.5,0.0789,2.5826,1.5,1.5
12.7,0.3872,-0.0011,-0.0245,0.4996,-0.0171,0.5,0.0789,2.5826,1.5,1.5
12.7,0.3872,-0.0011,-0.0245,0.4996,-0.0171,0.5,0.0789,2.5826,1.5,1.5
12.7,0.3872,-0.0011,-0.0245,0.4996,-0.0171,0.5,0.0789,2.5003,1.5,1.5
12.733,0.3955,-0.0012,-0.0246,0.4998,-0.0153,0.5,0.0789,2.5003,1.5,1.5
12.75,0.4121,-0.0016,-0.0249,0.4999,-0.0136,0.5,0.0789,2.5003,1.5,1.5
12.75,0.4121,-0.0016,-0.0249,0.4999,-0.0136,0.5,0.0789,2.5003,1.5,1.5
12.75,0.4121,-0.0016,-0.0249,0.4999,-0.0136,0.5,0.0789,2.5003,1.5,1.5
12.75,0.4121,-0.0016,-0.0249,0.4999,-0.0136,0.5,0.0789,2.5003,1.5,1.5
12.75,0.4121,-0.0016,-0.0249,0.4999,-0.0136,0.5,0.0789,2.5003,1.5,1.5
12.75,0.4121,-0.0016,-0.0249,0.4999,-0.0136,0.5,0.0789,2.5003,1.5,1.5
12.75,0.4121,-0.0016,-0.0249,0.4999,-0.0136,0.5,0.0789,2.5003,1.5,1.5
12.75,0.4121,-0.0016,-0.0249,0.4999,-0.0136,0.5,0.0789,2.5003,1.5,1.5
12.783,0.4205,-0.0018,-0.025,0.4997,-0.0133,0.5,0.0789,2.5003,1.5,1.5
12.783,0.4205,-0.0018,-0.025,0.4997,-0.0133,0.5,0.0789,2.5003,1.5,1.5
12.783,0.4205,-0.0018,-0.025,0.4997,-0.0133,0.5,0.0789,2.5003,1.5,1.5
12.783,0.4205,-0.0018,-0.025,0.4997,-0.0133,0.5,0.0789,2.5003,1.5,1.5
12.783,0.4205,-0.0018,-0.025,0.4997,-0.0133,0.5,0.0789,2.5003,1.5,1.5
12.783,0.4205,-0.0018,-0.025,0.4997,-0.0133,0.5,0.0789,2.5003,1.5,1.5
12.783,0.4205,-0.0018,-0.025,0.4997,-0.0133,0.5,0.0789,2.5003,1.5,1.5
12.783,0.4205,-0.0018,-0.025,0.4997,-0.0133,0.5,0.0789,2.5003,1.5,1.5
12.783,0.4205,-0.0018,-0.025,0.4997,-0.0133,0.5,0.0789,2.5003,1.5,1.5
12.783,0.4205,-0.0018,-0.025,0.4997,-0.0133,0.5,0.0789,2.5003,1.5,1.5
12.8,0.4371,-0.0023,-0.0247,0.4997,-0.0015,0.5,0.0789,2.5003,1.5,1.5
12.8,0.4371,-0.0023,-0.0247,0.4997,-0.0015,0.5,0.0789,2.5003,1.5,1.5
12.8,0.4371,-0.0023,-0.0247,0.4997,-0.0015,0.5,0.0789,2.5543,1.5,1.5
12.833,0.4455,-0.0025,-0.0245,0.5006,-0.0012,0.5,0.0789,2.5543,1.5,1.5
12.833,0.4455,-0.0025,-0.0245,0.5006,-0.0012,0.5,0.0263,2.5543,1.5,1.5
12.85,0.4621,-0.003,-0.0239,0.501,0.0057,0.5,0.0263,2.5543,1.5,1.5
12.867,0.4705,-0.0033,-0.0235,0.5003,0.0106,0.5,0.0263,2.5543,1.5,1.5
12.867,0.4705,-0.0033,-0.0235,0.5003,0.0106,0.5,0.0263,2.5543,1.5,1.5
12.867,0.4705,-0.0033,-0.0235,0.5003,0.0106,0.5,0.0263,2.5543,1.5,1.5
12.9,0.4788,-0.0035,-0.0231,0.5016,0.0103,0.5,0.0263,2.5543,1.5,1.5
12.9,0.4788,-0.0035,-0.0231,0.5016,0.0103,0.5,0.0263,2.5543,1.5,1.5
12.917,0.4955,-0.0041,-0.0222,0.5017,0.0167,0.5,0.0263,2.5543,1.5,1.5
12.917,0.4955,-0.0041,-0.0222,0.5017,0.0167,0.5,0.0263,2.5088,1.5,1.5
12.917,0.4955,-0.0041,-0.0222,0.5017,0.0167,0.5,0.0263,2.5088,1.5,1.5
12.95,0.5039,-0.0043,-0.0217,0.5014,0.0195,0.5,0.0263,2.5088,1.5,1.5
12.95,0.5039,-0.0043,-0.0217,0.5014,0.0195,0.5,0.0263,2.5088,1.5,1.5
12.967,0.5206,-0.0049,-0.0205,0.5018,0.0231,0.5,0.0263,2.5088,1.5,1.5
12.967,0.5206,-0.0049,-0.0205,0.5018,0.0231,0.5,0.0263,2.5088,1.5,1.5
12.967,0.5206,-0.0049,-0.0205,0.5018,0.0231,0.5,0.0263,2.5088,1.5,1.5
13.0,0.529,-0.0051,-0.02,0.5018,0.0294,0.5,0.0263,2.5088,1.5,1.5
13.017,0.5457,-0.0056,-0.019,0.5011,0.028,0.5,0.0263,2.5088,1.5,1.5
13.017,0.5457,-0.0056,-0.019,0.5011,0.028,0.5,0.0263,2.557,1.5,1.5
13.033,0.554,-0.0058,-0.0185,0.5009,0.0281,0.5,0.0263,2.557,1.5,1.5
13.033,0.554,-0.0058,-0.0185,0.5009,0.0281,0.5,0.0263,2.557,1.5,1.5
13.033,0.554,-0.0058,-0.0185,0.5009,0.0281,0.5,0.0263,2.557,1.5,1.5
13.067,0.5624,-0.006,-0.018,0.5009,0.0282,0.5,0.0263,2.557,1.5,1.5
13.067,0.5624,-0.006,-0.018,0.5009,0.0282,0.5,0.0263,2.557,1.5,1.5
13.083,0.5791,-0.0065,-0.017,0.5009,0.0284,0.5,0.0263,2.557,1.5,1.5
13.083,0.5791,-0.0065,-0.017,0.5009,0.0284,0.5,0.0263,2.557,1.5,1.5
13.083,0.5791,-0.0065,-0.017,0.5009,0.0284,0.5,0.0263,2.557,1.5,1.5
13.117,0.5874,-0.0067,-0.0166,0.5009,0.0283,0.5,0.0263,2.557,1.5,1.5
13.133,0.6041,-0.0071,-0.0156,0.5008,0.0285,0.5,0.0263,2.5372,1.5,1.5
13.133,0.6041,-0.0071,-0.0156,0.5008,0.0285,0.5,0.0263,2.5372,1.5,1.5
13.133,0.6041,-0.0071,-0.0156,0.5008,0.0285,0.5,0.0263,2.5372,1.5,1.5
13.167,0.6124,-0.0073,-0.0151,0.5007,0.0284,0.5,0.0263,2.5372,1.5,1.5
13.167,0.6124,-0.0073,-0.0151,0.5007,0.0284,0.5,0.0263,2.5372,1.5,1.5
13.167,0.6124,-0.0073,-0.0151,0.5007,0.0284,0.5,0.0263,2.5372,1.5,1.5
13.167,0.6124,-0.0073,-0.0151,0.5007,0.0284,0.5,0.0263,2.5372,1.5,1.5
13.167,0.6124,-0.0073,-0.0151,0.5007,0.0284,0.5,0.0263,2.5372,1.5,1.5
13.167,0.6124,-0.0073,-0.0151,0.5007,0.0284,0.5,0.0263,2.5372,1.5,1.5
13.167,0.6124,-0.0073,-0.0151,0.5007,0.0284,0.5,0.0263,2.5372,1.5,1.5
13.167,0.6124,-0.0073,-0.0151,0.5007,0.0284,0.5,0.0,2.5372,1.5,1.5
13.167,0.6124,-0.0073,-0.0151,0.5007,0.0284,0.5,0.0,2.5372,1.5,1.5
13.167,0.6124,-0.0073,-0.0151,0.5007,0.0284,0.5,0.0,2.5372,1.5,1.5
13.167,0.6124,-0.0073,-0.0151,0.5007,0.0284,0.5,0.0,2.5372,1.5,1.5
13.167,0.6124,-0.0073,-0.0151,0.5007,0.0284,0.5,0.0,2.5372,1.5,1.5
13.167,0.6124,-0.0073,-0.0151,0.5007,0.0284,0.5,0.0,2.5372,1.5,1.5
13.167,0.6124,-0.0073,-0.0151,0.5007,0.0284,0.5,0.0,2.5372,1.5,1.5
13.167,0.6124,-0.0073,-0.0151,0.5007,0.0284,0.5,0.0,2.5372,1.5,1.5
13.167,0.6124,-0.0073,-0.0151,0.5007,0.0284,0.5,0.0,2.5372,1.5,1.5
13.183,0.6291,-0.0077,-0.0142,0.5006,0.0283,0.5,0.0,2.5372,1.5,1.5
13.2,0.6375,-0.0079,-0.0137,0.5005,0.0283,0.5,0.0,2.5372,1.5,1.5
13.2,0.6375,-0.0079,-0.0137,0.5005,0.0283,0.5,0.0,2.5372,1.5,1.5
13.2,0.6375,-0.0079,-0.0137,0.5005,0.0283,0.5,0.0,2.5372,1.5,1.5
13.2,0.6375,-0.0079,-0.0137,0.5005,0.0283,0.5,0.0,2.5372,1.5,1.5
13.2,0.6375,-0.0079,-0.0137,0.5005,0.0283,0.5,0.0,2.5372,1.5,1.5
13.2,0.6375,-0.0079,-0.0137,0.5005,0.0283,0.5,0.0,2.5372,1.5,1.5
13.2,0.6375,-0.0079,-0.0137,0.5005,0.0283,0.5,0.0,2.5372,1.5,1.5
13.2,0.6375,-0.0079,-0.0137,0.5005,0.0283,0.5,0.0,2.5372,1.5,1.5
13.2,0.6375,-0.0079,-0.0137,0.5005,0.0283,0.5,0.0,2.5372,1.5,1.5
13.2,0.6375,-0.0079,-0.0137,0.5005,0.0283,0.5,0.0,2.5372,1.5,1.5
13.2,0.6375,-0.0079,-0.0137,0.5005,0.0283,0.5,0.0,2.5372,1.5,1.5
13.2,0.6375,-0.0079,-0.0137,0.5005,0.0283,0.5,0.0,2.5372,1.5,1.5
13.2,0.6375,-0.0079,-0.0137,0.5005,0.0283,0.5,0.0,2.5372,1.5,1.5
13.233,0.6458,-0.0081,-0.0132,0.5004,0.0282,0.5,0.0,2.5313,1.5,1.5
13.233,0.6458,-0.0081,-0.0132,0.5004,0.0282,0.5,0.0,2.5313,1.5,1.5
13.25,0.6625,-0.0084,-0.0125,0.5001,0.0262,0.5,0.0,2.5313,1.5,1.5
13.25,0.6625,-0.0084,-0.0125,0.5001,0.0262,0.5,0.0,2.5313,1.5,1.5
13.25,0.6625,-0.0084,-0.0125,0.5001,0.0262,0.5,0.0,2.5313,1.5,1.5
13.283,0.6708,-0.0086,-0.0121,0.5004,0.0238,0.5,0.0,2.5313,1.5,1.5
13.283,0.6708,-0.0086,-0.0121,0.5004,0.0238,0.5,0.0,2.5313,1.5,1.5
13.3,0.6875,-0.0089,-0.0115,0.4999,0.0237,0.5,0.0,2.5313,1.5,1.5
13.3,0.6875,-0.0089,-0.0115,0.4999,0.0237,0.5,0.0,2.5313,1.5,1.5
13.3,0.6875,-0.0089,-0.0115,0.4999,0.0237,0.5,0.0,2.5564,1.5,1.5
13.333,0.6958,-0.009,-0.0111,0.5,0.0235,0.5,0.0,2.5564,1.5,1.5
13.35,0.7124,-0.0093,-0.0106,0.4997,0.0219,0.5,0.0,2.5564,1.5,1.5
13.35,0.7124,-0.0093,-0.0106,0.4997,0.0219,0.5,0.0,2.5564,1.5,1.5
13.367,0.7208,-0.0094,-0.0103,0.4996,0.0216,0.5,0.0,2.5564,1.5,1.5
13.367,0.7208,-0.0094,-0.0103,0.4996,0.0216,0.5,0.0,2.5564,1.5,1.5
13.367,0.7208,-0.0094,-0.0103,0.4996,0.0216,0.5,0.0,2.5564,1.5,1.5
13.4,0.7291,-0.0095,-0.01,0.4994,0.0209,0.5,0.0,2.5564,1.5,1.5
13.4,0.7291,-0.0095,-0.01,0.4994,0.0209,0.5,0.0,2.5564,1.5,1.5
13.417,0.7458,-0.0098,-0.0095,0.4995,0.0192,0.5,0.0,2.5564,1.5,1.5
13.417,0.7458,-0.0098,-0.0095,0.4995,0.0192,0.5,0.0,2.5564,1.5,1.5
13.417,0.7458,-0.0098,-0.0095,0.4995,0.0192,0.5,0.0,2.5564,1.5,1.5
13.417,0.7458,-0.0098,-0.0095,0.4995,0.0192,0.5,0.0,2.5847,1.5,1.5
13.417,0.7458,-0.0098,-0.0095,0.4995,0.0192,0.5,0.0,2.5847,1.5,1.5
13.45,0.7541,-0.0099,-0.0093,0.4995,0.0187,0.5,0.0,2.5847,1.5,1.5
13.467,0.7707,-0.0101,-0.0088,0.4995,0.0169,0.5,0.0,2.5847,1.5,1.5
13.467,0.7707,-0.0101,-0.0088,0.4995,0.0169,0.5,0.0,2.5847,1.5,1.5
13.467,0.7707,-0.0101,-0.0088,0.4995,0.0169,0.5,0.0,2.5847,1.5,1.5
13.5,0.7791,-0.0102,-0.0086,0.4995,0.0168,0.5,0.0,2.5847,1.5,1.5
13.5,0.7791,-0.0102,-0.0086,0.4995,0.0168,0.5,0.0,2.5847,1.5,1.5
13.517,0.7957,-0.0104,-0.0081,0.4997,0.0148,0.5,0.0,2.5847,1.5,1.5
13.517,0.7957,-0.0104,-0.0081,0.4997,0.0148,0.5,0.0,2.5544,1.5,1.5
13.533,0.8041,-0.0105,-0.008,0.4997,0.0145,0.5,0.0,2.5544,1.5,1.5
13.533,0.8041,-0.0105,-0.008,0.4997,0.0145,0.5,0.0,2.5544,1.5,1.5
13.533,0.8041,-0.0105,-0.008,0.4997,0.0145,0.5,0.0,2.5544,1.5,1.5
13.567,0.8124,-0.0106,-0.0077,0.4998,0.014,0.5,0.0,2.5544,1.5,1.5
13.583,0.8291,-0.0108,-0.0074,0.4999,0.0131,0.5,0.0,2.5544,1.5,1.5
13.583,0.8291,-0.0108,-0.0074,0.4999,0.0131,0.5,0.0,2.5544,1.5,1.5
13.583,0.8291,-0.0108,-0.0074,0.4999,0.0131,0.5,0.0,2.5544,1.5,1.5
13.617,0.8374,-0.0109,-0.0071,0.5,0.0128,0.5,0.0,2.5544,1.5,1.5
13.617,0.8374,-0.0109,-0.0071,0.5,0.0128,0.5,0.0,2.5867,1.5,1.5
13.617,0.8374,-0.0109,-0.0071,0.5,0.0128,0.5,0.0,2.5867,1.5,1.5
13.617,0.8374,-0.0109,-0.0071,0.5,0.0128,0.5,0.0,2.5867,1.5,1.5
13.617,0.8374,-0.0109,-0.0071,0.5,0.0128,0.5,0.0,2.5867,1.5,1.5
13.617,0.8374,-0.0109,-0.0071,0.5,0.0128,0.5,0.0,2.5867,1.5,1.5
13.617,0.8374,-0.0109,-0.0071,0.5,0.0128,0.5,0.0,2.5867,1.5,1.5
13.633,0.8541,-0.0111,-0.0068,0.5001,0.0122,0.5,0.0,2.5867,1.5,1.5
13.633,0.8541,-0.0111,-0.0068,0.5001,0.0122,0.5,0.0,2.5867,1.5,1.5
13.633,0.8541,-0.0111,-0.0068,0.5001,0.0122,0.5,0.0,2.5867,1.5,1.5
13.667,0.8624,-0.0112,-0.0067,0.5002,0.0119,0.5,0.0,2.5867,1.5,1.5
13.683,0.8791,-0.0113,-0.0063,0.5003,0.0115,0.5,0.0,2.5867,1.5,1.5
13.683,0.8791,-0.0113,-0.0063,0.5003,0.0115,0.5,0.0,2.5867,1.5,1.5
13.7,0.8874,-0.0114,-0.0061,0.5004,0.0114,0.5,0.0,2.5867,1.5,1.5
13.7,0.8874,-0.0114,-0.0061,0.5004,0.0114,0.5,0.0,2.5867,1.5,1.5
13.7,0.8874,-0.0114,-0.0061,0.5004,0.0114,0.5,0.0,2.5867,1.5,1.5
13.733,0.8958,-0.0115,-0.0059,0.5005,0.0112,0.5,0.0,2.5888,1.5,1.5
13.733,0.8958,-0.0115,-0.0059,0.5005,0.0112,0.5,0.0,2.5888,1.5,1.5
13.75,0.9125,-0.0116,-0.0057,0.5006,0.011,0.5,0.0,2.5888,1.5,1.5
13.75,0.9125,-0.0116,-0.0057,0.5006,0.011,0.5,0.0,2.5888,1.5,1.5
13.75,0.9125,-0.0116,-0.0057,0.5006,0.011,0.5,0.0,2.5888,1.5,1.5
13.783,0.9208,-0.0117,-0.0055,0.5006,0.0108,0.5,0.0,2.5888,1.5,1.5
13.783,0.9208,-0.0117,-0.0055,0.5006,0.0108,0.5,0.0,2.5888,1.5,1.5
13.8,0.9375,-0.0118,-0.0051,0.5007,0.0106,0.5,0.0,2.5888,1.5,1.5
13.8,0.9375,-0.0118,-0.0051,0.5007,0.0106,0.5,0.0,2.5888,1.5,1.5
13.8,0.9375,-0.0118,-0.0051,0.5007,0.0106,0.5,0.0,2.5774,1.5,1.5
13.833,0.9459,-0.0119,-0.005,0.5007,0.0105,0.5,0.0,2.5774,1.5,1.5
13.85,0.9626,-0.012,-0.0048,0.5008,0.0097,0.5,0.0,2.5774,1.5,1.5
13.85,0.9626,-0.012,-0.0048,0.5008,0.0097,0.5,0.0,2.5774,1.5,1.5
13.867,0.9709,-0.0121,-0.0046,0.501,0.0089,0.5,0.0,2.5774,1.5,1.5
13.867,0.9709,-0.0121,-0.0046,0.501,0.0089,0.5,0.0,2.5774,1.5,1.5
13.867,0.9709,-0.0121,-0.0046,0.501,0.0089,0.5,0.0,2.5774,1.5,1.5
13.9,0.9793,-0.0122,-0.0045,0.5008,0.0108,0.5,0.0,2.5774,1.5,1.5
13.9,0.9793,-0.0122,-0.0045,0.5008,0.0108,0.5,0.0,2.5774,1.5,1.5
13.917,0.9959,-0.0123,-0.0043,0.5008,0.0096,0.5,0.0,2.5774,1.5,1.5
13.917,0.9959,-0.0123,-0.0043,0.5008,0.0096,0.5,0.0,2.6204,1.5,1.5
13.917,0.9959,-0.0123,-0.0043,0.5008,0.0096,0.5,0.0,2.6204,1.5,1.5
13.95,1.0043,-0.0123,-0.0041,0.5008,0.0092,0.5,0.0,2.6204,1.5,1.5
13.967,1.021,-0.0124,-0.004,0.5006,0.0083,0.5,0.0,2.6204,1.5,1.5
13.967,1.021,-0.0124,-0.004,0.5006,0.0083,0.5,0.0,2.6204,1.5,1.5
13.967,1.021,-0.0124,-0.004,0.5006,0.0083,0.5,0.0,2.6204,1.5,1.5
13.967,1.021,-0.0124,-0.004,0.5006,0.0083,0.5,0.0,2.6204,1.5,1.5
13.967,1.021,-0.0124,-0.004,0.5006,0.0083,0.5,0.0,2.6204,1.5,1.5
14.0,1.0293,-0.0125,-0.0038,0.5005,0.0081,0.5,0.0,2.6204,1.5,1.5
14.0,1.0293,-0.0125,-0.0038,0.5005,0.0081,0.5,0.0,2.6204,1.5,1.5
14.017,1.046,-0.0126,-0.0037,0.5004,0.0075,0.5,0.0,2.6204,1.5,1.5
14.033,1.0543,-0.0126,-0.0035,0.5004,0.0071,0.5,0.0,2.5976,1.5,1.5
14.033,1.0543,-0.0126,-0.0035,0.5004,0.0071,0.5,0.0,2.5976,1.5,1.5
14.033,1.0543,-0.0126,-0.0035,0.5004,0.0071,0.5,0.0,2.5976,1.5,1.5
14.067,1.0627,-0.0127,-0.0035,0.5003,0.0067,0.5,0.0,2.5976,1.5,1.5
14.067,1.0627,-0.0127,-0.0035,0.5003,0.0067,0.5,0.0,2.5976,1.5,1.5
14.083,1.0794,-0.0127,-0.0034,0.5001,0.0059,0.5,0.0,2.5976,1.5,1.5
14.083,1.0794,-0.0127,-0.0034,0.5001,0.0059,0.5,0.0,2.5976,1.5,1.5
14.083,1.0794,-0.0127,-0.0034,0.5001,0.0059,0.5,0.0,2.5976,1.5,1.5
14.117,1.0877,-0.0128,-0.0034,0.5001,0.0055,0.5,0.0,2.5976,1.5,1.5
14.117,1.0877,-0.0128,-0.0034,0.5001,0.0055,0.5,0.0,2.6613,1.5,1.5
14.133,1.1043,-0.0128,-0.0032,0.4999,0.0052,0.5,0.0,2.6613,1.5,1.5
14.133,1.1043,-0.0128,-0.0032,0.4999,0.0052,0.5,0.0,2.6613,1.5,1.5
14.133,1.1043,-0.0128,-0.0032,0.4999,0.0052,0.5,0.0,2.6613,1.5,1.5
14.133,1.1043,-0.0128,-0.0032,0.4999,0.0052,0.5,0.0,2.6613,1.5,1.5
14.133,1.1043,-0.0128,-0.0032,0.4999,0.0052,0.5,0.0,2.6613,1.5,1.5
14.133,1.1043,-0.0128,-0.0032,0.4999,0.0052,0.5,0.0,2.6613,1.5,1.5
14.133,1.1043,-0.0128,-0.0032,0.4999,0.0052,0.5,0.0,2.6613,1.5,1.5
14.133,1.1043,-0.0128,-0.0032,0.4999,0.0052,0.5,0.0,2.6613,1.5,1.5
14.133,1.1043,-0.0128,-0.0032,0.4999,0.0052,0.5,0.0,2.6613,1.5,1.5
14.133,1.1043,-0.0128,-0.0032,0.4999,0.0052,0.5,0.0,2.6613,1.5,1.5
14.133,1.1043,-0.0128,-0.0032,0.4999,0.0052,0.5,0.0,2.6613,1.5,1.5
14.133,1.1043,-0.0128,-0.0032,0.4999,0.0052,0.5,0.0,2.6613,1.5,1.5
14.167,1.1127,-0.0129,-0.0032,0.4998,0.0041,0.5,0.0,2.6613,1.5,1.5
14.183,1.1293,-0.0129,-0.0032,0.4997,0.0027,0.5,0.0,2.6613,1.5,1.5
14.183,1.1293,-0.0129,-0.0032,0.4997,0.0027,0.5,0.0,2.6613,1.5,1.5
14.183,1.1293,-0.0129,-0.0032,0.4997,0.0027,0.5,0.0,2.6613,1.5,1.5
14.183,1.1293,-0.0129,-0.0032,0.4997,0.0027,0.5,0.0,2.6613,1.5,1.5
14.183,1.1293,-0.0129,-0.0032,0.4997,0.0027,0.5,0.0,2.6613,1.5,1.5
14.183,1.1293,-0.0129,-0.0032,0.4997,0.0027,0.5,0.0,2.6613,1.5,1.5
14.183,1.1293,-0.0129,-0.0032,0.4997,0.0027,0.5,0.0,2.6613,1.5,1.5
14.183,1.1293,-0.0129,-0.0032,0.4997,0.0027,0.5,0.0,2.6613,1.5,1.5
14.183,1.1293,-0.0129,-0.0032,0.4997,0.0027,0.5,0.0,2.6613,1.5,1.5
14.183,1.1293,-0.0129,-0.0032,0.4997,0.0027,0.5,0.0,2.6613,1.5,1.5
14.183,1.1293,-0.0129,-0.0032,0.4997,0.0027,0.5,0.0,2.6613,1.5,1.5
14.2,1.1377,-0.013,-0.0032,0.4997,0.0026,0.5,0.0,2.6613,1.5,1.5
14.2,1.1377,-0.013,-0.0032,0.4997,0.0026,0.5,0.0,2.6613,1.5,1.5
14.233,1.146,-0.013,-0.0031,0.4996,0.0033,0.5,0.0,2.6104,1.5,1.5
14.233,1.146,-0.013,-0.0031,0.4996,0.0033,0.5,0.0,2.6104,1.5,1.5
14.25,1.1627,-0.0131,-0.003,0.4995,0.0027,0.5,0.0,2.6104,1.5,1.5
14.25,1.1627,-0.0131,-0.003,0.4995,0.0027,0.5,0.0,2.6104,1.5,1.5
14.25,1.1627,-0.0131,-0.003,0.4995,0.0027,0.5,0.0,2.6104,1.5,1.5
14.283,1.171,-0.0131,-0.0031,0.4995,0.0024,0.5,0.0,2.6104,1.5,1.5
14.283,1.171,-0.0131,-0.0031,0.4995,0.0024,0.5,0.0,2.6104,1.5,1.5
14.3,1.1876,-0.0131,-0.0031,0.4995,0.002,0.5,0.0,2.6104,1.5,1.5
14.3,1.1876,-0.0131,-0.0031,0.4995,0.002,0.5,0.0,2.6104,1.5,1.5
14.3,1.1876,-0.0131,-0.0031,0.4995,0.002,0.5,0.0,2.6104,1.5,1.5
14.333,1.196,-0.0132,-0.0031,0.4996,0.0016,0.5,0.0,2.5992,1.5,1.5
14.35,1.2126,-0.0132,-0.0029,0.4996,0.0014,0.5,0.0,2.5992,1.5,1.5
14.35,1.2126,-0.0132,-0.0029,0.4996,0.0014,0.5,0.0,2.5992,1.5,1.5
14.367,1.221,-0.0133,-0.0029,0.4997,0.001,0.5,0.0,2.5992,1.5,1.5
14.367,1.221,-0.0133,-0.0029,0.4997,0.001,0.5,0.0,2.5992,1.5,1.5
14.367,1.221,-0.0133,-0.0029,0.4997,0.001,0.5,0.0,2.5992,1.5,1.5
14.4,1.2293,-0.0133,-0.0029,0.4998,0.0012,0.5,0.0,2.5992,1.5,1.5
14.4,1.2293,-0.0133,-0.0029,0.4998,0.0012,0.5,0.0,2.5992,1.5,1.5
14.4,1.2293,-0.0133,-0.0029,0.4998,0.0012,0.5,0.0,2.5992,1.5,1.5
14.4,1.2293,-0.0133,-0.0029,0.4998,0.0012,0.5,0.0,2.5992,1.5,1.5
14.417,1.246,-0.0133,-0.0028,0.4999,0.0011,0.5,0.0,2.5992,1.5,1.5
14.417,1.246,-0.0133,-0.0028,0.4999,0.0011,0.5,0.0,2.6085,1.5,1.5
14.417,1.246,-0.0133,-0.0028,0.4999,0.0011,0.5,0.0,2.6085,1.5,1.5
14.45,1.2543,-0.0134,-0.0028,0.5,0.0012,0.5,0.0,2.6085,1.5,1.5
14.467,1.271,-0.0134,-0.0028,0.5002,0.0014,0.5,0.0,2.6085,1.5,1.5
14.467,1.271,-0.0134,-0.0028,0.5002,0.0014,0.5,0.0,2.6085,1.5,1.5
14.467,1.271,-0.0134,-0.0028,0.5002,0.0014,0.5,0.0,2.6085,1.5,1.5
14.5,1.2793,-0.0135,-0.0028,0.5002,0.0015,0.5,0.0,2.6085,1.5,1.5
14.5,1.2793,-0.0135,-0.0028,0.5002,0.0015,0.5,0.0,2.6085,1.5,1.5
14.517,1.296,-0.0135,-0.0027,0.5004,0.0017,0.5,0.0,2.6085,1.5,1.5
14.517,1.296,-0.0135,-0.0027,0.5004,0.0017,0.5,0.0,2.6092,1.5,1.5
14.533,1.3043,-0.0136,-0.0026,0.5004,0.0019,0.5,0.0,2.6092,1.5,1.5
14.533,1.3043,-0.0136,-0.0026,0.5004,0.0019,0.5,0.0,2.6092,1.5,1.5
14.533,1.3043,-0.0136,-0.0026,0.5004,0.0019,0.5,0.0,2.6092,1.5,1.5
14.533,1.3043,-0.0136,-0.0026,0.5004,0.0019,0.5,0.0,2.6092,1.5,1.5
14.533,1.3043,-0.0136,-0.0026,0.5004,0.0019,0.5,0.0,2.6092,1.5,1.5
14.533,1.3043,-0.0136,-0.0026,0.5004,0.0019,0.5,0.0,2.6092,1.5,1.5
14.533,1.3043,-0.0136,-0.0026,0.5004,0.0019,0.5,0.0,2.6092,1.5,1.5
14.533,1.3043,-0.0136,-0.0026,0.5004,0.0019,0.5,0.0,2.6092,1.5,1.5
14.533,1.3043,-0.0136,-0.0026,0.5004,0.0019,0.5,0.0,2.6092,1.5,1.5
14.533,1.3043,-0.0136,-0.0026,0.5004,0.0019,0.5,0.0,2.6092,1.5,1.5
14.533,1.3043,-0.0136,-0.0026,0.5004,0.0019,0.5,0.0,2.6092,1.5,1.5
14.533,1.3043,-0.0136,-0.0026,0.5004,0.0019,0.5,0.0,2.6092,1.5,1.5
14.533,1.3043,-0.0136,-0.0026,0.5004,0.0019,0.5,0.0,2.6092,1.5,1.5
14.533,1.3043,-0.0136,-0.0026,0.5004,0.0019,0.5,0.0,2.6092,1.5,1.5
14.533,1.3043,-0.0136,-0.0026,0.5004,0.0019,0.5,0.0,2.6092,1.5,1.5
14.567,1.3127,-0.0136,-0.0025,0.5005,0.0022,0.5,0.0,2.6092,1.5,1.5
14.583,1.3294,-0.0136,-0.0024,0.5006,0.0029,0.5,0.0,2.6092,1.5,1.5
14.583,1.3294,-0.0136,-0.0024,0.5006,0.0029,0.5,0.0,2.6092,1.5,1.5
14.583,1.3294,-0.0136,-0.0024,0.5006,0.0029,0.5,0.0,2.6092,1.5,1.5
14.583,1.3294,-0.0136,-0.0024,0.5006,0.0029,0.5,0.0,2.6092,1.5,1.5
14.583,1.3294,-0.0136,-0.0024,0.5006,0.0029,0.5,0.0,2.6092,1.5,1.5
14.583,1.3294,-0.0136,-0.0024,0.5006,0.0029,0.5,0.0,2.6092,1.5,1.5
14.583,1.3294,-0.0136,-0.0024,0.5006,0.0029,0.5,0.0,2.6092,1.5,1.5
14.583,1.3294,-0.0136,-0.0024,0.5006,0.0029,0.5,0.0,2.6092,1.5,1.5
14.583,1.3294,-0.0136,-0.0024,0.5006,0.0029,0.5,0.0,2.6092,1.5,1.5
14.583,1.3294,-0.0136,-0.0024,0.5006,0.0029,0.5,0.0,2.6092,1.5,1.5
14.583,1.3294,-0.0136,-0.0024,0.5006,0.0029,0.5,0.0,2.6092,1.5,1.5
14.583,1.3294,-0.0136,-0.0024,0.5006,0.0029,0.5,0.0,2.6092,1.5,1.5
14.617,1.3377,-0.0137,-0.0025,0.5006,0.003,0.5,0.0,2.6092,1.5,1.5
14.617,1.3377,-0.0137,-0.0025,0.5006,0.003,0.5,0.0,2.6187,1.5,1.5
14.633,1.3544,-0.0137,-0.0022,0.5007,0.0024,0.5,0.0,2.6187,1.5,1.5
14.633,1.3544,-0.0137,-0.0022,0.5007,0.0024,0.5,0.0,2.6187,1.5,1.5
14.633,1.3544,-0.0137,-0.0022,0.5007,0.0024,0.5,0.0,2.6187,1.5,1.5
14.667,1.3628,-0.0138,-0.0022,0.5008,0.0036,0.5,0.0,2.6187,1.5,1.5
14.667,1.3628,-0.0138,-0.0022,0.5008,0.0036,0.5,0.0,2.6187,1.5,1.5
14.667,1.3628,-0.0138,-0.0022,0.5008,0.0036,0.5,0.0,2.6187,1.5,1.5
14.683,1.3795,-0.0138,-0.0023,0.5009,0.0022,0.5,0.0,2.6187,1.5,1.5
14.7,1.3878,-0.0138,-0.0022,0.5008,0.0036,0.5,0.0,2.6187,1.5,1.5
14.7,1.3878,-0.0138,-0.0022,0.5008,0.0036,0.5,0.0,2.6187,1.5,1.5
14.7,1.3878,-0.0138,-0.0022,0.5008,0.0036,0.5,0.0,2.6187,1.5,1.5
14.733,1.3962,-0.0139,-0.0021,0.5007,0.0027,0.5,0.0,2.6141,1.5,1.5
14.733,1.3962,-0.0139,-0.0021,0.5007,0.0027,0.5,0.0,2.6141,1.5,1.5
14.75,1.4129,-0.0139,-0.002,0.5007,0.0031,0.5,0.0,2.6141,1.5,1.5
14.75,1.4129,-0.0139,-0.002,0.5007,0.0031,0.5,0.0,2.6141,1.5,1.5
14.75,1.4129,-0.0139,-0.002,0.5007,0.0031,0.5,0.0,2.6141,1.5,1.5
14.783,1.4212,-0.0139,-0.0021,0.5007,0.003,0.5,0.0,2.6141,1.5,1.5
14.8,1.4379,-0.014,-0.0021,0.5006,0.0027,0.5,0.0,2.6141,1.5,1.5
14.8,1.4379,-0.014,-0.0021,0.5006,0.0027,0.5,0.0,2.6141,1.5,1.5
14.8,1.4379,-0.014,-0.0021,0.5006,0.0027,0.5,0.0,2.6141,1.5,1.5
14.8,1.4379,-0.014,-0.0021,0.5006,0.0027,0.5,0.0,2.6141,1.5,1.5
14.8,1.4379,-0.014,-0.0021,0.5006,0.0027,0.5,0.0,2.6141,1.5,1.5
14.8,1.4379,-0.014,-0.0021,0.5006,0.0027,0.5,0.0,2.6032,1.5,1.5
14.833,1.4462,-0.014,-0.0018,0.5005,0.0026,0.5,0.0,2.6032,1.5,1.5
14.85,1.4629,-0.0141,-0.002,0.5004,0.0022,0.5,0.0263,2.6032,1.5,1.5
14.85,1.4629,-0.0141,-0.002,0.5004,0.0022,0.5,0.0263,2.6032,1.5,1.5
14.867,1.4712,-0.0141,-0.002,0.5003,0.002,0.5,0.0263,2.6032,1.5,1.5
14.867,1.4712,-0.0141,-0.002,0.5003,0.002,0.5,0.0263,2.6032,1.5,1.5
14.867,1.4712,-0.0141,-0.002,0.5003,0.002,0.5,0.0263,2.6032,1.5,1.5
14.9,1.4796,-0.0141,-0.0018,0.5002,0.0018,0.5,0.0263,2.6032,1.5,1.5
14.9,1.4796,-0.0141,-0.0018,0.5002,0.0018,0.5,0.0263,2.6032,1.5,1.5
14.917,1.4962,-0.0141,-0.002,0.5,0.0014,0.5,0.0263,2.6032,1.5,1.5
14.917,1.4962,-0.0141,-0.002,0.5,0.0014,0.5,0.0263,2.5965,1.5,1.5
14.917,1.4962,-0.0141,-0.002,0.5,0.0014,0.5,0.0263,2.5965,1.5,1.5
14.917,1.4962,-0.0141,-0.002,0.5,0.0014,0.5,0.0263,2.5965,1.5,1.5
14.917,1.4962,-0.0141,-0.002,0.5,0.0014,0.5,0.0263,2.5965,1.5,1.5
14.917,1.4962,-0.0141,-0.002,0.5,0.0014,0.5,0.0263,2.5965,1.5,1.5
14.917,1.4962,-0.0141,-0.002,0.5,0.0014,0.5,0.0263,2.5965,1.5,1.5
14.917,1.4962,-0.0141,-0.002,0.5,0.0014,0.5,0.0263,2.5965,1.5,1.5
14.917,1.4962,-0.0141,-0.002,0.5,0.0014,0.5,0.0263,2.5965,1.5,1.5
14.917,1.4962,-0.0141,-0.002,0.5,0.0014,0.5,0.0263,2.5965,1.5,1.5
14.917,1.4962,-0.0141,-0.002,0.5,0.0014,0.5,0.0263,2.5965,1.5,1.5
14.917,1.4962,-0.0141,-0.002,0.5,0.0014,0.5,0.0263,2.5965,1.5,1.5
14.917,1.4962,-0.0141,-0.002,0.5,0.0014,0.5,0.0263,2.5965,1.5,1.5
14.917,1.4962,-0.0141,-0.002,0.5,0.0014,0.5,0.0263,2.5965,1.5,1.5
14.917,1.4962,-0.0141,-0.002,0.5,0.0014,0.5,0.0263,2.5965,1.5,1.5
14.95,1.5046,-0.0141,-0.002,0.5,0.001,0.5,0.0263,2.5965,1.5,1.5
14.967,1.5212,-0.0142,-0.002,0.4999,0.0006,0.5,0.0263,2.5965,1.5,1.5
14.967,1.5212,-0.0142,-0.002,0.4999,0.0006,0.5,0.0263,2.5965,1.5,1.5
14.967,1.5212,-0.0142,-0.002,0.4999,0.0006,0.5,0.0263,2.5965,1.5,1.5
14.967,1.5212,-0.0142,-0.002,0.4999,0.0006,0.5,0.0263,2.5965,1.5,1.5
14.967,1.5212,-0.0142,-0.002,0.4999,0.0006,0.5,0.0263,2.5965,1.5,1.5
14.967,1.5212,-0.0142,-0.002,0.4999,0.0006,0.5,0.0263,2.5965,1.5,1.5
14.967,1.5212,-0.0142,-0.002,0.4999,0.0006,0.5,0.0263,2.5965,1.5,1.5
14.967,1.5212,-0.0142,-0.002,0.4999,0.0006,0.5,0.0263,2.5965,1.5,1.5
14.967,1.5212,-0.0142,-0.002,0.4999,0.0006,0.5,0.0263,2.5965,1.5,1.5
14.967,1.5212,-0.0142,-0.002,0.4999,0.0006,0.5,0.0263,2.5965,1.5,1.5
14.967,1.5212,-0.0142,-0.002,0.4999,0.0006,0.5,0.0263,2.5965,1.5,1.5
14.967,1.5212,-0.0142,-0.002,0.4999,0.0006,0.5,0.0263,2.5965,1.5,1.5
14.967,1.5212,-0.0142,-0.002,0.4999,0.0006,0.5,0.0263,2.5965,1.5,1.5
15.0,1.5296,-0.0142,-0.0017,0.4998,-0.006,0.5,0.0263,2.5965,1.5,1.5
15.0,1.5296,-0.0142,-0.0017,0.4998,-0.006,0.5,0.0263,2.5965,1.5,1.5
15.017,1.5462,-0.0143,-0.0018,0.4997,-0.0013,0.5,0.0263,2.5965,1.5,1.5
15.017,1.5462,-0.0143,-0.0018,0.4997,-0.0013,0.5,0.0263,2.6161,1.5,1.5
15.033,1.5546,-0.0143,-0.0015,0.4999,-0.0017,0.5,0.0263,2.6161,1.5,1.5
15.033,1.5546,-0.0143,-0.0015,0.4999,-0.0017,0.5,0.0263,2.6161,1.5,1.5
15.033,1.5546,-0.0143,-0.0015,0.4999,-0.0017,0.5,0.0263,2.6161,1.5,1.5
15.033,1.5546,-0.0143,-0.0015,0.4999,-0.0017,0.5,0.0263,2.6161,1.5,1.5
15.067,1.5629,-0.0143,-0.0015,0.4997,0.0006,0.5,0.0263,2.6161,1.5,1.5
15.067,1.5629,-0.0143,-0.0015,0.4997,0.0006,0.5,0.0263,2.6161,1.5,1.5
15.083,1.5796,-0.0144,-0.0014,0.4996,0.0014,0.5,0.0263,2.6161,1.5,1.5
15.083,1.5796,-0.0144,-0.0014,0.4996,0.0014,0.5,0.0263,2.6161,1.5,1.5
15.083,1.5796,-0.0144,-0.0014,0.4996,0.0014,0.5,0.0263,2.6161,1.5,1.5
15.117,1.5879,-0.0144,-0.0012,0.4996,0.0025,0.5,0.0263,2.6161,1.5,1.5
15.133,1.6045,-0.0145,-0.0007,0.4997,0.0039,0.5,0.0263,2.615,1.5,1.5
15.133,1.6045,-0.0145,-0.0007,0.4997,0.0039,0.5,0.0263,2.615,1.5,1.5
15.133,1.6045,-0.0145,-0.0007,0.4997,0.0039,0.5,0.0263,2.615,1.5,1.5
15.167,1.6129,-0.0145,-0.0007,0.4997,0.0048,0.5,0.0263,2.615,1.5,1.5
15.167,1.6129,-0.0145,-0.0007,0.4997,0.0048,0.5,0.0263,2.615,1.5,1.5
15.167,1.6129,-0.0145,-0.0007,0.4997,0.0048,0.5,0.0263,2.615,1.5,1.5
15.167,1.6129,-0.0145,-0.0007,0.4997,0.0048,0.5,0.0263,2.615,1.5,1.5
15.183,1.6295,-0.0146,0.0,0.4998,0.0063,0.5,0.0263,2.615,1.5,1.5
15.183,1.6295,-0.0146,0.0,0.4998,0.0063,0.5,0.0263,2.615,1.5,1.5
15.2,1.6379,-0.0146,0.0,0.4999,0.0071,0.5,0.0263,2.615,1.5,1.5
15.2,1.6379,-0.0146,0.0,0.4999,0.0071,0.5,0.0263,2.615,1.5,1.5
15.2,1.6379,-0.0146,0.0,0.4999,0.0071,0.5,0.0263,2.615,1.5,1.5
15.233,1.6462,-0.0147,0.0,0.5,0.0079,0.5,0.0263,2.6065,1.5,1.5
15.233,1.6462,-0.0147,0.0,0.5,0.0079,0.5,0.0263,2.6065,1.5,1.5
15.25,1.6629,-0.0147,0.0,0.5001,0.0096,0.5,0.0263,2.6065,1.5,1.5
15.25,1.6629,-0.0147,0.0,0.5001,0.0096,0.5,0.0263,2.6065,1.5,1.5
15.25,1.6629,-0.0147,0.0,0.5001,0.0096,0.5,0.0263,2.6065,1.5,1.5
15.283,1.6712,-0.0148,0.0007,0.5002,0.0103,0.5,0.0263,2.6065,1.5,1.5
15.283,1.6712,-0.0148,0.0007,0.5002,0.0103,0.5,0.0263,2.6065,1.5,1.5
15.3,1.6879,-0.0148,0.001,0.5004,0.0119,0.5,0.0263,2.6065,1.5,1.5
15.3,1.6879,-0.0148,0.001,0.5004,0.0119,0.5,0.0263,2.6065,1.5,1.5
15.3,1.6879,-0.0148,0.001,0.5004,0.0119,0.5,0.0263,2.6129,1.5,1.5
15.333,1.6962,-0.0149,0.0015,0.5007,0.0127,0.5,0.0263,2.6129,1.5,1.5
15.333,1.6962,-0.0149,0.0015,0.5007,0.0127,0.5,0.0263,2.6129,1.5,1.5
15.35,1.7129,-0.0149,0.0021,0.5009,0.0152,0.5,0.0263,2.6129,1.5,1.5
15.35,1.7129,-0.0149,0.0021,0.5009,0.0152,0.5,0.0263,2.6129,1.5,1.5
15.367,1.7213,-0.015,0.0024,0.5009,0.0162,0.5,0.0263,2.6129,1.5,1.5
15.367,1.7213,-0.015,0.0024,0.5009,0.0162,0.5,0.0263,2.6129,1.5,1.5
15.367,1.7213,-0.015,0.0024,0.5009,0.0162,0.5,0.0263,2.6129,1.5,1.5
15.367,1.7213,-0.015,0.0024,0.5009,0.0162,0.5,0.0263,2.6129,1.5,1.5
15.367,1.7213,-0.015,0.0024,0.5009,0.0162,0.5,0.0263,2.6129,1.5,1.5
15.367,1.7213,-0.015,0.0024,0.5009,0.0162,0.5,0.0263,2.6129,1.5,1.5
15.367,1.7213,-0.015,0.0024,0.5009,0.0162,0.5,0.0263,2.6129,1.5,1.5
15.4,1.7296,-0.015,0.0028,0.5007,0.0154,0.5,0.0263,2.6129,1.5,1.5
15.4,1.7296,-0.015,0.0028,0.5007,0.0154,0.5,0.0263,2.6129,1.5,1.5
15.4,1.7296,-0.015,0.0028,0.5007,0.0154,0.5,0.0263,2.6129,1.5,1.5
15.4,1.7296,-0.015,0.0028,0.5007,0.0154,0.5,0.0263,2.6129,1.5,1.5
15.4,1.7296,-0.015,0.0028,0.5007,0.0154,0.5,0.0263,2.6129,1.5,1.5
15.4,1.7296,-0.015,0.0028,0.5007,0.0154,0.5,0.0263,2.6129,1.5,1.5
15.4,1.7296,-0.015,0.0028,0.5007,0.0154,0.5,0.0263,2.6129,1.5,1.5
15.4,1.7296,-0.015,0.0028,0.5007,0.0154,0.5,0.0263,2.6129,1.5,1.5
15.4,1.7296,-0.015,0.0028,0.5007,0.0154,0.5,0.0263,2.6129,1.5,1.5
15.417,1.7463,-0.0151,0.0035,0.5008,0.0163,0.5,0.0263,2.6129,1.5,1.5
15.417,1.7463,-0.0151,0.0035,0.5008,0.0163,0.5,0.0263,2.5944,1.5,1.5
15.417,1.7463,-0.0151,0.0035,0.5008,0.0163,0.5,0.0263,2.5944,1.5,1.5
15.45,1.7547,-0.0151,0.0038,0.501,0.0169,0.5,0.0263,2.5944,1.5,1.5
15.45,1.7547,-0.0151,0.0038,0.501,0.0169,0.5,0.0263,2.5944,1.5,1.5
15.467,1.7714,-0.0151,0.0045,0.5009,0.0188,0.5,0.0263,2.5944,1.5,1.5
15.467,1.7714,-0.0151,0.0045,0.5009,0.0188,0.5,0.0263,2.5944,1.5,1.5
15.467,1.7714,-0.0151,0.0045,0.5009,0.0188,0.5,0.0263,2.5944,1.5,1.5
15.5,1.7797,-0.0152,0.0049,0.501,0.0198,0.5,0.0263,2.5944,1.5,1.5
15.517,1.7964,-0.0152,0.0057,0.5009,0.0203,0.5,0.0263,2.5944,1.5,1.5
15.517,1.7964,-0.0152,0.0057,0.5009,0.0203,0.5,0.0263,2.5944,1.5,1.5
15.533,1.8048,-0.0152,0.006,0.5009,0.0207,0.5,0.0263,2.6136,1.5,1.5
15.533,1.8048,-0.0152,0.006,0.5009,0.0207,0.5,0.0263,2.6136,1.5,1.5
15.533,1.8048,-0.0152,0.006,0.5009,0.0207,0.5,0.0263,2.6136,1.5,1.5
15.567,1.8131,-0.0152,0.0064,0.5009,0.0211,0.5,0.0263,2.6136,1.5,1.5
15.567,1.8131,-0.0152,0.0064,0.5009,0.0211,0.5,0.0263,2.6136,1.5,1.5
15.583,1.8298,-0.0152,0.0072,0.5008,0.0217,0.5,0.0263,2.6136,1.5,1.5
15.583,1.8298,-0.0152,0.0072,0.5008,0.0217,0.5,0.0263,2.6136,1.5,1.5
15.583,1.8298,-0.0152,0.0072,0.5008,0.0217,0.5,0.0263,2.6136,1.5,1.5
15.617,1.8382,-0.0152,0.0076,0.5007,0.0219,0.5,0.0263,2.6136,1.5,1.5
15.633,1.8548,-0.0152,0.0083,0.5006,0.0222,0.5,0.0263,2.62,1.5,1.5
15.633,1.8548,-0.0152,0.0083,0.5006,0.0222,0.5,0.0263,2.62,1.5,1.5
15.633,1.8548,-0.0152,0.0083,0.5006,0.0222,0.5,0.0263,2.62,1.5,1.5
15.667,1.8632,-0.0152,0.0088,0.5005,0.0224,0.5,0.0263,2.62,1.5,1.5
15.667,1.8632,-0.0152,0.0088,0.5005,0.0224,0.5,0.0263,2.62,1.5,1.5
15.683,1.8799,-0.0152,0.0095,0.5003,0.0225,0.5,0.0263,2.62,1.5,1.5
15.7,1.8882,-0.0151,0.0099,0.5003,0.0226,0.5,0.0263,2.62,1.5,1.5
15.7,1.8882,-0.0151,0.0099,0.5003,0.0226,0.5,0.0263,2.62,1.5,1.5
15.7,1.8882,-0.0151,0.0099,0.5003,0.0226,0.5,0.0263,2.62,1.5,1.5
15.733,1.8965,-0.0151,0.0103,0.5002,0.0225,0.5,0.0263,2.6178,1.5,1.5
15.733,1.8965,-0.0151,0.0103,0.5002,0.0225,0.5,0.0263,2.6178,1.5,1.5
15.75,1.9132,-0.015,0.0111,0.5,0.0225,0.5,0.0263,2.6178,1.5,1.5
15.75,1.9132,-0.015,0.0111,0.5,0.0225,0.5,0.0263,2.6178,1.5,1.5
15.75,1.9132,-0.015,0.0111,0.5,0.0225,0.5,0.0263,2.6178,1.5,1.5
15.783,1.9215,-0.015,0.0115,0.5,0.0225,0.5,0.0263,2.6178,1.5,1.5
15.783,1.9215,-0.015,0.0115,0.5,0.0225,0.5,0.0263,2.6178,1.5,1.5
15.8,1.9382,-0.0149,0.0123,0.4998,0.0224,0.5,0.0263,2.6178,1.5,1.5
15.8,1.9382,-0.0149,0.0123,0.4998,0.0224,0.5,0.0263,2.6178,1.5,1.5
15.8,1.9382,-0.0149,0.0123,0.4998,0.0224,0.5,0.0263,2.6178,1.5,1.5
15.8,1.9382,-0.0149,0.0123,0.4998,0.0224,0.5,0.0263,2.6178,1.5,1.5
15.8,1.9382,-0.0149,0.0123,0.4998,0.0224,0.5,0.0263,2.6178,1.5,1.5
15.8,1.9382,-0.0149,0.0123,0.4998,0.0224,0.5,0.0263,2.6178,1.5,1.5
15.8,1.9382,-0.0149,0.0123,0.4998,0.0224,0.5,0.0263,2.6178,1.5,1.5
15.8,1.9382,-0.0149,0.0123,0.4998,0.0224,0.5,0.0263,2.6178,1.5,1.5
15.8,1.9382,-0.0149,0.0123,0.4998,0.0224,0.5,0.0263,2.6178,1.5,1.5
15.8,1.9382,-0.0149,0.0123,0.4998,0.0224,0.5,0.0263,2.6178,1.5,1.5
15.8,1.9382,-0.0149,0.0123,0.4998,0.0224,0.5,0.0263,2.6178,1.5,1.5
15.8,1.9382,-0.0149,0.0123,0.4998,0.0224,0.5,0.0263,2.6178,1.5,1.5
15.8,1.9382,-0.0149,0.0123,0.4998,0.0224,0.5,0.0263,2.6178,1.5,1.5
15.8,1.9382,-0.0149,0.0123,0.4998,0.0224,0.5,0.0263,2.6178,1.5,1.5
15.8,1.9382,-0.0149,0.0123,0.4998,0.0224,0.5,0.0263,2.537,1.5,1.5
15.833,1.9465,-0.0149,0.0127,0.4998,0.0225,0.5,0.0263,2.537,1.5,1.5
15.833,1.9465,-0.0149,0.0127,0.4998,0.0225,0.5,0.0263,2.537,1.5,1.5
15.85,1.9632,-0.0148,0.0135,0.4997,0.0223,0.5,0.0263,2.537,1.5,1.5
15.867,1.9715,-0.0147,0.0138,0.4996,0.0225,0.5,0.0263,2.537,1.5,1.5
15.867,1.9715,-0.0147,0.0138,0.4996,0.0225,0.5,0.0263,2.537,1.5,1.5
15.867,1.9715,-0.0147,0.0138,0.4996,0.0225,0.5,0.0263,2.537,1.5,1.5
15.9,1.9798,-0.0147,0.0143,0.4996,0.0223,0.5,0.0263,2.537,1.5,1.5
15.9,1.9798,-0.0147,0.0143,0.4996,0.0223,0.5,0.0263,2.537,1.5,1.5
15.917,1.9965,-0.0146,0.015,0.5003,0.0233,0.5,0.0263,2.537,1.5,1.5
15.917,1.9965,-0.0146,0.015,0.5003,0.0233,0.5,0.0263,2.5454,1.5,1.5
15.917,1.9965,-0.0146,0.015,0.5003,0.0233,0.5,0.0,2.5454,1.5,1.5
15.95,2.0048,-0.0145,0.0155,0.5,0.0248,0.5,0.0,2.5454,1.5,1.5
15.967,2.0215,-0.0144,0.0163,0.4999,0.0292,0.5,0.0,2.5454,1.5,1.5
15.967,2.0215,-0.0144,0.0163,0.4999,0.0292,0.5,0.0,2.5454,1.5,1.5
15.967,2.0215,-0.0144,0.0163,0.4999,0.0292,0.5,0.0,2.5454,1.5,1.5
15.967,2.0215,-0.0144,0.0163,0.4999,0.0292,0.5,0.0,2.5454,1.5,1.5
15.967,2.0215,-0.0144,0.0163,0.4999,0.0292,0.5,0.0,2.5454,1.5,1.5
16.0,2.0298,-0.0143,0.0168,0.5006,0.0223,0.5,0.0,2.5454,1.5,1.5
16.017,2.0465,-0.0141,0.0177,0.5005,0.025,0.5,0.0,2.5454,1.5,1.5
16.017,2.0465,-0.0141,0.0177,0.5005,0.025,0.5,0.0,2.5929,1.5,1.5
16.033,2.0549,-0.0141,0.0181,0.5008,0.0254,0.5,0.0,2.5929,1.5,1.5
16.033,2.0549,-0.0141,0.0181,0.5008,0.0254,0.5,0.0,2.5929,1.5,1.5
16.033,2.0549,-0.0141,0.0181,0.5008,0.0254,0.5,0.0,2.5929,1.5,1.5
16.067,2.0632,-0.014,0.0186,0.5006,0.0271,0.5,0.0,2.5929,1.5,1.5
16.067,2.0632,-0.014,0.0186,0.5006,0.0271,0.5,0.0,2.5929,1.5,1.5
16.083,2.0799,-0.0138,0.0194,0.4993,0.0282,0.5,0.0,2.5929,1.5,1.5
16.083,2.0799,-0.0138,0.0194,0.4993,0.0282,0.5,0.0,2.5929,1.5,1.5
16.083,2.0799,-0.0138,0.0194,0.4993,0.0282,0.5,0.0,2.5929,1.5,1.5
16.117,2.0882,-0.0137,0.0198,0.4993,0.0271,0.5,0.0,2.5929,1.5,1.5
16.133,2.1049,-0.0135,0.0205,0.5,0.0263,0.5,0.0,2.5268,1.5,1.5
16.133,2.1049,-0.0135,0.0205,0.5,0.0263,0.5,0.0,2.5268,1.5,1.5
16.133,2.1049,-0.0135,0.0205,0.5,0.0263,0.5,-0.0263,2.5268,1.5,1.5
16.167,2.1132,-0.0133,0.0209,0.4999,0.0261,0.5,-0.0263,2.5268,1.5,1.5
16.167,2.1132,-0.0133,0.0209,0.4999,0.0261,0.5,-0.0263,2.5268,1.5,1.5
16.183,2.1299,-0.0131,0.0216,0.4997,0.0266,0.5,-0.0263,2.5268,1.5,1.5
16.183,2.1299,-0.0131,0.0216,0.4997,0.0266,0.5,-0.0263,2.5268,1.5,1.5
16.2,2.1383,-0.013,0.0219,0.5002,0.0231,0.5,-0.0263,2.5268,1.5,1.5
16.2,2.1383,-0.013,0.0219,0.5002,0.0231,0.5,-0.0263,2.5268,1.5,1.5
16.2,2.1383,-0.013,0.0219,0.5002,0.0231,0.5,-0.0263,2.5268,1.5,1.5
16.233,2.1466,-0.0128,0.0222,0.5003,0.0239,0.5,-0.0263,2.5189,1.5,1.5
16.233,2.1466,-0.0128,0.0222,0.5003,0.0239,0.5,-0.0263,2.5189,1.5,1.5
16.25,2.1633,-0.0126,0.0229,0.5006,0.0217,0.5,-0.0263,2.5189,1.5,1.5
16.25,2.1633,-0.0126,0.0229,0.5006,0.0217,0.5,-0.0263,2.5189,1.5,1.5
16.25,2.1633,-0.0126,0.0229,0.5006,0.0217,0.5,-0.0263,2.5189,1.5,1.5
16.283,2.1716,-0.0124,0.0232,0.5007,0.0211,0.5,-0.0263,2.5189,1.5,1.5
16.283,2.1716,-0.0124,0.0232,0.5007,0.0211,0.5,-0.0263,2.5189,1.5,1.5
16.3,2.1883,-0.0121,0.0236,0.501,0.0161,0.5,-0.0263,2.5189,1.5,1.5
16.3,2.1883,-0.0121,0.0236,0.501,0.0161,0.5,-0.0263,2.5189,1.5,1.5
16.3,2.1883,-0.0121,0.0236,0.501,0.0161,0.5,-0.0263,2.4733,1.5,1.5
16.333,2.1967,-0.0119,0.0237,0.5008,0.0155,0.5,-0.0263,2.4733,1.5,1.5
16.35,2.2134,-0.0116,0.024,0.5008,0.0132,0.5,0.0,2.4733,1.5,1.5
16.35,2.2134,-0.0116,0.024,0.5008,0.0132,0.5,0.0,2.4733,1.5,1.5
16.367,2.2217,-0.0114,0.0241,0.5007,0.013,0.5,0.0,2.4733,1.5,1.5
16.367,2.2217,-0.0114,0.0241,0.5007,0.013,0.5,0.0,2.4733,1.5,1.5
16.367,2.2217,-0.0114,0.0241,0.5007,0.013,0.5,0.0,2.4733,1.5,1.5
16.4,2.23,-0.0112,0.0241,0.5007,0.0113,0.5,0.0,2.4733,1.5,1.5
16.4,2.23,-0.0112,0.0241,0.5007,0.0113,0.5,0.0,2.4733,1.5,1.5
16.417,2.2467,-0.0108,0.0242,0.5008,0.01,0.5,0.0,2.4733,1.5,1.5
16.417,2.2467,-0.0108,0.0242,0.5008,0.01,0.5,0.0,2.4706,1.5,1.5
16.417,2.2467,-0.0108,0.0242,0.5008,0.01,0.5,0.0,2.4706,1.5,1.5
16.45,2.2551,-0.0106,0.0242,0.5007,0.0087,0.5,0.0,2.4706,1.5,1.5
16.467,2.2717,-0.0102,0.0242,0.5004,0.0073,0.5,0.0,2.4706,1.5,1.5
16.467,2.2717,-0.0102,0.0242,0.5004,0.0073,0.5,0.0,2.4706,1.5,1.5
16.467,2.2717,-0.0102,0.0242,0.5004,0.0073,0.5,0.0,2.4706,1.5,1.5
16.5,2.2801,-0.01,0.0242,0.5003,-0.0002,0.5,0.0,2.4706,1.5,1.5
16.5,2.2801,-0.01,0.0242,0.5003,-0.0002,0.5,0.0,2.4706,1.5,1.5
16.517,2.2967,-0.0096,0.0242,0.5001,0.0016,0.5,0.0,2.4706,1.5,1.5
16.517,2.2967,-0.0096,0.0242,0.5001,0.0016,0.5,0.0,2.4759,1.5,1.5
16.533,2.3051,-0.0094,0.0242,0.5,0.0014,0.5,0.0,2.4759,1.5,1.5
16.533,2.3051,-0.0094,0.0242,0.5,0.0014,0.5,0.0,2.4759,1.5,1.5
16.533,2.3051,-0.0094,0.0242,0.5,0.0014,0.5,0.0,2.4759,1.5,1.5
16.567,2.3134,-0.0092,0.0242,0.5,0.0012,0.5,0.0,2.4759,1.5,1.5
16.583,2.3301,-0.0088,0.0242,0.4999,0.0007,0.5,0.0,2.4759,1.5,1.5
16.583,2.3301,-0.0088,0.0242,0.4999,0.0007,0.5,0.0,2.4759,1.5,1.5
16.583,2.3301,-0.0088,0.0242,0.4999,0.0007,0.5,0.0,2.4759,1.5,1.5
16.617,2.3384,-0.0086,0.0242,0.4998,-0.0003,0.5,0.0,2.4759,1.5,1.5
16.617,2.3384,-0.0086,0.0242,0.4998,-0.0003,0.5,0.0,2.4854,1.5,1.5
16.633,2.355,-0.0082,0.0242,0.4996,0.0006,0.5,0.0,2.4854,1.5,1.5
16.633,2.355,-0.0082,0.0242,0.4996,0.0006,0.5,0.0,2.4854,1.5,1.5
16.633,2.355,-0.0082,0.0242,0.4996,0.0006,0.5,0.0,2.4854,1.5,1.5
16.667,2.3634,-0.008,0.0242,0.4996,-0.0006,0.5,0.0,2.4854,1.5,1.5
16.667,2.3634,-0.008,0.0242,0.4996,-0.0006,0.5,0.0,2.4854,1.5,1.5
16.683,2.38,-0.0075,0.0242,0.4995,-0.001,0.5,0.0,2.4854,1.5,1.5
16.7,2.3883,-0.0073,0.0242,0.4995,-0.0009,0.5,0.0,2.4854,1.5,1.5
16.7,2.3883,-0.0073,0.0242,0.4995,-0.0009,0.5,0.0,2.4854,1.5,1.5
16.7,2.3883,-0.0073,0.0242,0.4995,-0.0009,0.5,0.0,2.4854,1.5,1.5
16.733,2.3967,-0.0071,0.0242,0.4995,-0.0005,0.5,0.0,2.4976,1.5,1.5
16.733,2.3967,-0.0071,0.0242,0.4995,-0.0005,0.5,0.0,2.4976,1.5,1.5
16.75,2.4133,-0.0067,0.0241,0.4996,-0.0013,0.5,0.0,2.4976,1.5,1.5
16.75,2.4133,-0.0067,0.0241,0.4996,-0.0013,0.5,0.0,2.4976,1.5,1.5
16.75,2.4133,-0.0067,0.0241,0.4996,-0.0013,0.5,0.0,2.4976,1.5,1.5
16.75,2.4133,-0.0067,0.0241,0.4996,-0.0013,0.5,0.0,2.4976,1.5,1.5
16.75,2.4133,-0.0067,0.0241,0.4996,-0.0013,0.5,0.0,2.4976,1.5,1.5
16.783,2.4217,-0.0065,0.0241,0.4996,-0.0013,0.5,0.0,2.4976,1.5,1.5
16.8,2.4383,-0.0061,0.0241,0.4997,-0.0012,0.5,0.0,2.4976,1.5,1.5
16.8,2.4383,-0.0061,0.0241,0.4997,-0.0012,0.5,0.0,2.4976,1.5,1.5
16.8,2.4383,-0.0061,0.0241,0.4997,-0.0012,0.5,0.0,2.4976,1.5,1.5
16.833,2.4466,-0.0059,0.0241,0.4998,-0.0013,0.5,0.0,2.4775,1.5,1.5
16.833,2.4466,-0.0059,0.0241,0.4998,-0.0013,0.5,0.0,2.4775,1.5,1.5
16.85,2.4633,-0.0055,0.0241,0.4999,-0.0012,0.5,0.0,2.4775,1.5,1.5
16.85,2.4633,-0.0055,0.0241,0.4999,-0.0012,0.5,0.0,2.4775,1.5,1.5
16.867,2.4716,-0.0053,0.0241,0.5,-0.001,0.5,0.0,2.4775,1.5,1.5
16.867,2.4716,-0.0053,0.0241,0.5,-0.001,0.5,0.0,2.4775,1.5,1.5
16.867,2.4716,-0.0053,0.0241,0.5,-0.001,0.5,0.0,2.4775,1.5,1.5
16.9,2.48,-0.0051,0.0241,0.5001,-0.0008,0.5,0.0,2.4775,1.5,1.5
16.917,2.4966,-0.0047,0.0242,0.5002,-0.0005,0.5,0.0,2.4775,1.5,1.5
16.917,2.4966,-0.0047,0.0242,0.5002,-0.0005,0.5,0.0,2.4775,1.5,1.5
16.917,2.4966,-0.0047,0.0242,0.5002,-0.0005,0.5,0.0,2.4573,1.5,1.5
16.95,2.505,-0.0045,0.0242,0.5003,-0.0003,0.5,0.0,2.4573,1.5,1.5
16.95,2.505,-0.0045,0.0242,0.5003,-0.0003,0.5,0.0,2.4573,1.5,1.5
16.967,2.5217,-0.0041,0.0242,0.5004,0.0002,0.5,0.0,2.4573,1.5,1.5
16.967,2.5217,-0.0041,0.0242,0.5004,0.0002,0.5,0.0,2.4573,1.5,1.5
16.967,2.5217,-0.0041,0.0242,0.5004,0.0002,0.5,0.0,2.4573,1.5,1.5
17.0,2.53,-0.0039,0.0242,0.5005,0.0005,0.5,0.0,2.4573,1.5,1.5
17.0,2.53,-0.0039,0.0242,0.5005,0.0005,0.5,0.0,2.4573,1.5,1.5
17.017,2.5467,-0.0035,0.0243,0.5006,0.0014,0.5,0.0,2.4573,1.5,1.5
17.033,2.555,-0.0033,0.0243,0.5006,0.0016,0.5,0.0,2.455,1.5,1.5
17.033,2.555,-0.0033,0.0243,0.5006,0.0016,0.5,0.0,2.455,1.5,1.5
17.033,2.555,-0.0033,0.0243,0.5006,0.0016,0.5,0.0,2.455,1.5,1.5
17.067,2.5634,-0.0031,0.0243,0.5006,0.0009,0.5,0.0,2.455,1.5,1.5
17.067,2.5634,-0.0031,0.0243,0.5006,0.0009,0.5,0.0,2.455,1.5,1.5
17.083,2.5801,-0.0027,0.0244,0.5008,0.0008,0.5,0.0,2.455,1.5,1.5
17.083,2.5801,-0.0027,0.0244,0.5008,0.0008,0.5,0.0,2.455,1.5,1.5
17.083,2.5801,-0.0027,0.0244,0.5008,0.0008,0.5,0.0,2.455,1.5,1.5
17.117,2.5884,-0.0025,0.0244,0.5008,0.0014,0.5,0.0,2.455,1.5,1.5
17.117,2.5884,-0.0025,0.0244,0.5008,0.0014,0.5,0.0,2.4464,1.5,1.5
17.133,2.6051,-0.0021,0.0244,0.5008,0.0016,0.5,0.0,2.4464,1.5,1.5
17.133,2.6051,-0.0021,0.0244,0.5008,0.0016,0.5,0.0,2.4464,1.5,1.5
17.133,2.6051,-0.0021,0.0244,0.5008,0.0016,0.5,0.0,2.4464,1.5,1.5
17.167,2.6135,-0.0019,0.0244,0.5007,0.0018,0.5,0.0,2.4464,1.5,1.5
17.183,2.6301,-0.0015,0.0245,0.5007,0.0018,0.5,0.0,2.4464,1.5,1.5
17.183,2.6301,-0.0015,0.0245,0.5007,0.0018,0.5,0.0,2.4464,1.5,1.5
17.2,2.6385,-0.0013,0.0245,0.5006,0.0018,0.5,0.0,2.4464,1.5,1.5
17.2,2.6385,-0.0013,0.0245,0.5006,0.0018,0.5,0.0,2.4464,1.5,1.5
17.2,2.6385,-0.0013,0.0245,0.5006,0.0018,0.5,0.0,2.4464,1.5,1.5
17.233,2.6468,-0.0011,0.0245,0.5006,0.0017,0.5,0.0,2.4253,1.5,1.5
17.233,2.6468,-0.0011,0.0245,0.5006,0.0017,0.5,0.0,2.4253,1.5,1.5
17.25,2.6635,-0.0007,0.0245,0.5005,0.0016,0.5,0.0,2.4253,1.5,1.5
17.25,2.6635,-0.0007,0.0245,0.5005,0.0016,0.5,0.0,2.4253,1.5,1.5
17.25,2.6635,-0.0007,0.0245,0.5005,0.0016,0.5,0.0,2.4253,1.5,1.5
17.283,2.6718,-0.0005,0.0245,0.5004,0.0015,0.5,0.0,2.4253,1.5,1.5
17.3,2.6885,-0.0001,0.0246,0.5003,0.0012,0.5,0.0,2.4253,1.5,1.5
17.3,2.6885,-0.0001,0.0246,0.5003,0.0012,0.5,0.0,2.4253,1.5,1.5
17.3,2.6885,-0.0001,0.0246,0.5003,0.0012,0.5,0.0,2.4253,1.5,1.5
17.3,2.6885,-0.0001,0.0246,0.5003,0.0012,0.5,0.0,2.483,1.5,1.5
17.333,2.6969,0.0001,0.0245,0.5002,0.001,0.5,0.0,2.483,1.5,1.5
17.35,2.7135,0.0005,0.0245,0.5,0.0006,0.5,0.0,2.483,1.5,1.5
17.35,2.7135,0.0005,0.0245,0.5,0.0006,0.5,0.0,2.483,1.5,1.5
17.367,2.7218,0.0007,0.0245,0.5,0.0004,0.5,0.0,2.483,1.5,1.5
17.367,2.7218,0.0007,0.0245,0.5,0.0004,0.5,0.0,2.483,1.5,1.5
17.367,2.7218,0.0007,0.0245,0.5,0.0004,0.5,0.0,2.483,1.5,1.5
17.367,2.7218,0.0007,0.0245,0.5,0.0004,0.5,0.0,2.483,1.5,1.5
17.367,2.7218,0.0007,0.0245,0.5,0.0004,0.5,0.0,2.483,1.5,1.5
17.4,2.7302,0.0009,0.0245,0.4999,0.0001,0.5,0.0,2.483,1.5,1.5
17.417,2.7468,0.0013,0.0245,0.4998,-0.001,0.5,0.0,2.483,1.5,1.5
17.417,2.7468,0.0013,0.0245,0.4998,-0.001,0.5,0.0,2.4544,1.5,1.5
17.417,2.7468,0.0013,0.0245,0.4998,-0.001,0.5,0.0,2.4544,1.5,1.5
17.45,2.7552,0.0015,0.0245,0.4998,-0.0013,0.5,0.0,2.4544,1.5,1.5
17.45,2.7552,0.0015,0.0245,0.4998,-0.0013,0.5,0.0,2.4544,1.5,1.5
17.467,2.7718,0.0019,0.0244,0.4998,-0.0024,0.5,0.0,2.4544,1.5,1.5
17.467,2.7718,0.0019,0.0244,0.4998,-0.0024,0.5,0.0,2.4544,1.5,1.5
17.467,2.7718,0.0019,0.0244,0.4998,-0.0024,0.5,0.0,2.4544,1.5,1.5
17.5,2.7801,0.0022,0.0244,0.4995,-0.0003,0.5,0.0,2.4544,1.5,1.5
17.517,2.7968,0.0026,0.0244,0.4995,-0.0016,0.5,0.0,2.4544,1.5,1.5
17.517,2.7968,0.0026,0.0244,0.4995,-0.0016,0.5,0.0,2.4544,1.5,1.5
17.533,2.8051,0.0028,0.0243,0.4995,-0.0009,0.5,0.0,2.4547,1.5,1.5
17.533,2.8051,0.0028,0.0243,0.4995,-0.0009,0.5,0.0,2.4547,1.5,1.5
17.533,2.8051,0.0028,0.0243,0.4995,-0.0009,0.5,0.0,2.4547,1.5,1.5
17.567,2.8134,0.003,0.0243,0.4995,-0.0019,0.5,0.0,2.4547,1.5,1.5
17.567,2.8134,0.003,0.0243,0.4995,-0.0019,0.5,0.0,2.4547,1.5,1.5
17.583,2.8301,0.0034,0.0243,0.4996,-0.0014,0.5,0.0,2.4547,1.5,1.5
17.583,2.8301,0.0034,0.0243,0.4996,-0.0014,0.5,0.0,2.4547,1.5,1.5
17.583,2.8301,0.0034,0.0243,0.4996,-0.0014,0.5,0.0,2.4547,1.5,1.5
17.617,2.8384,0.0036,0.0243,0.4996,-0.0014,0.5,0.0,2.4547,1.5,1.5
17.617,2.8384,0.0036,0.0243,0.4996,-0.0014,0.5,0.0,2.4547,1.5,1.5
17.617,2.8384,0.0036,0.0243,0.4996,-0.0014,0.5,0.0,2.4547,1.5,1.5
17.617,2.8384,0.0036,0.0243,0.4996,-0.0014,0.5,0.0,2.4547,1.5,1.5
17.617,2.8384,0.0036,0.0243,0.4996,-0.0014,0.5,0.0,2.4547,1.5,1.5
17.617,2.8384,0.0036,0.0243,0.4996,-0.0014,0.5,0.0,2.4477,1.5,1.5
17.633,2.8551,0.004,0.0243,0.4998,-0.0017,0.5,0.0,2.4477,1.5,1.5
17.633,2.8551,0.004,0.0243,0.4998,-0.0017,0.5,0.0,2.4477,1.5,1.5
17.633,2.8551,0.004,0.0243,0.4998,-0.0017,0.5,0.0,2.4477,1.5,1.5
17.667,2.8634,0.0042,0.0243,0.4998,-0.0014,0.5,0.0,2.4477,1.5,1.5
17.683,2.8801,0.0046,0.0243,0.5,-0.0014,0.5,0.0,2.4477,1.5,1.5
17.683,2.8801,0.0046,0.0243,0.5,-0.0014,0.5,0.0,2.4477,1.5,1.5
17.7,2.8884,0.0048,0.0243,0.5001,-0.0012,0.5,0.0,2.4477,1.5,1.5
17.7,2.8884,0.0048,0.0243,0.5001,-0.0012,0.5,0.0,2.4477,1.5,1.5
17.7,2.8884,0.0048,0.0243,0.5001,-0.0012,0.5,0.0,2.4477,1.5,1.5
17.733,2.8967,0.005,0.0243,0.5001,-0.0011,0.5,0.0,2.4543,1.5,1.5
17.733,2.8967,0.005,0.0243,0.5001,-0.0011,0.5,0.0,2.4543,1.5,1.5
17.75,2.9134,0.0054,0.0243,0.5003,-0.0007,0.5,0.0,2.4543,1.5,1.5
17.75,2.9134,0.0054,0.0243,0.5003,-0.0007,0.5,0.0,2.4543,1.5,1.5
17.75,2.9134,0.0054,0.0243,0.5003,-0.0007,0.5,0.0,2.4543,1.5,1.5
17.75,2.9134,0.0054,0.0243,0.5003,-0.0007,0.5,0.0,2.4543,1.5,1.5
17.783,2.9218,0.0056,0.0243,0.5004,-0.0004,0.5,0.0,2.4543,1.5,1.5
17.8,2.9384,0.006,0.0243,0.5005,0.0001,0.5,0.0,2.4543,1.5,1.5
17.8,2.9384,0.006,0.0243,0.5005,0.0001,0.5,0.0,2.4543,1.5,1.5
17.8,2.9384,0.006,0.0243,0.5005,0.0001,0.5,0.0,2.4543,1.5,1.5
17.833,2.9468,0.0062,0.0244,0.5005,0.0004,0.5,0.0,2.4964,1.5,1.5
17.833,2.9468,0.0062,0.0244,0.5005,0.0004,0.5,0.0,2.4964,1.5,1.5
17.85,2.9635,0.0066,0.0244,0.5006,0.0012,0.5,0.0,2.4964,1.5,1.5
17.85,2.9635,0.0066,0.0244,0.5006,0.0012,0.5,0.0,2.4964,1.5,1.5
17.867,2.9718,0.0068,0.0244,0.5006,0.0004,0.5,0.0,2.4964,1.5,1.5
17.867,2.9718,0.0068,0.0244,0.5006,0.0004,0.5,0.0,2.4964,1.5,1.5
17.867,2.9718,0.0068,0.0244,0.5006,0.0004,0.5,0.0,2.4964,1.5,1.5
17.9,2.9802,0.007,0.0244,0.5007,0.0013,0.5,0.0,2.4964,1.5,1.5
17.917,2.9969,0.0074,0.0245,0.5009,0.0006,0.5,0.0,2.4964,1.5,1.5
17.917,2.9969,0.0074,0.0245,0.5009,0.0006,0.5,0.0,2.4442,1.5,1.5
17.917,2.9969,0.0074,0.0245,0.5009,0.0006,0.5,0.0,2.4442,1.5,1.5
17.95,3.0052,0.0076,0.0245,0.5008,0.0023,0.5,0.0,2.4442,1.5,1.5
17.95,3.0052,0.0076,0.0245,0.5008,0.0023,0.5,0.0,2.4442,1.5,1.5
17.95,3.0052,0.0076,0.0245,0.5008,0.0023,0.5,0.0,2.4442,1.5,1.5
17.95,3.0052,0.0076,0.0245,0.5008,0.0023,0.5,0.0,2.4442,1.5,1.5
17.967,3.0219,0.008,0.0245,0.5008,0.0012,0.5,0.0,2.4442,1.5,1.5
17.967,3.0219,0.008,0.0245,0.5008,0.0012,0.5,0.0,2.4442,1.5,1.5
17.967,3.0219,0.008,0.0245,0.5008,0.0012,0.5,0.0,2.4442,1.5,1.5
18.0,3.0302,0.0082,0.0245,0.5007,0.0023,0.5,0.0,2.4442,1.5,1.5
18.0,3.0302,0.0082,0.0245,0.5007,0.0023,0.5,0.0,2.4442,1.5,1.5
18.017,3.0469,0.0086,0.0246,0.5006,0.0017,0.5,0.0,2.4442,1.5,1.5
18.033,3.0553,0.0088,0.0246,0.5007,0.0016,0.5,0.0,2.468,1.5,1.5
18.033,3.0553,0.0088,0.0246,0.5007,0.0016,0.5,0.0,2.468,1.5,1.5
18.033,3.0553,0.0088,0.0246,0.5007,0.0016,0.5,0.0,2.468,1.5,1.5
18.067,3.0636,0.009,0.0246,0.5006,0.0015,0.5,0.0,2.468,1.5,1.5
18.067,3.0636,0.009,0.0246,0.5006,0.0015,0.5,0.0,2.468,1.5,1.5
18.083,3.0803,0.0094,0.0246,0.5005,0.0013,0.5,0.0,2.468,1.5,1.5
18.083,3.0803,0.0094,0.0246,0.5005,0.0013,0.5,0.0,2.468,1.5,1.5
18.083,3.0803,0.0094,0.0246,0.5005,0.0013,0.5,0.0,2.468,1.5,1.5
18.117,3.0886,0.0096,0.0246,0.5004,0.0012,0.5,0.0,2.468,1.5,1.5
18.117,3.0886,0.0096,0.0246,0.5004,0.0012,0.5,0.0,2.4627,1.5,1.5
18.133,3.1053,0.0101,0.0246,0.5002,0.0009,0.5,-0.0263,2.4627,1.5,1.5
18.133,3.1053,0.0101,0.0246,0.5002,0.0009,0.5,-0.0263,2.4627,1.5,1.5
18.133,3.1053,0.0101,0.0246,0.5002,0.0009,0.5,-0.0263,2.4627,1.5,1.5
18.167,3.1136,0.0103,0.0246,0.5001,0.0007,0.5,-0.0263,2.4627,1.5,1.5
18.183,3.1303,0.0107,0.0246,0.5,0.0002,0.5,-0.0263,2.4627,1.5,1.5
18.183,3.1303,0.0107,0.0246,0.5,0.0002,0.5,-0.0263,2.4627,1.5,1.5
18.2,3.1386,0.0109,0.0246,0.4999,-0.0,0.5,-0.0263,2.4627,1.5,1.5
18.2,3.1386,0.0109,0.0246,0.4999,-0.0,0.5,-0.0263,2.4627,1.5,1.5
18.2,3.1386,0.0109,0.0246,0.4999,-0.0,0.5,-0.0263,2.4627,1.5,1.5
18.2,3.1386,0.0109,0.0246,0.4999,-0.0,0.5,-0.0263,2.4254,1.5,1.5
18.233,3.1469,0.0111,0.0245,0.4999,-0.0002,0.5,-0.0263,2.4254,1.5,1.5
18.233,3.1469,0.0111,0.0245,0.4999,-0.0002,0.5,-0.0263,2.4254,1.5,1.5
18.25,3.1636,0.0115,0.0245,0.4997,-0.0008,0.5,-0.0263,2.4254,1.5,1.5
18.25,3.1636,0.0115,0.0245,0.4997,-0.0008,0.5,-0.0263,2.4254,1.5,1.5
18.283,3.1719,0.0117,0.0245,0.4998,-0.0014,0.5,-0.0263,2.4254,1.5,1.5
18.283,3.1719,0.0117,0.0245,0.4998,-0.0014,0.5,-0.0263,2.4254,1.5,1.5
18.3,3.1886,0.0121,0.0243,0.4997,0.0003,0.5,-0.0263,2.4254,1.5,1.5
18.3,3.1886,0.0121,0.0243,0.4997,0.0003,0.5,-0.0263,2.4254,1.5,1.5
18.3,3.1886,0.0121,0.0243,0.4997,0.0003,0.5,-0.0263,2.4254,1.5,1.5
18.333,3.1969,0.0124,0.0242,0.4995,0.0001,0.5,-0.0263,2.4477,1.5,1.5
18.333,3.1969,0.0124,0.0242,0.4995,0.0001,0.5,-0.0263,2.4477,1.5,1.5
18.35,3.2136,0.0128,0.024,0.4995,-0.0022,0.5,-0.0263,2.4477,1.5,1.5
18.367,3.2219,0.013,0.0239,0.4996,-0.0034,0.5,-0.0263,2.4477,1.5,1.5
18.367,3.2219,0.013,0.0239,0.4996,-0.0034,0.5,-0.0263,2.4477,1.5,1.5
18.367,3.2219,0.013,0.0239,0.4996,-0.0034,0.5,-0.0263,2.4477,1.5,1.5
18.4,3.2302,0.0133,0.0237,0.4996,-0.0045,0.5,-0.0263,2.4477,1.5,1.5
18.4,3.2302,0.0133,0.0237,0.4996,-0.0045,0.5,-0.0263,2.4477,1.5,1.5
18.417,3.2469,0.0137,0.0234,0.4997,-0.0058,0.5,-0.0263,2.4477,1.5,1.5
18.417,3.2469,0.0137,0.0234,0.4997,-0.0058,0.5,-0.0263,2.4872,1.5,1.5
18.417,3.2469,0.0137,0.0234,0.4997,-0.0058,0.5,-0.0263,2.4872,1.5,1.5
18.417,3.2469,0.0137,0.0234,0.4997,-0.0058,0.5,-0.0263,2.4872,1.5,1.5
18.45,3.2552,0.0139,0.0232,0.4997,-0.0067,0.5,-0.0263,2.4872,1.5,1.5
18.45,3.2552,0.0139,0.0232,0.4997,-0.0067,0.5,-0.0263,2.4872,1.5,1.5
18.467,3.2718,0.0144,0.0228,0.4998,-0.0081,0.5,-0.0263,2.4872,1.5,1.5
18.467,3.2718,0.0144,0.0228,0.4998,-0.0081,0.5,-0.0263,2.4872,1.5,1.5
18.467,3.2718,0.0144,0.0228,0.4998,-0.0081,0.5,-0.0263,2.4872,1.5,1.5
18.5,3.2802,0.0146,0.0226,0.4999,-0.0088,0.5,-0.0263,2.4872,1.5,1.5
18.517,3.2968,0.015,0.0222,0.5,-0.0102,0.5,-0.0263,2.4872,1.5,1.5
18.517,3.2968,0.015,0.0222,0.5,-0.0102,0.5,-0.0263,2.4358,1.5,1.5
18.533,3.3052,0.0153,0.022,0.5001,-0.0102,0.5,-0.0263,2.4358,1.5,1.5
18.533,3.3052,0.0153,0.022,0.5001,-0.0102,0.5,-0.0263,2.4358,1.5,1.5
18.533,3.3052,0.0153,0.022,0.5001,-0.0102,0.5,-0.0263,2.4358,1.5,1.5
18.567,3.3135,0.0155,0.0218,0.5002,-0.0105,0.5,-0.0263,2.4358,1.5,1.5
18.567,3.3135,0.0155,0.0218,0.5002,-0.0105,0.5,-0.0263,2.4358,1.5,1.5
18.567,3.3135,0.0155,0.0218,0.5002,-0.0105,0.5,-0.0263,2.4358,1.5,1.5
18.583,3.3302,0.0159,0.0213,0.5003,-0.0121,0.5,-0.0263,2.4358,1.5,1.5
18.583,3.3302,0.0159,0.0213,0.5003,-0.0121,0.5,-0.0263,2.4358,1.5,1.5
18.583,3.3302,0.0159,0.0213,0.5003,-0.0121,0.5,-0.0263,2.4358,1.5,1.5
18.617,3.3385,0.0161,0.0211,0.5004,-0.0124,0.5,-0.0263,2.4358,1.5,1.5
18.633,3.3552,0.0166,0.0206,0.5005,-0.0128,0.5,-0.0263,2.4432,1.5,1.5
18.633,3.3552,0.0166,0.0206,0.5005,-0.0128,0.5,-0.0263,2.4432,1.5,1.5
18.633,3.3552,0.0166,0.0206,0.5005,-0.0128,0.5,-0.0263,2.4432,1.5,1.5
18.633,3.3552,0.0166,0.0206,0.5005,-0.0128,0.5,-0.0263,2.4432,1.5,1.5
18.667,3.3636,0.0168,0.0203,0.5006,-0.0133,0.5,-0.0263,2.4432,1.5,1.5
18.683,3.3802,0.0172,0.0198,0.5006,-0.0139,0.5,-0.0263,2.4432,1.5,1.5
18.683,3.3802,0.0172,0.0198,0.5006,-0.0139,0.5,-0.0263,2.4432,1.5,1.5
18.7,3.3886,0.0174,0.0195,0.5006,-0.0142,0.5,-0.0263,2.4432,1.5,1.5
18.7,3.3886,0.0174,0.0195,0.5006,-0.0142,0.5,-0.0263,2.4432,1.5,1.5
18.7,3.3886,0.0174,0.0195,0.5006,-0.0142,0.5,-0.0263,2.4432,1.5,1.5
18.733,3.3969,0.0176,0.0192,0.5006,-0.0145,0.5,-0.0263,2.4263,1.5,1.5
18.75,3.4136,0.018,0.0186,0.5006,-0.0151,0.5,-0.0263,2.4263,1.5,1.5
18.75,3.4136,0.018,0.0186,0.5006,-0.0151,0.5,-0.0263,2.4263,1.5,1.5
18.75,3.4136,0.018,0.0186,0.5006,-0.0151,0.5,-0.0263,2.4263,1.5,1.5
18.783,3.422,0.0182,0.0183,0.5006,-0.0156,0.5,-0.0263,2.4263,1.5,1.5
18.783,3.422,0.0182,0.0183,0.5006,-0.0156,0.5,-0.0263,2.4263,1.5,1.5
18.8,3.4387,0.0186,0.0177,0.5009,-0.0198,0.5,-0.0263,2.4263,1.5,1.5
18.8,3.4387,0.0186,0.0177,0.5009,-0.0198,0.5,-0.0263,2.4263,1.5,1.5
18.8,3.4387,0.0186,0.0177,0.5009,-0.0198,0.5,0.0,2.4263,1.5,1.5
18.833,3.447,0.0188,0.0173,0.5008,-0.0164,0.5,0.0,2.4918,1.5,1.5
18.833,3.447,0.0188,0.0173,0.5008,-0.0164,0.5,0.0,2.4918,1.5,1.5
18.85,3.4637,0.0192,0.0167,0.5012,-0.0169,0.5,0.0,2.4918,1.5,1.5
18.867,3.472,0.0194,0.0163,0.5007,-0.0216,0.5,0.0,2.4918,1.5,1.5
18.867,3.472,0.0194,0.0163,0.5007,-0.0216,0.5,0.0,2.4918,1.5,1.5
18.867,3.472,0.0194,0.0163,0.5007,-0.0216,0.5,0.0,2.4918,1.5,1.5
18.867,3.472,0.0194,0.0163,0.5007,-0.0216,0.5,0.0,2.4918,1.5,1.5
18.867,3.472,0.0194,0.0163,0.5007,-0.0216,0.5,0.0,2.4918,1.5,1.5
18.867,3.472,0.0194,0.0163,0.5007,-0.0216,0.5,0.0,2.4918,1.5,1.5
18.867,3.472,0.0194,0.0163,0.5007,-0.0216,0.5,0.0,2.4918,1.5,1.5
18.867,3.472,0.0194,0.0163,0.5007,-0.0216,0.5,0.0,2.4918,1.5,1.5
18.867,3.472,0.0194,0.0163,0.5007,-0.0216,0.5,0.0,2.4918,1.5,1.5
18.9,3.4804,0.0196,0.016,0.5008,-0.0184,0.5,0.0,2.4918,1.5,1.5
18.9,3.4804,0.0196,0.016,0.5008,-0.0184,0.5,0.0,2.4918,1.5,1.5
18.917,3.497,0.0199,0.0152,0.5003,-0.0229,0.5,0.0,2.4918,1.5,1.5
18.917,3.497,0.0199,0.0152,0.5003,-0.0229,0.5,0.0,2.4484,1.5,1.5
18.917,3.497,0.0199,0.0152,0.5003,-0.0229,0.5,0.0,2.4484,1.5,1.5
18.95,3.5054,0.0201,0.0148,0.501,-0.0177,0.5,0.0,2.4484,1.5,1.5
18.967,3.5221,0.0205,0.0142,0.4997,-0.0248,0.5,0.0,2.4484,1.5,1.5
18.967,3.5221,0.0205,0.0142,0.4997,-0.0248,0.5,0.0,2.4484,1.5,1.5
18.967,3.5221,0.0205,0.0142,0.4997,-0.0248,0.5,0.0,2.4484,1.5,1.5
19.0,3.5304,0.0206,0.0139,0.4996,-0.0229,0.5,0.0,2.4484,1.5,1.5
19.0,3.5304,0.0206,0.0139,0.4996,-0.0229,0.5,0.0,2.4484,1.5,1.5
19.017,3.547,0.021,0.0132,0.4995,-0.0221,0.5,0.0,2.4484,1.5,1.5
19.033,3.5554,0.0211,0.0129,0.4991,-0.0231,0.5,0.0,2.4684,1.5,1.5
19.033,3.5554,0.0211,0.0129,0.4991,-0.0231,0.5,0.0,2.4684,1.5,1.5
19.033,3.5554,0.0211,0.0129,0.4991,-0.0231,0.5,0.0,2.4684,1.5,1.5
19.033,3.5554,0.0211,0.0129,0.4991,-0.0231,0.5,0.0,2.4684,1.5,1.5
19.067,3.5637,0.0213,0.0127,0.4992,-0.0205,0.5,0.0,2.4684,1.5,1.5
19.083,3.5803,0.0216,0.0121,0.4994,-0.0197,0.5,0.0,2.4684,1.5,1.5
19.083,3.5803,0.0216,0.0121,0.4994,-0.0197,0.5,0.0,2.4684,1.5,1.5
19.083,3.5803,0.0216,0.0121,0.4994,-0.0197,0.5,0.0,2.4684,1.5,1.5
19.117,3.5886,0.0217,0.0118,0.4994,-0.0192,0.5,0.0,2.4684,1.5,1.5
19.117,3.5886,0.0217,0.0118,0.4994,-0.0192,0.5,0.0,2.4684,1.5,1.5
19.133,3.6053,0.022,0.0113,0.4994,-0.0183,0.5,0.0,2.4727,1.5,1.5
19.133,3.6053,0.022,0.0113,0.4994,-0.0183,0.5,0.0,2.4727,1.5,1.5
19.133,3.6053,0.022,0.0113,0.4994,-0.0183,0.5,0.0,2.4727,1.5,1.5
19.133,3.6053,0.022,0.0113,0.4994,-0.0183,0.5,0.0,2.4727,1.5,1.5
19.133,3.6053,0.022,0.0113,0.4994,-0.0183,0.5,0.0,2.4727,1.5,1.5
19.167,3.6136,0.0221,0.0111,0.4994,-0.018,0.5,0.0,2.4727,1.5,1.5
19.167,3.6136,0.0221,0.0111,0.4994,-0.018,0.5,0.0,2.4727,1.5,1.5
19.183,3.6303,0.0224,0.0106,0.4995,-0.017,0.5,0.0,2.4727,1.5,1.5
19.2,3.6386,0.0225,0.0104,0.4995,-0.0165,0.5,0.0,2.4727,1.5,1.5
19.2,3.6386,0.0225,0.0104,0.4995,-0.0165,0.5,0.0,2.4727,1.5,1.5
19.2,3.6386,0.0225,0.0104,0.4995,-0.0165,0.5,0.0,2.4727,1.5,1.5
19.2,3.6386,0.0225,0.0104,0.4995,-0.0165,0.5,0.0,2.4727,1.5,1.5
19.2,3.6386,0.0225,0.0104,0.4995,-0.0165,0.5,0.0,2.4727,1.5,1.5
19.2,3.6386,0.0225,0.0104,0.4995,-0.0165,0.5,0.0,2.4727,1.5,1.5
19.2,3.6386,0.0225,0.0104,0.4995,-0.0165,0.5,0.0,2.4727,1.5,1.5
19.2,3.6386,0.0225,0.0104,0.4995,-0.0165,0.5,0.0,2.4727,1.5,1.5
19.2,3.6386,0.0225,0.0104,0.4995,-0.0165,0.5,0.0,2.4727,1.5,1.5
19.2,3.6386,0.0225,0.0104,0.4995,-0.0165,0.5,0.0,2.4727,1.5,1.5
19.2,3.6386,0.0225,0.0104,0.4995,-0.0165,0.5,0.0,2.4727,1.5,1.5
19.2,3.6386,0.0225,0.0104,0.4995,-0.0165,0.5,0.0,2.4727,1.5,1.5
19.2,3.6386,0.0225,0.0104,0.4995,-0.0165,0.5,0.0,2.4727,1.5,1.5
19.2,3.6386,0.0225,0.0104,0.4995,-0.0165,0.5,0.0,2.5241,1.5,1.5
19.233,3.6469,0.0226,0.0102,0.4995,-0.0161,0.5,0.0,2.5241,1.5,1.5
19.233,3.6469,0.0226,0.0102,0.4995,-0.0161,0.5,0.0,2.5241,1.5,1.5
19.25,3.6636,0.0228,0.0098,0.4997,-0.0149,0.5,0.0,2.5241,1.5,1.5
19.25,3.6636,0.0228,0.0098,0.4997,-0.0149,0.5,0.0,2.5241,1.5,1.5
19.25,3.6636,0.0228,0.0098,0.4997,-0.0149,0.5,0.0,2.5241,1.5,1.5
19.283,3.6719,0.0229,0.0096,0.4997,-0.015,0.5,0.0,2.5241,1.5,1.5
19.3,3.6886,0.0232,0.0093,0.4998,-0.0133,0.5,0.0,2.5241,1.5,1.5
19.3,3.6886,0.0232,0.0093,0.4998,-0.0133,0.5,0.0,2.5241,1.5,1.5
19.3,3.6886,0.0232,0.0093,0.4998,-0.0133,0.5,0.0,2.5241,1.5,1.5
19.3,3.6886,0.0232,0.0093,0.4998,-0.0133,0.5,0.0,2.5241,1.5,1.5
19.3,3.6886,0.0232,0.0093,0.4998,-0.0133,0.5,0.0,2.5241,1.5,1.5
19.3,3.6886,0.0232,0.0093,0.4998,-0.0133,0.5,0.0,2.5241,1.5,1.5
19.3,3.6886,0.0232,0.0093,0.4998,-0.0133,0.5,0.0,2.5241,1.5,1.5
19.3,3.6886,0.0232,0.0093,0.4998,-0.0133,0.5,0.0,2.5241,1.5,1.5
19.3,3.6886,0.0232,0.0093,0.4998,-0.0133,0.5,0.0,2.5241,1.5,1.5
19.3,3.6886,0.0232,0.0093,0.4998,-0.0133,0.5,0.0,2.5241,1.5,1.5
19.3,3.6886,0.0232,0.0093,0.4998,-0.0133,0.5,0.0,2.5241,1.5,1.5
19.3,3.6886,0.0232,0.0093,0.4998,-0.0133,0.5,0.0,2.5556,1.5,1.5
19.333,3.6969,0.0233,0.0092,0.4999,-0.0133,0.5,0.0,2.5556,1.5,1.5
19.35,3.7136,0.0235,0.0089,0.5,-0.0124,0.5,0.0,2.5556,1.5,1.5
19.35,3.7136,0.0235,0.0089,0.5,-0.0124,0.5,0.0,2.5556,1.5,1.5
19.367,3.7219,0.0235,0.0088,0.5001,-0.0114,0.5,0.0,2.5556,1.5,1.5
19.367,3.7219,0.0235,0.0088,0.5001,-0.0114,0.5,0.0,2.5556,1.5,1.5
19.367,3.7219,0.0235,0.0088,0.5001,-0.0114,0.5,0.0,2.5556,1.5,1.5
19.4,3.7303,0.0236,0.0087,0.5002,-0.0107,0.5,0.0,2.5556,1.5,1.5
19.417,3.747,0.0238,0.0084,0.5003,-0.0098,0.5,0.0,2.5556,1.5,1.5
19.417,3.747,0.0238,0.0084,0.5003,-0.0098,0.5,0.0,2.4939,1.5,1.5
19.417,3.747,0.0238,0.0084,0.5003,-0.0098,0.5,0.0,2.4939,1.5,1.5
19.45,3.7553,0.0239,0.0083,0.5004,-0.0095,0.5,0.0,2.4939,1.5,1.5
19.45,3.7553,0.0239,0.0083,0.5004,-0.0095,0.5,0.0,2.4939,1.5,1.5
19.467,3.772,0.0241,0.0081,0.5005,-0.008,0.5,0.0,2.4939,1.5,1.5
19.467,3.772,0.0241,0.0081,0.5005,-0.008,0.5,0.0,2.4939,1.5,1.5
19.467,3.772,0.0241,0.0081,0.5005,-0.008,0.5,0.0,2.4939,1.5,1.5
19.5,3.7803,0.0241,0.0081,0.5005,-0.0079,0.5,0.0,2.4939,1.5,1.5
19.5,3.7803,0.0241,0.0081,0.5005,-0.0079,0.5,0.0,2.4939,1.5,1.5
19.517,3.797,0.0243,0.0079,0.5006,-0.0066,0.5,0.0,2.4939,1.5,1.5
19.533,3.8054,0.0244,0.0079,0.5006,-0.0065,0.5,0.0,2.6177,1.5,1.5
19.533,3.8054,0.0244,0.0079,0.5006,-0.0065,0.5,0.0,2.6177,1.5,1.5
19.533,3.8054,0.0244,0.0079,0.5006,-0.0065,0.5,0.0,2.6177,1.5,1.5
19.533,3.8054,0.0244,0.0079,0.5006,-0.0065,0.5,0.0,2.6177,1.5,1.5
19.533,3.8054,0.0244,0.0079,0.5006,-0.0065,0.5,0.0,2.6177,1.5,1.5
19.567,3.8137,0.0245,0.0078,0.5007,-0.0057,0.5,0.0,2.6177,1.5,1.5
19.567,3.8137,0.0245,0.0078,0.5007,-0.0057,0.5,0.0,2.6177,1.5,1.5
19.583,3.8304,0.0246,0.0077,0.5007,-0.0052,0.5,0.0,2.6177,1.5,1.5
19.583,3.8304,0.0246,0.0077,0.5007,-0.0052,0.5,0.0,2.6177,1.5,1.5
19.583,3.8304,0.0246,0.0077,0.5007,-0.0052,0.5,0.0,2.6177,1.5,1.5
19.617,3.8388,0.0247,0.0077,0.5007,-0.0049,0.5,0.0,2.6177,1.5,1.5
19.617,3.8388,0.0247,0.0077,0.5007,-0.0049,0.5,0.0,2.4723,1.5,1.5
19.633,3.8555,0.0248,0.0075,0.5007,-0.0045,0.5,0.0,2.4723,1.5,1.5
19.633,3.8555,0.0248,0.0075,0.5007,-0.0045,0.5,0.0,2.4723,1.5,1.5
19.633,3.8555,0.0248,0.0075,0.5007,-0.0045,0.5,0.0,2.4723,1.5,1.5
19.667,3.8638,0.0249,0.0075,0.5006,-0.0043,0.5,0.0,2.4723,1.5,1.5
19.667,3.8638,0.0249,0.0075,0.5006,-0.0043,0.5,0.0,2.4723,1.5,1.5
19.683,3.8805,0.025,0.0073,0.5005,-0.0041,0.5,0.0,2.4723,1.5,1.5
19.7,3.8888,0.0251,0.0073,0.5005,-0.004,0.5,0.0,2.4723,1.5,1.5
19.7,3.8888,0.0251,0.0073,0.5005,-0.004,0.5,0.0,2.4723,1.5,1.5
19.7,3.8888,0.0251,0.0073,0.5005,-0.004,0.5,0.0,2.4723,1.5,1.5
19.733,3.8972,0.0252,0.0072,0.5004,-0.0039,0.5,0.0,2.4991,1.5,1.5
19.733,3.8972,0.0252,0.0072,0.5004,-0.0039,0.5,0.0,2.4991,1.5,1.5
19.75,3.9138,0.0253,0.0071,0.5003,-0.0039,0.5,0.0,2.4991,1.5,1.5
19.75,3.9138,0.0253,0.0071,0.5003,-0.0039,0.5,0.0,2.4991,1.5,1.5
19.75,3.9138,0.0253,0.0071,0.5003,-0.0039,0.5,0.0,2.4991,1.5,1.5
19.783,3.9222,0.0254,0.007,0.5002,-0.0039,0.5,0.0,2.4991,1.5,1.5
19.783,3.9222,0.0254,0.007,0.5002,-0.0039,0.5,0.0,2.4991,1.5,1.5
19.8,3.9388,0.0255,0.0069,0.5,-0.004,0.5,0.0,2.4991,1.5,1.5
19.8,3.9388,0.0255,0.0069,0.5,-0.004,0.5,0.0,2.4991,1.5,1.5
19.8,3.9388,0.0255,0.0069,0.5,-0.004,0.5,0.0,2.4892,1.5,1.5
19.833,3.9472,0.0256,0.0069,0.5,-0.004,0.5,0.0,2.4892,1.5,1.5
19.85,3.9638,0.0257,0.0067,0.4998,-0.0042,0.5,0.0,2.4892,1.5,1.5
19.85,3.9638,0.0257,0.0067,0.4998,-0.0042,0.5,0.0,2.4892,1.5,1.5
19.867,3.9722,0.0258,0.0067,0.4998,-0.0043,0.5,0.0,2.4892,1.5,1.5
19.867,3.9722,0.0258,0.0067,0.4998,-0.0043,0.5,0.0,2.4892,1.5,1.5
19.867,3.9722,0.0258,0.0067,0.4998,-0.0043,0.5,0.0,2.4892,1.5,1.5
19.9,3.9805,0.0259,0.0066,0.4997,-0.0043,0.5,0.0,2.4892,1.5,1.5
19.917,3.9972,0.026,0.0064,0.4997,-0.0053,0.5,0.0,2.4892,1.5,1.5
19.917,3.9972,0.026,0.0064,0.4997,-0.0053,0.5,0.0,2.4892,1.5,1.5
19.917,3.9972,0.026,0.0064,0.4997,-0.0053,0.5,0.0,2.4892,1.5,1.5
19.917,3.9972,0.026,0.0064,0.4997,-0.0053,0.5,0.0,2.5089,1.5,1.5
19.917,3.9972,0.026,0.0064,0.4997,-0.0053,0.5,0.0,2.5089,1.5,1.5
19.95,4.0055,0.0261,0.0064,0.4995,-0.0042,0.5,0.0,2.5089,1.5,1.5
19.95,4.0055,0.0261,0.0064,0.4995,-0.0042,0.5,0.0,2.5089,1.5,1.5
19.95,4.0055,0.0261,0.0064,0.4995,-0.0042,0.5,0.0,2.5089,1.5,1.5
19.967,4.0221,0.0262,0.0063,0.4995,-0.0047,0.5,0.0,2.5089,1.5,1.5
19.967,4.0221,0.0262,0.0063,0.4995,-0.0047,0.5,0.0,2.5089,1.5,1.5
19.967,4.0221,0.0262,0.0063,0.4995,-0.0047,0.5,0.0,2.5089,1.5,1.5
19.967,4.0221,0.0262,0.0063,0.4995,-0.0047,0.5,0.0,2.5089,1.5,1.5
20.0,4.0305,0.0263,0.0062,0.4995,-0.005,0.5,0.0,2.5089,1.5,1.5
20.0,4.0305,0.0263,0.0062,0.4995,-0.005,0.5,0.0,2.5089,1.5,1.5
20.017,4.0471,0.0264,0.0061,0.4995,-0.004,0.5,0.0,2.5089,1.5,1.5
20.033,4.0554,0.0264,0.006,0.4996,-0.0049,0.5,0.0,2.4824,1.5,1.5
20.033,4.0554,0.0264,0.006,0.4996,-0.0049,0.5,0.0,2.4824,1.5,1.5
20.033,4.0554,0.0264,0.006,0.4996,-0.0049,0.5,0.0,2.4824,1.5,1.5
20.067,4.0638,0.0265,0.006,0.4996,-0.0044,0.5,0.0,2.4824,1.5,1.5
20.067,4.0638,0.0265,0.006,0.4996,-0.0044,0.5,0.0,2.4824,1.5,1.5
20.083,4.0804,0.0266,0.006,0.4997,-0.0044,0.5,0.0,2.4824,1.5,1.5
20.083,4.0804,0.0266,0.006,0.4997,-0.0044,0.5,0.0,2.4824,1.5,1.5
20.083,4.0804,0.0266,0.006,0.4997,-0.0044,0.5,0.0,2.4824,1.5,1.5
20.117,4.0888,0.0267,0.0059,0.4998,-0.0041,0.5,0.0,2.4824,1.5,1.5
20.117,4.0888,0.0267,0.0059,0.4998,-0.0041,0.5,0.0,2.4841,1.5,1.5
20.133,4.1054,0.0268,0.0058,0.5,-0.0038,0.5,0.0,2.4841,1.5,1.5
20.133,4.1054,0.0268,0.0058,0.5,-0.0038,0.5,0.0,2.4841,1.5,1.5
20.133,4.1054,0.0268,0.0058,0.5,-0.0038,0.5,0.0,2.4841,1.5,1.5
20.167,4.1138,0.0268,0.0058,0.5,-0.0035,0.5,0.0,2.4841,1.5,1.5
20.183,4.1305,0.0269,0.0058,0.5002,-0.003,0.5,0.0,2.4841,1.5,1.5
20.183,4.1305,0.0269,0.0058,0.5002,-0.003,0.5,0.0,2.4841,1.5,1.5
20.2,4.1388,0.027,0.0057,0.5002,-0.0027,0.5,0.0,2.4841,1.5,1.5
20.2,4.1388,0.027,0.0057,0.5002,-0.0027,0.5,0.0,2.4841,1.5,1.5
20.2,4.1388,0.027,0.0057,0.5002,-0.0027,0.5,0.0,2.5193,1.5,1.5
20.233,4.1471,0.027,0.0057,0.5003,-0.0023,0.5,0.0,2.5193,1.5,1.5
20.233,4.1471,0.027,0.0057,0.5003,-0.0023,0.5,0.0,2.5193,1.5,1.5
20.25,4.1638,0.0271,0.0057,0.5004,-0.0017,0.5,0.0,2.5193,1.5,1.5
20.25,4.1638,0.0271,0.0057,0.5004,-0.0017,0.5,0.0,2.5193,1.5,1.5
20.283,4.1722,0.0272,0.0057,0.5005,-0.0009,0.5,0.0,2.5193,1.5,1.5
20.283,4.1722,0.0272,0.0057,0.5005,-0.0009,0.5,0.0,2.5193,1.5,1.5
20.3,4.1889,0.0273,0.0057,0.5006,-0.0013,0.5,0.0,2.5193,1.5,1.5
20.3,4.1889,0.0273,0.0057,0.5006,-0.0013,0.5,0.0,2.5193,1.5,1.5
20.3,4.1889,0.0273,0.0057,0.5006,-0.0013,0.5,0.0,2.5193,1.5,1.5
20.333,4.1972,0.0273,0.0057,0.5006,-0.0006,0.5,0.0,2.4932,1.5,1.5
20.333,4.1972,0.0273,0.0057,0.5006,-0.0006,0.5,0.0,2.4932,1.5,1.5
20.35,4.2139,0.0274,0.0057,0.5007,-0.0011,0.5,0.0,2.4932,1.5,1.5
20.367,4.2222,0.0275,0.0057,0.5009,-0.0011,0.5,0.0,2.4932,1.5,1.5
20.367,4.2222,0.0275,0.0057,0.5009,-0.0011,0.5,0.0,2.4932,1.5,1.5
20.367,4.2222,0.0275,0.0057,0.5009,-0.0011,0.5,0.0,2.4932,1.5,1.5
20.367,4.2222,0.0275,0.0057,0.5009,-0.0011,0.5,0.0,2.4932,1.5,1.5
20.4,4.2306,0.0275,0.0057,0.5008,0.0004,0.5,0.0,2.4932,1.5,1.5
20.417,4.2473,0.0276,0.0057,0.5008,0.0004,0.5,0.0,2.4932,1.5,1.5
20.417,4.2473,0.0276,0.0057,0.5008,0.0004,0.5,0.0,2.5281,1.5,1.5
20.417,4.2473,0.0276,0.0057,0.5008,0.0004,0.5,0.0,2.5281,1.5,1.5
20.45,4.2556,0.0277,0.0057,0.5007,0.0004,0.5,0.0,2.5281,1.5,1.5
20.45,4.2556,0.0277,0.0057,0.5007,0.0004,0.5,0.0,2.5281,1.5,1.5
20.467,4.2723,0.0278,0.0057,0.5006,0.0003,0.5,0.0,2.5281,1.5,1.5
20.467,4.2723,0.0278,0.0057,0.5006,0.0003,0.5,0.0,2.5281,1.5,1.5
20.467,4.2723,0.0278,0.0057,0.5006,0.0003,0.5,0.0,2.5281,1.5,1.5
20.5,4.2807,0.0278,0.0057,0.5007,0.0005,0.5,0.0,2.5281,1.5,1.5
20.517,4.2974,0.0279,0.0057,0.5005,0.0004,0.5,0.0,2.5281,1.5,1.5
20.517,4.2974,0.0279,0.0057,0.5005,0.0004,0.5,0.0,2.5281,1.5,1.5
20.533,4.3057,0.0279,0.0057,0.5005,0.0003,0.5,0.0,2.5043,1.5,1.5
20.533,4.3057,0.0279,0.0057,0.5005,0.0003,0.5,0.0,2.5043,1.5,1.5
20.533,4.3057,0.0279,0.0057,0.5005,0.0003,0.5,0.0,2.5043,1.5,1.5
20.567,4.314,0.028,0.0057,0.5004,0.0002,0.5,0.0,2.5043,1.5,1.5
20.567,4.314,0.028,0.0057,0.5004,0.0002,0.5,0.0,2.5043,1.5,1.5
20.583,4.3307,0.0281,0.0057,0.5003,-0.0001,0.5,0.0,2.5043,1.5,1.5
20.583,4.3307,0.0281,0.0057,0.5003,-0.0001,0.5,0.0,2.5043,1.5,1.5
20.583,4.3307,0.0281,0.0057,0.5003,-0.0001,0.5,0.0,2.5043,1.5,1.5
20.617,4.339,0.0281,0.0057,0.5002,-0.0002,0.5,0.0,2.5043,1.5,1.5
20.633,4.3557,0.0282,0.0057,0.5,-0.0006,0.5,0.0,2.5029,1.5,1.5
20.633,4.3557,0.0282,0.0057,0.5,-0.0006,0.5,0.0,2.5029,1.5,1.5
20.633,4.3557,0.0282,0.0057,0.5,-0.0006,0.5,0.0,2.5029,1.5,1.5
20.667,4.364,0.0283,0.0056,0.4999,-0.0007,0.5,0.0,2.5029,1.5,1.5
20.667,4.364,0.0283,0.0056,0.4999,-0.0007,0.5,0.0,2.5029,1.5,1.5
20.683,4.3807,0.0284,0.0056,0.4998,-0.0012,0.5,0.0,2.5029,1.5,1.5
20.683,4.3807,0.0284,0.0056,0.4998,-0.0012,0.5,0.0,2.5029,1.5,1.5
20.7,4.389,0.0284,0.0056,0.4997,-0.0019,0.5,0.0,2.5029,1.5,1.5
20.7,4.389,0.0284,0.0056,0.4997,-0.0019,0.5,0.0,2.5029,1.5,1.5
20.7,4.389,0.0284,0.0056,0.4997,-0.0019,0.5,0.0,2.507,1.5,1.5
20.733,4.3974,0.0285,0.0056,0.4997,-0.0015,0.5,0.0,2.507,1.5,1.5
20.75,4.414,0.0286,0.0055,0.4996,-0.0023,0.5,0.0,2.507,1.5,1.5
20.75,4.414,0.0286,0.0055,0.4996,-0.0023,0.5,0.0,2.507,1.5,1.5
20.75,4.414,0.0286,0.0055,0.4996,-0.0023,0.5,0.0,2.507,1.5,1.5
20.75,4.414,0.0286,0.0055,0.4996,-0.0023,0.5,0.0,2.507,1.5,1.5
20.75,4.414,0.0286,0.0055,0.4996,-0.0023,0.5,0.0,2.507,1.5,1.5
20.783,4.4224,0.0287,0.0055,0.4995,-0.0021,0.5,0.0,2.507,1.5,1.5
20.783,4.4224,0.0287,0.0055,0.4995,-0.0021,0.5,0.0,2.507,1.5,1.5
20.8,4.439,0.0288,0.0054,0.4995,-0.0025,0.5,0.0,2.507,1.5,1.5
20.8,4.439,0.0288,0.0054,0.4995,-0.0025,0.5,0.0,2.507,1.5,1.5
20.8,4.439,0.0288,0.0054,0.4995,-0.0025,0.5,0.0,2.507,1.5,1.5
20.833,4.4473,0.0288,0.0053,0.4995,-0.002,0.5,0.0,2.5072,1.5,1.5
20.833,4.4473,0.0288,0.0053,0.4995,-0.002,0.5,0.0,2.5072,1.5,1.5
20.85,4.464,0.0289,0.0053,0.4996,-0.0024,0.5,0.0,2.5072,1.5,1.5
20.85,4.464,0.0289,0.0053,0.4996,-0.0024,0.5,0.0,2.5072,1.5,1.5
20.867,4.4723,0.029,0.0053,0.4996,-0.002,0.5,0.0,2.5072,1.5,1.5
20.867,4.4723,0.029,0.0053,0.4996,-0.002,0.5,0.0,2.5072,1.5,1.5
20.867,4.4723,0.029,0.0053,0.4996,-0.002,0.5,0.0,2.5072,1.5,1.5
20.9,4.4806,0.029,0.0053,0.4997,-0.002,0.5,0.0,2.5072,1.5,1.5
20.917,4.4973,0.0291,0.0053,0.4998,-0.0022,0.5,0.0,2.5072,1.5,1.5
20.917,4.4973,0.0291,0.0053,0.4998,-0.0022,0.5,0.0,2.5097,1.5,1.5
20.917,4.4973,0.0291,0.0053,0.4998,-0.0022,0.5,0.0,2.5097,1.5,1.5
20.95,4.5056,0.0292,0.0052,0.4999,-0.0022,0.5,0.0,2.5097,1.5,1.5
20.95,4.5056,0.0292,0.0052,0.4999,-0.0022,0.5,0.0,2.5097,1.5,1.5
20.967,4.5223,0.0292,0.0052,0.5,-0.0018,0.5,0.0,2.5097,1.5,1.5
20.967,4.5223,0.0292,0.0052,0.5,-0.0018,0.5,0.0,2.5097,1.5,1.5
20.967,4.5223,0.0292,0.0052,0.5,-0.0018,0.5,0.0,2.5097,1.5,1.5
21.0,4.5307,0.0293,0.0052,0.5001,-0.0017,0.5,0.0,2.5097,1.5,1.5
21.0,4.5307,0.0293,0.0052,0.5001,-0.0017,0.5,0.0,2.5097,1.5,1.5
21.017,4.5473,0.0294,0.0052,0.5003,-0.0013,0.5,0.0,2.5097,1.5,1.5
21.033,4.5557,0.0294,0.0053,0.5003,-0.001,0.5,0.0,2.4858,1.5,1.5
21.033,4.5557,0.0294,0.0053,0.5003,-0.001,0.5,0.0,2.4858,1.5,1.5
21.033,4.5557,0.0294,0.0053,0.5003,-0.001,0.5,0.0,2.4858,1.5,1.5
21.067,4.564,0.0295,0.0052,0.5004,-0.0007,0.5,0.0,2.4858,1.5,1.5
21.067,4.564,0.0295,0.0052,0.5004,-0.0007,0.5,0.0,2.4858,1.5,1.5
21.083,4.5807,0.0296,0.0053,0.5005,-0.0001,0.5,0.0,2.4858,1.5,1.5
21.083,4.5807,0.0296,0.0053,0.5005,-0.0001,0.5,0.0,2.4858,1.5,1.5
21.083,4.5807,0.0296,0.0053,0.5005,-0.0001,0.5,0.0,2.4858,1.5,1.5
21.083,4.5807,0.0296,0.0053,0.5005,-0.0001,0.5,0.0,2.4858,1.5,1.5
21.083,4.5807,0.0296,0.0053,0.5005,-0.0001,0.5,0.0,2.4858,1.5,1.5
21.083,4.5807,0.0296,0.0053,0.5005,-0.0001,0.5,0.0,2.4858,1.5,1.5
21.117,4.5891,0.0296,0.0052,0.5005,0.0005,0.5,0.0,2.4858,1.5,1.5
21.117,4.5891,0.0296,0.0052,0.5005,0.0005,0.5,0.0,2.5089,1.5,1.5
21.133,4.6058,0.0297,0.0053,0.5006,-0.0,0.5,0.0,2.5089,1.5,1.5
21.133,4.6058,0.0297,0.0053,0.5006,-0.0,0.5,0.0,2.5089,1.5,1.5
21.133,4.6058,0.0297,0.0053,0.5006,-0.0,0.5,0.0,2.5089,1.5,1.5
21.167,4.6141,0.0297,0.0053,0.5007,0.0006,0.5,0.0,2.5089,1.5,1.5
21.183,4.6308,0.0298,0.0053,0.5009,0.0001,0.5,0.0,2.5089,1.5,1.5
21.183,4.6308,0.0298,0.0053,0.5009,0.0001,0.5,0.0,2.5089,1.5,1.5
21.2,4.6391,0.0298,0.0053,0.5008,0.0024,0.5,0.0,2.5089,1.5,1.5
21.2,4.6391,0.0298,0.0053,0.5008,0.0024,0.5,0.0,2.5089,1.5,1.5
21.2,4.6391,0.0298,0.0053,0.5008,0.0024,0.5,0.0,2.501,1.5,1.5
21.233,4.6475,0.0299,0.0053,0.5007,0.0013,0.5,0.0,2.501,1.5,1.5
21.233,4.6475,0.0299,0.0053,0.5007,0.0013,0.5,0.0,2.501,1.5,1.5
21.25,4.6642,0.03,0.0054,0.5007,0.0014,0.5,0.0,2.501,1.5,1.5
21.25,4.6642,0.03,0.0054,0.5007,0.0014,0.5,0.0,2.501,1.5,1.5
21.25,4.6642,0.03,0.0054,0.5007,0.0014,0.5,0.0,2.501,1.5,1.5
21.283,4.6725,0.03,0.0053,0.5007,0.0013,0.5,0.0,2.501,1.5,1.5
21.3,4.6892,0.0301,0.0054,0.5007,0.0013,0.5,0.0,2.501,1.5,1.5
21.3,4.6892,0.0301,0.0054,0.5007,0.0013,0.5,0.0,2.501,1.5,1.5
21.3,4.6892,0.0301,0.0054,0.5007,0.0013,0.5,0.0,2.501,1.5,1.5
21.333,4.6976,0.0301,0.0054,0.5006,0.0013,0.5,0.0,2.4859,1.5,1.5
21.333,4.6976,0.0301,0.0054,0.5006,0.0013,0.5,0.0,2.4859,1.5,1.5
21.333,4.6976,0.0301,0.0054,0.5006,0.0013,0.5,0.0,2.4859,1.5,1.5
21.333,4.6976,0.0301,0.0054,0.5006,0.0013,0.5,0.0,2.4859,1.5,1.5
21.35,4.7142,0.0302,0.0054,0.5005,0.0011,0.5,0.0,2.4859,1.5,1.5
21.367,4.7226,0.0303,0.0055,0.5004,0.001,0.5,0.0,2.4859,1.5,1.5
21.367,4.7226,0.0303,0.0055,0.5004,0.001,0.5,0.0,2.4859,1.5,1.5
21.367,4.7226,0.0303,0.0055,0.5004,0.001,0.5,0.0,2.4859,1.5,1.5
21.367,4.7226,0.0303,0.0055,0.5004,0.001,0.5,0.0,2.4859,1.5,1.5
21.4,4.7309,0.0303,0.0054,0.5003,0.0008,0.5,0.0,2.4859,1.5,1.5
21.4,4.7309,0.0303,0.0054,0.5003,0.0008,0.5,0.0,2.4859,1.5,1.5
21.417,4.7476,0.0304,0.0054,0.5002,0.0005,0.5,0.0,2.5019,1.5,1.5
21.417,4.7476,0.0304,0.0054,0.5002,0.0005,0.5,0.0,2.5019,1.5,1.5
21.45,4.7559,0.0304,0.0054,0.5001,0.0003,0.5,0.0,2.5019,1.5,1.5
21.45,4.7559,0.0304,0.0054,0.5001,0.0003,0.5,0.0,2.5019,1.5,1.5
21.467,4.7726,0.0305,0.0054,0.5,-0.0002,0.5,0.0,2.5019,1.5,1.5
21.467,4.7726,0.0305,0.0054,0.5,-0.0002,0.5,0.0,2.5019,1.5,1.5
21.467,4.7726,0.0305,0.0054,0.5,-0.0002,0.5,0.0,2.5019,1.5,1.5
21.5,4.7809,0.0306,0.0054,0.4999,-0.0004,0.5,0.0,2.5019,1.5,1.5
21.5,4.7809,0.0306,0.0054,0.4999,-0.0004,0.5,0.0,2.5019,1.5,1.5
21.517,4.7976,0.0307,0.0053,0.4997,-0.0013,0.5,0.0,2.5019,1.5,1.5
21.533,4.8059,0.0307,0.0053,0.4997,-0.0013,0.5,0.0,2.5131,1.5,1.5
21.533,4.8059,0.0307,0.0053,0.4997,-0.0013,0.5,0.0,2.5131,1.5,1.5
21.533,4.8059,0.0307,0.0053,0.4997,-0.0013,0.5,0.0,2.5131,1.5,1.5
21.533,4.8059,0.0307,0.0053,0.4997,-0.0013,0.5,0.0,2.5131,1.5,1.5
21.567,4.8142,0.0308,0.0053,0.4996,-0.001,0.5,0.0,2.5131,1.5,1.5
21.583,4.8309,0.0309,0.0053,0.4995,-0.0016,0.5,0.0,2.5131,1.5,1.5
21.583,4.8309,0.0309,0.0053,0.4995,-0.0016,0.5,0.0,2.5131,1.5,1.5
21.583,4.8309,0.0309,0.0053,0.4995,-0.0016,0.5,0.0,2.5131,1.5,1.5
21.617,4.8392,0.0309,0.0052,0.4995,-0.0018,0.5,0.0,2.5131,1.5,1.5
21.617,4.8392,0.0309,0.0052,0.4995,-0.0018,0.5,0.0,2.4742,1.5,1.5
21.633,4.8559,0.031,0.0052,0.4995,-0.0016,0.5,0.0,2.4742,1.5,1.5
21.633,4.8559,0.031,0.0052,0.4995,-0.0016,0.5,0.0,2.4742,1.5,1.5
21.633,4.8559,0.031,0.0052,0.4995,-0.0016,0.5,0.0,2.4742,1.5,1.5
21.667,4.8642,0.0311,0.0051,0.4995,-0.0019,0.5,0.0,2.4742,1.5,1.5
21.667,4.8642,0.0311,0.0051,0.4995,-0.0019,0.5,0.0,2.4742,1.5,1.5
21.683,4.8809,0.0312,0.0051,0.4996,-0.0014,0.5,0.0,2.4742,1.5,1.5
21.7,4.8892,0.0312,0.0051,0.4997,-0.002,0.5,0.0,2.4742,1.5,1.5
21.7,4.8892,0.0312,0.0051,0.4997,-0.002,0.5,0.0,2.4742,1.5,1.5
21.7,4.8892,0.0312,0.0051,0.4997,-0.002,0.5,0.0,2.4742,1.5,1.5
21.733,4.8975,0.0313,0.0052,0.4997,-0.0013,0.5,0.0,2.517,1.5,1.5
21.733,4.8975,0.0313,0.0052,0.4997,-0.0013,0.5,0.0,2.517,1.5,1.5
21.75,4.9142,0.0314,0.0051,0.4999,-0.0019,0.5,0.0,2.517,1.5,1.5
21.75,4.9142,0.0314,0.0051,0.4999,-0.0019,0.5,0.0,2.517,1.5,1.5
21.75,4.9142,0.0314,0.0051,0.4999,-0.0019,0.5,0.0,2.517,1.5,1.5
21.783,4.9225,0.0314,0.0051,0.5,-0.0016,0.5,0.0,2.517,1.5,1.5
21.8,4.9392,0.0315,0.0051,0.5001,-0.0013,0.5,0.0,2.517,1.5,1.5
21.8,4.9392,0.0315,0.0051,0.5001,-0.0013,0.5,0.0,2.517,1.5,1.5
21.8,4.9392,0.0315,0.0051,0.5001,-0.0013,0.5,0.0,2.517,1.5,1.5
21.833,4.9475,0.0315,0.005,0.5002,-0.0011,0.5,0.0,2.4884,1.5,1.5
21.833,4.9475,0.0315,0.005,0.5002,-0.0011,0.5,0.0,2.4884,1.5,1.5
21.85,4.9642,0.0316,0.0051,0.5003,-0.0007,0.5,-0.0263,2.4884,1.5,1.5
21.85,4.9642,0.0316,0.0051,0.5003,-0.0007,0.5,-0.0263,2.4884,1.5,1.5
21.867,4.9726,0.0317,0.0051,0.5004,-0.0004,0.5,-0.0263,2.4884,1.5,1.5
21.867,4.9726,0.0317,0.0051,0.5004,-0.0004,0.5,-0.0263,2.4884,1.5,1.5
21.867,4.9726,0.0317,0.0051,0.5004,-0.0004,0.5,-0.0263,2.4884,1.5,1.5
21.9,4.9809,0.0317,0.0051,0.5005,-0.0002,0.5,-0.0263,2.4884,1.5,1.5
21.917,4.9976,0.0318,0.0051,0.5005,0.0009,0.5,-0.0263,2.4884,1.5,1.5
21.917,4.9976,0.0318,0.0051,0.5005,0.0009,0.5,-0.0263,2.4884,1.5,1.5
21.917,4.9976,0.0318,0.0051,0.5005,0.0009,0.5,-0.0263,2.471,1.5,1.5
21.95,5.006,0.0318,0.0052,0.5006,0.001,0.5,-0.0263,2.471,1.5,1.5
21.95,5.006,0.0318,0.0052,0.5006,0.001,0.5,-0.0263,2.471,1.5,1.5
21.95,5.006,0.0318,0.0052,0.5006,0.001,0.5,-0.0263,2.471,1.5,1.5
21.95,5.006,0.0318,0.0052,0.5006,0.001,0.5,-0.0263,2.471,1.5,1.5
21.967,5.0226,0.0319,0.0052,0.5007,0.0008,0.5,-0.0263,2.471,1.5,1.5
21.967,5.0226,0.0319,0.0052,0.5007,0.0008,0.5,-0.0263,2.471,1.5,1.5
21.967,5.0226,0.0319,0.0052,0.5007,0.0008,0.5,-0.0263,2.471,1.5,1.5
22.0,5.031,0.0319,0.0052,0.5008,0.0062,0.5,-0.0263,2.471,1.5,1.5
22.0,5.031,0.0319,0.0052,0.5008,0.0062,0.5,-0.0263,2.471,1.5,1.5
22.017,5.0477,0.032,0.0051,0.5007,0.0027,0.5,-0.0263,2.471,1.5,1.5
22.033,5.056,0.0321,0.005,0.5007,0.0014,0.5,-0.0263,2.6002,1.5,1.5
22.033,5.056,0.0321,0.005,0.5007,0.0014,0.5,-0.0263,2.6002,1.5,1.5
22.033,5.056,0.0321,0.005,0.5007,0.0014,0.5,-0.0263,2.6002,1.5,1.5
22.033,5.056,0.0321,0.005,0.5007,0.0014,0.5,-0.0263,2.6002,1.5,1.5
22.067,5.0644,0.0322,0.005,0.5007,0.0006,0.5,-0.0263,2.6002,1.5,1.5
22.083,5.0811,0.0323,0.0047,0.5007,-0.0009,0.5,-0.0263,2.6002,1.5,1.5
22.083,5.0811,0.0323,0.0047,0.5007,-0.0009,0.5,-0.0263,2.6002,1.5,1.5
22.083,5.0811,0.0323,0.0047,0.5007,-0.0009,0.5,-0.0263,2.6002,1.5,1.5
22.117,5.0894,0.0323,0.0046,0.5007,-0.0016,0.5,-0.0263,2.6002,1.5,1.5
22.117,5.0894,0.0323,0.0046,0.5007,-0.0016,0.5,-0.0263,2.4987,1.5,1.5
22.133,5.1061,0.0325,0.0042,0.5006,-0.0036,0.5,-0.0263,2.4987,1.5,1.5
22.133,5.1061,0.0325,0.0042,0.5006,-0.0036,0.5,-0.0789,2.4987,1.5,1.5
22.133,5.1061,0.0325,0.0042,0.5006,-0.0036,0.5,-0.0789,2.4987,1.5,1.5
22.167,5.1144,0.0325,0.0041,0.5005,-0.0045,0.5,-0.0789,2.4987,1.5,1.5
22.183,5.1311,0.0326,0.0038,0.5003,-0.0064,0.5,-0.0789,2.4987,1.5,1.5
22.183,5.1311,0.0326,0.0038,0.5003,-0.0064,0.5,-0.0789,2.4987,1.5,1.5
22.2,5.1395,0.0327,0.0036,0.5003,-0.0073,0.5,-0.0263,2.4987,1.5,1.5
22.2,5.1395,0.0327,0.0036,0.5003,-0.0073,0.5,-0.0263,2.4987,1.5,1.5
22.2,5.1395,0.0327,0.0036,0.5003,-0.0073,0.5,-0.0789,2.489,1.5,1.5
22.233,5.1478,0.0328,0.0033,0.5002,-0.0082,0.5,-0.0789,2.489,1.5,1.5
22.233,5.1478,0.0328,0.0033,0.5002,-0.0082,0.5,-0.0789,2.489,1.5,1.5
22.25,5.1645,0.0329,0.0027,0.5,-0.01,0.5,-0.0789,2.489,1.5,1.5
22.25,5.1645,0.0329,0.0027,0.5,-0.01,0.5,-0.0789,2.489,1.5,1.5
22.283,5.1728,0.033,0.0026,0.4999,-0.0109,0.5,-0.0789,2.489,1.5,1.5
22.283,5.1728,0.033,0.0026,0.4999,-0.0109,0.5,-0.0789,2.489,1.5,1.5
22.3,5.1895,0.0331,0.0014,0.5004,-0.0166,0.5,-0.0789,2.489,1.5,1.5
22.3,5.1895,0.0331,0.0014,0.5004,-0.0166,0.5,-0.0789,2.489,1.5,1.5
22.3,5.1895,0.0331,0.0014,0.5004,-0.0166,0.5,-0.0789,2.489,1.5,1.5
22.3,5.1895,0.0331,0.0014,0.5004,-0.0166,0.5,-0.0789,2.489,1.5,1.5
22.3,5.1895,0.0331,0.0014,0.5004,-0.0166,0.5,-0.0789,2.489,1.5,1.5
22.3,5.1895,0.0331,0.0014,0.5004,-0.0166,0.5,-0.0789,2.489,1.5,1.5
22.333,5.1978,0.0332,0.0007,0.5007,-0.0179,0.5,-0.0789,2.5217,1.5,1.5
22.333,5.1978,0.0332,0.0007,0.5007,-0.0179,0.5,-0.0789,2.5217,1.5,1.5
22.35,5.2145,0.0334,0.0,0.5003,-0.0272,0.5,-0.0263,2.5217,1.5,1.5
22.35,5.2145,0.0334,0.0,0.5003,-0.0272,0.5,-0.0263,2.5217,1.5,1.5
22.367,5.2228,0.0335,0.0,0.4987,-0.0164,0.5,-0.0263,2.5217,1.5,1.5
22.367,5.2228,0.0335,0.0,0.4987,-0.0164,0.5,-0.0263,2.5217,1.5,1.5
22.367,5.2228,0.0335,0.0,0.4987,-0.0164,0.5,-0.0263,2.5217,1.5,1.5
22.4,5.2311,0.0336,-0.001,0.4993,-0.0218,0.5,-0.0263,2.5217,1.5,1.5
22.4,5.2311,0.0336,-0.001,0.4993,-0.0218,0.5,-0.0263,2.5217,1.5,1.5
22.417,5.2478,0.0338,-0.0023,0.4984,-0.023,0.5,-0.0263,2.5457,1.5,1.5
22.417,5.2478,0.0338,-0.0023,0.4984,-0.023,0.5,-0.0263,2.5457,1.5,1.5
22.45,5.2561,0.0338,-0.0029,0.499,-0.0291,0.5,-0.0263,2.5457,1.5,1.5
22.45,5.2561,0.0338,-0.0029,0.499,-0.0291,0.5,-0.0263,2.5457,1.5,1.5
22.467,5.2727,0.034,-0.0044,0.501,-0.0392,0.5,-0.0263,2.5457,1.5,1.5
22.467,5.2727,0.034,-0.0044,0.501,-0.0392,0.5,-0.0263,2.5457,1.5,1.5
22.467,5.2727,0.034,-0.0044,0.501,-0.0392,0.5,-0.0263,2.5457,1.5,1.5
22.5,5.2811,0.0341,-0.005,0.5001,-0.0373,0.5,-0.0263,2.5457,1.5,1.5
22.5,5.2811,0.0341,-0.005,0.5001,-0.0373,0.5,-0.0263,2.5457,1.5,1.5
22.517,5.2977,0.0342,-0.0063,0.4997,-0.0382,0.5,-0.0263,2.5457,1.5,1.5
22.533,5.3061,0.0342,-0.0069,0.4995,-0.038,0.5,-0.0263,2.5472,1.5,1.5
22.533,5.3061,0.0342,-0.0069,0.4995,-0.038,0.5,-0.0263,2.5472,1.5,1.5
22.533,5.3061,0.0342,-0.0069,0.4995,-0.038,0.5,-0.0263,2.5472,1.5,1.5
22.533,5.3061,0.0342,-0.0069,0.4995,-0.038,0.5,-0.0263,2.5472,1.5,1.5
22.533,5.3061,0.0342,-0.0069,0.4995,-0.038,0.5,-0.0263,2.5472,1.5,1.5
22.567,5.3144,0.0342,-0.0075,0.4996,-0.0376,0.5,-0.0263,2.5472,1.5,1.5
22.567,5.3144,0.0342,-0.0075,0.4996,-0.0376,0.5,-0.0263,2.5472,1.5,1.5
22.583,5.3311,0.0343,-0.0087,0.4996,-0.037,0.5,-0.0263,2.5472,1.5,1.5
22.583,5.3311,0.0343,-0.0087,0.4996,-0.037,0.5,-0.0263,2.5472,1.5,1.5
22.583,5.3311,0.0343,-0.0087,0.4996,-0.037,0.5,-0.0263,2.5472,1.5,1.5
22.617,5.3394,0.0343,-0.0093,0.4998,-0.0369,0.5,-0.0263,2.5472,1.5,1.5
22.617,5.3394,0.0343,-0.0093,0.4998,-0.0369,0.5,-0.0263,2.5787,1.5,1.5
22.633,5.3561,0.0343,-0.0104,0.5,-0.0361,0.5,-0.0263,2.5787,1.5,1.5
22.633,5.3561,0.0343,-0.0104,0.5,-0.0361,0.5,0.0,2.5787,1.5,1.5
22.633,5.3561,0.0343,-0.0104,0.5,-0.0361,0.5,0.0,2.5787,1.5,1.5
22.667,5.3644,0.0343,-0.011,0.5,-0.0351,0.5,0.0,2.5787,1.5,1.5
22.667,5.3644,0.0343,-0.011,0.5,-0.0351,0.5,0.0,2.5787,1.5,1.5
22.683,5.3811,0.0343,-0.0122,0.5002,-0.0348,0.5,0.0,2.5787,1.5,1.5
22.7,5.3894,0.0343,-0.0127,0.5002,-0.0349,0.5,0.0,2.5787,1.5,1.5
22.7,5.3894,0.0343,-0.0127,0.5002,-0.0349,0.5,0.0,2.5787,1.5,1.5
22.7,5.3894,0.0343,-0.0127,0.5002,-0.0349,0.5,0.0,2.5787,1.5,1.5
22.733,5.3978,0.0343,-0.0133,0.5002,-0.0348,0.5,0.0,2.6174,1.5,1.5
22.733,5.3978,0.0343,-0.0133,0.5002,-0.0348,0.5,0.0,2.6174,1.5,1.5
22.75,5.4144,0.0342,-0.0144,0.5002,-0.034,0.5,0.0,2.6174,1.5,1.5
22.75,5.4144,0.0342,-0.0144,0.5002,-0.034,0.5,0.0,2.6174,1.5,1.5
22.75,5.4144,0.0342,-0.0144,0.5002,-0.034,0.5,0.0,2.6174,1.5,1.5
22.783,5.4228,0.0341,-0.0149,0.5004,-0.0339,0.5,0.0,2.6174,1.5,1.5
22.783,5.4228,0.0341,-0.0149,0.5004,-0.0339,0.5,0.0263,2.6174,1.5,1.5
22.8,5.4395,0.034,-0.0158,0.5008,-0.0281,0.5,0.0263,2.6174,1.5,1.5
22.8,5.4395,0.034,-0.0158,0.5008,-0.0281,0.5,0.0263,2.6174,1.5,1.5
22.8,5.4395,0.034,-0.0158,0.5008,-0.0281,0.5,0.0263,2.6132,1.5,1.5
22.833,5.4478,0.034,-0.0162,0.5006,-0.0269,0.5,0.0263,2.6132,1.5,1.5
22.85,5.4645,0.0338,-0.017,0.5006,-0.0258,0.5,0.0,2.6132,1.5,1.5
22.85,5.4645,0.0338,-0.017,0.5006,-0.0258,0.5,0.0,2.6132,1.5,1.5
22.867,5.4728,0.0337,-0.0174,0.5004,-0.0251,0.5,0.0,2.6132,1.5,1.5
22.867,5.4728,0.0337,-0.0174,0.5004,-0.0251,0.5,0.0,2.6132,1.5,1.5
22.867,5.4728,0.0337,-0.0174,0.5004,-0.0251,0.5,0.0,2.6132,1.5,1.5
22.9,5.4812,0.0336,-0.0178,0.5006,-0.0236,0.5,0.0,2.6132,1.5,1.5
22.9,5.4812,0.0336,-0.0178,0.5006,-0.0236,0.5,0.0,2.6132,1.5,1.5
22.917,5.4979,0.0334,-0.0185,0.5,-0.0259,0.5,0.0,2.6132,1.5,1.5
22.917,5.4979,0.0334,-0.0185,0.5,-0.0259,0.5,0.0,2.6639,1.5,1.5
22.917,5.4979,0.0334,-0.0185,0.5,-0.0259,0.5,0.0,2.6639,1.5,1.5
22.95,5.5062,0.0333,-0.0187,0.4996,-0.0238,0.5,0.0,2.6639,1.5,1.5
22.967,5.5229,0.033,-0.0191,0.5003,-0.0156,0.5,0.0,2.6639,1.5,1.5
22.967,5.5229,0.033,-0.0191,0.5003,-0.0156,0.5,0.0,2.6639,1.5,1.5
22.967,5.5229,0.033,-0.0191,0.5003,-0.0156,0.5,0.0,2.6639,1.5,1.5
22.967,5.5229,0.033,-0.0191,0.5003,-0.0156,0.5,0.0,2.6639,1.5,1.5
23.0,5.5312,0.0329,-0.0194,0.5003,-0.0207,0.5,0.0,2.6639,1.5,1.5
23.0,5.5312,0.0329,-0.0194,0.5003,-0.0207,0.5,0.0,2.6639,1.5,1.5
23.017,5.5479,0.0327,-0.0199,0.5002,-0.0177,0.5,0.0,2.6639,1.5,1.5
23.017,5.5479,0.0327,-0.0199,0.5002,-0.0177,0.5,0.0,2.6789,1.5,1.5
23.033,5.5562,0.0325,-0.0202,0.5001,-0.0177,0.5,0.0,2.6789,1.5,1.5
23.033,5.5562,0.0325,-0.0202,0.5001,-0.0177,0.5,0.0,2.6789,1.5,1.5
23.033,5.5562,0.0325,-0.0202,0.5001,-0.0177,0.5,0.0,2.6789,1.5,1.5
23.067,5.5645,0.0324,-0.0204,0.5,-0.017,0.5,0.0,2.6789,1.5,1.5
23.067,5.5645,0.0324,-0.0204,0.5,-0.017,0.5,0.0,2.6789,1.5,1.5
23.083,5.5812,0.0321,-0.0209,0.4999,-0.0163,0.5,0.0,2.6789,1.5,1.5
23.083,5.5812,0.0321,-0.0209,0.4999,-0.0163,0.5,0.0,2.6789,1.5,1.5
23.083,5.5812,0.0321,-0.0209,0.4999,-0.0163,0.5,0.0,2.6789,1.5,1.5
23.117,5.5895,0.032,-0.0211,0.4998,-0.016,0.5,0.0,2.6789,1.5,1.5
23.133,5.6062,0.0317,-0.0216,0.4997,-0.0154,0.5,0.0,2.59,1.5,1.5
23.133,5.6062,0.0317,-0.0216,0.4997,-0.0154,0.5,0.0,2.59,1.5,1.5
23.133,5.6062,0.0317,-0.0216,0.4997,-0.0154,0.5,0.0789,2.59,1.5,1.5
23.133,5.6062,0.0317,-0.0216,0.4997,-0.0154,0.5,0.0789,2.59,1.5,1.5
23.133,5.6062,0.0317,-0.0216,0.4997,-0.0154,0.5,0.0789,2.59,1.5,1.5
23.167,5.6145,0.0316,-0.0218,0.4997,-0.0151,0.5,0.0789,2.59,1.5,1.5
23.167,5.6145,0.0316,-0.0218,0.4997,-0.0151,0.5,0.0789,2.59,1.5,1.5
23.183,5.6312,0.0313,-0.0222,0.4996,-0.0153,0.5,0.0789,2.59,1.5,1.5
23.183,5.6312,0.0313,-0.0222,0.4996,-0.0153,0.5,0.0789,2.59,1.5,1.5
23.2,5.6395,0.0311,-0.0224,0.4995,-0.0137,0.5,0.0789,2.59,1.5,1.5
23.2,5.6395,0.0311,-0.0224,0.4995,-0.0137,0.5,0.0789,2.59,1.5,1.5
23.2,5.6395,0.0311,-0.0224,0.4995,-0.0137,0.5,0.0789,2.6283,1.5,1.5
23.233,5.6478,0.031,-0.0226,0.4995,-0.0143,0.5,0.0789,2.6283,1.5,1.5
23.233,5.6478,0.031,-0.0226,0.4995,-0.0143,0.5,0.0789,2.6283,1.5,1.5
23.25,5.6645,0.0306,-0.0229,0.4995,-0.0135,0.5,0.0789,2.6283,1.5,1.5
23.25,5.6645,0.0306,-0.0229,0.4995,-0.0135,0.5,0.0789,2.6283,1.5,1.5
23.283,5.6728,0.0304,-0.0229,0.4995,-0.0082,0.5,0.0789,2.6283,1.5,1.5
23.283,5.6728,0.0304,-0.0229,0.4995,-0.0082,0.5,0.0789,2.6283,1.5,1.5
23.3,5.6894,0.03,-0.0226,0.4993,0.0003,0.5,0.0789,2.6283,1.5,1.5
23.3,5.6894,0.03,-0.0226,0.4993,0.0003,0.5,0.0789,2.6283,1.5,1.5
23.3,5.6894,0.03,-0.0226,0.4993,0.0003,0.5,0.0789,2.6283,1.5,1.5
23.333,5.6978,0.0298,-0.0223,0.4999,0.001,0.5,0.0789,2.6047,1.5,1.5
23.333,5.6978,0.0298,-0.0223,0.4999,0.001,0.5,0.0789,2.6047,1.5,1.5
23.35,5.7144,0.0293,-0.0217,0.5009,0.0081,0.5,0.0789,2.6047,1.5,1.5
23.367,5.7228,0.0291,-0.0214,0.5007,0.0101,0.5,0.0789,2.6047,1.5,1.5
23.367,5.7228,0.0291,-0.0214,0.5007,0.0101,0.5,0.0789,2.6047,1.5,1.5
23.367,5.7228,0.0291,-0.0214,0.5007,0.0101,0.5,0.0789,2.6047,1.5,1.5
23.4,5.7311,0.0288,-0.0209,0.5012,0.0107,0.5,0.0789,2.6047,1.5,1.5
23.4,5.7311,0.0288,-0.0209,0.5012,0.0107,0.5,0.0789,2.6047,1.5,1.5
23.417,5.7478,0.0284,-0.02,0.5001,0.0187,0.5,0.0789,2.6047,1.5,1.5
23.417,5.7478,0.0284,-0.02,0.5001,0.0187,0.5,0.0789,2.6105,1.5,1.5
23.417,5.7478,0.0284,-0.02,0.5001,0.0187,0.5,0.0789,2.6105,1.5,1.5
23.45,5.7562,0.0281,-0.0194,0.5007,0.0214,0.5,0.0789,2.6105,1.5,1.5
23.45,5.7562,0.0281,-0.0194,0.5007,0.0214,0.5,0.0789,2.6105,1.5,1.5
23.467,5.7728,0.0276,-0.0183,0.5009,0.026,0.5,0.0789,2.6105,1.5,1.5
23.467,5.7728,0.0276,-0.0183,0.5009,0.026,0.5,0.0789,2.6105,1.5,1.5
23.467,5.7728,0.0276,-0.0183,0.5009,0.026,0.5,0.0789,2.6105,1.5,1.5
23.5,5.7812,0.0274,-0.0176,0.5013,0.0257,0.5,0.0789,2.6105,1.5,1.5
23.5,5.7812,0.0274,-0.0176,0.5013,0.0257,0.5,0.0789,2.6105,1.5,1.5
23.517,5.7979,0.0269,-0.0162,0.5016,0.0301,0.5,0.0789,2.6105,1.5,1.5
23.533,5.8063,0.0266,-0.0155,0.5017,0.0324,0.5,0.0789,2.5942,1.5,1.5
23.533,5.8063,0.0266,-0.0155,0.5017,0.0324,0.5,0.0789,2.5942,1.5,1.5
23.533,5.8063,0.0266,-0.0155,0.5017,0.0324,0.5,0.0789,2.5942,1.5,1.5
23.567,5.8146,0.0264,-0.0147,0.5015,0.0326,0.5,0.0789,2.5942,1.5,1.5
23.567,5.8146,0.0264,-0.0147,0.5015,0.0326,0.5,0.0789,2.5942,1.5,1.5
23.583,5.8313,0.0259,-0.0131,0.4996,0.0354,0.5,0.0789,2.5942,1.5,1.5
23.583,5.8313,0.0259,-0.0131,0.4996,0.0354,0.5,0.0789,2.5942,1.5,1.5
23.583,5.8313,0.0259,-0.0131,0.4996,0.0354,0.5,0.0263,2.5942,1.5,1.5
23.617,5.8397,0.0257,-0.0123,0.5012,0.0397,0.5,0.0263,2.5942,1.5,1.5
23.633,5.8564,0.0252,-0.0106,0.5026,0.0614,0.5,0.0,2.6329,1.5,1.5
23.633,5.8564,0.0252,-0.0106,0.5026,0.0614,0.5,0.0,2.6329,1.5,1.5
23.633,5.8564,0.0252,-0.0106,0.5026,0.0614,0.5,0.0,2.6329,1.5,1.5
23.667,5.8647,0.025,-0.0096,0.5014,0.0488,0.5,0.0,2.6329,1.5,1.5
23.667,5.8647,0.025,-0.0096,0.5014,0.0488,0.5,0.0,2.6329,1.5,1.5
23.683,5.8814,0.0245,-0.0078,0.4989,0.0503,0.5,0.0,2.6329,1.5,1.5
23.683,5.8814,0.0245,-0.0078,0.4989,0.0503,0.5,0.0,2.6329,1.5,1.5
23.7,5.8898,0.0243,-0.0067,0.4989,0.0553,0.5,0.0,2.6329,1.5,1.5
23.7,5.8898,0.0243,-0.0067,0.4989,0.0553,0.5,0.0,2.6329,1.5,1.5
23.7,5.8898,0.0243,-0.0067,0.4989,0.0553,0.5,0.0,2.6329,1.5,1.5
23.733,5.8981,0.0241,-0.0058,0.4998,0.0532,0.5,0.0,2.6329,1.5,1.5
23.75,5.9148,0.0238,-0.004,0.4994,0.058,0.5,0.0,2.6329,1.5,1.5
23.75,5.9148,0.0238,-0.004,0.4994,0.058,0.5,0.0,2.6329,1.5,1.5
23.75,5.9148,0.0238,-0.004,0.4994,0.058,0.5,0.0,2.6329,1.5,1.5
23.75,5.9148,0.0238,-0.004,0.4994,0.058,0.5,0.0,2.6329,1.5,1.5
23.75,5.9148,0.0238,-0.004,0.4994,0.058,0.5,0.0,2.6329,1.5,1.5
23.783,5.9231,0.0236,-0.0032,0.4993,0.0553,0.5,0.0,2.6329,1.5,1.5
23.783,5.9231,0.0236,-0.0032,0.4993,0.0553,0.5,0.0,2.6329,1.5,1.5
23.8,5.9397,0.0233,-0.0015,0.4988,0.0537,0.5,0.0,2.6329,1.5,1.5
23.8,5.9397,0.0233,-0.0015,0.4988,0.0537,0.5,0.0,2.6329,1.5,1.5
23.8,5.9397,0.0233,-0.0015,0.4988,0.0537,0.5,0.0,2.6329,1.5,1.5
23.833,5.9481,0.0232,-0.0007,0.5001,0.0417,0.5,0.0,2.5785,1.5,1.5
23.833,5.9481,0.0232,-0.0007,0.5001,0.0417,0.5,0.0,2.5785,1.5,1.5
23.85,5.9647,0.023,0.0,0.5005,0.0359,0.5,0.0,2.5785,1.5,1.5
23.85,5.9647,0.023,0.0,0.5005,0.0359,0.5,0.0,2.5785,1.5,1.5
23.867,5.9731,0.023,0.0,0.5007,0.0368,0.5,0.0,2.5785,1.5,1.5
23.867,5.9731,0.023,0.0,0.5007,0.0368,0.5,0.0,2.5785,1.5,1.5
23.867,5.9731,0.023,0.0,0.5007,0.0368,0.5,0.0,2.5785,1.5,1.5
23.9,5.9814,0.0229,0.0007,0.5001,0.0339,0.5,0.0,2.5785,1.5,1.5
23.917,5.9981,0.0228,0.002,0.5,0.0312,0.5,0.0,2.5785,1.5,1.5
23.917,5.9981,0.0228,0.002,0.5,0.0312,0.5,0.0,2.5785,1.5,1.5
23.917,5.9981,0.0228,0.002,0.5,0.0312,0.5,0.0,2.5444,1.5,1.5
23.95,6.0064,0.0227,0.0025,0.4998,0.0301,0.5,0.0,2.5444,1.5,1.5
23.95,6.0064,0.0227,0.0025,0.4998,0.0301,0.5,0.0,2.5444,1.5,1.5
23.967,6.0231,0.0226,0.0034,0.4997,0.0287,0.5,0.0,2.5444,1.5,1.5
23.967,6.0231,0.0226,0.0034,0.4997,0.0287,0.5,0.0,2.5444,1.5,1.5
23.967,6.0231,0.0226,0.0034,0.4997,0.0287,0.5,0.0,2.5444,1.5,1.5
24.0,6.0314,0.0226,0.0037,0.4997,0.0271,0.5,0.0,2.5444,1.5,1.5
24.0,6.0314,0.0226,0.0037,0.4997,0.0271,0.5,0.0,2.5444,1.5,1.5
24.017,6.0481,0.0226,0.0045,0.4995,0.025,0.5,0.0,2.5444,1.5,1.5
24.033,6.0564,0.0226,0.0049,0.4997,0.024,0.5,0.0,2.5518,1.5,1.5
24.033,6.0564,0.0226,0.0049,0.4997,0.024,0.5,0.0,2.5518,1.5,1.5
24.033,6.0564,0.0226,0.0049,0.4997,0.024,0.5,0.0,2.5518,1.5,1.5
24.067,6.0647,0.0225,0.0053,0.4995,0.0234,0.5,0.0,2.5518,1.5,1.5
24.067,6.0647,0.0225,0.0053,0.4995,0.0234,0.5,0.0,2.5518,1.5,1.5
24.083,6.0814,0.0225,0.0059,0.4994,0.0232,0.5,0.0,2.5518,1.5,1.5
24.083,6.0814,0.0225,0.0059,0.4994,0.0232,0.5,0.0,2.5518,1.5,1.5
24.083,6.0814,0.0225,0.0059,0.4994,0.0232,0.5,0.0,2.5518,1.5,1.5
24.117,6.0897,0.0225,0.0063,0.4995,0.021,0.5,0.0,2.5518,1.5,1.5
24.117,6.0897,0.0225,0.0063,0.4995,0.021,0.5,0.0,2.5052,1.5,1.5
24.133,6.1064,0.0226,0.0068,0.499,0.025,0.5,0.0,2.5052,1.5,1.5
24.133,6.1064,0.0226,0.0068,0.499,0.025,0.5,-0.0263,2.5052,1.5,1.5
24.167,6.1147,0.0226,0.0071,0.4993,0.0216,0.5,-0.0263,2.5052,1.5,1.5
24.167,6.1147,0.0226,0.0071,0.4993,0.0216,0.5,-0.0263,2.5052,1.5,1.5
24.183,6.1313,0.0226,0.0078,0.4993,0.0207,0.5,-0.0263,2.5052,1.5,1.5
24.183,6.1313,0.0226,0.0078,0.4993,0.0207,0.5,-0.0263,2.5052,1.5,1.5
24.2,6.1397,0.0226,0.0081,0.4993,0.0221,0.5,-0.0263,2.5052,1.5,1.5
24.2,6.1397,0.0226,0.0081,0.4993,0.0221,0.5,-0.0263,2.5052,1.5,1.5
24.2,6.1397,0.0226,0.0081,0.4993,0.0221,0.5,-0.0263,2.4993,1.5,1.5
24.233,6.148,0.0226,0.0084,0.4994,0.0203,0.5,-0.0263,2.4993,1.5,1.5
24.233,6.148,0.0226,0.0084,0.4994,0.0203,0.5,-0.0263,2.4993,1.5,1.5
24.25,6.1647,0.0227,0.0089,0.5001,0.0186,0.5,-0.0263,2.4993,1.5,1.5
24.25,6.1647,0.0227,0.0089,0.5001,0.0186,0.5,-0.0263,2.4993,1.5,1.5
24.25,6.1647,0.0227,0.0089,0.5001,0.0186,0.5,-0.0263,2.4993,1.5,1.5
24.283,6.173,0.0227,0.0092,0.5002,0.0178,0.5,-0.0263,2.4993,1.5,1.5
24.3,6.1897,0.0228,0.0095,0.5002,0.014,0.5,-0.0263,2.4993,1.5,1.5
24.3,6.1897,0.0228,0.0095,0.5002,0.014,0.5,-0.0263,2.4993,1.5,1.5
24.3,6.1897,0.0228,0.0095,0.5002,0.014,0.5,-0.0263,2.4993,1.5,1.5
24.333,6.198,0.0229,0.0096,0.5005,0.0128,0.5,-0.0263,2.5209,1.5,1.5
24.333,6.198,0.0229,0.0096,0.5005,0.0128,0.5,-0.0263,2.5209,1.5,1.5
24.35,6.2147,0.023,0.0099,0.5007,0.0135,0.5,-0.0789,2.5209,1.5,1.5
24.367,6.2231,0.0231,0.0099,0.5006,0.0117,0.5,-0.0789,2.5209,1.5,1.5
24.367,6.2231,0.0231,0.0099,0.5006,0.0117,0.5,-0.0789,2.5209,1.5,1.5
24.367,6.2231,0.0231,0.0099,0.5006,0.0117,0.5,-0.0789,2.5209,1.5,1.5
24.367,6.2231,0.0231,0.0099,0.5006,0.0117,0.5,-0.0789,2.5209,1.5,1.5
24.367,6.2231,0.0231,0.0099,0.5006,0.0117,0.5,-0.0789,2.5209,1.5,1.5
24.4,6.2314,0.0232,0.01,0.5006,0.0113,0.5,-0.0789,2.5209,1.5,1.5
24.4,6.2314,0.0232,0.01,0.5006,0.0113,0.5,-0.0789,2.5209,1.5,1.5
24.417,6.2481,0.0233,0.0101,0.5008,0.0101,0.5,-0.0263,2.5209,1.5,1.5
24.417,6.2481,0.0233,0.0101,0.5008,0.0101,0.5,-0.0789,2.456,1.5,1.5
24.417,6.2481,0.0233,0.0101,0.5008,0.0101,0.5,-0.0789,2.456,1.5,1.5
24.45,6.2565,0.0234,0.0102,0.5009,0.0088,0.5,-0.0789,2.456,1.5,1.5
24.45,6.2565,0.0234,0.0102,0.5009,0.0088,0.5,-0.0789,2.456,1.5,1.5
24.467,6.2732,0.0236,0.0102,0.5008,0.0073,0.5,-0.0789,2.456,1.5,1.5
24.467,6.2732,0.0236,0.0102,0.5008,0.0073,0.5,-0.0789,2.456,1.5,1.5
24.467,6.2732,0.0236,0.0102,0.5008,0.0073,0.5,-0.0789,2.456,1.5,1.5
24.5,6.2815,0.0237,0.01,0.5009,0.0065,0.5,-0.0789,2.456,1.5,1.5
24.5,6.2815,0.0237,0.01,0.5009,0.0065,0.5,-0.0789,2.456,1.5,1.5
24.517,6.2982,0.0239,0.0095,0.5019,-0.0037,0.5,-0.0263,2.456,1.5,1.5
24.533,6.3066,0.024,0.0092,0.5011,-0.0071,0.5,-0.0789,2.4888,1.5,1.5
24.533,6.3066,0.024,0.0092,0.5011,-0.0071,0.5,-0.0789,2.4888,1.5,1.5
24.533,6.3066,0.024,0.0092,0.5011,-0.0071,0.5,-0.0789,2.4888,1.5,1.5
24.567,6.3149,0.0242,0.009,0.5008,-0.0073,0.5,-0.0789,2.4888,1.5,1.5
24.567,6.3149,0.0242,0.009,0.5008,-0.0073,0.5,-0.0789,2.4888,1.5,1.5
24.583,6.3316,0.0244,0.0082,0.5008,-0.0139,0.5,-0.0789,2.4888,1.5,1.5
24.583,6.3316,0.0244,0.0082,0.5008,-0.0139,0.5,-0.0789,2.4888,1.5,1.5
24.583,6.3316,0.0244,0.0082,0.5008,-0.0139,0.5,-0.0263,2.4888,1.5,1.5
24.617,6.3399,0.0246,0.0078,0.5005,-0.0166,0.5,-0.0263,2.4888,1.5,1.5
24.617,6.3399,0.0246,0.0078,0.5005,-0.0166,0.5,-0.0263,2.5604,1.5,1.5
24.633,6.3566,0.0248,0.0067,0.5008,-0.0206,0.5,-0.0789,2.5604,1.5,1.5
24.633,6.3566,0.0248,0.0067,0.5008,-0.0206,0.5,-0.0789,2.5604,1.5,1.5
24.633,6.3566,0.0248,0.0067,0.5008,-0.0206,0.5,-0.0789,2.5604,1.5,1.5
24.667,6.365,0.025,0.0063,0.5013,-0.0231,0.5,-0.0789,2.5604,1.5,1.5
24.683,6.3816,0.0253,0.005,0.5013,-0.0249,0.5,-0.0789,2.5604,1.5,1.5
24.683,6.3816,0.0253,0.005,0.5013,-0.0249,0.5,-0.0789,2.5604,1.5,1.5
24.7,6.39,0.0254,0.0044,0.5012,-0.0249,0.5,-0.0263,2.5604,1.5,1.5
24.7,6.39,0.0254,0.0044,0.5012,-0.0249,0.5,-0.0789,2.5604,1.5,1.5
24.7,6.39,0.0254,0.0044,0.5012,-0.0249,0.5,-0.0789,2.5604,1.5,1.5
24.733,6.3983,0.0255,0.0037,0.5011,-0.0277,0.5,-0.0789,2.5535,1.5,1.5
24.733,6.3983,0.0255,0.0037,0.5011,-0.0277,0.5,-0.0789,2.5535,1.5,1.5
24.75,6.415,0.0258,0.0025,0.5,-0.0387,0.5,-0.0789,2.5535,1.5,1.5
24.75,6.415,0.0258,0.0025,0.5,-0.0387,0.5,-0.0789,2.5535,1.5,1.5
24.75,6.415,0.0258,0.0025,0.5,-0.0387,0.5,-0.0789,2.5535,1.5,1.5
24.783,6.4233,0.0259,0.002,0.4993,-0.036,0.5,-0.0789,2.5535,1.5,1.5
24.8,6.44,0.0261,0.0007,0.5002,-0.0312,0.5,-0.0789,2.5535,1.5,1.5
24.8,6.44,0.0261,0.0007,0.5002,-0.0312,0.5,-0.0789,2.5535,1.5,1.5
24.8,6.44,0.0261,0.0007,0.5002,-0.0312,0.5,-0.0789,2.5535,1.5,1.5
24.833,6.4483,0.0262,0.0,0.501,-0.0316,0.5,-0.0789,2.5369,1.5,1.5
24.833,6.4483,0.0262,0.0,0.501,-0.0316,0.5,-0.0789,2.5369,1.5,1.5
24.85,6.465,0.0265,-0.0017,0.4998,-0.0388,0.5,-0.0789,2.5369,1.5,1.5
24.85,6.465,0.0265,-0.0017,0.4998,-0.0388,0.5,-0.0263,2.5369,1.5,1.5
24.867,6.4733,0.0266,-0.0023,0.5007,-0.0335,0.5,-0.0263,2.5369,1.5,1.5
24.867,6.4733,0.0266,-0.0023,0.5007,-0.0335,0.5,-0.0263,2.5369,1.5,1.5
24.9,6.4817,0.0267,-0.0032,0.5016,-0.055,0.5,-0.0263,2.5369,1.5,1.5
24.9,6.4817,0.0267,-0.0032,0.5016,-0.055,0.5,-0.0263,2.5369,1.5,1.5
24.917,6.4983,0.0269,-0.005,0.5006,-0.0448,0.5,-0.0263,2.5369,1.5,1.5
24.917,6.4983,0.0269,-0.005,0.5006,-0.0448,0.5,-0.0263,2.5608,1.5,1.5
24.917,6.4983,0.0269,-0.005,0.5006,-0.0448,0.5,-0.0263,2.5608,1.5,1.5
24.95,6.5067,0.027,-0.0059,0.4992,-0.0574,0.5,-0.0263,2.5608,1.5,1.5
24.95,6.5067,0.027,-0.0059,0.4992,-0.0574,0.5,-0.0263,2.5608,1.5,1.5
24.967,6.5233,0.0271,-0.0077,0.5,-0.0569,0.5,-0.0263,2.5608,1.5,1.5
24.967,6.5233,0.0271,-0.0077,0.5,-0.0569,0.5,-0.0263,2.5608,1.5,1.5
24.967,6.5233,0.0271,-0.0077,0.5,-0.0569,0.5,-0.0263,2.5608,1.5,1.5
25.0,6.5317,0.0272,-0.0088,0.5003,-0.052,0.5,-0.0263,2.5608,1.5,1.5
25.0,6.5317,0.0272,-0.0088,0.5003,-0.052,0.5,-0.0263,2.5608,1.5,1.5
25.0,6.5317,0.0272,-0.0088,0.5003,-0.052,0.5,-0.0263,2.5608,1.5,1.5
25.017,6.5483,0.0273,-0.0105,0.4996,-0.0632,0.5,-0.0263,2.5608,1.5,1.5
25.033,6.5567,0.0273,-0.0113,0.4995,-0.0576,0.5,-0.0263,2.6342,1.5,1.5
25.033,6.5567,0.0273,-0.0113,0.4995,-0.0576,0.5,-0.0263,2.6342,1.5,1.5
25.033,6.5567,0.0273,-0.0113,0.4995,-0.0576,0.5,-0.0263,2.6342,1.5,1.5
25.033,6.5567,0.0273,-0.0113,0.4995,-0.0576,0.5,-0.0263,2.6342,1.5,1.5
25.067,6.565,0.0274,-0.0121,0.4989,-0.0512,0.5,-0.0263,2.6342,1.5,1.5
25.083,6.5817,0.0274,-0.0137,0.5005,-0.0586,0.5,-0.0263,2.6342,1.5,1.5
25.083,6.5817,0.0274,-0.0137,0.5005,-0.0586,0.5,-0.0263,2.6342,1.5,1.5
25.083,6.5817,0.0274,-0.0137,0.5005,-0.0586,0.5,-0.0263,2.6342,1.5,1.5
25.117,6.59,0.0274,-0.0146,0.5017,-0.0547,0.5,-0.0263,2.6342,1.5,1.5
25.117,6.59,0.0274,-0.0146,0.5017,-0.0547,0.5,-0.0263,2.6342,1.5,1.5
25.133,6.6067,0.0274,-0.0161,0.5014,-0.0519,0.5,-0.0263,2.6216,1.5,1.5
25.133,6.6067,0.0274,-0.0161,0.5014,-0.0519,0.5,-0.0263,2.6216,1.5,1.5
25.133,6.6067,0.0274,-0.0161,0.5014,-0.0519,0.5,-0.0263,2.6216,1.5,1.5
25.167,6.6151,0.0274,-0.0168,0.5011,-0.0618,0.5,-0.0263,2.6216,1.5,1.5
25.167,6.6151,0.0274,-0.0168,0.5011,-0.0618,0.5,-0.0263,2.6216,1.5,1.5
25.183,6.6318,0.0273,-0.0183,0.501,-0.0478,0.5,-0.0263,2.6216,1.5,1.5
25.2,6.6401,0.0272,-0.019,0.5011,-0.048,0.5,-0.0263,2.6216,1.5,1.5
25.2,6.6401,0.0272,-0.019,0.5011,-0.048,0.5,-0.0263,2.6216,1.5,1.5
25.2,6.6401,0.0272,-0.019,0.5011,-0.048,0.5,-0.0263,2.6216,1.5,1.5
25.233,6.6485,0.0272,-0.0197,0.5008,-0.0459,0.5,-0.0263,2.6836,1.5,1.5
25.233,6.6485,0.0272,-0.0197,0.5008,-0.0459,0.5,-0.0263,2.6836,1.5,1.5
25.25,6.6652,0.027,-0.0211,0.5004,-0.0391,0.5,-0.0263,2.6836,1.5,1.5
25.25,6.6652,0.027,-0.0211,0.5004,-0.0391,0.5,-0.0263,2.6836,1.5,1.5
25.25,6.6652,0.027,-0.0211,0.5004,-0.0391,0.5,-0.0263,2.6836,1.5,1.5
25.283,6.6735,0.027,-0.0217,0.5006,-0.0379,0.5,-0.0263,2.6836,1.5,1.5
25.283,6.6735,0.027,-0.0217,0.5006,-0.0379,0.5,-0.0263,2.6836,1.5,1.5
25.3,6.6902,0.0268,-0.023,0.5006,-0.0375,0.5,-0.0263,2.6836,1.5,1.5
25.3,6.6902,0.0268,-0.023,0.5006,-0.0375,0.5,0.0263,2.6836,1.5,1.5
25.3,6.6902,0.0268,-0.023,0.5006,-0.0375,0.5,0.0263,2.6836,1.5,1.5
25.333,6.6985,0.0267,-0.0237,0.5004,-0.0369,0.5,0.0263,2.621,1.5,1.5
25.35,6.7152,0.0265,-0.0249,0.5005,-0.0363,0.5,0.0263,2.621,1.5,1.5
25.35,6.7152,0.0265,-0.0249,0.5005,-0.0363,0.5,0.0263,2.621,1.5,1.5
25.367,6.7235,0.0264,-0.0256,0.5003,-0.0358,0.5,0.0263,2.621,1.5,1.5
25.367,6.7235,0.0264,-0.0256,0.5003,-0.0358,0.5,0.0263,2.621,1.5,1.5
25.367,6.7235,0.0264,-0.0256,0.5003,-0.0358,0.5,0.0263,2.621,1.5,1.5
25.4,6.7319,0.0262,-0.0262,0.5004,-0.0357,0.5,0.0263,2.621,1.5,1.5
25.4,6.7319,0.0262,-0.0262,0.5004,-0.0357,0.5,0.0263,2.621,1.5,1.5
25.417,6.7486,0.026,-0.0274,0.5001,-0.0388,0.5,0.0263,2.621,1.5,1.5
25.417,6.7486,0.026,-0.0274,0.5001,-0.0388,0.5,0.0263,2.6138,1.5,1.5
25.417,6.7486,0.026,-0.0274,0.5001,-0.0388,0.5,0.0263,2.6138,1.5,1.5
25.45,6.7569,0.0259,-0.0281,0.4996,-0.0422,0.5,0.0263,2.6138,1.5,1.5
25.467,6.7735,0.0255,-0.029,0.4999,-0.0289,0.5,0.0263,2.6138,1.5,1.5
25.467,6.7735,0.0255,-0.029,0.4999,-0.0289,0.5,0.0263,2.6138,1.5,1.5
25.467,6.7735,0.0255,-0.029,0.4999,-0.0289,0.5,0.0263,2.6138,1.5,1.5
25.5,6.7819,0.0253,-0.0294,0.5002,-0.0276,0.5,0.0263,2.6138,1.5,1.5
25.5,6.7819,0.0253,-0.0294,0.5002,-0.0276,0.5,0.0263,2.6138,1.5,1.5
25.517,6.7985,0.0249,-0.03,0.4998,-0.0242,0.5,0.0263,2.6138,1.5,1.5
25.517,6.7985,0.0249,-0.03,0.4998,-0.0242,0.5,0.0263,2.5247,1.5,1.5
25.533,6.8069,0.0247,-0.0303,0.4997,-0.0223,0.5,0.0263,2.5247,1.5,1.5
25.533,6.8069,0.0247,-0.0303,0.4997,-0.0223,0.5,0.0263,2.5247,1.5,1.5
25.533,6.8069,0.0247,-0.0303,0.4997,-0.0223,0.5,0.0263,2.5247,1.5,1.5
25.567,6.8152,0.0245,-0.0306,0.4997,-0.0203,0.5,0.0263,2.5247,1.5,1.5
25.583,6.8318,0.0241,-0.031,0.4997,-0.0178,0.5,0.0263,2.5247,1.5,1.5
25.583,6.8318,0.0241,-0.031,0.4997,-0.0178,0.5,0.0263,2.5247,1.5,1.5
25.583,6.8318,0.0241,-0.031,0.4997,-0.0178,0.5,0.0263,2.5247,1.5,1.5
25.583,6.8318,0.0241,-0.031,0.4997,-0.0178,0.5,0.0263,2.5247,1.5,1.5
25.583,6.8318,0.0241,-0.031,0.4997,-0.0178,0.5,0.0263,2.5247,1.5,1.5
25.583,6.8318,0.0241,-0.031,0.4997,-0.0178,0.5,0.0263,2.5247,1.5,1.5
25.617,6.8401,0.0238,-0.0312,0.4996,-0.0165,0.5,0.0263,2.5247,1.5,1.5
25.633,6.8568,0.0234,-0.0315,0.4995,-0.0146,0.5,0.0263,2.5338,1.5,1.5
25.633,6.8568,0.0234,-0.0315,0.4995,-0.0146,0.5,0.0789,2.5338,1.5,1.5
25.633,6.8568,0.0234,-0.0315,0.4995,-0.0146,0.5,0.0789,2.5338,1.5,1.5
25.667,6.8651,0.0231,-0.0316,0.4994,-0.0141,0.5,0.0789,2.5338,1.5,1.5
25.667,6.8651,0.0231,-0.0316,0.4994,-0.0141,0.5,0.0789,2.5338,1.5,1.5
25.683,6.8818,0.0226,-0.0318,0.4994,-0.012,0.5,0.0789,2.5338,1.5,1.5
25.683,6.8818,0.0226,-0.0318,0.4994,-0.012,0.5,0.0789,2.5338,1.5,1.5
25.7,6.8901,0.0224,-0.0319,0.4995,-0.0113,0.5,0.0789,2.5338,1.5,1.5
25.7,6.8901,0.0224,-0.0319,0.4995,-0.0113,0.5,0.0789,2.5338,1.5,1.5
25.7,6.8901,0.0224,-0.0319,0.4995,-0.0113,0.5,0.0789,2.5066,1.5,1.5
25.733,6.8984,0.0221,-0.0319,0.4995,-0.0108,0.5,0.0789,2.5066,1.5,1.5
25.75,6.9151,0.0216,-0.032,0.4996,-0.0089,0.5,0.0789,2.5066,1.5,1.5
25.75,6.9151,0.0216,-0.032,0.4996,-0.0089,0.5,0.0789,2.5066,1.5,1.5
25.75,6.9151,0.0216,-0.032,0.4996,-0.0089,0.5,0.0789,2.5066,1.5,1.5
25.783,6.9234,0.0213,-0.032,0.4997,-0.0089,0.5,0.0789,2.5066,1.5,1.5
25.783,6.9234,0.0213,-0.032,0.4997,-0.0089,0.5,0.0789,2.5066,1.5,1.5
25.8,6.94,0.0207,-0.0316,0.5009,0.0017,0.5,0.0789,2.5066,1.5,1.5
25.8,6.94,0.0207,-0.0316,0.5009,0.0017,0.5,0.0789,2.5066,1.5,1.5
25.8,6.94,0.0207,-0.0316,0.5009,0.0017,0.5,0.0789,2.5066,1.5,1.5
25.833,6.9484,0.0204,-0.0313,0.5001,0.0059,0.5,0.0789,2.5262,1.5,1.5
25.833,6.9484,0.0204,-0.0313,0.5001,0.0059,0.5,0.0263,2.5262,1.5,1.5
25.85,6.965,0.0198,-0.0306,0.5006,0.0111,0.5,0.0263,2.5262,1.5,1.5
25.85,6.965,0.0198,-0.0306,0.5006,0.0111,0.5,0.0263,2.5262,1.5,1.5
25.867,6.9734,0.0195,-0.0301,0.5003,0.0148,0.5,0.0263,2.5262,1.5,1.5
25.867,6.9734,0.0195,-0.0301,0.5003,0.0148,0.5,0.0263,2.5262,1.5,1.5
25.867,6.9734,0.0195,-0.0301,0.5003,0.0148,0.5,0.0263,2.5262,1.5,1.5
25.9,6.9817,0.0192,-0.0297,0.5007,0.0173,0.5,0.0263,2.5262,1.5,1.5
25.917,6.9984,0.0185,-0.0286,0.5006,0.0223,0.5,0.0263,2.5262,1.5,1.5
25.917,6.9984,0.0185,-0.0286,0.5006,0.0223,0.5,0.0263,2.4925,1.5,1.5
25.917,6.9984,0.0185,-0.0286,0.5006,0.0223,0.5,0.0263,2.4925,1.5,1.5
25.95,7.0068,0.0182,-0.028,0.5012,0.0234,0.5,0.0,2.4925,1.5,1.5
25.95,7.0068,0.0182,-0.028,0.5012,0.0234,0.5,0.0,2.4925,1.5,1.5
25.967,7.0235,0.0175,-0.0268,0.5016,0.0264,0.5,0.0,2.4925,1.5,1.5
25.967,7.0235,0.0175,-0.0268,0.5016,0.0264,0.5,0.0,2.4925,1.5,1.5
25.967,7.0235,0.0175,-0.0268,0.5016,0.0264,0.5,0.0,2.4925,1.5,1.5
26.0,7.0318,0.0172,-0.0262,0.5013,0.0356,0.5,0.0,2.4925,1.5,1.5
26.017,7.0485,0.0166,-0.0251,0.5013,0.0314,0.5,0.0,2.4925,1.5,1.5
26.017,7.0485,0.0166,-0.0251,0.5013,0.0314,0.5,0.0,2.51,1.5,1.5
26.033,7.0569,0.0163,-0.0246,0.5009,0.0313,0.5,0.0,2.51,1.5,1.5
26.033,7.0569,0.0163,-0.0246,0.5009,0.0313,0.5,0.0,2.51,1.5,1.5
26.033,7.0569,0.0163,-0.0246,0.5009,0.0313,0.5,0.0,2.51,1.5,1.5
26.067,7.0652,0.016,-0.024,0.5008,0.0319,0.5,0.0,2.51,1.5,1.5
26.067,7.0652,0.016,-0.024,0.5008,0.0319,0.5,0.0,2.51,1.5,1.5
26.083,7.0819,0.0155,-0.023,0.5008,0.029,0.5,0.0,2.51,1.5,1.5
26.083,7.0819,0.0155,-0.023,0.5008,0.029,0.5,0.0,2.51,1.5,1.5
26.083,7.0819,0.0155,-0.023,0.5008,0.029,0.5,0.0,2.51,1.5,1.5
26.117,7.0902,0.0152,-0.0225,0.501,0.0286,0.5,0.0,2.51,1.5,1.5
26.133,7.1069,0.0147,-0.0217,0.5007,0.0278,0.5,0.0,2.5627,1.5,1.5
26.133,7.1069,0.0147,-0.0217,0.5007,0.0278,0.5,0.0,2.5627,1.5,1.5
26.133,7.1069,0.0147,-0.0217,0.5007,0.0278,0.5,0.0263,2.5627,1.5,1.5
26.167,7.1153,0.0145,-0.0213,0.501,0.0251,0.5,0.0263,2.5627,1.5,1.5
26.167,7.1153,0.0145,-0.0213,0.501,0.0251,0.5,0.0263,2.5627,1.5,1.5
26.183,7.132,0.014,-0.0206,0.501,0.0238,0.5,0.0263,2.5627,1.5,1.5
26.183,7.132,0.014,-0.0206,0.501,0.0238,0.5,0.0263,2.5627,1.5,1.5
26.2,7.1403,0.0138,-0.0202,0.5008,0.0251,0.5,0.0263,2.5627,1.5,1.5
26.2,7.1403,0.0138,-0.0202,0.5008,0.0251,0.5,0.0263,2.5627,1.5,1.5
26.2,7.1403,0.0138,-0.0202,0.5008,0.0251,0.5,0.0263,2.5627,1.5,1.5
26.2,7.1403,0.0138,-0.0202,0.5008,0.0251,0.5,0.0263,2.5906,1.5,1.5
26.233,7.1486,0.0136,-0.0199,0.5006,0.0252,0.5,0.0263,2.5906,1.5,1.5
26.25,7.1653,0.0131,-0.0192,0.5005,0.024,0.5,0.0263,2.5906,1.5,1.5
26.25,7.1653,0.0131,-0.0192,0.5005,0.024,0.5,0.0263,2.5906,1.5,1.5
26.25,7.1653,0.0131,-0.0192,0.5005,0.024,0.5,0.0263,2.5906,1.5,1.5
26.283,7.1737,0.0129,-0.0189,0.5005,0.0227,0.5,0.0263,2.5906,1.5,1.5
26.283,7.1737,0.0129,-0.0189,0.5005,0.0227,0.5,0.0263,2.5906,1.5,1.5
26.3,7.1903,0.0125,-0.0182,0.5005,0.0203,0.5,0.0263,2.5906,1.5,1.5
26.3,7.1903,0.0125,-0.0182,0.5005,0.0203,0.5,0.0263,2.5906,1.5,1.5
26.3,7.1903,0.0125,-0.0182,0.5005,0.0203,0.5,0.0263,2.5906,1.5,1.5
26.333,7.1987,0.0123,-0.0179,0.5002,0.0196,0.5,0.0263,2.5729,1.5,1.5
26.333,7.1987,0.0123,-0.0179,0.5002,0.0196,0.5,0.0263,2.5729,1.5,1.5
26.35,7.2153,0.0119,-0.0172,0.5001,0.02,0.5,0.0263,2.5729,1.5,1.5
26.367,7.2237,0.0117,-0.0168,0.5001,0.0199,0.5,0.0263,2.5729,1.5,1.5
26.367,7.2237,0.0117,-0.0168,0.5001,0.0199,0.5,0.0263,2.5729,1.5,1.5
26.367,7.2237,0.0117,-0.0168,0.5001,0.0199,0.5,0.0263,2.5729,1.5,1.5
26.4,7.232,0.0115,-0.0165,0.5,0.02,0.5,0.0263,2.5729,1.5,1.5
26.4,7.232,0.0115,-0.0165,0.5,0.02,0.5,0.0263,2.5729,1.5,1.5
26.4,7.232,0.0115,-0.0165,0.5,0.02,0.5,0.0263,2.5729,1.5,1.5
26.4,7.232,0.0115,-0.0165,0.5,0.02,0.5,0.0263,2.5729,1.5,1.5
26.4,7.232,0.0115,-0.0165,0.5,0.02,0.5,0.0263,2.5729,1.5,1.5
26.4,7.232,0.0115,-0.0165,0.5,0.02,0.5,0.0263,2.5729,1.5,1.5
26.4,7.232,0.0115,-0.0165,0.5,0.02,0.5,0.0263,2.5729,1.5,1.5
26.4,7.232,0.0115,-0.0165,0.5,0.02,0.5,0.0263,2.5729,1.5,1.5
26.4,7.232,0.0115,-0.0165,0.5,0.02,0.5,0.0263,2.5729,1.5,1.5
26.4,7.232,0.0115,-0.0165,0.5,0.02,0.5,0.0263,2.5729,1.5,1.5
26.417,7.2486,0.0111,-0.0158,0.4999,0.0201,0.5,0.0263,2.5729,1.5,1.5
26.417,7.2486,0.0111,-0.0158,0.4999,0.0201,0.5,0.0263,2.6266,1.5,1.5
26.417,7.2486,0.0111,-0.0158,0.4999,0.0201,0.5,0.0263,2.6266,1.5,1.5
26.45,7.257,0.011,-0.0154,0.4998,0.02,0.5,0.0263,2.6266,1.5,1.5
26.45,7.257,0.011,-0.0154,0.4998,0.02,0.5,0.0263,2.6266,1.5,1.5
26.467,7.2736,0.0106,-0.0147,0.4997,0.0203,0.5,0.0263,2.6266,1.5,1.5
26.467,7.2736,0.0106,-0.0147,0.4997,0.0203,0.5,0.0263,2.6266,1.5,1.5
26.467,7.2736,0.0106,-0.0147,0.4997,0.0203,0.5,0.0263,2.6266,1.5,1.5
26.5,7.282,0.0104,-0.0144,0.4997,0.0195,0.5,0.0263,2.6266,1.5,1.5
26.5,7.282,0.0104,-0.0144,0.4997,0.0195,0.5,0.0263,2.6266,1.5,1.5
26.517,7.2986,0.0101,-0.0136,0.4996,0.0212,0.5,0.0263,2.6266,1.5,1.5
26.533,7.3069,0.0099,-0.0132,0.5,0.0217,0.5,0.0263,2.6317,1.5,1.5
26.533,7.3069,0.0099,-0.0132,0.5,0.0217,0.5,0.0263,2.6317,1.5,1.5
26.533,7.3069,0.0099,-0.0132,0.5,0.0217,0.5,0.0263,2.6317,1.5,1.5
26.567,7.3153,0.0097,-0.0128,0.5001,0.0221,0.5,0.0263,2.6317,1.5,1.5
26.567,7.3153,0.0097,-0.0128,0.5001,0.0221,0.5,0.0263,2.6317,1.5,1.5
26.567,7.3153,0.0097,-0.0128,0.5001,0.0221,0.5,0.0263,2.6317,1.5,1.5
26.583,7.3319,0.0094,-0.012,0.5003,0.0234,0.5,0.0263,2.6317,1.5,1.5
26.583,7.3319,0.0094,-0.012,0.5003,0.0234,0.5,0.0263,2.6317,1.5,1.5
26.583,7.3319,0.0094,-0.012,0.5003,0.0234,0.5,0.0263,2.6317,1.5,1.5
26.617,7.3403,0.0092,-0.0116,0.5005,0.0225,0.5,0.0263,2.6317,1.5,1.5
26.633,7.357,0.0089,-0.0108,0.5004,0.0236,0.5,0.0263,2.7408,1.5,1.5
26.633,7.357,0.0089,-0.0108,0.5004,0.0236,0.5,0.0263,2.7408,1.5,1.5
26.633,7.357,0.0089,-0.0108,0.5004,0.0236,0.5,-0.0263,2.7408,1.5,1.5
26.633,7.357,0.0089,-0.0108,0.5004,0.0236,0.5,-0.0263,2.7408,1.5,1.5
26.667,7.3653,0.0088,-0.0103,0.5005,0.0241,0.5,-0.0263,2.7408,1.5,1.5
26.683,7.382,0.0085,-0.0095,0.5009,0.0245,0.5,-0.0263,2.7408,1.5,1.5
26.683,7.382,0.0085,-0.0095,0.5009,0.0245,0.5,-0.0263,2.7408,1.5,1.5
26.7,7.3903,0.0083,-0.009,0.5008,0.026,0.5,-0.0263,2.7408,1.5,1.5
26.7,7.3903,0.0083,-0.009,0.5008,0.026,0.5,-0.0263,2.7408,1.5,1.5
26.7,7.3903,0.0083,-0.009,0.5008,0.026,0.5,-0.0263,2.6291,1.5,1.5
26.733,7.3987,0.0082,-0.0085,0.5008,0.0251,0.5,-0.0263,2.6291,1.5,1.5
26.75,7.4154,0.0079,-0.0076,0.5008,0.0267,0.5,-0.0263,2.6291,1.5,1.5
26.75,7.4154,0.0079,-0.0076,0.5008,0.0267,0.5,-0.0263,2.6291,1.5,1.5
26.75,7.4154,0.0079,-0.0076,0.5008,0.0267,0.5,-0.0263,2.6291,1.5,1.5
26.75,7.4154,0.0079,-0.0076,0.5008,0.0267,0.5,-0.0263,2.6291,1.5,1.5
26.75,7.4154,0.0079,-0.0076,0.5008,0.0267,0.5,-0.0263,2.6291,1.5,1.5
26.783,7.4237,0.0078,-0.0071,0.5009,0.0267,0.5,-0.0263,2.6291,1.5,1.5
26.783,7.4237,0.0078,-0.0071,0.5009,0.0267,0.5,-0.0263,2.6291,1.5,1.5
26.8,7.4404,0.0076,-0.0066,0.5007,0.0205,0.5,-0.0263,2.6291,1.5,1.5
26.8,7.4404,0.0076,-0.0066,0.5007,0.0205,0.5,-0.0263,2.6291,1.5,1.5
26.8,7.4404,0.0076,-0.0066,0.5007,0.0205,0.5,-0.0263,2.6291,1.5,1.5
26.833,7.4487,0.0075,-0.0063,0.5006,0.0202,0.5,-0.0263,2.6317,1.5,1.5
26.833,7.4487,0.0075,-0.0063,0.5006,0.0202,0.5,-0.0263,2.6317,1.5,1.5
26.85,7.4654,0.0073,-0.0059,0.5009,0.0173,0.5,-0.0263,2.6317,1.5,1.5
26.85,7.4654,0.0073,-0.0059,0.5009,0.0173,0.5,-0.0263,2.6317,1.5,1.5
26.867,7.4738,0.0072,-0.0057,0.5007,0.0168,0.5,-0.0263,2.6317,1.5,1.5
26.867,7.4738,0.0072,-0.0057,0.5007,0.0168,0.5,-0.0263,2.6317,1.5,1.5
26.867,7.4738,0.0072,-0.0057,0.5007,0.0168,0.5,-0.0263,2.6317,1.5,1.5
26.9,7.4821,0.0071,-0.0055,0.5008,0.0152,0.5,-0.0263,2.6317,1.5,1.5
26.9,7.4821,0.0071,-0.0055,0.5008,0.0152,0.5,-0.0263,2.6317,1.5,1.5
26.917,7.4988,0.007,-0.0053,0.5009,0.0129,0.5,-0.0263,2.6317,1.5,1.5
26.917,7.4988,0.007,-0.0053,0.5009,0.0129,0.5,-0.0263,2.6799,1.5,1.5
26.917,7.4988,0.007,-0.0053,0.5009,0.0129,0.5,-0.0263,2.6799,1.5,1.5
26.95,7.5072,0.007,-0.0052,0.5007,0.0131,0.5,-0.0263,2.6799,1.5,1.5
26.967,7.5239,0.0068,-0.0051,0.5007,0.012,0.5,-0.0263,2.6799,1.5,1.5
26.967,7.5239,0.0068,-0.0051,0.5007,0.012,0.5,-0.0263,2.6799,1.5,1.5
26.967,7.5239,0.0068,-0.0051,0.5007,0.012,0.5,-0.0263,2.6799,1.5,1.5
27.0,7.5322,0.0068,-0.005,0.5006,0.0096,0.5,-0.0263,2.6799,1.5,1.5
27.0,7.5322,0.0068,-0.005,0.5006,0.0096,0.5,-0.0263,2.6799,1.5,1.5
27.017,7.5489,0.0067,-0.0049,0.5007,0.0098,0.5,-0.0263,2.6799,1.5,1.5
27.017,7.5489,0.0067,-0.0049,0.5007,0.0098,0.5,-0.0263,2.715,1.5,1.5
27.033,7.5573,0.0067,-0.005,0.5006,0.0077,0.5,-0.0263,2.715,1.5,1.5
27.033,7.5573,0.0067,-0.005,0.5006,0.0077,0.5,-0.0263,2.715,1.5,1.5
27.033,7.5573,0.0067,-0.005,0.5006,0.0077,0.5,-0.0263,2.715,1.5,1.5
27.067,7.5656,0.0066,-0.005,0.5005,0.007,0.5,-0.0263,2.715,1.5,1.5
27.083,7.5823,0.0066,-0.005,0.5004,0.0042,0.5,-0.0263,2.715,1.5,1.5
27.083,7.5823,0.0066,-0.005,0.5004,0.0042,0.5,-0.0263,2.715,1.5,1.5
27.083,7.5823,0.0066,-0.005,0.5004,0.0042,0.5,-0.0263,2.715,1.5,1.5
27.117,7.5906,0.0065,-0.0051,0.5003,0.003,0.5,-0.0263,2.715,1.5,1.5
27.117,7.5906,0.0065,-0.0051,0.5003,0.003,0.5,-0.0263,2.715,1.5,1.5
27.133,7.6073,0.0065,-0.0053,0.5002,0.0005,0.5,-0.0263,2.6539,1.5,1.5
27.133,7.6073,0.0065,-0.0053,0.5002,0.0005,0.5,0.0263,2.6539,1.5,1.5
27.133,7.6073,0.0065,-0.0053,0.5002,0.0005,0.5,0.0263,2.6539,1.5,1.5
27.167,7.6156,0.0064,-0.0055,0.5001,-0.0007,0.5,0.0263,2.6539,1.5,1.5
27.167,7.6156,0.0064,-0.0055,0.5001,-0.0007,0.5,0.0263,2.6539,1.5,1.5
27.167,7.6156,0.0064,-0.0055,0.5001,-0.0007,0.5,0.0263,2.6539,1.5,1.5
27.183,7.6323,0.0064,-0.0058,0.4999,-0.0038,0.5,0.0263,2.6539,1.5,1.5
27.2,7.6406,0.0064,-0.0059,0.4998,-0.005,0.5,0.0263,2.6539,1.5,1.5
27.2,7.6406,0.0064,-0.0059,0.4998,-0.005,0.5,0.0263,2.6539,1.5,1.5
27.2,7.6406,0.0064,-0.0059,0.4998,-0.005,0.5,0.0263,2.6539,1.5,1.5
27.233,7.6489,0.0064,-0.0061,0.4997,-0.0047,0.5,0.0263,2.6577,1.5,1.5
27.233,7.6489,0.0064,-0.0061,0.4997,-0.0047,0.5,0.0263,2.6577,1.5,1.5
27.25,7.6656,0.0063,-0.0066,0.4996,-0.0071,0.5,0.0263,2.6577,1.5,1.5
27.25,7.6656,0.0063,-0.0066,0.4996,-0.0071,0.5,0.0263,2.6577,1.5,1.5
27.25,7.6656,0.0063,-0.0066,0.4996,-0.0071,0.5,0.0263,2.6577,1.5,1.5
27.283,7.6739,0.0063,-0.0068,0.4996,-0.0082,0.5,0.0263,2.6577,1.5,1.5
27.283,7.6739,0.0063,-0.0068,0.4996,-0.0082,0.5,0.0263,2.6577,1.5,1.5
27.3,7.6906,0.0062,-0.0069,0.4994,-0.0119,0.5,0.0263,2.6577,1.5,1.5
27.3,7.6906,0.0062,-0.0069,0.4994,-0.0119,0.5,0.0263,2.6577,1.5,1.5
27.3,7.6906,0.0062,-0.0069,0.4994,-0.0119,0.5,0.0263,2.6533,1.5,1.5
27.333,7.6989,0.0062,-0.007,0.4995,-0.0119,0.5,0.0263,2.6533,1.5,1.5
27.35,7.7156,0.0061,-0.0071,0.4995,-0.0101,0.5,0.0263,2.6533,1.5,1.5
27.35,7.7156,0.0061,-0.0071,0.4995,-0.0101,0.5,0.0263,2.6533,1.5,1.5
27.35,7.7156,0.0061,-0.0071,0.4995,-0.0101,0.5,0.0263,2.6533,1.5,1.5
27.35,7.7156,0.0061,-0.0071,0.4995,-0.0101,0.5,0.0263,2.6533,1.5,1.5
27.367,7.7239,0.006,-0.0071,0.4995,-0.0091,0.5,0.0263,2.6533,1.5,1.5
27.367,7.7239,0.006,-0.0071,0.4995,-0.0091,0.5,0.0263,2.6533,1.5,1.5
27.367,7.7239,0.006,-0.0071,0.4995,-0.0091,0.5,0.0263,2.6533,1.5,1.5
27.4,7.7322,0.006,-0.0071,0.4996,-0.0091,0.5,0.0263,2.6533,1.5,1.5
27.4,7.7322,0.006,-0.0071,0.4996,-0.0091,0.5,0.0263,2.6533,1.5,1.5
27.417,7.7489,0.0058,-0.0071,0.4997,-0.0058,0.5,0.0263,2.6533,1.5,1.5
27.417,7.7489,0.0058,-0.0071,0.4997,-0.0058,0.5,0.0263,2.6265,1.5,1.5
27.417,7.7489,0.0058,-0.0071,0.4997,-0.0058,0.5,0.0263,2.6265,1.5,1.5
27.45,7.7572,0.0058,-0.007,0.4998,-0.005,0.5,0.0263,2.6265,1.5,1.5
27.45,7.7572,0.0058,-0.007,0.4998,-0.005,0.5,0.0263,2.6265,1.5,1.5
27.467,7.7739,0.0056,-0.0069,0.4999,-0.0026,0.5,0.0263,2.6265,1.5,1.5
27.467,7.7739,0.0056,-0.0069,0.4999,-0.0026,0.5,0.0263,2.6265,1.5,1.5
27.467,7.7739,0.0056,-0.0069,0.4999,-0.0026,0.5,0.0263,2.6265,1.5,1.5
27.5,7.7822,0.0056,-0.0068,0.5,-0.0016,0.5,0.0263,2.6265,1.5,1.5
27.517,7.7989,0.0054,-0.0066,0.5002,0.0007,0.5,0.0263,2.6265,1.5,1.5
27.517,7.7989,0.0054,-0.0066,0.5002,0.0007,0.5,0.0263,2.6265,1.5,1.5
27.533,7.8072,0.0053,-0.0065,0.5002,0.0018,0.5,0.0263,2.6115,1.5,1.5
27.533,7.8072,0.0053,-0.0065,0.5002,0.0018,0.5,0.0263,2.6115,1.5,1.5
27.533,7.8072,0.0053,-0.0065,0.5002,0.0018,0.5,0.0263,2.6115,1.5,1.5
27.567,7.8156,0.0052,-0.0063,0.5003,0.0029,0.5,0.0263,2.6115,1.5,1.5
27.567,7.8156,0.0052,-0.0063,0.5003,0.0029,0.5,0.0263,2.6115,1.5,1.5
27.583,7.8322,0.0051,-0.0059,0.5005,0.0051,0.5,0.0263,2.6115,1.5,1.5
27.583,7.8322,0.0051,-0.0059,0.5005,0.0051,0.5,0.0263,2.6115,1.5,1.5
27.583,7.8322,0.0051,-0.0059,0.5005,0.0051,0.5,0.0263,2.6115,1.5,1.5
27.617,7.8406,0.005,-0.0057,0.5005,0.0062,0.5,0.0263,2.6115,1.5,1.5
27.617,7.8406,0.005,-0.0057,0.5005,0.0062,0.5,0.0263,2.5602,1.5,1.5
27.633,7.8573,0.0048,-0.0052,0.5006,0.0083,0.5,0.0263,2.5602,1.5,1.5
27.633,7.8573,0.0048,-0.0052,0.5006,0.0083,0.5,0.0263,2.5602,1.5,1.5
27.633,7.8573,0.0048,-0.0052,0.5006,0.0083,0.5,0.0263,2.5602,1.5,1.5
27.667,7.8656,0.0048,-0.005,0.5007,0.009,0.5,0.0263,2.5602,1.5,1.5
27.683,7.8823,0.0046,-0.0045,0.5008,0.011,0.5,0.0263,2.5602,1.5,1.5
27.683,7.8823,0.0046,-0.0045,0.5008,0.011,0.5,0.0263,2.5602,1.5,1.5
27.7,7.8907,0.0045,-0.0043,0.5008,0.0118,0.5,0.0263,2.5602,1.5,1.5
27.7,7.8907,0.0045,-0.0043,0.5008,0.0118,0.5,0.0263,2.5602,1.5,1.5
27.7,7.8907,0.0045,-0.0043,0.5008,0.0118,0.5,0.0263,2.5602,1.5,1.5
27.733,7.899,0.0044,-0.0039,0.5009,0.0124,0.5,0.0263,2.4334,1.5,1.5
27.733,7.899,0.0044,-0.0039,0.5009,0.0124,0.5,0.0263,2.4334,1.5,1.5
27.75,7.9157,0.0043,-0.0034,0.5009,0.0139,0.5,0.0263,2.4334,1.5,1.5
27.75,7.9157,0.0043,-0.0034,0.5009,0.0139,0.5,0.0263,2.4334,1.5,1.5
27.75,7.9157,0.0043,-0.0034,0.5009,0.0139,0.5,0.0263,2.4334,1.5,1.5
27.783,7.9241,0.0042,-0.003,0.5009,0.0146,0.5,0.0263,2.4334,1.5,1.5
27.783,7.9241,0.0042,-0.003,0.5009,0.0146,0.5,0.0,2.4334,1.5,1.5
27.8,7.9408,0.0041,-0.0025,0.5008,0.0157,0.5,0.0,2.4334,1.5,1.5
27.8,7.9408,0.0041,-0.0025,0.5008,0.0157,0.5,0.0,2.4334,1.5,1.5
27.8,7.9408,0.0041,-0.0025,0.5008,0.0157,0.5,0.0,2.4334,1.5,1.5
27.833,7.9491,0.004,-0.0021,0.5008,0.0162,0.5,0.0,2.3417,1.5,1.5
27.833,7.9491,0.004,-0.0021,0.5008,0.0162,0.5,0.0,2.3417,1.5,1.5
27.85,7.9658,0.0039,-0.0015,0.5007,0.017,0.5,0.0,2.3417,1.5,1.5
27.85,7.9658,0.0039,-0.0015,0.5007,0.017,0.5,0.0,2.3417,1.5,1.5
27.867,7.9741,0.0038,-0.001,0.5006,0.0174,0.5,0.0,2.3417,1.5,1.5
27.867,7.9741,0.0038,-0.001,0.5006,0.0174,0.5,0.0,2.3417,1.5,1.5
27.9,7.9825,0.0037,-0.0007,0.5006,0.0177,0.5,0.0,2.3417,1.5,1.5
27.9,7.9825,0.0037,-0.0007,0.5006,0.0177,0.5,0.0,2.3417,1.5,1.5
27.917,7.9992,0.0036,0.0,0.5004,0.0183,0.5,0.0,2.3417,1.5,1.5
27.917,7.9992,0.0036,0.0,0.5004,0.0183,0.5,0.0,2.2446,1.5,1.5
27.917,7.9992,0.0036,0.0,0.5004,0.0183,0.5,0.0,2.2446,1.5,1.5
27.95,8.0075,0.0036,0.0,0.5004,0.0216,0.5,0.0,2.2446,1.5,1.5
27.95,8.0075,0.0036,0.0,0.5004,0.0216,0.5,0.0,2.2446,1.5,1.5
27.967,8.0242,0.0035,0.0,0.5,0.0202,0.5,0.0,2.2446,1.5,1.5
27.967,8.0242,0.0035,0.0,0.5,0.0202,0.5,0.0,2.2446,1.5,1.5
27.967,8.0242,0.0035,0.0,0.5,0.0202,0.5,0.0,2.2446,1.5,1.5
27.967,8.0242,0.0035,0.0,0.5,0.0202,0.5,0.0,2.2446,1.5,1.5
27.967,8.0242,0.0035,0.0,0.5,0.0202,0.5,0.0,2.2446,1.5,1.5
28.0,8.0325,0.0035,0.0,0.5,0.0192,0.5,0.0,2.2446,1.5,1.5
28.0,8.0325,0.0035,0.0,0.5,0.0192,0.5,0.0,2.2446,1.5,1.5
28.017,8.0492,0.0034,0.001,0.4998,0.0175,0.5,0.0,2.2446,1.5,1.5
28.033,8.0575,0.0034,0.0012,0.4998,0.0167,0.5,0.0,2.1607,1.5,1.5
28.033,8.0575,0.0034,0.0012,0.4998,0.0167,0.5,0.0,2.1607,1.5,1.5
28.033,8.0575,0.0034,0.0012,0.4998,0.0167,0.5,0.0,2.1607,1.5,1.5
28.067,8.0658,0.0034,0.0014,0.4997,0.0157,0.5,0.0,2.1607,1.5,1.5
28.067,8.0658,0.0034,0.0014,0.4997,0.0157,0.5,0.0,2.1607,1.5,1.5
28.083,8.0825,0.0034,0.0018,0.4998,0.0133,0.5,0.0,2.1607,1.5,1.5
28.083,8.0825,0.0034,0.0018,0.4998,0.0133,0.5,0.0,2.1607,1.5,1.5
28.083,8.0825,0.0034,0.0018,0.4998,0.0133,0.5,0.0,2.1607,1.5,1.5
28.117,8.0908,0.0034,0.0018,0.4995,0.0141,0.5,0.0,2.1607,1.5,1.5
28.117,8.0908,0.0034,0.0018,0.4995,0.0141,0.5,0.0,2.1607,1.5,1.5
28.133,8.1075,0.0033,0.0023,0.4995,0.0123,0.5,0.0,2.0837,1.5,1.5
28.133,8.1075,0.0033,0.0023,0.4995,0.0123,0.5,0.0,2.0837,1.5,1.5
28.133,8.1075,0.0033,0.0023,0.4995,0.0123,0.5,0.0,2.0837,1.5,1.5
28.167,8.1158,0.0033,0.0025,0.4995,0.0122,0.5,0.0,2.0837,1.5,1.5
28.167,8.1158,0.0033,0.0025,0.4995,0.0122,0.5,0.0,2.0837,1.5,1.5
28.183,8.1325,0.0033,0.0028,0.4996,0.0112,0.5,0.0,2.0837,1.5,1.5
28.2,8.1408,0.0033,0.0029,0.4996,0.0104,0.5,0.0,2.0837,1.5,1.5
28.2,8.1408,0.0033,0.0029,0.4996,0.0104,0.5,0.0,2.0837,1.5,1.5
28.2,8.1408,0.0033,0.0029,0.4996,0.0104,0.5,0.0,2.0837,1.5,1.5
28.2,8.1408,0.0033,0.0029,0.4996,0.0104,0.5,0.0,2.0242,1.5,1.5
28.233,8.1491,0.0033,0.003,0.4997,0.0097,0.5,0.0,2.0242,1.5,1.5
28.25,8.1658,0.0034,0.0034,0.4998,0.0092,0.5,0.0,2.0242,1.5,1.5
28.25,8.1658,0.0034,0.0034,0.4998,0.0092,0.5,0.0,2.0242,1.5,1.5
28.25,8.1658,0.0034,0.0034,0.4998,0.0092,0.5,0.0,2.0242,1.5,1.5
28.283,8.1741,0.0034,0.0035,0.4999,0.0089,0.5,0.0,2.0242,1.5,1.5
28.283,8.1741,0.0034,0.0035,0.4999,0.0089,0.5,0.0,2.0242,1.5,1.5
28.3,8.1908,0.0034,0.0037,0.5,0.0085,0.5,0.0,2.0242,1.5,1.5
28.3,8.1908,0.0034,0.0037,0.5,0.0085,0.5,0.0,2.0242,1.5,1.5
28.3,8.1908,0.0034,0.0037,0.5,0.0085,0.5,0.0,2.0242,1.5,1.5
28.333,8.1991,0.0034,0.0039,0.5001,0.0083,0.5,0.0,1.9508,1.5,1.5
28.333,8.1991,0.0034,0.0039,0.5001,0.0083,0.5,0.0,1.9508,1.5,1.5
28.35,8.2158,0.0034,0.0042,0.5002,0.0081,0.5,0.0,1.9508,1.5,1.5
28.367,8.2242,0.0034,0.0042,0.5003,0.008,0.5,0.0,1.9508,1.5,1.5
28.367,8.2242,0.0034,0.0042,0.5003,0.008,0.5,0.0,1.9508,1.5,1.5
28.367,8.2242,0.0034,0.0042,0.5003,0.008,0.5,0.0,1.9508,1.5,1.5
28.4,8.2325,0.0035,0.0044,0.5004,0.0079,0.5,0.0,1.9508,1.5,1.5
28.4,8.2325,0.0035,0.0044,0.5004,0.0079,0.5,0.0,1.9508,1.5,1.5
28.417,8.2492,0.0035,0.0047,0.5005,0.0079,0.5,0.0,1.9508,1.5,1.5
28.417,8.2492,0.0035,0.0047,0.5005,0.0079,0.5,0.0,1.8972,1.5,1.5
28.417,8.2492,0.0035,0.0047,0.5005,0.0079,0.5,0.0,1.8972,1.5,1.5
28.45,8.2575,0.0035,0.0047,0.5005,0.0079,0.5,0.0,1.8972,1.5,1.5
28.45,8.2575,0.0035,0.0047,0.5005,0.0079,0.5,0.0,1.8972,1.5,1.5
28.467,8.2742,0.0035,0.005,0.5006,0.0079,0.5,0.0,1.8972,1.5,1.5
28.467,8.2742,0.0035,0.005,0.5006,0.0079,0.5,0.0,1.8972,1.5,1.5
28.467,8.2742,0.0035,0.005,0.5006,0.0079,0.5,0.0,1.8972,1.5,1.5
28.5,8.2826,0.0036,0.0052,0.5007,0.0075,0.5,0.0,1.8972,1.5,1.5
28.517,8.2993,0.0036,0.0053,0.5008,0.0074,0.5,0.0,1.8972,1.5,1.5
28.517,8.2993,0.0036,0.0053,0.5008,0.0074,0.5,0.0,1.849,1.5,1.5
28.533,8.3076,0.0036,0.0054,0.5008,0.0075,0.5,0.0,1.849,1.5,1.5
28.533,8.3076,0.0036,0.0054,0.5008,0.0075,0.5,0.0,1.849,1.5,1.5
28.533,8.3076,0.0036,0.0054,0.5008,0.0075,0.5,0.0,1.849,1.5,1.5
28.567,8.316,0.0037,0.0055,0.5008,0.0078,0.5,0.0,1.849,1.5,1.5
28.567,8.316,0.0037,0.0055,0.5008,0.0078,0.5,0.0,1.849,1.5,1.5
28.567,8.316,0.0037,0.0055,0.5008,0.0078,0.5,0.0,1.849,1.5,1.5
28.567,8.316,0.0037,0.0055,0.5008,0.0078,0.5,0.0,1.849,1.5,1.5
28.583,8.3327,0.0037,0.0057,0.5008,0.0071,0.5,0.0,1.849,1.5,1.5
28.583,8.3327,0.0037,0.0057,0.5008,0.0071,0.5,0.0,1.849,1.5,1.5
28.583,8.3327,0.0037,0.0057,0.5008,0.0071,0.5,0.0,1.849,1.5,1.5
28.583,8.3327,0.0037,0.0057,0.5008,0.0071,0.5,0.0,1.849,1.5,1.5
28.617,8.341,0.0038,0.0058,0.5008,0.0072,0.5,0.0,1.849,1.5,1.5
28.633,8.3577,0.0038,0.006,0.5007,0.0065,0.5,0.0,1.8241,1.5,1.5
28.633,8.3577,0.0038,0.006,0.5007,0.0065,0.5,0.0,1.8241,1.5,1.5
28.633,8.3577,0.0038,0.006,0.5007,0.0065,0.5,0.0,1.8241,1.5,1.5
28.667,8.366,0.0039,0.0061,0.5006,0.0066,0.5,0.0,1.8241,1.5,1.5
28.667,8.366,0.0039,0.0061,0.5006,0.0066,0.5,0.0,1.8241,1.5,1.5
28.683,8.3827,0.004,0.0061,0.5005,0.0061,0.5,0.0,1.8241,1.5,1.5
28.683,8.3827,0.004,0.0061,0.5005,0.0061,0.5,0.0,1.8241,1.5,1.5
28.7,8.3911,0.004,0.0063,0.5005,0.0058,0.5,0.0,1.8241,1.5,1.5
28.7,8.3911,0.004,0.0063,0.5005,0.0058,0.5,0.0,1.8241,1.5,1.5
28.7,8.3911,0.004,0.0063,0.5005,0.0058,0.5,0.0,1.745,1.5,1.5
28.733,8.3994,0.004,0.0063,0.5004,0.0055,0.5,0.0,1.745,1.5,1.5
28.733,8.3994,0.004,0.0063,0.5004,0.0055,0.5,0.0,1.745,1.5,1.5
28.733,8.3994,0.004,0.0063,0.5004,0.0055,0.5,0.0,1.745,1.5,1.5
28.733,8.3994,0.004,0.0063,0.5004,0.0055,0.5,0.0,1.745,1.5,1.5
28.733,8.3994,0.004,0.0063,0.5004,0.0055,0.5,0.0,1.745,1.5,1.5
28.733,8.3994,0.004,0.0063,0.5004,0.0055,0.5,0.0,1.745,1.5,1.5
28.733,8.3994,0.004,0.0063,0.5004,0.0055,0.5,0.0,1.745,1.5,1.5
28.733,8.3994,0.004,0.0063,0.5004,0.0055,0.5,0.0,1.745,1.5,1.5
28.75,8.4161,0.0041,0.0064,0.5003,0.0048,0.5,0.0,1.745,1.5,1.5
28.75,8.4161,0.0041,0.0064,0.5003,0.0048,0.5,0.0,1.745,1.5,1.5
28.75,8.4161,0.0041,0.0064,0.5003,0.0048,0.5,0.0,1.745,1.5,1.5
28.783,8.4244,0.0042,0.0064,0.5002,0.0045,0.5,0.0,1.745,1.5,1.5
28.783,8.4244,0.0042,0.0064,0.5002,0.0045,0.5,0.0,1.745,1.5,1.5
28.783,8.4244,0.0042,0.0064,0.5002,0.0045,0.5,0.0,1.745,1.5,1.5
28.783,8.4244,0.0042,0.0064,0.5002,0.0045,0.5,0.0,1.745,1.5,1.5
28.783,8.4244,0.0042,0.0064,0.5002,0.0045,0.5,0.0,1.745,1.5,1.5
28.783,8.4244,0.0042,0.0064,0.5002,0.0045,0.5,0.0,1.745,1.5,1.5
28.783,8.4244,0.0042,0.0064,0.5002,0.0045,0.5,0.0,1.745,1.5,1.5
28.783,8.4244,0.0042,0.0064,0.5002,0.0045,0.5,0.0,1.745,1.5,1.5
28.783,8.4244,0.0042,0.0064,0.5002,0.0045,0.5,0.0,1.745,1.5,1.5
28.783,8.4244,0.0042,0.0064,0.5002,0.0045,0.5,0.0,1.745,1.5,1.5
28.783,8.4244,0.0042,0.0064,0.5002,0.0045,0.5,0.0,1.745,1.5,1.5
28.8,8.4411,0.0043,0.0065,0.5,0.0039,0.5,0.0,1.745,1.5,1.5
28.8,8.4411,0.0043,0.0065,0.5,0.0039,0.5,0.0,1.745,1.5,1.5
28.833,8.4494,0.0043,0.0065,0.5,0.0034,0.5,0.0,1.6885,1.5,1.5
28.833,8.4494,0.0043,0.0065,0.5,0.0034,0.5,0.0,1.6885,1.5,1.5
28.85,8.4661,0.0044,0.0065,0.4998,0.0025,0.5,0.0,1.6885,1.5,1.5
28.85,8.4661,0.0044,0.0065,0.4998,0.0025,0.5,0.0,1.6885,1.5,1.5
28.867,8.4744,0.0045,0.0066,0.4998,0.0019,0.5,0.0,1.6885,1.5,1.5
28.867,8.4744,0.0045,0.0066,0.4998,0.0019,0.5,0.0,1.6885,1.5,1.5
28.867,8.4744,0.0045,0.0066,0.4998,0.0019,0.5,0.0,1.6885,1.5,1.5
28.9,8.4827,0.0045,0.0066,0.4997,0.0018,0.5,0.0,1.6885,1.5,1.5
28.917,8.4994,0.0046,0.0066,0.4997,0.0014,0.5,0.0,1.6885,1.5,1.5
28.917,8.4994,0.0046,0.0066,0.4997,0.0014,0.5,0.0,1.6885,1.5,1.5
28.917,8.4994,0.0046,0.0066,0.4997,0.0014,0.5,0.0,1.651,1.5,1.5
28.917,8.4994,0.0046,0.0066,0.4997,0.0014,0.5,0.0,1.651,1.5,1.5
28.95,8.5077,0.0047,0.0066,0.4996,0.0017,0.5,0.0,1.651,1.5,1.5
28.967,8.5244,0.0048,0.0066,0.4995,0.0008,0.5,0.0,1.651,1.5,1.5
28.967,8.5244,0.0048,0.0066,0.4995,0.0008,0.5,0.0,1.651,1.5,1.5
28.967,8.5244,0.0048,0.0066,0.4995,0.0008,0.5,0.0,1.651,1.5,1.5
29.0,8.5327,0.0049,0.0066,0.4995,0.001,0.5,0.0,1.651,1.5,1.5
29.0,8.5327,0.0049,0.0066,0.4995,0.001,0.5,0.0,1.651,1.5,1.5
29.0,8.5327,0.0049,0.0066,0.4995,0.001,0.5,0.0,1.651,1.5,1.5
29.0,8.5327,0.0049,0.0066,0.4995,0.001,0.5,0.0,1.651,1.5,1.5
29.017,8.5494,0.005,0.0066,0.4996,0.0006,0.5,0.0,1.651,1.5,1.5
29.033,8.5577,0.005,0.0066,0.4996,0.0008,0.5,0.0,1.6079,1.4954,1.4813
29.033,8.5577,0.005,0.0066,0.4996,0.0008,0.5,0.0,1.6079,1.4954,1.4813
29.033,8.5577,0.005,0.0066,0.4996,0.0008,0.5,0.0,1.6079,1.4954,1.4813
29.067,8.566,0.0051,0.0066,0.4997,0.0001,0.5,0.0,1.6079,1.4954,1.4813
29.067,8.566,0.0051,0.0066,0.4997,0.0001,0.5,0.0,1.6079,1.4954,1.4813
29.083,8.5827,0.0052,0.0066,0.4998,0.0003,0.5,0.0,1.6079,1.4954,1.4813
29.083,8.5827,0.0052,0.0066,0.4998,0.0003,0.5,0.0,1.6079,1.4954,1.4813
29.083,8.5827,0.0052,0.0066,0.4998,0.0003,0.5,0.0,1.6079,1.4954,1.4813
29.117,8.591,0.0052,0.0067,0.4999,0.0003,0.5,0.0,1.6079,1.4954,1.4813
29.117,8.591,0.0052,0.0067,0.4999,0.0003,0.5,0.0,1.5394,1.4954,1.4813
29.133,8.6077,0.0053,0.0067,0.5001,0.0005,0.5,0.0,1.5394,1.4954,1.4813
29.133,8.6077,0.0053,0.0067,0.5001,0.0005,0.5,0.0,1.5394,1.4954,1.4813
29.133,8.6077,0.0053,0.0067,0.5001,0.0005,0.5,0.0,1.5394,1.4954,1.4813
29.167,8.616,0.0054,0.0067,0.5001,0.0006,0.5,0.0,1.5394,1.4954,1.4813
29.167,8.616,0.0054,0.0067,0.5001,0.0006,0.5,0.0,1.5394,1.4954,1.4813
29.183,8.6327,0.0055,0.0068,0.5003,0.0009,0.5,0.0,1.5394,1.4954,1.4813
29.2,8.641,0.0056,0.0068,0.5004,0.001,0.5,0.0,1.5394,1.4954,1.4813
29.2,8.641,0.0056,0.0068,0.5004,0.001,0.5,0.0,1.5394,1.4954,1.4813
29.2,8.641,0.0056,0.0068,0.5004,0.001,0.5,0.0,1.5394,1.4954,1.4813
29.2,8.641,0.0056,0.0068,0.5004,0.001,0.5,0.0,1.5394,1.4954,1.4813
29.2,8.641,0.0056,0.0068,0.5004,0.001,0.5,0.0,1.5394,1.4954,1.4813
29.2,8.641,0.0056,0.0068,0.5004,0.001,0.5,0.0,1.5394,1.4954,1.4813
29.2,8.641,0.0056,0.0068,0.5004,0.001,0.5,0.0,1.5394,1.4954,1.4813
29.2,8.641,0.0056,0.0068,0.5004,0.001,0.5,0.0,1.501,1.398,1.3817
29.233,8.6494,0.0056,0.0068,0.5004,0.0012,0.5,0.0,1.501,1.398,1.3817
29.233,8.6494,0.0056,0.0068,0.5004,0.0012,0.5,0.0,1.501,1.398,1.3817
29.25,8.6661,0.0057,0.0069,0.5005,0.0017,0.5,0.0,1.501,1.398,1.3817
29.25,8.6661,0.0057,0.0069,0.5005,0.0017,0.5,0.0,1.501,1.398,1.3817
29.25,8.6661,0.0057,0.0069,0.5005,0.0017,0.5,0.0,1.501,1.398,1.3817
29.283,8.6744,0.0058,0.0069,0.5006,0.0022,0.5,0.0,1.501,1.398,1.3817
29.3,8.6911,0.0059,0.007,0.5006,0.0022,0.5,0.0,1.501,1.398,1.3817
29.3,8.6911,0.0059,0.007,0.5006,0.0022,0.5,0.0,1.501,1.398,1.3817
29.3,8.6911,0.0059,0.007,0.5006,0.0022,0.5,0.0,1.501,1.398,1.3817
29.333,8.6995,0.0059,0.007,0.5007,0.002,0.5,0.0,1.4532,1.398,1.3817
29.333,8.6995,0.0059,0.007,0.5007,0.002,0.5,0.0,1.4532,1.398,1.3817
29.35,8.7162,0.006,0.0071,0.5008,0.0024,0.5,0.0,1.4532,1.398,1.3817
29.367,8.7245,0.0061,0.0072,0.5009,0.0018,0.5,0.0,1.4532,1.398,1.3817
29.367,8.7245,0.0061,0.0072,0.5009,0.0018,0.5,0.0,1.4532,1.398,1.3817
29.367,8.7245,0.0061,0.0072,0.5009,0.0018,0.5,0.0,1.4532,1.398,1.3817
29.367,8.7245,0.0061,0.0072,0.5009,0.0018,0.5,0.0,1.4532,1.398,1.3817
29.4,8.7329,0.0061,0.0072,0.5008,0.0037,0.5,0.0,1.4532,1.398,1.3817
29.417,8.7496,0.0062,0.0073,0.5008,0.0021,0.5,0.0,1.4532,1.398,1.3817
29.417,8.7496,0.0062,0.0073,0.5008,0.0021,0.5,0.0,1.3809,1.2987,1.2808
29.417,8.7496,0.0062,0.0073,0.5008,0.0021,0.5,0.0,1.3809,1.2987,1.2808
29.417,8.7496,0.0062,0.0073,0.5008,0.0021,0.5,0.0,1.3809,1.2987,1.2808
29.45,8.7579,0.0063,0.0073,0.5007,0.0035,0.5,0.0,1.3809,1.2987,1.2808
29.467,8.7746,0.0064,0.0073,0.5006,0.0027,0.5,0.0,1.3809,1.2987,1.2808
29.467,8.7746,0.0064,0.0073,0.5006,0.0027,0.5,0.0,1.3809,1.2987,1.2808
29.467,8.7746,0.0064,0.0073,0.5006,0.0027,0.5,0.0,1.3809,1.2987,1.2808
29.5,8.7829,0.0064,0.0074,0.5006,0.0025,0.5,0.0,1.3809,1.2987,1.2808
29.5,8.7829,0.0064,0.0074,0.5006,0.0025,0.5,0.0,1.3809,1.2987,1.2808
29.517,8.7996,0.0066,0.0074,0.5004,0.0022,0.5,0.0,1.3809,1.2987,1.2808
29.533,8.808,0.0066,0.0074,0.5004,0.002,0.5,0.0,1.3527,1.2987,1.2808
29.533,8.808,0.0066,0.0074,0.5004,0.002,0.5,0.0,1.3527,1.2987,1.2808
29.533,8.808,0.0066,0.0074,0.5004,0.002,0.5,0.0,1.3527,1.2987,1.2808
29.567,8.8163,0.0067,0.0074,0.5003,0.0018,0.5,0.0,1.3527,1.2987,1.2808
29.567,8.8163,0.0067,0.0074,0.5003,0.0018,0.5,0.0,1.3527,1.2987,1.2808
29.583,8.833,0.0068,0.0074,0.5001,0.0014,0.5,0.0,1.3527,1.2987,1.2808
29.583,8.833,0.0068,0.0074,0.5001,0.0014,0.5,0.0,1.3527,1.2987,1.2808
29.583,8.833,0.0068,0.0074,0.5001,0.0014,0.5,0.0,1.3527,1.2987,1.2808
29.617,8.8413,0.0069,0.0074,0.5001,0.0012,0.5,0.0,1.3527,1.2987,1.2808
29.617,8.8413,0.0069,0.0074,0.5001,0.0012,0.5,0.0,1.3013,1.2007,1.1811
29.633,8.858,0.007,0.0074,0.5,0.0006,0.5,0.0,1.3013,1.2007,1.1811
29.633,8.858,0.007,0.0074,0.5,0.0006,0.5,0.0,1.3013,1.2007,1.1811
29.633,8.858,0.007,0.0074,0.5,0.0006,0.5,0.0,1.3013,1.2007,1.1811
29.667,8.8663,0.0071,0.0074,0.4999,0.0004,0.5,0.0,1.3013,1.2007,1.1811
29.667,8.8663,0.0071,0.0074,0.4999,0.0004,0.5,0.0,1.3013,1.2007,1.1811
29.683,8.883,0.0072,0.0073,0.4997,-0.0001,0.5,0.0,1.3013,1.2007,1.1811
29.7,8.8913,0.0072,0.0074,0.4997,-0.0007,0.5,0.0,1.3013,1.2007,1.1811
29.7,8.8913,0.0072,0.0074,0.4997,-0.0007,0.5,0.0,1.3013,1.2007,1.1811
29.7,8.8913,0.0072,0.0074,0.4997,-0.0007,0.5,0.0,1.3013,1.2007,1.1811
29.7,8.8913,0.0072,0.0074,0.4997,-0.0007,0.5,0.0,1.2645,1.2007,1.1811
29.7,8.8913,0.0072,0.0074,0.4997,-0.0007,0.5,0.0,1.2645,1.2007,1.1811
29.7,8.8913,0.0072,0.0074,0.4997,-0.0007,0.5,0.0,1.2645,1.2007,1.1811
29.7,8.8913,0.0072,0.0074,0.4997,-0.0007,0.5,0.0,1.2645,1.2007,1.1811
29.7,8.8913,0.0072,0.0074,0.4997,-0.0007,0.5,0.0,1.2645,1.2007,1.1811
29.7,8.8913,0.0072,0.0074,0.4997,-0.0007,0.5,0.0,1.2645,1.2007,1.1811
29.7,8.8913,0.0072,0.0074,0.4997,-0.0007,0.5,0.0,1.2645,1.2007,1.1811
29.7,8.8913,0.0072,0.0074,0.4997,-0.0007,0.5,0.0,1.2645,1.2007,1.1811
29.7,8.8913,0.0072,0.0074,0.4997,-0.0007,0.5,0.0,1.2645,1.2007,1.1811
29.733,8.8996,0.0073,0.0074,0.4996,-0.0003,0.5,0.0,1.2645,1.2007,1.1811
29.733,8.8996,0.0073,0.0074,0.4996,-0.0003,0.5,0.0,1.2645,1.2007,1.1811
29.75,8.9163,0.0074,0.0073,0.4995,-0.0009,0.5,0.0,1.2645,1.2007,1.1811
29.75,8.9163,0.0074,0.0073,0.4995,-0.0009,0.5,0.0,1.2645,1.2007,1.1811
29.75,8.9163,0.0074,0.0073,0.4995,-0.0009,0.5,0.0,1.2645,1.2007,1.1811
29.783,8.9246,0.0075,0.0073,0.4995,-0.0013,0.5,0.0,1.2645,1.2007,1.1811
29.783,8.9246,0.0075,0.0073,0.4995,-0.0013,0.5,0.0,1.2645,1.2007,1.1811
29.8,8.9412,0.0076,0.0073,0.4995,-0.0011,0.5,0.0,1.2645,1.2007,1.1811
29.8,8.9412,0.0076,0.0073,0.4995,-0.0011,0.5,0.0,1.2645,1.2007,1.1811
29.8,8.9412,0.0076,0.0073,0.4995,-0.0011,0.5,0.0,1.1926,1.2007,1.1811
29.8,8.9412,0.0076,0.0073,0.4995,-0.0011,0.5,0.0,1.1926,1.2007,1.1811
29.8,8.9412,0.0076,0.0073,0.4995,-0.0011,0.5,0.0,1.1926,1.2007,1.1811
29.8,8.9412,0.0076,0.0073,0.4995,-0.0011,0.5,0.0,1.1926,1.2007,1.1811
29.8,8.9412,0.0076,0.0073,0.4995,-0.0011,0.5,0.0,1.1926,1.2007,1.1811
29.8,8.9412,0.0076,0.0073,0.4995,-0.0011,0.5,0.0,1.1926,1.2007,1.1811
29.8,8.9412,0.0076,0.0073,0.4995,-0.0011,0.5,0.0,1.1926,1.2007,1.1811
29.8,8.9412,0.0076,0.0073,0.4995,-0.0011,0.5,0.0,1.1926,1.2007,1.1811
29.8,8.9412,0.0076,0.0073,0.4995,-0.0011,0.5,0.0,1.1926,1.2007,1.1811
29.8,8.9412,0.0076,0.0073,0.4995,-0.0011,0.5,0.0,1.1926,1.1026,1.0821
29.833,8.9496,0.0077,0.0073,0.4995,-0.0014,0.5,0.0,1.1926,1.1026,1.0821
29.833,8.9496,0.0077,0.0073,0.4995,-0.0014,0.4737,0.0,1.1926,1.1026,1.0821
29.85,8.9662,0.0078,0.0072,0.4996,-0.0014,0.4737,0.0,1.1926,1.1026,1.0821
29.867,8.9746,0.0079,0.0072,0.4997,-0.0008,0.4737,0.0,1.1926,1.1026,1.0821
29.867,8.9746,0.0079,0.0072,0.4997,-0.0008,0.4737,0.0,1.1926,1.1026,1.0821
29.867,8.9746,0.0079,0.0072,0.4997,-0.0008,0.4737,0.0,1.1926,1.1026,1.0821
29.9,8.9829,0.008,0.0072,0.4997,-0.0013,0.4737,0.0,1.1926,1.1026,1.0821
29.9,8.9829,0.008,0.0072,0.4997,-0.0013,0.4737,0.0,1.1926,1.1026,1.0821
29.917,8.9996,0.0081,0.0073,0.4999,-0.0013,0.4737,0.0,1.1926,1.1026,1.0821
29.917,8.9996,0.0081,0.0073,0.4999,-0.0013,0.4474,0.0,1.1622,1.1026,1.0821
29.917,8.9996,0.0081,0.0073,0.4999,-0.0013,0.4474,0.0,1.1622,1.1026,1.0821
29.95,9.0079,0.0081,0.0073,0.5,-0.0011,0.4474,0.0,1.1622,1.1026,1.0821
29.967,9.0246,0.0083,0.0073,0.5001,-0.0009,0.4474,0.0,1.1622,1.1026,1.0821
29.967,9.0246,0.0083,0.0073,0.5001,-0.0009,0.4474,0.0,1.1622,1.1026,1.0821
29.967,9.0246,0.0083,0.0073,0.5001,-0.0009,0.4474,0.0,1.1622,1.1026,1.0821
30.0,9.0327,0.0083,0.0073,0.4794,-0.0001,0.4474,0.0,1.1622,1.1026,1.0821
30.0,9.0327,0.0083,0.0073,0.4794,-0.0001,0.4474,0.0,1.1622,1.1026,1.0821
30.017,9.0486,0.0084,0.0073,0.4742,-0.0003,0.4474,0.0,1.1622,1.1026,1.0821
30.033,9.0565,0.0085,0.0073,0.4741,0.0001,0.4211,0.0,1.0973,1.0038,0.9825
30.033,9.0565,0.0085,0.0073,0.4741,0.0001,0.4211,0.0,1.0973,1.0038,0.9825
30.033,9.0565,0.0085,0.0073,0.4741,0.0001,0.4211,0.0,1.0973,1.0038,0.9825
30.067,9.0644,0.0085,0.0073,0.4741,0.0,0.4211,0.0,1.0973,1.0038,0.9825
30.067,9.0644,0.0085,0.0073,0.4741,0.0,0.4211,0.0,1.0973,1.0038,0.9825
30.083,9.0796,0.0087,0.0073,0.449,0.0007,0.4211,0.0,1.0973,1.0038,0.9825
30.083,9.0796,0.0087,0.0073,0.449,0.0007,0.4211,0.0,1.0973,1.0038,0.9825
30.083,9.0796,0.0087,0.0073,0.449,0.0007,0.4211,0.0,1.0973,1.0038,0.9825
30.117,9.0871,0.0087,0.0074,0.4481,0.0003,0.4211,0.0,1.0973,1.0038,0.9825
30.117,9.0871,0.0087,0.0074,0.4481,0.0003,0.4211,0.0,1.0593,1.0038,0.9825
30.133,9.102,0.0088,0.0074,0.4479,0.0008,0.4211,0.0,1.0593,1.0038,0.9825
30.133,9.102,0.0088,0.0074,0.4479,0.0008,0.3947,0.0,1.0593,1.0038,0.9825
30.133,9.102,0.0088,0.0074,0.4479,0.0008,0.3947,0.0,1.0593,1.0038,0.9825
30.167,9.1095,0.0089,0.0074,0.4479,0.0007,0.3947,0.0,1.0593,1.0038,0.9825
30.183,9.1238,0.009,0.0075,0.4229,-0.0003,0.3947,0.0,1.0593,1.0038,0.9825
30.183,9.1238,0.009,0.0075,0.4229,-0.0003,0.3947,0.0,1.0593,1.0038,0.9825
30.183,9.1238,0.009,0.0075,0.4229,-0.0003,0.3947,0.0,1.0593,1.0038,0.9825
30.183,9.1238,0.009,0.0075,0.4229,-0.0003,0.3947,0.0,1.0593,1.0038,0.9825
30.183,9.1238,0.009,0.0075,0.4229,-0.0003,0.3947,0.0,1.0593,1.0038,0.9825
30.183,9.1238,0.009,0.0075,0.4229,-0.0003,0.3947,0.0,1.0593,1.0038,0.9825
30.183,9.1238,0.009,0.0075,0.4229,-0.0003,0.3947,0.0,1.0593,1.0038,0.9825
30.183,9.1238,0.009,0.0075,0.4229,-0.0003,0.3947,0.0,1.0593,1.0038,0.9825
30.183,9.1238,0.009,0.0075,0.4229,-0.0003,0.3947,0.0,1.0593,1.0038,0.9825
30.183,9.1238,0.009,0.0075,0.4229,-0.0003,0.3947,0.0,1.0593,1.0038,0.9825
30.183,9.1238,0.009,0.0075,0.4229,-0.0003,0.3947,0.0,1.0593,1.0038,0.9825
30.2,9.1308,0.009,0.0074,0.4219,0.0016,0.3947,0.0,1.0593,1.0038,0.9825
30.2,9.1308,0.009,0.0074,0.4219,0.0016,0.3947,0.0,1.0593,1.0038,0.9825
30.2,9.1308,0.009,0.0074,0.4219,0.0016,0.3947,0.0,1.0108,0.916,0.8935
30.233,9.1379,0.0091,0.0075,0.4217,0.0008,0.3947,0.0,1.0108,0.916,0.8935
30.233,9.1379,0.0091,0.0075,0.4217,0.0008,0.3947,0.0,1.0108,0.916,0.8935
30.25,9.1513,0.0092,0.0075,0.3965,0.0005,0.3947,0.0,1.0108,0.916,0.8935
30.25,9.1513,0.0092,0.0075,0.3965,0.0005,0.3947,0.0,1.0108,0.916,0.8935
30.283,9.1579,0.0092,0.0075,0.3956,0.0007,0.3947,0.0,1.0108,0.916,0.8935
30.283,9.1579,0.0092,0.0075,0.3956,0.0007,0.3947,0.0,1.0108,0.916,0.8935
30.3,9.1711,0.0093,0.0075,0.3953,0.0007,0.3684,0.0,1.0108,0.916,0.8935
30.3,9.1711,0.0093,0.0075,0.3953,0.0007,0.3684,0.0,1.0108,0.916,0.8935
30.3,9.1711,0.0093,0.0075,0.3953,0.0007,0.3684,0.0,1.0108,0.916,0.8935
30.333,9.1777,0.0093,0.0075,0.3952,0.0011,0.3684,0.0,0.9787,0.916,0.8935
30.333,9.1777,0.0093,0.0075,0.3952,0.0011,0.3684,0.0,0.9787,0.916,0.8935
30.35,9.1909,0.0094,0.0075,0.3951,0.0009,0.3684,0.0,0.9787,0.916,0.8935
30.367,9.1975,0.0095,0.0075,0.3951,0.0009,0.3684,0.0,0.9787,0.916,0.8935
30.367,9.1975,0.0095,0.0075,0.3951,0.0009,0.3684,0.0,0.9787,0.916,0.8935
30.367,9.1975,0.0095,0.0075,0.3951,0.0009,0.3684,0.0,0.9787,0.916,0.8935
30.367,9.1975,0.0095,0.0075,0.3951,0.0009,0.3684,0.0,0.9787,0.916,0.8935
30.4,9.204,0.0095,0.0076,0.3951,0.0008,0.3684,0.0,0.9787,0.916,0.8935
30.4,9.204,0.0095,0.0076,0.3951,0.0008,0.3684,0.0,0.9787,0.916,0.8935
30.417,9.2172,0.0096,0.0075,0.395,0.0006,0.3684,0.0,0.9787,0.916,0.8935
30.417,9.2172,0.0096,0.0075,0.395,0.0006,0.3421,0.0,0.9306,0.8373,0.8141
30.417,9.2172,0.0096,0.0075,0.395,0.0006,0.3421,0.0,0.9306,0.8373,0.8141
30.45,9.2238,0.0097,0.0075,0.395,0.0006,0.3421,0.0,0.9306,0.8373,0.8141
30.467,9.2364,0.0098,0.0076,0.3697,0.0001,0.3421,0.0,0.9306,0.8373,0.8141
30.467,9.2364,0.0098,0.0076,0.3697,0.0001,0.3421,0.0,0.9306,0.8373,0.8141
30.467,9.2364,0.0098,0.0076,0.3697,0.0001,0.3421,0.0,0.9306,0.8373,0.8141
30.467,9.2364,0.0098,0.0076,0.3697,0.0001,0.3421,0.0,0.9306,0.8373,0.8141
30.5,9.2425,0.0098,0.0075,0.3688,0.0004,0.3421,0.0,0.9306,0.8373,0.8141
30.517,9.2548,0.0099,0.0075,0.3685,-0.0004,0.3421,0.0,0.9306,0.8373,0.8141
30.517,9.2548,0.0099,0.0075,0.3685,-0.0004,0.3421,0.0,0.9077,0.8373,0.8141
30.533,9.2609,0.01,0.0075,0.3685,0.0002,0.3421,0.0,0.9077,0.8373,0.8141
30.533,9.2609,0.01,0.0075,0.3685,0.0002,0.3158,0.0,0.9077,0.8373,0.8141
30.567,9.2671,0.01,0.0075,0.3684,0.0004,0.3158,0.0,0.9077,0.8373,0.8141
30.567,9.2671,0.01,0.0075,0.3684,0.0004,0.3158,0.0,0.9077,0.8373,0.8141
30.583,9.2788,0.0101,0.0075,0.3432,-0.0007,0.3158,0.0,0.9077,0.8373,0.8141
30.583,9.2788,0.0101,0.0075,0.3432,-0.0007,0.3158,0.0,0.9077,0.8373,0.8141
30.583,9.2788,0.0101,0.0075,0.3432,-0.0007,0.3158,0.0,0.9077,0.8373,0.8141
30.583,9.2788,0.0101,0.0075,0.3432,-0.0007,0.3158,0.0,0.9077,0.8373,0.8141
30.617,9.2845,0.0101,0.0075,0.3423,-0.0004,0.3158,0.0,0.9077,0.8373,0.8141
30.617,9.2845,0.0101,0.0075,0.3423,-0.0004,0.3158,0.0,0.8642,0.7645,0.7401
30.633,9.2959,0.0102,0.0075,0.342,-0.0007,0.3158,0.0,0.8642,0.7645,0.7401
30.633,9.2959,0.0102,0.0075,0.342,-0.0007,0.3158,0.0,0.8642,0.7645,0.7401
30.633,9.2959,0.0102,0.0075,0.342,-0.0007,0.3158,0.0,0.8642,0.7645,0.7401
30.667,9.3016,0.0103,0.0075,0.342,-0.0006,0.3158,0.0,0.8642,0.7645,0.7401
30.667,9.3016,0.0103,0.0075,0.342,-0.0006,0.3158,0.0,0.8642,0.7645,0.7401
30.683,9.3128,0.0104,0.0075,0.3211,0.0001,0.3158,0.0,0.8642,0.7645,0.7401
30.7,9.3181,0.0104,0.0075,0.3168,-0.0011,0.2895,0.0,0.8642,0.7645,0.7401
30.7,9.3181,0.0104,0.0075,0.3168,-0.0011,0.2895,0.0,0.8642,0.7645,0.7401
30.7,9.3181,0.0104,0.0075,0.3168,-0.0011,0.2895,0.0,0.8642,0.7645,0.7401
30.7,9.3181,0.0104,0.0075,0.3168,-0.0011,0.2895,0.0,0.8235,0.7645,0.7401
30.7,9.3181,0.0104,0.0075,0.3168,-0.0011,0.2895,0.0,0.8235,0.7645,0.7401
30.7,9.3181,0.0104,0.0075,0.3168,-0.0011,0.2895,0.0,0.8235,0.7645,0.7401
30.7,9.3181,0.0104,0.0075,0.3168,-0.0011,0.2895,0.0,0.8235,0.7645,0.7401
30.7,9.3181,0.0104,0.0075,0.3168,-0.0011,0.2895,0.0,0.8235,0.7645,0.7401
30.7,9.3181,0.0104,0.0075,0.3168,-0.0011,0.2895,0.0,0.8235,0.7645,0.7401
30.7,9.3181,0.0104,0.0075,0.3168,-0.0011,0.2895,0.0,0.8235,0.7645,0.7401
30.7,9.3181,0.0104,0.0075,0.3168,-0.0011,0.2895,0.0,0.8235,0.7645,0.7401
30.7,9.3181,0.0104,0.0075,0.3168,-0.0011,0.2895,0.0,0.8235,0.7645,0.7401
30.7,9.3181,0.0104,0.0075,0.3168,-0.0011,0.2895,0.0,0.8235,0.7645,0.7401
30.733,9.3233,0.0104,0.0075,0.3159,-0.0007,0.2895,0.0,0.8235,0.7645,0.7401
30.733,9.3233,0.0104,0.0075,0.3159,-0.0007,0.2895,0.0,0.8235,0.7645,0.7401
30.75,9.3339,0.0105,0.0075,0.3156,-0.001,0.2895,0.0,0.8235,0.7645,0.7401
30.75,9.3339,0.0105,0.0075,0.3156,-0.001,0.2895,0.0,0.8235,0.7645,0.7401
30.75,9.3339,0.0105,0.0075,0.3156,-0.001,0.2895,0.0,0.8235,0.7645,0.7401
30.783,9.3391,0.0106,0.0075,0.3156,-0.0011,0.2895,0.0,0.8235,0.7645,0.7401
30.783,9.3391,0.0106,0.0075,0.3156,-0.0011,0.2895,0.0,0.8235,0.7645,0.7401
30.783,9.3391,0.0106,0.0075,0.3156,-0.0011,0.2895,0.0,0.8235,0.7645,0.7401
30.783,9.3391,0.0106,0.0075,0.3156,-0.0011,0.2895,0.0,0.8235,0.7645,0.7401
30.783,9.3391,0.0106,0.0075,0.3156,-0.0011,0.2895,0.0,0.8235,0.7645,0.7401
30.783,9.3391,0.0106,0.0075,0.3156,-0.0011,0.2895,0.0,0.8235,0.7645,0.7401
30.783,9.3391,0.0106,0.0075,0.3156,-0.0011,0.2895,0.0,0.8235,0.7645,0.7401
30.783,9.3391,0.0106,0.0075,0.3156,-0.0011,0.2895,0.0,0.8235,0.7645,0.7401
30.783,9.3391,0.0106,0.0075,0.3156,-0.0011,0.2895,0.0,0.8235,0.7645,0.7401
30.8,9.3491,0.0107,0.0075,0.2905,-0.0013,0.2895,0.0,0.8235,0.7645,0.7401
30.8,9.3491,0.0107,0.0075,0.2905,-0.0013,0.2895,0.0,0.8235,0.7645,0.7401
30.8,9.3491,0.0107,0.0075,0.2905,-0.0013,0.2895,0.0,0.7917,0.7007,0.6768
30.833,9.3539,0.0107,0.0075,0.2895,-0.0008,0.2895,0.0,0.7917,0.7007,0.6768
30.833,9.3539,0.0107,0.0075,0.2895,-0.0008,0.2895,0.0,0.7917,0.7007,0.6768
30.85,9.3635,0.0108,0.0074,0.2893,-0.001,0.2895,0.0,0.7917,0.7007,0.6768
30.867,9.3684,0.0108,0.0074,0.2894,-0.0011,0.2895,0.0,0.7917,0.7007,0.6768
30.867,9.3684,0.0108,0.0074,0.2894,-0.0011,0.2895,0.0,0.7917,0.7007,0.6768
30.867,9.3684,0.0108,0.0074,0.2894,-0.0011,0.2632,0.0,0.7917,0.7007,0.6768
30.9,9.3732,0.0109,0.0075,0.2894,-0.001,0.2632,0.0,0.7917,0.7007,0.6768
30.9,9.3732,0.0109,0.0075,0.2894,-0.001,0.2632,0.0,0.7917,0.7007,0.6768
30.917,9.3828,0.0109,0.0075,0.2894,-0.001,0.2632,0.0,0.7917,0.7007,0.6768
30.917,9.3828,0.0109,0.0075,0.2894,-0.001,0.2632,0.0,0.7772,0.7007,0.6768
30.917,9.3828,0.0109,0.0075,0.2894,-0.001,0.2632,0.0,0.7772,0.7007,0.6768
30.95,9.3877,0.011,0.0075,0.2894,-0.001,0.2632,0.0,0.7772,0.7007,0.6768
30.967,9.3973,0.0111,0.0075,0.2894,-0.001,0.2632,0.0,0.7772,0.7007,0.6768
30.967,9.3973,0.0111,0.0075,0.2894,-0.001,0.2632,0.0,0.7772,0.7007,0.6768
30.967,9.3973,0.0111,0.0075,0.2894,-0.001,0.2632,0.0,0.7772,0.7007,0.6768
31.0,9.4022,0.0111,0.0075,0.2894,-0.001,0.2632,0.0,0.7772,0.7007,0.6768
31.0,9.4022,0.0111,0.0075,0.2894,-0.001,0.2632,0.0,0.7772,0.7007,0.6768
31.017,9.4118,0.0112,0.0074,0.2894,-0.0008,0.2632,0.0,0.7772,0.7007,0.6768
31.017,9.4118,0.0112,0.0074,0.2894,-0.0008,0.2632,0.0,0.7344,0.6445,0.619
31.033,9.4164,0.0112,0.0074,0.2687,-0.0004,0.2632,0.0,0.7344,0.6445,0.619
31.033,9.4164,0.0112,0.0074,0.2687,-0.0004,0.2632,0.0,0.7344,0.6445,0.619
31.033,9.4164,0.0112,0.0074,0.2687,-0.0004,0.2632,0.0,0.7344,0.6445,0.619
31.067,9.4209,0.0112,0.0074,0.2643,-0.0012,0.2632,0.0,0.7344,0.6445,0.619
31.083,9.4297,0.0113,0.0074,0.2633,-0.0008,0.2368,0.0,0.7344,0.6445,0.619
31.083,9.4297,0.0113,0.0074,0.2633,-0.0008,0.2368,0.0,0.7344,0.6445,0.619
31.083,9.4297,0.0113,0.0074,0.2633,-0.0008,0.2368,0.0,0.7344,0.6445,0.619
31.083,9.4297,0.0113,0.0074,0.2633,-0.0008,0.2368,0.0,0.7344,0.6445,0.619
31.117,9.434,0.0113,0.0074,0.2632,-0.0009,0.2368,0.0,0.7344,0.6445,0.619
31.117,9.434,0.0113,0.0074,0.2632,-0.0009,0.2368,0.0,0.7344,0.6445,0.619
31.133,9.4428,0.0114,0.0074,0.2632,-0.0008,0.2368,0.0,0.71,0.6445,0.619
31.133,9.4428,0.0114,0.0074,0.2632,-0.0008,0.2368,0.0,0.71,0.6445,0.619
31.133,9.4428,0.0114,0.0074,0.2632,-0.0008,0.2368,0.0,0.71,0.6445,0.619
31.167,9.4472,0.0115,0.0075,0.2633,-0.0007,0.2368,0.0,0.71,0.6445,0.619
31.183,9.456,0.0115,0.0074,0.2633,-0.0008,0.2368,0.0,0.71,0.6445,0.619
31.183,9.456,0.0115,0.0074,0.2633,-0.0008,0.2368,0.0,0.71,0.6445,0.619
31.2,9.4602,0.0116,0.0074,0.2425,-0.0003,0.2368,0.0,0.71,0.6445,0.619
31.2,9.4602,0.0116,0.0074,0.2425,-0.0003,0.2368,0.0,0.71,0.6445,0.619
31.2,9.4602,0.0116,0.0074,0.2425,-0.0003,0.2368,0.0,0.71,0.6445,0.619
31.2,9.4602,0.0116,0.0074,0.2425,-0.0003,0.2368,0.0,0.71,0.6445,0.619
31.2,9.4602,0.0116,0.0074,0.2425,-0.0003,0.2368,0.0,0.71,0.6445,0.619
31.2,9.4602,0.0116,0.0074,0.2425,-0.0003,0.2368,0.0,0.71,0.6445,0.619
31.2,9.4602,0.0116,0.0074,0.2425,-0.0003,0.2368,0.0,0.71,0.6445,0.619
31.2,9.4602,0.0116,0.0074,0.2425,-0.0003,0.2368,0.0,0.71,0.6445,0.619
31.2,9.4602,0.0116,0.0074,0.2425,-0.0003,0.2368,0.0,0.71,0.6445,0.619
31.2,9.4602,0.0116,0.0074,0.2425,-0.0003,0.2368,0.0,0.71,0.6445,0.619
31.2,9.4602,0.0116,0.0074,0.2425,-0.0003,0.2368,0.0,0.71,0.6445,0.619
31.233,9.4642,0.0116,0.0074,0.2382,-0.0012,0.2368,0.0,0.6823,0.5918,0.5658
31.233,9.4642,0.0116,0.0074,0.2382,-0.0012,0.2368,0.0,0.6823,0.5918,0.5658
31.25,9.4721,0.0116,0.0074,0.2371,-0.0009,0.2368,0.0,0.6823,0.5918,0.5658
31.25,9.4721,0.0116,0.0074,0.2371,-0.0009,0.2368,0.0,0.6823,0.5918,0.5658
31.25,9.4721,0.0116,0.0074,0.2371,-0.0009,0.2105,0.0,0.6823,0.5918,0.5658
31.25,9.4721,0.0116,0.0074,0.2371,-0.0009,0.2105,0.0,0.6823,0.5918,0.5658
31.283,9.476,0.0117,0.0075,0.237,-0.0006,0.2105,0.0,0.6823,0.5918,0.5658
31.283,9.476,0.0117,0.0075,0.237,-0.0006,0.2105,0.0,0.6823,0.5918,0.5658
31.3,9.4839,0.0117,0.0074,0.237,-0.0006,0.2105,0.0,0.6823,0.5918,0.5658
31.3,9.4839,0.0117,0.0074,0.237,-0.0006,0.2105,0.0,0.6823,0.5918,0.5658
31.3,9.4839,0.0117,0.0074,0.237,-0.0006,0.2105,0.0,0.6823,0.5918,0.5658
31.333,9.4879,0.0118,0.0074,0.237,-0.0006,0.2105,0.0,0.6501,0.5918,0.5658
31.333,9.4879,0.0118,0.0074,0.237,-0.0006,0.2105,0.0,0.6501,0.5918,0.5658
31.333,9.4879,0.0118,0.0074,0.237,-0.0006,0.2105,0.0,0.6501,0.5918,0.5658
31.35,9.4958,0.0118,0.0074,0.2371,-0.0005,0.2105,0.0,0.6501,0.5918,0.5658
31.367,9.4998,0.0119,0.0074,0.2371,-0.0004,0.2105,0.0,0.6501,0.5918,0.5658
31.367,9.4998,0.0119,0.0074,0.2371,-0.0004,0.2105,0.0,0.6501,0.5918,0.5658
31.367,9.4998,0.0119,0.0074,0.2371,-0.0004,0.2105,0.0,0.6501,0.5918,0.5658
31.4,9.5037,0.0119,0.0074,0.2371,-0.0004,0.2105,0.0,0.6501,0.5918,0.5658
31.4,9.5037,0.0119,0.0074,0.2371,-0.0004,0.2105,0.0,0.6501,0.5918,0.5658
31.417,9.511,0.0119,0.0074,0.2119,-0.0007,0.2105,0.0,0.6501,0.5918,0.5658
31.417,9.511,0.0119,0.0074,0.2119,-0.0007,0.2105,0.0,0.6378,0.5453,0.5197
31.417,9.511,0.0119,0.0074,0.2119,-0.0007,0.2105,0.0,0.6378,0.5453,0.5197
31.45,9.5145,0.012,0.0074,0.211,-0.0002,0.2105,0.0,0.6378,0.5453,0.5197
31.45,9.5145,0.012,0.0074,0.211,-0.0002,0.2105,0.0,0.6378,0.5453,0.5197
31.467,9.5216,0.012,0.0074,0.2108,-0.0001,0.2105,0.0,0.6378,0.5453,0.5197
31.467,9.5216,0.012,0.0074,0.2108,-0.0001,0.3355,-0.1316,0.6378,0.5453,0.5197
31.467,9.5216,0.012,0.0074,0.2108,-0.0001,0.4605,-0.1316,0.6378,0.5453,0.5197
31.5,9.5251,0.012,0.0074,0.2108,-0.0002,0.4737,-0.1316,0.6378,0.5453,0.5197
31.517,9.5321,0.0121,0.0074,0.2108,-0.0002,0.5,-0.1316,0.6378,0.5453,0.5197
31.517,9.5321,0.0121,0.0074,0.2108,-0.0002,0.5,-0.1316,0.6101,0.5453,0.5197
31.533,9.5356,0.0121,0.0075,0.2108,-0.0002,0.4375,-0.0789,0.6101,0.5453,0.5197
31.533,9.5356,0.0121,0.0075,0.2108,-0.0002,0.375,0.0,0.6101,0.5453,0.5197
31.533,9.5356,0.0121,0.0075,0.2108,-0.0002,0.3125,0.0,0.6101,0.5453,0.5197
31.567,9.5392,0.0121,0.0074,0.2108,-0.0002,0.25,0.0,0.6101,0.5453,0.5197
31.567,9.5392,0.0121,0.0074,0.2108,-0.0002,0.1875,0.0,0.6101,0.5453,0.5197
31.583,9.5462,0.0122,0.0074,0.2108,-0.0002,0.1842,0.0,0.6101,0.5453,0.5197
31.583,9.5462,0.0122,0.0074,0.2108,-0.0002,0.1842,0.0,0.6101,0.5453,0.5197
31.583,9.5462,0.0122,0.0074,0.2108,-0.0002,0.1842,0.0,0.6101,0.5453,0.5197
31.617,9.5497,0.0122,0.0075,0.2108,-0.0001,0.1842,0.0,0.6101,0.5453,0.5197
31.617,9.5497,0.0122,0.0075,0.2108,-0.0001,0.1842,0.0,0.5989,0.5039,0.4785
31.633,9.5589,0.0124,0.0069,0.3043,-0.0155,0.1842,0.0,0.5989,0.5039,0.4785
31.633,9.5589,0.0124,0.0069,0.3043,-0.0155,0.1842,0.0,0.5989,0.5039,0.4785
31.633,9.5589,0.0124,0.0069,0.3043,-0.0155,0.1842,0.0,0.5989,0.5039,0.4785
31.667,9.5647,0.0125,0.0063,0.3508,-0.0069,0.1842,0.0,0.5989,0.5039,0.4785
31.667,9.5647,0.0125,0.0063,0.3508,-0.0069,0.1842,0.0,0.5989,0.5039,0.4785
31.683,9.5776,0.0127,0.0056,0.381,-0.0129,0.1842,0.0,0.5989,0.5039,0.4785
31.7,9.5827,0.0127,0.0055,0.2873,-0.0036,0.1579,0.0,0.5989,0.5039,0.4785
31.7,9.5827,0.0127,0.0055,0.2873,-0.0036,0.1579,0.0,0.5989,0.5039,0.4785
31.7,9.5827,0.0127,0.0055,0.2873,-0.0036,0.2829,-0.0789,0.5989,0.5039,0.4785
31.733,9.5867,0.0127,0.0055,0.206,-0.0077,0.3158,-0.0789,0.5578,0.5039,0.4785
31.733,9.5867,0.0127,0.0055,0.206,-0.0077,0.3158,-0.0789,0.5578,0.5039,0.4785
31.733,9.5867,0.0127,0.0055,0.206,-0.0077,0.2533,0.0,0.5578,0.5039,0.4785
31.733,9.5867,0.0127,0.0055,0.206,-0.0077,0.1908,0.0,0.5578,0.5039,0.4785
31.733,9.5867,0.0127,0.0055,0.206,-0.0077,0.1579,0.0,0.5578,0.5039,0.4785
31.733,9.5867,0.0127,0.0055,0.206,-0.0077,0.1579,0.0,0.5578,0.5039,0.4785
31.733,9.5867,0.0127,0.0055,0.206,-0.0077,0.1579,0.0,0.5578,0.5039,0.4785
31.733,9.5867,0.0127,0.0055,0.206,-0.0077,0.1579,0.0,0.5578,0.5039,0.4785
31.733,9.5867,0.0127,0.0055,0.206,-0.0077,0.1579,0.0,0.5578,0.5039,0.4785
31.75,9.593,0.0128,0.0053,0.1852,-0.0069,0.1579,0.0,0.5578,0.5039,0.4785
31.75,9.593,0.0128,0.0053,0.1852,-0.0069,0.1579,0.0,0.5578,0.5039,0.4785
31.75,9.593,0.0128,0.0053,0.1852,-0.0069,0.1579,0.0,0.5578,0.5039,0.4785
31.783,9.5961,0.0128,0.0052,0.1845,-0.0065,0.1579,0.0,0.5578,0.5039,0.4785
31.783,9.5961,0.0128,0.0052,0.1845,-0.0065,0.1579,0.0,0.5578,0.5039,0.4785
31.783,9.5961,0.0128,0.0052,0.1845,-0.0065,0.1579,0.0,0.5578,0.5039,0.4785
31.783,9.5961,0.0128,0.0052,0.1845,-0.0065,0.1579,0.0,0.5578,0.5039,0.4785
31.783,9.5961,0.0128,0.0052,0.1845,-0.0065,0.1579,0.0,0.5578,0.5039,0.4785
31.783,9.5961,0.0128,0.0052,0.1845,-0.0065,0.1579,0.0,0.5578,0.5039,0.4785
31.783,9.5961,0.0128,0.0052,0.1845,-0.0065,0.1579,0.0,0.5578,0.5039,0.4785
31.783,9.5961,0.0128,0.0052,0.1845,-0.0065,0.1579,0.0,0.5578,0.5039,0.4785
31.783,9.5961,0.0128,0.0052,0.1845,-0.0065,0.1579,0.0,0.5578,0.5039,0.4785
31.8,9.6043,0.013,0.0044,0.278,-0.0288,0.1579,0.0,0.5578,0.5039,0.4785
31.8,9.6043,0.013,0.0044,0.278,-0.0288,0.1579,0.0,0.5578,0.5039,0.4785
31.8,9.6043,0.013,0.0044,0.278,-0.0288,0.1579,0.0,0.5396,0.4493,0.4253
31.833,9.6082,0.0131,0.004,0.2118,0.0036,0.1579,0.0,0.5396,0.4493,0.4253
31.833,9.6082,0.0131,0.004,0.2118,0.0036,0.1579,0.0,0.5396,0.4493,0.4253
31.85,9.614,0.0131,0.0038,0.1604,-0.0044,0.1579,0.0,0.5396,0.4493,0.4253
31.867,9.6167,0.0132,0.0038,0.1583,-0.012,0.2829,-0.16,0.5396,0.4493,0.4253
31.867,9.6167,0.0132,0.0038,0.1583,-0.012,0.4079,-0.1842,0.5396,0.4493,0.4253
31.867,9.6167,0.0132,0.0038,0.1583,-0.012,0.3454,-0.0242,0.5396,0.4493,0.4253
31.867,9.6167,0.0132,0.0038,0.1583,-0.012,0.2829,0.0,0.5396,0.4493,0.4253
31.9,9.6193,0.0132,0.0036,0.1581,-0.0056,0.2204,0.0,0.5396,0.4493,0.4253
31.9,9.6193,0.0132,0.0036,0.1581,-0.0056,0.1579,0.0,0.5396,0.4493,0.4253
31.917,9.6246,0.0132,0.0035,0.158,-0.0073,0.2829,-0.1316,0.5396,0.4493,0.4253
31.917,9.6246,0.0132,0.0035,0.158,-0.0073,0.3947,-0.1316,0.5138,0.4493,0.4253
31.917,9.6246,0.0132,0.0035,0.158,-0.0073,0.4211,-0.1316,0.5138,0.4493,0.4253
31.95,9.6272,0.0133,0.0034,0.1579,-0.0104,0.4211,-0.1316,0.5138,0.4493,0.4253
31.95,9.6272,0.0133,0.0034,0.1579,-0.0104,0.4211,-0.1316,0.5138,0.4493,0.4253
31.967,9.6325,0.0133,0.0032,0.1578,-0.0085,0.4474,-0.1316,0.5138,0.4493,0.4253
31.967,9.6325,0.0133,0.0032,0.1578,-0.0085,0.4737,-0.1316,0.5138,0.4493,0.4253
31.967,9.6325,0.0133,0.0032,0.1578,-0.0085,0.4737,-0.1316,0.5138,0.4493,0.4253
32.0,9.6357,0.0133,0.003,0.2048,-0.0708,0.4737,-0.1316,0.5138,0.4493,0.4253
32.017,9.6445,0.0137,0.001,0.2959,-0.0469,0.4112,-0.0789,0.5138,0.4493,0.4253
32.017,9.6445,0.0137,0.001,0.2959,-0.0469,0.3487,-0.0789,0.5023,0.4134,0.4
32.033,9.6484,0.0137,0.0007,0.2011,0.0015,0.2862,0.0,0.5023,0.4134,0.4
32.033,9.6484,0.0137,0.0007,0.2011,0.0015,0.2237,0.0,0.5023,0.4134,0.4
32.033,9.6484,0.0137,0.0007,0.2011,0.0015,0.1612,0.0,0.5023,0.4134,0.4
32.067,9.6522,0.0137,0.0,0.2399,-0.015,0.1316,0.0,0.5023,0.4134,0.4
32.067,9.6522,0.0137,0.0,0.2399,-0.015,0.1316,0.0,0.5023,0.4134,0.4
32.083,9.6623,0.0139,0.0,0.3341,-0.0275,0.1316,0.0,0.5023,0.4134,0.4
32.083,9.6623,0.0139,0.0,0.3341,-0.0275,0.2566,-0.16,0.5023,0.4134,0.4
32.083,9.6623,0.0139,0.0,0.3341,-0.0275,0.3816,-0.1842,0.5023,0.4134,0.4
32.117,9.6685,0.014,-0.0007,0.3806,-0.0382,0.4211,-0.1842,0.5023,0.4134,0.4
32.133,9.6829,0.0143,-0.0028,0.4602,-0.0521,0.3586,-0.0242,0.4723,0.4134,0.4
32.133,9.6829,0.0143,-0.0028,0.4602,-0.0521,0.2961,0.0,0.4723,0.4134,0.4
32.133,9.6829,0.0143,-0.0028,0.4602,-0.0521,0.2336,0.0,0.4723,0.4134,0.4
32.167,9.6902,0.0144,-0.004,0.4227,-0.0394,0.1711,0.0,0.4723,0.4134,0.4
32.167,9.6902,0.0144,-0.004,0.4227,-0.0394,0.1086,0.0,0.4723,0.4134,0.4
32.183,9.7021,0.0146,-0.0053,0.3049,-0.0289,0.1053,0.0,0.4723,0.4134,0.4
32.2,9.706,0.0146,-0.0055,0.2123,0.0067,0.1053,0.0,0.4723,0.4134,0.4
32.2,9.706,0.0146,-0.0055,0.2123,0.0067,0.1053,0.0,0.4723,0.4134,0.4
32.2,9.706,0.0146,-0.0055,0.2123,0.0067,0.1053,0.0,0.4723,0.4134,0.4
32.2,9.706,0.0146,-0.0055,0.2123,0.0067,0.1053,0.0,0.4336,0.4134,0.4
32.2,9.706,0.0146,-0.0055,0.2123,0.0067,0.1053,0.0,0.4336,0.4134,0.4
32.2,9.706,0.0146,-0.0055,0.2123,0.0067,0.1053,0.0,0.4336,0.4134,0.4
32.2,9.706,0.0146,-0.0055,0.2123,0.0067,0.1053,0.0,0.4336,0.4134,0.4
32.2,9.706,0.0146,-0.0055,0.2123,0.0067,0.1053,0.0,0.4336,0.4134,0.4
32.2,9.706,0.0146,-0.0055,0.2123,0.0067,0.1053,0.0,0.4336,0.4,0.4
32.233,9.7089,0.0146,-0.0057,0.149,-0.0226,0.1053,0.0,0.4336,0.4,0.4
32.25,9.7159,0.0147,-0.0069,0.2418,-0.0869,0.1053,0.0,0.4336,0.4,0.4
32.25,9.7159,0.0147,-0.0069,0.2418,-0.0869,0.1053,0.0,0.4336,0.4,0.4
32.25,9.7159,0.0147,-0.0069,0.2418,-0.0869,0.1579,0.0,0.4336,0.4,0.4
32.25,9.7159,0.0147,-0.0069,0.2418,-0.0869,0.1579,0.0,0.4336,0.4,0.4
32.283,9.7207,0.0149,-0.0081,0.2874,-0.0267,0.1579,0.0,0.4336,0.4,0.4
32.3,9.7268,0.0149,-0.0087,0.1243,-0.0179,0.1579,0.0,0.4336,0.4,0.4
32.3,9.7268,0.0149,-0.0087,0.1243,-0.0179,0.1579,0.0,0.4336,0.4,0.4
32.3,9.7268,0.0149,-0.0087,0.1243,-0.0179,0.1579,0.0,0.4336,0.4,0.4
32.333,9.7287,0.015,-0.0089,0.1095,-0.0104,0.1579,0.0,0.4114,0.4,0.4
32.333,9.7287,0.015,-0.0089,0.1095,-0.0104,0.1579,0.0,0.4114,0.4,0.4
32.35,9.7322,0.015,-0.0093,0.1052,-0.0113,0.1316,0.0,0.4114,0.4,0.4
32.367,9.734,0.015,-0.0095,0.1051,-0.018,0.1316,0.0,0.4114,0.4,0.4
32.367,9.734,0.015,-0.0095,0.1051,-0.018,0.1316,0.0,0.4114,0.4,0.4
32.367,9.734,0.015,-0.0095,0.1051,-0.018,0.1316,0.0,0.4114,0.4,0.4
32.367,9.734,0.015,-0.0095,0.1051,-0.018,0.1316,0.0,0.4114,0.4,0.4
32.4,9.7357,0.015,-0.0098,0.104,-0.015,0.1316,0.0,0.4114,0.4,0.4
32.417,9.7404,0.0151,-0.0103,0.1543,-0.0291,0.1316,0.0,0.4114,0.4,0.4
32.417,9.7404,0.0151,-0.0103,0.1543,-0.0291,0.1316,0.0,0.4005,1.5,1.5
32.417,9.7404,0.0151,-0.0103,0.1543,-0.0291,0.1316,0.0,0.4005,1.5,1.5
32.45,9.743,0.0151,-0.0106,0.1567,-0.0178,0.1316,0.0,0.4005,1.5,1.5
32.45,9.743,0.0151,-0.0106,0.1567,-0.0178,0.1316,0.0,0.4005,1.5,1.5
32.467,9.7483,0.0151,-0.0111,0.1574,-0.0155,0.1316,0.0,0.4005,1.5,1.5
32.467,9.7483,0.0151,-0.0111,0.1574,-0.0155,0.2566,0.0,0.4005,1.5,1.5
32.467,9.7483,0.0151,-0.0111,0.1574,-0.0155,0.3816,0.0,0.4005,1.5,1.5
32.5,9.7507,0.0151,-0.0114,0.1369,-0.0195,0.5,0.0,0.4005,1.5,1.5
32.5,9.7507,0.0151,-0.0114,0.1369,-0.0195,0.5,0.0,0.4005,1.5,1.5
32.517,9.7551,0.0151,-0.0118,0.1316,-0.0171,0.5,0.0,0.4005,1.5,1.5
32.533,9.7573,0.0151,-0.012,0.1315,-0.0136,0.5,0.0263,0.4003,1.5,1.5
32.533,9.7573,0.0151,-0.012,0.1315,-0.0136,0.5,0.0263,0.4003,1.5,1.5
32.533,9.7573,0.0151,-0.012,0.1315,-0.0136,0.5,0.0263,0.4003,1.5,1.5
32.567,9.7595,0.0151,-0.0122,0.1315,-0.0182,0.5,0.0263,0.4003,1.5,1.5
32.567,9.7595,0.0151,-0.0122,0.1315,-0.0182,0.5,0.0263,0.4003,1.5,1.5
32.583,9.7639,0.0151,-0.0126,0.1314,-0.0164,0.5,0.0263,0.4003,1.5,1.5
32.583,9.7639,0.0151,-0.0126,0.1314,-0.0164,0.5,0.0263,0.4003,1.5,1.5
32.583,9.7639,0.0151,-0.0126,0.1314,-0.0164,0.5,0.0263,0.4003,1.5,1.5
32.583,9.7639,0.0151,-0.0126,0.1314,-0.0164,0.5,0.0263,0.4003,1.5,1.5
32.583,9.7639,0.0151,-0.0126,0.1314,-0.0164,0.5,0.0263,0.4003,1.5,1.5
32.617,9.7661,0.0151,-0.0127,0.1313,-0.0141,0.5,0.0263,0.4003,1.5,1.5
32.617,9.7661,0.0151,-0.0127,0.1313,-0.0141,0.5,0.0263,0.4001,1.5,1.5
32.633,9.7727,0.0152,-0.0139,0.2247,-0.0721,0.5,0.0263,0.4001,1.5,1.5
32.633,9.7727,0.0152,-0.0139,0.2247,-0.0721,0.5,0.0263,0.4001,1.5,1.5
32.633,9.7727,0.0152,-0.0139,0.2247,-0.0721,0.5,0.0263,0.4001,1.5,1.5
32.667,9.7772,0.0153,-0.0149,0.2702,-0.0436,0.5,0.0263,0.4001,1.5,1.5
32.667,9.7772,0.0153,-0.0149,0.2702,-0.0436,0.5,0.0263,0.4001,1.5,1.5
32.683,9.7883,0.0153,-0.016,0.3616,-0.0407,0.5,0.0263,0.4001,1.5,1.5
32.7,9.795,0.0153,-0.0168,0.4078,-0.0628,0.5,0.0263,0.4001,1.5,1.5
32.7,9.795,0.0153,-0.0168,0.4078,-0.0628,0.5,0.0263,0.4001,1.5,1.5
32.7,9.795,0.0153,-0.0168,0.4078,-0.0628,0.5,0.0263,0.4001,1.5,1.5
32.733,9.8023,0.0154,-0.018,0.4514,-0.0802,0.5,0.0263,0.4001,1.5,1.5
32.733,9.8023,0.0154,-0.018,0.4514,-0.0802,0.5,0.0263,0.4001,1.5,1.5
32.75,9.8182,0.0154,-0.02,0.4922,-0.0696,0.5,0.0263,0.4001,1.5,1.5
32.75,9.8182,0.0154,-0.02,0.4922,-0.0696,0.5,0.0263,0.4001,1.5,1.5
32.75,9.8182,0.0154,-0.02,0.4922,-0.0696,0.5,0.0263,0.4001,1.5,1.5
32.75,9.8182,0.0154,-0.02,0.4922,-0.0696,0.5,0.0263,0.4001,1.5,1.5
32.75,9.8182,0.0154,-0.02,0.4922,-0.0696,0.5,0.0263,0.4001,1.5,1.5
32.75,9.8182,0.0154,-0.02,0.4922,-0.0696,0.5,0.0263,0.4001,1.5,1.5
32.75,9.8182,0.0154,-0.02,0.4922,-0.0696,0.5,0.0263,0.4001,1.5,1.5
32.75,9.8182,0.0154,-0.02,0.4922,-0.0696,0.5,0.0263,0.4001,1.5,1.5
32.75,9.8182,0.0154,-0.02,0.4922,-0.0696,0.5,0.0263,0.4001,1.5,1.5
32.75,9.8182,0.0154,-0.02,0.4922,-0.0696,0.5,0.0263,0.4001,1.5,1.5
32.75,9.8182,0.0154,-0.02,0.4922,-0.0696,0.5,0.0263,0.4001,1.5,1.5
32.783,9.8265,0.0153,-0.0208,0.4979,-0.0547,0.5,0.0263,0.4001,1.5,1.5
32.783,9.8265,0.0153,-0.0208,0.4979,-0.0547,0.5,0.0263,0.4001,1.5,1.5
32.783,9.8265,0.0153,-0.0208,0.4979,-0.0547,0.5,0.0263,0.4001,1.5,1.5
32.783,9.8265,0.0153,-0.0208,0.4979,-0.0547,0.5,0.0263,0.4001,1.5,1.5
32.783,9.8265,0.0153,-0.0208,0.4979,-0.0547,0.5,0.0263,0.4001,1.5,1.5
32.783,9.8265,0.0153,-0.0208,0.4979,-0.0547,0.5,0.0263,0.4001,1.5,1.5
32.783,9.8265,0.0153,-0.0208,0.4979,-0.0547,0.5,0.0263,0.4001,1.5,1.5
32.783,9.8265,0.0153,-0.0208,0.4979,-0.0547,0.5,0.0263,0.4001,1.5,1.5
32.783,9.8265,0.0153,-0.0208,0.4979,-0.0547,0.5,0.0263,0.4001,1.5,1.5
32.8,9.8432,0.0152,-0.0222,0.4998,-0.0475,0.5,0.0263,0.4001,1.5,1.5
32.8,9.8432,0.0152,-0.0222,0.4998,-0.0475,0.5,0.0263,0.4001,1.5,1.5
32.8,9.8432,0.0152,-0.0222,0.4998,-0.0475,0.5,0.0263,0.4086,1.5,1.5
32.833,9.8515,0.0151,-0.0228,0.5014,-0.041,0.5,0.0263,0.4086,1.5,1.5
32.833,9.8515,0.0151,-0.0228,0.5014,-0.041,0.5,0.0263,0.4086,1.5,1.5
32.85,9.8682,0.0148,-0.0238,0.5003,-0.0415,0.5,0.0263,0.4086,1.5,1.5
32.867,9.8765,0.0147,-0.0242,0.5003,-0.0323,0.5,0.0263,0.4086,1.5,1.5
32.867,9.8765,0.0147,-0.0242,0.5003,-0.0323,0.5,0.0263,0.4086,1.5,1.5
32.867,9.8765,0.0147,-0.0242,0.5003,-0.0323,0.5,0.0263,0.4086,1.5,1.5
32.9,9.8849,0.0146,-0.0246,0.5004,-0.0313,0.5,0.0263,0.4086,1.5,1.5
32.9,9.8849,0.0146,-0.0246,0.5004,-0.0313,0.5,0.0263,0.4086,1.5,1.5
32.917,9.9016,0.0142,-0.0252,0.5006,-0.0257,0.5,0.0263,0.4086,1.5,1.5
32.917,9.9016,0.0142,-0.0252,0.5006,-0.0257,0.5,0.0263,0.4033,1.5,1.5
32.917,9.9016,0.0142,-0.0252,0.5006,-0.0257,0.5,0.0263,0.4033,1.5,1.5
32.95,9.9099,0.0141,-0.0255,0.5005,-0.023,0.5,0.0263,0.4033,1.5,1.5
32.967,9.9266,0.0137,-0.026,0.5005,-0.0193,0.5,0.0263,0.4033,1.5,1.5
32.967,9.9266,0.0137,-0.026,0.5005,-0.0193,0.5,0.0263,0.4033,1.5,1.5
32.967,9.9266,0.0137,-0.026,0.5005,-0.0193,0.5,0.0263,0.4033,1.5,1.5
33.0,9.9349,0.0135,-0.0262,0.5005,-0.0176,0.5,0.0263,0.4033,1.5,1.5
33.0,9.9349,0.0135,-0.0262,0.5005,-0.0176,0.5,0.0263,0.4033,1.5,1.5
33.017,9.9516,0.0131,-0.0265,0.5005,-0.0146,0.5,0.0263,0.4033,1.5,1.5
33.033,9.9599,0.0129,-0.0266,0.5006,-0.0136,0.5,0.0263,inf,1.5,1.5
33.033,9.9599,0.0129,-0.0266,0.5006,-0.0136,0.5,0.0263,inf,1.5,1.5
33.033,9.9599,0.0129,-0.0266,0.5006,-0.0136,0.5,0.0263,inf,1.5,1.5
33.033,9.9599,0.0129,-0.0266,0.5006,-0.0136,0.5,0.0263,inf,1.5,1.5
33.033,9.9599,0.0129,-0.0266,0.5006,-0.0136,0.5,0.0263,inf,1.5,1.5
33.067,9.9683,0.0127,-0.0268,0.5007,-0.0131,0.5,0.0263,inf,1.5,1.5
33.067,9.9683,0.0127,-0.0268,0.5007,-0.0131,0.5,0.0263,inf,1.5,1.5
33.083,9.985,0.0123,-0.0269,0.5006,-0.0113,0.5,0.0263,inf,1.5,1.5
33.083,9.985,0.0123,-0.0269,0.5006,-0.0113,0.5,0.0263,inf,1.5,1.5
33.083,9.985,0.0123,-0.0269,0.5006,-0.0113,0.5,0.0263,inf,1.5,1.5
33.117,9.9933,0.0121,-0.027,0.5002,-0.0089,0.5,0.0263,inf,1.5,1.5
33.133,10.01,0.0117,-0.0271,0.5002,-0.0092,0.5,0.0263,inf,1.5,1.5
33.133,10.01,0.0117,-0.0271,0.5002,-0.0092,0.5,0.0263,inf,1.5,1.5
33.133,10.01,0.0117,-0.0271,0.5002,-0.0092,0.5,0.0263,inf,1.5,1.5
33.167,10.0183,0.0114,-0.0271,0.5003,-0.0091,0.5,0.0263,inf,1.5,1.5
33.167,10.0183,0.0114,-0.0271,0.5003,-0.0091,0.5,0.0263,inf,1.5,1.5
33.183,10.0201,0.0114,-0.0277,-0.0006,-0.036,0.5,0.0263,inf,1.5,1.5
33.183,10.0201,0.0114,-0.0277,-0.0006,-0.036,0.5,0.0263,inf,1.5,1.5
33.183,10.0201,0.0114,-0.0277,-0.0006,-0.036,0.5,0.0263,inf,1.5,1.5
33.183,10.0201,0.0114,-0.0277,-0.0006,-0.036,0.5,0.0263,inf,1.5,1.5
33.183,10.0201,0.0114,-0.0277,-0.0006,-0.036,0.5,0.0263,inf,1.5,1.5
33.183,10.0201,0.0114,-0.0277,-0.0006,-0.036,0.5,0.0263,inf,1.5,1.5
33.183,10.0201,0.0114,-0.0277,-0.0006,-0.036,0.5,0.0263,inf,1.5,1.5
33.183,10.0201,0.0114,-0.0277,-0.0006,-0.036,0.5,0.0263,inf,1.5,1.5
33.183,10.0201,0.0114,-0.0277,-0.0006,-0.036,0.5,0.0263,inf,1.5,1.5
33.183,10.0201,0.0114,-0.0277,-0.0006,-0.036,0.5,0.0263,inf,1.5,1.5
33.183,10.0201,0.0114,-0.0277,-0.0006,-0.036,0.5,0.0263,inf,1.5,1.5
33.2,10.0201,0.0114,-0.0283,0.0007,-0.0237,0.5,0.0263,inf,1.5,1.5
33.2,10.0201,0.0114,-0.0283,0.0007,-0.0237,0.5,0.0263,inf,1.5,1.5
33.2,10.0201,0.0114,-0.0283,0.0007,-0.0237,0.5,0.0263,inf,1.5,1.5
33.233,10.0201,0.0114,-0.0283,0.0007,-0.0016,0.5,0.0263,inf,1.5,1.5
33.233,10.0201,0.0114,-0.0283,0.0007,-0.0016,0.5,0.0263,inf,1.5,1.5
33.25,10.0201,0.0113,-0.029,-0.0003,-0.0362,0.5,0.0263,inf,1.5,1.5
33.25,10.0201,0.0113,-0.029,-0.0003,-0.0362,0.5,0.0263,inf,1.5,1.5
33.25,10.0201,0.0113,-0.029,-0.0003,-0.0362,0.5,0.0263,inf,1.5,1.5
33.283,10.0201,0.0114,-0.0292,0.0,-0.0263,0.5,0.0263,inf,1.5,1.5
33.283,10.0201,0.0114,-0.0292,0.0,-0.0263,0.5,0.0263,inf,1.5,1.5
33.3,10.0201,0.0113,-0.0299,0.0002,-0.0138,0.5,0.0263,inf,1.5,1.5
33.3,10.0201,0.0113,-0.0299,0.0002,-0.0138,0.5,0.0263,inf,1.5,1.5
33.3,10.0201,0.0113,-0.0299,0.0002,-0.0138,0.5,0.0263,inf,1.5,1.5
33.333,10.0201,0.0113,-0.0301,0.0001,-0.0561,0.5,0.0263,inf,1.5,1.5
33.35,10.0201,0.0113,-0.0303,0.0002,-0.0107,0.5,0.0263,inf,1.5,1.5
33.35,10.0201,0.0113,-0.0303,0.0002,-0.0107,0.5,0.0263,inf,1.5,1.5
33.35,10.0201,0.0113,-0.0303,0.0002,-0.0107,0.5,0.0263,inf,1.5,1.5
33.367,10.0201,0.0112,-0.0304,-0.0002,-0.0212,0.5,0.0263,inf,1.5,1.5
33.367,10.0201,0.0112,-0.0304,-0.0002,-0.0212,0.5,0.0263,inf,1.5,1.5
33.367,10.0201,0.0112,-0.0304,-0.0002,-0.0212,0.5,0.0263,inf,1.5,1.5
33.4,10.0201,0.0112,-0.0306,-0.0003,-0.0164,0.5,0.0263,inf,1.5,1.5
33.417,10.0201,0.0112,-0.0307,-0.0003,-0.015,0.5,0.0263,inf,1.5,1.5
33.417,10.0201,0.0112,-0.0307,-0.0003,-0.015,0.5,0.0263,inf,1.5,1.5
33.417,10.0201,0.0112,-0.0307,-0.0003,-0.015,0.5,0.0263,inf,1.5,1.5
33.45,10.0201,0.0112,-0.0313,0.0001,-0.0395,0.5,0.0263,inf,1.5,1.5
33.45,10.0201,0.0112,-0.0313,0.0001,-0.0395,0.5,0.0263,inf,1.5,1.5
33.467,10.0201,0.0111,-0.0313,-0.0003,-0.0088,0.5,0.0263,inf,1.5,1.5
33.467,10.0201,0.0111,-0.0313,-0.0003,-0.0088,0.5,0.0263,inf,1.5,1.5
33.467,10.0201,0.0111,-0.0313,-0.0003,-0.0088,0.5,0.0263,inf,1.5,1.5
33.5,10.0201,0.0111,-0.0313,-0.0003,0.0134,0.5,0.0263,inf,1.5,1.5
33.5,10.0201,0.0111,-0.0313,-0.0003,0.0134,0.5,0.0263,inf,1.5,1.5
33.517,10.0201,0.0111,-0.0313,-0.0002,0.0018,0.5,0.0263,inf,1.5,1.5
33.533,10.0201,0.011,-0.0313,-0.0002,-0.0062,0.5,0.0263,inf,1.5,1.5
33.533,10.0201,0.011,-0.0313,-0.0002,-0.0062,0.5,0.0263,inf,1.5,1.5
33.533,10.0201,0.011,-0.0313,-0.0002,-0.0062,0.5,0.0263,inf,1.5,1.5
33.567,10.0201,0.0111,-0.0315,-0.0004,-0.019,0.5,0.0263,inf,1.5,1.5
33.567,10.0201,0.0111,-0.0315,-0.0004,-0.019,0.5,0.0263,inf,1.5,1.5
33.583,10.0201,0.011,-0.0318,-0.0002,-0.0078,0.5,0.0263,inf,1.5,1.5
33.583,10.0201,0.011,-0.0318,-0.0002,-0.0078,0.5,0.0263,inf,1.5,1.5
33.583,10.0201,0.011,-0.0318,-0.0002,-0.0078,0.5,0.0263,inf,1.5,1.5
33.583,10.0201,0.011,-0.0318,-0.0002,-0.0078,0.5,0.0263,inf,1.5,1.5
33.617,10.0201,0.0109,-0.0316,-0.0002,0.0057,0.5,0.0263,inf,1.5,1.5
33.633,10.0201,0.0109,-0.0314,0.0007,-0.0017,0.5,0.0263,inf,1.5,1.5
33.633,10.0201,0.0109,-0.0314,0.0007,-0.0017,0.5,0.0263,inf,1.5,1.5
33.633,10.0201,0.0109,-0.0314,0.0007,-0.0017,0.5,0.0263,inf,1.5,1.5
33.633,10.0201,0.0109,-0.0314,0.0007,-0.0017,0.5,0.0263,inf,1.5,1.5
33.667,10.0201,0.0108,-0.031,-0.0001,0.0099,0.5,0.0263,inf,1.5,1.5
33.683,10.0201,0.0107,-0.031,0.0,-0.0036,0.5,0.0263,inf,1.5,1.5
33.683,10.0201,0.0107,-0.031,0.0,-0.0036,0.5,0.0263,inf,1.5,1.5
33.7,10.0201,0.0107,-0.031,-0.0002,0.0006,0.5,0.0263,inf,1.5,1.5
33.7,10.0201,0.0107,-0.031,-0.0002,0.0006,0.5,0.0263,inf,1.5,1.5
33.7,10.0201,0.0107,-0.031,-0.0002,0.0006,0.5,0.0263,inf,1.5,1.5
33.733,10.0201,0.0107,-0.0308,-0.0001,-0.002,0.5,0.0263,inf,1.5,1.5
33.733,10.0201,0.0107,-0.0308,-0.0001,-0.002,0.5,0.0263,inf,1.5,1.5
33.75,10.0201,0.0107,-0.031,-0.0002,-0.0151,0.5,0.0263,inf,1.5,1.5
33.75,10.0201,0.0107,-0.031,-0.0002,-0.0151,0.5,0.0263,inf,1.5,1.5
33.75,10.0201,0.0107,-0.031,-0.0002,-0.0151,0.5,0.0263,inf,1.5,1.5
33.75,10.0201,0.0107,-0.031,-0.0002,-0.0151,0.5,0.0263,inf,1.5,1.5
33.75,10.0201,0.0107,-0.031,-0.0002,-0.0151,0.5,0.0263,inf,1.5,1.5
33.75,10.0201,0.0107,-0.031,-0.0002,-0.0151,0.5,0.0263,inf,1.5,1.5
33.75,10.0201,0.0107,-0.031,-0.0002,-0.0151,0.5,0.0263,inf,1.5,1.5
33.75,10.0201,0.0107,-0.031,-0.0002,-0.0151,0.5,0.0263,inf,1.5,1.5
33.783,10.0201,0.0107,-0.0316,-0.0015,-0.0257,0.5,0.0263,inf,1.5,1.5
33.783,10.0201,0.0107,-0.0316,-0.0015,-0.0257,0.5,0.0263,inf,1.5,1.5
33.783,10.0201,0.0107,-0.0316,-0.0015,-0.0257,0.5,0.0263,inf,1.5,1.5
33.783,10.0201,0.0107,-0.0316,-0.0015,-0.0257,0.5,0.0263,inf,1.5,1.5
33.783,10.0201,0.0107,-0.0316,-0.0015,-0.0257,0.5,0.0263,inf,1.5,1.5
33.783,10.0201,0.0107,-0.0316,-0.0015,-0.0257,0.5,0.0263,inf,1.5,1.5
33.783,10.0201,0.0107,-0.0316,-0.0015,-0.0257,0.5,0.0263,inf,1.5,1.5
33.783,10.0201,0.0107,-0.0316,-0.0015,-0.0257,0.5,0.0263,inf,1.5,1.5
33.783,10.0201,0.0107,-0.0316,-0.0015,-0.0257,0.5,0.0263,inf,1.5,1.5
33.783,10.0201,0.0107,-0.0316,-0.0015,-0.0257,0.5,0.0263,inf,1.5,1.5
33.8,10.0201,0.0107,-0.0321,0.0009,-0.0538,0.5,0.0263,inf,1.5,1.5
33.8,10.0201,0.0107,-0.0321,0.0009,-0.0538,0.5,0.0263,inf,1.5,1.5
33.8,10.0201,0.0107,-0.0321,0.0009,-0.0538,0.5,0.0263,inf,1.5,1.5
33.833,10.0201,0.0106,-0.0319,0.0001,0.0063,0.5,0.0263,inf,1.5,1.5
33.833,10.0201,0.0106,-0.0319,0.0001,0.0063,0.5,0.0263,inf,1.5,1.5
33.85,10.0201,0.0106,-0.0324,-0.0009,-0.036,0.5,0.0263,inf,1.5,1.5
33.867,10.0201,0.0106,-0.0327,-0.0021,0.0008,0.5,0.0263,inf,1.5,1.5
33.867,10.0201,0.0106,-0.0327,-0.0021,0.0008,0.5,0.0263,inf,1.5,1.5
33.867,10.0201,0.0106,-0.0327,-0.0021,0.0008,0.5,0.0263,inf,1.5,1.5
33.9,10.0201,0.0105,-0.0327,0.0001,0.0099,0.5,0.0263,inf,1.5,1.5
33.9,10.0201,0.0105,-0.0327,0.0001,0.0099,0.5,0.0263,inf,1.5,1.5
33.917,10.0201,0.0104,-0.0335,0.0004,-0.0238,0.5,0.0263,inf,1.5,1.5
33.917,10.0201,0.0104,-0.0335,0.0004,-0.0238,0.5,0.0263,inf,1.5,1.5
33.917,10.0201,0.0104,-0.0335,0.0004,-0.0238,0.5,0.0263,inf,1.5,1.5
33.95,10.0201,0.0104,-0.0339,-0.0001,-0.0582,0.5,0.0263,inf,1.5,1.5
33.95,10.0201,0.0104,-0.0339,-0.0001,-0.0582,0.5,0.0263,inf,1.5,1.5
33.967,10.0201,0.0103,-0.0341,-0.0003,-0.0224,0.5,0.0263,inf,1.5,1.5
33.967,10.0201,0.0103,-0.0341,-0.0003,-0.0224,0.5,0.0263,inf,1.5,1.5
34.0,10.0201,0.0103,-0.0347,-0.0002,-0.0302,0.5,0.0263,inf,1.5,1.5
34.0,10.0201,0.0103,-0.0347,-0.0002,-0.0302,0.5,0.0263,inf,1.5,1.5
34.017,10.02,0.0101,-0.0354,0.0006,-0.0372,0.5,0.0263,inf,1.5,1.5
34.033,10.02,0.01,-0.0358,0.0005,-0.0309,0.5,0.0263,inf,1.5,1.5
34.033,10.02,0.01,-0.0358,0.0005,-0.0309,0.5,0.0263,inf,1.5,1.5
34.033,10.02,0.01,-0.0358,0.0005,-0.0309,0.5,0.0263,inf,1.5,1.5
34.033,10.02,0.01,-0.0358,0.0005,-0.0309,0.5,0.0263,inf,1.5,1.5
34.067,10.02,0.0099,-0.0362,-0.0003,-0.0555,0.5,0.0263,inf,1.5,1.5
34.083,10.02,0.0096,-0.0379,-0.0011,-0.1119,0.5,0.0263,inf,1.5,1.5
34.083,10.02,0.0096,-0.0379,-0.0011,-0.1119,0.5,0.0263,inf,1.5,1.5
34.083,10.02,0.0096,-0.0379,-0.0011,-0.1119,0.5,0.0263,inf,1.5,1.5
34.117,10.02,0.0095,-0.039,-0.0016,-0.0589,0.5,0.0263,inf,1.5,1.5
34.117,10.02,0.0095,-0.039,-0.0016,-0.0589,0.5,0.0263,inf,1.5,1.5
34.133,10.02,0.0093,-0.0402,-0.0009,-0.0492,0.5,0.0263,inf,1.5,1.5
34.133,10.02,0.0093,-0.0402,-0.0009,-0.0492,0.5,0.0789,inf,1.5,1.5
34.133,10.02,0.0093,-0.0402,-0.0009,-0.0492,0.5,0.0789,inf,1.5,1.5
34.133,10.02,0.0093,-0.0402,-0.0009,-0.0492,0.5,0.0789,inf,1.5,1.5
34.133,10.02,0.0093,-0.0402,-0.0009,-0.0492,0.5,0.0789,inf,1.5,1.5
34.133,10.02,0.0093,-0.0402,-0.0009,-0.0492,0.5,0.0789,inf,1.5,1.5
34.133,10.02,0.0093,-0.0402,-0.0009,-0.0492,0.5,0.0789,inf,1.5,1.5
34.133,10.02,0.0093,-0.0402,-0.0009,-0.0492,0.5,0.0789,inf,1.5,1.5
34.133,10.02,0.0093,-0.0402,-0.0009,-0.0492,0.5,0.0789,inf,1.5,1.5
34.133,10.02,0.0093,-0.0402,-0.0009,-0.0492,0.5,0.0789,inf,1.5,1.5
34.133,10.02,0.0093,-0.0402,-0.0009,-0.0492,0.5,0.0789,inf,1.5,1.5
34.133,10.02,0.0093,-0.0402,-0.0009,-0.0492,0.5,0.0789,inf,1.5,1.5
34.133,10.02,0.0093,-0.0402,-0.0009,-0.0492,0.5,0.0789,inf,1.5,1.5
34.133,10.02,0.0093,-0.0402,-0.0009,-0.0492,0.5,0.0789,inf,1.5,1.5
34.133,10.02,0.0093,-0.0402,-0.0009,-0.0492,0.5,0.0789,inf,1.5,1.5
34.133,10.02,0.0093,-0.0402,-0.0009,-0.0492,0.5,0.0789,inf,1.5,1.5
34.133,10.02,0.0093,-0.0402,-0.0009,-0.0492,0.5,0.0789,inf,1.5,1.5
34.133,10.02,0.0093,-0.0402,-0.0009,-0.0492,0.5,0.0789,inf,1.5,1.5
34.133,10.02,0.0093,-0.0402,-0.0009,-0.0492,0.5,0.0789,inf,1.5,1.5
34.167,10.02,0.0092,-0.0405,-0.0006,-0.0236,0.5,0.0789,inf,1.5,1.5
34.183,10.02,0.0091,-0.0407,-0.0002,-0.0115,0.5,0.0789,inf,1.5,1.5
34.183,10.02,0.0091,-0.0407,-0.0002,-0.0115,0.5,0.0789,inf,1.5,1.5
34.183,10.02,0.0091,-0.0407,-0.0002,-0.0115,0.5,0.0789,inf,1.5,1.5
34.183,10.02,0.0091,-0.0407,-0.0002,-0.0115,0.5,0.0789,inf,1.5,1.5
34.183,10.02,0.0091,-0.0407,-0.0002,-0.0115,0.5,0.0789,inf,1.5,1.5
34.183,10.02,0.0091,-0.0407,-0.0002,-0.0115,0.5,0.0789,inf,1.5,1.5
34.183,10.02,0.0091,-0.0407,-0.0002,-0.0115,0.5,0.0789,inf,1.5,1.5
34.183,10.02,0.0091,-0.0407,-0.0002,-0.0115,0.5,0.0789,inf,1.5,1.5
34.183,10.02,0.0091,-0.0407,-0.0002,-0.0115,0.5,0.0789,inf,1.5,1.5
34.2,10.02,0.0091,-0.041,-0.0002,-0.0303,0.5,0.0789,inf,1.5,1.5
34.2,10.02,0.0091,-0.041,-0.0002,-0.0303,0.5,0.0789,inf,1.5,1.5
34.2,10.02,0.0091,-0.041,-0.0002,-0.0303,0.5,0.0789,inf,1.5,1.5
34.233,10.0199,0.009,-0.0413,-0.0005,-0.0246,0.5,0.0789,inf,1.5,1.5
34.233,10.0199,0.009,-0.0413,-0.0005,-0.0246,0.5,0.0789,inf,1.5,1.5
34.25,10.0199,0.0089,-0.042,-0.0005,-0.0231,0.5,0.0789,inf,1.5,1.5
34.25,10.0199,0.0089,-0.042,-0.0005,-0.0231,0.5,0.0789,inf,1.5,1.5
34.25,10.0199,0.0089,-0.042,-0.0005,-0.0231,0.5,0.0789,inf,1.5,1.5
34.283,10.0199,0.0088,-0.0423,-0.0006,-0.0261,0.5,0.0789,inf,1.5,1.5
34.3,10.0199,0.0086,-0.043,-0.0006,-0.0243,0.5,0.0789,inf,1.5,1.5
34.3,10.0199,0.0086,-0.043,-0.0006,-0.0243,0.5,0.0789,inf,1.5,1.5
34.3,10.0199,0.0086,-0.043,-0.0006,-0.0243,0.5,0.0789,inf,1.5,1.5
34.333,10.0199,0.0085,-0.0434,-0.0007,-0.0253,0.5,0.0789,inf,1.5,1.5
34.333,10.0199,0.0085,-0.0434,-0.0007,-0.0253,0.5,0.0789,inf,1.5,1.5
34.35,10.0199,0.0084,-0.0441,-0.0006,-0.0267,0.5,0.0789,inf,1.5,1.5
34.35,10.0199,0.0084,-0.0441,-0.0006,-0.0267,0.5,0.0789,inf,1.5,1.5
34.367,10.0199,0.0083,-0.0445,-0.0006,-0.0217,0.5,0.0789,inf,1.5,1.5
34.367,10.0199,0.0083,-0.0445,-0.0006,-0.0217,0.5,0.0789,inf,1.5,1.5
34.367,10.0199,0.0083,-0.0445,-0.0006,-0.0217,0.5,0.0789,inf,1.5,1.5
34.367,10.0199,0.0083,-0.0445,-0.0006,-0.0217,0.5,0.0789,inf,1.5,1.5
34.4,10.0199,0.0082,-0.0449,-0.0007,-0.0278,0.5,0.0789,inf,1.5,1.5
34.4,10.0199,0.0082,-0.0449,-0.0007,-0.0278,0.5,0.0789,inf,1.5,1.5
34.417,10.0199,0.008,-0.0456,-0.0007,-0.0285,0.5,0.0789,inf,1.5,1.5
34.417,10.0199,0.008,-0.0456,-0.0007,-0.0285,0.5,0.0789,inf,1.5,1.5
34.45,10.0198,0.008,-0.0461,-0.0007,-0.0266,0.5,0.0789,inf,1.5,1.5
34.45,10.0198,0.008,-0.0461,-0.0007,-0.0266,0.5,0.0789,inf,1.5,1.5
34.467,10.0198,0.0078,-0.0468,-0.0007,-0.0317,0.5,0.0789,inf,1.5,1.5
34.467,10.0198,0.0078,-0.0468,-0.0007,-0.0317,0.5,0.0789,inf,1.5,1.5
34.467,10.0198,0.0078,-0.0468,-0.0007,-0.0317,0.5,0.0789,inf,1.5,1.5
34.5,10.0198,0.0078,-0.0469,-0.0003,-0.0105,0.5,0.0789,inf,1.5,1.5
34.5,10.0198,0.0078,-0.0469,-0.0003,-0.0105,0.5,0.0789,inf,1.5,1.5
34.517,10.0198,0.0076,-0.0477,-0.0006,-0.0281,0.5,0.0789,inf,1.5,1.5
34.533,10.0198,0.0076,-0.0476,-0.0002,-0.0109,0.5,0.0789,inf,1.5,1.5
34.533,10.0198,0.0076,-0.0476,-0.0002,-0.0109,0.5,0.0789,inf,1.5,1.5
34.533,10.0198,0.0076,-0.0476,-0.0002,-0.0109,0.5,0.0789,inf,1.5,1.5
34.533,10.0198,0.0076,-0.0476,-0.0002,-0.0109,0.5,0.0789,inf,1.5,1.5
34.533,10.0198,0.0076,-0.0476,-0.0002,-0.0109,0.5,0.0789,inf,1.5,1.5
34.533,10.0198,0.0076,-0.0476,-0.0002,-0.0109,0.5,0.0789,inf,1.5,1.5
34.533,10.0198,0.0076,-0.0476,-0.0002,-0.0109,0.5,0.0789,inf,1.5,1.5
34.533,10.0198,0.0076,-0.0476,-0.0002,-0.0109,0.5,0.0789,inf,1.5,1.5
34.533,10.0198,0.0076,-0.0476,-0.0002,-0.0109,0.5,0.0789,inf,1.5,1.5
34.533,10.0198,0.0076,-0.0476,-0.0002,-0.0109,0.5,0.0789,inf,1.5,1.5
34.533,10.0198,0.0076,-0.0476,-0.0002,-0.0109,0.5,0.0789,inf,1.5,1.5
34.533,10.0198,0.0076,-0.0476,-0.0002,-0.0109,0.5,0.0789,inf,1.5,1.5
34.533,10.0198,0.0076,-0.0476,-0.0002,-0.0109,0.5,0.0789,inf,1.5,1.5
34.533,10.0198,0.0076,-0.0476,-0.0002,-0.0109,0.5,0.0789,inf,1.5,1.5
34.533,10.0198,0.0076,-0.0476,-0.0002,-0.0109,0.5,0.0789,inf,1.5,1.5
34.533,10.0198,0.0076,-0.0476,-0.0002,-0.0109,0.5,0.0789,inf,1.5,1.5
34.533,10.0198,0.0076,-0.0476,-0.0002,-0.0109,0.5,0.0789,inf,1.5,1.5
34.533,10.0198,0.0076,-0.0476,-0.0002,-0.0109,0.5,0.0789,inf,1.5,1.5
34.567,10.0198,0.0075,-0.0481,-0.0006,-0.0333,0.5,0.0789,inf,1.5,1.5
34.583,10.0198,0.0075,-0.0482,-0.0002,-0.0216,0.5,0.0789,inf,1.5,1.5
34.583,10.0198,0.0075,-0.0482,-0.0002,-0.0216,0.5,0.0789,inf,1.5,1.5
34.583,10.0198,0.0075,-0.0482,-0.0002,-0.0216,0.5,0.0789,inf,1.5,1.5
34.583,10.0198,0.0075,-0.0482,-0.0002,-0.0216,0.5,0.0789,inf,1.5,1.5
34.583,10.0198,0.0075,-0.0482,-0.0002,-0.0216,0.5,0.0789,inf,1.5,1.5
34.583,10.0198,0.0075,-0.0482,-0.0002,-0.0216,0.5,0.0789,inf,1.5,1.5
34.583,10.0198,0.0075,-0.0482,-0.0002,-0.0216,0.5,0.0789,inf,1.5,1.5
34.583,10.0198,0.0075,-0.0482,-0.0002,-0.0216,0.5,0.0789,inf,1.5,1.5
34.583,10.0198,0.0075,-0.0482,-0.0002,-0.0216,0.5,0.0789,inf,1.5,1.5
34.583,10.0198,0.0075,-0.0482,-0.0002,-0.0216,0.5,0.0789,inf,1.5,1.5
34.583,10.0198,0.0075,-0.0482,-0.0002,-0.0216,0.5,0.0789,inf,1.5,1.5
34.583,10.0198,0.0075,-0.0482,-0.0002,-0.0216,0.5,0.0789,inf,1.5,1.5
34.617,10.0198,0.0074,-0.049,-0.0011,-0.0373,0.5,0.0789,inf,1.5,1.5
34.617,10.0198,0.0074,-0.049,-0.0011,-0.0373,0.5,0.0789,inf,1.5,1.5
34.633,10.0198,0.0072,-0.0496,0.0002,-0.0421,0.5,0.0789,inf,1.5,1.5
34.633,10.0198,0.0072,-0.0496,0.0002,-0.0421,0.5,0.0789,inf,1.5,1.5
34.633,10.0198,0.0072,-0.0496,0.0002,-0.0421,0.5,0.0789,inf,1.5,1.5
34.667,10.0198,0.0072,-0.0496,0.0005,0.0086,0.5,0.0789,inf,1.5,1.5
34.683,10.0197,0.0072,-0.0502,0.0,-0.0045,0.5,0.0789,inf,1.5,1.5
34.683,10.0197,0.0072,-0.0502,0.0,-0.0045,0.5,0.0789,inf,1.5,1.5
34.7,10.0197,0.0071,-0.0507,-0.0003,-0.0429,0.5,0.0789,inf,1.5,1.5
34.7,10.0197,0.0071,-0.0507,-0.0003,-0.0429,0.5,0.0789,inf,1.5,1.5
34.7,10.0197,0.0071,-0.0507,-0.0003,-0.0429,0.5,0.0789,inf,1.5,1.5
34.733,10.0197,0.0071,-0.0508,-0.001,-0.0222,0.5,0.0789,inf,1.5,1.5
34.733,10.0197,0.0071,-0.0508,-0.001,-0.0222,0.5,0.0789,inf,1.5,1.5
34.75,10.0197,0.0068,-0.052,-0.0012,-0.0807,0.5,0.0789,inf,1.5,1.5
34.75,10.0197,0.0068,-0.052,-0.0012,-0.0807,0.5,0.0789,inf,1.5,1.5
34.75,10.0197,0.0068,-0.052,-0.0012,-0.0807,0.5,0.0789,inf,1.5,1.5
34.783,10.0197,0.0068,-0.0526,-0.0007,-0.0169,0.5,0.0789,inf,1.5,1.5
34.8,10.0196,0.0066,-0.0536,-0.0007,-0.0227,0.5,0.0789,inf,1.5,1.5
34.8,10.0196,0.0066,-0.0536,-0.0007,-0.0227,0.5,0.0789,inf,1.5,1.5
34.8,10.0196,0.0066,-0.0536,-0.0007,-0.0227,0.5,0.0789,inf,1.5,1.5
34.8,10.0196,0.0066,-0.0536,-0.0007,-0.0227,0.5,0.0789,inf,1.5,1.5
34.8,10.0196,0.0066,-0.0536,-0.0007,-0.0227,0.5,0.0789,inf,1.5,1.5
34.833,10.0196,0.0065,-0.054,-0.0011,-0.0483,0.5,0.0789,inf,1.5,1.5
34.833,10.0196,0.0065,-0.054,-0.0011,-0.0483,0.5,0.0789,inf,1.5,1.5
34.85,10.0196,0.0064,-0.0547,0.0002,-0.0223,0.5,0.0789,inf,1.5,1.5
34.867,10.0196,0.0062,-0.0552,-0.0018,-0.0813,0.5,0.0789,inf,1.5,1.5
34.867,10.0196,0.0062,-0.0552,-0.0018,-0.0813,0.5,0.0789,inf,1.5,1.5
34.867,10.0196,0.0062,-0.0552,-0.0018,-0.0813,0.5,0.0789,inf,1.5,1.5
34.9,10.0196,0.0062,-0.0558,-0.001,-0.0264,0.5,0.0789,inf,1.5,1.5
34.9,10.0196,0.0062,-0.0558,-0.001,-0.0264,0.5,0.0789,inf,1.5,1.5
34.917,10.0195,0.0059,-0.0568,-0.0013,-0.0536,0.5,0.0789,inf,1.5,1.5
34.917,10.0195,0.0059,-0.0568,-0.0013,-0.0536,0.5,0.0789,inf,1.5,1.5
34.917,10.0195,0.0059,-0.0568,-0.0013,-0.0536,0.5,0.0789,inf,1.5,1.5
34.95,10.0195,0.0059,-0.0567,-0.0002,-0.0016,0.5,0.0789,inf,1.5,1.5
34.95,10.0195,0.0059,-0.0567,-0.0002,-0.0016,0.5,0.0789,inf,1.5,1.5
34.967,10.0195,0.0058,-0.0574,-0.0016,-0.0085,0.5,0.0789,inf,1.5,1.5
34.967,10.0195,0.0058,-0.0574,-0.0016,-0.0085,0.5,0.0789,inf,1.5,1.5
34.967,10.0195,0.0058,-0.0574,-0.0016,-0.0085,0.5,0.0789,inf,1.5,1.5
35.0,10.0195,0.0057,-0.0579,-0.0016,-0.0778,0.5,0.0789,inf,1.5,1.5
35.017,10.0195,0.006,-0.0589,-0.0011,-0.0276,0.5,0.0789,inf,1.5,1.5
35.017,10.0195,0.006,-0.0589,-0.0011,-0.0276,0.5,0.0789,inf,1.5,1.5
35.017,10.0195,0.006,-0.0589,-0.0011,-0.0276,0.5,0.0789,inf,1.5,1.5
35.017,10.0195,0.006,-0.0589,-0.0011,-0.0276,0.5,0.0789,inf,1.5,1.5
35.017,10.0195,0.006,-0.0589,-0.0011,-0.0276,0.5,0.0789,inf,1.5,1.5
35.017,10.0195,0.006,-0.0589,-0.0011,-0.0276,0.5,0.0789,inf,1.5,1.5
35.017,10.0195,0.006,-0.0589,-0.0011,-0.0276,0.5,0.0789,inf,1.5,1.5
35.017,10.0195,0.006,-0.0589,-0.0011,-0.0276,0.5,0.0789,inf,1.5,1.5
35.017,10.0195,0.006,-0.0589,-0.0011,-0.0276,0.5,0.0789,inf,1.5,1.5
35.017,10.0195,0.006,-0.0589,-0.0011,-0.0276,0.5,0.0789,inf,1.5,1.5
35.017,10.0195,0.006,-0.0589,-0.0011,-0.0276,0.5,0.0789,inf,1.5,1.5
35.017,10.0195,0.006,-0.0589,-0.0011,-0.0276,0.5,0.0789,inf,1.5,1.5
35.017,10.0195,0.006,-0.0589,-0.0011,-0.0276,0.5,0.0789,inf,1.5,1.5
35.017,10.0195,0.006,-0.0589,-0.0011,-0.0276,0.5,0.0789,inf,1.5,1.5
35.017,10.0195,0.006,-0.0589,-0.0011,-0.0276,0.5,0.0789,inf,1.5,1.5
35.017,10.0195,0.006,-0.0589,-0.0011,-0.0276,0.5,0.0789,inf,1.5,1.5
35.017,10.0195,0.006,-0.0589,-0.0011,-0.0276,0.5,0.0789,inf,1.5,1.5
35.017,10.0195,0.006,-0.0589,-0.0011,-0.0276,0.5,0.0789,inf,1.5,1.5
35.017,10.0195,0.006,-0.0589,-0.0011,-0.0276,0.5,0.0789,inf,1.5,1.5
35.017,10.0195,0.006,-0.0589,-0.0011,-0.0276,0.5,0.0789,inf,1.5,1.5
35.017,10.0195,0.006,-0.0589,-0.0011,-0.0276,0.5,0.0789,inf,1.5,1.5
35.017,10.0195,0.006,-0.0589,-0.0011,-0.0276,0.5,0.0789,inf,1.5,1.5
35.017,10.0195,0.006,-0.0589,-0.0011,-0.0276,0.5,0.0789,inf,1.5,1.5
35.017,10.0195,0.006,-0.0589,-0.0011,-0.0276,0.5,0.0789,inf,1.5,1.5
35.033,10.0195,0.0059,-0.0597,-0.0005,-0.0296,0.5,0.0789,inf,1.5,1.5
35.033,10.0195,0.0059,-0.0597,-0.0005,-0.0296,0.5,0.0789,inf,1.5,1.5
35.033,10.0195,0.0059,-0.0597,-0.0005,-0.0296,0.5,0.0789,inf,1.5,1.5
35.033,10.0195,0.0059,-0.0597,-0.0005,-0.0296,0.5,0.0789,inf,1.5,1.5
35.067,10.0195,0.006,-0.0592,0.0012,0.0544,0.5,0.0789,inf,1.5,1.5
35.083,10.0195,0.0057,-0.0588,-0.0004,0.0028,0.5,0.0789,inf,1.5,1.5
35.083,10.0195,0.0057,-0.0588,-0.0004,0.0028,0.5,0.0789,inf,1.5,1.5
35.083,10.0195,0.0057,-0.0588,-0.0004,0.0028,0.5,0.0789,inf,1.5,1.5
35.117,10.0195,0.0056,-0.0588,0.0,-0.0123,0.5,0.0789,inf,1.5,1.5
35.117,10.0195,0.0056,-0.0588,0.0,-0.0123,0.5,0.0789,inf,1.5,1.5
35.133,10.0195,0.0053,-0.0584,0.0,0.0018,0.5,0.0789,inf,1.5,1.5
35.133,10.0195,0.0053,-0.0584,0.0,0.0018,0.5,0.0789,inf,1.5,1.5
35.133,10.0195,0.0053,-0.0584,0.0,0.0018,0.5,0.0789,inf,1.5,1.5
35.167,10.0195,0.0051,-0.0578,0.0033,0.0678,0.5,0.0789,inf,1.5,1.5
35.167,10.0195,0.0051,-0.0578,0.0033,0.0678,0.5,0.0789,inf,1.5,1.5
35.183,10.0195,0.0044,-0.0544,0.0022,0.1343,0.5,0.0789,inf,1.5,1.5
35.183,10.0195,0.0044,-0.0544,0.0022,0.1343,0.5,0.0789,inf,1.5,1.5
35.183,10.0195,0.0044,-0.0544,0.0022,0.1343,0.5,0.0789,inf,1.5,1.5
35.2,10.0195,0.0038,-0.0527,0.0018,0.101,0.5,0.0789,inf,1.5,1.5
35.2,10.0195,0.0038,-0.0527,0.0018,0.101,0.5,0.0789,inf,1.5,1.5
35.2,10.0195,0.0038,-0.0527,0.0018,0.101,0.5,0.0789,inf,1.5,1.5
35.233,10.0195,0.0035,-0.0502,0.0026,0.152,0.5,0.0789,inf,1.5,1.5
35.25,10.0196,0.0025,-0.0443,0.0036,0.2189,0.5,0.0789,inf,1.5,1.5
35.25,10.0196,0.0025,-0.0443,0.0036,0.2189,0.5,0.0789,inf,1.5,1.5
35.25,10.0196,0.0025,-0.0443,0.0036,0.2189,0.5,0.0789,inf,1.5,1.5
35.283,10.0196,0.0017,-0.042,0.0024,0.1423,0.5,0.0789,inf,1.5,1.5
35.283,10.0196,0.0017,-0.042,0.0024,0.1423,0.5,0.0789,inf,1.5,1.5
35.3,10.0197,0.0008,-0.0344,0.0041,0.2861,0.5,0.0789,inf,1.5,1.5
35.3,10.0197,0.0008,-0.0344,0.0041,0.2861,0.5,0.0789,inf,1.5,1.5
35.3,10.0197,0.0008,-0.0344,0.0041,0.2861,0.5,0.0789,inf,1.5,1.5
35.333,10.0197,0.0,-0.0317,0.002,0.141,0.5,0.0789,inf,1.5,1.5
35.333,10.0197,0.0,-0.0317,0.002,0.141,0.5,0.0789,inf,1.5,1.5
35.333,10.0197,0.0,-0.0317,0.002,0.141,0.5,0.0263,inf,1.5,1.5
35.333,10.0197,0.0,-0.0317,0.002,0.141,0.5,0.0263,inf,1.5,1.5
35.333,10.0197,0.0,-0.0317,0.002,0.141,0.5,0.0263,inf,1.5,1.5
35.333,10.0197,0.0,-0.0317,0.002,0.141,0.5,0.0263,inf,1.5,1.5
35.333,10.0197,0.0,-0.0317,0.002,0.141,0.5,0.0263,inf,1.5,1.5
35.333,10.0197,0.0,-0.0317,0.002,0.141,0.5,0.0263,inf,1.5,1.5
35.333,10.0197,0.0,-0.0317,0.002,0.141,0.5,0.0263,inf,1.5,1.5
35.333,10.0197,0.0,-0.0317,0.002,0.141,0.5,0.0263,inf,1.5,1.5
35.333,10.0197,0.0,-0.0317,0.002,0.141,0.5,0.0263,inf,1.5,1.5
35.333,10.0197,0.0,-0.0317,0.002,0.141,0.5,0.0263,inf,1.5,1.5
35.35,10.0198,-0.0014,-0.0262,0.0017,0.169,0.5,0.0263,inf,1.5,1.5
35.35,10.0198,-0.0014,-0.0262,0.0017,0.169,0.5,0.0263,inf,1.5,1.5
35.367,10.0198,-0.0017,-0.0222,0.0027,0.2492,0.5,0.0263,inf,1.5,1.5
35.367,10.0198,-0.0017,-0.0222,0.0027,0.2492,0.5,0.0263,inf,1.5,1.5
35.367,10.0198,-0.0017,-0.0222,0.0027,0.2492,0.5,0.0263,inf,1.5,1.5
35.367,10.0198,-0.0017,-0.0222,0.0027,0.2492,0.5,0.0263,inf,1.5,1.5
35.367,10.0198,-0.0017,-0.0222,0.0027,0.2492,0.5,0.0263,inf,1.5,1.5
35.367,10.0198,-0.0017,-0.0222,0.0027,0.2492,0.5,0.0263,inf,1.5,1.5
35.367,10.0198,-0.0017,-0.0222,0.0027,0.2492,0.5,0.0263,inf,1.5,1.5
35.367,10.0198,-0.0017,-0.0222,0.0027,0.2492,0.5,0.0263,inf,1.5,1.5
35.367,10.0198,-0.0017,-0.0222,0.0027,0.2492,0.5,0.0263,inf,1.5,1.5
35.367,10.0198,-0.0017,-0.0222,0.0027,0.2492,0.5,0.0263,inf,1.5,1.5
35.367,10.0198,-0.0017,-0.0222,0.0027,0.2492,0.5,0.0263,inf,1.5,1.5
35.4,10.0198,-0.0025,-0.0197,0.0012,0.1435,0.5,0.0263,inf,1.5,1.5
35.4,10.0198,-0.0025,-0.0197,0.0012,0.1435,0.5,0.0263,inf,1.5,1.5
35.417,10.0199,-0.0041,-0.0145,0.0014,0.1556,0.5,0.0263,inf,1.5,1.5
35.417,10.0199,-0.0041,-0.0145,0.0014,0.1556,0.5,0.0263,inf,1.5,1.5
35.417,10.0199,-0.0041,-0.0145,0.0014,0.1556,0.5,0.0263,inf,1.5,1.5
35.45,10.0199,-0.0048,-0.012,0.0009,0.1454,0.5,0.0263,inf,1.5,1.5
35.45,10.0199,-0.0048,-0.012,0.0009,0.1454,0.5,0.0263,inf,1.5,1.5
35.467,10.0199,-0.006,-0.008,0.0008,0.0985,0.5,0.0263,inf,1.5,1.5
35.467,10.0199,-0.006,-0.008,0.0008,0.0985,0.5,0.0263,inf,1.5,1.5
35.467,10.0199,-0.006,-0.008,0.0008,0.0985,0.5,0.0263,inf,1.5,1.5
35.5,10.0199,-0.0065,-0.0065,0.0004,0.0709,0.5,0.0263,inf,1.5,1.5
35.5,10.0199,-0.0065,-0.0065,0.0004,0.0709,0.5,0.0263,inf,1.5,1.5
35.517,10.0199,-0.0068,-0.0054,-0.0003,-0.0145,0.5,0.0263,inf,1.5,1.5
35.533,10.0199,-0.0067,-0.0058,0.0003,-0.0194,0.5,0.0263,inf,1.5,1.5
35.533,10.0199,-0.0067,-0.0058,0.0003,-0.0194,0.5,0.0263,inf,1.5,1.5
35.533,10.0199,-0.0067,-0.0058,0.0003,-0.0194,0.5,0.0263,inf,1.5,1.5
35.567,10.0199,-0.0067,-0.0061,-0.0016,-0.0165,0.5,0.0263,inf,1.5,1.5
35.567,10.0199,-0.0067,-0.0061,-0.0016,-0.0165,0.5,0.0263,inf,1.5,1.5
35.583,10.0199,-0.0066,-0.0071,0.0001,-0.035,0.5,0.0263,inf,1.5,1.5
35.583,10.0199,-0.0066,-0.0071,0.0001,-0.035,0.5,0.0263,inf,1.5,1.5
35.583,10.0199,-0.0066,-0.0071,0.0001,-0.035,0.5,0.0263,inf,1.5,1.5
35.617,10.0199,-0.0066,-0.0072,0.0012,-0.0066,0.5,0.0263,inf,1.5,1.5
35.617,10.0199,-0.0066,-0.0072,0.0012,-0.0066,0.5,0.0263,inf,1.5,1.5
35.617,10.0199,-0.0066,-0.0072,0.0012,-0.0066,0.5,0.0263,inf,1.5,1.5
35.633,10.0199,-0.0067,-0.0069,0.0005,0.014,0.5,0.0263,inf,1.5,1.5
35.633,10.0199,-0.0067,-0.0069,0.0005,0.014,0.5,0.0263,inf,1.5,1.5
35.633,10.0199,-0.0067,-0.0069,0.0005,0.014,0.5,0.0263,inf,1.5,1.5
35.667,10.0199,-0.0067,-0.0069,0.0006,0.0105,0.5,0.0263,inf,1.5,1.5
35.667,10.0199,-0.0067,-0.0069,0.0006,0.0105,0.5,0.0263,inf,1.5,1.5
35.667,10.0199,-0.0067,-0.0069,0.0006,0.0105,0.5,0.0263,inf,1.5,1.5
35.683,10.0199,-0.0066,-0.0071,-0.0,-0.0214,0.5,0.0263,inf,1.5,1.5
35.683,10.0199,-0.0066,-0.0071,-0.0,-0.0214,0.5,0.0263,inf,1.5,1.5
35.7,10.0199,-0.0066,-0.0072,0.0009,-0.0023,0.5,0.0263,inf,1.5,1.5
35.7,10.0199,-0.0066,-0.0072,0.0009,-0.0023,0.5,0.0263,inf,1.5,1.5
35.7,10.0199,-0.0066,-0.0072,0.0009,-0.0023,0.5,0.0263,inf,1.5,1.5
35.733,10.0199,-0.0067,-0.007,-0.0002,0.0101,0.5,0.0263,inf,1.5,1.5
35.75,10.0199,-0.0067,-0.007,0.0003,-0.0184,0.5,0.0263,inf,1.5,1.5
35.75,10.0199,-0.0067,-0.007,0.0003,-0.0184,0.5,0.0263,inf,1.5,1.5
35.75,10.0199,-0.0067,-0.007,0.0003,-0.0184,0.5,0.0263,inf,1.5,1.5
35.75,10.0199,-0.0067,-0.007,0.0003,-0.0184,0.5,0.0263,inf,1.5,1.5
35.75,10.0199,-0.0067,-0.007,0.0003,-0.0184,0.5,0.0263,inf,1.5,1.5
35.75,10.0199,-0.0067,-0.007,0.0003,-0.0184,0.5,0.0263,inf,1.5,1.5
35.75,10.0199,-0.0067,-0.007,0.0003,-0.0184,0.5,0.0263,inf,1.5,1.5
35.75,10.0199,-0.0067,-0.007,0.0003,-0.0184,0.5,0.0263,inf,1.5,1.5
35.75,10.0199,-0.0067,-0.007,0.0003,-0.0184,0.5,0.0263,inf,1.5,1.5
35.75,10.0199,-0.0067,-0.007,0.0003,-0.0184,0.5,0.0263,inf,1.5,1.5
35.75,10.0199,-0.0067,-0.007,0.0003,-0.0184,0.5,0.0263,inf,1.5,1.5
35.75,10.0199,-0.0067,-0.007,0.0003,-0.0184,0.5,0.0263,inf,1.5,1.5
35.75,10.0199,-0.0067,-0.007,0.0003,-0.0184,0.5,0.0263,inf,1.5,1.5
35.783,10.0199,-0.0066,-0.0074,-0.0004,-0.0383,0.5,0.0263,inf,1.5,1.5
35.8,10.0199,-0.0066,-0.0077,0.0001,-0.0151,0.5,0.0263,inf,1.5,1.5
35.8,10.0199,-0.0066,-0.0077,0.0001,-0.0151,0.5,0.0263,inf,1.5,1.5
35.8,10.0199,-0.0066,-0.0077,0.0001,-0.0151,0.5,0.0263,inf,1.5,1.5
35.8,10.0199,-0.0066,-0.0077,0.0001,-0.0151,0.5,0.0263,inf,1.5,1.5
35.8,10.0199,-0.0066,-0.0077,0.0001,-0.0151,0.5,0.0263,inf,1.5,1.5
35.8,10.0199,-0.0066,-0.0077,0.0001,-0.0151,0.5,0.0263,inf,1.5,1.5
35.8,10.0199,-0.0066,-0.0077,0.0001,-0.0151,0.5,0.0263,inf,1.5,1.5
35.8,10.0199,-0.0066,-0.0077,0.0001,-0.0151,0.5,0.0263,inf,1.5,1.5
35.8,10.0199,-0.0066,-0.0077,0.0001,-0.0151,0.5,0.0263,inf,1.5,1.5
35.8,10.0199,-0.0066,-0.0077,0.0001,-0.0151,0.5,0.0263,inf,1.5,1.5
35.833,10.0199,-0.0066,-0.0077,0.0001,-0.0005,0.5,0.0263,inf,1.5,1.5
35.833,10.0199,-0.0066,-0.0077,0.0001,-0.0005,0.5,0.0263,inf,1.5,1.5
35.85,10.0199,-0.0067,-0.0073,-0.0007,-0.0215,0.5,0.0263,inf,1.5,1.5
35.85,10.0199,-0.0067,-0.0073,-0.0007,-0.0215,0.5,0.0263,inf,1.5,1.5
35.867,10.0199,-0.0067,-0.0072,0.0007,-0.0066,0.5,0.0263,inf,1.5,1.5
35.867,10.0199,-0.0067,-0.0072,0.0007,-0.0066,0.5,0.0263,inf,1.5,1.5
35.867,10.0199,-0.0067,-0.0072,0.0007,-0.0066,0.5,0.0263,inf,1.5,1.5
35.9,10.0199,-0.0068,-0.007,0.0001,-0.0136,0.5,0.0263,inf,1.5,1.5
35.9,10.0199,-0.0068,-0.007,0.0001,-0.0136,0.5,0.0263,inf,1.5,1.5
35.917,10.0199,-0.0068,-0.0069,-0.0003,-0.0148,0.5,0.0263,inf,1.5,1.5
35.917,10.0199,-0.0068,-0.0069,-0.0003,-0.0148,0.5,0.0263,inf,1.5,1.5
35.95,10.0199,-0.0069,-0.0068,0.0006,-0.0215,0.5,0.0263,inf,1.5,1.5
35.95,10.0199,-0.0069,-0.0068,0.0006,-0.0215,0.5,0.0263,inf,1.5,1.5
35.967,10.0199,-0.0068,-0.0069,0.0003,-0.0116,0.5,0.0263,inf,1.5,1.5
35.967,10.0199,-0.0068,-0.0069,0.0003,-0.0116,0.5,0.0263,inf,1.5,1.5
35.967,10.0199,-0.0068,-0.0069,0.0003,-0.0116,0.5,0.0263,inf,1.5,1.5
36.0,10.0199,-0.0069,-0.0067,0.0003,0.0312,0.5,0.0263,inf,1.5,1.5
36.0,10.0199,-0.0069,-0.0067,0.0003,0.0312,0.5,0.0263,inf,1.5,1.5
36.017,10.0199,-0.0071,-0.0054,0.0001,0.0363,0.5,0.0263,inf,1.5,1.5
36.033,10.0199,-0.0074,-0.0045,-0.0013,0.0414,0.5,0.0263,inf,1.5,1.5
36.033,10.0199,-0.0074,-0.0045,-0.0013,0.0414,0.5,0.0263,inf,1.5,1.5
36.033,10.0199,-0.0074,-0.0045,-0.0013,0.0414,0.5,0.0263,inf,1.5,1.5
36.033,10.0199,-0.0074,-0.0045,-0.0013,0.0414,0.5,0.0263,inf,1.5,1.5
36.067,10.02,-0.0074,-0.0028,0.0002,0.0769,0.5,0.0263,inf,1.5,1.5
36.083,10.02,-0.0079,-0.0007,0.0002,0.0806,0.5,0.0263,inf,1.5,1.5
36.083,10.02,-0.0079,-0.0007,0.0002,0.0806,0.5,0.0263,inf,1.5,1.5
36.083,10.02,-0.0079,-0.0007,0.0002,0.0806,0.5,0.0263,inf,1.5,1.5
36.117,10.02,-0.0082,0.001,-0.0,0.0863,0.5,0.0263,inf,1.5,1.5
36.117,10.02,-0.0082,0.001,-0.0,0.0863,0.5,0.0263,inf,1.5,1.5
36.133,10.02,-0.0088,0.0041,-0.0001,0.0864,0.5,0.0263,inf,1.5,1.5
36.133,10.02,-0.0088,0.0041,-0.0001,0.0864,0.5,0.0263,inf,1.5,1.5
36.133,10.02,-0.0088,0.0041,-0.0001,0.0864,0.5,0.0263,inf,1.5,1.5
36.167,10.02,-0.0088,0.0065,0.0004,0.1485,0.5,0.0263,inf,1.5,1.5
36.183,10.02,-0.0096,0.0093,-0.0002,0.1149,0.5,0.0263,inf,1.5,1.5
36.183,10.02,-0.0096,0.0093,-0.0002,0.1149,0.5,0.0263,inf,1.5,1.5
36.183,10.02,-0.0096,0.0093,-0.0002,0.1149,0.5,0.0263,inf,1.5,1.5
36.183,10.02,-0.0096,0.0093,-0.0002,0.1149,0.5,0.0263,inf,1.5,1.5
36.183,10.02,-0.0096,0.0093,-0.0002,0.1149,0.5,0.0263,inf,1.5,1.5
36.183,10.02,-0.0096,0.0093,-0.0002,0.1149,0.5,0.0263,inf,1.5,1.5
36.183,10.02,-0.0096,0.0093,-0.0002,0.1149,0.5,0.0263,inf,1.5,1.5
36.183,10.02,-0.0096,0.0093,-0.0002,0.1149,0.5,0.0263,inf,1.5,1.5
36.183,10.02,-0.0096,0.0093,-0.0002,0.1149,0.5,0.0263,inf,1.5,1.5
36.183,10.02,-0.0096,0.0093,-0.0002,0.1149,0.5,0.0263,inf,1.5,1.5
36.183,10.02,-0.0096,0.0093,-0.0002,0.1149,0.5,0.0263,inf,1.5,1.5
36.183,10.02,-0.0096,0.0093,-0.0002,0.1149,0.5,0.0263,inf,1.5,1.5
36.183,10.02,-0.0096,0.0093,-0.0002,0.1149,0.5,-0.0263,inf,1.5,1.5
36.183,10.02,-0.0096,0.0093,-0.0002,0.1149,0.5,-0.0263,inf,1.5,1.5
36.2,10.0201,-0.0097,0.0125,0.0,0.1992,0.5,-0.0263,inf,1.5,1.5
36.2,10.0201,-0.0097,0.0125,0.0,0.1992,0.5,-0.0263,inf,1.5,1.5
36.2,10.0201,-0.0097,0.0125,0.0,0.1992,0.5,-0.0263,inf,1.5,1.5
36.233,10.0201,-0.0102,0.0143,-0.0005,0.0955,0.5,-0.0263,inf,1.5,1.5
36.233,10.0201,-0.0102,0.0143,-0.0005,0.0955,0.5,-0.0263,inf,1.5,1.5
36.25,10.0201,-0.0111,0.0173,0.0002,0.0807,0.5,-0.0263,inf,1.5,1.5
36.25,10.0201,-0.0111,0.0173,0.0002,0.0807,0.5,-0.0263,inf,1.5,1.5
36.25,10.0201,-0.0111,0.0173,0.0002,0.0807,0.5,-0.0263,inf,1.5,1.5
36.283,10.0201,-0.0115,0.019,0.0003,0.1014,0.5,-0.0263,inf,1.5,1.5
36.283,10.0201,-0.0115,0.019,0.0003,0.1014,0.5,-0.0263,inf,1.5,1.5
36.3,10.0201,-0.0125,0.0226,0.0005,0.064,0.5,-0.0263,inf,1.5,1.5
36.3,10.0201,-0.0125,0.0226,0.0005,0.064,0.5,-0.0263,inf,1.5,1.5
36.3,10.0201,-0.0125,0.0226,0.0005,0.064,0.5,-0.0263,inf,1.5,1.5
36.333,10.0202,-0.0131,0.0244,-0.0,0.0976,0.5,-0.0263,inf,1.5,1.5
36.35,10.0202,-0.0142,0.0287,0.0022,0.1572,0.5,-0.0263,inf,1.5,1.5
36.35,10.0202,-0.0142,0.0287,0.0022,0.1572,0.5,-0.0263,inf,1.5,1.5
36.35,10.0202,-0.0142,0.0287,0.0022,0.1572,0.5,-0.0263,inf,1.5,1.5
36.367,10.0202,-0.015,0.0313,-0.0,0.1566,0.5,-0.0263,inf,1.5,1.5
36.367,10.0202,-0.015,0.0313,-0.0,0.1566,0.5,-0.0263,inf,1.5,1.5
36.367,10.0202,-0.015,0.0313,-0.0,0.1566,0.5,-0.0263,inf,1.5,1.5
36.4,10.0202,-0.0158,0.034,-0.0005,0.1534,0.5,-0.0263,inf,1.5,1.5
36.4,10.0202,-0.0158,0.034,-0.0005,0.1534,0.5,-0.0263,inf,1.5,1.5
36.417,10.0203,-0.0175,0.0395,-0.0005,0.1731,0.5,-0.0263,inf,1.5,1.5
36.417,10.0203,-0.0175,0.0395,-0.0005,0.1731,0.5,-0.0263,inf,1.5,1.5
36.417,10.0203,-0.0175,0.0395,-0.0005,0.1731,0.5,-0.0263,inf,1.5,1.5
36.45,10.0203,-0.0184,0.0425,0.0001,0.1776,0.5,-0.0263,inf,1.5,1.5
36.467,10.0204,-0.0202,0.0486,-0.0005,0.1839,0.5,-0.0263,inf,1.5,1.5
36.467,10.0204,-0.0202,0.0486,-0.0005,0.1839,0.5,-0.0263,inf,1.5,1.5
36.467,10.0204,-0.0202,0.0486,-0.0005,0.1839,0.5,-0.0789,inf,1.5,1.5
36.5,10.0204,-0.021,0.0519,-0.0028,0.197,0.5,-0.0789,inf,1.5,1.5
36.5,10.0204,-0.021,0.0519,-0.0028,0.197,0.5,-0.0789,inf,1.5,1.5
36.517,10.0205,-0.023,0.0587,-0.0019,0.2066,0.5,-0.0789,inf,1.5,1.5
36.517,10.0205,-0.023,0.0587,-0.0019,0.2066,0.5,-0.0789,inf,1.5,1.5
36.533,10.0206,-0.0242,0.0625,0.0016,0.2478,0.5,-0.0789,inf,1.5,1.5
36.533,10.0206,-0.0242,0.0625,0.0016,0.2478,0.5,-0.0789,inf,1.5,1.5
36.533,10.0206,-0.0242,0.0625,0.0016,0.2478,0.5,-0.0789,inf,1.5,1.5
36.533,10.0206,-0.0242,0.0625,0.0016,0.2478,0.5,-0.0789,inf,1.5,1.5
36.533,10.0206,-0.0242,0.0625,0.0016,0.2478,0.5,-0.0789,inf,1.5,1.5
36.567,10.0206,-0.0255,0.0668,-0.0013,0.2694,0.5,-0.0789,inf,1.5,1.5
36.567,10.0206,-0.0255,0.0668,-0.0013,0.2694,0.5,-0.0789,inf,1.5,1.5
36.583,10.0207,-0.0283,0.0762,-0.0017,0.2926,0.5,-0.0789,inf,1.5,1.5
36.583,10.0207,-0.0283,0.0762,-0.0017,0.2926,0.5,-0.0789,inf,1.5,1.5
36.583,10.0207,-0.0283,0.0762,-0.0017,0.2926,0.5,-0.0789,inf,1.5,1.5
36.617,10.0208,-0.0296,0.0814,-0.0042,0.3161,0.5,-0.0789,inf,1.5,1.5
36.633,10.0209,-0.0327,0.0921,-0.0002,0.3175,0.5,-0.0789,inf,1.5,1.5
36.633,10.0209,-0.0327,0.0921,-0.0002,0.3175,0.5,-0.0789,inf,1.5,1.5
36.633,10.0209,-0.0327,0.0921,-0.0002,0.3175,0.5,-0.0789,inf,1.5,1.5
36.633,10.0209,-0.0327,0.0921,-0.0002,0.3175,0.5,-0.0789,inf,1.5,1.5
36.667,10.021,-0.0343,0.0972,-0.0061,0.3021,0.5,-0.0789,inf,1.5,1.5
36.683,10.0213,-0.0378,0.109,-0.005,0.3816,0.5,-0.0789,inf,1.5,1.5
36.683,10.0213,-0.0378,0.109,-0.005,0.3816,0.5,-0.0789,inf,1.5,1.5
36.7,10.0214,-0.0397,0.1153,-0.0051,0.4489,0.5,-0.0789,inf,1.5,1.5
36.7,10.0214,-0.0397,0.1153,-0.0051,0.4489,0.5,-0.0789,inf,1.5,1.5
36.7,10.0214,-0.0397,0.1153,-0.0051,0.4489,0.5,-0.1316,inf,1.5,1.5
36.733,10.0215,-0.0416,0.1226,-0.0067,0.3714,0.5,-0.1316,inf,1.5,1.5
36.733,10.0215,-0.0416,0.1226,-0.0067,0.3714,0.5,-0.1316,inf,1.5,1.5
36.75,10.0217,-0.0458,0.137,-0.0094,0.4371,0.5,-0.1316,inf,1.5,1.5
36.75,10.0217,-0.0458,0.137,-0.0094,0.4371,0.5,-0.1316,inf,1.5,1.5
36.75,10.0217,-0.0458,0.137,-0.0094,0.4371,0.5,-0.1316,inf,1.5,1.5
36.783,10.0219,-0.0481,0.1445,-0.0115,0.445,0.5,-0.1316,inf,1.5,1.5
36.783,10.0219,-0.0481,0.1445,-0.0115,0.445,0.5,-0.1316,inf,1.5,1.5
36.783,10.0219,-0.0481,0.1445,-0.0115,0.445,0.5,-0.1316,inf,1.5,1.5
36.8,10.0223,-0.0529,0.1604,-0.009,0.5308,0.5,-0.1316,inf,1.5,1.5
36.8,10.0223,-0.0529,0.1604,-0.009,0.5308,0.5,-0.1316,inf,1.5,1.5
36.8,10.0223,-0.0529,0.1604,-0.009,0.5308,0.5,-0.1316,inf,1.5,1.5
36.833,10.0225,-0.0554,0.1688,-0.0129,0.4917,0.5,-0.1316,inf,1.5,1.5
36.85,10.0229,-0.0607,0.1866,-0.0154,0.5408,0.5,-0.1842,inf,1.5,1.5
36.85,10.0229,-0.0607,0.1866,-0.0154,0.5408,0.5,-0.1842,inf,1.5,1.5
36.867,10.0232,-0.0636,0.196,-0.0177,0.5875,0.5,-0.1842,inf,1.5,1.5
36.867,10.0232,-0.0636,0.196,-0.0177,0.5875,0.5,-0.1842,inf,1.5,1.5
36.867,10.0232,-0.0636,0.196,-0.0177,0.5875,0.4737,-0.1842,inf,1.5,1.5
36.9,10.0234,-0.0665,0.2057,-0.0273,0.61,0.4737,-0.1842,inf,1.5,1.5
36.9,10.0234,-0.0665,0.2057,-0.0273,0.61,0.4737,-0.1842,inf,1.5,1.5
36.917,10.0239,-0.0723,0.2274,-0.0314,0.6309,0.5,-0.2368,inf,1.5,1.5
36.917,10.0239,-0.0723,0.2274,-0.0314,0.6309,0.5,-0.2368,inf,1.5,1.5
36.917,10.0239,-0.0723,0.2274,-0.0314,0.6309,0.5,-0.2368,inf,1.5,1.5
36.917,10.0239,-0.0723,0.2274,-0.0314,0.6309,0.5,-0.2368,inf,1.5,1.5
36.95,10.0241,-0.0751,0.2386,-0.0335,0.6625,0.5,-0.2368,inf,1.5,1.5
36.967,10.0246,-0.0806,0.2631,-0.0356,0.7433,0.5,-0.2895,inf,1.5,1.5
36.967,10.0246,-0.0806,0.2631,-0.0356,0.7433,0.5,-0.2895,inf,1.5,1.5
36.967,10.0246,-0.0806,0.2631,-0.0356,0.7433,0.5,-0.3421,inf,1.5,1.5
37.0,10.0246,-0.083,0.2763,-0.0403,0.7744,0.5,-0.3421,inf,1.5,1.5
37.0,10.0246,-0.083,0.2763,-0.0403,0.7744,0.5,-0.3421,inf,1.5,1.5
37.017,10.0244,-0.0876,0.3035,-0.0482,0.7918,0.5,-0.3421,inf,1.5,1.5
37.033,10.0242,-0.0898,0.3173,-0.0532,0.8306,0.5,-0.3421,inf,1.347,1.5
37.033,10.0242,-0.0898,0.3173,-0.0532,0.8306,0.5,-0.3947,inf,1.347,1.5
37.033,10.0242,-0.0898,0.3173,-0.0532,0.8306,0.5,-0.3947,inf,1.347,1.5
37.067,10.0241,-0.0922,0.3304,-0.0528,0.7888,0.5,-0.3947,inf,1.347,1.5
37.067,10.0241,-0.0922,0.3304,-0.0528,0.7888,0.5,-0.3947,inf,1.347,1.5
37.083,10.0238,-0.0968,0.3568,-0.0606,0.7811,0.4737,-0.3947,inf,1.347,1.5
37.083,10.0238,-0.0968,0.3568,-0.0606,0.7811,0.4737,-0.3947,inf,1.347,1.5
37.083,10.0238,-0.0968,0.3568,-0.0606,0.7811,0.5,-0.4474,inf,1.347,1.5
37.117,10.0235,-0.099,0.3701,-0.0628,0.7914,0.5,-0.4474,inf,1.347,1.5
37.117,10.0235,-0.099,0.3701,-0.0628,0.7914,0.5,-0.4474,1.486,1.347,1.5
37.133,10.023,-0.1034,0.3943,-0.07,0.7305,0.5,-0.4474,1.486,1.347,1.5
37.133,10.023,-0.1034,0.3943,-0.07,0.7305,0.5,-0.3947,1.486,1.347,1.5
37.133,10.023,-0.1034,0.3943,-0.07,0.7305,0.5,-0.3947,1.486,1.347,1.5
37.133,10.023,-0.1034,0.3943,-0.07,0.7305,0.5,-0.3947,1.486,1.347,1.5
37.133,10.023,-0.1034,0.3943,-0.07,0.7305,0.5,-0.3947,1.486,1.347,1.5
37.167,10.0229,-0.1057,0.4062,-0.0648,0.7114,0.5,-0.3947,1.486,1.347,1.5
37.167,10.0229,-0.1057,0.4062,-0.0648,0.7114,0.5,-0.3947,1.486,1.347,1.5
37.183,10.0224,-0.1099,0.4287,-0.067,0.6647,0.5,-0.3947,1.486,1.347,1.5
37.2,10.0221,-0.1119,0.4396,-0.0701,0.6408,0.5,-0.3947,1.486,1.347,1.5
37.2,10.0221,-0.1119,0.4396,-0.0701,0.6408,0.5,-0.3947,1.486,1.347,1.5
37.2,10.0221,-0.1119,0.4396,-0.0701,0.6408,0.5,-0.3947,1.486,1.347,1.5
37.2,10.0221,-0.1119,0.4396,-0.0701,0.6408,0.5,-0.3947,1.4062,1.1592,1.5
37.233,10.0219,-0.1138,0.4502,-0.0687,0.6414,0.5,-0.3947,1.4062,1.1592,1.5
37.233,10.0219,-0.1138,0.4502,-0.0687,0.6414,0.5,-0.3947,1.4062,1.1592,1.5
37.25,10.0215,-0.1179,0.4697,-0.0692,0.6096,0.5,-0.3947,1.4062,1.1592,1.5
37.25,10.0215,-0.1179,0.4697,-0.0692,0.6096,0.4737,-0.3947,1.4062,1.1592,1.5
37.283,10.0214,-0.1199,0.479,-0.0655,0.5658,0.4737,-0.3947,1.4062,1.1592,1.5
37.283,10.0214,-0.1199,0.479,-0.0655,0.5658,0.4737,-0.3947,1.4062,1.1592,1.5
37.3,10.021,-0.1236,0.4969,-0.0613,0.5147,0.5,-0.3947,1.4062,1.1592,1.5
37.3,10.021,-0.1236,0.4969,-0.0613,0.5147,0.4737,-0.3947,1.4062,1.1592,1.5
37.3,10.021,-0.1236,0.4969,-0.0613,0.5147,0.4737,-0.3947,1.4062,1.1592,1.5
37.333,10.0209,-0.1255,0.5051,-0.0631,0.5077,0.4737,-0.3947,1.3246,1.1592,1.5
37.333,10.0209,-0.1255,0.5051,-0.0631,0.5077,0.4737,-0.3947,1.3246,1.1592,1.5
37.35,10.0205,-0.1288,0.5209,-0.0562,0.4487,0.4737,-0.3947,1.3246,1.1592,1.5
37.367,10.0205,-0.1305,0.5277,-0.0557,0.4274,0.4737,-0.3947,1.3246,1.1592,1.5
37.367,10.0205,-0.1305,0.5277,-0.0557,0.4274,0.4737,-0.3947,1.3246,1.1592,1.5
37.367,10.0205,-0.1305,0.5277,-0.0557,0.4274,0.4737,-0.3947,1.3246,1.1592,1.5
37.4,10.0204,-0.1321,0.5344,-0.0554,0.4198,0.5,-0.4474,1.3246,1.1592,1.5
37.4,10.0204,-0.1321,0.5344,-0.0554,0.4198,0.5,-0.4474,1.3246,1.1592,1.5
37.417,10.0202,-0.1349,0.5467,-0.0444,0.3372,0.5,-0.4474,1.3246,1.1592,1.5
37.417,10.0202,-0.1349,0.5467,-0.0444,0.3372,0.5,-0.4474,1.3233,1.1753,1.5
37.417,10.0202,-0.1349,0.5467,-0.0444,0.3372,0.5,-0.4474,1.3233,1.1753,1.5
37.45,10.0204,-0.1365,0.5516,-0.0387,0.2849,0.5,-0.4474,1.3233,1.1753,1.5
37.45,10.0204,-0.1365,0.5516,-0.0387,0.2849,0.5,-0.4474,1.3233,1.1753,1.5
37.467,10.021,-0.1398,0.5608,-0.0383,0.2772,0.5,-0.4474,1.3233,1.1753,1.5
37.467,10.021,-0.1398,0.5608,-0.0383,0.2772,0.5,-0.4474,1.3233,1.1753,1.5
37.467,10.021,-0.1398,0.5608,-0.0383,0.2772,0.5,-0.4474,1.3233,1.1753,1.5
37.5,10.0213,-0.1415,0.5655,-0.0375,0.2712,0.5,-0.4474,1.3233,1.1753,1.5
37.517,10.0219,-0.145,0.5751,-0.0396,0.283,0.5,-0.4474,1.3233,1.1753,1.5
37.517,10.0219,-0.145,0.5751,-0.0396,0.283,0.5,-0.4474,1.3258,1.1753,1.5
37.533,10.0223,-0.1467,0.5799,-0.0394,0.284,0.5,-0.4474,1.3258,1.1753,1.5
37.533,10.0223,-0.1467,0.5799,-0.0394,0.284,0.5,-0.4474,1.3258,1.1753,1.5
37.533,10.0223,-0.1467,0.5799,-0.0394,0.284,0.5,-0.4474,1.3258,1.1753,1.5
37.567,10.0226,-0.1485,0.5848,-0.0417,0.2936,0.5,-0.4474,1.3258,1.1753,1.5
37.583,10.0234,-0.1521,0.5942,-0.0303,0.2141,0.5,-0.4474,1.3258,1.1753,1.5
37.583,10.0234,-0.1521,0.5942,-0.0303,0.2141,0.5,-0.4474,1.3258,1.1753,1.5
37.583,10.0234,-0.1521,0.5942,-0.0303,0.2141,0.5,-0.4474,1.3258,1.1753,1.5
37.617,10.0238,-0.1535,0.5977,-0.0278,0.1967,0.5,-0.4474,1.3258,1.1753,1.5
37.617,10.0238,-0.1535,0.5977,-0.0278,0.1967,0.5,-0.4474,1.3279,1.1891,1.5
37.633,10.0245,-0.1563,0.605,-0.0301,0.215,0.5,-0.4474,1.3279,1.1891,1.5
37.633,10.0245,-0.1563,0.605,-0.0301,0.215,0.5,-0.4474,1.3279,1.1891,1.5
37.633,10.0245,-0.1563,0.605,-0.0301,0.215,0.5,-0.4474,1.3279,1.1891,1.5
37.667,10.0244,-0.1579,0.6084,-0.0353,0.2475,0.5,-0.4474,1.3279,1.1891,1.5
37.667,10.0244,-0.1579,0.6084,-0.0353,0.2475,0.5,-0.4474,1.3279,1.1891,1.5
37.683,10.0251,-0.1609,0.6169,-0.0374,0.2588,0.5,-0.4474,1.3279,1.1891,1.5
37.7,10.0255,-0.1624,0.6213,-0.0386,0.2684,0.5,-0.4474,1.3279,1.1891,1.5
37.7,10.0255,-0.1624,0.6213,-0.0386,0.2684,0.5,-0.4474,1.3279,1.1891,1.5
37.7,10.0255,-0.1624,0.6213,-0.0386,0.2684,0.5,-0.4474,1.3279,1.1891,1.5
37.733,10.0258,-0.164,0.626,-0.0393,0.2737,0.5,-0.4474,1.3358,1.1891,1.5
37.733,10.0258,-0.164,0.626,-0.0393,0.2737,0.5,-0.4474,1.3358,1.1891,1.5
37.733,10.0258,-0.164,0.626,-0.0393,0.2737,0.4737,-0.5,1.3358,1.1891,1.5
37.733,10.0258,-0.164,0.626,-0.0393,0.2737,0.4737,-0.5,1.3358,1.1891,1.5
37.75,10.0266,-0.1673,0.6358,-0.0439,0.3125,0.4737,-0.5,1.3358,1.1891,1.5
37.75,10.0266,-0.1673,0.6358,-0.0439,0.3125,0.5,-0.5,1.3358,1.1891,1.5
37.75,10.0266,-0.1673,0.6358,-0.0439,0.3125,0.5,-0.5,1.3358,1.1891,1.5
37.783,10.0271,-0.1691,0.6411,-0.0445,0.3064,0.5,-0.5,1.3358,1.1891,1.5
37.783,10.0271,-0.1691,0.6411,-0.0445,0.3064,0.5,-0.5,1.3358,1.1891,1.5
37.8,10.028,-0.172,0.6483,-0.0309,0.2257,0.5,-0.5,1.3358,1.1891,1.5
37.8,10.028,-0.172,0.6483,-0.0309,0.2257,0.5,-0.5,1.3358,1.1891,1.5
37.8,10.028,-0.172,0.6483,-0.0309,0.2257,0.4737,-0.5,1.3368,1.1891,1.5
37.833,10.0285,-0.1731,0.6521,-0.0326,0.2311,0.4737,-0.5,1.3368,1.2022,1.5
37.833,10.0285,-0.1731,0.6521,-0.0326,0.2311,0.5,-0.5,1.3368,1.2022,1.5
37.85,10.0291,-0.1758,0.6601,-0.0353,0.2488,0.5,-0.5,1.3368,1.2022,1.5
37.867,10.0294,-0.1772,0.6644,-0.0372,0.2633,0.5,-0.5,1.3368,1.2022,1.5
37.867,10.0294,-0.1772,0.6644,-0.0372,0.2633,0.5,-0.5,1.3368,1.2022,1.5
37.867,10.0294,-0.1772,0.6644,-0.0372,0.2633,0.5,-0.5,1.3368,1.2022,1.5
37.9,10.0298,-0.1787,0.6688,-0.0384,0.2655,0.5,-0.5,1.3368,1.2022,1.5
37.9,10.0298,-0.1787,0.6688,-0.0384,0.2655,0.5,-0.5,1.3368,1.2022,1.5
37.917,10.0307,-0.1817,0.6769,-0.0352,0.2399,0.5,-0.5,1.3368,1.2022,1.5
37.917,10.0307,-0.1817,0.6769,-0.0352,0.2399,0.5,-0.5,1.3359,1.2022,1.5
37.917,10.0307,-0.1817,0.6769,-0.0352,0.2399,0.5,-0.5,1.3359,1.2022,1.5
37.95,10.0312,-0.1832,0.6812,-0.0369,0.2537,0.5,-0.5,1.3359,1.2022,1.5
37.95,10.0312,-0.1832,0.6812,-0.0369,0.2537,0.5,-0.5,1.3359,1.2022,1.5
37.967,10.0321,-0.1863,0.6904,-0.0425,0.3061,0.5,-0.5,1.3359,1.2022,1.5
37.967,10.0321,-0.1863,0.6904,-0.0425,0.3061,0.5,-0.5,1.3359,1.2022,1.5
37.967,10.0321,-0.1863,0.6904,-0.0425,0.3061,0.5,-0.5,1.3359,1.2022,1.5
38.0,10.0325,-0.1879,0.695,-0.0318,0.201,0.5,-0.5,1.3359,1.2022,1.5
38.017,10.0335,-0.1909,0.7033,-0.038,0.2635,0.5,-0.5,1.3359,1.2022,1.5
38.017,10.0335,-0.1909,0.7033,-0.038,0.2635,0.5,-0.5,1.3529,1.2148,1.5
38.033,10.034,-0.1925,0.708,-0.0412,0.2907,0.5,-0.5,1.3529,1.2148,1.5
38.033,10.034,-0.1925,0.708,-0.0412,0.2907,0.5,-0.5,1.3529,1.2148,1.5
38.033,10.034,-0.1925,0.708,-0.0412,0.2907,0.5,-0.5,1.3529,1.2148,1.5
38.067,10.0344,-0.194,0.7129,-0.0419,0.2911,0.5,-0.5,1.3529,1.2148,1.5
38.067,10.0344,-0.194,0.7129,-0.0419,0.2911,0.4737,-0.5,1.3529,1.2148,1.5
38.083,10.0354,-0.1974,0.7226,-0.0424,0.2965,0.4737,-0.5,1.3529,1.2148,1.5
38.083,10.0354,-0.1974,0.7226,-0.0424,0.2965,0.4737,-0.5,1.3529,1.2148,1.5
38.083,10.0354,-0.1974,0.7226,-0.0424,0.2965,0.4737,-0.5,1.3529,1.2148,1.5
38.117,10.0359,-0.199,0.7278,-0.0439,0.3156,0.4737,-0.5,1.3529,1.2148,1.5
38.133,10.0371,-0.202,0.7353,-0.0336,0.2318,0.4474,-0.5,1.3575,1.2148,1.5
38.133,10.0371,-0.202,0.7353,-0.0336,0.2318,0.4474,-0.5,1.3575,1.2148,1.5
38.133,10.0371,-0.202,0.7353,-0.0336,0.2318,0.5,-0.5,1.3575,1.2148,1.5
38.167,10.0375,-0.2033,0.739,-0.03,0.2014,0.5,-0.5,1.3575,1.2148,1.5
38.167,10.0375,-0.2033,0.739,-0.03,0.2014,0.5,-0.5,1.3575,1.2148,1.5
38.183,10.0384,-0.206,0.7467,-0.0345,0.2413,0.5,-0.5,1.3575,1.2148,1.5
38.2,10.0388,-0.2073,0.7508,-0.0353,0.2575,0.4737,-0.5,1.3575,1.2148,1.5
38.2,10.0388,-0.2073,0.7508,-0.0353,0.2575,0.4737,-0.5,1.3575,1.2148,1.5
38.2,10.0388,-0.2073,0.7508,-0.0353,0.2575,0.4474,-0.5,1.3575,1.2148,1.5
38.233,10.0394,-0.2087,0.7537,-0.0192,0.0854,0.4474,-0.5,1.3652,1.2276,1.5
38.233,10.0394,-0.2087,0.7537,-0.0192,0.0854,0.4474,-0.5,1.3652,1.2276,1.5
38.25,10.0403,-0.2106,0.7578,-0.0032,-0.0363,0.5,-0.5,1.3652,1.2276,1.5
38.25,10.0403,-0.2106,0.7578,-0.0032,-0.0363,0.5,-0.5,1.3652,1.2276,1.5
38.25,10.0403,-0.2106,0.7578,-0.0032,-0.0363,0.5,-0.5,1.3652,1.2276,1.5
38.283,10.0405,-0.2111,0.7593,-0.0113,0.0822,0.5,-0.5,1.3652,1.2276,1.5
38.3,10.0406,-0.2117,0.7619,-0.0097,0.0814,0.5,-0.5,1.3652,1.2276,1.5
38.3,10.0406,-0.2117,0.7619,-0.0097,0.0814,0.5,-0.5,1.3652,1.2276,1.5
38.3,10.0406,-0.2117,0.7619,-0.0097,0.0814,0.5,-0.5,1.3652,1.2276,1.5
38.333,10.0407,-0.212,0.7629,-0.0082,0.0607,0.5,-0.5,1.3553,1.2276,1.5
38.333,10.0407,-0.212,0.7629,-0.0082,0.0607,0.5,-0.5,1.3553,1.2276,1.5
38.35,10.0409,-0.2127,0.7648,-0.0083,0.0604,0.5,-0.5,1.3553,1.2276,1.5
38.35,10.0409,-0.2127,0.7648,-0.0083,0.0604,0.5,-0.5,1.3553,1.2276,1.5
38.35,10.0409,-0.2127,0.7648,-0.0083,0.0604,0.5,-0.5,1.3553,1.2276,1.5
38.35,10.0409,-0.2127,0.7648,-0.0083,0.0604,0.5,-0.5,1.3553,1.2276,1.5
38.367,10.041,-0.213,0.7658,-0.0091,0.0628,0.5,-0.5,1.3553,1.2276,1.5
38.367,10.041,-0.213,0.7658,-0.0091,0.0628,0.5,-0.5,1.3553,1.2276,1.5
38.367,10.041,-0.213,0.7658,-0.0091,0.0628,0.5,-0.5,1.3553,1.2276,1.5
38.367,10.041,-0.213,0.7658,-0.0091,0.0628,0.5,-0.5,1.3553,1.2276,1.5
38.4,10.0411,-0.2134,0.767,-0.0101,0.074,0.5,-0.5,1.3553,1.2276,1.5
38.4,10.0411,-0.2134,0.767,-0.0101,0.074,0.5,-0.5,1.3553,1.2276,1.5
38.417,10.0415,-0.2142,0.7687,0.0045,-0.0719,0.5,-0.5,1.3553,1.2276,1.5
38.417,10.0415,-0.2142,0.7687,0.0045,-0.0719,0.5,-0.5,1.3553,1.2322,1.5
38.417,10.0415,-0.2142,0.7687,0.0045,-0.0719,0.5,-0.5,1.3553,1.2322,1.5
38.45,10.0419,-0.2144,0.7671,0.0257,-0.2697,0.5,-0.5,1.3553,1.2322,1.5
38.467,10.0429,-0.2138,0.757,0.0404,-0.3515,0.5,-0.5,1.3553,1.2322,1.5
38.467,10.0429,-0.2138,0.757,0.0404,-0.3515,0.5,-0.5,1.3553,1.2322,1.5
38.467,10.0429,-0.2138,0.757,0.0404,-0.3515,0.5,-0.5,1.3553,1.2322,1.5
38.5,10.0428,-0.2128,0.7525,0.0385,-0.3016,0.5,-0.5,1.3553,1.2322,1.5
38.5,10.0428,-0.2128,0.7525,0.0385,-0.3016,0.5,-0.5,1.3553,1.2322,1.5
38.517,10.0427,-0.2101,0.7387,0.056,-0.4323,0.5,-0.5,1.3553,1.2322,1.5
38.517,10.0427,-0.2101,0.7387,0.056,-0.4323,0.5,-0.5,1.3566,1.2322,1.5
38.533,10.0422,-0.2084,0.7331,0.0406,-0.2788,0.5,-0.5,1.3566,1.2322,1.5
38.533,10.0422,-0.2084,0.7331,0.0406,-0.2788,0.5,-0.5,1.3566,1.2322,1.5
38.533,10.0422,-0.2084,0.7331,0.0406,-0.2788,0.5,-0.5,1.3566,1.2322,1.5
38.567,10.0418,-0.2069,0.7276,0.0448,-0.3425,0.5,-0.5,1.3566,1.2322,1.5
38.583,10.0417,-0.2041,0.7123,0.0534,-0.4289,0.5,-0.5,1.3566,1.2322,1.5
38.583,10.0417,-0.2041,0.7123,0.0534,-0.4289,0.5,-0.5,1.3566,1.2322,1.5
38.583,10.0417,-0.2041,0.7123,0.0534,-0.4289,0.5,-0.5,1.3566,1.2322,1.5
38.583,10.0417,-0.2041,0.7123,0.0534,-0.4289,0.5,-0.5,1.3566,1.2322,1.5
38.583,10.0417,-0.2041,0.7123,0.0534,-0.4289,0.5,-0.5,1.3566,1.2322,1.5
38.617,10.0413,-0.2025,0.7069,0.0401,-0.3079,0.5,-0.5,1.3566,1.2322,1.5
38.633,10.0411,-0.1997,0.6924,0.0547,-0.4352,0.5,-0.5,1.3619,1.219,1.5
38.633,10.0411,-0.1997,0.6924,0.0547,-0.4352,0.5,-0.5,1.3619,1.219,1.5
38.633,10.0411,-0.1997,0.6924,0.0547,-0.4352,0.5,-0.5,1.3619,1.219,1.5
38.667,10.0415,-0.1979,0.6865,0.07,-0.3189,0.5,-0.5,1.3619,1.219,1.5
38.667,10.0415,-0.1979,0.6865,0.07,-0.3189,0.5,-0.5,1.3619,1.219,1.5
38.683,10.0418,-0.1955,0.6734,0.0443,-0.3638,0.5,-0.5,1.3619,1.219,1.5
38.683,10.0418,-0.1955,0.6734,0.0443,-0.3638,0.5,-0.5,1.3619,1.219,1.5
38.7,10.042,-0.1944,0.6676,0.0452,-0.3543,0.5,-0.5,1.3619,1.219,1.5
38.7,10.042,-0.1944,0.6676,0.0452,-0.3543,0.5,-0.5,1.3619,1.219,1.5
38.7,10.042,-0.1944,0.6676,0.0452,-0.3543,0.5,-0.5,1.3486,1.219,1.5
38.733,10.042,-0.193,0.6612,0.0527,-0.4069,0.5,-0.5,1.3486,1.219,1.5
38.75,10.0415,-0.1904,0.6511,0.0266,-0.245,0.5,-0.5,1.3486,1.219,1.5
38.75,10.0415,-0.1904,0.6511,0.0266,-0.245,0.5,-0.5,1.3486,1.219,1.5
38.75,10.0415,-0.1904,0.6511,0.0266,-0.245,0.5,-0.4474,1.3486,1.219,1.5
38.75,10.0415,-0.1904,0.6511,0.0266,-0.245,0.5,-0.4474,1.3486,1.219,1.5
38.783,10.0413,-0.1892,0.6474,0.0263,-0.2169,0.5,-0.4474,1.3486,1.219,1.5
38.783,10.0413,-0.1892,0.6474,0.0263,-0.2169,0.5,-0.4474,1.3486,1.219,1.5
38.8,10.0409,-0.1874,0.6411,0.0196,-0.1529,0.5,-0.4474,1.3486,1.219,1.5
38.8,10.0409,-0.1874,0.6411,0.0196,-0.1529,0.5,-0.4474,1.3486,1.219,1.5
38.8,10.0409,-0.1874,0.6411,0.0196,-0.1529,0.5,-0.4474,1.3242,1.2054,1.5
38.833,10.0406,-0.1867,0.6388,0.0116,-0.1332,0.5,-0.4474,1.3242,1.2054,1.5
38.833,10.0406,-0.1867,0.6388,0.0116,-0.1332,0.5,-0.4474,1.3242,1.2054,1.5
38.85,10.0408,-0.1855,0.6327,0.0415,-0.3386,0.5,-0.4474,1.3242,1.2054,1.5
38.867,10.0408,-0.1847,0.6282,0.0323,-0.279,0.5,-0.3947,1.3242,1.2054,1.5
38.867,10.0408,-0.1847,0.6282,0.0323,-0.279,0.5,-0.3947,1.3242,1.2054,1.5
38.867,10.0408,-0.1847,0.6282,0.0323,-0.279,0.5,-0.3947,1.3242,1.2054,1.5
38.9,10.0407,-0.1838,0.6248,0.0219,-0.1938,0.5,-0.3947,1.3242,1.2054,1.5
38.9,10.0407,-0.1838,0.6248,0.0219,-0.1938,0.5,-0.3947,1.3242,1.2054,1.5
38.917,10.0408,-0.1825,0.618,0.0429,-0.3609,0.5,-0.3947,1.3242,1.2054,1.5
38.917,10.0408,-0.1825,0.618,0.0429,-0.3609,0.5,-0.3947,1.3503,1.2054,1.5
38.917,10.0408,-0.1825,0.618,0.0429,-0.3609,0.5,-0.3947,1.3503,1.2054,1.5
38.95,10.0408,-0.1816,0.6131,0.0342,-0.301,0.5,-0.4474,1.3503,1.2054,1.5
38.95,10.0408,-0.1816,0.6131,0.0342,-0.301,0.5,-0.4474,1.3503,1.2054,1.5
38.95,10.0408,-0.1816,0.6131,0.0342,-0.301,0.5,-0.4474,1.3503,1.2054,1.5
38.967,10.0406,-0.1797,0.6058,0.0184,-0.1729,0.5,-0.4474,1.3503,1.2054,1.5
38.967,10.0406,-0.1797,0.6058,0.0184,-0.1729,0.5,-0.4474,1.3503,1.2054,1.5
38.967,10.0406,-0.1797,0.6058,0.0184,-0.1729,0.5,-0.4474,1.3503,1.2054,1.5
38.967,10.0406,-0.1797,0.6058,0.0184,-0.1729,0.5,-0.4474,1.3503,1.2054,1.5
39.0,10.0408,-0.179,0.6004,0.0452,-0.4052,0.5,-0.4474,1.3503,1.2054,1.5
39.017,10.0405,-0.1768,0.5914,0.0218,-0.2046,0.5,-0.4474,1.3503,1.2054,1.5
39.017,10.0405,-0.1768,0.5914,0.0218,-0.2046,0.5,-0.4474,1.3351,1.2054,1.5
39.033,10.0406,-0.1758,0.5855,0.0476,-0.4291,0.4737,-0.3947,1.3351,1.1971,1.5
39.033,10.0406,-0.1758,0.5855,0.0476,-0.4291,0.4737,-0.3947,1.3351,1.1971,1.5
39.033,10.0406,-0.1758,0.5855,0.0476,-0.4291,0.4737,-0.3947,1.3351,1.1971,1.5
39.067,10.0404,-0.1745,0.58,0.0342,-0.3291,0.4737,-0.3947,1.3351,1.1971,1.5
39.067,10.0404,-0.1745,0.58,0.0342,-0.3291,0.4737,-0.3947,1.3351,1.1971,1.5
39.083,10.0406,-0.1722,0.5666,0.0503,-0.4946,0.5,-0.3947,1.3351,1.1971,1.5
39.083,10.0406,-0.1722,0.5666,0.0503,-0.4946,0.5,-0.3947,1.3351,1.1971,1.5
39.083,10.0406,-0.1722,0.5666,0.0503,-0.4946,0.5,-0.3947,1.3351,1.1971,1.5
39.117,10.0405,-0.1707,0.5598,0.0406,-0.4137,0.5,-0.3947,1.3351,1.1971,1.5
39.133,10.0407,-0.1676,0.5414,0.047,-0.5073,0.5,-0.3947,1.3395,1.1971,1.5
39.133,10.0407,-0.1676,0.5414,0.047,-0.5073,0.5,-0.3947,1.3395,1.1971,1.5
39.133,10.0407,-0.1676,0.5414,0.047,-0.5073,0.5,-0.3947,1.3395,1.1971,1.5
39.167,10.0409,-0.166,0.5302,0.0635,-0.6977,0.5,-0.3947,1.3395,1.1971,1.5
39.167,10.0409,-0.166,0.5302,0.0635,-0.6977,0.5,-0.3947,1.3395,1.1971,1.5
39.183,10.0409,-0.162,0.5076,0.065,-0.7713,0.5,-0.3421,1.3395,1.1971,1.5
39.183,10.0409,-0.162,0.5076,0.065,-0.7713,0.5,-0.3421,1.3395,1.1971,1.5
39.2,10.0408,-0.1598,0.4955,0.0575,-0.7291,0.5,-0.3421,1.3395,1.1971,1.5
39.2,10.0408,-0.1598,0.4955,0.0575,-0.7291,0.5,-0.2895,1.3395,1.1971,1.5
39.2,10.0408,-0.1598,0.4955,0.0575,-0.7291,0.5,-0.2895,1.3876,1.1833,1.5
39.233,10.0408,-0.1576,0.4818,0.0639,-0.8439,0.5,-0.2895,1.3876,1.1833,1.5
39.25,10.0405,-0.1525,0.4514,0.0638,-0.9859,0.5,-0.2895,1.3876,1.1833,1.5
39.25,10.0405,-0.1525,0.4514,0.0638,-0.9859,0.5,-0.2895,1.3876,1.1833,1.5
39.25,10.0405,-0.1525,0.4514,0.0638,-0.9859,0.5,-0.1842,1.3876,1.1833,1.5
39.283,10.0403,-0.1498,0.4356,0.0572,-0.9568,0.5,-0.1842,1.3876,1.1833,1.5
39.283,10.0403,-0.1498,0.4356,0.0572,-0.9568,0.5,-0.1842,1.3876,1.1833,1.5
39.3,10.0397,-0.1443,0.4035,0.0473,-0.9393,0.5,-0.1842,1.3876,1.1833,1.5
39.3,10.0397,-0.1443,0.4035,0.0473,-0.9393,0.5,-0.1842,1.3876,1.1833,1.5
39.3,10.0397,-0.1443,0.4035,0.0473,-0.9393,0.5,-0.1842,1.3876,1.1833,1.5
39.333,10.0394,-0.1416,0.3865,0.0406,-0.9721,0.5,-0.1842,inf,1.1833,1.5
39.333,10.0394,-0.1416,0.3865,0.0406,-0.9721,0.5,-0.1842,inf,1.1833,1.5
39.35,10.0386,-0.1361,0.3516,0.046,-1.0513,0.5,-0.1316,inf,1.1833,1.5
39.367,10.0382,-0.1333,0.3333,0.0305,-1.0209,0.5,-0.0789,inf,1.1833,1.5
39.367,10.0382,-0.1333,0.3333,0.0305,-1.0209,0.5,-0.0789,inf,1.1833,1.5
39.367,10.0382,-0.1333,0.3333,0.0305,-1.0209,0.5,-0.0789,inf,1.1833,1.5
39.4,10.0372,-0.1302,0.3168,-0.0092,-0.9212,0.5,-0.0789,inf,1.1833,1.5
39.4,10.0372,-0.1302,0.3168,-0.0092,-0.9212,0.5,-0.0789,inf,1.1833,1.5
39.417,10.0359,-0.1245,0.2787,0.0209,-1.1997,0.5,-0.0789,inf,1.1833,1.5
39.417,10.0359,-0.1245,0.2787,0.0209,-1.1997,0.5,-0.0789,inf,1.3963,1.5
39.417,10.0359,-0.1245,0.2787,0.0209,-1.1997,0.5,0.0811,inf,1.3963,1.5
39.45,10.0357,-0.1222,0.2571,0.0077,-1.2034,0.5,0.1316,inf,1.3963,1.5
39.45,10.0357,-0.1222,0.2571,0.0077,-1.2034,0.5,0.1316,inf,1.3963,1.5
39.467,10.0335,-0.1162,0.2194,-0.0197,-1.2123,0.5,0.1316,inf,1.3963,1.5
39.467,10.0335,-0.1162,0.2194,-0.0197,-1.2123,0.5,0.1842,inf,1.3963,1.5
39.467,10.0335,-0.1162,0.2194,-0.0197,-1.2123,0.5,0.1842,inf,1.3963,1.5
39.5,10.0331,-0.1134,0.1978,0.0314,-1.2446,0.5,0.1842,inf,1.3963,1.5
39.517,10.031,-0.1074,0.1585,-0.0407,-1.1751,0.5,0.2895,inf,1.3963,1.5
39.517,10.031,-0.1074,0.1585,-0.0407,-1.1751,0.5,0.2895,inf,1.3963,1.5
39.533,10.0297,-0.1045,0.1389,-0.0561,-1.144,0.5,0.2895,inf,1.3963,1.5
39.533,10.0297,-0.1045,0.1389,-0.0561,-1.144,0.5,0.2895,inf,1.3963,1.5
39.533,10.0297,-0.1045,0.1389,-0.0561,-1.144,0.5,0.2895,inf,1.3963,1.5
39.533,10.0297,-0.1045,0.1389,-0.0561,-1.144,0.5,0.2895,inf,1.3963,1.5
39.533,10.0297,-0.1045,0.1389,-0.0561,-1.144,0.5,0.2895,inf,1.3963,1.5
39.567,10.0285,-0.1016,0.119,-0.0623,-1.1623,0.5,0.2895,inf,1.3963,1.5
39.583,10.026,-0.0957,0.0798,-0.0726,-1.1388,0.5,0.3421,inf,1.3963,1.5
39.583,10.026,-0.0957,0.0798,-0.0726,-1.1388,0.5,0.3421,inf,1.3963,1.5
39.583,10.026,-0.0957,0.0798,-0.0726,-1.1388,0.5,0.2895,inf,1.3963,1.5
39.583,10.026,-0.0957,0.0798,-0.0726,-1.1388,0.5,0.2895,inf,1.3963,1.5
39.617,10.0247,-0.0928,0.0606,-0.0737,-1.1223,0.5,0.2895,inf,1.3963,1.5
39.633,10.0218,-0.0871,0.0239,-0.0852,-1.0572,0.5,0.2895,inf,1.3963,1.5
39.633,10.0218,-0.0871,0.0239,-0.0852,-1.0572,0.5,0.2895,inf,1.3963,1.5
39.633,10.0218,-0.0871,0.0239,-0.0852,-1.0572,0.5,0.2895,inf,1.5,1.5
39.667,10.0204,-0.0844,0.0056,-0.0921,-1.0792,0.5,0.2895,inf,1.5,1.5
39.667,10.0204,-0.0844,0.0056,-0.0921,-1.0792,0.5,0.3421,inf,1.5,1.5
39.683,10.0175,-0.0788,-0.0292,-0.096,-1.038,0.5,0.5,inf,1.5,1.5
39.683,10.0175,-0.0788,-0.0292,-0.096,-1.038,0.5,0.5,inf,1.5,1.5
39.7,10.016,-0.0761,-0.0457,-0.1002,-1.0054,0.5,0.5,inf,1.5,1.5
39.7,10.016,-0.0761,-0.0457,-0.1002,-1.0054,0.5,0.5,inf,1.5,1.5
39.7,10.016,-0.0761,-0.0457,-0.1002,-1.0054,0.5,0.5,2.7066,1.5,1.5
39.733,10.0145,-0.0735,-0.0619,-0.1013,-0.9842,0.5,0.5,2.7066,1.5,1.5
39.75,10.0116,-0.0683,-0.0925,-0.1042,-0.9204,0.5,0.3421,2.7066,1.5,1.5
39.75,10.0116,-0.0683,-0.0925,-0.1042,-0.9204,0.5,0.3421,2.7066,1.5,1.5
39.75,10.0116,-0.0683,-0.0925,-0.1042,-0.9204,0.5,0.3421,2.7066,1.5,1.5
39.783,10.0102,-0.0657,-0.107,-0.1029,-0.8843,0.5,0.3421,2.7066,1.5,1.5
39.783,10.0102,-0.0657,-0.107,-0.1029,-0.8843,0.5,0.3421,2.7066,1.5,1.5
39.8,10.0074,-0.0608,-0.1343,-0.1002,-0.8005,0.5,0.2895,2.7066,1.5,1.5
39.8,10.0074,-0.0608,-0.1343,-0.1002,-0.8005,0.5,0.2895,2.7066,1.5,1.5
39.8,10.0074,-0.0608,-0.1343,-0.1002,-0.8005,0.5,0.2895,2.7066,1.5,1.5
39.8,10.0074,-0.0608,-0.1343,-0.1002,-0.8005,0.5,0.2895,2.7066,1.5,1.5
39.833,10.006,-0.0584,-0.1475,-0.1072,-0.8221,0.5,0.2895,2.1086,1.5,1.5
39.833,10.006,-0.0584,-0.1475,-0.1072,-0.8221,0.5,0.2895,2.1086,1.5,1.5
39.85,10.0034,-0.0537,-0.1721,-0.1035,-0.7455,0.5,0.3421,2.1086,1.5,1.5
39.867,10.0022,-0.0515,-0.1835,-0.0982,-0.6901,0.5,0.2895,2.1086,1.5,1.5
39.867,10.0022,-0.0515,-0.1835,-0.0982,-0.6901,0.5,0.2895,2.1086,1.5,1.5
39.867,10.0022,-0.0515,-0.1835,-0.0982,-0.6901,0.5,0.3421,2.1086,1.5,1.5
39.867,10.0022,-0.0515,-0.1835,-0.0982,-0.6901,0.5,0.3421,2.1086,1.5,1.5
39.9,10.0007,-0.0495,-0.1942,-0.0861,-0.6884,0.5,0.3421,2.1086,1.5,1.5
39.9,10.0007,-0.0495,-0.1942,-0.0861,-0.6884,0.5,0.3947,2.1086,1.5,1.5
39.9,10.0007,-0.0495,-0.1942,-0.0861,-0.6884,0.5,0.3947,2.1086,1.5,1.5
39.917,9.9994,-0.0456,-0.2118,-0.0594,-0.4308,0.5,0.3947,2.1086,1.5,1.5
39.917,9.9994,-0.0456,-0.2118,-0.0594,-0.4308,0.5,0.3947,1.8336,1.5,1.5
39.917,9.9994,-0.0456,-0.2118,-0.0594,-0.4308,0.5,0.2368,1.8336,1.5,1.5
39.95,9.999,-0.0435,-0.2182,-0.054,-0.3782,0.5,0.2368,1.8336,1.5,1.5
39.95,9.999,-0.0435,-0.2182,-0.054,-0.3782,0.5,0.2368,1.8336,1.5,1.5
39.967,9.9986,-0.0397,-0.2264,-0.0402,-0.2652,0.5,0.2368,1.8336,1.5,1.5
39.967,9.9986,-0.0397,-0.2264,-0.0402,-0.2652,0.5,0.2368,1.8336,1.5,1.5
39.967,9.9986,-0.0397,-0.2264,-0.0402,-0.2652,0.5,0.2368,1.8336,1.5,1.5
40.0,9.9984,-0.0381,-0.2306,-0.0373,-0.2627,0.5,0.2368,1.8336,1.5,1.5
40.0,9.9984,-0.0381,-0.2306,-0.0373,-0.2627,0.5,0.2368,1.8336,1.5,1.5
40.017,9.9981,-0.0353,-0.2366,-0.0218,-0.2196,0.5,0.2368,1.8336,1.5,1.5
40.033,9.998,-0.0343,-0.2388,-0.0186,-0.0988,0.5,0.2368,1.6348,1.5,1.4366
40.033,9.998,-0.0343,-0.2388,-0.0186,-0.0988,0.5,0.2368,1.6348,1.5,1.4366
40.033,9.998,-0.0343,-0.2388,-0.0186,-0.0988,0.5,0.1842,1.6348,1.5,1.4366
40.067,9.9979,-0.0337,-0.2407,-0.0159,-0.1166,0.5,0.1842,1.6348,1.5,1.4366
40.067,9.9979,-0.0337,-0.2407,-0.0159,-0.1166,0.5,0.1842,1.6348,1.5,1.4366
40.083,9.9984,-0.0324,-0.2379,0.0214,0.2199,0.5,0.2368,1.6348,1.5,1.4366
40.083,9.9984,-0.0324,-0.2379,0.0214,0.2199,0.5,0.2368,1.6348,1.5,1.4366
40.083,9.9984,-0.0324,-0.2379,0.0214,0.2199,0.5,0.1842,1.6348,1.5,1.4366
40.117,9.999,-0.0321,-0.2335,0.03,0.2757,0.5,0.1842,1.6348,1.5,1.4366
40.117,9.999,-0.0321,-0.2335,0.03,0.2757,0.5,0.1842,1.588,1.5,1.4366
40.133,9.9994,-0.0334,-0.2272,0.0244,0.1708,0.5,0.1842,1.588,1.5,1.4366
40.133,9.9994,-0.0334,-0.2272,0.0244,0.1708,0.5,0.1842,1.588,1.5,1.4366
40.133,9.9994,-0.0334,-0.2272,0.0244,0.1708,0.5,0.1842,1.588,1.5,1.4366
40.167,9.9999,-0.0342,-0.2218,0.0409,0.3248,0.5,0.1842,1.588,1.5,1.4366
40.183,10.0008,-0.0366,-0.2102,0.0501,0.3846,0.5,0.1842,1.588,1.5,1.4366
40.183,10.0008,-0.0366,-0.2102,0.0501,0.3846,0.5,0.1842,1.588,1.5,1.4366
40.2,10.0019,-0.0379,-0.2022,0.0766,0.5009,0.5,0.1842,1.588,1.5,1.4366
40.2,10.0019,-0.0379,-0.2022,0.0766,0.5009,0.5,0.1842,1.588,1.5,1.4366
40.2,10.0019,-0.0379,-0.2022,0.0766,0.5009,0.5,0.1842,1.588,1.5,1.4366
40.233,10.0031,-0.0393,-0.1938,0.0683,0.5068,0.5,0.1842,1.5811,1.5,1.2678
40.233,10.0031,-0.0393,-0.1938,0.0683,0.5068,0.5,0.1842,1.5811,1.5,1.2678
40.25,10.0048,-0.0423,-0.1766,0.0788,0.6385,0.5,0.2368,1.5811,1.5,1.2678
40.25,10.0048,-0.0423,-0.1766,0.0788,0.6385,0.5,0.2368,1.5811,1.5,1.2678
40.25,10.0048,-0.0423,-0.1766,0.0788,0.6385,0.5,0.1316,1.5811,1.5,1.2678
40.283,10.0058,-0.0437,-0.1674,0.0699,0.5498,0.5,0.1316,1.5811,1.5,1.2678
40.283,10.0058,-0.0437,-0.1674,0.0699,0.5498,0.5,0.1316,1.5811,1.5,1.2678
40.3,10.0075,-0.0464,-0.1497,0.0627,0.5309,0.5,0.1316,1.5811,1.5,1.2678
40.3,10.0075,-0.0464,-0.1497,0.0627,0.5309,0.5,0.0789,1.5811,1.5,1.2678
40.3,10.0075,-0.0464,-0.1497,0.0627,0.5309,0.5,0.0789,1.5811,1.5,1.2678
40.333,10.0083,-0.0476,-0.1414,0.0584,0.5108,0.5,0.0789,1.6953,1.5,1.2678
40.333,10.0083,-0.0476,-0.1414,0.0584,0.5108,0.5,0.0789,1.6953,1.5,1.2678
40.35,10.0096,-0.051,-0.1262,0.0394,0.3809,0.5,0.0789,1.6953,1.5,1.2678
40.367,10.01,-0.0527,-0.1208,0.0316,0.3204,0.5,0.0789,1.6953,1.5,1.2678
40.367,10.01,-0.0527,-0.1208,0.0316,0.3204,0.5,0.0789,1.6953,1.5,1.2678
40.367,10.01,-0.0527,-0.1208,0.0316,0.3204,0.5,0.0789,1.6953,1.5,1.2678
40.4,10.0104,-0.0542,-0.1159,0.0297,0.2859,0.5,0.0789,1.6953,1.5,1.2678
40.4,10.0104,-0.0542,-0.1159,0.0297,0.2859,0.5,0.0789,1.6953,1.5,1.2678
40.417,10.0112,-0.0568,-0.1067,0.0244,0.2271,0.5,0.0789,1.6953,1.5,1.2678
40.417,10.0112,-0.0568,-0.1067,0.0244,0.2271,0.5,0.0789,1.8184,1.5,1.3542
40.417,10.0112,-0.0568,-0.1067,0.0244,0.2271,0.5,0.0789,1.8184,1.5,1.3542
40.45,10.0114,-0.0579,-0.1031,0.0183,0.208,0.5,0.0789,1.8184,1.5,1.3542
40.45,10.0114,-0.0579,-0.1031,0.0183,0.208,0.5,0.0789,1.8184,1.5,1.3542
40.467,10.0122,-0.0595,-0.0948,0.0387,0.3655,0.5,0.0789,1.8184,1.5,1.3542
40.467,10.0122,-0.0595,-0.0948,0.0387,0.3655,0.5,0.0789,1.8184,1.5,1.3542
40.467,10.0122,-0.0595,-0.0948,0.0387,0.3655,0.5,0.0789,1.8184,1.5,1.3542
40.5,10.0126,-0.0607,-0.0899,0.0308,0.2982,0.5,0.1316,1.8184,1.5,1.3542
40.5,10.0126,-0.0607,-0.0899,0.0308,0.2982,0.5,0.1316,1.8184,1.5,1.3542
40.517,10.0131,-0.0628,-0.0831,0.0157,0.1726,0.5,0.1316,1.8184,1.5,1.3542
40.533,10.0136,-0.0635,-0.0776,0.0363,0.361,0.4737,0.0789,1.9571,1.5,1.3542
40.533,10.0136,-0.0635,-0.0776,0.0363,0.361,0.4737,0.0789,1.9571,1.5,1.3542
40.533,10.0136,-0.0635,-0.0776,0.0363,0.361,0.5,0.1316,1.9571,1.5,1.3542
40.567,10.014,-0.0646,-0.0725,0.0312,0.3126,0.5,0.1316,1.9571,1.5,1.3542
40.567,10.014,-0.0646,-0.0725,0.0312,0.3126,0.5,0.1316,1.9571,1.5,1.3542
40.567,10.014,-0.0646,-0.0725,0.0312,0.3126,0.4737,0.1316,1.9571,1.5,1.3542
40.583,10.0145,-0.0667,-0.0657,0.0166,0.1791,0.4737,0.1316,1.9571,1.5,1.3542
40.583,10.0145,-0.0667,-0.0657,0.0166,0.1791,0.5,0.1316,1.9571,1.5,1.3542
40.583,10.0145,-0.0667,-0.0657,0.0166,0.1791,0.5,0.1316,1.9571,1.5,1.3542
40.617,10.0151,-0.0674,-0.06,0.0362,0.3707,0.5,0.1316,1.9571,1.5,1.3542
40.633,10.0158,-0.0698,-0.0509,0.0196,0.2322,0.5,0.1316,2.0418,1.5,1.5
40.633,10.0158,-0.0698,-0.0509,0.0196,0.2322,0.5,0.1316,2.0418,1.5,1.5
40.633,10.0158,-0.0698,-0.0509,0.0196,0.2322,0.5,0.0789,2.0418,1.5,1.5
40.633,10.0158,-0.0698,-0.0509,0.0196,0.2322,0.5,0.0789,2.0418,1.5,1.5
40.667,10.016,-0.0708,-0.0476,0.0159,0.1892,0.5,0.0789,2.0418,1.5,1.5
40.683,10.017,-0.0726,-0.0361,0.0297,0.3559,0.5,0.0789,2.0418,1.5,1.5
40.683,10.017,-0.0726,-0.0361,0.0297,0.3559,0.5,0.0789,2.0418,1.5,1.5
40.7,10.0177,-0.0735,-0.0284,0.0389,0.4868,0.5,0.0789,2.0418,1.5,1.5
40.7,10.0177,-0.0735,-0.0284,0.0389,0.4868,0.5,0.0789,2.0418,1.5,1.5
40.7,10.0177,-0.0735,-0.0284,0.0389,0.4868,0.5,0.0789,2.0418,1.5,1.5
40.733,10.0183,-0.0748,-0.0213,0.0359,0.4272,0.5,0.0789,2.1973,1.5,1.5
40.733,10.0183,-0.0748,-0.0213,0.0359,0.4272,0.5,0.0789,2.1973,1.5,1.5
40.75,10.0197,-0.0775,-0.0029,0.0413,0.5299,0.5,0.0789,2.1973,1.5,1.5
40.75,10.0197,-0.0775,-0.0029,0.0413,0.5299,0.5,0.0263,2.1973,1.5,1.5
40.75,10.0197,-0.0775,-0.0029,0.0413,0.5299,0.5,0.0263,2.1973,1.5,1.5
40.75,10.0197,-0.0775,-0.0029,0.0413,0.5299,0.5,0.0263,2.1973,1.5,1.5
40.783,10.0206,-0.0789,0.0081,0.0532,0.6942,0.5,0.0263,2.1973,1.5,1.5
40.783,10.0206,-0.0789,0.0081,0.0532,0.6942,0.5,0.0263,2.1973,1.5,1.5
40.8,10.0223,-0.0824,0.0312,0.0542,0.7758,0.5,0.0263,2.1973,1.5,1.5
40.8,10.0223,-0.0824,0.0312,0.0542,0.7758,0.5,0.0,2.1973,1.5,1.5
40.8,10.0223,-0.0824,0.0312,0.0542,0.7758,0.5,0.0,2.1973,1.5,1.5
40.833,10.0232,-0.0844,0.0439,0.05,0.7702,0.5,0.0,2.3544,1.5,1.5
40.833,10.0232,-0.0844,0.0439,0.05,0.7702,0.5,0.0,2.3544,1.5,1.5
40.85,10.0252,-0.0887,0.0722,0.0485,0.8609,0.5,-0.0263,2.3544,1.5,1.5
40.85,10.0252,-0.0887,0.0722,0.0485,0.8609,0.5,-0.0263,2.3544,1.5,1.5
40.867,10.0261,-0.0909,0.0875,0.0487,0.9341,0.5,-0.0263,2.3544,1.5,1.5
40.867,10.0261,-0.0909,0.0875,0.0487,0.9341,0.5,-0.0789,2.3544,1.5,1.5
40.867,10.0261,-0.0909,0.0875,0.0487,0.9341,0.5,-0.0789,2.3544,1.5,1.5
40.9,10.0271,-0.0932,0.1033,0.0443,0.9642,0.5,-0.0789,2.3544,1.5,1.5
40.917,10.0289,-0.0981,0.1344,0.0335,0.9284,0.5,-0.0789,2.3544,1.5,1.5
40.917,10.0289,-0.0981,0.1344,0.0335,0.9284,0.5,-0.0789,2.3544,1.5,1.5
40.917,10.0289,-0.0981,0.1344,0.0335,0.9284,0.5,-0.1316,inf,1.5,1.5
40.95,10.0297,-0.1006,0.1501,0.0261,0.9078,0.5,-0.1316,inf,1.5,1.5
40.95,10.0297,-0.1006,0.1501,0.0261,0.9078,0.5,-0.1316,inf,1.5,1.5
40.967,10.0314,-0.1054,0.1828,0.0218,0.9192,0.5,-0.1316,inf,1.5,1.5
40.967,10.0314,-0.1054,0.1828,0.0218,0.9192,0.5,-0.1316,inf,1.5,1.5
40.967,10.0314,-0.1054,0.1828,0.0218,0.9192,0.5,-0.1842,inf,1.5,1.5
41.0,10.0321,-0.108,0.1987,0.0144,0.8744,0.5,-0.1842,inf,1.5,1.5
41.0,10.0321,-0.108,0.1987,0.0144,0.8744,0.5,-0.1842,inf,1.5,1.5
41.017,10.0333,-0.1127,0.232,0.003,0.9946,0.5,-0.1842,inf,1.5,1.5
41.033,10.0341,-0.1153,0.2483,-0.0005,0.9273,0.5,-0.2368,inf,1.5,1.5
41.033,10.0341,-0.1153,0.2483,-0.0005,0.9273,0.5,-0.2368,inf,1.5,1.5
41.033,10.0341,-0.1153,0.2483,-0.0005,0.9273,0.5,-0.2368,inf,1.5,1.5
41.067,10.0345,-0.1178,0.2648,-0.0087,1.0134,0.5,-0.2368,inf,1.5,1.5
41.067,10.0345,-0.1178,0.2648,-0.0087,1.0134,0.5,-0.2368,inf,1.5,1.5
41.083,10.0355,-0.1229,0.2981,-0.0224,1.0118,0.5,-0.2895,inf,1.5,1.5
41.083,10.0355,-0.1229,0.2981,-0.0224,1.0118,0.5,-0.2895,inf,1.5,1.5
41.083,10.0355,-0.1229,0.2981,-0.0224,1.0118,0.5,-0.3421,inf,1.5,1.5
41.117,10.036,-0.1257,0.3147,-0.0269,0.9658,0.5,-0.3421,inf,1.5,1.5
41.117,10.036,-0.1257,0.3147,-0.0269,0.9658,0.5,-0.3421,inf,1.5,1.5
41.133,10.0367,-0.1311,0.3483,-0.0439,0.9571,0.5,-0.3421,inf,1.5,1.5
41.133,10.0367,-0.1311,0.3483,-0.0439,0.9571,0.5,-0.3947,inf,1.5,1.5
41.133,10.0367,-0.1311,0.3483,-0.0439,0.9571,0.5,-0.3947,inf,1.5,1.5
41.167,10.037,-0.1337,0.3658,-0.051,1.0233,0.5,-0.3947,inf,1.5,1.5
41.167,10.037,-0.1337,0.3658,-0.051,1.0233,0.5,-0.4474,inf,1.5,1.5
41.167,10.037,-0.1337,0.3658,-0.051,1.0233,0.5,-0.4474,inf,1.5,1.5
41.183,10.0377,-0.1392,0.4001,-0.0539,1.0354,0.5,-0.4474,inf,1.5,1.5
41.2,10.0379,-0.1421,0.4159,-0.0593,0.9286,0.5,-0.5,inf,1.5,1.5
41.2,10.0379,-0.1421,0.4159,-0.0593,0.9286,0.5,-0.5,inf,1.5,1.5
41.2,10.0379,-0.1421,0.4159,-0.0593,0.9286,0.5,-0.4474,inf,1.5,1.5
41.233,10.0381,-0.1447,0.4328,-0.063,0.9974,0.5,-0.4474,inf,1.2231,1.5
41.233,10.0381,-0.1447,0.4328,-0.063,0.9974,0.5,-0.4474,inf,1.2231,1.5
41.25,10.0384,-0.1503,0.4647,-0.0704,0.9717,0.5,-0.5,inf,1.2231,1.5
41.25,10.0384,-0.1503,0.4647,-0.0704,0.9717,0.5,-0.5,inf,1.2231,1.5
41.25,10.0384,-0.1503,0.4647,-0.0704,0.9717,0.5,-0.5,inf,1.2231,1.5
41.283,10.0385,-0.1531,0.4796,-0.0738,0.8782,0.5,-0.5,inf,1.2231,1.5
41.283,10.0385,-0.1531,0.4796,-0.0738,0.8782,0.5,-0.5,inf,1.2231,1.5
41.3,10.0386,-0.1585,0.5096,-0.0791,0.845,0.5,-0.5,inf,1.2231,1.5
41.3,10.0386,-0.1585,0.5096,-0.0791,0.845,0.5,-0.5,inf,1.2231,1.5
41.3,10.0386,-0.1585,0.5096,-0.0791,0.845,0.5,-0.5,1.3724,1.2231,1.5
41.333,10.0386,-0.161,0.5247,-0.0821,0.9004,0.5,-0.5,1.3724,1.2231,1.5
41.35,10.0386,-0.1663,0.5525,-0.0875,0.8619,0.4737,-0.5,1.3724,1.2231,1.5
41.35,10.0386,-0.1663,0.5525,-0.0875,0.8619,0.4737,-0.5,1.3724,1.2231,1.5
41.35,10.0386,-0.1663,0.5525,-0.0875,0.8619,0.5,-0.5,1.3724,1.2231,1.5
41.35,10.0386,-0.1663,0.5525,-0.0875,0.8619,0.5,-0.5,1.3724,1.2231,1.5
41.367,10.0387,-0.1691,0.5659,-0.0828,0.8081,0.5,-0.5,1.3724,1.2231,1.5
41.367,10.0387,-0.1691,0.5659,-0.0828,0.8081,0.4737,-0.5,1.3724,1.2231,1.5
41.367,10.0387,-0.1691,0.5659,-0.0828,0.8081,0.4737,-0.5,1.3724,1.2231,1.5
41.4,10.0387,-0.1717,0.5793,-0.0894,0.8173,0.4737,-0.5,1.3724,1.2231,1.5
41.4,10.0387,-0.1717,0.5793,-0.0894,0.8173,0.4211,-0.5,1.3724,1.2231,1.5
41.417,10.0386,-0.1766,0.6045,-0.0879,0.753,0.4211,-0.5,1.3724,1.2231,1.5
41.417,10.0386,-0.1766,0.6045,-0.0879,0.753,0.4211,-0.5,1.3502,1.2231,1.5
41.417,10.0386,-0.1766,0.6045,-0.0879,0.753,0.4211,-0.5,1.3502,1.2231,1.5
41.45,10.0386,-0.179,0.616,-0.0846,0.7047,0.4211,-0.5,1.3502,1.1949,1.5
41.45,10.0386,-0.179,0.616,-0.0846,0.7047,0.4211,-0.5,1.3502,1.1949,1.5
41.467,10.0386,-0.1836,0.638,-0.0796,0.6359,0.4211,-0.5,1.3502,1.1949,1.5
41.467,10.0386,-0.1836,0.638,-0.0796,0.6359,0.4474,-0.5,1.3502,1.1949,1.5
41.467,10.0386,-0.1836,0.638,-0.0796,0.6359,0.4474,-0.5,1.3502,1.1949,1.5
41.5,10.0386,-0.1858,0.6482,-0.0825,0.6258,0.4474,-0.5,1.3502,1.1949,1.5
41.5,10.0386,-0.1858,0.6482,-0.0825,0.6258,0.4474,-0.5,1.3502,1.1949,1.5
41.517,10.0386,-0.19,0.6675,-0.0741,0.547,0.4474,-0.5,1.3502,1.1949,1.5
41.533,10.0387,-0.1921,0.676,-0.0729,0.5184,0.4474,-0.5,1.3528,1.1949,1.5
41.533,10.0387,-0.1921,0.676,-0.0729,0.5184,0.4474,-0.5,1.3528,1.1949,1.5
41.533,10.0387,-0.1921,0.676,-0.0729,0.5184,0.4474,-0.5,1.3528,1.1949,1.5
41.533,10.0387,-0.1921,0.676,-0.0729,0.5184,0.4474,-0.5,1.3528,1.1949,1.5
41.567,10.0389,-0.1941,0.6842,-0.0709,0.5037,0.4474,-0.5,1.3528,1.1949,1.5
41.567,10.0389,-0.1941,0.6842,-0.0709,0.5037,0.4474,-0.5,1.3528,1.1949,1.5
41.583,10.0389,-0.1979,0.6991,-0.057,0.4238,0.4474,-0.5,1.3528,1.1949,1.5
41.583,10.0389,-0.1979,0.6991,-0.057,0.4238,0.4474,-0.5,1.3528,1.1949,1.5
41.583,10.0389,-0.1979,0.6991,-0.057,0.4238,0.4737,-0.5,1.3528,1.1949,1.5
41.617,10.0394,-0.1998,0.7054,-0.0518,0.3695,0.4737,-0.5,1.3528,1.1949,1.5
41.617,10.0394,-0.1998,0.7054,-0.0518,0.3695,0.4737,-0.5,1.3616,1.2188,1.5
41.633,10.0406,-0.2037,0.7174,-0.0523,0.3725,0.4737,-0.5,1.3616,1.2188,1.5
41.633,10.0406,-0.2037,0.7174,-0.0523,0.3725,0.4737,-0.5,1.3616,1.2188,1.5
41.633,10.0406,-0.2037,0.7174,-0.0523,0.3725,0.4737,-0.5,1.3616,1.2188,1.5
41.667,10.0413,-0.2055,0.7235,-0.0538,0.3705,0.4737,-0.5,1.3616,1.2188,1.5
41.683,10.0426,-0.2095,0.7358,-0.0527,0.3741,0.4474,-0.5,1.3616,1.2188,1.5
41.683,10.0426,-0.2095,0.7358,-0.0527,0.3741,0.4474,-0.5,1.3616,1.2188,1.5
41.7,10.0434,-0.2114,0.7409,-0.031,0.1911,0.4474,-0.5,1.3616,1.2188,1.5
41.7,10.0434,-0.2114,0.7409,-0.031,0.1911,0.4474,-0.5,1.3616,1.2188,1.5
41.7,10.0434,-0.2114,0.7409,-0.031,0.1911,0.5,-0.5,1.3616,1.2188,1.5
41.733,10.0439,-0.213,0.7458,-0.0404,0.2894,0.5,-0.5,1.3519,1.2188,1.5
41.733,10.0439,-0.213,0.7458,-0.0404,0.2894,0.5,-0.5,1.3519,1.2188,1.5
41.75,10.045,-0.2155,0.7524,-0.0268,0.1971,0.4737,-0.5,1.3519,1.2188,1.5
41.75,10.045,-0.2155,0.7524,-0.0268,0.1971,0.5,-0.5,1.3519,1.2188,1.5
41.75,10.045,-0.2155,0.7524,-0.0268,0.1971,0.5,-0.5,1.3519,1.2188,1.5
41.783,10.0456,-0.2166,0.754,-0.0127,0.0396,0.5,-0.5,1.3519,1.2188,1.5
41.8,10.0458,-0.2176,0.7578,-0.0158,0.1257,0.5,-0.5,1.3519,1.2188,1.5
41.8,10.0458,-0.2176,0.7578,-0.0158,0.1257,0.5,-0.5,1.3519,1.2188,1.5
41.8,10.0458,-0.2176,0.7578,-0.0158,0.1257,0.5,-0.5,1.3519,1.2188,1.5
41.833,10.046,-0.218,0.7592,-0.0122,0.0863,0.5,-0.5,1.3547,1.2313,1.5
41.833,10.046,-0.218,0.7592,-0.0122,0.0863,0.5,-0.5,1.3547,1.2313,1.5
41.85,10.0463,-0.219,0.7623,-0.0143,0.1041,0.5,-0.5,1.3547,1.2313,1.5
41.867,10.0465,-0.2196,0.7641,-0.0154,0.1133,0.5,-0.5,1.3547,1.2313,1.5
41.867,10.0465,-0.2196,0.7641,-0.0154,0.1133,0.5,-0.5,1.3547,1.2313,1.5
41.867,10.0465,-0.2196,0.7641,-0.0154,0.1133,0.5,-0.5,1.3547,1.2313,1.5
41.9,10.0467,-0.2202,0.7659,-0.0149,0.1167,0.5,-0.5,1.3547,1.2313,1.5
41.9,10.0467,-0.2202,0.7659,-0.0149,0.1167,0.5,-0.5,1.3547,1.2313,1.5
41.917,10.0474,-0.2215,0.7686,-0.0144,0.0815,0.5,-0.5,1.3547,1.2313,1.5
41.917,10.0474,-0.2215,0.7686,-0.0144,0.0815,0.5,-0.5,1.3701,1.2313,1.5
41.917,10.0474,-0.2215,0.7686,-0.0144,0.0815,0.5,-0.5,1.3701,1.2313,1.5
41.95,10.0478,-0.2222,0.77,-0.0131,0.0791,0.5,-0.5,1.3701,1.2313,1.5
41.95,10.0478,-0.2222,0.77,-0.0131,0.0791,0.5,-0.5,1.3701,1.2313,1.5
41.95,10.0478,-0.2222,0.77,-0.0131,0.0791,0.5,-0.5,1.3701,1.2313,1.5
41.95,10.0478,-0.2222,0.77,-0.0131,0.0791,0.5,-0.5,1.3701,1.2313,1.5
41.967,10.0486,-0.2237,0.7731,-0.0135,0.0811,0.5,-0.5,1.3701,1.2313,1.5
41.967,10.0486,-0.2237,0.7731,-0.0135,0.0811,0.5,-0.5,1.3701,1.2313,1.5
41.967,10.0486,-0.2237,0.7731,-0.0135,0.0811,0.5,-0.5,1.3701,1.2313,1.5
42.0,10.049,-0.2245,0.7747,-0.015,0.0941,0.5,-0.5,1.3701,1.2313,1.5
42.0,10.049,-0.2245,0.7747,-0.015,0.0941,0.5,-0.5,1.3701,1.2313,1.5
42.017,10.0498,-0.2261,0.7784,-0.0169,0.1084,0.5,-0.5,1.3701,1.2313,1.5
42.033,10.0501,-0.227,0.7805,-0.0186,0.1198,0.5,-0.5,1.3613,1.2358,1.5
42.033,10.0501,-0.227,0.7805,-0.0186,0.1198,0.5,-0.5,1.3613,1.2358,1.5
42.033,10.0501,-0.227,0.7805,-0.0186,0.1198,0.4737,-0.5,1.3613,1.2358,1.5
42.067,10.0506,-0.2278,0.7827,-0.0188,0.125,0.4737,-0.5,1.3613,1.2358,1.5
42.067,10.0506,-0.2278,0.7827,-0.0188,0.125,0.4737,-0.5,1.3613,1.2358,1.5
42.083,10.0513,-0.2296,0.7876,-0.0222,0.1526,0.4737,-0.5,1.3613,1.2358,1.5
42.083,10.0513,-0.2296,0.7876,-0.0222,0.1526,0.4737,-0.5,1.3613,1.2358,1.5
42.083,10.0513,-0.2296,0.7876,-0.0222,0.1526,0.4737,-0.5,1.3613,1.2358,1.5
42.117,10.0517,-0.2306,0.7906,-0.0251,0.1755,0.4737,-0.5,1.3613,1.2358,1.5
42.117,10.0517,-0.2306,0.7906,-0.0251,0.1755,0.4737,-0.5,1.368,1.2358,1.5
42.133,10.0525,-0.2326,0.7964,-0.0217,0.14,0.4474,-0.5,1.368,1.2358,1.5
42.133,10.0525,-0.2326,0.7964,-0.0217,0.14,0.4737,-0.5,1.368,1.2358,1.5
42.133,10.0525,-0.2326,0.7964,-0.0217,0.14,0.4737,-0.5,1.368,1.2358,1.5
42.167,10.053,-0.2336,0.7989,-0.0207,0.1315,0.4737,-0.5,1.368,1.2358,1.5
42.183,10.054,-0.2357,0.8044,-0.0246,0.1657,0.4737,-0.5,1.368,1.2358,1.5
42.183,10.054,-0.2357,0.8044,-0.0246,0.1657,0.4737,-0.5,1.368,1.2358,1.5
42.2,10.0545,-0.2368,0.8075,-0.0265,0.1803,0.4474,-0.5,1.368,1.2358,1.5
42.2,10.0545,-0.2368,0.8075,-0.0265,0.1803,0.4474,-0.5,1.368,1.2358,1.5
42.2,10.0545,-0.2368,0.8075,-0.0265,0.1803,0.4211,-0.5,1.3707,1.2358,1.5
42.233,10.055,-0.238,0.8108,-0.0284,0.1949,0.4211,-0.5,1.3707,1.2422,1.5
42.233,10.055,-0.238,0.8108,-0.0284,0.1949,0.5,-0.5,1.3707,1.2422,1.5
42.25,10.056,-0.2403,0.818,-0.0322,0.232,0.5,-0.5,1.3707,1.2422,1.5
42.25,10.056,-0.2403,0.818,-0.0322,0.232,0.5,-0.5,1.3707,1.2422,1.5
42.25,10.056,-0.2403,0.818,-0.0322,0.232,0.5,-0.5,1.3707,1.2422,1.5
42.283,10.0565,-0.2415,0.8216,-0.0174,0.0918,0.5,-0.5,1.3707,1.2422,1.5
42.3,10.0572,-0.2432,0.8272,-0.0242,0.1734,0.5,-0.5,1.3707,1.2422,1.5
42.3,10.0572,-0.2432,0.8272,-0.0242,0.1734,0.5,-0.5,1.3707,1.2422,1.5
42.3,10.0572,-0.2432,0.8272,-0.0242,0.1734,0.5,-0.5,1.3707,1.2422,1.5
42.333,10.0575,-0.2441,0.8301,-0.025,0.1799,0.5,-0.5,1.3656,1.2422,1.5
42.333,10.0575,-0.2441,0.8301,-0.025,0.1799,0.5,-0.5,1.3656,1.2422,1.5
42.35,10.0585,-0.246,0.8348,-0.0093,0.0308,0.5,-0.5,1.3656,1.2422,1.5
42.35,10.0585,-0.246,0.8348,-0.0093,0.0308,0.5,-0.5,1.3656,1.2422,1.5
42.367,10.0588,-0.2466,0.8367,-0.0157,0.1128,0.5,-0.5,1.3656,1.2422,1.5
42.367,10.0588,-0.2466,0.8367,-0.0157,0.1128,0.5,-0.5,1.3656,1.2422,1.5
42.367,10.0588,-0.2466,0.8367,-0.0157,0.1128,0.5,-0.5,1.3656,1.2422,1.5
42.4,10.059,-0.2472,0.8386,-0.0171,0.1215,0.5,-0.5,1.3656,1.2422,1.5
42.417,10.0598,-0.2487,0.8424,-0.0145,0.0892,0.5,-0.5,1.3656,1.2422,1.5
42.417,10.0598,-0.2487,0.8424,-0.0145,0.0892,0.5,-0.5,1.374,1.2525,1.5
42.417,10.0598,-0.2487,0.8424,-0.0145,0.0892,0.5,-0.5,1.374,1.2525,1.5
42.45,10.0601,-0.2494,0.8445,-0.0181,0.1295,0.5,-0.5,1.374,1.2525,1.5
42.45,10.0601,-0.2494,0.8445,-0.0181,0.1295,0.5,-0.5,1.374,1.2525,1.5
42.467,10.0609,-0.2504,0.8451,0.0055,-0.0772,0.5,-0.5,1.374,1.2525,1.5
42.467,10.0609,-0.2504,0.8451,0.0055,-0.0772,0.5,-0.5,1.374,1.2525,1.5
42.467,10.0609,-0.2504,0.8451,0.0055,-0.0772,0.5,-0.5,1.374,1.2525,1.5
42.5,10.0614,-0.2504,0.8422,0.0253,-0.2459,0.5,-0.5,1.374,1.2525,1.5
42.5,10.0614,-0.2504,0.8422,0.0253,-0.2459,0.5,-0.5,1.374,1.2525,1.5
42.517,10.0616,-0.2493,0.834,0.033,-0.2655,0.4737,-0.5,1.374,1.2525,1.5
42.533,10.0613,-0.2481,0.8291,0.04,-0.297,0.5,-0.5,1.3777,1.2525,1.5
42.533,10.0613,-0.2481,0.8291,0.04,-0.297,0.5,-0.5,1.3777,1.2525,1.5
42.533,10.0613,-0.2481,0.8291,0.04,-0.297,0.5,-0.5,1.3777,1.2525,1.5
42.567,10.0614,-0.247,0.8222,0.0535,-0.4315,0.5,-0.5,1.3777,1.2525,1.5
42.567,10.0614,-0.247,0.8222,0.0535,-0.4315,0.5,-0.5,1.3777,1.2525,1.5
42.567,10.0614,-0.247,0.8222,0.0535,-0.4315,0.5,-0.5,1.3777,1.2525,1.5
42.567,10.0614,-0.247,0.8222,0.0535,-0.4315,0.5,-0.5,1.3777,1.2525,1.5
42.583,10.061,-0.2443,0.8087,0.0574,-0.4412,0.5,-0.5,1.3777,1.2525,1.5
42.583,10.061,-0.2443,0.8087,0.0574,-0.4412,0.5,-0.5,1.3777,1.2525,1.5
42.583,10.061,-0.2443,0.8087,0.0574,-0.4412,0.5,-0.5,1.3777,1.2525,1.5
42.617,10.0607,-0.2428,0.8017,0.0528,-0.4136,0.5,-0.5,1.3777,1.2525,1.5
42.633,10.0597,-0.2398,0.7891,0.061,-0.4773,0.5,-0.5,1.3676,1.2525,1.5
42.633,10.0597,-0.2398,0.7891,0.061,-0.4773,0.5,-0.5,1.3676,1.2525,1.5
42.633,10.0597,-0.2398,0.7891,0.061,-0.4773,0.4474,-0.5,1.3676,1.243,1.5
42.667,10.0595,-0.2383,0.7809,0.0586,-0.4829,0.4474,-0.5,1.3676,1.243,1.5
42.667,10.0595,-0.2383,0.7809,0.0586,-0.4829,0.4474,-0.5,1.3676,1.243,1.5
42.683,10.0596,-0.2349,0.7667,0.0878,-0.3773,0.5,-0.5,1.3676,1.243,1.5
42.7,10.0597,-0.2334,0.7595,0.0581,-0.4472,0.4737,-0.5,1.3676,1.243,1.5
42.7,10.0597,-0.2334,0.7595,0.0581,-0.4472,0.4737,-0.5,1.3676,1.243,1.5
42.7,10.0597,-0.2334,0.7595,0.0581,-0.4472,0.5,-0.5,1.3676,1.243,1.5
42.7,10.0597,-0.2334,0.7595,0.0581,-0.4472,0.5,-0.5,1.3656,1.243,1.5
42.733,10.0597,-0.2322,0.7525,0.051,-0.4229,0.5,-0.5,1.3656,1.243,1.5
42.733,10.0597,-0.2322,0.7525,0.051,-0.4229,0.5,-0.5,1.3656,1.243,1.5
42.75,10.0597,-0.2297,0.7397,0.0478,-0.3777,0.5,-0.5,1.3656,1.243,1.5
42.75,10.0597,-0.2297,0.7397,0.0478,-0.3777,0.5,-0.5,1.3656,1.243,1.5
42.783,10.0596,-0.2285,0.7339,0.042,-0.3395,0.5,-0.5,1.3656,1.243,1.5
42.783,10.0596,-0.2285,0.7339,0.042,-0.3395,0.5,-0.5,1.3656,1.243,1.5
42.8,10.059,-0.2265,0.7271,0.0188,-0.1606,0.5,-0.5,1.3656,1.243,1.5
42.8,10.059,-0.2265,0.7271,0.0188,-0.1606,0.5,-0.5,1.3656,1.243,1.5
42.8,10.059,-0.2265,0.7271,0.0188,-0.1606,0.5,-0.5,1.3656,1.243,1.5
42.833,10.0591,-0.2257,0.7225,0.0491,-0.3976,0.5,-0.5,1.3641,1.2279,1.5
42.833,10.0591,-0.2257,0.7225,0.0491,-0.3976,0.5,-0.5,1.3641,1.2279,1.5
42.85,10.0584,-0.2234,0.7139,0.0243,-0.2242,0.5,-0.5,1.3641,1.2279,1.5
42.85,10.0584,-0.2234,0.7139,0.0243,-0.2242,0.5,-0.5,1.3641,1.2279,1.5
42.867,10.0581,-0.2225,0.7108,0.0192,-0.1764,0.5,-0.5,1.3641,1.2279,1.5
42.867,10.0581,-0.2225,0.7108,0.0192,-0.1764,0.5,-0.5,1.3641,1.2279,1.5
42.867,10.0581,-0.2225,0.7108,0.0192,-0.1764,0.5,-0.5,1.3641,1.2279,1.5
42.9,10.0583,-0.2216,0.7051,0.0486,-0.4044,0.5,-0.5,1.3641,1.2279,1.5
42.917,10.0575,-0.2191,0.6956,0.0272,-0.2631,0.5,-0.5,1.3641,1.2279,1.5
42.917,10.0575,-0.2191,0.6956,0.0272,-0.2631,0.5,-0.5,1.3641,1.2279,1.5
42.917,10.0575,-0.2191,0.6956,0.0272,-0.2631,0.5,-0.5,1.3638,1.2279,1.5
42.95,10.0572,-0.2181,0.6924,0.0201,-0.1933,0.5,-0.4474,1.3638,1.2279,1.5
42.95,10.0572,-0.2181,0.6924,0.0201,-0.1933,0.5,-0.4474,1.3638,1.2279,1.5
42.967,10.0573,-0.216,0.6805,0.0394,-0.3605,0.5,-0.4474,1.3638,1.2279,1.5
42.967,10.0573,-0.216,0.6805,0.0394,-0.3605,0.5,-0.4474,1.3638,1.2279,1.5
42.967,10.0573,-0.216,0.6805,0.0394,-0.3605,0.5,-0.4474,1.3638,1.2279,1.5
43.0,10.0569,-0.2148,0.6764,0.026,-0.2479,0.5,-0.4474,1.3638,1.2279,1.5
43.0,10.0569,-0.2148,0.6764,0.026,-0.2479,0.5,-0.4474,1.3638,1.2279,1.5
43.017,10.057,-0.213,0.6653,0.0506,-0.474,0.5,-0.4474,1.3638,1.2279,1.5
43.033,10.0568,-0.2117,0.6595,0.0353,-0.3436,0.5,-0.4474,1.3689,1.2172,1.5
43.033,10.0568,-0.2117,0.6595,0.0353,-0.3436,0.5,-0.4474,1.3689,1.2172,1.5
43.033,10.0568,-0.2117,0.6595,0.0353,-0.3436,0.5,-0.4474,1.3689,1.2172,1.5
43.033,10.0568,-0.2117,0.6595,0.0353,-0.3436,0.5,-0.4474,1.3689,1.2172,1.5
43.067,10.0568,-0.2107,0.6532,0.0383,-0.3746,0.5,-0.4474,1.3689,1.2172,1.5
43.083,10.0563,-0.2082,0.6421,0.029,-0.2974,0.5,-0.3947,1.3689,1.2172,1.5
43.083,10.0563,-0.2082,0.6421,0.029,-0.2974,0.5,-0.3947,1.3689,1.2172,1.5
43.083,10.0563,-0.2082,0.6421,0.029,-0.2974,0.5,-0.3947,1.3689,1.2172,1.5
43.117,10.0565,-0.2072,0.6341,0.0486,-0.5061,0.5,-0.3947,1.3689,1.2172,1.5
43.117,10.0565,-0.2072,0.6341,0.0486,-0.5061,0.5,-0.3947,1.3689,1.2172,1.5
43.133,10.0565,-0.2047,0.6187,0.0527,-0.5719,0.5,-0.3947,1.3591,1.2172,1.5
43.133,10.0565,-0.2047,0.6187,0.0527,-0.5719,0.5,-0.3947,1.3591,1.2172,1.5
43.133,10.0565,-0.2047,0.6187,0.0527,-0.5719,0.5,-0.3947,1.3591,1.2172,1.5
43.167,10.0562,-0.2031,0.6112,0.0386,-0.4428,0.5,-0.3947,1.3591,1.2172,1.5
43.183,10.056,-0.2,0.5923,0.0424,-0.5216,0.5,-0.3947,1.3591,1.2172,1.5
43.183,10.056,-0.2,0.5923,0.0424,-0.5216,0.5,-0.3947,1.3591,1.2172,1.5
43.183,10.056,-0.2,0.5923,0.0424,-0.5216,0.5,-0.3947,1.3591,1.2172,1.5
43.183,10.056,-0.2,0.5923,0.0424,-0.5216,0.5,-0.3421,1.3591,1.2172,1.5
43.2,10.0561,-0.1984,0.581,0.0556,-0.7039,0.5,-0.3421,1.3591,1.2172,1.5
43.2,10.0561,-0.1984,0.581,0.0556,-0.7039,0.5,-0.3421,1.3591,1.2172,1.5
43.2,10.0561,-0.1984,0.581,0.0556,-0.7039,0.5,-0.3421,1.33,1.2016,1.5
43.233,10.0558,-0.1965,0.5709,0.0452,-0.6016,0.5,-0.3421,1.33,1.2016,1.5
43.25,10.0553,-0.1927,0.5473,0.046,-0.6759,0.5,-0.3421,1.33,1.2016,1.5
43.25,10.0553,-0.1927,0.5473,0.046,-0.6759,0.5,-0.3421,1.33,1.2016,1.5
43.25,10.0553,-0.1927,0.5473,0.046,-0.6759,0.5,-0.2895,1.33,1.2016,1.5
43.283,10.0551,-0.1907,0.5339,0.0516,-0.829,0.5,-0.2895,1.33,1.2016,1.5
43.283,10.0551,-0.1907,0.5339,0.0516,-0.829,0.5,-0.2895,1.33,1.2016,1.5
43.3,10.0544,-0.1863,0.5072,0.0452,-0.8704,0.5,-0.2368,1.33,1.2016,1.5
43.3,10.0544,-0.1863,0.5072,0.0452,-0.8704,0.5,-0.2368,1.33,1.2016,1.5
43.3,10.0544,-0.1863,0.5072,0.0452,-0.8704,0.5,-0.2368,1.33,1.2016,1.5
43.333,10.0539,-0.1839,0.4933,0.0421,-0.8193,0.5,-0.2368,inf,1.2016,1.5
43.333,10.0539,-0.1839,0.4933,0.0421,-0.8193,0.5,-0.2368,inf,1.2016,1.5
43.35,10.0528,-0.1791,0.4628,0.0291,-0.8767,0.5,-0.2368,inf,1.2016,1.5
43.367,10.0524,-0.1767,0.446,0.0349,-1.0136,0.5,-0.1842,inf,1.2016,1.5
43.367,10.0524,-0.1767,0.446,0.0349,-1.0136,0.5,-0.1842,inf,1.2016,1.5
43.367,10.0524,-0.1767,0.446,0.0349,-1.0136,0.5,-0.0789,inf,1.2016,1.5
43.4,10.0517,-0.174,0.4299,0.0302,-0.9705,0.5,-0.0789,inf,1.2016,1.5
43.4,10.0517,-0.174,0.4299,0.0302,-0.9705,0.5,-0.0789,inf,1.2016,1.5
43.417,10.0502,-0.1685,0.3939,0.0189,-1.0811,0.5,-0.1316,inf,1.2016,1.5
43.417,10.0502,-0.1685,0.3939,0.0189,-1.0811,0.5,-0.1316,inf,1.2684,1.5
43.417,10.0502,-0.1685,0.3939,0.0189,-1.0811,0.5,0.0,inf,1.2684,1.5
43.45,10.0493,-0.1657,0.3746,0.0081,-1.154,0.5,0.0263,inf,1.2684,1.5
43.45,10.0493,-0.1657,0.3746,0.0081,-1.154,0.5,0.0263,inf,1.2684,1.5
43.467,10.0473,-0.1598,0.3339,-0.0059,-1.2232,0.5,0.1316,inf,1.2684,1.5
43.467,10.0473,-0.1598,0.3339,-0.0059,-1.2232,0.5,0.2916,inf,1.2684,1.5
43.467,10.0473,-0.1598,0.3339,-0.0059,-1.2232,0.5,0.3947,inf,1.2684,1.5
43.5,10.0461,-0.1567,0.3129,-0.0155,-1.2312,0.5,0.3947,inf,1.2684,1.5
43.517,10.0435,-0.1506,0.2699,-0.0336,-1.2665,0.5,0.3947,inf,1.2684,1.5
43.517,10.0435,-0.1506,0.2699,-0.0336,-1.2665,0.5,0.3947,inf,1.2684,1.5
43.533,10.0422,-0.1476,0.248,-0.0412,-1.3014,0.5,0.4474,inf,1.2684,1.5
43.533,10.0422,-0.1476,0.248,-0.0412,-1.3014,0.5,0.3947,inf,1.2684,1.5
43.533,10.0422,-0.1476,0.248,-0.0412,-1.3014,0.5,0.3947,inf,1.2684,1.5
43.567,10.0405,-0.1445,0.227,-0.0617,-1.249,0.5,0.3947,inf,1.2684,1.5
43.583,10.0374,-0.1383,0.1831,-0.0686,-1.303,0.5,0.3421,inf,1.2684,1.5
43.583,10.0374,-0.1383,0.1831,-0.0686,-1.303,0.5,0.3421,inf,1.2684,1.5
43.583,10.0374,-0.1383,0.1831,-0.0686,-1.303,0.5,0.5,inf,1.2684,1.5
43.617,10.0357,-0.1351,0.1617,-0.0752,-1.2684,0.5,0.5,inf,1.2684,1.5
43.617,10.0357,-0.1351,0.1617,-0.0752,-1.2684,0.5,0.5,inf,1.2684,1.5
43.633,10.032,-0.129,0.1198,-0.0911,-1.2543,0.4737,0.5,inf,1.5,1.5
43.633,10.032,-0.129,0.1198,-0.0911,-1.2543,0.5,0.5,inf,1.5,1.5
43.633,10.032,-0.129,0.1198,-0.0911,-1.2543,0.5,0.5,inf,1.5,1.5
43.667,10.0301,-0.126,0.0997,-0.0975,-1.2026,0.5,0.5,inf,1.5,1.5
43.667,10.0301,-0.126,0.0997,-0.0975,-1.2026,0.5,0.5,inf,1.5,1.5
43.683,10.0263,-0.12,0.0603,-0.1075,-1.173,0.5,0.5,inf,1.5,1.5
43.7,10.0244,-0.1171,0.0411,-0.1119,-1.1632,0.5,0.4474,inf,1.5,1.5
43.7,10.0244,-0.1171,0.0411,-0.1119,-1.1632,0.5,0.4474,inf,1.5,1.5
43.7,10.0244,-0.1171,0.0411,-0.1119,-1.1632,0.5,0.5,inf,1.5,1.5
43.733,10.0224,-0.1141,0.0227,-0.1151,-1.1276,0.5,0.5,inf,1.5,1.5
