t,x,y,yaw,odom_vx,odom_wz,cmd_vx,cmd_wz,scan_ahead,us_left,us_right
12.967,-0.0,-0.0,-0.0,-0.0,0.0,0.0,0.0,inf,1.5,1.5
12.967,-0.0,-0.0,-0.0,-0.0,0.0,0.125,0.0263,inf,1.5,1.5
13.0,-0.0,-0.0,-0.0,-0.0,0.0,0.25,0.0263,inf,1.5,1.5
13.017,-0.0,-0.0,-0.0,-0.0001,-0.0002,0.375,0.0263,inf,1.5,1.5
13.017,-0.0,-0.0,-0.0,-0.0001,-0.0002,0.375,0.0263,inf,1.5,1.5
13.033,-0.0,-0.0,-0.0,-0.0001,-0.0002,0.5,0.0263,inf,1.5,1.5
13.033,-0.0,-0.0,-0.0,-0.0001,-0.0002,0.5,0.0263,inf,1.5,1.5
13.067,-0.0,-0.0,-0.0,-0.0005,-0.001,0.5,0.0263,inf,1.5,1.5
13.067,-0.0,-0.0,-0.0,-0.0005,-0.001,0.5,0.0263,inf,1.5,1.5
13.083,-0.0,-0.0,-0.0,-0.0006,-0.0011,0.5,0.0263,inf,1.5,1.5
13.083,-0.0,-0.0,-0.0,-0.0006,-0.0011,0.5,0.0263,inf,1.5,1.5
13.083,-0.0,-0.0,-0.0,-0.0006,-0.0011,0.5,0.0263,inf,1.5,1.5
13.117,-0.0,-0.0,-0.0001,-0.1779,-0.0011,0.5,0.0263,inf,1.5,1.5
13.117,-0.0,-0.0,-0.0001,-0.1779,-0.0011,0.5,0.0263,inf,1.5,1.5
13.133,-0.0,-0.0,-0.0001,-0.1781,-0.001,0.5,0.0263,inf,1.5,1.5
13.133,-0.0,-0.0,-0.0001,-0.1781,-0.001,0.5,0.0263,inf,1.5,1.5
13.167,0.0,-0.0,-0.0001,-0.2675,-0.0009,0.5,0.0263,inf,1.5,1.5
13.167,0.0,-0.0,-0.0001,-0.2675,-0.0009,0.5,0.0263,inf,1.5,1.5
13.183,0.0,-0.0,-0.0001,-0.3092,-0.0009,0.5,0.0263,inf,1.5,1.5
13.183,0.0,-0.0,-0.0001,-0.3092,-0.0009,0.5,0.0263,inf,1.5,1.5
13.2,0.0,-0.0,-0.0002,-0.3343,-0.0008,0.5,0.0263,inf,1.5,1.5
13.2,0.0,-0.0,-0.0002,-0.3343,-0.0008,0.5,0.0263,inf,1.5,1.5
13.233,0.0,-0.0,-0.0002,-0.4004,-0.0006,0.5,0.0263,inf,1.5,1.5
13.233,0.0,-0.0,-0.0002,-0.4004,-0.0006,0.5,0.0263,inf,1.5,1.5
13.25,0.0,-0.0,-0.0002,-0.4391,-0.0004,0.5,0.0263,inf,1.5,1.5
13.25,0.0,-0.0,-0.0002,-0.4391,-0.0004,0.5,0.0263,inf,1.5,1.5
13.25,0.0,-0.0,-0.0002,-0.4391,-0.0004,0.5,0.0263,inf,1.5,1.5
13.283,0.0,-0.0,-0.0002,-0.5081,-0.0002,0.5,0.0263,inf,1.5,1.5
13.3,0.0,-0.0,-0.0002,-0.547,-0.0,0.5,0.0263,inf,1.5,1.5
13.3,0.0,-0.0,-0.0002,-0.547,-0.0,0.5,0.0263,inf,1.5,1.5
13.3,0.0,-0.0,-0.0002,-0.547,-0.0,0.5,0.0263,inf,1.5,1.5
13.333,0.0,-0.0,-0.0002,-0.631,0.0003,0.5,0.0263,inf,1.5,1.5
13.333,0.0,-0.0,-0.0002,-0.631,0.0003,0.5,0.0263,inf,1.5,1.5
13.35,0.0,-0.0,-0.0002,-0.6754,0.0004,0.5,0.0263,inf,1.5,1.5
13.367,0.0,-0.0,-0.0002,-0.7058,0.0005,0.5,0.0263,inf,1.5,1.5
13.367,0.0,-0.0,-0.0002,-0.7058,0.0005,0.5,0.0263,inf,1.5,1.5
13.367,0.0,-0.0,-0.0002,-0.7058,0.0005,0.5,0.0263,inf,1.5,1.5
13.4,0.0001,-0.0,-0.0001,-0.7794,0.0007,0.5,0.0263,inf,1.5,1.5
13.4,0.0001,-0.0,-0.0001,-0.7794,0.0007,0.5,0.0263,inf,1.5,1.5
13.417,0.0001,-0.0,-0.0001,-0.8265,0.0008,0.5,0.0263,inf,1.5,1.5
13.417,0.0001,-0.0,-0.0001,-0.8265,0.0008,0.5,0.0263,inf,1.5,1.5
13.417,0.0001,-0.0,-0.0001,-0.8265,0.0008,0.5,0.0263,inf,1.5,1.5
13.45,0.0001,-0.0,-0.0001,-0.9006,0.001,0.5,0.0263,inf,1.5,1.5
13.467,0.0001,-0.0,-0.0001,-0.9379,0.001,0.5,0.0263,inf,1.5,1.5
13.467,0.0001,-0.0,-0.0001,-0.9379,0.001,0.5,0.0263,inf,1.5,1.5
13.467,0.0001,-0.0,-0.0001,-0.9379,0.001,0.5,0.0263,inf,1.5,1.5
13.5,0.0001,-0.0,-0.0001,-1.0213,0.0011,0.5,0.0263,inf,1.5,1.5
13.5,0.0001,-0.0,-0.0001,-1.0213,0.0011,0.5,0.0263,inf,1.5,1.5
13.517,0.0001,-0.0,-0.0,-1.0509,0.0011,0.5,0.0263,inf,1.5,1.5
13.533,0.0001,-0.0,-0.0,-1.0953,0.0011,0.5,0.0263,inf,1.5,1.5
13.533,0.0001,-0.0,-0.0,-1.0953,0.0011,0.5,0.0263,inf,1.5,1.5
13.533,0.0001,-0.0,-0.0,-1.0953,0.0011,0.5,0.0263,inf,1.5,1.5
13.567,0.0001,-0.0,0.0,-1.1654,0.001,0.5,0.0,inf,1.5,1.5
13.583,0.0001,-0.0,0.0,-1.2026,0.0009,0.5,0.0,inf,1.5,1.5
13.583,0.0001,-0.0,0.0,-1.2026,0.0009,0.5,0.0,inf,1.5,1.5
13.583,0.0001,-0.0,0.0,-1.2026,0.0009,0.5,0.0,inf,1.5,1.5
13.617,0.0002,-0.0,0.0001,-1.2711,0.0007,0.5,0.0,inf,1.5,1.5
13.617,0.0002,-0.0,0.0001,-1.2711,0.0007,0.5,0.0,inf,1.5,1.5
13.633,0.0002,-0.0,0.0001,-1.3123,0.0006,0.5,0.0,inf,1.5,1.5
13.633,0.0002,-0.0,0.0001,-1.3123,0.0006,0.5,0.0,inf,1.5,1.5
13.633,0.0002,-0.0,0.0001,-1.3123,0.0006,0.5,0.0,inf,1.5,1.5
13.667,0.0002,-0.0,0.0001,-1.3793,0.0004,0.5,0.0,inf,1.5,1.5
13.683,0.0002,-0.0,0.0001,-1.421,0.0002,0.5,0.0,inf,1.5,1.5
13.683,0.0002,-0.0,0.0001,-1.421,0.0002,0.5,0.0,inf,1.5,1.5
13.7,0.0002,-0.0,0.0001,-1.4557,0.0001,0.5,0.0,inf,1.5,1.5
13.7,0.0002,-0.0,0.0001,-1.4557,0.0001,0.5,0.0,inf,1.5,1.5
13.7,0.0002,-0.0,0.0001,-1.4557,0.0001,0.5,0.0,inf,1.5,1.5
13.733,0.0002,-0.0,0.0001,-1.5204,-0.0002,0.5,0.0,inf,1.5,1.5
13.75,0.0002,-0.0,0.0001,-1.5589,-0.0003,0.5,0.0,inf,1.5,1.5
13.75,0.0002,-0.0,0.0001,-1.5589,-0.0003,0.4375,0.0,inf,1.5,1.5
13.75,0.0002,-0.0,0.0001,-1.5589,-0.0003,0.375,0.0,inf,1.5,1.5
13.783,0.0002,-0.0,0.0001,-1.6257,-0.0006,0.3125,0.0,inf,1.5,1.5
13.8,0.0002,-0.0,0.0,-1.6569,-0.0007,0.25,0.0,inf,1.5,1.5
13.8,0.0002,-0.0,0.0,-1.6569,-0.0007,0.1875,0.0,inf,1.5,1.5
13.8,0.0002,-0.0,0.0,-1.6569,-0.0007,0.125,0.0,inf,1.5,1.5
13.833,0.0002,0.0,0.0,-1.7284,-0.0009,0.0625,0.0,inf,1.5,1.5
13.833,0.0002,0.0,0.0,-1.7284,-0.0009,0.0263,0.0,inf,1.5,1.5
13.85,0.0002,-0.0,0.0,-1.7581,-0.0007,0.0263,0.0,inf,1.5,1.5
13.867,0.0002,-0.0,0.0,-1.7826,-0.0006,0.0263,0.0,inf,1.5,1.5
13.867,0.0002,-0.0,0.0,-1.7826,-0.0006,0.0263,0.0,inf,1.5,1.5
13.867,0.0002,-0.0,0.0,-1.7826,-0.0006,0.0263,0.0,inf,1.5,1.5
13.867,0.0002,-0.0,0.0,-1.7826,-0.0006,0.0263,0.0,inf,1.5,1.5
13.9,0.0002,-0.0,-0.0,-1.799,-0.0003,0.0263,0.0,inf,1.5,1.5
13.9,0.0002,-0.0,-0.0,-1.799,-0.0003,0.0263,0.0,inf,1.5,1.5
13.917,0.0002,-0.0,-0.0,-1.806,-0.0001,0.0263,0.0,inf,1.5,1.5
13.917,0.0002,-0.0,-0.0,-1.806,-0.0001,0.0263,0.0,inf,1.5,1.5
13.917,0.0002,-0.0,-0.0,-1.806,-0.0001,0.0263,0.0,inf,1.5,1.5
13.95,0.0002,-0.0,-0.0,-1.8103,-0.0001,0.0263,0.0,inf,1.5,1.5
13.967,0.0002,-0.0,-0.0,-1.8125,-0.0001,0.0263,0.0,inf,1.5,1.5
13.967,0.0002,-0.0,-0.0,-1.8125,-0.0001,0.0263,0.0,inf,1.5,1.5
13.967,0.0002,-0.0,-0.0,-1.8125,-0.0001,0.0263,0.0,inf,1.5,1.5
14.0,0.0002,-0.0,-0.0,-1.8168,-0.0001,0.0263,0.0,inf,1.5,1.5
14.0,0.0002,-0.0,-0.0,-1.8168,-0.0001,0.0263,0.0,inf,1.5,1.5
14.017,0.0002,-0.0,-0.0,-1.819,-0.0001,0.0263,0.0,inf,1.5,1.5
14.033,0.0002,-0.0,-0.0,-1.8211,-0.0001,0.0263,0.0,inf,1.5,1.5
14.033,0.0002,-0.0,-0.0,-1.8211,-0.0001,0.0263,0.0,inf,1.5,1.5
14.033,0.0002,-0.0,-0.0,-1.8211,-0.0001,0.0263,0.0,inf,1.5,1.5
14.067,0.0002,-0.0,-0.0,-1.8255,-0.0001,0.0263,0.0,inf,1.5,1.5
14.067,0.0002,-0.0,-0.0,-1.8255,-0.0001,0.0263,0.0,inf,1.5,1.5
14.083,0.0002,-0.0,-0.0,-1.8276,-0.0001,0.0263,0.0,inf,1.5,1.5
14.083,0.0002,-0.0,-0.0,-1.8276,-0.0001,0.0263,0.0,inf,1.5,1.5
14.117,0.0002,-0.0,-0.0,-1.8319,-0.0001,0.0263,0.0,inf,1.5,1.5
14.117,0.0002,-0.0,-0.0,-1.8319,-0.0001,0.0263,0.0,inf,1.5,1.5
14.133,0.0002,-0.0,-0.0,-1.8341,-0.0001,0.0263,0.0,inf,1.5,1.5
14.133,0.0002,-0.0,-0.0,-1.8341,-0.0001,0.0263,0.0,inf,1.5,1.5
14.133,0.0002,-0.0,-0.0,-1.8341,-0.0001,0.0263,0.0,inf,1.5,1.5
14.167,0.0002,-0.0,-0.0,-1.8384,-0.0001,0.0263,0.0,inf,1.5,1.5
14.183,0.0002,-0.0,-0.0,-1.8406,-0.0001,0.0263,0.0,inf,1.5,1.5
14.183,0.0002,-0.0,-0.0,-1.8406,-0.0001,0.0263,0.0,inf,1.5,1.5
14.2,0.0002,-0.0,-0.0,-1.8428,-0.0001,0.0263,0.0,inf,1.5,1.5
14.2,0.0002,-0.0,-0.0,-1.8428,-0.0001,0.0263,0.0,inf,1.5,1.5
14.2,0.0002,-0.0,-0.0,-1.8428,-0.0001,0.0263,0.0,inf,1.5,1.5
14.233,0.0002,-0.0,-0.0,-1.8471,-0.0001,0.0263,0.0,inf,1.5,1.5
14.25,0.0002,-0.0,-0.0,-1.8492,-0.0001,0.0263,0.0,inf,1.5,1.5
14.25,0.0002,-0.0,-0.0,-1.8492,-0.0001,0.0263,0.0,inf,1.5,1.5
14.25,0.0002,-0.0,-0.0,-1.8492,-0.0001,0.0263,0.0,inf,1.5,1.5
14.283,0.0002,-0.0,-0.0,-1.8536,-0.0001,0.0263,0.0,inf,1.5,1.5
14.283,0.0002,-0.0,-0.0,-1.8536,-0.0001,0.0263,0.0,inf,1.5,1.5
14.3,0.0002,-0.0,-0.0,-1.8557,-0.0001,0.0263,0.0,inf,1.5,1.5
14.3,0.0002,-0.0,-0.0,-1.8557,-0.0001,0.0263,0.0,inf,1.5,1.5
14.333,0.0002,-0.0,-0.0,-1.8601,-0.0001,0.0263,0.0,inf,1.5,1.5
14.333,0.0002,-0.0,-0.0,-1.8601,-0.0001,0.0263,0.0,inf,1.5,1.5
14.35,0.0002,-0.0,-0.0,-1.8622,-0.0001,0.0263,0.0,inf,1.5,1.5
14.35,0.0002,-0.0,-0.0,-1.8622,-0.0001,0.0263,0.0,inf,1.5,1.5
14.367,0.0002,-0.0,-0.0,-1.8644,-0.0001,0.0263,0.0,inf,1.5,1.5
14.367,0.0002,-0.0,-0.0,-1.8644,-0.0001,0.0263,0.0,inf,1.5,1.5
14.4,0.0002,-0.0,-0.0,-1.8687,-0.0001,0.0263,0.0,inf,1.5,1.5
14.4,0.0002,-0.0,-0.0,-1.8687,-0.0001,0.0263,0.0,inf,1.5,1.5
14.417,0.0002,-0.0,-0.0,-1.8709,-0.0001,0.0263,0.0,inf,1.5,1.5
14.417,0.0002,-0.0,-0.0,-1.8709,-0.0001,0.0263,0.0,inf,1.5,1.5
14.417,0.0002,-0.0,-0.0,-1.8709,-0.0001,0.0263,0.0,inf,1.5,1.5
14.45,0.0002,-0.0,-0.0,-1.8752,-0.0001,0.0263,0.0,inf,1.5,1.5
14.467,0.0002,-0.0,-0.0,-1.8774,-0.0001,0.0263,0.0,inf,1.5,1.5
14.467,0.0002,-0.0,-0.0,-1.8774,-0.0001,0.0263,0.0,inf,1.5,1.5
14.467,0.0002,-0.0,-0.0,-1.8774,-0.0001,0.0263,0.0,inf,1.5,1.5
14.5,0.0002,-0.0,-0.0,-1.8817,-0.0001,0.0263,0.0,inf,1.5,1.5
14.5,0.0002,-0.0,-0.0,-1.8817,-0.0001,0.0263,0.0,inf,1.5,1.5
14.517,0.0002,-0.0,-0.0,-1.8839,-0.0001,0.0263,0.0,inf,1.5,1.5
14.533,0.0002,-0.0,-0.0,-1.886,-0.0001,0.0263,0.0,inf,1.5,1.5
14.533,0.0002,-0.0,-0.0,-1.886,-0.0001,0.0263,0.0,inf,1.5,1.5
14.533,0.0002,-0.0,-0.0,-1.886,-0.0001,0.0263,0.0,inf,1.5,1.5
14.567,0.0002,-0.0,-0.0,-1.8903,-0.0001,0.0263,0.0,inf,1.5,1.5
14.583,0.0002,-0.0,-0.0,-1.8925,-0.0001,0.0263,0.0,inf,1.5,1.5
14.583,0.0002,-0.0,-0.0,-1.8925,-0.0001,0.0263,0.0,inf,1.5,1.5
14.583,0.0002,-0.0,-0.0,-1.8925,-0.0001,0.0263,0.0,inf,1.5,1.5
14.617,0.0002,-0.0,-0.0,-1.8968,-0.0001,0.0263,0.0,inf,1.5,1.5
14.617,0.0002,-0.0,-0.0,-1.8968,-0.0001,0.0263,0.0,inf,1.5,1.5
14.633,0.0002,-0.0,-0.0,-1.899,-0.0001,0.0263,0.0,inf,1.5,1.5
14.633,0.0002,-0.0,-0.0,-1.899,-0.0001,0.0263,0.0,inf,1.5,1.5
14.667,0.0002,-0.0,-0.0,-1.9033,-0.0001,0.0263,0.0,inf,1.5,1.5
14.667,0.0002,-0.0,-0.0,-1.9033,-0.0001,0.0263,0.0,inf,1.5,1.5
14.683,0.0002,-0.0,-0.0,-1.9055,-0.0001,0.0263,0.0,inf,1.5,1.5
14.7,0.0002,-0.0,-0.0,-1.9076,-0.0001,0.0263,0.0,inf,1.5,1.5
14.7,0.0002,-0.0,-0.0,-1.9076,-0.0001,0.0263,0.0,inf,1.5,1.5
14.7,0.0002,-0.0,-0.0,-1.9076,-0.0001,0.0263,0.0,inf,1.5,1.5
14.733,0.0002,-0.0,-0.0,-1.912,-0.0001,0.0263,0.0,inf,1.5,1.5
14.733,0.0002,-0.0,-0.0,-1.912,-0.0001,0.0263,0.0,inf,1.5,1.5
14.75,0.0002,-0.0,-0.0,-1.9141,-0.0001,0.0263,0.0,inf,1.5,1.5
14.75,0.0002,-0.0,-0.0,-1.9141,-0.0001,0.0263,0.0,inf,1.5,1.5
14.75,0.0002,-0.0,-0.0,-1.9141,-0.0001,0.0263,0.0,inf,1.5,1.5
14.783,0.0002,-0.0,-0.0,-1.9185,-0.0001,0.0263,0.0,inf,1.5,1.5
14.8,0.0002,-0.0,-0.0,-1.9206,-0.0001,0.0263,0.0,inf,1.5,1.5
14.8,0.0002,-0.0,-0.0,-1.9206,-0.0001,0.0263,0.0,inf,1.5,1.5
14.8,0.0002,-0.0,-0.0,-1.9206,-0.0001,0.0263,0.0,inf,1.5,1.5
14.833,0.0002,-0.0,-0.0,-1.9249,-0.0001,0.0263,0.0,inf,1.5,1.5
14.833,0.0002,-0.0,-0.0,-1.9249,-0.0001,0.0263,0.0,inf,1.5,1.5
14.85,0.0002,-0.0,-0.0,-1.9271,-0.0001,0.0263,0.0,inf,1.5,1.5
14.867,0.0002,-0.0,-0.0,-1.9293,-0.0001,0.0263,0.0,inf,1.5,1.5
14.867,0.0002,-0.0,-0.0,-1.9293,-0.0001,0.0263,0.0,inf,1.5,1.5
14.867,0.0002,-0.0,-0.0,-1.9293,-0.0001,0.0263,0.0,inf,1.5,1.5
14.9,0.0002,-0.0,-0.0,-1.9336,-0.0001,0.0263,0.0,inf,1.5,1.5
14.9,0.0002,-0.0,-0.0,-1.9336,-0.0001,0.0263,0.0,inf,1.5,1.5
14.917,0.0002,-0.0,-0.0,-1.9358,-0.0001,0.0263,0.0,inf,1.5,1.5
14.917,0.0002,-0.0,-0.0,-1.9358,-0.0001,0.0263,0.0,inf,1.5,1.5
14.917,0.0002,-0.0,-0.0,-1.9358,-0.0001,0.0263,0.0,inf,1.5,1.5
14.95,0.0002,-0.0,-0.0,-1.9401,-0.0001,0.0263,0.0,inf,1.5,1.5
14.967,0.0002,-0.0,-0.0,-1.9422,-0.0001,0.0263,0.0,inf,1.5,1.5
14.967,0.0002,-0.0,-0.0,-1.9422,-0.0001,0.0263,0.0,inf,1.5,1.5
14.967,0.0002,-0.0,-0.0,-1.9422,-0.0001,0.0263,0.0,inf,1.5,1.5
15.0,0.0002,-0.0,-0.0,-1.9466,-0.0001,0.0263,0.0,inf,1.5,1.5
15.017,0.0002,-0.0,-0.0,-1.9487,-0.0001,0.0263,0.0,inf,1.5,1.5
15.017,0.0002,-0.0,-0.0,-1.9487,-0.0001,0.0263,0.0,inf,1.5,1.5
15.033,0.0002,-0.0,-0.0,-1.9509,-0.0001,0.0263,0.0,inf,1.5,1.5
15.033,0.0002,-0.0,-0.0,-1.9509,-0.0001,0.0263,0.0,inf,1.5,1.5
15.033,0.0002,-0.0,-0.0,-1.9509,-0.0001,0.0263,0.0,inf,1.5,1.5
15.067,0.0002,-0.0,-0.0,-1.9552,-0.0001,0.0263,0.0,inf,1.5,1.5
15.083,0.0002,-0.0,-0.0,-1.9574,-0.0001,0.0263,0.0,inf,1.5,1.5
15.083,0.0002,-0.0,-0.0,-1.9574,-0.0001,0.0263,0.0,inf,1.5,1.5
15.083,0.0002,-0.0,-0.0,-1.9574,-0.0001,0.0263,0.0,inf,1.5,1.5
15.117,0.0002,-0.0,-0.0,-1.9617,-0.0001,0.0263,0.0,inf,1.5,1.5
15.117,0.0002,-0.0,-0.0,-1.9617,-0.0001,0.0263,0.0,inf,1.5,1.5
15.133,0.0002,-0.0,-0.0,-1.9639,-0.0001,0.0263,0.0,inf,1.5,1.5
15.133,0.0002,-0.0,-0.0,-1.9639,-0.0001,0.0263,0.0,inf,1.5,1.5
15.167,0.0002,-0.0,-0.0,-1.9682,-0.0001,0.0263,0.0,inf,1.5,1.5
15.167,0.0002,-0.0,-0.0,-1.9682,-0.0001,0.0263,0.0,inf,1.5,1.5
15.183,0.0002,-0.0,-0.0,-1.9704,-0.0001,0.0263,0.0,inf,1.5,1.5
15.2,0.0002,-0.0,-0.0,-1.9725,-0.0001,0.0263,0.0,inf,1.5,1.5
15.2,0.0002,-0.0,-0.0,-1.9725,-0.0001,0.0263,0.0,inf,1.5,1.5
15.2,0.0002,-0.0,-0.0,-1.9725,-0.0001,0.0263,0.0,inf,1.5,1.5
15.233,0.0002,-0.0,-0.0,-1.9769,-0.0001,0.0263,0.0,inf,1.5,1.5
15.233,0.0002,-0.0,-0.0,-1.9769,-0.0001,0.0263,0.0,inf,1.5,1.5
15.25,0.0002,-0.0,-0.0,-1.979,-0.0001,0.0263,0.0,inf,1.5,1.5
15.25,0.0002,-0.0,-0.0,-1.979,-0.0001,0.0263,0.0,inf,1.5,1.5
15.25,0.0002,-0.0,-0.0,-1.979,-0.0001,0.0263,0.0,inf,1.5,1.5
15.283,0.0002,-0.0,-0.0,-1.9833,-0.0001,0.0263,0.0,inf,1.5,1.5
15.3,0.0002,-0.0,-0.0,-1.9855,-0.0001,0.0263,0.0,inf,1.5,1.5
15.3,0.0002,-0.0,-0.0,-1.9855,-0.0001,0.0263,0.0,inf,1.5,1.5
15.3,0.0002,-0.0,-0.0,-1.9855,-0.0001,0.0263,0.0,inf,1.5,1.5
15.333,0.0002,-0.0,-0.0,-1.9898,-0.0001,0.0263,0.0,inf,1.5,1.5
15.35,0.0002,-0.0,-0.0,-1.992,-0.0001,0.0263,0.0,inf,1.5,1.5
15.35,0.0002,-0.0,-0.0,-1.992,-0.0001,0.0263,0.0,inf,1.5,1.5
15.367,0.0002,-0.0,-0.0,-1.9942,-0.0001,0.0263,0.0,inf,1.5,1.5
15.367,0.0002,-0.0,-0.0,-1.9942,-0.0001,0.0263,0.0,inf,1.5,1.5
15.367,0.0002,-0.0,-0.0,-1.9942,-0.0001,0.0263,0.0,inf,1.5,1.5
15.4,0.0002,-0.0,-0.0,-1.9985,-0.0001,0.0263,0.0,inf,1.5,1.5
15.417,0.0002,-0.0,-0.0,-2.0006,-0.0001,0.0263,0.0,inf,1.5,1.5
15.417,0.0002,-0.0,-0.0,-2.0006,-0.0001,0.0263,0.0,inf,1.5,1.5
15.417,0.0002,-0.0,-0.0,-2.0006,-0.0001,0.0263,0.0,inf,1.5,1.5
15.45,0.0002,-0.0,-0.0,-2.005,-0.0001,0.0263,0.0,inf,1.5,1.5
15.45,0.0002,-0.0,-0.0,-2.005,-0.0001,0.0263,0.0,inf,1.5,1.5
15.467,0.0002,-0.0,-0.0,-2.0071,-0.0001,0.0263,0.0,inf,1.5,1.5
15.467,0.0002,-0.0,-0.0,-2.0071,-0.0001,0.0263,0.0,inf,1.5,1.5
15.5,0.0002,-0.0,-0.0,-2.0115,-0.0001,0.0263,0.0,inf,1.5,1.5
15.5,0.0002,-0.0,-0.0,-2.0115,-0.0001,0.0263,0.0,inf,1.5,1.5
15.517,0.0002,-0.0,-0.0,-2.0136,-0.0001,0.0263,0.0,inf,1.5,1.5
15.533,0.0002,-0.0,-0.0,-2.0158,-0.0001,0.0263,0.0,inf,1.5,1.5
15.533,0.0002,-0.0,-0.0,-2.0158,-0.0001,0.0263,0.0,inf,1.5,1.5
15.533,0.0002,-0.0,-0.0,-2.0158,-0.0001,0.0263,0.0,inf,1.5,1.5
15.567,0.0002,-0.0,-0.0,-2.0201,-0.0001,0.0263,0.0,inf,1.5,1.5
15.567,0.0002,-0.0,-0.0,-2.0201,-0.0001,0.0263,0.0,inf,1.5,1.5
15.583,0.0002,-0.0,-0.0,-2.0223,-0.0001,0.0263,0.0,inf,1.5,1.5
15.583,0.0002,-0.0,-0.0,-2.0223,-0.0001,0.0263,0.0,inf,1.5,1.5
15.583,0.0002,-0.0,-0.0,-2.0223,-0.0001,0.0263,0.0,inf,1.5,1.5
15.617,0.0002,-0.0,-0.0,-2.0266,-0.0001,0.0263,0.0,inf,1.5,1.5
15.633,0.0002,-0.0,-0.0,-2.0288,-0.0001,0.0263,0.0,inf,1.5,1.5
15.633,0.0002,-0.0,-0.0,-2.0288,-0.0001,0.0263,0.0,inf,1.5,1.5
15.633,0.0002,-0.0,-0.0,-2.0288,-0.0001,0.0263,0.0,inf,1.5,1.5
15.667,0.0002,-0.0,-0.0,-2.0331,-0.0001,0.0263,0.0,inf,1.5,1.5
15.683,0.0002,-0.0,-0.0,-2.0352,-0.0001,0.0263,0.0,inf,1.5,1.5
15.683,0.0002,-0.0,-0.0,-2.0352,-0.0001,0.0263,0.0,inf,1.5,1.5
15.7,0.0002,-0.0,-0.0,-2.0374,-0.0001,0.0263,0.0,inf,1.5,1.5
15.7,0.0002,-0.0,-0.0,-2.0374,-0.0001,0.0263,0.0,inf,1.5,1.5
15.7,0.0002,-0.0,-0.0,-2.0374,-0.0001,0.0263,0.0,inf,1.5,1.5
15.733,0.0002,-0.0,-0.0,-2.0417,-0.0001,0.0263,0.0,inf,1.5,1.5
15.75,0.0002,-0.0,-0.0,-2.0439,-0.0001,0.0263,0.0,inf,1.5,1.5
15.75,0.0002,-0.0,-0.0,-2.0439,-0.0001,0.0263,0.0,inf,1.5,1.5
15.75,0.0002,-0.0,-0.0,-2.0439,-0.0001,0.0263,0.0,inf,1.5,1.5
15.783,0.0002,-0.0,-0.0,-2.0482,-0.0001,0.0263,0.0,inf,1.5,1.5
15.783,0.0002,-0.0,-0.0,-2.0482,-0.0001,0.0263,0.0,inf,1.5,1.5
15.8,0.0002,-0.0,-0.0,-2.0504,-0.0001,0.0263,0.0,inf,1.5,1.5
15.8,0.0002,-0.0,-0.0,-2.0504,-0.0001,0.0263,0.0,inf,1.5,1.5
15.833,0.0002,-0.0,-0.0,-2.0547,-0.0001,0.0263,0.0,inf,1.5,1.5
15.833,0.0002,-0.0,-0.0,-2.0547,-0.0001,0.0263,0.0,inf,1.5,1.5
15.85,0.0002,-0.0,-0.0,-2.0569,-0.0001,0.0263,0.0,inf,1.5,1.5
15.85,0.0002,-0.0,-0.0,-2.0569,-0.0001,0.0263,0.0,inf,1.5,1.5
15.867,0.0002,-0.0,-0.0,-2.059,-0.0001,0.0263,0.0,inf,1.5,1.5
15.867,0.0002,-0.0,-0.0,-2.059,-0.0001,0.0263,0.0,inf,1.5,1.5
15.867,0.0002,-0.0,-0.0,-2.059,-0.0001,0.0263,0.0,inf,1.5,1.5
15.9,0.0002,-0.0,-0.0,-2.0634,-0.0001,0.0263,0.0,inf,1.5,1.5
15.917,0.0002,-0.0,-0.0,-2.0655,-0.0001,0.0263,0.0,inf,1.5,1.5
15.917,0.0002,-0.0,-0.0,-2.0655,-0.0001,0.0263,0.0,inf,1.5,1.5
15.917,0.0002,-0.0,-0.0,-2.0655,-0.0001,0.0263,0.0,inf,1.5,1.5
15.95,0.0002,-0.0,-0.0,-2.0699,-0.0001,0.0263,0.0,inf,1.5,1.5
15.967,0.0002,-0.0,-0.0,-2.072,-0.0001,0.0263,0.0,inf,1.5,1.5
15.967,0.0002,-0.0,-0.0,-2.072,-0.0001,0.0263,0.0,inf,1.5,1.5
15.967,0.0002,-0.0,-0.0,-2.072,-0.0001,0.0263,0.0,inf,1.5,1.5
16.0,0.0002,-0.0,-0.0,-2.0763,-0.0001,0.0263,0.0,inf,1.5,1.5
16.0,0.0002,-0.0,-0.0,-2.0763,-0.0001,0.0263,0.0,inf,1.5,1.5
16.017,0.0002,-0.0,-0.0,-2.0785,-0.0001,0.0263,0.0,inf,1.5,1.5
16.033,0.0002,-0.0,-0.0,-2.0807,-0.0001,0.0263,0.0,inf,1.5,1.5
16.033,0.0002,-0.0,-0.0,-2.0807,-0.0001,0.0263,0.0,inf,1.5,1.5
16.033,0.0002,-0.0,-0.0,-2.0807,-0.0001,0.0263,0.0,inf,1.5,1.5
16.067,0.0002,-0.0,-0.0,-2.085,-0.0001,0.0263,0.0,inf,1.5,1.5
16.067,0.0002,-0.0,-0.0,-2.085,-0.0001,0.0263,0.0,inf,1.5,1.5
16.083,0.0002,-0.0,-0.0,-2.0872,-0.0001,0.0263,0.0,inf,1.5,1.5
16.083,0.0002,-0.0,-0.0,-2.0872,-0.0001,0.0263,0.0,inf,1.5,1.5
16.083,0.0002,-0.0,-0.0,-2.0872,-0.0001,0.0263,0.0,inf,1.5,1.5
16.117,0.0002,-0.0,-0.0,-2.0915,-0.0001,0.0263,0.0,inf,1.5,1.5
16.133,0.0002,-0.0,-0.0,-2.0936,-0.0001,0.0263,0.0,inf,1.5,1.5
16.133,0.0002,-0.0,-0.0,-2.0936,-0.0001,0.0263,0.0,inf,1.5,1.5
16.133,0.0002,-0.0,-0.0,-2.0936,-0.0001,0.0263,0.0,inf,1.5,1.5
16.167,0.0002,-0.0,-0.0,-2.098,-0.0001,0.0263,0.0,inf,1.5,1.5
16.167,0.0002,-0.0,-0.0,-2.098,-0.0001,0.0263,0.0,inf,1.5,1.5
16.183,0.0002,-0.0,-0.0,-2.1001,-0.0001,0.0263,0.0,inf,1.5,1.5
16.2,0.0002,-0.0,-0.0,-2.1023,-0.0001,0.0263,0.0,inf,1.5,1.5
16.2,0.0002,-0.0,-0.0,-2.1023,-0.0001,0.0263,0.0,inf,1.5,1.5
16.2,0.0002,-0.0,-0.0,-2.1023,-0.0001,0.0263,0.0,inf,1.5,1.5
16.233,0.0002,-0.0,-0.0,-2.1066,-0.0001,0.0263,0.0,inf,1.5,1.5
16.25,0.0002,-0.0,-0.0,-2.1088,-0.0001,0.0263,0.0,inf,1.5,1.5
16.25,0.0002,-0.0,-0.0,-2.1088,-0.0001,0.0263,0.0,inf,1.5,1.5
16.25,0.0002,-0.0,-0.0,-2.1088,-0.0001,0.0263,0.0,inf,1.5,1.5
16.283,0.0002,-0.0,-0.0,-2.1131,-0.0001,0.0263,0.0,inf,1.5,1.5
16.283,0.0002,-0.0,-0.0,-2.1131,-0.0001,0.0263,0.0,inf,1.5,1.5
16.3,0.0002,-0.0,-0.0,-2.1153,-0.0001,0.0263,0.0,inf,1.5,1.5
16.3,0.0002,-0.0,-0.0,-2.1153,-0.0001,0.0263,0.0,inf,1.5,1.5
16.3,0.0002,-0.0,-0.0,-2.1153,-0.0001,0.0263,0.0,inf,1.5,1.5
16.333,0.0002,-0.0,-0.0,-2.1196,-0.0001,0.0263,0.0,inf,1.5,1.5
16.35,0.0002,-0.0,-0.0,-2.1218,-0.0001,0.0263,0.0,inf,1.5,1.5
16.35,0.0002,-0.0,-0.0,-2.1218,-0.0001,0.0263,0.0,inf,1.5,1.5
16.367,0.0002,-0.0,-0.0,-2.1239,-0.0001,0.0263,0.0,inf,1.5,1.5
16.367,0.0002,-0.0,-0.0,-2.1239,-0.0001,0.0263,0.0,inf,1.5,1.5
16.367,0.0002,-0.0,-0.0,-2.1239,-0.0001,0.0263,0.0,inf,1.5,1.5
16.4,0.0002,-0.0,-0.0,-2.1282,-0.0001,0.0263,0.0,inf,1.5,1.5
16.417,0.0002,-0.0,-0.0,-2.1304,-0.0001,0.0263,0.0,inf,1.5,1.5
16.417,0.0002,-0.0,-0.0,-2.1304,-0.0001,0.0263,0.0,inf,1.5,1.5
16.417,0.0002,-0.0,-0.0,-2.1304,-0.0001,0.0263,0.0,inf,1.5,1.5
16.45,0.0002,-0.0,-0.0,-2.1347,-0.0001,0.0263,0.0,inf,1.5,1.5
16.45,0.0002,-0.0,-0.0,-2.1347,-0.0001,0.0263,0.0,inf,1.5,1.5
16.467,0.0002,-0.0,-0.0,-2.1369,-0.0001,0.0263,0.0,inf,1.5,1.5
16.467,0.0002,-0.0,-0.0,-2.1369,-0.0001,0.0263,0.0,inf,1.5,1.5
16.5,0.0002,-0.0,-0.0,-2.1412,-0.0001,0.0263,0.0,inf,1.5,1.5
16.5,0.0002,-0.0,-0.0,-2.1412,-0.0001,0.0263,0.0,inf,1.5,1.5
16.517,0.0002,-0.0,-0.0,-2.1434,-0.0001,0.0263,0.0,inf,1.5,1.5
16.517,0.0002,-0.0,-0.0,-2.1434,-0.0001,0.0263,0.0,inf,1.5,1.5
16.533,0.0002,-0.0,-0.0,-2.1455,-0.0001,0.0263,0.0,inf,1.5,1.5
16.533,0.0002,-0.0,-0.0,-2.1455,-0.0001,0.0263,0.0,inf,1.5,1.5
16.567,0.0002,-0.0,-0.0,-2.1499,-0.0001,0.0263,0.0,inf,1.5,1.5
16.567,0.0002,-0.0,-0.0,-2.1499,-0.0001,0.0263,0.0,inf,1.5,1.5
16.583,0.0002,-0.0,-0.0,-2.152,-0.0001,0.0263,0.0,inf,1.5,1.5
16.583,0.0002,-0.0,-0.0,-2.152,-0.0001,0.0263,0.0,inf,1.5,1.5
16.583,0.0002,-0.0,-0.0,-2.152,-0.0001,0.0263,0.0,inf,1.5,1.5
16.617,0.0002,-0.0,-0.0,-2.1564,-0.0001,0.0263,0.0,inf,1.5,1.5
16.633,0.0002,-0.0,-0.0,-2.1585,-0.0001,0.0263,0.0,inf,1.5,1.5
16.633,0.0002,-0.0,-0.0,-2.1585,-0.0001,0.0263,0.0,inf,1.5,1.5
16.633,0.0002,-0.0,-0.0,-2.1585,-0.0001,0.0263,0.0,inf,1.5,1.5
16.667,0.0002,-0.0,-0.0,-2.1629,-0.0001,0.0263,0.0,inf,1.5,1.5
16.667,0.0002,-0.0,-0.0,-2.1629,-0.0001,0.0263,0.0,inf,1.5,1.5
16.683,0.0002,-0.0,-0.0,-2.165,-0.0001,0.0263,0.0,inf,1.5,1.5
16.7,0.0002,-0.0,-0.0,-2.1672,-0.0001,0.0263,0.0,inf,1.5,1.5
16.7,0.0002,-0.0,-0.0,-2.1672,-0.0001,0.0263,0.0,inf,1.5,1.5
16.7,0.0002,-0.0,-0.0,-2.1672,-0.0001,0.0263,0.0,inf,1.5,1.5
16.733,0.0002,-0.0,-0.0,-2.1715,-0.0001,0.0263,0.0,inf,1.5,1.5
16.733,0.0002,-0.0,-0.0,-2.1715,-0.0001,0.0263,0.0,inf,1.5,1.5
16.75,0.0002,-0.0,-0.0,-2.1737,-0.0001,0.0263,0.0,inf,1.5,1.5
16.75,0.0002,-0.0,-0.0,-2.1737,-0.0001,0.0263,0.0,inf,1.5,1.5
16.783,0.0002,-0.0,-0.0,-2.178,-0.0001,0.0263,0.0,inf,1.5,1.5
16.783,0.0002,-0.0,-0.0,-2.178,-0.0001,0.0263,0.0,inf,1.5,1.5
16.8,0.0002,-0.0,-0.0,-2.1802,-0.0001,0.0263,0.0,inf,1.5,1.5
16.8,0.0002,-0.0,-0.0,-2.1802,-0.0001,0.0263,0.0,inf,1.5,1.5
16.8,0.0002,-0.0,-0.0,-2.1802,-0.0001,0.0263,0.0,inf,1.5,1.5
16.833,0.0002,-0.0,-0.0,-2.1845,-0.0001,0.0263,0.0,inf,1.5,1.5
16.85,0.0002,-0.0,-0.0,-2.1866,-0.0001,0.0263,0.0,inf,1.5,1.5
16.85,0.0002,-0.0,-0.0,-2.1866,-0.0001,0.0263,0.0,inf,1.5,1.5
16.867,0.0002,-0.0,-0.0,-2.1888,-0.0001,0.0263,0.0,inf,1.5,1.5
16.867,0.0002,-0.0,-0.0,-2.1888,-0.0001,0.0263,0.0,inf,1.5,1.5
16.867,0.0002,-0.0,-0.0,-2.1888,-0.0001,0.0263,0.0,inf,1.5,1.5
16.9,0.0002,-0.0,-0.0,-2.1931,-0.0001,0.0263,0.0,inf,1.5,1.5
16.917,0.0002,-0.0,-0.0,-2.1953,-0.0001,0.0263,0.0,inf,1.5,1.5
16.917,0.0002,-0.0,-0.0,-2.1953,-0.0001,0.0263,0.0,inf,1.5,1.5
16.917,0.0002,-0.0,-0.0,-2.1953,-0.0001,0.0263,0.0,inf,1.5,1.5
16.95,0.0002,-0.0,-0.0,-2.1996,-0.0001,0.0263,0.0,inf,1.5,1.5
16.95,0.0002,-0.0,-0.0,-2.1996,-0.0001,0.0263,0.0,inf,1.5,1.5
16.967,0.0002,-0.0,-0.0,-2.2018,-0.0001,0.0263,0.0,inf,1.5,1.5
16.967,0.0002,-0.0,-0.0,-2.2018,-0.0001,0.0263,0.0,inf,1.5,1.5
17.0,0.0002,-0.0,-0.0,-2.2061,-0.0001,0.0263,0.0,inf,1.5,1.5
17.0,0.0002,-0.0,-0.0,-2.2061,-0.0001,0.0263,0.0,inf,1.5,1.5
17.017,0.0002,-0.0,-0.0,-2.2083,-0.0001,0.0263,0.0,inf,1.5,1.5
17.033,0.0002,-0.0,-0.0,-2.2104,-0.0001,0.0263,0.0,inf,1.5,1.5
17.033,0.0002,-0.0,-0.0,-2.2104,-0.0001,0.0263,0.0,inf,1.5,1.5
17.033,0.0002,-0.0,-0.0,-2.2104,-0.0001,0.0263,0.0,inf,1.5,1.5
17.067,0.0002,-0.0,-0.0,-2.2148,-0.0001,0.0263,0.0,inf,1.5,1.5
17.067,0.0002,-0.0,-0.0,-2.2148,-0.0001,0.0263,0.0,inf,1.5,1.5
17.083,0.0002,-0.0,-0.0,-2.2169,-0.0001,0.0263,0.0,inf,1.5,1.5
17.083,0.0002,-0.0,-0.0,-2.2169,-0.0001,0.0263,0.0,inf,1.5,1.5
17.083,0.0002,-0.0,-0.0,-2.2169,-0.0001,0.0263,0.0,inf,1.5,1.5
17.117,0.0002,-0.0,-0.0,-2.2212,-0.0001,0.0263,0.0,inf,1.5,1.5
17.133,0.0002,-0.0,-0.0,-2.2234,-0.0001,0.0263,0.0,inf,1.5,1.5
17.133,0.0002,-0.0,-0.0,-2.2234,-0.0001,0.0263,0.0,inf,1.5,1.5
17.133,0.0002,-0.0,-0.0,-2.2234,-0.0001,0.0263,0.0,inf,1.5,1.5
17.167,0.0002,-0.0,-0.0,-2.2277,-0.0001,0.0263,0.0,inf,1.5,1.5
17.167,0.0002,-0.0,-0.0,-2.2277,-0.0001,0.0263,0.0,inf,1.5,1.5
17.183,0.0002,-0.0,-0.0,-2.2299,-0.0001,0.0263,0.0,inf,1.5,1.5
17.2,0.0002,-0.0,-0.0,-2.2321,-0.0001,0.0263,0.0,inf,1.5,1.5
17.2,0.0002,-0.0,-0.0,-2.2321,-0.0001,0.0263,0.0,inf,1.5,1.5
17.2,0.0002,-0.0,-0.0,-2.2321,-0.0001,0.0263,0.0,inf,1.5,1.5
17.233,0.0002,-0.0,-0.0,-2.2364,-0.0001,0.0263,0.0,inf,1.5,1.5
17.233,0.0002,-0.0,-0.0,-2.2364,-0.0001,0.0263,0.0,inf,1.5,1.5
17.25,0.0002,-0.0,-0.0,-2.2385,-0.0001,0.0263,0.0,inf,1.5,1.5
17.25,0.0002,-0.0,-0.0,-2.2385,-0.0001,0.0263,0.0,inf,1.5,1.5
17.283,0.0002,-0.0,-0.0,-2.2429,-0.0001,0.0263,0.0,inf,1.5,1.5
17.283,0.0002,-0.0,-0.0,-2.2429,-0.0001,0.0263,0.0,inf,1.5,1.5
17.3,0.0002,-0.0,-0.0,-2.245,-0.0001,0.0263,0.0,inf,1.5,1.5
17.3,0.0002,-0.0,-0.0,-2.245,-0.0001,0.0263,0.0,inf,1.5,1.5
17.3,0.0002,-0.0,-0.0,-2.245,-0.0001,0.0263,0.0,inf,1.5,1.5
17.333,0.0002,-0.0,-0.0,-2.2494,-0.0,0.0263,0.0,inf,1.5,1.5
17.35,0.0002,-0.0,-0.0,-2.2515,-0.0,0.0263,0.0,inf,1.5,1.5
17.35,0.0002,-0.0,-0.0,-2.2515,-0.0,0.0263,0.0,inf,1.5,1.5
17.367,0.0002,-0.0,-0.0,-2.2537,-0.0,0.0263,0.0,inf,1.5,1.5
17.367,0.0002,-0.0,-0.0,-2.2537,-0.0,0.0263,0.0,inf,1.5,1.5
17.367,0.0002,-0.0,-0.0,-2.2537,-0.0,0.0263,0.0,inf,1.5,1.5
17.4,0.0002,-0.0,-0.0,-2.258,-0.0,0.0263,0.0,inf,1.5,1.5
17.417,0.0002,-0.0,-0.0,-2.2602,-0.0,0.0263,0.0,inf,1.5,1.5
17.417,0.0002,-0.0,-0.0,-2.2602,-0.0,0.0263,0.0,inf,1.5,1.5
17.417,0.0002,-0.0,-0.0,-2.2602,-0.0,0.0263,0.0,inf,1.5,1.5
17.45,0.0002,-0.0,-0.0,-2.2645,-0.0,0.0263,0.0,inf,1.5,1.5
17.467,0.0002,-0.0,-0.0,-2.2667,-0.0,0.0263,0.0,inf,1.5,1.5
17.467,0.0002,-0.0,-0.0,-2.2667,-0.0,0.0263,0.0,inf,1.5,1.5
17.467,0.0002,-0.0,-0.0,-2.2667,-0.0,0.0263,0.0,inf,1.5,1.5
17.5,0.0002,-0.0,-0.0,-2.271,-0.0,0.0263,0.0,inf,1.5,1.5
17.5,0.0002,-0.0,-0.0,-2.271,-0.0,0.0263,0.0,inf,1.5,1.5
17.517,0.0002,-0.0,-0.0,-2.2732,-0.0,0.0263,0.0,inf,1.5,1.5
17.517,0.0002,-0.0,-0.0,-2.2732,-0.0,0.0263,0.0,inf,1.5,1.5
17.533,0.0002,-0.0,-0.0,-2.2753,-0.0,0.0263,0.0,inf,1.5,1.5
17.533,0.0002,-0.0,-0.0,-2.2753,-0.0,0.0263,0.0,inf,1.5,1.5
17.567,0.0002,-0.0,-0.0,-2.2796,-0.0,0.0263,0.0,inf,1.5,1.5
17.567,0.0002,-0.0,-0.0,-2.2796,-0.0,0.0263,0.0,inf,1.5,1.5
17.583,0.0002,-0.0,-0.0,-2.2818,-0.0,0.0263,0.0,inf,1.5,1.5
17.583,0.0002,-0.0,-0.0,-2.2818,-0.0,0.0263,0.0,inf,1.5,1.5
17.583,0.0002,-0.0,-0.0,-2.2818,-0.0,0.0263,0.0,inf,1.5,1.5
17.617,0.0002,-0.0,-0.0,-2.2861,-0.0,0.0263,0.0,inf,1.5,1.5
17.633,0.0002,-0.0,-0.0,-2.2883,-0.0,0.0263,0.0,inf,1.5,1.5
17.633,0.0002,-0.0,-0.0,-2.2883,-0.0,0.0263,0.0,inf,1.5,1.5
17.633,0.0002,-0.0,-0.0,-2.2883,-0.0,0.0263,0.0,inf,1.5,1.5
17.667,0.0002,-0.0,-0.0,-2.2926,-0.0,0.0263,0.0,inf,1.5,1.5
17.667,0.0002,-0.0,-0.0,-2.2926,-0.0,0.0263,0.0,inf,1.5,1.5
17.683,0.0002,-0.0,-0.0,-2.2948,-0.0,0.0263,0.0,inf,1.5,1.5
17.7,0.0002,-0.0,-0.0,-2.2969,-0.0,0.0263,0.0,inf,1.5,1.5
17.7,0.0002,-0.0,-0.0,-2.2969,-0.0,0.0263,0.0,inf,1.5,1.5
17.7,0.0002,-0.0,-0.0,-2.2969,-0.0,0.0263,0.0,inf,1.5,1.5
17.733,0.0002,-0.0,-0.0,-2.3013,-0.0,0.0263,0.0,inf,1.5,1.5
17.733,0.0002,-0.0,-0.0,-2.3013,-0.0,0.0263,0.0,inf,1.5,1.5
17.75,0.0002,-0.0,-0.0,-2.3034,-0.0,0.0263,0.0,inf,1.5,1.5
17.75,0.0002,-0.0,-0.0,-2.3034,-0.0,0.0263,0.0,inf,1.5,1.5
17.75,0.0002,-0.0,-0.0,-2.3034,-0.0,0.0263,0.0,inf,1.5,1.5
17.783,0.0002,-0.0,-0.0,-2.3078,-0.0,0.0263,0.0,inf,1.5,1.5
17.8,0.0002,-0.0,-0.0,-2.3099,-0.0,0.0263,0.0,inf,1.5,1.5
17.8,0.0002,-0.0,-0.0,-2.3099,-0.0,0.0263,0.0,inf,1.5,1.5
17.8,0.0002,-0.0,-0.0,-2.3099,-0.0,0.0263,0.0,inf,1.5,1.5
17.833,0.0002,-0.0,-0.0,-2.3142,-0.0,0.0263,0.0,inf,1.5,1.5
17.833,0.0002,-0.0,-0.0,-2.3142,-0.0,0.0263,0.0,inf,1.5,1.5
17.85,0.0002,-0.0,-0.0,-2.3164,-0.0,0.0263,0.0,inf,1.5,1.5
17.867,0.0002,-0.0,-0.0,-2.3186,-0.0,0.0263,0.0,inf,1.5,1.5
17.867,0.0002,-0.0,-0.0,-2.3186,-0.0,0.0263,0.0,inf,1.5,1.5
17.867,0.0002,-0.0,-0.0,-2.3186,-0.0,0.0263,0.0,inf,1.5,1.5
17.9,0.0002,-0.0,-0.0,-2.3229,-0.0,0.0263,0.0,inf,1.5,1.5
17.9,0.0002,-0.0,-0.0,-2.3229,-0.0,0.0263,0.0,inf,1.5,1.5
17.917,0.0002,-0.0,-0.0,-2.3251,-0.0,0.0263,0.0,inf,1.5,1.5
17.917,0.0002,-0.0,-0.0,-2.3251,-0.0,0.0263,0.0,inf,1.5,1.5
17.95,0.0002,-0.0,-0.0,-2.3294,-0.0,0.0263,0.0,inf,1.5,1.5
17.95,0.0002,-0.0,-0.0,-2.3294,-0.0,0.0263,0.0,inf,1.5,1.5
17.967,0.0002,-0.0,-0.0,-2.3315,-0.0,0.0263,0.0,inf,1.5,1.5
17.967,0.0002,-0.0,-0.0,-2.3315,-0.0,0.0263,0.0,inf,1.5,1.5
17.967,0.0002,-0.0,-0.0,-2.3315,-0.0,0.0263,0.0,inf,1.5,1.5
18.0,0.0002,-0.0,-0.0,-2.3359,-0.0,0.0263,0.0,inf,1.5,1.5
18.017,0.0002,-0.0,-0.0,-2.338,-0.0,0.0263,0.0,inf,1.5,1.5
18.017,0.0002,-0.0,-0.0,-2.338,-0.0,0.0263,0.0,inf,1.5,1.5
18.033,0.0002,-0.0,-0.0,-2.3402,-0.0,0.0263,0.0,inf,1.5,1.5
18.033,0.0002,-0.0,-0.0,-2.3402,-0.0,0.0263,0.0,inf,1.5,1.5
18.033,0.0002,-0.0,-0.0,-2.3402,-0.0,0.0263,0.0,inf,1.5,1.5
18.067,0.0002,-0.0,-0.0,-2.3445,-0.0,0.0263,0.0,inf,1.5,1.5
18.083,0.0002,-0.0,-0.0,-2.3467,-0.0,0.0263,0.0,inf,1.5,1.5
18.083,0.0002,-0.0,-0.0,-2.3467,-0.0,0.0263,0.0,inf,1.5,1.5
18.083,0.0002,-0.0,-0.0,-2.3467,-0.0,0.0263,0.0,inf,1.5,1.5
18.117,0.0002,-0.0,-0.0,-2.351,-0.0,0.0263,0.0,inf,1.5,1.5
18.133,0.0002,-0.0,-0.0,-2.3532,-0.0,0.0263,0.0,inf,1.5,1.5
18.133,0.0002,-0.0,-0.0,-2.3532,-0.0,0.0263,0.0,inf,1.5,1.5
18.133,0.0002,-0.0,-0.0,-2.3532,-0.0,0.0263,0.0,inf,1.5,1.5
18.167,0.0002,-0.0,-0.0,-2.3575,-0.0,0.0263,0.0,inf,1.5,1.5
18.167,0.0002,-0.0,-0.0,-2.3575,-0.0,0.0263,0.0,inf,1.5,1.5
18.183,0.0002,-0.0,-0.0,-2.3597,-0.0,0.0263,0.0,inf,1.5,1.5
18.2,0.0002,-0.0,-0.0,-2.3618,-0.0,0.0263,0.0,inf,1.5,1.5
18.2,0.0002,-0.0,-0.0,-2.3618,-0.0,0.0263,0.0,inf,1.5,1.5
18.2,0.0002,-0.0,-0.0,-2.3618,-0.0,0.0263,0.0,inf,1.5,1.5
18.233,0.0002,-0.0,-0.0,-2.3662,-0.0,0.0263,0.0,inf,1.5,1.5
18.233,0.0002,-0.0,-0.0,-2.3662,-0.0,0.0263,0.0,inf,1.5,1.5
18.25,0.0002,-0.0,-0.0,-2.3683,-0.0,0.0263,0.0,inf,1.5,1.5
18.25,0.0002,-0.0,-0.0,-2.3683,-0.0,0.0263,0.0,inf,1.5,1.5
18.283,0.0002,-0.0,-0.0,-2.3726,-0.0,0.0263,0.0,inf,1.5,1.5
18.283,0.0002,-0.0,-0.0,-2.3726,-0.0,0.0263,0.0,inf,1.5,1.5
18.3,0.0002,-0.0,-0.0,-2.3748,-0.0,0.0263,0.0,inf,1.5,1.5
18.3,0.0002,-0.0,-0.0,-2.3748,-0.0,0.0263,0.0,inf,1.5,1.5
18.3,0.0002,-0.0,-0.0,-2.3748,-0.0,0.0263,0.0,inf,1.5,1.5
18.333,0.0002,-0.0,-0.0,-2.3791,-0.0,0.0263,0.0,inf,1.5,1.5
18.35,0.0002,-0.0,-0.0,-2.3813,-0.0,0.0263,0.0,inf,1.5,1.5
18.35,0.0002,-0.0,-0.0,-2.3813,-0.0,0.0263,0.0,inf,1.5,1.5
18.367,0.0002,-0.0,-0.0,-2.3835,-0.0,0.0263,0.0,inf,1.5,1.5
18.367,0.0002,-0.0,-0.0,-2.3835,-0.0,0.0263,0.0,inf,1.5,1.5
18.367,0.0002,-0.0,-0.0,-2.3835,-0.0,0.0263,0.0,inf,1.5,1.5
18.4,0.0002,-0.0,-0.0,-2.3878,-0.0,0.0263,0.0,inf,1.5,1.5
18.417,0.0002,-0.0,-0.0,-2.3899,-0.0,0.0263,0.0,inf,1.5,1.5
18.417,0.0002,-0.0,-0.0,-2.3899,-0.0,0.0263,0.0,inf,1.5,1.5
18.417,0.0002,-0.0,-0.0,-2.3899,-0.0,0.0263,0.0,inf,1.5,1.5
18.45,0.0002,-0.0,-0.0,-2.3943,-0.0,0.0263,0.0,inf,1.5,1.5
18.45,0.0002,-0.0,-0.0,-2.3943,-0.0,0.0263,0.0,inf,1.5,1.5
18.467,0.0002,-0.0,-0.0,-2.3964,-0.0,0.0263,0.0,inf,1.5,1.5
18.467,0.0002,-0.0,-0.0,-2.3964,-0.0,0.0263,0.0,inf,1.5,1.5
18.5,0.0002,-0.0,-0.0,-2.4008,-0.0,0.0263,0.0,inf,1.5,1.5
18.5,0.0002,-0.0,-0.0,-2.4008,-0.0,0.0263,0.0,inf,1.5,1.5
18.517,0.0002,-0.0,-0.0,-2.4029,-0.0,0.0263,0.0,inf,1.5,1.5
18.517,0.0002,-0.0,-0.0,-2.4029,-0.0,0.0263,0.0,inf,1.5,1.5
18.533,0.0002,-0.0,-0.0,-2.4051,-0.0,0.0263,0.0,inf,1.5,1.5
18.533,0.0002,-0.0,-0.0,-2.4051,-0.0,0.0263,0.0,inf,1.5,1.5
18.533,0.0002,-0.0,-0.0,-2.4051,-0.0,0.0263,0.0,inf,1.5,1.5
18.533,0.0002,-0.0,-0.0,-2.4051,-0.0,0.0263,0.0,inf,1.5,1.5
18.567,0.0002,-0.0,-0.0,-2.4094,-0.0,0.0263,0.0,inf,1.5,1.5
18.583,0.0002,-0.0,-0.0,-2.4116,-0.0,0.0263,0.0,inf,1.5,1.5
18.583,0.0002,-0.0,-0.0,-2.4116,-0.0,0.0263,0.0,inf,1.5,1.5
18.583,0.0002,-0.0,-0.0,-2.4116,-0.0,0.0263,0.0,inf,1.5,1.5
18.617,0.0002,-0.0,-0.0,-2.4159,-0.0,0.0263,0.0,inf,1.5,1.5
18.633,0.0002,-0.0,-0.0,-2.4181,-0.0,0.0263,0.0,inf,1.5,1.5
18.633,0.0002,-0.0,-0.0,-2.4181,-0.0,0.0263,0.0,inf,1.5,1.5
18.633,0.0002,-0.0,-0.0,-2.4181,-0.0,0.0263,0.0,inf,1.5,1.5
18.667,0.0002,-0.0,-0.0,-2.4224,-0.0,0.0263,0.0,inf,1.5,1.5
18.667,0.0002,-0.0,-0.0,-2.4224,-0.0,0.0263,0.0,inf,1.5,1.5
18.683,0.0002,-0.0,-0.0,-2.4245,-0.0,0.0263,0.0,inf,1.5,1.5
18.7,0.0002,-0.0,-0.0,-2.4267,-0.0,0.0263,0.0,inf,1.5,1.5
18.7,0.0002,-0.0,-0.0,-2.4267,-0.0,0.0263,0.0,inf,1.5,1.5
18.7,0.0002,-0.0,-0.0,-2.4267,-0.0,0.0263,0.0,inf,1.5,1.5
18.733,0.0002,-0.0,-0.0,-2.431,-0.0,0.0263,0.0,inf,1.5,1.5
18.733,0.0002,-0.0,-0.0,-2.431,-0.0,0.0263,0.0,inf,1.5,1.5
18.75,0.0002,-0.0,-0.0,-2.4332,-0.0,0.0263,0.0,inf,1.5,1.5
18.75,0.0002,-0.0,-0.0,-2.4332,-0.0,0.0263,0.0,inf,1.5,1.5
18.75,0.0002,-0.0,-0.0,-2.4332,-0.0,0.0263,0.0,inf,1.5,1.5
18.783,0.0002,-0.0,-0.0,-2.4375,-0.0,0.0263,0.0,inf,1.5,1.5
18.8,0.0002,-0.0,-0.0,-2.4397,-0.0,0.0263,0.0,inf,1.5,1.5
18.8,0.0002,-0.0,-0.0,-2.4397,-0.0,0.0263,0.0,inf,1.5,1.5
18.8,0.0002,-0.0,-0.0,-2.4397,-0.0,0.0263,0.0,inf,1.5,1.5
18.833,0.0002,-0.0,-0.0,-2.444,-0.0,0.0263,0.0,inf,1.5,1.5
18.85,0.0002,-0.0,-0.0,-2.4462,-0.0,0.0263,0.0,inf,1.5,1.5
18.85,0.0002,-0.0,-0.0,-2.4462,-0.0,0.0263,0.0,inf,1.5,1.5
18.867,0.0002,-0.0,-0.0,-2.4483,-0.0,0.0263,0.0,inf,1.5,1.5
18.867,0.0002,-0.0,-0.0,-2.4483,-0.0,0.0263,0.0,inf,1.5,1.5
18.867,0.0002,-0.0,-0.0,-2.4483,-0.0,0.0263,0.0,inf,1.5,1.5
18.9,0.0002,-0.0,-0.0,-2.4527,-0.0,0.0263,0.0,inf,1.5,1.5
18.917,0.0002,-0.0,-0.0,-2.4548,-0.0,0.0263,0.0,inf,1.5,1.5
18.917,0.0002,-0.0,-0.0,-2.4548,-0.0,0.0263,0.0,inf,1.5,1.5
18.917,0.0002,-0.0,-0.0,-2.4548,-0.0,0.0263,0.0,inf,1.5,1.5
18.95,0.0002,-0.0,-0.0,-2.4591,-0.0,0.0263,0.0,inf,1.5,1.5
18.967,0.0002,-0.0,-0.0,-2.4613,-0.0,0.0263,0.0,inf,1.5,1.5
18.967,0.0002,-0.0,-0.0,-2.4613,-0.0,0.0263,0.0,inf,1.5,1.5
18.967,0.0002,-0.0,-0.0,-2.4613,-0.0,0.0263,0.0,inf,1.5,1.5
19.0,0.0002,-0.0,-0.0,-2.4656,-0.0,0.0263,0.0,inf,1.5,1.5
19.0,0.0002,-0.0,-0.0,-2.4656,-0.0,0.0263,0.0,inf,1.5,1.5
19.017,0.0002,-0.0,-0.0,-2.4678,-0.0,0.0263,0.0,inf,1.5,1.5
19.033,0.0002,-0.0,-0.0,-2.47,-0.0,0.0263,0.0,inf,1.5,1.5
19.033,0.0002,-0.0,-0.0,-2.47,-0.0,0.0263,0.0,inf,1.5,1.5
19.033,0.0002,-0.0,-0.0,-2.47,-0.0,0.0263,0.0,inf,1.5,1.5
19.067,0.0002,-0.0,-0.0,-2.4743,-0.0,0.0263,0.0,inf,1.5,1.5
19.067,0.0002,-0.0,-0.0,-2.4743,-0.0,0.0263,0.0,inf,1.5,1.5
19.083,0.0002,-0.0,-0.0,-2.4764,-0.0,0.0263,0.0,inf,1.5,1.5
19.083,0.0002,-0.0,-0.0,-2.4764,-0.0,0.0263,0.0,inf,1.5,1.5
19.083,0.0002,-0.0,-0.0,-2.4764,-0.0,0.0263,0.0,inf,1.5,1.5
19.117,0.0002,-0.0,-0.0,-2.4808,-0.0,0.0263,0.0,inf,1.5,1.5
19.133,0.0002,-0.0,-0.0,-2.4829,-0.0,0.0263,0.0,inf,1.5,1.5
19.133,0.0002,-0.0,-0.0,-2.4829,-0.0,0.0263,0.0,inf,1.5,1.5
19.133,0.0002,-0.0,-0.0,-2.4829,-0.0,0.0263,0.0,inf,1.5,1.5
19.133,0.0002,-0.0,-0.0,-2.4829,-0.0,0.0263,0.0,inf,1.5,1.5
19.167,0.0002,-0.0,-0.0,-2.4873,-0.0,0.0263,0.0,inf,1.5,1.5
19.167,0.0002,-0.0,-0.0,-2.4873,-0.0,0.0263,0.0,inf,1.5,1.5
19.183,0.0002,-0.0,-0.0,-2.4894,-0.0,0.0263,0.0,inf,1.5,1.5
19.2,0.0002,-0.0,-0.0,-2.4916,-0.0,0.0263,0.0,inf,1.5,1.5
19.2,0.0002,-0.0,-0.0,-2.4916,-0.0,0.0263,0.0,inf,1.5,1.5
19.2,0.0002,-0.0,-0.0,-2.4916,-0.0,0.0263,0.0,inf,1.5,1.5
19.233,0.0002,-0.0,-0.0,-2.4959,-0.0,0.0263,0.0,inf,1.5,1.5
19.233,0.0002,-0.0,-0.0,-2.4959,-0.0,0.0263,0.0,inf,1.5,1.5
19.25,0.0002,-0.0,-0.0,-2.4981,-0.0,0.0263,0.0,inf,1.5,1.5
19.25,0.0002,-0.0,-0.0,-2.4981,-0.0,0.0263,0.0,inf,1.5,1.5
19.25,0.0002,-0.0,-0.0,-2.4981,-0.0,0.0263,0.0,inf,1.5,1.5
19.283,0.0002,-0.0,-0.0,-2.5024,-0.0,0.0263,0.0,inf,1.5,1.5
19.3,0.0002,-0.0,-0.0,-2.5046,-0.0,0.0263,0.0,inf,1.5,1.5
19.3,0.0002,-0.0,-0.0,-2.5046,-0.0,0.0263,0.0,inf,1.5,1.5
19.3,0.0002,-0.0,-0.0,-2.5046,-0.0,0.0263,0.0,inf,1.5,1.5
19.333,0.0002,-0.0,-0.0,-2.5089,-0.0,0.0263,0.0,inf,1.5,1.5
19.333,0.0002,-0.0,-0.0,-2.5089,-0.0,0.0263,0.0,inf,1.5,1.5
19.35,0.0002,-0.0,-0.0,-2.5111,-0.0,0.0263,0.0,inf,1.5,1.5
19.367,0.0002,-0.0,-0.0,-2.5132,-0.0,0.0263,0.0,inf,1.5,1.5
19.367,0.0002,-0.0,-0.0,-2.5132,-0.0,0.0263,0.0,inf,1.5,1.5
19.367,0.0002,-0.0,-0.0,-2.5132,-0.0,0.0263,0.0,inf,1.5,1.5
19.4,0.0002,-0.0,-0.0,-2.5175,0.0,0.0263,0.0,inf,1.5,1.5
19.417,0.0002,-0.0,-0.0,-2.5197,0.0,0.0263,0.0,inf,1.5,1.5
19.417,0.0002,-0.0,-0.0,-2.5197,0.0,0.0263,0.0,inf,1.5,1.5
19.417,0.0002,-0.0,-0.0,-2.5197,0.0,0.0263,0.0,inf,1.5,1.5
19.45,0.0002,-0.0,-0.0,-2.524,0.0,0.0263,0.0,inf,1.5,1.5
19.45,0.0002,-0.0,-0.0,-2.524,0.0,0.0263,0.0,inf,1.5,1.5
19.467,0.0002,-0.0,-0.0,-2.5262,0.0,0.0263,0.0,inf,1.5,1.5
19.467,0.0002,-0.0,-0.0,-2.5262,0.0,0.0263,0.0,inf,1.5,1.5
19.467,0.0002,-0.0,-0.0,-2.5262,0.0,0.0263,0.0,inf,1.5,1.5
19.5,0.0002,-0.0,-0.0,-2.5305,0.0,0.0263,0.0,inf,1.5,1.5
19.517,0.0002,-0.0,-0.0,-2.5327,0.0,0.0263,0.0,inf,1.5,1.5
19.517,0.0002,-0.0,-0.0,-2.5327,0.0,0.0263,0.0,inf,1.5,1.5
19.517,0.0002,-0.0,-0.0,-2.5327,0.0,0.0263,0.0,inf,1.5,1.5
19.533,0.0002,-0.0,-0.0,-2.5348,0.0,0.0263,0.0,inf,1.5,1.5
19.533,0.0002,-0.0,-0.0,-2.5348,0.0,0.0263,0.0,inf,1.5,1.5
19.533,0.0002,-0.0,-0.0,-2.5348,0.0,0.0263,0.0,inf,1.5,1.5
19.567,0.0002,-0.0,-0.0,-2.5392,0.0,0.0263,0.0,inf,1.5,1.5
19.583,0.0002,-0.0,-0.0,-2.5413,0.0,0.0263,0.0,inf,1.5,1.5
19.583,0.0002,-0.0,-0.0,-2.5413,0.0,0.0263,0.0,inf,1.5,1.5
19.583,0.0002,-0.0,-0.0,-2.5413,0.0,0.0263,0.0,inf,1.5,1.5
19.617,0.0002,-0.0,-0.0,-2.5457,0.0,0.0263,0.0,inf,1.5,1.5
19.617,0.0002,-0.0,-0.0,-2.5457,0.0,0.0263,0.0,inf,1.5,1.5
19.617,0.0002,-0.0,-0.0,-2.5457,0.0,0.0263,0.0,inf,1.5,1.5
19.633,0.0002,-0.0,-0.0,-2.5478,0.0,0.0263,0.0,inf,1.5,1.5
19.633,0.0002,-0.0,-0.0,-2.5478,0.0,0.0263,0.0,inf,1.5,1.5
19.633,0.0002,-0.0,-0.0,-2.5478,0.0,0.0263,0.0,inf,1.5,1.5
19.667,0.0002,-0.0,-0.0,-2.5521,0.0,0.0263,0.0,inf,1.5,1.5
19.667,0.0002,-0.0,-0.0,-2.5521,0.0,0.0263,0.0,inf,1.5,1.5
19.667,0.0002,-0.0,-0.0,-2.5521,0.0,0.0263,0.0,inf,1.5,1.5
19.683,0.0002,-0.0,-0.0,-2.5543,0.0,0.0263,0.0,inf,1.5,1.5
19.7,0.0002,-0.0,-0.0,-2.5565,0.0,0.0263,0.0,inf,1.5,1.5
19.7,0.0002,-0.0,-0.0,-2.5565,0.0,0.0263,0.0,inf,1.5,1.5
19.7,0.0002,-0.0,-0.0,-2.5565,0.0,0.0263,0.0,inf,1.5,1.5
19.733,0.0002,-0.0,-0.0,-2.5608,0.0,0.0263,0.0,inf,1.5,1.5
19.75,0.0002,-0.0,-0.0,-2.563,0.0,0.0263,0.0,inf,1.5,1.5
19.75,0.0002,-0.0,-0.0,-2.563,0.0,0.0263,0.0,inf,1.5,1.5
19.75,0.0002,-0.0,-0.0,-2.563,0.0,0.0263,0.0,inf,1.5,1.5
19.783,0.0002,-0.0,-0.0,-2.5673,0.0,0.0263,0.0,inf,1.5,1.5
19.783,0.0002,-0.0,-0.0,-2.5673,0.0,0.0263,0.0,inf,1.5,1.5
19.8,0.0002,-0.0,-0.0,-2.5694,0.0,0.0263,0.0,inf,1.5,1.5
19.8,0.0002,-0.0,-0.0,-2.5694,0.0,0.0263,0.0,inf,1.5,1.5
19.833,0.0002,-0.0,-0.0,-2.5738,0.0,0.0263,0.0,inf,1.5,1.5
19.833,0.0002,-0.0,-0.0,-2.5738,0.0,0.0263,0.0,inf,1.5,1.5
19.85,0.0002,-0.0,-0.0,-2.5759,0.0,0.0263,0.0,inf,1.5,1.5
19.867,0.0002,-0.0,-0.0,-2.5781,0.0,0.0263,0.0,inf,1.5,1.5
19.867,0.0002,-0.0,-0.0,-2.5781,0.0,0.0263,0.0,inf,1.5,1.5
19.867,0.0002,-0.0,-0.0,-2.5781,0.0,0.0263,0.0,inf,1.5,1.5
19.9,0.0002,-0.0,-0.0,-2.5824,0.0,0.0263,0.0,inf,1.5,1.5
19.9,0.0002,-0.0,-0.0,-2.5824,0.0,0.0263,0.0,inf,1.5,1.5
19.917,0.0002,-0.0,-0.0,-2.5846,0.0,0.0263,0.0,inf,1.5,1.5
19.917,0.0002,-0.0,-0.0,-2.5846,0.0,0.0263,0.0,inf,1.5,1.5
19.917,0.0002,-0.0,-0.0,-2.5846,0.0,0.0263,0.0,inf,1.5,1.5
19.95,0.0002,-0.0,-0.0,-2.5889,0.0,0.0263,0.0,inf,1.5,1.5
19.967,0.0002,-0.0,-0.0,-2.5911,0.0,0.0263,0.0,inf,1.5,1.5
19.967,0.0002,-0.0,-0.0,-2.5911,0.0,0.0263,0.0,inf,1.5,1.5
19.967,0.0002,-0.0,-0.0,-2.5911,0.0,0.0263,0.0,inf,1.5,1.5
20.0,0.0002,-0.0,-0.0,-2.5954,0.0,0.0263,0.0,inf,1.5,1.5
20.0,0.0002,-0.0,-0.0,-2.5954,0.0,0.0263,0.0,inf,1.5,1.5
20.017,0.0002,-0.0,-0.0,-2.5976,0.0,0.0263,0.0,inf,1.5,1.5
20.033,0.0002,-0.0,-0.0,-2.5997,0.0,0.0263,0.0,inf,1.5,1.5
20.033,0.0002,-0.0,-0.0,-2.5997,0.0,0.0263,0.0,inf,1.5,1.5
20.033,0.0002,-0.0,-0.0,-2.5997,0.0,0.0263,0.0,inf,1.5,1.5
20.067,0.0002,-0.0,-0.0,-2.6041,0.0,0.0263,0.0,inf,1.5,1.5
20.083,0.0002,-0.0,-0.0,-2.6062,0.0,0.0263,0.0,inf,1.5,1.5
20.083,0.0002,-0.0,-0.0,-2.6062,0.0,0.0263,0.0,inf,1.5,1.5
20.083,0.0002,-0.0,-0.0,-2.6062,0.0,0.0263,0.0,inf,1.5,1.5
20.117,0.0002,-0.0,-0.0,-2.6105,0.0,0.0263,0.0,inf,1.5,1.5
20.117,0.0002,-0.0,-0.0,-2.6105,0.0,0.0263,0.0,inf,1.5,1.5
20.133,0.0002,-0.0,-0.0,-2.6127,0.0,0.0263,0.0,inf,1.5,1.5
20.133,0.0002,-0.0,-0.0,-2.6127,0.0,0.0263,0.0,inf,1.5,1.5
20.133,0.0002,-0.0,-0.0,-2.6127,0.0,0.0263,0.0,inf,1.5,1.5
20.167,0.0002,-0.0,-0.0,-2.617,0.0,0.0263,0.0,inf,1.5,1.5
20.183,0.0002,-0.0,-0.0,-2.6192,0.0,0.0263,0.0,inf,1.5,1.5
20.183,0.0002,-0.0,-0.0,-2.6192,0.0,0.0263,0.0,inf,1.5,1.5
20.2,0.0002,-0.0,-0.0,-2.6214,0.0,0.0263,0.0,inf,1.5,1.5
20.2,0.0002,-0.0,-0.0,-2.6214,0.0,0.0263,0.0,inf,1.5,1.5
20.233,0.0002,-0.0,-0.0,-2.6257,0.0,0.0263,0.0,inf,1.5,1.5
20.233,0.0002,-0.0,-0.0,-2.6257,0.0,0.0263,0.0,inf,1.5,1.5
20.25,0.0002,-0.0,-0.0,-2.6278,0.0,0.0263,0.0,inf,1.5,1.5
20.25,0.0002,-0.0,-0.0,-2.6278,0.0,0.0263,0.0,inf,1.5,1.5
20.25,0.0002,-0.0,-0.0,-2.6278,0.0,0.0263,0.0,inf,1.5,1.5
20.283,0.0002,-0.0,-0.0,-2.6322,0.0,0.0263,0.0,inf,1.5,1.5
20.3,0.0002,-0.0,-0.0,-2.6343,0.0,0.0263,0.0,inf,1.5,1.5
20.3,0.0002,-0.0,-0.0,-2.6343,0.0,0.0263,0.0,inf,1.5,1.5
20.3,0.0002,-0.0,-0.0,-2.6343,0.0,0.0263,0.0,inf,1.5,1.5
20.333,0.0002,-0.0,-0.0,-2.6387,0.0,0.0263,0.0,inf,1.5,1.5
20.333,0.0002,-0.0,-0.0,-2.6387,0.0,0.0263,0.0,inf,1.5,1.5
20.35,0.0002,-0.0,-0.0,-2.6408,0.0,0.0263,0.0,inf,1.5,1.5
20.367,0.0002,-0.0,-0.0,-2.643,0.0,0.0263,0.0,inf,1.5,1.5
20.367,0.0002,-0.0,-0.0,-2.643,0.0,0.0263,0.0,inf,1.5,1.5
20.367,0.0002,-0.0,-0.0,-2.643,0.0,0.0263,0.0,inf,1.5,1.5
20.4,0.0002,-0.0,-0.0,-2.6473,0.0,0.0263,0.0,inf,1.5,1.5
20.417,0.0002,-0.0,-0.0,-2.6495,0.0,0.0263,0.0,inf,1.5,1.5
20.417,0.0002,-0.0,-0.0,-2.6495,0.0,0.0263,0.0,inf,1.5,1.5
20.417,0.0002,-0.0,-0.0,-2.6495,0.0,0.0263,0.0,inf,1.5,1.5
20.45,0.0002,-0.0,-0.0,-2.6538,0.0,0.0263,0.0,inf,1.5,1.5
20.45,0.0002,-0.0,-0.0,-2.6538,0.0,0.0263,0.0,inf,1.5,1.5
20.467,0.0002,-0.0,-0.0,-2.656,0.0,0.0263,0.0,inf,1.5,1.5
20.467,0.0002,-0.0,-0.0,-2.656,0.0,0.0263,0.0,inf,1.5,1.5
20.5,0.0002,-0.0,-0.0,-2.6603,0.0,0.0263,0.0,inf,1.5,1.5
20.5,0.0002,-0.0,-0.0,-2.6603,0.0,0.0263,0.0,inf,1.5,1.5
20.517,0.0002,-0.0,-0.0,-2.6624,0.0,0.0263,0.0,inf,1.5,1.5
20.517,0.0002,-0.0,-0.0,-2.6624,0.0,0.0263,0.0,inf,1.5,1.5
20.533,0.0002,-0.0,-0.0,-2.6646,0.0,0.0263,0.0,inf,1.5,1.5
20.533,0.0002,-0.0,-0.0,-2.6646,0.0,0.0263,0.0,inf,1.5,1.5
20.567,0.0002,-0.0,-0.0,-2.6689,0.0,0.0263,0.0,inf,1.5,1.5
20.567,0.0002,-0.0,-0.0,-2.6689,0.0,0.0263,0.0,inf,1.5,1.5
20.583,0.0002,-0.0,-0.0,-2.6711,0.0,0.0263,0.0,inf,1.5,1.5
20.583,0.0002,-0.0,-0.0,-2.6711,0.0,0.0263,0.0,inf,1.5,1.5
20.583,0.0002,-0.0,-0.0,-2.6711,0.0,0.0263,0.0,inf,1.5,1.5
20.617,0.0002,-0.0,-0.0,-2.6754,0.0,0.0263,0.0,inf,1.5,1.5
20.633,0.0002,-0.0,-0.0,-2.6776,0.0,0.0263,0.0,inf,1.5,1.5
20.633,0.0002,-0.0,-0.0,-2.6776,0.0,0.0263,0.0,inf,1.5,1.5
20.633,0.0002,-0.0,-0.0,-2.6776,0.0,0.0263,0.0,inf,1.5,1.5
20.667,0.0002,-0.0,-0.0,-2.6819,0.0,0.0263,0.0,inf,1.5,1.5
20.683,0.0002,-0.0,-0.0,-2.6841,0.0,0.0263,0.0,inf,1.5,1.5
20.683,0.0002,-0.0,-0.0,-2.6841,0.0,0.0263,0.0,inf,1.5,1.5
20.7,0.0002,-0.0,-0.0,-2.6862,0.0,0.0263,0.0,inf,1.5,1.5
20.7,0.0002,-0.0,-0.0,-2.6862,0.0,0.0263,0.0,inf,1.5,1.5
20.7,0.0002,-0.0,-0.0,-2.6862,0.0,0.0263,0.0,inf,1.5,1.5
20.733,0.0002,-0.0,-0.0,-2.6906,0.0,0.0263,0.0,inf,1.5,1.5
20.75,0.0002,-0.0,-0.0,-2.6927,0.0,0.0263,0.0,inf,1.5,1.5
20.75,0.0002,-0.0,-0.0,-2.6927,0.0,0.0263,0.0,inf,1.5,1.5
20.75,0.0002,-0.0,-0.0,-2.6927,0.0,0.0263,0.0,inf,1.5,1.5
20.783,0.0002,-0.0,-0.0,-2.697,0.0,0.0263,0.0,inf,1.5,1.5
20.783,0.0002,-0.0,-0.0,-2.697,0.0,0.0263,0.0,inf,1.5,1.5
20.8,0.0002,-0.0,-0.0,-2.6992,0.0,0.0263,0.0,inf,1.5,1.5
20.8,0.0002,-0.0,-0.0,-2.6992,0.0,0.0263,0.0,inf,1.5,1.5
20.833,0.0002,-0.0,-0.0,-2.7035,0.0,0.0263,0.0,inf,1.5,1.5
20.833,0.0002,-0.0,-0.0,-2.7035,0.0,0.0263,0.0,inf,1.5,1.5
20.85,0.0002,-0.0,-0.0,-2.7057,0.0,0.0263,0.0,inf,1.5,1.5
20.85,0.0002,-0.0,-0.0,-2.7057,0.0,0.0263,0.0,inf,1.5,1.5
20.867,0.0002,-0.0,-0.0,-2.7079,0.0,0.0263,0.0,inf,1.5,1.5
20.867,0.0002,-0.0,-0.0,-2.7079,0.0,0.0263,0.0,inf,1.5,1.5
20.9,0.0002,-0.0,-0.0,-2.7122,0.0,0.0263,0.0,inf,1.5,1.5
20.9,0.0002,-0.0,-0.0,-2.7122,0.0,0.0263,0.0,inf,1.5,1.5
20.917,0.0002,-0.0,-0.0,-2.7144,0.0,0.0263,0.0,inf,1.5,1.5
20.917,0.0002,-0.0,-0.0,-2.7144,0.0,0.0263,0.0,inf,1.5,1.5
20.917,0.0002,-0.0,-0.0,-2.7144,0.0,0.0263,0.0,inf,1.5,1.5
20.95,0.0002,-0.0,-0.0,-2.7187,0.0,0.0263,0.0,inf,1.5,1.5
20.967,0.0002,-0.0,-0.0,-2.7208,0.0,0.0263,0.0,inf,1.5,1.5
20.967,0.0002,-0.0,-0.0,-2.7208,0.0,0.0263,0.0,inf,1.5,1.5
20.967,0.0002,-0.0,-0.0,-2.7208,0.0,0.0263,0.0,inf,1.5,1.5
21.0,0.0002,-0.0,-0.0,-2.7252,0.0,0.0263,0.0,inf,1.5,1.5
21.0,0.0002,-0.0,-0.0,-2.7252,0.0,0.0263,0.0,inf,1.5,1.5
21.017,0.0002,-0.0,-0.0,-2.7273,0.0,0.0263,0.0,inf,1.5,1.5
21.033,0.0002,-0.0,-0.0,-2.7295,0.0,0.0263,0.0,inf,1.5,1.5
21.033,0.0002,-0.0,-0.0,-2.7295,0.0,0.0263,0.0,inf,1.5,1.5
21.033,0.0002,-0.0,-0.0,-2.7295,0.0,0.0263,0.0,inf,1.5,1.5
21.067,0.0002,-0.0,-0.0,-2.7338,0.0,0.0263,0.0,inf,1.5,1.5
21.083,0.0002,-0.0,-0.0,-2.736,0.0,0.0263,0.0,inf,1.5,1.5
21.083,0.0002,-0.0,-0.0,-2.736,0.0,0.0263,0.0,inf,1.5,1.5
21.083,0.0002,-0.0,-0.0,-2.736,0.0,0.0263,0.0,inf,1.5,1.5
21.117,0.0002,-0.0,-0.0,-2.7403,0.0,0.0263,0.0,inf,1.5,1.5
21.117,0.0002,-0.0,-0.0,-2.7403,0.0,0.0263,0.0,inf,1.5,1.5
21.133,0.0002,-0.0,-0.0,-2.7425,0.0,0.0263,0.0,inf,1.5,1.5
21.133,0.0002,-0.0,-0.0,-2.7425,0.0,0.0263,0.0,inf,1.5,1.5
21.133,0.0002,-0.0,-0.0,-2.7425,0.0,0.0263,0.0,inf,1.5,1.5
21.167,0.0002,-0.0,-0.0,-2.7468,0.0,0.0263,0.0,inf,1.5,1.5
21.183,0.0002,-0.0,-0.0,-2.749,0.0,0.0263,0.0,inf,1.5,1.5
21.183,0.0002,-0.0,-0.0,-2.749,0.0,0.0263,0.0,inf,1.5,1.5
21.2,0.0002,-0.0,-0.0,-2.7511,0.0,0.0263,0.0,inf,1.5,1.5
21.2,0.0002,-0.0,-0.0,-2.7511,0.0,0.0263,0.0,inf,1.5,1.5
21.233,0.0002,-0.0,-0.0,-2.7554,0.0,0.0263,0.0,inf,1.5,1.5
21.233,0.0002,-0.0,-0.0,-2.7554,0.0,0.0263,0.0,inf,1.5,1.5
21.25,0.0002,-0.0,-0.0,-2.7576,0.0,0.0263,0.0,inf,1.5,1.5
21.25,0.0002,-0.0,-0.0,-2.7576,0.0,0.0263,0.0,inf,1.5,1.5
21.25,0.0002,-0.0,-0.0,-2.7576,0.0,0.0263,0.0,inf,1.5,1.5
21.283,0.0002,-0.0,-0.0,-2.7619,0.0,0.0263,0.0,inf,1.5,1.5
21.3,0.0002,-0.0,-0.0,-2.7641,0.0,0.0263,0.0,inf,1.5,1.5
21.3,0.0002,-0.0,-0.0,-2.7641,0.0,0.0263,0.0,inf,1.5,1.5
21.3,0.0002,-0.0,-0.0,-2.7641,0.0,0.0263,0.0,inf,1.5,1.5
21.333,0.0002,-0.0,-0.0,-2.7684,0.0,0.0263,0.0,inf,1.5,1.5
21.333,0.0002,-0.0,-0.0,-2.7684,0.0,0.0263,0.0,inf,1.5,1.5
21.35,0.0002,-0.0,-0.0,-2.7706,0.0,0.0263,0.0,inf,1.5,1.5
21.367,0.0002,-0.0,-0.0,-2.7727,0.0,0.0263,0.0,inf,1.5,1.5
21.367,0.0002,-0.0,-0.0,-2.7727,0.0,0.0263,0.0,inf,1.5,1.5
21.367,0.0002,-0.0,-0.0,-2.7727,0.0,0.0263,0.0,inf,1.5,1.5
21.4,0.0002,-0.0,-0.0,-2.7771,0.0,0.0263,0.0,inf,1.5,1.5
21.4,0.0002,-0.0,-0.0,-2.7771,0.0,0.0263,0.0,inf,1.5,1.5
21.417,0.0002,-0.0,-0.0,-2.7792,0.0,0.0263,0.0,inf,1.5,1.5
21.417,0.0002,-0.0,-0.0,-2.7792,0.0,0.0263,0.0,inf,1.5,1.5
21.417,0.0002,-0.0,-0.0,-2.7792,0.0,0.0263,0.0,inf,1.5,1.5
21.417,0.0002,-0.0,-0.0,-2.7792,0.0,0.0263,0.0,inf,1.5,1.5
21.45,0.0002,-0.0,-0.0,-2.7836,0.0,0.0263,0.0,inf,1.5,1.5
21.467,0.0002,-0.0,-0.0,-2.7857,0.0,0.0263,0.0,inf,1.5,1.5
21.467,0.0002,-0.0,-0.0,-2.7857,0.0,0.0263,0.0,inf,1.5,1.5
21.467,0.0002,-0.0,-0.0,-2.7857,0.0,0.0263,0.0,inf,1.5,1.5
21.5,0.0002,-0.0,-0.0,-2.79,0.0,0.0263,0.0,inf,1.5,1.5
21.517,0.0002,-0.0,-0.0,-2.7922,0.0,0.0263,0.0,inf,1.5,1.5
21.517,0.0002,-0.0,-0.0,-2.7922,0.0,0.0263,0.0,inf,1.5,1.5
21.533,0.0002,-0.0,-0.0,-2.7944,0.0,0.0263,0.0,inf,1.5,1.5
21.533,0.0002,-0.0,-0.0,-2.7944,0.0,0.0263,0.0,inf,1.5,1.5
21.533,0.0002,-0.0,-0.0,-2.7944,0.0,0.0263,0.0,inf,1.5,1.5
21.567,0.0002,-0.0,-0.0,-2.7987,0.0,0.0263,0.0,inf,1.5,1.5
21.583,0.0002,-0.0,-0.0,-2.8009,0.0,0.0263,0.0,inf,1.5,1.5
21.583,0.0002,-0.0,-0.0,-2.8009,0.0,0.0263,0.0,inf,1.5,1.5
21.583,0.0002,-0.0,-0.0,-2.8009,0.0,0.0263,0.0,inf,1.5,1.5
21.617,0.0002,-0.0,-0.0,-2.8052,0.0,0.0263,0.0,inf,1.5,1.5
21.633,0.0002,-0.0,-0.0,-2.8074,0.0,0.0263,0.0,inf,1.5,1.5
21.633,0.0002,-0.0,-0.0,-2.8074,0.0,0.0263,0.0,inf,1.5,1.5
21.633,0.0002,-0.0,-0.0,-2.8074,0.0,0.0263,0.0,inf,1.5,1.5
21.667,0.0002,-0.0,-0.0,-2.8117,0.0,0.0263,0.0,inf,1.5,1.5
21.667,0.0002,-0.0,-0.0,-2.8117,0.0,0.0263,0.0,inf,1.5,1.5
21.683,0.0002,-0.0,-0.0,-2.8138,0.0,0.0263,0.0,inf,1.5,1.5
21.7,0.0002,-0.0,-0.0,-2.816,0.0,0.0263,0.0,inf,1.5,1.5
21.7,0.0002,-0.0,-0.0,-2.816,0.0,0.0263,0.0,inf,1.5,1.5
21.7,0.0002,-0.0,-0.0,-2.816,0.0,0.0263,0.0,inf,1.5,1.5
21.733,0.0002,-0.0,-0.0,-2.8203,0.0,0.0263,0.0,inf,1.5,1.5
21.733,0.0002,-0.0,-0.0,-2.8203,0.0,0.0263,0.0,inf,1.5,1.5
21.75,0.0002,-0.0,-0.0,-2.8225,0.0,0.0263,0.0,inf,1.5,1.5
21.75,0.0002,-0.0,-0.0,-2.8225,0.0,0.0263,0.0,inf,1.5,1.5
21.75,0.0002,-0.0,-0.0,-2.8225,0.0,0.0263,0.0,inf,1.5,1.5
21.783,0.0002,-0.0,-0.0,-2.8268,0.0,0.0263,0.0,inf,1.5,1.5
21.8,0.0002,-0.0,-0.0,-2.829,0.0,0.0263,0.0,inf,1.5,1.5
21.8,0.0002,-0.0,-0.0,-2.829,0.0,0.0263,0.0,inf,1.5,1.5
21.8,0.0002,-0.0,-0.0,-2.829,0.0,0.0263,0.0,inf,1.5,1.5
21.833,0.0002,-0.0,-0.0,-2.8333,0.0,0.0263,0.0,inf,1.5,1.5
21.833,0.0002,-0.0,-0.0,-2.8333,0.0,0.0263,0.0,inf,1.5,1.5
21.85,0.0002,-0.0,-0.0,-2.8355,0.0,0.0263,0.0,inf,1.5,1.5
21.867,0.0002,-0.0,-0.0,-2.8376,0.0,0.0263,0.0,inf,1.5,1.5
21.867,0.0002,-0.0,-0.0,-2.8376,0.0,0.0263,0.0,inf,1.5,1.5
21.867,0.0002,-0.0,-0.0,-2.8376,0.0,0.0263,0.0,inf,1.5,1.5
21.9,0.0002,-0.0,-0.0,-2.842,0.0,0.0263,0.0,inf,1.5,1.5
21.917,0.0002,-0.0,-0.0,-2.8441,0.0,0.0263,0.0,inf,1.5,1.5
21.917,0.0002,-0.0,-0.0,-2.8441,0.0,0.0263,0.0,inf,1.5,1.5
21.917,0.0002,-0.0,-0.0,-2.8441,0.0,0.0263,0.0,inf,1.5,1.5
21.95,0.0002,-0.0,-0.0,-2.8484,0.0,0.0263,0.0,inf,1.5,1.5
21.95,0.0002,-0.0,-0.0,-2.8484,0.0,0.0263,0.0,inf,1.5,1.5
21.967,0.0002,-0.0,-0.0,-2.8506,0.0,0.0263,0.0,inf,1.5,1.5
21.967,0.0002,-0.0,-0.0,-2.8506,0.0,0.0263,0.0,inf,1.5,1.5
21.967,0.0002,-0.0,-0.0,-2.8506,0.0,0.0263,0.0,inf,1.5,1.5
22.0,0.0002,-0.0,-0.0,-2.8549,0.0,0.0263,0.0,inf,1.5,1.5
22.017,0.0002,-0.0,-0.0,-2.8571,0.0,0.0263,0.0,inf,1.5,1.5
22.033,0.0002,-0.0,-0.0,-2.8593,0.0,0.0263,0.0,inf,1.5,1.5
22.033,0.0002,-0.0,-0.0,-2.8593,0.0,0.0263,0.0,inf,1.5,1.5
22.033,0.0002,-0.0,-0.0,-2.8593,0.0,0.0263,0.0,inf,1.5,1.5
22.067,0.0002,-0.0,-0.0,-2.8636,0.0,0.0263,0.0,inf,1.5,1.5
22.067,0.0002,-0.0,-0.0,-2.8636,0.0,0.0263,0.0,inf,1.5,1.5
22.083,0.0002,-0.0,-0.0,-2.8657,0.0,0.0263,0.0,inf,1.5,1.5
22.083,0.0002,-0.0,-0.0,-2.8657,0.0,0.0263,0.0,inf,1.5,1.5
22.083,0.0002,-0.0,-0.0,-2.8657,0.0,0.0263,0.0,inf,1.5,1.5
22.117,0.0002,-0.0,-0.0,-2.8701,0.0,0.0263,0.0,inf,1.5,1.5
22.133,0.0002,-0.0,-0.0,-2.8722,0.0,0.0263,0.0,inf,1.5,1.5
22.133,0.0002,-0.0,-0.0,-2.8722,0.0,0.0263,0.0,inf,1.5,1.5
22.133,0.0002,-0.0,-0.0,-2.8722,0.0,0.0263,0.0,inf,1.5,1.5
22.167,0.0002,-0.0,-0.0,-2.8766,0.0,0.0263,0.0,inf,1.5,1.5
22.167,0.0002,-0.0,-0.0,-2.8766,0.0,0.0263,0.0,inf,1.5,1.5
22.183,0.0002,-0.0,-0.0,-2.8787,0.0,0.0263,0.0,inf,1.5,1.5
22.2,0.0002,-0.0,-0.0,-2.8809,0.0,0.0263,0.0,inf,1.5,1.5
22.2,0.0002,-0.0,-0.0,-2.8809,0.0,0.0263,0.0,inf,1.5,1.5
22.2,0.0002,-0.0,-0.0,-2.8809,0.0,0.0263,0.0,inf,1.5,1.5
22.233,0.0002,-0.0,-0.0,-2.8852,0.0,0.0263,0.0,inf,1.5,1.5
22.233,0.0002,-0.0,-0.0,-2.8852,0.0,0.0263,0.0,inf,1.5,1.5
22.25,0.0002,-0.0,-0.0,-2.8874,0.0,0.0263,0.0,inf,1.5,1.5
22.25,0.0002,-0.0,-0.0,-2.8874,0.0,0.0263,0.0,inf,1.5,1.5
22.25,0.0002,-0.0,-0.0,-2.8874,0.0,0.0263,0.0,inf,1.5,1.5
22.283,0.0002,-0.0,-0.0,-2.8917,0.0,0.0263,0.0,inf,1.5,1.5
22.3,0.0002,-0.0,-0.0,-2.8939,0.0,0.0263,0.0,inf,1.5,1.5
22.3,0.0002,-0.0,-0.0,-2.8939,0.0,0.0263,0.0,inf,1.5,1.5
22.3,0.0002,-0.0,-0.0,-2.8939,0.0,0.0263,0.0,inf,1.5,1.5
22.333,0.0002,-0.0,-0.0,-2.8982,0.0,0.0263,0.0,inf,1.5,1.5
22.333,0.0002,-0.0,-0.0,-2.8982,0.0,0.0263,0.0,inf,1.5,1.5
22.35,0.0002,-0.0,-0.0,-2.9004,0.0,0.0263,0.0,inf,1.5,1.5
22.367,0.0002,-0.0,-0.0,-2.9025,0.0,0.0263,0.0,inf,1.5,1.5
22.367,0.0002,-0.0,-0.0,-2.9025,0.0,0.0263,0.0,inf,1.5,1.5
22.367,0.0002,-0.0,-0.0,-2.9025,0.0,0.0263,0.0,inf,1.5,1.5
22.4,0.0002,-0.0,-0.0,-2.9068,0.0,0.0263,0.0,inf,1.5,1.5
22.4,0.0002,-0.0,-0.0,-2.9068,0.0,0.0263,0.0,inf,1.5,1.5
22.417,0.0002,-0.0,-0.0,-2.909,0.0,0.0263,0.0,inf,1.5,1.5
22.417,0.0002,-0.0,-0.0,-2.909,0.0,0.0263,0.0,inf,1.5,1.5
22.45,0.0002,-0.0,-0.0,-2.9133,0.0,0.0263,0.0,inf,1.5,1.5
22.45,0.0002,-0.0,-0.0,-2.9133,0.0,0.0263,0.0,inf,1.5,1.5
22.467,0.0002,-0.0,-0.0,-2.9155,0.0,0.0263,0.0,inf,1.5,1.5
22.467,0.0002,-0.0,-0.0,-2.9155,0.0,0.0263,0.0,inf,1.5,1.5
22.467,0.0002,-0.0,-0.0,-2.9155,0.0,0.0263,0.0,inf,1.5,1.5
22.5,0.0002,-0.0,-0.0,-2.9198,0.0,0.0263,0.0,inf,1.5,1.5
22.517,0.0002,-0.0,-0.0,-2.922,0.0,0.0263,0.0,inf,1.5,1.5
22.517,0.0002,-0.0,-0.0,-2.922,0.0,0.0263,0.0,inf,1.5,1.5
22.533,0.0002,-0.0,-0.0,-2.9241,0.0,0.0263,0.0,inf,1.5,1.5
22.533,0.0002,-0.0,-0.0,-2.9241,0.0,0.0263,0.0,inf,1.5,1.5
22.533,0.0002,-0.0,-0.0,-2.9241,0.0,0.0263,0.0,inf,1.5,1.5
22.533,0.0002,-0.0,-0.0,-2.9241,0.0,0.0263,0.0,inf,1.5,1.5
22.567,0.0002,-0.0,-0.0,-2.9285,0.0,0.0263,0.0,inf,1.5,1.5
22.583,0.0002,-0.0,-0.0,-2.9306,0.0,0.0263,0.0,inf,1.5,1.5
22.583,0.0002,-0.0,-0.0,-2.9306,0.0,0.0263,0.0,inf,1.5,1.5
22.583,0.0002,-0.0,-0.0,-2.9306,0.0,0.0263,0.0,inf,1.5,1.5
22.617,0.0002,-0.0,-0.0,-2.935,0.0,0.0263,0.0,inf,1.5,1.5
22.633,0.0002,-0.0,-0.0,-2.9371,0.0,0.0263,0.0,inf,1.5,1.5
22.633,0.0002,-0.0,-0.0,-2.9371,0.0,0.0263,0.0,inf,1.5,1.5
22.633,0.0002,-0.0,-0.0,-2.9371,0.0,0.0263,0.0,inf,1.5,1.5
22.633,0.0002,-0.0,-0.0,-2.9371,0.0,0.0263,0.0,inf,1.5,1.5
22.667,0.0002,-0.0,-0.0,-2.9414,0.0,0.0263,0.0,inf,1.5,1.5
22.667,0.0002,-0.0,-0.0,-2.9414,0.0,0.0263,0.0,inf,1.5,1.5
22.683,0.0002,-0.0,-0.0,-2.9436,0.0,0.0263,0.0,inf,1.5,1.5
22.7,0.0002,-0.0,-0.0,-2.9458,0.0,0.0263,0.0,inf,1.5,1.5
22.7,0.0002,-0.0,-0.0,-2.9458,0.0,0.0263,0.0,inf,1.5,1.5
22.7,0.0002,-0.0,-0.0,-2.9458,0.0,0.0263,0.0,inf,1.5,1.5
22.733,0.0002,-0.0,-0.0,-2.9501,0.0,0.0263,0.0,inf,1.5,1.5
22.733,0.0002,-0.0,-0.0,-2.9501,0.0,0.0263,0.0,inf,1.5,1.5
22.75,0.0002,-0.0,-0.0,-2.9523,0.0,0.0263,0.0,inf,1.5,1.5
22.75,0.0002,-0.0,-0.0,-2.9523,0.0,0.0263,0.0,inf,1.5,1.5
22.75,0.0002,-0.0,-0.0,-2.9523,0.0,0.0263,0.0,inf,1.5,1.5
22.783,0.0002,-0.0,-0.0,-2.9566,0.0,0.0263,0.0,inf,1.5,1.5
22.8,0.0002,-0.0,-0.0,-2.9587,0.0,0.0263,0.0,inf,1.5,1.5
22.8,0.0002,-0.0,-0.0,-2.9587,0.0,0.0263,0.0,inf,1.5,1.5
22.8,0.0002,-0.0,-0.0,-2.9587,0.0,0.0263,0.0,inf,1.5,1.5
22.833,0.0002,-0.0,-0.0,-2.9631,0.0,0.0263,0.0,inf,1.5,1.5
22.833,0.0002,-0.0,-0.0,-2.9631,0.0,0.0263,0.0,inf,1.5,1.5
22.85,0.0002,-0.0,-0.0,-2.9652,0.0,0.0263,0.0,inf,1.5,1.5
22.867,0.0002,-0.0,-0.0,-2.9674,0.0,0.0263,0.0,inf,1.5,1.5
22.867,0.0002,-0.0,-0.0,-2.9674,0.0,0.0263,0.0,inf,1.5,1.5
22.867,0.0002,-0.0,-0.0,-2.9674,0.0,0.0263,0.0,inf,1.5,1.5
22.9,0.0002,-0.0,-0.0,-2.9717,0.0,0.0263,0.0,inf,1.5,1.5
22.9,0.0002,-0.0,-0.0,-2.9717,0.0,0.0263,0.0,inf,1.5,1.5
22.917,0.0002,-0.0,-0.0,-2.9739,0.0,0.0263,0.0,inf,1.5,1.5
22.917,0.0002,-0.0,-0.0,-2.9739,0.0,0.0263,0.0,inf,1.5,1.5
22.95,0.0002,-0.0,-0.0,-2.9782,0.0,0.0263,0.0,inf,1.5,1.5
22.95,0.0002,-0.0,-0.0,-2.9782,0.0,0.0263,0.0,inf,1.5,1.5
22.967,0.0002,-0.0,-0.0,-2.9804,0.0,0.0263,0.0,inf,1.5,1.5
22.967,0.0002,-0.0,-0.0,-2.9804,0.0,0.0263,0.0,inf,1.5,1.5
22.967,0.0002,-0.0,-0.0,-2.9804,0.0,0.0263,0.0,inf,1.5,1.5
23.0,0.0002,-0.0,-0.0,-2.9847,0.0,0.0263,0.0,inf,1.5,1.5
23.017,0.0002,-0.0,-0.0,-2.9869,0.0,0.0263,0.0,inf,1.5,1.5
23.017,0.0002,-0.0,-0.0,-2.9869,0.0,0.0263,0.0,inf,1.5,1.5
23.033,0.0002,-0.0,-0.0,-2.989,0.0,0.0263,0.0,inf,1.5,1.5
23.033,0.0002,-0.0,-0.0,-2.989,0.0,0.0263,0.0,inf,1.5,1.5
23.033,0.0002,-0.0,-0.0,-2.989,0.0,0.0263,0.0,inf,1.5,1.5
23.067,0.0002,-0.0,-0.0,-2.9934,0.0,0.0263,0.0,inf,1.5,1.5
23.083,0.0002,-0.0,-0.0,-2.9955,0.0,0.0263,0.0,inf,1.5,1.5
23.083,0.0002,-0.0,-0.0,-2.9955,0.0,0.0263,0.0,inf,1.5,1.5
23.083,0.0002,-0.0,-0.0,-2.9955,0.0,0.0263,0.0,inf,1.5,1.5
23.117,0.0002,-0.0,-0.0,-2.9998,0.0,0.0263,0.0,inf,1.5,1.5
23.133,0.0002,-0.0,-0.0,-3.002,0.0,0.0263,0.0,inf,1.5,1.5
23.133,0.0002,-0.0,-0.0,-3.002,0.0,0.0263,0.0,inf,1.5,1.5
23.133,0.0002,-0.0,-0.0,-3.002,0.0,0.0263,0.0,inf,1.5,1.5
23.167,0.0002,-0.0,-0.0,-3.0063,0.0,0.0263,0.0,inf,1.5,1.5
23.167,0.0002,-0.0,-0.0,-3.0063,0.0,0.0263,0.0,inf,1.5,1.5
23.183,0.0002,-0.0,-0.0,-3.0085,0.0,0.0263,0.0,inf,1.5,1.5
23.2,0.0002,-0.0,-0.0,-3.0107,0.0,0.0263,0.0,inf,1.5,1.5
23.2,0.0002,-0.0,-0.0,-3.0107,0.0,0.0263,0.0,inf,1.5,1.5
23.2,0.0002,-0.0,-0.0,-3.0107,0.0,0.0263,0.0,inf,1.5,1.5
23.233,0.0002,-0.0,-0.0,-3.015,0.0,0.0263,0.0,inf,1.5,1.5
23.233,0.0002,-0.0,-0.0,-3.015,0.0,0.0263,0.0,inf,1.5,1.5
23.25,0.0002,-0.0,-0.0,-3.0171,0.0,0.0263,0.0,inf,1.5,1.5
23.25,0.0002,-0.0,-0.0,-3.0171,0.0,0.0263,0.0,inf,1.5,1.5
23.283,0.0002,-0.0,-0.0,-3.0215,0.0,0.0263,0.0,inf,1.5,1.5
23.283,0.0002,-0.0,-0.0,-3.0215,0.0,0.0263,0.0,inf,1.5,1.5
23.3,0.0002,-0.0,-0.0,-3.0236,0.0,0.0263,0.0,inf,1.5,1.5
23.3,0.0002,-0.0,-0.0,-3.0236,0.0,0.0263,0.0,inf,1.5,1.5
23.3,0.0002,-0.0,-0.0,-3.0236,0.0,0.0263,0.0,inf,1.5,1.5
23.333,0.0002,-0.0,-0.0,-3.028,0.0,0.0263,0.0,inf,1.5,1.5
23.35,0.0002,-0.0,-0.0,-3.0301,0.0,0.0263,0.0,inf,1.5,1.5
23.35,0.0002,-0.0,-0.0,-3.0301,0.0,0.0263,0.0,inf,1.5,1.5
23.367,0.0002,-0.0,-0.0,-3.0323,0.0,0.0263,0.0,inf,1.5,1.5
23.367,0.0002,-0.0,-0.0,-3.0323,0.0,0.0263,0.0,inf,1.5,1.5
23.367,0.0002,-0.0,-0.0,-3.0323,0.0,0.0263,0.0,inf,1.5,1.5
23.4,0.0002,-0.0,-0.0,-3.0366,0.0,0.0263,0.0,inf,1.5,1.5
23.417,0.0002,-0.0,-0.0,-3.0388,0.0,0.0263,0.0,inf,1.5,1.5
23.417,0.0002,-0.0,-0.0,-3.0388,0.0,0.0263,0.0,inf,1.5,1.5
23.417,0.0002,-0.0,-0.0,-3.0388,0.0,0.0263,0.0,inf,1.5,1.5
23.45,0.0002,-0.0,-0.0,-3.0431,0.0,0.0263,0.0,inf,1.5,1.5
23.45,0.0002,-0.0,-0.0,-3.0431,0.0,0.0263,0.0,inf,1.5,1.5
23.467,0.0002,-0.0,-0.0,-3.0453,0.0,0.0263,0.0,inf,1.5,1.5
23.467,0.0002,-0.0,-0.0,-3.0453,0.0,0.0263,0.0,inf,1.5,1.5
23.467,0.0002,-0.0,-0.0,-3.0453,0.0,0.0263,0.0,inf,1.5,1.5
23.5,0.0002,-0.0,-0.0,-3.0496,0.0,0.0263,0.0,inf,1.5,1.5
23.517,0.0002,-0.0,-0.0,-3.0517,0.0,0.0263,0.0,inf,1.5,1.5
23.517,0.0002,-0.0,-0.0,-3.0517,0.0,0.0263,0.0,inf,1.5,1.5
23.533,0.0002,-0.0,-0.0,-3.0539,0.0,0.0263,0.0,inf,1.5,1.5
23.533,0.0002,-0.0,-0.0,-3.0539,0.0,0.0263,0.0,inf,1.5,1.5
23.533,0.0002,-0.0,-0.0,-3.0539,0.0,0.0263,0.0,inf,1.5,1.5
23.567,0.0002,-0.0,-0.0,-3.0582,0.0,0.0263,0.0,inf,1.5,1.5
23.583,0.0002,-0.0,-0.0,-3.0604,0.0,0.0263,0.0,inf,1.5,1.5
23.583,0.0002,-0.0,-0.0,-3.0604,0.0,0.0263,0.0,inf,1.5,1.5
23.583,0.0002,-0.0,-0.0,-3.0604,0.0,0.0263,0.0,inf,1.5,1.5
23.617,0.0002,-0.0,-0.0,-3.0647,0.0,0.0263,0.0,inf,1.5,1.5
23.633,0.0002,-0.0,-0.0,-3.0669,0.0,0.0263,0.0,inf,1.5,1.5
23.633,0.0002,-0.0,-0.0,-3.0669,0.0,0.0263,0.0,inf,1.5,1.5
23.633,0.0002,-0.0,-0.0,-3.0669,0.0,0.0263,0.0,inf,1.5,1.5
23.667,0.0002,-0.0,-0.0,-3.0712,0.0,0.0263,0.0,inf,1.5,1.5
23.667,0.0002,-0.0,-0.0,-3.0712,0.0,0.0263,0.0,inf,1.5,1.5
23.683,0.0002,-0.0,-0.0,-3.0734,0.0,0.0263,0.0,inf,1.5,1.5
23.7,0.0002,-0.0,-0.0,-3.0755,0.0,0.0263,0.0,inf,1.5,1.5
23.7,0.0002,-0.0,-0.0,-3.0755,0.0,0.0263,0.0,inf,1.5,1.5
23.7,0.0002,-0.0,-0.0,-3.0755,0.0,0.0263,0.0,inf,1.5,1.5
23.733,0.0002,-0.0,-0.0,-3.0799,0.0,0.0263,0.0,inf,1.5,1.5
23.733,0.0002,-0.0,-0.0,-3.0799,0.0,0.0263,0.0,inf,1.5,1.5
23.75,0.0002,-0.0,-0.0,-3.082,0.0,0.0263,0.0,inf,1.5,1.5
23.75,0.0002,-0.0,-0.0,-3.082,0.0,0.0263,0.0,inf,1.5,1.5
23.75,0.0002,-0.0,-0.0,-3.082,0.0,0.0263,0.0,inf,1.5,1.5
23.783,0.0002,-0.0,-0.0,-3.0864,0.0,0.0263,0.0,inf,1.5,1.5
23.8,0.0002,-0.0,-0.0,-3.0885,0.0,0.0263,0.0,inf,1.5,1.5
23.8,0.0002,-0.0,-0.0,-3.0885,0.0,0.0263,0.0,inf,1.5,1.5
23.8,0.0002,-0.0,-0.0,-3.0885,0.0,0.0263,0.0,inf,1.5,1.5
23.833,0.0002,-0.0,-0.0,-3.0928,0.0,0.0263,0.0,inf,1.5,1.5
23.833,0.0002,-0.0,-0.0,-3.0928,0.0,0.0263,0.0,inf,1.5,1.5
23.85,0.0002,-0.0,-0.0,-3.095,0.0,0.0263,0.0,inf,1.5,1.5
23.867,0.0002,-0.0,-0.0,-3.0972,0.0,0.0263,0.0,inf,1.5,1.5
23.867,0.0002,-0.0,-0.0,-3.0972,0.0,0.0263,0.0,inf,1.5,1.5
23.867,0.0002,-0.0,-0.0,-3.0972,0.0,0.0263,0.0,inf,1.5,1.5
23.9,0.0002,-0.0,-0.0,-3.1015,0.0,0.0263,0.0,inf,1.5,1.5
23.917,0.0002,-0.0,-0.0,-3.1037,0.0,0.0263,0.0,inf,1.5,1.5
23.917,0.0002,-0.0,-0.0,-3.1037,0.0,0.0263,0.0,inf,1.5,1.5
23.917,0.0002,-0.0,-0.0,-3.1037,0.0,0.0263,0.0,inf,1.5,1.5
23.95,0.0002,-0.0,-0.0,-3.108,0.0,0.0263,0.0,inf,1.5,1.5
23.95,0.0002,-0.0,-0.0,-3.108,0.0,0.0263,0.0,inf,1.5,1.5
23.967,0.0002,-0.0,-0.0,-3.1101,0.0,0.0263,0.0,inf,1.5,1.5
23.967,0.0002,-0.0,-0.0,-3.1101,0.0,0.0263,0.0,inf,1.5,1.5
23.967,0.0002,-0.0,-0.0,-3.1101,0.0,0.0263,0.0,inf,1.5,1.5
24.0,0.0002,-0.0,-0.0,-3.1145,0.0,0.0263,0.0,inf,1.5,1.5
24.017,0.0002,-0.0,-0.0,-3.1166,0.0,0.0263,0.0,inf,1.5,1.5
24.017,0.0002,-0.0,-0.0,-3.1166,0.0,0.0263,0.0,inf,1.5,1.5
24.033,0.0002,-0.0,-0.0,-3.1188,0.0,0.0263,0.0,inf,1.5,1.5
24.033,0.0002,-0.0,-0.0,-3.1188,0.0,0.0263,0.0,inf,1.5,1.5
24.033,0.0002,-0.0,-0.0,-3.1188,0.0,0.0263,0.0,inf,1.5,1.5
24.067,0.0002,-0.0,-0.0,-3.1231,0.0,0.0263,0.0,inf,1.5,1.5
24.083,0.0002,-0.0,-0.0,-3.1253,0.0,0.0263,0.0,inf,1.5,1.5
24.083,0.0002,-0.0,-0.0,-3.1253,0.0,0.0263,0.0,inf,1.5,1.5
24.083,0.0002,-0.0,-0.0,-3.1253,0.0,0.0263,0.0,inf,1.5,1.5
24.117,0.0002,-0.0,-0.0,-3.1296,0.0,0.0263,0.0,inf,1.5,1.5
24.117,0.0002,-0.0,-0.0,-3.1296,0.0,0.0263,0.0,inf,1.5,1.5
24.133,0.0002,-0.0,-0.0,-3.1318,0.0,0.0263,0.0,inf,1.5,1.5
24.133,0.0002,-0.0,-0.0,-3.1318,0.0,0.0263,0.0,inf,1.5,1.5
24.133,0.0002,-0.0,-0.0,-3.1318,0.0,0.0263,0.0,inf,1.5,1.5
24.167,0.0002,-0.0,-0.0,-3.1361,0.0,0.0263,0.0,inf,1.5,1.5
24.183,0.0002,-0.0,-0.0,-3.1383,0.0,0.0263,0.0,inf,1.5,1.5
24.183,0.0002,-0.0,-0.0,-3.1383,0.0,0.0263,0.0,inf,1.5,1.5
24.2,0.0002,-0.0,-0.0,-3.1404,0.0,0.0263,0.0,inf,1.5,1.5
24.2,0.0002,-0.0,-0.0,-3.1404,0.0,0.0263,0.0,inf,1.5,1.5
24.233,0.0002,-0.0,-0.0,-3.1448,0.0,0.0263,0.0,inf,1.5,1.5
24.233,0.0002,-0.0,-0.0,-3.1448,0.0,0.0263,0.0,inf,1.5,1.5
24.25,0.0002,-0.0,-0.0,-3.1469,0.0,0.0263,0.0,inf,1.5,1.5
24.25,0.0002,-0.0,-0.0,-3.1469,0.0,0.0263,0.0,inf,1.5,1.5
24.25,0.0002,-0.0,-0.0,-3.1469,0.0,0.0263,0.0,inf,1.5,1.5
24.283,0.0002,-0.0,-0.0,-3.1512,0.0,0.0263,0.0,inf,1.5,1.5
24.3,0.0002,-0.0,-0.0,-3.1534,0.0,0.0263,0.0,inf,1.5,1.5
24.3,0.0002,-0.0,-0.0,-3.1534,0.0,0.0263,0.0,inf,1.5,1.5
24.3,0.0002,-0.0,-0.0,-3.1534,0.0,0.0263,0.0,inf,1.5,1.5
24.333,0.0002,-0.0,-0.0,-3.1577,0.0,0.0263,0.0,inf,1.5,1.5
24.333,0.0002,-0.0,-0.0,-3.1577,0.0,0.0263,0.0,inf,1.5,1.5
24.35,0.0002,-0.0,-0.0,-3.1599,0.0,0.0263,0.0,inf,1.5,1.5
24.367,0.0002,-0.0,-0.0,-3.1621,0.0,0.0263,0.0,inf,1.5,1.5
24.367,0.0002,-0.0,-0.0,-3.1621,0.0,0.0263,0.0,inf,1.5,1.5
24.367,0.0002,-0.0,-0.0,-3.1621,0.0,0.0263,0.0,inf,1.5,1.5
24.4,0.0002,-0.0,-0.0,-3.1664,0.0,0.0263,0.0,inf,1.5,1.5
24.4,0.0002,-0.0,-0.0,-3.1664,0.0,0.0263,0.0,inf,1.5,1.5
24.417,0.0002,-0.0,-0.0,-3.1685,0.0,0.0263,0.0,inf,1.5,1.5
24.417,0.0002,-0.0,-0.0,-3.1685,0.0,0.0263,0.0,inf,1.5,1.5
24.417,0.0002,-0.0,-0.0,-3.1685,0.0,0.0263,0.0,inf,1.5,1.5
24.45,0.0002,-0.0,-0.0,-3.1729,0.0,0.0263,0.0,inf,1.5,1.5
24.467,0.0002,-0.0,-0.0,-3.175,0.0,0.0263,0.0,inf,1.5,1.5
24.467,0.0002,-0.0,-0.0,-3.175,0.0,0.0263,0.0,inf,1.5,1.5
24.467,0.0002,-0.0,-0.0,-3.175,0.0,0.0263,0.0,inf,1.5,1.5
24.5,0.0002,-0.0,-0.0,-3.1794,0.0,0.0263,0.0,inf,1.5,1.5
24.5,0.0002,-0.0,-0.0,-3.1794,0.0,0.0263,0.0,inf,1.5,1.5
24.517,0.0002,-0.0,-0.0,-3.1815,0.0,0.0263,0.0,inf,1.5,1.5
24.533,0.0002,-0.0,-0.0,-3.1837,0.0,0.0263,0.0,inf,1.5,1.5
24.533,0.0002,-0.0,-0.0,-3.1837,0.0,0.0263,0.0,inf,1.5,1.5
24.533,0.0002,-0.0,-0.0,-3.1837,0.0,0.0263,0.0,inf,1.5,1.5
24.567,0.0002,-0.0,-0.0,-3.188,0.0,0.0263,0.0,inf,1.5,1.5
24.567,0.0002,-0.0,-0.0,-3.188,0.0,0.0263,0.0,inf,1.5,1.5
24.583,0.0002,-0.0,-0.0,-3.1902,0.0,0.0263,0.0,inf,1.5,1.5
24.583,0.0002,-0.0,-0.0,-3.1902,0.0,0.0263,0.0,inf,1.5,1.5
24.617,0.0002,-0.0,-0.0,-3.1945,0.0,0.0263,0.0,inf,1.5,1.5
24.617,0.0002,-0.0,-0.0,-3.1945,0.0,0.0263,0.0,inf,1.5,1.5
24.633,0.0002,-0.0,-0.0,-3.1967,0.0,0.0263,0.0,inf,1.5,1.5
24.633,0.0002,-0.0,-0.0,-3.1967,0.0,0.0263,0.0,inf,1.5,1.5
24.633,0.0002,-0.0,-0.0,-3.1967,0.0,0.0263,0.0,inf,1.5,1.5
24.667,0.0002,-0.0,-0.0,-3.201,0.0,0.0263,0.0,inf,1.5,1.5
24.683,0.0002,-0.0,-0.0,-3.2031,0.0,0.0263,0.0,inf,1.5,1.5
24.683,0.0002,-0.0,-0.0,-3.2031,0.0,0.0263,0.0,inf,1.5,1.5
24.7,0.0002,-0.0,-0.0,-3.2053,0.0,0.0263,0.0,inf,1.5,1.5
24.7,0.0002,-0.0,-0.0,-3.2053,0.0,0.0263,0.0,inf,1.5,1.5
24.7,0.0002,-0.0,-0.0,-3.2053,0.0,0.0263,0.0,inf,1.5,1.5
24.733,0.0002,-0.0,-0.0,-3.2096,0.0,0.0263,0.0,inf,1.5,1.5
24.75,0.0002,-0.0,-0.0,-3.2118,0.0,0.0263,0.0,inf,1.5,1.5
24.75,0.0002,-0.0,-0.0,-3.2118,0.0,0.0263,0.0,inf,1.5,1.5
24.75,0.0002,-0.0,-0.0,-3.2118,0.0,0.0263,0.0,inf,1.5,1.5
24.783,0.0002,-0.0,-0.0,-3.2161,0.0,0.0263,0.0,inf,1.5,1.5
24.783,0.0002,-0.0,-0.0,-3.2161,0.0,0.0263,0.0,inf,1.5,1.5
24.8,0.0002,-0.0,-0.0,-3.2183,0.0,0.0263,0.0,inf,1.5,1.5
24.8,0.0002,-0.0,-0.0,-3.2183,0.0,0.0263,0.0,inf,1.5,1.5
24.833,0.0002,-0.0,-0.0,-3.2226,0.0,0.0263,0.0,inf,1.5,1.5
24.833,0.0002,-0.0,-0.0,-3.2226,0.0,0.0263,0.0,inf,1.5,1.5
24.833,0.0002,-0.0,-0.0,-3.2226,0.0,0.0263,0.0,inf,1.5,1.5
24.85,0.0002,-0.0,-0.0,-3.2248,0.0,0.0263,0.0,inf,1.5,1.5
24.85,0.0002,-0.0,-0.0,-3.2248,0.0,0.0263,0.0,inf,1.5,1.5
24.867,0.0002,-0.0,-0.0,-3.2269,0.0,0.0263,0.0,inf,1.5,1.5
24.867,0.0002,-0.0,-0.0,-3.2269,0.0,0.0263,0.0,inf,1.5,1.5
24.9,0.0002,-0.0,-0.0,-3.2313,0.0,0.0263,0.0,inf,1.5,1.5
24.9,0.0002,-0.0,-0.0,-3.2313,0.0,0.0263,0.0,inf,1.5,1.5
24.917,0.0002,-0.0,-0.0,-3.2334,0.0,0.0263,0.0,inf,1.5,1.5
24.917,0.0002,-0.0,-0.0,-3.2334,0.0,0.0263,0.0,inf,1.5,1.5
24.917,0.0002,-0.0,-0.0,-3.2334,0.0,0.0263,0.0,inf,1.5,1.5
24.95,0.0002,-0.0,-0.0,-3.2378,0.0,0.0263,0.0,inf,1.5,1.5
24.95,0.0002,-0.0,-0.0,-3.2378,0.0,0.0263,0.0,inf,1.5,1.5
24.967,0.0002,-0.0,-0.0,-3.2399,0.0,0.0263,0.0,inf,1.5,1.5
24.967,0.0002,-0.0,-0.0,-3.2399,0.0,0.0263,0.0,inf,1.5,1.5
25.0,0.0002,-0.0,-0.0,-3.2442,0.0,0.0263,0.0,inf,1.5,1.5
25.0,0.0002,-0.0,-0.0,-3.2442,0.0,0.0263,0.0,inf,1.5,1.5
25.017,0.0002,-0.0,-0.0,-3.2464,0.0,0.0263,0.0,inf,1.5,1.5
25.033,0.0002,-0.0,-0.0,-3.2486,0.0,0.0263,0.0,inf,1.5,1.5
25.033,0.0002,-0.0,-0.0,-3.2486,0.0,0.0263,0.0,inf,1.5,1.5
25.033,0.0002,-0.0,-0.0,-3.2486,0.0,0.0263,0.0,inf,1.5,1.5
25.067,0.0002,-0.0,-0.0,-3.2529,0.0,0.0263,0.0,inf,1.5,1.5
25.067,0.0002,-0.0,-0.0,-3.2529,0.0,0.0263,0.0,inf,1.5,1.5
25.083,0.0002,-0.0,-0.0,-3.2551,0.0,0.0263,0.0,inf,1.5,1.5
25.083,0.0002,-0.0,-0.0,-3.2551,0.0,0.0263,0.0,inf,1.5,1.5
25.083,0.0002,-0.0,-0.0,-3.2551,0.0,0.0263,0.0,inf,1.5,1.5
25.117,0.0002,-0.0,-0.0,-3.2594,0.0,0.0263,0.0,inf,1.5,1.5
25.133,0.0002,-0.0,-0.0,-3.2615,0.0,0.0263,0.0,inf,1.5,1.5
25.133,0.0002,-0.0,-0.0,-3.2615,0.0,0.0263,0.0,inf,1.5,1.5
25.133,0.0002,-0.0,-0.0,-3.2615,0.0,0.0263,0.0,inf,1.5,1.5
25.167,0.0002,-0.0,-0.0,-3.2659,0.0,0.0263,0.0,inf,1.5,1.5
25.183,0.0002,-0.0,-0.0,-3.268,0.0,0.0263,0.0,inf,1.5,1.5
25.183,0.0002,-0.0,-0.0,-3.268,0.0,0.0263,0.0,inf,1.5,1.5
25.2,0.0002,-0.0,-0.0,-3.2702,0.0,0.0263,0.0,inf,1.5,1.5
25.2,0.0002,-0.0,-0.0,-3.2702,0.0,0.0263,0.0,inf,1.5,1.5
25.2,0.0002,-0.0,-0.0,-3.2702,0.0,0.0263,0.0,inf,1.5,1.5
25.233,0.0002,-0.0,-0.0,-3.2745,0.0,0.0263,0.0,inf,1.5,1.5
25.25,0.0002,-0.0,-0.0,-3.2767,0.0,0.0263,0.0,inf,1.5,1.5
25.25,0.0002,-0.0,-0.0,-3.2767,0.0,0.0263,0.0,inf,1.5,1.5
25.25,0.0002,-0.0,-0.0,-3.2767,0.0,0.0263,0.0,inf,1.5,1.5
25.283,0.0002,-0.0,-0.0,-3.281,0.0,0.0263,0.0,inf,1.5,1.5
25.3,0.0002,-0.0,-0.0,-3.2832,0.0,0.0263,0.0,inf,1.5,1.5
25.3,0.0002,-0.0,-0.0,-3.2832,0.0,0.0263,0.0,inf,1.5,1.5
25.3,0.0002,-0.0,-0.0,-3.2832,0.0,0.0263,0.0,inf,1.5,1.5
25.333,0.0002,-0.0,-0.0,-3.2875,0.0,0.0263,0.0,inf,1.5,1.5
25.333,0.0002,-0.0,-0.0,-3.2875,0.0,0.0263,0.0,inf,1.5,1.5
25.35,0.0002,-0.0,-0.0,-3.2897,0.0,0.0263,0.0,inf,1.5,1.5
25.367,0.0002,-0.0,-0.0,-3.2918,0.0,0.0263,0.0,inf,1.5,1.5
25.367,0.0002,-0.0,-0.0,-3.2918,0.0,0.0263,0.0,inf,1.5,1.5
25.367,0.0002,-0.0,-0.0,-3.2918,0.0,0.0263,0.0,inf,1.5,1.5
25.4,0.0002,-0.0,-0.0,-3.2962,0.0,0.0263,0.0,inf,1.5,1.5
25.4,0.0002,-0.0,-0.0,-3.2962,0.0,0.0263,0.0,inf,1.5,1.5
25.417,0.0002,-0.0,-0.0,-3.2983,0.0,0.0263,0.0,inf,1.5,1.5
25.417,0.0002,-0.0,-0.0,-3.2983,0.0,0.0263,0.0,inf,1.5,1.5
25.417,0.0002,-0.0,-0.0,-3.2983,0.0,0.0263,0.0,inf,1.5,1.5
25.45,0.0002,-0.0,-0.0,-3.3026,0.0,0.0263,0.0,inf,1.5,1.5
25.467,0.0002,-0.0,-0.0,-3.3048,0.0,0.0263,0.0,inf,1.5,1.5
25.467,0.0002,-0.0,-0.0,-3.3048,0.0,0.0263,0.0,inf,1.5,1.5
25.467,0.0002,-0.0,-0.0,-3.3048,0.0,0.0263,0.0,inf,1.5,1.5
25.5,0.0002,-0.0,-0.0,-3.3091,0.0,0.0263,0.0,inf,1.5,1.5
25.5,0.0002,-0.0,-0.0,-3.3091,0.0,0.0263,0.0,inf,1.5,1.5
25.517,0.0002,-0.0,-0.0,-3.3113,0.0,0.0263,0.0,inf,1.5,1.5
25.533,0.0002,-0.0,-0.0,-3.3135,0.0,0.0263,0.0,inf,1.5,1.5
25.533,0.0002,-0.0,-0.0,-3.3135,0.0,0.0263,0.0,inf,1.5,1.5
25.533,0.0002,-0.0,-0.0,-3.3135,0.0,0.0263,0.0,inf,1.5,1.5
25.567,0.0002,-0.0,-0.0,-3.3178,0.0,0.0263,0.0,inf,1.5,1.5
25.583,0.0002,-0.0,-0.0,-3.3199,0.0,0.0263,0.0,inf,1.5,1.5
25.583,0.0002,-0.0,-0.0,-3.3199,0.0,0.0263,0.0,inf,1.5,1.5
25.583,0.0002,-0.0,-0.0,-3.3199,0.0,0.0263,0.0,inf,1.5,1.5
25.617,0.0002,-0.0,-0.0,-3.3243,0.0,0.0263,0.0,inf,1.5,1.5
25.617,0.0002,-0.0,-0.0,-3.3243,0.0,0.0263,0.0,inf,1.5,1.5
25.633,0.0002,-0.0,-0.0,-3.3264,0.0,0.0263,0.0,inf,1.5,1.5
25.633,0.0002,-0.0,-0.0,-3.3264,0.0,0.0263,0.0,inf,1.5,1.5
25.633,0.0002,-0.0,-0.0,-3.3264,0.0,0.0263,0.0,inf,1.5,1.5
25.667,0.0002,-0.0,-0.0,-3.3308,0.0,0.0263,0.0,inf,1.5,1.5
25.683,0.0002,-0.0,-0.0,-3.3329,0.0,0.0263,0.0,inf,1.5,1.5
25.683,0.0002,-0.0,-0.0,-3.3329,0.0,0.0263,0.0,inf,1.5,1.5
25.7,0.0002,-0.0,-0.0,-3.3351,0.0,0.0263,0.0,inf,1.5,1.5
25.7,0.0002,-0.0,-0.0,-3.3351,0.0,0.0263,0.0,inf,1.5,1.5
25.7,0.0002,-0.0,-0.0,-3.3351,0.0,0.0263,0.0,inf,1.5,1.5
25.733,0.0002,-0.0,-0.0,-3.3394,0.0,0.0263,0.0,inf,1.5,1.5
25.75,0.0002,-0.0,-0.0,-3.3416,0.0,0.0263,0.0,inf,1.5,1.5
25.75,0.0002,-0.0,-0.0,-3.3416,0.0,0.0263,0.0,inf,1.5,1.5
25.75,0.0002,-0.0,-0.0,-3.3416,0.0,0.0263,0.0,inf,1.5,1.5
25.783,0.0002,-0.0,-0.0,-3.3459,0.0,0.0263,0.0,inf,1.5,1.5
25.8,0.0002,-0.0,-0.0,-3.3481,0.0,0.0263,0.0,inf,1.5,1.5
25.8,0.0002,-0.0,-0.0,-3.3481,0.0,0.0263,0.0,inf,1.5,1.5
25.8,0.0002,-0.0,-0.0,-3.3481,0.0,0.0263,0.0,inf,1.5,1.5
25.833,0.0002,-0.0,-0.0,-3.3524,-0.0,0.0263,0.0,inf,1.5,1.5
25.833,0.0002,-0.0,-0.0,-3.3524,-0.0,0.0263,0.0,inf,1.5,1.5
25.85,0.0002,-0.0,-0.0,-3.3546,-0.0,0.0263,0.0,inf,1.5,1.5
25.867,0.0002,-0.0,-0.0,-3.3567,-0.0,0.0263,0.0,inf,1.5,1.5
25.867,0.0002,-0.0,-0.0,-3.3567,-0.0,0.0263,0.0,inf,1.5,1.5
25.867,0.0002,-0.0,-0.0,-3.3567,-0.0,0.0263,0.0,inf,1.5,1.5
25.9,0.0002,-0.0,-0.0,-3.361,-0.0,0.0263,0.0,inf,1.5,1.5
25.9,0.0002,-0.0,-0.0,-3.361,-0.0,0.0263,0.0,inf,1.5,1.5
25.917,0.0002,-0.0,-0.0,-3.3632,-0.0,0.0263,0.0,inf,1.5,1.5
25.917,0.0002,-0.0,-0.0,-3.3632,-0.0,0.0263,0.0,inf,1.5,1.5
25.917,0.0002,-0.0,-0.0,-3.3632,-0.0,0.0263,0.0,inf,1.5,1.5
25.95,0.0002,-0.0,-0.0,-3.3675,-0.0,0.0263,0.0,inf,1.5,1.5
25.967,0.0002,-0.0,-0.0,-3.3697,-0.0,0.0263,0.0,inf,1.5,1.5
25.967,0.0002,-0.0,-0.0,-3.3697,-0.0,0.0263,0.0,inf,1.5,1.5
25.967,0.0002,-0.0,-0.0,-3.3697,-0.0,0.0263,0.0,inf,1.5,1.5
25.967,0.0002,-0.0,-0.0,-3.3697,-0.0,0.0263,0.0,inf,1.5,1.5
26.0,0.0002,-0.0,-0.0,-3.374,-0.0,0.0263,0.0,inf,1.5,1.5
26.0,0.0002,-0.0,-0.0,-3.374,-0.0,0.0263,0.0,inf,1.5,1.5
26.0,0.0002,-0.0,-0.0,-3.374,-0.0,0.0263,0.0,inf,1.5,1.5
26.017,0.0002,-0.0,-0.0,-3.3762,-0.0,0.0263,0.0,inf,1.5,1.5
26.033,0.0002,-0.0,-0.0,-3.3783,-0.0,0.0263,0.0,inf,1.5,1.5
26.033,0.0002,-0.0,-0.0,-3.3783,-0.0,0.0263,0.0,inf,1.5,1.5
26.033,0.0002,-0.0,-0.0,-3.3783,-0.0,0.0263,0.0,inf,1.5,1.5
26.033,0.0002,-0.0,-0.0,-3.3783,-0.0,0.0263,0.0,inf,1.5,1.5
26.067,0.0002,-0.0,-0.0,-3.3827,-0.0,0.0263,0.0,inf,1.5,1.5
26.083,0.0002,-0.0,-0.0,-3.3848,-0.0,0.0263,0.0,inf,1.5,1.5
26.083,0.0002,-0.0,-0.0,-3.3848,-0.0,0.0263,0.0,inf,1.5,1.5
26.083,0.0002,-0.0,-0.0,-3.3848,-0.0,0.0263,0.0,inf,1.5,1.5
26.117,0.0002,-0.0,-0.0,-3.3892,-0.0,0.0263,0.0,inf,1.5,1.5
26.133,0.0002,-0.0,-0.0,-3.3913,-0.0,0.0263,0.0,inf,1.5,1.5
26.133,0.0002,-0.0,-0.0,-3.3913,-0.0,0.0263,0.0,inf,1.5,1.5
26.133,0.0002,-0.0,-0.0,-3.3913,-0.0,0.0263,0.0,inf,1.5,1.5
26.167,0.0002,-0.0,-0.0,-3.3956,-0.0,0.0263,0.0,inf,1.5,1.5
26.167,0.0002,-0.0,-0.0,-3.3956,-0.0,0.0263,0.0,inf,1.5,1.5
26.183,0.0002,-0.0,-0.0,-3.3978,-0.0,0.0263,0.0,inf,1.5,1.5
26.2,0.0002,-0.0,-0.0,-3.4,-0.0,0.0263,0.0,inf,1.5,1.5
26.2,0.0002,-0.0,-0.0,-3.4,-0.0,0.0263,0.0,inf,1.5,1.5
26.2,0.0002,-0.0,-0.0,-3.4,-0.0,0.0263,0.0,inf,1.5,1.5
26.233,0.0002,-0.0,-0.0,-3.4043,-0.0,0.0263,0.0,inf,1.5,1.5
26.233,0.0002,-0.0,-0.0,-3.4043,-0.0,0.0263,0.0,inf,1.5,1.5
26.25,0.0002,-0.0,-0.0,-3.4065,-0.0,0.0263,0.0,inf,1.5,1.5
26.25,0.0002,-0.0,-0.0,-3.4065,-0.0,0.0263,0.0,inf,1.5,1.5
26.283,0.0002,-0.0,-0.0,-3.4108,-0.0,0.0263,0.0,inf,1.5,1.5
26.283,0.0002,-0.0,-0.0,-3.4108,-0.0,0.0263,0.0,inf,1.5,1.5
26.3,0.0002,-0.0,-0.0,-3.413,-0.0,0.0263,0.0,inf,1.5,1.5
26.3,0.0002,-0.0,-0.0,-3.413,-0.0,0.0263,0.0,inf,1.5,1.5
26.3,0.0002,-0.0,-0.0,-3.413,-0.0,0.0263,0.0,inf,1.5,1.5
26.333,0.0002,-0.0,-0.0,-3.4173,-0.0,0.0263,0.0,inf,1.5,1.5
26.333,0.0002,-0.0,-0.0,-3.4173,-0.0,0.0263,0.0,inf,1.5,1.5
26.35,0.0002,-0.0,-0.0,-3.4194,-0.0,0.0263,0.0,inf,1.5,1.5
26.367,0.0002,-0.0,-0.0,-3.4216,-0.0,0.0263,0.0,inf,1.5,1.5
26.367,0.0002,-0.0,-0.0,-3.4216,-0.0,0.0263,0.0,inf,1.5,1.5
26.367,0.0002,-0.0,-0.0,-3.4216,-0.0,0.0263,0.0,inf,1.5,1.5
26.4,0.0002,-0.0,-0.0,-3.4259,-0.0,0.0263,0.0,inf,1.5,1.5
26.417,0.0002,-0.0,-0.0,-3.4281,-0.0,0.0263,0.0,inf,1.5,1.5
26.417,0.0002,-0.0,-0.0,-3.4281,-0.0,0.0263,0.0,inf,1.5,1.5
26.417,0.0002,-0.0,-0.0,-3.4281,-0.0,0.0263,0.0,inf,1.5,1.5
26.417,0.0002,-0.0,-0.0,-3.4281,-0.0,0.0263,0.0,inf,1.5,1.5
26.417,0.0002,-0.0,-0.0,-3.4281,-0.0,0.0263,0.0,inf,1.5,1.5
26.45,0.0002,-0.0,-0.0,-3.4324,-0.0,0.0263,0.0,inf,1.5,1.5
26.467,0.0002,-0.0,-0.0,-3.4346,-0.0,0.0263,0.0,inf,1.5,1.5
26.467,0.0002,-0.0,-0.0,-3.4346,-0.0,0.0263,0.0,inf,1.5,1.5
26.467,0.0002,-0.0,-0.0,-3.4346,-0.0,0.0263,0.0,inf,1.5,1.5
26.5,0.0002,-0.0,-0.0,-3.4389,-0.0,0.0263,0.0,inf,1.5,1.5
26.517,0.0002,-0.0,-0.0,-3.4411,-0.0,0.0263,0.0,inf,1.5,1.5
26.517,0.0002,-0.0,-0.0,-3.4411,-0.0,0.0263,0.0,inf,1.5,1.5
26.533,0.0002,-0.0,-0.0,-3.4432,-0.0,0.0263,0.0,inf,1.5,1.5
26.533,0.0002,-0.0,-0.0,-3.4432,-0.0,0.0263,0.0,inf,1.5,1.5
26.533,0.0002,-0.0,-0.0,-3.4432,-0.0,0.0263,0.0,inf,1.5,1.5
26.567,0.0002,-0.0,-0.0,-3.4476,-0.0,0.0263,0.0,inf,1.5,1.5
26.583,0.0002,-0.0,-0.0,-3.4497,-0.0,0.0263,0.0,inf,1.5,1.5
26.583,0.0002,-0.0,-0.0,-3.4497,-0.0,0.0263,0.0,inf,1.5,1.5
26.583,0.0002,-0.0,-0.0,-3.4497,-0.0,0.0263,0.0,inf,1.5,1.5
26.617,0.0002,-0.0,-0.0,-3.4541,-0.0,0.0263,0.0,inf,1.5,1.5
26.633,0.0002,-0.0,-0.0,-3.4562,-0.0,0.0263,0.0,inf,1.5,1.5
26.633,0.0002,-0.0,-0.0,-3.4562,-0.0,0.0263,0.0,inf,1.5,1.5
26.633,0.0002,-0.0,-0.0,-3.4562,-0.0,0.0263,0.0,inf,1.5,1.5
26.667,0.0002,-0.0,-0.0,-3.4605,-0.0,0.0263,0.0,inf,1.5,1.5
26.667,0.0002,-0.0,-0.0,-3.4605,-0.0,0.0263,0.0,inf,1.5,1.5
26.683,0.0002,-0.0,-0.0,-3.4627,-0.0,0.0263,0.0,inf,1.5,1.5
26.7,0.0002,-0.0,-0.0,-3.4649,-0.0,0.0263,0.0,inf,1.5,1.5
26.7,0.0002,-0.0,-0.0,-3.4649,-0.0,0.0263,0.0,inf,1.5,1.5
26.7,0.0002,-0.0,-0.0,-3.4649,-0.0,0.0263,0.0,inf,1.5,1.5
26.733,0.0002,-0.0,-0.0,-3.4692,-0.0,0.0263,0.0,inf,1.5,1.5
26.733,0.0002,-0.0,-0.0,-3.4692,-0.0,0.0263,0.0,inf,1.5,1.5
26.75,0.0002,-0.0,-0.0,-3.4714,-0.0,0.0263,0.0,inf,1.5,1.5
26.75,0.0002,-0.0,-0.0,-3.4714,-0.0,0.0263,0.0,inf,1.5,1.5
26.75,0.0002,-0.0,-0.0,-3.4714,-0.0,0.0263,0.0,inf,1.5,1.5
26.783,0.0002,-0.0,-0.0,-3.4757,-0.0,0.0263,0.0,inf,1.5,1.5
26.8,0.0002,-0.0,-0.0,-3.4778,-0.0,0.0263,0.0,inf,1.5,1.5
26.8,0.0002,-0.0,-0.0,-3.4778,-0.0,0.0263,0.0,inf,1.5,1.5
26.8,0.0002,-0.0,-0.0,-3.4778,-0.0,0.0263,0.0,inf,1.5,1.5
26.833,0.0002,-0.0,-0.0,-3.4822,-0.0,0.0263,0.0,inf,1.5,1.5
26.85,0.0002,-0.0,-0.0,-3.4843,-0.0,0.0263,0.0,inf,1.5,1.5
26.85,0.0002,-0.0,-0.0,-3.4843,-0.0,0.0263,0.0,inf,1.5,1.5
26.867,0.0002,-0.0,-0.0,-3.4865,-0.0,0.0263,0.0,inf,1.5,1.5
26.867,0.0002,-0.0,-0.0,-3.4865,-0.0,0.0263,0.0,inf,1.5,1.5
26.867,0.0002,-0.0,-0.0,-3.4865,-0.0,0.0263,0.0,inf,1.5,1.5
26.9,0.0002,-0.0,-0.0,-3.4908,-0.0,0.0263,0.0,inf,1.5,1.5
26.917,0.0002,-0.0,-0.0,-3.493,-0.0,0.0263,0.0,inf,1.5,1.5
26.917,0.0002,-0.0,-0.0,-3.493,-0.0,0.0263,0.0,inf,1.5,1.5
26.917,0.0002,-0.0,-0.0,-3.493,-0.0,0.0263,0.0,inf,1.5,1.5
26.95,0.0002,-0.0,-0.0,-3.4973,-0.0,0.0263,0.0,inf,1.5,1.5
26.967,0.0002,-0.0,-0.0,-3.4995,-0.0,0.0263,0.0,inf,1.5,1.5
26.967,0.0002,-0.0,-0.0,-3.4995,-0.0,0.0263,0.0,inf,1.5,1.5
26.967,0.0002,-0.0,-0.0,-3.4995,-0.0,0.0263,0.0,inf,1.5,1.5
27.0,0.0002,-0.0,-0.0,-3.5038,-0.0,0.0263,0.0,inf,1.5,1.5
27.0,0.0002,-0.0,-0.0,-3.5038,-0.0,0.0263,0.0,inf,1.5,1.5
27.017,0.0002,-0.0,-0.0,-3.506,-0.0,0.0263,0.0,inf,1.5,1.5
27.033,0.0002,-0.0,-0.0,-3.5081,-0.0,0.0263,0.0,inf,1.5,1.5
27.033,0.0002,-0.0,-0.0,-3.5081,-0.0,0.0263,0.0,inf,1.5,1.5
27.033,0.0002,-0.0,-0.0,-3.5081,-0.0,0.0263,0.0,inf,1.5,1.5
27.033,0.0002,-0.0,-0.0,-3.5081,-0.0,0.0263,0.0,inf,1.5,1.5
27.067,0.0002,-0.0,-0.0,-3.5125,-0.0,0.0263,0.0,inf,1.5,1.5
27.067,0.0002,-0.0,-0.0,-3.5125,-0.0,0.0263,0.0,inf,1.5,1.5
27.083,0.0002,-0.0,-0.0,-3.5146,-0.0,0.0263,0.0,inf,1.5,1.5
27.083,0.0002,-0.0,-0.0,-3.5146,-0.0,0.0263,0.0,inf,1.5,1.5
27.083,0.0002,-0.0,-0.0,-3.5146,-0.0,0.0263,0.0,inf,1.5,1.5
27.117,0.0002,-0.0,-0.0,-3.5189,-0.0,0.0263,0.0,inf,1.5,1.5
27.133,0.0002,-0.0,-0.0,-3.5211,-0.0,0.0263,0.0,inf,1.5,1.5
27.133,0.0002,-0.0,-0.0,-3.5211,-0.0,0.0263,0.0,inf,1.5,1.5
27.133,0.0002,-0.0,-0.0,-3.5211,-0.0,0.0263,0.0,inf,1.5,1.5
27.167,0.0002,-0.0,-0.0,-3.5254,-0.0,0.0263,0.0,inf,1.5,1.5
27.183,0.0002,-0.0,-0.0,-3.5276,-0.0,0.0263,0.0,inf,1.5,1.5
27.183,0.0002,-0.0,-0.0,-3.5276,-0.0,0.0263,0.0,inf,1.5,1.5
27.2,0.0002,-0.0,-0.0,-3.5298,-0.0,0.0263,0.0,inf,1.5,1.5
27.2,0.0002,-0.0,-0.0,-3.5298,-0.0,0.0263,0.0,inf,1.5,1.5
27.2,0.0002,-0.0,-0.0,-3.5298,-0.0,0.0263,0.0,inf,1.5,1.5
27.233,0.0002,-0.0,-0.0,-3.5341,-0.0,0.0263,0.0,inf,1.5,1.5
27.25,0.0002,-0.0,-0.0,-3.5362,-0.0,0.0263,0.0,inf,1.5,1.5
27.25,0.0002,-0.0,-0.0,-3.5362,-0.0,0.0263,0.0,inf,1.5,1.5
27.25,0.0002,-0.0,-0.0,-3.5362,-0.0,0.0263,0.0,inf,1.5,1.5
27.283,0.0002,-0.0,-0.0,-3.5406,-0.0,0.0263,0.0,inf,1.5,1.5
27.3,0.0002,-0.0,-0.0,-3.5427,-0.0,0.0263,0.0,inf,1.5,1.5
27.3,0.0002,-0.0,-0.0,-3.5427,-0.0,0.0263,0.0,inf,1.5,1.5
27.3,0.0002,-0.0,-0.0,-3.5427,-0.0,0.0263,0.0,inf,1.5,1.5
27.333,0.0002,-0.0,-0.0,-3.5471,-0.0,0.0263,0.0,inf,1.5,1.5
27.333,0.0002,-0.0,-0.0,-3.5471,-0.0,0.0263,0.0,inf,1.5,1.5
27.35,0.0002,-0.0,-0.0,-3.5492,-0.0,0.0263,0.0,inf,1.5,1.5
27.367,0.0002,-0.0,-0.0,-3.5514,-0.0,0.0263,0.0,inf,1.5,1.5
27.367,0.0002,-0.0,-0.0,-3.5514,-0.0,0.0263,0.0,inf,1.5,1.5
27.367,0.0002,-0.0,-0.0,-3.5514,-0.0,0.0263,0.0,inf,1.5,1.5
27.4,0.0002,-0.0,-0.0,-3.5557,-0.0,0.0263,0.0,inf,1.5,1.5
27.4,0.0002,-0.0,-0.0,-3.5557,-0.0,0.0263,0.0,inf,1.5,1.5
27.417,0.0002,-0.0,-0.0,-3.5579,-0.0,0.0263,0.0,inf,1.5,1.5
27.417,0.0002,-0.0,-0.0,-3.5579,-0.0,0.0263,0.0,inf,1.5,1.5
27.417,0.0002,-0.0,-0.0,-3.5579,-0.0,0.0263,0.0,inf,1.5,1.5
27.45,0.0002,-0.0,-0.0,-3.5622,-0.0,0.0263,0.0,inf,1.5,1.5
27.467,0.0002,-0.0,-0.0,-3.5644,-0.0,0.0263,0.0,inf,1.5,1.5
27.467,0.0002,-0.0,-0.0,-3.5644,-0.0,0.0263,0.0,inf,1.5,1.5
27.467,0.0002,-0.0,-0.0,-3.5644,-0.0,0.0263,0.0,inf,1.5,1.5
27.5,0.0002,-0.0,-0.0,-3.5687,-0.0,0.0263,0.0,inf,1.5,1.5
27.5,0.0002,-0.0,-0.0,-3.5687,-0.0,0.0263,0.0,inf,1.5,1.5
27.517,0.0002,-0.0,-0.0,-3.5709,-0.0,0.0263,0.0,inf,1.5,1.5
27.533,0.0002,-0.0,-0.0,-3.573,-0.0,0.0263,0.0,inf,1.5,1.5
27.533,0.0002,-0.0,-0.0,-3.573,-0.0,0.0263,0.0,inf,1.5,1.5
27.533,0.0002,-0.0,-0.0,-3.573,-0.0,0.0263,0.0,inf,1.5,1.5
27.567,0.0002,-0.0,-0.0,-3.5773,-0.0,0.0263,0.0,inf,1.5,1.5
27.583,0.0002,-0.0,-0.0,-3.5795,-0.0,0.0263,0.0,inf,1.5,1.5
27.583,0.0002,-0.0,-0.0,-3.5795,-0.0,0.0263,0.0,inf,1.5,1.5
27.583,0.0002,-0.0,-0.0,-3.5795,-0.0,0.0263,0.0,inf,1.5,1.5
27.617,0.0002,-0.0,-0.0,-3.5838,-0.0,0.0263,0.0,inf,1.5,1.5
27.617,0.0002,-0.0,-0.0,-3.5838,-0.0,0.0263,0.0,inf,1.5,1.5
27.633,0.0002,-0.0,-0.0,-3.586,-0.0,0.0263,0.0,inf,1.5,1.5
27.633,0.0002,-0.0,-0.0,-3.586,-0.0,0.0263,0.0,inf,1.5,1.5
27.667,0.0002,-0.0,-0.0,-3.5903,-0.0,0.0263,0.0,inf,1.5,1.5
27.667,0.0002,-0.0,-0.0,-3.5903,-0.0,0.0263,0.0,inf,1.5,1.5
27.683,0.0002,-0.0,-0.0,-3.5925,-0.0,0.0263,0.0,inf,1.5,1.5
27.7,0.0002,-0.0,-0.0,-3.5947,-0.0,0.0263,0.0,inf,1.5,1.5
27.7,0.0002,-0.0,-0.0,-3.5947,-0.0,0.0263,0.0,inf,1.5,1.5
27.7,0.0002,-0.0,-0.0,-3.5947,-0.0,0.0263,0.0,inf,1.5,1.5
27.733,0.0002,-0.0,-0.0,-3.599,-0.0,0.0263,0.0,inf,1.5,1.5
27.733,0.0002,-0.0,-0.0,-3.599,-0.0,0.0263,0.0,inf,1.5,1.5
27.75,0.0002,-0.0,-0.0,-3.6011,-0.0,0.0263,0.0,inf,1.5,1.5
27.75,0.0002,-0.0,-0.0,-3.6011,-0.0,0.0263,0.0,inf,1.5,1.5
27.75,0.0002,-0.0,-0.0,-3.6011,-0.0,0.0263,0.0,inf,1.5,1.5
27.783,0.0002,-0.0,-0.0,-3.6055,-0.0,0.0263,0.0,inf,1.5,1.5
27.8,0.0002,-0.0,-0.0,-3.6076,-0.0,0.0263,0.0,inf,1.5,1.5
27.8,0.0002,-0.0,-0.0,-3.6076,-0.0,0.0263,0.0,inf,1.5,1.5
27.8,0.0002,-0.0,-0.0,-3.6076,-0.0,0.0263,0.0,inf,1.5,1.5
27.833,0.0002,-0.0,-0.0,-3.612,-0.0,0.0263,0.0,inf,1.5,1.5
27.833,0.0002,-0.0,-0.0,-3.612,-0.0,0.0263,0.0,inf,1.5,1.5
27.85,0.0002,-0.0,-0.0,-3.6141,-0.0,0.0263,0.0,inf,1.5,1.5
27.867,0.0002,-0.0,-0.0,-3.6163,-0.0,0.0263,0.0,inf,1.5,1.5
27.867,0.0002,-0.0,-0.0,-3.6163,-0.0,0.0263,0.0,inf,1.5,1.5
27.867,0.0002,-0.0,-0.0,-3.6163,-0.0,0.0263,0.0,inf,1.5,1.5
27.9,0.0002,-0.0,-0.0,-3.6206,-0.0,0.0263,0.0,inf,1.5,1.5
27.9,0.0002,-0.0,-0.0,-3.6206,-0.0,0.0263,0.0,inf,1.5,1.5
27.917,0.0002,-0.0,-0.0,-3.6228,-0.0,0.0263,0.0,inf,1.5,1.5
27.917,0.0002,-0.0,-0.0,-3.6228,-0.0,0.0263,0.0,inf,1.5,1.5
27.95,0.0002,-0.0,-0.0,-3.6271,-0.0,0.0263,0.0,inf,1.5,1.5
27.95,0.0002,-0.0,-0.0,-3.6271,-0.0,0.0263,0.0,inf,1.5,1.5
27.967,0.0002,-0.0,-0.0,-3.6293,-0.0,0.0263,0.0,inf,1.5,1.5
27.967,0.0002,-0.0,-0.0,-3.6293,-0.0,0.0263,0.0,inf,1.5,1.5
27.967,0.0002,-0.0,-0.0,-3.6293,-0.0,0.0263,0.0,inf,1.5,1.5
28.0,0.0002,-0.0,-0.0,-3.6336,-0.0,0.0263,0.0,inf,1.5,1.5
28.017,0.0002,-0.0,-0.0,-3.6357,-0.0,0.0263,0.0,inf,1.5,1.5
28.017,0.0002,-0.0,-0.0,-3.6357,-0.0,0.0263,0.0,inf,1.5,1.5
28.033,0.0002,-0.0,-0.0,-3.6379,-0.0,0.0263,0.0,inf,1.5,1.5
28.033,0.0002,-0.0,-0.0,-3.6379,-0.0,0.0263,0.0,inf,1.5,1.5
28.033,0.0002,-0.0,-0.0,-3.6379,-0.0,0.0263,0.0,inf,1.5,1.5
28.067,0.0002,-0.0,-0.0,-3.6422,-0.0,0.0263,0.0,inf,1.5,1.5
28.083,0.0002,-0.0,-0.0,-3.6444,-0.0,0.0263,0.0,inf,1.5,1.5
28.083,0.0002,-0.0,-0.0,-3.6444,-0.0,0.0263,0.0,inf,1.5,1.5
28.083,0.0002,-0.0,-0.0,-3.6444,-0.0,0.0263,0.0,inf,1.5,1.5
28.117,0.0002,-0.0,-0.0,-3.6487,-0.0,0.0263,0.0,inf,1.5,1.5
28.117,0.0002,-0.0,-0.0,-3.6487,-0.0,0.0263,0.0,inf,1.5,1.5
28.133,0.0002,-0.0,-0.0,-3.6509,-0.0,0.0263,0.0,inf,1.5,1.5
28.133,0.0002,-0.0,-0.0,-3.6509,-0.0,0.0263,0.0,inf,1.5,1.5
28.167,0.0002,-0.0,-0.0,-3.6552,-0.0,0.0263,0.0,inf,1.5,1.5
28.167,0.0002,-0.0,-0.0,-3.6552,-0.0,0.0263,0.0,inf,1.5,1.5
28.183,0.0002,-0.0,-0.0,-3.6574,-0.0,0.0263,0.0,inf,1.5,1.5
28.2,0.0002,-0.0,-0.0,-3.6595,-0.0,0.0263,0.0,inf,1.5,1.5
28.2,0.0002,-0.0,-0.0,-3.6595,-0.0,0.0263,0.0,inf,1.5,1.5
28.2,0.0002,-0.0,-0.0,-3.6595,-0.0,0.0263,0.0,inf,1.5,1.5
28.233,0.0002,-0.0,-0.0,-3.6639,-0.0,0.0263,0.0,inf,1.5,1.5
28.233,0.0002,-0.0,-0.0,-3.6639,-0.0,0.0263,0.0,inf,1.5,1.5
28.25,0.0002,-0.0,-0.0,-3.666,-0.0,0.0263,0.0,inf,1.5,1.5
28.25,0.0002,-0.0,-0.0,-3.666,-0.0,0.0263,0.0,inf,1.5,1.5
28.25,0.0002,-0.0,-0.0,-3.666,-0.0,0.0263,0.0,inf,1.5,1.5
28.283,0.0002,-0.0,-0.0,-3.6704,-0.0,0.0263,0.0,inf,1.5,1.5
28.3,0.0002,-0.0,-0.0,-3.6725,-0.0,0.0263,0.0,inf,1.5,1.5
28.3,0.0002,-0.0,-0.0,-3.6725,-0.0,0.0263,0.0,inf,1.5,1.5
28.3,0.0002,-0.0,-0.0,-3.6725,-0.0,0.0263,0.0,inf,1.5,1.5
28.333,0.0002,-0.0,-0.0,-3.6768,-0.0,0.0263,0.0,inf,1.5,1.5
28.35,0.0002,-0.0,-0.0,-3.679,-0.0,0.0263,0.0,inf,1.5,1.5
28.35,0.0002,-0.0,-0.0,-3.679,-0.0,0.0263,0.0,inf,1.5,1.5
28.367,0.0002,-0.0,-0.0,-3.6812,-0.0001,0.0263,0.0,inf,1.5,1.5
28.367,0.0002,-0.0,-0.0,-3.6812,-0.0001,0.0263,0.0,inf,1.5,1.5
28.367,0.0002,-0.0,-0.0,-3.6812,-0.0001,0.0263,0.0,inf,1.5,1.5
28.4,0.0002,-0.0,-0.0,-3.6855,-0.0001,0.0263,0.0,inf,1.5,1.5
28.417,0.0002,-0.0,-0.0,-3.6877,-0.0001,0.0263,0.0,inf,1.5,1.5
28.417,0.0002,-0.0,-0.0,-3.6877,-0.0001,0.0263,0.0,inf,1.5,1.5
28.417,0.0002,-0.0,-0.0,-3.6877,-0.0001,0.0263,0.0,inf,1.5,1.5
28.45,0.0002,-0.0,-0.0,-3.692,-0.0001,0.0263,0.0,inf,1.5,1.5
28.45,0.0002,-0.0,-0.0,-3.692,-0.0001,0.0263,0.0,inf,1.5,1.5
28.467,0.0002,-0.0,-0.0,-3.6942,-0.0001,0.0263,0.0,inf,1.5,1.5
28.467,0.0002,-0.0,-0.0,-3.6942,-0.0001,0.0263,0.0,inf,1.5,1.5
28.467,0.0002,-0.0,-0.0,-3.6942,-0.0001,0.0263,0.0,inf,1.5,1.5
28.5,0.0002,-0.0,-0.0,-3.6985,-0.0001,0.0263,0.0,inf,1.5,1.5
28.517,0.0002,-0.0,-0.0,-3.7006,-0.0001,0.0263,0.0,inf,1.5,1.5
28.517,0.0002,-0.0,-0.0,-3.7006,-0.0001,0.0263,0.0,inf,1.5,1.5
28.533,0.0002,-0.0,-0.0,-3.7028,-0.0001,0.0263,0.0,inf,1.5,1.5
28.533,0.0002,-0.0,-0.0,-3.7028,-0.0001,0.0263,0.0,inf,1.5,1.5
28.533,0.0002,-0.0,-0.0,-3.7028,-0.0001,0.0263,0.0,inf,1.5,1.5
28.567,0.0002,-0.0,-0.0,-3.7071,-0.0001,0.0263,0.0,inf,1.5,1.5
28.583,0.0002,-0.0,-0.0,-3.7093,-0.0001,0.0263,0.0,inf,1.5,1.5
28.583,0.0002,-0.0,-0.0,-3.7093,-0.0001,0.0263,0.0,inf,1.5,1.5
28.583,0.0002,-0.0,-0.0,-3.7093,-0.0001,0.0263,0.0,inf,1.5,1.5
28.617,0.0002,-0.0,-0.0,-3.7136,-0.0001,0.0263,0.0,inf,1.5,1.5
28.633,0.0002,-0.0,-0.0,-3.7158,-0.0001,0.0263,0.0,inf,1.5,1.5
28.633,0.0002,-0.0,-0.0,-3.7158,-0.0001,0.0263,0.0,inf,1.5,1.5
28.633,0.0002,-0.0,-0.0,-3.7158,-0.0001,0.0263,0.0,inf,1.5,1.5
28.667,0.0002,-0.0,-0.0,-3.7201,-0.0001,0.0263,0.0,inf,1.5,1.5
28.667,0.0002,-0.0,-0.0,-3.7201,-0.0001,0.0263,0.0,inf,1.5,1.5
28.683,0.0002,-0.0,-0.0,-3.7223,-0.0001,0.0263,0.0,inf,1.5,1.5
28.7,0.0002,-0.0,-0.0,-3.7244,-0.0001,0.0263,0.0,inf,1.5,1.5
28.7,0.0002,-0.0,-0.0,-3.7244,-0.0001,0.0263,0.0,inf,1.5,1.5
28.7,0.0002,-0.0,-0.0,-3.7244,-0.0001,0.0263,0.0,inf,1.5,1.5
28.733,0.0002,-0.0,-0.0,-3.7288,-0.0001,0.0263,0.0,inf,1.5,1.5
28.75,0.0002,-0.0,-0.0,-3.7309,-0.0001,0.0263,0.0,inf,1.5,1.5
28.75,0.0002,-0.0,-0.0,-3.7309,-0.0001,0.0263,0.0,inf,1.5,1.5
28.75,0.0002,-0.0,-0.0,-3.7309,-0.0001,0.0263,0.0,inf,1.5,1.5
28.783,0.0002,-0.0,-0.0,-3.7353,-0.0001,0.0263,0.0,inf,1.5,1.5
28.783,0.0002,-0.0,-0.0,-3.7353,-0.0001,0.0263,0.0,inf,1.5,1.5
28.8,0.0002,-0.0,-0.0,-3.7374,-0.0001,0.0263,0.0,inf,1.5,1.5
28.8,0.0002,-0.0,-0.0,-3.7374,-0.0001,0.0263,0.0,inf,1.5,1.5
28.833,0.0002,-0.0,-0.0,-3.7417,-0.0001,0.0263,0.0,inf,1.5,1.5
28.833,0.0002,-0.0,-0.0,-3.7417,-0.0001,0.0263,0.0,inf,1.5,1.5
28.85,0.0002,-0.0,-0.0,-3.7439,-0.0001,0.0263,0.0,inf,1.5,1.5
28.85,0.0002,-0.0,-0.0,-3.7439,-0.0001,0.0263,0.0,inf,1.5,1.5
28.867,0.0002,-0.0,-0.0,-3.7461,-0.0001,0.0263,0.0,inf,1.5,1.5
28.867,0.0002,-0.0,-0.0,-3.7461,-0.0001,0.0263,0.0,inf,1.5,1.5
28.9,0.0002,-0.0,-0.0,-3.7504,-0.0001,0.0263,0.0,inf,1.5,1.5
28.9,0.0002,-0.0,-0.0,-3.7504,-0.0001,0.0263,0.0,inf,1.5,1.5
28.917,0.0002,-0.0,-0.0,-3.7526,-0.0001,0.0263,0.0,inf,1.5,1.5
28.917,0.0002,-0.0,-0.0,-3.7526,-0.0001,0.0263,0.0,inf,1.5,1.5
28.917,0.0002,-0.0,-0.0,-3.7526,-0.0001,0.0263,0.0,inf,1.5,1.5
28.95,0.0002,-0.0,-0.0,-3.7569,-0.0001,0.0263,0.0,inf,1.5,1.5
28.967,0.0002,-0.0,-0.0,-3.759,-0.0001,0.0263,0.0,inf,1.5,1.5
28.967,0.0002,-0.0,-0.0,-3.759,-0.0001,0.0263,0.0,inf,1.5,1.5
28.967,0.0002,-0.0,-0.0,-3.759,-0.0001,0.0263,0.0,inf,1.5,1.5
29.0,0.0002,-0.0,-0.0,-3.7634,-0.0001,0.0263,0.0,inf,1.5,1.5
29.017,0.0002,-0.0,-0.0,-3.7655,-0.0001,0.0263,0.0,inf,1.5,1.5
29.017,0.0002,-0.0,-0.0,-3.7655,-0.0001,0.0263,0.0,inf,1.5,1.5
29.033,0.0002,-0.0,-0.0,-3.7677,-0.0001,0.0263,0.0,inf,1.5,1.5
29.033,0.0002,-0.0,-0.0,-3.7677,-0.0001,0.0263,0.0,inf,1.5,1.5
29.033,0.0002,-0.0,-0.0,-3.7677,-0.0001,0.0263,0.0,inf,1.5,1.5
29.067,0.0002,-0.0,-0.0,-3.772,-0.0001,0.0263,0.0,inf,1.5,1.5
29.083,0.0002,-0.0,-0.0,-3.7742,-0.0001,0.0263,0.0,inf,1.5,1.5
29.083,0.0002,-0.0,-0.0,-3.7742,-0.0001,0.0263,0.0,inf,1.5,1.5
29.083,0.0002,-0.0,-0.0,-3.7742,-0.0001,0.0263,0.0,inf,1.5,1.5
29.117,0.0002,-0.0,-0.0,-3.7785,-0.0001,0.0263,0.0,inf,1.5,1.5
29.117,0.0002,-0.0,-0.0,-3.7785,-0.0001,0.0263,0.0,inf,1.5,1.5
29.133,0.0002,-0.0,-0.0,-3.7807,-0.0001,0.0263,0.0,inf,1.5,1.5
29.133,0.0002,-0.0,-0.0,-3.7807,-0.0001,0.0263,0.0,inf,1.5,1.5
29.133,0.0002,-0.0,-0.0,-3.7807,-0.0001,0.0263,0.0,inf,1.5,1.5
29.167,0.0002,-0.0,-0.0,-3.785,-0.0001,0.0263,0.0,inf,1.5,1.5
29.183,0.0002,-0.0,-0.0,-3.7872,-0.0001,0.0263,0.0,inf,1.5,1.5
29.183,0.0002,-0.0,-0.0,-3.7872,-0.0001,0.0263,0.0,inf,1.5,1.5
29.2,0.0002,-0.0,-0.0,-3.7893,-0.0001,0.0263,0.0,inf,1.5,1.5
29.2,0.0002,-0.0,-0.0,-3.7893,-0.0001,0.0263,0.0,inf,1.5,1.5
29.2,0.0002,-0.0,-0.0,-3.7893,-0.0001,0.0263,0.0,inf,1.5,1.5
29.233,0.0002,-0.0,-0.0,-3.7937,-0.0001,0.0263,0.0,inf,1.5,1.5
29.25,0.0002,-0.0,-0.0,-3.7958,-0.0001,0.0263,0.0,inf,1.5,1.5
29.25,0.0002,-0.0,-0.0,-3.7958,-0.0001,0.0263,0.0,inf,1.5,1.5
29.25,0.0002,-0.0,-0.0,-3.7958,-0.0001,0.0263,0.0,inf,1.5,1.5
29.283,0.0002,-0.0,-0.0,-3.8001,-0.0001,0.0263,0.0,inf,1.5,1.5
29.283,0.0002,-0.0,-0.0,-3.8001,-0.0001,0.0263,0.0,inf,1.5,1.5
29.3,0.0002,-0.0,-0.0,-3.8023,-0.0001,0.0263,0.0,inf,1.5,1.5
29.3,0.0002,-0.0,-0.0,-3.8023,-0.0001,0.0263,0.0,inf,1.5,1.5
29.333,0.0002,-0.0,-0.0,-3.8066,-0.0001,0.0263,0.0,inf,1.5,1.5
29.333,0.0002,-0.0,-0.0,-3.8066,-0.0001,0.0263,0.0,inf,1.5,1.5
29.35,0.0002,-0.0,-0.0,-3.8088,-0.0001,0.0263,0.0,inf,1.5,1.5
29.367,0.0002,-0.0,-0.0,-3.811,-0.0001,0.0263,0.0,inf,1.5,1.5
29.367,0.0002,-0.0,-0.0,-3.811,-0.0001,0.0263,0.0,inf,1.5,1.5
29.367,0.0002,-0.0,-0.0,-3.811,-0.0001,0.0263,0.0,inf,1.5,1.5
29.4,0.0002,-0.0,-0.0,-3.8153,-0.0001,0.0263,0.0,inf,1.5,1.5
29.4,0.0002,-0.0,-0.0,-3.8153,-0.0001,0.0263,0.0,inf,1.5,1.5
29.417,0.0002,-0.0,-0.0,-3.8174,-0.0001,0.0263,0.0,inf,1.5,1.5
29.417,0.0002,-0.0,-0.0,-3.8174,-0.0001,0.0263,0.0,inf,1.5,1.5
29.417,0.0002,-0.0,-0.0,-3.8174,-0.0001,0.0263,0.0,inf,1.5,1.5
29.45,0.0002,-0.0,-0.0,-3.8218,-0.0001,0.0263,0.0,inf,1.5,1.5
29.467,0.0002,-0.0,-0.0,-3.8239,-0.0001,0.0263,0.0,inf,1.5,1.5
29.467,0.0002,-0.0,-0.0,-3.8239,-0.0001,0.0263,0.0,inf,1.5,1.5
29.467,0.0002,-0.0,-0.0,-3.8239,-0.0001,0.0263,0.0,inf,1.5,1.5
29.5,0.0002,-0.0,-0.0,-3.8283,-0.0001,0.0263,0.0,inf,1.5,1.5
29.517,0.0002,-0.0,-0.0,-3.8304,-0.0001,0.0263,0.0,inf,1.5,1.5
29.517,0.0002,-0.0,-0.0,-3.8304,-0.0001,0.0263,0.0,inf,1.5,1.5
29.533,0.0002,-0.0,-0.0,-3.8326,-0.0001,0.0263,0.0,inf,1.5,1.5
29.533,0.0002,-0.0,-0.0,-3.8326,-0.0001,0.0263,0.0,inf,1.5,1.5
29.533,0.0002,-0.0,-0.0,-3.8326,-0.0001,0.0263,0.0,inf,1.5,1.5
29.567,0.0002,-0.0,-0.0,-3.8369,-0.0001,0.0263,0.0,inf,1.5,1.5
29.567,0.0002,-0.0,-0.0,-3.8369,-0.0001,0.0263,0.0,inf,1.5,1.5
29.583,0.0002,-0.0,-0.0,-3.8391,-0.0001,0.0263,0.0,inf,1.5,1.5
29.583,0.0002,-0.0,-0.0,-3.8391,-0.0001,0.0263,0.0,inf,1.5,1.5
29.583,0.0002,-0.0,-0.0,-3.8391,-0.0001,0.0263,0.0,inf,1.5,1.5
29.617,0.0002,-0.0,-0.0,-3.8434,-0.0001,0.0263,0.0,inf,1.5,1.5
29.633,0.0002,-0.0,-0.0,-3.8456,-0.0001,0.0263,0.0,inf,1.5,1.5
29.633,0.0002,-0.0,-0.0,-3.8456,-0.0001,0.0263,0.0,inf,1.5,1.5
29.633,0.0002,-0.0,-0.0,-3.8456,-0.0001,0.0263,0.0,inf,1.5,1.5
29.667,0.0002,-0.0,-0.0,-3.8499,-0.0001,0.0263,0.0,inf,1.5,1.5
29.683,0.0002,-0.0,-0.0,-3.8521,-0.0001,0.0263,0.0,inf,1.5,1.5
29.683,0.0002,-0.0,-0.0,-3.8521,-0.0001,0.0263,0.0,inf,1.5,1.5
29.7,0.0002,-0.0,-0.0,-3.8542,-0.0001,0.0263,0.0,inf,1.5,1.5
29.7,0.0002,-0.0,-0.0,-3.8542,-0.0001,0.0263,0.0,inf,1.5,1.5
29.7,0.0002,-0.0,-0.0,-3.8542,-0.0001,0.0263,0.0,inf,1.5,1.5
29.733,0.0002,-0.0,-0.0,-3.8585,-0.0001,0.0263,0.0,inf,1.5,1.5
29.733,0.0002,-0.0,-0.0,-3.8585,-0.0001,0.0263,0.0,inf,1.5,1.5
29.75,0.0002,-0.0,-0.0,-3.8607,-0.0001,0.0263,0.0,inf,1.5,1.5
29.75,0.0002,-0.0,-0.0,-3.8607,-0.0001,0.0263,0.0,inf,1.5,1.5
29.783,0.0002,-0.0,-0.0,-3.865,-0.0001,0.0263,0.0,inf,1.5,1.5
29.783,0.0002,-0.0,-0.0,-3.865,-0.0001,0.0263,0.0,inf,1.5,1.5
29.8,0.0002,-0.0,-0.0,-3.8672,-0.0001,0.0263,0.0,inf,1.5,1.5
29.8,0.0002,-0.0,-0.0,-3.8672,-0.0001,0.0263,0.0,inf,1.5,1.5
29.8,0.0002,-0.0,-0.0,-3.8672,-0.0001,0.0263,0.0,inf,1.5,1.5
29.833,0.0002,-0.0,-0.0,-3.8715,-0.0001,0.0263,0.0,inf,1.5,1.5
29.85,0.0002,-0.0,-0.0,-3.8737,-0.0001,0.0263,0.0,inf,1.5,1.5
29.85,0.0002,-0.0,-0.0,-3.8737,-0.0001,0.0263,0.0,inf,1.5,1.5
29.867,0.0002,-0.0,-0.0,-3.8758,-0.0001,0.0263,0.0,inf,1.5,1.5
29.867,0.0002,-0.0,-0.0,-3.8758,-0.0001,0.0263,0.0,inf,1.5,1.5
29.9,0.0002,-0.0,-0.0,-3.8802,-0.0001,0.0263,0.0,inf,1.5,1.5
29.9,0.0002,-0.0,-0.0,-3.8802,-0.0001,0.0263,0.0,inf,1.5,1.5
29.917,0.0002,-0.0,-0.0,-3.8823,-0.0001,0.0263,0.0,inf,1.5,1.5
29.917,0.0002,-0.0,-0.0,-3.8823,-0.0001,0.0263,0.0,inf,1.5,1.5
29.917,0.0002,-0.0,-0.0,-3.8823,-0.0001,0.0263,0.0,inf,1.5,1.5
29.95,0.0002,-0.0,-0.0,-3.8867,-0.0001,0.0263,0.0,inf,1.5,1.5
29.967,0.0002,-0.0,-0.0,-3.8888,-0.0001,0.0263,0.0,inf,1.5,1.5
29.967,0.0002,-0.0,-0.0,-3.8888,-0.0001,0.0263,0.0,inf,1.5,1.5
29.967,0.0002,-0.0,-0.0,-3.8888,-0.0001,0.0263,0.0,inf,1.5,1.5
30.0,0.0002,-0.0,-0.0,-3.8932,-0.0001,0.0263,0.0,inf,1.5,1.5
30.0,0.0002,-0.0,-0.0,-3.8932,-0.0001,0.0263,0.0,inf,1.5,1.5
30.017,0.0002,-0.0,-0.0,-3.8953,-0.0001,0.0263,0.0,inf,1.5,1.5
30.033,0.0002,-0.0,-0.0,-3.8975,-0.0001,0.0263,0.0,inf,1.5,1.5
30.033,0.0002,-0.0,-0.0,-3.8975,-0.0001,0.0263,0.0,inf,1.5,1.5
30.033,0.0002,-0.0,-0.0,-3.8975,-0.0001,0.0263,0.0,inf,1.5,1.5
30.067,0.0002,-0.0,-0.0,-3.9018,-0.0001,0.0263,0.0,inf,1.5,1.5
30.083,0.0002,-0.0,-0.0,-3.904,-0.0001,0.0263,0.0,inf,1.5,1.5
30.083,0.0002,-0.0,-0.0,-3.904,-0.0001,0.0263,0.0,inf,1.5,1.5
30.083,0.0002,-0.0,-0.0,-3.904,-0.0001,0.0263,0.0,inf,1.5,1.5
30.117,0.0002,-0.0,-0.0,-3.9083,-0.0001,0.0263,0.0,inf,1.5,1.5
30.117,0.0002,-0.0,-0.0,-3.9083,-0.0001,0.0263,0.0,inf,1.5,1.5
30.133,0.0002,-0.0,-0.0,-3.9105,-0.0001,0.0263,0.0,inf,1.5,1.5
30.133,0.0002,-0.0,-0.0,-3.9105,-0.0001,0.0263,0.0,inf,1.5,1.5
30.133,0.0002,-0.0,-0.0,-3.9105,-0.0001,0.0263,0.0,inf,1.5,1.5
30.167,0.0002,-0.0,-0.0,-3.9148,-0.0001,0.0263,0.0,inf,1.5,1.5
30.183,0.0002,-0.0,-0.0,-3.9169,-0.0001,0.0263,0.0,inf,1.5,1.5
30.183,0.0002,-0.0,-0.0,-3.9169,-0.0001,0.0263,0.0,inf,1.5,1.5
30.2,0.0002,-0.0,-0.0,-3.9191,-0.0001,0.0263,0.0,inf,1.5,1.5
30.2,0.0002,-0.0,-0.0,-3.9191,-0.0001,0.0263,0.0,inf,1.5,1.5
30.233,0.0002,-0.0,-0.0,-3.9234,-0.0001,0.0263,0.0,inf,1.5,1.5
30.233,0.0002,-0.0,-0.0,-3.9234,-0.0001,0.0263,0.0,inf,1.5,1.5
30.25,0.0002,-0.0,-0.0,-3.9256,-0.0001,0.0263,0.0,inf,1.5,1.5
30.25,0.0002,-0.0,-0.0,-3.9256,-0.0001,0.0263,0.0,inf,1.5,1.5
30.25,0.0002,-0.0,-0.0,-3.9256,-0.0001,0.0263,0.0,inf,1.5,1.5
30.283,0.0002,-0.0,-0.0,-3.9299,-0.0001,0.0263,0.0,inf,1.5,1.5
30.3,0.0002,-0.0,-0.0,-3.9321,-0.0001,0.0263,0.0,inf,1.5,1.5
30.3,0.0002,-0.0,-0.0,-3.9321,-0.0001,0.0263,0.0,inf,1.5,1.5
30.3,0.0002,-0.0,-0.0,-3.9321,-0.0001,0.0263,0.0,inf,1.5,1.5
30.333,0.0002,-0.0,-0.0,-3.9364,-0.0001,0.0263,0.0,inf,1.5,1.5
30.333,0.0002,-0.0,-0.0,-3.9364,-0.0001,0.0263,0.0,inf,1.5,1.5
30.35,0.0002,-0.0,-0.0,-3.9386,-0.0001,0.0263,0.0,inf,1.5,1.5
30.367,0.0002,-0.0,-0.0,-3.9407,-0.0001,0.0263,0.0,inf,1.5,1.5
30.367,0.0002,-0.0,-0.0,-3.9407,-0.0001,0.0263,0.0,inf,1.5,1.5
30.367,0.0002,-0.0,-0.0,-3.9407,-0.0001,0.0263,0.0,inf,1.5,1.5
30.4,0.0002,-0.0,-0.0,-3.9451,-0.0001,0.0263,0.0,inf,1.5,1.5
30.4,0.0002,-0.0,-0.0,-3.9451,-0.0001,0.0263,0.0,inf,1.5,1.5
30.4,0.0002,-0.0,-0.0,-3.9451,-0.0001,0.0263,0.0,inf,1.5,1.5
30.417,0.0002,-0.0,-0.0,-3.9472,-0.0001,0.0263,0.0,inf,1.5,1.5
30.417,0.0002,-0.0,-0.0,-3.9472,-0.0001,0.0263,0.0,inf,1.5,1.5
30.417,0.0002,-0.0,-0.0,-3.9472,-0.0001,0.0263,0.0,inf,1.5,1.5
30.45,0.0002,-0.0,-0.0,-3.9516,-0.0001,0.0263,0.0,inf,1.5,1.5
30.467,0.0002,-0.0,-0.0,-3.9537,-0.0001,0.0263,0.0,inf,1.5,1.5
30.467,0.0002,-0.0,-0.0,-3.9537,-0.0001,0.0263,0.0,inf,1.5,1.5
30.467,0.0002,-0.0,-0.0,-3.9537,-0.0001,0.0263,0.0,inf,1.5,1.5
30.5,0.0002,-0.0,-0.0,-3.958,-0.0001,0.0263,0.0,inf,1.5,1.5
30.5,0.0002,-0.0,-0.0,-3.958,-0.0001,0.0263,0.0,inf,1.5,1.5
30.517,0.0002,-0.0,-0.0,-3.9602,-0.0001,0.0263,0.0,inf,1.5,1.5
30.533,0.0002,-0.0,-0.0,-3.9624,-0.0001,0.0263,0.0,inf,1.5,1.5
30.533,0.0002,-0.0,-0.0,-3.9624,-0.0001,0.0263,0.0,inf,1.5,1.5
30.533,0.0002,-0.0,-0.0,-3.9624,-0.0001,0.0263,0.0,inf,1.5,1.5
30.567,0.0002,-0.0,-0.0,-3.9667,-0.0001,0.0263,0.0,inf,1.5,1.5
30.567,0.0002,-0.0,-0.0,-3.9667,-0.0001,0.0263,0.0,inf,1.5,1.5
30.583,0.0002,-0.0,-0.0,-3.9689,-0.0001,0.0263,0.0,inf,1.5,1.5
30.583,0.0002,-0.0,-0.0,-3.9689,-0.0001,0.0263,0.0,inf,1.5,1.5
30.583,0.0002,-0.0,-0.0,-3.9689,-0.0001,0.0263,0.0,inf,1.5,1.5
30.617,0.0002,-0.0,-0.0,-3.9732,-0.0001,0.0263,0.0,inf,1.5,1.5
30.633,0.0002,-0.0,-0.0,-3.9753,-0.0001,0.0263,0.0,inf,1.5,1.5
30.633,0.0002,-0.0,-0.0,-3.9753,-0.0001,0.0263,0.0,inf,1.5,1.5
30.633,0.0002,-0.0,-0.0,-3.9753,-0.0001,0.0263,0.0,inf,1.5,1.5
30.667,0.0002,-0.0,-0.0,-3.9797,-0.0001,0.0263,0.0,inf,1.5,1.5
30.667,0.0002,-0.0,-0.0,-3.9797,-0.0001,0.0263,0.0,inf,1.5,1.5
30.683,0.0002,-0.0,-0.0,-3.9818,-0.0001,0.0263,0.0,inf,1.5,1.5
30.7,0.0002,-0.0,-0.0,-3.984,-0.0001,0.0263,0.0,inf,1.5,1.5
30.7,0.0002,-0.0,-0.0,-3.984,-0.0001,0.0263,0.0,inf,1.5,1.5
30.7,0.0002,-0.0,-0.0,-3.984,-0.0001,0.0263,0.0,inf,1.5,1.5
30.733,0.0002,-0.0,-0.0,-3.9883,-0.0001,0.0263,0.0,inf,1.5,1.5
30.75,0.0002,-0.0,-0.0,-3.9905,-0.0001,0.0263,0.0,inf,1.5,1.5
30.75,0.0002,-0.0,-0.0,-3.9905,-0.0001,0.0263,0.0,inf,1.5,1.5
30.75,0.0002,-0.0,-0.0,-3.9905,-0.0001,0.0263,0.0,inf,1.5,1.5
30.783,0.0002,-0.0,-0.0,-3.9948,-0.0001,0.0263,0.0,inf,1.5,1.5
30.783,0.0002,-0.0,-0.0,-3.9948,-0.0001,0.0263,0.0,inf,1.5,1.5
30.8,0.0002,-0.0,-0.0,-3.997,-0.0001,0.0263,0.0,inf,1.5,1.5
30.8,0.0002,-0.0,-0.0,-3.997,-0.0001,0.0263,0.0,inf,1.5,1.5
30.8,0.0002,-0.0,-0.0,-3.997,-0.0001,0.0263,0.0,inf,1.5,1.5
30.833,0.0002,-0.0,-0.0,-4.0013,-0.0001,0.0263,0.0,inf,1.5,1.5
30.85,0.0002,-0.0,-0.0,-4.0035,-0.0001,0.0263,0.0,inf,1.5,1.5
30.85,0.0002,-0.0,-0.0,-4.0035,-0.0001,0.0263,0.0,inf,1.5,1.5
30.867,0.0002,-0.0,-0.0,-4.0056,-0.0001,0.0263,0.0,inf,1.5,1.5
30.867,0.0002,-0.0,-0.0,-4.0056,-0.0001,0.0263,0.0,inf,1.5,1.5
30.867,0.0002,-0.0,-0.0,-4.0056,-0.0001,0.0263,0.0,inf,1.5,1.5
30.9,0.0002,-0.0,-0.0,-4.01,-0.0001,0.0263,0.0,inf,1.5,1.5
30.917,0.0002,-0.0,-0.0,-4.0121,-0.0001,0.0263,0.0,inf,1.5,1.5
30.917,0.0002,-0.0,-0.0,-4.0121,-0.0001,0.0263,0.0,inf,1.5,1.5
30.917,0.0002,-0.0,-0.0,-4.0121,-0.0001,0.0263,0.0,inf,1.5,1.5
30.95,0.0002,-0.0,-0.0,-4.0164,-0.0001,0.0263,0.0,inf,1.5,1.5
30.95,0.0002,-0.0,-0.0,-4.0164,-0.0001,0.0263,0.0,inf,1.5,1.5
30.967,0.0002,-0.0,-0.0,-4.0186,-0.0001,0.0263,0.0,inf,1.5,1.5
30.967,0.0002,-0.0,-0.0,-4.0186,-0.0001,0.0263,0.0,inf,1.5,1.5
31.0,0.0002,-0.0,-0.0,-4.0229,-0.0001,0.0263,0.0,inf,1.5,1.5
31.0,0.0002,-0.0,-0.0,-4.0229,-0.0001,0.0263,0.0,inf,1.5,1.5
31.017,0.0002,-0.0,-0.0,-4.0251,-0.0001,0.0263,0.0,inf,1.5,1.5
31.033,0.0002,-0.0,-0.0,-4.0273,-0.0001,0.0263,0.0,inf,1.5,1.5
31.033,0.0002,-0.0,-0.0,-4.0273,-0.0001,0.0263,0.0,inf,1.5,1.5
31.033,0.0002,-0.0,-0.0,-4.0273,-0.0001,0.0263,0.0,inf,1.5,1.5
31.067,0.0002,-0.0,-0.0,-4.0316,-0.0001,0.0263,0.0,inf,1.5,1.5
31.067,0.0002,-0.0,-0.0,-4.0316,-0.0001,0.0263,0.0,inf,1.5,1.5
31.083,0.0002,-0.0,-0.0,-4.0337,-0.0001,0.0263,0.0,inf,1.5,1.5
31.083,0.0002,-0.0,-0.0,-4.0337,-0.0001,0.0263,0.0,inf,1.5,1.5
31.083,0.0002,-0.0,-0.0,-4.0337,-0.0001,0.0263,0.0,inf,1.5,1.5
31.117,0.0002,-0.0,-0.0,-4.0381,-0.0001,0.0263,0.0,inf,1.5,1.5
31.133,0.0002,-0.0,-0.0,-4.0402,-0.0001,0.0263,0.0,inf,1.5,1.5
31.133,0.0002,-0.0,-0.0,-4.0402,-0.0001,0.0263,0.0,inf,1.5,1.5
31.133,0.0002,-0.0,-0.0,-4.0402,-0.0001,0.0263,0.0,inf,1.5,1.5
31.167,0.0002,-0.0,-0.0,-4.0446,-0.0001,0.0263,0.0,inf,1.5,1.5
31.167,0.0002,-0.0,-0.0,-4.0446,-0.0001,0.0263,0.0,inf,1.5,1.5
31.183,0.0002,-0.0,-0.0,-4.0467,-0.0001,0.0263,0.0,inf,1.5,1.5
31.2,0.0002,-0.0,-0.0,-4.0489,-0.0001,0.0263,0.0,inf,1.5,1.5
31.2,0.0002,-0.0,-0.0,-4.0489,-0.0001,0.0263,0.0,inf,1.5,1.5
31.2,0.0002,-0.0,-0.0,-4.0489,-0.0001,0.0263,0.0,inf,1.5,1.5
31.233,0.0002,-0.0,-0.0,-4.0532,-0.0001,0.0263,0.0,inf,1.5,1.5
31.233,0.0002,-0.0,-0.0,-4.0532,-0.0001,0.0263,0.0,inf,1.5,1.5
31.25,0.0002,-0.0,-0.0,-4.0554,-0.0001,0.0263,0.0,inf,1.5,1.5
31.25,0.0002,-0.0,-0.0,-4.0554,-0.0001,0.0263,0.0,inf,1.5,1.5
31.283,0.0002,-0.0,-0.0,-4.0597,-0.0001,0.0263,0.0,inf,1.5,1.5
31.283,0.0002,-0.0,-0.0,-4.0597,-0.0001,0.0263,0.0,inf,1.5,1.5
31.3,0.0002,-0.0,-0.0,-4.0619,-0.0001,0.0263,0.0,inf,1.5,1.5
31.3,0.0002,-0.0,-0.0,-4.0619,-0.0001,0.0263,0.0,inf,1.5,1.5
31.3,0.0002,-0.0,-0.0,-4.0619,-0.0001,0.0263,0.0,inf,1.5,1.5
31.333,0.0002,-0.0,-0.0,-4.0662,-0.0001,0.0263,0.0,inf,1.5,1.5
31.333,0.0002,-0.0,-0.0,-4.0662,-0.0001,0.0263,0.0,inf,1.5,1.5
31.35,0.0002,-0.0,-0.0,-4.0684,-0.0001,0.0263,0.0,inf,1.5,1.5
31.367,0.0002,-0.0,-0.0,-4.0705,-0.0001,0.0263,0.0,inf,1.5,1.5
31.367,0.0002,-0.0,-0.0,-4.0705,-0.0001,0.0263,0.0,inf,1.5,1.5
31.367,0.0002,-0.0,-0.0,-4.0705,-0.0001,0.0263,0.0,inf,1.5,1.5
31.4,0.0002,-0.0,-0.0,-4.0748,-0.0001,0.0263,0.0,inf,1.5,1.5
31.4,0.0002,-0.0,-0.0,-4.0748,-0.0001,0.0263,0.0,inf,1.5,1.5
31.417,0.0002,-0.0,-0.0,-4.077,-0.0001,0.0263,0.0,inf,1.5,1.5
31.417,0.0002,-0.0,-0.0,-4.077,-0.0001,0.0263,0.0,inf,1.5,1.5
31.417,0.0002,-0.0,-0.0,-4.077,-0.0001,0.0263,0.0,inf,1.5,1.5
31.45,0.0002,-0.0,-0.0,-4.0813,-0.0001,0.0263,0.0,inf,1.5,1.5
31.467,0.0002,-0.0,-0.0,-4.0835,-0.0001,0.0263,0.0,inf,1.5,1.5
31.467,0.0002,-0.0,-0.0,-4.0835,-0.0001,0.0263,0.0,inf,1.5,1.5
31.467,0.0002,-0.0,-0.0,-4.0835,-0.0001,0.0263,0.0,inf,1.5,1.5
31.5,0.0002,-0.0,-0.0,-4.0878,-0.0001,0.0263,0.0,inf,1.5,1.5
31.517,0.0002,-0.0,-0.0,-4.09,-0.0001,0.0263,0.0,inf,1.5,1.5
31.517,0.0002,-0.0,-0.0,-4.09,-0.0001,0.0263,0.0,inf,1.5,1.5
31.533,0.0002,-0.0,-0.0,-4.0921,-0.0001,0.0263,0.0,inf,1.5,1.5
31.533,0.0002,-0.0,-0.0,-4.0921,-0.0001,0.0263,0.0,inf,1.5,1.5
31.533,0.0002,-0.0,-0.0,-4.0921,-0.0001,0.0263,0.0,inf,1.5,1.5
31.567,0.0002,-0.0,-0.0,-4.0965,-0.0001,0.0263,0.0,inf,1.5,1.5
31.567,0.0002,-0.0,-0.0,-4.0965,-0.0001,0.0263,0.0,inf,1.5,1.5
31.583,0.0002,-0.0,-0.0,-4.0986,-0.0001,0.0263,0.0,inf,1.5,1.5
31.583,0.0002,-0.0,-0.0,-4.0986,-0.0001,0.0263,0.0,inf,1.5,1.5
31.617,0.0002,-0.0,-0.0,-4.103,-0.0001,0.0263,0.0,inf,1.5,1.5
31.617,0.0002,-0.0,-0.0,-4.103,-0.0001,0.0263,0.0,inf,1.5,1.5
31.633,0.0002,-0.0,-0.0,-4.1051,-0.0001,0.0263,0.0,inf,1.5,1.5
31.633,0.0002,-0.0,-0.0,-4.1051,-0.0001,0.0263,0.0,inf,1.5,1.5
31.633,0.0002,-0.0,-0.0,-4.1051,-0.0001,0.0263,0.0,inf,1.5,1.5
31.667,0.0002,-0.0,-0.0,-4.1095,-0.0001,0.0263,0.0,inf,1.5,1.5
31.683,0.0002,-0.0,-0.0,-4.1116,-0.0001,0.0263,0.0,inf,1.5,1.5
31.683,0.0002,-0.0,-0.0,-4.1116,-0.0001,0.0263,0.0,inf,1.5,1.5
31.7,0.0002,-0.0,-0.0,-4.1138,-0.0,0.0263,0.0,inf,1.5,1.5
31.7,0.0002,-0.0,-0.0,-4.1138,-0.0,0.0263,0.0,inf,1.5,1.5
31.7,0.0002,-0.0,-0.0,-4.1138,-0.0,0.0263,0.0,inf,1.5,1.5
31.733,0.0002,-0.0,-0.0,-4.1181,-0.0,0.0263,0.0,inf,1.5,1.5
31.75,0.0002,-0.0,-0.0,-4.1203,-0.0,0.0263,0.0,inf,1.5,1.5
31.75,0.0002,-0.0,-0.0,-4.1203,-0.0,0.0263,0.0,inf,1.5,1.5
31.75,0.0002,-0.0,-0.0,-4.1203,-0.0,0.0263,0.0,inf,1.5,1.5
31.783,0.0002,-0.0,-0.0,-4.1246,-0.0,0.0263,0.0,inf,1.5,1.5
31.783,0.0002,-0.0,-0.0,-4.1246,-0.0,0.0263,0.0,inf,1.5,1.5
31.8,0.0002,-0.0,-0.0,-4.1268,-0.0,0.0263,0.0,inf,1.5,1.5
31.8,0.0002,-0.0,-0.0,-4.1268,-0.0,0.0263,0.0,inf,1.5,1.5
31.8,0.0002,-0.0,-0.0,-4.1268,-0.0,0.0263,0.0,inf,1.5,1.5
31.833,0.0002,-0.0,-0.0,-4.1311,-0.0,0.0263,0.0,inf,1.5,1.5
31.85,0.0002,-0.0,-0.0,-4.1332,-0.0,0.0263,0.0,inf,1.5,1.5
31.85,0.0002,-0.0,-0.0,-4.1332,-0.0,0.0263,0.0,inf,1.5,1.5
31.867,0.0002,-0.0,-0.0,-4.1354,-0.0,0.0263,0.0,inf,1.5,1.5
31.867,0.0002,-0.0,-0.0,-4.1354,-0.0,0.0263,0.0,inf,1.5,1.5
31.867,0.0002,-0.0,-0.0,-4.1354,-0.0,0.0263,0.0,inf,1.5,1.5
31.9,0.0002,-0.0,-0.0,-4.1397,-0.0,0.0263,0.0,inf,1.5,1.5
31.917,0.0002,-0.0,-0.0,-4.1419,-0.0,0.0263,0.0,inf,1.5,1.5
31.917,0.0002,-0.0,-0.0,-4.1419,-0.0,0.0263,0.0,inf,1.5,1.5
31.917,0.0002,-0.0,-0.0,-4.1419,-0.0,0.0263,0.0,inf,1.5,1.5
31.95,0.0002,-0.0,-0.0,-4.1462,-0.0,0.0263,0.0,inf,1.5,1.5
31.95,0.0002,-0.0,-0.0,-4.1462,-0.0,0.0263,0.0,inf,1.5,1.5
31.967,0.0002,-0.0,-0.0,-4.1484,-0.0,0.0263,0.0,inf,1.5,1.5
31.967,0.0002,-0.0,-0.0,-4.1484,-0.0,0.0263,0.0,inf,1.5,1.5
32.0,0.0002,-0.0,-0.0,-4.1527,-0.0,0.0263,0.0,inf,1.5,1.5
32.0,0.0002,-0.0,-0.0,-4.1527,-0.0,0.0263,0.0,inf,1.5,1.5
32.017,0.0002,-0.0,-0.0,-4.1549,-0.0,0.0263,0.0,inf,1.5,1.5
32.033,0.0002,-0.0,-0.0,-4.157,-0.0,0.0263,0.0,inf,1.5,1.5
32.033,0.0002,-0.0,-0.0,-4.157,-0.0,0.0263,0.0,inf,1.5,1.5
32.033,0.0002,-0.0,-0.0,-4.157,-0.0,0.0263,0.0,inf,1.5,1.5
32.067,0.0002,-0.0,-0.0,-4.1614,-0.0,0.0263,0.0,inf,1.5,1.5
32.067,0.0002,-0.0,-0.0,-4.1614,-0.0,0.0263,0.0,inf,1.5,1.5
32.083,0.0002,-0.0,-0.0,-4.1635,-0.0,0.0263,0.0,inf,1.5,1.5
32.083,0.0002,-0.0,-0.0,-4.1635,-0.0,0.0263,0.0,inf,1.5,1.5
32.083,0.0002,-0.0,-0.0,-4.1635,-0.0,0.0263,0.0,inf,1.5,1.5
32.117,0.0002,-0.0,-0.0,-4.1679,-0.0,0.0263,0.0,inf,1.5,1.5
32.133,0.0002,-0.0,-0.0,-4.17,-0.0,0.0263,0.0,inf,1.5,1.5
32.133,0.0002,-0.0,-0.0,-4.17,-0.0,0.0263,0.0,inf,1.5,1.5
32.133,0.0002,-0.0,-0.0,-4.17,-0.0,0.0263,0.0,inf,1.5,1.5
32.167,0.0002,-0.0,-0.0,-4.1743,-0.0,0.0263,0.0,inf,1.5,1.5
32.167,0.0002,-0.0,-0.0,-4.1743,-0.0,0.0263,0.0,inf,1.5,1.5
32.183,0.0002,-0.0,-0.0,-4.1765,-0.0,0.0263,0.0,inf,1.5,1.5
32.2,0.0002,-0.0,-0.0,-4.1787,-0.0,0.0263,0.0,inf,1.5,1.5
32.2,0.0002,-0.0,-0.0,-4.1787,-0.0,0.0263,0.0,inf,1.5,1.5
32.2,0.0002,-0.0,-0.0,-4.1787,-0.0,0.0263,0.0,inf,1.5,1.5
32.233,0.0002,-0.0,-0.0,-4.183,-0.0,0.0263,0.0,inf,1.5,1.5
32.233,0.0002,-0.0,-0.0,-4.183,-0.0,0.0263,0.0,inf,1.5,1.5
32.25,0.0002,-0.0,-0.0,-4.1852,-0.0,0.0263,0.0,inf,1.5,1.5
32.25,0.0002,-0.0,-0.0,-4.1852,-0.0,0.0263,0.0,inf,1.5,1.5
32.283,0.0002,-0.0,-0.0,-4.1895,-0.0,0.0263,0.0,inf,1.5,1.5
32.283,0.0002,-0.0,-0.0,-4.1895,-0.0,0.0263,0.0,inf,1.5,1.5
32.3,0.0002,-0.0,-0.0,-4.1916,-0.0,0.0263,0.0,inf,1.5,1.5
32.3,0.0002,-0.0,-0.0,-4.1916,-0.0,0.0263,0.0,inf,1.5,1.5
32.3,0.0002,-0.0,-0.0,-4.1916,-0.0,0.0263,0.0,inf,1.5,1.5
32.333,0.0002,-0.0,-0.0,-4.196,-0.0,0.0263,0.0,inf,1.5,1.5
32.35,0.0002,-0.0,-0.0,-4.1981,-0.0,0.0263,0.0,inf,1.5,1.5
32.35,0.0002,-0.0,-0.0,-4.1981,-0.0,0.0263,0.0,inf,1.5,1.5
32.367,0.0002,-0.0,-0.0,-4.2003,-0.0,0.0263,0.0,inf,1.5,1.5
32.367,0.0002,-0.0,-0.0,-4.2003,-0.0,0.0263,0.0,inf,1.5,1.5
32.4,0.0002,-0.0,-0.0,-4.2046,-0.0,0.0263,0.0,inf,1.5,1.5
32.4,0.0002,-0.0,-0.0,-4.2046,-0.0,0.0263,0.0,inf,1.5,1.5
32.417,0.0002,-0.0,-0.0,-4.2068,-0.0,0.0263,0.0,inf,1.5,1.5
32.417,0.0002,-0.0,-0.0,-4.2068,-0.0,0.0263,0.0,inf,1.5,1.5
32.417,0.0002,-0.0,-0.0,-4.2068,-0.0,0.0263,0.0,inf,1.5,1.5
32.45,0.0002,-0.0,-0.0,-4.2111,-0.0,0.0263,0.0,inf,1.5,1.5
32.467,0.0002,-0.0,-0.0,-4.2133,-0.0,0.0263,0.0,inf,1.5,1.5
32.467,0.0002,-0.0,-0.0,-4.2133,-0.0,0.0263,0.0,inf,1.5,1.5
32.467,0.0002,-0.0,-0.0,-4.2133,-0.0,0.0263,0.0,inf,1.5,1.5
32.5,0.0002,-0.0,-0.0,-4.2176,-0.0,0.0263,0.0,inf,1.5,1.5
32.5,0.0002,-0.0,-0.0,-4.2176,-0.0,0.0263,0.0,inf,1.5,1.5
32.517,0.0002,-0.0,-0.0,-4.2198,-0.0,0.0263,0.0,inf,1.5,1.5
32.533,0.0002,-0.0,-0.0,-4.2219,-0.0,0.0263,0.0,inf,1.5,1.5
32.533,0.0002,-0.0,-0.0,-4.2219,-0.0,0.0263,0.0,inf,1.5,1.5
32.533,0.0002,-0.0,-0.0,-4.2219,-0.0,0.0263,0.0,inf,1.5,1.5
32.567,0.0002,-0.0,-0.0,-4.2263,-0.0,0.0263,0.0,inf,1.5,1.5
32.583,0.0002,-0.0,-0.0,-4.2284,-0.0,0.0263,0.0,inf,1.5,1.5
32.583,0.0002,-0.0,-0.0,-4.2284,-0.0,0.0263,0.0,inf,1.5,1.5
32.583,0.0002,-0.0,-0.0,-4.2284,-0.0,0.0263,0.0,inf,1.5,1.5
32.617,0.0002,-0.0,-0.0,-4.2327,-0.0,0.0263,0.0,inf,1.5,1.5
32.617,0.0002,-0.0,-0.0,-4.2327,-0.0,0.0263,0.0,inf,1.5,1.5
32.633,0.0002,-0.0,-0.0,-4.2349,-0.0,0.0263,0.0,inf,1.5,1.5
32.633,0.0002,-0.0,-0.0,-4.2349,-0.0,0.0263,0.0,inf,1.5,1.5
32.633,0.0002,-0.0,-0.0,-4.2349,-0.0,0.0263,0.0,inf,1.5,1.5
32.633,0.0002,-0.0,-0.0,-4.2349,-0.0,0.0263,0.0,inf,1.5,1.5
32.667,0.0002,-0.0,-0.0,-4.2392,-0.0,0.0263,0.0,inf,1.5,1.5
32.683,0.0002,-0.0,-0.0,-4.2414,-0.0,0.0263,0.0,inf,1.5,1.5
32.683,0.0002,-0.0,-0.0,-4.2414,-0.0,0.0263,0.0,inf,1.5,1.5
32.7,0.0002,-0.0,-0.0,-4.2436,-0.0,0.0,0.0,inf,1.5,1.5
32.7,0.0002,-0.0,-0.0,-4.2436,-0.0,0.0,0.0,inf,1.5,1.5
32.7,0.0002,-0.0,-0.0,-4.2436,-0.0,0.0,0.0,inf,1.5,1.5
32.733,0.0002,-0.0,-0.0,-4.2479,-0.0,0.0,0.0,inf,1.5,1.5
32.75,0.0002,-0.0,-0.0,-4.25,-0.0,0.0,0.0,inf,1.5,1.5
32.75,0.0002,-0.0,-0.0,-4.25,-0.0,0.0,0.0,inf,1.5,1.5
32.75,0.0002,-0.0,-0.0,-4.25,-0.0,0.0,0.0,inf,1.5,1.5
32.783,0.0002,-0.0,-0.0,-4.2544,-0.0,0.0,0.0,inf,1.5,1.5
32.783,0.0002,-0.0,-0.0,-4.2544,-0.0,0.0,0.0,inf,1.5,1.5
32.8,0.0002,-0.0,-0.0,-4.2565,-0.0,0.0,0.0,inf,1.5,1.5
32.8,0.0002,-0.0,-0.0,-4.2565,-0.0,0.0,0.0,inf,1.5,1.5
32.833,0.0002,-0.0,-0.0,-4.2609,-0.0,0.0,0.0,inf,1.5,1.5
32.833,0.0002,-0.0,-0.0,-4.2609,-0.0,0.0,0.0,inf,1.5,1.5
32.85,0.0002,-0.0,-0.0,-4.263,-0.0,0.0,0.0,inf,1.5,1.5
32.85,0.0002,-0.0,-0.0,-4.263,-0.0,0.0,0.0,inf,1.5,1.5
32.867,0.0002,-0.0,-0.0,-4.2652,-0.0,0.0,0.0,inf,1.5,1.5
32.867,0.0002,-0.0,-0.0,-4.2652,-0.0,0.0,0.0,inf,1.5,1.5
32.9,0.0002,-0.0,-0.0,-4.2695,-0.0,0.0,0.0,inf,1.5,1.5
32.9,0.0002,-0.0,-0.0,-4.2695,-0.0,0.0,0.0,inf,1.5,1.5
32.917,0.0002,-0.0,-0.0,-4.2717,-0.0,0.0,0.0,inf,1.5,1.5
32.917,0.0002,-0.0,-0.0,-4.2717,-0.0,0.0,0.0,inf,1.5,1.5
32.917,0.0002,-0.0,-0.0,-4.2717,-0.0,0.0,0.0,inf,1.5,1.5
32.95,0.0002,-0.0,-0.0,-4.276,-0.0,0.0,0.0,inf,1.5,1.5
32.967,0.0002,-0.0,-0.0,-4.2781,-0.0,0.0,0.0,inf,1.5,1.5
32.967,0.0002,-0.0,-0.0,-4.2781,-0.0,0.0,0.0,inf,1.5,1.5
32.967,0.0002,-0.0,-0.0,-4.2781,-0.0,0.0,0.0,inf,1.5,1.5
33.0,0.0002,-0.0,-0.0,-4.2825,-0.0,0.0,0.0,inf,1.5,1.5
33.0,0.0002,-0.0,-0.0,-4.2825,-0.0,0.0,0.0,inf,1.5,1.5
33.017,0.0002,-0.0,-0.0,-4.2846,-0.0,0.0,0.0,inf,1.5,1.5
33.033,0.0002,-0.0,-0.0,-4.2868,-0.0,0.0,0.0,inf,1.5,1.5
33.033,0.0002,-0.0,-0.0,-4.2868,-0.0,0.0,0.0,inf,1.5,1.5
33.033,0.0002,-0.0,-0.0,-4.2868,-0.0,0.0,0.0,inf,1.5,1.5
33.067,0.0002,-0.0,-0.0,-4.2911,-0.0,0.0,0.0,inf,1.5,1.5
33.067,0.0002,-0.0,-0.0,-4.2911,-0.0,0.0,0.0,inf,1.5,1.5
33.083,0.0002,-0.0,-0.0,-4.2933,-0.0,0.0,0.0,inf,1.5,1.5
33.083,0.0002,-0.0,-0.0,-4.2933,-0.0,0.0,0.0,inf,1.5,1.5
33.117,0.0002,-0.0,-0.0,-4.2976,-0.0,0.0,0.0,inf,1.5,1.5
33.117,0.0002,-0.0,-0.0,-4.2976,-0.0,0.0,0.0,inf,1.5,1.5
33.133,0.0002,-0.0,-0.0,-4.2998,-0.0,0.0,0.0,inf,1.5,1.5
33.133,0.0002,-0.0,-0.0,-4.2998,-0.0,0.0,0.0,inf,1.5,1.5
33.133,0.0002,-0.0,-0.0,-4.2998,-0.0,0.0,0.0,inf,1.5,1.5
33.167,0.0002,-0.0,-0.0,-4.3041,-0.0,0.0,0.0,inf,1.5,1.5
33.183,0.0002,-0.0,-0.0,-4.3063,-0.0,0.0,0.0,inf,1.5,1.5
33.183,0.0002,-0.0,-0.0,-4.3063,-0.0,0.0,0.0,inf,1.5,1.5
33.2,0.0002,-0.0,-0.0,-4.3084,-0.0,0.0,0.0,inf,1.5,1.5
33.2,0.0002,-0.0,-0.0,-4.3084,-0.0,0.0,0.0,inf,1.5,1.5
33.2,0.0002,-0.0,-0.0,-4.3084,-0.0,0.0,0.0,inf,1.5,1.5
33.233,0.0002,-0.0,-0.0,-4.3127,-0.0,0.0,0.0,inf,1.5,1.5
33.25,0.0002,-0.0,-0.0,-4.3149,-0.0,0.0,0.0,inf,1.5,1.5
33.25,0.0002,-0.0,-0.0,-4.3149,-0.0,0.0,0.0,inf,1.5,1.5
33.25,0.0002,-0.0,-0.0,-4.3149,-0.0,0.0,0.0,inf,1.5,1.5
33.283,0.0002,-0.0,-0.0,-4.3192,-0.0,0.0,0.0,inf,1.5,1.5
33.3,0.0002,-0.0,-0.0,-4.3214,-0.0,0.0,0.0,inf,1.5,1.5
33.3,0.0002,-0.0,-0.0,-4.3214,-0.0,0.0,0.0,inf,1.5,1.5
33.3,0.0002,-0.0,-0.0,-4.3214,-0.0,0.0,0.0,inf,1.5,1.5
33.333,0.0002,-0.0,-0.0,-4.3257,-0.0,0.0,0.0,inf,1.5,1.5
33.333,0.0002,-0.0,-0.0,-4.3257,-0.0,0.0,0.0,inf,1.5,1.5
33.35,0.0002,-0.0,-0.0,-4.3279,-0.0,0.0,0.0,inf,1.5,1.5
33.35,0.0002,-0.0,-0.0,-4.3279,-0.0,0.0,0.0,inf,1.5,1.5
33.367,0.0002,-0.0,-0.0,-4.3301,-0.0,0.0,0.0,inf,1.5,1.5
33.367,0.0002,-0.0,-0.0,-4.3301,-0.0,0.0,0.0,inf,1.5,1.5
33.4,0.0002,-0.0,-0.0,-4.3344,-0.0,0.0,0.0,inf,1.5,1.5
33.4,0.0002,-0.0,-0.0,-4.3344,-0.0,0.0,0.0,inf,1.5,1.5
33.417,0.0002,-0.0,-0.0,-4.3365,-0.0,0.0,0.0,inf,1.5,1.5
33.417,0.0002,-0.0,-0.0,-4.3365,-0.0,0.0,0.0,inf,1.5,1.5
33.417,0.0002,-0.0,-0.0,-4.3365,-0.0,0.0,0.0,inf,1.5,1.5
33.45,0.0002,-0.0,-0.0,-4.3409,-0.0,0.0,0.0,inf,1.5,1.5
33.467,0.0002,-0.0,-0.0,-4.343,-0.0,0.0,0.0,inf,1.5,1.5
33.467,0.0002,-0.0,-0.0,-4.343,-0.0,0.0,0.0,inf,1.5,1.5
33.467,0.0002,-0.0,-0.0,-4.343,-0.0,0.0,0.0,inf,1.5,1.5
33.5,0.0002,-0.0,-0.0,-4.3474,-0.0,0.0,0.0,inf,1.5,1.5
33.5,0.0002,-0.0,-0.0,-4.3474,-0.0,0.0,0.0,inf,1.5,1.5
33.517,0.0002,-0.0,-0.0,-4.3495,-0.0,0.0,0.0,inf,1.5,1.5
33.533,0.0002,-0.0,-0.0,-4.3517,-0.0,0.0,0.0,inf,1.5,1.5
33.533,0.0002,-0.0,-0.0,-4.3517,-0.0,0.0,0.0,inf,1.5,1.5
33.533,0.0002,-0.0,-0.0,-4.3517,-0.0,0.0,0.0,inf,1.5,1.5
33.567,0.0002,-0.0,-0.0,-4.356,-0.0,0.0,0.0,inf,1.5,1.5
33.567,0.0002,-0.0,-0.0,-4.356,-0.0,0.0,0.0,inf,1.5,1.5
33.583,0.0002,-0.0,-0.0,-4.3582,-0.0,0.0,0.0,inf,1.5,1.5
33.583,0.0002,-0.0,-0.0,-4.3582,-0.0,0.0,0.0,inf,1.5,1.5
33.583,0.0002,-0.0,-0.0,-4.3582,-0.0,0.0,0.0,inf,1.5,1.5
33.583,0.0002,-0.0,-0.0,-4.3582,-0.0,0.0,0.0,inf,1.5,1.5
33.617,0.0002,-0.0,-0.0,-4.3625,-0.0,0.0,0.0,inf,1.5,1.5
33.633,0.0002,-0.0,-0.0,-4.3647,-0.0,0.0,0.0,inf,1.5,1.5
33.633,0.0002,-0.0,-0.0,-4.3647,-0.0,0.0,0.0,inf,1.5,1.5
33.633,0.0002,-0.0,-0.0,-4.3647,-0.0,0.0,0.0,inf,1.5,1.5
33.667,0.0002,-0.0,-0.0,-4.369,-0.0,0.0,0.0,inf,1.5,1.5
33.667,0.0002,-0.0,-0.0,-4.369,-0.0,0.0,0.0,inf,1.5,1.5
33.683,0.0002,-0.0,-0.0,-4.3711,-0.0,0.0,0.0,inf,1.5,1.5
33.7,0.0002,-0.0,-0.0,-4.3733,-0.0,0.0,0.0,inf,1.5,1.5
33.7,0.0002,-0.0,-0.0,-4.3733,-0.0,0.0,0.0,inf,1.5,1.5
33.7,0.0002,-0.0,-0.0,-4.3733,-0.0,0.0,0.0,inf,1.5,1.5
33.733,0.0002,-0.0,-0.0,-4.3776,-0.0,0.0,0.0,inf,1.5,1.5
33.733,0.0002,-0.0,-0.0,-4.3776,-0.0,0.0,0.0,inf,1.5,1.5
33.75,0.0002,-0.0,-0.0,-4.3798,-0.0,0.0,0.0,inf,1.5,1.5
33.75,0.0002,-0.0,-0.0,-4.3798,-0.0,0.0,0.0,inf,1.5,1.5
33.75,0.0002,-0.0,-0.0,-4.3798,-0.0,0.0,0.0,inf,1.5,1.5
33.783,0.0002,-0.0,-0.0,-4.3841,-0.0,0.0,0.0,inf,1.5,1.5
33.8,0.0002,-0.0,-0.0,-4.3863,-0.0,0.0,0.0,inf,1.5,1.5
33.8,0.0002,-0.0,-0.0,-4.3863,-0.0,0.0,0.0,inf,1.5,1.5
33.8,0.0002,-0.0,-0.0,-4.3863,-0.0,0.0,0.0,inf,1.5,1.5
33.833,0.0002,-0.0,-0.0,-4.3906,-0.0,0.0,0.0,inf,1.5,1.5
33.85,0.0002,-0.0,-0.0,-4.3928,-0.0,0.0,0.0,inf,1.5,1.5
33.85,0.0002,-0.0,-0.0,-4.3928,-0.0,0.0,0.0,inf,1.5,1.5
33.867,0.0002,-0.0,-0.0,-4.3949,-0.0,0.0,0.0,inf,1.5,1.5
33.867,0.0002,-0.0,-0.0,-4.3949,-0.0,0.0,0.0,inf,1.5,1.5
33.867,0.0002,-0.0,-0.0,-4.3949,-0.0,0.0,0.0,inf,1.5,1.5
33.9,0.0002,-0.0,-0.0,-4.3993,-0.0,0.0,0.0,inf,1.5,1.5
33.917,0.0002,-0.0,-0.0,-4.4014,-0.0,0.0,0.0,inf,1.5,1.5
33.917,0.0002,-0.0,-0.0,-4.4014,-0.0,0.0,0.0,inf,1.5,1.5
33.917,0.0002,-0.0,-0.0,-4.4014,-0.0,0.0,0.0,inf,1.5,1.5
33.95,0.0002,-0.0,-0.0,-4.4058,-0.0,0.0,0.0,inf,1.5,1.5
33.95,0.0002,-0.0,-0.0,-4.4058,-0.0,0.0,0.0,inf,1.5,1.5
33.967,0.0002,-0.0,-0.0,-4.4079,-0.0,0.0,0.0,inf,1.5,1.5
33.967,0.0002,-0.0,-0.0,-4.4079,-0.0,0.0,0.0,inf,1.5,1.5
34.0,0.0002,-0.0,-0.0,-4.4122,-0.0,0.0,0.0,inf,1.5,1.5
34.0,0.0002,-0.0,-0.0,-4.4122,-0.0,0.0,0.0,inf,1.5,1.5
34.017,0.0002,-0.0,-0.0,-4.4144,-0.0,0.0,0.0,inf,1.5,1.5
34.033,0.0002,-0.0,-0.0,-4.4166,-0.0,0.0,0.0,inf,1.5,1.5
34.033,0.0002,-0.0,-0.0,-4.4166,-0.0,0.0,0.0,inf,1.5,1.5
34.033,0.0002,-0.0,-0.0,-4.4166,-0.0,0.0,0.0,inf,1.5,1.5
34.067,0.0002,-0.0,-0.0,-4.4209,-0.0,0.0,0.0,inf,1.5,1.5
34.067,0.0002,-0.0,-0.0,-4.4209,-0.0,0.0,0.0,inf,1.5,1.5
34.083,0.0002,-0.0,-0.0,-4.4231,-0.0,0.0,0.0,inf,1.5,1.5
34.083,0.0002,-0.0,-0.0,-4.4231,-0.0,0.0,0.0,inf,1.5,1.5
34.083,0.0002,-0.0,-0.0,-4.4231,-0.0,0.0,0.0,inf,1.5,1.5
34.117,0.0002,-0.0,-0.0,-4.4274,-0.0,0.0,0.0,inf,1.5,1.5
34.133,0.0002,-0.0,-0.0,-4.4296,-0.0,0.0,0.0,inf,1.5,1.5
34.133,0.0002,-0.0,-0.0,-4.4296,-0.0,0.0,0.0,inf,1.5,1.5
34.133,0.0002,-0.0,-0.0,-4.4296,-0.0,0.0,0.0,inf,1.5,1.5
34.167,0.0002,-0.0,-0.0,-4.4339,-0.0,0.0,0.0,inf,1.5,1.5
34.183,0.0002,-0.0,-0.0,-4.436,-0.0,0.0,0.0,inf,1.5,1.5
34.183,0.0002,-0.0,-0.0,-4.436,-0.0,0.0,0.0,inf,1.5,1.5
34.2,0.0002,-0.0,-0.0,-4.4382,-0.0,0.0,0.0,inf,1.5,1.5
34.2,0.0002,-0.0,-0.0,-4.4382,-0.0,0.0,0.0,inf,1.5,1.5
34.2,0.0002,-0.0,-0.0,-4.4382,-0.0,0.0,0.0,inf,1.5,1.5
34.233,0.0002,-0.0,-0.0,-4.4425,-0.0,0.0,0.0,inf,1.5,1.5
34.25,0.0002,-0.0,-0.0,-4.4447,-0.0,0.0,0.0,inf,1.5,1.5
34.25,0.0002,-0.0,-0.0,-4.4447,-0.0,0.0,0.0,inf,1.5,1.5
34.25,0.0002,-0.0,-0.0,-4.4447,-0.0,0.0,0.0,inf,1.5,1.5
34.283,0.0002,-0.0,-0.0,-4.449,-0.0,0.0,0.0,inf,1.5,1.5
34.3,0.0002,-0.0,-0.0,-4.4512,-0.0,0.0,0.0,inf,1.5,1.5
34.3,0.0002,-0.0,-0.0,-4.4512,-0.0,0.0,0.0,inf,1.5,1.5
34.3,0.0002,-0.0,-0.0,-4.4512,-0.0,0.0,0.0,inf,1.5,1.5
34.333,0.0002,-0.0,-0.0,-4.4555,-0.0,0.0,0.0,inf,1.5,1.5
34.333,0.0002,-0.0,-0.0,-4.4555,-0.0,0.0,0.0,inf,1.5,1.5
34.35,0.0002,-0.0,-0.0,-4.4577,-0.0,0.0,0.0,inf,1.5,1.5
34.367,0.0002,-0.0,-0.0,-4.4598,-0.0,0.0,0.0,inf,1.5,1.5
34.367,0.0002,-0.0,-0.0,-4.4598,-0.0,0.0,0.0,inf,1.5,1.5
34.367,0.0002,-0.0,-0.0,-4.4598,-0.0,0.0,0.0,inf,1.5,1.5
34.4,0.0002,-0.0,-0.0,-4.4642,-0.0,0.0,0.0,inf,1.5,1.5
34.4,0.0002,-0.0,-0.0,-4.4642,-0.0,0.0,0.0,inf,1.5,1.5
34.417,0.0002,-0.0,-0.0,-4.4663,-0.0,0.0,0.0,inf,1.5,1.5
34.417,0.0002,-0.0,-0.0,-4.4663,-0.0,0.0,0.0,inf,1.5,1.5
34.45,0.0002,-0.0,-0.0,-4.4706,-0.0,0.0,0.0,inf,1.5,1.5
34.45,0.0002,-0.0,-0.0,-4.4706,-0.0,0.0,0.0,inf,1.5,1.5
34.467,0.0002,-0.0,-0.0,-4.4728,-0.0,0.0,0.0,inf,1.5,1.5
34.467,0.0002,-0.0,-0.0,-4.4728,-0.0,0.0,0.0,inf,1.5,1.5
34.467,0.0002,-0.0,-0.0,-4.4728,-0.0,0.0,0.0,inf,1.5,1.5
34.5,0.0002,-0.0,-0.0,-4.4771,-0.0,0.0,0.0,inf,1.5,1.5
34.517,0.0002,-0.0,-0.0,-4.4793,-0.0,0.0,0.0,inf,1.5,1.5
34.517,0.0002,-0.0,-0.0,-4.4793,-0.0,0.0,0.0,inf,1.5,1.5
34.533,0.0002,-0.0,-0.0,-4.4815,-0.0,0.0,0.0,inf,1.5,1.5
34.533,0.0002,-0.0,-0.0,-4.4815,-0.0,0.0,0.0,inf,1.5,1.5
34.533,0.0002,-0.0,-0.0,-4.4815,-0.0,0.0,0.0,inf,1.5,1.5
34.567,0.0002,-0.0,-0.0,-4.4858,-0.0,0.0,0.0,inf,1.5,1.5
34.583,0.0002,-0.0,-0.0,-4.488,-0.0,0.0,0.0,inf,1.5,1.5
34.583,0.0002,-0.0,-0.0,-4.488,-0.0,0.0,0.0,inf,1.5,1.5
34.583,0.0002,-0.0,-0.0,-4.488,-0.0,0.0,0.0,inf,1.5,1.5
34.617,0.0002,-0.0,-0.0,-4.4923,-0.0,0.0,0.0,inf,1.5,1.5
34.633,0.0002,-0.0,-0.0,-4.4944,-0.0,0.0,0.0,inf,1.5,1.5
34.633,0.0002,-0.0,-0.0,-4.4944,-0.0,0.0,0.0,inf,1.5,1.5
34.633,0.0002,-0.0,-0.0,-4.4944,-0.0,0.0,0.0,inf,1.5,1.5
34.667,0.0002,-0.0,-0.0,-4.4988,-0.0,0.0,0.0,inf,1.5,1.5
34.667,0.0002,-0.0,-0.0,-4.4988,-0.0,0.0,0.0,inf,1.5,1.5
34.683,0.0002,-0.0,-0.0,-4.5009,-0.0,0.0,0.0,inf,1.5,1.5
34.7,0.0002,-0.0,-0.0,-4.5031,-0.0,0.0,0.0,inf,1.5,1.5
34.7,0.0002,-0.0,-0.0,-4.5031,-0.0,0.0,0.0,inf,1.5,1.5
34.7,0.0002,-0.0,-0.0,-4.5031,-0.0,0.0,0.0,inf,1.5,1.5
34.733,0.0002,-0.0,-0.0,-4.5074,-0.0,0.0,0.0,inf,1.5,1.5
34.733,0.0002,-0.0,-0.0,-4.5074,-0.0,0.0,0.0,inf,1.5,1.5
34.75,0.0002,-0.0,-0.0,-4.5096,-0.0,0.0,0.0,inf,1.5,1.5
34.75,0.0002,-0.0,-0.0,-4.5096,-0.0,0.0,0.0,inf,1.5,1.5
34.783,0.0002,-0.0,-0.0,-4.5139,-0.0,0.0,0.0,inf,1.5,1.5
34.783,0.0002,-0.0,-0.0,-4.5139,-0.0,0.0,0.0,inf,1.5,1.5
34.8,0.0002,-0.0,-0.0,-4.5161,-0.0,0.0,0.0,inf,1.5,1.5
34.8,0.0002,-0.0,-0.0,-4.5161,-0.0,0.0,0.0,inf,1.5,1.5
34.8,0.0002,-0.0,-0.0,-4.5161,-0.0,0.0,0.0,inf,1.5,1.5
34.833,0.0002,-0.0,-0.0,-4.5204,-0.0,0.0,0.0,inf,1.5,1.5
34.85,0.0002,-0.0,-0.0,-4.5226,-0.0,0.0,0.0,inf,1.5,1.5
34.85,0.0002,-0.0,-0.0,-4.5226,-0.0,0.0,0.0,inf,1.5,1.5
34.867,0.0002,-0.0,-0.0,-4.5247,-0.0,0.0,0.0,inf,1.5,1.5
34.867,0.0002,-0.0,-0.0,-4.5247,-0.0,0.0,0.0,inf,1.5,1.5
34.867,0.0002,-0.0,-0.0,-4.5247,-0.0,0.0,0.0,inf,1.5,1.5
34.9,0.0002,-0.0,-0.0,-4.529,-0.0,0.0,0.0,inf,1.5,1.5
34.917,0.0002,-0.0,-0.0,-4.5312,-0.0,0.0,0.0,inf,1.5,1.5
34.917,0.0002,-0.0,-0.0,-4.5312,-0.0,0.0,0.0,inf,1.5,1.5
34.917,0.0002,-0.0,-0.0,-4.5312,-0.0,0.0,0.0,inf,1.5,1.5
34.95,0.0002,-0.0,-0.0,-4.5355,-0.0,0.0,0.0,inf,1.5,1.5
34.967,0.0002,-0.0,-0.0,-4.5377,-0.0,0.0,0.0,inf,1.5,1.5
34.967,0.0002,-0.0,-0.0,-4.5377,-0.0,0.0,0.0,inf,1.5,1.5
34.967,0.0002,-0.0,-0.0,-4.5377,-0.0,0.0,0.0,inf,1.5,1.5
35.0,0.0002,-0.0,-0.0,-4.542,-0.0,0.0,0.0,inf,1.5,1.5
35.0,0.0002,-0.0,-0.0,-4.542,-0.0,0.0,0.0,inf,1.5,1.5
35.017,0.0002,-0.0,-0.0,-4.5442,-0.0,0.0,0.0,inf,1.5,1.5
35.033,0.0002,-0.0,-0.0,-4.5464,-0.0,0.0,0.0,inf,1.5,1.5
35.033,0.0002,-0.0,-0.0,-4.5464,-0.0,0.0,0.0,inf,1.5,1.5
35.033,0.0002,-0.0,-0.0,-4.5464,-0.0,0.0,0.0,inf,1.5,1.5
35.067,0.0002,-0.0,-0.0,-4.5507,-0.0,0.0,0.0,inf,1.5,1.5
35.067,0.0002,-0.0,-0.0,-4.5507,-0.0,0.0,0.0,inf,1.5,1.5
35.083,0.0002,-0.0,-0.0,-4.5528,-0.0,0.0,0.0,inf,1.5,1.5
35.083,0.0002,-0.0,-0.0,-4.5528,-0.0,0.0,0.0,inf,1.5,1.5
35.083,0.0002,-0.0,-0.0,-4.5528,-0.0,0.0,0.0,inf,1.5,1.5
35.117,0.0002,-0.0,-0.0,-4.5572,-0.0,0.0,0.0,inf,1.5,1.5
35.133,0.0002,-0.0,-0.0,-4.5593,-0.0,0.0,0.0,inf,1.5,1.5
35.133,0.0002,-0.0,-0.0,-4.5593,-0.0,0.0,0.0,inf,1.5,1.5
35.133,0.0002,-0.0,-0.0,-4.5593,-0.0,0.0,0.0,inf,1.5,1.5
35.167,0.0002,-0.0,-0.0,-4.5637,-0.0,0.0,0.0,inf,1.5,1.5
35.167,0.0002,-0.0,-0.0,-4.5637,-0.0,0.0,0.0,inf,1.5,1.5
35.183,0.0002,-0.0,-0.0,-4.5658,-0.0,0.0,0.0,inf,1.5,1.5
35.2,0.0002,-0.0,-0.0,-4.568,-0.0,0.0,0.0,inf,1.5,1.5
35.2,0.0002,-0.0,-0.0,-4.568,-0.0,0.0,0.0,inf,1.5,1.5
35.2,0.0002,-0.0,-0.0,-4.568,-0.0,0.0,0.0,inf,1.5,1.5
35.233,0.0002,-0.0,-0.0,-4.5723,-0.0,0.0,0.0,inf,1.5,1.5
35.233,0.0002,-0.0,-0.0,-4.5723,-0.0,0.0,0.0,inf,1.5,1.5
35.25,0.0002,-0.0,-0.0,-4.5745,-0.0,0.0,0.0,inf,1.5,1.5
35.25,0.0002,-0.0,-0.0,-4.5745,-0.0,0.0,0.0,inf,1.5,1.5
35.25,0.0002,-0.0,-0.0,-4.5745,-0.0,0.0,0.0,inf,1.5,1.5
35.25,0.0002,-0.0,-0.0,-4.5745,-0.0,0.0,0.0,inf,1.5,1.5
35.283,0.0002,-0.0,-0.0,-4.5788,-0.0,0.0,0.0,inf,1.5,1.5
35.3,0.0002,-0.0,-0.0,-4.581,-0.0,0.0,0.0,inf,1.5,1.5
35.3,0.0002,-0.0,-0.0,-4.581,-0.0,0.0,0.0,inf,1.5,1.5
35.3,0.0002,-0.0,-0.0,-4.581,-0.0,0.0,0.0,inf,1.5,1.5
35.333,0.0002,-0.0,-0.0,-4.5853,-0.0,0.0,0.0,inf,1.5,1.5
35.333,0.0002,-0.0,-0.0,-4.5853,-0.0,0.0,0.0,inf,1.5,1.5
35.35,0.0002,-0.0,-0.0,-4.5875,-0.0,0.0,0.0,inf,1.5,1.5
35.367,0.0002,-0.0,-0.0,-4.5896,-0.0,0.0,0.0,inf,1.5,1.5
35.367,0.0002,-0.0,-0.0,-4.5896,-0.0,0.0,0.0,inf,1.5,1.5
35.367,0.0002,-0.0,-0.0,-4.5896,-0.0,0.0,0.0,inf,1.5,1.5
35.4,0.0002,-0.0,-0.0,-4.5939,-0.0,0.0,0.0,inf,1.5,1.5
35.417,0.0002,-0.0,-0.0,-4.5961,-0.0,0.0,0.0,inf,1.5,1.5
35.417,0.0002,-0.0,-0.0,-4.5961,-0.0,0.0,0.0,inf,1.5,1.5
35.417,0.0002,-0.0,-0.0,-4.5961,-0.0,0.0,0.0,inf,1.5,1.5
35.45,0.0002,-0.0,-0.0,-4.6004,-0.0,0.0,0.0,inf,1.5,1.5
35.45,0.0002,-0.0,-0.0,-4.6004,-0.0,0.0,0.0,inf,1.5,1.5
35.467,0.0002,-0.0,-0.0,-4.6026,-0.0,0.0,0.0,inf,1.5,1.5
35.467,0.0002,-0.0,-0.0,-4.6026,-0.0,0.0,0.0,inf,1.5,1.5
35.467,0.0002,-0.0,-0.0,-4.6026,-0.0,0.0,0.0,inf,1.5,1.5
35.5,0.0002,-0.0,-0.0,-4.6069,-0.0,0.0,0.0,inf,1.5,1.5
35.517,0.0002,-0.0,-0.0,-4.6091,-0.0,0.0,0.0,inf,1.5,1.5
35.517,0.0002,-0.0,-0.0,-4.6091,-0.0,0.0,0.0,inf,1.5,1.5
35.533,0.0002,-0.0,-0.0,-4.6112,-0.0,0.0,0.0,inf,1.5,1.5
35.533,0.0002,-0.0,-0.0,-4.6112,-0.0,0.0,0.0,inf,1.5,1.5
35.533,0.0002,-0.0,-0.0,-4.6112,-0.0,0.0,0.0,inf,1.5,1.5
35.567,0.0002,-0.0,-0.0,-4.6156,-0.0,0.0,0.0,inf,1.5,1.5
35.583,0.0002,-0.0,-0.0,-4.6177,-0.0,0.0,0.0,inf,1.5,1.5
35.583,0.0002,-0.0,-0.0,-4.6177,-0.0,0.0,0.0,inf,1.5,1.5
35.583,0.0002,-0.0,-0.0,-4.6177,-0.0,0.0,0.0,inf,1.5,1.5
35.617,0.0002,-0.0,-0.0,-4.6221,-0.0,0.0,0.0,inf,1.5,1.5
35.633,0.0002,-0.0,-0.0,-4.6242,-0.0,0.0,0.0,inf,1.5,1.5
35.633,0.0002,-0.0,-0.0,-4.6242,-0.0,0.0,0.0,inf,1.5,1.5
35.633,0.0002,-0.0,-0.0,-4.6242,-0.0,0.0,0.0,inf,1.5,1.5
35.667,0.0002,-0.0,-0.0,-4.6285,-0.0,0.0,0.0,inf,1.5,1.5
35.667,0.0002,-0.0,-0.0,-4.6285,-0.0,0.0,0.0,inf,1.5,1.5
35.683,0.0002,-0.0,-0.0,-4.6307,-0.0,0.0,0.0,inf,1.5,1.5
35.683,0.0002,-0.0,-0.0,-4.6307,-0.0,0.0,0.0,inf,1.5,1.5
35.7,0.0002,-0.0,-0.0,-4.6329,-0.0,0.0,0.0,inf,1.5,1.5
35.7,0.0002,-0.0,-0.0,-4.6329,-0.0,0.0,0.0,inf,1.5,1.5
35.733,0.0002,-0.0,-0.0,-4.6372,-0.0,0.0,0.0,inf,1.5,1.5
35.733,0.0002,-0.0,-0.0,-4.6372,-0.0,0.0,0.0,inf,1.5,1.5
35.75,0.0002,-0.0,-0.0,-4.6394,-0.0,0.0,0.0,inf,1.5,1.5
35.75,0.0002,-0.0,-0.0,-4.6394,-0.0,0.0,0.0,inf,1.5,1.5
35.75,0.0002,-0.0,-0.0,-4.6394,-0.0,0.0,0.0,inf,1.5,1.5
35.783,0.0002,-0.0,-0.0,-4.6437,-0.0,0.0,0.0,inf,1.5,1.5
35.8,0.0002,-0.0,-0.0,-4.6459,-0.0,0.0,0.0,inf,1.5,1.5
35.8,0.0002,-0.0,-0.0,-4.6459,-0.0,0.0,0.0,inf,1.5,1.5
35.8,0.0002,-0.0,-0.0,-4.6459,-0.0,0.0,0.0,inf,1.5,1.5
35.833,0.0002,-0.0,-0.0,-4.6502,-0.0,0.0,0.0,inf,1.5,1.5
35.833,0.0002,-0.0,-0.0,-4.6502,-0.0,0.0,0.0,inf,1.5,1.5
35.85,0.0002,-0.0,-0.0,-4.6523,-0.0,0.0,0.0,inf,1.5,1.5
35.867,0.0002,-0.0,-0.0,-4.6545,-0.0,0.0,0.0,inf,1.5,1.5
35.867,0.0002,-0.0,-0.0,-4.6545,-0.0,0.0,0.0,inf,1.5,1.5
35.867,0.0002,-0.0,-0.0,-4.6545,-0.0,0.0,0.0,inf,1.5,1.5
35.9,0.0002,-0.0,-0.0,-4.6588,-0.0,0.0,0.0,inf,1.5,1.5
35.9,0.0002,-0.0,-0.0,-4.6588,-0.0,0.0,0.0,inf,1.5,1.5
35.917,0.0002,-0.0,-0.0,-4.661,-0.0,0.0,0.0,inf,1.5,1.5
35.917,0.0002,-0.0,-0.0,-4.661,-0.0,0.0,0.0,inf,1.5,1.5
35.917,0.0002,-0.0,-0.0,-4.661,-0.0,0.0,0.0,inf,1.5,1.5
35.95,0.0002,-0.0,-0.0,-4.6653,-0.0,0.0,0.0,inf,1.5,1.5
35.967,0.0002,-0.0,-0.0,-4.6675,-0.0,0.0,0.0,inf,1.5,1.5
35.967,0.0002,-0.0,-0.0,-4.6675,-0.0,0.0,0.0,inf,1.5,1.5
35.967,0.0002,-0.0,-0.0,-4.6675,-0.0,0.0,0.0,inf,1.5,1.5
36.0,0.0002,-0.0,-0.0,-4.6718,-0.0,0.0,0.0,inf,1.5,1.5
36.017,0.0002,-0.0,-0.0,-4.674,-0.0,0.0,0.0,inf,1.5,1.5
36.017,0.0002,-0.0,-0.0,-4.674,-0.0,0.0,0.0,inf,1.5,1.5
36.033,0.0002,-0.0,-0.0,-4.6761,-0.0,0.0,0.0,inf,1.5,1.5
36.033,0.0002,-0.0,-0.0,-4.6761,-0.0,0.0,0.0,inf,1.5,1.5
36.033,0.0002,-0.0,-0.0,-4.6761,-0.0,0.0,0.0,inf,1.5,1.5
36.067,0.0002,-0.0,-0.0,-4.6805,-0.0,0.0,0.0,inf,1.5,1.5
36.083,0.0002,-0.0,-0.0,-4.6826,-0.0,0.0,0.0,inf,1.5,1.5
36.083,0.0002,-0.0,-0.0,-4.6826,-0.0,0.0,0.0,inf,1.5,1.5
36.083,0.0002,-0.0,-0.0,-4.6826,-0.0,0.0,0.0,inf,1.5,1.5
36.117,0.0002,-0.0,-0.0,-4.6869,-0.0,0.0,0.0,inf,1.5,1.5
36.117,0.0002,-0.0,-0.0,-4.6869,-0.0,0.0,0.0,inf,1.5,1.5
36.133,0.0002,-0.0,-0.0,-4.6891,-0.0,0.0,0.0,inf,1.5,1.5
36.133,0.0002,-0.0,-0.0,-4.6891,-0.0,0.0,0.0,inf,1.5,1.5
36.167,0.0002,-0.0,-0.0,-4.6934,-0.0,0.0,0.0,inf,1.5,1.5
36.167,0.0002,-0.0,-0.0,-4.6934,-0.0,0.0,0.0,inf,1.5,1.5
36.183,0.0002,-0.0,-0.0,-4.6956,-0.0,0.0,0.0,inf,1.5,1.5
36.2,0.0002,-0.0,-0.0,-4.6978,-0.0,0.0,0.0,inf,1.5,1.5
36.2,0.0002,-0.0,-0.0,-4.6978,-0.0,0.0,0.0,inf,1.5,1.5
36.2,0.0002,-0.0,-0.0,-4.6978,-0.0,0.0,0.0,inf,1.5,1.5
36.233,0.0002,-0.0,-0.0,-4.7021,-0.0,0.0,0.0,inf,1.5,1.5
36.233,0.0002,-0.0,-0.0,-4.7021,-0.0,0.0,0.0,inf,1.5,1.5
36.25,0.0002,-0.0,-0.0,-4.7043,-0.0,0.0,0.0,inf,1.5,1.5
36.25,0.0002,-0.0,-0.0,-4.7043,-0.0,0.0,0.0,inf,1.5,1.5
36.25,0.0002,-0.0,-0.0,-4.7043,-0.0,0.0,0.0,inf,1.5,1.5
36.283,0.0002,-0.0,-0.0,-4.7086,-0.0,0.0,0.0,inf,1.5,1.5
36.3,0.0002,-0.0,-0.0,-4.7107,-0.0,0.0,0.0,inf,1.5,1.5
36.3,0.0002,-0.0,-0.0,-4.7107,-0.0,0.0,0.0,inf,1.5,1.5
36.3,0.0002,-0.0,-0.0,-4.7107,-0.0,0.0,0.0,inf,1.5,1.5
36.333,0.0002,-0.0,-0.0,-4.7151,-0.0,0.0,0.0,inf,1.5,1.5
36.333,0.0002,-0.0,-0.0,-4.7151,-0.0,0.0,0.0,inf,1.5,1.5
36.35,0.0002,-0.0,-0.0,-4.7172,-0.0,0.0,0.0,inf,1.5,1.5
36.367,0.0002,-0.0,-0.0,-4.7194,-0.0,0.0,0.0,inf,1.5,1.5
36.367,0.0002,-0.0,-0.0,-4.7194,-0.0,0.0,0.0,inf,1.5,1.5
36.367,0.0002,-0.0,-0.0,-4.7194,-0.0,0.0,0.0,inf,1.5,1.5
36.4,0.0002,-0.0,-0.0,-4.7237,-0.0,0.0,0.0,inf,1.5,1.5
36.417,0.0002,-0.0,-0.0,-4.7259,-0.0,0.0,0.0,inf,1.5,1.5
36.417,0.0002,-0.0,-0.0,-4.7259,-0.0,0.0,0.0,inf,1.5,1.5
36.417,0.0002,-0.0,-0.0,-4.7259,-0.0,0.0,0.0,inf,1.5,1.5
36.45,0.0002,-0.0,-0.0,-4.7302,-0.0,0.0,0.0,inf,1.5,1.5
36.45,0.0002,-0.0,-0.0,-4.7302,-0.0,0.0,0.0,inf,1.5,1.5
36.467,0.0002,-0.0,-0.0,-4.7324,-0.0,0.0,0.0,inf,1.5,1.5
36.467,0.0002,-0.0,-0.0,-4.7324,-0.0,0.0,0.0,inf,1.5,1.5
36.467,0.0002,-0.0,-0.0,-4.7324,-0.0,0.0,0.0,inf,1.5,1.5
36.5,0.0002,-0.0,-0.0,-4.7367,-0.0,0.0,0.0,inf,1.5,1.5
36.517,0.0002,-0.0,-0.0,-4.7389,-0.0,0.0,0.0,inf,1.5,1.5
36.517,0.0002,-0.0,-0.0,-4.7389,-0.0,0.0,0.0,inf,1.5,1.5
36.533,0.0002,-0.0,-0.0,-4.741,-0.0,0.0,0.0,inf,1.5,1.5
36.533,0.0002,-0.0,-0.0,-4.741,-0.0,0.0,0.0,inf,1.5,1.5
36.567,0.0002,-0.0,-0.0,-4.7454,-0.0,0.0,0.0,inf,1.5,1.5
36.567,0.0002,-0.0,-0.0,-4.7454,-0.0,0.0,0.0,inf,1.5,1.5
36.583,0.0002,-0.0,-0.0,-4.7475,-0.0,0.0,0.0,inf,1.5,1.5
36.583,0.0002,-0.0,-0.0,-4.7475,-0.0,0.0,0.0,inf,1.5,1.5
36.583,0.0002,-0.0,-0.0,-4.7475,-0.0,0.0,0.0,inf,1.5,1.5
36.617,0.0002,-0.0,-0.0,-4.7518,-0.0,0.0,0.0,inf,1.5,1.5
36.633,0.0002,-0.0,-0.0,-4.754,-0.0,0.0,0.0,inf,1.5,1.5
36.633,0.0002,-0.0,-0.0,-4.754,-0.0,0.0,0.0,inf,1.5,1.5
36.633,0.0002,-0.0,-0.0,-4.754,-0.0,0.0,0.0,inf,1.5,1.5
36.667,0.0002,-0.0,-0.0,-4.7583,-0.0,0.0,0.0,inf,1.5,1.5
36.683,0.0002,-0.0,-0.0,-4.7605,-0.0,0.0,0.0,inf,1.5,1.5
36.683,0.0002,-0.0,-0.0,-4.7605,-0.0,0.0,0.0,inf,1.5,1.5
36.7,0.0002,-0.0,-0.0,-4.7627,-0.0,0.0,0.0,inf,1.5,1.5
36.7,0.0002,-0.0,-0.0,-4.7627,-0.0,0.0,0.0,inf,1.5,1.5
36.7,0.0002,-0.0,-0.0,-4.7627,-0.0,0.0,0.0,inf,1.5,1.5
36.733,0.0002,-0.0,-0.0,-4.767,-0.0,0.0,0.0,inf,1.5,1.5
36.75,0.0002,-0.0,-0.0,-4.7691,-0.0,0.0,0.0,inf,1.5,1.5
36.75,0.0002,-0.0,-0.0,-4.7691,-0.0,0.0,0.0,inf,1.5,1.5
36.75,0.0002,-0.0,-0.0,-4.7691,-0.0,0.0,0.0,inf,1.5,1.5
36.783,0.0002,-0.0,-0.0,-4.7735,-0.0,0.0,0.0,inf,1.5,1.5
36.783,0.0002,-0.0,-0.0,-4.7735,-0.0,0.0,0.0,inf,1.5,1.5
36.8,0.0002,-0.0,-0.0,-4.7756,-0.0,0.0,0.0,inf,1.5,1.5
36.8,0.0002,-0.0,-0.0,-4.7756,-0.0,0.0,0.0,inf,1.5,1.5
36.833,0.0002,-0.0,-0.0,-4.78,-0.0,0.0,0.0,inf,1.5,1.5
36.833,0.0002,-0.0,-0.0,-4.78,-0.0,0.0,0.0,inf,1.5,1.5
36.85,0.0002,-0.0,-0.0,-4.7821,-0.0,0.0,0.0,inf,1.5,1.5
36.867,0.0002,-0.0,-0.0,-4.7843,-0.0,0.0,0.0,inf,1.5,1.5
36.867,0.0002,-0.0,-0.0,-4.7843,-0.0,0.0,0.0,inf,1.5,1.5
36.867,0.0002,-0.0,-0.0,-4.7843,-0.0,0.0,0.0,inf,1.5,1.5
36.9,0.0002,-0.0,-0.0,-4.7886,-0.0,0.0,0.0,inf,1.5,1.5
36.9,0.0002,-0.0,-0.0,-4.7886,-0.0,0.0,0.0,inf,1.5,1.5
36.917,0.0002,-0.0,-0.0,-4.7908,-0.0,0.0,0.0,inf,1.5,1.5
36.917,0.0002,-0.0,-0.0,-4.7908,-0.0,0.0,0.0,inf,1.5,1.5
36.917,0.0002,-0.0,-0.0,-4.7908,-0.0,0.0,0.0,inf,1.5,1.5
36.95,0.0002,-0.0,-0.0,-4.7951,-0.0,0.0,0.0,inf,1.5,1.5
36.967,0.0002,-0.0,-0.0,-4.7973,-0.0,0.0,0.0,inf,1.5,1.5
36.967,0.0002,-0.0,-0.0,-4.7973,-0.0,0.0,0.0,inf,1.5,1.5
36.967,0.0002,-0.0,-0.0,-4.7973,-0.0,0.0,0.0,inf,1.5,1.5
37.0,0.0002,-0.0,-0.0,-4.8016,-0.0,0.0,0.0,inf,1.5,1.5
37.0,0.0002,-0.0,-0.0,-4.8016,-0.0,0.0,0.0,inf,1.5,1.5
37.0,0.0002,-0.0,-0.0,-4.8016,-0.0,0.0,0.0,inf,1.5,1.5
37.017,0.0002,-0.0,-0.0,-4.8038,-0.0,0.0,0.0,inf,1.5,1.5
37.033,0.0002,-0.0,-0.0,-4.8059,-0.0,0.0,0.0,inf,1.5,1.5
37.033,0.0002,-0.0,-0.0,-4.8059,-0.0,0.0,0.0,inf,1.5,1.5
37.033,0.0002,-0.0,-0.0,-4.8059,-0.0,0.0,0.0,inf,1.5,1.5
37.067,0.0002,-0.0,-0.0,-4.8102,-0.0,0.0,0.0,inf,1.5,1.5
37.067,0.0002,-0.0,-0.0,-4.8102,-0.0,0.0,0.0,inf,1.5,1.5
37.083,0.0002,-0.0,-0.0,-4.8124,-0.0,0.0,0.0,inf,1.5,1.5
37.083,0.0002,-0.0,-0.0,-4.8124,-0.0,0.0,0.0,inf,1.5,1.5
37.117,0.0002,-0.0,-0.0,-4.8167,-0.0,0.0,0.0,inf,1.5,1.5
37.117,0.0002,-0.0,-0.0,-4.8167,-0.0,0.0,0.0,inf,1.5,1.5
37.133,0.0002,-0.0,-0.0,-4.8189,-0.0,0.0,0.0,inf,1.5,1.5
37.133,0.0002,-0.0,-0.0,-4.8189,-0.0,0.0,0.0,inf,1.5,1.5
37.133,0.0002,-0.0,-0.0,-4.8189,-0.0,0.0,0.0,inf,1.5,1.5
37.167,0.0002,-0.0,-0.0,-4.8232,-0.0,0.0,0.0,inf,1.5,1.5
37.183,0.0002,-0.0,-0.0,-4.8254,-0.0,0.0,0.0,inf,1.5,1.5
37.183,0.0002,-0.0,-0.0,-4.8254,-0.0,0.0,0.0,inf,1.5,1.5
37.2,0.0002,-0.0,-0.0,-4.8275,-0.0,0.0,0.0,inf,1.5,1.5
37.2,0.0002,-0.0,-0.0,-4.8275,-0.0,0.0,0.0,inf,1.5,1.5
37.2,0.0002,-0.0,-0.0,-4.8275,-0.0,0.0,0.0,inf,1.5,1.5
37.233,0.0002,-0.0,-0.0,-4.8319,-0.0,0.0,0.0,inf,1.5,1.5
37.25,0.0002,-0.0,-0.0,-4.834,-0.0,0.0,0.0,inf,1.5,1.5
37.25,0.0002,-0.0,-0.0,-4.834,-0.0,0.0,0.0,inf,1.5,1.5
37.25,0.0002,-0.0,-0.0,-4.834,-0.0,0.0,0.0,inf,1.5,1.5
37.283,0.0002,-0.0,-0.0,-4.8384,-0.0,0.0,0.0,inf,1.5,1.5
37.283,0.0002,-0.0,-0.0,-4.8384,-0.0,0.0,0.0,inf,1.5,1.5
37.3,0.0002,-0.0,-0.0,-4.8405,-0.0,0.0,0.0,inf,1.5,1.5
37.3,0.0002,-0.0,-0.0,-4.8405,-0.0,0.0,0.0,inf,1.5,1.5
37.3,0.0002,-0.0,-0.0,-4.8405,-0.0,0.0,0.0,inf,1.5,1.5
37.333,0.0002,-0.0,-0.0,-4.8448,-0.0,0.0,0.0,inf,1.5,1.5
37.35,0.0002,-0.0,-0.0,-4.847,-0.0,0.0,0.0,inf,1.5,1.5
37.367,0.0002,-0.0,-0.0,-4.8492,-0.0,0.0,0.0,inf,1.5,1.5
37.367,0.0002,-0.0,-0.0,-4.8492,-0.0,0.0,0.0,inf,1.5,1.5
37.367,0.0002,-0.0,-0.0,-4.8492,-0.0,0.0,0.0,inf,1.5,1.5
37.4,0.0002,-0.0,-0.0,-4.8535,-0.0,0.0,0.0,inf,1.5,1.5
37.4,0.0002,-0.0,-0.0,-4.8535,-0.0,0.0,0.0,inf,1.5,1.5
37.417,0.0002,-0.0,-0.0,-4.8557,-0.0,0.0,0.0,inf,1.5,1.5
37.417,0.0002,-0.0,-0.0,-4.8557,-0.0,0.0,0.0,inf,1.5,1.5
37.417,0.0002,-0.0,-0.0,-4.8557,-0.0,0.0,0.0,inf,1.5,1.5
37.45,0.0002,-0.0,-0.0,-4.86,-0.0,0.0,0.0,inf,1.5,1.5
37.467,0.0002,-0.0,-0.0,-4.8622,-0.0,0.0,0.0,inf,1.5,1.5
37.467,0.0002,-0.0,-0.0,-4.8622,-0.0,0.0,0.0,inf,1.5,1.5
37.467,0.0002,-0.0,-0.0,-4.8622,-0.0,0.0,0.0,inf,1.5,1.5
37.5,0.0002,-0.0,-0.0,-4.8665,-0.0,0.0,0.0,inf,1.5,1.5
37.5,0.0002,-0.0,-0.0,-4.8665,-0.0,0.0,0.0,inf,1.5,1.5
37.517,0.0002,-0.0,-0.0,-4.8686,-0.0,0.0,0.0,inf,1.5,1.5
37.533,0.0002,-0.0,-0.0,-4.8708,-0.0,0.0,0.0,inf,1.5,1.5
37.533,0.0002,-0.0,-0.0,-4.8708,-0.0,0.0,0.0,inf,1.5,1.5
37.533,0.0002,-0.0,-0.0,-4.8708,-0.0,0.0,0.0,inf,1.5,1.5
37.567,0.0002,-0.0,-0.0,-4.8751,-0.0,0.0,0.0,inf,1.5,1.5
37.567,0.0002,-0.0,-0.0,-4.8751,-0.0,0.0,0.0,inf,1.5,1.5
37.583,0.0002,-0.0,-0.0,-4.8773,-0.0,0.0,0.0,inf,1.5,1.5
37.583,0.0002,-0.0,-0.0,-4.8773,-0.0,0.0,0.0,inf,1.5,1.5
37.583,0.0002,-0.0,-0.0,-4.8773,-0.0,0.0,0.0,inf,1.5,1.5
37.617,0.0002,-0.0,-0.0,-4.8816,-0.0,0.0,0.0,inf,1.5,1.5
37.633,0.0002,-0.0,-0.0,-4.8838,-0.0,0.0,0.0,inf,1.5,1.5
37.633,0.0002,-0.0,-0.0,-4.8838,-0.0,0.0,0.0,inf,1.5,1.5
37.633,0.0002,-0.0,-0.0,-4.8838,-0.0,0.0,0.0,inf,1.5,1.5
37.667,0.0002,-0.0,-0.0,-4.8881,-0.0,0.0,0.0,inf,1.5,1.5
37.683,0.0002,-0.0,-0.0,-4.8903,-0.0,0.0,0.0,inf,1.5,1.5
37.683,0.0002,-0.0,-0.0,-4.8903,-0.0,0.0,0.0,inf,1.5,1.5
37.683,0.0002,-0.0,-0.0,-4.8903,-0.0,0.0,0.0,inf,1.5,1.5
37.7,0.0002,-0.0,-0.0,-4.8924,-0.0,0.0,0.0,inf,1.5,1.5
37.7,0.0002,-0.0,-0.0,-4.8924,-0.0,0.0,0.0,inf,1.5,1.5
37.7,0.0002,-0.0,-0.0,-4.8924,-0.0,0.0,0.0,inf,1.5,1.5
37.733,0.0002,-0.0,-0.0,-4.8968,-0.0,0.0,0.0,inf,1.5,1.5
37.75,0.0002,-0.0,-0.0,-4.8989,-0.0,0.0,0.0,inf,1.5,1.5
37.75,0.0002,-0.0,-0.0,-4.8989,-0.0,0.0,0.0,inf,1.5,1.5
37.75,0.0002,-0.0,-0.0,-4.8989,-0.0,0.0,0.0,inf,1.5,1.5
37.783,0.0002,-0.0,-0.0,-4.9032,-0.0,0.0,0.0,inf,1.5,1.5
37.783,0.0002,-0.0,-0.0,-4.9032,-0.0,0.0,0.0,inf,1.5,1.5
37.8,0.0002,-0.0,-0.0,-4.9054,-0.0,0.0,0.0,inf,1.5,1.5
37.8,0.0002,-0.0,-0.0,-4.9054,-0.0,0.0,0.0,inf,1.5,1.5
37.833,0.0002,-0.0,-0.0,-4.9097,-0.0,0.0,0.0,inf,1.5,1.5
37.833,0.0002,-0.0,-0.0,-4.9097,-0.0,0.0,0.0,inf,1.5,1.5
37.85,0.0002,-0.0,-0.0,-4.9119,-0.0,0.0,0.0,inf,1.5,1.5
37.85,0.0002,-0.0,-0.0,-4.9119,-0.0,0.0,0.0,inf,1.5,1.5
37.867,0.0002,-0.0,-0.0,-4.9141,-0.0,0.0,0.0,inf,1.5,1.5
37.867,0.0002,-0.0,-0.0,-4.9141,-0.0,0.0,0.0,inf,1.5,1.5
37.9,0.0002,-0.0,-0.0,-4.9184,-0.0,0.0,0.0,inf,1.5,1.5
37.9,0.0002,-0.0,-0.0,-4.9184,-0.0,0.0,0.0,inf,1.5,1.5
37.917,0.0002,-0.0,-0.0,-4.9206,-0.0,0.0,0.0,inf,1.5,1.5
37.917,0.0002,-0.0,-0.0,-4.9206,-0.0,0.0,0.0,inf,1.5,1.5
37.917,0.0002,-0.0,-0.0,-4.9206,-0.0,0.0,0.0,inf,1.5,1.5
37.95,0.0002,-0.0,-0.0,-4.9249,-0.0,0.0,0.0,inf,1.5,1.5
37.967,0.0002,-0.0,-0.0,-4.927,-0.0,0.0,0.0,inf,1.5,1.5
37.967,0.0002,-0.0,-0.0,-4.927,-0.0,0.0,0.0,inf,1.5,1.5
37.967,0.0002,-0.0,-0.0,-4.927,-0.0,0.0,0.0,inf,1.5,1.5
38.0,0.0002,-0.0,-0.0,-4.9314,-0.0,0.0,0.0,inf,1.5,1.5
38.017,0.0002,-0.0,-0.0,-4.9335,-0.0,0.0,0.0,inf,1.5,1.5
38.017,0.0002,-0.0,-0.0,-4.9335,-0.0,0.0,0.0,inf,1.5,1.5
38.033,0.0002,-0.0,-0.0,-4.9357,-0.0,0.0,0.0,inf,1.5,1.5
38.033,0.0002,-0.0,-0.0,-4.9357,-0.0,0.0,0.0,inf,1.5,1.5
38.033,0.0002,-0.0,-0.0,-4.9357,-0.0,0.0,0.0,inf,1.5,1.5
38.067,0.0002,-0.0,-0.0,-4.94,-0.0,0.0,0.0,inf,1.5,1.5
38.083,0.0002,-0.0,-0.0,-4.9422,-0.0,0.0,0.0,inf,1.5,1.5
38.083,0.0002,-0.0,-0.0,-4.9422,-0.0,0.0,0.0,inf,1.5,1.5
38.083,0.0002,-0.0,-0.0,-4.9422,-0.0,0.0,0.0,inf,1.5,1.5
38.117,0.0002,-0.0,-0.0,-4.9465,-0.0,0.0,0.0,inf,1.5,1.5
38.117,0.0002,-0.0,-0.0,-4.9465,-0.0,0.0,0.0,inf,1.5,1.5
38.133,0.0002,-0.0,-0.0,-4.9487,-0.0,0.0,0.0,inf,1.5,1.5
38.133,0.0002,-0.0,-0.0,-4.9487,-0.0,0.0,0.0,inf,1.5,1.5
38.167,0.0002,-0.0,-0.0,-4.953,-0.0,0.0,0.0,inf,1.5,1.5
38.167,0.0002,-0.0,-0.0,-4.953,-0.0,0.0,0.0,inf,1.5,1.5
38.183,0.0002,-0.0,-0.0,-4.9552,-0.0,0.0,0.0,inf,1.5,1.5
38.183,0.0002,-0.0,-0.0,-4.9552,-0.0,0.0,0.0,inf,1.5,1.5
38.2,0.0002,-0.0,-0.0,-4.9573,-0.0,0.0,0.0,inf,1.5,1.5
38.2,0.0002,-0.0,-0.0,-4.9573,-0.0,0.0,0.0,inf,1.5,1.5
38.233,0.0002,-0.0,-0.0,-4.9617,-0.0,0.0,0.0,inf,1.5,1.5
38.233,0.0002,-0.0,-0.0,-4.9617,-0.0,0.0,0.0,inf,1.5,1.5
38.25,0.0002,-0.0,-0.0,-4.9638,-0.0,0.0,0.0,inf,1.5,1.5
38.25,0.0002,-0.0,-0.0,-4.9638,-0.0,0.0,0.0,inf,1.5,1.5
38.25,0.0002,-0.0,-0.0,-4.9638,-0.0,0.0,0.0,inf,1.5,1.5
38.283,0.0002,-0.0,-0.0,-4.9681,-0.0,0.0,0.0,inf,1.5,1.5
38.3,0.0002,-0.0,-0.0,-4.9703,-0.0,0.0,0.0,inf,1.5,1.5
38.3,0.0002,-0.0,-0.0,-4.9703,-0.0,0.0,0.0,inf,1.5,1.5
38.3,0.0002,-0.0,-0.0,-4.9703,-0.0,0.0,0.0,inf,1.5,1.5
38.333,0.0002,-0.0,-0.0,-4.9746,-0.0,0.0,0.0,inf,1.5,1.5
38.333,0.0002,-0.0,-0.0,-4.9746,-0.0,0.0,0.0,inf,1.5,1.5
38.35,0.0002,-0.0,-0.0,-4.9768,-0.0,0.0,0.0,inf,1.5,1.5
38.367,0.0002,-0.0,-0.0,-4.979,-0.0,0.0,0.0,inf,1.5,1.5
38.367,0.0002,-0.0,-0.0,-4.979,-0.0,0.0,0.0,inf,1.5,1.5
38.367,0.0002,-0.0,-0.0,-4.979,-0.0,0.0,0.0,inf,1.5,1.5
38.4,0.0002,-0.0,-0.0,-4.9833,-0.0,0.0,0.0,inf,1.5,1.5
38.4,0.0002,-0.0,-0.0,-4.9833,-0.0,0.0,0.0,inf,1.5,1.5
38.417,0.0002,-0.0,-0.0,-4.9854,-0.0,0.0,0.0,inf,1.5,1.5
38.417,0.0002,-0.0,-0.0,-4.9854,-0.0,0.0,0.0,inf,1.5,1.5
38.45,0.0002,-0.0,-0.0,-4.9898,-0.0,0.0,0.0,inf,1.5,1.5
38.45,0.0002,-0.0,-0.0,-4.9898,-0.0,0.0,0.0,inf,1.5,1.5
38.467,0.0002,-0.0,-0.0,-4.9919,-0.0,0.0,0.0,inf,1.5,1.5
38.467,0.0002,-0.0,-0.0,-4.9919,-0.0,0.0,0.0,inf,1.5,1.5
38.467,0.0002,-0.0,-0.0,-4.9919,-0.0,0.0,0.0,inf,1.5,1.5
38.5,0.0002,-0.0,-0.0,-4.9963,-0.0,0.0,0.0,inf,1.5,1.5
38.517,0.0002,-0.0,-0.0,-4.9984,-0.0,0.0,0.0,inf,1.5,1.5
38.517,0.0002,-0.0,-0.0,-4.9984,-0.0,0.0,0.0,inf,1.5,1.5
38.533,0.0002,-0.0,-0.0,-5.0006,-0.0,0.0,0.0,inf,1.5,1.5
38.533,0.0002,-0.0,-0.0,-5.0006,-0.0,0.0,0.0,inf,1.5,1.5
38.533,0.0002,-0.0,-0.0,-5.0006,-0.0,0.0,0.0,inf,1.5,1.5
38.567,0.0002,-0.0,-0.0,-5.0049,-0.0,0.0,0.0,inf,1.5,1.5
38.583,0.0002,-0.0,-0.0,-5.0071,-0.0,0.0,0.0,inf,1.5,1.5
38.583,0.0002,-0.0,-0.0,-5.0071,-0.0,0.0,0.0,inf,1.5,1.5
38.583,0.0002,-0.0,-0.0,-5.0071,-0.0,0.0,0.0,inf,1.5,1.5
38.617,0.0002,-0.0,-0.0,-5.0114,-0.0,0.0,0.0,inf,1.5,1.5
38.633,0.0002,-0.0,-0.0,-5.0136,-0.0,0.0,0.0,inf,1.5,1.5
38.633,0.0002,-0.0,-0.0,-5.0136,-0.0,0.0,0.0,inf,1.5,1.5
38.633,0.0002,-0.0,-0.0,-5.0136,-0.0,0.0,0.0,inf,1.5,1.5
38.667,0.0002,-0.0,-0.0,-5.0179,-0.0,0.0,0.0,inf,1.5,1.5
38.667,0.0002,-0.0,-0.0,-5.0179,-0.0,0.0,0.0,inf,1.5,1.5
38.683,0.0002,-0.0,-0.0,-5.0201,-0.0,0.0,0.0,inf,1.5,1.5
38.7,0.0002,-0.0,-0.0,-5.0222,-0.0,0.0,0.0,inf,1.5,1.5
38.7,0.0002,-0.0,-0.0,-5.0222,-0.0,0.0,0.0,inf,1.5,1.5
38.7,0.0002,-0.0,-0.0,-5.0222,-0.0,0.0,0.0,inf,1.5,1.5
38.733,0.0002,-0.0,-0.0,-5.0265,-0.0,0.0,0.0,inf,1.5,1.5
38.733,0.0002,-0.0,-0.0,-5.0265,-0.0,0.0,0.0,inf,1.5,1.5
38.75,0.0002,-0.0,-0.0,-5.0287,-0.0,0.0,0.0,inf,1.5,1.5
38.75,0.0002,-0.0,-0.0,-5.0287,-0.0,0.0,0.0,inf,1.5,1.5
38.75,0.0002,-0.0,-0.0,-5.0287,-0.0,0.0,0.0,inf,1.5,1.5
38.783,0.0002,-0.0,-0.0,-5.033,-0.0,0.0,0.0,inf,1.5,1.5
38.8,0.0002,-0.0,-0.0,-5.0352,-0.0,0.0,0.0,inf,1.5,1.5
38.8,0.0002,-0.0,-0.0,-5.0352,-0.0,0.0,0.0,inf,1.5,1.5
38.8,0.0002,-0.0,-0.0,-5.0352,-0.0,0.0,0.0,inf,1.5,1.5
38.833,0.0002,-0.0,-0.0,-5.0395,-0.0,0.0,0.0,inf,1.5,1.5
38.85,0.0002,-0.0,-0.0,-5.0417,-0.0,0.0,0.0,inf,1.5,1.5
38.85,0.0002,-0.0,-0.0,-5.0417,-0.0,0.0,0.0,inf,1.5,1.5
38.867,0.0002,-0.0,-0.0,-5.0438,-0.0,0.0,0.0,inf,1.5,1.5
38.867,0.0002,-0.0,-0.0,-5.0438,-0.0,0.0,0.0,inf,1.5,1.5
38.867,0.0002,-0.0,-0.0,-5.0438,-0.0,0.0,0.0,inf,1.5,1.5
38.9,0.0002,-0.0,-0.0,-5.0482,-0.0,0.0,0.0,inf,1.5,1.5
38.917,0.0002,-0.0,-0.0,-5.0503,-0.0,0.0,0.0,inf,1.5,1.5
38.917,0.0002,-0.0,-0.0,-5.0503,-0.0,0.0,0.0,inf,1.5,1.5
38.917,0.0002,-0.0,-0.0,-5.0503,-0.0,0.0,0.0,inf,1.5,1.5
38.95,0.0002,-0.0,-0.0,-5.0547,-0.0,0.0,0.0,inf,1.5,1.5
38.95,0.0002,-0.0,-0.0,-5.0547,-0.0,0.0,0.0,inf,1.5,1.5
38.967,0.0002,-0.0,-0.0,-5.0568,-0.0,0.0,0.0,inf,1.5,1.5
38.967,0.0002,-0.0,-0.0,-5.0568,-0.0,0.0,0.0,inf,1.5,1.5
38.967,0.0002,-0.0,-0.0,-5.0568,-0.0,0.0,0.0,inf,1.5,1.5
39.0,0.0002,-0.0,-0.0,-5.0611,-0.0,0.0,0.0,inf,1.5,1.5
39.017,0.0002,-0.0,-0.0,-5.0633,-0.0,0.0,0.0,inf,1.5,1.5
39.033,0.0002,-0.0,-0.0,-5.0655,-0.0,0.0,0.0,inf,1.5,1.5
39.033,0.0002,-0.0,-0.0,-5.0655,-0.0,0.0,0.0,inf,1.5,1.5
39.033,0.0002,-0.0,-0.0,-5.0655,-0.0,0.0,0.0,inf,1.5,1.5
39.067,0.0002,-0.0,-0.0,-5.0698,-0.0,0.0,0.0,inf,1.5,1.5
39.067,0.0002,-0.0,-0.0,-5.0698,-0.0,0.0,0.0,inf,1.5,1.5
39.083,0.0002,-0.0,-0.0,-5.072,-0.0,0.0,0.0,inf,1.5,1.5
39.083,0.0002,-0.0,-0.0,-5.072,-0.0,0.0,0.0,inf,1.5,1.5
39.083,0.0002,-0.0,-0.0,-5.072,-0.0,0.0,0.0,inf,1.5,1.5
39.117,0.0002,-0.0,-0.0,-5.0763,-0.0,0.0,0.0,inf,1.5,1.5
39.133,0.0002,-0.0,-0.0,-5.0785,-0.0,0.0,0.0,inf,1.5,1.5
39.133,0.0002,-0.0,-0.0,-5.0785,-0.0,0.0,0.0,inf,1.5,1.5
39.133,0.0002,-0.0,-0.0,-5.0785,-0.0,0.0,0.0,inf,1.5,1.5
39.167,0.0002,-0.0,-0.0,-5.0828,-0.0,0.0,0.0,inf,1.5,1.5
39.167,0.0002,-0.0,-0.0,-5.0828,-0.0,0.0,0.0,inf,1.5,1.5
39.183,0.0002,-0.0,-0.0,-5.0849,-0.0,0.0,0.0,inf,1.5,1.5
39.2,0.0002,-0.0,-0.0,-5.0871,-0.0,0.0,0.0,inf,1.5,1.5
39.2,0.0002,-0.0,-0.0,-5.0871,-0.0,0.0,0.0,inf,1.5,1.5
39.2,0.0002,-0.0,-0.0,-5.0871,-0.0,0.0,0.0,inf,1.5,1.5
39.233,0.0002,-0.0,-0.0,-5.0914,-0.0,0.0,0.0,inf,1.5,1.5
39.25,0.0002,-0.0,-0.0,-5.0936,-0.0,0.0,0.0,inf,1.5,1.5
39.25,0.0002,-0.0,-0.0,-5.0936,-0.0,0.0,0.0,inf,1.5,1.5
39.25,0.0002,-0.0,-0.0,-5.0936,-0.0,0.0,0.0,inf,1.5,1.5
39.283,0.0002,-0.0,-0.0,-5.0979,-0.0,0.0,0.0,inf,1.5,1.5
39.283,0.0002,-0.0,-0.0,-5.0979,-0.0,0.0,0.0,inf,1.5,1.5
39.3,0.0002,-0.0,-0.0,-5.1001,-0.0,0.0,0.0,inf,1.5,1.5
39.3,0.0002,-0.0,-0.0,-5.1001,-0.0,0.0,0.0,inf,1.5,1.5
39.3,0.0002,-0.0,-0.0,-5.1001,-0.0,0.0,0.0,inf,1.5,1.5
39.333,0.0002,-0.0,-0.0,-5.1044,-0.0,0.0,0.0,inf,1.5,1.5
39.35,0.0002,-0.0,-0.0,-5.1066,-0.0,0.0,0.0,inf,1.5,1.5
39.35,0.0002,-0.0,-0.0,-5.1066,-0.0,0.0,0.0,inf,1.5,1.5
39.367,0.0002,-0.0,-0.0,-5.1087,-0.0,0.0,0.0,inf,1.5,1.5
39.367,0.0002,-0.0,-0.0,-5.1087,-0.0,0.0,0.0,inf,1.5,1.5
39.367,0.0002,-0.0,-0.0,-5.1087,-0.0,0.0,0.0,inf,1.5,1.5
39.4,0.0002,-0.0,-0.0,-5.1131,-0.0,0.0,0.0,inf,1.5,1.5
39.417,0.0002,-0.0,-0.0,-5.1152,-0.0,0.0,0.0,inf,1.5,1.5
39.417,0.0002,-0.0,-0.0,-5.1152,-0.0,0.0,0.0,inf,1.5,1.5
39.417,0.0002,-0.0,-0.0,-5.1152,-0.0,0.0,0.0,inf,1.5,1.5
39.45,0.0002,-0.0,-0.0,-5.1196,-0.0,0.0,0.0,inf,1.5,1.5
39.467,0.0002,-0.0,-0.0,-5.1217,-0.0,0.0,0.0,inf,1.5,1.5
39.467,0.0002,-0.0,-0.0,-5.1217,-0.0,0.0,0.0,inf,1.5,1.5
39.467,0.0002,-0.0,-0.0,-5.1217,-0.0,0.0,0.0,inf,1.5,1.5
39.5,0.0002,-0.0,-0.0,-5.126,-0.0,0.0,0.0,inf,1.5,1.5
39.5,0.0002,-0.0,-0.0,-5.126,-0.0,0.0,0.0,inf,1.5,1.5
39.517,0.0002,-0.0,-0.0,-5.1282,-0.0,0.0,0.0,inf,1.5,1.5
39.533,0.0002,-0.0,-0.0,-5.1304,-0.0,0.0,0.0,inf,1.5,1.5
39.533,0.0002,-0.0,-0.0,-5.1304,-0.0,0.0,0.0,inf,1.5,1.5
39.533,0.0002,-0.0,-0.0,-5.1304,-0.0,0.0,0.0,inf,1.5,1.5
39.567,0.0002,-0.0,-0.0,-5.1347,-0.0,0.0,0.0,inf,1.5,1.5
39.567,0.0002,-0.0,-0.0,-5.1347,-0.0,0.0,0.0,inf,1.5,1.5
39.583,0.0002,-0.0,-0.0,-5.1369,-0.0,0.0,0.0,inf,1.5,1.5
39.583,0.0002,-0.0,-0.0,-5.1369,-0.0,0.0,0.0,inf,1.5,1.5
39.617,0.0002,-0.0,-0.0,-5.1412,-0.0,0.0,0.0,inf,1.5,1.5
39.617,0.0002,-0.0,-0.0,-5.1412,-0.0,0.0,0.0,inf,1.5,1.5
39.633,0.0002,-0.0,-0.0,-5.1433,-0.0,0.0,0.0,inf,1.5,1.5
39.633,0.0002,-0.0,-0.0,-5.1433,-0.0,0.0,0.0,inf,1.5,1.5
39.633,0.0002,-0.0,-0.0,-5.1433,-0.0,0.0,0.0,inf,1.5,1.5
39.667,0.0002,-0.0,-0.0,-5.1477,-0.0,0.0,0.0,inf,1.5,1.5
39.683,0.0002,-0.0,-0.0,-5.1498,-0.0,0.0,0.0,inf,1.5,1.5
39.683,0.0002,-0.0,-0.0,-5.1498,-0.0,0.0,0.0,inf,1.5,1.5
39.7,0.0002,-0.0,-0.0,-5.152,-0.0,0.0,0.0,inf,1.5,1.5
39.7,0.0002,-0.0,-0.0,-5.152,-0.0,0.0,0.0,inf,1.5,1.5
39.7,0.0002,-0.0,-0.0,-5.152,-0.0,0.0,0.0,inf,1.5,1.5
39.733,0.0002,-0.0,-0.0,-5.1563,-0.0,0.0,0.0,inf,1.5,1.5
39.75,0.0002,-0.0,-0.0,-5.1585,-0.0,0.0,0.0,inf,1.5,1.5
39.75,0.0002,-0.0,-0.0,-5.1585,-0.0,0.0,0.0,inf,1.5,1.5
39.75,0.0002,-0.0,-0.0,-5.1585,-0.0,0.0,0.0,inf,1.5,1.5
39.783,0.0002,-0.0,-0.0,-5.1628,-0.0,0.0,0.0,inf,1.5,1.5
39.783,0.0002,-0.0,-0.0,-5.1628,-0.0,0.0,0.0,inf,1.5,1.5
39.8,0.0002,-0.0,-0.0,-5.165,-0.0,0.0,0.0,inf,1.5,1.5
39.8,0.0002,-0.0,-0.0,-5.165,-0.0,0.0,0.0,inf,1.5,1.5
39.833,0.0002,-0.0,-0.0,-5.1693,-0.0,0.0,0.0,inf,1.5,1.5
39.833,0.0002,-0.0,-0.0,-5.1693,-0.0,0.0,0.0,inf,1.5,1.5
39.85,0.0002,-0.0,-0.0,-5.1715,-0.0,0.0,0.0,inf,1.5,1.5
39.867,0.0002,-0.0,-0.0,-5.1736,-0.0,0.0,0.0,inf,1.5,1.5
39.867,0.0002,-0.0,-0.0,-5.1736,-0.0,0.0,0.0,inf,1.5,1.5
39.867,0.0002,-0.0,-0.0,-5.1736,-0.0,0.0,0.0,inf,1.5,1.5
39.9,0.0002,-0.0,-0.0,-5.178,-0.0,0.0,0.0,inf,1.5,1.5
39.9,0.0002,-0.0,-0.0,-5.178,-0.0,0.0,0.0,inf,1.5,1.5
39.917,0.0002,-0.0,-0.0,-5.1801,-0.0,0.0,0.0,inf,1.5,1.5
39.917,0.0002,-0.0,-0.0,-5.1801,-0.0,0.0,0.0,inf,1.5,1.5
39.917,0.0002,-0.0,-0.0,-5.1801,-0.0,0.0,0.0,inf,1.5,1.5
39.95,0.0002,-0.0,-0.0,-5.1844,-0.0,0.0,0.0,inf,1.5,1.5
39.967,0.0002,-0.0,-0.0,-5.1866,-0.0,0.0,0.0,inf,1.5,1.5
39.967,0.0002,-0.0,-0.0,-5.1866,-0.0,0.0,0.0,inf,1.5,1.5
39.967,0.0002,-0.0,-0.0,-5.1866,-0.0,0.0,0.0,inf,1.5,1.5
40.0,0.0002,-0.0,-0.0,-5.1909,-0.0,0.0,0.0,inf,1.5,1.5
40.0,0.0002,-0.0,-0.0,-5.1909,-0.0,0.0,0.0,inf,1.5,1.5
40.017,0.0002,-0.0,-0.0,-5.1931,-0.0,0.0,0.0,inf,1.5,1.5
40.033,0.0002,-0.0,-0.0,-5.1953,-0.0,0.0,0.0,inf,1.5,1.5
40.033,0.0002,-0.0,-0.0,-5.1953,-0.0,0.0,0.0,inf,1.5,1.5
40.033,0.0002,-0.0,-0.0,-5.1953,-0.0,0.0,0.0,inf,1.5,1.5
40.067,0.0002,-0.0,-0.0,-5.1996,-0.0,0.0,0.0,inf,1.5,1.5
40.067,0.0002,-0.0,-0.0,-5.1996,-0.0,0.0,0.0,inf,1.5,1.5
40.083,0.0002,-0.0,-0.0,-5.2017,-0.0,0.0,0.0,inf,1.5,1.5
40.083,0.0002,-0.0,-0.0,-5.2017,-0.0,0.0,0.0,inf,1.5,1.5
40.083,0.0002,-0.0,-0.0,-5.2017,-0.0,0.0,0.0,inf,1.5,1.5
40.117,0.0002,-0.0,-0.0,-5.2061,-0.0,0.0,0.0,inf,1.5,1.5
40.133,0.0002,-0.0,-0.0,-5.2082,-0.0,0.0,0.0,inf,1.5,1.5
40.133,0.0002,-0.0,-0.0,-5.2082,-0.0,0.0,0.0,inf,1.5,1.5
40.133,0.0002,-0.0,-0.0,-5.2082,-0.0,0.0,0.0,inf,1.5,1.5
40.167,0.0002,-0.0,-0.0,-5.2126,-0.0,0.0,0.0,inf,1.5,1.5
40.183,0.0002,-0.0,-0.0,-5.2147,-0.0,0.0,0.0,inf,1.5,1.5
40.183,0.0002,-0.0,-0.0,-5.2147,-0.0,0.0,0.0,inf,1.5,1.5
40.2,0.0002,-0.0,-0.0,-5.2169,-0.0,0.0,0.0,inf,1.5,1.5
40.2,0.0002,-0.0,-0.0,-5.2169,-0.0,0.0,0.0,inf,1.5,1.5
40.2,0.0002,-0.0,-0.0,-5.2169,-0.0,0.0,0.0,inf,1.5,1.5
40.233,0.0002,-0.0,-0.0,-5.2212,-0.0,0.0,0.0,inf,1.5,1.5
40.25,0.0002,-0.0,-0.0,-5.2234,-0.0,0.0,0.0,inf,1.5,1.5
40.25,0.0002,-0.0,-0.0,-5.2234,-0.0,0.0,0.0,inf,1.5,1.5
40.25,0.0002,-0.0,-0.0,-5.2234,-0.0,0.0,0.0,inf,1.5,1.5
40.283,0.0002,-0.0,-0.0,-5.2277,-0.0,0.0,0.0,inf,1.5,1.5
40.3,0.0002,-0.0,-0.0,-5.2299,-0.0,0.0,0.0,inf,1.5,1.5
40.3,0.0002,-0.0,-0.0,-5.2299,-0.0,0.0,0.0,inf,1.5,1.5
40.3,0.0002,-0.0,-0.0,-5.2299,-0.0,0.0,0.0,inf,1.5,1.5
40.333,0.0002,-0.0,-0.0,-5.2342,-0.0,0.0,0.0,inf,1.5,1.5
40.333,0.0002,-0.0,-0.0,-5.2342,-0.0,0.0,0.0,inf,1.5,1.5
40.35,0.0002,-0.0,-0.0,-5.2364,-0.0,0.0,0.0,inf,1.5,1.5
40.367,0.0002,-0.0,-0.0,-5.2385,-0.0,0.0,0.0,inf,1.5,1.5
40.367,0.0002,-0.0,-0.0,-5.2385,-0.0,0.0,0.0,inf,1.5,1.5
40.367,0.0002,-0.0,-0.0,-5.2385,-0.0,0.0,0.0,inf,1.5,1.5
40.4,0.0002,-0.0,-0.0,-5.2428,-0.0,0.0,0.0,inf,1.5,1.5
40.4,0.0002,-0.0,-0.0,-5.2428,-0.0,0.0,0.0,inf,1.5,1.5
40.417,0.0002,-0.0,-0.0,-5.245,-0.0,0.0,0.0,inf,1.5,1.5
40.417,0.0002,-0.0,-0.0,-5.245,-0.0,0.0,0.0,inf,1.5,1.5
40.45,0.0002,-0.0,-0.0,-5.2493,-0.0,0.0,0.0,inf,1.5,1.5
40.45,0.0002,-0.0,-0.0,-5.2493,-0.0,0.0,0.0,inf,1.5,1.5
40.467,0.0002,-0.0,-0.0,-5.2515,-0.0,0.0,0.0,inf,1.5,1.5
40.467,0.0002,-0.0,-0.0,-5.2515,-0.0,0.0,0.0,inf,1.5,1.5
40.467,0.0002,-0.0,-0.0,-5.2515,-0.0,0.0,0.0,inf,1.5,1.5
40.5,0.0002,-0.0,-0.0,-5.2558,-0.0,0.0,0.0,inf,1.5,1.5
40.517,0.0002,-0.0,-0.0,-5.258,-0.0,0.0,0.0,inf,1.5,1.5
40.517,0.0002,-0.0,-0.0,-5.258,-0.0,0.0,0.0,inf,1.5,1.5
40.533,0.0002,-0.0,-0.0,-5.2601,-0.0,0.0,0.0,inf,1.5,1.5
40.533,0.0002,-0.0,-0.0,-5.2601,-0.0,0.0,0.0,inf,1.5,1.5
40.533,0.0002,-0.0,-0.0,-5.2601,-0.0,0.0,0.0,inf,1.5,1.5
40.567,0.0002,-0.0,-0.0,-5.2645,-0.0,0.0,0.0,inf,1.5,1.5
40.583,0.0002,-0.0,-0.0,-5.2666,-0.0,0.0,0.0,inf,1.5,1.5
40.583,0.0002,-0.0,-0.0,-5.2666,-0.0,0.0,0.0,inf,1.5,1.5
40.583,0.0002,-0.0,-0.0,-5.2666,-0.0,0.0,0.0,inf,1.5,1.5
40.617,0.0002,-0.0,-0.0,-5.271,-0.0,0.0,0.0,inf,1.5,1.5
40.633,0.0002,-0.0,-0.0,-5.2731,-0.0,0.0,0.0,inf,1.5,1.5
40.633,0.0002,-0.0,-0.0,-5.2731,-0.0,0.0,0.0,inf,1.5,1.5
40.633,0.0002,-0.0,-0.0,-5.2731,-0.0,0.0,0.0,inf,1.5,1.5
40.667,0.0002,-0.0,-0.0,-5.2775,-0.0,0.0,0.0,inf,1.5,1.5
40.667,0.0002,-0.0,-0.0,-5.2775,-0.0,0.0,0.0,inf,1.5,1.5
40.683,0.0002,-0.0,-0.0,-5.2796,-0.0,0.0,0.0,inf,1.5,1.5
40.7,0.0002,-0.0,-0.0,-5.2818,-0.0,0.0,0.0,inf,1.5,1.5
40.7,0.0002,-0.0,-0.0,-5.2818,-0.0,0.0,0.0,inf,1.5,1.5
40.7,0.0002,-0.0,-0.0,-5.2818,-0.0,0.0,0.0,inf,1.5,1.5
40.733,0.0002,-0.0,-0.0,-5.2861,-0.0,0.0,0.0,inf,1.5,1.5
40.733,0.0002,-0.0,-0.0,-5.2861,-0.0,0.0,0.0,inf,1.5,1.5
40.75,0.0002,-0.0,-0.0,-5.2883,-0.0,0.0,0.0,inf,1.5,1.5
40.75,0.0002,-0.0,-0.0,-5.2883,-0.0,0.0,0.0,inf,1.5,1.5
40.783,0.0002,-0.0,-0.0,-5.2926,-0.0,0.0,0.0,inf,1.5,1.5
40.783,0.0002,-0.0,-0.0,-5.2926,-0.0,0.0,0.0,inf,1.5,1.5
40.8,0.0002,-0.0,-0.0,-5.2948,-0.0,0.0,0.0,inf,1.5,1.5
40.8,0.0002,-0.0,-0.0,-5.2948,-0.0,0.0,0.0,inf,1.5,1.5
40.833,0.0002,-0.0,-0.0,-5.2991,-0.0,0.0,0.0,inf,1.5,1.5
40.833,0.0002,-0.0,-0.0,-5.2991,-0.0,0.0,0.0,inf,1.5,1.5
40.85,0.0002,-0.0,-0.0,-5.3012,-0.0,0.0,0.0,inf,1.5,1.5
40.85,0.0002,-0.0,-0.0,-5.3012,-0.0,0.0,0.0,inf,1.5,1.5
40.867,0.0002,-0.0,-0.0,-5.3034,-0.0,0.0,0.0,inf,1.5,1.5
40.867,0.0002,-0.0,-0.0,-5.3034,-0.0,0.0,0.0,inf,1.5,1.5
40.9,0.0002,-0.0,-0.0,-5.3077,-0.0,0.0,0.0,inf,1.5,1.5
40.9,0.0002,-0.0,-0.0,-5.3077,-0.0,0.0,0.0,inf,1.5,1.5
40.917,0.0002,-0.0,-0.0,-5.3099,-0.0,0.0,0.0,inf,1.5,1.5
40.917,0.0002,-0.0,-0.0,-5.3099,-0.0,0.0,0.0,inf,1.5,1.5
40.917,0.0002,-0.0,-0.0,-5.3099,-0.0,0.0,0.0,inf,1.5,1.5
40.95,0.0002,-0.0,-0.0,-5.3142,-0.0,0.0,0.0,inf,1.5,1.5
40.967,0.0002,-0.0,-0.0,-5.3164,-0.0,0.0,0.0,inf,1.5,1.5
40.967,0.0002,-0.0,-0.0,-5.3164,-0.0,0.0,0.0,inf,1.5,1.5
40.967,0.0002,-0.0,-0.0,-5.3164,-0.0,0.0,0.0,inf,1.5,1.5
41.0,0.0002,-0.0,-0.0,-5.3207,-0.0,0.0,0.0,inf,1.5,1.5
41.0,0.0002,-0.0,-0.0,-5.3207,-0.0,0.0,0.0,inf,1.5,1.5
41.0,0.0002,-0.0,-0.0,-5.3207,-0.0,0.0,0.0,inf,1.5,1.5
41.017,0.0002,-0.0,-0.0,-5.3229,-0.0,0.0,0.0,inf,1.5,1.5
41.033,0.0002,-0.0,-0.0,-5.325,-0.0,0.0,0.0,inf,1.5,1.5
41.033,0.0002,-0.0,-0.0,-5.325,-0.0,0.0,0.0,inf,1.5,1.5
41.033,0.0002,-0.0,-0.0,-5.325,-0.0,0.0,0.0,inf,1.5,1.5
41.067,0.0002,-0.0,-0.0,-5.3294,-0.0,0.0,0.0,inf,1.5,1.5
41.067,0.0002,-0.0,-0.0,-5.3294,-0.0,0.0,0.0,inf,1.5,1.5
41.083,0.0002,-0.0,-0.0,-5.3315,-0.0,0.0,0.0,inf,1.5,1.5
41.083,0.0002,-0.0,-0.0,-5.3315,-0.0,0.0,0.0,inf,1.5,1.5
41.117,0.0002,-0.0,-0.0,-5.3359,-0.0,0.0,0.0,inf,1.5,1.5
41.117,0.0002,-0.0,-0.0,-5.3359,-0.0,0.0,0.0,inf,1.5,1.5
41.133,0.0002,-0.0,-0.0,-5.338,-0.0,0.0,0.0,inf,1.5,1.5
41.133,0.0002,-0.0,-0.0,-5.338,-0.0,0.0,0.0,inf,1.5,1.5
41.133,0.0002,-0.0,-0.0,-5.338,-0.0,0.0,0.0,inf,1.5,1.5
41.167,0.0002,-0.0,-0.0,-5.3423,-0.0,0.0,0.0,inf,1.5,1.5
41.183,0.0002,-0.0,-0.0,-5.3445,-0.0,0.0,0.0,inf,1.5,1.5
41.183,0.0002,-0.0,-0.0,-5.3445,-0.0,0.0,0.0,inf,1.5,1.5
41.2,0.0002,-0.0,-0.0,-5.3467,-0.0,0.0,0.0,inf,1.5,1.5
41.2,0.0002,-0.0,-0.0,-5.3467,-0.0,0.0,0.0,inf,1.5,1.5
41.233,0.0002,-0.0,-0.0,-5.351,-0.0,0.0,0.0,inf,1.5,1.5
41.233,0.0002,-0.0,-0.0,-5.351,-0.0,0.0,0.0,inf,1.5,1.5
41.25,0.0002,-0.0,-0.0,-5.3532,-0.0,0.0,0.0,inf,1.5,1.5
41.25,0.0002,-0.0,-0.0,-5.3532,-0.0,0.0,0.0,inf,1.5,1.5
41.25,0.0002,-0.0,-0.0,-5.3532,-0.0,0.0,0.0,inf,1.5,1.5
41.283,0.0002,-0.0,-0.0,-5.3575,-0.0,0.0,0.0,inf,1.5,1.5
41.3,0.0002,-0.0,-0.0,-5.3596,-0.0,0.0,0.0,inf,1.5,1.5
41.3,0.0002,-0.0,-0.0,-5.3596,-0.0,0.0,0.0,inf,1.5,1.5
41.3,0.0002,-0.0,-0.0,-5.3596,-0.0,0.0,0.0,inf,1.5,1.5
41.333,0.0002,-0.0,-0.0,-5.364,-0.0,0.0,0.0,inf,1.5,1.5
41.333,0.0002,-0.0,-0.0,-5.364,-0.0,0.0,0.0,inf,1.5,1.5
41.35,0.0002,-0.0,-0.0,-5.3661,-0.0,0.0,0.0,inf,1.5,1.5
41.35,0.0002,-0.0,-0.0,-5.3661,-0.0,0.0,0.0,inf,1.5,1.5
41.35,0.0002,-0.0,-0.0,-5.3661,-0.0,0.0,0.0,inf,1.5,1.5
41.367,0.0002,-0.0,-0.0,-5.3683,-0.0,0.0,0.0,inf,1.5,1.5
41.367,0.0002,-0.0,-0.0,-5.3683,-0.0,0.0,0.0,inf,1.5,1.5
41.4,0.0002,-0.0,-0.0,-5.3726,-0.0,0.0,0.0,inf,1.5,1.5
41.4,0.0002,-0.0,-0.0,-5.3726,-0.0,0.0,0.0,inf,1.5,1.5
41.417,0.0002,-0.0,-0.0,-5.3748,-0.0,0.0,0.0,inf,1.5,1.5
41.417,0.0002,-0.0,-0.0,-5.3748,-0.0,0.0,0.0,inf,1.5,1.5
41.417,0.0002,-0.0,-0.0,-5.3748,-0.0,0.0,0.0,inf,1.5,1.5
41.45,0.0002,-0.0,-0.0,-5.3791,-0.0,0.0,0.0,inf,1.5,1.5
41.467,0.0002,-0.0,-0.0,-5.3813,-0.0,0.0,0.0,inf,1.5,1.5
41.467,0.0002,-0.0,-0.0,-5.3813,-0.0,0.0,0.0,inf,1.5,1.5
41.467,0.0002,-0.0,-0.0,-5.3813,-0.0,0.0,0.0,inf,1.5,1.5
41.5,0.0002,-0.0,-0.0,-5.3856,-0.0,0.0,0.0,inf,1.5,1.5
41.5,0.0002,-0.0,-0.0,-5.3856,-0.0,0.0,0.0,inf,1.5,1.5
41.517,0.0002,-0.0,-0.0,-5.3878,-0.0,0.0,0.0,inf,1.5,1.5
41.533,0.0002,-0.0,-0.0,-5.3899,-0.0,0.0,0.0,inf,1.5,1.5
41.533,0.0002,-0.0,-0.0,-5.3899,-0.0,0.0,0.0,inf,1.5,1.5
41.533,0.0002,-0.0,-0.0,-5.3899,-0.0,0.0,0.0,inf,1.5,1.5
41.533,0.0002,-0.0,-0.0,-5.3899,-0.0,0.0,0.0,inf,1.5,1.5
41.567,0.0002,-0.0,-0.0,-5.3943,-0.0,0.0,0.0,inf,1.5,1.5
41.567,0.0002,-0.0,-0.0,-5.3943,-0.0,0.0,0.0,inf,1.5,1.5
41.583,0.0002,-0.0,-0.0,-5.3964,-0.0,0.0,0.0,inf,1.5,1.5
41.583,0.0002,-0.0,-0.0,-5.3964,-0.0,0.0,0.0,inf,1.5,1.5
41.583,0.0002,-0.0,-0.0,-5.3964,-0.0,0.0,0.0,inf,1.5,1.5
41.617,0.0002,-0.0,-0.0,-5.4007,-0.0,0.0,0.0,inf,1.5,1.5
41.633,0.0002,-0.0,-0.0,-5.4029,-0.0,0.0,0.0,inf,1.5,1.5
41.633,0.0002,-0.0,-0.0,-5.4029,-0.0,0.0,0.0,inf,1.5,1.5
41.633,0.0002,-0.0,-0.0,-5.4029,-0.0,0.0,0.0,inf,1.5,1.5
41.667,0.0002,-0.0,-0.0,-5.4072,-0.0,0.0,0.0,inf,1.5,1.5
41.667,0.0002,-0.0,-0.0,-5.4072,-0.0,0.0,0.0,inf,1.5,1.5
41.683,0.0002,-0.0,-0.0,-5.4094,-0.0,0.0,0.0,inf,1.5,1.5
41.7,0.0002,-0.0,-0.0,-5.4116,-0.0,0.0,0.0,inf,1.5,1.5
41.7,0.0002,-0.0,-0.0,-5.4116,-0.0,0.0,0.0,inf,1.5,1.5
41.7,0.0002,-0.0,-0.0,-5.4116,-0.0,0.0,0.0,inf,1.5,1.5
41.733,0.0002,-0.0,-0.0,-5.4159,-0.0,0.0,0.0,inf,1.5,1.5
41.733,0.0002,-0.0,-0.0,-5.4159,-0.0,0.0,0.0,inf,1.5,1.5
41.75,0.0002,-0.0,-0.0,-5.418,-0.0,0.0,0.0,inf,1.5,1.5
41.75,0.0002,-0.0,-0.0,-5.418,-0.0,0.0,0.0,inf,1.5,1.5
41.783,0.0002,-0.0,-0.0,-5.4224,-0.0,0.0,0.0,inf,1.5,1.5
41.783,0.0002,-0.0,-0.0,-5.4224,-0.0,0.0,0.0,inf,1.5,1.5
41.8,0.0002,-0.0,-0.0,-5.4245,-0.0,0.0,0.0,inf,1.5,1.5
41.8,0.0002,-0.0,-0.0,-5.4245,-0.0,0.0,0.0,inf,1.5,1.5
41.8,0.0002,-0.0,-0.0,-5.4245,-0.0,0.0,0.0,inf,1.5,1.5
41.833,0.0002,-0.0,-0.0,-5.4289,-0.0,0.0,0.0,inf,1.5,1.5
41.85,0.0002,-0.0,-0.0,-5.431,-0.0,0.0,0.0,inf,1.5,1.5
41.85,0.0002,-0.0,-0.0,-5.431,-0.0,0.0,0.0,inf,1.5,1.5
41.867,0.0002,-0.0,-0.0,-5.4332,-0.0,0.0,0.0,inf,1.5,1.5
41.867,0.0002,-0.0,-0.0,-5.4332,-0.0,0.0,0.0,inf,1.5,1.5
41.867,0.0002,-0.0,-0.0,-5.4332,-0.0,0.0,0.0,inf,1.5,1.5
41.9,0.0002,-0.0,-0.0,-5.4375,-0.0,0.0,0.0,inf,1.5,1.5
41.917,0.0002,-0.0,-0.0,-5.4397,-0.0,0.0,0.0,inf,1.5,1.5
41.917,0.0002,-0.0,-0.0,-5.4397,-0.0,0.0,0.0,inf,1.5,1.5
41.917,0.0002,-0.0,-0.0,-5.4397,-0.0,0.0,0.0,inf,1.5,1.5
41.95,0.0002,-0.0,-0.0,-5.444,-0.0,0.0,0.0,inf,1.5,1.5
41.95,0.0002,-0.0,-0.0,-5.444,-0.0,0.0,0.0,inf,1.5,1.5
41.967,0.0002,-0.0,-0.0,-5.4462,-0.0,0.0,0.0,inf,1.5,1.5
41.967,0.0002,-0.0,-0.0,-5.4462,-0.0,0.0,0.0,inf,1.5,1.5
42.0,0.0002,-0.0,-0.0,-5.4505,-0.0,0.0,0.0,inf,1.5,1.5
42.0,0.0002,-0.0,-0.0,-5.4505,-0.0,0.0,0.0,inf,1.5,1.5
42.017,0.0002,-0.0,-0.0,-5.4527,-0.0,0.0,0.0,inf,1.5,1.5
42.033,0.0002,-0.0,-0.0,-5.4548,-0.0,0.0,0.0,inf,1.5,1.5
42.033,0.0002,-0.0,-0.0,-5.4548,-0.0,0.0,0.0,inf,1.5,1.5
42.033,0.0002,-0.0,-0.0,-5.4548,-0.0,0.0,0.0,inf,1.5,1.5
42.067,0.0002,-0.0,-0.0,-5.4591,-0.0,0.0,0.0,inf,1.5,1.5
42.067,0.0002,-0.0,-0.0,-5.4591,-0.0,0.0,0.0,inf,1.5,1.5
42.083,0.0002,-0.0,-0.0,-5.4613,-0.0,0.0,0.0,inf,1.5,1.5
42.083,0.0002,-0.0,-0.0,-5.4613,-0.0,0.0,0.0,inf,1.5,1.5
42.083,0.0002,-0.0,-0.0,-5.4613,-0.0,0.0,0.0,inf,1.5,1.5
42.117,0.0002,-0.0,-0.0,-5.4656,-0.0,0.0,0.0,inf,1.5,1.5
42.133,0.0002,-0.0,-0.0,-5.4678,-0.0,0.0,0.0,inf,1.5,1.5
42.133,0.0002,-0.0,-0.0,-5.4678,-0.0,0.0,0.0,inf,1.5,1.5
42.133,0.0002,-0.0,-0.0,-5.4678,-0.0,0.0,0.0,inf,1.5,1.5
42.167,0.0002,-0.0,-0.0,-5.4721,-0.0,0.0,0.0,inf,1.5,1.5
42.183,0.0002,-0.0,-0.0,-5.4743,-0.0,0.0,0.0,inf,1.5,1.5
42.183,0.0002,-0.0,-0.0,-5.4743,-0.0,0.0,0.0,inf,1.5,1.5
42.2,0.0002,-0.0,-0.0,-5.4764,-0.0,0.0,0.0,inf,1.5,1.5
42.2,0.0002,-0.0,-0.0,-5.4764,-0.0,0.0,0.0,inf,1.5,1.5
42.2,0.0002,-0.0,-0.0,-5.4764,-0.0,0.0,0.0,inf,1.5,1.5
42.233,0.0002,-0.0,-0.0,-5.4808,-0.0,0.0,0.0,inf,1.5,1.5
42.25,0.0002,-0.0,-0.0,-5.4829,-0.0,0.0,0.0,inf,1.5,1.5
42.25,0.0002,-0.0,-0.0,-5.4829,-0.0,0.0,0.0,inf,1.5,1.5
42.25,0.0002,-0.0,-0.0,-5.4829,-0.0,0.0,0.0,inf,1.5,1.5
42.283,0.0002,-0.0,-0.0,-5.4873,-0.0,0.0,0.0,inf,1.5,1.5
42.283,0.0002,-0.0,-0.0,-5.4873,-0.0,0.0,0.0,inf,1.5,1.5
42.3,0.0002,-0.0,-0.0,-5.4894,-0.0,0.0,0.0,inf,1.5,1.5
42.3,0.0002,-0.0,-0.0,-5.4894,-0.0,0.0,0.0,inf,1.5,1.5
42.3,0.0002,-0.0,-0.0,-5.4894,-0.0,0.0,0.0,inf,1.5,1.5
42.333,0.0002,-0.0,-0.0,-5.4938,-0.0,0.0,0.0,inf,1.5,1.5
42.35,0.0002,-0.0,-0.0,-5.4959,-0.0,0.0,0.0,inf,1.5,1.5
42.35,0.0002,-0.0,-0.0,-5.4959,-0.0,0.0,0.0,inf,1.5,1.5
42.367,0.0002,-0.0,-0.0,-5.4981,-0.0,0.0,0.0,inf,1.5,1.5
42.367,0.0002,-0.0,-0.0,-5.4981,-0.0,0.0,0.0,inf,1.5,1.5
42.367,0.0002,-0.0,-0.0,-5.4981,-0.0,0.0,0.0,inf,1.5,1.5
42.4,0.0002,-0.0,-0.0,-5.5024,-0.0,0.0,0.0,inf,1.5,1.5
42.417,0.0002,-0.0,-0.0,-5.5046,-0.0,0.0,0.0,inf,1.5,1.5
42.417,0.0002,-0.0,-0.0,-5.5046,-0.0,0.0,0.0,inf,1.5,1.5
42.417,0.0002,-0.0,-0.0,-5.5046,-0.0,0.0,0.0,inf,1.5,1.5
42.45,0.0002,-0.0,-0.0,-5.5089,-0.0,0.0,0.0,inf,1.5,1.5
42.45,0.0002,-0.0,-0.0,-5.5089,-0.0,0.0,0.0,inf,1.5,1.5
42.467,0.0002,-0.0,-0.0,-5.5111,-0.0,0.0,0.0,inf,1.5,1.5
42.467,0.0002,-0.0,-0.0,-5.5111,-0.0,0.0,0.0,inf,1.5,1.5
42.5,0.0002,-0.0,-0.0,-5.5154,-0.0,0.0,0.0,inf,1.5,1.5
42.5,0.0002,-0.0,-0.0,-5.5154,-0.0,0.0,0.0,inf,1.5,1.5
42.517,0.0002,-0.0,-0.0,-5.5175,-0.0,0.0,0.0,inf,1.5,1.5
42.533,0.0002,-0.0,-0.0,-5.5197,-0.0,0.0,0.0,inf,1.5,1.5
42.533,0.0002,-0.0,-0.0,-5.5197,-0.0,0.0,0.0,inf,1.5,1.5
42.533,0.0002,-0.0,-0.0,-5.5197,-0.0,0.0,0.0,inf,1.5,1.5
42.533,0.0002,-0.0,-0.0,-5.5197,-0.0,0.0,0.0,inf,1.5,1.5
42.533,0.0002,-0.0,-0.0,-5.5197,-0.0,0.0,0.0,inf,1.5,1.5
42.567,0.0002,-0.0,-0.0,-5.524,-0.0,0.0,0.0,inf,1.5,1.5
42.583,0.0002,-0.0,-0.0,-5.5262,-0.0,0.0,0.0,inf,1.5,1.5
42.583,0.0002,-0.0,-0.0,-5.5262,-0.0,0.0,0.0,inf,1.5,1.5
42.583,0.0002,-0.0,-0.0,-5.5262,-0.0,0.0,0.0,inf,1.5,1.5
42.617,0.0002,-0.0,-0.0,-5.5305,-0.0,0.0,0.0,inf,1.5,1.5
42.633,0.0002,-0.0,-0.0,-5.5327,-0.0,0.0,0.0,inf,1.5,1.5
42.633,0.0002,-0.0,-0.0,-5.5327,-0.0,0.0,0.0,inf,1.5,1.5
42.633,0.0002,-0.0,-0.0,-5.5327,-0.0,0.0,0.0,inf,1.5,1.5
42.667,0.0002,-0.0,-0.0,-5.537,-0.0,0.0,0.0,inf,1.5,1.5
42.667,0.0002,-0.0,-0.0,-5.537,-0.0,0.0,0.0,inf,1.5,1.5
42.683,0.0002,-0.0,-0.0,-5.5392,-0.0,0.0,0.0,inf,1.5,1.5
42.7,0.0002,-0.0,-0.0,-5.5413,-0.0,0.0,0.0,inf,1.5,1.5
42.7,0.0002,-0.0,-0.0,-5.5413,-0.0,0.0,0.0,inf,1.5,1.5
42.7,0.0002,-0.0,-0.0,-5.5413,-0.0,0.0,0.0,inf,1.5,1.5
42.733,0.0002,-0.0,-0.0,-5.5457,-0.0,0.0,0.0,inf,1.5,1.5
42.733,0.0002,-0.0,-0.0,-5.5457,-0.0,0.0,0.0,inf,1.5,1.5
42.75,0.0002,-0.0,-0.0,-5.5478,-0.0,0.0,0.0,inf,1.5,1.5
42.75,0.0002,-0.0,-0.0,-5.5478,-0.0,0.0,0.0,inf,1.5,1.5
42.75,0.0002,-0.0,-0.0,-5.5478,-0.0,0.0,0.0,inf,1.5,1.5
42.783,0.0002,-0.0,-0.0,-5.5522,-0.0,0.0,0.0,inf,1.5,1.5
42.8,0.0002,-0.0,-0.0,-5.5543,-0.0,0.0,0.0,inf,1.5,1.5
42.8,0.0002,-0.0,-0.0,-5.5543,-0.0,0.0,0.0,inf,1.5,1.5
42.8,0.0002,-0.0,-0.0,-5.5543,-0.0,0.0,0.0,inf,1.5,1.5
42.8,0.0002,-0.0,-0.0,-5.5543,-0.0,0.0,0.0,inf,1.5,1.5
42.833,0.0002,-0.0,-0.0,-5.5586,-0.0,0.0,0.0,inf,1.5,1.5
42.833,0.0002,-0.0,-0.0,-5.5586,-0.0,0.0,0.0,inf,1.5,1.5
42.85,0.0002,-0.0,-0.0,-5.5608,-0.0,0.0,0.0,inf,1.5,1.5
42.867,0.0002,-0.0,-0.0,-5.563,-0.0,0.0,0.0,inf,1.5,1.5
42.867,0.0002,-0.0,-0.0,-5.563,-0.0,0.0,0.0,inf,1.5,1.5
42.867,0.0002,-0.0,-0.0,-5.563,-0.0,0.0,0.0,inf,1.5,1.5
42.9,0.0002,-0.0,-0.0,-5.5673,-0.0,0.0,0.0,inf,1.5,1.5
42.9,0.0002,-0.0,-0.0,-5.5673,-0.0,0.0,0.0,inf,1.5,1.5
42.917,0.0002,-0.0,-0.0,-5.5695,-0.0,0.0,0.0,inf,1.5,1.5
42.917,0.0002,-0.0,-0.0,-5.5695,-0.0,0.0,0.0,inf,1.5,1.5
42.917,0.0002,-0.0,-0.0,-5.5695,-0.0,0.0,0.0,inf,1.5,1.5
42.95,0.0002,-0.0,-0.0,-5.5738,-0.0,0.0,0.0,inf,1.5,1.5
42.967,0.0002,-0.0,-0.0,-5.5759,-0.0,0.0,0.0,inf,1.5,1.5
42.967,0.0002,-0.0,-0.0,-5.5759,-0.0,0.0,0.0,inf,1.5,1.5
42.967,0.0002,-0.0,-0.0,-5.5759,-0.0,0.0,0.0,inf,1.5,1.5
43.0,0.0002,-0.0,-0.0,-5.5803,-0.0,0.0,0.0,inf,1.5,1.5
43.0,0.0002,-0.0,-0.0,-5.5803,-0.0,0.0,0.0,inf,1.5,1.5
43.017,0.0002,-0.0,-0.0,-5.5824,-0.0,0.0,0.0,inf,1.5,1.5
43.033,0.0002,-0.0,-0.0,-5.5846,-0.0,0.0,0.0,inf,1.5,1.5
43.033,0.0002,-0.0,-0.0,-5.5846,-0.0,0.0,0.0,inf,1.5,1.5
43.033,0.0002,-0.0,-0.0,-5.5846,-0.0,0.0,0.0,inf,1.5,1.5
43.067,0.0002,-0.0,-0.0,-5.5889,-0.0,0.0,0.0,inf,1.5,1.5
43.083,0.0002,-0.0,-0.0,-5.5911,-0.0,0.0,0.0,inf,1.5,1.5
43.083,0.0002,-0.0,-0.0,-5.5911,-0.0,0.0,0.0,inf,1.5,1.5
43.083,0.0002,-0.0,-0.0,-5.5911,-0.0,0.0,0.0,inf,1.5,1.5
43.117,0.0002,-0.0,-0.0,-5.5954,-0.0,0.0,0.0,inf,1.5,1.5
43.117,0.0002,-0.0,-0.0,-5.5954,-0.0,0.0,0.0,inf,1.5,1.5
43.133,0.0002,-0.0,-0.0,-5.5976,-0.0,0.0,0.0,inf,1.5,1.5
43.133,0.0002,-0.0,-0.0,-5.5976,-0.0,0.0,0.0,inf,1.5,1.5
43.133,0.0002,-0.0,-0.0,-5.5976,-0.0,0.0,0.0,inf,1.5,1.5
43.167,0.0002,-0.0,-0.0,-5.6019,-0.0,0.0,0.0,inf,1.5,1.5
43.183,0.0002,-0.0,-0.0,-5.6041,-0.0,0.0,0.0,inf,1.5,1.5
43.183,0.0002,-0.0,-0.0,-5.6041,-0.0,0.0,0.0,inf,1.5,1.5
43.2,0.0002,-0.0,-0.0,-5.6062,-0.0,0.0,0.0,inf,1.5,1.5
43.2,0.0002,-0.0,-0.0,-5.6062,-0.0,0.0,0.0,inf,1.5,1.5
43.2,0.0002,-0.0,-0.0,-5.6062,-0.0,0.0,0.0,inf,1.5,1.5
43.233,0.0002,-0.0,-0.0,-5.6106,-0.0,0.0,0.0,inf,1.5,1.5
43.25,0.0002,-0.0,-0.0,-5.6127,-0.0,0.0,0.0,inf,1.5,1.5
43.25,0.0002,-0.0,-0.0,-5.6127,-0.0,0.0,0.0,inf,1.5,1.5
43.25,0.0002,-0.0,-0.0,-5.6127,-0.0,0.0,0.0,inf,1.5,1.5
43.283,0.0002,-0.0,-0.0,-5.617,-0.0,0.0,0.0,inf,1.5,1.5
43.283,0.0002,-0.0,-0.0,-5.617,-0.0,0.0,0.0,inf,1.5,1.5
43.3,0.0002,-0.0,-0.0,-5.6192,-0.0,0.0,0.0,inf,1.5,1.5
43.3,0.0002,-0.0,-0.0,-5.6192,-0.0,0.0,0.0,inf,1.5,1.5
43.3,0.0002,-0.0,-0.0,-5.6192,-0.0,0.0,0.0,inf,1.5,1.5
43.333,0.0002,-0.0,-0.0,-5.6235,-0.0,0.0,0.0,inf,1.5,1.5
43.35,0.0002,-0.0,-0.0,-5.6257,-0.0,0.0,0.0,inf,1.5,1.5
43.35,0.0002,-0.0,-0.0,-5.6257,-0.0,0.0,0.0,inf,1.5,1.5
43.367,0.0002,-0.0,-0.0,-5.6279,-0.0,0.0,0.0,inf,1.5,1.5
43.367,0.0002,-0.0,-0.0,-5.6279,-0.0,0.0,0.0,inf,1.5,1.5
43.4,0.0002,-0.0,-0.0,-5.6322,-0.0,0.0,0.0,inf,1.5,1.5
43.4,0.0002,-0.0,-0.0,-5.6322,-0.0,0.0,0.0,inf,1.5,1.5
43.417,0.0002,-0.0,-0.0,-5.6343,-0.0,0.0,0.0,inf,1.5,1.5
43.417,0.0002,-0.0,-0.0,-5.6343,-0.0,0.0,0.0,inf,1.5,1.5
43.417,0.0002,-0.0,-0.0,-5.6343,-0.0,0.0,0.0,inf,1.5,1.5
43.45,0.0002,-0.0,-0.0,-5.6387,-0.0,0.0,0.0,inf,1.5,1.5
43.467,0.0002,-0.0,-0.0,-5.6408,-0.0,0.0,0.0,inf,1.5,1.5
43.467,0.0002,-0.0,-0.0,-5.6408,-0.0,0.0,0.0,inf,1.5,1.5
43.467,0.0002,-0.0,-0.0,-5.6408,-0.0,0.0,0.0,inf,1.5,1.5
43.5,0.0002,-0.0,-0.0,-5.6452,-0.0,0.0,0.0,inf,1.5,1.5
43.5,0.0002,-0.0,-0.0,-5.6452,-0.0,0.0,0.0,inf,1.5,1.5
43.517,0.0002,-0.0,-0.0,-5.6473,-0.0,0.0,0.0,inf,1.5,1.5
43.533,0.0002,-0.0,-0.0,-5.6495,-0.0,0.0,0.0,inf,1.5,1.5
43.533,0.0002,-0.0,-0.0,-5.6495,-0.0,0.0,0.0,inf,1.5,1.5
43.533,0.0002,-0.0,-0.0,-5.6495,-0.0,0.0,0.0,inf,1.5,1.5
43.567,0.0002,-0.0,-0.0,-5.6538,-0.0,0.0,0.0,inf,1.5,1.5
43.567,0.0002,-0.0,-0.0,-5.6538,-0.0,0.0,0.0,inf,1.5,1.5
43.583,0.0002,-0.0,-0.0,-5.656,-0.0,0.0,0.0,inf,1.5,1.5
43.583,0.0002,-0.0,-0.0,-5.656,-0.0,0.0,0.0,inf,1.5,1.5
43.583,0.0002,-0.0,-0.0,-5.656,-0.0,0.0,0.0,inf,1.5,1.5
43.617,0.0002,-0.0,-0.0,-5.6603,-0.0,0.0,0.0,inf,1.5,1.5
43.633,0.0002,-0.0,-0.0,-5.6625,-0.0,0.0,0.0,inf,1.5,1.5
43.633,0.0002,-0.0,-0.0,-5.6625,-0.0,0.0,0.0,inf,1.5,1.5
43.633,0.0002,-0.0,-0.0,-5.6625,-0.0,0.0,0.0,inf,1.5,1.5
43.667,0.0002,-0.0,-0.0,-5.6668,-0.0,0.0,0.0,inf,1.5,1.5
43.667,0.0002,-0.0,-0.0,-5.6668,-0.0,0.0,0.0,inf,1.5,1.5
43.683,0.0002,-0.0,-0.0,-5.669,-0.0,0.0,0.0,inf,1.5,1.5
43.7,0.0002,-0.0,-0.0,-5.6711,-0.0,0.0,0.0,inf,1.5,1.5
43.7,0.0002,-0.0,-0.0,-5.6711,-0.0,0.0,0.0,inf,1.5,1.5
43.7,0.0002,-0.0,-0.0,-5.6711,-0.0,0.0,0.0,inf,1.5,1.5
43.733,0.0002,-0.0,-0.0,-5.6754,-0.0,0.0,0.0,inf,1.5,1.5
43.75,0.0002,-0.0,-0.0,-5.6776,-0.0,0.0,0.0,inf,1.5,1.5
43.75,0.0002,-0.0,-0.0,-5.6776,-0.0,0.0,0.0,inf,1.5,1.5
43.75,0.0002,-0.0,-0.0,-5.6776,-0.0,0.0,0.0,inf,1.5,1.5
43.783,0.0002,-0.0,-0.0,-5.6819,-0.0,0.0,0.0,inf,1.5,1.5
43.783,0.0002,-0.0,-0.0,-5.6819,-0.0,0.0,0.0,inf,1.5,1.5
43.8,0.0002,-0.0,-0.0,-5.6841,-0.0,0.0,0.0,inf,1.5,1.5
43.8,0.0002,-0.0,-0.0,-5.6841,-0.0,0.0,0.0,inf,1.5,1.5
43.833,0.0002,-0.0,-0.0,-5.6884,-0.0,0.0,0.0,inf,1.5,1.5
43.833,0.0002,-0.0,-0.0,-5.6884,-0.0,0.0,0.0,inf,1.5,1.5
43.85,0.0002,-0.0,-0.0,-5.6906,-0.0,0.0,0.0,inf,1.5,1.5
43.85,0.0002,-0.0,-0.0,-5.6906,-0.0,0.0,0.0,inf,1.5,1.5
43.867,0.0002,-0.0,-0.0,-5.6927,-0.0,0.0,0.0,inf,1.5,1.5
43.867,0.0002,-0.0,-0.0,-5.6927,-0.0,0.0,0.0,inf,1.5,1.5
43.9,0.0002,-0.0,-0.0,-5.6971,-0.0,0.0,0.0,inf,1.5,1.5
43.9,0.0002,-0.0,-0.0,-5.6971,-0.0,0.0,0.0,inf,1.5,1.5
43.917,0.0002,-0.0,-0.0,-5.6992,-0.0,0.0,0.0,inf,1.5,1.5
43.917,0.0002,-0.0,-0.0,-5.6992,-0.0,0.0,0.0,inf,1.5,1.5
43.917,0.0002,-0.0,-0.0,-5.6992,-0.0,0.0,0.0,inf,1.5,1.5
43.917,0.0002,-0.0,-0.0,-5.6992,-0.0,0.0,0.0,inf,1.5,1.5
43.95,0.0002,-0.0,-0.0,-5.7036,-0.0,0.0,0.0,inf,1.5,1.5
43.967,0.0002,-0.0,-0.0,-5.7057,-0.0,0.0,0.0,inf,1.5,1.5
43.967,0.0002,-0.0,-0.0,-5.7057,-0.0,0.0,0.0,inf,1.5,1.5
43.967,0.0002,-0.0,-0.0,-5.7057,-0.0,0.0,0.0,inf,1.5,1.5
44.0,0.0002,-0.0,-0.0,-5.7101,-0.0,0.0,0.0,inf,1.5,1.5
44.0,0.0002,-0.0,-0.0,-5.7101,-0.0,0.0,0.0,inf,1.5,1.5
44.017,0.0002,-0.0,-0.0,-5.7122,-0.0,0.0,0.0,inf,1.5,1.5
44.033,0.0002,-0.0,-0.0,-5.7144,-0.0,0.0,0.0,inf,1.5,1.5
44.033,0.0002,-0.0,-0.0,-5.7144,-0.0,0.0,0.0,inf,1.5,1.5
44.033,0.0002,-0.0,-0.0,-5.7144,-0.0,0.0,0.0,inf,1.5,1.5
44.067,0.0002,-0.0,-0.0,-5.7187,-0.0,0.0,0.0,inf,1.5,1.5
44.067,0.0002,-0.0,-0.0,-5.7187,-0.0,0.0,0.0,inf,1.5,1.5
44.083,0.0002,-0.0,-0.0,-5.7209,-0.0,0.0,0.0,inf,1.5,1.5
44.083,0.0002,-0.0,-0.0,-5.7209,-0.0,0.0,0.0,inf,1.5,1.5
44.083,0.0002,-0.0,-0.0,-5.7209,-0.0,0.0,0.0,inf,1.5,1.5
44.117,0.0002,-0.0,-0.0,-5.7252,-0.0,0.0,0.0,inf,1.5,1.5
44.133,0.0002,-0.0,-0.0,-5.7274,-0.0,0.0,0.0,inf,1.5,1.5
44.133,0.0002,-0.0,-0.0,-5.7274,-0.0,0.0,0.0,inf,1.5,1.5
44.133,0.0002,-0.0,-0.0,-5.7274,-0.0,0.0,0.0,inf,1.5,1.5
44.167,0.0002,-0.0,-0.0,-5.7317,-0.0,0.0,0.0,inf,1.5,1.5
44.183,0.0002,-0.0,-0.0,-5.7338,-0.0,0.0,0.0,inf,1.5,1.5
44.183,0.0002,-0.0,-0.0,-5.7338,-0.0,0.0,0.0,inf,1.5,1.5
44.2,0.0002,-0.0,-0.0,-5.736,-0.0,0.0,0.0,inf,1.5,1.5
44.2,0.0002,-0.0,-0.0,-5.736,-0.0,0.0,0.0,inf,1.5,1.5
44.2,0.0002,-0.0,-0.0,-5.736,-0.0,0.0,0.0,inf,1.5,1.5
44.233,0.0002,-0.0,-0.0,-5.7403,-0.0,0.0,0.0,inf,1.5,1.5
44.25,0.0002,-0.0,-0.0,-5.7425,-0.0,0.0,0.0,inf,1.5,1.5
44.25,0.0002,-0.0,-0.0,-5.7425,-0.0,0.0,0.0,inf,1.5,1.5
44.25,0.0002,-0.0,-0.0,-5.7425,-0.0,0.0,0.0,inf,1.5,1.5
44.283,0.0002,-0.0,-0.0,-5.7468,-0.0,0.0,0.0,inf,1.5,1.5
44.283,0.0002,-0.0,-0.0,-5.7468,-0.0,0.0,0.0,inf,1.5,1.5
44.3,0.0002,-0.0,-0.0,-5.749,-0.0,0.0,0.0,inf,1.5,1.5
44.3,0.0002,-0.0,-0.0,-5.749,-0.0,0.0,0.0,inf,1.5,1.5
44.3,0.0002,-0.0,-0.0,-5.749,-0.0,0.0,0.0,inf,1.5,1.5
44.333,0.0002,-0.0,-0.0,-5.7533,-0.0,0.0,0.0,inf,1.5,1.5
44.35,0.0002,-0.0,-0.0,-5.7555,-0.0,0.0,0.0,inf,1.5,1.5
44.35,0.0002,-0.0,-0.0,-5.7555,-0.0,0.0,0.0,inf,1.5,1.5
44.367,0.0002,-0.0,-0.0,-5.7576,-0.0,0.0,0.0,inf,1.5,1.5
44.367,0.0002,-0.0,-0.0,-5.7576,-0.0,0.0,0.0,inf,1.5,1.5
44.367,0.0002,-0.0,-0.0,-5.7576,-0.0,0.0,0.0,inf,1.5,1.5
44.4,0.0002,-0.0,-0.0,-5.762,-0.0,0.0,0.0,inf,1.5,1.5
44.417,0.0002,-0.0,-0.0,-5.7641,-0.0,0.0,0.0,inf,1.5,1.5
44.417,0.0002,-0.0,-0.0,-5.7641,-0.0,0.0,0.0,inf,1.5,1.5
44.417,0.0002,-0.0,-0.0,-5.7641,-0.0,0.0,0.0,inf,1.5,1.5
44.45,0.0002,-0.0,-0.0,-5.7685,-0.0,0.0,0.0,inf,1.5,1.5
44.467,0.0002,-0.0,-0.0,-5.7706,-0.0,0.0,0.0,inf,1.5,1.5
44.467,0.0002,-0.0,-0.0,-5.7706,-0.0,0.0,0.0,inf,1.5,1.5
44.467,0.0002,-0.0,-0.0,-5.7706,-0.0,0.0,0.0,inf,1.5,1.5
44.5,0.0002,-0.0,-0.0,-5.7749,-0.0,0.0,0.0,inf,1.5,1.5
44.5,0.0002,-0.0,-0.0,-5.7749,-0.0,0.0,0.0,inf,1.5,1.5
44.517,0.0002,-0.0,-0.0,-5.7771,-0.0,0.0,0.0,inf,1.5,1.5
44.533,0.0002,-0.0,-0.0,-5.7793,-0.0,0.0,0.0,inf,1.5,1.5
44.533,0.0002,-0.0,-0.0,-5.7793,-0.0,0.0,0.0,inf,1.5,1.5
44.533,0.0002,-0.0,-0.0,-5.7793,-0.0,0.0,0.0,inf,1.5,1.5
44.567,0.0002,-0.0,-0.0,-5.7836,-0.0,0.0,0.0,inf,1.5,1.5
44.567,0.0002,-0.0,-0.0,-5.7836,-0.0,0.0,0.0,inf,1.5,1.5
44.583,0.0002,-0.0,-0.0,-5.7858,-0.0,0.0,0.0,inf,1.5,1.5
44.583,0.0002,-0.0,-0.0,-5.7858,-0.0,0.0,0.0,inf,1.5,1.5
44.583,0.0002,-0.0,-0.0,-5.7858,-0.0,0.0,0.0,inf,1.5,1.5
44.617,0.0002,-0.0,-0.0,-5.7901,-0.0,0.0,0.0,inf,1.5,1.5
44.633,0.0002,-0.0,-0.0,-5.7922,-0.0,0.0,0.0,inf,1.5,1.5
44.633,0.0002,-0.0,-0.0,-5.7922,-0.0,0.0,0.0,inf,1.5,1.5
44.633,0.0002,-0.0,-0.0,-5.7922,-0.0,0.0,0.0,inf,1.5,1.5
44.667,0.0002,-0.0,-0.0,-5.7966,-0.0,0.0,0.0,inf,1.5,1.5
44.683,0.0002,-0.0,-0.0,-5.7987,-0.0,0.0,0.0,inf,1.5,1.5
44.683,0.0002,-0.0,-0.0,-5.7987,-0.0,0.0,0.0,inf,1.5,1.5
44.7,0.0002,-0.0,-0.0,-5.8009,-0.0,0.0,0.0,inf,1.5,1.5
44.7,0.0002,-0.0,-0.0,-5.8009,-0.0,0.0,0.0,inf,1.5,1.5
44.7,0.0002,-0.0,-0.0,-5.8009,-0.0,0.0,0.0,inf,1.5,1.5
44.733,0.0002,-0.0,-0.0,-5.8052,-0.0,0.0,0.0,inf,1.5,1.5
44.75,0.0002,-0.0,-0.0,-5.8074,-0.0,0.0,0.0,inf,1.5,1.5
44.75,0.0002,-0.0,-0.0,-5.8074,-0.0,0.0,0.0,inf,1.5,1.5
44.75,0.0002,-0.0,-0.0,-5.8074,-0.0,0.0,0.0,inf,1.5,1.5
44.783,0.0002,-0.0,-0.0,-5.8117,-0.0,0.0,0.0,inf,1.5,1.5
44.783,0.0002,-0.0,-0.0,-5.8117,-0.0,0.0,0.0,inf,1.5,1.5
44.8,0.0002,-0.0,-0.0,-5.8139,-0.0,0.0,0.0,inf,1.5,1.5
44.8,0.0002,-0.0,-0.0,-5.8139,-0.0,0.0,0.0,inf,1.5,1.5
44.833,0.0002,-0.0,-0.0,-5.8182,-0.0,0.0,0.0,inf,1.5,1.5
44.833,0.0002,-0.0,-0.0,-5.8182,-0.0,0.0,0.0,inf,1.5,1.5
44.85,0.0002,-0.0,-0.0,-5.8204,-0.0,0.0,0.0,inf,1.5,1.5
44.85,0.0002,-0.0,-0.0,-5.8204,-0.0,0.0,0.0,inf,1.5,1.5
44.867,0.0002,-0.0,-0.0,-5.8225,-0.0,0.0,0.0,inf,1.5,1.5
44.867,0.0002,-0.0,-0.0,-5.8225,-0.0,0.0,0.0,inf,1.5,1.5
44.867,0.0002,-0.0,-0.0,-5.8225,-0.0,0.0,0.0,inf,1.5,1.5
44.867,0.0002,-0.0,-0.0,-5.8225,-0.0,0.0,0.0,inf,1.5,1.5
44.9,0.0002,-0.0,-0.0,-5.8269,-0.0,0.0,0.0,inf,1.5,1.5
44.917,0.0002,-0.0,-0.0,-5.829,-0.0,0.0,0.0,inf,1.5,1.5
44.917,0.0002,-0.0,-0.0,-5.829,-0.0,0.0,0.0,inf,1.5,1.5
44.917,0.0002,-0.0,-0.0,-5.829,-0.0,0.0,0.0,inf,1.5,1.5
44.95,0.0002,-0.0,-0.0,-5.8333,-0.0,0.0,0.0,inf,1.5,1.5
44.967,0.0002,-0.0,-0.0,-5.8355,-0.0,0.0,0.0,inf,1.5,1.5
44.967,0.0002,-0.0,-0.0,-5.8355,-0.0,0.0,0.0,inf,1.5,1.5
44.967,0.0002,-0.0,-0.0,-5.8355,-0.0,0.0,0.0,inf,1.5,1.5
45.0,0.0002,-0.0,-0.0,-5.8398,-0.0,0.0,0.0,inf,1.5,1.5
45.0,0.0002,-0.0,-0.0,-5.8398,-0.0,0.0,0.0,inf,1.5,1.5
45.017,0.0002,-0.0,-0.0,-5.842,-0.0,0.0,0.0,inf,1.5,1.5
45.033,0.0002,-0.0,-0.0,-5.8442,-0.0,0.0,0.0,inf,1.5,1.5
45.033,0.0002,-0.0,-0.0,-5.8442,-0.0,0.0,0.0,inf,1.5,1.5
45.033,0.0002,-0.0,-0.0,-5.8442,-0.0,0.0,0.0,inf,1.5,1.5
45.067,0.0002,-0.0,-0.0,-5.8485,-0.0,0.0,0.0,inf,1.5,1.5
45.067,0.0002,-0.0,-0.0,-5.8485,-0.0,0.0,0.0,inf,1.5,1.5
45.083,0.0002,-0.0,-0.0,-5.8506,-0.0,0.0,0.0,inf,1.5,1.5
45.083,0.0002,-0.0,-0.0,-5.8506,-0.0,0.0,0.0,inf,1.5,1.5
45.083,0.0002,-0.0,-0.0,-5.8506,-0.0,0.0,0.0,inf,1.5,1.5
45.117,0.0002,-0.0,-0.0,-5.855,-0.0,0.0,0.0,inf,1.5,1.5
45.133,0.0002,-0.0,-0.0,-5.8571,-0.0,0.0,0.0,inf,1.5,1.5
45.133,0.0002,-0.0,-0.0,-5.8571,-0.0,0.0,0.0,inf,1.5,1.5
45.133,0.0002,-0.0,-0.0,-5.8571,-0.0,0.0,0.0,inf,1.5,1.5
45.167,0.0002,-0.0,-0.0,-5.8615,-0.0,0.0,0.0,inf,1.5,1.5
45.183,0.0002,-0.0,-0.0,-5.8636,-0.0,0.0,0.0,inf,1.5,1.5
45.183,0.0002,-0.0,-0.0,-5.8636,-0.0,0.0,0.0,inf,1.5,1.5
45.2,0.0002,-0.0,-0.0,-5.8658,-0.0,0.0,0.0,inf,1.5,1.5
45.2,0.0002,-0.0,-0.0,-5.8658,-0.0,0.0,0.0,inf,1.5,1.5
45.2,0.0002,-0.0,-0.0,-5.8658,-0.0,0.0,0.0,inf,1.5,1.5
45.233,0.0002,-0.0,-0.0,-5.8701,-0.0,0.0,0.0,inf,1.5,1.5
45.25,0.0002,-0.0,-0.0,-5.8723,-0.0,0.0,0.0,inf,1.5,1.5
45.25,0.0002,-0.0,-0.0,-5.8723,-0.0,0.0,0.0,inf,1.5,1.5
45.25,0.0002,-0.0,-0.0,-5.8723,-0.0,0.0,0.0,inf,1.5,1.5
45.283,0.0002,-0.0,-0.0,-5.8766,-0.0,0.0,0.0,inf,1.5,1.5
45.3,0.0002,-0.0,-0.0,-5.8788,-0.0,0.0,0.0,inf,1.5,1.5
45.3,0.0002,-0.0,-0.0,-5.8788,-0.0,0.0,0.0,inf,1.5,1.5
45.3,0.0002,-0.0,-0.0,-5.8788,-0.0,0.0,0.0,inf,1.5,1.5
45.333,0.0002,-0.0,-0.0,-5.8831,-0.0,0.0,0.0,inf,1.5,1.5
45.333,0.0002,-0.0,-0.0,-5.8831,-0.0,0.0,0.0,inf,1.5,1.5
45.35,0.0002,-0.0,-0.0,-5.8853,-0.0,0.0,0.0,inf,1.5,1.5
45.367,0.0002,-0.0,-0.0,-5.8874,-0.0,0.0,0.0,inf,1.5,1.5
45.367,0.0002,-0.0,-0.0,-5.8874,-0.0,0.0,0.0,inf,1.5,1.5
45.367,0.0002,-0.0,-0.0,-5.8874,-0.0,0.0,0.0,inf,1.5,1.5
45.4,0.0002,-0.0,-0.0,-5.8917,-0.0,0.0,0.0,inf,1.5,1.5
45.4,0.0002,-0.0,-0.0,-5.8917,-0.0,0.0,0.0,inf,1.5,1.5
45.417,0.0002,-0.0,-0.0,-5.8939,-0.0,0.0,0.0,inf,1.5,1.5
45.417,0.0002,-0.0,-0.0,-5.8939,-0.0,0.0,0.0,inf,1.5,1.5
45.417,0.0002,-0.0,-0.0,-5.8939,-0.0,0.0,0.0,inf,1.5,1.5
45.45,0.0002,-0.0,-0.0,-5.8982,-0.0,0.0,0.0,inf,1.5,1.5
45.467,0.0002,-0.0,-0.0,-5.9004,-0.0,0.0,0.0,inf,1.5,1.5
45.467,0.0002,-0.0,-0.0,-5.9004,-0.0,0.0,0.0,inf,1.5,1.5
45.467,0.0002,-0.0,-0.0,-5.9004,-0.0,0.0,0.0,inf,1.5,1.5
45.5,0.0002,-0.0,-0.0,-5.9047,-0.0,0.0,0.0,inf,1.5,1.5
45.5,0.0002,-0.0,-0.0,-5.9047,-0.0,0.0,0.0,inf,1.5,1.5
45.517,0.0002,-0.0,-0.0,-5.9069,-0.0,0.0,0.0,inf,1.5,1.5
45.533,0.0002,-0.0,-0.0,-5.9091,-0.0,0.0,0.0,inf,1.5,1.5
45.533,0.0002,-0.0,-0.0,-5.9091,-0.0,0.0,0.0,inf,1.5,1.5
45.533,0.0002,-0.0,-0.0,-5.9091,-0.0,0.0,0.0,inf,1.5,1.5
45.567,0.0002,-0.0,-0.0,-5.9134,-0.0,0.0,0.0,inf,1.5,1.5
45.567,0.0002,-0.0,-0.0,-5.9134,-0.0,0.0,0.0,inf,1.5,1.5
45.583,0.0002,-0.0,-0.0,-5.9155,-0.0,0.0,0.0,inf,1.5,1.5
45.583,0.0002,-0.0,-0.0,-5.9155,-0.0,0.0,0.0,inf,1.5,1.5
45.583,0.0002,-0.0,-0.0,-5.9155,-0.0,0.0,0.0,inf,1.5,1.5
45.617,0.0002,-0.0,-0.0,-5.9199,-0.0,0.0,0.0,inf,1.5,1.5
45.633,0.0002,-0.0,-0.0,-5.922,-0.0,0.0,0.0,inf,1.5,1.5
45.633,0.0002,-0.0,-0.0,-5.922,-0.0,0.0,0.0,inf,1.5,1.5
45.633,0.0002,-0.0,-0.0,-5.922,-0.0,0.0,0.0,inf,1.5,1.5
45.667,0.0002,-0.0,-0.0,-5.9264,-0.0,0.0,0.0,inf,1.5,1.5
45.683,0.0002,-0.0,-0.0,-5.9285,-0.0,0.0,0.0,inf,1.5,1.5
45.683,0.0002,-0.0,-0.0,-5.9285,-0.0,0.0,0.0,inf,1.5,1.5
45.7,0.0002,-0.0,-0.0,-5.9307,-0.0,0.0,0.0,inf,1.5,1.5
45.7,0.0002,-0.0,-0.0,-5.9307,-0.0,0.0,0.0,inf,1.5,1.5
45.7,0.0002,-0.0,-0.0,-5.9307,-0.0,0.0,0.0,inf,1.5,1.5
45.733,0.0002,-0.0,-0.0,-5.935,-0.0,0.0,0.0,inf,1.5,1.5
45.75,0.0002,-0.0,-0.0,-5.9372,-0.0,0.0,0.0,inf,1.5,1.5
45.75,0.0002,-0.0,-0.0,-5.9372,-0.0,0.0,0.0,inf,1.5,1.5
45.75,0.0002,-0.0,-0.0,-5.9372,-0.0,0.0,0.0,inf,1.5,1.5
45.75,0.0002,-0.0,-0.0,-5.9372,-0.0,0.0,0.0,inf,1.5,1.5
45.783,0.0002,-0.0,-0.0,-5.9415,-0.0,0.0,0.0,inf,1.5,1.5
45.783,0.0002,-0.0,-0.0,-5.9415,-0.0,0.0,0.0,inf,1.5,1.5
45.8,0.0002,-0.0,-0.0,-5.9437,-0.0,0.0,0.0,inf,1.5,1.5
45.8,0.0002,-0.0,-0.0,-5.9437,-0.0,0.0,0.0,inf,1.5,1.5
45.833,0.0002,-0.0,-0.0,-5.948,-0.0,0.0,0.0,inf,1.5,1.5
45.833,0.0002,-0.0,-0.0,-5.948,-0.0,0.0,0.0,inf,1.5,1.5
45.85,0.0002,-0.0,-0.0,-5.9501,-0.0,0.0,0.0,inf,1.5,1.5
45.85,0.0002,-0.0,-0.0,-5.9501,-0.0,0.0,0.0,inf,1.5,1.5
45.867,0.0002,-0.0,-0.0,-5.9523,-0.0,0.0,0.0,inf,1.5,1.5
45.867,0.0002,-0.0,-0.0,-5.9523,-0.0,0.0,0.0,inf,1.5,1.5
45.9,0.0002,-0.0,-0.0,-5.9566,-0.0,0.0,0.0,inf,1.5,1.5
45.9,0.0002,-0.0,-0.0,-5.9566,-0.0,0.0,0.0,inf,1.5,1.5
45.917,0.0002,-0.0,-0.0,-5.9588,-0.0,0.0,0.0,inf,1.5,1.5
45.917,0.0002,-0.0,-0.0,-5.9588,-0.0,0.0,0.0,inf,1.5,1.5
45.917,0.0002,-0.0,-0.0,-5.9588,-0.0,0.0,0.0,inf,1.5,1.5
45.95,0.0002,-0.0,-0.0,-5.9631,-0.0,0.0,0.0,inf,1.5,1.5
45.967,0.0002,-0.0,-0.0,-5.9653,-0.0,0.0,0.0,inf,1.5,1.5
45.967,0.0002,-0.0,-0.0,-5.9653,-0.0,0.0,0.0,inf,1.5,1.5
45.967,0.0002,-0.0,-0.0,-5.9653,-0.0,0.0,0.0,inf,1.5,1.5
46.0,0.0002,-0.0,-0.0,-5.9696,-0.0,0.0,0.0,inf,1.5,1.5
46.0,0.0002,-0.0,-0.0,-5.9696,-0.0,0.0,0.0,inf,1.5,1.5
46.017,0.0002,-0.0,-0.0,-5.9718,-0.0,0.0,0.0,inf,1.5,1.5
46.033,0.0002,-0.0,-0.0,-5.9739,-0.0,0.0,0.0,inf,1.5,1.5
46.033,0.0002,-0.0,-0.0,-5.9739,-0.0,0.0,0.0,inf,1.5,1.5
46.033,0.0002,-0.0,-0.0,-5.9739,-0.0,0.0,0.0,inf,1.5,1.5
46.067,0.0002,-0.0,-0.0,-5.9783,-0.0,0.0,0.0,inf,1.5,1.5
46.083,0.0002,-0.0,-0.0,-5.9804,-0.0,0.0,0.0,inf,1.5,1.5
46.083,0.0002,-0.0,-0.0,-5.9804,-0.0,0.0,0.0,inf,1.5,1.5
46.083,0.0002,-0.0,-0.0,-5.9804,-0.0,0.0,0.0,inf,1.5,1.5
46.117,0.0002,-0.0,-0.0,-5.9848,-0.0,0.0,0.0,inf,1.5,1.5
46.117,0.0002,-0.0,-0.0,-5.9848,-0.0,0.0,0.0,inf,1.5,1.5
46.133,0.0002,-0.0,-0.0,-5.9869,-0.0,0.0,0.0,inf,1.5,1.5
46.133,0.0002,-0.0,-0.0,-5.9869,-0.0,0.0,0.0,inf,1.5,1.5
46.133,0.0002,-0.0,-0.0,-5.9869,-0.0,0.0,0.0,inf,1.5,1.5
46.167,0.0002,-0.0,-0.0,-5.9912,-0.0,0.0,0.0,inf,1.5,1.5
46.183,0.0002,-0.0,-0.0,-5.9934,-0.0,0.0,0.0,inf,1.5,1.5
46.183,0.0002,-0.0,-0.0,-5.9934,-0.0,0.0,0.0,inf,1.5,1.5
46.2,0.0002,-0.0,-0.0,-5.9956,-0.0,0.0,0.0,inf,1.5,1.5
46.2,0.0002,-0.0,-0.0,-5.9956,-0.0,0.0,0.0,inf,1.5,1.5
46.2,0.0002,-0.0,-0.0,-5.9956,-0.0,0.0,0.0,inf,1.5,1.5
46.233,0.0002,-0.0,-0.0,-5.9999,-0.0,0.0,0.0,inf,1.5,1.5
46.25,0.0002,-0.0,-0.0,-6.0021,-0.0,0.0,0.0,inf,1.5,1.5
46.25,0.0002,-0.0,-0.0,-6.0021,-0.0,0.0,0.0,inf,1.5,1.5
46.25,0.0002,-0.0,-0.0,-6.0021,-0.0,0.0,0.0,inf,1.5,1.5
46.283,0.0002,-0.0,-0.0,-6.0064,-0.0,0.0,0.0,inf,1.5,1.5
46.3,0.0002,-0.0,-0.0,-6.0085,-0.0,0.0,0.0,inf,1.5,1.5
46.3,0.0002,-0.0,-0.0,-6.0085,-0.0,0.0,0.0,inf,1.5,1.5
46.3,0.0002,-0.0,-0.0,-6.0085,-0.0,0.0,0.0,inf,1.5,1.5
46.333,0.0002,-0.0,-0.0,-6.0129,-0.0,0.0,0.0,inf,1.5,1.5
46.333,0.0002,-0.0,-0.0,-6.0129,-0.0,0.0,0.0,inf,1.5,1.5
46.35,0.0002,-0.0,-0.0,-6.015,-0.0,0.0,0.0,inf,1.5,1.5
46.367,0.0002,-0.0,-0.0,-6.0172,-0.0,0.0,0.0,inf,1.5,1.5
46.367,0.0002,-0.0,-0.0,-6.0172,-0.0,0.0,0.0,inf,1.5,1.5
46.367,0.0002,-0.0,-0.0,-6.0172,-0.0,0.0,0.0,inf,1.5,1.5
46.4,0.0002,-0.0,-0.0,-6.0215,-0.0,0.0,0.0,inf,1.5,1.5
46.4,0.0002,-0.0,-0.0,-6.0215,-0.0,0.0,0.0,inf,1.5,1.5
46.417,0.0002,-0.0,-0.0,-6.0237,-0.0,0.0,0.0,inf,1.5,1.5
46.417,0.0002,-0.0,-0.0,-6.0237,-0.0,0.0,0.0,inf,1.5,1.5
46.417,0.0002,-0.0,-0.0,-6.0237,-0.0,0.0,0.0,inf,1.5,1.5
46.45,0.0002,-0.0,-0.0,-6.028,-0.0,0.0,0.0,inf,1.5,1.5
46.467,0.0002,-0.0,-0.0,-6.0302,-0.0,0.0,0.0,inf,1.5,1.5
46.467,0.0002,-0.0,-0.0,-6.0302,-0.0,0.0,0.0,inf,1.5,1.5
46.467,0.0002,-0.0,-0.0,-6.0302,-0.0,0.0,0.0,inf,1.5,1.5
46.5,0.0002,-0.0,-0.0,-6.0345,-0.0,0.0,0.0,inf,1.5,1.5
46.517,0.0002,-0.0,-0.0,-6.0367,-0.0,0.0,0.0,inf,1.5,1.5
46.517,0.0002,-0.0,-0.0,-6.0367,-0.0,0.0,0.0,inf,1.5,1.5
46.533,0.0002,-0.0,-0.0,-6.0388,-0.0,0.0,0.0,inf,1.5,1.5
46.533,0.0002,-0.0,-0.0,-6.0388,-0.0,0.0,0.0,inf,1.5,1.5
46.533,0.0002,-0.0,-0.0,-6.0388,-0.0,0.0,0.0,inf,1.5,1.5
46.567,0.0002,-0.0,-0.0,-6.0432,-0.0,0.0,0.0,inf,1.5,1.5
46.583,0.0002,-0.0,-0.0,-6.0453,-0.0,0.0,0.0,inf,1.5,1.5
46.583,0.0002,-0.0,-0.0,-6.0453,-0.0,0.0,0.0,inf,1.5,1.5
46.583,0.0002,-0.0,-0.0,-6.0453,-0.0,0.0,0.0,inf,1.5,1.5
46.617,0.0002,-0.0,-0.0,-6.0496,-0.0,0.0,0.0,inf,1.5,1.5
46.633,0.0002,-0.0,-0.0,-6.0518,-0.0,0.0,0.0,inf,1.5,1.5
46.633,0.0002,-0.0,-0.0,-6.0518,-0.0,0.0,0.0,inf,1.5,1.5
46.633,0.0002,-0.0,-0.0,-6.0518,-0.0,0.0,0.0,inf,1.5,1.5
46.667,0.0002,-0.0,-0.0,-6.0561,-0.0,0.0,0.0,inf,1.5,1.5
46.667,0.0002,-0.0,-0.0,-6.0561,-0.0,0.0,0.0,inf,1.5,1.5
46.683,0.0002,-0.0,-0.0,-6.0583,-0.0,0.0,0.0,inf,1.5,1.5
46.7,0.0002,-0.0,-0.0,-6.0605,-0.0,0.0,0.0,inf,1.5,1.5
46.7,0.0002,-0.0,-0.0,-6.0605,-0.0,0.0,0.0,inf,1.5,1.5
46.7,0.0002,-0.0,-0.0,-6.0605,-0.0,0.0,0.0,inf,1.5,1.5
46.733,0.0002,-0.0,-0.0,-6.0648,-0.0,0.0,0.0,inf,1.5,1.5
46.733,0.0002,-0.0,-0.0,-6.0648,-0.0,0.0,0.0,inf,1.5,1.5
46.75,0.0002,-0.0,-0.0,-6.067,-0.0,0.0,0.0,inf,1.5,1.5
46.75,0.0002,-0.0,-0.0,-6.067,-0.0,0.0,0.0,inf,1.5,1.5
46.75,0.0002,-0.0,-0.0,-6.067,-0.0,0.0,0.0,inf,1.5,1.5
46.783,0.0002,-0.0,-0.0,-6.0713,-0.0,0.0,0.0,inf,1.5,1.5
46.8,0.0002,-0.0,-0.0,-6.0734,-0.0,0.0,0.0,inf,1.5,1.5
46.8,0.0002,-0.0,-0.0,-6.0734,-0.0,0.0,0.0,inf,1.5,1.5
46.8,0.0002,-0.0,-0.0,-6.0734,-0.0,0.0,0.0,inf,1.5,1.5
46.833,0.0002,-0.0,-0.0,-6.0778,-0.0,0.0,0.0,inf,1.5,1.5
46.833,0.0002,-0.0,-0.0,-6.0778,-0.0,0.0,0.0,inf,1.5,1.5
46.85,0.0002,-0.0,-0.0,-6.0799,-0.0,0.0,0.0,inf,1.5,1.5
46.867,0.0002,-0.0,-0.0,-6.0821,-0.0,0.0,0.0,inf,1.5,1.5
46.867,0.0002,-0.0,-0.0,-6.0821,-0.0,0.0,0.0,inf,1.5,1.5
46.867,0.0002,-0.0,-0.0,-6.0821,-0.0,0.0,0.0,inf,1.5,1.5
46.9,0.0002,-0.0,-0.0,-6.0864,-0.0,0.0,0.0,inf,1.5,1.5
46.9,0.0002,-0.0,-0.0,-6.0864,-0.0,0.0,0.0,inf,1.5,1.5
46.917,0.0002,-0.0,-0.0,-6.0886,-0.0,0.0,0.0,inf,1.5,1.5
46.917,0.0002,-0.0,-0.0,-6.0886,-0.0,0.0,0.0,inf,1.5,1.5
46.917,0.0002,-0.0,-0.0,-6.0886,-0.0,0.0,0.0,inf,1.5,1.5
46.95,0.0002,-0.0,-0.0,-6.0929,-0.0,0.0,0.0,inf,1.5,1.5
46.967,0.0002,-0.0,-0.0,-6.0951,-0.0,0.0,0.0,inf,1.5,1.5
46.967,0.0002,-0.0,-0.0,-6.0951,-0.0,0.0,0.0,inf,1.5,1.5
46.967,0.0002,-0.0,-0.0,-6.0951,-0.0,0.0,0.0,inf,1.5,1.5
47.0,0.0002,-0.0,-0.0,-6.0994,-0.0,0.0,0.0,inf,1.5,1.5
47.017,0.0002,-0.0,-0.0,-6.1016,-0.0,0.0,0.0,inf,1.5,1.5
47.017,0.0002,-0.0,-0.0,-6.1016,-0.0,0.0,0.0,inf,1.5,1.5
47.033,0.0002,-0.0,-0.0,-6.1037,-0.0,0.0,0.0,inf,1.5,1.5
47.033,0.0002,-0.0,-0.0,-6.1037,-0.0,0.0,0.0,inf,1.5,1.5
47.033,0.0002,-0.0,-0.0,-6.1037,-0.0,0.0,0.0,inf,1.5,1.5
47.067,0.0002,-0.0,-0.0,-6.108,-0.0,0.0,0.0,inf,1.5,1.5
47.083,0.0002,-0.0,-0.0,-6.1102,-0.0,0.0,0.0,inf,1.5,1.5
47.083,0.0002,-0.0,-0.0,-6.1102,-0.0,0.0,0.0,inf,1.5,1.5
47.083,0.0002,-0.0,-0.0,-6.1102,-0.0,0.0,0.0,inf,1.5,1.5
47.117,0.0002,-0.0,-0.0,-6.1145,-0.0,0.0,0.0,inf,1.5,1.5
47.117,0.0002,-0.0,-0.0,-6.1145,-0.0,0.0,0.0,inf,1.5,1.5
47.133,0.0002,-0.0,-0.0,-6.1167,-0.0,0.0,0.0,inf,1.5,1.5
47.133,0.0002,-0.0,-0.0,-6.1167,-0.0,0.0,0.0,inf,1.5,1.5
47.133,0.0002,-0.0,-0.0,-6.1167,-0.0,0.0,0.0,inf,1.5,1.5
47.167,0.0002,-0.0,-0.0,-6.121,-0.0,0.0,0.0,inf,1.5,1.5
47.183,0.0002,-0.0,-0.0,-6.1232,-0.0,0.0,0.0,inf,1.5,1.5
47.183,0.0002,-0.0,-0.0,-6.1232,-0.0,0.0,0.0,inf,1.5,1.5
47.2,0.0002,-0.0,-0.0,-6.1254,-0.0,0.0,0.0,inf,1.5,1.5
47.2,0.0002,-0.0,-0.0,-6.1254,-0.0,0.0,0.0,inf,1.5,1.5
47.2,0.0002,-0.0,-0.0,-6.1254,-0.0,0.0,0.0,inf,1.5,1.5
47.233,0.0002,-0.0,-0.0,-6.1297,-0.0,0.0,0.0,inf,1.5,1.5
47.25,0.0002,-0.0,-0.0,-6.1318,-0.0,0.0,0.0,inf,1.5,1.5
47.25,0.0002,-0.0,-0.0,-6.1318,-0.0,0.0,0.0,inf,1.5,1.5
47.25,0.0002,-0.0,-0.0,-6.1318,-0.0,0.0,0.0,inf,1.5,1.5
47.283,0.0002,-0.0,-0.0,-6.1362,-0.0,0.0,0.0,inf,1.5,1.5
47.283,0.0002,-0.0,-0.0,-6.1362,-0.0,0.0,0.0,inf,1.5,1.5
47.3,0.0002,-0.0,-0.0,-6.1383,-0.0,0.0,0.0,inf,1.5,1.5
47.3,0.0002,-0.0,-0.0,-6.1383,-0.0,0.0,0.0,inf,1.5,1.5
47.333,0.0002,-0.0,-0.0,-6.1427,-0.0,0.0,0.0,inf,1.5,1.5
47.333,0.0002,-0.0,-0.0,-6.1427,-0.0,0.0,0.0,inf,1.5,1.5
47.35,0.0002,-0.0,-0.0,-6.1448,-0.0,0.0,0.0,inf,1.5,1.5
47.367,0.0002,-0.0,-0.0,-6.147,-0.0,0.0,0.0,inf,1.5,1.5
47.367,0.0002,-0.0,-0.0,-6.147,-0.0,0.0,0.0,inf,1.5,1.5
47.367,0.0002,-0.0,-0.0,-6.147,-0.0,0.0,0.0,inf,1.5,1.5
47.4,0.0002,-0.0,-0.0,-6.1513,-0.0,0.0,0.0,inf,1.5,1.5
47.4,0.0002,-0.0,-0.0,-6.1513,-0.0,0.0,0.0,inf,1.5,1.5
47.417,0.0002,-0.0,-0.0,-6.1535,-0.0,0.0,0.0,inf,1.5,1.5
47.417,0.0002,-0.0,-0.0,-6.1535,-0.0,0.0,0.0,inf,1.5,1.5
47.417,0.0002,-0.0,-0.0,-6.1535,-0.0,0.0,0.0,inf,1.5,1.5
47.45,0.0002,-0.0,-0.0,-6.1578,-0.0,0.0,0.0,inf,1.5,1.5
47.467,0.0002,-0.0,-0.0,-6.16,-0.0,0.0,0.0,inf,1.5,1.5
47.467,0.0002,-0.0,-0.0,-6.16,-0.0,0.0,0.0,inf,1.5,1.5
47.467,0.0002,-0.0,-0.0,-6.16,-0.0,0.0,0.0,inf,1.5,1.5
47.5,0.0002,-0.0,-0.0,-6.1643,-0.0,0.0,0.0,inf,1.5,1.5
47.5,0.0002,-0.0,-0.0,-6.1643,-0.0,0.0,0.0,inf,1.5,1.5
47.517,0.0002,-0.0,-0.0,-6.1664,-0.0,0.0,0.0,inf,1.5,1.5
47.533,0.0002,-0.0,-0.0,-6.1686,-0.0,0.0,0.0,inf,1.5,1.5
47.533,0.0002,-0.0,-0.0,-6.1686,-0.0,0.0,0.0,inf,1.5,1.5
47.533,0.0002,-0.0,-0.0,-6.1686,-0.0,0.0,0.0,inf,1.5,1.5
47.567,0.0002,-0.0,-0.0,-6.1729,-0.0,0.0,0.0,inf,1.5,1.5
47.583,0.0002,-0.0,-0.0,-6.1751,-0.0,0.0,0.0,inf,1.5,1.5
47.583,0.0002,-0.0,-0.0,-6.1751,-0.0,0.0,0.0,inf,1.5,1.5
47.583,0.0002,-0.0,-0.0,-6.1751,-0.0,0.0,0.0,inf,1.5,1.5
47.617,0.0002,-0.0,-0.0,-6.1794,-0.0,0.0,0.0,inf,1.5,1.5
47.617,0.0002,-0.0,-0.0,-6.1794,-0.0,0.0,0.0,inf,1.5,1.5
47.633,0.0002,-0.0,-0.0,-6.1816,-0.0,0.0,0.0,inf,1.5,1.5
47.633,0.0002,-0.0,-0.0,-6.1816,-0.0,0.0,0.0,inf,1.5,1.5
47.667,0.0002,-0.0,-0.0,-6.1859,-0.0,0.0,0.0,inf,1.5,1.5
47.667,0.0002,-0.0,-0.0,-6.1859,-0.0,0.0,0.0,inf,1.5,1.5
47.683,0.0002,-0.0,-0.0,-6.1881,-0.0,0.0,0.0,inf,1.5,1.5
47.683,0.0002,-0.0,-0.0,-6.1881,-0.0,0.0,0.0,inf,1.5,1.5
47.7,0.0002,-0.0,-0.0,-6.1902,-0.0,0.0,0.0,inf,1.5,1.5
47.7,0.0002,-0.0,-0.0,-6.1902,-0.0,0.0,0.0,inf,1.5,1.5
47.733,0.0002,-0.0,-0.0,-6.1946,-0.0,0.0,0.0,inf,1.5,1.5
47.733,0.0002,-0.0,-0.0,-6.1946,-0.0,0.0,0.0,inf,1.5,1.5
47.75,0.0002,-0.0,-0.0,-6.1967,-0.0,0.0,0.0,inf,1.5,1.5
47.75,0.0002,-0.0,-0.0,-6.1967,-0.0,0.0,0.0,inf,1.5,1.5
47.75,0.0002,-0.0,-0.0,-6.1967,-0.0,0.0,0.0,inf,1.5,1.5
47.783,0.0002,-0.0,-0.0,-6.2011,-0.0,0.0,0.0,inf,1.5,1.5
47.783,0.0002,-0.0,-0.0,-6.2011,-0.0,0.0,0.0,inf,1.5,1.5
47.8,0.0002,-0.0,-0.0,-6.2032,-0.0,0.0,0.0,inf,1.5,1.5
47.8,0.0002,-0.0,-0.0,-6.2032,-0.0,0.0,0.0,inf,1.5,1.5
47.8,0.0002,-0.0,-0.0,-6.2032,-0.0,0.0,0.0,inf,1.5,1.5
47.833,0.0002,-0.0,-0.0,-6.2075,-0.0,0.0,0.0,inf,1.5,1.5
47.833,0.0002,-0.0,-0.0,-6.2075,-0.0,0.0,0.0,inf,1.5,1.5
47.85,0.0002,-0.0,-0.0,-6.2097,-0.0,0.0,0.0,inf,1.5,1.5
47.867,0.0002,-0.0,-0.0,-6.2119,-0.0,0.0,0.0,inf,1.5,1.5
47.867,0.0002,-0.0,-0.0,-6.2119,-0.0,0.0,0.0,inf,1.5,1.5
47.867,0.0002,-0.0,-0.0,-6.2119,-0.0,0.0,0.0,inf,1.5,1.5
47.9,0.0002,-0.0,-0.0,-6.2162,-0.0,0.0,0.0,inf,1.5,1.5
47.9,0.0002,-0.0,-0.0,-6.2162,-0.0,0.0,0.0,inf,1.5,1.5
47.917,0.0002,-0.0,-0.0,-6.2184,-0.0,0.0,0.0,inf,1.5,1.5
47.917,0.0002,-0.0,-0.0,-6.2184,-0.0,0.0,0.0,inf,1.5,1.5
47.95,0.0002,-0.0,-0.0,-6.2227,-0.0,0.0,0.0,inf,1.5,1.5
47.95,0.0002,-0.0,-0.0,-6.2227,-0.0,0.0,0.0,inf,1.5,1.5
47.967,0.0002,-0.0,-0.0,-6.2248,-0.0,0.0,0.0,inf,1.5,1.5
47.967,0.0002,-0.0,-0.0,-6.2248,-0.0,0.0,0.0,inf,1.5,1.5
47.967,0.0002,-0.0,-0.0,-6.2248,-0.0,0.0,0.0,inf,1.5,1.5
48.0,0.0002,-0.0,-0.0,-6.2292,-0.0,0.0,0.0,inf,1.5,1.5
48.017,0.0002,-0.0,-0.0,-6.2313,-0.0,0.0,0.0,inf,1.5,1.5
48.017,0.0002,-0.0,-0.0,-6.2313,-0.0,0.0,0.0,inf,1.5,1.5
48.033,0.0002,-0.0,-0.0,-6.2335,-0.0,0.0,0.0,inf,1.5,1.5
48.033,0.0002,-0.0,-0.0,-6.2335,-0.0,0.0,0.0,inf,1.5,1.5
48.033,0.0002,-0.0,-0.0,-6.2335,-0.0,0.0,0.0,inf,1.5,1.5
48.067,0.0002,-0.0,-0.0,-6.2378,-0.0,0.0,0.0,inf,1.5,1.5
48.083,0.0002,-0.0,-0.0,-6.24,-0.0,0.0,0.0,inf,1.5,1.5
48.083,0.0002,-0.0,-0.0,-6.24,-0.0,0.0,0.0,inf,1.5,1.5
48.083,0.0002,-0.0,-0.0,-6.24,-0.0,0.0,0.0,inf,1.5,1.5
48.117,0.0002,-0.0,-0.0,-6.2443,-0.0,0.0,0.0,inf,1.5,1.5
48.117,0.0002,-0.0,-0.0,-6.2443,-0.0,0.0,0.0,inf,1.5,1.5
48.133,0.0002,-0.0,-0.0,-6.2465,-0.0,0.0,0.0,inf,1.5,1.5
48.133,0.0002,-0.0,-0.0,-6.2465,-0.0,0.0,0.0,inf,1.5,1.5
48.133,0.0002,-0.0,-0.0,-6.2465,-0.0,0.0,0.0,inf,1.5,1.5
48.167,0.0002,-0.0,-0.0,-6.2508,-0.0,0.0,0.0,inf,1.5,1.5
48.183,0.0002,-0.0,-0.0,-6.253,-0.0,0.0,0.0,inf,1.5,1.5
48.183,0.0002,-0.0,-0.0,-6.253,-0.0,0.0,0.0,inf,1.5,1.5
48.2,0.0002,-0.0,-0.0,-6.2551,-0.0,0.0,0.0,inf,1.5,1.5
48.2,0.0002,-0.0,-0.0,-6.2551,-0.0,0.0,0.0,inf,1.5,1.5
48.2,0.0002,-0.0,-0.0,-6.2551,-0.0,0.0,0.0,inf,1.5,1.5
48.233,0.0002,-0.0,-0.0,-6.2595,-0.0,0.0,0.0,inf,1.5,1.5
48.25,0.0002,-0.0,-0.0,-6.2616,-0.0,0.0,0.0,inf,1.5,1.5
48.25,0.0002,-0.0,-0.0,-6.2616,-0.0,0.0,0.0,inf,1.5,1.5
48.25,0.0002,-0.0,-0.0,-6.2616,-0.0,0.0,0.0,inf,1.5,1.5
48.283,0.0002,-0.0,-0.0,-6.2659,-0.0,0.0,0.0,inf,1.5,1.5
48.283,0.0002,-0.0,-0.0,-6.2659,-0.0,0.0,0.0,inf,1.5,1.5
48.3,0.0002,-0.0,-0.0,-6.2681,-0.0,0.0,0.0,inf,1.5,1.5
48.3,0.0002,-0.0,-0.0,-6.2681,-0.0,0.0,0.0,inf,1.5,1.5
48.3,0.0002,-0.0,-0.0,-6.2681,-0.0,0.0,0.0,inf,1.5,1.5
48.333,0.0002,-0.0,-0.0,-6.2724,-0.0,0.0,0.0,inf,1.5,1.5
48.35,0.0002,-0.0,-0.0,-6.2746,-0.0,0.0,0.0,inf,1.5,1.5
48.35,0.0002,-0.0,-0.0,-6.2746,-0.0,0.0,0.0,inf,1.5,1.5
48.367,0.0002,-0.0,-0.0,-6.2768,-0.0,0.0,0.0,inf,1.5,1.5
48.367,0.0002,-0.0,-0.0,-6.2768,-0.0,0.0,0.0,inf,1.5,1.5
48.367,0.0002,-0.0,-0.0,-6.2768,-0.0,0.0,0.0,inf,1.5,1.5
48.4,0.0002,-0.0,-0.0,-6.2811,-0.0,0.0,0.0,inf,1.5,1.5
48.417,0.0002,-0.0,-0.0,-6.2833,-0.0,0.0,0.0,inf,1.5,1.5
48.417,0.0002,-0.0,-0.0,-6.2833,-0.0,0.0,0.0,inf,1.5,1.5
48.417,0.0002,-0.0,-0.0,-6.2833,-0.0,0.0,0.0,inf,1.5,1.5
48.45,0.0002,-0.0,-0.0,-6.2876,-0.0,0.0,0.0,inf,1.5,1.5
48.45,0.0002,-0.0,-0.0,-6.2876,-0.0,0.0,0.0,inf,1.5,1.5
48.45,0.0002,-0.0,-0.0,-6.2876,-0.0,0.0,0.0,inf,1.5,1.5
48.467,0.0002,-0.0,-0.0,-6.2897,-0.0,0.0,0.0,inf,1.5,1.5
48.467,0.0002,-0.0,-0.0,-6.2897,-0.0,0.0,0.0,inf,1.5,1.5
48.467,0.0002,-0.0,-0.0,-6.2897,-0.0,0.0,0.0,inf,1.5,1.5
48.5,0.0002,-0.0,-0.0,-6.2941,-0.0,0.0,0.0,inf,1.5,1.5
48.517,0.0002,-0.0,-0.0,-6.2962,-0.0,0.0,0.0,inf,1.5,1.5
48.517,0.0002,-0.0,-0.0,-6.2962,-0.0,0.0,0.0,inf,1.5,1.5
48.533,0.0002,-0.0,-0.0,-6.2984,-0.0,0.0,0.0,inf,1.5,1.5
48.533,0.0002,-0.0,-0.0,-6.2984,-0.0,0.0,0.0,inf,1.5,1.5
48.533,0.0002,-0.0,-0.0,-6.2984,-0.0,0.0,0.0,inf,1.5,1.5
48.567,0.0002,-0.0,-0.0,-6.3027,-0.0,0.0,0.0,inf,1.5,1.5
48.583,0.0002,-0.0,-0.0,-6.3049,-0.0,0.0,0.0,inf,1.5,1.5
48.583,0.0002,-0.0,-0.0,-6.3049,-0.0,0.0,0.0,inf,1.5,1.5
48.583,0.0002,-0.0,-0.0,-6.3049,-0.0,0.0,0.0,inf,1.5,1.5
48.617,0.0002,-0.0,-0.0,-6.3092,-0.0,0.0,0.0,inf,1.5,1.5
48.633,0.0002,-0.0,-0.0,-6.3114,-0.0,0.0,0.0,inf,1.5,1.5
48.633,0.0002,-0.0,-0.0,-6.3114,-0.0,0.0,0.0,inf,1.5,1.5
48.633,0.0002,-0.0,-0.0,-6.3114,-0.0,0.0,0.0,inf,1.5,1.5
48.667,0.0002,-0.0,-0.0,-6.3157,-0.0,0.0,0.0,inf,1.5,1.5
48.667,0.0002,-0.0,-0.0,-6.3157,-0.0,0.0,0.0,inf,1.5,1.5
48.683,0.0002,-0.0,-0.0,-6.3179,-0.0,0.0,0.0,inf,1.5,1.5
48.683,0.0002,-0.0,-0.0,-6.3179,-0.0,0.0,0.0,inf,1.5,1.5
48.7,0.0002,-0.0,-0.0,-6.32,-0.0,0.0,0.0,inf,1.5,1.5
48.7,0.0002,-0.0,-0.0,-6.32,-0.0,0.0,0.0,inf,1.5,1.5
48.733,0.0002,-0.0,-0.0,-6.3243,-0.0,0.0,0.0,inf,1.5,1.5
48.733,0.0002,-0.0,-0.0,-6.3243,-0.0,0.0,0.0,inf,1.5,1.5
48.75,0.0002,-0.0,-0.0,-6.3265,-0.0,0.0,0.0,inf,1.5,1.5
48.75,0.0002,-0.0,-0.0,-6.3265,-0.0,0.0,0.0,inf,1.5,1.5
48.75,0.0002,-0.0,-0.0,-6.3265,-0.0,0.0,0.0,inf,1.5,1.5
48.783,0.0002,-0.0,-0.0,-6.3308,-0.0,0.0,0.0,inf,1.5,1.5
48.8,0.0002,-0.0,-0.0,-6.333,-0.0,0.0,0.0,inf,1.5,1.5
48.8,0.0002,-0.0,-0.0,-6.333,-0.0,0.0,0.0,inf,1.5,1.5
48.8,0.0002,-0.0,-0.0,-6.333,-0.0,0.0,0.0,inf,1.5,1.5
48.833,0.0002,-0.0,-0.0,-6.3373,-0.0,0.0,0.0,inf,1.5,1.5
48.833,0.0002,-0.0,-0.0,-6.3373,-0.0,0.0,0.0,inf,1.5,1.5
48.85,0.0002,-0.0,-0.0,-6.3395,-0.0,0.0,0.0,inf,1.5,1.5
48.867,0.0002,-0.0,-0.0,-6.3417,-0.0,0.0,0.0,inf,1.5,1.5
48.867,0.0002,-0.0,-0.0,-6.3417,-0.0,0.0,0.0,inf,1.5,1.5
48.867,0.0002,-0.0,-0.0,-6.3417,-0.0,0.0,0.0,inf,1.5,1.5
48.9,0.0002,-0.0,-0.0,-6.346,-0.0,0.0,0.0,inf,1.5,1.5
48.9,0.0002,-0.0,-0.0,-6.346,-0.0,0.0,0.0,inf,1.5,1.5
48.917,0.0002,-0.0,-0.0,-6.3481,-0.0,0.0,0.0,inf,1.5,1.5
48.917,0.0002,-0.0,-0.0,-6.3481,-0.0,0.0,0.0,inf,1.5,1.5
48.917,0.0002,-0.0,-0.0,-6.3481,-0.0,0.0,0.0,inf,1.5,1.5
48.95,0.0002,-0.0,-0.0,-6.3525,-0.0,0.0,0.0,inf,1.5,1.5
48.967,0.0002,-0.0,-0.0,-6.3546,-0.0,0.0,0.0,inf,1.5,1.5
48.967,0.0002,-0.0,-0.0,-6.3546,-0.0,0.0,0.0,inf,1.5,1.5
48.967,0.0002,-0.0,-0.0,-6.3546,-0.0,0.0,0.0,inf,1.5,1.5
49.0,0.0002,-0.0,-0.0,-6.359,-0.0,0.0,0.0,inf,1.5,1.5
49.0,0.0002,-0.0,-0.0,-6.359,-0.0,0.0,0.0,inf,1.5,1.5
49.017,0.0002,-0.0,-0.0,-6.3611,-0.0,0.0,0.0,inf,1.5,1.5
49.033,0.0002,-0.0,-0.0,-6.3633,-0.0,0.0,0.0,inf,1.5,1.5
49.033,0.0002,-0.0,-0.0,-6.3633,-0.0,0.0,0.0,inf,1.5,1.5
49.033,0.0002,-0.0,-0.0,-6.3633,-0.0,0.0,0.0,inf,1.5,1.5
49.067,0.0002,-0.0,-0.0,-6.3676,-0.0,0.0,0.0,inf,1.5,1.5
49.083,0.0002,-0.0,-0.0,-6.3698,-0.0,0.0,0.0,inf,1.5,1.5
49.083,0.0002,-0.0,-0.0,-6.3698,-0.0,0.0,0.0,inf,1.5,1.5
49.083,0.0002,-0.0,-0.0,-6.3698,-0.0,0.0,0.0,inf,1.5,1.5
49.117,0.0002,-0.0,-0.0,-6.3741,-0.0,0.0,0.0,inf,1.5,1.5
49.117,0.0002,-0.0,-0.0,-6.3741,-0.0,0.0,0.0,inf,1.5,1.5
49.133,0.0002,-0.0,-0.0,-6.3763,-0.0,0.0,0.0,inf,1.5,1.5
49.133,0.0002,-0.0,-0.0,-6.3763,-0.0,0.0,0.0,inf,1.5,1.5
49.133,0.0002,-0.0,-0.0,-6.3763,-0.0,0.0,0.0,inf,1.5,1.5
49.167,0.0002,-0.0,-0.0,-6.3806,-0.0,0.0,0.0,inf,1.5,1.5
49.183,0.0002,-0.0,-0.0,-6.3827,-0.0,0.0,0.0,inf,1.5,1.5
49.183,0.0002,-0.0,-0.0,-6.3827,-0.0,0.0,0.0,inf,1.5,1.5
49.2,0.0002,-0.0,-0.0,-6.3849,-0.0,0.0,0.0,inf,1.5,1.5
49.2,0.0002,-0.0,-0.0,-6.3849,-0.0,0.0,0.0,inf,1.5,1.5
49.233,0.0002,-0.0,-0.0,-6.3892,-0.0,0.0,0.0,inf,1.5,1.5
49.233,0.0002,-0.0,-0.0,-6.3892,-0.0,0.0,0.0,inf,1.5,1.5
49.25,0.0002,-0.0,-0.0,-6.3914,-0.0,0.0,0.0,inf,1.5,1.5
49.25,0.0002,-0.0,-0.0,-6.3914,-0.0,0.0,0.0,inf,1.5,1.5
49.25,0.0002,-0.0,-0.0,-6.3914,-0.0,0.0,0.0,inf,1.5,1.5
49.283,0.0002,-0.0,-0.0,-6.3957,-0.0,0.0,0.0,inf,1.5,1.5
49.3,0.0002,-0.0,-0.0,-6.3979,-0.0,0.0,0.0,inf,1.5,1.5
49.3,0.0002,-0.0,-0.0,-6.3979,-0.0,0.0,0.0,inf,1.5,1.5
49.3,0.0002,-0.0,-0.0,-6.3979,-0.0,0.0,0.0,inf,1.5,1.5
49.333,0.0002,-0.0,-0.0,-6.4022,-0.0,0.0,0.0,inf,1.5,1.5
49.333,0.0002,-0.0,-0.0,-6.4022,-0.0,0.0,0.0,inf,1.5,1.5
49.35,0.0002,-0.0,-0.0,-6.4044,-0.0,0.0,0.0,inf,1.5,1.5
49.367,0.0002,-0.0,-0.0,-6.4065,-0.0,0.0,0.0,inf,1.5,1.5
49.367,0.0002,-0.0,-0.0,-6.4065,-0.0,0.0,0.0,inf,1.5,1.5
49.367,0.0002,-0.0,-0.0,-6.4065,-0.0,0.0,0.0,inf,1.5,1.5
49.4,0.0002,-0.0,-0.0,-6.4109,-0.0,0.0,0.0,inf,1.5,1.5
49.4,0.0002,-0.0,-0.0,-6.4109,-0.0,0.0,0.0,inf,1.5,1.5
49.417,0.0002,-0.0,-0.0,-6.413,-0.0,0.0,0.0,inf,1.5,1.5
49.417,0.0002,-0.0,-0.0,-6.413,-0.0,0.0,0.0,inf,1.5,1.5
49.417,0.0002,-0.0,-0.0,-6.413,-0.0,0.0,0.0,inf,1.5,1.5
49.45,0.0002,-0.0,-0.0,-6.4174,-0.0,0.0,0.0,inf,1.5,1.5
49.467,0.0002,-0.0,-0.0,-6.4195,-0.0,0.0,0.0,inf,1.5,1.5
49.467,0.0002,-0.0,-0.0,-6.4195,-0.0,0.0,0.0,inf,1.5,1.5
49.467,0.0002,-0.0,-0.0,-6.4195,-0.0,0.0,0.0,inf,1.5,1.5
49.5,0.0002,-0.0,-0.0,-6.4238,-0.0,0.0,0.0,inf,1.5,1.5
49.517,0.0002,-0.0,-0.0,-6.426,-0.0,0.0,0.0,inf,1.5,1.5
49.517,0.0002,-0.0,-0.0,-6.426,-0.0,0.0,0.0,inf,1.5,1.5
49.533,0.0002,-0.0,-0.0,-6.4282,-0.0,0.0,0.0,inf,1.5,1.5
49.533,0.0002,-0.0,-0.0,-6.4282,-0.0,0.0,0.0,inf,1.5,1.5
49.533,0.0002,-0.0,-0.0,-6.4282,-0.0,0.0,0.0,inf,1.5,1.5
49.567,0.0002,-0.0,-0.0,-6.4325,-0.0,0.0,0.0,inf,1.5,1.5
49.583,0.0002,-0.0,-0.0,-6.4347,-0.0,0.0,0.0,inf,1.5,1.5
49.583,0.0002,-0.0,-0.0,-6.4347,-0.0,0.0,0.0,inf,1.5,1.5
49.583,0.0002,-0.0,-0.0,-6.4347,-0.0,0.0,0.0,inf,1.5,1.5
49.617,0.0002,-0.0,-0.0,-6.439,-0.0,0.0,0.0,inf,1.5,1.5
49.617,0.0002,-0.0,-0.0,-6.439,-0.0,0.0,0.0,inf,1.5,1.5
49.633,0.0002,-0.0,-0.0,-6.4412,-0.0,0.0,0.0,inf,1.5,1.5
49.633,0.0002,-0.0,-0.0,-6.4412,-0.0,0.0,0.0,inf,1.5,1.5
49.633,0.0002,-0.0,-0.0,-6.4412,-0.0,0.0,0.0,inf,1.5,1.5
49.667,0.0002,-0.0,-0.0,-6.4455,-0.0,0.0,0.0,inf,1.5,1.5
49.683,0.0002,-0.0,-0.0,-6.4476,-0.0,0.0,0.0,inf,1.5,1.5
49.683,0.0002,-0.0,-0.0,-6.4476,-0.0,0.0,0.0,inf,1.5,1.5
49.7,0.0002,-0.0,-0.0,-6.4498,-0.0,0.0,0.0,inf,1.5,1.5
49.7,0.0002,-0.0,-0.0,-6.4498,-0.0,0.0,0.0,inf,1.5,1.5
49.7,0.0002,-0.0,-0.0,-6.4498,-0.0,0.0,0.0,inf,1.5,1.5
49.733,0.0002,-0.0,-0.0,-6.4541,-0.0,0.0,0.0,inf,1.5,1.5
49.75,0.0002,-0.0,-0.0,-6.4563,-0.0,0.0,0.0,inf,1.5,1.5
49.75,0.0002,-0.0,-0.0,-6.4563,-0.0,0.0,0.0,inf,1.5,1.5
49.75,0.0002,-0.0,-0.0,-6.4563,-0.0,0.0,0.0,inf,1.5,1.5
49.783,0.0002,-0.0,-0.0,-6.4606,-0.0,0.0,0.0,inf,1.5,1.5
49.8,0.0002,-0.0,-0.0,-6.4628,-0.0,0.0,0.0,inf,1.5,1.5
49.8,0.0002,-0.0,-0.0,-6.4628,-0.0,0.0,0.0,inf,1.5,1.5
49.8,0.0002,-0.0,-0.0,-6.4628,-0.0,0.0,0.0,inf,1.5,1.5
49.833,0.0002,-0.0,-0.0,-6.4671,-0.0,0.0,0.0,inf,1.5,1.5
49.833,0.0002,-0.0,-0.0,-6.4671,-0.0,0.0,0.0,inf,1.5,1.5
49.85,0.0002,-0.0,-0.0,-6.4693,-0.0,0.0,0.0,inf,1.5,1.5
49.867,0.0002,-0.0,-0.0,-6.4714,-0.0,0.0,0.0,inf,1.5,1.5
49.867,0.0002,-0.0,-0.0,-6.4714,-0.0,0.0,0.0,inf,1.5,1.5
49.867,0.0002,-0.0,-0.0,-6.4714,-0.0,0.0,0.0,inf,1.5,1.5
49.9,0.0002,-0.0,-0.0,-6.4758,-0.0,0.0,0.0,inf,1.5,1.5
49.917,0.0002,-0.0,-0.0,-6.4779,-0.0,0.0,0.0,inf,1.5,1.5
49.917,0.0002,-0.0,-0.0,-6.4779,-0.0,0.0,0.0,inf,1.5,1.5
49.917,0.0002,-0.0,-0.0,-6.4779,-0.0,0.0,0.0,inf,1.5,1.5
49.95,0.0002,-0.0,-0.0,-6.4822,-0.0,0.0,0.0,inf,1.5,1.5
49.95,0.0002,-0.0,-0.0,-6.4822,-0.0,0.0,0.0,inf,1.5,1.5
49.967,0.0002,-0.0,-0.0,-6.4844,-0.0,0.0,0.0,inf,1.5,1.5
49.967,0.0002,-0.0,-0.0,-6.4844,-0.0,0.0,0.0,inf,1.5,1.5
49.967,0.0002,-0.0,-0.0,-6.4844,-0.0,0.0,0.0,inf,1.5,1.5
50.0,0.0002,-0.0,-0.0,-6.4887,-0.0,0.0,0.0,inf,1.5,1.5
50.017,0.0002,-0.0,-0.0,-6.4909,-0.0,0.0,0.0,inf,1.5,1.5
50.017,0.0002,-0.0,-0.0,-6.4909,-0.0,0.0,0.0,inf,1.5,1.5
50.033,0.0002,-0.0,-0.0,-6.4931,-0.0,0.0,0.0,inf,1.5,1.5
50.033,0.0002,-0.0,-0.0,-6.4931,-0.0,0.0,0.0,inf,1.5,1.5
50.033,0.0002,-0.0,-0.0,-6.4931,-0.0,0.0,0.0,inf,1.5,1.5
50.067,0.0002,-0.0,-0.0,-6.4974,-0.0,0.0,0.0,inf,1.5,1.5
50.083,0.0002,-0.0,-0.0,-6.4996,-0.0,0.0,0.0,inf,1.5,1.5
50.083,0.0002,-0.0,-0.0,-6.4996,-0.0,0.0,0.0,inf,1.5,1.5
50.083,0.0002,-0.0,-0.0,-6.4996,-0.0,0.0,0.0,inf,1.5,1.5
50.117,0.0002,-0.0,-0.0,-6.5039,-0.0,0.0,0.0,inf,1.5,1.5
50.117,0.0002,-0.0,-0.0,-6.5039,-0.0,0.0,0.0,inf,1.5,1.5
50.133,0.0002,-0.0,-0.0,-6.506,-0.0,0.0,0.0,inf,1.5,1.5
50.133,0.0002,-0.0,-0.0,-6.506,-0.0,0.0,0.0,inf,1.5,1.5
50.133,0.0002,-0.0,-0.0,-6.506,-0.0,0.0,0.0,inf,1.5,1.5
50.167,0.0002,-0.0,-0.0,-6.5104,-0.0,0.0,0.0,inf,1.5,1.5
50.183,0.0002,-0.0,-0.0,-6.5125,-0.0,0.0,0.0,inf,1.5,1.5
50.2,0.0002,-0.0,-0.0,-6.5147,-0.0,0.0,0.0,inf,1.5,1.5
50.2,0.0002,-0.0,-0.0,-6.5147,-0.0,0.0,0.0,inf,1.5,1.5
50.2,0.0002,-0.0,-0.0,-6.5147,-0.0,0.0,0.0,inf,1.5,1.5
50.233,0.0002,-0.0,-0.0,-6.519,-0.0,0.0,0.0,inf,1.5,1.5
50.233,0.0002,-0.0,-0.0,-6.519,-0.0,0.0,0.0,inf,1.5,1.5
50.25,0.0002,-0.0,-0.0,-6.5212,-0.0,0.0,0.0,inf,1.5,1.5
50.25,0.0002,-0.0,-0.0,-6.5212,-0.0,0.0,0.0,inf,1.5,1.5
50.25,0.0002,-0.0,-0.0,-6.5212,-0.0,0.0,0.0,inf,1.5,1.5
50.283,0.0002,-0.0,-0.0,-6.5255,-0.0,0.0,0.0,inf,1.5,1.5
50.3,0.0002,-0.0,-0.0,-6.5277,-0.0,0.0,0.0,inf,1.5,1.5
50.3,0.0002,-0.0,-0.0,-6.5277,-0.0,0.0,0.0,inf,1.5,1.5
50.3,0.0002,-0.0,-0.0,-6.5277,-0.0,0.0,0.0,inf,1.5,1.5
50.333,0.0002,-0.0,-0.0,-6.532,-0.0,0.0,0.0,inf,1.5,1.5
50.333,0.0002,-0.0,-0.0,-6.532,-0.0,0.0,0.0,inf,1.5,1.5
50.35,0.0002,-0.0,-0.0,-6.5342,-0.0,0.0,0.0,inf,1.5,1.5
50.367,0.0002,-0.0,-0.0,-6.5363,-0.0,0.0,0.0,inf,1.5,1.5
50.367,0.0002,-0.0,-0.0,-6.5363,-0.0,0.0,0.0,inf,1.5,1.5
50.367,0.0002,-0.0,-0.0,-6.5363,-0.0,0.0,0.0,inf,1.5,1.5
50.4,0.0002,-0.0,-0.0,-6.5406,-0.0,0.0,0.0,inf,1.5,1.5
50.417,0.0002,-0.0,-0.0,-6.5428,-0.0,0.0,0.0,inf,1.5,1.5
50.417,0.0002,-0.0,-0.0,-6.5428,-0.0,0.0,0.0,inf,1.5,1.5
50.417,0.0002,-0.0,-0.0,-6.5428,-0.0,0.0,0.0,inf,1.5,1.5
50.45,0.0002,-0.0,-0.0,-6.5471,-0.0,0.0,0.0,inf,1.5,1.5
50.45,0.0002,-0.0,-0.0,-6.5471,-0.0,0.0,0.0,inf,1.5,1.5
50.467,0.0002,-0.0,-0.0,-6.5493,-0.0,0.0,0.0,inf,1.5,1.5
50.467,0.0002,-0.0,-0.0,-6.5493,-0.0,0.0,0.0,inf,1.5,1.5
50.5,0.0002,-0.0,-0.0,-6.5536,-0.0,0.0,0.0,inf,1.5,1.5
50.5,0.0002,-0.0,-0.0,-6.5536,-0.0,0.0,0.0,inf,1.5,1.5
50.517,0.0002,-0.0,-0.0,-6.5558,-0.0,0.0,0.0,inf,1.5,1.5
50.533,0.0002,-0.0,-0.0,-6.558,-0.0,0.0,0.0,inf,1.5,1.5
50.533,0.0002,-0.0,-0.0,-6.558,-0.0,0.0,0.0,inf,1.5,1.5
50.533,0.0002,-0.0,-0.0,-6.558,-0.0,0.0,0.0,inf,1.5,1.5
50.567,0.0002,-0.0,-0.0,-6.5623,-0.0,0.0,0.0,inf,1.5,1.5
50.567,0.0002,-0.0,-0.0,-6.5623,-0.0,0.0,0.0,inf,1.5,1.5
50.583,0.0002,-0.0,-0.0,-6.5644,-0.0,0.0,0.0,inf,1.5,1.5
50.583,0.0002,-0.0,-0.0,-6.5644,-0.0,0.0,0.0,inf,1.5,1.5
50.583,0.0002,-0.0,-0.0,-6.5644,-0.0,0.0,0.0,inf,1.5,1.5
50.617,0.0002,-0.0,-0.0,-6.5688,-0.0,0.0,0.0,inf,1.5,1.5
50.633,0.0002,-0.0,-0.0,-6.5709,-0.0,0.0,0.0,inf,1.5,1.5
50.633,0.0002,-0.0,-0.0,-6.5709,-0.0,0.0,0.0,inf,1.5,1.5
50.633,0.0002,-0.0,-0.0,-6.5709,-0.0,0.0,0.0,inf,1.5,1.5
50.667,0.0002,-0.0,-0.0,-6.5753,-0.0,0.0,0.0,inf,1.5,1.5
50.683,0.0002,-0.0,-0.0,-6.5774,-0.0,0.0,0.0,inf,1.5,1.5
50.683,0.0002,-0.0,-0.0,-6.5774,-0.0,0.0,0.0,inf,1.5,1.5
50.7,0.0002,-0.0,-0.0,-6.5796,-0.0,0.0,0.0,inf,1.5,1.5
50.7,0.0002,-0.0,-0.0,-6.5796,-0.0,0.0,0.0,inf,1.5,1.5
50.7,0.0002,-0.0,-0.0,-6.5796,-0.0,0.0,0.0,inf,1.5,1.5
50.733,0.0002,-0.0,-0.0,-6.5839,-0.0,0.0,0.0,inf,1.5,1.5
50.75,0.0002,-0.0,-0.0,-6.5861,-0.0,0.0,0.0,inf,1.5,1.5
50.75,0.0002,-0.0,-0.0,-6.5861,-0.0,0.0,0.0,inf,1.5,1.5
50.75,0.0002,-0.0,-0.0,-6.5861,-0.0,0.0,0.0,inf,1.5,1.5
50.783,0.0002,-0.0,-0.0,-6.5904,-0.0,0.0,0.0,inf,1.5,1.5
50.8,0.0002,-0.0,-0.0,-6.5926,-0.0,0.0,0.0,inf,1.5,1.5
50.8,0.0002,-0.0,-0.0,-6.5926,-0.0,0.0,0.0,inf,1.5,1.5
50.8,0.0002,-0.0,-0.0,-6.5926,-0.0,0.0,0.0,inf,1.5,1.5
50.833,0.0002,-0.0,-0.0,-6.5969,-0.0,0.0,0.0,inf,1.5,1.5
50.833,0.0002,-0.0,-0.0,-6.5969,-0.0,0.0,0.0,inf,1.5,1.5
50.85,0.0002,-0.0,-0.0,-6.5991,-0.0,0.0,0.0,inf,1.5,1.5
50.867,0.0002,-0.0,-0.0,-6.6012,-0.0,0.0,0.0,inf,1.5,1.5
50.867,0.0002,-0.0,-0.0,-6.6012,-0.0,0.0,0.0,inf,1.5,1.5
50.867,0.0002,-0.0,-0.0,-6.6012,-0.0,0.0,0.0,inf,1.5,1.5
50.867,0.0002,-0.0,-0.0,-6.6012,-0.0,0.0,0.0,inf,1.5,1.5
50.9,0.0002,-0.0,-0.0,-6.6055,-0.0,0.0,0.0,inf,1.5,1.5
50.9,0.0002,-0.0,-0.0,-6.6055,-0.0,0.0,0.0,inf,1.5,1.5
50.917,0.0002,-0.0,-0.0,-6.6077,-0.0,0.0,0.0,inf,1.5,1.5
50.917,0.0002,-0.0,-0.0,-6.6077,-0.0,0.0,0.0,inf,1.5,1.5
50.917,0.0002,-0.0,-0.0,-6.6077,-0.0,0.0,0.0,inf,1.5,1.5
50.95,0.0002,-0.0,-0.0,-6.612,-0.0,0.0,0.0,inf,1.5,1.5
50.967,0.0002,-0.0,-0.0,-6.6142,-0.0,0.0,0.0,inf,1.5,1.5
50.967,0.0002,-0.0,-0.0,-6.6142,-0.0,0.0,0.0,inf,1.5,1.5
50.967,0.0002,-0.0,-0.0,-6.6142,-0.0,0.0,0.0,inf,1.5,1.5
51.0,0.0002,-0.0,-0.0,-6.6185,-0.0,0.0,0.0,inf,1.5,1.5
51.017,0.0002,-0.0,-0.0,-6.6207,-0.0,0.0,0.0,inf,1.5,1.5
51.017,0.0002,-0.0,-0.0,-6.6207,-0.0,0.0,0.0,inf,1.5,1.5
51.033,0.0002,-0.0,-0.0,-6.6228,-0.0,0.0,0.0,inf,1.5,1.5
51.033,0.0002,-0.0,-0.0,-6.6228,-0.0,0.0,0.0,inf,1.5,1.5
51.033,0.0002,-0.0,-0.0,-6.6228,-0.0,0.0,0.0,inf,1.5,1.5
51.067,0.0002,-0.0,-0.0,-6.6272,-0.0,0.0,0.0,inf,1.5,1.5
51.083,0.0002,-0.0,-0.0,-6.6293,-0.0,0.0,0.0,inf,1.5,1.5
51.083,0.0002,-0.0,-0.0,-6.6293,-0.0,0.0,0.0,inf,1.5,1.5
51.083,0.0002,-0.0,-0.0,-6.6293,-0.0,0.0,0.0,inf,1.5,1.5
51.117,0.0002,-0.0,-0.0,-6.6337,-0.0,0.0,0.0,inf,1.5,1.5
51.133,0.0002,-0.0,-0.0,-6.6358,-0.0,0.0,0.0,inf,1.5,1.5
51.133,0.0002,-0.0,-0.0,-6.6358,-0.0,0.0,0.0,inf,1.5,1.5
51.133,0.0002,-0.0,-0.0,-6.6358,-0.0,0.0,0.0,inf,1.5,1.5
51.167,0.0002,-0.0,-0.0,-6.6401,-0.0,0.0,0.0,inf,1.5,1.5
51.167,0.0002,-0.0,-0.0,-6.6401,-0.0,0.0,0.0,inf,1.5,1.5
51.183,0.0002,-0.0,-0.0,-6.6423,-0.0,0.0,0.0,inf,1.5,1.5
51.2,0.0002,-0.0,-0.0,-6.6445,-0.0,0.0,0.0,inf,1.5,1.5
51.2,0.0002,-0.0,-0.0,-6.6445,-0.0,0.0,0.0,inf,1.5,1.5
51.2,0.0002,-0.0,-0.0,-6.6445,-0.0,0.0,0.0,inf,1.5,1.5
51.233,0.0002,-0.0,-0.0,-6.6488,-0.0,0.0,0.0,inf,1.5,1.5
51.233,0.0002,-0.0,-0.0,-6.6488,-0.0,0.0,0.0,inf,1.5,1.5
51.25,0.0002,-0.0,-0.0,-6.651,-0.0,0.0,0.0,inf,1.5,1.5
51.25,0.0002,-0.0,-0.0,-6.651,-0.0,0.0,0.0,inf,1.5,1.5
51.25,0.0002,-0.0,-0.0,-6.651,-0.0,0.0,0.0,inf,1.5,1.5
51.283,0.0002,-0.0,-0.0,-6.6553,-0.0,0.0,0.0,inf,1.5,1.5
51.3,0.0002,-0.0,-0.0,-6.6575,-0.0,0.0,0.0,inf,1.5,1.5
51.3,0.0002,-0.0,-0.0,-6.6575,-0.0,0.0,0.0,inf,1.5,1.5
51.3,0.0002,-0.0,-0.0,-6.6575,-0.0,0.0,0.0,inf,1.5,1.5
51.333,0.0002,-0.0,-0.0,-6.6618,-0.0,0.0,0.0,inf,1.5,1.5
51.333,0.0002,-0.0,-0.0,-6.6618,-0.0,0.0,0.0,inf,1.5,1.5
51.35,0.0002,-0.0,-0.0,-6.6639,-0.0,0.0,0.0,inf,1.5,1.5
51.367,0.0002,-0.0,-0.0,-6.6661,-0.0,0.0,0.0,inf,1.5,1.5
51.367,0.0002,-0.0,-0.0,-6.6661,-0.0,0.0,0.0,inf,1.5,1.5
51.367,0.0002,-0.0,-0.0,-6.6661,-0.0,0.0,0.0,inf,1.5,1.5
51.4,0.0002,-0.0,-0.0,-6.6704,-0.0,0.0,0.0,inf,1.5,1.5
51.417,0.0002,-0.0,-0.0,-6.6726,-0.0,0.0,0.0,inf,1.5,1.5
51.417,0.0002,-0.0,-0.0,-6.6726,-0.0,0.0,0.0,inf,1.5,1.5
51.417,0.0002,-0.0,-0.0,-6.6726,-0.0,0.0,0.0,inf,1.5,1.5
51.45,0.0002,-0.0,-0.0,-6.6769,-0.0,0.0,0.0,inf,1.5,1.5
51.45,0.0002,-0.0,-0.0,-6.6769,-0.0,0.0,0.0,inf,1.5,1.5
51.467,0.0002,-0.0,-0.0,-6.6791,-0.0,0.0,0.0,inf,1.5,1.5
51.467,0.0002,-0.0,-0.0,-6.6791,-0.0,0.0,0.0,inf,1.5,1.5
51.467,0.0002,-0.0,-0.0,-6.6791,-0.0,0.0,0.0,inf,1.5,1.5
51.5,0.0002,-0.0,-0.0,-6.6834,-0.0,0.0,0.0,inf,1.5,1.5
51.517,0.0002,-0.0,-0.0,-6.6856,-0.0,0.0,0.0,inf,1.5,1.5
51.517,0.0002,-0.0,-0.0,-6.6856,-0.0,0.0,0.0,inf,1.5,1.5
51.533,0.0002,-0.0,-0.0,-6.6877,-0.0,0.0,0.0,inf,1.5,1.5
51.533,0.0002,-0.0,-0.0,-6.6877,-0.0,0.0,0.0,inf,1.5,1.5
51.567,0.0002,-0.0,-0.0,-6.6921,-0.0,0.0,0.0,inf,1.5,1.5
51.567,0.0002,-0.0,-0.0,-6.6921,-0.0,0.0,0.0,inf,1.5,1.5
51.583,0.0002,-0.0,-0.0,-6.6942,-0.0,0.0,0.0,inf,1.5,1.5
51.583,0.0002,-0.0,-0.0,-6.6942,-0.0,0.0,0.0,inf,1.5,1.5
51.583,0.0002,-0.0,-0.0,-6.6942,-0.0,0.0,0.0,inf,1.5,1.5
51.617,0.0002,-0.0,-0.0,-6.6985,-0.0,0.0,0.0,inf,1.5,1.5
51.617,0.0002,-0.0,-0.0,-6.6985,-0.0,0.0,0.0,inf,1.5,1.5
51.633,0.0002,-0.0,-0.0,-6.7007,-0.0,0.0,0.0,inf,1.5,1.5
51.633,0.0002,-0.0,-0.0,-6.7007,-0.0,0.0,0.0,inf,1.5,1.5
51.633,0.0002,-0.0,-0.0,-6.7007,-0.0,0.0,0.0,inf,1.5,1.5
51.667,0.0002,-0.0,-0.0,-6.705,-0.0,0.0,0.0,inf,1.5,1.5
51.667,0.0002,-0.0,-0.0,-6.705,-0.0,0.0,0.0,inf,1.5,1.5
51.683,0.0002,-0.0,-0.0,-6.7072,-0.0,0.0,0.0,inf,1.5,1.5
51.7,0.0002,-0.0,-0.0,-6.7094,-0.0,0.0,0.0,inf,1.5,1.5
51.7,0.0002,-0.0,-0.0,-6.7094,-0.0,0.0,0.0,inf,1.5,1.5
51.7,0.0002,-0.0,-0.0,-6.7094,-0.0,0.0,0.0,inf,1.5,1.5
51.733,0.0002,-0.0,-0.0,-6.7137,-0.0,0.0,0.0,inf,1.5,1.5
51.733,0.0002,-0.0,-0.0,-6.7137,-0.0,0.0,0.0,inf,1.5,1.5
51.75,0.0002,-0.0,-0.0,-6.7159,-0.0,0.0,0.0,inf,1.5,1.5
51.75,0.0002,-0.0,-0.0,-6.7159,-0.0,0.0,0.0,inf,1.5,1.5
51.75,0.0002,-0.0,-0.0,-6.7159,-0.0,0.0,0.0,inf,1.5,1.5
51.783,0.0002,-0.0,-0.0,-6.7202,-0.0,0.0,0.0,inf,1.5,1.5
51.8,0.0002,-0.0,-0.0,-6.7223,-0.0,0.0,0.0,inf,1.5,1.5
51.8,0.0002,-0.0,-0.0,-6.7223,-0.0,0.0,0.0,inf,1.5,1.5
51.8,0.0002,-0.0,-0.0,-6.7223,-0.0,0.0,0.0,inf,1.5,1.5
51.833,0.0002,-0.0,-0.0,-6.7267,-0.0,0.0,0.0,inf,1.5,1.5
51.833,0.0002,-0.0,-0.0,-6.7267,-0.0,0.0,0.0,inf,1.5,1.5
51.85,0.0002,-0.0,-0.0,-6.7288,-0.0,0.0,0.0,inf,1.5,1.5
51.867,0.0002,-0.0,-0.0,-6.731,-0.0,0.0,0.0,inf,1.5,1.5
51.867,0.0002,-0.0,-0.0,-6.731,-0.0,0.0,0.0,inf,1.5,1.5
51.867,0.0002,-0.0,-0.0,-6.731,-0.0,0.0,0.0,inf,1.5,1.5
51.9,0.0002,-0.0,-0.0,-6.7353,-0.0,0.0,0.0,inf,1.5,1.5
51.9,0.0002,-0.0,-0.0,-6.7353,-0.0,0.0,0.0,inf,1.5,1.5
51.917,0.0002,-0.0,-0.0,-6.7375,-0.0,0.0,0.0,inf,1.5,1.5
51.917,0.0002,-0.0,-0.0,-6.7375,-0.0,0.0,0.0,inf,1.5,1.5
51.917,0.0002,-0.0,-0.0,-6.7375,-0.0,0.0,0.0,inf,1.5,1.5
51.95,0.0002,-0.0,-0.0,-6.7418,-0.0,0.0,0.0,inf,1.5,1.5
51.967,0.0002,-0.0,-0.0,-6.744,-0.0,0.0,0.0,inf,1.5,1.5
51.967,0.0002,-0.0,-0.0,-6.744,-0.0,0.0,0.0,inf,1.5,1.5
51.967,0.0002,-0.0,-0.0,-6.744,-0.0,0.0,0.0,inf,1.5,1.5
52.0,0.0002,-0.0,-0.0,-6.7483,-0.0,0.0,0.0,inf,1.5,1.5
52.017,0.0002,-0.0,-0.0,-6.7505,-0.0,0.0,0.0,inf,1.5,1.5
52.017,0.0002,-0.0,-0.0,-6.7505,-0.0,0.0,0.0,inf,1.5,1.5
52.033,0.0002,-0.0,-0.0,-6.7526,-0.0,0.0,0.0,inf,1.5,1.5
52.033,0.0002,-0.0,-0.0,-6.7526,-0.0,0.0,0.0,inf,1.5,1.5
52.033,0.0002,-0.0,-0.0,-6.7526,-0.0,0.0,0.0,inf,1.5,1.5
52.067,0.0002,-0.0,-0.0,-6.757,-0.0,0.0,0.0,inf,1.5,1.5
52.083,0.0002,-0.0,-0.0,-6.7591,-0.0,0.0,0.0,inf,1.5,1.5
52.083,0.0002,-0.0,-0.0,-6.7591,-0.0,0.0,0.0,inf,1.5,1.5
52.083,0.0002,-0.0,-0.0,-6.7591,-0.0,0.0,0.0,inf,1.5,1.5
52.117,0.0002,-0.0,-0.0,-6.7634,-0.0,0.0,0.0,inf,1.5,1.5
52.117,0.0002,-0.0,-0.0,-6.7634,-0.0,0.0,0.0,inf,1.5,1.5
52.133,0.0002,-0.0,-0.0,-6.7656,-0.0,0.0,0.0,inf,1.5,1.5
52.133,0.0002,-0.0,-0.0,-6.7656,-0.0,0.0,0.0,inf,1.5,1.5
52.167,0.0002,-0.0,-0.0,-6.7699,-0.0,0.0,0.0,inf,1.5,1.5
52.167,0.0002,-0.0,-0.0,-6.7699,-0.0,0.0,0.0,inf,1.5,1.5
52.183,0.0002,-0.0,-0.0,-6.7721,-0.0,0.0,0.0,inf,1.5,1.5
52.2,0.0002,-0.0,-0.0,-6.7743,-0.0,0.0,0.0,inf,1.5,1.5
52.2,0.0002,-0.0,-0.0,-6.7743,-0.0,0.0,0.0,inf,1.5,1.5
52.2,0.0002,-0.0,-0.0,-6.7743,-0.0,0.0,0.0,inf,1.5,1.5
52.233,0.0002,-0.0,-0.0,-6.7786,-0.0,0.0,0.0,inf,1.5,1.5
52.233,0.0002,-0.0,-0.0,-6.7786,-0.0,0.0,0.0,inf,1.5,1.5
52.25,0.0002,-0.0,-0.0,-6.7807,-0.0,0.0,0.0,inf,1.5,1.5
52.25,0.0002,-0.0,-0.0,-6.7807,-0.0,0.0,0.0,inf,1.5,1.5
52.25,0.0002,-0.0,-0.0,-6.7807,-0.0,0.0,0.0,inf,1.5,1.5
52.283,0.0002,-0.0,-0.0,-6.7851,-0.0,0.0,0.0,inf,1.5,1.5
52.3,0.0002,-0.0,-0.0,-6.7872,-0.0,0.0,0.0,inf,1.5,1.5
52.3,0.0002,-0.0,-0.0,-6.7872,-0.0,0.0,0.0,inf,1.5,1.5
52.3,0.0002,-0.0,-0.0,-6.7872,-0.0,0.0,0.0,inf,1.5,1.5
52.333,0.0002,-0.0,-0.0,-6.7916,-0.0,0.0,0.0,inf,1.5,1.5
52.333,0.0002,-0.0,-0.0,-6.7916,-0.0,0.0,0.0,inf,1.5,1.5
52.35,0.0002,-0.0,-0.0,-6.7937,-0.0,0.0,0.0,inf,1.5,1.5
52.367,0.0002,-0.0,-0.0,-6.7959,-0.0,0.0,0.0,inf,1.5,1.5
52.367,0.0002,-0.0,-0.0,-6.7959,-0.0,0.0,0.0,inf,1.5,1.5
52.367,0.0002,-0.0,-0.0,-6.7959,-0.0,0.0,0.0,inf,1.5,1.5
52.4,0.0002,-0.0,-0.0,-6.8002,-0.0,0.0,0.0,inf,1.5,1.5
52.417,0.0002,-0.0,-0.0,-6.8024,-0.0,0.0,0.0,inf,1.5,1.5
52.417,0.0002,-0.0,-0.0,-6.8024,-0.0,0.0,0.0,inf,1.5,1.5
52.417,0.0002,-0.0,-0.0,-6.8024,-0.0,0.0,0.0,inf,1.5,1.5
52.45,0.0002,-0.0,-0.0,-6.8067,-0.0,0.0,0.0,inf,1.5,1.5
52.45,0.0002,-0.0,-0.0,-6.8067,-0.0,0.0,0.0,inf,1.5,1.5
52.467,0.0002,-0.0,-0.0,-6.8089,-0.0,0.0,0.0,inf,1.5,1.5
52.467,0.0002,-0.0,-0.0,-6.8089,-0.0,0.0,0.0,inf,1.5,1.5
52.467,0.0002,-0.0,-0.0,-6.8089,-0.0,0.0,0.0,inf,1.5,1.5
52.5,0.0002,-0.0,-0.0,-6.8132,-0.0,0.0,0.0,inf,1.5,1.5
52.517,0.0002,-0.0,-0.0,-6.8154,-0.0,0.0,0.0,inf,1.5,1.5
52.517,0.0002,-0.0,-0.0,-6.8154,-0.0,0.0,0.0,inf,1.5,1.5
52.533,0.0002,-0.0,-0.0,-6.8175,-0.0,0.0,0.0,inf,1.5,1.5
52.533,0.0002,-0.0,-0.0,-6.8175,-0.0,0.0,0.0,inf,1.5,1.5
52.533,0.0002,-0.0,-0.0,-6.8175,-0.0,0.0,0.0,inf,1.5,1.5
52.567,0.0002,-0.0,-0.0,-6.8218,-0.0,0.0,0.0,inf,1.5,1.5
52.583,0.0002,-0.0,-0.0,-6.824,-0.0,0.0,0.0,inf,1.5,1.5
52.583,0.0002,-0.0,-0.0,-6.824,-0.0,0.0,0.0,inf,1.5,1.5
52.583,0.0002,-0.0,-0.0,-6.824,-0.0,0.0,0.0,inf,1.5,1.5
52.617,0.0002,-0.0,-0.0,-6.8283,-0.0,0.0,0.0,inf,1.5,1.5
52.633,0.0002,-0.0,-0.0,-6.8305,-0.0,0.0,0.0,inf,1.5,1.5
52.633,0.0002,-0.0,-0.0,-6.8305,-0.0,0.0,0.0,inf,1.5,1.5
52.633,0.0002,-0.0,-0.0,-6.8305,-0.0,0.0,0.0,inf,1.5,1.5
52.667,0.0002,-0.0,-0.0,-6.8348,-0.0,0.0,0.0,inf,1.5,1.5
52.667,0.0002,-0.0,-0.0,-6.8348,-0.0,0.0,0.0,inf,1.5,1.5
52.683,0.0002,-0.0,-0.0,-6.837,-0.0,0.0,0.0,inf,1.5,1.5
52.7,0.0002,-0.0,-0.0,-6.8391,-0.0,0.0,0.0,inf,1.5,1.5
52.7,0.0002,-0.0,-0.0,-6.8391,-0.0,0.0,0.0,inf,1.5,1.5
52.7,0.0002,-0.0,-0.0,-6.8391,-0.0,0.0,0.0,inf,1.5,1.5
52.733,0.0002,-0.0,-0.0,-6.8435,-0.0,0.0,0.0,inf,1.5,1.5
52.75,0.0002,-0.0,-0.0,-6.8456,-0.0,0.0,0.0,inf,1.5,1.5
52.75,0.0002,-0.0,-0.0,-6.8456,-0.0,0.0,0.0,inf,1.5,1.5
52.75,0.0002,-0.0,-0.0,-6.8456,-0.0,0.0,0.0,inf,1.5,1.5
52.783,0.0002,-0.0,-0.0,-6.85,-0.0,0.0,0.0,inf,1.5,1.5
52.783,0.0002,-0.0,-0.0,-6.85,-0.0,0.0,0.0,inf,1.5,1.5
52.8,0.0002,-0.0,-0.0,-6.8521,-0.0,0.0,0.0,inf,1.5,1.5
52.8,0.0002,-0.0,-0.0,-6.8521,-0.0,0.0,0.0,inf,1.5,1.5
52.833,0.0002,-0.0,-0.0,-6.8564,-0.0,0.0,0.0,inf,1.5,1.5
52.833,0.0002,-0.0,-0.0,-6.8564,-0.0,0.0,0.0,inf,1.5,1.5
52.85,0.0002,-0.0,-0.0,-6.8586,-0.0,0.0,0.0,inf,1.5,1.5
52.867,0.0002,-0.0,-0.0,-6.8608,-0.0,0.0,0.0,inf,1.5,1.5
52.867,0.0002,-0.0,-0.0,-6.8608,-0.0,0.0,0.0,inf,1.5,1.5
52.867,0.0002,-0.0,-0.0,-6.8608,-0.0,0.0,0.0,inf,1.5,1.5
52.9,0.0002,-0.0,-0.0,-6.8651,-0.0,0.0,0.0,inf,1.5,1.5
52.9,0.0002,-0.0,-0.0,-6.8651,-0.0,0.0,0.0,inf,1.5,1.5
52.917,0.0002,-0.0,-0.0,-6.8673,-0.0,0.0,0.0,inf,1.5,1.5
52.917,0.0002,-0.0,-0.0,-6.8673,-0.0,0.0,0.0,inf,1.5,1.5
52.917,0.0002,-0.0,-0.0,-6.8673,-0.0,0.0,0.0,inf,1.5,1.5
52.95,0.0002,-0.0,-0.0,-6.8716,-0.0,0.0,0.0,inf,1.5,1.5
52.967,0.0002,-0.0,-0.0,-6.8738,-0.0,0.0,0.0,inf,1.5,1.5
52.967,0.0002,-0.0,-0.0,-6.8738,-0.0,0.0,0.0,inf,1.5,1.5
52.967,0.0002,-0.0,-0.0,-6.8738,-0.0,0.0,0.0,inf,1.5,1.5
53.0,0.0002,-0.0,-0.0,-6.8781,-0.0,0.0,0.0,inf,1.5,1.5
53.0,0.0002,-0.0,-0.0,-6.8781,-0.0,0.0,0.0,inf,1.5,1.5
53.017,0.0002,-0.0,-0.0,-6.8802,-0.0,0.0,0.0,inf,1.5,1.5
53.033,0.0002,-0.0,-0.0,-6.8824,-0.0,0.0,0.0,inf,1.5,1.5
53.033,0.0002,-0.0,-0.0,-6.8824,-0.0,0.0,0.0,inf,1.5,1.5
53.033,0.0002,-0.0,-0.0,-6.8824,-0.0,0.0,0.0,inf,1.5,1.5
53.033,0.0002,-0.0,-0.0,-6.8824,-0.0,0.0,0.0,inf,1.5,1.5
53.067,0.0002,-0.0,-0.0,-6.8867,-0.0,0.0,0.0,inf,1.5,1.5
53.067,0.0002,-0.0,-0.0,-6.8867,-0.0,0.0,0.0,inf,1.5,1.5
53.083,0.0002,-0.0,-0.0,-6.8889,-0.0,0.0,0.0,inf,1.5,1.5
53.083,0.0002,-0.0,-0.0,-6.8889,-0.0,0.0,0.0,inf,1.5,1.5
53.083,0.0002,-0.0,-0.0,-6.8889,-0.0,0.0,0.0,inf,1.5,1.5
53.117,0.0002,-0.0,-0.0,-6.8932,-0.0,0.0,0.0,inf,1.5,1.5
53.133,0.0002,-0.0,-0.0,-6.8954,-0.0,0.0,0.0,inf,1.5,1.5
53.133,0.0002,-0.0,-0.0,-6.8954,-0.0,0.0,0.0,inf,1.5,1.5
53.133,0.0002,-0.0,-0.0,-6.8954,-0.0,0.0,0.0,inf,1.5,1.5
53.167,0.0002,-0.0,-0.0,-6.8997,-0.0,0.0,0.0,inf,1.5,1.5
53.167,0.0002,-0.0,-0.0,-6.8997,-0.0,0.0,0.0,inf,1.5,1.5
53.183,0.0002,-0.0,-0.0,-6.9019,-0.0,0.0,0.0,inf,1.5,1.5
53.2,0.0002,-0.0,-0.0,-6.904,-0.0,0.0,0.0,inf,1.5,1.5
53.2,0.0002,-0.0,-0.0,-6.904,-0.0,0.0,0.0,inf,1.5,1.5
53.2,0.0002,-0.0,-0.0,-6.904,-0.0,0.0,0.0,inf,1.5,1.5
53.233,0.0002,-0.0,-0.0,-6.9084,-0.0,0.0,0.0,inf,1.5,1.5
53.25,0.0002,-0.0,-0.0,-6.9105,-0.0,0.0,0.0,inf,1.5,1.5
53.25,0.0002,-0.0,-0.0,-6.9105,-0.0,0.0,0.0,inf,1.5,1.5
53.25,0.0002,-0.0,-0.0,-6.9105,-0.0,0.0,0.0,inf,1.5,1.5
53.283,0.0002,-0.0,-0.0,-6.9148,-0.0,0.0,0.0,inf,1.5,1.5
53.283,0.0002,-0.0,-0.0,-6.9148,-0.0,0.0,0.0,inf,1.5,1.5
53.3,0.0002,-0.0,-0.0,-6.917,-0.0,0.0,0.0,inf,1.5,1.5
53.3,0.0002,-0.0,-0.0,-6.917,-0.0,0.0,0.0,inf,1.5,1.5
53.3,0.0002,-0.0,-0.0,-6.917,-0.0,0.0,0.0,inf,1.5,1.5
53.333,0.0002,-0.0,-0.0,-6.9213,-0.0,0.0,0.0,inf,1.5,1.5
53.35,0.0002,-0.0,-0.0,-6.9235,-0.0,0.0,0.0,inf,1.5,1.5
53.35,0.0002,-0.0,-0.0,-6.9235,-0.0,0.0,0.0,inf,1.5,1.5
53.367,0.0002,-0.0,-0.0,-6.9257,-0.0,0.0,0.0,inf,1.5,1.5
53.367,0.0002,-0.0,-0.0,-6.9257,-0.0,0.0,0.0,inf,1.5,1.5
53.4,0.0002,-0.0,-0.0,-6.93,-0.0,0.0,0.0,inf,1.5,1.5
53.4,0.0002,-0.0,-0.0,-6.93,-0.0,0.0,0.0,inf,1.5,1.5
53.417,0.0002,-0.0,-0.0,-6.9322,-0.0,0.0,0.0,inf,1.5,1.5
53.417,0.0002,-0.0,-0.0,-6.9322,-0.0,0.0,0.0,inf,1.5,1.5
53.417,0.0002,-0.0,-0.0,-6.9322,-0.0,0.0,0.0,inf,1.5,1.5
53.45,0.0002,-0.0,-0.0,-6.9365,-0.0,0.0,0.0,inf,1.5,1.5
53.467,0.0002,-0.0,-0.0,-6.9386,-0.0,0.0,0.0,inf,1.5,1.5
53.467,0.0002,-0.0,-0.0,-6.9386,-0.0,0.0,0.0,inf,1.5,1.5
53.467,0.0002,-0.0,-0.0,-6.9386,-0.0,0.0,0.0,inf,1.5,1.5
53.5,0.0002,-0.0,-0.0,-6.943,-0.0,0.0,0.0,inf,1.5,1.5
53.5,0.0002,-0.0,-0.0,-6.943,-0.0,0.0,0.0,inf,1.5,1.5
53.517,0.0002,-0.0,-0.0,-6.9451,-0.0,0.0,0.0,inf,1.5,1.5
53.517,0.0002,-0.0,-0.0,-6.9451,-0.0,0.0,0.0,inf,1.5,1.5
53.533,0.0002,-0.0,-0.0,-6.9473,-0.0,0.0,0.0,inf,1.5,1.5
53.533,0.0002,-0.0,-0.0,-6.9473,-0.0,0.0,0.0,inf,1.5,1.5
53.567,0.0002,-0.0,-0.0,-6.9516,-0.0,0.0,0.0,inf,1.5,1.5
53.567,0.0002,-0.0,-0.0,-6.9516,-0.0,0.0,0.0,inf,1.5,1.5
53.583,0.0002,-0.0,-0.0,-6.9538,-0.0,0.0,0.0,inf,1.5,1.5
53.583,0.0002,-0.0,-0.0,-6.9538,-0.0,0.0,0.0,inf,1.5,1.5
53.583,0.0002,-0.0,-0.0,-6.9538,-0.0,0.0,0.0,inf,1.5,1.5
53.617,0.0002,-0.0,-0.0,-6.9581,-0.0,0.0,0.0,inf,1.5,1.5
53.633,0.0002,-0.0,-0.0,-6.9603,-0.0,0.0,0.0,inf,1.5,1.5
53.633,0.0002,-0.0,-0.0,-6.9603,-0.0,0.0,0.0,inf,1.5,1.5
53.633,0.0002,-0.0,-0.0,-6.9603,-0.0,0.0,0.0,inf,1.5,1.5
53.667,0.0002,-0.0,-0.0,-6.9646,-0.0,0.0,0.0,inf,1.5,1.5
53.667,0.0002,-0.0,-0.0,-6.9646,-0.0,0.0,0.0,inf,1.5,1.5
53.683,0.0002,-0.0,-0.0,-6.9668,-0.0,0.0,0.0,inf,1.5,1.5
53.7,0.0002,-0.0,-0.0,-6.9689,-0.0,0.0,0.0,inf,1.5,1.5
53.7,0.0002,-0.0,-0.0,-6.9689,-0.0,0.0,0.0,inf,1.5,1.5
53.7,0.0002,-0.0,-0.0,-6.9689,-0.0,0.0,0.0,inf,1.5,1.5
53.733,0.0002,-0.0,-0.0,-6.9733,-0.0,0.0,0.0,inf,1.5,1.5
53.75,0.0002,-0.0,-0.0,-6.9754,-0.0,0.0,0.0,inf,1.5,1.5
53.75,0.0002,-0.0,-0.0,-6.9754,-0.0,0.0,0.0,inf,1.5,1.5
53.75,0.0002,-0.0,-0.0,-6.9754,-0.0,0.0,0.0,inf,1.5,1.5
53.783,0.0002,-0.0,-0.0,-6.9797,-0.0,0.0,0.0,inf,1.5,1.5
53.783,0.0002,-0.0,-0.0,-6.9797,-0.0,0.0,0.0,inf,1.5,1.5
53.8,0.0002,-0.0,-0.0,-6.9819,-0.0,0.0,0.0,inf,1.5,1.5
53.8,0.0002,-0.0,-0.0,-6.9819,-0.0,0.0,0.0,inf,1.5,1.5
53.8,0.0002,-0.0,-0.0,-6.9819,-0.0,0.0,0.0,inf,1.5,1.5
53.8,0.0002,-0.0,-0.0,-6.9819,-0.0,0.0,0.0,inf,1.5,1.5
53.8,0.0002,-0.0,-0.0,-6.9819,-0.0,0.0,0.0,inf,1.5,1.5
53.8,0.0002,-0.0,-0.0,-6.9819,-0.0,0.0,0.0,inf,1.5,1.5
53.8,0.0002,-0.0,-0.0,-6.9819,-0.0,0.0,0.0,inf,1.5,1.5
53.8,0.0002,-0.0,-0.0,-6.9819,-0.0,0.0,0.0,inf,1.5,1.5
53.833,0.0002,-0.0,-0.0,-6.9819,-0.0,0.0,0.0,inf,1.5,1.5
53.833,0.0002,-0.0,-0.0,-6.9819,-0.0,0.0,0.0,inf,1.5,1.5
53.833,0.0002,-0.0,-0.0,-6.9819,-0.0,0.0,0.0,inf,1.5,1.5
53.833,0.0002,-0.0,-0.0,-6.9819,-0.0,0.0,0.0,inf,1.5,1.5
53.833,0.0002,-0.0,-0.0,-6.9819,-0.0,0.0,0.0,inf,1.5,1.5
53.833,0.0002,-0.0,-0.0,-6.9819,-0.0,0.0,0.0,inf,1.5,1.5
53.833,0.0002,-0.0,-0.0,-6.9819,-0.0,0.0,0.0,inf,1.5,1.5
53.833,0.0002,-0.0,-0.0,-6.9819,-0.0,0.0,0.0,inf,1.5,1.5
53.833,0.0002,-0.0,-0.0,-6.9819,-0.0,0.0,0.0,inf,1.5,1.5
53.833,0.0002,-0.0,-0.0,-6.9819,-0.0,0.0,0.0,inf,1.5,1.5
53.833,0.0002,-0.0,-0.0,-6.9819,-0.0,0.0,0.0,inf,1.5,1.5
53.833,0.0002,-0.0,-0.0,-6.9819,-0.0,0.0,0.0,inf,1.5,1.5
53.833,0.0002,-0.0,-0.0,-6.9819,-0.0,0.0,0.0,inf,1.5,1.5
53.833,0.0002,-0.0,-0.0,-6.9819,-0.0,0.0,0.0,inf,1.5,1.5
53.833,0.0002,-0.0,-0.0,-6.9819,-0.0,0.0,0.0,inf,1.5,1.5
53.833,0.0002,-0.0,-0.0,-6.9819,-0.0,0.0,0.0,inf,1.5,1.5
53.833,0.0002,-0.0,-0.0,-6.9819,-0.0,0.0,0.0,inf,1.5,1.5
53.833,0.0002,-0.0,-0.0,-6.9819,-0.0,0.0,0.0,inf,1.5,1.5
53.833,0.0002,-0.0,-0.0,-6.9819,-0.0,0.0,0.0,inf,1.5,1.5
53.833,0.0002,-0.0,-0.0,-6.9819,-0.0,0.0,0.0,inf,1.5,1.5
53.833,0.0002,-0.0,-0.0,-6.9819,-0.0,0.0,0.0,inf,1.5,1.5
53.833,0.0002,-0.0,-0.0,-6.9819,-0.0,0.0,0.0,inf,1.5,1.5
53.833,0.0002,-0.0,-0.0,-6.9819,-0.0,0.0,0.0,inf,1.5,1.5
53.833,0.0002,-0.0,-0.0,-6.9819,-0.0,0.0,0.0,inf,1.5,1.5
53.833,0.0002,-0.0,-0.0,-6.9819,-0.0,0.0,0.0,inf,1.5,1.5
53.833,0.0002,-0.0,-0.0,-6.9819,-0.0,0.0,0.0,inf,1.5,1.5
53.833,0.0002,-0.0,-0.0,-6.9819,-0.0,0.0,0.0,inf,1.5,1.5
53.833,0.0002,-0.0,-0.0,-6.9819,-0.0,0.0,0.0,inf,1.5,1.5
53.833,0.0002,-0.0,-0.0,-6.9819,-0.0,0.0,0.0,inf,1.5,1.5
53.833,0.0002,-0.0,-0.0,-6.9819,-0.0,0.0,0.0,inf,1.5,1.5
53.833,0.0002,-0.0,-0.0,-6.9819,-0.0,0.0,0.0,inf,1.5,1.5
53.833,0.0002,-0.0,-0.0,-6.9819,-0.0,0.0,0.0,inf,1.5,1.5
53.833,0.0002,-0.0,-0.0,-6.9819,-0.0,0.0,0.0,inf,1.5,1.5
53.833,0.0002,-0.0,-0.0,-6.9819,-0.0,0.0,0.0,inf,1.5,1.5
53.833,0.0002,-0.0,-0.0,-6.9819,-0.0,0.0,0.0,inf,1.5,1.5
53.833,0.0002,-0.0,-0.0,-6.9819,-0.0,0.0,0.0,inf,1.5,1.5
53.833,0.0002,-0.0,-0.0,-6.9819,-0.0,0.0,0.0,inf,1.5,1.5
53.833,0.0002,-0.0,-0.0,-6.9819,-0.0,0.0,0.0,inf,1.5,1.5
53.833,0.0002,-0.0,-0.0,-6.9819,-0.0,0.0,0.0,inf,1.5,1.5
53.833,0.0002,-0.0,-0.0,-6.9819,-0.0,0.0,0.0,inf,1.5,1.5
53.833,0.0002,-0.0,-0.0,-6.9819,-0.0,0.0,0.0,inf,1.5,1.5
53.833,0.0002,-0.0,-0.0,-6.9819,-0.0,0.0,0.0,inf,1.5,1.5
53.833,0.0002,-0.0,-0.0,-6.9819,-0.0,0.0,0.0,inf,1.5,1.5
53.833,0.0002,-0.0,-0.0,-6.9819,-0.0,0.0,0.0,inf,1.5,1.5
53.833,0.0002,-0.0,-0.0,-6.9819,-0.0,0.0,0.0,inf,1.5,1.5
53.833,0.0002,-0.0,-0.0,-6.9819,-0.0,0.0,0.0,inf,1.5,1.5
53.833,0.0002,-0.0,-0.0,-6.9819,-0.0,0.0,0.0,inf,1.5,1.5
53.833,0.0002,-0.0,-0.0,-6.9819,-0.0,0.0,0.0,inf,1.5,1.5
53.833,0.0002,-0.0,-0.0,-6.9819,-0.0,0.0,0.0,inf,1.5,1.5
53.833,0.0002,-0.0,-0.0,-6.9819,-0.0,0.0,0.0,inf,1.5,1.5
53.833,0.0002,-0.0,-0.0,-6.9819,-0.0,0.0,0.0,inf,1.5,1.5
53.833,0.0002,-0.0,-0.0,-6.9819,-0.0,0.0,0.0,inf,1.5,1.5
53.833,0.0002,-0.0,-0.0,-6.9819,-0.0,0.0,0.0,inf,1.5,1.5
53.833,0.0002,-0.0,-0.0,-6.9819,-0.0,0.0,0.0,inf,1.5,1.5
53.833,0.0002,-0.0,-0.0,-6.9819,-0.0,0.0,0.0,inf,1.5,1.5
53.833,0.0002,-0.0,-0.0,-6.9819,-0.0,0.0,0.0,inf,1.5,1.5
53.833,0.0002,-0.0,-0.0,-6.9819,-0.0,0.0,0.0,inf,1.5,1.5
53.833,0.0002,-0.0,-0.0,-6.9819,-0.0,0.0,0.0,inf,1.5,1.5
53.833,0.0002,-0.0,-0.0,-6.9819,-0.0,0.0,0.0,inf,1.5,1.5
53.833,0.0002,-0.0,-0.0,-6.9819,-0.0,0.0,0.0,inf,1.5,1.5
53.833,0.0002,-0.0,-0.0,-6.9819,-0.0,0.0,0.0,inf,1.5,1.5
53.833,0.0002,-0.0,-0.0,-6.9819,-0.0,0.0,0.0,inf,1.5,1.5
53.833,0.0002,-0.0,-0.0,-6.9819,-0.0,0.0,0.0,inf,1.5,1.5
53.833,0.0002,-0.0,-0.0,-6.9819,-0.0,0.0,0.0,inf,1.5,1.5
53.833,0.0002,-0.0,-0.0,-6.9819,-0.0,0.0,0.0,inf,1.5,1.5
53.833,0.0002,-0.0,-0.0,-6.9819,-0.0,0.0,0.0,inf,1.5,1.5
53.833,0.0002,-0.0,-0.0,-6.9819,-0.0,0.0,0.0,inf,1.5,1.5
53.833,0.0002,-0.0,-0.0,-6.9819,-0.0,0.0,0.0,inf,1.5,1.5
53.833,0.0002,-0.0,-0.0,-6.9819,-0.0,0.0,0.0,inf,1.5,1.5
53.833,0.0002,-0.0,-0.0,-6.9819,-0.0,0.0,0.0,inf,1.5,1.5
53.833,0.0002,-0.0,-0.0,-6.9819,-0.0,0.0,0.0,inf,1.5,1.5
53.833,0.0002,-0.0,-0.0,-6.9819,-0.0,0.0,0.0,inf,1.5,1.5
53.833,0.0002,-0.0,-0.0,-6.9819,-0.0,0.0,0.0,inf,1.5,1.5
53.833,0.0002,-0.0,-0.0,-6.9819,-0.0,0.0,0.0,inf,1.5,1.5
53.833,0.0002,-0.0,-0.0,-6.9819,-0.0,0.0,0.0,inf,1.5,1.5
53.833,0.0002,-0.0,-0.0,-6.9819,-0.0,0.0,0.0,inf,1.5,1.5
53.833,0.0002,-0.0,-0.0,-6.9819,-0.0,0.0,0.0,inf,1.5,1.5
53.833,0.0002,-0.0,-0.0,-6.9819,-0.0,0.0,0.0,inf,1.5,1.5
53.833,0.0002,-0.0,-0.0,-6.9819,-0.0,0.0,0.0,inf,1.5,1.5
53.833,0.0002,-0.0,-0.0,-6.9819,-0.0,0.0,0.0,inf,1.5,1.5
53.833,0.0002,-0.0,-0.0,-6.9819,-0.0,0.0,0.0,inf,1.5,1.5
53.833,0.0002,-0.0,-0.0,-6.9819,-0.0,0.0,0.0,inf,1.5,1.5
53.833,0.0002,-0.0,-0.0,-6.9819,-0.0,0.0,0.0,inf,1.5,1.5
53.833,0.0002,-0.0,-0.0,-6.9819,-0.0,0.0,0.0,inf,1.5,1.5
53.833,0.0002,-0.0,-0.0,-6.9819,-0.0,0.0,0.0,inf,1.5,1.5
53.833,0.0002,-0.0,-0.0,-6.9819,-0.0,0.0,0.0,inf,1.5,1.5
53.833,0.0002,-0.0,-0.0,-6.9819,-0.0,0.0,0.0,inf,1.5,1.5
53.833,0.0002,-0.0,-0.0,-6.9819,-0.0,0.0,0.0,inf,1.5,1.5
53.833,0.0002,-0.0,-0.0,-6.9819,-0.0,0.0,0.0,inf,1.5,1.5
53.833,0.0002,-0.0,-0.0,-6.9819,-0.0,0.0,0.0,inf,1.5,1.5
53.833,0.0002,-0.0,-0.0,-6.9819,-0.0,0.0,0.0,inf,1.5,1.5
53.833,0.0002,-0.0,-0.0,-6.9819,-0.0,0.0,0.0,inf,1.5,1.5
53.833,0.0002,-0.0,-0.0,-6.9819,-0.0,0.0,0.0,inf,1.5,1.5
53.833,0.0002,-0.0,-0.0,-6.9819,-0.0,0.0,0.0,inf,1.5,1.5
53.833,0.0002,-0.0,-0.0,-6.9819,-0.0,0.0,0.0,inf,1.5,1.5
53.833,0.0002,-0.0,-0.0,-6.9819,-0.0,0.0,0.0,inf,1.5,1.5
53.833,0.0002,-0.0,-0.0,-6.9819,-0.0,0.0,0.0,inf,1.5,1.5
53.833,0.0002,-0.0,-0.0,-6.9819,-0.0,0.0,0.0,inf,1.5,1.5
53.833,0.0002,-0.0,-0.0,-6.9819,-0.0,0.0,0.0,inf,1.5,1.5
53.833,0.0002,-0.0,-0.0,-6.9819,-0.0,0.0,0.0,inf,1.5,1.5
53.833,0.0002,-0.0,-0.0,-6.9819,-0.0,0.0,0.0,inf,1.5,1.5
53.833,0.0002,-0.0,-0.0,-6.9819,-0.0,0.0,0.0,inf,1.5,1.5
53.833,0.0002,-0.0,-0.0,-6.9819,-0.0,0.0,0.0,inf,1.5,1.5
53.833,0.0002,-0.0,-0.0,-6.9819,-0.0,0.0,0.0,inf,1.5,1.5
53.833,0.0002,-0.0,-0.0,-6.9819,-0.0,0.0,0.0,inf,1.5,1.5
53.833,0.0002,-0.0,-0.0,-6.9819,-0.0,0.0,0.0,inf,1.5,1.5
53.833,0.0002,-0.0,-0.0,-6.9819,-0.0,0.0,0.0,inf,1.5,1.5
53.833,0.0002,-0.0,-0.0,-6.9819,-0.0,0.0,0.0,inf,1.5,1.5
53.833,0.0002,-0.0,-0.0,-6.9819,-0.0,0.0,0.0,inf,1.5,1.5
53.833,0.0002,-0.0,-0.0,-6.9819,-0.0,0.0,0.0,inf,1.5,1.5
53.833,0.0002,-0.0,-0.0,-6.9819,-0.0,0.0,0.0,inf,1.5,1.5
53.833,0.0002,-0.0,-0.0,-6.9819,-0.0,0.0,0.0,inf,1.5,1.5
53.833,0.0002,-0.0,-0.0,-6.9819,-0.0,0.0,0.0,inf,1.5,1.5
53.833,0.0002,-0.0,-0.0,-6.9819,-0.0,0.0,0.0,inf,1.5,1.5
53.833,0.0002,-0.0,-0.0,-6.9819,-0.0,0.0,0.0,inf,1.5,1.5
53.833,0.0002,-0.0,-0.0,-6.9819,-0.0,0.0,0.0,inf,1.5,1.5
53.833,0.0002,-0.0,-0.0,-6.9819,-0.0,0.0,0.0,inf,1.5,1.5
53.833,0.0002,-0.0,-0.0,-6.9819,-0.0,0.0,0.0,inf,1.5,1.5
53.833,0.0002,-0.0,-0.0,-6.9819,-0.0,0.0,0.0,inf,1.5,1.5
53.833,0.0002,-0.0,-0.0,-6.9819,-0.0,0.0,0.0,inf,1.5,1.5
53.833,0.0002,-0.0,-0.0,-6.9819,-0.0,0.0,0.0,inf,1.5,1.5
53.833,0.0002,-0.0,-0.0,-6.9819,-0.0,0.0,0.0,inf,1.5,1.5
53.833,0.0002,-0.0,-0.0,-6.9819,-0.0,0.0,0.0,inf,1.5,1.5
53.833,0.0002,-0.0,-0.0,-6.9819,-0.0,0.0,0.0,inf,1.5,1.5
53.833,0.0002,-0.0,-0.0,-6.9819,-0.0,0.0,0.0,inf,1.5,1.5
53.833,0.0002,-0.0,-0.0,-6.9819,-0.0,0.0,0.0,inf,1.5,1.5
53.833,0.0002,-0.0,-0.0,-6.9819,-0.0,0.0,0.0,inf,1.5,1.5
53.833,0.0002,-0.0,-0.0,-6.9819,-0.0,0.0,0.0,inf,1.5,1.5
53.833,0.0002,-0.0,-0.0,-6.9819,-0.0,0.0,0.0,inf,1.5,1.5
53.833,0.0002,-0.0,-0.0,-6.9819,-0.0,0.0,0.0,inf,1.5,1.5
53.833,0.0002,-0.0,-0.0,-6.9819,-0.0,0.0,0.0,inf,1.5,1.5
53.833,0.0002,-0.0,-0.0,-6.9819,-0.0,0.0,0.0,inf,1.5,1.5
53.833,0.0002,-0.0,-0.0,-6.9819,-0.0,0.0,0.0,inf,1.5,1.5
53.833,0.0002,-0.0,-0.0,-6.9819,-0.0,0.0,0.0,inf,1.5,1.5
53.833,0.0002,-0.0,-0.0,-6.9819,-0.0,0.0,0.0,inf,1.5,1.5
53.833,0.0002,-0.0,-0.0,-6.9819,-0.0,0.0,0.0,inf,1.5,1.5
53.833,0.0002,-0.0,-0.0,-6.9819,-0.0,0.0,0.0,inf,1.5,1.5
53.833,0.0002,-0.0,-0.0,-6.9819,-0.0,0.0,0.0,inf,1.5,1.5
53.833,0.0002,-0.0,-0.0,-6.9819,-0.0,0.0,0.0,inf,1.5,1.5
53.833,0.0002,-0.0,-0.0,-6.9819,-0.0,0.0,0.0,inf,1.5,1.5
53.833,0.0002,-0.0,-0.0,-6.9819,-0.0,0.0,0.0,inf,1.5,1.5
53.833,0.0002,-0.0,-0.0,-6.9819,-0.0,0.0,0.0,inf,1.5,1.5
53.833,0.0002,-0.0,-0.0,-6.9819,-0.0,0.0,0.0,inf,1.5,1.5
53.833,0.0002,-0.0,-0.0,-6.9819,-0.0,0.0,0.0,inf,1.5,1.5
53.833,0.0002,-0.0,-0.0,-6.9819,-0.0,0.0,0.0,inf,1.5,1.5
53.833,0.0002,-0.0,-0.0,-6.9819,-0.0,0.0,0.0,inf,1.5,1.5
53.833,0.0002,-0.0,-0.0,-6.9819,-0.0,0.0,0.0,inf,1.5,1.5
53.833,0.0002,-0.0,-0.0,-6.9819,-0.0,0.0,0.0,inf,1.5,1.5
53.833,0.0002,-0.0,-0.0,-6.9819,-0.0,0.0,0.0,inf,1.5,1.5
53.833,0.0002,-0.0,-0.0,-6.9819,-0.0,0.0,0.0,inf,1.5,1.5
53.833,0.0002,-0.0,-0.0,-6.9819,-0.0,0.0,0.0,inf,1.5,1.5
53.833,0.0002,-0.0,-0.0,-6.9819,-0.0,0.0,0.0,inf,1.5,1.5
53.833,0.0002,-0.0,-0.0,-6.9819,-0.0,0.0,0.0,inf,1.5,1.5
53.833,0.0002,-0.0,-0.0,-6.9819,-0.0,0.0,0.0,inf,1.5,1.5
53.833,0.0002,-0.0,-0.0,-6.9819,-0.0,0.0,0.0,inf,1.5,1.5
53.833,0.0002,-0.0,-0.0,-6.9819,-0.0,0.0,0.0,inf,1.5,1.5
53.833,0.0002,-0.0,-0.0,-6.9819,-0.0,0.0,0.0,inf,1.5,1.5
53.833,0.0002,-0.0,-0.0,-6.9819,-0.0,0.0,0.0,inf,1.5,1.5
53.833,0.0002,-0.0,-0.0,-6.9819,-0.0,0.0,0.0,inf,1.5,1.5
53.833,0.0002,-0.0,-0.0,-6.9819,-0.0,0.0,0.0,inf,1.5,1.5
53.833,0.0002,-0.0,-0.0,-6.9819,-0.0,0.0,0.0,inf,1.5,1.5
53.833,0.0002,-0.0,-0.0,-6.9819,-0.0,0.0,0.0,inf,1.5,1.5
53.833,0.0002,-0.0,-0.0,-6.9819,-0.0,0.0,0.0,inf,1.5,1.5
53.833,0.0002,-0.0,-0.0,-6.9819,-0.0,0.0,0.0,inf,1.5,1.5
53.833,0.0002,-0.0,-0.0,-6.9819,-0.0,0.0,0.0,inf,1.5,1.5
53.833,0.0002,-0.0,-0.0,-6.9819,-0.0,0.0,0.0,inf,1.5,1.5
53.833,0.0002,-0.0,-0.0,-6.9819,-0.0,0.0,0.0,inf,1.5,1.5
53.833,0.0002,-0.0,-0.0,-6.9819,-0.0,0.0,0.0,inf,1.5,1.5
53.833,0.0002,-0.0,-0.0,-6.9819,-0.0,0.0,0.0,inf,1.5,1.5
53.833,0.0002,-0.0,-0.0,-6.9819,-0.0,0.0,0.0,inf,1.5,1.5
53.833,0.0002,-0.0,-0.0,-6.9819,-0.0,0.0,0.0,inf,1.5,1.5
53.833,0.0002,-0.0,-0.0,-6.9819,-0.0,0.0,0.0,inf,1.5,1.5
53.833,0.0002,-0.0,-0.0,-6.9819,-0.0,0.0,0.0,inf,1.5,1.5
53.833,0.0002,-0.0,-0.0,-6.9819,-0.0,0.0,0.0,inf,1.5,1.5
53.833,0.0002,-0.0,-0.0,-6.9819,-0.0,0.0,0.0,inf,1.5,1.5
53.833,0.0002,-0.0,-0.0,-6.9819,-0.0,0.0,0.0,inf,1.5,1.5
53.833,0.0002,-0.0,-0.0,-6.9819,-0.0,0.0,0.0,inf,1.5,1.5
53.833,0.0002,-0.0,-0.0,-6.9819,-0.0,0.0,0.0,inf,1.5,1.5
53.833,0.0002,-0.0,-0.0,-6.9819,-0.0,0.0,0.0,inf,1.5,1.5
53.833,0.0002,-0.0,-0.0,-6.9819,-0.0,0.0,0.0,inf,1.5,1.5
53.833,0.0002,-0.0,-0.0,-6.9819,-0.0,0.0,0.0,inf,1.5,1.5
53.833,0.0002,-0.0,-0.0,-6.9819,-0.0,0.0,0.0,inf,1.5,1.5
53.833,0.0002,-0.0,-0.0,-6.9819,-0.0,0.0,0.0,inf,1.5,1.5
53.833,0.0002,-0.0,-0.0,-6.9819,-0.0,0.0,0.0,inf,1.5,1.5
53.833,0.0002,-0.0,-0.0,-6.9819,-0.0,0.0,0.0,inf,1.5,1.5
53.833,0.0002,-0.0,-0.0,-6.9819,-0.0,0.0,0.0,inf,1.5,1.5
53.833,0.0002,-0.0,-0.0,-6.9819,-0.0,0.0,0.0,inf,1.5,1.5
53.833,0.0002,-0.0,-0.0,-6.9819,-0.0,0.0,0.0,inf,1.5,1.5
53.833,0.0002,-0.0,-0.0,-6.9819,-0.0,0.0,0.0,inf,1.5,1.5
53.833,0.0002,-0.0,-0.0,-6.9819,-0.0,0.0,0.0,inf,1.5,1.5
53.833,0.0002,-0.0,-0.0,-6.9819,-0.0,0.0,0.0,inf,1.5,1.5
53.833,0.0002,-0.0,-0.0,-6.9819,-0.0,0.0,0.0,inf,1.5,1.5
53.833,0.0002,-0.0,-0.0,-6.9819,-0.0,0.0,0.0,inf,1.5,1.5
53.833,0.0002,-0.0,-0.0,-6.9819,-0.0,0.0,0.0,inf,1.5,1.5
53.833,0.0002,-0.0,-0.0,-6.9819,-0.0,0.0,0.0,inf,1.5,1.5
53.833,0.0002,-0.0,-0.0,-6.9819,-0.0,0.0,0.0,inf,1.5,1.5
53.833,0.0002,-0.0,-0.0,-6.9819,-0.0,0.0,0.0,inf,1.5,1.5
53.833,0.0002,-0.0,-0.0,-6.9819,-0.0,0.0,0.0,inf,1.5,1.5
53.833,0.0002,-0.0,-0.0,-6.9819,-0.0,0.0,0.0,inf,1.5,1.5
53.833,0.0002,-0.0,-0.0,-6.9819,-0.0,0.0,0.0,inf,1.5,1.5
53.833,0.0002,-0.0,-0.0,-6.9819,-0.0,0.0,0.0,inf,1.5,1.5
53.833,0.0002,-0.0,-0.0,-6.9819,-0.0,0.0,0.0,inf,1.5,1.5
53.833,0.0002,-0.0,-0.0,-6.9819,-0.0,0.0,0.0,inf,1.5,1.5
53.833,0.0002,-0.0,-0.0,-6.9819,-0.0,0.0,0.0,inf,1.5,1.5
53.833,0.0002,-0.0,-0.0,-6.9819,-0.0,0.0,0.0,inf,1.5,1.5
53.833,0.0002,-0.0,-0.0,-6.9819,-0.0,0.0,0.0,inf,1.5,1.5
53.833,0.0002,-0.0,-0.0,-6.9819,-0.0,0.0,0.0,inf,1.5,1.5
53.833,0.0002,-0.0,-0.0,-6.9819,-0.0,0.0,0.0,inf,1.5,1.5
53.833,0.0002,-0.0,-0.0,-6.9819,-0.0,0.0,0.0,inf,1.5,1.5
53.833,0.0002,-0.0,-0.0,-6.9819,-0.0,0.0,0.0,inf,1.5,1.5
53.833,0.0002,-0.0,-0.0,-6.9819,-0.0,0.0,0.0,inf,1.5,1.5
53.833,0.0002,-0.0,-0.0,-6.9819,-0.0,0.0,0.0,inf,1.5,1.5
53.833,0.0002,-0.0,-0.0,-6.9819,-0.0,0.0,0.0,inf,1.5,1.5
53.833,0.0002,-0.0,-0.0,-6.9819,-0.0,0.0,0.0,inf,1.5,1.5
53.833,0.0002,-0.0,-0.0,-6.9819,-0.0,0.0,0.0,inf,1.5,1.5
53.833,0.0002,-0.0,-0.0,-6.9819,-0.0,0.0,0.0,inf,1.5,1.5
53.833,0.0002,-0.0,-0.0,-6.9819,-0.0,0.0,0.0,inf,1.5,1.5
53.833,0.0002,-0.0,-0.0,-6.9819,-0.0,0.0,0.0,inf,1.5,1.5
53.833,0.0002,-0.0,-0.0,-6.9819,-0.0,0.0,0.0,inf,1.5,1.5
53.833,0.0002,-0.0,-0.0,-6.9819,-0.0,0.0,0.0,inf,1.5,1.5
53.833,0.0002,-0.0,-0.0,-6.9819,-0.0,0.0,0.0,inf,1.5,1.5
53.833,0.0002,-0.0,-0.0,-6.9819,-0.0,0.0,0.0,inf,1.5,1.5
53.833,0.0002,-0.0,-0.0,-6.9819,-0.0,0.0,0.0,inf,1.5,1.5
53.833,0.0002,-0.0,-0.0,-6.9819,-0.0,0.0,0.0,inf,1.5,1.5
53.833,0.0002,-0.0,-0.0,-6.9819,-0.0,0.0,0.0,inf,1.5,1.5
53.833,0.0002,-0.0,-0.0,-6.9819,-0.0,0.0,0.0,inf,1.5,1.5
53.833,0.0002,-0.0,-0.0,-6.9819,-0.0,0.0,0.0,inf,1.5,1.5
53.833,0.0002,-0.0,-0.0,-6.9819,-0.0,0.0,0.0,inf,1.5,1.5
53.833,0.0002,-0.0,-0.0,-6.9819,-0.0,0.0,0.0,inf,1.5,1.5
53.833,0.0002,-0.0,-0.0,-6.9819,-0.0,0.0,0.0,inf,1.5,1.5
53.833,0.0002,-0.0,-0.0,-6.9819,-0.0,0.0,0.0,inf,1.5,1.5
53.833,0.0002,-0.0,-0.0,-6.9819,-0.0,0.0,0.0,inf,1.5,1.5
53.833,0.0002,-0.0,-0.0,-6.9819,-0.0,0.0,0.0,inf,1.5,1.5
53.833,0.0002,-0.0,-0.0,-6.9819,-0.0,0.0,0.0,inf,1.5,1.5
53.833,0.0002,-0.0,-0.0,-6.9819,-0.0,0.0,0.0,inf,1.5,1.5
53.833,0.0002,-0.0,-0.0,-6.9819,-0.0,0.0,0.0,inf,1.5,1.5
53.833,0.0002,-0.0,-0.0,-6.9819,-0.0,0.0,0.0,inf,1.5,1.5
53.833,0.0002,-0.0,-0.0,-6.9819,-0.0,0.0,0.0,inf,1.5,1.5
53.833,0.0002,-0.0,-0.0,-6.9819,-0.0,0.0,0.0,inf,1.5,1.5
53.833,0.0002,-0.0,-0.0,-6.9819,-0.0,0.0,0.0,inf,1.5,1.5
53.833,0.0002,-0.0,-0.0,-6.9819,-0.0,0.0,0.0,inf,1.5,1.5
53.833,0.0002,-0.0,-0.0,-6.9819,-0.0,0.0,0.0,inf,1.5,1.5
53.833,0.0002,-0.0,-0.0,-6.9819,-0.0,0.0,0.0,inf,1.5,1.5
53.833,0.0002,-0.0,-0.0,-6.9819,-0.0,0.0,0.0,inf,1.5,1.5
53.833,0.0002,-0.0,-0.0,-6.9819,-0.0,0.0,0.0,inf,1.5,1.5
53.833,0.0002,-0.0,-0.0,-6.9819,-0.0,0.0,0.0,inf,1.5,1.5
53.833,0.0002,-0.0,-0.0,-6.9819,-0.0,0.0,0.0,inf,1.5,1.5
53.833,0.0002,-0.0,-0.0,-6.9819,-0.0,0.0,0.0,inf,1.5,1.5
53.833,0.0002,-0.0,-0.0,-6.9819,-0.0,0.0,0.0,inf,1.5,1.5
53.833,0.0002,-0.0,-0.0,-6.9819,-0.0,0.0,0.0,inf,1.5,1.5
53.833,0.0002,-0.0,-0.0,-6.9819,-0.0,0.0,0.0,inf,1.5,1.5
53.833,0.0002,-0.0,-0.0,-6.9819,-0.0,0.0,0.0,inf,1.5,1.5
53.833,0.0002,-0.0,-0.0,-6.9819,-0.0,0.0,0.0,inf,1.5,1.5
53.833,0.0002,-0.0,-0.0,-6.9819,-0.0,0.0,0.0,inf,1.5,1.5
53.833,0.0002,-0.0,-0.0,-6.9819,-0.0,0.0,0.0,inf,1.5,1.5
53.833,0.0002,-0.0,-0.0,-6.9819,-0.0,0.0,0.0,inf,1.5,1.5
53.833,0.0002,-0.0,-0.0,-6.9819,-0.0,0.0,0.0,inf,1.5,1.5
53.833,0.0002,-0.0,-0.0,-6.9819,-0.0,0.0,0.0,inf,1.5,1.5
53.833,0.0002,-0.0,-0.0,-6.9819,-0.0,0.0,0.0,inf,1.5,1.5
53.833,0.0002,-0.0,-0.0,-6.9819,-0.0,0.0,0.0,inf,1.5,1.5
53.833,0.0002,-0.0,-0.0,-6.9819,-0.0,0.0,0.0,inf,1.5,1.5
53.833,0.0002,-0.0,-0.0,-6.9819,-0.0,0.0,0.0,inf,1.5,1.5
53.833,0.0002,-0.0,-0.0,-6.9819,-0.0,0.0,0.0,inf,1.5,1.5
53.833,0.0002,-0.0,-0.0,-6.9819,-0.0,0.0,0.0,inf,1.5,1.5
53.833,0.0002,-0.0,-0.0,-6.9819,-0.0,0.0,0.0,inf,1.5,1.5
53.833,0.0002,-0.0,-0.0,-6.9819,-0.0,0.0,0.0,inf,1.5,1.5
53.833,0.0002,-0.0,-0.0,-6.9819,-0.0,0.0,0.0,inf,1.5,1.5
53.833,0.0002,-0.0,-0.0,-6.9819,-0.0,0.0,0.0,inf,1.5,1.5
53.833,0.0002,-0.0,-0.0,-6.9819,-0.0,0.0,0.0,inf,1.5,1.5
53.833,0.0002,-0.0,-0.0,-6.9819,-0.0,0.0,0.0,inf,1.5,1.5
53.833,0.0002,-0.0,-0.0,-6.9819,-0.0,0.0,0.0,inf,1.5,1.5
53.833,0.0002,-0.0,-0.0,-6.9819,-0.0,0.0,0.0,inf,1.5,1.5
53.833,0.0002,-0.0,-0.0,-6.9819,-0.0,0.0,0.0,inf,1.5,1.5
53.833,0.0002,-0.0,-0.0,-6.9819,-0.0,0.0,0.0,inf,1.5,1.5
53.833,0.0002,-0.0,-0.0,-6.9819,-0.0,0.0,0.0,inf,1.5,1.5
53.833,0.0002,-0.0,-0.0,-6.9819,-0.0,0.0,0.0,inf,1.5,1.5
53.833,0.0002,-0.0,-0.0,-6.9819,-0.0,0.0,0.0,inf,1.5,1.5
53.833,0.0002,-0.0,-0.0,-6.9819,-0.0,0.0,0.0,inf,1.5,1.5
53.833,0.0002,-0.0,-0.0,-6.9819,-0.0,0.0,0.0,inf,1.5,1.5
53.833,0.0002,-0.0,-0.0,-6.9819,-0.0,0.0,0.0,inf,1.5,1.5
53.833,0.0002,-0.0,-0.0,-6.9819,-0.0,0.0,0.0,inf,1.5,1.5
53.833,0.0002,-0.0,-0.0,-6.9819,-0.0,0.0,0.0,inf,1.5,1.5
53.833,0.0002,-0.0,-0.0,-6.9819,-0.0,0.0,0.0,inf,1.5,1.5
53.833,0.0002,-0.0,-0.0,-6.9819,-0.0,0.0,0.0,inf,1.5,1.5
53.833,0.0002,-0.0,-0.0,-6.9819,-0.0,0.0,0.0,inf,1.5,1.5
53.833,0.0002,-0.0,-0.0,-6.9819,-0.0,0.0,0.0,inf,1.5,1.5
53.833,0.0002,-0.0,-0.0,-6.9819,-0.0,0.0,0.0,inf,1.5,1.5
53.833,0.0002,-0.0,-0.0,-6.9819,-0.0,0.0,0.0,inf,1.5,1.5
53.833,0.0002,-0.0,-0.0,-6.9819,-0.0,0.0,0.0,inf,1.5,1.5
53.833,0.0002,-0.0,-0.0,-6.9819,-0.0,0.0,0.0,inf,1.5,1.5
53.833,0.0002,-0.0,-0.0,-6.9819,-0.0,0.0,0.0,inf,1.5,1.5
53.833,0.0002,-0.0,-0.0,-6.9819,-0.0,0.0,0.0,inf,1.5,1.5
53.833,0.0002,-0.0,-0.0,-6.9819,-0.0,0.0,0.0,inf,1.5,1.5
53.833,0.0002,-0.0,-0.0,-6.9819,-0.0,0.0,0.0,inf,1.5,1.5
53.833,0.0002,-0.0,-0.0,-6.9819,-0.0,0.0,0.0,inf,1.5,1.5
53.833,0.0002,-0.0,-0.0,-6.9819,-0.0,0.0,0.0,inf,1.5,1.5
53.833,0.0002,-0.0,-0.0,-6.9819,-0.0,0.0,0.0,inf,1.5,1.5
53.833,0.0002,-0.0,-0.0,-6.9819,-0.0,0.0,0.0,inf,1.5,1.5
53.833,0.0002,-0.0,-0.0,-6.9819,-0.0,0.0,0.0,inf,1.5,1.5
53.833,0.0002,-0.0,-0.0,-6.9819,-0.0,0.0,0.0,inf,1.5,1.5
53.833,0.0002,-0.0,-0.0,-6.9819,-0.0,0.0,0.0,inf,1.5,1.5
53.833,0.0002,-0.0,-0.0,-6.9819,-0.0,0.0,0.0,inf,1.5,1.5
53.833,0.0002,-0.0,-0.0,-6.9819,-0.0,0.0,0.0,inf,1.5,1.5
53.833,0.0002,-0.0,-0.0,-6.9819,-0.0,0.0,0.0,inf,1.5,1.5
53.833,0.0002,-0.0,-0.0,-6.9819,-0.0,0.0,0.0,inf,1.5,1.5
53.833,0.0002,-0.0,-0.0,-6.9819,-0.0,0.0,0.0,inf,1.5,1.5
53.833,0.0002,-0.0,-0.0,-6.9819,-0.0,0.0,0.0,inf,1.5,1.5
53.833,0.0002,-0.0,-0.0,-6.9819,-0.0,0.0,0.0,inf,1.5,1.5
53.833,0.0002,-0.0,-0.0,-6.9819,-0.0,0.0,0.0,inf,1.5,1.5
53.833,0.0002,-0.0,-0.0,-6.9819,-0.0,0.0,0.0,inf,1.5,1.5
53.833,0.0002,-0.0,-0.0,-6.9819,-0.0,0.0,0.0,inf,1.5,1.5
53.833,0.0002,-0.0,-0.0,-6.9819,-0.0,0.0,0.0,inf,1.5,1.5
53.833,0.0002,-0.0,-0.0,-6.9819,-0.0,0.0,0.0,inf,1.5,1.5
53.833,0.0002,-0.0,-0.0,-6.9819,-0.0,0.0,0.0,inf,1.5,1.5
53.833,0.0002,-0.0,-0.0,-6.9819,-0.0,0.0,0.0,inf,1.5,1.5
53.833,0.0002,-0.0,-0.0,-6.9819,-0.0,0.0,0.0,inf,1.5,1.5
53.833,0.0002,-0.0,-0.0,-6.9819,-0.0,0.0,0.0,inf,1.5,1.5
53.833,0.0002,-0.0,-0.0,-6.9819,-0.0,0.0,0.0,inf,1.5,1.5
53.833,0.0002,-0.0,-0.0,-6.9819,-0.0,0.0,0.0,inf,1.5,1.5
53.833,0.0002,-0.0,-0.0,-6.9819,-0.0,0.0,0.0,inf,1.5,1.5
53.833,0.0002,-0.0,-0.0,-6.9819,-0.0,0.0,0.0,inf,1.5,1.5
53.833,0.0002,-0.0,-0.0,-6.9819,-0.0,0.0,0.0,inf,1.5,1.5
53.833,0.0002,-0.0,-0.0,-6.9819,-0.0,0.0,0.0,inf,1.5,1.5
53.833,0.0002,-0.0,-0.0,-6.9819,-0.0,0.0,0.0,inf,1.5,1.5
53.833,0.0002,-0.0,-0.0,-6.9819,-0.0,0.0,0.0,inf,1.5,1.5
53.833,0.0002,-0.0,-0.0,-6.9819,-0.0,0.0,0.0,inf,1.5,1.5
53.833,0.0002,-0.0,-0.0,-6.9819,-0.0,0.0,0.0,inf,1.5,1.5
53.833,0.0002,-0.0,-0.0,-6.9819,-0.0,0.0,0.0,inf,1.5,1.5
53.833,0.0002,-0.0,-0.0,-6.9819,-0.0,0.0,0.0,inf,1.5,1.5
53.833,0.0002,-0.0,-0.0,-6.9819,-0.0,0.0,0.0,inf,1.5,1.5
53.833,0.0002,-0.0,-0.0,-6.9819,-0.0,0.0,0.0,inf,1.5,1.5
53.833,0.0002,-0.0,-0.0,-6.9819,-0.0,0.0,0.0,inf,1.5,1.5
53.833,0.0002,-0.0,-0.0,-6.9819,-0.0,0.0,0.0,inf,1.5,1.5
53.833,0.0002,-0.0,-0.0,-6.9819,-0.0,0.0,0.0,inf,1.5,1.5
53.833,0.0002,-0.0,-0.0,-6.9819,-0.0,0.0,0.0,inf,1.5,1.5
53.833,0.0002,-0.0,-0.0,-6.9819,-0.0,0.0,0.0,inf,1.5,1.5
53.833,0.0002,-0.0,-0.0,-6.9819,-0.0,0.0,0.0,inf,1.5,1.5
53.833,0.0002,-0.0,-0.0,-6.9819,-0.0,0.0,0.0,inf,1.5,1.5
53.833,0.0002,-0.0,-0.0,-6.9819,-0.0,0.0,0.0,inf,1.5,1.5
53.833,0.0002,-0.0,-0.0,-6.9819,-0.0,0.0,0.0,inf,1.5,1.5
53.833,0.0002,-0.0,-0.0,-6.9819,-0.0,0.0,0.0,inf,1.5,1.5
53.833,0.0002,-0.0,-0.0,-6.9819,-0.0,0.0,0.0,inf,1.5,1.5
53.833,0.0002,-0.0,-0.0,-6.9819,-0.0,0.0,0.0,inf,1.5,1.5
53.833,0.0002,-0.0,-0.0,-6.9819,-0.0,0.0,0.0,inf,1.5,1.5
53.833,0.0002,-0.0,-0.0,-6.9819,-0.0,0.0,0.0,inf,1.5,1.5
53.833,0.0002,-0.0,-0.0,-6.9819,-0.0,0.0,0.0,inf,1.5,1.5
53.833,0.0002,-0.0,-0.0,-6.9819,-0.0,0.0,0.0,inf,1.5,1.5
53.833,0.0002,-0.0,-0.0,-6.9819,-0.0,0.0,0.0,inf,1.5,1.5
53.833,0.0002,-0.0,-0.0,-6.9819,-0.0,0.0,0.0,inf,1.5,1.5
53.833,0.0002,-0.0,-0.0,-6.9819,-0.0,0.0,0.0,inf,1.5,1.5
53.833,0.0002,-0.0,-0.0,-6.9819,-0.0,0.0,0.0,inf,1.5,1.5
53.833,0.0002,-0.0,-0.0,-6.9819,-0.0,0.0,0.0,inf,1.5,1.5
53.833,0.0002,-0.0,-0.0,-6.9819,-0.0,0.0,0.0,inf,1.5,1.5
53.833,0.0002,-0.0,-0.0,-6.9819,-0.0,0.0,0.0,inf,1.5,1.5
53.833,0.0002,-0.0,-0.0,-6.9819,-0.0,0.0,0.0,inf,1.5,1.5
53.833,0.0002,-0.0,-0.0,-6.9819,-0.0,0.0,0.0,inf,1.5,1.5
53.833,0.0002,-0.0,-0.0,-6.9819,-0.0,0.0,0.0,inf,1.5,1.5
53.833,0.0002,-0.0,-0.0,-6.9819,-0.0,0.0,0.0,inf,1.5,1.5
53.833,0.0002,-0.0,-0.0,-6.9819,-0.0,0.0,0.0,inf,1.5,1.5
53.833,0.0002,-0.0,-0.0,-6.9819,-0.0,0.0,0.0,inf,1.5,1.5
53.833,0.0002,-0.0,-0.0,-6.9819,-0.0,0.0,0.0,inf,1.5,1.5
53.833,0.0002,-0.0,-0.0,-6.9819,-0.0,0.0,0.0,inf,1.5,1.5
53.833,0.0002,-0.0,-0.0,-6.9819,-0.0,0.0,0.0,inf,1.5,1.5
53.833,0.0002,-0.0,-0.0,-6.9819,-0.0,0.0,0.0,inf,1.5,1.5
53.833,0.0002,-0.0,-0.0,-6.9819,-0.0,0.0,0.0,inf,1.5,1.5
53.833,0.0002,-0.0,-0.0,-6.9819,-0.0,0.0,0.0,inf,1.5,1.5
53.833,0.0002,-0.0,-0.0,-6.9819,-0.0,0.0,0.0,inf,1.5,1.5
53.833,0.0002,-0.0,-0.0,-6.9819,-0.0,0.0,0.0,inf,1.5,1.5
53.833,0.0002,-0.0,-0.0,-6.9819,-0.0,0.0,0.0,inf,1.5,1.5
53.833,0.0002,-0.0,-0.0,-6.9819,-0.0,0.0,0.0,inf,1.5,1.5
53.833,0.0002,-0.0,-0.0,-6.9819,-0.0,0.0,0.0,inf,1.5,1.5
53.833,0.0002,-0.0,-0.0,-6.9819,-0.0,0.0,0.0,inf,1.5,1.5
53.833,0.0002,-0.0,-0.0,-6.9819,-0.0,0.0,0.0,inf,1.5,1.5
53.833,0.0002,-0.0,-0.0,-6.9819,-0.0,0.0,0.0,inf,1.5,1.5
53.833,0.0002,-0.0,-0.0,-6.9819,-0.0,0.0,0.0,inf,1.5,1.5
53.833,0.0002,-0.0,-0.0,-6.9819,-0.0,0.0,0.0,inf,1.5,1.5
53.833,0.0002,-0.0,-0.0,-6.9819,-0.0,0.0,0.0,inf,1.5,1.5
53.833,0.0002,-0.0,-0.0,-6.9819,-0.0,0.0,0.0,inf,1.5,1.5
53.833,0.0002,-0.0,-0.0,-6.9819,-0.0,0.0,0.0,inf,1.5,1.5
53.833,0.0002,-0.0,-0.0,-6.9819,-0.0,0.0,0.0,inf,1.5,1.5
53.833,0.0002,-0.0,-0.0,-6.9819,-0.0,0.0,0.0,inf,1.5,1.5
53.833,0.0002,-0.0,-0.0,-6.9819,-0.0,0.0,0.0,inf,1.5,1.5
53.833,0.0002,-0.0,-0.0,-6.9819,-0.0,0.0,0.0,inf,1.5,1.5
53.833,0.0002,-0.0,-0.0,-6.9819,-0.0,0.0,0.0,inf,1.5,1.5
53.833,0.0002,-0.0,-0.0,-6.9819,-0.0,0.0,0.0,inf,1.5,1.5
53.833,0.0002,-0.0,-0.0,-6.9819,-0.0,0.0,0.0,inf,1.5,1.5
53.833,0.0002,-0.0,-0.0,-6.9819,-0.0,0.0,0.0,inf,1.5,1.5
53.833,0.0002,-0.0,-0.0,-6.9819,-0.0,0.0,0.0,inf,1.5,1.5
53.833,0.0002,-0.0,-0.0,-6.9819,-0.0,0.0,0.0,inf,1.5,1.5
53.833,0.0002,-0.0,-0.0,-6.9819,-0.0,0.0,0.0,inf,1.5,1.5
53.833,0.0002,-0.0,-0.0,-6.9819,-0.0,0.0,0.0,inf,1.5,1.5
53.833,0.0002,-0.0,-0.0,-6.9819,-0.0,0.0,0.0,inf,1.5,1.5
53.833,0.0002,-0.0,-0.0,-6.9819,-0.0,0.0,0.0,inf,1.5,1.5
53.833,0.0002,-0.0,-0.0,-6.9819,-0.0,0.0,0.0,inf,1.5,1.5
53.833,0.0002,-0.0,-0.0,-6.9819,-0.0,0.0,0.0,inf,1.5,1.5
53.833,0.0002,-0.0,-0.0,-6.9819,-0.0,0.0,0.0,inf,1.5,1.5
53.833,0.0002,-0.0,-0.0,-6.9819,-0.0,0.0,0.0,inf,1.5,1.5
53.833,0.0002,-0.0,-0.0,-6.9819,-0.0,0.0,0.0,inf,1.5,1.5
53.833,0.0002,-0.0,-0.0,-6.9819,-0.0,0.0,0.0,inf,1.5,1.5
53.833,0.0002,-0.0,-0.0,-6.9819,-0.0,0.0,0.0,inf,1.5,1.5
53.833,0.0002,-0.0,-0.0,-6.9819,-0.0,0.0,0.0,inf,1.5,1.5
53.833,0.0002,-0.0,-0.0,-6.9819,-0.0,0.0,0.0,inf,1.5,1.5
53.833,0.0002,-0.0,-0.0,-6.9819,-0.0,0.0,0.0,inf,1.5,1.5
53.833,0.0002,-0.0,-0.0,-6.9819,-0.0,0.0,0.0,inf,1.5,1.5
53.833,0.0002,-0.0,-0.0,-6.9819,-0.0,0.0,0.0,inf,1.5,1.5
53.833,0.0002,-0.0,-0.0,-6.9819,-0.0,0.0,0.0,inf,1.5,1.5
53.833,0.0002,-0.0,-0.0,-6.9819,-0.0,0.0,0.0,inf,1.5,1.5
53.833,0.0002,-0.0,-0.0,-6.9819,-0.0,0.0,0.0,inf,1.5,1.5
53.833,0.0002,-0.0,-0.0,-6.9819,-0.0,0.0,0.0,inf,1.5,1.5
53.833,0.0002,-0.0,-0.0,-6.9819,-0.0,0.0,0.0,inf,1.5,1.5
53.833,0.0002,-0.0,-0.0,-6.9819,-0.0,0.0,0.0,inf,1.5,1.5
53.833,0.0002,-0.0,-0.0,-6.9819,-0.0,0.0,0.0,inf,1.5,1.5
53.833,0.0002,-0.0,-0.0,-6.9819,-0.0,0.0,0.0,inf,1.5,1.5
53.833,0.0002,-0.0,-0.0,-6.9819,-0.0,0.0,0.0,inf,1.5,1.5
53.833,0.0002,-0.0,-0.0,-6.9819,-0.0,0.0,0.0,inf,1.5,1.5
53.833,0.0002,-0.0,-0.0,-6.9819,-0.0,0.0,0.0,inf,1.5,1.5
53.833,0.0002,-0.0,-0.0,-6.9819,-0.0,0.0,0.0,inf,1.5,1.5
53.833,0.0002,-0.0,-0.0,-6.9819,-0.0,0.0,0.0,inf,1.5,1.5
53.833,0.0002,-0.0,-0.0,-6.9819,-0.0,0.0,0.0,inf,1.5,1.5
53.833,0.0002,-0.0,-0.0,-6.9819,-0.0,0.0,0.0,inf,1.5,1.5
53.833,0.0002,-0.0,-0.0,-6.9819,-0.0,0.0,0.0,inf,1.5,1.5
53.833,0.0002,-0.0,-0.0,-6.9819,-0.0,0.0,0.0,inf,1.5,1.5
53.833,0.0002,-0.0,-0.0,-6.9819,-0.0,0.0,0.0,inf,1.5,1.5
53.833,0.0002,-0.0,-0.0,-6.9819,-0.0,0.0,0.0,inf,1.5,1.5
53.833,0.0002,-0.0,-0.0,-6.9819,-0.0,0.0,0.0,inf,1.5,1.5
53.833,0.0002,-0.0,-0.0,-6.9819,-0.0,0.0,0.0,inf,1.5,1.5
53.833,0.0002,-0.0,-0.0,-6.9819,-0.0,0.0,0.0,inf,1.5,1.5
53.833,0.0002,-0.0,-0.0,-6.9819,-0.0,0.0,0.0,inf,1.5,1.5
53.833,0.0002,-0.0,-0.0,-6.9819,-0.0,0.0,0.0,inf,1.5,1.5
53.833,0.0002,-0.0,-0.0,-6.9819,-0.0,0.0,0.0,inf,1.5,1.5
53.833,0.0002,-0.0,-0.0,-6.9819,-0.0,0.0,0.0,inf,1.5,1.5
53.833,0.0002,-0.0,-0.0,-6.9819,-0.0,0.0,0.0,inf,1.5,1.5
53.833,0.0002,-0.0,-0.0,-6.9819,-0.0,0.0,0.0,inf,1.5,1.5
53.833,0.0002,-0.0,-0.0,-6.9819,-0.0,0.0,0.0,inf,1.5,1.5
53.833,0.0002,-0.0,-0.0,-6.9819,-0.0,0.0,0.0,inf,1.5,1.5
53.833,0.0002,-0.0,-0.0,-6.9819,-0.0,0.0,0.0,inf,1.5,1.5
53.833,0.0002,-0.0,-0.0,-6.9819,-0.0,0.0,0.0,inf,1.5,1.5
53.833,0.0002,-0.0,-0.0,-6.9819,-0.0,0.0,0.0,inf,1.5,1.5
53.833,0.0002,-0.0,-0.0,-6.9819,-0.0,0.0,0.0,inf,1.5,1.5
53.833,0.0002,-0.0,-0.0,-6.9819,-0.0,0.0,0.0,inf,1.5,1.5
53.833,0.0002,-0.0,-0.0,-6.9819,-0.0,0.0,0.0,inf,1.5,1.5
53.833,0.0002,-0.0,-0.0,-6.9819,-0.0,0.0,0.0,inf,1.5,1.5
53.833,0.0002,-0.0,-0.0,-6.9819,-0.0,0.0,0.0,inf,1.5,1.5
53.833,0.0002,-0.0,-0.0,-6.9819,-0.0,0.0,0.0,inf,1.5,1.5
53.833,0.0002,-0.0,-0.0,-6.9819,-0.0,0.0,0.0,inf,1.5,1.5
53.833,0.0002,-0.0,-0.0,-6.9819,-0.0,0.0,0.0,inf,1.5,1.5
53.833,0.0002,-0.0,-0.0,-6.9819,-0.0,0.0,0.0,inf,1.5,1.5
53.833,0.0002,-0.0,-0.0,-6.9819,-0.0,0.0,0.0,inf,1.5,1.5
53.833,0.0002,-0.0,-0.0,-6.9819,-0.0,0.0,0.0,inf,1.5,1.5
53.833,0.0002,-0.0,-0.0,-6.9819,-0.0,0.0,0.0,inf,1.5,1.5
53.833,0.0002,-0.0,-0.0,-6.9819,-0.0,0.0,0.0,inf,1.5,1.5
53.833,0.0002,-0.0,-0.0,-6.9819,-0.0,0.0,0.0,inf,1.5,1.5
53.833,0.0002,-0.0,-0.0,-6.9819,-0.0,0.0,0.0,inf,1.5,1.5
53.833,0.0002,-0.0,-0.0,-6.9819,-0.0,0.0,0.0,inf,1.5,1.5
53.833,0.0002,-0.0,-0.0,-6.9819,-0.0,0.0,0.0,inf,1.5,1.5
53.833,0.0002,-0.0,-0.0,-6.9819,-0.0,0.0,0.0,inf,1.5,1.5
53.833,0.0002,-0.0,-0.0,-6.9819,-0.0,0.0,0.0,inf,1.5,1.5
53.833,0.0002,-0.0,-0.0,-6.9819,-0.0,0.0,0.0,inf,1.5,1.5
53.833,0.0002,-0.0,-0.0,-6.9819,-0.0,0.0,0.0,inf,1.5,1.5
53.833,0.0002,-0.0,-0.0,-6.9819,-0.0,0.0,0.0,inf,1.5,1.5
53.833,0.0002,-0.0,-0.0,-6.9819,-0.0,0.0,0.0,inf,1.5,1.5
53.833,0.0002,-0.0,-0.0,-6.9819,-0.0,0.0,0.0,inf,1.5,1.5
53.833,0.0002,-0.0,-0.0,-6.9819,-0.0,0.0,0.0,inf,1.5,1.5
53.833,0.0002,-0.0,-0.0,-6.9819,-0.0,0.0,0.0,inf,1.5,1.5
53.833,0.0002,-0.0,-0.0,-6.9819,-0.0,0.0,0.0,inf,1.5,1.5
53.833,0.0002,-0.0,-0.0,-6.9819,-0.0,0.0,0.0,inf,1.5,1.5
53.833,0.0002,-0.0,-0.0,-6.9819,-0.0,0.0,0.0,inf,1.5,1.5
53.833,0.0002,-0.0,-0.0,-6.9819,-0.0,0.0,0.0,inf,1.5,1.5
53.833,0.0002,-0.0,-0.0,-6.9819,-0.0,0.0,0.0,inf,1.5,1.5
53.833,0.0002,-0.0,-0.0,-6.9819,-0.0,0.0,0.0,inf,1.5,1.5
53.833,0.0002,-0.0,-0.0,-6.9819,-0.0,0.0,0.0,inf,1.5,1.5
53.833,0.0002,-0.0,-0.0,-6.9819,-0.0,0.0,0.0,inf,1.5,1.5
53.833,0.0002,-0.0,-0.0,-6.9819,-0.0,0.0,0.0,inf,1.5,1.5
53.833,0.0002,-0.0,-0.0,-6.9819,-0.0,0.0,0.0,inf,1.5,1.5
53.833,0.0002,-0.0,-0.0,-6.9819,-0.0,0.0,0.0,inf,1.5,1.5
53.833,0.0002,-0.0,-0.0,-6.9819,-0.0,0.0,0.0,inf,1.5,1.5
53.833,0.0002,-0.0,-0.0,-6.9819,-0.0,0.0,0.0,inf,1.5,1.5
53.833,0.0002,-0.0,-0.0,-6.9819,-0.0,0.0,0.0,inf,1.5,1.5
53.833,0.0002,-0.0,-0.0,-6.9819,-0.0,0.0,0.0,inf,1.5,1.5
53.833,0.0002,-0.0,-0.0,-6.9819,-0.0,0.0,0.0,inf,1.5,1.5
53.833,0.0002,-0.0,-0.0,-6.9819,-0.0,0.0,0.0,inf,1.5,1.5
53.833,0.0002,-0.0,-0.0,-6.9819,-0.0,0.0,0.0,inf,1.5,1.5
53.833,0.0002,-0.0,-0.0,-6.9819,-0.0,0.0,0.0,inf,1.5,1.5
53.833,0.0002,-0.0,-0.0,-6.9819,-0.0,0.0,0.0,inf,1.5,1.5
53.833,0.0002,-0.0,-0.0,-6.9819,-0.0,0.0,0.0,inf,1.5,1.5
53.833,0.0002,-0.0,-0.0,-6.9819,-0.0,0.0,0.0,inf,1.5,1.5
53.833,0.0002,-0.0,-0.0,-6.9819,-0.0,0.0,0.0,inf,1.5,1.5
53.833,0.0002,-0.0,-0.0,-6.9819,-0.0,0.0,0.0,inf,1.5,1.5
53.833,0.0002,-0.0,-0.0,-6.9819,-0.0,0.0,0.0,inf,1.5,1.5
53.833,0.0002,-0.0,-0.0,-6.9819,-0.0,0.0,0.0,inf,1.5,1.5
53.833,0.0002,-0.0,-0.0,-6.9819,-0.0,0.0,0.0,inf,1.5,1.5
53.833,0.0002,-0.0,-0.0,-6.9819,-0.0,0.0,0.0,inf,1.5,1.5
53.833,0.0002,-0.0,-0.0,-6.9819,-0.0,0.0,0.0,inf,1.5,1.5
53.833,0.0002,-0.0,-0.0,-6.9819,-0.0,0.0,0.0,inf,1.5,1.5
53.833,0.0002,-0.0,-0.0,-6.9819,-0.0,0.0,0.0,inf,1.5,1.5
53.833,0.0002,-0.0,-0.0,-6.9819,-0.0,0.0,0.0,inf,1.5,1.5
53.833,0.0002,-0.0,-0.0,-6.9819,-0.0,0.0,0.0,inf,1.5,1.5
53.833,0.0002,-0.0,-0.0,-6.9819,-0.0,0.0,0.0,inf,1.5,1.5
53.833,0.0002,-0.0,-0.0,-6.9819,-0.0,0.0,0.0,inf,1.5,1.5
53.833,0.0002,-0.0,-0.0,-6.9819,-0.0,0.0,0.0,inf,1.5,1.5
53.833,0.0002,-0.0,-0.0,-6.9819,-0.0,0.0,0.0,inf,1.5,1.5
53.833,0.0002,-0.0,-0.0,-6.9819,-0.0,0.0,0.0,inf,1.5,1.5
53.833,0.0002,-0.0,-0.0,-6.9819,-0.0,0.0,0.0,inf,1.5,1.5
53.833,0.0002,-0.0,-0.0,-6.9819,-0.0,0.0,0.0,inf,1.5,1.5
53.833,0.0002,-0.0,-0.0,-6.9819,-0.0,0.0,0.0,inf,1.5,1.5
53.833,0.0002,-0.0,-0.0,-6.9819,-0.0,0.0,0.0,inf,1.5,1.5
53.833,0.0002,-0.0,-0.0,-6.9819,-0.0,0.0,0.0,inf,1.5,1.5
53.833,0.0002,-0.0,-0.0,-6.9819,-0.0,0.0,0.0,inf,1.5,1.5
53.833,0.0002,-0.0,-0.0,-6.9819,-0.0,0.0,0.0,inf,1.5,1.5
53.833,0.0002,-0.0,-0.0,-6.9819,-0.0,0.0,0.0,inf,1.5,1.5
53.833,0.0002,-0.0,-0.0,-6.9819,-0.0,0.0,0.0,inf,1.5,1.5
53.833,0.0002,-0.0,-0.0,-6.9819,-0.0,0.0,0.0,inf,1.5,1.5
53.833,0.0002,-0.0,-0.0,-6.9819,-0.0,0.0,0.0,inf,1.5,1.5
53.833,0.0002,-0.0,-0.0,-6.9819,-0.0,0.0,0.0,inf,1.5,1.5
53.833,0.0002,-0.0,-0.0,-6.9819,-0.0,0.0,0.0,inf,1.5,1.5
53.833,0.0002,-0.0,-0.0,-6.9819,-0.0,0.0,0.0,inf,1.5,1.5
53.833,0.0002,-0.0,-0.0,-6.9819,-0.0,0.0,0.0,inf,1.5,1.5
53.833,0.0002,-0.0,-0.0,-6.9819,-0.0,0.0,0.0,inf,1.5,1.5
53.833,0.0002,-0.0,-0.0,-6.9819,-0.0,0.0,0.0,inf,1.5,1.5
53.833,0.0002,-0.0,-0.0,-6.9819,-0.0,0.0,0.0,inf,1.5,1.5
53.833,0.0002,-0.0,-0.0,-6.9819,-0.0,0.0,0.0,inf,1.5,1.5
53.833,0.0002,-0.0,-0.0,-6.9819,-0.0,0.0,0.0,inf,1.5,1.5
53.833,0.0002,-0.0,-0.0,-6.9819,-0.0,0.0,0.0,inf,1.5,1.5
53.833,0.0002,-0.0,-0.0,-6.9819,-0.0,0.0,0.0,inf,1.5,1.5
53.833,0.0002,-0.0,-0.0,-6.9819,-0.0,0.0,0.0,inf,1.5,1.5
53.833,0.0002,-0.0,-0.0,-6.9819,-0.0,0.0,0.0,inf,1.5,1.5
53.833,0.0002,-0.0,-0.0,-6.9819,-0.0,0.0,0.0,inf,1.5,1.5
53.833,0.0002,-0.0,-0.0,-6.9819,-0.0,0.0,0.0,inf,1.5,1.5
53.833,0.0002,-0.0,-0.0,-6.9819,-0.0,0.0,0.0,inf,1.5,1.5
53.833,0.0002,-0.0,-0.0,-6.9819,-0.0,0.0,0.0,inf,1.5,1.5
53.833,0.0002,-0.0,-0.0,-6.9819,-0.0,0.0,0.0,inf,1.5,1.5
53.833,0.0002,-0.0,-0.0,-6.9819,-0.0,0.0,0.0,inf,1.5,1.5
53.833,0.0002,-0.0,-0.0,-6.9819,-0.0,0.0,0.0,inf,1.5,1.5
53.833,0.0002,-0.0,-0.0,-6.9819,-0.0,0.0,0.0,inf,1.5,1.5
53.833,0.0002,-0.0,-0.0,-6.9819,-0.0,0.0,0.0,inf,1.5,1.5
53.833,0.0002,-0.0,-0.0,-6.9819,-0.0,0.0,0.0,inf,1.5,1.5
53.833,0.0002,-0.0,-0.0,-6.9819,-0.0,0.0,0.0,inf,1.5,1.5
53.833,0.0002,-0.0,-0.0,-6.9819,-0.0,0.0,0.0,inf,1.5,1.5
53.833,0.0002,-0.0,-0.0,-6.9819,-0.0,0.0,0.0,inf,1.5,1.5
53.833,0.0002,-0.0,-0.0,-6.9819,-0.0,0.0,0.0,inf,1.5,1.5
53.833,0.0002,-0.0,-0.0,-6.9819,-0.0,0.0,0.0,inf,1.5,1.5
53.833,0.0002,-0.0,-0.0,-6.9819,-0.0,0.0,0.0,inf,1.5,1.5
53.833,0.0002,-0.0,-0.0,-6.9819,-0.0,0.0,0.0,inf,1.5,1.5
53.833,0.0002,-0.0,-0.0,-6.9819,-0.0,0.0,0.0,inf,1.5,1.5
53.833,0.0002,-0.0,-0.0,-6.9819,-0.0,0.0,0.0,inf,1.5,1.5
53.833,0.0002,-0.0,-0.0,-6.9819,-0.0,0.0,0.0,inf,1.5,1.5
53.833,0.0002,-0.0,-0.0,-6.9819,-0.0,0.0,0.0,inf,1.5,1.5
53.833,0.0002,-0.0,-0.0,-6.9819,-0.0,0.0,0.0,inf,1.5,1.5
53.833,0.0002,-0.0,-0.0,-6.9819,-0.0,0.0,0.0,inf,1.5,1.5
53.833,0.0002,-0.0,-0.0,-6.9819,-0.0,0.0,0.0,inf,1.5,1.5
53.833,0.0002,-0.0,-0.0,-6.9819,-0.0,0.0,0.0,inf,1.5,1.5
53.833,0.0002,-0.0,-0.0,-6.9819,-0.0,0.0,0.0,inf,1.5,1.5
53.833,0.0002,-0.0,-0.0,-6.9819,-0.0,0.0,0.0,inf,1.5,1.5
53.833,0.0002,-0.0,-0.0,-6.9819,-0.0,0.0,0.0,inf,1.5,1.5
53.833,0.0002,-0.0,-0.0,-6.9819,-0.0,0.0,0.0,inf,1.5,1.5
53.833,0.0002,-0.0,-0.0,-6.9819,-0.0,0.0,0.0,inf,1.5,1.5
53.833,0.0002,-0.0,-0.0,-6.9819,-0.0,0.0,0.0,inf,1.5,1.5
53.833,0.0002,-0.0,-0.0,-6.9819,-0.0,0.0,0.0,inf,1.5,1.5
53.833,0.0002,-0.0,-0.0,-6.9819,-0.0,0.0,0.0,inf,1.5,1.5
53.833,0.0002,-0.0,-0.0,-6.9819,-0.0,0.0,0.0,inf,1.5,1.5
53.833,0.0002,-0.0,-0.0,-6.9819,-0.0,0.0,0.0,inf,1.5,1.5
53.833,0.0002,-0.0,-0.0,-6.9819,-0.0,0.0,0.0,inf,1.5,1.5
53.833,0.0002,-0.0,-0.0,-6.9819,-0.0,0.0,0.0,inf,1.5,1.5
53.833,0.0002,-0.0,-0.0,-6.9819,-0.0,0.0,0.0,inf,1.5,1.5
53.833,0.0002,-0.0,-0.0,-6.9819,-0.0,0.0,0.0,inf,1.5,1.5
53.833,0.0002,-0.0,-0.0,-6.9819,-0.0,0.0,0.0,inf,1.5,1.5
53.833,0.0002,-0.0,-0.0,-6.9819,-0.0,0.0,0.0,inf,1.5,1.5
53.833,0.0002,-0.0,-0.0,-6.9819,-0.0,0.0,0.0,inf,1.5,1.5
53.833,0.0002,-0.0,-0.0,-6.9819,-0.0,0.0,0.0,inf,1.5,1.5
53.833,0.0002,-0.0,-0.0,-6.9819,-0.0,0.0,0.0,inf,1.5,1.5
53.833,0.0002,-0.0,-0.0,-6.9819,-0.0,0.0,0.0,inf,1.5,1.5
53.833,0.0002,-0.0,-0.0,-6.9819,-0.0,0.0,0.0,inf,1.5,1.5
53.833,0.0002,-0.0,-0.0,-6.9819,-0.0,0.0,0.0,inf,1.5,1.5
53.833,0.0002,-0.0,-0.0,-6.9819,-0.0,0.0,0.0,inf,1.5,1.5
53.833,0.0002,-0.0,-0.0,-6.9819,-0.0,0.0,0.0,inf,1.5,1.5
53.833,0.0002,-0.0,-0.0,-6.9819,-0.0,0.0,0.0,inf,1.5,1.5
53.833,0.0002,-0.0,-0.0,-6.9819,-0.0,0.0,0.0,inf,1.5,1.5
53.833,0.0002,-0.0,-0.0,-6.9819,-0.0,0.0,0.0,inf,1.5,1.5
53.833,0.0002,-0.0,-0.0,-6.9819,-0.0,0.0,0.0,inf,1.5,1.5
53.833,0.0002,-0.0,-0.0,-6.9819,-0.0,0.0,0.0,inf,1.5,1.5
53.833,0.0002,-0.0,-0.0,-6.9819,-0.0,0.0,0.0,inf,1.5,1.5
53.833,0.0002,-0.0,-0.0,-6.9819,-0.0,0.0,0.0,inf,1.5,1.5
53.833,0.0002,-0.0,-0.0,-6.9819,-0.0,0.0,0.0,inf,1.5,1.5
53.833,0.0002,-0.0,-0.0,-6.9819,-0.0,0.0,0.0,inf,1.5,1.5
53.833,0.0002,-0.0,-0.0,-6.9819,-0.0,0.0,0.0,inf,1.5,1.5
53.833,0.0002,-0.0,-0.0,-6.9819,-0.0,0.0,0.0,inf,1.5,1.5
53.833,0.0002,-0.0,-0.0,-6.9819,-0.0,0.0,0.0,inf,1.5,1.5
53.833,0.0002,-0.0,-0.0,-6.9819,-0.0,0.0,0.0,inf,1.5,1.5
53.833,0.0002,-0.0,-0.0,-6.9819,-0.0,0.0,0.0,inf,1.5,1.5
53.833,0.0002,-0.0,-0.0,-6.9819,-0.0,0.0,0.0,inf,1.5,1.5
53.833,0.0002,-0.0,-0.0,-6.9819,-0.0,0.0,0.0,inf,1.5,1.5
53.833,0.0002,-0.0,-0.0,-6.9819,-0.0,0.0,0.0,inf,1.5,1.5
53.833,0.0002,-0.0,-0.0,-6.9819,-0.0,0.0,0.0,inf,1.5,1.5
53.833,0.0002,-0.0,-0.0,-6.9819,-0.0,0.0,0.0,inf,1.5,1.5
53.833,0.0002,-0.0,-0.0,-6.9819,-0.0,0.0,0.0,inf,1.5,1.5
53.833,0.0002,-0.0,-0.0,-6.9819,-0.0,0.0,0.0,inf,1.5,1.5
53.833,0.0002,-0.0,-0.0,-6.9819,-0.0,0.0,0.0,inf,1.5,1.5
53.833,0.0002,-0.0,-0.0,-6.9819,-0.0,0.0,0.0,inf,1.5,1.5
53.833,0.0002,-0.0,-0.0,-6.9819,-0.0,0.0,0.0,inf,1.5,1.5
53.833,0.0002,-0.0,-0.0,-6.9819,-0.0,0.0,0.0,inf,1.5,1.5
53.833,0.0002,-0.0,-0.0,-6.9819,-0.0,0.0,0.0,inf,1.5,1.5
53.833,0.0002,-0.0,-0.0,-6.9819,-0.0,0.0,0.0,inf,1.5,1.5
53.833,0.0002,-0.0,-0.0,-6.9819,-0.0,0.0,0.0,inf,1.5,1.5
53.833,0.0002,-0.0,-0.0,-6.9819,-0.0,0.0,0.0,inf,1.5,1.5
53.833,0.0002,-0.0,-0.0,-6.9819,-0.0,0.0,0.0,inf,1.5,1.5
53.833,0.0002,-0.0,-0.0,-6.9819,-0.0,0.0,0.0,inf,1.5,1.5
53.833,0.0002,-0.0,-0.0,-6.9819,-0.0,0.0,0.0,inf,1.5,1.5
53.833,0.0002,-0.0,-0.0,-6.9819,-0.0,0.0,0.0,inf,1.5,1.5
53.833,0.0002,-0.0,-0.0,-6.9819,-0.0,0.0,0.0,inf,1.5,1.5
53.833,0.0002,-0.0,-0.0,-6.9819,-0.0,0.0,0.0,inf,1.5,1.5
53.833,0.0002,-0.0,-0.0,-6.9819,-0.0,0.0,0.0,inf,1.5,1.5
53.833,0.0002,-0.0,-0.0,-6.9819,-0.0,0.0,0.0,inf,1.5,1.5
53.833,0.0002,-0.0,-0.0,-6.9819,-0.0,0.0,0.0,inf,1.5,1.5
53.833,0.0002,-0.0,-0.0,-6.9819,-0.0,0.0,0.0,inf,1.5,1.5
53.833,0.0002,-0.0,-0.0,-6.9819,-0.0,0.0,0.0,inf,1.5,1.5
53.833,0.0002,-0.0,-0.0,-6.9819,-0.0,0.0,0.0,inf,1.5,1.5
53.833,0.0002,-0.0,-0.0,-6.9819,-0.0,0.0,0.0,inf,1.5,1.5
53.833,0.0002,-0.0,-0.0,-6.9819,-0.0,0.0,0.0,inf,1.5,1.5
53.833,0.0002,-0.0,-0.0,-6.9819,-0.0,0.0,0.0,inf,1.5,1.5
53.833,0.0002,-0.0,-0.0,-6.9819,-0.0,0.0,0.0,inf,1.5,1.5
53.833,0.0002,-0.0,-0.0,-6.9819,-0.0,0.0,0.0,inf,1.5,1.5
53.833,0.0002,-0.0,-0.0,-6.9819,-0.0,0.0,0.0,inf,1.5,1.5
53.833,0.0002,-0.0,-0.0,-6.9819,-0.0,0.0,0.0,inf,1.5,1.5
53.833,0.0002,-0.0,-0.0,-6.9819,-0.0,0.0,0.0,inf,1.5,1.5
53.833,0.0002,-0.0,-0.0,-6.9819,-0.0,0.0,0.0,inf,1.5,1.5
53.833,0.0002,-0.0,-0.0,-6.9819,-0.0,0.0,0.0,inf,1.5,1.5
53.833,0.0002,-0.0,-0.0,-6.9819,-0.0,0.0,0.0,inf,1.5,1.5
53.833,0.0002,-0.0,-0.0,-6.9819,-0.0,0.0,0.0,inf,1.5,1.5
53.833,0.0002,-0.0,-0.0,-6.9819,-0.0,0.0,0.0,inf,1.5,1.5
53.833,0.0002,-0.0,-0.0,-6.9819,-0.0,0.0,0.0,inf,1.5,1.5
53.833,0.0002,-0.0,-0.0,-6.9819,-0.0,0.0,0.0,inf,1.5,1.5
53.833,0.0002,-0.0,-0.0,-6.9819,-0.0,0.0,0.0,inf,1.5,1.5
53.833,0.0002,-0.0,-0.0,-6.9819,-0.0,0.0,0.0,inf,1.5,1.5
53.833,0.0002,-0.0,-0.0,-6.9819,-0.0,0.0,0.0,inf,1.5,1.5
53.833,0.0002,-0.0,-0.0,-6.9819,-0.0,0.0,0.0,inf,1.5,1.5
53.833,0.0002,-0.0,-0.0,-6.9819,-0.0,0.0,0.0,inf,1.5,1.5
53.833,0.0002,-0.0,-0.0,-6.9819,-0.0,0.0,0.0,inf,1.5,1.5
53.833,0.0002,-0.0,-0.0,-6.9819,-0.0,0.0,0.0,inf,1.5,1.5
53.833,0.0002,-0.0,-0.0,-6.9819,-0.0,0.0,0.0,inf,1.5,1.5
53.833,0.0002,-0.0,-0.0,-6.9819,-0.0,0.0,0.0,inf,1.5,1.5
53.833,0.0002,-0.0,-0.0,-6.9819,-0.0,0.0,0.0,inf,1.5,1.5
53.833,0.0002,-0.0,-0.0,-6.9819,-0.0,0.0,0.0,inf,1.5,1.5
53.833,0.0002,-0.0,-0.0,-6.9819,-0.0,0.0,0.0,inf,1.5,1.5
53.833,0.0002,-0.0,-0.0,-6.9819,-0.0,0.0,0.0,inf,1.5,1.5
53.833,0.0002,-0.0,-0.0,-6.9819,-0.0,0.0,0.0,inf,1.5,1.5
53.833,0.0002,-0.0,-0.0,-6.9819,-0.0,0.0,0.0,inf,1.5,1.5
53.833,0.0002,-0.0,-0.0,-6.9819,-0.0,0.0,0.0,inf,1.5,1.5
53.833,0.0002,-0.0,-0.0,-6.9819,-0.0,0.0,0.0,inf,1.5,1.5
53.833,0.0002,-0.0,-0.0,-6.9819,-0.0,0.0,0.0,inf,1.5,1.5
53.833,0.0002,-0.0,-0.0,-6.9819,-0.0,0.0,0.0,inf,1.5,1.5
53.833,0.0002,-0.0,-0.0,-6.9819,-0.0,0.0,0.0,inf,1.5,1.5
53.833,0.0002,-0.0,-0.0,-6.9819,-0.0,0.0,0.0,inf,1.5,1.5
53.833,0.0002,-0.0,-0.0,-6.9819,-0.0,0.0,0.0,inf,1.5,1.5
53.833,0.0002,-0.0,-0.0,-6.9819,-0.0,0.0,0.0,inf,1.5,1.5
53.833,0.0002,-0.0,-0.0,-6.9819,-0.0,0.0,0.0,inf,1.5,1.5
53.833,0.0002,-0.0,-0.0,-6.9819,-0.0,0.0,0.0,inf,1.5,1.5
53.833,0.0002,-0.0,-0.0,-6.9819,-0.0,0.0,0.0,inf,1.5,1.5
53.833,0.0002,-0.0,-0.0,-6.9819,-0.0,0.0,0.0,inf,1.5,1.5
53.833,0.0002,-0.0,-0.0,-6.9819,-0.0,0.0,0.0,inf,1.5,1.5
53.833,0.0002,-0.0,-0.0,-6.9819,-0.0,0.0,0.0,inf,1.5,1.5
53.833,0.0002,-0.0,-0.0,-6.9819,-0.0,0.0,0.0,inf,1.5,1.5
53.833,0.0002,-0.0,-0.0,-6.9819,-0.0,0.0,0.0,inf,1.5,1.5
53.833,0.0002,-0.0,-0.0,-6.9819,-0.0,0.0,0.0,inf,1.5,1.5
53.833,0.0002,-0.0,-0.0,-6.9819,-0.0,0.0,0.0,inf,1.5,1.5
53.833,0.0002,-0.0,-0.0,-6.9819,-0.0,0.0,0.0,inf,1.5,1.5
53.833,0.0002,-0.0,-0.0,-6.9819,-0.0,0.0,0.0,inf,1.5,1.5
53.833,0.0002,-0.0,-0.0,-6.9819,-0.0,0.0,0.0,inf,1.5,1.5
53.833,0.0002,-0.0,-0.0,-6.9819,-0.0,0.0,0.0,inf,1.5,1.5
53.833,0.0002,-0.0,-0.0,-6.9819,-0.0,0.0,0.0,inf,1.5,1.5
53.833,0.0002,-0.0,-0.0,-6.9819,-0.0,0.0,0.0,inf,1.5,1.5
53.833,0.0002,-0.0,-0.0,-6.9819,-0.0,0.0,0.0,inf,1.5,1.5
53.833,0.0002,-0.0,-0.0,-6.9819,-0.0,0.0,0.0,inf,1.5,1.5
53.833,0.0002,-0.0,-0.0,-6.9819,-0.0,0.0,0.0,inf,1.5,1.5
53.833,0.0002,-0.0,-0.0,-6.9819,-0.0,0.0,0.0,inf,1.5,1.5
53.833,0.0002,-0.0,-0.0,-6.9819,-0.0,0.0,0.0,inf,1.5,1.5
53.833,0.0002,-0.0,-0.0,-6.9819,-0.0,0.0,0.0,inf,1.5,1.5
53.833,0.0002,-0.0,-0.0,-6.9819,-0.0,0.0,0.0,inf,1.5,1.5
53.833,0.0002,-0.0,-0.0,-6.9819,-0.0,0.0,0.0,inf,1.5,1.5
53.833,0.0002,-0.0,-0.0,-6.9819,-0.0,0.0,0.0,inf,1.5,1.5
53.833,0.0002,-0.0,-0.0,-6.9819,-0.0,0.0,0.0,inf,1.5,1.5
53.833,0.0002,-0.0,-0.0,-6.9819,-0.0,0.0,0.0,inf,1.5,1.5
53.833,0.0002,-0.0,-0.0,-6.9819,-0.0,0.0,0.0,inf,1.5,1.5
53.833,0.0002,-0.0,-0.0,-6.9819,-0.0,0.0,0.0,inf,1.5,1.5
53.833,0.0002,-0.0,-0.0,-6.9819,-0.0,0.0,0.0,inf,1.5,1.5
53.833,0.0002,-0.0,-0.0,-6.9819,-0.0,0.0,0.0,inf,1.5,1.5
53.833,0.0002,-0.0,-0.0,-6.9819,-0.0,0.0,0.0,inf,1.5,1.5
53.833,0.0002,-0.0,-0.0,-6.9819,-0.0,0.0,0.0,inf,1.5,1.5
53.833,0.0002,-0.0,-0.0,-6.9819,-0.0,0.0,0.0,inf,1.5,1.5
53.833,0.0002,-0.0,-0.0,-6.9819,-0.0,0.0,0.0,inf,1.5,1.5
53.833,0.0002,-0.0,-0.0,-6.9819,-0.0,0.0,0.0,inf,1.5,1.5
53.833,0.0002,-0.0,-0.0,-6.9819,-0.0,0.0,0.0,inf,1.5,1.5
53.833,0.0002,-0.0,-0.0,-6.9819,-0.0,0.0,0.0,inf,1.5,1.5
53.833,0.0002,-0.0,-0.0,-6.9819,-0.0,0.0,0.0,inf,1.5,1.5
53.833,0.0002,-0.0,-0.0,-6.9819,-0.0,0.0,0.0,inf,1.5,1.5
53.833,0.0002,-0.0,-0.0,-6.9819,-0.0,0.0,0.0,inf,1.5,1.5
53.833,0.0002,-0.0,-0.0,-6.9819,-0.0,0.0,0.0,inf,1.5,1.5
53.833,0.0002,-0.0,-0.0,-6.9819,-0.0,0.0,0.0,inf,1.5,1.5
53.833,0.0002,-0.0,-0.0,-6.9819,-0.0,0.0,0.0,inf,1.5,1.5
53.833,0.0002,-0.0,-0.0,-6.9819,-0.0,0.0,0.0,inf,1.5,1.5
53.833,0.0002,-0.0,-0.0,-6.9819,-0.0,0.0,0.0,inf,1.5,1.5
53.833,0.0002,-0.0,-0.0,-6.9819,-0.0,0.0,0.0,inf,1.5,1.5
53.833,0.0002,-0.0,-0.0,-6.9819,-0.0,0.0,0.0,inf,1.5,1.5
53.833,0.0002,-0.0,-0.0,-6.9819,-0.0,0.0,0.0,inf,1.5,1.5
53.833,0.0002,-0.0,-0.0,-6.9819,-0.0,0.0,0.0,inf,1.5,1.5
53.833,0.0002,-0.0,-0.0,-6.9819,-0.0,0.0,0.0,inf,1.5,1.5
53.833,0.0002,-0.0,-0.0,-6.9819,-0.0,0.0,0.0,inf,1.5,1.5
53.833,0.0002,-0.0,-0.0,-6.9819,-0.0,0.0,0.0,inf,1.5,1.5
53.833,0.0002,-0.0,-0.0,-6.9819,-0.0,0.0,0.0,inf,1.5,1.5
53.833,0.0002,-0.0,-0.0,-6.9819,-0.0,0.0,0.0,inf,1.5,1.5
53.833,0.0002,-0.0,-0.0,-6.9819,-0.0,0.0,0.0,inf,1.5,1.5
53.833,0.0002,-0.0,-0.0,-6.9819,-0.0,0.0,0.0,inf,1.5,1.5
53.833,0.0002,-0.0,-0.0,-6.9819,-0.0,0.0,0.0,inf,1.5,1.5
53.833,0.0002,-0.0,-0.0,-6.9819,-0.0,0.0,0.0,inf,1.5,1.5
53.833,0.0002,-0.0,-0.0,-6.9819,-0.0,0.0,0.0,inf,1.5,1.5
53.833,0.0002,-0.0,-0.0,-6.9819,-0.0,0.0,0.0,inf,1.5,1.5
53.833,0.0002,-0.0,-0.0,-6.9819,-0.0,0.0,0.0,inf,1.5,1.5
53.833,0.0002,-0.0,-0.0,-6.9819,-0.0,0.0,0.0,inf,1.5,1.5
53.833,0.0002,-0.0,-0.0,-6.9819,-0.0,0.0,0.0,inf,1.5,1.5
53.833,0.0002,-0.0,-0.0,-6.9819,-0.0,0.0,0.0,inf,1.5,1.5
53.833,0.0002,-0.0,-0.0,-6.9819,-0.0,0.0,0.0,inf,1.5,1.5
53.833,0.0002,-0.0,-0.0,-6.9819,-0.0,0.0,0.0,inf,1.5,1.5
53.833,0.0002,-0.0,-0.0,-6.9819,-0.0,0.0,0.0,inf,1.5,1.5
53.833,0.0002,-0.0,-0.0,-6.9819,-0.0,0.0,0.0,inf,1.5,1.5
53.833,0.0002,-0.0,-0.0,-6.9819,-0.0,0.0,0.0,inf,1.5,1.5
53.833,0.0002,-0.0,-0.0,-6.9819,-0.0,0.0,0.0,inf,1.5,1.5
53.833,0.0002,-0.0,-0.0,-6.9819,-0.0,0.0,0.0,inf,1.5,1.5
53.833,0.0002,-0.0,-0.0,-6.9819,-0.0,0.0,0.0,inf,1.5,1.5
53.833,0.0002,-0.0,-0.0,-6.9819,-0.0,0.0,0.0,inf,1.5,1.5
53.833,0.0002,-0.0,-0.0,-6.9819,-0.0,0.0,0.0,inf,1.5,1.5
53.833,0.0002,-0.0,-0.0,-6.9819,-0.0,0.0,0.0,inf,1.5,1.5
53.833,0.0002,-0.0,-0.0,-6.9819,-0.0,0.0,0.0,inf,1.5,1.5
53.833,0.0002,-0.0,-0.0,-6.9819,-0.0,0.0,0.0,inf,1.5,1.5
53.833,0.0002,-0.0,-0.0,-6.9819,-0.0,0.0,0.0,inf,1.5,1.5
53.833,0.0002,-0.0,-0.0,-6.9819,-0.0,0.0,0.0,inf,1.5,1.5
53.833,0.0002,-0.0,-0.0,-6.9819,-0.0,0.0,0.0,inf,1.5,1.5
53.833,0.0002,-0.0,-0.0,-6.9819,-0.0,0.0,0.0,inf,1.5,1.5
53.833,0.0002,-0.0,-0.0,-6.9819,-0.0,0.0,0.0,inf,1.5,1.5
53.833,0.0002,-0.0,-0.0,-6.9819,-0.0,0.0,0.0,inf,1.5,1.5
53.833,0.0002,-0.0,-0.0,-6.9819,-0.0,0.0,0.0,inf,1.5,1.5
53.833,0.0002,-0.0,-0.0,-6.9819,-0.0,0.0,0.0,inf,1.5,1.5
53.833,0.0002,-0.0,-0.0,-6.9819,-0.0,0.0,0.0,inf,1.5,1.5
53.833,0.0002,-0.0,-0.0,-6.9819,-0.0,0.0,0.0,inf,1.5,1.5
53.833,0.0002,-0.0,-0.0,-6.9819,-0.0,0.0,0.0,inf,1.5,1.5
53.833,0.0002,-0.0,-0.0,-6.9819,-0.0,0.0,0.0,inf,1.5,1.5
53.833,0.0002,-0.0,-0.0,-6.9819,-0.0,0.0,0.0,inf,1.5,1.5
53.833,0.0002,-0.0,-0.0,-6.9819,-0.0,0.0,0.0,inf,1.5,1.5
53.833,0.0002,-0.0,-0.0,-6.9819,-0.0,0.0,0.0,inf,1.5,1.5
53.833,0.0002,-0.0,-0.0,-6.9819,-0.0,0.0,0.0,inf,1.5,1.5
53.833,0.0002,-0.0,-0.0,-6.9819,-0.0,0.0,0.0,inf,1.5,1.5
53.833,0.0002,-0.0,-0.0,-6.9819,-0.0,0.0,0.0,inf,1.5,1.5
53.833,0.0002,-0.0,-0.0,-6.9819,-0.0,0.0,0.0,inf,1.5,1.5
53.833,0.0002,-0.0,-0.0,-6.9819,-0.0,0.0,0.0,inf,1.5,1.5
53.833,0.0002,-0.0,-0.0,-6.9819,-0.0,0.0,0.0,inf,1.5,1.5
53.833,0.0002,-0.0,-0.0,-6.9819,-0.0,0.0,0.0,inf,1.5,1.5
53.833,0.0002,-0.0,-0.0,-6.9819,-0.0,0.0,0.0,inf,1.5,1.5
53.833,0.0002,-0.0,-0.0,-6.9819,-0.0,0.0,0.0,inf,1.5,1.5
53.833,0.0002,-0.0,-0.0,-6.9819,-0.0,0.0,0.0,inf,1.5,1.5
53.833,0.0002,-0.0,-0.0,-6.9819,-0.0,0.0,0.0,inf,1.5,1.5
53.833,0.0002,-0.0,-0.0,-6.9819,-0.0,0.0,0.0,inf,1.5,1.5
53.833,0.0002,-0.0,-0.0,-6.9819,-0.0,0.0,0.0,inf,1.5,1.5
53.833,0.0002,-0.0,-0.0,-6.9819,-0.0,0.0,0.0,inf,1.5,1.5
53.833,0.0002,-0.0,-0.0,-6.9819,-0.0,0.0,0.0,inf,1.5,1.5
53.833,0.0002,-0.0,-0.0,-6.9819,-0.0,0.0,0.0,inf,1.5,1.5
53.833,0.0002,-0.0,-0.0,-6.9819,-0.0,0.0,0.0,inf,1.5,1.5
53.833,0.0002,-0.0,-0.0,-6.9819,-0.0,0.0,0.0,inf,1.5,1.5
53.833,0.0002,-0.0,-0.0,-6.9819,-0.0,0.0,0.0,inf,1.5,1.5
53.833,0.0002,-0.0,-0.0,-6.9819,-0.0,0.0,0.0,inf,1.5,1.5
53.833,0.0002,-0.0,-0.0,-6.9819,-0.0,0.0,0.0,inf,1.5,1.5
53.833,0.0002,-0.0,-0.0,-6.9819,-0.0,0.0,0.0,inf,1.5,1.5
53.833,0.0002,-0.0,-0.0,-6.9819,-0.0,0.0,0.0,inf,1.5,1.5
53.833,0.0002,-0.0,-0.0,-6.9819,-0.0,0.0,0.0,inf,1.5,1.5
53.833,0.0002,-0.0,-0.0,-6.9819,-0.0,0.0,0.0,inf,1.5,1.5
53.833,0.0002,-0.0,-0.0,-6.9819,-0.0,0.0,0.0,inf,1.5,1.5
53.833,0.0002,-0.0,-0.0,-6.9819,-0.0,0.0,0.0,inf,1.5,1.5
53.833,0.0002,-0.0,-0.0,-6.9819,-0.0,0.0,0.0,inf,1.5,1.5
53.833,0.0002,-0.0,-0.0,-6.9819,-0.0,0.0,0.0,inf,1.5,1.5
53.833,0.0002,-0.0,-0.0,-6.9819,-0.0,0.0,0.0,inf,1.5,1.5
53.833,0.0002,-0.0,-0.0,-6.9819,-0.0,0.0,0.0,inf,1.5,1.5
53.833,0.0002,-0.0,-0.0,-6.9819,-0.0,0.0,0.0,inf,1.5,1.5
53.833,0.0002,-0.0,-0.0,-6.9819,-0.0,0.0,0.0,inf,1.5,1.5
53.833,0.0002,-0.0,-0.0,-6.9819,-0.0,0.0,0.0,inf,1.5,1.5
53.833,0.0002,-0.0,-0.0,-6.9819,-0.0,0.0,0.0,inf,1.5,1.5
53.833,0.0002,-0.0,-0.0,-6.9819,-0.0,0.0,0.0,inf,1.5,1.5
53.833,0.0002,-0.0,-0.0,-6.9819,-0.0,0.0,0.0,inf,1.5,1.5
53.833,0.0002,-0.0,-0.0,-6.9819,-0.0,0.0,0.0,inf,1.5,1.5
53.833,0.0002,-0.0,-0.0,-6.9819,-0.0,0.0,0.0,inf,1.5,1.5
53.833,0.0002,-0.0,-0.0,-6.9819,-0.0,0.0,0.0,inf,1.5,1.5
53.833,0.0002,-0.0,-0.0,-6.9819,-0.0,0.0,0.0,inf,1.5,1.5
53.833,0.0002,-0.0,-0.0,-6.9819,-0.0,0.0,0.0,inf,1.5,1.5
53.833,0.0002,-0.0,-0.0,-6.9819,-0.0,0.0,0.0,inf,1.5,1.5
53.833,0.0002,-0.0,-0.0,-6.9819,-0.0,0.0,0.0,inf,1.5,1.5
53.833,0.0002,-0.0,-0.0,-6.9819,-0.0,0.0,0.0,inf,1.5,1.5
53.833,0.0002,-0.0,-0.0,-6.9819,-0.0,0.0,0.0,inf,1.5,1.5
53.833,0.0002,-0.0,-0.0,-6.9819,-0.0,0.0,0.0,inf,1.5,1.5
53.833,0.0002,-0.0,-0.0,-6.9819,-0.0,0.0,0.0,inf,1.5,1.5
53.833,0.0002,-0.0,-0.0,-6.9819,-0.0,0.0,0.0,inf,1.5,1.5
53.833,0.0002,-0.0,-0.0,-6.9819,-0.0,0.0,0.0,inf,1.5,1.5
53.833,0.0002,-0.0,-0.0,-6.9819,-0.0,0.0,0.0,inf,1.5,1.5
53.833,0.0002,-0.0,-0.0,-6.9819,-0.0,0.0,0.0,inf,1.5,1.5
53.833,0.0002,-0.0,-0.0,-6.9819,-0.0,0.0,0.0,inf,1.5,1.5
53.833,0.0002,-0.0,-0.0,-6.9819,-0.0,0.0,0.0,inf,1.5,1.5
53.833,0.0002,-0.0,-0.0,-6.9819,-0.0,0.0,0.0,inf,1.5,1.5
53.833,0.0002,-0.0,-0.0,-6.9819,-0.0,0.0,0.0,inf,1.5,1.5
53.833,0.0002,-0.0,-0.0,-6.9819,-0.0,0.0,0.0,inf,1.5,1.5
53.833,0.0002,-0.0,-0.0,-6.9819,-0.0,0.0,0.0,inf,1.5,1.5
53.833,0.0002,-0.0,-0.0,-6.9819,-0.0,0.0,0.0,inf,1.5,1.5
53.833,0.0002,-0.0,-0.0,-6.9819,-0.0,0.0,0.0,inf,1.5,1.5
53.833,0.0002,-0.0,-0.0,-6.9819,-0.0,0.0,0.0,inf,1.5,1.5
53.833,0.0002,-0.0,-0.0,-6.9819,-0.0,0.0,0.0,inf,1.5,1.5
53.833,0.0002,-0.0,-0.0,-6.9819,-0.0,0.0,0.0,inf,1.5,1.5
53.833,0.0002,-0.0,-0.0,-6.9819,-0.0,0.0,0.0,inf,1.5,1.5
53.833,0.0002,-0.0,-0.0,-6.9819,-0.0,0.0,0.0,inf,1.5,1.5
53.833,0.0002,-0.0,-0.0,-6.9819,-0.0,0.0,0.0,inf,1.5,1.5
53.833,0.0002,-0.0,-0.0,-6.9819,-0.0,0.0,0.0,inf,1.5,1.5
53.833,0.0002,-0.0,-0.0,-6.9819,-0.0,0.0,0.0,inf,1.5,1.5
53.833,0.0002,-0.0,-0.0,-6.9819,-0.0,0.0,0.0,inf,1.5,1.5
53.833,0.0002,-0.0,-0.0,-6.9819,-0.0,0.0,0.0,inf,1.5,1.5
53.833,0.0002,-0.0,-0.0,-6.9819,-0.0,0.0,0.0,inf,1.5,1.5
53.833,0.0002,-0.0,-0.0,-6.9819,-0.0,0.0,0.0,inf,1.5,1.5
53.833,0.0002,-0.0,-0.0,-6.9819,-0.0,0.0,0.0,inf,1.5,1.5
53.833,0.0002,-0.0,-0.0,-6.9819,-0.0,0.0,0.0,inf,1.5,1.5
53.833,0.0002,-0.0,-0.0,-6.9819,-0.0,0.0,0.0,inf,1.5,1.5
53.833,0.0002,-0.0,-0.0,-6.9819,-0.0,0.0,0.0,inf,1.5,1.5
53.833,0.0002,-0.0,-0.0,-6.9819,-0.0,0.0,0.0,inf,1.5,1.5
53.833,0.0002,-0.0,-0.0,-6.9819,-0.0,0.0,0.0,inf,1.5,1.5
53.833,0.0002,-0.0,-0.0,-6.9819,-0.0,0.0,0.0,inf,1.5,1.5
53.833,0.0002,-0.0,-0.0,-6.9819,-0.0,0.0,0.0,inf,1.5,1.5
53.833,0.0002,-0.0,-0.0,-6.9819,-0.0,0.0,0.0,inf,1.5,1.5
53.833,0.0002,-0.0,-0.0,-6.9819,-0.0,0.0,0.0,inf,1.5,1.5
53.833,0.0002,-0.0,-0.0,-6.9819,-0.0,0.0,0.0,inf,1.5,1.5
53.833,0.0002,-0.0,-0.0,-6.9819,-0.0,0.0,0.0,inf,1.5,1.5
53.833,0.0002,-0.0,-0.0,-6.9819,-0.0,0.0,0.0,inf,1.5,1.5
53.833,0.0002,-0.0,-0.0,-6.9819,-0.0,0.0,0.0,inf,1.5,1.5
53.833,0.0002,-0.0,-0.0,-6.9819,-0.0,0.0,0.0,inf,1.5,1.5
53.833,0.0002,-0.0,-0.0,-6.9819,-0.0,0.0,0.0,inf,1.5,1.5
53.833,0.0002,-0.0,-0.0,-6.9819,-0.0,0.0,0.0,inf,1.5,1.5
53.833,0.0002,-0.0,-0.0,-6.9819,-0.0,0.0,0.0,inf,1.5,1.5
53.833,0.0002,-0.0,-0.0,-6.9819,-0.0,0.0,0.0,inf,1.5,1.5
53.833,0.0002,-0.0,-0.0,-6.9819,-0.0,0.0,0.0,inf,1.5,1.5
53.833,0.0002,-0.0,-0.0,-6.9819,-0.0,0.0,0.0,inf,1.5,1.5
53.833,0.0002,-0.0,-0.0,-6.9819,-0.0,0.0,0.0,inf,1.5,1.5
53.833,0.0002,-0.0,-0.0,-6.9819,-0.0,0.0,0.0,inf,1.5,1.5
53.833,0.0002,-0.0,-0.0,-6.9819,-0.0,0.0,0.0,inf,1.5,1.5
53.833,0.0002,-0.0,-0.0,-6.9819,-0.0,0.0,0.0,inf,1.5,1.5
53.833,0.0002,-0.0,-0.0,-6.9819,-0.0,0.0,0.0,inf,1.5,1.5
53.833,0.0002,-0.0,-0.0,-6.9819,-0.0,0.0,0.0,inf,1.5,1.5
53.833,0.0002,-0.0,-0.0,-6.9819,-0.0,0.0,0.0,inf,1.5,1.5
53.833,0.0002,-0.0,-0.0,-6.9819,-0.0,0.0,0.0,inf,1.5,1.5
53.833,0.0002,-0.0,-0.0,-6.9819,-0.0,0.0,0.0,inf,1.5,1.5
53.833,0.0002,-0.0,-0.0,-6.9819,-0.0,0.0,0.0,inf,1.5,1.5
53.833,0.0002,-0.0,-0.0,-6.9819,-0.0,0.0,0.0,inf,1.5,1.5
53.833,0.0002,-0.0,-0.0,-6.9819,-0.0,0.0,0.0,inf,1.5,1.5
53.833,0.0002,-0.0,-0.0,-6.9819,-0.0,0.0,0.0,inf,1.5,1.5
53.833,0.0002,-0.0,-0.0,-6.9819,-0.0,0.0,0.0,inf,1.5,1.5
53.833,0.0002,-0.0,-0.0,-6.9819,-0.0,0.0,0.0,inf,1.5,1.5
53.833,0.0002,-0.0,-0.0,-6.9819,-0.0,0.0,0.0,inf,1.5,1.5
53.833,0.0002,-0.0,-0.0,-6.9819,-0.0,0.0,0.0,inf,1.5,1.5
53.833,0.0002,-0.0,-0.0,-6.9819,-0.0,0.0,0.0,inf,1.5,1.5
53.833,0.0002,-0.0,-0.0,-6.9819,-0.0,0.0,0.0,inf,1.5,1.5
53.833,0.0002,-0.0,-0.0,-6.9819,-0.0,0.0,0.0,inf,1.5,1.5
53.833,0.0002,-0.0,-0.0,-6.9819,-0.0,0.0,0.0,inf,1.5,1.5
53.833,0.0002,-0.0,-0.0,-6.9819,-0.0,0.0,0.0,inf,1.5,1.5
53.833,0.0002,-0.0,-0.0,-6.9819,-0.0,0.0,0.0,inf,1.5,1.5
53.833,0.0002,-0.0,-0.0,-6.9819,-0.0,0.0,0.0,inf,1.5,1.5
53.833,0.0002,-0.0,-0.0,-6.9819,-0.0,0.0,0.0,inf,1.5,1.5
53.833,0.0002,-0.0,-0.0,-6.9819,-0.0,0.0,0.0,inf,1.5,1.5
53.833,0.0002,-0.0,-0.0,-6.9819,-0.0,0.0,0.0,inf,1.5,1.5
53.833,0.0002,-0.0,-0.0,-6.9819,-0.0,0.0,0.0,inf,1.5,1.5
53.833,0.0002,-0.0,-0.0,-6.9819,-0.0,0.0,0.0,inf,1.5,1.5
53.833,0.0002,-0.0,-0.0,-6.9819,-0.0,0.0,0.0,inf,1.5,1.5
53.833,0.0002,-0.0,-0.0,-6.9819,-0.0,0.0,0.0,inf,1.5,1.5
53.833,0.0002,-0.0,-0.0,-6.9819,-0.0,0.0,0.0,inf,1.5,1.5
53.833,0.0002,-0.0,-0.0,-6.9819,-0.0,0.0,0.0,inf,1.5,1.5
53.833,0.0002,-0.0,-0.0,-6.9819,-0.0,0.0,0.0,inf,1.5,1.5
53.833,0.0002,-0.0,-0.0,-6.9819,-0.0,0.0,0.0,inf,1.5,1.5
53.833,0.0002,-0.0,-0.0,-6.9819,-0.0,0.0,0.0,inf,1.5,1.5
53.833,0.0002,-0.0,-0.0,-6.9819,-0.0,0.0,0.0,inf,1.5,1.5
53.833,0.0002,-0.0,-0.0,-6.9819,-0.0,0.0,0.0,inf,1.5,1.5
53.833,0.0002,-0.0,-0.0,-6.9819,-0.0,0.0,0.0,inf,1.5,1.5
53.833,0.0002,-0.0,-0.0,-6.9819,-0.0,0.0,0.0,inf,1.5,1.5
53.833,0.0002,-0.0,-0.0,-6.9819,-0.0,0.0,0.0,inf,1.5,1.5
53.833,0.0002,-0.0,-0.0,-6.9819,-0.0,0.0,0.0,inf,1.5,1.5
53.833,0.0002,-0.0,-0.0,-6.9819,-0.0,0.0,0.0,inf,1.5,1.5
53.833,0.0002,-0.0,-0.0,-6.9819,-0.0,0.0,0.0,inf,1.5,1.5
53.833,0.0002,-0.0,-0.0,-6.9819,-0.0,0.0,0.0,inf,1.5,1.5
53.833,0.0002,-0.0,-0.0,-6.9819,-0.0,0.0,0.0,inf,1.5,1.5
53.833,0.0002,-0.0,-0.0,-6.9819,-0.0,0.0,0.0,inf,1.5,1.5
53.833,0.0002,-0.0,-0.0,-6.9819,-0.0,0.0,0.0,inf,1.5,1.5
53.833,0.0002,-0.0,-0.0,-6.9819,-0.0,0.0,0.0,inf,1.5,1.5
53.833,0.0002,-0.0,-0.0,-6.9819,-0.0,0.0,0.0,inf,1.5,1.5
53.833,0.0002,-0.0,-0.0,-6.9819,-0.0,0.0,0.0,inf,1.5,1.5
53.833,0.0002,-0.0,-0.0,-6.9819,-0.0,0.0,0.0,inf,1.5,1.5
53.833,0.0002,-0.0,-0.0,-6.9819,-0.0,0.0,0.0,inf,1.5,1.5
53.833,0.0002,-0.0,-0.0,-6.9819,-0.0,0.0,0.0,inf,1.5,1.5
53.833,0.0002,-0.0,-0.0,-6.9819,-0.0,0.0,0.0,inf,1.5,1.5
53.833,0.0002,-0.0,-0.0,-6.9819,-0.0,0.0,0.0,inf,1.5,1.5
53.833,0.0002,-0.0,-0.0,-6.9819,-0.0,0.0,0.0,inf,1.5,1.5
53.833,0.0002,-0.0,-0.0,-6.9819,-0.0,0.0,0.0,inf,1.5,1.5
53.833,0.0002,-0.0,-0.0,-6.9819,-0.0,0.0,0.0,inf,1.5,1.5
53.833,0.0002,-0.0,-0.0,-6.9819,-0.0,0.0,0.0,inf,1.5,1.5
53.833,0.0002,-0.0,-0.0,-6.9819,-0.0,0.0,0.0,inf,1.5,1.5
53.833,0.0002,-0.0,-0.0,-6.9819,-0.0,0.0,0.0,inf,1.5,1.5
53.833,0.0002,-0.0,-0.0,-6.9819,-0.0,0.0,0.0,inf,1.5,1.5
53.833,0.0002,-0.0,-0.0,-6.9819,-0.0,0.0,0.0,inf,1.5,1.5
53.833,0.0002,-0.0,-0.0,-6.9819,-0.0,0.0,0.0,inf,1.5,1.5
53.833,0.0002,-0.0,-0.0,-6.9819,-0.0,0.0,0.0,inf,1.5,1.5
53.833,0.0002,-0.0,-0.0,-6.9819,-0.0,0.0,0.0,inf,1.5,1.5
53.833,0.0002,-0.0,-0.0,-6.9819,-0.0,0.0,0.0,inf,1.5,1.5
53.833,0.0002,-0.0,-0.0,-6.9819,-0.0,0.0,0.0,inf,1.5,1.5
53.833,0.0002,-0.0,-0.0,-6.9819,-0.0,0.0,0.0,inf,1.5,1.5
53.833,0.0002,-0.0,-0.0,-6.9819,-0.0,0.0,0.0,inf,1.5,1.5
53.833,0.0002,-0.0,-0.0,-6.9819,-0.0,0.0,0.0,inf,1.5,1.5
53.833,0.0002,-0.0,-0.0,-6.9819,-0.0,0.0,0.0,inf,1.5,1.5
53.833,0.0002,-0.0,-0.0,-6.9819,-0.0,0.0,0.0,inf,1.5,1.5
53.833,0.0002,-0.0,-0.0,-6.9819,-0.0,0.0,0.0,inf,1.5,1.5
53.833,0.0002,-0.0,-0.0,-6.9819,-0.0,0.0,0.0,inf,1.5,1.5
53.833,0.0002,-0.0,-0.0,-6.9819,-0.0,0.0,0.0,inf,1.5,1.5
53.833,0.0002,-0.0,-0.0,-6.9819,-0.0,0.0,0.0,inf,1.5,1.5
53.833,0.0002,-0.0,-0.0,-6.9819,-0.0,0.0,0.0,inf,1.5,1.5
53.833,0.0002,-0.0,-0.0,-6.9819,-0.0,0.0,0.0,inf,1.5,1.5
53.833,0.0002,-0.0,-0.0,-6.9819,-0.0,0.0,0.0,inf,1.5,1.5
53.833,0.0002,-0.0,-0.0,-6.9819,-0.0,0.0,0.0,inf,1.5,1.5
53.833,0.0002,-0.0,-0.0,-6.9819,-0.0,0.0,0.0,inf,1.5,1.5
53.833,0.0002,-0.0,-0.0,-6.9819,-0.0,0.0,0.0,inf,1.5,1.5
53.833,0.0002,-0.0,-0.0,-6.9819,-0.0,0.0,0.0,inf,1.5,1.5
53.833,0.0002,-0.0,-0.0,-6.9819,-0.0,0.0,0.0,inf,1.5,1.5
53.833,0.0002,-0.0,-0.0,-6.9819,-0.0,0.0,0.0,inf,1.5,1.5
53.833,0.0002,-0.0,-0.0,-6.9819,-0.0,0.0,0.0,inf,1.5,1.5
53.833,0.0002,-0.0,-0.0,-6.9819,-0.0,0.0,0.0,inf,1.5,1.5
53.833,0.0002,-0.0,-0.0,-6.9819,-0.0,0.0,0.0,inf,1.5,1.5
53.833,0.0002,-0.0,-0.0,-6.9819,-0.0,0.0,0.0,inf,1.5,1.5
53.833,0.0002,-0.0,-0.0,-6.9819,-0.0,0.0,0.0,inf,1.5,1.5
53.833,0.0002,-0.0,-0.0,-6.9819,-0.0,0.0,0.0,inf,1.5,1.5
53.833,0.0002,-0.0,-0.0,-6.9819,-0.0,0.0,0.0,inf,1.5,1.5
53.833,0.0002,-0.0,-0.0,-6.9819,-0.0,0.0,0.0,inf,1.5,1.5
53.833,0.0002,-0.0,-0.0,-6.9819,-0.0,0.0,0.0,inf,1.5,1.5
53.833,0.0002,-0.0,-0.0,-6.9819,-0.0,0.0,0.0,inf,1.5,1.5
53.833,0.0002,-0.0,-0.0,-6.9819,-0.0,0.0,0.0,inf,1.5,1.5
53.833,0.0002,-0.0,-0.0,-6.9819,-0.0,0.0,0.0,inf,1.5,1.5
53.833,0.0002,-0.0,-0.0,-6.9819,-0.0,0.0,0.0,inf,1.5,1.5
53.833,0.0002,-0.0,-0.0,-6.9819,-0.0,0.0,0.0,inf,1.5,1.5
53.833,0.0002,-0.0,-0.0,-6.9819,-0.0,0.0,0.0,inf,1.5,1.5
53.833,0.0002,-0.0,-0.0,-6.9819,-0.0,0.0,0.0,inf,1.5,1.5
53.833,0.0002,-0.0,-0.0,-6.9819,-0.0,0.0,0.0,inf,1.5,1.5
53.833,0.0002,-0.0,-0.0,-6.9819,-0.0,0.0,0.0,inf,1.5,1.5
53.833,0.0002,-0.0,-0.0,-6.9819,-0.0,0.0,0.0,inf,1.5,1.5
53.833,0.0002,-0.0,-0.0,-6.9819,-0.0,0.0,0.0,inf,1.5,1.5
53.833,0.0002,-0.0,-0.0,-6.9819,-0.0,0.0,0.0,inf,1.5,1.5
53.833,0.0002,-0.0,-0.0,-6.9819,-0.0,0.0,0.0,inf,1.5,1.5
53.833,0.0002,-0.0,-0.0,-6.9819,-0.0,0.0,0.0,inf,1.5,1.5
53.833,0.0002,-0.0,-0.0,-6.9819,-0.0,0.0,0.0,inf,1.5,1.5
53.833,0.0002,-0.0,-0.0,-6.9819,-0.0,0.0,0.0,inf,1.5,1.5
53.833,0.0002,-0.0,-0.0,-6.9819,-0.0,0.0,0.0,inf,1.5,1.5
53.833,0.0002,-0.0,-0.0,-6.9819,-0.0,0.0,0.0,inf,1.5,1.5
53.833,0.0002,-0.0,-0.0,-6.9819,-0.0,0.0,0.0,inf,1.5,1.5
53.833,0.0002,-0.0,-0.0,-6.9819,-0.0,0.0,0.0,inf,1.5,1.5
53.833,0.0002,-0.0,-0.0,-6.9819,-0.0,0.0,0.0,inf,1.5,1.5
53.833,0.0002,-0.0,-0.0,-6.9819,-0.0,0.0,0.0,inf,1.5,1.5
53.833,0.0002,-0.0,-0.0,-6.9819,-0.0,0.0,0.0,inf,1.5,1.5
53.833,0.0002,-0.0,-0.0,-6.9819,-0.0,0.0,0.0,inf,1.5,1.5
53.833,0.0002,-0.0,-0.0,-6.9819,-0.0,0.0,0.0,inf,1.5,1.5
53.833,0.0002,-0.0,-0.0,-6.9819,-0.0,0.0,0.0,inf,1.5,1.5
53.833,0.0002,-0.0,-0.0,-6.9819,-0.0,0.0,0.0,inf,1.5,1.5
53.833,0.0002,-0.0,-0.0,-6.9819,-0.0,0.0,0.0,inf,1.5,1.5
53.833,0.0002,-0.0,-0.0,-6.9819,-0.0,0.0,0.0,inf,1.5,1.5
53.833,0.0002,-0.0,-0.0,-6.9819,-0.0,0.0,0.0,inf,1.5,1.5
53.833,0.0002,-0.0,-0.0,-6.9819,-0.0,0.0,0.0,inf,1.5,1.5
53.833,0.0002,-0.0,-0.0,-6.9819,-0.0,0.0,0.0,inf,1.5,1.5
53.833,0.0002,-0.0,-0.0,-6.9819,-0.0,0.0,0.0,inf,1.5,1.5
53.833,0.0002,-0.0,-0.0,-6.9819,-0.0,0.0,0.0,inf,1.5,1.5
53.833,0.0002,-0.0,-0.0,-6.9819,-0.0,0.0,0.0,inf,1.5,1.5
53.833,0.0002,-0.0,-0.0,-6.9819,-0.0,0.0,0.0,inf,1.5,1.5
53.833,0.0002,-0.0,-0.0,-6.9819,-0.0,0.0,0.0,inf,1.5,1.5
53.833,0.0002,-0.0,-0.0,-6.9819,-0.0,0.0,0.0,inf,1.5,1.5
53.833,0.0002,-0.0,-0.0,-6.9819,-0.0,0.0,0.0,inf,1.5,1.5
53.833,0.0002,-0.0,-0.0,-6.9819,-0.0,0.0,0.0,inf,1.5,1.5
53.833,0.0002,-0.0,-0.0,-6.9819,-0.0,0.0,0.0,inf,1.5,1.5
53.833,0.0002,-0.0,-0.0,-6.9819,-0.0,0.0,0.0,inf,1.5,1.5
53.833,0.0002,-0.0,-0.0,-6.9819,-0.0,0.0,0.0,inf,1.5,1.5
53.833,0.0002,-0.0,-0.0,-6.9819,-0.0,0.0,0.0,inf,1.5,1.5
53.833,0.0002,-0.0,-0.0,-6.9819,-0.0,0.0,0.0,inf,1.5,1.5
53.833,0.0002,-0.0,-0.0,-6.9819,-0.0,0.0,0.0,inf,1.5,1.5
53.833,0.0002,-0.0,-0.0,-6.9819,-0.0,0.0,0.0,inf,1.5,1.5
53.833,0.0002,-0.0,-0.0,-6.9819,-0.0,0.0,0.0,inf,1.5,1.5
53.833,0.0002,-0.0,-0.0,-6.9819,-0.0,0.0,0.0,inf,1.5,1.5
53.833,0.0002,-0.0,-0.0,-6.9819,-0.0,0.0,0.0,inf,1.5,1.5
53.833,0.0002,-0.0,-0.0,-6.9819,-0.0,0.0,0.0,inf,1.5,1.5
53.833,0.0002,-0.0,-0.0,-6.9819,-0.0,0.0,0.0,inf,1.5,1.5
53.833,0.0002,-0.0,-0.0,-6.9819,-0.0,0.0,0.0,inf,1.5,1.5
53.833,0.0002,-0.0,-0.0,-6.9819,-0.0,0.0,0.0,inf,1.5,1.5
53.833,0.0002,-0.0,-0.0,-6.9819,-0.0,0.0,0.0,inf,1.5,1.5
53.833,0.0002,-0.0,-0.0,-6.9819,-0.0,0.0,0.0,inf,1.5,1.5
53.833,0.0002,-0.0,-0.0,-6.9819,-0.0,0.0,0.0,inf,1.5,1.5
53.833,0.0002,-0.0,-0.0,-6.9819,-0.0,0.0,0.0,inf,1.5,1.5
53.833,0.0002,-0.0,-0.0,-6.9819,-0.0,0.0,0.0,inf,1.5,1.5
53.833,0.0002,-0.0,-0.0,-6.9819,-0.0,0.0,0.0,inf,1.5,1.5
53.833,0.0002,-0.0,-0.0,-6.9819,-0.0,0.0,0.0,inf,1.5,1.5
53.833,0.0002,-0.0,-0.0,-6.9819,-0.0,0.0,0.0,inf,1.5,1.5
53.833,0.0002,-0.0,-0.0,-6.9819,-0.0,0.0,0.0,inf,1.5,1.5
53.833,0.0002,-0.0,-0.0,-6.9819,-0.0,0.0,0.0,inf,1.5,1.5
53.833,0.0002,-0.0,-0.0,-6.9819,-0.0,0.0,0.0,inf,1.5,1.5
53.833,0.0002,-0.0,-0.0,-6.9819,-0.0,0.0,0.0,inf,1.5,1.5
53.833,0.0002,-0.0,-0.0,-6.9819,-0.0,0.0,0.0,inf,1.5,1.5
53.833,0.0002,-0.0,-0.0,-6.9819,-0.0,0.0,0.0,inf,1.5,1.5
53.833,0.0002,-0.0,-0.0,-6.9819,-0.0,0.0,0.0,inf,1.5,1.5
53.833,0.0002,-0.0,-0.0,-6.9819,-0.0,0.0,0.0,inf,1.5,1.5
53.833,0.0002,-0.0,-0.0,-6.9819,-0.0,0.0,0.0,inf,1.5,1.5
53.833,0.0002,-0.0,-0.0,-6.9819,-0.0,0.0,0.0,inf,1.5,1.5
53.833,0.0002,-0.0,-0.0,-6.9819,-0.0,0.0,0.0,inf,1.5,1.5
53.833,0.0002,-0.0,-0.0,-6.9819,-0.0,0.0,0.0,inf,1.5,1.5
53.833,0.0002,-0.0,-0.0,-6.9819,-0.0,0.0,0.0,inf,1.5,1.5
53.833,0.0002,-0.0,-0.0,-6.9819,-0.0,0.0,0.0,inf,1.5,1.5
53.833,0.0002,-0.0,-0.0,-6.9819,-0.0,0.0,0.0,inf,1.5,1.5
53.833,0.0002,-0.0,-0.0,-6.9819,-0.0,0.0,0.0,inf,1.5,1.5
53.833,0.0002,-0.0,-0.0,-6.9819,-0.0,0.0,0.0,inf,1.5,1.5
53.833,0.0002,-0.0,-0.0,-6.9819,-0.0,0.0,0.0,inf,1.5,1.5
53.833,0.0002,-0.0,-0.0,-6.9819,-0.0,0.0,0.0,inf,1.5,1.5
53.833,0.0002,-0.0,-0.0,-6.9819,-0.0,0.0,0.0,inf,1.5,1.5
53.833,0.0002,-0.0,-0.0,-6.9819,-0.0,0.0,0.0,inf,1.5,1.5
53.833,0.0002,-0.0,-0.0,-6.9819,-0.0,0.0,0.0,inf,1.5,1.5
53.833,0.0002,-0.0,-0.0,-6.9819,-0.0,0.0,0.0,inf,1.5,1.5
53.833,0.0002,-0.0,-0.0,-6.9819,-0.0,0.0,0.0,inf,1.5,1.5
53.833,0.0002,-0.0,-0.0,-6.9819,-0.0,0.0,0.0,inf,1.5,1.5
53.833,0.0002,-0.0,-0.0,-6.9819,-0.0,0.0,0.0,inf,1.5,1.5
53.833,0.0002,-0.0,-0.0,-6.9819,-0.0,0.0,0.0,inf,1.5,1.5
53.833,0.0002,-0.0,-0.0,-6.9819,-0.0,0.0,0.0,inf,1.5,1.5
53.833,0.0002,-0.0,-0.0,-6.9819,-0.0,0.0,0.0,inf,1.5,1.5
53.833,0.0002,-0.0,-0.0,-6.9819,-0.0,0.0,0.0,inf,1.5,1.5
53.833,0.0002,-0.0,-0.0,-6.9819,-0.0,0.0,0.0,inf,1.5,1.5
53.833,0.0002,-0.0,-0.0,-6.9819,-0.0,0.0,0.0,inf,1.5,1.5
53.833,0.0002,-0.0,-0.0,-6.9819,-0.0,0.0,0.0,inf,1.5,1.5
53.833,0.0002,-0.0,-0.0,-6.9819,-0.0,0.0,0.0,inf,1.5,1.5
53.833,0.0002,-0.0,-0.0,-6.9819,-0.0,0.0,0.0,inf,1.5,1.5
53.833,0.0002,-0.0,-0.0,-6.9819,-0.0,0.0,0.0,inf,1.5,1.5
53.833,0.0002,-0.0,-0.0,-6.9819,-0.0,0.0,0.0,inf,1.5,1.5
53.833,0.0002,-0.0,-0.0,-6.9819,-0.0,0.0,0.0,inf,1.5,1.5
53.833,0.0002,-0.0,-0.0,-6.9819,-0.0,0.0,0.0,inf,1.5,1.5
53.833,0.0002,-0.0,-0.0,-6.9819,-0.0,0.0,0.0,inf,1.5,1.5
53.833,0.0002,-0.0,-0.0,-6.9819,-0.0,0.0,0.0,inf,1.5,1.5
53.833,0.0002,-0.0,-0.0,-6.9819,-0.0,0.0,0.0,inf,1.5,1.5
53.833,0.0002,-0.0,-0.0,-6.9819,-0.0,0.0,0.0,inf,1.5,1.5
53.833,0.0002,-0.0,-0.0,-6.9819,-0.0,0.0,0.0,inf,1.5,1.5
53.833,0.0002,-0.0,-0.0,-6.9819,-0.0,0.0,0.0,inf,1.5,1.5
53.833,0.0002,-0.0,-0.0,-6.9819,-0.0,0.0,0.0,inf,1.5,1.5
53.833,0.0002,-0.0,-0.0,-6.9819,-0.0,0.0,0.0,inf,1.5,1.5
53.833,0.0002,-0.0,-0.0,-6.9819,-0.0,0.0,0.0,inf,1.5,1.5
53.833,0.0002,-0.0,-0.0,-6.9819,-0.0,0.0,0.0,inf,1.5,1.5
53.833,0.0002,-0.0,-0.0,-6.9819,-0.0,0.0,0.0,inf,1.5,1.5
53.833,0.0002,-0.0,-0.0,-6.9819,-0.0,0.0,0.0,inf,1.5,1.5
53.833,0.0002,-0.0,-0.0,-6.9819,-0.0,0.0,0.0,inf,1.5,1.5
53.833,0.0002,-0.0,-0.0,-6.9819,-0.0,0.0,0.0,inf,1.5,1.5
53.833,0.0002,-0.0,-0.0,-6.9819,-0.0,0.0,0.0,inf,1.5,1.5
53.833,0.0002,-0.0,-0.0,-6.9819,-0.0,0.0,0.0,inf,1.5,1.5
53.833,0.0002,-0.0,-0.0,-6.9819,-0.0,0.0,0.0,inf,1.5,1.5
53.833,0.0002,-0.0,-0.0,-6.9819,-0.0,0.0,0.0,inf,1.5,1.5
53.833,0.0002,-0.0,-0.0,-6.9819,-0.0,0.0,0.0,inf,1.5,1.5
53.833,0.0002,-0.0,-0.0,-6.9819,-0.0,0.0,0.0,inf,1.5,1.5
53.833,0.0002,-0.0,-0.0,-6.9819,-0.0,0.0,0.0,inf,1.5,1.5
53.833,0.0002,-0.0,-0.0,-6.9819,-0.0,0.0,0.0,inf,1.5,1.5
53.833,0.0002,-0.0,-0.0,-6.9819,-0.0,0.0,0.0,inf,1.5,1.5
53.833,0.0002,-0.0,-0.0,-6.9819,-0.0,0.0,0.0,inf,1.5,1.5
53.833,0.0002,-0.0,-0.0,-6.9819,-0.0,0.0,0.0,inf,1.5,1.5
53.833,0.0002,-0.0,-0.0,-6.9819,-0.0,0.0,0.0,inf,1.5,1.5
53.833,0.0002,-0.0,-0.0,-6.9819,-0.0,0.0,0.0,inf,1.5,1.5
53.833,0.0002,-0.0,-0.0,-6.9819,-0.0,0.0,0.0,inf,1.5,1.5
53.833,0.0002,-0.0,-0.0,-6.9819,-0.0,0.0,0.0,inf,1.5,1.5
53.833,0.0002,-0.0,-0.0,-6.9819,-0.0,0.0,0.0,inf,1.5,1.5
53.833,0.0002,-0.0,-0.0,-6.9819,-0.0,0.0,0.0,inf,1.5,1.5
53.833,0.0002,-0.0,-0.0,-6.9819,-0.0,0.0,0.0,inf,1.5,1.5
53.833,0.0002,-0.0,-0.0,-6.9819,-0.0,0.0,0.0,inf,1.5,1.5
53.833,0.0002,-0.0,-0.0,-6.9819,-0.0,0.0,0.0,inf,1.5,1.5
53.833,0.0002,-0.0,-0.0,-6.9819,-0.0,0.0,0.0,inf,1.5,1.5
53.833,0.0002,-0.0,-0.0,-6.9819,-0.0,0.0,0.0,inf,1.5,1.5
53.833,0.0002,-0.0,-0.0,-6.9819,-0.0,0.0,0.0,inf,1.5,1.5
53.833,0.0002,-0.0,-0.0,-6.9819,-0.0,0.0,0.0,inf,1.5,1.5
53.833,0.0002,-0.0,-0.0,-6.9819,-0.0,0.0,0.0,inf,1.5,1.5
53.833,0.0002,-0.0,-0.0,-6.9819,-0.0,0.0,0.0,inf,1.5,1.5
53.833,0.0002,-0.0,-0.0,-6.9819,-0.0,0.0,0.0,inf,1.5,1.5
53.833,0.0002,-0.0,-0.0,-6.9819,-0.0,0.0,0.0,inf,1.5,1.5
53.833,0.0002,-0.0,-0.0,-6.9819,-0.0,0.0,0.0,inf,1.5,1.5
53.833,0.0002,-0.0,-0.0,-6.9819,-0.0,0.0,0.0,inf,1.5,1.5
53.833,0.0002,-0.0,-0.0,-6.9819,-0.0,0.0,0.0,inf,1.5,1.5
53.833,0.0002,-0.0,-0.0,-6.9819,-0.0,0.0,0.0,inf,1.5,1.5
53.833,0.0002,-0.0,-0.0,-6.9819,-0.0,0.0,0.0,inf,1.5,1.5
53.833,0.0002,-0.0,-0.0,-6.9819,-0.0,0.0,0.0,inf,1.5,1.5
53.833,0.0002,-0.0,-0.0,-6.9819,-0.0,0.0,0.0,inf,1.5,1.5
53.833,0.0002,-0.0,-0.0,-6.9819,-0.0,0.0,0.0,inf,1.5,1.5
53.833,0.0002,-0.0,-0.0,-6.9819,-0.0,0.0,0.0,inf,1.5,1.5
53.833,0.0002,-0.0,-0.0,-6.9819,-0.0,0.0,0.0,inf,1.5,1.5
53.833,0.0002,-0.0,-0.0,-6.9819,-0.0,0.0,0.0,inf,1.5,1.5
53.833,0.0002,-0.0,-0.0,-6.9819,-0.0,0.0,0.0,inf,1.5,1.5
53.833,0.0002,-0.0,-0.0,-6.9819,-0.0,0.0,0.0,inf,1.5,1.5
53.833,0.0002,-0.0,-0.0,-6.9819,-0.0,0.0,0.0,inf,1.5,1.5
53.833,0.0002,-0.0,-0.0,-6.9819,-0.0,0.0,0.0,inf,1.5,1.5
53.833,0.0002,-0.0,-0.0,-6.9819,-0.0,0.0,0.0,inf,1.5,1.5
53.833,0.0002,-0.0,-0.0,-6.9819,-0.0,0.0,0.0,inf,1.5,1.5
53.833,0.0002,-0.0,-0.0,-6.9819,-0.0,0.0,0.0,inf,1.5,1.5
53.833,0.0002,-0.0,-0.0,-6.9819,-0.0,0.0,0.0,inf,1.5,1.5
53.833,0.0002,-0.0,-0.0,-6.9819,-0.0,0.0,0.0,inf,1.5,1.5
53.833,0.0002,-0.0,-0.0,-6.9819,-0.0,0.0,0.0,inf,1.5,1.5
53.833,0.0002,-0.0,-0.0,-6.9819,-0.0,0.0,0.0,inf,1.5,1.5
53.833,0.0002,-0.0,-0.0,-6.9819,-0.0,0.0,0.0,inf,1.5,1.5
53.833,0.0002,-0.0,-0.0,-6.9819,-0.0,0.0,0.0,inf,1.5,1.5
53.833,0.0002,-0.0,-0.0,-6.9819,-0.0,0.0,0.0,inf,1.5,1.5
53.833,0.0002,-0.0,-0.0,-6.9819,-0.0,0.0,0.0,inf,1.5,1.5
53.833,0.0002,-0.0,-0.0,-6.9819,-0.0,0.0,0.0,inf,1.5,1.5
53.833,0.0002,-0.0,-0.0,-6.9819,-0.0,0.0,0.0,inf,1.5,1.5
53.833,0.0002,-0.0,-0.0,-6.9819,-0.0,0.0,0.0,inf,1.5,1.5
53.833,0.0002,-0.0,-0.0,-6.9819,-0.0,0.0,0.0,inf,1.5,1.5
53.833,0.0002,-0.0,-0.0,-6.9819,-0.0,0.0,0.0,inf,1.5,1.5
53.833,0.0002,-0.0,-0.0,-6.9819,-0.0,0.0,0.0,inf,1.5,1.5
53.833,0.0002,-0.0,-0.0,-6.9819,-0.0,0.0,0.0,inf,1.5,1.5
53.833,0.0002,-0.0,-0.0,-6.9819,-0.0,0.0,0.0,inf,1.5,1.5
53.833,0.0002,-0.0,-0.0,-6.9819,-0.0,0.0,0.0,inf,1.5,1.5
53.833,0.0002,-0.0,-0.0,-6.9819,-0.0,0.0,0.0,inf,1.5,1.5
53.833,0.0002,-0.0,-0.0,-6.9819,-0.0,0.0,0.0,inf,1.5,1.5
53.833,0.0002,-0.0,-0.0,-6.9819,-0.0,0.0,0.0,inf,1.5,1.5
53.833,0.0002,-0.0,-0.0,-6.9819,-0.0,0.0,0.0,inf,1.5,1.5
53.833,0.0002,-0.0,-0.0,-6.9819,-0.0,0.0,0.0,inf,1.5,1.5
53.833,0.0002,-0.0,-0.0,-6.9819,-0.0,0.0,0.0,inf,1.5,1.5
53.833,0.0002,-0.0,-0.0,-6.9819,-0.0,0.0,0.0,inf,1.5,1.5
53.833,0.0002,-0.0,-0.0,-6.9819,-0.0,0.0,0.0,inf,1.5,1.5
53.833,0.0002,-0.0,-0.0,-6.9819,-0.0,0.0,0.0,inf,1.5,1.5
53.833,0.0002,-0.0,-0.0,-6.9819,-0.0,0.0,0.0,inf,1.5,1.5
53.833,0.0002,-0.0,-0.0,-6.9819,-0.0,0.0,0.0,inf,1.5,1.5
53.833,0.0002,-0.0,-0.0,-6.9819,-0.0,0.0,0.0,inf,1.5,1.5
53.833,0.0002,-0.0,-0.0,-6.9819,-0.0,0.0,0.0,inf,1.5,1.5
53.833,0.0002,-0.0,-0.0,-6.9819,-0.0,0.0,0.0,inf,1.5,1.5
53.833,0.0002,-0.0,-0.0,-6.9819,-0.0,0.0,0.0,inf,1.5,1.5
53.833,0.0002,-0.0,-0.0,-6.9819,-0.0,0.0,0.0,inf,1.5,1.5
53.833,0.0002,-0.0,-0.0,-6.9819,-0.0,0.0,0.0,inf,1.5,1.5
53.833,0.0002,-0.0,-0.0,-6.9819,-0.0,0.0,0.0,inf,1.5,1.5
53.833,0.0002,-0.0,-0.0,-6.9819,-0.0,0.0,0.0,inf,1.5,1.5
53.833,0.0002,-0.0,-0.0,-6.9819,-0.0,0.0,0.0,inf,1.5,1.5
53.833,0.0002,-0.0,-0.0,-6.9819,-0.0,0.0,0.0,inf,1.5,1.5
53.833,0.0002,-0.0,-0.0,-6.9819,-0.0,0.0,0.0,inf,1.5,1.5
53.833,0.0002,-0.0,-0.0,-6.9819,-0.0,0.0,0.0,inf,1.5,1.5
53.833,0.0002,-0.0,-0.0,-6.9819,-0.0,0.0,0.0,inf,1.5,1.5
53.833,0.0002,-0.0,-0.0,-6.9819,-0.0,0.0,0.0,inf,1.5,1.5
53.833,0.0002,-0.0,-0.0,-6.9819,-0.0,0.0,0.0,inf,1.5,1.5
53.833,0.0002,-0.0,-0.0,-6.9819,-0.0,0.0,0.0,inf,1.5,1.5
53.833,0.0002,-0.0,-0.0,-6.9819,-0.0,0.0,0.0,inf,1.5,1.5
53.833,0.0002,-0.0,-0.0,-6.9819,-0.0,0.0,0.0,inf,1.5,1.5
53.833,0.0002,-0.0,-0.0,-6.9819,-0.0,0.0,0.0,inf,1.5,1.5
53.833,0.0002,-0.0,-0.0,-6.9819,-0.0,0.0,0.0,inf,1.5,1.5
53.833,0.0002,-0.0,-0.0,-6.9819,-0.0,0.0,0.0,inf,1.5,1.5
53.833,0.0002,-0.0,-0.0,-6.9819,-0.0,0.0,0.0,inf,1.5,1.5
53.833,0.0002,-0.0,-0.0,-6.9819,-0.0,0.0,0.0,inf,1.5,1.5
53.833,0.0002,-0.0,-0.0,-6.9819,-0.0,0.0,0.0,inf,1.5,1.5
53.833,0.0002,-0.0,-0.0,-6.9819,-0.0,0.0,0.0,inf,1.5,1.5
53.833,0.0002,-0.0,-0.0,-6.9819,-0.0,0.0,0.0,inf,1.5,1.5
53.833,0.0002,-0.0,-0.0,-6.9819,-0.0,0.0,0.0,inf,1.5,1.5
53.833,0.0002,-0.0,-0.0,-6.9819,-0.0,0.0,0.0,inf,1.5,1.5
53.833,0.0002,-0.0,-0.0,-6.9819,-0.0,0.0,0.0,inf,1.5,1.5
53.833,0.0002,-0.0,-0.0,-6.9819,-0.0,0.0,0.0,inf,1.5,1.5
53.833,0.0002,-0.0,-0.0,-6.9819,-0.0,0.0,0.0,inf,1.5,1.5
53.833,0.0002,-0.0,-0.0,-6.9819,-0.0,0.0,0.0,inf,1.5,1.5
53.833,0.0002,-0.0,-0.0,-6.9819,-0.0,0.0,0.0,inf,1.5,1.5
53.833,0.0002,-0.0,-0.0,-6.9819,-0.0,0.0,0.0,inf,1.5,1.5
53.833,0.0002,-0.0,-0.0,-6.9819,-0.0,0.0,0.0,inf,1.5,1.5
53.833,0.0002,-0.0,-0.0,-6.9819,-0.0,0.0,0.0,inf,1.5,1.5
53.833,0.0002,-0.0,-0.0,-6.9819,-0.0,0.0,0.0,inf,1.5,1.5
53.833,0.0002,-0.0,-0.0,-6.9819,-0.0,0.0,0.0,inf,1.5,1.5
53.833,0.0002,-0.0,-0.0,-6.9819,-0.0,0.0,0.0,inf,1.5,1.5
53.833,0.0002,-0.0,-0.0,-6.9819,-0.0,0.0,0.0,inf,1.5,1.5
53.833,0.0002,-0.0,-0.0,-6.9819,-0.0,0.0,0.0,inf,1.5,1.5
53.833,0.0002,-0.0,-0.0,-6.9819,-0.0,0.0,0.0,inf,1.5,1.5
53.833,0.0002,-0.0,-0.0,-6.9819,-0.0,0.0,0.0,inf,1.5,1.5
53.833,0.0002,-0.0,-0.0,-6.9819,-0.0,0.0,0.0,inf,1.5,1.5
53.833,0.0002,-0.0,-0.0,-6.9819,-0.0,0.0,0.0,inf,1.5,1.5
53.833,0.0002,-0.0,-0.0,-6.9819,-0.0,0.0,0.0,inf,1.5,1.5
