t,robot_x,robot_y,robot_speed,walker_y,gap,walking
0.017,1.5000,-0.0000,0.0000,2.1000,10.7079,0
0.033,1.5000,-0.0000,0.0002,2.1000,10.7079,0
0.050,1.5000,-0.0000,0.0002,2.1000,10.7079,0
0.067,1.5000,-0.0000,0.0002,2.1000,10.7079,0
0.083,1.5000,-0.0000,0.0002,2.1000,10.7079,0
0.100,1.5000,-0.0000,0.0002,2.1000,10.7079,0
0.117,1.5000,0.0000,0.0002,2.1000,10.7079,0
0.133,1.5000,-0.0000,0.0002,2.1000,10.7079,0
0.150,1.5000,0.0000,0.0002,2.1000,10.7079,0
0.167,1.5000,-0.0000,0.0002,2.1000,10.7079,0
0.183,1.5000,0.0000,0.0002,2.1000,10.7079,0
0.200,1.5000,-0.0000,0.0002,2.1000,10.7079,0
0.217,1.5001,0.0000,0.0002,2.1000,10.7079,0
0.233,1.5001,-0.0000,0.0002,2.1000,10.7079,0
0.250,1.5001,0.0000,0.0002,2.1000,10.7079,0
0.267,1.5001,-0.0000,0.0002,2.1000,10.7079,0
0.283,1.5001,-0.0000,0.0002,2.1000,10.7079,0
0.300,1.5001,-0.0000,0.0002,2.1000,10.7079,0
0.317,1.5001,0.0000,0.0002,2.1000,10.7079,0
0.333,1.5001,0.0000,0.0002,2.1000,10.7079,0
0.350,1.5001,-0.0000,0.0002,2.1000,10.7079,0
0.367,1.5001,-0.0000,0.0002,2.1000,10.7079,0
0.383,1.5001,-0.0000,0.0002,2.1000,10.7079,0
0.400,1.5001,-0.0000,0.0002,2.1000,10.7079,0
0.417,1.5001,-0.0000,0.0002,2.1000,10.7078,0
0.433,1.5001,-0.0000,0.0002,2.1000,10.7078,0
0.450,1.5001,-0.0000,0.0002,2.1000,10.7078,0
0.467,1.5001,-0.0000,0.0002,2.1000,10.7078,0
0.483,1.5001,-0.0000,0.0002,2.1000,10.7078,0
0.500,1.5001,-0.0000,0.0002,2.1000,10.7078,0
0.517,1.5001,-0.0000,0.0002,2.1000,10.7078,0
0.533,1.5001,-0.0000,0.0002,2.1000,10.7078,0
0.550,1.5001,-0.0000,0.0002,2.1000,10.7078,0
0.567,1.5001,-0.0000,0.0002,2.1000,10.7078,0
0.583,1.5001,-0.0000,0.0002,2.1000,10.7078,0
0.600,1.5001,-0.0000,0.0002,2.1000,10.7078,0
0.617,1.5001,0.0000,0.0002,2.1000,10.7078,0
0.633,1.5001,-0.0000,0.0002,2.1000,10.7078,0
0.650,1.5001,-0.0000,0.0002,2.1000,10.7078,0
0.667,1.5002,-0.0000,0.0002,2.1000,10.7078,0
0.683,1.5002,-0.0000,0.0002,2.1000,10.7078,0
0.700,1.5002,-0.0000,0.0002,2.1000,10.7078,0
0.717,1.5002,-0.0000,0.0002,2.1000,10.7078,0
0.733,1.5002,-0.0000,0.0002,2.1000,10.7078,0
0.750,1.5002,0.0000,0.0002,2.1000,10.7078,0
0.767,1.5002,-0.0000,0.0002,2.1000,10.7078,0
0.783,1.5002,-0.0000,0.0002,2.1000,10.7078,0
0.800,1.5002,-0.0000,0.0002,2.1000,10.7078,0
0.817,1.5002,-0.0000,0.0002,2.1000,10.7078,0
0.833,1.5002,-0.0000,0.0002,2.1000,10.7078,0
0.850,1.5002,-0.0000,0.0002,2.1000,10.7078,0
0.867,1.5002,-0.0000,0.0002,2.1000,10.7078,0
0.883,1.5002,-0.0000,0.0002,2.1000,10.7077,0
0.900,1.5002,-0.0000,0.0002,2.1000,10.7077,0
0.917,1.5002,0.0000,0.0002,2.1000,10.7077,0
0.933,1.5002,-0.0000,0.0002,2.1000,10.7077,0
0.950,1.5002,-0.0000,0.0003,2.1000,10.7077,0
0.967,1.5002,-0.0000,0.0002,2.1000,10.7077,0
0.983,1.5002,-0.0000,0.0002,2.1000,10.7077,0
1.000,1.5002,-0.0000,0.0002,2.1000,10.7077,0
1.017,1.5002,-0.0000,0.0002,2.1000,10.7077,0
1.033,1.5002,-0.0000,0.0002,2.1000,10.7077,0
1.050,1.5002,0.0000,0.0002,2.1000,10.7077,0
1.067,1.5002,-0.0000,0.0002,2.1000,10.7077,0
1.083,1.5002,-0.0000,0.0002,2.1000,10.7077,0
1.100,1.5002,0.0000,0.0002,2.1000,10.7077,0
1.117,1.5002,-0.0000,0.0002,2.1000,10.7077,0
1.133,1.5003,0.0000,0.0002,2.1000,10.7077,0
1.150,1.5003,-0.0000,0.0002,2.1000,10.7077,0
1.167,1.5003,0.0000,0.0002,2.1000,10.7077,0
1.183,1.5003,-0.0000,0.0002,2.1000,10.7077,0
1.200,1.5003,-0.0000,0.0002,2.1000,10.7077,0
1.217,1.5003,-0.0000,0.0002,2.1000,10.7077,0
1.233,1.5003,-0.0000,0.0002,2.1000,10.7077,0
1.250,1.5003,-0.0000,0.0002,2.1000,10.7077,0
1.267,1.5003,0.0000,0.0002,2.1000,10.7077,0
1.283,1.5003,-0.0000,0.0002,2.1000,10.7077,0
1.300,1.5003,-0.0000,0.0002,2.1000,10.7077,0
1.317,1.5003,-0.0000,0.0002,2.1000,10.7077,0
1.333,1.5003,0.0000,0.0002,2.1000,10.7077,0
1.350,1.5003,-0.0000,0.0002,2.1000,10.7076,0
1.367,1.5003,0.0000,0.0002,2.1000,10.7076,0
1.383,1.5003,-0.0000,0.0002,2.1000,10.7076,0
1.400,1.5003,-0.0000,0.0002,2.1000,10.7076,0
1.417,1.5003,-0.0000,0.0002,2.1000,10.7076,0
1.433,1.5003,-0.0000,0.0002,2.1000,10.7076,0
1.450,1.5003,0.0000,0.0002,2.1000,10.7076,0
1.467,1.5003,-0.0000,0.0002,2.1000,10.7076,0
1.483,1.5003,-0.0000,0.0002,2.1000,10.7076,0
1.500,1.5003,-0.0000,0.0002,2.1000,10.7076,0
1.517,1.5003,0.0000,0.0002,2.1000,10.7076,0
1.533,1.5003,-0.0000,0.0002,2.1000,10.7076,0
1.550,1.5003,0.0000,0.0002,2.1000,10.7076,0
1.567,1.5003,-0.0000,0.0002,2.1000,10.7076,0
1.583,1.5003,0.0000,0.0002,2.1000,10.7076,0
1.600,1.5004,-0.0000,0.0002,2.1000,10.7076,0
1.617,1.5004,0.0000,0.0002,2.1000,10.7076,0
1.633,1.5004,-0.0000,0.0002,2.1000,10.7076,0
1.650,1.5004,0.0000,0.0002,2.1000,10.7076,0
1.667,1.5004,-0.0000,0.0002,2.1000,10.7076,0
1.683,1.5004,-0.0000,0.0002,2.1000,10.7076,0
1.700,1.5004,-0.0000,0.0002,2.1000,10.7076,0
1.717,1.5004,-0.0000,0.0002,2.1000,10.7076,0
1.733,1.5004,-0.0000,0.0002,2.1000,10.7076,0
1.750,1.5004,-0.0000,0.0002,2.1000,10.7076,0
1.767,1.5004,-0.0000,0.0002,2.1000,10.7076,0
1.783,1.5004,-0.0000,0.0002,2.1000,10.7076,0
1.800,1.5004,0.0000,0.0002,2.1000,10.7076,0
1.817,1.5004,-0.0000,0.0002,2.1000,10.7075,0
1.833,1.5004,0.0000,0.0002,2.1000,10.7075,0
1.850,1.5004,-0.0000,0.0002,2.1000,10.7075,0
1.867,1.5004,-0.0000,0.0002,2.1000,10.7075,0
1.883,1.5004,-0.0000,0.0002,2.1000,10.7075,0
1.900,1.5004,-0.0000,0.0002,2.1000,10.7075,0
1.917,1.5004,-0.0000,0.0002,2.1000,10.7075,0
1.933,1.5004,0.0000,0.0002,2.1000,10.7075,0
1.950,1.5004,-0.0000,0.0002,2.1000,10.7075,0
1.967,1.5004,-0.0000,0.0002,2.1000,10.7075,0
1.983,1.5004,-0.0000,0.0002,2.1000,10.7075,0
2.000,1.5004,-0.0000,0.0002,2.1000,10.7075,0
2.017,1.5004,0.0000,0.0002,2.1000,10.7075,0
2.033,1.5004,-0.0000,0.0002,2.1000,10.7075,0
2.050,1.5005,0.0000,0.0002,2.1000,10.7075,0
2.067,1.5005,-0.0000,0.0002,2.1000,10.7075,0
2.083,1.5005,0.0000,0.0002,2.1000,10.7075,0
2.100,1.5005,-0.0000,0.0002,2.1000,10.7075,0
2.117,1.5005,0.0000,0.0002,2.1000,10.7075,0
2.133,1.5005,-0.0000,0.0002,2.1000,10.7075,0
2.150,1.5005,-0.0000,0.0002,2.1000,10.7075,0
2.167,1.5005,0.0000,0.0002,2.1000,10.7075,0
2.183,1.5005,-0.0000,0.0002,2.1000,10.7075,0
2.200,1.5005,0.0000,0.0002,2.1000,10.7075,0
2.217,1.5005,-0.0000,0.0002,2.1000,10.7075,0
2.233,1.5005,-0.0000,0.0002,2.1000,10.7075,0
2.250,1.5005,-0.0000,0.0002,2.1000,10.7075,0
2.267,1.5005,-0.0000,0.0002,2.1000,10.7075,0
2.283,1.5005,-0.0000,0.0002,2.1000,10.7074,0
2.300,1.5005,-0.0000,0.0002,2.1000,10.7074,0
2.317,1.5005,-0.0000,0.0002,2.1000,10.7074,0
2.333,1.5005,-0.0000,0.0002,2.1000,10.7074,0
2.350,1.5005,-0.0000,0.0002,2.1000,10.7074,0
2.367,1.5005,-0.0000,0.0002,2.1000,10.7074,0
2.383,1.5005,-0.0000,0.0002,2.1000,10.7074,0
2.400,1.5005,-0.0000,0.0002,2.1000,10.7074,0
2.417,1.5005,-0.0000,0.0002,2.1000,10.7074,0
2.433,1.5005,-0.0000,0.0002,2.1000,10.7074,0
2.450,1.5005,0.0000,0.0002,2.1000,10.7074,0
2.467,1.5005,-0.0000,0.0002,2.1000,10.7074,0
2.483,1.5005,-0.0000,0.0002,2.1000,10.7074,0
2.500,1.5005,-0.0000,0.0002,2.1000,10.7074,0
2.517,1.5006,0.0000,0.0002,2.1000,10.7074,0
2.533,1.5006,-0.0000,0.0002,2.1000,10.7074,0
2.550,1.5006,0.0000,0.0002,2.1000,10.7074,0
2.567,1.5006,-0.0000,0.0002,2.1000,10.7074,0
2.583,1.5006,0.0000,0.0002,2.1000,10.7074,0
2.600,1.5006,-0.0000,0.0002,2.1000,10.7074,0
2.617,1.5006,-0.0000,0.0002,2.1000,10.7074,0
2.633,1.5006,-0.0000,0.0002,2.1000,10.7074,0
2.650,1.5006,-0.0000,0.0002,2.1000,10.7074,0
2.667,1.5006,-0.0000,0.0002,2.1000,10.7074,0
2.683,1.5006,-0.0000,0.0002,2.1000,10.7074,0
2.700,1.5006,-0.0000,0.0002,2.1000,10.7074,0
2.717,1.5006,-0.0000,0.0003,2.1000,10.7074,0
2.733,1.5006,-0.0000,0.0002,2.1000,10.7074,0
2.750,1.5006,-0.0000,0.0002,2.1000,10.7074,0
2.767,1.5006,-0.0000,0.0002,2.1000,10.7073,0
2.783,1.5006,-0.0000,0.0002,2.1000,10.7073,0
2.800,1.5006,-0.0000,0.0002,2.1000,10.7073,0
2.817,1.5006,-0.0000,0.0002,2.1000,10.7073,0
2.833,1.5006,-0.0000,0.0002,2.1000,10.7073,0
2.850,1.5006,0.0000,0.0002,2.1000,10.7073,0
2.867,1.5006,-0.0000,0.0002,2.1000,10.7073,0
2.883,1.5006,-0.0000,0.0002,2.1000,10.7073,0
2.900,1.5006,-0.0000,0.0002,2.1000,10.7073,0
2.917,1.5006,0.0000,0.0002,2.1000,10.7073,0
2.933,1.5006,-0.0000,0.0002,2.1000,10.7073,0
2.950,1.5006,0.0000,0.0002,2.1000,10.7073,0
2.967,1.5006,-0.0000,0.0002,2.1000,10.7073,0
2.983,1.5007,0.0000,0.0002,2.1000,10.7073,0
3.000,1.5007,-0.0000,0.0002,2.1000,10.7073,0
3.017,1.5007,0.0000,0.0002,2.1000,10.7073,0
3.033,1.5007,-0.0000,0.0002,2.1000,10.7073,0
3.050,1.5007,0.0000,0.0002,2.1000,10.7073,0
3.067,1.5007,-0.0000,0.0002,2.1000,10.7073,0
3.083,1.5007,0.0000,0.0002,2.1000,10.7073,0
3.100,1.5007,-0.0000,0.0002,2.1000,10.7073,0
3.117,1.5007,0.0000,0.0002,2.1000,10.7073,0
3.133,1.5007,-0.0000,0.0002,2.1000,10.7073,0
3.150,1.5007,0.0000,0.0002,2.1000,10.7073,0
3.167,1.5007,-0.0000,0.0002,2.1000,10.7073,0
3.183,1.5007,-0.0000,0.0002,2.1000,10.7073,0
3.200,1.5007,-0.0000,0.0002,2.1000,10.7073,0
3.217,1.5007,0.0000,0.0002,2.1000,10.7073,0
3.233,1.5007,-0.0000,0.0002,2.1000,10.7072,0
3.250,1.5007,-0.0000,0.0002,2.1000,10.7072,0
3.267,1.5007,-0.0000,0.0002,2.1000,10.7072,0
3.283,1.5007,-0.0000,0.0002,2.1000,10.7072,0
3.300,1.5007,-0.0000,0.0002,2.1000,10.7072,0
3.317,1.5007,-0.0000,0.0002,2.1000,10.7072,0
3.333,1.5007,-0.0000,0.0002,2.1000,10.7072,0
3.350,1.5007,-0.0000,0.0002,2.1000,10.7072,0
3.367,1.5007,-0.0000,0.0002,2.1000,10.7072,0
3.383,1.5007,-0.0000,0.0002,2.1000,10.7072,0
3.400,1.5007,-0.0000,0.0002,2.1000,10.7072,0
3.417,1.5007,0.0000,0.0002,2.1000,10.7072,0
3.433,1.5007,-0.0000,0.0002,2.1000,10.7072,0
3.450,1.5008,-0.0000,0.0002,2.1000,10.7072,0
3.467,1.5008,-0.0000,0.0002,2.1000,10.7072,0
3.483,1.5008,-0.0000,0.0002,2.1000,10.7072,0
3.500,1.5008,-0.0000,0.0002,2.1000,10.7072,0
3.517,1.5008,-0.0000,0.0002,2.1000,10.7072,0
3.533,1.5008,-0.0000,0.0002,2.1000,10.7072,0
3.550,1.5008,-0.0000,0.0002,2.1000,10.7072,0
3.567,1.5008,-0.0000,0.0002,2.1000,10.7072,0
3.583,1.5008,-0.0000,0.0002,2.1000,10.7072,0
3.600,1.5008,-0.0000,0.0002,2.1000,10.7072,0
3.617,1.5008,-0.0000,0.0002,2.1000,10.7072,0
3.633,1.5008,-0.0000,0.0002,2.1000,10.7072,0
3.650,1.5008,-0.0000,0.0002,2.1000,10.7072,0
3.667,1.5008,-0.0000,0.0002,2.1000,10.7072,0
3.683,1.5008,-0.0000,0.0002,2.1000,10.7072,0
3.700,1.5008,-0.0000,0.0002,2.1000,10.7071,0
3.717,1.5008,-0.0000,0.0002,2.1000,10.7071,0
3.733,1.5008,-0.0000,0.0002,2.1000,10.7071,0
3.750,1.5008,-0.0000,0.0002,2.1000,10.7071,0
3.767,1.5008,0.0000,0.0002,2.1000,10.7071,0
3.783,1.5008,-0.0000,0.0002,2.1000,10.7071,0
3.800,1.5008,-0.0000,0.0002,2.1000,10.7071,0
3.817,1.5008,-0.0000,0.0002,2.1000,10.7071,0
3.833,1.5008,-0.0000,0.0002,2.1000,10.7071,0
3.850,1.5008,-0.0000,0.0002,2.1000,10.7071,0
3.867,1.5008,-0.0000,0.0002,2.1000,10.7071,0
3.883,1.5008,-0.0000,0.0002,2.1000,10.7071,0
3.900,1.5009,-0.0000,0.0002,2.1000,10.7071,0
3.917,1.5009,-0.0000,0.0002,2.1000,10.7071,0
3.933,1.5009,0.0000,0.0002,2.1000,10.7071,0
3.950,1.5009,-0.0000,0.0002,2.1000,10.7071,0
3.967,1.5009,-0.0000,0.0002,2.1000,10.7071,0
3.983,1.5009,-0.0000,0.0002,2.1000,10.7071,0
4.000,1.5009,0.0000,0.0002,2.1000,10.7071,0
4.017,1.5009,-0.0000,0.0002,2.1000,10.7071,0
4.033,1.5009,0.0000,0.0002,2.1000,10.7071,0
4.050,1.5009,-0.0000,0.0002,2.1000,10.7071,0
4.067,1.5009,-0.0000,0.0002,2.1000,10.7071,0
4.083,1.5009,0.0000,0.0002,2.1000,10.7071,0
4.100,1.5009,-0.0000,0.0002,2.1000,10.7071,0
4.117,1.5009,-0.0000,0.0002,2.1000,10.7071,0
4.133,1.5009,-0.0000,0.0002,2.1000,10.7071,0
4.150,1.5009,-0.0000,0.0002,2.1000,10.7071,0
4.167,1.5009,-0.0000,0.0002,2.1000,10.7070,0
4.183,1.5009,0.0000,0.0002,2.1000,10.7070,0
4.200,1.5009,-0.0000,0.0002,2.1000,10.7070,0
4.217,1.5009,-0.0000,0.0002,2.1000,10.7070,0
4.233,1.5009,-0.0000,0.0002,2.1000,10.7070,0
4.250,1.5009,0.0000,0.0002,2.1000,10.7070,0
4.267,1.5009,-0.0000,0.0002,2.1000,10.7070,0
4.283,1.5009,-0.0000,0.0002,2.1000,10.7070,0
4.300,1.5009,-0.0000,0.0002,2.1000,10.7070,0
4.317,1.5009,0.0000,0.0002,2.1000,10.7070,0
4.333,1.5009,-0.0000,0.0002,2.1000,10.7070,0
4.350,1.5009,0.0000,0.0002,2.1000,10.7070,0
4.367,1.5010,-0.0000,0.0002,2.1000,10.7070,0
4.383,1.5010,0.0000,0.0002,2.1000,10.7070,0
4.400,1.5010,-0.0000,0.0002,2.1000,10.7070,0
4.417,1.5010,0.0000,0.0002,2.1000,10.7070,0
4.433,1.5010,-0.0000,0.0002,2.1000,10.7070,0
4.450,1.5010,0.0000,0.0002,2.1000,10.7070,0
4.467,1.5010,-0.0000,0.0002,2.1000,10.7070,0
4.483,1.5010,0.0000,0.0002,2.1000,10.7070,0
4.500,1.5010,-0.0000,0.0002,2.1000,10.7070,0
4.517,1.5010,0.0000,0.0002,2.1000,10.7070,0
4.533,1.5010,-0.0000,0.0002,2.1000,10.7070,0
4.550,1.5010,0.0000,0.0002,2.1000,10.7070,0
4.567,1.5010,-0.0000,0.0002,2.1000,10.7070,0
4.583,1.5010,0.0000,0.0002,2.1000,10.7070,0
4.600,1.5010,-0.0000,0.0002,2.1000,10.7070,0
4.617,1.5010,0.0000,0.0002,2.1000,10.7070,0
4.633,1.5010,-0.0000,0.0002,2.1000,10.7070,0
4.650,1.5010,0.0000,0.0002,2.1000,10.7069,0
4.667,1.5010,-0.0000,0.0002,2.1000,10.7069,0
4.683,1.5010,-0.0000,0.0002,2.1000,10.7069,0
4.700,1.5010,-0.0000,0.0002,2.1000,10.7069,0
4.717,1.5010,-0.0000,0.0002,2.1000,10.7069,0
4.733,1.5010,-0.0000,0.0002,2.1000,10.7069,0
4.750,1.5010,-0.0000,0.0002,2.1000,10.7069,0
4.767,1.5010,-0.0000,0.0002,2.1000,10.7069,0
4.783,1.5010,-0.0000,0.0002,2.1000,10.7069,0
4.800,1.5010,-0.0000,0.0002,2.1000,10.7069,0
4.817,1.5011,-0.0000,0.0002,2.1000,10.7069,0
4.833,1.5011,-0.0000,0.0002,2.1000,10.7069,0
4.850,1.5011,0.0000,0.0002,2.1000,10.7069,0
4.867,1.5011,-0.0000,0.0002,2.1000,10.7069,0
4.883,1.5011,0.0000,0.0002,2.1000,10.7069,0
4.900,1.5011,-0.0000,0.0002,2.1000,10.7069,0
4.917,1.5011,0.0000,0.0002,2.1000,10.7069,0
4.933,1.5011,-0.0000,0.0002,2.1000,10.7069,0
4.950,1.5011,0.0000,0.0002,2.1000,10.7069,0
4.967,1.5011,-0.0000,0.0002,2.1000,10.7069,0
4.983,1.5011,0.0000,0.0002,2.1000,10.7069,0
5.000,1.5011,-0.0000,0.0002,2.1000,10.7069,0
5.017,1.5011,0.0000,0.0002,2.1000,10.7069,0
5.033,1.5011,-0.0000,0.0002,2.1000,10.7069,0
5.050,1.5011,0.0000,0.0002,2.1000,10.7069,0
5.067,1.5011,-0.0000,0.0002,2.1000,10.7069,0
5.083,1.5011,0.0000,0.0002,2.1000,10.7069,0
5.100,1.5011,-0.0000,0.0002,2.1000,10.7069,0
5.117,1.5011,0.0000,0.0002,2.1000,10.7068,0
5.133,1.5011,-0.0000,0.0002,2.1000,10.7068,0
5.150,1.5011,0.0000,0.0002,2.1000,10.7068,0
5.167,1.5011,-0.0000,0.0002,2.1000,10.7068,0
5.183,1.5011,0.0000,0.0002,2.1000,10.7068,0
5.200,1.5011,-0.0000,0.0002,2.1000,10.7068,0
5.217,1.5011,0.0000,0.0002,2.1000,10.7068,0
5.233,1.5011,-0.0000,0.0002,2.1000,10.7068,0
5.250,1.5011,-0.0000,0.0002,2.1000,10.7068,0
5.267,1.5011,-0.0000,0.0002,2.1000,10.7068,0
5.283,1.5012,0.0000,0.0002,2.1000,10.7068,0
5.300,1.5012,-0.0000,0.0002,2.1000,10.7068,0
5.317,1.5012,-0.0000,0.0002,2.1000,10.7068,0
5.333,1.5012,-0.0000,0.0002,2.1000,10.7068,0
5.350,1.5012,-0.0000,0.0002,2.1000,10.7068,0
5.367,1.5012,-0.0000,0.0002,2.1000,10.7068,0
5.383,1.5012,-0.0000,0.0002,2.1000,10.7068,0
5.400,1.5012,-0.0000,0.0002,2.1000,10.7068,0
5.417,1.5012,-0.0000,0.0002,2.1000,10.7068,0
5.433,1.5012,-0.0000,0.0002,2.1000,10.7068,0
5.450,1.5012,-0.0000,0.0002,2.1000,10.7068,0
5.467,1.5012,-0.0000,0.0002,2.1000,10.7068,0
5.483,1.5012,0.0000,0.0002,2.1000,10.7068,0
5.500,1.5012,-0.0000,0.0002,2.1000,10.7068,0
5.517,1.5012,-0.0000,0.0002,2.1000,10.7068,0
5.533,1.5012,-0.0000,0.0002,2.1000,10.7068,0
5.550,1.5012,-0.0000,0.0002,2.1000,10.7068,0
5.567,1.5012,-0.0000,0.0002,2.1000,10.7068,0
5.583,1.5012,-0.0000,0.0002,2.1000,10.7067,0
5.600,1.5012,-0.0000,0.0002,2.1000,10.7067,0
5.617,1.5012,-0.0000,0.0002,2.1000,10.7067,0
5.633,1.5012,0.0000,0.0002,2.1000,10.7067,0
5.650,1.5012,-0.0000,0.0002,2.1000,10.7067,0
5.667,1.5012,-0.0000,0.0002,2.1000,10.7067,0
5.683,1.5012,0.0000,0.0002,2.1000,10.7067,0
5.700,1.5012,0.0000,0.0002,2.1000,10.7067,0
5.717,1.5012,-0.0000,0.0002,2.1000,10.7067,0
5.733,1.5012,0.0000,0.0002,2.1000,10.7067,0
5.750,1.5013,-0.0000,0.0002,2.1000,10.7067,0
5.767,1.5013,0.0000,0.0002,2.1000,10.7067,0
5.783,1.5013,-0.0000,0.0002,2.1000,10.7067,0
5.800,1.5013,-0.0000,0.0002,2.1000,10.7067,0
5.817,1.5013,0.0000,0.0002,2.1000,10.7067,0
5.833,1.5013,-0.0000,0.0002,2.1000,10.7067,0
5.850,1.5013,0.0000,0.0002,2.1000,10.7067,0
5.867,1.5013,-0.0000,0.0002,2.1000,10.7067,0
5.883,1.5013,0.0000,0.0002,2.1000,10.7067,0
5.900,1.5013,-0.0000,0.0002,2.1000,10.7067,0
5.917,1.5013,0.0000,0.0002,2.1000,10.7067,0
5.933,1.5013,-0.0000,0.0002,2.1000,10.7067,0
5.950,1.5013,0.0000,0.0002,2.1000,10.7067,0
5.967,1.5013,-0.0000,0.0002,2.1000,10.7067,0
5.983,1.5013,0.0000,0.0002,2.1000,10.7067,0
6.000,1.5013,-0.0000,0.0002,2.1000,10.7067,0
6.017,1.5013,0.0000,0.0002,2.1000,10.7067,0
6.033,1.5013,-0.0000,0.0002,2.1000,10.7067,0
6.050,1.5013,-0.0000,0.0002,2.1000,10.7066,0
6.067,1.5013,-0.0000,0.0002,2.1000,10.7066,0
6.083,1.5013,-0.0000,0.0002,2.1000,10.7066,0
6.100,1.5013,-0.0000,0.0003,2.1000,10.7066,0
6.117,1.5013,-0.0000,0.0002,2.1000,10.7066,0
6.133,1.5013,0.0000,0.0002,2.1000,10.7066,0
6.150,1.5013,-0.0000,0.0002,2.1000,10.7066,0
6.167,1.5013,-0.0000,0.0002,2.1000,10.7066,0
6.183,1.5013,0.0000,0.0002,2.1000,10.7066,0
6.200,1.5014,-0.0000,0.0002,2.1000,10.7066,0
6.217,1.5014,0.0000,0.0002,2.1000,10.7066,0
6.233,1.5014,-0.0000,0.0002,2.1000,10.7066,0
6.250,1.5014,0.0000,0.0002,2.1000,10.7066,0
6.267,1.5014,-0.0000,0.0002,2.1000,10.7066,0
6.283,1.5014,0.0000,0.0002,2.1000,10.7066,0
6.300,1.5014,-0.0000,0.0002,2.1000,10.7066,0
6.317,1.5014,0.0000,0.0002,2.1000,10.7066,0
6.333,1.5014,-0.0000,0.0002,2.1000,10.7066,0
6.350,1.5014,-0.0000,0.0002,2.1000,10.7066,0
6.367,1.5014,-0.0000,0.0002,2.1000,10.7066,0
6.383,1.5014,0.0000,0.0002,2.1000,10.7066,0
6.400,1.5014,-0.0000,0.0002,2.1000,10.7066,0
6.417,1.5014,0.0000,0.0002,2.1000,10.7066,0
6.433,1.5014,-0.0000,0.0002,2.1000,10.7066,0
6.450,1.5014,-0.0000,0.0002,2.1000,10.7066,0
6.467,1.5014,-0.0000,0.0002,2.1000,10.7066,0
6.483,1.5014,-0.0000,0.0002,2.1000,10.7066,0
6.500,1.5014,0.0000,0.0002,2.1000,10.7066,0
6.517,1.5014,-0.0000,0.0002,2.1000,10.7065,0
6.533,1.5014,-0.0000,0.0002,2.1000,10.7065,0
6.550,1.5014,-0.0000,0.0002,2.1000,10.7065,0
6.567,1.5014,0.0000,0.0002,2.1000,10.7065,0
6.583,1.5014,-0.0000,0.0002,2.1000,10.7065,0
6.600,1.5014,-0.0000,0.0002,2.1000,10.7065,0
6.617,1.5014,0.0000,0.0002,2.1000,10.7065,0
6.633,1.5014,0.0000,0.0002,2.1000,10.7065,0
6.650,1.5014,-0.0000,0.0002,2.1000,10.7065,0
6.667,1.5015,-0.0000,0.0002,2.1000,10.7065,0
6.683,1.5015,-0.0000,0.0002,2.1000,10.7065,0
6.700,1.5015,-0.0000,0.0002,2.1000,10.7065,0
6.717,1.5015,-0.0000,0.0002,2.1000,10.7065,0
6.733,1.5015,-0.0000,0.0002,2.1000,10.7065,0
6.750,1.5015,-0.0000,0.0002,2.1000,10.7065,0
6.767,1.5015,-0.0000,0.0002,2.1000,10.7065,0
6.783,1.5015,0.0000,0.0002,2.1000,10.7065,0
6.800,1.5015,-0.0000,0.0002,2.1000,10.7065,0
6.817,1.5015,-0.0000,0.0002,2.1000,10.7065,0
6.833,1.5015,0.0000,0.0002,2.1000,10.7065,0
6.850,1.5015,-0.0000,0.0002,2.1000,10.7065,0
6.867,1.5015,-0.0000,0.0002,2.1000,10.7065,0
6.883,1.5015,-0.0000,0.0002,2.1000,10.7065,0
6.900,1.5015,-0.0000,0.0002,2.1000,10.7065,0
6.917,1.5015,-0.0000,0.0002,2.1000,10.7065,0
6.933,1.5015,-0.0000,0.0002,2.1000,10.7065,0
6.950,1.5015,-0.0000,0.0002,2.1000,10.7065,0
6.967,1.5015,-0.0000,0.0002,2.1000,10.7065,0
6.983,1.5015,-0.0000,0.0002,2.1000,10.7065,0
7.000,1.5015,-0.0000,0.0002,2.1000,10.7064,0
7.017,1.5015,-0.0000,0.0002,2.1000,10.7064,0
7.033,1.5015,-0.0000,0.0002,2.1000,10.7064,0
7.050,1.5015,-0.0000,0.0002,2.1000,10.7064,0
7.067,1.5015,-0.0000,0.0002,2.1000,10.7064,0
7.083,1.5015,-0.0000,0.0002,2.1000,10.7064,0
7.100,1.5015,0.0000,0.0002,2.1000,10.7064,0
7.117,1.5015,-0.0000,0.0002,2.1000,10.7064,0
7.133,1.5016,-0.0000,0.0002,2.1000,10.7064,0
7.150,1.5016,-0.0000,0.0002,2.1000,10.7064,0
7.167,1.5016,-0.0000,0.0002,2.1000,10.7064,0
7.183,1.5016,-0.0000,0.0002,2.1000,10.7064,0
7.200,1.5016,-0.0000,0.0002,2.1000,10.7064,0
7.217,1.5016,-0.0000,0.0002,2.1000,10.7064,0
7.233,1.5016,-0.0000,0.0002,2.1000,10.7064,0
7.250,1.5016,0.0000,0.0002,2.1000,10.7064,0
7.267,1.5016,-0.0000,0.0002,2.1000,10.7064,0
7.283,1.5016,-0.0000,0.0002,2.1000,10.7064,0
7.300,1.5016,-0.0000,0.0002,2.1000,10.7064,0
7.317,1.5016,-0.0000,0.0002,2.1000,10.7064,0
7.333,1.5016,0.0000,0.0002,2.1000,10.7064,0
7.350,1.5016,-0.0000,0.0002,2.1000,10.7064,0
7.367,1.5016,-0.0000,0.0002,2.1000,10.7064,0
7.383,1.5016,-0.0000,0.0002,2.1000,10.7064,0
7.400,1.5016,-0.0000,0.0002,2.1000,10.7064,0
7.417,1.5016,-0.0000,0.0002,2.1000,10.7064,0
7.433,1.5016,0.0000,0.0002,2.1000,10.7064,0
7.450,1.5016,-0.0000,0.0002,2.1000,10.7064,0
7.467,1.5016,0.0000,0.0002,2.1000,10.7063,0
7.483,1.5016,-0.0000,0.0002,2.1000,10.7063,0
7.500,1.5016,-0.0000,0.0002,2.1000,10.7063,0
7.517,1.5016,0.0000,0.0002,2.1000,10.7063,0
7.533,1.5016,-0.0000,0.0002,2.1000,10.7063,0
7.550,1.5016,-0.0000,0.0002,2.1000,10.7063,0
7.567,1.5016,-0.0000,0.0002,2.1000,10.7063,0
7.583,1.5017,-0.0000,0.0002,2.1000,10.7063,0
7.600,1.5017,-0.0000,0.0002,2.1000,10.7063,0
7.617,1.5017,0.0000,0.0002,2.1000,10.7063,0
7.633,1.5017,0.0000,0.0002,2.1000,10.7063,0
7.650,1.5017,-0.0000,0.0002,2.1000,10.7063,0
7.667,1.5017,0.0000,0.0002,2.1000,10.7063,0
7.683,1.5017,0.0000,0.0002,2.1000,10.7063,0
7.700,1.5017,-0.0000,0.0002,2.1000,10.7063,0
7.717,1.5017,-0.0000,0.0002,2.1000,10.7063,0
7.733,1.5017,-0.0000,0.0002,2.1000,10.7063,0
7.750,1.5017,-0.0000,0.0002,2.1000,10.7063,0
7.767,1.5017,-0.0000,0.0002,2.1000,10.7063,0
7.783,1.5017,-0.0000,0.0002,2.1000,10.7063,0
7.800,1.5017,0.0000,0.0002,2.1000,10.7063,0
7.817,1.5017,-0.0000,0.0002,2.1000,10.7063,0
7.833,1.5017,0.0000,0.0002,2.1000,10.7063,0
7.850,1.5017,-0.0000,0.0002,2.1000,10.7063,0
7.867,1.5017,0.0000,0.0002,2.1000,10.7063,0
7.883,1.5017,-0.0000,0.0002,2.1000,10.7063,0
7.900,1.5017,0.0000,0.0002,2.1000,10.7063,0
7.917,1.5017,-0.0000,0.0002,2.1000,10.7063,0
7.933,1.5017,0.0000,0.0002,2.1000,10.7062,0
7.950,1.5017,-0.0000,0.0002,2.1000,10.7062,0
7.967,1.5017,0.0000,0.0002,2.1000,10.7062,0
7.983,1.5017,-0.0000,0.0002,2.1000,10.7062,0
8.000,1.5017,-0.0000,0.0002,2.1000,10.7062,0
8.017,1.5017,-0.0000,0.0002,2.1000,10.7062,0
8.033,1.5017,-0.0000,0.0002,2.1000,10.7062,0
8.050,1.5018,0.0000,0.0002,2.1000,10.7062,0
8.067,1.5018,-0.0000,0.0002,2.1000,10.7062,0
8.083,1.5018,0.0000,0.0002,2.1000,10.7062,0
8.100,1.5018,-0.0000,0.0003,2.1000,10.7062,0
8.117,1.5018,0.0000,0.0002,2.1000,10.7062,0
8.133,1.5018,-0.0000,0.0002,2.1000,10.7062,0
8.150,1.5018,-0.0000,0.0002,2.1000,10.7062,0
8.167,1.5018,-0.0000,0.0002,2.1000,10.7062,0
8.183,1.5018,-0.0000,0.0002,2.1000,10.7062,0
8.200,1.5018,-0.0000,0.0002,2.1000,10.7062,0
8.217,1.5018,-0.0000,0.0002,2.1000,10.7062,0
8.233,1.5018,-0.0000,0.0002,2.1000,10.7062,0
8.250,1.5018,-0.0000,0.0002,2.1000,10.7062,0
8.267,1.5018,-0.0000,0.0002,2.1000,10.7062,0
8.283,1.5018,0.0000,0.0002,2.1000,10.7062,0
8.300,1.5018,-0.0000,0.0002,2.1000,10.7062,0
8.317,1.5018,-0.0000,0.0002,2.1000,10.7062,0
8.333,1.5018,0.0000,0.0003,2.1000,10.7062,0
8.350,1.5018,-0.0000,0.0002,2.1000,10.7062,0
8.367,1.5018,0.0000,0.0002,2.1000,10.7062,0
8.383,1.5018,-0.0000,0.0002,2.1000,10.7062,0
8.400,1.5018,-0.0000,0.0002,2.1000,10.7061,0
8.417,1.5018,-0.0000,0.0002,2.1000,10.7061,0
8.433,1.5018,-0.0000,0.0002,2.1000,10.7061,0
8.450,1.5018,0.0000,0.0002,2.1000,10.7061,0
8.467,1.5018,-0.0000,0.0002,2.1000,10.7061,0
8.483,1.5018,-0.0000,0.0002,2.1000,10.7061,0
8.500,1.5018,-0.0000,0.0002,2.1000,10.7061,0
8.517,1.5019,-0.0000,0.0002,2.1000,10.7061,0
8.533,1.5019,-0.0000,0.0002,2.1000,10.7061,0
8.550,1.5019,-0.0000,0.0002,2.1000,10.7061,0
8.567,1.5019,-0.0000,0.0002,2.1000,10.7061,0
8.583,1.5019,-0.0000,0.0002,2.1000,10.7061,0
8.600,1.5019,0.0000,0.0002,2.1000,10.7061,0
8.617,1.5019,-0.0000,0.0002,2.1000,10.7061,0
8.633,1.5019,0.0000,0.0002,2.1000,10.7061,0
8.650,1.5019,-0.0000,0.0002,2.1000,10.7061,0
8.667,1.5019,-0.0000,0.0002,2.1000,10.7061,0
8.683,1.5019,-0.0000,0.0002,2.1000,10.7061,0
8.700,1.5019,-0.0000,0.0002,2.1000,10.7061,0
8.717,1.5019,-0.0000,0.0002,2.1000,10.7061,0
8.733,1.5019,-0.0000,0.0002,2.1000,10.7061,0
8.750,1.5019,-0.0000,0.0002,2.1000,10.7061,0
8.767,1.5019,-0.0000,0.0002,2.1000,10.7061,0
8.783,1.5019,-0.0000,0.0002,2.1000,10.7061,0
8.800,1.5019,-0.0000,0.0002,2.1000,10.7061,0
8.817,1.5019,-0.0000,0.0002,2.1000,10.7061,0
8.833,1.5019,-0.0000,0.0002,2.1000,10.7061,0
8.850,1.5019,-0.0000,0.0002,2.1000,10.7061,0
8.867,1.5019,-0.0000,0.0002,2.1000,10.7060,0
8.883,1.5019,-0.0000,0.0002,2.1000,10.7060,0
8.900,1.5019,-0.0000,0.0002,2.1000,10.7060,0
8.917,1.5019,-0.0000,0.0002,2.1000,10.7060,0
8.933,1.5019,-0.0000,0.0002,2.1000,10.7060,0
8.950,1.5019,-0.0000,0.0002,2.1000,10.7060,0
8.967,1.5020,-0.0000,0.0002,2.1000,10.7060,0
8.983,1.5020,-0.0000,0.0002,2.1000,10.7060,0
9.000,1.5020,-0.0000,0.0002,2.1000,10.7060,0
9.017,1.5020,-0.0000,0.0002,2.1000,10.7060,0
9.033,1.5020,-0.0000,0.0002,2.1000,10.7060,0
9.050,1.5020,-0.0000,0.0002,2.1000,10.7060,0
9.067,1.5020,-0.0000,0.0002,2.1000,10.7060,0
9.083,1.5020,-0.0000,0.0002,2.1000,10.7060,0
9.100,1.5020,-0.0000,0.0002,2.1000,10.7060,0
9.117,1.5020,-0.0000,0.0002,2.1000,10.7060,0
9.133,1.5020,-0.0000,0.0002,2.1000,10.7060,0
9.150,1.5020,-0.0000,0.0002,2.1000,10.7060,0
9.167,1.5020,-0.0000,0.0002,2.1000,10.7060,0
9.183,1.5020,-0.0000,0.0002,2.1000,10.7060,0
9.200,1.5020,-0.0000,0.0002,2.1000,10.7060,0
9.217,1.5020,-0.0000,0.0002,2.1000,10.7060,0
9.233,1.5020,-0.0000,0.0002,2.1000,10.7060,0
9.250,1.5020,-0.0000,0.0002,2.1000,10.7060,0
9.267,1.5020,-0.0000,0.0002,2.1000,10.7060,0
9.283,1.5020,-0.0000,0.0002,2.1000,10.7060,0
9.300,1.5020,-0.0000,0.0002,2.1000,10.7060,0
9.317,1.5020,-0.0000,0.0002,2.1000,10.7060,0
9.333,1.5020,-0.0000,0.0002,2.1000,10.7060,0
9.350,1.5020,-0.0000,0.0002,2.1000,10.7059,0
9.367,1.5020,-0.0000,0.0002,2.1000,10.7059,0
9.383,1.5020,-0.0000,0.0002,2.1000,10.7059,0
9.400,1.5020,-0.0000,0.0002,2.1000,10.7059,0
9.417,1.5020,-0.0000,0.0002,2.1000,10.7059,0
9.433,1.5021,-0.0000,0.0002,2.1000,10.7059,0
9.450,1.5021,-0.0000,0.0002,2.1000,10.7059,0
9.467,1.5021,-0.0000,0.0002,2.1000,10.7059,0
9.483,1.5021,-0.0000,0.0002,2.1000,10.7059,0
9.500,1.5021,-0.0000,0.0002,2.1000,10.7059,0
9.517,1.5021,-0.0000,0.0002,2.1000,10.7059,0
9.533,1.5021,-0.0000,0.0002,2.1000,10.7059,0
9.550,1.5021,-0.0000,0.0002,2.1000,10.7059,0
9.567,1.5021,-0.0000,0.0002,2.1000,10.7059,0
9.583,1.5021,-0.0000,0.0002,2.1000,10.7059,0
9.600,1.5021,-0.0000,0.0002,2.1000,10.7059,0
9.617,1.5021,-0.0000,0.0002,2.1000,10.7059,0
9.633,1.5021,-0.0000,0.0002,2.1000,10.7059,0
9.650,1.5021,-0.0000,0.0002,2.1000,10.7059,0
9.667,1.5021,-0.0000,0.0002,2.1000,10.7059,0
9.683,1.5021,-0.0000,0.0002,2.1000,10.7059,0
9.700,1.5021,-0.0000,0.0002,2.1000,10.7059,0
9.717,1.5021,-0.0000,0.0002,2.1000,10.7059,0
9.733,1.5021,-0.0000,0.0002,2.1000,10.7059,0
9.750,1.5021,-0.0000,0.0002,2.1000,10.7059,0
9.767,1.5021,-0.0000,0.0002,2.1000,10.7059,0
9.783,1.5021,-0.0000,0.0002,2.1000,10.7059,0
9.800,1.5021,-0.0000,0.0002,2.1000,10.7059,0
9.817,1.5021,-0.0000,0.0002,2.1000,10.7058,0
9.833,1.5021,-0.0000,0.0002,2.1000,10.7058,0
9.850,1.5021,-0.0000,0.0002,2.1000,10.7058,0
9.867,1.5021,-0.0000,0.0002,2.1000,10.7058,0
9.883,1.5021,-0.0000,0.0002,2.1000,10.7058,0
9.900,1.5022,-0.0000,0.0002,2.1000,10.7058,0
9.917,1.5022,-0.0000,0.0002,2.1000,10.7058,0
9.933,1.5022,-0.0000,0.0002,2.1000,10.7058,0
9.950,1.5022,-0.0000,0.0002,2.1000,10.7058,0
9.967,1.5022,-0.0000,0.0002,2.1000,10.7058,0
9.983,1.5022,-0.0000,0.0002,2.1000,10.7058,0
10.000,1.5022,-0.0000,0.0002,2.1000,10.7058,0
10.017,1.5022,-0.0000,0.0002,2.1000,10.7058,0
10.033,1.5022,-0.0000,0.0002,2.1000,10.7058,0
10.050,1.5022,-0.0000,0.0002,2.1000,10.7058,0
10.067,1.5022,-0.0000,0.0002,2.1000,10.7058,0
10.083,1.5022,-0.0000,0.0002,2.1000,10.7058,0
10.100,1.5022,-0.0000,0.0002,2.1000,10.7058,0
10.117,1.5022,-0.0000,0.0002,2.1000,10.7058,0
10.133,1.5022,-0.0000,0.0002,2.1000,10.7058,0
10.150,1.5022,-0.0000,0.0002,2.1000,10.7058,0
10.167,1.5022,-0.0000,0.0002,2.1000,10.7058,0
10.183,1.5022,-0.0000,0.0002,2.1000,10.7058,0
10.200,1.5022,-0.0000,0.0002,2.1000,10.7058,0
10.217,1.5022,-0.0000,0.0002,2.1000,10.7058,0
10.233,1.5022,-0.0000,0.0002,2.1000,10.7058,0
10.250,1.5022,-0.0000,0.0003,2.1000,10.7058,0
10.267,1.5022,-0.0000,0.0002,2.1000,10.7058,0
10.283,1.5022,-0.0000,0.0002,2.1000,10.7057,0
10.300,1.5022,-0.0000,0.0002,2.1000,10.7057,0
10.317,1.5022,-0.0000,0.0002,2.1000,10.7057,0
10.333,1.5022,-0.0000,0.0002,2.1000,10.7057,0
10.350,1.5023,-0.0000,0.0002,2.1000,10.7057,0
10.367,1.5023,-0.0000,0.0002,2.1000,10.7057,0
10.383,1.5023,-0.0000,0.0002,2.1000,10.7057,0
10.400,1.5023,0.0000,0.0002,2.1000,10.7057,0
10.417,1.5023,-0.0000,0.0002,2.1000,10.7057,0
10.433,1.5023,-0.0000,0.0002,2.1000,10.7057,0
10.450,1.5023,-0.0000,0.0002,2.1000,10.7057,0
10.467,1.5023,-0.0000,0.0002,2.1000,10.7057,0
10.483,1.5023,-0.0000,0.0002,2.1000,10.7057,0
10.500,1.5023,-0.0000,0.0002,2.1000,10.7057,0
10.517,1.5023,-0.0000,0.0002,2.1000,10.7057,0
10.533,1.5023,-0.0000,0.0002,2.1000,10.7057,0
10.550,1.5023,-0.0000,0.0002,2.1000,10.7057,0
10.567,1.5023,-0.0000,0.0002,2.1000,10.7057,0
10.583,1.5023,-0.0000,0.0002,2.1000,10.7057,0
10.600,1.5023,-0.0000,0.0002,2.1000,10.7057,0
10.617,1.5023,-0.0000,0.0002,2.1000,10.7057,0
10.633,1.5023,-0.0000,0.0002,2.1000,10.7057,0
10.650,1.5023,-0.0000,0.0002,2.1000,10.7057,0
10.667,1.5023,-0.0000,0.0002,2.1000,10.7057,0
10.683,1.5023,-0.0000,0.0002,2.1000,10.7057,0
10.700,1.5023,-0.0000,0.0002,2.1000,10.7057,0
10.717,1.5023,-0.0000,0.0002,2.1000,10.7057,0
10.733,1.5023,-0.0000,0.0002,2.1000,10.7057,0
10.750,1.5023,-0.0000,0.0002,2.1000,10.7056,0
10.767,1.5023,-0.0000,0.0002,2.1000,10.7056,0
10.783,1.5023,-0.0000,0.0002,2.1000,10.7056,0
10.800,1.5023,-0.0000,0.0002,2.1000,10.7056,0
10.817,1.5024,-0.0000,0.0002,2.1000,10.7056,0
10.833,1.5024,-0.0000,0.0002,2.1000,10.7056,0
10.850,1.5024,-0.0000,0.0002,2.1000,10.7056,0
10.867,1.5024,-0.0000,0.0002,2.1000,10.7056,0
10.883,1.5024,-0.0000,0.0002,2.1000,10.7056,0
10.900,1.5024,-0.0000,0.0002,2.1000,10.7056,0
10.917,1.5024,-0.0000,0.0002,2.1000,10.7056,0
10.933,1.5024,-0.0000,0.0002,2.1000,10.7056,0
10.950,1.5024,-0.0000,0.0002,2.1000,10.7056,0
10.967,1.5024,-0.0000,0.0002,2.1000,10.7056,0
10.983,1.5024,-0.0000,0.0002,2.1000,10.7056,0
11.000,1.5024,-0.0000,0.0002,2.1000,10.7056,0
11.017,1.5024,-0.0000,0.0002,2.1000,10.7056,0
11.033,1.5024,-0.0000,0.0002,2.1000,10.7056,0
11.050,1.5024,-0.0000,0.0002,2.1000,10.7056,0
11.067,1.5024,-0.0000,0.0002,2.1000,10.7056,0
11.083,1.5024,-0.0000,0.0002,2.1000,10.7056,0
11.100,1.5024,-0.0000,0.0002,2.1000,10.7056,0
11.117,1.5024,-0.0000,0.0002,2.1000,10.7056,0
11.133,1.5024,-0.0000,0.0002,2.1000,10.7056,0
11.150,1.5024,-0.0000,0.0002,2.1000,10.7056,0
11.167,1.5024,-0.0000,0.0002,2.1000,10.7056,0
11.183,1.5029,-0.0000,0.0276,2.1000,10.7051,0
11.200,1.5037,0.0000,0.0498,2.1000,10.7043,0
11.217,1.5048,0.0000,0.0641,2.1000,10.7032,0
11.233,1.5061,-0.0000,0.0765,2.1000,10.7020,0
11.250,1.5074,0.0000,0.0830,2.1000,10.7006,0
11.267,1.5091,0.0000,0.0994,2.1000,10.6990,0
11.283,1.5111,0.0000,0.1207,2.1000,10.6970,0
11.300,1.5133,0.0000,0.1329,2.1000,10.6949,0
11.317,1.5156,0.0000,0.1393,2.1000,10.6926,0
11.333,1.5181,0.0000,0.1485,2.1000,10.6902,0
11.350,1.5208,0.0000,0.1622,2.1000,10.6875,0
11.367,1.5237,0.0000,0.1755,2.1000,10.6847,0
11.383,1.5269,0.0000,0.1869,2.1000,10.6816,0
11.400,1.5302,0.0000,0.1978,2.1000,10.6784,0
11.417,1.5336,0.0000,0.2051,2.1000,10.6750,0
11.433,1.5371,0.0000,0.2142,2.1000,10.6715,0
11.450,1.5409,0.0000,0.2237,2.1000,10.6679,0
11.467,1.5447,0.0000,0.2324,2.1000,10.6641,0
11.483,1.5487,0.0000,0.2391,2.1000,10.6602,0
11.500,1.5528,0.0000,0.2454,2.1000,10.6561,0
11.517,1.5571,0.0000,0.2543,2.1000,10.6520,0
11.533,1.5614,0.0000,0.2614,2.1000,10.6477,0
11.550,1.5659,0.0000,0.2677,2.1000,10.6433,0
11.567,1.5705,0.0000,0.2777,2.1000,10.6388,0
11.583,1.5753,0.0000,0.2856,2.1000,10.6341,0
11.600,1.5801,0.0000,0.2920,2.1000,10.6294,0
11.617,1.5851,0.0000,0.2998,2.1000,10.6245,0
11.633,1.5902,0.0000,0.3049,2.1000,10.6195,0
11.650,1.5954,0.0000,0.3115,2.1000,10.6144,0
11.667,1.6007,0.0000,0.3183,2.1000,10.6092,0
11.683,1.6061,0.0000,0.3263,2.1000,10.6039,0
11.700,1.6117,0.0000,0.3333,2.1000,10.5984,0
11.717,1.6173,0.0000,0.3365,2.1000,10.5929,0
11.733,1.6230,0.0000,0.3405,2.1000,10.5874,0
11.750,1.6287,0.0000,0.3457,2.1000,10.5817,0
11.767,1.6346,0.0000,0.3516,2.1000,10.5760,0
11.783,1.6406,0.0000,0.3567,2.1000,10.5701,0
11.800,1.6466,0.0000,0.3617,2.1000,10.5642,0
11.817,1.6527,0.0000,0.3655,2.1000,10.5583,0
11.833,1.6588,0.0000,0.3674,2.1000,10.5523,0
11.850,1.6650,0.0000,0.3707,2.1000,10.5462,0
11.867,1.6713,0.0000,0.3779,2.1000,10.5400,0
11.883,1.6777,0.0000,0.3849,2.1000,10.5338,0
11.900,1.6842,0.0000,0.3919,2.1000,10.5274,0
11.917,1.6909,0.0000,0.3982,2.1000,10.5209,0
11.933,1.6975,0.0000,0.4014,2.1000,10.5143,0
11.950,1.7042,0.0000,0.4018,2.1000,10.5077,0
11.967,1.7109,0.0000,0.3993,2.1000,10.5012,0
11.983,1.7176,0.0000,0.4004,2.1000,10.4947,0
12.000,1.7243,0.0000,0.4048,2.1000,10.4881,0
12.017,1.7311,0.0000,0.4091,2.1000,10.4814,0
12.033,1.7380,0.0000,0.4141,2.1000,10.4746,0
12.050,1.7450,0.0000,0.4183,2.1000,10.4678,0
12.067,1.7521,0.0000,0.4226,2.1000,10.4609,0
12.083,1.7591,0.0000,0.4252,2.1000,10.4540,0
12.100,1.7663,0.0000,0.4270,2.1000,10.4470,0
12.117,1.7734,0.0000,0.4304,2.1000,10.4400,0
12.133,1.7806,0.0000,0.4314,2.1000,10.4329,0
12.150,1.7878,0.0000,0.4327,2.1000,10.4259,0
12.167,1.7951,0.0000,0.4351,2.1000,10.4188,0
12.183,1.8024,0.0000,0.4403,2.1000,10.4116,0
12.200,1.8098,0.0000,0.4436,2.1000,10.4043,0
12.217,1.8172,0.0000,0.4452,2.1000,10.3971,0
12.233,1.8247,0.0000,0.4462,2.1000,10.3898,0
12.250,1.8321,-0.0000,0.4467,2.1000,10.3825,0
12.267,1.8396,0.0000,0.4490,2.1000,10.3752,0
12.283,1.8471,0.0000,0.4515,2.1000,10.3678,0
12.300,1.8547,0.0000,0.4538,2.1000,10.3604,0
12.317,1.8623,0.0000,0.4560,2.1000,10.3529,0
12.333,1.8699,0.0000,0.4557,2.1000,10.3455,0
12.350,1.8775,0.0000,0.4576,2.1000,10.3380,0
12.367,1.8852,0.0000,0.4618,2.1000,10.3305,0
12.383,1.8929,0.0000,0.4632,2.1000,10.3229,0
12.400,1.9007,0.0000,0.4650,2.1000,10.3153,0
12.417,1.9085,0.0000,0.4681,2.1000,10.3077,0
12.433,1.9163,0.0000,0.4695,2.1000,10.3000,0
12.450,1.9242,0.0000,0.4712,2.1000,10.2924,0
12.467,1.9320,0.0000,0.4726,2.1000,10.2846,0
12.483,1.9399,0.0000,0.4732,2.1000,10.2769,0
12.500,1.9478,0.0000,0.4737,2.1000,10.2692,0
12.517,1.9558,0.0000,0.4767,2.1000,10.2614,0
12.533,1.9638,0.0000,0.4806,2.1000,10.2536,0
12.550,1.9718,0.0000,0.4822,2.1000,10.2457,0
12.567,1.9799,-0.0000,0.4837,2.1000,10.2378,0
12.583,1.9880,-0.0000,0.4858,2.1000,10.2299,0
12.600,1.9961,-0.0000,0.4869,2.1000,10.2220,0
12.617,2.0042,-0.0000,0.4883,2.1000,10.2140,0
12.633,2.0124,-0.0000,0.4909,2.1000,10.2060,0
12.650,2.0205,-0.0000,0.4884,2.1000,10.1980,0
12.667,2.0287,-0.0000,0.4870,2.1000,10.1901,0
12.683,2.0368,-0.0000,0.4899,2.1000,10.1821,0
12.700,2.0450,-0.0000,0.4936,2.1000,10.1741,0
12.717,2.0533,-0.0000,0.4953,2.1000,10.1660,0
12.733,2.0616,-0.0001,0.4963,2.1000,10.1579,0
12.750,2.0699,-0.0001,0.4980,2.1000,10.1498,0
12.767,2.0782,-0.0001,0.4993,2.1000,10.1416,0
12.783,2.0865,-0.0001,0.4991,2.1000,10.1335,0
12.800,2.0948,-0.0001,0.4989,2.1000,10.1254,0
12.817,2.1032,-0.0001,0.4997,2.1000,10.1172,0
12.833,2.1115,-0.0001,0.4996,2.1000,10.1091,0
12.850,2.1198,-0.0001,0.4999,2.1000,10.1009,0
12.867,2.1282,-0.0001,0.5004,2.1000,10.0928,0
12.883,2.1365,-0.0001,0.5005,2.1000,10.0846,0
12.900,2.1448,-0.0001,0.5004,2.1000,10.0764,0
12.917,2.1532,-0.0001,0.5004,2.1000,10.0683,0
12.933,2.1615,-0.0001,0.5003,2.1000,10.0601,0
12.950,2.1699,-0.0001,0.5002,2.1000,10.0520,0
12.967,2.1782,-0.0001,0.5002,2.1000,10.0438,0
12.983,2.1865,-0.0001,0.5001,2.1000,10.0357,0
13.000,2.1949,-0.0001,0.5000,2.1000,10.0275,0
13.017,2.2032,-0.0001,0.5000,2.1000,10.0194,0
13.033,2.2115,-0.0001,0.4999,2.1000,10.0112,0
13.050,2.2199,-0.0001,0.4999,2.1000,10.0031,0
13.067,2.2282,-0.0001,0.4998,2.1000,9.9949,0
13.083,2.2365,-0.0001,0.4997,2.1000,9.9868,0
13.100,2.2448,-0.0001,0.4998,2.1000,9.9786,0
13.117,2.2532,-0.0001,0.4997,2.1000,9.9705,0
13.133,2.2615,-0.0001,0.4997,2.1000,9.9624,0
13.150,2.2698,-0.0001,0.4996,2.1000,9.9542,0
13.167,2.2782,-0.0001,0.4997,2.1000,9.9461,0
13.183,2.2865,-0.0000,0.4996,2.1000,9.9379,0
13.200,2.2948,-0.0000,0.4996,2.1000,9.9298,0
13.217,2.3031,-0.0000,0.4997,2.1000,9.9217,0
13.233,2.3115,-0.0000,0.4998,2.1000,9.9135,0
13.250,2.3198,-0.0000,0.4999,2.1000,9.9054,0
13.267,2.3281,-0.0000,0.4999,2.1000,9.8972,0
13.283,2.3365,-0.0000,0.5000,2.1000,9.8891,0
13.300,2.3448,-0.0000,0.5001,2.1000,9.8809,0
13.317,2.3531,-0.0000,0.5001,2.1000,9.8728,0
13.333,2.3615,-0.0000,0.5002,2.1000,9.8647,0
13.350,2.3698,-0.0000,0.5003,2.1000,9.8565,0
13.367,2.3781,-0.0000,0.5004,2.1000,9.8484,0
13.383,2.3865,-0.0000,0.5005,2.1000,9.8402,0
13.400,2.3948,-0.0000,0.5006,2.1000,9.8321,0
13.417,2.4032,-0.0000,0.5006,2.1000,9.8239,0
13.433,2.4115,-0.0000,0.5007,2.1000,9.8158,0
13.450,2.4199,-0.0000,0.5007,2.1000,9.8076,0
13.467,2.4282,-0.0000,0.5008,2.1000,9.7994,0
13.483,2.4366,-0.0000,0.5008,2.1000,9.7913,0
13.500,2.4449,-0.0000,0.5008,2.1000,9.7831,0
13.517,2.4532,0.0000,0.5006,2.1000,9.7750,0
13.533,2.4616,0.0000,0.5006,2.1000,9.7668,0
13.550,2.4699,0.0000,0.5008,2.1000,9.7587,0
13.567,2.4783,0.0000,0.5008,2.1000,9.7505,0
13.583,2.4866,0.0000,0.5010,2.1000,9.7424,0
13.600,2.4950,0.0000,0.5008,2.1000,9.7342,0
13.617,2.5033,0.0000,0.5008,2.1000,9.7261,0
13.633,2.5117,0.0000,0.5008,2.1000,9.7179,0
13.650,2.5200,0.0000,0.5007,2.1000,9.7098,0
13.667,2.5284,0.0001,0.5007,2.1000,9.7016,0
13.683,2.5367,0.0001,0.5006,2.1000,9.6935,0
13.700,2.5450,0.0001,0.5005,2.1000,9.6853,0
13.717,2.5534,0.0001,0.5005,2.1000,9.6772,0
13.733,2.5617,0.0001,0.5004,2.1000,9.6690,0
13.750,2.5701,0.0001,0.5003,2.1000,9.6609,0
13.767,2.5784,0.0001,0.5002,2.1000,9.6528,0
13.783,2.5867,0.0001,0.5001,2.1000,9.6446,0
13.800,2.5951,0.0002,0.5001,2.1000,9.6365,0
13.817,2.6034,0.0002,0.5000,2.1000,9.6284,0
13.833,2.6117,0.0002,0.5000,2.1000,9.6202,0
13.850,2.6201,0.0002,0.4999,2.1000,9.6121,0
13.867,2.6284,0.0002,0.4999,2.1000,9.6040,0
13.883,2.6367,0.0002,0.4998,2.1000,9.5958,0
13.900,2.6451,0.0003,0.4997,2.1000,9.5877,0
13.917,2.6534,0.0003,0.4997,2.1000,9.5796,0
13.933,2.6617,0.0003,0.4996,2.1000,9.5714,0
13.950,2.6700,0.0003,0.4997,2.1000,9.5633,0
13.967,2.6784,0.0003,0.4996,2.1000,9.5552,0
13.983,2.6867,0.0004,0.4996,2.1000,9.5470,0
14.000,2.6950,0.0004,0.4997,2.1000,9.5389,0
14.017,2.7034,0.0004,0.4997,2.1000,9.5308,0
14.033,2.7117,0.0004,0.4996,2.1000,9.5227,0
14.050,2.7200,0.0005,0.4996,2.1000,9.5145,0
14.067,2.7283,0.0005,0.4998,2.1000,9.5064,0
14.083,2.7367,0.0005,0.4999,2.1000,9.4983,0
14.100,2.7450,0.0005,0.5000,2.1000,9.4901,0
14.117,2.7533,0.0005,0.5001,2.1000,9.4820,0
14.133,2.7617,0.0006,0.5002,2.1000,9.4739,0
14.150,2.7700,0.0006,0.5002,2.1000,9.4657,0
14.167,2.7784,0.0006,0.5004,2.1000,9.4576,0
14.183,2.7867,0.0006,0.5004,2.1000,9.4495,0
14.200,2.7950,0.0007,0.5002,2.1000,9.4413,0
14.217,2.8034,0.0007,0.4997,2.1000,9.4332,0
14.233,2.8117,0.0007,0.5000,2.1000,9.4251,0
14.250,2.8200,0.0007,0.5005,2.1000,9.4169,0
14.267,2.8284,0.0007,0.5007,2.1000,9.4088,0
14.283,2.8367,0.0008,0.5007,2.1000,9.4007,0
14.300,2.8451,0.0008,0.5008,2.1000,9.3925,0
14.317,2.8534,0.0008,0.5008,2.1000,9.3844,0
14.333,2.8618,0.0008,0.5008,2.1000,9.3762,0
14.350,2.8701,0.0009,0.5009,2.1000,9.3681,0
14.367,2.8785,0.0009,0.5009,2.1000,9.3600,0
14.383,2.8868,0.0009,0.5009,2.1000,9.3518,0
14.400,2.8952,0.0009,0.5009,2.1000,9.3437,0
14.417,2.9035,0.0010,0.5009,2.1000,9.3355,0
14.433,2.9118,0.0010,0.5008,2.1000,9.3274,0
14.450,2.9202,0.0010,0.5008,2.1000,9.3193,0
14.467,2.9285,0.0010,0.5007,2.1000,9.3111,0
14.483,2.9369,0.0011,0.5005,2.1000,9.3030,0
14.500,2.9452,0.0011,0.5005,2.1000,9.2949,0
14.517,2.9536,0.0011,0.5005,2.1000,9.2867,0
14.533,2.9619,0.0012,0.5004,2.1000,9.2786,0
14.550,2.9702,0.0012,0.5004,2.1000,9.2705,0
14.567,2.9786,0.0012,0.5003,2.1000,9.2623,0
14.583,2.9869,0.0013,0.5002,2.1000,9.2542,0
14.600,2.9953,0.0013,0.5002,2.1000,9.2461,0
14.617,3.0036,0.0013,0.5001,2.1000,9.2380,0
14.633,3.0119,0.0014,0.5000,2.1000,9.2298,0
14.650,3.0203,0.0014,0.5000,2.1000,9.2217,0
14.667,3.0286,0.0015,0.4999,2.1000,9.2136,0
14.683,3.0369,0.0015,0.4998,2.1000,9.2055,0
14.700,3.0452,0.0015,0.4999,2.1000,9.1973,0
14.717,3.0536,0.0016,0.4998,2.1000,9.1892,0
14.733,3.0619,0.0016,0.4997,2.1000,9.1811,0
14.750,3.0702,0.0017,0.4997,2.1000,9.1730,0
14.767,3.0786,0.0017,0.4997,2.1000,9.1649,0
14.783,3.0869,0.0018,0.4996,2.1000,9.1568,0
14.800,3.0952,0.0018,0.4996,2.1000,9.1486,0
14.817,3.1035,0.0018,0.4997,2.1000,9.1405,0
14.833,3.1119,0.0019,0.4997,2.1000,9.1324,0
14.850,3.1202,0.0019,0.4998,2.1000,9.1243,0
14.867,3.1285,0.0020,0.4998,2.1000,9.1162,0
14.883,3.1369,0.0020,0.4999,2.1000,9.1081,0
14.900,3.1452,0.0021,0.5000,2.1000,9.0999,0
14.917,3.1535,0.0021,0.4998,2.1000,9.0918,0
14.933,3.1619,0.0022,0.5000,2.1000,9.0837,0
14.950,3.1702,0.0022,0.5001,2.1000,9.0756,0
14.967,3.1785,0.0023,0.5003,2.1000,9.0675,0
14.983,3.1869,0.0023,0.5004,2.1000,9.0593,0
15.000,3.1952,0.0024,0.5005,2.1000,9.0512,0
15.017,3.2036,0.0024,0.5005,2.1000,9.0431,0
15.033,3.2119,0.0024,0.5006,2.1000,9.0350,0
15.050,3.2202,0.0025,0.5006,2.1000,9.0268,0
15.067,3.2286,0.0025,0.5007,2.1000,9.0187,0
15.083,3.2369,0.0026,0.5008,2.1000,9.0106,0
15.100,3.2453,0.0026,0.5008,2.1000,9.0024,0
15.117,3.2536,0.0027,0.5008,2.1000,8.9943,0
15.133,3.2620,0.0027,0.5008,2.1000,8.9862,0
15.150,3.2703,0.0028,0.5008,2.1000,8.9781,0
15.167,3.2787,0.0028,0.5009,2.1000,8.9699,0
15.183,3.2870,0.0029,0.5009,2.1000,8.9618,0
15.200,3.2954,0.0029,0.5007,2.1000,8.9537,0
15.217,3.3037,0.0030,0.5008,2.1000,8.9456,0
15.233,3.3121,0.0031,0.5008,2.1000,8.9374,0
15.250,3.3204,0.0031,0.5008,2.1000,8.9293,0
15.267,3.3287,0.0032,0.5007,2.1000,8.9212,0
15.283,3.3371,0.0032,0.5007,2.1000,8.9130,0
15.300,3.3454,0.0033,0.5007,2.1000,8.9049,0
15.317,3.3538,0.0033,0.5005,2.1000,8.8968,0
15.333,3.3621,0.0034,0.5005,2.1000,8.8887,0
15.350,3.3705,0.0035,0.5005,2.1000,8.8806,0
15.367,3.3788,0.0035,0.5003,2.1000,8.8724,0
15.383,3.3871,0.0036,0.5003,2.1000,8.8643,0
15.400,3.3955,0.0037,0.5002,2.1000,8.8562,0
15.417,3.4038,0.0037,0.5001,2.1000,8.8481,0
15.433,3.4121,0.0038,0.5000,2.1000,8.8400,0
15.450,3.4205,0.0039,0.5000,2.1000,8.8319,0
15.467,3.4288,0.0039,0.5000,2.1000,8.8238,0
15.483,3.4371,0.0040,0.4998,2.1000,8.8157,0
15.500,3.4455,0.0041,0.4998,2.1000,8.8075,0
15.517,3.4538,0.0041,0.4998,2.1000,8.7994,0
15.533,3.4621,0.0042,0.4997,2.1000,8.7913,0
15.550,3.4705,0.0043,0.4997,2.1000,8.7832,0
15.567,3.4788,0.0044,0.4997,2.1000,8.7751,0
15.583,3.4871,0.0045,0.4996,2.1000,8.7670,0
15.600,3.4954,0.0045,0.4997,2.1000,8.7589,0
15.617,3.5038,0.0046,0.4997,2.1000,8.7508,0
15.633,3.5121,0.0047,0.4997,2.1000,8.7427,0
15.650,3.5204,0.0048,0.4997,2.1000,8.7346,0
15.667,3.5287,0.0048,0.4998,2.1000,8.7265,0
15.683,3.5371,0.0049,0.4998,2.1000,8.7184,0
15.700,3.5454,0.0050,0.4998,2.1000,8.7103,0
15.717,3.5537,0.0051,0.4999,2.1000,8.7022,0
15.733,3.5621,0.0052,0.5000,2.1000,8.6941,0
15.750,3.5704,0.0052,0.5001,2.1000,8.6860,0
15.767,3.5787,0.0053,0.5002,2.1000,8.6779,0
15.783,3.5871,0.0054,0.5003,2.1000,8.6698,0
15.800,3.5954,0.0055,0.5003,2.1000,8.6616,0
15.817,3.6038,0.0056,0.5005,2.1000,8.6535,0
15.833,3.6121,0.0056,0.5005,2.1000,8.6454,0
15.850,3.6204,0.0057,0.5005,2.1000,8.6373,0
15.867,3.6288,0.0058,0.5007,2.1000,8.6292,0
15.883,3.6371,0.0059,0.5007,2.1000,8.6211,0
15.900,3.6455,0.0060,0.5007,2.1000,8.6130,0
15.917,3.6538,0.0060,0.5007,2.1000,8.6049,0
15.933,3.6622,0.0061,0.5008,2.1000,8.5967,0
15.950,3.6705,0.0062,0.5008,2.1000,8.5886,0
15.967,3.6789,0.0063,0.5008,2.1000,8.5805,0
15.983,3.6872,0.0064,0.5009,2.1000,8.5724,0
16.000,3.6956,0.0065,0.5009,2.1000,8.5643,0
16.017,3.7039,0.0065,0.5009,2.1000,8.5562,0
16.033,3.7122,0.0066,0.5009,2.1000,8.5480,0
16.050,3.7206,0.0067,0.5009,2.1000,8.5399,0
16.067,3.7289,0.0068,0.5008,2.1000,8.5318,0
16.083,3.7373,0.0069,0.5007,2.1000,8.5237,0
16.100,3.7456,0.0070,0.5005,2.1000,8.5156,0
16.117,3.7540,0.0071,0.5005,2.1000,8.5075,0
16.133,3.7623,0.0072,0.5005,2.1000,8.4994,0
16.150,3.7707,0.0073,0.5005,2.1000,8.4913,0
16.167,3.7790,0.0074,0.5004,2.1000,8.4832,0
16.183,3.7873,0.0075,0.5003,2.1000,8.4751,0
16.200,3.7957,0.0075,0.5003,2.1000,8.4670,0
16.217,3.8040,0.0076,0.5002,2.1000,8.4589,0
16.233,3.8123,0.0077,0.5001,2.1000,8.4508,0
16.250,3.8207,0.0078,0.5001,2.1000,8.4427,0
16.267,3.8290,0.0079,0.5000,2.1000,8.4346,0
16.283,3.8373,0.0080,0.5000,2.1000,8.4265,0
16.300,3.8457,0.0081,0.4999,2.1000,8.4184,0
16.317,3.8540,0.0083,0.4998,2.1000,8.4103,0
16.333,3.8623,0.0084,0.4999,2.1000,8.4022,0
16.350,3.8707,0.0085,0.4998,2.1000,8.3941,0
16.367,3.8790,0.0086,0.4998,2.1000,8.3860,0
16.383,3.8873,0.0087,0.4996,2.1000,8.3779,0
16.400,3.8956,0.0088,0.4995,2.1000,8.3698,0
16.417,3.9040,0.0089,0.4997,2.1000,8.3617,0
16.433,3.9123,0.0090,0.4996,2.1000,8.3536,0
16.450,3.9206,0.0091,0.4996,2.1000,8.3456,0
16.467,3.9289,0.0092,0.4998,2.1000,8.3375,0
16.483,3.9373,0.0093,0.4998,2.1000,8.3294,0
16.500,3.9456,0.0094,0.4998,2.1000,8.3213,0
16.517,3.9539,0.0095,0.4998,2.1000,8.3132,0
16.533,3.9623,0.0096,0.5000,2.1000,8.3051,0
16.550,3.9706,0.0097,0.5000,2.1000,8.2970,0
16.567,3.9789,0.0098,0.5001,2.1000,8.2889,0
16.583,3.9873,0.0100,0.5001,2.1000,8.2808,0
16.600,3.9956,0.0101,0.5002,2.1000,8.2727,0
16.617,4.0039,0.0102,0.5003,2.1000,8.2646,0
16.633,4.0123,0.0103,0.5004,2.1000,8.2565,0
16.650,4.0206,0.0104,0.5005,2.1000,8.2485,0
16.667,4.0290,0.0105,0.5006,2.1000,8.2404,0
16.683,4.0373,0.0106,0.5006,2.1000,8.2323,0
16.700,4.0457,0.0107,0.5007,2.1000,8.2242,0
16.717,4.0540,0.0108,0.5007,2.1000,8.2161,0
16.733,4.0623,0.0109,0.5007,2.1000,8.2080,0
16.750,4.0707,0.0110,0.5008,2.1000,8.1999,0
16.767,4.0790,0.0111,0.5008,2.1000,8.1918,0
16.783,4.0874,0.0112,0.5008,2.1000,8.1837,0
16.800,4.0957,0.0113,0.5009,2.1000,8.1756,0
16.817,4.1041,0.0114,0.5009,2.1000,8.1675,0
16.833,4.1124,0.0115,0.5009,2.1000,8.1594,0
16.850,4.1208,0.0116,0.5009,2.1000,8.1513,0
16.867,4.1291,0.0117,0.5008,2.1000,8.1432,0
16.883,4.1375,0.0119,0.5007,2.1000,8.1351,0
16.900,4.1458,0.0120,0.5008,2.1000,8.1270,0
16.917,4.1542,0.0121,0.5007,2.1000,8.1189,0
16.933,4.1625,0.0122,0.5007,2.1000,8.1108,0
16.950,4.1708,0.0123,0.5006,2.1000,8.1027,0
16.967,4.1792,0.0124,0.5005,2.1000,8.0946,0
16.983,4.1875,0.0125,0.5005,2.1000,8.0866,0
17.000,4.1959,0.0126,0.5004,2.1000,8.0785,0
17.017,4.2042,0.0127,0.5003,2.1000,8.0704,0
17.033,4.2125,0.0128,0.5002,2.1000,8.0623,0
17.050,4.2209,0.0130,0.5001,2.1000,8.0542,0
17.067,4.2292,0.0131,0.5001,2.1000,8.0462,0
17.083,4.2375,0.0132,0.4999,2.1000,8.0381,0
17.100,4.2459,0.0133,0.5000,2.1000,8.0300,0
17.117,4.2542,0.0134,0.4999,2.1000,8.0219,0
17.133,4.2625,0.0135,0.4998,2.1000,8.0139,0
17.150,4.2709,0.0137,0.4997,2.1000,8.0058,0
17.167,4.2792,0.0138,0.4996,2.1000,7.9977,0
17.183,4.2875,0.0139,0.4995,2.1000,7.9896,0
17.200,4.2958,0.0140,0.4996,2.1000,7.9816,0
17.217,4.3042,0.0141,0.4996,2.1000,7.9735,0
17.233,4.3125,0.0143,0.4996,2.1000,7.9654,0
17.250,4.3208,0.0144,0.4996,2.1000,7.9574,0
17.267,4.3291,0.0145,0.4997,2.1000,7.9493,0
17.283,4.3375,0.0146,0.4997,2.1000,7.9412,0
17.300,4.3458,0.0147,0.4998,2.1000,7.9332,0
17.317,4.3541,0.0148,0.4999,2.1000,7.9251,0
17.333,4.3625,0.0150,0.4999,2.1000,7.9170,0
17.350,4.3708,0.0151,0.5000,2.1000,7.9090,0
17.367,4.3791,0.0152,0.5000,2.1000,7.9009,0
17.383,4.3875,0.0153,0.5002,2.1000,7.8928,0
17.400,4.3958,0.0154,0.5002,2.1000,7.8848,0
17.417,4.4041,0.0155,0.5002,2.1000,7.8767,0
17.433,4.4125,0.0156,0.5003,2.1000,7.8686,0
17.450,4.4208,0.0158,0.5004,2.1000,7.8606,0
17.467,4.4291,0.0159,0.5005,2.1000,7.8525,0
17.483,4.4375,0.0160,0.5005,2.1000,7.8444,0
17.500,4.4458,0.0161,0.5006,2.1000,7.8363,0
17.517,4.4542,0.0162,0.5006,2.1000,7.8283,0
17.533,4.4625,0.0163,0.5007,2.1000,7.8202,0
17.550,4.4709,0.0164,0.5008,2.1000,7.8121,0
17.567,4.4792,0.0165,0.5008,2.1000,7.8041,0
17.583,4.4875,0.0166,0.5008,2.1000,7.7960,0
17.600,4.4959,0.0167,0.5008,2.1000,7.7879,0
17.617,4.5042,0.0168,0.5008,2.1000,7.7798,0
17.633,4.5126,0.0169,0.5009,2.1000,7.7718,0
17.650,4.5209,0.0171,0.5009,2.1000,7.7637,0
17.667,4.5293,0.0172,0.5009,2.1000,7.7556,0
17.683,4.5376,0.0173,0.5009,2.1000,7.7476,0
17.700,4.5460,0.0174,0.5007,2.1000,7.7395,0
17.717,4.5543,0.0175,0.5007,2.1000,7.7314,0
17.733,4.5627,0.0176,0.5006,2.1000,7.7234,0
17.750,4.5710,0.0177,0.5006,2.1000,7.7153,0
17.767,4.5793,0.0178,0.5005,2.1000,7.7072,0
17.783,4.5877,0.0179,0.5005,2.1000,7.6992,0
17.800,4.5960,0.0180,0.5004,2.1000,7.6911,0
17.817,4.6044,0.0181,0.5003,2.1000,7.6831,0
17.833,4.6127,0.0182,0.5003,2.1000,7.6750,0
17.850,4.6210,0.0183,0.5001,2.1000,7.6670,0
17.867,4.6294,0.0184,0.5001,2.1000,7.6589,0
17.883,4.6377,0.0186,0.5000,2.1000,7.6509,0
17.900,4.6460,0.0187,0.4999,2.1000,7.6428,0
17.917,4.6544,0.0188,0.4999,2.1000,7.6348,0
17.933,4.6627,0.0189,0.4999,2.1000,7.6267,0
17.950,4.6710,0.0190,0.4998,2.1000,7.6187,0
17.967,4.6794,0.0191,0.4997,2.1000,7.6107,0
17.983,4.6877,0.0192,0.4997,2.1000,7.6026,0
18.000,4.6960,0.0193,0.4997,2.1000,7.5946,0
18.017,4.7043,0.0194,0.4997,2.1000,7.5865,0
18.033,4.7127,0.0195,0.4995,2.1000,7.5785,0
18.050,4.7210,0.0196,0.4995,2.1000,7.5705,0
18.067,4.7293,0.0197,0.4996,2.1000,7.5624,0
18.083,4.7376,0.0198,0.4996,2.1000,7.5544,0
18.100,4.7460,0.0200,0.4997,2.1000,7.5464,0
18.117,4.7543,0.0201,0.4997,2.1000,7.5383,0
18.133,4.7626,0.0202,0.4996,2.1000,7.5303,0
18.150,4.7709,0.0203,0.4997,2.1000,7.5223,0
18.167,4.7793,0.0204,0.4999,2.1000,7.5142,0
18.183,4.7876,0.0205,0.5000,2.1000,7.5062,0
18.200,4.7959,0.0206,0.5001,2.1000,7.4982,0
18.217,4.8043,0.0207,0.5000,2.1000,7.4901,0
18.233,4.8126,0.0208,0.5000,2.1000,7.4821,0
18.250,4.8209,0.0209,0.5002,2.1000,7.4741,0
18.267,4.8293,0.0210,0.5003,2.1000,7.4660,0
18.283,4.8376,0.0211,0.5005,2.1000,7.4580,0
18.300,4.8460,0.0212,0.5005,2.1000,7.4499,0
18.317,4.8543,0.0213,0.5006,2.1000,7.4419,0
18.333,4.8627,0.0214,0.5007,2.1000,7.4339,0
18.350,4.8710,0.0215,0.5007,2.1000,7.4258,0
18.367,4.8793,0.0216,0.5007,2.1000,7.4178,0
18.383,4.8877,0.0217,0.5008,2.1000,7.4098,0
18.400,4.8960,0.0218,0.5008,2.1000,7.4017,0
18.417,4.9044,0.0219,0.5008,2.1000,7.3937,0
18.433,4.9127,0.0220,0.5009,2.1000,7.3856,0
18.450,4.9211,0.0221,0.5009,2.1000,7.3776,0
18.467,4.9294,0.0222,0.5007,2.1000,7.3696,0
18.483,4.9378,0.0222,0.5009,2.1000,7.3615,0
18.500,4.9461,0.0223,0.5008,2.1000,7.3535,0
18.517,4.9545,0.0224,0.5007,2.1000,7.3455,0
18.533,4.9628,0.0225,0.5008,2.1000,7.3374,0
18.550,4.9711,0.0226,0.5007,2.1000,7.3294,0
18.567,4.9795,0.0227,0.5006,2.1000,7.3214,0
18.583,4.9878,0.0228,0.5005,2.1000,7.3134,0
18.600,4.9962,0.0229,0.5004,2.1000,7.3053,0
18.617,5.0045,0.0230,0.5003,2.1000,7.2973,0
18.633,5.0129,0.0231,0.5004,2.1000,7.2893,0
18.650,5.0212,0.0232,0.5002,2.1000,7.2813,0
18.667,5.0295,0.0233,0.5002,2.1000,7.2733,0
18.683,5.0379,0.0234,0.5001,2.1000,7.2652,0
18.700,5.0462,0.0235,0.5000,2.1000,7.2572,0
18.717,5.0545,0.0236,0.4999,2.1000,7.2492,0
18.733,5.0629,0.0237,0.4999,2.1000,7.2412,0
18.750,5.0712,0.0238,0.4998,2.1000,7.2332,0
18.767,5.0795,0.0239,0.4999,2.1000,7.2252,0
18.783,5.0878,0.0240,0.4997,2.1000,7.2172,0
18.800,5.0962,0.0241,0.4997,2.1000,7.2092,0
18.817,5.1045,0.0241,0.4997,2.1000,7.2012,0
18.833,5.1128,0.0242,0.4997,2.1000,7.1932,0
18.850,5.1211,0.0243,0.4996,2.1000,7.1852,0
18.867,5.1295,0.0244,0.4997,2.1000,7.1772,0
18.883,5.1378,0.0245,0.4997,2.1000,7.1692,0
18.900,5.1461,0.0246,0.4996,2.1000,7.1612,0
18.917,5.1545,0.0247,0.4996,2.1000,7.1532,0
18.933,5.1628,0.0248,0.4998,2.1000,7.1452,0
18.950,5.1711,0.0249,0.4998,2.1000,7.1372,0
18.967,5.1794,0.0250,0.4998,2.1000,7.1292,0
18.983,5.1878,0.0251,0.5000,2.1000,7.1212,0
19.000,5.1961,0.0251,0.4999,2.1000,7.1132,0
19.017,5.2044,0.0252,0.4998,2.1000,7.1052,0
19.033,5.2128,0.0253,0.4999,2.1000,7.0972,0
19.050,5.2211,0.0254,0.5002,2.1000,7.0892,0
19.067,5.2294,0.0255,0.5003,2.1000,7.0812,0
19.083,5.2378,0.0256,0.5004,2.1000,7.0733,0
19.100,5.2461,0.0256,0.5004,2.1000,7.0653,0
19.117,5.2545,0.0257,0.5006,2.1000,7.0573,0
19.133,5.2628,0.0258,0.5006,2.1000,7.0493,0
19.150,5.2712,0.0259,0.5005,2.1000,7.0413,0
19.167,5.2795,0.0259,0.5005,2.1000,7.0333,0
19.183,5.2878,0.0260,0.5007,2.1000,7.0253,0
19.200,5.2962,0.0261,0.5008,2.1000,7.0173,0
19.217,5.3045,0.0262,0.5008,2.1000,7.0093,0
19.233,5.3129,0.0262,0.5008,2.1000,7.0013,0
19.250,5.3212,0.0263,0.5008,2.1000,6.9933,0
19.267,5.3296,0.0264,0.5009,2.1000,6.9853,0
19.283,5.3379,0.0265,0.5008,2.1000,6.9773,0
19.300,5.3463,0.0265,0.5008,2.1000,6.9693,0
19.317,5.3546,0.0266,0.5008,2.1000,6.9613,0
19.333,5.3630,0.0267,0.5008,2.1000,6.9533,0
19.350,5.3713,0.0267,0.5007,2.1000,6.9454,0
19.367,5.3796,0.0268,0.5007,2.1000,6.9374,0
19.383,5.3880,0.0269,0.5006,2.1000,6.9294,0
19.400,5.3963,0.0269,0.5005,2.1000,6.9214,0
19.417,5.4047,0.0270,0.5005,2.1000,6.9134,0
19.433,5.4130,0.0271,0.5003,2.1000,6.9055,0
19.450,5.4213,0.0272,0.5003,2.1000,6.8975,0
19.467,5.4297,0.0272,0.5002,2.1000,6.8895,0
19.483,5.4380,0.0273,0.5001,2.1000,6.8815,0
19.500,5.4464,0.0274,0.5001,2.1000,6.8736,0
19.517,5.4547,0.0274,0.4998,2.1000,6.8656,0
19.533,5.4630,0.0275,0.4998,2.1000,6.8577,0
19.550,5.4713,0.0276,0.4998,2.1000,6.8497,0
19.567,5.4797,0.0277,0.4998,2.1000,6.8417,0
19.583,5.4880,0.0277,0.4998,2.1000,6.8338,0
19.600,5.4963,0.0278,0.4997,2.1000,6.8258,0
19.617,5.5047,0.0279,0.4997,2.1000,6.8179,0
19.633,5.5130,0.0279,0.4989,2.1000,6.8099,0
19.650,5.5213,0.0280,0.4989,2.1000,6.8020,0
19.667,5.5296,0.0281,0.4995,2.1000,6.7940,0
19.683,5.5379,0.0281,0.4995,2.1000,6.7861,0
19.700,5.5463,0.0282,0.4997,2.1000,6.7781,0
19.717,5.5546,0.0282,0.4997,2.1000,6.7702,0
19.733,5.5629,0.0283,0.4997,2.1000,6.7622,0
19.750,5.5712,0.0284,0.4998,2.1000,6.7543,0
19.767,5.5796,0.0284,0.4998,2.1000,6.7464,0
19.783,5.5879,0.0285,0.4998,2.1000,6.7384,0
19.800,5.5962,0.0285,0.4999,2.1000,6.7305,0
19.817,5.6046,0.0286,0.5000,2.1000,6.7225,0
19.833,5.6129,0.0286,0.5000,2.1000,6.7146,0
19.850,5.6212,0.0287,0.5002,2.1000,6.7066,0
19.867,5.6296,0.0287,0.5002,2.1000,6.6987,0
19.883,5.6379,0.0288,0.5003,2.1000,6.6907,0
19.900,5.6463,0.0288,0.5004,2.1000,6.6828,0
19.917,5.6546,0.0289,0.5005,2.1000,6.6749,0
19.933,5.6629,0.0289,0.5005,2.1000,6.6669,0
19.950,5.6713,0.0290,0.5006,2.1000,6.6590,0
19.967,5.6796,0.0290,0.5006,2.1000,6.6510,0
19.983,5.6880,0.0290,0.5007,2.1000,6.6431,0
20.000,5.6963,0.0291,0.5007,2.1000,6.6351,0
20.017,5.7047,0.0291,0.5007,2.1000,6.6272,0
20.033,5.7130,0.0292,0.5007,2.1000,6.6193,0
20.050,5.7214,0.0292,0.5008,2.1000,6.6113,0
20.067,5.7297,0.0292,0.5008,2.1000,6.6034,0
20.083,5.7380,0.0293,0.5008,2.1000,6.5955,0
20.100,5.7464,0.0293,0.5008,2.1000,6.5875,0
20.117,5.7547,0.0293,0.5007,2.1000,6.5796,0
20.133,5.7631,0.0294,0.5008,2.1000,6.5717,0
20.150,5.7714,0.0294,0.5008,2.1000,6.5637,0
20.167,5.7798,0.0294,0.5007,2.1000,6.5558,0
20.183,5.7881,0.0295,0.5007,2.1000,6.5479,0
20.200,5.7965,0.0295,0.5006,2.1000,6.5399,0
20.217,5.8048,0.0295,0.5005,2.1000,6.5320,0
20.233,5.8131,0.0295,0.5005,2.1000,6.5241,0
20.250,5.8215,0.0296,0.5004,2.1000,6.5162,0
20.267,5.8298,0.0296,0.5003,2.1000,6.5083,0
20.283,5.8382,0.0296,0.5002,2.1000,6.5004,0
20.300,5.8465,0.0296,0.5001,2.1000,6.4925,0
20.317,5.8548,0.0297,0.5001,2.1000,6.4846,0
20.333,5.8632,0.0297,0.4999,2.1000,6.4766,0
20.350,5.8715,0.0297,0.5000,2.1000,6.4687,0
20.367,5.8798,0.0297,0.4999,2.1000,6.4608,0
20.383,5.8882,0.0298,0.4998,2.1000,6.4529,0
20.400,5.8965,0.0298,0.4998,2.1000,6.4451,0
20.417,5.9048,0.0298,0.4997,2.1000,6.4372,0
20.433,5.9131,0.0298,0.4997,2.1000,6.4293,0
20.450,5.9215,0.0298,0.4997,2.1000,6.4214,0
20.467,5.9298,0.0298,0.4997,2.1000,6.4135,0
20.483,5.9381,0.0299,0.4996,2.1000,6.4056,0
20.500,5.9465,0.0299,0.4996,2.1000,6.3977,0
20.517,5.9548,0.0299,0.4996,2.1000,6.3898,0
20.533,5.9631,0.0299,0.4997,2.1000,6.3820,0
20.550,5.9714,0.0299,0.4997,2.1000,6.3741,0
20.567,5.9798,0.0299,0.4998,2.1000,6.3662,0
20.583,5.9881,0.0299,0.4994,2.1000,6.3583,0
20.600,5.9964,0.0299,0.4995,2.1000,6.3505,0
20.617,6.0047,0.0299,0.4998,2.1000,6.3426,0
20.633,6.0131,0.0299,0.5000,2.1000,6.3347,0
20.650,6.0214,0.0299,0.5000,2.1000,6.3268,0
20.667,6.0297,0.0299,0.5001,2.1000,6.3190,0
20.683,6.0381,0.0299,0.5002,2.1000,6.3111,0
20.700,6.0464,0.0299,0.5003,2.1000,6.3032,0
20.717,6.0548,0.0299,0.5004,2.1000,6.2953,0
20.733,6.0631,0.0299,0.5005,2.1000,6.2875,0
20.750,6.0714,0.0298,0.5005,2.1000,6.2796,0
20.767,6.0798,0.0298,0.5005,2.1000,6.2717,0
20.783,6.0881,0.0298,0.5007,2.1000,6.2639,0
20.800,6.0965,0.0298,0.5007,2.1000,6.2560,0
20.817,6.1048,0.0298,0.5007,2.1000,6.2481,0
20.833,6.1132,0.0298,0.5008,2.1000,6.2402,0
20.850,6.1215,0.0298,0.5008,2.1000,6.2324,0
20.867,6.1299,0.0297,0.5008,2.1000,6.2245,0
20.883,6.1382,0.0297,0.5009,2.1000,6.2166,0
20.900,6.1466,0.0297,0.5009,2.1000,6.2088,0
20.917,6.1549,0.0297,0.5008,2.1000,6.2009,0
20.933,6.1633,0.0296,0.5009,2.1000,6.1931,0
20.950,6.1716,0.0296,0.5007,2.1000,6.1852,0
20.967,6.1799,0.0296,0.5008,2.1000,6.1773,0
20.983,6.1883,0.0296,0.5007,2.1000,6.1695,0
21.000,6.1966,0.0295,0.5006,2.1000,6.1616,0
21.017,6.2050,0.0295,0.5006,2.1000,6.1538,0
21.033,6.2133,0.0295,0.5002,2.1000,6.1460,0
21.050,6.2216,0.0295,0.5001,2.1000,6.1381,0
21.067,6.2300,0.0294,0.5003,2.1000,6.1303,0
21.083,6.2383,0.0294,0.5003,2.1000,6.1224,0
21.100,6.2467,0.0294,0.5002,2.1000,6.1146,0
21.117,6.2550,0.0294,0.5001,2.1000,6.1068,0
21.133,6.2633,0.0293,0.5001,2.1000,6.0989,0
21.150,6.2717,0.0293,0.5000,2.1000,6.0911,0
21.167,6.2800,0.0293,0.4999,2.1000,6.0833,0
21.183,6.2883,0.0292,0.4999,2.1000,6.0755,0
21.200,6.2967,0.0292,0.4999,2.1000,6.0676,0
21.217,6.3050,0.0292,0.4997,2.1000,6.0598,0
21.233,6.3133,0.0291,0.4997,2.1000,6.0520,0
21.250,6.3216,0.0291,0.4997,2.1000,6.0442,0
21.267,6.3300,0.0291,0.4997,2.1000,6.0364,0
21.283,6.3383,0.0290,0.4996,2.1000,6.0286,0
21.300,6.3466,0.0290,0.4996,2.1000,6.0208,0
21.317,6.3549,0.0289,0.4996,2.1000,6.0130,0
21.333,6.3633,0.0289,0.4996,2.1000,6.0052,0
21.350,6.3716,0.0289,0.4997,2.1000,5.9974,0
21.367,6.3799,0.0288,0.4997,2.1000,5.9896,0
21.383,6.3883,0.0288,0.4998,2.1000,5.9818,0
21.400,6.3966,0.0287,0.4998,2.1000,5.9740,0
21.417,6.4049,0.0287,0.4999,2.1000,5.9662,0
21.433,6.4132,0.0286,0.4996,2.1000,5.9584,0
21.450,6.4216,0.0286,0.4997,2.1000,5.9506,0
21.467,6.4299,0.0285,0.4999,2.1000,5.9428,0
21.483,6.4382,0.0285,0.5000,2.1000,5.9350,0
21.500,6.4466,0.0284,0.5002,2.1000,5.9272,0
21.517,6.4549,0.0283,0.5002,2.1000,5.9194,0
21.533,6.4632,0.0283,0.5003,2.1000,5.9117,0
21.550,6.4716,0.0282,0.5005,2.1000,5.9039,0
21.567,6.4799,0.0281,0.5006,2.1000,5.8961,0
21.583,6.4883,0.0281,0.5005,2.1000,5.8883,0
21.600,6.4966,0.0280,0.5006,2.1000,5.8805,0
21.617,6.5050,0.0280,0.5006,2.1000,5.8727,0
21.633,6.5133,0.0279,0.5007,2.1000,5.8649,0
21.650,6.5216,0.0278,0.5008,2.1000,5.8572,0
21.667,6.5300,0.0277,0.5008,2.1000,5.8494,0
21.683,6.5383,0.0277,0.5008,2.1000,5.8416,0
21.700,6.5467,0.0276,0.5008,2.1000,5.8338,0
21.717,6.5550,0.0275,0.5008,2.1000,5.8260,0
21.733,6.5634,0.0275,0.5008,2.1000,5.8183,0
21.750,6.5717,0.0274,0.5008,2.1000,5.8105,0
21.767,6.5801,0.0273,0.5007,2.1000,5.8027,0
21.783,6.5884,0.0272,0.5008,2.1000,5.7950,0
21.800,6.5968,0.0272,0.5007,2.1000,5.7872,0
21.817,6.6051,0.0271,0.5008,2.1000,5.7794,0
21.833,6.6135,0.0270,0.5006,2.1000,5.7717,0
21.850,6.6218,0.0269,0.5005,2.1000,5.7639,0
21.867,6.6301,0.0269,0.5006,2.1000,5.7562,0
21.883,6.6385,0.0268,0.5004,2.1000,5.7484,0
21.900,6.6468,0.0267,0.5003,2.1000,5.7407,0
21.917,6.6552,0.0266,0.5003,2.1000,5.7329,0
21.933,6.6635,0.0265,0.5002,2.1000,5.7252,0
21.950,6.6718,0.0265,0.4999,2.1000,5.7174,0
21.967,6.6802,0.0264,0.5001,2.1000,5.7097,0
21.983,6.6885,0.0263,0.5000,2.1000,5.7020,0
22.000,6.6968,0.0262,0.4998,2.1000,5.6942,0
22.017,6.7051,0.0261,0.4998,2.1000,5.6865,0
22.033,6.7135,0.0261,0.4999,2.1000,5.6788,0
22.050,6.7218,0.0260,0.4998,2.1000,5.6711,0
22.067,6.7301,0.0259,0.4997,2.1000,5.6633,0
22.083,6.7385,0.0258,0.4996,2.1000,5.6556,0
22.100,6.7468,0.0257,0.4996,2.1000,5.6479,0
22.117,6.7551,0.0257,0.4998,2.1000,5.6402,0
22.133,6.7634,0.0256,0.4995,2.1000,5.6325,0
22.150,6.7718,0.0255,0.4997,2.1000,5.6248,0
22.167,6.7801,0.0254,0.4998,2.1000,5.6171,0
22.183,6.7884,0.0253,0.4996,2.1000,5.6094,0
22.200,6.7968,0.0252,0.4997,2.1000,5.6017,0
22.217,6.8051,0.0251,0.4998,2.1000,5.5940,0
22.233,6.8134,0.0250,0.4998,2.1000,5.5863,0
22.250,6.8217,0.0249,0.4998,2.1000,5.5786,0
22.267,6.8301,0.0248,0.4999,2.1000,5.5709,0
22.283,6.8384,0.0247,0.5000,2.1000,5.5632,0
22.300,6.8467,0.0246,0.5000,2.1000,5.5555,0
22.317,6.8551,0.0245,0.5001,2.1000,5.5478,0
22.333,6.8634,0.0244,0.5003,2.1000,5.5401,0
22.350,6.8718,0.0243,0.5003,2.1000,5.5324,0
22.367,6.8801,0.0242,0.5003,2.1000,5.5247,0
22.383,6.8884,0.0241,0.5005,2.1000,5.5170,0
22.400,6.8968,0.0240,0.5006,2.1000,5.5093,0
22.417,6.9051,0.0239,0.5005,2.1000,5.5016,0
22.433,6.9135,0.0238,0.5005,2.1000,5.4940,0
22.450,6.9218,0.0237,0.5001,2.1000,5.4863,0
22.467,6.9301,0.0235,0.5007,2.1000,5.4786,0
22.483,6.9385,0.0234,0.5007,2.1000,5.4709,0
22.500,6.9468,0.0233,0.5008,2.1000,5.4633,0
22.517,6.9552,0.0232,0.5009,2.1000,5.4556,0
22.533,6.9635,0.0231,0.5008,2.1000,5.4479,0
22.550,6.9719,0.0230,0.5010,2.1000,5.4402,0
22.567,6.9802,0.0228,0.5008,2.1000,5.4326,0
22.583,6.9886,0.0227,0.5010,2.1000,5.4249,0
22.600,6.9969,0.0226,0.5008,2.1000,5.4172,0
22.617,7.0052,0.0225,0.5007,2.1000,5.4096,0
22.633,7.0136,0.0224,0.5007,2.1000,5.4019,0
22.650,7.0219,0.0223,0.5006,2.1000,5.3943,0
22.667,7.0303,0.0221,0.5006,2.1000,5.3866,0
22.683,7.0386,0.0220,0.5005,2.1000,5.3790,0
22.700,7.0470,0.0219,0.5005,2.1000,5.3713,0
22.717,7.0553,0.0218,0.5004,2.1000,5.3637,0
22.733,7.0636,0.0217,0.5003,2.1000,5.3560,0
22.750,7.0720,0.0215,0.5001,2.1000,5.3484,0
22.767,7.0803,0.0214,0.5001,2.1000,5.3408,0
22.783,7.0886,0.0213,0.5001,2.1000,5.3331,0
22.800,7.0970,0.0212,0.5000,2.1000,5.3255,0
22.817,7.1053,0.0211,0.5000,2.1000,5.3179,0
22.833,7.1136,0.0209,0.4998,2.1000,5.3103,0
22.850,7.1220,0.0208,0.4997,2.1000,5.3027,0
22.867,7.1303,0.0207,0.4996,2.1000,5.2951,0
22.883,7.1386,0.0206,0.4997,2.1000,5.2874,0
22.900,7.1469,0.0205,0.4996,2.1000,5.2798,0
22.917,7.1553,0.0204,0.4997,2.1000,5.2722,0
22.933,7.1636,0.0202,0.4996,2.1000,5.2646,0
22.950,7.1719,0.0201,0.4995,2.1000,5.2570,0
22.967,7.1802,0.0200,0.4996,2.1000,5.2494,0
22.983,7.1886,0.0199,0.4996,2.1000,5.2418,0
23.000,7.1969,0.0197,0.4997,2.1000,5.2342,0
23.017,7.2052,0.0196,0.4998,2.1000,5.2267,0
23.033,7.2135,0.0195,0.4997,2.1000,5.2191,0
23.050,7.2219,0.0194,0.4998,2.1000,5.2115,0
23.067,7.2302,0.0192,0.4999,2.1000,5.2039,0
23.083,7.2385,0.0191,0.5000,2.1000,5.1963,0
23.100,7.2469,0.0190,0.5000,2.1000,5.1887,0
23.117,7.2552,0.0188,0.5001,2.1000,5.1811,0
23.133,7.2635,0.0187,0.5001,2.1000,5.1736,0
23.150,7.2719,0.0186,0.5003,2.1000,5.1660,0
23.167,7.2802,0.0184,0.5002,2.1000,5.1584,0
23.183,7.2886,0.0183,0.5003,2.1000,5.1508,0
23.200,7.2969,0.0182,0.5003,2.1000,5.1433,0
23.217,7.3052,0.0180,0.5006,2.1000,5.1357,0
23.233,7.3136,0.0179,0.5005,2.1000,5.1281,0
23.250,7.3219,0.0177,0.5006,2.1000,5.1206,0
23.267,7.3303,0.0176,0.5007,2.1000,5.1130,0
23.283,7.3386,0.0175,0.5007,2.1000,5.1054,0
23.300,7.3470,0.0173,0.5009,2.1000,5.0979,0
23.317,7.3553,0.0172,0.5006,2.1000,5.0903,0
23.333,7.3636,0.0170,0.5010,2.1000,5.0828,0
23.350,7.3720,0.0169,0.5009,2.1000,5.0752,0
23.367,7.3803,0.0167,0.5008,2.1000,5.0677,0
23.383,7.3887,0.0166,0.5010,2.1000,5.0601,0
23.400,7.3970,0.0165,0.5008,2.1000,5.0526,0
23.417,7.4054,0.0163,0.5007,2.1000,5.0450,0
23.433,7.4137,0.0162,0.5008,2.1000,5.0375,0
23.450,7.4221,0.0160,0.5007,2.1000,5.0300,0
23.467,7.4304,0.0159,0.5006,2.1000,5.0224,0
23.483,7.4387,0.0157,0.5007,2.1000,5.0149,0
23.500,7.4471,0.0156,0.5005,2.1000,5.0074,0
23.517,7.4554,0.0154,0.5005,2.1000,4.9999,0
23.533,7.4638,0.0153,0.5003,2.1000,4.9923,0
23.550,7.4721,0.0151,0.5003,2.1000,4.9848,0
23.567,7.4804,0.0150,0.5002,2.1000,4.9773,0
23.583,7.4888,0.0149,0.5001,2.1000,4.9698,0
23.600,7.4971,0.0147,0.5000,2.1000,4.9623,0
23.617,7.5054,0.0146,0.5000,2.1000,4.9548,0
23.633,7.5138,0.0144,0.5000,2.1000,4.9473,0
23.650,7.5221,0.0143,0.4998,2.1000,4.9398,0
23.667,7.5304,0.0141,0.4998,2.1000,4.9323,0
23.683,7.5388,0.0140,0.4998,2.1000,4.9248,0
23.700,7.5471,0.0139,0.4997,2.1000,4.9174,0
23.717,7.5554,0.0137,0.4998,2.1000,4.9099,0
23.733,7.5637,0.0136,0.4997,2.1000,4.9024,0
23.750,7.5721,0.0134,0.4996,2.1000,4.8949,0
23.767,7.5804,0.0133,0.4996,2.1000,4.8875,0
23.783,7.5887,0.0131,0.4997,2.1000,4.8800,0
23.800,7.5970,0.0130,0.4996,2.1000,4.8725,0
23.817,7.6054,0.0128,0.4997,2.1000,4.8651,0
23.833,7.6137,0.0127,0.4996,2.1000,4.8576,0
23.850,7.6220,0.0125,0.4999,2.1000,4.8502,0
23.867,7.6304,0.0124,0.4996,2.1000,4.8427,0
23.883,7.6387,0.0122,0.4999,2.1000,4.8353,0
23.900,7.6470,0.0121,0.4999,2.1000,4.8278,0
23.917,7.6553,0.0119,0.5000,2.1000,4.8204,0
23.933,7.6637,0.0118,0.5001,2.1000,4.8129,0
23.950,7.6720,0.0116,0.5002,2.1000,4.8055,0
23.967,7.6804,0.0115,0.5003,2.1000,4.7980,0
23.983,7.6887,0.0113,0.5004,2.1000,4.7906,0
24.000,7.6970,0.0112,0.5004,2.1000,4.7832,0
24.017,7.7054,0.0110,0.5006,2.1000,4.7757,0
24.033,7.7137,0.0109,0.5005,2.1000,4.7683,0
24.050,7.7221,0.0107,0.5006,2.1000,4.7609,0
24.067,7.7304,0.0106,0.5006,2.1000,4.7534,0
24.083,7.7387,0.0104,0.5006,2.1000,4.7460,0
24.100,7.7471,0.0102,0.5004,2.1000,4.7386,0
24.117,7.7554,0.0101,0.5000,2.1000,4.7312,0
24.133,7.7637,0.0099,0.5001,2.1000,4.7238,0
24.150,7.7721,0.0098,0.5005,2.1000,4.7164,0
24.167,7.7804,0.0096,0.5008,2.1000,4.7090,0
24.183,7.7888,0.0094,0.5008,2.1000,4.7016,0
24.200,7.7971,0.0093,0.5009,2.1000,4.6942,0
24.217,7.8055,0.0091,0.5009,2.1000,4.6868,0
24.233,7.8138,0.0090,0.5007,2.1000,4.6794,0
24.250,7.8222,0.0088,0.5008,2.1000,4.6720,0
24.267,7.8305,0.0086,0.5008,2.1000,4.6646,0
24.283,7.8388,0.0085,0.5007,2.1000,4.6572,0
24.300,7.8472,0.0083,0.5007,2.1000,4.6498,0
24.317,7.8555,0.0082,0.5005,2.1000,4.6425,0
24.333,7.8639,0.0080,0.5005,2.1000,4.6351,0
24.350,7.8722,0.0079,0.5004,2.1000,4.6277,0
24.367,7.8805,0.0077,0.5004,2.1000,4.6204,0
24.383,7.8889,0.0075,0.5002,2.1000,4.6130,0
24.400,7.8972,0.0074,0.5002,2.1000,4.6056,0
24.417,7.9056,0.0072,0.5002,2.1000,4.5983,0
24.433,7.9139,0.0071,0.5001,2.1000,4.5909,0
24.450,7.9222,0.0069,0.5000,2.1000,4.5836,0
24.467,7.9305,0.0068,0.4998,2.1000,4.5763,0
24.483,7.9389,0.0066,0.4999,2.1000,4.5689,0
24.500,7.9472,0.0065,0.4997,2.1000,4.5616,0
24.517,7.9555,0.0063,0.4997,2.1000,4.5543,0
24.533,7.9639,0.0062,0.4998,2.1000,4.5469,0
24.550,7.9722,0.0060,0.4998,2.1000,4.5396,0
24.567,7.9805,0.0058,0.4997,2.1000,4.5323,0
24.583,7.9888,0.0057,0.4994,2.1000,4.5250,0
24.600,7.9972,0.0055,0.4994,2.1000,4.5177,0
24.617,8.0055,0.0054,0.4996,2.1000,4.5104,0
24.633,8.0138,0.0052,0.4996,2.1000,4.5031,0
24.650,8.0221,0.0051,0.4998,2.1000,4.4958,0
24.667,8.0305,0.0049,0.4998,2.1000,4.4885,0
24.683,8.0388,0.0048,0.4998,2.1000,4.4812,0
24.700,8.0471,0.0046,0.5000,2.1000,4.4739,0
24.717,8.0555,0.0045,0.5000,2.1000,4.4666,0
24.733,8.0638,0.0043,0.5001,2.1000,4.4593,0
24.750,8.0721,0.0042,0.5002,2.1000,4.4520,0
24.767,8.0805,0.0040,0.5001,2.1000,4.4448,0
24.783,8.0888,0.0039,0.5003,2.1000,4.4375,0
24.800,8.0971,0.0037,0.5003,2.1000,4.4302,0
24.817,8.1055,0.0036,0.5004,2.1000,4.4229,0
24.833,8.1138,0.0034,0.5007,2.1000,4.4157,0
24.850,8.1222,0.0032,0.5005,2.1000,4.4084,0
24.867,8.1305,0.0031,0.5007,2.1000,4.4011,0
24.883,8.1388,0.0029,0.5007,2.1000,4.3939,0
24.900,8.1472,0.0028,0.5007,2.1000,4.3866,0
24.917,8.1555,0.0026,0.5009,2.1000,4.3794,0
24.933,8.1639,0.0025,0.5008,2.1000,4.3721,0
24.950,8.1722,0.0023,0.5009,2.1000,4.3649,0
24.967,8.1806,0.0021,0.5009,2.1000,4.3576,0
24.983,8.1889,0.0020,0.5009,2.1000,4.3504,0
25.000,8.1973,0.0018,0.5008,2.1000,4.3432,0
25.017,8.2056,0.0017,0.5009,2.1000,4.3359,0
25.033,8.2140,0.0015,0.5008,2.1000,4.3287,0
25.050,8.2223,0.0014,0.5008,2.1000,4.3215,0
25.067,8.2306,0.0012,0.5009,2.1000,4.3143,0
25.083,8.2390,0.0011,0.5007,2.1000,4.3071,0
25.100,8.2473,0.0009,0.5008,2.1000,4.2999,0
25.117,8.2557,0.0007,0.5006,2.1000,4.2926,0
25.133,8.2640,0.0006,0.5006,2.1000,4.2854,0
25.150,8.2724,0.0004,0.5004,2.1000,4.2783,0
25.167,8.2807,0.0003,0.5004,2.1000,4.2711,0
25.183,8.2890,0.0001,0.5004,2.1000,4.2639,0
25.200,8.2974,-0.0000,0.5001,2.1000,4.2567,0
25.217,8.3057,-0.0002,0.5002,2.1000,4.2495,0
25.233,8.3140,-0.0003,0.5002,2.1000,4.2424,0
25.250,8.3224,-0.0005,0.5000,2.1000,4.2352,0
25.267,8.3307,-0.0006,0.4999,2.1000,4.2280,0
25.283,8.3390,-0.0007,0.5000,2.1000,4.2209,0
25.300,8.3474,-0.0009,0.4998,2.1000,4.2137,0
25.317,8.3557,-0.0010,0.4998,2.1000,4.2066,0
25.333,8.3640,-0.0012,0.4998,2.1000,4.1994,0
25.350,8.3724,-0.0013,0.4998,2.1000,4.1923,0
25.367,8.3807,-0.0015,0.4997,2.1000,4.1852,0
25.383,8.3890,-0.0016,0.4997,2.1000,4.1780,0
25.400,8.3973,-0.0018,0.4996,2.1000,4.1709,0
25.417,8.4057,-0.0019,0.4997,2.1000,4.1638,0
25.433,8.4140,-0.0021,0.4996,2.1000,4.1567,0
25.450,8.4223,-0.0022,0.4997,2.1000,4.1496,0
25.467,8.4306,-0.0023,0.4996,2.1000,4.1425,0
25.483,8.4390,-0.0025,0.4998,2.1000,4.1354,0
25.500,8.4473,-0.0026,0.4998,2.1000,4.1283,0
25.517,8.4556,-0.0028,0.4998,2.1000,4.1212,0
25.533,8.4640,-0.0029,0.4998,2.1000,4.1141,0
25.550,8.4723,-0.0031,0.5001,2.1000,4.1070,0
25.567,8.4806,-0.0032,0.5002,2.1000,4.0999,0
25.583,8.4890,-0.0034,0.5002,2.1000,4.0929,0
25.600,8.4973,-0.0035,0.5002,2.1000,4.0858,0
25.617,8.5056,-0.0036,0.5005,2.1000,4.0787,0
25.633,8.5140,-0.0038,0.5004,2.1000,4.0717,0
25.650,8.5223,-0.0039,0.5005,2.1000,4.0646,0
25.667,8.5307,-0.0041,0.5005,2.1000,4.0575,0
25.683,8.5390,-0.0042,0.5007,2.1000,4.0505,0
25.700,8.5473,-0.0044,0.5008,2.1000,4.0434,0
25.717,8.5557,-0.0045,0.5008,2.1000,4.0364,0
25.733,8.5640,-0.0047,0.5009,2.1000,4.0293,0
25.750,8.5724,-0.0048,0.5008,2.1000,4.0223,0
25.767,8.5807,-0.0050,0.5008,2.1000,4.0153,0
25.783,8.5891,-0.0051,0.5007,2.1000,4.0082,0
25.800,8.5974,-0.0052,0.5008,2.1000,4.0012,0
25.817,8.6058,-0.0054,0.5010,2.1000,3.9942,0
25.833,8.6141,-0.0055,0.5009,2.1000,3.9872,0
25.850,8.6225,-0.0057,0.5009,2.1000,3.9802,0
25.867,8.6308,-0.0058,0.5009,2.1000,3.9731,0
25.883,8.6391,-0.0059,0.5009,2.1000,3.9661,0
25.900,8.6475,-0.0061,0.5006,2.1000,3.9592,0
25.917,8.6558,-0.0062,0.5007,2.1000,3.9522,0
25.933,8.6642,-0.0063,0.5007,2.1000,3.9452,0
25.950,8.6725,-0.0065,0.5005,2.1000,3.9382,0
25.967,8.6809,-0.0066,0.5005,2.1000,3.9312,0
25.983,8.6892,-0.0067,0.5003,2.1000,3.9243,0
26.000,8.6975,-0.0069,0.5005,2.1000,3.9173,0
26.017,8.7059,-0.0070,0.5002,2.1000,3.9103,0
26.033,8.7142,-0.0071,0.5001,2.1000,3.9034,0
26.050,8.7225,-0.0073,0.5001,2.1000,3.8964,0
26.067,8.7309,-0.0074,0.5000,2.1000,3.8895,0
26.083,8.7392,-0.0075,0.4999,2.1000,3.8826,0
26.100,8.7475,-0.0076,0.4999,2.1000,3.8756,0
26.117,8.7559,-0.0077,0.4998,2.1000,3.8687,0
26.133,8.7642,-0.0079,0.4996,2.1000,3.8618,0
26.150,8.7725,-0.0080,0.4998,2.1000,3.8549,0
26.167,8.7808,-0.0081,0.4996,2.1000,3.8480,0
26.183,8.7892,-0.0082,0.4996,2.1000,3.8411,0
26.200,8.7975,-0.0083,0.4997,2.1000,3.8342,0
26.217,8.8058,-0.0085,0.4996,2.1000,3.8273,0
26.233,8.8141,-0.0086,0.4996,2.1000,3.8204,0
26.250,8.8225,-0.0087,0.4998,2.1000,3.8136,0
26.267,8.8308,-0.0088,0.4997,2.1000,3.8067,0
26.283,8.8391,-0.0089,0.4998,2.1000,3.7998,0
26.300,8.8475,-0.0091,0.4999,2.1000,3.7930,0
26.317,8.8558,-0.0092,0.4996,2.1000,3.7861,0
26.333,8.8641,-0.0093,0.4999,2.1000,3.7793,0
26.350,8.8725,-0.0094,0.5000,2.1000,3.7724,0
26.367,8.8808,-0.0095,0.4999,2.1000,3.7656,0
26.383,8.8891,-0.0096,0.5001,2.1000,3.7587,0
26.400,8.8975,-0.0097,0.5001,2.1000,3.7519,0
26.417,8.9058,-0.0099,0.5004,2.1000,3.7451,0
26.433,8.9141,-0.0100,0.5004,2.1000,3.7383,0
26.450,8.9225,-0.0101,0.5004,2.1000,3.7314,0
26.467,8.9308,-0.0102,0.5006,2.1000,3.7246,0
26.483,8.9392,-0.0103,0.5006,2.1000,3.7178,0
26.500,8.9475,-0.0104,0.5007,2.1000,3.7110,0
26.517,8.9558,-0.0105,0.5007,2.1000,3.7042,0
26.533,8.9642,-0.0106,0.5008,2.1000,3.6974,0
26.550,8.9725,-0.0108,0.5008,2.1000,3.6906,0
26.567,8.9809,-0.0109,0.5008,2.1000,3.6839,0
26.583,8.9892,-0.0110,0.5009,2.1000,3.6771,0
26.600,8.9976,-0.0111,0.5010,2.1000,3.6703,0
26.617,9.0059,-0.0112,0.5010,2.1000,3.6635,0
26.633,9.0143,-0.0113,0.5008,2.1000,3.6568,0
26.650,9.0226,-0.0114,0.5009,2.1000,3.6500,0
26.667,9.0310,-0.0115,0.5008,2.1000,3.6433,0
26.683,9.0393,-0.0116,0.5009,2.1000,3.6366,0
26.700,9.0477,-0.0117,0.5009,2.1000,3.6298,0
26.717,9.0560,-0.0118,0.5007,2.1000,3.6231,0
26.733,9.0644,-0.0119,0.5007,2.1000,3.6164,0
26.750,9.0727,-0.0120,0.5006,2.1000,3.6097,0
26.767,9.0810,-0.0121,0.5006,2.1000,3.6030,0
26.783,9.0894,-0.0122,0.5004,2.1000,3.5963,0
26.800,9.0977,-0.0123,0.5004,2.1000,3.5896,0
26.817,9.1061,-0.0124,0.5003,2.1000,3.5829,0
26.833,9.1144,-0.0125,0.5002,2.1000,3.5762,0
26.850,9.1227,-0.0126,0.5002,2.1000,3.5695,0
26.867,9.1311,-0.0126,0.5001,2.1000,3.5629,0
26.883,9.1394,-0.0127,0.4998,2.1000,3.5562,0
26.900,9.1477,-0.0128,0.4998,2.1000,3.5496,0
26.917,9.1561,-0.0129,0.4998,2.1000,3.5429,0
26.933,9.1644,-0.0130,0.4998,2.1000,3.5363,0
26.950,9.1727,-0.0130,0.4998,2.1000,3.5297,0
26.967,9.1810,-0.0131,0.4998,2.1000,3.5230,0
26.983,9.1894,-0.0132,0.4997,2.1000,3.5164,0
27.000,9.1977,-0.0133,0.4997,2.1000,3.5098,0
27.017,9.2060,-0.0133,0.4998,2.1000,3.5032,0
27.033,9.2144,-0.0134,0.4996,2.1000,3.4966,0
27.050,9.2227,-0.0135,0.4996,2.1000,3.4900,0
27.067,9.2310,-0.0136,0.4998,2.1000,3.4835,0
27.083,9.2393,-0.0136,0.4998,2.1000,3.4769,0
27.100,9.2477,-0.0137,0.4997,2.1000,3.4703,0
27.117,9.2560,-0.0138,0.4999,2.1000,3.4638,0
27.133,9.2643,-0.0138,0.5000,2.1000,3.4572,0
27.150,9.2727,-0.0139,0.4998,2.1000,3.4507,0
27.167,9.2810,-0.0140,0.5001,2.1000,3.4441,0
27.183,9.2893,-0.0140,0.5001,2.1000,3.4376,0
27.200,9.2977,-0.0141,0.5001,2.1000,3.4310,0
27.217,9.3060,-0.0142,0.5002,2.1000,3.4245,0
27.233,9.3143,-0.0142,0.5003,2.1000,3.4180,0
27.250,9.3227,-0.0143,0.5005,2.1000,3.4115,0
27.267,9.3310,-0.0144,0.5005,2.1000,3.4050,0
27.283,9.3394,-0.0144,0.5005,2.1000,3.3985,0
27.300,9.3477,-0.0145,0.5007,2.1000,3.3920,0
27.317,9.3561,-0.0145,0.5007,2.1000,3.3855,0
27.333,9.3644,-0.0146,0.5009,2.1000,3.3790,0
27.350,9.3727,-0.0147,0.5006,2.1000,3.3726,0
27.367,9.3811,-0.0147,0.5007,2.1000,3.3661,0
27.383,9.3894,-0.0148,0.5009,2.1000,3.3597,0
27.400,9.3978,-0.0148,0.5010,2.1000,3.3532,0
27.417,9.4061,-0.0149,0.5007,2.1000,3.3468,0
27.433,9.4145,-0.0149,0.5008,2.1000,3.3403,0
27.450,9.4228,-0.0150,0.5007,2.1000,3.3339,0
27.467,9.4312,-0.0150,0.5007,2.1000,3.3275,0
27.483,9.4395,-0.0151,0.5009,2.1000,3.3211,0
27.500,9.4479,-0.0151,0.5008,2.1000,3.3147,0
27.517,9.4562,-0.0152,0.5008,2.1000,3.3083,0
27.533,9.4646,-0.0152,0.5007,2.1000,3.3019,0
27.550,9.4729,-0.0152,0.5007,2.1000,3.2955,0
27.567,9.4812,-0.0153,0.5006,2.1000,3.2891,0
27.583,9.4896,-0.0153,0.5005,2.1000,3.2828,0
27.600,9.4979,-0.0153,0.5005,2.1000,3.2764,0
27.617,9.5063,-0.0154,0.5003,2.1000,3.2701,0
27.633,9.5146,-0.0154,0.5003,2.1000,3.2638,0
27.650,9.5229,-0.0154,0.5002,2.1000,3.2574,0
27.667,9.5313,-0.0155,0.5002,2.1000,3.2511,0
27.683,9.5396,-0.0155,0.5001,2.1000,3.2448,0
27.700,9.5479,-0.0155,0.4999,2.1000,3.2385,0
27.717,9.5563,-0.0155,0.4998,2.1000,3.2322,0
27.733,9.5646,-0.0155,0.4998,2.1000,3.2259,0
27.750,9.5729,-0.0156,0.4998,2.1000,3.2197,0
27.767,9.5813,-0.0156,0.4998,2.1000,3.2134,0
27.783,9.5896,-0.0156,0.4998,2.1000,3.2072,0
27.800,9.5979,-0.0156,0.4998,2.1000,3.2009,0
27.817,9.6063,-0.0156,0.4996,2.1000,3.1947,0
27.833,9.6146,-0.0156,0.4996,2.1000,3.1884,0
27.850,9.6229,-0.0157,0.4996,2.1000,3.1822,0
27.867,9.6312,-0.0157,0.4996,2.1000,3.1760,0
27.883,9.6396,-0.0157,0.4996,2.1000,3.1698,0
27.900,9.6479,-0.0157,0.4995,2.1000,3.1636,0
27.917,9.6562,-0.0157,0.4995,2.1000,3.1575,0
27.933,9.6645,-0.0157,0.4995,2.1000,3.1513,0
27.950,9.6729,-0.0157,0.4998,2.1000,3.1451,0
27.967,9.6812,-0.0157,0.4999,2.1000,3.1390,0
27.983,9.6895,-0.0157,0.4999,2.1000,3.1328,0
28.000,9.6979,-0.0157,0.5002,2.1000,3.1267,0
28.017,9.7062,-0.0157,0.5001,2.1000,3.1205,0
28.033,9.7145,-0.0157,0.5002,2.1000,3.1144,0
28.050,9.7229,-0.0157,0.5005,2.1000,3.1083,0
28.067,9.7312,-0.0157,0.5004,2.1000,3.1022,0
28.083,9.7396,-0.0157,0.5006,2.1000,3.0961,0
28.100,9.7479,-0.0157,0.5006,2.1000,3.0900,0
28.117,9.7563,-0.0157,0.5007,2.1000,3.0840,0
28.133,9.7646,-0.0157,0.5007,2.1000,3.0779,0
28.150,9.7729,-0.0157,0.5007,2.1000,3.0718,0
28.167,9.7813,-0.0157,0.5009,2.1000,3.0658,0
28.183,9.7896,-0.0157,0.5008,2.1000,3.0597,0
28.200,9.7980,-0.0157,0.5009,2.1000,3.0537,0
28.217,9.8063,-0.0157,0.5009,2.1000,3.0477,0
28.233,9.8147,-0.0157,0.5009,2.1000,3.0417,0
28.250,9.8230,-0.0157,0.5009,2.1000,3.0357,0
28.267,9.8314,-0.0157,0.5009,2.1000,3.0297,0
28.283,9.8397,-0.0157,0.5009,2.1000,3.0237,0
28.300,9.8481,-0.0157,0.5009,2.1000,3.0178,0
28.317,9.8564,-0.0156,0.5008,2.1000,3.0118,0
28.333,9.8648,-0.0156,0.5006,2.1000,3.0059,0
28.350,9.8731,-0.0156,0.5008,2.1000,2.9999,0
28.367,9.8815,-0.0156,0.5005,2.1000,2.9940,0
28.383,9.8898,-0.0156,0.5006,2.1000,2.9881,0
28.400,9.8981,-0.0155,0.5004,2.1000,2.9822,0
28.417,9.9065,-0.0155,0.5003,2.1000,2.9763,0
28.433,9.9148,-0.0155,0.5003,2.1000,2.9704,0
28.450,9.9231,-0.0155,0.5002,2.1000,2.9645,0
28.467,9.9315,-0.0154,0.5001,2.1000,2.9587,0
28.483,9.9398,-0.0154,0.5001,2.1000,2.9528,0
28.500,9.9482,-0.0154,0.5000,2.1000,2.9470,0
28.517,9.9565,-0.0153,0.4999,2.1000,2.9412,0
28.533,9.9648,-0.0153,0.4999,2.1000,2.9354,0
28.550,9.9731,-0.0153,0.5001,2.1000,2.9296,0
28.567,9.9815,-0.0152,0.4999,2.1000,2.9238,0
28.583,9.9898,-0.0152,0.4998,2.1000,2.9180,0
28.600,9.9981,-0.0151,0.4997,2.1000,2.9123,0
28.617,10.0065,-0.0151,0.4996,2.0800,2.8920,1
28.633,10.0148,-0.0150,0.4997,2.0600,2.8717,1
28.650,10.0231,-0.0150,0.4995,2.0400,2.8515,1
28.667,10.0314,-0.0149,0.4997,2.0200,2.8313,1
28.683,10.0398,-0.0149,0.4997,2.0000,2.8111,1
28.700,10.0481,-0.0148,0.4995,1.9800,2.7909,1
28.717,10.0564,-0.0148,0.4998,1.9600,2.7708,1
28.733,10.0648,-0.0148,0.4998,1.9400,2.7507,1
28.750,10.0731,-0.0147,0.4998,1.9200,2.7306,1
28.767,10.0814,-0.0147,0.4999,1.9000,2.7105,1
28.783,10.0898,-0.0146,0.4999,1.8800,2.6905,1
28.800,10.0981,-0.0146,0.5001,1.8600,2.6704,1
28.817,10.1064,-0.0145,0.5001,1.8400,2.6504,1
28.833,10.1148,-0.0145,0.5001,1.8200,2.6305,1
28.850,10.1231,-0.0144,0.4998,1.8000,2.6105,1
28.867,10.1314,-0.0144,0.4998,1.7800,2.5906,1
28.883,10.1398,-0.0143,0.5002,1.7600,2.5707,1
28.900,10.1481,-0.0143,0.5005,1.7400,2.5509,1
28.917,10.1564,-0.0142,0.5005,1.7200,2.5310,1
28.933,10.1648,-0.0141,0.5007,1.7000,2.5112,1
28.950,10.1731,-0.0141,0.5007,1.6800,2.4915,1
28.967,10.1815,-0.0140,0.5008,1.6600,2.4717,1
28.983,10.1898,-0.0140,0.5008,1.6400,2.4520,1
29.000,10.1982,-0.0139,0.5009,1.6200,2.4324,1
29.017,10.2065,-0.0139,0.5008,1.6000,2.4127,1
29.033,10.2149,-0.0138,0.5009,1.5800,2.3931,1
29.050,10.2232,-0.0138,0.5009,1.5600,2.3735,1
29.067,10.2316,-0.0137,0.5009,1.5400,2.3540,1
29.083,10.2399,-0.0136,0.5011,1.5200,2.3345,1
29.100,10.2483,-0.0136,0.5007,1.5000,2.3151,1
29.117,10.2566,-0.0135,0.5007,1.4800,2.2957,1
29.133,10.2649,-0.0135,0.5008,1.4600,2.2763,1
29.150,10.2733,-0.0134,0.5008,1.4400,2.2570,1
29.167,10.2816,-0.0133,0.5008,1.4200,2.2377,1
29.183,10.2900,-0.0133,0.5006,1.4000,2.2184,1
29.200,10.2983,-0.0132,0.5006,1.3800,2.1993,1
29.217,10.3067,-0.0131,0.5004,1.3600,2.1801,1
29.233,10.3150,-0.0131,0.5005,1.3400,2.1610,1
29.250,10.3233,-0.0130,0.5004,1.3200,2.1420,1
29.267,10.3317,-0.0129,0.5003,1.3000,2.1230,1
29.283,10.3400,-0.0128,0.5001,1.2800,2.1040,1
29.300,10.3483,-0.0128,0.5001,1.2600,2.0852,1
29.317,10.3567,-0.0127,0.5000,1.2400,2.0663,1
29.333,10.3650,-0.0126,0.5001,1.2200,2.0476,1
29.350,10.3733,-0.0125,0.4999,1.2000,2.0289,1
29.367,10.3817,-0.0125,0.4998,1.1800,2.0102,1
29.383,10.3900,-0.0124,0.4997,1.1600,1.9916,1
29.400,10.3983,-0.0123,0.4998,1.1400,1.9731,1
29.417,10.4067,-0.0122,0.4996,1.1200,1.9546,1
29.433,10.4150,-0.0121,0.4996,1.1000,1.9363,1
29.450,10.4233,-0.0120,0.4997,1.0800,1.9179,1
29.467,10.4316,-0.0120,0.4996,1.0600,1.8997,1
29.483,10.4400,-0.0119,0.4996,1.0400,1.8815,1
29.500,10.4483,-0.0118,0.4996,1.0200,1.8634,1
29.517,10.4566,-0.0117,0.4996,1.0000,1.8454,1
29.533,10.4650,-0.0116,0.4998,0.9800,1.8275,1
29.550,10.4733,-0.0115,0.4998,0.9600,1.8096,1
29.567,10.4816,-0.0115,0.4997,0.9400,1.7919,1
29.583,10.4899,-0.0114,0.4999,0.9200,1.7742,1
29.600,10.4983,-0.0113,0.5000,0.9000,1.7566,1
29.617,10.5066,-0.0112,0.5000,0.8800,1.7391,1
29.633,10.5149,-0.0111,0.5002,0.8600,1.7217,1
29.650,10.5233,-0.0110,0.5001,0.8400,1.7044,1
29.667,10.5316,-0.0110,0.5003,0.8200,1.6872,1
29.683,10.5400,-0.0109,0.5003,0.8000,1.6701,1
29.700,10.5483,-0.0108,0.5003,0.7800,1.6531,1
29.717,10.5566,-0.0107,0.5005,0.7600,1.6362,1
29.733,10.5650,-0.0106,0.5005,0.7400,1.6195,1
29.750,10.5733,-0.0105,0.5006,0.7200,1.6028,1
29.767,10.5817,-0.0104,0.5006,0.7000,1.5863,1
29.783,10.5900,-0.0104,0.5008,0.6800,1.5699,1
29.800,10.5984,-0.0103,0.5008,0.6600,1.5537,1
29.817,10.6067,-0.0102,0.5009,0.6400,1.5375,1
29.833,10.6150,-0.0101,0.5008,0.6200,1.5216,1
29.850,10.6234,-0.0100,0.5008,0.6000,1.5057,1
29.867,10.6317,-0.0099,0.5010,0.5800,1.4900,1
29.883,10.6401,-0.0099,0.5009,0.5600,1.4745,1
29.900,10.6484,-0.0098,0.5009,0.5400,1.4591,1
29.917,10.6568,-0.0097,0.5009,0.5200,1.4439,1
29.933,10.6650,-0.0096,0.4910,0.5000,1.4290,1
29.950,10.6729,-0.0095,0.4767,0.4800,1.4145,1
29.967,10.6807,-0.0094,0.4659,0.4600,1.4003,1
29.983,10.6884,-0.0093,0.4636,0.4400,1.3864,1
30.000,10.6962,-0.0092,0.4668,0.4200,1.3726,1
30.017,10.7040,-0.0090,0.4672,0.4000,1.3591,1
30.033,10.7118,-0.0089,0.4674,0.3800,1.3457,1
30.050,10.7195,-0.0088,0.4664,0.3600,1.3325,1
30.067,10.7273,-0.0087,0.4654,0.3400,1.3196,1
30.083,10.7350,-0.0086,0.4618,0.3200,1.3070,1
30.100,10.7425,-0.0085,0.4504,0.3000,1.2948,1
30.117,10.7499,-0.0084,0.4418,0.2800,1.2830,1
30.133,10.7572,-0.0083,0.4385,0.2600,1.2715,1
30.150,10.7644,-0.0082,0.4355,0.2400,1.2603,1
30.167,10.7715,-0.0081,0.4275,0.2200,1.2495,1
30.183,10.7785,-0.0080,0.4155,0.2000,1.2391,1
30.200,10.7853,-0.0080,0.4103,0.1800,1.2292,1
30.217,10.7922,-0.0079,0.4118,0.1600,1.2194,1
30.233,10.7990,-0.0078,0.4093,0.1400,1.2101,1
30.250,10.8057,-0.0077,0.4051,0.1200,1.2011,1
30.267,10.8124,-0.0076,0.4010,0.1000,1.1924,1
30.283,10.8190,-0.0075,0.3962,0.0800,1.1842,1
30.300,10.8256,-0.0074,0.3926,0.0600,1.1764,1
30.317,10.8321,-0.0073,0.3892,0.0400,1.1689,1
30.333,10.8384,-0.0073,0.3795,0.0200,1.1619,1
30.350,10.8445,-0.0072,0.3670,0.0000,1.1555,1
30.367,10.8505,-0.0071,0.3615,0.0000,1.1495,1
30.383,10.8566,-0.0070,0.3630,0.0000,1.1435,1
30.400,10.8626,-0.0070,0.3625,0.0000,1.1374,1
30.417,10.8686,-0.0069,0.3603,0.0000,1.1314,1
30.433,10.8746,-0.0068,0.3569,0.0000,1.1255,1
30.450,10.8804,-0.0068,0.3524,0.0000,1.1196,1
30.467,10.8862,-0.0067,0.3475,0.0000,1.1138,1
30.483,10.8919,-0.0066,0.3401,0.0000,1.1081,1
30.500,10.8974,-0.0066,0.3330,0.0000,1.1026,1
30.517,10.9029,-0.0065,0.3286,0.0000,1.0971,1
30.533,10.9083,-0.0064,0.3253,0.0000,1.0917,1
30.550,10.9137,-0.0064,0.3230,0.0000,1.0863,1
30.567,10.9190,-0.0063,0.3172,0.0000,1.0810,1
30.583,10.9242,-0.0063,0.3116,0.0000,1.0758,1
30.600,10.9293,-0.0062,0.3080,0.0000,1.0707,1
30.617,10.9344,-0.0062,0.3060,0.0000,1.0656,1
30.633,10.9395,-0.0061,0.3039,0.0000,1.0605,1
30.650,10.9444,-0.0060,0.2964,0.0000,1.0556,1
30.667,10.9492,-0.0060,0.2877,0.0000,1.0508,1
30.683,10.9539,-0.0060,0.2817,0.0000,1.0461,1
30.700,10.9586,-0.0059,0.2794,0.0000,1.0414,1
30.717,10.9632,-0.0059,0.2794,0.0000,1.0368,1
30.733,10.9678,-0.0058,0.2762,0.0000,1.0322,1
30.750,10.9724,-0.0058,0.2712,0.0000,1.0276,1
30.767,10.9768,-0.0057,0.2680,0.0000,1.0232,1
30.783,10.9813,-0.0057,0.2655,0.0000,1.0188,1
30.800,10.9856,-0.0057,0.2620,0.0000,1.0144,1
30.817,10.9899,-0.0056,0.2556,0.0000,1.0101,1
30.833,10.9941,-0.0056,0.2502,0.0000,1.0060,1
30.850,10.9982,-0.0055,0.2463,0.0000,1.0019,1
30.867,11.0022,-0.0055,0.2419,0.0000,0.9978,1
30.883,11.0062,-0.0055,0.2392,0.0000,0.9938,1
30.900,11.0101,-0.0054,0.2380,0.0000,0.9899,1
30.917,11.0141,-0.0054,0.2365,0.0000,0.9859,1
30.933,11.0179,-0.0054,0.2308,0.0000,0.9821,1
30.950,11.0217,-0.0053,0.2262,0.0000,0.9783,1
30.967,11.0254,-0.0053,0.2224,0.0000,0.9746,1
30.983,11.0291,-0.0053,0.2200,0.0000,0.9709,1
31.000,11.0327,-0.0052,0.2158,0.0000,0.9673,1
31.017,11.0362,-0.0052,0.2114,0.0000,0.9638,1
31.033,11.0397,-0.0052,0.2111,0.0000,0.9603,1
31.050,11.0432,-0.0052,0.2120,0.0000,0.9568,1
31.067,11.0467,-0.0051,0.2077,0.0000,0.9533,1
31.083,11.0501,-0.0051,0.2025,0.0000,0.9499,1
31.100,11.0534,-0.0051,0.1968,0.0000,0.9466,1
31.117,11.0565,-0.0051,0.1900,0.0000,0.9435,1
31.133,11.0596,-0.0050,0.1848,0.0000,0.9404,1
31.150,11.0626,-0.0050,0.1818,0.0000,0.9374,1
31.167,11.0656,-0.0050,0.1799,0.0000,0.9344,1
31.183,11.0686,-0.0050,0.1801,0.0000,0.9314,1
31.200,11.0716,-0.0049,0.1797,0.0000,0.9284,1
31.217,11.0746,-0.0049,0.1786,0.0000,0.9254,1
31.233,11.0775,-0.0049,0.1753,0.0000,0.9225,1
31.250,11.0804,-0.0049,0.1697,0.0000,0.9197,1
31.267,11.0831,-0.0049,0.1662,0.0000,0.9169,1
31.283,11.0858,-0.0048,0.1623,0.0000,0.9142,1
31.300,11.0885,-0.0048,0.1583,0.0000,0.9115,1
31.317,11.0911,-0.0048,0.1546,0.0000,0.9090,1
31.333,11.0936,-0.0048,0.1527,0.0000,0.9064,1
31.350,11.0961,-0.0048,0.1514,0.0000,0.9039,1
31.367,11.0986,-0.0048,0.1477,0.0000,0.9014,1
31.383,11.1010,-0.0047,0.1465,0.0000,0.8990,1
31.400,11.1034,-0.0047,0.1436,0.0000,0.8966,1
31.417,11.1058,-0.0047,0.1404,0.0000,0.8943,1
31.433,11.1080,-0.0047,0.1360,0.0000,0.8920,1
31.450,11.1102,-0.0047,0.1317,0.0000,0.8898,1
31.467,11.1124,-0.0047,0.1291,0.0000,0.8876,1
31.483,11.1145,-0.0047,0.1271,0.0000,0.8855,1
31.500,11.1166,-0.0047,0.1273,0.0000,0.8834,1
31.517,11.1187,-0.0046,0.1238,0.0000,0.8813,1
31.533,11.1207,-0.0046,0.1210,0.0000,0.8793,1
31.550,11.1227,-0.0046,0.1206,0.0000,0.8773,1
31.567,11.1246,-0.0046,0.1167,0.0000,0.8754,1
31.583,11.1265,-0.0046,0.1133,0.0000,0.8735,1
31.600,11.1284,-0.0046,0.1109,0.0000,0.8716,1
31.617,11.1302,-0.0046,0.1102,0.0000,0.8698,1
31.633,11.1321,-0.0046,0.1107,0.0000,0.8680,1
31.650,11.1339,-0.0046,0.1092,0.0000,0.8661,1
31.667,11.1357,-0.0045,0.1068,0.0000,0.8644,1
31.683,11.1374,-0.0045,0.1045,0.0000,0.8626,1
31.700,11.1391,-0.0045,0.1036,0.0000,0.8609,1
31.717,11.1408,-0.0045,0.1031,0.0000,0.8592,1
31.733,11.1425,-0.0045,0.0985,0.0000,0.8575,1
31.750,11.1440,-0.0045,0.0937,0.0000,0.8560,1
31.767,11.1455,-0.0045,0.0890,0.0000,0.8545,1
31.783,11.1470,-0.0045,0.0880,0.0000,0.8530,1
31.800,11.1485,-0.0045,0.0891,0.0000,0.8515,1
31.817,11.1500,-0.0045,0.0889,0.0000,0.8500,1
31.833,11.1515,-0.0044,0.0892,0.0000,0.8486,1
31.850,11.1529,-0.0044,0.0859,0.0000,0.8471,1
31.867,11.1542,-0.0044,0.0814,0.0000,0.8458,1
31.883,11.1556,-0.0044,0.0812,0.0000,0.8444,1
31.900,11.1569,-0.0044,0.0796,0.0000,0.8431,1
31.917,11.1582,-0.0044,0.0770,0.0000,0.8418,1
31.933,11.1595,-0.0044,0.0754,0.0000,0.8406,1
31.950,11.1607,-0.0044,0.0759,0.0000,0.8393,1
31.967,11.1620,-0.0044,0.0753,0.0000,0.8380,1
31.983,11.1632,-0.0044,0.0738,0.0000,0.8368,1
32.000,11.1644,-0.0044,0.0718,0.0000,0.8356,1
32.017,11.1656,-0.0044,0.0708,0.0000,0.8344,1
32.033,11.1668,-0.0044,0.0716,0.0000,0.8332,1
32.050,11.1680,-0.0043,0.0712,0.0000,0.8320,1
32.067,11.1691,-0.0043,0.0691,0.0000,0.8309,1
32.083,11.1702,-0.0043,0.0675,0.0000,0.8298,1
32.100,11.1713,-0.0043,0.0648,0.0000,0.8287,1
32.117,11.1724,-0.0043,0.0619,0.0000,0.8277,1
32.133,11.1734,-0.0043,0.0600,0.0000,0.8267,1
32.150,11.1744,-0.0043,0.0609,0.0000,0.8256,1
32.167,11.1754,-0.0043,0.0615,0.0000,0.8246,1
32.183,11.1765,-0.0043,0.0635,0.0000,0.8236,1
32.200,11.1775,-0.0043,0.0651,0.0000,0.8225,1
32.217,11.1786,-0.0043,0.0667,0.0000,0.8214,1
32.233,11.1798,-0.0043,0.0661,0.0000,0.8203,1
32.250,11.1808,-0.0043,0.0648,0.0000,0.8192,1
32.267,11.1819,-0.0043,0.0630,0.0000,0.8181,1
32.283,11.1829,-0.0043,0.0600,0.0000,0.8171,1
32.300,11.1839,-0.0043,0.0588,0.0000,0.8161,1
32.317,11.1848,-0.0043,0.0574,0.0000,0.8152,1
32.333,11.1858,-0.0043,0.0570,0.0000,0.8142,1
32.350,11.1867,-0.0042,0.0585,0.0000,0.8133,1
32.367,11.1877,-0.0042,0.0592,0.0000,0.8123,1
32.383,11.1887,-0.0042,0.0589,0.0000,0.8113,1
32.400,11.1897,-0.0042,0.0605,0.0000,0.8103,1
32.417,11.1907,-0.0042,0.0606,0.0000,0.8093,1
32.433,11.1917,-0.0042,0.0568,0.0000,0.8083,1
32.450,11.1926,-0.0042,0.0536,0.0000,0.8074,1
32.467,11.1934,-0.0042,0.0518,0.0000,0.8066,1
32.483,11.1943,-0.0042,0.0533,0.0000,0.8057,1
32.500,11.1952,-0.0042,0.0555,0.0000,0.8048,1
32.517,11.1962,-0.0042,0.0570,0.0000,0.8038,1
32.533,11.1972,-0.0042,0.0574,0.0000,0.8029,1
32.550,11.1981,-0.0042,0.0569,0.0000,0.8019,1
32.567,11.1990,-0.0042,0.0547,0.0000,0.8010,1
32.583,11.1999,-0.0042,0.0541,0.0000,0.8001,1
32.600,11.2008,-0.0042,0.0530,0.0000,0.7992,1
32.617,11.2016,-0.0042,0.0497,0.0000,0.7984,1
32.633,11.2024,-0.0042,0.0486,0.0000,0.7976,1
32.650,11.2033,-0.0042,0.0507,0.0000,0.7967,1
32.667,11.2042,-0.0042,0.0524,0.0000,0.7959,1
32.683,11.2051,-0.0042,0.0565,0.0000,0.7949,1
32.700,11.2060,-0.0042,0.0572,0.0000,0.7940,1
32.717,11.2070,-0.0042,0.0547,0.0000,0.7930,1
32.733,11.2079,-0.0041,0.0536,0.0000,0.7922,1
32.750,11.2088,-0.0041,0.0562,0.0000,0.7912,1
32.767,11.2098,-0.0041,0.0589,0.0000,0.7902,1
32.783,11.2107,-0.0041,0.0576,0.0000,0.7893,1
32.800,11.2117,-0.0041,0.0556,0.0000,0.7884,1
32.817,11.2126,-0.0041,0.0568,0.0000,0.7874,1
32.833,11.2136,-0.0041,0.0566,0.0000,0.7865,1
32.850,11.2145,-0.0041,0.0577,0.0000,0.7855,1
32.867,11.2155,-0.0041,0.0597,0.0000,0.7845,1
32.883,11.2165,-0.0041,0.0601,0.0000,0.7835,1
32.900,11.2175,-0.0041,0.0606,0.0000,0.7825,1
32.917,11.2185,-0.0041,0.0610,0.0000,0.7815,1
32.933,11.2195,-0.0041,0.0599,0.0000,0.7805,1
32.950,11.2205,-0.0041,0.0589,0.0000,0.7795,1
32.967,11.2215,-0.0041,0.0576,0.0000,0.7785,1
32.983,11.2225,-0.0041,0.0588,0.0000,0.7776,1
33.000,11.2234,-0.0041,0.0593,0.0000,0.7766,1
33.017,11.2244,-0.0041,0.0581,0.0000,0.7756,1
33.033,11.2254,-0.0041,0.0586,0.0000,0.7746,1
33.050,11.2264,-0.0041,0.0593,0.0000,0.7736,1
33.067,11.2273,-0.0041,0.0578,0.0000,0.7727,1
33.083,11.2283,-0.0041,0.0566,0.0000,0.7717,1
33.100,11.2292,-0.0041,0.0557,0.0000,0.7708,1
33.117,11.2302,-0.0041,0.0577,0.0000,0.7698,1
33.133,11.2312,-0.0040,0.0610,0.0000,0.7688,1
33.150,11.2322,-0.0040,0.0601,0.0000,0.7678,1
33.167,11.2332,-0.0040,0.0585,0.0000,0.7668,1
33.183,11.2341,-0.0040,0.0578,0.0000,0.7659,1
33.200,11.2351,-0.0040,0.0584,0.0000,0.7649,1
33.217,11.2361,-0.0040,0.0585,0.0000,0.7639,1
33.233,11.2370,-0.0040,0.0564,0.0000,0.7630,1
33.250,11.2379,-0.0040,0.0554,0.0000,0.7621,1
33.267,11.2389,-0.0040,0.0563,0.0000,0.7611,1
33.283,11.2398,-0.0040,0.0572,0.0000,0.7602,1
33.300,11.2408,-0.0040,0.0555,0.0000,0.7593,1
33.317,11.2417,-0.0040,0.0560,0.0000,0.7583,1
33.333,11.2426,-0.0040,0.0567,0.0000,0.7574,1
33.350,11.2439,-0.0040,0.0776,0.0000,0.7561,1
33.367,11.2456,-0.0040,0.1027,0.0000,0.7544,1
33.383,11.2476,-0.0040,0.1173,0.0000,0.7524,1
33.400,11.2497,-0.0040,0.1253,0.0000,0.7503,1
33.417,11.2518,-0.0040,0.1277,0.0000,0.7482,1
33.433,11.2540,-0.0040,0.1291,0.0000,0.7460,1
33.450,11.2562,-0.0040,0.1316,0.0000,0.7439,1
33.467,11.2584,-0.0040,0.1339,0.0000,0.7416,1
33.483,11.2606,-0.0039,0.1350,0.0000,0.7394,1
33.500,11.2630,-0.0039,0.1425,0.0000,0.7370,1
33.517,11.2657,-0.0039,0.1616,0.0000,0.7343,1
33.533,11.2687,-0.0039,0.1769,0.0000,0.7314,1
33.550,11.2717,-0.0039,0.1825,0.0000,0.7283,1
33.567,11.2748,-0.0039,0.1868,0.0000,0.7252,1
33.583,11.2780,-0.0039,0.1899,0.0000,0.7220,1
33.600,11.2812,-0.0039,0.1915,0.0000,0.7188,1
33.617,11.2844,-0.0039,0.1936,0.0000,0.7156,1
33.633,11.2876,-0.0039,0.1952,0.0000,0.7124,1
33.650,11.2910,-0.0039,0.1994,0.0000,0.7090,1
33.667,11.2944,-0.0039,0.2055,0.0000,0.7056,1
33.683,11.2980,-0.0039,0.2181,0.0000,0.7020,1
33.700,11.3018,-0.0039,0.2285,0.0000,0.6982,1
33.717,11.3057,-0.0039,0.2331,0.0000,0.6943,1
33.733,11.3097,-0.0039,0.2407,0.0000,0.6903,1
33.750,11.3138,-0.0039,0.2456,0.0000,0.6862,1
33.767,11.3179,-0.0039,0.2460,0.0000,0.6821,1
33.783,11.3220,-0.0038,0.2451,0.0000,0.6780,1
33.800,11.3261,-0.0038,0.2465,0.0000,0.6739,1
33.817,11.3303,-0.0038,0.2502,0.0000,0.6697,1
33.833,11.3345,-0.0038,0.2535,0.0000,0.6655,1
33.850,11.3389,-0.0038,0.2634,0.0000,0.6611,1
33.867,11.3435,-0.0038,0.2741,0.0000,0.6565,1
33.883,11.3481,-0.0038,0.2788,0.0000,0.6519,1
33.900,11.3529,-0.0038,0.2850,0.0000,0.6471,1
33.917,11.3577,-0.0038,0.2915,0.0000,0.6423,1
33.933,11.3626,-0.0038,0.2943,0.0000,0.6374,1
33.950,11.3676,-0.0038,0.2955,0.0000,0.6324,1
33.967,11.3725,-0.0038,0.2967,0.0000,0.6275,1
33.983,11.3775,-0.0038,0.2983,0.0000,0.6225,1
34.000,11.3825,-0.0038,0.2994,0.0000,0.6175,1
34.017,11.3876,-0.0038,0.3060,0.0000,0.6124,1
34.033,11.3928,-0.0038,0.3119,0.0000,0.6072,1
34.050,11.3980,-0.0038,0.3165,0.0000,0.6020,1
34.067,11.4035,-0.0038,0.3254,0.0000,0.5965,1
34.083,11.4090,-0.0038,0.3338,0.0000,0.5910,1
34.100,11.4147,-0.0038,0.3378,0.0000,0.5854,1
34.117,11.4203,-0.0038,0.3396,0.0000,0.5797,1
34.133,11.4260,-0.0039,0.3395,0.0000,0.5740,1
34.150,11.4317,-0.0039,0.3409,0.0000,0.5684,1
34.167,11.4374,-0.0039,0.3439,0.0000,0.5626,1
34.183,11.4432,-0.0039,0.3470,0.0000,0.5568,1
34.200,11.4490,-0.0039,0.3503,0.0000,0.5510,1
34.217,11.4549,-0.0039,0.3524,0.0000,0.5451,1
34.233,11.4609,-0.0039,0.3602,0.0000,0.5391,1
34.250,11.4670,-0.0039,0.3687,0.0000,0.5330,1
34.267,11.4733,-0.0039,0.3731,0.0000,0.5268,1
34.283,11.4795,-0.0039,0.3760,0.0000,0.5205,1
34.300,11.4858,-0.0039,0.3778,0.0000,0.5142,1
34.317,11.4921,-0.0040,0.3798,0.0000,0.5079,1
34.333,11.4985,-0.0040,0.3810,0.0000,0.5015,1
34.350,11.5049,-0.0040,0.3835,0.0000,0.4951,1
34.367,11.5113,-0.0040,0.3865,0.0000,0.4887,1
34.383,11.5178,-0.0040,0.3866,0.0000,0.4822,1
34.400,11.5200,-0.0040,0.1324,0.0000,0.4800,1
34.417,11.5200,-0.0039,0.0065,0.0000,0.4800,1
34.433,11.5200,-0.0039,0.0031,0.0000,0.4800,1
34.450,11.5200,-0.0039,0.0020,0.0000,0.4800,1
34.467,11.5200,-0.0039,0.0003,0.0000,0.4800,1
34.483,11.5200,-0.0039,0.0015,0.0000,0.4800,1
34.500,11.5200,-0.0039,0.0029,0.0000,0.4800,1
34.517,11.5200,-0.0039,0.0019,0.0000,0.4800,1
34.533,11.5200,-0.0039,0.0019,0.0000,0.4800,1
34.550,11.5200,-0.0039,0.0024,0.0000,0.4800,1
34.567,11.5200,-0.0039,0.0027,0.0000,0.4800,1
34.583,11.5200,-0.0039,0.0002,0.0000,0.4800,1
34.600,11.5200,-0.0039,0.0030,0.0000,0.4800,1
34.617,11.5200,-0.0039,0.0034,0.0000,0.4800,1
34.633,11.5200,-0.0039,0.0003,0.0000,0.4800,1
34.650,11.5200,-0.0039,0.0014,0.0000,0.4800,1
34.667,11.5200,-0.0039,0.0004,0.0000,0.4800,1
34.683,11.5200,-0.0039,0.0004,0.0000,0.4800,1
34.700,11.5200,-0.0039,0.0016,0.0000,0.4800,1
34.717,11.5200,-0.0039,0.0005,0.0000,0.4800,1
34.733,11.5200,-0.0039,0.0025,0.0000,0.4800,1
34.750,11.5200,-0.0039,0.0024,0.0000,0.4800,1
34.767,11.5200,-0.0039,0.0006,0.0000,0.4800,1
34.783,11.5200,-0.0039,0.0029,0.0000,0.4800,1
34.800,11.5200,-0.0040,0.0039,0.0000,0.4800,1
34.817,11.5200,-0.0039,0.0005,0.0000,0.4800,1
34.833,11.5200,-0.0039,0.0029,0.0000,0.4800,1
34.850,11.5200,-0.0039,0.0013,0.0000,0.4800,1
34.867,11.5200,-0.0039,0.0015,0.0000,0.4800,1
34.883,11.5200,-0.0039,0.0022,0.0000,0.4800,1
34.900,11.5200,-0.0040,0.0028,0.0000,0.4800,1
34.917,11.5200,-0.0039,0.0004,0.0000,0.4800,1
34.933,11.5200,-0.0039,0.0026,0.0000,0.4800,1
34.950,11.5200,-0.0040,0.0034,0.0000,0.4800,1
34.967,11.5200,-0.0040,0.0005,0.0000,0.4800,1
34.983,11.5200,-0.0039,0.0027,0.0000,0.4800,1
35.000,11.5200,-0.0040,0.0027,0.0000,0.4800,1
35.017,11.5200,-0.0039,0.0004,0.0000,0.4800,1
35.033,11.5200,-0.0039,0.0003,0.0000,0.4800,1
35.050,11.5200,-0.0039,0.0026,0.0000,0.4800,1
35.067,11.5200,-0.0039,0.0020,0.0000,0.4800,1
35.083,11.5200,-0.0039,0.0010,0.0000,0.4800,1
35.100,11.5200,-0.0039,0.0009,0.0000,0.4800,1
35.117,11.5200,-0.0040,0.0015,0.0000,0.4800,1
35.133,11.5200,-0.0040,0.0007,0.0000,0.4800,1
35.150,11.5200,-0.0039,0.0023,0.0000,0.4800,1
35.167,11.5200,-0.0039,0.0012,0.0000,0.4800,1
35.183,11.5200,-0.0040,0.0016,0.0000,0.4800,1
35.200,11.5200,-0.0040,0.0003,0.0000,0.4800,1
35.217,11.5200,-0.0039,0.0025,0.0000,0.4800,1
35.233,11.5200,-0.0040,0.0016,0.0000,0.4800,1
35.250,11.5200,-0.0040,0.0014,0.0000,0.4800,1
35.267,11.5200,-0.0040,0.0017,0.0000,0.4800,1
35.283,11.5200,-0.0040,0.0003,0.0000,0.4800,1
35.300,11.5200,-0.0039,0.0011,0.0000,0.4800,1
35.317,11.5200,-0.0039,0.0002,0.0000,0.4800,1
35.333,11.5200,-0.0040,0.0018,0.0000,0.4800,1
35.350,11.5200,-0.0040,0.0001,0.0000,0.4800,1
35.367,11.5200,-0.0039,0.0030,0.0000,0.4800,1
35.383,11.5200,-0.0040,0.0032,0.0000,0.4800,1
35.400,11.5200,-0.0040,0.0006,0.0000,0.4800,1
35.417,11.5200,-0.0040,0.0011,0.0000,0.4800,1
35.433,11.5200,-0.0040,0.0003,0.0000,0.4800,1
35.450,11.5200,-0.0039,0.0007,0.0000,0.4800,1
35.467,11.5200,-0.0040,0.0001,0.0000,0.4800,1
35.483,11.5200,-0.0040,0.0001,0.0000,0.4800,1
35.500,11.5200,-0.0040,0.0004,0.0000,0.4800,1
35.517,11.5200,-0.0040,0.0004,0.0000,0.4800,1
35.533,11.5200,-0.0040,0.0008,0.0000,0.4800,1
35.550,11.5200,-0.0039,0.0009,0.0000,0.4800,1
35.567,11.5200,-0.0040,0.0014,0.0000,0.4800,1
35.583,11.5200,-0.0040,0.0005,0.0000,0.4800,1
35.600,11.5200,-0.0039,0.0012,0.0000,0.4800,1
35.617,11.5200,-0.0040,0.0002,0.0000,0.4800,1
35.633,11.5200,-0.0040,0.0003,0.0000,0.4800,1
35.650,11.5200,-0.0040,0.0007,0.0000,0.4800,1
35.667,11.5200,-0.0040,0.0001,0.0000,0.4800,1
35.683,11.5200,-0.0040,0.0011,0.0000,0.4800,1
35.700,11.5200,-0.0039,0.0005,0.0000,0.4800,1
35.717,11.5200,-0.0040,0.0007,0.0000,0.4800,1
35.733,11.5200,-0.0040,0.0010,0.0000,0.4800,1
35.750,11.5200,-0.0040,0.0001,0.0000,0.4800,1
35.767,11.5200,-0.0039,0.0024,0.0000,0.4800,1
35.783,11.5200,-0.0039,0.0004,0.0000,0.4800,1
35.800,11.5200,-0.0040,0.0016,0.0000,0.4800,1
35.817,11.5200,-0.0040,0.0007,0.0000,0.4800,1
35.833,11.5200,-0.0040,0.0009,0.0000,0.4800,1
35.850,11.5200,-0.0040,0.0007,0.0000,0.4800,1
35.867,11.5200,-0.0040,0.0017,0.0000,0.4800,1
35.883,11.5200,-0.0040,0.0004,0.0000,0.4800,1
35.900,11.5200,-0.0040,0.0005,0.0000,0.4800,1
35.917,11.5200,-0.0040,0.0007,0.0000,0.4800,1
35.933,11.5200,-0.0040,0.0005,0.0000,0.4800,1
35.950,11.5200,-0.0040,0.0009,0.0000,0.4800,1
35.967,11.5200,-0.0040,0.0010,0.0000,0.4800,1
35.983,11.5200,-0.0040,0.0002,0.0000,0.4800,1
36.000,11.5200,-0.0040,0.0008,0.0000,0.4800,1
36.017,11.5200,-0.0040,0.0003,0.0000,0.4800,1
36.033,11.5200,-0.0040,0.0014,0.0000,0.4800,1
36.050,11.5200,-0.0040,0.0025,0.0000,0.4800,1
36.067,11.5200,-0.0040,0.0004,0.0000,0.4800,1
36.083,11.5200,-0.0039,0.0004,0.0000,0.4800,1
36.100,11.5200,-0.0040,0.0007,0.0000,0.4800,1
36.117,11.5200,-0.0040,0.0008,0.0000,0.4800,1
36.133,11.5200,-0.0040,0.0006,0.0000,0.4800,1
36.150,11.5200,-0.0039,0.0011,0.0000,0.4800,1
36.167,11.5200,-0.0040,0.0015,0.0000,0.4800,1
36.183,11.5200,-0.0040,0.0007,0.0000,0.4800,1
36.200,11.5200,-0.0040,0.0008,0.0000,0.4800,1
36.217,11.5200,-0.0040,0.0007,0.0000,0.4800,1
36.233,11.5200,-0.0040,0.0009,0.0000,0.4800,1
36.250,11.5200,-0.0040,0.0005,0.0000,0.4800,1
36.267,11.5200,-0.0039,0.0023,0.0000,0.4800,1
36.283,11.5200,-0.0040,0.0014,0.0000,0.4800,1
36.300,11.5200,-0.0039,0.0028,0.0000,0.4800,1
36.317,11.5200,-0.0039,0.0015,0.0000,0.4800,1
36.333,11.5200,-0.0039,0.0004,0.0000,0.4800,1
36.350,11.5200,-0.0039,0.0002,0.0000,0.4800,1
36.367,11.5200,-0.0039,0.0000,0.0000,0.4800,1
36.383,11.5200,-0.0040,0.0004,0.0000,0.4800,1
36.400,11.5200,-0.0040,0.0009,0.0000,0.4800,1
36.417,11.5200,-0.0040,0.0009,0.0000,0.4800,1
36.433,11.5200,-0.0039,0.0014,0.0000,0.4800,1
36.450,11.5200,-0.0039,0.0003,0.0000,0.4800,1
36.467,11.5200,-0.0040,0.0024,0.0000,0.4800,1
36.483,11.5200,-0.0039,0.0019,0.0000,0.4800,1
36.500,11.5200,-0.0039,0.0017,0.0000,0.4800,1
36.517,11.5200,-0.0039,0.0004,0.0000,0.4800,1
36.533,11.5200,-0.0039,0.0024,0.0000,0.4800,1
36.550,11.5200,-0.0039,0.0004,0.0000,0.4800,1
36.567,11.5200,-0.0039,0.0010,0.0000,0.4800,1
36.583,11.5200,-0.0040,0.0021,0.0000,0.4800,1
36.600,11.5200,-0.0040,0.0004,0.0000,0.4800,1
36.617,11.5200,-0.0039,0.0012,0.0000,0.4800,1
36.633,11.5200,-0.0040,0.0009,0.0000,0.4800,1
36.650,11.5200,-0.0040,0.0006,0.0000,0.4800,1
36.667,11.5200,-0.0039,0.0016,0.0000,0.4800,1
36.683,11.5200,-0.0039,0.0005,0.0000,0.4800,1
36.700,11.5200,-0.0039,0.0001,0.0000,0.4800,1
36.717,11.5200,-0.0039,0.0000,0.0000,0.4800,1
36.733,11.5200,-0.0040,0.0011,0.0000,0.4800,1
36.750,11.5200,-0.0040,0.0005,0.0000,0.4800,1
36.767,11.5200,-0.0040,0.0002,0.0000,0.4800,1
36.783,11.5200,-0.0040,0.0008,0.0000,0.4800,1
36.800,11.5200,-0.0039,0.0023,0.0000,0.4800,1
36.817,11.5200,-0.0040,0.0019,0.0000,0.4800,1
36.833,11.5200,-0.0039,0.0010,0.0000,0.4800,1
36.850,11.5200,-0.0039,0.0005,0.0000,0.4800,1
36.867,11.5200,-0.0039,0.0002,0.0000,0.4800,1
36.883,11.5200,-0.0039,0.0004,0.0000,0.4800,1
36.900,11.5200,-0.0039,0.0005,0.0000,0.4800,1
36.917,11.5200,-0.0040,0.0015,0.0000,0.4800,1
36.933,11.5200,-0.0039,0.0010,0.0000,0.4800,1
36.950,11.5200,-0.0040,0.0013,0.0000,0.4800,1
36.967,11.5200,-0.0039,0.0013,0.0000,0.4800,1
36.983,11.5200,-0.0040,0.0006,0.0000,0.4800,1
37.000,11.5200,-0.0040,0.0005,0.0000,0.4800,1
37.017,11.5200,-0.0040,0.0007,0.0000,0.4800,1
37.033,11.5200,-0.0040,0.0010,0.0000,0.4800,1
37.050,11.5200,-0.0039,0.0032,0.0000,0.4800,1
37.067,11.5200,-0.0039,0.0017,0.0000,0.4800,1
37.083,11.5200,-0.0040,0.0012,0.0000,0.4800,1
37.100,11.5200,-0.0039,0.0011,0.0000,0.4800,1
37.117,11.5200,-0.0039,0.0001,0.0000,0.4800,1
37.133,11.5200,-0.0040,0.0022,0.0000,0.4800,1
37.150,11.5200,-0.0040,0.0007,0.0000,0.4800,1
37.167,11.5200,-0.0039,0.0030,0.0000,0.4800,1
37.183,11.5200,-0.0039,0.0014,0.0000,0.4800,1
37.200,11.5200,-0.0040,0.0009,0.0000,0.4800,1
37.217,11.5200,-0.0040,0.0001,0.0000,0.4800,1
37.233,11.5200,-0.0040,0.0009,0.0000,0.4800,1
37.250,11.5200,-0.0040,0.0007,0.0000,0.4800,1
37.267,11.5200,-0.0039,0.0007,0.0000,0.4800,1
37.283,11.5200,-0.0040,0.0004,0.0000,0.4800,1
37.300,11.5200,-0.0039,0.0007,0.0000,0.4800,1
37.317,11.5200,-0.0040,0.0009,0.0000,0.4800,1
37.333,11.5200,-0.0040,0.0008,0.0000,0.4800,1
37.350,11.5200,-0.0040,0.0008,0.0000,0.4800,1
37.367,11.5200,-0.0039,0.0012,0.0000,0.4800,1
37.383,11.5200,-0.0039,0.0001,0.0000,0.4800,1
37.400,11.5200,-0.0040,0.0018,0.0000,0.4800,1
37.417,11.5200,-0.0039,0.0010,0.0000,0.4800,1
37.433,11.5200,-0.0039,0.0025,0.0000,0.4800,1
37.450,11.5200,-0.0039,0.0021,0.0000,0.4800,1
37.467,11.5200,-0.0040,0.0009,0.0000,0.4800,1
37.483,11.5200,-0.0039,0.0003,0.0000,0.4800,1
37.500,11.5200,-0.0040,0.0014,0.0000,0.4800,1
37.517,11.5200,-0.0040,0.0010,0.0000,0.4800,1
37.533,11.5200,-0.0039,0.0009,0.0000,0.4800,1
37.550,11.5200,-0.0039,0.0012,0.0000,0.4800,1
37.567,11.5200,-0.0040,0.0021,0.0000,0.4800,1
37.583,11.5200,-0.0039,0.0028,0.0000,0.4800,1
37.600,11.5200,-0.0039,0.0024,0.0000,0.4800,1
37.617,11.5200,-0.0039,0.0024,0.0000,0.4800,1
37.633,11.5200,-0.0039,0.0003,0.0000,0.4800,1
37.650,11.5200,-0.0039,0.0010,0.0000,0.4800,1
37.667,11.5200,-0.0039,0.0003,0.0000,0.4800,1
37.683,11.5200,-0.0039,0.0010,0.0000,0.4800,1
37.700,11.5200,-0.0039,0.0018,0.0000,0.4800,1
37.717,11.5200,-0.0039,0.0004,0.0000,0.4800,1
37.733,11.5200,-0.0039,0.0010,0.0000,0.4800,1
37.750,11.5200,-0.0039,0.0012,0.0000,0.4800,1
37.767,11.5200,-0.0039,0.0004,0.0000,0.4800,1
37.783,11.5200,-0.0039,0.0015,0.0000,0.4800,1
37.800,11.5200,-0.0039,0.0004,0.0000,0.4800,1
37.817,11.5200,-0.0039,0.0004,0.0000,0.4800,1
37.833,11.5200,-0.0039,0.0002,0.0000,0.4800,1
37.850,11.5200,-0.0039,0.0001,0.0000,0.4800,1
37.867,11.5200,-0.0039,0.0015,0.0000,0.4800,1
37.883,11.5200,-0.0039,0.0006,0.0000,0.4800,1
37.900,11.5200,-0.0039,0.0004,0.0000,0.4800,1
37.917,11.5200,-0.0039,0.0001,0.0000,0.4800,1
37.933,11.5200,-0.0039,0.0010,0.0000,0.4800,1
37.950,11.5200,-0.0039,0.0001,0.0000,0.4800,1
37.967,11.5200,-0.0039,0.0008,0.0000,0.4800,1
37.983,11.5200,-0.0040,0.0008,0.0000,0.4800,1
38.000,11.5200,-0.0040,0.0022,0.0000,0.4800,1
38.017,11.5200,-0.0040,0.0003,0.0000,0.4800,1
38.033,11.5200,-0.0040,0.0016,0.0000,0.4800,1
38.050,11.5200,-0.0040,0.0008,0.0000,0.4800,1
38.067,11.5200,-0.0040,0.0017,0.0000,0.4800,1
38.083,11.5200,-0.0040,0.0011,0.0000,0.4800,1
38.100,11.5200,-0.0040,0.0004,0.0000,0.4800,1
38.117,11.5200,-0.0040,0.0021,0.0000,0.4800,1
38.133,11.5200,-0.0040,0.0016,0.0000,0.4800,1
38.150,11.5200,-0.0039,0.0010,0.0000,0.4800,1
38.167,11.5200,-0.0040,0.0016,0.0000,0.4800,1
38.183,11.5200,-0.0040,0.0009,0.0000,0.4800,1
38.200,11.5200,-0.0040,0.0004,0.0000,0.4800,1
38.217,11.5200,-0.0040,0.0007,0.0000,0.4800,1
38.233,11.5200,-0.0040,0.0001,0.0000,0.4800,1
38.250,11.5200,-0.0039,0.0009,0.0000,0.4800,1
38.267,11.5200,-0.0040,0.0011,0.0000,0.4800,1
38.283,11.5200,-0.0040,0.0004,0.0000,0.4800,1
38.300,11.5200,-0.0040,0.0002,0.0000,0.4800,1
38.317,11.5200,-0.0040,0.0010,0.0000,0.4800,1
38.333,11.5200,-0.0040,0.0003,0.0000,0.4800,1
38.350,11.5200,-0.0040,0.0008,0.0000,0.4800,1
38.367,11.5200,-0.0040,0.0019,0.0000,0.4800,1
38.383,11.5200,-0.0040,0.0014,0.0000,0.4800,1
38.400,11.5200,-0.0040,0.0006,0.0000,0.4800,1
38.417,11.5200,-0.0040,0.0005,0.0000,0.4800,1
38.433,11.5200,-0.0040,0.0008,0.0000,0.4800,1
38.450,11.5200,-0.0040,0.0009,0.0000,0.4800,1
38.467,11.5200,-0.0040,0.0003,0.0000,0.4800,1
38.483,11.5200,-0.0040,0.0018,0.0000,0.4800,1
38.500,11.5200,-0.0040,0.0001,0.0000,0.4800,1
38.517,11.5200,-0.0040,0.0023,0.0000,0.4800,1
38.533,11.5200,-0.0040,0.0019,0.0000,0.4800,1
38.550,11.5200,-0.0040,0.0011,0.0000,0.4800,1
38.567,11.5200,-0.0040,0.0010,0.0000,0.4800,1
38.583,11.5200,-0.0040,0.0005,0.0000,0.4800,1
38.600,11.5200,-0.0040,0.0010,0.0000,0.4800,1
38.617,11.5200,-0.0040,0.0002,0.0000,0.4800,1
38.633,11.5200,-0.0040,0.0019,0.0000,0.4800,1
38.650,11.5200,-0.0040,0.0020,0.0000,0.4800,1
38.667,11.5200,-0.0040,0.0004,0.0000,0.4800,1
38.683,11.5200,-0.0040,0.0010,0.0000,0.4800,1
38.700,11.5200,-0.0040,0.0004,0.0000,0.4800,1
38.717,11.5200,-0.0040,0.0005,0.0000,0.4800,1
38.733,11.5200,-0.0040,0.0008,0.0000,0.4800,1
38.750,11.5200,-0.0040,0.0012,0.0000,0.4800,1
38.767,11.5200,-0.0040,0.0015,0.0000,0.4800,1
38.783,11.5200,-0.0040,0.0027,0.0000,0.4800,1
38.800,11.5200,-0.0040,0.0028,0.0000,0.4800,1
38.817,11.5200,-0.0040,0.0004,0.0000,0.4800,1
38.833,11.5200,-0.0040,0.0012,0.0000,0.4800,1
38.850,11.5200,-0.0040,0.0004,0.0000,0.4800,1
38.867,11.5200,-0.0040,0.0004,0.0000,0.4800,1
38.883,11.5200,-0.0040,0.0006,0.0000,0.4800,1
38.900,11.5200,-0.0040,0.0002,0.0000,0.4800,1
38.917,11.5200,-0.0040,0.0016,0.0000,0.4800,1
38.933,11.5200,-0.0040,0.0003,0.0000,0.4800,1
38.950,11.5200,-0.0040,0.0006,0.0000,0.4800,1
38.967,11.5200,-0.0040,0.0010,0.0000,0.4800,1
38.983,11.5200,-0.0040,0.0014,0.0000,0.4800,1
39.000,11.5200,-0.0040,0.0011,0.0000,0.4800,1
39.017,11.5200,-0.0040,0.0023,0.0000,0.4800,1
39.033,11.5200,-0.0040,0.0021,0.0000,0.4800,1
39.050,11.5200,-0.0040,0.0009,0.0000,0.4800,1
39.067,11.5200,-0.0040,0.0016,0.0000,0.4800,1
39.083,11.5200,-0.0040,0.0004,0.0000,0.4800,1
39.100,11.5200,-0.0040,0.0007,0.0000,0.4800,1
39.117,11.5200,-0.0040,0.0010,0.0000,0.4800,1
39.133,11.5200,-0.0040,0.0001,0.0000,0.4800,1
39.150,11.5200,-0.0040,0.0017,0.0000,0.4800,1
39.167,11.5200,-0.0040,0.0015,0.0000,0.4800,1
39.183,11.5200,-0.0040,0.0008,0.0000,0.4800,1
39.200,11.5200,-0.0040,0.0012,0.0000,0.4800,1
39.217,11.5200,-0.0040,0.0008,0.0000,0.4800,1
39.233,11.5200,-0.0040,0.0007,0.0000,0.4800,1
39.250,11.5200,-0.0040,0.0010,0.0000,0.4800,1
39.267,11.5200,-0.0040,0.0003,0.0000,0.4800,1
39.283,11.5200,-0.0040,0.0007,0.0000,0.4800,1
39.300,11.5200,-0.0040,0.0012,0.0000,0.4800,1
39.317,11.5200,-0.0040,0.0010,0.0000,0.4800,1
39.333,11.5200,-0.0040,0.0001,0.0000,0.4800,1
39.350,11.5200,-0.0040,0.0015,0.0000,0.4800,1
39.367,11.5200,-0.0040,0.0005,0.0000,0.4800,1
39.383,11.5200,-0.0040,0.0014,0.0000,0.4800,1
39.400,11.5200,-0.0040,0.0006,0.0000,0.4800,1
39.417,11.5200,-0.0040,0.0007,0.0000,0.4800,1
39.433,11.5200,-0.0040,0.0003,0.0000,0.4800,1
39.450,11.5200,-0.0040,0.0008,0.0000,0.4800,1
39.467,11.5200,-0.0040,0.0004,0.0000,0.4800,1
39.483,11.5200,-0.0040,0.0001,0.0000,0.4800,1
39.500,11.5200,-0.0040,0.0009,0.0000,0.4800,1
39.517,11.5200,-0.0040,0.0003,0.0000,0.4800,1
39.533,11.5200,-0.0040,0.0000,0.0000,0.4800,1
39.550,11.5200,-0.0040,0.0002,0.0000,0.4800,1
39.567,11.5200,-0.0040,0.0004,0.0000,0.4800,1
39.583,11.5200,-0.0040,0.0001,0.0000,0.4800,1
39.600,11.5200,-0.0040,0.0010,0.0000,0.4800,1
39.617,11.5200,-0.0040,0.0012,0.0000,0.4800,1
39.633,11.5200,-0.0040,0.0006,0.0000,0.4800,1
39.650,11.5200,-0.0040,0.0021,0.0000,0.4800,1
39.667,11.5200,-0.0040,0.0013,0.0000,0.4800,1
39.683,11.5200,-0.0040,0.0009,0.0000,0.4800,1
39.700,11.5200,-0.0040,0.0026,0.0000,0.4800,1
39.717,11.5200,-0.0040,0.0015,0.0000,0.4800,1
39.733,11.5200,-0.0040,0.0007,0.0000,0.4800,1
39.750,11.5200,-0.0040,0.0003,0.0000,0.4800,1
39.767,11.5200,-0.0040,0.0021,0.0000,0.4800,1
39.783,11.5200,-0.0040,0.0005,0.0000,0.4800,1
39.800,11.5200,-0.0040,0.0009,0.0000,0.4800,1
39.817,11.5200,-0.0040,0.0006,0.0000,0.4800,1
39.833,11.5200,-0.0040,0.0000,0.0000,0.4800,1
39.850,11.5200,-0.0040,0.0014,0.0000,0.4800,1
39.867,11.5200,-0.0040,0.0006,0.0000,0.4800,1
39.883,11.5200,-0.0040,0.0005,0.0000,0.4800,1
39.900,11.5200,-0.0040,0.0014,0.0000,0.4800,1
39.917,11.5200,-0.0040,0.0003,0.0000,0.4800,1
39.933,11.5200,-0.0040,0.0013,0.0000,0.4800,1
39.950,11.5200,-0.0039,0.0036,0.0000,0.4800,1
39.967,11.5200,-0.0040,0.0016,0.0000,0.4800,1
39.983,11.5200,-0.0040,0.0004,0.0000,0.4800,1
40.000,11.5200,-0.0039,0.0012,0.0000,0.4800,1
40.017,11.5200,-0.0039,0.0010,0.0000,0.4800,1
40.033,11.5200,-0.0039,0.0015,0.0000,0.4800,1
40.050,11.5200,-0.0039,0.0005,0.0000,0.4800,1
40.067,11.5200,-0.0039,0.0009,0.0000,0.4800,1
40.083,11.5200,-0.0039,0.0015,0.0000,0.4800,1
40.100,11.5200,-0.0039,0.0017,0.0000,0.4800,1
40.117,11.5200,-0.0040,0.0009,0.0000,0.4800,1
40.133,11.5200,-0.0040,0.0002,0.0000,0.4800,1
40.150,11.5200,-0.0039,0.0011,0.0000,0.4800,1
40.167,11.5200,-0.0039,0.0002,0.0000,0.4800,1
40.183,11.5200,-0.0039,0.0013,0.0000,0.4800,1
40.200,11.5200,-0.0040,0.0023,0.0000,0.4800,1
40.217,11.5200,-0.0040,0.0003,0.0000,0.4800,1
40.233,11.5200,-0.0039,0.0020,0.0000,0.4800,1
40.250,11.5200,-0.0039,0.0005,0.0000,0.4800,1
40.267,11.5200,-0.0039,0.0013,0.0000,0.4800,1
40.283,11.5200,-0.0039,0.0010,0.0000,0.4800,1
40.300,11.5200,-0.0039,0.0012,0.0000,0.4800,1
40.317,11.5200,-0.0040,0.0017,0.0000,0.4800,1
40.333,11.5200,-0.0039,0.0023,0.0000,0.4800,1
40.350,11.5200,-0.0039,0.0013,0.0000,0.4800,1
40.367,11.5200,-0.0040,0.0039,0.0000,0.4800,1
40.383,11.5200,-0.0040,0.0003,0.0000,0.4800,1
40.400,11.5200,-0.0039,0.0027,0.0000,0.4800,1
40.417,11.5200,-0.0040,0.0021,0.0000,0.4800,1
40.433,11.5200,-0.0040,0.0010,0.0000,0.4800,1
40.450,11.5200,-0.0040,0.0010,0.0000,0.4800,1
40.467,11.5200,-0.0040,0.0006,0.0000,0.4800,1
40.483,11.5200,-0.0039,0.0014,0.0000,0.4800,1
40.500,11.5200,-0.0040,0.0022,0.0000,0.4800,1
40.517,11.5200,-0.0040,0.0005,0.0000,0.4800,1
40.533,11.5200,-0.0039,0.0034,0.0000,0.4800,1
40.550,11.5200,-0.0040,0.0050,0.0000,0.4800,1
40.567,11.5200,-0.0040,0.0008,0.0000,0.4800,1
40.583,11.5200,-0.0039,0.0025,0.0000,0.4800,1
40.600,11.5200,-0.0039,0.0004,0.0000,0.4800,1
40.617,11.5200,-0.0039,0.0018,0.0000,0.4800,1
40.633,11.5200,-0.0040,0.0042,0.0000,0.4800,1
40.650,11.5200,-0.0039,0.0036,0.0000,0.4800,1
40.667,11.5200,-0.0039,0.0018,0.0000,0.4800,1
40.683,11.5200,-0.0039,0.0001,0.0000,0.4800,1
40.700,11.5200,-0.0039,0.0016,0.0000,0.4800,1
40.717,11.5200,-0.0039,0.0008,0.0000,0.4800,1
40.733,11.5200,-0.0039,0.0019,0.0000,0.4800,1
40.750,11.5200,-0.0039,0.0006,0.0000,0.4800,1
40.767,11.5200,-0.0039,0.0026,0.0000,0.4800,1
40.783,11.5200,-0.0039,0.0003,0.0000,0.4800,1
40.800,11.5200,-0.0039,0.0018,0.0000,0.4800,1
40.817,11.5200,-0.0039,0.0009,0.0000,0.4800,1
40.833,11.5200,-0.0039,0.0030,0.0000,0.4800,1
40.850,11.5200,-0.0039,0.0005,0.0000,0.4800,1
40.867,11.5200,-0.0039,0.0030,0.0000,0.4800,1
40.883,11.5200,-0.0039,0.0040,0.0000,0.4800,1
40.900,11.5200,-0.0039,0.0003,0.0000,0.4800,1
40.917,11.5200,-0.0039,0.0022,0.0000,0.4800,1
40.933,11.5200,-0.0039,0.0001,0.0000,0.4800,1
40.950,11.5200,-0.0039,0.0016,0.0000,0.4800,1
40.967,11.5200,-0.0039,0.0036,0.0000,0.4800,1
40.983,11.5200,-0.0039,0.0028,0.0000,0.4800,1
41.000,11.5200,-0.0038,0.0046,0.0000,0.4800,1
41.017,11.5200,-0.0038,0.0004,0.0000,0.4800,1
41.033,11.5200,-0.0038,0.0008,0.0000,0.4800,1
41.050,11.5200,-0.0038,0.0025,0.0000,0.4800,1
41.067,11.5200,-0.0038,0.0023,0.0000,0.4800,1
41.083,11.5200,-0.0038,0.0017,0.0000,0.4800,1
41.100,11.5200,-0.0038,0.0011,0.0000,0.4800,1
41.117,11.5200,-0.0038,0.0011,0.0000,0.4800,1
41.133,11.5200,-0.0037,0.0069,0.0000,0.4800,1
41.150,11.5200,-0.0037,0.0033,0.0000,0.4800,1
41.167,11.5200,-0.0037,0.0019,0.0000,0.4800,1
41.183,11.5200,-0.0036,0.0020,0.0000,0.4800,1
41.200,11.5200,-0.0037,0.0006,0.0000,0.4800,1
41.217,11.5200,-0.0037,0.0006,0.0000,0.4800,1
41.233,11.5200,-0.0036,0.0026,0.0000,0.4800,1
41.250,11.5200,-0.0036,0.0005,0.0000,0.4800,1
41.267,11.5200,-0.0036,0.0003,0.0000,0.4800,1
41.283,11.5200,-0.0036,0.0007,0.0000,0.4800,1
41.300,11.5200,-0.0036,0.0001,0.0000,0.4800,1
41.317,11.5200,-0.0036,0.0014,0.0000,0.4800,1
41.333,11.5200,-0.0036,0.0031,0.0000,0.4800,1
41.350,11.5200,-0.0036,0.0028,0.0000,0.4800,1
41.367,11.5200,-0.0036,0.0010,0.0000,0.4800,1
41.383,11.5200,-0.0036,0.0026,0.0000,0.4800,1
41.400,11.5200,-0.0036,0.0017,0.0000,0.4800,1
41.417,11.5200,-0.0036,0.0018,0.0000,0.4800,1
41.433,11.5200,-0.0036,0.0024,0.0000,0.4800,1
41.450,11.5200,-0.0036,0.0005,0.0000,0.4800,1
41.467,11.5200,-0.0036,0.0001,0.0000,0.4800,1
41.483,11.5200,-0.0036,0.0014,0.0000,0.4800,1
41.500,11.5200,-0.0036,0.0010,0.0000,0.4800,1
41.517,11.5200,-0.0036,0.0017,0.0000,0.4800,1
41.533,11.5200,-0.0036,0.0019,0.0000,0.4800,1
41.550,11.5200,-0.0036,0.0023,0.0000,0.4800,1
41.567,11.5200,-0.0036,0.0007,0.0000,0.4800,1
41.583,11.5200,-0.0036,0.0009,0.0000,0.4800,1
41.600,11.5200,-0.0036,0.0007,0.0000,0.4800,1
41.617,11.5200,-0.0036,0.0020,0.0000,0.4800,1
41.633,11.5200,-0.0036,0.0025,0.0000,0.4800,1
41.650,11.5200,-0.0036,0.0016,0.0000,0.4800,1
41.667,11.5200,-0.0036,0.0027,0.0000,0.4800,1
41.683,11.5200,-0.0036,0.0003,0.0000,0.4800,1
41.700,11.5200,-0.0036,0.0018,0.0000,0.4800,1
41.717,11.5200,-0.0036,0.0017,0.0000,0.4800,1
41.733,11.5200,-0.0036,0.0010,0.0000,0.4800,1
41.750,11.5200,-0.0035,0.0016,0.0000,0.4800,1
41.767,11.5200,-0.0036,0.0019,0.0000,0.4800,1
41.783,11.5200,-0.0036,0.0009,0.0000,0.4800,1
41.800,11.5200,-0.0036,0.0002,0.0000,0.4800,1
41.817,11.5200,-0.0036,0.0013,0.0000,0.4800,1
41.833,11.5200,-0.0036,0.0001,0.0000,0.4800,1
41.850,11.5200,-0.0036,0.0004,0.0000,0.4800,1
41.867,11.5200,-0.0036,0.0021,0.0000,0.4800,1
41.883,11.5200,-0.0036,0.0005,0.0000,0.4800,1
41.900,11.5200,-0.0035,0.0046,0.0000,0.4800,1
41.917,11.5200,-0.0036,0.0036,0.0000,0.4800,1
41.933,11.5200,-0.0036,0.0016,0.0000,0.4800,1
41.950,11.5200,-0.0036,0.0008,0.0000,0.4800,1
41.967,11.5200,-0.0036,0.0011,0.0000,0.4800,1
41.983,11.5200,-0.0036,0.0001,0.0000,0.4800,1
42.000,11.5200,-0.0036,0.0025,0.0000,0.4800,1
42.017,11.5200,-0.0036,0.0041,0.0000,0.4800,1
42.033,11.5200,-0.0036,0.0004,0.0000,0.4800,1
42.050,11.5200,-0.0036,0.0022,0.0000,0.4800,1
42.067,11.5200,-0.0036,0.0009,0.0000,0.4800,1
42.083,11.5200,-0.0036,0.0034,0.0000,0.4800,1
42.100,11.5200,-0.0036,0.0029,0.0000,0.4800,1
42.117,11.5200,-0.0036,0.0013,0.0000,0.4800,1
42.133,11.5200,-0.0036,0.0010,0.0000,0.4800,1
42.150,11.5200,-0.0036,0.0022,0.0000,0.4800,1
42.167,11.5200,-0.0036,0.0025,0.0000,0.4800,1
42.183,11.5200,-0.0036,0.0001,0.0000,0.4800,1
42.200,11.5200,-0.0036,0.0032,0.0000,0.4800,1
42.217,11.5200,-0.0037,0.0045,0.0000,0.4800,1
42.233,11.5200,-0.0036,0.0017,0.0000,0.4800,1
42.250,11.5200,-0.0036,0.0021,0.0000,0.4800,1
42.267,11.5200,-0.0036,0.0009,0.0000,0.4800,1
42.283,11.5200,-0.0036,0.0021,0.0000,0.4800,1
42.300,11.5200,-0.0036,0.0022,0.0000,0.4800,1
42.317,11.5200,-0.0036,0.0002,0.0000,0.4800,1
42.333,11.5200,-0.0037,0.0035,0.0000,0.4800,1
42.350,11.5200,-0.0036,0.0017,0.0000,0.4800,1
42.367,11.5200,-0.0036,0.0033,0.0000,0.4800,1
42.383,11.5200,-0.0036,0.0018,0.0000,0.4800,1
42.400,11.5200,-0.0036,0.0002,0.0000,0.4800,1
42.417,11.5200,-0.0037,0.0047,0.0000,0.4800,1
42.433,11.5200,-0.0037,0.0019,0.0000,0.4800,1
42.450,11.5200,-0.0037,0.0006,0.0000,0.4800,1
42.467,11.5200,-0.0036,0.0066,0.0000,0.4800,1
42.483,11.5200,-0.0037,0.0020,0.0000,0.4800,1
42.500,11.5200,-0.0036,0.0003,0.0000,0.4800,1
42.517,11.5200,-0.0036,0.0022,0.0000,0.4800,1
42.533,11.5200,-0.0036,0.0020,0.0000,0.4800,1
42.550,11.5200,-0.0036,0.0021,0.0000,0.4800,1
42.567,11.5200,-0.0036,0.0006,0.0000,0.4800,1
42.583,11.5200,-0.0036,0.0010,0.0000,0.4800,1
42.600,11.5200,-0.0036,0.0002,0.0000,0.4800,1
42.617,11.5200,-0.0036,0.0021,0.0000,0.4800,1
42.633,11.5200,-0.0036,0.0011,0.0000,0.4800,1
42.650,11.5200,-0.0036,0.0006,0.0000,0.4800,1
42.667,11.5200,-0.0036,0.0018,0.0000,0.4800,1
42.683,11.5200,-0.0036,0.0005,0.0000,0.4800,1
42.700,11.5200,-0.0036,0.0006,0.0000,0.4800,1
42.717,11.5200,-0.0036,0.0013,0.0000,0.4800,1
42.733,11.5200,-0.0036,0.0002,0.0000,0.4800,1
42.750,11.5200,-0.0036,0.0018,0.0000,0.4800,1
42.767,11.5200,-0.0036,0.0014,0.0000,0.4800,1
42.783,11.5200,-0.0036,0.0010,0.0000,0.4800,1
42.800,11.5200,-0.0036,0.0005,0.0000,0.4800,1
42.817,11.5200,-0.0036,0.0015,0.0000,0.4800,1
42.833,11.5200,-0.0036,0.0007,0.0000,0.4800,1
42.850,11.5200,-0.0036,0.0014,0.0000,0.4800,1
42.867,11.5200,-0.0036,0.0009,0.0000,0.4800,1
42.883,11.5200,-0.0036,0.0002,0.0000,0.4800,1
42.900,11.5200,-0.0036,0.0007,0.0000,0.4800,1
42.917,11.5200,-0.0036,0.0002,0.0000,0.4800,1
42.933,11.5200,-0.0036,0.0008,0.0000,0.4800,1
42.950,11.5200,-0.0036,0.0008,0.0000,0.4800,1
42.967,11.5200,-0.0036,0.0031,0.0000,0.4800,1
42.983,11.5200,-0.0036,0.0023,0.0000,0.4800,1
43.000,11.5200,-0.0036,0.0006,0.0000,0.4800,1
43.017,11.5200,-0.0036,0.0003,0.0000,0.4800,1
43.033,11.5200,-0.0036,0.0004,0.0000,0.4800,1
43.050,11.5200,-0.0036,0.0013,0.0000,0.4800,1
43.067,11.5200,-0.0036,0.0001,0.0000,0.4800,1
43.083,11.5200,-0.0036,0.0017,0.0000,0.4800,1
43.100,11.5200,-0.0036,0.0020,0.0000,0.4800,1
43.117,11.5200,-0.0036,0.0010,0.0000,0.4800,1
43.133,11.5200,-0.0036,0.0046,0.0000,0.4800,1
43.150,11.5200,-0.0036,0.0013,0.0000,0.4800,1
43.167,11.5200,-0.0036,0.0010,0.0000,0.4800,1
43.183,11.5200,-0.0035,0.0021,0.0000,0.4800,1
43.200,11.5200,-0.0035,0.0010,0.0000,0.4800,1
43.217,11.5200,-0.0036,0.0012,0.0000,0.4800,1
43.233,11.5200,-0.0036,0.0009,0.0000,0.4800,1
43.250,11.5200,-0.0036,0.0004,0.0000,0.4800,1
43.267,11.5200,-0.0035,0.0018,0.0000,0.4800,1
43.283,11.5200,-0.0035,0.0005,0.0000,0.4800,1
43.300,11.5200,-0.0036,0.0023,0.0000,0.4800,1
43.317,11.5200,-0.0036,0.0010,0.0000,0.4800,1
43.333,11.5200,-0.0035,0.0018,0.0000,0.4800,1
43.350,11.5200,-0.0035,0.0001,0.0000,0.4800,1
43.367,11.5200,-0.0035,0.0003,0.0000,0.4800,1
43.383,11.5200,-0.0035,0.0001,0.0000,0.4800,1
43.400,11.5200,-0.0036,0.0008,0.0000,0.4800,1
43.417,11.5200,-0.0036,0.0000,0.0000,0.4800,1
43.433,11.5200,-0.0035,0.0014,0.0000,0.4800,1
43.450,11.5200,-0.0035,0.0002,0.0000,0.4800,1
43.467,11.5200,-0.0036,0.0016,0.0000,0.4800,1
43.483,11.5200,-0.0036,0.0006,0.0000,0.4800,1
43.500,11.5200,-0.0036,0.0006,0.0000,0.4800,1
43.517,11.5200,-0.0036,0.0013,0.0000,0.4800,1
43.533,11.5200,-0.0035,0.0012,0.0000,0.4800,1
43.550,11.5200,-0.0035,0.0008,0.0000,0.4800,1
43.567,11.5200,-0.0036,0.0009,0.0000,0.4800,1
43.583,11.5200,-0.0036,0.0004,0.0000,0.4800,1
43.600,11.5200,-0.0035,0.0017,0.0000,0.4800,1
43.617,11.5200,-0.0035,0.0000,0.0000,0.4800,1
43.633,11.5200,-0.0036,0.0011,0.0000,0.4800,1
43.650,11.5200,-0.0036,0.0001,0.0000,0.4800,1
43.667,11.5200,-0.0036,0.0002,0.0000,0.4800,1
43.683,11.5200,-0.0036,0.0007,0.0000,0.4800,1
43.700,11.5200,-0.0036,0.0005,0.0000,0.4800,1
43.717,11.5200,-0.0036,0.0001,0.0000,0.4800,1
43.733,11.5200,-0.0036,0.0002,0.0000,0.4800,1
43.750,11.5200,-0.0036,0.0002,0.0000,0.4800,1
43.767,11.5200,-0.0036,0.0005,0.0000,0.4800,1
43.783,11.5200,-0.0036,0.0003,0.0000,0.4800,1
43.800,11.5200,-0.0036,0.0002,0.0000,0.4800,1
43.817,11.5200,-0.0036,0.0009,0.0000,0.4800,1
43.833,11.5200,-0.0036,0.0005,0.0000,0.4800,1
43.850,11.5200,-0.0036,0.0005,0.0000,0.4800,1
43.867,11.5200,-0.0036,0.0007,0.0000,0.4800,1
43.883,11.5200,-0.0036,0.0006,0.0000,0.4800,1
43.900,11.5200,-0.0036,0.0007,0.0000,0.4800,1
43.917,11.5200,-0.0036,0.0016,0.0000,0.4800,1
43.933,11.5200,-0.0035,0.0011,0.0000,0.4800,1
43.950,11.5200,-0.0036,0.0021,0.0000,0.4800,1
43.967,11.5200,-0.0036,0.0012,0.0000,0.4800,1
43.983,11.5200,-0.0036,0.0008,0.0000,0.4800,1
44.000,11.5200,-0.0036,0.0014,0.0000,0.4800,1
44.017,11.5200,-0.0036,0.0001,0.0000,0.4800,1
44.033,11.5200,-0.0036,0.0012,0.0000,0.4800,1
44.050,11.5200,-0.0036,0.0012,0.0000,0.4800,1
44.067,11.5200,-0.0036,0.0005,0.0000,0.4800,1
44.083,11.5200,-0.0036,0.0010,0.0000,0.4800,1
44.100,11.5200,-0.0036,0.0007,0.0000,0.4800,1
44.117,11.5200,-0.0036,0.0008,0.0000,0.4800,1
44.133,11.5200,-0.0036,0.0011,0.0000,0.4800,1
44.150,11.5200,-0.0036,0.0010,0.0000,0.4800,1
44.167,11.5200,-0.0036,0.0003,0.0000,0.4800,1
44.183,11.5200,-0.0036,0.0007,0.0000,0.4800,1
44.200,11.5200,-0.0036,0.0013,0.0000,0.4800,1
44.217,11.5200,-0.0036,0.0006,0.0000,0.4800,1
44.233,11.5200,-0.0036,0.0016,0.0000,0.4800,1
44.250,11.5200,-0.0036,0.0000,0.0000,0.4800,1
44.267,11.5200,-0.0036,0.0014,0.0000,0.4800,1
44.283,11.5200,-0.0036,0.0011,0.0000,0.4800,1
44.300,11.5200,-0.0036,0.0004,0.0000,0.4800,1
44.317,11.5200,-0.0036,0.0001,0.0000,0.4800,1
44.333,11.5200,-0.0036,0.0010,0.0000,0.4800,1
44.350,11.5200,-0.0036,0.0018,0.0000,0.4800,1
44.367,11.5200,-0.0036,0.0006,0.0000,0.4800,1
44.383,11.5200,-0.0036,0.0004,0.0000,0.4800,1
44.400,11.5200,-0.0036,0.0016,0.0000,0.4800,1
44.417,11.5200,-0.0037,0.0018,0.0000,0.4800,1
44.433,11.5200,-0.0036,0.0007,0.0000,0.4800,1
44.450,11.5200,-0.0036,0.0013,0.0000,0.4800,1
44.467,11.5200,-0.0036,0.0013,0.0000,0.4800,1
44.483,11.5200,-0.0036,0.0004,0.0000,0.4800,1
44.500,11.5200,-0.0036,0.0007,0.0000,0.4800,1
44.517,11.5200,-0.0036,0.0008,0.0000,0.4800,1
44.533,11.5200,-0.0036,0.0013,0.0000,0.4800,1
44.550,11.5200,-0.0036,0.0008,0.0000,0.4800,1
44.567,11.5200,-0.0036,0.0007,0.0000,0.4800,1
44.583,11.5200,-0.0036,0.0002,0.0000,0.4800,1
44.600,11.5200,-0.0036,0.0003,0.0000,0.4800,1
44.617,11.5200,-0.0036,0.0008,0.0000,0.4800,1
44.633,11.5200,-0.0036,0.0009,0.0000,0.4800,1
44.650,11.5200,-0.0036,0.0019,0.0000,0.4800,1
44.667,11.5200,-0.0036,0.0005,0.0000,0.4800,1
44.683,11.5200,-0.0036,0.0015,0.0000,0.4800,1
44.700,11.5200,-0.0036,0.0005,0.0000,0.4800,1
44.717,11.5200,-0.0036,0.0006,0.0000,0.4800,1
44.733,11.5200,-0.0036,0.0017,0.0000,0.4800,1
44.750,11.5200,-0.0037,0.0034,0.0000,0.4801,1
44.767,11.5200,-0.0036,0.0021,0.0000,0.4800,1
44.783,11.5200,-0.0037,0.0006,0.0000,0.4800,1
44.800,11.5200,-0.0036,0.0010,0.0000,0.4800,1
44.817,11.5200,-0.0036,0.0002,0.0000,0.4800,1
44.833,11.5200,-0.0037,0.0013,0.0000,0.4800,1
44.850,11.5200,-0.0036,0.0009,0.0000,0.4800,1
44.867,11.5200,-0.0037,0.0003,0.0000,0.4800,1
44.883,11.5200,-0.0037,0.0010,0.0000,0.4800,1
44.900,11.5200,-0.0037,0.0006,0.0000,0.4800,1
44.917,11.5200,-0.0037,0.0028,0.0000,0.4800,1
44.933,11.5200,-0.0037,0.0021,0.0000,0.4800,1
44.950,11.5200,-0.0037,0.0014,0.0000,0.4800,1
44.967,11.5200,-0.0037,0.0022,0.0000,0.4800,1
44.983,11.5200,-0.0037,0.0006,0.0000,0.4800,1
45.000,11.5200,-0.0037,0.0005,0.0000,0.4800,1
45.017,11.5200,-0.0037,0.0004,0.0000,0.4800,1
45.033,11.5200,-0.0037,0.0003,0.0000,0.4800,1
45.050,11.5200,-0.0037,0.0025,0.0000,0.4800,1
45.067,11.5200,-0.0037,0.0002,0.0000,0.4800,1
45.083,11.5200,-0.0037,0.0015,0.0000,0.4800,1
45.100,11.5200,-0.0037,0.0009,0.0000,0.4800,1
45.117,11.5200,-0.0037,0.0005,0.0000,0.4800,1
45.133,11.5200,-0.0037,0.0011,0.0000,0.4800,1
45.150,11.5200,-0.0037,0.0011,0.0000,0.4800,1
45.167,11.5200,-0.0037,0.0011,0.0000,0.4800,1
45.183,11.5200,-0.0037,0.0002,0.0000,0.4800,1
45.200,11.5200,-0.0038,0.0060,0.0000,0.4800,1
45.217,11.5200,-0.0039,0.0051,0.0000,0.4800,1
45.233,11.5200,-0.0039,0.0023,0.0000,0.4800,1
45.250,11.5200,-0.0039,0.0021,0.0000,0.4800,1
45.267,11.5200,-0.0039,0.0004,0.0000,0.4800,1
45.283,11.5200,-0.0039,0.0001,0.0000,0.4800,1
45.300,11.5200,-0.0039,0.0001,0.0000,0.4800,1
45.317,11.5200,-0.0039,0.0005,0.0000,0.4800,1
45.333,11.5200,-0.0039,0.0002,0.0000,0.4800,1
45.350,11.5200,-0.0039,0.0012,0.0000,0.4800,1
45.367,11.5200,-0.0039,0.0018,0.0000,0.4800,1
45.383,11.5200,-0.0039,0.0005,0.0000,0.4800,1
45.400,11.5200,-0.0039,0.0013,0.0000,0.4800,1
45.417,11.5200,-0.0039,0.0008,0.0000,0.4800,1
45.433,11.5200,-0.0039,0.0008,0.0000,0.4800,1
45.450,11.5200,-0.0039,0.0014,0.0000,0.4800,1
45.467,11.5200,-0.0039,0.0015,0.0000,0.4800,1
45.483,11.5200,-0.0039,0.0006,0.0000,0.4800,1
45.500,11.5200,-0.0039,0.0031,0.0000,0.4800,1
45.517,11.5200,-0.0039,0.0049,0.0000,0.4800,1
45.533,11.5200,-0.0038,0.0009,0.0000,0.4800,1
45.550,11.5200,-0.0038,0.0012,0.0000,0.4800,1
45.567,11.5200,-0.0039,0.0018,0.0000,0.4800,1
45.583,11.5200,-0.0039,0.0005,0.0000,0.4800,1
45.600,11.5200,-0.0039,0.0011,0.0000,0.4800,1
45.617,11.5200,-0.0039,0.0007,0.0000,0.4800,1
45.633,11.5200,-0.0039,0.0002,0.0000,0.4800,1
45.650,11.5200,-0.0039,0.0002,0.0000,0.4800,1
45.667,11.5200,-0.0039,0.0008,0.0000,0.4800,1
45.683,11.5200,-0.0039,0.0004,0.0000,0.4800,1
45.700,11.5200,-0.0039,0.0005,0.0000,0.4800,1
45.717,11.5200,-0.0039,0.0004,0.0000,0.4800,1
45.733,11.5200,-0.0039,0.0006,0.0000,0.4800,1
45.750,11.5200,-0.0039,0.0008,0.0000,0.4800,1
45.767,11.5200,-0.0039,0.0018,0.0000,0.4800,1
45.783,11.5200,-0.0038,0.0005,0.0000,0.4800,1
45.800,11.5200,-0.0039,0.0020,0.0000,0.4800,1
45.817,11.5200,-0.0039,0.0014,0.0000,0.4800,1
45.833,11.5200,-0.0039,0.0012,0.0000,0.4800,1
45.850,11.5200,-0.0039,0.0006,0.0000,0.4800,1
45.867,11.5200,-0.0039,0.0007,0.0000,0.4800,1
45.883,11.5200,-0.0038,0.0011,0.0000,0.4800,1
45.900,11.5200,-0.0039,0.0012,0.0000,0.4800,1
45.917,11.5200,-0.0039,0.0000,0.0000,0.4800,1
45.933,11.5200,-0.0039,0.0008,0.0000,0.4800,1
45.950,11.5200,-0.0039,0.0004,0.0000,0.4800,1
45.967,11.5200,-0.0039,0.0009,0.0000,0.4800,1
45.983,11.5200,-0.0038,0.0008,0.0000,0.4800,1
46.000,11.5200,-0.0038,0.0009,0.0000,0.4800,1
46.017,11.5200,-0.0039,0.0018,0.0000,0.4800,1
46.033,11.5200,-0.0039,0.0003,0.0000,0.4800,1
46.050,11.5200,-0.0038,0.0026,0.0000,0.4800,1
46.067,11.5200,-0.0039,0.0022,0.0000,0.4800,1
46.083,11.5200,-0.0038,0.0003,0.0000,0.4800,1
46.100,11.5200,-0.0038,0.0004,0.0000,0.4800,1
46.117,11.5200,-0.0039,0.0011,0.0000,0.4800,1
46.133,11.5200,-0.0039,0.0006,0.0000,0.4800,1
46.150,11.5200,-0.0038,0.0023,0.0000,0.4800,1
46.167,11.5200,-0.0038,0.0008,0.0000,0.4800,1
46.183,11.5200,-0.0038,0.0015,0.0000,0.4800,1
46.200,11.5200,-0.0038,0.0003,0.0000,0.4800,1
46.217,11.5200,-0.0038,0.0006,0.0000,0.4800,1
46.233,11.5200,-0.0039,0.0006,0.0000,0.4800,1
46.250,11.5200,-0.0038,0.0015,0.0000,0.4800,1
46.267,11.5200,-0.0038,0.0001,0.0000,0.4800,1
46.283,11.5200,-0.0039,0.0012,0.0000,0.4800,1
46.300,11.5200,-0.0038,0.0004,0.0000,0.4800,1
46.317,11.5200,-0.0038,0.0000,0.0000,0.4800,1
46.333,11.5200,-0.0039,0.0005,0.0000,0.4800,1
46.350,11.5200,-0.0039,0.0001,0.0000,0.4800,1
46.367,11.5200,-0.0038,0.0013,0.0000,0.4800,1
46.383,11.5200,-0.0038,0.0012,0.0000,0.4800,1
46.400,11.5200,-0.0039,0.0006,0.0000,0.4800,1
46.417,11.5200,-0.0038,0.0014,0.0000,0.4800,1
46.433,11.5200,-0.0038,0.0006,0.0000,0.4800,1
46.450,11.5200,-0.0038,0.0002,0.0000,0.4800,1
46.467,11.5200,-0.0038,0.0007,0.0000,0.4800,1
46.483,11.5200,-0.0038,0.0003,0.0000,0.4800,1
46.500,11.5200,-0.0038,0.0008,0.0000,0.4800,1
46.517,11.5200,-0.0038,0.0001,0.0000,0.4800,1
46.533,11.5200,-0.0038,0.0011,0.0000,0.4800,1
46.550,11.5200,-0.0039,0.0009,0.0000,0.4800,1
46.567,11.5200,-0.0039,0.0011,0.0000,0.4800,1
46.583,11.5200,-0.0039,0.0007,0.0000,0.4800,1
46.600,11.5200,-0.0038,0.0018,0.0000,0.4800,1
46.617,11.5200,-0.0038,0.0023,0.0000,0.4800,1
46.633,11.5200,-0.0038,0.0029,0.0000,0.4800,1
46.650,11.5200,-0.0038,0.0025,0.0000,0.4800,1
46.667,11.5200,-0.0038,0.0009,0.0000,0.4800,1
46.683,11.5200,-0.0038,0.0017,0.0000,0.4800,1
46.700,11.5200,-0.0038,0.0007,0.0000,0.4800,1
46.717,11.5200,-0.0038,0.0011,0.0000,0.4800,1
46.733,11.5200,-0.0038,0.0009,0.0000,0.4800,1
46.750,11.5200,-0.0038,0.0005,0.0000,0.4800,1
46.767,11.5200,-0.0038,0.0011,0.0000,0.4800,1
46.783,11.5200,-0.0038,0.0005,0.0000,0.4800,1
46.800,11.5200,-0.0038,0.0007,0.0000,0.4800,1
46.817,11.5200,-0.0038,0.0006,0.0000,0.4800,1
46.833,11.5200,-0.0038,0.0004,0.0000,0.4800,1
46.850,11.5200,-0.0038,0.0012,0.0000,0.4800,1
46.867,11.5200,-0.0038,0.0014,0.0000,0.4800,1
46.883,11.5200,-0.0038,0.0018,0.0000,0.4800,1
46.900,11.5200,-0.0038,0.0006,0.0000,0.4800,1
46.917,11.5200,-0.0038,0.0010,0.0000,0.4800,1
46.933,11.5200,-0.0038,0.0000,0.0000,0.4800,1
46.950,11.5200,-0.0038,0.0019,0.0000,0.4800,1
46.967,11.5200,-0.0038,0.0006,0.0000,0.4800,1
46.983,11.5200,-0.0038,0.0012,0.0000,0.4800,1
47.000,11.5200,-0.0038,0.0009,0.0000,0.4800,1
47.017,11.5200,-0.0038,0.0010,0.0000,0.4800,1
47.033,11.5200,-0.0038,0.0021,0.0000,0.4800,1
47.050,11.5200,-0.0038,0.0016,0.0000,0.4800,1
47.067,11.5200,-0.0038,0.0009,0.0000,0.4800,1
47.083,11.5200,-0.0038,0.0006,0.0000,0.4800,1
47.100,11.5200,-0.0038,0.0007,0.0000,0.4800,1
47.117,11.5200,-0.0038,0.0009,0.0000,0.4800,1
47.133,11.5200,-0.0038,0.0003,0.0000,0.4800,1
47.150,11.5200,-0.0038,0.0011,0.0000,0.4800,1
47.167,11.5200,-0.0038,0.0016,0.0000,0.4800,1
47.183,11.5200,-0.0038,0.0010,0.0000,0.4800,1
47.200,11.5200,-0.0038,0.0013,0.0000,0.4800,1
47.217,11.5200,-0.0038,0.0002,0.0000,0.4800,1
47.233,11.5200,-0.0038,0.0002,0.0000,0.4800,1
47.250,11.5200,-0.0038,0.0003,0.0000,0.4800,1
47.267,11.5200,-0.0038,0.0003,0.0000,0.4800,1
47.283,11.5200,-0.0038,0.0001,0.0000,0.4800,1
47.300,11.5200,-0.0038,0.0009,0.0000,0.4800,1
47.317,11.5200,-0.0038,0.0011,0.0000,0.4800,1
47.333,11.5200,-0.0038,0.0010,0.0000,0.4800,1
47.350,11.5200,-0.0038,0.0001,0.0000,0.4800,1
47.367,11.5200,-0.0038,0.0010,0.0000,0.4800,1
47.383,11.5200,-0.0038,0.0006,0.0000,0.4800,1
47.400,11.5200,-0.0038,0.0006,0.0000,0.4800,1
47.417,11.5200,-0.0038,0.0009,0.0000,0.4800,1
47.433,11.5200,-0.0038,0.0005,0.0000,0.4800,1
47.450,11.5200,-0.0038,0.0003,0.0000,0.4800,1
47.467,11.5200,-0.0038,0.0002,0.0000,0.4800,1
47.483,11.5200,-0.0038,0.0008,0.0000,0.4800,1
47.500,11.5200,-0.0038,0.0001,0.0000,0.4800,1
47.517,11.5200,-0.0038,0.0013,0.0000,0.4800,1
47.533,11.5200,-0.0038,0.0001,0.0000,0.4800,1
47.550,11.5200,-0.0038,0.0005,0.0000,0.4800,1
47.567,11.5200,-0.0038,0.0009,0.0000,0.4800,1
47.583,11.5200,-0.0038,0.0015,0.0000,0.4800,1
47.600,11.5200,-0.0038,0.0007,0.0000,0.4800,1
47.617,11.5200,-0.0038,0.0013,0.0000,0.4800,1
47.633,11.5200,-0.0038,0.0013,0.0000,0.4800,1
47.650,11.5200,-0.0038,0.0017,0.0000,0.4800,1
47.667,11.5200,-0.0038,0.0011,0.0000,0.4800,1
47.683,11.5200,-0.0038,0.0012,0.0000,0.4800,1
47.700,11.5200,-0.0038,0.0003,0.0000,0.4800,1
47.717,11.5200,-0.0038,0.0005,0.0000,0.4800,1
47.733,11.5200,-0.0038,0.0004,0.0000,0.4800,1
47.750,11.5200,-0.0038,0.0015,0.0000,0.4800,1
47.767,11.5200,-0.0038,0.0019,0.0000,0.4800,1
47.783,11.5200,-0.0038,0.0002,0.0000,0.4800,1
47.800,11.5200,-0.0038,0.0025,0.0000,0.4800,1
47.817,11.5200,-0.0038,0.0011,0.0000,0.4800,1
47.833,11.5200,-0.0038,0.0006,0.0000,0.4800,1
47.850,11.5200,-0.0038,0.0003,0.0000,0.4800,1
47.867,11.5200,-0.0038,0.0004,0.0000,0.4800,1
47.883,11.5200,-0.0038,0.0011,0.0000,0.4800,1
47.900,11.5200,-0.0038,0.0012,0.0000,0.4800,1
47.917,11.5200,-0.0038,0.0004,0.0000,0.4800,1
47.933,11.5200,-0.0038,0.0017,0.0000,0.4800,1
47.950,11.5200,-0.0038,0.0007,0.0000,0.4800,1
47.967,11.5200,-0.0038,0.0036,0.0000,0.4800,1
47.983,11.5200,-0.0038,0.0032,0.0000,0.4800,1
48.000,11.5200,-0.0038,0.0011,0.0000,0.4800,1
48.017,11.5200,-0.0038,0.0011,0.0000,0.4800,1
48.033,11.5200,-0.0038,0.0005,0.0000,0.4800,1
48.050,11.5200,-0.0038,0.0022,0.0000,0.4800,1
48.067,11.5200,-0.0038,0.0019,0.0000,0.4800,1
48.083,11.5200,-0.0038,0.0005,0.0000,0.4800,1
48.100,11.5200,-0.0038,0.0010,0.0000,0.4800,1
48.117,11.5200,-0.0038,0.0017,0.0000,0.4800,1
48.133,11.5200,-0.0038,0.0001,0.0000,0.4800,1
48.150,11.5200,-0.0038,0.0009,0.0000,0.4800,1
48.167,11.5200,-0.0038,0.0014,0.0000,0.4800,1
48.183,11.5200,-0.0038,0.0012,0.0000,0.4800,1
48.200,11.5200,-0.0038,0.0009,0.0000,0.4800,1
48.217,11.5200,-0.0037,0.0030,0.0000,0.4800,1
48.233,11.5200,-0.0038,0.0019,0.0000,0.4800,1
48.250,11.5200,-0.0038,0.0007,0.0000,0.4800,1
48.267,11.5200,-0.0037,0.0010,0.0000,0.4800,1
48.283,11.5200,-0.0037,0.0006,0.0000,0.4800,1
48.300,11.5200,-0.0038,0.0027,0.0000,0.4800,1
48.317,11.5200,-0.0038,0.0036,0.0000,0.4800,1
48.333,11.5200,-0.0038,0.0041,0.0000,0.4800,1
48.350,11.5200,-0.0038,0.0010,0.0000,0.4800,1
48.367,11.5200,-0.0038,0.0005,0.0000,0.4800,1
48.383,11.5200,-0.0038,0.0014,0.0000,0.4800,1
48.400,11.5200,-0.0038,0.0004,0.0000,0.4800,1
48.417,11.5200,-0.0038,0.0014,0.0000,0.4800,1
48.433,11.5200,-0.0038,0.0000,0.0000,0.4800,1
48.450,11.5200,-0.0038,0.0009,0.0000,0.4800,1
48.467,11.5200,-0.0038,0.0005,0.0000,0.4800,1
48.483,11.5200,-0.0038,0.0023,0.0000,0.4800,1
48.500,11.5200,-0.0038,0.0001,0.0000,0.4800,1
48.517,11.5200,-0.0037,0.0030,0.0000,0.4800,1
48.533,11.5200,-0.0038,0.0037,0.0000,0.4800,1
48.550,11.5200,-0.0038,0.0006,0.0000,0.4800,1
48.567,11.5200,-0.0037,0.0044,0.0000,0.4800,1
48.583,11.5200,-0.0039,0.0071,0.0000,0.4800,1
48.600,11.5200,-0.0039,0.0007,0.0000,0.4800,1
48.617,11.5200,-0.0039,0.0006,0.0000,0.4800,1
48.633,11.5200,-0.0039,0.0007,0.0000,0.4800,1
48.650,11.5200,-0.0038,0.0022,0.0000,0.4800,1
48.667,11.5200,-0.0039,0.0018,0.0000,0.4800,1
48.683,11.5200,-0.0039,0.0008,0.0000,0.4800,1
48.700,11.5200,-0.0039,0.0015,0.0000,0.4800,1
48.717,11.5200,-0.0039,0.0002,0.0000,0.4800,1
48.733,11.5200,-0.0038,0.0012,0.0000,0.4800,1
48.750,11.5200,-0.0039,0.0036,0.0000,0.4800,1
48.767,11.5200,-0.0039,0.0013,0.0000,0.4800,1
48.783,11.5200,-0.0038,0.0038,0.0000,0.4800,1
48.800,11.5200,-0.0039,0.0050,0.0000,0.4800,1
48.817,11.5200,-0.0039,0.0002,0.0000,0.4800,1
48.833,11.5200,-0.0038,0.0028,0.0000,0.4800,1
48.850,11.5200,-0.0038,0.0007,0.0000,0.4800,1
48.867,11.5200,-0.0039,0.0040,0.0000,0.4800,1
48.883,11.5200,-0.0039,0.0018,0.0000,0.4800,1
48.900,11.5200,-0.0038,0.0022,0.0000,0.4801,1
48.917,11.5200,-0.0039,0.0015,0.0000,0.4800,1
48.933,11.5200,-0.0038,0.0045,0.0000,0.4800,1
48.950,11.5200,-0.0038,0.0012,0.0000,0.4800,1
48.967,11.5200,-0.0038,0.0003,0.0000,0.4800,1
48.983,11.5200,-0.0038,0.0019,0.0000,0.4800,1
49.000,11.5200,-0.0038,0.0002,0.0000,0.4800,1
49.017,11.5200,-0.0038,0.0007,0.0000,0.4800,1
49.033,11.5200,-0.0038,0.0025,0.0000,0.4800,1
49.050,11.5200,-0.0038,0.0020,0.0000,0.4800,1
49.067,11.5200,-0.0038,0.0023,0.0000,0.4800,1
49.083,11.5200,-0.0038,0.0020,0.0000,0.4800,1
49.100,11.5200,-0.0038,0.0003,0.0000,0.4800,1
49.117,11.5200,-0.0038,0.0008,0.0000,0.4800,1
49.133,11.5200,-0.0038,0.0015,0.0000,0.4800,1
49.150,11.5200,-0.0038,0.0001,0.0000,0.4800,1
49.167,11.5200,-0.0038,0.0018,0.0000,0.4800,1
49.183,11.5200,-0.0038,0.0025,0.0000,0.4800,1
49.200,11.5200,-0.0038,0.0002,0.0000,0.4800,1
49.217,11.5200,-0.0037,0.0066,0.0000,0.4800,1
49.233,11.5200,-0.0037,0.0013,0.0000,0.4800,1
49.250,11.5200,-0.0037,0.0027,0.0000,0.4800,1
49.267,11.5200,-0.0037,0.0032,0.0000,0.4800,1
49.283,11.5200,-0.0037,0.0023,0.0000,0.4800,1
49.300,11.5200,-0.0038,0.0021,0.0000,0.4800,1
49.317,11.5200,-0.0038,0.0005,0.0000,0.4800,1
49.333,11.5200,-0.0038,0.0009,0.0000,0.4800,1
49.350,11.5200,-0.0038,0.0008,0.0000,0.4800,1
49.367,11.5200,-0.0038,0.0009,0.0000,0.4800,1
49.383,11.5200,-0.0038,0.0019,0.0000,0.4800,1
49.400,11.5200,-0.0038,0.0008,0.0000,0.4800,1
49.417,11.5200,-0.0038,0.0009,0.0000,0.4800,1
49.433,11.5200,-0.0038,0.0030,0.0000,0.4800,1
49.450,11.5200,-0.0038,0.0002,0.0000,0.4800,1
49.467,11.5200,-0.0038,0.0040,0.0000,0.4800,1
49.483,11.5200,-0.0038,0.0019,0.0000,0.4800,1
49.500,11.5200,-0.0038,0.0000,0.0000,0.4800,1
49.517,11.5200,-0.0038,0.0018,0.0000,0.4800,1
49.533,11.5200,-0.0038,0.0014,0.0000,0.4800,1
49.550,11.5200,-0.0038,0.0013,0.0000,0.4800,1
49.567,11.5200,-0.0037,0.0048,0.0000,0.4800,1
49.583,11.5200,-0.0037,0.0006,0.0000,0.4800,1
49.600,11.5200,-0.0037,0.0002,0.0000,0.4800,1
49.617,11.5200,-0.0037,0.0012,0.0000,0.4800,1
49.633,11.5200,-0.0037,0.0015,0.0000,0.4800,1
49.650,11.5200,-0.0037,0.0004,0.0000,0.4800,1
49.667,11.5200,-0.0037,0.0012,0.0000,0.4800,1
49.683,11.5200,-0.0037,0.0052,0.0000,0.4800,1
49.700,11.5200,-0.0037,0.0003,0.0000,0.4800,1
49.717,11.5200,-0.0037,0.0027,0.0000,0.4800,1
49.733,11.5200,-0.0037,0.0004,0.0000,0.4800,1
49.750,11.5200,-0.0037,0.0022,0.0000,0.4800,1
49.767,11.5200,-0.0037,0.0037,0.0000,0.4800,1
49.783,11.5200,-0.0037,0.0005,0.0000,0.4800,1
49.800,11.5200,-0.0037,0.0045,0.0000,0.4800,1
49.817,11.5200,-0.0037,0.0033,0.0000,0.4800,1
49.833,11.5200,-0.0038,0.0032,0.0000,0.4800,1
49.850,11.5200,-0.0037,0.0037,0.0000,0.4800,1
49.867,11.5200,-0.0037,0.0022,0.0000,0.4800,1
49.883,11.5200,-0.0037,0.0038,0.0000,0.4800,1
49.900,11.5200,-0.0037,0.0001,0.0000,0.4800,1
49.917,11.5200,-0.0037,0.0024,0.0000,0.4800,1
49.933,11.5200,-0.0037,0.0029,0.0000,0.4800,1
49.950,11.5200,-0.0038,0.0007,0.0000,0.4800,1
49.967,11.5200,-0.0037,0.0010,0.0000,0.4800,1
49.983,11.5200,-0.0037,0.0013,0.0000,0.4800,1
50.000,11.5200,-0.0038,0.0030,0.0000,0.4800,1
