t,x,y,yaw,odom_vx,odom_wz,cmd_vx,cmd_wz,scan_ahead,us_left,us_right
9.3,0.002,-0.0,0.0,0.0001,-0.0,0.0,0.0,3.1413,1.5,1.5
9.3,0.002,-0.0,0.0,0.0001,-0.0,0.0,0.0,3.1413,1.5,1.5
9.333,0.002,-0.0,0.0,0.0001,-0.0001,0.0,0.0,3.1848,1.5,1.5
9.333,0.002,-0.0,0.0,0.0001,-0.0001,0.0,0.0,3.1848,1.5,1.5
9.35,0.002,-0.0,0.0,0.0001,-0.0001,0.0,0.0,3.1848,1.5,1.5
9.367,0.002,-0.0,0.0,0.0001,-0.0001,0.0,0.0,3.1848,1.5,1.5
9.367,0.002,-0.0,0.0,0.0001,-0.0001,0.0,0.0,3.1848,1.5,1.5
9.367,0.002,-0.0,0.0,0.0001,-0.0001,0.0,0.0,3.1848,1.5,1.5
9.4,0.002,-0.0,0.0,0.0001,-0.0001,0.0,0.0,3.1848,1.5,1.5
9.4,0.002,-0.0,0.0,0.0001,-0.0001,0.0,0.0,3.1848,1.5,1.5
9.417,0.002,-0.0,0.0,0.0001,0.0001,0.0,0.0,3.1848,1.5,1.5
9.417,0.002,-0.0,0.0,0.0001,0.0001,0.0,0.0,3.1588,1.5,1.5
9.417,0.002,-0.0,0.0,0.0001,0.0001,0.0,0.0,3.1588,1.5,1.5
9.417,0.002,-0.0,0.0,0.0001,0.0001,0.0,0.0,3.1588,1.5,1.5
9.45,0.002,-0.0,0.0,0.0001,0.0001,0.0,0.0,3.1588,1.5,1.5
9.45,0.002,-0.0,0.0,0.0001,0.0001,0.0,0.0,3.1588,1.5,1.5
9.467,0.002,-0.0,0.0,0.0001,-0.0002,0.0,0.0,3.1588,1.5,1.5
9.467,0.002,-0.0,0.0,0.0001,-0.0002,0.0,0.0,3.1588,1.5,1.5
9.467,0.002,-0.0,0.0,0.0001,-0.0002,0.0,0.0,3.1588,1.5,1.5
9.5,0.002,-0.0,0.0,0.0001,-0.0001,0.0,0.0,3.1588,1.5,1.5
9.517,0.002,-0.0,0.0,0.0001,-0.0001,0.0,0.0,3.1588,1.5,1.5
9.517,0.002,-0.0,0.0,0.0001,-0.0001,0.0,0.0,3.1529,1.5,1.5
9.533,0.0021,-0.0,0.0,0.0001,-0.0001,0.0,0.0,3.1529,1.5,1.5
9.533,0.0021,-0.0,0.0,0.0001,-0.0001,0.0,0.0,3.1529,1.5,1.5
9.533,0.0021,-0.0,0.0,0.0001,-0.0001,0.0,0.0,3.1529,1.5,1.5
9.567,0.0021,-0.0,0.0,0.0001,-0.0001,0.0,0.0,3.1529,1.5,1.5
9.583,0.0021,-0.0,0.0,0.0001,-0.0001,0.0,0.0,3.1529,1.5,1.5
9.583,0.0021,-0.0,0.0,0.0001,-0.0001,0.0,0.0,3.1529,1.5,1.5
9.583,0.0021,-0.0,0.0,0.0001,-0.0001,0.0,0.0,3.1529,1.5,1.5
9.617,0.0021,-0.0,0.0,0.0001,0.0001,0.0,0.0,3.1529,1.5,1.5
9.617,0.0021,-0.0,0.0,0.0001,0.0001,0.0,0.0,3.1223,1.5,1.5
9.633,0.0021,-0.0,0.0,0.0001,-0.0002,0.0,0.0,3.1223,1.5,1.5
9.633,0.0021,-0.0,0.0,0.0001,-0.0002,0.0,0.0,3.1223,1.5,1.5
9.633,0.0021,-0.0,0.0,0.0001,-0.0002,0.0,0.0,3.1223,1.5,1.5
9.667,0.0021,-0.0,0.0,0.0001,-0.0002,0.0,0.0,3.1223,1.5,1.5
9.667,0.0021,-0.0,0.0,0.0001,-0.0002,0.0,0.0,3.1223,1.5,1.5
9.683,0.0021,-0.0,0.0,0.0001,-0.0,0.0,0.0,3.1223,1.5,1.5
9.7,0.0021,-0.0,0.0,0.0001,-0.0001,0.0,0.0,3.1223,1.5,1.5
9.7,0.0021,-0.0,0.0,0.0001,-0.0001,0.0,0.0,3.1223,1.5,1.5
9.7,0.0021,-0.0,0.0,0.0001,-0.0001,0.0,0.0,3.1223,1.5,1.5
9.733,0.0021,-0.0,0.0,0.0001,-0.0001,0.0,0.0,3.187,1.5,1.5
9.733,0.0021,-0.0,0.0,0.0001,-0.0001,0.0,0.0,3.187,1.5,1.5
9.75,0.0021,-0.0,0.0,0.0001,-0.0001,0.0,0.0,3.187,1.5,1.5
9.75,0.0021,-0.0,0.0,0.0001,-0.0001,0.0,0.0,3.187,1.5,1.5
9.75,0.0021,-0.0,0.0,0.0001,-0.0001,0.0,0.0,3.187,1.5,1.5
9.783,0.0021,-0.0,0.0,0.0001,-0.0002,0.0,0.0,3.187,1.5,1.5
9.783,0.0021,-0.0,0.0,0.0001,-0.0002,0.0,0.0,3.187,1.5,1.5
9.8,0.0021,-0.0,0.0,0.0001,0.0,0.0,0.0,3.187,1.5,1.5
9.8,0.0021,-0.0,0.0,0.0001,0.0,0.0,0.0,3.187,1.5,1.5
9.833,0.0021,-0.0,0.0,0.0001,-0.0,0.0,0.0,3.1208,1.5,1.5
9.833,0.0021,-0.0,0.0,0.0001,-0.0,0.0,0.0,3.1208,1.5,1.5
9.85,0.0021,-0.0,0.0,0.0001,-0.0002,0.0,0.0,3.1208,1.5,1.5
9.85,0.0021,-0.0,0.0,0.0001,-0.0002,0.0,0.0,3.1208,1.5,1.5
9.867,0.0021,-0.0,0.0,0.0001,-0.0,0.0,0.0,3.1208,1.5,1.5
9.867,0.0021,-0.0,0.0,0.0001,-0.0,0.0,0.0,3.1208,1.5,1.5
9.867,0.0021,-0.0,0.0,0.0001,-0.0,0.0,0.0,3.1208,1.5,1.5
9.9,0.0021,-0.0,0.0,0.0001,-0.0,0.0,0.0,3.1208,1.5,1.5
9.917,0.0021,-0.0,0.0,0.0001,-0.0001,0.0,0.0,3.1208,1.5,1.5
9.917,0.0021,-0.0,0.0,0.0001,-0.0001,0.0,0.0,3.1208,1.5,1.5
9.917,0.0021,-0.0,0.0,0.0001,-0.0001,0.0,0.0,3.1253,1.5,1.5
9.95,0.0021,-0.0,0.0,0.0001,-0.0001,0.0,0.0,3.1253,1.5,1.5
9.95,0.0021,-0.0,0.0,0.0001,-0.0001,0.0,0.0,3.1253,1.5,1.5
9.967,0.0021,-0.0,0.0,0.0001,-0.0001,0.0,0.0,3.1253,1.5,1.5
9.967,0.0021,-0.0,0.0,0.0001,-0.0001,0.0,0.0,3.1253,1.5,1.5
9.967,0.0021,-0.0,0.0,0.0001,-0.0001,0.0,0.0,3.1253,1.5,1.5
10.0,0.0022,-0.0,0.0,0.0001,-0.0001,0.0,0.0,3.1253,1.5,1.5
10.017,0.0022,-0.0,0.0,0.0001,-0.0001,0.0,0.0,3.1253,1.5,1.5
10.017,0.0022,-0.0,0.0,0.0001,-0.0001,0.0,0.0,3.1478,1.5,1.5
10.033,0.0022,-0.0,0.0,0.0001,0.0,0.0,0.0,3.1478,1.5,1.5
10.033,0.0022,-0.0,0.0,0.0001,0.0,0.0,0.0,3.1478,1.5,1.5
10.033,0.0022,-0.0,0.0,0.0001,0.0,0.0,0.0,3.1478,1.5,1.5
10.067,0.0022,-0.0,0.0,0.0001,-0.0,0.0,0.0,3.1478,1.5,1.5
10.067,0.0022,-0.0,0.0,0.0001,-0.0,0.0,0.0,3.1478,1.5,1.5
10.083,0.0022,-0.0,0.0,0.0001,-0.0001,0.0,0.0,3.1478,1.5,1.5
10.083,0.0022,-0.0,0.0,0.0001,-0.0001,0.0,0.0,3.1478,1.5,1.5
10.083,0.0022,-0.0,0.0,0.0001,-0.0001,0.0,0.0,3.1478,1.5,1.5
10.117,0.0022,-0.0,0.0,0.0001,-0.0001,0.0,0.0,3.1478,1.5,1.5
10.133,0.0022,-0.0,0.0,0.0001,-0.0001,0.0,0.0,3.178,1.5,1.5
10.133,0.0022,-0.0,0.0,0.0001,-0.0001,0.0,0.0,3.178,1.5,1.5
10.133,0.0022,-0.0,0.0,0.0001,-0.0001,0.0,0.0,3.178,1.5,1.5
10.167,0.0022,-0.0,0.0,0.0001,-0.0001,0.0,0.0,3.178,1.5,1.5
10.167,0.0022,-0.0,0.0,0.0001,-0.0001,0.0,0.0,3.178,1.5,1.5
10.183,0.0022,-0.0,0.0,0.0001,-0.0001,0.0,0.0,3.178,1.5,1.5
10.2,0.0022,-0.0,0.0,0.0001,-0.0001,0.0,0.0,3.178,1.5,1.5
10.2,0.0022,-0.0,0.0,0.0001,-0.0001,0.0,0.0,3.178,1.5,1.5
10.2,0.0022,-0.0,0.0,0.0001,-0.0001,0.0,0.0,3.178,1.5,1.5
10.233,0.0022,-0.0,0.0,0.0001,0.0,0.0,0.0,3.1269,1.5,1.5
10.233,0.0022,-0.0,0.0,0.0001,0.0,0.0,0.0,3.1269,1.5,1.5
10.25,0.0022,-0.0,0.0,0.0001,-0.0002,0.0,0.0,3.1269,1.5,1.5
10.25,0.0022,-0.0,0.0,0.0001,-0.0002,0.0,0.0,3.1269,1.5,1.5
10.25,0.0022,-0.0,0.0,0.0001,-0.0002,0.0,0.0,3.1269,1.5,1.5
10.283,0.0022,-0.0,0.0,0.0001,-0.0003,0.0,0.0,3.1269,1.5,1.5
10.283,0.0022,-0.0,0.0,0.0001,-0.0003,0.0,0.0,3.1269,1.5,1.5
10.3,0.0022,-0.0,0.0,0.0001,0.0003,0.0,0.0,3.1269,1.5,1.5
10.3,0.0022,-0.0,0.0,0.0001,0.0003,0.0,0.0,3.1269,1.5,1.5
10.333,0.0022,0.0,0.0,0.0001,0.0003,0.0,0.0,3.1453,1.5,1.5
10.333,0.0022,0.0,0.0,0.0001,0.0003,0.0,0.0,3.1453,1.5,1.5
10.35,0.0022,-0.0,0.0,0.0001,-0.0005,0.0,0.0,3.1453,1.5,1.5
10.35,0.0022,-0.0,0.0,0.0001,-0.0005,0.0,0.0,3.1453,1.5,1.5
10.367,0.0022,0.0,0.0,0.0001,0.0004,0.0,0.0,3.1453,1.5,1.5
10.367,0.0022,0.0,0.0,0.0001,0.0004,0.0,0.0,3.1453,1.5,1.5
10.367,0.0022,0.0,0.0,0.0001,0.0004,0.0,0.0,3.1453,1.5,1.5
10.4,0.0022,0.0,0.0,0.0001,0.0004,0.0,0.0,3.1453,1.5,1.5
10.417,0.0022,-0.0,0.0,0.0001,-0.0005,0.0,0.0,3.1453,1.5,1.5
10.417,0.0022,-0.0,0.0,0.0001,-0.0005,0.0,0.0,3.1382,1.5,1.5
10.417,0.0022,-0.0,0.0,0.0001,-0.0005,0.0,0.0,3.1382,1.5,1.5
10.417,0.0022,-0.0,0.0,0.0001,-0.0005,0.0,0.0,3.1382,1.5,1.5
10.45,0.0023,-0.0,0.0,0.0001,-0.0005,0.0,0.0,3.1382,1.5,1.5
10.467,0.0023,0.0,0.0,0.0001,0.0002,0.0,0.0,3.1382,1.5,1.5
10.467,0.0023,0.0,0.0,0.0001,0.0002,0.0,0.0,3.1382,1.5,1.5
10.467,0.0023,0.0,0.0,0.0001,0.0002,0.0,0.0,3.1382,1.5,1.5
10.5,0.0023,0.0,0.0,0.0001,0.0003,0.0,0.0,3.1382,1.5,1.5
10.5,0.0023,0.0,0.0,0.0001,0.0003,0.0,0.0,3.1382,1.5,1.5
10.517,0.0023,-0.0,0.0,0.0001,-0.0004,0.0,0.0,3.1382,1.5,1.5
10.533,0.0023,-0.0,0.0,0.0001,0.0003,0.0,0.0,3.1275,1.5,1.5
10.533,0.0023,-0.0,0.0,0.0001,0.0003,0.0,0.0,3.1275,1.5,1.5
10.533,0.0023,-0.0,0.0,0.0001,0.0003,0.0,0.0,3.1275,1.5,1.5
10.567,0.0023,-0.0,0.0,0.0001,0.0002,0.0,0.0,3.1275,1.5,1.5
10.567,0.0023,-0.0,0.0,0.0001,0.0002,0.0,0.0,3.1275,1.5,1.5
10.583,0.0023,-0.0,0.0,0.0001,-0.0002,0.0,0.0,3.1275,1.5,1.5
10.583,0.0023,-0.0,0.0,0.0001,-0.0002,0.0,0.0,3.1275,1.5,1.5
10.583,0.0023,-0.0,0.0,0.0001,-0.0002,0.0,0.0,3.1275,1.5,1.5
10.617,0.0023,-0.0,0.0,0.0001,-0.0,0.0,0.0,3.1275,1.5,1.5
10.633,0.0023,-0.0,0.0,0.0001,-0.0002,0.0,0.0,3.1494,1.5,1.5
10.633,0.0023,-0.0,0.0,0.0001,-0.0002,0.0,0.0,3.1494,1.5,1.5
10.633,0.0023,-0.0,0.0,0.0001,-0.0002,0.0,0.0,3.1494,1.5,1.5
10.667,0.0023,-0.0,0.0,0.0001,-0.0001,0.0,0.0,3.1494,1.5,1.5
10.667,0.0023,-0.0,0.0,0.0001,-0.0001,0.0,0.0,3.1494,1.5,1.5
10.683,0.0023,-0.0,0.0,0.0001,-0.0,0.0,0.0,3.1494,1.5,1.5
10.7,0.0023,-0.0,0.0,0.0001,-0.0001,0.0,0.0,3.1494,1.5,1.5
10.7,0.0023,-0.0,0.0,0.0001,-0.0001,0.0,0.0,3.1494,1.5,1.5
10.7,0.0023,-0.0,0.0,0.0001,-0.0001,0.0,0.0,3.1494,1.5,1.5
10.733,0.0023,-0.0,0.0,0.0001,-0.0001,0.0,0.0,3.1768,1.5,1.5
10.733,0.0023,-0.0,0.0,0.0001,-0.0001,0.0,0.0,3.1768,1.5,1.5
10.75,0.0023,-0.0,0.0,0.0001,-0.0001,0.0,0.0,3.1768,1.5,1.5
10.75,0.0023,-0.0,0.0,0.0001,-0.0001,0.0,0.0,3.1768,1.5,1.5
10.75,0.0023,-0.0,0.0,0.0001,-0.0001,0.0,0.0,3.1768,1.5,1.5
10.783,0.0023,-0.0,0.0,0.0001,-0.0001,0.0,0.0,3.1768,1.5,1.5
10.8,0.0023,-0.0,0.0,0.0001,-0.0001,0.0,0.0,3.1768,1.5,1.5
10.8,0.0023,-0.0,0.0,0.0001,-0.0001,0.0,0.0,3.1768,1.5,1.5
10.8,0.0023,-0.0,0.0,0.0001,-0.0001,0.0,0.0,3.1768,1.5,1.5
10.833,0.0023,-0.0,0.0,0.0001,-0.0001,0.0,0.0,3.0873,1.5,1.5
10.833,0.0023,-0.0,0.0,0.0001,-0.0001,0.0,0.0,3.0873,1.5,1.5
10.85,0.0023,-0.0,0.0,0.0001,-0.0001,0.0,0.0,3.0873,1.5,1.5
10.85,0.0023,-0.0,0.0,0.0001,-0.0001,0.0,0.0,3.0873,1.5,1.5
10.867,0.0023,-0.0,0.0,0.0001,-0.0001,0.0,0.0,3.0873,1.5,1.5
10.867,0.0023,-0.0,0.0,0.0001,-0.0001,0.0,0.0,3.0873,1.5,1.5
10.867,0.0023,-0.0,0.0,0.0001,-0.0001,0.0,0.0,3.0873,1.5,1.5
10.9,0.0023,-0.0,0.0,0.0001,-0.0001,0.0,0.0,3.0873,1.5,1.5
10.917,0.0024,-0.0,0.0,0.0001,-0.0001,0.0,0.0,3.0873,1.5,1.5
10.917,0.0024,-0.0,0.0,0.0001,-0.0001,0.0,0.0,3.0873,1.5,1.5
10.917,0.0024,-0.0,0.0,0.0001,-0.0001,0.0,0.0,3.0873,1.5,1.5
10.917,0.0024,-0.0,0.0,0.0001,-0.0001,0.0,0.0,3.1466,1.5,1.5
10.95,0.0024,-0.0,0.0,0.0001,-0.0001,0.0,0.0,3.1466,1.5,1.5
10.95,0.0024,-0.0,0.0,0.0001,-0.0001,0.0,0.0,3.1466,1.5,1.5
10.967,0.0024,-0.0,0.0,0.0001,-0.0001,0.0,0.0,3.1466,1.5,1.5
10.967,0.0024,-0.0,0.0,0.0001,-0.0001,0.0,0.0,3.1466,1.5,1.5
10.967,0.0024,-0.0,0.0,0.0001,-0.0001,0.0,0.0,3.1466,1.5,1.5
11.0,0.0024,-0.0,0.0,0.0001,-0.0001,0.0,0.0,3.1466,1.5,1.5
11.0,0.0024,-0.0,0.0,0.0001,-0.0001,0.0,0.0,3.1466,1.5,1.5
11.017,0.0024,-0.0,0.0,0.0001,-0.0001,0.0,0.0,3.1466,1.5,1.5
11.033,0.0024,-0.0,0.0,0.0001,0.0001,0.0,0.0,3.121,1.5,1.5
11.033,0.0024,-0.0,0.0,0.0001,0.0001,0.0,0.0,3.121,1.5,1.5
11.033,0.0024,-0.0,0.0,0.0001,0.0001,0.0,0.0,3.121,1.5,1.5
11.067,0.0024,-0.0,0.0,0.0001,0.0002,0.0,0.0,3.121,1.5,1.5
11.067,0.0024,-0.0,0.0,0.0001,0.0002,0.0,0.0,3.121,1.5,1.5
11.083,0.0024,-0.0,0.0,0.0001,-0.0003,0.0,0.0,3.121,1.5,1.5
11.083,0.0024,-0.0,0.0,0.0001,-0.0003,0.0,0.0,3.121,1.5,1.5
11.083,0.0024,-0.0,0.0,0.0001,-0.0003,0.0,0.0,3.121,1.5,1.5
11.117,0.0024,-0.0,0.0,0.0001,-0.0003,0.0,0.0,3.121,1.5,1.5
11.117,0.0024,-0.0,0.0,0.0001,-0.0003,0.0,0.0,3.1474,1.5,1.5
11.133,0.0024,-0.0,0.0,0.0001,0.0001,0.0,0.0,3.1474,1.5,1.5
11.133,0.0024,-0.0,0.0,0.0001,0.0001,0.0,0.0,3.1474,1.5,1.5
11.133,0.0024,-0.0,0.0,0.0001,0.0001,0.0,0.0,3.1474,1.5,1.5
11.167,0.0024,-0.0,0.0,0.0001,-0.0,0.0,0.0,3.1474,1.5,1.5
11.183,0.0024,-0.0,0.0,0.0001,-0.0002,0.0,0.0,3.1474,1.5,1.5
11.183,0.0024,-0.0,0.0,0.0001,-0.0002,0.0,0.0,3.1474,1.5,1.5
11.2,0.0024,-0.0,0.0,0.0001,0.0,0.0,0.0,3.1474,1.5,1.5
11.2,0.0024,-0.0,0.0,0.0001,0.0,0.0,0.0,3.1474,1.5,1.5
11.233,0.0024,-0.0,0.0,0.0001,-0.0002,0.0,0.0,3.1787,1.5,1.5
11.233,0.0024,-0.0,0.0,0.0001,-0.0002,0.0,0.0,3.1787,1.5,1.5
11.25,0.0024,-0.0,0.0,0.0001,0.0001,0.0,0.0,3.1787,1.5,1.5
11.25,0.0024,-0.0,0.0,0.0001,0.0001,0.0,0.0,3.1787,1.5,1.5
11.25,0.0024,-0.0,0.0,0.0001,0.0001,0.0,0.0,3.1787,1.5,1.5
11.283,0.0024,-0.0,0.0,0.0001,0.0002,0.0,0.0,3.1787,1.5,1.5
11.3,0.0024,-0.0,0.0,0.0001,-0.0003,0.0,0.0,3.1787,1.5,1.5
11.3,0.0024,-0.0,0.0,0.0001,-0.0003,0.0,0.0,3.1787,1.5,1.5
11.3,0.0024,-0.0,0.0,0.0001,-0.0003,0.0,0.0,3.1787,1.5,1.5
11.333,0.0024,-0.0,0.0,0.0001,-0.0004,0.0,0.0,3.1279,1.5,1.5
11.333,0.0024,-0.0,0.0,0.0001,-0.0004,0.0,0.0,3.1279,1.5,1.5
11.35,0.0024,-0.0,0.0,0.0001,0.0003,0.0,0.0,3.1279,1.5,1.5
11.35,0.0024,-0.0,0.0,0.0001,0.0003,0.0,0.0,3.1279,1.5,1.5
11.367,0.0025,-0.0,0.0,0.0001,-0.0005,0.0,0.0,3.1279,1.5,1.5
11.367,0.0025,-0.0,0.0,0.0001,-0.0005,0.0,0.0,3.1279,1.5,1.5
11.367,0.0025,-0.0,0.0,0.0001,-0.0005,0.0,0.0,3.1279,1.5,1.5
11.4,0.0025,-0.0,0.0,0.0001,-0.0002,0.0,0.0,3.1279,1.5,1.5
11.417,0.0025,-0.0,0.0,0.0001,0.0,0.0,0.0,3.1279,1.5,1.5
11.417,0.0025,-0.0,0.0,0.0001,0.0,0.0,0.0,3.1184,1.5,1.5
11.417,0.0025,-0.0,0.0,0.0001,0.0,0.0,0.0,3.1184,1.5,1.5
11.45,0.0025,-0.0,0.0,0.0001,-0.0001,0.0,0.0,3.1184,1.5,1.5
11.45,0.0025,-0.0,0.0,0.0001,-0.0001,0.0,0.0,3.1184,1.5,1.5
11.467,0.0025,-0.0,0.0,0.0001,0.0001,0.0,0.0,3.1184,1.5,1.5
11.467,0.0025,-0.0,0.0,0.0001,0.0001,0.0,0.0,3.1184,1.5,1.5
11.467,0.0025,-0.0,0.0,0.0001,0.0001,0.0,0.0,3.1184,1.5,1.5
11.5,0.0025,-0.0,0.0,0.0001,0.0002,0.0,0.0,3.1184,1.5,1.5
11.517,0.0025,-0.0,0.0,0.0001,-0.0003,0.0,0.0,3.1184,1.5,1.5
11.517,0.0025,-0.0,0.0,0.0001,-0.0003,0.0,0.0,3.1184,1.5,1.5
11.533,0.0025,0.0,0.0,0.0001,0.0003,0.0,0.0,3.1502,1.5,1.5
11.533,0.0025,0.0,0.0,0.0001,0.0003,0.0,0.0,3.1502,1.5,1.5
11.533,0.0025,0.0,0.0,0.0001,0.0003,0.0,0.0,3.1502,1.5,1.5
11.567,0.0025,0.0,0.0,0.0001,0.0003,0.0,0.0,3.1502,1.5,1.5
11.567,0.0025,0.0,0.0,0.0001,0.0003,0.0,0.0,3.1502,1.5,1.5
11.583,0.0025,-0.0,0.0,0.0001,-0.0004,0.0,0.0,3.1502,1.5,1.5
11.583,0.0025,-0.0,0.0,0.0001,-0.0004,0.0,0.0,3.1502,1.5,1.5
11.583,0.0025,-0.0,0.0,0.0001,-0.0004,0.0,0.0,3.1502,1.5,1.5
11.617,0.0025,-0.0,0.0,0.0001,-0.0003,0.0,0.0,3.1502,1.5,1.5
11.633,0.0025,-0.0,0.0,0.0001,0.0002,0.0,0.0,3.1782,1.5,1.5
11.633,0.0025,-0.0,0.0,0.0001,0.0002,0.0,0.0,3.1782,1.5,1.5
11.633,0.0025,-0.0,0.0,0.0001,0.0002,0.0,0.0,3.1782,1.5,1.5
11.667,0.0025,0.0,0.0,0.0001,0.0001,0.0,0.0,3.1782,1.5,1.5
11.667,0.0025,0.0,0.0,0.0001,0.0001,0.0,0.0,3.1782,1.5,1.5
11.683,0.0025,-0.0,0.0,0.0001,-0.0002,0.0,0.0,3.1782,1.5,1.5
11.7,0.0025,-0.0,0.0,0.0001,0.0001,0.0,0.0,3.1782,1.5,1.5
11.7,0.0025,-0.0,0.0,0.0001,0.0001,0.0,0.0,3.1782,1.5,1.5
11.7,0.0025,-0.0,0.0,0.0001,0.0001,0.0,0.0,3.1782,1.5,1.5
11.733,0.0025,-0.0,0.0,0.0001,-0.0001,0.0,0.0,3.1334,1.5,1.5
11.733,0.0025,-0.0,0.0,0.0001,-0.0001,0.0,0.0,3.1334,1.5,1.5
11.75,0.0025,-0.0,0.0,0.0001,0.0001,0.0,0.0,3.1334,1.5,1.5
11.75,0.0025,-0.0,0.0,0.0001,0.0001,0.0,0.0,3.1334,1.5,1.5
11.75,0.0025,-0.0,0.0,0.0001,0.0001,0.0,0.0,3.1334,1.5,1.5
11.783,0.0025,-0.0,0.0,0.0001,0.0002,0.0,0.0,3.1334,1.5,1.5
11.783,0.0025,-0.0,0.0,0.0001,0.0002,0.0,0.0,3.1334,1.5,1.5
11.8,0.0025,-0.0,0.0,0.0001,-0.0003,0.0,0.0,3.1334,1.5,1.5
11.8,0.0025,-0.0,0.0,0.0001,-0.0003,0.0,0.0,3.1334,1.5,1.5
11.8,0.0025,-0.0,0.0,0.0001,-0.0003,0.0,0.0,3.1334,1.5,1.5
11.8,0.0025,-0.0,0.0,0.0001,-0.0003,0.0,0.0,3.1388,1.5,1.5
11.833,0.0026,-0.0,0.0,0.0001,-0.0004,0.0,0.0,3.1388,1.5,1.5
11.85,0.0026,-0.0,0.0,0.0001,0.0003,0.0,0.0,3.1388,1.5,1.5
11.85,0.0026,-0.0,0.0,0.0001,0.0003,0.0,0.0,3.1388,1.5,1.5
11.867,0.0026,-0.0,0.0,0.0001,-0.0005,0.0,0.0,3.1388,1.5,1.5
11.867,0.0026,-0.0,0.0,0.0001,-0.0005,0.0,0.0,3.1388,1.5,1.5
11.867,0.0026,-0.0,0.0,0.0001,-0.0005,0.0,0.0,3.1388,1.5,1.5
11.867,0.0026,-0.0,0.0,0.0001,-0.0005,0.0,0.0,3.1388,1.5,1.5
11.9,0.0026,-0.0,0.0,0.0001,-0.0003,0.0,0.0,3.1388,1.5,1.5
11.9,0.0026,-0.0,0.0,0.0001,-0.0003,0.0,0.0,3.1388,1.5,1.5
11.917,0.0026,-0.0,0.0,0.0001,0.0002,0.0,0.0,3.1388,1.5,1.5
11.917,0.0026,-0.0,0.0,0.0001,0.0002,0.0,0.0,3.1224,1.5,1.5
11.917,0.0026,-0.0,0.0,0.0001,0.0002,0.0,0.0,3.1224,1.5,1.5
11.95,0.0026,-0.0,0.0,0.0001,0.0001,0.0,0.0,3.1224,1.5,1.5
11.967,0.0026,-0.0,0.0,0.0001,-0.0003,0.0,0.0,3.1224,1.5,1.5
11.967,0.0026,-0.0,0.0,0.0001,-0.0003,0.0,0.0,3.1224,1.5,1.5
11.967,0.0026,-0.0,0.0,0.0001,-0.0003,0.0,0.0,3.1224,1.5,1.5
12.0,0.0026,-0.0,0.0,0.0001,-0.0003,0.0,0.0,3.1224,1.5,1.5
12.0,0.0026,-0.0,0.0,0.0001,-0.0003,0.0,0.0,3.1224,1.5,1.5
12.017,0.0026,0.0,0.0,0.0001,0.0003,0.0,0.0,3.1224,1.5,1.5
12.033,0.0026,-0.0,0.0,0.0001,-0.0004,0.0,0.0,3.1207,1.5,1.5
12.033,0.0026,-0.0,0.0,0.0001,-0.0004,0.0,0.0,3.1207,1.5,1.5
12.033,0.0026,-0.0,0.0,0.0001,-0.0004,0.0,0.0,3.1207,1.5,1.5
12.067,0.0026,-0.0,0.0,0.0001,-0.0004,0.0,0.0,3.1207,1.5,1.5
12.067,0.0026,-0.0,0.0,0.0001,-0.0004,0.0,0.0,3.1207,1.5,1.5
12.083,0.0026,0.0,0.0,0.0001,0.0002,0.0,0.0,3.1207,1.5,1.5
12.083,0.0026,0.0,0.0,0.0001,0.0002,0.0,0.0,3.1207,1.5,1.5
12.083,0.0026,0.0,0.0,0.0001,0.0002,0.0,0.0,3.1207,1.5,1.5
12.117,0.0026,-0.0,0.0,0.0001,-0.0001,0.0,0.0,3.1207,1.5,1.5
12.133,0.0026,-0.0,0.0,0.0001,0.0,0.0,0.0,3.1366,1.5,1.5
12.133,0.0026,-0.0,0.0,0.0001,0.0,0.0,0.0,3.1366,1.5,1.5
12.133,0.0026,-0.0,0.0,0.0001,0.0,0.0,0.0,3.1366,1.5,1.5
12.167,0.0026,-0.0,0.0,0.0001,0.0001,0.0,0.0,3.1366,1.5,1.5
12.167,0.0026,-0.0,0.0,0.0001,0.0001,0.0,0.0,3.1366,1.5,1.5
12.183,0.0026,-0.0,0.0,0.0001,-0.0002,0.0,0.0,3.1366,1.5,1.5
12.2,0.0026,-0.0,0.0,0.0001,0.0,0.0,0.0,3.1366,1.5,1.5
12.2,0.0026,-0.0,0.0,0.0001,0.0,0.0,0.0,3.1366,1.5,1.5
12.2,0.0026,-0.0,0.0,0.0001,0.0,0.0,0.0,3.1366,1.5,1.5
12.233,0.0026,-0.0,0.0,0.0001,0.0,0.0,0.0,3.1565,1.5,1.5
12.233,0.0026,-0.0,0.0,0.0001,0.0,0.0,0.0,3.1565,1.5,1.5
12.25,0.0026,-0.0,0.0,0.0001,-0.0002,0.0,0.0,3.1565,1.5,1.5
12.25,0.0026,-0.0,0.0,0.0001,-0.0002,0.0,0.0,3.1565,1.5,1.5
12.25,0.0026,-0.0,0.0,0.0001,-0.0002,0.0,0.0,3.1565,1.5,1.5
12.283,0.0027,-0.0,0.0,0.0001,-0.0002,0.0,0.0,3.1565,1.5,1.5
12.283,0.0027,-0.0,0.0,0.0001,-0.0002,0.0,0.0,3.1565,1.5,1.5
12.3,0.0027,-0.0,0.0,0.0001,-0.0,0.0,0.0,3.1565,1.5,1.5
12.3,0.0027,-0.0,0.0,0.0001,-0.0,0.0,0.0,3.1565,1.5,1.5
12.3,0.0027,-0.0,0.0,0.0001,-0.0,0.0,0.0,3.1222,1.5,1.5
12.333,0.0027,-0.0,0.0,0.0001,-0.0002,0.0,0.0,3.1222,1.5,1.5
12.35,0.0027,-0.0,0.0,0.0001,0.0,0.0,0.0,3.1222,1.5,1.5
12.35,0.0027,-0.0,0.0,0.0001,0.0,0.0,0.0,3.1222,1.5,1.5
12.367,0.0027,-0.0,0.0,0.0001,-0.0002,0.0,0.0,3.1222,1.5,1.5
12.367,0.0027,-0.0,0.0,0.0001,-0.0002,0.0,0.0,3.1222,1.5,1.5
12.367,0.0027,-0.0,0.0,0.0001,-0.0002,0.0,0.0,3.1222,1.5,1.5
12.4,0.0027,-0.0,0.0,0.0001,-0.0002,0.0,0.0,3.1222,1.5,1.5
12.417,0.0027,-0.0,0.0,0.0001,-0.0,0.0,0.0,3.1222,1.5,1.5
12.417,0.0027,-0.0,0.0,0.0001,-0.0,0.0,0.0,3.1603,1.5,1.5
12.417,0.0027,-0.0,0.0,0.0001,-0.0,0.0,0.0,3.1603,1.5,1.5
12.417,0.0027,-0.0,0.0,0.0001,-0.0,0.0,0.0,3.1603,1.5,1.5
12.417,0.0027,-0.0,0.0,0.0001,-0.0,0.0,0.0,3.1603,1.5,1.5
12.45,0.0027,-0.0,0.0,0.0001,-0.0,0.0,0.0,3.1603,1.5,1.5
12.467,0.0027,-0.0,0.0,0.0001,-0.0001,0.0,0.0,3.1603,1.5,1.5
12.467,0.0027,-0.0,0.0,0.0001,-0.0001,0.0,0.0,3.1603,1.5,1.5
12.467,0.0027,-0.0,0.0,0.0001,-0.0001,0.0,0.0,3.1603,1.5,1.5
12.5,0.0027,-0.0,0.0,0.0001,-0.0002,0.0,0.0,3.1603,1.5,1.5
12.5,0.0027,-0.0,0.0,0.0001,-0.0002,0.0,0.0,3.1603,1.5,1.5
12.517,0.0027,-0.0,0.0,0.0001,0.0,0.0,0.0,3.1603,1.5,1.5
12.517,0.0027,-0.0,0.0,0.0001,0.0,0.0,0.0,3.1214,1.5,1.5
12.533,0.0027,-0.0,0.0,0.0001,-0.0002,0.0,0.0,3.1214,1.5,1.5
12.533,0.0027,-0.0,0.0,0.0001,-0.0002,0.0,0.0,3.1214,1.5,1.5
12.567,0.0027,-0.0,0.0,0.0001,-0.0002,0.0,0.0,3.1214,1.5,1.5
12.567,0.0027,-0.0,0.0,0.0001,-0.0002,0.0,0.0,3.1214,1.5,1.5
12.583,0.0027,-0.0,0.0,0.0001,0.0001,0.0,0.0,3.1214,1.5,1.5
12.583,0.0027,-0.0,0.0,0.0001,0.0001,0.0,0.0,3.1214,1.5,1.5
12.583,0.0027,-0.0,0.0,0.0001,0.0001,0.0,0.0,3.1214,1.5,1.5
12.617,0.0027,-0.0,0.0,0.0001,0.0001,0.0,0.0,3.1214,1.5,1.5
12.617,0.0027,-0.0,0.0,0.0001,0.0001,0.0,0.0,3.1537,1.5,1.5
12.633,0.0027,-0.0,0.0,0.0001,-0.0002,0.0,0.0,3.1537,1.5,1.5
12.633,0.0027,-0.0,0.0,0.0001,-0.0002,0.0,0.0,3.1537,1.5,1.5
12.633,0.0027,-0.0,0.0,0.0001,-0.0002,0.0,0.0,3.1537,1.5,1.5
12.633,0.0027,-0.0,0.0,0.0001,-0.0002,0.0,0.0,3.1537,1.5,1.5
12.667,0.0027,-0.0,0.0,0.0001,-0.0002,0.0,0.0,3.1537,1.5,1.5
12.683,0.0027,-0.0,0.0,0.0001,-0.0,0.0,0.0,3.1537,1.5,1.5
12.683,0.0027,-0.0,0.0,0.0001,-0.0,0.0,0.0,3.1537,1.5,1.5
12.7,0.0027,-0.0,0.0,0.0001,-0.0001,0.0,0.0,3.1537,1.5,1.5
12.7,0.0027,-0.0,0.0,0.0001,-0.0001,0.0,0.0,3.1537,1.5,1.5
12.7,0.0027,-0.0,0.0,0.0001,-0.0001,0.0,0.0,3.1537,1.5,1.5
12.733,0.0027,-0.0,0.0,0.0001,-0.0001,0.0,0.0,3.1609,1.5,1.5
12.733,0.0027,-0.0,0.0,0.0001,-0.0001,0.0,0.0,3.1609,1.5,1.5
12.75,0.0028,-0.0,0.0,0.0001,0.0001,0.0,0.0,3.1609,1.5,1.5
12.75,0.0028,-0.0,0.0,0.0001,0.0001,0.0,0.0,3.1609,1.5,1.5
12.783,0.0028,-0.0,0.0,0.0001,0.0002,0.0,0.0,3.1609,1.5,1.5
12.783,0.0028,-0.0,0.0,0.0001,0.0002,0.0,0.0,3.1609,1.5,1.5
12.8,0.0028,-0.0,0.0,0.0001,-0.0004,0.0,0.0,3.1609,1.5,1.5
12.8,0.0028,-0.0,0.0,0.0001,-0.0004,0.0,0.0,3.1609,1.5,1.5
12.8,0.0028,-0.0,0.0,0.0001,-0.0004,0.0,0.0,3.1259,1.5,1.5
12.833,0.0028,-0.0,0.0,0.0001,-0.0004,0.0,0.0,3.1259,1.5,1.5
12.833,0.0028,-0.0,0.0,0.0001,-0.0004,0.0,0.0,3.1259,1.5,1.5
12.85,0.0028,-0.0,0.0,0.0001,0.0002,0.0,0.0,3.1259,1.5,1.5
12.867,0.0028,-0.0,0.0,0.0001,-0.0003,0.0,0.0,3.1259,1.5,1.5
12.867,0.0028,-0.0,0.0,0.0001,-0.0003,0.0,0.0,3.1259,1.5,1.5
12.867,0.0028,-0.0,0.0,0.0001,-0.0003,0.0,0.0,3.1259,1.5,1.5
12.9,0.0028,-0.0,0.0,0.0001,-0.0002,0.0,0.0,3.1259,1.5,1.5
12.9,0.0028,-0.0,0.0,0.0001,-0.0002,0.0,0.0,3.1259,1.5,1.5
12.917,0.0028,-0.0,0.0,0.0001,-0.0,0.0,0.0,3.1259,1.5,1.5
12.917,0.0028,-0.0,0.0,0.0001,-0.0,0.0,0.0,3.1615,1.5,1.5
12.917,0.0028,-0.0,0.0,0.0001,-0.0,0.0,0.0,3.1615,1.5,1.5
12.95,0.0028,-0.0,0.0,0.0001,-0.0001,0.0,0.0,3.1615,1.5,1.5
12.95,0.0028,-0.0,0.0,0.0001,-0.0001,0.0,0.0,3.1615,1.5,1.5
12.967,0.0028,-0.0,0.0,0.0001,-0.0001,0.0,0.0,3.1615,1.5,1.5
12.967,0.0028,-0.0,0.0,0.0001,-0.0001,0.0,0.0,3.1615,1.5,1.5
12.967,0.0028,-0.0,0.0,0.0001,-0.0001,0.0,0.0,3.1615,1.5,1.5
13.0,0.0028,-0.0,0.0,0.0001,-0.0001,0.0,0.0,3.1615,1.5,1.5
13.017,0.0028,-0.0,0.0,0.0001,-0.0001,0.0,0.0,3.1615,1.5,1.5
13.017,0.0028,-0.0,0.0,0.0001,-0.0001,0.0,0.0,3.1422,1.5,1.5
13.033,0.0028,-0.0,0.0,0.0001,-0.0001,0.0,0.0,3.1422,1.5,1.5
13.033,0.0028,-0.0,0.0,0.0001,-0.0001,0.0,0.0,3.1422,1.5,1.5
13.033,0.0028,-0.0,0.0,0.0001,-0.0001,0.0,0.0,3.1422,1.5,1.5
13.067,0.0028,-0.0,0.0,0.0001,-0.0002,0.0,0.0,3.1422,1.5,1.5
13.083,0.0028,-0.0,0.0,0.0001,0.0001,0.0,0.0,3.1422,1.5,1.5
13.083,0.0028,-0.0,0.0,0.0001,0.0001,0.0,0.0,3.1422,1.5,1.5
13.083,0.0028,-0.0,0.0,0.0001,0.0001,0.0,0.0,3.1422,1.5,1.5
13.117,0.0028,-0.0,0.0,0.0001,0.0002,0.0,0.0,3.1422,1.5,1.5
13.117,0.0028,-0.0,0.0,0.0001,0.0002,0.0,0.0,3.2155,1.5,1.5
13.133,0.0028,-0.0,0.0,0.0001,-0.0003,0.0,0.0,3.2155,1.5,1.5
13.133,0.0028,-0.0,0.0,0.0001,-0.0003,0.0,0.0,3.2155,1.5,1.5
13.133,0.0028,-0.0,0.0,0.0001,-0.0003,0.0,0.0,3.2155,1.5,1.5
13.167,0.0028,-0.0,0.0,0.0001,-0.0004,0.0,0.0,3.2155,1.5,1.5
13.183,0.0028,-0.0,0.0,0.0001,0.0002,0.0,0.0,3.2155,1.5,1.5
13.183,0.0028,-0.0,0.0,0.0001,0.0002,0.0,0.0,3.2155,1.5,1.5
13.2,0.0029,-0.0,0.0,0.0001,-0.0003,0.0,0.0,3.2155,1.5,1.5
13.2,0.0029,-0.0,0.0,0.0001,-0.0003,0.0,0.0,3.2155,1.5,1.5
13.233,0.0029,-0.0,0.0,0.0001,-0.0003,0.0,0.0,3.1429,1.5,1.5
13.233,0.0029,-0.0,0.0,0.0001,-0.0003,0.0,0.0,3.1429,1.5,1.5
13.25,0.0029,-0.0,0.0,0.0001,0.0001,0.0,0.0,3.1429,1.5,1.5
13.25,0.0029,-0.0,0.0,0.0001,0.0001,0.0,0.0,3.1429,1.5,1.5
13.25,0.0029,-0.0,0.0,0.0001,0.0001,0.0,0.0,3.1429,1.5,1.5
13.283,0.0029,-0.0,0.0,0.0001,-0.0001,0.0,0.0,3.1429,1.5,1.5
13.283,0.0029,-0.0,0.0,0.0001,-0.0001,0.0,0.0,3.1429,1.5,1.5
13.3,0.0029,-0.0,0.0,0.0001,0.0,0.0,0.0,3.1429,1.5,1.5
13.3,0.0029,-0.0,0.0,0.0001,0.0,0.0,0.0,3.1429,1.5,1.5
13.3,0.0029,-0.0,0.0,0.0001,0.0,0.0,0.0,3.1275,1.5,1.5
13.333,0.0029,-0.0,0.0,0.0001,-0.0,0.0,0.0,3.1275,1.5,1.5
13.35,0.0029,-0.0,0.0,0.0001,-0.0002,0.0,0.0,3.1275,1.5,1.5
13.35,0.0029,-0.0,0.0,0.0001,-0.0002,0.0,0.0,3.1275,1.5,1.5
13.367,0.0029,-0.0,0.0,0.0001,0.0002,0.0,0.0,3.1275,1.5,1.5
13.367,0.0029,-0.0,0.0,0.0001,0.0002,0.0,0.0,3.1275,1.5,1.5
13.367,0.0029,-0.0,0.0,0.0001,0.0002,0.0,0.0,3.1275,1.5,1.5
13.4,0.0029,-0.0,0.0,0.0001,0.0002,0.0,0.0,3.1275,1.5,1.5
13.417,0.0029,-0.0,0.0,0.0001,-0.0004,0.0,0.0,3.1275,1.5,1.5
13.417,0.0029,-0.0,0.0,0.0001,-0.0004,0.0,0.0,3.2217,1.5,1.5
13.417,0.0029,-0.0,0.0,0.0001,-0.0004,0.0,0.0,3.2217,1.5,1.5
13.45,0.0029,-0.0,0.0,0.0001,-0.0004,0.0,0.0,3.2217,1.5,1.5
13.45,0.0029,-0.0,0.0,0.0001,-0.0004,0.0,0.0,3.2217,1.5,1.5
13.467,0.0029,-0.0,0.0,0.0001,0.0003,0.0,0.0,3.2217,1.5,1.5
13.467,0.0029,-0.0,0.0,0.0001,0.0003,0.0,0.0,3.2217,1.5,1.5
13.467,0.0029,-0.0,0.0,0.0001,0.0003,0.0,0.0,3.2217,1.5,1.5
13.5,0.0029,0.0,0.0,0.0001,0.0002,0.0,0.0,3.2217,1.5,1.5
13.5,0.0029,0.0,0.0,0.0001,0.0002,0.0,0.0,3.2217,1.5,1.5
13.517,0.0029,-0.0,0.0,0.0001,-0.0003,0.0,0.0,3.2217,1.5,1.5
13.533,0.0029,-0.0,0.0,0.0001,0.0001,0.0,0.0,3.1438,1.5,1.5
13.533,0.0029,-0.0,0.0,0.0001,0.0001,0.0,0.0,3.1438,1.5,1.5
13.533,0.0029,-0.0,0.0,0.0001,0.0001,0.0,0.0,3.1438,1.5,1.5
13.567,0.0029,-0.0,0.0,0.0001,0.0001,0.0,0.0,3.1438,1.5,1.5
13.583,0.0029,-0.0,0.0,0.0001,-0.0002,0.0,0.0,3.1438,1.5,1.5
13.583,0.0029,-0.0,0.0,0.0001,-0.0002,0.0,0.0,3.1438,1.5,1.5
13.583,0.0029,-0.0,0.0,0.0001,-0.0002,0.0,0.0,3.1438,1.5,1.5
13.583,0.0029,-0.0,0.0,0.0001,-0.0002,0.0,0.0,3.1438,1.5,1.5
13.617,0.0029,-0.0,0.0,0.0001,-0.0001,0.0,0.0,3.1438,1.5,1.5
13.633,0.0029,-0.0,0.0,0.0001,0.0,0.0,0.0,3.1756,1.5,1.5
13.633,0.0029,-0.0,0.0,0.0001,0.0,0.0,0.0,3.1756,1.5,1.5
13.633,0.0029,-0.0,0.0,0.0001,0.0,0.0,0.0,3.1756,1.5,1.5
13.667,0.003,-0.0,0.0,0.0001,-0.0,0.0,0.0,3.1756,1.5,1.5
13.667,0.003,-0.0,0.0,0.0001,-0.0,0.0,0.0,3.1756,1.5,1.5
13.683,0.003,-0.0,0.0,0.0001,-0.0001,0.0,0.0,3.1756,1.5,1.5
13.7,0.003,-0.0,0.0,0.0001,-0.0,0.0,0.0,3.1756,1.5,1.5
13.7,0.003,-0.0,0.0,0.0001,-0.0,0.0,0.0,3.1756,1.5,1.5
13.7,0.003,-0.0,0.0,0.0001,-0.0,0.0,0.0,3.1756,1.5,1.5
13.7,0.003,-0.0,0.0,0.0001,-0.0,0.0,0.0,3.1221,1.5,1.5
13.733,0.003,-0.0,0.0,0.0001,-0.0,0.0,0.0,3.1221,1.5,1.5
13.75,0.003,-0.0,0.0,0.0001,-0.0,0.0,0.0,3.1221,1.5,1.5
13.75,0.003,-0.0,0.0,0.0001,-0.0,0.0,0.0,3.1221,1.5,1.5
13.75,0.003,-0.0,0.0,0.0001,-0.0,0.0,0.0,3.1221,1.5,1.5
13.783,0.003,-0.0,0.0,0.0001,-0.0,0.0,0.0,3.1221,1.5,1.5
13.783,0.003,-0.0,0.0,0.0001,-0.0,0.0,0.0,3.1221,1.5,1.5
13.8,0.003,-0.0,0.0,0.0001,-0.0001,0.0,0.0,3.1221,1.5,1.5
13.8,0.003,-0.0,0.0,0.0001,-0.0001,0.0,0.0,3.1221,1.5,1.5
13.8,0.003,-0.0,0.0,0.0001,-0.0001,0.0,0.0,3.1477,1.5,1.5
13.833,0.003,-0.0,0.0,0.0001,-0.0001,0.0,0.0,3.1477,1.5,1.5
13.85,0.003,-0.0,0.0,0.0001,-0.0001,0.0,0.0,3.1477,1.5,1.5
13.85,0.003,-0.0,0.0,0.0001,-0.0001,0.0,0.0,3.1477,1.5,1.5
13.867,0.003,-0.0,0.0,0.0001,-0.0001,0.0,0.0,3.1477,1.5,1.5
13.867,0.003,-0.0,0.0,0.0001,-0.0001,0.0,0.0,3.1477,1.5,1.5
13.867,0.003,-0.0,0.0,0.0001,-0.0001,0.0,0.0,3.1477,1.5,1.5
13.9,0.003,-0.0,0.0,0.0001,-0.0,0.0,0.0,3.1477,1.5,1.5
13.917,0.003,-0.0,0.0,0.0001,-0.0001,0.0,0.0,3.1477,1.5,1.5
13.917,0.003,-0.0,0.0,0.0001,-0.0001,0.0,0.0,3.2054,1.5,1.5
13.917,0.003,-0.0,0.0,0.0001,-0.0001,0.0,0.0,3.2054,1.5,1.5
13.95,0.003,-0.0,0.0,0.0001,-0.0001,0.0,0.0,3.2054,1.5,1.5
13.95,0.003,-0.0,0.0,0.0001,-0.0001,0.0,0.0,3.2054,1.5,1.5
13.967,0.003,-0.0,0.0,0.0001,-0.0,0.0,0.0,3.2054,1.5,1.5
13.967,0.003,-0.0,0.0,0.0001,-0.0,0.0,0.0,3.2054,1.5,1.5
13.967,0.003,-0.0,0.0,0.0001,-0.0,0.0,0.0,3.2054,1.5,1.5
14.0,0.003,-0.0,0.0,0.0001,-0.0,0.0,0.0,3.2054,1.5,1.5
14.017,0.003,-0.0,0.0,0.0001,-0.0001,0.0,0.0,3.2054,1.5,1.5
14.017,0.003,-0.0,0.0,0.0001,-0.0001,0.0,0.0,3.1311,1.5,1.5
14.033,0.003,-0.0,0.0,0.0001,-0.0001,0.0,0.0,3.1311,1.5,1.5
14.033,0.003,-0.0,0.0,0.0001,-0.0001,0.0,0.0,3.1311,1.5,1.5
14.033,0.003,-0.0,0.0,0.0001,-0.0001,0.0,0.0,3.1311,1.5,1.5
14.067,0.003,-0.0,0.0,0.0001,-0.0001,0.0,0.0,3.1311,1.5,1.5
14.083,0.003,-0.0,0.0,0.0001,-0.0,0.0,0.0,3.1311,1.5,1.5
14.083,0.003,-0.0,0.0,0.0001,-0.0,0.0,0.0,3.1311,1.5,1.5
14.083,0.003,-0.0,0.0,0.0001,-0.0,0.0,0.0,3.1311,1.5,1.5
14.083,0.003,-0.0,0.0,0.0001,-0.0,0.0,0.0,3.1311,1.5,1.5
14.117,0.003,-0.0,0.0,0.0001,-0.0,0.0,0.0,3.1311,1.5,1.5
14.133,0.0031,-0.0,0.0,0.0001,-0.0001,0.0,0.0,3.1949,1.5,1.5
14.133,0.0031,-0.0,0.0,0.0001,-0.0001,0.0,0.0,3.1949,1.5,1.5
14.133,0.0031,-0.0,0.0,0.0001,-0.0001,0.0,0.0,3.1949,1.5,1.5
14.167,0.0031,-0.0,0.0,0.0001,-0.0002,0.0,0.0,3.1949,1.5,1.5
14.167,0.0031,-0.0,0.0,0.0001,-0.0002,0.0,0.0,3.1949,1.5,1.5
14.183,0.0031,-0.0,0.0,0.0001,-0.0,0.0,0.0,3.1949,1.5,1.5
14.2,0.0031,-0.0,0.0,0.0001,-0.0001,0.0,0.0,3.1949,1.5,1.5
14.2,0.0031,-0.0,0.0,0.0001,-0.0001,0.0,0.0,3.1949,1.5,1.5
14.2,0.0031,-0.0,0.0,0.0001,-0.0001,0.0,0.0,3.1949,1.5,1.5
14.233,0.0031,-0.0,0.0,0.0001,-0.0001,0.0,0.0,3.1299,1.5,1.5
14.233,0.0031,-0.0,0.0,0.0001,-0.0001,0.0,0.0,3.1299,1.5,1.5
14.25,0.0031,-0.0,0.0,0.0001,-0.0,0.0,0.0,3.1299,1.5,1.5
14.25,0.0031,-0.0,0.0,0.0001,-0.0,0.0,0.0,3.1299,1.5,1.5
14.25,0.0031,-0.0,0.0,0.0001,-0.0,0.0,0.0,3.1299,1.5,1.5
14.283,0.0031,-0.0,0.0,0.0001,-0.0,0.0,0.0,3.1299,1.5,1.5
14.283,0.0031,-0.0,0.0,0.0001,-0.0,0.0,0.0,3.1299,1.5,1.5
14.3,0.0031,-0.0,0.0,0.0001,-0.0001,0.0,0.0,3.1299,1.5,1.5
14.3,0.0031,-0.0,0.0,0.0001,-0.0001,0.0,0.0,3.1299,1.5,1.5
14.3,0.0031,-0.0,0.0,0.0001,-0.0001,0.0,0.0,3.1441,1.5,1.5
14.333,0.0031,-0.0,0.0,0.0001,-0.0001,0.0,0.0,3.1441,1.5,1.5
14.35,0.0031,-0.0,0.0,0.0001,0.0,0.0,0.0,3.1441,1.5,1.5
14.35,0.0031,-0.0,0.0,0.0001,0.0,0.0,0.0,3.1441,1.5,1.5
14.367,0.0031,-0.0,0.0,0.0001,-0.0001,0.0,0.0,3.1441,1.5,1.5
14.367,0.0031,-0.0,0.0,0.0001,-0.0001,0.0,0.0,3.1441,1.5,1.5
14.4,0.0031,-0.0,0.0,0.0001,-0.0001,0.0,0.0,3.1441,1.5,1.5
14.4,0.0031,-0.0,0.0,0.0001,-0.0001,0.0,0.0,3.1441,1.5,1.5
14.417,0.0031,-0.0,0.0,0.0001,-0.0,0.0,0.0,3.1441,1.5,1.5
14.417,0.0031,-0.0,0.0,0.0001,-0.0,0.0,0.0,3.1403,1.5,1.5
14.417,0.0031,-0.0,0.0,0.0001,-0.0,0.0,0.0,3.1403,1.5,1.5
14.45,0.0031,-0.0,0.0,0.0001,-0.0,0.0,0.0,3.1403,1.5,1.5
14.45,0.0031,-0.0,0.0,0.0001,-0.0,0.0,0.0,3.1403,1.5,1.5
14.467,0.0031,-0.0,0.0,0.0001,-0.0001,0.0,0.0,3.1403,1.5,1.5
14.467,0.0031,-0.0,0.0,0.0001,-0.0001,0.0,0.0,3.1403,1.5,1.5
14.467,0.0031,-0.0,0.0,0.0001,-0.0001,0.0,0.0,3.1403,1.5,1.5
14.5,0.0031,-0.0,0.0,0.0001,-0.0,0.0,0.0,3.1403,1.5,1.5
14.517,0.0031,-0.0,0.0,0.0001,-0.0001,0.0,0.0,3.1403,1.5,1.5
14.517,0.0031,-0.0,0.0,0.0001,-0.0001,0.0,0.0,3.1403,1.5,1.5
14.533,0.0031,-0.0,0.0,0.0001,0.0001,0.0,0.0,3.1744,1.5,1.5
14.533,0.0031,-0.0,0.0,0.0001,0.0001,0.0,0.0,3.1744,1.5,1.5
14.533,0.0031,-0.0,0.0,0.0001,0.0001,0.0,0.0,3.1744,1.5,1.5
14.567,0.0031,-0.0,0.0,0.0001,0.0,0.0,0.0,3.1744,1.5,1.5
14.583,0.0032,-0.0,0.0,0.0001,-0.0002,0.0,0.0,3.1744,1.5,1.5
14.583,0.0032,-0.0,0.0,0.0001,-0.0002,0.0,0.0,3.1744,1.5,1.5
14.583,0.0032,-0.0,0.0,0.0001,-0.0002,0.0,0.0,3.1744,1.5,1.5
14.617,0.0032,-0.0,0.0,0.0001,-0.0001,0.0,0.0,3.1744,1.5,1.5
14.617,0.0032,-0.0,0.0,0.0001,-0.0001,0.0,0.0,3.1744,1.5,1.5
14.633,0.0032,-0.0,0.0,0.0001,-0.0001,0.0,0.0,3.136,1.5,1.5
14.633,0.0032,-0.0,0.0,0.0001,-0.0001,0.0,0.0,3.136,1.5,1.5
14.633,0.0032,-0.0,0.0,0.0001,-0.0001,0.0,0.0,3.136,1.5,1.5
14.667,0.0032,-0.0,0.0,0.0001,0.0001,0.0,0.0,3.136,1.5,1.5
14.667,0.0032,-0.0,0.0,0.0001,0.0001,0.0,0.0,3.136,1.5,1.5
14.683,0.0032,-0.0,0.0,0.0001,-0.0002,0.0,0.0,3.136,1.5,1.5
14.7,0.0032,0.0,0.0,0.0001,0.0001,0.0,0.0,3.136,1.5,1.5
14.7,0.0032,0.0,0.0,0.0001,0.0001,0.0,0.0,3.136,1.5,1.5
14.7,0.0032,0.0,0.0,0.0001,0.0001,0.0,0.0,3.136,1.5,1.5
14.733,0.0032,-0.0,0.0,0.0001,0.0,0.0,0.0,3.1368,1.5,1.5
14.733,0.0032,-0.0,0.0,0.0001,0.0,0.0,0.0,3.1368,1.5,1.5
14.75,0.0032,-0.0,0.0,0.0001,-0.0002,0.0,0.0,3.1368,1.5,1.5
14.75,0.0032,-0.0,0.0,0.0001,-0.0002,0.0,0.0,3.1368,1.5,1.5
14.75,0.0032,-0.0,0.0,0.0001,-0.0002,0.0,0.0,3.1368,1.5,1.5
14.783,0.0032,-0.0,0.0,0.0001,-0.0001,0.0,0.0,3.1368,1.5,1.5
14.8,0.0032,-0.0,0.0,0.0001,-0.0001,0.0,0.0,3.1368,1.5,1.5
14.8,0.0032,-0.0,0.0,0.0001,-0.0001,0.0,0.0,3.1368,1.5,1.5
14.8,0.0032,-0.0,0.0,0.0001,-0.0001,0.0,0.0,3.1368,1.5,1.5
14.833,0.0032,-0.0,0.0,0.0001,-0.0,0.0,0.0,3.111,1.5,1.5
14.833,0.0032,-0.0,0.0,0.0001,-0.0,0.0,0.0,3.111,1.5,1.5
14.85,0.0032,-0.0,0.0,0.0001,-0.0001,0.0,0.0,3.111,1.5,1.5
14.85,0.0032,-0.0,0.0,0.0001,-0.0001,0.0,0.0,3.111,1.5,1.5
14.867,0.0032,-0.0,0.0,0.0001,-0.0001,0.0,0.0,3.111,1.5,1.5
14.867,0.0032,-0.0,0.0,0.0001,-0.0001,0.0,0.0,3.111,1.5,1.5
14.867,0.0032,-0.0,0.0,0.0001,-0.0001,0.0,0.0,3.111,1.5,1.5
14.9,0.0032,-0.0,0.0,0.0001,-0.0001,0.0,0.0,3.111,1.5,1.5
14.917,0.0032,-0.0,0.0,0.0001,-0.0001,0.0,0.0,3.111,1.5,1.5
14.917,0.0032,-0.0,0.0,0.0001,-0.0001,0.0,0.0,3.119,1.5,1.5
14.917,0.0032,-0.0,0.0,0.0001,-0.0001,0.0,0.0,3.119,1.5,1.5
14.95,0.0032,-0.0,0.0,0.0001,-0.0001,0.0,0.0,3.119,1.5,1.5
14.95,0.0032,-0.0,0.0,0.0001,-0.0001,0.0,0.0,3.119,1.5,1.5
14.967,0.0032,-0.0,0.0,0.0001,-0.0001,0.0,0.0,3.119,1.5,1.5
14.967,0.0032,-0.0,0.0,0.0001,-0.0001,0.0,0.0,3.119,1.5,1.5
14.967,0.0032,-0.0,0.0,0.0001,-0.0001,0.0,0.0,3.119,1.5,1.5
15.0,0.0032,-0.0,0.0,0.0001,-0.0001,0.0,0.0,3.119,1.5,1.5
15.017,0.0032,-0.0,0.0,0.0001,-0.0001,0.0,0.0,3.119,1.5,1.5
15.017,0.0032,-0.0,0.0,0.0001,-0.0001,0.0,0.0,3.1386,1.5,1.5
15.033,0.0032,-0.0,0.0,0.0001,-0.0,0.0,0.0,3.1386,1.5,1.5
15.033,0.0032,-0.0,0.0,0.0001,-0.0,0.0,0.0,3.1386,1.5,1.5
15.033,0.0032,-0.0,0.0,0.0001,-0.0,0.0,0.0,3.1386,1.5,1.5
15.067,0.0033,-0.0,0.0,0.0001,-0.0001,0.0,0.0,3.1386,1.5,1.5
15.083,0.0033,-0.0,0.0,0.0001,-0.0001,0.0,0.0,3.1386,1.5,1.5
15.083,0.0033,-0.0,0.0,0.0001,-0.0001,0.0,0.0,3.1386,1.5,1.5
15.083,0.0033,-0.0,0.0,0.0001,-0.0001,0.0,0.0,3.1386,1.5,1.5
15.083,0.0033,-0.0,0.0,0.0001,-0.0001,0.0,0.0,3.1386,1.5,1.5
15.117,0.0033,-0.0,0.0,0.0001,-0.0001,0.0,0.0,3.1386,1.5,1.5
15.133,0.0033,-0.0,0.0,0.0001,-0.0001,0.0,0.0,3.1755,1.5,1.5
15.133,0.0033,-0.0,0.0,0.0001,-0.0001,0.0,0.0,3.1755,1.5,1.5
15.133,0.0033,-0.0,0.0,0.0001,-0.0001,0.0,0.0,3.1755,1.5,1.5
15.167,0.0033,-0.0,0.0,0.0001,-0.0001,0.0,0.0,3.1755,1.5,1.5
15.167,0.0033,-0.0,0.0,0.0001,-0.0001,0.0,0.0,3.1755,1.5,1.5
15.183,0.0033,-0.0,0.0,0.0001,-0.0,0.0,0.0,3.1755,1.5,1.5
15.2,0.0033,-0.0,0.0,0.0001,-0.0001,0.0,0.0,3.1755,1.5,1.5
15.2,0.0033,-0.0,0.0,0.0001,-0.0001,0.0,0.0,3.1755,1.5,1.5
15.2,0.0033,-0.0,0.0,0.0001,-0.0001,0.0,0.0,3.1755,1.5,1.5
15.2,0.0033,-0.0,0.0,0.0001,-0.0001,0.0,0.0,3.1755,1.5,1.5
15.233,0.0033,-0.0,0.0,0.0001,-0.0001,0.0,0.0,3.1278,1.5,1.5
15.233,0.0033,-0.0,0.0,0.0001,-0.0001,0.0,0.0,3.1278,1.5,1.5
15.25,0.0033,-0.0,0.0,0.0001,-0.0001,0.0,0.0,3.1278,1.5,1.5
15.25,0.0033,-0.0,0.0,0.0001,-0.0001,0.0,0.0,3.1278,1.5,1.5
15.25,0.0033,-0.0,0.0,0.0001,-0.0001,0.0,0.0,3.1278,1.5,1.5
15.283,0.0033,-0.0,0.0,0.0001,-0.0001,0.0,0.0,3.1278,1.5,1.5
15.283,0.0033,-0.0,0.0,0.0001,-0.0001,0.0,0.0,3.1278,1.5,1.5
15.3,0.0033,-0.0,0.0,0.0001,-0.0001,0.0,0.0,3.1278,1.5,1.5
15.3,0.0033,-0.0,0.0,0.0001,-0.0001,0.0,0.0,3.1278,1.5,1.5
15.333,0.0033,-0.0,0.0,0.0001,-0.0001,0.0,0.0,3.1827,1.5,1.5
15.333,0.0033,-0.0,0.0,0.0001,-0.0001,0.0,0.0,3.1827,1.5,1.5
15.35,0.0033,-0.0,0.0,0.0001,-0.0001,0.0,0.0,3.1827,1.5,1.5
15.35,0.0033,-0.0,0.0,0.0001,-0.0001,0.0,0.0,3.1827,1.5,1.5
15.367,0.0033,-0.0,0.0,0.0001,-0.0001,0.0,0.0,3.1827,1.5,1.5
15.367,0.0033,-0.0,0.0,0.0001,-0.0001,0.0,0.0,3.1827,1.5,1.5
15.367,0.0033,-0.0,0.0,0.0001,-0.0001,0.0,0.0,3.1827,1.5,1.5
15.4,0.0033,-0.0,0.0,0.0001,-0.0001,0.0,0.0,3.1827,1.5,1.5
15.417,0.0033,-0.0,0.0,0.0001,0.0,0.0,0.0,3.1827,1.5,1.5
15.417,0.0033,-0.0,0.0,0.0001,0.0,0.0,0.0,3.0938,1.5,1.5
15.417,0.0033,-0.0,0.0,0.0001,0.0,0.0,0.0,3.0938,1.5,1.5
15.45,0.0033,-0.0,0.0,0.0001,-0.0,0.0,0.0,3.0938,1.5,1.5
15.45,0.0033,-0.0,0.0,0.0001,-0.0,0.0,0.0,3.0938,1.5,1.5
15.467,0.0033,-0.0,0.0,0.0001,-0.0001,0.0,0.0,3.0938,1.5,1.5
15.467,0.0033,-0.0,0.0,0.0001,-0.0001,0.0,0.0,3.0938,1.5,1.5
15.467,0.0033,-0.0,0.0,0.0001,-0.0001,0.0,0.0,3.0938,1.5,1.5
15.5,0.0033,-0.0,0.0,0.0001,-0.0001,0.0,0.0,3.0938,1.5,1.5
15.517,0.0034,-0.0,0.0,0.0001,-0.0001,0.0,0.0,3.0938,1.5,1.5
15.517,0.0034,-0.0,0.0,0.0001,-0.0001,0.0,0.0,3.1325,1.5,1.5
15.533,0.0034,-0.0,0.0,0.0001,-0.0001,0.0,0.0,3.1325,1.5,1.5
15.533,0.0034,-0.0,0.0,0.0001,-0.0001,0.0,0.0,3.1325,1.5,1.5
15.533,0.0034,-0.0,0.0,0.0001,-0.0001,0.0,0.0,3.1325,1.5,1.5
15.567,0.0034,-0.0,0.0,0.0001,-0.0001,0.0,0.0,3.1325,1.5,1.5
15.583,0.0034,-0.0,0.0,0.0001,-0.0001,0.0,0.0,3.1325,1.5,1.5
15.583,0.0034,-0.0,0.0,0.0001,-0.0001,0.0,0.0,3.1325,1.5,1.5
15.583,0.0034,-0.0,0.0,0.0001,-0.0001,0.0,0.0,3.1325,1.5,1.5
15.617,0.0034,-0.0,0.0,0.0001,-0.0001,0.0,0.0,3.1325,1.5,1.5
15.617,0.0034,-0.0,0.0,0.0001,-0.0001,0.0,0.0,3.1574,1.5,1.5
15.633,0.0034,-0.0,0.0,0.0001,-0.0001,0.0,0.0,3.1574,1.5,1.5
15.633,0.0034,-0.0,0.0,0.0001,-0.0001,0.0,0.0,3.1574,1.5,1.5
15.633,0.0034,-0.0,0.0,0.0001,-0.0001,0.0,0.0,3.1574,1.5,1.5
15.667,0.0034,-0.0,0.0,0.0001,-0.0001,0.0,0.0,3.1574,1.5,1.5
15.683,0.0034,-0.0,0.0,0.0001,-0.0001,0.0,0.0,3.1574,1.5,1.5
15.683,0.0034,-0.0,0.0,0.0001,-0.0001,0.0,0.0,3.1574,1.5,1.5
15.7,0.0034,-0.0,0.0,0.0001,-0.0001,0.0,0.0,3.1574,1.5,1.5
15.7,0.0034,-0.0,0.0,0.0001,-0.0001,0.0,0.0,3.1574,1.5,1.5
15.7,0.0034,-0.0,0.0,0.0001,-0.0001,0.0,0.0,3.1574,1.5,1.5
15.733,0.0034,-0.0,0.0,0.0001,-0.0001,0.0,0.0,3.1731,1.5,1.5
15.733,0.0034,-0.0,0.0,0.0001,-0.0001,0.0,0.0,3.1731,1.5,1.5
15.75,0.0034,-0.0,0.0,0.0001,-0.0,0.0,0.0,3.1731,1.5,1.5
15.75,0.0034,-0.0,0.0,0.0001,-0.0,0.0,0.0,3.1731,1.5,1.5
15.75,0.0034,-0.0,0.0,0.0001,-0.0,0.0,0.0,3.1731,1.5,1.5
15.783,0.0034,-0.0,0.0,0.0001,-0.0001,0.0,0.0,3.1731,1.5,1.5
15.8,0.0034,-0.0,0.0,0.0001,-0.0001,0.0,0.0,3.1731,1.5,1.5
15.8,0.0034,-0.0,0.0,0.0001,-0.0001,0.0,0.0,3.1731,1.5,1.5
15.8,0.0034,-0.0,0.0,0.0001,-0.0001,0.0,0.0,3.1731,1.5,1.5
15.833,0.0034,-0.0,0.0,0.0001,-0.0001,0.0,0.0,3.0969,1.5,1.5
15.833,0.0034,-0.0,0.0,0.0001,-0.0001,0.0,0.0,3.0969,1.5,1.5
15.85,0.0034,-0.0,0.0,0.0001,-0.0,0.0,0.0,3.0969,1.5,1.5
15.867,0.0034,-0.0,0.0,0.0001,-0.0001,0.0,0.0,3.0969,1.5,1.5
15.867,0.0034,-0.0,0.0,0.0001,-0.0001,0.0,0.0,3.0969,1.5,1.5
15.867,0.0034,-0.0,0.0,0.0001,-0.0001,0.0,0.0,3.0969,1.5,1.5
15.9,0.0034,-0.0,0.0,0.0001,-0.0001,0.0,0.0,3.0969,1.5,1.5
15.9,0.0034,-0.0,0.0,0.0001,-0.0001,0.0,0.0,3.0969,1.5,1.5
15.917,0.0034,-0.0,0.0,0.0001,-0.0001,0.0,0.0,3.0969,1.5,1.5
15.917,0.0034,-0.0,0.0,0.0001,-0.0001,0.0,0.0,3.1256,1.5,1.5
15.917,0.0034,-0.0,0.0,0.0001,-0.0001,0.0,0.0,3.1256,1.5,1.5
15.95,0.0034,-0.0,0.0,0.0001,-0.0001,0.0,0.0,3.1256,1.5,1.5
15.967,0.0035,-0.0,0.0,0.0001,-0.0001,0.0,0.0,3.1256,1.5,1.5
15.967,0.0035,-0.0,0.0,0.0001,-0.0001,0.0,0.0,3.1256,1.5,1.5
15.967,0.0035,-0.0,0.0,0.0001,-0.0001,0.0,0.0,3.1256,1.5,1.5
16.0,0.0035,-0.0,0.0,0.0001,-0.0,0.0,0.0,3.1256,1.5,1.5
16.0,0.0035,-0.0,0.0,0.0001,-0.0,0.0,0.0,3.1256,1.5,1.5
16.017,0.0035,-0.0,0.0,0.0001,-0.0001,0.0,0.0,3.1256,1.5,1.5
16.033,0.0035,-0.0,0.0,0.0001,-0.0001,0.0,0.0,3.2075,1.5,1.5
16.033,0.0035,-0.0,0.0,0.0001,-0.0001,0.0,0.0,3.2075,1.5,1.5
16.033,0.0035,-0.0,0.0,0.0001,-0.0001,0.0,0.0,3.2075,1.5,1.5
16.033,0.0035,-0.0,0.0,0.0001,-0.0001,0.0,0.0,3.2075,1.5,1.5
16.067,0.0035,-0.0,0.0,0.0001,-0.0001,0.0,0.0,3.2075,1.5,1.5
16.083,0.0035,-0.0,0.0,0.0001,-0.0001,0.0,0.0,3.2075,1.5,1.5
16.083,0.0035,-0.0,0.0,0.0001,-0.0001,0.0,0.0,3.2075,1.5,1.5
16.083,0.0035,-0.0,0.0,0.0001,-0.0001,0.0,0.0,3.2075,1.5,1.5
16.117,0.0035,-0.0,0.0,0.0001,-0.0,0.0,0.0,3.2075,1.5,1.5
16.117,0.0035,-0.0,0.0,0.0001,-0.0,0.0,0.0,3.1444,1.5,1.5
16.133,0.0035,-0.0,0.0,0.0001,-0.0001,0.0,0.0,3.1444,1.5,1.5
16.133,0.0035,-0.0,0.0,0.0001,-0.0001,0.0,0.0,3.1444,1.5,1.5
16.133,0.0035,-0.0,0.0,0.0001,-0.0001,0.0,0.0,3.1444,1.5,1.5
16.133,0.0035,-0.0,0.0,0.0001,-0.0001,0.0,0.0,3.1444,1.5,1.5
16.167,0.0035,-0.0,0.0,0.0001,-0.0001,0.0,0.0,3.1444,1.5,1.5
16.167,0.0035,-0.0,0.0,0.0001,-0.0001,0.0,0.0,3.1444,1.5,1.5
16.183,0.0035,-0.0,0.0,0.0001,-0.0001,0.0,0.0,3.1444,1.5,1.5
16.2,0.0035,-0.0,0.0,0.0001,-0.0001,0.0,0.0,3.1444,1.5,1.5
16.2,0.0035,-0.0,0.0,0.0001,-0.0001,0.0,0.0,3.1444,1.5,1.5
16.2,0.0035,-0.0,0.0,0.0001,-0.0001,0.0,0.0,3.1444,1.5,1.5
16.233,0.0035,-0.0,0.0,0.0001,-0.0001,0.0,0.0,3.1533,1.5,1.5
16.233,0.0035,-0.0,0.0,0.0001,-0.0001,0.0,0.0,3.1533,1.5,1.5
16.25,0.0035,-0.0,0.0,0.0001,-0.0001,0.0,0.0,3.1533,1.5,1.5
16.25,0.0035,-0.0,0.0,0.0001,-0.0001,0.0,0.0,3.1533,1.5,1.5
16.25,0.0035,-0.0,0.0,0.0001,-0.0001,0.0,0.0,3.1533,1.5,1.5
16.283,0.0035,-0.0,0.0,0.0001,-0.0001,0.0,0.0,3.1533,1.5,1.5
16.283,0.0035,-0.0,0.0,0.0001,-0.0001,0.0,0.0,3.1533,1.5,1.5
16.3,0.0035,-0.0,0.0,0.0001,-0.0,0.0,0.0,3.1533,1.5,1.5
16.3,0.0035,-0.0,0.0,0.0001,-0.0,0.0,0.0,3.1533,1.5,1.5
16.3,0.0035,-0.0,0.0,0.0001,-0.0,0.0,0.0,3.1131,1.5,1.5
16.333,0.0035,-0.0,0.0,0.0001,0.0,0.0,0.0,3.1131,1.5,1.5
16.35,0.0035,-0.0,0.0,0.0001,-0.0001,0.0,0.0,3.1131,1.5,1.5
16.35,0.0035,-0.0,0.0,0.0001,-0.0001,0.0,0.0,3.1131,1.5,1.5
16.367,0.0035,-0.0,0.0,0.0001,-0.0,0.0,0.0,3.1131,1.5,1.5
16.367,0.0035,-0.0,0.0,0.0001,-0.0,0.0,0.0,3.1131,1.5,1.5
16.367,0.0035,-0.0,0.0,0.0001,-0.0,0.0,0.0,3.1131,1.5,1.5
16.367,0.0035,-0.0,0.0,0.0001,-0.0,0.0,0.0,3.1131,1.5,1.5
16.4,0.0035,-0.0,0.0,0.0001,-0.0,0.0,0.0,3.1131,1.5,1.5
16.4,0.0035,-0.0,0.0,0.0001,-0.0,0.0,0.0,3.1131,1.5,1.5
16.417,0.0035,-0.0,0.0,0.0001,-0.0001,0.0,0.0,3.1172,1.5,1.5
16.417,0.0035,-0.0,0.0,0.0001,-0.0001,0.0,0.0,3.1172,1.5,1.5
16.417,0.0035,-0.0,0.0,0.0001,-0.0001,0.0,0.0,3.1172,1.5,1.5
16.45,0.0036,-0.0,0.0,0.0001,-0.0001,0.0,0.0,3.1172,1.5,1.5
16.467,0.0036,-0.0,0.0,0.0001,-0.0001,0.0,0.0,3.1172,1.5,1.5
16.467,0.0036,-0.0,0.0,0.0001,-0.0001,0.0,0.0,3.1172,1.5,1.5
16.467,0.0036,-0.0,0.0,0.0001,-0.0001,0.0,0.0,3.1172,1.5,1.5
16.5,0.0036,-0.0,0.0,0.0001,-0.0001,0.0,0.0,3.1172,1.5,1.5
16.5,0.0036,-0.0,0.0,0.0001,-0.0001,0.0,0.0,3.1172,1.5,1.5
16.517,0.0036,-0.0,0.0,0.0001,-0.0001,0.0,0.0,3.1172,1.5,1.5
16.533,0.0036,-0.0,0.0,0.0001,-0.0001,0.0,0.0,3.1275,1.5,1.5
16.533,0.0036,-0.0,0.0,0.0001,-0.0001,0.0,0.0,3.1275,1.5,1.5
16.533,0.0036,-0.0,0.0,0.0001,-0.0001,0.0,0.0,3.1275,1.5,1.5
16.567,0.0036,-0.0,0.0,0.0001,-0.0,0.0,0.0,3.1275,1.5,1.5
16.567,0.0036,-0.0,0.0,0.0001,-0.0,0.0,0.0,3.1275,1.5,1.5
16.583,0.0036,-0.0,0.0,0.0001,-0.0001,0.0,0.0,3.1275,1.5,1.5
16.583,0.0036,-0.0,0.0,0.0001,-0.0001,0.0,0.0,3.1275,1.5,1.5
16.583,0.0036,-0.0,0.0,0.0001,-0.0001,0.0,0.0,3.1275,1.5,1.5
16.617,0.0036,-0.0,0.0,0.0001,-0.0001,0.0,0.0,3.1275,1.5,1.5
16.633,0.0036,-0.0,0.0,0.0001,-0.0001,0.0,0.0,3.1427,1.5,1.5
16.633,0.0036,-0.0,0.0,0.0001,-0.0001,0.0,0.0,3.1427,1.5,1.5
16.633,0.0036,-0.0,0.0,0.0001,-0.0001,0.0,0.0,3.1427,1.5,1.5
16.667,0.0036,-0.0,0.0,0.0001,-0.0001,0.0,0.0,3.1427,1.5,1.5
16.667,0.0036,-0.0,0.0,0.0001,-0.0001,0.0,0.0,3.1427,1.5,1.5
16.683,0.0036,-0.0,0.0,0.0001,-0.0001,0.0,0.0,3.1427,1.5,1.5
16.683,0.0036,-0.0,0.0,0.0001,-0.0001,0.0,0.0,3.1427,1.5,1.5
16.7,0.0036,-0.0,0.0,0.0001,-0.0001,0.0,0.0,3.1427,1.5,1.5
16.7,0.0036,-0.0,0.0,0.0001,-0.0001,0.0,0.0,3.1427,1.5,1.5
16.7,0.0036,-0.0,0.0,0.0001,-0.0001,0.0,0.0,3.161,1.5,1.5
16.733,0.0036,-0.0,0.0,0.0001,-0.0,0.0,0.0,3.161,1.5,1.5
16.75,0.0036,-0.0,0.0,0.0001,-0.0001,0.0,0.0,3.161,1.5,1.5
16.75,0.0036,-0.0,0.0,0.0001,-0.0001,0.0,0.0,3.161,1.5,1.5
16.75,0.0036,-0.0,0.0,0.0001,-0.0001,0.0,0.0,3.161,1.5,1.5
16.783,0.0036,-0.0,0.0,0.0001,-0.0001,0.0,0.0,3.161,1.5,1.5
16.783,0.0036,-0.0,0.0,0.0001,-0.0001,0.0,0.0,3.161,1.5,1.5
16.8,0.0036,-0.0,0.0,0.0001,-0.0,0.0,0.0,3.161,1.5,1.5
16.8,0.0036,-0.0,0.0,0.0001,-0.0,0.0,0.0,3.161,1.5,1.5
16.8,0.0036,-0.0,0.0,0.0001,-0.0,0.0,0.0,3.1399,1.5,1.5
16.833,0.0036,-0.0,0.0,0.0001,-0.0001,0.0,0.0,3.1399,1.5,1.5
16.85,0.0036,-0.0,0.0,0.0001,-0.0001,0.0,0.0,3.1399,1.5,1.5
16.85,0.0036,-0.0,0.0,0.0001,-0.0001,0.0,0.0,3.1399,1.5,1.5
16.867,0.0036,-0.0,0.0,0.0001,-0.0001,0.0,0.0,3.1399,1.5,1.5
16.867,0.0036,-0.0,0.0,0.0001,-0.0001,0.0,0.0,3.1399,1.5,1.5
16.867,0.0036,-0.0,0.0,0.0001,-0.0001,0.0,0.0,3.1399,1.5,1.5
16.9,0.0037,-0.0,0.0,0.0001,-0.0,0.0,0.0,3.1399,1.5,1.5
16.917,0.0037,-0.0,0.0,0.0001,-0.0001,0.0,0.0,3.1399,1.5,1.5
16.917,0.0037,-0.0,0.0,0.0001,-0.0001,0.0,0.0,3.1399,1.5,1.5
16.917,0.0037,-0.0,0.0,0.0001,-0.0001,0.0,0.0,3.1193,1.5,1.5
16.95,0.0037,-0.0,0.0,0.0001,-0.0001,0.0,0.0,3.1193,1.5,1.5
16.95,0.0037,-0.0,0.0,0.0001,-0.0001,0.0,0.0,3.1193,1.5,1.5
16.967,0.0037,-0.0,0.0,0.0001,-0.0,0.0,0.0,3.1193,1.5,1.5
16.967,0.0037,-0.0,0.0,0.0001,-0.0,0.0,0.0,3.1193,1.5,1.5
16.967,0.0037,-0.0,0.0,0.0001,-0.0,0.0,0.0,3.1193,1.5,1.5
17.0,0.0037,-0.0,0.0,0.0001,-0.0,0.0,0.0,3.1193,1.5,1.5
17.017,0.0037,-0.0,0.0,0.0001,-0.0001,0.0,0.0,3.1193,1.5,1.5
17.017,0.0037,-0.0,0.0,0.0001,-0.0001,0.0,0.0,3.1207,1.5,1.5
17.033,0.0037,-0.0,0.0,0.0001,-0.0,0.0,0.0,3.1207,1.5,1.5
17.033,0.0037,-0.0,0.0,0.0001,-0.0,0.0,0.0,3.1207,1.5,1.5
17.033,0.0037,-0.0,0.0,0.0001,-0.0,0.0,0.0,3.1207,1.5,1.5
17.067,0.0037,-0.0,0.0,0.0001,-0.0001,0.0,0.0,3.1207,1.5,1.5
17.083,0.0037,-0.0,0.0,0.0001,-0.0001,0.0,0.0,3.1207,1.5,1.5
17.083,0.0037,-0.0,0.0,0.0001,-0.0001,0.0,0.0,3.1207,1.5,1.5
17.083,0.0037,-0.0,0.0,0.0001,-0.0001,0.0,0.0,3.1207,1.5,1.5
17.117,0.0037,-0.0,0.0,0.0001,-0.0001,0.0,0.0,3.1207,1.5,1.5
17.117,0.0037,-0.0,0.0,0.0001,-0.0001,0.0,0.0,3.1207,1.5,1.5
17.133,0.0037,-0.0,0.0,0.0001,-0.0001,0.0,0.0,3.1147,1.5,1.5
17.133,0.0037,-0.0,0.0,0.0001,-0.0001,0.0,0.0,3.1147,1.5,1.5
17.133,0.0037,-0.0,0.0,0.0001,-0.0001,0.0,0.0,3.1147,1.5,1.5
17.167,0.0037,-0.0,0.0,0.0001,-0.0001,0.0,0.0,3.1147,1.5,1.5
17.183,0.0037,-0.0,0.0,0.0001,-0.0001,0.0,0.0,3.1147,1.5,1.5
17.183,0.0037,-0.0,0.0,0.0001,-0.0001,0.0,0.0,3.1147,1.5,1.5
17.2,0.0037,-0.0,0.0,0.0001,-0.0001,0.0,0.0,3.1147,1.5,1.5
17.2,0.0037,-0.0,0.0,0.0001,-0.0001,0.0,0.0,3.1147,1.5,1.5
17.2,0.0037,-0.0,0.0,0.0001,-0.0001,0.0,0.0,3.0934,1.5,1.5
17.233,0.0037,-0.0,0.0,0.0001,-0.0001,0.0,0.0,3.0934,1.5,1.5
17.25,0.0037,-0.0,0.0,0.0001,-0.0,0.0,0.0,3.0934,1.5,1.5
17.25,0.0037,-0.0,0.0,0.0001,-0.0,0.0,0.0,3.0934,1.5,1.5
17.25,0.0037,-0.0,0.0,0.0001,-0.0,0.0,0.0,3.0934,1.5,1.5
17.283,0.0037,-0.0,0.0,0.0001,-0.0001,0.0,0.0,3.0934,1.5,1.5
17.283,0.0037,-0.0,0.0,0.0001,-0.0001,0.0,0.0,3.0934,1.5,1.5
17.3,0.0037,-0.0,0.0,0.0001,-0.0001,0.0,0.0,3.0934,1.5,1.5
17.3,0.0037,-0.0,0.0,0.0001,-0.0001,0.0,0.0,3.0934,1.5,1.5
17.3,0.0037,-0.0,0.0,0.0001,-0.0001,0.0,0.0,3.0934,1.5,1.5
17.333,0.0037,-0.0,0.0,0.0001,-0.0001,0.0,0.0,3.1677,1.5,1.5
17.35,0.0037,-0.0,0.0,0.0001,-0.0001,0.0,0.0,3.1677,1.5,1.5
17.35,0.0037,-0.0,0.0,0.0001,-0.0001,0.0,0.0,3.1677,1.5,1.5
17.367,0.0038,-0.0,0.0,0.0001,-0.0001,0.0,0.0,3.1677,1.5,1.5
17.367,0.0038,-0.0,0.0,0.0001,-0.0001,0.0,0.0,3.1677,1.5,1.5
17.367,0.0038,-0.0,0.0,0.0001,-0.0001,0.0,0.0,3.1677,1.5,1.5
17.4,0.0038,-0.0,0.0,0.0001,-0.0001,0.0,0.0,3.1677,1.5,1.5
17.4,0.0038,-0.0,0.0,0.0001,-0.0001,0.0,0.0,3.1677,1.5,1.5
17.417,0.0038,-0.0,0.0,0.0001,-0.0001,0.0,0.0,3.1677,1.5,1.5
17.417,0.0038,-0.0,0.0,0.0001,-0.0001,0.0,0.0,3.1363,1.5,1.5
17.417,0.0038,-0.0,0.0,0.0001,-0.0001,0.0,0.0,3.1363,1.5,1.5
17.45,0.0038,-0.0,0.0,0.0001,-0.0001,0.0,0.0,3.1363,1.5,1.5
17.467,0.0038,-0.0,0.0,0.0001,-0.0001,0.0,0.0,3.1363,1.5,1.5
17.467,0.0038,-0.0,0.0,0.0001,-0.0001,0.0,0.0,3.1363,1.5,1.5
17.467,0.0038,-0.0,0.0,0.0001,-0.0001,0.0,0.0,3.1363,1.5,1.5
17.5,0.0038,-0.0,0.0,0.0001,-0.0001,0.0,0.0,3.1363,1.5,1.5
17.5,0.0038,-0.0,0.0,0.0001,-0.0001,0.0,0.0,3.1363,1.5,1.5
17.517,0.0038,-0.0,0.0,0.0001,-0.0001,0.0,0.0,3.1363,1.5,1.5
17.533,0.0038,-0.0,0.0,0.0001,-0.0001,0.0,0.0,3.1396,1.5,1.5
17.533,0.0038,-0.0,0.0,0.0001,-0.0001,0.0,0.0,3.1396,1.5,1.5
17.533,0.0038,-0.0,0.0,0.0001,-0.0001,0.0,0.0,3.1396,1.5,1.5
17.567,0.0038,-0.0,0.0,0.0001,-0.0001,0.0,0.0,3.1396,1.5,1.5
17.567,0.0038,-0.0,0.0,0.0001,-0.0001,0.0,0.0,3.1396,1.5,1.5
17.583,0.0038,-0.0,0.0,0.0001,-0.0001,0.0,0.0,3.1396,1.5,1.5
17.583,0.0038,-0.0,0.0,0.0001,-0.0001,0.0,0.0,3.1396,1.5,1.5
17.583,0.0038,-0.0,0.0,0.0001,-0.0001,0.0,0.0,3.1396,1.5,1.5
17.617,0.0038,-0.0,0.0,0.0001,-0.0,0.0,0.0,3.1396,1.5,1.5
17.633,0.0038,-0.0,0.0,0.0001,-0.0001,0.0,0.0,3.1342,1.5,1.5
17.633,0.0038,-0.0,0.0,0.0001,-0.0001,0.0,0.0,3.1342,1.5,1.5
17.633,0.0038,-0.0,0.0,0.0001,-0.0001,0.0,0.0,3.1342,1.5,1.5
17.667,0.0038,-0.0,0.0,0.0001,-0.0001,0.0,0.0,3.1342,1.5,1.5
17.667,0.0038,-0.0,0.0,0.0001,-0.0001,0.0,0.0,3.1342,1.5,1.5
17.683,0.0038,-0.0,0.0,0.0001,-0.0,0.0,0.0,3.1342,1.5,1.5
17.683,0.0038,-0.0,0.0,0.0001,-0.0,0.0,0.0,3.1342,1.5,1.5
17.7,0.0038,-0.0,0.0,0.0001,-0.0001,0.0,0.0,3.1342,1.5,1.5
17.7,0.0038,-0.0,0.0,0.0001,-0.0001,0.0,0.0,3.1342,1.5,1.5
17.7,0.0038,-0.0,0.0,0.0001,-0.0001,0.0,0.0,3.1484,1.5,1.5
17.733,0.0038,-0.0,0.0,0.0001,-0.0001,0.0,0.0,3.1484,1.5,1.5
17.75,0.0038,-0.0,0.0,0.0001,-0.0,0.0,0.0,3.1484,1.5,1.5
17.75,0.0038,-0.0,0.0,0.0001,-0.0,0.0,0.0,3.1484,1.5,1.5
17.75,0.0038,-0.0,0.0,0.0001,-0.0,0.0,0.0,3.1484,1.5,1.5
17.783,0.0038,-0.0,0.0,0.0001,0.0,0.0,0.0,3.1484,1.5,1.5
17.783,0.0038,-0.0,0.0,0.0001,0.0,0.0,0.0,3.1484,1.5,1.5
17.8,0.0038,-0.0,0.0,0.0001,-0.0001,0.0,0.0,3.1484,1.5,1.5
17.8,0.0038,-0.0,0.0,0.0001,-0.0001,0.0,0.0,3.1484,1.5,1.5
17.8,0.0038,-0.0,0.0,0.0001,-0.0001,0.0,0.0,3.2081,1.5,1.5
17.833,0.0039,-0.0,0.0,0.0001,-0.0001,0.0,0.0,3.2081,1.5,1.5
17.85,0.0039,-0.0,0.0,0.0001,-0.0,0.0,0.0,3.2081,1.5,1.5
17.85,0.0039,-0.0,0.0,0.0001,-0.0,0.0,0.0,3.2081,1.5,1.5
17.867,0.0039,-0.0,0.0,0.0001,-0.0001,0.0,0.0,3.2081,1.5,1.5
17.867,0.0039,-0.0,0.0,0.0001,-0.0001,0.0,0.0,3.2081,1.5,1.5
17.867,0.0039,-0.0,0.0,0.0001,-0.0001,0.0,0.0,3.2081,1.5,1.5
17.9,0.0039,-0.0,0.0,0.0001,-0.0001,0.0,0.0,3.2081,1.5,1.5
17.9,0.0039,-0.0,0.0,0.0001,-0.0001,0.0,0.0,3.2081,1.5,1.5
17.917,0.0039,-0.0,0.0,0.0001,-0.0,0.0,0.0,3.2081,1.5,1.5
17.917,0.0039,-0.0,0.0,0.0001,-0.0,0.0,0.0,3.1419,1.5,1.5
17.917,0.0039,-0.0,0.0,0.0001,-0.0,0.0,0.0,3.1419,1.5,1.5
17.95,0.0039,-0.0,0.0,0.0001,-0.0001,0.0,0.0,3.1419,1.5,1.5
17.967,0.0039,-0.0,0.0,0.0001,-0.0001,0.0,0.0,3.1419,1.5,1.5
17.967,0.0039,-0.0,0.0,0.0001,-0.0001,0.0,0.0,3.1419,1.5,1.5
17.967,0.0039,-0.0,0.0,0.0001,-0.0001,0.0,0.0,3.1419,1.5,1.5
18.0,0.0039,-0.0,0.0,0.0001,-0.0001,0.0,0.0,3.1419,1.5,1.5
18.0,0.0039,-0.0,0.0,0.0001,-0.0001,0.0,0.0,3.1419,1.5,1.5
18.017,0.0039,-0.0,0.0,0.0001,-0.0,0.0,0.0,3.1419,1.5,1.5
18.033,0.0039,-0.0,0.0,0.0001,-0.0001,0.0,0.0,3.1687,1.5,1.5
18.033,0.0039,-0.0,0.0,0.0001,-0.0001,0.0,0.0,3.1687,1.5,1.5
18.033,0.0039,-0.0,0.0,0.0001,-0.0001,0.0,0.0,3.1687,1.5,1.5
18.067,0.0039,-0.0,0.0,0.0001,-0.0001,0.0,0.0,3.1687,1.5,1.5
18.067,0.0039,-0.0,0.0,0.0001,-0.0001,0.0,0.0,3.1687,1.5,1.5
18.083,0.0039,-0.0,0.0,0.0001,-0.0,0.0,0.0,3.1687,1.5,1.5
18.083,0.0039,-0.0,0.0,0.0001,-0.0,0.0,0.0,3.1687,1.5,1.5
18.083,0.0039,-0.0,0.0,0.0001,-0.0,0.0,0.0,3.1687,1.5,1.5
18.117,0.0039,-0.0,0.0,0.0001,-0.0,0.0,0.0,3.1687,1.5,1.5
18.117,0.0039,-0.0,0.0,0.0001,-0.0,0.0,0.0,3.1753,1.5,1.5
18.133,0.0039,-0.0,0.0,0.0001,-0.0001,0.0,0.0,3.1753,1.5,1.5
18.133,0.0039,-0.0,0.0,0.0001,-0.0001,0.0,0.0,3.1753,1.5,1.5
18.133,0.0039,-0.0,0.0,0.0001,-0.0001,0.0,0.0,3.1753,1.5,1.5
18.167,0.0039,-0.0,0.0,0.0001,-0.0001,0.0,0.0,3.1753,1.5,1.5
18.183,0.0039,-0.0,0.0,0.0001,-0.0001,0.0,0.0,3.1753,1.5,1.5
18.183,0.0039,-0.0,0.0,0.0001,-0.0001,0.0,0.0,3.1753,1.5,1.5
18.2,0.0039,-0.0,0.0,0.0001,-0.0001,0.0,0.0,3.1753,1.5,1.5
18.2,0.0039,-0.0,0.0,0.0001,-0.0001,0.0,0.0,3.1753,1.5,1.5
18.2,0.0039,-0.0,0.0,0.0001,-0.0001,0.0,0.0,3.1308,1.5,1.5
18.233,0.0039,-0.0,0.0,0.0001,-0.0001,0.0,0.0,3.1308,1.5,1.5
18.25,0.0039,-0.0,0.0,0.0001,-0.0001,0.0,0.0,3.1308,1.5,1.5
18.25,0.0039,-0.0,0.0,0.0001,-0.0001,0.0,0.0,3.1308,1.5,1.5
18.25,0.0039,-0.0,0.0,0.0001,-0.0001,0.0,0.0,3.1308,1.5,1.5
18.283,0.004,-0.0,0.0,0.0001,-0.0001,0.0,0.0,3.1308,1.5,1.5
18.283,0.004,-0.0,0.0,0.0001,-0.0001,0.0,0.0,3.1308,1.5,1.5
18.3,0.004,-0.0,0.0,0.0001,-0.0001,0.0,0.0,3.1308,1.5,1.5
18.3,0.004,-0.0,0.0,0.0001,-0.0001,0.0,0.0,3.1308,1.5,1.5
18.3,0.004,-0.0,0.0,0.0001,-0.0001,0.0,0.0,3.1308,1.5,1.5
18.333,0.004,-0.0,0.0,0.0001,-0.0,0.0,0.0,3.1604,1.5,1.5
18.333,0.004,-0.0,0.0,0.0001,-0.0,0.0,0.0,3.1604,1.5,1.5
18.35,0.004,-0.0,0.0,0.0001,-0.0001,0.0,0.0,3.1604,1.5,1.5
18.367,0.004,-0.0,0.0,0.0001,-0.0001,0.0,0.0,3.1604,1.5,1.5
18.367,0.004,-0.0,0.0,0.0001,-0.0001,0.0,0.0,3.1604,1.5,1.5
18.367,0.004,-0.0,0.0,0.0001,-0.0001,0.0,0.0,3.1604,1.5,1.5
18.4,0.004,-0.0,0.0,0.0001,-0.0001,0.0,0.0,3.1604,1.5,1.5
18.4,0.004,-0.0,0.0,0.0001,-0.0001,0.0,0.0,3.1604,1.5,1.5
18.417,0.004,-0.0,0.0,0.0001,-0.0001,0.0,0.0,3.1604,1.5,1.5
18.417,0.004,-0.0,0.0,0.0001,-0.0001,0.0,0.0,3.1465,1.5,1.5
18.417,0.004,-0.0,0.0,0.0001,-0.0001,0.0,0.0,3.1465,1.5,1.5
18.45,0.004,-0.0,0.0,0.0001,-0.0001,0.0,0.0,3.1465,1.5,1.5
18.467,0.004,-0.0,0.0,0.0001,-0.0001,0.0,0.0,3.1465,1.5,1.5
18.467,0.004,-0.0,0.0,0.0001,-0.0001,0.0,0.0,3.1465,1.5,1.5
18.467,0.004,-0.0,0.0,0.0001,-0.0001,0.0,0.0,3.1465,1.5,1.5
18.5,0.004,-0.0,0.0,0.0001,-0.0001,0.0,0.0,3.1465,1.5,1.5
18.5,0.004,-0.0,0.0,0.0001,-0.0001,0.0,0.0,3.1465,1.5,1.5
18.517,0.004,-0.0,0.0,0.0001,-0.0001,0.0,0.0,3.1465,1.5,1.5
18.533,0.004,-0.0,0.0,0.0001,-0.0001,0.0,0.0,3.14,1.5,1.5
18.533,0.004,-0.0,0.0,0.0001,-0.0001,0.0,0.0,3.14,1.5,1.5
18.533,0.004,-0.0,0.0,0.0001,-0.0001,0.0,0.0,3.14,1.5,1.5
18.533,0.004,-0.0,0.0,0.0001,-0.0001,0.0,0.0,3.14,1.5,1.5
18.567,0.004,-0.0,0.0,0.0001,-0.0001,0.0,0.0,3.14,1.5,1.5
18.583,0.004,-0.0,0.0,0.0001,-0.0,0.0,0.0,3.14,1.5,1.5
18.583,0.004,-0.0,0.0,0.0001,-0.0,0.0,0.0,3.14,1.5,1.5
18.583,0.004,-0.0,0.0,0.0001,-0.0,0.0,0.0,3.14,1.5,1.5
18.617,0.004,-0.0,0.0,0.0001,-0.0,0.0,0.0,3.14,1.5,1.5
18.617,0.004,-0.0,0.0,0.0001,-0.0,0.0,0.0,3.1431,1.5,1.5
18.633,0.004,-0.0,0.0,0.0001,-0.0001,0.0,0.0,3.1431,1.5,1.5
18.633,0.004,-0.0,0.0,0.0001,-0.0001,0.0,0.0,3.1431,1.5,1.5
18.633,0.004,-0.0,0.0,0.0001,-0.0001,0.0,0.0,3.1431,1.5,1.5
18.667,0.004,-0.0,0.0,0.0001,-0.0001,0.0,0.0,3.1431,1.5,1.5
18.683,0.004,-0.0,0.0,0.0001,-0.0,0.0,0.0,3.1431,1.5,1.5
18.683,0.004,-0.0,0.0,0.0001,-0.0,0.0,0.0,3.1431,1.5,1.5
18.7,0.004,-0.0,0.0,0.0001,-0.0001,0.0,0.0,3.1431,1.5,1.5
18.7,0.004,-0.0,0.0,0.0001,-0.0001,0.0,0.0,3.1431,1.5,1.5
18.7,0.004,-0.0,0.0,0.0001,-0.0001,0.0,0.0,3.1431,1.5,1.5
18.733,0.004,-0.0,0.0,0.0001,-0.0001,0.0,0.0,3.1146,1.5,1.5
18.733,0.004,-0.0,0.0,0.0001,-0.0001,0.0,0.0,3.1146,1.5,1.5
18.75,0.0041,-0.0,0.0,0.0001,-0.0,0.0,0.0,3.1146,1.5,1.5
18.75,0.0041,-0.0,0.0,0.0001,-0.0,0.0,0.0,3.1146,1.5,1.5
18.75,0.0041,-0.0,0.0,0.0001,-0.0,0.0,0.0,3.1146,1.5,1.5
18.783,0.0041,-0.0,0.0,0.0001,-0.0001,0.0,0.0,3.1146,1.5,1.5
18.8,0.0041,-0.0,0.0,0.0001,-0.0,0.0,0.0,3.1146,1.5,1.5
18.8,0.0041,-0.0,0.0,0.0001,-0.0,0.0,0.0,3.1146,1.5,1.5
18.8,0.0041,-0.0,0.0,0.0001,-0.0,0.0,0.0,3.1146,1.5,1.5
18.833,0.0041,-0.0,0.0,0.0001,-0.0001,0.0,0.0,3.1848,1.5,1.5
18.833,0.0041,-0.0,0.0,0.0001,-0.0001,0.0,0.0,3.1848,1.5,1.5
18.85,0.0041,-0.0,0.0,0.0001,0.0001,0.0,0.0,3.1848,1.5,1.5
18.867,0.0041,-0.0,0.0,0.0001,-0.0003,0.0,0.0,3.1848,1.5,1.5
18.867,0.0041,-0.0,0.0,0.0001,-0.0003,0.0,0.0,3.1848,1.5,1.5
18.867,0.0041,-0.0,0.0,0.0001,-0.0003,0.0,0.0,3.1848,1.5,1.5
18.9,0.0041,-0.0,0.0,0.0001,-0.0002,0.0,0.0,3.1848,1.5,1.5
18.9,0.0041,-0.0,0.0,0.0001,-0.0002,0.0,0.0,3.1848,1.5,1.5
18.917,0.0041,-0.0,0.0,0.0001,0.0001,0.0,0.0,3.1848,1.5,1.5
18.917,0.0041,-0.0,0.0,0.0001,0.0001,0.0,0.0,3.1198,1.5,1.5
18.917,0.0041,-0.0,0.0,0.0001,0.0001,0.0,0.0,3.1198,1.5,1.5
18.95,0.0041,-0.0,0.0,0.0001,0.0001,0.0,0.0,3.1198,1.5,1.5
18.95,0.0041,-0.0,0.0,0.0001,0.0001,0.0,0.0,3.1198,1.5,1.5
18.967,0.0041,-0.0,0.0,0.0001,-0.0002,0.0,0.0,3.1198,1.5,1.5
18.967,0.0041,-0.0,0.0,0.0001,-0.0002,0.0,0.0,3.1198,1.5,1.5
18.967,0.0041,-0.0,0.0,0.0001,-0.0002,0.0,0.0,3.1198,1.5,1.5
19.0,0.0041,-0.0,0.0,0.0001,-0.0001,0.0,0.0,3.1198,1.5,1.5
19.017,0.0041,-0.0,0.0,0.0001,-0.0,0.0,0.0,3.1198,1.5,1.5
19.017,0.0041,-0.0,0.0,0.0001,-0.0,0.0,0.0,3.132,1.5,1.5
19.033,0.0041,-0.0,0.0,0.0001,-0.0001,0.0,0.0,3.132,1.5,1.5
19.033,0.0041,-0.0,0.0,0.0001,-0.0001,0.0,0.0,3.132,1.5,1.5
19.033,0.0041,-0.0,0.0,0.0001,-0.0001,0.0,0.0,3.132,1.5,1.5
19.067,0.0041,-0.0,0.0,0.0001,-0.0001,0.0,0.0,3.132,1.5,1.5
19.083,0.0041,-0.0,0.0,0.0001,-0.0,0.0,0.0,3.132,1.5,1.5
19.083,0.0041,-0.0,0.0,0.0001,-0.0,0.0,0.0,3.132,1.5,1.5
19.083,0.0041,-0.0,0.0,0.0001,-0.0,0.0,0.0,3.132,1.5,1.5
19.117,0.0041,-0.0,0.0,0.0001,-0.0001,0.0,0.0,3.132,1.5,1.5
19.117,0.0041,-0.0,0.0,0.0001,-0.0001,0.0,0.0,3.132,1.5,1.5
19.133,0.0041,-0.0,0.0,0.0001,-0.0,0.0,0.0,3.1269,1.5,1.5
19.133,0.0041,-0.0,0.0,0.0001,-0.0,0.0,0.0,3.1269,1.5,1.5
19.133,0.0041,-0.0,0.0,0.0001,-0.0,0.0,0.0,3.1269,1.5,1.5
19.167,0.0041,-0.0,0.0,0.0001,-0.0001,0.0,0.0,3.1269,1.5,1.5
19.167,0.0041,-0.0,0.0,0.0001,-0.0001,0.0,0.0,3.1269,1.5,1.5
19.183,0.0041,-0.0,0.0,0.0001,-0.0001,0.0,0.0,3.1269,1.5,1.5
19.2,0.0042,-0.0,0.0,0.0001,-0.0001,0.0,0.0,3.1269,1.5,1.5
19.2,0.0042,-0.0,0.0,0.0001,-0.0001,0.0,0.0,3.1269,1.5,1.5
19.2,0.0042,-0.0,0.0,0.0001,-0.0001,0.0,0.0,3.1269,1.5,1.5
19.233,0.0042,-0.0,0.0,0.0001,-0.0001,0.0,0.0,3.1851,1.5,1.5
19.233,0.0042,-0.0,0.0,0.0001,-0.0001,0.0,0.0,3.1851,1.5,1.5
19.233,0.0042,-0.0,0.0,0.0001,-0.0001,0.0,0.0,3.1851,1.5,1.5
19.25,0.0042,-0.0,0.0,0.0001,-0.0001,0.0,0.0,3.1851,1.5,1.5
19.25,0.0042,-0.0,0.0,0.0001,-0.0001,0.0,0.0,3.1851,1.5,1.5
19.25,0.0042,-0.0,0.0,0.0001,-0.0001,0.0,0.0,3.1851,1.5,1.5
19.283,0.0042,-0.0,0.0,0.0001,-0.0,0.0,0.0,3.1851,1.5,1.5
19.3,0.0042,-0.0,0.0,0.0001,-0.0,0.0,0.0,3.1851,1.5,1.5
19.3,0.0042,-0.0,0.0,0.0001,-0.0,0.0,0.0,3.1851,1.5,1.5
19.3,0.0042,-0.0,0.0,0.0001,-0.0,0.0,0.0,3.1851,1.5,1.5
19.3,0.0042,-0.0,0.0,0.0001,-0.0,0.0,0.0,3.1871,1.5,1.5
19.333,0.0042,-0.0,0.0,0.0001,-0.0,0.0,0.0,3.1871,1.5,1.5
19.35,0.0042,-0.0,0.0,0.0001,-0.0001,0.0,0.0,3.1871,1.5,1.5
19.35,0.0042,-0.0,0.0,0.0001,-0.0001,0.0,0.0,3.1871,1.5,1.5
19.35,0.0042,-0.0,0.0,0.0001,-0.0001,0.0,0.0,3.1871,1.5,1.5
19.367,0.0042,-0.0,0.0,0.0001,-0.0001,0.0,0.0,3.1871,1.5,1.5
19.367,0.0042,-0.0,0.0,0.0001,-0.0001,0.0,0.0,3.1871,1.5,1.5
19.367,0.0042,-0.0,0.0,0.0001,-0.0001,0.0,0.0,3.1871,1.5,1.5
19.4,0.0042,-0.0,0.0,0.0001,-0.0001,0.0,0.0,3.1871,1.5,1.5
19.4,0.0042,-0.0,0.0,0.0001,-0.0001,0.0,0.0,3.1871,1.5,1.5
19.417,0.0042,-0.0,0.0,0.0001,-0.0001,0.0,0.0,3.1871,1.5,1.5
19.417,0.0042,-0.0,0.0,0.0001,-0.0001,0.0,0.0,3.134,1.5,1.5
19.417,0.0042,-0.0,0.0,0.0001,-0.0001,0.0,0.0,3.134,1.5,1.5
19.45,0.0042,-0.0,0.0,0.0001,-0.0,0.0,0.0,3.134,1.5,1.5
19.467,0.0042,-0.0,0.0,0.0001,-0.0001,0.0,0.0,3.134,1.5,1.5
19.467,0.0042,-0.0,0.0,0.0001,-0.0001,0.0,0.0,3.134,1.5,1.5
19.467,0.0042,-0.0,0.0,0.0001,-0.0001,0.0,0.0,3.134,1.5,1.5
19.5,0.0042,-0.0,0.0,0.0001,-0.0001,0.0,0.0,3.134,1.5,1.5
19.5,0.0042,-0.0,0.0,0.0001,-0.0001,0.0,0.0,3.134,1.5,1.5
19.517,0.0042,-0.0,0.0,0.0001,-0.0001,0.0,0.0,3.134,1.5,1.5
19.533,0.0042,-0.0,0.0,0.0001,-0.0001,0.0,0.0,3.2243,1.5,1.5
19.533,0.0042,-0.0,0.0,0.0001,-0.0001,0.0,0.0,3.2243,1.5,1.5
19.533,0.0042,-0.0,0.0,0.0001,-0.0001,0.0,0.0,3.2243,1.5,1.5
19.533,0.0042,-0.0,0.0,0.0001,-0.0001,0.0,0.0,3.2243,1.5,1.5
19.567,0.0042,-0.0,0.0,0.0001,-0.0001,0.0,0.0,3.2243,1.5,1.5
19.567,0.0042,-0.0,0.0,0.0001,-0.0001,0.0,0.0,3.2243,1.5,1.5
19.583,0.0042,-0.0,0.0,0.0001,-0.0001,0.0,0.0,3.2243,1.5,1.5
19.583,0.0042,-0.0,0.0,0.0001,-0.0001,0.0,0.0,3.2243,1.5,1.5
19.583,0.0042,-0.0,0.0,0.0001,-0.0001,0.0,0.0,3.2243,1.5,1.5
19.617,0.0042,-0.0,0.0,0.0001,-0.0001,0.0,0.0,3.2243,1.5,1.5
19.633,0.0042,-0.0,0.0,0.0001,-0.0001,0.0,0.0,3.1039,1.5,1.5
19.633,0.0042,-0.0,0.0,0.0001,-0.0001,0.0,0.0,3.1039,1.5,1.5
19.633,0.0042,-0.0,0.0,0.0001,-0.0001,0.0,0.0,3.1039,1.5,1.5
19.667,0.0043,-0.0,0.0,0.0001,-0.0,0.0,0.0,3.1039,1.5,1.5
19.667,0.0043,-0.0,0.0,0.0001,-0.0,0.0,0.0,3.1039,1.5,1.5
19.683,0.0043,-0.0,0.0,0.0001,-0.0001,0.0,0.0,3.1039,1.5,1.5
19.683,0.0043,-0.0,0.0,0.0001,-0.0001,0.0,0.0,3.1039,1.5,1.5
19.7,0.0043,-0.0,0.0,0.0001,-0.0,0.0,0.0,3.1039,1.5,1.5
19.7,0.0043,-0.0,0.0,0.0001,-0.0,0.0,0.0,3.1039,1.5,1.5
19.7,0.0043,-0.0,0.0,0.0001,-0.0,0.0,0.0,3.1347,1.5,1.5
19.733,0.0043,-0.0,0.0,0.0001,-0.0,0.0,0.0,3.1347,1.5,1.5
19.75,0.0043,-0.0,0.0,0.0001,-0.0001,0.0,0.0,3.1347,1.5,1.5
19.75,0.0043,-0.0,0.0,0.0001,-0.0001,0.0,0.0,3.1347,1.5,1.5
19.75,0.0043,-0.0,0.0,0.0001,-0.0001,0.0,0.0,3.1347,1.5,1.5
19.783,0.0043,-0.0,0.0,0.0001,-0.0001,0.0,0.0,3.1347,1.5,1.5
19.783,0.0043,-0.0,0.0,0.0001,-0.0001,0.0,0.0,3.1347,1.5,1.5
19.8,0.0043,-0.0,0.0,0.0001,-0.0001,0.0,0.0,3.1347,1.5,1.5
19.8,0.0043,-0.0,0.0,0.0001,-0.0001,0.0,0.0,3.1347,1.5,1.5
19.8,0.0043,-0.0,0.0,0.0001,-0.0001,0.0,0.0,3.1213,1.5,1.5
19.833,0.0043,-0.0,0.0,0.0001,-0.0001,0.0,0.0,3.1213,1.5,1.5
19.833,0.0043,-0.0,0.0,0.0001,-0.0001,0.0,0.0,3.1213,1.5,1.5
19.85,0.0043,-0.0,0.0,0.0001,-0.0001,0.0,0.0,3.1213,1.5,1.5
19.867,0.0043,-0.0,0.0,0.0001,-0.0001,0.0,0.0,3.1213,1.5,1.5
19.867,0.0043,-0.0,0.0,0.0001,-0.0001,0.0,0.0,3.1213,1.5,1.5
19.867,0.0043,-0.0,0.0,0.0001,-0.0001,0.0,0.0,3.1213,1.5,1.5
19.9,0.0043,-0.0,0.0,0.0001,-0.0001,0.0,0.0,3.1213,1.5,1.5
19.9,0.0043,-0.0,0.0,0.0001,-0.0001,0.0,0.0,3.1213,1.5,1.5
19.917,0.0043,-0.0,0.0,0.0001,-0.0001,0.0,0.0,3.1213,1.5,1.5
19.917,0.0043,-0.0,0.0,0.0001,-0.0001,0.0,0.0,3.1432,1.5,1.5
19.917,0.0043,-0.0,0.0,0.0001,-0.0001,0.0,0.0,3.1432,1.5,1.5
19.95,0.0043,-0.0,0.0,0.0001,-0.0001,0.0,0.0,3.1432,1.5,1.5
19.967,0.0043,-0.0,0.0,0.0001,-0.0001,0.0,0.0,3.1432,1.5,1.5
19.967,0.0043,-0.0,0.0,0.0001,-0.0001,0.0,0.0,3.1432,1.5,1.5
19.967,0.0043,-0.0,0.0,0.0001,-0.0001,0.0,0.0,3.1432,1.5,1.5
20.0,0.0043,-0.0,0.0,0.0001,-0.0001,0.0,0.0,3.1432,1.5,1.5
20.0,0.0043,-0.0,0.0,0.0001,-0.0001,0.0,0.0,3.1432,1.5,1.5
20.017,0.0043,-0.0,0.0,0.0001,0.0,0.0,0.0,3.1432,1.5,1.5
20.033,0.0043,-0.0,0.0,0.0001,-0.0001,0.0,0.0,3.1097,1.5,1.5
20.033,0.0043,-0.0,0.0,0.0001,-0.0001,0.0,0.0,3.1097,1.5,1.5
20.033,0.0043,-0.0,0.0,0.0001,-0.0001,0.0,0.0,3.1097,1.5,1.5
20.067,0.0043,-0.0,0.0,0.0001,-0.0002,0.0,0.0,3.1097,1.5,1.5
20.067,0.0043,-0.0,0.0,0.0001,-0.0002,0.0,0.0,3.1097,1.5,1.5
20.083,0.0043,-0.0,0.0,0.0001,0.0,0.0,0.0,3.1097,1.5,1.5
20.083,0.0043,-0.0,0.0,0.0001,0.0,0.0,0.0,3.1097,1.5,1.5
20.083,0.0043,-0.0,0.0,0.0001,0.0,0.0,0.0,3.1097,1.5,1.5
20.117,0.0043,-0.0,0.0,0.0001,0.0,0.0,0.0,3.1097,1.5,1.5
20.117,0.0043,-0.0,0.0,0.0001,0.0,0.0,0.0,3.111,1.5,1.5
20.133,0.0044,-0.0,0.0,0.0001,-0.0002,0.0,0.0,3.111,1.5,1.5
20.133,0.0044,-0.0,0.0,0.0001,-0.0002,0.0,0.0,3.111,1.5,1.5
20.133,0.0044,-0.0,0.0,0.0001,-0.0002,0.0,0.0,3.111,1.5,1.5
20.167,0.0044,-0.0,0.0,0.0001,-0.0001,0.0,0.0,3.111,1.5,1.5
20.183,0.0044,-0.0,0.0,0.0001,-0.0,0.0,0.0,3.111,1.5,1.5
20.183,0.0044,-0.0,0.0,0.0001,-0.0,0.0,0.0,3.111,1.5,1.5
20.2,0.0044,-0.0,0.0,0.0001,-0.0001,0.0,0.0,3.111,1.5,1.5
20.2,0.0044,-0.0,0.0,0.0001,-0.0001,0.0,0.0,3.111,1.5,1.5
20.2,0.0044,-0.0,0.0,0.0001,-0.0001,0.0,0.0,3.1531,1.5,1.5
20.233,0.0044,-0.0,0.0,0.0001,-0.0001,0.0,0.0,3.1531,1.5,1.5
20.233,0.0044,-0.0,0.0,0.0001,-0.0001,0.0,0.0,3.1531,1.5,1.5
20.25,0.0044,-0.0,0.0,0.0001,-0.0,0.0,0.0,3.1531,1.5,1.5
20.25,0.0044,-0.0,0.0,0.0001,-0.0,0.0,0.0,3.1531,1.5,1.5
20.283,0.0044,-0.0,0.0,0.0001,-0.0,0.0,0.0,3.1531,1.5,1.5
20.283,0.0044,-0.0,0.0,0.0001,-0.0,0.0,0.0,3.1531,1.5,1.5
20.3,0.0044,-0.0,0.0,0.0001,-0.0001,0.0,0.0,3.1531,1.5,1.5
20.3,0.0044,-0.0,0.0,0.0001,-0.0001,0.0,0.0,3.1531,1.5,1.5
20.3,0.0044,-0.0,0.0,0.0001,-0.0001,0.0,0.0,3.1531,1.5,1.5
20.333,0.0044,-0.0,0.0,0.0001,-0.0001,0.0,0.0,3.1223,1.5,1.5
20.333,0.0044,-0.0,0.0,0.0001,-0.0001,0.0,0.0,3.1223,1.5,1.5
20.35,0.0044,-0.0,0.0,0.0001,-0.0,0.0,0.0,3.1223,1.5,1.5
20.367,0.0044,-0.0,0.0,0.0001,-0.0001,0.0,0.0,3.1223,1.5,1.5
20.367,0.0044,-0.0,0.0,0.0001,-0.0001,0.0,0.0,3.1223,1.5,1.5
20.367,0.0044,-0.0,0.0,0.0001,-0.0001,0.0,0.0,3.1223,1.5,1.5
20.4,0.0044,-0.0,0.0,0.0001,-0.0001,0.0,0.0,3.1223,1.5,1.5
20.4,0.0044,-0.0,0.0,0.0001,-0.0001,0.0,0.0,3.1223,1.5,1.5
20.417,0.0044,-0.0,0.0,0.0001,-0.0001,0.0,0.0,3.1223,1.5,1.5
20.417,0.0044,-0.0,0.0,0.0001,-0.0001,0.0,0.0,3.1223,1.5,1.5
20.417,0.0044,-0.0,0.0,0.0001,-0.0001,0.0,0.0,3.1685,1.5,1.5
20.417,0.0044,-0.0,0.0,0.0001,-0.0001,0.0,0.0,3.1685,1.5,1.5
20.45,0.0044,-0.0,0.0,0.0001,-0.0001,0.0,0.0,3.1685,1.5,1.5
20.467,0.0044,-0.0,0.0,0.0001,-0.0001,0.0,0.0,3.1685,1.5,1.5
20.467,0.0044,-0.0,0.0,0.0001,-0.0001,0.0,0.0,3.1685,1.5,1.5
20.467,0.0044,-0.0,0.0,0.0001,-0.0001,0.0,0.0,3.1685,1.5,1.5
20.5,0.0044,-0.0,0.0,0.0001,-0.0001,0.0,0.0,3.1685,1.5,1.5
20.5,0.0044,-0.0,0.0,0.0001,-0.0001,0.0,0.0,3.1685,1.5,1.5
20.517,0.0044,-0.0,0.0,0.0001,-0.0001,0.0,0.0,3.1685,1.5,1.5
20.517,0.0044,-0.0,0.0,0.0001,-0.0001,0.0,0.0,3.1373,1.5,1.5
20.533,0.0044,-0.0,0.0,0.0001,-0.0,0.0,0.0,3.1373,1.5,1.5
20.533,0.0044,-0.0,0.0,0.0001,-0.0,0.0,0.0,3.1373,1.5,1.5
20.533,0.0044,-0.0,0.0,0.0001,-0.0,0.0,0.0,3.1373,1.5,1.5
20.567,0.0044,-0.0,0.0,0.0001,-0.0,0.0,0.0,3.1373,1.5,1.5
20.583,0.0045,-0.0,0.0,0.0001,-0.0001,0.0,0.0,3.1373,1.5,1.5
20.583,0.0045,-0.0,0.0,0.0001,-0.0001,0.0,0.0,3.1373,1.5,1.5
20.583,0.0045,-0.0,0.0,0.0001,-0.0001,0.0,0.0,3.1373,1.5,1.5
20.617,0.0045,-0.0,0.0,0.0001,-0.0001,0.0,0.0,3.1373,1.5,1.5
20.617,0.0045,-0.0,0.0,0.0001,-0.0001,0.0,0.0,3.1362,1.5,1.5
20.633,0.0045,-0.0,0.0,0.0001,-0.0001,0.0,0.0,3.1362,1.5,1.5
20.633,0.0045,-0.0,0.0,0.0001,-0.0001,0.0,0.0,3.1362,1.5,1.5
20.633,0.0045,-0.0,0.0,0.0001,-0.0001,0.0,0.0,3.1362,1.5,1.5
20.667,0.0045,-0.0,0.0,0.0001,-0.0001,0.0,0.0,3.1362,1.5,1.5
20.683,0.0045,-0.0,0.0,0.0001,-0.0001,0.0,0.0,3.1362,1.5,1.5
20.683,0.0045,-0.0,0.0,0.0001,-0.0001,0.0,0.0,3.1362,1.5,1.5
20.7,0.0045,-0.0,0.0,0.0001,-0.0001,0.0,0.0,3.1362,1.5,1.5
20.7,0.0045,-0.0,0.0,0.0001,-0.0001,0.0,0.0,3.1362,1.5,1.5
20.7,0.0045,-0.0,0.0,0.0001,-0.0001,0.0,0.0,3.1362,1.5,1.5
20.733,0.0045,-0.0,0.0,0.0001,0.0,0.0,0.0,3.1411,1.5,1.5
20.733,0.0045,-0.0,0.0,0.0001,0.0,0.0,0.0,3.1411,1.5,1.5
20.75,0.0045,-0.0,0.0,0.0001,-0.0001,0.0,0.0,3.1411,1.5,1.5
20.75,0.0045,-0.0,0.0,0.0001,-0.0001,0.0,0.0,3.1411,1.5,1.5
20.75,0.0045,-0.0,0.0,0.0001,-0.0001,0.0,0.0,3.1411,1.5,1.5
20.783,0.0045,-0.0,0.0,0.0001,-0.0001,0.0,0.0,3.1411,1.5,1.5
20.8,0.0045,-0.0,0.0,0.0001,-0.0001,0.0,0.0,3.1411,1.5,1.5
20.8,0.0045,-0.0,0.0,0.0001,-0.0001,0.0,0.0,3.1411,1.5,1.5
20.8,0.0045,-0.0,0.0,0.0001,-0.0001,0.0,0.0,3.1411,1.5,1.5
20.833,0.0045,-0.0,0.0,0.0001,-0.0001,0.0,0.0,3.1347,1.5,1.5
20.833,0.0045,-0.0,0.0,0.0001,-0.0001,0.0,0.0,3.1347,1.5,1.5
20.85,0.0045,-0.0,0.0,0.0001,-0.0,0.0,0.0,3.1347,1.5,1.5
20.867,0.0045,-0.0,0.0,0.0001,-0.0001,0.0,0.0,3.1347,1.5,1.5
20.867,0.0045,-0.0,0.0,0.0001,-0.0001,0.0,0.0,3.1347,1.5,1.5
20.867,0.0045,-0.0,0.0,0.0001,-0.0001,0.0,0.0,3.1347,1.5,1.5
20.9,0.0045,-0.0,0.0,0.0001,-0.0001,0.0,0.0,3.1347,1.5,1.5
20.9,0.0045,-0.0,0.0,0.0001,-0.0001,0.0,0.0,3.1347,1.5,1.5
20.917,0.0045,-0.0,0.0,0.0001,-0.0001,0.0,0.0,3.1347,1.5,1.5
20.917,0.0045,-0.0,0.0,0.0001,-0.0001,0.0,0.0,3.1443,1.5,1.5
20.917,0.0045,-0.0,0.0,0.0001,-0.0001,0.0,0.0,3.1443,1.5,1.5
20.95,0.0045,-0.0,0.0,0.0001,-0.0001,0.0,0.0,3.1443,1.5,1.5
20.967,0.0045,-0.0,0.0,0.0001,-0.0001,0.0,0.0,3.1443,1.5,1.5
20.967,0.0045,-0.0,0.0,0.0001,-0.0001,0.0,0.0,3.1443,1.5,1.5
20.967,0.0045,-0.0,0.0,0.0001,-0.0001,0.0,0.0,3.1443,1.5,1.5
21.0,0.0045,-0.0,0.0,0.0001,-0.0001,0.0,0.0,3.1443,1.5,1.5
21.0,0.0045,-0.0,0.0,0.0001,-0.0001,0.0,0.0,3.1443,1.5,1.5
21.017,0.0045,-0.0,0.0,0.0001,-0.0,0.0,0.0,3.1443,1.5,1.5
21.033,0.0045,-0.0,0.0,0.0001,-0.0001,0.0,0.0,3.1161,1.5,1.5
21.033,0.0045,-0.0,0.0,0.0001,-0.0001,0.0,0.0,3.1161,1.5,1.5
21.033,0.0045,-0.0,0.0,0.0001,-0.0001,0.0,0.0,3.1161,1.5,1.5
21.033,0.0045,-0.0,0.0,0.0001,-0.0001,0.0,0.0,3.1161,1.5,1.5
21.067,0.0046,-0.0,0.0,0.0001,-0.0001,0.0,0.0,3.1161,1.5,1.5
21.083,0.0046,-0.0,0.0,0.0001,-0.0001,0.0,0.0,3.1161,1.5,1.5
21.083,0.0046,-0.0,0.0,0.0001,-0.0001,0.0,0.0,3.1161,1.5,1.5
21.083,0.0046,-0.0,0.0,0.0001,-0.0001,0.0,0.0,3.1161,1.5,1.5
21.117,0.0046,-0.0,0.0,0.0001,-0.0001,0.0,0.0,3.1161,1.5,1.5
21.117,0.0046,-0.0,0.0,0.0001,-0.0001,0.0,0.0,3.145,1.5,1.5
21.133,0.0046,-0.0,0.0,0.0001,-0.0001,0.0,0.0,3.145,1.5,1.5
21.133,0.0046,-0.0,0.0,0.0001,-0.0001,0.0,0.0,3.145,1.5,1.5
21.133,0.0046,-0.0,0.0,0.0001,-0.0001,0.0,0.0,3.145,1.5,1.5
21.167,0.0046,-0.0,0.0,0.0001,-0.0001,0.0,0.0,3.145,1.5,1.5
21.183,0.0046,-0.0,0.0,0.0001,-0.0,0.0,0.0,3.145,1.5,1.5
21.183,0.0046,-0.0,0.0,0.0001,-0.0,0.0,0.0,3.145,1.5,1.5
21.2,0.0046,-0.0,0.0,0.0001,-0.0001,0.0,0.0,3.145,1.5,1.5
21.2,0.0046,-0.0,0.0,0.0001,-0.0001,0.0,0.0,3.145,1.5,1.5
21.2,0.0046,-0.0,0.0,0.0001,-0.0001,0.0,0.0,3.1366,1.5,1.5
21.233,0.0046,-0.0,0.0,0.0001,-0.0001,0.0,0.0,3.1366,1.5,1.5
21.25,0.0046,-0.0,0.0,0.0001,-0.0,0.0,0.0,3.1366,1.5,1.5
21.25,0.0046,-0.0,0.0,0.0001,-0.0,0.0,0.0,3.1366,1.5,1.5
21.25,0.0046,-0.0,0.0,0.0001,-0.0,0.0,0.0,3.1366,1.5,1.5
21.283,0.0046,-0.0,0.0,0.0001,-0.0,0.0,0.0,3.1366,1.5,1.5
21.283,0.0046,-0.0,0.0,0.0001,-0.0,0.0,0.0,3.1366,1.5,1.5
21.3,0.0046,-0.0,0.0,0.0001,-0.0001,0.0,0.0,3.1366,1.5,1.5
21.3,0.0046,-0.0,0.0,0.0001,-0.0001,0.0,0.0,3.1366,1.5,1.5
21.3,0.0046,-0.0,0.0,0.0001,-0.0001,0.0,0.0,3.1366,1.5,1.5
21.333,0.0046,-0.0,0.0,0.0001,-0.0001,0.0,0.0,3.1198,1.5,1.5
21.333,0.0046,-0.0,0.0,0.0001,-0.0001,0.0,0.0,3.1198,1.5,1.5
21.35,0.0046,-0.0,0.0,0.0001,-0.0,0.0,0.0,3.1198,1.5,1.5
21.367,0.0046,-0.0,0.0,0.0001,-0.0001,0.0,0.0,3.1198,1.5,1.5
21.367,0.0046,-0.0,0.0,0.0001,-0.0001,0.0,0.0,3.1198,1.5,1.5
21.367,0.0046,-0.0,0.0,0.0001,-0.0001,0.0,0.0,3.1198,1.5,1.5
21.4,0.0046,-0.0,0.0,0.0001,-0.0002,0.0,0.0,3.1198,1.5,1.5
21.4,0.0046,-0.0,0.0,0.0001,-0.0002,0.0,0.0,3.1198,1.5,1.5
21.417,0.0046,-0.0,0.0,0.0001,0.0,0.0,0.0,3.1198,1.5,1.5
21.417,0.0046,-0.0,0.0,0.0001,0.0,0.0,0.0,3.1399,1.5,1.5
21.417,0.0046,-0.0,0.0,0.0001,0.0,0.0,0.0,3.1399,1.5,1.5
21.45,0.0046,-0.0,0.0,0.0001,-0.0,0.0,0.0,3.1399,1.5,1.5
21.467,0.0046,-0.0,0.0,0.0001,-0.0001,0.0,0.0,3.1399,1.5,1.5
21.467,0.0046,-0.0,0.0,0.0001,-0.0001,0.0,0.0,3.1399,1.5,1.5
21.467,0.0046,-0.0,0.0,0.0001,-0.0001,0.0,0.0,3.1399,1.5,1.5
21.5,0.0046,-0.0,0.0,0.0001,-0.0001,0.0,0.0,3.1399,1.5,1.5
21.5,0.0046,-0.0,0.0,0.0001,-0.0001,0.0,0.0,3.1399,1.5,1.5
21.517,0.0047,-0.0,0.0,0.0001,-0.0001,0.0,0.0,3.1399,1.5,1.5
21.533,0.0047,-0.0,0.0,0.0001,-0.0001,0.0,0.0,3.1539,1.5,1.5
21.533,0.0047,-0.0,0.0,0.0001,-0.0001,0.0,0.0,3.1539,1.5,1.5
21.533,0.0047,-0.0,0.0,0.0001,-0.0001,0.0,0.0,3.1539,1.5,1.5
21.567,0.0047,-0.0,0.0,0.0001,-0.0001,0.0,0.0,3.1539,1.5,1.5
21.567,0.0047,-0.0,0.0,0.0001,-0.0001,0.0,0.0,3.1539,1.5,1.5
21.583,0.0047,-0.0,0.0,0.0001,-0.0001,0.0,0.0,3.1539,1.5,1.5
21.583,0.0047,-0.0,0.0,0.0001,-0.0001,0.0,0.0,3.1539,1.5,1.5
21.583,0.0047,-0.0,0.0,0.0001,-0.0001,0.0,0.0,3.1539,1.5,1.5
21.617,0.0047,-0.0,0.0,0.0001,-0.0001,0.0,0.0,3.1539,1.5,1.5
21.633,0.0047,-0.0,0.0,0.0001,0.0,0.0,0.0,3.107,1.5,1.5
21.633,0.0047,-0.0,0.0,0.0001,0.0,0.0,0.0,3.107,1.5,1.5
21.633,0.0047,-0.0,0.0,0.0001,0.0,0.0,0.0,3.107,1.5,1.5
21.633,0.0047,-0.0,0.0,0.0001,0.0,0.0,0.0,3.107,1.5,1.5
21.633,0.0047,-0.0,0.0,0.0001,0.0,0.0,0.0,3.107,1.5,1.5
21.667,0.0047,-0.0,0.0,0.0001,-0.0,0.0,0.0,3.107,1.5,1.5
21.683,0.0047,-0.0,0.0,0.0001,-0.0001,0.0,0.0,3.107,1.5,1.5
21.683,0.0047,-0.0,0.0,0.0001,-0.0001,0.0,0.0,3.107,1.5,1.5
21.7,0.0047,-0.0,0.0,0.0001,-0.0,0.0,0.0,3.107,1.5,1.5
21.7,0.0047,-0.0,0.0,0.0001,-0.0,0.0,0.0,3.107,1.5,1.5
21.7,0.0047,-0.0,0.0,0.0001,-0.0,0.0,0.0,3.1588,1.5,1.5
21.733,0.0047,-0.0,0.0,0.0001,-0.0,0.0,0.0,3.1588,1.5,1.5
21.75,0.0047,-0.0,0.0,0.0001,-0.0001,0.0,0.0,3.1588,1.5,1.5
21.75,0.0047,-0.0,0.0,0.0001,-0.0001,0.0,0.0,3.1588,1.5,1.5
21.75,0.0047,-0.0,0.0,0.0001,-0.0001,0.0,0.0,3.1588,1.5,1.5
21.783,0.0047,-0.0,0.0,0.0001,-0.0001,0.0,0.0,3.1588,1.5,1.5
21.783,0.0047,-0.0,0.0,0.0001,-0.0001,0.0,0.0,3.1588,1.5,1.5
21.8,0.0047,-0.0,0.0,0.0001,-0.0,0.0,0.0,3.1588,1.5,1.5
21.8,0.0047,-0.0,0.0,0.0001,-0.0,0.0,0.0,3.1588,1.5,1.5
21.8,0.0047,-0.0,0.0,0.0001,-0.0,0.0,0.0,3.1248,1.5,1.5
21.833,0.0047,-0.0,0.0,0.0001,-0.0001,0.0,0.0,3.1248,1.5,1.5
21.85,0.0047,-0.0,0.0,0.0001,-0.0001,0.0,0.0,3.1248,1.5,1.5
21.85,0.0047,-0.0,0.0,0.0001,-0.0001,0.0,0.0,3.1248,1.5,1.5
21.867,0.0047,-0.0,0.0,0.0001,-0.0001,0.0,0.0,3.1248,1.5,1.5
21.867,0.0047,-0.0,0.0,0.0001,-0.0001,0.0,0.0,3.1248,1.5,1.5
21.867,0.0047,-0.0,0.0,0.0001,-0.0001,0.0,0.0,3.1248,1.5,1.5
21.9,0.0047,-0.0,0.0,0.0001,-0.0,0.0,0.0,3.1248,1.5,1.5
21.917,0.0047,-0.0,0.0,0.0001,-0.0001,0.0,0.0,3.1248,1.5,1.5
21.917,0.0047,-0.0,0.0,0.0001,-0.0001,0.0,0.0,3.1248,1.5,1.5
21.917,0.0047,-0.0,0.0,0.0001,-0.0001,0.0,0.0,3.1049,1.5,1.5
21.95,0.0047,-0.0,0.0,0.0001,-0.0001,0.0,0.0,3.1049,1.5,1.5
21.95,0.0047,-0.0,0.0,0.0001,-0.0001,0.0,0.0,3.1049,1.5,1.5
21.967,0.0048,-0.0,0.0,0.0001,-0.0,0.0,0.0,3.1049,1.5,1.5
21.967,0.0048,-0.0,0.0,0.0001,-0.0,0.0,0.0,3.1049,1.5,1.5
21.967,0.0048,-0.0,0.0,0.0001,-0.0,0.0,0.0,3.1049,1.5,1.5
22.0,0.0048,-0.0,0.0,0.0001,0.0001,0.0,0.0,3.1049,1.5,1.5
22.017,0.0048,-0.0,0.0,0.0001,-0.0002,0.0,0.0,3.1049,1.5,1.5
22.017,0.0048,-0.0,0.0,0.0001,-0.0002,0.0,0.0,3.1968,1.5,1.5
22.033,0.0048,-0.0,0.0,0.0001,0.0,0.0,0.0,3.1968,1.5,1.5
22.033,0.0048,-0.0,0.0,0.0001,0.0,0.0,0.0,3.1968,1.5,1.5
22.033,0.0048,-0.0,0.0,0.0001,0.0,0.0,0.0,3.1968,1.5,1.5
22.067,0.0048,-0.0,0.0,0.0001,-0.0,0.0,0.0,3.1968,1.5,1.5
22.067,0.0048,-0.0,0.0,0.0001,-0.0,0.0,0.0,3.1968,1.5,1.5
22.083,0.0048,-0.0,0.0,0.0001,-0.0001,0.0,0.0,3.1968,1.5,1.5
22.083,0.0048,-0.0,0.0,0.0001,-0.0001,0.0,0.0,3.1968,1.5,1.5
22.083,0.0048,-0.0,0.0,0.0001,-0.0001,0.0,0.0,3.1968,1.5,1.5
22.117,0.0048,-0.0,0.0,0.0001,-0.0001,0.0,0.0,3.1968,1.5,1.5
22.133,0.0048,-0.0,0.0,0.0001,-0.0,0.0,0.0,3.1359,1.5,1.5
22.133,0.0048,-0.0,0.0,0.0001,-0.0,0.0,0.0,3.1359,1.5,1.5
22.133,0.0048,-0.0,0.0,0.0001,-0.0,0.0,0.0,3.1359,1.5,1.5
22.167,0.0048,-0.0,0.0,0.0001,-0.0001,0.0,0.0,3.1359,1.5,1.5
22.167,0.0048,-0.0,0.0,0.0001,-0.0001,0.0,0.0,3.1359,1.5,1.5
22.183,0.0048,-0.0,0.0,0.0001,-0.0001,0.0,0.0,3.1359,1.5,1.5
22.2,0.0048,-0.0,0.0,0.0001,-0.0001,0.0,0.0,3.1359,1.5,1.5
22.2,0.0048,-0.0,0.0,0.0001,-0.0001,0.0,0.0,3.1359,1.5,1.5
22.2,0.0048,-0.0,0.0,0.0001,-0.0001,0.0,0.0,3.1359,1.5,1.5
22.233,0.0048,-0.0,0.0,0.0001,-0.0001,0.0,0.0,3.1169,1.5,1.5
22.233,0.0048,-0.0,0.0,0.0001,-0.0001,0.0,0.0,3.1169,1.5,1.5
22.25,0.0048,-0.0,0.0,0.0001,-0.0001,0.0,0.0,3.1169,1.5,1.5
22.25,0.0048,-0.0,0.0,0.0001,-0.0001,0.0,0.0,3.1169,1.5,1.5
22.25,0.0048,-0.0,0.0,0.0001,-0.0001,0.0,0.0,3.1169,1.5,1.5
22.283,0.0048,-0.0,0.0,0.0001,-0.0,0.0,0.0,3.1169,1.5,1.5
22.3,0.0048,-0.0,0.0,0.0001,-0.0001,0.0,0.0,3.1169,1.5,1.5
22.3,0.0048,-0.0,0.0,0.0001,-0.0001,0.0,0.0,3.1169,1.5,1.5
22.3,0.0048,-0.0,0.0,0.0001,-0.0001,0.0,0.0,3.1169,1.5,1.5
22.333,0.0048,-0.0,0.0,0.0001,-0.0,0.0,0.0,3.1433,1.5,1.5
22.333,0.0048,-0.0,0.0,0.0001,-0.0,0.0,0.0,3.1433,1.5,1.5
22.35,0.0048,-0.0,0.0,0.0001,-0.0001,0.0,0.0,3.1433,1.5,1.5
22.367,0.0048,-0.0,0.0,0.0001,0.0,0.0,0.0,3.1433,1.5,1.5
22.367,0.0048,-0.0,0.0,0.0001,0.0,0.0,0.0,3.1433,1.5,1.5
22.367,0.0048,-0.0,0.0,0.0001,0.0,0.0,0.0,3.1433,1.5,1.5
22.4,0.0048,-0.0,0.0,0.0001,-0.0,0.0,0.0,3.1433,1.5,1.5
22.4,0.0048,-0.0,0.0,0.0001,-0.0,0.0,0.0,3.1433,1.5,1.5
22.417,0.0048,-0.0,0.0,0.0001,-0.0001,0.0,0.0,3.1433,1.5,1.5
22.417,0.0048,-0.0,0.0,0.0001,-0.0001,0.0,0.0,3.147,1.5,1.5
22.417,0.0048,-0.0,0.0,0.0001,-0.0001,0.0,0.0,3.147,1.5,1.5
22.45,0.0049,-0.0,0.0,0.0001,-0.0001,0.0,0.0,3.147,1.5,1.5
22.45,0.0049,-0.0,0.0,0.0001,-0.0001,0.0,0.0,3.147,1.5,1.5
22.467,0.0049,-0.0,0.0,0.0001,-0.0,0.0,0.0,3.147,1.5,1.5
22.467,0.0049,-0.0,0.0,0.0001,-0.0,0.0,0.0,3.147,1.5,1.5
22.467,0.0049,-0.0,0.0,0.0001,-0.0,0.0,0.0,3.147,1.5,1.5
22.5,0.0049,-0.0,0.0,0.0001,-0.0,0.0,0.0,3.147,1.5,1.5
22.517,0.0049,-0.0,0.0,0.0001,-0.0001,0.0,0.0,3.147,1.5,1.5
22.517,0.0049,-0.0,0.0,0.0001,-0.0001,0.0,0.0,3.1187,1.5,1.5
22.533,0.0049,-0.0,0.0,0.0001,-0.0,0.0,0.0,3.1187,1.5,1.5
22.533,0.0049,-0.0,0.0,0.0001,-0.0,0.0,0.0,3.1187,1.5,1.5
22.533,0.0049,-0.0,0.0,0.0001,-0.0,0.0,0.0,3.1187,1.5,1.5
22.567,0.0049,-0.0,0.0,0.0001,-0.0,0.0,0.0,3.1187,1.5,1.5
22.567,0.0049,-0.0,0.0,0.0001,-0.0,0.0,0.0,3.1187,1.5,1.5
22.583,0.0049,-0.0,0.0,0.0001,-0.0001,0.0,0.0,3.1187,1.5,1.5
22.583,0.0049,-0.0,0.0,0.0001,-0.0001,0.0,0.0,3.1187,1.5,1.5
22.583,0.0049,-0.0,0.0,0.0001,-0.0001,0.0,0.0,3.1187,1.5,1.5
22.617,0.0049,-0.0,0.0,0.0001,-0.0001,0.0,0.0,3.1187,1.5,1.5
22.633,0.0049,-0.0,0.0,0.0001,-0.0001,0.0,0.0,3.1269,1.5,1.5
22.633,0.0049,-0.0,0.0,0.0001,-0.0001,0.0,0.0,3.1269,1.5,1.5
22.633,0.0049,-0.0,0.0,0.0001,-0.0001,0.0,0.0,3.1269,1.5,1.5
22.667,0.0049,-0.0,0.0,0.0001,-0.0001,0.0,0.0,3.1269,1.5,1.5
22.667,0.0049,-0.0,0.0,0.0001,-0.0001,0.0,0.0,3.1269,1.5,1.5
22.683,0.0049,-0.0,0.0,0.0001,-0.0001,0.0,0.0,3.1269,1.5,1.5
22.7,0.0049,-0.0,0.0,0.0001,-0.0001,0.0,0.0,3.1269,1.5,1.5
22.7,0.0049,-0.0,0.0,0.0001,-0.0001,0.0,0.0,3.1269,1.5,1.5
22.7,0.0049,-0.0,0.0,0.0001,-0.0001,0.0,0.0,3.1269,1.5,1.5
22.733,0.0049,-0.0,0.0,0.0001,-0.0,0.0,0.0,3.144,1.5,1.5
22.733,0.0049,-0.0,0.0,0.0001,-0.0,0.0,0.0,3.144,1.5,1.5
22.75,0.0049,-0.0,0.0,0.0001,-0.0,0.0,0.0,3.144,1.5,1.5
22.75,0.0049,-0.0,0.0,0.0001,-0.0,0.0,0.0,3.144,1.5,1.5
22.75,0.0049,-0.0,0.0,0.0001,-0.0,0.0,0.0,3.144,1.5,1.5
22.783,0.0049,-0.0,0.0,0.0001,-0.0001,0.0,0.0,3.144,1.5,1.5
22.8,0.0049,-0.0,0.0,0.0001,-0.0001,0.0,0.0,3.144,1.5,1.5
22.8,0.0049,-0.0,0.0,0.0001,-0.0001,0.0,0.0,3.144,1.5,1.5
22.8,0.0049,-0.0,0.0,0.0001,-0.0001,0.0,0.0,3.144,1.5,1.5
22.833,0.0049,-0.0,0.0,0.0001,-0.0001,0.0,0.0,3.1129,1.5,1.5
22.833,0.0049,-0.0,0.0,0.0001,-0.0001,0.0,0.0,3.1129,1.5,1.5
22.85,0.0049,-0.0,0.0,0.0001,-0.0001,0.0,0.0,3.1129,1.5,1.5
22.85,0.0049,-0.0,0.0,0.0001,-0.0001,0.0,0.0,3.1129,1.5,1.5
22.867,0.0049,-0.0,0.0,0.0001,-0.0001,0.0,0.0,3.1129,1.5,1.5
22.867,0.0049,-0.0,0.0,0.0001,-0.0001,0.0,0.0,3.1129,1.5,1.5
22.867,0.0049,-0.0,0.0,0.0001,-0.0001,0.0,0.0,3.1129,1.5,1.5
22.9,0.005,-0.0,0.0,0.0001,0.0001,0.0,0.0,3.1129,1.5,1.5
22.917,0.005,-0.0,0.0,0.0001,-0.0002,0.0,0.0,3.1129,1.5,1.5
22.917,0.005,-0.0,0.0,0.0001,-0.0002,0.0,0.0,3.2239,1.5,1.5
22.917,0.005,-0.0,0.0,0.0001,-0.0002,0.0,0.0,3.2239,1.5,1.5
22.95,0.005,-0.0,0.0,0.0001,-0.0002,0.0,0.0,3.2239,1.5,1.5
22.95,0.005,-0.0,0.0,0.0001,-0.0002,0.0,0.0,3.2239,1.5,1.5
22.967,0.005,-0.0,0.0,0.0001,0.0001,0.0,0.0,3.2239,1.5,1.5
22.967,0.005,-0.0,0.0,0.0001,0.0001,0.0,0.0,3.2239,1.5,1.5
22.967,0.005,-0.0,0.0,0.0001,0.0001,0.0,0.0,3.2239,1.5,1.5
23.0,0.005,-0.0,0.0,0.0001,0.0002,0.0,0.0,3.2239,1.5,1.5
23.017,0.005,-0.0,0.0,0.0001,-0.0003,0.0,0.0,3.2239,1.5,1.5
23.017,0.005,-0.0,0.0,0.0001,-0.0003,0.0,0.0,3.1528,1.5,1.5
23.033,0.005,-0.0,0.0,0.0001,0.0001,0.0,0.0,3.1528,1.5,1.5
23.033,0.005,-0.0,0.0,0.0001,0.0001,0.0,0.0,3.1528,1.5,1.5
23.033,0.005,-0.0,0.0,0.0001,0.0001,0.0,0.0,3.1528,1.5,1.5
23.033,0.005,-0.0,0.0,0.0001,0.0001,0.0,0.0,3.1528,1.5,1.5
23.067,0.005,-0.0,0.0,0.0001,0.0001,0.0,0.0,3.1528,1.5,1.5
23.067,0.005,-0.0,0.0,0.0001,0.0001,0.0,0.0,3.1528,1.5,1.5
23.083,0.005,-0.0,0.0,0.0001,-0.0002,0.0,0.0,3.1528,1.5,1.5
23.083,0.005,-0.0,0.0,0.0001,-0.0002,0.0,0.0,3.1528,1.5,1.5
23.083,0.005,-0.0,0.0,0.0001,-0.0002,0.0,0.0,3.1528,1.5,1.5
23.117,0.005,-0.0,0.0,0.0001,-0.0001,0.0,0.0,3.1528,1.5,1.5
23.133,0.005,-0.0,0.0,0.0001,-0.0,0.0,0.0,3.1392,1.5,1.5
23.133,0.005,-0.0,0.0,0.0001,-0.0,0.0,0.0,3.1392,1.5,1.5
23.133,0.005,-0.0,0.0,0.0001,-0.0,0.0,0.0,3.1392,1.5,1.5
23.167,0.005,-0.0,0.0,0.0001,0.0,0.0,0.0,3.1392,1.5,1.5
23.167,0.005,-0.0,0.0,0.0001,0.0,0.0,0.0,3.1392,1.5,1.5
23.183,0.005,-0.0,0.0,0.0001,-0.0001,0.0,0.0,3.1392,1.5,1.5
23.2,0.005,-0.0,0.0,0.0001,-0.0001,0.0,0.0,3.1392,1.5,1.5
23.2,0.005,-0.0,0.0,0.0001,-0.0001,0.0,0.0,3.1392,1.5,1.5
23.2,0.005,-0.0,0.0,0.0001,-0.0001,0.0,0.0,3.1392,1.5,1.5
23.233,0.005,-0.0,0.0,0.0001,-0.0001,0.0,0.0,3.1399,1.5,1.5
23.233,0.005,-0.0,0.0,0.0001,-0.0001,0.0,0.0,3.1399,1.5,1.5
23.25,0.005,-0.0,0.0,0.0001,-0.0001,0.0,0.0,3.1399,1.5,1.5
23.25,0.005,-0.0,0.0,0.0001,-0.0001,0.0,0.0,3.1399,1.5,1.5
23.25,0.005,-0.0,0.0,0.0001,-0.0001,0.0,0.0,3.1399,1.5,1.5
23.283,0.005,-0.0,0.0,0.0001,-0.0,0.0,0.0,3.1399,1.5,1.5
23.283,0.005,-0.0,0.0,0.0001,-0.0,0.0,0.0,3.1399,1.5,1.5
23.3,0.005,-0.0,0.0,0.0001,-0.0001,0.0,0.0,3.1399,1.5,1.5
23.3,0.005,-0.0,0.0,0.0001,-0.0001,0.0,0.0,3.1399,1.5,1.5
23.3,0.005,-0.0,0.0,0.0001,-0.0001,0.0,0.0,3.1399,1.5,1.5
23.333,0.005,-0.0,0.0,0.0001,-0.0001,0.0,0.0,3.1496,1.5,1.5
23.333,0.005,-0.0,0.0,0.0001,-0.0001,0.0,0.0,3.1496,1.5,1.5
23.35,0.0051,-0.0,0.0,0.0001,-0.0001,0.0,0.0,3.1496,1.5,1.5
23.367,0.0051,-0.0,0.0,0.0001,-0.0001,0.0,0.0,3.1496,1.5,1.5
23.367,0.0051,-0.0,0.0,0.0001,-0.0001,0.0,0.0,3.1496,1.5,1.5
23.367,0.0051,-0.0,0.0,0.0001,-0.0001,0.0,0.0,3.1496,1.5,1.5
23.4,0.0051,-0.0,0.0,0.0001,-0.0001,0.0,0.0,3.1496,1.5,1.5
23.4,0.0051,-0.0,0.0,0.0001,-0.0001,0.0,0.0,3.1496,1.5,1.5
23.417,0.0051,-0.0,0.0,0.0001,-0.0001,0.0,0.0,3.1496,1.5,1.5
23.417,0.0051,-0.0,0.0,0.0001,-0.0001,0.0,0.0,3.174,1.5,1.5
23.417,0.0051,-0.0,0.0,0.0001,-0.0001,0.0,0.0,3.174,1.5,1.5
23.417,0.0051,-0.0,0.0,0.0001,-0.0001,0.0,0.0,3.174,1.5,1.5
23.45,0.0051,-0.0,0.0,0.0001,-0.0,0.0,0.0,3.174,1.5,1.5
23.45,0.0051,-0.0,0.0,0.0001,-0.0,0.0,0.0,3.174,1.5,1.5
23.467,0.0051,-0.0,0.0,0.0001,-0.0,0.0,0.0,3.174,1.5,1.5
23.467,0.0051,-0.0,0.0,0.0001,-0.0,0.0,0.0,3.174,1.5,1.5
23.5,0.0051,-0.0,0.0,0.0001,-0.0,0.0,0.0,3.174,1.5,1.5
23.5,0.0051,-0.0,0.0,0.0001,-0.0,0.0,0.0,3.174,1.5,1.5
23.517,0.0051,-0.0,0.0,0.0001,-0.0002,0.0,0.0,3.174,1.5,1.5
23.517,0.0051,-0.0,0.0,0.0001,-0.0002,0.0,0.0,3.1565,1.5,1.5
23.533,0.0051,-0.0,0.0,0.0001,-0.0,0.0,0.0,3.1565,1.5,1.5
23.533,0.0051,-0.0,0.0,0.0001,-0.0,0.0,0.0,3.1565,1.5,1.5
23.533,0.0051,-0.0,0.0,0.0001,-0.0,0.0,0.0,3.1565,1.5,1.5
23.567,0.0051,-0.0,0.0,0.0001,-0.0001,0.0,0.0,3.1565,1.5,1.5
23.583,0.0051,-0.0,0.0,0.0001,-0.0001,0.0,0.0,3.1565,1.5,1.5
23.583,0.0051,-0.0,0.0,0.0001,-0.0001,0.0,0.0,3.1565,1.5,1.5
23.583,0.0051,-0.0,0.0,0.0001,-0.0001,0.0,0.0,3.1565,1.5,1.5
23.617,0.0051,-0.0,0.0,0.0001,-0.0,0.0,0.0,3.1565,1.5,1.5
23.617,0.0051,-0.0,0.0,0.0001,-0.0,0.0,0.0,3.1383,1.5,1.5
23.633,0.0051,-0.0,0.0,0.0001,-0.0001,0.0,0.0,3.1383,1.5,1.5
23.633,0.0051,-0.0,0.0,0.0001,-0.0001,0.0,0.0,3.1383,1.5,1.5
23.633,0.0051,-0.0,0.0,0.0001,-0.0001,0.0,0.0,3.1383,1.5,1.5
23.667,0.0051,-0.0,0.0,0.0001,-0.0001,0.0,0.0,3.1383,1.5,1.5
23.667,0.0051,-0.0,0.0,0.0001,-0.0001,0.0,0.0,3.1383,1.5,1.5
23.683,0.0051,-0.0,0.0,0.0001,-0.0001,0.0,0.0,3.1383,1.5,1.5
23.7,0.0051,-0.0,0.0,0.0001,-0.0001,0.0,0.0,3.1383,1.5,1.5
23.7,0.0051,-0.0,0.0,0.0001,-0.0001,0.0,0.0,3.1383,1.5,1.5
23.7,0.0051,-0.0,0.0,0.0001,-0.0001,0.0,0.0,3.1383,1.5,1.5
23.733,0.0051,-0.0,0.0,0.0001,-0.0001,0.0,0.0,3.1494,1.5,1.5
23.733,0.0051,-0.0,0.0,0.0001,-0.0001,0.0,0.0,3.1494,1.5,1.5
23.75,0.0051,-0.0,0.0,0.0001,-0.0001,0.0,0.0,3.1494,1.5,1.5
23.75,0.0051,-0.0,0.0,0.0001,-0.0001,0.0,0.0,3.1494,1.5,1.5
23.75,0.0051,-0.0,0.0,0.0001,-0.0001,0.0,0.0,3.1494,1.5,1.5
23.783,0.0051,-0.0,0.0,0.0001,-0.0001,0.0,0.0,3.1494,1.5,1.5
23.8,0.0051,-0.0,0.0,0.0001,-0.0,0.0,0.0,3.1494,1.5,1.5
23.8,0.0051,-0.0,0.0,0.0001,-0.0,0.0,0.0,3.1494,1.5,1.5
23.8,0.0051,-0.0,0.0,0.0001,-0.0,0.0,0.0,3.1494,1.5,1.5
23.833,0.0052,-0.0,0.0,0.0001,-0.0,0.0,0.0,3.1525,1.5,1.5
23.833,0.0052,-0.0,0.0,0.0001,-0.0,0.0,0.0,3.1525,1.5,1.5
23.85,0.0052,-0.0,0.0,0.0001,-0.0001,0.0,0.0,3.1525,1.5,1.5
23.85,0.0052,-0.0,0.0,0.0001,-0.0001,0.0,0.0,3.1525,1.5,1.5
23.867,0.0052,-0.0,0.0,0.0001,-0.0001,0.0,0.0,3.1525,1.5,1.5
23.867,0.0052,-0.0,0.0,0.0001,-0.0001,0.0,0.0,3.1525,1.5,1.5
23.867,0.0052,-0.0,0.0,0.0001,-0.0001,0.0,0.0,3.1525,1.5,1.5
23.9,0.0052,-0.0,0.0,0.0001,-0.0001,0.0,0.0,3.1525,1.5,1.5
23.917,0.0052,-0.0,0.0,0.0001,-0.0001,0.0,0.0,3.1525,1.5,1.5
23.917,0.0052,-0.0,0.0,0.0001,-0.0001,0.0,0.0,3.1525,1.5,1.5
23.917,0.0052,-0.0,0.0,0.0001,-0.0001,0.0,0.0,3.1382,1.5,1.5
23.95,0.0052,-0.0,0.0,0.0001,-0.0001,0.0,0.0,3.1382,1.5,1.5
23.95,0.0052,-0.0,0.0,0.0001,-0.0001,0.0,0.0,3.1382,1.5,1.5
23.967,0.0052,-0.0,0.0,0.0001,-0.0001,0.0,0.0,3.1382,1.5,1.5
23.967,0.0052,-0.0,0.0,0.0001,-0.0001,0.0,0.0,3.1382,1.5,1.5
23.967,0.0052,-0.0,0.0,0.0001,-0.0001,0.0,0.0,3.1382,1.5,1.5
24.0,0.0052,-0.0,0.0,0.0001,-0.0001,0.0,0.0,3.1382,1.5,1.5
24.017,0.0052,-0.0,0.0,0.0001,-0.0,0.0,0.0,3.1382,1.5,1.5
24.017,0.0052,-0.0,0.0,0.0001,-0.0,0.0,0.0,3.1582,1.5,1.5
24.033,0.0052,-0.0,0.0,0.0001,-0.0,0.0,0.0,3.1582,1.5,1.5
24.033,0.0052,-0.0,0.0,0.0001,-0.0,0.0,0.0,3.1582,1.5,1.5
24.033,0.0052,-0.0,0.0,0.0001,-0.0,0.0,0.0,3.1582,1.5,1.5
24.067,0.0052,-0.0,0.0,0.0001,-0.0,0.0,0.0,3.1582,1.5,1.5
24.067,0.0052,-0.0,0.0,0.0001,-0.0,0.0,0.0,3.1582,1.5,1.5
24.083,0.0052,-0.0,0.0,0.0001,-0.0001,0.0,0.0,3.1582,1.5,1.5
24.083,0.0052,-0.0,0.0,0.0001,-0.0001,0.0,0.0,3.1582,1.5,1.5
24.083,0.0052,-0.0,0.0,0.0001,-0.0001,0.0,0.0,3.1582,1.5,1.5
24.117,0.0052,-0.0,0.0,0.0001,-0.0001,0.0,0.0,3.1582,1.5,1.5
24.133,0.0052,-0.0,0.0,0.0001,0.0,0.0,0.0,3.1263,1.5,1.5
24.133,0.0052,-0.0,0.0,0.0001,0.0,0.0,0.0,3.1263,1.5,1.5
24.133,0.0052,-0.0,0.0,0.0001,0.0,0.0,0.0,3.1263,1.5,1.5
24.167,0.0052,-0.0,0.0,0.0001,-0.0,0.0,0.0,3.1263,1.5,1.5
24.167,0.0052,-0.0,0.0,0.0001,-0.0,0.0,0.0,3.1263,1.5,1.5
24.183,0.0052,-0.0,0.0,0.0001,-0.0001,0.0,0.0,3.1263,1.5,1.5
24.2,0.0052,-0.0,0.0,0.0001,-0.0001,0.0,0.0,3.1263,1.5,1.5
24.2,0.0052,-0.0,0.0,0.0001,-0.0001,0.0,0.0,3.1263,1.5,1.5
24.2,0.0052,-0.0,0.0,0.0001,-0.0001,0.0,0.0,3.1263,1.5,1.5
24.233,0.0052,-0.0,0.0,0.0001,-0.0,0.0,0.0,3.1333,1.5,1.5
24.233,0.0052,-0.0,0.0,0.0001,-0.0,0.0,0.0,3.1333,1.5,1.5
24.25,0.0052,-0.0,0.0,0.0001,-0.0001,0.0,0.0,3.1333,1.5,1.5
24.25,0.0052,-0.0,0.0,0.0001,-0.0001,0.0,0.0,3.1333,1.5,1.5
24.25,0.0052,-0.0,0.0,0.0001,-0.0001,0.0,0.0,3.1333,1.5,1.5
24.283,0.0053,-0.0,0.0,0.0001,-0.0001,0.0,0.0,3.1333,1.5,1.5
24.283,0.0053,-0.0,0.0,0.0001,-0.0001,0.0,0.0,3.1333,1.5,1.5
24.3,0.0053,-0.0,0.0,0.0001,-0.0,0.0,0.0,3.1333,1.5,1.5
24.3,0.0053,-0.0,0.0,0.0001,-0.0,0.0,0.0,3.1333,1.5,1.5
24.3,0.0053,-0.0,0.0,0.0001,-0.0,0.0,0.0,3.171,1.5,1.5
24.333,0.0053,-0.0,0.0,0.0001,-0.0,0.0,0.0,3.171,1.5,1.5
24.35,0.0053,-0.0,0.0,0.0001,-0.0001,0.0,0.0,3.171,1.5,1.5
24.35,0.0053,-0.0,0.0,0.0001,-0.0001,0.0,0.0,3.171,1.5,1.5
24.367,0.0053,-0.0,0.0,0.0001,-0.0,0.0,0.0,3.171,1.5,1.5
24.367,0.0053,-0.0,0.0,0.0001,-0.0,0.0,0.0,3.171,1.5,1.5
24.367,0.0053,-0.0,0.0,0.0001,-0.0,0.0,0.0,3.171,1.5,1.5
24.4,0.0053,-0.0,0.0,0.0001,-0.0,0.0,0.0,3.171,1.5,1.5
24.417,0.0053,-0.0,0.0,0.0001,-0.0001,0.0,0.0,3.171,1.5,1.5
24.417,0.0053,-0.0,0.0,0.0001,-0.0001,0.0,0.0,3.0984,1.5,1.5
24.417,0.0053,-0.0,0.0,0.0001,-0.0001,0.0,0.0,3.0984,1.5,1.5
24.417,0.0053,-0.0,0.0,0.0001,-0.0001,0.0,0.0,3.0984,1.5,1.5
24.45,0.0053,-0.0,0.0,0.0001,-0.0001,0.0,0.0,3.0984,1.5,1.5
24.45,0.0053,-0.0,0.0,0.0001,-0.0001,0.0,0.0,3.0984,1.5,1.5
24.467,0.0053,-0.0,0.0,0.0001,-0.0001,0.0,0.0,3.0984,1.5,1.5
24.467,0.0053,-0.0,0.0,0.0001,-0.0001,0.0,0.0,3.0984,1.5,1.5
24.467,0.0053,-0.0,0.0,0.0001,-0.0001,0.0,0.0,3.0984,1.5,1.5
24.5,0.0053,-0.0,0.0,0.0001,-0.0001,0.0,0.0,3.0984,1.5,1.5
24.5,0.0053,-0.0,0.0,0.0001,-0.0001,0.0,0.0,3.0984,1.5,1.5
24.517,0.0053,-0.0,0.0,0.0001,-0.0001,0.0,0.0,3.0984,1.5,1.5
24.533,0.0053,-0.0,0.0,0.0001,-0.0001,0.0,0.0,3.1376,1.5,1.5
24.533,0.0053,-0.0,0.0,0.0001,-0.0001,0.0,0.0,3.1376,1.5,1.5
24.533,0.0053,-0.0,0.0,0.0001,-0.0001,0.0,0.0,3.1376,1.5,1.5
24.533,0.0053,-0.0,0.0,0.0001,-0.0001,0.0,0.0,3.1376,1.5,1.5
24.567,0.0053,-0.0,0.0,0.0001,-0.0001,0.0,0.0,3.1376,1.5,1.5
24.583,0.0053,-0.0,0.0,0.0001,-0.0001,0.0,0.0,3.1376,1.5,1.5
24.583,0.0053,-0.0,0.0,0.0001,-0.0001,0.0,0.0,3.1376,1.5,1.5
24.583,0.0053,-0.0,0.0,0.0001,-0.0001,0.0,0.0,3.1376,1.5,1.5
24.617,0.0053,-0.0,0.0,0.0001,-0.0001,0.0,0.0,3.1376,1.5,1.5
24.617,0.0053,-0.0,0.0,0.0001,-0.0001,0.0,0.0,3.214,1.5,1.5
24.633,0.0053,-0.0,0.0,0.0001,-0.0001,0.0,0.0,3.214,1.5,1.5
24.633,0.0053,-0.0,0.0,0.0001,-0.0001,0.0,0.0,3.214,1.5,1.5
24.633,0.0053,-0.0,0.0,0.0001,-0.0001,0.0,0.0,3.214,1.5,1.5
24.667,0.0053,-0.0,0.0,0.0001,-0.0,0.0,0.0,3.214,1.5,1.5
24.667,0.0053,-0.0,0.0,0.0001,-0.0,0.0,0.0,3.214,1.5,1.5
24.683,0.0053,-0.0,0.0,0.0001,-0.0001,0.0,0.0,3.214,1.5,1.5
24.7,0.0053,-0.0,0.0,0.0001,-0.0001,0.0,0.0,3.214,1.5,1.5
24.7,0.0053,-0.0,0.0,0.0001,-0.0001,0.0,0.0,3.214,1.5,1.5
24.7,0.0053,-0.0,0.0,0.0001,-0.0001,0.0,0.0,3.214,1.5,1.5
24.733,0.0054,-0.0,0.0,0.0001,-0.0001,0.0,0.0,3.1816,1.5,1.5
24.733,0.0054,-0.0,0.0,0.0001,-0.0001,0.0,0.0,3.1816,1.5,1.5
24.75,0.0054,-0.0,0.0,0.0001,-0.0001,0.0,0.0,3.1816,1.5,1.5
24.75,0.0054,-0.0,0.0,0.0001,-0.0001,0.0,0.0,3.1816,1.5,1.5
24.75,0.0054,-0.0,0.0,0.0001,-0.0001,0.0,0.0,3.1816,1.5,1.5
24.783,0.0054,-0.0,0.0,0.0001,-0.0001,0.0,0.0,3.1816,1.5,1.5
24.8,0.0054,-0.0,0.0,0.0001,-0.0001,0.0,0.0,3.1816,1.5,1.5
24.8,0.0054,-0.0,0.0,0.0001,-0.0001,0.0,0.0,3.1816,1.5,1.5
24.8,0.0054,-0.0,0.0,0.0001,-0.0001,0.0,0.0,3.1317,1.5,1.5
24.833,0.0054,-0.0,0.0,0.0001,-0.0002,0.0,0.0,3.1317,1.5,1.5
24.833,0.0054,-0.0,0.0,0.0001,-0.0002,0.0,0.0,3.1317,1.5,1.5
24.85,0.0054,-0.0,0.0,0.0001,0.0,0.0,0.0,3.1317,1.5,1.5
24.867,0.0054,-0.0,0.0,0.0001,-0.0002,0.0,0.0,3.1317,1.5,1.5
24.867,0.0054,-0.0,0.0,0.0001,-0.0002,0.0,0.0,3.1317,1.5,1.5
24.867,0.0054,-0.0,0.0,0.0001,-0.0002,0.0,0.0,3.1317,1.5,1.5
24.9,0.0054,-0.0,0.0,0.0001,-0.0002,0.0,0.0,3.1317,1.5,1.5
24.9,0.0054,-0.0,0.0,0.0001,-0.0002,0.0,0.0,3.1317,1.5,1.5
24.917,0.0054,-0.0,0.0,0.0001,-0.0,0.0,0.0,3.1317,1.5,1.5
24.917,0.0054,-0.0,0.0,0.0001,-0.0,0.0,0.0,3.1239,1.5,1.5
24.917,0.0054,-0.0,0.0,0.0001,-0.0,0.0,0.0,3.1239,1.5,1.5
24.95,0.0054,-0.0,0.0,0.0001,-0.0,0.0,0.0,3.1239,1.5,1.5
24.967,0.0054,-0.0,0.0,0.0001,-0.0001,0.0,0.0,3.1239,1.5,1.5
24.967,0.0054,-0.0,0.0,0.0001,-0.0001,0.0,0.0,3.1239,1.5,1.5
24.967,0.0054,-0.0,0.0,0.0001,-0.0001,0.0,0.0,3.1239,1.5,1.5
25.0,0.0054,-0.0,0.0,0.0001,-0.0001,0.0,0.0,3.1239,1.5,1.5
25.0,0.0054,-0.0,0.0,0.0001,-0.0001,0.0,0.0,3.1239,1.5,1.5
25.017,0.0054,-0.0,0.0,0.0001,-0.0001,0.0,0.0,3.1239,1.5,1.5
25.033,0.0054,-0.0,0.0,0.0001,0.0,0.0,0.0,3.1675,1.5,1.5
25.033,0.0054,-0.0,0.0,0.0001,0.0,0.0,0.0,3.1675,1.5,1.5
25.033,0.0054,-0.0,0.0,0.0001,0.0,0.0,0.0,3.1675,1.5,1.5
25.067,0.0054,-0.0,0.0,0.0001,-0.0,0.0,0.0,3.1675,1.5,1.5
25.067,0.0054,-0.0,0.0,0.0001,-0.0,0.0,0.0,3.1675,1.5,1.5
25.083,0.0054,-0.0,0.0,0.0001,-0.0001,0.0,0.0,3.1675,1.5,1.5
25.083,0.0054,-0.0,0.0,0.0001,-0.0001,0.0,0.0,3.1675,1.5,1.5
25.083,0.0054,-0.0,0.0,0.0001,-0.0001,0.0,0.0,3.1675,1.5,1.5
25.117,0.0054,-0.0,0.0,0.0001,-0.0,0.0,0.0,3.1675,1.5,1.5
25.133,0.0054,-0.0,0.0,0.0001,-0.0001,0.0,0.0,3.1127,1.5,1.5
25.133,0.0054,-0.0,0.0,0.0001,-0.0001,0.0,0.0,3.1127,1.5,1.5
25.133,0.0054,-0.0,0.0,0.0001,-0.0001,0.0,0.0,3.1127,1.5,1.5
25.133,0.0054,-0.0,0.0,0.0001,-0.0001,0.0,0.0,3.1127,1.5,1.5
25.167,0.0054,-0.0,0.0,0.0001,-0.0001,0.0,0.0,3.1127,1.5,1.5
25.183,0.0054,-0.0,0.0,0.0001,-0.0,0.0,0.0,3.1127,1.5,1.5
25.183,0.0054,-0.0,0.0,0.0001,-0.0,0.0,0.0,3.1127,1.5,1.5
25.2,0.0055,-0.0,0.0,0.0001,-0.0001,0.0,0.0,3.1127,1.5,1.5
25.2,0.0055,-0.0,0.0,0.0001,-0.0001,0.0,0.0,3.1127,1.5,1.5
25.2,0.0055,-0.0,0.0,0.0001,-0.0001,0.0,0.0,3.1501,1.5,1.5
25.233,0.0055,-0.0,0.0,0.0001,-0.0001,0.0,0.0,3.1501,1.5,1.5
25.25,0.0055,-0.0,0.0,0.0001,-0.0001,0.0,0.0,3.1501,1.5,1.5
25.25,0.0055,-0.0,0.0,0.0001,-0.0001,0.0,0.0,3.1501,1.5,1.5
25.25,0.0055,-0.0,0.0,0.0001,-0.0001,0.0,0.0,3.1501,1.5,1.5
25.283,0.0055,-0.0,0.0,0.0001,-0.0001,0.0,0.0,3.1501,1.5,1.5
25.283,0.0055,-0.0,0.0,0.0001,-0.0001,0.0,0.0,3.1501,1.5,1.5
25.3,0.0055,-0.0,0.0,0.0001,-0.0001,0.0,0.0,3.1501,1.5,1.5
25.3,0.0055,-0.0,0.0,0.0001,-0.0001,0.0,0.0,3.1501,1.5,1.5
25.3,0.0055,-0.0,0.0,0.0001,-0.0001,0.0,0.0,3.133,1.5,1.5
25.333,0.0055,-0.0,0.0,0.0001,-0.0,0.0,0.0,3.133,1.5,1.5
25.35,0.0055,-0.0,0.0,0.0001,-0.0001,0.0,0.0,3.133,1.5,1.5
25.35,0.0055,-0.0,0.0,0.0001,-0.0001,0.0,0.0,3.133,1.5,1.5
25.367,0.0055,-0.0,0.0,0.0001,-0.0001,0.0,0.0,3.133,1.5,1.5
25.367,0.0055,-0.0,0.0,0.0001,-0.0001,0.0,0.0,3.133,1.5,1.5
25.367,0.0055,-0.0,0.0,0.0001,-0.0001,0.0,0.0,3.133,1.5,1.5
25.4,0.0055,-0.0,0.0,0.0001,-0.0001,0.0,0.0,3.133,1.5,1.5
25.417,0.0055,-0.0,0.0,0.0001,-0.0001,0.0,0.0,3.133,1.5,1.5
25.417,0.0055,-0.0,0.0,0.0001,-0.0001,0.0,0.0,3.133,1.5,1.5
25.417,0.0055,-0.0,0.0,0.0001,-0.0001,0.0,0.0,3.133,1.5,1.5
25.417,0.0055,-0.0,0.0,0.0001,-0.0001,0.0,0.0,3.1192,1.5,1.5
25.417,0.0055,-0.0,0.0,0.0001,-0.0001,0.0,0.0,3.1192,1.5,1.5
25.45,0.0055,-0.0,0.0,0.0001,-0.0001,0.0,0.0,3.1192,1.5,1.5
25.467,0.0055,-0.0,0.0,0.0001,-0.0,0.0,0.0,3.1192,1.5,1.5
25.467,0.0055,-0.0,0.0,0.0001,-0.0,0.0,0.0,3.1192,1.5,1.5
25.467,0.0055,-0.0,0.0,0.0001,-0.0,0.0,0.0,3.1192,1.5,1.5
25.5,0.0055,-0.0,0.0,0.0001,-0.0,0.0,0.0,3.1192,1.5,1.5
25.5,0.0055,-0.0,0.0,0.0001,-0.0,0.0,0.0,3.1192,1.5,1.5
25.517,0.0055,-0.0,0.0,0.0001,-0.0001,0.0,0.0,3.1192,1.5,1.5
25.533,0.0055,-0.0,0.0,0.0001,-0.0,0.0,0.0,3.1388,1.5,1.5
25.533,0.0055,-0.0,0.0,0.0001,-0.0,0.0,0.0,3.1388,1.5,1.5
25.533,0.0055,-0.0,0.0,0.0001,-0.0,0.0,0.0,3.1388,1.5,1.5
25.567,0.0055,-0.0,0.0,0.0001,-0.0001,0.0,0.0,3.1388,1.5,1.5
25.567,0.0055,-0.0,0.0,0.0001,-0.0001,0.0,0.0,3.1388,1.5,1.5
25.583,0.0055,-0.0,0.0,0.0001,-0.0001,0.0,0.0,3.1388,1.5,1.5
25.583,0.0055,-0.0,0.0,0.0001,-0.0001,0.0,0.0,3.1388,1.5,1.5
25.583,0.0055,-0.0,0.0,0.0001,-0.0001,0.0,0.0,3.1388,1.5,1.5
25.617,0.0055,-0.0,0.0,0.0001,-0.0001,0.0,0.0,3.1388,1.5,1.5
25.633,0.0055,-0.0,0.0,0.0001,-0.0,0.0,0.0,3.1469,1.5,1.5
25.633,0.0055,-0.0,0.0,0.0001,-0.0,0.0,0.0,3.1469,1.5,1.5
25.633,0.0055,-0.0,0.0,0.0001,-0.0,0.0,0.0,3.1469,1.5,1.5
25.667,0.0056,-0.0,0.0,0.0001,-0.0,0.0,0.0,3.1469,1.5,1.5
25.667,0.0056,-0.0,0.0,0.0001,-0.0,0.0,0.0,3.1469,1.5,1.5
25.683,0.0056,-0.0,0.0,0.0001,-0.0,0.0,0.0,3.1469,1.5,1.5
25.683,0.0056,-0.0,0.0,0.0001,-0.0,0.0,0.0,3.1469,1.5,1.5
25.7,0.0056,-0.0,0.0,0.0001,-0.0001,0.0,0.0,3.1469,1.5,1.5
25.7,0.0056,-0.0,0.0,0.0001,-0.0001,0.0,0.0,3.1469,1.5,1.5
25.7,0.0056,-0.0,0.0,0.0001,-0.0001,0.0,0.0,3.1832,1.5,1.5
25.733,0.0056,-0.0,0.0,0.0001,-0.0001,0.0,0.0,3.1832,1.5,1.5
25.75,0.0056,-0.0,0.0,0.0001,-0.0,0.0,0.0,3.1832,1.5,1.5
25.75,0.0056,-0.0,0.0,0.0001,-0.0,0.0,0.0,3.1832,1.5,1.5
25.75,0.0056,-0.0,0.0,0.0001,-0.0,0.0,0.0,3.1832,1.5,1.5
25.783,0.0056,-0.0,0.0,0.0001,-0.0,0.0,0.0,3.1832,1.5,1.5
25.783,0.0056,-0.0,0.0,0.0001,-0.0,0.0,0.0,3.1832,1.5,1.5
25.8,0.0056,-0.0,0.0,0.0001,-0.0001,0.0,0.0,3.1832,1.5,1.5
25.8,0.0056,-0.0,0.0,0.0001,-0.0001,0.0,0.0,3.1832,1.5,1.5
25.8,0.0056,-0.0,0.0,0.0001,-0.0001,0.0,0.0,3.1243,1.5,1.5
25.833,0.0056,-0.0,0.0,0.0001,-0.0001,0.0,0.0,3.1243,1.5,1.5
25.85,0.0056,-0.0,0.0,0.0001,-0.0,0.0,0.0,3.1243,1.5,1.5
25.85,0.0056,-0.0,0.0,0.0001,-0.0,0.0,0.0,3.1243,1.5,1.5
25.867,0.0056,-0.0,0.0,0.0001,-0.0001,0.0,0.0,3.1243,1.5,1.5
25.867,0.0056,-0.0,0.0,0.0001,-0.0001,0.0,0.0,3.1243,1.5,1.5
25.867,0.0056,-0.0,0.0,0.0001,-0.0001,0.0,0.0,3.1243,1.5,1.5
25.9,0.0056,-0.0,0.0,0.0001,-0.0001,0.0,0.0,3.1243,1.5,1.5
25.9,0.0056,-0.0,0.0,0.0001,-0.0001,0.0,0.0,3.1243,1.5,1.5
25.917,0.0056,-0.0,0.0,0.0001,-0.0001,0.0,0.0,3.1243,1.5,1.5
25.917,0.0056,-0.0,0.0,0.0001,-0.0001,0.0,0.0,3.1209,1.5,1.5
25.917,0.0056,-0.0,0.0,0.0001,-0.0001,0.0,0.0,3.1209,1.5,1.5
25.95,0.0056,-0.0,0.0,0.0001,-0.0,0.0,0.0,3.1209,1.5,1.5
25.967,0.0056,-0.0,0.0,0.0001,-0.0001,0.0,0.0,3.1209,1.5,1.5
25.967,0.0056,-0.0,0.0,0.0001,-0.0001,0.0,0.0,3.1209,1.5,1.5
25.967,0.0056,-0.0,0.0,0.0001,-0.0001,0.0,0.0,3.1209,1.5,1.5
26.0,0.0056,-0.0,0.0,0.0001,-0.0001,0.0,0.0,3.1209,1.5,1.5
26.0,0.0056,-0.0,0.0,0.0001,-0.0001,0.0,0.0,3.1209,1.5,1.5
26.017,0.0056,-0.0,0.0,0.0001,0.0,0.0,0.0,3.1209,1.5,1.5
26.033,0.0056,-0.0,0.0,0.0001,-0.0002,0.0,0.0,3.1135,1.5,1.5
26.033,0.0056,-0.0,0.0,0.0001,-0.0002,0.0,0.0,3.1135,1.5,1.5
26.033,0.0056,-0.0,0.0,0.0001,-0.0002,0.0,0.0,3.1135,1.5,1.5
26.067,0.0056,-0.0,0.0,0.0001,-0.0001,0.0,0.0,3.1135,1.5,1.5
26.067,0.0056,-0.0,0.0,0.0001,-0.0001,0.0,0.0,3.1135,1.5,1.5
26.083,0.0056,-0.0,0.0,0.0001,-0.0,0.0,0.0,3.1135,1.5,1.5
26.083,0.0056,-0.0,0.0,0.0001,-0.0,0.0,0.0,3.1135,1.5,1.5
26.083,0.0056,-0.0,0.0,0.0001,-0.0,0.0,0.0,3.1135,1.5,1.5
26.117,0.0057,-0.0,0.0,0.0001,-0.0,0.0,0.0,3.1135,1.5,1.5
26.133,0.0057,-0.0,0.0,0.0001,-0.0001,0.0,0.0,3.1641,1.5,1.5
26.133,0.0057,-0.0,0.0,0.0001,-0.0001,0.0,0.0,3.1641,1.5,1.5
26.133,0.0057,-0.0,0.0,0.0001,-0.0001,0.0,0.0,3.1641,1.5,1.5
26.167,0.0057,-0.0,0.0,0.0001,-0.0001,0.0,0.0,3.1641,1.5,1.5
26.167,0.0057,-0.0,0.0,0.0001,-0.0001,0.0,0.0,3.1641,1.5,1.5
26.183,0.0057,-0.0,0.0,0.0001,-0.0001,0.0,0.0,3.1641,1.5,1.5
26.183,0.0057,-0.0,0.0,0.0001,-0.0001,0.0,0.0,3.1641,1.5,1.5
26.2,0.0057,-0.0,0.0,0.0001,-0.0001,0.0,0.0,3.1641,1.5,1.5
26.2,0.0057,-0.0,0.0,0.0001,-0.0001,0.0,0.0,3.1641,1.5,1.5
26.2,0.0057,-0.0,0.0,0.0001,-0.0001,0.0,0.0,3.1516,1.5,1.5
26.233,0.0057,-0.0,0.0,0.0001,-0.0002,0.0,0.0,3.1516,1.5,1.5
26.25,0.0057,-0.0,0.0,0.0001,0.0,0.0,0.0,3.1516,1.5,1.5
26.25,0.0057,-0.0,0.0,0.0001,0.0,0.0,0.0,3.1516,1.5,1.5
26.25,0.0057,-0.0,0.0,0.0001,0.0,0.0,0.0,3.1516,1.5,1.5
26.283,0.0057,-0.0,0.0,0.0001,-0.0,0.0,0.0,3.1516,1.5,1.5
26.283,0.0057,-0.0,0.0,0.0001,-0.0,0.0,0.0,3.1516,1.5,1.5
26.3,0.0057,-0.0,0.0,0.0001,-0.0001,0.0,0.0,3.1516,1.5,1.5
26.3,0.0057,-0.0,0.0,0.0001,-0.0001,0.0,0.0,3.1516,1.5,1.5
26.3,0.0057,-0.0,0.0,0.0001,-0.0001,0.0,0.0,3.1516,1.5,1.5
26.333,0.0057,-0.0,0.0,0.0001,-0.0001,0.0,0.0,3.1698,1.5,1.5
26.35,0.0057,-0.0,0.0,0.0001,-0.0,0.0,0.0,3.1698,1.5,1.5
26.35,0.0057,-0.0,0.0,0.0001,-0.0,0.0,0.0,3.1698,1.5,1.5
26.367,0.0057,-0.0,0.0,0.0001,-0.0001,0.0,0.0,3.1698,1.5,1.5
26.367,0.0057,-0.0,0.0,0.0001,-0.0001,0.0,0.0,3.1698,1.5,1.5
26.367,0.0057,-0.0,0.0,0.0001,-0.0001,0.0,0.0,3.1698,1.5,1.5
26.4,0.0057,-0.0,0.0,0.0001,-0.0001,0.0,0.0,3.1698,1.5,1.5
26.4,0.0057,-0.0,0.0,0.0001,-0.0001,0.0,0.0,3.1698,1.5,1.5
26.417,0.0057,-0.0,0.0,0.0001,-0.0001,0.0,0.0,3.1698,1.5,1.5
26.417,0.0057,-0.0,0.0,0.0001,-0.0001,0.0,0.0,3.1288,1.5,1.5
26.417,0.0057,-0.0,0.0,0.0001,-0.0001,0.0,0.0,3.1288,1.5,1.5
26.45,0.0057,-0.0,0.0,0.0001,-0.0001,0.0,0.0,3.1288,1.5,1.5
26.467,0.0057,-0.0,0.0,0.0001,-0.0,0.0,0.0,3.1288,1.5,1.5
26.467,0.0057,-0.0,0.0,0.0001,-0.0,0.0,0.0,3.1288,1.5,1.5
26.467,0.0057,-0.0,0.0,0.0001,-0.0,0.0,0.0,3.1288,1.5,1.5
26.5,0.0057,-0.0,0.0,0.0001,-0.0,0.0,0.0,3.1288,1.5,1.5
26.5,0.0057,-0.0,0.0,0.0001,-0.0,0.0,0.0,3.1288,1.5,1.5
26.517,0.0057,-0.0,0.0,0.0001,-0.0001,0.0,0.0,3.1288,1.5,1.5
26.533,0.0057,-0.0,0.0,0.0001,-0.0,0.0,0.0,3.1519,1.5,1.5
26.533,0.0057,-0.0,0.0,0.0001,-0.0,0.0,0.0,3.1519,1.5,1.5
26.533,0.0057,-0.0,0.0,0.0001,-0.0,0.0,0.0,3.1519,1.5,1.5
26.567,0.0057,-0.0,0.0,0.0001,-0.0001,0.0,0.0,3.1519,1.5,1.5
26.567,0.0057,-0.0,0.0,0.0001,-0.0001,0.0,0.0,3.1519,1.5,1.5
26.583,0.0058,-0.0,0.0,0.0001,-0.0,0.0,0.0,3.1519,1.5,1.5
26.583,0.0058,-0.0,0.0,0.0001,-0.0,0.0,0.0,3.1519,1.5,1.5
26.583,0.0058,-0.0,0.0,0.0001,-0.0,0.0,0.0,3.1519,1.5,1.5
26.617,0.0058,-0.0,0.0,0.0001,-0.0001,0.0,0.0,3.1519,1.5,1.5
26.633,0.0058,-0.0,0.0,0.0001,-0.0001,0.0,0.0,3.1471,1.5,1.5
26.633,0.0058,-0.0,0.0,0.0001,-0.0001,0.0,0.0,3.1471,1.5,1.5
26.633,0.0058,-0.0,0.0,0.0001,-0.0001,0.0,0.0,3.1471,1.5,1.5
26.667,0.0058,-0.0,0.0,0.0001,-0.0001,0.0,0.0,3.1471,1.5,1.5
26.667,0.0058,-0.0,0.0,0.0001,-0.0001,0.0,0.0,3.1471,1.5,1.5
26.683,0.0058,-0.0,0.0,0.0001,-0.0,0.0,0.0,3.1471,1.5,1.5
26.7,0.0058,-0.0,0.0,0.0001,-0.0001,0.0,0.0,3.1471,1.5,1.5
26.7,0.0058,-0.0,0.0,0.0001,-0.0001,0.0,0.0,3.1471,1.5,1.5
26.7,0.0058,-0.0,0.0,0.0001,-0.0001,0.0,0.0,3.1471,1.5,1.5
26.7,0.0058,-0.0,0.0,0.0001,-0.0001,0.0,0.0,3.1478,1.5,1.5
26.733,0.0058,-0.0,0.0,0.0001,0.0001,0.0,0.0,3.1478,1.5,1.5
26.75,0.0058,-0.0,0.0,0.0001,-0.0002,0.0,0.0,3.1478,1.5,1.5
26.75,0.0058,-0.0,0.0,0.0001,-0.0002,0.0,0.0,3.1478,1.5,1.5
26.75,0.0058,-0.0,0.0,0.0001,-0.0002,0.0,0.0,3.1478,1.5,1.5
26.783,0.0058,-0.0,0.0,0.0001,-0.0002,0.0,0.0,3.1478,1.5,1.5
26.783,0.0058,-0.0,0.0,0.0001,-0.0002,0.0,0.0,3.1478,1.5,1.5
26.8,0.0058,-0.0,0.0,0.0001,0.0001,0.0,0.0,3.1478,1.5,1.5
26.8,0.0058,-0.0,0.0,0.0001,0.0001,0.0,0.0,3.1478,1.5,1.5
26.8,0.0058,-0.0,0.0,0.0001,0.0001,0.0,0.0,3.1648,1.5,1.5
26.833,0.0058,-0.0,0.0,0.0001,0.0,0.0,0.0,3.1648,1.5,1.5
26.85,0.0058,-0.0,0.0,0.0001,-0.0002,0.0,0.0,3.1648,1.5,1.5
26.85,0.0058,-0.0,0.0,0.0001,-0.0002,0.0,0.0,3.1648,1.5,1.5
26.867,0.0058,-0.0,0.0,0.0001,0.0,0.0,0.0,3.1648,1.5,1.5
26.867,0.0058,-0.0,0.0,0.0001,0.0,0.0,0.0,3.1648,1.5,1.5
26.867,0.0058,-0.0,0.0,0.0001,0.0,0.0,0.0,3.1648,1.5,1.5
26.9,0.0058,-0.0,0.0,0.0001,-0.0,0.0,0.0,3.1648,1.5,1.5
26.917,0.0058,-0.0,0.0,0.0001,-0.0001,0.0,0.0,3.1648,1.5,1.5
26.917,0.0058,-0.0,0.0,0.0001,-0.0001,0.0,0.0,3.1339,1.5,1.5
26.917,0.0058,-0.0,0.0,0.0001,-0.0001,0.0,0.0,3.1339,1.5,1.5
26.95,0.0058,-0.0,0.0,0.0001,-0.0001,0.0,0.0,3.1339,1.5,1.5
26.95,0.0058,-0.0,0.0,0.0001,-0.0001,0.0,0.0,3.1339,1.5,1.5
26.967,0.0058,-0.0,0.0,0.0001,-0.0001,0.0,0.0,3.1339,1.5,1.5
26.967,0.0058,-0.0,0.0,0.0001,-0.0001,0.0,0.0,3.1339,1.5,1.5
26.967,0.0058,-0.0,0.0,0.0001,-0.0001,0.0,0.0,3.1339,1.5,1.5
27.0,0.0058,-0.0,0.0,0.0001,-0.0001,0.0,0.0,3.1339,1.5,1.5
27.017,0.0058,-0.0,0.0,0.0001,-0.0001,0.0,0.0,3.1339,1.5,1.5
27.017,0.0058,-0.0,0.0,0.0001,-0.0001,0.0,0.0,3.1488,1.5,1.5
27.033,0.0059,-0.0,0.0,0.0001,-0.0001,0.0,0.0,3.1488,1.5,1.5
27.033,0.0059,-0.0,0.0,0.0001,-0.0001,0.0,0.0,3.1488,1.5,1.5
27.033,0.0059,-0.0,0.0,0.0001,-0.0001,0.0,0.0,3.1488,1.5,1.5
27.067,0.0059,-0.0,0.0,0.0001,-0.0001,0.0,0.0,3.1488,1.5,1.5
27.083,0.0059,-0.0,0.0,0.0001,-0.0001,0.0,0.0,3.1488,1.5,1.5
27.083,0.0059,-0.0,0.0,0.0001,-0.0001,0.0,0.0,3.1488,1.5,1.5
27.083,0.0059,-0.0,0.0,0.0001,-0.0001,0.0,0.0,3.1488,1.5,1.5
27.117,0.0059,-0.0,0.0,0.0001,-0.0001,0.0,0.0,3.1488,1.5,1.5
27.117,0.0059,-0.0,0.0,0.0001,-0.0001,0.0,0.0,3.1488,1.5,1.5
27.133,0.0059,-0.0,0.0,0.0001,-0.0001,0.0,0.0,3.1496,1.5,1.5
27.133,0.0059,-0.0,0.0,0.0001,-0.0001,0.0,0.0,3.1496,1.5,1.5
27.133,0.0059,-0.0,0.0,0.0001,-0.0001,0.0,0.0,3.1496,1.5,1.5
27.167,0.0059,-0.0,0.0,0.0001,-0.0001,0.0,0.0,3.1496,1.5,1.5
27.167,0.0059,-0.0,0.0,0.0001,-0.0001,0.0,0.0,3.1496,1.5,1.5
27.183,0.0059,-0.0,0.0,0.0001,-0.0001,0.0,0.0,3.1496,1.5,1.5
27.2,0.0059,-0.0,0.0,0.0001,-0.0001,0.0,0.0,3.1496,1.5,1.5
27.2,0.0059,-0.0,0.0,0.0001,-0.0001,0.0,0.0,3.1496,1.5,1.5
27.2,0.0059,-0.0,0.0,0.0001,-0.0001,0.0,0.0,3.1496,1.5,1.5
27.233,0.0059,-0.0,0.0,0.0001,-0.0001,0.0,0.0,3.1192,1.5,1.5
27.233,0.0059,-0.0,0.0,0.0001,-0.0001,0.0,0.0,3.1192,1.5,1.5
27.25,0.0059,-0.0,0.0,0.0001,-0.0,0.0,0.0,3.1192,1.5,1.5
27.25,0.0059,-0.0,0.0,0.0001,-0.0,0.0,0.0,3.1192,1.5,1.5
27.25,0.0059,-0.0,0.0,0.0001,-0.0,0.0,0.0,3.1192,1.5,1.5
27.283,0.0059,-0.0,0.0,0.0001,-0.0,0.0,0.0,3.1192,1.5,1.5
27.3,0.0059,-0.0,0.0,0.0001,-0.0001,0.0,0.0,3.1192,1.5,1.5
27.3,0.0059,-0.0,0.0,0.0001,-0.0001,0.0,0.0,3.1192,1.5,1.5
27.3,0.0059,-0.0,0.0,0.0001,-0.0001,0.0,0.0,3.1192,1.5,1.5
27.333,0.0059,-0.0,0.0,0.0001,-0.0001,0.0,0.0,3.215,1.5,1.5
27.333,0.0059,-0.0,0.0,0.0001,-0.0001,0.0,0.0,3.215,1.5,1.5
27.35,0.0059,-0.0,0.0,0.0001,-0.0001,0.0,0.0,3.215,1.5,1.5
27.35,0.0059,-0.0,0.0,0.0001,-0.0001,0.0,0.0,3.215,1.5,1.5
27.367,0.0059,-0.0,0.0,0.0001,-0.0001,0.0,0.0,3.215,1.5,1.5
27.367,0.0059,-0.0,0.0,0.0001,-0.0001,0.0,0.0,3.215,1.5,1.5
27.367,0.0059,-0.0,0.0,0.0001,-0.0001,0.0,0.0,3.215,1.5,1.5
27.4,0.0059,-0.0,0.0,0.0001,-0.0001,0.0,0.0,3.215,1.5,1.5
27.417,0.0059,-0.0,0.0,0.0001,-0.0001,0.0,0.0,3.215,1.5,1.5
27.417,0.0059,-0.0,0.0,0.0001,-0.0001,0.0,0.0,3.1348,1.5,1.5
27.417,0.0059,-0.0,0.0,0.0001,-0.0001,0.0,0.0,3.1348,1.5,1.5
27.45,0.0059,-0.0,0.0,0.0001,-0.0001,0.0,0.0,3.1348,1.5,1.5
27.45,0.0059,-0.0,0.0,0.0001,-0.0001,0.0,0.0,3.1348,1.5,1.5
27.467,0.0059,-0.0,0.0,0.0001,0.0001,0.0,0.0,3.1348,1.5,1.5
27.467,0.0059,-0.0,0.0,0.0001,0.0001,0.0,0.0,3.1348,1.5,1.5
27.467,0.0059,-0.0,0.0,0.0001,0.0001,0.0,0.0,3.1348,1.5,1.5
27.5,0.006,-0.0,0.0,0.0001,-0.0,0.0,0.0,3.1348,1.5,1.5
27.517,0.006,-0.0,0.0,0.0001,-0.0002,0.0,0.0,3.1348,1.5,1.5
27.517,0.006,-0.0,0.0,0.0001,-0.0002,0.0,0.0,3.1348,1.5,1.5
27.533,0.006,-0.0,0.0,0.0001,-0.0,0.0,0.0,3.1637,1.5,1.5
27.533,0.006,-0.0,0.0,0.0001,-0.0,0.0,0.0,3.1637,1.5,1.5
27.533,0.006,-0.0,0.0,0.0001,-0.0,0.0,0.0,3.1637,1.5,1.5
27.567,0.006,-0.0,0.0,0.0001,-0.0,0.0,0.0,3.1637,1.5,1.5
27.583,0.006,-0.0,0.0,0.0001,-0.0001,0.0,0.0,3.1637,1.5,1.5
27.583,0.006,-0.0,0.0,0.0001,-0.0001,0.0,0.0,3.1637,1.5,1.5
27.583,0.006,-0.0,0.0,0.0001,-0.0001,0.0,0.0,3.1637,1.5,1.5
27.617,0.006,-0.0,0.0,0.0001,-0.0001,0.0,0.0,3.1637,1.5,1.5
27.617,0.006,-0.0,0.0,0.0001,-0.0001,0.0,0.0,3.1637,1.5,1.5
27.633,0.006,-0.0,0.0,0.0001,-0.0001,0.0,0.0,3.1364,1.5,1.5
27.633,0.006,-0.0,0.0,0.0001,-0.0001,0.0,0.0,3.1364,1.5,1.5
27.633,0.006,-0.0,0.0,0.0001,-0.0001,0.0,0.0,3.1364,1.5,1.5
27.667,0.006,-0.0,0.0,0.0001,-0.0002,0.0,0.0,3.1364,1.5,1.5
27.667,0.006,-0.0,0.0,0.0001,-0.0002,0.0,0.0,3.1364,1.5,1.5
27.683,0.006,-0.0,0.0,0.0001,0.0002,0.0,0.0,3.1364,1.5,1.5
27.7,0.006,-0.0,0.0,0.0001,-0.0003,0.0,0.0,3.1364,1.5,1.5
27.7,0.006,-0.0,0.0,0.0001,-0.0003,0.0,0.0,3.1364,1.5,1.5
27.7,0.006,-0.0,0.0,0.0001,-0.0003,0.0,0.0,3.1364,1.5,1.5
27.733,0.006,-0.0,0.0,0.0001,-0.0004,0.0,0.0,3.1183,1.5,1.5
27.733,0.006,-0.0,0.0,0.0001,-0.0004,0.0,0.0,3.1183,1.5,1.5
27.75,0.006,-0.0,0.0,0.0001,0.0003,0.0,0.0,3.1183,1.5,1.5
27.75,0.006,-0.0,0.0,0.0001,0.0003,0.0,0.0,3.1183,1.5,1.5
27.75,0.006,-0.0,0.0,0.0001,0.0003,0.0,0.0,3.1183,1.5,1.5
27.783,0.006,-0.0,0.0,0.0001,0.0002,0.0,0.0,3.1183,1.5,1.5
27.8,0.006,-0.0,0.0,0.0001,-0.0003,0.0,0.0,3.1183,1.5,1.5
27.8,0.006,-0.0,0.0,0.0001,-0.0003,0.0,0.0,3.1183,1.5,1.5
27.8,0.006,-0.0,0.0,0.0001,-0.0003,0.0,0.0,3.1183,1.5,1.5
27.833,0.006,-0.0,0.0,0.0001,-0.0002,0.0,0.0,3.1193,1.5,1.5
27.833,0.006,-0.0,0.0,0.0001,-0.0002,0.0,0.0,3.1193,1.5,1.5
27.85,0.006,-0.0,0.0,0.0001,0.0001,0.0,0.0,3.1193,1.5,1.5
27.85,0.006,-0.0,0.0,0.0001,0.0001,0.0,0.0,3.1193,1.5,1.5
27.867,0.006,-0.0,0.0,0.0001,-0.0002,0.0,0.0,3.1193,1.5,1.5
27.867,0.006,-0.0,0.0,0.0001,-0.0002,0.0,0.0,3.1193,1.5,1.5
27.9,0.006,-0.0,0.0,0.0001,-0.0002,0.0,0.0,3.1193,1.5,1.5
27.9,0.006,-0.0,0.0,0.0001,-0.0002,0.0,0.0,3.1193,1.5,1.5
27.917,0.006,-0.0,0.0,0.0001,-0.0,0.0,0.0,3.1193,1.5,1.5
27.917,0.006,-0.0,0.0,0.0001,-0.0,0.0,0.0,3.139,1.5,1.5
27.917,0.006,-0.0,0.0,0.0001,-0.0,0.0,0.0,3.139,1.5,1.5
27.95,0.0061,-0.0,0.0,0.0001,-0.0001,0.0,0.0,3.139,1.5,1.5
27.95,0.0061,-0.0,0.0,0.0001,-0.0001,0.0,0.0,3.139,1.5,1.5
27.967,0.0061,-0.0,0.0,0.0001,-0.0001,0.0,0.0,3.139,1.5,1.5
27.967,0.0061,-0.0,0.0,0.0001,-0.0001,0.0,0.0,3.139,1.5,1.5
27.967,0.0061,-0.0,0.0,0.0001,-0.0001,0.0,0.0,3.139,1.5,1.5
28.0,0.0061,-0.0,0.0,0.0001,-0.0001,0.0,0.0,3.139,1.5,1.5
28.017,0.0061,-0.0,0.0,0.0001,-0.0001,0.0,0.0,3.139,1.5,1.5
28.017,0.0061,-0.0,0.0,0.0001,-0.0001,0.0,0.0,3.1333,1.5,1.5
28.033,0.0061,-0.0,0.0,0.0001,-0.0001,0.0,0.0,3.1333,1.5,1.5
28.033,0.0061,-0.0,0.0,0.0001,-0.0001,0.0,0.0,3.1333,1.5,1.5
28.033,0.0061,-0.0,0.0,0.0001,-0.0001,0.0,0.0,3.1333,1.5,1.5
28.067,0.0061,-0.0,0.0,0.0001,-0.0001,0.0,0.0,3.1333,1.5,1.5
28.083,0.0061,-0.0,0.0,0.0001,-0.0001,0.0,0.0,3.1333,1.5,1.5
28.083,0.0061,-0.0,0.0,0.0001,-0.0001,0.0,0.0,3.1333,1.5,1.5
28.083,0.0061,-0.0,0.0,0.0001,-0.0001,0.0,0.0,3.1333,1.5,1.5
28.117,0.0061,-0.0,0.0,0.0001,-0.0001,0.0,0.0,3.1333,1.5,1.5
28.117,0.0061,-0.0,0.0,0.0001,-0.0001,0.0,0.0,3.1333,1.5,1.5
28.133,0.0061,-0.0,0.0,0.0001,-0.0001,0.0,0.0,3.1432,1.5,1.5
28.133,0.0061,-0.0,0.0,0.0001,-0.0001,0.0,0.0,3.1432,1.5,1.5
28.133,0.0061,-0.0,0.0,0.0001,-0.0001,0.0,0.0,3.1432,1.5,1.5
28.167,0.0061,-0.0,0.0,0.0001,-0.0001,0.0,0.0,3.1432,1.5,1.5
28.183,0.0061,-0.0,0.0,0.0001,-0.0001,0.0,0.0,3.1432,1.5,1.5
28.183,0.0061,-0.0,0.0,0.0001,-0.0001,0.0,0.0,3.1432,1.5,1.5
28.2,0.0061,-0.0,0.0,0.0001,-0.0001,0.0,0.0,3.1432,1.5,1.5
28.2,0.0061,-0.0,0.0,0.0001,-0.0001,0.0,0.0,3.1432,1.5,1.5
28.2,0.0061,-0.0,0.0,0.0001,-0.0001,0.0,0.0,3.1432,1.5,1.5
28.233,0.0061,-0.0,0.0,0.0001,-0.0,0.0,0.0,3.1575,1.5,1.5
28.233,0.0061,-0.0,0.0,0.0001,-0.0,0.0,0.0,3.1575,1.5,1.5
28.233,0.0061,-0.0,0.0,0.0001,-0.0,0.0,0.0,3.1575,1.5,1.5
28.25,0.0061,-0.0,0.0,0.0001,-0.0001,0.0,0.0,3.1575,1.5,1.5
28.25,0.0061,-0.0,0.0,0.0001,-0.0001,0.0,0.0,3.1575,1.5,1.5
28.25,0.0061,-0.0,0.0,0.0001,-0.0001,0.0,0.0,3.1575,1.5,1.5
28.283,0.0061,-0.0,0.0,0.0001,-0.0001,0.0,0.0,3.1575,1.5,1.5
28.3,0.0061,-0.0,0.0,0.0001,-0.0001,0.0,0.0,3.1575,1.5,1.5
28.3,0.0061,-0.0,0.0,0.0001,-0.0001,0.0,0.0,3.1575,1.5,1.5
28.3,0.0061,-0.0,0.0,0.0001,-0.0001,0.0,0.0,3.1575,1.5,1.5
28.333,0.0061,-0.0,0.0,0.0001,-0.0001,0.0,0.0,3.1173,1.5,1.5
28.333,0.0061,-0.0,0.0,0.0001,-0.0001,0.0,0.0,3.1173,1.5,1.5
28.35,0.0061,-0.0,0.0,0.0001,-0.0001,0.0,0.0,3.1173,1.5,1.5
28.35,0.0061,-0.0,0.0,0.0001,-0.0001,0.0,0.0,3.1173,1.5,1.5
28.367,0.0061,-0.0,0.0,0.0001,-0.0001,0.0,0.0,3.1173,1.5,1.5
28.367,0.0061,-0.0,0.0,0.0001,-0.0001,0.0,0.0,3.1173,1.5,1.5
28.367,0.0061,-0.0,0.0,0.0001,-0.0001,0.0,0.0,3.1173,1.5,1.5
28.4,0.0062,-0.0,0.0,0.0001,-0.0001,0.0,0.0,3.1173,1.5,1.5
28.417,0.0062,-0.0,0.0,0.0001,-0.0001,0.0,0.0,3.1173,1.5,1.5
28.417,0.0062,-0.0,0.0,0.0001,-0.0001,0.0,0.0,3.127,1.5,1.5
28.417,0.0062,-0.0,0.0,0.0001,-0.0001,0.0,0.0,3.127,1.5,1.5
28.45,0.0062,-0.0,0.0,0.0001,-0.0,0.0,0.0,3.127,1.5,1.5
28.45,0.0062,-0.0,0.0,0.0001,-0.0,0.0,0.0,3.127,1.5,1.5
28.467,0.0062,-0.0,0.0,0.0001,-0.0001,0.0,0.0,3.127,1.5,1.5
28.467,0.0062,-0.0,0.0,0.0001,-0.0001,0.0,0.0,3.127,1.5,1.5
28.467,0.0062,-0.0,0.0,0.0001,-0.0001,0.0,0.0,3.127,1.5,1.5
28.5,0.0062,-0.0,0.0,0.0001,-0.0001,0.0,0.0,3.127,1.5,1.5
28.517,0.0062,-0.0,0.0,0.0001,-0.0001,0.0,0.0,3.127,1.5,1.5
28.517,0.0062,-0.0,0.0,0.0001,-0.0001,0.0,0.0,3.2015,1.5,1.5
28.533,0.0062,-0.0,0.0,0.0001,-0.0001,0.0,0.0,3.2015,1.5,1.5
28.533,0.0062,-0.0,0.0,0.0001,-0.0001,0.0,0.0,3.2015,1.5,1.5
28.533,0.0062,-0.0,0.0,0.0001,-0.0001,0.0,0.0,3.2015,1.5,1.5
28.567,0.0062,-0.0,0.0,0.0001,-0.0001,0.0,0.0,3.2015,1.5,1.5
28.583,0.0062,-0.0,0.0,0.0001,-0.0001,0.0,0.0,3.2015,1.5,1.5
28.583,0.0062,-0.0,0.0,0.0001,-0.0001,0.0,0.0,3.2015,1.5,1.5
28.583,0.0062,-0.0,0.0,0.0001,-0.0001,0.0,0.0,3.2015,1.5,1.5
28.617,0.0062,-0.0,0.0,0.0001,-0.0001,0.0,0.0,3.2015,1.5,1.5
28.617,0.0062,-0.0,0.0,0.0001,-0.0001,0.0,0.0,3.1427,1.5,1.5
28.633,0.0062,-0.0,0.0,0.0001,-0.0001,0.0,0.0,3.1427,1.5,1.5
28.633,0.0062,-0.0,0.0,0.0001,-0.0001,0.0,0.0,3.1427,1.5,1.5
28.633,0.0062,-0.0,0.0,0.0001,-0.0001,0.0,0.0,3.1427,1.5,1.5
28.667,0.0062,-0.0,0.0,0.0001,-0.0001,0.0,0.0,3.1427,1.5,1.5
28.667,0.0062,-0.0,0.0,0.0001,-0.0001,0.0,0.0,3.1427,1.5,1.5
28.683,0.0062,-0.0,0.0,0.0001,-0.0001,0.0,0.0,3.1427,1.5,1.5
28.7,0.0062,-0.0,0.0,0.0001,-0.0001,0.0,0.0,3.1427,1.5,1.5
28.7,0.0062,-0.0,0.0,0.0001,-0.0001,0.0,0.0,3.1427,1.5,1.5
28.7,0.0062,-0.0,0.0,0.0001,-0.0001,0.0,0.0,3.1427,1.5,1.5
28.733,0.0062,-0.0,0.0,0.0001,-0.0001,0.0,0.0,3.1381,1.5,1.5
28.733,0.0062,-0.0,0.0,0.0001,-0.0001,0.0,0.0,3.1381,1.5,1.5
28.75,0.0062,-0.0,0.0,0.0001,-0.0001,0.0,0.0,3.1381,1.5,1.5
28.75,0.0062,-0.0,0.0,0.0001,-0.0001,0.0,0.0,3.1381,1.5,1.5
28.783,0.0062,-0.0,0.0,0.0001,-0.0,0.0,0.0,3.1381,1.5,1.5
28.783,0.0062,-0.0,0.0,0.0001,-0.0,0.0,0.0,3.1381,1.5,1.5
28.8,0.0062,-0.0,0.0,0.0001,-0.0001,0.0,0.0,3.1381,1.5,1.5
28.8,0.0062,-0.0,0.0,0.0001,-0.0001,0.0,0.0,3.1381,1.5,1.5
28.8,0.0062,-0.0,0.0,0.0001,-0.0001,0.0,0.0,3.1381,1.5,1.5
28.833,0.0062,-0.0,0.0,0.0001,-0.0001,0.0,0.0,3.1504,1.5,1.5
28.833,0.0062,-0.0,0.0,0.0001,-0.0001,0.0,0.0,3.1504,1.5,1.5
28.85,0.0062,-0.0,0.0,0.0001,-0.0001,0.0,0.0,3.1504,1.5,1.5
28.867,0.0063,-0.0,0.0,0.0001,-0.0001,0.0,0.0,3.1504,1.5,1.5
28.867,0.0063,-0.0,0.0,0.0001,-0.0001,0.0,0.0,3.1504,1.5,1.5
28.867,0.0063,-0.0,0.0,0.0001,-0.0001,0.0,0.0,3.1504,1.5,1.5
28.9,0.0063,-0.0,0.0,0.0001,-0.0001,0.0,0.0,3.1504,1.5,1.5
28.9,0.0063,-0.0,0.0,0.0001,-0.0001,0.0,0.0,3.1504,1.5,1.5
28.917,0.0063,-0.0,0.0,0.0001,-0.0001,0.0,0.0,3.1504,1.5,1.5
28.917,0.0063,-0.0,0.0,0.0001,-0.0001,0.0,0.0,3.1284,1.5,1.5
28.917,0.0063,-0.0,0.0,0.0001,-0.0001,0.0,0.0,3.1284,1.5,1.5
28.95,0.0063,-0.0,0.0,0.0001,-0.0001,0.0,0.0,3.1284,1.5,1.5
28.967,0.0063,-0.0,0.0,0.0001,-0.0001,0.0,0.0,3.1284,1.5,1.5
28.967,0.0063,-0.0,0.0,0.0001,-0.0001,0.0,0.0,3.1284,1.5,1.5
28.967,0.0063,-0.0,0.0,0.0001,-0.0001,0.0,0.0,3.1284,1.5,1.5
29.0,0.0063,-0.0,0.0,0.0001,-0.0001,0.0,0.0,3.1284,1.5,1.5
29.0,0.0063,-0.0,0.0,0.0001,-0.0001,0.0,0.0,3.1284,1.5,1.5
29.017,0.0063,-0.0,0.0,0.0001,-0.0001,0.0,0.0,3.1284,1.5,1.5
29.033,0.0063,-0.0,0.0,0.0001,-0.0001,0.0,0.0,3.1016,1.5,1.5
29.033,0.0063,-0.0,0.0,0.0001,-0.0001,0.0,0.0,3.1016,1.5,1.5
29.033,0.0063,-0.0,0.0,0.0001,-0.0001,0.0,0.0,3.1016,1.5,1.5
29.033,0.0063,-0.0,0.0,0.0001,-0.0001,0.0,0.0,3.1016,1.5,1.5
29.067,0.0063,-0.0,0.0,0.0001,-0.0,0.0,0.0,3.1016,1.5,1.5
29.083,0.0063,-0.0,0.0,0.0001,-0.0001,0.0,0.0,3.1016,1.5,1.5
29.083,0.0063,-0.0,0.0,0.0001,-0.0001,0.0,0.0,3.1016,1.5,1.5
29.083,0.0063,-0.0,0.0,0.0001,-0.0001,0.0,0.0,3.1016,1.5,1.5
29.117,0.0063,-0.0,0.0,0.0001,-0.0001,0.0,0.0,3.1016,1.5,1.5
29.117,0.0063,-0.0,0.0,0.0001,-0.0001,0.0,0.0,3.1016,1.5,1.5
29.133,0.0063,-0.0,0.0,0.0001,-0.0001,0.0,0.0,3.1595,1.5,1.5
29.133,0.0063,-0.0,0.0,0.0001,-0.0001,0.0,0.0,3.1595,1.5,1.5
29.133,0.0063,-0.0,0.0,0.0001,-0.0001,0.0,0.0,3.1595,1.5,1.5
29.167,0.0063,-0.0,0.0,0.0001,-0.0001,0.0,0.0,3.1595,1.5,1.5
29.183,0.0063,-0.0,0.0,0.0001,-0.0001,0.0,0.0,3.1595,1.5,1.5
29.183,0.0063,-0.0,0.0,0.0001,-0.0001,0.0,0.0,3.1595,1.5,1.5
29.2,0.0063,-0.0,0.0,0.0001,-0.0001,0.0,0.0,3.1595,1.5,1.5
29.2,0.0063,-0.0,0.0,0.0001,-0.0001,0.0,0.0,3.1595,1.5,1.5
29.2,0.0063,-0.0,0.0,0.0001,-0.0001,0.0,0.0,3.1389,1.5,1.5
29.233,0.0063,-0.0,0.0,0.0001,-0.0,0.0,0.0,3.1389,1.5,1.5
29.233,0.0063,-0.0,0.0,0.0001,-0.0,0.0,0.0,3.1389,1.5,1.5
29.25,0.0063,-0.0,0.0,0.0001,-0.0001,0.0,0.0,3.1389,1.5,1.5
29.25,0.0063,-0.0,0.0,0.0001,-0.0001,0.0,0.0,3.1389,1.5,1.5
29.283,0.0063,-0.0,0.0,0.0001,-0.0001,0.0,0.0,3.1389,1.5,1.5
29.283,0.0063,-0.0,0.0,0.0001,-0.0001,0.0,0.0,3.1389,1.5,1.5
29.3,0.0063,-0.0,0.0,0.0001,-0.0001,0.0,0.0,3.1389,1.5,1.5
29.3,0.0063,-0.0,0.0,0.0001,-0.0001,0.0,0.0,3.1389,1.5,1.5
29.3,0.0063,-0.0,0.0,0.0001,-0.0001,0.0,0.0,3.1389,1.5,1.5
29.333,0.0064,-0.0,0.0,0.0001,0.0,0.0,0.0,3.1626,1.5,1.5
29.333,0.0064,-0.0,0.0,0.0001,0.0,0.0,0.0,3.1626,1.5,1.5
29.35,0.0064,-0.0,0.0,0.0001,-0.0002,0.0,0.0,3.1626,1.5,1.5
29.367,0.0064,-0.0,0.0,0.0001,-0.0,0.0,0.0,3.1626,1.5,1.5
29.367,0.0064,-0.0,0.0,0.0001,-0.0,0.0,0.0,3.1626,1.5,1.5
29.367,0.0064,-0.0,0.0,0.0001,-0.0,0.0,0.0,3.1626,1.5,1.5
29.4,0.0064,-0.0,0.0,0.0001,-0.0,0.0,0.0,3.1626,1.5,1.5
29.4,0.0064,-0.0,0.0,0.0001,-0.0,0.0,0.0,3.1626,1.5,1.5
29.417,0.0064,-0.0,0.0,0.0001,-0.0001,0.0,0.0,3.1626,1.5,1.5
29.417,0.0064,-0.0,0.0,0.0001,-0.0001,0.0,0.0,3.1449,1.5,1.5
29.417,0.0064,-0.0,0.0,0.0001,-0.0001,0.0,0.0,3.1449,1.5,1.5
29.417,0.0064,-0.0,0.0,0.0001,-0.0001,0.0,0.0,3.1449,1.5,1.5
29.45,0.0064,-0.0,0.0,0.0001,-0.0001,0.0,0.0,3.1449,1.5,1.5
29.467,0.0064,-0.0,0.0,0.0001,-0.0,0.0,0.0,3.1449,1.5,1.5
29.467,0.0064,-0.0,0.0,0.0001,-0.0,0.0,0.0,3.1449,1.5,1.5
29.467,0.0064,-0.0,0.0,0.0001,-0.0,0.0,0.0,3.1449,1.5,1.5
29.5,0.0064,-0.0,0.0,0.0001,-0.0,0.0,0.0,3.1449,1.5,1.5
29.5,0.0064,-0.0,0.0,0.0001,-0.0,0.0,0.0,3.1449,1.5,1.5
29.517,0.0064,-0.0,0.0,0.0001,-0.0001,0.0,0.0,3.1449,1.5,1.5
29.533,0.0064,-0.0,0.0,0.0001,-0.0001,0.0,0.0,3.1243,1.5,1.5
29.533,0.0064,-0.0,0.0,0.0001,-0.0001,0.0,0.0,3.1243,1.5,1.5
29.533,0.0064,-0.0,0.0,0.0001,-0.0001,0.0,0.0,3.1243,1.5,1.5
29.567,0.0064,-0.0,0.0,0.0001,-0.0001,0.0,0.0,3.1243,1.5,1.5
29.567,0.0064,-0.0,0.0,0.0001,-0.0001,0.0,0.0,3.1243,1.5,1.5
29.583,0.0064,-0.0,0.0,0.0001,-0.0001,0.0,0.0,3.1243,1.5,1.5
29.583,0.0064,-0.0,0.0,0.0001,-0.0001,0.0,0.0,3.1243,1.5,1.5
29.583,0.0064,-0.0,0.0,0.0001,-0.0001,0.0,0.0,3.1243,1.5,1.5
29.617,0.0064,-0.0,0.0,0.0001,-0.0001,0.0,0.0,3.1243,1.5,1.5
29.633,0.0064,-0.0,0.0,0.0001,0.0,0.0,0.0,3.1845,1.5,1.5
29.633,0.0064,-0.0,0.0,0.0001,0.0,0.0,0.0,3.1845,1.5,1.5
29.633,0.0064,-0.0,0.0,0.0001,0.0,0.0,0.0,3.1845,1.5,1.5
29.633,0.0064,-0.0,0.0,0.0001,0.0,0.0,0.0,3.1845,1.5,1.5
29.667,0.0064,-0.0,0.0,0.0001,0.0,0.0,0.0,3.1845,1.5,1.5
29.683,0.0064,-0.0,0.0,0.0001,-0.0002,0.0,0.0,3.1845,1.5,1.5
29.683,0.0064,-0.0,0.0,0.0001,-0.0002,0.0,0.0,3.1845,1.5,1.5
29.7,0.0064,-0.0,0.0,0.0001,-0.0,0.0,0.0,3.1845,1.5,1.5
29.7,0.0064,-0.0,0.0,0.0001,-0.0,0.0,0.0,3.1845,1.5,1.5
29.7,0.0064,-0.0,0.0,0.0001,-0.0,0.0,0.0,3.1845,1.5,1.5
29.7,0.0064,-0.0,0.0,0.0001,-0.0,0.0,0.0,3.1845,1.5,1.5
29.733,0.0064,-0.0,0.0,0.0001,-0.0,0.0,0.0,3.1422,1.5,1.5
29.733,0.0064,-0.0,0.0,0.0001,-0.0,0.0,0.0,3.1422,1.5,1.5
29.75,0.0064,-0.0,0.0,0.0001,-0.0001,0.0,0.0,3.1422,1.5,1.5
29.75,0.0064,-0.0,0.0,0.0001,-0.0001,0.0,0.0,3.1422,1.5,1.5
29.75,0.0064,-0.0,0.0,0.0001,-0.0001,0.0,0.0,3.1422,1.5,1.5
29.783,0.0065,-0.0,0.0,0.0001,-0.0001,0.0,0.0,3.1422,1.5,1.5
29.8,0.0065,-0.0,0.0,0.0001,-0.0,0.0,0.0,3.1422,1.5,1.5
29.8,0.0065,-0.0,0.0,0.0001,-0.0,0.0,0.0,3.1422,1.5,1.5
29.8,0.0065,-0.0,0.0,0.0001,-0.0,0.0,0.0,3.1422,1.5,1.5
29.833,0.0065,-0.0,0.0,0.0001,-0.0001,0.0,0.0,3.1625,1.5,1.5
29.833,0.0065,-0.0,0.0,0.0001,-0.0001,0.0,0.0,3.1625,1.5,1.5
29.85,0.0065,-0.0,0.0,0.0001,-0.0001,0.0,0.0,3.1625,1.5,1.5
29.867,0.0065,-0.0,0.0,0.0001,-0.0001,0.0,0.0,3.1625,1.5,1.5
29.867,0.0065,-0.0,0.0,0.0001,-0.0001,0.0,0.0,3.1625,1.5,1.5
29.867,0.0065,-0.0,0.0,0.0001,-0.0001,0.0,0.0,3.1625,1.5,1.5
29.9,0.0065,-0.0,0.0,0.0001,-0.0,0.0,0.0,3.1625,1.5,1.5
29.9,0.0065,-0.0,0.0,0.0001,-0.0,0.0,0.0,3.1625,1.5,1.5
29.917,0.0065,-0.0,0.0,0.0001,-0.0001,0.0,0.0,3.1625,1.5,1.5
29.917,0.0065,-0.0,0.0,0.0001,-0.0001,0.0,0.0,3.1453,1.5,1.5
29.917,0.0065,-0.0,0.0,0.0001,-0.0001,0.0,0.0,3.1453,1.5,1.5
29.95,0.0065,-0.0,0.0,0.0001,-0.0001,0.0,0.0,3.1453,1.5,1.5
29.95,0.0065,-0.0,0.0,0.0001,-0.0001,0.0,0.0,3.1453,1.5,1.5
29.967,0.0065,-0.0,0.0,0.0001,-0.0001,0.0,0.0,3.1453,1.5,1.5
29.967,0.0065,-0.0,0.0,0.0001,-0.0001,0.0,0.0,3.1453,1.5,1.5
29.967,0.0065,-0.0,0.0,0.0001,-0.0001,0.0,0.0,3.1453,1.5,1.5
30.0,0.0065,-0.0,0.0,0.0001,-0.0001,0.0,0.0,3.1453,1.5,1.5
30.017,0.0065,-0.0,0.0,0.0001,-0.0001,0.0,0.0,3.1453,1.5,1.5
30.017,0.0065,-0.0,0.0,0.0001,-0.0001,0.0,0.0,3.1219,1.5,1.5
30.033,0.0065,-0.0,0.0,0.0001,-0.0001,0.0,0.0,3.1219,1.5,1.5
30.033,0.0065,-0.0,0.0,0.0001,-0.0001,0.0,0.0,3.1219,1.5,1.5
30.033,0.0065,-0.0,0.0,0.0001,-0.0001,0.0,0.0,3.1219,1.5,1.5
30.067,0.0065,-0.0,0.0,0.0001,-0.0001,0.0,0.0,3.1219,1.5,1.5
30.083,0.0065,-0.0,0.0,0.0001,-0.0,0.0,0.0,3.1219,1.5,1.5
30.083,0.0065,-0.0,0.0,0.0001,-0.0,0.0,0.0,3.1219,1.5,1.5
30.083,0.0065,-0.0,0.0,0.0001,-0.0,0.0,0.0,3.1219,1.5,1.5
30.117,0.0065,-0.0,0.0,0.0001,-0.0001,0.0,0.0,3.1219,1.5,1.5
30.117,0.0065,-0.0,0.0,0.0001,-0.0001,0.0,0.0,3.1219,1.5,1.5
30.133,0.0065,-0.0,0.0,0.0001,-0.0001,0.0,0.0,3.1218,1.5,1.5
30.133,0.0065,-0.0,0.0,0.0001,-0.0001,0.0,0.0,3.1218,1.5,1.5
30.133,0.0065,-0.0,0.0,0.0001,-0.0001,0.0,0.0,3.1218,1.5,1.5
30.167,0.0065,-0.0,0.0,0.0001,-0.0001,0.0,0.0,3.1218,1.5,1.5
30.183,0.0065,-0.0,0.0,0.0001,0.0001,0.0,0.0,3.1218,1.5,1.5
30.183,0.0065,-0.0,0.0,0.0001,0.0001,0.0,0.0,3.1218,1.5,1.5
30.2,0.0065,-0.0,0.0,0.0001,-0.0002,0.0,0.0,3.1218,1.5,1.5
30.2,0.0065,-0.0,0.0,0.0001,-0.0002,0.0,0.0,3.1218,1.5,1.5
30.2,0.0065,-0.0,0.0,0.0001,-0.0002,0.0,0.0,3.1564,1.5,1.5
30.233,0.0066,-0.0,0.0,0.0001,-0.0002,0.0,0.0,3.1564,1.5,1.5
30.233,0.0066,-0.0,0.0,0.0001,-0.0002,0.0,0.0,3.1564,1.5,1.5
30.25,0.0066,-0.0,0.0,0.0001,0.0,0.0,0.0,3.1564,1.5,1.5
30.25,0.0066,-0.0,0.0,0.0001,0.0,0.0,0.0,3.1564,1.5,1.5
30.283,0.0066,-0.0,0.0,0.0001,0.0,0.0,0.0,3.1564,1.5,1.5
30.283,0.0066,-0.0,0.0,0.0001,0.0,0.0,0.0,3.1564,1.5,1.5
30.3,0.0066,-0.0,0.0,0.0001,-0.0001,0.0,0.0,3.1564,1.5,1.5
30.3,0.0066,-0.0,0.0,0.0001,-0.0001,0.0,0.0,3.1564,1.5,1.5
30.3,0.0066,-0.0,0.0,0.0001,-0.0001,0.0,0.0,3.1564,1.5,1.5
30.333,0.0066,-0.0,0.0,0.0001,-0.0002,0.0,0.0,3.2319,1.5,1.5
30.333,0.0066,-0.0,0.0,0.0001,-0.0002,0.0,0.0,3.2319,1.5,1.5
30.35,0.0066,-0.0,0.0,0.0001,-0.0,0.0,0.0,3.2319,1.5,1.5
30.367,0.0066,-0.0,0.0,0.0001,-0.0001,0.0,0.0,3.2319,1.5,1.5
30.367,0.0066,-0.0,0.0,0.0001,-0.0001,0.0,0.0,3.2319,1.5,1.5
30.367,0.0066,-0.0,0.0,0.0001,-0.0001,0.0,0.0,3.2319,1.5,1.5
30.4,0.0066,-0.0,0.0,0.0001,-0.0001,0.0,0.0,3.2319,1.5,1.5
30.4,0.0066,-0.0,0.0,0.0001,-0.0001,0.0,0.0,3.2319,1.5,1.5
30.417,0.0066,-0.0,0.0,0.0001,-0.0,0.0,0.0,3.2319,1.5,1.5
30.417,0.0066,-0.0,0.0,0.0001,-0.0,0.0,0.0,3.1711,1.5,1.5
30.417,0.0066,-0.0,0.0,0.0001,-0.0,0.0,0.0,3.1711,1.5,1.5
30.45,0.0066,-0.0,0.0,0.0001,-0.0001,0.0,0.0,3.1711,1.5,1.5
30.45,0.0066,-0.0,0.0,0.0001,-0.0001,0.0,0.0,3.1711,1.5,1.5
30.467,0.0066,-0.0,0.0,0.0001,-0.0001,0.0,0.0,3.1711,1.5,1.5
30.467,0.0066,-0.0,0.0,0.0001,-0.0001,0.0,0.0,3.1711,1.5,1.5
30.467,0.0066,-0.0,0.0,0.0001,-0.0001,0.0,0.0,3.1711,1.5,1.5
30.5,0.0066,-0.0,0.0,0.0001,-0.0001,0.0,0.0,3.1711,1.5,1.5
30.517,0.0066,-0.0,0.0,0.0001,-0.0001,0.0,0.0,3.1711,1.5,1.5
30.517,0.0066,-0.0,0.0,0.0001,-0.0001,0.0,0.0,3.1864,1.5,1.5
30.533,0.0066,-0.0,0.0,0.0001,-0.0001,0.0,0.0,3.1864,1.5,1.5
30.533,0.0066,-0.0,0.0,0.0001,-0.0001,0.0,0.0,3.1864,1.5,1.5
30.533,0.0066,-0.0,0.0,0.0001,-0.0001,0.0,0.0,3.1864,1.5,1.5
30.567,0.0066,-0.0,0.0,0.0001,-0.0001,0.0,0.0,3.1864,1.5,1.5
30.583,0.0066,-0.0,0.0,0.0001,-0.0001,0.0,0.0,3.1864,1.5,1.5
30.583,0.0066,-0.0,0.0,0.0001,-0.0001,0.0,0.0,3.1864,1.5,1.5
30.583,0.0066,-0.0,0.0,0.0001,-0.0001,0.0,0.0,3.1864,1.5,1.5
30.617,0.0066,-0.0,0.0,0.0001,-0.0001,0.0,0.0,3.1864,1.5,1.5
30.617,0.0066,-0.0,0.0,0.0001,-0.0001,0.0,0.0,3.1605,1.5,1.5
30.633,0.0066,-0.0,0.0,0.0001,-0.0001,0.0,0.0,3.1605,1.5,1.5
30.633,0.0066,-0.0,0.0,0.0001,-0.0001,0.0,0.0,3.1605,1.5,1.5
30.633,0.0066,-0.0,0.0,0.0001,-0.0001,0.0,0.0,3.1605,1.5,1.5
30.667,0.0066,-0.0,0.0,0.0001,-0.0001,0.0,0.0,3.1605,1.5,1.5
30.683,0.0066,-0.0,0.0,0.0001,-0.0001,0.0,0.0,3.1605,1.5,1.5
30.683,0.0066,-0.0,0.0,0.0001,-0.0001,0.0,0.0,3.1605,1.5,1.5
30.7,0.0067,-0.0,0.0,0.0001,-0.0001,0.0,0.0,3.1605,1.5,1.5
30.7,0.0067,-0.0,0.0,0.0001,-0.0001,0.0,0.0,3.1605,1.5,1.5
30.7,0.0067,-0.0,0.0,0.0001,-0.0001,0.0,0.0,3.1605,1.5,1.5
30.733,0.0067,-0.0,0.0,0.0001,-0.0001,0.0,0.0,3.0899,1.5,1.5
30.75,0.0067,-0.0,0.0,0.0001,0.0,0.0,0.0,3.0899,1.5,1.5
30.75,0.0067,-0.0,0.0,0.0001,0.0,0.0,0.0,3.0899,1.5,1.5
30.75,0.0067,-0.0,0.0,0.0001,0.0,0.0,0.0,3.0899,1.5,1.5
30.783,0.0067,-0.0,0.0,0.0001,-0.0001,0.0,0.0,3.0899,1.5,1.5
30.783,0.0067,-0.0,0.0,0.0001,-0.0001,0.0,0.0,3.0899,1.5,1.5
30.8,0.0067,-0.0,0.0,0.0001,-0.0001,0.0,0.0,3.0899,1.5,1.5
30.8,0.0067,-0.0,0.0,0.0001,-0.0001,0.0,0.0,3.0899,1.5,1.5
30.8,0.0067,-0.0,0.0,0.0001,-0.0001,0.0,0.0,3.0972,1.5,1.5
30.833,0.0067,-0.0,0.0,0.0001,-0.0001,0.0,0.0,3.0972,1.5,1.5
30.85,0.0067,-0.0,0.0,0.0001,-0.0001,0.0,0.0,3.0972,1.5,1.5
30.85,0.0067,-0.0,0.0,0.0001,-0.0001,0.0,0.0,3.0972,1.5,1.5
30.867,0.0067,-0.0,0.0,0.0001,-0.0001,0.0,0.0,3.0972,1.5,1.5
30.867,0.0067,-0.0,0.0,0.0001,-0.0001,0.0,0.0,3.0972,1.5,1.5
30.867,0.0067,-0.0,0.0,0.0001,-0.0001,0.0,0.0,3.0972,1.5,1.5
30.9,0.0067,-0.0,0.0,0.0001,-0.0001,0.0,0.0,3.0972,1.5,1.5
30.9,0.0067,-0.0,0.0,0.0001,-0.0001,0.0,0.0,3.0972,1.5,1.5
30.917,0.0067,-0.0,0.0,0.0001,-0.0001,0.0,0.0,3.0972,1.5,1.5
30.917,0.0067,-0.0,0.0,0.0001,-0.0001,0.0,0.0,3.1136,1.5,1.5
30.917,0.0067,-0.0,0.0,0.0001,-0.0001,0.0,0.0,3.1136,1.5,1.5
30.95,0.0067,-0.0,0.0,0.0001,-0.0,0.0,0.0,3.1136,1.5,1.5
30.967,0.0067,-0.0,0.0,0.0001,-0.0001,0.0,0.0,3.1136,1.5,1.5
30.967,0.0067,-0.0,0.0,0.0001,-0.0001,0.0,0.0,3.1136,1.5,1.5
30.967,0.0067,-0.0,0.0,0.0001,-0.0001,0.0,0.0,3.1136,1.5,1.5
31.0,0.0067,-0.0,0.0,0.0001,-0.0002,0.0,0.0,3.1136,1.5,1.5
31.0,0.0067,-0.0,0.0,0.0001,-0.0002,0.0,0.0,3.1136,1.5,1.5
31.017,0.0067,-0.0,0.0,0.0001,0.0001,0.0,0.0,3.1136,1.5,1.5
31.033,0.0067,-0.0,0.0,0.0001,-0.0002,0.0,0.0,3.1416,1.5,1.5
31.033,0.0067,-0.0,0.0,0.0001,-0.0002,0.0,0.0,3.1416,1.5,1.5
31.033,0.0067,-0.0,0.0,0.0001,-0.0002,0.0,0.0,3.1416,1.5,1.5
31.067,0.0067,-0.0,0.0,0.0001,-0.0002,0.0,0.0,3.1416,1.5,1.5
31.067,0.0067,-0.0,0.0,0.0001,-0.0002,0.0,0.0,3.1416,1.5,1.5
31.083,0.0067,-0.0,0.0,0.0001,0.0001,0.0,0.0,3.1416,1.5,1.5
31.083,0.0067,-0.0,0.0,0.0001,0.0001,0.0,0.0,3.1416,1.5,1.5
31.083,0.0067,-0.0,0.0,0.0001,0.0001,0.0,0.0,3.1416,1.5,1.5
31.117,0.0067,-0.0,0.0,0.0001,0.0,0.0,0.0,3.1416,1.5,1.5
31.117,0.0067,-0.0,0.0,0.0001,0.0,0.0,0.0,3.1248,1.5,1.5
31.133,0.0067,-0.0,0.0,0.0001,-0.0002,0.0,0.0,3.1248,1.5,1.5
31.133,0.0067,-0.0,0.0,0.0001,-0.0002,0.0,0.0,3.1248,1.5,1.5
31.133,0.0067,-0.0,0.0,0.0001,-0.0002,0.0,0.0,3.1248,1.5,1.5
31.167,0.0068,-0.0,0.0,0.0001,-0.0002,0.0,0.0,3.1248,1.5,1.5
31.183,0.0068,-0.0,0.0,0.0001,-0.0,0.0,0.0,3.1248,1.5,1.5
31.183,0.0068,-0.0,0.0,0.0001,-0.0,0.0,0.0,3.1248,1.5,1.5
31.2,0.0068,-0.0,0.0,0.0001,-0.0001,0.0,0.0,3.1248,1.5,1.5
31.2,0.0068,-0.0,0.0,0.0001,-0.0001,0.0,0.0,3.1248,1.5,1.5
31.2,0.0068,-0.0,0.0,0.0001,-0.0001,0.0,0.0,3.1296,1.5,1.5
31.233,0.0068,-0.0,0.0,0.0001,-0.0001,0.0,0.0,3.1296,1.5,1.5
31.25,0.0068,-0.0,0.0,0.0001,-0.0001,0.0,0.0,3.1296,1.5,1.5
31.25,0.0068,-0.0,0.0,0.0001,-0.0001,0.0,0.0,3.1296,1.5,1.5
31.25,0.0068,-0.0,0.0,0.0001,-0.0001,0.0,0.0,3.1296,1.5,1.5
31.283,0.0068,-0.0,0.0,0.0001,-0.0001,0.0,0.0,3.1296,1.5,1.5
31.283,0.0068,-0.0,0.0,0.0001,-0.0001,0.0,0.0,3.1296,1.5,1.5
31.3,0.0068,-0.0,0.0,0.0001,-0.0001,0.0,0.0,3.1296,1.5,1.5
31.3,0.0068,-0.0,0.0,0.0001,-0.0001,0.0,0.0,3.1296,1.5,1.5
31.3,0.0068,-0.0,0.0,0.0001,-0.0001,0.0,0.0,3.1296,1.5,1.5
31.333,0.0068,-0.0,0.0,0.0001,-0.0001,0.0,0.0,3.1349,1.5,1.5
31.35,0.0068,-0.0,0.0,0.0001,-0.0001,0.0,0.0,3.1349,1.5,1.5
31.35,0.0068,-0.0,0.0,0.0001,-0.0001,0.0,0.0,3.1349,1.5,1.5
31.367,0.0068,-0.0,0.0,0.0001,-0.0001,0.0,0.0,3.1349,1.5,1.5
31.367,0.0068,-0.0,0.0,0.0001,-0.0001,0.0,0.0,3.1349,1.5,1.5
31.367,0.0068,-0.0,0.0,0.0001,-0.0001,0.0,0.0,3.1349,1.5,1.5
31.4,0.0068,-0.0,0.0,0.0001,-0.0001,0.0,0.0,3.1349,1.5,1.5
31.4,0.0068,-0.0,0.0,0.0001,-0.0001,0.0,0.0,3.1349,1.5,1.5
31.417,0.0068,-0.0,0.0,0.0001,-0.0001,0.0,0.0,3.227,1.5,1.5
31.417,0.0068,-0.0,0.0,0.0001,-0.0001,0.0,0.0,3.227,1.5,1.5
31.417,0.0068,-0.0,0.0,0.0001,-0.0001,0.0,0.0,3.227,1.5,1.5
31.45,0.0068,-0.0,0.0,0.0001,-0.0001,0.0,0.0,3.227,1.5,1.5
31.467,0.0068,-0.0,0.0,0.0001,-0.0001,0.0,0.0,3.227,1.5,1.5
31.467,0.0068,-0.0,0.0,0.0001,-0.0001,0.0,0.0,3.227,1.5,1.5
31.467,0.0068,-0.0,0.0,0.0001,-0.0001,0.0,0.0,3.227,1.5,1.5
31.5,0.0068,-0.0,0.0,0.0001,-0.0001,0.0,0.0,3.227,1.5,1.5
31.5,0.0068,-0.0,0.0,0.0001,-0.0001,0.0,0.0,3.227,1.5,1.5
31.517,0.0068,-0.0,0.0,0.0001,-0.0001,0.0,0.0,3.227,1.5,1.5
31.533,0.0068,-0.0,0.0,0.0001,-0.0002,0.0,0.0,3.1227,1.5,1.5
31.533,0.0068,-0.0,0.0,0.0001,-0.0002,0.0,0.0,3.1227,1.5,1.5
31.533,0.0068,-0.0,0.0,0.0001,-0.0002,0.0,0.0,3.1227,1.5,1.5
31.567,0.0068,-0.0,0.0,0.0001,-0.0002,0.0,0.0,3.1227,1.5,1.5
31.567,0.0068,-0.0,0.0,0.0001,-0.0002,0.0,0.0,3.1227,1.5,1.5
31.583,0.0068,-0.0,0.0,0.0001,-0.0,0.0,0.0,3.1227,1.5,1.5
31.583,0.0068,-0.0,0.0,0.0001,-0.0,0.0,0.0,3.1227,1.5,1.5
31.583,0.0068,-0.0,0.0,0.0001,-0.0,0.0,0.0,3.1227,1.5,1.5
31.617,0.0069,-0.0,0.0,0.0001,0.0,0.0,0.0,3.1227,1.5,1.5
31.617,0.0069,-0.0,0.0,0.0001,0.0,0.0,0.0,3.1366,1.5,1.5
31.633,0.0069,-0.0,0.0,0.0001,-0.0001,0.0,0.0,3.1366,1.5,1.5
31.633,0.0069,-0.0,0.0,0.0001,-0.0001,0.0,0.0,3.1366,1.5,1.5
31.633,0.0069,-0.0,0.0,0.0001,-0.0001,0.0,0.0,3.1366,1.5,1.5
31.667,0.0069,-0.0,0.0,0.0001,-0.0001,0.0,0.0,3.1366,1.5,1.5
31.683,0.0069,-0.0,0.0,0.0001,-0.0001,0.0,0.0,3.1366,1.5,1.5
31.683,0.0069,-0.0,0.0,0.0001,-0.0001,0.0,0.0,3.1366,1.5,1.5
31.7,0.0069,-0.0,0.0,0.0001,-0.0001,0.0,0.0,3.1366,1.5,1.5
31.7,0.0069,-0.0,0.0,0.0001,-0.0001,0.0,0.0,3.1366,1.5,1.5
31.7,0.0069,-0.0,0.0,0.0001,-0.0001,0.0,0.0,3.1366,1.5,1.5
31.733,0.0069,-0.0,0.0,0.0001,-0.0001,0.0,0.0,3.177,1.5,1.5
31.733,0.0069,-0.0,0.0,0.0001,-0.0001,0.0,0.0,3.177,1.5,1.5
31.75,0.0069,-0.0,0.0,0.0001,-0.0001,0.0,0.0,3.177,1.5,1.5
31.75,0.0069,-0.0,0.0,0.0001,-0.0001,0.0,0.0,3.177,1.5,1.5
31.75,0.0069,-0.0,0.0,0.0001,-0.0001,0.0,0.0,3.177,1.5,1.5
31.783,0.0069,-0.0,0.0,0.0001,-0.0001,0.0,0.0,3.177,1.5,1.5
31.8,0.0069,-0.0,0.0,0.0001,-0.0001,0.0,0.0,3.177,1.5,1.5
31.8,0.0069,-0.0,0.0,0.0001,-0.0001,0.0,0.0,3.177,1.5,1.5
31.8,0.0069,-0.0,0.0,0.0001,-0.0001,0.0,0.0,3.177,1.5,1.5
31.833,0.0069,-0.0,0.0,0.0001,-0.0001,0.0,0.0,3.2037,1.5,1.5
31.833,0.0069,-0.0,0.0,0.0001,-0.0001,0.0,0.0,3.2037,1.5,1.5
31.85,0.0069,-0.0,0.0,0.0001,-0.0001,0.0,0.0,3.2037,1.5,1.5
31.867,0.0069,-0.0,0.0,0.0001,-0.0001,0.0,0.0,3.2037,1.5,1.5
31.867,0.0069,-0.0,0.0,0.0001,-0.0001,0.0,0.0,3.2037,1.5,1.5
31.867,0.0069,-0.0,0.0,0.0001,-0.0001,0.0,0.0,3.2037,1.5,1.5
31.9,0.0069,-0.0,0.0,0.0001,-0.0001,0.0,0.0,3.2037,1.5,1.5
31.9,0.0069,-0.0,0.0,0.0001,-0.0001,0.0,0.0,3.2037,1.5,1.5
31.917,0.0069,-0.0,0.0,0.0001,-0.0001,0.0,0.0,3.2037,1.5,1.5
31.917,0.0069,-0.0,0.0,0.0001,-0.0001,0.0,0.0,3.1082,1.5,1.5
31.917,0.0069,-0.0,0.0,0.0001,-0.0001,0.0,0.0,3.1082,1.5,1.5
31.95,0.0069,-0.0,0.0,0.0001,-0.0002,0.0,0.0,3.1082,1.5,1.5
31.967,0.0069,-0.0,0.0,0.0001,-0.0,0.0,0.0,3.1082,1.5,1.5
31.967,0.0069,-0.0,0.0,0.0001,-0.0,0.0,0.0,3.1082,1.5,1.5
31.967,0.0069,-0.0,0.0,0.0001,-0.0,0.0,0.0,3.1082,1.5,1.5
32.0,0.0069,-0.0,0.0,0.0001,-0.0,0.0,0.0,3.1082,1.5,1.5
32.0,0.0069,-0.0,0.0,0.0001,-0.0,0.0,0.0,3.1082,1.5,1.5
32.017,0.0069,-0.0,0.0,0.0001,-0.0001,0.0,0.0,3.1082,1.5,1.5
32.033,0.0069,-0.0,0.0,0.0001,-0.0,0.0,0.0,3.1425,1.5,1.5
32.033,0.0069,-0.0,0.0,0.0001,-0.0,0.0,0.0,3.1425,1.5,1.5
32.033,0.0069,-0.0,0.0,0.0001,-0.0,0.0,0.0,3.1425,1.5,1.5
32.067,0.007,-0.0,0.0,0.0001,-0.0,0.0,0.0,3.1425,1.5,1.5
32.067,0.007,-0.0,0.0,0.0001,-0.0,0.0,0.0,3.1425,1.5,1.5
32.083,0.007,-0.0,0.0,0.0001,-0.0001,0.0,0.0,3.1425,1.5,1.5
32.083,0.007,-0.0,0.0,0.0001,-0.0001,0.0,0.0,3.1425,1.5,1.5
32.083,0.007,-0.0,0.0,0.0001,-0.0001,0.0,0.0,3.1425,1.5,1.5
32.117,0.007,-0.0,0.0,0.0001,-0.0001,0.0,0.0,3.1425,1.5,1.5
32.133,0.007,-0.0,0.0,0.0001,-0.0,0.0,0.0,3.1557,1.5,1.5
32.133,0.007,-0.0,0.0,0.0001,-0.0,0.0,0.0,3.1557,1.5,1.5
32.133,0.007,-0.0,0.0,0.0001,-0.0,0.0,0.0,3.1557,1.5,1.5
32.167,0.007,-0.0,0.0,0.0001,-0.0001,0.0,0.0,3.1557,1.5,1.5
32.167,0.007,-0.0,0.0,0.0001,-0.0001,0.0,0.0,3.1557,1.5,1.5
32.183,0.007,-0.0,0.0,0.0001,-0.0001,0.0,0.0,3.1557,1.5,1.5
32.2,0.007,-0.0,0.0,0.0001,-0.0001,0.0,0.0,3.1557,1.5,1.5
32.2,0.007,-0.0,0.0,0.0001,-0.0001,0.0,0.0,3.1557,1.5,1.5
32.2,0.007,-0.0,0.0,0.0001,-0.0001,0.0,0.0,3.1557,1.5,1.5
32.233,0.007,-0.0,0.0,0.0001,-0.0001,0.0,0.0,3.1469,1.5,1.5
32.233,0.007,-0.0,0.0,0.0001,-0.0001,0.0,0.0,3.1469,1.5,1.5
32.25,0.007,-0.0,0.0,0.0001,-0.0001,0.0,0.0,3.1469,1.5,1.5
32.25,0.007,-0.0,0.0,0.0001,-0.0001,0.0,0.0,3.1469,1.5,1.5
32.25,0.007,-0.0,0.0,0.0001,-0.0001,0.0,0.0,3.1469,1.5,1.5
32.283,0.007,-0.0,0.0,0.0001,-0.0001,0.0,0.0,3.1469,1.5,1.5
32.3,0.007,-0.0,0.0,0.0001,-0.0001,0.0,0.0,3.1469,1.5,1.5
32.3,0.007,-0.0,0.0,0.0001,-0.0001,0.0,0.0,3.1469,1.5,1.5
32.3,0.007,-0.0,0.0,0.0001,-0.0001,0.0,0.0,3.1469,1.5,1.5
32.3,0.007,-0.0,0.0,0.0001,-0.0001,0.0,0.0,3.1469,1.5,1.5
32.333,0.007,-0.0,0.0,0.0001,-0.0001,0.0,0.0,3.1469,1.5,1.5
32.35,0.007,-0.0,0.0,0.0001,-0.0001,0.0,0.0,3.1469,1.5,1.5
32.35,0.007,-0.0,0.0,0.0001,-0.0001,0.0,0.0,3.1469,1.5,1.5
32.367,0.007,-0.0,0.0,0.0001,-0.0001,0.0,0.0,3.1469,1.5,1.5
32.367,0.007,-0.0,0.0,0.0001,-0.0001,0.0,0.0,3.1469,1.5,1.5
32.367,0.007,-0.0,0.0,0.0001,-0.0001,0.0,0.0,3.1469,1.5,1.5
32.4,0.007,-0.0,0.0,0.0001,-0.0001,0.0,0.0,3.1469,1.5,1.5
32.417,0.007,-0.0,0.0,0.0001,-0.0001,0.0,0.0,3.1469,1.5,1.5
32.417,0.007,-0.0,0.0,0.0001,-0.0001,0.0,0.0,3.123,1.5,1.5
32.417,0.007,-0.0,0.0,0.0001,-0.0001,0.0,0.0,3.123,1.5,1.5
32.417,0.007,-0.0,0.0,0.0001,-0.0001,0.0,0.0,3.123,1.5,1.5
32.417,0.007,-0.0,0.0,0.0001,-0.0001,0.0,0.0,3.123,1.5,1.5
32.45,0.007,-0.0,0.0,0.0001,-0.0001,0.0,0.0,3.123,1.5,1.5
32.467,0.007,-0.0,0.0,0.0001,-0.0001,0.0,0.0,3.123,1.5,1.5
32.467,0.007,-0.0,0.0,0.0001,-0.0001,0.0,0.0,3.123,1.5,1.5
32.467,0.007,-0.0,0.0,0.0001,-0.0001,0.0,0.0,3.123,1.5,1.5
32.5,0.007,-0.0,0.0,0.0001,-0.0001,0.0,0.0,3.123,1.5,1.5
32.5,0.007,-0.0,0.0,0.0001,-0.0001,0.0,0.0,3.123,1.5,1.5
32.517,0.0071,-0.0,0.0,0.0001,-0.0001,0.0,0.0,3.123,1.5,1.5
32.533,0.0071,-0.0,0.0,0.0001,-0.0001,0.0,0.0,3.1868,1.5,1.5
32.533,0.0071,-0.0,0.0,0.0001,-0.0001,0.0,0.0,3.1868,1.5,1.5
32.533,0.0071,-0.0,0.0,0.0001,-0.0001,0.0,0.0,3.1868,1.5,1.5
32.567,0.0071,-0.0,0.0,0.0001,0.0001,0.0,0.0,3.1868,1.5,1.5
32.567,0.0071,-0.0,0.0,0.0001,0.0001,0.0,0.0,3.1868,1.5,1.5
32.583,0.0071,-0.0,0.0,0.0001,-0.0003,0.0,0.0,3.1868,1.5,1.5
32.583,0.0071,-0.0,0.0,0.0001,-0.0003,0.0,0.0,3.1868,1.5,1.5
32.583,0.0071,-0.0,0.0,0.0001,-0.0003,0.0,0.0,3.1868,1.5,1.5
32.617,0.0071,-0.0,0.0,0.0001,-0.0002,0.0,0.0,3.1868,1.5,1.5
32.633,0.0071,-0.0,0.0,0.0001,-0.0,0.0,0.0,3.1603,1.5,1.5
32.633,0.0071,-0.0,0.0,0.0001,-0.0,0.0,0.0,3.1603,1.5,1.5
32.633,0.0071,-0.0,0.0,0.0001,-0.0,0.0,0.0,3.1603,1.5,1.5
32.633,0.0071,-0.0,0.0,0.0001,-0.0,0.0,0.0,3.1603,1.5,1.5
32.667,0.0071,-0.0,0.0,0.0001,-0.0,0.0,0.0,3.1603,1.5,1.5
32.667,0.0071,-0.0,0.0,0.0001,-0.0,0.0,0.0,3.1603,1.5,1.5
32.667,0.0071,-0.0,0.0,0.0001,-0.0,0.0,0.0,3.1603,1.5,1.5
32.683,0.0071,-0.0,0.0,0.0001,-0.0001,0.0,0.0,3.1603,1.5,1.5
32.7,0.0071,-0.0,0.0,0.0001,-0.0,0.0,0.0,3.1603,1.5,1.5
32.7,0.0071,-0.0,0.0,0.0001,-0.0,0.0,0.0,3.1603,1.5,1.5
32.7,0.0071,-0.0,0.0,0.0001,-0.0,0.0,0.0,3.1603,1.5,1.5
32.733,0.0071,-0.0,0.0,0.0001,-0.0,0.0,0.0,3.1402,1.5,1.5
32.733,0.0071,-0.0,0.0,0.0001,-0.0,0.0,0.0,3.1402,1.5,1.5
32.75,0.0071,-0.0,0.0,0.0001,-0.0001,0.0,0.0,3.1402,1.5,1.5
32.75,0.0071,-0.0,0.0,0.0001,-0.0001,0.0,0.0,3.1402,1.5,1.5
32.75,0.0071,-0.0,0.0,0.0001,-0.0001,0.0,0.0,3.1402,1.5,1.5
32.783,0.0071,-0.0,0.0,0.0001,-0.0001,0.0,0.0,3.1402,1.5,1.5
32.8,0.0071,-0.0,0.0,0.0001,-0.0,0.0,0.0,3.1402,1.5,1.5
32.8,0.0071,-0.0,0.0,0.0001,-0.0,0.0,0.0,3.1402,1.5,1.5
32.8,0.0071,-0.0,0.0,0.0001,-0.0,0.0,0.0,3.1402,1.5,1.5
32.833,0.0071,-0.0,0.0,0.0001,-0.0,0.0,0.0,3.0775,1.5,1.5
32.833,0.0071,-0.0,0.0,0.0001,-0.0,0.0,0.0,3.0775,1.5,1.5
32.85,0.0071,-0.0,0.0,0.0001,-0.0001,0.0,0.0,3.0775,1.5,1.5
32.85,0.0071,-0.0,0.0,0.0001,-0.0001,0.0,0.0,3.0775,1.5,1.5
32.867,0.0071,-0.0,0.0,0.0001,-0.0,0.0,0.0,3.0775,1.5,1.5
32.867,0.0071,-0.0,0.0,0.0001,-0.0,0.0,0.0,3.0775,1.5,1.5
32.9,0.0071,-0.0,0.0,0.0001,-0.0,0.0,0.0,3.0775,1.5,1.5
32.9,0.0071,-0.0,0.0,0.0001,-0.0,0.0,0.0,3.0775,1.5,1.5
32.917,0.0071,-0.0,0.0,0.0001,-0.0001,0.0,0.0,3.0775,1.5,1.5
32.917,0.0071,-0.0,0.0,0.0001,-0.0001,0.0,0.0,3.0775,1.5,1.5
32.917,0.0071,-0.0,0.0,0.0001,-0.0001,0.0,0.0,3.1396,1.5,1.5
32.95,0.0071,-0.0,0.0,0.0001,-0.0001,0.0,0.0,3.1396,1.5,1.5
32.95,0.0071,-0.0,0.0,0.0001,-0.0001,0.0,0.0,3.1396,1.5,1.5
32.967,0.0071,-0.0,0.0,0.0001,-0.0001,0.0,0.0,3.1396,1.5,1.5
32.967,0.0071,-0.0,0.0,0.0001,-0.0001,0.0,0.0,3.1396,1.5,1.5
32.967,0.0071,-0.0,0.0,0.0001,-0.0001,0.0,0.0,3.1396,1.5,1.5
33.0,0.0072,-0.0,0.0,0.0001,-0.0001,0.0,0.0,3.1396,1.5,1.5
33.017,0.0072,-0.0,0.0,0.0001,-0.0001,0.0,0.0,3.1396,1.5,1.5
33.017,0.0072,-0.0,0.0,0.0001,-0.0001,0.0,0.0,3.1384,1.5,1.5
33.033,0.0072,-0.0,0.0,0.0001,-0.0,0.0,0.0,3.1384,1.5,1.5
33.033,0.0072,-0.0,0.0,0.0001,-0.0,0.0,0.0,3.1384,1.5,1.5
33.033,0.0072,-0.0,0.0,0.0001,-0.0,0.0,0.0,3.1384,1.5,1.5
33.067,0.0072,-0.0,0.0,0.0001,-0.0001,0.0,0.0,3.1384,1.5,1.5
33.067,0.0072,-0.0,0.0,0.0001,-0.0001,0.0,0.0,3.1384,1.5,1.5
33.083,0.0072,-0.0,0.0,0.0001,-0.0001,0.0,0.0,3.1384,1.5,1.5
33.083,0.0072,-0.0,0.0,0.0001,-0.0001,0.0,0.0,3.1384,1.5,1.5
33.083,0.0072,-0.0,0.0,0.0001,-0.0001,0.0,0.0,3.1384,1.5,1.5
33.117,0.0072,-0.0,0.0,0.0001,-0.0001,0.0,0.0,3.1384,1.5,1.5
33.133,0.0072,-0.0,0.0,0.0001,-0.0001,0.0,0.0,3.1087,1.5,1.5
33.133,0.0072,-0.0,0.0,0.0001,-0.0001,0.0,0.0,3.1087,1.5,1.5
33.133,0.0072,-0.0,0.0,0.0001,-0.0001,0.0,0.0,3.1087,1.5,1.5
33.167,0.0072,-0.0,0.0,0.0001,-0.0001,0.0,0.0,3.1087,1.5,1.5
33.167,0.0072,-0.0,0.0,0.0001,-0.0001,0.0,0.0,3.1087,1.5,1.5
33.183,0.0072,-0.0,0.0,0.0001,-0.0001,0.0,0.0,3.1087,1.5,1.5
33.2,0.0072,-0.0,0.0,0.0001,-0.0,0.0,0.0,3.1087,1.5,1.5
33.2,0.0072,-0.0,0.0,0.0001,-0.0,0.0,0.0,3.1087,1.5,1.5
33.2,0.0072,-0.0,0.0,0.0001,-0.0,0.0,0.0,3.1087,1.5,1.5
33.233,0.0072,-0.0,0.0,0.0001,-0.0,0.0,0.0,3.1549,1.5,1.5
33.233,0.0072,-0.0,0.0,0.0001,-0.0,0.0,0.0,3.1549,1.5,1.5
33.25,0.0072,-0.0,0.0,0.0001,-0.0002,0.0,0.0,3.1549,1.5,1.5
33.25,0.0072,-0.0,0.0,0.0001,-0.0002,0.0,0.0,3.1549,1.5,1.5
33.25,0.0072,-0.0,0.0,0.0001,-0.0002,0.0,0.0,3.1549,1.5,1.5
33.283,0.0072,-0.0,0.0,0.0001,-0.0001,0.0,0.0,3.1549,1.5,1.5
33.283,0.0072,-0.0,0.0,0.0001,-0.0001,0.0,0.0,3.1549,1.5,1.5
33.3,0.0072,-0.0,0.0,0.0001,-0.0,0.0,0.0,3.1549,1.5,1.5
33.3,0.0072,-0.0,0.0,0.0001,-0.0,0.0,0.0,3.1549,1.5,1.5
33.333,0.0072,-0.0,0.0,0.0001,-0.0,0.0,0.0,3.1052,1.5,1.5
33.333,0.0072,-0.0,0.0,0.0001,-0.0,0.0,0.0,3.1052,1.5,1.5
33.35,0.0072,-0.0,0.0,0.0001,-0.0002,0.0,0.0,3.1052,1.5,1.5
33.35,0.0072,-0.0,0.0,0.0001,-0.0002,0.0,0.0,3.1052,1.5,1.5
33.367,0.0072,-0.0,0.0,0.0001,-0.0,0.0,0.0,3.1052,1.5,1.5
33.367,0.0072,-0.0,0.0,0.0001,-0.0,0.0,0.0,3.1052,1.5,1.5
33.367,0.0072,-0.0,0.0,0.0001,-0.0,0.0,0.0,3.1052,1.5,1.5
33.4,0.0072,-0.0,0.0,0.0001,-0.0001,0.0,0.0,3.1052,1.5,1.5
33.417,0.0072,-0.0,0.0,0.0001,-0.0001,0.0,0.0,3.1052,1.5,1.5
33.417,0.0072,-0.0,0.0,0.0001,-0.0001,0.0,0.0,3.1141,1.5,1.5
33.417,0.0072,-0.0,0.0,0.0001,-0.0001,0.0,0.0,3.1141,1.5,1.5
33.45,0.0073,-0.0,0.0,0.0001,-0.0001,0.0,0.0,3.1141,1.5,1.5
33.45,0.0073,-0.0,0.0,0.0001,-0.0001,0.0,0.0,3.1141,1.5,1.5
33.467,0.0073,-0.0,0.0,0.0001,-0.0,0.0,0.0,3.1141,1.5,1.5
33.467,0.0073,-0.0,0.0,0.0001,-0.0,0.0,0.0,3.1141,1.5,1.5
33.467,0.0073,-0.0,0.0,0.0001,-0.0,0.0,0.0,3.1141,1.5,1.5
33.5,0.0073,-0.0,0.0,0.0001,-0.0,0.0,0.0,3.1141,1.5,1.5
33.517,0.0073,-0.0,0.0,0.0001,-0.0001,0.0,0.0,3.1141,1.5,1.5
33.517,0.0073,-0.0,0.0,0.0001,-0.0001,0.0,0.0,3.1943,1.5,1.5
33.533,0.0073,-0.0,0.0,0.0001,-0.0,0.0,0.0,3.1943,1.5,1.5
33.533,0.0073,-0.0,0.0,0.0001,-0.0,0.0,0.0,3.1943,1.5,1.5
33.533,0.0073,-0.0,0.0,0.0001,-0.0,0.0,0.0,3.1943,1.5,1.5
33.567,0.0073,-0.0,0.0,0.0001,-0.0,0.0,0.0,3.1943,1.5,1.5
33.583,0.0073,-0.0,0.0,0.0001,-0.0001,0.0,0.0,3.1943,1.5,1.5
33.583,0.0073,-0.0,0.0,0.0001,-0.0001,0.0,0.0,3.1943,1.5,1.5
33.583,0.0073,-0.0,0.0,0.0001,-0.0001,0.0,0.0,3.1943,1.5,1.5
33.583,0.0073,-0.0,0.0,0.0001,-0.0001,0.0,0.0,3.1943,1.5,1.5
33.583,0.0073,-0.0,0.0,0.0001,-0.0001,0.0,0.0,3.1943,1.5,1.5
33.617,0.0073,-0.0,0.0,0.0001,-0.0001,0.0,0.0,3.1943,1.5,1.5
33.633,0.0073,-0.0,0.0,0.0001,-0.0001,0.0,0.0,3.2134,1.5,1.5
33.633,0.0073,-0.0,0.0,0.0001,-0.0001,0.0,0.0,3.2134,1.5,1.5
33.633,0.0073,-0.0,0.0,0.0001,-0.0001,0.0,0.0,3.2134,1.5,1.5
33.667,0.0073,-0.0,0.0,0.0001,-0.0,0.0,0.0,3.2134,1.5,1.5
33.667,0.0073,-0.0,0.0,0.0001,-0.0,0.0,0.0,3.2134,1.5,1.5
33.683,0.0073,-0.0,0.0,0.0001,-0.0001,0.0,0.0,3.2134,1.5,1.5
33.7,0.0073,-0.0,0.0,0.0001,-0.0,0.0,0.0,3.2134,1.5,1.5
33.7,0.0073,-0.0,0.0,0.0001,-0.0,0.0,0.0,3.2134,1.5,1.5
33.7,0.0073,-0.0,0.0,0.0001,-0.0,0.0,0.0,3.2134,1.5,1.5
33.733,0.0073,-0.0,0.0,0.0001,-0.0,0.0,0.0,3.197,1.5,1.5
33.733,0.0073,-0.0,0.0,0.0001,-0.0,0.0,0.0,3.197,1.5,1.5
33.75,0.0073,-0.0,0.0,0.0001,-0.0001,0.0,0.0,3.197,1.5,1.5
33.75,0.0073,-0.0,0.0,0.0001,-0.0001,0.0,0.0,3.197,1.5,1.5
33.75,0.0073,-0.0,0.0,0.0001,-0.0001,0.0,0.0,3.197,1.5,1.5
33.783,0.0073,-0.0,0.0,0.0001,-0.0001,0.0,0.0,3.197,1.5,1.5
33.8,0.0073,-0.0,0.0,0.0001,-0.0,0.0,0.0,3.197,1.5,1.5
33.8,0.0073,-0.0,0.0,0.0001,-0.0,0.0,0.0,3.197,1.5,1.5
33.8,0.0073,-0.0,0.0,0.0001,-0.0,0.0,0.0,3.197,1.5,1.5
33.833,0.0073,-0.0,0.0,0.0001,-0.0001,0.0,0.0,3.1434,1.5,1.5
33.833,0.0073,-0.0,0.0,0.0001,-0.0001,0.0,0.0,3.1434,1.5,1.5
33.85,0.0073,-0.0,0.0,0.0001,-0.0001,0.0,0.0,3.1434,1.5,1.5
33.867,0.0073,-0.0,0.0,0.0001,-0.0001,0.0,0.0,3.1434,1.5,1.5
33.867,0.0073,-0.0,0.0,0.0001,-0.0001,0.0,0.0,3.1434,1.5,1.5
33.867,0.0073,-0.0,0.0,0.0001,-0.0001,0.0,0.0,3.1434,1.5,1.5
33.867,0.0073,-0.0,0.0,0.0001,-0.0001,0.0,0.0,3.1434,1.5,1.5
33.9,0.0074,-0.0,0.0,0.0001,-0.0001,0.0,0.0,3.1434,1.5,1.5
33.917,0.0074,-0.0,0.0,0.0001,-0.0001,0.0,0.0,3.1434,1.5,1.5
33.917,0.0074,-0.0,0.0,0.0001,-0.0001,0.0,0.0,3.16,1.5,1.5
33.917,0.0074,-0.0,0.0,0.0001,-0.0001,0.0,0.0,3.16,1.5,1.5
33.95,0.0074,-0.0,0.0,0.0001,-0.0001,0.0,0.0,3.16,1.5,1.5
33.95,0.0074,-0.0,0.0,0.0001,-0.0001,0.0,0.0,3.16,1.5,1.5
33.967,0.0074,-0.0,0.0,0.0001,-0.0001,0.0,0.0,3.16,1.5,1.5
33.967,0.0074,-0.0,0.0,0.0001,-0.0001,0.0,0.0,3.16,1.5,1.5
33.967,0.0074,-0.0,0.0,0.0001,-0.0001,0.0,0.0,3.16,1.5,1.5
34.0,0.0074,-0.0,0.0,0.0001,-0.0001,0.0,0.0,3.16,1.5,1.5
34.017,0.0074,-0.0,0.0,0.0001,-0.0001,0.0,0.0,3.16,1.5,1.5
34.017,0.0074,-0.0,0.0,0.0001,-0.0001,0.0,0.0,3.1333,1.5,1.5
34.033,0.0074,-0.0,0.0,0.0001,-0.0001,0.0,0.0,3.1333,1.5,1.5
34.033,0.0074,-0.0,0.0,0.0001,-0.0001,0.0,0.0,3.1333,1.5,1.5
34.033,0.0074,-0.0,0.0,0.0001,-0.0001,0.0,0.0,3.1333,1.5,1.5
34.067,0.0074,-0.0,0.0,0.0001,-0.0001,0.0,0.0,3.1333,1.5,1.5
34.083,0.0074,-0.0,0.0,0.0001,-0.0,0.0,0.0,3.1333,1.5,1.5
34.083,0.0074,-0.0,0.0,0.0001,-0.0,0.0,0.0,3.1333,1.5,1.5
34.083,0.0074,-0.0,0.0,0.0001,-0.0,0.0,0.0,3.1333,1.5,1.5
34.117,0.0074,-0.0,0.0,0.0001,-0.0001,0.0,0.0,3.1333,1.5,1.5
34.117,0.0074,-0.0,0.0,0.0001,-0.0001,0.0,0.0,3.0962,1.5,1.5
34.133,0.0074,-0.0,0.0,0.0001,-0.0001,0.0,0.0,3.0962,1.5,1.5
34.133,0.0074,-0.0,0.0,0.0001,-0.0001,0.0,0.0,3.0962,1.5,1.5
34.133,0.0074,-0.0,0.0,0.0001,-0.0001,0.0,0.0,3.0962,1.5,1.5
34.167,0.0074,-0.0,0.0,0.0001,-0.0001,0.0,0.0,3.0962,1.5,1.5
34.183,0.0074,-0.0,0.0,0.0001,-0.0001,0.0,0.0,3.0962,1.5,1.5
34.183,0.0074,-0.0,0.0,0.0001,-0.0001,0.0,0.0,3.0962,1.5,1.5
34.2,0.0074,-0.0,0.0,0.0001,-0.0001,0.0,0.0,3.0962,1.5,1.5
34.2,0.0074,-0.0,0.0,0.0001,-0.0001,0.0,0.0,3.0962,1.5,1.5
34.2,0.0074,-0.0,0.0,0.0001,-0.0001,0.0,0.0,3.138,1.5,1.5
34.233,0.0074,-0.0,0.0,0.0001,-0.0001,0.0,0.0,3.138,1.5,1.5
34.233,0.0074,-0.0,0.0,0.0001,-0.0001,0.0,0.0,3.138,1.5,1.5
34.25,0.0074,-0.0,0.0,0.0001,-0.0001,0.0,0.0,3.138,1.5,1.5
34.25,0.0074,-0.0,0.0,0.0001,-0.0001,0.0,0.0,3.138,1.5,1.5
34.25,0.0074,-0.0,0.0,0.0001,-0.0001,0.0,0.0,3.138,1.5,1.5
34.283,0.0074,-0.0,0.0,0.0001,-0.0001,0.0,0.0,3.138,1.5,1.5
34.3,0.0074,-0.0,0.0,0.0001,0.0,0.0,0.0,3.138,1.5,1.5
34.3,0.0074,-0.0,0.0,0.0001,0.0,0.0,0.0,3.138,1.5,1.5
34.3,0.0074,-0.0,0.0,0.0001,0.0,0.0,0.0,3.138,1.5,1.5
34.333,0.0074,-0.0,0.0,0.0001,0.0,0.0,0.0,3.1544,1.5,1.5
34.333,0.0074,-0.0,0.0,0.0001,0.0,0.0,0.0,3.1544,1.5,1.5
34.35,0.0075,-0.0,0.0,0.0001,-0.0002,0.0,0.0,3.1544,1.5,1.5
34.367,0.0075,-0.0,0.0,0.0001,-0.0,0.0,0.0,3.1544,1.5,1.5
34.367,0.0075,-0.0,0.0,0.0001,-0.0,0.0,0.0,3.1544,1.5,1.5
34.367,0.0075,-0.0,0.0,0.0001,-0.0,0.0,0.0,3.1544,1.5,1.5
34.4,0.0075,-0.0,0.0,0.0001,-0.0,0.0,0.0,3.1544,1.5,1.5
34.4,0.0075,-0.0,0.0,0.0001,-0.0,0.0,0.0,3.1544,1.5,1.5
34.417,0.0075,-0.0,0.0,0.0001,-0.0001,0.0,0.0,3.1544,1.5,1.5
34.417,0.0075,-0.0,0.0,0.0001,-0.0001,0.0,0.0,3.1598,1.5,1.5
34.417,0.0075,-0.0,0.0,0.0001,-0.0001,0.0,0.0,3.1598,1.5,1.5
34.45,0.0075,-0.0,0.0,0.0001,-0.0001,0.0,0.0,3.1598,1.5,1.5
34.467,0.0075,-0.0,0.0,0.0001,-0.0001,0.0,0.0,3.1598,1.5,1.5
34.467,0.0075,-0.0,0.0,0.0001,-0.0001,0.0,0.0,3.1598,1.5,1.5
34.467,0.0075,-0.0,0.0,0.0001,-0.0001,0.0,0.0,3.1598,1.5,1.5
34.5,0.0075,-0.0,0.0,0.0001,-0.0001,0.0,0.0,3.1598,1.5,1.5
34.5,0.0075,-0.0,0.0,0.0001,-0.0001,0.0,0.0,3.1598,1.5,1.5
34.517,0.0075,-0.0,0.0,0.0001,-0.0001,0.0,0.0,3.1598,1.5,1.5
34.533,0.0075,-0.0,0.0,0.0001,-0.0001,0.0,0.0,3.1335,1.5,1.5
34.533,0.0075,-0.0,0.0,0.0001,-0.0001,0.0,0.0,3.1335,1.5,1.5
34.533,0.0075,-0.0,0.0,0.0001,-0.0001,0.0,0.0,3.1335,1.5,1.5
34.567,0.0075,-0.0,0.0,0.0001,-0.0001,0.0,0.0,3.1335,1.5,1.5
34.567,0.0075,-0.0,0.0,0.0001,-0.0001,0.0,0.0,3.1335,1.5,1.5
34.583,0.0075,-0.0,0.0,0.0001,-0.0001,0.0,0.0,3.1335,1.5,1.5
34.583,0.0075,-0.0,0.0,0.0001,-0.0001,0.0,0.0,3.1335,1.5,1.5
34.583,0.0075,-0.0,0.0,0.0001,-0.0001,0.0,0.0,3.1335,1.5,1.5
34.617,0.0075,-0.0,0.0,0.0001,-0.0001,0.0,0.0,3.1335,1.5,1.5
34.617,0.0075,-0.0,0.0,0.0001,-0.0001,0.0,0.0,3.138,1.5,1.5
34.633,0.0075,-0.0,0.0,0.0001,-0.0001,0.0,0.0,3.138,1.5,1.5
34.633,0.0075,-0.0,0.0,0.0001,-0.0001,0.0,0.0,3.138,1.5,1.5
34.633,0.0075,-0.0,0.0,0.0001,-0.0001,0.0,0.0,3.138,1.5,1.5
34.633,0.0075,-0.0,0.0,0.0001,-0.0001,0.0,0.0,3.138,1.5,1.5
34.667,0.0075,-0.0,0.0,0.0001,-0.0001,0.0,0.0,3.138,1.5,1.5
34.683,0.0075,-0.0,0.0,0.0001,-0.0001,0.0,0.0,3.138,1.5,1.5
34.683,0.0075,-0.0,0.0,0.0001,-0.0001,0.0,0.0,3.138,1.5,1.5
34.7,0.0075,-0.0,0.0,0.0001,-0.0001,0.0,0.0,3.138,1.5,1.5
34.7,0.0075,-0.0,0.0,0.0001,-0.0001,0.0,0.0,3.138,1.5,1.5
34.7,0.0075,-0.0,0.0,0.0001,-0.0001,0.0,0.0,3.138,1.5,1.5
34.733,0.0075,-0.0,0.0,0.0001,-0.0001,0.0,0.0,3.1264,1.5,1.5
34.733,0.0075,-0.0,0.0,0.0001,-0.0001,0.0,0.0,3.1264,1.5,1.5
34.75,0.0075,-0.0,0.0,0.0001,-0.0,0.0,0.0,3.1264,1.5,1.5
34.75,0.0075,-0.0,0.0,0.0001,-0.0,0.0,0.0,3.1264,1.5,1.5
34.75,0.0075,-0.0,0.0,0.0001,-0.0,0.0,0.0,3.1264,1.5,1.5
34.783,0.0075,-0.0,0.0,0.0001,0.0,0.0,0.0,3.1264,1.5,1.5
34.8,0.0076,-0.0,0.0,0.0001,-0.0002,0.0,0.0,3.1264,1.5,1.5
34.8,0.0076,-0.0,0.0,0.0001,-0.0002,0.0,0.0,3.1264,1.5,1.5
34.8,0.0076,-0.0,0.0,0.0001,-0.0002,0.0,0.0,3.1264,1.5,1.5
34.833,0.0076,-0.0,0.0,0.0001,-0.0002,0.0,0.0,3.1075,1.5,1.5
34.833,0.0076,-0.0,0.0,0.0001,-0.0002,0.0,0.0,3.1075,1.5,1.5
34.833,0.0076,-0.0,0.0,0.0001,-0.0002,0.0,0.0,3.1075,1.5,1.5
34.85,0.0076,-0.0,0.0,0.0001,-0.0,0.0,0.0,3.1075,1.5,1.5
34.867,0.0076,-0.0,0.0,0.0001,-0.0001,0.0,0.0,3.1075,1.5,1.5
34.867,0.0076,-0.0,0.0,0.0001,-0.0001,0.0,0.0,3.1075,1.5,1.5
34.867,0.0076,-0.0,0.0,0.0001,-0.0001,0.0,0.0,3.1075,1.5,1.5
34.9,0.0076,-0.0,0.0,0.0001,-0.0001,0.0,0.0,3.1075,1.5,1.5
34.9,0.0076,-0.0,0.0,0.0001,-0.0001,0.0,0.0,3.1075,1.5,1.5
34.917,0.0076,-0.0,0.0,0.0001,-0.0001,0.0,0.0,3.1075,1.5,1.5
34.917,0.0076,-0.0,0.0,0.0001,-0.0001,0.0,0.0,3.0968,1.5,1.5
34.917,0.0076,-0.0,0.0,0.0001,-0.0001,0.0,0.0,3.0968,1.5,1.5
34.95,0.0076,-0.0,0.0,0.0001,-0.0001,0.0,0.0,3.0968,1.5,1.5
34.967,0.0076,-0.0,0.0,0.0001,-0.0001,0.0,0.0,3.0968,1.5,1.5
34.967,0.0076,-0.0,0.0,0.0001,-0.0001,0.0,0.0,3.0968,1.5,1.5
34.967,0.0076,-0.0,0.0,0.0001,-0.0001,0.0,0.0,3.0968,1.5,1.5
35.0,0.0076,-0.0,0.0,0.0001,-0.0001,0.0,0.0,3.0968,1.5,1.5
35.0,0.0076,-0.0,0.0,0.0001,-0.0001,0.0,0.0,3.0968,1.5,1.5
35.017,0.0076,-0.0,0.0,0.0001,-0.0001,0.0,0.0,3.0968,1.5,1.5
35.033,0.0076,-0.0,0.0,0.0001,-0.0001,0.0,0.0,3.1515,1.5,1.5
35.033,0.0076,-0.0,0.0,0.0001,-0.0001,0.0,0.0,3.1515,1.5,1.5
35.033,0.0076,-0.0,0.0,0.0001,-0.0001,0.0,0.0,3.1515,1.5,1.5
35.033,0.0076,-0.0,0.0,0.0001,-0.0001,0.0,0.0,3.1515,1.5,1.5
35.067,0.0076,-0.0,0.0,0.0001,-0.0,0.0,0.0,3.1515,1.5,1.5
35.083,0.0076,-0.0,0.0,0.0001,-0.0001,0.0,0.0,3.1515,1.5,1.5
35.083,0.0076,-0.0,0.0,0.0001,-0.0001,0.0,0.0,3.1515,1.5,1.5
35.083,0.0076,-0.0,0.0,0.0001,-0.0001,0.0,0.0,3.1515,1.5,1.5
35.117,0.0076,-0.0,0.0,0.0001,-0.0001,0.0,0.0,3.1515,1.5,1.5
35.117,0.0076,-0.0,0.0,0.0001,-0.0001,0.0,0.0,3.1392,1.5,1.5
35.133,0.0076,-0.0,0.0,0.0001,-0.0001,0.0,0.0,3.1392,1.5,1.5
35.133,0.0076,-0.0,0.0,0.0001,-0.0001,0.0,0.0,3.1392,1.5,1.5
35.133,0.0076,-0.0,0.0,0.0001,-0.0001,0.0,0.0,3.1392,1.5,1.5
35.167,0.0076,-0.0,0.0,0.0001,-0.0001,0.0,0.0,3.1392,1.5,1.5
35.183,0.0076,-0.0,0.0,0.0001,-0.0001,0.0,0.0,3.1392,1.5,1.5
35.183,0.0076,-0.0,0.0,0.0001,-0.0001,0.0,0.0,3.1392,1.5,1.5
35.2,0.0076,-0.0,0.0,0.0001,-0.0001,0.0,0.0,3.1392,1.5,1.5
35.2,0.0076,-0.0,0.0,0.0001,-0.0001,0.0,0.0,3.1392,1.5,1.5
35.2,0.0076,-0.0,0.0,0.0001,-0.0001,0.0,0.0,3.1468,1.5,1.5
35.233,0.0076,-0.0,0.0,0.0001,-0.0001,0.0,0.0,3.1468,1.5,1.5
35.25,0.0077,-0.0,0.0,0.0001,-0.0001,0.0,0.0,3.1468,1.5,1.5
35.25,0.0077,-0.0,0.0,0.0001,-0.0001,0.0,0.0,3.1468,1.5,1.5
35.25,0.0077,-0.0,0.0,0.0001,-0.0001,0.0,0.0,3.1468,1.5,1.5
35.283,0.0077,-0.0,0.0,0.0001,-0.0001,0.0,0.0,3.1468,1.5,1.5
35.283,0.0077,-0.0,0.0,0.0001,-0.0001,0.0,0.0,3.1468,1.5,1.5
35.3,0.0077,-0.0,0.0,0.0001,-0.0001,0.0,0.0,3.1468,1.5,1.5
35.3,0.0077,-0.0,0.0,0.0001,-0.0001,0.0,0.0,3.1468,1.5,1.5
35.3,0.0077,-0.0,0.0,0.0001,-0.0001,0.0,0.0,3.1944,1.5,1.5
35.333,0.0077,-0.0,0.0,0.0001,-0.0001,0.0,0.0,3.1944,1.5,1.5
35.35,0.0077,-0.0,0.0,0.0001,-0.0001,0.0,0.0,3.1944,1.5,1.5
35.35,0.0077,-0.0,0.0,0.0001,-0.0001,0.0,0.0,3.1944,1.5,1.5
35.367,0.0077,-0.0,0.0,0.0001,-0.0001,0.0,0.0,3.1944,1.5,1.5
35.367,0.0077,-0.0,0.0,0.0001,-0.0001,0.0,0.0,3.1944,1.5,1.5
35.367,0.0077,-0.0,0.0,0.0001,-0.0001,0.0,0.0,3.1944,1.5,1.5
35.4,0.0077,-0.0,0.0,0.0001,-0.0001,0.0,0.0,3.1944,1.5,1.5
35.417,0.0077,-0.0,0.0,0.0001,-0.0001,0.0,0.0,3.1944,1.5,1.5
35.417,0.0077,-0.0,0.0,0.0001,-0.0001,0.0,0.0,3.1076,1.5,1.5
35.417,0.0077,-0.0,0.0,0.0001,-0.0001,0.0,0.0,3.1076,1.5,1.5
35.45,0.0077,-0.0,0.0,0.0001,-0.0001,0.0,0.0,3.1076,1.5,1.5
35.45,0.0077,-0.0,0.0,0.0001,-0.0001,0.0,0.0,3.1076,1.5,1.5
35.467,0.0077,-0.0,0.0,0.0001,-0.0001,0.0,0.0,3.1076,1.5,1.5
35.467,0.0077,-0.0,0.0,0.0001,-0.0001,0.0,0.0,3.1076,1.5,1.5
35.467,0.0077,-0.0,0.0,0.0001,-0.0001,0.0,0.0,3.1076,1.5,1.5
35.5,0.0077,-0.0,0.0,0.0001,-0.0001,0.0,0.0,3.1076,1.5,1.5
35.5,0.0077,-0.0,0.0,0.0001,-0.0001,0.0,0.0,3.1076,1.5,1.5
35.517,0.0077,-0.0,0.0,0.0001,-0.0001,0.0,0.0,3.1076,1.5,1.5
35.533,0.0077,-0.0,0.0,0.0001,-0.0001,0.0,0.0,3.1888,1.5,1.5
35.533,0.0077,-0.0,0.0,0.0001,-0.0001,0.0,0.0,3.1888,1.5,1.5
35.533,0.0077,-0.0,0.0,0.0001,-0.0001,0.0,0.0,3.1888,1.5,1.5
35.567,0.0077,-0.0,0.0,0.0001,-0.0001,0.0,0.0,3.1888,1.5,1.5
35.567,0.0077,-0.0,0.0,0.0001,-0.0001,0.0,0.0,3.1888,1.5,1.5
35.583,0.0077,-0.0,0.0,0.0001,-0.0001,0.0,0.0,3.1888,1.5,1.5
35.583,0.0077,-0.0,0.0,0.0001,-0.0001,0.0,0.0,3.1888,1.5,1.5
35.583,0.0077,-0.0,0.0,0.0001,-0.0001,0.0,0.0,3.1888,1.5,1.5
35.617,0.0077,-0.0,0.0,0.0001,-0.0,0.0,0.0,3.1888,1.5,1.5
35.633,0.0077,-0.0,0.0,0.0001,-0.0002,0.0,0.0,3.1721,1.5,1.5
35.633,0.0077,-0.0,0.0,0.0001,-0.0002,0.0,0.0,3.1721,1.5,1.5
35.633,0.0077,-0.0,0.0,0.0001,-0.0002,0.0,0.0,3.1721,1.5,1.5
35.667,0.0077,-0.0,0.0,0.0001,-0.0002,0.0,0.0,3.1721,1.5,1.5
35.667,0.0077,-0.0,0.0,0.0001,-0.0002,0.0,0.0,3.1721,1.5,1.5
35.683,0.0077,-0.0,0.0,0.0001,0.0001,0.0,0.0,3.1721,1.5,1.5
35.7,0.0077,-0.0,0.0,0.0001,-0.0002,0.0,0.0,3.1721,1.5,1.5
35.7,0.0077,-0.0,0.0,0.0001,-0.0002,0.0,0.0,3.1721,1.5,1.5
35.7,0.0077,-0.0,0.0,0.0001,-0.0002,0.0,0.0,3.1721,1.5,1.5
35.733,0.0078,-0.0,0.0,0.0001,-0.0002,0.0,0.0,3.184,1.5,1.5
35.733,0.0078,-0.0,0.0,0.0001,-0.0002,0.0,0.0,3.184,1.5,1.5
35.75,0.0078,-0.0,0.0,0.0001,0.0,0.0,0.0,3.184,1.5,1.5
35.75,0.0078,-0.0,0.0,0.0001,0.0,0.0,0.0,3.184,1.5,1.5
35.75,0.0078,-0.0,0.0,0.0001,0.0,0.0,0.0,3.184,1.5,1.5
35.75,0.0078,-0.0,0.0,0.0001,0.0,0.0,0.0,3.184,1.5,1.5
35.783,0.0078,-0.0,0.0,0.0001,0.0,0.0,0.0,3.184,1.5,1.5
35.783,0.0078,-0.0,0.0,0.0001,0.0,0.0,0.0,3.184,1.5,1.5
35.8,0.0078,-0.0,0.0,0.0001,-0.0002,0.0,0.0,3.184,1.5,1.5
35.8,0.0078,-0.0,0.0,0.0001,-0.0002,0.0,0.0,3.184,1.5,1.5
35.8,0.0078,-0.0,0.0,0.0001,-0.0002,0.0,0.0,3.1595,1.5,1.5
35.833,0.0078,-0.0,0.0,0.0001,-0.0002,0.0,0.0,3.1595,1.5,1.5
35.85,0.0078,-0.0,0.0,0.0001,-0.0,0.0,0.0,3.1595,1.5,1.5
35.85,0.0078,-0.0,0.0,0.0001,-0.0,0.0,0.0,3.1595,1.5,1.5
35.867,0.0078,-0.0,0.0,0.0001,-0.0001,0.0,0.0,3.1595,1.5,1.5
35.867,0.0078,-0.0,0.0,0.0001,-0.0001,0.0,0.0,3.1595,1.5,1.5
35.867,0.0078,-0.0,0.0,0.0001,-0.0001,0.0,0.0,3.1595,1.5,1.5
35.9,0.0078,-0.0,0.0,0.0001,-0.0001,0.0,0.0,3.1595,1.5,1.5
35.917,0.0078,-0.0,0.0,0.0001,-0.0,0.0,0.0,3.1595,1.5,1.5
35.917,0.0078,-0.0,0.0,0.0001,-0.0,0.0,0.0,3.1595,1.5,1.5
35.917,0.0078,-0.0,0.0,0.0001,-0.0,0.0,0.0,3.1238,1.5,1.5
35.95,0.0078,-0.0,0.0,0.0001,-0.0,0.0,0.0,3.1238,1.5,1.5
35.95,0.0078,-0.0,0.0,0.0001,-0.0,0.0,0.0,3.1238,1.5,1.5
35.967,0.0078,-0.0,0.0,0.0001,-0.0001,0.0,0.0,3.1238,1.5,1.5
35.967,0.0078,-0.0,0.0,0.0001,-0.0001,0.0,0.0,3.1238,1.5,1.5
35.967,0.0078,-0.0,0.0,0.0001,-0.0001,0.0,0.0,3.1238,1.5,1.5
36.0,0.0078,-0.0,0.0,0.0001,-0.0001,0.0,0.0,3.1238,1.5,1.5
36.0,0.0078,-0.0,0.0,0.0001,-0.0001,0.0,0.0,3.1238,1.5,1.5
36.017,0.0078,-0.0,0.0,0.0001,-0.0001,0.0,0.0,3.1398,1.5,1.5
36.033,0.0078,-0.0,0.0,0.0001,-0.0001,0.0,0.0,3.1398,1.5,1.5
36.033,0.0078,-0.0,0.0,0.0001,-0.0001,0.0,0.0,3.1398,1.5,1.5
36.033,0.0078,-0.0,0.0,0.0001,-0.0001,0.0,0.0,3.1398,1.5,1.5
36.067,0.0078,-0.0,0.0,0.0001,-0.0001,0.0,0.0,3.1398,1.5,1.5
36.067,0.0078,-0.0,0.0,0.0001,-0.0001,0.0,0.0,3.1398,1.5,1.5
36.083,0.0078,-0.0,0.0,0.0001,-0.0,0.0,0.0,3.1398,1.5,1.5
36.083,0.0078,-0.0,0.0,0.0001,-0.0,0.0,0.0,3.1398,1.5,1.5
36.083,0.0078,-0.0,0.0,0.0001,-0.0,0.0,0.0,3.1398,1.5,1.5
36.117,0.0078,-0.0,0.0,0.0001,-0.0001,0.0,0.0,3.1398,1.5,1.5
36.133,0.0078,-0.0,0.0,0.0001,-0.0001,0.0,0.0,3.1514,1.5,1.5
36.133,0.0078,-0.0,0.0,0.0001,-0.0001,0.0,0.0,3.1514,1.5,1.5
36.133,0.0078,-0.0,0.0,0.0001,-0.0001,0.0,0.0,3.1514,1.5,1.5
36.167,0.0079,-0.0,0.0,0.0001,-0.0001,0.0,0.0,3.1514,1.5,1.5
36.167,0.0079,-0.0,0.0,0.0001,-0.0001,0.0,0.0,3.1514,1.5,1.5
36.183,0.0079,-0.0,0.0,0.0001,-0.0001,0.0,0.0,3.1514,1.5,1.5
36.183,0.0079,-0.0,0.0,0.0001,-0.0001,0.0,0.0,3.1514,1.5,1.5
36.2,0.0079,-0.0,0.0,0.0001,-0.0001,0.0,0.0,3.1514,1.5,1.5
36.2,0.0079,-0.0,0.0,0.0001,-0.0001,0.0,0.0,3.1514,1.5,1.5
36.233,0.0079,-0.0,0.0,0.0001,-0.0001,0.0,0.0,3.1259,1.5,1.5
36.233,0.0079,-0.0,0.0,0.0001,-0.0001,0.0,0.0,3.1259,1.5,1.5
36.25,0.0079,-0.0,0.0,0.0001,-0.0001,0.0,0.0,3.1259,1.5,1.5
36.25,0.0079,-0.0,0.0,0.0001,-0.0001,0.0,0.0,3.1259,1.5,1.5
36.25,0.0079,-0.0,0.0,0.0001,-0.0001,0.0,0.0,3.1259,1.5,1.5
36.283,0.0079,-0.0,0.0,0.0001,-0.0001,0.0,0.0,3.1259,1.5,1.5
36.283,0.0079,-0.0,0.0,0.0001,-0.0001,0.0,0.0,3.1259,1.5,1.5
36.3,0.0079,-0.0,0.0,0.0001,-0.0001,0.0,0.0,3.1259,1.5,1.5
36.3,0.0079,-0.0,0.0,0.0001,-0.0001,0.0,0.0,3.1259,1.5,1.5
36.3,0.0079,-0.0,0.0,0.0001,-0.0001,0.0,0.0,3.1493,1.5,1.5
36.333,0.0079,-0.0,0.0,0.0001,-0.0001,0.0,0.0,3.1493,1.5,1.5
36.35,0.0079,-0.0,0.0,0.0001,-0.0001,0.0,0.0,3.1493,1.5,1.5
36.35,0.0079,-0.0,0.0,0.0001,-0.0001,0.0,0.0,3.1493,1.5,1.5
36.367,0.0079,-0.0,0.0,0.0001,-0.0,0.0,0.0,3.1493,1.5,1.5
36.367,0.0079,-0.0,0.0,0.0001,-0.0,0.0,0.0,3.1493,1.5,1.5
36.367,0.0079,-0.0,0.0,0.0001,-0.0,0.0,0.0,3.1493,1.5,1.5
36.4,0.0079,-0.0,0.0,0.0001,-0.0001,0.0,0.0,3.1493,1.5,1.5
36.417,0.0079,-0.0,0.0,0.0001,-0.0001,0.0,0.0,3.1493,1.5,1.5
36.417,0.0079,-0.0,0.0,0.0001,-0.0001,0.0,0.0,3.1493,1.5,1.5
36.417,0.0079,-0.0,0.0,0.0001,-0.0001,0.0,0.0,3.1493,1.5,1.5
36.417,0.0079,-0.0,0.0,0.0001,-0.0001,0.0,0.0,3.1717,1.5,1.5
36.417,0.0079,-0.0,0.0,0.0001,-0.0001,0.0,0.0,3.1717,1.5,1.5
36.45,0.0079,-0.0,0.0,0.0001,-0.0001,0.0,0.0,3.1717,1.5,1.5
36.467,0.0079,-0.0,0.0,0.0001,-0.0,0.0,0.0,3.1717,1.5,1.5
36.467,0.0079,-0.0,0.0,0.0001,-0.0,0.0,0.0,3.1717,1.5,1.5
36.467,0.0079,-0.0,0.0,0.0001,-0.0,0.0,0.0,3.1717,1.5,1.5
36.5,0.0079,-0.0,0.0,0.0001,-0.0,0.0,0.0,3.1717,1.5,1.5
36.5,0.0079,-0.0,0.0,0.0001,-0.0,0.0,0.0,3.1717,1.5,1.5
36.517,0.0079,-0.0,0.0,0.0001,-0.0002,0.0,0.0,3.1717,1.5,1.5
36.533,0.0079,-0.0,0.0,0.0001,-0.0,0.0,0.0,3.1208,1.5,1.5
36.533,0.0079,-0.0,0.0,0.0001,-0.0,0.0,0.0,3.1208,1.5,1.5
36.533,0.0079,-0.0,0.0,0.0001,-0.0,0.0,0.0,3.1208,1.5,1.5
36.567,0.0079,-0.0,0.0,0.0001,-0.0,0.0,0.0,3.1208,1.5,1.5
36.567,0.0079,-0.0,0.0,0.0001,-0.0,0.0,0.0,3.1208,1.5,1.5
36.583,0.0079,-0.0,0.0,0.0001,-0.0002,0.0,0.0,3.1208,1.5,1.5
36.583,0.0079,-0.0,0.0,0.0001,-0.0002,0.0,0.0,3.1208,1.5,1.5
36.583,0.0079,-0.0,0.0,0.0001,-0.0002,0.0,0.0,3.1208,1.5,1.5
36.617,0.008,-0.0,0.0,0.0001,-0.0,0.0,0.0,3.1208,1.5,1.5
36.633,0.008,-0.0,0.0,0.0001,-0.0001,0.0,0.0,3.1272,1.5,1.5
36.633,0.008,-0.0,0.0,0.0001,-0.0001,0.0,0.0,3.1272,1.5,1.5
36.633,0.008,-0.0,0.0,0.0001,-0.0001,0.0,0.0,3.1272,1.5,1.5
36.667,0.008,-0.0,0.0,0.0001,-0.0001,0.0,0.0,3.1272,1.5,1.5
36.667,0.008,-0.0,0.0,0.0001,-0.0001,0.0,0.0,3.1272,1.5,1.5
36.683,0.008,-0.0,0.0,0.0001,-0.0,0.0,0.0,3.1272,1.5,1.5
36.7,0.008,-0.0,0.0,0.0001,-0.0001,0.0,0.0,3.1272,1.5,1.5
36.7,0.008,-0.0,0.0,0.0001,-0.0001,0.0,0.0,3.1272,1.5,1.5
36.7,0.008,-0.0,0.0,0.0001,-0.0001,0.0,0.0,3.1272,1.5,1.5
36.733,0.008,-0.0,0.0,0.0001,0.0,0.0,0.0,3.1341,1.5,1.5
36.733,0.008,-0.0,0.0,0.0001,0.0,0.0,0.0,3.1341,1.5,1.5
36.75,0.008,-0.0,0.0,0.0001,-0.0002,0.0,0.0,3.1341,1.5,1.5
36.75,0.008,-0.0,0.0,0.0001,-0.0002,0.0,0.0,3.1341,1.5,1.5
36.75,0.008,-0.0,0.0,0.0001,-0.0002,0.0,0.0,3.1341,1.5,1.5
36.783,0.008,-0.0,0.0,0.0001,-0.0002,0.0,0.0,3.1341,1.5,1.5
36.783,0.008,-0.0,0.0,0.0001,-0.0002,0.0,0.0,3.1341,1.5,1.5
36.8,0.008,-0.0,0.0,0.0001,0.0,0.0,0.0,3.1341,1.5,1.5
36.8,0.008,-0.0,0.0,0.0001,0.0,0.0,0.0,3.1341,1.5,1.5
36.8,0.008,-0.0,0.0,0.0001,0.0,0.0,0.0,3.1103,1.5,1.5
36.833,0.008,-0.0,0.0,0.0001,-0.0,0.0,0.0,3.1103,1.5,1.5
36.85,0.008,-0.0,0.0,0.0001,-0.0001,0.0,0.0,3.1103,1.5,1.5
36.85,0.008,-0.0,0.0,0.0001,-0.0001,0.0,0.0,3.1103,1.5,1.5
36.867,0.008,-0.0,0.0,0.0001,-0.0001,0.0,0.0,3.1103,1.5,1.5
36.867,0.008,-0.0,0.0,0.0001,-0.0001,0.0,0.0,3.1103,1.5,1.5
36.867,0.008,-0.0,0.0,0.0001,-0.0001,0.0,0.0,3.1103,1.5,1.5
36.9,0.008,-0.0,0.0,0.0001,-0.0001,0.0,0.0,3.1103,1.5,1.5
36.9,0.008,-0.0,0.0,0.0001,-0.0001,0.0,0.0,3.1103,1.5,1.5
36.917,0.008,-0.0,0.0,0.0001,-0.0001,0.0,0.0,3.1103,1.5,1.5
36.917,0.008,-0.0,0.0,0.0001,-0.0001,0.0,0.0,3.1378,1.5,1.5
36.95,0.008,-0.0,0.0,0.0001,-0.0001,0.0,0.0,3.1378,1.5,1.5
36.95,0.008,-0.0,0.0,0.0001,-0.0001,0.0,0.0,3.1378,1.5,1.5
36.967,0.008,-0.0,0.0,0.0001,-0.0001,0.0,0.0,3.1378,1.5,1.5
36.967,0.008,-0.0,0.0,0.0001,-0.0001,0.0,0.0,3.1378,1.5,1.5
36.967,0.008,-0.0,0.0,0.0001,-0.0001,0.0,0.0,3.1378,1.5,1.5
37.0,0.008,-0.0,0.0,0.0001,-0.0001,0.0,0.0,3.1378,1.5,1.5
37.017,0.008,-0.0,0.0,0.0001,-0.0001,0.0,0.0,3.1378,1.5,1.5
37.017,0.008,-0.0,0.0,0.0001,-0.0001,0.0,0.0,3.1333,1.5,1.5
37.033,0.008,-0.0,0.0,0.0001,-0.0001,0.0,0.0,3.1333,1.5,1.5
37.033,0.008,-0.0,0.0,0.0001,-0.0001,0.0,0.0,3.1333,1.5,1.5
37.033,0.008,-0.0,0.0,0.0001,-0.0001,0.0,0.0,3.1333,1.5,1.5
37.067,0.008,-0.0,0.0,0.0001,-0.0001,0.0,0.0,3.1333,1.5,1.5
37.083,0.0081,-0.0,0.0,0.0001,-0.0001,0.0,0.0,3.1333,1.5,1.5
37.083,0.0081,-0.0,0.0,0.0001,-0.0001,0.0,0.0,3.1333,1.5,1.5
37.083,0.0081,-0.0,0.0,0.0001,-0.0001,0.0,0.0,3.1333,1.5,1.5
37.117,0.0081,-0.0,0.0,0.0001,-0.0002,0.0,0.0,3.1333,1.5,1.5
37.117,0.0081,-0.0,0.0,0.0001,-0.0002,0.0,0.0,3.1333,1.5,1.5
37.133,0.0081,-0.0,0.0,0.0001,0.0,0.0,0.0,3.1192,1.5,1.5
37.133,0.0081,-0.0,0.0,0.0001,0.0,0.0,0.0,3.1192,1.5,1.5
37.133,0.0081,-0.0,0.0,0.0001,0.0,0.0,0.0,3.1192,1.5,1.5
37.167,0.0081,-0.0,0.0,0.0001,-0.0,0.0,0.0,3.1192,1.5,1.5
37.167,0.0081,-0.0,0.0,0.0001,-0.0,0.0,0.0,3.1192,1.5,1.5
37.183,0.0081,-0.0,0.0,0.0001,-0.0002,0.0,0.0,3.1192,1.5,1.5
37.2,0.0081,-0.0,0.0,0.0001,-0.0,0.0,0.0,3.1192,1.5,1.5
37.2,0.0081,-0.0,0.0,0.0001,-0.0,0.0,0.0,3.1192,1.5,1.5
37.2,0.0081,-0.0,0.0,0.0001,-0.0,0.0,0.0,3.1192,1.5,1.5
37.233,0.0081,-0.0,0.0,0.0001,0.0,0.0,0.0,3.1099,1.5,1.5
37.233,0.0081,-0.0,0.0,0.0001,0.0,0.0,0.0,3.1099,1.5,1.5
37.25,0.0081,-0.0,0.0,0.0001,-0.0002,0.0,0.0,3.1099,1.5,1.5
37.25,0.0081,-0.0,0.0,0.0001,-0.0002,0.0,0.0,3.1099,1.5,1.5
37.25,0.0081,-0.0,0.0,0.0001,-0.0002,0.0,0.0,3.1099,1.5,1.5
37.283,0.0081,-0.0,0.0,0.0001,-0.0002,0.0,0.0,3.1099,1.5,1.5
37.3,0.0081,-0.0,0.0,0.0001,-0.0,0.0,0.0,3.1099,1.5,1.5
37.3,0.0081,-0.0,0.0,0.0001,-0.0,0.0,0.0,3.1099,1.5,1.5
37.3,0.0081,-0.0,0.0,0.0001,-0.0,0.0,0.0,3.1099,1.5,1.5
37.333,0.0081,-0.0,0.0,0.0001,-0.0,0.0,0.0,3.134,1.5,1.5
37.333,0.0081,-0.0,0.0,0.0001,-0.0,0.0,0.0,3.134,1.5,1.5
37.35,0.0081,-0.0,0.0,0.0001,-0.0002,0.0,0.0,3.134,1.5,1.5
37.35,0.0081,-0.0,0.0,0.0001,-0.0002,0.0,0.0,3.134,1.5,1.5
37.367,0.0081,-0.0,0.0,0.0001,-0.0,0.0,0.0,3.134,1.5,1.5
37.367,0.0081,-0.0,0.0,0.0001,-0.0,0.0,0.0,3.134,1.5,1.5
37.367,0.0081,-0.0,0.0,0.0001,-0.0,0.0,0.0,3.134,1.5,1.5
37.4,0.0081,-0.0,0.0,0.0001,-0.0,0.0,0.0,3.134,1.5,1.5
37.417,0.0081,-0.0,0.0,0.0001,-0.0001,0.0,0.0,3.134,1.5,1.5
37.417,0.0081,-0.0,0.0,0.0001,-0.0001,0.0,0.0,3.1501,1.5,1.5
37.417,0.0081,-0.0,0.0,0.0001,-0.0001,0.0,0.0,3.1501,1.5,1.5
37.45,0.0081,-0.0,0.0,0.0001,-0.0001,0.0,0.0,3.1501,1.5,1.5
37.45,0.0081,-0.0,0.0,0.0001,-0.0001,0.0,0.0,3.1501,1.5,1.5
37.467,0.0081,-0.0,0.0,0.0001,-0.0,0.0,0.0,3.1501,1.5,1.5
37.467,0.0081,-0.0,0.0,0.0001,-0.0,0.0,0.0,3.1501,1.5,1.5
37.467,0.0081,-0.0,0.0,0.0001,-0.0,0.0,0.0,3.1501,1.5,1.5
37.467,0.0081,-0.0,0.0,0.0001,-0.0,0.0,0.0,3.1501,1.5,1.5
37.5,0.0081,-0.0,0.0,0.0001,-0.0,0.0,0.0,3.1501,1.5,1.5
37.5,0.0081,-0.0,0.0,0.0001,-0.0,0.0,0.0,3.1501,1.5,1.5
37.517,0.0081,-0.0,0.0,0.0001,-0.0001,0.0,0.0,3.1501,1.5,1.5
37.517,0.0081,-0.0,0.0,0.0001,-0.0001,0.0,0.0,3.1223,1.5,1.5
37.533,0.0082,-0.0,0.0,0.0001,-0.0,0.0,0.0,3.1223,1.5,1.5
37.533,0.0082,-0.0,0.0,0.0001,-0.0,0.0,0.0,3.1223,1.5,1.5
37.567,0.0082,-0.0,0.0,0.0001,-0.0001,0.0,0.0,3.1223,1.5,1.5
37.567,0.0082,-0.0,0.0,0.0001,-0.0001,0.0,0.0,3.1223,1.5,1.5
37.583,0.0082,-0.0,0.0,0.0001,-0.0001,0.0,0.0,3.1223,1.5,1.5
37.583,0.0082,-0.0,0.0,0.0001,-0.0001,0.0,0.0,3.1223,1.5,1.5
37.583,0.0082,-0.0,0.0,0.0001,-0.0001,0.0,0.0,3.1223,1.5,1.5
37.617,0.0082,-0.0,0.0,0.0001,-0.0001,0.0,0.0,3.1223,1.5,1.5
37.617,0.0082,-0.0,0.0,0.0001,-0.0001,0.0,0.0,3.1469,1.5,1.5
37.633,0.0082,-0.0,0.0,0.0001,-0.0001,0.0,0.0,3.1469,1.5,1.5
37.633,0.0082,-0.0,0.0,0.0001,-0.0001,0.0,0.0,3.1469,1.5,1.5
37.633,0.0082,-0.0,0.0,0.0001,-0.0001,0.0,0.0,3.1469,1.5,1.5
37.667,0.0082,-0.0,0.0,0.0001,-0.0,0.0,0.0,3.1469,1.5,1.5
37.683,0.0082,-0.0,0.0,0.0001,-0.0001,0.0,0.0,3.1469,1.5,1.5
37.683,0.0082,-0.0,0.0,0.0001,-0.0001,0.0,0.0,3.1469,1.5,1.5
37.7,0.0082,-0.0,0.0,0.0001,-0.0002,0.0,0.0,3.1469,1.5,1.5
37.7,0.0082,-0.0,0.0,0.0001,-0.0002,0.0,0.0,3.1469,1.5,1.5
37.7,0.0082,-0.0,0.0,0.0001,-0.0002,0.0,0.0,3.1775,1.5,1.5
37.733,0.0082,-0.0,0.0,0.0001,-0.0001,0.0,0.0,3.1775,1.5,1.5
37.75,0.0082,-0.0,0.0,0.0001,-0.0001,0.0,0.0,3.1775,1.5,1.5
37.75,0.0082,-0.0,0.0,0.0001,-0.0001,0.0,0.0,3.1775,1.5,1.5
37.75,0.0082,-0.0,0.0,0.0001,-0.0001,0.0,0.0,3.1775,1.5,1.5
37.783,0.0082,-0.0,0.0,0.0001,-0.0001,0.0,0.0,3.1775,1.5,1.5
37.783,0.0082,-0.0,0.0,0.0001,-0.0001,0.0,0.0,3.1775,1.5,1.5
37.8,0.0082,-0.0,0.0,0.0001,-0.0001,0.0,0.0,3.1775,1.5,1.5
37.8,0.0082,-0.0,0.0,0.0001,-0.0001,0.0,0.0,3.1775,1.5,1.5
37.8,0.0082,-0.0,0.0,0.0001,-0.0001,0.0,0.0,3.186,1.5,1.5
37.833,0.0082,-0.0,0.0,0.0001,-0.0,0.0,0.0,3.186,1.5,1.5
37.85,0.0082,-0.0,0.0,0.0001,-0.0001,0.0,0.0,3.186,1.5,1.5
37.85,0.0082,-0.0,0.0,0.0001,-0.0001,0.0,0.0,3.186,1.5,1.5
37.867,0.0082,-0.0,0.0,0.0001,-0.0,0.0,0.0,3.186,1.5,1.5
37.867,0.0082,-0.0,0.0,0.0001,-0.0,0.0,0.0,3.186,1.5,1.5
37.867,0.0082,-0.0,0.0,0.0001,-0.0,0.0,0.0,3.186,1.5,1.5
37.9,0.0082,-0.0,0.0,0.0001,-0.0001,0.0,0.0,3.186,1.5,1.5
37.917,0.0082,-0.0,0.0,0.0001,-0.0001,0.0,0.0,3.186,1.5,1.5
37.917,0.0082,-0.0,0.0,0.0001,-0.0001,0.0,0.0,3.1347,1.5,1.5
37.917,0.0082,-0.0,0.0,0.0001,-0.0001,0.0,0.0,3.1347,1.5,1.5
37.95,0.0082,-0.0,0.0,0.0001,-0.0001,0.0,0.0,3.1347,1.5,1.5
37.95,0.0082,-0.0,0.0,0.0001,-0.0001,0.0,0.0,3.1347,1.5,1.5
37.967,0.0082,-0.0,0.0,0.0001,-0.0,0.0,0.0,3.1347,1.5,1.5
37.967,0.0082,-0.0,0.0,0.0001,-0.0,0.0,0.0,3.1347,1.5,1.5
37.967,0.0082,-0.0,0.0,0.0001,-0.0,0.0,0.0,3.1347,1.5,1.5
38.0,0.0083,-0.0,0.0,0.0001,-0.0001,0.0,0.0,3.1347,1.5,1.5
38.017,0.0083,-0.0,0.0,0.0001,-0.0001,0.0,0.0,3.1347,1.5,1.5
38.017,0.0083,-0.0,0.0,0.0001,-0.0001,0.0,0.0,3.1507,1.5,1.5
38.033,0.0083,-0.0,0.0,0.0001,-0.0001,0.0,0.0,3.1507,1.5,1.5
38.033,0.0083,-0.0,0.0,0.0001,-0.0001,0.0,0.0,3.1507,1.5,1.5
38.033,0.0083,-0.0,0.0,0.0001,-0.0001,0.0,0.0,3.1507,1.5,1.5
38.067,0.0083,-0.0,0.0,0.0001,-0.0001,0.0,0.0,3.1507,1.5,1.5
38.067,0.0083,-0.0,0.0,0.0001,-0.0001,0.0,0.0,3.1507,1.5,1.5
38.083,0.0083,-0.0,0.0,0.0001,-0.0001,0.0,0.0,3.1507,1.5,1.5
38.083,0.0083,-0.0,0.0,0.0001,-0.0001,0.0,0.0,3.1507,1.5,1.5
38.083,0.0083,-0.0,0.0,0.0001,-0.0001,0.0,0.0,3.1507,1.5,1.5
38.117,0.0083,-0.0,0.0,0.0001,-0.0001,0.0,0.0,3.1507,1.5,1.5
38.133,0.0083,-0.0,0.0,0.0001,-0.0001,0.0,0.0,3.1278,1.5,1.5
38.133,0.0083,-0.0,0.0,0.0001,-0.0001,0.0,0.0,3.1278,1.5,1.5
38.133,0.0083,-0.0,0.0,0.0001,-0.0001,0.0,0.0,3.1278,1.5,1.5
38.167,0.0083,-0.0,0.0,0.0001,-0.0001,0.0,0.0,3.1278,1.5,1.5
38.167,0.0083,-0.0,0.0,0.0001,-0.0001,0.0,0.0,3.1278,1.5,1.5
38.183,0.0083,-0.0,0.0,0.0001,-0.0001,0.0,0.0,3.1278,1.5,1.5
38.2,0.0083,-0.0,0.0,0.0001,-0.0001,0.0,0.0,3.1278,1.5,1.5
38.2,0.0083,-0.0,0.0,0.0001,-0.0001,0.0,0.0,3.1278,1.5,1.5
38.2,0.0083,-0.0,0.0,0.0001,-0.0001,0.0,0.0,3.1278,1.5,1.5
38.233,0.0083,-0.0,0.0,0.0001,-0.0001,0.0,0.0,3.217,1.5,1.5
38.233,0.0083,-0.0,0.0,0.0001,-0.0001,0.0,0.0,3.217,1.5,1.5
38.25,0.0083,-0.0,0.0,0.0001,-0.0001,0.0,0.0,3.217,1.5,1.5
38.25,0.0083,-0.0,0.0,0.0001,-0.0001,0.0,0.0,3.217,1.5,1.5
38.25,0.0083,-0.0,0.0,0.0001,-0.0001,0.0,0.0,3.217,1.5,1.5
38.283,0.0083,-0.0,0.0,0.0001,-0.0001,0.0,0.0,3.217,1.5,1.5
38.3,0.0083,-0.0,0.0,0.0001,-0.0001,0.0,0.0,3.217,1.5,1.5
38.3,0.0083,-0.0,0.0,0.0001,-0.0001,0.0,0.0,3.217,1.5,1.5
38.3,0.0083,-0.0,0.0,0.0001,-0.0001,0.0,0.0,3.217,1.5,1.5
38.333,0.0083,-0.0,0.0,0.0001,-0.0,0.0,0.0,3.106,1.5,1.5
38.333,0.0083,-0.0,0.0,0.0001,-0.0,0.0,0.0,3.106,1.5,1.5
38.35,0.0083,-0.0,0.0,0.0001,-0.0002,0.0,0.0,3.106,1.5,1.5
38.367,0.0083,-0.0,0.0,0.0001,-0.0,0.0,0.0,3.106,1.5,1.5
38.367,0.0083,-0.0,0.0,0.0001,-0.0,0.0,0.0,3.106,1.5,1.5
38.367,0.0083,-0.0,0.0,0.0001,-0.0,0.0,0.0,3.106,1.5,1.5
38.4,0.0083,-0.0,0.0,0.0001,-0.0,0.0,0.0,3.106,1.5,1.5
38.4,0.0083,-0.0,0.0,0.0001,-0.0,0.0,0.0,3.106,1.5,1.5
38.417,0.0083,-0.0,0.0,0.0001,-0.0001,0.0,0.0,3.106,1.5,1.5
38.417,0.0083,-0.0,0.0,0.0001,-0.0001,0.0,0.0,3.1089,1.5,1.5
38.417,0.0083,-0.0,0.0,0.0001,-0.0001,0.0,0.0,3.1089,1.5,1.5
38.45,0.0084,-0.0,0.0,0.0001,-0.0001,0.0,0.0,3.1089,1.5,1.5
38.45,0.0084,-0.0,0.0,0.0001,-0.0001,0.0,0.0,3.1089,1.5,1.5
38.467,0.0084,-0.0,0.0,0.0001,-0.0001,0.0,0.0,3.1089,1.5,1.5
38.467,0.0084,-0.0,0.0,0.0001,-0.0001,0.0,0.0,3.1089,1.5,1.5
38.467,0.0084,-0.0,0.0,0.0001,-0.0001,0.0,0.0,3.1089,1.5,1.5
38.5,0.0084,-0.0,0.0,0.0001,-0.0001,0.0,0.0,3.1089,1.5,1.5
38.517,0.0084,-0.0,0.0,0.0001,-0.0001,0.0,0.0,3.1089,1.5,1.5
38.517,0.0084,-0.0,0.0,0.0001,-0.0001,0.0,0.0,3.1835,1.5,1.5
38.533,0.0084,-0.0,0.0,0.0001,-0.0001,0.0,0.0,3.1835,1.5,1.5
38.533,0.0084,-0.0,0.0,0.0001,-0.0001,0.0,0.0,3.1835,1.5,1.5
38.533,0.0084,-0.0,0.0,0.0001,-0.0001,0.0,0.0,3.1835,1.5,1.5
38.567,0.0084,-0.0,0.0,0.0001,-0.0001,0.0,0.0,3.1835,1.5,1.5
38.583,0.0084,-0.0,0.0,0.0001,-0.0001,0.0,0.0,3.1835,1.5,1.5
38.583,0.0084,-0.0,0.0,0.0001,-0.0001,0.0,0.0,3.1835,1.5,1.5
38.583,0.0084,-0.0,0.0,0.0001,-0.0001,0.0,0.0,3.1835,1.5,1.5
38.617,0.0084,-0.0,0.0,0.0001,-0.0001,0.0,0.0,3.1835,1.5,1.5
38.617,0.0084,-0.0,0.0,0.0001,-0.0001,0.0,0.0,3.118,1.5,1.5
38.633,0.0084,-0.0,0.0,0.0001,-0.0001,0.0,0.0,3.118,1.5,1.5
38.633,0.0084,-0.0,0.0,0.0001,-0.0001,0.0,0.0,3.118,1.5,1.5
38.633,0.0084,-0.0,0.0,0.0001,-0.0001,0.0,0.0,3.118,1.5,1.5
38.667,0.0084,-0.0,0.0,0.0001,-0.0001,0.0,0.0,3.118,1.5,1.5
38.683,0.0084,-0.0,0.0,0.0001,-0.0001,0.0,0.0,3.118,1.5,1.5
38.683,0.0084,-0.0,0.0,0.0001,-0.0001,0.0,0.0,3.118,1.5,1.5
38.7,0.0084,-0.0,0.0,0.0001,-0.0001,0.0,0.0,3.118,1.5,1.5
38.7,0.0084,-0.0,0.0,0.0001,-0.0001,0.0,0.0,3.118,1.5,1.5
38.7,0.0084,-0.0,0.0,0.0001,-0.0001,0.0,0.0,3.118,1.5,1.5
38.733,0.0084,-0.0,0.0,0.0001,-0.0001,0.0,0.0,3.1363,1.5,1.5
38.733,0.0084,-0.0,0.0,0.0001,-0.0001,0.0,0.0,3.1363,1.5,1.5
38.75,0.0084,-0.0,0.0,0.0001,-0.0001,0.0,0.0,3.1363,1.5,1.5
38.75,0.0084,-0.0,0.0,0.0001,-0.0001,0.0,0.0,3.1363,1.5,1.5
38.75,0.0084,-0.0,0.0,0.0001,-0.0001,0.0,0.0,3.1363,1.5,1.5
38.783,0.0084,-0.0,0.0,0.0001,-0.0001,0.0,0.0,3.1363,1.5,1.5
38.8,0.0084,-0.0,0.0,0.0001,-0.0001,0.0,0.0,3.1363,1.5,1.5
38.8,0.0084,-0.0,0.0,0.0001,-0.0001,0.0,0.0,3.1363,1.5,1.5
38.8,0.0084,-0.0,0.0,0.0001,-0.0001,0.0,0.0,3.1363,1.5,1.5
38.833,0.0084,-0.0,0.0,0.0001,-0.0,0.0,0.0,3.1462,1.5,1.5
38.833,0.0084,-0.0,0.0,0.0001,-0.0,0.0,0.0,3.1462,1.5,1.5
38.85,0.0084,-0.0,0.0,0.0001,-0.0001,0.0,0.0,3.1462,1.5,1.5
38.867,0.0084,-0.0,0.0,0.0001,-0.0001,0.0,0.0,3.1462,1.5,1.5
38.867,0.0084,-0.0,0.0,0.0001,-0.0001,0.0,0.0,3.1462,1.5,1.5
38.867,0.0084,-0.0,0.0,0.0001,-0.0001,0.0,0.0,3.1462,1.5,1.5
38.9,0.0085,-0.0,0.0,0.0001,-0.0001,0.0,0.0,3.1462,1.5,1.5
38.9,0.0085,-0.0,0.0,0.0001,-0.0001,0.0,0.0,3.1462,1.5,1.5
38.917,0.0085,-0.0,0.0,0.0001,-0.0001,0.0,0.0,3.1462,1.5,1.5
38.917,0.0085,-0.0,0.0,0.0001,-0.0001,0.0,0.0,3.1404,1.5,1.5
38.917,0.0085,-0.0,0.0,0.0001,-0.0001,0.0,0.0,3.1404,1.5,1.5
38.95,0.0085,-0.0,0.0,0.0001,0.0,0.0,0.0,3.1404,1.5,1.5
38.967,0.0085,-0.0,0.0,0.0001,-0.0002,0.0,0.0,3.1404,1.5,1.5
38.967,0.0085,-0.0,0.0,0.0001,-0.0002,0.0,0.0,3.1404,1.5,1.5
38.967,0.0085,-0.0,0.0,0.0001,-0.0002,0.0,0.0,3.1404,1.5,1.5
39.0,0.0085,-0.0,0.0,0.0001,-0.0003,0.0,0.0,3.1404,1.5,1.5
39.0,0.0085,-0.0,0.0,0.0001,-0.0003,0.0,0.0,3.1404,1.5,1.5
39.017,0.0085,-0.0,0.0,0.0001,0.0001,0.0,0.0,3.1404,1.5,1.5
39.033,0.0085,-0.0,0.0,0.0001,-0.0002,0.0,0.0,3.118,1.5,1.5
39.033,0.0085,-0.0,0.0,0.0001,-0.0002,0.0,0.0,3.118,1.5,1.5
39.033,0.0085,-0.0,0.0,0.0001,-0.0002,0.0,0.0,3.118,1.5,1.5
39.067,0.0085,-0.0,0.0,0.0001,-0.0002,0.0,0.0,3.118,1.5,1.5
39.067,0.0085,-0.0,0.0,0.0001,-0.0002,0.0,0.0,3.118,1.5,1.5
39.083,0.0085,-0.0,0.0,0.0001,0.0,0.0,0.0,3.118,1.5,1.5
39.083,0.0085,-0.0,0.0,0.0001,0.0,0.0,0.0,3.118,1.5,1.5
39.083,0.0085,-0.0,0.0,0.0001,0.0,0.0,0.0,3.118,1.5,1.5
39.117,0.0085,-0.0,0.0,0.0001,-0.0,0.0,0.0,3.118,1.5,1.5
39.133,0.0085,-0.0,0.0,0.0001,-0.0001,0.0,0.0,3.1834,1.5,1.5
39.133,0.0085,-0.0,0.0,0.0001,-0.0001,0.0,0.0,3.1834,1.5,1.5
39.133,0.0085,-0.0,0.0,0.0001,-0.0001,0.0,0.0,3.1834,1.5,1.5
39.167,0.0085,-0.0,0.0,0.0001,-0.0001,0.0,0.0,3.1834,1.5,1.5
39.167,0.0085,-0.0,0.0,0.0001,-0.0001,0.0,0.0,3.1834,1.5,1.5
39.183,0.0085,-0.0,0.0,0.0001,-0.0001,0.0,0.0,3.1834,1.5,1.5
39.2,0.0085,-0.0,0.0,0.0001,-0.0001,0.0,0.0,3.1834,1.5,1.5
39.2,0.0085,-0.0,0.0,0.0001,-0.0001,0.0,0.0,3.1834,1.5,1.5
39.2,0.0085,-0.0,0.0,0.0001,-0.0001,0.0,0.0,3.1834,1.5,1.5
39.233,0.0085,-0.0,0.0,0.0001,-0.0001,0.0,0.0,3.1272,1.5,1.5
39.233,0.0085,-0.0,0.0,0.0001,-0.0001,0.0,0.0,3.1272,1.5,1.5
39.25,0.0085,-0.0,0.0,0.0001,-0.0001,0.0,0.0,3.1272,1.5,1.5
39.25,0.0085,-0.0,0.0,0.0001,-0.0001,0.0,0.0,3.1272,1.5,1.5
39.25,0.0085,-0.0,0.0,0.0001,-0.0001,0.0,0.0,3.1272,1.5,1.5
39.283,0.0085,-0.0,0.0,0.0001,-0.0001,0.0,0.0,3.1272,1.5,1.5
39.283,0.0085,-0.0,0.0,0.0001,-0.0001,0.0,0.0,3.1272,1.5,1.5
39.3,0.0085,-0.0,0.0,0.0001,-0.0001,0.0,0.0,3.1272,1.5,1.5
39.3,0.0085,-0.0,0.0,0.0001,-0.0001,0.0,0.0,3.1272,1.5,1.5
39.3,0.0085,-0.0,0.0,0.0001,-0.0001,0.0,0.0,3.1995,1.5,1.5
39.333,0.0085,-0.0,0.0,0.0001,-0.0001,0.0,0.0,3.1995,1.5,1.5
39.35,0.0086,-0.0,0.0,0.0001,-0.0001,0.0,0.0,3.1995,1.5,1.5
39.35,0.0086,-0.0,0.0,0.0001,-0.0001,0.0,0.0,3.1995,1.5,1.5
39.367,0.0086,-0.0,0.0,0.0001,-0.0001,0.0,0.0,3.1995,1.5,1.5
39.367,0.0086,-0.0,0.0,0.0001,-0.0001,0.0,0.0,3.1995,1.5,1.5
39.367,0.0086,-0.0,0.0,0.0001,-0.0001,0.0,0.0,3.1995,1.5,1.5
39.4,0.0086,-0.0,0.0,0.0001,-0.0001,0.0,0.0,3.1995,1.5,1.5
39.4,0.0086,-0.0,0.0,0.0001,-0.0001,0.0,0.0,3.1995,1.5,1.5
39.417,0.0086,-0.0,0.0,0.0001,-0.0001,0.0,0.0,3.1995,1.5,1.5
39.417,0.0086,-0.0,0.0,0.0001,-0.0001,0.0,0.0,3.1995,1.5,1.5
39.417,0.0086,-0.0,0.0,0.0001,-0.0001,0.0,0.0,3.2051,1.5,1.5
39.417,0.0086,-0.0,0.0,0.0001,-0.0001,0.0,0.0,3.2051,1.5,1.5
39.45,0.0086,-0.0,0.0,0.0001,-0.0001,0.0,0.0,3.2051,1.5,1.5
39.467,0.0086,-0.0,0.0,0.0001,-0.0001,0.0,0.0,3.2051,1.5,1.5
39.467,0.0086,-0.0,0.0,0.0001,-0.0001,0.0,0.0,3.2051,1.5,1.5
39.467,0.0086,-0.0,0.0,0.0001,-0.0001,0.0,0.0,3.2051,1.5,1.5
39.5,0.0086,-0.0,0.0,0.0001,-0.0001,0.0,0.0,3.2051,1.5,1.5
39.5,0.0086,-0.0,0.0,0.0001,-0.0001,0.0,0.0,3.2051,1.5,1.5
39.517,0.0086,-0.0,0.0,0.0001,-0.0001,0.0,0.0,3.2051,1.5,1.5
39.517,0.0086,-0.0,0.0,0.0001,-0.0001,0.0,0.0,3.1368,1.5,1.5
39.533,0.0086,-0.0,0.0,0.0001,-0.0001,0.0,0.0,3.1368,1.5,1.5
39.533,0.0086,-0.0,0.0,0.0001,-0.0001,0.0,0.0,3.1368,1.5,1.5
39.533,0.0086,-0.0,0.0,0.0001,-0.0001,0.0,0.0,3.1368,1.5,1.5
39.567,0.0086,-0.0,0.0,0.0001,-0.0001,0.0,0.0,3.1368,1.5,1.5
39.583,0.0086,-0.0,0.0,0.0001,-0.0001,0.0,0.0,3.1368,1.5,1.5
39.583,0.0086,-0.0,0.0,0.0001,-0.0001,0.0,0.0,3.1368,1.5,1.5
39.583,0.0086,-0.0,0.0,0.0001,-0.0001,0.0,0.0,3.1368,1.5,1.5
39.617,0.0086,-0.0,0.0,0.0001,-0.0001,0.0,0.0,3.1368,1.5,1.5
39.617,0.0086,-0.0,0.0,0.0001,-0.0001,0.0,0.0,3.1245,1.5,1.5
39.633,0.0086,-0.0,0.0,0.0001,-0.0001,0.0,0.0,3.1245,1.5,1.5
39.633,0.0086,-0.0,0.0,0.0001,-0.0001,0.0,0.0,3.1245,1.5,1.5
39.633,0.0086,-0.0,0.0,0.0001,-0.0001,0.0,0.0,3.1245,1.5,1.5
39.667,0.0086,-0.0,0.0,0.0001,-0.0001,0.0,0.0,3.1245,1.5,1.5
39.683,0.0086,-0.0,0.0,0.0001,-0.0,0.0,0.0,3.1245,1.5,1.5
39.683,0.0086,-0.0,0.0,0.0001,-0.0,0.0,0.0,3.1245,1.5,1.5
39.7,0.0086,-0.0,0.0,0.0001,-0.0001,0.0,0.0,3.1245,1.5,1.5
39.7,0.0086,-0.0,0.0,0.0001,-0.0001,0.0,0.0,3.1245,1.5,1.5
39.7,0.0086,-0.0,0.0,0.0001,-0.0001,0.0,0.0,3.1245,1.5,1.5
39.733,0.0086,-0.0,0.0,0.0001,-0.0,0.0,0.0,3.1501,1.5,1.5
39.75,0.0086,-0.0,0.0,0.0001,-0.0,0.0,0.0,3.1501,1.5,1.5
39.75,0.0086,-0.0,0.0,0.0001,-0.0,0.0,0.0,3.1501,1.5,1.5
39.75,0.0086,-0.0,0.0,0.0001,-0.0,0.0,0.0,3.1501,1.5,1.5
39.783,0.0086,-0.0,0.0,0.0001,0.0,0.0,0.0,3.1501,1.5,1.5
39.783,0.0086,-0.0,0.0,0.0001,0.0,0.0,0.0,3.1501,1.5,1.5
39.8,0.0087,-0.0,0.0,0.0001,-0.0001,0.0,0.0,3.1501,1.5,1.5
39.8,0.0087,-0.0,0.0,0.0001,-0.0001,0.0,0.0,3.1501,1.5,1.5
39.8,0.0087,-0.0,0.0,0.0001,-0.0001,0.0,0.0,3.1862,1.5,1.5
39.833,0.0087,-0.0,0.0,0.0001,-0.0001,0.0,0.0,3.1862,1.5,1.5
39.85,0.0087,-0.0,0.0,0.0001,-0.0001,0.0,0.0,3.1862,1.5,1.5
39.85,0.0087,-0.0,0.0,0.0001,-0.0001,0.0,0.0,3.1862,1.5,1.5
39.867,0.0087,-0.0,0.0,0.0001,-0.0001,0.0,0.0,3.1862,1.5,1.5
39.867,0.0087,-0.0,0.0,0.0001,-0.0001,0.0,0.0,3.1862,1.5,1.5
39.867,0.0087,-0.0,0.0,0.0001,-0.0001,0.0,0.0,3.1862,1.5,1.5
39.9,0.0087,-0.0,0.0,0.0001,-0.0001,0.0,0.0,3.1862,1.5,1.5
39.9,0.0087,-0.0,0.0,0.0001,-0.0001,0.0,0.0,3.1862,1.5,1.5
39.917,0.0087,-0.0,0.0,0.0001,-0.0001,0.0,0.0,3.1862,1.5,1.5
39.917,0.0087,-0.0,0.0,0.0001,-0.0001,0.0,0.0,3.1678,1.5,1.5
39.917,0.0087,-0.0,0.0,0.0001,-0.0001,0.0,0.0,3.1678,1.5,1.5
39.95,0.0087,-0.0,0.0,0.0001,-0.0001,0.0,0.0,3.1678,1.5,1.5
39.967,0.0087,-0.0,0.0,0.0001,-0.0001,0.0,0.0,3.1678,1.5,1.5
39.967,0.0087,-0.0,0.0,0.0001,-0.0001,0.0,0.0,3.1678,1.5,1.5
39.967,0.0087,-0.0,0.0,0.0001,-0.0001,0.0,0.0,3.1678,1.5,1.5
40.0,0.0087,-0.0,0.0,0.0001,-0.0001,0.0,0.0,3.1678,1.5,1.5
40.0,0.0087,-0.0,0.0,0.0001,-0.0001,0.0,0.0,3.1678,1.5,1.5
40.017,0.0087,-0.0,0.0,0.0001,-0.0001,0.0,0.0,3.1678,1.5,1.5
40.033,0.0087,-0.0,0.0,0.0001,-0.0001,0.0,0.0,3.139,1.5,1.5
40.033,0.0087,-0.0,0.0,0.0001,-0.0001,0.0,0.0,3.139,1.5,1.5
40.033,0.0087,-0.0,0.0,0.0001,-0.0001,0.0,0.0,3.139,1.5,1.5
40.067,0.0087,-0.0,0.0,0.0001,-0.0001,0.0,0.0,3.139,1.5,1.5
40.067,0.0087,-0.0,0.0,0.0001,-0.0001,0.0,0.0,3.139,1.5,1.5
40.083,0.0087,-0.0,0.0,0.0001,-0.0001,0.0,0.0,3.139,1.5,1.5
40.083,0.0087,-0.0,0.0,0.0001,-0.0001,0.0,0.0,3.139,1.5,1.5
40.083,0.0087,-0.0,0.0,0.0001,-0.0001,0.0,0.0,3.139,1.5,1.5
40.117,0.0087,-0.0,0.0,0.0001,-0.0001,0.0,0.0,3.139,1.5,1.5
40.117,0.0087,-0.0,0.0,0.0001,-0.0001,0.0,0.0,3.1356,1.5,1.5
40.133,0.0087,-0.0,0.0,0.0001,-0.0001,0.0,0.0,3.1356,1.5,1.5
40.133,0.0087,-0.0,0.0,0.0001,-0.0001,0.0,0.0,3.1356,1.5,1.5
40.133,0.0087,-0.0,0.0,0.0001,-0.0001,0.0,0.0,3.1356,1.5,1.5
40.167,0.0087,-0.0,0.0,0.0001,-0.0001,0.0,0.0,3.1356,1.5,1.5
40.183,0.0087,-0.0,0.0,0.0001,-0.0001,0.0,0.0,3.1356,1.5,1.5
40.183,0.0087,-0.0,0.0,0.0001,-0.0001,0.0,0.0,3.1356,1.5,1.5
40.2,0.0087,-0.0,0.0,0.0001,-0.0001,0.0,0.0,3.1356,1.5,1.5
40.2,0.0087,-0.0,0.0,0.0001,-0.0001,0.0,0.0,3.1356,1.5,1.5
40.2,0.0087,-0.0,0.0,0.0001,-0.0001,0.0,0.0,3.1181,1.5,1.5
40.233,0.0087,-0.0,0.0,0.0001,-0.0002,0.0,0.0,3.1181,1.5,1.5
40.25,0.0087,-0.0,0.0,0.0001,0.0001,0.0,0.0,3.1181,1.5,1.5
40.25,0.0087,-0.0,0.0,0.0001,0.0001,0.0,0.0,3.1181,1.5,1.5
40.25,0.0087,-0.0,0.0,0.0001,0.0001,0.0,0.0,3.1181,1.5,1.5
40.283,0.0088,-0.0,0.0,0.0001,0.0001,0.0,0.0,3.1181,1.5,1.5
40.283,0.0088,-0.0,0.0,0.0001,0.0001,0.0,0.0,3.1181,1.5,1.5
40.3,0.0088,-0.0,0.0,0.0001,-0.0003,0.0,0.0,3.1181,1.5,1.5
40.3,0.0088,-0.0,0.0,0.0001,-0.0003,0.0,0.0,3.1181,1.5,1.5
40.3,0.0088,-0.0,0.0,0.0001,-0.0003,0.0,0.0,3.1181,1.5,1.5
40.333,0.0088,-0.0,0.0,0.0001,-0.0002,0.0,0.0,3.2108,1.5,1.5
40.35,0.0088,-0.0,0.0,0.0001,0.0,0.0,0.0,3.2108,1.5,1.5
40.35,0.0088,-0.0,0.0,0.0001,0.0,0.0,0.0,3.2108,1.5,1.5
40.367,0.0088,-0.0,0.0,0.0001,-0.0002,0.0,0.0,3.2108,1.5,1.5
40.367,0.0088,-0.0,0.0,0.0001,-0.0002,0.0,0.0,3.2108,1.5,1.5
40.367,0.0088,-0.0,0.0,0.0001,-0.0002,0.0,0.0,3.2108,1.5,1.5
40.4,0.0088,-0.0,0.0,0.0001,-0.0002,0.0,0.0,3.2108,1.5,1.5
40.417,0.0088,-0.0,0.0,0.0001,-0.0,0.0,0.0,3.2108,1.5,1.5
40.417,0.0088,-0.0,0.0,0.0001,-0.0,0.0,0.0,3.194,1.5,1.5
40.417,0.0088,-0.0,0.0,0.0001,-0.0,0.0,0.0,3.194,1.5,1.5
40.45,0.0088,-0.0,0.0,0.0001,-0.0001,0.0,0.0,3.194,1.5,1.5
40.45,0.0088,-0.0,0.0,0.0001,-0.0001,0.0,0.0,3.194,1.5,1.5
40.467,0.0088,-0.0,0.0,0.0001,-0.0001,0.0,0.0,3.194,1.5,1.5
40.467,0.0088,-0.0,0.0,0.0001,-0.0001,0.0,0.0,3.194,1.5,1.5
40.467,0.0088,-0.0,0.0,0.0001,-0.0001,0.0,0.0,3.194,1.5,1.5
40.5,0.0088,-0.0,0.0,0.0001,-0.0001,0.0,0.0,3.194,1.5,1.5
40.517,0.0088,-0.0,0.0,0.0001,-0.0001,0.0,0.0,3.194,1.5,1.5
40.517,0.0088,-0.0,0.0,0.0001,-0.0001,0.0,0.0,3.194,1.5,1.5
40.533,0.0088,-0.0,0.0,0.0001,-0.0001,0.0,0.0,3.1228,1.5,1.5
40.533,0.0088,-0.0,0.0,0.0001,-0.0001,0.0,0.0,3.1228,1.5,1.5
40.533,0.0088,-0.0,0.0,0.0001,-0.0001,0.0,0.0,3.1228,1.5,1.5
40.567,0.0088,-0.0,0.0,0.0001,-0.0001,0.0,0.0,3.1228,1.5,1.5
40.583,0.0088,-0.0,0.0,0.0001,-0.0001,0.0,0.0,3.1228,1.5,1.5
40.583,0.0088,-0.0,0.0,0.0001,-0.0001,0.0,0.0,3.1228,1.5,1.5
40.583,0.0088,-0.0,0.0,0.0001,-0.0001,0.0,0.0,3.1228,1.5,1.5
40.617,0.0088,-0.0,0.0,0.0001,-0.0001,0.0,0.0,3.1228,1.5,1.5
40.617,0.0088,-0.0,0.0,0.0001,-0.0001,0.0,0.0,3.1574,1.5,1.5
40.633,0.0088,-0.0,0.0,0.0001,-0.0001,0.0,0.0,3.1574,1.5,1.5
40.633,0.0088,-0.0,0.0,0.0001,-0.0001,0.0,0.0,3.1574,1.5,1.5
40.633,0.0088,-0.0,0.0,0.0001,-0.0001,0.0,0.0,3.1574,1.5,1.5
40.667,0.0088,-0.0,0.0,0.0001,-0.0001,0.0,0.0,3.1574,1.5,1.5
40.683,0.0088,-0.0,0.0,0.0001,-0.0,0.0,0.0,3.1574,1.5,1.5
40.683,0.0088,-0.0,0.0,0.0001,-0.0,0.0,0.0,3.1574,1.5,1.5
40.7,0.0088,-0.0,0.0,0.0001,-0.0002,0.0,0.0,3.1574,1.5,1.5
40.7,0.0088,-0.0,0.0,0.0001,-0.0002,0.0,0.0,3.1574,1.5,1.5
40.7,0.0088,-0.0,0.0,0.0001,-0.0002,0.0,0.0,3.1574,1.5,1.5
40.733,0.0089,-0.0,0.0,0.0001,-0.0002,0.0,0.0,3.1598,1.5,1.5
40.733,0.0089,-0.0,0.0,0.0001,-0.0002,0.0,0.0,3.1598,1.5,1.5
40.75,0.0089,-0.0,0.0,0.0001,-0.0,0.0,0.0,3.1598,1.5,1.5
40.75,0.0089,-0.0,0.0,0.0001,-0.0,0.0,0.0,3.1598,1.5,1.5
40.75,0.0089,-0.0,0.0,0.0001,-0.0,0.0,0.0,3.1598,1.5,1.5
40.783,0.0089,-0.0,0.0,0.0001,-0.0,0.0,0.0,3.1598,1.5,1.5
40.8,0.0089,-0.0,0.0,0.0001,-0.0002,0.0,0.0,3.1598,1.5,1.5
40.8,0.0089,-0.0,0.0,0.0001,-0.0002,0.0,0.0,3.1598,1.5,1.5
40.8,0.0089,-0.0,0.0,0.0001,-0.0002,0.0,0.0,3.1598,1.5,1.5
40.833,0.0089,-0.0,0.0,0.0001,0.0,0.0,0.0,3.1242,1.5,1.5
40.833,0.0089,-0.0,0.0,0.0001,0.0,0.0,0.0,3.1242,1.5,1.5
40.85,0.0089,-0.0,0.0,0.0001,-0.0002,0.0,0.0,3.1242,1.5,1.5
40.867,0.0089,-0.0,0.0,0.0001,0.0001,0.0,0.0,3.1242,1.5,1.5
40.867,0.0089,-0.0,0.0,0.0001,0.0001,0.0,0.0,3.1242,1.5,1.5
40.867,0.0089,-0.0,0.0,0.0001,0.0001,0.0,0.0,3.1242,1.5,1.5
40.9,0.0089,-0.0,0.0,0.0001,0.0002,0.0,0.0,3.1242,1.5,1.5
40.9,0.0089,-0.0,0.0,0.0001,0.0002,0.0,0.0,3.1242,1.5,1.5
40.917,0.0089,-0.0,0.0,0.0001,-0.0004,0.0,0.0,3.1242,1.5,1.5
40.917,0.0089,-0.0,0.0,0.0001,-0.0004,0.0,0.0,3.1275,1.5,1.5
40.917,0.0089,-0.0,0.0,0.0001,-0.0004,0.0,0.0,3.1275,1.5,1.5
40.95,0.0089,-0.0,0.0,0.0001,-0.0004,0.0,0.0,3.1275,1.5,1.5
40.967,0.0089,-0.0,0.0,0.0001,0.0002,0.0,0.0,3.1275,1.5,1.5
40.967,0.0089,-0.0,0.0,0.0001,0.0002,0.0,0.0,3.1275,1.5,1.5
40.967,0.0089,-0.0,0.0,0.0001,0.0002,0.0,0.0,3.1275,1.5,1.5
41.0,0.0089,-0.0,0.0,0.0001,0.0,0.0,0.0,3.1275,1.5,1.5
41.0,0.0089,-0.0,0.0,0.0001,0.0,0.0,0.0,3.1275,1.5,1.5
41.017,0.0089,-0.0,0.0,0.0001,-0.0002,0.0,0.0,3.1275,1.5,1.5
41.033,0.0089,-0.0,0.0,0.0001,-0.0,0.0,0.0,3.1512,1.5,1.5
41.033,0.0089,-0.0,0.0,0.0001,-0.0,0.0,0.0,3.1512,1.5,1.5
41.033,0.0089,-0.0,0.0,0.0001,-0.0,0.0,0.0,3.1512,1.5,1.5
41.067,0.0089,-0.0,0.0,0.0001,-0.0001,0.0,0.0,3.1512,1.5,1.5
41.067,0.0089,-0.0,0.0,0.0001,-0.0001,0.0,0.0,3.1512,1.5,1.5
41.083,0.0089,-0.0,0.0,0.0001,-0.0001,0.0,0.0,3.1512,1.5,1.5
41.083,0.0089,-0.0,0.0,0.0001,-0.0001,0.0,0.0,3.1512,1.5,1.5
41.083,0.0089,-0.0,0.0,0.0001,-0.0001,0.0,0.0,3.1512,1.5,1.5
41.117,0.0089,-0.0,0.0,0.0001,-0.0001,0.0,0.0,3.1512,1.5,1.5
41.117,0.0089,-0.0,0.0,0.0001,-0.0001,0.0,0.0,3.1868,1.5,1.5
41.133,0.0089,-0.0,0.0,0.0001,-0.0001,0.0,0.0,3.1868,1.5,1.5
41.133,0.0089,-0.0,0.0,0.0001,-0.0001,0.0,0.0,3.1868,1.5,1.5
41.167,0.009,-0.0,0.0,0.0001,-0.0001,0.0,0.0,3.1868,1.5,1.5
41.167,0.009,-0.0,0.0,0.0001,-0.0001,0.0,0.0,3.1868,1.5,1.5
41.183,0.009,-0.0,0.0,0.0001,0.0001,0.0,0.0,3.1868,1.5,1.5
41.2,0.009,-0.0,0.0,0.0001,-0.0002,0.0,0.0,3.1868,1.5,1.5
41.2,0.009,-0.0,0.0,0.0001,-0.0002,0.0,0.0,3.1868,1.5,1.5
41.2,0.009,-0.0,0.0,0.0001,-0.0002,0.0,0.0,3.1868,1.5,1.5
41.233,0.009,-0.0,0.0,0.0001,-0.0003,0.0,0.0,3.1068,1.5,1.5
41.233,0.009,-0.0,0.0,0.0001,-0.0003,0.0,0.0,3.1068,1.5,1.5
41.25,0.009,-0.0,0.0,0.0001,0.0002,0.0,0.0,3.1068,1.5,1.5
41.25,0.009,-0.0,0.0,0.0001,0.0002,0.0,0.0,3.1068,1.5,1.5
41.25,0.009,-0.0,0.0,0.0001,0.0002,0.0,0.0,3.1068,1.5,1.5
41.283,0.009,-0.0,0.0,0.0001,0.0003,0.0,0.0,3.1068,1.5,1.5
41.3,0.009,-0.0,0.0,0.0001,-0.0004,0.0,0.0,3.1068,1.5,1.5
41.3,0.009,-0.0,0.0,0.0001,-0.0004,0.0,0.0,3.1068,1.5,1.5
41.3,0.009,-0.0,0.0,0.0001,-0.0004,0.0,0.0,3.1068,1.5,1.5
41.3,0.009,-0.0,0.0,0.0001,-0.0004,0.0,0.0,3.15,1.5,1.5
41.333,0.009,-0.0,0.0,0.0001,-0.0004,0.0,0.0,3.15,1.5,1.5
41.35,0.009,-0.0,0.0,0.0001,0.0002,0.0,0.0,3.15,1.5,1.5
41.35,0.009,-0.0,0.0,0.0001,0.0002,0.0,0.0,3.15,1.5,1.5
41.367,0.009,-0.0,0.0,0.0001,-0.0003,0.0,0.0,3.15,1.5,1.5
41.367,0.009,-0.0,0.0,0.0001,-0.0003,0.0,0.0,3.15,1.5,1.5
41.367,0.009,-0.0,0.0,0.0001,-0.0003,0.0,0.0,3.15,1.5,1.5
41.4,0.009,-0.0,0.0,0.0001,-0.0003,0.0,0.0,3.15,1.5,1.5
41.417,0.009,-0.0,0.0,0.0001,0.0001,0.0,0.0,3.15,1.5,1.5
41.417,0.009,-0.0,0.0,0.0001,0.0001,0.0,0.0,3.144,1.5,1.5
41.417,0.009,-0.0,0.0,0.0001,0.0001,0.0,0.0,3.144,1.5,1.5
41.45,0.009,-0.0,0.0,0.0001,0.0,0.0,0.0,3.144,1.5,1.5
41.45,0.009,-0.0,0.0,0.0001,0.0,0.0,0.0,3.144,1.5,1.5
41.467,0.009,-0.0,0.0,0.0001,-0.0002,0.0,0.0,3.144,1.5,1.5
41.467,0.009,-0.0,0.0,0.0001,-0.0002,0.0,0.0,3.144,1.5,1.5
41.467,0.009,-0.0,0.0,0.0001,-0.0002,0.0,0.0,3.144,1.5,1.5
41.5,0.009,-0.0,0.0,0.0001,-0.0001,0.0,0.0,3.144,1.5,1.5
41.517,0.009,-0.0,0.0,0.0001,-0.0001,0.0,0.0,3.144,1.5,1.5
41.517,0.009,-0.0,0.0,0.0001,-0.0001,0.0,0.0,3.144,1.5,1.5
41.533,0.009,-0.0,0.0,0.0001,-0.0001,0.0,0.0,3.1614,1.5,1.5
41.533,0.009,-0.0,0.0,0.0001,-0.0001,0.0,0.0,3.1614,1.5,1.5
41.533,0.009,-0.0,0.0,0.0001,-0.0001,0.0,0.0,3.1614,1.5,1.5
41.567,0.009,-0.0,0.0,0.0001,-0.0001,0.0,0.0,3.1614,1.5,1.5
41.583,0.009,-0.0,0.0,0.0001,-0.0001,0.0,0.0,3.1614,1.5,1.5
41.583,0.009,-0.0,0.0,0.0001,-0.0001,0.0,0.0,3.1614,1.5,1.5
41.583,0.009,-0.0,0.0,0.0001,-0.0001,0.0,0.0,3.1614,1.5,1.5
41.617,0.0091,-0.0,0.0,0.0001,-0.0001,0.0,0.0,3.1614,1.5,1.5
41.617,0.0091,-0.0,0.0,0.0001,-0.0001,0.0,0.0,3.1106,1.5,1.5
41.633,0.0091,-0.0,0.0,0.0001,-0.0001,0.0,0.0,3.1106,1.5,1.5
41.633,0.0091,-0.0,0.0,0.0001,-0.0001,0.0,0.0,3.1106,1.5,1.5
41.633,0.0091,-0.0,0.0,0.0001,-0.0001,0.0,0.0,3.1106,1.5,1.5
41.667,0.0091,-0.0,0.0,0.0001,-0.0002,0.0,0.0,3.1106,1.5,1.5
41.683,0.0091,-0.0,0.0,0.0001,-0.0,0.0,0.0,3.1106,1.5,1.5
41.683,0.0091,-0.0,0.0,0.0001,-0.0,0.0,0.0,3.1106,1.5,1.5
41.7,0.0091,-0.0,0.0,0.0001,0.0,0.0,0.0,3.1106,1.5,1.5
41.7,0.0091,-0.0,0.0,0.0001,0.0,0.0,0.0,3.1106,1.5,1.5
41.7,0.0091,-0.0,0.0,0.0001,0.0,0.0,0.0,3.1106,1.5,1.5
41.733,0.0091,-0.0,0.0,0.0001,0.0,0.0,0.0,3.1596,1.5,1.5
41.733,0.0091,-0.0,0.0,0.0001,0.0,0.0,0.0,3.1596,1.5,1.5
41.75,0.0091,-0.0,0.0,0.0001,-0.0002,0.0,0.0,3.1596,1.5,1.5
41.75,0.0091,-0.0,0.0,0.0001,-0.0002,0.0,0.0,3.1596,1.5,1.5
41.783,0.0091,-0.0,0.0,0.0001,-0.0002,0.0,0.0,3.1596,1.5,1.5
41.783,0.0091,-0.0,0.0,0.0001,-0.0002,0.0,0.0,3.1596,1.5,1.5
41.8,0.0091,-0.0,0.0,0.0001,-0.0,0.0,0.0,3.1596,1.5,1.5
41.8,0.0091,-0.0,0.0,0.0001,-0.0,0.0,0.0,3.1596,1.5,1.5
41.8,0.0091,-0.0,0.0,0.0001,-0.0,0.0,0.0,3.2403,1.5,1.5
41.833,0.0091,-0.0,0.0,0.0001,-0.0001,0.0,0.0,3.2403,1.5,1.5
41.833,0.0091,-0.0,0.0,0.0001,-0.0001,0.0,0.0,3.2403,1.5,1.5
41.833,0.0091,-0.0,0.0,0.0001,-0.0001,0.0,0.0,3.2403,1.5,1.5
41.85,0.0091,-0.0,0.0,0.0001,-0.0001,0.0,0.0,3.2403,1.5,1.5
41.867,0.0091,-0.0,0.0,0.0001,-0.0001,0.0,0.0,3.2403,1.5,1.5
41.867,0.0091,-0.0,0.0,0.0001,-0.0001,0.0,0.0,3.2403,1.5,1.5
41.867,0.0091,-0.0,0.0,0.0001,-0.0001,0.0,0.0,3.2403,1.5,1.5
41.9,0.0091,-0.0,0.0,0.0001,-0.0001,0.0,0.0,3.2403,1.5,1.5
41.9,0.0091,-0.0,0.0,0.0001,-0.0001,0.0,0.0,3.2403,1.5,1.5
41.917,0.0091,-0.0,0.0,0.0001,-0.0001,0.0,0.0,3.2403,1.5,1.5
41.917,0.0091,-0.0,0.0,0.0001,-0.0001,0.0,0.0,3.152,1.5,1.5
41.917,0.0091,-0.0,0.0,0.0001,-0.0001,0.0,0.0,3.152,1.5,1.5
41.95,0.0091,-0.0,0.0,0.0001,-0.0001,0.0,0.0,3.152,1.5,1.5
41.95,0.0091,-0.0,0.0,0.0001,-0.0001,0.0,0.0,3.152,1.5,1.5
41.967,0.0091,-0.0,0.0,0.0001,-0.0001,0.0,0.0,3.152,1.5,1.5
41.967,0.0091,-0.0,0.0,0.0001,-0.0001,0.0,0.0,3.152,1.5,1.5
41.967,0.0091,-0.0,0.0,0.0001,-0.0001,0.0,0.0,3.152,1.5,1.5
42.0,0.0091,-0.0,0.0,0.0001,-0.0001,0.0,0.0,3.152,1.5,1.5
42.017,0.0091,-0.0,0.0,0.0001,-0.0001,0.0,0.0,3.152,1.5,1.5
42.017,0.0091,-0.0,0.0,0.0001,-0.0001,0.0,0.0,3.125,1.5,1.5
42.033,0.0091,-0.0,0.0,0.0001,-0.0001,0.0,0.0,3.125,1.5,1.5
42.033,0.0091,-0.0,0.0,0.0001,-0.0001,0.0,0.0,3.125,1.5,1.5
42.033,0.0091,-0.0,0.0,0.0001,-0.0001,0.0,0.0,3.125,1.5,1.5
42.067,0.0092,-0.0,0.0,0.0001,-0.0001,0.0,0.0,3.125,1.5,1.5
42.083,0.0092,-0.0,0.0,0.0001,-0.0001,0.0,0.0,3.125,1.5,1.5
42.083,0.0092,-0.0,0.0,0.0001,-0.0001,0.0,0.0,3.125,1.5,1.5
42.083,0.0092,-0.0,0.0,0.0001,-0.0001,0.0,0.0,3.125,1.5,1.5
42.117,0.0092,-0.0,0.0,0.0001,-0.0001,0.0,0.0,3.125,1.5,1.5
42.117,0.0092,-0.0,0.0,0.0001,-0.0001,0.0,0.0,3.125,1.5,1.5
42.133,0.0092,-0.0,0.0,0.0001,-0.0001,0.0,0.0,3.1273,1.5,1.5
42.133,0.0092,-0.0,0.0,0.0001,-0.0001,0.0,0.0,3.1273,1.5,1.5
42.133,0.0092,-0.0,0.0,0.0001,-0.0001,0.0,0.0,3.1273,1.5,1.5
42.167,0.0092,-0.0,0.0,0.0001,-0.0001,0.0,0.0,3.1273,1.5,1.5
42.167,0.0092,-0.0,0.0,0.0001,-0.0001,0.0,0.0,3.1273,1.5,1.5
42.183,0.0092,-0.0,0.0,0.0001,-0.0001,0.0,0.0,3.1273,1.5,1.5
42.2,0.0092,-0.0,0.0,0.0001,-0.0001,0.0,0.0,3.1273,1.5,1.5
42.2,0.0092,-0.0,0.0,0.0001,-0.0001,0.0,0.0,3.1273,1.5,1.5
42.2,0.0092,-0.0,0.0,0.0001,-0.0001,0.0,0.0,3.1273,1.5,1.5
42.233,0.0092,-0.0,0.0,0.0001,-0.0001,0.0,0.0,3.1122,1.5,1.5
42.233,0.0092,-0.0,0.0,0.0001,-0.0001,0.0,0.0,3.1122,1.5,1.5
42.25,0.0092,-0.0,0.0,0.0001,-0.0001,0.0,0.0,3.1122,1.5,1.5
42.25,0.0092,-0.0,0.0,0.0001,-0.0001,0.0,0.0,3.1122,1.5,1.5
42.25,0.0092,-0.0,0.0,0.0001,-0.0001,0.0,0.0,3.1122,1.5,1.5
42.283,0.0092,-0.0,0.0,0.0001,-0.0001,0.0,0.0,3.1122,1.5,1.5
42.3,0.0092,-0.0,0.0,0.0001,-0.0,0.0,0.0,3.1122,1.5,1.5
42.3,0.0092,-0.0,0.0,0.0001,-0.0,0.0,0.0,3.1122,1.5,1.5
42.3,0.0092,-0.0,0.0,0.0001,-0.0,0.0,0.0,3.1122,1.5,1.5
42.333,0.0092,-0.0,0.0,0.0001,-0.0,0.0,0.0,3.2025,1.5,1.5
42.333,0.0092,-0.0,0.0,0.0001,-0.0,0.0,0.0,3.2025,1.5,1.5
42.35,0.0092,-0.0,0.0,0.0001,-0.0001,0.0,0.0,3.2025,1.5,1.5
42.367,0.0092,-0.0,0.0,0.0001,-0.0001,0.0,0.0,3.2025,1.5,1.5
42.367,0.0092,-0.0,0.0,0.0001,-0.0001,0.0,0.0,3.2025,1.5,1.5
42.367,0.0092,-0.0,0.0,0.0001,-0.0001,0.0,0.0,3.2025,1.5,1.5
42.4,0.0092,-0.0,0.0,0.0001,-0.0001,0.0,0.0,3.2025,1.5,1.5
42.4,0.0092,-0.0,0.0,0.0001,-0.0001,0.0,0.0,3.2025,1.5,1.5
42.417,0.0092,-0.0,0.0,0.0001,-0.0001,0.0,0.0,3.2025,1.5,1.5
42.417,0.0092,-0.0,0.0,0.0001,-0.0001,0.0,0.0,3.1321,1.5,1.5
42.417,0.0092,-0.0,0.0,0.0001,-0.0001,0.0,0.0,3.1321,1.5,1.5
42.45,0.0092,-0.0,0.0,0.0001,-0.0001,0.0,0.0,3.1321,1.5,1.5
42.467,0.0092,-0.0,0.0,0.0001,-0.0001,0.0,0.0,3.1321,1.5,1.5
42.467,0.0092,-0.0,0.0,0.0001,-0.0001,0.0,0.0,3.1321,1.5,1.5
42.467,0.0092,-0.0,0.0,0.0001,-0.0001,0.0,0.0,3.1321,1.5,1.5
42.5,0.0092,-0.0,0.0,0.0001,-0.0001,0.0,0.0,3.1321,1.5,1.5
42.5,0.0092,-0.0,0.0,0.0001,-0.0001,0.0,0.0,3.1321,1.5,1.5
42.517,0.0093,-0.0,0.0,0.0001,-0.0001,0.0,0.0,3.1321,1.5,1.5
42.533,0.0093,-0.0,0.0,0.0001,-0.0001,0.0,0.0,3.1323,1.5,1.5
42.533,0.0093,-0.0,0.0,0.0001,-0.0001,0.0,0.0,3.1323,1.5,1.5
42.533,0.0093,-0.0,0.0,0.0001,-0.0001,0.0,0.0,3.1323,1.5,1.5
42.567,0.0093,-0.0,0.0,0.0001,-0.0002,0.0,0.0,3.1323,1.5,1.5
42.567,0.0093,-0.0,0.0,0.0001,-0.0002,0.0,0.0,3.1323,1.5,1.5
42.583,0.0093,-0.0,0.0,0.0001,0.0001,0.0,0.0,3.1323,1.5,1.5
42.583,0.0093,-0.0,0.0,0.0001,0.0001,0.0,0.0,3.1323,1.5,1.5
42.583,0.0093,-0.0,0.0,0.0001,0.0001,0.0,0.0,3.1323,1.5,1.5
42.617,0.0093,-0.0,0.0,0.0001,0.0,0.0,0.0,3.1323,1.5,1.5
42.633,0.0093,-0.0,0.0,0.0001,-0.0002,0.0,0.0,3.1685,1.5,1.5
42.633,0.0093,-0.0,0.0,0.0001,-0.0002,0.0,0.0,3.1685,1.5,1.5
42.633,0.0093,-0.0,0.0,0.0001,-0.0002,0.0,0.0,3.1685,1.5,1.5
42.633,0.0093,-0.0,0.0,0.0001,-0.0002,0.0,0.0,3.1685,1.5,1.5
42.667,0.0093,-0.0,0.0,0.0001,-0.0001,0.0,0.0,3.1685,1.5,1.5
42.683,0.0093,-0.0,0.0,0.0001,-0.0,0.0,0.0,3.1685,1.5,1.5
42.683,0.0093,-0.0,0.0,0.0001,-0.0,0.0,0.0,3.1685,1.5,1.5
42.7,0.0093,-0.0,0.0,0.0001,-0.0001,0.0,0.0,3.1685,1.5,1.5
42.7,0.0093,-0.0,0.0,0.0001,-0.0001,0.0,0.0,3.1685,1.5,1.5
42.7,0.0093,-0.0,0.0,0.0001,-0.0001,0.0,0.0,3.2302,1.5,1.5
42.733,0.0093,-0.0,0.0,0.0001,-0.0001,0.0,0.0,3.2302,1.5,1.5
42.75,0.0093,-0.0,0.0,0.0001,-0.0001,0.0,0.0,3.2302,1.5,1.5
42.75,0.0093,-0.0,0.0,0.0001,-0.0001,0.0,0.0,3.2302,1.5,1.5
42.75,0.0093,-0.0,0.0,0.0001,-0.0001,0.0,0.0,3.2302,1.5,1.5
42.75,0.0093,-0.0,0.0,0.0001,-0.0001,0.0,0.0,3.2302,1.5,1.5
42.783,0.0093,-0.0,0.0,0.0001,-0.0001,0.0,0.0,3.2302,1.5,1.5
42.783,0.0093,-0.0,0.0,0.0001,-0.0001,0.0,0.0,3.2302,1.5,1.5
42.8,0.0093,-0.0,0.0,0.0001,-0.0001,0.0,0.0,3.2302,1.5,1.5
42.8,0.0093,-0.0,0.0,0.0001,-0.0001,0.0,0.0,3.2302,1.5,1.5
42.8,0.0093,-0.0,0.0,0.0001,-0.0001,0.0,0.0,3.1207,1.5,1.5
42.833,0.0093,-0.0,0.0,0.0001,-0.0001,0.0,0.0,3.1207,1.5,1.5
42.833,0.0093,-0.0,0.0,0.0001,-0.0001,0.0,0.0,3.1207,1.5,1.5
42.85,0.0093,-0.0,0.0,0.0001,-0.0001,0.0,0.0,3.1207,1.5,1.5
42.867,0.0093,-0.0,0.0,0.0001,-0.0001,0.0,0.0,3.1207,1.5,1.5
42.867,0.0093,-0.0,0.0,0.0001,-0.0001,0.0,0.0,3.1207,1.5,1.5
42.867,0.0093,-0.0,0.0,0.0001,-0.0001,0.0,0.0,3.1207,1.5,1.5
42.9,0.0093,-0.0,0.0,0.0001,0.0,0.0,0.0,3.1207,1.5,1.5
42.9,0.0093,-0.0,0.0,0.0001,0.0,0.0,0.0,3.1207,1.5,1.5
42.917,0.0093,-0.0,0.0,0.0001,-0.0002,0.0,0.0,3.1207,1.5,1.5
42.917,0.0093,-0.0,0.0,0.0001,-0.0002,0.0,0.0,3.1385,1.5,1.5
42.917,0.0093,-0.0,0.0,0.0001,-0.0002,0.0,0.0,3.1385,1.5,1.5
42.95,0.0093,-0.0,0.0,0.0001,-0.0002,0.0,0.0,3.1385,1.5,1.5
42.967,0.0094,-0.0,0.0,0.0001,-0.0,0.0,0.0,3.1385,1.5,1.5
42.967,0.0094,-0.0,0.0,0.0001,-0.0,0.0,0.0,3.1385,1.5,1.5
42.967,0.0094,-0.0,0.0,0.0001,-0.0,0.0,0.0,3.1385,1.5,1.5
43.0,0.0094,-0.0,0.0,0.0001,-0.0001,0.0,0.0,3.1385,1.5,1.5
43.0,0.0094,-0.0,0.0,0.0001,-0.0001,0.0,0.0,3.1385,1.5,1.5
43.017,0.0094,-0.0,0.0,0.0001,-0.0001,0.0,0.0,3.1385,1.5,1.5
43.033,0.0094,-0.0,0.0,0.0001,-0.0001,0.0,0.0,3.1678,1.5,1.5
43.033,0.0094,-0.0,0.0,0.0001,-0.0001,0.0,0.0,3.1678,1.5,1.5
43.033,0.0094,-0.0,0.0,0.0001,-0.0001,0.0,0.0,3.1678,1.5,1.5
43.067,0.0094,-0.0,0.0,0.0001,-0.0001,0.0,0.0,3.1678,1.5,1.5
43.067,0.0094,-0.0,0.0,0.0001,-0.0001,0.0,0.0,3.1678,1.5,1.5
43.083,0.0094,-0.0,0.0,0.0001,-0.0001,0.0,0.0,3.1678,1.5,1.5
43.083,0.0094,-0.0,0.0,0.0001,-0.0001,0.0,0.0,3.1678,1.5,1.5
43.083,0.0094,-0.0,0.0,0.0001,-0.0001,0.0,0.0,3.1678,1.5,1.5
43.117,0.0094,-0.0,0.0,0.0001,-0.0001,0.0,0.0,3.1678,1.5,1.5
43.133,0.0094,-0.0,0.0,0.0001,-0.0001,0.0,0.0,3.1449,1.5,1.5
43.133,0.0094,-0.0,0.0,0.0001,-0.0001,0.0,0.0,3.1449,1.5,1.5
43.133,0.0094,-0.0,0.0,0.0001,-0.0001,0.0,0.0,3.1449,1.5,1.5
43.167,0.0094,-0.0,0.0,0.0001,-0.0001,0.0,0.0,3.1449,1.5,1.5
43.167,0.0094,-0.0,0.0,0.0001,-0.0001,0.0,0.0,3.1449,1.5,1.5
43.183,0.0094,-0.0,0.0,0.0001,-0.0001,0.0,0.0,3.1449,1.5,1.5
43.2,0.0094,-0.0,0.0,0.0001,-0.0001,0.0,0.0,3.1449,1.5,1.5
43.2,0.0094,-0.0,0.0,0.0001,-0.0001,0.0,0.0,3.1449,1.5,1.5
43.2,0.0094,-0.0,0.0,0.0001,-0.0001,0.0,0.0,3.1449,1.5,1.5
43.233,0.0094,-0.0,0.0,0.0001,-0.0002,0.0,0.0,3.1367,1.5,1.5
43.233,0.0094,-0.0,0.0,0.0001,-0.0002,0.0,0.0,3.1367,1.5,1.5
43.25,0.0094,-0.0,0.0,0.0001,-0.0,0.0,0.0,3.1367,1.5,1.5
43.25,0.0094,-0.0,0.0,0.0001,-0.0,0.0,0.0,3.1367,1.5,1.5
43.25,0.0094,-0.0,0.0,0.0001,-0.0,0.0,0.0,3.1367,1.5,1.5
43.283,0.0094,-0.0,0.0,0.0001,-0.0001,0.0,0.0,3.1367,1.5,1.5
43.3,0.0094,-0.0,0.0,0.0001,-0.0001,0.0,0.0,3.1367,1.5,1.5
43.3,0.0094,-0.0,0.0,0.0001,-0.0001,0.0,0.0,3.1367,1.5,1.5
43.3,0.0094,-0.0,0.0,0.0001,-0.0001,0.0,0.0,3.1367,1.5,1.5
43.3,0.0094,-0.0,0.0,0.0001,-0.0001,0.0,0.0,3.1448,1.5,1.5
43.333,0.0094,-0.0,0.0,0.0001,-0.0,0.0,0.0,3.1448,1.5,1.5
43.35,0.0094,-0.0,0.0,0.0001,-0.0001,0.0,0.0,3.1448,1.5,1.5
43.35,0.0094,-0.0,0.0,0.0001,-0.0001,0.0,0.0,3.1448,1.5,1.5
43.367,0.0094,-0.0,0.0,0.0001,0.0,0.0,0.0,3.1448,1.5,1.5
43.367,0.0094,-0.0,0.0,0.0001,0.0,0.0,0.0,3.1448,1.5,1.5
43.367,0.0094,-0.0,0.0,0.0001,0.0,0.0,0.0,3.1448,1.5,1.5
43.4,0.0094,-0.0,0.0,0.0001,0.0,0.0,0.0,3.1448,1.5,1.5
43.417,0.0095,-0.0,0.0,0.0001,-0.0002,0.0,0.0,3.1448,1.5,1.5
43.417,0.0095,-0.0,0.0,0.0001,-0.0002,0.0,0.0,3.083,1.5,1.5
43.417,0.0095,-0.0,0.0,0.0001,-0.0002,0.0,0.0,3.083,1.5,1.5
43.45,0.0095,-0.0,0.0,0.0001,-0.0001,0.0,0.0,3.083,1.5,1.5
43.45,0.0095,-0.0,0.0,0.0001,-0.0001,0.0,0.0,3.083,1.5,1.5
43.467,0.0095,-0.0,0.0,0.0001,-0.0,0.0,0.0,3.083,1.5,1.5
43.467,0.0095,-0.0,0.0,0.0001,-0.0,0.0,0.0,3.083,1.5,1.5
43.467,0.0095,-0.0,0.0,0.0001,-0.0,0.0,0.0,3.083,1.5,1.5
43.5,0.0095,-0.0,0.0,0.0001,-0.0001,0.0,0.0,3.083,1.5,1.5
43.5,0.0095,-0.0,0.0,0.0001,-0.0001,0.0,0.0,3.083,1.5,1.5
43.517,0.0095,-0.0,0.0,0.0001,-0.0001,0.0,0.0,3.083,1.5,1.5
43.533,0.0095,-0.0,0.0,0.0001,-0.0001,0.0,0.0,3.1915,1.5,1.5
43.533,0.0095,-0.0,0.0,0.0001,-0.0001,0.0,0.0,3.1915,1.5,1.5
43.533,0.0095,-0.0,0.0,0.0001,-0.0001,0.0,0.0,3.1915,1.5,1.5
43.567,0.0095,-0.0,0.0,0.0001,-0.0001,0.0,0.0,3.1915,1.5,1.5
43.567,0.0095,-0.0,0.0,0.0001,-0.0001,0.0,0.0,3.1915,1.5,1.5
43.583,0.0095,-0.0,0.0,0.0001,-0.0001,0.0,0.0,3.1915,1.5,1.5
43.583,0.0095,-0.0,0.0,0.0001,-0.0001,0.0,0.0,3.1915,1.5,1.5
43.583,0.0095,-0.0,0.0,0.0001,-0.0001,0.0,0.0,3.1915,1.5,1.5
43.617,0.0095,-0.0,0.0,0.0001,-0.0001,0.0,0.0,3.1915,1.5,1.5
43.633,0.0095,-0.0,0.0,0.0001,-0.0001,0.0,0.0,3.1195,1.5,1.5
43.633,0.0095,-0.0,0.0,0.0001,-0.0001,0.0,0.0,3.1195,1.5,1.5
43.633,0.0095,-0.0,0.0,0.0001,-0.0001,0.0,0.0,3.1195,1.5,1.5
43.667,0.0095,-0.0,0.0,0.0001,-0.0001,0.0,0.0,3.1195,1.5,1.5
43.667,0.0095,-0.0,0.0,0.0001,-0.0001,0.0,0.0,3.1195,1.5,1.5
43.683,0.0095,-0.0,0.0,0.0001,-0.0001,0.0,0.0,3.1195,1.5,1.5
43.7,0.0095,-0.0,0.0,0.0001,-0.0001,0.0,0.0,3.1195,1.5,1.5
43.7,0.0095,-0.0,0.0,0.0001,-0.0001,0.0,0.0,3.1195,1.5,1.5
43.7,0.0095,-0.0,0.0,0.0001,-0.0001,0.0,0.0,3.1195,1.5,1.5
43.733,0.0095,-0.0,0.0,0.0001,-0.0001,0.0,0.0,3.2266,1.5,1.5
43.733,0.0095,-0.0,0.0,0.0001,-0.0001,0.0,0.0,3.2266,1.5,1.5
43.75,0.0095,-0.0,0.0,0.0001,-0.0,0.0,0.0,3.2266,1.5,1.5
43.75,0.0095,-0.0,0.0,0.0001,-0.0,0.0,0.0,3.2266,1.5,1.5
43.75,0.0095,-0.0,0.0,0.0001,-0.0,0.0,0.0,3.2266,1.5,1.5
43.783,0.0095,-0.0,0.0,0.0001,-0.0,0.0,0.0,3.2266,1.5,1.5
43.8,0.0095,-0.0,0.0,0.0001,-0.0001,0.0,0.0,3.2266,1.5,1.5
43.8,0.0095,-0.0,0.0,0.0001,-0.0001,0.0,0.0,3.2266,1.5,1.5
43.8,0.0095,-0.0,0.0,0.0001,-0.0001,0.0,0.0,3.2266,1.5,1.5
43.8,0.0095,-0.0,0.0,0.0001,-0.0001,0.0,0.0,3.1071,1.5,1.5
43.833,0.0095,-0.0,0.0,0.0001,0.0001,0.0,0.0,3.1071,1.5,1.5
43.85,0.0095,-0.0,0.0,0.0001,-0.0003,0.0,0.0,3.1071,1.5,1.5
43.85,0.0095,-0.0,0.0,0.0001,-0.0003,0.0,0.0,3.1071,1.5,1.5
43.867,0.0095,-0.0,0.0,0.0001,0.0002,0.0,0.0,3.1071,1.5,1.5
43.867,0.0095,-0.0,0.0,0.0001,0.0002,0.0,0.0,3.1071,1.5,1.5
43.867,0.0095,-0.0,0.0,0.0001,0.0002,0.0,0.0,3.1071,1.5,1.5
43.9,0.0096,-0.0,0.0,0.0001,0.0002,0.0,0.0,3.1071,1.5,1.5
43.917,0.0096,-0.0,0.0,0.0001,-0.0002,0.0,0.0,3.1071,1.5,1.5
43.917,0.0096,-0.0,0.0,0.0001,-0.0002,0.0,0.0,3.1161,1.5,1.5
43.917,0.0096,-0.0,0.0,0.0001,-0.0002,0.0,0.0,3.1161,1.5,1.5
43.95,0.0096,-0.0,0.0,0.0001,-0.0001,0.0,0.0,3.1161,1.5,1.5
43.95,0.0096,-0.0,0.0,0.0001,-0.0001,0.0,0.0,3.1161,1.5,1.5
43.967,0.0096,-0.0,0.0,0.0001,-0.0001,0.0,0.0,3.1161,1.5,1.5
43.967,0.0096,-0.0,0.0,0.0001,-0.0001,0.0,0.0,3.1161,1.5,1.5
43.967,0.0096,-0.0,0.0,0.0001,-0.0001,0.0,0.0,3.1161,1.5,1.5
44.0,0.0096,-0.0,0.0,0.0001,-0.0003,0.0,0.0,3.1161,1.5,1.5
44.017,0.0096,-0.0,0.0,0.0001,0.0001,0.0,0.0,3.1161,1.5,1.5
44.017,0.0096,-0.0,0.0,0.0001,0.0001,0.0,0.0,3.1351,1.5,1.5
44.033,0.0096,-0.0,0.0,0.0001,-0.0002,0.0,0.0,3.1351,1.5,1.5
44.033,0.0096,-0.0,0.0,0.0001,-0.0002,0.0,0.0,3.1351,1.5,1.5
44.033,0.0096,-0.0,0.0,0.0001,-0.0002,0.0,0.0,3.1351,1.5,1.5
44.067,0.0096,-0.0,0.0,0.0001,-0.0002,0.0,0.0,3.1351,1.5,1.5
44.083,0.0096,-0.0,0.0,0.0001,-0.0,0.0,0.0,3.1351,1.5,1.5
44.083,0.0096,-0.0,0.0,0.0001,-0.0,0.0,0.0,3.1351,1.5,1.5
44.083,0.0096,-0.0,0.0,0.0001,-0.0,0.0,0.0,3.1351,1.5,1.5
44.117,0.0096,-0.0,0.0,0.0001,-0.0001,0.0,0.0,3.1351,1.5,1.5
44.117,0.0096,-0.0,0.0,0.0001,-0.0001,0.0,0.0,3.1351,1.5,1.5
44.133,0.0096,-0.0,0.0,0.0001,-0.0001,0.0,0.0,3.1519,1.5,1.5
44.133,0.0096,-0.0,0.0,0.0001,-0.0001,0.0,0.0,3.1519,1.5,1.5
44.133,0.0096,-0.0,0.0,0.0001,-0.0001,0.0,0.0,3.1519,1.5,1.5
44.167,0.0096,-0.0,0.0,0.0001,-0.0001,0.0,0.0,3.1519,1.5,1.5
44.167,0.0096,-0.0,0.0,0.0001,-0.0001,0.0,0.0,3.1519,1.5,1.5
44.183,0.0096,-0.0,0.0,0.0001,-0.0001,0.0,0.0,3.1519,1.5,1.5
44.2,0.0096,-0.0,0.0,0.0001,-0.0001,0.0,0.0,3.1519,1.5,1.5
44.2,0.0096,-0.0,0.0,0.0001,-0.0001,0.0,0.0,3.1519,1.5,1.5
44.2,0.0096,-0.0,0.0,0.0001,-0.0001,0.0,0.0,3.1519,1.5,1.5
44.233,0.0096,-0.0,0.0,0.0001,-0.0001,0.0,0.0,3.1152,1.5,1.5
44.233,0.0096,-0.0,0.0,0.0001,-0.0001,0.0,0.0,3.1152,1.5,1.5
44.25,0.0096,-0.0,0.0,0.0001,-0.0001,0.0,0.0,3.1152,1.5,1.5
44.25,0.0096,-0.0,0.0,0.0001,-0.0001,0.0,0.0,3.1152,1.5,1.5
44.25,0.0096,-0.0,0.0,0.0001,-0.0001,0.0,0.0,3.1152,1.5,1.5
44.283,0.0096,-0.0,0.0,0.0001,-0.0001,0.0,0.0,3.1152,1.5,1.5
44.3,0.0096,-0.0,0.0,0.0001,-0.0001,0.0,0.0,3.1152,1.5,1.5
44.3,0.0096,-0.0,0.0,0.0001,-0.0001,0.0,0.0,3.1152,1.5,1.5
44.3,0.0096,-0.0,0.0,0.0001,-0.0001,0.0,0.0,3.1152,1.5,1.5
44.3,0.0096,-0.0,0.0,0.0001,-0.0001,0.0,0.0,3.1152,1.5,1.5
44.333,0.0097,-0.0,0.0,0.0001,-0.0001,0.0,0.0,3.1794,1.5,1.5
44.333,0.0097,-0.0,0.0,0.0001,-0.0001,0.0,0.0,3.1794,1.5,1.5
44.35,0.0097,-0.0,0.0,0.0001,-0.0001,0.0,0.0,3.1794,1.5,1.5
44.367,0.0097,-0.0,0.0,0.0001,-0.0001,0.0,0.0,3.1794,1.5,1.5
44.367,0.0097,-0.0,0.0,0.0001,-0.0001,0.0,0.0,3.1794,1.5,1.5
44.367,0.0097,-0.0,0.0,0.0001,-0.0001,0.0,0.0,3.1794,1.5,1.5
44.4,0.0097,-0.0,0.0,0.0001,-0.0001,0.0,0.0,3.1794,1.5,1.5
44.4,0.0097,-0.0,0.0,0.0001,-0.0001,0.0,0.0,3.1794,1.5,1.5
44.417,0.0097,-0.0,0.0,0.0001,-0.0,0.0,0.0,3.1794,1.5,1.5
44.417,0.0097,-0.0,0.0,0.0001,-0.0,0.0,0.0,3.13,1.5,1.5
44.417,0.0097,-0.0,0.0,0.0001,-0.0,0.0,0.0,3.13,1.5,1.5
44.45,0.0097,-0.0,0.0,0.0001,-0.0001,0.0,0.0,3.13,1.5,1.5
44.467,0.0097,-0.0,0.0,0.0001,-0.0001,0.0,0.0,3.13,1.5,1.5
44.467,0.0097,-0.0,0.0,0.0001,-0.0001,0.0,0.0,3.13,1.5,1.5
44.467,0.0097,-0.0,0.0,0.0001,-0.0001,0.0,0.0,3.13,1.5,1.5
44.5,0.0097,-0.0,0.0,0.0001,-0.0001,0.0,0.0,3.13,1.5,1.5
44.5,0.0097,-0.0,0.0,0.0001,-0.0001,0.0,0.0,3.13,1.5,1.5
44.517,0.0097,-0.0,0.0,0.0001,-0.0001,0.0,0.0,3.13,1.5,1.5
44.533,0.0097,-0.0,0.0,0.0001,-0.0001,0.0,0.0,3.1102,1.5,1.5
44.533,0.0097,-0.0,0.0,0.0001,-0.0001,0.0,0.0,3.1102,1.5,1.5
44.533,0.0097,-0.0,0.0,0.0001,-0.0001,0.0,0.0,3.1102,1.5,1.5
44.567,0.0097,-0.0,0.0,0.0001,-0.0001,0.0,0.0,3.1102,1.5,1.5
44.567,0.0097,-0.0,0.0,0.0001,-0.0001,0.0,0.0,3.1102,1.5,1.5
44.583,0.0097,-0.0,0.0,0.0001,-0.0,0.0,0.0,3.1102,1.5,1.5
44.583,0.0097,-0.0,0.0,0.0001,-0.0,0.0,0.0,3.1102,1.5,1.5
44.583,0.0097,-0.0,0.0,0.0001,-0.0,0.0,0.0,3.1102,1.5,1.5
44.617,0.0097,-0.0,0.0,0.0001,-0.0001,0.0,0.0,3.1102,1.5,1.5
44.633,0.0097,-0.0,0.0,0.0001,-0.0001,0.0,0.0,3.1309,1.5,1.5
44.633,0.0097,-0.0,0.0,0.0001,-0.0001,0.0,0.0,3.1309,1.5,1.5
44.633,0.0097,-0.0,0.0,0.0001,-0.0001,0.0,0.0,3.1309,1.5,1.5
44.633,0.0097,-0.0,0.0,0.0001,-0.0001,0.0,0.0,3.1309,1.5,1.5
44.667,0.0097,-0.0,0.0,0.0001,-0.0,0.0,0.0,3.1309,1.5,1.5
44.683,0.0097,-0.0,0.0,0.0001,-0.0001,0.0,0.0,3.1309,1.5,1.5
44.683,0.0097,-0.0,0.0,0.0001,-0.0001,0.0,0.0,3.1309,1.5,1.5
44.7,0.0097,-0.0,0.0,0.0001,-0.0,0.0,0.0,3.1309,1.5,1.5
44.7,0.0097,-0.0,0.0,0.0001,-0.0,0.0,0.0,3.1309,1.5,1.5
44.7,0.0097,-0.0,0.0,0.0001,-0.0,0.0,0.0,3.1579,1.5,1.5
44.733,0.0097,-0.0,0.0,0.0001,-0.0,0.0,0.0,3.1579,1.5,1.5
44.75,0.0097,-0.0,0.0,0.0001,-0.0001,0.0,0.0,3.1579,1.5,1.5
44.75,0.0097,-0.0,0.0,0.0001,-0.0001,0.0,0.0,3.1579,1.5,1.5
44.75,0.0097,-0.0,0.0,0.0001,-0.0001,0.0,0.0,3.1579,1.5,1.5
44.783,0.0098,-0.0,0.0,0.0001,-0.0001,0.0,0.0,3.1579,1.5,1.5
44.783,0.0098,-0.0,0.0,0.0001,-0.0001,0.0,0.0,3.1579,1.5,1.5
44.8,0.0098,-0.0,0.0,0.0001,-0.0001,0.0,0.0,3.1579,1.5,1.5
44.8,0.0098,-0.0,0.0,0.0001,-0.0001,0.0,0.0,3.1579,1.5,1.5
44.8,0.0098,-0.0,0.0,0.0001,-0.0001,0.0,0.0,3.1056,1.5,1.5
44.833,0.0098,-0.0,0.0,0.0001,-0.0002,0.0,0.0,3.1056,1.5,1.5
44.833,0.0098,-0.0,0.0,0.0001,-0.0002,0.0,0.0,3.1056,1.5,1.5
44.85,0.0098,-0.0,0.0,0.0001,-0.0,0.0,0.0,3.1056,1.5,1.5
44.867,0.0098,-0.0,0.0,0.0001,-0.0001,0.0,0.0,3.1056,1.5,1.5
44.867,0.0098,-0.0,0.0,0.0001,-0.0001,0.0,0.0,3.1056,1.5,1.5
44.867,0.0098,-0.0,0.0,0.0001,-0.0001,0.0,0.0,3.1056,1.5,1.5
44.9,0.0098,-0.0,0.0,0.0001,-0.0001,0.0,0.0,3.1056,1.5,1.5
44.9,0.0098,-0.0,0.0,0.0001,-0.0001,0.0,0.0,3.1056,1.5,1.5
44.917,0.0098,-0.0,0.0,0.0001,-0.0001,0.0,0.0,3.1056,1.5,1.5
44.917,0.0098,-0.0,0.0,0.0001,-0.0001,0.0,0.0,3.2153,1.5,1.5
44.917,0.0098,-0.0,0.0,0.0001,-0.0001,0.0,0.0,3.2153,1.5,1.5
44.95,0.0098,-0.0,0.0,0.0001,-0.0001,0.0,0.0,3.2153,1.5,1.5
44.967,0.0098,-0.0,0.0,0.0001,-0.0001,0.0,0.0,3.2153,1.5,1.5
44.967,0.0098,-0.0,0.0,0.0001,-0.0001,0.0,0.0,3.2153,1.5,1.5
44.967,0.0098,-0.0,0.0,0.0001,-0.0001,0.0,0.0,3.2153,1.5,1.5
45.0,0.0098,-0.0,0.0,0.0001,-0.0001,0.0,0.0,3.2153,1.5,1.5
45.0,0.0098,-0.0,0.0,0.0001,-0.0001,0.0,0.0,3.2153,1.5,1.5
45.017,0.0098,-0.0,0.0,0.0001,-0.0001,0.0,0.0,3.2153,1.5,1.5
45.033,0.0098,-0.0,0.0,0.0001,-0.0001,0.0,0.0,3.1458,1.5,1.5
45.033,0.0098,-0.0,0.0,0.0001,-0.0001,0.0,0.0,3.1458,1.5,1.5
45.033,0.0098,-0.0,0.0,0.0001,-0.0001,0.0,0.0,3.1458,1.5,1.5
45.067,0.0098,-0.0,0.0,0.0001,-0.0001,0.0,0.0,3.1458,1.5,1.5
45.067,0.0098,-0.0,0.0,0.0001,-0.0001,0.0,0.0,3.1458,1.5,1.5
45.083,0.0098,-0.0,0.0,0.0001,-0.0,0.0,0.0,3.1458,1.5,1.5
45.083,0.0098,-0.0,0.0,0.0001,-0.0,0.0,0.0,3.1458,1.5,1.5
45.083,0.0098,-0.0,0.0,0.0001,-0.0,0.0,0.0,3.1458,1.5,1.5
45.117,0.0098,-0.0,0.0,0.0001,-0.0002,0.0,0.0,3.1458,1.5,1.5
45.117,0.0098,-0.0,0.0,0.0001,-0.0002,0.0,0.0,3.111,1.5,1.5
45.133,0.0098,-0.0,0.0,0.0001,0.0001,0.0,0.0,3.111,1.5,1.5
45.133,0.0098,-0.0,0.0,0.0001,0.0001,0.0,0.0,3.111,1.5,1.5
45.133,0.0098,-0.0,0.0,0.0001,0.0001,0.0,0.0,3.111,1.5,1.5
45.167,0.0098,-0.0,0.0,0.0001,0.0001,0.0,0.0,3.111,1.5,1.5
45.183,0.0098,-0.0,0.0,0.0001,-0.0003,0.0,0.0,3.111,1.5,1.5
45.183,0.0098,-0.0,0.0,0.0001,-0.0003,0.0,0.0,3.111,1.5,1.5
45.2,0.0098,-0.0,0.0,0.0001,0.0002,0.0,0.0,3.111,1.5,1.5
45.2,0.0098,-0.0,0.0,0.0001,0.0002,0.0,0.0,3.111,1.5,1.5
45.2,0.0098,-0.0,0.0,0.0001,0.0002,0.0,0.0,3.1227,1.5,1.5
45.233,0.0099,-0.0,0.0,0.0001,0.0003,0.0,0.0,3.1227,1.5,1.5
45.25,0.0099,-0.0,0.0,0.0001,-0.0004,0.0,0.0,3.1227,1.5,1.5
45.25,0.0099,-0.0,0.0,0.0001,-0.0004,0.0,0.0,3.1227,1.5,1.5
45.25,0.0099,-0.0,0.0,0.0001,-0.0004,0.0,0.0,3.1227,1.5,1.5
45.283,0.0099,-0.0,0.0,0.0001,-0.0005,0.0,0.0,3.1227,1.5,1.5
45.283,0.0099,-0.0,0.0,0.0001,-0.0005,0.0,0.0,3.1227,1.5,1.5
45.3,0.0099,-0.0,0.0,0.0001,0.0004,0.0,0.0,3.1227,1.5,1.5
45.3,0.0099,-0.0,0.0,0.0001,0.0004,0.0,0.0,3.1227,1.5,1.5
45.3,0.0099,-0.0,0.0,0.0001,0.0004,0.0,0.0,3.0949,1.5,1.5
45.333,0.0099,-0.0,0.0,0.0001,0.0004,0.0,0.0,3.0949,1.5,1.5
45.35,0.0099,-0.0,0.0,0.0001,-0.0006,0.0,0.0,3.0949,1.5,1.5
45.35,0.0099,-0.0,0.0,0.0001,-0.0006,0.0,0.0,3.0949,1.5,1.5
45.367,0.0099,-0.0,0.0,0.0001,0.0005,0.0,0.0,3.0949,1.5,1.5
45.367,0.0099,-0.0,0.0,0.0001,0.0005,0.0,0.0,3.0949,1.5,1.5
45.367,0.0099,-0.0,0.0,0.0001,0.0005,0.0,0.0,3.0949,1.5,1.5
45.4,0.0099,-0.0,0.0,0.0001,0.0005,0.0,0.0,3.0949,1.5,1.5
45.417,0.0099,-0.0,0.0,0.0001,-0.0006,0.0,0.0,3.0949,1.5,1.5
45.417,0.0099,-0.0,0.0,0.0001,-0.0006,0.0,0.0,3.1144,1.5,1.5
45.417,0.0099,-0.0,0.0,0.0001,-0.0006,0.0,0.0,3.1144,1.5,1.5
45.417,0.0099,-0.0,0.0,0.0001,-0.0006,0.0,0.0,3.1144,1.5,1.5
45.45,0.0099,-0.0,0.0,0.0001,-0.0006,0.0,0.0,3.1144,1.5,1.5
45.467,0.0099,-0.0,0.0,0.0001,0.0003,0.0,0.0,3.1144,1.5,1.5
45.467,0.0099,-0.0,0.0,0.0001,0.0003,0.0,0.0,3.1144,1.5,1.5
45.467,0.0099,-0.0,0.0,0.0001,0.0003,0.0,0.0,3.1144,1.5,1.5
45.5,0.0099,-0.0,0.0,0.0001,0.0002,0.0,0.0,3.1144,1.5,1.5
45.5,0.0099,-0.0,0.0,0.0001,0.0002,0.0,0.0,3.1144,1.5,1.5
45.517,0.0099,-0.0,0.0,0.0001,-0.0003,0.0,0.0,3.1144,1.5,1.5
45.533,0.0099,-0.0,0.0,0.0001,0.0001,0.0,0.0,3.1636,1.5,1.5
45.533,0.0099,-0.0,0.0,0.0001,0.0001,0.0,0.0,3.1636,1.5,1.5
45.533,0.0099,-0.0,0.0,0.0001,0.0001,0.0,0.0,3.1636,1.5,1.5
45.567,0.0099,-0.0,0.0,0.0001,0.0,0.0,0.0,3.1636,1.5,1.5
45.567,0.0099,-0.0,0.0,0.0001,0.0,0.0,0.0,3.1636,1.5,1.5
45.583,0.0099,-0.0,0.0,0.0001,-0.0001,0.0,0.0,3.1636,1.5,1.5
45.583,0.0099,-0.0,0.0,0.0001,-0.0001,0.0,0.0,3.1636,1.5,1.5
45.583,0.0099,-0.0,0.0,0.0001,-0.0001,0.0,0.0,3.1636,1.5,1.5
45.617,0.0099,-0.0,0.0,0.0001,-0.0001,0.0,0.0,3.1636,1.5,1.5
45.633,0.0099,-0.0,0.0,0.0001,-0.0,0.0,0.0,3.137,1.5,1.5
45.633,0.0099,-0.0,0.0,0.0001,-0.0,0.0,0.0,3.137,1.5,1.5
45.633,0.0099,-0.0,0.0,0.0001,-0.0,0.0,0.0,3.137,1.5,1.5
45.667,0.0099,-0.0,0.0,0.0001,-0.0001,0.0,0.0,3.137,1.5,1.5
45.667,0.0099,-0.0,0.0,0.0001,-0.0001,0.0,0.0,3.137,1.5,1.5
45.683,0.01,-0.0,0.0,0.0001,-0.0001,0.0,0.0,3.137,1.5,1.5
45.7,0.01,-0.0,0.0,0.0001,-0.0001,0.0,0.0,3.137,1.5,1.5
45.7,0.01,-0.0,0.0,0.0001,-0.0001,0.0,0.0,3.137,1.5,1.5
45.7,0.01,-0.0,0.0,0.0001,-0.0001,0.0,0.0,3.137,1.5,1.5
45.733,0.01,-0.0,0.0,0.0001,0.0001,0.0,0.0,3.1281,1.5,1.5
45.733,0.01,-0.0,0.0,0.0001,0.0001,0.0,0.0,3.1281,1.5,1.5
45.75,0.01,-0.0,0.0,0.0001,-0.0003,0.0,0.0,3.1281,1.5,1.5
45.75,0.01,-0.0,0.0,0.0001,-0.0003,0.0,0.0,3.1281,1.5,1.5
45.75,0.01,-0.0,0.0,0.0001,-0.0003,0.0,0.0,3.1281,1.5,1.5
45.783,0.01,-0.0,0.0,0.0001,-0.0002,0.0,0.0,3.1281,1.5,1.5
45.8,0.01,-0.0,0.0,0.0001,-0.0,0.0,0.0,3.1281,1.5,1.5
45.8,0.01,-0.0,0.0,0.0001,-0.0,0.0,0.0,3.1281,1.5,1.5
45.8,0.01,-0.0,0.0,0.0001,-0.0,0.0,0.0,3.1281,1.5,1.5
45.833,0.01,-0.0,0.0,0.0001,-0.0,0.0,0.0,3.1434,1.5,1.5
45.833,0.01,-0.0,0.0,0.0001,-0.0,0.0,0.0,3.1434,1.5,1.5
45.85,0.01,-0.0,0.0,0.0001,-0.0002,0.0,0.0,3.1434,1.5,1.5
45.867,0.01,-0.0,0.0,0.0001,-0.0001,0.0,0.0,3.1434,1.5,1.5
45.867,0.01,-0.0,0.0,0.0001,-0.0001,0.0,0.0,3.1434,1.5,1.5
45.867,0.01,-0.0,0.0,0.0001,-0.0001,0.0,0.0,3.1434,1.5,1.5
45.867,0.01,-0.0,0.0,0.0001,-0.0001,0.0,0.0,3.1434,1.5,1.5
45.867,0.01,-0.0,0.0,0.0001,-0.0001,0.0,0.0,3.1434,1.5,1.5
45.9,0.01,-0.0,0.0,0.0001,-0.0001,0.0,0.0,3.1434,1.5,1.5
45.917,0.01,-0.0,0.0,0.0001,-0.0001,0.0,0.0,3.1434,1.5,1.5
45.917,0.01,-0.0,0.0,0.0001,-0.0001,0.0,0.0,3.1891,1.5,1.5
45.917,0.01,-0.0,0.0,0.0001,-0.0001,0.0,0.0,3.1891,1.5,1.5
45.95,0.01,-0.0,0.0,0.0001,-0.0001,0.0,0.0,3.1891,1.5,1.5
45.95,0.01,-0.0,0.0,0.0001,-0.0001,0.0,0.0,3.1891,1.5,1.5
45.967,0.01,-0.0,0.0,0.0001,-0.0001,0.0,0.0,3.1891,1.5,1.5
45.967,0.01,-0.0,0.0,0.0001,-0.0001,0.0,0.0,3.1891,1.5,1.5
45.967,0.01,-0.0,0.0,0.0001,-0.0001,0.0,0.0,3.1891,1.5,1.5
46.0,0.01,-0.0,0.0,0.0001,-0.0,0.0,0.0,3.1891,1.5,1.5
46.017,0.01,-0.0,0.0,0.0001,-0.0002,0.0,0.0,3.1891,1.5,1.5
46.017,0.01,-0.0,0.0,0.0001,-0.0002,0.0,0.0,3.1333,1.5,1.5
46.033,0.01,-0.0,0.0,0.0001,0.0001,0.0,0.0,3.1333,1.5,1.5
46.033,0.01,-0.0,0.0,0.0001,0.0001,0.0,0.0,3.1333,1.5,1.5
46.033,0.01,-0.0,0.0,0.0001,0.0001,0.0,0.0,3.1333,1.5,1.5
46.067,0.01,-0.0,0.0,0.0001,0.0001,0.0,0.0,3.1333,1.5,1.5
46.083,0.01,-0.0,0.0,0.0001,-0.0002,0.0,0.0,3.1333,1.5,1.5
46.083,0.01,-0.0,0.0,0.0001,-0.0002,0.0,0.0,3.1333,1.5,1.5
46.083,0.01,-0.0,0.0,0.0001,-0.0002,0.0,0.0,3.1333,1.5,1.5
46.117,0.01,-0.0,0.0,0.0001,-0.0002,0.0,0.0,3.1333,1.5,1.5
46.117,0.01,-0.0,0.0,0.0001,-0.0002,0.0,0.0,3.1333,1.5,1.5
46.117,0.01,-0.0,0.0,0.0001,-0.0002,0.0,0.0,3.1333,1.5,1.5
46.133,0.0101,-0.0,0.0,0.0001,-0.0001,0.0,0.0,3.1482,1.5,1.5
46.133,0.0101,-0.0,0.0,0.0001,-0.0001,0.0,0.0,3.1482,1.5,1.5
46.133,0.0101,-0.0,0.0,0.0001,-0.0001,0.0,0.0,3.1482,1.5,1.5
46.167,0.0101,-0.0,0.0,0.0001,-0.0001,0.0,0.0,3.1482,1.5,1.5
46.183,0.0101,-0.0,0.0,0.0001,-0.0001,0.0,0.0,3.1482,1.5,1.5
46.183,0.0101,-0.0,0.0,0.0001,-0.0001,0.0,0.0,3.1482,1.5,1.5
46.2,0.0101,-0.0,0.0,0.0001,-0.0001,0.0,0.0,3.1482,1.5,1.5
46.2,0.0101,-0.0,0.0,0.0001,-0.0001,0.0,0.0,3.1482,1.5,1.5
46.2,0.0101,-0.0,0.0,0.0001,-0.0001,0.0,0.0,3.19,1.5,1.5
46.233,0.0101,-0.0,0.0,0.0001,-0.0001,0.0,0.0,3.19,1.5,1.5
46.233,0.0101,-0.0,0.0,0.0001,-0.0001,0.0,0.0,3.19,1.5,1.5
46.25,0.0101,-0.0,0.0,0.0001,-0.0001,0.0,0.0,3.19,1.5,1.5
46.25,0.0101,-0.0,0.0,0.0001,-0.0001,0.0,0.0,3.19,1.5,1.5
46.283,0.0101,-0.0,0.0,0.0001,-0.0002,0.0,0.0,3.19,1.5,1.5
46.283,0.0101,-0.0,0.0,0.0001,-0.0002,0.0,0.0,3.19,1.5,1.5
46.3,0.0101,-0.0,0.0,0.0001,-0.0,0.0,0.0,3.19,1.5,1.5
46.3,0.0101,-0.0,0.0,0.0001,-0.0,0.0,0.0,3.19,1.5,1.5
46.3,0.0101,-0.0,0.0,0.0001,-0.0,0.0,0.0,3.19,1.5,1.5
46.333,0.0101,-0.0,0.0,0.0001,-0.0,0.0,0.0,3.2038,1.5,1.5
46.333,0.0101,-0.0,0.0,0.0001,-0.0,0.0,0.0,3.2038,1.5,1.5
46.35,0.0101,-0.0,0.0,0.0001,-0.0001,0.0,0.0,3.2038,1.5,1.5
46.367,0.0101,-0.0,0.0,0.0001,-0.0,0.0,0.0,3.2038,1.5,1.5
46.367,0.0101,-0.0,0.0,0.0001,-0.0,0.0,0.0,3.2038,1.5,1.5
46.367,0.0101,-0.0,0.0,0.0001,-0.0,0.0,0.0,3.2038,1.5,1.5
46.4,0.0101,-0.0,0.0,0.0001,-0.0001,0.0,0.0,3.2038,1.5,1.5
46.4,0.0101,-0.0,0.0,0.0001,-0.0001,0.0,0.0,3.2038,1.5,1.5
46.417,0.0101,-0.0,0.0,0.0001,-0.0001,0.0,0.0,3.2038,1.5,1.5
46.417,0.0101,-0.0,0.0,0.0001,-0.0001,0.0,0.0,3.1321,1.5,1.5
46.417,0.0101,-0.0,0.0,0.0001,-0.0001,0.0,0.0,3.1321,1.5,1.5
46.45,0.0101,-0.0,0.0,0.0001,-0.0001,0.0,0.0,3.1321,1.5,1.5
46.467,0.0101,-0.0,0.0,0.0001,-0.0001,0.0,0.0,3.1321,1.5,1.5
46.467,0.0101,-0.0,0.0,0.0001,-0.0001,0.0,0.0,3.1321,1.5,1.5
46.467,0.0101,-0.0,0.0,0.0001,-0.0001,0.0,0.0,3.1321,1.5,1.5
46.5,0.0101,-0.0,0.0,0.0001,-0.0001,0.0,0.0,3.1321,1.5,1.5
46.5,0.0101,-0.0,0.0,0.0001,-0.0001,0.0,0.0,3.1321,1.5,1.5
46.517,0.0101,-0.0,0.0,0.0001,-0.0001,0.0,0.0,3.1321,1.5,1.5
46.533,0.0101,-0.0,0.0,0.0001,-0.0001,0.0,0.0,3.1174,1.5,1.5
46.533,0.0101,-0.0,0.0,0.0001,-0.0001,0.0,0.0,3.1174,1.5,1.5
46.533,0.0101,-0.0,0.0,0.0001,-0.0001,0.0,0.0,3.1174,1.5,1.5
46.567,0.0101,-0.0,0.0,0.0001,-0.0001,0.0,0.0,3.1174,1.5,1.5
46.567,0.0101,-0.0,0.0,0.0001,-0.0001,0.0,0.0,3.1174,1.5,1.5
46.583,0.0102,-0.0,0.0,0.0001,-0.0001,0.0,0.0,3.1174,1.5,1.5
46.583,0.0102,-0.0,0.0,0.0001,-0.0001,0.0,0.0,3.1174,1.5,1.5
46.583,0.0102,-0.0,0.0,0.0001,-0.0001,0.0,0.0,3.1174,1.5,1.5
46.617,0.0102,-0.0,0.0,0.0001,-0.0001,0.0,0.0,3.1174,1.5,1.5
46.633,0.0102,-0.0,0.0,0.0001,-0.0001,0.0,0.0,3.1384,1.5,1.5
46.633,0.0102,-0.0,0.0,0.0001,-0.0001,0.0,0.0,3.1384,1.5,1.5
46.633,0.0102,-0.0,0.0,0.0001,-0.0001,0.0,0.0,3.1384,1.5,1.5
46.667,0.0102,-0.0,0.0,0.0001,-0.0,0.0,0.0,3.1384,1.5,1.5
46.667,0.0102,-0.0,0.0,0.0001,-0.0,0.0,0.0,3.1384,1.5,1.5
46.683,0.0102,-0.0,0.0,0.0001,-0.0001,0.0,0.0,3.1384,1.5,1.5
46.683,0.0102,-0.0,0.0,0.0001,-0.0001,0.0,0.0,3.1384,1.5,1.5
46.7,0.0102,-0.0,0.0,0.0001,-0.0001,0.0,0.0,3.1384,1.5,1.5
46.7,0.0102,-0.0,0.0,0.0001,-0.0001,0.0,0.0,3.1384,1.5,1.5
46.7,0.0102,-0.0,0.0,0.0001,-0.0001,0.0,0.0,3.1481,1.5,1.5
46.733,0.0102,-0.0,0.0,0.0001,-0.0001,0.0,0.0,3.1481,1.5,1.5
46.75,0.0102,-0.0,0.0,0.0001,-0.0,0.0,0.0,3.1481,1.5,1.5
46.75,0.0102,-0.0,0.0,0.0001,-0.0,0.0,0.0,3.1481,1.5,1.5
46.75,0.0102,-0.0,0.0,0.0001,-0.0,0.0,0.0,3.1481,1.5,1.5
46.783,0.0102,-0.0,0.0,0.0001,-0.0,0.0,0.0,3.1481,1.5,1.5
46.783,0.0102,-0.0,0.0,0.0001,-0.0,0.0,0.0,3.1481,1.5,1.5
46.8,0.0102,-0.0,0.0,0.0001,-0.0001,0.0,0.0,3.1481,1.5,1.5
46.8,0.0102,-0.0,0.0,0.0001,-0.0001,0.0,0.0,3.1481,1.5,1.5
46.8,0.0102,-0.0,0.0,0.0001,-0.0001,0.0,0.0,3.1151,1.5,1.5
46.833,0.0102,-0.0,0.0,0.0001,-0.0001,0.0,0.0,3.1151,1.5,1.5
46.85,0.0102,-0.0,0.0,0.0001,0.0001,0.0,0.0,3.1151,1.5,1.5
46.85,0.0102,-0.0,0.0,0.0001,0.0001,0.0,0.0,3.1151,1.5,1.5
46.867,0.0102,-0.0,0.0,0.0001,-0.0003,0.0,0.0,3.1151,1.5,1.5
46.867,0.0102,-0.0,0.0,0.0001,-0.0003,0.0,0.0,3.1151,1.5,1.5
46.867,0.0102,-0.0,0.0,0.0001,-0.0003,0.0,0.0,3.1151,1.5,1.5
46.9,0.0102,-0.0,0.0,0.0001,-0.0002,0.0,0.0,3.1151,1.5,1.5
46.917,0.0102,-0.0,0.0,0.0001,-0.0,0.0,0.0,3.1151,1.5,1.5
46.917,0.0102,-0.0,0.0,0.0001,-0.0,0.0,0.0,3.1151,1.5,1.5
46.917,0.0102,-0.0,0.0,0.0001,-0.0,0.0,0.0,3.1287,1.5,1.5
46.95,0.0102,-0.0,0.0,0.0001,-0.0,0.0,0.0,3.1287,1.5,1.5
46.95,0.0102,-0.0,0.0,0.0001,-0.0,0.0,0.0,3.1287,1.5,1.5
46.967,0.0102,-0.0,0.0,0.0001,-0.0001,0.0,0.0,3.1287,1.5,1.5
46.967,0.0102,-0.0,0.0,0.0001,-0.0001,0.0,0.0,3.1287,1.5,1.5
46.967,0.0102,-0.0,0.0,0.0001,-0.0001,0.0,0.0,3.1287,1.5,1.5
47.0,0.0102,-0.0,0.0,0.0001,-0.0001,0.0,0.0,3.1287,1.5,1.5
47.017,0.0102,-0.0,0.0,0.0001,-0.0,0.0,0.0,3.1287,1.5,1.5
47.017,0.0102,-0.0,0.0,0.0001,-0.0,0.0,0.0,3.12,1.5,1.5
47.033,0.0103,-0.0,0.0,0.0001,-0.0001,0.0,0.0,3.12,1.5,1.5
47.033,0.0103,-0.0,0.0,0.0001,-0.0001,0.0,0.0,3.12,1.5,1.5
47.033,0.0103,-0.0,0.0,0.0001,-0.0001,0.0,0.0,3.12,1.5,1.5
47.067,0.0103,-0.0,0.0,0.0001,-0.0002,0.0,0.0,3.12,1.5,1.5
47.067,0.0103,-0.0,0.0,0.0001,-0.0002,0.0,0.0,3.12,1.5,1.5
47.083,0.0103,-0.0,0.0,0.0001,-0.0,0.0,0.0,3.12,1.5,1.5
47.083,0.0103,-0.0,0.0,0.0001,-0.0,0.0,0.0,3.12,1.5,1.5
47.117,0.0103,-0.0,0.0,0.0001,-0.0001,0.0,0.0,3.12,1.5,1.5
47.117,0.0103,-0.0,0.0,0.0001,-0.0001,0.0,0.0,3.12,1.5,1.5
47.133,0.0103,-0.0,0.0,0.0001,-0.0001,0.0,0.0,3.1172,1.5,1.5
47.133,0.0103,-0.0,0.0,0.0001,-0.0001,0.0,0.0,3.1172,1.5,1.5
47.133,0.0103,-0.0,0.0,0.0001,-0.0001,0.0,0.0,3.1172,1.5,1.5
47.167,0.0103,-0.0,0.0,0.0001,-0.0002,0.0,0.0,3.1172,1.5,1.5
47.183,0.0103,-0.0,0.0,0.0001,0.0,0.0,0.0,3.1172,1.5,1.5
47.183,0.0103,-0.0,0.0,0.0001,0.0,0.0,0.0,3.1172,1.5,1.5
47.2,0.0103,-0.0,0.0,0.0001,-0.0002,0.0,0.0,3.1172,1.5,1.5
47.2,0.0103,-0.0,0.0,0.0001,-0.0002,0.0,0.0,3.1172,1.5,1.5
47.2,0.0103,-0.0,0.0,0.0001,-0.0002,0.0,0.0,3.1231,1.5,1.5
47.233,0.0103,-0.0,0.0,0.0001,-0.0001,0.0,0.0,3.1231,1.5,1.5
47.233,0.0103,-0.0,0.0,0.0001,-0.0001,0.0,0.0,3.1231,1.5,1.5
47.233,0.0103,-0.0,0.0,0.0001,-0.0001,0.0,0.0,3.1231,1.5,1.5
47.25,0.0103,-0.0,0.0,0.0001,-0.0,0.0,0.0,3.1231,1.5,1.5
47.25,0.0103,-0.0,0.0,0.0001,-0.0,0.0,0.0,3.1231,1.5,1.5
47.25,0.0103,-0.0,0.0,0.0001,-0.0,0.0,0.0,3.1231,1.5,1.5
47.283,0.0103,-0.0,0.0,0.0001,-0.0,0.0,0.0,3.1231,1.5,1.5
47.3,0.0103,-0.0,0.0,0.0001,-0.0001,0.0,0.0,3.1231,1.5,1.5
47.3,0.0103,-0.0,0.0,0.0001,-0.0001,0.0,0.0,3.1231,1.5,1.5
47.3,0.0103,-0.0,0.0,0.0001,-0.0001,0.0,0.0,3.1231,1.5,1.5
47.333,0.0103,-0.0,0.0,0.0001,-0.0001,0.0,0.0,3.1039,1.5,1.5
47.333,0.0103,-0.0,0.0,0.0001,-0.0001,0.0,0.0,3.1039,1.5,1.5
47.35,0.0103,-0.0,0.0,0.0001,-0.0001,0.0,0.0,3.1039,1.5,1.5
47.367,0.0103,-0.0,0.0,0.0001,-0.0001,0.0,0.0,3.1039,1.5,1.5
47.367,0.0103,-0.0,0.0,0.0001,-0.0001,0.0,0.0,3.1039,1.5,1.5
47.367,0.0103,-0.0,0.0,0.0001,-0.0001,0.0,0.0,3.1039,1.5,1.5
47.4,0.0103,-0.0,0.0,0.0001,-0.0001,0.0,0.0,3.1039,1.5,1.5
47.4,0.0103,-0.0,0.0,0.0001,-0.0001,0.0,0.0,3.1039,1.5,1.5
47.417,0.0103,-0.0,0.0,0.0001,-0.0001,0.0,0.0,3.1039,1.5,1.5
47.417,0.0103,-0.0,0.0,0.0001,-0.0001,0.0,0.0,3.1154,1.5,1.5
47.417,0.0103,-0.0,0.0,0.0001,-0.0001,0.0,0.0,3.1154,1.5,1.5
47.45,0.0103,-0.0,0.0,0.0001,-0.0001,0.0,0.0,3.1154,1.5,1.5
47.45,0.0103,-0.0,0.0,0.0001,-0.0001,0.0,0.0,3.1154,1.5,1.5
47.467,0.0103,-0.0,0.0,0.0001,-0.0001,0.0,0.0,3.1154,1.5,1.5
47.467,0.0103,-0.0,0.0,0.0001,-0.0001,0.0,0.0,3.1154,1.5,1.5
47.5,0.0104,-0.0,0.0,0.0001,-0.0001,0.0,0.0,3.1154,1.5,1.5
47.5,0.0104,-0.0,0.0,0.0001,-0.0001,0.0,0.0,3.1154,1.5,1.5
47.517,0.0104,-0.0,0.0,0.0001,-0.0001,0.0,0.0,3.1154,1.5,1.5
47.517,0.0104,-0.0,0.0,0.0001,-0.0001,0.0,0.0,3.0906,1.5,1.5
47.533,0.0104,-0.0,0.0,0.0001,-0.0001,0.0,0.0,3.0906,1.5,1.5
47.533,0.0104,-0.0,0.0,0.0001,-0.0001,0.0,0.0,3.0906,1.5,1.5
47.533,0.0104,-0.0,0.0,0.0001,-0.0001,0.0,0.0,3.0906,1.5,1.5
47.567,0.0104,-0.0,0.0,0.0001,-0.0001,0.0,0.0,3.0906,1.5,1.5
47.583,0.0104,-0.0,0.0,0.0001,-0.0001,0.0,0.0,3.0906,1.5,1.5
47.583,0.0104,-0.0,0.0,0.0001,-0.0001,0.0,0.0,3.0906,1.5,1.5
47.583,0.0104,-0.0,0.0,0.0001,-0.0001,0.0,0.0,3.0906,1.5,1.5
47.617,0.0104,-0.0,0.0,0.0001,-0.0,0.0,0.0,3.0906,1.5,1.5
47.617,0.0104,-0.0,0.0,0.0001,-0.0,0.0,0.0,3.1541,1.5,1.5
47.633,0.0104,-0.0,0.0,0.0001,-0.0001,0.0,0.0,3.1541,1.5,1.5
47.633,0.0104,-0.0,0.0,0.0001,-0.0001,0.0,0.0,3.1541,1.5,1.5
47.633,0.0104,-0.0,0.0,0.0001,-0.0001,0.0,0.0,3.1541,1.5,1.5
47.667,0.0104,-0.0,0.0,0.0001,0.0,0.0,0.0,3.1541,1.5,1.5
47.683,0.0104,-0.0,0.0,0.0001,-0.0002,0.0,0.0,3.1541,1.5,1.5
47.683,0.0104,-0.0,0.0,0.0001,-0.0002,0.0,0.0,3.1541,1.5,1.5
47.7,0.0104,-0.0,0.0,0.0001,0.0002,0.0,0.0,3.1541,1.5,1.5
47.7,0.0104,-0.0,0.0,0.0001,0.0002,0.0,0.0,3.1541,1.5,1.5
47.7,0.0104,-0.0,0.0,0.0001,0.0002,0.0,0.0,3.1541,1.5,1.5
47.733,0.0104,-0.0,0.0,0.0001,0.0002,0.0,0.0,3.135,1.5,1.5
47.733,0.0104,-0.0,0.0,0.0001,0.0002,0.0,0.0,3.135,1.5,1.5
47.75,0.0104,-0.0,0.0,0.0001,-0.0004,0.0,0.0,3.135,1.5,1.5
47.75,0.0104,-0.0,0.0,0.0001,-0.0004,0.0,0.0,3.135,1.5,1.5
47.783,0.0104,-0.0,0.0,0.0001,-0.0003,0.0,0.0,3.135,1.5,1.5
47.783,0.0104,-0.0,0.0,0.0001,-0.0003,0.0,0.0,3.135,1.5,1.5
47.8,0.0104,-0.0,0.0,0.0001,0.0001,0.0,0.0,3.135,1.5,1.5
47.8,0.0104,-0.0,0.0,0.0001,0.0001,0.0,0.0,3.135,1.5,1.5
47.8,0.0104,-0.0,0.0,0.0001,0.0001,0.0,0.0,3.135,1.5,1.5
47.833,0.0104,-0.0,0.0,0.0001,0.0001,0.0,0.0,3.1237,1.5,1.5
47.833,0.0104,-0.0,0.0,0.0001,0.0001,0.0,0.0,3.1237,1.5,1.5
47.85,0.0104,-0.0,0.0,0.0001,-0.0002,0.0,0.0,3.1237,1.5,1.5
47.867,0.0104,-0.0,0.0,0.0001,-0.0,0.0,0.0,3.1237,1.5,1.5
47.867,0.0104,-0.0,0.0,0.0001,-0.0,0.0,0.0,3.1237,1.5,1.5
47.867,0.0104,-0.0,0.0,0.0001,-0.0,0.0,0.0,3.1237,1.5,1.5
47.9,0.0104,-0.0,0.0,0.0001,-0.0001,0.0,0.0,3.1237,1.5,1.5
47.9,0.0104,-0.0,0.0,0.0001,-0.0001,0.0,0.0,3.1237,1.5,1.5
47.917,0.0104,-0.0,0.0,0.0001,-0.0001,0.0,0.0,3.1237,1.5,1.5
47.917,0.0104,-0.0,0.0,0.0001,-0.0001,0.0,0.0,3.1495,1.5,1.5
47.917,0.0104,-0.0,0.0,0.0001,-0.0001,0.0,0.0,3.1495,1.5,1.5
47.95,0.0105,-0.0,0.0,0.0001,-0.0001,0.0,0.0,3.1495,1.5,1.5
47.967,0.0105,-0.0,0.0,0.0001,-0.0001,0.0,0.0,3.1495,1.5,1.5
47.967,0.0105,-0.0,0.0,0.0001,-0.0001,0.0,0.0,3.1495,1.5,1.5
47.967,0.0105,-0.0,0.0,0.0001,-0.0001,0.0,0.0,3.1495,1.5,1.5
48.0,0.0105,-0.0,0.0,0.0001,-0.0001,0.0,0.0,3.1495,1.5,1.5
48.0,0.0105,-0.0,0.0,0.0001,-0.0001,0.0,0.0,3.1495,1.5,1.5
48.017,0.0105,-0.0,0.0,0.0001,-0.0001,0.0,0.0,3.1495,1.5,1.5
48.033,0.0105,-0.0,0.0,0.0001,-0.0001,0.0,0.0,3.1259,1.5,1.5
48.033,0.0105,-0.0,0.0,0.0001,-0.0001,0.0,0.0,3.1259,1.5,1.5
48.033,0.0105,-0.0,0.0,0.0001,-0.0001,0.0,0.0,3.1259,1.5,1.5
48.067,0.0105,-0.0,0.0,0.0001,-0.0001,0.0,0.0,3.1259,1.5,1.5
48.067,0.0105,-0.0,0.0,0.0001,-0.0001,0.0,0.0,3.1259,1.5,1.5
48.083,0.0105,-0.0,0.0,0.0001,-0.0001,0.0,0.0,3.1259,1.5,1.5
48.083,0.0105,-0.0,0.0,0.0001,-0.0001,0.0,0.0,3.1259,1.5,1.5
48.083,0.0105,-0.0,0.0,0.0001,-0.0001,0.0,0.0,3.1259,1.5,1.5
