t,x,y,yaw,odom_vx,odom_wz,cmd_vx,cmd_wz,scan_ahead,us_left,us_right
10.233,0.0022,-0.0,0.0,0.0001,-0.0001,0.0,0.0,3.1269,1.5,1.5
10.25,0.0022,-0.0,0.0,0.0001,0.0,0.0,0.0,3.1269,1.5,1.5
10.25,0.0022,-0.0,0.0,0.0001,0.0,0.058,-0.0084,3.1269,1.5,1.5
10.25,0.0022,-0.0,0.0,0.0001,0.0,0.0737,-0.0009,3.1269,1.5,1.5
10.283,0.0022,-0.0,0.0,0.0001,-0.0002,0.0753,0.0065,3.1269,1.5,1.5
10.283,0.0022,-0.0,0.0,0.0001,-0.0002,0.0831,0.0042,3.1269,1.5,1.5
10.3,0.0022,-0.0,0.0,0.0001,-0.0003,0.0853,-0.0003,3.1269,1.5,1.5
10.3,0.0022,-0.0,0.0,0.0001,-0.0003,0.089,0.001,3.1269,1.5,1.5
10.3,0.0022,-0.0,0.0,0.0001,-0.0003,0.0845,-0.0048,3.1453,1.5,1.5
10.333,0.0028,-0.0,0.0,0.0473,0.0066,0.1052,-0.002,3.1453,1.5,1.5
10.35,0.005,-0.0,0.0,0.0802,0.0033,0.1145,-0.0001,3.1453,1.5,1.5
10.35,0.005,-0.0,0.0,0.0802,0.0033,0.1319,0.0001,3.1453,1.5,1.5
10.367,0.0064,-0.0,0.0,0.0873,-0.002,0.139,0.001,3.1453,1.5,1.5
10.367,0.0064,-0.0,0.0,0.0873,-0.002,0.1474,-0.0,3.1453,1.5,1.5
10.367,0.0064,-0.0,0.0,0.0873,-0.002,0.1495,-0.0003,3.1453,1.5,1.5
10.4,0.0079,-0.0,0.0,0.0851,0.0029,0.1564,-0.0003,3.1453,1.5,1.5
10.417,0.0115,-0.0,0.0,0.1271,0.0019,0.1565,0.0012,3.1453,1.5,1.5
10.417,0.0115,-0.0,0.0,0.1271,0.0019,0.1734,0.0008,3.1382,1.5,1.5
10.417,0.0115,-0.0,0.0,0.1271,0.0019,0.1795,0.0,3.1382,1.5,1.5
10.45,0.0138,-0.0,0.0,0.1365,-0.0016,0.1869,0.0003,3.1382,1.5,1.5
10.45,0.0138,-0.0,0.0,0.1365,-0.0016,0.1914,0.0013,3.1382,1.5,1.5
10.467,0.0187,-0.0,0.0,0.1545,-0.0006,0.2006,-0.0021,3.1382,1.5,1.5
10.467,0.0187,-0.0,0.0,0.1545,-0.0006,0.2073,-0.0029,3.1382,1.5,1.5
10.467,0.0187,-0.0,0.0,0.1545,-0.0006,0.2113,-0.0044,3.1382,1.5,1.5
10.5,0.0214,-0.0,0.0,0.1694,-0.0001,0.2113,-0.0044,3.1382,1.5,1.5
10.517,0.0273,-0.0,0.0,0.1849,-0.0004,0.2268,-0.0039,3.1382,1.5,1.5
10.517,0.0273,-0.0,0.0,0.1849,-0.0004,0.2293,-0.0029,3.1276,1.5,1.5
10.533,0.0306,-0.0,0.0,0.1974,0.0006,0.2387,-0.0033,3.1276,1.5,1.5
10.533,0.0306,-0.0,0.0,0.1974,0.0006,0.2428,-0.0037,3.1276,1.5,1.5
10.533,0.0306,-0.0,0.0,0.1974,0.0006,0.2452,0.0019,3.1276,1.5,1.5
10.567,0.0339,-0.0,0.0,0.2053,0.0003,0.2502,0.0033,3.1276,1.5,1.5
10.583,0.041,-0.0,0.0,0.2234,0.0003,0.2532,-0.0002,3.1276,1.5,1.5
10.583,0.041,-0.0,0.0,0.2234,0.0003,0.2622,0.0023,3.1276,1.5,1.5
10.583,0.041,-0.0,0.0,0.2234,0.0003,0.2696,0.0026,3.1276,1.5,1.5
10.617,0.0448,-0.0,0.0,0.2281,0.0007,0.2715,-0.0009,3.1276,1.5,1.5
10.617,0.0448,-0.0,0.0,0.2281,0.0007,0.2763,-0.002,3.1494,1.5,1.5
10.633,0.0528,-0.0,0.0,0.2441,-0.0007,0.2845,-0.0008,3.1494,1.5,1.5
10.633,0.0528,-0.0,0.0,0.2441,-0.0007,0.2916,-0.0003,3.1494,1.5,1.5
10.633,0.0528,-0.0,0.0,0.2441,-0.0007,0.2924,-0.0066,3.1494,1.5,1.5
10.667,0.0569,-0.0,0.0,0.2514,0.0004,0.2981,-0.0026,3.1494,1.5,1.5
10.683,0.0656,-0.0,0.0,0.2677,-0.0001,0.301,-0.0037,3.1494,1.5,1.5
10.683,0.0656,-0.0,0.0,0.2677,-0.0001,0.3109,-0.005,3.1494,1.5,1.5
10.7,0.0702,-0.0,0.0,0.2746,0.0009,0.3168,-0.0029,3.1494,1.5,1.5
10.7,0.0702,-0.0,0.0,0.2746,0.0009,0.3192,-0.0017,3.1494,1.5,1.5
10.7,0.0702,-0.0,0.0,0.2746,0.0009,0.3215,-0.0,3.1768,1.5,1.5
10.733,0.0748,-0.0,0.0,0.2826,-0.0002,0.3239,0.0014,3.1768,1.5,1.5
10.75,0.0845,-0.0,0.0,0.2967,0.0001,0.3251,-0.0006,3.1768,1.5,1.5
10.75,0.0845,-0.0,0.0,0.2967,0.0001,0.3304,0.0034,3.1768,1.5,1.5
10.75,0.0845,-0.0,0.0,0.2967,0.0001,0.334,0.0024,3.1768,1.5,1.5
10.783,0.0895,-0.0,0.0,0.3003,0.001,0.3352,0.0001,3.1768,1.5,1.5
10.783,0.0895,-0.0,0.0,0.3003,0.001,0.3376,0.0012,3.1768,1.5,1.5
10.8,0.0999,-0.0,0.0,0.3182,0.0002,0.3471,0.005,3.1768,1.5,1.5
10.8,0.0999,-0.0,0.0,0.3182,0.0002,0.3517,0.005,3.1768,1.5,1.5
10.8,0.0999,-0.0,0.0,0.3182,0.0002,0.3512,0.0019,3.0873,1.5,1.5
10.833,0.1053,-0.0,0.0,0.3229,-0.0006,0.3531,0.0035,3.0873,1.5,1.5
10.85,0.1161,-0.0,0.0,0.3295,-0.001,0.3542,0.0009,3.0873,1.5,1.5
10.85,0.1161,-0.0,0.0,0.3295,-0.001,0.3585,0.003,3.0873,1.5,1.5
10.867,0.1217,-0.0,0.0,0.3343,0.0005,0.3585,0.003,3.0873,1.5,1.5
10.867,0.1217,-0.0,0.0,0.3343,0.0005,0.3691,0.0039,3.0873,1.5,1.5
10.867,0.1217,-0.0,0.0,0.3343,0.0005,0.3724,0.0061,3.0873,1.5,1.5
10.9,0.1273,-0.0,0.0,0.3372,-0.0003,0.375,0.0015,3.0873,1.5,1.5
10.9,0.1273,-0.0,0.0,0.3372,-0.0003,0.3782,0.0019,3.0873,1.5,1.5
10.917,0.1389,-0.0,0.0,0.3511,0.0,0.3863,0.0025,3.0873,1.5,1.5
10.917,0.1389,-0.0,0.0,0.3511,0.0,0.3863,0.0025,3.1467,1.5,1.5
10.95,0.1448,-0.0,0.0,0.3531,-0.0011,0.3883,-0.0025,3.1467,1.5,1.5
10.95,0.1448,-0.0,0.0,0.3531,-0.0011,0.3878,0.0013,3.1467,1.5,1.5
10.967,0.1567,-0.0,0.0,0.3587,0.0008,0.3878,0.0013,3.1467,1.5,1.5
10.967,0.1567,-0.0,0.0,0.3587,0.0008,0.3874,-0.0016,3.1467,1.5,1.5
10.967,0.1567,-0.0,0.0,0.3587,0.0008,0.3869,0.0024,3.1467,1.5,1.5
11.0,0.1628,-0.0,0.0,0.37,-0.0004,0.3916,-0.0007,3.1467,1.5,1.5
11.017,0.1753,-0.0,0.0,0.378,0.0002,0.3963,-0.0,3.1467,1.5,1.5
11.017,0.1753,-0.0,0.0,0.378,0.0002,0.3994,0.0012,3.121,1.5,1.5
11.033,0.1816,-0.0,0.0,0.385,0.0027,0.4049,0.0025,3.121,1.5,1.5
11.033,0.1816,-0.0,0.0,0.385,0.0027,0.4066,0.0031,3.121,1.5,1.5
11.033,0.1816,-0.0,0.0,0.385,0.0027,0.4081,0.0038,3.121,1.5,1.5
11.067,0.1881,-0.0,0.0,0.3879,0.0027,0.4081,0.0038,3.121,1.5,1.5
11.067,0.1881,-0.0,0.0,0.3879,0.0027,0.4141,0.0003,3.121,1.5,1.5
11.067,0.1881,-0.0,0.0,0.3879,0.0027,0.4193,0.004,3.121,1.5,1.5
11.083,0.201,-0.0,0.0,0.3879,0.0029,0.4172,0.0056,3.121,1.5,1.5
11.083,0.201,-0.0,0.0,0.3879,0.0029,0.4206,0.0053,3.121,1.5,1.5
11.083,0.201,-0.0,0.0,0.3879,0.0029,0.4168,0.0005,3.121,1.5,1.5
11.117,0.2075,-0.0,0.0,0.3875,-0.0004,0.4162,0.003,3.121,1.5,1.5
11.133,0.2206,-0.0,0.0,0.3987,0.0018,0.4162,0.003,3.1475,1.5,1.5
11.133,0.2206,-0.0,0.0,0.3987,0.0018,0.4191,0.004,3.1475,1.5,1.5
11.133,0.2206,-0.0,0.0,0.3987,0.0018,0.4255,0.0021,3.1475,1.5,1.5
11.167,0.2273,-0.0,0.0,0.4053,0.0008,0.4276,0.0041,3.1475,1.5,1.5
11.167,0.2273,-0.0,0.0,0.4053,0.0008,0.4288,0.0048,3.1475,1.5,1.5
11.183,0.2409,-0.0001,0.0,0.4083,0.0013,0.4312,0.0013,3.1475,1.5,1.5
11.183,0.2409,-0.0001,0.0,0.4083,0.0013,0.4331,0.0055,3.1475,1.5,1.5
11.183,0.2409,-0.0001,0.0,0.4083,0.0013,0.4311,0.0044,3.1475,1.5,1.5
11.2,0.2478,-0.0001,0.0,0.4172,0.001,0.4344,0.0069,3.1475,1.5,1.5
11.2,0.2478,-0.0001,0.0,0.4172,0.001,0.4364,0.0005,3.1475,1.5,1.5
11.233,0.2548,-0.0001,0.0,0.4174,0.0013,0.4401,-0.0006,3.1732,1.5,1.5
11.233,0.2548,-0.0001,0.0,0.4174,0.0013,0.4402,0.0021,3.1732,1.5,1.5
11.25,0.2687,-0.0001,0.0,0.4165,0.0011,0.4418,0.0014,3.1732,1.5,1.5
11.25,0.2687,-0.0001,0.0,0.4165,0.0011,0.4411,0.0007,3.1732,1.5,1.5
11.25,0.2687,-0.0001,0.0,0.4165,0.0011,0.4417,0.0039,3.1732,1.5,1.5
11.283,0.2756,-0.0001,0.0,0.4163,0.0018,0.4386,0.0029,3.1732,1.5,1.5
11.283,0.2756,-0.0001,0.0,0.4163,0.0018,0.442,0.0031,3.1732,1.5,1.5
11.3,0.2898,-0.0001,0.0,0.4281,0.0013,0.4431,0.0043,3.1732,1.5,1.5
11.3,0.2898,-0.0001,0.0,0.4281,0.0013,0.4431,0.0043,3.1732,1.5,1.5
11.333,0.2969,-0.0001,0.0,0.4321,0.0009,0.4474,0.0043,3.1225,1.5,1.5
11.333,0.2969,-0.0001,0.0,0.4321,0.0009,0.4501,0.0022,3.1225,1.5,1.5
11.35,0.3113,-0.0001,0.0,0.4336,0.0001,0.4532,0.0014,3.1225,1.5,1.5
11.35,0.3113,-0.0001,0.0,0.4336,0.0001,0.4562,0.0029,3.1225,1.5,1.5
11.367,0.3186,-0.0001,0.0,0.4387,0.0024,0.4591,0.0029,3.1225,1.5,1.5
11.367,0.3186,-0.0001,0.0,0.4387,0.0024,0.4586,0.0038,3.1225,1.5,1.5
11.367,0.3186,-0.0001,0.0,0.4387,0.0024,0.4571,0.0044,3.1225,1.5,1.5
11.4,0.3259,-0.0,0.0007,0.4397,0.0011,0.4592,0.0053,3.1225,1.5,1.5
11.417,0.3406,-0.0,0.0,0.4414,-0.0001,0.4589,-0.0003,3.1225,1.5,1.5
11.417,0.3406,-0.0,0.0,0.4414,-0.0001,0.4582,-0.0006,3.113,1.5,1.5
11.417,0.3406,-0.0,0.0,0.4414,-0.0001,0.4604,0.0018,3.113,1.5,1.5
11.45,0.348,-0.0,0.0007,0.4389,0.0017,0.4613,0.0061,3.113,1.5,1.5
11.45,0.348,-0.0,0.0007,0.4389,0.0017,0.4593,0.0007,3.113,1.5,1.5
11.467,0.3627,-0.0,0.0,0.4459,0.0007,0.464,-0.0027,3.113,1.5,1.5
11.467,0.3627,-0.0,0.0,0.4459,0.0007,0.4672,-0.0018,3.113,1.5,1.5
11.467,0.3627,-0.0,0.0,0.4459,0.0007,0.4673,-0.0018,3.113,1.5,1.5
11.5,0.3702,-0.0,0.0,0.4514,0.0019,0.4677,0.0003,3.113,1.5,1.5
11.517,0.3854,-0.0,0.0007,0.458,0.0008,0.4697,0.0032,3.113,1.5,1.5
11.517,0.3854,-0.0,0.0007,0.458,0.0008,0.4742,0.0066,3.113,1.5,1.5
11.533,0.393,-0.0,0.0007,0.457,0.0007,0.4748,0.0017,3.1447,1.5,1.5
11.533,0.393,-0.0,0.0007,0.457,0.0007,0.4752,0.0004,3.1447,1.5,1.5
11.533,0.393,-0.0,0.0007,0.457,0.0007,0.4772,0.0007,3.1447,1.5,1.5
11.567,0.4007,-0.0,0.0,0.4585,0.0005,0.4797,-0.0036,3.1447,1.5,1.5
11.583,0.416,-0.0,0.001,0.4597,0.0007,0.4755,-0.0005,3.1447,1.5,1.5
11.583,0.416,-0.0,0.001,0.4597,0.0007,0.4741,0.0048,3.1447,1.5,1.5
11.583,0.416,-0.0,0.001,0.4597,0.0007,0.4723,0.0046,3.1447,1.5,1.5
11.617,0.4236,-0.0,0.0007,0.4609,0.0004,0.4755,0.003,3.1447,1.5,1.5
11.617,0.4236,-0.0,0.0007,0.4609,0.0004,0.475,0.0028,3.1839,1.5,1.5
11.633,0.4391,-0.0,0.0007,0.4669,0.0018,0.4781,-0.0,3.1839,1.5,1.5
11.633,0.4391,-0.0,0.0007,0.4669,0.0018,0.4817,0.0012,3.1839,1.5,1.5
11.633,0.4391,-0.0,0.0007,0.4669,0.0018,0.4826,0.0006,3.1839,1.5,1.5
11.667,0.447,-0.0,0.001,0.4692,0.0007,0.4853,-0.0002,3.1839,1.5,1.5
11.683,0.4627,0.0,0.001,0.4746,0.0024,0.4847,0.001,3.1839,1.5,1.5
11.683,0.4627,0.0,0.001,0.4746,0.0024,0.4867,-0.0009,3.1839,1.5,1.5
11.7,0.4707,0.0,0.001,0.4768,0.0021,0.4916,0.0019,3.1839,1.5,1.5
11.7,0.4707,0.0,0.001,0.4768,0.0021,0.4916,0.0025,3.1839,1.5,1.5
11.7,0.4707,0.0,0.001,0.4768,0.0021,0.4926,-0.0006,3.1839,1.5,1.5
11.733,0.4786,0.0,0.001,0.4793,0.0033,0.4934,-0.0039,3.1238,1.5,1.5
11.75,0.4945,0.0,0.0012,0.4733,0.0025,0.4952,0.002,3.1238,1.5,1.5
11.75,0.4945,0.0,0.0012,0.4733,0.0025,0.4912,0.0009,3.1238,1.5,1.5
11.75,0.4945,0.0,0.0012,0.4733,0.0025,0.4907,0.0042,3.1238,1.5,1.5
11.783,0.5024,0.0,0.0014,0.4754,0.0024,0.4905,0.0032,3.1238,1.5,1.5
11.783,0.5024,0.0,0.0014,0.4754,0.0024,0.4912,0.0018,3.1238,1.5,1.5
11.8,0.5184,0.0,0.0015,0.4826,0.0031,0.4902,0.0024,3.1238,1.5,1.5
11.8,0.5184,0.0,0.0015,0.4826,0.0031,0.492,0.003,3.1238,1.5,1.5
11.8,0.5184,0.0,0.0015,0.4826,0.0031,0.4932,0.0052,3.1263,1.5,1.5
11.833,0.5265,0.0,0.0015,0.4847,0.0036,0.4972,0.0055,3.1263,1.5,1.5
11.85,0.5428,0.0,0.0017,0.491,0.0034,0.4976,0.0013,3.1263,1.5,1.5
11.85,0.5428,0.0,0.0017,0.491,0.0034,0.4986,0.0036,3.1263,1.5,1.5
11.867,0.551,0.0,0.0015,0.4929,0.004,0.4984,0.0046,3.1263,1.5,1.5
11.867,0.551,0.0,0.0015,0.4929,0.004,0.4992,0.0069,3.1263,1.5,1.5
11.867,0.551,0.0,0.0015,0.4929,0.004,0.4993,0.0035,3.1263,1.5,1.5
11.9,0.5592,0.0,0.0018,0.4939,0.004,0.4998,0.0068,3.1263,1.5,1.5
11.917,0.5756,0.0,0.0018,0.4917,0.0041,0.5,0.0022,3.1263,1.5,1.5
11.917,0.5756,0.0,0.0018,0.4917,0.0041,0.4997,0.0024,3.1263,1.5,1.5
11.917,0.5756,0.0,0.0018,0.4917,0.0041,0.4995,0.0035,3.1077,1.5,1.5
11.95,0.5838,0.0,0.0018,0.4914,0.0038,0.4999,0.0004,3.1077,1.5,1.5
11.95,0.5838,0.0,0.0018,0.4914,0.0038,0.5,-0.0003,3.1077,1.5,1.5
11.967,0.6002,0.0001,0.002,0.4936,0.0032,0.5,0.0038,3.1077,1.5,1.5
11.967,0.6002,0.0001,0.002,0.4936,0.0032,0.4992,0.0038,3.1077,1.5,1.5
11.967,0.6002,0.0001,0.002,0.4936,0.0032,0.4985,0.0066,3.1077,1.5,1.5
12.0,0.6085,0.0001,0.0021,0.4973,0.0046,0.4997,0.0103,3.1077,1.5,1.5
12.017,0.6251,0.0001,0.0022,0.4989,0.0037,0.4999,0.0097,3.1077,1.5,1.5
12.017,0.6251,0.0001,0.0022,0.4989,0.0037,0.5,0.0063,3.1032,1.5,1.5
12.033,0.6334,0.0001,0.0022,0.4996,0.004,0.5,0.0063,3.1032,1.5,1.5
12.033,0.6334,0.0001,0.0022,0.4996,0.004,0.5,0.0089,3.1032,1.5,1.5
12.033,0.6334,0.0001,0.0022,0.4996,0.004,0.5,0.0072,3.1032,1.5,1.5
12.067,0.6418,0.0001,0.0023,0.5001,0.0029,0.5,0.0072,3.1032,1.5,1.5
12.067,0.6418,0.0001,0.0023,0.5001,0.0029,0.5,0.0039,3.1032,1.5,1.5
12.083,0.6584,0.0001,0.0024,0.4999,0.0036,0.5,0.0009,3.1032,1.5,1.5
12.083,0.6584,0.0001,0.0024,0.4999,0.0036,0.5,0.0026,3.1032,1.5,1.5
12.083,0.6584,0.0001,0.0024,0.4999,0.0036,0.4998,0.0026,3.1032,1.5,1.5
12.117,0.6668,0.0001,0.0024,0.5001,0.0043,0.5,0.0022,3.1032,1.5,1.5
12.133,0.6834,0.0002,0.0024,0.4988,0.0026,0.5,0.0028,3.1164,1.5,1.5
12.133,0.6834,0.0002,0.0024,0.4988,0.0026,0.4996,0.0036,3.1164,1.5,1.5
12.133,0.6834,0.0002,0.0024,0.4988,0.0026,0.4999,0.0029,3.1164,1.5,1.5
12.167,0.6917,0.0002,0.0026,0.4997,0.0021,0.5,0.0057,3.1164,1.5,1.5
12.167,0.6917,0.0002,0.0026,0.4997,0.0021,0.5,0.0054,3.1164,1.5,1.5
12.183,0.7084,0.0002,0.0026,0.4999,0.0026,0.5,0.0017,3.1164,1.5,1.5
12.2,0.7167,0.0002,0.0026,0.4998,0.0027,0.5,0.0033,3.1164,1.5,1.5
12.2,0.7167,0.0002,0.0026,0.4998,0.0027,0.5,-0.0007,3.1164,1.5,1.5
12.2,0.7167,0.0002,0.0026,0.4998,0.0027,0.5,-0.0007,3.1164,1.5,1.5
12.233,0.7251,0.0002,0.0027,0.4998,0.0034,0.5,0.0037,3.1344,1.5,1.5
12.233,0.7251,0.0002,0.0027,0.4998,0.0034,0.5,0.0018,3.1344,1.5,1.5
12.25,0.7417,0.0003,0.0027,0.4995,0.002,0.5,0.0018,3.1344,1.5,1.5
12.25,0.7417,0.0003,0.0027,0.4995,0.002,0.5,-0.0003,3.1344,1.5,1.5
12.25,0.7417,0.0003,0.0027,0.4995,0.002,0.4998,0.002,3.1344,1.5,1.5
12.283,0.75,0.0003,0.0028,0.4997,0.0019,0.4998,0.002,3.1344,1.5,1.5
12.3,0.7667,0.0003,0.0028,0.4994,0.0023,0.5,0.0062,3.1344,1.5,1.5
12.3,0.7667,0.0003,0.0028,0.4994,0.0023,0.5,0.0038,3.1344,1.5,1.5
12.3,0.7667,0.0003,0.0028,0.4994,0.0023,0.5,0.0038,3.1344,1.5,1.5
12.333,0.775,0.0003,0.0028,0.4995,0.0019,0.5,0.0021,3.0987,1.5,1.5
12.333,0.775,0.0003,0.0028,0.4995,0.0019,0.5,0.0037,3.0987,1.5,1.5
12.35,0.7917,0.0004,0.0028,0.4995,0.0013,0.5,0.0061,3.0987,1.5,1.5
12.35,0.7917,0.0004,0.0028,0.4995,0.0013,0.5,0.0046,3.0987,1.5,1.5
12.367,0.8,0.0004,0.0029,0.4996,0.0018,0.5,0.0071,3.0987,1.5,1.5
12.367,0.8,0.0004,0.0029,0.4996,0.0018,0.5,0.0039,3.0987,1.5,1.5
12.367,0.8,0.0004,0.0029,0.4996,0.0018,0.5,0.0035,3.0987,1.5,1.5
12.4,0.8083,0.0004,0.0029,0.4996,0.0023,0.5,0.0011,3.0987,1.5,1.5
12.417,0.825,0.0005,0.0029,0.4996,0.0016,0.5,-0.0002,3.0987,1.5,1.5
12.417,0.825,0.0005,0.0029,0.4996,0.0016,0.5,0.0002,3.1343,1.5,1.5
12.417,0.825,0.0005,0.0029,0.4996,0.0016,0.5,0.006,3.1343,1.5,1.5
12.45,0.8333,0.0005,0.003,0.4997,0.0018,0.5,0.0034,3.1343,1.5,1.5
12.45,0.8333,0.0005,0.003,0.4997,0.0018,0.5,0.0025,3.1343,1.5,1.5
12.467,0.85,0.0005,0.0032,0.5,0.0022,0.5,0.0012,3.1343,1.5,1.5
12.467,0.85,0.0005,0.0032,0.5,0.0022,0.4996,0.0023,3.1343,1.5,1.5
12.467,0.85,0.0005,0.0032,0.5,0.0022,0.4999,0.0069,3.1343,1.5,1.5
12.5,0.8583,0.0005,0.0033,0.5,0.0012,0.5,0.0047,3.1343,1.5,1.5
12.517,0.875,0.0006,0.0035,0.5002,0.0018,0.5,0.0056,3.1343,1.5,1.5
12.517,0.875,0.0006,0.0035,0.5002,0.0018,0.5,0.0003,3.0931,1.5,1.5
12.533,0.8833,0.0006,0.0035,0.5003,0.0032,0.5,-0.0003,3.0931,1.5,1.5
12.533,0.8833,0.0006,0.0035,0.5003,0.0032,0.5,0.0022,3.0931,1.5,1.5
12.533,0.8833,0.0006,0.0035,0.5003,0.0032,0.5,-0.0003,3.0931,1.5,1.5
12.567,0.8917,0.0006,0.0035,0.5003,0.0036,0.5,0.0016,3.0931,1.5,1.5
12.583,0.9084,0.0006,0.0036,0.5005,0.0024,0.5,0.002,3.0931,1.5,1.5
12.583,0.9084,0.0006,0.0036,0.5005,0.0024,0.5,0.0053,3.0931,1.5,1.5
12.583,0.9084,0.0006,0.0036,0.5005,0.0024,0.5,0.0014,3.0931,1.5,1.5
12.617,0.9167,0.0007,0.0038,0.5005,0.0041,0.5,-0.0023,3.0931,1.5,1.5
12.617,0.9167,0.0007,0.0038,0.5005,0.0041,0.5,-0.0014,3.1217,1.5,1.5
12.633,0.9334,0.0007,0.004,0.5005,0.0027,0.5,-0.0012,3.1217,1.5,1.5
12.633,0.9334,0.0007,0.004,0.5005,0.0027,0.5,-0.0009,3.1217,1.5,1.5
12.633,0.9334,0.0007,0.004,0.5005,0.0027,0.5,0.002,3.1217,1.5,1.5
12.667,0.9417,0.0007,0.004,0.5006,0.0043,0.5,0.002,3.1217,1.5,1.5
12.667,0.9417,0.0007,0.004,0.5006,0.0043,0.5,0.0038,3.1217,1.5,1.5
12.683,0.9584,0.0008,0.0042,0.5007,0.0057,0.5,0.0042,3.1217,1.5,1.5
12.7,0.9668,0.0008,0.0043,0.5008,0.0057,0.5,0.0038,3.1217,1.5,1.5
12.7,0.9668,0.0008,0.0043,0.5008,0.0057,0.5,0.0053,3.1217,1.5,1.5
12.7,0.9668,0.0008,0.0043,0.5008,0.0057,0.5,0.0042,3.1217,1.5,1.5
12.733,0.9751,0.0008,0.0043,0.5008,0.0047,0.5,0.0027,3.1248,1.5,1.5
12.733,0.9751,0.0008,0.0043,0.5008,0.0047,0.5,0.0013,3.1248,1.5,1.5
12.75,0.9918,0.0008,0.0044,0.5008,0.0065,0.5,0.0031,3.1248,1.5,1.5
12.75,0.9918,0.0008,0.0044,0.5008,0.0065,0.5,0.0023,3.1248,1.5,1.5
12.75,0.9918,0.0008,0.0044,0.5008,0.0065,0.5,0.0076,3.1248,1.5,1.5
12.783,1.0002,0.0009,0.0045,0.5008,0.0047,0.5,0.0056,3.1248,1.5,1.5
12.8,1.0169,0.0009,0.0046,0.5007,0.0046,0.5,0.007,3.1248,1.5,1.5
12.8,1.0169,0.0009,0.0046,0.5007,0.0046,0.5,0.0036,3.1248,1.5,1.5
12.8,1.0169,0.0009,0.0046,0.5007,0.0046,0.5,0.0062,3.1248,1.5,1.5
12.833,1.0252,0.001,0.0047,0.5006,0.0042,0.5,0.0062,3.0868,1.5,1.5
12.833,1.0252,0.001,0.0047,0.5006,0.0042,0.5,0.003,3.0868,1.5,1.5
12.85,1.0419,0.001,0.0048,0.5005,0.0043,0.5,0.0005,3.0868,1.5,1.5
12.85,1.0419,0.001,0.0048,0.5005,0.0043,0.5,-0.0015,3.0868,1.5,1.5
12.85,1.0419,0.001,0.0048,0.5005,0.0043,0.5,-0.0015,3.0868,1.5,1.5
12.867,1.0502,0.001,0.0048,0.5005,0.004,0.5,0.0006,3.0868,1.5,1.5
12.867,1.0502,0.001,0.0048,0.5005,0.004,0.5,0.0012,3.0868,1.5,1.5
12.867,1.0502,0.001,0.0048,0.5005,0.004,0.5,0.0005,3.0868,1.5,1.5
12.9,1.0586,0.0011,0.0049,0.5004,0.0044,0.4999,0.0031,3.0868,1.5,1.5
12.917,1.0753,0.0011,0.005,0.5002,0.0041,0.5,0.004,3.0868,1.5,1.5
12.917,1.0753,0.0011,0.005,0.5002,0.0041,0.5,0.0018,3.1188,1.5,1.5
12.917,1.0753,0.0011,0.005,0.5002,0.0041,0.5,0.0018,3.1188,1.5,1.5
12.95,1.0836,0.0012,0.0051,0.5002,0.0033,0.5,-0.0,3.1188,1.5,1.5
12.95,1.0836,0.0012,0.0051,0.5002,0.0033,0.5,-0.0035,3.1188,1.5,1.5
12.967,1.1003,0.0012,0.0051,0.5,0.0042,0.5,-0.0011,3.1188,1.5,1.5
12.967,1.1003,0.0012,0.0051,0.5,0.0042,0.4996,0.0034,3.1188,1.5,1.5
12.967,1.1003,0.0012,0.0051,0.5,0.0042,0.4999,0.004,3.1188,1.5,1.5
13.0,1.1086,0.0013,0.0052,0.5,0.0046,0.5,0.0028,3.1188,1.5,1.5
13.017,1.1253,0.0013,0.0052,0.4999,0.0029,0.5,0.0037,3.1188,1.5,1.5
13.017,1.1253,0.0013,0.0052,0.4999,0.0029,0.5,-0.0009,3.0963,1.5,1.5
13.033,1.1336,0.0014,0.0052,0.4998,0.0022,0.4998,0.0019,3.0963,1.5,1.5
13.033,1.1336,0.0014,0.0052,0.4998,0.0022,0.5,-0.0004,3.0963,1.5,1.5
13.033,1.1336,0.0014,0.0052,0.4998,0.0022,0.5,0.0007,3.0963,1.5,1.5
13.067,1.1419,0.0014,0.0053,0.4998,0.0008,0.5,-0.0003,3.0963,1.5,1.5
13.083,1.1586,0.0015,0.0053,0.4996,0.0016,0.5,-0.0033,3.0963,1.5,1.5
13.083,1.1586,0.0015,0.0053,0.4996,0.0016,0.5,0.0003,3.0963,1.5,1.5
13.083,1.1586,0.0015,0.0053,0.4996,0.0016,0.5,0.0037,3.0963,1.5,1.5
13.117,1.1669,0.0016,0.0053,0.4995,0.002,0.5,0.0029,3.0963,1.5,1.5
13.117,1.1669,0.0016,0.0053,0.4995,0.002,0.5,0.0018,3.0963,1.5,1.5
13.133,1.1836,0.0016,0.0053,0.4994,0.0014,0.5,0.0018,3.1959,1.5,1.5
13.133,1.1836,0.0016,0.0053,0.4994,0.0014,0.4993,-0.0028,3.1959,1.5,1.5
13.133,1.1836,0.0016,0.0053,0.4994,0.0014,0.4989,-0.0017,3.1959,1.5,1.5
13.167,1.1919,0.0017,0.0053,0.4995,0.001,0.4989,-0.0017,3.1959,1.5,1.5
13.167,1.1919,0.0017,0.0053,0.4995,0.001,0.4997,0.0011,3.1959,1.5,1.5
13.183,1.2085,0.0018,0.0053,0.4994,0.001,0.5,0.0001,3.1959,1.5,1.5
13.2,1.2169,0.0018,0.0054,0.4996,0.0013,0.5,-0.001,3.1959,1.5,1.5
13.2,1.2169,0.0018,0.0054,0.4996,0.0013,0.4998,0.0007,3.1959,1.5,1.5
13.2,1.2169,0.0018,0.0054,0.4996,0.0013,0.5,-0.0001,3.1959,1.5,1.5
13.233,1.2252,0.0019,0.0054,0.4997,0.0015,0.5,-0.0001,3.0939,1.5,1.5
13.233,1.2252,0.0019,0.0054,0.4997,0.0015,0.5,0.0023,3.0939,1.5,1.5
13.25,1.2419,0.0019,0.0055,0.4998,0.0004,0.5,-0.0023,3.0939,1.5,1.5
13.25,1.2419,0.0019,0.0055,0.4998,0.0004,0.5,-0.0017,3.0939,1.5,1.5
13.25,1.2419,0.0019,0.0055,0.4998,0.0004,0.5,-0.0052,3.0939,1.5,1.5
13.283,1.2502,0.002,0.0055,0.4999,0.0012,0.5,-0.0052,3.0939,1.5,1.5
13.3,1.2668,0.0021,0.0056,0.499,0.0014,0.5,-0.0034,3.0939,1.5,1.5
13.3,1.2668,0.0021,0.0056,0.499,0.0014,0.5,-0.0028,3.0939,1.5,1.5
13.3,1.2668,0.0021,0.0056,0.499,0.0014,0.5,-0.0025,3.0939,1.5,1.5
13.333,1.2752,0.0021,0.0056,0.4997,0.001,0.5,0.0003,3.0777,1.5,1.5
13.333,1.2752,0.0021,0.0056,0.4997,0.001,0.5,0.0025,3.0777,1.5,1.5
13.35,1.2919,0.0022,0.0057,0.5002,0.0019,0.5,0.0025,3.0777,1.5,1.5
13.367,1.3002,0.0022,0.0057,0.5003,0.0017,0.5,-0.0022,3.0777,1.5,1.5
13.367,1.3002,0.0022,0.0057,0.5003,0.0017,0.5,-0.0018,3.0777,1.5,1.5
13.367,1.3002,0.0022,0.0057,0.5003,0.0017,0.5,-0.0018,3.0777,1.5,1.5
13.4,1.3085,0.0023,0.0058,0.5004,0.0014,0.5,0.0021,3.0777,1.5,1.5
13.4,1.3085,0.0023,0.0058,0.5004,0.0014,0.5,0.0008,3.0777,1.5,1.5
13.417,1.3252,0.0023,0.0059,0.5005,0.0033,0.5,0.0008,3.0777,1.5,1.5
13.417,1.3252,0.0023,0.0059,0.5005,0.0033,0.5,-0.0007,3.1297,1.5,1.5
13.417,1.3252,0.0023,0.0059,0.5005,0.0033,0.4999,-0.0016,3.1297,1.5,1.5
13.45,1.3336,0.0024,0.0059,0.5005,0.0032,0.5,0.0005,3.1297,1.5,1.5
13.45,1.3336,0.0024,0.0059,0.5005,0.0032,0.5,0.0017,3.1297,1.5,1.5
13.467,1.3503,0.0025,0.006,0.5006,0.0028,0.5,0.0006,3.1297,1.5,1.5
13.467,1.3503,0.0025,0.006,0.5006,0.0028,0.5,-0.0008,3.1297,1.5,1.5
13.467,1.3503,0.0025,0.006,0.5006,0.0028,0.5,-0.0015,3.1297,1.5,1.5
13.5,1.3586,0.0025,0.006,0.5006,0.0011,0.5,-0.0012,3.1297,1.5,1.5
13.517,1.3753,0.0026,0.0061,0.5007,0.0026,0.5,-0.0029,3.1297,1.5,1.5
13.517,1.3753,0.0026,0.0061,0.5007,0.0026,0.5,0.0033,3.1297,1.5,1.5
13.533,1.3837,0.0026,0.0061,0.5008,0.0018,0.5,0.0033,3.089,1.5,1.5
13.533,1.3837,0.0026,0.0061,0.5008,0.0018,0.5,0.0022,3.089,1.5,1.5
13.533,1.3837,0.0026,0.0061,0.5008,0.0018,0.5,-0.0031,3.089,1.5,1.5
13.567,1.392,0.0027,0.0062,0.5008,0.0033,0.5,-0.0001,3.089,1.5,1.5
13.567,1.392,0.0027,0.0062,0.5008,0.0033,0.5,-0.0009,3.089,1.5,1.5
13.583,1.4087,0.0028,0.0062,0.5008,0.0032,0.5,0.0013,3.089,1.5,1.5
13.583,1.4087,0.0028,0.0062,0.5008,0.0032,0.5,0.0014,3.089,1.5,1.5
13.583,1.4087,0.0028,0.0062,0.5008,0.0032,0.5,0.0015,3.089,1.5,1.5
13.617,1.417,0.0028,0.0063,0.5007,0.0023,0.5,0.0034,3.089,1.5,1.5
13.633,1.4337,0.0029,0.0063,0.5007,0.0027,0.5,0.0034,3.117,1.5,1.5
13.633,1.4337,0.0029,0.0063,0.5007,0.0027,0.5,0.0025,3.117,1.5,1.5
13.633,1.4337,0.0029,0.0063,0.5007,0.0027,0.5,-0.0003,3.117,1.5,1.5
13.667,1.4421,0.003,0.0063,0.5006,0.0029,0.5,-0.0003,3.117,1.5,1.5
13.667,1.4421,0.003,0.0063,0.5006,0.0029,0.5,-0.0018,3.117,1.5,1.5
13.683,1.4588,0.0031,0.0063,0.5005,0.0019,0.5,0.0018,3.117,1.5,1.5
13.7,1.4671,0.0031,0.0063,0.5004,0.0024,0.5,-0.001,3.117,1.5,1.5
13.7,1.4671,0.0031,0.0063,0.5004,0.0024,0.5,-0.0028,3.117,1.5,1.5
13.7,1.4671,0.0031,0.0063,0.5004,0.0024,0.4999,-0.0026,3.117,1.5,1.5
13.733,1.4754,0.0032,0.0063,0.5003,0.002,0.5,0.0029,3.0639,1.5,1.5
13.733,1.4754,0.0032,0.0063,0.5003,0.002,0.4999,0.0014,3.0639,1.5,1.5
13.75,1.4921,0.0033,0.0064,0.5002,0.0014,0.5,0.0008,3.0639,1.5,1.5
13.75,1.4921,0.0033,0.0064,0.5002,0.0014,0.5,0.0015,3.0639,1.5,1.5
13.75,1.4921,0.0033,0.0064,0.5002,0.0014,0.5,-0.0013,3.0639,1.5,1.5
13.783,1.5004,0.0033,0.0064,0.5001,0.0007,0.5,-0.0018,3.0639,1.5,1.5
13.8,1.5171,0.0034,0.0064,0.5,0.0013,0.5,-0.0027,3.0639,1.5,1.5
13.8,1.5171,0.0034,0.0064,0.5,0.0013,0.5,-0.0021,3.0639,1.5,1.5
13.8,1.5171,0.0034,0.0064,0.5,0.0013,0.5,-0.0048,3.0639,1.5,1.5
13.833,1.5254,0.0035,0.0064,0.4999,0.0012,0.5,-0.0048,3.088,1.5,1.5
13.833,1.5254,0.0035,0.0064,0.4999,0.0012,0.5,-0.005,3.088,1.5,1.5
13.85,1.5421,0.0036,0.0064,0.4998,0.0009,0.5,-0.005,3.088,1.5,1.5
13.867,1.5504,0.0036,0.0064,0.4996,-0.001,0.5,-0.001,3.088,1.5,1.5
13.867,1.5504,0.0036,0.0064,0.4996,-0.001,0.5,-0.0021,3.088,1.5,1.5
13.867,1.5504,0.0036,0.0064,0.4996,-0.001,0.5,-0.0021,3.088,1.5,1.5
13.9,1.5588,0.0037,0.0064,0.4997,-0.0002,0.5,-0.0005,3.088,1.5,1.5
13.9,1.5588,0.0037,0.0064,0.4997,-0.0002,0.5,0.0015,3.088,1.5,1.5
13.917,1.5754,0.0038,0.0064,0.4995,-0.0003,0.5,0.0015,3.088,1.5,1.5
13.917,1.5754,0.0038,0.0064,0.4995,-0.0003,0.5,-0.0027,3.088,1.5,1.5
13.917,1.5754,0.0038,0.0064,0.4995,-0.0003,0.5,-0.0045,3.1427,1.5,1.5
13.917,1.5754,0.0038,0.0064,0.4995,-0.0003,0.5,-0.0031,3.1427,1.5,1.5
13.95,1.5837,0.0039,0.0064,0.4995,-0.0004,0.5,-0.0009,3.1427,1.5,1.5
13.95,1.5837,0.0039,0.0064,0.4995,-0.0004,0.5,-0.0005,3.1427,1.5,1.5
13.967,1.6004,0.004,0.0063,0.4995,-0.0001,0.5,0.0017,3.1427,1.5,1.5
13.967,1.6004,0.004,0.0063,0.4995,-0.0001,0.5,0.001,3.1427,1.5,1.5
13.967,1.6004,0.004,0.0063,0.4995,-0.0001,0.5,-0.0016,3.1427,1.5,1.5
14.0,1.6087,0.004,0.0063,0.4995,-0.0015,0.5,-0.0047,3.1427,1.5,1.5
14.017,1.6254,0.0041,0.0063,0.4996,-0.0012,0.5,-0.0043,3.1427,1.5,1.5
14.017,1.6254,0.0041,0.0063,0.4996,-0.0012,0.5,-0.0013,3.0705,1.5,1.5
14.033,1.6337,0.0042,0.0063,0.4997,-0.0022,0.5,0.0005,3.0705,1.5,1.5
14.033,1.6337,0.0042,0.0063,0.4997,-0.0022,0.5,-0.003,3.0705,1.5,1.5
14.033,1.6337,0.0042,0.0063,0.4997,-0.0022,0.5,-0.0004,3.0705,1.5,1.5
14.067,1.642,0.0043,0.0063,0.4997,-0.0016,0.5,-0.0026,3.0705,1.5,1.5
14.083,1.6587,0.0044,0.0063,0.4998,-0.0014,0.5,-0.0011,3.0705,1.5,1.5
14.083,1.6587,0.0044,0.0063,0.4998,-0.0014,0.5,-0.0053,3.0705,1.5,1.5
14.083,1.6587,0.0044,0.0063,0.4998,-0.0014,0.5,-0.0066,3.0705,1.5,1.5
14.117,1.667,0.0044,0.0063,0.4999,-0.0017,0.4993,-0.0033,3.0705,1.5,1.5
14.117,1.667,0.0044,0.0063,0.4999,-0.0017,0.4995,-0.0065,3.0705,1.5,1.5
14.133,1.6837,0.0045,0.0062,0.5001,-0.0008,0.4995,-0.0065,3.1314,1.5,1.5
14.133,1.6837,0.0045,0.0062,0.5001,-0.0008,0.5,-0.0046,3.1314,1.5,1.5
14.133,1.6837,0.0045,0.0062,0.5001,-0.0008,0.5,-0.001,3.1314,1.5,1.5
14.167,1.6921,0.0046,0.0063,0.5002,-0.0003,0.5,-0.001,3.1314,1.5,1.5
14.167,1.6921,0.0046,0.0063,0.5002,-0.0003,0.5,-0.0021,3.1314,1.5,1.5
14.183,1.7087,0.0047,0.0063,0.5003,-0.0012,0.5,-0.0005,3.1314,1.5,1.5
14.2,1.7171,0.0047,0.0063,0.5004,-0.0004,0.5,-0.0002,3.1314,1.5,1.5
14.2,1.7171,0.0047,0.0063,0.5004,-0.0004,0.5,-0.0001,3.1314,1.5,1.5
14.2,1.7171,0.0047,0.0063,0.5004,-0.0004,0.4995,0.0008,3.1314,1.5,1.5
14.233,1.7254,0.0048,0.0063,0.5004,0.0,0.4995,0.0008,3.0679,1.5,1.5
14.233,1.7254,0.0048,0.0063,0.5004,0.0,0.5,-0.0041,3.0679,1.5,1.5
14.25,1.7421,0.0049,0.0063,0.5,-0.0001,0.5,-0.0001,3.0679,1.5,1.5
14.25,1.7421,0.0049,0.0063,0.5,-0.0001,0.5,-0.0029,3.0679,1.5,1.5
14.25,1.7421,0.0049,0.0063,0.5,-0.0001,0.5,-0.0003,3.0679,1.5,1.5
14.283,1.7504,0.005,0.0063,0.5001,0.0017,0.5,0.0009,3.0679,1.5,1.5
14.3,1.7671,0.0051,0.0063,0.5006,-0.0005,0.5,0.0022,3.0679,1.5,1.5
14.3,1.7671,0.0051,0.0063,0.5006,-0.0005,0.5,0.0015,3.0679,1.5,1.5
14.3,1.7671,0.0051,0.0063,0.5006,-0.0005,0.5,-0.0013,3.0679,1.5,1.5
14.333,1.7755,0.0051,0.0063,0.5007,0.0002,0.5,-0.0033,3.0811,1.5,1.5
14.333,1.7755,0.0051,0.0063,0.5007,0.0002,0.4994,0.0004,3.0811,1.5,1.5
14.35,1.7922,0.0052,0.0063,0.5008,0.0008,0.4994,0.0004,3.0811,1.5,1.5
14.367,1.8005,0.0053,0.0063,0.5003,-0.0003,0.4999,-0.0014,3.0811,1.5,1.5
14.367,1.8005,0.0053,0.0063,0.5003,-0.0003,0.5,-0.0004,3.0811,1.5,1.5
14.367,1.8005,0.0053,0.0063,0.5003,-0.0003,0.5,0.0005,3.0811,1.5,1.5
14.4,1.8089,0.0053,0.0063,0.5006,0.0015,0.5,-0.0031,3.0811,1.5,1.5
14.4,1.8089,0.0053,0.0063,0.5006,0.0015,0.5,-0.001,3.0811,1.5,1.5
14.417,1.8256,0.0054,0.0063,0.5007,0.0001,0.5,-0.001,3.0811,1.5,1.5
14.417,1.8256,0.0054,0.0063,0.5007,0.0001,0.5,0.0016,3.0766,1.5,1.5
14.417,1.8256,0.0054,0.0063,0.5007,0.0001,0.4999,0.0056,3.0766,1.5,1.5
14.45,1.8339,0.0055,0.0063,0.5007,0.0001,0.4999,0.0056,3.0766,1.5,1.5
14.467,1.8506,0.0056,0.0063,0.5006,0.0009,0.5,-0.0062,3.0766,1.5,1.5
14.467,1.8506,0.0056,0.0063,0.5006,0.0009,0.5,-0.0066,3.0766,1.5,1.5
14.467,1.8506,0.0056,0.0063,0.5006,0.0009,0.5,-0.0066,3.0766,1.5,1.5
14.5,1.8589,0.0056,0.0063,0.5001,0.0,0.5,-0.0039,3.0766,1.5,1.5
14.5,1.8589,0.0056,0.0063,0.5001,0.0,0.5,-0.0025,3.0766,1.5,1.5
14.517,1.8756,0.0057,0.0063,0.5003,0.0005,0.5,-0.0025,3.0766,1.5,1.5
14.517,1.8756,0.0057,0.0063,0.5003,0.0005,0.5,-0.0044,3.1093,1.5,1.5
14.533,1.8839,0.0058,0.0063,0.5003,0.0005,0.5,-0.0052,3.1093,1.5,1.5
14.533,1.8839,0.0058,0.0063,0.5003,0.0005,0.5,-0.0032,3.1093,1.5,1.5
14.533,1.8839,0.0058,0.0063,0.5003,0.0005,0.5,-0.0,3.1093,1.5,1.5
14.567,1.8923,0.0058,0.0062,0.5003,-0.0003,0.5,0.0032,3.1093,1.5,1.5
14.583,1.9089,0.0059,0.0062,0.5,-0.0016,0.5,-0.0002,3.1093,1.5,1.5
14.583,1.9089,0.0059,0.0062,0.5,-0.0016,0.4999,-0.0018,3.1093,1.5,1.5
14.583,1.9089,0.0059,0.0062,0.5,-0.0016,0.5,-0.0047,3.1093,1.5,1.5
14.617,1.9173,0.006,0.0062,0.5,-0.0011,0.5,-0.0045,3.1093,1.5,1.5
14.617,1.9173,0.006,0.0062,0.5,-0.0011,0.4998,-0.0061,3.0714,1.5,1.5
14.633,1.9339,0.0061,0.0061,0.4998,-0.0011,0.5,-0.0041,3.0714,1.5,1.5
14.633,1.9339,0.0061,0.0061,0.4998,-0.0011,0.5,-0.0074,3.0714,1.5,1.5
14.633,1.9339,0.0061,0.0061,0.4998,-0.0011,0.5,-0.0065,3.0714,1.5,1.5
14.667,1.9423,0.0062,0.0061,0.4998,-0.0008,0.5,-0.0043,3.0714,1.5,1.5
14.683,1.9589,0.0063,0.006,0.4998,-0.0018,0.5,-0.0011,3.0714,1.5,1.5
14.683,1.9589,0.0063,0.006,0.4998,-0.0018,0.5,-0.0041,3.0714,1.5,1.5
14.7,1.9673,0.0063,0.006,0.4996,-0.002,0.5,-0.006,3.0714,1.5,1.5
14.7,1.9673,0.0063,0.006,0.4996,-0.002,0.5,-0.0065,3.0714,1.5,1.5
14.7,1.9673,0.0063,0.006,0.4996,-0.002,0.5,-0.0031,3.0714,1.5,1.5
14.733,1.9756,0.0064,0.006,0.4996,-0.0032,0.4997,0.0012,3.0727,1.5,1.5
14.75,1.9922,0.0065,0.0059,0.4995,-0.0021,0.4999,0.0045,3.0727,1.5,1.5
14.75,1.9922,0.0065,0.0059,0.4995,-0.0021,0.5,0.0046,3.0727,1.5,1.5
14.75,1.9922,0.0065,0.0059,0.4995,-0.0021,0.5,0.0031,3.0727,1.5,1.5
14.783,2.0006,0.0066,0.0058,0.4995,-0.0025,0.5,-0.0024,3.0727,1.5,1.5
14.783,2.0006,0.0066,0.0058,0.4995,-0.0025,0.5,-0.0035,3.0727,1.5,1.5
14.8,2.0172,0.0067,0.0058,0.4995,-0.0027,0.5,-0.0011,3.0727,1.5,1.5
14.8,2.0172,0.0067,0.0058,0.4995,-0.0027,0.5,-0.0004,3.0727,1.5,1.5
14.8,2.0172,0.0067,0.0058,0.4995,-0.0027,0.4997,-0.0018,3.0727,1.5,1.5
14.833,2.0255,0.0067,0.0057,0.4995,-0.0042,0.4997,-0.0018,3.0483,1.5,1.5
14.833,2.0255,0.0067,0.0057,0.4995,-0.0042,0.5,-0.0031,3.0483,1.5,1.5
14.85,2.0422,0.0069,0.0056,0.4996,-0.003,0.5,-0.0054,3.0483,1.5,1.5
14.867,2.0505,0.0069,0.0056,0.4997,-0.0037,0.5,-0.0061,3.0483,1.5,1.5
14.867,2.0505,0.0069,0.0056,0.4997,-0.0037,0.5,-0.0076,3.0483,1.5,1.5
14.867,2.0505,0.0069,0.0056,0.4997,-0.0037,0.5,-0.0091,3.0483,1.5,1.5
14.9,2.0589,0.007,0.0055,0.4995,-0.004,0.5,-0.0069,3.0483,1.5,1.5
14.9,2.0589,0.007,0.0055,0.4995,-0.004,0.5,-0.0074,3.0483,1.5,1.5
14.917,2.0755,0.0071,0.0055,0.4999,-0.0026,0.5,-0.0001,3.0483,1.5,1.5
14.917,2.0755,0.0071,0.0055,0.4999,-0.0026,0.5,-0.0052,3.057,1.5,1.5
14.917,2.0755,0.0071,0.0055,0.4999,-0.0026,0.5,-0.0055,3.057,1.5,1.5
14.95,2.0839,0.0071,0.0055,0.5,-0.0029,0.5,-0.0063,3.057,1.5,1.5
14.967,2.1005,0.0072,0.0054,0.4999,-0.0022,0.5,-0.0054,3.057,1.5,1.5
14.967,2.1005,0.0072,0.0054,0.4999,-0.0022,0.5,-0.0032,3.057,1.5,1.5
14.967,2.1005,0.0072,0.0054,0.4999,-0.0022,0.5,-0.004,3.057,1.5,1.5
15.0,2.1089,0.0073,0.0054,0.5001,-0.0021,0.5,-0.004,3.057,1.5,1.5
15.0,2.1089,0.0073,0.0054,0.5001,-0.0021,0.4996,-0.0,3.057,1.5,1.5
15.017,2.1256,0.0074,0.0053,0.5003,-0.0018,0.4999,-0.0017,3.057,1.5,1.5
15.033,2.1339,0.0074,0.0053,0.5004,-0.0011,0.4999,-0.0017,3.0768,1.5,1.5
15.033,2.1339,0.0074,0.0053,0.5004,-0.0011,0.5,-0.0014,3.0768,1.5,1.5
15.033,2.1339,0.0074,0.0053,0.5004,-0.0011,0.5,-0.0021,3.0768,1.5,1.5
15.067,2.1423,0.0075,0.0053,0.5005,-0.0019,0.5,-0.003,3.0768,1.5,1.5
15.067,2.1423,0.0075,0.0053,0.5005,-0.0019,0.5,-0.0062,3.0768,1.5,1.5
15.083,2.1589,0.0076,0.0053,0.5006,-0.0007,0.5,-0.002,3.0768,1.5,1.5
15.083,2.1589,0.0076,0.0053,0.5006,-0.0007,0.5,-0.0014,3.0768,1.5,1.5
15.083,2.1589,0.0076,0.0053,0.5006,-0.0007,0.5,-0.0025,3.0768,1.5,1.5
15.117,2.1673,0.0076,0.0053,0.5007,-0.0019,0.5,-0.0006,3.0768,1.5,1.5
15.133,2.184,0.0077,0.0052,0.5007,-0.002,0.5,-0.0012,3.1119,1.5,1.5
15.133,2.184,0.0077,0.0052,0.5007,-0.002,0.5,-0.0073,3.1119,1.5,1.5
15.133,2.184,0.0077,0.0052,0.5007,-0.002,0.5,-0.0064,3.1119,1.5,1.5
15.167,2.1923,0.0078,0.0052,0.5006,-0.0032,0.5,-0.007,3.1119,1.5,1.5
15.167,2.1923,0.0078,0.0052,0.5006,-0.0032,0.5,-0.0052,3.1119,1.5,1.5
15.183,2.209,0.0079,0.0051,0.5006,-0.002,0.5,-0.0037,3.1119,1.5,1.5
15.2,2.2174,0.0079,0.0052,0.5007,-0.001,0.5,-0.0059,3.1119,1.5,1.5
15.2,2.2174,0.0079,0.0052,0.5007,-0.001,0.5,-0.0025,3.1119,1.5,1.5
15.2,2.2174,0.0079,0.0052,0.5007,-0.001,0.5,-0.0001,3.1119,1.5,1.5
15.233,2.2257,0.0079,0.0051,0.5007,-0.0004,0.5,-0.0014,3.0665,1.5,1.5
15.233,2.2257,0.0079,0.0051,0.5007,-0.0004,0.5,-0.0028,3.0665,1.5,1.5
15.25,2.2424,0.008,0.005,0.5006,-0.001,0.5,-0.0022,3.0665,1.5,1.5
15.25,2.2424,0.008,0.005,0.5006,-0.001,0.5,-0.0028,3.0665,1.5,1.5
15.25,2.2424,0.008,0.005,0.5006,-0.001,0.5,-0.001,3.0665,1.5,1.5
15.283,2.2507,0.0081,0.0051,0.5007,-0.002,0.5,-0.0023,3.0665,1.5,1.5
15.3,2.2674,0.0082,0.0049,0.5005,-0.0014,0.5,-0.0056,3.0665,1.5,1.5
15.3,2.2674,0.0082,0.0049,0.5005,-0.0014,0.4998,-0.0066,3.0665,1.5,1.5
15.3,2.2674,0.0082,0.0049,0.5005,-0.0014,0.5,-0.0067,3.0665,1.5,1.5
15.333,2.2758,0.0082,0.0049,0.5005,-0.0016,0.5,-0.0078,3.1784,1.5,1.5
15.333,2.2758,0.0082,0.0049,0.5005,-0.0016,0.5,-0.0047,3.1784,1.5,1.5
15.35,2.2925,0.0083,0.0048,0.5003,-0.0016,0.5,-0.0047,3.1784,1.5,1.5
15.367,2.3008,0.0084,0.0048,0.5002,-0.0033,0.5,-0.0006,3.1784,1.5,1.5
15.367,2.3008,0.0084,0.0048,0.5002,-0.0033,0.5,-0.0021,3.1784,1.5,1.5
15.367,2.3008,0.0084,0.0048,0.5002,-0.0033,0.5,-0.0017,3.1784,1.5,1.5
15.4,2.3091,0.0084,0.0046,0.5001,-0.0024,0.5,-0.0037,3.1784,1.5,1.5
15.4,2.3091,0.0084,0.0046,0.5001,-0.0024,0.5,-0.0045,3.1784,1.5,1.5
15.417,2.3258,0.0085,0.0045,0.5,-0.0035,0.5,-0.0041,3.1784,1.5,1.5
15.417,2.3258,0.0085,0.0045,0.5,-0.0035,0.5,-0.0053,3.0357,1.5,1.5
15.417,2.3258,0.0085,0.0045,0.5,-0.0035,0.5,-0.0041,3.0357,1.5,1.5
15.45,2.3341,0.0086,0.0045,0.4999,-0.0031,0.5,-0.0042,3.0357,1.5,1.5
15.45,2.3341,0.0086,0.0045,0.4999,-0.0031,0.5,-0.0076,3.0357,1.5,1.5
15.467,2.3508,0.0087,0.0044,0.4998,-0.0037,0.5,-0.007,3.0357,1.5,1.5
15.467,2.3508,0.0087,0.0044,0.4998,-0.0037,0.5,-0.004,3.0357,1.5,1.5
15.467,2.3508,0.0087,0.0044,0.4998,-0.0037,0.5,-0.0035,3.0357,1.5,1.5
15.467,2.3508,0.0087,0.0044,0.4998,-0.0037,0.5,-0.0033,3.0357,1.5,1.5
15.5,2.3591,0.0087,0.0043,0.4997,-0.0043,0.5,-0.0033,3.0357,1.5,1.5
15.517,2.3758,0.0088,0.0041,0.4997,-0.0052,0.5,-0.008,3.0357,1.5,1.5
15.517,2.3758,0.0088,0.0041,0.4997,-0.0052,0.5,-0.0055,3.0357,1.5,1.5
15.533,2.3841,0.0089,0.004,0.4995,-0.0035,0.5,-0.0064,3.0764,1.5,1.5
15.533,2.3841,0.0089,0.004,0.4995,-0.0035,0.5,-0.005,3.0764,1.5,1.5
15.533,2.3841,0.0089,0.004,0.4995,-0.0035,0.5,-0.0068,3.0764,1.5,1.5
15.567,2.3924,0.0089,0.004,0.4996,-0.0052,0.5,-0.0068,3.0764,1.5,1.5
15.567,2.3924,0.0089,0.004,0.4996,-0.0052,0.5,-0.0043,3.0764,1.5,1.5
15.583,2.4091,0.009,0.0038,0.4995,-0.0052,0.5,-0.0023,3.0764,1.5,1.5
15.583,2.4091,0.009,0.0038,0.4995,-0.0052,0.5,-0.0048,3.0764,1.5,1.5
15.583,2.4091,0.009,0.0038,0.4995,-0.0052,0.5,-0.0031,3.0764,1.5,1.5
15.617,2.4174,0.0091,0.0037,0.4995,-0.0048,0.5,-0.0067,3.0764,1.5,1.5
15.633,2.4341,0.0092,0.0035,0.4996,-0.0052,0.5,-0.0067,3.104,1.5,1.5
15.633,2.4341,0.0092,0.0035,0.4996,-0.0052,0.5,-0.0065,3.104,1.5,1.5
15.633,2.4341,0.0092,0.0035,0.4996,-0.0052,0.5,-0.0018,3.104,1.5,1.5
15.667,2.4424,0.0092,0.0035,0.4996,-0.0046,0.5,-0.0024,3.104,1.5,1.5
15.667,2.4424,0.0092,0.0035,0.4996,-0.0046,0.5,-0.0074,3.104,1.5,1.5
15.683,2.4591,0.0093,0.0032,0.4997,-0.0053,0.5,-0.0049,3.104,1.5,1.5
15.7,2.4674,0.0093,0.0032,0.4997,-0.0053,0.5,-0.0078,3.104,1.5,1.5
15.7,2.4674,0.0093,0.0032,0.4997,-0.0053,0.5,-0.0042,3.104,1.5,1.5
15.7,2.4674,0.0093,0.0032,0.4997,-0.0053,0.5,-0.0045,3.104,1.5,1.5
15.733,2.4757,0.0094,0.0031,0.4998,-0.006,0.5,-0.005,3.1225,1.5,1.5
15.733,2.4757,0.0094,0.0031,0.4998,-0.006,0.5,-0.0061,3.1225,1.5,1.5
15.75,2.4924,0.0094,0.0029,0.5,-0.0058,0.5,-0.0066,3.1225,1.5,1.5
15.75,2.4924,0.0094,0.0029,0.5,-0.0058,0.5,-0.0031,3.1225,1.5,1.5
15.75,2.4924,0.0094,0.0029,0.5,-0.0058,0.5,-0.006,3.1225,1.5,1.5
15.783,2.5007,0.0095,0.0029,0.5001,-0.0048,0.5,-0.006,3.1225,1.5,1.5
15.8,2.5174,0.0096,0.0028,0.5002,-0.0061,0.5,-0.0054,3.1225,1.5,1.5
15.8,2.5174,0.0096,0.0028,0.5002,-0.0061,0.5,-0.0046,3.1225,1.5,1.5
15.8,2.5174,0.0096,0.0028,0.5002,-0.0061,0.5,-0.0051,3.1225,1.5,1.5
15.833,2.5258,0.0096,0.0028,0.5003,-0.0036,0.5,-0.0051,3.0498,1.5,1.5
15.833,2.5258,0.0096,0.0028,0.5003,-0.0036,0.5,-0.0044,3.0498,1.5,1.5
15.85,2.5424,0.0097,0.0026,0.5004,-0.0036,0.5,-0.0044,3.0498,1.5,1.5
15.867,2.5508,0.0097,0.0026,0.5005,-0.0044,0.5,-0.0073,3.0498,1.5,1.5
15.867,2.5508,0.0097,0.0026,0.5005,-0.0044,0.5,-0.0045,3.0498,1.5,1.5
15.867,2.5508,0.0097,0.0026,0.5005,-0.0044,0.5,-0.0045,3.0498,1.5,1.5
15.9,2.5591,0.0097,0.0024,0.5005,-0.0041,0.5,-0.0074,3.0498,1.5,1.5
15.9,2.5591,0.0097,0.0024,0.5005,-0.0041,0.5,-0.0106,3.0498,1.5,1.5
15.917,2.5758,0.0098,0.0023,0.5006,-0.0038,0.4997,-0.0076,3.0498,1.5,1.5
15.917,2.5758,0.0098,0.0023,0.5006,-0.0038,0.4999,-0.0043,3.0797,1.5,1.5
15.917,2.5758,0.0098,0.0023,0.5006,-0.0038,0.5,-0.0078,3.0797,1.5,1.5
15.95,2.5842,0.0098,0.0024,0.5007,-0.0035,0.5,-0.0068,3.0797,1.5,1.5
15.95,2.5842,0.0098,0.0024,0.5007,-0.0035,0.5,-0.009,3.0797,1.5,1.5
15.967,2.6009,0.0099,0.0023,0.5007,-0.0038,0.5,-0.009,3.0797,1.5,1.5
15.967,2.6009,0.0099,0.0023,0.5007,-0.0038,0.5,-0.012,3.0797,1.5,1.5
15.967,2.6009,0.0099,0.0023,0.5007,-0.0038,0.5,-0.0086,3.0797,1.5,1.5
16.0,2.6092,0.0099,0.0021,0.5007,-0.004,0.5,-0.0085,3.0797,1.5,1.5
16.017,2.6259,0.0099,0.0022,0.5008,-0.0037,0.5,-0.0085,3.0797,1.5,1.5
16.017,2.6259,0.0099,0.0022,0.5008,-0.0037,0.5,-0.006,3.1621,1.5,1.5
16.033,2.6343,0.01,0.002,0.5007,-0.0027,0.5,-0.0049,3.1621,1.5,1.5
16.033,2.6343,0.01,0.002,0.5007,-0.0027,0.5,-0.0054,3.1621,1.5,1.5
16.033,2.6343,0.01,0.002,0.5007,-0.0027,0.5,-0.003,3.1621,1.5,1.5
16.067,2.6426,0.01,0.002,0.5007,-0.0026,0.5,-0.003,3.1621,1.5,1.5
16.067,2.6426,0.01,0.002,0.5007,-0.0026,0.5,-0.0024,3.1621,1.5,1.5
16.083,2.6593,0.0101,0.0017,0.5006,-0.0028,0.5,-0.0011,3.1621,1.5,1.5
16.083,2.6593,0.0101,0.0017,0.5006,-0.0028,0.5,-0.0011,3.1621,1.5,1.5
16.083,2.6593,0.0101,0.0017,0.5006,-0.0028,0.5,-0.0006,3.1621,1.5,1.5
16.117,2.6676,0.0101,0.0017,0.5006,-0.0039,0.5,0.0003,3.1621,1.5,1.5
16.133,2.6843,0.0101,0.0015,0.5004,-0.0044,0.4999,0.0014,3.1035,1.5,1.5
16.133,2.6843,0.0101,0.0015,0.5004,-0.0044,0.5,0.0013,3.1035,1.5,1.5
16.133,2.6843,0.0101,0.0015,0.5004,-0.0044,0.5,-0.0015,3.1035,1.5,1.5
16.167,2.6926,0.0102,0.0012,0.5004,-0.0043,0.5,-0.0015,3.1035,1.5,1.5
16.183,2.7093,0.0102,0.001,0.5002,-0.0054,0.5,-0.0075,3.1035,1.5,1.5
16.183,2.7093,0.0102,0.001,0.5002,-0.0054,0.5,-0.0095,3.1035,1.5,1.5
16.2,2.7177,0.0103,0.0007,0.5001,-0.0059,0.5,-0.0096,3.1035,1.5,1.5
16.2,2.7177,0.0103,0.0007,0.5001,-0.0059,0.5,-0.0108,3.1035,1.5,1.5
16.2,2.7177,0.0103,0.0007,0.5001,-0.0059,0.5,-0.0055,3.1035,1.5,1.5
16.233,2.726,0.0103,0.0007,0.5001,-0.0058,0.5,-0.0055,3.1168,1.5,1.5
16.233,2.726,0.0103,0.0007,0.5001,-0.0058,0.5,-0.0032,3.1168,1.5,1.5
16.25,2.7427,0.0103,0.0007,0.4999,-0.0063,0.5,-0.0074,3.1168,1.5,1.5
16.25,2.7427,0.0103,0.0007,0.4999,-0.0063,0.5,-0.0087,3.1168,1.5,1.5
16.25,2.7427,0.0103,0.0007,0.4999,-0.0063,0.5,-0.0066,3.1168,1.5,1.5
16.283,2.751,0.0104,0.0007,0.4998,-0.0065,0.5,-0.0077,3.1168,1.5,1.5
16.3,2.7676,0.0104,0.0007,0.4997,-0.006,0.5,-0.0038,3.1168,1.5,1.5
16.3,2.7676,0.0104,0.0007,0.4997,-0.006,0.5,-0.002,3.1168,1.5,1.5
16.3,2.7676,0.0104,0.0007,0.4997,-0.006,0.5,-0.002,3.1168,1.5,1.5
16.333,2.776,0.0104,0.0,0.4996,-0.0052,0.4997,-0.0018,3.0806,1.5,1.5
16.333,2.776,0.0104,0.0,0.4996,-0.0052,0.4999,-0.0036,3.0806,1.5,1.5
16.35,2.7926,0.0105,0.0,0.4995,-0.0058,0.5,-0.0031,3.0806,1.5,1.5
16.367,2.801,0.0105,0.0,0.4995,-0.0072,0.5,-0.0044,3.0806,1.5,1.5
16.367,2.801,0.0105,0.0,0.4995,-0.0072,0.5,-0.0066,3.0806,1.5,1.5
16.367,2.801,0.0105,0.0,0.4995,-0.0072,0.5,-0.0048,3.0806,1.5,1.5
16.4,2.8093,0.0105,0.0,0.4995,-0.0076,0.5,-0.0075,3.0806,1.5,1.5
16.4,2.8093,0.0105,0.0,0.4995,-0.0076,0.5,-0.0086,3.0806,1.5,1.5
16.417,2.8259,0.0106,0.0,0.4996,-0.0079,0.5,-0.0085,3.0806,1.5,1.5
16.417,2.8259,0.0106,0.0,0.4996,-0.0079,0.5,-0.0085,3.0898,1.5,1.5
16.417,2.8259,0.0106,0.0,0.4996,-0.0079,0.5,-0.001,3.0898,1.5,1.5
16.45,2.8343,0.0106,0.0,0.4995,-0.0073,0.5,-0.0034,3.0898,1.5,1.5
16.467,2.8509,0.0106,0.0,0.4996,-0.0082,0.5,-0.0026,3.0898,1.5,1.5
16.467,2.8509,0.0106,0.0,0.4996,-0.0082,0.5,-0.0051,3.0898,1.5,1.5
16.467,2.8509,0.0106,0.0,0.4996,-0.0082,0.5,-0.0094,3.0898,1.5,1.5
16.5,2.8593,0.0106,0.0,0.4996,-0.0073,0.5,-0.008,3.0898,1.5,1.5
16.5,2.8593,0.0106,0.0,0.4996,-0.0073,0.5,-0.0083,3.0898,1.5,1.5
16.517,2.8759,0.0106,0.0,0.4997,-0.0068,0.5,-0.0046,3.0898,1.5,1.5
16.533,2.8843,0.0106,-0.0007,0.4998,-0.0066,0.5,-0.0056,3.1053,1.5,1.5
16.533,2.8843,0.0106,-0.0007,0.4998,-0.0066,0.5,-0.004,3.1053,1.5,1.5
16.533,2.8843,0.0106,-0.0007,0.4998,-0.0066,0.5,-0.003,3.1053,1.5,1.5
16.567,2.8926,0.0107,-0.0007,0.4999,-0.0064,0.5,-0.0021,3.1053,1.5,1.5
16.567,2.8926,0.0107,-0.0007,0.4999,-0.0064,0.5,0.0006,3.1053,1.5,1.5
16.583,2.9093,0.0107,-0.0007,0.5,-0.0081,0.5,0.0006,3.1053,1.5,1.5
16.583,2.9093,0.0107,-0.0007,0.5,-0.0081,0.5,-0.0077,3.1053,1.5,1.5
16.583,2.9093,0.0107,-0.0007,0.5,-0.0081,0.5,-0.0098,3.1053,1.5,1.5
16.617,2.9176,0.0107,-0.001,0.5001,-0.0063,0.5,-0.0098,3.1053,1.5,1.5
16.633,2.9343,0.0107,-0.0014,0.5003,-0.005,0.4993,-0.0053,3.1244,1.5,1.5
16.633,2.9343,0.0107,-0.0014,0.5003,-0.005,0.4999,-0.0042,3.1244,1.5,1.5
16.633,2.9343,0.0107,-0.0014,0.5003,-0.005,0.4999,-0.0047,3.1244,1.5,1.5
16.667,2.9426,0.0107,-0.0014,0.5003,-0.0061,0.5,-0.001,3.1244,1.5,1.5
16.667,2.9426,0.0107,-0.0014,0.5003,-0.0061,0.5,-0.0043,3.1244,1.5,1.5
16.683,2.9593,0.0107,-0.0015,0.5004,-0.0054,0.5,-0.0061,3.1244,1.5,1.5
16.683,2.9593,0.0107,-0.0015,0.5004,-0.0054,0.5,-0.0071,3.1244,1.5,1.5
16.7,2.9677,0.0107,-0.0017,0.5005,-0.0068,0.5,-0.0064,3.1244,1.5,1.5
16.7,2.9677,0.0107,-0.0017,0.5005,-0.0068,0.5,-0.0048,3.1244,1.5,1.5
16.7,2.9677,0.0107,-0.0017,0.5005,-0.0068,0.5,-0.0036,3.1466,1.5,1.5
16.733,2.976,0.0107,-0.0015,0.5006,-0.0062,0.5,-0.0053,3.1466,1.5,1.5
16.75,2.9927,0.0107,-0.0018,0.5007,-0.0043,0.5,-0.0,3.1466,1.5,1.5
16.75,2.9927,0.0107,-0.0018,0.5007,-0.0043,0.5,-0.0035,3.1466,1.5,1.5
16.75,2.9927,0.0107,-0.0018,0.5007,-0.0043,0.5,-0.0027,3.1466,1.5,1.5
16.783,3.001,0.0107,-0.0018,0.5006,-0.0042,0.5,-0.0054,3.1466,1.5,1.5
16.783,3.001,0.0107,-0.0018,0.5006,-0.0042,0.5,-0.0009,3.1466,1.5,1.5
16.8,3.0177,0.0106,-0.0021,0.5007,-0.0054,0.5,-0.0033,3.1466,1.5,1.5
16.8,3.0177,0.0106,-0.0021,0.5007,-0.0054,0.5,0.0001,3.1466,1.5,1.5
16.8,3.0177,0.0106,-0.0021,0.5007,-0.0054,0.5,0.0001,3.1288,1.5,1.5
16.833,3.0261,0.0106,-0.0021,0.5007,-0.0036,0.5,0.0018,3.1288,1.5,1.5
16.85,3.0428,0.0106,-0.0021,0.5007,-0.0048,0.5,-0.0015,3.1288,1.5,1.5
16.85,3.0428,0.0106,-0.0021,0.5007,-0.0048,0.5,-0.0047,3.1288,1.5,1.5
16.867,3.0511,0.0106,-0.0023,0.5007,-0.0043,0.5,-0.0012,3.1288,1.5,1.5
16.867,3.0511,0.0106,-0.0023,0.5007,-0.0043,0.5,0.0019,3.1288,1.5,1.5
16.867,3.0511,0.0106,-0.0023,0.5007,-0.0043,0.5,0.0023,3.1288,1.5,1.5
16.9,3.0595,0.0106,-0.0024,0.5007,-0.0042,0.5,-0.0008,3.1288,1.5,1.5
16.917,3.0762,0.0106,-0.0026,0.5006,-0.0046,0.5,-0.0025,3.1288,1.5,1.5
16.917,3.0762,0.0106,-0.0026,0.5006,-0.0046,0.5,-0.0021,3.1288,1.5,1.5
16.917,3.0762,0.0106,-0.0026,0.5006,-0.0046,0.4997,-0.0003,3.1117,1.5,1.5
16.95,3.0845,0.0106,-0.0026,0.5005,-0.0039,0.5,-0.002,3.1117,1.5,1.5
16.95,3.0845,0.0106,-0.0026,0.5005,-0.0039,0.4995,0.0017,3.1117,1.5,1.5
16.967,3.1012,0.0106,-0.0027,0.5004,-0.0049,0.4999,-0.0045,3.1117,1.5,1.5
16.967,3.1012,0.0106,-0.0027,0.5004,-0.0049,0.5,-0.0028,3.1117,1.5,1.5
16.967,3.1012,0.0106,-0.0027,0.5004,-0.0049,0.5,-0.0001,3.1117,1.5,1.5
17.0,3.1095,0.0105,-0.0028,0.5003,-0.0046,0.5,-0.0001,3.1117,1.5,1.5
17.017,3.1262,0.0105,-0.0029,0.5002,-0.0054,0.5,-0.0039,3.1117,1.5,1.5
17.017,3.1262,0.0105,-0.0029,0.5002,-0.0054,0.5,-0.0026,3.1175,1.5,1.5
17.033,3.1345,0.0105,-0.003,0.5001,-0.0057,0.4996,-0.0016,3.1175,1.5,1.5
17.033,3.1345,0.0105,-0.003,0.5001,-0.0057,0.4999,-0.0048,3.1175,1.5,1.5
17.033,3.1345,0.0105,-0.003,0.5001,-0.0057,0.5,-0.0059,3.1175,1.5,1.5
17.067,3.1429,0.0105,-0.0032,0.5,-0.0047,0.5,-0.0045,3.1175,1.5,1.5
17.083,3.1595,0.0105,-0.0033,0.4997,-0.0055,0.5,-0.0051,3.1175,1.5,1.5
17.083,3.1595,0.0105,-0.0033,0.4997,-0.0055,0.5,-0.0032,3.1175,1.5,1.5
17.083,3.1595,0.0105,-0.0033,0.4997,-0.0055,0.5,-0.0058,3.1175,1.5,1.5
17.117,3.1678,0.0105,-0.0035,0.4997,-0.0049,0.4997,-0.0031,3.1175,1.5,1.5
17.117,3.1678,0.0105,-0.0035,0.4997,-0.0049,0.4999,0.0005,3.1175,1.5,1.5
17.133,3.1845,0.0104,-0.0036,0.4997,-0.0064,0.4999,0.0005,3.1153,1.5,1.5
17.133,3.1845,0.0104,-0.0036,0.4997,-0.0064,0.4999,-0.0048,3.1153,1.5,1.5
17.133,3.1845,0.0104,-0.0036,0.4997,-0.0064,0.5,-0.0057,3.1153,1.5,1.5
17.167,3.1928,0.0104,-0.0037,0.4996,-0.005,0.5,-0.0057,3.1153,1.5,1.5
17.183,3.2095,0.0104,-0.0039,0.4994,-0.0059,0.5,-0.0025,3.1153,1.5,1.5
17.183,3.2095,0.0104,-0.0039,0.4994,-0.0059,0.4999,-0.0015,3.1153,1.5,1.5
17.2,3.2178,0.0104,-0.004,0.4995,-0.0046,0.4999,-0.0015,3.1153,1.5,1.5
17.2,3.2178,0.0104,-0.004,0.4995,-0.0046,0.5,-0.0031,3.1153,1.5,1.5
17.2,3.2178,0.0104,-0.004,0.4995,-0.0046,0.5,0.0006,3.1153,1.5,1.5
17.233,3.2261,0.0104,-0.004,0.4995,-0.0063,0.5,0.0006,3.0988,1.5,1.5
17.233,3.2261,0.0104,-0.004,0.4995,-0.0063,0.5,-0.0013,3.0988,1.5,1.5
17.25,3.2428,0.0103,-0.0042,0.4995,-0.0056,0.5,-0.0027,3.0988,1.5,1.5
17.25,3.2428,0.0103,-0.0042,0.4995,-0.0056,0.5,0.0004,3.0988,1.5,1.5
17.25,3.2428,0.0103,-0.0042,0.4995,-0.0056,0.5,0.0005,3.0988,1.5,1.5
17.283,3.2511,0.0103,-0.0043,0.4993,-0.0064,0.5,-0.0009,3.0988,1.5,1.5
17.3,3.2678,0.0103,-0.0045,0.4996,-0.0062,0.5,-0.0047,3.0988,1.5,1.5
17.3,3.2678,0.0103,-0.0045,0.4996,-0.0062,0.5,-0.0032,3.0988,1.5,1.5
17.3,3.2678,0.0103,-0.0045,0.4996,-0.0062,0.5,-0.0027,3.0988,1.5,1.5
17.333,3.2761,0.0102,-0.0046,0.4997,-0.0067,0.5,-0.0014,3.1776,1.5,1.5
17.333,3.2761,0.0102,-0.0046,0.4997,-0.0067,0.5,-0.006,3.1776,1.5,1.5
17.35,3.2928,0.0102,-0.0047,0.4997,-0.0061,0.4998,-0.0057,3.1776,1.5,1.5
17.367,3.3011,0.0101,-0.0047,0.4999,-0.0064,0.5,-0.0065,3.1776,1.5,1.5
17.367,3.3011,0.0101,-0.0047,0.4999,-0.0064,0.5,-0.0036,3.1776,1.5,1.5
17.367,3.3011,0.0101,-0.0047,0.4999,-0.0064,0.5,-0.0024,3.1776,1.5,1.5
17.4,3.3094,0.0101,-0.0048,0.5,-0.0052,0.5,-0.001,3.1776,1.5,1.5
17.4,3.3094,0.0101,-0.0048,0.5,-0.0052,0.5,-0.0024,3.1776,1.5,1.5
17.417,3.3261,0.0101,-0.0049,0.5001,-0.0049,0.5,-0.0017,3.1776,1.5,1.5
17.417,3.3261,0.0101,-0.0049,0.5001,-0.0049,0.5,-0.0027,3.1494,1.5,1.5
17.417,3.3261,0.0101,-0.0049,0.5001,-0.0049,0.5,-0.0021,3.1494,1.5,1.5
17.45,3.3345,0.01,-0.0049,0.5002,-0.0049,0.5,-0.0006,3.1494,1.5,1.5
17.45,3.3345,0.01,-0.0049,0.5002,-0.0049,0.5,-0.0008,3.1494,1.5,1.5
17.467,3.3511,0.0099,-0.005,0.5003,-0.0046,0.5,-0.002,3.1494,1.5,1.5
17.467,3.3511,0.0099,-0.005,0.5003,-0.0046,0.5,-0.004,3.1494,1.5,1.5
17.467,3.3511,0.0099,-0.005,0.5003,-0.0046,0.5,-0.0025,3.1494,1.5,1.5
17.5,3.3595,0.0099,-0.005,0.5002,-0.0025,0.5,-0.0025,3.1494,1.5,1.5
17.517,3.3762,0.0098,-0.0052,0.5004,-0.0036,0.5,-0.0005,3.1494,1.5,1.5
17.517,3.3762,0.0098,-0.0052,0.5004,-0.0036,0.5,-0.0021,3.1494,1.5,1.5
17.533,3.3845,0.0098,-0.0052,0.5005,-0.0039,0.5,-0.0021,3.1553,1.5,1.5
17.533,3.3845,0.0098,-0.0052,0.5005,-0.0039,0.5,-0.0024,3.1553,1.5,1.5
17.533,3.3845,0.0098,-0.0052,0.5005,-0.0039,0.5,-0.001,3.1553,1.5,1.5
17.567,3.3929,0.0098,-0.0052,0.5006,-0.0026,0.5,-0.001,3.1553,1.5,1.5
17.567,3.3929,0.0098,-0.0052,0.5006,-0.0026,0.5,0.0009,3.1553,1.5,1.5
17.583,3.4096,0.0097,-0.0053,0.5006,-0.0028,0.5,-0.0002,3.1553,1.5,1.5
17.583,3.4096,0.0097,-0.0053,0.5006,-0.0028,0.5,-0.0022,3.1553,1.5,1.5
17.583,3.4096,0.0097,-0.0053,0.5006,-0.0028,0.5,0.0004,3.1553,1.5,1.5
17.617,3.4179,0.0096,-0.0053,0.5007,-0.0028,0.5,0.0021,3.1553,1.5,1.5
17.633,3.4346,0.0096,-0.0053,0.5008,-0.003,0.5,-0.0012,3.152,1.5,1.5
17.633,3.4346,0.0096,-0.0053,0.5008,-0.003,0.5,0.0024,3.152,1.5,1.5
17.633,3.4346,0.0096,-0.0053,0.5008,-0.003,0.5,0.0025,3.152,1.5,1.5
17.667,3.4429,0.0095,-0.0053,0.5007,-0.0019,0.5,0.0001,3.152,1.5,1.5
17.667,3.4429,0.0095,-0.0053,0.5007,-0.0019,0.5,0.0026,3.152,1.5,1.5
17.683,3.4596,0.0094,-0.0054,0.5007,-0.0018,0.5,0.0021,3.152,1.5,1.5
17.7,3.468,0.0094,-0.0055,0.5007,-0.002,0.5,0.0004,3.152,1.5,1.5
17.7,3.468,0.0094,-0.0055,0.5007,-0.002,0.5,-0.001,3.152,1.5,1.5
17.7,3.468,0.0094,-0.0055,0.5007,-0.002,0.5,-0.001,3.152,1.5,1.5
17.733,3.4763,0.0094,-0.0055,0.5007,-0.0023,0.5,0.0015,3.1297,1.5,1.5
17.733,3.4763,0.0094,-0.0055,0.5007,-0.0023,0.5,0.0002,3.1297,1.5,1.5
17.75,3.493,0.0093,-0.0055,0.5006,-0.0024,0.5,0.0002,3.1297,1.5,1.5
17.75,3.493,0.0093,-0.0055,0.5006,-0.0024,0.5,0.0018,3.1297,1.5,1.5
17.75,3.493,0.0093,-0.0055,0.5006,-0.0024,0.5,0.0044,3.1297,1.5,1.5
17.783,3.5013,0.0092,-0.0056,0.5005,-0.0023,0.5,0.0016,3.1297,1.5,1.5
17.783,3.5013,0.0092,-0.0056,0.5005,-0.0023,0.4997,0.0002,3.1297,1.5,1.5
17.8,3.518,0.0091,-0.0057,0.5004,-0.0022,0.4999,0.0002,3.1297,1.5,1.5
17.8,3.518,0.0091,-0.0057,0.5004,-0.0022,0.5,-0.0011,3.1297,1.5,1.5
17.833,3.5264,0.0091,-0.0057,0.5003,-0.0021,0.5,-0.0018,3.2316,1.5,1.5
17.833,3.5264,0.0091,-0.0057,0.5003,-0.0021,0.5,-0.0017,3.2316,1.5,1.5
17.85,3.543,0.009,-0.0057,0.5001,-0.0017,0.5,-0.0017,3.2316,1.5,1.5
17.85,3.543,0.009,-0.0057,0.5001,-0.0017,0.5,0.0001,3.2316,1.5,1.5
17.867,3.5514,0.009,-0.0057,0.5001,-0.0023,0.5,-0.002,3.2316,1.5,1.5
17.867,3.5514,0.009,-0.0057,0.5001,-0.0023,0.4997,-0.0071,3.2316,1.5,1.5
17.867,3.5514,0.009,-0.0057,0.5001,-0.0023,0.5,-0.0014,3.2316,1.5,1.5
17.9,3.5597,0.0089,-0.0058,0.5,-0.0018,0.5,-0.0001,3.2316,1.5,1.5
17.917,3.5764,0.0088,-0.0059,0.4998,-0.003,0.5,0.0022,3.2316,1.5,1.5
17.917,3.5764,0.0088,-0.0059,0.4998,-0.003,0.4996,-0.0005,3.166,1.5,1.5
17.917,3.5764,0.0088,-0.0059,0.4998,-0.003,0.4999,-0.0,3.166,1.5,1.5
17.95,3.5847,0.0088,-0.0059,0.4997,-0.002,0.5,-0.0002,3.166,1.5,1.5
17.95,3.5847,0.0088,-0.0059,0.4997,-0.002,0.5,-0.0017,3.166,1.5,1.5
17.95,3.5847,0.0088,-0.0059,0.4997,-0.002,0.5,-0.0006,3.166,1.5,1.5
17.967,3.6014,0.0087,-0.0059,0.4996,-0.0017,0.5,-0.0004,3.166,1.5,1.5
17.967,3.6014,0.0087,-0.0059,0.4996,-0.0017,0.5,0.0024,3.166,1.5,1.5
17.967,3.6014,0.0087,-0.0059,0.4996,-0.0017,0.5,0.0041,3.166,1.5,1.5
18.0,3.6097,0.0087,-0.006,0.4996,-0.0021,0.5,0.0041,3.166,1.5,1.5
18.017,3.6263,0.0086,-0.0061,0.4995,-0.0025,0.5,-0.0005,3.166,1.5,1.5
18.017,3.6263,0.0086,-0.0061,0.4995,-0.0025,0.5,0.0007,3.1437,1.5,1.5
18.033,3.6347,0.0085,-0.0061,0.4995,-0.0034,0.5,-0.0019,3.1437,1.5,1.5
18.033,3.6347,0.0085,-0.0061,0.4995,-0.0034,0.4997,0.0021,3.1437,1.5,1.5
18.033,3.6347,0.0085,-0.0061,0.4995,-0.0034,0.4999,-0.0043,3.1437,1.5,1.5
18.067,3.643,0.0085,-0.0061,0.4995,-0.0037,0.5,0.0023,3.1437,1.5,1.5
18.083,3.6596,0.0084,-0.0062,0.4995,-0.0026,0.5,0.0022,3.1437,1.5,1.5
18.083,3.6596,0.0084,-0.0062,0.4995,-0.0026,0.5,-0.0032,3.1437,1.5,1.5
18.083,3.6596,0.0084,-0.0062,0.4995,-0.0026,0.5,-0.0014,3.1437,1.5,1.5
18.117,3.668,0.0084,-0.0062,0.4996,-0.0026,0.5,0.0003,3.1437,1.5,1.5
18.117,3.668,0.0084,-0.0062,0.4996,-0.0026,0.5,0.003,3.1437,1.5,1.5
18.133,3.6846,0.0083,-0.0062,0.4997,-0.0037,0.5,0.003,3.1857,1.5,1.5
18.133,3.6846,0.0083,-0.0062,0.4997,-0.0037,0.5,-0.0026,3.1857,1.5,1.5
18.133,3.6846,0.0083,-0.0062,0.4997,-0.0037,0.5,0.0033,3.1857,1.5,1.5
18.167,3.693,0.0082,-0.0063,0.4998,-0.002,0.5,0.0033,3.1857,1.5,1.5
18.183,3.7096,0.0081,-0.0063,0.4999,-0.0016,0.5,-0.0016,3.1857,1.5,1.5
18.183,3.7096,0.0081,-0.0063,0.4999,-0.0016,0.5,0.0016,3.1857,1.5,1.5
18.2,3.718,0.0081,-0.0063,0.4999,-0.0017,0.5,0.0016,3.1857,1.5,1.5
18.2,3.718,0.0081,-0.0063,0.4999,-0.0017,0.5,0.0055,3.1857,1.5,1.5
18.2,3.718,0.0081,-0.0063,0.4999,-0.0017,0.5,0.0073,3.1575,1.5,1.5
18.233,3.7263,0.008,-0.0063,0.5,-0.0031,0.5,0.0033,3.1575,1.5,1.5
18.25,3.743,0.0079,-0.0064,0.5002,-0.0018,0.5,0.0023,3.1575,1.5,1.5
18.25,3.743,0.0079,-0.0064,0.5002,-0.0018,0.5,0.0015,3.1575,1.5,1.5
18.25,3.743,0.0079,-0.0064,0.5002,-0.0018,0.5,0.0032,3.1575,1.5,1.5
18.283,3.7513,0.0079,-0.0064,0.5003,-0.0017,0.5,0.0033,3.1575,1.5,1.5
18.283,3.7513,0.0079,-0.0064,0.5003,-0.0017,0.5,0.0043,3.1575,1.5,1.5
18.3,3.768,0.0078,-0.0064,0.5004,-0.0022,0.5,0.0034,3.1575,1.5,1.5
18.3,3.768,0.0078,-0.0064,0.5004,-0.0022,0.5,0.0017,3.1575,1.5,1.5
18.3,3.768,0.0078,-0.0064,0.5004,-0.0022,0.5,0.0018,3.1643,1.5,1.5
18.333,3.7764,0.0077,-0.0064,0.5005,0.0006,0.5,-0.0017,3.1643,1.5,1.5
18.35,3.793,0.0076,-0.0064,0.5006,-0.0008,0.5,-0.0039,3.1643,1.5,1.5
18.35,3.793,0.0076,-0.0064,0.5006,-0.0008,0.5,-0.0046,3.1643,1.5,1.5
18.367,3.8014,0.0076,-0.0063,0.5006,-0.0017,0.5,-0.0046,3.1643,1.5,1.5
18.367,3.8014,0.0076,-0.0063,0.5006,-0.0017,0.5,-0.0061,3.1643,1.5,1.5
18.367,3.8014,0.0076,-0.0063,0.5006,-0.0017,0.5,-0.0018,3.1643,1.5,1.5
18.4,3.8097,0.0075,-0.0063,0.5006,0.0002,0.5,-0.0051,3.1643,1.5,1.5
18.4,3.8097,0.0075,-0.0063,0.5006,0.0002,0.4997,-0.0036,3.1643,1.5,1.5
18.417,3.8264,0.0074,-0.0063,0.5008,-0.0005,0.5,-0.0026,3.1144,1.5,1.5
18.417,3.8264,0.0074,-0.0063,0.5008,-0.0005,0.5,0.0005,3.1144,1.5,1.5
18.45,3.8348,0.0073,-0.0063,0.5008,0.0009,0.5,-0.0018,3.1144,1.5,1.5
18.45,3.8348,0.0073,-0.0063,0.5008,0.0009,0.5,0.0003,3.1144,1.5,1.5
18.467,3.8515,0.0072,-0.0062,0.5008,0.0005,0.5,0.0003,3.1144,1.5,1.5
18.467,3.8515,0.0072,-0.0062,0.5008,0.0005,0.5,0.0021,3.1144,1.5,1.5
18.467,3.8515,0.0072,-0.0062,0.5008,0.0005,0.5,0.002,3.1144,1.5,1.5
18.5,3.8598,0.0072,-0.0062,0.5008,0.0021,0.5,0.002,3.1144,1.5,1.5
18.5,3.8598,0.0072,-0.0062,0.5008,0.0021,0.5,0.0027,3.1144,1.5,1.5
18.517,3.8765,0.007,-0.0062,0.5007,0.0018,0.4987,0.004,3.1144,1.5,1.5
18.533,3.8849,0.007,-0.0062,0.5007,0.0012,0.4998,0.0056,3.1721,1.5,1.5
18.533,3.8849,0.007,-0.0062,0.5007,0.0012,0.4999,0.0047,3.1721,1.5,1.5
18.533,3.8849,0.007,-0.0062,0.5007,0.0012,0.5,0.0045,3.1721,1.5,1.5
18.567,3.8932,0.0069,-0.0062,0.5006,0.0022,0.5,0.0043,3.1721,1.5,1.5
18.567,3.8932,0.0069,-0.0062,0.5006,0.0022,0.5,0.001,3.1721,1.5,1.5
18.583,3.9099,0.0068,-0.0062,0.5005,0.0014,0.5,0.0021,3.1721,1.5,1.5
18.583,3.9099,0.0068,-0.0062,0.5005,0.0014,0.5,0.0011,3.1721,1.5,1.5
18.583,3.9099,0.0068,-0.0062,0.5005,0.0014,0.5,0.0013,3.1721,1.5,1.5
18.617,3.9182,0.0068,-0.0062,0.5004,0.0002,0.5,0.0031,3.1721,1.5,1.5
18.633,3.9349,0.0067,-0.0063,0.5003,0.0002,0.5,0.0031,3.1761,1.5,1.5
18.633,3.9349,0.0067,-0.0063,0.5003,0.0002,0.5,-0.0033,3.1761,1.5,1.5
18.633,3.9349,0.0067,-0.0063,0.5003,0.0002,0.5,0.0001,3.1761,1.5,1.5
18.667,3.9432,0.0066,-0.0062,0.5002,-0.0002,0.5,0.0022,3.1761,1.5,1.5
18.667,3.9432,0.0066,-0.0062,0.5002,-0.0002,0.5,0.0042,3.1761,1.5,1.5
18.683,3.9599,0.0065,-0.0063,0.4997,-0.0007,0.5,0.0014,3.1761,1.5,1.5
18.7,3.9682,0.0065,-0.0062,0.4999,-0.0002,0.5,0.0007,3.1761,1.5,1.5
18.7,3.9682,0.0065,-0.0062,0.4999,-0.0002,0.5,0.001,3.1761,1.5,1.5
18.7,3.9682,0.0065,-0.0062,0.4999,-0.0002,0.5,0.001,3.1761,1.5,1.5
18.733,3.9765,0.0064,-0.0063,0.4999,0.0003,0.5,-0.0021,3.1416,1.5,1.5
18.733,3.9765,0.0064,-0.0063,0.4999,0.0003,0.5,-0.002,3.1416,1.5,1.5
18.75,3.9932,0.0063,-0.0062,0.4998,-0.0007,0.5,-0.002,3.1416,1.5,1.5
18.75,3.9932,0.0063,-0.0062,0.4998,-0.0007,0.5,-0.0023,3.1416,1.5,1.5
18.75,3.9932,0.0063,-0.0062,0.4998,-0.0007,0.5,0.0006,3.1416,1.5,1.5
18.783,4.0015,0.0063,-0.0063,0.4997,-0.0012,0.5,0.0006,3.1416,1.5,1.5
18.8,4.0182,0.0062,-0.0063,0.4996,-0.0006,0.5,0.0009,3.1416,1.5,1.5
18.8,4.0182,0.0062,-0.0063,0.4996,-0.0006,0.5,0.0033,3.1416,1.5,1.5
18.8,4.0182,0.0062,-0.0063,0.4996,-0.0006,0.5,0.0012,3.1416,1.5,1.5
18.833,4.0265,0.0061,-0.0063,0.4995,-0.0021,0.5,0.0012,3.1654,1.5,1.5
18.833,4.0265,0.0061,-0.0063,0.4995,-0.0021,0.5,0.004,3.1654,1.5,1.5
18.85,4.0432,0.006,-0.0063,0.4995,-0.0015,0.5,0.004,3.1654,1.5,1.5
18.85,4.0432,0.006,-0.0063,0.4995,-0.0015,0.5,-0.0031,3.1654,1.5,1.5
18.867,4.0515,0.006,-0.0063,0.4995,0.0,0.5,-0.0022,3.1654,1.5,1.5
18.867,4.0515,0.006,-0.0063,0.4995,0.0,0.5,-0.0029,3.1654,1.5,1.5
18.9,4.0598,0.0059,-0.0063,0.4996,-0.0007,0.5,-0.0012,3.1654,1.5,1.5
18.9,4.0598,0.0059,-0.0063,0.4996,-0.0007,0.5,0.0007,3.1654,1.5,1.5
18.917,4.0765,0.0058,-0.0064,0.4996,-0.0014,0.5,-0.0009,3.1654,1.5,1.5
18.917,4.0765,0.0058,-0.0064,0.4996,-0.0014,0.5,-0.0023,3.1561,1.5,1.5
18.917,4.0765,0.0058,-0.0064,0.4996,-0.0014,0.4999,-0.0045,3.1561,1.5,1.5
18.95,4.0848,0.0058,-0.0063,0.4997,-0.0018,0.4998,-0.0041,3.1561,1.5,1.5
18.95,4.0848,0.0058,-0.0063,0.4997,-0.0018,0.5,-0.0045,3.1561,1.5,1.5
18.967,4.1015,0.0057,-0.0063,0.4998,-0.0016,0.5,-0.0012,3.1561,1.5,1.5
18.967,4.1015,0.0057,-0.0063,0.4998,-0.0016,0.5,0.0002,3.1561,1.5,1.5
18.967,4.1015,0.0057,-0.0063,0.4998,-0.0016,0.5,-0.0001,3.1561,1.5,1.5
19.0,4.1098,0.0056,-0.0064,0.4999,-0.0022,0.5,-0.0036,3.1561,1.5,1.5
19.017,4.1265,0.0055,-0.0064,0.5,-0.0011,0.4999,-0.0035,3.1561,1.5,1.5
19.017,4.1265,0.0055,-0.0064,0.5,-0.0011,0.5,-0.0032,3.1675,1.5,1.5
19.033,4.1348,0.0055,-0.0063,0.5001,-0.001,0.5,0.0021,3.1675,1.5,1.5
19.033,4.1348,0.0055,-0.0063,0.5001,-0.001,0.5,0.0027,3.1675,1.5,1.5
19.033,4.1348,0.0055,-0.0063,0.5001,-0.001,0.5,0.0029,3.1675,1.5,1.5
19.067,4.1432,0.0054,-0.0064,0.5002,-0.0011,0.5,0.0029,3.1675,1.5,1.5
19.083,4.1598,0.0053,-0.0063,0.5002,0.0001,0.5,0.0011,3.1675,1.5,1.5
19.083,4.1598,0.0053,-0.0063,0.5002,0.0001,0.5,-0.0,3.1675,1.5,1.5
19.083,4.1598,0.0053,-0.0063,0.5002,0.0001,0.5,-0.0,3.1675,1.5,1.5
19.117,4.1682,0.0053,-0.0064,0.5002,-0.0003,0.5,0.0,3.1675,1.5,1.5
19.117,4.1682,0.0053,-0.0064,0.5002,-0.0003,0.5,0.0014,3.1675,1.5,1.5
19.133,4.1849,0.0052,-0.0064,0.5005,-0.0003,0.5,0.0002,3.165,1.5,1.5
19.133,4.1849,0.0052,-0.0064,0.5005,-0.0003,0.5,-0.0035,3.165,1.5,1.5
19.133,4.1849,0.0052,-0.0064,0.5005,-0.0003,0.5,0.0004,3.165,1.5,1.5
19.167,4.1932,0.0051,-0.0063,0.5004,0.0012,0.5,0.0004,3.165,1.5,1.5
19.167,4.1932,0.0051,-0.0063,0.5004,0.0012,0.5,0.0018,3.165,1.5,1.5
19.183,4.2099,0.005,-0.0063,0.5006,-0.0007,0.5,0.0007,3.165,1.5,1.5
19.2,4.2183,0.0049,-0.0063,0.5007,0.0002,0.5,0.0007,3.165,1.5,1.5
19.2,4.2183,0.0049,-0.0063,0.5007,0.0002,0.5,0.0013,3.165,1.5,1.5
19.2,4.2183,0.0049,-0.0063,0.5007,0.0002,0.5,-0.0011,3.2253,1.5,1.5
19.233,4.2266,0.0049,-0.0063,0.5007,-0.0,0.5,-0.0012,3.2253,1.5,1.5
19.233,4.2266,0.0049,-0.0063,0.5007,-0.0,0.5,-0.0035,3.2253,1.5,1.5
19.25,4.2433,0.0048,-0.0063,0.5008,0.0003,0.5,-0.0013,3.2253,1.5,1.5
19.25,4.2433,0.0048,-0.0063,0.5008,0.0003,0.5,0.0004,3.2253,1.5,1.5
19.25,4.2433,0.0048,-0.0063,0.5008,0.0003,0.5,-0.0006,3.2253,1.5,1.5
19.283,4.2516,0.0047,-0.0062,0.5009,0.0005,0.5,0.0026,3.2253,1.5,1.5
19.3,4.2683,0.0046,-0.0062,0.5008,-0.0001,0.5,0.0019,3.2253,1.5,1.5
19.3,4.2683,0.0046,-0.0062,0.5008,-0.0001,0.5,0.0033,3.2253,1.5,1.5
19.3,4.2683,0.0046,-0.0062,0.5008,-0.0001,0.5,0.0056,3.2253,1.5,1.5
19.333,4.2767,0.0045,-0.0062,0.5009,0.0004,0.5,0.0048,3.1481,1.5,1.5
19.333,4.2767,0.0045,-0.0062,0.5009,0.0004,0.5,0.001,3.1481,1.5,1.5
19.35,4.2934,0.0044,-0.0061,0.5007,0.0011,0.5,0.0024,3.1481,1.5,1.5
19.367,4.3017,0.0044,-0.0061,0.5006,0.0019,0.5,0.0002,3.1481,1.5,1.5
19.367,4.3017,0.0044,-0.0061,0.5006,0.0019,0.5,-0.0003,3.1481,1.5,1.5
19.367,4.3017,0.0044,-0.0061,0.5006,0.0019,0.5,-0.0003,3.1481,1.5,1.5
19.4,4.3101,0.0043,-0.0062,0.5006,0.002,0.5,0.0041,3.1481,1.5,1.5
19.4,4.3101,0.0043,-0.0062,0.5006,0.002,0.5,0.0049,3.1481,1.5,1.5
19.417,4.3267,0.0042,-0.0062,0.5004,0.0013,0.5,0.006,3.1481,1.5,1.5
19.417,4.3267,0.0042,-0.0062,0.5004,0.0013,0.5,0.0055,3.1732,1.5,1.5
19.417,4.3267,0.0042,-0.0062,0.5004,0.0013,0.5,0.0034,3.1732,1.5,1.5
19.45,4.3351,0.0042,-0.0061,0.5004,0.0002,0.5,0.004,3.1732,1.5,1.5
19.45,4.3351,0.0042,-0.0061,0.5004,0.0002,0.5,0.0019,3.1732,1.5,1.5
19.467,4.3518,0.004,-0.0061,0.5002,-0.0001,0.5,-0.0,3.1732,1.5,1.5
19.467,4.3518,0.004,-0.0061,0.5002,-0.0001,0.5,-0.0008,3.1732,1.5,1.5
19.5,4.3601,0.004,-0.0061,0.5001,0.0008,0.5,0.0006,3.1732,1.5,1.5
19.5,4.3601,0.004,-0.0061,0.5001,0.0008,0.4992,0.0068,3.1732,1.5,1.5
19.517,4.3768,0.0039,-0.0061,0.5,0.0005,0.4999,0.0063,3.1732,1.5,1.5
19.517,4.3768,0.0039,-0.0061,0.5,0.0005,0.4999,0.0052,3.1841,1.5,1.5
19.533,4.3851,0.0038,-0.0062,0.4999,-0.0007,0.5,0.0028,3.1841,1.5,1.5
19.533,4.3851,0.0038,-0.0062,0.4999,-0.0007,0.5,0.0027,3.1841,1.5,1.5
19.533,4.3851,0.0038,-0.0062,0.4999,-0.0007,0.5,0.0055,3.1841,1.5,1.5
19.567,4.3934,0.0038,-0.0061,0.4998,-0.0003,0.5,0.0041,3.1841,1.5,1.5
19.583,4.4101,0.0037,-0.0061,0.4997,-0.0003,0.5,0.0048,3.1841,1.5,1.5
19.583,4.4101,0.0037,-0.0061,0.4997,-0.0003,0.5,0.0052,3.1841,1.5,1.5
19.583,4.4101,0.0037,-0.0061,0.4997,-0.0003,0.5,0.0042,3.1841,1.5,1.5
19.583,4.4101,0.0037,-0.0061,0.4997,-0.0003,0.5,0.0059,3.1841,1.5,1.5
19.617,4.4184,0.0036,-0.0061,0.4997,-0.0014,0.5,0.0023,3.1445,1.5,1.5
19.633,4.4351,0.0035,-0.0062,0.4996,-0.0005,0.5,0.0023,3.1445,1.5,1.5
19.633,4.4351,0.0035,-0.0062,0.4996,-0.0005,0.5,-0.0034,3.1445,1.5,1.5
19.633,4.4351,0.0035,-0.0062,0.4996,-0.0005,0.5,-0.0024,3.1445,1.5,1.5
19.667,4.4434,0.0035,-0.0061,0.4994,-0.002,0.5,-0.0024,3.1445,1.5,1.5
19.667,4.4434,0.0035,-0.0061,0.4994,-0.002,0.5,0.0015,3.1445,1.5,1.5
19.683,4.46,0.0034,-0.0061,0.4995,0.0001,0.5,0.0012,3.1445,1.5,1.5
19.7,4.4684,0.0033,-0.0061,0.4995,-0.0012,0.5,0.0023,3.1445,1.5,1.5
19.7,4.4684,0.0033,-0.0061,0.4995,-0.0012,0.5,0.0049,3.1445,1.5,1.5
19.7,4.4684,0.0033,-0.0061,0.4995,-0.0012,0.5,0.0014,3.1445,1.5,1.5
19.733,4.4767,0.0033,-0.0062,0.4996,0.0,0.5,-0.0005,3.1245,1.5,1.5
19.733,4.4767,0.0033,-0.0062,0.4996,0.0,0.5,-0.0014,3.1245,1.5,1.5
19.75,4.4934,0.0032,-0.0061,0.4997,-0.0012,0.5,-0.0005,3.1245,1.5,1.5
19.75,4.4934,0.0032,-0.0061,0.4997,-0.0012,0.5,-0.0017,3.1245,1.5,1.5
19.75,4.4934,0.0032,-0.0061,0.4997,-0.0012,0.5,-0.0014,3.1245,1.5,1.5
19.783,4.5017,0.0031,-0.0061,0.4997,0.0004,0.5,-0.0003,3.1245,1.5,1.5
19.8,4.5184,0.003,-0.0061,0.4999,0.0003,0.5,-0.0003,3.1245,1.5,1.5
19.8,4.5184,0.003,-0.0061,0.4999,0.0003,0.5,0.001,3.1245,1.5,1.5
19.8,4.5184,0.003,-0.0061,0.4999,0.0003,0.5,0.0022,3.1245,1.5,1.5
19.833,4.5267,0.003,-0.0061,0.4999,-0.0002,0.5,0.0022,3.163,1.5,1.5
19.833,4.5267,0.003,-0.0061,0.4999,-0.0002,0.5,0.0001,3.163,1.5,1.5
19.833,4.5267,0.003,-0.0061,0.4999,-0.0002,0.5,0.0002,3.163,1.5,1.5
19.85,4.5434,0.0029,-0.006,0.5001,0.0001,0.5,0.0039,3.163,1.5,1.5
19.85,4.5434,0.0029,-0.006,0.5001,0.0001,0.5,0.0045,3.163,1.5,1.5
19.867,4.5517,0.0028,-0.006,0.5002,0.001,0.5,0.0051,3.163,1.5,1.5
19.867,4.5517,0.0028,-0.006,0.5002,0.001,0.5,0.0029,3.163,1.5,1.5
19.867,4.5517,0.0028,-0.006,0.5002,0.001,0.5,0.0041,3.163,1.5,1.5
19.9,4.56,0.0028,-0.0059,0.5002,0.0011,0.5,0.0029,3.163,1.5,1.5
19.917,4.5767,0.0027,-0.0059,0.5004,0.001,0.5,0.0015,3.163,1.5,1.5
19.917,4.5767,0.0027,-0.0059,0.5004,0.001,0.5,0.0047,3.1847,1.5,1.5
19.917,4.5767,0.0027,-0.0059,0.5004,0.001,0.4991,0.0032,3.1847,1.5,1.5
19.95,4.5851,0.0026,-0.0059,0.5004,0.0013,0.4999,-0.0022,3.1847,1.5,1.5
19.95,4.5851,0.0026,-0.0059,0.5004,0.0013,0.4999,-0.0019,3.1847,1.5,1.5
19.967,4.6018,0.0025,-0.0058,0.5005,0.002,0.5,0.0022,3.1847,1.5,1.5
19.967,4.6018,0.0025,-0.0058,0.5005,0.002,0.5,0.0019,3.1847,1.5,1.5
19.967,4.6018,0.0025,-0.0058,0.5005,0.002,0.5,0.0012,3.1847,1.5,1.5
20.0,4.6101,0.0024,-0.0057,0.5006,0.0015,0.5,0.0015,3.1847,1.5,1.5
20.017,4.6268,0.0023,-0.0056,0.5007,0.0012,0.5,-0.0014,3.1847,1.5,1.5
20.017,4.6268,0.0023,-0.0056,0.5007,0.0012,0.5,-0.0007,3.1497,1.5,1.5
20.033,4.6351,0.0023,-0.0056,0.5008,0.0024,0.5,-0.0008,3.1497,1.5,1.5
20.033,4.6351,0.0023,-0.0056,0.5008,0.0024,0.5,-0.0031,3.1497,1.5,1.5
20.033,4.6351,0.0023,-0.0056,0.5008,0.0024,0.5,-0.0032,3.1497,1.5,1.5
20.067,4.6435,0.0022,-0.0055,0.5008,0.0019,0.5,-0.0007,3.1497,1.5,1.5
20.083,4.6602,0.0021,-0.0054,0.5001,0.0047,0.5,-0.0033,3.1497,1.5,1.5
20.083,4.6602,0.0021,-0.0054,0.5001,0.0047,0.5,-0.0015,3.1497,1.5,1.5
20.083,4.6602,0.0021,-0.0054,0.5001,0.0047,0.5,0.0027,3.1497,1.5,1.5
20.117,4.6685,0.002,-0.0054,0.5004,0.0046,0.5,0.0057,3.1497,1.5,1.5
20.117,4.6685,0.002,-0.0054,0.5004,0.0046,0.5,0.0058,3.1497,1.5,1.5
20.133,4.6852,0.0019,-0.0053,0.5007,0.0037,0.5,0.0049,3.1455,1.5,1.5
20.133,4.6852,0.0019,-0.0053,0.5007,0.0037,0.5,0.0025,3.1455,1.5,1.5
20.133,4.6852,0.0019,-0.0053,0.5007,0.0037,0.5,0.0042,3.1455,1.5,1.5
20.167,4.6936,0.0019,-0.0053,0.5007,0.0041,0.5,0.0036,3.1455,1.5,1.5
20.183,4.7103,0.0018,-0.0052,0.5006,0.0035,0.5,0.005,3.1455,1.5,1.5
20.183,4.7103,0.0018,-0.0052,0.5006,0.0035,0.5,0.0032,3.1455,1.5,1.5
20.2,4.7186,0.0017,-0.0052,0.5006,0.0038,0.5,0.006,3.1455,1.5,1.5
20.2,4.7186,0.0017,-0.0052,0.5006,0.0038,0.5,0.0078,3.1455,1.5,1.5
20.2,4.7186,0.0017,-0.0052,0.5006,0.0038,0.5,0.0064,3.1529,1.5,1.5
20.233,4.7269,0.0017,-0.0052,0.5005,0.0026,0.5,0.0059,3.1529,1.5,1.5
20.25,4.7436,0.0016,-0.0051,0.5004,0.0016,0.4998,0.0065,3.1529,1.5,1.5
20.25,4.7436,0.0016,-0.0051,0.5004,0.0016,0.5,-0.0011,3.1529,1.5,1.5
20.25,4.7436,0.0016,-0.0051,0.5004,0.0016,0.5,-0.0009,3.1529,1.5,1.5
20.283,4.752,0.0015,-0.0051,0.5003,0.0013,0.5,0.0003,3.1529,1.5,1.5
20.283,4.752,0.0015,-0.0051,0.5003,0.0013,0.5,0.0018,3.1529,1.5,1.5
20.3,4.7686,0.0014,-0.005,0.5001,0.0013,0.5,0.0036,3.1529,1.5,1.5
20.3,4.7686,0.0014,-0.005,0.5001,0.0013,0.5,-0.0001,3.1529,1.5,1.5
20.3,4.7686,0.0014,-0.005,0.5001,0.0013,0.5,0.0005,3.1529,1.5,1.5
20.333,4.777,0.0014,-0.005,0.5,0.0014,0.5,0.0005,3.1602,1.5,1.5
20.35,4.7936,0.0013,-0.005,0.4999,0.0007,0.5,0.0051,3.1602,1.5,1.5
20.35,4.7936,0.0013,-0.005,0.4999,0.0007,0.4991,0.0027,3.1602,1.5,1.5
20.367,4.802,0.0012,-0.005,0.4998,0.0011,0.4998,0.0026,3.1602,1.5,1.5
20.367,4.802,0.0012,-0.005,0.4998,0.0011,0.4999,0.0034,3.1602,1.5,1.5
20.367,4.802,0.0012,-0.005,0.4998,0.0011,0.5,0.001,3.1602,1.5,1.5
20.4,4.8103,0.0012,-0.005,0.4998,0.0016,0.5,0.0012,3.1602,1.5,1.5
20.417,4.8269,0.0011,-0.0049,0.4996,0.0011,0.5,-0.0015,3.1602,1.5,1.5
20.417,4.8269,0.0011,-0.0049,0.4996,0.0011,0.5,0.0031,3.1453,1.5,1.5
20.417,4.8269,0.0011,-0.0049,0.4996,0.0011,0.5,0.0021,3.1453,1.5,1.5
20.45,4.8353,0.0011,-0.005,0.4996,0.0012,0.5,0.002,3.1453,1.5,1.5
20.45,4.8353,0.0011,-0.005,0.4996,0.0012,0.5,0.0002,3.1453,1.5,1.5
20.467,4.8519,0.001,-0.0049,0.4995,0.0003,0.5,0.0002,3.1453,1.5,1.5
20.467,4.8519,0.001,-0.0049,0.4995,0.0003,0.5,-0.0017,3.1453,1.5,1.5
20.467,4.8519,0.001,-0.0049,0.4995,0.0003,0.5,0.0023,3.1453,1.5,1.5
20.5,4.8603,0.001,-0.005,0.4995,-0.0002,0.5,0.0041,3.1453,1.5,1.5
20.5,4.8603,0.001,-0.005,0.4995,-0.0002,0.5,0.002,3.1453,1.5,1.5
20.517,4.8769,0.0009,-0.0049,0.4992,0.0001,0.5,0.0002,3.1453,1.5,1.5
20.533,4.8852,0.0008,-0.0049,0.4995,0.0006,0.5,-0.0037,3.1755,1.5,1.5
20.533,4.8852,0.0008,-0.0049,0.4995,0.0006,0.5,-0.0017,3.1755,1.5,1.5
20.533,4.8852,0.0008,-0.0049,0.4995,0.0006,0.5,-0.0021,3.1755,1.5,1.5
20.567,4.8935,0.0008,-0.0049,0.4996,0.0005,0.5,-0.0032,3.1755,1.5,1.5
20.567,4.8935,0.0008,-0.0049,0.4996,0.0005,0.5,-0.0073,3.1755,1.5,1.5
20.583,4.9102,0.0007,-0.0049,0.4997,0.0005,0.5,-0.0022,3.1755,1.5,1.5
20.583,4.9102,0.0007,-0.0049,0.4997,0.0005,0.5,0.0004,3.1755,1.5,1.5
20.583,4.9102,0.0007,-0.0049,0.4997,0.0005,0.5,0.0038,3.1755,1.5,1.5
20.617,4.9185,0.0007,-0.0049,0.4998,0.001,0.5,0.0038,3.1755,1.5,1.5
20.633,4.9352,0.0006,-0.0048,0.4999,0.0001,0.5,0.0038,3.1421,1.5,1.5
20.633,4.9352,0.0006,-0.0048,0.4999,0.0001,0.5,-0.0007,3.1421,1.5,1.5
20.633,4.9352,0.0006,-0.0048,0.4999,0.0001,0.4998,0.0001,3.1421,1.5,1.5
20.667,4.9435,0.0005,-0.0047,0.5,0.0007,0.5,-0.0026,3.1421,1.5,1.5
20.667,4.9435,0.0005,-0.0047,0.5,0.0007,0.5,0.0016,3.1421,1.5,1.5
20.683,4.9602,0.0004,-0.0047,0.5002,0.0018,0.5,0.0017,3.1421,1.5,1.5
20.683,4.9602,0.0004,-0.0047,0.5002,0.0018,0.5,0.0043,3.1421,1.5,1.5
20.7,4.9686,0.0004,-0.0047,0.5002,0.0011,0.5,0.0038,3.1421,1.5,1.5
20.7,4.9686,0.0004,-0.0047,0.5002,0.0011,0.5,0.0005,3.1421,1.5,1.5
20.7,4.9686,0.0004,-0.0047,0.5002,0.0011,0.5,0.0001,3.1787,1.5,1.5
20.733,4.9769,0.0004,-0.0047,0.5003,0.0022,0.5,0.0,3.1787,1.5,1.5
20.75,4.9936,0.0003,-0.0047,0.5004,0.0004,0.5,-0.0008,3.1787,1.5,1.5
20.75,4.9936,0.0003,-0.0047,0.5004,0.0004,0.5,-0.0017,3.1787,1.5,1.5
20.75,4.9936,0.0003,-0.0047,0.5004,0.0004,0.5,-0.0042,3.1787,1.5,1.5
20.783,5.0019,0.0002,-0.0046,0.5005,0.0009,0.5,0.0002,3.1787,1.5,1.5
20.783,5.0019,0.0002,-0.0046,0.5005,0.0009,0.4999,0.0008,3.1787,1.5,1.5
20.8,5.0186,0.0001,-0.0045,0.5005,0.003,0.5,0.0045,3.1787,1.5,1.5
20.8,5.0186,0.0001,-0.0045,0.5005,0.003,0.5,0.0026,3.1787,1.5,1.5
20.8,5.0186,0.0001,-0.0045,0.5005,0.003,0.5,0.0019,3.0971,1.5,1.5
20.833,5.027,0.0001,-0.0045,0.5006,0.0019,0.5,0.0016,3.0971,1.5,1.5
20.85,5.0437,-0.0,-0.0044,0.5008,0.002,0.4999,0.0039,3.0971,1.5,1.5
20.85,5.0437,-0.0,-0.0044,0.5008,0.002,0.5,0.0068,3.0971,1.5,1.5
20.867,5.052,-0.0001,-0.0044,0.5007,0.0029,0.5,0.001,3.0971,1.5,1.5
20.867,5.052,-0.0001,-0.0044,0.5007,0.0029,0.5,0.0009,3.0971,1.5,1.5
20.867,5.052,-0.0001,-0.0044,0.5007,0.0029,0.5,-0.0007,3.0971,1.5,1.5
20.9,5.0604,-0.0001,-0.0043,0.5008,0.0026,0.5,0.0021,3.0971,1.5,1.5
20.917,5.0771,-0.0002,-0.0043,0.5008,0.0044,0.5,0.005,3.0971,1.5,1.5
20.917,5.0771,-0.0002,-0.0043,0.5008,0.0044,0.5,0.0042,3.0971,1.5,1.5
20.917,5.0771,-0.0002,-0.0043,0.5008,0.0044,0.5,0.0042,3.143,1.5,1.5
20.95,5.0854,-0.0002,-0.0043,0.5007,0.001,0.5,0.004,3.143,1.5,1.5
20.95,5.0854,-0.0002,-0.0043,0.5007,0.001,0.5,0.0003,3.143,1.5,1.5
20.967,5.1021,-0.0003,-0.0042,0.5007,0.0033,0.5,-0.0006,3.143,1.5,1.5
20.967,5.1021,-0.0003,-0.0042,0.5007,0.0033,0.4996,0.0013,3.143,1.5,1.5
20.967,5.1021,-0.0003,-0.0042,0.5007,0.0033,0.4999,0.0009,3.143,1.5,1.5
21.0,5.1104,-0.0004,-0.0041,0.5006,0.0018,0.5,0.0028,3.143,1.5,1.5
21.0,5.1104,-0.0004,-0.0041,0.5006,0.0018,0.5,-0.0006,3.143,1.5,1.5
21.017,5.1271,-0.0004,-0.0041,0.5005,0.0035,0.5,-0.0006,3.143,1.5,1.5
21.033,5.1355,-0.0005,-0.004,0.5005,0.0022,0.5,-0.001,3.1508,1.5,1.5
21.033,5.1355,-0.0005,-0.004,0.5005,0.0022,0.5,-0.0009,3.1508,1.5,1.5
21.033,5.1355,-0.0005,-0.004,0.5005,0.0022,0.5,-0.0003,3.1508,1.5,1.5
21.033,5.1355,-0.0005,-0.004,0.5005,0.0022,0.5,-0.0026,3.1508,1.5,1.5
21.067,5.1438,-0.0005,-0.004,0.5004,0.002,0.4999,-0.0018,3.1508,1.5,1.5
21.083,5.1605,-0.0006,-0.004,0.5003,0.0022,0.5,-0.0015,3.1508,1.5,1.5
21.083,5.1605,-0.0006,-0.004,0.5003,0.0022,0.5,0.001,3.1508,1.5,1.5
21.083,5.1605,-0.0006,-0.004,0.5003,0.0022,0.5,0.0018,3.1508,1.5,1.5
21.117,5.1688,-0.0006,-0.004,0.5002,0.003,0.5,0.0048,3.1508,1.5,1.5
21.117,5.1688,-0.0006,-0.004,0.5002,0.003,0.5,0.0059,3.1472,1.5,1.5
21.133,5.1855,-0.0007,-0.0038,0.4999,0.0022,0.5,0.0056,3.1472,1.5,1.5
21.133,5.1855,-0.0007,-0.0038,0.4999,0.0022,0.5,0.0004,3.1472,1.5,1.5
21.133,5.1855,-0.0007,-0.0038,0.4999,0.0022,0.4999,0.0045,3.1472,1.5,1.5
21.167,5.1938,-0.0008,-0.0039,0.5,0.0022,0.5,0.0007,3.1472,1.5,1.5
21.183,5.2105,-0.0008,-0.0039,0.4998,0.0015,0.5,0.0038,3.1472,1.5,1.5
21.183,5.2105,-0.0008,-0.0039,0.4998,0.0015,0.5,0.0028,3.1472,1.5,1.5
21.2,5.2188,-0.0008,-0.0039,0.4998,0.0016,0.5,0.0058,3.1472,1.5,1.5
21.2,5.2188,-0.0008,-0.0039,0.4998,0.0016,0.4996,0.0064,3.1472,1.5,1.5
21.2,5.2188,-0.0008,-0.0039,0.4998,0.0016,0.4999,0.0069,3.1537,1.5,1.5
21.233,5.2271,-0.0009,-0.0039,0.4997,0.0001,0.5,0.0035,3.1537,1.5,1.5
21.25,5.2438,-0.0009,-0.0038,0.4996,-0.0002,0.5,0.0033,3.1537,1.5,1.5
21.25,5.2438,-0.0009,-0.0038,0.4996,-0.0002,0.5,0.0024,3.1537,1.5,1.5
21.25,5.2438,-0.0009,-0.0038,0.4996,-0.0002,0.5,0.0053,3.1537,1.5,1.5
21.283,5.2521,-0.001,-0.0038,0.4995,-0.0013,0.5,0.0053,3.1537,1.5,1.5
21.283,5.2521,-0.001,-0.0038,0.4995,-0.0013,0.5,-0.0017,3.1537,1.5,1.5
21.3,5.2688,-0.001,-0.0039,0.4994,-0.0005,0.5,-0.0014,3.1537,1.5,1.5
21.3,5.2688,-0.001,-0.0039,0.4994,-0.0005,0.5,0.0021,3.1537,1.5,1.5
21.3,5.2688,-0.001,-0.0039,0.4994,-0.0005,0.5,0.0033,3.1375,1.5,1.5
21.333,5.2771,-0.0011,-0.0039,0.4995,0.0001,0.5,0.0018,3.1375,1.5,1.5
21.35,5.2938,-0.0011,-0.0038,0.4996,-0.0009,0.4993,-0.0001,3.1375,1.5,1.5
21.35,5.2938,-0.0011,-0.0038,0.4996,-0.0009,0.4996,-0.003,3.1375,1.5,1.5
21.367,5.3021,-0.0012,-0.0038,0.4996,-0.0004,0.4999,-0.0015,3.1375,1.5,1.5
21.367,5.3021,-0.0012,-0.0038,0.4996,-0.0004,0.5,-0.0008,3.1375,1.5,1.5
21.367,5.3021,-0.0012,-0.0038,0.4996,-0.0004,0.5,0.0014,3.1375,1.5,1.5
21.4,5.3104,-0.0012,-0.0038,0.4996,0.0,0.5,0.0014,3.1375,1.5,1.5
21.4,5.3104,-0.0012,-0.0038,0.4996,0.0,0.5,-0.0001,3.1375,1.5,1.5
21.417,5.3271,-0.0013,-0.0038,0.4998,-0.0004,0.5,-0.0005,3.1375,1.5,1.5
21.417,5.3271,-0.0013,-0.0038,0.4998,-0.0004,0.5,-0.0005,3.1744,1.5,1.5
21.417,5.3271,-0.0013,-0.0038,0.4998,-0.0004,0.5,-0.0,3.1744,1.5,1.5
21.45,5.3354,-0.0013,-0.0038,0.4999,0.0001,0.5,-0.0005,3.1744,1.5,1.5
21.467,5.3521,-0.0014,-0.0037,0.5,0.0006,0.5,-0.0039,3.1744,1.5,1.5
21.467,5.3521,-0.0014,-0.0037,0.5,0.0006,0.5,0.0001,3.1744,1.5,1.5
21.467,5.3521,-0.0014,-0.0037,0.5,0.0006,0.5,0.0014,3.1744,1.5,1.5
21.5,5.3604,-0.0014,-0.0037,0.4995,0.0018,0.5,0.0014,3.1744,1.5,1.5
21.517,5.3771,-0.0015,-0.0035,0.5,0.0015,0.5,0.0024,3.1744,1.5,1.5
21.517,5.3771,-0.0015,-0.0035,0.5,0.0015,0.5,0.0013,3.1744,1.5,1.5
21.533,5.3854,-0.0015,-0.0035,0.5003,0.0011,0.5,0.0013,3.1565,1.5,1.5
21.533,5.3854,-0.0015,-0.0035,0.5003,0.0011,0.5,0.0005,3.1565,1.5,1.5
21.533,5.3854,-0.0015,-0.0035,0.5003,0.0011,0.5,0.0013,3.1565,1.5,1.5
21.567,5.3938,-0.0016,-0.0035,0.5004,0.0017,0.5,0.0013,3.1565,1.5,1.5
21.567,5.3938,-0.0016,-0.0035,0.5004,0.0017,0.5,0.0006,3.1565,1.5,1.5
21.583,5.4105,-0.0016,-0.0035,0.5005,0.0021,0.5,0.0008,3.1565,1.5,1.5
21.583,5.4105,-0.0016,-0.0035,0.5005,0.0021,0.5,0.0008,3.1565,1.5,1.5
21.583,5.4105,-0.0016,-0.0035,0.5005,0.0021,0.5,0.0024,3.1565,1.5,1.5
21.617,5.4188,-0.0017,-0.0033,0.5005,0.0024,0.5,0.0024,3.1393,1.5,1.5
21.633,5.4355,-0.0018,-0.0033,0.5006,0.0026,0.5,0.002,3.1393,1.5,1.5
21.633,5.4355,-0.0018,-0.0033,0.5006,0.0026,0.5,0.0024,3.1393,1.5,1.5
21.633,5.4355,-0.0018,-0.0033,0.5006,0.0026,0.5,0.0044,3.1393,1.5,1.5
21.667,5.4438,-0.0018,-0.0032,0.5006,0.0026,0.5,0.0055,3.1393,1.5,1.5
21.683,5.4605,-0.0019,-0.0031,0.5008,0.0032,0.4997,0.0063,3.1393,1.5,1.5
21.683,5.4605,-0.0019,-0.0031,0.5008,0.0032,0.4999,0.0043,3.1393,1.5,1.5
21.7,5.4689,-0.0019,-0.0031,0.5008,0.0025,0.5,-0.0011,3.1393,1.5,1.5
21.7,5.4689,-0.0019,-0.0031,0.5008,0.0025,0.5,0.0016,3.1393,1.5,1.5
21.7,5.4689,-0.0019,-0.0031,0.5008,0.0025,0.5,0.0044,3.1627,1.5,1.5
21.733,5.4772,-0.0019,-0.0031,0.5009,0.0024,0.5,0.0046,3.1627,1.5,1.5
21.75,5.4939,-0.002,-0.003,0.5007,0.0029,0.5,0.0022,3.1627,1.5,1.5
21.75,5.4939,-0.002,-0.003,0.5007,0.0029,0.5,0.0026,3.1627,1.5,1.5
21.75,5.4939,-0.002,-0.003,0.5007,0.0029,0.4997,0.0038,3.1627,1.5,1.5
21.783,5.5023,-0.002,-0.0029,0.5007,0.0031,0.5,0.001,3.1627,1.5,1.5
21.783,5.5023,-0.002,-0.0029,0.5007,0.0031,0.5,-0.0003,3.1627,1.5,1.5
21.8,5.519,-0.0021,-0.0029,0.5006,0.0026,0.5,0.0013,3.1627,1.5,1.5
21.8,5.519,-0.0021,-0.0029,0.5006,0.0026,0.5,0.0038,3.1627,1.5,1.5
21.8,5.519,-0.0021,-0.0029,0.5006,0.0026,0.5,0.0014,3.1513,1.5,1.5
21.833,5.5273,-0.0021,-0.0028,0.5003,0.0026,0.5,0.0049,3.1513,1.5,1.5
21.85,5.544,-0.0022,-0.0027,0.5005,0.0043,0.499,0.0044,3.1513,1.5,1.5
21.85,5.544,-0.0022,-0.0027,0.5005,0.0043,0.4998,0.002,3.1513,1.5,1.5
21.867,5.5523,-0.0022,-0.0028,0.5004,0.0022,0.4998,0.002,3.1513,1.5,1.5
21.867,5.5523,-0.0022,-0.0028,0.5004,0.0022,0.5,0.0002,3.1513,1.5,1.5
21.867,5.5523,-0.0022,-0.0028,0.5004,0.0022,0.5,0.004,3.1513,1.5,1.5
21.867,5.5523,-0.0022,-0.0028,0.5004,0.0022,0.5,0.0046,3.1513,1.5,1.5
21.9,5.5607,-0.0023,-0.0027,0.5003,0.003,0.5,0.0038,3.1513,1.5,1.5
21.9,5.5607,-0.0023,-0.0027,0.5003,0.003,0.5,0.0035,3.1513,1.5,1.5
21.917,5.5773,-0.0023,-0.0027,0.5,0.0025,0.5,0.0037,3.1513,1.5,1.5
21.917,5.5773,-0.0023,-0.0027,0.5,0.0025,0.5,0.0049,3.1325,1.5,1.5
21.917,5.5773,-0.0023,-0.0027,0.5,0.0025,0.5,0.0042,3.1325,1.5,1.5
21.95,5.5857,-0.0023,-0.0027,0.5,0.0036,0.5,0.0042,3.1325,1.5,1.5
21.967,5.6023,-0.0024,-0.0024,0.5,0.0017,0.5,0.0033,3.1325,1.5,1.5
21.967,5.6023,-0.0024,-0.0024,0.5,0.0017,0.5,0.0024,3.1325,1.5,1.5
21.967,5.6023,-0.0024,-0.0024,0.5,0.0017,0.5,0.0024,3.1325,1.5,1.5
22.0,5.6107,-0.0024,-0.0026,0.4997,0.0026,0.5,-0.0,3.1325,1.5,1.5
22.0,5.6107,-0.0024,-0.0026,0.4997,0.0026,0.5,0.0041,3.1325,1.5,1.5
22.017,5.6273,-0.0025,-0.0026,0.4998,0.0022,0.5,0.0032,3.1325,1.5,1.5
22.033,5.6357,-0.0025,-0.0024,0.4997,0.0016,0.5,0.0032,3.1683,1.5,1.5
22.033,5.6357,-0.0025,-0.0024,0.4997,0.0016,0.5,-0.0011,3.1683,1.5,1.5
22.033,5.6357,-0.0025,-0.0024,0.4997,0.0016,0.5,0.0011,3.1683,1.5,1.5
22.067,5.644,-0.0025,-0.0024,0.4997,0.0008,0.4998,0.0019,3.1683,1.5,1.5
22.067,5.644,-0.0025,-0.0024,0.4997,0.0008,0.4999,-0.0003,3.1683,1.5,1.5
22.083,5.6606,-0.0026,-0.0023,0.4995,0.0008,0.4999,-0.0003,3.1683,1.5,1.5
22.083,5.6606,-0.0026,-0.0023,0.4995,0.0008,0.5,-0.0005,3.1683,1.5,1.5
22.083,5.6606,-0.0026,-0.0023,0.4995,0.0008,0.5,0.0029,3.1683,1.5,1.5
22.117,5.669,-0.0026,-0.0025,0.4995,0.0006,0.4987,0.0007,3.1683,1.5,1.5
22.117,5.669,-0.0026,-0.0025,0.4995,0.0006,0.4998,-0.0022,3.1502,1.5,1.5
22.133,5.6856,-0.0026,-0.0024,0.4995,0.0007,0.4999,0.0006,3.1502,1.5,1.5
22.133,5.6856,-0.0026,-0.0024,0.4995,0.0007,0.5,0.0026,3.1502,1.5,1.5
22.167,5.694,-0.0027,-0.0024,0.4995,0.0008,0.5,-0.0001,3.1502,1.5,1.5
22.167,5.694,-0.0027,-0.0024,0.4995,0.0008,0.5,-0.0005,3.1502,1.5,1.5
22.183,5.7106,-0.0027,-0.0023,0.4996,0.0017,0.5,0.0022,3.1502,1.5,1.5
22.183,5.7106,-0.0027,-0.0023,0.4996,0.0017,0.5,0.001,3.1502,1.5,1.5
22.2,5.7189,-0.0027,-0.0022,0.4995,0.0006,0.5,0.002,3.1502,1.5,1.5
22.2,5.7189,-0.0027,-0.0022,0.4995,0.0006,0.5,0.0013,3.1502,1.5,1.5
22.233,5.7273,-0.0027,-0.0022,0.4997,0.0018,0.5,0.0011,3.1433,1.5,1.5
22.233,5.7273,-0.0027,-0.0022,0.4997,0.0018,0.5,-0.0019,3.1433,1.5,1.5
22.25,5.7439,-0.0028,-0.0022,0.4999,0.0002,0.5,-0.0016,3.1433,1.5,1.5
22.25,5.7439,-0.0028,-0.0022,0.4999,0.0002,0.5,-0.0002,3.1433,1.5,1.5
22.25,5.7439,-0.0028,-0.0022,0.4999,0.0002,0.5,0.0026,3.1433,1.5,1.5
22.283,5.7523,-0.0028,-0.0022,0.4989,0.0015,0.5,0.0013,3.1433,1.5,1.5
22.283,5.7523,-0.0028,-0.0022,0.4989,0.0015,0.5,-0.0004,3.1433,1.5,1.5
22.3,5.7689,-0.0029,-0.0022,0.5001,0.0017,0.5,-0.0036,3.1433,1.5,1.5
22.3,5.7689,-0.0029,-0.0022,0.5001,0.0017,0.5,0.0001,3.1433,1.5,1.5
22.3,5.7689,-0.0029,-0.0022,0.5001,0.0017,0.5,0.0012,3.1678,1.5,1.5
22.333,5.7773,-0.0029,-0.0022,0.5002,0.001,0.5,0.0019,3.1678,1.5,1.5
22.35,5.7939,-0.0029,-0.002,0.5003,0.0015,0.5,-0.0027,3.1678,1.5,1.5
22.35,5.7939,-0.0029,-0.002,0.5003,0.0015,0.5,-0.0032,3.1678,1.5,1.5
22.367,5.8023,-0.003,-0.002,0.5004,0.002,0.5,-0.0029,3.1678,1.5,1.5
22.367,5.8023,-0.003,-0.002,0.5004,0.002,0.5,0.0017,3.1678,1.5,1.5
22.367,5.8023,-0.003,-0.002,0.5004,0.002,0.5,0.0034,3.1678,1.5,1.5
22.4,5.8106,-0.003,-0.002,0.5004,0.0027,0.5,0.0025,3.1678,1.5,1.5
22.417,5.8273,-0.003,-0.0017,0.5006,0.0016,0.5,0.0013,3.1678,1.5,1.5
22.417,5.8273,-0.003,-0.0017,0.5006,0.0016,0.5,0.0029,3.1678,1.5,1.5
22.417,5.8273,-0.003,-0.0017,0.5006,0.0016,0.5,0.0026,3.162,1.5,1.5
22.417,5.8273,-0.003,-0.0017,0.5006,0.0016,0.5,0.0038,3.162,1.5,1.5
22.45,5.8357,-0.0031,-0.0015,0.5006,0.0032,0.5,0.0019,3.162,1.5,1.5
22.45,5.8357,-0.0031,-0.0015,0.5006,0.0032,0.5,0.0009,3.162,1.5,1.5
22.467,5.8524,-0.0031,-0.0015,0.5006,0.0031,0.5,0.0009,3.162,1.5,1.5
22.467,5.8524,-0.0031,-0.0015,0.5006,0.0031,0.5,-0.0013,3.162,1.5,1.5
22.467,5.8524,-0.0031,-0.0015,0.5006,0.0031,0.5,0.0012,3.162,1.5,1.5
22.5,5.8607,-0.0031,-0.0017,0.5007,0.0033,0.5,0.0012,3.162,1.5,1.5
22.517,5.8774,-0.0032,-0.0017,0.5008,0.0033,0.5,0.004,3.162,1.5,1.5
22.517,5.8774,-0.0032,-0.0017,0.5008,0.0033,0.5,0.0033,3.162,1.5,1.5
22.533,5.8858,-0.0032,-0.0015,0.5008,0.003,0.5,0.0033,3.1406,1.5,1.5
22.533,5.8858,-0.0032,-0.0015,0.5008,0.003,0.5,0.0039,3.1406,1.5,1.5
22.533,5.8858,-0.0032,-0.0015,0.5008,0.003,0.5,0.005,3.1406,1.5,1.5
22.567,5.8941,-0.0032,-0.0014,0.5008,0.0038,0.5,0.0045,3.1406,1.5,1.5
22.583,5.9108,-0.0033,-0.0014,0.5007,0.0029,0.5,0.0026,3.1406,1.5,1.5
22.583,5.9108,-0.0033,-0.0014,0.5007,0.0029,0.5,-0.0011,3.1406,1.5,1.5
22.583,5.9108,-0.0033,-0.0014,0.5007,0.0029,0.5,0.0046,3.1406,1.5,1.5
22.617,5.9191,-0.0033,-0.0014,0.5007,0.0037,0.5,0.0037,3.1406,1.5,1.5
22.617,5.9191,-0.0033,-0.0014,0.5007,0.0037,0.5,0.0022,3.1428,1.5,1.5
22.633,5.9358,-0.0033,-0.0012,0.5006,0.003,0.5,0.0018,3.1428,1.5,1.5
22.633,5.9358,-0.0033,-0.0012,0.5006,0.003,0.5,0.001,3.1428,1.5,1.5
22.633,5.9358,-0.0033,-0.0012,0.5006,0.003,0.5,0.0,3.1428,1.5,1.5
22.667,5.9442,-0.0034,-0.001,0.5006,0.0026,0.5,0.0,3.1428,1.5,1.5
22.683,5.9609,-0.0034,-0.001,0.5004,0.0028,0.5,0.0018,3.1428,1.5,1.5
22.683,5.9609,-0.0034,-0.001,0.5004,0.0028,0.5,0.0008,3.1428,1.5,1.5
22.7,5.9692,-0.0034,-0.0012,0.5003,0.0023,0.5,0.0004,3.1428,1.5,1.5
22.7,5.9692,-0.0034,-0.0012,0.5003,0.0023,0.5,0.0039,3.1428,1.5,1.5
22.7,5.9692,-0.0034,-0.0012,0.5003,0.0023,0.5,0.0057,3.1428,1.5,1.5
22.733,5.9775,-0.0034,-0.0007,0.5003,0.0026,0.5,0.0057,3.1626,1.5,1.5
22.75,5.9942,-0.0035,-0.001,0.5001,0.0014,0.5,0.0008,3.1626,1.5,1.5
22.75,5.9942,-0.0035,-0.001,0.5001,0.0014,0.5,0.001,3.1626,1.5,1.5
22.75,5.9942,-0.0035,-0.001,0.5001,0.0014,0.5,0.001,3.1626,1.5,1.5
22.783,6.0025,-0.0035,-0.0007,0.5,0.0024,0.5,0.0027,3.1626,1.5,1.5
22.783,6.0025,-0.0035,-0.0007,0.5,0.0024,0.5,0.0035,3.1626,1.5,1.5
22.8,6.0192,-0.0035,-0.0007,0.4999,0.0021,0.5,0.0023,3.1626,1.5,1.5
22.8,6.0192,-0.0035,-0.0007,0.4999,0.0021,0.5,0.0005,3.1626,1.5,1.5
22.8,6.0192,-0.0035,-0.0007,0.4999,0.0021,0.5,0.0016,3.1298,1.5,1.5
22.833,6.0275,-0.0035,-0.001,0.4998,0.0018,0.5,0.0005,3.1298,1.5,1.5
22.85,6.0442,-0.0035,-0.0007,0.4998,-0.0005,0.5,-0.0011,3.1298,1.5,1.5
22.85,6.0442,-0.0035,-0.0007,0.4998,-0.0005,0.5,0.0042,3.1298,1.5,1.5
22.867,6.0525,-0.0035,-0.001,0.4998,-0.0008,0.5,0.0016,3.1298,1.5,1.5
22.867,6.0525,-0.0035,-0.001,0.4998,-0.0008,0.5,0.0029,3.1298,1.5,1.5
22.9,6.0609,-0.0035,-0.001,0.4996,0.001,0.5,0.003,3.1298,1.5,1.5
22.9,6.0609,-0.0035,-0.001,0.4996,0.001,0.5,0.0029,3.1298,1.5,1.5
22.917,6.0775,-0.0036,0.0,0.4995,0.0008,0.5,-0.0036,3.1298,1.5,1.5
22.917,6.0775,-0.0036,0.0,0.4995,0.0008,0.5,-0.0008,3.2063,1.5,1.5
22.917,6.0775,-0.0036,0.0,0.4995,0.0008,0.5,-0.0008,3.2063,1.5,1.5
22.95,6.0858,-0.0036,-0.0007,0.4995,0.0009,0.5,-0.0009,3.2063,1.5,1.5
22.95,6.0858,-0.0036,-0.0007,0.4995,0.0009,0.5,0.0008,3.2063,1.5,1.5
22.967,6.1025,-0.0036,0.0,0.4995,0.0,0.4997,0.0027,3.2063,1.5,1.5
22.967,6.1025,-0.0036,0.0,0.4995,0.0,0.4999,-0.0003,3.2063,1.5,1.5
22.967,6.1025,-0.0036,0.0,0.4995,0.0,0.4993,0.0001,3.2063,1.5,1.5
23.0,6.1108,-0.0036,-0.001,0.4996,0.0012,0.4987,0.0003,3.2063,1.5,1.5
23.017,6.1275,-0.0036,-0.001,0.4997,0.0006,0.499,0.0004,3.2063,1.5,1.5
23.017,6.1275,-0.0036,-0.001,0.4997,0.0006,0.4998,0.0002,3.1702,1.5,1.5
23.033,6.1358,-0.0036,0.0,0.4997,-0.0,0.4997,-0.0016,3.1702,1.5,1.5
23.033,6.1358,-0.0036,0.0,0.4997,-0.0,0.5,-0.0011,3.1702,1.5,1.5
23.033,6.1358,-0.0036,0.0,0.4997,-0.0,0.5,0.0016,3.1702,1.5,1.5
23.067,6.1441,-0.0036,0.0,0.4998,0.0003,0.5,0.0023,3.1702,1.5,1.5
23.083,6.1608,-0.0037,0.0,0.4999,0.0009,0.5,0.0008,3.1702,1.5,1.5
23.083,6.1608,-0.0037,0.0,0.4999,0.0009,0.5,0.0021,3.1702,1.5,1.5
23.083,6.1608,-0.0037,0.0,0.4999,0.0009,0.5,0.0018,3.1702,1.5,1.5
23.117,6.1692,-0.0037,0.0,0.5,0.0011,0.5,0.0021,3.1702,1.5,1.5
23.117,6.1692,-0.0037,0.0,0.5,0.0011,0.5,0.0075,3.1518,1.5,1.5
23.133,6.1858,-0.0037,-0.0007,0.4996,0.001,0.5,0.0072,3.1518,1.5,1.5
23.133,6.1858,-0.0037,-0.0007,0.4996,0.001,0.4998,0.0021,3.1518,1.5,1.5
23.133,6.1858,-0.0037,-0.0007,0.4996,0.001,0.5,0.0009,3.1518,1.5,1.5
23.167,6.1942,-0.0037,0.0,0.4994,0.0011,0.5,-0.0036,3.1518,1.5,1.5
23.183,6.2108,-0.0037,0.0,0.5001,0.0018,0.5,-0.0014,3.1518,1.5,1.5
23.183,6.2108,-0.0037,0.0,0.5001,0.0018,0.5,-0.0006,3.1518,1.5,1.5
23.2,6.2192,-0.0037,0.0,0.5004,0.0011,0.5,0.0014,3.1518,1.5,1.5
23.2,6.2192,-0.0037,0.0,0.5004,0.0011,0.5,0.0004,3.1518,1.5,1.5
23.2,6.2192,-0.0037,0.0,0.5004,0.0011,0.5,0.0025,3.1553,1.5,1.5
23.233,6.2275,-0.0037,0.0,0.5005,0.0016,0.5,0.0025,3.1553,1.5,1.5
23.25,6.2442,-0.0038,0.0,0.5006,0.0025,0.5,0.0018,3.1553,1.5,1.5
23.25,6.2442,-0.0038,0.0,0.5006,0.0025,0.5,0.0026,3.1553,1.5,1.5
23.25,6.2442,-0.0038,0.0,0.5006,0.0025,0.5,0.0026,3.1553,1.5,1.5
23.283,6.2525,-0.0038,0.0,0.5006,0.0024,0.4999,0.0026,3.1553,1.5,1.5
23.283,6.2525,-0.0038,0.0,0.5006,0.0024,0.5,0.0033,3.1553,1.5,1.5
23.283,6.2525,-0.0038,0.0,0.5006,0.0024,0.5,0.0039,3.1553,1.5,1.5
23.3,6.2692,-0.0038,-0.0,0.5007,0.0023,0.5,0.0009,3.1553,1.5,1.5
23.3,6.2692,-0.0038,-0.0,0.5007,0.0023,0.5,0.0012,3.1553,1.5,1.5
23.3,6.2692,-0.0038,-0.0,0.5007,0.0023,0.5,-0.0,3.1553,1.5,1.5
23.333,6.2776,-0.0038,0.0,0.5009,0.0025,0.5,0.0005,3.1596,1.5,1.5
23.333,6.2776,-0.0038,0.0,0.5009,0.0025,0.4999,0.0019,3.1596,1.5,1.5
23.35,6.2943,-0.0038,0.0,0.5008,0.0022,0.4999,0.0019,3.1596,1.5,1.5
23.367,6.3026,-0.0039,0.0,0.5009,0.002,0.5,0.0082,3.1596,1.5,1.5
23.367,6.3026,-0.0039,0.0,0.5009,0.002,0.4998,0.0068,3.1596,1.5,1.5
23.367,6.3026,-0.0039,0.0,0.5009,0.002,0.5,0.0021,3.1596,1.5,1.5
23.4,6.311,-0.0039,0.0,0.5007,0.0036,0.5,0.0032,3.1596,1.5,1.5
23.4,6.311,-0.0039,0.0,0.5007,0.0036,0.5,0.0024,3.1596,1.5,1.5
23.417,6.3277,-0.0039,0.0,0.5007,0.0031,0.5,0.008,3.1596,1.5,1.5
23.417,6.3277,-0.0039,0.0,0.5007,0.0031,0.5,0.0072,3.1842,1.5,1.5
23.417,6.3277,-0.0039,0.0,0.5007,0.0031,0.5,0.003,3.1842,1.5,1.5
23.45,6.336,-0.0039,0.0,0.5006,0.003,0.5,0.0023,3.1842,1.5,1.5
23.45,6.336,-0.0039,0.0,0.5006,0.003,0.4991,0.0005,3.1842,1.5,1.5
23.467,6.3527,-0.0039,0.0,0.5006,0.0032,0.4999,0.0003,3.1842,1.5,1.5
23.467,6.3527,-0.0039,0.0,0.5006,0.0032,0.4999,0.0021,3.1842,1.5,1.5
23.467,6.3527,-0.0039,0.0,0.5006,0.0032,0.5,0.0022,3.1842,1.5,1.5
23.5,6.361,-0.0039,0.0,0.5004,0.0029,0.5,0.0007,3.1842,1.5,1.5
23.517,6.3777,-0.0039,0.0,0.5001,0.0026,0.5,0.0042,3.1842,1.5,1.5
23.517,6.3777,-0.0039,0.0,0.5001,0.0026,0.5,0.0058,3.1669,1.5,1.5
23.533,6.3861,-0.0039,0.0,0.5002,0.0031,0.5,0.0053,3.1669,1.5,1.5
23.533,6.3861,-0.0039,0.0,0.5002,0.0031,0.5,0.0046,3.1669,1.5,1.5
23.533,6.3861,-0.0039,0.0,0.5002,0.0031,0.5,0.0028,3.1669,1.5,1.5
23.567,6.3944,-0.0039,0.0,0.5002,0.0028,0.5,-0.0032,3.1669,1.5,1.5
23.583,6.4111,-0.004,0.0,0.5,0.0032,0.5,-0.0044,3.1669,1.5,1.5
23.583,6.4111,-0.004,0.0,0.5,0.0032,0.5,0.0023,3.1669,1.5,1.5
23.583,6.4111,-0.004,0.0,0.5,0.0032,0.5,0.0046,3.1669,1.5,1.5
23.617,6.4194,-0.004,0.0,0.5,0.0024,0.5,0.0018,3.1669,1.5,1.5
23.617,6.4194,-0.004,0.0,0.5,0.0024,0.5,0.0037,3.1486,1.5,1.5
23.633,6.4361,-0.004,0.0,0.4998,0.0027,0.5,0.0047,3.1486,1.5,1.5
23.633,6.4361,-0.004,0.0,0.4998,0.0027,0.5,0.0061,3.1486,1.5,1.5
23.633,6.4361,-0.004,0.0,0.4998,0.0027,0.5,0.0027,3.1486,1.5,1.5
23.667,6.4444,-0.004,0.0,0.4997,0.0015,0.5,0.0035,3.1486,1.5,1.5
23.683,6.461,-0.004,0.0,0.4997,0.0003,0.5,0.0018,3.1486,1.5,1.5
23.683,6.461,-0.004,0.0,0.4997,0.0003,0.5,0.001,3.1486,1.5,1.5
23.7,6.4694,-0.004,0.0,0.4998,0.0007,0.5,-0.0002,3.1486,1.5,1.5
23.7,6.4694,-0.004,0.0,0.4998,0.0007,0.5,-0.0012,3.1486,1.5,1.5
23.7,6.4694,-0.004,0.0,0.4998,0.0007,0.5,-0.0046,3.1486,1.5,1.5
23.733,6.4777,-0.004,0.0,0.4995,0.0031,0.5,-0.0045,3.1598,1.5,1.5
23.75,6.4944,-0.0039,0.0,0.4995,0.001,0.5,0.0019,3.1598,1.5,1.5
23.75,6.4944,-0.0039,0.0,0.4995,0.001,0.5,0.0009,3.1598,1.5,1.5
23.75,6.4944,-0.0039,0.0,0.4995,0.001,0.5,-0.0,3.1598,1.5,1.5
23.783,6.5027,-0.0039,0.0,0.4995,0.0012,0.5,-0.0055,3.1598,1.5,1.5
23.783,6.5027,-0.0039,0.0,0.4995,0.0012,0.5,-0.0018,3.1598,1.5,1.5
23.8,6.5193,-0.0039,0.0,0.4996,0.0017,0.5,-0.0018,3.1598,1.5,1.5
23.8,6.5193,-0.0039,0.0,0.4996,0.0017,0.5,0.0031,3.1598,1.5,1.5
23.8,6.5193,-0.0039,0.0,0.4996,0.0017,0.5,0.0022,3.1628,1.5,1.5
23.833,6.5277,-0.0039,0.0,0.4996,0.0008,0.5,0.0024,3.1628,1.5,1.5
23.85,6.5443,-0.0039,0.0,0.4997,0.0013,0.5,0.0012,3.1628,1.5,1.5
23.85,6.5443,-0.0039,0.0,0.4997,0.0013,0.5,0.0014,3.1628,1.5,1.5
23.867,6.5527,-0.0039,0.0,0.4998,0.0022,0.5,0.0014,3.1628,1.5,1.5
23.867,6.5527,-0.0039,0.0,0.4998,0.0022,0.5,-0.0003,3.1628,1.5,1.5
23.867,6.5527,-0.0039,0.0,0.4998,0.0022,0.4994,0.0016,3.1628,1.5,1.5
23.9,6.561,-0.0039,0.0,0.4999,0.0017,0.4994,0.0016,3.1628,1.5,1.5
23.9,6.561,-0.0039,0.0,0.4999,0.0017,0.4999,-0.0027,3.1628,1.5,1.5
23.917,6.5777,-0.0039,0.0,0.5,0.0008,0.5,-0.0059,3.1628,1.5,1.5
23.917,6.5777,-0.0039,0.0,0.5,0.0008,0.5,-0.0029,3.1429,1.5,1.5
23.917,6.5777,-0.0039,0.0,0.5,0.0008,0.5,0.0043,3.1429,1.5,1.5
23.95,6.586,-0.0039,0.0,0.5001,0.0025,0.5,0.0046,3.1429,1.5,1.5
23.967,6.6027,-0.0039,0.0007,0.5003,0.0014,0.5,0.0015,3.1429,1.5,1.5
23.967,6.6027,-0.0039,0.0007,0.5003,0.0014,0.5,0.0004,3.1429,1.5,1.5
23.967,6.6027,-0.0039,0.0007,0.5003,0.0014,0.5,-0.0,3.1429,1.5,1.5
24.0,6.611,-0.0039,0.0,0.5003,0.0012,0.5,0.0002,3.1429,1.5,1.5
24.0,6.611,-0.0039,0.0,0.5003,0.0012,0.5,-0.002,3.1429,1.5,1.5
24.017,6.6277,-0.0039,0.0,0.5005,0.0017,0.5,-0.0007,3.1429,1.5,1.5
24.033,6.6361,-0.0039,0.0,0.5,0.0019,0.5,-0.0007,3.1535,1.5,1.5
24.033,6.6361,-0.0039,0.0,0.5,0.0019,0.5,0.0037,3.1535,1.5,1.5
24.033,6.6361,-0.0039,0.0,0.5,0.0019,0.5,-0.0009,3.1535,1.5,1.5
24.067,6.6444,-0.0039,0.0007,0.5004,0.0028,0.5,0.0001,3.1535,1.5,1.5
24.067,6.6444,-0.0039,0.0007,0.5004,0.0028,0.5,0.0014,3.1535,1.5,1.5
24.083,6.6611,-0.0039,0.0007,0.5006,0.0016,0.5,0.002,3.1535,1.5,1.5
24.083,6.6611,-0.0039,0.0007,0.5006,0.0016,0.5,-0.002,3.1535,1.5,1.5
24.083,6.6611,-0.0039,0.0007,0.5006,0.0016,0.5,0.0018,3.1535,1.5,1.5
24.117,6.6694,-0.0039,0.001,0.5007,0.0019,0.5,0.0016,3.1535,1.5,1.5
24.133,6.6861,-0.0039,0.001,0.5009,0.0022,0.5,-0.0004,3.1288,1.5,1.5
24.133,6.6861,-0.0039,0.001,0.5009,0.0022,0.5,0.0015,3.1288,1.5,1.5
24.133,6.6861,-0.0039,0.001,0.5009,0.0022,0.5,-0.0005,3.1288,1.5,1.5
24.167,6.6945,-0.0039,0.0012,0.5008,0.0043,0.5,-0.0008,3.1288,1.5,1.5
24.167,6.6945,-0.0039,0.0012,0.5008,0.0043,0.4998,0.0026,3.1288,1.5,1.5
24.183,6.7112,-0.0039,0.001,0.5008,0.0033,0.5,0.0052,3.1288,1.5,1.5
24.2,6.7195,-0.0039,0.0012,0.5008,0.003,0.5,0.004,3.1288,1.5,1.5
24.2,6.7195,-0.0039,0.0012,0.5008,0.003,0.5,0.0041,3.1288,1.5,1.5
24.2,6.7195,-0.0039,0.0012,0.5008,0.003,0.5,0.0041,3.1288,1.5,1.5
24.233,6.7279,-0.0039,0.0012,0.5007,0.0029,0.5,0.0041,3.1325,1.5,1.5
24.233,6.7279,-0.0039,0.0012,0.5007,0.0029,0.5,-0.0026,3.1325,1.5,1.5
24.25,6.7446,-0.0039,0.0012,0.5007,0.0022,0.5,0.0023,3.1325,1.5,1.5
24.25,6.7446,-0.0039,0.0012,0.5007,0.0022,0.5,0.0013,3.1325,1.5,1.5
24.25,6.7446,-0.0039,0.0012,0.5007,0.0022,0.5,-0.0011,3.1325,1.5,1.5
24.283,6.7529,-0.0039,0.0012,0.5006,0.0029,0.4997,-0.0012,3.1325,1.5,1.5
24.3,6.7696,-0.0039,0.0012,0.5005,0.003,0.5,0.0003,3.1325,1.5,1.5
24.3,6.7696,-0.0039,0.0012,0.5005,0.003,0.5,0.0063,3.1325,1.5,1.5
24.3,6.7696,-0.0039,0.0012,0.5005,0.003,0.4997,0.0051,3.1325,1.5,1.5
24.333,6.7779,-0.0039,0.0012,0.5002,0.0019,0.5,0.0037,3.1687,1.5,1.5
24.333,6.7779,-0.0039,0.0012,0.5002,0.0019,0.5,0.0005,3.1687,1.5,1.5
24.35,6.7946,-0.0039,0.0015,0.5002,0.0021,0.5,0.0056,3.1687,1.5,1.5
24.367,6.8029,-0.0039,0.0014,0.5002,0.0018,0.5,0.0028,3.1687,1.5,1.5
24.367,6.8029,-0.0039,0.0014,0.5002,0.0018,0.4999,0.0016,3.1687,1.5,1.5
24.367,6.8029,-0.0039,0.0014,0.5002,0.0018,0.5,0.0035,3.1687,1.5,1.5
24.4,6.8113,-0.0039,0.0015,0.5001,0.0033,0.5,0.0035,3.1687,1.5,1.5
24.4,6.8113,-0.0039,0.0015,0.5001,0.0033,0.5,0.0002,3.1687,1.5,1.5
24.417,6.828,-0.0038,0.0015,0.5,0.0023,0.5,0.0002,3.1687,1.5,1.5
24.417,6.828,-0.0038,0.0015,0.5,0.0023,0.5,-0.0027,3.0961,1.5,1.5
24.417,6.828,-0.0038,0.0015,0.5,0.0023,0.5,0.0021,3.0961,1.5,1.5
24.45,6.8363,-0.0038,0.0015,0.4997,0.0014,0.5,0.0021,3.0961,1.5,1.5
24.45,6.8363,-0.0038,0.0015,0.4997,0.0014,0.5,-0.001,3.0961,1.5,1.5
24.467,6.8529,-0.0038,0.0014,0.4995,0.0008,0.5,-0.0028,3.0961,1.5,1.5
24.467,6.8529,-0.0038,0.0014,0.4995,0.0008,0.5,-0.0043,3.0961,1.5,1.5
24.467,6.8529,-0.0038,0.0014,0.4995,0.0008,0.5,-0.0051,3.0961,1.5,1.5
24.5,6.8613,-0.0038,0.0014,0.4996,0.0007,0.5,-0.0008,3.0961,1.5,1.5
24.517,6.8779,-0.0038,0.0015,0.4996,0.0009,0.5,0.001,3.0961,1.5,1.5
24.517,6.8779,-0.0038,0.0015,0.4996,0.0009,0.5,0.0007,3.1338,1.5,1.5
24.533,6.8863,-0.0038,0.0015,0.4996,-0.0001,0.5,-0.0037,3.1338,1.5,1.5
24.533,6.8863,-0.0038,0.0015,0.4996,-0.0001,0.5,-0.0022,3.1338,1.5,1.5
24.533,6.8863,-0.0038,0.0015,0.4996,-0.0001,0.5,0.004,3.1338,1.5,1.5
24.567,6.8946,-0.0037,0.0017,0.4995,0.0007,0.5,0.001,3.1338,1.5,1.5
24.583,6.9112,-0.0037,0.0014,0.4995,-0.0004,0.5,0.002,3.1338,1.5,1.5
24.583,6.9112,-0.0037,0.0014,0.4995,-0.0004,0.5,0.0008,3.1338,1.5,1.5
24.583,6.9112,-0.0037,0.0014,0.4995,-0.0004,0.5,0.0008,3.1338,1.5,1.5
24.617,6.9196,-0.0037,0.0017,0.4996,-0.0001,0.5,-0.0003,3.1338,1.5,1.5
24.617,6.9196,-0.0037,0.0017,0.4996,-0.0001,0.4997,0.0011,3.2141,1.5,1.5
24.633,6.9362,-0.0037,0.0015,0.4996,0.0009,0.5,-0.0012,3.2141,1.5,1.5
24.633,6.9362,-0.0037,0.0015,0.4996,0.0009,0.5,-0.0075,3.2141,1.5,1.5
24.633,6.9362,-0.0037,0.0015,0.4996,0.0009,0.5,-0.0051,3.2141,1.5,1.5
24.667,6.9445,-0.0036,0.0015,0.4997,-0.0013,0.5,-0.0051,3.2141,1.5,1.5
24.667,6.9445,-0.0036,0.0015,0.4997,-0.0013,0.5,0.0024,3.2141,1.5,1.5
24.667,6.9445,-0.0036,0.0015,0.4997,-0.0013,0.5,-0.0022,3.2141,1.5,1.5
24.683,6.9612,-0.0036,0.0014,0.4998,0.0005,0.5,0.0006,3.2141,1.5,1.5
24.7,6.9695,-0.0036,0.0014,0.4999,-0.0019,0.5,0.0005,3.2141,1.5,1.5
24.7,6.9695,-0.0036,0.0014,0.4999,-0.0019,0.4999,0.0023,3.2141,1.5,1.5
24.7,6.9695,-0.0036,0.0014,0.4999,-0.0019,0.5,0.001,3.2141,1.5,1.5
24.733,6.9779,-0.0036,0.0017,0.5,-0.0001,0.5,0.002,3.179,1.5,1.5
24.733,6.9779,-0.0036,0.0017,0.5,-0.0001,0.4999,0.0004,3.179,1.5,1.5
24.75,6.9946,-0.0036,0.0017,0.4999,-0.0003,0.5,0.0022,3.179,1.5,1.5
24.75,6.9946,-0.0036,0.0017,0.4999,-0.0003,0.5,0.0019,3.179,1.5,1.5
24.75,6.9946,-0.0036,0.0017,0.4999,-0.0003,0.5,-0.0012,3.179,1.5,1.5
24.783,7.0029,-0.0036,0.0014,0.5001,0.0007,0.5,-0.0042,3.179,1.5,1.5
24.8,7.0196,-0.0035,0.0015,0.5003,0.0011,0.5,-0.0041,3.179,1.5,1.5
24.8,7.0196,-0.0035,0.0015,0.5003,0.0011,0.5,0.002,3.179,1.5,1.5
24.8,7.0196,-0.0035,0.0015,0.5003,0.0011,0.5,0.0011,3.179,1.5,1.5
24.833,7.0279,-0.0035,0.0017,0.5004,0.0008,0.5,0.0011,3.1283,1.5,1.5
24.833,7.0279,-0.0035,0.0017,0.5004,0.0008,0.5,0.005,3.1283,1.5,1.5
24.85,7.0446,-0.0035,0.0017,0.5005,0.001,0.5,0.005,3.1283,1.5,1.5
24.85,7.0446,-0.0035,0.0017,0.5005,0.001,0.5,-0.004,3.1283,1.5,1.5
24.867,7.0529,-0.0035,0.0018,0.5005,0.0005,0.5,-0.0053,3.1283,1.5,1.5
24.867,7.0529,-0.0035,0.0018,0.5005,0.0005,0.5,-0.0038,3.1283,1.5,1.5
24.9,7.0613,-0.0035,0.0018,0.5005,0.0013,0.5,0.0026,3.1283,1.5,1.5
24.9,7.0613,-0.0035,0.0018,0.5005,0.0013,0.5,0.0031,3.1283,1.5,1.5
24.917,7.078,-0.0035,0.0017,0.5006,0.0022,0.5,0.0031,3.1283,1.5,1.5
24.917,7.078,-0.0035,0.0017,0.5006,0.0022,0.5,0.0026,3.0813,1.5,1.5
24.917,7.078,-0.0035,0.0017,0.5006,0.0022,0.5,0.0018,3.0813,1.5,1.5
24.95,7.0863,-0.0034,0.0017,0.5007,0.0021,0.5,0.0018,3.0813,1.5,1.5
24.967,7.103,-0.0034,0.002,0.5008,0.0022,0.4999,0.0043,3.0813,1.5,1.5
24.967,7.103,-0.0034,0.002,0.5008,0.0022,0.5,0.0064,3.0813,1.5,1.5
24.967,7.103,-0.0034,0.002,0.5008,0.0022,0.5,0.0061,3.0813,1.5,1.5
25.0,7.1114,-0.0034,0.002,0.5008,0.0011,0.5,0.0021,3.0813,1.5,1.5
25.0,7.1114,-0.0034,0.002,0.5008,0.0011,0.5,0.0031,3.0813,1.5,1.5
25.017,7.1281,-0.0034,0.0021,0.5007,0.0038,0.5,0.0013,3.0813,1.5,1.5
25.033,7.1364,-0.0034,0.0021,0.5008,0.001,0.5,0.0013,3.0134,1.5,1.5
25.033,7.1364,-0.0034,0.0021,0.5008,0.001,0.5,0.0027,3.0134,1.5,1.5
25.033,7.1364,-0.0034,0.0021,0.5008,0.001,0.5,0.0035,3.0134,1.5,1.5
25.067,7.1448,-0.0034,0.0022,0.5007,0.0022,0.5,0.0025,3.0134,1.5,1.5
25.067,7.1448,-0.0034,0.0022,0.5007,0.0022,0.5,0.0042,3.0134,1.5,1.5
25.083,7.1615,-0.0034,0.0021,0.5006,0.0023,0.5,0.0019,3.0134,1.5,1.5
25.083,7.1615,-0.0034,0.0021,0.5006,0.0023,0.5,-0.0029,3.0134,1.5,1.5
25.083,7.1615,-0.0034,0.0021,0.5006,0.0023,0.5,-0.002,3.0134,1.5,1.5
25.117,7.1698,-0.0033,0.0022,0.5005,0.0022,0.5,-0.002,3.0134,1.5,1.5
25.133,7.1865,-0.0033,0.0023,0.5004,0.0018,0.5,0.0015,2.964,1.5,1.5
25.133,7.1865,-0.0033,0.0023,0.5004,0.0018,0.4999,0.0037,2.964,1.5,1.5
25.133,7.1865,-0.0033,0.0023,0.5004,0.0018,0.5,0.0038,2.964,1.5,1.5
25.133,7.1865,-0.0033,0.0023,0.5004,0.0018,0.5,0.0023,2.964,1.5,1.5
25.167,7.1948,-0.0033,0.0023,0.5003,0.0023,0.5,0.0036,2.964,1.5,1.5
25.183,7.2115,-0.0033,0.0023,0.5002,0.0021,0.4996,0.002,2.964,1.5,1.5
25.183,7.2115,-0.0033,0.0023,0.5002,0.0021,0.4999,0.0007,2.964,1.5,1.5
25.2,7.2198,-0.0033,0.0024,0.5001,0.0016,0.4997,-0.0041,2.964,1.5,1.5
25.2,7.2198,-0.0033,0.0024,0.5001,0.0016,0.5,-0.0071,2.964,1.5,1.5
25.2,7.2198,-0.0033,0.0024,0.5001,0.0016,0.5,-0.0027,2.9206,1.5,1.5
25.233,7.2282,-0.0032,0.0023,0.5,0.0012,0.5,-0.0052,2.9206,1.5,1.5
25.233,7.2282,-0.0032,0.0023,0.5,0.0012,0.5,0.0,2.9206,1.5,1.5
25.25,7.2448,-0.0032,0.0024,0.4999,0.0006,0.5,-0.0015,2.9206,1.5,1.5
25.25,7.2448,-0.0032,0.0024,0.4999,0.0006,0.5,-0.0022,2.9206,1.5,1.5
25.25,7.2448,-0.0032,0.0024,0.4999,0.0006,0.5,-0.0016,2.9206,1.5,1.5
25.25,7.2448,-0.0032,0.0024,0.4999,0.0006,0.5,-0.0039,2.9206,1.5,1.5
25.283,7.2532,-0.0032,0.0023,0.4999,0.0008,0.5,0.0005,2.9206,1.5,1.5
25.3,7.2698,-0.0031,0.0023,0.4997,0.0004,0.5,0.0023,2.9206,1.5,1.5
25.3,7.2698,-0.0031,0.0023,0.4997,0.0004,0.5,0.0022,2.9206,1.5,1.5
25.3,7.2698,-0.0031,0.0023,0.4997,0.0004,0.5,0.0001,2.9206,1.5,1.5
25.333,7.2782,-0.0031,0.0022,0.4996,0.0004,0.5,-0.0034,2.8872,1.5,1.5
25.333,7.2782,-0.0031,0.0022,0.4996,0.0004,0.5,-0.0047,2.8872,1.5,1.5
25.35,7.2948,-0.0031,0.0023,0.4995,0.0009,0.5,-0.003,2.8872,1.5,1.5
25.367,7.3031,-0.0031,0.0022,0.4995,-0.0014,0.5,-0.003,2.8872,1.5,1.5
25.367,7.3031,-0.0031,0.0022,0.4995,-0.0014,0.5,-0.0068,2.8872,1.5,1.5
25.367,7.3031,-0.0031,0.0022,0.4995,-0.0014,0.5,-0.0029,2.8872,1.5,1.5
25.4,7.3115,-0.003,0.0023,0.4995,0.0002,0.5,-0.0006,2.8872,1.5,1.5
25.4,7.3115,-0.003,0.0023,0.4995,0.0002,0.5,0.0016,2.8872,1.5,1.5
25.417,7.3281,-0.003,0.0021,0.4995,-0.0005,0.5,0.0034,2.8872,1.5,1.5
25.417,7.3281,-0.003,0.0021,0.4995,-0.0005,0.5,0.0014,2.8008,1.5,1.5
25.417,7.3281,-0.003,0.0021,0.4995,-0.0005,0.5,0.0017,2.8008,1.5,1.5
25.45,7.3364,-0.003,0.0022,0.4996,-0.0017,0.5,0.003,2.8008,1.5,1.5
25.467,7.3531,-0.0029,0.0023,0.4997,-0.0008,0.5,-0.0007,2.8008,1.5,1.5
25.467,7.3531,-0.0029,0.0023,0.4997,-0.0008,0.4999,0.0052,2.8008,1.5,1.5
25.467,7.3531,-0.0029,0.0023,0.4997,-0.0008,0.5,0.0005,2.8008,1.5,1.5
25.5,7.3614,-0.0029,0.0022,0.4997,-0.0001,0.5,0.0,2.8008,1.5,1.5
25.5,7.3614,-0.0029,0.0022,0.4997,-0.0001,0.5,0.0032,2.8008,1.5,1.5
25.517,7.3781,-0.0028,0.0022,0.4999,-0.0006,0.5,0.0032,2.8008,1.5,1.5
25.533,7.3864,-0.0028,0.0023,0.4999,-0.0017,0.5,-0.0021,2.7644,1.5,1.5
25.533,7.3864,-0.0028,0.0023,0.4999,-0.0017,0.5,0.0,2.7644,1.5,1.5
25.533,7.3864,-0.0028,0.0023,0.4999,-0.0017,0.5,0.0,2.7644,1.5,1.5
25.567,7.3948,-0.0028,0.0022,0.5,-0.0017,0.5,-0.0017,2.7644,1.5,1.5
25.567,7.3948,-0.0028,0.0022,0.5,-0.0017,0.5,0.0019,2.7644,1.5,1.5
25.583,7.4115,-0.0028,0.0021,0.5002,-0.0012,0.5,0.0016,2.7644,1.5,1.5
25.583,7.4115,-0.0028,0.0021,0.5002,-0.0012,0.5,0.0008,2.7644,1.5,1.5
25.583,7.4115,-0.0028,0.0021,0.5002,-0.0012,0.5,-0.0011,2.7644,1.5,1.5
25.617,7.4198,-0.0028,0.0022,0.5003,-0.0011,0.5,0.0008,2.7644,1.5,1.5
25.617,7.4198,-0.0028,0.0022,0.5003,-0.0011,0.5,-0.0006,2.693,1.5,1.5
25.633,7.4365,-0.0027,0.0023,0.5004,0.0006,0.5,-0.0001,2.693,1.5,1.5
25.633,7.4365,-0.0027,0.0023,0.5004,0.0006,0.5,-0.0005,2.693,1.5,1.5
25.633,7.4365,-0.0027,0.0023,0.5004,0.0006,0.5,0.0,2.693,1.5,1.5
25.667,7.4448,-0.0027,0.0024,0.5004,-0.0002,0.5,0.0006,2.693,1.5,1.5
25.683,7.4615,-0.0027,0.0023,0.5005,0.001,0.5,0.0012,2.693,1.5,1.5
25.683,7.4615,-0.0027,0.0023,0.5005,0.001,0.5,0.0016,2.693,1.5,1.5
25.7,7.4699,-0.0027,0.0023,0.5006,0.0017,0.5,0.0075,2.693,1.5,1.5
25.7,7.4699,-0.0027,0.0023,0.5006,0.0017,0.5,0.005,2.693,1.5,1.5
25.7,7.4699,-0.0027,0.0023,0.5006,0.0017,0.4999,0.002,2.6611,1.5,1.5
25.733,7.4782,-0.0026,0.0023,0.5006,0.0006,0.5,0.0032,2.6611,1.5,1.5
25.75,7.4949,-0.0026,0.0023,0.5008,0.0015,0.4997,0.0003,2.6611,1.5,1.5
25.75,7.4949,-0.0026,0.0023,0.5008,0.0015,0.5,0.001,2.6611,1.5,1.5
25.75,7.4949,-0.0026,0.0023,0.5008,0.0015,0.5,0.0036,2.6611,1.5,1.5
25.783,7.5032,-0.0026,0.0024,0.5008,0.0016,0.5,0.0033,2.6611,1.5,1.5
25.783,7.5032,-0.0026,0.0024,0.5008,0.0016,0.5,0.0041,2.6611,1.5,1.5
25.8,7.5199,-0.0026,0.0024,0.5008,0.0026,0.5,0.0029,2.6611,1.5,1.5
25.8,7.5199,-0.0026,0.0024,0.5008,0.0026,0.5,0.001,2.6611,1.5,1.5
25.8,7.5199,-0.0026,0.0024,0.5008,0.0026,0.5,0.0013,2.6049,1.5,1.5
25.833,7.5283,-0.0026,0.0026,0.5008,0.0022,0.5,0.0031,2.6049,1.5,1.5
25.85,7.545,-0.0025,0.0026,0.5007,0.0006,0.5,-0.0004,2.6049,1.5,1.5
25.85,7.545,-0.0025,0.0026,0.5007,0.0006,0.5,0.0003,2.6049,1.5,1.5
25.867,7.5533,-0.0025,0.0026,0.5006,0.0029,0.5,0.0003,2.6049,1.5,1.5
25.867,7.5533,-0.0025,0.0026,0.5006,0.0029,0.5,0.0005,2.6049,1.5,1.5
25.867,7.5533,-0.0025,0.0026,0.5006,0.0029,0.5,0.0024,2.6049,1.5,1.5
25.9,7.5617,-0.0025,0.0027,0.5006,0.0017,0.5,0.0028,2.6049,1.5,1.5
25.9,7.5617,-0.0025,0.0027,0.5006,0.0017,0.5,0.0006,2.6049,1.5,1.5
25.917,7.5783,-0.0025,0.0026,0.5005,0.0016,0.5,0.0021,2.6049,1.5,1.5
25.917,7.5783,-0.0025,0.0026,0.5005,0.0016,0.5,0.0049,2.5783,1.5,1.5
25.917,7.5783,-0.0025,0.0026,0.5005,0.0016,0.5,0.0056,2.5783,1.5,1.5
25.95,7.5867,-0.0024,0.0028,0.5005,0.002,0.5,0.002,2.5783,1.5,1.5
25.967,7.6034,-0.0024,0.0028,0.5003,0.0019,0.5,0.0013,2.5783,1.5,1.5
25.967,7.6034,-0.0024,0.0028,0.5003,0.0019,0.5,0.0053,2.5783,1.5,1.5
25.967,7.6034,-0.0024,0.0028,0.5003,0.0019,0.5,0.0054,2.5783,1.5,1.5
26.0,7.6117,-0.0024,0.0028,0.5003,0.0023,0.5,0.0023,2.5783,1.5,1.5
26.0,7.6117,-0.0024,0.0028,0.5003,0.0023,0.5,-0.0002,2.5783,1.5,1.5
26.017,7.6284,-0.0023,0.0028,0.5001,0.0016,0.5,0.0015,2.5783,1.5,1.5
26.033,7.6367,-0.0023,0.0027,0.5,0.0008,0.5,0.0015,2.5192,1.5,1.5
26.033,7.6367,-0.0023,0.0027,0.5,0.0008,0.4999,-0.0029,2.5192,1.5,1.5
26.033,7.6367,-0.0023,0.0027,0.5,0.0008,0.5,-0.0038,2.5192,1.5,1.5
26.067,7.645,-0.0023,0.0028,0.4999,0.0008,0.5,-0.0043,2.5192,1.5,1.5
26.067,7.645,-0.0023,0.0028,0.4999,0.0008,0.5,-0.0067,2.5192,1.5,1.5
26.083,7.6617,-0.0023,0.0028,0.4998,-0.0,0.5,-0.0062,2.5192,1.5,1.5
26.083,7.6617,-0.0023,0.0028,0.4998,-0.0,0.5,-0.0041,2.5192,1.5,1.5
26.083,7.6617,-0.0023,0.0028,0.4998,-0.0,0.4996,-0.0043,2.5192,1.5,1.5
26.117,7.67,-0.0022,0.0028,0.4998,0.0003,0.4999,-0.0047,2.5192,1.5,1.5
26.133,7.6867,-0.0022,0.0028,0.4998,-0.0017,0.5,-0.0023,2.4706,1.5,1.5
26.133,7.6867,-0.0022,0.0028,0.4998,-0.0017,0.5,-0.0021,2.4706,1.5,1.5
26.133,7.6867,-0.0022,0.0028,0.4998,-0.0017,0.5,-0.0015,2.4706,1.5,1.5
26.167,7.695,-0.0022,0.0028,0.4998,0.0007,0.5,-0.0015,2.4706,1.5,1.5
26.167,7.695,-0.0022,0.0028,0.4998,0.0007,0.5,-0.0016,2.4706,1.5,1.5
26.183,7.7117,-0.0021,0.0028,0.4995,-0.0,0.5,0.0,2.4706,1.5,1.5
26.2,7.72,-0.0021,0.0028,0.4995,0.002,0.5,0.001,2.4706,1.5,1.5
26.2,7.72,-0.0021,0.0028,0.4995,0.002,0.5,-0.0021,2.4706,1.5,1.5
26.2,7.72,-0.0021,0.0028,0.4995,0.002,0.5,-0.0021,2.4706,1.5,1.5
26.233,7.7283,-0.0021,0.0027,0.4995,0.0013,0.5,-0.0001,2.4052,1.5,1.5
26.233,7.7283,-0.0021,0.0027,0.4995,0.0013,0.4999,0.0042,2.4052,1.5,1.5
26.25,7.745,-0.002,0.0028,0.4993,0.0001,0.4999,0.0042,2.4052,1.5,1.5
26.25,7.745,-0.002,0.0028,0.4993,0.0001,0.5,0.0004,2.4052,1.5,1.5
26.25,7.745,-0.002,0.0028,0.4993,0.0001,0.5,-0.0017,2.4052,1.5,1.5
26.283,7.7533,-0.002,0.0028,0.4995,-0.0003,0.5,-0.0025,2.4052,1.5,1.5
26.3,7.77,-0.0019,0.0027,0.4997,-0.0011,0.4995,-0.0008,2.4052,1.5,1.5
26.3,7.77,-0.0019,0.0027,0.4997,-0.0011,0.4999,-0.0022,2.4052,1.5,1.5
26.3,7.77,-0.0019,0.0027,0.4997,-0.0011,0.4999,-0.0022,2.4052,1.5,1.5
26.333,7.7783,-0.0019,0.0028,0.4998,-0.0008,0.5,-0.0035,2.3634,1.5,1.5
26.333,7.7783,-0.0019,0.0028,0.4998,-0.0008,0.5,-0.0004,2.3634,1.5,1.5
26.35,7.795,-0.0018,0.0028,0.5,-0.0013,0.5,-0.002,2.3634,1.5,1.5
26.35,7.795,-0.0018,0.0028,0.5,-0.0013,0.5,-0.0013,2.3634,1.5,1.5
26.367,7.8033,-0.0018,0.0028,0.5,-0.0008,0.5,-0.0022,2.3634,1.5,1.5
26.367,7.8033,-0.0018,0.0028,0.5,-0.0008,0.5,-0.0014,2.3634,1.5,1.5
26.367,7.8033,-0.0018,0.0028,0.5,-0.0008,0.5,-0.0035,2.3634,1.5,1.5
26.4,7.8117,-0.0018,0.0028,0.5,-0.0019,0.5,-0.0029,2.3634,1.5,1.5
26.417,7.8283,-0.0018,0.0028,0.5002,-0.0,0.5,-0.0033,2.3634,1.5,1.5
26.417,7.8283,-0.0018,0.0028,0.5002,-0.0,0.5,-0.0014,2.3219,1.5,1.5
26.417,7.8283,-0.0018,0.0028,0.5002,-0.0,0.5,-0.0006,2.3219,1.5,1.5
26.45,7.8367,-0.0017,0.0028,0.5003,-0.0001,0.5,0.0019,2.3219,1.5,1.5
26.45,7.8367,-0.0017,0.0028,0.5003,-0.0001,0.5,0.0033,2.3219,1.5,1.5
26.467,7.8534,-0.0017,0.0028,0.5004,0.0006,0.5,0.003,2.3219,1.5,1.5
26.467,7.8534,-0.0017,0.0028,0.5004,0.0006,0.5,0.0034,2.3219,1.5,1.5
26.467,7.8534,-0.0017,0.0028,0.5004,0.0006,0.5,-0.0006,2.3219,1.5,1.5
26.5,7.8617,-0.0017,0.0028,0.5005,0.0004,0.5,0.0014,2.3219,1.5,1.5
26.517,7.8784,-0.0016,0.0028,0.5005,0.0008,0.5,-0.0,2.3219,1.5,1.5
26.517,7.8784,-0.0016,0.0028,0.5005,0.0008,0.5,0.0025,2.3219,1.5,1.5
26.533,7.8867,-0.0016,0.0028,0.5006,0.0011,0.5,0.0025,2.2678,1.5,1.5
26.533,7.8867,-0.0016,0.0028,0.5006,0.0011,0.5,0.002,2.2678,1.5,1.5
26.533,7.8867,-0.0016,0.0028,0.5006,0.0011,0.5,0.0001,2.2678,1.5,1.5
26.567,7.8951,-0.0016,0.0029,0.5007,0.001,0.5,0.0001,2.2678,1.5,1.5
26.567,7.8951,-0.0016,0.0029,0.5007,0.001,0.5,0.0025,2.2678,1.5,1.5
26.583,7.9118,-0.0015,0.0028,0.5008,0.001,0.5,0.0018,2.2678,1.5,1.5
26.583,7.9118,-0.0015,0.0028,0.5008,0.001,0.5,0.0028,2.2678,1.5,1.5
26.583,7.9118,-0.0015,0.0028,0.5008,0.001,0.5,0.0007,2.2678,1.5,1.5
26.617,7.9201,-0.0015,0.0029,0.5008,0.0001,0.5,0.0014,2.2678,1.5,1.5
26.633,7.9368,-0.0015,0.003,0.5008,0.0024,0.5,0.0014,2.2273,1.5,1.5
26.633,7.9368,-0.0015,0.003,0.5008,0.0024,0.5,-0.0022,2.2273,1.5,1.5
26.633,7.9368,-0.0015,0.003,0.5008,0.0024,0.5,0.0012,2.2273,1.5,1.5
26.667,7.9452,-0.0015,0.0028,0.5008,0.0002,0.5,0.002,2.2273,1.5,1.5
26.667,7.9452,-0.0015,0.0028,0.5008,0.0002,0.5,-0.0013,2.2273,1.5,1.5
26.683,7.9619,-0.0014,0.0031,0.5007,0.0017,0.5,0.0004,2.2273,1.5,1.5
26.7,7.9702,-0.0014,0.0031,0.5007,0.0017,0.5,0.0001,2.2273,1.5,1.5
26.7,7.9702,-0.0014,0.0031,0.5007,0.0017,0.5,0.002,2.2273,1.5,1.5
26.7,7.9702,-0.0014,0.0031,0.5007,0.0017,0.5,0.0035,2.2273,1.5,1.5
26.733,7.9786,-0.0014,0.003,0.5006,0.0015,0.5,-0.0012,2.1759,1.5,1.5
26.733,7.9786,-0.0014,0.003,0.5006,0.0015,0.4997,0.0029,2.1759,1.5,1.5
26.75,7.9952,-0.0013,0.0031,0.5005,0.0016,0.4995,0.0017,2.1759,1.5,1.5
26.75,7.9952,-0.0013,0.0031,0.5005,0.0016,0.4998,-0.0023,2.1759,1.5,1.5
26.75,7.9952,-0.0013,0.0031,0.5005,0.0016,0.5,0.003,2.1759,1.5,1.5
26.783,8.0036,-0.0013,0.0031,0.5004,0.001,0.4998,0.0021,2.1759,1.5,1.5
26.8,8.0203,-0.0013,0.003,0.5003,0.0004,0.5,0.0028,2.1759,1.5,1.5
26.8,8.0203,-0.0013,0.003,0.5003,0.0004,0.4998,-0.0019,2.1759,1.5,1.5
26.8,8.0203,-0.0013,0.003,0.5003,0.0004,0.5,0.0015,2.1759,1.5,1.5
26.833,8.0286,-0.0012,0.003,0.5002,0.0014,0.5,0.0015,2.1119,1.5,1.5
26.833,8.0286,-0.0012,0.003,0.5002,0.0014,0.5,-0.0002,2.1119,1.5,1.5
26.85,8.0453,-0.0012,0.003,0.5,0.0005,0.5,-0.0019,2.1119,1.5,1.5
26.867,8.0536,-0.0011,0.003,0.5,-0.0007,0.5,-0.0025,2.1119,1.5,1.5
26.867,8.0536,-0.0011,0.003,0.5,-0.0007,0.5,-0.0022,2.1119,1.5,1.5
26.867,8.0536,-0.0011,0.003,0.5,-0.0007,0.5,-0.0029,2.1119,1.5,1.5
26.9,8.0619,-0.0011,0.0031,0.4998,0.0008,0.5,0.0028,2.1119,1.5,1.5
26.9,8.0619,-0.0011,0.0031,0.4998,0.0008,0.5,0.0017,2.1119,1.5,1.5
26.917,8.0786,-0.0011,0.003,0.4997,-0.0014,0.5,0.0003,2.1119,1.5,1.5
26.917,8.0786,-0.0011,0.003,0.4997,-0.0014,0.5,-0.0022,2.0638,1.5,1.5
26.917,8.0786,-0.0011,0.003,0.4997,-0.0014,0.5,-0.0009,2.0638,1.5,1.5
26.95,8.0869,-0.001,0.0029,0.4995,-0.0005,0.5,0.0019,2.0638,1.5,1.5
26.967,8.1036,-0.001,0.003,0.4995,-0.0017,0.5,-0.0005,2.0638,1.5,1.5
26.967,8.1036,-0.001,0.003,0.4995,-0.0017,0.5,-0.0007,2.0638,1.5,1.5
26.967,8.1036,-0.001,0.003,0.4995,-0.0017,0.5,0.0013,2.0638,1.5,1.5
27.0,8.1119,-0.0009,0.003,0.4995,-0.0008,0.5,-0.0034,2.0638,1.5,1.5
27.0,8.1119,-0.0009,0.003,0.4995,-0.0008,0.5,-0.0006,2.0638,1.5,1.5
27.017,8.1285,-0.0009,0.0029,0.4995,-0.0011,0.5,-0.0006,2.0638,1.5,1.5
27.033,8.1369,-0.0009,0.0028,0.4995,-0.002,0.5,-0.001,2.0266,1.5,1.5
27.033,8.1369,-0.0009,0.0028,0.4995,-0.002,0.5,-0.003,2.0266,1.5,1.5
27.033,8.1369,-0.0009,0.0028,0.4995,-0.002,0.5,-0.0022,2.0266,1.5,1.5
27.067,8.1452,-0.0008,0.0028,0.4995,-0.0016,0.5,-0.0034,2.0266,1.5,1.5
27.067,8.1452,-0.0008,0.0028,0.4995,-0.0016,0.5,-0.0041,2.0266,1.5,1.5
27.083,8.1619,-0.0008,0.0028,0.4996,-0.0018,0.5,-0.0041,2.0266,1.5,1.5
27.083,8.1619,-0.0008,0.0028,0.4996,-0.0018,0.5,0.0028,2.0266,1.5,1.5
27.083,8.1619,-0.0008,0.0028,0.4996,-0.0018,0.4998,0.0016,2.0266,1.5,1.5
27.117,8.1702,-0.0007,0.0028,0.4997,-0.0021,0.4998,0.0016,2.0266,1.5,1.5
27.133,8.1868,-0.0007,0.0028,0.4998,-0.0021,0.5,0.0018,1.9712,1.5,1.5
27.133,8.1868,-0.0007,0.0028,0.4998,-0.0021,0.5,0.0025,1.9712,1.5,1.5
27.133,8.1868,-0.0007,0.0028,0.4998,-0.0021,0.5,0.0047,1.9712,1.5,1.5
27.167,8.1952,-0.0007,0.0028,0.4999,-0.0015,0.5,0.0008,1.9712,1.5,1.5
27.167,8.1952,-0.0007,0.0028,0.4999,-0.0015,0.5,-0.0013,1.9712,1.5,1.5
27.183,8.2119,-0.0006,0.0028,0.5,-0.0012,0.5,-0.0009,1.9712,1.5,1.5
27.183,8.2119,-0.0006,0.0028,0.5,-0.0012,0.5,-0.0026,1.9712,1.5,1.5
27.2,8.2202,-0.0006,0.0028,0.5001,-0.0004,0.5,-0.003,1.9712,1.5,1.5
27.2,8.2202,-0.0006,0.0028,0.5001,-0.0004,0.5,-0.003,1.9712,1.5,1.5
27.2,8.2202,-0.0006,0.0028,0.5001,-0.0004,0.5,-0.0001,1.9197,1.5,1.5
27.233,8.2285,-0.0006,0.0028,0.5002,-0.0006,0.5,-0.0014,1.9197,1.5,1.5
27.25,8.2452,-0.0005,0.0028,0.5002,-0.0004,0.5,-0.0004,1.9197,1.5,1.5
27.25,8.2452,-0.0005,0.0028,0.5002,-0.0004,0.5,-0.0001,1.9197,1.5,1.5
27.25,8.2452,-0.0005,0.0028,0.5002,-0.0004,0.5,-0.0006,1.9197,1.5,1.5
27.283,8.2535,-0.0005,0.0028,0.5002,-0.0005,0.5,0.0035,1.9197,1.5,1.5
27.283,8.2535,-0.0005,0.0028,0.5002,-0.0005,0.5,0.0006,1.9197,1.5,1.5
27.3,8.2702,-0.0005,0.0028,0.5005,0.0003,0.5,-0.0005,1.9197,1.5,1.5
27.3,8.2702,-0.0005,0.0028,0.5005,0.0003,0.5,-0.0011,1.9197,1.5,1.5
27.3,8.2702,-0.0005,0.0028,0.5005,0.0003,0.5,-0.0032,1.9197,1.5,1.5
27.333,8.2786,-0.0004,0.0028,0.5005,0.0014,0.5,-0.0017,1.864,1.5,1.5
27.35,8.2953,-0.0004,0.0029,0.5006,0.0009,0.5,0.0007,1.864,1.5,1.5
27.35,8.2953,-0.0004,0.0029,0.5006,0.0009,0.5,-0.0033,1.864,1.5,1.5
27.367,8.3036,-0.0004,0.003,0.5007,0.0004,0.5,-0.0033,1.864,1.5,1.5
27.367,8.3036,-0.0004,0.003,0.5007,0.0004,0.5,-0.0012,1.864,1.5,1.5
27.367,8.3036,-0.0004,0.003,0.5007,0.0004,0.5,-0.0013,1.864,1.5,1.5
27.4,8.312,-0.0004,0.003,0.5007,0.0008,0.5,0.001,1.864,1.5,1.5
27.417,8.3287,-0.0003,0.0029,0.5008,0.0019,0.5,-0.0,1.864,1.5,1.5
27.417,8.3287,-0.0003,0.0029,0.5008,0.0019,0.5,0.0003,1.8144,1.5,1.5
27.417,8.3287,-0.0003,0.0029,0.5008,0.0019,0.5,-0.002,1.8144,1.5,1.5
27.45,8.337,-0.0003,0.003,0.5008,0.001,0.5,-0.0012,1.8144,1.5,1.5
27.45,8.337,-0.0003,0.003,0.5008,0.001,0.5,-0.0045,1.8144,1.5,1.5
27.467,8.3537,-0.0003,0.0031,0.5007,0.0009,0.5,-0.0026,1.8144,1.5,1.5
27.467,8.3537,-0.0003,0.0031,0.5007,0.0009,0.5,-0.0046,1.8144,1.5,1.5
27.467,8.3537,-0.0003,0.0031,0.5007,0.0009,0.5,-0.0028,1.8144,1.5,1.5
27.5,8.3621,-0.0002,0.003,0.5008,0.0004,0.5,-0.0014,1.8144,1.5,1.5
27.517,8.3787,-0.0002,0.0031,0.5007,0.0013,0.5,-0.0014,1.8144,1.5,1.5
27.517,8.3787,-0.0002,0.0031,0.5007,0.0013,0.5,-0.0008,1.7787,1.5,1.5
27.533,8.3871,-0.0002,0.003,0.5006,0.0014,0.4999,-0.0006,1.7787,1.5,1.5
27.533,8.3871,-0.0002,0.003,0.5006,0.0014,0.4999,-0.0018,1.7787,1.5,1.5
27.533,8.3871,-0.0002,0.003,0.5006,0.0014,0.5,-0.0005,1.7787,1.5,1.5
27.567,8.3954,-0.0001,0.003,0.5006,0.0008,0.5,-0.0002,1.7787,1.5,1.5
27.583,8.4121,-0.0001,0.0031,0.5004,0.0013,0.5,0.0045,1.7787,1.5,1.5
27.583,8.4121,-0.0001,0.0031,0.5004,0.0013,0.5,0.0038,1.7787,1.5,1.5
27.583,8.4121,-0.0001,0.0031,0.5004,0.0013,0.5,0.0091,1.7787,1.5,1.5
27.617,8.4205,-0.0001,0.003,0.5003,0.0006,0.5,0.0057,1.7787,1.5,1.5
27.617,8.4205,-0.0001,0.003,0.5003,0.0006,0.5,0.003,1.7787,1.5,1.5
27.633,8.4371,-0.0,0.0029,0.5002,0.0001,0.5,0.003,1.7242,1.5,1.5
27.633,8.4371,-0.0,0.0029,0.5002,0.0001,0.5,0.0003,1.7242,1.5,1.5
27.633,8.4371,-0.0,0.0029,0.5002,0.0001,0.5,-0.001,1.7242,1.5,1.5
27.667,8.4455,0.0,0.0031,0.5001,-0.0001,0.4999,-0.0006,1.7242,1.5,1.5
27.667,8.4455,0.0,0.0031,0.5001,-0.0001,0.5,-0.0007,1.7242,1.5,1.5
27.683,8.4621,0.0001,0.003,0.4998,-0.0006,0.4999,-0.0,1.7242,1.5,1.5
27.7,8.4705,0.0001,0.0028,0.4998,-0.0009,0.4998,-0.0029,1.7242,1.5,1.5
27.7,8.4705,0.0001,0.0028,0.4998,-0.0009,0.4997,-0.0045,1.7242,1.5,1.5
27.7,8.4705,0.0001,0.0028,0.4998,-0.0009,0.4992,-0.0024,1.7242,1.5,1.5
27.733,8.4788,0.0001,0.0029,0.4998,-0.0022,0.4999,0.0001,1.6555,1.5,1.5
27.733,8.4788,0.0001,0.0029,0.4998,-0.0022,0.5,-0.0031,1.6555,1.5,1.5
27.75,8.4954,0.0002,0.0028,0.4997,-0.0012,0.5,-0.0027,1.6555,1.5,1.5
27.75,8.4954,0.0002,0.0028,0.4997,-0.0012,0.5,-0.0049,1.6555,1.5,1.5
27.75,8.4954,0.0002,0.0028,0.4997,-0.0012,0.5,-0.0024,1.6555,1.5,1.5
27.783,8.5038,0.0002,0.0028,0.4996,-0.0014,0.5,-0.0004,1.6555,1.5,1.5
27.8,8.5204,0.0003,0.0028,0.4995,-0.001,0.5,0.0026,1.6555,1.5,1.5
27.8,8.5204,0.0003,0.0028,0.4995,-0.001,0.5,-0.0018,1.6555,1.5,1.5
27.8,8.5204,0.0003,0.0028,0.4995,-0.001,0.5,-0.0012,1.6555,1.5,1.5
27.833,8.5288,0.0003,0.0028,0.4995,-0.0015,0.5,-0.0012,1.6107,1.5,1.5
27.833,8.5288,0.0003,0.0028,0.4995,-0.0015,0.5,-0.001,1.6107,1.5,1.5
27.85,8.5454,0.0004,0.0028,0.4993,-0.0006,0.5,-0.001,1.6107,1.5,1.5
27.867,8.5537,0.0004,0.0027,0.4989,-0.0014,0.5,-0.0012,1.6107,1.5,1.5
27.867,8.5537,0.0004,0.0027,0.4989,-0.0014,0.5,-0.0009,1.6107,1.5,1.5
27.867,8.5537,0.0004,0.0027,0.4989,-0.0014,0.5,-0.0007,1.6107,1.5,1.5
27.9,8.5621,0.0004,0.0027,0.4993,-0.0018,0.5,-0.0013,1.6107,1.5,1.5
27.9,8.5621,0.0004,0.0027,0.4993,-0.0018,0.5,-0.002,1.6107,1.5,1.5
27.917,8.5787,0.0005,0.0027,0.4997,-0.0023,0.5,-0.002,1.6107,1.5,1.5
27.917,8.5787,0.0005,0.0027,0.4997,-0.0023,0.5,-0.0007,1.5659,1.5,1.5
27.917,8.5787,0.0005,0.0027,0.4997,-0.0023,0.5,-0.0006,1.5659,1.5,1.5
27.95,8.587,0.0005,0.0027,0.4997,-0.0022,0.5,-0.0006,1.5659,1.5,1.5
27.967,8.6037,0.0006,0.0027,0.4999,-0.0021,0.4992,-0.0032,1.5659,1.5,1.5
27.967,8.6037,0.0006,0.0027,0.4999,-0.0021,0.4999,-0.0034,1.5659,1.5,1.5
27.967,8.6037,0.0006,0.0027,0.4999,-0.0021,0.4999,-0.0021,1.5659,1.5,1.5
28.0,8.612,0.0006,0.0027,0.5,-0.0019,0.5,-0.0027,1.5659,1.5,1.5
28.0,8.612,0.0006,0.0027,0.5,-0.0019,0.5,-0.0027,1.5659,1.5,1.5
28.017,8.6287,0.0006,0.0027,0.5001,-0.0016,0.5,-0.0058,1.5659,1.5,1.5
28.033,8.6371,0.0007,0.0027,0.5002,-0.0014,0.5,-0.0058,1.5189,1.4131,1.4022
28.033,8.6371,0.0007,0.0027,0.5002,-0.0014,0.5,-0.0029,1.5189,1.4131,1.4022
28.033,8.6371,0.0007,0.0027,0.5002,-0.0014,0.5,-0.0046,1.5189,1.4131,1.4022
28.067,8.6454,0.0007,0.0026,0.5002,-0.0011,0.5,-0.0009,1.5189,1.4131,1.4022
28.067,8.6454,0.0007,0.0026,0.5002,-0.0011,0.4729,-0.0005,1.5189,1.4131,1.4022
28.083,8.6621,0.0007,0.0026,0.5004,-0.0008,0.4657,-0.0014,1.5189,1.4131,1.4022
28.083,8.6621,0.0007,0.0026,0.5004,-0.0008,0.4659,0.0031,1.5189,1.4131,1.4022
28.083,8.6621,0.0007,0.0026,0.5004,-0.0008,0.4707,0.0013,1.5189,1.4131,1.4022
28.117,8.6704,0.0008,0.0027,0.5004,-0.0008,0.474,0.0013,1.5189,1.4131,1.4022
28.117,8.6704,0.0008,0.0027,0.5004,-0.0008,0.4735,0.0022,1.4823,1.4131,1.4022
28.133,8.6871,0.0008,0.0027,0.5004,0.0,0.4759,-0.0008,1.4823,1.4131,1.4022
28.133,8.6871,0.0008,0.0027,0.5004,0.0,0.4769,-0.0007,1.4823,1.4131,1.4022
28.133,8.6871,0.0008,0.0027,0.5004,0.0,0.4801,-0.0007,1.4823,1.4131,1.4022
28.167,8.6955,0.0008,0.0027,0.5006,0.0009,0.4812,0.0003,1.4823,1.4131,1.4022
28.183,8.7122,0.0009,0.0026,0.5006,-0.0005,0.4821,-0.0025,1.4823,1.4131,1.4022
28.183,8.7122,0.0009,0.0026,0.5006,-0.0005,0.4834,-0.0025,1.4823,1.4131,1.4022
28.2,8.7205,0.0009,0.0027,0.5007,-0.0001,0.4834,-0.0025,1.4823,1.4131,1.4022
28.2,8.7205,0.0009,0.0027,0.5007,-0.0001,0.4838,0.001,1.4823,1.4131,1.4022
28.2,8.7205,0.0009,0.0027,0.5007,-0.0001,0.4828,-0.0027,1.4144,1.4131,1.4022
28.233,8.7286,0.0009,0.0026,0.4793,0.0006,0.4757,0.0001,1.4144,1.3156,1.3031
28.233,8.7286,0.0009,0.0026,0.4793,0.0006,0.4714,-0.0034,1.4144,1.3156,1.3031
28.25,8.7444,0.0009,0.0028,0.471,-0.0001,0.4627,-0.0006,1.4144,1.3156,1.3031
28.25,8.7444,0.0009,0.0028,0.471,-0.0001,0.4627,-0.0006,1.4144,1.3156,1.3031
28.283,8.7522,0.001,0.0027,0.4739,0.0001,0.4577,-0.0045,1.4144,1.3156,1.3031
28.283,8.7522,0.001,0.0027,0.4739,0.0001,0.4532,-0.0053,1.4144,1.3156,1.3031
28.3,8.7681,0.001,0.0027,0.4799,0.0005,0.4532,-0.0053,1.4144,1.3156,1.3031
28.3,8.7681,0.001,0.0027,0.4799,0.0005,0.4557,0.0015,1.4144,1.3156,1.3031
28.3,8.7681,0.001,0.0027,0.4799,0.0005,0.4575,-0.0013,1.4144,1.3156,1.3031
28.333,8.7762,0.001,0.0026,0.4821,0.0009,0.4575,-0.0013,1.3693,1.3156,1.3031
28.333,8.7762,0.001,0.0026,0.4821,0.0009,0.4602,-0.0011,1.3693,1.3156,1.3031
28.35,8.7923,0.0011,0.0028,0.4839,0.0008,0.4602,-0.0015,1.3693,1.3156,1.3031
28.367,8.8003,0.0011,0.0028,0.4835,0.0006,0.4602,-0.0015,1.3693,1.3156,1.3031
28.367,8.8003,0.0011,0.0028,0.4835,0.0006,0.4625,-0.0001,1.3693,1.3156,1.3031
28.367,8.8003,0.0011,0.0028,0.4835,0.0006,0.4606,0.0007,1.3693,1.3156,1.3031
28.4,8.8083,0.0011,0.0027,0.4776,-0.0001,0.4606,0.0007,1.3693,1.3156,1.3031
28.4,8.8083,0.0011,0.0027,0.4776,-0.0001,0.4599,0.0036,1.3693,1.3156,1.3031
28.417,8.8239,0.0012,0.0027,0.4637,-0.0003,0.4523,0.0036,1.3246,1.3156,1.3031
28.417,8.8239,0.0012,0.0027,0.4637,-0.0003,0.4502,0.0033,1.3246,1.2216,1.2078
28.417,8.8239,0.0012,0.0027,0.4637,-0.0003,0.4482,0.0021,1.3246,1.2216,1.2078
28.45,8.8316,0.0012,0.0025,0.4592,0.0007,0.444,-0.0011,1.3246,1.2216,1.2078
28.467,8.8469,0.0012,0.0026,0.4574,-0.0002,0.441,-0.0011,1.3246,1.2216,1.2078
28.467,8.8469,0.0012,0.0026,0.4574,-0.0002,0.4389,0.0002,1.3246,1.2216,1.2078
28.467,8.8469,0.0012,0.0026,0.4574,-0.0002,0.4372,0.0018,1.3246,1.2216,1.2078
28.5,8.8545,0.0012,0.0026,0.4597,-0.001,0.4388,-0.0007,1.3246,1.2216,1.2078
28.5,8.8545,0.0012,0.0026,0.4597,-0.001,0.4386,-0.0017,1.3246,1.2216,1.2078
28.517,8.8698,0.0013,0.0024,0.4601,-0.001,0.4386,-0.0017,1.3246,1.2216,1.2078
28.517,8.8698,0.0013,0.0024,0.4601,-0.001,0.4351,-0.002,1.2784,1.2216,1.2078
28.533,8.8775,0.0013,0.0024,0.4605,-0.0018,0.4363,-0.0024,1.2784,1.2216,1.2078
28.533,8.8775,0.0013,0.0024,0.4605,-0.0018,0.4328,-0.001,1.2784,1.2216,1.2078
28.567,8.8852,0.0013,0.0024,0.4599,-0.0022,0.434,0.0008,1.2784,1.2216,1.2078
28.567,8.8852,0.0013,0.0024,0.4599,-0.0022,0.4333,0.0002,1.2784,1.2216,1.2078
28.583,8.9003,0.0014,0.0024,0.4487,-0.0013,0.4333,0.0002,1.2784,1.2216,1.2078
28.583,8.9003,0.0014,0.0024,0.4487,-0.0013,0.4311,-0.0004,1.2784,1.2216,1.2078
28.583,8.9003,0.0014,0.0024,0.4487,-0.0013,0.4334,-0.0037,1.2784,1.2216,1.2078
28.617,8.9077,0.0014,0.0023,0.4448,-0.0009,0.4322,-0.0032,1.2784,1.2216,1.2078
28.617,8.9077,0.0014,0.0023,0.4448,-0.0009,0.4286,-0.0039,1.2388,1.131,1.1167
28.633,8.9224,0.0015,0.0024,0.4374,-0.002,0.4236,-0.0026,1.2388,1.131,1.1167
28.633,8.9224,0.0015,0.0024,0.4374,-0.002,0.4236,-0.0026,1.2388,1.131,1.1167
28.633,8.9224,0.0015,0.0024,0.4374,-0.002,0.4177,-0.0006,1.2388,1.131,1.1167
28.667,8.9297,0.0015,0.0022,0.4381,-0.0015,0.418,-0.002,1.2388,1.131,1.1167
28.683,8.9443,0.0015,0.0023,0.4354,-0.0019,0.4177,-0.0009,1.2388,1.131,1.1167
28.683,8.9443,0.0015,0.0023,0.4354,-0.0019,0.4186,0.0007,1.2388,1.131,1.1167
28.7,8.9515,0.0016,0.0022,0.434,-0.0027,0.4156,-0.0003,1.2388,1.131,1.1167
28.7,8.9515,0.0016,0.0022,0.434,-0.0027,0.4117,-0.0027,1.2388,1.131,1.1167
28.7,8.9515,0.0016,0.0022,0.434,-0.0027,0.4128,0.0002,1.1914,1.131,1.1167
28.733,8.9587,0.0016,0.0022,0.4332,-0.0022,0.4124,0.0049,1.1914,1.131,1.1167
28.75,8.9731,0.0016,0.0021,0.4327,-0.0018,0.4119,-0.0,1.1914,1.131,1.1167
28.75,8.9731,0.0016,0.0021,0.4327,-0.0018,0.4119,-0.0,1.1914,1.131,1.1167
28.75,8.9731,0.0016,0.0021,0.4327,-0.0018,0.4065,-0.0034,1.1914,1.131,1.1167
28.783,8.9803,0.0016,0.0022,0.432,-0.002,0.4099,-0.0073,1.1914,1.131,1.1167
28.783,8.9803,0.0016,0.0022,0.432,-0.002,0.4098,-0.0054,1.1914,1.131,1.1167
28.8,8.9945,0.0017,0.0022,0.4191,-0.002,0.4044,-0.0075,1.1914,1.131,1.1167
28.8,8.9945,0.0017,0.0022,0.4191,-0.002,0.3988,-0.0029,1.1914,1.131,1.1167
28.8,8.9945,0.0017,0.0022,0.4191,-0.002,0.3962,0.0023,1.1503,1.0462,1.0307
28.833,9.0015,0.0017,0.002,0.4179,-0.0021,0.3962,0.0023,1.1503,1.0462,1.0307
28.833,9.0015,0.0017,0.002,0.4179,-0.0021,0.3952,0.0035,1.1503,1.0462,1.0307
28.85,9.0154,0.0017,0.0021,0.4161,-0.0019,0.3947,0.0015,1.1503,1.0462,1.0307
28.867,9.0223,0.0018,0.002,0.4135,-0.0018,0.3947,0.0015,1.1503,1.0462,1.0307
28.867,9.0223,0.0018,0.002,0.4135,-0.0018,0.3965,-0.0027,1.1503,1.0462,1.0307
28.867,9.0223,0.0018,0.002,0.4135,-0.0018,0.3919,-0.0033,1.1503,1.0462,1.0307
28.9,9.0292,0.0018,0.002,0.4126,-0.0027,0.3919,-0.0033,1.1503,1.0462,1.0307
28.917,9.0429,0.0018,0.0021,0.4078,-0.0007,0.3896,-0.0014,1.1503,1.0462,1.0307
28.917,9.0429,0.0018,0.0021,0.4078,-0.0007,0.3887,0.0014,1.1503,1.0462,1.0307
28.917,9.0429,0.0018,0.0021,0.4078,-0.0007,0.3887,0.0014,1.1071,1.0462,1.0307
28.95,9.0497,0.0018,0.0018,0.4096,0.0,0.3903,0.0004,1.1071,1.0462,1.0307
28.95,9.0497,0.0018,0.0018,0.4096,0.0,0.384,-0.0024,1.1071,1.0462,1.0307
28.967,9.0631,0.0019,0.002,0.3974,-0.0018,0.384,-0.0024,1.1071,1.0462,1.0307
28.967,9.0631,0.0019,0.002,0.3974,-0.0018,0.3796,-0.0039,1.1071,1.0462,1.0307
28.967,9.0631,0.0019,0.002,0.3974,-0.0018,0.3794,-0.0008,1.1071,1.0462,1.0307
29.0,9.0697,0.0019,0.0018,0.3959,-0.0017,0.3794,-0.0008,1.1071,1.0462,1.0307
29.0,9.0697,0.0019,0.0018,0.3959,-0.0017,0.377,-0.0022,1.1071,1.0462,1.0307
29.017,9.0829,0.0019,0.002,0.395,-0.0015,0.3704,-0.0023,1.1071,1.0462,1.0307
29.033,9.0895,0.0019,0.0018,0.3928,0.0005,0.3704,-0.0023,1.0522,0.9644,0.9491
29.033,9.0895,0.0019,0.0018,0.3928,0.0005,0.3692,-0.0005,1.0522,0.9644,0.9491
29.033,9.0895,0.0019,0.0018,0.3928,0.0005,0.3663,-0.0,1.0522,0.9644,0.9491
29.033,9.0895,0.0019,0.0018,0.3928,0.0005,0.3682,0.0008,1.0522,0.9644,0.9491
29.067,9.096,0.0019,0.002,0.3924,-0.001,0.3684,0.0015,1.0522,0.9644,0.9491
29.067,9.096,0.0019,0.002,0.3924,-0.001,0.3666,0.002,1.0522,0.9644,0.9491
29.083,9.109,0.002,0.002,0.3893,-0.0006,0.3666,0.002,1.0522,0.9644,0.9491
29.083,9.109,0.002,0.002,0.3893,-0.0006,0.3604,0.0014,1.0522,0.9644,0.9491
29.083,9.109,0.002,0.002,0.3893,-0.0006,0.361,-0.0007,1.0522,0.9644,0.9491
29.117,9.1155,0.002,0.0021,0.3854,0.0,0.361,-0.0007,1.0522,0.9644,0.9491
29.133,9.1282,0.002,0.002,0.3801,-0.0004,0.3573,0.0026,1.0208,0.9644,0.9491
29.133,9.1282,0.002,0.002,0.3801,-0.0004,0.3549,0.0041,1.0208,0.9644,0.9491
29.133,9.1282,0.002,0.002,0.3801,-0.0004,0.3549,0.0041,1.0208,0.9644,0.9491
29.167,9.1345,0.002,0.0021,0.3728,0.0005,0.3575,-0.0013,1.0208,0.9644,0.9491
29.167,9.1345,0.002,0.0021,0.3728,0.0005,0.354,0.0008,1.0208,0.9644,0.9491
29.183,9.1469,0.002,0.0018,0.3701,-0.0009,0.3519,-0.0007,1.0208,0.9644,0.9491
29.183,9.1469,0.002,0.0018,0.3701,-0.0009,0.3468,-0.0051,1.0208,0.9644,0.9491
29.2,9.153,0.002,0.002,0.3692,-0.0014,0.3436,-0.0067,1.0208,0.9644,0.9491
29.2,9.153,0.002,0.002,0.3692,-0.0014,0.3421,-0.0087,1.0208,0.9644,0.9491
29.233,9.1592,0.0021,0.0018,0.3676,-0.0006,0.3428,-0.0016,0.9857,0.8892,0.8727
29.233,9.1592,0.0021,0.0018,0.3676,-0.0006,0.3449,-0.0024,0.9857,0.8892,0.8727
29.25,9.1713,0.0021,0.0021,0.3616,0.0,0.3449,-0.0024,0.9857,0.8892,0.8727
29.25,9.1713,0.0021,0.0021,0.3616,0.0,0.3464,-0.0052,0.9857,0.8892,0.8727
29.25,9.1713,0.0021,0.0021,0.3616,0.0,0.3411,-0.0019,0.9857,0.8892,0.8727
29.283,9.1773,0.0021,0.002,0.3614,-0.0001,0.3384,-0.0054,0.9857,0.8892,0.8727
29.283,9.1773,0.0021,0.002,0.3614,-0.0001,0.3378,-0.0005,0.9857,0.8892,0.8727
29.3,9.1892,0.0021,0.002,0.3577,0.0009,0.3328,0.0033,0.9857,0.8892,0.8727
29.3,9.1892,0.0021,0.002,0.3577,0.0009,0.3315,0.0006,0.9857,0.8892,0.8727
29.3,9.1892,0.0021,0.002,0.3577,0.0009,0.3315,0.0006,0.9516,0.8892,0.8727
29.333,9.1951,0.0021,0.0021,0.3535,0.0,0.3328,0.0005,0.9516,0.8892,0.8727
29.35,9.2068,0.0022,0.002,0.3448,0.0,0.33,0.0007,0.9516,0.8892,0.8727
29.35,9.2068,0.0022,0.002,0.3448,0.0,0.33,0.0007,0.9516,0.8892,0.8727
29.367,9.2125,0.0022,0.002,0.3435,-0.0008,0.3253,0.002,0.9516,0.8892,0.8727
29.367,9.2125,0.0022,0.002,0.3435,-0.0008,0.3235,-0.0019,0.9516,0.8892,0.8727
29.367,9.2125,0.0022,0.002,0.3435,-0.0008,0.3189,-0.002,0.9516,0.8892,0.8727
29.4,9.2182,0.0022,0.0018,0.3449,0.0004,0.3164,-0.0018,0.9516,0.8892,0.8727
29.417,9.2297,0.0022,0.0018,0.3424,-0.001,0.3175,-0.0025,0.9516,0.8892,0.8727
29.417,9.2297,0.0022,0.0018,0.3424,-0.001,0.3148,-0.003,0.9107,0.8892,0.8727
29.417,9.2297,0.0022,0.0018,0.3424,-0.001,0.3132,0.0048,0.9107,0.8189,0.8028
29.45,9.2354,0.0022,0.002,0.3394,0.0008,0.3126,-0.0005,0.9107,0.8189,0.8028
29.45,9.2354,0.0022,0.002,0.3394,0.0008,0.3116,-0.0046,0.9107,0.8189,0.8028
29.467,9.2465,0.0022,0.0018,0.3321,-0.0009,0.3116,-0.0046,0.9107,0.8189,0.8028
29.467,9.2465,0.0022,0.0018,0.3321,-0.0009,0.3125,-0.0055,0.9107,0.8189,0.8028
29.467,9.2465,0.0022,0.0018,0.3321,-0.0009,0.3074,-0.0009,0.9107,0.8189,0.8028
29.5,9.2521,0.0023,0.0017,0.3305,-0.0008,0.3074,-0.0009,0.9107,0.8189,0.8028
29.517,9.263,0.0023,0.0018,0.3265,-0.0013,0.3034,-0.0,0.9107,0.8189,0.8028
29.517,9.263,0.0023,0.0018,0.3265,-0.0013,0.2969,0.0037,0.9107,0.8189,0.8028
29.533,9.2684,0.0023,0.0018,0.3205,-0.0003,0.2969,0.0037,0.8936,0.8189,0.8028
29.533,9.2684,0.0023,0.0018,0.3205,-0.0003,0.2927,-0.0017,0.8936,0.8189,0.8028
29.533,9.2684,0.0023,0.0018,0.3205,-0.0003,0.2922,0.0048,0.8936,0.8189,0.8028
29.567,9.2737,0.0023,0.0018,0.3173,-0.0003,0.2922,0.0048,0.8936,0.8189,0.8028
29.567,9.2737,0.0023,0.0018,0.3173,-0.0003,0.292,0.0017,0.8936,0.8189,0.8028
29.583,9.2842,0.0023,0.0017,0.3137,-0.0026,0.2878,0.0033,0.8936,0.8189,0.8028
29.583,9.2842,0.0023,0.0017,0.3137,-0.0026,0.2878,0.0033,0.8936,0.8189,0.8028
29.617,9.2895,0.0024,0.0017,0.3129,0.0001,0.287,-0.0034,0.8936,0.8189,0.8028
29.617,9.2895,0.0024,0.0017,0.3129,0.0001,0.2853,0.0003,0.8439,0.8189,0.8028
29.633,9.2998,0.0024,0.0015,0.3084,-0.0017,0.2853,0.0003,0.8439,0.7552,0.7377
29.633,9.2998,0.0024,0.0015,0.3084,-0.0017,0.282,-0.0,0.8439,0.7552,0.7377
29.633,9.2998,0.0024,0.0015,0.3084,-0.0017,0.2813,-0.006,0.8439,0.7552,0.7377
29.667,9.3049,0.0024,0.0015,0.3044,-0.0018,0.2813,-0.006,0.8439,0.7552,0.7377
29.683,9.3149,0.0024,0.0015,0.2972,-0.0012,0.2808,-0.0007,0.8439,0.7552,0.7377
29.683,9.3149,0.0024,0.0015,0.2972,-0.0012,0.2808,-0.0007,0.8439,0.7552,0.7377
29.7,9.3198,0.0024,0.0015,0.2932,-0.0021,0.2749,-0.0019,0.8439,0.7552,0.7377
29.7,9.3198,0.0024,0.0015,0.2932,-0.0021,0.2721,0.0013,0.8439,0.7552,0.7377
29.7,9.3198,0.0024,0.0015,0.2932,-0.0021,0.2665,-0.0031,0.8439,0.7552,0.7377
29.733,9.3247,0.0024,0.0014,0.2923,-0.0019,0.2665,-0.0031,0.816,0.7552,0.7377
29.733,9.3247,0.0024,0.0014,0.2923,-0.0019,0.2653,0.0021,0.816,0.7552,0.7377
29.75,9.3344,0.0025,0.0017,0.2878,-0.0016,0.2667,0.001,0.816,0.7552,0.7377
29.75,9.3344,0.0025,0.0017,0.2878,-0.0016,0.2667,0.001,0.816,0.7552,0.7377
29.783,9.3391,0.0025,0.0015,0.2871,0.0003,0.2664,-0.0001,0.816,0.7552,0.7377
29.783,9.3391,0.0025,0.0015,0.2871,0.0003,0.2592,-0.0001,0.816,0.7552,0.7377
29.8,9.3486,0.0025,0.0014,0.2816,0.0006,0.26,-0.0033,0.816,0.7552,0.7377
29.8,9.3486,0.0025,0.0014,0.2816,0.0006,0.2565,0.003,0.816,0.7552,0.7377
29.8,9.3486,0.0025,0.0014,0.2816,0.0006,0.2565,0.003,0.816,0.7552,0.7377
29.833,9.3533,0.0025,0.0015,0.2809,-0.0022,0.2582,0.0035,0.7913,0.6964,0.6789
29.833,9.3533,0.0025,0.0015,0.2809,-0.0022,0.2587,-0.0021,0.7913,0.6964,0.6789
29.85,9.3626,0.0025,0.0014,0.276,-0.0011,0.2533,-0.0048,0.7913,0.6964,0.6789
29.867,9.3671,0.0025,0.0014,0.2684,-0.0007,0.2533,-0.0048,0.7913,0.6964,0.6789
29.867,9.3671,0.0025,0.0014,0.2684,-0.0007,0.2546,-0.0067,0.7913,0.6964,0.6789
29.867,9.3671,0.0025,0.0014,0.2684,-0.0007,0.2491,-0.0061,0.7913,0.6964,0.6789
29.9,9.3716,0.0025,0.0014,0.2668,-0.0013,0.2519,-0.0,0.7913,0.6964,0.6789
29.9,9.3716,0.0025,0.0014,0.2668,-0.0013,0.2478,0.0033,0.7913,0.6964,0.6789
29.917,9.3805,0.0026,0.0015,0.2664,-0.0012,0.2478,0.0033,0.7913,0.6964,0.6789
29.917,9.3805,0.0026,0.0015,0.2664,-0.0012,0.2453,0.0034,0.7641,0.6964,0.6789
29.917,9.3805,0.0026,0.0015,0.2664,-0.0012,0.2433,0.0017,0.7641,0.6964,0.6789
29.95,9.3849,0.0026,0.0014,0.2606,-0.0014,0.2433,0.0017,0.7641,0.6964,0.6789
29.967,9.3935,0.0026,0.0014,0.2566,-0.0017,0.2384,-0.0004,0.7641,0.6964,0.6789
29.967,9.3935,0.0026,0.0014,0.2566,-0.0017,0.233,-0.0003,0.7641,0.6964,0.6789
29.967,9.3935,0.0026,0.0014,0.2566,-0.0017,0.233,-0.0003,0.7641,0.6964,0.6789
30.0,9.3977,0.0026,0.0015,0.2582,-0.0005,0.2314,-0.0018,0.7641,0.6964,0.6789
30.0,9.3977,0.0026,0.0015,0.2582,-0.0005,0.2311,-0.0009,0.7641,0.6964,0.6789
30.017,9.4062,0.0026,0.0012,0.2535,-0.001,0.2297,0.0033,0.7641,0.6964,0.6789
30.033,9.4105,0.0026,0.0015,0.2522,-0.0018,0.2264,0.0053,0.7326,0.6441,0.6256
30.033,9.4105,0.0026,0.0015,0.2522,-0.0018,0.228,0.0035,0.7326,0.6441,0.6256
30.033,9.4105,0.0026,0.0015,0.2522,-0.0018,0.2269,0.0038,0.7326,0.6441,0.6256
30.067,9.4146,0.0026,0.0014,0.2487,-0.0019,0.2258,0.0005,0.7326,0.6441,0.6256
30.067,9.4146,0.0026,0.0014,0.2487,-0.0019,0.2242,0.0021,0.7326,0.6441,0.6256
30.083,9.4228,0.0027,0.0012,0.2439,-0.0014,0.2242,0.0021,0.7326,0.6441,0.6256
30.083,9.4228,0.0027,0.0012,0.2439,-0.0014,0.2241,-0.0031,0.7326,0.6441,0.6256
30.083,9.4228,0.0027,0.0012,0.2439,-0.0014,0.2194,-0.0012,0.7326,0.6441,0.6256
30.117,9.4269,0.0027,0.0012,0.2435,-0.0014,0.2238,-0.0013,0.7326,0.6441,0.6256
30.117,9.4269,0.0027,0.0012,0.2435,-0.0014,0.222,-0.0017,0.7127,0.6441,0.6256
30.133,9.4348,0.0027,0.0012,0.2335,-0.0014,0.2154,0.0017,0.7127,0.6441,0.6256
30.133,9.4348,0.0027,0.0012,0.2335,-0.0014,0.2143,0.0034,0.7127,0.6441,0.6256
30.133,9.4348,0.0027,0.0012,0.2335,-0.0014,0.2143,0.0034,0.7127,0.6441,0.6256
30.167,9.4386,0.0027,0.0012,0.2305,-0.0017,0.207,-0.0026,0.7127,0.6441,0.6256
30.183,9.4463,0.0027,0.0014,0.2279,-0.0013,0.207,-0.0026,0.7127,0.6441,0.6256
30.183,9.4463,0.0027,0.0014,0.2279,-0.0013,0.2026,-0.0003,0.7127,0.6441,0.6256
30.2,9.45,0.0027,0.0014,0.2263,-0.0008,0.2026,-0.0004,0.7127,0.6441,0.6256
30.2,9.45,0.0027,0.0014,0.2263,-0.0008,0.2026,-0.0004,0.7127,0.6441,0.6256
30.2,9.45,0.0027,0.0014,0.2263,-0.0008,0.1985,0.0018,0.6817,0.597,0.5783
30.233,9.4538,0.0027,0.0014,0.2247,-0.0014,0.1995,-0.0031,0.6817,0.597,0.5783
30.25,9.4612,0.0027,0.0012,0.2205,-0.0012,0.2021,-0.001,0.6817,0.597,0.5783
30.25,9.4612,0.0027,0.0012,0.2205,-0.0012,0.1993,0.0026,0.6817,0.597,0.5783
30.25,9.4612,0.0027,0.0012,0.2205,-0.0012,0.1959,0.0017,0.6817,0.597,0.5783
30.283,9.4649,0.0028,0.0012,0.2232,-0.0005,0.1946,-0.0009,0.6817,0.597,0.5783
30.283,9.4649,0.0028,0.0012,0.2232,-0.0005,0.1946,-0.0009,0.6817,0.597,0.5783
30.3,9.4722,0.0028,0.0014,0.2148,-0.0011,0.1923,0.0001,0.6817,0.597,0.5783
30.3,9.4722,0.0028,0.0014,0.2148,-0.0011,0.1898,0.0022,0.6817,0.597,0.5783
30.3,9.4722,0.0028,0.0014,0.2148,-0.0011,0.1886,-0.0031,0.6817,0.597,0.5783
30.333,9.4757,0.0028,0.0015,0.2087,0.0002,0.1886,-0.0031,0.6632,0.597,0.5783
30.35,9.4825,0.0028,0.0014,0.203,-0.0003,0.1865,-0.0004,0.6632,0.597,0.5783
30.35,9.4825,0.0028,0.0014,0.203,-0.0003,0.1809,0.003,0.6632,0.597,0.5783
30.367,9.4859,0.0028,0.0014,0.1996,-0.0013,0.1809,0.003,0.6632,0.597,0.5783
30.367,9.4859,0.0028,0.0014,0.1996,-0.0013,0.1777,-0.001,0.6632,0.597,0.5783
30.367,9.4859,0.0028,0.0014,0.1996,-0.0013,0.176,-0.0032,0.6632,0.597,0.5783
30.4,9.4892,0.0028,0.0014,0.1997,0.0004,0.176,-0.0032,0.6632,0.597,0.5783
30.417,9.4959,0.0028,0.0014,0.1968,0.0,0.1752,-0.0022,0.6632,0.597,0.5783
30.417,9.4959,0.0028,0.0014,0.1968,0.0,0.1718,0.0039,0.6497,0.555,0.5783
30.417,9.4959,0.0028,0.0014,0.1968,0.0,0.1742,0.0029,0.6497,0.555,0.5369
30.45,9.4991,0.0028,0.0015,0.1952,-0.0006,0.1743,-0.0006,0.6497,0.555,0.5369
30.45,9.4991,0.0028,0.0015,0.1952,-0.0006,0.1716,0.0011,0.6497,0.555,0.5369
30.467,9.5055,0.0028,0.0012,0.1893,0.0006,0.1716,0.0011,0.6497,0.555,0.5369
30.467,9.5055,0.0028,0.0012,0.1893,0.0006,0.1728,-0.0005,0.6497,0.555,0.5369
30.467,9.5055,0.0028,0.0012,0.1893,0.0006,0.1716,-0.0002,0.6497,0.555,0.5369
30.5,9.5086,0.0028,0.0015,0.1873,-0.0011,0.1716,-0.0002,0.6497,0.555,0.5369
30.5,9.5086,0.0028,0.0015,0.1873,-0.0011,0.1687,-0.0024,0.6497,0.555,0.5369
30.517,9.5147,0.0028,0.0014,0.1814,-0.0009,0.1639,-0.0013,0.6497,0.555,0.5369
30.533,9.5177,0.0028,0.0014,0.1773,0.0008,0.1627,-0.0019,0.6232,0.555,0.5369
30.533,9.5177,0.0028,0.0014,0.1773,0.0008,0.1606,-0.0003,0.6232,0.555,0.5369
30.533,9.5177,0.0028,0.0014,0.1773,0.0008,0.16,-0.0016,0.6232,0.555,0.5369
30.567,9.5207,0.0028,0.0014,0.1765,-0.0004,0.16,-0.0016,0.6232,0.555,0.5369
30.567,9.5207,0.0028,0.0014,0.1765,-0.0004,0.1579,0.0007,0.6232,0.555,0.5369
30.583,9.5265,0.0029,0.0012,0.1746,0.0002,0.1572,0.0041,0.6232,0.555,0.5369
30.583,9.5265,0.0029,0.0012,0.1746,0.0002,0.1572,0.0041,0.6232,0.555,0.5369
30.583,9.5265,0.0029,0.0012,0.1746,0.0002,0.154,-0.0003,0.6232,0.555,0.5369
30.617,9.5294,0.0029,0.0014,0.1723,-0.0009,0.1504,-0.0003,0.6232,0.555,0.5369
30.633,9.5352,0.0029,0.0014,0.172,-0.0007,0.1504,-0.0003,0.6134,0.5189,0.5006
30.633,9.5352,0.0029,0.0014,0.172,-0.0007,0.147,0.0041,0.6134,0.5189,0.5006
30.633,9.5352,0.0029,0.0014,0.172,-0.0007,0.147,0.0041,0.6134,0.5189,0.5006
30.667,9.538,0.0029,0.0015,0.1694,0.0009,0.1476,-0.0034,0.6134,0.5189,0.5006
30.667,9.538,0.0029,0.0015,0.1694,0.0009,0.1504,-0.0008,0.6134,0.5189,0.5006
30.683,9.5435,0.0029,0.0012,0.1632,0.0004,0.1504,-0.0008,0.6134,0.5189,0.5006
30.683,9.5435,0.0029,0.0012,0.1632,0.0004,0.1482,0.0045,0.6134,0.5189,0.5006
30.7,9.5462,0.0029,0.0015,0.1608,-0.0004,0.147,0.0044,0.6134,0.5189,0.5006
30.7,9.5462,0.0029,0.0015,0.1608,-0.0004,0.1384,-0.0005,0.6134,0.5189,0.5006
30.7,9.5462,0.0029,0.0015,0.1608,-0.0004,0.1357,0.0008,0.5939,0.5189,0.5006
30.733,9.5489,0.0029,0.0012,0.1585,-0.0004,0.1382,-0.0031,0.5939,0.5189,0.5006
30.75,9.5541,0.0029,0.0012,0.1548,0.0004,0.1386,-0.0049,0.5939,0.5189,0.5006
30.75,9.5541,0.0029,0.0012,0.1548,0.0004,0.1375,-0.0042,0.5939,0.5189,0.5006
30.75,9.5541,0.0029,0.0012,0.1548,0.0004,0.1363,-0.0011,0.5939,0.5189,0.5006
30.783,9.5567,0.0029,0.0014,0.1515,-0.0007,0.1361,0.0026,0.5939,0.5189,0.5006
30.783,9.5567,0.0029,0.0014,0.1515,-0.0007,0.1361,0.0026,0.5939,0.5189,0.5006
30.8,9.5616,0.0029,0.0012,0.1478,0.001,0.1314,-0.0003,0.5939,0.5189,0.5006
30.8,9.5616,0.0029,0.0012,0.1478,0.001,0.1321,0.0014,0.5939,0.5189,0.5006
30.8,9.5616,0.0029,0.0012,0.1478,0.001,0.1321,0.0014,0.5788,0.487,0.4693
30.833,9.5641,0.0029,0.0014,0.1499,-0.0006,0.1296,-0.0021,0.5788,0.487,0.4693
30.85,9.5691,0.0029,0.0014,0.1474,-0.001,0.1286,-0.0017,0.5788,0.487,0.4693
30.85,9.5691,0.0029,0.0014,0.1474,-0.001,0.125,-0.0016,0.5788,0.487,0.4693
30.867,9.5714,0.0029,0.0014,0.1383,0.0005,0.125,-0.0016,0.5788,0.487,0.4693
30.867,9.5714,0.0029,0.0014,0.1383,0.0005,0.1229,0.0009,0.5788,0.487,0.4693
30.867,9.5714,0.0029,0.0014,0.1383,0.0005,0.1238,0.005,0.5788,0.487,0.4693
30.9,9.5737,0.0029,0.0014,0.1382,0.0002,0.1238,0.005,0.5788,0.487,0.4693
30.9,9.5737,0.0029,0.0014,0.1382,0.0002,0.1216,0.0029,0.5788,0.487,0.4693
30.917,9.5783,0.0029,0.0014,0.1367,-0.0002,0.1222,0.0026,0.5788,0.487,0.4693
30.917,9.5783,0.0029,0.0014,0.1367,-0.0002,0.1222,0.0026,0.5616,0.487,0.4693
30.95,9.5806,0.0029,0.0015,0.1364,-0.0007,0.1209,-0.0012,0.5616,0.487,0.4693
30.95,9.5806,0.0029,0.0015,0.1364,-0.0007,0.1176,-0.0011,0.5616,0.487,0.4693
30.967,9.5851,0.0029,0.0015,0.1324,-0.0005,0.1176,-0.0011,0.5616,0.487,0.4693
30.967,9.5851,0.0029,0.0015,0.1324,-0.0005,0.1167,-0.0025,0.5616,0.487,0.4693
30.967,9.5851,0.0029,0.0015,0.1324,-0.0005,0.1125,-0.0006,0.5616,0.487,0.4693
31.0,9.5872,0.0029,0.0014,0.1294,0.0007,0.1125,-0.0006,0.5616,0.487,0.4693
31.0,9.5872,0.0029,0.0014,0.1294,0.0007,0.1136,0.0028,0.5616,0.487,0.4693
31.017,9.5915,0.0029,0.0014,0.1252,0.0004,0.1113,0.0011,0.5616,0.487,0.4693
31.033,9.5935,0.0029,0.0014,0.1242,-0.0017,0.1113,0.0011,0.5499,0.4599,0.4422
31.033,9.5935,0.0029,0.0014,0.1242,-0.0017,0.1045,0.0034,0.5499,0.4599,0.4422
31.033,9.5935,0.0029,0.0014,0.1242,-0.0017,0.1021,0.0014,0.5499,0.4599,0.4422
31.067,9.5956,0.0029,0.0015,0.124,-0.0005,0.1021,0.0014,0.5499,0.4599,0.4422
31.067,9.5956,0.0029,0.0015,0.124,-0.0005,0.1065,0.0007,0.5499,0.4599,0.4422
31.083,9.5997,0.0029,0.0014,0.1224,-0.0005,0.1046,-0.0008,0.5499,0.4599,0.4422
31.083,9.5997,0.0029,0.0014,0.1224,-0.0005,0.1067,-0.0026,0.5499,0.4599,0.4422
31.083,9.5997,0.0029,0.0014,0.1224,-0.0005,0.1068,-0.0022,0.5499,0.4599,0.4422
31.117,9.6017,0.003,0.0014,0.1214,0.0006,0.1076,0.0002,0.5499,0.4599,0.4422
31.133,9.6057,0.003,0.0014,0.1137,-0.0001,0.104,-0.0022,0.5409,0.4599,0.4422
31.133,9.6057,0.003,0.0014,0.1137,-0.0001,0.1053,-0.0009,0.5409,0.4599,0.4422
31.133,9.6057,0.003,0.0014,0.1137,-0.0001,0.0997,-0.0021,0.5409,0.4599,0.4422
31.167,9.6076,0.003,0.0015,0.1137,-0.0004,0.0991,-0.0032,0.5409,0.4599,0.4422
31.167,9.6076,0.003,0.0015,0.1137,-0.0004,0.0935,-0.0014,0.5409,0.4599,0.4422
31.183,9.6113,0.003,0.0015,0.1115,-0.0003,0.0935,-0.0014,0.5409,0.4599,0.4422
31.2,9.6131,0.003,0.0014,0.1042,0.0002,0.0917,-0.0005,0.5409,0.4599,0.4422
31.2,9.6131,0.003,0.0014,0.1042,0.0002,0.0896,-0.0005,0.5409,0.4599,0.4422
31.2,9.6131,0.003,0.0014,0.1042,0.0002,0.0896,-0.0005,0.5409,0.4599,0.4422
31.2,9.6131,0.003,0.0014,0.1042,0.0002,0.0877,0.0,0.5216,0.4361,0.4193
31.233,9.6148,0.003,0.0014,0.1061,-0.0005,0.0846,-0.0004,0.5216,0.4361,0.4193
31.25,9.6184,0.003,0.0015,0.1068,-0.0,0.0874,0.0018,0.5216,0.4361,0.4193
31.25,9.6184,0.003,0.0015,0.1068,-0.0,0.0919,-0.0012,0.5216,0.4361,0.4193
31.25,9.6184,0.003,0.0015,0.1068,-0.0,0.0901,0.0025,0.5216,0.4361,0.4193
31.283,9.6202,0.003,0.0014,0.1075,-0.0001,0.0883,0.0021,0.5216,0.4361,0.4193
31.283,9.6202,0.003,0.0014,0.1075,-0.0001,0.0883,0.0021,0.5216,0.4361,0.4193
31.3,9.6236,0.003,0.0014,0.0997,0.0002,0.085,0.0028,0.5216,0.4361,0.4193
31.3,9.6236,0.003,0.0014,0.0997,0.0002,0.0822,-0.0009,0.5216,0.4361,0.4193
31.3,9.6236,0.003,0.0014,0.0997,0.0002,0.0807,0.0001,0.5138,0.4361,0.4193
31.333,9.6252,0.003,0.0015,0.0948,0.0005,0.0838,-0.0001,0.5138,0.4361,0.4193
31.35,9.6283,0.003,0.0015,0.0902,0.0004,0.083,0.0014,0.5138,0.4361,0.4193
31.35,9.6283,0.003,0.0015,0.0902,0.0004,0.0811,0.0001,0.5138,0.4361,0.4193
31.367,9.6298,0.003,0.0014,0.0883,-0.0005,0.081,0.0003,0.5138,0.4361,0.4193
31.367,9.6298,0.003,0.0014,0.0883,-0.0005,0.0782,-0.0022,0.5138,0.4361,0.4193
31.367,9.6298,0.003,0.0014,0.0883,-0.0005,0.0779,0.0012,0.5138,0.4361,0.4193
31.4,9.6312,0.003,0.0015,0.0854,0.0005,0.0779,0.0012,0.5138,0.4361,0.4193
31.417,9.6342,0.003,0.0014,0.0903,-0.0002,0.0746,0.002,0.5138,0.4361,0.4193
31.417,9.6342,0.003,0.0014,0.0903,-0.0002,0.0732,-0.0057,0.5063,0.4361,0.4193
31.417,9.6342,0.003,0.0014,0.0903,-0.0002,0.0732,-0.0057,0.5063,0.4168,0.4003
31.417,9.6342,0.003,0.0014,0.0903,-0.0002,0.074,-0.0007,0.5063,0.4168,0.4003
31.45,9.6357,0.003,0.0014,0.0888,-0.0005,0.0749,-0.0002,0.5063,0.4168,0.4003
31.467,9.6385,0.003,0.0012,0.0814,-0.0004,0.0717,-0.0025,0.5063,0.4168,0.4003
31.467,9.6385,0.003,0.0012,0.0814,-0.0004,0.0711,-0.006,0.5063,0.4168,0.4003
31.467,9.6385,0.003,0.0012,0.0814,-0.0004,0.0698,-0.0034,0.5063,0.4168,0.4003
31.5,9.6399,0.003,0.0014,0.0827,0.0001,0.0698,-0.0034,0.5063,0.4168,0.4003
31.5,9.6399,0.003,0.0014,0.0827,0.0001,0.0716,0.0019,0.5063,0.4168,0.4003
31.517,9.6426,0.003,0.0014,0.0811,0.0001,0.074,-0.0009,0.5063,0.4168,0.4003
31.533,9.6439,0.003,0.0015,0.0786,-0.0005,0.074,-0.0009,0.4945,0.4168,0.4003
31.533,9.6439,0.003,0.0015,0.0786,-0.0005,0.0699,-0.0056,0.4945,0.4168,0.4003
31.533,9.6439,0.003,0.0015,0.0786,-0.0005,0.0676,-0.006,0.4945,0.4168,0.4003
31.567,9.6452,0.003,0.0014,0.0781,0.0001,0.069,0.0011,0.4945,0.4168,0.4003
31.567,9.6452,0.003,0.0014,0.0781,0.0001,0.069,0.0035,0.4945,0.4168,0.4003
31.583,9.6477,0.003,0.0014,0.0742,-0.0005,0.0665,-0.0002,0.4945,0.4168,0.4003
31.583,9.6477,0.003,0.0014,0.0742,-0.0005,0.0665,-0.0002,0.4945,0.4168,0.4003
31.583,9.6477,0.003,0.0014,0.0742,-0.0005,0.0656,0.0014,0.4945,0.4168,0.4003
31.617,9.649,0.003,0.0015,0.0748,0.0001,0.0635,0.0018,0.4945,0.4168,0.4003
31.633,9.6514,0.003,0.0015,0.0703,-0.0001,0.0635,0.0018,0.4897,0.4008,0.4
31.633,9.6514,0.003,0.0015,0.0703,-0.0001,0.0688,-0.0054,0.4897,0.4008,0.4
31.633,9.6514,0.003,0.0015,0.0703,-0.0001,0.0721,-0.0058,0.4897,0.4008,0.4
31.667,9.6526,0.003,0.0014,0.0714,-0.0002,0.0721,-0.0058,0.4897,0.4008,0.4
31.667,9.6526,0.003,0.0014,0.0714,-0.0002,0.0681,-0.0021,0.4897,0.4008,0.4
31.683,9.655,0.003,0.0014,0.074,0.0001,0.0707,0.0003,0.4897,0.4008,0.4
31.7,9.6562,0.003,0.0012,0.0701,-0.0002,0.0724,-0.0011,0.4897,0.4008,0.4
31.7,9.6562,0.003,0.0012,0.0701,-0.0002,0.0723,-0.0012,0.4897,0.4008,0.4
31.7,9.6562,0.003,0.0012,0.0701,-0.0002,0.0714,-0.0055,0.4897,0.4008,0.4
31.733,9.6574,0.003,0.0015,0.0693,-0.0006,0.0714,-0.0055,0.4835,0.4008,0.4
31.733,9.6574,0.003,0.0015,0.0693,-0.0006,0.0701,-0.0006,0.4835,0.4008,0.4
31.75,9.6596,0.003,0.0014,0.066,-0.0006,0.0674,-0.0037,0.4835,0.4008,0.4
31.75,9.6596,0.003,0.0014,0.066,-0.0006,0.0674,-0.0037,0.4835,0.4008,0.4
31.75,9.6596,0.003,0.0014,0.066,-0.0006,0.0668,0.0026,0.4835,0.4008,0.4
31.783,9.6607,0.003,0.0014,0.0641,0.0001,0.0643,0.0028,0.4835,0.4008,0.4
31.8,9.663,0.003,0.0014,0.0713,0.0007,0.0643,0.0028,0.4835,0.4008,0.4
31.8,9.663,0.003,0.0014,0.0713,0.0007,0.0637,0.0049,0.4835,0.4008,0.4
31.8,9.663,0.003,0.0014,0.0713,0.0007,0.0626,0.0046,0.4835,0.4008,0.4
31.833,9.6641,0.003,0.0015,0.0688,-0.0002,0.0626,0.0046,0.4785,0.4,0.4
31.833,9.6641,0.003,0.0015,0.0688,-0.0002,0.0651,-0.0013,0.4785,0.4,0.4
31.85,9.6665,0.003,0.0014,0.0719,-0.0001,0.0641,-0.0062,0.4785,0.4,0.4
31.867,9.6677,0.003,0.0014,0.0716,0.0013,0.0655,0.002,0.4785,0.4,0.4
31.867,9.6677,0.003,0.0014,0.0716,0.0013,0.0629,0.0007,0.4785,0.4,0.4
31.867,9.6677,0.003,0.0014,0.0716,0.0013,0.064,0.003,0.4785,0.4,0.4
31.9,9.6689,0.003,0.0015,0.0704,-0.0008,0.0647,0.0002,0.4785,0.4,0.4
31.9,9.6689,0.003,0.0015,0.0704,-0.0008,0.0641,-0.001,0.4785,0.4,0.4
31.917,9.6712,0.003,0.0014,0.0672,-0.002,0.0641,-0.001,0.4785,0.4,0.4
31.917,9.6712,0.003,0.0014,0.0672,-0.002,0.062,-0.0009,0.4728,0.4,0.4
31.917,9.6712,0.003,0.0014,0.0672,-0.002,0.0602,-0.0048,0.4728,0.4,0.4
31.95,9.6723,0.0031,0.0015,0.065,0.0009,0.0602,-0.0048,0.4728,0.4,0.4
31.967,9.6744,0.0031,0.0015,0.063,0.0008,0.0592,-0.0057,0.4728,0.4,0.4
31.967,9.6744,0.0031,0.0015,0.063,0.0008,0.0565,-0.0024,0.4728,0.4,0.4
31.967,9.6744,0.0031,0.0015,0.063,0.0008,0.064,-0.0009,0.4728,0.4,0.4
32.0,9.6755,0.0031,0.0015,0.0647,-0.0008,0.064,-0.0009,0.4728,0.4,0.4
32.0,9.6755,0.0031,0.0015,0.0647,-0.0008,0.0625,0.0009,0.4728,0.4,0.4
32.017,9.6776,0.0031,0.0014,0.0653,-0.0023,0.0597,-0.0003,0.4728,0.4,0.4
32.033,9.6787,0.0031,0.0015,0.0649,0.0017,0.0597,-0.0003,0.4662,0.4,0.4
32.033,9.6787,0.0031,0.0015,0.0649,0.0017,0.0579,-0.0039,0.4662,0.4,0.4
32.033,9.6787,0.0031,0.0015,0.0649,0.0017,0.0579,-0.0039,0.4662,0.4,0.4
32.067,9.6798,0.0031,0.0014,0.0643,-0.0012,0.0574,0.0023,0.4662,0.4,0.4
32.067,9.6798,0.0031,0.0014,0.0643,-0.0012,0.0601,0.0051,0.4662,0.4,0.4
32.083,9.6819,0.0031,0.0015,0.0607,0.0001,0.0582,0.0046,0.4662,0.4,0.4
32.083,9.6819,0.0031,0.0015,0.0607,0.0001,0.0595,0.0032,0.4662,0.4,0.4
32.083,9.6819,0.0031,0.0015,0.0607,0.0001,0.0566,0.0013,0.4662,0.4,0.4
32.117,9.6829,0.0031,0.0014,0.0603,0.001,0.0566,0.0013,0.4662,0.4,0.4
32.133,9.6849,0.0031,0.0015,0.0627,0.0001,0.0562,0.0057,0.457,0.4,0.4
32.133,9.6849,0.0031,0.0015,0.0627,0.0001,0.0553,0.0035,0.457,0.4,0.4
32.133,9.6849,0.0031,0.0015,0.0627,0.0001,0.0553,0.0035,0.457,0.4,0.4
32.167,9.6859,0.0031,0.0015,0.0626,-0.0003,0.0567,0.0022,0.457,0.4,0.4
32.167,9.6859,0.0031,0.0015,0.0626,-0.0003,0.0538,0.001,0.457,0.4,0.4
32.183,9.6879,0.0031,0.0015,0.0599,-0.0001,0.0538,0.001,0.457,0.4,0.4
32.2,9.6889,0.0031,0.0015,0.058,-0.0006,0.0535,-0.0059,0.457,0.4,0.4
32.2,9.6889,0.0031,0.0015,0.058,-0.0006,0.0558,-0.0008,0.457,0.4,0.4
32.2,9.6889,0.0031,0.0015,0.058,-0.0006,0.0567,-0.0046,0.457,0.4,0.4
32.233,9.6899,0.0031,0.0015,0.0597,-0.0007,0.0567,-0.0046,0.4505,0.4,0.4
32.233,9.6899,0.0031,0.0015,0.0597,-0.0007,0.0541,-0.0031,0.4505,0.4,0.4
32.25,9.6919,0.0031,0.0015,0.0573,0.0,0.0516,-0.0031,0.4505,0.4,0.4
32.25,9.6919,0.0031,0.0015,0.0573,0.0,0.0508,-0.0034,0.4505,0.4,0.4
32.25,9.6919,0.0031,0.0015,0.0573,0.0,0.0534,-0.0044,0.4505,0.4,0.4
32.25,9.6919,0.0031,0.0015,0.0573,0.0,0.0534,-0.0044,0.4505,0.4,0.4
32.283,9.6928,0.0031,0.0014,0.0568,-0.0004,0.0537,-0.0008,0.4505,0.4,0.4
32.3,9.6947,0.0031,0.0015,0.0554,-0.0005,0.0564,-0.0001,0.4505,0.4,0.4
32.3,9.6947,0.0031,0.0015,0.0554,-0.0005,0.0548,0.0,0.4505,0.4,0.4
32.3,9.6947,0.0031,0.0015,0.0554,-0.0005,0.0521,0.0022,0.4505,0.4,0.4
32.333,9.6956,0.0031,0.0014,0.0542,0.0,0.0559,0.0022,0.4405,0.4,0.4
32.333,9.6956,0.0031,0.0014,0.0542,0.0,0.057,0.0021,0.4405,0.4,0.4
32.35,9.6974,0.0031,0.0014,0.0554,-0.0006,0.052,-0.0026,0.4405,0.4,0.4
32.35,9.6974,0.0031,0.0014,0.0554,-0.0006,0.052,-0.0026,0.4405,0.4,0.4
32.367,9.6983,0.0031,0.0015,0.0545,0.001,0.0549,-0.0034,0.4405,0.4,0.4
32.367,9.6983,0.0031,0.0015,0.0545,0.001,0.0523,0.0006,0.4405,0.4,0.4
32.367,9.6983,0.0031,0.0015,0.0545,0.001,0.0523,0.0006,0.4405,0.4,0.4
32.4,9.6992,0.0031,0.0014,0.0522,0.0,0.0528,0.0002,0.4405,0.4,0.4
32.417,9.701,0.0031,0.0015,0.0534,0.0005,0.0472,0.003,0.4405,0.4,0.4
32.417,9.701,0.0031,0.0015,0.0534,0.0005,0.0472,0.003,0.4362,0.4,0.4
32.417,9.701,0.0031,0.0015,0.0534,0.0005,0.0449,0.0055,0.4362,0.4,0.4
32.45,9.7019,0.0031,0.0014,0.0537,-0.0003,0.0476,0.0037,0.4362,0.4,0.4
32.45,9.7019,0.0031,0.0014,0.0537,-0.0003,0.0467,0.0013,0.4362,0.4,0.4
32.467,9.7037,0.0031,0.0015,0.0553,-0.0005,0.0542,-0.0004,0.4362,0.4,0.4
32.467,9.7037,0.0031,0.0015,0.0553,-0.0005,0.0542,-0.0004,0.4362,0.4,0.4
32.467,9.7037,0.0031,0.0015,0.0553,-0.0005,0.0612,-0.0033,0.4362,0.4,0.4
32.5,9.7046,0.0031,0.0014,0.0528,0.0009,0.0586,0.0007,0.4362,0.4,0.4
32.517,9.7063,0.0031,0.0015,0.0544,0.0006,0.0586,0.0007,0.4362,0.4,0.4
32.517,9.7063,0.0031,0.0015,0.0544,0.0006,0.0558,0.0012,0.4339,0.4,0.4
32.533,9.7072,0.0031,0.0014,0.0528,-0.0006,0.0588,0.0061,0.4339,0.4,0.4
32.533,9.7072,0.0031,0.0014,0.0528,-0.0006,0.0588,0.0061,0.4339,0.4,0.4
32.533,9.7072,0.0031,0.0014,0.0528,-0.0006,0.0597,0.0052,0.4339,0.4,0.4
32.567,9.7081,0.0031,0.0015,0.0528,0.0003,0.0559,-0.0004,0.4339,0.4,0.4
32.583,9.7097,0.0031,0.0014,0.0457,-0.0008,0.0531,0.0011,0.4339,0.4,0.4
32.583,9.7097,0.0031,0.0014,0.0457,-0.0008,0.0531,0.0011,0.4339,0.4,0.4
32.583,9.7097,0.0031,0.0014,0.0457,-0.0008,0.0534,0.0019,0.4339,0.4,0.4
32.617,9.7105,0.0031,0.0014,0.0472,-0.0003,0.0519,0.001,0.4339,0.4,0.4
32.617,9.7105,0.0031,0.0014,0.0472,-0.0003,0.0519,0.001,0.4313,0.4001,0.4001
32.633,9.7123,0.0031,0.0014,0.0595,0.0006,0.0505,0.0013,0.4313,0.4001,0.4001
32.633,9.7123,0.0031,0.0014,0.0595,0.0006,0.0532,-0.0014,0.4313,0.4001,0.4001
32.633,9.7123,0.0031,0.0014,0.0595,0.0006,0.0558,0.003,0.4313,0.4001,0.4001
32.667,9.7133,0.0031,0.0015,0.0588,-0.0003,0.0546,0.0021,0.4313,0.4001,0.4001
32.683,9.7152,0.0031,0.0014,0.0584,-0.0013,0.0554,0.0065,0.4313,0.4001,0.4001
32.683,9.7152,0.0031,0.0014,0.0584,-0.0013,0.0536,0.0052,0.4313,0.4001,0.4001
32.7,9.7162,0.0031,0.0015,0.0595,-0.0004,0.0551,0.0005,0.4313,0.4001,0.4001
32.7,9.7162,0.0031,0.0015,0.0595,-0.0004,0.0551,0.0002,0.4313,0.4001,0.4001
32.7,9.7162,0.0031,0.0015,0.0595,-0.0004,0.0551,0.0002,0.4313,0.4001,0.4001
32.733,9.7172,0.0031,0.0015,0.0567,0.0003,0.0591,-0.0008,0.4182,0.4001,0.4001
32.75,9.719,0.0031,0.0015,0.0536,-0.0004,0.0582,-0.0017,0.4182,0.4001,0.4001
32.75,9.719,0.0031,0.0015,0.0536,-0.0004,0.0582,-0.0017,0.4182,0.4001,0.4001
32.75,9.719,0.0031,0.0015,0.0536,-0.0004,0.0571,-0.0029,0.4182,0.4001,0.4001
32.783,9.7199,0.0031,0.0014,0.0524,0.0,0.0543,0.001,0.4182,0.4001,0.4001
32.783,9.7199,0.0031,0.0014,0.0524,0.0,0.0563,-0.002,0.4182,0.4001,0.4001
32.783,9.7199,0.0031,0.0014,0.0524,0.0,0.0545,0.0028,0.4182,0.4001,0.4001
32.8,9.7217,0.0031,0.0015,0.0553,-0.0009,0.0545,0.0028,0.4182,0.4001,0.4001
32.8,9.7217,0.0031,0.0015,0.0553,-0.0009,0.0566,-0.0019,0.4182,0.4001,0.4001
32.8,9.7217,0.0031,0.0015,0.0553,-0.0009,0.056,-0.0034,0.4182,0.4001,0.4001
32.833,9.7226,0.0031,0.0015,0.0554,-0.0008,0.056,-0.0034,0.4219,1.5,1.5
32.833,9.7226,0.0031,0.0015,0.0554,-0.0008,0.0555,-0.0003,0.4219,1.5,1.5
32.85,9.7244,0.0031,0.0014,0.0548,-0.0002,0.0777,-0.0,0.4219,1.5,1.5
32.867,9.7254,0.0031,0.0014,0.0583,-0.0005,0.1003,-0.0055,0.4219,1.5,1.5
32.867,9.7254,0.0031,0.0014,0.0583,-0.0005,0.1142,-0.0009,0.4219,1.5,1.5
32.867,9.7254,0.0031,0.0014,0.0583,-0.0005,0.1201,-0.004,0.4219,1.5,1.5
32.9,9.7263,0.0031,0.0014,0.0583,0.0005,0.1289,-0.0012,0.4219,1.5,1.5
32.9,9.7263,0.0031,0.0014,0.0583,0.0005,0.1336,0.0078,0.4219,1.5,1.5
32.917,9.7282,0.0031,0.0014,0.0561,0.0007,0.1336,0.0078,0.4219,1.5,1.5
32.917,9.7282,0.0031,0.0014,0.0561,0.0007,0.1326,0.0026,0.4153,1.5,1.5
32.917,9.7282,0.0031,0.0014,0.0561,0.0007,0.1356,-0.0028,0.4153,1.5,1.5
32.95,9.7291,0.0031,0.0014,0.0549,-0.0011,0.1356,-0.0028,0.4153,1.5,1.5
32.967,9.731,0.0031,0.0014,0.0561,-0.0001,0.1328,-0.0035,0.4153,1.5,1.5
32.967,9.731,0.0031,0.0014,0.0561,-0.0001,0.1347,-0.0002,0.4153,1.5,1.5
32.967,9.731,0.0031,0.0014,0.0561,-0.0001,0.1335,-0.0022,0.4153,1.5,1.5
33.0,9.7319,0.0031,0.0014,0.0556,0.0003,0.1361,-0.0007,0.4153,1.5,1.5
33.0,9.7319,0.0031,0.0014,0.0556,0.0003,0.1352,-0.0003,0.4153,1.5,1.5
33.017,9.7345,0.0031,0.0014,0.0947,0.0012,0.1354,-0.0015,0.4153,1.5,1.5
33.017,9.7345,0.0031,0.0014,0.0947,0.0012,0.1477,0.0008,0.4066,1.5,1.5
33.033,9.7363,0.0031,0.0014,0.1218,-0.0011,0.1618,-0.0001,0.4066,1.5,1.5
33.033,9.7363,0.0031,0.0014,0.1218,-0.0011,0.1721,-0.0034,0.4066,1.5,1.5
33.033,9.7363,0.0031,0.0014,0.1218,-0.0011,0.18,-0.0042,0.4066,1.5,1.5
33.067,9.7385,0.0031,0.0017,0.1312,-0.0008,0.1849,-0.0035,0.4066,1.5,1.5
33.083,9.7429,0.0032,0.0015,0.135,0.0008,0.1908,-0.0,0.4066,1.5,1.5
33.083,9.7429,0.0032,0.0015,0.135,0.0008,0.194,0.0042,0.4066,1.5,1.5
33.083,9.7429,0.0032,0.0015,0.135,0.0008,0.1968,0.0013,0.4066,1.5,1.5
33.117,9.7452,0.0032,0.0015,0.1355,0.0003,0.2009,-0.0007,0.4066,1.5,1.5
33.117,9.7452,0.0032,0.0015,0.1355,0.0003,0.1984,-0.0025,0.402,1.5,1.5
33.133,9.7497,0.0032,0.0017,0.1357,-0.0002,0.2004,0.0011,0.402,1.5,1.5
33.133,9.7497,0.0032,0.0017,0.1357,-0.0002,0.2001,0.0045,0.402,1.5,1.5
33.133,9.7497,0.0032,0.0017,0.1357,-0.0002,0.2031,0.0075,0.402,1.5,1.5
33.167,9.7519,0.0032,0.0014,0.1355,0.0005,0.1986,0.0069,0.402,1.5,1.5
33.183,9.7568,0.0032,0.0015,0.1584,0.0003,0.1998,0.0057,0.402,1.5,1.5
33.183,9.7568,0.0032,0.0015,0.1584,0.0003,0.2054,0.0036,0.402,1.5,1.5
33.2,9.7596,0.0032,0.0014,0.1754,0.0001,0.2186,0.0026,0.402,1.5,1.5
33.2,9.7596,0.0032,0.0014,0.1754,0.0001,0.2246,0.0009,0.402,1.5,1.5
33.233,9.7626,0.0032,0.0015,0.1829,0.0006,0.23,-0.0011,0.4008,1.5,1.5
33.233,9.7626,0.0032,0.0015,0.1829,0.0006,0.2324,0.0004,0.4008,1.5,1.5
33.25,9.769,0.0032,0.0014,0.1957,0.0008,0.2359,0.0002,0.4008,1.5,1.5
33.25,9.769,0.0032,0.0014,0.1957,0.0008,0.2427,0.0019,0.4008,1.5,1.5
33.25,9.769,0.0032,0.0014,0.1957,0.0008,0.246,-0.0035,0.4008,1.5,1.5
33.283,9.7723,0.0032,0.0017,0.1998,-0.0003,0.249,-0.0041,0.4008,1.5,1.5
33.283,9.7723,0.0032,0.0017,0.1998,-0.0003,0.2505,-0.0027,0.4008,1.5,1.5
33.3,9.779,0.0032,0.0014,0.2024,-0.0011,0.2561,0.0014,0.4008,1.5,1.5
33.3,9.779,0.0032,0.0014,0.2024,-0.0011,0.259,0.0019,0.4008,1.5,1.5
33.3,9.779,0.0032,0.0014,0.2024,-0.0011,0.2596,-0.0028,0.4019,1.5,1.5
33.333,9.7824,0.0032,0.0014,0.2003,-0.0003,0.2582,0.0012,0.4019,1.5,1.5
33.35,9.7893,0.0032,0.0015,0.2156,-0.0002,0.2547,-0.0006,0.4019,1.5,1.5
33.35,9.7893,0.0032,0.0015,0.2156,-0.0002,0.2612,-0.0,0.4019,1.5,1.5
33.367,9.793,0.0032,0.0015,0.227,0.0007,0.2689,0.002,0.4019,1.5,1.5
33.367,9.793,0.0032,0.0015,0.227,0.0007,0.2742,0.0031,0.4019,1.5,1.5
33.367,9.793,0.0032,0.0015,0.227,0.0007,0.2757,0.0017,0.4019,1.5,1.5
33.4,9.7968,0.0032,0.0015,0.2312,-0.0,0.2811,-0.0001,0.4019,1.5,1.5
33.417,9.8048,0.0032,0.0017,0.2447,0.0014,0.2809,0.0033,0.4019,1.5,1.5
33.417,9.8048,0.0032,0.0017,0.2447,0.0014,0.2883,0.0038,0.402,1.5,1.5
33.417,9.8048,0.0032,0.0017,0.2447,0.0014,0.2915,0.0022,0.402,1.5,1.5
33.45,9.8089,0.0032,0.0017,0.2481,0.0007,0.2915,0.0027,0.402,1.5,1.5
33.45,9.8089,0.0032,0.0017,0.2481,0.0007,0.2951,0.0041,0.402,1.5,1.5
33.467,9.8175,0.0033,0.0015,0.259,0.0017,0.2998,0.0017,0.402,1.5,1.5
33.467,9.8175,0.0033,0.0015,0.259,0.0017,0.2998,0.0017,0.402,1.5,1.5
33.467,9.8175,0.0033,0.0015,0.259,0.0017,0.3027,-0.001,0.402,1.5,1.5
33.5,9.8218,0.0033,0.0015,0.2556,0.0004,0.3013,-0.0003,0.402,1.5,1.5
33.517,9.8305,0.0033,0.0015,0.267,-0.0004,0.2993,-0.0007,0.402,1.5,1.5
33.517,9.8305,0.0033,0.0015,0.267,-0.0004,0.302,0.0007,0.4038,1.5,1.5
33.533,9.835,0.0033,0.0014,0.2739,0.0002,0.3081,0.0006,0.4038,1.5,1.5
33.533,9.835,0.0033,0.0014,0.2739,0.0002,0.3131,-0.0014,0.4038,1.5,1.5
33.533,9.835,0.0033,0.0014,0.2739,0.0002,0.3167,0.001,0.4038,1.5,1.5
33.567,9.8396,0.0033,0.0017,0.2796,0.0008,0.3205,0.0021,0.4038,1.5,1.5
33.583,9.8492,0.0033,0.0018,0.2905,0.0005,0.3201,0.001,0.4038,1.5,1.5
33.583,9.8492,0.0033,0.0018,0.2905,0.0005,0.3201,0.001,0.4038,1.5,1.5
33.583,9.8492,0.0033,0.0018,0.2905,0.0005,0.3269,0.0015,0.4038,1.5,1.5
33.617,9.854,0.0033,0.0015,0.2914,0.0002,0.3295,0.006,0.4038,1.5,1.5
33.617,9.854,0.0033,0.0015,0.2914,0.0002,0.3327,0.004,0.4014,1.5,1.5
33.633,9.864,0.0033,0.0015,0.3018,0.0013,0.3383,0.0032,0.4014,1.5,1.5
33.633,9.864,0.0033,0.0015,0.3018,0.0013,0.3387,-0.0014,0.4014,1.5,1.5
33.633,9.864,0.0033,0.0015,0.3018,0.0013,0.3387,0.0005,0.4014,1.5,1.5
33.667,9.869,0.0033,0.0017,0.2999,0.0011,0.3387,0.0005,0.4014,1.5,1.5
33.683,9.8791,0.0033,0.0018,0.3069,0.0006,0.3416,0.0019,0.4014,1.5,1.5
33.683,9.8791,0.0033,0.0018,0.3069,0.0006,0.3419,0.0005,0.4014,1.5,1.5
33.7,9.8843,0.0034,0.0018,0.3148,0.0006,0.3419,0.0005,0.4014,1.5,1.5
33.7,9.8843,0.0034,0.0018,0.3148,0.0006,0.3487,0.0023,0.4014,1.5,1.5
33.7,9.8843,0.0034,0.0018,0.3148,0.0006,0.3517,0.0034,0.4014,1.5,1.5
33.733,9.8896,0.0034,0.0018,0.3195,0.0005,0.3517,0.0034,inf,1.5,1.5
33.75,9.9003,0.0034,0.002,0.3256,0.0004,0.357,0.0049,inf,1.5,1.5
33.75,9.9003,0.0034,0.002,0.3256,0.0004,0.3582,0.0059,inf,1.5,1.5
33.75,9.9003,0.0034,0.002,0.3256,0.0004,0.3592,0.0035,inf,1.5,1.5
33.75,9.9003,0.0034,0.002,0.3256,0.0004,0.3571,0.001,inf,1.5,1.5
33.75,9.9003,0.0034,0.002,0.3256,0.0004,0.3604,0.0019,inf,1.5,1.5
33.783,9.9058,0.0034,0.0018,0.3289,0.0001,0.3633,0.0049,inf,1.5,1.5
33.8,9.917,0.0034,0.002,0.3386,0.0011,0.3656,0.0043,inf,1.5,1.5
33.8,9.917,0.0034,0.002,0.3386,0.0011,0.3697,0.0037,inf,1.5,1.5
33.8,9.917,0.0034,0.002,0.3386,0.0011,0.3724,0.0027,inf,1.5,1.5
33.833,9.9227,0.0034,0.0018,0.3415,0.0013,0.3724,0.0027,inf,1.5,1.5
33.833,9.9227,0.0034,0.0018,0.3415,0.0013,0.3732,0.0056,inf,1.5,1.5
33.85,9.9341,0.0034,0.002,0.3476,0.001,0.3732,0.0056,inf,1.5,1.5
33.867,9.94,0.0034,0.002,0.3553,0.0008,0.3785,0.0008,inf,1.5,1.5
33.867,9.94,0.0034,0.002,0.3553,0.0008,0.3819,0.0006,inf,1.5,1.5
33.867,9.94,0.0034,0.002,0.3553,0.0008,0.384,-0.0013,inf,1.5,1.5
33.9,9.9459,0.0034,0.0021,0.358,0.0005,0.3857,-0.0002,inf,1.5,1.5
33.9,9.9459,0.0034,0.0021,0.358,0.0005,0.3852,0.0033,inf,1.5,1.5
33.917,9.9579,0.0034,0.0023,0.3602,0.0017,0.3856,0.0017,inf,1.5,1.5
33.917,9.9579,0.0034,0.0023,0.3602,0.0017,0.3879,0.0018,inf,1.5,1.5
33.917,9.9579,0.0034,0.0023,0.3602,0.0017,0.3932,-0.0007,inf,1.5,1.5
33.95,9.9639,0.0034,0.0022,0.3631,0.0012,0.3932,-0.0007,inf,1.5,1.5
33.967,9.9762,0.0034,0.0023,0.372,0.0013,0.3973,0.0028,inf,1.5,1.5
33.967,9.9762,0.0034,0.0023,0.372,0.0013,0.3987,0.0012,inf,1.5,1.5
33.967,9.9762,0.0034,0.0023,0.372,0.0013,0.4036,0.0043,inf,1.5,1.5
34.0,9.9824,0.0035,0.0024,0.3734,0.0017,0.403,0.0044,inf,1.5,1.5
34.0,9.9824,0.0035,0.0024,0.3734,0.0017,0.4047,0.0033,inf,1.5,1.5
34.017,9.9949,0.0035,0.0025,0.3778,0.0037,0.4047,0.0033,inf,1.5,1.5
34.033,10.0013,0.0035,0.0025,0.3844,0.003,0.4057,0.0014,inf,1.5,1.5
34.033,10.0013,0.0035,0.0025,0.3844,0.003,0.4085,0.0004,inf,1.5,1.5
34.033,10.0013,0.0035,0.0025,0.3844,0.003,0.4108,-0.0006,inf,1.5,1.5
34.067,10.0077,0.0035,0.0025,0.3855,0.0018,0.4124,0.0004,inf,1.5,1.5
34.067,10.0077,0.0035,0.0025,0.3855,0.0018,0.4167,0.0024,inf,1.5,1.5
34.083,10.02,0.0035,0.0024,0.0,0.0179,0.4167,0.0024,inf,1.5,1.5
34.083,10.02,0.0035,0.0024,0.0,0.0179,0.3167,0.0086,inf,1.5,1.5
34.083,10.02,0.0035,0.0024,0.0,0.0179,0.2167,0.0123,inf,1.5,1.5
34.117,10.02,0.0036,0.0022,0.0016,-0.0184,0.1167,0.0166,inf,1.5,1.5
34.133,10.02,0.0037,0.002,0.0002,-0.0141,0.095,0.002,inf,1.5,1.5
34.133,10.02,0.0037,0.002,0.0002,-0.0141,0.09,-0.0083,inf,1.5,1.5
34.133,10.02,0.0037,0.002,0.0002,-0.0141,0.09,-0.0083,inf,1.5,1.5
34.167,10.02,0.0037,0.0021,-0.0002,0.0159,0.0896,-0.0134,inf,1.5,1.5
34.167,10.02,0.0037,0.0021,-0.0002,0.0159,0.0855,0.0018,inf,1.5,1.5
34.183,10.02,0.0038,0.0017,0.0007,-0.0175,0.085,0.0073,inf,1.5,1.5
34.183,10.02,0.0038,0.0017,0.0007,-0.0175,0.0876,-0.0048,inf,1.5,1.5
34.2,10.02,0.0039,0.001,0.0005,-0.0055,0.0903,-0.0048,inf,1.5,1.5
34.2,10.02,0.0039,0.001,0.0005,-0.0055,0.0878,-0.0063,inf,1.5,1.5
34.233,10.02,0.0039,0.0012,0.0003,0.0019,0.0896,-0.0042,inf,1.5,1.5
34.233,10.02,0.0039,0.0012,0.0003,0.0019,0.0908,0.004,inf,1.5,1.5
34.25,10.02,0.0039,0.001,0.0039,0.0034,0.0908,0.004,inf,1.5,1.5
34.25,10.02,0.0039,0.001,0.0039,0.0034,0.0887,0.0018,inf,1.5,1.5
34.25,10.02,0.0039,0.001,0.0039,0.0034,0.0869,0.006,inf,1.5,1.5
34.283,10.02,0.004,0.0,-0.0004,-0.0414,0.0874,0.0059,inf,1.5,1.5
34.283,10.02,0.004,0.0,-0.0004,-0.0414,0.0873,-0.014,inf,1.5,1.5
34.3,10.02,0.0042,-0.0,0.0026,-0.0861,0.0874,-0.051,inf,1.5,1.5
34.3,10.02,0.0042,-0.0,0.0026,-0.0861,0.09,-0.0693,inf,1.5,1.5
34.3,10.02,0.0042,-0.0,0.0026,-0.0861,0.0921,-0.076,inf,1.5,1.5
34.333,10.02,0.0042,0.0,-0.0033,-0.0652,0.0885,-0.0624,inf,1.5,1.5
34.35,10.02,0.0042,0.0,0.0001,-0.0023,0.0869,-0.0622,inf,1.5,1.5
34.35,10.02,0.0042,0.0,0.0001,-0.0023,0.0879,-0.0243,inf,1.5,1.5
34.367,10.02,0.0043,0.0,0.0005,-0.0058,0.0854,-0.0097,inf,1.5,1.5
34.367,10.02,0.0043,0.0,0.0005,-0.0058,0.0865,-0.0016,inf,1.5,1.5
34.367,10.02,0.0043,0.0,0.0005,-0.0058,0.0872,0.001,inf,1.5,1.5
34.4,10.02,0.0042,-0.0,-0.0,0.0081,0.0916,0.0013,inf,1.5,1.5
34.417,10.02,0.0043,-0.0007,0.0005,-0.0201,0.0902,0.0051,inf,1.5,1.5
34.417,10.02,0.0043,-0.0007,0.0005,-0.0201,0.0881,-0.0035,inf,1.5,1.5
34.417,10.02,0.0043,-0.0007,0.0005,-0.0201,0.0854,-0.0063,inf,1.5,1.5
34.45,10.02,0.0043,-0.0007,0.0003,0.0015,0.083,-0.0146,inf,1.5,1.5
34.45,10.02,0.0043,-0.0007,0.0003,0.0015,0.0852,-0.0018,inf,1.5,1.5
34.467,10.02,0.0043,0.0,0.0,0.0154,0.0844,-0.0016,inf,1.5,1.5
34.467,10.02,0.0043,0.0,0.0,0.0154,0.0891,0.0083,inf,1.5,1.5
34.467,10.02,0.0043,0.0,0.0,0.0154,0.0889,0.0125,inf,1.5,1.5
34.5,10.02,0.0043,-0.0,-0.0002,-0.0096,0.0878,0.018,inf,1.5,1.5
34.5,10.02,0.0043,-0.0,-0.0002,-0.0096,0.0858,0.0042,inf,1.5,1.5
34.517,10.02,0.0043,-0.0,0.0,0.0027,0.0917,0.0033,inf,1.5,1.5
34.533,10.02,0.0043,-0.0007,0.0001,0.0039,0.089,0.0041,inf,1.5,1.5
34.533,10.02,0.0043,-0.0007,0.0001,0.0039,0.0895,0.0015,inf,1.5,1.5
34.533,10.02,0.0043,-0.0007,0.0001,0.0039,0.0879,0.0061,inf,1.5,1.5
34.567,10.02,0.0043,-0.0,0.0,-0.0022,0.0865,0.0062,inf,1.5,1.5
34.567,10.02,0.0043,-0.0,0.0,-0.0022,0.0846,0.0044,inf,1.5,1.5
34.583,10.02,0.0043,0.0,0.0002,-0.0037,0.0874,0.0004,inf,1.5,1.5
34.583,10.02,0.0043,0.0,0.0002,-0.0037,0.0888,-0.0062,inf,1.5,1.5
34.583,10.02,0.0043,0.0,0.0002,-0.0037,0.089,-0.0071,inf,1.5,1.5
34.617,10.02,0.0043,-0.0,0.0001,0.0027,0.0901,-0.0021,inf,1.5,1.5
34.633,10.02,0.0043,0.0,0.0,0.0056,0.0901,-0.0021,inf,1.5,1.5
34.633,10.02,0.0043,0.0,0.0,0.0056,0.0857,0.0019,inf,1.5,1.5
34.633,10.02,0.0043,0.0,0.0,0.0056,0.0866,0.0029,inf,1.5,1.5
34.667,10.02,0.0043,-0.0007,-0.0001,-0.0004,0.0888,0.0037,inf,1.5,1.5
34.667,10.02,0.0043,-0.0007,-0.0001,-0.0004,0.0874,-0.0012,inf,1.5,1.5
34.683,10.02,0.0043,-0.001,0.0,0.004,0.0891,0.0051,inf,1.5,1.5
34.7,10.02,0.0043,-0.0007,0.0003,-0.0055,0.0893,0.0057,inf,1.5,1.5
34.7,10.02,0.0043,-0.0007,0.0003,-0.0055,0.0902,-0.0042,inf,1.5,1.5
34.7,10.02,0.0043,-0.0007,0.0003,-0.0055,0.0911,-0.0033,inf,1.5,1.5
34.733,10.02,0.0043,-0.001,0.0003,-0.0175,0.0911,-0.0033,inf,1.5,1.5
34.75,10.02,0.0043,-0.0012,-0.0,-0.0022,0.0874,-0.0147,inf,1.5,1.5
34.75,10.02,0.0043,-0.0012,-0.0,-0.0022,0.0869,-0.0071,inf,1.5,1.5
34.75,10.02,0.0043,-0.0012,-0.0,-0.0022,0.0869,-0.0071,inf,1.5,1.5
34.783,10.02,0.0043,-0.001,0.0001,-0.0021,0.0858,-0.0016,inf,1.5,1.5
34.783,10.02,0.0043,-0.001,0.0001,-0.0021,0.0883,-0.0024,inf,1.5,1.5
34.8,10.02,0.0044,-0.001,0.0008,-0.008,0.0883,-0.0024,inf,1.5,1.5
34.8,10.02,0.0044,-0.001,0.0008,-0.008,0.0864,-0.0077,inf,1.5,1.5
34.8,10.02,0.0044,-0.001,0.0008,-0.008,0.0882,-0.0104,inf,1.5,1.5
34.833,10.02,0.0043,-0.0007,0.0,-0.0011,0.0884,-0.0105,inf,1.5,1.5
34.85,10.02,0.0044,-0.001,0.001,-0.0393,0.0893,-0.0061,inf,1.5,1.5
34.85,10.02,0.0044,-0.001,0.001,-0.0393,0.0892,-0.0223,inf,1.5,1.5
34.867,10.02,0.0044,-0.0012,-0.0003,-0.0184,0.0892,-0.0223,inf,1.5,1.5
34.867,10.02,0.0044,-0.0012,-0.0003,-0.0184,0.087,-0.0222,inf,1.5,1.5
34.867,10.02,0.0044,-0.0012,-0.0003,-0.0184,0.0888,-0.0148,inf,1.5,1.5
34.9,10.02,0.0044,-0.0012,-0.0011,0.0111,0.0888,-0.0148,inf,1.5,1.5
34.9,10.02,0.0044,-0.0012,-0.0011,0.0111,0.0873,-0.0039,inf,1.5,1.5
34.917,10.02,0.0044,-0.0012,0.0002,-0.0233,0.0869,-0.0092,inf,1.5,1.5
34.917,10.02,0.0044,-0.0012,0.0002,-0.0233,0.0873,-0.0124,inf,1.5,1.5
34.917,10.02,0.0044,-0.0012,0.0002,-0.0233,0.0841,-0.0171,inf,1.5,1.5
34.95,10.02,0.0044,-0.0012,0.0001,0.0023,0.0855,-0.0073,inf,1.5,1.5
34.967,10.02,0.0044,-0.0012,0.0,-0.0033,0.0861,-0.0013,inf,1.5,1.5
34.967,10.02,0.0044,-0.0012,0.0,-0.0033,0.0874,-0.0029,inf,1.5,1.5
34.967,10.02,0.0044,-0.0012,0.0,-0.0033,0.0815,-0.0009,inf,1.5,1.5
35.0,10.02,0.0044,-0.0014,0.0,-0.0022,0.0824,-0.0013,inf,1.5,1.5
35.0,10.02,0.0044,-0.0014,0.0,-0.0022,0.084,0.0022,inf,1.5,1.5
35.017,10.02,0.0044,-0.0012,0.0001,0.0059,0.0839,0.0042,inf,1.5,1.5
35.033,10.02,0.0044,-0.0012,0.0008,-0.0019,0.0839,0.0042,inf,1.5,1.5
35.033,10.02,0.0044,-0.0012,0.0008,-0.0019,0.0847,0.0015,inf,1.5,1.5
35.033,10.02,0.0044,-0.0012,0.0008,-0.0019,0.0843,-0.0009,inf,1.5,1.5
35.067,10.02,0.0044,-0.0014,0.0003,-0.0107,0.0846,-0.0007,inf,1.5,1.5
35.067,10.02,0.0044,-0.0014,0.0003,-0.0107,0.0841,-0.0086,inf,1.5,1.5
35.083,10.02,0.0044,-0.0014,0.0005,0.0034,0.0862,0.0029,inf,1.5,1.5
35.083,10.02,0.0044,-0.0014,0.0005,0.0034,0.0859,0.0019,inf,1.5,1.5
35.083,10.02,0.0044,-0.0014,0.0005,0.0034,0.0862,0.0028,inf,1.5,1.5
35.117,10.02,0.0044,-0.0014,0.0002,-0.0263,0.0862,0.0028,inf,1.5,1.5
35.133,10.02,0.0045,-0.0015,-0.0002,0.003,0.0826,-0.0204,inf,1.5,1.5
35.133,10.02,0.0045,-0.0015,-0.0002,0.003,0.0831,-0.0053,inf,1.5,1.5
35.133,10.02,0.0045,-0.0015,-0.0002,0.003,0.0885,-0.0014,inf,1.5,1.5
35.167,10.02,0.0044,-0.0015,0.0003,-0.0118,0.0856,0.0001,inf,1.5,1.5
35.167,10.02,0.0044,-0.0015,0.0003,-0.0118,0.0891,-0.0035,inf,1.5,1.5
35.183,10.02,0.0045,-0.0017,0.0007,0.0058,0.0891,-0.0035,inf,1.5,1.5
35.2,10.02,0.0045,-0.0014,-0.0,0.0129,0.0898,0.0025,inf,1.5,1.5
35.2,10.02,0.0045,-0.0014,-0.0,0.0129,0.09,0.014,inf,1.5,1.5
35.2,10.02,0.0045,-0.0014,-0.0,0.0129,0.09,0.014,inf,1.5,1.5
35.233,10.02,0.0044,-0.0015,0.0,-0.0016,0.0878,0.0135,inf,1.5,1.5
35.233,10.02,0.0044,-0.0015,0.0,-0.0016,0.0868,0.0044,inf,1.5,1.5
35.25,10.02,0.0045,-0.0015,0.0001,0.005,0.0856,0.0007,inf,1.5,1.5
35.25,10.02,0.0045,-0.0015,0.0001,0.005,0.0848,0.0029,inf,1.5,1.5
35.25,10.02,0.0045,-0.0015,0.0001,0.005,0.0834,0.0028,inf,1.5,1.5
35.283,10.02,0.0045,-0.0017,0.0002,0.0032,0.0887,0.0015,inf,1.5,1.5
35.283,10.02,0.0045,-0.0017,0.0002,0.0032,0.0848,-0.0014,inf,1.5,1.5
35.3,10.02,0.0045,-0.0015,0.0002,0.0008,0.0874,0.0018,inf,1.5,1.5
35.3,10.02,0.0045,-0.0015,0.0002,0.0008,0.0876,-0.0003,inf,1.5,1.5
35.3,10.02,0.0045,-0.0015,0.0002,0.0008,0.0888,0.0001,inf,1.5,1.5
35.333,10.02,0.0045,-0.0015,0.0002,0.0012,0.089,-0.0043,inf,1.5,1.5
35.35,10.02,0.0045,-0.0015,0.0002,0.0048,0.0917,-0.0014,inf,1.5,1.5
35.35,10.02,0.0045,-0.0015,0.0002,0.0048,0.0937,0.002,inf,1.5,1.5
35.367,10.02,0.0045,-0.0015,0.0001,0.0025,0.0899,0.0007,inf,1.5,1.5
35.367,10.02,0.0045,-0.0015,0.0001,0.0025,0.0885,0.001,inf,1.5,1.5
35.4,10.02,0.0045,-0.0015,0.0002,0.0038,0.0896,0.0038,inf,1.5,1.5
35.4,10.02,0.0045,-0.0015,0.0002,0.0038,0.0893,0.0019,inf,1.5,1.5
35.417,10.02,0.0045,-0.0015,0.0001,0.0044,0.0893,0.0019,inf,1.5,1.5
35.417,10.02,0.0045,-0.0015,0.0001,0.0044,0.0914,0.0017,inf,1.5,1.5
35.417,10.02,0.0045,-0.0015,0.0001,0.0044,0.0875,0.0025,inf,1.5,1.5
35.45,10.02,0.0045,-0.0015,0.0001,-0.0031,0.0881,0.0086,inf,1.5,1.5
35.45,10.02,0.0045,-0.0015,0.0001,-0.0031,0.0897,0.0047,inf,1.5,1.5
35.467,10.02,0.0045,-0.0014,0.0002,0.0021,0.0897,0.0103,inf,1.5,1.5
35.467,10.02,0.0045,-0.0014,0.0002,0.0021,0.0878,0.0096,inf,1.5,1.5
35.5,10.02,0.0045,-0.0017,0.0001,-0.0,0.0846,0.007,inf,1.5,1.5
35.5,10.02,0.0045,-0.0017,0.0001,-0.0,0.0873,0.0047,inf,1.5,1.5
35.517,10.02,0.0045,-0.0015,0.0,0.0012,0.0845,0.0019,inf,1.5,1.5
35.517,10.02,0.0045,-0.0015,0.0,0.0012,0.0835,0.0038,inf,1.5,1.5
35.533,10.02,0.0045,-0.0015,0.0,0.0054,0.085,0.0072,inf,1.5,1.5
35.533,10.02,0.0045,-0.0015,0.0,0.0054,0.0849,0.0049,inf,1.5,1.5
35.533,10.02,0.0045,-0.0015,0.0,0.0054,0.0856,0.0023,inf,1.5,1.5
35.567,10.02,0.0045,-0.0015,0.0001,-0.0067,0.0857,-0.0022,inf,1.5,1.5
35.583,10.02,0.0045,-0.0015,0.0,0.0045,0.0901,-0.004,inf,1.5,1.5
35.583,10.02,0.0045,-0.0015,0.0,0.0045,0.0923,0.0018,inf,1.5,1.5
35.583,10.02,0.0045,-0.0015,0.0,0.0045,0.0893,0.0055,inf,1.5,1.5
35.617,10.02,0.0044,-0.0014,0.0001,0.0047,0.0911,0.007,inf,1.5,1.5
35.617,10.02,0.0044,-0.0014,0.0001,0.0047,0.0882,0.0051,inf,1.5,1.5
35.633,10.02,0.0045,-0.0014,0.0002,0.0017,0.0863,0.005,inf,1.5,1.5
35.633,10.02,0.0045,-0.0014,0.0002,0.0017,0.0859,0.0084,inf,1.5,1.5
35.633,10.02,0.0045,-0.0014,0.0002,0.0017,0.0893,0.0034,inf,1.5,1.5
35.667,10.02,0.0045,-0.0017,0.0002,-0.0009,0.0888,0.0004,inf,1.5,1.5
35.683,10.02,0.0045,-0.0015,-0.0,0.0025,0.0899,0.001,inf,1.5,1.5
35.683,10.02,0.0045,-0.0015,-0.0,0.0025,0.0877,0.0047,inf,1.5,1.5
35.7,10.02,0.0045,-0.0017,0.0001,0.0,0.084,0.0004,inf,1.5,1.5
35.7,10.02,0.0045,-0.0017,0.0001,0.0,0.0863,0.0026,inf,1.5,1.5
35.7,10.02,0.0045,-0.0017,0.0001,0.0,0.0849,0.004,inf,1.5,1.5
35.733,10.02,0.0045,-0.0015,-0.0,0.0016,0.0858,-0.0006,inf,1.5,1.5
35.75,10.02,0.0044,-0.0015,0.0004,0.0113,0.087,0.0048,inf,1.5,1.5
35.75,10.02,0.0044,-0.0015,0.0004,0.0113,0.0861,0.0116,inf,1.5,1.5
35.75,10.02,0.0044,-0.0015,0.0004,0.0113,0.0861,0.0116,inf,1.5,1.5
35.783,10.02,0.0044,-0.0014,0.0006,0.0084,0.0834,0.0115,inf,1.5,1.5
35.783,10.02,0.0044,-0.0014,0.0006,0.0084,0.0838,0.0084,inf,1.5,1.5
35.8,10.02,0.0044,-0.0015,0.0002,-0.0061,0.0826,0.0023,inf,1.5,1.5
35.8,10.02,0.0044,-0.0015,0.0002,-0.0061,0.084,-0.0002,inf,1.5,1.5
35.8,10.02,0.0044,-0.0015,0.0002,-0.0061,0.0848,-0.0012,inf,1.5,1.5
35.833,10.02,0.0044,-0.0014,0.0002,-0.0008,0.0856,-0.0022,inf,1.5,1.5
35.833,10.02,0.0044,-0.0014,0.0002,-0.0008,0.0875,0.0018,inf,1.5,1.5
35.85,10.02,0.0044,-0.0014,0.0003,0.0114,0.0866,0.0045,inf,1.5,1.5
35.867,10.02,0.0044,-0.0015,0.0002,-0.0027,0.0866,0.0045,inf,1.5,1.5
35.867,10.02,0.0044,-0.0015,0.0002,-0.0027,0.0885,0.0013,inf,1.5,1.5
35.867,10.02,0.0044,-0.0015,0.0002,-0.0027,0.0898,0.0001,inf,1.5,1.5
35.9,10.02,0.0044,-0.0014,-0.0,-0.0062,0.0913,0.002,inf,1.5,1.5
35.9,10.02,0.0044,-0.0014,-0.0,-0.0062,0.0894,-0.0014,inf,1.5,1.5
35.917,10.02,0.0044,-0.0014,0.0002,0.001,0.0903,0.0023,inf,1.5,1.5
35.917,10.02,0.0044,-0.0014,0.0002,0.001,0.0872,-0.0005,inf,1.5,1.5
35.917,10.02,0.0044,-0.0014,0.0002,0.001,0.0878,0.0032,inf,1.5,1.5
35.95,10.02,0.0044,-0.0012,0.0002,0.006,0.0868,0.0045,inf,1.5,1.5
35.967,10.02,0.0045,-0.0014,0.0001,-0.0062,0.0891,0.0074,inf,1.5,1.5
35.967,10.02,0.0045,-0.0014,0.0001,-0.0062,0.0883,0.0045,inf,1.5,1.5
35.967,10.02,0.0045,-0.0014,0.0001,-0.0062,0.0896,0.0015,inf,1.5,1.5
36.0,10.02,0.0044,-0.0014,0.0,0.0069,0.0904,-0.0048,inf,1.5,1.5
36.0,10.02,0.0044,-0.0014,0.0,0.0069,0.0893,0.0043,inf,1.5,1.5
36.017,10.02,0.0045,-0.0015,0.0002,0.0004,0.0894,0.0031,inf,1.5,1.5
36.033,10.02,0.0045,-0.0015,0.0003,0.0007,0.0894,0.0031,inf,1.5,1.5
36.033,10.02,0.0045,-0.0015,0.0003,0.0007,0.0893,0.0046,inf,1.5,1.5
36.033,10.02,0.0045,-0.0015,0.0003,0.0007,0.0887,0.0026,inf,1.5,1.5
36.033,10.02,0.0045,-0.0015,0.0003,0.0007,0.0875,0.0049,inf,1.5,1.5
36.067,10.02,0.0044,-0.0012,0.0002,0.0108,0.0891,0.0061,inf,1.5,1.5
36.083,10.02,0.0044,-0.0012,0.0,-0.0011,0.088,0.0109,inf,1.5,1.5
36.083,10.02,0.0044,-0.0012,0.0,-0.0011,0.0884,0.0048,inf,1.5,1.5
36.083,10.02,0.0044,-0.0012,0.0,-0.0011,0.0888,0.004,inf,1.5,1.5
36.117,10.02,0.0044,-0.0012,-0.0001,-0.0008,0.0878,0.002,inf,1.5,1.5
36.117,10.02,0.0044,-0.0012,-0.0001,-0.0008,0.0873,0.0012,inf,1.5,1.5
36.133,10.02,0.0044,-0.0012,0.0003,-0.0027,0.0866,0.0012,inf,1.5,1.5
36.133,10.02,0.0044,-0.0012,0.0003,-0.0027,0.0856,-0.0012,inf,1.5,1.5
36.133,10.02,0.0044,-0.0012,0.0003,-0.0027,0.0849,0.0002,inf,1.5,1.5
36.167,10.02,0.0044,-0.0012,0.0004,0.0031,0.0828,0.0015,inf,1.5,1.5
36.183,10.02,0.0044,-0.0012,-0.0001,0.0043,0.0849,0.0024,inf,1.5,1.5
36.183,10.02,0.0044,-0.0012,-0.0001,0.0043,0.0857,0.0041,inf,1.5,1.5
36.2,10.02,0.0044,-0.0012,0.0006,-0.0013,0.0865,0.0005,inf,1.5,1.5
36.2,10.02,0.0044,-0.0012,0.0006,-0.0013,0.0893,0.0011,inf,1.5,1.5
36.233,10.02,0.0044,-0.0012,-0.0001,-0.0034,0.0861,0.0032,inf,1.5,1.5
36.233,10.02,0.0044,-0.0012,-0.0001,-0.0034,0.0864,0.0037,inf,1.5,1.5
36.25,10.02,0.0044,-0.001,0.0003,-0.0046,0.0883,-0.0006,inf,1.5,1.5
36.25,10.02,0.0044,-0.001,0.0003,-0.0046,0.0893,0.0003,inf,1.5,1.5
36.25,10.02,0.0044,-0.001,0.0003,-0.0046,0.089,-0.0038,inf,1.5,1.5
36.283,10.02,0.0044,-0.001,0.0002,0.0068,0.0894,-0.0012,inf,1.5,1.5
36.283,10.02,0.0044,-0.001,0.0002,0.0068,0.0858,0.0047,inf,1.5,1.5
36.3,10.02,0.0044,-0.0012,0.0,-0.0079,0.0854,0.0013,inf,1.5,1.5
36.3,10.02,0.0044,-0.0012,0.0,-0.0079,0.0824,-0.0018,inf,1.5,1.5
36.3,10.02,0.0044,-0.0012,0.0,-0.0079,0.0858,-0.0056,inf,1.5,1.5
36.333,10.02,0.0044,-0.001,0.0002,-0.0082,0.0848,-0.0103,inf,1.5,1.5
36.35,10.02,0.0044,-0.001,0.0003,0.0032,0.0848,-0.0103,inf,1.5,1.5
36.35,10.02,0.0044,-0.001,0.0003,0.0032,0.0852,-0.0025,inf,1.5,1.5
36.367,10.02,0.0044,-0.001,0.0002,-0.0047,0.0891,-0.0009,inf,1.5,1.5
36.367,10.02,0.0044,-0.001,0.0002,-0.0047,0.0906,-0.0016,inf,1.5,1.5
36.367,10.02,0.0044,-0.001,0.0002,-0.0047,0.0893,-0.0003,inf,1.5,1.5
36.4,10.02,0.0044,-0.0012,0.0002,0.0033,0.0893,-0.0003,inf,1.5,1.5
36.417,10.02,0.0044,-0.0007,0.0001,0.0022,0.0842,-0.0038,inf,1.5,1.5
36.417,10.02,0.0044,-0.0007,0.0001,0.0022,0.0843,-0.0012,inf,1.5,1.5
36.417,10.02,0.0044,-0.0007,0.0001,0.0022,0.0839,0.0048,inf,1.5,1.5
36.45,10.02,0.0044,-0.0012,0.0,-0.0061,0.0853,0.004,inf,1.5,1.5
36.45,10.02,0.0044,-0.0012,0.0,-0.0061,0.0871,-0.0006,inf,1.5,1.5
36.467,10.02,0.0044,-0.0012,0.0001,-0.0018,0.0897,-0.0053,inf,1.5,1.5
36.467,10.02,0.0044,-0.0012,0.0001,-0.0018,0.0877,-0.0047,inf,1.5,1.5
36.467,10.02,0.0044,-0.0012,0.0001,-0.0018,0.0861,-0.002,inf,1.5,1.5
36.5,10.02,0.0044,-0.0012,0.0,-0.004,0.0861,-0.002,inf,1.5,1.5
36.5,10.02,0.0044,-0.0012,0.0,-0.004,0.0831,-0.0035,inf,1.5,1.5
36.517,10.02,0.0044,-0.0014,-0.0,0.0024,0.0809,-0.001,inf,1.5,1.5
36.533,10.02,0.0044,-0.0012,0.0002,0.0026,0.0822,0.005,inf,1.5,1.5
36.533,10.02,0.0044,-0.0012,0.0002,0.0026,0.0868,0.0001,inf,1.5,1.5
36.533,10.02,0.0044,-0.0012,0.0002,0.0026,0.0844,0.0012,inf,1.5,1.5
36.567,10.02,0.0044,-0.0012,0.0004,0.0039,0.0795,0.0001,inf,1.5,1.5
36.567,10.02,0.0044,-0.0012,0.0004,0.0039,0.082,0.0038,inf,1.5,1.5
36.583,10.02,0.0043,-0.001,-0.0003,0.0396,0.084,0.0242,inf,1.5,1.5
36.583,10.02,0.0043,-0.001,-0.0003,0.0396,0.0869,0.032,inf,1.5,1.5
36.583,10.02,0.0043,-0.001,-0.0003,0.0396,0.0872,0.0344,inf,1.5,1.5
36.617,10.02,0.0043,0.0,0.0003,-0.0079,0.0876,0.009,inf,1.5,1.5
36.633,10.02,0.0043,0.0,0.0004,0.001,0.0876,0.009,inf,1.5,1.5
36.633,10.02,0.0043,0.0,0.0004,0.001,0.0871,-0.0062,inf,1.5,1.5
36.633,10.02,0.0043,0.0,0.0004,0.001,0.0861,-0.0041,inf,1.5,1.5
36.667,10.02,0.0043,0.0,0.0004,-0.0179,0.0859,-0.0048,inf,1.5,1.5
36.667,10.02,0.0043,0.0,0.0004,-0.0179,0.0873,-0.0061,inf,1.5,1.5
36.683,10.02,0.0043,-0.001,0.0113,-0.0021,0.0873,-0.0061,inf,1.5,1.5
36.7,10.02,0.0043,-0.0007,-0.0003,-0.0253,0.0928,-0.0101,inf,1.5,1.5
36.7,10.02,0.0043,-0.0007,-0.0003,-0.0253,0.0876,-0.0167,inf,1.5,1.5
36.7,10.02,0.0043,-0.0007,-0.0003,-0.0253,0.0873,-0.019,inf,1.5,1.5
36.733,10.02,0.0043,0.0,-0.0002,-0.0203,0.0873,-0.0218,inf,1.5,1.5
36.733,10.02,0.0043,0.0,-0.0002,-0.0203,0.0864,-0.02,inf,1.5,1.5
36.75,10.02,0.0043,0.0,0.0002,-0.006,0.0864,-0.02,inf,1.5,1.5
36.75,10.02,0.0043,0.0,0.0002,-0.006,0.0864,-0.008,inf,1.5,1.5
36.75,10.02,0.0043,0.0,0.0002,-0.006,0.0869,-0.0053,inf,1.5,1.5
36.783,10.02,0.0043,-0.0007,0.0,-0.0073,0.0858,-0.0034,inf,1.5,1.5
36.783,10.02,0.0043,-0.0007,0.0,-0.0073,0.0844,-0.005,inf,1.5,1.5
36.8,10.02,0.0043,-0.0007,-0.0,0.0114,0.0858,0.0016,inf,1.5,1.5
36.8,10.02,0.0043,-0.0007,-0.0,0.0114,0.0856,0.0083,inf,1.5,1.5
36.833,10.02,0.0043,0.0,0.0005,-0.0027,0.0881,0.0107,inf,1.5,1.5
36.833,10.02,0.0043,0.0,0.0005,-0.0027,0.0881,0.0033,inf,1.5,1.5
36.85,10.02,0.0043,0.0,0.0001,0.0051,0.0881,0.0033,inf,1.5,1.5
36.85,10.02,0.0043,0.0,0.0001,0.0051,0.0867,0.0007,inf,1.5,1.5
36.867,10.02,0.0043,-0.0007,0.0,-0.0022,0.0861,-0.0019,inf,1.5,1.5
36.867,10.02,0.0043,-0.0007,0.0,-0.0022,0.087,-0.0019,inf,1.5,1.5
36.867,10.02,0.0043,-0.0007,0.0,-0.0022,0.0881,-0.003,inf,1.5,1.5
36.9,10.02,0.0043,0.0,-0.0,0.0006,0.0858,-0.0043,inf,1.5,1.5
36.917,10.02,0.0043,-0.0,0.0,-0.0057,0.0857,0.0025,inf,1.5,1.5
36.917,10.02,0.0043,-0.0,0.0,-0.0057,0.0848,-0.0025,inf,1.5,1.5
36.917,10.02,0.0043,-0.0,0.0,-0.0057,0.0857,-0.0032,inf,1.5,1.5
36.95,10.02,0.0043,-0.0007,-0.0,-0.0014,0.0858,-0.0039,inf,1.5,1.5
36.95,10.02,0.0043,-0.0007,-0.0,-0.0014,0.0853,-0.0025,inf,1.5,1.5
36.967,10.02,0.0043,0.0,0.0005,0.0076,0.0829,0.0023,inf,1.5,1.5
36.967,10.02,0.0043,0.0,0.0005,0.0076,0.0855,0.0064,inf,1.5,1.5
36.967,10.02,0.0043,0.0,0.0005,0.0076,0.0888,0.0063,inf,1.5,1.5
37.0,10.02,0.0043,-0.0,0.0008,-0.0102,0.0866,-0.004,inf,1.5,1.5
37.017,10.02,0.0043,-0.0,0.0002,-0.0361,0.0851,-0.0049,inf,1.5,1.5
37.017,10.02,0.0043,-0.0,0.0002,-0.0361,0.0872,-0.0208,inf,1.5,1.5
37.033,10.02,0.0043,0.0,-0.0001,-0.007,0.0879,-0.0094,inf,1.5,1.5
37.033,10.02,0.0043,0.0,-0.0001,-0.007,0.0868,-0.0099,inf,1.5,1.5
37.033,10.02,0.0043,0.0,-0.0001,-0.007,0.0873,-0.005,inf,1.5,1.5
37.067,10.02,0.0043,0.0,0.0,-0.015,0.0886,-0.0054,inf,1.5,1.5
37.083,10.02,0.0043,0.0,0.0002,-0.0008,0.0882,-0.0076,inf,1.5,1.5
37.083,10.02,0.0043,0.0,0.0002,-0.0008,0.0836,-0.0026,inf,1.5,1.5
37.083,10.02,0.0043,0.0,0.0002,-0.0008,0.0837,0.0002,inf,1.5,1.5
37.117,10.02,0.0043,0.0,0.0001,-0.0048,0.0856,0.0033,inf,1.5,1.5
37.117,10.02,0.0043,0.0,0.0001,-0.0048,0.0889,0.0009,inf,1.5,1.5
37.133,10.02,0.0043,-0.0007,0.0002,0.0024,0.0908,-0.0008,inf,1.5,1.5
37.133,10.02,0.0043,-0.0007,0.0002,0.0024,0.0881,-0.001,inf,1.5,1.5
37.133,10.02,0.0043,-0.0007,0.0002,0.0024,0.0896,0.0057,inf,1.5,1.5
37.167,10.02,0.0043,0.0,0.0001,-0.0043,0.0896,0.0057,inf,1.5,1.5
37.183,10.02,0.0043,0.0,0.001,0.0032,0.0877,0.0003,inf,1.5,1.5
37.183,10.02,0.0043,0.0,0.001,0.0032,0.0886,-0.0002,inf,1.5,1.5
37.2,10.02,0.0043,-0.0007,0.0005,0.02,0.0886,-0.0002,inf,1.5,1.5
37.2,10.02,0.0043,-0.0007,0.0005,0.02,0.0892,0.0122,inf,1.5,1.5
37.2,10.02,0.0043,-0.0007,0.0005,0.02,0.0912,0.0179,inf,1.5,1.5
37.233,10.02,0.0043,-0.0007,0.0035,-0.003,0.0889,0.0042,inf,1.5,1.5
37.233,10.02,0.0043,-0.0007,0.0035,-0.003,0.091,-0.0046,inf,1.5,1.5
37.25,10.02,0.0043,0.0,-0.0002,0.0264,0.0896,0.0078,inf,1.5,1.5
37.25,10.02,0.0043,0.0,-0.0002,0.0264,0.088,0.0134,inf,1.5,1.5
37.283,10.02,0.0043,-0.0,-0.0001,-0.0048,0.0879,0.0218,inf,1.5,1.5
37.283,10.02,0.0043,-0.0,-0.0001,-0.0048,0.0889,0.0078,inf,1.5,1.5
37.3,10.02,0.0043,0.0,0.0002,-0.0113,0.0879,0.0003,inf,1.5,1.5
37.3,10.02,0.0043,0.0,0.0002,-0.0113,0.0922,-0.0062,inf,1.5,1.5
37.3,10.02,0.0043,0.0,0.0002,-0.0113,0.088,-0.0094,inf,1.5,1.5
37.333,10.02,0.0044,0.0,0.0003,-0.0063,0.0861,-0.0082,inf,1.5,1.5
37.333,10.02,0.0044,0.0,0.0003,-0.0063,0.0836,-0.0034,inf,1.5,1.5
37.35,10.02,0.0043,0.0,0.0001,-0.0075,0.0841,-0.0045,inf,1.5,1.5
37.367,10.02,0.0044,-0.0,-0.0,-0.0072,0.0869,-0.0069,inf,1.5,1.5
37.367,10.02,0.0044,-0.0,-0.0,-0.0072,0.0908,-0.0071,inf,1.5,1.5
37.367,10.02,0.0044,-0.0,-0.0,-0.0072,0.0902,-0.0103,inf,1.5,1.5
37.4,10.02,0.0043,0.0,0.0003,0.0138,0.0902,-0.0103,inf,1.5,1.5
37.4,10.02,0.0043,0.0,0.0003,0.0138,0.0879,0.0051,inf,1.5,1.5
37.417,10.02,0.0043,0.0,-0.0,-0.0022,0.087,0.0023,inf,1.5,1.5
37.417,10.02,0.0043,0.0,-0.0,-0.0022,0.087,0.0023,inf,1.5,1.5
37.417,10.02,0.0043,0.0,-0.0,-0.0022,0.0873,-0.0008,inf,1.5,1.5
37.45,10.02,0.0043,0.0,0.0,-0.0004,0.0888,-0.0017,inf,1.5,1.5
37.467,10.02,0.0043,0.0,-0.0011,0.0086,0.0897,-0.0001,inf,1.5,1.5
37.467,10.02,0.0043,0.0,-0.0011,0.0086,0.0878,0.0028,inf,1.5,1.5
37.467,10.02,0.0043,0.0,-0.0011,0.0086,0.0878,0.0028,inf,1.5,1.5
37.5,10.02,0.0043,-0.0,0.001,-0.0074,0.0871,0.0066,inf,1.5,1.5
37.5,10.02,0.0043,-0.0,0.001,-0.0074,0.0881,0.0,inf,1.5,1.5
37.517,10.02,0.0043,-0.0,-0.0,0.0019,0.0852,-0.0029,inf,1.5,1.5
37.517,10.02,0.0043,-0.0,-0.0,0.0019,0.0855,0.0015,inf,1.5,1.5
37.533,10.02,0.0043,0.0,0.0001,0.0008,0.0834,0.0025,inf,1.5,1.5
37.533,10.02,0.0043,0.0,0.0001,0.0008,0.0828,0.0008,inf,1.5,1.5
37.533,10.02,0.0043,0.0,0.0001,0.0008,0.0819,0.0012,inf,1.5,1.5
37.567,10.02,0.0043,-0.0,0.0,-0.0026,0.0831,-0.0001,inf,1.5,1.5
37.583,10.02,0.0044,0.0,-0.0003,0.0352,0.0849,-0.0014,inf,1.5,1.5
37.583,10.02,0.0044,0.0,-0.0003,0.0352,0.0847,0.0213,inf,1.5,1.5
37.583,10.02,0.0044,0.0,-0.0003,0.0352,0.0849,0.0264,inf,1.5,1.5
37.583,10.02,0.0044,0.0,-0.0003,0.0352,0.0849,0.0264,inf,1.5,1.5
37.617,10.02,0.0043,0.0,0.0004,-0.0047,0.0887,0.0289,inf,1.5,1.5
37.617,10.02,0.0043,0.0,0.0004,-0.0047,0.0862,0.0078,inf,1.5,1.5
37.633,10.02,0.0043,0.0,0.0007,0.007,0.0862,0.0078,inf,1.5,1.5
37.633,10.02,0.0043,0.0,0.0007,0.007,0.0886,0.0063,inf,1.5,1.5
37.633,10.02,0.0043,0.0,0.0007,0.007,0.0878,0.0069,inf,1.5,1.5
37.667,10.02,0.0043,0.0,0.0001,-0.0019,0.0866,0.0072,inf,1.5,1.5
37.667,10.02,0.0043,0.0,0.0001,-0.0019,0.0867,0.0034,inf,1.5,1.5
37.683,10.02,0.0043,0.0,-0.0005,0.0038,0.0836,0.005,inf,1.5,1.5
37.7,10.02,0.0043,0.0,0.0002,-0.0045,0.0889,0.0041,inf,1.5,1.5
37.7,10.02,0.0043,0.0,0.0002,-0.0045,0.0878,0.0035,inf,1.5,1.5
37.7,10.02,0.0043,0.0,0.0002,-0.0045,0.0882,-0.001,inf,1.5,1.5
37.733,10.02,0.0043,-0.0,0.0001,-0.0048,0.0879,-0.0014,inf,1.5,1.5
37.733,10.02,0.0043,-0.0,0.0001,-0.0048,0.0886,-0.003,inf,1.5,1.5
37.75,10.02,0.0043,0.0,0.0,-0.0062,0.0866,-0.0032,inf,1.5,1.5
37.75,10.02,0.0043,0.0,0.0,-0.0062,0.0886,-0.0042,inf,1.5,1.5
37.783,10.02,0.0043,0.0,0.0003,-0.0055,0.0897,-0.0027,inf,1.5,1.5
37.783,10.02,0.0043,0.0,0.0003,-0.0055,0.0903,-0.0017,inf,1.5,1.5
37.8,10.02,0.0043,0.0,-0.0,0.0009,0.0901,-0.0014,inf,1.5,1.5
37.8,10.02,0.0043,0.0,-0.0,0.0009,0.0916,-0.0063,inf,1.5,1.5
37.8,10.02,0.0043,0.0,-0.0,0.0009,0.0946,0.0007,inf,1.5,1.5
37.833,10.02,0.0043,0.0,0.0008,-0.021,0.0922,-0.0098,inf,1.5,1.5
37.85,10.02,0.0043,0.0,-0.0003,-0.0106,0.0904,-0.0158,inf,1.5,1.5
37.85,10.02,0.0043,0.0,-0.0003,-0.0106,0.0874,-0.0148,inf,1.5,1.5
37.867,10.02,0.0043,0.0,0.0005,-0.0183,0.0874,-0.0148,inf,1.5,1.5
37.867,10.02,0.0043,0.0,0.0005,-0.0183,0.0849,-0.0147,inf,1.5,1.5
37.867,10.02,0.0043,0.0,0.0005,-0.0183,0.0883,-0.0193,inf,1.5,1.5
37.9,10.02,0.0043,0.0,0.0008,-0.0245,0.0882,-0.0241,inf,1.5,1.5
37.917,10.02,0.0043,0.0,0.0001,0.0053,0.0878,-0.0159,inf,1.5,1.5
37.917,10.02,0.0043,0.0,0.0001,0.0053,0.0858,-0.0061,inf,1.5,1.5
37.917,10.02,0.0043,0.0,0.0001,0.0053,0.0866,0.0033,inf,1.5,1.5
37.95,10.02,0.0043,0.0,0.0,0.0075,0.0884,0.003,inf,1.5,1.5
37.95,10.02,0.0043,0.0,0.0,0.0075,0.0858,0.0066,inf,1.5,1.5
37.967,10.02,0.0043,0.0,0.0003,0.0013,0.0834,0.0042,inf,1.5,1.5
37.967,10.02,0.0043,0.0,0.0003,0.0013,0.0838,0.0033,inf,1.5,1.5
37.967,10.02,0.0043,0.0,0.0003,0.0013,0.0876,-0.0006,inf,1.5,1.5
38.0,10.02,0.0043,0.0,0.0015,-0.0004,0.0883,0.0037,inf,1.5,1.5
38.017,10.02,0.0043,0.0,-0.0012,-0.0049,0.0891,0.0049,inf,1.5,1.5
38.017,10.02,0.0043,0.0,-0.0012,-0.0049,0.087,0.0013,inf,1.5,1.5
38.033,10.02,0.0042,0.0,0.0001,-0.0009,0.086,0.0022,inf,1.5,1.5
38.033,10.02,0.0042,0.0,0.0001,-0.0009,0.0885,0.0025,inf,1.5,1.5
38.033,10.02,0.0042,0.0,0.0001,-0.0009,0.0894,0.0029,inf,1.5,1.5
38.067,10.02,0.0042,0.0,-0.0,-0.0009,0.0876,0.0001,inf,1.5,1.5
38.083,10.02,0.0042,0.0,0.0002,0.0015,0.0858,0.0019,inf,1.5,1.5
38.083,10.02,0.0042,0.0,0.0002,0.0015,0.0875,0.0013,inf,1.5,1.5
38.083,10.02,0.0042,0.0,0.0002,0.0015,0.0875,0.0013,inf,1.5,1.5
38.117,10.02,0.0042,0.0007,0.0002,-0.0,0.0886,0.001,inf,1.5,1.5
38.117,10.02,0.0042,0.0007,0.0002,-0.0,0.0871,0.0018,inf,1.5,1.5
38.133,10.02,0.0042,0.0,0.0002,0.0077,0.0887,0.0046,inf,1.5,1.5
38.133,10.02,0.0042,0.0,0.0002,0.0077,0.0889,0.0062,inf,1.5,1.5
38.133,10.02,0.0042,0.0,0.0002,0.0077,0.0884,0.0045,inf,1.5,1.5
38.167,10.02,0.0042,0.0,0.0006,-0.0077,0.0881,0.0044,inf,1.5,1.5
38.167,10.02,0.0042,0.0,0.0006,-0.0077,0.0868,-0.0007,inf,1.5,1.5
38.183,10.02,0.0043,0.0,0.0005,-0.001,0.0891,0.0001,inf,1.5,1.5
38.2,10.02,0.0042,0.0,0.0032,0.0292,0.086,0.0016,inf,1.5,1.5
38.2,10.02,0.0042,0.0,0.0032,0.0292,0.0887,0.018,inf,1.5,1.5
38.2,10.02,0.0042,0.0,0.0032,0.0292,0.087,0.0224,inf,1.5,1.5
38.233,10.02,0.0042,0.0,-0.0003,-0.0008,0.087,0.0224,inf,1.5,1.5
38.233,10.02,0.0042,0.0,-0.0003,-0.0008,0.0846,0.0045,inf,1.5,1.5
38.25,10.02,0.0043,0.0,0.0001,-0.0049,0.0868,-0.0003,inf,1.5,1.5
38.25,10.02,0.0043,0.0,0.0001,-0.0049,0.0866,-0.0025,inf,1.5,1.5
38.25,10.02,0.0043,0.0,0.0001,-0.0049,0.0891,-0.0024,inf,1.5,1.5
38.283,10.02,0.0043,0.0007,-0.0002,-0.0093,0.0894,-0.0009,inf,1.5,1.5
38.3,10.02,0.0043,0.0007,0.0011,0.0072,0.0868,-0.0013,inf,1.5,1.5
38.3,10.02,0.0043,0.0007,0.0011,0.0072,0.0872,0.007,inf,1.5,1.5
38.3,10.02,0.0043,0.0007,0.0011,0.0072,0.0852,0.0071,inf,1.5,1.5
38.333,10.02,0.0043,0.0,0.0001,0.0143,0.085,0.0096,inf,1.5,1.5
38.333,10.02,0.0043,0.0,0.0001,0.0143,0.0845,0.0073,inf,1.5,1.5
38.35,10.02,0.0043,0.0,0.0008,0.004,0.0837,0.006,inf,1.5,1.5
38.367,10.02,0.0042,0.0,0.0043,0.0392,0.0875,0.0062,inf,1.5,1.5
38.367,10.02,0.0042,0.0,0.0043,0.0392,0.086,0.0236,inf,1.5,1.5
38.367,10.02,0.0042,0.0,0.0043,0.0392,0.0884,0.032,inf,1.5,1.5
38.4,10.02,0.0042,0.0,-0.0004,0.0072,0.0901,0.0355,inf,1.5,1.5
38.4,10.02,0.0042,0.0,-0.0004,0.0072,0.0883,0.021,inf,1.5,1.5
38.417,10.02,0.0042,0.0,0.0001,-0.006,0.0869,0.0053,inf,1.5,1.5
38.417,10.02,0.0042,0.0,0.0001,-0.006,0.0869,0.0053,inf,1.5,1.5
38.417,10.02,0.0042,0.0,0.0001,-0.006,0.0889,-0.0045,inf,1.5,1.5
38.45,10.02,0.0042,0.0007,0.0001,-0.0041,0.0862,-0.0029,inf,1.5,1.5
38.467,10.02,0.0042,0.0007,-0.0,0.001,0.0862,-0.0031,inf,1.5,1.5
38.467,10.02,0.0042,0.0007,-0.0,0.001,0.0838,0.0027,inf,1.5,1.5
38.467,10.02,0.0042,0.0007,-0.0,0.001,0.0855,0.0023,inf,1.5,1.5
38.5,10.02,0.0042,0.0007,0.0004,0.0018,0.0859,0.0039,inf,1.5,1.5
38.5,10.02,0.0042,0.0007,0.0004,0.0018,0.0875,0.002,inf,1.5,1.5
38.517,10.02,0.0042,0.001,0.0003,-0.0089,0.0884,-0.006,inf,1.5,1.5
38.533,10.02,0.0042,0.0,0.0001,-0.0068,0.0914,-0.0091,inf,1.5,1.5
38.533,10.02,0.0042,0.0,0.0001,-0.0068,0.0891,-0.0074,inf,1.5,1.5
38.533,10.02,0.0042,0.0,0.0001,-0.0068,0.0883,-0.0046,inf,1.5,1.5
38.567,10.02,0.0042,0.001,0.0002,0.0051,0.0892,-0.0096,inf,1.5,1.5
38.567,10.02,0.0042,0.001,0.0002,0.0051,0.0892,-0.0007,inf,1.5,1.5
38.583,10.02,0.0042,0.0,0.0,0.0079,0.0922,0.0022,inf,1.5,1.5
38.583,10.02,0.0042,0.0,0.0,0.0079,0.0897,0.0061,inf,1.5,1.5
38.583,10.02,0.0042,0.0,0.0,0.0079,0.0859,0.0106,inf,1.5,1.5
38.617,10.02,0.0042,0.0,0.0,0.0001,0.0853,0.0004,inf,1.5,1.5
38.633,10.02,0.0042,0.0,-0.0,0.0008,0.0853,0.0004,inf,1.5,1.5
38.633,10.02,0.0042,0.0,-0.0,0.0008,0.0847,0.001,inf,1.5,1.5
38.633,10.02,0.0042,0.0,-0.0,0.0008,0.0859,0.003,inf,1.5,1.5
38.667,10.02,0.0042,0.0,0.0005,0.0008,0.0873,0.0053,inf,1.5,1.5
38.667,10.02,0.0042,0.0,0.0005,0.0008,0.0891,0.0008,inf,1.5,1.5
38.683,10.02,0.0042,0.001,0.0045,-0.0068,0.0914,0.0013,inf,1.5,1.5
38.7,10.02,0.0042,0.0007,0.0003,0.006,0.0921,-0.0006,inf,1.5,1.5
38.7,10.02,0.0042,0.0007,0.0003,0.006,0.0922,0.0031,inf,1.5,1.5
38.7,10.02,0.0042,0.0007,0.0003,0.006,0.0895,0.0058,inf,1.5,1.5
38.733,10.02,0.0042,0.001,0.0001,0.0068,0.0879,0.0035,inf,1.5,1.5
38.733,10.02,0.0042,0.001,0.0001,0.0068,0.0904,0.0045,inf,1.5,1.5
38.75,10.02,0.0042,0.001,-0.0001,-0.0004,0.0862,0.0009,inf,1.5,1.5
38.75,10.02,0.0042,0.001,-0.0001,-0.0004,0.0874,0.0001,inf,1.5,1.5
38.75,10.02,0.0042,0.001,-0.0001,-0.0004,0.0831,-0.0024,inf,1.5,1.5
38.783,10.02,0.0042,0.001,0.0,0.0025,0.0822,0.0011,inf,1.5,1.5
38.8,10.02,0.0042,0.001,0.0,0.0014,0.0857,-0.0005,inf,1.5,1.5
38.8,10.02,0.0042,0.001,0.0,0.0014,0.0869,-0.0009,inf,1.5,1.5
38.8,10.02,0.0042,0.001,0.0,0.0014,0.0882,0.0004,inf,1.5,1.5
38.833,10.02,0.0042,0.0007,0.0,-0.0019,0.0882,0.0004,inf,1.5,1.5
38.833,10.02,0.0042,0.0007,0.0,-0.0019,0.0849,-0.0021,inf,1.5,1.5
38.85,10.02,0.0042,0.0007,0.0004,-0.0035,0.0831,-0.0031,inf,1.5,1.5
38.867,10.02,0.0042,0.001,0.0002,0.0121,0.0844,-0.0032,inf,1.5,1.5
38.867,10.02,0.0042,0.001,0.0002,0.0121,0.082,0.0045,inf,1.5,1.5
38.867,10.02,0.0042,0.001,0.0002,0.0121,0.081,0.005,inf,1.5,1.5
38.867,10.02,0.0042,0.001,0.0002,0.0121,0.0819,0.0073,inf,1.5,1.5
38.867,10.02,0.0042,0.001,0.0002,0.0121,0.0853,0.0108,inf,1.5,1.5
38.9,10.02,0.0042,0.001,0.0005,-0.0058,0.0856,0.0078,inf,1.5,1.5
38.917,10.02,0.0042,0.0007,-0.0,0.002,0.087,0.0014,inf,1.5,1.5
38.917,10.02,0.0042,0.0007,-0.0,0.002,0.0855,0.0016,inf,1.5,1.5
38.917,10.02,0.0042,0.0007,-0.0,0.002,0.0886,-0.0018,inf,1.5,1.5
38.95,10.02,0.0042,0.0007,0.0007,0.0014,0.0903,-0.0023,inf,1.5,1.5
38.95,10.02,0.0042,0.0007,0.0007,0.0014,0.0906,-0.0009,inf,1.5,1.5
38.967,10.02,0.0041,0.0014,0.0002,-0.0091,0.0879,-0.0086,inf,1.5,1.5
38.967,10.02,0.0041,0.0014,0.0002,-0.0091,0.0866,-0.0121,inf,1.5,1.5
38.967,10.02,0.0041,0.0014,0.0002,-0.0091,0.0854,-0.0082,inf,1.5,1.5
39.0,10.02,0.0042,0.0012,-0.0,-0.011,0.0874,-0.0101,inf,1.5,1.5
39.017,10.02,0.0042,0.001,-0.0,-0.0,0.0869,-0.0066,inf,1.5,1.5
39.017,10.02,0.0042,0.001,-0.0,-0.0,0.0895,-0.002,inf,1.5,1.5
39.033,10.02,0.0042,0.0014,0.0001,0.0028,0.0868,0.0034,inf,1.5,1.5
39.033,10.02,0.0042,0.0014,0.0001,0.0028,0.0856,0.0044,inf,1.5,1.5
39.033,10.02,0.0042,0.0014,0.0001,0.0028,0.0894,0.0038,inf,1.5,1.5
39.067,10.02,0.0042,0.0012,0.0,-0.0013,0.0886,0.0003,inf,1.5,1.5
39.083,10.02,0.0042,0.001,0.0001,-0.001,0.09,0.0023,inf,1.5,1.5
39.083,10.02,0.0042,0.001,0.0001,-0.001,0.0872,0.004,inf,1.5,1.5
39.083,10.02,0.0042,0.001,0.0001,-0.001,0.0872,0.004,inf,1.5,1.5
39.117,10.02,0.0042,0.0012,0.0,0.0007,0.0886,0.0023,inf,1.5,1.5
39.117,10.02,0.0042,0.0012,0.0,0.0007,0.0888,-0.0037,inf,1.5,1.5
39.133,10.02,0.0042,0.001,0.0001,-0.0011,0.0894,-0.0007,inf,1.5,1.5
39.133,10.02,0.0042,0.001,0.0001,-0.0011,0.0847,-0.0004,inf,1.5,1.5
39.133,10.02,0.0042,0.001,0.0001,-0.0011,0.0876,-0.0002,inf,1.5,1.5
39.167,10.02,0.0042,0.0014,-0.0,-0.0008,0.0876,-0.0002,inf,1.5,1.5
39.183,10.02,0.0042,0.0014,0.0001,-0.0013,0.087,0.0035,inf,1.5,1.5
39.183,10.02,0.0042,0.0014,0.0001,-0.0013,0.0872,-0.0005,inf,1.5,1.5
39.2,10.02,0.0042,0.0012,0.0,-0.0055,0.0872,-0.0005,inf,1.5,1.5
39.2,10.02,0.0042,0.0012,0.0,-0.0055,0.0844,-0.003,inf,1.5,1.5
39.2,10.02,0.0042,0.0012,0.0,-0.0055,0.0831,-0.0047,inf,1.5,1.5
39.233,10.02,0.0042,0.0014,0.0,-0.0086,0.0855,-0.0033,inf,1.5,1.5
39.25,10.02,0.0042,0.0014,0.0003,0.0032,0.0835,-0.0058,inf,1.5,1.5
39.25,10.02,0.0042,0.0014,0.0003,0.0032,0.0863,0.0039,inf,1.5,1.5
39.25,10.02,0.0042,0.0014,0.0003,0.0032,0.0863,0.0039,inf,1.5,1.5
39.283,10.02,0.0042,0.0012,0.0001,-0.005,0.0878,0.0055,inf,1.5,1.5
39.283,10.02,0.0042,0.0012,0.0001,-0.005,0.0868,0.0003,inf,1.5,1.5
39.3,10.02,0.0042,0.0012,0.0001,0.0038,0.0868,0.0003,inf,1.5,1.5
39.3,10.02,0.0042,0.0012,0.0001,0.0038,0.0861,-0.0035,inf,1.5,1.5
39.3,10.02,0.0042,0.0012,0.0001,0.0038,0.0849,-0.0009,inf,1.5,1.5
39.333,10.02,0.0042,0.0012,0.0001,0.0009,0.0849,-0.0009,inf,1.5,1.5
39.35,10.02,0.0042,0.0014,0.0003,-0.01,0.0887,-0.0009,inf,1.5,1.5
39.35,10.02,0.0042,0.0014,0.0003,-0.01,0.0893,-0.0103,inf,1.5,1.5
39.367,10.02,0.0042,0.0014,-0.0018,-0.0098,0.0893,-0.0103,inf,1.5,1.5
39.367,10.02,0.0042,0.0014,-0.0018,-0.0098,0.0909,-0.007,inf,1.5,1.5
39.367,10.02,0.0042,0.0014,-0.0018,-0.0098,0.0892,-0.0108,inf,1.5,1.5
39.4,10.02,0.0042,0.0014,0.0001,-0.0228,0.0892,-0.0108,inf,1.5,1.5
39.417,10.02,0.0042,0.0014,0.0001,0.0021,0.0887,-0.0155,inf,1.5,1.5
39.417,10.02,0.0042,0.0014,0.0001,0.0021,0.0861,-0.0077,inf,1.5,1.5
39.417,10.02,0.0042,0.0014,0.0001,0.0021,0.0861,-0.0077,inf,1.5,1.5
39.417,10.02,0.0042,0.0014,0.0001,0.0021,0.0877,0.0061,inf,1.5,1.5
39.45,10.02,0.0042,0.0012,-0.0,-0.0033,0.0883,0.0005,inf,1.5,1.5
39.467,10.02,0.0042,0.0014,0.0002,0.0028,0.0912,-0.002,inf,1.5,1.5
39.467,10.02,0.0042,0.0014,0.0002,0.0028,0.0882,-0.0001,inf,1.5,1.5
39.467,10.02,0.0042,0.0014,0.0002,0.0028,0.0894,0.0022,inf,1.5,1.5
39.5,10.02,0.0042,0.0014,0.0,0.0002,0.0907,0.0045,inf,1.5,1.5
39.5,10.02,0.0042,0.0014,0.0,0.0002,0.0904,0.0048,inf,1.5,1.5
39.517,10.02,0.0042,0.0012,-0.0,-0.0006,0.089,0.0006,inf,1.5,1.5
39.533,10.02,0.0042,0.0014,0.0001,0.0041,0.0916,0.0011,inf,1.5,1.5
39.533,10.02,0.0042,0.0014,0.0001,0.0041,0.0924,0.0031,inf,1.5,1.5
39.533,10.02,0.0042,0.0014,0.0001,0.0041,0.0921,0.0003,inf,1.5,1.5
39.567,10.02,0.0042,0.0014,-0.0,-0.0023,0.09,0.0008,inf,1.5,1.5
39.567,10.02,0.0042,0.0014,-0.0,-0.0023,0.0882,-0.0016,inf,1.5,1.5
39.583,10.02,0.0042,0.001,-0.0001,-0.0028,0.0867,-0.0014,inf,1.5,1.5
39.583,10.02,0.0042,0.001,-0.0001,-0.0028,0.0856,-0.0026,inf,1.5,1.5
39.583,10.02,0.0042,0.001,-0.0001,-0.0028,0.0863,-0.0029,inf,1.5,1.5
39.617,10.02,0.0042,0.001,0.0003,0.0031,0.0863,-0.0029,inf,1.5,1.5
39.633,10.02,0.0042,0.001,0.0004,-0.0017,0.0864,-0.0005,inf,1.5,1.5
39.633,10.02,0.0042,0.001,0.0004,-0.0017,0.0872,0.0002,inf,1.5,1.5
39.633,10.02,0.0042,0.001,0.0004,-0.0017,0.0869,-0.0013,inf,1.5,1.5
39.667,10.02,0.0042,0.0014,-0.0001,-0.0032,0.0858,-0.0004,inf,1.5,1.5
39.667,10.02,0.0042,0.0014,-0.0001,-0.0032,0.0858,-0.0004,inf,1.5,1.5
39.683,10.02,0.0042,0.0014,0.0001,0.001,0.0866,-0.005,inf,1.5,1.5
39.7,10.02,0.0042,0.001,0.0001,-0.006,0.0866,-0.005,inf,1.5,1.5
39.7,10.02,0.0042,0.001,0.0001,-0.006,0.0882,-0.0031,inf,1.5,1.5
39.7,10.02,0.0042,0.001,0.0001,-0.006,0.0883,-0.0021,inf,1.5,1.5
39.733,10.02,0.0042,0.0012,0.0001,-0.0006,0.0879,0.0003,inf,1.5,1.5
39.733,10.02,0.0042,0.0012,0.0001,-0.0006,0.0866,-0.0002,inf,1.5,1.5
39.75,10.02,0.0042,0.0012,0.0001,0.0018,0.0866,-0.0002,inf,1.5,1.5
39.75,10.02,0.0042,0.0012,0.0001,0.0018,0.083,0.0037,inf,1.5,1.5
39.75,10.02,0.0042,0.0012,0.0001,0.0018,0.0846,0.0056,inf,1.5,1.5
39.783,10.02,0.0042,0.001,0.0,0.0022,0.0846,0.0056,inf,1.5,1.5
39.8,10.02,0.0042,0.0012,0.0001,-0.0045,0.0895,-0.0013,inf,1.5,1.5
39.8,10.02,0.0042,0.0012,0.0001,-0.0045,0.0877,-0.0036,inf,1.5,1.5
39.8,10.02,0.0042,0.0012,0.0001,-0.0045,0.0877,-0.0036,inf,1.5,1.5
39.833,10.02,0.0042,0.001,0.0001,-0.0004,0.0864,-0.0041,inf,1.5,1.5
39.833,10.02,0.0042,0.001,0.0001,-0.0004,0.0849,-0.0019,inf,1.5,1.5
39.85,10.02,0.0042,0.0012,-0.0001,-0.0007,0.0849,-0.0019,inf,1.5,1.5
39.867,10.02,0.0042,0.001,0.0017,-0.0022,0.0868,-0.0004,inf,1.5,1.5
39.867,10.02,0.0042,0.001,0.0017,-0.0022,0.0908,-0.002,inf,1.5,1.5
39.867,10.02,0.0042,0.001,0.0017,-0.0022,0.0908,-0.002,inf,1.5,1.5
39.9,10.02,0.0042,0.0012,0.0,0.009,0.0914,-0.0007,inf,1.5,1.5
39.9,10.02,0.0042,0.0012,0.0,0.009,0.0867,0.0036,inf,1.5,1.5
39.917,10.02,0.0042,0.001,0.0001,0.0014,0.0867,0.0036,inf,1.5,1.5
39.917,10.02,0.0042,0.001,0.0001,0.0014,0.0811,0.0003,inf,1.5,1.5
39.917,10.02,0.0042,0.001,0.0001,0.0014,0.0832,0.005,inf,1.5,1.5
39.95,10.02,0.0042,0.001,0.0003,0.0023,0.0832,0.005,inf,1.5,1.5
39.967,10.02,0.0042,0.0012,0.0001,0.0004,0.0916,0.0053,inf,1.5,1.5
39.967,10.02,0.0042,0.0012,0.0001,0.0004,0.0895,0.0068,inf,1.5,1.5
39.967,10.02,0.0042,0.0012,0.0001,0.0004,0.0895,0.0068,inf,1.5,1.5
40.0,10.02,0.0042,0.0012,0.0003,-0.0031,0.0901,0.008,inf,1.5,1.5
40.0,10.02,0.0042,0.0012,0.0003,-0.0031,0.0848,0.0016,inf,1.5,1.5
40.017,10.02,0.0042,0.0014,0.0,0.0027,0.0848,0.0016,inf,1.5,1.5
40.033,10.02,0.0042,0.0014,0.0006,-0.0074,0.0836,-0.0028,inf,1.5,1.5
40.033,10.02,0.0042,0.0014,0.0006,-0.0074,0.0868,-0.0077,inf,1.5,1.5
40.033,10.02,0.0042,0.0014,0.0006,-0.0074,0.0879,-0.0081,inf,1.5,1.5
40.067,10.02,0.0042,0.0,-0.0002,-0.0119,0.0865,-0.0084,inf,1.5,1.5
40.067,10.02,0.0042,0.0,-0.0002,-0.0119,0.0856,-0.0109,inf,1.5,1.5
40.083,10.02,0.0042,0.001,0.0003,-0.0035,0.0856,-0.0109,inf,1.5,1.5
40.083,10.02,0.0042,0.001,0.0003,-0.0035,0.0824,-0.0062,inf,1.5,1.5
40.083,10.02,0.0042,0.001,0.0003,-0.0035,0.0837,-0.0011,inf,1.5,1.5
40.117,10.02,0.0042,0.0007,0.0001,-0.0058,0.0863,0.0014,inf,1.5,1.5
40.117,10.02,0.0042,0.0007,0.0001,-0.0058,0.086,-0.0034,inf,1.5,1.5
40.133,10.02,0.0042,0.0007,-0.0001,0.0019,0.0878,-0.0011,inf,1.5,1.5
40.133,10.02,0.0042,0.0007,-0.0001,0.0019,0.0867,-0.0022,inf,1.5,1.5
40.133,10.02,0.0042,0.0007,-0.0001,0.0019,0.0832,-0.001,inf,1.5,1.5
40.167,10.02,0.0042,0.0007,0.0017,0.0045,0.0831,-0.0007,inf,1.5,1.5
40.183,10.02,0.0042,0.0007,-0.0001,0.001,0.0879,0.0022,inf,1.5,1.5
40.183,10.02,0.0042,0.0007,-0.0001,0.001,0.0865,0.0002,inf,1.5,1.5
40.2,10.02,0.0042,0.001,0.0003,-0.0091,0.0858,-0.0036,inf,1.5,1.5
40.2,10.02,0.0042,0.001,0.0003,-0.0091,0.0849,-0.0093,inf,1.5,1.5
40.2,10.02,0.0042,0.001,0.0003,-0.0091,0.0858,-0.0082,inf,1.5,1.5
40.233,10.02,0.0043,0.0,0.0002,-0.0032,0.0867,-0.0054,inf,1.5,1.5
40.25,10.02,0.0042,0.001,0.0003,-0.0106,0.0863,-0.0041,inf,1.5,1.5
40.25,10.02,0.0042,0.001,0.0003,-0.0106,0.0875,-0.0032,inf,1.5,1.5
40.25,10.02,0.0042,0.001,0.0003,-0.0106,0.0858,-0.0051,inf,1.5,1.5
40.283,10.02,0.0043,0.001,0.0002,-0.0082,0.0848,-0.0109,inf,1.5,1.5
40.283,10.02,0.0043,0.001,0.0002,-0.0082,0.085,-0.01,inf,1.5,1.5
40.3,10.02,0.0043,0.0007,0.0003,-0.0061,0.0857,-0.0082,inf,1.5,1.5
40.3,10.02,0.0043,0.0007,0.0003,-0.0061,0.0857,-0.0066,inf,1.5,1.5
40.3,10.02,0.0043,0.0007,0.0003,-0.0061,0.0847,-0.0076,inf,1.5,1.5
40.333,10.02,0.0043,0.0007,0.0008,-0.0153,0.0847,-0.0076,inf,1.5,1.5
40.333,10.02,0.0043,0.0007,0.0008,-0.0153,0.0857,-0.0119,inf,1.5,1.5
40.35,10.02,0.0043,0.0,-0.0001,-0.0047,0.088,-0.0029,inf,1.5,1.5
40.367,10.02,0.0043,0.0,0.0004,-0.0088,0.088,-0.0029,inf,1.5,1.5
40.367,10.02,0.0043,0.0,0.0004,-0.0088,0.0867,0.0007,inf,1.5,1.5
40.367,10.02,0.0043,0.0,0.0004,-0.0088,0.0861,-0.0043,inf,1.5,1.5
40.4,10.02,0.0043,0.0,-0.0005,0.0013,0.0859,-0.0072,inf,1.5,1.5
40.4,10.02,0.0043,0.0,-0.0005,0.0013,0.0874,-0.002,inf,1.5,1.5
40.417,10.02,0.0042,0.0,0.0005,-0.0014,0.0848,0.0006,inf,1.5,1.5
40.417,10.02,0.0042,0.0,0.0005,-0.0014,0.0848,0.0006,inf,1.5,1.5
40.417,10.02,0.0042,0.0,0.0005,-0.0014,0.0835,0.0005,inf,1.5,1.5
40.45,10.02,0.0043,0.0,0.0001,-0.0085,0.0823,-0.0053,inf,1.5,1.5
40.467,10.02,0.0042,0.0007,0.0002,-0.0114,0.0847,-0.0067,inf,1.5,1.5
40.467,10.02,0.0042,0.0007,0.0002,-0.0114,0.0854,-0.0121,inf,1.5,1.5
40.467,10.02,0.0042,0.0007,0.0002,-0.0114,0.087,-0.0146,inf,1.5,1.5
40.5,10.02,0.0043,0.0,0.0003,-0.0353,0.0876,-0.0103,inf,1.5,1.5
40.5,10.02,0.0043,0.0,0.0003,-0.0353,0.0873,-0.0215,inf,1.5,1.5
40.517,10.02,0.0042,0.001,0.0006,-0.0184,0.0899,-0.017,inf,1.5,1.5
40.533,10.02,0.0043,0.0,0.0009,-0.0279,0.0899,-0.017,inf,1.5,1.5
40.533,10.02,0.0043,0.0,0.0009,-0.0279,0.0846,-0.0236,inf,1.5,1.5
40.533,10.02,0.0043,0.0,0.0009,-0.0279,0.0852,-0.0234,inf,1.5,1.5
40.567,10.02,0.0043,0.0,0.0,0.0051,0.0852,-0.0234,inf,1.5,1.5
40.567,10.02,0.0043,0.0,0.0,0.0051,0.0875,-0.0037,inf,1.5,1.5
40.583,10.02,0.0043,0.0007,0.0041,-0.0302,0.0919,-0.0167,inf,1.5,1.5
40.583,10.02,0.0043,0.0007,0.0041,-0.0302,0.0923,-0.0183,inf,1.5,1.5
40.583,10.02,0.0043,0.0007,0.0041,-0.0302,0.0946,-0.0228,inf,1.5,1.5
40.617,10.02,0.0043,0.0,-0.0007,-0.0538,0.0913,-0.0338,inf,1.5,1.5
40.633,10.02,0.0044,0.0,-0.0,0.0021,0.0922,-0.0447,inf,1.5,1.5
40.633,10.02,0.0044,0.0,-0.0,0.0021,0.0918,-0.0148,inf,1.5,1.5
40.633,10.02,0.0044,0.0,-0.0,0.0021,0.0886,-0.0007,inf,1.5,1.5
40.667,10.02,0.0044,0.0,0.0,-0.003,0.0879,0.0071,inf,1.5,1.5
40.667,10.02,0.0044,0.0,0.0,-0.003,0.0869,0.0047,inf,1.5,1.5
40.683,10.02,0.0044,0.0,0.0001,0.0004,0.0875,0.0036,inf,1.5,1.5
40.7,10.02,0.0044,0.0,0.0001,0.0059,0.0869,0.0083,inf,1.5,1.5
40.7,10.02,0.0044,0.0,0.0001,0.0059,0.0862,0.0067,inf,1.5,1.5
40.7,10.02,0.0044,0.0,0.0001,0.0059,0.0883,0.0071,inf,1.5,1.5
40.733,10.02,0.0044,0.0,0.0003,0.0022,0.0857,0.0065,inf,1.5,1.5
40.733,10.02,0.0044,0.0,0.0003,0.0022,0.0877,0.0032,inf,1.5,1.5
40.75,10.02,0.0044,0.0,0.0003,-0.0047,0.0872,0.0016,inf,1.5,1.5
40.75,10.02,0.0044,0.0,0.0003,-0.0047,0.0885,-0.0023,inf,1.5,1.5
40.75,10.02,0.0044,0.0,0.0003,-0.0047,0.0871,-0.0037,inf,1.5,1.5
40.783,10.02,0.0044,0.0,0.0002,-0.0008,0.0883,0.0046,inf,1.5,1.5
40.8,10.02,0.0044,0.0,0.0001,0.0061,0.0872,0.0036,inf,1.5,1.5
40.8,10.02,0.0044,0.0,0.0001,0.0061,0.0818,0.0031,inf,1.5,1.5
40.8,10.02,0.0044,0.0,0.0001,0.0061,0.0869,0.0053,inf,1.5,1.5
40.833,10.02,0.0044,0.0,0.0002,-0.0077,0.0869,0.0053,inf,1.5,1.5
40.833,10.02,0.0044,0.0,0.0002,-0.0077,0.0882,-0.0039,inf,1.5,1.5
40.85,10.02,0.0044,0.0,-0.0001,0.0079,0.0889,0.0025,inf,1.5,1.5
40.867,10.02,0.0044,0.0,0.0,-0.0115,0.0901,0.0064,inf,1.5,1.5
40.867,10.02,0.0044,0.0,0.0,-0.0115,0.086,-0.0025,inf,1.5,1.5
40.867,10.02,0.0044,0.0,0.0,-0.0115,0.086,-0.0025,inf,1.5,1.5
40.9,10.02,0.0044,0.0,0.0004,-0.0021,0.086,-0.007,inf,1.5,1.5
40.9,10.02,0.0044,0.0,0.0004,-0.0021,0.0866,-0.0027,inf,1.5,1.5
40.917,10.02,0.0044,0.0,0.0003,-0.0251,0.0866,-0.0027,inf,1.5,1.5
40.917,10.02,0.0044,0.0,0.0003,-0.0251,0.0902,-0.0149,inf,1.5,1.5
40.917,10.02,0.0044,0.0,0.0003,-0.0251,0.0893,-0.0176,inf,1.5,1.5
40.95,10.02,0.0044,-0.0,0.0007,-0.044,0.0874,-0.0185,inf,1.5,1.5
40.95,10.02,0.0044,-0.0,0.0007,-0.044,0.088,-0.0278,inf,1.5,1.5
40.967,10.02,0.0045,0.0,0.0005,-0.0054,0.0888,-0.0133,inf,1.5,1.5
40.967,10.02,0.0045,0.0,0.0005,-0.0054,0.0874,-0.0096,inf,1.5,1.5
40.967,10.02,0.0045,0.0,0.0005,-0.0054,0.0877,-0.0014,inf,1.5,1.5
41.0,10.02,0.0045,-0.0,0.0001,-0.0038,0.0866,-0.0007,inf,1.5,1.5
41.017,10.02,0.0045,0.0,0.0006,-0.0012,0.0882,0.0004,inf,1.5,1.5
41.017,10.02,0.0045,0.0,0.0006,-0.0012,0.0906,0.0035,inf,1.5,1.5
41.033,10.02,0.0045,0.0,0.0,0.0027,0.0894,0.0015,inf,1.5,1.5
41.033,10.02,0.0045,0.0,0.0,0.0027,0.0878,0.0015,inf,1.5,1.5
41.033,10.02,0.0045,0.0,0.0,0.0027,0.0845,0.0032,inf,1.5,1.5
41.033,10.02,0.0045,0.0,0.0,0.0027,0.0861,0.0014,inf,1.5,1.5
41.067,10.02,0.0045,-0.0,0.0001,0.0019,0.0886,0.0018,inf,1.5,1.5
41.083,10.02,0.0046,0.0,-0.0,0.0078,0.0889,0.0023,inf,1.5,1.5
41.083,10.02,0.0046,0.0,-0.0,0.0078,0.0893,0.008,inf,1.5,1.5
41.083,10.02,0.0046,0.0,-0.0,0.0078,0.0898,0.0112,inf,1.5,1.5
41.117,10.02,0.0045,0.0,0.0004,0.0183,0.089,0.0098,inf,1.5,1.5
41.117,10.02,0.0045,0.0,0.0004,0.0183,0.0878,0.0114,inf,1.5,1.5
41.133,10.02,0.0045,-0.0,0.0002,-0.0041,0.0851,0.0035,inf,1.5,1.5
41.133,10.02,0.0045,-0.0,0.0002,-0.0041,0.087,0.002,inf,1.5,1.5
41.133,10.02,0.0045,-0.0,0.0002,-0.0041,0.0869,-0.0021,inf,1.5,1.5
41.167,10.02,0.0045,0.0,0.0003,0.0061,0.0856,0.0034,inf,1.5,1.5
41.183,10.02,0.0045,0.0,0.0,0.0044,0.0856,0.0034,inf,1.5,1.5
41.183,10.02,0.0045,0.0,0.0,0.0044,0.086,0.0027,inf,1.5,1.5
41.2,10.02,0.0045,0.0,0.0002,-0.0243,0.0869,-0.0146,inf,1.5,1.5
41.2,10.02,0.0045,0.0,0.0002,-0.0243,0.0886,-0.0167,inf,1.5,1.5
41.2,10.02,0.0045,0.0,0.0002,-0.0243,0.0869,-0.0228,inf,1.5,1.5
41.233,10.02,0.0046,-0.001,-0.0006,-0.0432,0.0863,-0.0282,inf,1.5,1.5
41.25,10.02,0.0047,-0.001,0.0002,0.0105,0.0851,-0.0324,inf,1.5,1.5
41.25,10.02,0.0047,-0.001,0.0002,0.0105,0.0834,-0.0061,inf,1.5,1.5
41.25,10.02,0.0047,-0.001,0.0002,0.0105,0.0836,0.0028,inf,1.5,1.5
41.283,10.02,0.0047,-0.0012,0.0,-0.0123,0.0841,0.0061,inf,1.5,1.5
41.283,10.02,0.0047,-0.0012,0.0,-0.0123,0.0855,0.0036,inf,1.5,1.5
41.3,10.02,0.0047,-0.0012,0.0002,0.0003,0.0841,-0.0004,inf,1.5,1.5
41.3,10.02,0.0047,-0.0012,0.0002,0.0003,0.0844,0.0003,inf,1.5,1.5
41.3,10.02,0.0047,-0.0012,0.0002,0.0003,0.0873,0.0035,inf,1.5,1.5
41.333,10.02,0.0047,-0.0015,-0.0017,0.016,0.0855,0.0122,inf,1.5,1.5
41.35,10.02,0.0047,-0.0012,0.0,-0.0096,0.0861,0.0151,inf,1.5,1.5
41.35,10.02,0.0047,-0.0012,0.0,-0.0096,0.0848,-0.0003,inf,1.5,1.5
41.367,10.02,0.0047,-0.0012,-0.0001,0.0041,0.0848,-0.0003,inf,1.5,1.5
41.367,10.02,0.0047,-0.0012,-0.0001,0.0041,0.0876,0.0026,inf,1.5,1.5
41.367,10.02,0.0047,-0.0012,-0.0001,0.0041,0.0891,-0.0004,inf,1.5,1.5
41.4,10.02,0.0047,-0.0012,0.0004,0.0012,0.0862,0.0008,inf,1.5,1.5
41.4,10.02,0.0047,-0.0012,0.0004,0.0012,0.086,-0.0001,inf,1.5,1.5
41.417,10.02,0.0047,-0.0014,0.0002,0.001,0.0862,0.0005,inf,1.5,1.5
41.417,10.02,0.0047,-0.0014,0.0002,0.001,0.0862,0.0005,inf,1.5,1.5
41.417,10.02,0.0047,-0.0014,0.0002,0.001,0.0851,0.0042,inf,1.5,1.5
41.45,10.02,0.0047,-0.0012,0.0005,-0.0195,0.0847,-0.0059,inf,1.5,1.5
41.467,10.02,0.0047,-0.0017,0.0008,0.0018,0.0854,-0.0084,inf,1.5,1.5
41.467,10.02,0.0047,-0.0017,0.0008,0.0018,0.0843,-0.0044,inf,1.5,1.5
41.467,10.02,0.0047,-0.0017,0.0008,0.0018,0.0867,0.0022,inf,1.5,1.5
41.5,10.02,0.0048,-0.0015,0.0003,0.0039,0.0855,0.0032,inf,1.5,1.5
41.5,10.02,0.0048,-0.0015,0.0003,0.0039,0.0888,0.0043,inf,1.5,1.5
41.517,10.02,0.0048,-0.0017,0.0006,0.0014,0.0905,0.007,inf,1.5,1.5
41.533,10.02,0.0048,-0.0014,0.0001,-0.0086,0.0892,0.004,inf,1.5,1.5
41.533,10.02,0.0048,-0.0014,0.0001,-0.0086,0.0864,-0.0052,inf,1.5,1.5
41.533,10.02,0.0048,-0.0014,0.0001,-0.0086,0.0864,-0.0052,inf,1.5,1.5
41.567,10.02,0.0048,-0.0015,0.0002,-0.0076,0.0867,-0.0081,inf,1.5,1.5
41.567,10.02,0.0048,-0.0015,0.0002,-0.0076,0.0863,-0.0076,inf,1.5,1.5
41.583,10.02,0.0048,-0.002,0.0001,-0.0142,0.0875,-0.0048,inf,1.5,1.5
41.583,10.02,0.0048,-0.002,0.0001,-0.0142,0.0864,-0.0097,inf,1.5,1.5
41.583,10.02,0.0048,-0.002,0.0001,-0.0142,0.0852,-0.0118,inf,1.5,1.5
41.617,10.02,0.0048,-0.002,0.0002,0.0101,0.0852,-0.0118,inf,1.5,1.5
41.633,10.02,0.0048,-0.0018,0.0003,0.0013,0.0893,0.0022,inf,1.5,1.5
41.633,10.02,0.0048,-0.0018,0.0003,0.0013,0.0937,0.0045,inf,1.5,1.5
41.633,10.02,0.0048,-0.0018,0.0003,0.0013,0.0937,0.0045,inf,1.5,1.5
41.667,10.02,0.0048,-0.0018,0.0006,-0.007,0.0879,0.002,inf,1.5,1.5
41.667,10.02,0.0048,-0.0018,0.0006,-0.007,0.089,-0.0027,inf,1.5,1.5
41.683,10.02,0.0048,-0.0021,0.0001,-0.0088,0.0879,-0.0028,inf,1.5,1.5
41.683,10.02,0.0048,-0.0021,0.0001,-0.0088,0.088,-0.0067,inf,1.5,1.5
41.7,10.02,0.0049,-0.0022,-0.0001,0.0051,0.0911,0.0028,inf,1.5,1.5
41.7,10.02,0.0049,-0.0022,-0.0001,0.0051,0.0907,0.0041,inf,1.5,1.5
41.7,10.02,0.0049,-0.0022,-0.0001,0.0051,0.0901,0.0074,inf,1.5,1.5
41.733,10.02,0.0048,-0.0021,-0.0,0.0067,0.0888,0.0069,inf,1.5,1.5
41.75,10.02,0.0049,-0.0023,0.0001,0.0002,0.0876,0.0075,inf,1.5,1.5
41.75,10.02,0.0049,-0.0023,0.0001,0.0002,0.0888,0.003,inf,1.5,1.5
41.75,10.02,0.0049,-0.0023,0.0001,0.0002,0.0877,-0.0001,inf,1.5,1.5
41.783,10.02,0.0048,-0.0021,-0.0012,0.008,0.0874,0.0008,inf,1.5,1.5
41.783,10.02,0.0048,-0.0021,-0.0012,0.008,0.0884,0.0062,inf,1.5,1.5
41.8,10.02,0.0048,-0.0018,0.0004,0.0026,0.0851,0.0008,inf,1.5,1.5
41.8,10.02,0.0048,-0.0018,0.0004,0.0026,0.0875,0.0045,inf,1.5,1.5
41.8,10.02,0.0048,-0.0018,0.0004,0.0026,0.087,0.0063,inf,1.5,1.5
41.833,10.02,0.0048,-0.002,0.0004,0.0073,0.0878,0.0052,inf,1.5,1.5
41.85,10.02,0.0048,-0.0018,0.0,-0.0025,0.0854,0.0102,inf,1.5,1.5
41.85,10.02,0.0048,-0.0018,0.0,-0.0025,0.0862,0.0005,inf,1.5,1.5
41.867,10.02,0.0048,-0.0017,0.0001,-0.0012,0.0862,0.0005,inf,1.5,1.5
41.867,10.02,0.0048,-0.0017,0.0001,-0.0012,0.0897,0.0007,inf,1.5,1.5
41.867,10.02,0.0048,-0.0017,0.0001,-0.0012,0.0885,0.0006,inf,1.5,1.5
41.9,10.02,0.0048,-0.002,0.0001,0.003,0.0885,0.0006,inf,1.5,1.5
41.9,10.02,0.0048,-0.002,0.0001,0.003,0.0862,0.0036,inf,1.5,1.5
41.917,10.02,0.0048,-0.0021,-0.0001,-0.0007,0.0871,0.0051,inf,1.5,1.5
41.917,10.02,0.0048,-0.0021,-0.0001,-0.0007,0.088,0.0007,inf,1.5,1.5
41.95,10.02,0.0048,-0.002,0.0005,-0.0107,0.0879,-0.0003,inf,1.5,1.5
41.95,10.02,0.0048,-0.002,0.0005,-0.0107,0.0904,-0.0073,inf,1.5,1.5
41.967,10.02,0.0048,-0.0022,-0.0,0.007,0.0898,-0.0088,inf,1.5,1.5
41.967,10.02,0.0048,-0.0022,-0.0,0.007,0.0929,0.0013,inf,1.5,1.5
41.967,10.02,0.0048,-0.0022,-0.0,0.007,0.09,0.0069,inf,1.5,1.5
42.0,10.02,0.0049,-0.0022,0.0018,-0.0093,0.09,0.0069,inf,1.5,1.5
42.017,10.02,0.0049,-0.0023,0.0003,0.0149,0.089,-0.0049,inf,1.5,1.5
42.017,10.02,0.0049,-0.0023,0.0003,0.0149,0.0874,0.0031,inf,1.5,1.5
42.033,10.02,0.0049,-0.0023,0.0001,-0.0087,0.0874,0.0031,inf,1.5,1.5
42.033,10.02,0.0049,-0.0023,0.0001,-0.0087,0.088,-0.0022,inf,1.5,1.5
42.033,10.02,0.0049,-0.0023,0.0001,-0.0087,0.0905,-0.0076,inf,1.5,1.5
42.067,10.02,0.0049,-0.0023,-0.0005,0.0053,0.0897,-0.0084,inf,1.5,1.5
42.067,10.02,0.0049,-0.0023,-0.0005,0.0053,0.0897,-0.0009,inf,1.5,1.5
42.083,10.02,0.0049,-0.0026,0.0003,-0.0159,0.0891,-0.0063,inf,1.5,1.5
42.083,10.02,0.0049,-0.0026,0.0003,-0.0159,0.0857,-0.007,inf,1.5,1.5
42.083,10.02,0.0049,-0.0026,0.0003,-0.0159,0.0869,-0.0102,inf,1.5,1.5
42.117,10.02,0.0049,-0.0028,0.0014,-0.0024,0.084,-0.0051,inf,1.5,1.5
42.133,10.02,0.0049,-0.0027,-0.0,0.0019,0.0848,-0.0015,inf,1.5,1.5
42.133,10.02,0.0049,-0.0027,-0.0,0.0019,0.0825,-0.001,inf,1.5,1.5
42.133,10.02,0.0049,-0.0027,-0.0,0.0019,0.0853,0.0008,inf,1.5,1.5
42.167,10.02,0.0049,-0.0027,-0.0001,-0.0097,0.0853,0.0008,inf,1.5,1.5
42.167,10.02,0.0049,-0.0027,-0.0001,-0.0097,0.0915,-0.0022,inf,1.5,1.5
42.183,10.02,0.005,-0.0029,0.0,-0.0025,0.0915,-0.0022,inf,1.5,1.5
42.2,10.02,0.005,-0.0028,0.0032,-0.0131,0.0879,-0.0038,inf,1.5,1.5
42.2,10.02,0.005,-0.0028,0.0032,-0.0131,0.0888,-0.008,inf,1.5,1.5
42.2,10.02,0.005,-0.0028,0.0032,-0.0131,0.0908,-0.0089,inf,1.5,1.5
42.233,10.02,0.005,-0.003,0.0005,-0.0,0.0908,-0.0089,inf,1.5,1.5
42.233,10.02,0.005,-0.003,0.0005,-0.0,0.0896,0.0012,inf,1.5,1.5
42.25,10.02,0.0049,-0.0028,0.0002,0.0007,0.0869,0.0024,inf,1.5,1.5
42.25,10.02,0.0049,-0.0028,0.0002,0.0007,0.0876,-0.0008,inf,1.5,1.5
42.25,10.02,0.0049,-0.0028,0.0002,0.0007,0.0881,-0.0016,inf,1.5,1.5
42.283,10.02,0.0049,-0.0028,0.0,0.0001,0.0893,-0.001,inf,1.5,1.5
42.283,10.02,0.0049,-0.0028,0.0,0.0001,0.0866,-0.0001,inf,1.5,1.5
42.283,10.02,0.0049,-0.0028,0.0,0.0001,0.086,0.0026,inf,1.5,1.5
42.3,10.02,0.005,-0.0029,0.0001,0.0029,0.087,0.0029,inf,1.5,1.5
42.3,10.02,0.005,-0.0029,0.0001,0.0029,0.0876,0.0052,inf,1.5,1.5
42.3,10.02,0.005,-0.0029,0.0001,0.0029,0.0857,0.0072,inf,1.5,1.5
42.333,10.02,0.0049,-0.0028,0.0001,0.0037,0.0882,0.0058,inf,1.5,1.5
42.35,10.02,0.0049,-0.0028,0.0001,-0.0093,0.0874,0.0027,inf,1.5,1.5
42.35,10.02,0.0049,-0.0028,0.0001,-0.0093,0.0895,-0.0022,inf,1.5,1.5
42.367,10.02,0.0049,-0.0028,0.0007,-0.0026,0.0892,-0.0008,inf,1.5,1.5
42.367,10.02,0.0049,-0.0028,0.0007,-0.0026,0.0892,-0.0008,inf,1.5,1.5
42.367,10.02,0.0049,-0.0028,0.0007,-0.0026,0.0894,0.0034,inf,1.5,1.5
42.4,10.02,0.0049,-0.0029,-0.0001,0.0002,0.0893,0.0018,inf,1.5,1.5
42.417,10.02,0.005,-0.0029,0.0037,-0.0068,0.0872,0.001,inf,1.5,1.5
42.417,10.02,0.005,-0.0029,0.0037,-0.0068,0.0901,-0.0047,inf,1.5,1.5
42.417,10.02,0.005,-0.0029,0.0037,-0.0068,0.0917,-0.0049,inf,1.5,1.5
42.45,10.02,0.005,-0.003,-0.0,0.0086,0.0907,-0.0075,inf,1.5,1.5
42.45,10.02,0.005,-0.003,-0.0,0.0086,0.0923,0.0029,inf,1.5,1.5
42.467,10.02,0.0049,-0.0028,0.0001,0.0032,0.0923,0.0029,inf,1.5,1.5
42.467,10.02,0.0049,-0.0028,0.0001,0.0032,0.0872,0.0031,inf,1.5,1.5
42.467,10.02,0.0049,-0.0028,0.0001,0.0032,0.0847,0.005,inf,1.5,1.5
42.5,10.02,0.0049,-0.0027,0.0003,0.0094,0.0847,0.005,inf,1.5,1.5
42.517,10.02,0.0049,-0.0029,0.0,0.0051,0.0873,0.0058,inf,1.5,1.5
42.517,10.02,0.0049,-0.0029,0.0,0.0051,0.0867,0.0053,inf,1.5,1.5
42.533,10.02,0.0049,-0.0028,-0.0001,0.0105,0.0867,0.0053,inf,1.5,1.5
42.533,10.02,0.0049,-0.0028,-0.0001,0.0105,0.0894,0.0131,inf,1.5,1.5
42.533,10.02,0.0049,-0.0028,-0.0001,0.0105,0.0931,0.0092,inf,1.5,1.5
42.567,10.02,0.0049,-0.0028,-0.0,-0.0006,0.0931,0.0092,inf,1.5,1.5
42.583,10.02,0.0049,-0.003,0.0003,-0.0069,0.0932,0.0028,inf,1.5,1.5
42.583,10.02,0.0049,-0.003,0.0003,-0.0069,0.0906,-0.0003,inf,1.5,1.5
42.583,10.02,0.0049,-0.003,0.0003,-0.0069,0.0917,-0.0031,inf,1.5,1.5
42.617,10.02,0.0049,-0.0028,-0.0001,0.0053,0.0867,-0.0038,inf,1.5,1.5
42.617,10.02,0.0049,-0.0028,-0.0001,0.0053,0.0863,-0.001,inf,1.5,1.5
42.633,10.02,0.0049,-0.0029,0.0013,-0.0097,0.0863,-0.001,inf,1.5,1.5
42.633,10.02,0.0049,-0.0029,0.0013,-0.0097,0.0871,-0.0102,inf,1.5,1.5
42.633,10.02,0.0049,-0.0029,0.0013,-0.0097,0.0847,-0.0099,inf,1.5,1.5
42.667,10.02,0.0049,-0.0029,-0.0002,-0.0021,0.0847,-0.0099,inf,1.5,1.5
42.683,10.02,0.0049,-0.0029,-0.0,0.0035,0.0825,-0.0049,inf,1.5,1.5
42.683,10.02,0.0049,-0.0029,-0.0,0.0035,0.0842,0.0003,inf,1.5,1.5
42.7,10.02,0.0049,-0.0028,0.0002,-0.0062,0.0842,0.0003,inf,1.5,1.5
42.7,10.02,0.0049,-0.0028,0.0002,-0.0062,0.0843,-0.0056,inf,1.5,1.5
42.7,10.02,0.0049,-0.0028,0.0002,-0.0062,0.0875,-0.0049,inf,1.5,1.5
42.733,10.02,0.0049,-0.003,0.0001,-0.0145,0.0861,-0.0049,inf,1.5,1.5
42.733,10.02,0.0049,-0.003,0.0001,-0.0145,0.0859,-0.0094,inf,1.5,1.5
42.75,10.02,0.0049,-0.0029,0.0012,0.003,0.0873,-0.001,inf,1.5,1.5
42.75,10.02,0.0049,-0.0029,0.0012,0.003,0.0869,0.0022,inf,1.5,1.5
42.75,10.02,0.0049,-0.0029,0.0012,0.003,0.0907,0.0073,inf,1.5,1.5
42.783,10.02,0.0049,-0.0029,0.0002,0.0026,0.0907,0.0068,inf,1.5,1.5
42.8,10.02,0.005,-0.0034,0.0002,-0.0441,0.087,0.0025,inf,1.5,1.5
42.8,10.02,0.005,-0.0034,0.0002,-0.0441,0.0856,-0.0233,inf,1.5,1.5
42.8,10.02,0.005,-0.0034,0.0002,-0.0441,0.0848,-0.0333,inf,1.5,1.5
42.833,10.02,0.005,-0.0039,0.0004,-0.0302,0.0848,-0.0333,inf,1.5,1.5
42.833,10.02,0.005,-0.0039,0.0004,-0.0302,0.0837,-0.0334,inf,1.5,1.5
42.85,10.02,0.005,-0.0038,-0.0,0.0072,0.0864,-0.0113,inf,1.5,1.5
42.867,10.02,0.005,-0.0037,0.0005,0.012,0.0842,0.0014,inf,1.5,1.5
42.867,10.02,0.005,-0.0037,0.0005,0.012,0.0877,0.0101,inf,1.5,1.5
42.867,10.02,0.005,-0.0037,0.0005,0.012,0.0901,0.0139,inf,1.5,1.5
42.9,10.02,0.005,-0.0038,0.0,-0.0012,0.09,0.0179,inf,1.5,1.5
42.9,10.02,0.005,-0.0038,0.0,-0.0012,0.0877,0.0039,inf,1.5,1.5
42.917,10.02,0.005,-0.0039,0.0002,-0.0047,0.0877,0.0039,inf,1.5,1.5
42.917,10.02,0.005,-0.0039,0.0002,-0.0047,0.0846,-0.0053,inf,1.5,1.5
42.917,10.02,0.005,-0.0039,0.0002,-0.0047,0.0851,-0.0024,inf,1.5,1.5
42.95,10.02,0.0051,-0.0038,0.0003,-0.0022,0.0851,-0.0024,inf,1.5,1.5
42.967,10.02,0.005,-0.0038,-0.0014,-0.0244,0.0869,0.0008,inf,1.5,1.5
42.967,10.02,0.005,-0.0038,-0.0014,-0.0244,0.086,-0.0135,inf,1.5,1.5
42.967,10.02,0.005,-0.0038,-0.0014,-0.0244,0.0881,-0.0166,inf,1.5,1.5
43.0,10.02,0.0051,-0.0041,-0.0001,-0.0349,0.087,-0.0198,inf,1.5,1.5
43.0,10.02,0.0051,-0.0041,-0.0001,-0.0349,0.087,-0.0256,inf,1.5,1.5
43.017,10.02,0.005,-0.004,-0.0003,0.0061,0.0861,-0.0051,inf,1.5,1.5
43.033,10.02,0.005,-0.0039,0.0001,0.0029,0.0861,-0.0051,inf,1.5,1.5
43.033,10.02,0.005,-0.0039,0.0001,0.0029,0.087,0.0068,inf,1.5,1.5
43.033,10.02,0.005,-0.0039,0.0001,0.0029,0.0896,0.0063,inf,1.5,1.5
43.067,10.02,0.005,-0.004,-0.0003,0.0109,0.0869,0.0057,inf,1.5,1.5
43.067,10.02,0.005,-0.004,-0.0003,0.0109,0.0874,0.009,inf,1.5,1.5
43.083,10.02,0.005,-0.0039,-0.0001,-0.0077,0.086,-0.0026,inf,1.5,1.5
43.083,10.02,0.005,-0.0039,-0.0001,-0.0077,0.0853,-0.0041,inf,1.5,1.5
43.083,10.02,0.005,-0.0039,-0.0001,-0.0077,0.0844,-0.0119,inf,1.5,1.5
43.117,10.02,0.005,-0.004,0.0001,-0.0047,0.085,-0.0096,inf,1.5,1.5
43.133,10.02,0.005,-0.0039,0.0001,-0.0011,0.0854,-0.0059,inf,1.5,1.5
43.133,10.02,0.005,-0.0039,0.0001,-0.0011,0.0881,0.0007,inf,1.5,1.5
43.133,10.02,0.005,-0.0039,0.0001,-0.0011,0.0907,-0.001,inf,1.5,1.5
43.167,10.02,0.005,-0.0039,-0.0,0.0021,0.0907,-0.001,inf,1.5,1.5
43.183,10.02,0.005,-0.0038,-0.0,-0.0001,0.0864,0.0042,inf,1.5,1.5
43.183,10.02,0.005,-0.0038,-0.0,-0.0001,0.0836,0.0059,inf,1.5,1.5
43.2,10.02,0.005,-0.0039,-0.0,-0.0032,0.0836,0.0059,inf,1.5,1.5
43.2,10.02,0.005,-0.0039,-0.0,-0.0032,0.0861,-0.0007,inf,1.5,1.5
43.2,10.02,0.005,-0.0039,-0.0,-0.0032,0.0837,-0.0009,inf,1.5,1.5
43.233,10.02,0.005,-0.0039,-0.0,0.0011,0.0838,-0.0023,inf,1.5,1.5
43.25,10.02,0.005,-0.0038,-0.0,-0.0003,0.0862,0.0002,inf,1.5,1.5
43.25,10.02,0.005,-0.0038,-0.0,-0.0003,0.0864,0.0002,inf,1.5,1.5
43.25,10.02,0.005,-0.0038,-0.0,-0.0003,0.0847,0.0019,inf,1.5,1.5
43.283,10.02,0.005,-0.0038,-0.0,-0.0029,0.0847,0.0019,inf,1.5,1.5
43.283,10.02,0.005,-0.0038,-0.0,-0.0029,0.0862,-0.0033,inf,1.5,1.5
43.3,10.02,0.005,-0.0038,-0.0,0.0026,0.0864,0.0001,inf,1.5,1.5
43.3,10.02,0.005,-0.0038,-0.0,0.0026,0.0852,0.0004,inf,1.5,1.5
43.3,10.02,0.005,-0.0038,-0.0,0.0026,0.0869,-0.0014,inf,1.5,1.5
43.333,10.02,0.005,-0.0039,-0.0,-0.0006,0.0869,-0.0014,inf,1.5,1.5
43.35,10.02,0.005,-0.0039,0.0001,0.0022,0.0893,0.0006,inf,1.5,1.5
43.35,10.02,0.005,-0.0039,0.0001,0.0022,0.0898,-0.0016,inf,1.5,1.5
43.367,10.02,0.005,-0.0038,0.0,0.0054,0.088,-0.0003,inf,1.5,1.5
43.367,10.02,0.005,-0.0038,0.0,0.0054,0.0841,0.0046,inf,1.5,1.5
43.367,10.02,0.005,-0.0038,0.0,0.0054,0.0848,0.0043,inf,1.5,1.5
43.4,10.02,0.005,-0.0038,-0.0001,0.0003,0.0863,0.0071,inf,1.5,1.5
43.4,10.02,0.005,-0.0038,-0.0001,0.0003,0.0879,0.0018,inf,1.5,1.5
43.417,10.02,0.005,-0.004,0.0,-0.0075,0.0867,-0.0038,inf,1.5,1.5
43.417,10.02,0.005,-0.004,0.0,-0.0075,0.0867,-0.0038,inf,1.5,1.5
43.417,10.02,0.005,-0.004,0.0,-0.0075,0.0908,-0.0027,inf,1.5,1.5
43.45,10.02,0.005,-0.004,0.0005,0.009,0.0875,0.0074,inf,1.5,1.5
43.467,10.02,0.005,-0.0039,0.0008,0.008,0.0873,0.0109,inf,1.5,1.5
43.467,10.02,0.005,-0.0039,0.0008,0.008,0.0835,0.0119,inf,1.5,1.5
43.467,10.02,0.005,-0.0039,0.0008,0.008,0.0848,0.0102,inf,1.5,1.5
43.5,10.02,0.005,-0.0038,-0.0,0.0081,0.0835,0.0089,inf,1.5,1.5
43.5,10.02,0.005,-0.0038,-0.0,0.0081,0.0838,0.0079,inf,1.5,1.5
43.517,10.02,0.005,-0.0039,0.0,-0.0016,0.0818,0.0025,inf,1.5,1.5
43.533,10.02,0.005,-0.0039,0.0,0.0041,0.0857,0.0013,inf,1.5,1.5
43.533,10.02,0.005,-0.0039,0.0,0.0041,0.0847,0.001,inf,1.5,1.5
43.533,10.02,0.005,-0.0039,0.0,0.0041,0.0846,0.0088,inf,1.5,1.5
43.567,10.02,0.005,-0.0039,0.0002,-0.0001,0.0857,0.001,inf,1.5,1.5
43.567,10.02,0.005,-0.0039,0.0002,-0.0001,0.0879,-0.0029,inf,1.5,1.5
43.583,10.02,0.005,-0.004,0.0002,-0.0036,0.0879,-0.0029,inf,1.5,1.5
43.583,10.02,0.005,-0.004,0.0002,-0.0036,0.0893,0.0001,inf,1.5,1.5
43.583,10.02,0.005,-0.004,0.0002,-0.0036,0.0888,-0.0016,inf,1.5,1.5
43.617,10.02,0.005,-0.0039,0.0001,0.0012,0.0888,-0.0016,inf,1.5,1.5
43.633,10.02,0.005,-0.0039,-0.0001,0.0139,0.0868,0.0021,inf,1.5,1.5
43.633,10.02,0.005,-0.0039,-0.0001,0.0139,0.0866,0.0065,inf,1.5,1.5
43.633,10.02,0.005,-0.0039,-0.0001,0.0139,0.0875,0.0093,inf,1.5,1.5
43.667,10.02,0.005,-0.0038,0.0001,-0.002,0.089,0.0084,inf,1.5,1.5
43.667,10.02,0.005,-0.0038,0.0001,-0.002,0.0884,0.0047,inf,1.5,1.5
43.683,10.02,0.005,-0.0039,0.0001,-0.0022,0.0898,-0.003,inf,1.5,1.5
43.7,10.02,0.005,-0.0039,0.0001,0.0124,0.089,-0.0043,inf,1.5,1.5
43.7,10.02,0.005,-0.0039,0.0001,0.0124,0.0888,0.0076,inf,1.5,1.5
43.7,10.02,0.005,-0.0039,0.0001,0.0124,0.0863,0.0117,inf,1.5,1.5
43.733,10.02,0.005,-0.0039,0.0001,-0.001,0.0864,0.0166,inf,1.5,1.5
43.733,10.02,0.005,-0.0039,0.0001,-0.001,0.0842,0.0121,inf,1.5,1.5
43.75,10.02,0.005,-0.0039,0.0003,0.0036,0.0842,0.0121,inf,1.5,1.5
43.75,10.02,0.005,-0.0039,0.0003,0.0036,0.0879,0.0034,inf,1.5,1.5
43.75,10.02,0.005,-0.0039,0.0003,0.0036,0.0906,0.0006,inf,1.5,1.5
43.783,10.02,0.005,-0.0038,0.0,-0.0,0.0899,0.0043,inf,1.5,1.5
43.783,10.02,0.005,-0.0038,0.0,-0.0,0.0907,0.0039,inf,1.5,1.5
43.8,10.02,0.005,-0.0039,0.0001,-0.0068,0.0892,-0.0012,inf,1.5,1.5
43.8,10.02,0.005,-0.0039,0.0001,-0.0068,0.0894,-0.005,inf,1.5,1.5
43.833,10.02,0.005,-0.0039,0.0,0.0035,0.0894,-0.005,inf,1.5,1.5
43.833,10.02,0.005,-0.0039,0.0,0.0035,0.0896,-0.0044,inf,1.5,1.5
43.85,10.02,0.005,-0.004,0.0,-0.0026,0.0879,-0.0022,inf,1.5,1.5
43.85,10.02,0.005,-0.004,0.0,-0.0026,0.0911,-0.0037,inf,1.5,1.5
43.867,10.02,0.005,-0.0038,0.0003,0.0011,0.088,-0.0008,inf,1.5,1.5
43.867,10.02,0.005,-0.0038,0.0003,0.0011,0.0853,0.0009,inf,1.5,1.5
43.867,10.02,0.005,-0.0038,0.0003,0.0011,0.0865,0.0018,inf,1.5,1.5
43.9,10.02,0.005,-0.004,-0.0,-0.002,0.0887,0.0012,inf,1.5,1.5
43.917,10.02,0.005,-0.0039,0.0004,0.0039,0.0876,0.002,inf,1.5,1.5
43.917,10.02,0.005,-0.0039,0.0004,0.0039,0.087,0.0026,inf,1.5,1.5
43.917,10.02,0.005,-0.0039,0.0004,0.0039,0.0884,0.0048,inf,1.5,1.5
43.95,10.02,0.005,-0.0037,-0.0,0.0081,0.0872,0.0012,inf,1.5,1.5
43.95,10.02,0.005,-0.0037,-0.0,0.0081,0.0875,0.003,inf,1.5,1.5
43.967,10.02,0.005,-0.0038,0.0001,0.0016,0.0873,0.0,inf,1.5,1.5
43.967,10.02,0.005,-0.0038,0.0001,0.0016,0.0859,0.0039,inf,1.5,1.5
43.967,10.02,0.005,-0.0038,0.0001,0.0016,0.086,-0.0005,inf,1.5,1.5
44.0,10.02,0.005,-0.0039,0.0001,-0.0029,0.086,-0.0005,inf,1.5,1.5
44.017,10.02,0.005,-0.0038,0.0003,0.0073,0.0875,-0.0004,inf,1.5,1.5
44.017,10.02,0.005,-0.0038,0.0003,0.0073,0.0856,0.0049,inf,1.5,1.5
44.033,10.02,0.005,-0.0038,0.0,-0.0017,0.0878,0.0003,inf,1.5,1.5
44.033,10.02,0.005,-0.0038,0.0,-0.0017,0.0859,0.0046,inf,1.5,1.5
44.033,10.02,0.005,-0.0038,0.0,-0.0017,0.0846,-0.0011,inf,1.5,1.5
44.067,10.02,0.005,-0.0039,0.0001,-0.0052,0.0873,-0.0012,inf,1.5,1.5
44.083,10.02,0.005,-0.0038,0.0,-0.0028,0.0846,-0.005,inf,1.5,1.5
44.083,10.02,0.005,-0.0038,0.0,-0.0028,0.0853,-0.0069,inf,1.5,1.5
44.083,10.02,0.005,-0.0038,0.0,-0.0028,0.0866,-0.0016,inf,1.5,1.5
44.117,10.02,0.005,-0.0038,0.0001,-0.0024,0.0925,-0.0023,inf,1.5,1.5
44.117,10.02,0.005,-0.0038,0.0001,-0.0024,0.0902,-0.0015,inf,1.5,1.5
44.133,10.02,0.005,-0.0038,0.0001,0.0073,0.0902,-0.0015,inf,1.5,1.5
44.133,10.02,0.005,-0.0038,0.0001,0.0073,0.0888,0.006,inf,1.5,1.5
44.133,10.02,0.005,-0.0038,0.0001,0.0073,0.0871,0.0019,inf,1.5,1.5
44.167,10.02,0.0049,-0.0037,0.0002,-0.0013,0.0871,0.0057,inf,1.5,1.5
44.167,10.02,0.0049,-0.0037,0.0002,-0.0013,0.0854,-0.0006,inf,1.5,1.5
44.183,10.02,0.005,-0.0037,0.0001,-0.0047,0.0853,0.0012,inf,1.5,1.5
44.2,10.02,0.0049,-0.0037,0.0001,0.0015,0.0839,0.0025,inf,1.5,1.5
44.2,10.02,0.0049,-0.0037,0.0001,0.0015,0.085,-0.0001,inf,1.5,1.5
44.2,10.02,0.0049,-0.0037,0.0001,0.0015,0.0848,-0.0021,inf,1.5,1.5
44.233,10.02,0.005,-0.0037,-0.0,-0.0017,0.0848,-0.0021,inf,1.5,1.5
44.233,10.02,0.005,-0.0037,-0.0,-0.0017,0.0884,-0.0002,inf,1.5,1.5
44.25,10.02,0.0049,-0.0037,0.0002,0.01,0.087,0.0016,inf,1.5,1.5
44.25,10.02,0.0049,-0.0037,0.0002,0.01,0.0887,-0.0,inf,1.5,1.5
44.25,10.02,0.0049,-0.0037,0.0002,0.01,0.089,0.0059,inf,1.5,1.5
44.283,10.02,0.005,-0.0037,0.0001,-0.0056,0.0911,0.0051,inf,1.5,1.5
44.283,10.02,0.005,-0.0037,0.0001,-0.0056,0.0921,-0.0019,inf,1.5,1.5
44.3,10.02,0.0049,-0.0037,0.0003,0.0121,0.089,0.0055,inf,1.5,1.5
44.3,10.02,0.0049,-0.0037,0.0003,0.0121,0.0898,0.0079,inf,1.5,1.5
44.3,10.02,0.0049,-0.0037,0.0003,0.0121,0.0874,0.0123,inf,1.5,1.5
44.333,10.02,0.0049,-0.0036,0.0003,0.0019,0.0864,0.0049,inf,1.5,1.5
44.35,10.02,0.005,-0.0037,0.0001,-0.0102,0.0873,0.0045,inf,1.5,1.5
44.35,10.02,0.005,-0.0037,0.0001,-0.0102,0.0879,-0.0039,inf,1.5,1.5
44.367,10.02,0.005,-0.0038,0.0003,-0.0112,0.0894,-0.0101,inf,1.5,1.5
44.367,10.02,0.005,-0.0038,0.0003,-0.0112,0.0854,-0.0109,inf,1.5,1.5
44.367,10.02,0.005,-0.0038,0.0003,-0.0112,0.0882,-0.013,inf,1.5,1.5
44.4,10.02,0.005,-0.0037,-0.0001,0.0069,0.0849,-0.0016,inf,1.5,1.5
44.417,10.02,0.005,-0.0037,0.0,-0.0036,0.0873,0.0056,inf,1.5,1.5
44.417,10.02,0.005,-0.0037,0.0,-0.0036,0.0879,0.001,inf,1.5,1.5
44.417,10.02,0.005,-0.0037,0.0,-0.0036,0.0884,0.0013,inf,1.5,1.5
44.45,10.02,0.005,-0.0038,0.0002,-0.003,0.0858,-0.0011,inf,1.5,1.5
44.45,10.02,0.005,-0.0038,0.0002,-0.003,0.0882,-0.0032,inf,1.5,1.5
44.467,10.02,0.0049,-0.0037,0.0002,0.0034,0.0895,-0.003,inf,1.5,1.5
44.467,10.02,0.0049,-0.0037,0.0002,0.0034,0.0895,0.0002,inf,1.5,1.5
44.467,10.02,0.0049,-0.0037,0.0002,0.0034,0.09,0.0032,inf,1.5,1.5
44.5,10.02,0.005,-0.0037,0.0005,-0.0054,0.089,-0.0008,inf,1.5,1.5
44.517,10.02,0.005,-0.0037,0.0,0.0017,0.088,-0.0045,inf,1.5,1.5
44.517,10.02,0.005,-0.0037,0.0,0.0017,0.0874,0.0009,inf,1.5,1.5
44.533,10.02,0.005,-0.0037,-0.0,0.0021,0.0874,0.0009,inf,1.5,1.5
44.533,10.02,0.005,-0.0037,-0.0,0.0021,0.087,0.0019,inf,1.5,1.5
44.533,10.02,0.005,-0.0037,-0.0,0.0021,0.0871,0.0043,inf,1.5,1.5
44.567,10.02,0.005,-0.0037,-0.0,0.0006,0.0871,0.0043,inf,1.5,1.5
44.583,10.02,0.005,-0.0037,-0.0001,0.0138,0.0851,0.004,inf,1.5,1.5
44.583,10.02,0.005,-0.0037,-0.0001,0.0138,0.0874,0.01,inf,1.5,1.5
44.583,10.02,0.005,-0.0037,-0.0001,0.0138,0.0874,0.01,inf,1.5,1.5
44.617,10.02,0.005,-0.0037,-0.0,-0.0001,0.0883,0.007,inf,1.5,1.5
44.617,10.02,0.005,-0.0037,-0.0,-0.0001,0.0865,0.0053,inf,1.5,1.5
44.633,10.02,0.0049,-0.0034,0.0017,0.0444,0.0865,0.0053,inf,1.5,1.5
44.633,10.02,0.0049,-0.0034,0.0017,0.0444,0.0875,0.0244,inf,1.5,1.5
44.633,10.02,0.0049,-0.0034,0.0017,0.0444,0.0896,0.035,inf,1.5,1.5
44.667,10.02,0.0049,-0.0033,0.0003,0.0093,0.0881,0.04,inf,1.5,1.5
44.667,10.02,0.0049,-0.0033,0.0003,0.0093,0.0885,0.0254,inf,1.5,1.5
44.683,10.02,0.0048,-0.003,0.001,0.0073,0.0861,0.0131,inf,1.5,1.5
44.7,10.02,0.0048,-0.0028,-0.0016,0.1108,0.0853,0.003,inf,1.5,1.5
44.7,10.02,0.0048,-0.0028,-0.0016,0.1108,0.0852,0.0561,inf,1.5,1.5
44.7,10.02,0.0048,-0.0028,-0.0016,0.1108,0.0855,0.079,inf,1.5,1.5
44.733,10.02,0.0048,-0.0024,0.0003,0.031,0.0872,0.0959,inf,1.5,1.5
44.733,10.02,0.0048,-0.0024,0.0003,0.031,0.0872,0.0585,inf,1.5,1.5
44.75,10.02,0.0047,-0.002,-0.0025,0.061,0.0851,0.0547,inf,1.5,1.5
44.75,10.02,0.0047,-0.002,-0.0025,0.061,0.0861,0.0453,inf,1.5,1.5
44.75,10.02,0.0047,-0.002,-0.0025,0.061,0.0865,0.0456,inf,1.5,1.5
44.783,10.02,0.0047,-0.002,0.0013,-0.0094,0.0878,0.0123,inf,1.5,1.5
44.8,10.02,0.0047,-0.002,0.0,0.0017,0.0843,-0.0023,inf,1.5,1.5
44.8,10.02,0.0047,-0.002,0.0,0.0017,0.086,-0.0109,inf,1.5,1.5
44.8,10.02,0.0047,-0.002,0.0,0.0017,0.0872,-0.0095,inf,1.5,1.5
44.833,10.02,0.0047,-0.0018,-0.0,0.0004,0.0872,-0.0095,inf,1.5,1.5
44.833,10.02,0.0047,-0.0018,-0.0,0.0004,0.0882,0.0013,inf,1.5,1.5
44.85,10.02,0.0047,-0.002,0.0003,-0.0007,0.0894,0.0035,inf,1.5,1.5
44.867,10.02,0.0047,-0.002,-0.0,0.0034,0.0859,0.0022,inf,1.5,1.5
44.867,10.02,0.0047,-0.002,-0.0,0.0034,0.0893,0.0025,inf,1.5,1.5
44.867,10.02,0.0047,-0.002,-0.0,0.0034,0.0873,0.0029,inf,1.5,1.5
44.9,10.02,0.0047,-0.0018,0.0005,0.0115,0.0886,0.0022,inf,1.5,1.5
44.9,10.02,0.0047,-0.0018,0.0005,0.0115,0.0861,0.0055,inf,1.5,1.5
44.917,10.02,0.0047,-0.0015,-0.0002,-0.0025,0.0887,0.0002,inf,1.5,1.5
44.917,10.02,0.0047,-0.0015,-0.0002,-0.0025,0.0875,-0.0029,inf,1.5,1.5
44.917,10.02,0.0047,-0.0015,-0.0002,-0.0025,0.0861,-0.0027,inf,1.5,1.5
44.95,10.02,0.0046,-0.0015,-0.0003,-0.0008,0.0824,-0.0022,inf,1.5,1.5
44.967,10.02,0.0046,-0.0015,-0.0005,0.0488,0.0847,-0.0011,inf,1.5,1.5
44.967,10.02,0.0046,-0.0015,-0.0005,0.0488,0.0841,0.0241,inf,1.5,1.5
44.967,10.02,0.0046,-0.0015,-0.0005,0.0488,0.0849,0.0334,inf,1.5,1.5
45.0,10.02,0.0046,-0.0014,-0.0003,0.0176,0.0849,0.0334,inf,1.5,1.5
45.0,10.02,0.0046,-0.0014,-0.0003,0.0176,0.0826,0.0306,inf,1.5,1.5
45.017,10.02,0.0046,-0.0012,0.0001,-0.0061,0.084,0.0092,inf,1.5,1.5
45.033,10.02,0.0046,-0.001,0.0004,-0.0101,0.084,0.0092,inf,1.5,1.5
45.033,10.02,0.0046,-0.001,0.0004,-0.0101,0.0833,-0.0095,inf,1.5,1.5
45.033,10.02,0.0046,-0.001,0.0004,-0.0101,0.0822,-0.0091,inf,1.5,1.5
45.067,10.02,0.0046,-0.0012,0.0004,0.0071,0.086,-0.0087,inf,1.5,1.5
45.067,10.02,0.0046,-0.0012,0.0004,0.0071,0.0846,-0.0017,inf,1.5,1.5
45.083,10.02,0.0045,-0.0007,-0.0004,0.0098,0.0862,0.005,inf,1.5,1.5
45.083,10.02,0.0045,-0.0007,-0.0004,0.0098,0.0819,0.0074,inf,1.5,1.5
45.083,10.02,0.0045,-0.0007,-0.0004,0.0098,0.0811,0.0096,inf,1.5,1.5
45.117,10.02,0.0045,-0.0007,0.0,-0.002,0.0816,0.0072,inf,1.5,1.5
45.133,10.02,0.0045,0.0,0.0004,-0.0043,0.0851,0.0011,inf,1.5,1.5
45.133,10.02,0.0045,0.0,0.0004,-0.0043,0.0872,-0.0019,inf,1.5,1.5
45.133,10.02,0.0045,0.0,0.0004,-0.0043,0.0854,-0.0001,inf,1.5,1.5
45.167,10.02,0.0045,-0.0007,-0.0002,-0.0335,0.0835,-0.0036,inf,1.5,1.5
45.167,10.02,0.0045,-0.0007,-0.0002,-0.0335,0.086,-0.0193,inf,1.5,1.5
45.183,10.02,0.0044,0.0,-0.0004,-0.0063,0.0905,-0.0114,inf,1.5,1.5
45.2,10.02,0.0044,0.0,-0.0,0.0134,0.0902,-0.0094,inf,1.5,1.5
45.2,10.02,0.0044,0.0,-0.0,0.0134,0.0864,0.0036,inf,1.5,1.5
45.2,10.02,0.0044,0.0,-0.0,0.0134,0.0849,0.0081,inf,1.5,1.5
45.233,10.02,0.0044,0.0,-0.0001,-0.004,0.0836,0.0123,inf,1.5,1.5
45.233,10.02,0.0044,0.0,-0.0001,-0.004,0.0843,0.0048,inf,1.5,1.5
45.25,10.02,0.0044,0.0,0.0001,0.0041,0.086,0.0102,inf,1.5,1.5
45.25,10.02,0.0044,0.0,0.0001,0.0041,0.086,0.0102,inf,1.5,1.5
45.25,10.02,0.0044,0.0,0.0001,0.0041,0.0872,0.0058,inf,1.5,1.5
45.283,10.02,0.0044,-0.0,-0.0,-0.0004,0.0857,0.0026,inf,1.5,1.5
45.3,10.02,0.0044,0.0,0.0005,0.0183,0.0838,0.0002,inf,1.5,1.5
45.3,10.02,0.0044,0.0,0.0005,0.0183,0.0839,0.0131,inf,1.5,1.5
45.3,10.02,0.0044,0.0,0.0005,0.0183,0.0849,0.0148,inf,1.5,1.5
45.333,10.02,0.0044,0.0,0.0,-0.0008,0.0868,0.0175,inf,1.5,1.5
45.333,10.02,0.0044,0.0,0.0,-0.0008,0.0874,0.0088,inf,1.5,1.5
45.35,10.02,0.0044,0.0,0.0011,-0.01,0.0874,0.0088,inf,1.5,1.5
45.367,10.02,0.0044,0.0,0.0026,0.0161,0.0865,-0.008,inf,1.5,1.5
45.367,10.02,0.0044,0.0,0.0026,0.0161,0.0907,0.0042,inf,1.5,1.5
45.367,10.02,0.0044,0.0,0.0026,0.0161,0.0907,0.0042,inf,1.5,1.5
45.4,10.02,0.0044,0.0,0.0007,-0.0019,0.0916,0.0159,inf,1.5,1.5
45.4,10.02,0.0044,0.0,0.0007,-0.0019,0.0912,0.0039,inf,1.5,1.5
45.417,10.02,0.0044,-0.0,0.0001,-0.0075,0.0912,0.0039,inf,1.5,1.5
45.417,10.02,0.0044,-0.0,0.0001,-0.0075,0.0914,0.0044,inf,1.5,1.5
45.417,10.02,0.0044,-0.0,0.0001,-0.0075,0.091,-0.0027,inf,1.5,1.5
45.417,10.02,0.0044,-0.0,0.0001,-0.0075,0.0907,-0.0006,inf,1.5,1.5
45.45,10.02,0.0044,-0.0,-0.0,-0.0026,0.0873,0.0003,inf,1.5,1.5
45.45,10.02,0.0044,-0.0,-0.0,-0.0026,0.0886,0.0013,inf,1.5,1.5
45.467,10.02,0.0044,0.0,0.0002,0.0034,0.0886,0.0013,inf,1.5,1.5
45.467,10.02,0.0044,0.0,0.0002,0.0034,0.0865,-0.0008,inf,1.5,1.5
45.467,10.02,0.0044,0.0,0.0002,0.0034,0.0883,0.0008,inf,1.5,1.5
45.5,10.02,0.0044,-0.0,0.0002,0.0021,0.0883,0.0008,inf,1.5,1.5
45.5,10.02,0.0044,-0.0,0.0002,0.0021,0.0893,0.0037,inf,1.5,1.5
45.517,10.02,0.0044,-0.0,0.0,-0.0022,0.0903,-0.0008,inf,1.5,1.5
45.533,10.02,0.0044,0.0,0.0003,0.0112,0.0921,-0.0012,inf,1.5,1.5
45.533,10.02,0.0044,0.0,0.0003,0.0112,0.0899,0.0093,inf,1.5,1.5
45.533,10.02,0.0044,0.0,0.0003,0.0112,0.0876,0.0073,inf,1.5,1.5
45.567,10.02,0.0044,0.0,0.0001,-0.0001,0.09,0.0078,inf,1.5,1.5
45.567,10.02,0.0044,0.0,0.0001,-0.0001,0.0874,0.0023,inf,1.5,1.5
45.583,10.02,0.0044,0.0,0.0,-0.0041,0.0869,0.0002,inf,1.5,1.5
45.583,10.02,0.0044,0.0,0.0,-0.0041,0.0871,-0.0056,inf,1.5,1.5
45.583,10.02,0.0044,0.0,0.0,-0.0041,0.0884,-0.0036,inf,1.5,1.5
45.617,10.02,0.0044,-0.0,0.0002,-0.0012,0.0896,-0.0015,inf,1.5,1.5
45.633,10.02,0.0044,0.0,0.0004,0.0009,0.0896,-0.0015,inf,1.5,1.5
45.633,10.02,0.0044,0.0,0.0004,0.0009,0.0888,0.0006,inf,1.5,1.5
45.633,10.02,0.0044,0.0,0.0004,0.0009,0.0879,0.0068,inf,1.5,1.5
45.667,10.02,0.0044,0.0,0.0007,0.0084,0.0858,0.0032,inf,1.5,1.5
45.667,10.02,0.0044,0.0,0.0007,0.0084,0.0858,0.0077,inf,1.5,1.5
45.683,10.02,0.0044,0.0,0.0001,-0.005,0.0861,-0.002,inf,1.5,1.5
45.7,10.02,0.0044,0.0,0.0,-0.0074,0.0888,-0.0058,inf,1.5,1.5
45.7,10.02,0.0044,0.0,0.0,-0.0074,0.0833,-0.0088,inf,1.5,1.5
45.7,10.02,0.0044,0.0,0.0,-0.0074,0.0833,-0.0088,inf,1.5,1.5
45.733,10.02,0.0044,0.0,0.0001,0.0073,0.0871,-0.0036,inf,1.5,1.5
45.733,10.02,0.0044,0.0,0.0001,0.0073,0.0838,0.0059,inf,1.5,1.5
45.75,10.02,0.0044,0.0,-0.0,-0.0086,0.0837,-0.0016,inf,1.5,1.5
45.75,10.02,0.0044,0.0,-0.0,-0.0086,0.0854,-0.0023,inf,1.5,1.5
45.75,10.02,0.0044,0.0,-0.0,-0.0086,0.0875,-0.0049,inf,1.5,1.5
45.783,10.02,0.0044,0.0,0.0002,-0.0072,0.0895,-0.0058,inf,1.5,1.5
45.8,10.02,0.0044,0.0,0.0001,0.0096,0.084,-0.0071,inf,1.5,1.5
45.8,10.02,0.0044,0.0,0.0001,0.0096,0.0881,0.0013,inf,1.5,1.5
45.8,10.02,0.0044,0.0,0.0001,0.0096,0.0867,0.0115,inf,1.5,1.5
45.833,10.02,0.0044,0.0,0.0005,-0.0087,0.0867,0.0115,inf,1.5,1.5
45.833,10.02,0.0044,0.0,0.0005,-0.0087,0.0865,0.002,inf,1.5,1.5
45.85,10.02,0.0044,0.0,0.0001,-0.0073,0.0865,0.002,inf,1.5,1.5
45.867,10.02,0.0044,0.0,0.0001,0.0109,0.0853,-0.0077,inf,1.5,1.5
45.867,10.02,0.0044,0.0,0.0001,0.0109,0.0844,0.0024,inf,1.5,1.5
45.867,10.02,0.0044,0.0,0.0001,0.0109,0.0844,0.0024,inf,1.5,1.5
45.9,10.02,0.0044,0.0,-0.0006,0.0189,0.0863,0.0105,inf,1.5,1.5
45.9,10.02,0.0044,0.0,-0.0006,0.0189,0.0855,0.015,inf,1.5,1.5
45.917,10.02,0.0043,0.0,-0.0007,0.0037,0.0855,0.015,inf,1.5,1.5
45.917,10.02,0.0043,0.0,-0.0007,0.0037,0.0857,0.0112,inf,1.5,1.5
45.917,10.02,0.0043,0.0,-0.0007,0.0037,0.085,0.0056,inf,1.5,1.5
45.95,10.02,0.0043,0.0007,0.0006,0.008,0.085,0.0056,inf,1.5,1.5
45.967,10.02,0.0043,0.001,0.0006,-0.0071,0.0884,0.0043,inf,1.5,1.5
45.967,10.02,0.0043,0.001,0.0006,-0.0071,0.0917,-0.0001,inf,1.5,1.5
45.967,10.02,0.0043,0.001,0.0006,-0.0071,0.0863,-0.001,inf,1.5,1.5
46.0,10.02,0.0043,0.0007,0.0001,-0.0142,0.0885,-0.0014,inf,1.5,1.5
46.0,10.02,0.0043,0.0007,0.0001,-0.0142,0.09,-0.0052,inf,1.5,1.5
46.017,10.02,0.0044,0.0,-0.0004,-0.0062,0.0898,-0.0069,inf,1.5,1.5
46.017,10.02,0.0044,0.0,-0.0004,-0.0062,0.0908,-0.0062,inf,1.5,1.5
46.033,10.02,0.0044,0.0,0.0003,0.0007,0.0861,0.002,inf,1.5,1.5
46.033,10.02,0.0044,0.0,0.0003,0.0007,0.0878,-0.0015,inf,1.5,1.5
46.033,10.02,0.0044,0.0,0.0003,0.0007,0.0884,-0.0024,inf,1.5,1.5
46.067,10.02,0.0043,0.0007,0.0002,0.0032,0.0889,-0.0015,inf,1.5,1.5
46.083,10.02,0.0044,0.0007,0.0005,-0.0046,0.0889,-0.0045,inf,1.5,1.5
46.083,10.02,0.0044,0.0007,0.0005,-0.0046,0.0887,-0.0066,inf,1.5,1.5
46.083,10.02,0.0044,0.0007,0.0005,-0.0046,0.087,-0.0099,inf,1.5,1.5
46.117,10.02,0.0044,0.0,0.0003,0.0059,0.0888,-0.0081,inf,1.5,1.5
46.117,10.02,0.0044,0.0,0.0003,0.0059,0.0877,-0.0018,inf,1.5,1.5
46.133,10.02,0.0044,0.0,0.0001,-0.0021,0.0877,-0.0018,inf,1.5,1.5
46.133,10.02,0.0044,0.0,0.0001,-0.0021,0.0878,0.0002,inf,1.5,1.5
46.133,10.02,0.0044,0.0,0.0001,-0.0021,0.0869,-0.0038,inf,1.5,1.5
46.167,10.02,0.0044,0.0,-0.0,-0.001,0.0869,-0.0038,inf,1.5,1.5
46.167,10.02,0.0044,0.0,-0.0,-0.001,0.0896,0.0003,inf,1.5,1.5
46.183,10.02,0.0044,0.0007,0.0,-0.0039,0.0887,-0.0032,inf,1.5,1.5
46.2,10.02,0.0043,0.001,0.0002,0.0066,0.0873,-0.0062,inf,1.5,1.5
46.2,10.02,0.0043,0.001,0.0002,0.0066,0.0861,-0.0014,inf,1.5,1.5
46.2,10.02,0.0043,0.001,0.0002,0.0066,0.0888,0.0081,inf,1.5,1.5
46.233,10.02,0.0044,0.0,0.0,-0.0028,0.0888,0.0081,inf,1.5,1.5
46.233,10.02,0.0044,0.0,0.0,-0.0028,0.0852,0.0019,inf,1.5,1.5
46.25,10.02,0.0044,0.0007,0.0001,0.0017,0.085,0.0071,inf,1.5,1.5
46.25,10.02,0.0044,0.0007,0.0001,0.0017,0.088,0.0061,inf,1.5,1.5
46.25,10.02,0.0044,0.0007,0.0001,0.0017,0.0893,0.0052,inf,1.5,1.5
46.283,10.02,0.0044,0.001,0.0,-0.0024,0.0893,0.0052,inf,1.5,1.5
46.3,10.02,0.0044,0.0007,0.0007,-0.0299,0.0905,-0.0008,inf,1.5,1.5
46.3,10.02,0.0044,0.0007,0.0007,-0.0299,0.0896,-0.0197,inf,1.5,1.5
46.3,10.02,0.0044,0.0007,0.0007,-0.0299,0.0866,-0.0256,inf,1.5,1.5
46.333,10.02,0.0044,0.001,0.0,0.0071,0.0861,-0.027,inf,1.5,1.5
46.333,10.02,0.0044,0.001,0.0,0.0071,0.0862,-0.0041,inf,1.5,1.5
46.35,10.02,0.0044,0.0007,0.0001,-0.0015,0.0864,0.0028,inf,1.5,1.5
46.35,10.02,0.0044,0.0007,0.0001,-0.0015,0.0867,0.0026,inf,1.5,1.5
46.367,10.02,0.0044,0.0007,0.0007,0.0006,0.0855,0.0027,inf,1.5,1.5
46.367,10.02,0.0044,0.0007,0.0007,0.0006,0.085,0.0008,inf,1.5,1.5
46.367,10.02,0.0044,0.0007,0.0007,0.0006,0.0872,-0.0013,inf,1.5,1.5
46.4,10.02,0.0043,0.001,-0.0013,0.0117,0.0875,0.0034,inf,1.5,1.5
46.417,10.02,0.0043,0.0007,-0.0004,-0.0514,0.0856,0.0034,inf,1.5,1.5
46.417,10.02,0.0043,0.0007,-0.0004,-0.0514,0.0862,-0.0226,inf,1.5,1.5
46.417,10.02,0.0043,0.0007,-0.0004,-0.0514,0.0883,-0.034,inf,1.5,1.5
46.45,10.02,0.0044,0.0007,-0.0007,-0.0454,0.0876,-0.0446,inf,1.5,1.5
46.45,10.02,0.0044,0.0007,-0.0007,-0.0454,0.0889,-0.0418,inf,1.5,1.5
46.467,10.02,0.0043,0.0007,0.0002,0.0232,0.088,-0.0012,inf,1.5,1.5
46.467,10.02,0.0043,0.0007,0.0002,0.0232,0.088,0.0153,inf,1.5,1.5
46.467,10.02,0.0043,0.0007,0.0002,0.0232,0.0861,0.0213,inf,1.5,1.5
46.5,10.02,0.0043,0.0007,0.0006,0.0057,0.0849,0.0169,inf,1.5,1.5
46.517,10.02,0.0043,0.0,0.0005,-0.002,0.0841,0.0116,inf,1.5,1.5
46.517,10.02,0.0043,0.0,0.0005,-0.002,0.0869,0.0039,inf,1.5,1.5
46.533,10.02,0.0043,0.0007,-0.0003,0.0004,0.0888,-0.0026,inf,1.5,1.5
46.533,10.02,0.0043,0.0007,-0.0003,0.0004,0.0892,-0.0018,inf,1.5,1.5
46.533,10.02,0.0043,0.0007,-0.0003,0.0004,0.0848,-0.0018,inf,1.5,1.5
46.567,10.02,0.0043,0.001,0.0011,-0.0131,0.0872,-0.0055,inf,1.5,1.5
46.583,10.02,0.0042,0.0015,-0.0006,-0.0062,0.0861,-0.0134,inf,1.5,1.5
46.583,10.02,0.0042,0.0015,-0.0006,-0.0062,0.0876,-0.0096,inf,1.5,1.5
46.583,10.02,0.0042,0.0015,-0.0006,-0.0062,0.0859,-0.0098,inf,1.5,1.5
46.617,10.02,0.0043,0.0012,0.0004,-0.0077,0.0866,-0.0055,inf,1.5,1.5
46.633,10.02,0.0043,0.0014,0.0001,-0.0035,0.0887,-0.0083,inf,1.5,1.5
46.633,10.02,0.0043,0.0014,0.0001,-0.0035,0.0862,-0.0045,inf,1.5,1.5
46.633,10.02,0.0043,0.0014,0.0001,-0.0035,0.0876,-0.0049,inf,1.5,1.5
46.633,10.02,0.0043,0.0014,0.0001,-0.0035,0.0868,-0.007,inf,1.5,1.5
46.667,10.02,0.0043,0.0012,-0.0,-0.0021,0.088,-0.0058,inf,1.5,1.5
46.683,10.02,0.0043,0.0012,0.0006,0.0078,0.0895,-0.0072,inf,1.5,1.5
46.683,10.02,0.0043,0.0012,0.0006,0.0078,0.0887,0.0026,inf,1.5,1.5
46.683,10.02,0.0043,0.0012,0.0006,0.0078,0.091,0.0007,inf,1.5,1.5
46.7,10.02,0.0042,0.0014,0.0013,-0.002,0.0902,0.0028,inf,1.5,1.5
46.7,10.02,0.0042,0.0014,0.0013,-0.002,0.0883,-0.0015,inf,1.5,1.5
46.7,10.02,0.0042,0.0014,0.0013,-0.002,0.0849,-0.003,inf,1.5,1.5
46.733,10.02,0.0043,0.001,0.0001,-0.0045,0.0846,-0.0021,inf,1.5,1.5
46.733,10.02,0.0043,0.001,0.0001,-0.0045,0.0848,-0.0011,inf,1.5,1.5
46.75,10.02,0.0043,0.0012,0.0003,0.0095,0.0851,0.0016,inf,1.5,1.5
46.75,10.02,0.0043,0.0012,0.0003,0.0095,0.0851,0.0016,inf,1.5,1.5
46.783,10.02,0.0043,0.0014,0.0007,-0.009,0.0874,0.0021,inf,1.5,1.5
46.783,10.02,0.0043,0.0014,0.0007,-0.009,0.0878,-0.0054,inf,1.5,1.5
46.8,10.02,0.0043,0.001,0.0003,-0.003,0.0872,-0.0069,inf,1.5,1.5
46.8,10.02,0.0043,0.001,0.0003,-0.003,0.0849,-0.008,inf,1.5,1.5
46.8,10.02,0.0043,0.001,0.0003,-0.003,0.0867,-0.0083,inf,1.5,1.5
46.833,10.02,0.0043,0.0012,0.0006,0.0029,0.0867,-0.0083,inf,1.5,1.5
46.833,10.02,0.0043,0.0012,0.0006,0.0029,0.0827,0.0024,inf,1.5,1.5
46.85,10.02,0.0043,0.0014,0.0,-0.0032,0.0846,-0.0034,inf,1.5,1.5
46.867,10.02,0.0043,0.0012,-0.0001,-0.0033,0.0847,-0.0033,inf,1.5,1.5
46.867,10.02,0.0043,0.0012,-0.0001,-0.0033,0.0865,-0.0016,inf,1.5,1.5
46.867,10.02,0.0043,0.0012,-0.0001,-0.0033,0.0873,0.0018,inf,1.5,1.5
46.867,10.02,0.0043,0.0012,-0.0001,-0.0033,0.0873,0.0018,inf,1.5,1.5
46.9,10.02,0.0043,0.0012,0.0002,0.006,0.0867,-0.0055,inf,1.5,1.5
46.9,10.02,0.0043,0.0012,0.0002,0.006,0.0883,-0.0005,inf,1.5,1.5
46.917,10.02,0.0043,0.0014,0.0003,0.001,0.0883,-0.0005,inf,1.5,1.5
46.917,10.02,0.0043,0.0014,0.0003,0.001,0.0871,-0.0022,inf,1.5,1.5
46.917,10.02,0.0043,0.0014,0.0003,0.001,0.0886,-0.0014,inf,1.5,1.5
46.95,10.02,0.0043,0.0014,0.0001,-0.0019,0.0886,-0.0014,inf,1.5,1.5
46.95,10.02,0.0043,0.0014,0.0001,-0.0019,0.0889,-0.0014,inf,1.5,1.5
46.967,10.02,0.0043,0.0012,-0.0001,0.0066,0.0875,0.0056,inf,1.5,1.5
46.967,10.02,0.0043,0.0012,-0.0001,0.0066,0.0898,0.0062,inf,1.5,1.5
47.0,10.02,0.0043,0.0015,-0.0,0.0014,0.0904,0.0054,inf,1.5,1.5
47.0,10.02,0.0043,0.0015,-0.0,0.0014,0.0869,0.0057,inf,1.5,1.5
47.017,10.02,0.0043,0.0012,0.0,0.0015,0.0857,0.0022,inf,1.5,1.5
47.017,10.02,0.0043,0.0012,0.0,0.0015,0.0848,-0.0002,inf,1.5,1.5
47.033,10.02,0.0043,0.0014,-0.0,-0.0022,0.0863,-0.0029,inf,1.5,1.5
47.033,10.02,0.0043,0.0014,-0.0,-0.0022,0.0845,-0.0012,inf,1.5,1.5
47.033,10.02,0.0043,0.0014,-0.0,-0.0022,0.0865,-0.0012,inf,1.5,1.5
47.067,10.02,0.0043,0.0012,0.0006,-0.0017,0.0885,0.0011,inf,1.5,1.5
47.083,10.02,0.0043,0.0015,0.0001,0.0004,0.0893,0.0015,inf,1.5,1.5
47.083,10.02,0.0043,0.0015,0.0001,0.0004,0.0888,0.0051,inf,1.5,1.5
47.083,10.02,0.0043,0.0015,0.0001,0.0004,0.0863,0.005,inf,1.5,1.5
47.117,10.02,0.0043,0.0014,-0.0003,-0.0107,0.0873,0.0028,inf,1.5,1.5
47.117,10.02,0.0043,0.0014,-0.0003,-0.0107,0.0854,-0.0074,inf,1.5,1.5
47.133,10.02,0.0043,0.0014,-0.0001,-0.0036,0.0855,-0.0062,inf,1.5,1.5
47.133,10.02,0.0043,0.0014,-0.0001,-0.0036,0.0832,-0.0042,inf,1.5,1.5
47.133,10.02,0.0043,0.0014,-0.0001,-0.0036,0.0845,-0.0039,inf,1.5,1.5
47.167,10.02,0.0043,0.0015,0.0001,-0.0062,0.0862,-0.0045,inf,1.5,1.5
47.183,10.02,0.0043,0.0012,0.0,0.0013,0.0861,-0.006,inf,1.5,1.5
47.183,10.02,0.0043,0.0012,0.0,0.0013,0.0876,-0.0021,inf,1.5,1.5
47.2,10.02,0.0043,0.0015,0.0001,0.0032,0.0897,0.0036,inf,1.5,1.5
47.2,10.02,0.0043,0.0015,0.0001,0.0032,0.0881,0.0032,inf,1.5,1.5
47.2,10.02,0.0043,0.0015,0.0001,0.0032,0.0851,0.0001,inf,1.5,1.5
47.233,10.02,0.0043,0.0015,0.0,-0.0031,0.0862,-0.0012,inf,1.5,1.5
47.25,10.02,0.0043,0.0015,-0.0001,0.0031,0.0864,-0.0045,inf,1.5,1.5
47.25,10.02,0.0043,0.0015,-0.0001,0.0031,0.0872,0.0008,inf,1.5,1.5
47.25,10.02,0.0043,0.0015,-0.0001,0.0031,0.0865,0.0029,inf,1.5,1.5
47.283,10.02,0.0043,0.0014,-0.0,0.0017,0.0856,0.0031,inf,1.5,1.5
47.283,10.02,0.0043,0.0014,-0.0,0.0017,0.0854,0.0025,inf,1.5,1.5
47.3,10.02,0.0043,0.0014,0.0001,-0.0044,0.0871,-0.0032,inf,1.5,1.5
47.3,10.02,0.0043,0.0014,0.0001,-0.0044,0.0837,-0.0016,inf,1.5,1.5
47.3,10.02,0.0043,0.0014,0.0001,-0.0044,0.0822,0.0007,inf,1.5,1.5
47.333,10.02,0.0043,0.0012,0.0003,0.001,0.0841,-0.0014,inf,1.5,1.5
47.35,10.02,0.0043,0.0015,-0.0,-0.0151,0.0858,0.0008,inf,1.5,1.5
47.35,10.02,0.0043,0.0015,-0.0,-0.0151,0.0889,-0.0092,inf,1.5,1.5
47.367,10.02,0.0043,0.0015,0.0006,-0.0091,0.0882,-0.0086,inf,1.5,1.5
47.367,10.02,0.0043,0.0015,0.0006,-0.0091,0.0897,-0.0078,inf,1.5,1.5
47.367,10.02,0.0043,0.0015,0.0006,-0.0091,0.0901,-0.0074,inf,1.5,1.5
47.4,10.02,0.0043,0.0012,0.0,-0.0041,0.0923,-0.0,inf,1.5,1.5
47.4,10.02,0.0043,0.0012,0.0,-0.0041,0.0908,-0.0019,inf,1.5,1.5
47.4,10.02,0.0043,0.0012,0.0,-0.0041,0.0913,0.0003,inf,1.5,1.5
47.417,10.02,0.0043,0.0015,0.0003,-0.0007,0.0876,-0.0029,inf,1.5,1.5
47.417,10.02,0.0043,0.0015,0.0003,-0.0007,0.0876,-0.0029,inf,1.5,1.5
47.417,10.02,0.0043,0.0015,0.0003,-0.0007,0.0881,-0.0075,inf,1.5,1.5
47.45,10.02,0.0043,0.0015,0.0002,0.0066,0.0888,-0.0048,inf,1.5,1.5
47.467,10.02,0.0043,0.0012,0.0,0.002,0.0884,0.0042,inf,1.5,1.5
47.467,10.02,0.0043,0.0012,0.0,0.002,0.0905,0.0021,inf,1.5,1.5
47.467,10.02,0.0043,0.0012,0.0,0.002,0.0913,0.0051,inf,1.5,1.5
47.5,10.02,0.0043,0.0015,0.0,0.0024,0.0915,0.0064,inf,1.5,1.5
47.5,10.02,0.0043,0.0015,0.0,0.0024,0.0907,0.0073,inf,1.5,1.5
47.517,10.02,0.0043,0.0012,0.0,0.002,0.0868,0.0082,inf,1.5,1.5
47.533,10.02,0.0043,0.0015,0.0001,0.0038,0.0868,0.0082,inf,1.5,1.5
47.533,10.02,0.0043,0.0015,0.0001,0.0038,0.0854,0.0054,inf,1.5,1.5
47.533,10.02,0.0043,0.0015,0.0001,0.0038,0.0879,0.0048,inf,1.5,1.5
47.567,10.02,0.0043,0.0014,-0.0001,-0.0015,0.0879,0.0048,inf,1.5,1.5
47.583,10.02,0.0043,0.0014,0.0002,0.004,0.0864,-0.0063,inf,1.5,1.5
47.583,10.02,0.0043,0.0014,0.0002,0.004,0.086,-0.0022,inf,1.5,1.5
47.583,10.02,0.0043,0.0014,0.0002,0.004,0.0825,0.0016,inf,1.5,1.5
47.617,10.02,0.0043,0.0014,0.0004,-0.0015,0.0864,0.0036,inf,1.5,1.5
47.617,10.02,0.0043,0.0014,0.0004,-0.0015,0.0877,0.0016,inf,1.5,1.5
47.633,10.02,0.0043,0.0015,0.0001,-0.0001,0.0894,0.0029,inf,1.5,1.5
47.633,10.02,0.0043,0.0015,0.0001,-0.0001,0.0903,0.0019,inf,1.5,1.5
47.633,10.02,0.0043,0.0015,0.0001,-0.0001,0.0882,0.0023,inf,1.5,1.5
47.667,10.02,0.0043,0.0014,-0.0,-0.0029,0.0882,0.0023,inf,1.5,1.5
47.683,10.02,0.0043,0.0014,0.0004,0.0013,0.0866,-0.0004,inf,1.5,1.5
47.683,10.02,0.0043,0.0014,0.0004,0.0013,0.0855,0.0007,inf,1.5,1.5
47.7,10.02,0.0043,0.0014,0.0001,-0.0036,0.0855,0.0007,inf,1.5,1.5
47.7,10.02,0.0043,0.0014,0.0001,-0.0036,0.0852,-0.0031,inf,1.5,1.5
47.7,10.02,0.0043,0.0014,0.0001,-0.0036,0.087,0.0008,inf,1.5,1.5
47.733,10.02,0.0043,0.0012,-0.0001,0.0029,0.0876,0.0006,inf,1.5,1.5
47.733,10.02,0.0043,0.0012,-0.0001,0.0029,0.0859,-0.0008,inf,1.5,1.5
47.75,10.02,0.0043,0.0014,-0.0,-0.0002,0.0871,-0.0031,inf,1.5,1.5
47.75,10.02,0.0043,0.0014,-0.0,-0.0002,0.0874,-0.0058,inf,1.5,1.5
47.75,10.02,0.0043,0.0014,-0.0,-0.0002,0.0898,0.0002,inf,1.5,1.5
47.783,10.02,0.0043,0.0014,0.0,-0.0051,0.0883,-0.0029,inf,1.5,1.5
47.8,10.02,0.0043,0.0014,-0.0,-0.0001,0.0865,-0.0069,inf,1.5,1.5
47.8,10.02,0.0043,0.0014,-0.0,-0.0001,0.088,-0.0039,inf,1.5,1.5
47.8,10.02,0.0043,0.0014,-0.0,-0.0001,0.0883,0.0002,inf,1.5,1.5
47.833,10.02,0.0043,0.0015,0.0,-0.0005,0.0868,0.0034,inf,1.5,1.5
47.85,10.02,0.0043,0.0014,0.0002,-0.0037,0.0861,0.0035,inf,1.5,1.5
47.85,10.02,0.0043,0.0014,0.0002,-0.0037,0.0846,-0.0028,inf,1.5,1.5
47.867,10.02,0.0043,0.0012,-0.0001,0.0023,0.0846,-0.0028,inf,1.5,1.5
47.867,10.02,0.0043,0.0012,-0.0001,0.0023,0.0839,0.001,inf,1.5,1.5
47.867,10.02,0.0043,0.0012,-0.0001,0.0023,0.0843,0.0002,inf,1.5,1.5
47.9,10.02,0.0043,0.0015,0.0001,0.0051,0.0843,0.0002,inf,1.5,1.5
47.9,10.02,0.0043,0.0015,0.0001,0.0051,0.0842,0.0017,inf,1.5,1.5
47.917,10.02,0.0043,0.0015,-0.0,-0.0073,0.0899,-0.0019,inf,1.5,1.5
47.917,10.02,0.0043,0.0015,-0.0,-0.0073,0.0894,0.0025,inf,1.5,1.5
47.917,10.02,0.0043,0.0015,-0.0,-0.0073,0.0893,-0.0062,inf,1.5,1.5
47.95,10.02,0.0043,0.0012,0.0,-0.0053,0.088,-0.0037,inf,1.5,1.5
47.967,10.02,0.0043,0.0015,0.0002,0.0035,0.087,-0.007,inf,1.5,1.5
47.967,10.02,0.0043,0.0015,0.0002,0.0035,0.0861,0.0022,inf,1.5,1.5
47.967,10.02,0.0043,0.0015,0.0002,0.0035,0.0854,0.0018,inf,1.5,1.5
48.0,10.02,0.0043,0.0015,-0.001,-0.0118,0.0873,0.004,inf,1.5,1.5
48.0,10.02,0.0043,0.0015,-0.001,-0.0118,0.0906,-0.0075,inf,1.5,1.5
48.017,10.02,0.0044,0.001,0.0005,-0.0123,0.0889,-0.0059,inf,1.5,1.5
48.033,10.02,0.0044,0.001,-0.0,-0.0032,0.0889,-0.0059,inf,1.5,1.5
48.033,10.02,0.0044,0.001,-0.0,-0.0032,0.0868,-0.0005,inf,1.5,1.5
48.033,10.02,0.0044,0.001,-0.0,-0.0032,0.0877,0.0011,inf,1.5,1.5
48.067,10.02,0.0044,0.0007,0.0001,-0.0031,0.0914,-0.0012,inf,1.5,1.5
48.067,10.02,0.0044,0.0007,0.0001,-0.0031,0.0918,-0.0023,inf,1.5,1.5
48.083,10.02,0.0044,0.0007,-0.0001,-0.0023,0.0919,-0.0027,inf,1.5,1.5
48.083,10.02,0.0044,0.0007,-0.0001,-0.0023,0.088,-0.0034,inf,1.5,1.5
48.083,10.02,0.0044,0.0007,-0.0001,-0.0023,0.0905,-0.0015,inf,1.5,1.5
48.117,10.02,0.0045,0.0,-0.0006,0.0104,0.0838,0.0041,inf,1.5,1.5
48.133,10.02,0.0045,0.0,0.0001,-0.0101,0.0827,0.0055,inf,1.5,1.5
48.133,10.02,0.0045,0.0,0.0001,-0.0101,0.0851,-0.0009,inf,1.5,1.5
48.133,10.02,0.0045,0.0,0.0001,-0.0101,0.0854,-0.0059,inf,1.5,1.5
48.167,10.02,0.0045,0.0007,0.0005,-0.0113,0.0854,-0.0059,inf,1.5,1.5
48.167,10.02,0.0045,0.0007,0.0005,-0.0113,0.0881,-0.0048,inf,1.5,1.5
48.183,10.02,0.0044,0.0,0.0002,0.0002,0.0915,-0.0026,inf,1.5,1.5
48.2,10.02,0.0045,0.0007,0.0,-0.0021,0.0881,0.0025,inf,1.5,1.5
48.2,10.02,0.0045,0.0007,0.0,-0.0021,0.0861,0.0009,inf,1.5,1.5
48.2,10.02,0.0045,0.0007,0.0,-0.0021,0.0854,-0.0025,inf,1.5,1.5
48.233,10.02,0.0045,0.0007,0.0001,0.0068,0.0858,0.0033,inf,1.5,1.5
48.233,10.02,0.0045,0.0007,0.0001,0.0068,0.0858,0.0033,inf,1.5,1.5
48.25,10.02,0.0045,0.0007,0.0002,0.0011,0.0859,0.0031,inf,1.5,1.5
48.25,10.02,0.0045,0.0007,0.0002,0.0011,0.0879,0.0028,inf,1.5,1.5
48.25,10.02,0.0045,0.0007,0.0002,0.0011,0.0883,0.005,inf,1.5,1.5
48.283,10.02,0.0044,0.0,0.0005,-0.002,0.0871,0.0004,inf,1.5,1.5
48.3,10.02,0.0045,0.0,0.0001,0.007,0.0892,-0.0007,inf,1.5,1.5
48.3,10.02,0.0045,0.0,0.0001,0.007,0.0898,-0.0025,inf,1.5,1.5
48.3,10.02,0.0045,0.0,0.0001,0.007,0.092,0.0021,inf,1.5,1.5
48.3,10.02,0.0045,0.0,0.0001,0.007,0.0892,0.0056,inf,1.5,1.5
48.333,10.02,0.0045,0.0007,0.0002,0.0026,0.092,0.0066,inf,1.5,1.5
48.333,10.02,0.0045,0.0007,0.0002,0.0026,0.0881,0.0042,inf,1.5,1.5
48.35,10.02,0.0045,0.0007,0.0003,-0.01,0.0884,0.0046,inf,1.5,1.5
48.367,10.02,0.0045,0.0,0.0004,-0.0086,0.0895,-0.0026,inf,1.5,1.5
48.367,10.02,0.0045,0.0,0.0004,-0.0086,0.0883,-0.0056,inf,1.5,1.5
48.367,10.02,0.0045,0.0,0.0004,-0.0086,0.0849,-0.0066,inf,1.5,1.5
48.367,10.02,0.0045,0.0,0.0004,-0.0086,0.0848,-0.0028,inf,1.5,1.5
48.4,10.02,0.0045,0.0,-0.0,0.0112,0.0836,0.0043,inf,1.5,1.5
48.417,10.02,0.0045,0.0,-0.0002,0.0032,0.084,0.0088,inf,1.5,1.5
48.417,10.02,0.0045,0.0,-0.0002,0.0032,0.0848,0.0091,inf,1.5,1.5
48.417,10.02,0.0045,0.0,-0.0002,0.0032,0.0867,0.0042,inf,1.5,1.5
48.45,10.02,0.0045,0.0,-0.0001,-0.0051,0.0867,0.0042,inf,1.5,1.5
48.45,10.02,0.0045,0.0,-0.0001,-0.0051,0.0869,-0.0064,inf,1.5,1.5
48.467,10.02,0.0045,0.0,0.0,0.0015,0.0887,-0.0024,inf,1.5,1.5
48.467,10.02,0.0045,0.0,0.0,0.0015,0.0864,0.0019,inf,1.5,1.5
48.467,10.02,0.0045,0.0,0.0,0.0015,0.0855,0.0022,inf,1.5,1.5
48.5,10.02,0.0045,0.0,0.0002,-0.0119,0.0867,-0.0016,inf,1.5,1.5
48.517,10.02,0.0045,0.0,-0.0,-0.0015,0.0883,-0.0064,inf,1.5,1.5
48.517,10.02,0.0045,0.0,-0.0,-0.0015,0.0884,-0.0005,inf,1.5,1.5
48.533,10.02,0.0045,0.0,0.0001,-0.0023,0.0878,-0.0026,inf,1.5,1.5
48.533,10.02,0.0045,0.0,0.0001,-0.0023,0.0882,-0.002,inf,1.5,1.5
48.533,10.02,0.0045,0.0,0.0001,-0.0023,0.0837,0.002,inf,1.5,1.5
48.567,10.02,0.0046,0.0,-0.0004,-0.0234,0.0842,-0.01,inf,1.5,1.5
48.583,10.02,0.0046,-0.0,0.0004,0.0029,0.0866,-0.0165,inf,1.5,1.5
48.583,10.02,0.0046,-0.0,0.0004,0.0029,0.0889,-0.0037,inf,1.5,1.5
48.583,10.02,0.0046,-0.0,0.0004,0.0029,0.0906,0.0024,inf,1.5,1.5
48.617,10.02,0.0046,0.0,0.0,-0.0031,0.0882,0.002,inf,1.5,1.5
48.633,10.02,0.0046,0.0,0.0,0.0048,0.085,-0.0045,inf,1.5,1.5
48.633,10.02,0.0046,0.0,0.0,0.0048,0.0857,0.0026,inf,1.5,1.5
48.633,10.02,0.0046,0.0,0.0,0.0048,0.0849,0.0043,inf,1.5,1.5
48.667,10.02,0.0046,0.0,0.0,0.0127,0.0861,0.0082,inf,1.5,1.5
48.667,10.02,0.0046,0.0,0.0,0.0127,0.0884,0.0104,inf,1.5,1.5
48.683,10.02,0.0046,0.0,0.0,0.005,0.0884,0.0104,inf,1.5,1.5
48.683,10.02,0.0046,0.0,0.0,0.005,0.0863,0.0097,inf,1.5,1.5
48.7,10.02,0.0046,0.0,0.0,-0.0141,0.0863,-0.004,inf,1.5,1.5
48.7,10.02,0.0046,0.0,0.0,-0.0141,0.0859,-0.015,inf,1.5,1.5
48.7,10.02,0.0046,0.0,0.0,-0.0141,0.0868,-0.0132,inf,1.5,1.5
48.7,10.02,0.0046,0.0,0.0,-0.0141,0.0882,-0.0144,inf,1.5,1.5
48.733,10.02,0.0047,0.0,0.0001,-0.0018,0.0877,-0.0107,inf,1.5,1.5
48.733,10.02,0.0047,0.0,0.0001,-0.0018,0.0877,-0.0107,inf,1.5,1.5
48.75,10.02,0.0046,0.0,0.0006,-0.0096,0.088,-0.0012,inf,1.5,1.5
48.75,10.02,0.0046,0.0,0.0006,-0.0096,0.0858,-0.0063,inf,1.5,1.5
48.75,10.02,0.0046,0.0,0.0006,-0.0096,0.0849,-0.0074,inf,1.5,1.5
48.783,10.02,0.0047,0.0,-0.0001,0.0115,0.0844,0.0053,inf,1.5,1.5
48.8,10.02,0.0046,-0.0,0.0003,-0.0009,0.085,0.0099,inf,1.5,1.5
48.8,10.02,0.0046,-0.0,0.0003,-0.0009,0.0833,0.0081,inf,1.5,1.5
48.8,10.02,0.0046,-0.0,0.0003,-0.0009,0.0837,0.0025,inf,1.5,1.5
48.833,10.02,0.0047,0.0,0.0001,-0.0029,0.0837,0.0025,inf,1.5,1.5
48.833,10.02,0.0047,0.0,0.0001,-0.0029,0.087,-0.0062,inf,1.5,1.5
48.85,10.02,0.0047,-0.0,0.0002,0.002,0.0858,-0.0036,inf,1.5,1.5
48.867,10.02,0.0047,-0.0,0.0001,0.0017,0.0862,-0.0026,inf,1.5,1.5
48.867,10.02,0.0047,-0.0,0.0001,0.0017,0.085,0.0025,inf,1.5,1.5
48.867,10.02,0.0047,-0.0,0.0001,0.0017,0.0861,0.0044,inf,1.5,1.5
48.9,10.02,0.0046,0.0,-0.0001,-0.0121,0.0888,0.0008,inf,1.5,1.5
48.9,10.02,0.0046,0.0,-0.0001,-0.0121,0.0889,-0.0063,inf,1.5,1.5
48.917,10.02,0.0047,-0.001,0.0001,-0.0011,0.0901,-0.0097,inf,1.5,1.5
48.917,10.02,0.0047,-0.001,0.0001,-0.0011,0.0882,-0.0056,inf,1.5,1.5
48.917,10.02,0.0047,-0.001,0.0001,-0.0011,0.0863,-0.0009,inf,1.5,1.5
48.95,10.02,0.0047,-0.0007,-0.0,-0.0037,0.0885,-0.0023,inf,1.5,1.5
48.95,10.02,0.0047,-0.0007,-0.0,-0.0037,0.0907,-0.0007,inf,1.5,1.5
48.967,10.02,0.0047,-0.001,0.0004,-0.0273,0.088,-0.0023,inf,1.5,1.5
48.967,10.02,0.0047,-0.001,0.0004,-0.0273,0.0914,-0.0135,inf,1.5,1.5
48.967,10.02,0.0047,-0.001,0.0004,-0.0273,0.0899,-0.0154,inf,1.5,1.5
49.0,10.02,0.0048,-0.001,0.0,-0.0011,0.0879,-0.0173,inf,1.5,1.5
49.0,10.02,0.0048,-0.001,0.0,-0.0011,0.0878,-0.0078,inf,1.5,1.5
49.017,10.02,0.0048,-0.0014,0.0001,-0.0059,0.0871,-0.0099,inf,1.5,1.5
49.033,10.02,0.0048,-0.0014,0.0034,-0.0239,0.0871,-0.0099,inf,1.5,1.5
49.033,10.02,0.0048,-0.0014,0.0034,-0.0239,0.0884,-0.0143,inf,1.5,1.5
49.033,10.02,0.0048,-0.0014,0.0034,-0.0239,0.0884,-0.0143,inf,1.5,1.5
49.067,10.02,0.0049,-0.0015,0.0009,0.0783,0.0908,-0.025,inf,1.5,1.5
49.067,10.02,0.0049,-0.0015,0.0009,0.0783,0.0876,0.0261,inf,1.5,1.5
49.083,10.02,0.005,-0.0012,0.0,-0.0,0.0862,0.0118,inf,1.5,1.5
49.083,10.02,0.005,-0.0012,0.0,-0.0,0.0876,0.0064,inf,1.5,1.5
49.083,10.02,0.005,-0.0012,0.0,-0.0,0.0879,0.0017,inf,1.5,1.5
49.117,10.02,0.005,-0.0012,0.0001,0.0019,0.0879,0.0017,inf,1.5,1.5
49.133,10.02,0.005,-0.001,0.0003,-0.0042,0.0889,0.0049,inf,1.5,1.5
49.133,10.02,0.005,-0.001,0.0003,-0.0042,0.0911,-0.0007,inf,1.5,1.5
49.133,10.02,0.005,-0.001,0.0003,-0.0042,0.091,-0.0032,inf,1.5,1.5
49.167,10.02,0.005,-0.0014,0.0001,-0.0049,0.0911,-0.0043,inf,1.5,1.5
49.167,10.02,0.005,-0.0014,0.0001,-0.0049,0.0921,-0.004,inf,1.5,1.5
49.183,10.02,0.005,-0.0007,0.0001,-0.0067,0.0897,-0.0058,inf,1.5,1.5
49.2,10.02,0.005,-0.0012,0.0001,0.0048,0.0897,-0.0058,inf,1.5,1.5
49.2,10.02,0.005,-0.0012,0.0001,0.0048,0.0846,0.0033,inf,1.5,1.5
49.2,10.02,0.005,-0.0012,0.0001,0.0048,0.0824,0.0052,inf,1.5,1.5
49.2,10.02,0.005,-0.0012,0.0001,0.0048,0.0842,0.0097,inf,1.5,1.5
49.233,10.02,0.005,-0.0012,-0.0001,0.0002,0.0842,0.0055,inf,1.5,1.5
49.233,10.02,0.005,-0.0012,-0.0001,0.0002,0.0838,0.0003,inf,1.5,1.5
49.25,10.02,0.005,-0.0014,0.0004,-0.0013,0.0848,-0.0007,inf,1.5,1.5
49.25,10.02,0.005,-0.0014,0.0004,-0.0013,0.0885,0.0013,inf,1.5,1.5
49.25,10.02,0.005,-0.0014,0.0004,-0.0013,0.088,0.0034,inf,1.5,1.5
49.283,10.02,0.005,-0.0012,0.0006,0.0005,0.0863,0.0016,inf,1.5,1.5
49.283,10.02,0.005,-0.0012,0.0006,0.0005,0.0839,0.0005,inf,1.5,1.5
49.3,10.02,0.0051,-0.0012,0.0001,-0.017,0.0849,-0.0089,inf,1.5,1.5
49.3,10.02,0.0051,-0.0012,0.0001,-0.017,0.0846,-0.0135,inf,1.5,1.5
49.3,10.02,0.0051,-0.0012,0.0001,-0.017,0.0852,-0.0172,inf,1.5,1.5
49.333,10.02,0.0051,-0.0015,0.0001,-0.0058,0.0884,-0.0099,inf,1.5,1.5
49.35,10.02,0.0051,-0.0012,0.0004,-0.0039,0.0865,-0.008,inf,1.5,1.5
49.35,10.02,0.0051,-0.0012,0.0004,-0.0039,0.0859,-0.0094,inf,1.5,1.5
49.367,10.02,0.0051,-0.0014,0.0003,-0.0102,0.0859,-0.0094,inf,1.5,1.5
49.367,10.02,0.0051,-0.0014,0.0003,-0.0102,0.0855,-0.0123,inf,1.5,1.5
