t,robot_x,robot_y,robot_speed,walker_y,gap,walking
0.017,1.5000,-0.0000,0.0000,2.1000,10.7079,0
0.033,1.5000,-0.0000,0.0002,2.1000,10.7079,0
0.050,1.5000,-0.0000,0.0002,2.1000,10.7079,0
0.067,1.5000,-0.0000,0.0002,2.1000,10.7079,0
0.083,1.5000,-0.0000,0.0002,2.1000,10.7079,0
0.100,1.5000,-0.0000,0.0002,2.1000,10.7079,0
0.117,1.5000,0.0000,0.0002,2.1000,10.7079,0
0.133,1.5000,-0.0000,0.0002,2.1000,10.7079,0
0.150,1.5000,0.0000,0.0002,2.1000,10.7079,0
0.167,1.5000,-0.0000,0.0002,2.1000,10.7079,0
0.183,1.5000,0.0000,0.0002,2.1000,10.7079,0
0.200,1.5000,-0.0000,0.0002,2.1000,10.7079,0
0.217,1.5001,0.0000,0.0002,2.1000,10.7079,0
0.233,1.5001,-0.0000,0.0002,2.1000,10.7079,0
0.250,1.5001,0.0000,0.0002,2.1000,10.7079,0
0.267,1.5001,-0.0000,0.0002,2.1000,10.7079,0
0.283,1.5001,-0.0000,0.0002,2.1000,10.7079,0
0.300,1.5001,-0.0000,0.0002,2.1000,10.7079,0
0.317,1.5001,0.0000,0.0002,2.1000,10.7079,0
0.333,1.5001,0.0000,0.0002,2.1000,10.7079,0
0.350,1.5001,-0.0000,0.0002,2.1000,10.7079,0
0.367,1.5001,-0.0000,0.0002,2.1000,10.7079,0
0.383,1.5001,-0.0000,0.0002,2.1000,10.7079,0
0.400,1.5001,-0.0000,0.0002,2.1000,10.7079,0
0.417,1.5001,-0.0000,0.0002,2.1000,10.7078,0
0.433,1.5001,-0.0000,0.0002,2.1000,10.7078,0
0.450,1.5001,-0.0000,0.0002,2.1000,10.7078,0
0.467,1.5001,-0.0000,0.0002,2.1000,10.7078,0
0.483,1.5001,-0.0000,0.0002,2.1000,10.7078,0
0.500,1.5001,-0.0000,0.0002,2.1000,10.7078,0
0.517,1.5001,-0.0000,0.0002,2.1000,10.7078,0
0.533,1.5001,-0.0000,0.0002,2.1000,10.7078,0
0.550,1.5001,-0.0000,0.0002,2.1000,10.7078,0
0.567,1.5001,-0.0000,0.0002,2.1000,10.7078,0
0.583,1.5001,-0.0000,0.0002,2.1000,10.7078,0
0.600,1.5001,-0.0000,0.0002,2.1000,10.7078,0
0.617,1.5001,0.0000,0.0002,2.1000,10.7078,0
0.633,1.5001,-0.0000,0.0002,2.1000,10.7078,0
0.650,1.5001,-0.0000,0.0002,2.1000,10.7078,0
0.667,1.5002,-0.0000,0.0002,2.1000,10.7078,0
0.683,1.5002,-0.0000,0.0002,2.1000,10.7078,0
0.700,1.5002,-0.0000,0.0002,2.1000,10.7078,0
0.717,1.5002,-0.0000,0.0002,2.1000,10.7078,0
0.733,1.5002,-0.0000,0.0002,2.1000,10.7078,0
0.750,1.5002,0.0000,0.0002,2.1000,10.7078,0
0.767,1.5002,-0.0000,0.0002,2.1000,10.7078,0
0.783,1.5002,-0.0000,0.0002,2.1000,10.7078,0
0.800,1.5002,-0.0000,0.0002,2.1000,10.7078,0
0.817,1.5002,-0.0000,0.0002,2.1000,10.7078,0
0.833,1.5002,-0.0000,0.0002,2.1000,10.7078,0
0.850,1.5002,-0.0000,0.0002,2.1000,10.7078,0
0.867,1.5002,-0.0000,0.0002,2.1000,10.7078,0
0.883,1.5002,-0.0000,0.0002,2.1000,10.7077,0
0.900,1.5002,-0.0000,0.0002,2.1000,10.7077,0
0.917,1.5002,0.0000,0.0002,2.1000,10.7077,0
0.933,1.5002,-0.0000,0.0002,2.1000,10.7077,0
0.950,1.5002,-0.0000,0.0003,2.1000,10.7077,0
0.967,1.5002,-0.0000,0.0002,2.1000,10.7077,0
0.983,1.5002,-0.0000,0.0002,2.1000,10.7077,0
1.000,1.5002,-0.0000,0.0002,2.1000,10.7077,0
1.017,1.5002,-0.0000,0.0002,2.1000,10.7077,0
1.033,1.5002,-0.0000,0.0002,2.1000,10.7077,0
1.050,1.5002,0.0000,0.0002,2.1000,10.7077,0
1.067,1.5002,-0.0000,0.0002,2.1000,10.7077,0
1.083,1.5002,-0.0000,0.0002,2.1000,10.7077,0
1.100,1.5002,0.0000,0.0002,2.1000,10.7077,0
1.117,1.5002,-0.0000,0.0002,2.1000,10.7077,0
1.133,1.5003,0.0000,0.0002,2.1000,10.7077,0
1.150,1.5003,-0.0000,0.0002,2.1000,10.7077,0
1.167,1.5003,0.0000,0.0002,2.1000,10.7077,0
1.183,1.5003,-0.0000,0.0002,2.1000,10.7077,0
1.200,1.5003,-0.0000,0.0002,2.1000,10.7077,0
1.217,1.5003,-0.0000,0.0002,2.1000,10.7077,0
1.233,1.5003,-0.0000,0.0002,2.1000,10.7077,0
1.250,1.5003,-0.0000,0.0002,2.1000,10.7077,0
1.267,1.5003,0.0000,0.0002,2.1000,10.7077,0
1.283,1.5003,-0.0000,0.0002,2.1000,10.7077,0
1.300,1.5003,-0.0000,0.0002,2.1000,10.7077,0
1.317,1.5003,-0.0000,0.0002,2.1000,10.7077,0
1.333,1.5003,0.0000,0.0002,2.1000,10.7077,0
1.350,1.5003,-0.0000,0.0002,2.1000,10.7076,0
1.367,1.5003,0.0000,0.0002,2.1000,10.7076,0
1.383,1.5003,-0.0000,0.0002,2.1000,10.7076,0
1.400,1.5003,-0.0000,0.0002,2.1000,10.7076,0
1.417,1.5003,-0.0000,0.0002,2.1000,10.7076,0
1.433,1.5003,-0.0000,0.0002,2.1000,10.7076,0
1.450,1.5003,0.0000,0.0002,2.1000,10.7076,0
1.467,1.5003,-0.0000,0.0002,2.1000,10.7076,0
1.483,1.5003,-0.0000,0.0002,2.1000,10.7076,0
1.500,1.5003,-0.0000,0.0002,2.1000,10.7076,0
1.517,1.5003,0.0000,0.0002,2.1000,10.7076,0
1.533,1.5003,-0.0000,0.0002,2.1000,10.7076,0
1.550,1.5003,0.0000,0.0002,2.1000,10.7076,0
1.567,1.5003,-0.0000,0.0002,2.1000,10.7076,0
1.583,1.5003,0.0000,0.0002,2.1000,10.7076,0
1.600,1.5004,-0.0000,0.0002,2.1000,10.7076,0
1.617,1.5004,0.0000,0.0002,2.1000,10.7076,0
1.633,1.5004,-0.0000,0.0002,2.1000,10.7076,0
1.650,1.5004,0.0000,0.0002,2.1000,10.7076,0
1.667,1.5004,-0.0000,0.0002,2.1000,10.7076,0
1.683,1.5004,-0.0000,0.0002,2.1000,10.7076,0
1.700,1.5004,-0.0000,0.0002,2.1000,10.7076,0
1.717,1.5004,-0.0000,0.0002,2.1000,10.7076,0
1.733,1.5004,-0.0000,0.0002,2.1000,10.7076,0
1.750,1.5004,-0.0000,0.0002,2.1000,10.7076,0
1.767,1.5004,-0.0000,0.0002,2.1000,10.7076,0
1.783,1.5004,-0.0000,0.0002,2.1000,10.7076,0
1.800,1.5004,0.0000,0.0002,2.1000,10.7076,0
1.817,1.5004,-0.0000,0.0002,2.1000,10.7075,0
1.833,1.5004,0.0000,0.0002,2.1000,10.7075,0
1.850,1.5004,-0.0000,0.0002,2.1000,10.7075,0
1.867,1.5004,-0.0000,0.0002,2.1000,10.7075,0
1.883,1.5004,-0.0000,0.0002,2.1000,10.7075,0
1.900,1.5004,-0.0000,0.0002,2.1000,10.7075,0
1.917,1.5004,-0.0000,0.0002,2.1000,10.7075,0
1.933,1.5004,0.0000,0.0002,2.1000,10.7075,0
1.950,1.5004,-0.0000,0.0002,2.1000,10.7075,0
1.967,1.5004,-0.0000,0.0002,2.1000,10.7075,0
1.983,1.5004,-0.0000,0.0002,2.1000,10.7075,0
2.000,1.5004,-0.0000,0.0002,2.1000,10.7075,0
2.017,1.5004,0.0000,0.0002,2.1000,10.7075,0
2.033,1.5004,-0.0000,0.0002,2.1000,10.7075,0
2.050,1.5005,0.0000,0.0002,2.1000,10.7075,0
2.067,1.5005,-0.0000,0.0002,2.1000,10.7075,0
2.083,1.5005,0.0000,0.0002,2.1000,10.7075,0
2.100,1.5005,-0.0000,0.0002,2.1000,10.7075,0
2.117,1.5005,0.0000,0.0002,2.1000,10.7075,0
2.133,1.5005,-0.0000,0.0002,2.1000,10.7075,0
2.150,1.5005,-0.0000,0.0002,2.1000,10.7075,0
2.167,1.5005,0.0000,0.0002,2.1000,10.7075,0
2.183,1.5005,-0.0000,0.0002,2.1000,10.7075,0
2.200,1.5005,0.0000,0.0002,2.1000,10.7075,0
2.217,1.5005,-0.0000,0.0002,2.1000,10.7075,0
2.233,1.5005,-0.0000,0.0002,2.1000,10.7075,0
2.250,1.5005,-0.0000,0.0002,2.1000,10.7075,0
2.267,1.5005,-0.0000,0.0002,2.1000,10.7075,0
2.283,1.5005,-0.0000,0.0002,2.1000,10.7074,0
2.300,1.5005,-0.0000,0.0002,2.1000,10.7074,0
2.317,1.5005,-0.0000,0.0002,2.1000,10.7074,0
2.333,1.5005,-0.0000,0.0002,2.1000,10.7074,0
2.350,1.5005,-0.0000,0.0002,2.1000,10.7074,0
2.367,1.5005,-0.0000,0.0002,2.1000,10.7074,0
2.383,1.5005,-0.0000,0.0002,2.1000,10.7074,0
2.400,1.5005,-0.0000,0.0002,2.1000,10.7074,0
2.417,1.5005,-0.0000,0.0002,2.1000,10.7074,0
2.433,1.5005,-0.0000,0.0002,2.1000,10.7074,0
2.450,1.5005,0.0000,0.0002,2.1000,10.7074,0
2.467,1.5005,-0.0000,0.0002,2.1000,10.7074,0
2.483,1.5005,-0.0000,0.0002,2.1000,10.7074,0
2.500,1.5005,-0.0000,0.0002,2.1000,10.7074,0
2.517,1.5006,0.0000,0.0002,2.1000,10.7074,0
2.533,1.5006,-0.0000,0.0002,2.1000,10.7074,0
2.550,1.5006,0.0000,0.0002,2.1000,10.7074,0
2.567,1.5006,-0.0000,0.0002,2.1000,10.7074,0
2.583,1.5006,0.0000,0.0002,2.1000,10.7074,0
2.600,1.5006,-0.0000,0.0002,2.1000,10.7074,0
2.617,1.5006,-0.0000,0.0002,2.1000,10.7074,0
2.633,1.5006,-0.0000,0.0002,2.1000,10.7074,0
2.650,1.5006,-0.0000,0.0002,2.1000,10.7074,0
2.667,1.5006,-0.0000,0.0002,2.1000,10.7074,0
2.683,1.5006,-0.0000,0.0002,2.1000,10.7074,0
2.700,1.5006,-0.0000,0.0002,2.1000,10.7074,0
2.717,1.5006,-0.0000,0.0003,2.1000,10.7074,0
2.733,1.5006,-0.0000,0.0002,2.1000,10.7074,0
2.750,1.5006,-0.0000,0.0002,2.1000,10.7074,0
2.767,1.5006,-0.0000,0.0002,2.1000,10.7073,0
2.783,1.5006,-0.0000,0.0002,2.1000,10.7073,0
2.800,1.5006,-0.0000,0.0002,2.1000,10.7073,0
2.817,1.5006,-0.0000,0.0002,2.1000,10.7073,0
2.833,1.5006,-0.0000,0.0002,2.1000,10.7073,0
2.850,1.5006,0.0000,0.0002,2.1000,10.7073,0
2.867,1.5006,-0.0000,0.0002,2.1000,10.7073,0
2.883,1.5006,-0.0000,0.0002,2.1000,10.7073,0
2.900,1.5006,-0.0000,0.0002,2.1000,10.7073,0
2.917,1.5006,0.0000,0.0002,2.1000,10.7073,0
2.933,1.5006,-0.0000,0.0002,2.1000,10.7073,0
2.950,1.5006,0.0000,0.0002,2.1000,10.7073,0
2.967,1.5006,-0.0000,0.0002,2.1000,10.7073,0
2.983,1.5007,0.0000,0.0002,2.1000,10.7073,0
3.000,1.5007,-0.0000,0.0002,2.1000,10.7073,0
3.017,1.5007,0.0000,0.0002,2.1000,10.7073,0
3.033,1.5007,-0.0000,0.0002,2.1000,10.7073,0
3.050,1.5007,0.0000,0.0002,2.1000,10.7073,0
3.067,1.5007,-0.0000,0.0002,2.1000,10.7073,0
3.083,1.5007,0.0000,0.0002,2.1000,10.7073,0
3.100,1.5007,-0.0000,0.0002,2.1000,10.7073,0
3.117,1.5007,0.0000,0.0002,2.1000,10.7073,0
3.133,1.5007,-0.0000,0.0002,2.1000,10.7073,0
3.150,1.5007,0.0000,0.0002,2.1000,10.7073,0
3.167,1.5007,-0.0000,0.0002,2.1000,10.7073,0
3.183,1.5007,-0.0000,0.0002,2.1000,10.7073,0
3.200,1.5007,-0.0000,0.0002,2.1000,10.7073,0
3.217,1.5007,0.0000,0.0002,2.1000,10.7073,0
3.233,1.5007,-0.0000,0.0002,2.1000,10.7072,0
3.250,1.5007,-0.0000,0.0002,2.1000,10.7072,0
3.267,1.5007,-0.0000,0.0002,2.1000,10.7072,0
3.283,1.5007,-0.0000,0.0002,2.1000,10.7072,0
3.300,1.5007,-0.0000,0.0002,2.1000,10.7072,0
3.317,1.5007,-0.0000,0.0002,2.1000,10.7072,0
3.333,1.5007,-0.0000,0.0002,2.1000,10.7072,0
3.350,1.5007,-0.0000,0.0002,2.1000,10.7072,0
3.367,1.5007,-0.0000,0.0002,2.1000,10.7072,0
3.383,1.5007,-0.0000,0.0002,2.1000,10.7072,0
3.400,1.5007,-0.0000,0.0002,2.1000,10.7072,0
3.417,1.5007,0.0000,0.0002,2.1000,10.7072,0
3.433,1.5007,-0.0000,0.0002,2.1000,10.7072,0
3.450,1.5008,-0.0000,0.0002,2.1000,10.7072,0
3.467,1.5008,-0.0000,0.0002,2.1000,10.7072,0
3.483,1.5008,-0.0000,0.0002,2.1000,10.7072,0
3.500,1.5008,-0.0000,0.0002,2.1000,10.7072,0
3.517,1.5008,-0.0000,0.0002,2.1000,10.7072,0
3.533,1.5008,-0.0000,0.0002,2.1000,10.7072,0
3.550,1.5008,-0.0000,0.0002,2.1000,10.7072,0
3.567,1.5008,-0.0000,0.0002,2.1000,10.7072,0
3.583,1.5008,-0.0000,0.0002,2.1000,10.7072,0
3.600,1.5008,-0.0000,0.0002,2.1000,10.7072,0
3.617,1.5008,-0.0000,0.0002,2.1000,10.7072,0
3.633,1.5008,-0.0000,0.0002,2.1000,10.7072,0
3.650,1.5008,-0.0000,0.0002,2.1000,10.7072,0
3.667,1.5008,-0.0000,0.0002,2.1000,10.7072,0
3.683,1.5008,-0.0000,0.0002,2.1000,10.7072,0
3.700,1.5008,-0.0000,0.0002,2.1000,10.7071,0
3.717,1.5008,-0.0000,0.0002,2.1000,10.7071,0
3.733,1.5008,-0.0000,0.0002,2.1000,10.7071,0
3.750,1.5008,-0.0000,0.0002,2.1000,10.7071,0
3.767,1.5008,0.0000,0.0002,2.1000,10.7071,0
3.783,1.5008,-0.0000,0.0002,2.1000,10.7071,0
3.800,1.5008,-0.0000,0.0002,2.1000,10.7071,0
3.817,1.5008,-0.0000,0.0002,2.1000,10.7071,0
3.833,1.5008,-0.0000,0.0002,2.1000,10.7071,0
3.850,1.5008,-0.0000,0.0002,2.1000,10.7071,0
3.867,1.5008,-0.0000,0.0002,2.1000,10.7071,0
3.883,1.5008,-0.0000,0.0002,2.1000,10.7071,0
3.900,1.5009,-0.0000,0.0002,2.1000,10.7071,0
3.917,1.5009,-0.0000,0.0002,2.1000,10.7071,0
3.933,1.5009,0.0000,0.0002,2.1000,10.7071,0
3.950,1.5009,-0.0000,0.0002,2.1000,10.7071,0
3.967,1.5009,-0.0000,0.0002,2.1000,10.7071,0
3.983,1.5009,-0.0000,0.0002,2.1000,10.7071,0
4.000,1.5009,0.0000,0.0002,2.1000,10.7071,0
4.017,1.5009,-0.0000,0.0002,2.1000,10.7071,0
4.033,1.5009,0.0000,0.0002,2.1000,10.7071,0
4.050,1.5009,-0.0000,0.0002,2.1000,10.7071,0
4.067,1.5009,-0.0000,0.0002,2.1000,10.7071,0
4.083,1.5009,0.0000,0.0002,2.1000,10.7071,0
4.100,1.5009,-0.0000,0.0002,2.1000,10.7071,0
4.117,1.5009,-0.0000,0.0002,2.1000,10.7071,0
4.133,1.5009,-0.0000,0.0002,2.1000,10.7071,0
4.150,1.5009,-0.0000,0.0002,2.1000,10.7071,0
4.167,1.5009,-0.0000,0.0002,2.1000,10.7070,0
4.183,1.5009,0.0000,0.0002,2.1000,10.7070,0
4.200,1.5009,-0.0000,0.0002,2.1000,10.7070,0
4.217,1.5009,-0.0000,0.0002,2.1000,10.7070,0
4.233,1.5009,-0.0000,0.0002,2.1000,10.7070,0
4.250,1.5009,0.0000,0.0002,2.1000,10.7070,0
4.267,1.5009,-0.0000,0.0002,2.1000,10.7070,0
4.283,1.5009,-0.0000,0.0002,2.1000,10.7070,0
4.300,1.5009,-0.0000,0.0002,2.1000,10.7070,0
4.317,1.5009,0.0000,0.0002,2.1000,10.7070,0
4.333,1.5009,-0.0000,0.0002,2.1000,10.7070,0
4.350,1.5009,0.0000,0.0002,2.1000,10.7070,0
4.367,1.5010,-0.0000,0.0002,2.1000,10.7070,0
4.383,1.5010,0.0000,0.0002,2.1000,10.7070,0
4.400,1.5010,-0.0000,0.0002,2.1000,10.7070,0
4.417,1.5010,0.0000,0.0002,2.1000,10.7070,0
4.433,1.5010,-0.0000,0.0002,2.1000,10.7070,0
4.450,1.5010,0.0000,0.0002,2.1000,10.7070,0
4.467,1.5010,-0.0000,0.0002,2.1000,10.7070,0
4.483,1.5010,0.0000,0.0002,2.1000,10.7070,0
4.500,1.5010,-0.0000,0.0002,2.1000,10.7070,0
4.517,1.5010,0.0000,0.0002,2.1000,10.7070,0
4.533,1.5010,-0.0000,0.0002,2.1000,10.7070,0
4.550,1.5010,0.0000,0.0002,2.1000,10.7070,0
4.567,1.5010,-0.0000,0.0002,2.1000,10.7070,0
4.583,1.5010,0.0000,0.0002,2.1000,10.7070,0
4.600,1.5010,-0.0000,0.0002,2.1000,10.7070,0
4.617,1.5010,0.0000,0.0002,2.1000,10.7070,0
4.633,1.5010,-0.0000,0.0002,2.1000,10.7070,0
4.650,1.5010,0.0000,0.0002,2.1000,10.7069,0
4.667,1.5010,-0.0000,0.0002,2.1000,10.7069,0
4.683,1.5010,-0.0000,0.0002,2.1000,10.7069,0
4.700,1.5010,-0.0000,0.0002,2.1000,10.7069,0
4.717,1.5010,-0.0000,0.0002,2.1000,10.7069,0
4.733,1.5010,-0.0000,0.0002,2.1000,10.7069,0
4.750,1.5010,-0.0000,0.0002,2.1000,10.7069,0
4.767,1.5010,-0.0000,0.0002,2.1000,10.7069,0
4.783,1.5010,-0.0000,0.0002,2.1000,10.7069,0
4.800,1.5010,-0.0000,0.0002,2.1000,10.7069,0
4.817,1.5011,-0.0000,0.0002,2.1000,10.7069,0
4.833,1.5011,-0.0000,0.0002,2.1000,10.7069,0
4.850,1.5011,0.0000,0.0002,2.1000,10.7069,0
4.867,1.5011,-0.0000,0.0002,2.1000,10.7069,0
4.883,1.5011,0.0000,0.0002,2.1000,10.7069,0
4.900,1.5011,-0.0000,0.0002,2.1000,10.7069,0
4.917,1.5011,0.0000,0.0002,2.1000,10.7069,0
4.933,1.5011,-0.0000,0.0002,2.1000,10.7069,0
4.950,1.5011,0.0000,0.0002,2.1000,10.7069,0
4.967,1.5011,-0.0000,0.0002,2.1000,10.7069,0
4.983,1.5011,0.0000,0.0002,2.1000,10.7069,0
5.000,1.5011,-0.0000,0.0002,2.1000,10.7069,0
5.017,1.5011,0.0000,0.0002,2.1000,10.7069,0
5.033,1.5011,-0.0000,0.0002,2.1000,10.7069,0
5.050,1.5011,0.0000,0.0002,2.1000,10.7069,0
5.067,1.5011,-0.0000,0.0002,2.1000,10.7069,0
5.083,1.5011,0.0000,0.0002,2.1000,10.7069,0
5.100,1.5011,-0.0000,0.0002,2.1000,10.7069,0
5.117,1.5011,0.0000,0.0002,2.1000,10.7068,0
5.133,1.5011,-0.0000,0.0002,2.1000,10.7068,0
5.150,1.5011,0.0000,0.0002,2.1000,10.7068,0
5.167,1.5011,-0.0000,0.0002,2.1000,10.7068,0
5.183,1.5011,0.0000,0.0002,2.1000,10.7068,0
5.200,1.5011,-0.0000,0.0002,2.1000,10.7068,0
5.217,1.5011,0.0000,0.0002,2.1000,10.7068,0
5.233,1.5011,-0.0000,0.0002,2.1000,10.7068,0
5.250,1.5011,-0.0000,0.0002,2.1000,10.7068,0
5.267,1.5011,-0.0000,0.0002,2.1000,10.7068,0
5.283,1.5012,0.0000,0.0002,2.1000,10.7068,0
5.300,1.5012,-0.0000,0.0002,2.1000,10.7068,0
5.317,1.5012,-0.0000,0.0002,2.1000,10.7068,0
5.333,1.5012,-0.0000,0.0002,2.1000,10.7068,0
5.350,1.5012,-0.0000,0.0002,2.1000,10.7068,0
5.367,1.5012,-0.0000,0.0002,2.1000,10.7068,0
5.383,1.5012,-0.0000,0.0002,2.1000,10.7068,0
5.400,1.5012,-0.0000,0.0002,2.1000,10.7068,0
5.417,1.5012,-0.0000,0.0002,2.1000,10.7068,0
5.433,1.5012,-0.0000,0.0002,2.1000,10.7068,0
5.450,1.5012,-0.0000,0.0002,2.1000,10.7068,0
5.467,1.5012,-0.0000,0.0002,2.1000,10.7068,0
5.483,1.5012,0.0000,0.0002,2.1000,10.7068,0
5.500,1.5012,-0.0000,0.0002,2.1000,10.7068,0
5.517,1.5012,-0.0000,0.0002,2.1000,10.7068,0
5.533,1.5012,-0.0000,0.0002,2.1000,10.7068,0
5.550,1.5012,-0.0000,0.0002,2.1000,10.7068,0
5.567,1.5012,-0.0000,0.0002,2.1000,10.7068,0
5.583,1.5012,-0.0000,0.0002,2.1000,10.7067,0
5.600,1.5012,-0.0000,0.0002,2.1000,10.7067,0
5.617,1.5012,-0.0000,0.0002,2.1000,10.7067,0
5.633,1.5012,0.0000,0.0002,2.1000,10.7067,0
5.650,1.5012,-0.0000,0.0002,2.1000,10.7067,0
5.667,1.5012,-0.0000,0.0002,2.1000,10.7067,0
5.683,1.5012,0.0000,0.0002,2.1000,10.7067,0
5.700,1.5012,0.0000,0.0002,2.1000,10.7067,0
5.717,1.5012,-0.0000,0.0002,2.1000,10.7067,0
5.733,1.5012,0.0000,0.0002,2.1000,10.7067,0
5.750,1.5013,-0.0000,0.0002,2.1000,10.7067,0
5.767,1.5013,0.0000,0.0002,2.1000,10.7067,0
5.783,1.5013,-0.0000,0.0002,2.1000,10.7067,0
5.800,1.5013,-0.0000,0.0002,2.1000,10.7067,0
5.817,1.5013,0.0000,0.0002,2.1000,10.7067,0
5.833,1.5013,-0.0000,0.0002,2.1000,10.7067,0
5.850,1.5013,0.0000,0.0002,2.1000,10.7067,0
5.867,1.5013,-0.0000,0.0002,2.1000,10.7067,0
5.883,1.5013,0.0000,0.0002,2.1000,10.7067,0
5.900,1.5013,-0.0000,0.0002,2.1000,10.7067,0
5.917,1.5013,0.0000,0.0002,2.1000,10.7067,0
5.933,1.5013,-0.0000,0.0002,2.1000,10.7067,0
5.950,1.5013,0.0000,0.0002,2.1000,10.7067,0
5.967,1.5013,-0.0000,0.0002,2.1000,10.7067,0
5.983,1.5013,0.0000,0.0002,2.1000,10.7067,0
6.000,1.5013,-0.0000,0.0002,2.1000,10.7067,0
6.017,1.5013,0.0000,0.0002,2.1000,10.7067,0
6.033,1.5013,-0.0000,0.0002,2.1000,10.7067,0
6.050,1.5013,-0.0000,0.0002,2.1000,10.7066,0
6.067,1.5013,-0.0000,0.0002,2.1000,10.7066,0
6.083,1.5013,-0.0000,0.0002,2.1000,10.7066,0
6.100,1.5013,-0.0000,0.0003,2.1000,10.7066,0
6.117,1.5013,-0.0000,0.0002,2.1000,10.7066,0
6.133,1.5013,0.0000,0.0002,2.1000,10.7066,0
6.150,1.5013,-0.0000,0.0002,2.1000,10.7066,0
6.167,1.5013,-0.0000,0.0002,2.1000,10.7066,0
6.183,1.5013,0.0000,0.0002,2.1000,10.7066,0
6.200,1.5014,-0.0000,0.0002,2.1000,10.7066,0
6.217,1.5014,0.0000,0.0002,2.1000,10.7066,0
6.233,1.5014,-0.0000,0.0002,2.1000,10.7066,0
6.250,1.5014,0.0000,0.0002,2.1000,10.7066,0
6.267,1.5014,-0.0000,0.0002,2.1000,10.7066,0
6.283,1.5014,0.0000,0.0002,2.1000,10.7066,0
6.300,1.5014,-0.0000,0.0002,2.1000,10.7066,0
6.317,1.5014,0.0000,0.0002,2.1000,10.7066,0
6.333,1.5014,-0.0000,0.0002,2.1000,10.7066,0
6.350,1.5014,-0.0000,0.0002,2.1000,10.7066,0
6.367,1.5014,-0.0000,0.0002,2.1000,10.7066,0
6.383,1.5014,0.0000,0.0002,2.1000,10.7066,0
6.400,1.5014,-0.0000,0.0002,2.1000,10.7066,0
6.417,1.5014,0.0000,0.0002,2.1000,10.7066,0
6.433,1.5014,-0.0000,0.0002,2.1000,10.7066,0
6.450,1.5014,-0.0000,0.0002,2.1000,10.7066,0
6.467,1.5014,-0.0000,0.0002,2.1000,10.7066,0
6.483,1.5014,-0.0000,0.0002,2.1000,10.7066,0
6.500,1.5014,0.0000,0.0002,2.1000,10.7066,0
6.517,1.5014,-0.0000,0.0002,2.1000,10.7065,0
6.533,1.5014,-0.0000,0.0002,2.1000,10.7065,0
6.550,1.5014,-0.0000,0.0002,2.1000,10.7065,0
6.567,1.5014,0.0000,0.0002,2.1000,10.7065,0
6.583,1.5014,-0.0000,0.0002,2.1000,10.7065,0
6.600,1.5014,-0.0000,0.0002,2.1000,10.7065,0
6.617,1.5014,0.0000,0.0002,2.1000,10.7065,0
6.633,1.5014,0.0000,0.0002,2.1000,10.7065,0
6.650,1.5014,-0.0000,0.0002,2.1000,10.7065,0
6.667,1.5015,-0.0000,0.0002,2.1000,10.7065,0
6.683,1.5015,-0.0000,0.0002,2.1000,10.7065,0
6.700,1.5015,-0.0000,0.0002,2.1000,10.7065,0
6.717,1.5015,-0.0000,0.0002,2.1000,10.7065,0
6.733,1.5015,-0.0000,0.0002,2.1000,10.7065,0
6.750,1.5015,-0.0000,0.0002,2.1000,10.7065,0
6.767,1.5015,-0.0000,0.0002,2.1000,10.7065,0
6.783,1.5015,0.0000,0.0002,2.1000,10.7065,0
6.800,1.5015,-0.0000,0.0002,2.1000,10.7065,0
6.817,1.5015,-0.0000,0.0002,2.1000,10.7065,0
6.833,1.5015,0.0000,0.0002,2.1000,10.7065,0
6.850,1.5015,-0.0000,0.0002,2.1000,10.7065,0
6.867,1.5015,-0.0000,0.0002,2.1000,10.7065,0
6.883,1.5015,-0.0000,0.0002,2.1000,10.7065,0
6.900,1.5015,-0.0000,0.0002,2.1000,10.7065,0
6.917,1.5015,-0.0000,0.0002,2.1000,10.7065,0
6.933,1.5015,-0.0000,0.0002,2.1000,10.7065,0
6.950,1.5015,-0.0000,0.0002,2.1000,10.7065,0
6.967,1.5015,-0.0000,0.0002,2.1000,10.7065,0
6.983,1.5015,-0.0000,0.0002,2.1000,10.7065,0
7.000,1.5015,-0.0000,0.0002,2.1000,10.7064,0
7.017,1.5015,-0.0000,0.0002,2.1000,10.7064,0
7.033,1.5015,-0.0000,0.0002,2.1000,10.7064,0
7.050,1.5015,-0.0000,0.0002,2.1000,10.7064,0
7.067,1.5015,-0.0000,0.0002,2.1000,10.7064,0
7.083,1.5015,-0.0000,0.0002,2.1000,10.7064,0
7.100,1.5015,0.0000,0.0002,2.1000,10.7064,0
7.117,1.5015,-0.0000,0.0002,2.1000,10.7064,0
7.133,1.5016,-0.0000,0.0002,2.1000,10.7064,0
7.150,1.5016,-0.0000,0.0002,2.1000,10.7064,0
7.167,1.5016,-0.0000,0.0002,2.1000,10.7064,0
7.183,1.5016,-0.0000,0.0002,2.1000,10.7064,0
7.200,1.5016,-0.0000,0.0002,2.1000,10.7064,0
7.217,1.5016,-0.0000,0.0002,2.1000,10.7064,0
7.233,1.5016,-0.0000,0.0002,2.1000,10.7064,0
7.250,1.5016,0.0000,0.0002,2.1000,10.7064,0
7.267,1.5016,-0.0000,0.0002,2.1000,10.7064,0
7.283,1.5016,-0.0000,0.0002,2.1000,10.7064,0
7.300,1.5016,-0.0000,0.0002,2.1000,10.7064,0
7.317,1.5016,-0.0000,0.0002,2.1000,10.7064,0
7.333,1.5016,0.0000,0.0002,2.1000,10.7064,0
7.350,1.5016,-0.0000,0.0002,2.1000,10.7064,0
7.367,1.5016,-0.0000,0.0002,2.1000,10.7064,0
7.383,1.5016,-0.0000,0.0002,2.1000,10.7064,0
7.400,1.5016,-0.0000,0.0002,2.1000,10.7064,0
7.417,1.5016,-0.0000,0.0002,2.1000,10.7064,0
7.433,1.5016,0.0000,0.0002,2.1000,10.7064,0
7.450,1.5016,-0.0000,0.0002,2.1000,10.7064,0
7.467,1.5016,0.0000,0.0002,2.1000,10.7063,0
7.483,1.5016,-0.0000,0.0002,2.1000,10.7063,0
7.500,1.5016,-0.0000,0.0002,2.1000,10.7063,0
7.517,1.5016,0.0000,0.0002,2.1000,10.7063,0
7.533,1.5016,-0.0000,0.0002,2.1000,10.7063,0
7.550,1.5016,-0.0000,0.0002,2.1000,10.7063,0
7.567,1.5016,-0.0000,0.0002,2.1000,10.7063,0
7.583,1.5017,-0.0000,0.0002,2.1000,10.7063,0
7.600,1.5017,-0.0000,0.0002,2.1000,10.7063,0
7.617,1.5017,0.0000,0.0002,2.1000,10.7063,0
7.633,1.5017,0.0000,0.0002,2.1000,10.7063,0
7.650,1.5017,-0.0000,0.0002,2.1000,10.7063,0
7.667,1.5017,0.0000,0.0002,2.1000,10.7063,0
7.683,1.5017,0.0000,0.0002,2.1000,10.7063,0
7.700,1.5017,-0.0000,0.0002,2.1000,10.7063,0
7.717,1.5017,-0.0000,0.0002,2.1000,10.7063,0
7.733,1.5017,-0.0000,0.0002,2.1000,10.7063,0
7.750,1.5017,-0.0000,0.0002,2.1000,10.7063,0
7.767,1.5017,-0.0000,0.0002,2.1000,10.7063,0
7.783,1.5017,-0.0000,0.0002,2.1000,10.7063,0
7.800,1.5017,0.0000,0.0002,2.1000,10.7063,0
7.817,1.5017,-0.0000,0.0002,2.1000,10.7063,0
7.833,1.5017,0.0000,0.0002,2.1000,10.7063,0
7.850,1.5017,-0.0000,0.0002,2.1000,10.7063,0
7.867,1.5017,0.0000,0.0002,2.1000,10.7063,0
7.883,1.5017,-0.0000,0.0002,2.1000,10.7063,0
7.900,1.5017,0.0000,0.0002,2.1000,10.7063,0
7.917,1.5017,-0.0000,0.0002,2.1000,10.7063,0
7.933,1.5017,0.0000,0.0002,2.1000,10.7062,0
7.950,1.5017,-0.0000,0.0002,2.1000,10.7062,0
7.967,1.5017,0.0000,0.0002,2.1000,10.7062,0
7.983,1.5017,-0.0000,0.0002,2.1000,10.7062,0
8.000,1.5017,-0.0000,0.0002,2.1000,10.7062,0
8.017,1.5017,-0.0000,0.0002,2.1000,10.7062,0
8.033,1.5017,-0.0000,0.0002,2.1000,10.7062,0
8.050,1.5018,0.0000,0.0002,2.1000,10.7062,0
8.067,1.5018,-0.0000,0.0002,2.1000,10.7062,0
8.083,1.5018,0.0000,0.0002,2.1000,10.7062,0
8.100,1.5018,-0.0000,0.0003,2.1000,10.7062,0
8.117,1.5018,0.0000,0.0002,2.1000,10.7062,0
8.133,1.5018,-0.0000,0.0002,2.1000,10.7062,0
8.150,1.5018,-0.0000,0.0002,2.1000,10.7062,0
8.167,1.5018,-0.0000,0.0002,2.1000,10.7062,0
8.183,1.5018,-0.0000,0.0002,2.1000,10.7062,0
8.200,1.5018,-0.0000,0.0002,2.1000,10.7062,0
8.217,1.5018,-0.0000,0.0002,2.1000,10.7062,0
8.233,1.5018,-0.0000,0.0002,2.1000,10.7062,0
8.250,1.5018,-0.0000,0.0002,2.1000,10.7062,0
8.267,1.5018,-0.0000,0.0002,2.1000,10.7062,0
8.283,1.5018,0.0000,0.0002,2.1000,10.7062,0
8.300,1.5018,-0.0000,0.0002,2.1000,10.7062,0
8.317,1.5018,-0.0000,0.0002,2.1000,10.7062,0
8.333,1.5018,0.0000,0.0003,2.1000,10.7062,0
8.350,1.5018,-0.0000,0.0002,2.1000,10.7062,0
8.367,1.5018,0.0000,0.0002,2.1000,10.7062,0
8.383,1.5018,-0.0000,0.0002,2.1000,10.7062,0
8.400,1.5018,-0.0000,0.0002,2.1000,10.7061,0
8.417,1.5018,-0.0000,0.0002,2.1000,10.7061,0
8.433,1.5018,-0.0000,0.0002,2.1000,10.7061,0
8.450,1.5018,0.0000,0.0002,2.1000,10.7061,0
8.467,1.5018,-0.0000,0.0002,2.1000,10.7061,0
8.483,1.5018,-0.0000,0.0002,2.1000,10.7061,0
8.500,1.5018,-0.0000,0.0002,2.1000,10.7061,0
8.517,1.5019,-0.0000,0.0002,2.1000,10.7061,0
8.533,1.5019,-0.0000,0.0002,2.1000,10.7061,0
8.550,1.5019,-0.0000,0.0002,2.1000,10.7061,0
8.567,1.5019,-0.0000,0.0002,2.1000,10.7061,0
8.583,1.5019,-0.0000,0.0002,2.1000,10.7061,0
8.600,1.5019,0.0000,0.0002,2.1000,10.7061,0
8.617,1.5019,-0.0000,0.0002,2.1000,10.7061,0
8.633,1.5019,0.0000,0.0002,2.1000,10.7061,0
8.650,1.5019,-0.0000,0.0002,2.1000,10.7061,0
8.667,1.5019,-0.0000,0.0002,2.1000,10.7061,0
8.683,1.5019,-0.0000,0.0002,2.1000,10.7061,0
8.700,1.5019,-0.0000,0.0002,2.1000,10.7061,0
8.717,1.5019,-0.0000,0.0002,2.1000,10.7061,0
8.733,1.5019,-0.0000,0.0002,2.1000,10.7061,0
8.750,1.5019,-0.0000,0.0002,2.1000,10.7061,0
8.767,1.5019,-0.0000,0.0002,2.1000,10.7061,0
8.783,1.5019,-0.0000,0.0002,2.1000,10.7061,0
8.800,1.5019,-0.0000,0.0002,2.1000,10.7061,0
8.817,1.5019,-0.0000,0.0002,2.1000,10.7061,0
8.833,1.5019,-0.0000,0.0002,2.1000,10.7061,0
8.850,1.5019,-0.0000,0.0002,2.1000,10.7061,0
8.867,1.5019,-0.0000,0.0002,2.1000,10.7060,0
8.883,1.5019,-0.0000,0.0002,2.1000,10.7060,0
8.900,1.5019,-0.0000,0.0002,2.1000,10.7060,0
8.917,1.5019,-0.0000,0.0002,2.1000,10.7060,0
8.933,1.5019,-0.0000,0.0002,2.1000,10.7060,0
8.950,1.5019,-0.0000,0.0002,2.1000,10.7060,0
8.967,1.5020,-0.0000,0.0002,2.1000,10.7060,0
8.983,1.5020,-0.0000,0.0002,2.1000,10.7060,0
9.000,1.5020,-0.0000,0.0002,2.1000,10.7060,0
9.017,1.5020,-0.0000,0.0002,2.1000,10.7060,0
9.033,1.5020,-0.0000,0.0002,2.1000,10.7060,0
9.050,1.5020,-0.0000,0.0002,2.1000,10.7060,0
9.067,1.5020,-0.0000,0.0002,2.1000,10.7060,0
9.083,1.5020,-0.0000,0.0002,2.1000,10.7060,0
9.100,1.5020,-0.0000,0.0002,2.1000,10.7060,0
9.117,1.5020,-0.0000,0.0002,2.1000,10.7060,0
9.133,1.5020,-0.0000,0.0002,2.1000,10.7060,0
9.150,1.5020,-0.0000,0.0002,2.1000,10.7060,0
9.167,1.5020,-0.0000,0.0002,2.1000,10.7060,0
9.183,1.5020,-0.0000,0.0002,2.1000,10.7060,0
9.200,1.5020,-0.0000,0.0002,2.1000,10.7060,0
9.217,1.5020,-0.0000,0.0002,2.1000,10.7060,0
9.233,1.5020,-0.0000,0.0002,2.1000,10.7060,0
9.250,1.5020,-0.0000,0.0002,2.1000,10.7060,0
9.267,1.5020,-0.0000,0.0002,2.1000,10.7060,0
9.283,1.5020,-0.0000,0.0002,2.1000,10.7060,0
9.300,1.5020,-0.0000,0.0002,2.1000,10.7060,0
9.317,1.5020,-0.0000,0.0002,2.1000,10.7060,0
9.333,1.5020,-0.0000,0.0002,2.1000,10.7060,0
9.350,1.5020,-0.0000,0.0002,2.1000,10.7059,0
9.367,1.5020,-0.0000,0.0002,2.1000,10.7059,0
9.383,1.5020,-0.0000,0.0002,2.1000,10.7059,0
9.400,1.5020,-0.0000,0.0002,2.1000,10.7059,0
9.417,1.5020,-0.0000,0.0002,2.1000,10.7059,0
9.433,1.5021,-0.0000,0.0002,2.1000,10.7059,0
9.450,1.5021,-0.0000,0.0002,2.1000,10.7059,0
9.467,1.5021,-0.0000,0.0002,2.1000,10.7059,0
9.483,1.5021,-0.0000,0.0002,2.1000,10.7059,0
9.500,1.5021,-0.0000,0.0002,2.1000,10.7059,0
9.517,1.5021,-0.0000,0.0002,2.1000,10.7059,0
9.533,1.5021,-0.0000,0.0002,2.1000,10.7059,0
9.550,1.5021,-0.0000,0.0002,2.1000,10.7059,0
9.567,1.5021,-0.0000,0.0002,2.1000,10.7059,0
9.583,1.5021,-0.0000,0.0002,2.1000,10.7059,0
9.600,1.5021,-0.0000,0.0002,2.1000,10.7059,0
9.617,1.5021,-0.0000,0.0002,2.1000,10.7059,0
9.633,1.5021,-0.0000,0.0002,2.1000,10.7059,0
9.650,1.5021,-0.0000,0.0002,2.1000,10.7059,0
9.667,1.5021,-0.0000,0.0002,2.1000,10.7059,0
9.683,1.5021,-0.0000,0.0002,2.1000,10.7059,0
9.700,1.5021,-0.0000,0.0002,2.1000,10.7059,0
9.717,1.5021,-0.0000,0.0002,2.1000,10.7059,0
9.733,1.5021,-0.0000,0.0002,2.1000,10.7059,0
9.750,1.5021,-0.0000,0.0002,2.1000,10.7059,0
9.767,1.5021,-0.0000,0.0002,2.1000,10.7059,0
9.783,1.5021,-0.0000,0.0002,2.1000,10.7059,0
9.800,1.5021,-0.0000,0.0002,2.1000,10.7059,0
9.817,1.5021,-0.0000,0.0002,2.1000,10.7058,0
9.833,1.5021,-0.0000,0.0002,2.1000,10.7058,0
9.850,1.5021,-0.0000,0.0002,2.1000,10.7058,0
9.867,1.5021,-0.0000,0.0002,2.1000,10.7058,0
9.883,1.5021,-0.0000,0.0002,2.1000,10.7058,0
9.900,1.5022,-0.0000,0.0002,2.1000,10.7058,0
9.917,1.5022,-0.0000,0.0002,2.1000,10.7058,0
9.933,1.5022,-0.0000,0.0002,2.1000,10.7058,0
9.950,1.5022,-0.0000,0.0002,2.1000,10.7058,0
9.967,1.5022,-0.0000,0.0002,2.1000,10.7058,0
9.983,1.5022,-0.0000,0.0002,2.1000,10.7058,0
10.000,1.5022,-0.0000,0.0002,2.1000,10.7058,0
10.017,1.5022,-0.0000,0.0002,2.1000,10.7058,0
10.033,1.5022,-0.0000,0.0002,2.1000,10.7058,0
10.050,1.5022,-0.0000,0.0002,2.1000,10.7058,0
10.067,1.5022,-0.0000,0.0002,2.1000,10.7058,0
10.083,1.5022,-0.0000,0.0002,2.1000,10.7058,0
10.100,1.5022,-0.0000,0.0002,2.1000,10.7058,0
10.117,1.5022,-0.0000,0.0002,2.1000,10.7058,0
10.133,1.5022,-0.0000,0.0002,2.1000,10.7058,0
10.150,1.5022,-0.0000,0.0002,2.1000,10.7058,0
10.167,1.5022,-0.0000,0.0002,2.1000,10.7058,0
10.183,1.5022,-0.0000,0.0002,2.1000,10.7058,0
10.200,1.5022,-0.0000,0.0002,2.1000,10.7058,0
10.217,1.5022,-0.0000,0.0002,2.1000,10.7058,0
10.233,1.5022,-0.0000,0.0002,2.1000,10.7058,0
10.250,1.5022,-0.0000,0.0003,2.1000,10.7058,0
10.267,1.5022,-0.0000,0.0002,2.1000,10.7058,0
10.283,1.5022,-0.0000,0.0002,2.1000,10.7057,0
10.300,1.5022,-0.0000,0.0002,2.1000,10.7057,0
10.317,1.5022,-0.0000,0.0002,2.1000,10.7057,0
10.333,1.5022,-0.0000,0.0002,2.1000,10.7057,0
10.350,1.5023,-0.0000,0.0002,2.1000,10.7057,0
10.367,1.5023,-0.0000,0.0002,2.1000,10.7057,0
10.383,1.5023,-0.0000,0.0002,2.1000,10.7057,0
10.400,1.5023,0.0000,0.0002,2.1000,10.7057,0
10.417,1.5023,-0.0000,0.0002,2.1000,10.7057,0
10.433,1.5023,-0.0000,0.0002,2.1000,10.7057,0
10.450,1.5023,-0.0000,0.0002,2.1000,10.7057,0
10.467,1.5023,-0.0000,0.0002,2.1000,10.7057,0
10.483,1.5023,-0.0000,0.0002,2.1000,10.7057,0
10.500,1.5023,-0.0000,0.0002,2.1000,10.7057,0
10.517,1.5023,-0.0000,0.0002,2.1000,10.7057,0
10.533,1.5023,-0.0000,0.0002,2.1000,10.7057,0
10.550,1.5023,-0.0000,0.0002,2.1000,10.7057,0
10.567,1.5023,-0.0000,0.0002,2.1000,10.7057,0
10.583,1.5023,-0.0000,0.0002,2.1000,10.7057,0
10.600,1.5023,-0.0000,0.0002,2.1000,10.7057,0
10.617,1.5023,-0.0000,0.0002,2.1000,10.7057,0
10.633,1.5023,-0.0000,0.0002,2.1000,10.7057,0
10.650,1.5023,-0.0000,0.0002,2.1000,10.7057,0
10.667,1.5023,-0.0000,0.0002,2.1000,10.7057,0
10.683,1.5023,-0.0000,0.0002,2.1000,10.7057,0
10.700,1.5023,-0.0000,0.0002,2.1000,10.7057,0
10.717,1.5023,-0.0000,0.0002,2.1000,10.7057,0
10.733,1.5023,-0.0000,0.0002,2.1000,10.7057,0
10.750,1.5023,-0.0000,0.0002,2.1000,10.7056,0
10.767,1.5023,-0.0000,0.0002,2.1000,10.7056,0
10.783,1.5023,-0.0000,0.0002,2.1000,10.7056,0
10.800,1.5023,-0.0000,0.0002,2.1000,10.7056,0
10.817,1.5024,-0.0000,0.0002,2.1000,10.7056,0
10.833,1.5024,-0.0000,0.0002,2.1000,10.7056,0
10.850,1.5024,-0.0000,0.0002,2.1000,10.7056,0
10.867,1.5024,-0.0000,0.0002,2.1000,10.7056,0
10.883,1.5024,-0.0000,0.0002,2.1000,10.7056,0
10.900,1.5024,-0.0000,0.0002,2.1000,10.7056,0
10.917,1.5024,-0.0000,0.0002,2.1000,10.7056,0
10.933,1.5024,-0.0000,0.0002,2.1000,10.7056,0
10.950,1.5024,-0.0000,0.0002,2.1000,10.7056,0
10.967,1.5024,-0.0000,0.0002,2.1000,10.7056,0
10.983,1.5024,-0.0000,0.0002,2.1000,10.7056,0
11.000,1.5024,-0.0000,0.0002,2.1000,10.7056,0
11.017,1.5024,-0.0000,0.0002,2.1000,10.7056,0
11.033,1.5024,-0.0000,0.0002,2.1000,10.7056,0
11.050,1.5024,-0.0000,0.0002,2.1000,10.7056,0
11.067,1.5024,-0.0000,0.0002,2.1000,10.7056,0
11.083,1.5024,-0.0000,0.0002,2.1000,10.7056,0
11.100,1.5024,-0.0000,0.0002,2.1000,10.7056,0
11.117,1.5024,-0.0000,0.0002,2.1000,10.7056,0
11.133,1.5024,-0.0000,0.0002,2.1000,10.7056,0
11.150,1.5024,-0.0000,0.0002,2.1000,10.7056,0
11.167,1.5024,-0.0000,0.0002,2.1000,10.7056,0
11.183,1.5024,-0.0000,0.0002,2.1000,10.7056,0
11.200,1.5024,-0.0000,0.0002,2.1000,10.7056,0
11.217,1.5024,-0.0000,0.0002,2.1000,10.7055,0
11.233,1.5024,-0.0000,0.0002,2.1000,10.7055,0
11.250,1.5024,-0.0000,0.0002,2.1000,10.7055,0
11.267,1.5025,-0.0000,0.0002,2.1000,10.7055,0
11.283,1.5025,-0.0000,0.0002,2.1000,10.7055,0
11.300,1.5025,-0.0000,0.0002,2.1000,10.7055,0
11.317,1.5025,-0.0000,0.0002,2.1000,10.7055,0
11.333,1.5025,-0.0000,0.0002,2.1000,10.7055,0
11.350,1.5025,-0.0000,0.0002,2.1000,10.7055,0
11.367,1.5025,-0.0000,0.0002,2.1000,10.7055,0
11.383,1.5025,-0.0000,0.0002,2.1000,10.7055,0
11.400,1.5025,-0.0000,0.0002,2.1000,10.7055,0
11.417,1.5025,-0.0000,0.0002,2.1000,10.7055,0
11.433,1.5025,-0.0000,0.0002,2.1000,10.7055,0
11.450,1.5025,-0.0000,0.0002,2.1000,10.7055,0
11.467,1.5025,-0.0000,0.0002,2.1000,10.7055,0
11.483,1.5025,-0.0000,0.0002,2.1000,10.7055,0
11.500,1.5025,-0.0000,0.0002,2.1000,10.7055,0
11.517,1.5025,-0.0000,0.0002,2.1000,10.7055,0
11.533,1.5025,-0.0000,0.0002,2.1000,10.7055,0
11.550,1.5025,-0.0000,0.0002,2.1000,10.7055,0
11.567,1.5025,0.0000,0.0002,2.1000,10.7055,0
11.583,1.5025,-0.0000,0.0002,2.1000,10.7055,0
11.600,1.5025,-0.0000,0.0002,2.1000,10.7055,0
11.617,1.5025,-0.0000,0.0002,2.1000,10.7055,0
11.633,1.5025,-0.0000,0.0002,2.1000,10.7055,0
11.650,1.5025,-0.0000,0.0002,2.1000,10.7055,0
11.667,1.5025,-0.0000,0.0002,2.1000,10.7055,0
11.683,1.5025,-0.0000,0.0002,2.1000,10.7054,0
11.700,1.5025,-0.0000,0.0002,2.1000,10.7054,0
11.717,1.5025,-0.0000,0.0002,2.1000,10.7054,0
11.733,1.5026,-0.0000,0.0002,2.1000,10.7054,0
11.750,1.5026,-0.0000,0.0002,2.1000,10.7054,0
11.767,1.5026,-0.0000,0.0002,2.1000,10.7054,0
11.783,1.5026,-0.0000,0.0002,2.1000,10.7054,0
11.800,1.5026,-0.0000,0.0002,2.1000,10.7054,0
11.817,1.5026,-0.0000,0.0002,2.1000,10.7054,0
11.833,1.5026,-0.0000,0.0002,2.1000,10.7054,0
11.850,1.5026,-0.0000,0.0002,2.1000,10.7054,0
11.867,1.5026,-0.0000,0.0002,2.1000,10.7054,0
11.883,1.5026,-0.0000,0.0002,2.1000,10.7054,0
11.900,1.5026,-0.0000,0.0002,2.1000,10.7054,0
11.917,1.5026,-0.0000,0.0002,2.1000,10.7054,0
11.933,1.5026,-0.0000,0.0002,2.1000,10.7054,0
11.950,1.5026,-0.0000,0.0002,2.1000,10.7054,0
11.967,1.5026,-0.0000,0.0002,2.1000,10.7054,0
11.983,1.5026,-0.0000,0.0002,2.1000,10.7054,0
12.000,1.5026,-0.0000,0.0002,2.1000,10.7054,0
12.017,1.5026,-0.0000,0.0002,2.1000,10.7054,0
12.033,1.5026,-0.0000,0.0002,2.1000,10.7054,0
12.050,1.5026,0.0000,0.0002,2.1000,10.7054,0
12.067,1.5026,-0.0000,0.0002,2.1000,10.7054,0
12.083,1.5026,-0.0000,0.0002,2.1000,10.7054,0
12.100,1.5026,-0.0000,0.0002,2.1000,10.7054,0
12.117,1.5026,-0.0000,0.0002,2.1000,10.7054,0
12.133,1.5026,-0.0000,0.0002,2.1000,10.7054,0
12.150,1.5026,-0.0000,0.0002,2.1000,10.7053,0
12.167,1.5026,-0.0000,0.0002,2.1000,10.7053,0
12.183,1.5027,-0.0000,0.0002,2.1000,10.7053,0
12.200,1.5027,-0.0000,0.0002,2.1000,10.7053,0
12.217,1.5027,-0.0000,0.0002,2.1000,10.7053,0
12.233,1.5027,-0.0000,0.0002,2.1000,10.7053,0
12.250,1.5027,-0.0000,0.0002,2.1000,10.7053,0
12.267,1.5027,-0.0000,0.0002,2.1000,10.7053,0
12.283,1.5027,-0.0000,0.0002,2.1000,10.7053,0
12.300,1.5027,-0.0000,0.0002,2.1000,10.7053,0
12.317,1.5027,-0.0000,0.0002,2.1000,10.7053,0
12.333,1.5027,-0.0000,0.0002,2.1000,10.7053,0
12.350,1.5027,-0.0000,0.0002,2.1000,10.7053,0
12.367,1.5027,-0.0000,0.0002,2.1000,10.7053,0
12.383,1.5027,-0.0000,0.0002,2.1000,10.7053,0
12.400,1.5027,-0.0000,0.0002,2.1000,10.7053,0
12.417,1.5027,-0.0000,0.0002,2.1000,10.7053,0
12.433,1.5027,-0.0000,0.0002,2.1000,10.7053,0
12.450,1.5027,-0.0000,0.0002,2.1000,10.7053,0
12.467,1.5027,-0.0000,0.0002,2.1000,10.7053,0
12.483,1.5027,-0.0000,0.0002,2.1000,10.7053,0
12.500,1.5027,-0.0000,0.0002,2.1000,10.7053,0
12.517,1.5027,-0.0000,0.0002,2.1000,10.7053,0
12.533,1.5027,-0.0000,0.0002,2.1000,10.7053,0
12.550,1.5027,-0.0000,0.0002,2.1000,10.7053,0
12.567,1.5027,-0.0000,0.0002,2.1000,10.7053,0
12.583,1.5027,-0.0000,0.0002,2.1000,10.7053,0
12.600,1.5027,-0.0000,0.0002,2.1000,10.7053,0
12.617,1.5027,-0.0000,0.0002,2.1000,10.7052,0
12.633,1.5027,-0.0000,0.0002,2.1000,10.7052,0
12.650,1.5028,-0.0000,0.0002,2.1000,10.7052,0
12.667,1.5028,-0.0000,0.0002,2.1000,10.7052,0
12.683,1.5028,-0.0000,0.0002,2.1000,10.7052,0
12.700,1.5028,-0.0000,0.0002,2.1000,10.7052,0
12.717,1.5028,-0.0000,0.0002,2.1000,10.7052,0
12.733,1.5028,-0.0000,0.0002,2.1000,10.7052,0
12.750,1.5028,-0.0000,0.0002,2.1000,10.7052,0
12.767,1.5028,-0.0000,0.0002,2.1000,10.7052,0
12.783,1.5028,-0.0000,0.0002,2.1000,10.7052,0
12.800,1.5028,-0.0000,0.0002,2.1000,10.7052,0
12.817,1.5028,-0.0000,0.0002,2.1000,10.7052,0
12.833,1.5028,-0.0000,0.0002,2.1000,10.7052,0
12.850,1.5028,-0.0000,0.0002,2.1000,10.7052,0
12.867,1.5028,-0.0000,0.0002,2.1000,10.7052,0
12.883,1.5028,-0.0000,0.0002,2.1000,10.7052,0
12.900,1.5028,-0.0000,0.0002,2.1000,10.7052,0
12.917,1.5028,-0.0000,0.0002,2.1000,10.7052,0
12.933,1.5028,-0.0000,0.0002,2.1000,10.7052,0
12.950,1.5028,-0.0000,0.0002,2.1000,10.7052,0
12.967,1.5028,-0.0000,0.0002,2.1000,10.7052,0
12.983,1.5028,-0.0000,0.0002,2.1000,10.7052,0
13.000,1.5028,-0.0000,0.0002,2.1000,10.7052,0
13.017,1.5028,-0.0000,0.0002,2.1000,10.7052,0
13.033,1.5028,-0.0000,0.0002,2.1000,10.7052,0
13.050,1.5028,-0.0000,0.0002,2.1000,10.7052,0
13.067,1.5033,0.0000,0.0281,2.1000,10.7047,0
13.083,1.5043,-0.0000,0.0584,2.1000,10.7037,0
13.100,1.5055,-0.0000,0.0753,2.1000,10.7025,0
13.117,1.5069,-0.0000,0.0827,2.1000,10.7012,0
13.133,1.5084,-0.0000,0.0867,2.1000,10.6997,0
13.150,1.5102,-0.0000,0.1085,2.1000,10.6980,0
13.167,1.5124,0.0000,0.1314,2.1000,10.6958,0
13.183,1.5147,0.0000,0.1427,2.1000,10.6935,0
13.200,1.5172,0.0000,0.1487,2.1000,10.6911,0
13.217,1.5198,-0.0000,0.1567,2.1000,10.6885,0
13.233,1.5228,0.0000,0.1757,2.1000,10.6856,0
13.250,1.5260,0.0000,0.1919,2.1000,10.6825,0
13.267,1.5293,0.0000,0.2017,2.1000,10.6792,0
13.283,1.5328,0.0000,0.2087,2.1000,10.6758,0
13.300,1.5363,0.0000,0.2128,2.1000,10.6723,0
13.317,1.5401,0.0000,0.2226,2.1000,10.6687,0
13.333,1.5440,0.0000,0.2361,2.1000,10.6648,0
13.350,1.5481,0.0000,0.2471,2.1000,10.6608,0
13.367,1.5524,0.0000,0.2549,2.1000,10.6566,0
13.383,1.5567,0.0000,0.2587,2.1000,10.6524,0
13.400,1.5611,0.0000,0.2669,2.1000,10.6480,0
13.417,1.5657,0.0000,0.2759,2.1000,10.6435,0
13.433,1.5705,0.0000,0.2865,2.1000,10.6388,0
13.450,1.5754,0.0000,0.2946,2.1000,10.6340,0
13.467,1.5804,0.0000,0.2999,2.1000,10.6291,0
13.483,1.5855,0.0000,0.3057,2.1000,10.6241,0
13.500,1.5907,0.0000,0.3114,2.1000,10.6190,0
13.517,1.5961,0.0000,0.3226,2.1000,10.6138,0
13.533,1.6016,0.0000,0.3332,2.1000,10.6083,0
13.550,1.6073,0.0000,0.3395,2.1000,10.6028,0
13.567,1.6130,0.0000,0.3447,2.1000,10.5971,0
13.583,1.6188,0.0000,0.3477,2.1000,10.5915,0
13.600,1.6246,0.0000,0.3500,2.1000,10.5857,0
13.617,1.6305,0.0000,0.3519,2.1000,10.5800,0
13.633,1.6364,0.0000,0.3562,2.1000,10.5742,0
13.650,1.6425,0.0000,0.3657,2.1000,10.5682,0
13.667,1.6488,0.0000,0.3730,2.1000,10.5621,0
13.683,1.6550,0.0000,0.3764,2.1000,10.5560,0
13.700,1.6613,0.0000,0.3786,2.1000,10.5498,0
13.717,1.6677,0.0000,0.3807,2.1000,10.5436,0
13.733,1.6741,0.0000,0.3846,2.1000,10.5373,0
13.750,1.6806,0.0000,0.3895,2.1000,10.5309,0
13.767,1.6872,0.0000,0.3976,2.1000,10.5244,0
13.783,1.6940,0.0000,0.4059,2.1000,10.5178,0
13.800,1.7008,0.0000,0.4093,2.1000,10.5111,0
13.817,1.7076,0.0000,0.4098,2.1000,10.5044,0
13.833,1.7144,-0.0000,0.4082,2.1000,10.4977,0
13.850,1.7212,-0.0000,0.4071,2.1000,10.4911,0
13.867,1.7280,-0.0000,0.4091,2.1000,10.4844,0
13.883,1.7349,-0.0000,0.4128,2.1000,10.4777,0
13.900,1.7419,-0.0000,0.4184,2.1000,10.4709,0
13.917,1.7490,-0.0000,0.4237,2.1000,10.4639,0
13.933,1.7561,-0.0000,0.4286,2.1000,10.4569,0
13.950,1.7633,-0.0000,0.4318,2.1000,10.4499,0
13.967,1.7705,-0.0000,0.4349,2.1000,10.4428,0
13.983,1.7778,-0.0000,0.4374,2.1000,10.4356,0
14.000,1.7851,-0.0000,0.4367,2.1000,10.4285,0
14.017,1.7924,-0.0000,0.4364,2.1000,10.4214,0
14.033,1.7997,0.0000,0.4372,2.1000,10.4143,0
14.050,1.8070,0.0000,0.4412,2.1000,10.4071,0
14.067,1.8145,0.0000,0.4474,2.1000,10.3997,0
14.083,1.8220,0.0000,0.4509,2.1000,10.3924,0
14.100,1.8295,0.0000,0.4525,2.1000,10.3850,0
14.117,1.8371,0.0000,0.4539,2.1000,10.3776,0
14.133,1.8447,0.0000,0.4549,2.1000,10.3702,0
14.150,1.8523,0.0000,0.4563,2.1000,10.3627,0
14.167,1.8599,0.0000,0.4584,2.1000,10.3552,0
14.183,1.8676,0.0000,0.4605,2.1000,10.3477,0
14.200,1.8753,0.0000,0.4607,2.1000,10.3402,0
14.217,1.8830,0.0000,0.4622,2.1000,10.3327,0
14.233,1.8908,0.0000,0.4663,2.1000,10.3250,0
14.250,1.8986,0.0000,0.4682,2.1000,10.3174,0
14.267,1.9064,0.0000,0.4706,2.1000,10.3097,0
14.283,1.9143,0.0000,0.4737,2.1000,10.3020,0
14.300,1.9222,0.0000,0.4761,2.1000,10.2942,0
14.317,1.9302,0.0000,0.4768,2.1000,10.2865,0
14.333,1.9381,0.0000,0.4766,2.1000,10.2787,0
14.350,1.9461,0.0000,0.4774,2.1000,10.2709,0
14.367,1.9541,0.0000,0.4788,2.1000,10.2631,0
14.383,1.9620,0.0000,0.4789,2.1000,10.2553,0
14.400,1.9701,0.0000,0.4832,2.1000,10.2474,0
14.417,1.9782,0.0000,0.4872,2.1000,10.2394,0
14.433,1.9864,0.0000,0.4889,2.1000,10.2315,0
14.450,1.9945,0.0000,0.4910,2.1000,10.2235,0
14.467,2.0028,0.0000,0.4923,2.1000,10.2154,0
14.483,2.0110,0.0000,0.4938,2.1000,10.2074,0
14.500,2.0192,0.0000,0.4933,2.1000,10.1993,0
14.517,2.0274,0.0000,0.4906,2.1000,10.1913,0
14.533,2.0356,0.0000,0.4905,2.1000,10.1833,0
14.550,2.0437,0.0000,0.4912,2.1000,10.1753,0
14.567,2.0520,-0.0000,0.4948,2.1000,10.1673,0
14.583,2.0603,-0.0000,0.4982,2.1000,10.1591,0
14.600,2.0686,-0.0000,0.4989,2.1000,10.1510,0
14.617,2.0769,-0.0000,0.4993,2.1000,10.1429,0
14.633,2.0853,-0.0000,0.5000,2.1000,10.1347,0
14.650,2.0936,-0.0000,0.5000,2.1000,10.1265,0
14.667,2.1019,-0.0000,0.4999,2.1000,10.1184,0
14.683,2.1103,-0.0000,0.5000,2.1000,10.1102,0
14.700,2.1186,-0.0000,0.4998,2.1000,10.1021,0
14.717,2.1269,-0.0000,0.4999,2.1000,10.0939,0
14.733,2.1353,-0.0000,0.5002,2.1000,10.0858,0
14.750,2.1436,-0.0000,0.5004,2.1000,10.0776,0
14.767,2.1519,-0.0000,0.5003,2.1000,10.0695,0
14.783,2.1603,-0.0000,0.5003,2.1000,10.0613,0
14.800,2.1686,-0.0000,0.5002,2.1000,10.0532,0
14.817,2.1769,-0.0000,0.5002,2.1000,10.0450,0
14.833,2.1853,-0.0000,0.5001,2.1000,10.0369,0
14.850,2.1936,-0.0000,0.5000,2.1000,10.0287,0
14.867,2.2020,-0.0000,0.5000,2.1000,10.0206,0
14.883,2.2103,-0.0000,0.4999,2.1000,10.0124,0
14.900,2.2186,-0.0000,0.4999,2.1000,10.0043,0
14.917,2.2269,-0.0000,0.4998,2.1000,9.9961,0
14.933,2.2353,0.0000,0.4998,2.1000,9.9880,0
14.950,2.2436,0.0000,0.4998,2.1000,9.9798,0
14.967,2.2519,0.0000,0.4997,2.1000,9.9717,0
14.983,2.2603,0.0000,0.4996,2.1000,9.9636,0
15.000,2.2686,0.0000,0.4997,2.1000,9.9554,0
15.017,2.2769,0.0000,0.4996,2.1000,9.9473,0
15.033,2.2852,0.0000,0.4995,2.1000,9.9391,0
15.050,2.2936,0.0000,0.4995,2.1000,9.9310,0
15.067,2.3019,0.0001,0.4995,2.1000,9.9229,0
15.083,2.3102,0.0001,0.4996,2.1000,9.9147,0
15.100,2.3185,0.0001,0.4998,2.1000,9.9066,0
15.117,2.3269,0.0001,0.4999,2.1000,9.8984,0
15.133,2.3352,0.0001,0.5000,2.1000,9.8903,0
15.150,2.3435,0.0001,0.5000,2.1000,9.8821,0
15.167,2.3519,0.0001,0.5001,2.1000,9.8740,0
15.183,2.3602,0.0001,0.5002,2.1000,9.8659,0
15.200,2.3686,0.0001,0.5002,2.1000,9.8577,0
15.217,2.3769,0.0001,0.5003,2.1000,9.8496,0
15.233,2.3852,0.0001,0.5005,2.1000,9.8414,0
15.250,2.3936,0.0001,0.5005,2.1000,9.8333,0
15.267,2.4019,0.0001,0.5006,2.1000,9.8251,0
15.283,2.4103,0.0001,0.5006,2.1000,9.8170,0
15.300,2.4186,0.0001,0.5007,2.1000,9.8088,0
15.317,2.4270,0.0001,0.5007,2.1000,9.8007,0
15.333,2.4353,0.0001,0.5008,2.1000,9.7925,0
15.350,2.4436,0.0001,0.5008,2.1000,9.7843,0
15.367,2.4520,0.0001,0.5008,2.1000,9.7762,0
15.383,2.4603,0.0001,0.5009,2.1000,9.7680,0
15.400,2.4687,0.0001,0.5009,2.1000,9.7599,0
15.417,2.4770,0.0001,0.5007,2.1000,9.7517,0
15.433,2.4854,0.0001,0.5007,2.1000,9.7436,0
15.450,2.4937,0.0001,0.5008,2.1000,9.7354,0
15.467,2.5021,0.0001,0.5008,2.1000,9.7273,0
15.483,2.5104,0.0001,0.5008,2.1000,9.7191,0
15.500,2.5188,0.0001,0.5008,2.1000,9.7110,0
15.517,2.5271,0.0001,0.5007,2.1000,9.7028,0
15.533,2.5355,0.0001,0.5006,2.1000,9.6947,0
15.550,2.5438,0.0001,0.5005,2.1000,9.6866,0
15.567,2.5521,0.0001,0.5005,2.1000,9.6784,0
15.583,2.5605,0.0001,0.5004,2.1000,9.6703,0
15.600,2.5688,0.0001,0.5003,2.1000,9.6621,0
15.617,2.5772,0.0001,0.5003,2.1000,9.6540,0
15.633,2.5855,0.0002,0.5001,2.1000,9.6458,0
15.650,2.5938,0.0002,0.5001,2.1000,9.6377,0
15.667,2.6022,0.0002,0.5000,2.1000,9.6296,0
15.683,2.6105,0.0002,0.5000,2.1000,9.6214,0
15.700,2.6188,0.0002,0.4999,2.1000,9.6133,0
15.717,2.6272,0.0002,0.4999,2.1000,9.6052,0
15.733,2.6355,0.0002,0.4998,2.1000,9.5970,0
15.750,2.6438,0.0002,0.4998,2.1000,9.5889,0
15.767,2.6521,0.0002,0.4997,2.1000,9.5808,0
15.783,2.6605,0.0002,0.4997,2.1000,9.5727,0
15.800,2.6688,0.0003,0.4996,2.1000,9.5645,0
15.817,2.6771,0.0003,0.4996,2.1000,9.5564,0
15.833,2.6855,0.0003,0.4996,2.1000,9.5483,0
15.850,2.6938,0.0003,0.4995,2.1000,9.5402,0
15.867,2.7021,0.0003,0.4996,2.1000,9.5320,0
15.883,2.7104,0.0003,0.4997,2.1000,9.5239,0
15.900,2.7188,0.0003,0.4998,2.1000,9.5158,0
15.917,2.7271,0.0004,0.4998,2.1000,9.5076,0
15.933,2.7354,0.0004,0.4997,2.1000,9.4995,0
15.950,2.7437,0.0004,0.4998,2.1000,9.4914,0
15.967,2.7521,0.0004,0.5000,2.1000,9.4833,0
15.983,2.7604,0.0004,0.5001,2.1000,9.4751,0
16.000,2.7688,0.0004,0.5001,2.1000,9.4670,0
16.017,2.7771,0.0004,0.5002,2.1000,9.4589,0
16.033,2.7854,0.0004,0.5003,2.1000,9.4507,0
16.050,2.7938,0.0005,0.5004,2.1000,9.4426,0
16.067,2.8021,0.0005,0.5005,2.1000,9.4345,0
16.083,2.8105,0.0005,0.5006,2.1000,9.4263,0
16.100,2.8188,0.0005,0.5006,2.1000,9.4182,0
16.117,2.8271,0.0005,0.5004,2.1000,9.4101,0
16.133,2.8355,0.0005,0.5006,2.1000,9.4019,0
16.150,2.8438,0.0005,0.5007,2.1000,9.3938,0
16.167,2.8522,0.0005,0.5008,2.1000,9.3857,0
16.183,2.8605,0.0005,0.5009,2.1000,9.3775,0
16.200,2.8689,0.0005,0.5009,2.1000,9.3694,0
16.217,2.8772,0.0005,0.5009,2.1000,9.3612,0
16.233,2.8856,0.0006,0.5009,2.1000,9.3531,0
16.250,2.8939,0.0006,0.5009,2.1000,9.3450,0
16.267,2.9023,0.0006,0.5009,2.1000,9.3368,0
16.283,2.9106,0.0006,0.5009,2.1000,9.3287,0
16.300,2.9190,0.0006,0.5008,2.1000,9.3206,0
16.317,2.9273,0.0006,0.5007,2.1000,9.3124,0
16.333,2.9356,0.0006,0.5007,2.1000,9.3043,0
16.350,2.9440,0.0006,0.5006,2.1000,9.2962,0
16.367,2.9523,0.0006,0.5006,2.1000,9.2880,0
16.383,2.9607,0.0006,0.5003,2.1000,9.2799,0
16.400,2.9690,0.0007,0.5003,2.1000,9.2718,0
16.417,2.9773,0.0007,0.5003,2.1000,9.2637,0
16.433,2.9857,0.0007,0.5002,2.1000,9.2555,0
16.450,2.9940,0.0007,0.5002,2.1000,9.2474,0
16.467,3.0024,0.0007,0.5001,2.1000,9.2393,0
16.483,3.0107,0.0007,0.5000,2.1000,9.2312,0
16.500,3.0190,0.0007,0.5000,2.1000,9.2231,0
16.517,3.0274,0.0008,0.4999,2.1000,9.2149,0
16.533,3.0357,0.0008,0.4998,2.1000,9.2068,0
16.550,3.0440,0.0008,0.4998,2.1000,9.1987,0
16.567,3.0523,0.0008,0.4998,2.1000,9.1906,0
16.583,3.0607,0.0008,0.4997,2.1000,9.1825,0
16.600,3.0690,0.0008,0.4997,2.1000,9.1744,0
16.617,3.0773,0.0009,0.4997,2.1000,9.1663,0
16.633,3.0857,0.0009,0.4996,2.1000,9.1582,0
16.650,3.0940,0.0009,0.4996,2.1000,9.1500,0
16.667,3.1023,0.0009,0.4996,2.1000,9.1419,0
16.683,3.1106,0.0009,0.4997,2.1000,9.1338,0
16.700,3.1190,0.0010,0.4997,2.1000,9.1257,0
16.717,3.1273,0.0010,0.4998,2.1000,9.1176,0
16.733,3.1356,0.0010,0.4998,2.1000,9.1095,0
16.750,3.1440,0.0010,0.4999,2.1000,9.1014,0
16.767,3.1523,0.0010,0.5000,2.1000,9.0933,0
16.783,3.1606,0.0011,0.5001,2.1000,9.0852,0
16.800,3.1690,0.0011,0.5002,2.1000,9.0770,0
16.817,3.1773,0.0011,0.5002,2.1000,9.0689,0
16.833,3.1856,0.0011,0.5002,2.1000,9.0608,0
16.850,3.1940,0.0011,0.5004,2.1000,9.0527,0
16.867,3.2023,0.0011,0.5004,2.1000,9.0446,0
16.883,3.2107,0.0011,0.5005,2.1000,9.0365,0
16.900,3.2190,0.0012,0.5006,2.1000,9.0284,0
16.917,3.2273,0.0012,0.5006,2.1000,9.0202,0
16.933,3.2357,0.0012,0.5007,2.1000,9.0121,0
16.950,3.2440,0.0012,0.5008,2.1000,9.0040,0
16.967,3.2524,0.0012,0.5007,2.1000,8.9959,0
16.983,3.2607,0.0012,0.5008,2.1000,8.9878,0
17.000,3.2691,0.0012,0.5009,2.1000,8.9796,0
17.017,3.2774,0.0012,0.5010,2.1000,8.9715,0
17.033,3.2858,0.0012,0.5010,2.1000,8.9634,0
17.050,3.2941,0.0013,0.5009,2.1000,8.9553,0
17.067,3.3025,0.0013,0.5010,2.1000,8.9472,0
17.083,3.3108,0.0013,0.5007,2.1000,8.9391,0
17.100,3.3192,0.0013,0.5007,2.1000,8.9309,0
17.117,3.3275,0.0013,0.5008,2.1000,8.9228,0
17.133,3.3358,0.0013,0.5008,2.1000,8.9147,0
17.150,3.3442,0.0013,0.5006,2.1000,8.9066,0
17.167,3.3525,0.0013,0.5006,2.1000,8.8985,0
17.183,3.3609,0.0013,0.5005,2.1000,8.8904,0
17.200,3.3692,0.0013,0.5005,2.1000,8.8823,0
17.217,3.3776,0.0013,0.5005,2.1000,8.8742,0
17.233,3.3859,0.0014,0.5003,2.1000,8.8661,0
17.250,3.3942,0.0014,0.5002,2.1000,8.8580,0
17.267,3.4026,0.0014,0.5001,2.1000,8.8499,0
17.283,3.4109,0.0014,0.5001,2.1000,8.8418,0
17.300,3.4192,0.0014,0.4997,2.1000,8.8337,0
17.317,3.4276,0.0014,0.4997,2.1000,8.8256,0
17.333,3.4359,0.0014,0.4998,2.1000,8.8175,0
17.350,3.4442,0.0014,0.4999,2.1000,8.8094,0
17.367,3.4526,0.0015,0.4998,2.1000,8.8013,0
17.383,3.4609,0.0015,0.4998,2.1000,8.7932,0
17.400,3.4692,0.0015,0.4997,2.1000,8.7851,0
17.417,3.4775,0.0015,0.4997,2.1000,8.7770,0
17.433,3.4859,0.0015,0.4997,2.1000,8.7689,0
17.450,3.4942,0.0015,0.4996,2.1000,8.7608,0
17.467,3.5025,0.0015,0.4996,2.1000,8.7528,0
17.483,3.5108,0.0016,0.4997,2.1000,8.7447,0
17.500,3.5192,0.0016,0.4997,2.1000,8.7366,0
17.517,3.5275,0.0016,0.4997,2.1000,8.7285,0
17.533,3.5358,0.0016,0.4998,2.1000,8.7204,0
17.550,3.5442,0.0016,0.4998,2.1000,8.7123,0
17.567,3.5525,0.0016,0.4997,2.1000,8.7042,0
17.583,3.5608,0.0016,0.4998,2.1000,8.6961,0
17.600,3.5692,0.0016,0.5000,2.1000,8.6881,0
17.617,3.5775,0.0017,0.5001,2.1000,8.6800,0
17.633,3.5858,0.0017,0.5003,2.1000,8.6719,0
17.650,3.5942,0.0017,0.5003,2.1000,8.6638,0
17.667,3.6025,0.0017,0.5003,2.1000,8.6557,0
17.683,3.6108,0.0017,0.5003,2.1000,8.6476,0
17.700,3.6192,0.0017,0.5004,2.1000,8.6395,0
17.717,3.6275,0.0017,0.5005,2.1000,8.6314,0
17.733,3.6359,0.0017,0.5006,2.1000,8.6233,0
17.750,3.6442,0.0017,0.5007,2.1000,8.6152,0
17.767,3.6526,0.0017,0.5006,2.1000,8.6071,0
17.783,3.6609,0.0017,0.5007,2.1000,8.5990,0
17.800,3.6692,0.0017,0.5008,2.1000,8.5909,0
17.817,3.6776,0.0017,0.5009,2.1000,8.5828,0
17.833,3.6859,0.0017,0.5009,2.1000,8.5747,0
17.850,3.6943,0.0017,0.5008,2.1000,8.5666,0
17.867,3.7026,0.0018,0.5010,2.1000,8.5586,0
17.883,3.7110,0.0018,0.5009,2.1000,8.5505,0
17.900,3.7193,0.0018,0.5008,2.1000,8.5424,0
17.917,3.7277,0.0018,0.5008,2.1000,8.5343,0
17.933,3.7360,0.0018,0.5007,2.1000,8.5262,0
17.950,3.7444,0.0018,0.5007,2.1000,8.5181,0
17.967,3.7527,0.0018,0.5005,2.1000,8.5100,0
17.983,3.7611,0.0018,0.5005,2.1000,8.5019,0
18.000,3.7694,0.0018,0.5005,2.1000,8.4938,0
18.017,3.7777,0.0018,0.5004,2.1000,8.4857,0
18.033,3.7861,0.0018,0.5004,2.1000,8.4777,0
18.050,3.7944,0.0018,0.5003,2.1000,8.4696,0
18.067,3.8028,0.0019,0.5003,2.1000,8.4615,0
18.083,3.8111,0.0019,0.5002,2.1000,8.4534,0
18.100,3.8194,0.0019,0.5001,2.1000,8.4453,0
18.117,3.8278,0.0019,0.5001,2.1000,8.4373,0
18.133,3.8361,0.0019,0.5000,2.1000,8.4292,0
18.150,3.8444,0.0019,0.4999,2.1000,8.4211,0
18.167,3.8528,0.0019,0.4999,2.1000,8.4130,0
18.183,3.8611,0.0020,0.4999,2.1000,8.4050,0
18.200,3.8694,0.0020,0.4997,2.1000,8.3969,0
18.217,3.8777,0.0020,0.4998,2.1000,8.3888,0
18.233,3.8861,0.0020,0.4997,2.1000,8.3808,0
18.250,3.8944,0.0020,0.4997,2.1000,8.3727,0
18.267,3.9027,0.0021,0.4996,2.1000,8.3646,0
18.283,3.9111,0.0021,0.4996,2.1000,8.3566,0
18.300,3.9194,0.0021,0.4997,2.1000,8.3485,0
18.317,3.9277,0.0021,0.4997,2.1000,8.3404,0
18.333,3.9360,0.0021,0.4997,2.1000,8.3324,0
18.350,3.9444,0.0022,0.4998,2.1000,8.3243,0
18.367,3.9527,0.0022,0.4999,2.1000,8.3162,0
18.383,3.9610,0.0022,0.4999,2.1000,8.3082,0
18.400,3.9694,0.0022,0.4999,2.1000,8.3001,0
18.417,3.9777,0.0022,0.5001,2.1000,8.2920,0
18.433,3.9860,0.0022,0.5002,2.1000,8.2840,0
18.450,3.9944,0.0023,0.5002,2.1000,8.2759,0
18.467,4.0027,0.0023,0.5003,2.1000,8.2678,0
18.483,4.0110,0.0023,0.5003,2.1000,8.2598,0
18.500,4.0194,0.0023,0.5004,2.1000,8.2517,0
18.517,4.0277,0.0023,0.5005,2.1000,8.2436,0
18.533,4.0361,0.0023,0.5006,2.1000,8.2356,0
18.550,4.0444,0.0023,0.5007,2.1000,8.2275,0
18.567,4.0528,0.0024,0.5007,2.1000,8.2194,0
18.583,4.0611,0.0024,0.5007,2.1000,8.2113,0
18.600,4.0695,0.0024,0.5008,2.1000,8.2033,0
18.617,4.0778,0.0024,0.5009,2.1000,8.1952,0
18.633,4.0862,0.0024,0.5008,2.1000,8.1871,0
18.650,4.0945,0.0024,0.5009,2.1000,8.1790,0
18.667,4.1028,0.0024,0.5009,2.1000,8.1710,0
18.683,4.1112,0.0024,0.5009,2.1000,8.1629,0
18.700,4.1195,0.0025,0.5009,2.1000,8.1548,0
18.717,4.1279,0.0025,0.5009,2.1000,8.1468,0
18.733,4.1362,0.0025,0.5008,2.1000,8.1387,0
18.750,4.1446,0.0025,0.5007,2.1000,8.1306,0
18.767,4.1529,0.0025,0.5007,2.1000,8.1226,0
18.783,4.1613,0.0025,0.5006,2.1000,8.1145,0
18.800,4.1696,0.0025,0.5007,2.1000,8.1064,0
18.817,4.1780,0.0026,0.5005,2.1000,8.0984,0
18.833,4.1863,0.0026,0.5005,2.1000,8.0903,0
18.850,4.1946,0.0026,0.5004,2.1000,8.0823,0
18.867,4.2030,0.0026,0.5003,2.1000,8.0742,0
18.883,4.2113,0.0026,0.5002,2.1000,8.0661,0
18.900,4.2196,0.0026,0.5001,2.1000,8.0581,0
18.917,4.2280,0.0027,0.5000,2.1000,8.0500,0
18.933,4.2363,0.0027,0.5000,2.1000,8.0420,0
18.950,4.2446,0.0027,0.5000,2.1000,8.0339,0
18.967,4.2530,0.0027,0.4999,2.1000,8.0259,0
18.983,4.2613,0.0028,0.4998,2.1000,8.0178,0
19.000,4.2696,0.0028,0.4999,2.1000,8.0098,0
19.017,4.2780,0.0028,0.4997,2.1000,8.0017,0
19.033,4.2863,0.0028,0.4996,2.1000,7.9937,0
19.050,4.2946,0.0029,0.4995,2.1000,7.9857,0
19.067,4.3029,0.0029,0.4996,2.1000,7.9776,0
19.083,4.3113,0.0029,0.4997,2.1000,7.9696,0
19.100,4.3196,0.0029,0.4996,2.1000,7.9615,0
19.117,4.3279,0.0030,0.4996,2.1000,7.9535,0
19.133,4.3363,0.0030,0.4997,2.1000,7.9455,0
19.150,4.3446,0.0030,0.4997,2.1000,7.9374,0
19.167,4.3529,0.0030,0.4998,2.1000,7.9294,0
19.183,4.3612,0.0031,0.4999,2.1000,7.9213,0
19.200,4.3696,0.0031,0.4999,2.1000,7.9133,0
19.217,4.3779,0.0031,0.5000,2.1000,7.9053,0
19.233,4.3862,0.0031,0.5001,2.1000,7.8972,0
19.250,4.3946,0.0031,0.5002,2.1000,7.8892,0
19.267,4.4029,0.0032,0.5002,2.1000,7.8811,0
19.283,4.4113,0.0032,0.5003,2.1000,7.8731,0
19.300,4.4196,0.0032,0.5003,2.1000,7.8651,0
19.317,4.4279,0.0032,0.5003,2.1000,7.8570,0
19.333,4.4363,0.0032,0.5004,2.1000,7.8490,0
19.350,4.4446,0.0033,0.5005,2.1000,7.8409,0
19.367,4.4530,0.0033,0.5006,2.1000,7.8329,0
19.383,4.4613,0.0033,0.5007,2.1000,7.8248,0
19.400,4.4697,0.0033,0.5007,2.1000,7.8168,0
19.417,4.4780,0.0033,0.5007,2.1000,7.8088,0
19.433,4.4863,0.0033,0.5008,2.1000,7.8007,0
19.450,4.4947,0.0034,0.5009,2.1000,7.7927,0
19.467,4.5030,0.0034,0.5009,2.1000,7.7846,0
19.483,4.5114,0.0034,0.5009,2.1000,7.7766,0
19.500,4.5197,0.0034,0.5009,2.1000,7.7685,0
19.517,4.5281,0.0034,0.5009,2.1000,7.7605,0
19.533,4.5364,0.0034,0.5008,2.1000,7.7524,0
19.550,4.5448,0.0034,0.5007,2.1000,7.7444,0
19.567,4.5531,0.0035,0.5007,2.1000,7.7364,0
19.583,4.5615,0.0035,0.5005,2.1000,7.7283,0
19.600,4.5698,0.0035,0.5004,2.1000,7.7203,0
19.617,4.5781,0.0035,0.5005,2.1000,7.7123,0
19.633,4.5865,0.0035,0.5005,2.1000,7.7042,0
19.650,4.5948,0.0035,0.5005,2.1000,7.6962,0
19.667,4.6032,0.0036,0.5003,2.1000,7.6882,0
19.683,4.6115,0.0036,0.5003,2.1000,7.6802,0
19.700,4.6198,0.0036,0.5003,2.1000,7.6721,0
19.717,4.6282,0.0036,0.5002,2.1000,7.6641,0
19.733,4.6365,0.0036,0.5001,2.1000,7.6561,0
19.750,4.6448,0.0036,0.5001,2.1000,7.6481,0
19.767,4.6532,0.0037,0.4999,2.1000,7.6401,0
19.783,4.6615,0.0037,0.4999,2.1000,7.6320,0
19.800,4.6698,0.0037,0.4999,2.1000,7.6240,0
19.817,4.6782,0.0037,0.4998,2.1000,7.6160,0
19.833,4.6865,0.0037,0.4998,2.1000,7.6080,0
19.850,4.6948,0.0038,0.4997,2.1000,7.6000,0
19.867,4.7032,0.0038,0.4998,2.1000,7.5920,0
19.883,4.7115,0.0038,0.4996,2.1000,7.5840,0
19.900,4.7198,0.0038,0.4997,2.1000,7.5760,0
19.917,4.7281,0.0038,0.4993,2.1000,7.5680,0
19.933,4.7365,0.0039,0.4993,2.1000,7.5600,0
19.950,4.7448,0.0039,0.4996,2.1000,7.5519,0
19.967,4.7531,0.0039,0.4997,2.1000,7.5439,0
19.983,4.7614,0.0039,0.4995,2.1000,7.5359,0
20.000,4.7698,0.0039,0.4996,2.1000,7.5279,0
20.017,4.7781,0.0039,0.4999,2.1000,7.5199,0
20.033,4.7864,0.0040,0.5000,2.1000,7.5119,0
20.050,4.7948,0.0040,0.5000,2.1000,7.5039,0
20.067,4.8031,0.0040,0.5001,2.1000,7.4959,0
20.083,4.8114,0.0040,0.5002,2.1000,7.4879,0
20.100,4.8198,0.0040,0.5002,2.1000,7.4799,0
20.117,4.8281,0.0040,0.5003,2.1000,7.4719,0
20.133,4.8364,0.0040,0.5004,2.1000,7.4639,0
20.150,4.8448,0.0041,0.5005,2.1000,7.4559,0
20.167,4.8531,0.0041,0.5005,2.1000,7.4479,0
20.183,4.8615,0.0041,0.5007,2.1000,7.4399,0
20.200,4.8698,0.0041,0.5007,2.1000,7.4318,0
20.217,4.8782,0.0041,0.5007,2.1000,7.4238,0
20.233,4.8865,0.0041,0.5008,2.1000,7.4158,0
20.250,4.8949,0.0041,0.5007,2.1000,7.4078,0
20.267,4.9032,0.0041,0.5008,2.1000,7.3998,0
20.283,4.9116,0.0041,0.5009,2.1000,7.3918,0
20.300,4.9199,0.0041,0.5009,2.1000,7.3838,0
20.317,4.9282,0.0042,0.5009,2.1000,7.3758,0
20.333,4.9366,0.0042,0.5009,2.1000,7.3678,0
20.350,4.9449,0.0042,0.5010,2.1000,7.3598,0
20.367,4.9533,0.0042,0.5008,2.1000,7.3518,0
20.383,4.9616,0.0042,0.5009,2.1000,7.3438,0
20.400,4.9700,0.0042,0.5007,2.1000,7.3358,0
20.417,4.9783,0.0042,0.5007,2.1000,7.3278,0
20.433,4.9867,0.0042,0.5006,2.1000,7.3198,0
20.450,4.9950,0.0042,0.5005,2.1000,7.3118,0
20.467,5.0034,0.0042,0.5004,2.1000,7.3038,0
20.483,5.0117,0.0042,0.5004,2.1000,7.2958,0
20.500,5.0200,0.0043,0.5003,2.1000,7.2878,0
20.517,5.0284,0.0043,0.5002,2.1000,7.2798,0
20.533,5.0367,0.0043,0.5002,2.1000,7.2718,0
20.550,5.0450,0.0043,0.5001,2.1000,7.2638,0
20.567,5.0534,0.0043,0.5001,2.1000,7.2559,0
20.583,5.0617,0.0043,0.5000,2.1000,7.2479,0
20.600,5.0700,0.0043,0.4999,2.1000,7.2399,0
20.617,5.0784,0.0043,0.4998,2.1000,7.2319,0
20.633,5.0867,0.0044,0.4999,2.1000,7.2239,0
20.650,5.0950,0.0044,0.4997,2.1000,7.2160,0
20.667,5.1034,0.0044,0.4997,2.1000,7.2080,0
20.683,5.1117,0.0044,0.4997,2.1000,7.2000,0
20.700,5.1200,0.0044,0.4997,2.1000,7.1921,0
20.717,5.1283,0.0044,0.4997,2.1000,7.1841,0
20.733,5.1367,0.0045,0.4996,2.1000,7.1761,0
20.750,5.1450,0.0045,0.4997,2.1000,7.1681,0
20.767,5.1533,0.0045,0.4997,2.1000,7.1602,0
20.783,5.1617,0.0045,0.4997,2.1000,7.1522,0
20.800,5.1700,0.0045,0.4998,2.1000,7.1442,0
20.817,5.1783,0.0045,0.4999,2.1000,7.1363,0
20.833,5.1866,0.0045,0.4998,2.1000,7.1283,0
20.850,5.1950,0.0046,0.4997,2.1000,7.1203,0
20.867,5.2033,0.0046,0.4998,2.1000,7.1124,0
20.883,5.2116,0.0046,0.5001,2.1000,7.1044,0
20.900,5.2200,0.0046,0.5002,2.1000,7.0964,0
20.917,5.2283,0.0046,0.5003,2.1000,7.0885,0
20.933,5.2367,0.0046,0.5004,2.1000,7.0805,0
20.950,5.2450,0.0046,0.5004,2.1000,7.0725,0
20.967,5.2533,0.0046,0.5005,2.1000,7.0646,0
20.983,5.2617,0.0046,0.5004,2.1000,7.0566,0
21.000,5.2700,0.0047,0.5004,2.1000,7.0486,0
21.017,5.2784,0.0047,0.5006,2.1000,7.0407,0
21.033,5.2867,0.0047,0.5007,2.1000,7.0327,0
21.050,5.2951,0.0047,0.5008,2.1000,7.0247,0
21.067,5.3034,0.0047,0.5008,2.1000,7.0168,0
21.083,5.3117,0.0047,0.5008,2.1000,7.0088,0
21.100,5.3201,0.0047,0.5009,2.1000,7.0008,0
21.117,5.3284,0.0047,0.5009,2.1000,6.9928,0
21.133,5.3368,0.0047,0.5009,2.1000,6.9849,0
21.150,5.3451,0.0047,0.5009,2.1000,6.9769,0
21.167,5.3535,0.0047,0.5009,2.1000,6.9690,0
21.183,5.3618,0.0047,0.5008,2.1000,6.9610,0
21.200,5.3702,0.0047,0.5008,2.1000,6.9530,0
21.217,5.3785,0.0047,0.5007,2.1000,6.9451,0
21.233,5.3869,0.0047,0.5007,2.1000,6.9371,0
21.250,5.3952,0.0047,0.5006,2.1000,6.9292,0
21.267,5.4036,0.0048,0.5005,2.1000,6.9212,0
21.283,5.4119,0.0048,0.5005,2.1000,6.9133,0
21.300,5.4202,0.0048,0.5004,2.1000,6.9053,0
21.317,5.4286,0.0048,0.5004,2.1000,6.8974,0
21.333,5.4369,0.0048,0.5001,2.1000,6.8894,0
21.350,5.4452,0.0048,0.5000,2.1000,6.8815,0
21.367,5.4536,0.0048,0.5001,2.1000,6.8735,0
21.383,5.4619,0.0048,0.5000,2.1000,6.8656,0
21.400,5.4702,0.0048,0.4999,2.1000,6.8577,0
21.417,5.4786,0.0049,0.4998,2.1000,6.8497,0
21.433,5.4869,0.0049,0.4998,2.1000,6.8418,0
21.450,5.4952,0.0049,0.4992,2.1000,6.8339,0
21.467,5.5035,0.0049,0.4991,2.1000,6.8259,0
21.483,5.5119,0.0049,0.4995,2.1000,6.8180,0
21.500,5.5202,0.0049,0.4996,2.1000,6.8101,0
21.517,5.5285,0.0049,0.4996,2.1000,6.8022,0
21.533,5.5369,0.0049,0.4996,2.1000,6.7942,0
21.550,5.5452,0.0049,0.4996,2.1000,6.7863,0
21.567,5.5535,0.0050,0.4996,2.1000,6.7784,0
21.583,5.5618,0.0050,0.4997,2.1000,6.7705,0
21.600,5.5702,0.0050,0.4997,2.1000,6.7625,0
21.617,5.5785,0.0050,0.4998,2.1000,6.7546,0
21.633,5.5868,0.0050,0.4998,2.1000,6.7467,0
21.650,5.5952,0.0050,0.4999,2.1000,6.7388,0
21.667,5.6035,0.0050,0.5000,2.1000,6.7308,0
21.683,5.6118,0.0050,0.5001,2.1000,6.7229,0
21.700,5.6202,0.0051,0.5002,2.1000,6.7150,0
21.717,5.6285,0.0051,0.5002,2.1000,6.7071,0
21.733,5.6368,0.0051,0.5003,2.1000,6.6991,0
21.750,5.6452,0.0051,0.5004,2.1000,6.6912,0
21.767,5.6535,0.0051,0.5004,2.1000,6.6833,0
21.783,5.6619,0.0051,0.5005,2.1000,6.6754,0
21.800,5.6702,0.0051,0.5006,2.1000,6.6675,0
21.817,5.6785,0.0051,0.5007,2.1000,6.6595,0
21.833,5.6869,0.0051,0.5007,2.1000,6.6516,0
21.850,5.6952,0.0051,0.5007,2.1000,6.6437,0
21.867,5.7036,0.0051,0.5007,2.1000,6.6358,0
21.883,5.7119,0.0051,0.5006,2.1000,6.6278,0
21.900,5.7203,0.0051,0.5008,2.1000,6.6199,0
21.917,5.7286,0.0051,0.5009,2.1000,6.6120,0
21.933,5.7370,0.0051,0.5009,2.1000,6.6041,0
21.950,5.7453,0.0051,0.5009,2.1000,6.5962,0
21.967,5.7537,0.0051,0.5009,2.1000,6.5883,0
21.983,5.7620,0.0051,0.5009,2.1000,6.5803,0
22.000,5.7704,0.0052,0.5009,2.1000,6.5724,0
22.017,5.7787,0.0052,0.5008,2.1000,6.5645,0
22.033,5.7870,0.0052,0.5007,2.1000,6.5566,0
22.050,5.7954,0.0052,0.5007,2.1000,6.5487,0
22.067,5.8037,0.0052,0.5005,2.1000,6.5408,0
22.083,5.8121,0.0052,0.5005,2.1000,6.5329,0
22.100,5.8204,0.0052,0.5005,2.1000,6.5250,0
22.117,5.8288,0.0052,0.5004,2.1000,6.5171,0
22.133,5.8371,0.0052,0.5003,2.1000,6.5092,0
22.150,5.8454,0.0052,0.5002,2.1000,6.5013,0
22.167,5.8538,0.0052,0.5001,2.1000,6.4934,0
22.183,5.8621,0.0052,0.5001,2.1000,6.4855,0
22.200,5.8704,0.0052,0.5000,2.1000,6.4776,0
22.217,5.8788,0.0052,0.5000,2.1000,6.4697,0
22.233,5.8871,0.0053,0.4998,2.1000,6.4618,0
22.250,5.8954,0.0053,0.4998,2.1000,6.4540,0
22.267,5.9038,0.0053,0.4998,2.1000,6.4461,0
22.283,5.9121,0.0053,0.4997,2.1000,6.4382,0
22.300,5.9204,0.0053,0.4996,2.1000,6.4303,0
22.317,5.9287,0.0053,0.4997,2.1000,6.4225,0
22.333,5.9371,0.0053,0.4997,2.1000,6.4146,0
22.350,5.9454,0.0053,0.4996,2.1000,6.4067,0
22.367,5.9537,0.0053,0.4996,2.1000,6.3988,0
22.383,5.9621,0.0053,0.4996,2.1000,6.3910,0
22.400,5.9704,0.0053,0.4997,2.1000,6.3831,0
22.417,5.9787,0.0054,0.4998,2.1000,6.3752,0
22.433,5.9870,0.0054,0.4994,2.1000,6.3674,0
22.450,5.9954,0.0054,0.4994,2.1000,6.3595,0
22.467,6.0037,0.0054,0.4998,2.1000,6.3516,0
22.483,6.0120,0.0054,0.4999,2.1000,6.3438,0
22.500,6.0204,0.0054,0.5000,2.1000,6.3359,0
22.517,6.0287,0.0054,0.5002,2.1000,6.3280,0
22.533,6.0370,0.0054,0.5002,2.1000,6.3202,0
22.550,6.0454,0.0054,0.5002,2.1000,6.3123,0
22.567,6.0537,0.0054,0.5004,2.1000,6.3044,0
22.583,6.0620,0.0054,0.5004,2.1000,6.2966,0
22.600,6.0704,0.0054,0.5005,2.1000,6.2887,0
22.617,6.0787,0.0054,0.5006,2.1000,6.2808,0
22.633,6.0871,0.0054,0.5006,2.1000,6.2730,0
22.650,6.0954,0.0054,0.5007,2.1000,6.2651,0
22.667,6.1038,0.0054,0.5007,2.1000,6.2572,0
22.683,6.1121,0.0054,0.5008,2.1000,6.2494,0
22.700,6.1205,0.0054,0.5008,2.1000,6.2415,0
22.717,6.1288,0.0054,0.5008,2.1000,6.2336,0
22.733,6.1371,0.0054,0.5009,2.1000,6.2258,0
22.750,6.1455,0.0054,0.5009,2.1000,6.2179,0
22.767,6.1538,0.0054,0.5008,2.1000,6.2101,0
22.783,6.1622,0.0054,0.5010,2.1000,6.2022,0
22.800,6.1705,0.0054,0.5009,2.1000,6.1943,0
22.817,6.1789,0.0054,0.5008,2.1000,6.1865,0
22.833,6.1872,0.0054,0.5007,2.1000,6.1786,0
22.850,6.1956,0.0054,0.5007,2.1000,6.1708,0
22.867,6.2039,0.0054,0.5007,2.1000,6.1629,0
22.883,6.2123,0.0054,0.5002,2.1000,6.1551,0
22.900,6.2206,0.0054,0.5002,2.1000,6.1473,0
22.917,6.2289,0.0054,0.5004,2.1000,6.1394,0
22.933,6.2373,0.0054,0.5004,2.1000,6.1316,0
22.950,6.2456,0.0054,0.5003,2.1000,6.1238,0
22.967,6.2540,0.0054,0.5002,2.1000,6.1159,0
22.983,6.2623,0.0054,0.5001,2.1000,6.1081,0
23.000,6.2706,0.0054,0.5000,2.1000,6.1003,0
23.017,6.2790,0.0054,0.5000,2.1000,6.0924,0
23.033,6.2873,0.0054,0.4999,2.1000,6.0846,0
23.050,6.2956,0.0054,0.4998,2.1000,6.0768,0
23.067,6.3039,0.0054,0.4998,2.1000,6.0690,0
23.083,6.3123,0.0054,0.4996,2.1000,6.0612,0
23.100,6.3206,0.0054,0.4997,2.1000,6.0533,0
23.117,6.3289,0.0054,0.4997,2.1000,6.0455,0
23.133,6.3373,0.0054,0.4997,2.1000,6.0377,0
23.150,6.3456,0.0054,0.4996,2.1000,6.0299,0
23.167,6.3539,0.0054,0.4997,2.1000,6.0221,0
23.183,6.3622,0.0054,0.4996,2.1000,6.0143,0
23.200,6.3706,0.0054,0.4997,2.1000,6.0065,0
23.217,6.3789,0.0054,0.4996,2.1000,5.9987,0
23.233,6.3872,0.0054,0.4998,2.1000,5.9909,0
23.250,6.3956,0.0054,0.4998,2.1000,5.9831,0
23.267,6.4039,0.0054,0.4998,2.1000,5.9753,0
23.283,6.4122,0.0054,0.4998,2.1000,5.9675,0
23.300,6.4205,0.0054,0.4998,2.1000,5.9597,0
23.317,6.4289,0.0054,0.5000,2.1000,5.9519,0
23.333,6.4372,0.0053,0.5002,2.1000,5.9441,0
23.350,6.4456,0.0053,0.5002,2.1000,5.9363,0
23.367,6.4539,0.0053,0.5003,2.1000,5.9285,0
23.383,6.4622,0.0053,0.5004,2.1000,5.9207,0
23.400,6.4706,0.0053,0.5005,2.1000,5.9129,0
23.417,6.4789,0.0053,0.5005,2.1000,5.9051,0
23.433,6.4873,0.0053,0.5005,2.1000,5.8973,0
23.450,6.4956,0.0053,0.5007,2.1000,5.8895,0
23.467,6.5039,0.0053,0.5006,2.1000,5.8817,0
23.483,6.5123,0.0052,0.5007,2.1000,5.8739,0
23.500,6.5206,0.0052,0.5008,2.1000,5.8661,0
23.517,6.5290,0.0052,0.5007,2.1000,5.8583,0
23.533,6.5373,0.0052,0.5008,2.1000,5.8506,0
23.550,6.5457,0.0052,0.5009,2.1000,5.8428,0
23.567,6.5540,0.0052,0.5009,2.1000,5.8350,0
23.583,6.5624,0.0051,0.5008,2.1000,5.8272,0
23.600,6.5707,0.0051,0.5010,2.1000,5.8194,0
23.617,6.5791,0.0051,0.5008,2.1000,5.8116,0
23.633,6.5874,0.0051,0.5009,2.1000,5.8039,0
23.650,6.5958,0.0051,0.5008,2.1000,5.7961,0
23.667,6.6041,0.0050,0.5006,2.1000,5.7883,0
23.683,6.6125,0.0050,0.5008,2.1000,5.7805,0
23.700,6.6208,0.0050,0.5006,2.1000,5.7728,0
23.717,6.6291,0.0050,0.5005,2.1000,5.7650,0
23.733,6.6375,0.0050,0.5004,2.1000,5.7572,0
23.750,6.6458,0.0050,0.5002,2.1000,5.7495,0
23.767,6.6542,0.0049,0.5003,2.1000,5.7417,0
23.783,6.6625,0.0049,0.5003,2.1000,5.7340,0
23.800,6.6708,0.0049,0.5001,2.1000,5.7262,0
23.817,6.6792,0.0049,0.5001,2.1000,5.7185,0
23.833,6.6875,0.0049,0.5000,2.1000,5.7107,0
23.850,6.6958,0.0049,0.5000,2.1000,5.7030,0
23.867,6.7042,0.0048,0.4999,2.1000,5.6952,0
23.883,6.7125,0.0048,0.4997,2.1000,5.6875,0
23.900,6.7208,0.0048,0.4999,2.1000,5.6798,0
23.917,6.7291,0.0048,0.4997,2.1000,5.6720,0
23.933,6.7375,0.0048,0.4998,2.1000,5.6643,0
23.950,6.7458,0.0048,0.4996,2.1000,5.6566,0
23.967,6.7541,0.0047,0.4997,2.1000,5.6488,0
23.983,6.7625,0.0047,0.4996,2.1000,5.6411,0
24.000,6.7708,0.0047,0.4997,2.1000,5.6334,0
24.017,6.7791,0.0047,0.4995,2.1000,5.6257,0
24.033,6.7874,0.0047,0.4997,2.1000,5.6179,0
24.050,6.7958,0.0047,0.4998,2.1000,5.6102,0
24.067,6.8041,0.0046,0.4998,2.1000,5.6025,0
24.083,6.8124,0.0046,0.4997,2.1000,5.5948,0
24.100,6.8208,0.0046,0.4998,2.1000,5.5871,0
24.117,6.8291,0.0046,0.4999,2.1000,5.5793,0
24.133,6.8374,0.0046,0.5000,2.1000,5.5716,0
24.150,6.8458,0.0045,0.5002,2.1000,5.5639,0
24.167,6.8541,0.0045,0.5002,2.1000,5.5562,0
24.183,6.8624,0.0045,0.5003,2.1000,5.5485,0
24.200,6.8708,0.0044,0.5003,2.1000,5.5408,0
24.217,6.8791,0.0044,0.5004,2.1000,5.5331,0
24.233,6.8875,0.0044,0.5006,2.1000,5.5254,0
24.250,6.8958,0.0044,0.5005,2.1000,5.5177,0
24.267,6.9041,0.0043,0.5003,2.1000,5.5100,0
24.283,6.9125,0.0043,0.5003,2.1000,5.5023,0
24.300,6.9208,0.0043,0.5005,2.1000,5.4946,0
24.317,6.9292,0.0042,0.5007,2.1000,5.4869,0
24.333,6.9375,0.0042,0.5007,2.1000,5.4792,0
24.350,6.9459,0.0042,0.5008,2.1000,5.4715,0
24.367,6.9542,0.0042,0.5009,2.1000,5.4638,0
24.383,6.9625,0.0041,0.5009,2.1000,5.4561,0
24.400,6.9709,0.0041,0.5009,2.1000,5.4484,0
24.417,6.9792,0.0041,0.5011,2.1000,5.4407,0
24.433,6.9876,0.0040,0.5008,2.1000,5.4330,0
24.450,6.9959,0.0040,0.5008,2.1000,5.4253,0
24.467,7.0043,0.0040,0.5008,2.1000,5.4176,0
24.483,7.0126,0.0039,0.5007,2.1000,5.4099,0
24.500,7.0210,0.0039,0.5007,2.1000,5.4023,0
24.517,7.0293,0.0039,0.5005,2.1000,5.3946,0
24.533,7.0377,0.0038,0.5005,2.1000,5.3869,0
24.550,7.0460,0.0038,0.5006,2.1000,5.3792,0
24.567,7.0543,0.0038,0.5004,2.1000,5.3716,0
24.583,7.0627,0.0038,0.5004,2.1000,5.3639,0
24.600,7.0710,0.0037,0.5000,2.1000,5.3562,0
24.617,7.0794,0.0037,0.5000,2.1000,5.3486,0
24.633,7.0877,0.0037,0.5000,2.1000,5.3409,0
24.650,7.0960,0.0036,0.5000,2.1000,5.3333,0
24.667,7.1044,0.0036,0.5001,2.1000,5.3256,0
24.683,7.1127,0.0036,0.4997,2.1000,5.3180,0
24.700,7.1210,0.0036,0.4999,2.1000,5.3103,0
24.717,7.1293,0.0035,0.4997,2.1000,5.3027,0
24.733,7.1377,0.0035,0.4998,2.1000,5.2950,0
24.750,7.1460,0.0035,0.4997,2.1000,5.2874,0
24.767,7.1543,0.0035,0.4996,2.1000,5.2798,0
24.783,7.1626,0.0035,0.4996,2.1000,5.2721,0
24.800,7.1710,0.0034,0.4996,2.1000,5.2645,0
24.817,7.1793,0.0034,0.4995,2.1000,5.2569,0
24.833,7.1876,0.0034,0.4998,2.1000,5.2493,0
24.850,7.1960,0.0034,0.4996,2.1000,5.2416,0
24.867,7.2043,0.0033,0.4998,2.1000,5.2340,0
24.883,7.2126,0.0033,0.4998,2.1000,5.2264,0
24.900,7.2209,0.0033,0.4999,2.1000,5.2188,0
24.917,7.2293,0.0033,0.4999,2.1000,5.2112,0
24.933,7.2376,0.0032,0.5001,2.1000,5.2035,0
24.950,7.2459,0.0032,0.5001,2.1000,5.1959,0
24.967,7.2543,0.0032,0.5001,2.1000,5.1883,0
24.983,7.2626,0.0031,0.5001,2.1000,5.1807,0
25.000,7.2710,0.0031,0.5002,2.1000,5.1731,0
25.017,7.2793,0.0031,0.5003,2.1000,5.1655,0
25.033,7.2876,0.0030,0.5004,2.1000,5.1579,0
25.050,7.2960,0.0030,0.4999,2.1000,5.1503,0
25.067,7.3043,0.0030,0.4999,2.1000,5.1427,0
25.083,7.3126,0.0030,0.5004,2.1000,5.1351,0
25.100,7.3210,0.0029,0.5006,2.1000,5.1275,0
25.117,7.3293,0.0029,0.5007,2.1000,5.1199,0
25.133,7.3377,0.0028,0.5007,2.1000,5.1123,0
25.150,7.3460,0.0028,0.5008,2.1000,5.1047,0
25.167,7.3544,0.0028,0.5009,2.1000,5.0971,0
25.183,7.3627,0.0027,0.5008,2.1000,5.0895,0
25.200,7.3711,0.0027,0.5009,2.1000,5.0819,0
25.217,7.3794,0.0027,0.5008,2.1000,5.0743,0
25.233,7.3878,0.0026,0.5008,2.1000,5.0667,0
25.250,7.3961,0.0026,0.5008,2.1000,5.0591,0
25.267,7.4044,0.0026,0.5008,2.1000,5.0516,0
25.283,7.4128,0.0025,0.5008,2.1000,5.0440,0
25.300,7.4211,0.0025,0.5007,2.1000,5.0364,0
25.317,7.4295,0.0025,0.5007,2.1000,5.0288,0
25.333,7.4378,0.0024,0.5007,2.1000,5.0213,0
25.350,7.4462,0.0024,0.5005,2.1000,5.0137,0
25.367,7.4545,0.0024,0.5003,2.1000,5.0062,0
25.383,7.4629,0.0023,0.5004,2.1000,4.9986,0
25.400,7.4712,0.0023,0.5003,2.1000,4.9910,0
25.417,7.4795,0.0023,0.5003,2.1000,4.9835,0
25.433,7.4879,0.0022,0.5003,2.1000,4.9759,0
25.450,7.4962,0.0022,0.5001,2.1000,4.9684,0
25.467,7.5045,0.0022,0.5001,2.1000,4.9609,0
25.483,7.5129,0.0021,0.4999,2.1000,4.9533,0
25.500,7.5212,0.0021,0.4999,2.1000,4.9458,0
25.517,7.5295,0.0021,0.5000,2.1000,4.9383,0
25.533,7.5379,0.0021,0.4997,2.1000,4.9307,0
25.550,7.5462,0.0020,0.4998,2.1000,4.9232,0
25.567,7.5545,0.0020,0.4997,2.1000,4.9157,0
25.583,7.5629,0.0020,0.4999,2.1000,4.9082,0
25.600,7.5712,0.0020,0.4995,2.1000,4.9006,0
25.617,7.5795,0.0019,0.4996,2.1000,4.8931,0
25.633,7.5878,0.0019,0.4996,2.1000,4.8856,0
25.650,7.5962,0.0019,0.4995,2.1000,4.8781,0
25.667,7.6045,0.0019,0.4997,2.1000,4.8706,0
25.683,7.6128,0.0018,0.4997,2.1000,4.8631,0
25.700,7.6211,0.0018,0.4998,2.1000,4.8556,0
25.717,7.6295,0.0018,0.4998,2.1000,4.8481,0
25.733,7.6378,0.0017,0.4999,2.1000,4.8406,0
25.750,7.6461,0.0017,0.4999,2.1000,4.8331,0
25.767,7.6545,0.0017,0.5002,2.1000,4.8256,0
25.783,7.6628,0.0017,0.5001,2.1000,4.8181,0
25.800,7.6711,0.0016,0.5001,2.1000,4.8106,0
25.817,7.6795,0.0016,0.5004,2.1000,4.8031,0
25.833,7.6878,0.0016,0.5003,2.1000,4.7957,0
25.850,7.6962,0.0015,0.5005,2.1000,4.7882,0
25.867,7.7045,0.0015,0.5005,2.1000,4.7807,0
25.883,7.7128,0.0015,0.5006,2.1000,4.7732,0
25.900,7.7212,0.0014,0.5008,2.1000,4.7657,0
25.917,7.7295,0.0014,0.5005,2.1000,4.7583,0
25.933,7.7379,0.0014,0.5002,2.1000,4.7508,0
25.950,7.7462,0.0013,0.5000,2.1000,4.7433,0
25.967,7.7545,0.0013,0.5004,2.1000,4.7359,0
25.983,7.7629,0.0013,0.5008,2.1000,4.7284,0
26.000,7.7712,0.0012,0.5007,2.1000,4.7209,0
26.017,7.7796,0.0012,0.5010,2.1000,4.7135,0
26.033,7.7879,0.0011,0.5008,2.1000,4.7060,0
26.050,7.7963,0.0011,0.5008,2.1000,4.6986,0
26.067,7.8046,0.0011,0.5009,2.1000,4.6911,0
26.083,7.8130,0.0010,0.5007,2.1000,4.6837,0
26.100,7.8213,0.0010,0.5008,2.1000,4.6762,0
26.117,7.8297,0.0010,0.5005,2.1000,4.6688,0
26.133,7.8380,0.0009,0.5007,2.1000,4.6614,0
26.150,7.8463,0.0009,0.5007,2.1000,4.6539,0
26.167,7.8547,0.0009,0.5005,2.1000,4.6465,0
26.183,7.8630,0.0008,0.5005,2.1000,4.6391,0
26.200,7.8714,0.0008,0.5003,2.1000,4.6317,0
26.217,7.8797,0.0008,0.5002,2.1000,4.6243,0
26.233,7.8880,0.0007,0.5003,2.1000,4.6168,0
26.250,7.8964,0.0007,0.5001,2.1000,4.6094,0
26.267,7.9047,0.0007,0.5001,2.1000,4.6020,0
26.283,7.9130,0.0006,0.4999,2.1000,4.5946,0
26.300,7.9214,0.0006,0.4998,2.1000,4.5872,0
26.317,7.9297,0.0006,0.4999,2.1000,4.5798,0
26.333,7.9380,0.0005,0.4997,2.1000,4.5725,0
26.350,7.9464,0.0005,0.4998,2.1000,4.5651,0
26.367,7.9547,0.0005,0.4998,2.1000,4.5577,0
26.383,7.9630,0.0004,0.4996,2.1000,4.5503,0
26.400,7.9713,0.0004,0.4996,2.1000,4.5429,0
26.417,7.9797,0.0004,0.4995,2.1000,4.5356,0
26.433,7.9880,0.0003,0.4996,2.1000,4.5282,0
26.450,7.9963,0.0003,0.4997,2.1000,4.5209,0
26.467,8.0047,0.0003,0.4995,2.0800,4.5042,1
26.483,8.0130,0.0002,0.4997,2.0600,4.4876,1
26.500,8.0213,0.0002,0.4997,2.0400,4.4711,1
26.517,8.0296,0.0002,0.4997,2.0200,4.4546,1
26.533,8.0380,0.0001,0.4999,2.0000,4.4381,1
26.550,8.0463,0.0001,0.4998,1.9800,4.4217,1
26.567,8.0546,0.0001,0.5001,1.9600,4.4054,1
26.583,8.0630,0.0000,0.5001,1.9400,4.3890,1
26.600,8.0713,-0.0000,0.5001,1.9200,4.3728,1
26.617,8.0796,-0.0000,0.5002,1.9000,4.3565,1
26.633,8.0880,-0.0001,0.5003,1.8800,4.3403,1
26.650,8.0963,-0.0001,0.5004,1.8600,4.3242,1
26.667,8.1047,-0.0002,0.5006,1.8400,4.3081,1
26.683,8.1130,-0.0002,0.5005,1.8200,4.2921,1
26.700,8.1213,-0.0002,0.5006,1.8000,4.2761,1
26.717,8.1297,-0.0003,0.5006,1.7800,4.2601,1
26.733,8.1380,-0.0003,0.5007,1.7600,4.2442,1
26.750,8.1464,-0.0004,0.5007,1.7400,4.2284,1
26.767,8.1547,-0.0004,0.5006,1.7200,4.2126,1
26.783,8.1631,-0.0004,0.5009,1.7000,4.1968,1
26.800,8.1714,-0.0005,0.5009,1.6800,4.1812,1
26.817,8.1798,-0.0005,0.5008,1.6600,4.1655,1
26.833,8.1881,-0.0006,0.5008,1.6400,4.1499,1
26.850,8.1965,-0.0006,0.5010,1.6200,4.1344,1
26.867,8.2048,-0.0007,0.5009,1.6000,4.1189,1
26.883,8.2132,-0.0007,0.5009,1.5800,4.1035,1
26.900,8.2215,-0.0008,0.5009,1.5600,4.0882,1
26.917,8.2299,-0.0008,0.5007,1.5400,4.0728,1
26.933,8.2382,-0.0009,0.5008,1.5200,4.0576,1
26.950,8.2465,-0.0009,0.5006,1.5000,4.0424,1
26.967,8.2549,-0.0009,0.5006,1.4800,4.0273,1
26.983,8.2632,-0.0010,0.5006,1.4600,4.0122,1
27.000,8.2716,-0.0010,0.5004,1.4400,3.9972,1
27.017,8.2799,-0.0011,0.5003,1.4200,3.9823,1
27.033,8.2882,-0.0011,0.5003,1.4000,3.9674,1
27.050,8.2966,-0.0012,0.5002,1.3800,3.9526,1
27.067,8.3049,-0.0012,0.5002,1.3600,3.9378,1
27.083,8.3133,-0.0012,0.5001,1.3400,3.9231,1
27.100,8.3216,-0.0013,0.5001,1.3200,3.9085,1
27.117,8.3299,-0.0013,0.4998,1.3000,3.8940,1
27.133,8.3383,-0.0014,0.5001,1.2800,3.8795,1
27.150,8.3466,-0.0014,0.4998,1.2600,3.8651,1
27.167,8.3549,-0.0015,0.4998,1.2400,3.8507,1
27.183,8.3632,-0.0015,0.4997,1.2200,3.8364,1
27.200,8.3716,-0.0015,0.4997,1.2000,3.8222,1
27.217,8.3799,-0.0016,0.4994,1.1800,3.8081,1
27.233,8.3882,-0.0016,0.4994,1.1600,3.7940,1
27.250,8.3965,-0.0017,0.4994,1.1400,3.7800,1
27.267,8.4049,-0.0017,0.4997,1.1200,3.7661,1
27.283,8.4132,-0.0018,0.4998,1.1000,3.7522,1
27.300,8.4215,-0.0018,0.4994,1.0800,3.7384,1
27.317,8.4298,-0.0018,0.4997,1.0600,3.7247,1
27.333,8.4382,-0.0019,0.4998,1.0400,3.7111,1
27.350,8.4465,-0.0019,0.4998,1.0200,3.6975,1
27.367,8.4548,-0.0020,0.4998,1.0000,3.6840,1
27.383,8.4632,-0.0020,0.5000,0.9800,3.6706,1
27.400,8.4715,-0.0021,0.5000,0.9600,3.6573,1
27.417,8.4798,-0.0021,0.5001,0.9400,3.6441,1
27.433,8.4882,-0.0022,0.5002,0.9200,3.6309,1
27.450,8.4965,-0.0022,0.5003,0.9000,3.6178,1
27.467,8.5049,-0.0023,0.5004,0.8800,3.6048,1
27.483,8.5132,-0.0023,0.5005,0.8600,3.5919,1
27.500,8.5215,-0.0024,0.5005,0.8400,3.5790,1
27.517,8.5299,-0.0024,0.5005,0.8200,3.5662,1
27.533,8.5382,-0.0025,0.5007,0.8000,3.5536,1
27.550,8.5466,-0.0025,0.5006,0.7800,3.5410,1
27.567,8.5549,-0.0026,0.5007,0.7600,3.5285,1
27.583,8.5633,-0.0026,0.5007,0.7400,3.5161,1
27.600,8.5716,-0.0027,0.5009,0.7200,3.5037,1
27.617,8.5800,-0.0028,0.5009,0.7000,3.4915,1
27.633,8.5883,-0.0028,0.5009,0.6800,3.4794,1
27.650,8.5966,-0.0029,0.5009,0.6600,3.4673,1
27.667,8.6050,-0.0029,0.5010,0.6400,3.4553,1
27.683,8.6133,-0.0030,0.5009,0.6200,3.4435,1
27.700,8.6217,-0.0030,0.5010,0.6000,3.4317,1
27.717,8.6300,-0.0031,0.5007,0.5800,3.4200,1
27.733,8.6384,-0.0032,0.5007,0.5600,3.4085,1
27.750,8.6467,-0.0032,0.5007,0.5400,3.3970,1
27.767,8.6551,-0.0033,0.5007,0.5200,3.3856,1
27.783,8.6634,-0.0033,0.5005,0.5000,3.3743,1
27.800,8.6718,-0.0034,0.5005,0.4800,3.3632,1
27.817,8.6801,-0.0034,0.5005,0.4600,3.3521,1
27.833,8.6884,-0.0035,0.5003,0.4400,3.3411,1
27.850,8.6968,-0.0035,0.5002,0.4200,3.3303,1
27.867,8.7051,-0.0036,0.5002,0.4000,3.3195,1
27.883,8.7134,-0.0036,0.4999,0.3800,3.3089,1
27.900,8.7218,-0.0037,0.5001,0.3600,3.2983,1
27.917,8.7301,-0.0038,0.4999,0.3400,3.2879,1
27.933,8.7384,-0.0038,0.4998,0.3200,3.2776,1
27.950,8.7468,-0.0039,0.4999,0.3000,3.2674,1
27.967,8.7551,-0.0039,0.4998,0.2800,3.2573,1
27.983,8.7634,-0.0040,0.4998,0.2600,3.2473,1
28.000,8.7718,-0.0040,0.4998,0.2400,3.2374,1
28.017,8.7801,-0.0041,0.4996,0.2200,3.2277,1
28.033,8.7884,-0.0041,0.4996,0.2000,3.2181,1
28.050,8.7967,-0.0042,0.4998,0.1800,3.2085,1
28.067,8.8051,-0.0042,0.4997,0.1600,3.1991,1
28.083,8.8134,-0.0043,0.4995,0.1400,3.1899,1
28.100,8.8217,-0.0043,0.4994,0.1200,3.1807,1
28.117,8.8300,-0.0044,0.4997,0.1000,3.1717,1
28.133,8.8384,-0.0044,0.4994,0.0800,3.1628,1
28.150,8.8467,-0.0045,0.4995,0.0600,3.1540,1
28.167,8.8550,-0.0045,0.4997,0.0400,3.1453,1
28.183,8.8634,-0.0046,0.4999,0.0200,3.1367,1
28.200,8.8717,-0.0046,0.4998,0.0000,3.1283,1
28.217,8.8800,-0.0047,0.5001,0.0000,3.1200,1
28.233,8.8884,-0.0048,0.5001,0.0000,3.1116,1
28.250,8.8967,-0.0048,0.5002,0.0000,3.1033,1
28.267,8.9050,-0.0049,0.5004,0.0000,3.0950,1
28.283,8.9134,-0.0049,0.5003,0.0000,3.0866,1
28.300,8.9217,-0.0050,0.5006,0.0000,3.0783,1
28.317,8.9301,-0.0050,0.5005,0.0000,3.0699,1
28.333,8.9384,-0.0051,0.5006,0.0000,3.0616,1
28.350,8.9467,-0.0052,0.5007,0.0000,3.0533,1
28.367,8.9551,-0.0052,0.5006,0.0000,3.0449,1
28.383,8.9634,-0.0053,0.5008,0.0000,3.0366,1
28.400,8.9718,-0.0054,0.5008,0.0000,3.0282,1
28.417,8.9801,-0.0054,0.5008,0.0000,3.0199,1
28.433,8.9885,-0.0055,0.5009,0.0000,3.0115,1
28.450,8.9968,-0.0055,0.5008,0.0000,3.0032,1
28.467,9.0052,-0.0056,0.5010,0.0000,2.9948,1
28.483,9.0135,-0.0057,0.5010,0.0000,2.9865,1
28.500,9.0219,-0.0057,0.5009,0.0000,2.9781,1
28.517,9.0302,-0.0058,0.5008,0.0000,2.9698,1
28.533,9.0386,-0.0059,0.5009,0.0000,2.9614,1
28.550,9.0469,-0.0059,0.5008,0.0000,2.9531,1
28.567,9.0552,-0.0060,0.5006,0.0000,2.9448,1
28.583,9.0636,-0.0061,0.5007,0.0000,2.9364,1
28.600,9.0719,-0.0061,0.5005,0.0000,2.9281,1
28.617,9.0803,-0.0062,0.5006,0.0000,2.9197,1
28.633,9.0886,-0.0063,0.5005,0.0000,2.9114,1
28.650,9.0970,-0.0063,0.5004,0.0000,2.9030,1
28.667,9.1053,-0.0064,0.5003,0.0000,2.8947,1
28.683,9.1136,-0.0064,0.5001,0.0000,2.8864,1
28.700,9.1220,-0.0065,0.5002,0.0000,2.8780,1
28.717,9.1303,-0.0066,0.5001,0.0000,2.8697,1
28.733,9.1386,-0.0066,0.5000,0.0000,2.8614,1
28.750,9.1470,-0.0067,0.5001,0.0000,2.8530,1
28.767,9.1553,-0.0067,0.4998,0.0000,2.8447,1
28.783,9.1636,-0.0068,0.4998,0.0000,2.8364,1
28.800,9.1720,-0.0068,0.4999,0.0000,2.8280,1
28.817,9.1803,-0.0069,0.4997,0.0000,2.8197,1
28.833,9.1886,-0.0070,0.4997,0.0000,2.8114,1
28.850,9.1970,-0.0070,0.4998,0.0000,2.8031,1
28.867,9.2053,-0.0071,0.4997,0.0000,2.7947,1
28.883,9.2136,-0.0071,0.4996,0.0000,2.7864,1
28.900,9.2219,-0.0072,0.4997,0.0000,2.7781,1
28.917,9.2303,-0.0072,0.4996,0.0000,2.7697,1
28.933,9.2386,-0.0073,0.4997,0.0000,2.7614,1
28.950,9.2469,-0.0074,0.4997,0.0000,2.7531,1
28.967,9.2552,-0.0074,0.4998,0.0000,2.7448,1
28.983,9.2636,-0.0075,0.4997,0.0000,2.7364,1
29.000,9.2719,-0.0075,0.4996,0.0000,2.7281,1
29.017,9.2802,-0.0076,0.4999,0.0000,2.7198,1
29.033,9.2886,-0.0076,0.5001,0.0000,2.7114,1
29.050,9.2969,-0.0077,0.5000,0.0000,2.7031,1
29.067,9.3052,-0.0078,0.5001,0.0000,2.6948,1
29.083,9.3136,-0.0078,0.5000,0.0000,2.6864,1
29.100,9.3219,-0.0079,0.5002,0.0000,2.6781,1
29.117,9.3302,-0.0079,0.5004,0.0000,2.6698,1
29.133,9.3386,-0.0080,0.5005,0.0000,2.6614,1
29.150,9.3469,-0.0080,0.5006,0.0000,2.6531,1
29.167,9.3553,-0.0081,0.5006,0.0000,2.6447,1
29.183,9.3636,-0.0082,0.5006,0.0000,2.6364,1
29.200,9.3720,-0.0082,0.5008,0.0000,2.6280,1
29.217,9.3803,-0.0083,0.5007,0.0000,2.6197,1
29.233,9.3887,-0.0083,0.5010,0.0000,2.6114,1
29.250,9.3970,-0.0084,0.5009,0.0000,2.6030,1
29.267,9.4054,-0.0085,0.5009,0.0000,2.5947,1
29.283,9.4137,-0.0085,0.5009,0.0000,2.5863,1
29.300,9.4220,-0.0086,0.5008,0.0000,2.5780,1
29.317,9.4304,-0.0086,0.5007,0.0000,2.5696,1
29.333,9.4387,-0.0087,0.5009,0.0000,2.5613,1
29.350,9.4471,-0.0088,0.5008,0.0000,2.5529,1
29.367,9.4554,-0.0088,0.5007,0.0000,2.5446,1
29.383,9.4638,-0.0089,0.5007,0.0000,2.5362,1
29.400,9.4721,-0.0089,0.5006,0.0000,2.5279,1
29.417,9.4805,-0.0090,0.5006,0.0000,2.5196,1
29.433,9.4888,-0.0090,0.5005,0.0000,2.5112,1
29.450,9.4971,-0.0091,0.5005,0.0000,2.5029,1
29.467,9.5055,-0.0092,0.5005,0.0000,2.4945,1
29.483,9.5138,-0.0092,0.5002,0.0000,2.4862,1
29.500,9.5222,-0.0093,0.5002,0.0000,2.4779,1
29.517,9.5305,-0.0093,0.5001,0.0000,2.4695,1
29.533,9.5388,-0.0094,0.5001,0.0000,2.4612,1
29.550,9.5472,-0.0094,0.5001,0.0000,2.4529,1
29.567,9.5555,-0.0095,0.4999,0.0000,2.4445,1
29.583,9.5638,-0.0095,0.4998,0.0000,2.4362,1
29.600,9.5722,-0.0096,0.4998,0.0000,2.4279,1
29.617,9.5805,-0.0096,0.4998,0.0000,2.4195,1
29.633,9.5888,-0.0097,0.4997,0.0000,2.4112,1
29.650,9.5971,-0.0097,0.4998,0.0000,2.4029,1
29.667,9.6055,-0.0098,0.4996,0.0000,2.3945,1
29.683,9.6138,-0.0098,0.4997,0.0000,2.3862,1
29.700,9.6221,-0.0099,0.4995,0.0000,2.3779,1
29.717,9.6305,-0.0099,0.4997,0.0000,2.3696,1
29.733,9.6388,-0.0100,0.4995,0.0000,2.3612,1
29.750,9.6471,-0.0100,0.4995,0.0000,2.3529,1
29.767,9.6554,-0.0100,0.4997,0.0000,2.3446,1
29.783,9.6638,-0.0101,0.4997,0.0000,2.3363,1
29.800,9.6721,-0.0101,0.4995,0.0000,2.3279,1
29.817,9.6804,-0.0102,0.4999,0.0000,2.3196,1
29.833,9.6888,-0.0102,0.5001,0.0000,2.3113,1
29.850,9.6971,-0.0103,0.5001,0.0000,2.3029,1
29.867,9.7054,-0.0103,0.5003,0.0000,2.2946,1
29.883,9.7138,-0.0104,0.5002,0.0000,2.2863,1
29.900,9.7221,-0.0104,0.5003,0.0000,2.2779,1
29.917,9.7304,-0.0105,0.5003,0.0000,2.2696,1
29.933,9.7388,-0.0105,0.5005,0.0000,2.2612,1
29.950,9.7471,-0.0106,0.5006,0.0000,2.2529,1
29.967,9.7555,-0.0106,0.5005,0.0000,2.2446,1
29.983,9.7638,-0.0107,0.5007,0.0000,2.2362,1
30.000,9.7722,-0.0107,0.5007,0.0000,2.2279,1
30.017,9.7805,-0.0108,0.5009,0.0000,2.2195,1
30.033,9.7888,-0.0108,0.5007,0.0000,2.2112,1
30.050,9.7972,-0.0109,0.5009,0.0000,2.2028,1
30.067,9.8055,-0.0109,0.5009,0.0000,2.1945,1
30.083,9.8139,-0.0110,0.5007,0.0000,2.1861,1
30.100,9.8222,-0.0110,0.5009,0.0000,2.1778,1
30.117,9.8306,-0.0111,0.5009,0.0000,2.1694,1
30.133,9.8389,-0.0111,0.5009,0.0000,2.1611,1
30.150,9.8473,-0.0112,0.5008,0.0000,2.1528,1
30.167,9.8556,-0.0112,0.5007,0.0000,2.1444,1
30.183,9.8640,-0.0113,0.5009,0.0000,2.1361,1
30.200,9.8723,-0.0113,0.5007,0.0000,2.1277,1
30.217,9.8807,-0.0114,0.5007,0.0000,2.1194,1
30.233,9.8890,-0.0114,0.5005,0.0000,2.1110,1
30.250,9.8973,-0.0115,0.5005,0.0000,2.1027,1
30.267,9.9057,-0.0115,0.5005,0.0000,2.0943,1
30.283,9.9140,-0.0116,0.5003,0.0000,2.0860,1
30.300,9.9224,-0.0116,0.5004,0.0000,2.0777,1
30.317,9.9307,-0.0116,0.5002,0.0000,2.0693,1
30.333,9.9390,-0.0117,0.5002,0.0000,2.0610,1
30.350,9.9474,-0.0117,0.5001,0.0000,2.0527,1
30.367,9.9557,-0.0118,0.4999,0.0000,2.0443,1
30.383,9.9640,-0.0118,0.5000,0.0000,2.0360,1
30.400,9.9724,-0.0118,0.5000,0.0000,2.0277,1
30.417,9.9807,-0.0119,0.4999,0.0000,2.0193,1
30.433,9.9890,-0.0119,0.4998,0.0000,2.0110,1
30.450,9.9974,-0.0119,0.4998,0.0000,2.0027,1
30.467,10.0057,-0.0120,0.4998,0.0000,1.9943,1
30.483,10.0140,-0.0120,0.4998,0.0000,1.9860,1
30.500,10.0223,-0.0120,0.4997,0.0000,1.9777,1
30.517,10.0307,-0.0121,0.4996,0.0000,1.9694,1
30.533,10.0390,-0.0121,0.4995,0.0000,1.9610,1
30.550,10.0473,-0.0121,0.4996,0.0000,1.9527,1
30.567,10.0557,-0.0122,0.4997,0.0000,1.9444,1
30.583,10.0640,-0.0122,0.4998,0.0000,1.9361,1
30.600,10.0723,-0.0122,0.4998,0.0000,1.9277,1
30.617,10.0806,-0.0123,0.4998,0.0000,1.9194,1
30.633,10.0890,-0.0123,0.4999,0.0000,1.9111,1
30.650,10.0973,-0.0123,0.5001,0.0000,1.9027,1
30.667,10.1056,-0.0124,0.5001,0.0000,1.8944,1
30.683,10.1140,-0.0124,0.4999,0.0000,1.8861,1
30.700,10.1223,-0.0124,0.4998,0.0000,1.8777,1
30.717,10.1306,-0.0125,0.4998,0.0000,1.8694,1
30.733,10.1390,-0.0125,0.5002,0.0000,1.8611,1
30.750,10.1473,-0.0125,0.5005,0.0000,1.8527,1
30.767,10.1555,-0.0126,0.4912,0.0000,1.8445,1
30.783,10.1636,-0.0126,0.4832,0.0000,1.8365,1
30.800,10.1716,-0.0126,0.4810,0.0000,1.8285,1
30.817,10.1796,-0.0127,0.4823,0.0000,1.8204,1
30.833,10.1877,-0.0127,0.4848,0.0000,1.8124,1
30.850,10.1958,-0.0128,0.4857,0.0000,1.8043,1
30.867,10.2039,-0.0128,0.4847,0.0000,1.7962,1
30.883,10.2119,-0.0128,0.4839,0.0000,1.7881,1
30.900,10.2199,-0.0129,0.4813,0.0000,1.7801,1
30.917,10.2279,-0.0129,0.4782,0.0000,1.7721,1
30.933,10.2358,-0.0129,0.4741,0.0000,1.7642,1
30.950,10.2436,-0.0130,0.4681,0.0000,1.7564,1
30.967,10.2514,-0.0130,0.4649,0.0000,1.7487,1
30.983,10.2591,-0.0130,0.4669,0.0000,1.7409,1
31.000,10.2670,-0.0130,0.4700,0.0000,1.7331,1
31.017,10.2748,-0.0131,0.4684,0.0000,1.7253,1
31.033,10.2826,-0.0131,0.4668,0.0000,1.7175,1
31.050,10.2904,-0.0131,0.4672,0.0000,1.7097,1
31.067,10.2981,-0.0132,0.4640,0.0000,1.7020,1
31.083,10.3058,-0.0132,0.4611,0.0000,1.6943,1
31.100,10.3134,-0.0132,0.4572,0.0000,1.6867,1
31.117,10.3209,-0.0132,0.4520,0.0000,1.6791,1
31.133,10.3284,-0.0133,0.4505,0.0000,1.6716,1
31.150,10.3360,-0.0133,0.4514,0.0000,1.6641,1
31.167,10.3435,-0.0133,0.4526,0.0000,1.6566,1
31.183,10.3511,-0.0133,0.4531,0.0000,1.6490,1
31.200,10.3586,-0.0134,0.4520,0.0000,1.6415,1
31.217,10.3661,-0.0134,0.4523,0.0000,1.6339,1
31.233,10.3736,-0.0134,0.4485,0.0000,1.6265,1
31.250,10.3810,-0.0134,0.4435,0.0000,1.6191,1
31.267,10.3883,-0.0134,0.4390,0.0000,1.6117,1
31.283,10.3955,-0.0135,0.4342,0.0000,1.6045,1
31.300,10.4027,-0.0135,0.4316,0.0000,1.5973,1
31.317,10.4099,-0.0135,0.4313,0.0000,1.5901,1
31.333,10.4171,-0.0135,0.4318,0.0000,1.5829,1
31.350,10.4243,-0.0135,0.4317,0.0000,1.5757,1
31.367,10.4315,-0.0135,0.4314,0.0000,1.5686,1
31.383,10.4387,-0.0136,0.4325,0.0000,1.5613,1
31.400,10.4458,-0.0136,0.4282,0.0000,1.5542,1
31.417,10.4529,-0.0136,0.4226,0.0000,1.5472,1
31.433,10.4599,-0.0136,0.4198,0.0000,1.5402,1
31.450,10.4668,-0.0136,0.4171,0.0000,1.5332,1
31.467,10.4737,-0.0136,0.4144,0.0000,1.5263,1
31.483,10.4806,-0.0137,0.4123,0.0000,1.5194,1
31.500,10.4875,-0.0137,0.4124,0.0000,1.5126,1
31.517,10.4943,-0.0137,0.4111,0.0000,1.5057,1
31.533,10.5012,-0.0137,0.4090,0.0000,1.4989,1
31.550,10.5080,-0.0137,0.4092,0.0000,1.4921,1
31.567,10.5147,-0.0137,0.4040,0.0000,1.4853,1
31.583,10.5214,-0.0138,0.4007,0.0000,1.4787,1
31.600,10.5281,-0.0138,0.4004,0.0000,1.4720,1
31.617,10.5347,-0.0138,0.3992,0.0000,1.4653,1
31.633,10.5413,-0.0138,0.3973,0.0000,1.4587,1
31.650,10.5479,-0.0138,0.3943,0.0000,1.4522,1
31.667,10.5544,-0.0138,0.3920,0.0000,1.4456,1
31.683,10.5610,-0.0138,0.3919,0.0000,1.4391,1
31.700,10.5675,-0.0139,0.3921,0.0000,1.4326,1
31.717,10.5740,-0.0139,0.3884,0.0000,1.4261,1
31.733,10.5804,-0.0139,0.3841,0.0000,1.4197,1
31.750,10.5867,-0.0139,0.3809,0.0000,1.4133,1
31.767,10.5931,-0.0139,0.3792,0.0000,1.4070,1
31.783,10.5994,-0.0139,0.3793,0.0000,1.4007,1
31.800,10.6057,-0.0140,0.3774,0.0000,1.3944,1
31.817,10.6119,-0.0140,0.3720,0.0000,1.3882,1
31.833,10.6180,-0.0140,0.3701,0.0000,1.3820,1
31.850,10.6242,-0.0140,0.3710,0.0000,1.3759,1
31.867,10.6304,-0.0140,0.3701,0.0000,1.3697,1
31.883,10.6365,-0.0140,0.3687,0.0000,1.3635,1
31.900,10.6426,-0.0140,0.3656,0.0000,1.3574,1
31.917,10.6487,-0.0140,0.3627,0.0000,1.3514,1
31.933,10.6547,-0.0141,0.3600,0.0000,1.3454,1
31.950,10.6606,-0.0141,0.3577,0.0000,1.3394,1
31.967,10.6665,-0.0141,0.3544,0.0000,1.3335,1
31.983,10.6724,-0.0141,0.3528,0.0000,1.3277,1
32.000,10.6783,-0.0141,0.3519,0.0000,1.3218,1
32.017,10.6841,-0.0141,0.3488,0.0000,1.3160,1
32.033,10.6899,-0.0141,0.3456,0.0000,1.3102,1
32.050,10.6956,-0.0141,0.3434,0.0000,1.3045,1
32.067,10.7013,-0.0141,0.3402,0.0000,1.2988,1
32.083,10.7069,-0.0142,0.3361,0.0000,1.2932,1
32.100,10.7124,-0.0142,0.3321,0.0000,1.2877,1
32.117,10.7179,-0.0142,0.3295,0.0000,1.2822,1
32.133,10.7233,-0.0142,0.3277,0.0000,1.2767,1
32.150,10.7288,-0.0142,0.3284,0.0000,1.2713,1
32.167,10.7343,-0.0142,0.3279,0.0000,1.2658,1
32.183,10.7397,-0.0142,0.3235,0.0000,1.2604,1
32.200,10.7450,-0.0142,0.3204,0.0000,1.2551,1
32.217,10.7503,-0.0142,0.3193,0.0000,1.2497,1
32.233,10.7556,-0.0142,0.3185,0.0000,1.2444,1
32.250,10.7609,-0.0142,0.3172,0.0000,1.2392,1
32.267,10.7662,-0.0142,0.3151,0.0000,1.2339,1
32.283,10.7714,-0.0142,0.3111,0.0000,1.2287,1
32.300,10.7765,-0.0142,0.3084,0.0000,1.2236,1
32.317,10.7816,-0.0142,0.3072,0.0000,1.2185,1
32.333,10.7867,-0.0142,0.3067,0.0000,1.2133,1
32.350,10.7918,-0.0142,0.3032,0.0000,1.2083,1
32.367,10.7968,-0.0142,0.2989,0.0000,1.2033,1
32.383,10.8018,-0.0142,0.2990,0.0000,1.1983,1
32.400,10.8067,-0.0142,0.2961,0.0000,1.1934,1
32.417,10.8116,-0.0142,0.2924,0.0000,1.1885,1
32.433,10.8163,-0.0142,0.2875,0.0000,1.1837,1
32.450,10.8211,-0.0142,0.2839,0.0000,1.1790,1
32.467,10.8258,-0.0142,0.2833,0.0000,1.1743,1
32.483,10.8305,-0.0142,0.2827,0.0000,1.1696,1
32.500,10.8352,-0.0143,0.2822,0.0000,1.1649,1
32.517,10.8398,-0.0143,0.2767,0.0000,1.1603,1
32.533,10.8444,-0.0143,0.2714,0.0000,1.1557,1
32.550,10.8489,-0.0143,0.2700,0.0000,1.1512,1
32.567,10.8533,-0.0143,0.2686,0.0000,1.1468,1
32.583,10.8578,-0.0143,0.2662,0.0000,1.1423,1
32.600,10.8622,-0.0143,0.2635,0.0000,1.1379,1
32.617,10.8665,-0.0143,0.2612,0.0000,1.1336,1
32.633,10.8708,-0.0143,0.2596,0.0000,1.1293,1
32.650,10.8751,-0.0143,0.2581,0.0000,1.1249,1
32.667,10.8794,-0.0143,0.2585,0.0000,1.1206,1
32.683,10.8837,-0.0142,0.2543,0.0000,1.1164,1
32.700,10.8878,-0.0142,0.2491,0.0000,1.1123,1
32.717,10.8920,-0.0142,0.2474,0.0000,1.1081,1
32.733,10.8960,-0.0142,0.2440,0.0000,1.1041,1
32.750,10.9000,-0.0142,0.2412,0.0000,1.1000,1
32.767,10.9041,-0.0143,0.2417,0.0000,1.0960,1
32.783,10.9081,-0.0143,0.2398,0.0000,1.0920,1
32.800,10.9120,-0.0143,0.2359,0.0000,1.0881,1
32.817,10.9159,-0.0143,0.2355,0.0000,1.0842,1
32.833,10.9199,-0.0143,0.2361,0.0000,1.0802,1
32.850,10.9237,-0.0143,0.2327,0.0000,1.0764,1
32.867,10.9276,-0.0143,0.2299,0.0000,1.0725,1
32.883,10.9314,-0.0142,0.2282,0.0000,1.0687,1
32.900,10.9351,-0.0143,0.2263,0.0000,1.0649,1
32.917,10.9389,-0.0143,0.2245,0.0000,1.0612,1
32.933,10.9426,-0.0143,0.2215,0.0000,1.0575,1
32.950,10.9462,-0.0143,0.2186,0.0000,1.0539,1
32.967,10.9498,-0.0143,0.2168,0.0000,1.0503,1
32.983,10.9534,-0.0143,0.2140,0.0000,1.0467,1
33.000,10.9569,-0.0143,0.2125,0.0000,1.0432,1
33.017,10.9604,-0.0143,0.2091,0.0000,1.0397,1
33.033,10.9639,-0.0143,0.2075,0.0000,1.0362,1
33.050,10.9674,-0.0143,0.2079,0.0000,1.0327,1
33.067,10.9708,-0.0143,0.2050,0.0000,1.0293,1
33.083,10.9741,-0.0143,0.2014,0.0000,1.0260,1
33.100,10.9774,-0.0143,0.1982,0.0000,1.0227,1
33.117,10.9807,-0.0143,0.1976,0.0000,1.0194,1
33.133,10.9840,-0.0143,0.1969,0.0000,1.0161,1
33.150,10.9873,-0.0143,0.1948,0.0000,1.0128,1
33.167,10.9905,-0.0143,0.1928,0.0000,1.0096,1
33.183,10.9936,-0.0143,0.1904,0.0000,1.0065,1
33.200,10.9968,-0.0143,0.1867,0.0000,1.0033,1
33.217,10.9998,-0.0143,0.1852,0.0000,1.0003,1
33.233,11.0029,-0.0143,0.1819,0.0000,0.9972,1
33.250,11.0059,-0.0143,0.1796,0.0000,0.9942,1
33.267,11.0088,-0.0143,0.1769,0.0000,0.9913,1
33.283,11.0117,-0.0143,0.1740,0.0000,0.9884,1
33.300,11.0146,-0.0143,0.1715,0.0000,0.9855,1
33.317,11.0174,-0.0143,0.1697,0.0000,0.9827,1
33.333,11.0202,-0.0143,0.1673,0.0000,0.9799,1
33.350,11.0229,-0.0143,0.1641,0.0000,0.9772,1
33.367,11.0256,-0.0143,0.1614,0.0000,0.9745,1
33.383,11.0283,-0.0143,0.1614,0.0000,0.9718,1
33.400,11.0310,-0.0143,0.1593,0.0000,0.9692,1
33.417,11.0336,-0.0143,0.1576,0.0000,0.9665,1
33.433,11.0362,-0.0143,0.1558,0.0000,0.9639,1
33.450,11.0387,-0.0143,0.1538,0.0000,0.9614,1
33.467,11.0413,-0.0143,0.1516,0.0000,0.9588,1
33.483,11.0438,-0.0143,0.1515,0.0000,0.9563,1
33.500,11.0463,-0.0143,0.1519,0.0000,0.9538,1
33.517,11.0488,-0.0143,0.1484,0.0000,0.9513,1
33.533,11.0512,-0.0143,0.1457,0.0000,0.9489,1
33.550,11.0537,-0.0143,0.1457,0.0000,0.9465,1
33.567,11.0561,-0.0143,0.1443,0.0000,0.9440,1
33.583,11.0584,-0.0143,0.1418,0.0000,0.9417,1
33.600,11.0607,-0.0143,0.1387,0.0000,0.9394,1
33.617,11.0630,-0.0143,0.1354,0.0000,0.9371,1
33.633,11.0652,-0.0143,0.1332,0.0000,0.9349,1
33.650,11.0674,-0.0143,0.1317,0.0000,0.9327,1
33.667,11.0696,-0.0143,0.1313,0.0000,0.9305,1
33.683,11.0718,-0.0143,0.1304,0.0000,0.9283,1
33.700,11.0739,-0.0143,0.1309,0.0000,0.9262,1
33.717,11.0761,-0.0143,0.1297,0.0000,0.9240,1
33.733,11.0782,-0.0143,0.1238,0.0000,0.9219,1
33.750,11.0802,-0.0143,0.1204,0.0000,0.9199,1
33.767,11.0822,-0.0143,0.1195,0.0000,0.9179,1
33.783,11.0841,-0.0143,0.1184,0.0000,0.9160,1
33.800,11.0861,-0.0143,0.1162,0.0000,0.9140,1
33.817,11.0880,-0.0143,0.1165,0.0000,0.9121,1
33.833,11.0900,-0.0143,0.1172,0.0000,0.9101,1
33.850,11.0919,-0.0143,0.1154,0.0000,0.9082,1
33.867,11.0938,-0.0143,0.1123,0.0000,0.9063,1
33.883,11.0956,-0.0143,0.1118,0.0000,0.9045,1
33.900,11.0975,-0.0143,0.1100,0.0000,0.9026,1
33.917,11.0993,-0.0143,0.1079,0.0000,0.9008,1
33.933,11.1010,-0.0143,0.1067,0.0000,0.8991,1
33.950,11.1028,-0.0143,0.1067,0.0000,0.8973,1
33.967,11.1046,-0.0143,0.1050,0.0000,0.8955,1
33.983,11.1063,-0.0143,0.1023,0.0000,0.8938,1
34.000,11.1080,-0.0143,0.1010,0.0000,0.8922,1
34.017,11.1096,-0.0143,0.1002,0.0000,0.8905,1
34.033,11.1113,-0.0143,0.0997,0.0000,0.8888,1
34.050,11.1129,-0.0143,0.0970,0.0000,0.8872,1
34.067,11.1145,-0.0143,0.0945,0.0000,0.8856,1
34.083,11.1160,-0.0143,0.0929,0.0000,0.8841,1
34.100,11.1176,-0.0143,0.0926,0.0000,0.8825,1
34.117,11.1191,-0.0143,0.0929,0.0000,0.8810,1
34.133,11.1206,-0.0143,0.0906,0.0000,0.8795,1
34.150,11.1221,-0.0143,0.0880,0.0000,0.8780,1
34.167,11.1235,-0.0143,0.0856,0.0000,0.8766,1
34.183,11.1249,-0.0143,0.0842,0.0000,0.8752,1
34.200,11.1263,-0.0143,0.0819,0.0000,0.8738,1
34.217,11.1276,-0.0143,0.0809,0.0000,0.8725,1
34.233,11.1290,-0.0143,0.0788,0.0000,0.8712,1
34.250,11.1303,-0.0144,0.0786,0.0000,0.8698,1
34.267,11.1316,-0.0144,0.0811,0.0000,0.8685,1
34.283,11.1330,-0.0144,0.0807,0.0000,0.8672,1
34.300,11.1343,-0.0144,0.0779,0.0000,0.8659,1
34.317,11.1355,-0.0144,0.0730,0.0000,0.8646,1
34.333,11.1366,-0.0144,0.0698,0.0000,0.8635,1
34.350,11.1378,-0.0144,0.0707,0.0000,0.8623,1
34.367,11.1390,-0.0144,0.0726,0.0000,0.8611,1
34.383,11.1403,-0.0144,0.0731,0.0000,0.8599,1
34.400,11.1415,-0.0144,0.0728,0.0000,0.8587,1
34.417,11.1427,-0.0144,0.0722,0.0000,0.8575,1
34.433,11.1438,-0.0144,0.0704,0.0000,0.8563,1
34.450,11.1450,-0.0144,0.0700,0.0000,0.8551,1
34.467,11.1461,-0.0144,0.0676,0.0000,0.8540,1
34.483,11.1472,-0.0144,0.0637,0.0000,0.8529,1
34.500,11.1483,-0.0144,0.0633,0.0000,0.8519,1
34.517,11.1494,-0.0144,0.0663,0.0000,0.8508,1
34.533,11.1505,-0.0144,0.0698,0.0000,0.8496,1
34.550,11.1517,-0.0144,0.0688,0.0000,0.8485,1
34.567,11.1528,-0.0144,0.0665,0.0000,0.8473,1
34.583,11.1539,-0.0144,0.0649,0.0000,0.8463,1
34.600,11.1549,-0.0144,0.0617,0.0000,0.8452,1
34.617,11.1559,-0.0144,0.0588,0.0000,0.8443,1
34.633,11.1568,-0.0144,0.0564,0.0000,0.8433,1
34.650,11.1577,-0.0144,0.0566,0.0000,0.8424,1
34.667,11.1587,-0.0144,0.0581,0.0000,0.8414,1
34.683,11.1597,-0.0144,0.0592,0.0000,0.8404,1
34.700,11.1607,-0.0144,0.0605,0.0000,0.8394,1
34.717,11.1617,-0.0144,0.0617,0.0000,0.8384,1
34.733,11.1628,-0.0144,0.0635,0.0000,0.8373,1
34.750,11.1639,-0.0144,0.0665,0.0000,0.8362,1
34.767,11.1650,-0.0144,0.0664,0.0000,0.8351,1
34.783,11.1661,-0.0144,0.0641,0.0000,0.8340,1
34.800,11.1671,-0.0144,0.0615,0.0000,0.8330,1
34.817,11.1681,-0.0144,0.0590,0.0000,0.8320,1
34.833,11.1691,-0.0144,0.0581,0.0000,0.8311,1
34.850,11.1700,-0.0144,0.0585,0.0000,0.8301,1
34.867,11.1710,-0.0144,0.0585,0.0000,0.8291,1
34.883,11.1720,-0.0144,0.0601,0.0000,0.8281,1
34.900,11.1730,-0.0144,0.0609,0.0000,0.8271,1
34.917,11.1740,-0.0144,0.0606,0.0000,0.8261,1
34.933,11.1750,-0.0144,0.0592,0.0000,0.8251,1
34.950,11.1760,-0.0144,0.0567,0.0000,0.8242,1
34.967,11.1769,-0.0144,0.0583,0.0000,0.8232,1
34.983,11.1779,-0.0144,0.0607,0.0000,0.8222,1
35.000,11.1789,-0.0144,0.0594,0.0000,0.8212,1
35.017,11.1799,-0.0144,0.0566,0.0000,0.8202,1
35.033,11.1808,-0.0144,0.0559,0.0000,0.8193,1
35.050,11.1818,-0.0144,0.0574,0.0000,0.8184,1
35.067,11.1827,-0.0144,0.0577,0.0000,0.8174,1
35.083,11.1837,-0.0144,0.0568,0.0000,0.8164,1
35.100,11.1846,-0.0144,0.0572,0.0000,0.8155,1
35.117,11.1856,-0.0144,0.0567,0.0000,0.8146,1
35.133,11.1865,-0.0144,0.0569,0.0000,0.8136,1
35.150,11.1874,-0.0144,0.0555,0.0000,0.8127,1
35.167,11.1883,-0.0144,0.0539,0.0000,0.8118,1
35.183,11.1892,-0.0144,0.0541,0.0000,0.8109,1
35.200,11.1902,-0.0144,0.0560,0.0000,0.8099,1
35.217,11.1911,-0.0144,0.0562,0.0000,0.8090,1
35.233,11.1920,-0.0144,0.0536,0.0000,0.8081,1
35.250,11.1929,-0.0144,0.0529,0.0000,0.8072,1
35.267,11.1938,-0.0144,0.0555,0.0000,0.8063,1
35.283,11.1948,-0.0144,0.0560,0.0000,0.8054,1
35.300,11.1957,-0.0144,0.0541,0.0000,0.8045,1
35.317,11.1966,-0.0144,0.0551,0.0000,0.8036,1
35.333,11.1975,-0.0144,0.0556,0.0000,0.8026,1
35.350,11.1984,-0.0144,0.0560,0.0000,0.8017,1
35.367,11.1994,-0.0144,0.0559,0.0000,0.8008,1
35.383,11.2003,-0.0144,0.0550,0.0000,0.7998,1
35.400,11.2012,-0.0144,0.0527,0.0000,0.7990,1
35.417,11.2020,-0.0144,0.0498,0.0000,0.7981,1
35.433,11.2028,-0.0144,0.0494,0.0000,0.7973,1
35.450,11.2036,-0.0144,0.0492,0.0000,0.7965,1
35.467,11.2045,-0.0144,0.0492,0.0000,0.7957,1
35.483,11.2053,-0.0144,0.0510,0.0000,0.7948,1
35.500,11.2062,-0.0144,0.0518,0.0000,0.7940,1
35.517,11.2070,-0.0144,0.0508,0.0000,0.7931,1
35.533,11.2079,-0.0144,0.0517,0.0000,0.7923,1
35.550,11.2088,-0.0144,0.0530,0.0000,0.7914,1
35.567,11.2097,-0.0144,0.0547,0.0000,0.7905,1
35.583,11.2106,-0.0144,0.0577,0.0000,0.7895,1
35.600,11.2116,-0.0144,0.0585,0.0000,0.7885,1
35.617,11.2126,-0.0144,0.0573,0.0000,0.7876,1
35.633,11.2135,-0.0144,0.0561,0.0000,0.7866,1
35.650,11.2144,-0.0144,0.0552,0.0000,0.7857,1
35.667,11.2153,-0.0144,0.0543,0.0000,0.7848,1
35.683,11.2162,-0.0144,0.0529,0.0000,0.7839,1
35.700,11.2171,-0.0144,0.0519,0.0000,0.7831,1
35.717,11.2179,-0.0144,0.0520,0.0000,0.7822,1
35.733,11.2189,-0.0144,0.0564,0.0000,0.7813,1
35.750,11.2199,-0.0144,0.0600,0.0000,0.7803,1
35.767,11.2208,-0.0144,0.0584,0.0000,0.7793,1
35.783,11.2218,-0.0144,0.0583,0.0000,0.7783,1
35.800,11.2228,-0.0144,0.0580,0.0000,0.7773,1
35.817,11.2238,-0.0144,0.0580,0.0000,0.7764,1
35.833,11.2247,-0.0144,0.0583,0.0000,0.7754,1
35.850,11.2257,-0.0144,0.0558,0.0000,0.7745,1
35.867,11.2266,-0.0144,0.0549,0.0000,0.7736,1
35.883,11.2275,-0.0144,0.0544,0.0000,0.7727,1
35.900,11.2284,-0.0144,0.0560,0.0000,0.7717,1
35.917,11.2294,-0.0144,0.0572,0.0000,0.7708,1
35.933,11.2303,-0.0144,0.0572,0.0000,0.7698,1
35.950,11.2313,-0.0144,0.0578,0.0000,0.7689,1
35.967,11.2323,-0.0144,0.0589,0.0000,0.7679,1
35.983,11.2332,-0.0144,0.0584,0.0000,0.7669,1
36.000,11.2342,-0.0144,0.0578,0.0000,0.7659,1
36.017,11.2352,-0.0144,0.0580,0.0000,0.7650,1
36.033,11.2361,-0.0144,0.0557,0.0000,0.7640,1
36.050,11.2370,-0.0144,0.0532,0.0000,0.7632,1
36.067,11.2378,-0.0144,0.0522,0.0000,0.7623,1
36.083,11.2387,-0.0144,0.0525,0.0000,0.7614,1
36.100,11.2396,-0.0144,0.0539,0.0000,0.7605,1
36.117,11.2406,-0.0144,0.0563,0.0000,0.7596,1
36.133,11.2417,-0.0144,0.0696,0.0000,0.7584,1
36.150,11.2434,-0.0144,0.0983,0.0000,0.7568,1
36.167,11.2454,-0.0144,0.1201,0.0000,0.7548,1
36.183,11.2475,-0.0144,0.1278,0.0000,0.7526,1
36.200,11.2496,-0.0144,0.1282,0.0000,0.7505,1
36.217,11.2518,-0.0144,0.1287,0.0000,0.7484,1
36.233,11.2539,-0.0144,0.1292,0.0000,0.7462,1
36.250,11.2561,-0.0144,0.1300,0.0000,0.7440,1
36.267,11.2584,-0.0144,0.1356,0.0000,0.7418,1
36.283,11.2608,-0.0144,0.1476,0.0000,0.7393,1
36.300,11.2635,-0.0144,0.1596,0.0000,0.7367,1
36.317,11.2664,-0.0144,0.1749,0.0000,0.7338,1
36.333,11.2695,-0.0144,0.1863,0.0000,0.7306,1
36.350,11.2726,-0.0144,0.1892,0.0000,0.7275,1
36.367,11.2758,-0.0144,0.1908,0.0000,0.7243,1
36.383,11.2790,-0.0144,0.1933,0.0000,0.7211,1
36.400,11.2823,-0.0143,0.1969,0.0000,0.7178,1
36.417,11.2857,-0.0143,0.2004,0.0000,0.7145,1
36.433,11.2892,-0.0143,0.2115,0.0000,0.7109,1
36.450,11.2929,-0.0143,0.2244,0.0000,0.7072,1
36.467,11.2968,-0.0143,0.2329,0.0000,0.7033,1
36.483,11.3008,-0.0143,0.2382,0.0000,0.6994,1
36.500,11.3048,-0.0143,0.2403,0.0000,0.6954,1
36.517,11.3088,-0.0143,0.2408,0.0000,0.6913,1
36.533,11.3128,-0.0143,0.2426,0.0000,0.6873,1
36.550,11.3169,-0.0143,0.2451,0.0000,0.6832,1
36.567,11.3212,-0.0143,0.2531,0.0000,0.6790,1
36.583,11.3255,-0.0143,0.2606,0.0000,0.6747,1
36.600,11.3300,-0.0143,0.2703,0.0000,0.6702,1
36.617,11.3347,-0.0143,0.2798,0.0000,0.6655,1
36.633,11.3394,-0.0143,0.2838,0.0000,0.6608,1
36.650,11.3442,-0.0143,0.2863,0.0000,0.6560,1
36.667,11.3490,-0.0143,0.2882,0.0000,0.6512,1
36.683,11.3538,-0.0143,0.2886,0.0000,0.6464,1
36.700,11.3586,-0.0143,0.2899,0.0000,0.6415,1
36.717,11.3635,-0.0143,0.2918,0.0000,0.6367,1
36.733,11.3685,-0.0143,0.3009,0.0000,0.6317,1
36.750,11.3736,-0.0143,0.3096,0.0000,0.6265,1
36.767,11.3789,-0.0143,0.3156,0.0000,0.6213,1
36.783,11.3843,-0.0143,0.3208,0.0000,0.6159,1
36.800,11.3897,-0.0143,0.3253,0.0000,0.6105,1
36.817,11.3952,-0.0143,0.3287,0.0000,0.6050,1
36.833,11.4006,-0.0143,0.3285,0.0000,0.5995,1
36.850,11.4061,-0.0142,0.3300,0.0000,0.5940,1
36.867,11.4117,-0.0142,0.3327,0.0000,0.5885,1
36.883,11.4172,-0.0142,0.3337,0.0000,0.5829,1
36.900,11.4229,-0.0142,0.3401,0.0000,0.5773,1
36.917,11.4287,-0.0142,0.3461,0.0000,0.5715,1
36.933,11.4346,-0.0142,0.3571,0.0000,0.5656,1
36.950,11.4407,-0.0142,0.3652,0.0000,0.5595,1
36.967,11.4468,-0.0142,0.3662,0.0000,0.5534,1
36.983,11.4529,-0.0142,0.3660,0.0000,0.5473,1
37.000,11.4590,-0.0142,0.3675,0.0000,0.5412,1
37.017,11.4652,-0.0142,0.3699,0.0000,0.5350,1
37.033,11.4714,-0.0142,0.3699,0.0000,0.5288,1
37.050,11.4775,-0.0142,0.3696,0.0000,0.5227,1
37.067,11.4839,-0.0142,0.3802,0.0000,0.5163,1
37.083,11.4904,-0.0141,0.3893,0.0000,0.5098,1
37.100,11.4969,-0.0141,0.3920,0.0000,0.5033,1
37.117,11.5034,-0.0141,0.3938,0.0000,0.4968,1
37.133,11.5100,-0.0141,0.3957,0.0000,0.4902,1
37.150,11.5166,-0.0141,0.3959,0.0000,0.4836,1
37.167,11.5200,-0.0141,0.2042,0.0000,0.4802,1
37.183,11.5200,-0.0140,0.0046,0.0000,0.4802,1
37.200,11.5200,-0.0140,0.0001,0.0000,0.4802,1
37.217,11.5200,-0.0141,0.0016,0.0000,0.4802,1
37.233,11.5200,-0.0141,0.0001,0.0000,0.4802,1
37.250,11.5200,-0.0141,0.0002,0.0000,0.4802,1
37.267,11.5200,-0.0140,0.0021,0.0000,0.4802,1
37.283,11.5200,-0.0141,0.0034,0.0000,0.4802,1
37.300,11.5200,-0.0141,0.0033,0.0000,0.4802,1
37.317,11.5200,-0.0140,0.0071,0.0000,0.4802,1
37.333,11.5200,-0.0140,0.0021,0.0000,0.4802,1
37.350,11.5200,-0.0140,0.0012,0.0000,0.4802,1
37.367,11.5200,-0.0140,0.0012,0.0000,0.4802,1
37.383,11.5200,-0.0140,0.0024,0.0000,0.4802,1
37.400,11.5200,-0.0140,0.0022,0.0000,0.4802,1
37.417,11.5200,-0.0140,0.0013,0.0000,0.4802,1
37.433,11.5200,-0.0140,0.0009,0.0000,0.4802,1
37.450,11.5200,-0.0139,0.0028,0.0000,0.4802,1
37.467,11.5200,-0.0140,0.0014,0.0000,0.4802,1
37.483,11.5200,-0.0140,0.0022,0.0000,0.4802,1
37.500,11.5200,-0.0140,0.0034,0.0000,0.4802,1
37.517,11.5200,-0.0140,0.0057,0.0000,0.4802,1
37.533,11.5200,-0.0140,0.0042,0.0000,0.4802,1
37.550,11.5200,-0.0140,0.0004,0.0000,0.4802,1
37.567,11.5200,-0.0140,0.0035,0.0000,0.4802,1
37.583,11.5200,-0.0140,0.0033,0.0000,0.4802,1
37.600,11.5200,-0.0140,0.0021,0.0000,0.4802,1
37.617,11.5200,-0.0140,0.0017,0.0000,0.4802,1
37.633,11.5200,-0.0140,0.0004,0.0000,0.4802,1
37.650,11.5200,-0.0139,0.0049,0.0000,0.4802,1
37.667,11.5200,-0.0139,0.0029,0.0000,0.4802,1
37.683,11.5200,-0.0140,0.0035,0.0000,0.4802,1
37.700,11.5200,-0.0140,0.0007,0.0000,0.4802,1
37.717,11.5200,-0.0139,0.0042,0.0000,0.4802,1
37.733,11.5200,-0.0140,0.0043,0.0000,0.4802,1
37.750,11.5200,-0.0140,0.0011,0.0000,0.4802,1
37.767,11.5200,-0.0139,0.0025,0.0000,0.4802,1
37.783,11.5200,-0.0139,0.0015,0.0000,0.4802,1
37.800,11.5200,-0.0139,0.0013,0.0000,0.4802,1
37.817,11.5200,-0.0139,0.0021,0.0000,0.4802,1
37.833,11.5200,-0.0139,0.0026,0.0000,0.4802,1
37.850,11.5200,-0.0139,0.0018,0.0000,0.4802,1
37.867,11.5200,-0.0139,0.0005,0.0000,0.4802,1
37.883,11.5200,-0.0139,0.0014,0.0000,0.4802,1
37.900,11.5200,-0.0140,0.0007,0.0000,0.4802,1
37.917,11.5200,-0.0139,0.0025,0.0000,0.4802,1
37.933,11.5200,-0.0139,0.0014,0.0000,0.4802,1
37.950,11.5200,-0.0139,0.0030,0.0000,0.4802,1
37.967,11.5200,-0.0140,0.0012,0.0000,0.4802,1
37.983,11.5200,-0.0139,0.0030,0.0000,0.4802,1
38.000,11.5200,-0.0139,0.0017,0.0000,0.4802,1
38.017,11.5200,-0.0140,0.0031,0.0000,0.4802,1
38.033,11.5200,-0.0140,0.0017,0.0000,0.4802,1
38.050,11.5200,-0.0139,0.0021,0.0000,0.4802,1
38.067,11.5200,-0.0139,0.0010,0.0000,0.4802,1
38.083,11.5200,-0.0139,0.0021,0.0000,0.4802,1
38.100,11.5200,-0.0139,0.0010,0.0000,0.4802,1
38.117,11.5200,-0.0139,0.0017,0.0000,0.4802,1
38.133,11.5200,-0.0140,0.0002,0.0000,0.4802,1
38.150,11.5200,-0.0139,0.0038,0.0000,0.4802,1
38.167,11.5200,-0.0139,0.0017,0.0000,0.4802,1
38.183,11.5200,-0.0139,0.0001,0.0000,0.4802,1
38.200,11.5200,-0.0139,0.0013,0.0000,0.4802,1
38.217,11.5200,-0.0139,0.0008,0.0000,0.4802,1
38.233,11.5200,-0.0139,0.0012,0.0000,0.4802,1
38.250,11.5200,-0.0139,0.0006,0.0000,0.4802,1
38.267,11.5200,-0.0139,0.0006,0.0000,0.4802,1
38.283,11.5200,-0.0139,0.0007,0.0000,0.4802,1
38.300,11.5200,-0.0140,0.0012,0.0000,0.4802,1
38.317,11.5200,-0.0139,0.0054,0.0000,0.4802,1
38.333,11.5200,-0.0139,0.0019,0.0000,0.4802,1
38.350,11.5200,-0.0139,0.0005,0.0000,0.4802,1
38.367,11.5200,-0.0139,0.0017,0.0000,0.4802,1
38.383,11.5200,-0.0139,0.0002,0.0000,0.4802,1
38.400,11.5200,-0.0139,0.0009,0.0000,0.4802,1
38.417,11.5200,-0.0139,0.0005,0.0000,0.4802,1
38.433,11.5200,-0.0139,0.0002,0.0000,0.4802,1
38.450,11.5200,-0.0139,0.0013,0.0000,0.4802,1
38.467,11.5200,-0.0139,0.0009,0.0000,0.4802,1
38.483,11.5200,-0.0139,0.0003,0.0000,0.4802,1
38.500,11.5200,-0.0139,0.0010,0.0000,0.4802,1
38.517,11.5200,-0.0139,0.0015,0.0000,0.4802,1
38.533,11.5200,-0.0139,0.0006,0.0000,0.4802,1
38.550,11.5200,-0.0139,0.0007,0.0000,0.4802,1
38.567,11.5200,-0.0139,0.0006,0.0000,0.4802,1
38.583,11.5200,-0.0139,0.0009,0.0000,0.4802,1
38.600,11.5200,-0.0139,0.0000,0.0000,0.4802,1
38.617,11.5200,-0.0139,0.0001,0.0000,0.4802,1
38.633,11.5200,-0.0139,0.0002,0.0000,0.4802,1
38.650,11.5200,-0.0139,0.0005,0.0000,0.4802,1
38.667,11.5200,-0.0139,0.0002,0.0000,0.4802,1
38.683,11.5200,-0.0139,0.0015,0.0000,0.4802,1
38.700,11.5200,-0.0139,0.0005,0.0000,0.4802,1
38.717,11.5200,-0.0139,0.0008,0.0000,0.4802,1
38.733,11.5200,-0.0139,0.0003,0.0000,0.4802,1
38.750,11.5200,-0.0139,0.0001,0.0000,0.4802,1
38.767,11.5200,-0.0139,0.0001,0.0000,0.4802,1
38.783,11.5200,-0.0139,0.0006,0.0000,0.4802,1
38.800,11.5200,-0.0139,0.0007,0.0000,0.4802,1
38.817,11.5200,-0.0139,0.0004,0.0000,0.4802,1
38.833,11.5200,-0.0139,0.0001,0.0000,0.4802,1
38.850,11.5200,-0.0139,0.0014,0.0000,0.4802,1
38.867,11.5200,-0.0139,0.0014,0.0000,0.4802,1
38.883,11.5200,-0.0139,0.0001,0.0000,0.4802,1
38.900,11.5200,-0.0139,0.0001,0.0000,0.4802,1
38.917,11.5200,-0.0139,0.0013,0.0000,0.4802,1
38.933,11.5200,-0.0139,0.0002,0.0000,0.4802,1
38.950,11.5200,-0.0139,0.0002,0.0000,0.4802,1
38.967,11.5200,-0.0139,0.0011,0.0000,0.4802,1
38.983,11.5200,-0.0139,0.0002,0.0000,0.4802,1
39.000,11.5200,-0.0139,0.0019,0.0000,0.4802,1
39.017,11.5200,-0.0139,0.0020,0.0000,0.4802,1
39.033,11.5200,-0.0139,0.0015,0.0000,0.4802,1
39.050,11.5200,-0.0139,0.0011,0.0000,0.4802,1
39.067,11.5200,-0.0139,0.0026,0.0000,0.4802,1
39.083,11.5200,-0.0139,0.0010,0.0000,0.4802,1
39.100,11.5200,-0.0139,0.0012,0.0000,0.4802,1
39.117,11.5200,-0.0139,0.0010,0.0000,0.4802,1
39.133,11.5200,-0.0139,0.0022,0.0000,0.4802,1
39.150,11.5200,-0.0139,0.0014,0.0000,0.4802,1
39.167,11.5200,-0.0139,0.0003,0.0000,0.4802,1
39.183,11.5200,-0.0139,0.0010,0.0000,0.4802,1
39.200,11.5200,-0.0139,0.0007,0.0000,0.4802,1
39.217,11.5200,-0.0139,0.0001,0.0000,0.4802,1
39.233,11.5200,-0.0139,0.0002,0.0000,0.4802,1
39.250,11.5200,-0.0139,0.0002,0.0000,0.4802,1
39.267,11.5200,-0.0139,0.0005,0.0000,0.4802,1
39.283,11.5200,-0.0139,0.0006,0.0000,0.4802,1
39.300,11.5200,-0.0139,0.0012,0.0000,0.4802,1
39.317,11.5200,-0.0139,0.0018,0.0000,0.4802,1
39.333,11.5200,-0.0139,0.0018,0.0000,0.4802,1
39.350,11.5200,-0.0139,0.0011,0.0000,0.4802,1
39.367,11.5200,-0.0139,0.0016,0.0000,0.4802,1
39.383,11.5200,-0.0139,0.0024,0.0000,0.4802,1
39.400,11.5200,-0.0139,0.0012,0.0000,0.4802,1
39.417,11.5200,-0.0139,0.0003,0.0000,0.4802,1
39.433,11.5200,-0.0139,0.0020,0.0000,0.4802,1
39.450,11.5200,-0.0139,0.0010,0.0000,0.4802,1
39.467,11.5200,-0.0139,0.0006,0.0000,0.4802,1
39.483,11.5200,-0.0139,0.0009,0.0000,0.4802,1
39.500,11.5200,-0.0139,0.0023,0.0000,0.4802,1
39.517,11.5200,-0.0139,0.0005,0.0000,0.4802,1
39.533,11.5200,-0.0139,0.0008,0.0000,0.4802,1
39.550,11.5200,-0.0138,0.0028,0.0000,0.4802,1
39.567,11.5200,-0.0139,0.0039,0.0000,0.4802,1
39.583,11.5200,-0.0138,0.0028,0.0000,0.4802,1
39.600,11.5200,-0.0138,0.0008,0.0000,0.4802,1
39.617,11.5200,-0.0138,0.0003,0.0000,0.4802,1
39.633,11.5200,-0.0139,0.0022,0.0000,0.4802,1
39.650,11.5200,-0.0139,0.0007,0.0000,0.4802,1
39.667,11.5200,-0.0138,0.0012,0.0000,0.4802,1
39.683,11.5200,-0.0138,0.0002,0.0000,0.4802,1
39.700,11.5200,-0.0139,0.0012,0.0000,0.4802,1
39.717,11.5200,-0.0138,0.0014,0.0000,0.4802,1
39.733,11.5200,-0.0138,0.0008,0.0000,0.4802,1
39.750,11.5200,-0.0138,0.0008,0.0000,0.4802,1
39.767,11.5200,-0.0139,0.0018,0.0000,0.4802,1
39.783,11.5200,-0.0138,0.0020,0.0000,0.4802,1
39.800,11.5200,-0.0138,0.0001,0.0000,0.4802,1
39.817,11.5200,-0.0139,0.0017,0.0000,0.4802,1
39.833,11.5200,-0.0139,0.0006,0.0000,0.4802,1
39.850,11.5200,-0.0139,0.0011,0.0000,0.4802,1
39.867,11.5200,-0.0138,0.0006,0.0000,0.4802,1
39.883,11.5200,-0.0139,0.0010,0.0000,0.4802,1
39.900,11.5200,-0.0138,0.0016,0.0000,0.4802,1
39.917,11.5200,-0.0139,0.0014,0.0000,0.4802,1
39.933,11.5200,-0.0139,0.0005,0.0000,0.4802,1
39.950,11.5200,-0.0139,0.0000,0.0000,0.4802,1
39.967,11.5200,-0.0139,0.0002,0.0000,0.4802,1
39.983,11.5200,-0.0139,0.0006,0.0000,0.4802,1
40.000,11.5200,-0.0139,0.0001,0.0000,0.4802,1
40.017,11.5200,-0.0139,0.0012,0.0000,0.4802,1
40.033,11.5200,-0.0139,0.0011,0.0000,0.4802,1
40.050,11.5200,-0.0138,0.0015,0.0000,0.4802,1
40.067,11.5200,-0.0138,0.0021,0.0000,0.4802,1
40.083,11.5200,-0.0138,0.0016,0.0000,0.4802,1
40.100,11.5200,-0.0138,0.0006,0.0000,0.4802,1
40.117,11.5200,-0.0138,0.0009,0.0000,0.4802,1
40.133,11.5200,-0.0139,0.0015,0.0000,0.4802,1
40.150,11.5200,-0.0138,0.0019,0.0000,0.4802,1
40.167,11.5200,-0.0138,0.0007,0.0000,0.4802,1
40.183,11.5200,-0.0138,0.0017,0.0000,0.4802,1
40.200,11.5200,-0.0138,0.0013,0.0000,0.4802,1
40.217,11.5200,-0.0138,0.0006,0.0000,0.4802,1
40.233,11.5200,-0.0138,0.0017,0.0000,0.4802,1
40.250,11.5200,-0.0138,0.0018,0.0000,0.4802,1
40.267,11.5200,-0.0138,0.0006,0.0000,0.4802,1
40.283,11.5200,-0.0138,0.0022,0.0000,0.4802,1
40.300,11.5200,-0.0138,0.0015,0.0000,0.4802,1
40.317,11.5200,-0.0138,0.0010,0.0000,0.4802,1
40.333,11.5200,-0.0138,0.0028,0.0000,0.4802,1
40.350,11.5200,-0.0138,0.0001,0.0000,0.4802,1
40.367,11.5200,-0.0138,0.0018,0.0000,0.4802,1
40.383,11.5200,-0.0138,0.0031,0.0000,0.4802,1
40.400,11.5200,-0.0138,0.0035,0.0000,0.4802,1
40.417,11.5200,-0.0138,0.0009,0.0000,0.4802,1
40.433,11.5200,-0.0138,0.0010,0.0000,0.4802,1
40.450,11.5200,-0.0138,0.0003,0.0000,0.4802,1
40.467,11.5200,-0.0138,0.0023,0.0000,0.4802,1
40.483,11.5200,-0.0138,0.0019,0.0000,0.4802,1
40.500,11.5200,-0.0138,0.0012,0.0000,0.4802,1
40.517,11.5200,-0.0138,0.0001,0.0000,0.4802,1
40.533,11.5200,-0.0138,0.0018,0.0000,0.4802,1
40.550,11.5200,-0.0138,0.0008,0.0000,0.4802,1
40.567,11.5200,-0.0138,0.0005,0.0000,0.4802,1
40.583,11.5200,-0.0138,0.0009,0.0000,0.4802,1
40.600,11.5200,-0.0138,0.0013,0.0000,0.4802,1
40.617,11.5200,-0.0138,0.0025,0.0000,0.4802,1
40.633,11.5200,-0.0138,0.0016,0.0000,0.4802,1
40.650,11.5200,-0.0138,0.0011,0.0000,0.4802,1
40.667,11.5200,-0.0138,0.0022,0.0000,0.4802,1
40.683,11.5200,-0.0137,0.0026,0.0000,0.4802,1
40.700,11.5200,-0.0138,0.0049,0.0000,0.4801,1
40.717,11.5200,-0.0138,0.0006,0.0000,0.4801,1
40.733,11.5200,-0.0138,0.0001,0.0000,0.4801,1
40.750,11.5200,-0.0138,0.0004,0.0000,0.4801,1
40.767,11.5200,-0.0138,0.0023,0.0000,0.4802,1
40.783,11.5200,-0.0138,0.0007,0.0000,0.4802,1
40.800,11.5200,-0.0138,0.0015,0.0000,0.4802,1
40.817,11.5200,-0.0138,0.0019,0.0000,0.4801,1
40.833,11.5200,-0.0137,0.0019,0.0000,0.4801,1
40.850,11.5201,-0.0138,0.0034,0.0000,0.4801,1
40.867,11.5201,-0.0138,0.0017,0.0000,0.4801,1
40.883,11.5200,-0.0137,0.0017,0.0000,0.4801,1
40.900,11.5200,-0.0138,0.0018,0.0000,0.4801,1
40.917,11.5201,-0.0137,0.0010,0.0000,0.4801,1
40.933,11.5200,-0.0137,0.0003,0.0000,0.4801,1
40.950,11.5201,-0.0137,0.0002,0.0000,0.4801,1
40.967,11.5200,-0.0137,0.0006,0.0000,0.4801,1
40.983,11.5200,-0.0137,0.0018,0.0000,0.4801,1
41.000,11.5201,-0.0137,0.0016,0.0000,0.4801,1
41.017,11.5201,-0.0137,0.0001,0.0000,0.4801,1
41.033,11.5200,-0.0137,0.0017,0.0000,0.4801,1
41.050,11.5201,-0.0137,0.0001,0.0000,0.4801,1
41.067,11.5201,-0.0137,0.0013,0.0000,0.4801,1
41.083,11.5201,-0.0137,0.0001,0.0000,0.4801,1
41.100,11.5201,-0.0137,0.0005,0.0000,0.4801,1
41.117,11.5200,-0.0137,0.0001,0.0000,0.4801,1
41.133,11.5200,-0.0137,0.0015,0.0000,0.4801,1
41.150,11.5200,-0.0137,0.0003,0.0000,0.4801,1
41.167,11.5200,-0.0137,0.0011,0.0000,0.4801,1
41.183,11.5200,-0.0137,0.0016,0.0000,0.4801,1
41.200,11.5200,-0.0137,0.0002,0.0000,0.4801,1
41.217,11.5201,-0.0137,0.0020,0.0000,0.4801,1
41.233,11.5201,-0.0138,0.0006,0.0000,0.4801,1
41.250,11.5201,-0.0137,0.0025,0.0000,0.4801,1
41.267,11.5200,-0.0137,0.0011,0.0000,0.4801,1
41.283,11.5201,-0.0137,0.0025,0.0000,0.4801,1
41.300,11.5200,-0.0137,0.0026,0.0000,0.4801,1
41.317,11.5200,-0.0137,0.0006,0.0000,0.4801,1
41.333,11.5201,-0.0137,0.0008,0.0000,0.4801,1
41.350,11.5201,-0.0137,0.0007,0.0000,0.4801,1
41.367,11.5201,-0.0137,0.0001,0.0000,0.4801,1
41.383,11.5201,-0.0137,0.0007,0.0000,0.4801,1
41.400,11.5201,-0.0137,0.0003,0.0000,0.4801,1
41.417,11.5201,-0.0137,0.0014,0.0000,0.4801,1
41.433,11.5201,-0.0137,0.0006,0.0000,0.4801,1
41.450,11.5201,-0.0137,0.0004,0.0000,0.4801,1
41.467,11.5201,-0.0137,0.0004,0.0000,0.4801,1
41.483,11.5201,-0.0137,0.0009,0.0000,0.4801,1
41.500,11.5201,-0.0137,0.0014,0.0000,0.4801,1
41.517,11.5201,-0.0137,0.0020,0.0000,0.4801,1
41.533,11.5201,-0.0137,0.0004,0.0000,0.4801,1
41.550,11.5201,-0.0137,0.0008,0.0000,0.4801,1
41.567,11.5201,-0.0137,0.0011,0.0000,0.4801,1
41.583,11.5201,-0.0137,0.0022,0.0000,0.4801,1
41.600,11.5201,-0.0137,0.0004,0.0000,0.4801,1
41.617,11.5201,-0.0137,0.0022,0.0000,0.4801,1
41.633,11.5201,-0.0137,0.0026,0.0000,0.4801,1
41.650,11.5201,-0.0137,0.0010,0.0000,0.4801,1
41.667,11.5201,-0.0137,0.0013,0.0000,0.4801,1
41.683,11.5201,-0.0137,0.0020,0.0000,0.4801,1
41.700,11.5201,-0.0137,0.0002,0.0000,0.4801,1
41.717,11.5201,-0.0137,0.0011,0.0000,0.4801,1
41.733,11.5201,-0.0137,0.0001,0.0000,0.4801,1
41.750,11.5200,-0.0137,0.0027,0.0000,0.4801,1
41.767,11.5201,-0.0137,0.0025,0.0000,0.4801,1
41.783,11.5201,-0.0137,0.0007,0.0000,0.4801,1
41.800,11.5201,-0.0137,0.0006,0.0000,0.4801,1
41.817,11.5201,-0.0137,0.0001,0.0000,0.4801,1
41.833,11.5201,-0.0137,0.0015,0.0000,0.4801,1
41.850,11.5201,-0.0137,0.0009,0.0000,0.4801,1
41.867,11.5201,-0.0137,0.0004,0.0000,0.4801,1
41.883,11.5201,-0.0137,0.0003,0.0000,0.4801,1
41.900,11.5201,-0.0137,0.0005,0.0000,0.4801,1
41.917,11.5201,-0.0137,0.0003,0.0000,0.4801,1
41.933,11.5201,-0.0137,0.0013,0.0000,0.4801,1
41.950,11.5201,-0.0137,0.0012,0.0000,0.4801,1
41.967,11.5201,-0.0137,0.0011,0.0000,0.4801,1
41.983,11.5201,-0.0137,0.0003,0.0000,0.4801,1
42.000,11.5201,-0.0137,0.0007,0.0000,0.4801,1
42.017,11.5201,-0.0137,0.0003,0.0000,0.4801,1
42.033,11.5201,-0.0137,0.0008,0.0000,0.4801,1
42.050,11.5201,-0.0137,0.0006,0.0000,0.4801,1
42.067,11.5201,-0.0137,0.0008,0.0000,0.4801,1
42.083,11.5201,-0.0137,0.0008,0.0000,0.4801,1
42.100,11.5201,-0.0137,0.0001,0.0000,0.4801,1
42.117,11.5201,-0.0137,0.0002,0.0000,0.4801,1
42.133,11.5201,-0.0137,0.0004,0.0000,0.4801,1
42.150,11.5201,-0.0137,0.0012,0.0000,0.4801,1
42.167,11.5201,-0.0137,0.0010,0.0000,0.4801,1
42.183,11.5201,-0.0137,0.0002,0.0000,0.4801,1
42.200,11.5201,-0.0137,0.0001,0.0000,0.4801,1
42.217,11.5201,-0.0137,0.0020,0.0000,0.4801,1
42.233,11.5201,-0.0137,0.0015,0.0000,0.4801,1
42.250,11.5201,-0.0137,0.0004,0.0000,0.4801,1
42.267,11.5201,-0.0137,0.0003,0.0000,0.4801,1
42.283,11.5201,-0.0137,0.0003,0.0000,0.4801,1
42.300,11.5201,-0.0137,0.0003,0.0000,0.4801,1
42.317,11.5201,-0.0137,0.0003,0.0000,0.4801,1
42.333,11.5201,-0.0137,0.0009,0.0000,0.4801,1
42.350,11.5201,-0.0137,0.0005,0.0000,0.4801,1
42.367,11.5201,-0.0137,0.0007,0.0000,0.4801,1
42.383,11.5201,-0.0137,0.0015,0.0000,0.4801,1
42.400,11.5201,-0.0137,0.0019,0.0000,0.4801,1
42.417,11.5201,-0.0136,0.0008,0.0000,0.4801,1
42.433,11.5201,-0.0137,0.0003,0.0000,0.4801,1
42.450,11.5201,-0.0137,0.0015,0.0000,0.4801,1
42.467,11.5201,-0.0137,0.0005,0.0000,0.4801,1
42.483,11.5201,-0.0136,0.0022,0.0000,0.4801,1
42.500,11.5201,-0.0137,0.0019,0.0000,0.4801,1
42.517,11.5201,-0.0137,0.0009,0.0000,0.4801,1
42.533,11.5201,-0.0137,0.0005,0.0000,0.4801,1
42.550,11.5201,-0.0137,0.0000,0.0000,0.4801,1
42.567,11.5201,-0.0137,0.0004,0.0000,0.4801,1
42.583,11.5201,-0.0137,0.0001,0.0000,0.4801,1
42.600,11.5201,-0.0136,0.0013,0.0000,0.4801,1
42.617,11.5201,-0.0137,0.0007,0.0000,0.4801,1
42.633,11.5201,-0.0137,0.0008,0.0000,0.4801,1
42.650,11.5201,-0.0137,0.0006,0.0000,0.4801,1
42.667,11.5201,-0.0136,0.0006,0.0000,0.4801,1
42.683,11.5201,-0.0137,0.0004,0.0000,0.4801,1
42.700,11.5201,-0.0137,0.0003,0.0000,0.4801,1
42.717,11.5201,-0.0136,0.0019,0.0000,0.4801,1
42.733,11.5201,-0.0137,0.0023,0.0000,0.4801,1
42.750,11.5201,-0.0137,0.0001,0.0000,0.4801,1
42.767,11.5201,-0.0136,0.0016,0.0000,0.4801,1
42.783,11.5201,-0.0136,0.0006,0.0000,0.4801,1
42.800,11.5201,-0.0136,0.0002,0.0000,0.4801,1
42.817,11.5201,-0.0137,0.0015,0.0000,0.4801,1
42.833,11.5201,-0.0137,0.0009,0.0000,0.4801,1
42.850,11.5201,-0.0136,0.0020,0.0000,0.4801,1
42.867,11.5201,-0.0137,0.0011,0.0000,0.4801,1
42.883,11.5201,-0.0137,0.0001,0.0000,0.4801,1
42.900,11.5201,-0.0136,0.0008,0.0000,0.4801,1
42.917,11.5201,-0.0136,0.0001,0.0000,0.4801,1
42.933,11.5201,-0.0137,0.0012,0.0000,0.4801,1
42.950,11.5201,-0.0137,0.0002,0.0000,0.4801,1
42.967,11.5201,-0.0136,0.0010,0.0000,0.4801,1
42.983,11.5201,-0.0137,0.0002,0.0000,0.4801,1
43.000,11.5201,-0.0137,0.0011,0.0000,0.4801,1
43.017,11.5201,-0.0136,0.0011,0.0000,0.4801,1
43.033,11.5200,-0.0136,0.0021,0.0000,0.4801,1
43.050,11.5201,-0.0137,0.0061,0.0000,0.4801,1
43.067,11.5201,-0.0137,0.0002,0.0000,0.4801,1
43.083,11.5200,-0.0137,0.0029,0.0000,0.4801,1
43.100,11.5201,-0.0137,0.0019,0.0000,0.4801,1
43.117,11.5201,-0.0137,0.0002,0.0000,0.4801,1
43.133,11.5201,-0.0137,0.0015,0.0000,0.4801,1
43.150,11.5201,-0.0137,0.0004,0.0000,0.4801,1
43.167,11.5200,-0.0137,0.0001,0.0000,0.4801,1
43.183,11.5201,-0.0137,0.0020,0.0000,0.4801,1
43.200,11.5201,-0.0137,0.0003,0.0000,0.4801,1
43.217,11.5200,-0.0136,0.0034,0.0000,0.4802,1
43.233,11.5200,-0.0137,0.0008,0.0000,0.4801,1
43.250,11.5200,-0.0136,0.0007,0.0000,0.4801,1
43.267,11.5200,-0.0136,0.0017,0.0000,0.4801,1
43.283,11.5200,-0.0137,0.0028,0.0000,0.4801,1
43.300,11.5200,-0.0136,0.0008,0.0000,0.4801,1
43.317,11.5200,-0.0136,0.0020,0.0000,0.4801,1
43.333,11.5200,-0.0137,0.0028,0.0000,0.4801,1
43.350,11.5200,-0.0136,0.0017,0.0000,0.4801,1
43.367,11.5200,-0.0136,0.0008,0.0000,0.4802,1
43.383,11.5200,-0.0137,0.0054,0.0000,0.4801,1
43.400,11.5200,-0.0137,0.0004,0.0000,0.4801,1
43.417,11.5200,-0.0136,0.0064,0.0000,0.4802,1
43.433,11.5200,-0.0135,0.0053,0.0000,0.4802,1
43.450,11.5200,-0.0136,0.0027,0.0000,0.4802,1
43.467,11.5200,-0.0136,0.0005,0.0000,0.4802,1
43.483,11.5200,-0.0136,0.0009,0.0000,0.4802,1
43.500,11.5200,-0.0136,0.0024,0.0000,0.4802,1
43.517,11.5200,-0.0136,0.0021,0.0000,0.4802,1
43.533,11.5200,-0.0136,0.0028,0.0000,0.4801,1
43.550,11.5200,-0.0136,0.0013,0.0000,0.4801,1
43.567,11.5200,-0.0135,0.0024,0.0000,0.4802,1
43.583,11.5200,-0.0136,0.0015,0.0000,0.4801,1
43.600,11.5200,-0.0136,0.0007,0.0000,0.4802,1
43.617,11.5200,-0.0135,0.0018,0.0000,0.4802,1
43.633,11.5200,-0.0136,0.0018,0.0000,0.4802,1
43.650,11.5200,-0.0135,0.0015,0.0000,0.4802,1
43.667,11.5200,-0.0135,0.0015,0.0000,0.4802,1
43.683,11.5200,-0.0136,0.0035,0.0000,0.4801,1
43.700,11.5200,-0.0135,0.0013,0.0000,0.4801,1
43.717,11.5200,-0.0135,0.0015,0.0000,0.4801,1
43.733,11.5200,-0.0136,0.0021,0.0000,0.4801,1
43.750,11.5200,-0.0135,0.0021,0.0000,0.4801,1
43.767,11.5200,-0.0136,0.0022,0.0000,0.4801,1
43.783,11.5200,-0.0136,0.0006,0.0000,0.4801,1
43.800,11.5200,-0.0135,0.0028,0.0000,0.4801,1
43.817,11.5200,-0.0135,0.0004,0.0000,0.4801,1
43.833,11.5200,-0.0135,0.0012,0.0000,0.4802,1
43.850,11.5200,-0.0135,0.0004,0.0000,0.4801,1
43.867,11.5200,-0.0135,0.0042,0.0000,0.4802,1
43.883,11.5200,-0.0135,0.0009,0.0000,0.4802,1
43.900,11.5200,-0.0135,0.0007,0.0000,0.4802,1
43.917,11.5200,-0.0135,0.0017,0.0000,0.4802,1
43.933,11.5200,-0.0135,0.0031,0.0000,0.4802,1
43.950,11.5200,-0.0135,0.0024,0.0000,0.4802,1
43.967,11.5200,-0.0135,0.0017,0.0000,0.4802,1
43.983,11.5200,-0.0135,0.0019,0.0000,0.4802,1
44.000,11.5200,-0.0135,0.0009,0.0000,0.4802,1
44.017,11.5200,-0.0135,0.0032,0.0000,0.4802,1
44.033,11.5200,-0.0135,0.0025,0.0000,0.4802,1
44.050,11.5200,-0.0135,0.0020,0.0000,0.4802,1
44.067,11.5200,-0.0135,0.0004,0.0000,0.4802,1
44.083,11.5200,-0.0135,0.0043,0.0000,0.4802,1
44.100,11.5200,-0.0135,0.0010,0.0000,0.4802,1
44.117,11.5200,-0.0134,0.0027,0.0000,0.4802,1
44.133,11.5200,-0.0135,0.0053,0.0000,0.4802,1
44.150,11.5200,-0.0135,0.0009,0.0000,0.4802,1
44.167,11.5200,-0.0135,0.0020,0.0000,0.4802,1
44.183,11.5200,-0.0134,0.0013,0.0000,0.4802,1
44.200,11.5200,-0.0134,0.0045,0.0000,0.4802,1
44.217,11.5200,-0.0133,0.0018,0.0000,0.4802,1
44.233,11.5200,-0.0134,0.0010,0.0000,0.4802,1
44.250,11.5200,-0.0134,0.0003,0.0000,0.4802,1
44.267,11.5200,-0.0133,0.0014,0.0000,0.4802,1
44.283,11.5200,-0.0134,0.0014,0.0000,0.4802,1
44.300,11.5200,-0.0134,0.0001,0.0000,0.4802,1
44.317,11.5200,-0.0133,0.0021,0.0000,0.4802,1
44.333,11.5200,-0.0133,0.0023,0.0000,0.4802,1
44.350,11.5200,-0.0133,0.0020,0.0000,0.4802,1
44.367,11.5200,-0.0133,0.0021,0.0000,0.4802,1
44.383,11.5200,-0.0133,0.0019,0.0000,0.4802,1
44.400,11.5200,-0.0133,0.0002,0.0000,0.4802,1
44.417,11.5200,-0.0133,0.0018,0.0000,0.4802,1
44.433,11.5200,-0.0133,0.0008,0.0000,0.4802,1
44.450,11.5200,-0.0133,0.0007,0.0000,0.4802,1
44.467,11.5200,-0.0133,0.0008,0.0000,0.4802,1
44.483,11.5200,-0.0133,0.0026,0.0000,0.4802,1
44.500,11.5200,-0.0133,0.0034,0.0000,0.4802,1
44.517,11.5200,-0.0133,0.0016,0.0000,0.4802,1
44.533,11.5200,-0.0133,0.0018,0.0000,0.4802,1
44.550,11.5200,-0.0133,0.0002,0.0000,0.4802,1
44.567,11.5200,-0.0133,0.0006,0.0000,0.4802,1
44.583,11.5200,-0.0133,0.0008,0.0000,0.4802,1
44.600,11.5200,-0.0133,0.0010,0.0000,0.4802,1
44.617,11.5200,-0.0133,0.0016,0.0000,0.4802,1
44.633,11.5200,-0.0133,0.0021,0.0000,0.4802,1
44.650,11.5200,-0.0133,0.0005,0.0000,0.4802,1
44.667,11.5200,-0.0133,0.0020,0.0000,0.4802,1
44.683,11.5200,-0.0133,0.0032,0.0000,0.4802,1
44.700,11.5200,-0.0134,0.0004,0.0000,0.4802,1
44.717,11.5200,-0.0133,0.0041,0.0000,0.4802,1
44.733,11.5200,-0.0133,0.0009,0.0000,0.4802,1
44.750,11.5200,-0.0133,0.0007,0.0000,0.4802,1
44.767,11.5200,-0.0133,0.0006,0.0000,0.4802,1
44.783,11.5200,-0.0133,0.0010,0.0000,0.4802,1
44.800,11.5200,-0.0133,0.0019,0.0000,0.4802,1
44.817,11.5200,-0.0133,0.0007,0.0000,0.4802,1
44.833,11.5200,-0.0132,0.0018,0.0000,0.4802,1
44.850,11.5200,-0.0133,0.0007,0.0000,0.4802,1
44.867,11.5200,-0.0133,0.0034,0.0000,0.4802,1
44.883,11.5200,-0.0133,0.0002,0.0000,0.4802,1
44.900,11.5200,-0.0133,0.0014,0.0000,0.4802,1
44.917,11.5200,-0.0133,0.0003,0.0000,0.4802,1
44.933,11.5200,-0.0133,0.0007,0.0000,0.4802,1
44.950,11.5200,-0.0133,0.0004,0.0000,0.4802,1
44.967,11.5200,-0.0133,0.0005,0.0000,0.4802,1
44.983,11.5200,-0.0133,0.0020,0.0000,0.4802,1
45.000,11.5200,-0.0133,0.0027,0.0000,0.4802,1
45.017,11.5200,-0.0133,0.0015,0.0000,0.4802,1
45.033,11.5200,-0.0133,0.0021,0.0000,0.4802,1
45.050,11.5200,-0.0133,0.0012,0.0000,0.4802,1
45.067,11.5200,-0.0133,0.0013,0.0000,0.4802,1
45.083,11.5200,-0.0133,0.0017,0.0000,0.4802,1
45.100,11.5200,-0.0133,0.0005,0.0000,0.4802,1
45.117,11.5200,-0.0133,0.0016,0.0000,0.4802,1
45.133,11.5200,-0.0133,0.0019,0.0000,0.4802,1
45.150,11.5200,-0.0133,0.0010,0.0000,0.4802,1
45.167,11.5200,-0.0133,0.0025,0.0000,0.4802,1
45.183,11.5200,-0.0133,0.0019,0.0000,0.4802,1
45.200,11.5200,-0.0133,0.0000,0.0000,0.4802,1
45.217,11.5200,-0.0133,0.0007,0.0000,0.4802,1
45.233,11.5200,-0.0133,0.0005,0.0000,0.4802,1
45.250,11.5200,-0.0133,0.0043,0.0000,0.4802,1
45.267,11.5200,-0.0133,0.0024,0.0000,0.4802,1
45.283,11.5200,-0.0133,0.0005,0.0000,0.4802,1
45.300,11.5200,-0.0133,0.0001,0.0000,0.4802,1
45.317,11.5200,-0.0133,0.0003,0.0000,0.4802,1
45.333,11.5200,-0.0133,0.0015,0.0000,0.4802,1
45.350,11.5200,-0.0133,0.0027,0.0000,0.4802,1
45.367,11.5200,-0.0133,0.0030,0.0000,0.4802,1
45.383,11.5200,-0.0133,0.0002,0.0000,0.4802,1
45.400,11.5200,-0.0133,0.0019,0.0000,0.4802,1
45.417,11.5200,-0.0133,0.0008,0.0000,0.4802,1
45.433,11.5200,-0.0133,0.0004,0.0000,0.4802,1
45.450,11.5200,-0.0133,0.0013,0.0000,0.4802,1
45.467,11.5200,-0.0134,0.0042,0.0000,0.4802,1
45.483,11.5200,-0.0133,0.0010,0.0000,0.4802,1
45.500,11.5200,-0.0133,0.0013,0.0000,0.4802,1
45.517,11.5200,-0.0134,0.0028,0.0000,0.4802,1
45.533,11.5200,-0.0133,0.0020,0.0000,0.4802,1
45.550,11.5200,-0.0133,0.0011,0.0000,0.4802,1
45.567,11.5200,-0.0134,0.0029,0.0000,0.4802,1
45.583,11.5200,-0.0133,0.0016,0.0000,0.4802,1
45.600,11.5200,-0.0133,0.0034,0.0000,0.4802,1
45.617,11.5200,-0.0132,0.0022,0.0000,0.4802,1
45.633,11.5200,-0.0133,0.0027,0.0000,0.4802,1
45.650,11.5200,-0.0133,0.0008,0.0000,0.4802,1
45.667,11.5200,-0.0133,0.0017,0.0000,0.4802,1
45.683,11.5200,-0.0133,0.0002,0.0000,0.4802,1
45.700,11.5200,-0.0133,0.0017,0.0000,0.4802,1
45.717,11.5200,-0.0133,0.0010,0.0000,0.4802,1
45.733,11.5200,-0.0133,0.0053,0.0000,0.4802,1
45.750,11.5200,-0.0134,0.0056,0.0000,0.4802,1
45.767,11.5200,-0.0134,0.0007,0.0000,0.4802,1
45.783,11.5200,-0.0134,0.0005,0.0000,0.4802,1
45.800,11.5200,-0.0134,0.0012,0.0000,0.4802,1
45.817,11.5200,-0.0134,0.0014,0.0000,0.4802,1
45.833,11.5200,-0.0134,0.0008,0.0000,0.4802,1
45.850,11.5200,-0.0134,0.0006,0.0000,0.4802,1
45.867,11.5200,-0.0134,0.0014,0.0000,0.4802,1
45.883,11.5200,-0.0134,0.0005,0.0000,0.4802,1
45.900,11.5200,-0.0134,0.0008,0.0000,0.4802,1
45.917,11.5200,-0.0134,0.0017,0.0000,0.4802,1
45.933,11.5200,-0.0134,0.0013,0.0000,0.4802,1
45.950,11.5200,-0.0134,0.0005,0.0000,0.4802,1
45.967,11.5200,-0.0134,0.0021,0.0000,0.4802,1
45.983,11.5200,-0.0134,0.0015,0.0000,0.4802,1
46.000,11.5200,-0.0134,0.0011,0.0000,0.4802,1
46.017,11.5200,-0.0134,0.0022,0.0000,0.4802,1
46.033,11.5200,-0.0134,0.0012,0.0000,0.4802,1
46.050,11.5200,-0.0134,0.0016,0.0000,0.4802,1
46.067,11.5200,-0.0134,0.0013,0.0000,0.4802,1
46.083,11.5200,-0.0134,0.0002,0.0000,0.4802,1
46.100,11.5200,-0.0134,0.0005,0.0000,0.4802,1
46.117,11.5200,-0.0134,0.0003,0.0000,0.4802,1
46.133,11.5200,-0.0134,0.0017,0.0000,0.4802,1
46.150,11.5200,-0.0134,0.0004,0.0000,0.4802,1
46.167,11.5200,-0.0134,0.0012,0.0000,0.4802,1
46.183,11.5200,-0.0134,0.0001,0.0000,0.4802,1
46.200,11.5200,-0.0134,0.0002,0.0000,0.4802,1
46.217,11.5200,-0.0134,0.0003,0.0000,0.4802,1
46.233,11.5200,-0.0134,0.0003,0.0000,0.4802,1
46.250,11.5200,-0.0134,0.0011,0.0000,0.4802,1
46.267,11.5200,-0.0134,0.0007,0.0000,0.4802,1
46.283,11.5200,-0.0134,0.0019,0.0000,0.4802,1
46.300,11.5200,-0.0134,0.0002,0.0000,0.4802,1
46.317,11.5200,-0.0134,0.0004,0.0000,0.4802,1
46.333,11.5200,-0.0134,0.0006,0.0000,0.4802,1
46.350,11.5200,-0.0134,0.0006,0.0000,0.4802,1
46.367,11.5200,-0.0134,0.0009,0.0000,0.4802,1
46.383,11.5200,-0.0134,0.0024,0.0000,0.4802,1
46.400,11.5200,-0.0134,0.0006,0.0000,0.4802,1
46.417,11.5200,-0.0134,0.0010,0.0000,0.4802,1
46.433,11.5200,-0.0134,0.0010,0.0000,0.4802,1
46.450,11.5200,-0.0134,0.0006,0.0000,0.4802,1
46.467,11.5200,-0.0134,0.0004,0.0000,0.4802,1
46.483,11.5200,-0.0134,0.0012,0.0000,0.4802,1
46.500,11.5200,-0.0134,0.0028,0.0000,0.4802,1
46.517,11.5200,-0.0134,0.0017,0.0000,0.4802,1
46.533,11.5200,-0.0134,0.0006,0.0000,0.4802,1
46.550,11.5200,-0.0134,0.0002,0.0000,0.4802,1
46.567,11.5200,-0.0134,0.0006,0.0000,0.4802,1
46.583,11.5200,-0.0134,0.0003,0.0000,0.4802,1
46.600,11.5200,-0.0134,0.0013,0.0000,0.4802,1
46.617,11.5200,-0.0134,0.0010,0.0000,0.4802,1
46.633,11.5200,-0.0134,0.0003,0.0000,0.4802,1
46.650,11.5200,-0.0134,0.0018,0.0000,0.4802,1
46.667,11.5200,-0.0134,0.0018,0.0000,0.4802,1
46.683,11.5200,-0.0134,0.0007,0.0000,0.4802,1
46.700,11.5200,-0.0134,0.0007,0.0000,0.4802,1
46.717,11.5200,-0.0134,0.0004,0.0000,0.4802,1
46.733,11.5200,-0.0134,0.0002,0.0000,0.4802,1
46.750,11.5200,-0.0134,0.0009,0.0000,0.4802,1
46.767,11.5200,-0.0134,0.0009,0.0000,0.4802,1
46.783,11.5200,-0.0134,0.0003,0.0000,0.4802,1
46.800,11.5200,-0.0134,0.0004,0.0000,0.4802,1
46.817,11.5200,-0.0134,0.0002,0.0000,0.4802,1
46.833,11.5200,-0.0134,0.0004,0.0000,0.4802,1
46.850,11.5200,-0.0134,0.0022,0.0000,0.4802,1
46.867,11.5200,-0.0134,0.0011,0.0000,0.4802,1
46.883,11.5200,-0.0134,0.0010,0.0000,0.4802,1
46.900,11.5200,-0.0134,0.0007,0.0000,0.4802,1
46.917,11.5200,-0.0134,0.0009,0.0000,0.4802,1
46.933,11.5200,-0.0134,0.0027,0.0000,0.4802,1
46.950,11.5200,-0.0134,0.0001,0.0000,0.4802,1
46.967,11.5200,-0.0134,0.0018,0.0000,0.4802,1
46.983,11.5200,-0.0134,0.0010,0.0000,0.4802,1
47.000,11.5200,-0.0134,0.0009,0.0000,0.4802,1
47.017,11.5200,-0.0134,0.0004,0.0000,0.4802,1
47.033,11.5200,-0.0134,0.0004,0.0000,0.4802,1
47.050,11.5200,-0.0134,0.0016,0.0000,0.4802,1
47.067,11.5200,-0.0134,0.0006,0.0000,0.4802,1
47.083,11.5200,-0.0134,0.0010,0.0000,0.4802,1
47.100,11.5200,-0.0134,0.0011,0.0000,0.4802,1
47.117,11.5200,-0.0134,0.0002,0.0000,0.4801,1
47.133,11.5200,-0.0134,0.0025,0.0000,0.4801,1
47.150,11.5200,-0.0134,0.0001,0.0000,0.4801,1
47.167,11.5200,-0.0134,0.0029,0.0000,0.4802,1
47.183,11.5200,-0.0134,0.0010,0.0000,0.4801,1
47.200,11.5200,-0.0134,0.0019,0.0000,0.4801,1
47.217,11.5200,-0.0134,0.0020,0.0000,0.4802,1
47.233,11.5200,-0.0134,0.0005,0.0000,0.4801,1
47.250,11.5200,-0.0134,0.0014,0.0000,0.4801,1
47.267,11.5200,-0.0134,0.0018,0.0000,0.4801,1
47.283,11.5200,-0.0134,0.0007,0.0000,0.4801,1
47.300,11.5200,-0.0134,0.0014,0.0000,0.4801,1
47.317,11.5200,-0.0134,0.0004,0.0000,0.4801,1
47.333,11.5200,-0.0134,0.0001,0.0000,0.4801,1
47.350,11.5200,-0.0134,0.0016,0.0000,0.4801,1
47.367,11.5200,-0.0134,0.0011,0.0000,0.4801,1
47.383,11.5200,-0.0134,0.0007,0.0000,0.4801,1
47.400,11.5200,-0.0134,0.0003,0.0000,0.4801,1
47.417,11.5200,-0.0134,0.0002,0.0000,0.4801,1
47.433,11.5200,-0.0134,0.0005,0.0000,0.4801,1
47.450,11.5200,-0.0134,0.0004,0.0000,0.4801,1
47.467,11.5200,-0.0134,0.0009,0.0000,0.4801,1
47.483,11.5200,-0.0134,0.0001,0.0000,0.4801,1
47.500,11.5200,-0.0134,0.0019,0.0000,0.4801,1
47.517,11.5200,-0.0134,0.0001,0.0000,0.4801,1
47.533,11.5200,-0.0134,0.0007,0.0000,0.4801,1
47.550,11.5200,-0.0134,0.0011,0.0000,0.4801,1
47.567,11.5200,-0.0134,0.0002,0.0000,0.4801,1
47.583,11.5200,-0.0134,0.0020,0.0000,0.4801,1
47.600,11.5200,-0.0134,0.0009,0.0000,0.4801,1
47.617,11.5200,-0.0134,0.0007,0.0000,0.4801,1
47.633,11.5200,-0.0134,0.0014,0.0000,0.4801,1
47.650,11.5200,-0.0134,0.0005,0.0000,0.4801,1
47.667,11.5200,-0.0134,0.0016,0.0000,0.4801,1
47.683,11.5200,-0.0134,0.0002,0.0000,0.4801,1
47.700,11.5200,-0.0134,0.0019,0.0000,0.4801,1
47.717,11.5200,-0.0134,0.0011,0.0000,0.4801,1
47.733,11.5200,-0.0134,0.0006,0.0000,0.4801,1
47.750,11.5200,-0.0134,0.0001,0.0000,0.4801,1
47.767,11.5200,-0.0134,0.0007,0.0000,0.4801,1
47.783,11.5200,-0.0134,0.0004,0.0000,0.4801,1
47.800,11.5200,-0.0134,0.0014,0.0000,0.4801,1
47.817,11.5200,-0.0135,0.0027,0.0000,0.4801,1
47.833,11.5200,-0.0134,0.0006,0.0000,0.4801,1
47.850,11.5200,-0.0134,0.0001,0.0000,0.4801,1
47.867,11.5200,-0.0135,0.0015,0.0000,0.4801,1
47.883,11.5200,-0.0135,0.0007,0.0000,0.4801,1
47.900,11.5200,-0.0134,0.0010,0.0000,0.4801,1
47.917,11.5200,-0.0135,0.0018,0.0000,0.4801,1
47.933,11.5200,-0.0135,0.0017,0.0000,0.4801,1
47.950,11.5201,-0.0135,0.0018,0.0000,0.4801,1
47.967,11.5201,-0.0135,0.0004,0.0000,0.4801,1
47.983,11.5201,-0.0135,0.0008,0.0000,0.4801,1
48.000,11.5201,-0.0135,0.0004,0.0000,0.4801,1
48.017,11.5201,-0.0135,0.0020,0.0000,0.4801,1
48.033,11.5201,-0.0135,0.0003,0.0000,0.4801,1
48.050,11.5201,-0.0135,0.0002,0.0000,0.4801,1
48.067,11.5201,-0.0135,0.0010,0.0000,0.4801,1
48.083,11.5201,-0.0136,0.0005,0.0000,0.4801,1
48.100,11.5201,-0.0135,0.0012,0.0000,0.4801,1
48.117,11.5201,-0.0135,0.0000,0.0000,0.4801,1
48.133,11.5201,-0.0135,0.0000,0.0000,0.4801,1
48.150,11.5201,-0.0135,0.0003,0.0000,0.4801,1
48.167,11.5201,-0.0135,0.0002,0.0000,0.4801,1
48.183,11.5201,-0.0135,0.0003,0.0000,0.4801,1
48.200,11.5201,-0.0135,0.0007,0.0000,0.4801,1
48.217,11.5201,-0.0135,0.0007,0.0000,0.4801,1
48.233,11.5201,-0.0135,0.0007,0.0000,0.4801,1
48.250,11.5201,-0.0135,0.0002,0.0000,0.4801,1
48.267,11.5201,-0.0135,0.0014,0.0000,0.4801,1
48.283,11.5201,-0.0135,0.0012,0.0000,0.4801,1
48.300,11.5201,-0.0135,0.0003,0.0000,0.4801,1
48.317,11.5201,-0.0136,0.0012,0.0000,0.4801,1
48.333,11.5200,-0.0136,0.0010,0.0000,0.4801,1
48.350,11.5201,-0.0135,0.0017,0.0000,0.4801,1
48.367,11.5201,-0.0135,0.0020,0.0000,0.4801,1
48.383,11.5201,-0.0135,0.0030,0.0000,0.4801,1
48.400,11.5201,-0.0135,0.0008,0.0000,0.4801,1
48.417,11.5201,-0.0135,0.0006,0.0000,0.4801,1
48.433,11.5201,-0.0135,0.0018,0.0000,0.4801,1
48.450,11.5201,-0.0135,0.0020,0.0000,0.4801,1
48.467,11.5201,-0.0135,0.0010,0.0000,0.4801,1
48.483,11.5201,-0.0135,0.0020,0.0000,0.4801,1
48.500,11.5201,-0.0135,0.0015,0.0000,0.4801,1
48.517,11.5201,-0.0135,0.0005,0.0000,0.4801,1
48.533,11.5201,-0.0135,0.0029,0.0000,0.4801,1
48.550,11.5201,-0.0135,0.0019,0.0000,0.4801,1
48.567,11.5201,-0.0135,0.0009,0.0000,0.4801,1
48.583,11.5201,-0.0135,0.0022,0.0000,0.4801,1
48.600,11.5201,-0.0135,0.0028,0.0000,0.4801,1
48.617,11.5201,-0.0135,0.0016,0.0000,0.4801,1
48.633,11.5201,-0.0135,0.0011,0.0000,0.4801,1
48.650,11.5201,-0.0135,0.0007,0.0000,0.4801,1
48.667,11.5201,-0.0135,0.0002,0.0000,0.4801,1
48.683,11.5201,-0.0135,0.0004,0.0000,0.4801,1
48.700,11.5201,-0.0135,0.0007,0.0000,0.4801,1
48.717,11.5201,-0.0135,0.0012,0.0000,0.4801,1
48.733,11.5201,-0.0135,0.0006,0.0000,0.4801,1
48.750,11.5201,-0.0135,0.0011,0.0000,0.4801,1
48.767,11.5201,-0.0135,0.0008,0.0000,0.4801,1
48.783,11.5201,-0.0135,0.0010,0.0000,0.4801,1
48.800,11.5201,-0.0135,0.0012,0.0000,0.4801,1
48.817,11.5201,-0.0135,0.0008,0.0000,0.4801,1
48.833,11.5201,-0.0135,0.0018,0.0000,0.4801,1
48.850,11.5201,-0.0135,0.0007,0.0000,0.4801,1
48.867,11.5201,-0.0135,0.0019,0.0000,0.4801,1
48.883,11.5201,-0.0135,0.0019,0.0000,0.4801,1
48.900,11.5201,-0.0135,0.0004,0.0000,0.4801,1
48.917,11.5201,-0.0135,0.0007,0.0000,0.4801,1
48.933,11.5201,-0.0135,0.0007,0.0000,0.4801,1
48.950,11.5201,-0.0135,0.0017,0.0000,0.4801,1
48.967,11.5201,-0.0135,0.0004,0.0000,0.4801,1
48.983,11.5201,-0.0135,0.0013,0.0000,0.4801,1
49.000,11.5201,-0.0135,0.0018,0.0000,0.4801,1
49.017,11.5201,-0.0135,0.0029,0.0000,0.4801,1
49.033,11.5201,-0.0135,0.0001,0.0000,0.4801,1
49.050,11.5201,-0.0135,0.0002,0.0000,0.4801,1
49.067,11.5201,-0.0135,0.0004,0.0000,0.4801,1
49.083,11.5201,-0.0135,0.0009,0.0000,0.4801,1
49.100,11.5201,-0.0135,0.0012,0.0000,0.4801,1
49.117,11.5201,-0.0134,0.0020,0.0000,0.4801,1
49.133,11.5201,-0.0135,0.0016,0.0000,0.4801,1
49.150,11.5201,-0.0135,0.0004,0.0000,0.4801,1
49.167,11.5201,-0.0134,0.0014,0.0000,0.4801,1
49.183,11.5201,-0.0135,0.0018,0.0000,0.4801,1
49.200,11.5201,-0.0135,0.0005,0.0000,0.4801,1
49.217,11.5201,-0.0134,0.0027,0.0000,0.4801,1
49.233,11.5201,-0.0134,0.0003,0.0000,0.4801,1
49.250,11.5201,-0.0134,0.0002,0.0000,0.4801,1
49.267,11.5201,-0.0135,0.0018,0.0000,0.4801,1
49.283,11.5201,-0.0134,0.0009,0.0000,0.4801,1
49.300,11.5201,-0.0134,0.0003,0.0000,0.4801,1
49.317,11.5201,-0.0134,0.0003,0.0000,0.4801,1
49.333,11.5201,-0.0135,0.0013,0.0000,0.4801,1
49.350,11.5201,-0.0135,0.0004,0.0000,0.4801,1
49.367,11.5201,-0.0134,0.0023,0.0000,0.4801,1
49.383,11.5201,-0.0134,0.0012,0.0000,0.4801,1
49.400,11.5201,-0.0135,0.0027,0.0000,0.4801,1
49.417,11.5201,-0.0134,0.0016,0.0000,0.4801,1
49.433,11.5201,-0.0134,0.0014,0.0000,0.4801,1
49.450,11.5201,-0.0134,0.0006,0.0000,0.4801,1
49.467,11.5201,-0.0134,0.0001,0.0000,0.4801,1
49.483,11.5201,-0.0134,0.0009,0.0000,0.4801,1
49.500,11.5201,-0.0134,0.0008,0.0000,0.4801,1
49.517,11.5201,-0.0134,0.0006,0.0000,0.4801,1
49.533,11.5201,-0.0134,0.0010,0.0000,0.4801,1
49.550,11.5201,-0.0134,0.0008,0.0000,0.4801,1
49.567,11.5201,-0.0134,0.0016,0.0000,0.4801,1
49.583,11.5201,-0.0134,0.0003,0.0000,0.4801,1
49.600,11.5201,-0.0134,0.0004,0.0000,0.4801,1
49.617,11.5201,-0.0134,0.0005,0.0000,0.4801,1
49.633,11.5201,-0.0134,0.0015,0.0000,0.4801,1
49.650,11.5201,-0.0134,0.0007,0.0000,0.4801,1
49.667,11.5201,-0.0134,0.0002,0.0000,0.4801,1
49.683,11.5201,-0.0134,0.0021,0.0000,0.4801,1
49.700,11.5201,-0.0134,0.0019,0.0000,0.4801,1
49.717,11.5201,-0.0134,0.0022,0.0000,0.4801,1
49.733,11.5201,-0.0134,0.0007,0.0000,0.4801,1
49.750,11.5201,-0.0134,0.0007,0.0000,0.4801,1
49.767,11.5201,-0.0134,0.0002,0.0000,0.4801,1
49.783,11.5201,-0.0134,0.0010,0.0000,0.4801,1
49.800,11.5201,-0.0134,0.0003,0.0000,0.4801,1
49.817,11.5201,-0.0134,0.0007,0.0000,0.4801,1
49.833,11.5201,-0.0134,0.0008,0.0000,0.4801,1
49.850,11.5201,-0.0134,0.0010,0.0000,0.4801,1
49.867,11.5201,-0.0134,0.0026,0.0000,0.4801,1
49.883,11.5201,-0.0134,0.0010,0.0000,0.4801,1
49.900,11.5201,-0.0134,0.0011,0.0000,0.4801,1
49.917,11.5201,-0.0134,0.0008,0.0000,0.4801,1
49.933,11.5201,-0.0134,0.0003,0.0000,0.4801,1
49.950,11.5201,-0.0134,0.0014,0.0000,0.4801,1
49.967,11.5201,-0.0134,0.0011,0.0000,0.4801,1
49.983,11.5201,-0.0134,0.0011,0.0000,0.4801,1
50.000,11.5201,-0.0134,0.0019,0.0000,0.4801,1
50.017,11.5201,-0.0134,0.0012,0.0000,0.4801,1
50.033,11.5201,-0.0134,0.0007,0.0000,0.4801,1
50.050,11.5201,-0.0134,0.0011,0.0000,0.4801,1
50.067,11.5201,-0.0134,0.0008,0.0000,0.4801,1
50.083,11.5201,-0.0134,0.0016,0.0000,0.4801,1
50.100,11.5201,-0.0134,0.0008,0.0000,0.4801,1
50.117,11.5201,-0.0134,0.0004,0.0000,0.4801,1
50.133,11.5201,-0.0134,0.0009,0.0000,0.4801,1
50.150,11.5201,-0.0134,0.0004,0.0000,0.4801,1
50.167,11.5201,-0.0134,0.0004,0.0000,0.4801,1
50.183,11.5201,-0.0134,0.0004,0.0000,0.4801,1
50.200,11.5201,-0.0134,0.0006,0.0000,0.4801,1
50.217,11.5201,-0.0134,0.0003,0.0000,0.4801,1
50.233,11.5201,-0.0134,0.0008,0.0000,0.4801,1
50.250,11.5201,-0.0134,0.0004,0.0000,0.4801,1
50.267,11.5201,-0.0134,0.0003,0.0000,0.4801,1
50.283,11.5201,-0.0134,0.0017,0.0000,0.4801,1
50.300,11.5201,-0.0134,0.0005,0.0000,0.4801,1
50.317,11.5201,-0.0134,0.0005,0.0000,0.4801,1
50.333,11.5201,-0.0134,0.0009,0.0000,0.4801,1
50.350,11.5201,-0.0134,0.0002,0.0000,0.4801,1
50.367,11.5201,-0.0134,0.0012,0.0000,0.4801,1
50.383,11.5201,-0.0134,0.0016,0.0000,0.4801,1
50.400,11.5201,-0.0134,0.0004,0.0000,0.4801,1
50.417,11.5201,-0.0134,0.0025,0.0000,0.4801,1
50.433,11.5201,-0.0134,0.0001,0.0000,0.4801,1
50.450,11.5201,-0.0134,0.0009,0.0000,0.4801,1
50.467,11.5201,-0.0134,0.0005,0.0000,0.4801,1
50.483,11.5201,-0.0134,0.0002,0.0000,0.4801,1
50.500,11.5201,-0.0134,0.0013,0.0000,0.4801,1
50.517,11.5201,-0.0134,0.0004,0.0000,0.4801,1
50.533,11.5201,-0.0133,0.0024,0.0000,0.4801,1
50.550,11.5201,-0.0134,0.0024,0.0000,0.4801,1
50.567,11.5201,-0.0134,0.0012,0.0000,0.4801,1
50.583,11.5201,-0.0133,0.0017,0.0000,0.4801,1
50.600,11.5201,-0.0133,0.0004,0.0000,0.4801,1
50.617,11.5201,-0.0133,0.0006,0.0000,0.4801,1
50.633,11.5201,-0.0134,0.0017,0.0000,0.4801,1
50.650,11.5201,-0.0133,0.0004,0.0000,0.4801,1
50.667,11.5201,-0.0133,0.0017,0.0000,0.4801,1
50.683,11.5201,-0.0133,0.0001,0.0000,0.4801,1
50.700,11.5201,-0.0133,0.0004,0.0000,0.4801,1
50.717,11.5201,-0.0133,0.0008,0.0000,0.4801,1
50.733,11.5201,-0.0133,0.0013,0.0000,0.4801,1
50.750,11.5201,-0.0133,0.0009,0.0000,0.4801,1
50.767,11.5201,-0.0134,0.0040,0.0000,0.4801,1
50.783,11.5201,-0.0133,0.0024,0.0000,0.4801,1
50.800,11.5201,-0.0133,0.0016,0.0000,0.4801,1
50.817,11.5201,-0.0133,0.0026,0.0000,0.4801,1
50.833,11.5201,-0.0133,0.0021,0.0000,0.4801,1
50.850,11.5201,-0.0133,0.0023,0.0000,0.4801,1
50.867,11.5201,-0.0133,0.0023,0.0000,0.4801,1
50.883,11.5201,-0.0133,0.0003,0.0000,0.4801,1
50.900,11.5201,-0.0133,0.0024,0.0000,0.4801,1
50.917,11.5201,-0.0133,0.0003,0.0000,0.4801,1
50.933,11.5201,-0.0133,0.0015,0.0000,0.4801,1
50.950,11.5201,-0.0133,0.0020,0.0000,0.4801,1
50.967,11.5201,-0.0133,0.0030,0.0000,0.4801,1
50.983,11.5201,-0.0133,0.0008,0.0000,0.4801,1
51.000,11.5201,-0.0132,0.0029,0.0000,0.4801,1
51.017,11.5201,-0.0132,0.0005,0.0000,0.4801,1
51.033,11.5201,-0.0132,0.0016,0.0000,0.4801,1
51.050,11.5201,-0.0133,0.0049,0.0000,0.4801,1
51.067,11.5201,-0.0132,0.0066,0.0000,0.4801,1
51.083,11.5201,-0.0132,0.0022,0.0000,0.4801,1
51.100,11.5201,-0.0132,0.0002,0.0000,0.4801,1
51.117,11.5201,-0.0132,0.0028,0.0000,0.4801,1
51.133,11.5201,-0.0132,0.0022,0.0000,0.4801,1
51.150,11.5201,-0.0132,0.0007,0.0000,0.4801,1
51.167,11.5201,-0.0132,0.0005,0.0000,0.4801,1
51.183,11.5201,-0.0132,0.0018,0.0000,0.4801,1
51.200,11.5201,-0.0132,0.0009,0.0000,0.4801,1
51.217,11.5201,-0.0132,0.0036,0.0000,0.4801,1
51.233,11.5201,-0.0132,0.0015,0.0000,0.4801,1
51.250,11.5200,-0.0131,0.0033,0.0000,0.4801,1
51.267,11.5201,-0.0132,0.0029,0.0000,0.4801,1
51.283,11.5201,-0.0132,0.0004,0.0000,0.4801,1
51.300,11.5201,-0.0132,0.0008,0.0000,0.4801,1
51.317,11.5201,-0.0132,0.0015,0.0000,0.4801,1
51.333,11.5201,-0.0132,0.0017,0.0000,0.4801,1
51.350,11.5201,-0.0132,0.0014,0.0000,0.4801,1
51.367,11.5201,-0.0132,0.0021,0.0000,0.4801,1
51.383,11.5201,-0.0132,0.0036,0.0000,0.4801,1
51.400,11.5201,-0.0132,0.0003,0.0000,0.4801,1
51.417,11.5201,-0.0131,0.0043,0.0000,0.4801,1
51.433,11.5201,-0.0132,0.0043,0.0000,0.4801,1
51.450,11.5201,-0.0132,0.0020,0.0000,0.4801,1
51.467,11.5201,-0.0132,0.0006,0.0000,0.4801,1
51.483,11.5201,-0.0132,0.0013,0.0000,0.4801,1
51.500,11.5201,-0.0131,0.0044,0.0000,0.4801,1
51.517,11.5201,-0.0132,0.0057,0.0000,0.4801,1
51.533,11.5201,-0.0132,0.0002,0.0000,0.4801,1
51.550,11.5201,-0.0131,0.0051,0.0000,0.4801,1
51.567,11.5201,-0.0131,0.0009,0.0000,0.4801,1
51.583,11.5201,-0.0132,0.0019,0.0000,0.4801,1
51.600,11.5201,-0.0131,0.0010,0.0000,0.4801,1
51.617,11.5201,-0.0131,0.0015,0.0000,0.4801,1
51.633,11.5201,-0.0131,0.0007,0.0000,0.4801,1
51.650,11.5201,-0.0131,0.0007,0.0000,0.4801,1
51.667,11.5201,-0.0131,0.0013,0.0000,0.4801,1
51.683,11.5201,-0.0131,0.0026,0.0000,0.4801,1
51.700,11.5201,-0.0131,0.0025,0.0000,0.4801,1
51.717,11.5201,-0.0131,0.0020,0.0000,0.4801,1
51.733,11.5201,-0.0131,0.0019,0.0000,0.4801,1
51.750,11.5201,-0.0131,0.0003,0.0000,0.4801,1
51.767,11.5200,-0.0131,0.0011,0.0000,0.4801,1
51.783,11.5201,-0.0131,0.0019,0.0000,0.4801,1
51.800,11.5201,-0.0130,0.0024,0.0000,0.4801,1
51.817,11.5201,-0.0131,0.0023,0.0000,0.4801,1
51.833,11.5201,-0.0131,0.0004,0.0000,0.4801,1
51.850,11.5201,-0.0130,0.0023,0.0000,0.4801,1
51.867,11.5201,-0.0131,0.0025,0.0000,0.4801,1
51.883,11.5201,-0.0131,0.0002,0.0000,0.4801,1
51.900,11.5201,-0.0130,0.0027,0.0000,0.4801,1
51.917,11.5201,-0.0131,0.0028,0.0000,0.4801,1
51.933,11.5201,-0.0130,0.0027,0.0000,0.4801,1
51.950,11.5201,-0.0131,0.0025,0.0000,0.4801,1
51.967,11.5201,-0.0131,0.0003,0.0000,0.4801,1
51.983,11.5201,-0.0131,0.0005,0.0000,0.4801,1
52.000,11.5200,-0.0130,0.0050,0.0000,0.4801,1
