t,robot_x,robot_y,robot_speed,walker_y,gap,walking
0.017,1.5000,-0.0000,0.0000,2.1000,10.7079,0
0.033,1.5000,-0.0000,0.0002,2.1000,10.7079,0
0.050,1.5000,-0.0000,0.0002,2.1000,10.7079,0
0.067,1.5000,-0.0000,0.0002,2.1000,10.7079,0
0.083,1.5000,-0.0000,0.0002,2.1000,10.7079,0
0.100,1.5000,-0.0000,0.0002,2.1000,10.7079,0
0.117,1.5000,0.0000,0.0002,2.1000,10.7079,0
0.133,1.5000,-0.0000,0.0002,2.1000,10.7079,0
0.150,1.5000,0.0000,0.0002,2.1000,10.7079,0
0.167,1.5000,-0.0000,0.0002,2.1000,10.7079,0
0.183,1.5000,0.0000,0.0002,2.1000,10.7079,0
0.200,1.5000,-0.0000,0.0002,2.1000,10.7079,0
0.217,1.5001,0.0000,0.0002,2.1000,10.7079,0
0.233,1.5001,-0.0000,0.0002,2.1000,10.7079,0
0.250,1.5001,0.0000,0.0002,2.1000,10.7079,0
0.267,1.5001,-0.0000,0.0002,2.1000,10.7079,0
0.283,1.5001,-0.0000,0.0002,2.1000,10.7079,0
0.300,1.5001,-0.0000,0.0002,2.1000,10.7079,0
0.317,1.5001,0.0000,0.0002,2.1000,10.7079,0
0.333,1.5001,0.0000,0.0002,2.1000,10.7079,0
0.350,1.5001,-0.0000,0.0002,2.1000,10.7079,0
0.367,1.5001,-0.0000,0.0002,2.1000,10.7079,0
0.383,1.5001,-0.0000,0.0002,2.1000,10.7079,0
0.400,1.5001,-0.0000,0.0002,2.1000,10.7079,0
0.417,1.5001,-0.0000,0.0002,2.1000,10.7078,0
0.433,1.5001,-0.0000,0.0002,2.1000,10.7078,0
0.450,1.5001,-0.0000,0.0002,2.1000,10.7078,0
0.467,1.5001,-0.0000,0.0002,2.1000,10.7078,0
0.483,1.5001,-0.0000,0.0002,2.1000,10.7078,0
0.500,1.5001,-0.0000,0.0002,2.1000,10.7078,0
0.517,1.5001,-0.0000,0.0002,2.1000,10.7078,0
0.533,1.5001,-0.0000,0.0002,2.1000,10.7078,0
0.550,1.5001,-0.0000,0.0002,2.1000,10.7078,0
0.567,1.5001,-0.0000,0.0002,2.1000,10.7078,0
0.583,1.5001,-0.0000,0.0002,2.1000,10.7078,0
0.600,1.5001,-0.0000,0.0002,2.1000,10.7078,0
0.617,1.5001,0.0000,0.0002,2.1000,10.7078,0
0.633,1.5001,-0.0000,0.0002,2.1000,10.7078,0
0.650,1.5001,-0.0000,0.0002,2.1000,10.7078,0
0.667,1.5002,-0.0000,0.0002,2.1000,10.7078,0
0.683,1.5002,-0.0000,0.0002,2.1000,10.7078,0
0.700,1.5002,-0.0000,0.0002,2.1000,10.7078,0
0.717,1.5002,-0.0000,0.0002,2.1000,10.7078,0
0.733,1.5002,-0.0000,0.0002,2.1000,10.7078,0
0.750,1.5002,0.0000,0.0002,2.1000,10.7078,0
0.767,1.5002,-0.0000,0.0002,2.1000,10.7078,0
0.783,1.5002,-0.0000,0.0002,2.1000,10.7078,0
0.800,1.5002,-0.0000,0.0002,2.1000,10.7078,0
0.817,1.5002,-0.0000,0.0002,2.1000,10.7078,0
0.833,1.5002,-0.0000,0.0002,2.1000,10.7078,0
0.850,1.5002,-0.0000,0.0002,2.1000,10.7078,0
0.867,1.5002,-0.0000,0.0002,2.1000,10.7078,0
0.883,1.5002,-0.0000,0.0002,2.1000,10.7077,0
0.900,1.5002,-0.0000,0.0002,2.1000,10.7077,0
0.917,1.5002,0.0000,0.0002,2.1000,10.7077,0
0.933,1.5002,-0.0000,0.0002,2.1000,10.7077,0
0.950,1.5002,-0.0000,0.0003,2.1000,10.7077,0
0.967,1.5002,-0.0000,0.0002,2.1000,10.7077,0
0.983,1.5002,-0.0000,0.0002,2.1000,10.7077,0
1.000,1.5002,-0.0000,0.0002,2.1000,10.7077,0
1.017,1.5002,-0.0000,0.0002,2.1000,10.7077,0
1.033,1.5002,-0.0000,0.0002,2.1000,10.7077,0
1.050,1.5002,0.0000,0.0002,2.1000,10.7077,0
1.067,1.5002,-0.0000,0.0002,2.1000,10.7077,0
1.083,1.5002,-0.0000,0.0002,2.1000,10.7077,0
1.100,1.5002,0.0000,0.0002,2.1000,10.7077,0
1.117,1.5002,-0.0000,0.0002,2.1000,10.7077,0
1.133,1.5003,0.0000,0.0002,2.1000,10.7077,0
1.150,1.5003,-0.0000,0.0002,2.1000,10.7077,0
1.167,1.5003,0.0000,0.0002,2.1000,10.7077,0
1.183,1.5003,-0.0000,0.0002,2.1000,10.7077,0
1.200,1.5003,-0.0000,0.0002,2.1000,10.7077,0
1.217,1.5003,-0.0000,0.0002,2.1000,10.7077,0
1.233,1.5003,-0.0000,0.0002,2.1000,10.7077,0
1.250,1.5003,-0.0000,0.0002,2.1000,10.7077,0
1.267,1.5003,0.0000,0.0002,2.1000,10.7077,0
1.283,1.5003,-0.0000,0.0002,2.1000,10.7077,0
1.300,1.5003,-0.0000,0.0002,2.1000,10.7077,0
1.317,1.5003,-0.0000,0.0002,2.1000,10.7077,0
1.333,1.5003,0.0000,0.0002,2.1000,10.7077,0
1.350,1.5003,-0.0000,0.0002,2.1000,10.7076,0
1.367,1.5003,0.0000,0.0002,2.1000,10.7076,0
1.383,1.5003,-0.0000,0.0002,2.1000,10.7076,0
1.400,1.5003,-0.0000,0.0002,2.1000,10.7076,0
1.417,1.5003,-0.0000,0.0002,2.1000,10.7076,0
1.433,1.5003,-0.0000,0.0002,2.1000,10.7076,0
1.450,1.5003,0.0000,0.0002,2.1000,10.7076,0
1.467,1.5003,-0.0000,0.0002,2.1000,10.7076,0
1.483,1.5003,-0.0000,0.0002,2.1000,10.7076,0
1.500,1.5003,-0.0000,0.0002,2.1000,10.7076,0
1.517,1.5003,0.0000,0.0002,2.1000,10.7076,0
1.533,1.5003,-0.0000,0.0002,2.1000,10.7076,0
1.550,1.5003,0.0000,0.0002,2.1000,10.7076,0
1.567,1.5003,-0.0000,0.0002,2.1000,10.7076,0
1.583,1.5003,0.0000,0.0002,2.1000,10.7076,0
1.600,1.5004,-0.0000,0.0002,2.1000,10.7076,0
1.617,1.5004,0.0000,0.0002,2.1000,10.7076,0
1.633,1.5004,-0.0000,0.0002,2.1000,10.7076,0
1.650,1.5004,0.0000,0.0002,2.1000,10.7076,0
1.667,1.5004,-0.0000,0.0002,2.1000,10.7076,0
1.683,1.5004,-0.0000,0.0002,2.1000,10.7076,0
1.700,1.5004,-0.0000,0.0002,2.1000,10.7076,0
1.717,1.5004,-0.0000,0.0002,2.1000,10.7076,0
1.733,1.5004,-0.0000,0.0002,2.1000,10.7076,0
1.750,1.5004,-0.0000,0.0002,2.1000,10.7076,0
1.767,1.5004,-0.0000,0.0002,2.1000,10.7076,0
1.783,1.5004,-0.0000,0.0002,2.1000,10.7076,0
1.800,1.5004,0.0000,0.0002,2.1000,10.7076,0
1.817,1.5004,-0.0000,0.0002,2.1000,10.7075,0
1.833,1.5004,0.0000,0.0002,2.1000,10.7075,0
1.850,1.5004,-0.0000,0.0002,2.1000,10.7075,0
1.867,1.5004,-0.0000,0.0002,2.1000,10.7075,0
1.883,1.5004,-0.0000,0.0002,2.1000,10.7075,0
1.900,1.5004,-0.0000,0.0002,2.1000,10.7075,0
1.917,1.5004,-0.0000,0.0002,2.1000,10.7075,0
1.933,1.5004,0.0000,0.0002,2.1000,10.7075,0
1.950,1.5004,-0.0000,0.0002,2.1000,10.7075,0
1.967,1.5004,-0.0000,0.0002,2.1000,10.7075,0
1.983,1.5004,-0.0000,0.0002,2.1000,10.7075,0
2.000,1.5004,-0.0000,0.0002,2.1000,10.7075,0
2.017,1.5004,0.0000,0.0002,2.1000,10.7075,0
2.033,1.5004,-0.0000,0.0002,2.1000,10.7075,0
2.050,1.5005,0.0000,0.0002,2.1000,10.7075,0
2.067,1.5005,-0.0000,0.0002,2.1000,10.7075,0
2.083,1.5005,0.0000,0.0002,2.1000,10.7075,0
2.100,1.5005,-0.0000,0.0002,2.1000,10.7075,0
2.117,1.5005,0.0000,0.0002,2.1000,10.7075,0
2.133,1.5005,-0.0000,0.0002,2.1000,10.7075,0
2.150,1.5005,-0.0000,0.0002,2.1000,10.7075,0
2.167,1.5005,0.0000,0.0002,2.1000,10.7075,0
2.183,1.5005,-0.0000,0.0002,2.1000,10.7075,0
2.200,1.5005,0.0000,0.0002,2.1000,10.7075,0
2.217,1.5005,-0.0000,0.0002,2.1000,10.7075,0
2.233,1.5005,-0.0000,0.0002,2.1000,10.7075,0
2.250,1.5005,-0.0000,0.0002,2.1000,10.7075,0
2.267,1.5005,-0.0000,0.0002,2.1000,10.7075,0
2.283,1.5005,-0.0000,0.0002,2.1000,10.7074,0
2.300,1.5005,-0.0000,0.0002,2.1000,10.7074,0
2.317,1.5005,-0.0000,0.0002,2.1000,10.7074,0
2.333,1.5005,-0.0000,0.0002,2.1000,10.7074,0
2.350,1.5005,-0.0000,0.0002,2.1000,10.7074,0
2.367,1.5005,-0.0000,0.0002,2.1000,10.7074,0
2.383,1.5005,-0.0000,0.0002,2.1000,10.7074,0
2.400,1.5005,-0.0000,0.0002,2.1000,10.7074,0
2.417,1.5005,-0.0000,0.0002,2.1000,10.7074,0
2.433,1.5005,-0.0000,0.0002,2.1000,10.7074,0
2.450,1.5005,0.0000,0.0002,2.1000,10.7074,0
2.467,1.5005,-0.0000,0.0002,2.1000,10.7074,0
2.483,1.5005,-0.0000,0.0002,2.1000,10.7074,0
2.500,1.5005,-0.0000,0.0002,2.1000,10.7074,0
2.517,1.5006,0.0000,0.0002,2.1000,10.7074,0
2.533,1.5006,-0.0000,0.0002,2.1000,10.7074,0
2.550,1.5006,0.0000,0.0002,2.1000,10.7074,0
2.567,1.5006,-0.0000,0.0002,2.1000,10.7074,0
2.583,1.5006,0.0000,0.0002,2.1000,10.7074,0
2.600,1.5006,-0.0000,0.0002,2.1000,10.7074,0
2.617,1.5006,-0.0000,0.0002,2.1000,10.7074,0
2.633,1.5006,-0.0000,0.0002,2.1000,10.7074,0
2.650,1.5006,-0.0000,0.0002,2.1000,10.7074,0
2.667,1.5006,-0.0000,0.0002,2.1000,10.7074,0
2.683,1.5006,-0.0000,0.0002,2.1000,10.7074,0
2.700,1.5006,-0.0000,0.0002,2.1000,10.7074,0
2.717,1.5006,-0.0000,0.0003,2.1000,10.7074,0
2.733,1.5006,-0.0000,0.0002,2.1000,10.7074,0
2.750,1.5006,-0.0000,0.0002,2.1000,10.7074,0
2.767,1.5006,-0.0000,0.0002,2.1000,10.7073,0
2.783,1.5006,-0.0000,0.0002,2.1000,10.7073,0
2.800,1.5006,-0.0000,0.0002,2.1000,10.7073,0
2.817,1.5006,-0.0000,0.0002,2.1000,10.7073,0
2.833,1.5006,-0.0000,0.0002,2.1000,10.7073,0
2.850,1.5006,0.0000,0.0002,2.1000,10.7073,0
2.867,1.5006,-0.0000,0.0002,2.1000,10.7073,0
2.883,1.5006,-0.0000,0.0002,2.1000,10.7073,0
2.900,1.5006,-0.0000,0.0002,2.1000,10.7073,0
2.917,1.5006,0.0000,0.0002,2.1000,10.7073,0
2.933,1.5006,-0.0000,0.0002,2.1000,10.7073,0
2.950,1.5006,0.0000,0.0002,2.1000,10.7073,0
2.967,1.5006,-0.0000,0.0002,2.1000,10.7073,0
2.983,1.5007,0.0000,0.0002,2.1000,10.7073,0
3.000,1.5007,-0.0000,0.0002,2.1000,10.7073,0
3.017,1.5007,0.0000,0.0002,2.1000,10.7073,0
3.033,1.5007,-0.0000,0.0002,2.1000,10.7073,0
3.050,1.5007,0.0000,0.0002,2.1000,10.7073,0
3.067,1.5007,-0.0000,0.0002,2.1000,10.7073,0
3.083,1.5007,0.0000,0.0002,2.1000,10.7073,0
3.100,1.5007,-0.0000,0.0002,2.1000,10.7073,0
3.117,1.5007,0.0000,0.0002,2.1000,10.7073,0
3.133,1.5007,-0.0000,0.0002,2.1000,10.7073,0
3.150,1.5007,0.0000,0.0002,2.1000,10.7073,0
3.167,1.5007,-0.0000,0.0002,2.1000,10.7073,0
3.183,1.5007,-0.0000,0.0002,2.1000,10.7073,0
3.200,1.5007,-0.0000,0.0002,2.1000,10.7073,0
3.217,1.5007,0.0000,0.0002,2.1000,10.7073,0
3.233,1.5007,-0.0000,0.0002,2.1000,10.7072,0
3.250,1.5007,-0.0000,0.0002,2.1000,10.7072,0
3.267,1.5007,-0.0000,0.0002,2.1000,10.7072,0
3.283,1.5007,-0.0000,0.0002,2.1000,10.7072,0
3.300,1.5007,-0.0000,0.0002,2.1000,10.7072,0
3.317,1.5007,-0.0000,0.0002,2.1000,10.7072,0
3.333,1.5007,-0.0000,0.0002,2.1000,10.7072,0
3.350,1.5007,-0.0000,0.0002,2.1000,10.7072,0
3.367,1.5007,-0.0000,0.0002,2.1000,10.7072,0
3.383,1.5007,-0.0000,0.0002,2.1000,10.7072,0
3.400,1.5007,-0.0000,0.0002,2.1000,10.7072,0
3.417,1.5007,0.0000,0.0002,2.1000,10.7072,0
3.433,1.5007,-0.0000,0.0002,2.1000,10.7072,0
3.450,1.5008,-0.0000,0.0002,2.1000,10.7072,0
3.467,1.5008,-0.0000,0.0002,2.1000,10.7072,0
3.483,1.5008,-0.0000,0.0002,2.1000,10.7072,0
3.500,1.5008,-0.0000,0.0002,2.1000,10.7072,0
3.517,1.5008,-0.0000,0.0002,2.1000,10.7072,0
3.533,1.5008,-0.0000,0.0002,2.1000,10.7072,0
3.550,1.5008,-0.0000,0.0002,2.1000,10.7072,0
3.567,1.5008,-0.0000,0.0002,2.1000,10.7072,0
3.583,1.5008,-0.0000,0.0002,2.1000,10.7072,0
3.600,1.5008,-0.0000,0.0002,2.1000,10.7072,0
3.617,1.5008,-0.0000,0.0002,2.1000,10.7072,0
3.633,1.5008,-0.0000,0.0002,2.1000,10.7072,0
3.650,1.5008,-0.0000,0.0002,2.1000,10.7072,0
3.667,1.5008,-0.0000,0.0002,2.1000,10.7072,0
3.683,1.5008,-0.0000,0.0002,2.1000,10.7072,0
3.700,1.5008,-0.0000,0.0002,2.1000,10.7071,0
3.717,1.5008,-0.0000,0.0002,2.1000,10.7071,0
3.733,1.5008,-0.0000,0.0002,2.1000,10.7071,0
3.750,1.5008,-0.0000,0.0002,2.1000,10.7071,0
3.767,1.5008,0.0000,0.0002,2.1000,10.7071,0
3.783,1.5008,-0.0000,0.0002,2.1000,10.7071,0
3.800,1.5008,-0.0000,0.0002,2.1000,10.7071,0
3.817,1.5008,-0.0000,0.0002,2.1000,10.7071,0
3.833,1.5008,-0.0000,0.0002,2.1000,10.7071,0
3.850,1.5008,-0.0000,0.0002,2.1000,10.7071,0
3.867,1.5008,-0.0000,0.0002,2.1000,10.7071,0
3.883,1.5008,-0.0000,0.0002,2.1000,10.7071,0
3.900,1.5009,-0.0000,0.0002,2.1000,10.7071,0
3.917,1.5009,-0.0000,0.0002,2.1000,10.7071,0
3.933,1.5009,0.0000,0.0002,2.1000,10.7071,0
3.950,1.5009,-0.0000,0.0002,2.1000,10.7071,0
3.967,1.5009,-0.0000,0.0002,2.1000,10.7071,0
3.983,1.5009,-0.0000,0.0002,2.1000,10.7071,0
4.000,1.5009,0.0000,0.0002,2.1000,10.7071,0
4.017,1.5009,-0.0000,0.0002,2.1000,10.7071,0
4.033,1.5009,0.0000,0.0002,2.1000,10.7071,0
4.050,1.5009,-0.0000,0.0002,2.1000,10.7071,0
4.067,1.5009,-0.0000,0.0002,2.1000,10.7071,0
4.083,1.5009,0.0000,0.0002,2.1000,10.7071,0
4.100,1.5009,-0.0000,0.0002,2.1000,10.7071,0
4.117,1.5009,-0.0000,0.0002,2.1000,10.7071,0
4.133,1.5009,-0.0000,0.0002,2.1000,10.7071,0
4.150,1.5009,-0.0000,0.0002,2.1000,10.7071,0
4.167,1.5009,-0.0000,0.0002,2.1000,10.7070,0
4.183,1.5009,0.0000,0.0002,2.1000,10.7070,0
4.200,1.5009,-0.0000,0.0002,2.1000,10.7070,0
4.217,1.5009,-0.0000,0.0002,2.1000,10.7070,0
4.233,1.5009,-0.0000,0.0002,2.1000,10.7070,0
4.250,1.5009,0.0000,0.0002,2.1000,10.7070,0
4.267,1.5009,-0.0000,0.0002,2.1000,10.7070,0
4.283,1.5009,-0.0000,0.0002,2.1000,10.7070,0
4.300,1.5009,-0.0000,0.0002,2.1000,10.7070,0
4.317,1.5009,0.0000,0.0002,2.1000,10.7070,0
4.333,1.5009,-0.0000,0.0002,2.1000,10.7070,0
4.350,1.5009,0.0000,0.0002,2.1000,10.7070,0
4.367,1.5010,-0.0000,0.0002,2.1000,10.7070,0
4.383,1.5010,0.0000,0.0002,2.1000,10.7070,0
4.400,1.5010,-0.0000,0.0002,2.1000,10.7070,0
4.417,1.5010,0.0000,0.0002,2.1000,10.7070,0
4.433,1.5010,-0.0000,0.0002,2.1000,10.7070,0
4.450,1.5010,0.0000,0.0002,2.1000,10.7070,0
4.467,1.5010,-0.0000,0.0002,2.1000,10.7070,0
4.483,1.5010,0.0000,0.0002,2.1000,10.7070,0
4.500,1.5010,-0.0000,0.0002,2.1000,10.7070,0
4.517,1.5010,0.0000,0.0002,2.1000,10.7070,0
4.533,1.5010,-0.0000,0.0002,2.1000,10.7070,0
4.550,1.5010,0.0000,0.0002,2.1000,10.7070,0
4.567,1.5010,-0.0000,0.0002,2.1000,10.7070,0
4.583,1.5010,0.0000,0.0002,2.1000,10.7070,0
4.600,1.5010,-0.0000,0.0002,2.1000,10.7070,0
4.617,1.5010,0.0000,0.0002,2.1000,10.7070,0
4.633,1.5010,-0.0000,0.0002,2.1000,10.7070,0
4.650,1.5010,0.0000,0.0002,2.1000,10.7069,0
4.667,1.5010,-0.0000,0.0002,2.1000,10.7069,0
4.683,1.5010,-0.0000,0.0002,2.1000,10.7069,0
4.700,1.5010,-0.0000,0.0002,2.1000,10.7069,0
4.717,1.5010,-0.0000,0.0002,2.1000,10.7069,0
4.733,1.5010,-0.0000,0.0002,2.1000,10.7069,0
4.750,1.5010,-0.0000,0.0002,2.1000,10.7069,0
4.767,1.5010,-0.0000,0.0002,2.1000,10.7069,0
4.783,1.5010,-0.0000,0.0002,2.1000,10.7069,0
4.800,1.5010,-0.0000,0.0002,2.1000,10.7069,0
4.817,1.5011,-0.0000,0.0002,2.1000,10.7069,0
4.833,1.5011,-0.0000,0.0002,2.1000,10.7069,0
4.850,1.5011,0.0000,0.0002,2.1000,10.7069,0
4.867,1.5011,-0.0000,0.0002,2.1000,10.7069,0
4.883,1.5011,0.0000,0.0002,2.1000,10.7069,0
4.900,1.5011,-0.0000,0.0002,2.1000,10.7069,0
4.917,1.5011,0.0000,0.0002,2.1000,10.7069,0
4.933,1.5011,-0.0000,0.0002,2.1000,10.7069,0
4.950,1.5011,0.0000,0.0002,2.1000,10.7069,0
4.967,1.5011,-0.0000,0.0002,2.1000,10.7069,0
4.983,1.5011,0.0000,0.0002,2.1000,10.7069,0
5.000,1.5011,-0.0000,0.0002,2.1000,10.7069,0
5.017,1.5011,0.0000,0.0002,2.1000,10.7069,0
5.033,1.5011,-0.0000,0.0002,2.1000,10.7069,0
5.050,1.5011,0.0000,0.0002,2.1000,10.7069,0
5.067,1.5011,-0.0000,0.0002,2.1000,10.7069,0
5.083,1.5011,0.0000,0.0002,2.1000,10.7069,0
5.100,1.5011,-0.0000,0.0002,2.1000,10.7069,0
5.117,1.5011,0.0000,0.0002,2.1000,10.7068,0
5.133,1.5011,-0.0000,0.0002,2.1000,10.7068,0
5.150,1.5011,0.0000,0.0002,2.1000,10.7068,0
5.167,1.5011,-0.0000,0.0002,2.1000,10.7068,0
5.183,1.5011,0.0000,0.0002,2.1000,10.7068,0
5.200,1.5011,-0.0000,0.0002,2.1000,10.7068,0
5.217,1.5011,0.0000,0.0002,2.1000,10.7068,0
5.233,1.5011,-0.0000,0.0002,2.1000,10.7068,0
5.250,1.5011,-0.0000,0.0002,2.1000,10.7068,0
5.267,1.5011,-0.0000,0.0002,2.1000,10.7068,0
5.283,1.5012,0.0000,0.0002,2.1000,10.7068,0
5.300,1.5012,-0.0000,0.0002,2.1000,10.7068,0
5.317,1.5012,-0.0000,0.0002,2.1000,10.7068,0
5.333,1.5012,-0.0000,0.0002,2.1000,10.7068,0
5.350,1.5012,-0.0000,0.0002,2.1000,10.7068,0
5.367,1.5012,-0.0000,0.0002,2.1000,10.7068,0
5.383,1.5012,-0.0000,0.0002,2.1000,10.7068,0
5.400,1.5012,-0.0000,0.0002,2.1000,10.7068,0
5.417,1.5012,-0.0000,0.0002,2.1000,10.7068,0
5.433,1.5012,-0.0000,0.0002,2.1000,10.7068,0
5.450,1.5012,-0.0000,0.0002,2.1000,10.7068,0
5.467,1.5012,-0.0000,0.0002,2.1000,10.7068,0
5.483,1.5012,0.0000,0.0002,2.1000,10.7068,0
5.500,1.5012,-0.0000,0.0002,2.1000,10.7068,0
5.517,1.5012,-0.0000,0.0002,2.1000,10.7068,0
5.533,1.5012,-0.0000,0.0002,2.1000,10.7068,0
5.550,1.5012,-0.0000,0.0002,2.1000,10.7068,0
5.567,1.5012,-0.0000,0.0002,2.1000,10.7068,0
5.583,1.5012,-0.0000,0.0002,2.1000,10.7067,0
5.600,1.5012,-0.0000,0.0002,2.1000,10.7067,0
5.617,1.5012,-0.0000,0.0002,2.1000,10.7067,0
5.633,1.5012,0.0000,0.0002,2.1000,10.7067,0
5.650,1.5012,-0.0000,0.0002,2.1000,10.7067,0
5.667,1.5012,-0.0000,0.0002,2.1000,10.7067,0
5.683,1.5012,0.0000,0.0002,2.1000,10.7067,0
5.700,1.5012,0.0000,0.0002,2.1000,10.7067,0
5.717,1.5012,-0.0000,0.0002,2.1000,10.7067,0
5.733,1.5012,0.0000,0.0002,2.1000,10.7067,0
5.750,1.5013,-0.0000,0.0002,2.1000,10.7067,0
5.767,1.5013,0.0000,0.0002,2.1000,10.7067,0
5.783,1.5013,-0.0000,0.0002,2.1000,10.7067,0
5.800,1.5013,-0.0000,0.0002,2.1000,10.7067,0
5.817,1.5013,0.0000,0.0002,2.1000,10.7067,0
5.833,1.5013,-0.0000,0.0002,2.1000,10.7067,0
5.850,1.5013,0.0000,0.0002,2.1000,10.7067,0
5.867,1.5013,-0.0000,0.0002,2.1000,10.7067,0
5.883,1.5013,0.0000,0.0002,2.1000,10.7067,0
5.900,1.5013,-0.0000,0.0002,2.1000,10.7067,0
5.917,1.5013,0.0000,0.0002,2.1000,10.7067,0
5.933,1.5013,-0.0000,0.0002,2.1000,10.7067,0
5.950,1.5013,0.0000,0.0002,2.1000,10.7067,0
5.967,1.5013,-0.0000,0.0002,2.1000,10.7067,0
5.983,1.5013,0.0000,0.0002,2.1000,10.7067,0
6.000,1.5013,-0.0000,0.0002,2.1000,10.7067,0
6.017,1.5013,0.0000,0.0002,2.1000,10.7067,0
6.033,1.5013,-0.0000,0.0002,2.1000,10.7067,0
6.050,1.5013,-0.0000,0.0002,2.1000,10.7066,0
6.067,1.5013,-0.0000,0.0002,2.1000,10.7066,0
6.083,1.5013,-0.0000,0.0002,2.1000,10.7066,0
6.100,1.5013,-0.0000,0.0003,2.1000,10.7066,0
6.117,1.5013,-0.0000,0.0002,2.1000,10.7066,0
6.133,1.5013,0.0000,0.0002,2.1000,10.7066,0
6.150,1.5013,-0.0000,0.0002,2.1000,10.7066,0
6.167,1.5013,-0.0000,0.0002,2.1000,10.7066,0
6.183,1.5013,0.0000,0.0002,2.1000,10.7066,0
6.200,1.5014,-0.0000,0.0002,2.1000,10.7066,0
6.217,1.5014,0.0000,0.0002,2.1000,10.7066,0
6.233,1.5014,-0.0000,0.0002,2.1000,10.7066,0
6.250,1.5014,0.0000,0.0002,2.1000,10.7066,0
6.267,1.5014,-0.0000,0.0002,2.1000,10.7066,0
6.283,1.5014,0.0000,0.0002,2.1000,10.7066,0
6.300,1.5014,-0.0000,0.0002,2.1000,10.7066,0
6.317,1.5014,0.0000,0.0002,2.1000,10.7066,0
6.333,1.5014,-0.0000,0.0002,2.1000,10.7066,0
6.350,1.5014,-0.0000,0.0002,2.1000,10.7066,0
6.367,1.5014,-0.0000,0.0002,2.1000,10.7066,0
6.383,1.5014,0.0000,0.0002,2.1000,10.7066,0
6.400,1.5014,-0.0000,0.0002,2.1000,10.7066,0
6.417,1.5014,0.0000,0.0002,2.1000,10.7066,0
6.433,1.5014,-0.0000,0.0002,2.1000,10.7066,0
6.450,1.5014,-0.0000,0.0002,2.1000,10.7066,0
6.467,1.5014,-0.0000,0.0002,2.1000,10.7066,0
6.483,1.5014,-0.0000,0.0002,2.1000,10.7066,0
6.500,1.5014,0.0000,0.0002,2.1000,10.7066,0
6.517,1.5014,-0.0000,0.0002,2.1000,10.7065,0
6.533,1.5014,-0.0000,0.0002,2.1000,10.7065,0
6.550,1.5014,-0.0000,0.0002,2.1000,10.7065,0
6.567,1.5014,0.0000,0.0002,2.1000,10.7065,0
6.583,1.5014,-0.0000,0.0002,2.1000,10.7065,0
6.600,1.5014,-0.0000,0.0002,2.1000,10.7065,0
6.617,1.5014,0.0000,0.0002,2.1000,10.7065,0
6.633,1.5014,0.0000,0.0002,2.1000,10.7065,0
6.650,1.5014,-0.0000,0.0002,2.1000,10.7065,0
6.667,1.5015,-0.0000,0.0002,2.1000,10.7065,0
6.683,1.5015,-0.0000,0.0002,2.1000,10.7065,0
6.700,1.5015,-0.0000,0.0002,2.1000,10.7065,0
6.717,1.5015,-0.0000,0.0002,2.1000,10.7065,0
6.733,1.5015,-0.0000,0.0002,2.1000,10.7065,0
6.750,1.5015,-0.0000,0.0002,2.1000,10.7065,0
6.767,1.5015,-0.0000,0.0002,2.1000,10.7065,0
6.783,1.5015,0.0000,0.0002,2.1000,10.7065,0
6.800,1.5015,-0.0000,0.0002,2.1000,10.7065,0
6.817,1.5015,-0.0000,0.0002,2.1000,10.7065,0
6.833,1.5015,0.0000,0.0002,2.1000,10.7065,0
6.850,1.5015,-0.0000,0.0002,2.1000,10.7065,0
6.867,1.5015,-0.0000,0.0002,2.1000,10.7065,0
6.883,1.5015,-0.0000,0.0002,2.1000,10.7065,0
6.900,1.5015,-0.0000,0.0002,2.1000,10.7065,0
6.917,1.5015,-0.0000,0.0002,2.1000,10.7065,0
6.933,1.5015,-0.0000,0.0002,2.1000,10.7065,0
6.950,1.5015,-0.0000,0.0002,2.1000,10.7065,0
6.967,1.5015,-0.0000,0.0002,2.1000,10.7065,0
6.983,1.5015,-0.0000,0.0002,2.1000,10.7065,0
7.000,1.5015,-0.0000,0.0002,2.1000,10.7064,0
7.017,1.5015,-0.0000,0.0002,2.1000,10.7064,0
7.033,1.5015,-0.0000,0.0002,2.1000,10.7064,0
7.050,1.5015,-0.0000,0.0002,2.1000,10.7064,0
7.067,1.5015,-0.0000,0.0002,2.1000,10.7064,0
7.083,1.5015,-0.0000,0.0002,2.1000,10.7064,0
7.100,1.5015,0.0000,0.0002,2.1000,10.7064,0
7.117,1.5015,-0.0000,0.0002,2.1000,10.7064,0
7.133,1.5016,-0.0000,0.0002,2.1000,10.7064,0
7.150,1.5016,-0.0000,0.0002,2.1000,10.7064,0
7.167,1.5016,-0.0000,0.0002,2.1000,10.7064,0
7.183,1.5016,-0.0000,0.0002,2.1000,10.7064,0
7.200,1.5016,-0.0000,0.0002,2.1000,10.7064,0
7.217,1.5016,-0.0000,0.0002,2.1000,10.7064,0
7.233,1.5016,-0.0000,0.0002,2.1000,10.7064,0
7.250,1.5016,0.0000,0.0002,2.1000,10.7064,0
7.267,1.5016,-0.0000,0.0002,2.1000,10.7064,0
7.283,1.5016,-0.0000,0.0002,2.1000,10.7064,0
7.300,1.5016,-0.0000,0.0002,2.1000,10.7064,0
7.317,1.5016,-0.0000,0.0002,2.1000,10.7064,0
7.333,1.5016,0.0000,0.0002,2.1000,10.7064,0
7.350,1.5016,-0.0000,0.0002,2.1000,10.7064,0
7.367,1.5016,-0.0000,0.0002,2.1000,10.7064,0
7.383,1.5016,-0.0000,0.0002,2.1000,10.7064,0
7.400,1.5016,-0.0000,0.0002,2.1000,10.7064,0
7.417,1.5016,-0.0000,0.0002,2.1000,10.7064,0
7.433,1.5016,0.0000,0.0002,2.1000,10.7064,0
7.450,1.5016,-0.0000,0.0002,2.1000,10.7064,0
7.467,1.5016,0.0000,0.0002,2.1000,10.7063,0
7.483,1.5016,-0.0000,0.0002,2.1000,10.7063,0
7.500,1.5016,-0.0000,0.0002,2.1000,10.7063,0
7.517,1.5016,0.0000,0.0002,2.1000,10.7063,0
7.533,1.5016,-0.0000,0.0002,2.1000,10.7063,0
7.550,1.5016,-0.0000,0.0002,2.1000,10.7063,0
7.567,1.5016,-0.0000,0.0002,2.1000,10.7063,0
7.583,1.5017,-0.0000,0.0002,2.1000,10.7063,0
7.600,1.5017,-0.0000,0.0002,2.1000,10.7063,0
7.617,1.5017,0.0000,0.0002,2.1000,10.7063,0
7.633,1.5017,0.0000,0.0002,2.1000,10.7063,0
7.650,1.5017,-0.0000,0.0002,2.1000,10.7063,0
7.667,1.5017,0.0000,0.0002,2.1000,10.7063,0
7.683,1.5017,0.0000,0.0002,2.1000,10.7063,0
7.700,1.5017,-0.0000,0.0002,2.1000,10.7063,0
7.717,1.5017,-0.0000,0.0002,2.1000,10.7063,0
7.733,1.5017,-0.0000,0.0002,2.1000,10.7063,0
7.750,1.5017,-0.0000,0.0002,2.1000,10.7063,0
7.767,1.5017,-0.0000,0.0002,2.1000,10.7063,0
7.783,1.5017,-0.0000,0.0002,2.1000,10.7063,0
7.800,1.5017,0.0000,0.0002,2.1000,10.7063,0
7.817,1.5017,-0.0000,0.0002,2.1000,10.7063,0
7.833,1.5017,0.0000,0.0002,2.1000,10.7063,0
7.850,1.5017,-0.0000,0.0002,2.1000,10.7063,0
7.867,1.5017,0.0000,0.0002,2.1000,10.7063,0
7.883,1.5017,-0.0000,0.0002,2.1000,10.7063,0
7.900,1.5017,0.0000,0.0002,2.1000,10.7063,0
7.917,1.5017,-0.0000,0.0002,2.1000,10.7063,0
7.933,1.5017,0.0000,0.0002,2.1000,10.7062,0
7.950,1.5017,-0.0000,0.0002,2.1000,10.7062,0
7.967,1.5017,0.0000,0.0002,2.1000,10.7062,0
7.983,1.5017,-0.0000,0.0002,2.1000,10.7062,0
8.000,1.5017,-0.0000,0.0002,2.1000,10.7062,0
8.017,1.5017,-0.0000,0.0002,2.1000,10.7062,0
8.033,1.5017,-0.0000,0.0002,2.1000,10.7062,0
8.050,1.5018,0.0000,0.0002,2.1000,10.7062,0
8.067,1.5018,-0.0000,0.0002,2.1000,10.7062,0
8.083,1.5018,0.0000,0.0002,2.1000,10.7062,0
8.100,1.5018,-0.0000,0.0003,2.1000,10.7062,0
8.117,1.5018,0.0000,0.0002,2.1000,10.7062,0
8.133,1.5018,-0.0000,0.0002,2.1000,10.7062,0
8.150,1.5018,-0.0000,0.0002,2.1000,10.7062,0
8.167,1.5018,-0.0000,0.0002,2.1000,10.7062,0
8.183,1.5018,-0.0000,0.0002,2.1000,10.7062,0
8.200,1.5018,-0.0000,0.0002,2.1000,10.7062,0
8.217,1.5018,-0.0000,0.0002,2.1000,10.7062,0
8.233,1.5018,-0.0000,0.0002,2.1000,10.7062,0
8.250,1.5018,-0.0000,0.0002,2.1000,10.7062,0
8.267,1.5018,-0.0000,0.0002,2.1000,10.7062,0
8.283,1.5018,0.0000,0.0002,2.1000,10.7062,0
8.300,1.5018,-0.0000,0.0002,2.1000,10.7062,0
8.317,1.5018,-0.0000,0.0002,2.1000,10.7062,0
8.333,1.5018,0.0000,0.0003,2.1000,10.7062,0
8.350,1.5018,-0.0000,0.0002,2.1000,10.7062,0
8.367,1.5018,0.0000,0.0002,2.1000,10.7062,0
8.383,1.5018,-0.0000,0.0002,2.1000,10.7062,0
8.400,1.5018,-0.0000,0.0002,2.1000,10.7061,0
8.417,1.5018,-0.0000,0.0002,2.1000,10.7061,0
8.433,1.5018,-0.0000,0.0002,2.1000,10.7061,0
8.450,1.5018,0.0000,0.0002,2.1000,10.7061,0
8.467,1.5018,-0.0000,0.0002,2.1000,10.7061,0
8.483,1.5018,-0.0000,0.0002,2.1000,10.7061,0
8.500,1.5018,-0.0000,0.0002,2.1000,10.7061,0
8.517,1.5019,-0.0000,0.0002,2.1000,10.7061,0
8.533,1.5019,-0.0000,0.0002,2.1000,10.7061,0
8.550,1.5019,-0.0000,0.0002,2.1000,10.7061,0
8.567,1.5019,-0.0000,0.0002,2.1000,10.7061,0
8.583,1.5019,-0.0000,0.0002,2.1000,10.7061,0
8.600,1.5019,0.0000,0.0002,2.1000,10.7061,0
8.617,1.5019,-0.0000,0.0002,2.1000,10.7061,0
8.633,1.5019,0.0000,0.0002,2.1000,10.7061,0
8.650,1.5019,-0.0000,0.0002,2.1000,10.7061,0
8.667,1.5019,-0.0000,0.0002,2.1000,10.7061,0
8.683,1.5019,-0.0000,0.0002,2.1000,10.7061,0
8.700,1.5019,-0.0000,0.0002,2.1000,10.7061,0
8.717,1.5019,-0.0000,0.0002,2.1000,10.7061,0
8.733,1.5019,-0.0000,0.0002,2.1000,10.7061,0
8.750,1.5019,-0.0000,0.0002,2.1000,10.7061,0
8.767,1.5019,-0.0000,0.0002,2.1000,10.7061,0
8.783,1.5019,-0.0000,0.0002,2.1000,10.7061,0
8.800,1.5019,-0.0000,0.0002,2.1000,10.7061,0
8.817,1.5019,-0.0000,0.0002,2.1000,10.7061,0
8.833,1.5019,-0.0000,0.0002,2.1000,10.7061,0
8.850,1.5019,-0.0000,0.0002,2.1000,10.7061,0
8.867,1.5019,-0.0000,0.0002,2.1000,10.7060,0
8.883,1.5019,-0.0000,0.0002,2.1000,10.7060,0
8.900,1.5019,-0.0000,0.0002,2.1000,10.7060,0
8.917,1.5019,-0.0000,0.0002,2.1000,10.7060,0
8.933,1.5019,-0.0000,0.0002,2.1000,10.7060,0
8.950,1.5019,-0.0000,0.0002,2.1000,10.7060,0
8.967,1.5020,-0.0000,0.0002,2.1000,10.7060,0
8.983,1.5020,-0.0000,0.0002,2.1000,10.7060,0
9.000,1.5020,-0.0000,0.0002,2.1000,10.7060,0
9.017,1.5020,-0.0000,0.0002,2.1000,10.7060,0
9.033,1.5020,-0.0000,0.0002,2.1000,10.7060,0
9.050,1.5020,-0.0000,0.0002,2.1000,10.7060,0
9.067,1.5020,-0.0000,0.0002,2.1000,10.7060,0
9.083,1.5020,-0.0000,0.0002,2.1000,10.7060,0
9.100,1.5020,-0.0000,0.0002,2.1000,10.7060,0
9.117,1.5020,-0.0000,0.0002,2.1000,10.7060,0
9.133,1.5020,-0.0000,0.0002,2.1000,10.7060,0
9.150,1.5020,-0.0000,0.0002,2.1000,10.7060,0
9.167,1.5020,-0.0000,0.0002,2.1000,10.7060,0
9.183,1.5020,-0.0000,0.0002,2.1000,10.7060,0
9.200,1.5020,-0.0000,0.0002,2.1000,10.7060,0
9.217,1.5020,-0.0000,0.0002,2.1000,10.7060,0
9.233,1.5020,-0.0000,0.0002,2.1000,10.7060,0
9.250,1.5020,-0.0000,0.0002,2.1000,10.7060,0
9.267,1.5020,-0.0000,0.0002,2.1000,10.7060,0
9.283,1.5020,-0.0000,0.0002,2.1000,10.7060,0
9.300,1.5020,-0.0000,0.0002,2.1000,10.7060,0
9.317,1.5020,-0.0000,0.0002,2.1000,10.7060,0
9.333,1.5020,-0.0000,0.0002,2.1000,10.7060,0
9.350,1.5020,-0.0000,0.0002,2.1000,10.7059,0
9.367,1.5020,-0.0000,0.0002,2.1000,10.7059,0
9.383,1.5020,-0.0000,0.0002,2.1000,10.7059,0
9.400,1.5020,-0.0000,0.0002,2.1000,10.7059,0
9.417,1.5020,-0.0000,0.0002,2.1000,10.7059,0
9.433,1.5021,-0.0000,0.0002,2.1000,10.7059,0
9.450,1.5021,-0.0000,0.0002,2.1000,10.7059,0
9.467,1.5021,-0.0000,0.0002,2.1000,10.7059,0
9.483,1.5021,-0.0000,0.0002,2.1000,10.7059,0
9.500,1.5021,-0.0000,0.0002,2.1000,10.7059,0
9.517,1.5021,-0.0000,0.0002,2.1000,10.7059,0
9.533,1.5021,-0.0000,0.0002,2.1000,10.7059,0
9.550,1.5021,-0.0000,0.0002,2.1000,10.7059,0
9.567,1.5021,-0.0000,0.0002,2.1000,10.7059,0
9.583,1.5021,-0.0000,0.0002,2.1000,10.7059,0
9.600,1.5021,-0.0000,0.0002,2.1000,10.7059,0
9.617,1.5021,-0.0000,0.0002,2.1000,10.7059,0
9.633,1.5021,-0.0000,0.0002,2.1000,10.7059,0
9.650,1.5021,-0.0000,0.0002,2.1000,10.7059,0
9.667,1.5021,-0.0000,0.0002,2.1000,10.7059,0
9.683,1.5021,-0.0000,0.0002,2.1000,10.7059,0
9.700,1.5021,-0.0000,0.0002,2.1000,10.7059,0
9.717,1.5021,-0.0000,0.0002,2.1000,10.7059,0
9.733,1.5021,-0.0000,0.0002,2.1000,10.7059,0
9.750,1.5021,-0.0000,0.0002,2.1000,10.7059,0
9.767,1.5021,-0.0000,0.0002,2.1000,10.7059,0
9.783,1.5021,-0.0000,0.0002,2.1000,10.7059,0
9.800,1.5021,-0.0000,0.0002,2.1000,10.7059,0
9.817,1.5021,-0.0000,0.0002,2.1000,10.7058,0
9.833,1.5021,-0.0000,0.0002,2.1000,10.7058,0
9.850,1.5021,-0.0000,0.0002,2.1000,10.7058,0
9.867,1.5021,-0.0000,0.0002,2.1000,10.7058,0
9.883,1.5021,-0.0000,0.0002,2.1000,10.7058,0
9.900,1.5022,-0.0000,0.0002,2.1000,10.7058,0
9.917,1.5022,-0.0000,0.0002,2.1000,10.7058,0
9.933,1.5022,-0.0000,0.0002,2.1000,10.7058,0
9.950,1.5022,-0.0000,0.0002,2.1000,10.7058,0
9.967,1.5022,-0.0000,0.0002,2.1000,10.7058,0
9.983,1.5022,-0.0000,0.0002,2.1000,10.7058,0
10.000,1.5022,-0.0000,0.0002,2.1000,10.7058,0
10.017,1.5022,-0.0000,0.0002,2.1000,10.7058,0
10.033,1.5022,-0.0000,0.0002,2.1000,10.7058,0
10.050,1.5022,-0.0000,0.0002,2.1000,10.7058,0
10.067,1.5022,-0.0000,0.0002,2.1000,10.7058,0
10.083,1.5022,-0.0000,0.0002,2.1000,10.7058,0
10.100,1.5022,-0.0000,0.0002,2.1000,10.7058,0
10.117,1.5022,-0.0000,0.0002,2.1000,10.7058,0
10.133,1.5022,-0.0000,0.0002,2.1000,10.7058,0
10.150,1.5022,-0.0000,0.0002,2.1000,10.7058,0
10.167,1.5022,-0.0000,0.0002,2.1000,10.7058,0
10.183,1.5022,-0.0000,0.0002,2.1000,10.7058,0
10.200,1.5022,-0.0000,0.0002,2.1000,10.7058,0
10.217,1.5022,-0.0000,0.0002,2.1000,10.7058,0
10.233,1.5022,-0.0000,0.0002,2.1000,10.7058,0
10.250,1.5022,-0.0000,0.0003,2.1000,10.7058,0
10.267,1.5028,-0.0000,0.0324,2.1000,10.7052,0
10.283,1.5038,-0.0000,0.0611,2.1000,10.7042,0
10.300,1.5051,-0.0000,0.0759,2.1000,10.7030,0
10.317,1.5065,-0.0000,0.0847,2.1000,10.7016,0
10.333,1.5079,-0.0000,0.0861,2.1000,10.7002,0
10.350,1.5096,-0.0000,0.0996,2.1000,10.6986,0
10.367,1.5116,-0.0000,0.1201,2.1000,10.6966,0
10.383,1.5138,-0.0000,0.1330,2.1000,10.6944,0
10.400,1.5162,-0.0000,0.1430,2.1000,10.6921,0
10.417,1.5187,-0.0000,0.1516,2.1000,10.6896,0
10.433,1.5214,-0.0000,0.1638,2.1000,10.6869,0
10.450,1.5243,-0.0000,0.1745,2.1000,10.6841,0
10.467,1.5274,-0.0000,0.1821,2.1000,10.6811,0
10.483,1.5306,-0.0000,0.1927,2.1000,10.6780,0
10.500,1.5339,-0.0000,0.2024,2.1000,10.6747,0
10.517,1.5374,-0.0000,0.2084,2.1000,10.6713,0
10.533,1.5411,-0.0000,0.2184,2.1000,10.6677,0
10.550,1.5448,-0.0000,0.2264,2.1000,10.6640,0
10.567,1.5488,-0.0000,0.2354,2.1000,10.6601,0
10.583,1.5528,-0.0000,0.2426,2.1000,10.6562,0
10.600,1.5569,-0.0000,0.2488,2.1000,10.6521,0
10.617,1.5612,-0.0000,0.2568,2.1000,10.6479,0
10.633,1.5656,-0.0000,0.2649,2.1000,10.6436,0
10.650,1.5702,-0.0000,0.2721,2.1000,10.6391,0
10.667,1.5748,-0.0000,0.2796,2.1000,10.6346,0
10.683,1.5796,-0.0000,0.2876,2.1000,10.6299,0
10.700,1.5845,-0.0000,0.2945,2.1000,10.6251,0
10.717,1.5895,-0.0000,0.2991,2.1000,10.6202,0
10.733,1.5947,-0.0000,0.3086,2.1000,10.6151,0
10.750,1.5999,-0.0000,0.3166,2.1000,10.6100,0
10.767,1.6053,-0.0000,0.3212,2.1000,10.6047,0
10.783,1.6107,-0.0000,0.3243,2.1000,10.5994,0
10.800,1.6162,-0.0000,0.3279,2.1000,10.5941,0
10.817,1.6217,-0.0000,0.3326,2.1000,10.5886,0
10.833,1.6273,-0.0000,0.3362,2.1000,10.5831,0
10.850,1.6331,-0.0000,0.3446,2.1000,10.5775,0
10.867,1.6389,-0.0000,0.3504,2.1000,10.5718,0
10.883,1.6448,-0.0000,0.3525,2.1000,10.5660,0
10.900,1.6507,-0.0000,0.3561,2.1000,10.5602,0
10.917,1.6567,-0.0000,0.3585,2.1000,10.5544,0
10.933,1.6628,-0.0000,0.3658,2.1000,10.5484,0
10.950,1.6690,-0.0000,0.3728,2.1000,10.5423,0
10.967,1.6753,-0.0000,0.3766,2.1000,10.5361,0
10.983,1.6816,-0.0000,0.3823,2.1000,10.5299,0
11.000,1.6881,-0.0000,0.3869,2.1000,10.5236,0
11.017,1.6946,-0.0000,0.3882,2.1000,10.5172,0
11.033,1.7010,-0.0000,0.3881,2.1000,10.5109,0
11.050,1.7075,-0.0000,0.3877,2.1000,10.5046,0
11.067,1.7140,-0.0000,0.3921,2.1000,10.4982,0
11.083,1.7206,-0.0000,0.3972,2.1000,10.4917,0
11.100,1.7274,-0.0000,0.4028,2.1000,10.4851,0
11.117,1.7341,-0.0001,0.4069,2.1000,10.4785,0
11.133,1.7409,-0.0001,0.4082,2.1000,10.4718,0
11.150,1.7478,-0.0001,0.4138,2.1000,10.4650,0
11.167,1.7548,-0.0001,0.4174,2.1000,10.4582,0
11.183,1.7617,-0.0001,0.4172,2.1000,10.4514,0
11.200,1.7687,-0.0001,0.4167,2.1000,10.4446,0
11.217,1.7756,-0.0001,0.4164,2.1000,10.4378,0
11.233,1.7827,-0.0001,0.4218,2.1000,10.4309,0
11.250,1.7898,-0.0001,0.4271,2.1000,10.4240,0
11.267,1.7970,-0.0001,0.4305,2.1000,10.4169,0
11.283,1.8041,-0.0001,0.4316,2.1000,10.4099,0
11.300,1.8114,-0.0001,0.4328,2.1000,10.4028,0
11.317,1.8186,-0.0001,0.4368,2.1000,10.3957,0
11.333,1.8260,-0.0000,0.4393,2.1000,10.3885,0
11.350,1.8333,-0.0000,0.4403,2.1000,10.3813,0
11.367,1.8407,-0.0000,0.4412,2.1000,10.3741,0
11.383,1.8480,-0.0000,0.4399,2.1000,10.3669,0
11.400,1.8553,-0.0000,0.4409,2.1000,10.3597,0
11.417,1.8627,-0.0000,0.4445,2.1000,10.3525,0
11.433,1.8702,-0.0000,0.4495,2.1000,10.3452,0
11.450,1.8778,-0.0000,0.4537,2.1000,10.3378,0
11.467,1.8854,-0.0000,0.4569,2.1000,10.3303,0
11.483,1.8930,-0.0000,0.4575,2.1000,10.3228,0
11.500,1.9007,-0.0000,0.4581,2.1000,10.3154,0
11.517,1.9083,-0.0000,0.4584,2.1000,10.3079,0
11.533,1.9160,-0.0000,0.4593,2.1000,10.3004,0
11.550,1.9236,-0.0000,0.4606,2.1000,10.2929,0
11.567,1.9314,-0.0000,0.4641,2.1000,10.2853,0
11.583,1.9392,-0.0000,0.4667,2.1000,10.2777,0
11.600,1.9470,-0.0000,0.4685,2.1000,10.2700,0
11.617,1.9548,-0.0000,0.4719,2.1000,10.2623,0
11.633,1.9627,0.0000,0.4742,2.1000,10.2546,0
11.650,1.9707,0.0000,0.4762,2.1000,10.2468,0
11.667,1.9786,0.0000,0.4785,2.1000,10.2390,0
11.683,1.9866,0.0000,0.4772,2.1000,10.2312,0
11.700,1.9945,0.0000,0.4743,2.1000,10.2235,0
11.717,2.0024,0.0000,0.4748,2.1000,10.2158,0
11.733,2.0104,0.0000,0.4789,2.1000,10.2079,0
11.750,2.0184,0.0000,0.4821,2.1000,10.2001,0
11.767,2.0265,0.0000,0.4841,2.1000,10.1922,0
11.783,2.0346,0.0000,0.4861,2.1000,10.1843,0
11.800,2.0428,0.0000,0.4896,2.1000,10.1763,0
11.817,2.0510,0.0000,0.4924,2.1000,10.1682,0
11.833,2.0592,0.0000,0.4936,2.1000,10.1602,0
11.850,2.0674,0.0000,0.4932,2.1000,10.1521,0
11.867,2.0756,0.0000,0.4921,2.1000,10.1441,0
11.883,2.0838,0.0000,0.4915,2.1000,10.1361,0
11.900,2.0920,0.0000,0.4921,2.1000,10.1281,0
11.917,2.1002,0.0001,0.4932,2.1000,10.1200,0
11.933,2.1085,0.0001,0.4959,2.1000,10.1120,0
11.950,2.1168,0.0001,0.4983,2.1000,10.1038,0
11.967,2.1251,0.0001,0.4990,2.1000,10.0957,0
11.983,2.1334,0.0001,0.4993,2.1000,10.0875,0
12.000,2.1418,0.0001,0.4999,2.1000,10.0794,0
12.017,2.1501,0.0001,0.5001,2.1000,10.0712,0
12.033,2.1584,0.0001,0.4999,2.1000,10.0631,0
12.050,2.1668,0.0001,0.5000,2.1000,10.0549,0
12.067,2.1751,0.0001,0.4997,2.1000,10.0468,0
12.083,2.1834,0.0002,0.4991,2.1000,10.0387,0
12.100,2.1917,0.0002,0.4993,2.1000,10.0305,0
12.117,2.2001,0.0002,0.4998,2.1000,10.0224,0
12.133,2.2084,0.0002,0.4999,2.1000,10.0142,0
12.150,2.2167,0.0002,0.4999,2.1000,10.0061,0
12.167,2.2251,0.0002,0.4998,2.1000,9.9979,0
12.183,2.2334,0.0002,0.4998,2.1000,9.9898,0
12.200,2.2417,0.0003,0.4996,2.1000,9.9816,0
12.217,2.2500,0.0003,0.4997,2.1000,9.9735,0
12.233,2.2584,0.0003,0.4995,2.1000,9.9653,0
12.250,2.2667,0.0003,0.4994,2.1000,9.9572,0
12.267,2.2750,0.0003,0.4996,2.1000,9.9491,0
12.283,2.2834,0.0004,0.4997,2.1000,9.9409,0
12.300,2.2917,0.0004,0.4997,2.1000,9.9328,0
12.317,2.3000,0.0004,0.4998,2.1000,9.9246,0
12.333,2.3083,0.0004,0.4998,2.1000,9.9165,0
12.350,2.3167,0.0004,0.4999,2.1000,9.9083,0
12.367,2.3250,0.0005,0.4998,2.1000,9.9002,0
12.383,2.3333,0.0005,0.4999,2.1000,9.8920,0
12.400,2.3417,0.0005,0.5000,2.1000,9.8839,0
12.417,2.3500,0.0005,0.5001,2.1000,9.8757,0
12.433,2.3583,0.0005,0.5002,2.1000,9.8676,0
12.450,2.3667,0.0006,0.5003,2.1000,9.8594,0
12.467,2.3750,0.0006,0.5004,2.1000,9.8513,0
12.483,2.3834,0.0006,0.5005,2.1000,9.8431,0
12.500,2.3917,0.0006,0.5005,2.1000,9.8350,0
12.517,2.4000,0.0006,0.5006,2.1000,9.8268,0
12.533,2.4084,0.0006,0.5007,2.1000,9.8187,0
12.550,2.4167,0.0007,0.5007,2.1000,9.8105,0
12.567,2.4251,0.0007,0.5006,2.1000,9.8024,0
12.583,2.4334,0.0007,0.5006,2.1000,9.7942,0
12.600,2.4418,0.0007,0.5007,2.1000,9.7861,0
12.617,2.4501,0.0007,0.5008,2.1000,9.7779,0
12.633,2.4585,0.0008,0.5009,2.1000,9.7697,0
12.650,2.4668,0.0008,0.5009,2.1000,9.7616,0
12.667,2.4752,0.0008,0.5009,2.1000,9.7534,0
12.683,2.4835,0.0008,0.5009,2.1000,9.7453,0
12.700,2.4918,0.0008,0.5008,2.1000,9.7371,0
12.717,2.5002,0.0009,0.5008,2.1000,9.7290,0
12.733,2.5085,0.0009,0.5008,2.1000,9.7208,0
12.750,2.5169,0.0009,0.5007,2.1000,9.7126,0
12.767,2.5252,0.0010,0.5007,2.1000,9.7045,0
12.783,2.5336,0.0010,0.5007,2.1000,9.6963,0
12.800,2.5419,0.0010,0.5005,2.1000,9.6882,0
12.817,2.5503,0.0010,0.5004,2.1000,9.6800,0
12.833,2.5586,0.0011,0.5004,2.1000,9.6719,0
12.850,2.5669,0.0011,0.5003,2.1000,9.6637,0
12.867,2.5753,0.0011,0.5003,2.1000,9.6556,0
12.883,2.5836,0.0012,0.5002,2.1000,9.6475,0
12.900,2.5919,0.0012,0.5001,2.1000,9.6393,0
12.917,2.6003,0.0012,0.5000,2.1000,9.6312,0
12.933,2.6086,0.0013,0.5000,2.1000,9.6230,0
12.950,2.6169,0.0013,0.4999,2.1000,9.6149,0
12.967,2.6253,0.0013,0.4999,2.1000,9.6068,0
12.983,2.6336,0.0014,0.4998,2.1000,9.5986,0
13.000,2.6419,0.0014,0.4998,2.1000,9.5905,0
13.017,2.6503,0.0015,0.4997,2.1000,9.5823,0
13.033,2.6586,0.0015,0.4997,2.1000,9.5742,0
13.050,2.6669,0.0016,0.4996,2.1000,9.5661,0
13.067,2.6752,0.0016,0.4994,2.1000,9.5579,0
13.083,2.6836,0.0016,0.4994,2.1000,9.5498,0
13.100,2.6919,0.0017,0.4996,2.1000,9.5417,0
13.117,2.7002,0.0017,0.4997,2.1000,9.5336,0
13.133,2.7085,0.0018,0.4997,2.1000,9.5254,0
13.150,2.7169,0.0018,0.4997,2.1000,9.5173,0
13.167,2.7252,0.0019,0.4998,2.1000,9.5092,0
13.183,2.7335,0.0019,0.4999,2.1000,9.5010,0
13.200,2.7419,0.0019,0.5000,2.1000,9.4929,0
13.217,2.7502,0.0020,0.5001,2.1000,9.4847,0
13.233,2.7585,0.0020,0.4998,2.1000,9.4766,0
13.250,2.7669,0.0021,0.4994,2.1000,9.4685,0
13.267,2.7752,0.0021,0.4996,2.1000,9.4604,0
13.283,2.7835,0.0021,0.5002,2.1000,9.4522,0
13.300,2.7919,0.0022,0.5004,2.1000,9.4441,0
13.317,2.8002,0.0022,0.5005,2.1000,9.4359,0
13.333,2.8085,0.0023,0.5005,2.1000,9.4278,0
13.350,2.8169,0.0023,0.5006,2.1000,9.4196,0
13.367,2.8252,0.0023,0.5007,2.1000,9.4115,0
13.383,2.8336,0.0024,0.5008,2.1000,9.4034,0
13.400,2.8419,0.0024,0.5008,2.1000,9.3952,0
13.417,2.8503,0.0025,0.5008,2.1000,9.3871,0
13.433,2.8586,0.0025,0.5008,2.1000,9.3789,0
13.450,2.8670,0.0026,0.5009,2.1000,9.3708,0
13.467,2.8753,0.0026,0.5008,2.1000,9.3626,0
13.483,2.8837,0.0026,0.5009,2.1000,9.3545,0
13.500,2.8920,0.0027,0.5009,2.1000,9.3463,0
13.517,2.9004,0.0027,0.5009,2.1000,9.3382,0
13.533,2.9087,0.0028,0.5008,2.1000,9.3301,0
13.550,2.9171,0.0028,0.5008,2.1000,9.3219,0
13.567,2.9254,0.0029,0.5007,2.1000,9.3138,0
13.583,2.9337,0.0029,0.5006,2.1000,9.3056,0
13.600,2.9421,0.0030,0.5006,2.1000,9.2975,0
13.617,2.9504,0.0030,0.5005,2.1000,9.2894,0
13.633,2.9588,0.0031,0.5005,2.1000,9.2812,0
13.650,2.9671,0.0031,0.5004,2.1000,9.2731,0
13.667,2.9754,0.0032,0.5003,2.1000,9.2649,0
13.683,2.9838,0.0032,0.5002,2.1000,9.2568,0
13.700,2.9921,0.0033,0.5001,2.1000,9.2487,0
13.717,3.0005,0.0033,0.5001,2.1000,9.2406,0
13.733,3.0088,0.0034,0.5000,2.1000,9.2324,0
13.750,3.0171,0.0034,0.4999,2.1000,9.2243,0
13.767,3.0255,0.0035,0.4999,2.1000,9.2162,0
13.783,3.0338,0.0035,0.4999,2.1000,9.2081,0
13.800,3.0421,0.0036,0.4999,2.1000,9.1999,0
13.817,3.0504,0.0036,0.4997,2.1000,9.1918,0
13.833,3.0588,0.0037,0.4997,2.1000,9.1837,0
13.850,3.0671,0.0037,0.4997,2.1000,9.1756,0
13.867,3.0754,0.0038,0.4997,2.1000,9.1674,0
13.883,3.0838,0.0039,0.4996,2.1000,9.1593,0
13.900,3.0921,0.0039,0.4996,2.1000,9.1512,0
13.917,3.1004,0.0040,0.4996,2.1000,9.1431,0
13.933,3.1087,0.0040,0.4997,2.1000,9.1350,0
13.950,3.1171,0.0041,0.4997,2.1000,9.1268,0
13.967,3.1254,0.0041,0.4998,2.1000,9.1187,0
13.983,3.1337,0.0042,0.4998,2.1000,9.1106,0
14.000,3.1421,0.0043,0.4999,2.1000,9.1025,0
14.017,3.1504,0.0043,0.5000,2.1000,9.0944,0
14.033,3.1587,0.0044,0.5000,2.1000,9.0862,0
14.050,3.1671,0.0044,0.5001,2.1000,9.0781,0
14.067,3.1754,0.0045,0.5002,2.1000,9.0700,0
14.083,3.1837,0.0045,0.5003,2.1000,9.0619,0
14.100,3.1921,0.0046,0.5004,2.1000,9.0537,0
14.117,3.2004,0.0046,0.5004,2.1000,9.0456,0
14.133,3.2088,0.0047,0.5005,2.1000,9.0375,0
14.150,3.2171,0.0047,0.5006,2.1000,9.0294,0
14.167,3.2254,0.0048,0.5007,2.1000,9.0212,0
14.183,3.2338,0.0048,0.5007,2.1000,9.0131,0
14.200,3.2421,0.0049,0.5004,2.1000,9.0050,0
14.217,3.2505,0.0050,0.5002,2.1000,8.9969,0
14.233,3.2588,0.0050,0.5006,2.1000,8.9887,0
14.250,3.2672,0.0051,0.5008,2.1000,8.9806,0
14.267,3.2755,0.0051,0.5009,2.1000,8.9725,0
14.283,3.2838,0.0052,0.5009,2.1000,8.9644,0
14.300,3.2922,0.0052,0.5009,2.1000,8.9562,0
14.317,3.3005,0.0053,0.5007,2.1000,8.9481,0
14.333,3.3089,0.0053,0.5006,2.1000,8.9400,0
14.350,3.3172,0.0054,0.5008,2.1000,8.9319,0
14.367,3.3256,0.0054,0.5008,2.1000,8.9237,0
14.383,3.3339,0.0055,0.5007,2.1000,8.9156,0
14.400,3.3423,0.0055,0.5006,2.1000,8.9075,0
14.417,3.3506,0.0056,0.5007,2.1000,8.8994,0
14.433,3.3589,0.0056,0.5003,2.1000,8.8912,0
14.450,3.3673,0.0057,0.4999,2.1000,8.8831,0
14.467,3.3756,0.0057,0.5000,2.1000,8.8750,0
14.483,3.3839,0.0058,0.5003,2.1000,8.8669,0
14.500,3.3923,0.0058,0.5002,2.1000,8.8588,0
14.517,3.4006,0.0059,0.5001,2.1000,8.8507,0
14.533,3.4090,0.0059,0.5000,2.1000,8.8426,0
14.550,3.4173,0.0060,0.5000,2.1000,8.8345,0
14.567,3.4256,0.0060,0.4999,2.1000,8.8264,0
14.583,3.4340,0.0061,0.4999,2.1000,8.8183,0
14.600,3.4423,0.0062,0.4998,2.1000,8.8101,0
14.617,3.4506,0.0062,0.4998,2.1000,8.8020,0
14.633,3.4589,0.0063,0.4998,2.1000,8.7939,0
14.650,3.4673,0.0063,0.4997,2.1000,8.7858,0
14.667,3.4756,0.0064,0.4997,2.1000,8.7777,0
14.683,3.4839,0.0065,0.4996,2.1000,8.7696,0
14.700,3.4923,0.0065,0.4996,2.1000,8.7615,0
14.717,3.5006,0.0066,0.4997,2.1000,8.7534,0
14.733,3.5089,0.0066,0.4996,2.1000,8.7453,0
14.750,3.5172,0.0067,0.4996,2.1000,8.7372,0
14.767,3.5256,0.0067,0.4998,2.1000,8.7291,0
14.783,3.5339,0.0068,0.4998,2.1000,8.7210,0
14.800,3.5422,0.0069,0.4998,2.1000,8.7129,0
14.817,3.5506,0.0069,0.4999,2.1000,8.7048,0
14.833,3.5589,0.0070,0.4998,2.1000,8.6967,0
14.850,3.5672,0.0070,0.4999,2.1000,8.6886,0
14.867,3.5755,0.0071,0.5001,2.1000,8.6805,0
14.883,3.5839,0.0071,0.5001,2.1000,8.6724,0
14.900,3.5922,0.0072,0.5003,2.1000,8.6643,0
14.917,3.6006,0.0072,0.5002,2.1000,8.6562,0
14.933,3.6089,0.0073,0.5003,2.1000,8.6481,0
14.950,3.6172,0.0073,0.5004,2.1000,8.6400,0
14.967,3.6256,0.0074,0.5005,2.1000,8.6319,0
14.983,3.6339,0.0074,0.5006,2.1000,8.6238,0
15.000,3.6423,0.0075,0.5007,2.1000,8.6157,0
15.017,3.6506,0.0075,0.5008,2.1000,8.6076,0
15.033,3.6590,0.0076,0.5007,2.1000,8.5995,0
15.050,3.6673,0.0076,0.5008,2.1000,8.5914,0
15.067,3.6757,0.0077,0.5008,2.1000,8.5833,0
15.083,3.6840,0.0077,0.5008,2.1000,8.5752,0
15.100,3.6923,0.0078,0.5008,2.1000,8.5671,0
15.117,3.7007,0.0078,0.5007,2.1000,8.5590,0
15.133,3.7090,0.0079,0.5007,2.1000,8.5509,0
15.150,3.7174,0.0079,0.5009,2.1000,8.5428,0
15.167,3.7257,0.0079,0.5008,2.1000,8.5347,0
15.183,3.7341,0.0080,0.5008,2.1000,8.5265,0
15.200,3.7424,0.0080,0.5007,2.1000,8.5184,0
15.217,3.7508,0.0081,0.5006,2.1000,8.5103,0
15.233,3.7591,0.0081,0.5006,2.1000,8.5022,0
15.250,3.7674,0.0082,0.5005,2.1000,8.4942,0
15.267,3.7758,0.0082,0.5005,2.1000,8.4861,0
15.283,3.7841,0.0083,0.5004,2.1000,8.4780,0
15.300,3.7925,0.0083,0.5003,2.1000,8.4699,0
15.317,3.8008,0.0084,0.5002,2.1000,8.4618,0
15.333,3.8091,0.0084,0.5002,2.1000,8.4537,0
15.350,3.8175,0.0085,0.5001,2.1000,8.4456,0
15.367,3.8258,0.0085,0.5000,2.1000,8.4375,0
15.383,3.8341,0.0086,0.4999,2.1000,8.4294,0
15.400,3.8425,0.0086,0.4999,2.1000,8.4214,0
15.417,3.8508,0.0087,0.4998,2.1000,8.4133,0
15.433,3.8591,0.0087,0.4998,2.1000,8.4052,0
15.450,3.8675,0.0088,0.4998,2.1000,8.3971,0
15.467,3.8758,0.0088,0.4998,2.1000,8.3890,0
15.483,3.8841,0.0089,0.4996,2.1000,8.3810,0
15.500,3.8924,0.0089,0.4996,2.1000,8.3729,0
15.517,3.9008,0.0090,0.4996,2.1000,8.3648,0
15.533,3.9091,0.0090,0.4996,2.1000,8.3567,0
15.550,3.9174,0.0091,0.4997,2.1000,8.3487,0
15.567,3.9257,0.0091,0.4996,2.1000,8.3406,0
15.583,3.9341,0.0092,0.4997,2.1000,8.3325,0
15.600,3.9424,0.0092,0.4998,2.1000,8.3244,0
15.617,3.9507,0.0092,0.4999,2.1000,8.3164,0
15.633,3.9591,0.0093,0.4999,2.1000,8.3083,0
15.650,3.9674,0.0093,0.5000,2.1000,8.3002,0
15.667,3.9757,0.0094,0.5001,2.1000,8.2921,0
15.683,3.9841,0.0094,0.5001,2.1000,8.2841,0
15.700,3.9924,0.0094,0.5002,2.1000,8.2760,0
15.717,4.0007,0.0095,0.5003,2.1000,8.2679,0
15.733,4.0091,0.0095,0.5004,2.1000,8.2598,0
15.750,4.0174,0.0096,0.5004,2.1000,8.2518,0
15.767,4.0258,0.0096,0.5005,2.1000,8.2437,0
15.783,4.0341,0.0096,0.5006,2.1000,8.2356,0
15.800,4.0425,0.0097,0.5006,2.1000,8.2275,0
15.817,4.0508,0.0097,0.5007,2.1000,8.2194,0
15.833,4.0591,0.0097,0.5007,2.1000,8.2114,0
15.850,4.0675,0.0097,0.5007,2.1000,8.2033,0
15.867,4.0758,0.0098,0.5008,2.1000,8.1952,0
15.883,4.0842,0.0098,0.5008,2.1000,8.1871,0
15.900,4.0925,0.0098,0.5008,2.1000,8.1791,0
15.917,4.1009,0.0099,0.5009,2.1000,8.1710,0
15.933,4.1092,0.0099,0.5008,2.1000,8.1629,0
15.950,4.1176,0.0099,0.5008,2.1000,8.1548,0
15.967,4.1259,0.0099,0.5008,2.1000,8.1467,0
15.983,4.1343,0.0100,0.5008,2.1000,8.1387,0
16.000,4.1426,0.0100,0.5007,2.1000,8.1306,0
16.017,4.1510,0.0100,0.5006,2.1000,8.1225,0
16.033,4.1593,0.0101,0.5005,2.1000,8.1145,0
16.050,4.1676,0.0101,0.5006,2.1000,8.1064,0
16.067,4.1760,0.0101,0.5005,2.1000,8.0983,0
16.083,4.1843,0.0101,0.5004,2.1000,8.0903,0
16.100,4.1927,0.0102,0.5003,2.1000,8.0822,0
16.117,4.2010,0.0102,0.5003,2.1000,8.0741,0
16.133,4.2093,0.0102,0.5002,2.1000,8.0661,0
16.150,4.2177,0.0103,0.5001,2.1000,8.0580,0
16.167,4.2260,0.0103,0.5000,2.1000,8.0500,0
16.183,4.2343,0.0103,0.5000,2.1000,8.0419,0
16.200,4.2427,0.0103,0.4999,2.1000,8.0339,0
16.217,4.2510,0.0104,0.4998,2.1000,8.0258,0
16.233,4.2593,0.0104,0.4998,2.1000,8.0178,0
16.250,4.2677,0.0104,0.4998,2.1000,8.0097,0
16.267,4.2760,0.0104,0.4997,2.1000,8.0017,0
16.283,4.2843,0.0105,0.4997,2.1000,7.9936,0
16.300,4.2926,0.0105,0.4996,2.1000,7.9856,0
16.317,4.3010,0.0105,0.4996,2.1000,7.9775,0
16.333,4.3093,0.0105,0.4997,2.1000,7.9695,0
16.350,4.3176,0.0105,0.4997,2.1000,7.9615,0
16.367,4.3260,0.0106,0.4997,2.1000,7.9534,0
16.383,4.3343,0.0106,0.4997,2.1000,7.9454,0
16.400,4.3426,0.0106,0.4998,2.1000,7.9373,0
16.417,4.3509,0.0106,0.4997,2.1000,7.9293,0
16.433,4.3593,0.0106,0.4999,2.1000,7.9213,0
16.450,4.3676,0.0106,0.4998,2.1000,7.9132,0
16.467,4.3759,0.0106,0.5000,2.1000,7.9052,0
16.483,4.3843,0.0106,0.4999,2.1000,7.8971,0
16.500,4.3926,0.0107,0.5001,2.1000,7.8891,0
16.517,4.4009,0.0107,0.5003,2.1000,7.8811,0
16.533,4.4093,0.0107,0.5002,2.1000,7.8730,0
16.550,4.4176,0.0107,0.5003,2.1000,7.8650,0
16.567,4.4260,0.0107,0.5004,2.1000,7.8569,0
16.583,4.4343,0.0107,0.5005,2.1000,7.8489,0
16.600,4.4426,0.0107,0.5005,2.1000,7.8409,0
16.617,4.4510,0.0107,0.5006,2.1000,7.8328,0
16.633,4.4593,0.0107,0.5007,2.1000,7.8248,0
16.650,4.4677,0.0107,0.5007,2.1000,7.8167,0
16.667,4.4760,0.0107,0.5008,2.1000,7.8087,0
16.683,4.4844,0.0107,0.5008,2.1000,7.8007,0
16.700,4.4927,0.0107,0.5009,2.1000,7.7926,0
16.717,4.5011,0.0107,0.5009,2.1000,7.7846,0
16.733,4.5094,0.0107,0.5008,2.1000,7.7765,0
16.750,4.5178,0.0106,0.5008,2.1000,7.7685,0
16.767,4.5261,0.0106,0.5008,2.1000,7.7605,0
16.783,4.5344,0.0106,0.5008,2.1000,7.7524,0
16.800,4.5428,0.0106,0.5008,2.1000,7.7444,0
16.817,4.5511,0.0106,0.5007,2.1000,7.7363,0
16.833,4.5595,0.0106,0.5007,2.1000,7.7283,0
16.850,4.5678,0.0106,0.5007,2.1000,7.7203,0
16.867,4.5762,0.0106,0.5006,2.1000,7.7123,0
16.883,4.5845,0.0106,0.5005,2.1000,7.7042,0
16.900,4.5929,0.0106,0.5005,2.1000,7.6962,0
16.917,4.6012,0.0106,0.5004,2.1000,7.6882,0
16.933,4.6095,0.0105,0.5003,2.1000,7.6802,0
16.950,4.6179,0.0105,0.5002,2.1000,7.6721,0
16.967,4.6262,0.0105,0.5002,2.1000,7.6641,0
16.983,4.6345,0.0105,0.5000,2.1000,7.6561,0
17.000,4.6429,0.0105,0.5000,2.1000,7.6481,0
17.017,4.6512,0.0105,0.5000,2.1000,7.6401,0
17.033,4.6595,0.0105,0.4998,2.1000,7.6321,0
17.050,4.6679,0.0105,0.4997,2.1000,7.6241,0
17.067,4.6762,0.0104,0.4997,2.1000,7.6161,0
17.083,4.6845,0.0104,0.4996,2.1000,7.6081,0
17.100,4.6928,0.0104,0.4998,2.1000,7.6001,0
17.117,4.7012,0.0104,0.4997,2.1000,7.5921,0
17.133,4.7095,0.0104,0.4995,2.1000,7.5841,0
17.150,4.7178,0.0104,0.4996,2.1000,7.5761,0
17.167,4.7262,0.0104,0.4996,2.1000,7.5681,0
17.183,4.7345,0.0103,0.4996,2.1000,7.5601,0
17.200,4.7428,0.0103,0.4997,2.1000,7.5521,0
17.217,4.7511,0.0103,0.4996,2.1000,7.5441,0
17.233,4.7595,0.0103,0.4996,2.1000,7.5361,0
17.250,4.7678,0.0103,0.4997,2.1000,7.5281,0
17.267,4.7761,0.0102,0.4999,2.1000,7.5201,0
17.283,4.7845,0.0102,0.4998,2.1000,7.5121,0
17.300,4.7928,0.0102,0.5000,2.1000,7.5041,0
17.317,4.8011,0.0101,0.5001,2.1000,7.4961,0
17.333,4.8095,0.0101,0.5002,2.1000,7.4881,0
17.350,4.8178,0.0101,0.5003,2.1000,7.4801,0
17.367,4.8261,0.0101,0.5003,2.1000,7.4721,0
17.383,4.8345,0.0100,0.5004,2.1000,7.4641,0
17.400,4.8428,0.0100,0.5005,2.1000,7.4561,0
17.417,4.8512,0.0099,0.5006,2.1000,7.4481,0
17.433,4.8595,0.0099,0.5005,2.1000,7.4401,0
17.450,4.8678,0.0099,0.5005,2.1000,7.4321,0
17.467,4.8762,0.0098,0.5006,2.1000,7.4241,0
17.483,4.8845,0.0098,0.5008,2.1000,7.4161,0
17.500,4.8929,0.0098,0.5008,2.1000,7.4081,0
17.517,4.9012,0.0097,0.5008,2.1000,7.4001,0
17.533,4.9096,0.0097,0.5009,2.1000,7.3921,0
17.550,4.9179,0.0096,0.5009,2.1000,7.3841,0
17.567,4.9263,0.0096,0.5009,2.1000,7.3761,0
17.583,4.9346,0.0096,0.5008,2.1000,7.3682,0
17.600,4.9430,0.0095,0.5009,2.1000,7.3602,0
17.617,4.9513,0.0095,0.5008,2.1000,7.3522,0
17.633,4.9596,0.0094,0.5007,2.1000,7.3442,0
17.650,4.9680,0.0094,0.5007,2.1000,7.3362,0
17.667,4.9763,0.0094,0.5006,2.1000,7.3282,0
17.683,4.9847,0.0093,0.5006,2.1000,7.3202,0
17.700,4.9930,0.0093,0.5006,2.1000,7.3122,0
17.717,5.0014,0.0092,0.5004,2.1000,7.3043,0
17.733,5.0097,0.0092,0.5004,2.1000,7.2963,0
17.750,5.0180,0.0091,0.5003,2.1000,7.2883,0
17.767,5.0264,0.0091,0.5003,2.1000,7.2803,0
17.783,5.0347,0.0091,0.5002,2.1000,7.2724,0
17.800,5.0431,0.0090,0.5001,2.1000,7.2644,0
17.817,5.0514,0.0090,0.5000,2.1000,7.2564,0
17.833,5.0597,0.0089,0.5000,2.1000,7.2485,0
17.850,5.0680,0.0089,0.4999,2.1000,7.2405,0
17.867,5.0764,0.0088,0.4999,2.1000,7.2325,0
17.883,5.0847,0.0088,0.4998,2.1000,7.2246,0
17.900,5.0930,0.0088,0.4998,2.1000,7.2166,0
17.917,5.1014,0.0087,0.4997,2.1000,7.2086,0
17.933,5.1097,0.0087,0.4997,2.1000,7.2007,0
17.950,5.1180,0.0086,0.4996,2.1000,7.1927,0
17.967,5.1263,0.0086,0.4996,2.1000,7.1848,0
17.983,5.1347,0.0085,0.4996,2.1000,7.1768,0
18.000,5.1430,0.0085,0.4997,2.1000,7.1689,0
18.017,5.1513,0.0085,0.4996,2.1000,7.1609,0
18.033,5.1597,0.0084,0.4997,2.1000,7.1530,0
18.050,5.1680,0.0084,0.4997,2.1000,7.1450,0
18.067,5.1763,0.0083,0.4998,2.1000,7.1371,0
18.083,5.1846,0.0083,0.4999,2.1000,7.1291,0
18.100,5.1930,0.0082,0.5000,2.1000,7.1212,0
18.117,5.2013,0.0082,0.5000,2.1000,7.1132,0
18.133,5.2096,0.0081,0.5001,2.1000,7.1053,0
18.150,5.2180,0.0081,0.5001,2.1000,7.0973,0
18.167,5.2263,0.0080,0.5003,2.1000,7.0894,0
18.183,5.2347,0.0080,0.5003,2.1000,7.0814,0
18.200,5.2430,0.0079,0.5004,2.1000,7.0735,0
18.217,5.2513,0.0079,0.5004,2.1000,7.0655,0
18.233,5.2597,0.0078,0.5005,2.1000,7.0576,0
18.250,5.2680,0.0078,0.5006,2.1000,7.0496,0
18.267,5.2764,0.0077,0.5007,2.1000,7.0417,0
18.283,5.2847,0.0077,0.5007,2.1000,7.0337,0
18.300,5.2931,0.0076,0.5007,2.1000,7.0258,0
18.317,5.3014,0.0076,0.5008,2.1000,7.0178,0
18.333,5.3097,0.0075,0.5008,2.1000,7.0099,0
18.350,5.3181,0.0074,0.5008,2.1000,7.0019,0
18.367,5.3264,0.0074,0.5009,2.1000,6.9940,0
18.383,5.3348,0.0073,0.5009,2.1000,6.9860,0
18.400,5.3431,0.0073,0.5008,2.1000,6.9781,0
18.417,5.3515,0.0072,0.5009,2.1000,6.9701,0
18.433,5.3598,0.0072,0.5009,2.1000,6.9622,0
18.450,5.3682,0.0071,0.5007,2.1000,6.9542,0
18.467,5.3765,0.0070,0.5008,2.1000,6.9463,0
18.483,5.3849,0.0070,0.5006,2.1000,6.9383,0
18.500,5.3932,0.0069,0.5007,2.1000,6.9304,0
18.517,5.4016,0.0069,0.5005,2.1000,6.9225,0
18.533,5.4099,0.0068,0.5005,2.1000,6.9145,0
18.550,5.4182,0.0068,0.5004,2.1000,6.9066,0
18.567,5.4266,0.0067,0.5003,2.1000,6.8987,0
18.583,5.4349,0.0067,0.5003,2.1000,6.8907,0
18.600,5.4433,0.0066,0.5002,2.1000,6.8828,0
18.617,5.4516,0.0066,0.4995,2.1000,6.8749,0
18.633,5.4599,0.0065,0.4995,2.1000,6.8670,0
18.650,5.4682,0.0065,0.4998,2.1000,6.8591,0
18.667,5.4766,0.0064,0.4999,2.1000,6.8512,0
18.683,5.4849,0.0064,0.4999,2.1000,6.8432,0
18.700,5.4932,0.0063,0.4998,2.1000,6.8353,0
18.717,5.5016,0.0063,0.4998,2.1000,6.8274,0
18.733,5.5099,0.0062,0.4998,2.1000,6.8195,0
18.750,5.5182,0.0062,0.4997,2.1000,6.8116,0
18.767,5.5265,0.0061,0.4997,2.1000,6.8037,0
18.783,5.5349,0.0061,0.4997,2.1000,6.7958,0
18.800,5.5432,0.0060,0.4995,2.1000,6.7879,0
18.817,5.5515,0.0060,0.4995,2.1000,6.7800,0
18.833,5.5598,0.0059,0.4997,2.1000,6.7721,0
18.850,5.5682,0.0059,0.4997,2.1000,6.7642,0
18.867,5.5765,0.0058,0.4997,2.1000,6.7562,0
18.883,5.5848,0.0058,0.4998,2.1000,6.7483,0
18.900,5.5932,0.0057,0.4999,2.1000,6.7404,0
18.917,5.6015,0.0057,0.5000,2.1000,6.7325,0
18.933,5.6098,0.0056,0.5000,2.1000,6.7246,0
18.950,5.6182,0.0056,0.5001,2.1000,6.7167,0
18.967,5.6265,0.0055,0.5003,2.1000,6.7088,0
18.983,5.6348,0.0055,0.5002,2.1000,6.7009,0
19.000,5.6432,0.0054,0.5004,2.1000,6.6930,0
19.017,5.6515,0.0054,0.5005,2.1000,6.6851,0
19.033,5.6599,0.0053,0.5004,2.1000,6.6772,0
19.050,5.6682,0.0053,0.5004,2.1000,6.6693,0
19.067,5.6765,0.0052,0.5005,2.1000,6.6614,0
19.083,5.6849,0.0052,0.5006,2.1000,6.6535,0
19.100,5.6932,0.0051,0.5007,2.1000,6.6456,0
19.117,5.7016,0.0050,0.5007,2.1000,6.6377,0
19.133,5.7099,0.0050,0.5007,2.1000,6.6298,0
19.150,5.7183,0.0049,0.5008,2.1000,6.6219,0
19.167,5.7266,0.0049,0.5009,2.1000,6.6140,0
19.183,5.7350,0.0048,0.5009,2.1000,6.6061,0
19.200,5.7433,0.0048,0.5009,2.1000,6.5982,0
19.217,5.7517,0.0047,0.5010,2.1000,6.5903,0
19.233,5.7600,0.0046,0.5008,2.1000,6.5824,0
19.250,5.7684,0.0046,0.5009,2.1000,6.5745,0
19.267,5.7767,0.0045,0.5009,2.1000,6.5666,0
19.283,5.7850,0.0045,0.5007,2.1000,6.5587,0
19.300,5.7934,0.0044,0.5007,2.1000,6.5508,0
19.317,5.8017,0.0044,0.5006,2.1000,6.5430,0
19.333,5.8101,0.0043,0.5006,2.1000,6.5351,0
19.350,5.8184,0.0043,0.5005,2.1000,6.5272,0
19.367,5.8268,0.0042,0.5004,2.1000,6.5193,0
19.383,5.8351,0.0042,0.5003,2.1000,6.5114,0
19.400,5.8434,0.0041,0.5003,2.1000,6.5035,0
19.417,5.8518,0.0040,0.5002,2.1000,6.4957,0
19.433,5.8601,0.0040,0.5001,2.1000,6.4878,0
19.450,5.8684,0.0039,0.5001,2.1000,6.4799,0
19.467,5.8768,0.0039,0.4999,2.1000,6.4721,0
19.483,5.8851,0.0038,0.4999,2.1000,6.4642,0
19.500,5.8934,0.0038,0.4999,2.1000,6.4563,0
19.517,5.9018,0.0037,0.4999,2.1000,6.4485,0
19.533,5.9101,0.0037,0.4997,2.1000,6.4406,0
19.550,5.9184,0.0036,0.4998,2.1000,6.4328,0
19.567,5.9268,0.0036,0.4997,2.1000,6.4249,0
19.583,5.9351,0.0035,0.4997,2.1000,6.4170,0
19.600,5.9434,0.0035,0.4996,2.1000,6.4092,0
19.617,5.9517,0.0034,0.4995,2.1000,6.4013,0
19.633,5.9601,0.0034,0.4995,2.1000,6.3935,0
19.650,5.9684,0.0033,0.4996,2.1000,6.3856,0
19.667,5.9767,0.0033,0.4997,2.1000,6.3778,0
19.683,5.9850,0.0032,0.4997,2.1000,6.3699,0
19.700,5.9934,0.0032,0.4998,2.1000,6.3621,0
19.717,6.0017,0.0031,0.4999,2.0800,6.3477,1
19.733,6.0100,0.0031,0.5000,2.0600,6.3333,1
19.750,6.0184,0.0030,0.5001,2.0400,6.3190,1
19.767,6.0267,0.0030,0.5001,2.0200,6.3047,1
19.783,6.0350,0.0029,0.5002,2.0000,6.2904,1
19.800,6.0434,0.0029,0.5002,1.9800,6.2762,1
19.817,6.0517,0.0028,0.5004,1.9600,6.2620,1
19.833,6.0601,0.0028,0.5005,1.9400,6.2479,1
19.850,6.0684,0.0027,0.5005,1.9200,6.2338,1
19.867,6.0767,0.0027,0.5005,1.9000,6.2197,1
19.883,6.0851,0.0026,0.5006,1.8800,6.2057,1
19.900,6.0934,0.0025,0.5006,1.8600,6.1917,1
19.917,6.1018,0.0025,0.5008,1.8400,6.1778,1
19.933,6.1101,0.0024,0.5008,1.8200,6.1639,1
19.950,6.1185,0.0024,0.5007,1.8000,6.1501,1
19.967,6.1268,0.0023,0.5008,1.7800,6.1363,1
19.983,6.1352,0.0023,0.5009,1.7600,6.1226,1
20.000,6.1435,0.0022,0.5009,1.7400,6.1089,1
20.017,6.1519,0.0021,0.5010,1.7200,6.0952,1
20.033,6.1602,0.0021,0.5004,1.7000,6.0816,1
20.050,6.1685,0.0020,0.5005,1.6800,6.0681,1
20.067,6.1769,0.0020,0.5007,1.6600,6.0546,1
20.083,6.1852,0.0019,0.5008,1.6400,6.0411,1
20.100,6.1936,0.0019,0.5007,1.6200,6.0277,1
20.117,6.2019,0.0018,0.5006,1.6000,6.0143,1
20.133,6.2103,0.0018,0.5006,1.5800,6.0010,1
20.150,6.2186,0.0017,0.5006,1.5600,5.9877,1
20.167,6.2269,0.0017,0.5005,1.5400,5.9745,1
20.183,6.2353,0.0016,0.5005,1.5200,5.9613,1
20.200,6.2436,0.0016,0.5003,1.5000,5.9482,1
20.217,6.2520,0.0015,0.5003,1.4800,5.9351,1
20.233,6.2603,0.0015,0.5002,1.4600,5.9221,1
20.250,6.2686,0.0014,0.5001,1.4400,5.9091,1
20.267,6.2770,0.0014,0.5001,1.4200,5.8962,1
20.283,6.2853,0.0013,0.5001,1.4000,5.8834,1
20.300,6.2936,0.0013,0.4999,1.3800,5.8706,1
20.317,6.3020,0.0012,0.4999,1.3600,5.8578,1
20.333,6.3103,0.0012,0.4999,1.3400,5.8451,1
20.350,6.3186,0.0012,0.4998,1.3200,5.8324,1
20.367,6.3270,0.0011,0.4997,1.3000,5.8198,1
20.383,6.3353,0.0011,0.4997,1.2800,5.8073,1
20.400,6.3436,0.0010,0.4996,1.2600,5.7948,1
20.417,6.3519,0.0010,0.4996,1.2400,5.7824,1
20.433,6.3603,0.0010,0.4997,1.2200,5.7700,1
20.450,6.3686,0.0009,0.4991,1.2000,5.7577,1
20.467,6.3769,0.0009,0.4992,1.1800,5.7454,1
20.483,6.3852,0.0008,0.4996,1.1600,5.7332,1
20.500,6.3936,0.0008,0.4997,1.1400,5.7210,1
20.517,6.4019,0.0007,0.4999,1.1200,5.7089,1
20.533,6.4102,0.0007,0.4999,1.1000,5.6968,1
20.550,6.4186,0.0007,0.5000,1.0800,5.6848,1
20.567,6.4269,0.0006,0.5000,1.0600,5.6729,1
20.583,6.4352,0.0006,0.5001,1.0400,5.6610,1
20.600,6.4436,0.0005,0.5002,1.0200,5.6492,1
20.617,6.4519,0.0005,0.5004,1.0000,5.6374,1
20.633,6.4602,0.0004,0.5004,0.9800,5.6257,1
20.650,6.4686,0.0004,0.5004,0.9600,5.6140,1
20.667,6.4769,0.0004,0.5005,0.9400,5.6024,1
20.683,6.4853,0.0003,0.5005,0.9200,5.5909,1
20.700,6.4936,0.0003,0.5006,0.9000,5.5794,1
20.717,6.5019,0.0002,0.5007,0.8800,5.5680,1
20.733,6.5103,0.0002,0.5005,0.8600,5.5566,1
20.750,6.5186,0.0001,0.5009,0.8400,5.5453,1
20.767,6.5270,0.0001,0.5007,0.8200,5.5341,1
20.783,6.5353,0.0000,0.5008,0.8000,5.5229,1
20.800,6.5437,-0.0000,0.5010,0.7800,5.5118,1
20.817,6.5520,-0.0001,0.5008,0.7600,5.5007,1
20.833,6.5604,-0.0001,0.5009,0.7400,5.4897,1
20.850,6.5687,-0.0001,0.5009,0.7200,5.4788,1
20.867,6.5771,-0.0002,0.5008,0.7000,5.4679,1
20.883,6.5854,-0.0002,0.5008,0.6800,5.4571,1
20.900,6.5938,-0.0003,0.5008,0.6600,5.4464,1
20.917,6.6021,-0.0003,0.5008,0.6400,5.4357,1
20.933,6.6105,-0.0004,0.5005,0.6200,5.4251,1
20.950,6.6188,-0.0004,0.5005,0.6000,5.4146,1
20.967,6.6271,-0.0004,0.5005,0.5800,5.4041,1
20.983,6.6355,-0.0005,0.5005,0.5600,5.3937,1
21.000,6.6438,-0.0005,0.5005,0.5400,5.3834,1
21.017,6.6522,-0.0006,0.5003,0.5200,5.3731,1
21.033,6.6605,-0.0006,0.5003,0.5000,5.3629,1
21.050,6.6688,-0.0006,0.5002,0.4800,5.3528,1
21.067,6.6772,-0.0007,0.4999,0.4600,5.3427,1
21.083,6.6855,-0.0007,0.5000,0.4400,5.3327,1
21.100,6.6938,-0.0008,0.4999,0.4200,5.3228,1
21.117,6.7022,-0.0008,0.5000,0.4000,5.3130,1
21.133,6.7105,-0.0008,0.4999,0.3800,5.3032,1
21.150,6.7188,-0.0008,0.4998,0.3600,5.2935,1
21.167,6.7272,-0.0009,0.4997,0.3400,5.2839,1
21.183,6.7355,-0.0009,0.4998,0.3200,5.2743,1
21.200,6.7438,-0.0009,0.4997,0.3000,5.2648,1
21.217,6.7521,-0.0010,0.4997,0.2800,5.2554,1
21.233,6.7605,-0.0010,0.4996,0.2600,5.2460,1
21.250,6.7688,-0.0010,0.4995,0.2400,5.2368,1
21.267,6.7771,-0.0011,0.4997,0.2200,5.2276,1
21.283,6.7854,-0.0011,0.4996,0.2000,5.2184,1
21.300,6.7938,-0.0011,0.4997,0.1800,5.2094,1
21.317,6.8021,-0.0012,0.4998,0.1600,5.2004,1
21.333,6.8104,-0.0012,0.4997,0.1400,5.1915,1
21.350,6.8188,-0.0012,0.4999,0.1200,5.1827,1
21.367,6.8271,-0.0013,0.5001,0.1000,5.1739,1
21.383,6.8354,-0.0013,0.5001,0.0800,5.1652,1
21.400,6.8438,-0.0013,0.5002,0.0600,5.1566,1
21.417,6.8521,-0.0014,0.5003,0.0400,5.1481,1
21.433,6.8604,-0.0014,0.4999,0.0200,5.1396,1
21.450,6.8688,-0.0015,0.4999,0.0000,5.1312,1
21.467,6.8771,-0.0015,0.5000,0.0000,5.1229,1
21.483,6.8854,-0.0015,0.5005,0.0000,5.1146,1
21.500,6.8938,-0.0016,0.5005,0.0000,5.1062,1
21.517,6.9021,-0.0016,0.5006,0.0000,5.0979,1
21.533,6.9105,-0.0016,0.5007,0.0000,5.0895,1
21.550,6.9188,-0.0017,0.5007,0.0000,5.0812,1
21.567,6.9272,-0.0017,0.5009,0.0000,5.0728,1
21.583,6.9355,-0.0018,0.5008,0.0000,5.0645,1
21.600,6.9439,-0.0018,0.5008,0.0000,5.0561,1
21.617,6.9522,-0.0018,0.5009,0.0000,5.0478,1
21.633,6.9606,-0.0019,0.5009,0.0000,5.0394,1
21.650,6.9689,-0.0019,0.5008,0.0000,5.0311,1
21.667,6.9773,-0.0019,0.5011,0.0000,5.0227,1
21.683,6.9856,-0.0020,0.5008,0.0000,5.0144,1
21.700,6.9940,-0.0020,0.5009,0.0000,5.0061,1
21.717,7.0023,-0.0020,0.5007,0.0000,4.9977,1
21.733,7.0106,-0.0021,0.5007,0.0000,4.9894,1
21.750,7.0190,-0.0021,0.5007,0.0000,4.9810,1
21.767,7.0273,-0.0021,0.5003,0.0000,4.9727,1
21.783,7.0357,-0.0022,0.5004,0.0000,4.9643,1
21.800,7.0440,-0.0022,0.5003,0.0000,4.9560,1
21.817,7.0523,-0.0022,0.5005,0.0000,4.9477,1
21.833,7.0607,-0.0023,0.5003,0.0000,4.9393,1
21.850,7.0690,-0.0023,0.5001,0.0000,4.9310,1
21.867,7.0774,-0.0023,0.5001,0.0000,4.9226,1
21.883,7.0857,-0.0023,0.5001,0.0000,4.9143,1
21.900,7.0940,-0.0024,0.5000,0.0000,4.9060,1
21.917,7.1024,-0.0024,0.4999,0.0000,4.8976,1
21.933,7.1107,-0.0024,0.4998,0.0000,4.8893,1
21.950,7.1190,-0.0025,0.4997,0.0000,4.8810,1
21.967,7.1273,-0.0025,0.4998,0.0000,4.8727,1
21.983,7.1357,-0.0025,0.4997,0.0000,4.8643,1
22.000,7.1440,-0.0025,0.4999,0.0000,4.8560,1
22.017,7.1523,-0.0025,0.4996,0.0000,4.8477,1
22.033,7.1607,-0.0026,0.4996,0.0000,4.8393,1
22.050,7.1690,-0.0026,0.4997,0.0000,4.8310,1
22.067,7.1773,-0.0026,0.4996,0.0000,4.8227,1
22.083,7.1856,-0.0026,0.4996,0.0000,4.8144,1
22.100,7.1940,-0.0027,0.4997,0.0000,4.8060,1
22.117,7.2023,-0.0027,0.4996,0.0000,4.7977,1
22.133,7.2106,-0.0027,0.4999,0.0000,4.7894,1
22.150,7.2190,-0.0027,0.4997,0.0000,4.7810,1
22.167,7.2273,-0.0027,0.4997,0.0000,4.7727,1
22.183,7.2356,-0.0028,0.5001,0.0000,4.7644,1
22.200,7.2439,-0.0028,0.5000,0.0000,4.7561,1
22.217,7.2523,-0.0028,0.4995,0.0000,4.7477,1
22.233,7.2606,-0.0028,0.4997,0.0000,4.7394,1
22.250,7.2689,-0.0029,0.5001,0.0000,4.7311,1
22.267,7.2773,-0.0029,0.5004,0.0000,4.7227,1
22.283,7.2856,-0.0029,0.5004,0.0000,4.7144,1
22.300,7.2940,-0.0029,0.5005,0.0000,4.7060,1
22.317,7.3023,-0.0030,0.5005,0.0000,4.6977,1
22.333,7.3106,-0.0030,0.5006,0.0000,4.6894,1
22.350,7.3190,-0.0030,0.5007,0.0000,4.6810,1
22.367,7.3273,-0.0030,0.5007,0.0000,4.6727,1
22.383,7.3357,-0.0031,0.5008,0.0000,4.6643,1
22.400,7.3440,-0.0031,0.5009,0.0000,4.6560,1
22.417,7.3524,-0.0031,0.5008,0.0000,4.6476,1
22.433,7.3607,-0.0031,0.5010,0.0000,4.6393,1
22.450,7.3691,-0.0032,0.5009,0.0000,4.6309,1
22.467,7.3774,-0.0032,0.5008,0.0000,4.6226,1
22.483,7.3858,-0.0032,0.5010,0.0000,4.6142,1
22.500,7.3941,-0.0032,0.5008,0.0000,4.6059,1
22.517,7.4025,-0.0033,0.5009,0.0000,4.5975,1
22.533,7.4108,-0.0033,0.5007,0.0000,4.5892,1
22.550,7.4192,-0.0033,0.5008,0.0000,4.5808,1
22.567,7.4275,-0.0033,0.5006,0.0000,4.5725,1
22.583,7.4358,-0.0033,0.5006,0.0000,4.5642,1
22.600,7.4442,-0.0034,0.5007,0.0000,4.5558,1
22.617,7.4525,-0.0034,0.5004,0.0000,4.5475,1
22.633,7.4609,-0.0034,0.5004,0.0000,4.5391,1
22.650,7.4692,-0.0034,0.5002,0.0000,4.5308,1
22.667,7.4775,-0.0034,0.5003,0.0000,4.5225,1
22.683,7.4859,-0.0034,0.5002,0.0000,4.5141,1
22.700,7.4942,-0.0035,0.5000,0.0000,4.5058,1
22.717,7.5026,-0.0035,0.5002,0.0000,4.4975,1
22.733,7.5109,-0.0035,0.5000,0.0000,4.4891,1
22.750,7.5192,-0.0035,0.4999,0.0000,4.4808,1
22.767,7.5275,-0.0035,0.4998,0.0000,4.4725,1
22.783,7.5359,-0.0035,0.4998,0.0000,4.4641,1
22.800,7.5442,-0.0035,0.4998,0.0000,4.4558,1
22.817,7.5525,-0.0035,0.4997,0.0000,4.4475,1
22.833,7.5609,-0.0035,0.4999,0.0000,4.4391,1
22.850,7.5692,-0.0036,0.4997,0.0000,4.4308,1
22.867,7.5775,-0.0036,0.4996,0.0000,4.4225,1
22.883,7.5858,-0.0036,0.4996,0.0000,4.4142,1
22.900,7.5942,-0.0036,0.4997,0.0000,4.4058,1
22.917,7.6025,-0.0036,0.4997,0.0000,4.3975,1
22.933,7.6108,-0.0036,0.4997,0.0000,4.3892,1
22.950,7.6192,-0.0036,0.4997,0.0000,4.3808,1
22.967,7.6275,-0.0036,0.4998,0.0000,4.3725,1
22.983,7.6358,-0.0036,0.5000,0.0000,4.3642,1
23.000,7.6442,-0.0036,0.5000,0.0000,4.3558,1
23.017,7.6525,-0.0036,0.5000,0.0000,4.3475,1
23.033,7.6608,-0.0037,0.5003,0.0000,4.3392,1
23.050,7.6692,-0.0037,0.5002,0.0000,4.3308,1
23.067,7.6775,-0.0037,0.5003,0.0000,4.3225,1
23.083,7.6858,-0.0037,0.5000,0.0000,4.3142,1
23.100,7.6942,-0.0037,0.4997,0.0000,4.3058,1
23.117,7.7025,-0.0037,0.4999,0.0000,4.2975,1
23.133,7.7108,-0.0037,0.5002,0.0000,4.2892,1
23.150,7.7192,-0.0037,0.5005,0.0000,4.2808,1
23.167,7.7275,-0.0037,0.5007,0.0000,4.2725,1
23.183,7.7359,-0.0038,0.5008,0.0000,4.2641,1
23.200,7.7442,-0.0038,0.5007,0.0000,4.2558,1
23.217,7.7526,-0.0038,0.5008,0.0000,4.2474,1
23.233,7.7609,-0.0038,0.5007,0.0000,4.2391,1
23.250,7.7693,-0.0038,0.5009,0.0000,4.2307,1
23.267,7.7776,-0.0038,0.5010,0.0000,4.2224,1
23.283,7.7859,-0.0038,0.5008,0.0000,4.2141,1
23.300,7.7943,-0.0038,0.5009,0.0000,4.2057,1
23.317,7.8026,-0.0039,0.5009,0.0000,4.1974,1
23.333,7.8110,-0.0039,0.5008,0.0000,4.1890,1
23.350,7.8193,-0.0039,0.5008,0.0000,4.1807,1
23.367,7.8277,-0.0039,0.5007,0.0000,4.1723,1
23.383,7.8360,-0.0039,0.5007,0.0000,4.1640,1
23.400,7.8444,-0.0039,0.5006,0.0000,4.1556,1
23.417,7.8527,-0.0039,0.5005,0.0000,4.1473,1
23.433,7.8611,-0.0039,0.5005,0.0000,4.1389,1
23.450,7.8694,-0.0039,0.5003,0.0000,4.1306,1
23.467,7.8777,-0.0039,0.5002,0.0000,4.1223,1
23.483,7.8861,-0.0039,0.5001,0.0000,4.1139,1
23.500,7.8944,-0.0039,0.5002,0.0000,4.1056,1
23.517,7.9027,-0.0039,0.5001,0.0000,4.0973,1
23.533,7.9111,-0.0040,0.5001,0.0000,4.0889,1
23.550,7.9194,-0.0040,0.4999,0.0000,4.0806,1
23.567,7.9277,-0.0040,0.4999,0.0000,4.0723,1
23.583,7.9361,-0.0040,0.4998,0.0000,4.0639,1
23.600,7.9444,-0.0040,0.4998,0.0000,4.0556,1
23.617,7.9527,-0.0040,0.4997,0.0000,4.0473,1
23.633,7.9611,-0.0040,0.4998,0.0000,4.0389,1
23.650,7.9694,-0.0040,0.4997,0.0000,4.0306,1
23.667,7.9777,-0.0040,0.4997,0.0000,4.0223,1
23.683,7.9860,-0.0040,0.4997,0.0000,4.0140,1
23.700,7.9944,-0.0039,0.4996,0.0000,4.0056,1
23.717,8.0027,-0.0039,0.4997,0.0000,3.9973,1
23.733,8.0110,-0.0039,0.4998,0.0000,3.9890,1
23.750,8.0194,-0.0039,0.4997,0.0000,3.9806,1
23.767,8.0277,-0.0039,0.4999,0.0000,3.9723,1
23.783,8.0360,-0.0039,0.4999,0.0000,3.9640,1
23.800,8.0443,-0.0039,0.4998,0.0000,3.9557,1
23.817,8.0527,-0.0039,0.5002,0.0000,3.9473,1
23.833,8.0610,-0.0039,0.5000,0.0000,3.9390,1
23.850,8.0694,-0.0039,0.5002,0.0000,3.9306,1
23.867,8.0777,-0.0039,0.5003,0.0000,3.9223,1
23.883,8.0860,-0.0039,0.5002,0.0000,3.9140,1
23.900,8.0944,-0.0039,0.5005,0.0000,3.9056,1
23.917,8.1027,-0.0039,0.5006,0.0000,3.8973,1
23.933,8.1111,-0.0039,0.5005,0.0000,3.8889,1
23.950,8.1194,-0.0039,0.5006,0.0000,3.8806,1
23.967,8.1277,-0.0039,0.5005,0.0000,3.8723,1
23.983,8.1361,-0.0039,0.5004,0.0000,3.8639,1
24.000,8.1444,-0.0039,0.5005,0.0000,3.8556,1
24.017,8.1528,-0.0039,0.5006,0.0000,3.8472,1
24.033,8.1611,-0.0039,0.5010,0.0000,3.8389,1
24.050,8.1695,-0.0039,0.5008,0.0000,3.8305,1
24.067,8.1778,-0.0039,0.5009,0.0000,3.8222,1
24.083,8.1862,-0.0039,0.5009,0.0000,3.8138,1
24.100,8.1945,-0.0039,0.5009,0.0000,3.8055,1
24.117,8.2029,-0.0039,0.5009,0.0000,3.7972,1
24.133,8.2112,-0.0039,0.5008,0.0000,3.7888,1
24.150,8.2195,-0.0039,0.5009,0.0000,3.7805,1
24.167,8.2279,-0.0039,0.5008,0.0000,3.7721,1
24.183,8.2362,-0.0039,0.5007,0.0000,3.7638,1
24.200,8.2446,-0.0039,0.5006,0.0000,3.7554,1
24.217,8.2529,-0.0039,0.5007,0.0000,3.7471,1
24.233,8.2613,-0.0039,0.5005,0.0000,3.7387,1
24.250,8.2696,-0.0039,0.5006,0.0000,3.7304,1
24.267,8.2779,-0.0039,0.5003,0.0000,3.7221,1
24.283,8.2863,-0.0039,0.5002,0.0000,3.7137,1
24.300,8.2946,-0.0039,0.5003,0.0000,3.7054,1
24.317,8.3030,-0.0039,0.5002,0.0000,3.6970,1
24.333,8.3113,-0.0039,0.5002,0.0000,3.6887,1
24.350,8.3196,-0.0038,0.5000,0.0000,3.6804,1
24.367,8.3280,-0.0038,0.5001,0.0000,3.6720,1
24.383,8.3363,-0.0038,0.4998,0.0000,3.6637,1
24.400,8.3446,-0.0038,0.4998,0.0000,3.6554,1
24.417,8.3530,-0.0038,0.4997,0.0000,3.6470,1
24.433,8.3613,-0.0038,0.4996,0.0000,3.6387,1
24.450,8.3696,-0.0038,0.4998,0.0000,3.6304,1
24.467,8.3779,-0.0038,0.4998,0.0000,3.6221,1
24.483,8.3863,-0.0038,0.4996,0.0000,3.6137,1
24.500,8.3946,-0.0037,0.4996,0.0000,3.6054,1
24.517,8.4029,-0.0037,0.4996,0.0000,3.5971,1
24.533,8.4112,-0.0037,0.4995,0.0000,3.5888,1
24.550,8.4196,-0.0037,0.4996,0.0000,3.5804,1
24.567,8.4279,-0.0037,0.4998,0.0000,3.5721,1
24.583,8.4362,-0.0037,0.4997,0.0000,3.5638,1
24.600,8.4446,-0.0036,0.4999,0.0000,3.5554,1
24.617,8.4529,-0.0036,0.4998,0.0000,3.5471,1
24.633,8.4612,-0.0036,0.5001,0.0000,3.5388,1
24.650,8.4696,-0.0036,0.5001,0.0000,3.5304,1
24.667,8.4779,-0.0036,0.5002,0.0000,3.5221,1
24.683,8.4862,-0.0036,0.5002,0.0000,3.5138,1
24.700,8.4946,-0.0036,0.5002,0.0000,3.5054,1
24.717,8.5029,-0.0036,0.5002,0.0000,3.4971,1
24.733,8.5112,-0.0035,0.5003,0.0000,3.4888,1
24.750,8.5196,-0.0035,0.5004,0.0000,3.4804,1
24.767,8.5279,-0.0035,0.5006,0.0000,3.4721,1
24.783,8.5363,-0.0035,0.5006,0.0000,3.4637,1
24.800,8.5446,-0.0035,0.5007,0.0000,3.4554,1
24.817,8.5530,-0.0035,0.5007,0.0000,3.4470,1
24.833,8.5613,-0.0035,0.5007,0.0000,3.4387,1
24.850,8.5697,-0.0035,0.5008,0.0000,3.4303,1
24.867,8.5780,-0.0035,0.5009,0.0000,3.4220,1
24.883,8.5864,-0.0034,0.5008,0.0000,3.4137,1
24.900,8.5947,-0.0034,0.5010,0.0000,3.4053,1
24.917,8.6030,-0.0034,0.5009,0.0000,3.3970,1
24.933,8.6114,-0.0034,0.5009,0.0000,3.3886,1
24.950,8.6197,-0.0034,0.5009,0.0000,3.3803,1
24.967,8.6281,-0.0034,0.5008,0.0000,3.3719,1
24.983,8.6364,-0.0034,0.5009,0.0000,3.3636,1
25.000,8.6448,-0.0034,0.5007,0.0000,3.3552,1
25.017,8.6531,-0.0034,0.5006,0.0000,3.3469,1
25.033,8.6615,-0.0034,0.5006,0.0000,3.3385,1
25.050,8.6698,-0.0033,0.5006,0.0000,3.3302,1
25.067,8.6782,-0.0033,0.5004,0.0000,3.3219,1
25.083,8.6865,-0.0033,0.5005,0.0000,3.3135,1
25.100,8.6948,-0.0033,0.5003,0.0000,3.3052,1
25.117,8.7032,-0.0033,0.5002,0.0000,3.2968,1
25.133,8.7115,-0.0033,0.5003,0.0000,3.2885,1
25.150,8.7198,-0.0033,0.5002,0.0000,3.2802,1
25.167,8.7282,-0.0032,0.5001,0.0000,3.2718,1
25.183,8.7365,-0.0032,0.5001,0.0000,3.2635,1
25.200,8.7448,-0.0032,0.5001,0.0000,3.2552,1
25.217,8.7532,-0.0032,0.4998,0.0000,3.2468,1
25.233,8.7615,-0.0032,0.4998,0.0000,3.2385,1
25.250,8.7698,-0.0031,0.4998,0.0000,3.2302,1
25.267,8.7782,-0.0031,0.4998,0.0000,3.2218,1
25.283,8.7865,-0.0031,0.4995,0.0000,3.2135,1
25.300,8.7948,-0.0031,0.4995,0.0000,3.2052,1
25.317,8.8031,-0.0031,0.4996,0.0000,3.1969,1
25.333,8.8115,-0.0030,0.4997,0.0000,3.1885,1
25.350,8.8198,-0.0030,0.4996,0.0000,3.1802,1
25.367,8.8281,-0.0030,0.4998,0.0000,3.1719,1
25.383,8.8365,-0.0030,0.4997,0.0000,3.1635,1
25.400,8.8448,-0.0029,0.4998,0.0000,3.1552,1
25.417,8.8531,-0.0029,0.4999,0.0000,3.1469,1
25.433,8.8614,-0.0029,0.4999,0.0000,3.1386,1
25.450,8.8698,-0.0029,0.5001,0.0000,3.1302,1
25.467,8.8781,-0.0028,0.4999,0.0000,3.1219,1
25.483,8.8864,-0.0028,0.5002,0.0000,3.1136,1
25.500,8.8948,-0.0028,0.5003,0.0000,3.1052,1
25.517,8.9031,-0.0028,0.5003,0.0000,3.0969,1
25.533,8.9115,-0.0028,0.5003,0.0000,3.0885,1
25.550,8.9198,-0.0028,0.5003,0.0000,3.0802,1
25.567,8.9281,-0.0027,0.5004,0.0000,3.0719,1
25.583,8.9365,-0.0027,0.5006,0.0000,3.0635,1
25.600,8.9448,-0.0027,0.5005,0.0000,3.0552,1
25.617,8.9532,-0.0027,0.5007,0.0000,3.0468,1
25.633,8.9615,-0.0027,0.5007,0.0000,3.0385,1
25.650,8.9699,-0.0027,0.5008,0.0000,3.0301,1
25.667,8.9782,-0.0026,0.5009,0.0000,3.0218,1
25.683,8.9866,-0.0026,0.5008,0.0000,3.0134,1
25.700,8.9949,-0.0026,0.5010,0.0000,3.0051,1
25.717,9.0033,-0.0026,0.5009,0.0000,2.9967,1
25.733,9.0116,-0.0026,0.5008,0.0000,2.9884,1
25.750,9.0199,-0.0026,0.5009,0.0000,2.9801,1
25.767,9.0283,-0.0026,0.5009,0.0000,2.9717,1
25.783,9.0366,-0.0025,0.5008,0.0000,2.9634,1
25.800,9.0450,-0.0025,0.5007,0.0000,2.9550,1
25.817,9.0533,-0.0025,0.5007,0.0000,2.9467,1
25.833,9.0617,-0.0025,0.5006,0.0000,2.9383,1
25.850,9.0700,-0.0025,0.5005,0.0000,2.9300,1
25.867,9.0784,-0.0025,0.5005,0.0000,2.9216,1
25.883,9.0867,-0.0024,0.5005,0.0000,2.9133,1
25.900,9.0950,-0.0024,0.5005,0.0000,2.9050,1
25.917,9.1034,-0.0024,0.5002,0.0000,2.8966,1
25.933,9.1117,-0.0024,0.5003,0.0000,2.8883,1
25.950,9.1201,-0.0024,0.5002,0.0000,2.8799,1
25.967,9.1284,-0.0023,0.5001,0.0000,2.8716,1
25.983,9.1367,-0.0023,0.4999,0.0000,2.8633,1
26.000,9.1451,-0.0023,0.5000,0.0000,2.8549,1
26.017,9.1534,-0.0023,0.4998,0.0000,2.8466,1
26.033,9.1617,-0.0023,0.4999,0.0000,2.8383,1
26.050,9.1700,-0.0022,0.4998,0.0000,2.8300,1
26.067,9.1784,-0.0022,0.4999,0.0000,2.8216,1
26.083,9.1867,-0.0022,0.4998,0.0000,2.8133,1
26.100,9.1950,-0.0022,0.4999,0.0000,2.8050,1
26.117,9.2034,-0.0021,0.4997,0.0000,2.7966,1
26.133,9.2117,-0.0021,0.4998,0.0000,2.7883,1
26.150,9.2200,-0.0021,0.4994,0.0000,2.7800,1
26.167,9.2283,-0.0021,0.4997,0.0000,2.7717,1
26.183,9.2367,-0.0020,0.4997,0.0000,2.7633,1
26.200,9.2450,-0.0020,0.4996,0.0000,2.7550,1
26.217,9.2533,-0.0020,0.4996,0.0000,2.7467,1
26.233,9.2617,-0.0019,0.4998,0.0000,2.7383,1
26.250,9.2700,-0.0019,0.4999,0.0000,2.7300,1
26.267,9.2783,-0.0019,0.4999,0.0000,2.7217,1
26.283,9.2867,-0.0019,0.5001,0.0000,2.7133,1
26.300,9.2950,-0.0018,0.5002,0.0000,2.7050,1
26.317,9.3033,-0.0018,0.5003,0.0000,2.6967,1
26.333,9.3117,-0.0018,0.5003,0.0000,2.6883,1
26.350,9.3200,-0.0018,0.5004,0.0000,2.6800,1
26.367,9.3283,-0.0018,0.5003,0.0000,2.6717,1
26.383,9.3367,-0.0017,0.5006,0.0000,2.6633,1
26.400,9.3450,-0.0017,0.5005,0.0000,2.6550,1
26.417,9.3534,-0.0017,0.5006,0.0000,2.6466,1
26.433,9.3617,-0.0017,0.5007,0.0000,2.6383,1
26.450,9.3701,-0.0016,0.5007,0.0000,2.6299,1
26.467,9.3784,-0.0016,0.5009,0.0000,2.6216,1
26.483,9.3868,-0.0016,0.5008,0.0000,2.6132,1
26.500,9.3951,-0.0016,0.5007,0.0000,2.6049,1
26.517,9.4034,-0.0016,0.5009,0.0000,2.5966,1
26.533,9.4118,-0.0015,0.5010,0.0000,2.5882,1
26.550,9.4201,-0.0015,0.5009,0.0000,2.5799,1
26.567,9.4285,-0.0015,0.5010,0.0000,2.5715,1
26.583,9.4368,-0.0015,0.5009,0.0000,2.5632,1
26.600,9.4452,-0.0015,0.5008,0.0000,2.5548,1
26.617,9.4535,-0.0014,0.5008,0.0000,2.5465,1
26.633,9.4619,-0.0014,0.5007,0.0000,2.5381,1
26.650,9.4702,-0.0014,0.5006,0.0000,2.5298,1
26.667,9.4786,-0.0014,0.5006,0.0000,2.5214,1
26.683,9.4869,-0.0014,0.5006,0.0000,2.5131,1
26.700,9.4953,-0.0013,0.5005,0.0000,2.5047,1
26.717,9.5036,-0.0013,0.5005,0.0000,2.4964,1
26.733,9.5119,-0.0013,0.5002,0.0000,2.4881,1
26.750,9.5203,-0.0013,0.5002,0.0000,2.4797,1
26.767,9.5286,-0.0012,0.5002,0.0000,2.4714,1
26.783,9.5369,-0.0012,0.5001,0.0000,2.4631,1
26.800,9.5453,-0.0012,0.5001,0.0000,2.4547,1
26.817,9.5536,-0.0011,0.4999,0.0000,2.4464,1
26.833,9.5619,-0.0011,0.5000,0.0000,2.4381,1
26.850,9.5703,-0.0011,0.4998,0.0000,2.4297,1
26.867,9.5786,-0.0011,0.4997,0.0000,2.4214,1
26.883,9.5869,-0.0010,0.4997,0.0000,2.4131,1
26.900,9.5952,-0.0010,0.4994,0.0000,2.4048,1
26.917,9.6036,-0.0010,0.4996,0.0000,2.3964,1
26.933,9.6119,-0.0009,0.4997,0.0000,2.3881,1
26.950,9.6202,-0.0009,0.4995,0.0000,2.3798,1
26.967,9.6286,-0.0009,0.4996,0.0000,2.3714,1
26.983,9.6369,-0.0009,0.4996,0.0000,2.3631,1
27.000,9.6452,-0.0008,0.4995,0.0000,2.3548,1
27.017,9.6535,-0.0008,0.4999,0.0000,2.3465,1
27.033,9.6619,-0.0008,0.4999,0.0000,2.3381,1
27.050,9.6702,-0.0007,0.4998,0.0000,2.3298,1
27.067,9.6785,-0.0007,0.5000,0.0000,2.3215,1
27.083,9.6869,-0.0007,0.4999,0.0000,2.3131,1
27.100,9.6952,-0.0007,0.4999,0.0000,2.3048,1
27.117,9.7035,-0.0006,0.5001,0.0000,2.2965,1
27.133,9.7119,-0.0006,0.5002,0.0000,2.2881,1
27.150,9.7202,-0.0006,0.5003,0.0000,2.2798,1
27.167,9.7285,-0.0006,0.5003,0.0000,2.2715,1
27.183,9.7369,-0.0005,0.5005,0.0000,2.2631,1
27.200,9.7452,-0.0005,0.5005,0.0000,2.2548,1
27.217,9.7536,-0.0005,0.5004,0.0000,2.2464,1
27.233,9.7619,-0.0005,0.5006,0.0000,2.2381,1
27.250,9.7702,-0.0005,0.5006,0.0000,2.2298,1
27.267,9.7786,-0.0004,0.5008,0.0000,2.2214,1
27.283,9.7869,-0.0004,0.5008,0.0000,2.2131,1
27.300,9.7953,-0.0004,0.5008,0.0000,2.2047,1
27.317,9.8036,-0.0004,0.5010,0.0000,2.1964,1
27.333,9.8120,-0.0004,0.5009,0.0000,2.1880,1
27.350,9.8203,-0.0003,0.5010,0.0000,2.1797,1
27.367,9.8287,-0.0003,0.5009,0.0000,2.1713,1
27.383,9.8370,-0.0003,0.5009,0.0000,2.1630,1
27.400,9.8454,-0.0003,0.5010,0.0000,2.1546,1
27.417,9.8537,-0.0003,0.5007,0.0000,2.1463,1
27.433,9.8621,-0.0002,0.5008,0.0000,2.1379,1
27.450,9.8704,-0.0002,0.5007,0.0000,2.1296,1
27.467,9.8788,-0.0002,0.5006,0.0000,2.1212,1
27.483,9.8871,-0.0002,0.5007,0.0000,2.1129,1
27.500,9.8954,-0.0001,0.5005,0.0000,2.1046,1
27.517,9.9038,-0.0001,0.5005,0.0000,2.0962,1
27.533,9.9121,-0.0001,0.5004,0.0000,2.0879,1
27.550,9.9205,-0.0001,0.5004,0.0000,2.0795,1
27.567,9.9288,-0.0000,0.5003,0.0000,2.0712,1
27.583,9.9371,-0.0000,0.5001,0.0000,2.0629,1
27.600,9.9455,0.0000,0.5000,0.0000,2.0545,1
27.617,9.9538,0.0001,0.4999,0.0000,2.0462,1
27.633,9.9621,0.0001,0.4999,0.0000,2.0379,1
27.650,9.9705,0.0001,0.4999,0.0000,2.0295,1
27.667,9.9788,0.0001,0.4998,0.0000,2.0212,1
27.683,9.9871,0.0002,0.4998,0.0000,2.0129,1
27.700,9.9955,0.0002,0.4997,0.0000,2.0045,1
27.717,10.0038,0.0002,0.4998,0.0000,1.9962,1
27.733,10.0121,0.0002,0.4998,0.0000,1.9879,1
27.750,10.0204,0.0003,0.4997,0.0000,1.9796,1
27.767,10.0288,0.0003,0.4997,0.0000,1.9712,1
27.783,10.0371,0.0003,0.4997,0.0000,1.9629,1
27.800,10.0454,0.0004,0.4994,0.0000,1.9546,1
27.817,10.0537,0.0004,0.4993,0.0000,1.9463,1
27.833,10.0621,0.0004,0.4993,0.0000,1.9379,1
27.850,10.0704,0.0005,0.4997,0.0000,1.9296,1
27.867,10.0787,0.0005,0.4998,0.0000,1.9213,1
27.883,10.0871,0.0005,0.5000,0.0000,1.9129,1
27.900,10.0954,0.0005,0.4998,0.0000,1.9046,1
27.917,10.1037,0.0006,0.5002,0.0000,1.8963,1
27.933,10.1121,0.0006,0.5001,0.0000,1.8879,1
27.950,10.1204,0.0006,0.5002,0.0000,1.8796,1
27.967,10.1287,0.0006,0.5003,0.0000,1.8713,1
27.983,10.1371,0.0007,0.5002,0.0000,1.8629,1
28.000,10.1454,0.0007,0.5005,0.0000,1.8546,1
28.017,10.1538,0.0007,0.5005,0.0000,1.8462,1
28.033,10.1621,0.0007,0.5006,0.0000,1.8379,1
28.050,10.1704,0.0008,0.5006,0.0000,1.8296,1
28.067,10.1788,0.0008,0.5006,0.0000,1.8212,1
28.083,10.1871,0.0008,0.5007,0.0000,1.8129,1
28.100,10.1955,0.0008,0.5007,0.0000,1.8045,1
28.117,10.2038,0.0008,0.5007,0.0000,1.7962,1
28.133,10.2122,0.0009,0.5009,0.0000,1.7878,1
28.150,10.2205,0.0009,0.5008,0.0000,1.7795,1
28.167,10.2286,0.0009,0.4876,0.0000,1.7714,1
28.183,10.2365,0.0009,0.4734,0.0000,1.7635,1
28.200,10.2444,0.0009,0.4704,0.0000,1.7556,1
28.217,10.2523,0.0010,0.4729,0.0000,1.7477,1
28.233,10.2602,0.0010,0.4758,0.0000,1.7398,1
28.250,10.2682,0.0010,0.4788,0.0000,1.7318,1
28.267,10.2762,0.0010,0.4812,0.0000,1.7238,1
28.283,10.2842,0.0010,0.4832,0.0000,1.7158,1
28.300,10.2923,0.0011,0.4837,0.0000,1.7077,1
28.317,10.3004,0.0011,0.4835,0.0000,1.6996,1
28.333,10.3084,0.0011,0.4799,0.0000,1.6916,1
28.350,10.3162,0.0011,0.4706,0.0000,1.6838,1
28.367,10.3239,0.0012,0.4646,0.0000,1.6761,1
28.383,10.3316,0.0012,0.4609,0.0000,1.6684,1
28.400,10.3392,0.0012,0.4576,0.0000,1.6608,1
28.417,10.3469,0.0012,0.4571,0.0000,1.6531,1
28.433,10.3545,0.0012,0.4587,0.0000,1.6455,1
28.450,10.3622,0.0013,0.4600,0.0000,1.6378,1
28.467,10.3699,0.0013,0.4602,0.0000,1.6302,1
28.483,10.3775,0.0013,0.4604,0.0000,1.6225,1
28.500,10.3852,0.0013,0.4601,0.0000,1.6148,1
28.517,10.3928,0.0014,0.4551,0.0000,1.6072,1
28.533,10.4003,0.0014,0.4500,0.0000,1.5997,1
28.550,10.4077,0.0014,0.4463,0.0000,1.5923,1
28.567,10.4151,0.0014,0.4420,0.0000,1.5849,1
28.583,10.4224,0.0015,0.4384,0.0000,1.5776,1
28.600,10.4297,0.0015,0.4380,0.0000,1.5703,1
28.617,10.4370,0.0015,0.4384,0.0000,1.5630,1
28.633,10.4443,0.0015,0.4367,0.0000,1.5557,1
28.650,10.4515,0.0016,0.4348,0.0000,1.5485,1
28.667,10.4587,0.0016,0.4337,0.0000,1.5413,1
28.683,10.4659,0.0016,0.4321,0.0000,1.5341,1
28.700,10.4732,0.0016,0.4324,0.0000,1.5268,1
28.717,10.4804,0.0016,0.4324,0.0000,1.5196,1
28.733,10.4875,0.0017,0.4279,0.0000,1.5125,1
28.750,10.4945,0.0017,0.4218,0.0000,1.5055,1
28.767,10.5015,0.0017,0.4186,0.0000,1.4985,1
28.783,10.5085,0.0017,0.4182,0.0000,1.4915,1
28.800,10.5154,0.0017,0.4173,0.0000,1.4846,1
28.817,10.5223,0.0018,0.4147,0.0000,1.4777,1
28.833,10.5292,0.0018,0.4132,0.0000,1.4708,1
28.850,10.5361,0.0018,0.4126,0.0000,1.4639,1
28.867,10.5429,0.0018,0.4097,0.0000,1.4571,1
28.883,10.5497,0.0018,0.4092,0.0000,1.4503,1
28.900,10.5565,0.0018,0.4047,0.0000,1.4435,1
28.917,10.5631,0.0019,0.3991,0.0000,1.4369,1
28.933,10.5698,0.0019,0.3967,0.0000,1.4302,1
28.950,10.5763,0.0019,0.3956,0.0000,1.4237,1
28.967,10.5829,0.0019,0.3953,0.0000,1.4171,1
28.983,10.5895,0.0019,0.3937,0.0000,1.4105,1
29.000,10.5960,0.0019,0.3926,0.0000,1.4040,1
29.017,10.6026,0.0020,0.3908,0.0000,1.3974,1
29.033,10.6091,0.0020,0.3897,0.0000,1.3909,1
29.050,10.6155,0.0020,0.3870,0.0000,1.3845,1
29.067,10.6219,0.0020,0.3830,0.0000,1.3781,1
29.083,10.6282,0.0020,0.3807,0.0000,1.3718,1
29.100,10.6345,0.0020,0.3758,0.0000,1.3655,1
29.117,10.6407,0.0020,0.3720,0.0000,1.3593,1
29.133,10.6469,0.0020,0.3707,0.0000,1.3531,1
29.150,10.6530,0.0020,0.3696,0.0000,1.3470,1
29.167,10.6592,0.0021,0.3684,0.0000,1.3408,1
29.183,10.6652,0.0021,0.3644,0.0000,1.3348,1
29.200,10.6713,0.0021,0.3619,0.0000,1.3287,1
29.217,10.6773,0.0021,0.3616,0.0000,1.3227,1
29.233,10.6833,0.0021,0.3585,0.0000,1.3167,1
29.250,10.6892,0.0021,0.3575,0.0000,1.3108,1
29.267,10.6952,0.0021,0.3550,0.0000,1.3048,1
29.283,10.7010,0.0021,0.3506,0.0000,1.2990,1
29.300,10.7068,0.0022,0.3463,0.0000,1.2932,1
29.317,10.7125,0.0022,0.3441,0.0000,1.2875,1
29.333,10.7183,0.0022,0.3445,0.0000,1.2818,1
29.350,10.7240,0.0022,0.3458,0.0000,1.2760,1
29.367,10.7297,0.0022,0.3440,0.0000,1.2703,1
29.383,10.7354,0.0022,0.3406,0.0000,1.2646,1
29.400,10.7410,0.0022,0.3357,0.0000,1.2590,1
29.417,10.7466,0.0022,0.3327,0.0000,1.2534,1
29.433,10.7521,0.0023,0.3311,0.0000,1.2479,1
29.450,10.7576,0.0023,0.3304,0.0000,1.2424,1
29.467,10.7631,0.0023,0.3280,0.0000,1.2369,1
29.483,10.7684,0.0023,0.3229,0.0000,1.2316,1
29.500,10.7737,0.0023,0.3187,0.0000,1.2263,1
29.517,10.7790,0.0023,0.3161,0.0000,1.2210,1
29.533,10.7843,0.0023,0.3146,0.0000,1.2157,1
29.550,10.7895,0.0023,0.3132,0.0000,1.2105,1
29.567,10.7947,0.0024,0.3128,0.0000,1.2053,1
29.583,10.7999,0.0024,0.3101,0.0000,1.2001,1
29.600,10.8050,0.0024,0.3060,0.0000,1.1950,1
29.617,10.8100,0.0024,0.3009,0.0000,1.1900,1
29.633,10.8149,0.0024,0.2977,0.0000,1.1851,1
29.650,10.8199,0.0024,0.2948,0.0000,1.1802,1
29.667,10.8247,0.0024,0.2928,0.0000,1.1753,1
29.683,10.8296,0.0024,0.2902,0.0000,1.1704,1
29.700,10.8344,0.0025,0.2882,0.0000,1.1656,1
29.717,10.8392,0.0025,0.2875,0.0000,1.1608,1
29.733,10.8439,0.0025,0.2847,0.0000,1.1561,1
29.750,10.8486,0.0025,0.2822,0.0000,1.1514,1
29.767,10.8533,0.0025,0.2812,0.0000,1.1467,1
29.783,10.8580,0.0025,0.2809,0.0000,1.1420,1
29.800,10.8626,0.0025,0.2779,0.0000,1.1374,1
29.817,10.8671,0.0025,0.2715,0.0000,1.1329,1
29.833,10.8716,0.0025,0.2675,0.0000,1.1284,1
29.850,10.8760,0.0026,0.2669,0.0000,1.1240,1
29.867,10.8805,0.0026,0.2667,0.0000,1.1195,1
29.883,10.8849,0.0026,0.2630,0.0000,1.1151,1
29.900,10.8892,0.0026,0.2588,0.0000,1.1108,1
29.917,10.8935,0.0026,0.2570,0.0000,1.1065,1
29.933,10.8978,0.0026,0.2578,0.0000,1.1022,1
29.950,10.9020,0.0026,0.2560,0.0000,1.0980,1
29.967,10.9063,0.0026,0.2539,0.0000,1.0937,1
29.983,10.9105,0.0026,0.2530,0.0000,1.0895,1
30.000,10.9146,0.0026,0.2502,0.0000,1.0854,1
30.017,10.9188,0.0027,0.2473,0.0000,1.0812,1
30.033,10.9228,0.0027,0.2448,0.0000,1.0772,1
30.050,10.9269,0.0027,0.2439,0.0000,1.0731,1
30.067,10.9309,0.0027,0.2386,0.0000,1.0691,1
30.083,10.9348,0.0027,0.2342,0.0000,1.0652,1
30.100,10.9387,0.0027,0.2319,0.0000,1.0613,1
30.117,10.9425,0.0027,0.2288,0.0000,1.0575,1
30.133,10.9463,0.0027,0.2279,0.0000,1.0537,1
30.150,10.9501,0.0027,0.2272,0.0000,1.0499,1
30.167,10.9538,0.0027,0.2254,0.0000,1.0462,1
30.183,10.9576,0.0027,0.2245,0.0000,1.0424,1
30.200,10.9613,0.0027,0.2222,0.0000,1.0387,1
30.217,10.9650,0.0028,0.2223,0.0000,1.0350,1
30.233,10.9686,0.0028,0.2192,0.0000,1.0314,1
30.250,10.9722,0.0028,0.2156,0.0000,1.0278,1
30.267,10.9757,0.0028,0.2112,0.0000,1.0243,1
30.283,10.9792,0.0028,0.2059,0.0000,1.0208,1
30.300,10.9826,0.0028,0.2034,0.0000,1.0175,1
30.317,10.9859,0.0028,0.2011,0.0000,1.0141,1
30.333,10.9892,0.0028,0.2000,0.0000,1.0108,1
30.350,10.9926,0.0028,0.1996,0.0000,1.0074,1
30.367,10.9959,0.0028,0.1982,0.0000,1.0041,1
30.383,10.9991,0.0028,0.1960,0.0000,1.0009,1
30.400,11.0023,0.0028,0.1928,0.0000,0.9977,1
30.417,11.0055,0.0028,0.1901,0.0000,0.9945,1
30.433,11.0087,0.0028,0.1883,0.0000,0.9914,1
30.450,11.0117,0.0028,0.1845,0.0000,0.9883,1
30.467,11.0148,0.0028,0.1820,0.0000,0.9852,1
30.483,11.0177,0.0028,0.1791,0.0000,0.9823,1
30.500,11.0207,0.0028,0.1770,0.0000,0.9793,1
30.517,11.0236,0.0028,0.1757,0.0000,0.9764,1
30.533,11.0265,0.0029,0.1750,0.0000,0.9735,1
30.550,11.0294,0.0029,0.1733,0.0000,0.9706,1
30.567,11.0323,0.0029,0.1727,0.0000,0.9677,1
30.583,11.0352,0.0029,0.1725,0.0000,0.9648,1
30.600,11.0380,0.0029,0.1705,0.0000,0.9620,1
30.617,11.0408,0.0029,0.1670,0.0000,0.9592,1
30.633,11.0435,0.0029,0.1640,0.0000,0.9565,1
30.650,11.0462,0.0029,0.1619,0.0000,0.9538,1
30.667,11.0489,0.0029,0.1594,0.0000,0.9511,1
30.683,11.0515,0.0029,0.1581,0.0000,0.9485,1
30.700,11.0541,0.0029,0.1559,0.0000,0.9459,1
30.717,11.0567,0.0029,0.1530,0.0000,0.9433,1
30.733,11.0592,0.0029,0.1493,0.0000,0.9408,1
30.750,11.0616,0.0029,0.1480,0.0000,0.9384,1
30.767,11.0641,0.0029,0.1492,0.0000,0.9359,1
30.783,11.0666,0.0029,0.1493,0.0000,0.9334,1
30.800,11.0691,0.0029,0.1480,0.0000,0.9309,1
30.817,11.0714,0.0029,0.1420,0.0000,0.9286,1
30.833,11.0738,0.0029,0.1384,0.0000,0.9263,1
30.850,11.0761,0.0029,0.1380,0.0000,0.9240,1
30.867,11.0783,0.0029,0.1374,0.0000,0.9217,1
30.883,11.0806,0.0029,0.1366,0.0000,0.9194,1
30.900,11.0829,0.0029,0.1345,0.0000,0.9171,1
30.917,11.0851,0.0029,0.1330,0.0000,0.9149,1
30.933,11.0873,0.0029,0.1306,0.0000,0.9128,1
30.950,11.0894,0.0029,0.1275,0.0000,0.9106,1
30.967,11.0915,0.0029,0.1257,0.0000,0.9085,1
30.983,11.0936,0.0029,0.1247,0.0000,0.9065,1
31.000,11.0956,0.0029,0.1242,0.0000,0.9044,1
31.017,11.0977,0.0029,0.1233,0.0000,0.9023,1
31.033,11.0997,0.0029,0.1227,0.0000,0.9003,1
31.050,11.1018,0.0030,0.1220,0.0000,0.8982,1
31.067,11.1037,0.0030,0.1193,0.0000,0.8963,1
31.083,11.1057,0.0030,0.1154,0.0000,0.8943,1
31.100,11.1076,0.0030,0.1139,0.0000,0.8924,1
31.117,11.1094,0.0030,0.1126,0.0000,0.8906,1
31.133,11.1113,0.0030,0.1118,0.0000,0.8887,1
31.150,11.1131,0.0030,0.1072,0.0000,0.8869,1
31.167,11.1148,0.0030,0.1053,0.0000,0.8852,1
31.183,11.1166,0.0030,0.1066,0.0000,0.8834,1
31.200,11.1184,0.0030,0.1068,0.0000,0.8816,1
31.217,11.1202,0.0030,0.1073,0.0000,0.8798,1
31.233,11.1219,0.0030,0.1039,0.0000,0.8781,1
31.250,11.1236,0.0030,0.1005,0.0000,0.8764,1
31.267,11.1252,0.0030,0.0967,0.0000,0.8748,1
31.283,11.1268,0.0030,0.0937,0.0000,0.8732,1
31.300,11.1283,0.0030,0.0911,0.0000,0.8717,1
31.317,11.1298,0.0030,0.0893,0.0000,0.8702,1
31.333,11.1312,0.0030,0.0866,0.0000,0.8688,1
31.350,11.1327,0.0030,0.0887,0.0000,0.8673,1
31.367,11.1342,0.0030,0.0907,0.0000,0.8658,1
31.383,11.1357,0.0030,0.0895,0.0000,0.8643,1
31.400,11.1371,0.0030,0.0857,0.0000,0.8629,1
31.417,11.1385,0.0030,0.0825,0.0000,0.8615,1
31.433,11.1399,0.0030,0.0823,0.0000,0.8601,1
31.450,11.1412,0.0030,0.0821,0.0000,0.8588,1
31.467,11.1426,0.0030,0.0814,0.0000,0.8574,1
31.483,11.1439,0.0030,0.0798,0.0000,0.8561,1
31.500,11.1452,0.0030,0.0784,0.0000,0.8548,1
31.517,11.1465,0.0030,0.0759,0.0000,0.8535,1
31.533,11.1477,0.0030,0.0743,0.0000,0.8523,1
31.550,11.1490,0.0030,0.0748,0.0000,0.8510,1
31.567,11.1502,0.0030,0.0732,0.0000,0.8498,1
31.583,11.1514,0.0030,0.0710,0.0000,0.8486,1
31.600,11.1526,0.0030,0.0711,0.0000,0.8474,1
31.617,11.1538,0.0030,0.0728,0.0000,0.8462,1
31.633,11.1550,0.0030,0.0739,0.0000,0.8450,1
31.650,11.1562,0.0030,0.0718,0.0000,0.8438,1
31.667,11.1574,0.0030,0.0698,0.0000,0.8426,1
31.683,11.1585,0.0030,0.0680,0.0000,0.8415,1
31.700,11.1596,0.0030,0.0666,0.0000,0.8404,1
31.717,11.1607,0.0030,0.0651,0.0000,0.8393,1
31.733,11.1618,0.0030,0.0664,0.0000,0.8382,1
31.750,11.1630,0.0030,0.0702,0.0000,0.8370,1
31.767,11.1642,0.0030,0.0700,0.0000,0.8359,1
31.783,11.1653,0.0030,0.0699,0.0000,0.8347,1
31.800,11.1665,0.0030,0.0714,0.0000,0.8335,1
31.817,11.1677,0.0030,0.0719,0.0000,0.8323,1
31.833,11.1689,0.0030,0.0710,0.0000,0.8311,1
31.850,11.1700,0.0030,0.0691,0.0000,0.8300,1
31.867,11.1712,0.0030,0.0676,0.0000,0.8288,1
31.883,11.1723,0.0031,0.0660,0.0000,0.8277,1
31.900,11.1733,0.0030,0.0647,0.0000,0.8267,1
31.917,11.1744,0.0031,0.0636,0.0000,0.8256,1
31.933,11.1755,0.0031,0.0642,0.0000,0.8245,1
31.950,11.1766,0.0031,0.0645,0.0000,0.8235,1
31.967,11.1776,0.0031,0.0649,0.0000,0.8224,1
31.983,11.1787,0.0031,0.0652,0.0000,0.8213,1
32.000,11.1798,0.0031,0.0647,0.0000,0.8202,1
32.017,11.1809,0.0031,0.0633,0.0000,0.8192,1
32.033,11.1819,0.0031,0.0616,0.0000,0.8181,1
32.050,11.1829,0.0031,0.0607,0.0000,0.8171,1
32.067,11.1839,0.0031,0.0585,0.0000,0.8161,1
32.083,11.1849,0.0031,0.0608,0.0000,0.8151,1
32.100,11.1859,0.0031,0.0628,0.0000,0.8141,1
32.117,11.1870,0.0031,0.0615,0.0000,0.8131,1
32.133,11.1880,0.0031,0.0601,0.0000,0.8121,1
32.150,11.1889,0.0031,0.0589,0.0000,0.8111,1
32.167,11.1899,0.0031,0.0592,0.0000,0.8101,1
32.183,11.1909,0.0031,0.0597,0.0000,0.8091,1
32.200,11.1919,0.0031,0.0584,0.0000,0.8081,1
32.217,11.1928,0.0031,0.0571,0.0000,0.8072,1
32.233,11.1938,0.0031,0.0563,0.0000,0.8062,1
32.250,11.1947,0.0031,0.0556,0.0000,0.8053,1
32.267,11.1956,0.0031,0.0547,0.0000,0.8044,1
32.283,11.1965,0.0031,0.0540,0.0000,0.8035,1
32.300,11.1974,0.0031,0.0548,0.0000,0.8026,1
32.317,11.1984,0.0031,0.0552,0.0000,0.8017,1
32.333,11.1992,0.0031,0.0530,0.0000,0.8008,1
32.350,11.2001,0.0031,0.0530,0.0000,0.7999,1
32.367,11.2010,0.0031,0.0534,0.0000,0.7990,1
32.383,11.2019,0.0031,0.0538,0.0000,0.7981,1
32.400,11.2028,0.0031,0.0529,0.0000,0.7972,1
32.417,11.2037,0.0031,0.0542,0.0000,0.7963,1
32.433,11.2046,0.0031,0.0538,0.0000,0.7954,1
32.450,11.2055,0.0031,0.0526,0.0000,0.7945,1
32.467,11.2064,0.0031,0.0536,0.0000,0.7936,1
32.483,11.2073,0.0031,0.0535,0.0000,0.7928,1
32.500,11.2081,0.0031,0.0530,0.0000,0.7919,1
32.517,11.2090,0.0031,0.0502,0.0000,0.7910,1
32.533,11.2098,0.0031,0.0467,0.0000,0.7903,1
32.550,11.2105,0.0031,0.0468,0.0000,0.7895,1
32.567,11.2114,0.0031,0.0508,0.0000,0.7886,1
32.583,11.2123,0.0031,0.0570,0.0000,0.7877,1
32.600,11.2133,0.0031,0.0592,0.0000,0.7867,1
32.617,11.2143,0.0031,0.0576,0.0000,0.7857,1
32.633,11.2152,0.0031,0.0577,0.0000,0.7848,1
32.650,11.2162,0.0031,0.0592,0.0000,0.7838,1
32.667,11.2172,0.0031,0.0580,0.0000,0.7828,1
32.683,11.2181,0.0031,0.0550,0.0000,0.7819,1
32.700,11.2190,0.0031,0.0537,0.0000,0.7810,1
32.717,11.2199,0.0031,0.0531,0.0000,0.7801,1
32.733,11.2208,0.0031,0.0528,0.0000,0.7792,1
32.750,11.2217,0.0031,0.0546,0.0000,0.7783,1
32.767,11.2226,0.0031,0.0555,0.0000,0.7774,1
32.783,11.2235,0.0031,0.0545,0.0000,0.7765,1
32.800,11.2244,0.0031,0.0546,0.0000,0.7756,1
32.817,11.2254,0.0031,0.0569,0.0000,0.7746,1
32.833,11.2263,0.0031,0.0585,0.0000,0.7737,1
32.850,11.2273,0.0031,0.0565,0.0000,0.7727,1
32.867,11.2282,0.0031,0.0558,0.0000,0.7718,1
32.883,11.2291,0.0031,0.0554,0.0000,0.7709,1
32.900,11.2301,0.0031,0.0560,0.0000,0.7699,1
32.917,11.2310,0.0031,0.0564,0.0000,0.7690,1
32.933,11.2319,0.0031,0.0559,0.0000,0.7681,1
32.950,11.2331,0.0031,0.0664,0.0000,0.7670,1
32.967,11.2345,0.0031,0.0866,0.0000,0.7655,1
32.983,11.2364,0.0031,0.1115,0.0000,0.7637,1
33.000,11.2385,0.0031,0.1277,0.0000,0.7615,1
33.017,11.2407,0.0031,0.1320,0.0000,0.7593,1
33.033,11.2429,0.0032,0.1340,0.0000,0.7571,1
33.050,11.2452,0.0032,0.1355,0.0000,0.7548,1
33.067,11.2474,0.0032,0.1346,0.0000,0.7526,1
33.083,11.2497,0.0032,0.1352,0.0000,0.7503,1
33.100,11.2519,0.0032,0.1356,0.0000,0.7481,1
33.117,11.2543,0.0032,0.1416,0.0000,0.7457,1
33.133,11.2568,0.0032,0.1534,0.0000,0.7432,1
33.150,11.2597,0.0032,0.1688,0.0000,0.7403,1
33.167,11.2627,0.0032,0.1801,0.0000,0.7373,1
33.183,11.2658,0.0032,0.1884,0.0000,0.7342,1
33.200,11.2690,0.0032,0.1943,0.0000,0.7310,1
33.217,11.2723,0.0032,0.1983,0.0000,0.7277,1
33.233,11.2757,0.0032,0.2003,0.0000,0.7243,1
33.250,11.2790,0.0032,0.2016,0.0000,0.7210,1
33.267,11.2824,0.0032,0.2012,0.0000,0.7176,1
33.283,11.2858,0.0032,0.2030,0.0000,0.7142,1
33.300,11.2893,0.0032,0.2113,0.0000,0.7107,1
33.317,11.2930,0.0032,0.2226,0.0000,0.7070,1
33.333,11.2968,0.0032,0.2297,0.0000,0.7032,1
33.350,11.3008,0.0032,0.2368,0.0000,0.6992,1
33.367,11.3048,0.0032,0.2432,0.0000,0.6952,1
33.383,11.3090,0.0032,0.2468,0.0000,0.6911,1
33.400,11.3132,0.0033,0.2535,0.0000,0.6868,1
33.417,11.3175,0.0033,0.2582,0.0000,0.6825,1
33.433,11.3218,0.0033,0.2571,0.0000,0.6782,1
33.450,11.3261,0.0033,0.2585,0.0000,0.6739,1
33.467,11.3305,0.0033,0.2644,0.0000,0.6695,1
33.483,11.3350,0.0033,0.2715,0.0000,0.6650,1
33.500,11.3396,0.0033,0.2775,0.0000,0.6604,1
33.517,11.3444,0.0033,0.2840,0.0000,0.6556,1
33.533,11.3492,0.0033,0.2890,0.0000,0.6508,1
33.550,11.3540,0.0033,0.2913,0.0000,0.6460,1
33.567,11.3590,0.0033,0.2957,0.0000,0.6410,1
33.583,11.3640,0.0033,0.3006,0.0000,0.6360,1
33.600,11.3690,0.0033,0.3008,0.0000,0.6310,1
33.617,11.3740,0.0033,0.3012,0.0000,0.6260,1
33.633,11.3791,0.0033,0.3051,0.0000,0.6209,1
33.650,11.3843,0.0034,0.3120,0.0000,0.6157,1
33.667,11.3896,0.0034,0.3179,0.0000,0.6104,1
33.683,11.3949,0.0034,0.3200,0.0000,0.6051,1
33.700,11.4003,0.0034,0.3238,0.0000,0.5997,1
33.717,11.4058,0.0034,0.3278,0.0000,0.5942,1
33.733,11.4114,0.0034,0.3341,0.0000,0.5887,1
33.750,11.4170,0.0034,0.3381,0.0000,0.5830,1
33.767,11.4227,0.0034,0.3406,0.0000,0.5773,1
33.783,11.4284,0.0034,0.3421,0.0000,0.5716,1
33.800,11.4341,0.0034,0.3457,0.0000,0.5659,1
33.817,11.4400,0.0034,0.3525,0.0000,0.5600,1
33.833,11.4460,0.0034,0.3571,0.0000,0.5541,1
33.850,11.4519,0.0034,0.3580,0.0000,0.5481,1
33.867,11.4579,0.0034,0.3593,0.0000,0.5421,1
33.883,11.4639,0.0034,0.3621,0.0000,0.5361,1
33.900,11.4701,0.0034,0.3667,0.0000,0.5300,1
33.917,11.4762,0.0034,0.3707,0.0000,0.5238,1
33.933,11.4825,0.0035,0.3730,0.0000,0.5176,1
33.950,11.4887,0.0035,0.3736,0.0000,0.5113,1
33.967,11.4950,0.0035,0.3763,0.0000,0.5051,1
33.983,11.5013,0.0035,0.3819,0.0000,0.4987,1
34.000,11.5077,0.0035,0.3851,0.0000,0.4923,1
34.017,11.5142,0.0035,0.3871,0.0000,0.4858,1
34.033,11.5200,0.0035,0.3481,0.0000,0.4800,1
34.050,11.5200,0.0036,0.0058,0.0000,0.4800,1
34.067,11.5200,0.0036,0.0009,0.0000,0.4800,1
34.083,11.5200,0.0037,0.0029,0.0000,0.4800,1
34.100,11.5200,0.0037,0.0010,0.0000,0.4800,1
34.117,11.5200,0.0037,0.0002,0.0000,0.4800,1
34.133,11.5200,0.0038,0.0065,0.0000,0.4800,1
34.150,11.5200,0.0039,0.0051,0.0000,0.4800,1
34.167,11.5200,0.0039,0.0020,0.0000,0.4800,1
34.183,11.5200,0.0039,0.0024,0.0000,0.4800,1
34.200,11.5200,0.0039,0.0011,0.0000,0.4800,1
34.217,11.5200,0.0040,0.0090,0.0000,0.4800,1
34.233,11.5200,0.0042,0.0067,0.0000,0.4800,1
34.250,11.5200,0.0042,0.0042,0.0000,0.4800,1
34.267,11.5200,0.0042,0.0008,0.0000,0.4800,1
34.283,11.5200,0.0042,0.0004,0.0000,0.4800,1
34.300,11.5200,0.0042,0.0005,0.0000,0.4800,1
34.317,11.5200,0.0043,0.0017,0.0000,0.4800,1
34.333,11.5200,0.0042,0.0020,0.0000,0.4800,1
34.350,11.5200,0.0042,0.0006,0.0000,0.4800,1
34.367,11.5200,0.0043,0.0038,0.0000,0.4800,1
34.383,11.5200,0.0043,0.0011,0.0000,0.4800,1
34.400,11.5200,0.0043,0.0001,0.0000,0.4800,1
34.417,11.5200,0.0043,0.0018,0.0000,0.4800,1
34.433,11.5200,0.0043,0.0017,0.0000,0.4800,1
34.450,11.5200,0.0043,0.0007,0.0000,0.4800,1
34.467,11.5200,0.0043,0.0010,0.0000,0.4800,1
34.483,11.5200,0.0043,0.0004,0.0000,0.4800,1
34.500,11.5200,0.0043,0.0007,0.0000,0.4800,1
34.517,11.5200,0.0043,0.0007,0.0000,0.4800,1
34.533,11.5200,0.0043,0.0015,0.0000,0.4800,1
34.550,11.5200,0.0043,0.0007,0.0000,0.4800,1
34.567,11.5200,0.0043,0.0014,0.0000,0.4800,1
34.583,11.5200,0.0043,0.0023,0.0000,0.4800,1
34.600,11.5200,0.0043,0.0001,0.0000,0.4800,1
34.617,11.5200,0.0043,0.0004,0.0000,0.4800,1
34.633,11.5200,0.0043,0.0030,0.0000,0.4800,1
34.650,11.5200,0.0043,0.0020,0.0000,0.4800,1
34.667,11.5200,0.0043,0.0016,0.0000,0.4800,1
34.683,11.5200,0.0044,0.0024,0.0000,0.4800,1
34.700,11.5200,0.0043,0.0006,0.0000,0.4800,1
34.717,11.5200,0.0043,0.0005,0.0000,0.4800,1
34.733,11.5200,0.0044,0.0019,0.0000,0.4800,1
34.750,11.5200,0.0044,0.0006,0.0000,0.4800,1
34.767,11.5200,0.0043,0.0024,0.0000,0.4800,1
34.783,11.5200,0.0043,0.0004,0.0000,0.4800,1
34.800,11.5200,0.0044,0.0022,0.0000,0.4800,1
34.817,11.5200,0.0044,0.0035,0.0000,0.4800,1
34.833,11.5200,0.0044,0.0018,0.0000,0.4800,1
34.850,11.5200,0.0044,0.0013,0.0000,0.4800,1
34.867,11.5200,0.0044,0.0025,0.0000,0.4800,1
34.883,11.5200,0.0044,0.0007,0.0000,0.4800,1
34.900,11.5200,0.0044,0.0006,0.0000,0.4800,1
34.917,11.5200,0.0044,0.0004,0.0000,0.4800,1
34.933,11.5200,0.0044,0.0001,0.0000,0.4800,1
34.950,11.5200,0.0044,0.0012,0.0000,0.4800,1
34.967,11.5200,0.0044,0.0009,0.0000,0.4800,1
34.983,11.5200,0.0044,0.0012,0.0000,0.4800,1
35.000,11.5200,0.0044,0.0014,0.0000,0.4800,1
35.017,11.5200,0.0044,0.0001,0.0000,0.4800,1
35.033,11.5200,0.0044,0.0006,0.0000,0.4800,1
35.050,11.5200,0.0044,0.0008,0.0000,0.4800,1
35.067,11.5200,0.0045,0.0035,0.0000,0.4800,1
35.083,11.5200,0.0045,0.0004,0.0000,0.4800,1
35.100,11.5200,0.0044,0.0006,0.0000,0.4800,1
35.117,11.5200,0.0045,0.0007,0.0000,0.4800,1
35.133,11.5200,0.0045,0.0014,0.0000,0.4800,1
35.150,11.5200,0.0045,0.0021,0.0000,0.4800,1
35.167,11.5200,0.0044,0.0006,0.0000,0.4800,1
35.183,11.5200,0.0045,0.0016,0.0000,0.4800,1
35.200,11.5200,0.0045,0.0004,0.0000,0.4800,1
35.217,11.5200,0.0045,0.0002,0.0000,0.4800,1
35.233,11.5200,0.0045,0.0006,0.0000,0.4800,1
35.250,11.5200,0.0045,0.0002,0.0000,0.4800,1
35.267,11.5200,0.0045,0.0002,0.0000,0.4800,1
35.283,11.5200,0.0045,0.0005,0.0000,0.4800,1
35.300,11.5200,0.0045,0.0001,0.0000,0.4800,1
35.317,11.5200,0.0045,0.0002,0.0000,0.4800,1
35.333,11.5200,0.0045,0.0005,0.0000,0.4800,1
35.350,11.5200,0.0045,0.0002,0.0000,0.4800,1
35.367,11.5200,0.0045,0.0000,0.0000,0.4800,1
35.383,11.5200,0.0045,0.0003,0.0000,0.4800,1
35.400,11.5200,0.0045,0.0003,0.0000,0.4800,1
35.417,11.5200,0.0045,0.0004,0.0000,0.4800,1
35.433,11.5200,0.0045,0.0004,0.0000,0.4800,1
35.450,11.5200,0.0045,0.0005,0.0000,0.4800,1
35.467,11.5200,0.0045,0.0001,0.0000,0.4800,1
35.483,11.5200,0.0045,0.0014,0.0000,0.4800,1
35.500,11.5200,0.0045,0.0011,0.0000,0.4800,1
35.517,11.5200,0.0045,0.0006,0.0000,0.4800,1
35.533,11.5200,0.0045,0.0009,0.0000,0.4800,1
35.550,11.5200,0.0044,0.0011,0.0000,0.4800,1
35.567,11.5200,0.0045,0.0004,0.0000,0.4800,1
35.583,11.5200,0.0045,0.0001,0.0000,0.4800,1
35.600,11.5200,0.0045,0.0005,0.0000,0.4800,1
35.617,11.5200,0.0045,0.0005,0.0000,0.4800,1
35.633,11.5200,0.0045,0.0006,0.0000,0.4800,1
35.650,11.5200,0.0045,0.0003,0.0000,0.4800,1
35.667,11.5200,0.0045,0.0002,0.0000,0.4800,1
35.683,11.5200,0.0045,0.0005,0.0000,0.4800,1
35.700,11.5200,0.0044,0.0006,0.0000,0.4800,1
35.717,11.5200,0.0044,0.0011,0.0000,0.4800,1
35.733,11.5200,0.0044,0.0007,0.0000,0.4800,1
35.750,11.5200,0.0044,0.0017,0.0000,0.4800,1
35.767,11.5200,0.0044,0.0004,0.0000,0.4800,1
35.783,11.5200,0.0044,0.0006,0.0000,0.4800,1
35.800,11.5200,0.0044,0.0017,0.0000,0.4800,1
35.817,11.5200,0.0044,0.0009,0.0000,0.4800,1
35.833,11.5200,0.0044,0.0009,0.0000,0.4800,1
35.850,11.5200,0.0045,0.0007,0.0000,0.4800,1
35.867,11.5200,0.0044,0.0010,0.0000,0.4800,1
35.883,11.5200,0.0044,0.0015,0.0000,0.4800,1
35.900,11.5200,0.0044,0.0013,0.0000,0.4800,1
35.917,11.5200,0.0045,0.0012,0.0000,0.4800,1
35.933,11.5200,0.0044,0.0009,0.0000,0.4800,1
35.950,11.5200,0.0045,0.0007,0.0000,0.4800,1
35.967,11.5200,0.0045,0.0001,0.0000,0.4800,1
35.983,11.5200,0.0045,0.0000,0.0000,0.4800,1
36.000,11.5200,0.0044,0.0014,0.0000,0.4800,1
36.017,11.5200,0.0044,0.0001,0.0000,0.4800,1
36.033,11.5200,0.0044,0.0004,0.0000,0.4800,1
36.050,11.5200,0.0044,0.0004,0.0000,0.4800,1
36.067,11.5200,0.0044,0.0008,0.0000,0.4800,1
36.083,11.5200,0.0044,0.0006,0.0000,0.4800,1
36.100,11.5200,0.0044,0.0007,0.0000,0.4800,1
36.117,11.5200,0.0044,0.0006,0.0000,0.4800,1
36.133,11.5200,0.0044,0.0007,0.0000,0.4800,1
36.150,11.5200,0.0044,0.0011,0.0000,0.4800,1
36.167,11.5200,0.0044,0.0024,0.0000,0.4800,1
36.183,11.5200,0.0044,0.0013,0.0000,0.4800,1
36.200,11.5200,0.0044,0.0005,0.0000,0.4800,1
36.217,11.5200,0.0044,0.0005,0.0000,0.4800,1
36.233,11.5200,0.0044,0.0001,0.0000,0.4800,1
36.250,11.5200,0.0044,0.0002,0.0000,0.4800,1
36.267,11.5200,0.0044,0.0013,0.0000,0.4800,1
36.283,11.5200,0.0044,0.0004,0.0000,0.4800,1
36.300,11.5200,0.0044,0.0008,0.0000,0.4800,1
36.317,11.5200,0.0044,0.0008,0.0000,0.4800,1
36.333,11.5200,0.0044,0.0001,0.0000,0.4800,1
36.350,11.5200,0.0044,0.0013,0.0000,0.4800,1
36.367,11.5200,0.0044,0.0007,0.0000,0.4800,1
36.383,11.5200,0.0044,0.0014,0.0000,0.4800,1
36.400,11.5200,0.0044,0.0009,0.0000,0.4800,1
36.417,11.5200,0.0044,0.0004,0.0000,0.4800,1
36.433,11.5200,0.0044,0.0005,0.0000,0.4800,1
36.450,11.5200,0.0044,0.0003,0.0000,0.4800,1
36.467,11.5200,0.0044,0.0000,0.0000,0.4800,1
36.483,11.5200,0.0044,0.0008,0.0000,0.4800,1
36.500,11.5200,0.0044,0.0006,0.0000,0.4800,1
36.517,11.5200,0.0044,0.0008,0.0000,0.4800,1
36.533,11.5200,0.0043,0.0007,0.0000,0.4800,1
36.550,11.5200,0.0043,0.0036,0.0000,0.4800,1
36.567,11.5200,0.0043,0.0008,0.0000,0.4800,1
36.583,11.5200,0.0043,0.0006,0.0000,0.4800,1
36.600,11.5200,0.0043,0.0001,0.0000,0.4800,1
36.617,11.5200,0.0043,0.0034,0.0000,0.4800,1
36.633,11.5200,0.0043,0.0002,0.0000,0.4800,1
36.650,11.5200,0.0043,0.0016,0.0000,0.4800,1
36.667,11.5200,0.0043,0.0001,0.0000,0.4800,1
36.683,11.5200,0.0043,0.0013,0.0000,0.4800,1
36.700,11.5200,0.0043,0.0001,0.0000,0.4800,1
36.717,11.5200,0.0043,0.0015,0.0000,0.4800,1
36.733,11.5200,0.0043,0.0001,0.0000,0.4800,1
36.750,11.5200,0.0043,0.0007,0.0000,0.4800,1
36.767,11.5200,0.0043,0.0004,0.0000,0.4800,1
36.783,11.5200,0.0043,0.0015,0.0000,0.4800,1
36.800,11.5200,0.0043,0.0010,0.0000,0.4800,1
36.817,11.5200,0.0043,0.0005,0.0000,0.4800,1
36.833,11.5200,0.0043,0.0003,0.0000,0.4800,1
36.850,11.5200,0.0043,0.0016,0.0000,0.4800,1
36.867,11.5200,0.0043,0.0005,0.0000,0.4800,1
36.883,11.5200,0.0043,0.0005,0.0000,0.4800,1
36.900,11.5200,0.0043,0.0006,0.0000,0.4800,1
36.917,11.5200,0.0043,0.0021,0.0000,0.4800,1
36.933,11.5200,0.0043,0.0005,0.0000,0.4800,1
36.950,11.5200,0.0043,0.0010,0.0000,0.4800,1
36.967,11.5200,0.0043,0.0017,0.0000,0.4800,1
36.983,11.5200,0.0043,0.0011,0.0000,0.4800,1
37.000,11.5200,0.0043,0.0007,0.0000,0.4800,1
37.017,11.5200,0.0043,0.0005,0.0000,0.4800,1
37.033,11.5200,0.0043,0.0014,0.0000,0.4800,1
37.050,11.5200,0.0043,0.0012,0.0000,0.4800,1
37.067,11.5200,0.0043,0.0003,0.0000,0.4800,1
37.083,11.5200,0.0043,0.0017,0.0000,0.4800,1
37.100,11.5200,0.0043,0.0009,0.0000,0.4800,1
37.117,11.5200,0.0043,0.0010,0.0000,0.4800,1
37.133,11.5200,0.0043,0.0006,0.0000,0.4800,1
37.150,11.5200,0.0043,0.0009,0.0000,0.4800,1
37.167,11.5200,0.0043,0.0003,0.0000,0.4800,1
37.183,11.5200,0.0043,0.0001,0.0000,0.4800,1
37.200,11.5200,0.0043,0.0021,0.0000,0.4800,1
37.217,11.5200,0.0043,0.0003,0.0000,0.4800,1
37.233,11.5200,0.0043,0.0012,0.0000,0.4800,1
37.250,11.5200,0.0043,0.0015,0.0000,0.4800,1
37.267,11.5200,0.0044,0.0014,0.0000,0.4800,1
37.283,11.5200,0.0043,0.0023,0.0000,0.4800,1
37.300,11.5200,0.0043,0.0013,0.0000,0.4800,1
37.317,11.5200,0.0044,0.0013,0.0000,0.4800,1
37.333,11.5200,0.0043,0.0010,0.0000,0.4800,1
37.350,11.5200,0.0043,0.0004,0.0000,0.4800,1
37.367,11.5200,0.0043,0.0004,0.0000,0.4800,1
37.383,11.5200,0.0043,0.0002,0.0000,0.4800,1
37.400,11.5200,0.0043,0.0004,0.0000,0.4800,1
37.417,11.5200,0.0043,0.0005,0.0000,0.4800,1
37.433,11.5200,0.0043,0.0008,0.0000,0.4800,1
37.450,11.5200,0.0044,0.0012,0.0000,0.4800,1
37.467,11.5200,0.0043,0.0012,0.0000,0.4800,1
37.483,11.5200,0.0043,0.0001,0.0000,0.4800,1
37.500,11.5200,0.0043,0.0006,0.0000,0.4800,1
37.517,11.5200,0.0043,0.0011,0.0000,0.4800,1
37.533,11.5200,0.0044,0.0013,0.0000,0.4800,1
37.550,11.5200,0.0043,0.0038,0.0000,0.4800,1
37.567,11.5200,0.0043,0.0018,0.0000,0.4800,1
37.583,11.5200,0.0043,0.0006,0.0000,0.4800,1
37.600,11.5200,0.0043,0.0002,0.0000,0.4800,1
37.617,11.5200,0.0043,0.0006,0.0000,0.4800,1
37.633,11.5200,0.0043,0.0003,0.0000,0.4800,1
37.650,11.5200,0.0043,0.0007,0.0000,0.4800,1
37.667,11.5200,0.0043,0.0010,0.0000,0.4800,1
37.683,11.5200,0.0043,0.0015,0.0000,0.4800,1
37.700,11.5200,0.0043,0.0002,0.0000,0.4800,1
37.717,11.5200,0.0043,0.0012,0.0000,0.4800,1
37.733,11.5200,0.0043,0.0002,0.0000,0.4800,1
37.750,11.5200,0.0043,0.0003,0.0000,0.4800,1
37.767,11.5200,0.0043,0.0011,0.0000,0.4800,1
37.783,11.5200,0.0043,0.0002,0.0000,0.4800,1
37.800,11.5200,0.0043,0.0027,0.0000,0.4800,1
37.817,11.5200,0.0043,0.0021,0.0000,0.4800,1
37.833,11.5200,0.0043,0.0008,0.0000,0.4800,1
37.850,11.5200,0.0043,0.0021,0.0000,0.4800,1
37.867,11.5200,0.0043,0.0006,0.0000,0.4800,1
37.883,11.5200,0.0043,0.0010,0.0000,0.4800,1
37.900,11.5200,0.0043,0.0003,0.0000,0.4800,1
37.917,11.5200,0.0043,0.0002,0.0000,0.4800,1
37.933,11.5200,0.0043,0.0010,0.0000,0.4800,1
37.950,11.5200,0.0042,0.0009,0.0000,0.4800,1
37.967,11.5200,0.0043,0.0004,0.0000,0.4800,1
37.983,11.5200,0.0042,0.0010,0.0000,0.4800,1
38.000,11.5200,0.0042,0.0005,0.0000,0.4800,1
38.017,11.5200,0.0043,0.0005,0.0000,0.4800,1
38.033,11.5200,0.0042,0.0008,0.0000,0.4800,1
38.050,11.5200,0.0042,0.0005,0.0000,0.4800,1
38.067,11.5200,0.0042,0.0005,0.0000,0.4800,1
38.083,11.5200,0.0042,0.0011,0.0000,0.4800,1
38.100,11.5200,0.0042,0.0003,0.0000,0.4800,1
38.117,11.5200,0.0042,0.0007,0.0000,0.4800,1
38.133,11.5200,0.0043,0.0011,0.0000,0.4800,1
38.150,11.5200,0.0042,0.0016,0.0000,0.4800,1
38.167,11.5200,0.0042,0.0012,0.0000,0.4800,1
38.183,11.5200,0.0043,0.0006,0.0000,0.4800,1
38.200,11.5200,0.0043,0.0006,0.0000,0.4800,1
38.217,11.5200,0.0043,0.0005,0.0000,0.4800,1
38.233,11.5200,0.0043,0.0012,0.0000,0.4800,1
38.250,11.5200,0.0043,0.0008,0.0000,0.4800,1
38.267,11.5200,0.0043,0.0011,0.0000,0.4800,1
38.283,11.5200,0.0043,0.0013,0.0000,0.4800,1
38.300,11.5200,0.0043,0.0004,0.0000,0.4800,1
38.317,11.5200,0.0042,0.0015,0.0000,0.4800,1
38.333,11.5200,0.0042,0.0018,0.0000,0.4800,1
38.350,11.5200,0.0042,0.0014,0.0000,0.4800,1
38.367,11.5200,0.0042,0.0009,0.0000,0.4800,1
38.383,11.5200,0.0042,0.0010,0.0000,0.4800,1
38.400,11.5200,0.0042,0.0002,0.0000,0.4800,1
38.417,11.5200,0.0042,0.0007,0.0000,0.4800,1
38.433,11.5200,0.0042,0.0006,0.0000,0.4800,1
38.450,11.5200,0.0042,0.0011,0.0000,0.4800,1
38.467,11.5200,0.0042,0.0004,0.0000,0.4800,1
38.483,11.5200,0.0042,0.0020,0.0000,0.4800,1
38.500,11.5200,0.0042,0.0009,0.0000,0.4800,1
38.517,11.5200,0.0042,0.0009,0.0000,0.4800,1
38.533,11.5200,0.0042,0.0008,0.0000,0.4800,1
38.550,11.5200,0.0042,0.0004,0.0000,0.4800,1
38.567,11.5200,0.0042,0.0009,0.0000,0.4800,1
38.583,11.5200,0.0042,0.0001,0.0000,0.4800,1
38.600,11.5200,0.0042,0.0006,0.0000,0.4800,1
38.617,11.5200,0.0042,0.0015,0.0000,0.4800,1
38.633,11.5200,0.0042,0.0011,0.0000,0.4800,1
38.650,11.5200,0.0042,0.0004,0.0000,0.4800,1
38.667,11.5200,0.0042,0.0016,0.0000,0.4800,1
38.683,11.5200,0.0042,0.0018,0.0000,0.4800,1
38.700,11.5200,0.0042,0.0004,0.0000,0.4800,1
38.717,11.5200,0.0042,0.0005,0.0000,0.4800,1
38.733,11.5200,0.0042,0.0003,0.0000,0.4800,1
38.750,11.5200,0.0042,0.0003,0.0000,0.4800,1
38.767,11.5200,0.0042,0.0000,0.0000,0.4800,1
38.783,11.5200,0.0042,0.0001,0.0000,0.4800,1
38.800,11.5200,0.0042,0.0010,0.0000,0.4800,1
38.817,11.5200,0.0042,0.0015,0.0000,0.4800,1
38.833,11.5200,0.0042,0.0009,0.0000,0.4800,1
38.850,11.5200,0.0042,0.0007,0.0000,0.4800,1
38.867,11.5200,0.0042,0.0004,0.0000,0.4800,1
38.883,11.5200,0.0042,0.0001,0.0000,0.4800,1
38.900,11.5200,0.0042,0.0019,0.0000,0.4800,1
38.917,11.5200,0.0041,0.0023,0.0000,0.4800,1
38.933,11.5200,0.0042,0.0015,0.0000,0.4800,1
38.950,11.5200,0.0042,0.0004,0.0000,0.4800,1
38.967,11.5200,0.0042,0.0004,0.0000,0.4800,1
38.983,11.5200,0.0042,0.0007,0.0000,0.4800,1
39.000,11.5200,0.0042,0.0004,0.0000,0.4800,1
39.017,11.5200,0.0042,0.0005,0.0000,0.4800,1
39.033,11.5200,0.0042,0.0010,0.0000,0.4800,1
39.050,11.5200,0.0042,0.0013,0.0000,0.4800,1
39.067,11.5200,0.0042,0.0005,0.0000,0.4800,1
39.083,11.5200,0.0042,0.0004,0.0000,0.4800,1
39.100,11.5200,0.0042,0.0008,0.0000,0.4800,1
39.117,11.5200,0.0042,0.0002,0.0000,0.4800,1
39.133,11.5200,0.0042,0.0014,0.0000,0.4800,1
39.150,11.5200,0.0042,0.0016,0.0000,0.4800,1
39.167,11.5200,0.0042,0.0019,0.0000,0.4800,1
39.183,11.5200,0.0042,0.0007,0.0000,0.4800,1
39.200,11.5200,0.0042,0.0015,0.0000,0.4800,1
39.217,11.5200,0.0042,0.0005,0.0000,0.4800,1
39.233,11.5200,0.0042,0.0007,0.0000,0.4800,1
39.250,11.5200,0.0042,0.0010,0.0000,0.4800,1
39.267,11.5200,0.0042,0.0002,0.0000,0.4800,1
39.283,11.5200,0.0042,0.0001,0.0000,0.4800,1
39.300,11.5200,0.0042,0.0006,0.0000,0.4800,1
39.317,11.5200,0.0042,0.0004,0.0000,0.4800,1
39.333,11.5200,0.0042,0.0019,0.0000,0.4800,1
39.350,11.5200,0.0042,0.0017,0.0000,0.4800,1
39.367,11.5200,0.0042,0.0004,0.0000,0.4800,1
39.383,11.5200,0.0042,0.0005,0.0000,0.4800,1
39.400,11.5200,0.0042,0.0000,0.0000,0.4800,1
39.417,11.5200,0.0042,0.0001,0.0000,0.4800,1
39.433,11.5200,0.0042,0.0004,0.0000,0.4800,1
39.450,11.5200,0.0042,0.0005,0.0000,0.4800,1
39.467,11.5200,0.0042,0.0007,0.0000,0.4800,1
39.483,11.5200,0.0042,0.0016,0.0000,0.4800,1
39.500,11.5200,0.0042,0.0001,0.0000,0.4800,1
39.517,11.5200,0.0042,0.0002,0.0000,0.4800,1
39.533,11.5200,0.0042,0.0009,0.0000,0.4800,1
39.550,11.5200,0.0042,0.0007,0.0000,0.4800,1
39.567,11.5200,0.0042,0.0001,0.0000,0.4800,1
39.583,11.5200,0.0042,0.0003,0.0000,0.4800,1
39.600,11.5200,0.0042,0.0011,0.0000,0.4800,1
39.617,11.5200,0.0042,0.0005,0.0000,0.4800,1
39.633,11.5200,0.0042,0.0009,0.0000,0.4800,1
39.650,11.5200,0.0042,0.0013,0.0000,0.4800,1
39.667,11.5200,0.0042,0.0007,0.0000,0.4800,1
39.683,11.5200,0.0042,0.0006,0.0000,0.4800,1
39.700,11.5200,0.0042,0.0001,0.0000,0.4800,1
39.717,11.5200,0.0042,0.0002,0.0000,0.4800,1
39.733,11.5200,0.0042,0.0007,0.0000,0.4800,1
39.750,11.5200,0.0042,0.0005,0.0000,0.4800,1
39.767,11.5200,0.0042,0.0001,0.0000,0.4800,1
39.783,11.5200,0.0042,0.0011,0.0000,0.4800,1
39.800,11.5200,0.0042,0.0004,0.0000,0.4800,1
39.817,11.5200,0.0042,0.0017,0.0000,0.4800,1
39.833,11.5200,0.0042,0.0016,0.0000,0.4800,1
39.850,11.5200,0.0042,0.0001,0.0000,0.4800,1
39.867,11.5200,0.0042,0.0002,0.0000,0.4800,1
39.883,11.5200,0.0042,0.0006,0.0000,0.4800,1
39.900,11.5200,0.0042,0.0015,0.0000,0.4800,1
39.917,11.5200,0.0042,0.0004,0.0000,0.4800,1
39.933,11.5200,0.0042,0.0018,0.0000,0.4800,1
39.950,11.5200,0.0042,0.0008,0.0000,0.4800,1
39.967,11.5200,0.0042,0.0019,0.0000,0.4800,1
39.983,11.5200,0.0042,0.0010,0.0000,0.4800,1
40.000,11.5200,0.0042,0.0049,0.0000,0.4800,1
40.017,11.5200,0.0042,0.0011,0.0000,0.4800,1
40.033,11.5200,0.0042,0.0003,0.0000,0.4800,1
40.050,11.5200,0.0042,0.0002,0.0000,0.4800,1
40.067,11.5200,0.0042,0.0014,0.0000,0.4800,1
40.083,11.5200,0.0042,0.0001,0.0000,0.4800,1
40.100,11.5200,0.0042,0.0001,0.0000,0.4800,1
40.117,11.5200,0.0042,0.0011,0.0000,0.4800,1
40.133,11.5200,0.0042,0.0006,0.0000,0.4800,1
40.150,11.5200,0.0042,0.0013,0.0000,0.4800,1
40.167,11.5200,0.0043,0.0018,0.0000,0.4800,1
40.183,11.5200,0.0042,0.0025,0.0000,0.4800,1
40.200,11.5200,0.0042,0.0005,0.0000,0.4800,1
40.217,11.5200,0.0043,0.0015,0.0000,0.4800,1
40.233,11.5200,0.0042,0.0012,0.0000,0.4800,1
40.250,11.5200,0.0043,0.0012,0.0000,0.4800,1
40.267,11.5200,0.0043,0.0013,0.0000,0.4800,1
40.283,11.5200,0.0043,0.0013,0.0000,0.4800,1
40.300,11.5200,0.0043,0.0001,0.0000,0.4800,1
40.317,11.5200,0.0043,0.0019,0.0000,0.4800,1
40.333,11.5200,0.0043,0.0000,0.0000,0.4800,1
40.350,11.5200,0.0043,0.0002,0.0000,0.4800,1
40.367,11.5200,0.0042,0.0022,0.0000,0.4800,1
40.383,11.5200,0.0043,0.0027,0.0000,0.4800,1
40.400,11.5200,0.0043,0.0010,0.0000,0.4800,1
40.417,11.5200,0.0042,0.0030,0.0000,0.4800,1
40.433,11.5200,0.0043,0.0034,0.0000,0.4800,1
40.450,11.5200,0.0043,0.0009,0.0000,0.4800,1
40.467,11.5200,0.0042,0.0034,0.0000,0.4800,1
40.483,11.5200,0.0043,0.0023,0.0000,0.4800,1
40.500,11.5200,0.0043,0.0005,0.0000,0.4800,1
40.517,11.5200,0.0043,0.0010,0.0000,0.4800,1
40.533,11.5200,0.0043,0.0005,0.0000,0.4800,1
40.550,11.5200,0.0043,0.0045,0.0000,0.4800,1
40.567,11.5200,0.0044,0.0017,0.0000,0.4800,1
40.583,11.5200,0.0044,0.0001,0.0000,0.4800,1
40.600,11.5200,0.0044,0.0003,0.0000,0.4800,1
40.617,11.5200,0.0044,0.0017,0.0000,0.4800,1
40.633,11.5200,0.0044,0.0014,0.0000,0.4800,1
40.650,11.5200,0.0044,0.0008,0.0000,0.4800,1
40.667,11.5200,0.0044,0.0004,0.0000,0.4800,1
40.683,11.5200,0.0044,0.0015,0.0000,0.4800,1
40.700,11.5200,0.0044,0.0010,0.0000,0.4800,1
40.717,11.5200,0.0044,0.0019,0.0000,0.4800,1
40.733,11.5200,0.0044,0.0012,0.0000,0.4800,1
40.750,11.5200,0.0044,0.0004,0.0000,0.4800,1
40.767,11.5200,0.0044,0.0013,0.0000,0.4800,1
40.783,11.5200,0.0044,0.0014,0.0000,0.4800,1
40.800,11.5200,0.0044,0.0003,0.0000,0.4800,1
40.817,11.5200,0.0044,0.0015,0.0000,0.4800,1
40.833,11.5200,0.0044,0.0021,0.0000,0.4800,1
40.850,11.5200,0.0044,0.0026,0.0000,0.4800,1
40.867,11.5200,0.0044,0.0009,0.0000,0.4800,1
40.883,11.5200,0.0044,0.0035,0.0000,0.4800,1
40.900,11.5200,0.0045,0.0036,0.0000,0.4800,1
40.917,11.5200,0.0045,0.0026,0.0000,0.4800,1
40.933,11.5200,0.0045,0.0018,0.0000,0.4800,1
40.950,11.5200,0.0045,0.0002,0.0000,0.4800,1
40.967,11.5200,0.0045,0.0025,0.0000,0.4800,1
40.983,11.5200,0.0045,0.0013,0.0000,0.4800,1
41.000,11.5200,0.0045,0.0006,0.0000,0.4800,1
41.017,11.5200,0.0045,0.0017,0.0000,0.4800,1
41.033,11.5200,0.0046,0.0003,0.0000,0.4800,1
41.050,11.5200,0.0045,0.0019,0.0000,0.4800,1
41.067,11.5200,0.0045,0.0010,0.0000,0.4800,1
41.083,11.5200,0.0045,0.0009,0.0000,0.4800,1
41.100,11.5200,0.0045,0.0001,0.0000,0.4800,1
41.117,11.5200,0.0045,0.0017,0.0000,0.4800,1
41.133,11.5200,0.0045,0.0016,0.0000,0.4800,1
41.150,11.5200,0.0045,0.0007,0.0000,0.4800,1
41.167,11.5200,0.0046,0.0046,0.0000,0.4800,1
41.183,11.5200,0.0047,0.0038,0.0000,0.4800,1
41.200,11.5200,0.0047,0.0020,0.0000,0.4800,1
41.217,11.5200,0.0047,0.0017,0.0000,0.4800,1
41.233,11.5200,0.0047,0.0018,0.0000,0.4800,1
41.250,11.5200,0.0047,0.0010,0.0000,0.4800,1
41.267,11.5200,0.0047,0.0018,0.0000,0.4800,1
41.283,11.5200,0.0047,0.0024,0.0000,0.4800,1
41.300,11.5200,0.0047,0.0012,0.0000,0.4800,1
41.317,11.5200,0.0047,0.0002,0.0000,0.4800,1
41.333,11.5200,0.0047,0.0005,0.0000,0.4800,1
41.350,11.5200,0.0047,0.0012,0.0000,0.4800,1
41.367,11.5200,0.0047,0.0023,0.0000,0.4800,1
41.383,11.5200,0.0047,0.0004,0.0000,0.4800,1
41.400,11.5200,0.0048,0.0049,0.0000,0.4800,1
41.417,11.5200,0.0047,0.0014,0.0000,0.4800,1
41.433,11.5200,0.0048,0.0004,0.0000,0.4800,1
41.450,11.5200,0.0048,0.0011,0.0000,0.4800,1
41.467,11.5200,0.0048,0.0010,0.0000,0.4800,1
41.483,11.5200,0.0048,0.0014,0.0000,0.4800,1
41.500,11.5200,0.0048,0.0003,0.0000,0.4800,1
41.517,11.5200,0.0048,0.0002,0.0000,0.4800,1
41.533,11.5200,0.0048,0.0033,0.0000,0.4800,1
41.550,11.5200,0.0048,0.0015,0.0000,0.4800,1
41.567,11.5200,0.0048,0.0020,0.0000,0.4800,1
41.583,11.5200,0.0048,0.0005,0.0000,0.4800,1
41.600,11.5200,0.0048,0.0006,0.0000,0.4800,1
41.617,11.5200,0.0048,0.0021,0.0000,0.4800,1
41.633,11.5200,0.0048,0.0002,0.0000,0.4800,1
41.650,11.5200,0.0049,0.0014,0.0000,0.4800,1
41.667,11.5200,0.0048,0.0030,0.0000,0.4800,1
41.683,11.5200,0.0048,0.0005,0.0000,0.4800,1
41.700,11.5200,0.0049,0.0032,0.0000,0.4800,1
41.717,11.5200,0.0048,0.0023,0.0000,0.4800,1
41.733,11.5200,0.0049,0.0018,0.0000,0.4800,1
41.750,11.5200,0.0048,0.0031,0.0000,0.4800,1
41.767,11.5200,0.0048,0.0003,0.0000,0.4800,1
41.783,11.5200,0.0048,0.0013,0.0000,0.4800,1
41.800,11.5200,0.0048,0.0025,0.0000,0.4800,1
41.817,11.5200,0.0048,0.0001,0.0000,0.4800,1
41.833,11.5200,0.0048,0.0024,0.0000,0.4800,1
41.850,11.5200,0.0048,0.0009,0.0000,0.4800,1
41.867,11.5200,0.0048,0.0008,0.0000,0.4800,1
41.883,11.5200,0.0048,0.0005,0.0000,0.4800,1
41.900,11.5200,0.0049,0.0029,0.0000,0.4800,1
41.917,11.5200,0.0048,0.0013,0.0000,0.4800,1
41.933,11.5200,0.0049,0.0016,0.0000,0.4800,1
41.950,11.5200,0.0048,0.0012,0.0000,0.4800,1
41.967,11.5200,0.0049,0.0021,0.0000,0.4800,1
41.983,11.5200,0.0049,0.0002,0.0000,0.4800,1
42.000,11.5200,0.0049,0.0006,0.0000,0.4800,1
42.017,11.5200,0.0049,0.0007,0.0000,0.4800,1
42.033,11.5200,0.0049,0.0037,0.0000,0.4800,1
42.050,11.5200,0.0049,0.0005,0.0000,0.4800,1
42.067,11.5200,0.0049,0.0003,0.0000,0.4800,1
42.083,11.5200,0.0049,0.0017,0.0000,0.4800,1
42.100,11.5200,0.0049,0.0006,0.0000,0.4800,1
42.117,11.5200,0.0050,0.0033,0.0000,0.4800,1
42.133,11.5200,0.0050,0.0007,0.0000,0.4800,1
42.150,11.5200,0.0050,0.0016,0.0000,0.4800,1
42.167,11.5200,0.0050,0.0003,0.0000,0.4800,1
42.183,11.5200,0.0050,0.0004,0.0000,0.4800,1
42.200,11.5200,0.0049,0.0018,0.0000,0.4800,1
42.217,11.5200,0.0049,0.0005,0.0000,0.4800,1
42.233,11.5200,0.0050,0.0006,0.0000,0.4800,1
42.250,11.5200,0.0050,0.0006,0.0000,0.4800,1
42.267,11.5200,0.0049,0.0023,0.0000,0.4800,1
42.283,11.5200,0.0049,0.0002,0.0000,0.4800,1
42.300,11.5200,0.0049,0.0017,0.0000,0.4800,1
42.317,11.5200,0.0049,0.0006,0.0000,0.4800,1
42.333,11.5200,0.0049,0.0002,0.0000,0.4800,1
42.350,11.5200,0.0050,0.0007,0.0000,0.4800,1
42.367,11.5200,0.0050,0.0013,0.0000,0.4800,1
42.383,11.5200,0.0050,0.0011,0.0000,0.4800,1
42.400,11.5200,0.0049,0.0013,0.0000,0.4800,1
42.417,11.5200,0.0049,0.0014,0.0000,0.4800,1
42.433,11.5200,0.0049,0.0006,0.0000,0.4800,1
42.450,11.5200,0.0049,0.0023,0.0000,0.4800,1
42.467,11.5200,0.0049,0.0010,0.0000,0.4800,1
42.483,11.5200,0.0049,0.0007,0.0000,0.4800,1
42.500,11.5200,0.0049,0.0002,0.0000,0.4800,1
42.517,11.5200,0.0049,0.0009,0.0000,0.4800,1
42.533,11.5200,0.0049,0.0022,0.0000,0.4800,1
42.550,11.5200,0.0049,0.0007,0.0000,0.4800,1
42.567,11.5200,0.0049,0.0013,0.0000,0.4800,1
42.583,11.5200,0.0049,0.0012,0.0000,0.4800,1
42.600,11.5200,0.0049,0.0004,0.0000,0.4800,1
42.617,11.5200,0.0049,0.0006,0.0000,0.4800,1
42.633,11.5200,0.0049,0.0012,0.0000,0.4800,1
42.650,11.5200,0.0049,0.0002,0.0000,0.4800,1
42.667,11.5200,0.0049,0.0020,0.0000,0.4800,1
42.683,11.5200,0.0050,0.0006,0.0000,0.4800,1
42.700,11.5200,0.0049,0.0002,0.0000,0.4800,1
42.717,11.5200,0.0049,0.0013,0.0000,0.4800,1
42.733,11.5200,0.0049,0.0008,0.0000,0.4800,1
42.750,11.5200,0.0050,0.0043,0.0000,0.4800,1
42.767,11.5200,0.0050,0.0016,0.0000,0.4800,1
42.783,11.5200,0.0050,0.0005,0.0000,0.4800,1
42.800,11.5200,0.0050,0.0009,0.0000,0.4800,1
42.817,11.5200,0.0050,0.0010,0.0000,0.4800,1
42.833,11.5200,0.0050,0.0009,0.0000,0.4800,1
42.850,11.5200,0.0050,0.0005,0.0000,0.4800,1
42.867,11.5200,0.0050,0.0007,0.0000,0.4800,1
42.883,11.5200,0.0051,0.0011,0.0000,0.4800,1
42.900,11.5200,0.0050,0.0023,0.0000,0.4800,1
42.917,11.5200,0.0050,0.0005,0.0000,0.4800,1
42.933,11.5200,0.0051,0.0034,0.0000,0.4800,1
42.950,11.5200,0.0051,0.0007,0.0000,0.4800,1
42.967,11.5200,0.0050,0.0023,0.0000,0.4800,1
42.983,11.5200,0.0050,0.0016,0.0000,0.4800,1
43.000,11.5200,0.0050,0.0005,0.0000,0.4800,1
43.017,11.5200,0.0050,0.0011,0.0000,0.4800,1
43.033,11.5200,0.0050,0.0006,0.0000,0.4800,1
43.050,11.5200,0.0050,0.0018,0.0000,0.4800,1
43.067,11.5200,0.0050,0.0013,0.0000,0.4800,1
43.083,11.5200,0.0050,0.0006,0.0000,0.4800,1
43.100,11.5200,0.0050,0.0002,0.0000,0.4800,1
43.117,11.5200,0.0050,0.0013,0.0000,0.4800,1
43.133,11.5200,0.0050,0.0003,0.0000,0.4800,1
43.150,11.5200,0.0050,0.0005,0.0000,0.4800,1
43.167,11.5200,0.0050,0.0001,0.0000,0.4800,1
43.183,11.5200,0.0050,0.0006,0.0000,0.4800,1
43.200,11.5200,0.0050,0.0000,0.0000,0.4800,1
43.217,11.5200,0.0050,0.0006,0.0000,0.4800,1
43.233,11.5200,0.0050,0.0005,0.0000,0.4800,1
43.250,11.5200,0.0050,0.0004,0.0000,0.4800,1
43.267,11.5200,0.0050,0.0002,0.0000,0.4800,1
43.283,11.5200,0.0050,0.0002,0.0000,0.4800,1
43.300,11.5200,0.0050,0.0006,0.0000,0.4800,1
43.317,11.5200,0.0050,0.0004,0.0000,0.4800,1
43.333,11.5200,0.0050,0.0002,0.0000,0.4800,1
43.350,11.5200,0.0050,0.0005,0.0000,0.4800,1
43.367,11.5200,0.0050,0.0018,0.0000,0.4800,1
43.383,11.5200,0.0050,0.0007,0.0000,0.4800,1
43.400,11.5200,0.0050,0.0005,0.0000,0.4800,1
43.417,11.5200,0.0050,0.0004,0.0000,0.4800,1
43.433,11.5200,0.0050,0.0010,0.0000,0.4800,1
43.450,11.5200,0.0050,0.0008,0.0000,0.4800,1
43.467,11.5200,0.0050,0.0003,0.0000,0.4800,1
43.483,11.5200,0.0050,0.0003,0.0000,0.4800,1
43.500,11.5200,0.0050,0.0004,0.0000,0.4800,1
43.517,11.5200,0.0050,0.0006,0.0000,0.4800,1
43.533,11.5200,0.0050,0.0008,0.0000,0.4800,1
43.550,11.5200,0.0050,0.0001,0.0000,0.4800,1
43.567,11.5200,0.0050,0.0007,0.0000,0.4800,1
43.583,11.5200,0.0050,0.0011,0.0000,0.4800,1
43.600,11.5200,0.0050,0.0004,0.0000,0.4800,1
43.617,11.5200,0.0050,0.0007,0.0000,0.4800,1
43.633,11.5200,0.0050,0.0006,0.0000,0.4800,1
43.650,11.5200,0.0050,0.0010,0.0000,0.4800,1
43.667,11.5200,0.0050,0.0007,0.0000,0.4800,1
43.683,11.5200,0.0050,0.0006,0.0000,0.4800,1
43.700,11.5200,0.0050,0.0002,0.0000,0.4800,1
43.717,11.5200,0.0050,0.0006,0.0000,0.4800,1
43.733,11.5200,0.0050,0.0011,0.0000,0.4800,1
43.750,11.5200,0.0050,0.0006,0.0000,0.4800,1
43.767,11.5200,0.0050,0.0014,0.0000,0.4800,1
43.783,11.5200,0.0050,0.0009,0.0000,0.4800,1
43.800,11.5200,0.0050,0.0004,0.0000,0.4800,1
43.817,11.5200,0.0050,0.0012,0.0000,0.4800,1
43.833,11.5200,0.0050,0.0007,0.0000,0.4800,1
43.850,11.5200,0.0050,0.0004,0.0000,0.4800,1
43.867,11.5200,0.0050,0.0003,0.0000,0.4800,1
43.883,11.5200,0.0050,0.0014,0.0000,0.4800,1
43.900,11.5200,0.0050,0.0010,0.0000,0.4800,1
43.917,11.5200,0.0050,0.0007,0.0000,0.4800,1
43.933,11.5200,0.0050,0.0017,0.0000,0.4800,1
43.950,11.5200,0.0050,0.0003,0.0000,0.4800,1
43.967,11.5200,0.0050,0.0012,0.0000,0.4800,1
43.983,11.5200,0.0050,0.0005,0.0000,0.4800,1
44.000,11.5200,0.0050,0.0003,0.0000,0.4800,1
44.017,11.5200,0.0050,0.0013,0.0000,0.4800,1
44.033,11.5200,0.0050,0.0008,0.0000,0.4800,1
44.050,11.5200,0.0050,0.0007,0.0000,0.4800,1
44.067,11.5200,0.0050,0.0007,0.0000,0.4800,1
44.083,11.5200,0.0050,0.0011,0.0000,0.4800,1
44.100,11.5200,0.0049,0.0013,0.0000,0.4800,1
44.117,11.5200,0.0050,0.0003,0.0000,0.4800,1
44.133,11.5200,0.0050,0.0001,0.0000,0.4800,1
44.150,11.5200,0.0049,0.0003,0.0000,0.4800,1
44.167,11.5200,0.0050,0.0003,0.0000,0.4800,1
44.183,11.5200,0.0050,0.0006,0.0000,0.4800,1
44.200,11.5200,0.0049,0.0012,0.0000,0.4800,1
44.217,11.5200,0.0050,0.0012,0.0000,0.4800,1
44.233,11.5200,0.0050,0.0005,0.0000,0.4800,1
44.250,11.5200,0.0049,0.0014,0.0000,0.4800,1
44.267,11.5200,0.0049,0.0005,0.0000,0.4800,1
44.283,11.5200,0.0049,0.0004,0.0000,0.4800,1
44.300,11.5200,0.0050,0.0011,0.0000,0.4800,1
44.317,11.5200,0.0050,0.0010,0.0000,0.4800,1
44.333,11.5200,0.0050,0.0014,0.0000,0.4800,1
44.350,11.5200,0.0050,0.0003,0.0000,0.4800,1
44.367,11.5200,0.0050,0.0006,0.0000,0.4800,1
44.383,11.5200,0.0050,0.0005,0.0000,0.4800,1
44.400,11.5200,0.0050,0.0004,0.0000,0.4800,1
44.417,11.5200,0.0049,0.0016,0.0000,0.4800,1
44.433,11.5200,0.0050,0.0011,0.0000,0.4800,1
44.450,11.5200,0.0050,0.0009,0.0000,0.4800,1
44.467,11.5200,0.0050,0.0003,0.0000,0.4800,1
44.483,11.5200,0.0050,0.0011,0.0000,0.4800,1
44.500,11.5200,0.0050,0.0001,0.0000,0.4800,1
44.517,11.5200,0.0050,0.0008,0.0000,0.4800,1
44.533,11.5200,0.0050,0.0010,0.0000,0.4800,1
44.550,11.5200,0.0050,0.0008,0.0000,0.4800,1
44.567,11.5200,0.0049,0.0005,0.0000,0.4800,1
44.583,11.5200,0.0049,0.0020,0.0000,0.4800,1
44.600,11.5200,0.0049,0.0030,0.0000,0.4800,1
44.617,11.5200,0.0048,0.0025,0.0000,0.4800,1
44.633,11.5200,0.0048,0.0002,0.0000,0.4800,1
44.650,11.5200,0.0048,0.0013,0.0000,0.4800,1
44.667,11.5200,0.0048,0.0025,0.0000,0.4800,1
44.683,11.5200,0.0048,0.0051,0.0000,0.4800,1
44.700,11.5200,0.0047,0.0022,0.0000,0.4800,1
44.717,11.5200,0.0047,0.0010,0.0000,0.4800,1
44.733,11.5200,0.0047,0.0001,0.0000,0.4800,1
44.750,11.5200,0.0047,0.0001,0.0000,0.4800,1
44.767,11.5200,0.0047,0.0001,0.0000,0.4800,1
44.783,11.5200,0.0047,0.0009,0.0000,0.4800,1
44.800,11.5200,0.0047,0.0003,0.0000,0.4800,1
44.817,11.5200,0.0047,0.0004,0.0000,0.4800,1
44.833,11.5200,0.0047,0.0014,0.0000,0.4800,1
44.850,11.5200,0.0047,0.0020,0.0000,0.4800,1
44.867,11.5200,0.0047,0.0006,0.0000,0.4800,1
44.883,11.5200,0.0046,0.0015,0.0000,0.4800,1
44.900,11.5200,0.0046,0.0008,0.0000,0.4800,1
44.917,11.5200,0.0046,0.0006,0.0000,0.4800,1
44.933,11.5200,0.0046,0.0017,0.0000,0.4800,1
44.950,11.5200,0.0046,0.0025,0.0000,0.4800,1
44.967,11.5200,0.0046,0.0009,0.0000,0.4800,1
44.983,11.5200,0.0046,0.0011,0.0000,0.4800,1
45.000,11.5200,0.0046,0.0007,0.0000,0.4800,1
45.017,11.5200,0.0046,0.0006,0.0000,0.4800,1
45.033,11.5200,0.0045,0.0019,0.0000,0.4800,1
45.050,11.5200,0.0045,0.0011,0.0000,0.4800,1
45.067,11.5200,0.0045,0.0005,0.0000,0.4800,1
45.083,11.5200,0.0045,0.0007,0.0000,0.4800,1
45.100,11.5200,0.0045,0.0003,0.0000,0.4800,1
45.117,11.5200,0.0044,0.0048,0.0000,0.4800,1
45.133,11.5200,0.0044,0.0014,0.0000,0.4800,1
45.150,11.5200,0.0044,0.0011,0.0000,0.4800,1
45.167,11.5200,0.0044,0.0002,0.0000,0.4800,1
45.183,11.5200,0.0044,0.0009,0.0000,0.4800,1
45.200,11.5200,0.0044,0.0003,0.0000,0.4800,1
45.217,11.5200,0.0044,0.0003,0.0000,0.4800,1
45.233,11.5200,0.0044,0.0003,0.0000,0.4800,1
45.250,11.5200,0.0044,0.0018,0.0000,0.4800,1
45.267,11.5200,0.0044,0.0002,0.0000,0.4800,1
45.283,11.5200,0.0044,0.0007,0.0000,0.4800,1
45.300,11.5200,0.0044,0.0017,0.0000,0.4800,1
45.317,11.5200,0.0044,0.0012,0.0000,0.4800,1
45.333,11.5200,0.0044,0.0002,0.0000,0.4800,1
45.350,11.5200,0.0044,0.0001,0.0000,0.4800,1
45.367,11.5200,0.0044,0.0017,0.0000,0.4800,1
45.383,11.5200,0.0044,0.0003,0.0000,0.4800,1
45.400,11.5200,0.0045,0.0004,0.0000,0.4800,1
45.417,11.5200,0.0044,0.0005,0.0000,0.4800,1
45.433,11.5200,0.0044,0.0004,0.0000,0.4800,1
45.450,11.5200,0.0044,0.0003,0.0000,0.4800,1
45.467,11.5200,0.0044,0.0008,0.0000,0.4800,1
45.483,11.5200,0.0044,0.0009,0.0000,0.4800,1
45.500,11.5200,0.0044,0.0009,0.0000,0.4800,1
45.517,11.5200,0.0044,0.0008,0.0000,0.4800,1
45.533,11.5200,0.0044,0.0004,0.0000,0.4800,1
45.550,11.5200,0.0044,0.0005,0.0000,0.4800,1
45.567,11.5200,0.0044,0.0004,0.0000,0.4800,1
45.583,11.5200,0.0044,0.0006,0.0000,0.4800,1
45.600,11.5200,0.0044,0.0008,0.0000,0.4800,1
45.617,11.5200,0.0044,0.0018,0.0000,0.4800,1
45.633,11.5200,0.0044,0.0003,0.0000,0.4800,1
45.650,11.5200,0.0044,0.0015,0.0000,0.4800,1
45.667,11.5200,0.0044,0.0003,0.0000,0.4800,1
45.683,11.5200,0.0044,0.0009,0.0000,0.4800,1
45.700,11.5200,0.0044,0.0001,0.0000,0.4800,1
45.717,11.5200,0.0044,0.0007,0.0000,0.4800,1
45.733,11.5200,0.0044,0.0006,0.0000,0.4800,1
45.750,11.5200,0.0044,0.0008,0.0000,0.4800,1
45.767,11.5200,0.0044,0.0003,0.0000,0.4800,1
45.783,11.5200,0.0044,0.0008,0.0000,0.4800,1
45.800,11.5200,0.0044,0.0009,0.0000,0.4800,1
45.817,11.5200,0.0044,0.0006,0.0000,0.4800,1
45.833,11.5200,0.0044,0.0002,0.0000,0.4800,1
45.850,11.5200,0.0044,0.0008,0.0000,0.4800,1
45.867,11.5200,0.0043,0.0046,0.0000,0.4800,1
45.883,11.5200,0.0043,0.0014,0.0000,0.4800,1
45.900,11.5200,0.0043,0.0010,0.0000,0.4800,1
45.917,11.5200,0.0043,0.0004,0.0000,0.4800,1
45.933,11.5200,0.0043,0.0032,0.0000,0.4800,1
45.950,11.5200,0.0043,0.0010,0.0000,0.4800,1
45.967,11.5200,0.0044,0.0005,0.0000,0.4800,1
45.983,11.5200,0.0044,0.0004,0.0000,0.4800,1
46.000,11.5200,0.0043,0.0014,0.0000,0.4800,1
46.017,11.5200,0.0044,0.0014,0.0000,0.4800,1
46.033,11.5200,0.0044,0.0012,0.0000,0.4800,1
46.050,11.5200,0.0044,0.0007,0.0000,0.4800,1
46.067,11.5200,0.0044,0.0007,0.0000,0.4800,1
46.083,11.5200,0.0044,0.0010,0.0000,0.4800,1
46.100,11.5200,0.0044,0.0005,0.0000,0.4800,1
46.117,11.5200,0.0044,0.0003,0.0000,0.4800,1
46.133,11.5200,0.0044,0.0006,0.0000,0.4800,1
46.150,11.5200,0.0043,0.0019,0.0000,0.4800,1
46.167,11.5200,0.0044,0.0009,0.0000,0.4800,1
46.183,11.5200,0.0044,0.0013,0.0000,0.4800,1
46.200,11.5200,0.0044,0.0005,0.0000,0.4800,1
46.217,11.5200,0.0044,0.0009,0.0000,0.4800,1
46.233,11.5200,0.0043,0.0008,0.0000,0.4800,1
46.250,11.5200,0.0044,0.0026,0.0000,0.4800,1
46.267,11.5200,0.0044,0.0022,0.0000,0.4800,1
46.283,11.5200,0.0044,0.0001,0.0000,0.4800,1
46.300,11.5200,0.0044,0.0003,0.0000,0.4800,1
46.317,11.5200,0.0044,0.0003,0.0000,0.4800,1
46.333,11.5200,0.0043,0.0011,0.0000,0.4800,1
46.350,11.5200,0.0044,0.0013,0.0000,0.4800,1
46.367,11.5200,0.0043,0.0009,0.0000,0.4800,1
46.383,11.5200,0.0044,0.0008,0.0000,0.4800,1
46.400,11.5200,0.0044,0.0029,0.0000,0.4800,1
46.417,11.5200,0.0043,0.0044,0.0000,0.4800,1
46.433,11.5200,0.0043,0.0011,0.0000,0.4800,1
46.450,11.5200,0.0043,0.0008,0.0000,0.4800,1
46.467,11.5200,0.0043,0.0001,0.0000,0.4800,1
46.483,11.5200,0.0043,0.0004,0.0000,0.4800,1
46.500,11.5200,0.0043,0.0009,0.0000,0.4800,1
46.517,11.5200,0.0043,0.0005,0.0000,0.4800,1
46.533,11.5200,0.0042,0.0050,0.0000,0.4800,1
46.550,11.5200,0.0043,0.0028,0.0000,0.4800,1
46.567,11.5200,0.0043,0.0003,0.0000,0.4800,1
46.583,11.5200,0.0043,0.0008,0.0000,0.4800,1
46.600,11.5200,0.0043,0.0006,0.0000,0.4800,1
46.617,11.5200,0.0043,0.0003,0.0000,0.4800,1
46.633,11.5200,0.0043,0.0012,0.0000,0.4800,1
46.650,11.5200,0.0042,0.0002,0.0000,0.4800,1
46.667,11.5200,0.0043,0.0013,0.0000,0.4800,1
46.683,11.5200,0.0043,0.0012,0.0000,0.4800,1
46.700,11.5200,0.0043,0.0018,0.0000,0.4800,1
46.717,11.5200,0.0043,0.0005,0.0000,0.4800,1
46.733,11.5200,0.0043,0.0019,0.0000,0.4800,1
46.750,11.5200,0.0043,0.0009,0.0000,0.4800,1
46.767,11.5200,0.0043,0.0004,0.0000,0.4800,1
46.783,11.5200,0.0043,0.0018,0.0000,0.4800,1
46.800,11.5200,0.0043,0.0010,0.0000,0.4800,1
46.817,11.5200,0.0043,0.0012,0.0000,0.4800,1
46.833,11.5200,0.0043,0.0010,0.0000,0.4800,1
46.850,11.5200,0.0043,0.0003,0.0000,0.4800,1
46.867,11.5200,0.0043,0.0003,0.0000,0.4800,1
46.883,11.5200,0.0043,0.0001,0.0000,0.4800,1
46.900,11.5200,0.0043,0.0014,0.0000,0.4800,1
46.917,11.5200,0.0043,0.0012,0.0000,0.4800,1
46.933,11.5200,0.0043,0.0008,0.0000,0.4800,1
46.950,11.5200,0.0043,0.0012,0.0000,0.4800,1
46.967,11.5200,0.0043,0.0004,0.0000,0.4800,1
46.983,11.5200,0.0043,0.0002,0.0000,0.4800,1
47.000,11.5200,0.0043,0.0003,0.0000,0.4800,1
47.017,11.5200,0.0043,0.0019,0.0000,0.4800,1
47.033,11.5200,0.0043,0.0005,0.0000,0.4800,1
47.050,11.5200,0.0043,0.0008,0.0000,0.4800,1
47.067,11.5200,0.0043,0.0020,0.0000,0.4800,1
47.083,11.5200,0.0043,0.0014,0.0000,0.4800,1
47.100,11.5200,0.0043,0.0007,0.0000,0.4800,1
47.117,11.5200,0.0043,0.0013,0.0000,0.4800,1
47.133,11.5200,0.0043,0.0001,0.0000,0.4800,1
47.150,11.5200,0.0043,0.0012,0.0000,0.4800,1
47.167,11.5200,0.0043,0.0002,0.0000,0.4800,1
47.183,11.5200,0.0043,0.0008,0.0000,0.4800,1
47.200,11.5200,0.0043,0.0002,0.0000,0.4800,1
47.217,11.5200,0.0043,0.0003,0.0000,0.4800,1
47.233,11.5200,0.0043,0.0004,0.0000,0.4800,1
47.250,11.5200,0.0043,0.0010,0.0000,0.4800,1
47.267,11.5200,0.0043,0.0004,0.0000,0.4800,1
47.283,11.5200,0.0043,0.0009,0.0000,0.4800,1
47.300,11.5200,0.0043,0.0013,0.0000,0.4800,1
47.317,11.5200,0.0043,0.0007,0.0000,0.4800,1
47.333,11.5200,0.0043,0.0011,0.0000,0.4800,1
47.350,11.5200,0.0043,0.0010,0.0000,0.4800,1
47.367,11.5200,0.0043,0.0003,0.0000,0.4800,1
47.383,11.5200,0.0043,0.0006,0.0000,0.4800,1
47.400,11.5200,0.0043,0.0013,0.0000,0.4800,1
47.417,11.5200,0.0043,0.0001,0.0000,0.4800,1
47.433,11.5200,0.0043,0.0011,0.0000,0.4800,1
47.450,11.5200,0.0043,0.0014,0.0000,0.4800,1
47.467,11.5200,0.0043,0.0000,0.0000,0.4800,1
47.483,11.5200,0.0043,0.0010,0.0000,0.4800,1
47.500,11.5200,0.0043,0.0000,0.0000,0.4800,1
47.517,11.5200,0.0043,0.0011,0.0000,0.4800,1
47.533,11.5200,0.0043,0.0014,0.0000,0.4800,1
47.550,11.5200,0.0043,0.0002,0.0000,0.4800,1
47.567,11.5200,0.0043,0.0004,0.0000,0.4800,1
47.583,11.5200,0.0043,0.0002,0.0000,0.4800,1
47.600,11.5200,0.0043,0.0010,0.0000,0.4800,1
47.617,11.5200,0.0043,0.0003,0.0000,0.4800,1
47.633,11.5200,0.0043,0.0006,0.0000,0.4800,1
47.650,11.5200,0.0043,0.0012,0.0000,0.4800,1
47.667,11.5200,0.0043,0.0006,0.0000,0.4800,1
47.683,11.5200,0.0043,0.0008,0.0000,0.4800,1
47.700,11.5200,0.0043,0.0004,0.0000,0.4800,1
47.717,11.5200,0.0043,0.0010,0.0000,0.4800,1
47.733,11.5200,0.0043,0.0004,0.0000,0.4800,1
47.750,11.5200,0.0043,0.0001,0.0000,0.4800,1
47.767,11.5200,0.0043,0.0003,0.0000,0.4800,1
47.783,11.5200,0.0043,0.0010,0.0000,0.4800,1
47.800,11.5200,0.0043,0.0008,0.0000,0.4800,1
47.817,11.5200,0.0043,0.0005,0.0000,0.4800,1
47.833,11.5200,0.0043,0.0001,0.0000,0.4800,1
47.850,11.5200,0.0043,0.0013,0.0000,0.4800,1
47.867,11.5200,0.0043,0.0005,0.0000,0.4800,1
47.883,11.5200,0.0043,0.0019,0.0000,0.4800,1
47.900,11.5200,0.0043,0.0012,0.0000,0.4800,1
47.917,11.5200,0.0043,0.0007,0.0000,0.4800,1
47.933,11.5200,0.0043,0.0007,0.0000,0.4800,1
47.950,11.5200,0.0044,0.0041,0.0000,0.4800,1
47.967,11.5200,0.0044,0.0020,0.0000,0.4800,1
47.983,11.5200,0.0044,0.0008,0.0000,0.4800,1
48.000,11.5200,0.0044,0.0006,0.0000,0.4800,1
48.017,11.5200,0.0044,0.0002,0.0000,0.4800,1
48.033,11.5200,0.0044,0.0020,0.0000,0.4800,1
48.050,11.5200,0.0045,0.0016,0.0000,0.4800,1
48.067,11.5200,0.0044,0.0021,0.0000,0.4800,1
48.083,11.5200,0.0045,0.0020,0.0000,0.4800,1
48.100,11.5200,0.0045,0.0018,0.0000,0.4800,1
48.117,11.5200,0.0045,0.0022,0.0000,0.4800,1
48.133,11.5200,0.0044,0.0003,0.0000,0.4800,1
48.150,11.5200,0.0045,0.0009,0.0000,0.4800,1
48.167,11.5200,0.0045,0.0003,0.0000,0.4800,1
48.183,11.5200,0.0045,0.0010,0.0000,0.4800,1
48.200,11.5200,0.0045,0.0017,0.0000,0.4800,1
48.217,11.5200,0.0044,0.0009,0.0000,0.4800,1
48.233,11.5200,0.0045,0.0032,0.0000,0.4800,1
48.250,11.5200,0.0045,0.0013,0.0000,0.4800,1
48.267,11.5200,0.0045,0.0009,0.0000,0.4800,1
48.283,11.5200,0.0045,0.0006,0.0000,0.4800,1
48.300,11.5200,0.0045,0.0004,0.0000,0.4800,1
48.317,11.5200,0.0045,0.0017,0.0000,0.4800,1
48.333,11.5200,0.0045,0.0015,0.0000,0.4800,1
48.350,11.5200,0.0045,0.0008,0.0000,0.4800,1
48.367,11.5200,0.0045,0.0031,0.0000,0.4800,1
48.383,11.5200,0.0045,0.0012,0.0000,0.4800,1
48.400,11.5200,0.0045,0.0015,0.0000,0.4800,1
48.417,11.5200,0.0045,0.0008,0.0000,0.4800,1
48.433,11.5200,0.0045,0.0003,0.0000,0.4800,1
48.450,11.5200,0.0046,0.0037,0.0000,0.4800,1
48.467,11.5200,0.0045,0.0012,0.0000,0.4800,1
48.483,11.5200,0.0045,0.0006,0.0000,0.4800,1
48.500,11.5200,0.0046,0.0012,0.0000,0.4800,1
48.517,11.5200,0.0046,0.0018,0.0000,0.4800,1
48.533,11.5200,0.0046,0.0008,0.0000,0.4800,1
48.550,11.5200,0.0046,0.0022,0.0000,0.4800,1
48.567,11.5200,0.0046,0.0013,0.0000,0.4800,1
48.583,11.5200,0.0046,0.0016,0.0000,0.4800,1
48.600,11.5200,0.0046,0.0023,0.0000,0.4800,1
48.617,11.5200,0.0046,0.0009,0.0000,0.4800,1
48.633,11.5200,0.0046,0.0048,0.0000,0.4800,1
48.650,11.5200,0.0046,0.0003,0.0000,0.4800,1
48.667,11.5200,0.0047,0.0019,0.0000,0.4800,1
48.683,11.5200,0.0047,0.0001,0.0000,0.4800,1
48.700,11.5200,0.0046,0.0027,0.0000,0.4800,1
48.717,11.5200,0.0047,0.0034,0.0000,0.4800,1
48.733,11.5200,0.0047,0.0019,0.0000,0.4800,1
48.750,11.5200,0.0046,0.0012,0.0000,0.4800,1
48.767,11.5200,0.0047,0.0023,0.0000,0.4800,1
48.783,11.5200,0.0047,0.0010,0.0000,0.4800,1
48.800,11.5200,0.0047,0.0009,0.0000,0.4800,1
48.817,11.5200,0.0047,0.0008,0.0000,0.4800,1
48.833,11.5200,0.0046,0.0003,0.0000,0.4800,1
48.850,11.5200,0.0047,0.0043,0.0000,0.4800,1
48.867,11.5200,0.0047,0.0015,0.0000,0.4800,1
48.883,11.5200,0.0047,0.0003,0.0000,0.4800,1
48.900,11.5200,0.0047,0.0006,0.0000,0.4800,1
48.917,11.5200,0.0047,0.0001,0.0000,0.4800,1
48.933,11.5200,0.0048,0.0043,0.0000,0.4800,1
48.950,11.5200,0.0048,0.0017,0.0000,0.4800,1
48.967,11.5200,0.0048,0.0015,0.0000,0.4800,1
48.983,11.5200,0.0048,0.0013,0.0000,0.4800,1
49.000,11.5200,0.0049,0.0056,0.0000,0.4800,1
