t,robot_x,robot_y,robot_speed,walker_y,gap,walking
0.017,1.5000,-0.0000,0.0000,2.1000,10.7079,0
0.033,1.5000,-0.0000,0.0002,2.1000,10.7079,0
0.050,1.5000,-0.0000,0.0002,2.1000,10.7079,0
0.067,1.5000,-0.0000,0.0002,2.1000,10.7079,0
0.083,1.5000,-0.0000,0.0002,2.1000,10.7079,0
0.100,1.5000,-0.0000,0.0002,2.1000,10.7079,0
0.117,1.5000,0.0000,0.0002,2.1000,10.7079,0
0.133,1.5000,-0.0000,0.0002,2.1000,10.7079,0
0.150,1.5000,0.0000,0.0002,2.1000,10.7079,0
0.167,1.5000,-0.0000,0.0002,2.1000,10.7079,0
0.183,1.5000,0.0000,0.0002,2.1000,10.7079,0
0.200,1.5000,-0.0000,0.0002,2.1000,10.7079,0
0.217,1.5001,0.0000,0.0002,2.1000,10.7079,0
0.233,1.5001,-0.0000,0.0002,2.1000,10.7079,0
0.250,1.5001,0.0000,0.0002,2.1000,10.7079,0
0.267,1.5001,-0.0000,0.0002,2.1000,10.7079,0
0.283,1.5001,-0.0000,0.0002,2.1000,10.7079,0
0.300,1.5001,-0.0000,0.0002,2.1000,10.7079,0
0.317,1.5001,0.0000,0.0002,2.1000,10.7079,0
0.333,1.5001,0.0000,0.0002,2.1000,10.7079,0
0.350,1.5001,-0.0000,0.0002,2.1000,10.7079,0
0.367,1.5001,-0.0000,0.0002,2.1000,10.7079,0
0.383,1.5001,-0.0000,0.0002,2.1000,10.7079,0
0.400,1.5001,-0.0000,0.0002,2.1000,10.7079,0
0.417,1.5001,-0.0000,0.0002,2.1000,10.7078,0
0.433,1.5001,-0.0000,0.0002,2.1000,10.7078,0
0.450,1.5001,-0.0000,0.0002,2.1000,10.7078,0
0.467,1.5001,-0.0000,0.0002,2.1000,10.7078,0
0.483,1.5001,-0.0000,0.0002,2.1000,10.7078,0
0.500,1.5001,-0.0000,0.0002,2.1000,10.7078,0
0.517,1.5001,-0.0000,0.0002,2.1000,10.7078,0
0.533,1.5001,-0.0000,0.0002,2.1000,10.7078,0
0.550,1.5001,-0.0000,0.0002,2.1000,10.7078,0
0.567,1.5001,-0.0000,0.0002,2.1000,10.7078,0
0.583,1.5001,-0.0000,0.0002,2.1000,10.7078,0
0.600,1.5001,-0.0000,0.0002,2.1000,10.7078,0
0.617,1.5001,0.0000,0.0002,2.1000,10.7078,0
0.633,1.5001,-0.0000,0.0002,2.1000,10.7078,0
0.650,1.5001,-0.0000,0.0002,2.1000,10.7078,0
0.667,1.5002,-0.0000,0.0002,2.1000,10.7078,0
0.683,1.5002,-0.0000,0.0002,2.1000,10.7078,0
0.700,1.5002,-0.0000,0.0002,2.1000,10.7078,0
0.717,1.5002,-0.0000,0.0002,2.1000,10.7078,0
0.733,1.5002,-0.0000,0.0002,2.1000,10.7078,0
0.750,1.5002,0.0000,0.0002,2.1000,10.7078,0
0.767,1.5002,-0.0000,0.0002,2.1000,10.7078,0
0.783,1.5002,-0.0000,0.0002,2.1000,10.7078,0
0.800,1.5002,-0.0000,0.0002,2.1000,10.7078,0
0.817,1.5002,-0.0000,0.0002,2.1000,10.7078,0
0.833,1.5002,-0.0000,0.0002,2.1000,10.7078,0
0.850,1.5002,-0.0000,0.0002,2.1000,10.7078,0
0.867,1.5002,-0.0000,0.0002,2.1000,10.7078,0
0.883,1.5002,-0.0000,0.0002,2.1000,10.7077,0
0.900,1.5002,-0.0000,0.0002,2.1000,10.7077,0
0.917,1.5002,0.0000,0.0002,2.1000,10.7077,0
0.933,1.5002,-0.0000,0.0002,2.1000,10.7077,0
0.950,1.5002,-0.0000,0.0003,2.1000,10.7077,0
0.967,1.5002,-0.0000,0.0002,2.1000,10.7077,0
0.983,1.5002,-0.0000,0.0002,2.1000,10.7077,0
1.000,1.5002,-0.0000,0.0002,2.1000,10.7077,0
1.017,1.5002,-0.0000,0.0002,2.1000,10.7077,0
1.033,1.5002,-0.0000,0.0002,2.1000,10.7077,0
1.050,1.5002,0.0000,0.0002,2.1000,10.7077,0
1.067,1.5002,-0.0000,0.0002,2.1000,10.7077,0
1.083,1.5002,-0.0000,0.0002,2.1000,10.7077,0
1.100,1.5002,0.0000,0.0002,2.1000,10.7077,0
1.117,1.5002,-0.0000,0.0002,2.1000,10.7077,0
1.133,1.5003,0.0000,0.0002,2.1000,10.7077,0
1.150,1.5003,-0.0000,0.0002,2.1000,10.7077,0
1.167,1.5003,0.0000,0.0002,2.1000,10.7077,0
1.183,1.5003,-0.0000,0.0002,2.1000,10.7077,0
1.200,1.5003,-0.0000,0.0002,2.1000,10.7077,0
1.217,1.5003,-0.0000,0.0002,2.1000,10.7077,0
1.233,1.5003,-0.0000,0.0002,2.1000,10.7077,0
1.250,1.5003,-0.0000,0.0002,2.1000,10.7077,0
1.267,1.5003,0.0000,0.0002,2.1000,10.7077,0
1.283,1.5003,-0.0000,0.0002,2.1000,10.7077,0
1.300,1.5003,-0.0000,0.0002,2.1000,10.7077,0
1.317,1.5003,-0.0000,0.0002,2.1000,10.7077,0
1.333,1.5003,0.0000,0.0002,2.1000,10.7077,0
1.350,1.5003,-0.0000,0.0002,2.1000,10.7076,0
1.367,1.5003,0.0000,0.0002,2.1000,10.7076,0
1.383,1.5003,-0.0000,0.0002,2.1000,10.7076,0
1.400,1.5003,-0.0000,0.0002,2.1000,10.7076,0
1.417,1.5003,-0.0000,0.0002,2.1000,10.7076,0
1.433,1.5003,-0.0000,0.0002,2.1000,10.7076,0
1.450,1.5003,0.0000,0.0002,2.1000,10.7076,0
1.467,1.5003,-0.0000,0.0002,2.1000,10.7076,0
1.483,1.5003,-0.0000,0.0002,2.1000,10.7076,0
1.500,1.5003,-0.0000,0.0002,2.1000,10.7076,0
1.517,1.5003,0.0000,0.0002,2.1000,10.7076,0
1.533,1.5003,-0.0000,0.0002,2.1000,10.7076,0
1.550,1.5003,0.0000,0.0002,2.1000,10.7076,0
1.567,1.5003,-0.0000,0.0002,2.1000,10.7076,0
1.583,1.5003,0.0000,0.0002,2.1000,10.7076,0
1.600,1.5004,-0.0000,0.0002,2.1000,10.7076,0
1.617,1.5004,0.0000,0.0002,2.1000,10.7076,0
1.633,1.5004,-0.0000,0.0002,2.1000,10.7076,0
1.650,1.5004,0.0000,0.0002,2.1000,10.7076,0
1.667,1.5004,-0.0000,0.0002,2.1000,10.7076,0
1.683,1.5004,-0.0000,0.0002,2.1000,10.7076,0
1.700,1.5004,-0.0000,0.0002,2.1000,10.7076,0
1.717,1.5004,-0.0000,0.0002,2.1000,10.7076,0
1.733,1.5004,-0.0000,0.0002,2.1000,10.7076,0
1.750,1.5004,-0.0000,0.0002,2.1000,10.7076,0
1.767,1.5004,-0.0000,0.0002,2.1000,10.7076,0
1.783,1.5004,-0.0000,0.0002,2.1000,10.7076,0
1.800,1.5004,0.0000,0.0002,2.1000,10.7076,0
1.817,1.5004,-0.0000,0.0002,2.1000,10.7075,0
1.833,1.5004,0.0000,0.0002,2.1000,10.7075,0
1.850,1.5004,-0.0000,0.0002,2.1000,10.7075,0
1.867,1.5004,-0.0000,0.0002,2.1000,10.7075,0
1.883,1.5004,-0.0000,0.0002,2.1000,10.7075,0
1.900,1.5004,-0.0000,0.0002,2.1000,10.7075,0
1.917,1.5004,-0.0000,0.0002,2.1000,10.7075,0
1.933,1.5004,0.0000,0.0002,2.1000,10.7075,0
1.950,1.5004,-0.0000,0.0002,2.1000,10.7075,0
1.967,1.5004,-0.0000,0.0002,2.1000,10.7075,0
1.983,1.5004,-0.0000,0.0002,2.1000,10.7075,0
2.000,1.5004,-0.0000,0.0002,2.1000,10.7075,0
2.017,1.5004,0.0000,0.0002,2.1000,10.7075,0
2.033,1.5004,-0.0000,0.0002,2.1000,10.7075,0
2.050,1.5005,0.0000,0.0002,2.1000,10.7075,0
2.067,1.5005,-0.0000,0.0002,2.1000,10.7075,0
2.083,1.5005,0.0000,0.0002,2.1000,10.7075,0
2.100,1.5005,-0.0000,0.0002,2.1000,10.7075,0
2.117,1.5005,0.0000,0.0002,2.1000,10.7075,0
2.133,1.5005,-0.0000,0.0002,2.1000,10.7075,0
2.150,1.5005,-0.0000,0.0002,2.1000,10.7075,0
2.167,1.5005,0.0000,0.0002,2.1000,10.7075,0
2.183,1.5005,-0.0000,0.0002,2.1000,10.7075,0
2.200,1.5005,0.0000,0.0002,2.1000,10.7075,0
2.217,1.5005,-0.0000,0.0002,2.1000,10.7075,0
2.233,1.5005,-0.0000,0.0002,2.1000,10.7075,0
2.250,1.5005,-0.0000,0.0002,2.1000,10.7075,0
2.267,1.5005,-0.0000,0.0002,2.1000,10.7075,0
2.283,1.5005,-0.0000,0.0002,2.1000,10.7074,0
2.300,1.5005,-0.0000,0.0002,2.1000,10.7074,0
2.317,1.5005,-0.0000,0.0002,2.1000,10.7074,0
2.333,1.5005,-0.0000,0.0002,2.1000,10.7074,0
2.350,1.5005,-0.0000,0.0002,2.1000,10.7074,0
2.367,1.5005,-0.0000,0.0002,2.1000,10.7074,0
2.383,1.5005,-0.0000,0.0002,2.1000,10.7074,0
2.400,1.5005,-0.0000,0.0002,2.1000,10.7074,0
2.417,1.5005,-0.0000,0.0002,2.1000,10.7074,0
2.433,1.5005,-0.0000,0.0002,2.1000,10.7074,0
2.450,1.5005,0.0000,0.0002,2.1000,10.7074,0
2.467,1.5005,-0.0000,0.0002,2.1000,10.7074,0
2.483,1.5005,-0.0000,0.0002,2.1000,10.7074,0
2.500,1.5005,-0.0000,0.0002,2.1000,10.7074,0
2.517,1.5006,0.0000,0.0002,2.1000,10.7074,0
2.533,1.5006,-0.0000,0.0002,2.1000,10.7074,0
2.550,1.5006,0.0000,0.0002,2.1000,10.7074,0
2.567,1.5006,-0.0000,0.0002,2.1000,10.7074,0
2.583,1.5006,0.0000,0.0002,2.1000,10.7074,0
2.600,1.5006,-0.0000,0.0002,2.1000,10.7074,0
2.617,1.5006,-0.0000,0.0002,2.1000,10.7074,0
2.633,1.5006,-0.0000,0.0002,2.1000,10.7074,0
2.650,1.5006,-0.0000,0.0002,2.1000,10.7074,0
2.667,1.5006,-0.0000,0.0002,2.1000,10.7074,0
2.683,1.5006,-0.0000,0.0002,2.1000,10.7074,0
2.700,1.5006,-0.0000,0.0002,2.1000,10.7074,0
2.717,1.5006,-0.0000,0.0003,2.1000,10.7074,0
2.733,1.5006,-0.0000,0.0002,2.1000,10.7074,0
2.750,1.5006,-0.0000,0.0002,2.1000,10.7074,0
2.767,1.5006,-0.0000,0.0002,2.1000,10.7073,0
2.783,1.5006,-0.0000,0.0002,2.1000,10.7073,0
2.800,1.5006,-0.0000,0.0002,2.1000,10.7073,0
2.817,1.5006,-0.0000,0.0002,2.1000,10.7073,0
2.833,1.5006,-0.0000,0.0002,2.1000,10.7073,0
2.850,1.5006,0.0000,0.0002,2.1000,10.7073,0
2.867,1.5006,-0.0000,0.0002,2.1000,10.7073,0
2.883,1.5006,-0.0000,0.0002,2.1000,10.7073,0
2.900,1.5006,-0.0000,0.0002,2.1000,10.7073,0
2.917,1.5006,0.0000,0.0002,2.1000,10.7073,0
2.933,1.5006,-0.0000,0.0002,2.1000,10.7073,0
2.950,1.5006,0.0000,0.0002,2.1000,10.7073,0
2.967,1.5006,-0.0000,0.0002,2.1000,10.7073,0
2.983,1.5007,0.0000,0.0002,2.1000,10.7073,0
3.000,1.5007,-0.0000,0.0002,2.1000,10.7073,0
3.017,1.5007,0.0000,0.0002,2.1000,10.7073,0
3.033,1.5007,-0.0000,0.0002,2.1000,10.7073,0
3.050,1.5007,0.0000,0.0002,2.1000,10.7073,0
3.067,1.5007,-0.0000,0.0002,2.1000,10.7073,0
3.083,1.5007,0.0000,0.0002,2.1000,10.7073,0
3.100,1.5007,-0.0000,0.0002,2.1000,10.7073,0
3.117,1.5007,0.0000,0.0002,2.1000,10.7073,0
3.133,1.5007,-0.0000,0.0002,2.1000,10.7073,0
3.150,1.5007,0.0000,0.0002,2.1000,10.7073,0
3.167,1.5007,-0.0000,0.0002,2.1000,10.7073,0
3.183,1.5007,-0.0000,0.0002,2.1000,10.7073,0
3.200,1.5007,-0.0000,0.0002,2.1000,10.7073,0
3.217,1.5007,0.0000,0.0002,2.1000,10.7073,0
3.233,1.5007,-0.0000,0.0002,2.1000,10.7072,0
3.250,1.5007,-0.0000,0.0002,2.1000,10.7072,0
3.267,1.5007,-0.0000,0.0002,2.1000,10.7072,0
3.283,1.5007,-0.0000,0.0002,2.1000,10.7072,0
3.300,1.5007,-0.0000,0.0002,2.1000,10.7072,0
3.317,1.5007,-0.0000,0.0002,2.1000,10.7072,0
3.333,1.5007,-0.0000,0.0002,2.1000,10.7072,0
3.350,1.5007,-0.0000,0.0002,2.1000,10.7072,0
3.367,1.5007,-0.0000,0.0002,2.1000,10.7072,0
3.383,1.5007,-0.0000,0.0002,2.1000,10.7072,0
3.400,1.5007,-0.0000,0.0002,2.1000,10.7072,0
3.417,1.5007,0.0000,0.0002,2.1000,10.7072,0
3.433,1.5007,-0.0000,0.0002,2.1000,10.7072,0
3.450,1.5008,-0.0000,0.0002,2.1000,10.7072,0
3.467,1.5008,-0.0000,0.0002,2.1000,10.7072,0
3.483,1.5008,-0.0000,0.0002,2.1000,10.7072,0
3.500,1.5008,-0.0000,0.0002,2.1000,10.7072,0
3.517,1.5008,-0.0000,0.0002,2.1000,10.7072,0
3.533,1.5008,-0.0000,0.0002,2.1000,10.7072,0
3.550,1.5008,-0.0000,0.0002,2.1000,10.7072,0
3.567,1.5008,-0.0000,0.0002,2.1000,10.7072,0
3.583,1.5008,-0.0000,0.0002,2.1000,10.7072,0
3.600,1.5008,-0.0000,0.0002,2.1000,10.7072,0
3.617,1.5008,-0.0000,0.0002,2.1000,10.7072,0
3.633,1.5008,-0.0000,0.0002,2.1000,10.7072,0
3.650,1.5008,-0.0000,0.0002,2.1000,10.7072,0
3.667,1.5008,-0.0000,0.0002,2.1000,10.7072,0
3.683,1.5008,-0.0000,0.0002,2.1000,10.7072,0
3.700,1.5008,-0.0000,0.0002,2.1000,10.7071,0
3.717,1.5008,-0.0000,0.0002,2.1000,10.7071,0
3.733,1.5008,-0.0000,0.0002,2.1000,10.7071,0
3.750,1.5008,-0.0000,0.0002,2.1000,10.7071,0
3.767,1.5008,0.0000,0.0002,2.1000,10.7071,0
3.783,1.5008,-0.0000,0.0002,2.1000,10.7071,0
3.800,1.5008,-0.0000,0.0002,2.1000,10.7071,0
3.817,1.5008,-0.0000,0.0002,2.1000,10.7071,0
3.833,1.5008,-0.0000,0.0002,2.1000,10.7071,0
3.850,1.5008,-0.0000,0.0002,2.1000,10.7071,0
3.867,1.5008,-0.0000,0.0002,2.1000,10.7071,0
3.883,1.5008,-0.0000,0.0002,2.1000,10.7071,0
3.900,1.5009,-0.0000,0.0002,2.1000,10.7071,0
3.917,1.5009,-0.0000,0.0002,2.1000,10.7071,0
3.933,1.5009,0.0000,0.0002,2.1000,10.7071,0
3.950,1.5009,-0.0000,0.0002,2.1000,10.7071,0
3.967,1.5009,-0.0000,0.0002,2.1000,10.7071,0
3.983,1.5009,-0.0000,0.0002,2.1000,10.7071,0
4.000,1.5009,0.0000,0.0002,2.1000,10.7071,0
4.017,1.5009,-0.0000,0.0002,2.1000,10.7071,0
4.033,1.5009,0.0000,0.0002,2.1000,10.7071,0
4.050,1.5009,-0.0000,0.0002,2.1000,10.7071,0
4.067,1.5009,-0.0000,0.0002,2.1000,10.7071,0
4.083,1.5009,0.0000,0.0002,2.1000,10.7071,0
4.100,1.5009,-0.0000,0.0002,2.1000,10.7071,0
4.117,1.5009,-0.0000,0.0002,2.1000,10.7071,0
4.133,1.5009,-0.0000,0.0002,2.1000,10.7071,0
4.150,1.5009,-0.0000,0.0002,2.1000,10.7071,0
4.167,1.5009,-0.0000,0.0002,2.1000,10.7070,0
4.183,1.5009,0.0000,0.0002,2.1000,10.7070,0
4.200,1.5009,-0.0000,0.0002,2.1000,10.7070,0
4.217,1.5009,-0.0000,0.0002,2.1000,10.7070,0
4.233,1.5009,-0.0000,0.0002,2.1000,10.7070,0
4.250,1.5009,0.0000,0.0002,2.1000,10.7070,0
4.267,1.5009,-0.0000,0.0002,2.1000,10.7070,0
4.283,1.5009,-0.0000,0.0002,2.1000,10.7070,0
4.300,1.5009,-0.0000,0.0002,2.1000,10.7070,0
4.317,1.5009,0.0000,0.0002,2.1000,10.7070,0
4.333,1.5009,-0.0000,0.0002,2.1000,10.7070,0
4.350,1.5009,0.0000,0.0002,2.1000,10.7070,0
4.367,1.5010,-0.0000,0.0002,2.1000,10.7070,0
4.383,1.5010,0.0000,0.0002,2.1000,10.7070,0
4.400,1.5010,-0.0000,0.0002,2.1000,10.7070,0
4.417,1.5010,0.0000,0.0002,2.1000,10.7070,0
4.433,1.5010,-0.0000,0.0002,2.1000,10.7070,0
4.450,1.5010,0.0000,0.0002,2.1000,10.7070,0
4.467,1.5010,-0.0000,0.0002,2.1000,10.7070,0
4.483,1.5010,0.0000,0.0002,2.1000,10.7070,0
4.500,1.5010,-0.0000,0.0002,2.1000,10.7070,0
4.517,1.5010,0.0000,0.0002,2.1000,10.7070,0
4.533,1.5010,-0.0000,0.0002,2.1000,10.7070,0
4.550,1.5010,0.0000,0.0002,2.1000,10.7070,0
4.567,1.5010,-0.0000,0.0002,2.1000,10.7070,0
4.583,1.5010,0.0000,0.0002,2.1000,10.7070,0
4.600,1.5010,-0.0000,0.0002,2.1000,10.7070,0
4.617,1.5010,0.0000,0.0002,2.1000,10.7070,0
4.633,1.5010,-0.0000,0.0002,2.1000,10.7070,0
4.650,1.5010,0.0000,0.0002,2.1000,10.7069,0
4.667,1.5010,-0.0000,0.0002,2.1000,10.7069,0
4.683,1.5010,-0.0000,0.0002,2.1000,10.7069,0
4.700,1.5010,-0.0000,0.0002,2.1000,10.7069,0
4.717,1.5010,-0.0000,0.0002,2.1000,10.7069,0
4.733,1.5010,-0.0000,0.0002,2.1000,10.7069,0
4.750,1.5010,-0.0000,0.0002,2.1000,10.7069,0
4.767,1.5010,-0.0000,0.0002,2.1000,10.7069,0
4.783,1.5010,-0.0000,0.0002,2.1000,10.7069,0
4.800,1.5010,-0.0000,0.0002,2.1000,10.7069,0
4.817,1.5011,-0.0000,0.0002,2.1000,10.7069,0
4.833,1.5011,-0.0000,0.0002,2.1000,10.7069,0
4.850,1.5011,0.0000,0.0002,2.1000,10.7069,0
4.867,1.5011,-0.0000,0.0002,2.1000,10.7069,0
4.883,1.5011,0.0000,0.0002,2.1000,10.7069,0
4.900,1.5011,-0.0000,0.0002,2.1000,10.7069,0
4.917,1.5011,0.0000,0.0002,2.1000,10.7069,0
4.933,1.5011,-0.0000,0.0002,2.1000,10.7069,0
4.950,1.5011,0.0000,0.0002,2.1000,10.7069,0
4.967,1.5011,-0.0000,0.0002,2.1000,10.7069,0
4.983,1.5011,0.0000,0.0002,2.1000,10.7069,0
5.000,1.5011,-0.0000,0.0002,2.1000,10.7069,0
5.017,1.5011,0.0000,0.0002,2.1000,10.7069,0
5.033,1.5011,-0.0000,0.0002,2.1000,10.7069,0
5.050,1.5011,0.0000,0.0002,2.1000,10.7069,0
5.067,1.5011,-0.0000,0.0002,2.1000,10.7069,0
5.083,1.5011,0.0000,0.0002,2.1000,10.7069,0
5.100,1.5011,-0.0000,0.0002,2.1000,10.7069,0
5.117,1.5011,0.0000,0.0002,2.1000,10.7068,0
5.133,1.5011,-0.0000,0.0002,2.1000,10.7068,0
5.150,1.5011,0.0000,0.0002,2.1000,10.7068,0
5.167,1.5011,-0.0000,0.0002,2.1000,10.7068,0
5.183,1.5011,0.0000,0.0002,2.1000,10.7068,0
5.200,1.5011,-0.0000,0.0002,2.1000,10.7068,0
5.217,1.5011,0.0000,0.0002,2.1000,10.7068,0
5.233,1.5011,-0.0000,0.0002,2.1000,10.7068,0
5.250,1.5011,-0.0000,0.0002,2.1000,10.7068,0
5.267,1.5011,-0.0000,0.0002,2.1000,10.7068,0
5.283,1.5012,0.0000,0.0002,2.1000,10.7068,0
5.300,1.5012,-0.0000,0.0002,2.1000,10.7068,0
5.317,1.5012,-0.0000,0.0002,2.1000,10.7068,0
5.333,1.5012,-0.0000,0.0002,2.1000,10.7068,0
5.350,1.5012,-0.0000,0.0002,2.1000,10.7068,0
5.367,1.5012,-0.0000,0.0002,2.1000,10.7068,0
5.383,1.5012,-0.0000,0.0002,2.1000,10.7068,0
5.400,1.5012,-0.0000,0.0002,2.1000,10.7068,0
5.417,1.5012,-0.0000,0.0002,2.1000,10.7068,0
5.433,1.5012,-0.0000,0.0002,2.1000,10.7068,0
5.450,1.5012,-0.0000,0.0002,2.1000,10.7068,0
5.467,1.5012,-0.0000,0.0002,2.1000,10.7068,0
5.483,1.5012,0.0000,0.0002,2.1000,10.7068,0
5.500,1.5012,-0.0000,0.0002,2.1000,10.7068,0
5.517,1.5012,-0.0000,0.0002,2.1000,10.7068,0
5.533,1.5012,-0.0000,0.0002,2.1000,10.7068,0
5.550,1.5012,-0.0000,0.0002,2.1000,10.7068,0
5.567,1.5012,-0.0000,0.0002,2.1000,10.7068,0
5.583,1.5012,-0.0000,0.0002,2.1000,10.7067,0
5.600,1.5012,-0.0000,0.0002,2.1000,10.7067,0
5.617,1.5012,-0.0000,0.0002,2.1000,10.7067,0
5.633,1.5012,0.0000,0.0002,2.1000,10.7067,0
5.650,1.5012,-0.0000,0.0002,2.1000,10.7067,0
5.667,1.5012,-0.0000,0.0002,2.1000,10.7067,0
5.683,1.5012,0.0000,0.0002,2.1000,10.7067,0
5.700,1.5012,0.0000,0.0002,2.1000,10.7067,0
5.717,1.5012,-0.0000,0.0002,2.1000,10.7067,0
5.733,1.5012,0.0000,0.0002,2.1000,10.7067,0
5.750,1.5013,-0.0000,0.0002,2.1000,10.7067,0
5.767,1.5013,0.0000,0.0002,2.1000,10.7067,0
5.783,1.5013,-0.0000,0.0002,2.1000,10.7067,0
5.800,1.5013,-0.0000,0.0002,2.1000,10.7067,0
5.817,1.5013,0.0000,0.0002,2.1000,10.7067,0
5.833,1.5013,-0.0000,0.0002,2.1000,10.7067,0
5.850,1.5013,0.0000,0.0002,2.1000,10.7067,0
5.867,1.5013,-0.0000,0.0002,2.1000,10.7067,0
5.883,1.5013,0.0000,0.0002,2.1000,10.7067,0
5.900,1.5013,-0.0000,0.0002,2.1000,10.7067,0
5.917,1.5013,0.0000,0.0002,2.1000,10.7067,0
5.933,1.5013,-0.0000,0.0002,2.1000,10.7067,0
5.950,1.5013,0.0000,0.0002,2.1000,10.7067,0
5.967,1.5013,-0.0000,0.0002,2.1000,10.7067,0
5.983,1.5013,0.0000,0.0002,2.1000,10.7067,0
6.000,1.5013,-0.0000,0.0002,2.1000,10.7067,0
6.017,1.5013,0.0000,0.0002,2.1000,10.7067,0
6.033,1.5013,-0.0000,0.0002,2.1000,10.7067,0
6.050,1.5013,-0.0000,0.0002,2.1000,10.7066,0
6.067,1.5013,-0.0000,0.0002,2.1000,10.7066,0
6.083,1.5013,-0.0000,0.0002,2.1000,10.7066,0
6.100,1.5013,-0.0000,0.0003,2.1000,10.7066,0
6.117,1.5013,-0.0000,0.0002,2.1000,10.7066,0
6.133,1.5013,0.0000,0.0002,2.1000,10.7066,0
6.150,1.5013,-0.0000,0.0002,2.1000,10.7066,0
6.167,1.5013,-0.0000,0.0002,2.1000,10.7066,0
6.183,1.5013,0.0000,0.0002,2.1000,10.7066,0
6.200,1.5014,-0.0000,0.0002,2.1000,10.7066,0
6.217,1.5014,0.0000,0.0002,2.1000,10.7066,0
6.233,1.5014,-0.0000,0.0002,2.1000,10.7066,0
6.250,1.5014,0.0000,0.0002,2.1000,10.7066,0
6.267,1.5014,-0.0000,0.0002,2.1000,10.7066,0
6.283,1.5014,0.0000,0.0002,2.1000,10.7066,0
6.300,1.5014,-0.0000,0.0002,2.1000,10.7066,0
6.317,1.5014,0.0000,0.0002,2.1000,10.7066,0
6.333,1.5014,-0.0000,0.0002,2.1000,10.7066,0
6.350,1.5014,-0.0000,0.0002,2.1000,10.7066,0
6.367,1.5014,-0.0000,0.0002,2.1000,10.7066,0
6.383,1.5014,0.0000,0.0002,2.1000,10.7066,0
6.400,1.5014,-0.0000,0.0002,2.1000,10.7066,0
6.417,1.5014,0.0000,0.0002,2.1000,10.7066,0
6.433,1.5014,-0.0000,0.0002,2.1000,10.7066,0
6.450,1.5014,-0.0000,0.0002,2.1000,10.7066,0
6.467,1.5014,-0.0000,0.0002,2.1000,10.7066,0
6.483,1.5014,-0.0000,0.0002,2.1000,10.7066,0
6.500,1.5014,0.0000,0.0002,2.1000,10.7066,0
6.517,1.5014,-0.0000,0.0002,2.1000,10.7065,0
6.533,1.5014,-0.0000,0.0002,2.1000,10.7065,0
6.550,1.5014,-0.0000,0.0002,2.1000,10.7065,0
6.567,1.5014,0.0000,0.0002,2.1000,10.7065,0
6.583,1.5014,-0.0000,0.0002,2.1000,10.7065,0
6.600,1.5014,-0.0000,0.0002,2.1000,10.7065,0
6.617,1.5014,0.0000,0.0002,2.1000,10.7065,0
6.633,1.5014,0.0000,0.0002,2.1000,10.7065,0
6.650,1.5014,-0.0000,0.0002,2.1000,10.7065,0
6.667,1.5015,-0.0000,0.0002,2.1000,10.7065,0
6.683,1.5015,-0.0000,0.0002,2.1000,10.7065,0
6.700,1.5015,-0.0000,0.0002,2.1000,10.7065,0
6.717,1.5015,-0.0000,0.0002,2.1000,10.7065,0
6.733,1.5015,-0.0000,0.0002,2.1000,10.7065,0
6.750,1.5015,-0.0000,0.0002,2.1000,10.7065,0
6.767,1.5015,-0.0000,0.0002,2.1000,10.7065,0
6.783,1.5015,0.0000,0.0002,2.1000,10.7065,0
6.800,1.5015,-0.0000,0.0002,2.1000,10.7065,0
6.817,1.5015,-0.0000,0.0002,2.1000,10.7065,0
6.833,1.5015,0.0000,0.0002,2.1000,10.7065,0
6.850,1.5015,-0.0000,0.0002,2.1000,10.7065,0
6.867,1.5015,-0.0000,0.0002,2.1000,10.7065,0
6.883,1.5015,-0.0000,0.0002,2.1000,10.7065,0
6.900,1.5015,-0.0000,0.0002,2.1000,10.7065,0
6.917,1.5015,-0.0000,0.0002,2.1000,10.7065,0
6.933,1.5015,-0.0000,0.0002,2.1000,10.7065,0
6.950,1.5015,-0.0000,0.0002,2.1000,10.7065,0
6.967,1.5015,-0.0000,0.0002,2.1000,10.7065,0
6.983,1.5015,-0.0000,0.0002,2.1000,10.7065,0
7.000,1.5015,-0.0000,0.0002,2.1000,10.7064,0
7.017,1.5015,-0.0000,0.0002,2.1000,10.7064,0
7.033,1.5015,-0.0000,0.0002,2.1000,10.7064,0
7.050,1.5015,-0.0000,0.0002,2.1000,10.7064,0
7.067,1.5015,-0.0000,0.0002,2.1000,10.7064,0
7.083,1.5015,-0.0000,0.0002,2.1000,10.7064,0
7.100,1.5015,0.0000,0.0002,2.1000,10.7064,0
7.117,1.5015,-0.0000,0.0002,2.1000,10.7064,0
7.133,1.5016,-0.0000,0.0002,2.1000,10.7064,0
7.150,1.5016,-0.0000,0.0002,2.1000,10.7064,0
7.167,1.5016,-0.0000,0.0002,2.1000,10.7064,0
7.183,1.5016,-0.0000,0.0002,2.1000,10.7064,0
7.200,1.5016,-0.0000,0.0002,2.1000,10.7064,0
7.217,1.5016,-0.0000,0.0002,2.1000,10.7064,0
7.233,1.5016,-0.0000,0.0002,2.1000,10.7064,0
7.250,1.5016,0.0000,0.0002,2.1000,10.7064,0
7.267,1.5016,-0.0000,0.0002,2.1000,10.7064,0
7.283,1.5016,-0.0000,0.0002,2.1000,10.7064,0
7.300,1.5016,-0.0000,0.0002,2.1000,10.7064,0
7.317,1.5016,-0.0000,0.0002,2.1000,10.7064,0
7.333,1.5016,0.0000,0.0002,2.1000,10.7064,0
7.350,1.5016,-0.0000,0.0002,2.1000,10.7064,0
7.367,1.5016,-0.0000,0.0002,2.1000,10.7064,0
7.383,1.5016,-0.0000,0.0002,2.1000,10.7064,0
7.400,1.5016,-0.0000,0.0002,2.1000,10.7064,0
7.417,1.5016,-0.0000,0.0002,2.1000,10.7064,0
7.433,1.5016,0.0000,0.0002,2.1000,10.7064,0
7.450,1.5016,-0.0000,0.0002,2.1000,10.7064,0
7.467,1.5016,0.0000,0.0002,2.1000,10.7063,0
7.483,1.5016,-0.0000,0.0002,2.1000,10.7063,0
7.500,1.5016,-0.0000,0.0002,2.1000,10.7063,0
7.517,1.5016,0.0000,0.0002,2.1000,10.7063,0
7.533,1.5016,-0.0000,0.0002,2.1000,10.7063,0
7.550,1.5016,-0.0000,0.0002,2.1000,10.7063,0
7.567,1.5016,-0.0000,0.0002,2.1000,10.7063,0
7.583,1.5017,-0.0000,0.0002,2.1000,10.7063,0
7.600,1.5017,-0.0000,0.0002,2.1000,10.7063,0
7.617,1.5017,0.0000,0.0002,2.1000,10.7063,0
7.633,1.5017,0.0000,0.0002,2.1000,10.7063,0
7.650,1.5017,-0.0000,0.0002,2.1000,10.7063,0
7.667,1.5017,0.0000,0.0002,2.1000,10.7063,0
7.683,1.5017,0.0000,0.0002,2.1000,10.7063,0
7.700,1.5017,-0.0000,0.0002,2.1000,10.7063,0
7.717,1.5017,-0.0000,0.0002,2.1000,10.7063,0
7.733,1.5017,-0.0000,0.0002,2.1000,10.7063,0
7.750,1.5017,-0.0000,0.0002,2.1000,10.7063,0
7.767,1.5017,-0.0000,0.0002,2.1000,10.7063,0
7.783,1.5017,-0.0000,0.0002,2.1000,10.7063,0
7.800,1.5017,0.0000,0.0002,2.1000,10.7063,0
7.817,1.5017,-0.0000,0.0002,2.1000,10.7063,0
7.833,1.5017,0.0000,0.0002,2.1000,10.7063,0
7.850,1.5017,-0.0000,0.0002,2.1000,10.7063,0
7.867,1.5017,0.0000,0.0002,2.1000,10.7063,0
7.883,1.5017,-0.0000,0.0002,2.1000,10.7063,0
7.900,1.5017,0.0000,0.0002,2.1000,10.7063,0
7.917,1.5017,-0.0000,0.0002,2.1000,10.7063,0
7.933,1.5017,0.0000,0.0002,2.1000,10.7062,0
7.950,1.5017,-0.0000,0.0002,2.1000,10.7062,0
7.967,1.5017,0.0000,0.0002,2.1000,10.7062,0
7.983,1.5017,-0.0000,0.0002,2.1000,10.7062,0
8.000,1.5017,-0.0000,0.0002,2.1000,10.7062,0
8.017,1.5017,-0.0000,0.0002,2.1000,10.7062,0
8.033,1.5017,-0.0000,0.0002,2.1000,10.7062,0
8.050,1.5018,0.0000,0.0002,2.1000,10.7062,0
8.067,1.5018,-0.0000,0.0002,2.1000,10.7062,0
8.083,1.5018,0.0000,0.0002,2.1000,10.7062,0
8.100,1.5018,-0.0000,0.0003,2.1000,10.7062,0
8.117,1.5018,0.0000,0.0002,2.1000,10.7062,0
8.133,1.5018,-0.0000,0.0002,2.1000,10.7062,0
8.150,1.5018,-0.0000,0.0002,2.1000,10.7062,0
8.167,1.5018,-0.0000,0.0002,2.1000,10.7062,0
8.183,1.5018,-0.0000,0.0002,2.1000,10.7062,0
8.200,1.5018,-0.0000,0.0002,2.1000,10.7062,0
8.217,1.5018,-0.0000,0.0002,2.1000,10.7062,0
8.233,1.5018,-0.0000,0.0002,2.1000,10.7062,0
8.250,1.5018,-0.0000,0.0002,2.1000,10.7062,0
8.267,1.5018,-0.0000,0.0002,2.1000,10.7062,0
8.283,1.5018,0.0000,0.0002,2.1000,10.7062,0
8.300,1.5018,-0.0000,0.0002,2.1000,10.7062,0
8.317,1.5018,-0.0000,0.0002,2.1000,10.7062,0
8.333,1.5018,0.0000,0.0003,2.1000,10.7062,0
8.350,1.5018,-0.0000,0.0002,2.1000,10.7062,0
8.367,1.5018,0.0000,0.0002,2.1000,10.7062,0
8.383,1.5018,-0.0000,0.0002,2.1000,10.7062,0
8.400,1.5018,-0.0000,0.0002,2.1000,10.7061,0
8.417,1.5018,-0.0000,0.0002,2.1000,10.7061,0
8.433,1.5018,-0.0000,0.0002,2.1000,10.7061,0
8.450,1.5018,0.0000,0.0002,2.1000,10.7061,0
8.467,1.5018,-0.0000,0.0002,2.1000,10.7061,0
8.483,1.5018,-0.0000,0.0002,2.1000,10.7061,0
8.500,1.5018,-0.0000,0.0002,2.1000,10.7061,0
8.517,1.5019,-0.0000,0.0002,2.1000,10.7061,0
8.533,1.5019,-0.0000,0.0002,2.1000,10.7061,0
8.550,1.5019,-0.0000,0.0002,2.1000,10.7061,0
8.567,1.5019,-0.0000,0.0002,2.1000,10.7061,0
8.583,1.5019,-0.0000,0.0002,2.1000,10.7061,0
8.600,1.5019,0.0000,0.0002,2.1000,10.7061,0
8.617,1.5019,-0.0000,0.0002,2.1000,10.7061,0
8.633,1.5019,0.0000,0.0002,2.1000,10.7061,0
8.650,1.5019,-0.0000,0.0002,2.1000,10.7061,0
8.667,1.5019,-0.0000,0.0002,2.1000,10.7061,0
8.683,1.5019,-0.0000,0.0002,2.1000,10.7061,0
8.700,1.5019,-0.0000,0.0002,2.1000,10.7061,0
8.717,1.5019,-0.0000,0.0002,2.1000,10.7061,0
8.733,1.5019,-0.0000,0.0002,2.1000,10.7061,0
8.750,1.5019,-0.0000,0.0002,2.1000,10.7061,0
8.767,1.5019,-0.0000,0.0002,2.1000,10.7061,0
8.783,1.5019,-0.0000,0.0002,2.1000,10.7061,0
8.800,1.5019,-0.0000,0.0002,2.1000,10.7061,0
8.817,1.5019,-0.0000,0.0002,2.1000,10.7061,0
8.833,1.5019,-0.0000,0.0002,2.1000,10.7061,0
8.850,1.5019,-0.0000,0.0002,2.1000,10.7061,0
8.867,1.5019,-0.0000,0.0002,2.1000,10.7060,0
8.883,1.5019,-0.0000,0.0002,2.1000,10.7060,0
8.900,1.5019,-0.0000,0.0002,2.1000,10.7060,0
8.917,1.5019,-0.0000,0.0002,2.1000,10.7060,0
8.933,1.5019,-0.0000,0.0002,2.1000,10.7060,0
8.950,1.5019,-0.0000,0.0002,2.1000,10.7060,0
8.967,1.5020,-0.0000,0.0002,2.1000,10.7060,0
8.983,1.5020,-0.0000,0.0002,2.1000,10.7060,0
9.000,1.5020,-0.0000,0.0002,2.1000,10.7060,0
9.017,1.5020,-0.0000,0.0002,2.1000,10.7060,0
9.033,1.5020,-0.0000,0.0002,2.1000,10.7060,0
9.050,1.5020,-0.0000,0.0002,2.1000,10.7060,0
9.067,1.5020,-0.0000,0.0002,2.1000,10.7060,0
9.083,1.5020,-0.0000,0.0002,2.1000,10.7060,0
9.100,1.5020,-0.0000,0.0002,2.1000,10.7060,0
9.117,1.5020,-0.0000,0.0002,2.1000,10.7060,0
9.133,1.5020,-0.0000,0.0002,2.1000,10.7060,0
9.150,1.5020,-0.0000,0.0002,2.1000,10.7060,0
9.167,1.5020,-0.0000,0.0002,2.1000,10.7060,0
9.183,1.5020,-0.0000,0.0002,2.1000,10.7060,0
9.200,1.5020,-0.0000,0.0002,2.1000,10.7060,0
9.217,1.5020,-0.0000,0.0002,2.1000,10.7060,0
9.233,1.5020,-0.0000,0.0002,2.1000,10.7060,0
9.250,1.5020,-0.0000,0.0002,2.1000,10.7060,0
9.267,1.5020,-0.0000,0.0002,2.1000,10.7060,0
9.283,1.5020,-0.0000,0.0002,2.1000,10.7060,0
9.300,1.5020,-0.0000,0.0002,2.1000,10.7060,0
9.317,1.5020,-0.0000,0.0002,2.1000,10.7060,0
9.333,1.5020,-0.0000,0.0002,2.1000,10.7060,0
9.350,1.5020,-0.0000,0.0002,2.1000,10.7059,0
9.367,1.5020,-0.0000,0.0002,2.1000,10.7059,0
9.383,1.5020,-0.0000,0.0002,2.1000,10.7059,0
9.400,1.5020,-0.0000,0.0002,2.1000,10.7059,0
9.417,1.5020,-0.0000,0.0002,2.1000,10.7059,0
9.433,1.5021,-0.0000,0.0002,2.1000,10.7059,0
9.450,1.5021,-0.0000,0.0002,2.1000,10.7059,0
9.467,1.5021,-0.0000,0.0002,2.1000,10.7059,0
9.483,1.5021,-0.0000,0.0002,2.1000,10.7059,0
9.500,1.5021,-0.0000,0.0002,2.1000,10.7059,0
9.517,1.5021,-0.0000,0.0002,2.1000,10.7059,0
9.533,1.5021,-0.0000,0.0002,2.1000,10.7059,0
9.550,1.5021,-0.0000,0.0002,2.1000,10.7059,0
9.567,1.5021,-0.0000,0.0002,2.1000,10.7059,0
9.583,1.5021,-0.0000,0.0002,2.1000,10.7059,0
9.600,1.5021,-0.0000,0.0002,2.1000,10.7059,0
9.617,1.5021,-0.0000,0.0002,2.1000,10.7059,0
9.633,1.5021,-0.0000,0.0002,2.1000,10.7059,0
9.650,1.5021,-0.0000,0.0002,2.1000,10.7059,0
9.667,1.5021,-0.0000,0.0002,2.1000,10.7059,0
9.683,1.5021,-0.0000,0.0002,2.1000,10.7059,0
9.700,1.5021,-0.0000,0.0002,2.1000,10.7059,0
9.717,1.5021,-0.0000,0.0002,2.1000,10.7059,0
9.733,1.5021,-0.0000,0.0002,2.1000,10.7059,0
9.750,1.5021,-0.0000,0.0002,2.1000,10.7059,0
9.767,1.5021,-0.0000,0.0002,2.1000,10.7059,0
9.783,1.5021,-0.0000,0.0002,2.1000,10.7059,0
9.800,1.5021,-0.0000,0.0002,2.1000,10.7059,0
9.817,1.5021,-0.0000,0.0002,2.1000,10.7058,0
9.833,1.5021,-0.0000,0.0002,2.1000,10.7058,0
9.850,1.5021,-0.0000,0.0002,2.1000,10.7058,0
9.867,1.5021,-0.0000,0.0002,2.1000,10.7058,0
9.883,1.5021,-0.0000,0.0002,2.1000,10.7058,0
9.900,1.5022,-0.0000,0.0002,2.1000,10.7058,0
9.917,1.5022,-0.0000,0.0002,2.1000,10.7058,0
9.933,1.5022,-0.0000,0.0002,2.1000,10.7058,0
9.950,1.5022,-0.0000,0.0002,2.1000,10.7058,0
9.967,1.5022,-0.0000,0.0002,2.1000,10.7058,0
9.983,1.5022,-0.0000,0.0002,2.1000,10.7058,0
10.000,1.5022,-0.0000,0.0002,2.1000,10.7058,0
10.017,1.5022,-0.0000,0.0002,2.1000,10.7058,0
10.033,1.5022,-0.0000,0.0002,2.1000,10.7058,0
10.050,1.5022,-0.0000,0.0002,2.1000,10.7058,0
10.067,1.5022,-0.0000,0.0002,2.1000,10.7058,0
10.083,1.5022,-0.0000,0.0002,2.1000,10.7058,0
10.100,1.5022,-0.0000,0.0002,2.1000,10.7058,0
10.117,1.5022,-0.0000,0.0002,2.1000,10.7058,0
10.133,1.5022,-0.0000,0.0002,2.1000,10.7058,0
10.150,1.5022,-0.0000,0.0002,2.1000,10.7058,0
10.167,1.5022,-0.0000,0.0002,2.1000,10.7058,0
10.183,1.5022,-0.0000,0.0002,2.1000,10.7058,0
10.200,1.5022,-0.0000,0.0002,2.1000,10.7058,0
10.217,1.5022,-0.0000,0.0002,2.1000,10.7058,0
10.233,1.5022,-0.0000,0.0002,2.1000,10.7058,0
10.250,1.5022,-0.0000,0.0003,2.1000,10.7058,0
10.267,1.5022,-0.0000,0.0002,2.1000,10.7058,0
10.283,1.5022,-0.0000,0.0002,2.1000,10.7057,0
10.300,1.5022,-0.0000,0.0002,2.1000,10.7057,0
10.317,1.5022,-0.0000,0.0002,2.1000,10.7057,0
10.333,1.5022,-0.0000,0.0002,2.1000,10.7057,0
10.350,1.5023,-0.0000,0.0002,2.1000,10.7057,0
10.367,1.5023,-0.0000,0.0002,2.1000,10.7057,0
10.383,1.5023,-0.0000,0.0002,2.1000,10.7057,0
10.400,1.5023,0.0000,0.0002,2.1000,10.7057,0
10.417,1.5023,-0.0000,0.0002,2.1000,10.7057,0
10.433,1.5023,-0.0000,0.0002,2.1000,10.7057,0
10.450,1.5023,-0.0000,0.0002,2.1000,10.7057,0
10.467,1.5023,-0.0000,0.0002,2.1000,10.7057,0
10.483,1.5023,-0.0000,0.0002,2.1000,10.7057,0
10.500,1.5023,-0.0000,0.0002,2.1000,10.7057,0
10.517,1.5023,-0.0000,0.0002,2.1000,10.7057,0
10.533,1.5023,-0.0000,0.0002,2.1000,10.7057,0
10.550,1.5023,-0.0000,0.0002,2.1000,10.7057,0
10.567,1.5023,-0.0000,0.0002,2.1000,10.7057,0
10.583,1.5023,-0.0000,0.0002,2.1000,10.7057,0
10.600,1.5023,-0.0000,0.0002,2.1000,10.7057,0
10.617,1.5023,-0.0000,0.0002,2.1000,10.7057,0
10.633,1.5023,-0.0000,0.0002,2.1000,10.7057,0
10.650,1.5023,-0.0000,0.0002,2.1000,10.7057,0
10.667,1.5023,-0.0000,0.0002,2.1000,10.7057,0
10.683,1.5023,-0.0000,0.0002,2.1000,10.7057,0
10.700,1.5023,-0.0000,0.0002,2.1000,10.7057,0
10.717,1.5023,-0.0000,0.0002,2.1000,10.7057,0
10.733,1.5023,-0.0000,0.0002,2.1000,10.7057,0
10.750,1.5023,-0.0000,0.0002,2.1000,10.7056,0
10.767,1.5023,-0.0000,0.0002,2.1000,10.7056,0
10.783,1.5023,-0.0000,0.0002,2.1000,10.7056,0
10.800,1.5023,-0.0000,0.0002,2.1000,10.7056,0
10.817,1.5024,-0.0000,0.0002,2.1000,10.7056,0
10.833,1.5024,-0.0000,0.0002,2.1000,10.7056,0
10.850,1.5024,-0.0000,0.0002,2.1000,10.7056,0
10.867,1.5024,-0.0000,0.0002,2.1000,10.7056,0
10.883,1.5024,-0.0000,0.0002,2.1000,10.7056,0
10.900,1.5024,-0.0000,0.0002,2.1000,10.7056,0
10.917,1.5024,-0.0000,0.0002,2.1000,10.7056,0
10.933,1.5024,-0.0000,0.0002,2.1000,10.7056,0
10.950,1.5024,-0.0000,0.0002,2.1000,10.7056,0
10.967,1.5024,-0.0000,0.0002,2.1000,10.7056,0
10.983,1.5024,-0.0000,0.0002,2.1000,10.7056,0
11.000,1.5024,-0.0000,0.0002,2.1000,10.7056,0
11.017,1.5024,-0.0000,0.0002,2.1000,10.7056,0
11.033,1.5024,-0.0000,0.0002,2.1000,10.7056,0
11.050,1.5024,-0.0000,0.0002,2.1000,10.7056,0
11.067,1.5024,-0.0000,0.0002,2.1000,10.7056,0
11.083,1.5024,-0.0000,0.0002,2.1000,10.7056,0
11.100,1.5024,-0.0000,0.0002,2.1000,10.7056,0
11.117,1.5024,-0.0000,0.0002,2.1000,10.7056,0
11.133,1.5024,-0.0000,0.0002,2.1000,10.7056,0
11.150,1.5024,-0.0000,0.0002,2.1000,10.7056,0
11.167,1.5024,-0.0000,0.0002,2.1000,10.7056,0
11.183,1.5024,-0.0000,0.0002,2.1000,10.7056,0
11.200,1.5024,-0.0000,0.0002,2.1000,10.7056,0
11.217,1.5024,-0.0000,0.0002,2.1000,10.7055,0
11.233,1.5024,-0.0000,0.0002,2.1000,10.7055,0
11.250,1.5024,-0.0000,0.0002,2.1000,10.7055,0
11.267,1.5025,-0.0000,0.0002,2.1000,10.7055,0
11.283,1.5025,-0.0000,0.0002,2.1000,10.7055,0
11.300,1.5025,-0.0000,0.0002,2.1000,10.7055,0
11.317,1.5025,-0.0000,0.0002,2.1000,10.7055,0
11.333,1.5025,-0.0000,0.0002,2.1000,10.7055,0
11.350,1.5025,-0.0000,0.0002,2.1000,10.7055,0
11.367,1.5025,-0.0000,0.0002,2.1000,10.7055,0
11.383,1.5025,-0.0000,0.0002,2.1000,10.7055,0
11.400,1.5025,-0.0000,0.0002,2.1000,10.7055,0
11.417,1.5025,-0.0000,0.0002,2.1000,10.7055,0
11.433,1.5025,-0.0000,0.0002,2.1000,10.7055,0
11.450,1.5025,-0.0000,0.0002,2.1000,10.7055,0
11.467,1.5025,-0.0000,0.0002,2.1000,10.7055,0
11.483,1.5025,-0.0000,0.0002,2.1000,10.7055,0
11.500,1.5025,-0.0000,0.0002,2.1000,10.7055,0
11.517,1.5025,-0.0000,0.0002,2.1000,10.7055,0
11.533,1.5025,-0.0000,0.0002,2.1000,10.7055,0
11.550,1.5025,-0.0000,0.0002,2.1000,10.7055,0
11.567,1.5025,0.0000,0.0002,2.1000,10.7055,0
11.583,1.5025,-0.0000,0.0002,2.1000,10.7055,0
11.600,1.5025,-0.0000,0.0002,2.1000,10.7055,0
11.617,1.5025,-0.0000,0.0002,2.1000,10.7055,0
11.633,1.5025,-0.0000,0.0002,2.1000,10.7055,0
11.650,1.5025,-0.0000,0.0002,2.1000,10.7055,0
11.667,1.5025,-0.0000,0.0002,2.1000,10.7055,0
11.683,1.5025,-0.0000,0.0002,2.1000,10.7054,0
11.700,1.5025,-0.0000,0.0002,2.1000,10.7054,0
11.717,1.5025,-0.0000,0.0002,2.1000,10.7054,0
11.733,1.5026,-0.0000,0.0002,2.1000,10.7054,0
11.750,1.5026,-0.0000,0.0002,2.1000,10.7054,0
11.767,1.5026,-0.0000,0.0002,2.1000,10.7054,0
11.783,1.5026,-0.0000,0.0002,2.1000,10.7054,0
11.800,1.5026,-0.0000,0.0002,2.1000,10.7054,0
11.817,1.5026,-0.0000,0.0002,2.1000,10.7054,0
11.833,1.5026,-0.0000,0.0002,2.1000,10.7054,0
11.850,1.5026,-0.0000,0.0002,2.1000,10.7054,0
11.867,1.5026,-0.0000,0.0002,2.1000,10.7054,0
11.883,1.5026,-0.0000,0.0002,2.1000,10.7054,0
11.900,1.5026,-0.0000,0.0002,2.1000,10.7054,0
11.917,1.5026,-0.0000,0.0002,2.1000,10.7054,0
11.933,1.5026,-0.0000,0.0002,2.1000,10.7054,0
11.950,1.5026,-0.0000,0.0002,2.1000,10.7054,0
11.967,1.5026,-0.0000,0.0002,2.1000,10.7054,0
11.983,1.5026,-0.0000,0.0002,2.1000,10.7054,0
12.000,1.5026,-0.0000,0.0002,2.1000,10.7054,0
12.017,1.5026,-0.0000,0.0002,2.1000,10.7054,0
12.033,1.5026,-0.0000,0.0002,2.1000,10.7054,0
12.050,1.5026,0.0000,0.0002,2.1000,10.7054,0
12.067,1.5026,-0.0000,0.0002,2.1000,10.7054,0
12.083,1.5026,-0.0000,0.0002,2.1000,10.7054,0
12.100,1.5026,-0.0000,0.0002,2.1000,10.7054,0
12.117,1.5026,-0.0000,0.0002,2.1000,10.7054,0
12.133,1.5026,-0.0000,0.0002,2.1000,10.7054,0
12.150,1.5026,-0.0000,0.0002,2.1000,10.7053,0
12.167,1.5026,-0.0000,0.0002,2.1000,10.7053,0
12.183,1.5027,-0.0000,0.0002,2.1000,10.7053,0
12.200,1.5027,-0.0000,0.0002,2.1000,10.7053,0
12.217,1.5027,-0.0000,0.0002,2.1000,10.7053,0
12.233,1.5027,-0.0000,0.0002,2.1000,10.7053,0
12.250,1.5027,-0.0000,0.0002,2.1000,10.7053,0
12.267,1.5027,-0.0000,0.0002,2.1000,10.7053,0
12.283,1.5027,-0.0000,0.0002,2.1000,10.7053,0
12.300,1.5027,-0.0000,0.0002,2.1000,10.7053,0
12.317,1.5027,-0.0000,0.0002,2.1000,10.7053,0
12.333,1.5027,-0.0000,0.0002,2.1000,10.7053,0
12.350,1.5027,-0.0000,0.0002,2.1000,10.7053,0
12.367,1.5027,-0.0000,0.0002,2.1000,10.7053,0
12.383,1.5027,-0.0000,0.0002,2.1000,10.7053,0
12.400,1.5027,-0.0000,0.0002,2.1000,10.7053,0
12.417,1.5027,-0.0000,0.0002,2.1000,10.7053,0
12.433,1.5027,-0.0000,0.0002,2.1000,10.7053,0
12.450,1.5027,-0.0000,0.0002,2.1000,10.7053,0
12.467,1.5027,-0.0000,0.0002,2.1000,10.7053,0
12.483,1.5027,-0.0000,0.0002,2.1000,10.7053,0
12.500,1.5027,-0.0000,0.0002,2.1000,10.7053,0
12.517,1.5027,-0.0000,0.0002,2.1000,10.7053,0
12.533,1.5027,-0.0000,0.0002,2.1000,10.7053,0
12.550,1.5027,-0.0000,0.0002,2.1000,10.7053,0
12.567,1.5027,-0.0000,0.0002,2.1000,10.7053,0
12.583,1.5027,-0.0000,0.0002,2.1000,10.7053,0
12.600,1.5027,-0.0000,0.0002,2.1000,10.7053,0
12.617,1.5027,-0.0000,0.0002,2.1000,10.7052,0
12.633,1.5027,-0.0000,0.0002,2.1000,10.7052,0
12.650,1.5028,-0.0000,0.0002,2.1000,10.7052,0
12.667,1.5028,-0.0000,0.0002,2.1000,10.7052,0
12.683,1.5028,-0.0000,0.0002,2.1000,10.7052,0
12.700,1.5028,-0.0000,0.0002,2.1000,10.7052,0
12.717,1.5028,-0.0000,0.0002,2.1000,10.7052,0
12.733,1.5028,-0.0000,0.0002,2.1000,10.7052,0
12.750,1.5028,-0.0000,0.0002,2.1000,10.7052,0
12.767,1.5028,-0.0000,0.0002,2.1000,10.7052,0
12.783,1.5028,-0.0000,0.0002,2.1000,10.7052,0
12.800,1.5028,-0.0000,0.0002,2.1000,10.7052,0
12.817,1.5028,-0.0000,0.0002,2.1000,10.7052,0
12.833,1.5028,-0.0000,0.0002,2.1000,10.7052,0
12.850,1.5028,-0.0000,0.0002,2.1000,10.7052,0
12.867,1.5028,-0.0000,0.0002,2.1000,10.7052,0
12.883,1.5028,-0.0000,0.0002,2.1000,10.7052,0
12.900,1.5028,-0.0000,0.0002,2.1000,10.7052,0
12.917,1.5028,-0.0000,0.0002,2.1000,10.7052,0
12.933,1.5028,-0.0000,0.0002,2.1000,10.7052,0
12.950,1.5028,-0.0000,0.0002,2.1000,10.7052,0
12.967,1.5028,-0.0000,0.0002,2.1000,10.7052,0
12.983,1.5028,-0.0000,0.0002,2.1000,10.7052,0
13.000,1.5028,-0.0000,0.0002,2.1000,10.7052,0
13.017,1.5028,-0.0000,0.0002,2.1000,10.7052,0
13.033,1.5028,-0.0000,0.0002,2.1000,10.7052,0
13.050,1.5028,-0.0000,0.0002,2.1000,10.7052,0
13.067,1.5028,-0.0000,0.0002,2.1000,10.7052,0
13.083,1.5028,-0.0000,0.0002,2.1000,10.7052,0
13.100,1.5028,-0.0000,0.0002,2.1000,10.7051,0
13.117,1.5029,0.0000,0.0002,2.1000,10.7051,0
13.133,1.5029,-0.0000,0.0002,2.1000,10.7051,0
13.150,1.5029,-0.0000,0.0002,2.1000,10.7051,0
13.167,1.5029,-0.0000,0.0002,2.1000,10.7051,0
13.183,1.5029,-0.0000,0.0002,2.1000,10.7051,0
13.200,1.5029,-0.0000,0.0002,2.1000,10.7051,0
13.217,1.5029,-0.0000,0.0002,2.1000,10.7051,0
13.233,1.5029,-0.0000,0.0002,2.1000,10.7051,0
13.250,1.5029,-0.0000,0.0002,2.1000,10.7051,0
13.267,1.5029,-0.0000,0.0002,2.1000,10.7051,0
13.283,1.5029,-0.0000,0.0002,2.1000,10.7051,0
13.300,1.5029,-0.0000,0.0002,2.1000,10.7051,0
13.317,1.5029,-0.0000,0.0002,2.1000,10.7051,0
13.333,1.5029,-0.0000,0.0002,2.1000,10.7051,0
13.350,1.5029,-0.0000,0.0003,2.1000,10.7051,0
13.367,1.5029,-0.0000,0.0002,2.1000,10.7051,0
13.383,1.5029,-0.0000,0.0002,2.1000,10.7051,0
13.400,1.5029,-0.0000,0.0002,2.1000,10.7051,0
13.417,1.5029,-0.0000,0.0002,2.1000,10.7051,0
13.433,1.5029,-0.0000,0.0002,2.1000,10.7051,0
13.450,1.5029,-0.0000,0.0002,2.1000,10.7051,0
13.467,1.5029,0.0000,0.0002,2.1000,10.7051,0
13.483,1.5029,-0.0000,0.0002,2.1000,10.7051,0
13.500,1.5029,-0.0000,0.0002,2.1000,10.7051,0
13.517,1.5029,-0.0000,0.0002,2.1000,10.7051,0
13.533,1.5029,-0.0000,0.0002,2.1000,10.7051,0
13.550,1.5029,-0.0000,0.0002,2.1000,10.7051,0
13.567,1.5030,-0.0000,0.0002,2.1000,10.7050,0
13.583,1.5030,-0.0000,0.0002,2.1000,10.7050,0
13.600,1.5030,-0.0000,0.0002,2.1000,10.7050,0
13.617,1.5030,-0.0000,0.0002,2.1000,10.7050,0
13.633,1.5030,-0.0000,0.0002,2.1000,10.7050,0
13.650,1.5030,-0.0000,0.0002,2.1000,10.7050,0
13.667,1.5030,-0.0000,0.0002,2.1000,10.7050,0
13.683,1.5030,-0.0000,0.0002,2.1000,10.7050,0
13.700,1.5030,-0.0000,0.0002,2.1000,10.7050,0
13.717,1.5030,-0.0000,0.0002,2.1000,10.7050,0
13.733,1.5030,-0.0000,0.0002,2.1000,10.7050,0
13.750,1.5030,-0.0000,0.0002,2.1000,10.7050,0
13.767,1.5030,-0.0000,0.0002,2.1000,10.7050,0
13.783,1.5030,-0.0000,0.0002,2.1000,10.7050,0
13.800,1.5030,-0.0000,0.0002,2.1000,10.7050,0
13.817,1.5030,-0.0000,0.0002,2.1000,10.7050,0
13.833,1.5030,-0.0000,0.0002,2.1000,10.7050,0
13.850,1.5030,-0.0000,0.0002,2.1000,10.7050,0
13.867,1.5030,-0.0000,0.0002,2.1000,10.7050,0
13.883,1.5030,-0.0000,0.0002,2.1000,10.7050,0
13.900,1.5030,-0.0000,0.0002,2.1000,10.7050,0
13.917,1.5030,-0.0000,0.0002,2.1000,10.7050,0
13.933,1.5030,-0.0000,0.0002,2.1000,10.7050,0
13.950,1.5030,-0.0000,0.0002,2.1000,10.7050,0
13.967,1.5030,-0.0000,0.0002,2.1000,10.7050,0
13.983,1.5030,-0.0000,0.0002,2.1000,10.7050,0
14.000,1.5030,-0.0000,0.0002,2.1000,10.7050,0
14.017,1.5030,-0.0000,0.0002,2.1000,10.7050,0
14.033,1.5031,-0.0000,0.0002,2.1000,10.7049,0
14.050,1.5031,-0.0000,0.0002,2.1000,10.7049,0
14.067,1.5031,-0.0000,0.0002,2.1000,10.7049,0
14.083,1.5031,-0.0000,0.0002,2.1000,10.7049,0
14.100,1.5031,-0.0000,0.0002,2.1000,10.7049,0
14.117,1.5031,-0.0000,0.0002,2.1000,10.7049,0
14.133,1.5031,-0.0000,0.0002,2.1000,10.7049,0
14.150,1.5031,-0.0000,0.0002,2.1000,10.7049,0
14.167,1.5031,-0.0000,0.0002,2.1000,10.7049,0
14.183,1.5031,-0.0000,0.0002,2.1000,10.7049,0
14.200,1.5031,-0.0000,0.0002,2.1000,10.7049,0
14.217,1.5031,-0.0000,0.0002,2.1000,10.7049,0
14.233,1.5031,-0.0000,0.0002,2.1000,10.7049,0
14.250,1.5031,-0.0000,0.0002,2.1000,10.7049,0
14.267,1.5031,-0.0000,0.0002,2.1000,10.7049,0
14.283,1.5031,-0.0000,0.0002,2.1000,10.7049,0
14.300,1.5031,-0.0000,0.0002,2.1000,10.7049,0
14.317,1.5031,-0.0000,0.0002,2.1000,10.7049,0
14.333,1.5031,-0.0000,0.0002,2.1000,10.7049,0
14.350,1.5031,-0.0000,0.0002,2.1000,10.7049,0
14.367,1.5031,-0.0000,0.0002,2.1000,10.7049,0
14.383,1.5031,-0.0000,0.0002,2.1000,10.7049,0
14.400,1.5031,-0.0000,0.0002,2.1000,10.7049,0
14.417,1.5031,-0.0000,0.0002,2.1000,10.7049,0
14.433,1.5031,-0.0000,0.0002,2.1000,10.7049,0
14.450,1.5031,-0.0000,0.0002,2.1000,10.7049,0
14.467,1.5031,-0.0000,0.0002,2.1000,10.7049,0
14.483,1.5031,-0.0000,0.0002,2.1000,10.7049,0
14.500,1.5032,-0.0000,0.0002,2.1000,10.7048,0
14.517,1.5032,-0.0000,0.0002,2.1000,10.7048,0
14.533,1.5032,-0.0000,0.0003,2.1000,10.7048,0
14.550,1.5032,-0.0000,0.0002,2.1000,10.7048,0
14.567,1.5032,-0.0000,0.0002,2.1000,10.7048,0
14.583,1.5032,-0.0000,0.0002,2.1000,10.7048,0
14.600,1.5032,-0.0000,0.0002,2.1000,10.7048,0
14.617,1.5032,-0.0000,0.0002,2.1000,10.7048,0
14.633,1.5032,-0.0000,0.0002,2.1000,10.7048,0
14.650,1.5032,-0.0000,0.0002,2.1000,10.7048,0
14.667,1.5032,-0.0000,0.0002,2.1000,10.7048,0
14.683,1.5032,-0.0000,0.0002,2.1000,10.7048,0
14.700,1.5032,-0.0000,0.0002,2.1000,10.7048,0
14.717,1.5032,-0.0000,0.0002,2.1000,10.7048,0
14.733,1.5032,-0.0000,0.0002,2.1000,10.7048,0
14.750,1.5032,-0.0000,0.0002,2.1000,10.7048,0
14.767,1.5032,-0.0000,0.0002,2.1000,10.7048,0
14.783,1.5032,-0.0000,0.0002,2.1000,10.7048,0
14.800,1.5032,-0.0000,0.0002,2.1000,10.7048,0
14.817,1.5032,-0.0000,0.0002,2.1000,10.7048,0
14.833,1.5032,-0.0000,0.0002,2.1000,10.7048,0
14.850,1.5032,-0.0000,0.0002,2.1000,10.7048,0
14.867,1.5032,-0.0000,0.0002,2.1000,10.7048,0
14.883,1.5032,-0.0000,0.0002,2.1000,10.7048,0
14.900,1.5032,-0.0000,0.0002,2.1000,10.7048,0
14.917,1.5032,-0.0000,0.0002,2.1000,10.7048,0
14.933,1.5032,-0.0000,0.0002,2.1000,10.7048,0
14.950,1.5033,-0.0000,0.0002,2.1000,10.7048,0
14.967,1.5033,-0.0000,0.0002,2.1000,10.7047,0
14.983,1.5033,-0.0000,0.0002,2.1000,10.7047,0
15.000,1.5033,-0.0000,0.0002,2.1000,10.7047,0
15.017,1.5033,-0.0000,0.0002,2.1000,10.7047,0
15.033,1.5033,-0.0000,0.0002,2.1000,10.7047,0
15.050,1.5033,-0.0000,0.0002,2.1000,10.7047,0
15.067,1.5033,-0.0000,0.0002,2.1000,10.7047,0
15.083,1.5033,-0.0000,0.0002,2.1000,10.7047,0
15.100,1.5033,-0.0000,0.0002,2.1000,10.7047,0
15.117,1.5033,-0.0000,0.0002,2.1000,10.7047,0
15.133,1.5033,-0.0000,0.0002,2.1000,10.7047,0
15.150,1.5033,-0.0000,0.0002,2.1000,10.7047,0
15.167,1.5033,-0.0000,0.0002,2.1000,10.7047,0
15.183,1.5033,-0.0000,0.0002,2.1000,10.7047,0
15.200,1.5033,-0.0000,0.0002,2.1000,10.7047,0
15.217,1.5033,-0.0000,0.0002,2.1000,10.7047,0
15.233,1.5033,-0.0000,0.0002,2.1000,10.7047,0
15.250,1.5033,-0.0000,0.0002,2.1000,10.7047,0
15.267,1.5033,-0.0000,0.0002,2.1000,10.7047,0
15.283,1.5033,-0.0000,0.0002,2.1000,10.7047,0
15.300,1.5033,-0.0000,0.0002,2.1000,10.7047,0
15.317,1.5033,-0.0000,0.0002,2.1000,10.7047,0
15.333,1.5033,-0.0000,0.0002,2.1000,10.7047,0
15.350,1.5033,-0.0000,0.0002,2.1000,10.7047,0
15.367,1.5033,-0.0000,0.0002,2.1000,10.7047,0
15.383,1.5033,-0.0000,0.0002,2.1000,10.7047,0
15.400,1.5033,-0.0000,0.0002,2.1000,10.7047,0
15.417,1.5034,-0.0000,0.0002,2.1000,10.7047,0
15.433,1.5034,-0.0000,0.0002,2.1000,10.7047,0
15.450,1.5034,-0.0000,0.0002,2.1000,10.7046,0
15.467,1.5034,-0.0000,0.0002,2.1000,10.7046,0
15.483,1.5034,-0.0000,0.0002,2.1000,10.7046,0
15.500,1.5034,-0.0000,0.0002,2.1000,10.7046,0
15.517,1.5034,-0.0000,0.0002,2.1000,10.7046,0
15.533,1.5034,-0.0000,0.0002,2.1000,10.7046,0
15.550,1.5034,-0.0000,0.0002,2.1000,10.7046,0
15.567,1.5034,-0.0000,0.0002,2.1000,10.7046,0
15.583,1.5034,-0.0000,0.0002,2.1000,10.7046,0
15.600,1.5034,-0.0000,0.0002,2.1000,10.7046,0
15.617,1.5034,-0.0000,0.0002,2.1000,10.7046,0
15.633,1.5034,-0.0000,0.0002,2.1000,10.7046,0
15.650,1.5034,-0.0000,0.0002,2.1000,10.7046,0
15.667,1.5034,-0.0000,0.0002,2.1000,10.7046,0
15.683,1.5034,-0.0000,0.0002,2.1000,10.7046,0
15.700,1.5034,-0.0000,0.0002,2.1000,10.7046,0
15.717,1.5034,-0.0000,0.0002,2.1000,10.7046,0
15.733,1.5034,-0.0000,0.0002,2.1000,10.7046,0
15.750,1.5034,-0.0000,0.0002,2.1000,10.7046,0
15.767,1.5034,-0.0000,0.0002,2.1000,10.7046,0
15.783,1.5034,-0.0000,0.0002,2.1000,10.7046,0
15.800,1.5034,-0.0000,0.0002,2.1000,10.7046,0
15.817,1.5034,-0.0000,0.0002,2.1000,10.7046,0
15.833,1.5034,-0.0000,0.0002,2.1000,10.7046,0
15.850,1.5034,-0.0000,0.0002,2.1000,10.7046,0
15.867,1.5034,-0.0000,0.0002,2.1000,10.7046,0
15.883,1.5035,-0.0000,0.0002,2.1000,10.7046,0
15.900,1.5035,-0.0000,0.0002,2.1000,10.7046,0
15.917,1.5035,-0.0000,0.0002,2.1000,10.7045,0
15.933,1.5035,-0.0000,0.0002,2.1000,10.7045,0
15.950,1.5035,-0.0000,0.0002,2.1000,10.7045,0
15.967,1.5035,-0.0000,0.0002,2.1000,10.7045,0
15.983,1.5035,-0.0000,0.0002,2.1000,10.7045,0
16.000,1.5035,-0.0000,0.0002,2.1000,10.7045,0
16.017,1.5035,-0.0000,0.0002,2.1000,10.7045,0
16.033,1.5035,-0.0000,0.0002,2.1000,10.7045,0
16.050,1.5035,-0.0000,0.0002,2.1000,10.7045,0
16.067,1.5035,-0.0000,0.0002,2.1000,10.7045,0
16.083,1.5035,-0.0000,0.0002,2.1000,10.7045,0
16.100,1.5035,-0.0000,0.0002,2.1000,10.7045,0
16.117,1.5035,-0.0000,0.0002,2.1000,10.7045,0
16.133,1.5035,-0.0000,0.0002,2.1000,10.7045,0
16.150,1.5035,-0.0000,0.0002,2.1000,10.7045,0
16.167,1.5035,-0.0000,0.0002,2.1000,10.7045,0
16.183,1.5035,-0.0000,0.0002,2.1000,10.7045,0
16.200,1.5035,-0.0000,0.0002,2.1000,10.7045,0
16.217,1.5035,-0.0000,0.0002,2.1000,10.7045,0
16.233,1.5035,-0.0000,0.0002,2.1000,10.7045,0
16.250,1.5035,-0.0000,0.0002,2.1000,10.7045,0
16.267,1.5035,-0.0000,0.0002,2.1000,10.7045,0
16.283,1.5035,-0.0000,0.0002,2.1000,10.7045,0
16.300,1.5035,-0.0000,0.0002,2.1000,10.7045,0
16.317,1.5035,-0.0000,0.0002,2.1000,10.7045,0
16.333,1.5036,-0.0000,0.0002,2.1000,10.7045,0
16.350,1.5036,-0.0000,0.0002,2.1000,10.7045,0
16.367,1.5036,-0.0000,0.0002,2.1000,10.7045,0
16.383,1.5036,-0.0000,0.0002,2.1000,10.7044,0
16.400,1.5036,-0.0000,0.0002,2.1000,10.7044,0
16.417,1.5036,-0.0000,0.0002,2.1000,10.7044,0
16.433,1.5036,-0.0000,0.0002,2.1000,10.7044,0
16.450,1.5036,-0.0000,0.0002,2.1000,10.7044,0
16.467,1.5036,-0.0000,0.0002,2.1000,10.7044,0
16.483,1.5036,-0.0000,0.0002,2.1000,10.7044,0
16.500,1.5036,-0.0000,0.0002,2.1000,10.7044,0
16.517,1.5036,-0.0000,0.0002,2.1000,10.7044,0
16.533,1.5036,-0.0000,0.0002,2.1000,10.7044,0
16.550,1.5036,-0.0000,0.0002,2.1000,10.7044,0
16.567,1.5036,-0.0000,0.0002,2.1000,10.7044,0
16.583,1.5036,-0.0000,0.0002,2.1000,10.7044,0
16.600,1.5036,-0.0000,0.0002,2.1000,10.7044,0
16.617,1.5036,-0.0000,0.0002,2.1000,10.7044,0
16.633,1.5036,-0.0000,0.0002,2.1000,10.7044,0
16.650,1.5036,-0.0000,0.0002,2.1000,10.7044,0
16.667,1.5036,-0.0000,0.0002,2.1000,10.7044,0
16.683,1.5036,-0.0000,0.0002,2.1000,10.7044,0
16.700,1.5036,-0.0000,0.0002,2.1000,10.7044,0
16.717,1.5036,-0.0000,0.0002,2.1000,10.7044,0
16.733,1.5036,-0.0000,0.0002,2.1000,10.7044,0
16.750,1.5036,-0.0000,0.0002,2.1000,10.7044,0
16.767,1.5036,-0.0000,0.0002,2.1000,10.7044,0
16.783,1.5036,-0.0000,0.0002,2.1000,10.7044,0
16.800,1.5037,-0.0000,0.0002,2.1000,10.7044,0
16.817,1.5037,-0.0000,0.0002,2.1000,10.7044,0
16.833,1.5037,-0.0000,0.0002,2.1000,10.7044,0
16.850,1.5037,-0.0000,0.0002,2.1000,10.7044,0
16.867,1.5037,-0.0000,0.0002,2.1000,10.7043,0
16.883,1.5037,-0.0000,0.0002,2.1000,10.7043,0
16.900,1.5037,-0.0000,0.0002,2.1000,10.7043,0
16.917,1.5037,-0.0000,0.0002,2.1000,10.7043,0
16.933,1.5037,-0.0000,0.0002,2.1000,10.7043,0
16.950,1.5037,-0.0000,0.0002,2.1000,10.7043,0
16.967,1.5037,-0.0000,0.0002,2.1000,10.7043,0
16.983,1.5037,-0.0000,0.0002,2.1000,10.7043,0
17.000,1.5037,-0.0000,0.0002,2.1000,10.7043,0
17.017,1.5037,-0.0000,0.0002,2.1000,10.7043,0
17.033,1.5037,-0.0000,0.0002,2.1000,10.7043,0
17.050,1.5037,-0.0000,0.0002,2.1000,10.7043,0
17.067,1.5037,-0.0000,0.0002,2.1000,10.7043,0
17.083,1.5037,-0.0000,0.0002,2.1000,10.7043,0
17.100,1.5037,-0.0000,0.0002,2.1000,10.7043,0
17.117,1.5037,-0.0000,0.0002,2.1000,10.7043,0
17.133,1.5037,-0.0000,0.0002,2.1000,10.7043,0
17.150,1.5037,-0.0000,0.0002,2.1000,10.7043,0
17.167,1.5037,-0.0000,0.0002,2.1000,10.7043,0
17.183,1.5037,-0.0000,0.0002,2.1000,10.7043,0
17.200,1.5037,-0.0000,0.0002,2.1000,10.7043,0
17.217,1.5037,-0.0000,0.0002,2.1000,10.7043,0
17.233,1.5037,-0.0000,0.0002,2.1000,10.7043,0
17.250,1.5037,-0.0000,0.0002,2.1000,10.7043,0
17.267,1.5038,-0.0000,0.0002,2.1000,10.7043,0
17.283,1.5038,-0.0000,0.0002,2.1000,10.7043,0
17.300,1.5038,-0.0000,0.0002,2.1000,10.7043,0
17.317,1.5038,-0.0000,0.0002,2.1000,10.7043,0
17.333,1.5038,-0.0000,0.0002,2.1000,10.7042,0
17.350,1.5038,-0.0000,0.0002,2.1000,10.7042,0
17.367,1.5038,-0.0000,0.0002,2.1000,10.7042,0
17.383,1.5038,-0.0000,0.0002,2.1000,10.7042,0
17.400,1.5038,-0.0000,0.0002,2.1000,10.7042,0
17.417,1.5038,-0.0000,0.0002,2.1000,10.7042,0
17.433,1.5038,-0.0000,0.0002,2.1000,10.7042,0
17.450,1.5038,-0.0000,0.0002,2.1000,10.7042,0
17.467,1.5038,-0.0000,0.0002,2.1000,10.7042,0
17.483,1.5038,-0.0000,0.0002,2.1000,10.7042,0
17.500,1.5038,-0.0000,0.0002,2.1000,10.7042,0
17.517,1.5038,-0.0000,0.0002,2.1000,10.7042,0
17.533,1.5038,-0.0000,0.0002,2.1000,10.7042,0
17.550,1.5038,-0.0000,0.0002,2.1000,10.7042,0
17.567,1.5038,-0.0000,0.0002,2.1000,10.7042,0
17.583,1.5038,-0.0000,0.0002,2.1000,10.7042,0
17.600,1.5038,-0.0000,0.0002,2.1000,10.7042,0
17.617,1.5038,-0.0000,0.0002,2.1000,10.7042,0
17.633,1.5038,-0.0000,0.0002,2.1000,10.7042,0
17.650,1.5038,-0.0000,0.0002,2.1000,10.7042,0
17.667,1.5038,-0.0000,0.0002,2.1000,10.7042,0
17.683,1.5038,-0.0000,0.0002,2.1000,10.7042,0
17.700,1.5038,-0.0000,0.0002,2.1000,10.7042,0
17.717,1.5038,-0.0000,0.0002,2.1000,10.7042,0
17.733,1.5039,-0.0000,0.0002,2.1000,10.7042,0
17.750,1.5039,-0.0000,0.0002,2.1000,10.7042,0
17.767,1.5039,-0.0000,0.0002,2.1000,10.7042,0
17.783,1.5039,-0.0000,0.0002,2.1000,10.7042,0
17.800,1.5039,-0.0000,0.0002,2.1000,10.7041,0
17.817,1.5039,-0.0000,0.0002,2.1000,10.7041,0
17.833,1.5039,-0.0000,0.0002,2.1000,10.7041,0
17.850,1.5039,-0.0000,0.0002,2.1000,10.7041,0
17.867,1.5039,-0.0000,0.0002,2.1000,10.7041,0
17.883,1.5039,-0.0000,0.0002,2.1000,10.7041,0
17.900,1.5039,-0.0000,0.0002,2.1000,10.7041,0
17.917,1.5039,-0.0000,0.0002,2.1000,10.7041,0
17.933,1.5039,-0.0000,0.0002,2.1000,10.7041,0
17.950,1.5039,-0.0000,0.0002,2.1000,10.7041,0
17.967,1.5039,-0.0000,0.0002,2.1000,10.7041,0
17.983,1.5039,-0.0000,0.0002,2.1000,10.7041,0
18.000,1.5039,-0.0000,0.0002,2.1000,10.7041,0
18.017,1.5039,-0.0000,0.0002,2.1000,10.7041,0
18.033,1.5039,-0.0000,0.0002,2.1000,10.7041,0
18.050,1.5039,-0.0000,0.0002,2.1000,10.7041,0
18.067,1.5039,-0.0000,0.0002,2.1000,10.7041,0
18.083,1.5039,-0.0000,0.0002,2.1000,10.7041,0
18.100,1.5039,-0.0000,0.0002,2.1000,10.7041,0
18.117,1.5039,-0.0000,0.0002,2.1000,10.7041,0
18.133,1.5039,-0.0000,0.0002,2.1000,10.7041,0
18.150,1.5039,-0.0000,0.0002,2.1000,10.7041,0
18.167,1.5039,-0.0000,0.0002,2.1000,10.7041,0
18.183,1.5040,-0.0000,0.0002,2.1000,10.7041,0
18.200,1.5040,-0.0000,0.0002,2.1000,10.7041,0
18.217,1.5040,-0.0000,0.0002,2.1000,10.7041,0
18.233,1.5040,-0.0000,0.0002,2.1000,10.7041,0
18.250,1.5040,-0.0000,0.0002,2.1000,10.7041,0
18.267,1.5040,-0.0000,0.0002,2.1000,10.7040,0
18.283,1.5040,-0.0000,0.0002,2.1000,10.7040,0
18.300,1.5040,-0.0000,0.0002,2.1000,10.7040,0
18.317,1.5040,-0.0000,0.0002,2.1000,10.7040,0
18.333,1.5040,-0.0000,0.0002,2.1000,10.7040,0
18.350,1.5040,-0.0000,0.0002,2.1000,10.7040,0
18.367,1.5040,-0.0000,0.0002,2.1000,10.7040,0
18.383,1.5040,-0.0000,0.0002,2.1000,10.7040,0
18.400,1.5040,-0.0000,0.0002,2.1000,10.7040,0
18.417,1.5040,-0.0000,0.0002,2.1000,10.7040,0
18.433,1.5040,-0.0000,0.0002,2.1000,10.7040,0
18.450,1.5040,-0.0000,0.0002,2.1000,10.7040,0
18.467,1.5040,-0.0000,0.0002,2.1000,10.7040,0
18.483,1.5040,-0.0000,0.0002,2.1000,10.7040,0
18.500,1.5040,-0.0000,0.0002,2.1000,10.7040,0
18.517,1.5040,-0.0000,0.0002,2.1000,10.7040,0
18.533,1.5040,-0.0000,0.0002,2.1000,10.7040,0
18.550,1.5040,-0.0000,0.0002,2.1000,10.7040,0
18.567,1.5040,-0.0000,0.0002,2.1000,10.7040,0
18.583,1.5040,-0.0000,0.0002,2.1000,10.7040,0
18.600,1.5040,-0.0000,0.0002,2.1000,10.7040,0
18.617,1.5040,-0.0000,0.0002,2.1000,10.7040,0
18.633,1.5040,-0.0000,0.0002,2.1000,10.7040,0
18.650,1.5041,-0.0000,0.0002,2.1000,10.7040,0
18.667,1.5041,-0.0000,0.0002,2.1000,10.7040,0
18.683,1.5041,-0.0000,0.0002,2.1000,10.7040,0
18.700,1.5041,-0.0000,0.0002,2.1000,10.7040,0
18.717,1.5041,-0.0000,0.0002,2.1000,10.7040,0
18.733,1.5041,-0.0000,0.0002,2.1000,10.7039,0
18.750,1.5041,-0.0000,0.0002,2.1000,10.7039,0
18.767,1.5041,-0.0000,0.0002,2.1000,10.7039,0
18.783,1.5041,-0.0000,0.0002,2.1000,10.7039,0
18.800,1.5041,-0.0000,0.0002,2.1000,10.7039,0
18.817,1.5041,-0.0000,0.0002,2.1000,10.7039,0
18.833,1.5041,-0.0000,0.0002,2.1000,10.7039,0
18.850,1.5041,-0.0000,0.0002,2.1000,10.7039,0
18.867,1.5041,-0.0000,0.0002,2.1000,10.7039,0
18.883,1.5041,-0.0000,0.0002,2.1000,10.7039,0
18.900,1.5041,-0.0000,0.0002,2.1000,10.7039,0
18.917,1.5041,-0.0000,0.0002,2.1000,10.7039,0
18.933,1.5041,-0.0000,0.0002,2.1000,10.7039,0
18.950,1.5041,-0.0000,0.0002,2.1000,10.7039,0
18.967,1.5041,-0.0000,0.0002,2.1000,10.7039,0
18.983,1.5041,-0.0000,0.0002,2.1000,10.7039,0
19.000,1.5041,-0.0000,0.0002,2.1000,10.7039,0
19.017,1.5041,-0.0000,0.0002,2.1000,10.7039,0
19.033,1.5041,-0.0000,0.0002,2.1000,10.7039,0
19.050,1.5041,-0.0000,0.0002,2.1000,10.7039,0
19.067,1.5041,-0.0000,0.0002,2.1000,10.7039,0
19.083,1.5041,-0.0000,0.0002,2.1000,10.7039,0
19.100,1.5041,-0.0000,0.0002,2.1000,10.7039,0
19.117,1.5042,-0.0000,0.0002,2.1000,10.7039,0
19.133,1.5042,-0.0000,0.0002,2.1000,10.7039,0
19.150,1.5042,-0.0000,0.0002,2.1000,10.7039,0
19.167,1.5042,-0.0000,0.0002,2.1000,10.7039,0
19.183,1.5042,-0.0000,0.0002,2.1000,10.7039,0
19.200,1.5042,-0.0000,0.0002,2.1000,10.7039,0
19.217,1.5042,-0.0000,0.0002,2.1000,10.7038,0
19.233,1.5042,-0.0000,0.0002,2.1000,10.7038,0
19.250,1.5042,-0.0000,0.0002,2.1000,10.7038,0
19.267,1.5042,-0.0000,0.0002,2.1000,10.7038,0
19.283,1.5042,-0.0000,0.0002,2.1000,10.7038,0
19.300,1.5042,-0.0000,0.0002,2.1000,10.7038,0
19.317,1.5042,-0.0000,0.0002,2.1000,10.7038,0
19.333,1.5042,-0.0000,0.0002,2.1000,10.7038,0
19.350,1.5042,-0.0000,0.0002,2.1000,10.7038,0
19.367,1.5042,-0.0000,0.0002,2.1000,10.7038,0
19.383,1.5042,-0.0000,0.0003,2.1000,10.7038,0
19.400,1.5042,-0.0000,0.0002,2.1000,10.7038,0
19.417,1.5042,-0.0000,0.0002,2.1000,10.7038,0
19.433,1.5042,-0.0000,0.0002,2.1000,10.7038,0
19.450,1.5042,-0.0000,0.0002,2.1000,10.7038,0
19.467,1.5042,-0.0000,0.0002,2.1000,10.7038,0
19.483,1.5042,-0.0000,0.0002,2.1000,10.7038,0
19.500,1.5042,-0.0000,0.0002,2.1000,10.7038,0
19.517,1.5042,-0.0000,0.0002,2.1000,10.7038,0
19.533,1.5042,-0.0000,0.0002,2.1000,10.7038,0
19.550,1.5042,-0.0000,0.0002,2.1000,10.7038,0
19.567,1.5043,-0.0000,0.0002,2.1000,10.7038,0
19.583,1.5043,-0.0000,0.0002,2.1000,10.7038,0
19.600,1.5043,-0.0000,0.0002,2.1000,10.7038,0
19.617,1.5043,-0.0000,0.0002,2.1000,10.7038,0
19.633,1.5043,-0.0000,0.0002,2.1000,10.7038,0
19.650,1.5043,-0.0000,0.0002,2.1000,10.7038,0
19.667,1.5043,-0.0000,0.0002,2.1000,10.7038,0
19.683,1.5043,-0.0000,0.0002,2.1000,10.7037,0
19.700,1.5043,-0.0000,0.0002,2.1000,10.7037,0
19.717,1.5043,-0.0000,0.0002,2.1000,10.7037,0
19.733,1.5043,-0.0000,0.0002,2.1000,10.7037,0
19.750,1.5043,-0.0000,0.0002,2.1000,10.7037,0
19.767,1.5043,-0.0000,0.0002,2.1000,10.7037,0
19.783,1.5043,-0.0000,0.0002,2.1000,10.7037,0
19.800,1.5043,-0.0000,0.0002,2.1000,10.7037,0
19.817,1.5043,-0.0000,0.0002,2.1000,10.7037,0
19.833,1.5043,-0.0000,0.0002,2.1000,10.7037,0
19.850,1.5043,-0.0000,0.0002,2.1000,10.7037,0
19.867,1.5043,-0.0000,0.0002,2.1000,10.7037,0
19.883,1.5043,-0.0000,0.0002,2.1000,10.7037,0
19.900,1.5043,-0.0000,0.0002,2.1000,10.7037,0
19.917,1.5043,-0.0000,0.0002,2.1000,10.7037,0
19.933,1.5043,-0.0000,0.0002,2.1000,10.7037,0
19.950,1.5043,-0.0000,0.0002,2.1000,10.7037,0
19.967,1.5043,-0.0000,0.0002,2.1000,10.7037,0
19.983,1.5043,-0.0000,0.0002,2.1000,10.7037,0
20.000,1.5043,-0.0000,0.0002,2.1000,10.7037,0
20.017,1.5043,-0.0000,0.0002,2.1000,10.7037,0
20.033,1.5044,-0.0000,0.0002,2.1000,10.7037,0
20.050,1.5044,-0.0000,0.0002,2.1000,10.7037,0
20.067,1.5044,-0.0000,0.0002,2.1000,10.7037,0
20.083,1.5044,-0.0000,0.0002,2.1000,10.7037,0
20.100,1.5044,-0.0000,0.0002,2.1000,10.7037,0
20.117,1.5044,-0.0000,0.0002,2.1000,10.7037,0
20.133,1.5044,-0.0000,0.0002,2.1000,10.7037,0
20.150,1.5044,-0.0000,0.0002,2.1000,10.7036,0
20.167,1.5044,-0.0000,0.0002,2.1000,10.7036,0
20.183,1.5044,-0.0000,0.0002,2.1000,10.7036,0
20.200,1.5044,-0.0000,0.0002,2.1000,10.7036,0
20.217,1.5044,-0.0000,0.0002,2.1000,10.7036,0
20.233,1.5044,-0.0000,0.0002,2.1000,10.7036,0
20.250,1.5044,-0.0000,0.0002,2.1000,10.7036,0
20.267,1.5044,-0.0000,0.0002,2.1000,10.7036,0
20.283,1.5044,-0.0000,0.0002,2.1000,10.7036,0
20.300,1.5044,-0.0000,0.0003,2.1000,10.7036,0
20.317,1.5044,-0.0000,0.0002,2.1000,10.7036,0
20.333,1.5044,-0.0000,0.0002,2.1000,10.7036,0
20.350,1.5044,-0.0000,0.0002,2.1000,10.7036,0
20.367,1.5044,-0.0000,0.0002,2.1000,10.7036,0
20.383,1.5044,-0.0000,0.0002,2.1000,10.7036,0
20.400,1.5044,-0.0000,0.0002,2.1000,10.7036,0
20.417,1.5044,-0.0000,0.0002,2.1000,10.7036,0
20.433,1.5044,-0.0000,0.0002,2.1000,10.7036,0
20.450,1.5044,-0.0000,0.0002,2.1000,10.7036,0
20.467,1.5044,-0.0000,0.0002,2.1000,10.7036,0
20.483,1.5044,-0.0000,0.0002,2.1000,10.7036,0
20.500,1.5045,-0.0000,0.0002,2.1000,10.7036,0
20.517,1.5045,-0.0000,0.0002,2.1000,10.7036,0
20.533,1.5045,-0.0000,0.0002,2.1000,10.7036,0
20.550,1.5045,-0.0000,0.0002,2.1000,10.7036,0
20.567,1.5045,-0.0000,0.0002,2.1000,10.7036,0
20.583,1.5045,-0.0000,0.0002,2.1000,10.7036,0
20.600,1.5045,-0.0000,0.0002,2.1000,10.7036,0
20.617,1.5045,-0.0000,0.0002,2.1000,10.7035,0
20.633,1.5045,-0.0000,0.0002,2.1000,10.7035,0
20.650,1.5045,-0.0000,0.0002,2.1000,10.7035,0
20.667,1.5045,-0.0000,0.0002,2.1000,10.7035,0
20.683,1.5045,-0.0000,0.0002,2.1000,10.7035,0
20.700,1.5045,-0.0000,0.0002,2.1000,10.7035,0
20.717,1.5045,-0.0000,0.0002,2.1000,10.7035,0
20.733,1.5045,-0.0000,0.0002,2.1000,10.7035,0
20.750,1.5045,-0.0000,0.0002,2.1000,10.7035,0
20.767,1.5045,-0.0000,0.0002,2.1000,10.7035,0
20.783,1.5045,-0.0000,0.0002,2.1000,10.7035,0
20.800,1.5045,-0.0000,0.0002,2.1000,10.7035,0
20.817,1.5045,-0.0000,0.0002,2.1000,10.7035,0
20.833,1.5045,-0.0000,0.0002,2.1000,10.7035,0
20.850,1.5045,-0.0000,0.0002,2.1000,10.7035,0
20.867,1.5045,-0.0000,0.0002,2.1000,10.7035,0
20.883,1.5045,-0.0000,0.0002,2.1000,10.7035,0
20.900,1.5045,-0.0000,0.0002,2.1000,10.7035,0
20.917,1.5045,-0.0000,0.0002,2.1000,10.7035,0
20.933,1.5045,-0.0000,0.0002,2.1000,10.7035,0
20.950,1.5046,-0.0000,0.0002,2.1000,10.7035,0
20.967,1.5046,-0.0000,0.0002,2.1000,10.7035,0
20.983,1.5046,-0.0000,0.0002,2.1000,10.7035,0
21.000,1.5046,-0.0000,0.0002,2.1000,10.7035,0
21.017,1.5046,-0.0000,0.0002,2.1000,10.7035,0
21.033,1.5046,-0.0000,0.0002,2.1000,10.7035,0
21.050,1.5046,-0.0000,0.0002,2.1000,10.7035,0
21.067,1.5046,-0.0000,0.0002,2.1000,10.7035,0
21.083,1.5046,-0.0000,0.0002,2.1000,10.7035,0
21.100,1.5046,-0.0000,0.0002,2.1000,10.7034,0
21.117,1.5046,-0.0000,0.0002,2.1000,10.7034,0
21.133,1.5046,-0.0000,0.0002,2.1000,10.7034,0
21.150,1.5046,-0.0000,0.0002,2.1000,10.7034,0
21.167,1.5046,-0.0000,0.0002,2.1000,10.7034,0
21.183,1.5046,-0.0000,0.0002,2.1000,10.7034,0
21.200,1.5046,-0.0000,0.0002,2.1000,10.7034,0
21.217,1.5046,-0.0000,0.0002,2.1000,10.7034,0
21.233,1.5046,-0.0000,0.0002,2.1000,10.7034,0
21.250,1.5046,-0.0000,0.0002,2.1000,10.7034,0
21.267,1.5046,-0.0000,0.0002,2.1000,10.7034,0
21.283,1.5046,-0.0000,0.0002,2.1000,10.7034,0
21.300,1.5046,-0.0000,0.0002,2.1000,10.7034,0
21.317,1.5046,-0.0000,0.0002,2.1000,10.7034,0
21.333,1.5046,-0.0000,0.0002,2.1000,10.7034,0
21.350,1.5046,-0.0000,0.0002,2.1000,10.7034,0
21.367,1.5046,-0.0000,0.0002,2.1000,10.7034,0
21.383,1.5046,-0.0000,0.0002,2.1000,10.7034,0
21.400,1.5046,-0.0000,0.0002,2.1000,10.7034,0
21.417,1.5047,-0.0000,0.0002,2.1000,10.7034,0
21.433,1.5047,-0.0000,0.0002,2.1000,10.7034,0
21.450,1.5047,-0.0000,0.0002,2.1000,10.7034,0
21.467,1.5047,-0.0000,0.0002,2.1000,10.7034,0
21.483,1.5047,-0.0000,0.0002,2.1000,10.7034,0
21.500,1.5047,-0.0000,0.0002,2.1000,10.7034,0
21.517,1.5047,-0.0000,0.0002,2.1000,10.7034,0
21.533,1.5047,-0.0000,0.0003,2.1000,10.7034,0
21.550,1.5047,-0.0000,0.0002,2.1000,10.7034,0
21.567,1.5047,-0.0000,0.0002,2.1000,10.7033,0
21.583,1.5047,-0.0000,0.0002,2.1000,10.7033,0
21.600,1.5047,-0.0000,0.0002,2.1000,10.7033,0
21.617,1.5047,-0.0000,0.0002,2.1000,10.7033,0
21.633,1.5047,-0.0000,0.0002,2.1000,10.7033,0
21.650,1.5047,-0.0000,0.0002,2.1000,10.7033,0
21.667,1.5047,-0.0000,0.0002,2.1000,10.7033,0
21.683,1.5047,-0.0000,0.0002,2.1000,10.7033,0
21.700,1.5047,-0.0000,0.0002,2.1000,10.7033,0
21.717,1.5047,-0.0000,0.0002,2.1000,10.7033,0
21.733,1.5047,-0.0000,0.0002,2.1000,10.7033,0
21.750,1.5047,-0.0000,0.0002,2.1000,10.7033,0
21.767,1.5047,-0.0000,0.0002,2.1000,10.7033,0
21.783,1.5047,-0.0000,0.0002,2.1000,10.7033,0
21.800,1.5047,-0.0000,0.0002,2.1000,10.7033,0
21.817,1.5047,-0.0000,0.0002,2.1000,10.7033,0
21.833,1.5047,-0.0000,0.0002,2.1000,10.7033,0
21.850,1.5047,-0.0000,0.0002,2.1000,10.7033,0
21.867,1.5047,-0.0000,0.0002,2.1000,10.7033,0
21.883,1.5048,-0.0000,0.0002,2.1000,10.7033,0
21.900,1.5048,-0.0000,0.0002,2.1000,10.7033,0
21.917,1.5048,-0.0000,0.0002,2.1000,10.7033,0
21.933,1.5048,-0.0000,0.0002,2.1000,10.7033,0
21.950,1.5048,-0.0000,0.0002,2.1000,10.7033,0
21.967,1.5048,-0.0000,0.0002,2.1000,10.7033,0
21.983,1.5048,-0.0000,0.0002,2.1000,10.7033,0
22.000,1.5048,-0.0000,0.0002,2.1000,10.7033,0
22.017,1.5048,-0.0000,0.0002,2.1000,10.7033,0
22.033,1.5048,-0.0000,0.0002,2.1000,10.7032,0
22.050,1.5048,-0.0000,0.0002,2.1000,10.7032,0
22.067,1.5048,-0.0000,0.0002,2.1000,10.7032,0
22.083,1.5048,-0.0000,0.0002,2.1000,10.7032,0
22.100,1.5048,-0.0000,0.0002,2.1000,10.7032,0
22.117,1.5048,-0.0000,0.0002,2.1000,10.7032,0
22.133,1.5048,-0.0000,0.0002,2.1000,10.7032,0
22.150,1.5048,-0.0000,0.0002,2.1000,10.7032,0
22.167,1.5048,-0.0000,0.0002,2.1000,10.7032,0
22.183,1.5048,-0.0000,0.0002,2.1000,10.7032,0
22.200,1.5048,-0.0000,0.0002,2.1000,10.7032,0
22.217,1.5048,-0.0000,0.0002,2.1000,10.7032,0
22.233,1.5048,-0.0000,0.0002,2.1000,10.7032,0
22.250,1.5048,-0.0000,0.0002,2.1000,10.7032,0
22.267,1.5048,-0.0000,0.0002,2.1000,10.7032,0
22.283,1.5048,-0.0000,0.0002,2.1000,10.7032,0
22.300,1.5048,-0.0000,0.0002,2.1000,10.7032,0
22.317,1.5048,-0.0000,0.0002,2.1000,10.7032,0
22.333,1.5049,-0.0000,0.0002,2.1000,10.7032,0
22.350,1.5049,-0.0000,0.0002,2.1000,10.7032,0
22.367,1.5049,-0.0000,0.0002,2.1000,10.7032,0
22.383,1.5049,-0.0000,0.0002,2.1000,10.7032,0
22.400,1.5049,-0.0000,0.0002,2.1000,10.7032,0
22.417,1.5049,-0.0000,0.0002,2.1000,10.7032,0
22.433,1.5049,-0.0000,0.0002,2.1000,10.7032,0
22.450,1.5049,-0.0000,0.0002,2.1000,10.7032,0
22.467,1.5049,-0.0000,0.0002,2.1000,10.7032,0
22.483,1.5049,-0.0000,0.0002,2.1000,10.7032,0
22.500,1.5049,-0.0000,0.0002,2.1000,10.7031,0
22.517,1.5049,-0.0000,0.0002,2.1000,10.7031,0
22.533,1.5049,-0.0000,0.0002,2.1000,10.7031,0
22.550,1.5049,-0.0000,0.0002,2.1000,10.7031,0
22.567,1.5049,-0.0000,0.0002,2.1000,10.7031,0
22.583,1.5049,-0.0000,0.0002,2.1000,10.7031,0
22.600,1.5049,-0.0000,0.0002,2.1000,10.7031,0
22.617,1.5049,-0.0000,0.0002,2.1000,10.7031,0
22.633,1.5049,-0.0000,0.0002,2.1000,10.7031,0
22.650,1.5049,-0.0000,0.0002,2.1000,10.7031,0
22.667,1.5049,-0.0000,0.0002,2.1000,10.7031,0
22.683,1.5049,-0.0000,0.0002,2.1000,10.7031,0
22.700,1.5049,-0.0000,0.0002,2.1000,10.7031,0
22.717,1.5049,-0.0000,0.0002,2.1000,10.7031,0
22.733,1.5049,-0.0000,0.0002,2.1000,10.7031,0
22.750,1.5049,-0.0000,0.0002,2.1000,10.7031,0
22.767,1.5049,-0.0000,0.0002,2.1000,10.7031,0
22.783,1.5049,-0.0000,0.0002,2.1000,10.7031,0
22.800,1.5050,-0.0000,0.0002,2.1000,10.7031,0
22.817,1.5050,-0.0000,0.0002,2.1000,10.7031,0
22.833,1.5050,-0.0000,0.0002,2.1000,10.7031,0
22.850,1.5050,-0.0000,0.0002,2.1000,10.7031,0
22.867,1.5050,-0.0000,0.0002,2.1000,10.7031,0
22.883,1.5050,-0.0000,0.0002,2.1000,10.7031,0
22.900,1.5050,-0.0000,0.0002,2.1000,10.7031,0
22.917,1.5050,-0.0000,0.0002,2.1000,10.7031,0
22.933,1.5050,-0.0000,0.0002,2.1000,10.7031,0
22.950,1.5050,-0.0000,0.0002,2.1000,10.7031,0
22.967,1.5050,-0.0000,0.0002,2.1000,10.7031,0
22.983,1.5050,-0.0000,0.0002,2.1000,10.7030,0
23.000,1.5050,-0.0000,0.0002,2.1000,10.7030,0
23.017,1.5050,-0.0000,0.0002,2.1000,10.7030,0
23.033,1.5050,-0.0000,0.0002,2.1000,10.7030,0
23.050,1.5050,-0.0000,0.0002,2.1000,10.7030,0
23.067,1.5050,-0.0000,0.0002,2.1000,10.7030,0
23.083,1.5050,-0.0000,0.0002,2.1000,10.7030,0
23.100,1.5050,-0.0000,0.0002,2.1000,10.7030,0
23.117,1.5050,-0.0000,0.0002,2.1000,10.7030,0
23.133,1.5050,-0.0000,0.0002,2.1000,10.7030,0
23.150,1.5050,-0.0000,0.0002,2.1000,10.7030,0
23.167,1.5050,-0.0000,0.0002,2.1000,10.7030,0
23.183,1.5050,-0.0000,0.0002,2.1000,10.7030,0
23.200,1.5050,-0.0000,0.0002,2.1000,10.7030,0
23.217,1.5050,-0.0000,0.0002,2.1000,10.7030,0
23.233,1.5050,-0.0000,0.0002,2.1000,10.7030,0
23.250,1.5050,-0.0000,0.0002,2.1000,10.7030,0
23.267,1.5051,-0.0000,0.0002,2.1000,10.7030,0
23.283,1.5051,-0.0000,0.0002,2.1000,10.7030,0
23.300,1.5051,-0.0000,0.0002,2.1000,10.7030,0
23.317,1.5051,-0.0000,0.0002,2.1000,10.7030,0
23.333,1.5051,-0.0000,0.0002,2.1000,10.7030,0
23.350,1.5051,-0.0000,0.0002,2.1000,10.7030,0
23.367,1.5051,-0.0000,0.0002,2.1000,10.7030,0
23.383,1.5051,-0.0000,0.0002,2.1000,10.7030,0
23.400,1.5051,-0.0000,0.0002,2.1000,10.7030,0
23.417,1.5051,-0.0000,0.0002,2.1000,10.7030,0
23.433,1.5051,-0.0000,0.0002,2.1000,10.7030,0
23.450,1.5051,-0.0000,0.0002,2.1000,10.7029,0
23.467,1.5051,-0.0000,0.0002,2.1000,10.7029,0
23.483,1.5051,-0.0000,0.0002,2.1000,10.7029,0
23.500,1.5051,-0.0000,0.0002,2.1000,10.7029,0
23.517,1.5051,-0.0000,0.0002,2.1000,10.7029,0
23.533,1.5051,-0.0000,0.0002,2.1000,10.7029,0
23.550,1.5051,-0.0000,0.0002,2.1000,10.7029,0
23.567,1.5051,-0.0000,0.0002,2.1000,10.7029,0
23.583,1.5051,-0.0000,0.0002,2.1000,10.7029,0
23.600,1.5051,-0.0000,0.0002,2.1000,10.7029,0
23.617,1.5051,-0.0000,0.0002,2.1000,10.7029,0
23.633,1.5051,-0.0000,0.0002,2.1000,10.7029,0
23.650,1.5051,-0.0000,0.0002,2.1000,10.7029,0
23.667,1.5051,-0.0000,0.0002,2.1000,10.7029,0
23.683,1.5051,-0.0000,0.0002,2.1000,10.7029,0
23.700,1.5051,-0.0000,0.0002,2.1000,10.7029,0
23.717,1.5052,-0.0000,0.0002,2.1000,10.7029,0
23.733,1.5052,-0.0000,0.0002,2.1000,10.7029,0
23.750,1.5052,-0.0000,0.0002,2.1000,10.7029,0
23.767,1.5052,-0.0000,0.0002,2.1000,10.7029,0
23.783,1.5052,-0.0000,0.0002,2.1000,10.7029,0
23.800,1.5052,-0.0000,0.0002,2.1000,10.7029,0
23.817,1.5052,-0.0000,0.0002,2.1000,10.7029,0
23.833,1.5052,-0.0000,0.0002,2.1000,10.7029,0
23.850,1.5052,-0.0000,0.0002,2.1000,10.7029,0
23.867,1.5052,-0.0000,0.0002,2.1000,10.7029,0
23.883,1.5052,-0.0000,0.0002,2.1000,10.7029,0
23.900,1.5052,-0.0000,0.0002,2.1000,10.7029,0
23.917,1.5052,-0.0000,0.0002,2.1000,10.7028,0
23.933,1.5052,-0.0000,0.0002,2.1000,10.7028,0
23.950,1.5052,-0.0000,0.0002,2.1000,10.7028,0
23.967,1.5052,-0.0000,0.0002,2.1000,10.7028,0
23.983,1.5052,-0.0000,0.0002,2.1000,10.7028,0
24.000,1.5052,-0.0000,0.0002,2.1000,10.7028,0
24.017,1.5052,-0.0000,0.0002,2.1000,10.7028,0
24.033,1.5052,-0.0000,0.0002,2.1000,10.7028,0
24.050,1.5052,-0.0000,0.0002,2.1000,10.7028,0
24.067,1.5052,-0.0000,0.0002,2.1000,10.7028,0
24.083,1.5052,-0.0000,0.0002,2.1000,10.7028,0
24.100,1.5052,-0.0000,0.0002,2.1000,10.7028,0
24.117,1.5052,-0.0000,0.0002,2.1000,10.7028,0
24.133,1.5052,-0.0000,0.0002,2.1000,10.7028,0
24.150,1.5052,-0.0000,0.0002,2.1000,10.7028,0
24.167,1.5052,-0.0000,0.0002,2.1000,10.7028,0
24.183,1.5053,-0.0000,0.0002,2.1000,10.7028,0
24.200,1.5053,-0.0000,0.0002,2.1000,10.7028,0
24.217,1.5053,-0.0000,0.0002,2.1000,10.7028,0
24.233,1.5053,-0.0000,0.0002,2.1000,10.7028,0
24.250,1.5053,-0.0000,0.0002,2.1000,10.7028,0
24.267,1.5053,-0.0000,0.0002,2.1000,10.7028,0
24.283,1.5053,-0.0000,0.0002,2.1000,10.7028,0
24.300,1.5053,-0.0000,0.0002,2.1000,10.7028,0
24.317,1.5053,-0.0000,0.0002,2.1000,10.7028,0
24.333,1.5053,-0.0000,0.0002,2.1000,10.7028,0
24.350,1.5053,-0.0000,0.0002,2.1000,10.7028,0
24.367,1.5053,-0.0000,0.0002,2.1000,10.7028,0
24.383,1.5053,-0.0000,0.0002,2.1000,10.7027,0
24.400,1.5053,-0.0000,0.0002,2.1000,10.7027,0
24.417,1.5053,-0.0000,0.0002,2.1000,10.7027,0
24.433,1.5053,-0.0000,0.0002,2.1000,10.7027,0
24.450,1.5053,-0.0000,0.0002,2.1000,10.7027,0
24.467,1.5053,-0.0000,0.0002,2.1000,10.7027,0
24.483,1.5053,-0.0000,0.0002,2.1000,10.7027,0
24.500,1.5053,-0.0000,0.0002,2.1000,10.7027,0
24.517,1.5053,-0.0000,0.0002,2.1000,10.7027,0
24.533,1.5053,-0.0000,0.0002,2.1000,10.7027,0
24.550,1.5053,-0.0000,0.0002,2.1000,10.7027,0
24.567,1.5053,-0.0000,0.0002,2.1000,10.7027,0
24.583,1.5053,-0.0000,0.0002,2.1000,10.7027,0
24.600,1.5053,-0.0000,0.0002,2.1000,10.7027,0
24.617,1.5053,-0.0000,0.0002,2.1000,10.7027,0
24.633,1.5053,-0.0000,0.0002,2.1000,10.7027,0
24.650,1.5054,-0.0000,0.0002,2.1000,10.7027,0
24.667,1.5054,-0.0000,0.0002,2.1000,10.7027,0
24.683,1.5054,-0.0000,0.0002,2.1000,10.7027,0
24.700,1.5054,-0.0000,0.0002,2.1000,10.7027,0
24.717,1.5054,-0.0000,0.0002,2.1000,10.7027,0
24.733,1.5054,-0.0000,0.0002,2.1000,10.7027,0
24.750,1.5054,-0.0000,0.0002,2.1000,10.7027,0
24.767,1.5054,-0.0000,0.0002,2.1000,10.7027,0
24.783,1.5054,-0.0000,0.0002,2.1000,10.7027,0
24.800,1.5054,-0.0000,0.0002,2.1000,10.7027,0
24.817,1.5054,-0.0000,0.0002,2.1000,10.7027,0
24.833,1.5054,-0.0000,0.0002,2.1000,10.7027,0
24.850,1.5054,-0.0000,0.0002,2.1000,10.7026,0
24.867,1.5054,-0.0000,0.0002,2.1000,10.7026,0
24.883,1.5054,-0.0000,0.0002,2.1000,10.7026,0
24.900,1.5054,-0.0000,0.0002,2.1000,10.7026,0
24.917,1.5054,-0.0000,0.0002,2.1000,10.7026,0
24.933,1.5054,-0.0000,0.0002,2.1000,10.7026,0
24.950,1.5054,-0.0000,0.0002,2.1000,10.7026,0
24.967,1.5054,-0.0000,0.0002,2.1000,10.7026,0
24.983,1.5054,-0.0000,0.0002,2.1000,10.7026,0
25.000,1.5054,-0.0000,0.0002,2.1000,10.7026,0
25.017,1.5054,-0.0000,0.0002,2.1000,10.7026,0
25.033,1.5054,-0.0000,0.0002,2.1000,10.7026,0
25.050,1.5054,-0.0000,0.0002,2.1000,10.7026,0
25.067,1.5054,-0.0000,0.0002,2.1000,10.7026,0
25.083,1.5054,-0.0000,0.0002,2.1000,10.7026,0
25.100,1.5055,-0.0000,0.0002,2.1000,10.7026,0
25.117,1.5055,-0.0000,0.0002,2.1000,10.7026,0
25.133,1.5055,-0.0000,0.0002,2.1000,10.7026,0
25.150,1.5055,-0.0000,0.0002,2.1000,10.7026,0
25.167,1.5055,-0.0000,0.0002,2.1000,10.7026,0
25.183,1.5055,-0.0000,0.0002,2.1000,10.7026,0
25.200,1.5055,-0.0000,0.0002,2.1000,10.7026,0
25.217,1.5055,-0.0000,0.0002,2.1000,10.7026,0
25.233,1.5055,-0.0000,0.0002,2.1000,10.7026,0
25.250,1.5055,-0.0000,0.0002,2.1000,10.7026,0
25.267,1.5055,-0.0000,0.0002,2.1000,10.7026,0
25.283,1.5055,-0.0000,0.0002,2.1000,10.7026,0
25.300,1.5055,-0.0000,0.0002,2.1000,10.7026,0
25.317,1.5055,-0.0000,0.0002,2.1000,10.7026,0
25.333,1.5055,-0.0000,0.0002,2.1000,10.7025,0
25.350,1.5055,-0.0000,0.0002,2.1000,10.7025,0
25.367,1.5055,-0.0000,0.0002,2.1000,10.7025,0
25.383,1.5055,-0.0000,0.0002,2.1000,10.7025,0
25.400,1.5055,-0.0000,0.0002,2.1000,10.7025,0
25.417,1.5055,-0.0000,0.0002,2.1000,10.7025,0
25.433,1.5055,-0.0000,0.0002,2.1000,10.7025,0
25.450,1.5055,-0.0000,0.0002,2.1000,10.7025,0
25.467,1.5055,-0.0000,0.0002,2.1000,10.7025,0
25.483,1.5055,-0.0000,0.0002,2.1000,10.7025,0
25.500,1.5055,-0.0000,0.0002,2.1000,10.7025,0
25.517,1.5055,-0.0000,0.0002,2.1000,10.7025,0
25.533,1.5055,-0.0000,0.0002,2.1000,10.7025,0
25.550,1.5055,-0.0000,0.0002,2.1000,10.7025,0
25.567,1.5056,-0.0000,0.0002,2.1000,10.7025,0
25.583,1.5056,-0.0000,0.0002,2.1000,10.7025,0
25.600,1.5056,-0.0000,0.0002,2.1000,10.7025,0
25.617,1.5056,-0.0000,0.0002,2.1000,10.7025,0
25.633,1.5056,-0.0000,0.0002,2.1000,10.7025,0
25.650,1.5056,-0.0000,0.0002,2.1000,10.7025,0
25.667,1.5056,-0.0000,0.0002,2.1000,10.7025,0
25.683,1.5056,-0.0000,0.0002,2.1000,10.7025,0
25.700,1.5056,-0.0000,0.0002,2.1000,10.7025,0
25.717,1.5056,-0.0000,0.0002,2.1000,10.7025,0
25.733,1.5056,-0.0000,0.0002,2.1000,10.7025,0
25.750,1.5056,-0.0000,0.0002,2.1000,10.7025,0
25.767,1.5056,-0.0000,0.0002,2.1000,10.7025,0
25.783,1.5056,-0.0000,0.0002,2.1000,10.7025,0
25.800,1.5056,-0.0000,0.0002,2.1000,10.7024,0
25.817,1.5056,-0.0000,0.0002,2.1000,10.7024,0
25.833,1.5056,-0.0000,0.0002,2.1000,10.7024,0
25.850,1.5056,-0.0000,0.0002,2.1000,10.7024,0
25.867,1.5056,-0.0000,0.0002,2.1000,10.7024,0
25.883,1.5056,-0.0000,0.0002,2.1000,10.7024,0
25.900,1.5056,-0.0000,0.0002,2.1000,10.7024,0
25.917,1.5056,-0.0000,0.0002,2.1000,10.7024,0
25.933,1.5056,-0.0000,0.0002,2.1000,10.7024,0
25.950,1.5056,-0.0000,0.0002,2.1000,10.7024,0
25.967,1.5056,-0.0000,0.0002,2.1000,10.7024,0
25.983,1.5056,-0.0000,0.0002,2.1000,10.7024,0
26.000,1.5056,-0.0000,0.0002,2.1000,10.7024,0
26.017,1.5056,-0.0000,0.0002,2.1000,10.7024,0
26.033,1.5057,-0.0000,0.0002,2.1000,10.7024,0
26.050,1.5057,-0.0000,0.0002,2.1000,10.7024,0
26.067,1.5057,-0.0000,0.0002,2.1000,10.7024,0
26.083,1.5057,-0.0000,0.0002,2.1000,10.7024,0
26.100,1.5057,-0.0000,0.0002,2.1000,10.7024,0
26.117,1.5057,-0.0000,0.0002,2.1000,10.7024,0
26.133,1.5057,-0.0000,0.0002,2.1000,10.7024,0
26.150,1.5057,-0.0000,0.0002,2.1000,10.7024,0
26.167,1.5057,-0.0000,0.0002,2.1000,10.7024,0
26.183,1.5057,-0.0000,0.0002,2.1000,10.7024,0
26.200,1.5057,-0.0000,0.0002,2.1000,10.7024,0
26.217,1.5057,-0.0000,0.0002,2.1000,10.7024,0
26.233,1.5057,-0.0000,0.0002,2.1000,10.7024,0
26.250,1.5057,-0.0000,0.0002,2.1000,10.7024,0
26.267,1.5057,-0.0000,0.0002,2.1000,10.7023,0
26.283,1.5057,-0.0000,0.0002,2.1000,10.7023,0
26.300,1.5057,-0.0000,0.0002,2.1000,10.7023,0
26.317,1.5057,-0.0000,0.0002,2.1000,10.7023,0
26.333,1.5057,-0.0000,0.0002,2.1000,10.7023,0
26.350,1.5057,-0.0000,0.0002,2.1000,10.7023,0
26.367,1.5057,-0.0000,0.0002,2.1000,10.7023,0
26.383,1.5057,-0.0000,0.0002,2.1000,10.7023,0
26.400,1.5057,-0.0000,0.0002,2.1000,10.7023,0
26.417,1.5057,-0.0000,0.0002,2.1000,10.7023,0
26.433,1.5057,-0.0000,0.0002,2.1000,10.7023,0
26.450,1.5057,-0.0000,0.0002,2.1000,10.7023,0
26.467,1.5057,-0.0000,0.0002,2.1000,10.7023,0
26.483,1.5058,-0.0000,0.0002,2.1000,10.7023,0
26.500,1.5058,-0.0000,0.0002,2.1000,10.7023,0
26.517,1.5058,-0.0000,0.0002,2.1000,10.7023,0
26.533,1.5058,-0.0000,0.0002,2.1000,10.7023,0
26.550,1.5058,-0.0000,0.0002,2.1000,10.7023,0
26.567,1.5058,-0.0000,0.0002,2.1000,10.7023,0
26.583,1.5058,-0.0000,0.0002,2.1000,10.7023,0
26.600,1.5058,-0.0000,0.0002,2.1000,10.7023,0
26.617,1.5058,-0.0000,0.0002,2.1000,10.7023,0
26.633,1.5058,-0.0000,0.0002,2.1000,10.7023,0
26.650,1.5058,-0.0000,0.0002,2.1000,10.7023,0
26.667,1.5058,-0.0000,0.0002,2.1000,10.7023,0
26.683,1.5058,-0.0000,0.0002,2.1000,10.7023,0
26.700,1.5058,-0.0000,0.0002,2.1000,10.7023,0
26.717,1.5058,-0.0000,0.0002,2.1000,10.7023,0
26.733,1.5058,-0.0000,0.0002,2.1000,10.7022,0
26.750,1.5058,-0.0000,0.0002,2.1000,10.7022,0
26.767,1.5058,-0.0000,0.0002,2.1000,10.7022,0
26.783,1.5058,-0.0000,0.0002,2.1000,10.7022,0
26.800,1.5058,-0.0000,0.0002,2.1000,10.7022,0
26.817,1.5058,-0.0000,0.0002,2.1000,10.7022,0
26.833,1.5058,-0.0000,0.0002,2.1000,10.7022,0
26.850,1.5058,-0.0000,0.0002,2.1000,10.7022,0
26.867,1.5058,-0.0000,0.0002,2.1000,10.7022,0
26.883,1.5058,-0.0000,0.0002,2.1000,10.7022,0
26.900,1.5058,-0.0000,0.0002,2.1000,10.7022,0
26.917,1.5058,-0.0000,0.0002,2.1000,10.7022,0
26.933,1.5058,-0.0000,0.0002,2.1000,10.7022,0
26.950,1.5059,-0.0000,0.0002,2.1000,10.7022,0
26.967,1.5059,-0.0000,0.0002,2.1000,10.7022,0
26.983,1.5059,-0.0000,0.0002,2.1000,10.7022,0
27.000,1.5059,-0.0000,0.0002,2.1000,10.7022,0
27.017,1.5059,-0.0000,0.0002,2.1000,10.7022,0
27.033,1.5059,-0.0000,0.0002,2.1000,10.7022,0
27.050,1.5059,-0.0000,0.0002,2.1000,10.7022,0
27.067,1.5059,-0.0000,0.0002,2.1000,10.7022,0
27.083,1.5059,-0.0000,0.0002,2.1000,10.7022,0
27.100,1.5059,-0.0000,0.0002,2.1000,10.7022,0
27.117,1.5059,-0.0000,0.0002,2.1000,10.7022,0
27.133,1.5059,-0.0000,0.0002,2.1000,10.7022,0
27.150,1.5059,-0.0000,0.0002,2.1000,10.7022,0
27.167,1.5059,-0.0000,0.0002,2.1000,10.7022,0
27.183,1.5059,-0.0000,0.0002,2.1000,10.7022,0
27.200,1.5059,-0.0000,0.0002,2.1000,10.7021,0
27.217,1.5059,-0.0000,0.0002,2.1000,10.7021,0
27.233,1.5059,-0.0000,0.0002,2.1000,10.7021,0
27.250,1.5059,-0.0000,0.0002,2.1000,10.7021,0
27.267,1.5059,-0.0000,0.0002,2.1000,10.7021,0
27.283,1.5059,-0.0000,0.0002,2.1000,10.7021,0
27.300,1.5059,-0.0000,0.0002,2.1000,10.7021,0
27.317,1.5059,-0.0000,0.0002,2.1000,10.7021,0
27.333,1.5059,-0.0000,0.0002,2.1000,10.7021,0
27.350,1.5059,-0.0000,0.0002,2.1000,10.7021,0
27.367,1.5059,-0.0000,0.0002,2.1000,10.7021,0
27.383,1.5059,-0.0000,0.0002,2.1000,10.7021,0
27.400,1.5060,-0.0000,0.0002,2.1000,10.7021,0
27.417,1.5060,-0.0000,0.0002,2.1000,10.7021,0
27.433,1.5060,-0.0000,0.0002,2.1000,10.7021,0
27.450,1.5060,-0.0000,0.0002,2.1000,10.7021,0
27.467,1.5060,-0.0000,0.0002,2.1000,10.7021,0
27.483,1.5060,-0.0000,0.0002,2.1000,10.7021,0
27.500,1.5060,-0.0000,0.0002,2.1000,10.7021,0
27.517,1.5060,-0.0000,0.0002,2.1000,10.7021,0
27.533,1.5060,-0.0000,0.0002,2.1000,10.7021,0
27.550,1.5060,-0.0000,0.0002,2.1000,10.7021,0
27.567,1.5060,-0.0000,0.0002,2.1000,10.7021,0
27.583,1.5060,-0.0000,0.0002,2.1000,10.7021,0
27.600,1.5060,-0.0000,0.0002,2.1000,10.7021,0
27.617,1.5060,-0.0000,0.0002,2.1000,10.7021,0
27.633,1.5060,-0.0000,0.0002,2.1000,10.7021,0
27.650,1.5060,-0.0000,0.0002,2.1000,10.7021,0
27.667,1.5060,-0.0000,0.0002,2.1000,10.7020,0
27.683,1.5060,-0.0000,0.0002,2.1000,10.7020,0
27.700,1.5060,-0.0000,0.0002,2.1000,10.7020,0
27.717,1.5060,-0.0000,0.0002,2.1000,10.7020,0
27.733,1.5060,-0.0000,0.0002,2.1000,10.7020,0
27.750,1.5060,-0.0000,0.0002,2.1000,10.7020,0
27.767,1.5060,-0.0000,0.0002,2.1000,10.7020,0
27.783,1.5060,-0.0000,0.0002,2.1000,10.7020,0
27.800,1.5060,-0.0000,0.0002,2.1000,10.7020,0
27.817,1.5060,-0.0000,0.0002,2.1000,10.7020,0
27.833,1.5060,-0.0000,0.0002,2.1000,10.7020,0
27.850,1.5061,-0.0000,0.0002,2.1000,10.7020,0
27.867,1.5061,-0.0000,0.0002,2.1000,10.7020,0
27.883,1.5061,-0.0000,0.0002,2.1000,10.7020,0
27.900,1.5061,-0.0000,0.0002,2.1000,10.7020,0
27.917,1.5061,-0.0000,0.0002,2.1000,10.7020,0
27.933,1.5061,-0.0000,0.0002,2.1000,10.7020,0
27.950,1.5061,-0.0000,0.0002,2.1000,10.7020,0
27.967,1.5061,-0.0000,0.0002,2.1000,10.7020,0
27.983,1.5061,-0.0000,0.0002,2.1000,10.7020,0
28.000,1.5061,-0.0000,0.0002,2.1000,10.7020,0
28.017,1.5061,-0.0000,0.0002,2.1000,10.7020,0
28.033,1.5061,-0.0000,0.0002,2.1000,10.7020,0
28.050,1.5061,-0.0000,0.0002,2.1000,10.7020,0
28.067,1.5061,-0.0000,0.0002,2.1000,10.7020,0
28.083,1.5061,-0.0000,0.0002,2.1000,10.7020,0
28.100,1.5061,-0.0000,0.0002,2.1000,10.7020,0
28.117,1.5061,-0.0000,0.0002,2.1000,10.7020,0
28.133,1.5061,-0.0000,0.0002,2.1000,10.7019,0
28.150,1.5061,-0.0000,0.0002,2.1000,10.7019,0
28.167,1.5061,-0.0000,0.0002,2.1000,10.7019,0
28.183,1.5061,-0.0000,0.0002,2.1000,10.7019,0
28.200,1.5061,-0.0000,0.0003,2.1000,10.7019,0
28.217,1.5061,-0.0000,0.0002,2.1000,10.7019,0
28.233,1.5061,-0.0000,0.0002,2.1000,10.7019,0
28.250,1.5061,-0.0000,0.0002,2.1000,10.7019,0
28.267,1.5061,-0.0000,0.0002,2.1000,10.7019,0
28.283,1.5061,-0.0000,0.0002,2.1000,10.7019,0
28.300,1.5061,-0.0000,0.0002,2.1000,10.7019,0
28.317,1.5062,-0.0000,0.0002,2.1000,10.7019,0
28.333,1.5062,-0.0000,0.0002,2.1000,10.7019,0
28.350,1.5062,-0.0000,0.0002,2.1000,10.7019,0
28.367,1.5062,-0.0000,0.0002,2.1000,10.7019,0
28.383,1.5062,-0.0000,0.0002,2.1000,10.7019,0
28.400,1.5062,-0.0000,0.0002,2.1000,10.7019,0
28.417,1.5062,-0.0000,0.0002,2.1000,10.7019,0
28.433,1.5062,-0.0000,0.0002,2.1000,10.7019,0
28.450,1.5062,-0.0000,0.0002,2.1000,10.7019,0
28.467,1.5062,-0.0000,0.0002,2.1000,10.7019,0
28.483,1.5062,-0.0000,0.0002,2.1000,10.7019,0
28.500,1.5062,-0.0000,0.0002,2.1000,10.7019,0
28.517,1.5062,-0.0000,0.0002,2.1000,10.7019,0
28.533,1.5062,-0.0000,0.0002,2.1000,10.7019,0
28.550,1.5062,-0.0000,0.0002,2.1000,10.7019,0
28.567,1.5062,-0.0000,0.0002,2.1000,10.7019,0
28.583,1.5062,-0.0000,0.0002,2.1000,10.7019,0
28.600,1.5062,-0.0000,0.0002,2.1000,10.7018,0
28.617,1.5062,-0.0000,0.0002,2.1000,10.7018,0
28.633,1.5062,-0.0000,0.0002,2.1000,10.7018,0
28.650,1.5062,-0.0000,0.0002,2.1000,10.7018,0
28.667,1.5062,-0.0000,0.0002,2.1000,10.7018,0
28.683,1.5062,-0.0000,0.0002,2.1000,10.7018,0
28.700,1.5062,-0.0000,0.0002,2.1000,10.7018,0
28.717,1.5062,-0.0000,0.0002,2.1000,10.7018,0
28.733,1.5062,-0.0000,0.0002,2.1000,10.7018,0
28.750,1.5062,-0.0000,0.0002,2.1000,10.7018,0
28.767,1.5063,-0.0000,0.0002,2.1000,10.7018,0
28.783,1.5063,-0.0000,0.0002,2.1000,10.7018,0
28.800,1.5063,-0.0000,0.0002,2.1000,10.7018,0
28.817,1.5063,-0.0000,0.0002,2.1000,10.7018,0
28.833,1.5063,-0.0000,0.0002,2.1000,10.7018,0
28.850,1.5063,-0.0000,0.0002,2.1000,10.7018,0
28.867,1.5063,-0.0000,0.0002,2.1000,10.7018,0
28.883,1.5063,-0.0000,0.0002,2.1000,10.7018,0
28.900,1.5063,-0.0000,0.0002,2.1000,10.7018,0
28.917,1.5063,-0.0000,0.0002,2.1000,10.7018,0
28.933,1.5063,-0.0000,0.0002,2.1000,10.7018,0
28.950,1.5063,-0.0000,0.0002,2.1000,10.7018,0
28.967,1.5063,-0.0000,0.0002,2.1000,10.7018,0
28.983,1.5063,-0.0000,0.0002,2.1000,10.7018,0
29.000,1.5063,-0.0000,0.0002,2.1000,10.7018,0
29.017,1.5063,-0.0000,0.0002,2.1000,10.7018,0
29.033,1.5063,-0.0000,0.0002,2.1000,10.7018,0
29.050,1.5063,-0.0000,0.0002,2.1000,10.7018,0
29.067,1.5063,-0.0000,0.0002,2.1000,10.7017,0
29.083,1.5063,-0.0000,0.0002,2.1000,10.7017,0
29.100,1.5063,-0.0000,0.0002,2.1000,10.7017,0
29.117,1.5063,-0.0000,0.0002,2.1000,10.7017,0
29.133,1.5063,-0.0000,0.0002,2.1000,10.7017,0
29.150,1.5063,-0.0000,0.0002,2.1000,10.7017,0
29.167,1.5063,-0.0000,0.0002,2.1000,10.7017,0
29.183,1.5063,-0.0000,0.0002,2.1000,10.7017,0
29.200,1.5063,-0.0000,0.0002,2.1000,10.7017,0
29.217,1.5063,-0.0000,0.0002,2.1000,10.7017,0
29.233,1.5064,-0.0000,0.0002,2.1000,10.7017,0
29.250,1.5064,-0.0000,0.0002,2.1000,10.7017,0
29.267,1.5064,-0.0000,0.0002,2.1000,10.7017,0
29.283,1.5064,-0.0000,0.0002,2.1000,10.7017,0
29.300,1.5064,-0.0000,0.0002,2.1000,10.7017,0
29.317,1.5064,-0.0000,0.0002,2.1000,10.7017,0
29.333,1.5064,-0.0000,0.0002,2.1000,10.7017,0
29.350,1.5064,-0.0000,0.0002,2.1000,10.7017,0
29.367,1.5064,-0.0000,0.0002,2.1000,10.7017,0
29.383,1.5064,-0.0000,0.0002,2.1000,10.7017,0
29.400,1.5064,-0.0000,0.0002,2.1000,10.7017,0
29.417,1.5064,-0.0000,0.0002,2.1000,10.7017,0
29.433,1.5064,-0.0000,0.0002,2.1000,10.7017,0
29.450,1.5064,-0.0000,0.0002,2.1000,10.7017,0
29.467,1.5064,-0.0000,0.0002,2.1000,10.7017,0
29.483,1.5064,-0.0000,0.0002,2.1000,10.7017,0
29.500,1.5064,-0.0000,0.0002,2.1000,10.7017,0
29.517,1.5064,-0.0000,0.0002,2.1000,10.7017,0
29.533,1.5064,-0.0000,0.0002,2.1000,10.7016,0
29.550,1.5064,-0.0000,0.0002,2.1000,10.7016,0
29.567,1.5064,-0.0000,0.0002,2.1000,10.7016,0
29.583,1.5064,-0.0000,0.0002,2.1000,10.7016,0
29.600,1.5064,-0.0000,0.0002,2.1000,10.7016,0
29.617,1.5064,-0.0000,0.0002,2.1000,10.7016,0
29.633,1.5064,-0.0000,0.0002,2.1000,10.7016,0
29.650,1.5064,-0.0000,0.0002,2.1000,10.7016,0
29.667,1.5064,-0.0000,0.0002,2.1000,10.7016,0
29.683,1.5065,-0.0000,0.0002,2.1000,10.7016,0
29.700,1.5065,-0.0000,0.0002,2.1000,10.7016,0
29.717,1.5065,-0.0000,0.0002,2.1000,10.7016,0
29.733,1.5065,-0.0000,0.0002,2.1000,10.7016,0
29.750,1.5065,-0.0000,0.0002,2.1000,10.7016,0
29.767,1.5065,-0.0000,0.0002,2.1000,10.7016,0
29.783,1.5065,-0.0000,0.0002,2.1000,10.7016,0
29.800,1.5065,-0.0000,0.0002,2.1000,10.7016,0
29.817,1.5065,-0.0000,0.0002,2.1000,10.7016,0
29.833,1.5065,-0.0000,0.0002,2.1000,10.7016,0
29.850,1.5065,-0.0000,0.0002,2.1000,10.7016,0
29.867,1.5065,-0.0000,0.0002,2.1000,10.7016,0
29.883,1.5065,-0.0000,0.0002,2.1000,10.7016,0
29.900,1.5065,-0.0000,0.0002,2.1000,10.7016,0
29.917,1.5065,-0.0000,0.0002,2.1000,10.7016,0
29.933,1.5065,-0.0000,0.0002,2.1000,10.7016,0
29.950,1.5065,-0.0000,0.0002,2.1000,10.7016,0
29.967,1.5065,-0.0000,0.0002,2.1000,10.7016,0
29.983,1.5065,-0.0000,0.0002,2.1000,10.7016,0
30.000,1.5065,-0.0000,0.0002,2.1000,10.7015,0
30.017,1.5065,-0.0000,0.0002,2.1000,10.7015,0
30.033,1.5065,-0.0000,0.0002,2.1000,10.7015,0
30.050,1.5065,-0.0000,0.0002,2.1000,10.7015,0
30.067,1.5065,-0.0000,0.0002,2.1000,10.7015,0
30.083,1.5065,-0.0000,0.0002,2.1000,10.7015,0
30.100,1.5065,-0.0000,0.0002,2.1000,10.7015,0
30.117,1.5065,-0.0000,0.0002,2.1000,10.7015,0
30.133,1.5065,-0.0000,0.0002,2.1000,10.7015,0
30.150,1.5066,-0.0000,0.0002,2.1000,10.7015,0
30.167,1.5066,-0.0000,0.0002,2.1000,10.7015,0
30.183,1.5066,-0.0000,0.0002,2.1000,10.7015,0
30.200,1.5066,-0.0000,0.0002,2.1000,10.7015,0
30.217,1.5066,-0.0000,0.0002,2.1000,10.7015,0
30.233,1.5066,-0.0000,0.0002,2.1000,10.7015,0
30.250,1.5066,-0.0000,0.0002,2.1000,10.7015,0
30.267,1.5066,-0.0000,0.0002,2.1000,10.7015,0
30.283,1.5066,-0.0000,0.0002,2.1000,10.7015,0
30.300,1.5066,-0.0000,0.0002,2.1000,10.7015,0
30.317,1.5066,-0.0000,0.0002,2.1000,10.7015,0
30.333,1.5066,-0.0000,0.0002,2.1000,10.7015,0
30.350,1.5066,-0.0000,0.0002,2.1000,10.7015,0
30.367,1.5066,-0.0000,0.0002,2.1000,10.7015,0
30.383,1.5066,-0.0000,0.0002,2.1000,10.7015,0
30.400,1.5066,-0.0000,0.0002,2.1000,10.7015,0
30.417,1.5066,-0.0000,0.0002,2.1000,10.7015,0
30.433,1.5066,-0.0000,0.0002,2.1000,10.7015,0
30.450,1.5066,-0.0000,0.0002,2.1000,10.7015,0
30.467,1.5066,-0.0000,0.0002,2.1000,10.7014,0
30.483,1.5066,-0.0000,0.0002,2.1000,10.7014,0
30.500,1.5066,-0.0000,0.0002,2.1000,10.7014,0
30.517,1.5066,-0.0000,0.0002,2.1000,10.7014,0
30.533,1.5066,-0.0000,0.0002,2.1000,10.7014,0
30.550,1.5066,-0.0000,0.0002,2.1000,10.7014,0
30.567,1.5066,-0.0000,0.0002,2.1000,10.7014,0
30.583,1.5066,-0.0000,0.0002,2.1000,10.7014,0
30.600,1.5067,-0.0000,0.0002,2.1000,10.7014,0
30.617,1.5067,-0.0000,0.0002,2.1000,10.7014,0
30.633,1.5067,-0.0000,0.0003,2.1000,10.7014,0
30.650,1.5067,-0.0000,0.0002,2.1000,10.7014,0
30.667,1.5067,-0.0000,0.0002,2.1000,10.7014,0
30.683,1.5067,-0.0000,0.0002,2.1000,10.7014,0
30.700,1.5067,-0.0000,0.0002,2.1000,10.7014,0
30.717,1.5067,-0.0000,0.0002,2.1000,10.7014,0
30.733,1.5067,-0.0000,0.0002,2.1000,10.7014,0
30.750,1.5067,-0.0000,0.0002,2.1000,10.7014,0
30.767,1.5067,-0.0000,0.0002,2.1000,10.7014,0
30.783,1.5067,-0.0000,0.0002,2.1000,10.7014,0
30.800,1.5067,-0.0000,0.0002,2.1000,10.7014,0
30.817,1.5067,-0.0000,0.0002,2.1000,10.7014,0
30.833,1.5067,-0.0000,0.0002,2.1000,10.7014,0
30.850,1.5067,-0.0000,0.0002,2.1000,10.7014,0
30.867,1.5067,-0.0000,0.0002,2.1000,10.7014,0
30.883,1.5067,-0.0000,0.0002,2.1000,10.7014,0
30.900,1.5067,-0.0000,0.0002,2.1000,10.7014,0
30.917,1.5067,-0.0000,0.0002,2.1000,10.7014,0
30.933,1.5067,-0.0000,0.0002,2.1000,10.7013,0
30.950,1.5067,-0.0000,0.0002,2.1000,10.7013,0
30.967,1.5067,-0.0000,0.0002,2.1000,10.7013,0
30.983,1.5067,-0.0000,0.0002,2.1000,10.7013,0
31.000,1.5067,-0.0000,0.0002,2.1000,10.7013,0
31.017,1.5067,-0.0000,0.0002,2.1000,10.7013,0
31.033,1.5067,-0.0000,0.0002,2.1000,10.7013,0
31.050,1.5067,-0.0000,0.0002,2.1000,10.7013,0
31.067,1.5068,-0.0000,0.0002,2.1000,10.7013,0
31.083,1.5068,-0.0000,0.0002,2.1000,10.7013,0
31.100,1.5068,-0.0000,0.0002,2.1000,10.7013,0
31.117,1.5068,-0.0000,0.0002,2.1000,10.7013,0
31.133,1.5068,-0.0000,0.0002,2.1000,10.7013,0
31.150,1.5068,-0.0000,0.0002,2.1000,10.7013,0
31.167,1.5068,-0.0000,0.0002,2.1000,10.7013,0
31.183,1.5068,-0.0000,0.0002,2.1000,10.7013,0
31.200,1.5068,-0.0000,0.0002,2.1000,10.7013,0
31.217,1.5068,-0.0000,0.0002,2.1000,10.7013,0
31.233,1.5068,-0.0000,0.0002,2.1000,10.7013,0
31.250,1.5068,-0.0000,0.0002,2.1000,10.7013,0
31.267,1.5068,-0.0000,0.0002,2.1000,10.7013,0
31.283,1.5068,-0.0000,0.0002,2.1000,10.7013,0
31.300,1.5068,-0.0000,0.0002,2.1000,10.7013,0
31.317,1.5068,-0.0000,0.0002,2.1000,10.7013,0
31.333,1.5068,-0.0000,0.0002,2.1000,10.7013,0
31.350,1.5068,-0.0000,0.0002,2.1000,10.7013,0
31.367,1.5068,-0.0000,0.0002,2.1000,10.7013,0
31.383,1.5068,-0.0000,0.0002,2.1000,10.7013,0
31.400,1.5068,-0.0000,0.0002,2.1000,10.7012,0
31.417,1.5068,-0.0000,0.0002,2.1000,10.7012,0
31.433,1.5068,-0.0000,0.0002,2.1000,10.7012,0
31.450,1.5068,-0.0000,0.0002,2.1000,10.7012,0
31.467,1.5068,-0.0000,0.0002,2.1000,10.7012,0
31.483,1.5068,-0.0000,0.0002,2.1000,10.7012,0
31.500,1.5068,-0.0000,0.0002,2.1000,10.7012,0
31.517,1.5069,-0.0000,0.0002,2.1000,10.7012,0
31.533,1.5069,-0.0000,0.0002,2.1000,10.7012,0
31.550,1.5069,-0.0000,0.0002,2.1000,10.7012,0
31.567,1.5069,-0.0000,0.0002,2.1000,10.7012,0
31.583,1.5069,-0.0000,0.0002,2.1000,10.7012,0
31.600,1.5069,-0.0000,0.0002,2.1000,10.7012,0
31.617,1.5069,-0.0000,0.0002,2.1000,10.7012,0
31.633,1.5069,-0.0000,0.0002,2.1000,10.7012,0
31.650,1.5069,-0.0000,0.0002,2.1000,10.7012,0
31.667,1.5069,-0.0000,0.0002,2.1000,10.7012,0
31.683,1.5069,-0.0000,0.0002,2.1000,10.7012,0
31.700,1.5069,-0.0000,0.0002,2.1000,10.7012,0
31.717,1.5069,-0.0000,0.0002,2.1000,10.7012,0
31.733,1.5069,-0.0000,0.0002,2.1000,10.7012,0
31.750,1.5069,-0.0000,0.0002,2.1000,10.7012,0
31.767,1.5069,-0.0000,0.0002,2.1000,10.7012,0
31.783,1.5069,-0.0000,0.0002,2.1000,10.7012,0
31.800,1.5069,-0.0000,0.0002,2.1000,10.7012,0
31.817,1.5069,-0.0000,0.0002,2.1000,10.7012,0
31.833,1.5069,-0.0000,0.0002,2.1000,10.7012,0
31.850,1.5069,-0.0000,0.0002,2.1000,10.7012,0
31.867,1.5069,-0.0000,0.0002,2.1000,10.7011,0
31.883,1.5069,-0.0000,0.0002,2.1000,10.7011,0
31.900,1.5069,-0.0000,0.0002,2.1000,10.7011,0
31.917,1.5069,-0.0000,0.0002,2.1000,10.7011,0
31.933,1.5069,-0.0000,0.0002,2.1000,10.7011,0
31.950,1.5069,-0.0000,0.0002,2.1000,10.7011,0
31.967,1.5070,-0.0000,0.0002,2.1000,10.7011,0
31.983,1.5070,-0.0000,0.0002,2.1000,10.7011,0
32.000,1.5070,-0.0000,0.0002,2.1000,10.7011,0
32.017,1.5070,-0.0000,0.0002,2.1000,10.7011,0
32.033,1.5070,-0.0000,0.0002,2.1000,10.7011,0
32.050,1.5070,-0.0000,0.0002,2.1000,10.7011,0
32.067,1.5070,-0.0000,0.0002,2.1000,10.7011,0
32.083,1.5070,-0.0000,0.0002,2.1000,10.7011,0
32.100,1.5070,-0.0000,0.0002,2.1000,10.7011,0
32.117,1.5070,-0.0000,0.0002,2.1000,10.7011,0
32.133,1.5070,-0.0000,0.0002,2.1000,10.7011,0
32.150,1.5070,-0.0000,0.0002,2.1000,10.7011,0
32.167,1.5070,-0.0000,0.0002,2.1000,10.7011,0
32.183,1.5070,-0.0000,0.0002,2.1000,10.7011,0
32.200,1.5070,-0.0000,0.0002,2.1000,10.7011,0
32.217,1.5070,-0.0000,0.0002,2.1000,10.7011,0
32.233,1.5070,-0.0000,0.0003,2.1000,10.7011,0
32.250,1.5070,-0.0000,0.0002,2.1000,10.7011,0
32.267,1.5070,-0.0000,0.0002,2.1000,10.7011,0
32.283,1.5070,-0.0000,0.0002,2.1000,10.7011,0
32.300,1.5070,-0.0000,0.0002,2.1000,10.7011,0
32.317,1.5070,-0.0000,0.0002,2.1000,10.7011,0
32.333,1.5070,-0.0000,0.0002,2.1000,10.7010,0
32.350,1.5070,-0.0000,0.0002,2.1000,10.7010,0
32.367,1.5070,-0.0000,0.0002,2.1000,10.7010,0
32.383,1.5070,-0.0000,0.0002,2.1000,10.7010,0
32.400,1.5070,-0.0000,0.0002,2.1000,10.7010,0
32.417,1.5070,-0.0000,0.0002,2.1000,10.7010,0
32.433,1.5071,-0.0000,0.0002,2.1000,10.7010,0
32.450,1.5071,-0.0000,0.0002,2.1000,10.7010,0
32.467,1.5071,-0.0000,0.0002,2.1000,10.7010,0
32.483,1.5071,-0.0000,0.0002,2.1000,10.7010,0
32.500,1.5071,-0.0000,0.0002,2.1000,10.7010,0
32.517,1.5071,-0.0000,0.0002,2.1000,10.7010,0
32.533,1.5071,-0.0000,0.0002,2.1000,10.7010,0
32.550,1.5071,-0.0000,0.0002,2.1000,10.7010,0
32.567,1.5071,-0.0000,0.0002,2.1000,10.7010,0
32.583,1.5071,-0.0000,0.0002,2.1000,10.7010,0
32.600,1.5071,-0.0000,0.0002,2.1000,10.7010,0
32.617,1.5071,-0.0000,0.0002,2.1000,10.7010,0
32.633,1.5071,-0.0000,0.0002,2.1000,10.7010,0
32.650,1.5071,-0.0000,0.0002,2.1000,10.7010,0
32.667,1.5071,-0.0000,0.0002,2.1000,10.7010,0
32.683,1.5071,-0.0000,0.0002,2.1000,10.7010,0
32.700,1.5071,-0.0000,0.0002,2.1000,10.7010,0
32.717,1.5071,-0.0000,0.0002,2.1000,10.7010,0
32.733,1.5071,-0.0000,0.0002,2.1000,10.7010,0
32.750,1.5071,-0.0000,0.0002,2.1000,10.7010,0
32.767,1.5071,-0.0000,0.0002,2.1000,10.7010,0
32.783,1.5071,-0.0000,0.0002,2.1000,10.7009,0
32.800,1.5071,-0.0000,0.0002,2.1000,10.7009,0
32.817,1.5071,-0.0000,0.0002,2.1000,10.7009,0
32.833,1.5071,-0.0000,0.0002,2.1000,10.7009,0
32.850,1.5071,-0.0000,0.0002,2.1000,10.7009,0
32.867,1.5071,-0.0000,0.0002,2.1000,10.7009,0
32.883,1.5072,-0.0000,0.0002,2.1000,10.7009,0
32.900,1.5072,-0.0000,0.0002,2.1000,10.7009,0
32.917,1.5072,-0.0000,0.0002,2.1000,10.7009,0
32.933,1.5072,-0.0000,0.0002,2.1000,10.7009,0
32.950,1.5072,-0.0000,0.0002,2.1000,10.7009,0
32.967,1.5072,-0.0000,0.0002,2.1000,10.7009,0
32.983,1.5072,-0.0000,0.0002,2.1000,10.7009,0
33.000,1.5072,-0.0000,0.0002,2.1000,10.7009,0
33.017,1.5072,-0.0000,0.0002,2.1000,10.7009,0
33.033,1.5072,-0.0000,0.0002,2.1000,10.7009,0
33.050,1.5072,-0.0000,0.0002,2.1000,10.7009,0
33.067,1.5072,-0.0000,0.0002,2.1000,10.7009,0
33.083,1.5072,-0.0000,0.0002,2.1000,10.7009,0
33.100,1.5072,-0.0000,0.0002,2.1000,10.7009,0
33.117,1.5072,-0.0000,0.0002,2.1000,10.7009,0
33.133,1.5072,-0.0000,0.0003,2.1000,10.7009,0
33.150,1.5072,-0.0000,0.0002,2.1000,10.7009,0
33.167,1.5072,-0.0000,0.0002,2.1000,10.7009,0
33.183,1.5072,-0.0000,0.0002,2.1000,10.7009,0
33.200,1.5072,-0.0000,0.0002,2.1000,10.7009,0
33.217,1.5072,-0.0000,0.0002,2.1000,10.7009,0
33.233,1.5072,-0.0000,0.0002,2.1000,10.7009,0
33.250,1.5072,-0.0000,0.0002,2.1000,10.7008,0
33.267,1.5072,-0.0000,0.0002,2.1000,10.7008,0
33.283,1.5072,-0.0000,0.0002,2.1000,10.7008,0
33.300,1.5072,-0.0000,0.0002,2.1000,10.7008,0
33.317,1.5072,-0.0000,0.0002,2.1000,10.7008,0
33.333,1.5073,-0.0000,0.0002,2.1000,10.7008,0
33.350,1.5073,-0.0000,0.0002,2.1000,10.7008,0
33.367,1.5073,-0.0000,0.0002,2.1000,10.7008,0
33.383,1.5073,-0.0000,0.0002,2.1000,10.7008,0
33.400,1.5073,-0.0000,0.0002,2.1000,10.7008,0
33.417,1.5073,-0.0000,0.0002,2.1000,10.7008,0
33.433,1.5073,-0.0000,0.0002,2.1000,10.7008,0
33.450,1.5073,-0.0000,0.0002,2.1000,10.7008,0
33.467,1.5073,-0.0000,0.0002,2.1000,10.7008,0
33.483,1.5073,-0.0000,0.0002,2.1000,10.7008,0
33.500,1.5073,-0.0000,0.0002,2.1000,10.7008,0
33.517,1.5073,-0.0000,0.0002,2.1000,10.7008,0
33.533,1.5073,-0.0000,0.0002,2.1000,10.7008,0
33.550,1.5073,-0.0000,0.0002,2.1000,10.7008,0
33.567,1.5073,-0.0000,0.0002,2.1000,10.7008,0
33.583,1.5073,-0.0000,0.0002,2.1000,10.7008,0
33.600,1.5073,-0.0000,0.0002,2.1000,10.7008,0
33.617,1.5073,-0.0000,0.0002,2.1000,10.7008,0
33.633,1.5073,-0.0000,0.0002,2.1000,10.7008,0
33.650,1.5073,-0.0000,0.0002,2.1000,10.7008,0
33.667,1.5073,-0.0000,0.0002,2.1000,10.7008,0
33.683,1.5073,-0.0000,0.0002,2.1000,10.7008,0
33.700,1.5073,-0.0000,0.0002,2.1000,10.7008,0
33.717,1.5073,-0.0000,0.0002,2.1000,10.7007,0
33.733,1.5073,-0.0000,0.0002,2.1000,10.7007,0
33.750,1.5073,-0.0000,0.0002,2.1000,10.7007,0
33.767,1.5073,-0.0000,0.0002,2.1000,10.7007,0
33.783,1.5073,-0.0000,0.0002,2.1000,10.7007,0
33.800,1.5074,-0.0000,0.0002,2.1000,10.7007,0
33.817,1.5074,-0.0000,0.0002,2.1000,10.7007,0
33.833,1.5074,-0.0000,0.0002,2.1000,10.7007,0
33.850,1.5074,-0.0000,0.0002,2.1000,10.7007,0
33.867,1.5074,-0.0000,0.0002,2.1000,10.7007,0
33.883,1.5074,-0.0000,0.0002,2.1000,10.7007,0
33.900,1.5074,-0.0000,0.0002,2.1000,10.7007,0
33.917,1.5074,-0.0000,0.0002,2.1000,10.7007,0
33.933,1.5074,-0.0000,0.0002,2.1000,10.7007,0
33.950,1.5074,-0.0000,0.0002,2.1000,10.7007,0
33.967,1.5074,-0.0000,0.0002,2.1000,10.7007,0
33.983,1.5074,-0.0000,0.0002,2.1000,10.7007,0
34.000,1.5074,-0.0000,0.0002,2.1000,10.7007,0
34.017,1.5074,-0.0000,0.0002,2.1000,10.7007,0
34.033,1.5074,-0.0000,0.0002,2.1000,10.7007,0
34.050,1.5074,-0.0000,0.0002,2.1000,10.7007,0
34.067,1.5074,-0.0000,0.0002,2.1000,10.7007,0
34.083,1.5074,-0.0000,0.0002,2.1000,10.7007,0
34.100,1.5074,-0.0000,0.0002,2.1000,10.7007,0
34.117,1.5074,-0.0000,0.0002,2.1000,10.7007,0
34.133,1.5074,-0.0000,0.0002,2.1000,10.7007,0
34.150,1.5074,-0.0000,0.0002,2.1000,10.7007,0
34.167,1.5074,-0.0000,0.0002,2.1000,10.7007,0
34.183,1.5074,-0.0000,0.0002,2.1000,10.7006,0
34.200,1.5074,-0.0000,0.0002,2.1000,10.7006,0
34.217,1.5074,-0.0000,0.0002,2.1000,10.7006,0
34.233,1.5074,-0.0000,0.0002,2.1000,10.7006,0
34.250,1.5075,-0.0000,0.0002,2.1000,10.7006,0
34.267,1.5075,-0.0000,0.0002,2.1000,10.7006,0
34.283,1.5075,-0.0000,0.0002,2.1000,10.7006,0
34.300,1.5075,-0.0000,0.0002,2.1000,10.7006,0
34.317,1.5075,-0.0000,0.0002,2.1000,10.7006,0
34.333,1.5075,-0.0000,0.0002,2.1000,10.7006,0
34.350,1.5075,-0.0000,0.0002,2.1000,10.7006,0
34.367,1.5075,-0.0000,0.0002,2.1000,10.7006,0
34.383,1.5075,-0.0000,0.0002,2.1000,10.7006,0
34.400,1.5075,-0.0000,0.0002,2.1000,10.7006,0
34.417,1.5075,-0.0000,0.0002,2.1000,10.7006,0
34.433,1.5075,-0.0000,0.0002,2.1000,10.7006,0
34.450,1.5075,-0.0000,0.0002,2.1000,10.7006,0
34.467,1.5075,-0.0000,0.0002,2.1000,10.7006,0
34.483,1.5075,-0.0000,0.0002,2.1000,10.7006,0
34.500,1.5075,-0.0000,0.0002,2.1000,10.7006,0
34.517,1.5075,-0.0000,0.0002,2.1000,10.7006,0
34.533,1.5075,-0.0000,0.0002,2.1000,10.7006,0
34.550,1.5075,-0.0000,0.0002,2.1000,10.7006,0
34.567,1.5075,-0.0000,0.0002,2.1000,10.7006,0
34.583,1.5075,-0.0000,0.0002,2.1000,10.7006,0
34.600,1.5075,-0.0000,0.0002,2.1000,10.7006,0
34.617,1.5075,-0.0000,0.0002,2.1000,10.7006,0
34.633,1.5075,-0.0000,0.0002,2.1000,10.7006,0
34.650,1.5075,-0.0000,0.0002,2.1000,10.7005,0
34.667,1.5075,-0.0000,0.0002,2.1000,10.7005,0
34.683,1.5075,-0.0000,0.0002,2.1000,10.7005,0
34.700,1.5076,-0.0000,0.0002,2.1000,10.7005,0
34.717,1.5076,-0.0000,0.0002,2.1000,10.7005,0
34.733,1.5076,-0.0000,0.0002,2.1000,10.7005,0
34.750,1.5076,-0.0000,0.0002,2.1000,10.7005,0
34.767,1.5076,-0.0000,0.0002,2.1000,10.7005,0
34.783,1.5076,-0.0000,0.0002,2.1000,10.7005,0
34.800,1.5076,-0.0000,0.0002,2.1000,10.7005,0
34.817,1.5076,-0.0000,0.0002,2.1000,10.7005,0
34.833,1.5076,-0.0000,0.0002,2.1000,10.7005,0
34.850,1.5076,-0.0000,0.0002,2.1000,10.7005,0
34.867,1.5076,-0.0000,0.0002,2.1000,10.7005,0
34.883,1.5076,-0.0000,0.0002,2.1000,10.7005,0
34.900,1.5076,-0.0000,0.0002,2.1000,10.7005,0
34.917,1.5076,-0.0000,0.0002,2.1000,10.7005,0
34.933,1.5076,-0.0000,0.0002,2.1000,10.7005,0
34.950,1.5076,-0.0000,0.0002,2.1000,10.7005,0
34.967,1.5076,-0.0000,0.0002,2.1000,10.7005,0
34.983,1.5076,-0.0000,0.0002,2.1000,10.7005,0
35.000,1.5076,-0.0000,0.0002,2.1000,10.7005,0
35.017,1.5076,-0.0000,0.0002,2.1000,10.7005,0
35.033,1.5076,-0.0000,0.0002,2.1000,10.7005,0
35.050,1.5076,-0.0000,0.0002,2.1000,10.7005,0
35.067,1.5076,-0.0000,0.0002,2.1000,10.7005,0
35.083,1.5076,-0.0000,0.0002,2.1000,10.7005,0
35.100,1.5076,-0.0000,0.0002,2.1000,10.7005,0
35.117,1.5076,-0.0000,0.0002,2.1000,10.7004,0
35.133,1.5076,-0.0000,0.0002,2.1000,10.7004,0
35.150,1.5076,-0.0000,0.0002,2.1000,10.7004,0
35.167,1.5077,-0.0000,0.0002,2.1000,10.7004,0
35.183,1.5077,-0.0000,0.0002,2.1000,10.7004,0
35.200,1.5077,-0.0000,0.0002,2.1000,10.7004,0
35.217,1.5077,-0.0000,0.0002,2.1000,10.7004,0
35.233,1.5077,-0.0000,0.0002,2.1000,10.7004,0
35.250,1.5077,-0.0000,0.0002,2.1000,10.7004,0
35.267,1.5077,-0.0000,0.0002,2.1000,10.7004,0
35.283,1.5077,-0.0000,0.0002,2.1000,10.7004,0
35.300,1.5077,-0.0000,0.0002,2.1000,10.7004,0
35.317,1.5077,-0.0000,0.0002,2.1000,10.7004,0
35.333,1.5077,-0.0000,0.0002,2.1000,10.7004,0
35.350,1.5077,-0.0000,0.0002,2.1000,10.7004,0
35.367,1.5077,-0.0000,0.0002,2.1000,10.7004,0
35.383,1.5077,-0.0000,0.0002,2.1000,10.7004,0
35.400,1.5077,-0.0000,0.0002,2.1000,10.7004,0
35.417,1.5077,-0.0000,0.0002,2.1000,10.7004,0
35.433,1.5077,-0.0000,0.0002,2.1000,10.7004,0
35.450,1.5077,-0.0000,0.0002,2.1000,10.7004,0
35.467,1.5077,-0.0000,0.0002,2.1000,10.7004,0
35.483,1.5077,-0.0000,0.0002,2.1000,10.7004,0
35.500,1.5077,-0.0000,0.0002,2.1000,10.7004,0
35.517,1.5077,-0.0000,0.0002,2.1000,10.7004,0
35.533,1.5077,-0.0000,0.0002,2.1000,10.7004,0
35.550,1.5077,-0.0000,0.0002,2.1000,10.7004,0
35.567,1.5077,-0.0000,0.0002,2.1000,10.7004,0
35.583,1.5077,-0.0000,0.0002,2.1000,10.7003,0
35.600,1.5077,-0.0000,0.0002,2.1000,10.7003,0
35.617,1.5078,-0.0000,0.0002,2.1000,10.7003,0
35.633,1.5078,-0.0000,0.0002,2.1000,10.7003,0
35.650,1.5078,-0.0000,0.0002,2.1000,10.7003,0
35.667,1.5078,-0.0000,0.0002,2.1000,10.7003,0
35.683,1.5078,-0.0000,0.0002,2.1000,10.7003,0
35.700,1.5078,-0.0000,0.0002,2.1000,10.7003,0
35.717,1.5078,-0.0000,0.0002,2.1000,10.7003,0
35.733,1.5078,-0.0000,0.0002,2.1000,10.7003,0
35.750,1.5078,-0.0000,0.0002,2.1000,10.7003,0
35.767,1.5078,-0.0000,0.0002,2.1000,10.7003,0
35.783,1.5078,-0.0000,0.0002,2.1000,10.7003,0
35.800,1.5078,-0.0000,0.0002,2.1000,10.7003,0
35.817,1.5078,-0.0000,0.0002,2.1000,10.7003,0
35.833,1.5078,-0.0000,0.0002,2.1000,10.7003,0
35.850,1.5078,-0.0000,0.0002,2.1000,10.7003,0
35.867,1.5078,-0.0000,0.0002,2.1000,10.7003,0
35.883,1.5078,-0.0000,0.0002,2.1000,10.7003,0
35.900,1.5078,-0.0000,0.0002,2.1000,10.7003,0
35.917,1.5078,-0.0000,0.0002,2.1000,10.7003,0
35.933,1.5078,-0.0000,0.0002,2.1000,10.7003,0
35.950,1.5078,-0.0000,0.0002,2.1000,10.7003,0
35.967,1.5078,-0.0000,0.0002,2.1000,10.7003,0
35.983,1.5078,-0.0000,0.0002,2.1000,10.7003,0
36.000,1.5078,-0.0000,0.0002,2.1000,10.7003,0
36.017,1.5078,-0.0000,0.0002,2.1000,10.7003,0
36.033,1.5078,-0.0000,0.0002,2.1000,10.7003,0
36.050,1.5078,-0.0000,0.0002,2.1000,10.7002,0
36.067,1.5079,-0.0000,0.0002,2.1000,10.7002,0
36.083,1.5079,-0.0000,0.0002,2.1000,10.7002,0
36.100,1.5079,-0.0000,0.0002,2.1000,10.7002,0
36.117,1.5079,-0.0000,0.0002,2.1000,10.7002,0
36.133,1.5079,-0.0000,0.0002,2.1000,10.7002,0
36.150,1.5079,-0.0000,0.0002,2.1000,10.7002,0
36.167,1.5079,-0.0000,0.0002,2.1000,10.7002,0
36.183,1.5079,-0.0000,0.0002,2.1000,10.7002,0
36.200,1.5079,-0.0000,0.0002,2.1000,10.7002,0
36.217,1.5079,-0.0000,0.0002,2.1000,10.7002,0
36.233,1.5079,-0.0000,0.0002,2.1000,10.7002,0
36.250,1.5079,-0.0000,0.0002,2.1000,10.7002,0
36.267,1.5079,-0.0000,0.0002,2.1000,10.7002,0
36.283,1.5079,-0.0000,0.0002,2.1000,10.7002,0
36.300,1.5079,-0.0000,0.0002,2.1000,10.7002,0
36.317,1.5079,-0.0000,0.0002,2.1000,10.7002,0
36.333,1.5079,-0.0000,0.0002,2.1000,10.7002,0
36.350,1.5079,-0.0000,0.0002,2.1000,10.7002,0
36.367,1.5079,-0.0000,0.0002,2.1000,10.7002,0
36.383,1.5079,-0.0000,0.0002,2.1000,10.7002,0
36.400,1.5079,-0.0000,0.0002,2.1000,10.7002,0
36.417,1.5079,-0.0000,0.0002,2.1000,10.7002,0
36.433,1.5079,-0.0000,0.0002,2.1000,10.7002,0
36.450,1.5079,-0.0000,0.0002,2.1000,10.7002,0
36.467,1.5079,-0.0000,0.0002,2.1000,10.7002,0
36.483,1.5079,-0.0000,0.0002,2.1000,10.7002,0
36.500,1.5079,-0.0000,0.0002,2.1000,10.7001,0
36.517,1.5079,-0.0000,0.0002,2.1000,10.7001,0
36.533,1.5080,-0.0000,0.0002,2.1000,10.7001,0
36.550,1.5080,-0.0000,0.0002,2.1000,10.7001,0
36.567,1.5080,-0.0000,0.0002,2.1000,10.7001,0
36.583,1.5080,-0.0000,0.0002,2.1000,10.7001,0
36.600,1.5080,-0.0000,0.0002,2.1000,10.7001,0
36.617,1.5080,-0.0000,0.0002,2.1000,10.7001,0
36.633,1.5080,-0.0000,0.0002,2.1000,10.7001,0
36.650,1.5080,-0.0000,0.0002,2.1000,10.7001,0
36.667,1.5080,-0.0000,0.0002,2.1000,10.7001,0
36.683,1.5080,-0.0000,0.0002,2.1000,10.7001,0
36.700,1.5080,-0.0000,0.0002,2.1000,10.7001,0
36.717,1.5080,-0.0000,0.0002,2.1000,10.7001,0
36.733,1.5080,-0.0000,0.0002,2.1000,10.7001,0
36.750,1.5080,-0.0000,0.0002,2.1000,10.7001,0
36.767,1.5080,-0.0000,0.0002,2.1000,10.7001,0
36.783,1.5080,-0.0000,0.0002,2.1000,10.7001,0
36.800,1.5080,-0.0000,0.0002,2.1000,10.7001,0
36.817,1.5080,-0.0000,0.0002,2.1000,10.7001,0
36.833,1.5080,-0.0000,0.0002,2.1000,10.7001,0
36.850,1.5080,-0.0000,0.0002,2.1000,10.7001,0
36.867,1.5080,-0.0000,0.0002,2.1000,10.7001,0
36.883,1.5080,-0.0000,0.0002,2.1000,10.7001,0
36.900,1.5080,-0.0000,0.0002,2.1000,10.7001,0
36.917,1.5080,-0.0000,0.0002,2.1000,10.7001,0
36.933,1.5080,-0.0000,0.0002,2.1000,10.7001,0
36.950,1.5080,-0.0000,0.0002,2.1000,10.7001,0
36.967,1.5080,-0.0000,0.0002,2.1000,10.7000,0
36.983,1.5081,-0.0000,0.0002,2.1000,10.7000,0
37.000,1.5081,-0.0000,0.0002,2.1000,10.7000,0
37.017,1.5081,-0.0000,0.0002,2.1000,10.7000,0
37.033,1.5081,-0.0000,0.0002,2.1000,10.7000,0
37.050,1.5081,-0.0000,0.0002,2.1000,10.7000,0
37.067,1.5081,-0.0000,0.0002,2.1000,10.7000,0
37.083,1.5081,-0.0000,0.0002,2.1000,10.7000,0
37.100,1.5081,-0.0000,0.0002,2.1000,10.7000,0
37.117,1.5081,-0.0000,0.0002,2.1000,10.7000,0
37.133,1.5081,-0.0000,0.0002,2.1000,10.7000,0
37.150,1.5081,-0.0000,0.0002,2.1000,10.7000,0
37.167,1.5081,-0.0000,0.0002,2.1000,10.7000,0
37.183,1.5081,-0.0000,0.0002,2.1000,10.7000,0
37.200,1.5081,-0.0000,0.0002,2.1000,10.7000,0
37.217,1.5081,-0.0000,0.0002,2.1000,10.7000,0
37.233,1.5081,-0.0000,0.0002,2.1000,10.7000,0
37.250,1.5081,-0.0000,0.0002,2.1000,10.7000,0
37.267,1.5081,-0.0000,0.0002,2.1000,10.7000,0
37.283,1.5081,-0.0000,0.0002,2.1000,10.7000,0
37.300,1.5081,-0.0000,0.0002,2.1000,10.7000,0
37.317,1.5081,-0.0000,0.0002,2.1000,10.7000,0
37.333,1.5081,-0.0000,0.0002,2.1000,10.7000,0
37.350,1.5081,-0.0000,0.0002,2.1000,10.7000,0
37.367,1.5081,-0.0000,0.0002,2.1000,10.7000,0
37.383,1.5081,-0.0000,0.0002,2.1000,10.7000,0
37.400,1.5081,-0.0000,0.0002,2.1000,10.7000,0
37.417,1.5081,-0.0000,0.0002,2.1000,10.7000,0
37.433,1.5082,-0.0000,0.0002,2.1000,10.6999,0
37.450,1.5082,-0.0000,0.0002,2.1000,10.6999,0
37.467,1.5082,-0.0000,0.0002,2.1000,10.6999,0
37.483,1.5082,-0.0000,0.0002,2.1000,10.6999,0
37.500,1.5082,-0.0000,0.0002,2.1000,10.6999,0
37.517,1.5082,-0.0000,0.0002,2.1000,10.6999,0
37.533,1.5082,-0.0000,0.0002,2.1000,10.6999,0
37.550,1.5082,-0.0000,0.0002,2.1000,10.6999,0
37.567,1.5082,-0.0000,0.0002,2.1000,10.6999,0
37.583,1.5082,-0.0000,0.0002,2.1000,10.6999,0
37.600,1.5082,-0.0000,0.0002,2.1000,10.6999,0
37.617,1.5082,-0.0000,0.0002,2.1000,10.6999,0
37.633,1.5082,-0.0000,0.0002,2.1000,10.6999,0
37.650,1.5082,-0.0000,0.0002,2.1000,10.6999,0
37.667,1.5082,-0.0000,0.0002,2.1000,10.6999,0
37.683,1.5082,-0.0000,0.0002,2.1000,10.6999,0
37.700,1.5082,-0.0000,0.0002,2.1000,10.6999,0
37.717,1.5082,-0.0000,0.0002,2.1000,10.6999,0
37.733,1.5082,-0.0000,0.0002,2.1000,10.6999,0
37.750,1.5082,-0.0000,0.0002,2.1000,10.6999,0
37.767,1.5082,-0.0000,0.0002,2.1000,10.6999,0
37.783,1.5082,-0.0000,0.0002,2.1000,10.6999,0
37.800,1.5082,-0.0000,0.0002,2.1000,10.6999,0
37.817,1.5082,-0.0000,0.0002,2.1000,10.6999,0
37.833,1.5082,-0.0000,0.0002,2.1000,10.6999,0
37.850,1.5082,-0.0000,0.0002,2.1000,10.6999,0
37.867,1.5082,-0.0000,0.0002,2.1000,10.6999,0
37.883,1.5082,-0.0000,0.0002,2.1000,10.6999,0
37.900,1.5083,-0.0000,0.0002,2.1000,10.6998,0
37.917,1.5083,-0.0000,0.0002,2.1000,10.6998,0
37.933,1.5083,-0.0000,0.0002,2.1000,10.6998,0
37.950,1.5083,-0.0000,0.0002,2.1000,10.6998,0
37.967,1.5083,-0.0000,0.0002,2.1000,10.6998,0
37.983,1.5083,-0.0000,0.0002,2.1000,10.6998,0
38.000,1.5083,-0.0000,0.0002,2.1000,10.6998,0
38.017,1.5083,-0.0000,0.0002,2.1000,10.6998,0
38.033,1.5083,-0.0000,0.0002,2.1000,10.6998,0
38.050,1.5083,-0.0000,0.0002,2.1000,10.6998,0
38.067,1.5083,-0.0000,0.0002,2.1000,10.6998,0
38.083,1.5083,-0.0000,0.0002,2.1000,10.6998,0
38.100,1.5083,-0.0000,0.0002,2.1000,10.6998,0
38.117,1.5083,-0.0000,0.0002,2.1000,10.6998,0
38.133,1.5083,-0.0000,0.0002,2.1000,10.6998,0
38.150,1.5083,-0.0000,0.0002,2.1000,10.6998,0
38.167,1.5083,-0.0000,0.0002,2.1000,10.6998,0
38.183,1.5083,-0.0000,0.0002,2.1000,10.6998,0
38.200,1.5083,-0.0000,0.0002,2.1000,10.6998,0
38.217,1.5083,-0.0000,0.0002,2.1000,10.6998,0
38.233,1.5083,-0.0000,0.0002,2.1000,10.6998,0
38.250,1.5083,-0.0000,0.0002,2.1000,10.6998,0
38.267,1.5083,-0.0000,0.0002,2.1000,10.6998,0
38.283,1.5083,-0.0000,0.0002,2.1000,10.6998,0
38.300,1.5083,-0.0000,0.0002,2.1000,10.6998,0
38.317,1.5083,-0.0000,0.0002,2.1000,10.6998,0
38.333,1.5083,-0.0000,0.0002,2.1000,10.6998,0
38.350,1.5084,-0.0000,0.0002,2.1000,10.6998,0
38.367,1.5084,-0.0000,0.0002,2.1000,10.6997,0
38.383,1.5084,-0.0000,0.0002,2.1000,10.6997,0
38.400,1.5084,-0.0000,0.0002,2.1000,10.6997,0
38.417,1.5084,-0.0000,0.0002,2.1000,10.6997,0
38.433,1.5084,-0.0000,0.0002,2.1000,10.6997,0
38.450,1.5084,-0.0000,0.0002,2.1000,10.6997,0
38.467,1.5084,-0.0000,0.0002,2.1000,10.6997,0
38.483,1.5084,-0.0000,0.0002,2.1000,10.6997,0
38.500,1.5084,-0.0000,0.0002,2.1000,10.6997,0
38.517,1.5084,-0.0000,0.0002,2.1000,10.6997,0
38.533,1.5084,-0.0000,0.0002,2.1000,10.6997,0
38.550,1.5084,-0.0000,0.0002,2.1000,10.6997,0
38.567,1.5084,-0.0000,0.0002,2.1000,10.6997,0
38.583,1.5084,-0.0000,0.0002,2.1000,10.6997,0
38.600,1.5084,-0.0000,0.0002,2.1000,10.6997,0
38.617,1.5084,-0.0000,0.0002,2.1000,10.6997,0
38.633,1.5084,-0.0000,0.0002,2.1000,10.6997,0
38.650,1.5084,-0.0000,0.0002,2.1000,10.6997,0
38.667,1.5084,-0.0000,0.0002,2.1000,10.6997,0
38.683,1.5084,-0.0000,0.0002,2.1000,10.6997,0
38.700,1.5084,-0.0000,0.0002,2.1000,10.6997,0
38.717,1.5084,-0.0000,0.0002,2.1000,10.6997,0
38.733,1.5084,-0.0000,0.0002,2.1000,10.6997,0
38.750,1.5084,-0.0000,0.0002,2.1000,10.6997,0
38.767,1.5084,-0.0000,0.0002,2.1000,10.6997,0
38.783,1.5084,-0.0000,0.0002,2.1000,10.6997,0
38.800,1.5085,-0.0000,0.0002,2.1000,10.6997,0
38.817,1.5085,-0.0000,0.0002,2.1000,10.6997,0
38.833,1.5085,-0.0000,0.0002,2.1000,10.6996,0
38.850,1.5085,-0.0000,0.0002,2.1000,10.6996,0
38.867,1.5085,-0.0000,0.0002,2.1000,10.6996,0
38.883,1.5085,-0.0000,0.0002,2.1000,10.6996,0
38.900,1.5085,-0.0000,0.0002,2.1000,10.6996,0
38.917,1.5085,-0.0000,0.0002,2.1000,10.6996,0
38.933,1.5085,-0.0000,0.0002,2.1000,10.6996,0
38.950,1.5085,-0.0000,0.0002,2.1000,10.6996,0
38.967,1.5085,-0.0000,0.0002,2.1000,10.6996,0
38.983,1.5085,-0.0000,0.0002,2.1000,10.6996,0
39.000,1.5085,-0.0000,0.0002,2.1000,10.6996,0
39.017,1.5085,-0.0000,0.0002,2.1000,10.6996,0
39.033,1.5085,-0.0000,0.0002,2.1000,10.6996,0
39.050,1.5085,-0.0000,0.0002,2.1000,10.6996,0
39.067,1.5085,-0.0000,0.0002,2.1000,10.6996,0
39.083,1.5085,-0.0000,0.0002,2.1000,10.6996,0
39.100,1.5085,-0.0000,0.0002,2.1000,10.6996,0
39.117,1.5085,-0.0000,0.0002,2.1000,10.6996,0
39.133,1.5085,-0.0000,0.0003,2.1000,10.6996,0
39.150,1.5085,-0.0000,0.0002,2.1000,10.6996,0
39.167,1.5085,-0.0000,0.0002,2.1000,10.6996,0
39.183,1.5085,-0.0000,0.0002,2.1000,10.6996,0
39.200,1.5085,-0.0000,0.0002,2.1000,10.6996,0
39.217,1.5085,-0.0000,0.0002,2.1000,10.6996,0
39.233,1.5085,-0.0000,0.0002,2.1000,10.6996,0
39.250,1.5086,-0.0000,0.0002,2.1000,10.6996,0
39.267,1.5086,-0.0000,0.0002,2.1000,10.6996,0
39.283,1.5086,-0.0000,0.0002,2.1000,10.6996,0
39.300,1.5086,-0.0000,0.0002,2.1000,10.6995,0
39.317,1.5086,-0.0000,0.0002,2.1000,10.6995,0
39.333,1.5086,-0.0000,0.0002,2.1000,10.6995,0
39.350,1.5086,-0.0000,0.0002,2.1000,10.6995,0
39.367,1.5086,-0.0000,0.0002,2.1000,10.6995,0
39.383,1.5086,-0.0000,0.0002,2.1000,10.6995,0
39.400,1.5086,-0.0000,0.0002,2.1000,10.6995,0
39.417,1.5086,-0.0000,0.0002,2.1000,10.6995,0
39.433,1.5086,-0.0000,0.0002,2.1000,10.6995,0
39.450,1.5086,-0.0000,0.0002,2.1000,10.6995,0
39.467,1.5086,-0.0000,0.0002,2.1000,10.6995,0
39.483,1.5086,-0.0000,0.0002,2.1000,10.6995,0
39.500,1.5086,-0.0000,0.0002,2.1000,10.6995,0
39.517,1.5086,-0.0000,0.0002,2.1000,10.6995,0
39.533,1.5086,-0.0000,0.0002,2.1000,10.6995,0
39.550,1.5086,-0.0000,0.0002,2.1000,10.6995,0
39.567,1.5086,-0.0000,0.0002,2.1000,10.6995,0
39.583,1.5086,-0.0000,0.0002,2.1000,10.6995,0
39.600,1.5086,-0.0000,0.0002,2.1000,10.6995,0
39.617,1.5086,-0.0000,0.0002,2.1000,10.6995,0
39.633,1.5086,-0.0000,0.0002,2.1000,10.6995,0
39.650,1.5086,-0.0000,0.0002,2.1000,10.6995,0
39.667,1.5086,-0.0000,0.0002,2.1000,10.6995,0
39.683,1.5086,-0.0000,0.0002,2.1000,10.6995,0
39.700,1.5086,-0.0000,0.0002,2.1000,10.6995,0
39.717,1.5087,-0.0000,0.0002,2.1000,10.6995,0
39.733,1.5087,-0.0000,0.0002,2.1000,10.6995,0
39.750,1.5087,-0.0000,0.0002,2.1000,10.6994,0
39.767,1.5087,-0.0000,0.0002,2.1000,10.6994,0
39.783,1.5087,-0.0000,0.0002,2.1000,10.6994,0
39.800,1.5087,-0.0000,0.0002,2.1000,10.6994,0
39.817,1.5087,-0.0000,0.0002,2.1000,10.6994,0
39.833,1.5087,-0.0000,0.0002,2.1000,10.6994,0
39.850,1.5087,-0.0000,0.0002,2.1000,10.6994,0
39.867,1.5087,-0.0000,0.0002,2.1000,10.6994,0
39.883,1.5087,-0.0000,0.0002,2.1000,10.6994,0
39.900,1.5087,-0.0000,0.0002,2.1000,10.6994,0
39.917,1.5087,-0.0000,0.0002,2.1000,10.6994,0
39.933,1.5087,-0.0000,0.0002,2.1000,10.6994,0
39.950,1.5087,-0.0000,0.0002,2.1000,10.6994,0
39.967,1.5087,-0.0000,0.0002,2.1000,10.6994,0
39.983,1.5087,-0.0000,0.0002,2.1000,10.6994,0
40.000,1.5087,-0.0000,0.0002,2.1000,10.6994,0
40.017,1.5087,-0.0000,0.0002,2.1000,10.6994,0
40.033,1.5087,-0.0000,0.0002,2.1000,10.6994,0
40.050,1.5087,-0.0000,0.0002,2.1000,10.6994,0
40.067,1.5087,-0.0000,0.0002,2.1000,10.6994,0
40.083,1.5087,-0.0000,0.0002,2.1000,10.6994,0
40.100,1.5087,-0.0000,0.0002,2.1000,10.6994,0
40.117,1.5087,-0.0000,0.0002,2.1000,10.6994,0
40.133,1.5087,-0.0000,0.0002,2.1000,10.6994,0
40.150,1.5087,-0.0000,0.0002,2.1000,10.6994,0
40.167,1.5088,-0.0000,0.0002,2.1000,10.6994,0
40.183,1.5088,-0.0000,0.0002,2.1000,10.6994,0
40.200,1.5088,-0.0000,0.0002,2.1000,10.6994,0
40.217,1.5088,-0.0000,0.0002,2.1000,10.6993,0
40.233,1.5088,-0.0000,0.0002,2.1000,10.6993,0
40.250,1.5088,-0.0000,0.0002,2.1000,10.6993,0
40.267,1.5088,-0.0000,0.0002,2.1000,10.6993,0
40.283,1.5088,-0.0000,0.0002,2.1000,10.6993,0
40.300,1.5088,-0.0000,0.0002,2.1000,10.6993,0
40.317,1.5088,-0.0000,0.0002,2.1000,10.6993,0
40.333,1.5088,-0.0000,0.0002,2.1000,10.6993,0
40.350,1.5088,-0.0000,0.0002,2.1000,10.6993,0
40.367,1.5088,-0.0000,0.0002,2.1000,10.6993,0
40.383,1.5088,-0.0000,0.0002,2.1000,10.6993,0
40.400,1.5088,-0.0000,0.0002,2.1000,10.6993,0
40.417,1.5088,-0.0000,0.0002,2.1000,10.6993,0
40.433,1.5088,-0.0000,0.0002,2.1000,10.6993,0
40.450,1.5088,-0.0000,0.0002,2.1000,10.6993,0
40.467,1.5088,-0.0000,0.0002,2.1000,10.6993,0
40.483,1.5088,-0.0000,0.0002,2.1000,10.6993,0
40.500,1.5088,-0.0000,0.0002,2.1000,10.6993,0
40.517,1.5088,-0.0000,0.0002,2.1000,10.6993,0
40.533,1.5088,-0.0000,0.0002,2.1000,10.6993,0
40.550,1.5088,-0.0000,0.0002,2.1000,10.6993,0
40.567,1.5088,-0.0000,0.0002,2.1000,10.6993,0
40.583,1.5088,-0.0000,0.0002,2.1000,10.6993,0
40.600,1.5088,-0.0000,0.0002,2.1000,10.6993,0
40.617,1.5089,-0.0000,0.0002,2.1000,10.6993,0
40.633,1.5089,-0.0000,0.0002,2.1000,10.6993,0
40.650,1.5089,-0.0000,0.0002,2.1000,10.6993,0
40.667,1.5089,-0.0000,0.0002,2.1000,10.6993,0
40.683,1.5089,-0.0000,0.0002,2.1000,10.6992,0
40.700,1.5089,-0.0000,0.0002,2.1000,10.6992,0
40.717,1.5089,-0.0000,0.0002,2.1000,10.6992,0
40.733,1.5089,-0.0000,0.0002,2.1000,10.6992,0
40.750,1.5089,-0.0000,0.0002,2.1000,10.6992,0
40.767,1.5089,-0.0000,0.0002,2.1000,10.6992,0
40.783,1.5089,-0.0000,0.0002,2.1000,10.6992,0
40.800,1.5089,-0.0000,0.0002,2.1000,10.6992,0
40.817,1.5089,-0.0000,0.0002,2.1000,10.6992,0
40.833,1.5089,-0.0000,0.0002,2.1000,10.6992,0
40.850,1.5089,-0.0000,0.0002,2.1000,10.6992,0
40.867,1.5089,-0.0000,0.0002,2.1000,10.6992,0
40.883,1.5089,-0.0000,0.0002,2.1000,10.6992,0
40.900,1.5089,-0.0000,0.0002,2.1000,10.6992,0
40.917,1.5089,-0.0000,0.0002,2.1000,10.6992,0
40.933,1.5089,-0.0000,0.0002,2.1000,10.6992,0
40.950,1.5089,-0.0000,0.0002,2.1000,10.6992,0
40.967,1.5089,-0.0000,0.0002,2.1000,10.6992,0
40.983,1.5089,-0.0000,0.0002,2.1000,10.6992,0
41.000,1.5089,-0.0000,0.0002,2.1000,10.6992,0
41.017,1.5089,-0.0000,0.0002,2.1000,10.6992,0
41.033,1.5089,-0.0000,0.0002,2.1000,10.6992,0
41.050,1.5089,-0.0000,0.0002,2.1000,10.6992,0
41.067,1.5090,-0.0000,0.0002,2.1000,10.6992,0
41.083,1.5090,-0.0000,0.0002,2.1000,10.6992,0
41.100,1.5090,-0.0000,0.0002,2.1000,10.6992,0
41.117,1.5090,-0.0000,0.0002,2.1000,10.6992,0
41.133,1.5090,-0.0000,0.0002,2.1000,10.6991,0
41.150,1.5090,-0.0000,0.0002,2.1000,10.6991,0
41.167,1.5090,-0.0000,0.0002,2.1000,10.6991,0
41.183,1.5090,-0.0000,0.0002,2.1000,10.6991,0
41.200,1.5090,-0.0000,0.0002,2.1000,10.6991,0
41.217,1.5090,-0.0000,0.0002,2.1000,10.6991,0
41.233,1.5090,-0.0000,0.0002,2.1000,10.6991,0
41.250,1.5090,-0.0000,0.0002,2.1000,10.6991,0
41.267,1.5090,-0.0000,0.0002,2.1000,10.6991,0
41.283,1.5090,-0.0000,0.0002,2.1000,10.6991,0
41.300,1.5090,-0.0000,0.0002,2.1000,10.6991,0
41.317,1.5090,-0.0000,0.0002,2.1000,10.6991,0
41.333,1.5090,-0.0000,0.0002,2.1000,10.6991,0
41.350,1.5090,-0.0000,0.0002,2.1000,10.6991,0
41.367,1.5090,-0.0000,0.0002,2.1000,10.6991,0
41.383,1.5090,-0.0000,0.0002,2.1000,10.6991,0
41.400,1.5090,-0.0000,0.0002,2.1000,10.6991,0
41.417,1.5090,-0.0000,0.0002,2.1000,10.6991,0
41.433,1.5090,-0.0000,0.0002,2.1000,10.6991,0
41.450,1.5090,-0.0000,0.0002,2.1000,10.6991,0
41.467,1.5090,-0.0000,0.0002,2.1000,10.6991,0
41.483,1.5090,-0.0000,0.0002,2.1000,10.6991,0
41.500,1.5090,-0.0000,0.0002,2.1000,10.6991,0
41.517,1.5091,-0.0000,0.0002,2.1000,10.6991,0
41.533,1.5091,-0.0000,0.0002,2.1000,10.6991,0
41.550,1.5091,-0.0000,0.0002,2.1000,10.6991,0
41.567,1.5091,-0.0000,0.0002,2.1000,10.6991,0
41.583,1.5091,-0.0000,0.0002,2.1000,10.6991,0
41.600,1.5091,-0.0000,0.0002,2.1000,10.6990,0
41.617,1.5091,-0.0000,0.0002,2.1000,10.6990,0
41.633,1.5091,-0.0000,0.0002,2.1000,10.6990,0
41.650,1.5091,-0.0000,0.0002,2.1000,10.6990,0
41.667,1.5091,-0.0000,0.0002,2.1000,10.6990,0
41.683,1.5091,-0.0000,0.0002,2.1000,10.6990,0
41.700,1.5091,-0.0000,0.0002,2.1000,10.6990,0
41.717,1.5091,-0.0000,0.0002,2.1000,10.6990,0
41.733,1.5091,-0.0000,0.0002,2.1000,10.6990,0
41.750,1.5091,-0.0000,0.0002,2.1000,10.6990,0
41.767,1.5091,-0.0000,0.0002,2.1000,10.6990,0
41.783,1.5091,-0.0000,0.0002,2.1000,10.6990,0
41.800,1.5091,-0.0000,0.0002,2.1000,10.6990,0
41.817,1.5091,-0.0000,0.0002,2.1000,10.6990,0
41.833,1.5091,-0.0000,0.0002,2.1000,10.6990,0
41.850,1.5091,-0.0000,0.0002,2.1000,10.6990,0
41.867,1.5091,-0.0000,0.0002,2.1000,10.6990,0
41.883,1.5091,-0.0000,0.0002,2.1000,10.6990,0
41.900,1.5091,-0.0000,0.0002,2.1000,10.6990,0
41.917,1.5091,-0.0000,0.0002,2.1000,10.6990,0
41.933,1.5091,-0.0000,0.0002,2.1000,10.6990,0
41.950,1.5091,-0.0000,0.0002,2.1000,10.6990,0
41.967,1.5092,-0.0000,0.0002,2.1000,10.6990,0
41.983,1.5092,-0.0000,0.0002,2.1000,10.6990,0
42.000,1.5092,-0.0000,0.0002,2.1000,10.6990,0
42.017,1.5092,-0.0000,0.0002,2.1000,10.6990,0
42.033,1.5092,-0.0000,0.0002,2.1000,10.6990,0
42.050,1.5092,-0.0000,0.0002,2.1000,10.6990,0
42.067,1.5092,-0.0000,0.0002,2.1000,10.6989,0
42.083,1.5092,-0.0000,0.0002,2.1000,10.6989,0
42.100,1.5092,-0.0000,0.0002,2.1000,10.6989,0
42.117,1.5092,-0.0000,0.0002,2.1000,10.6989,0
42.133,1.5092,-0.0000,0.0002,2.1000,10.6989,0
42.150,1.5092,-0.0000,0.0002,2.1000,10.6989,0
42.167,1.5092,-0.0000,0.0002,2.1000,10.6989,0
42.183,1.5092,-0.0000,0.0002,2.1000,10.6989,0
42.200,1.5092,-0.0000,0.0002,2.1000,10.6989,0
42.217,1.5092,-0.0000,0.0002,2.1000,10.6989,0
42.233,1.5092,-0.0000,0.0002,2.1000,10.6989,0
42.250,1.5092,-0.0000,0.0002,2.1000,10.6989,0
42.267,1.5092,-0.0000,0.0002,2.1000,10.6989,0
42.283,1.5092,-0.0000,0.0002,2.1000,10.6989,0
42.300,1.5092,-0.0000,0.0002,2.1000,10.6989,0
42.317,1.5092,-0.0000,0.0002,2.1000,10.6989,0
42.333,1.5092,-0.0000,0.0002,2.1000,10.6989,0
42.350,1.5092,-0.0000,0.0002,2.1000,10.6989,0
42.367,1.5092,-0.0000,0.0002,2.1000,10.6989,0
42.383,1.5092,-0.0000,0.0002,2.1000,10.6989,0
42.400,1.5092,-0.0000,0.0002,2.1000,10.6989,0
42.417,1.5093,-0.0000,0.0002,2.1000,10.6989,0
42.433,1.5093,-0.0000,0.0002,2.1000,10.6989,0
42.450,1.5093,-0.0000,0.0002,2.1000,10.6989,0
42.467,1.5093,-0.0000,0.0002,2.1000,10.6989,0
42.483,1.5093,-0.0000,0.0002,2.1000,10.6989,0
42.500,1.5093,-0.0000,0.0002,2.1000,10.6989,0
42.517,1.5093,-0.0000,0.0002,2.1000,10.6988,0
42.533,1.5093,-0.0000,0.0002,2.1000,10.6988,0
42.550,1.5093,-0.0000,0.0002,2.1000,10.6988,0
42.567,1.5093,-0.0000,0.0002,2.1000,10.6988,0
42.583,1.5093,-0.0000,0.0002,2.1000,10.6988,0
42.600,1.5093,-0.0000,0.0002,2.1000,10.6988,0
42.617,1.5093,-0.0000,0.0002,2.1000,10.6988,0
42.633,1.5093,-0.0000,0.0002,2.1000,10.6988,0
42.650,1.5093,-0.0000,0.0002,2.1000,10.6988,0
42.667,1.5093,-0.0000,0.0002,2.1000,10.6988,0
42.683,1.5093,-0.0000,0.0002,2.1000,10.6988,0
42.700,1.5093,-0.0000,0.0002,2.1000,10.6988,0
42.717,1.5093,-0.0000,0.0002,2.1000,10.6988,0
42.733,1.5093,-0.0000,0.0002,2.1000,10.6988,0
42.750,1.5093,-0.0000,0.0002,2.1000,10.6988,0
42.767,1.5093,-0.0000,0.0002,2.1000,10.6988,0
42.783,1.5093,-0.0000,0.0002,2.1000,10.6988,0
42.800,1.5093,-0.0000,0.0002,2.1000,10.6988,0
42.817,1.5093,-0.0000,0.0002,2.1000,10.6988,0
42.833,1.5093,-0.0000,0.0002,2.1000,10.6988,0
42.850,1.5093,-0.0000,0.0002,2.1000,10.6988,0
42.867,1.5093,-0.0000,0.0002,2.1000,10.6988,0
42.883,1.5094,-0.0000,0.0002,2.1000,10.6988,0
42.900,1.5094,-0.0000,0.0002,2.1000,10.6988,0
42.917,1.5094,-0.0000,0.0002,2.1000,10.6988,0
42.933,1.5094,-0.0000,0.0002,2.1000,10.6988,0
42.950,1.5094,-0.0000,0.0002,2.1000,10.6988,0
42.967,1.5094,-0.0000,0.0002,2.1000,10.6988,0
42.983,1.5094,-0.0000,0.0002,2.1000,10.6987,0
43.000,1.5094,-0.0000,0.0002,2.1000,10.6987,0
43.017,1.5094,-0.0000,0.0002,2.1000,10.6987,0
43.033,1.5094,-0.0000,0.0002,2.1000,10.6987,0
43.050,1.5094,-0.0000,0.0002,2.1000,10.6987,0
43.067,1.5094,-0.0000,0.0002,2.1000,10.6987,0
43.083,1.5094,-0.0000,0.0002,2.1000,10.6987,0
43.100,1.5094,-0.0000,0.0002,2.1000,10.6987,0
43.117,1.5094,-0.0000,0.0002,2.1000,10.6987,0
43.133,1.5094,-0.0000,0.0002,2.1000,10.6987,0
43.150,1.5094,-0.0000,0.0002,2.1000,10.6987,0
43.167,1.5094,-0.0000,0.0002,2.1000,10.6987,0
43.183,1.5094,-0.0000,0.0002,2.1000,10.6987,0
43.200,1.5094,-0.0000,0.0002,2.1000,10.6987,0
43.217,1.5094,-0.0000,0.0002,2.1000,10.6987,0
43.233,1.5094,-0.0000,0.0002,2.1000,10.6987,0
43.250,1.5094,-0.0000,0.0002,2.1000,10.6987,0
43.267,1.5094,-0.0000,0.0002,2.1000,10.6987,0
43.283,1.5094,-0.0000,0.0002,2.1000,10.6987,0
43.300,1.5094,-0.0000,0.0002,2.1000,10.6987,0
43.317,1.5094,-0.0000,0.0002,2.1000,10.6987,0
43.333,1.5095,-0.0000,0.0002,2.1000,10.6987,0
43.350,1.5095,-0.0000,0.0002,2.1000,10.6987,0
43.367,1.5095,-0.0000,0.0002,2.1000,10.6987,0
43.383,1.5095,-0.0000,0.0002,2.1000,10.6987,0
43.400,1.5095,-0.0000,0.0002,2.1000,10.6987,0
43.417,1.5095,-0.0000,0.0002,2.1000,10.6987,0
43.433,1.5095,-0.0000,0.0002,2.1000,10.6987,0
43.450,1.5095,-0.0000,0.0002,2.1000,10.6986,0
43.467,1.5095,-0.0000,0.0002,2.1000,10.6986,0
43.483,1.5095,-0.0000,0.0002,2.1000,10.6986,0
43.500,1.5095,-0.0000,0.0002,2.1000,10.6986,0
43.517,1.5095,-0.0000,0.0002,2.1000,10.6986,0
43.533,1.5095,-0.0000,0.0002,2.1000,10.6986,0
43.550,1.5095,-0.0000,0.0002,2.1000,10.6986,0
43.567,1.5095,-0.0000,0.0002,2.1000,10.6986,0
43.583,1.5095,-0.0000,0.0002,2.1000,10.6986,0
43.600,1.5095,-0.0000,0.0002,2.1000,10.6986,0
43.617,1.5095,-0.0000,0.0002,2.1000,10.6986,0
43.633,1.5095,-0.0000,0.0002,2.1000,10.6986,0
43.650,1.5095,-0.0000,0.0002,2.1000,10.6986,0
43.667,1.5095,-0.0000,0.0002,2.1000,10.6986,0
43.683,1.5095,-0.0000,0.0002,2.1000,10.6986,0
43.700,1.5095,-0.0000,0.0002,2.1000,10.6986,0
43.717,1.5095,-0.0000,0.0002,2.1000,10.6986,0
43.733,1.5095,-0.0000,0.0002,2.1000,10.6986,0
43.750,1.5095,-0.0000,0.0002,2.1000,10.6986,0
43.767,1.5095,-0.0000,0.0002,2.1000,10.6986,0
43.783,1.5096,-0.0000,0.0002,2.1000,10.6986,0
43.800,1.5096,-0.0000,0.0002,2.1000,10.6986,0
43.817,1.5096,-0.0000,0.0002,2.1000,10.6986,0
43.833,1.5096,-0.0000,0.0002,2.1000,10.6986,0
43.850,1.5096,-0.0000,0.0002,2.1000,10.6986,0
43.867,1.5096,-0.0000,0.0002,2.1000,10.6986,0
43.883,1.5096,-0.0000,0.0002,2.1000,10.6986,0
43.900,1.5096,-0.0000,0.0002,2.1000,10.6985,0
43.917,1.5096,-0.0000,0.0002,2.1000,10.6985,0
43.933,1.5096,-0.0000,0.0002,2.1000,10.6985,0
43.950,1.5096,-0.0000,0.0002,2.1000,10.6985,0
43.967,1.5096,-0.0000,0.0002,2.1000,10.6985,0
43.983,1.5096,-0.0000,0.0002,2.1000,10.6985,0
44.000,1.5096,-0.0000,0.0002,2.1000,10.6985,0
44.017,1.5096,-0.0000,0.0002,2.1000,10.6985,0
44.033,1.5096,-0.0000,0.0002,2.1000,10.6985,0
44.050,1.5096,-0.0000,0.0002,2.1000,10.6985,0
44.067,1.5096,-0.0000,0.0002,2.1000,10.6985,0
44.083,1.5096,-0.0000,0.0002,2.1000,10.6985,0
44.100,1.5096,-0.0000,0.0002,2.1000,10.6985,0
44.117,1.5096,-0.0000,0.0002,2.1000,10.6985,0
44.133,1.5096,-0.0000,0.0002,2.1000,10.6985,0
44.150,1.5096,-0.0000,0.0002,2.1000,10.6985,0
44.167,1.5096,-0.0000,0.0002,2.1000,10.6985,0
44.183,1.5096,-0.0000,0.0002,2.1000,10.6985,0
44.200,1.5096,-0.0000,0.0002,2.1000,10.6985,0
44.217,1.5096,-0.0000,0.0002,2.1000,10.6985,0
44.233,1.5097,-0.0000,0.0002,2.1000,10.6985,0
44.250,1.5097,-0.0000,0.0002,2.1000,10.6985,0
44.267,1.5097,-0.0000,0.0002,2.1000,10.6985,0
44.283,1.5097,-0.0000,0.0002,2.1000,10.6985,0
44.300,1.5097,-0.0000,0.0002,2.1000,10.6985,0
44.317,1.5097,-0.0000,0.0002,2.1000,10.6985,0
44.333,1.5097,-0.0000,0.0002,2.1000,10.6985,0
44.350,1.5097,-0.0000,0.0002,2.1000,10.6985,0
44.367,1.5097,-0.0000,0.0002,2.1000,10.6984,0
44.383,1.5097,-0.0000,0.0002,2.1000,10.6984,0
44.400,1.5097,-0.0000,0.0002,2.1000,10.6984,0
44.417,1.5097,-0.0000,0.0002,2.1000,10.6984,0
44.433,1.5097,-0.0000,0.0002,2.1000,10.6984,0
44.450,1.5097,-0.0000,0.0002,2.1000,10.6984,0
44.467,1.5097,-0.0000,0.0002,2.1000,10.6984,0
44.483,1.5097,-0.0000,0.0002,2.1000,10.6984,0
44.500,1.5097,-0.0000,0.0002,2.1000,10.6984,0
44.517,1.5097,-0.0000,0.0002,2.1000,10.6984,0
44.533,1.5097,-0.0000,0.0002,2.1000,10.6984,0
44.550,1.5097,-0.0000,0.0002,2.1000,10.6984,0
44.567,1.5097,-0.0000,0.0002,2.1000,10.6984,0
44.583,1.5097,-0.0000,0.0002,2.1000,10.6984,0
44.600,1.5097,-0.0000,0.0002,2.1000,10.6984,0
44.617,1.5097,-0.0000,0.0002,2.1000,10.6984,0
44.633,1.5097,-0.0000,0.0002,2.1000,10.6984,0
44.650,1.5097,-0.0000,0.0002,2.1000,10.6984,0
44.667,1.5097,-0.0000,0.0002,2.1000,10.6984,0
44.683,1.5098,-0.0000,0.0002,2.1000,10.6984,0
44.700,1.5098,-0.0000,0.0002,2.1000,10.6984,0
44.717,1.5098,-0.0000,0.0002,2.1000,10.6984,0
44.733,1.5098,-0.0000,0.0002,2.1000,10.6984,0
44.750,1.5098,-0.0000,0.0002,2.1000,10.6984,0
44.767,1.5098,-0.0000,0.0002,2.1000,10.6984,0
44.783,1.5098,-0.0000,0.0002,2.1000,10.6984,0
44.800,1.5098,-0.0000,0.0002,2.1000,10.6984,0
44.817,1.5098,-0.0000,0.0002,2.1000,10.6983,0
44.833,1.5098,-0.0000,0.0002,2.1000,10.6983,0
44.850,1.5098,-0.0000,0.0002,2.1000,10.6983,0
44.867,1.5098,-0.0000,0.0002,2.1000,10.6983,0
44.883,1.5098,-0.0000,0.0002,2.1000,10.6983,0
44.900,1.5098,-0.0000,0.0002,2.1000,10.6983,0
44.917,1.5098,-0.0000,0.0002,2.1000,10.6983,0
44.933,1.5098,-0.0000,0.0002,2.1000,10.6983,0
44.950,1.5098,-0.0000,0.0002,2.1000,10.6983,0
44.967,1.5098,-0.0000,0.0002,2.1000,10.6983,0
44.983,1.5098,-0.0000,0.0002,2.1000,10.6983,0
45.000,1.5098,-0.0000,0.0002,2.1000,10.6983,0
45.017,1.5098,-0.0000,0.0002,2.1000,10.6983,0
45.033,1.5098,-0.0000,0.0002,2.1000,10.6983,0
45.050,1.5098,-0.0000,0.0002,2.1000,10.6983,0
45.067,1.5098,-0.0000,0.0002,2.1000,10.6983,0
45.083,1.5098,-0.0000,0.0002,2.1000,10.6983,0
45.100,1.5098,-0.0000,0.0002,2.1000,10.6983,0
45.117,1.5098,-0.0000,0.0002,2.1000,10.6983,0
45.133,1.5099,-0.0000,0.0002,2.1000,10.6983,0
45.150,1.5099,-0.0000,0.0002,2.1000,10.6983,0
45.167,1.5099,-0.0000,0.0002,2.1000,10.6983,0
45.183,1.5099,-0.0000,0.0002,2.1000,10.6983,0
45.200,1.5099,-0.0000,0.0002,2.1000,10.6983,0
45.217,1.5099,-0.0000,0.0002,2.1000,10.6983,0
45.233,1.5099,-0.0000,0.0002,2.1000,10.6983,0
45.250,1.5099,-0.0000,0.0002,2.1000,10.6983,0
45.267,1.5099,-0.0000,0.0002,2.1000,10.6983,0
45.283,1.5099,-0.0000,0.0002,2.1000,10.6982,0
45.300,1.5099,-0.0000,0.0002,2.1000,10.6982,0
45.317,1.5099,-0.0000,0.0002,2.1000,10.6982,0
45.333,1.5099,-0.0000,0.0002,2.1000,10.6982,0
45.350,1.5099,-0.0000,0.0002,2.1000,10.6982,0
45.367,1.5099,-0.0000,0.0002,2.1000,10.6982,0
45.383,1.5099,-0.0000,0.0002,2.1000,10.6982,0
45.400,1.5099,-0.0000,0.0002,2.1000,10.6982,0
45.417,1.5099,-0.0000,0.0002,2.1000,10.6982,0
45.433,1.5099,-0.0000,0.0002,2.1000,10.6982,0
45.450,1.5099,-0.0000,0.0002,2.1000,10.6982,0
45.467,1.5099,-0.0000,0.0002,2.1000,10.6982,0
45.483,1.5099,-0.0000,0.0002,2.1000,10.6982,0
45.500,1.5099,-0.0000,0.0002,2.1000,10.6982,0
45.517,1.5099,-0.0000,0.0002,2.1000,10.6982,0
45.533,1.5099,-0.0000,0.0002,2.1000,10.6982,0
45.550,1.5099,-0.0000,0.0002,2.1000,10.6982,0
45.567,1.5099,-0.0000,0.0002,2.1000,10.6982,0
45.583,1.5100,-0.0000,0.0002,2.1000,10.6982,0
45.600,1.5100,-0.0000,0.0002,2.1000,10.6982,0
45.617,1.5100,-0.0000,0.0002,2.1000,10.6982,0
45.633,1.5100,-0.0000,0.0002,2.1000,10.6982,0
45.650,1.5100,-0.0000,0.0002,2.1000,10.6982,0
45.667,1.5100,-0.0000,0.0002,2.1000,10.6982,0
45.683,1.5100,-0.0000,0.0002,2.1000,10.6982,0
45.700,1.5100,-0.0000,0.0002,2.1000,10.6982,0
45.717,1.5100,-0.0000,0.0002,2.1000,10.6982,0
45.733,1.5100,-0.0000,0.0002,2.1000,10.6982,0
45.750,1.5100,-0.0000,0.0002,2.1000,10.6981,0
45.767,1.5100,-0.0000,0.0002,2.1000,10.6981,0
45.783,1.5100,-0.0000,0.0002,2.1000,10.6981,0
45.800,1.5100,-0.0000,0.0002,2.1000,10.6981,0
45.817,1.5100,-0.0000,0.0002,2.1000,10.6981,0
45.833,1.5100,-0.0000,0.0002,2.1000,10.6981,0
45.850,1.5100,-0.0000,0.0003,2.1000,10.6981,0
45.867,1.5100,-0.0000,0.0002,2.1000,10.6981,0
45.883,1.5100,-0.0000,0.0002,2.1000,10.6981,0
45.900,1.5100,-0.0000,0.0002,2.1000,10.6981,0
45.917,1.5100,-0.0000,0.0002,2.1000,10.6981,0
45.933,1.5100,-0.0000,0.0002,2.1000,10.6981,0
45.950,1.5100,-0.0000,0.0002,2.1000,10.6981,0
45.967,1.5100,-0.0000,0.0002,2.1000,10.6981,0
45.983,1.5100,-0.0000,0.0002,2.1000,10.6981,0
46.000,1.5100,-0.0000,0.0002,2.1000,10.6981,0
46.017,1.5100,-0.0000,0.0002,2.1000,10.6981,0
46.033,1.5101,-0.0000,0.0002,2.1000,10.6981,0
46.050,1.5101,-0.0000,0.0002,2.1000,10.6981,0
46.067,1.5101,-0.0000,0.0002,2.1000,10.6981,0
46.083,1.5101,-0.0000,0.0002,2.1000,10.6981,0
46.100,1.5101,-0.0000,0.0002,2.1000,10.6981,0
46.117,1.5101,-0.0000,0.0002,2.1000,10.6981,0
46.133,1.5101,-0.0000,0.0002,2.1000,10.6981,0
46.150,1.5101,-0.0000,0.0002,2.1000,10.6981,0
46.167,1.5101,-0.0000,0.0002,2.1000,10.6981,0
46.183,1.5101,-0.0000,0.0002,2.1000,10.6981,0
46.200,1.5101,-0.0000,0.0002,2.1000,10.6980,0
46.217,1.5101,-0.0000,0.0002,2.1000,10.6980,0
46.233,1.5101,-0.0000,0.0002,2.1000,10.6980,0
46.250,1.5101,-0.0000,0.0002,2.1000,10.6980,0
46.267,1.5101,-0.0000,0.0002,2.1000,10.6980,0
46.283,1.5101,-0.0000,0.0002,2.1000,10.6980,0
46.300,1.5101,-0.0000,0.0002,2.1000,10.6980,0
46.317,1.5101,-0.0000,0.0002,2.1000,10.6980,0
46.333,1.5101,-0.0000,0.0002,2.1000,10.6980,0
46.350,1.5101,-0.0000,0.0002,2.1000,10.6980,0
46.367,1.5101,-0.0000,0.0002,2.1000,10.6980,0
46.383,1.5101,-0.0000,0.0002,2.1000,10.6980,0
46.400,1.5101,-0.0000,0.0002,2.1000,10.6980,0
46.417,1.5101,-0.0000,0.0002,2.1000,10.6980,0
46.433,1.5101,-0.0000,0.0002,2.1000,10.6980,0
46.450,1.5101,-0.0000,0.0002,2.1000,10.6980,0
46.467,1.5101,-0.0000,0.0002,2.1000,10.6980,0
46.483,1.5102,-0.0000,0.0002,2.1000,10.6980,0
46.500,1.5102,-0.0000,0.0002,2.1000,10.6980,0
46.517,1.5102,-0.0000,0.0002,2.1000,10.6980,0
46.533,1.5102,-0.0000,0.0002,2.1000,10.6980,0
46.550,1.5102,-0.0000,0.0002,2.1000,10.6980,0
46.567,1.5102,-0.0000,0.0002,2.1000,10.6980,0
46.583,1.5102,-0.0000,0.0002,2.1000,10.6980,0
46.600,1.5102,-0.0000,0.0002,2.1000,10.6980,0
46.617,1.5102,-0.0000,0.0002,2.1000,10.6980,0
46.633,1.5102,-0.0000,0.0002,2.1000,10.6980,0
46.650,1.5102,-0.0000,0.0002,2.1000,10.6980,0
46.667,1.5102,-0.0000,0.0002,2.1000,10.6979,0
46.683,1.5102,-0.0000,0.0002,2.1000,10.6979,0
46.700,1.5102,-0.0000,0.0002,2.1000,10.6979,0
46.717,1.5102,-0.0000,0.0002,2.1000,10.6979,0
46.733,1.5102,-0.0000,0.0002,2.1000,10.6979,0
46.750,1.5102,-0.0000,0.0002,2.1000,10.6979,0
46.767,1.5102,-0.0000,0.0002,2.1000,10.6979,0
46.783,1.5102,-0.0000,0.0002,2.1000,10.6979,0
46.800,1.5102,-0.0000,0.0002,2.1000,10.6979,0
46.817,1.5102,-0.0000,0.0002,2.1000,10.6979,0
46.833,1.5102,-0.0000,0.0002,2.1000,10.6979,0
46.850,1.5102,-0.0000,0.0002,2.1000,10.6979,0
46.867,1.5102,-0.0000,0.0002,2.1000,10.6979,0
46.883,1.5102,-0.0000,0.0002,2.1000,10.6979,0
46.900,1.5102,-0.0000,0.0002,2.1000,10.6979,0
46.917,1.5102,-0.0000,0.0002,2.1000,10.6979,0
46.933,1.5103,-0.0000,0.0002,2.1000,10.6979,0
46.950,1.5103,-0.0000,0.0002,2.1000,10.6979,0
46.967,1.5103,-0.0000,0.0002,2.1000,10.6979,0
46.983,1.5103,-0.0000,0.0002,2.1000,10.6979,0
47.000,1.5103,-0.0000,0.0002,2.1000,10.6979,0
47.017,1.5103,-0.0000,0.0002,2.1000,10.6979,0
47.033,1.5103,-0.0000,0.0002,2.1000,10.6979,0
47.050,1.5103,-0.0000,0.0002,2.1000,10.6979,0
47.067,1.5103,-0.0000,0.0002,2.1000,10.6979,0
47.083,1.5103,-0.0000,0.0002,2.1000,10.6979,0
47.100,1.5103,-0.0000,0.0002,2.1000,10.6979,0
47.117,1.5103,-0.0000,0.0002,2.1000,10.6978,0
47.133,1.5103,-0.0000,0.0002,2.1000,10.6978,0
47.150,1.5103,-0.0000,0.0002,2.1000,10.6978,0
47.167,1.5103,-0.0000,0.0002,2.1000,10.6978,0
47.183,1.5103,-0.0000,0.0002,2.1000,10.6978,0
47.200,1.5103,-0.0000,0.0002,2.1000,10.6978,0
47.217,1.5103,-0.0000,0.0002,2.1000,10.6978,0
47.233,1.5103,-0.0000,0.0002,2.1000,10.6978,0
47.250,1.5103,-0.0000,0.0002,2.1000,10.6978,0
47.267,1.5103,-0.0000,0.0002,2.1000,10.6978,0
47.283,1.5103,-0.0000,0.0002,2.1000,10.6978,0
47.300,1.5103,-0.0000,0.0002,2.1000,10.6978,0
47.317,1.5103,-0.0000,0.0002,2.1000,10.6978,0
47.333,1.5103,-0.0000,0.0002,2.1000,10.6978,0
47.350,1.5103,-0.0000,0.0002,2.1000,10.6978,0
47.367,1.5103,-0.0000,0.0002,2.1000,10.6978,0
47.383,1.5104,-0.0000,0.0002,2.1000,10.6978,0
47.400,1.5104,-0.0000,0.0002,2.1000,10.6978,0
47.417,1.5104,-0.0000,0.0002,2.1000,10.6978,0
47.433,1.5104,-0.0000,0.0002,2.1000,10.6978,0
47.450,1.5104,-0.0000,0.0002,2.1000,10.6978,0
47.467,1.5104,-0.0000,0.0002,2.1000,10.6978,0
47.483,1.5104,-0.0000,0.0002,2.1000,10.6978,0
47.500,1.5104,-0.0000,0.0002,2.1000,10.6978,0
47.517,1.5104,-0.0000,0.0002,2.1000,10.6978,0
47.533,1.5104,-0.0000,0.0002,2.1000,10.6978,0
47.550,1.5104,-0.0000,0.0002,2.1000,10.6978,0
47.567,1.5104,-0.0000,0.0002,2.1000,10.6978,0
47.583,1.5104,-0.0000,0.0002,2.1000,10.6977,0
47.600,1.5104,-0.0000,0.0002,2.1000,10.6977,0
47.617,1.5104,-0.0000,0.0002,2.1000,10.6977,0
47.633,1.5104,-0.0000,0.0002,2.1000,10.6977,0
47.650,1.5104,-0.0000,0.0002,2.1000,10.6977,0
47.667,1.5104,-0.0000,0.0002,2.1000,10.6977,0
47.683,1.5104,-0.0000,0.0002,2.1000,10.6977,0
47.700,1.5104,-0.0000,0.0002,2.1000,10.6977,0
47.717,1.5104,-0.0000,0.0002,2.1000,10.6977,0
47.733,1.5104,-0.0000,0.0002,2.1000,10.6977,0
47.750,1.5104,-0.0000,0.0002,2.1000,10.6977,0
47.767,1.5104,-0.0000,0.0002,2.1000,10.6977,0
47.783,1.5104,-0.0000,0.0002,2.1000,10.6977,0
47.800,1.5104,-0.0000,0.0002,2.1000,10.6977,0
47.817,1.5104,-0.0000,0.0002,2.1000,10.6977,0
47.833,1.5105,-0.0000,0.0002,2.1000,10.6977,0
47.850,1.5105,-0.0000,0.0002,2.1000,10.6977,0
47.867,1.5105,-0.0000,0.0002,2.1000,10.6977,0
47.883,1.5105,-0.0000,0.0002,2.1000,10.6977,0
47.900,1.5105,-0.0000,0.0002,2.1000,10.6977,0
47.917,1.5105,-0.0000,0.0002,2.1000,10.6977,0
47.933,1.5105,-0.0000,0.0002,2.1000,10.6977,0
47.950,1.5105,-0.0000,0.0002,2.1000,10.6977,0
47.967,1.5105,-0.0000,0.0002,2.1000,10.6977,0
47.983,1.5105,-0.0000,0.0002,2.1000,10.6977,0
48.000,1.5105,-0.0000,0.0002,2.1000,10.6977,0
