t,robot_x,robot_y,robot_speed,walker_y,gap,walking
0.017,1.5000,-0.0000,0.0000,1.9000,10.6705,0
0.033,1.5000,-0.0000,0.0002,1.9000,10.6705,0
0.050,1.5000,-0.0000,0.0002,1.9000,10.6705,0
0.067,1.5000,-0.0000,0.0002,1.9000,10.6705,0
0.083,1.5000,-0.0000,0.0002,1.9000,10.6705,0
0.100,1.5000,-0.0000,0.0002,1.9000,10.6705,0
0.117,1.5000,0.0000,0.0002,1.9000,10.6705,0
0.133,1.5000,-0.0000,0.0002,1.9000,10.6705,0
0.150,1.5000,0.0000,0.0002,1.9000,10.6705,0
0.167,1.5000,-0.0000,0.0002,1.9000,10.6705,0
0.183,1.5000,0.0000,0.0002,1.9000,10.6705,0
0.200,1.5000,-0.0000,0.0002,1.9000,10.6705,0
0.217,1.5001,0.0000,0.0002,1.9000,10.6705,0
0.233,1.5001,-0.0000,0.0002,1.9000,10.6705,0
0.250,1.5001,0.0000,0.0002,1.9000,10.6705,0
0.267,1.5001,-0.0000,0.0002,1.9000,10.6705,0
0.283,1.5001,-0.0000,0.0002,1.9000,10.6705,0
0.300,1.5001,-0.0000,0.0002,1.9000,10.6704,0
0.317,1.5001,0.0000,0.0002,1.9000,10.6704,0
0.333,1.5001,0.0000,0.0002,1.9000,10.6704,0
0.350,1.5001,-0.0000,0.0002,1.9000,10.6704,0
0.367,1.5001,-0.0000,0.0002,1.9000,10.6704,0
0.383,1.5001,-0.0000,0.0002,1.9000,10.6704,0
0.400,1.5001,-0.0000,0.0002,1.9000,10.6704,0
0.417,1.5001,-0.0000,0.0002,1.9000,10.6704,0
0.433,1.5001,-0.0000,0.0002,1.9000,10.6704,0
0.450,1.5001,-0.0000,0.0002,1.9000,10.6704,0
0.467,1.5001,-0.0000,0.0002,1.9000,10.6704,0
0.483,1.5001,-0.0000,0.0002,1.9000,10.6704,0
0.500,1.5001,-0.0000,0.0002,1.9000,10.6704,0
0.517,1.5001,-0.0000,0.0002,1.9000,10.6704,0
0.533,1.5001,-0.0000,0.0002,1.9000,10.6704,0
0.550,1.5001,-0.0000,0.0002,1.9000,10.6704,0
0.567,1.5001,-0.0000,0.0002,1.9000,10.6704,0
0.583,1.5001,-0.0000,0.0002,1.9000,10.6704,0
0.600,1.5001,-0.0000,0.0002,1.9000,10.6704,0
0.617,1.5001,0.0000,0.0002,1.9000,10.6704,0
0.633,1.5001,-0.0000,0.0002,1.9000,10.6704,0
0.650,1.5001,-0.0000,0.0002,1.9000,10.6704,0
0.667,1.5002,-0.0000,0.0002,1.9000,10.6704,0
0.683,1.5002,-0.0000,0.0002,1.9000,10.6704,0
0.700,1.5002,-0.0000,0.0002,1.9000,10.6704,0
0.717,1.5002,-0.0000,0.0002,1.9000,10.6704,0
0.733,1.5002,-0.0000,0.0002,1.9000,10.6704,0
0.750,1.5002,0.0000,0.0002,1.9000,10.6704,0
0.767,1.5002,-0.0000,0.0002,1.9000,10.6704,0
0.783,1.5002,-0.0000,0.0002,1.9000,10.6703,0
0.800,1.5002,-0.0000,0.0002,1.9000,10.6703,0
0.817,1.5002,-0.0000,0.0002,1.9000,10.6703,0
0.833,1.5002,-0.0000,0.0002,1.9000,10.6703,0
0.850,1.5002,-0.0000,0.0002,1.9000,10.6703,0
0.867,1.5002,-0.0000,0.0002,1.9000,10.6703,0
0.883,1.5002,-0.0000,0.0002,1.9000,10.6703,0
0.900,1.5002,-0.0000,0.0002,1.9000,10.6703,0
0.917,1.5002,0.0000,0.0002,1.9000,10.6703,0
0.933,1.5002,-0.0000,0.0002,1.9000,10.6703,0
0.950,1.5002,-0.0000,0.0003,1.9000,10.6703,0
0.967,1.5002,-0.0000,0.0002,1.9000,10.6703,0
0.983,1.5002,-0.0000,0.0002,1.9000,10.6703,0
1.000,1.5002,-0.0000,0.0002,1.9000,10.6703,0
1.017,1.5002,-0.0000,0.0002,1.9000,10.6703,0
1.033,1.5002,-0.0000,0.0002,1.9000,10.6703,0
1.050,1.5002,0.0000,0.0002,1.9000,10.6703,0
1.067,1.5002,-0.0000,0.0002,1.9000,10.6703,0
1.083,1.5002,-0.0000,0.0002,1.9000,10.6703,0
1.100,1.5002,0.0000,0.0002,1.9000,10.6703,0
1.117,1.5002,-0.0000,0.0002,1.9000,10.6703,0
1.133,1.5003,0.0000,0.0002,1.9000,10.6703,0
1.150,1.5003,-0.0000,0.0002,1.9000,10.6703,0
1.167,1.5003,0.0000,0.0002,1.9000,10.6703,0
1.183,1.5003,-0.0000,0.0002,1.9000,10.6703,0
1.200,1.5003,-0.0000,0.0002,1.9000,10.6703,0
1.217,1.5003,-0.0000,0.0002,1.9000,10.6703,0
1.233,1.5003,-0.0000,0.0002,1.9000,10.6703,0
1.250,1.5003,-0.0000,0.0002,1.9000,10.6702,0
1.267,1.5003,0.0000,0.0002,1.9000,10.6702,0
1.283,1.5003,-0.0000,0.0002,1.9000,10.6702,0
1.300,1.5003,-0.0000,0.0002,1.9000,10.6702,0
1.317,1.5003,-0.0000,0.0002,1.9000,10.6702,0
1.333,1.5003,0.0000,0.0002,1.9000,10.6702,0
1.350,1.5003,-0.0000,0.0002,1.9000,10.6702,0
1.367,1.5003,0.0000,0.0002,1.9000,10.6702,0
1.383,1.5003,-0.0000,0.0002,1.9000,10.6702,0
1.400,1.5003,-0.0000,0.0002,1.9000,10.6702,0
1.417,1.5003,-0.0000,0.0002,1.9000,10.6702,0
1.433,1.5003,-0.0000,0.0002,1.9000,10.6702,0
1.450,1.5003,0.0000,0.0002,1.9000,10.6702,0
1.467,1.5003,-0.0000,0.0002,1.9000,10.6702,0
1.483,1.5003,-0.0000,0.0002,1.9000,10.6702,0
1.500,1.5003,-0.0000,0.0002,1.9000,10.6702,0
1.517,1.5003,0.0000,0.0002,1.9000,10.6702,0
1.533,1.5003,-0.0000,0.0002,1.9000,10.6702,0
1.550,1.5003,0.0000,0.0002,1.9000,10.6702,0
1.567,1.5003,-0.0000,0.0002,1.9000,10.6702,0
1.583,1.5003,0.0000,0.0002,1.9000,10.6702,0
1.600,1.5004,-0.0000,0.0002,1.9000,10.6702,0
1.617,1.5004,0.0000,0.0002,1.9000,10.6702,0
1.633,1.5004,-0.0000,0.0002,1.9000,10.6702,0
1.650,1.5004,0.0000,0.0002,1.9000,10.6702,0
1.667,1.5004,-0.0000,0.0002,1.9000,10.6702,0
1.683,1.5004,-0.0000,0.0002,1.9000,10.6702,0
1.700,1.5004,-0.0000,0.0002,1.9000,10.6702,0
1.717,1.5004,-0.0000,0.0002,1.9000,10.6701,0
1.733,1.5004,-0.0000,0.0002,1.9000,10.6701,0
1.750,1.5004,-0.0000,0.0002,1.9000,10.6701,0
1.767,1.5004,-0.0000,0.0002,1.9000,10.6701,0
1.783,1.5004,-0.0000,0.0002,1.9000,10.6701,0
1.800,1.5004,0.0000,0.0002,1.9000,10.6701,0
1.817,1.5004,-0.0000,0.0002,1.9000,10.6701,0
1.833,1.5004,0.0000,0.0002,1.9000,10.6701,0
1.850,1.5004,-0.0000,0.0002,1.9000,10.6701,0
1.867,1.5004,-0.0000,0.0002,1.9000,10.6701,0
1.883,1.5004,-0.0000,0.0002,1.9000,10.6701,0
1.900,1.5004,-0.0000,0.0002,1.9000,10.6701,0
1.917,1.5004,-0.0000,0.0002,1.9000,10.6701,0
1.933,1.5004,0.0000,0.0002,1.9000,10.6701,0
1.950,1.5004,-0.0000,0.0002,1.9000,10.6701,0
1.967,1.5004,-0.0000,0.0002,1.9000,10.6701,0
1.983,1.5004,-0.0000,0.0002,1.9000,10.6701,0
2.000,1.5004,-0.0000,0.0002,1.9000,10.6701,0
2.017,1.5004,0.0000,0.0002,1.9000,10.6701,0
2.033,1.5004,-0.0000,0.0002,1.9000,10.6701,0
2.050,1.5005,0.0000,0.0002,1.9000,10.6701,0
2.067,1.5005,-0.0000,0.0002,1.9000,10.6701,0
2.083,1.5005,0.0000,0.0002,1.9000,10.6701,0
2.100,1.5005,-0.0000,0.0002,1.9000,10.6701,0
2.117,1.5005,0.0000,0.0002,1.9000,10.6701,0
2.133,1.5005,-0.0000,0.0002,1.9000,10.6701,0
2.150,1.5005,-0.0000,0.0002,1.9000,10.6701,0
2.167,1.5005,0.0000,0.0002,1.9000,10.6701,0
2.183,1.5005,-0.0000,0.0002,1.9000,10.6700,0
2.200,1.5005,0.0000,0.0002,1.9000,10.6700,0
2.217,1.5005,-0.0000,0.0002,1.9000,10.6700,0
2.233,1.5005,-0.0000,0.0002,1.9000,10.6700,0
2.250,1.5005,-0.0000,0.0002,1.9000,10.6700,0
2.267,1.5005,-0.0000,0.0002,1.9000,10.6700,0
2.283,1.5005,-0.0000,0.0002,1.9000,10.6700,0
2.300,1.5005,-0.0000,0.0002,1.9000,10.6700,0
2.317,1.5005,-0.0000,0.0002,1.9000,10.6700,0
2.333,1.5005,-0.0000,0.0002,1.9000,10.6700,0
2.350,1.5005,-0.0000,0.0002,1.9000,10.6700,0
2.367,1.5005,-0.0000,0.0002,1.9000,10.6700,0
2.383,1.5005,-0.0000,0.0002,1.9000,10.6700,0
2.400,1.5005,-0.0000,0.0002,1.9000,10.6700,0
2.417,1.5005,-0.0000,0.0002,1.9000,10.6700,0
2.433,1.5005,-0.0000,0.0002,1.9000,10.6700,0
2.450,1.5005,0.0000,0.0002,1.9000,10.6700,0
2.467,1.5005,-0.0000,0.0002,1.9000,10.6700,0
2.483,1.5005,-0.0000,0.0002,1.9000,10.6700,0
2.500,1.5005,-0.0000,0.0002,1.9000,10.6700,0
2.517,1.5006,0.0000,0.0002,1.9000,10.6700,0
2.533,1.5006,-0.0000,0.0002,1.9000,10.6700,0
2.550,1.5006,0.0000,0.0002,1.9000,10.6700,0
2.567,1.5006,-0.0000,0.0002,1.9000,10.6700,0
2.583,1.5006,0.0000,0.0002,1.9000,10.6700,0
2.600,1.5006,-0.0000,0.0002,1.9000,10.6700,0
2.617,1.5006,-0.0000,0.0002,1.9000,10.6700,0
2.633,1.5006,-0.0000,0.0002,1.9000,10.6700,0
2.650,1.5006,-0.0000,0.0002,1.9000,10.6699,0
2.667,1.5006,-0.0000,0.0002,1.9000,10.6699,0
2.683,1.5006,-0.0000,0.0002,1.9000,10.6699,0
2.700,1.5006,-0.0000,0.0002,1.9000,10.6699,0
2.717,1.5006,-0.0000,0.0003,1.9000,10.6699,0
2.733,1.5006,-0.0000,0.0002,1.9000,10.6699,0
2.750,1.5006,-0.0000,0.0002,1.9000,10.6699,0
2.767,1.5006,-0.0000,0.0002,1.9000,10.6699,0
2.783,1.5006,-0.0000,0.0002,1.9000,10.6699,0
2.800,1.5006,-0.0000,0.0002,1.9000,10.6699,0
2.817,1.5006,-0.0000,0.0002,1.9000,10.6699,0
2.833,1.5006,-0.0000,0.0002,1.9000,10.6699,0
2.850,1.5006,0.0000,0.0002,1.9000,10.6699,0
2.867,1.5006,-0.0000,0.0002,1.9000,10.6699,0
2.883,1.5006,-0.0000,0.0002,1.9000,10.6699,0
2.900,1.5006,-0.0000,0.0002,1.9000,10.6699,0
2.917,1.5006,0.0000,0.0002,1.9000,10.6699,0
2.933,1.5006,-0.0000,0.0002,1.9000,10.6699,0
2.950,1.5006,0.0000,0.0002,1.9000,10.6699,0
2.967,1.5006,-0.0000,0.0002,1.9000,10.6699,0
2.983,1.5007,0.0000,0.0002,1.9000,10.6699,0
3.000,1.5007,-0.0000,0.0002,1.9000,10.6699,0
3.017,1.5007,0.0000,0.0002,1.9000,10.6699,0
3.033,1.5007,-0.0000,0.0002,1.9000,10.6699,0
3.050,1.5007,0.0000,0.0002,1.9000,10.6699,0
3.067,1.5007,-0.0000,0.0002,1.9000,10.6699,0
3.083,1.5007,0.0000,0.0002,1.9000,10.6699,0
3.100,1.5007,-0.0000,0.0002,1.9000,10.6699,0
3.117,1.5007,0.0000,0.0002,1.9000,10.6698,0
3.133,1.5007,-0.0000,0.0002,1.9000,10.6698,0
3.150,1.5007,0.0000,0.0002,1.9000,10.6698,0
3.167,1.5007,-0.0000,0.0002,1.9000,10.6698,0
3.183,1.5007,-0.0000,0.0002,1.9000,10.6698,0
3.200,1.5007,-0.0000,0.0002,1.9000,10.6698,0
3.217,1.5007,0.0000,0.0002,1.9000,10.6698,0
3.233,1.5007,-0.0000,0.0002,1.9000,10.6698,0
3.250,1.5007,-0.0000,0.0002,1.9000,10.6698,0
3.267,1.5007,-0.0000,0.0002,1.9000,10.6698,0
3.283,1.5007,-0.0000,0.0002,1.9000,10.6698,0
3.300,1.5007,-0.0000,0.0002,1.9000,10.6698,0
3.317,1.5007,-0.0000,0.0002,1.9000,10.6698,0
3.333,1.5007,-0.0000,0.0002,1.9000,10.6698,0
3.350,1.5007,-0.0000,0.0002,1.9000,10.6698,0
3.367,1.5007,-0.0000,0.0002,1.9000,10.6698,0
3.383,1.5007,-0.0000,0.0002,1.9000,10.6698,0
3.400,1.5007,-0.0000,0.0002,1.9000,10.6698,0
3.417,1.5007,0.0000,0.0002,1.9000,10.6698,0
3.433,1.5007,-0.0000,0.0002,1.9000,10.6698,0
3.450,1.5008,-0.0000,0.0002,1.9000,10.6698,0
3.467,1.5008,-0.0000,0.0002,1.9000,10.6698,0
3.483,1.5008,-0.0000,0.0002,1.9000,10.6698,0
3.500,1.5008,-0.0000,0.0002,1.9000,10.6698,0
3.517,1.5008,-0.0000,0.0002,1.9000,10.6698,0
3.533,1.5008,-0.0000,0.0002,1.9000,10.6698,0
3.550,1.5008,-0.0000,0.0002,1.9000,10.6698,0
3.567,1.5008,-0.0000,0.0002,1.9000,10.6698,0
3.583,1.5008,-0.0000,0.0002,1.9000,10.6698,0
3.600,1.5008,-0.0000,0.0002,1.9000,10.6697,0
3.617,1.5008,-0.0000,0.0002,1.9000,10.6697,0
3.633,1.5008,-0.0000,0.0002,1.9000,10.6697,0
3.650,1.5008,-0.0000,0.0002,1.9000,10.6697,0
3.667,1.5008,-0.0000,0.0002,1.9000,10.6697,0
3.683,1.5008,-0.0000,0.0002,1.9000,10.6697,0
3.700,1.5008,-0.0000,0.0002,1.9000,10.6697,0
3.717,1.5008,-0.0000,0.0002,1.9000,10.6697,0
3.733,1.5008,-0.0000,0.0002,1.9000,10.6697,0
3.750,1.5008,-0.0000,0.0002,1.9000,10.6697,0
3.767,1.5008,0.0000,0.0002,1.9000,10.6697,0
3.783,1.5008,-0.0000,0.0002,1.9000,10.6697,0
3.800,1.5008,-0.0000,0.0002,1.9000,10.6697,0
3.817,1.5008,-0.0000,0.0002,1.9000,10.6697,0
3.833,1.5008,-0.0000,0.0002,1.9000,10.6697,0
3.850,1.5008,-0.0000,0.0002,1.9000,10.6697,0
3.867,1.5008,-0.0000,0.0002,1.9000,10.6697,0
3.883,1.5008,-0.0000,0.0002,1.9000,10.6697,0
3.900,1.5009,-0.0000,0.0002,1.9000,10.6697,0
3.917,1.5009,-0.0000,0.0002,1.9000,10.6697,0
3.933,1.5009,0.0000,0.0002,1.9000,10.6697,0
3.950,1.5009,-0.0000,0.0002,1.9000,10.6697,0
3.967,1.5009,-0.0000,0.0002,1.9000,10.6697,0
3.983,1.5009,-0.0000,0.0002,1.9000,10.6697,0
4.000,1.5009,0.0000,0.0002,1.9000,10.6697,0
4.017,1.5009,-0.0000,0.0002,1.9000,10.6697,0
4.033,1.5009,0.0000,0.0002,1.9000,10.6697,0
4.050,1.5009,-0.0000,0.0002,1.9000,10.6697,0
4.067,1.5009,-0.0000,0.0002,1.9000,10.6696,0
4.083,1.5009,0.0000,0.0002,1.9000,10.6696,0
4.100,1.5009,-0.0000,0.0002,1.9000,10.6696,0
4.117,1.5009,-0.0000,0.0002,1.9000,10.6696,0
4.133,1.5009,-0.0000,0.0002,1.9000,10.6696,0
4.150,1.5009,-0.0000,0.0002,1.9000,10.6696,0
4.167,1.5009,-0.0000,0.0002,1.9000,10.6696,0
4.183,1.5009,0.0000,0.0002,1.9000,10.6696,0
4.200,1.5009,-0.0000,0.0002,1.9000,10.6696,0
4.217,1.5009,-0.0000,0.0002,1.9000,10.6696,0
4.233,1.5009,-0.0000,0.0002,1.9000,10.6696,0
4.250,1.5009,0.0000,0.0002,1.9000,10.6696,0
4.267,1.5009,-0.0000,0.0002,1.9000,10.6696,0
4.283,1.5009,-0.0000,0.0002,1.9000,10.6696,0
4.300,1.5009,-0.0000,0.0002,1.9000,10.6696,0
4.317,1.5009,0.0000,0.0002,1.9000,10.6696,0
4.333,1.5009,-0.0000,0.0002,1.9000,10.6696,0
4.350,1.5009,0.0000,0.0002,1.9000,10.6696,0
4.367,1.5010,-0.0000,0.0002,1.9000,10.6696,0
4.383,1.5010,0.0000,0.0002,1.9000,10.6696,0
4.400,1.5010,-0.0000,0.0002,1.9000,10.6696,0
4.417,1.5010,0.0000,0.0002,1.9000,10.6696,0
4.433,1.5010,-0.0000,0.0002,1.9000,10.6696,0
4.450,1.5010,0.0000,0.0002,1.9000,10.6696,0
4.467,1.5010,-0.0000,0.0002,1.9000,10.6696,0
4.483,1.5010,0.0000,0.0002,1.9000,10.6696,0
4.500,1.5010,-0.0000,0.0002,1.9000,10.6696,0
4.517,1.5010,0.0000,0.0002,1.9000,10.6696,0
4.533,1.5010,-0.0000,0.0002,1.9000,10.6695,0
4.550,1.5010,0.0000,0.0002,1.9000,10.6695,0
4.567,1.5010,-0.0000,0.0002,1.9000,10.6695,0
4.583,1.5010,0.0000,0.0002,1.9000,10.6695,0
4.600,1.5010,-0.0000,0.0002,1.9000,10.6695,0
4.617,1.5010,0.0000,0.0002,1.9000,10.6695,0
4.633,1.5010,-0.0000,0.0002,1.9000,10.6695,0
4.650,1.5010,0.0000,0.0002,1.9000,10.6695,0
4.667,1.5010,-0.0000,0.0002,1.9000,10.6695,0
4.683,1.5010,-0.0000,0.0002,1.9000,10.6695,0
4.700,1.5010,-0.0000,0.0002,1.9000,10.6695,0
4.717,1.5010,-0.0000,0.0002,1.9000,10.6695,0
4.733,1.5010,-0.0000,0.0002,1.9000,10.6695,0
4.750,1.5010,-0.0000,0.0002,1.9000,10.6695,0
4.767,1.5010,-0.0000,0.0002,1.9000,10.6695,0
4.783,1.5010,-0.0000,0.0002,1.9000,10.6695,0
4.800,1.5010,-0.0000,0.0002,1.9000,10.6695,0
4.817,1.5011,-0.0000,0.0002,1.9000,10.6695,0
4.833,1.5011,-0.0000,0.0002,1.9000,10.6695,0
4.850,1.5011,0.0000,0.0002,1.9000,10.6695,0
4.867,1.5011,-0.0000,0.0002,1.9000,10.6695,0
4.883,1.5011,0.0000,0.0002,1.9000,10.6695,0
4.900,1.5011,-0.0000,0.0002,1.9000,10.6695,0
4.917,1.5011,0.0000,0.0002,1.9000,10.6695,0
4.933,1.5011,-0.0000,0.0002,1.9000,10.6695,0
4.950,1.5011,0.0000,0.0002,1.9000,10.6695,0
4.967,1.5011,-0.0000,0.0002,1.9000,10.6695,0
4.983,1.5011,0.0000,0.0002,1.9000,10.6695,0
5.000,1.5011,-0.0000,0.0002,1.9000,10.6694,0
5.017,1.5011,0.0000,0.0002,1.9000,10.6694,0
5.033,1.5011,-0.0000,0.0002,1.9000,10.6694,0
5.050,1.5011,0.0000,0.0002,1.9000,10.6694,0
5.067,1.5011,-0.0000,0.0002,1.9000,10.6694,0
5.083,1.5011,0.0000,0.0002,1.9000,10.6694,0
5.100,1.5011,-0.0000,0.0002,1.9000,10.6694,0
5.117,1.5011,0.0000,0.0002,1.9000,10.6694,0
5.133,1.5011,-0.0000,0.0002,1.9000,10.6694,0
5.150,1.5011,0.0000,0.0002,1.9000,10.6694,0
5.167,1.5011,-0.0000,0.0002,1.9000,10.6694,0
5.183,1.5011,0.0000,0.0002,1.9000,10.6694,0
5.200,1.5011,-0.0000,0.0002,1.9000,10.6694,0
5.217,1.5011,0.0000,0.0002,1.9000,10.6694,0
5.233,1.5011,-0.0000,0.0002,1.9000,10.6694,0
5.250,1.5011,-0.0000,0.0002,1.9000,10.6694,0
5.267,1.5011,-0.0000,0.0002,1.9000,10.6694,0
5.283,1.5012,0.0000,0.0002,1.9000,10.6694,0
5.300,1.5012,-0.0000,0.0002,1.9000,10.6694,0
5.317,1.5012,-0.0000,0.0002,1.9000,10.6694,0
5.333,1.5012,-0.0000,0.0002,1.9000,10.6694,0
5.350,1.5012,-0.0000,0.0002,1.9000,10.6694,0
5.367,1.5012,-0.0000,0.0002,1.9000,10.6694,0
5.383,1.5012,-0.0000,0.0002,1.9000,10.6694,0
5.400,1.5012,-0.0000,0.0002,1.9000,10.6694,0
5.417,1.5012,-0.0000,0.0002,1.9000,10.6694,0
5.433,1.5012,-0.0000,0.0002,1.9000,10.6694,0
5.450,1.5012,-0.0000,0.0002,1.9000,10.6694,0
5.467,1.5012,-0.0000,0.0002,1.9000,10.6693,0
5.483,1.5012,0.0000,0.0002,1.9000,10.6693,0
5.500,1.5012,-0.0000,0.0002,1.9000,10.6693,0
5.517,1.5012,-0.0000,0.0002,1.9000,10.6693,0
5.533,1.5012,-0.0000,0.0002,1.9000,10.6693,0
5.550,1.5012,-0.0000,0.0002,1.9000,10.6693,0
5.567,1.5012,-0.0000,0.0002,1.9000,10.6693,0
5.583,1.5012,-0.0000,0.0002,1.9000,10.6693,0
5.600,1.5012,-0.0000,0.0002,1.9000,10.6693,0
5.617,1.5012,-0.0000,0.0002,1.9000,10.6693,0
5.633,1.5012,0.0000,0.0002,1.9000,10.6693,0
5.650,1.5012,-0.0000,0.0002,1.9000,10.6693,0
5.667,1.5012,-0.0000,0.0002,1.9000,10.6693,0
5.683,1.5012,0.0000,0.0002,1.9000,10.6693,0
5.700,1.5012,0.0000,0.0002,1.9000,10.6693,0
5.717,1.5012,-0.0000,0.0002,1.9000,10.6693,0
5.733,1.5012,0.0000,0.0002,1.9000,10.6693,0
5.750,1.5013,-0.0000,0.0002,1.9000,10.6693,0
5.767,1.5013,0.0000,0.0002,1.9000,10.6693,0
5.783,1.5013,-0.0000,0.0002,1.9000,10.6693,0
5.800,1.5013,-0.0000,0.0002,1.9000,10.6693,0
5.817,1.5013,0.0000,0.0002,1.9000,10.6693,0
5.833,1.5013,-0.0000,0.0002,1.9000,10.6693,0
5.850,1.5013,0.0000,0.0002,1.9000,10.6693,0
5.867,1.5013,-0.0000,0.0002,1.9000,10.6693,0
5.883,1.5013,0.0000,0.0002,1.9000,10.6693,0
5.900,1.5013,-0.0000,0.0002,1.9000,10.6693,0
5.917,1.5013,0.0000,0.0002,1.9000,10.6693,0
5.933,1.5013,-0.0000,0.0002,1.9000,10.6692,0
5.950,1.5013,0.0000,0.0002,1.9000,10.6692,0
5.967,1.5013,-0.0000,0.0002,1.9000,10.6692,0
5.983,1.5013,0.0000,0.0002,1.9000,10.6692,0
6.000,1.5013,-0.0000,0.0002,1.9000,10.6692,0
6.017,1.5013,0.0000,0.0002,1.9000,10.6692,0
6.033,1.5013,-0.0000,0.0002,1.9000,10.6692,0
6.050,1.5013,-0.0000,0.0002,1.9000,10.6692,0
6.067,1.5013,-0.0000,0.0002,1.9000,10.6692,0
6.083,1.5013,-0.0000,0.0002,1.9000,10.6692,0
6.100,1.5013,-0.0000,0.0003,1.9000,10.6692,0
6.117,1.5013,-0.0000,0.0002,1.9000,10.6692,0
6.133,1.5013,0.0000,0.0002,1.9000,10.6692,0
6.150,1.5013,-0.0000,0.0002,1.9000,10.6692,0
6.167,1.5013,-0.0000,0.0002,1.9000,10.6692,0
6.183,1.5013,0.0000,0.0002,1.9000,10.6692,0
6.200,1.5014,-0.0000,0.0002,1.9000,10.6692,0
6.217,1.5014,0.0000,0.0002,1.9000,10.6692,0
6.233,1.5014,-0.0000,0.0002,1.9000,10.6692,0
6.250,1.5014,0.0000,0.0002,1.9000,10.6692,0
6.267,1.5014,-0.0000,0.0002,1.9000,10.6692,0
6.283,1.5014,0.0000,0.0002,1.9000,10.6692,0
6.300,1.5014,-0.0000,0.0002,1.9000,10.6692,0
6.317,1.5014,0.0000,0.0002,1.9000,10.6692,0
6.333,1.5014,-0.0000,0.0002,1.9000,10.6692,0
6.350,1.5014,-0.0000,0.0002,1.9000,10.6692,0
6.367,1.5014,-0.0000,0.0002,1.9000,10.6692,0
6.383,1.5014,0.0000,0.0002,1.9000,10.6692,0
6.400,1.5014,-0.0000,0.0002,1.9000,10.6691,0
6.417,1.5014,0.0000,0.0002,1.9000,10.6691,0
6.433,1.5014,-0.0000,0.0002,1.9000,10.6691,0
6.450,1.5014,-0.0000,0.0002,1.9000,10.6691,0
6.467,1.5014,-0.0000,0.0002,1.9000,10.6691,0
6.483,1.5014,-0.0000,0.0002,1.9000,10.6691,0
6.500,1.5014,0.0000,0.0002,1.9000,10.6691,0
6.517,1.5014,-0.0000,0.0002,1.9000,10.6691,0
6.533,1.5014,-0.0000,0.0002,1.9000,10.6691,0
6.550,1.5014,-0.0000,0.0002,1.9000,10.6691,0
6.567,1.5014,0.0000,0.0002,1.9000,10.6691,0
6.583,1.5014,-0.0000,0.0002,1.9000,10.6691,0
6.600,1.5014,-0.0000,0.0002,1.9000,10.6691,0
6.617,1.5014,0.0000,0.0002,1.9000,10.6691,0
6.633,1.5014,0.0000,0.0002,1.9000,10.6691,0
6.650,1.5014,-0.0000,0.0002,1.9000,10.6691,0
6.667,1.5015,-0.0000,0.0002,1.9000,10.6691,0
6.683,1.5015,-0.0000,0.0002,1.9000,10.6691,0
6.700,1.5015,-0.0000,0.0002,1.9000,10.6691,0
6.717,1.5015,-0.0000,0.0002,1.9000,10.6691,0
6.733,1.5015,-0.0000,0.0002,1.9000,10.6691,0
6.750,1.5015,-0.0000,0.0002,1.9000,10.6691,0
6.767,1.5015,-0.0000,0.0002,1.9000,10.6691,0
6.783,1.5015,0.0000,0.0002,1.9000,10.6691,0
6.800,1.5015,-0.0000,0.0002,1.9000,10.6691,0
6.817,1.5015,-0.0000,0.0002,1.9000,10.6691,0
6.833,1.5015,0.0000,0.0002,1.9000,10.6691,0
6.850,1.5015,-0.0000,0.0002,1.9000,10.6691,0
6.867,1.5015,-0.0000,0.0002,1.9000,10.6690,0
6.883,1.5015,-0.0000,0.0002,1.9000,10.6690,0
6.900,1.5015,-0.0000,0.0002,1.9000,10.6690,0
6.917,1.5015,-0.0000,0.0002,1.9000,10.6690,0
6.933,1.5015,-0.0000,0.0002,1.9000,10.6690,0
6.950,1.5015,-0.0000,0.0002,1.9000,10.6690,0
6.967,1.5015,-0.0000,0.0002,1.9000,10.6690,0
6.983,1.5015,-0.0000,0.0002,1.9000,10.6690,0
7.000,1.5015,-0.0000,0.0002,1.9000,10.6690,0
7.017,1.5015,-0.0000,0.0002,1.9000,10.6690,0
7.033,1.5015,-0.0000,0.0002,1.9000,10.6690,0
7.050,1.5015,-0.0000,0.0002,1.9000,10.6690,0
7.067,1.5015,-0.0000,0.0002,1.9000,10.6690,0
7.083,1.5015,-0.0000,0.0002,1.9000,10.6690,0
7.100,1.5015,0.0000,0.0002,1.9000,10.6690,0
7.117,1.5015,-0.0000,0.0002,1.9000,10.6690,0
7.133,1.5016,-0.0000,0.0002,1.9000,10.6690,0
7.150,1.5016,-0.0000,0.0002,1.9000,10.6690,0
7.167,1.5016,-0.0000,0.0002,1.9000,10.6690,0
7.183,1.5016,-0.0000,0.0002,1.9000,10.6690,0
7.200,1.5016,-0.0000,0.0002,1.9000,10.6690,0
7.217,1.5016,-0.0000,0.0002,1.9000,10.6690,0
7.233,1.5016,-0.0000,0.0002,1.9000,10.6690,0
7.250,1.5016,0.0000,0.0002,1.9000,10.6690,0
7.267,1.5016,-0.0000,0.0002,1.9000,10.6690,0
7.283,1.5016,-0.0000,0.0002,1.9000,10.6690,0
7.300,1.5016,-0.0000,0.0002,1.9000,10.6690,0
7.317,1.5016,-0.0000,0.0002,1.9000,10.6690,0
7.333,1.5016,0.0000,0.0002,1.9000,10.6689,0
7.350,1.5016,-0.0000,0.0002,1.9000,10.6689,0
7.367,1.5016,-0.0000,0.0002,1.9000,10.6689,0
7.383,1.5016,-0.0000,0.0002,1.9000,10.6689,0
7.400,1.5016,-0.0000,0.0002,1.9000,10.6689,0
7.417,1.5016,-0.0000,0.0002,1.9000,10.6689,0
7.433,1.5016,0.0000,0.0002,1.9000,10.6689,0
7.450,1.5016,-0.0000,0.0002,1.9000,10.6689,0
7.467,1.5016,0.0000,0.0002,1.9000,10.6689,0
7.483,1.5016,-0.0000,0.0002,1.9000,10.6689,0
7.500,1.5016,-0.0000,0.0002,1.9000,10.6689,0
7.517,1.5016,0.0000,0.0002,1.9000,10.6689,0
7.533,1.5016,-0.0000,0.0002,1.9000,10.6689,0
7.550,1.5016,-0.0000,0.0002,1.9000,10.6689,0
7.567,1.5016,-0.0000,0.0002,1.9000,10.6689,0
7.583,1.5017,-0.0000,0.0002,1.9000,10.6689,0
7.600,1.5017,-0.0000,0.0002,1.9000,10.6689,0
7.617,1.5017,0.0000,0.0002,1.9000,10.6689,0
7.633,1.5017,0.0000,0.0002,1.9000,10.6689,0
7.650,1.5017,-0.0000,0.0002,1.9000,10.6689,0
7.667,1.5017,0.0000,0.0002,1.9000,10.6689,0
7.683,1.5017,0.0000,0.0002,1.9000,10.6689,0
7.700,1.5017,-0.0000,0.0002,1.9000,10.6689,0
7.717,1.5017,-0.0000,0.0002,1.9000,10.6689,0
7.733,1.5017,-0.0000,0.0002,1.9000,10.6689,0
7.750,1.5017,-0.0000,0.0002,1.9000,10.6689,0
7.767,1.5017,-0.0000,0.0002,1.9000,10.6689,0
7.783,1.5017,-0.0000,0.0002,1.9000,10.6689,0
7.800,1.5017,0.0000,0.0002,1.9000,10.6688,0
7.817,1.5017,-0.0000,0.0002,1.9000,10.6688,0
7.833,1.5017,0.0000,0.0002,1.9000,10.6688,0
7.850,1.5017,-0.0000,0.0002,1.9000,10.6688,0
7.867,1.5017,0.0000,0.0002,1.9000,10.6688,0
7.883,1.5017,-0.0000,0.0002,1.9000,10.6688,0
7.900,1.5017,0.0000,0.0002,1.9000,10.6688,0
7.917,1.5017,-0.0000,0.0002,1.9000,10.6688,0
7.933,1.5017,0.0000,0.0002,1.9000,10.6688,0
7.950,1.5017,-0.0000,0.0002,1.9000,10.6688,0
7.967,1.5017,0.0000,0.0002,1.9000,10.6688,0
7.983,1.5017,-0.0000,0.0002,1.9000,10.6688,0
8.000,1.5017,-0.0000,0.0002,1.9000,10.6688,0
8.017,1.5017,-0.0000,0.0002,1.9000,10.6688,0
8.033,1.5017,-0.0000,0.0002,1.9000,10.6688,0
8.050,1.5018,0.0000,0.0002,1.9000,10.6688,0
8.067,1.5018,-0.0000,0.0002,1.9000,10.6688,0
8.083,1.5018,0.0000,0.0002,1.9000,10.6688,0
8.100,1.5018,-0.0000,0.0003,1.9000,10.6688,0
8.117,1.5018,0.0000,0.0002,1.9000,10.6688,0
8.133,1.5018,-0.0000,0.0002,1.9000,10.6688,0
8.150,1.5018,-0.0000,0.0002,1.9000,10.6688,0
8.167,1.5018,-0.0000,0.0002,1.9000,10.6688,0
8.183,1.5018,-0.0000,0.0002,1.9000,10.6688,0
8.200,1.5018,-0.0000,0.0002,1.9000,10.6688,0
8.217,1.5018,-0.0000,0.0002,1.9000,10.6688,0
8.233,1.5018,-0.0000,0.0002,1.9000,10.6688,0
8.250,1.5018,-0.0000,0.0002,1.9000,10.6688,0
8.267,1.5018,-0.0000,0.0002,1.9000,10.6688,0
8.283,1.5018,0.0000,0.0002,1.9000,10.6687,0
8.300,1.5018,-0.0000,0.0002,1.9000,10.6687,0
8.317,1.5018,-0.0000,0.0002,1.9000,10.6687,0
8.333,1.5018,0.0000,0.0003,1.9000,10.6687,0
8.350,1.5018,-0.0000,0.0002,1.9000,10.6687,0
8.367,1.5018,0.0000,0.0002,1.9000,10.6687,0
8.383,1.5018,-0.0000,0.0002,1.9000,10.6687,0
8.400,1.5018,-0.0000,0.0002,1.9000,10.6687,0
8.417,1.5018,-0.0000,0.0002,1.9000,10.6687,0
8.433,1.5018,-0.0000,0.0002,1.9000,10.6687,0
8.450,1.5018,0.0000,0.0002,1.9000,10.6687,0
8.467,1.5018,-0.0000,0.0002,1.9000,10.6687,0
8.483,1.5018,-0.0000,0.0002,1.9000,10.6687,0
8.500,1.5018,-0.0000,0.0002,1.9000,10.6687,0
8.517,1.5019,-0.0000,0.0002,1.9000,10.6687,0
8.533,1.5019,-0.0000,0.0002,1.9000,10.6687,0
8.550,1.5019,-0.0000,0.0002,1.9000,10.6687,0
8.567,1.5019,-0.0000,0.0002,1.9000,10.6687,0
8.583,1.5019,-0.0000,0.0002,1.9000,10.6687,0
8.600,1.5019,0.0000,0.0002,1.9000,10.6687,0
8.617,1.5019,-0.0000,0.0002,1.9000,10.6687,0
8.633,1.5019,0.0000,0.0002,1.9000,10.6687,0
8.650,1.5019,-0.0000,0.0002,1.9000,10.6687,0
8.667,1.5019,-0.0000,0.0002,1.9000,10.6687,0
8.683,1.5019,-0.0000,0.0002,1.9000,10.6687,0
8.700,1.5019,-0.0000,0.0002,1.9000,10.6687,0
8.717,1.5019,-0.0000,0.0002,1.9000,10.6687,0
8.733,1.5019,-0.0000,0.0002,1.9000,10.6687,0
8.750,1.5019,-0.0000,0.0002,1.9000,10.6686,0
8.767,1.5019,-0.0000,0.0002,1.9000,10.6686,0
8.783,1.5019,-0.0000,0.0002,1.9000,10.6686,0
8.800,1.5019,-0.0000,0.0002,1.9000,10.6686,0
8.817,1.5019,-0.0000,0.0002,1.9000,10.6686,0
8.833,1.5019,-0.0000,0.0002,1.9000,10.6686,0
8.850,1.5019,-0.0000,0.0002,1.9000,10.6686,0
8.867,1.5019,-0.0000,0.0002,1.9000,10.6686,0
8.883,1.5019,-0.0000,0.0002,1.9000,10.6686,0
8.900,1.5019,-0.0000,0.0002,1.9000,10.6686,0
8.917,1.5019,-0.0000,0.0002,1.9000,10.6686,0
8.933,1.5019,-0.0000,0.0002,1.9000,10.6686,0
8.950,1.5019,-0.0000,0.0002,1.9000,10.6686,0
8.967,1.5020,-0.0000,0.0002,1.9000,10.6686,0
8.983,1.5020,-0.0000,0.0002,1.9000,10.6686,0
9.000,1.5020,-0.0000,0.0002,1.9000,10.6686,0
9.017,1.5020,-0.0000,0.0002,1.9000,10.6686,0
9.033,1.5020,-0.0000,0.0002,1.9000,10.6686,0
9.050,1.5020,-0.0000,0.0002,1.9000,10.6686,0
9.067,1.5020,-0.0000,0.0002,1.9000,10.6686,0
9.083,1.5020,-0.0000,0.0002,1.9000,10.6686,0
9.100,1.5020,-0.0000,0.0002,1.9000,10.6686,0
9.117,1.5020,-0.0000,0.0002,1.9000,10.6686,0
9.133,1.5020,-0.0000,0.0002,1.9000,10.6686,0
9.150,1.5020,-0.0000,0.0002,1.9000,10.6686,0
9.167,1.5020,-0.0000,0.0002,1.9000,10.6686,0
9.183,1.5020,-0.0000,0.0002,1.9000,10.6686,0
9.200,1.5020,-0.0000,0.0002,1.9000,10.6686,0
9.217,1.5020,-0.0000,0.0002,1.9000,10.6685,0
9.233,1.5020,-0.0000,0.0002,1.9000,10.6685,0
9.250,1.5020,-0.0000,0.0002,1.9000,10.6685,0
9.267,1.5020,-0.0000,0.0002,1.9000,10.6685,0
9.283,1.5020,-0.0000,0.0002,1.9000,10.6685,0
9.300,1.5020,-0.0000,0.0002,1.9000,10.6685,0
9.317,1.5020,-0.0000,0.0002,1.9000,10.6685,0
9.333,1.5020,-0.0000,0.0002,1.9000,10.6685,0
9.350,1.5020,-0.0000,0.0002,1.9000,10.6685,0
9.367,1.5020,-0.0000,0.0002,1.9000,10.6685,0
9.383,1.5020,-0.0000,0.0002,1.9000,10.6685,0
9.400,1.5020,-0.0000,0.0002,1.9000,10.6685,0
9.417,1.5020,-0.0000,0.0002,1.9000,10.6685,0
9.433,1.5021,-0.0000,0.0002,1.9000,10.6685,0
9.450,1.5021,-0.0000,0.0002,1.9000,10.6685,0
9.467,1.5021,-0.0000,0.0002,1.9000,10.6685,0
9.483,1.5021,-0.0000,0.0002,1.9000,10.6685,0
9.500,1.5021,-0.0000,0.0002,1.9000,10.6685,0
9.517,1.5021,-0.0000,0.0002,1.9000,10.6685,0
9.533,1.5021,-0.0000,0.0002,1.9000,10.6685,0
9.550,1.5021,-0.0000,0.0002,1.9000,10.6685,0
9.567,1.5021,-0.0000,0.0002,1.9000,10.6685,0
9.583,1.5021,-0.0000,0.0002,1.9000,10.6685,0
9.600,1.5021,-0.0000,0.0002,1.9000,10.6685,0
9.617,1.5021,-0.0000,0.0002,1.9000,10.6685,0
9.633,1.5021,-0.0000,0.0002,1.9000,10.6685,0
9.650,1.5021,-0.0000,0.0002,1.9000,10.6685,0
9.667,1.5021,-0.0000,0.0002,1.9000,10.6685,0
9.683,1.5021,-0.0000,0.0002,1.9000,10.6684,0
9.700,1.5021,-0.0000,0.0002,1.9000,10.6684,0
9.717,1.5021,-0.0000,0.0002,1.9000,10.6684,0
9.733,1.5021,-0.0000,0.0002,1.9000,10.6684,0
9.750,1.5021,-0.0000,0.0002,1.9000,10.6684,0
9.767,1.5021,-0.0000,0.0002,1.9000,10.6684,0
9.783,1.5021,-0.0000,0.0002,1.9000,10.6684,0
9.800,1.5021,-0.0000,0.0002,1.9000,10.6684,0
9.817,1.5021,-0.0000,0.0002,1.9000,10.6684,0
9.833,1.5021,-0.0000,0.0002,1.9000,10.6684,0
9.850,1.5021,-0.0000,0.0002,1.9000,10.6684,0
9.867,1.5021,-0.0000,0.0002,1.9000,10.6684,0
9.883,1.5021,-0.0000,0.0002,1.9000,10.6684,0
9.900,1.5022,-0.0000,0.0002,1.9000,10.6684,0
9.917,1.5022,-0.0000,0.0002,1.9000,10.6684,0
9.933,1.5022,-0.0000,0.0002,1.9000,10.6684,0
9.950,1.5022,-0.0000,0.0002,1.9000,10.6684,0
9.967,1.5022,-0.0000,0.0002,1.9000,10.6684,0
9.983,1.5022,-0.0000,0.0002,1.9000,10.6684,0
10.000,1.5022,-0.0000,0.0002,1.9000,10.6684,0
10.017,1.5022,-0.0000,0.0002,1.9000,10.6684,0
10.033,1.5022,-0.0000,0.0002,1.9000,10.6684,0
10.050,1.5025,-0.0000,0.0184,1.9000,10.6681,0
10.067,1.5033,0.0000,0.0513,1.9000,10.6672,0
10.083,1.5045,-0.0000,0.0700,1.9000,10.6661,0
10.100,1.5060,-0.0000,0.0871,1.9000,10.6647,0
10.117,1.5077,-0.0000,0.1027,1.9000,10.6630,0
10.133,1.5095,0.0000,0.1071,1.9000,10.6612,0
10.150,1.5115,-0.0000,0.1210,1.9000,10.6592,0
10.167,1.5138,-0.0000,0.1392,1.9000,10.6569,0
10.183,1.5163,-0.0000,0.1512,1.9000,10.6545,0
10.200,1.5190,-0.0000,0.1584,1.9000,10.6519,0
10.217,1.5218,-0.0000,0.1696,1.9000,10.6491,0
10.233,1.5249,-0.0000,0.1865,1.9000,10.6460,0
10.250,1.5282,0.0000,0.1970,1.9000,10.6428,0
10.267,1.5316,0.0000,0.2047,1.9000,10.6394,0
10.283,1.5351,0.0000,0.2135,1.9000,10.6359,0
10.300,1.5388,0.0000,0.2213,1.9000,10.6323,0
10.317,1.5427,0.0000,0.2324,1.9000,10.6285,0
10.333,1.5468,0.0000,0.2438,1.9000,10.6245,0
10.350,1.5509,0.0000,0.2507,1.9000,10.6204,0
10.367,1.5552,0.0000,0.2539,1.9000,10.6162,0
10.383,1.5594,0.0000,0.2554,1.9000,10.6120,0
10.400,1.5638,0.0000,0.2637,1.9000,10.6077,0
10.417,1.5684,0.0000,0.2735,1.9000,10.6032,0
10.433,1.5731,0.0000,0.2834,1.9000,10.5986,0
10.450,1.5780,0.0000,0.2911,1.9000,10.5938,0
10.467,1.5829,0.0000,0.2962,1.9000,10.5889,0
10.483,1.5879,0.0000,0.3008,1.9000,10.5840,0
10.500,1.5930,0.0000,0.3044,1.9000,10.5790,0
10.517,1.5982,0.0000,0.3156,1.9000,10.5739,0
10.533,1.6037,0.0000,0.3265,1.9000,10.5685,0
10.550,1.6092,0.0000,0.3310,1.9000,10.5631,0
10.567,1.6148,0.0000,0.3353,1.9000,10.5576,0
10.583,1.6205,0.0000,0.3394,1.9000,10.5520,0
10.600,1.6262,0.0000,0.3424,1.9000,10.5464,0
10.617,1.6319,0.0000,0.3439,1.9000,10.5408,0
10.633,1.6377,0.0000,0.3486,1.9000,10.5350,0
10.650,1.6437,0.0000,0.3582,1.9000,10.5292,0
10.667,1.6497,0.0000,0.3633,1.9000,10.5232,0
10.683,1.6558,0.0000,0.3654,1.9000,10.5172,0
10.700,1.6620,0.0000,0.3688,1.9000,10.5112,0
10.717,1.6682,0.0000,0.3716,1.9000,10.5051,0
10.733,1.6745,0.0000,0.3786,1.9000,10.4989,0
10.750,1.6809,0.0000,0.3852,1.9000,10.4926,0
10.767,1.6874,0.0000,0.3936,1.9000,10.4861,0
10.783,1.6941,0.0000,0.3992,1.9000,10.4796,0
10.800,1.7008,0.0000,0.4003,1.9000,10.4730,0
10.817,1.7074,0.0000,0.3990,1.9000,10.4665,0
10.833,1.7141,0.0000,0.3987,1.9000,10.4599,0
10.850,1.7207,0.0000,0.3995,1.9000,10.4534,0
10.867,1.7274,0.0000,0.4032,1.9000,10.4468,0
10.883,1.7342,0.0000,0.4071,1.9000,10.4401,0
10.900,1.7411,0.0000,0.4126,1.9000,10.4334,0
10.917,1.7481,0.0000,0.4180,1.9000,10.4265,0
10.933,1.7551,0.0000,0.4227,1.9000,10.4196,0
10.950,1.7622,0.0000,0.4271,1.9000,10.4126,0
10.967,1.7694,0.0000,0.4279,1.9000,10.4056,0
10.983,1.7765,0.0000,0.4269,1.9000,10.3986,0
11.000,1.7836,0.0000,0.4264,1.9000,10.3916,0
11.017,1.7907,0.0000,0.4279,1.9000,10.3846,0
11.033,1.7979,0.0001,0.4319,1.9000,10.3775,0
11.050,1.8052,0.0001,0.4351,1.9000,10.3704,0
11.067,1.8125,0.0001,0.4402,1.9000,10.3632,0
11.083,1.8199,0.0001,0.4433,1.9000,10.3559,0
11.100,1.8273,0.0001,0.4445,1.9000,10.3486,0
11.117,1.8347,0.0001,0.4469,1.9000,10.3413,0
11.133,1.8422,0.0001,0.4480,1.9000,10.3339,0
11.150,1.8497,0.0001,0.4491,1.9000,10.3266,0
11.167,1.8572,0.0001,0.4496,1.9000,10.3192,0
11.183,1.8647,0.0001,0.4515,1.9000,10.3118,0
11.200,1.8723,0.0001,0.4549,1.9000,10.3044,0
11.217,1.8799,0.0001,0.4569,1.9000,10.2969,0
11.233,1.8876,0.0001,0.4617,1.9000,10.2893,0
11.250,1.8954,0.0001,0.4662,1.9000,10.2817,0
11.267,1.9031,0.0001,0.4664,1.9000,10.2740,0
11.283,1.9109,0.0001,0.4668,1.9000,10.2664,0
11.300,1.9187,0.0001,0.4674,1.9000,10.2587,0
11.317,1.9265,0.0001,0.4695,1.9000,10.2511,0
11.333,1.9344,0.0001,0.4711,1.9000,10.2433,0
11.350,1.9423,0.0001,0.4747,1.9000,10.2356,0
11.367,1.9503,0.0001,0.4774,1.9000,10.2277,0
11.383,1.9582,0.0001,0.4786,1.9000,10.2199,0
11.400,1.9663,0.0001,0.4817,1.9000,10.2120,0
11.417,1.9743,0.0001,0.4837,1.9000,10.2041,0
11.433,1.9824,0.0001,0.4850,1.9000,10.1962,0
11.450,1.9905,0.0001,0.4870,1.9000,10.1882,0
11.467,1.9986,0.0001,0.4866,1.9000,10.1802,0
11.483,2.0067,0.0001,0.4842,1.9000,10.1723,0
11.500,2.0148,0.0001,0.4843,1.9000,10.1644,0
11.517,2.0229,0.0001,0.4874,1.9000,10.1564,0
11.533,2.0311,0.0001,0.4909,1.9000,10.1483,0
11.550,2.0393,0.0001,0.4928,1.9000,10.1403,0
11.567,2.0475,0.0001,0.4948,1.9000,10.1322,0
11.583,2.0558,0.0001,0.4974,1.9000,10.1240,0
11.600,2.0641,0.0001,0.4985,1.9000,10.1159,0
11.617,2.0724,0.0000,0.4980,1.9000,10.1077,0
11.633,2.0807,0.0000,0.4978,1.9000,10.0996,0
11.650,2.0890,0.0000,0.4977,1.9000,10.0914,0
11.667,2.0973,0.0000,0.4982,1.9000,10.0833,0
11.683,2.1057,0.0000,0.4987,1.9000,10.0751,0
11.700,2.1140,0.0000,0.4991,1.9000,10.0670,0
11.717,2.1223,0.0000,0.4996,1.9000,10.0588,0
11.733,2.1306,0.0000,0.5002,1.9000,10.0506,0
11.750,2.1390,-0.0000,0.5004,1.9000,10.0424,0
11.767,2.1473,-0.0000,0.5004,1.9000,10.0342,0
11.783,2.1557,-0.0000,0.5004,1.9000,10.0260,0
11.800,2.1640,-0.0000,0.5003,1.9000,10.0178,0
11.817,2.1723,-0.0000,0.5002,1.9000,10.0097,0
11.833,2.1807,-0.0000,0.5001,1.9000,10.0015,0
11.850,2.1890,-0.0000,0.5000,1.9000,9.9933,0
11.867,2.1973,-0.0000,0.5000,1.9000,9.9851,0
11.883,2.2057,-0.0000,0.4999,1.9000,9.9769,0
11.900,2.2140,-0.0000,0.4999,1.9000,9.9688,0
11.917,2.2223,-0.0000,0.4998,1.9000,9.9606,0
11.933,2.2307,-0.0001,0.4998,1.9000,9.9524,0
11.950,2.2390,-0.0001,0.4997,1.9000,9.9442,0
11.967,2.2473,-0.0001,0.4997,1.9000,9.9361,0
11.983,2.2556,-0.0001,0.4997,1.9000,9.9279,0
12.000,2.2640,-0.0001,0.4995,1.9000,9.9197,0
12.017,2.2723,-0.0001,0.4995,1.9000,9.9115,0
12.033,2.2806,-0.0001,0.4993,1.9000,9.9034,0
12.050,2.2889,-0.0001,0.4993,1.9000,9.8952,0
12.067,2.2973,-0.0001,0.4996,1.9000,9.8870,0
12.083,2.3056,-0.0001,0.4997,1.9000,9.8789,0
12.100,2.3139,-0.0001,0.4998,1.9000,9.8707,0
12.117,2.3222,-0.0001,0.4998,1.9000,9.8625,0
12.133,2.3306,-0.0001,0.4999,1.9000,9.8543,0
12.150,2.3389,-0.0001,0.5000,1.9000,9.8462,0
12.167,2.3472,-0.0001,0.5000,1.9000,9.8380,0
12.183,2.3556,-0.0002,0.5001,1.9000,9.8298,0
12.200,2.3639,-0.0002,0.5002,1.9000,9.8216,0
12.217,2.3723,-0.0002,0.5003,1.9000,9.8135,0
12.233,2.3806,-0.0002,0.5004,1.9000,9.8053,0
12.250,2.3889,-0.0002,0.5005,1.9000,9.7971,0
12.267,2.3973,-0.0002,0.5005,1.9000,9.7889,0
12.283,2.4056,-0.0002,0.5006,1.9000,9.7807,0
12.300,2.4140,-0.0003,0.5006,1.9000,9.7726,0
12.317,2.4223,-0.0003,0.5007,1.9000,9.7644,0
12.333,2.4307,-0.0003,0.5008,1.9000,9.7562,0
12.350,2.4390,-0.0003,0.5008,1.9000,9.7480,0
12.367,2.4474,-0.0003,0.5008,1.9000,9.7398,0
12.383,2.4557,-0.0003,0.5007,1.9000,9.7317,0
12.400,2.4640,-0.0004,0.5007,1.9000,9.7235,0
12.417,2.4724,-0.0004,0.5009,1.9000,9.7153,0
12.433,2.4807,-0.0004,0.5010,1.9000,9.7071,0
12.450,2.4891,-0.0004,0.5009,1.9000,9.6989,0
12.467,2.4974,-0.0004,0.5008,1.9000,9.6907,0
12.483,2.5058,-0.0005,0.5008,1.9000,9.6826,0
12.500,2.5141,-0.0005,0.5008,1.9000,9.6744,0
12.517,2.5225,-0.0005,0.5007,1.9000,9.6662,0
12.533,2.5308,-0.0005,0.5006,1.9000,9.6580,0
12.550,2.5392,-0.0005,0.5006,1.9000,9.6498,0
12.567,2.5475,-0.0005,0.5005,1.9000,9.6417,0
12.583,2.5558,-0.0005,0.5004,1.9000,9.6335,0
12.600,2.5642,-0.0006,0.5003,1.9000,9.6253,0
12.617,2.5725,-0.0006,0.5003,1.9000,9.6172,0
12.633,2.5809,-0.0006,0.5002,1.9000,9.6090,0
12.650,2.5892,-0.0006,0.5001,1.9000,9.6008,0
12.667,2.5975,-0.0006,0.5001,1.9000,9.5926,0
12.683,2.6059,-0.0006,0.5000,1.9000,9.5845,0
12.700,2.6142,-0.0006,0.4999,1.9000,9.5763,0
12.717,2.6225,-0.0006,0.4999,1.9000,9.5682,0
12.733,2.6309,-0.0006,0.4998,1.9000,9.5600,0
12.750,2.6392,-0.0007,0.4998,1.9000,9.5518,0
12.767,2.6475,-0.0007,0.4998,1.9000,9.5437,0
12.783,2.6558,-0.0007,0.4997,1.9000,9.5355,0
12.800,2.6642,-0.0007,0.4997,1.9000,9.5273,0
12.817,2.6725,-0.0007,0.4997,1.9000,9.5192,0
12.833,2.6808,-0.0007,0.4995,1.9000,9.5110,0
12.850,2.6891,-0.0007,0.4996,1.9000,9.5029,0
12.867,2.6975,-0.0007,0.4996,1.9000,9.4947,0
12.883,2.7058,-0.0007,0.4997,1.9000,9.4866,0
12.900,2.7141,-0.0007,0.4995,1.9000,9.4784,0
12.917,2.7225,-0.0007,0.4996,1.9000,9.4702,0
12.933,2.7308,-0.0007,0.4998,1.9000,9.4621,0
12.950,2.7391,-0.0007,0.4999,1.9000,9.4539,0
12.967,2.7475,-0.0008,0.4999,1.9000,9.4458,0
12.983,2.7558,-0.0008,0.5000,1.9000,9.4376,0
13.000,2.7641,-0.0008,0.5002,1.9000,9.4294,0
13.017,2.7725,-0.0008,0.5003,1.9000,9.4213,0
13.033,2.7808,-0.0008,0.5003,1.9000,9.4131,0
13.050,2.7891,-0.0008,0.5004,1.9000,9.4049,0
13.067,2.7975,-0.0008,0.5002,1.9000,9.3968,0
13.083,2.8058,-0.0008,0.4998,1.9000,9.3886,0
13.100,2.8141,-0.0008,0.5000,1.9000,9.3805,0
13.117,2.8225,-0.0008,0.5005,1.9000,9.3723,0
13.133,2.8308,-0.0009,0.5007,1.9000,9.3641,0
13.150,2.8392,-0.0009,0.5007,1.9000,9.3560,0
13.167,2.8475,-0.0009,0.5008,1.9000,9.3478,0
13.183,2.8559,-0.0009,0.5008,1.9000,9.3396,0
13.200,2.8642,-0.0009,0.5009,1.9000,9.3315,0
13.217,2.8726,-0.0009,0.5009,1.9000,9.3233,0
13.233,2.8809,-0.0009,0.5009,1.9000,9.3151,0
13.250,2.8893,-0.0009,0.5009,1.9000,9.3069,0
13.267,2.8976,-0.0009,0.5009,1.9000,9.2988,0
13.283,2.9059,-0.0009,0.5009,1.9000,9.2906,0
13.300,2.9143,-0.0009,0.5008,1.9000,9.2824,0
13.317,2.9226,-0.0009,0.5008,1.9000,9.2743,0
13.333,2.9310,-0.0010,0.5008,1.9000,9.2661,0
13.350,2.9393,-0.0010,0.5006,1.9000,9.2579,0
13.367,2.9477,-0.0010,0.5005,1.9000,9.2498,0
13.383,2.9560,-0.0010,0.5004,1.9000,9.2416,0
13.400,2.9644,-0.0010,0.5003,1.9000,9.2335,0
13.417,2.9727,-0.0010,0.5004,1.9000,9.2253,0
13.433,2.9810,-0.0010,0.5003,1.9000,9.2171,0
13.450,2.9894,-0.0010,0.5002,1.9000,9.2090,0
13.467,2.9977,-0.0010,0.5001,1.9000,9.2008,0
13.483,3.0060,-0.0010,0.5000,1.9000,9.1927,0
13.500,3.0144,-0.0010,0.5000,1.9000,9.1845,0
13.517,3.0227,-0.0010,0.5000,1.9000,9.1764,0
13.533,3.0310,-0.0010,0.4999,1.9000,9.1682,0
13.550,3.0394,-0.0010,0.4998,1.9000,9.1601,0
13.567,3.0477,-0.0010,0.4998,1.9000,9.1519,0
13.583,3.0560,-0.0010,0.4998,1.9000,9.1438,0
13.600,3.0644,-0.0010,0.4997,1.9000,9.1356,0
13.617,3.0727,-0.0010,0.4997,1.9000,9.1275,0
13.633,3.0810,-0.0009,0.4997,1.9000,9.1193,0
13.650,3.0893,-0.0009,0.4996,1.9000,9.1112,0
13.667,3.0977,-0.0009,0.4996,1.9000,9.1030,0
13.683,3.1060,-0.0009,0.4997,1.9000,9.0949,0
13.700,3.1143,-0.0009,0.4997,1.9000,9.0867,0
13.717,3.1226,-0.0009,0.4998,1.9000,9.0786,0
13.733,3.1310,-0.0009,0.4999,1.9000,9.0704,0
13.750,3.1393,-0.0009,0.4999,1.9000,9.0623,0
13.767,3.1476,-0.0009,0.4998,1.9000,9.0542,0
13.783,3.1560,-0.0009,0.4998,1.9000,9.0460,0
13.800,3.1643,-0.0009,0.5000,1.9000,9.0379,0
13.817,3.1726,-0.0009,0.5002,1.9000,9.0297,0
13.833,3.1810,-0.0009,0.5003,1.9000,9.0216,0
13.850,3.1893,-0.0009,0.5004,1.9000,9.0134,0
13.867,3.1977,-0.0008,0.5004,1.9000,9.0052,0
13.883,3.2060,-0.0008,0.5005,1.9000,8.9971,0
13.900,3.2143,-0.0008,0.5006,1.9000,8.9889,0
13.917,3.2227,-0.0008,0.5006,1.9000,8.9808,0
13.933,3.2310,-0.0008,0.5008,1.9000,8.9726,0
13.950,3.2394,-0.0008,0.5008,1.9000,8.9645,0
13.967,3.2477,-0.0008,0.5008,1.9000,8.9563,0
13.983,3.2561,-0.0008,0.5009,1.9000,8.9481,0
14.000,3.2644,-0.0008,0.5008,1.9000,8.9400,0
14.017,3.2728,-0.0008,0.5009,1.9000,8.9318,0
14.033,3.2811,-0.0008,0.5009,1.9000,8.9237,0
14.050,3.2895,-0.0008,0.5009,1.9000,8.9155,0
14.067,3.2978,-0.0007,0.5009,1.9000,8.9073,0
14.083,3.3062,-0.0007,0.5008,1.9000,8.8992,0
14.100,3.3145,-0.0007,0.5008,1.9000,8.8910,0
14.117,3.3229,-0.0007,0.5009,1.9000,8.8829,0
14.133,3.3312,-0.0007,0.5008,1.9000,8.8747,0
14.150,3.3395,-0.0007,0.5007,1.9000,8.8666,0
14.167,3.3479,-0.0006,0.5003,1.9000,8.8584,0
14.183,3.3562,-0.0006,0.5003,1.9000,8.8503,0
14.200,3.3646,-0.0006,0.5005,1.9000,8.8421,0
14.217,3.3729,-0.0006,0.5004,1.9000,8.8340,0
14.233,3.3812,-0.0006,0.5003,1.9000,8.8258,0
14.250,3.3896,-0.0005,0.5003,1.9000,8.8177,0
14.267,3.3979,-0.0005,0.5002,1.9000,8.8095,0
14.283,3.4062,-0.0005,0.4999,1.9000,8.8014,0
14.300,3.4146,-0.0005,0.4998,1.9000,8.7932,0
14.317,3.4229,-0.0004,0.4999,1.9000,8.7851,0
14.333,3.4312,-0.0004,0.4999,1.9000,8.7770,0
14.350,3.4396,-0.0004,0.4999,1.9000,8.7688,0
14.367,3.4479,-0.0004,0.4999,1.9000,8.7607,0
14.383,3.4562,-0.0003,0.4999,1.9000,8.7526,0
14.400,3.4646,-0.0003,0.4997,1.9000,8.7444,0
14.417,3.4729,-0.0003,0.4997,1.9000,8.7363,0
14.433,3.4812,-0.0002,0.4997,1.9000,8.7281,0
14.450,3.4895,-0.0002,0.4996,1.9000,8.7200,0
14.467,3.4979,-0.0002,0.4996,1.9000,8.7119,0
14.483,3.5062,-0.0001,0.4996,1.9000,8.7037,0
14.500,3.5145,-0.0001,0.4997,1.9000,8.6956,0
14.517,3.5229,-0.0001,0.4997,1.9000,8.6875,0
14.533,3.5312,-0.0000,0.4998,1.9000,8.6793,0
14.550,3.5395,0.0000,0.4998,1.9000,8.6712,0
14.567,3.5478,0.0001,0.4997,1.9000,8.6631,0
14.583,3.5562,0.0001,0.4999,1.9000,8.6549,0
14.600,3.5645,0.0001,0.5000,1.9000,8.6468,0
14.617,3.5728,0.0002,0.5001,1.9000,8.6387,0
14.633,3.5812,0.0002,0.5002,1.9000,8.6305,0
14.650,3.5895,0.0002,0.5003,1.9000,8.6224,0
14.667,3.5979,0.0003,0.5003,1.9000,8.6142,0
14.683,3.6062,0.0003,0.5003,1.9000,8.6061,0
14.700,3.6145,0.0003,0.5003,1.9000,8.5980,0
14.717,3.6229,0.0004,0.5006,1.9000,8.5898,0
14.733,3.6312,0.0004,0.5006,1.9000,8.5817,0
14.750,3.6396,0.0004,0.5007,1.9000,8.5735,0
14.767,3.6479,0.0005,0.5006,1.9000,8.5654,0
14.783,3.6563,0.0005,0.5006,1.9000,8.5572,0
14.800,3.6646,0.0005,0.5008,1.9000,8.5491,0
14.817,3.6729,0.0006,0.5008,1.9000,8.5409,0
14.833,3.6813,0.0006,0.5009,1.9000,8.5328,0
14.850,3.6896,0.0006,0.5009,1.9000,8.5247,0
14.867,3.6980,0.0007,0.5010,1.9000,8.5165,0
14.883,3.7063,0.0007,0.5009,1.9000,8.5084,0
14.900,3.7147,0.0008,0.5009,1.9000,8.5002,0
14.917,3.7230,0.0008,0.5008,1.9000,8.4921,0
14.933,3.7314,0.0008,0.5009,1.9000,8.4839,0
14.950,3.7397,0.0009,0.5008,1.9000,8.4758,0
14.967,3.7481,0.0009,0.5007,1.9000,8.4676,0
14.983,3.7564,0.0009,0.5006,1.9000,8.4595,0
15.000,3.7648,0.0010,0.5006,1.9000,8.4514,0
15.017,3.7731,0.0010,0.5005,1.9000,8.4432,0
15.033,3.7814,0.0011,0.5004,1.9000,8.4351,0
15.050,3.7898,0.0011,0.5004,1.9000,8.4269,0
15.067,3.7981,0.0012,0.5002,1.9000,8.4188,0
15.083,3.8065,0.0012,0.5001,1.9000,8.4107,0
15.100,3.8148,0.0013,0.5001,1.9000,8.4026,0
15.117,3.8231,0.0013,0.5001,1.9000,8.3944,0
15.133,3.8315,0.0013,0.5000,1.9000,8.3863,0
15.150,3.8398,0.0014,0.4999,1.9000,8.3782,0
15.167,3.8481,0.0014,0.4998,1.9000,8.3700,0
15.183,3.8564,0.0015,0.4999,1.9000,8.3619,0
15.200,3.8648,0.0015,0.4998,1.9000,8.3538,0
15.217,3.8731,0.0016,0.4997,1.9000,8.3457,0
15.233,3.8814,0.0016,0.4997,1.9000,8.3376,0
15.250,3.8898,0.0017,0.4997,1.9000,8.3294,0
15.267,3.8981,0.0017,0.4996,1.9000,8.3213,0
15.283,3.9064,0.0018,0.4996,1.9000,8.3132,0
15.300,3.9147,0.0019,0.4997,1.9000,8.3051,0
15.317,3.9231,0.0019,0.4997,1.9000,8.2970,0
15.333,3.9314,0.0020,0.4997,1.9000,8.2888,0
15.350,3.9397,0.0020,0.4998,1.9000,8.2807,0
15.367,3.9481,0.0021,0.4998,1.9000,8.2726,0
15.383,3.9564,0.0021,0.4999,1.9000,8.2645,0
15.400,3.9647,0.0022,0.5000,1.9000,8.2564,0
15.417,3.9731,0.0022,0.5000,1.9000,8.2482,0
15.433,3.9814,0.0023,0.5001,1.9000,8.2401,0
15.450,3.9897,0.0023,0.5002,1.9000,8.2320,0
15.467,3.9981,0.0024,0.5002,1.9000,8.2239,0
15.483,4.0064,0.0024,0.5003,1.9000,8.2157,0
15.500,4.0147,0.0025,0.5004,1.9000,8.2076,0
15.517,4.0231,0.0025,0.5005,1.9000,8.1995,0
15.533,4.0314,0.0025,0.5005,1.9000,8.1914,0
15.550,4.0398,0.0026,0.5006,1.9000,8.1832,0
15.567,4.0481,0.0026,0.5006,1.9000,8.1751,0
15.583,4.0565,0.0027,0.5007,1.9000,8.1670,0
15.600,4.0648,0.0027,0.5007,1.9000,8.1589,0
15.617,4.0731,0.0028,0.5007,1.9000,8.1507,0
15.633,4.0815,0.0028,0.5008,1.9000,8.1426,0
15.650,4.0898,0.0029,0.5008,1.9000,8.1345,0
15.667,4.0982,0.0029,0.5009,1.9000,8.1264,0
15.683,4.1065,0.0029,0.5009,1.9000,8.1182,0
15.700,4.1149,0.0030,0.5009,1.9000,8.1101,0
15.717,4.1232,0.0030,0.5010,1.9000,8.1020,0
15.733,4.1316,0.0031,0.5008,1.9000,8.0938,0
15.750,4.1399,0.0031,0.5007,1.9000,8.0857,0
15.767,4.1483,0.0032,0.5008,1.9000,8.0776,0
15.783,4.1566,0.0032,0.5007,1.9000,8.0695,0
15.800,4.1650,0.0033,0.5007,1.9000,8.0614,0
15.817,4.1733,0.0033,0.5006,1.9000,8.0532,0
15.833,4.1816,0.0033,0.5005,1.9000,8.0451,0
15.850,4.1900,0.0034,0.5005,1.9000,8.0370,0
15.867,4.1983,0.0034,0.5004,1.9000,8.0289,0
15.883,4.2067,0.0035,0.5003,1.9000,8.0208,0
15.900,4.2150,0.0035,0.5001,1.9000,8.0127,0
15.917,4.2233,0.0036,0.5001,1.9000,8.0046,0
15.933,4.2317,0.0036,0.5000,1.9000,7.9964,0
15.950,4.2400,0.0037,0.5000,1.9000,7.9883,0
15.967,4.2483,0.0037,0.5000,1.9000,7.9802,0
15.983,4.2567,0.0038,0.4999,1.9000,7.9721,0
16.000,4.2650,0.0038,0.4998,1.9000,7.9640,0
16.017,4.2733,0.0039,0.4998,1.9000,7.9559,0
16.033,4.2817,0.0039,0.4997,1.9000,7.9478,0
16.050,4.2900,0.0040,0.4996,1.9000,7.9397,0
16.067,4.2983,0.0040,0.4995,1.9000,7.9316,0
16.083,4.3066,0.0041,0.4996,1.9000,7.9235,0
16.100,4.3150,0.0041,0.4996,1.9000,7.9154,0
16.117,4.3233,0.0042,0.4996,1.9000,7.9073,0
16.133,4.3316,0.0043,0.4997,1.9000,7.8992,0
16.150,4.3399,0.0043,0.4997,1.9000,7.8911,0
16.167,4.3483,0.0044,0.4998,1.9000,7.8830,0
16.183,4.3566,0.0044,0.4998,1.9000,7.8749,0
16.200,4.3649,0.0045,0.4999,1.9000,7.8669,0
16.217,4.3733,0.0045,0.5000,1.9000,7.8588,0
16.233,4.3816,0.0046,0.4999,1.9000,7.8507,0
16.250,4.3899,0.0046,0.5001,1.9000,7.8426,0
16.267,4.3983,0.0046,0.5001,1.9000,7.8345,0
16.283,4.4066,0.0047,0.5003,1.9000,7.8264,0
16.300,4.4149,0.0047,0.5003,1.9000,7.8183,0
16.317,4.4233,0.0048,0.5003,1.9000,7.8102,0
16.333,4.4316,0.0048,0.5004,1.9000,7.8021,0
16.350,4.4400,0.0049,0.5005,1.9000,7.7940,0
16.367,4.4483,0.0049,0.5006,1.9000,7.7858,0
16.383,4.4567,0.0050,0.5007,1.9000,7.7777,0
16.400,4.4650,0.0050,0.5007,1.9000,7.7696,0
16.417,4.4733,0.0050,0.5007,1.9000,7.7615,0
16.433,4.4817,0.0051,0.5008,1.9000,7.7534,0
16.450,4.4900,0.0051,0.5008,1.9000,7.7453,0
16.467,4.4984,0.0052,0.5009,1.9000,7.7372,0
16.483,4.5067,0.0052,0.5009,1.9000,7.7291,0
16.500,4.5151,0.0052,0.5009,1.9000,7.7210,0
16.517,4.5234,0.0053,0.5009,1.9000,7.7129,0
16.533,4.5318,0.0053,0.5009,1.9000,7.7048,0
16.550,4.5401,0.0054,0.5008,1.9000,7.6967,0
16.567,4.5485,0.0054,0.5008,1.9000,7.6886,0
16.583,4.5568,0.0054,0.5008,1.9000,7.6805,0
16.600,4.5652,0.0055,0.5007,1.9000,7.6724,0
16.617,4.5735,0.0055,0.5006,1.9000,7.6643,0
16.633,4.5818,0.0056,0.5006,1.9000,7.6562,0
16.650,4.5902,0.0056,0.5004,1.9000,7.6481,0
16.667,4.5985,0.0056,0.5004,1.9000,7.6401,0
16.683,4.6069,0.0057,0.5003,1.9000,7.6320,0
16.700,4.6152,0.0057,0.5003,1.9000,7.6239,0
16.717,4.6235,0.0058,0.5002,1.9000,7.6158,0
16.733,4.6319,0.0058,0.5001,1.9000,7.6077,0
16.750,4.6402,0.0059,0.5000,1.9000,7.5996,0
16.767,4.6485,0.0059,0.5000,1.9000,7.5915,0
16.783,4.6569,0.0060,0.4999,1.9000,7.5835,0
16.800,4.6652,0.0060,0.4998,1.9000,7.5754,0
16.817,4.6735,0.0060,0.4998,1.9000,7.5673,0
16.833,4.6819,0.0061,0.4999,1.9000,7.5592,0
16.850,4.6902,0.0061,0.4997,1.9000,7.5512,0
16.867,4.6985,0.0062,0.4997,1.9000,7.5431,0
16.883,4.7068,0.0062,0.4997,1.9000,7.5350,0
16.900,4.7152,0.0063,0.4995,1.9000,7.5269,0
16.917,4.7235,0.0063,0.4996,1.9000,7.5189,0
16.933,4.7318,0.0064,0.4995,1.9000,7.5108,0
16.950,4.7401,0.0064,0.4996,1.9000,7.5027,0
16.967,4.7485,0.0064,0.4997,1.9000,7.4947,0
16.983,4.7568,0.0065,0.4998,1.9000,7.4866,0
17.000,4.7651,0.0065,0.4997,1.9000,7.4785,0
17.017,4.7735,0.0066,0.4997,1.9000,7.4705,0
17.033,4.7818,0.0066,0.4999,1.9000,7.4624,0
17.050,4.7901,0.0067,0.5000,1.9000,7.4543,0
17.067,4.7985,0.0067,0.5001,1.9000,7.4463,0
17.083,4.8068,0.0067,0.5000,1.9000,7.4382,0
17.100,4.8151,0.0068,0.5000,1.9000,7.4301,0
17.117,4.8235,0.0068,0.5002,1.9000,7.4220,0
17.133,4.8318,0.0069,0.5003,1.9000,7.4140,0
17.150,4.8401,0.0069,0.5005,1.9000,7.4059,0
17.167,4.8485,0.0069,0.5005,1.9000,7.3978,0
17.183,4.8568,0.0070,0.5006,1.9000,7.3897,0
17.200,4.8652,0.0070,0.5006,1.9000,7.3817,0
17.217,4.8735,0.0071,0.5007,1.9000,7.3736,0
17.233,4.8819,0.0071,0.5007,1.9000,7.3655,0
17.250,4.8902,0.0071,0.5008,1.9000,7.3575,0
17.267,4.8986,0.0072,0.5008,1.9000,7.3494,0
17.283,4.9069,0.0072,0.5008,1.9000,7.3413,0
17.300,4.9153,0.0072,0.5008,1.9000,7.3332,0
17.317,4.9236,0.0073,0.5009,1.9000,7.3252,0
17.333,4.9319,0.0073,0.5009,1.9000,7.3171,0
17.350,4.9403,0.0073,0.5008,1.9000,7.3090,0
17.367,4.9486,0.0074,0.5008,1.9000,7.3009,0
17.383,4.9570,0.0074,0.5007,1.9000,7.2929,0
17.400,4.9653,0.0074,0.5007,1.9000,7.2848,0
17.417,4.9737,0.0075,0.5006,1.9000,7.2767,0
17.433,4.9820,0.0075,0.5007,1.9000,7.2687,0
17.450,4.9904,0.0075,0.5006,1.9000,7.2606,0
17.467,4.9987,0.0076,0.5005,1.9000,7.2525,0
17.483,5.0070,0.0076,0.5003,1.9000,7.2445,0
17.500,5.0154,0.0076,0.5002,1.9000,7.2364,0
17.517,5.0237,0.0077,0.5003,1.9000,7.2284,0
17.533,5.0321,0.0077,0.5002,1.9000,7.2203,0
17.550,5.0404,0.0078,0.5001,1.9000,7.2123,0
17.567,5.0487,0.0078,0.5000,1.9000,7.2042,0
17.583,5.0571,0.0078,0.5000,1.9000,7.1962,0
17.600,5.0654,0.0079,0.4999,1.9000,7.1881,0
17.617,5.0737,0.0079,0.4999,1.9000,7.1801,0
17.633,5.0820,0.0079,0.4998,1.9000,7.1720,0
17.650,5.0904,0.0080,0.4998,1.9000,7.1640,0
17.667,5.0987,0.0080,0.4998,1.9000,7.1559,0
17.683,5.1070,0.0080,0.4996,1.9000,7.1479,0
17.700,5.1154,0.0081,0.4997,1.9000,7.1399,0
17.717,5.1237,0.0081,0.4997,1.9000,7.1318,0
17.733,5.1320,0.0082,0.4997,1.9000,7.1238,0
17.750,5.1403,0.0082,0.4996,1.9000,7.1157,0
17.767,5.1487,0.0082,0.4997,1.9000,7.1077,0
17.783,5.1570,0.0083,0.4997,1.9000,7.0997,0
17.800,5.1653,0.0083,0.4995,1.9000,7.0916,0
17.817,5.1737,0.0083,0.4996,1.9000,7.0836,0
17.833,5.1820,0.0084,0.4999,1.9000,7.0756,0
17.850,5.1903,0.0084,0.4999,1.9000,7.0675,0
17.867,5.1986,0.0084,0.5001,1.9000,7.0595,0
17.883,5.2070,0.0085,0.4999,1.9000,7.0515,0
17.900,5.2153,0.0085,0.5001,1.9000,7.0434,0
17.917,5.2236,0.0085,0.4999,1.9000,7.0354,0
17.933,5.2320,0.0086,0.5001,1.9000,7.0273,0
17.950,5.2403,0.0086,0.5004,1.9000,7.0193,0
17.967,5.2487,0.0086,0.5005,1.9000,7.0113,0
17.983,5.2570,0.0086,0.5005,1.9000,7.0032,0
18.000,5.2653,0.0087,0.5006,1.9000,6.9952,0
18.017,5.2737,0.0087,0.5006,1.9000,6.9872,0
18.033,5.2820,0.0087,0.5007,1.9000,6.9791,0
18.050,5.2904,0.0087,0.5008,1.9000,6.9711,0
18.067,5.2987,0.0088,0.5008,1.9000,6.9630,0
18.083,5.3071,0.0088,0.5009,1.9000,6.9550,0
18.100,5.3154,0.0088,0.5008,1.9000,6.9470,0
18.117,5.3238,0.0088,0.5009,1.9000,6.9389,0
18.133,5.3321,0.0088,0.5009,1.9000,6.9309,0
18.150,5.3405,0.0089,0.5008,1.9000,6.9228,0
18.167,5.3488,0.0089,0.5009,1.9000,6.9148,0
18.183,5.3572,0.0089,0.5009,1.9000,6.9068,0
18.200,5.3655,0.0089,0.5008,1.9000,6.8987,0
18.217,5.3739,0.0090,0.5008,1.9000,6.8907,0
18.233,5.3822,0.0090,0.5006,1.9000,6.8827,0
18.250,5.3905,0.0090,0.5006,1.9000,6.8747,0
18.267,5.3989,0.0090,0.5005,1.9000,6.8666,0
18.283,5.4072,0.0090,0.5004,1.9000,6.8586,0
18.300,5.4156,0.0091,0.5004,1.9000,6.8506,0
18.317,5.4239,0.0091,0.5003,1.9000,6.8426,0
18.333,5.4322,0.0091,0.5003,1.9000,6.8345,0
18.350,5.4406,0.0091,0.5001,1.9000,6.8265,0
18.367,5.4489,0.0091,0.5001,1.9000,6.8185,0
18.383,5.4572,0.0092,0.5000,1.9000,6.8105,0
18.400,5.4656,0.0092,0.4999,1.9000,6.8025,0
18.417,5.4739,0.0092,0.4999,1.9000,6.7945,0
18.433,5.4822,0.0092,0.4998,1.9000,6.7865,0
18.450,5.4906,0.0093,0.4998,1.9000,6.7785,0
18.467,5.4989,0.0093,0.4997,1.9000,6.7705,0
18.483,5.5072,0.0093,0.4998,1.9000,6.7625,0
18.500,5.5156,0.0093,0.4997,1.9000,6.7545,0
18.517,5.5239,0.0094,0.4989,1.9000,6.7465,0
18.533,5.5322,0.0094,0.4989,1.9000,6.7385,0
18.550,5.5405,0.0094,0.4994,1.9000,6.7305,0
18.567,5.5488,0.0094,0.4996,1.9000,6.7225,0
18.583,5.5572,0.0094,0.4997,1.9000,6.7145,0
18.600,5.5655,0.0095,0.4997,1.9000,6.7065,0
18.617,5.5738,0.0095,0.4998,1.9000,6.6985,0
18.633,5.5821,0.0095,0.4999,1.9000,6.6905,0
18.650,5.5905,0.0095,0.4998,1.9000,6.6825,0
18.667,5.5988,0.0095,0.5000,1.9000,6.6745,0
18.683,5.6071,0.0095,0.5000,1.9000,6.6665,0
18.700,5.6155,0.0096,0.5000,1.9000,6.6585,0
18.717,5.6238,0.0096,0.5002,1.9000,6.6505,0
18.733,5.6322,0.0096,0.5003,1.9000,6.6425,0
18.750,5.6405,0.0096,0.5003,1.9000,6.6345,0
18.767,5.6488,0.0096,0.5004,1.9000,6.6265,0
18.783,5.6572,0.0096,0.5005,1.9000,6.6185,0
18.800,5.6655,0.0096,0.5006,1.9000,6.6105,0
18.817,5.6739,0.0096,0.5006,1.9000,6.6025,0
18.833,5.6822,0.0096,0.5006,1.9000,6.5945,0
18.850,5.6905,0.0096,0.5007,1.9000,6.5866,0
18.867,5.6989,0.0097,0.5008,1.9000,6.5786,0
18.883,5.7072,0.0097,0.5009,1.9000,6.5706,0
18.900,5.7156,0.0097,0.5008,1.9000,6.5626,0
18.917,5.7239,0.0097,0.5009,1.9000,6.5546,0
18.933,5.7323,0.0097,0.5008,1.9000,6.5466,0
18.950,5.7406,0.0097,0.5008,1.9000,6.5386,0
18.967,5.7490,0.0097,0.5008,1.9000,6.5306,0
18.983,5.7573,0.0097,0.5007,1.9000,6.5226,0
19.000,5.7657,0.0097,0.5008,1.9000,6.5146,0
19.017,5.7740,0.0097,0.5008,1.9000,6.5066,0
19.033,5.7824,0.0097,0.5007,1.9000,6.4986,0
19.050,5.7907,0.0097,0.5007,1.9000,6.4907,0
19.067,5.7990,0.0097,0.5006,1.9000,6.4827,0
19.083,5.8074,0.0097,0.5006,1.9000,6.4747,0
19.100,5.8157,0.0097,0.5004,1.9000,6.4667,0
19.117,5.8241,0.0097,0.5004,1.9000,6.4587,0
19.133,5.8324,0.0097,0.5003,1.9000,6.4508,0
19.150,5.8407,0.0097,0.5002,1.9000,6.4428,0
19.167,5.8491,0.0097,0.5001,1.9000,6.4348,0
19.183,5.8574,0.0097,0.5000,1.9000,6.4269,0
19.200,5.8657,0.0097,0.5000,1.9000,6.4189,0
19.217,5.8741,0.0097,0.4999,1.9000,6.4109,0
19.233,5.8824,0.0097,0.4999,1.9000,6.4030,0
19.250,5.8907,0.0097,0.4998,1.9000,6.3950,0
19.267,5.8991,0.0097,0.4998,1.9000,6.3871,0
19.283,5.9074,0.0097,0.4998,1.9000,6.3791,0
19.300,5.9157,0.0097,0.4997,1.9000,6.3711,0
19.317,5.9241,0.0097,0.4996,1.9000,6.3632,0
19.333,5.9324,0.0097,0.4995,1.9000,6.3553,0
19.350,5.9407,0.0097,0.4997,1.9000,6.3473,0
19.367,5.9490,0.0097,0.4996,1.9000,6.3394,0
19.383,5.9574,0.0097,0.4997,1.9000,6.3314,0
19.400,5.9657,0.0097,0.4997,1.9000,6.3235,0
19.417,5.9740,0.0097,0.4998,1.9000,6.3155,0
19.433,5.9823,0.0097,0.4997,1.9000,6.3076,0
19.450,5.9907,0.0097,0.4998,1.9000,6.2996,0
19.467,5.9990,0.0096,0.4998,1.9000,6.2917,0
19.483,6.0073,0.0096,0.5000,1.9000,6.2837,0
19.500,6.0157,0.0096,0.5000,1.9000,6.2758,0
19.517,6.0240,0.0096,0.5000,1.9000,6.2679,0
19.533,6.0323,0.0096,0.5001,1.9000,6.2599,0
19.550,6.0407,0.0096,0.5002,1.9000,6.2520,0
19.567,6.0490,0.0095,0.5003,1.9000,6.2440,0
19.583,6.0574,0.0095,0.5004,1.9000,6.2361,0
19.600,6.0657,0.0095,0.5005,1.9000,6.2282,0
19.617,6.0740,0.0095,0.5005,1.9000,6.2202,0
19.633,6.0824,0.0094,0.5006,1.9000,6.2123,0
19.650,6.0907,0.0094,0.5006,1.9000,6.2043,0
19.667,6.0991,0.0094,0.5008,1.9000,6.1964,0
19.683,6.1074,0.0094,0.5008,1.9000,6.1885,0
19.700,6.1158,0.0093,0.5007,1.9000,6.1805,0
19.717,6.1241,0.0093,0.5009,1.9000,6.1726,0
19.733,6.1325,0.0093,0.5008,1.9000,6.1646,0
19.750,6.1408,0.0093,0.5009,1.9000,6.1567,0
19.767,6.1492,0.0092,0.5008,1.9000,6.1488,0
19.783,6.1575,0.0092,0.5008,1.9000,6.1408,0
19.800,6.1658,0.0092,0.5008,1.9000,6.1329,0
19.817,6.1742,0.0091,0.5009,1.9000,6.1250,0
19.833,6.1825,0.0091,0.5008,1.9000,6.1171,0
19.850,6.1909,0.0091,0.5007,1.9000,6.1091,0
19.867,6.1992,0.0090,0.5007,1.9000,6.1012,0
19.883,6.2076,0.0090,0.5006,1.9000,6.0933,0
19.900,6.2159,0.0090,0.5005,1.9000,6.0854,0
19.917,6.2243,0.0089,0.5005,1.9000,6.0774,0
19.933,6.2326,0.0089,0.5004,1.9000,6.0695,0
19.950,6.2409,0.0089,0.5004,1.9000,6.0616,0
19.967,6.2493,0.0088,0.5002,1.9000,6.0537,0
19.983,6.2576,0.0088,0.5001,1.9000,6.0458,0
20.000,6.2659,0.0088,0.5001,1.9000,6.0379,0
20.017,6.2743,0.0087,0.5000,1.9000,6.0300,0
20.033,6.2826,0.0087,0.5000,1.9000,6.0221,0
20.050,6.2909,0.0087,0.4999,1.9000,6.0142,0
20.067,6.2993,0.0086,0.4998,1.9000,6.0063,0
20.083,6.3076,0.0086,0.4997,1.9000,5.9984,0
20.100,6.3159,0.0086,0.4997,1.9000,5.9905,0
20.117,6.3243,0.0085,0.4998,1.9000,5.9826,0
20.133,6.3326,0.0085,0.4997,1.9000,5.9747,0
20.150,6.3409,0.0085,0.4996,1.9000,5.9668,0
20.167,6.3492,0.0084,0.4996,1.9000,5.9590,0
20.183,6.3576,0.0084,0.4996,1.9000,5.9511,0
20.200,6.3659,0.0084,0.4996,1.9000,5.9432,0
20.217,6.3742,0.0083,0.4998,1.9000,5.9353,0
20.233,6.3825,0.0083,0.4997,1.9000,5.9274,0
20.250,6.3909,0.0082,0.4997,1.9000,5.9195,0
20.267,6.3992,0.0082,0.4999,1.9000,5.9117,0
20.283,6.4075,0.0081,0.4997,1.9000,5.9038,0
20.300,6.4159,0.0081,0.4998,1.9000,5.8959,0
20.317,6.4242,0.0080,0.4999,1.9000,5.8880,0
20.333,6.4325,0.0080,0.5001,1.9000,5.8802,0
20.350,6.4409,0.0079,0.5002,1.9000,5.8723,0
20.367,6.4492,0.0079,0.5001,1.9000,5.8644,0
20.383,6.4575,0.0078,0.5003,1.9000,5.8565,0
20.400,6.4659,0.0078,0.5003,1.9000,5.8487,0
20.417,6.4742,0.0077,0.5004,1.9000,5.8408,0
20.433,6.4826,0.0077,0.5004,1.9000,5.8329,0
20.450,6.4909,0.0076,0.5006,1.9000,5.8250,0
20.467,6.4993,0.0076,0.5007,1.9000,5.8172,0
20.483,6.5076,0.0075,0.5006,1.9000,5.8093,0
20.500,6.5159,0.0075,0.5008,1.9000,5.8014,0
20.517,6.5243,0.0074,0.5007,1.9000,5.7936,0
20.533,6.5326,0.0073,0.5008,1.9000,5.7857,0
20.550,6.5410,0.0073,0.5009,1.9000,5.7778,0
20.567,6.5493,0.0072,0.5008,1.9000,5.7700,0
20.583,6.5577,0.0072,0.5010,1.9000,5.7621,0
20.600,6.5660,0.0071,0.5008,1.9000,5.7542,0
20.617,6.5744,0.0070,0.5009,1.9000,5.7464,0
20.633,6.5827,0.0070,0.5008,1.9000,5.7385,0
20.650,6.5911,0.0069,0.5008,1.9000,5.7307,0
20.667,6.5994,0.0069,0.5007,1.9000,5.7228,0
20.683,6.6078,0.0068,0.5007,1.9000,5.7149,0
20.700,6.6161,0.0067,0.5006,1.9000,5.7071,0
20.717,6.6244,0.0067,0.5005,1.9000,5.6992,0
20.733,6.6328,0.0066,0.5005,1.9000,5.6914,0
20.750,6.6411,0.0065,0.5004,1.9000,5.6836,0
20.767,6.6495,0.0065,0.5003,1.9000,5.6757,0
20.783,6.6578,0.0064,0.5003,1.9000,5.6679,0
20.800,6.6661,0.0064,0.5002,1.9000,5.6600,0
20.817,6.6745,0.0063,0.5001,1.9000,5.6522,0
20.833,6.6828,0.0062,0.5000,1.9000,5.6444,0
20.850,6.6911,0.0062,0.4999,1.9000,5.6365,0
20.867,6.6995,0.0061,0.4999,1.9000,5.6287,0
20.883,6.7078,0.0061,0.4998,1.9000,5.6209,0
20.900,6.7161,0.0060,0.4999,1.9000,5.6131,0
20.917,6.7245,0.0059,0.4997,1.9000,5.6053,0
20.933,6.7328,0.0059,0.4998,1.9000,5.5974,0
20.950,6.7411,0.0058,0.4996,1.9000,5.5896,0
20.967,6.7494,0.0058,0.4997,1.9000,5.5818,0
20.983,6.7578,0.0057,0.4997,1.9000,5.5740,0
21.000,6.7661,0.0056,0.4996,1.9000,5.5662,0
21.017,6.7744,0.0056,0.4995,1.9000,5.5584,0
21.033,6.7827,0.0055,0.4994,1.9000,5.5506,0
21.050,6.7911,0.0054,0.4995,1.9000,5.5428,0
21.067,6.7994,0.0054,0.4998,1.9000,5.5350,0
21.083,6.8077,0.0053,0.4999,1.9000,5.5272,0
21.100,6.8161,0.0052,0.4997,1.9000,5.5194,0
21.117,6.8244,0.0052,0.4999,1.9000,5.5116,0
21.133,6.8327,0.0051,0.4998,1.9000,5.5038,0
21.150,6.8411,0.0050,0.5001,1.9000,5.4960,0
21.167,6.8494,0.0050,0.5001,1.9000,5.4882,0
21.183,6.8577,0.0049,0.5002,1.9000,5.4804,0
21.200,6.8661,0.0048,0.5003,1.9000,5.4726,0
21.217,6.8744,0.0047,0.5003,1.9000,5.4648,0
21.233,6.8827,0.0047,0.5004,1.9000,5.4570,0
21.250,6.8911,0.0046,0.5005,1.9000,5.4492,0
21.267,6.8994,0.0045,0.5005,1.9000,5.4414,0
21.283,6.9078,0.0044,0.5006,1.9000,5.4336,0
21.300,6.9161,0.0044,0.5006,1.9000,5.4258,0
21.317,6.9245,0.0043,0.5006,1.9000,5.4180,0
21.333,6.9328,0.0042,0.5008,1.9000,5.4102,0
21.350,6.9411,0.0041,0.5007,1.9000,5.4024,0
21.367,6.9495,0.0040,0.5008,1.9000,5.3947,0
21.383,6.9578,0.0040,0.5009,1.9000,5.3869,0
21.400,6.9662,0.0039,0.5005,1.9000,5.3791,0
21.417,6.9745,0.0038,0.5006,1.9000,5.3713,0
21.433,6.9829,0.0037,0.5006,1.9000,5.3635,0
21.450,6.9912,0.0036,0.5007,1.9000,5.3558,0
21.467,6.9996,0.0035,0.5008,1.9000,5.3480,0
21.483,7.0079,0.0035,0.5007,1.9000,5.3402,0
21.500,7.0162,0.0034,0.5008,1.9000,5.3324,0
21.517,7.0246,0.0033,0.5006,1.9000,5.3247,0
21.533,7.0329,0.0032,0.5006,1.9000,5.3169,0
21.550,7.0413,0.0031,0.5005,1.9000,5.3091,0
21.567,7.0496,0.0031,0.5004,1.9000,5.3014,0
21.583,7.0580,0.0030,0.5004,1.9000,5.2936,0
21.600,7.0663,0.0029,0.5002,1.9000,5.2859,0
21.617,7.0746,0.0028,0.5002,1.9000,5.2781,0
21.633,7.0830,0.0027,0.5001,1.9000,5.2704,0
21.650,7.0913,0.0027,0.5000,1.9000,5.2626,0
21.667,7.0996,0.0026,0.4998,1.9000,5.2549,0
21.683,7.1080,0.0025,0.5000,1.9000,5.2472,0
21.700,7.1163,0.0024,0.4998,1.9000,5.2394,0
21.717,7.1246,0.0023,0.4999,1.9000,5.2317,0
21.733,7.1329,0.0023,0.4997,1.9000,5.2239,0
21.750,7.1413,0.0022,0.4998,1.9000,5.2162,0
21.767,7.1496,0.0021,0.4996,1.9000,5.2085,0
21.783,7.1579,0.0020,0.4998,1.9000,5.2008,0
21.800,7.1663,0.0019,0.4996,1.9000,5.1930,0
21.817,7.1746,0.0019,0.4996,1.9000,5.1853,0
21.833,7.1829,0.0018,0.4995,1.9000,5.1776,0
21.850,7.1912,0.0017,0.4995,1.9000,5.1699,0
21.867,7.1996,0.0016,0.4996,1.9000,5.1622,0
21.883,7.2079,0.0015,0.4997,1.9000,5.1545,0
21.900,7.2162,0.0015,0.4998,1.9000,5.1468,0
21.917,7.2245,0.0014,0.4998,1.9000,5.1390,0
21.933,7.2329,0.0013,0.4999,1.9000,5.1313,0
21.950,7.2412,0.0012,0.5000,1.9000,5.1236,0
21.967,7.2495,0.0011,0.5001,1.9000,5.1159,0
21.983,7.2579,0.0010,0.5001,1.9000,5.1082,0
22.000,7.2662,0.0009,0.5003,1.9000,5.1005,0
22.017,7.2746,0.0008,0.5003,1.9000,5.0928,0
22.033,7.2829,0.0008,0.5004,1.9000,5.0851,0
22.050,7.2912,0.0007,0.5005,1.9000,5.0774,0
22.067,7.2996,0.0006,0.5005,1.9000,5.0697,0
22.083,7.3079,0.0005,0.5006,1.9000,5.0620,0
22.100,7.3163,0.0004,0.5006,1.9000,5.0543,0
22.117,7.3246,0.0003,0.5006,1.9000,5.0466,0
22.133,7.3330,0.0002,0.5007,1.9000,5.0389,0
22.150,7.3413,0.0001,0.5008,1.9000,5.0312,0
22.167,7.3496,0.0000,0.5009,1.9000,5.0235,0
22.183,7.3580,-0.0001,0.5005,1.9000,5.0158,0
22.200,7.3663,-0.0002,0.5008,1.9000,5.0081,0
22.217,7.3747,-0.0003,0.5007,1.9000,5.0005,0
22.233,7.3830,-0.0004,0.5009,1.9000,4.9928,0
22.250,7.3914,-0.0005,0.5009,1.9000,4.9851,0
22.267,7.3997,-0.0006,0.5007,1.9000,4.9774,0
22.283,7.4081,-0.0007,0.5008,1.9000,4.9697,0
22.300,7.4164,-0.0008,0.5007,1.9000,4.9621,0
22.317,7.4248,-0.0009,0.5008,1.9000,4.9544,0
22.333,7.4331,-0.0010,0.5007,1.9000,4.9467,0
22.350,7.4414,-0.0011,0.5006,1.9000,4.9391,0
22.367,7.4498,-0.0011,0.5005,1.9000,4.9314,0
22.383,7.4581,-0.0012,0.5004,1.9000,4.9238,0
22.400,7.4665,-0.0013,0.5004,1.9000,4.9161,0
22.417,7.4748,-0.0014,0.5003,1.9000,4.9084,0
22.433,7.4831,-0.0015,0.5003,1.9000,4.9008,0
22.450,7.4915,-0.0016,0.5001,1.9000,4.8932,0
22.467,7.4998,-0.0017,0.5001,1.9000,4.8855,0
22.483,7.5081,-0.0018,0.5001,1.9000,4.8779,0
22.500,7.5165,-0.0019,0.5000,1.9000,4.8702,0
22.517,7.5248,-0.0020,0.4998,1.9000,4.8626,0
22.533,7.5331,-0.0021,0.4998,1.9000,4.8550,0
22.550,7.5415,-0.0022,0.4998,1.9000,4.8474,0
22.567,7.5498,-0.0023,0.4997,1.9000,4.8397,0
22.583,7.5581,-0.0024,0.4996,1.9000,4.8321,0
22.600,7.5664,-0.0025,0.4996,1.9000,4.8245,0
22.617,7.5748,-0.0026,0.4997,1.9000,4.8169,0
22.633,7.5831,-0.0027,0.4996,1.9000,4.8093,0
22.650,7.5914,-0.0028,0.4996,1.9000,4.8017,0
22.667,7.5997,-0.0028,0.4997,1.9000,4.7941,0
22.683,7.6081,-0.0029,0.4997,1.9000,4.7865,0
22.700,7.6164,-0.0030,0.4996,1.9000,4.7789,0
22.717,7.6247,-0.0031,0.4999,1.9000,4.7713,0
22.733,7.6331,-0.0032,0.4998,1.9000,4.7637,0
22.750,7.6414,-0.0033,0.4999,1.9000,4.7561,0
22.767,7.6497,-0.0034,0.5000,1.9000,4.7485,0
22.783,7.6581,-0.0035,0.5000,1.9000,4.7409,0
22.800,7.6664,-0.0036,0.5001,1.9000,4.7333,0
22.817,7.6747,-0.0037,0.5002,1.9000,4.7257,0
22.833,7.6831,-0.0038,0.5003,1.9000,4.7181,0
22.850,7.6914,-0.0039,0.5004,1.9000,4.7105,0
22.867,7.6997,-0.0041,0.5004,1.9000,4.7029,0
22.883,7.7081,-0.0042,0.5005,1.9000,4.6954,0
22.900,7.7164,-0.0043,0.5005,1.9000,4.6878,0
22.917,7.7248,-0.0044,0.5005,1.9000,4.6802,0
22.933,7.7331,-0.0045,0.5008,1.9000,4.6726,0
22.950,7.7415,-0.0046,0.5007,1.9000,4.6650,0
22.967,7.7498,-0.0047,0.5007,1.9000,4.6575,0
22.983,7.7582,-0.0048,0.5009,1.9000,4.6499,0
23.000,7.7665,-0.0049,0.5007,1.9000,4.6423,0
23.017,7.7748,-0.0050,0.5010,1.9000,4.6348,0
23.033,7.7832,-0.0051,0.5007,1.9000,4.6272,0
23.050,7.7915,-0.0052,0.5008,1.9000,4.6196,0
23.067,7.7999,-0.0053,0.5008,1.9000,4.6121,0
23.083,7.8082,-0.0055,0.5006,1.9000,4.6045,0
23.100,7.8166,-0.0056,0.5006,1.9000,4.5970,0
23.117,7.8249,-0.0057,0.5008,1.9000,4.5894,0
23.133,7.8333,-0.0058,0.5007,1.9000,4.5819,0
23.150,7.8416,-0.0059,0.5008,1.9000,4.5744,0
23.167,7.8499,-0.0060,0.5007,1.9000,4.5668,0
23.183,7.8583,-0.0061,0.5004,1.9000,4.5593,0
23.200,7.8666,-0.0062,0.5004,1.9000,4.5518,0
23.217,7.8750,-0.0063,0.5002,1.9000,4.5442,0
23.233,7.8833,-0.0065,0.5003,1.9000,4.5367,0
23.250,7.8916,-0.0066,0.5002,1.9000,4.5292,0
23.267,7.9000,-0.0067,0.5001,1.9000,4.5217,0
23.283,7.9083,-0.0068,0.5001,1.9000,4.5142,0
23.300,7.9166,-0.0069,0.5001,1.9000,4.5067,0
23.317,7.9250,-0.0070,0.5000,1.9000,4.4992,0
23.333,7.9333,-0.0071,0.4999,1.9000,4.4917,0
23.350,7.9416,-0.0072,0.4996,1.9000,4.4842,0
23.367,7.9500,-0.0073,0.4999,1.9000,4.4767,0
23.383,7.9583,-0.0074,0.4997,1.9000,4.4692,0
23.400,7.9666,-0.0075,0.4997,1.9000,4.4617,0
23.417,7.9749,-0.0076,0.4995,1.9000,4.4542,0
23.433,7.9833,-0.0077,0.4995,1.9000,4.4468,0
23.450,7.9916,-0.0078,0.4993,1.9000,4.4393,0
23.467,7.9999,-0.0080,0.4995,1.9000,4.4318,0
23.483,8.0082,-0.0081,0.4996,1.9000,4.4244,0
23.500,8.0166,-0.0082,0.4997,1.9000,4.4169,0
23.517,8.0249,-0.0083,0.4998,1.9000,4.4094,0
23.533,8.0332,-0.0084,0.4992,1.9000,4.4020,0
23.550,8.0415,-0.0085,0.4994,1.9000,4.3945,0
23.567,8.0499,-0.0086,0.4998,1.9000,4.3871,0
23.583,8.0582,-0.0087,0.5002,1.9000,4.3796,0
23.600,8.0665,-0.0089,0.5000,1.9000,4.3722,0
23.617,8.0749,-0.0090,0.5001,1.9000,4.3647,0
23.633,8.0832,-0.0091,0.5003,1.9000,4.3573,0
23.650,8.0915,-0.0092,0.5003,1.9000,4.3498,0
23.667,8.0999,-0.0093,0.5003,1.9000,4.3424,0
23.683,8.1082,-0.0094,0.5004,1.9000,4.3350,0
23.700,8.1166,-0.0096,0.5004,1.9000,4.3275,0
23.717,8.1249,-0.0097,0.5006,1.9000,4.3201,0
23.733,8.1332,-0.0098,0.5007,1.9000,4.3127,0
23.750,8.1416,-0.0099,0.5007,1.9000,4.3053,0
23.767,8.1499,-0.0100,0.5006,1.9000,4.2978,0
23.783,8.1583,-0.0102,0.5006,1.9000,4.2904,0
23.800,8.1666,-0.0103,0.5008,1.9000,4.2830,0
23.817,8.1750,-0.0104,0.5008,1.9000,4.2756,0
23.833,8.1833,-0.0105,0.5008,1.9000,4.2682,0
23.850,8.1917,-0.0106,0.5010,1.9000,4.2608,0
23.867,8.2000,-0.0108,0.5007,1.9000,4.2534,0
23.883,8.2083,-0.0109,0.5010,1.9000,4.2460,0
23.900,8.2167,-0.0110,0.5008,1.9000,4.2386,0
23.917,8.2250,-0.0111,0.5008,1.9000,4.2312,0
23.933,8.2334,-0.0113,0.5007,1.9000,4.2238,0
23.950,8.2417,-0.0114,0.5008,1.9000,4.2164,0
23.967,8.2501,-0.0115,0.5007,1.9000,4.2090,0
23.983,8.2584,-0.0116,0.5006,1.9000,4.2016,0
24.000,8.2668,-0.0118,0.5006,1.9000,4.1943,0
24.017,8.2751,-0.0119,0.5003,1.9000,4.1869,0
24.033,8.2834,-0.0120,0.5004,1.9000,4.1795,0
24.050,8.2918,-0.0121,0.5003,1.9000,4.1722,0
24.067,8.3001,-0.0122,0.5001,1.9000,4.1648,0
24.083,8.3084,-0.0124,0.5002,1.9000,4.1575,0
24.100,8.3168,-0.0125,0.5000,1.9000,4.1501,0
24.117,8.3251,-0.0126,0.4999,1.9000,4.1428,0
24.133,8.3334,-0.0127,0.4998,1.9000,4.1355,0
24.150,8.3418,-0.0128,0.4998,1.9000,4.1282,0
24.167,8.3501,-0.0130,0.4999,1.9000,4.1208,0
24.183,8.3584,-0.0131,0.4996,1.9000,4.1135,0
24.200,8.3667,-0.0132,0.4998,1.9000,4.1062,0
24.217,8.3751,-0.0133,0.4996,1.9000,4.0989,0
24.233,8.3834,-0.0134,0.4996,1.9000,4.0916,0
24.250,8.3917,-0.0136,0.4997,1.9000,4.0843,0
24.267,8.4001,-0.0137,0.4996,1.9000,4.0770,0
24.283,8.4084,-0.0138,0.4995,1.9000,4.0697,0
24.300,8.4167,-0.0139,0.4996,1.9000,4.0624,0
24.317,8.4250,-0.0141,0.4996,1.9000,4.0551,0
24.333,8.4334,-0.0142,0.4998,1.9000,4.0478,0
24.350,8.4417,-0.0143,0.4998,1.9000,4.0406,0
24.367,8.4500,-0.0144,0.4998,1.9000,4.0333,0
24.383,8.4583,-0.0146,0.4998,1.9000,4.0260,0
24.400,8.4667,-0.0147,0.4996,1.9000,4.0188,0
24.417,8.4750,-0.0148,0.4998,1.9000,4.0115,0
24.433,8.4833,-0.0149,0.5001,1.9000,4.0042,0
24.450,8.4917,-0.0151,0.5001,1.9000,3.9970,0
24.467,8.5000,-0.0152,0.5002,1.9000,3.9897,0
24.483,8.5083,-0.0153,0.5002,1.9000,3.9825,0
24.500,8.5167,-0.0155,0.5003,1.9000,3.9752,0
24.517,8.5250,-0.0156,0.5006,1.9000,3.9680,0
24.533,8.5334,-0.0157,0.5005,1.9000,3.9608,0
24.550,8.5417,-0.0159,0.5006,1.9000,3.9535,0
24.567,8.5500,-0.0160,0.5007,1.9000,3.9463,0
24.583,8.5584,-0.0161,0.5006,1.9000,3.9391,0
24.600,8.5667,-0.0163,0.5007,1.9000,3.9319,0
24.617,8.5751,-0.0164,0.5007,1.9000,3.9246,0
24.633,8.5834,-0.0166,0.5009,1.9000,3.9174,0
24.650,8.5918,-0.0167,0.5009,1.9000,3.9102,0
24.667,8.6001,-0.0168,0.5009,1.9000,3.9030,0
24.683,8.6085,-0.0170,0.5009,1.9000,3.8958,0
24.700,8.6168,-0.0171,0.5010,1.9000,3.8886,0
24.717,8.6252,-0.0173,0.5009,1.9000,3.8814,0
24.733,8.6335,-0.0174,0.5007,1.9000,3.8742,0
24.750,8.6419,-0.0175,0.5007,1.9000,3.8671,0
24.767,8.6502,-0.0177,0.5007,1.9000,3.8599,0
24.783,8.6585,-0.0178,0.5007,1.9000,3.8527,0
24.800,8.6669,-0.0180,0.5006,1.9000,3.8455,0
24.817,8.6752,-0.0181,0.5003,1.9000,3.8384,0
24.833,8.6836,-0.0182,0.5004,1.9000,3.8312,0
24.850,8.6919,-0.0184,0.5004,1.9000,3.8241,0
24.867,8.7002,-0.0185,0.5005,1.9000,3.8170,0
24.883,8.7086,-0.0187,0.5002,1.9000,3.8098,0
24.900,8.7169,-0.0188,0.5002,1.9000,3.8027,0
24.917,8.7252,-0.0189,0.4999,1.9000,3.7956,0
24.933,8.7336,-0.0191,0.4999,1.9000,3.7885,0
24.950,8.7419,-0.0192,0.4999,1.9000,3.7813,0
24.967,8.7502,-0.0193,0.5000,1.9000,3.7742,0
24.983,8.7586,-0.0195,0.4997,1.9000,3.7671,0
25.000,8.7669,-0.0196,0.4997,1.9000,3.7600,0
25.017,8.7752,-0.0198,0.4997,1.9000,3.7530,0
25.033,8.7835,-0.0199,0.4998,1.9000,3.7459,0
25.050,8.7919,-0.0200,0.4996,1.9000,3.7388,0
25.067,8.8002,-0.0202,0.4997,1.9000,3.7317,0
25.083,8.8085,-0.0203,0.4995,1.9000,3.7247,0
25.100,8.8168,-0.0204,0.4996,1.9000,3.7176,0
25.117,8.8252,-0.0206,0.4995,1.9000,3.7105,0
25.133,8.8335,-0.0207,0.4995,1.9000,3.7035,0
25.150,8.8418,-0.0209,0.4997,1.9000,3.6965,0
25.167,8.8502,-0.0210,0.4999,1.9000,3.6894,0
25.183,8.8585,-0.0211,0.4997,1.9000,3.6824,0
25.200,8.8668,-0.0213,0.5000,1.9000,3.6753,0
25.217,8.8751,-0.0214,0.4999,1.9000,3.6683,0
25.233,8.8835,-0.0216,0.5002,1.9000,3.6613,0
25.250,8.8918,-0.0217,0.5001,1.9000,3.6543,0
25.267,8.9001,-0.0218,0.5000,1.9000,3.6473,0
25.283,8.9085,-0.0220,0.5004,1.9000,3.6403,0
25.300,8.9168,-0.0221,0.5001,1.9000,3.6333,0
25.317,8.9252,-0.0223,0.5002,1.9000,3.6263,0
25.333,8.9335,-0.0224,0.5005,1.9000,3.6193,0
25.350,8.9418,-0.0226,0.5005,1.9000,3.6123,0
25.367,8.9502,-0.0227,0.5008,1.9000,3.6053,0
25.383,8.9585,-0.0229,0.5007,1.9000,3.5983,0
25.400,8.9669,-0.0230,0.5008,1.9000,3.5914,0
25.417,8.9752,-0.0231,0.5008,1.9000,3.5844,0
25.433,8.9836,-0.0233,0.5007,1.9000,3.5774,0
25.450,8.9919,-0.0234,0.5009,1.9000,3.5705,0
25.467,9.0002,-0.0236,0.5008,1.9000,3.5635,0
25.483,9.0086,-0.0237,0.5009,1.9000,3.5566,0
25.500,9.0169,-0.0239,0.5010,1.9000,3.5496,0
25.517,9.0253,-0.0240,0.5009,1.9000,3.5427,0
25.533,9.0336,-0.0242,0.5009,1.9000,3.5358,0
25.550,9.0420,-0.0243,0.5008,1.9000,3.5289,0
25.567,9.0503,-0.0245,0.5008,1.9000,3.5220,0
25.583,9.0587,-0.0246,0.5006,1.9000,3.5151,0
25.600,9.0670,-0.0248,0.5007,1.9000,3.5082,0
25.617,9.0753,-0.0249,0.5006,1.9000,3.5013,0
25.633,9.0837,-0.0250,0.5005,1.9000,3.4944,0
25.650,9.0920,-0.0252,0.5005,1.9000,3.4875,0
25.667,9.1004,-0.0253,0.5002,1.9000,3.4806,0
25.683,9.1087,-0.0255,0.5003,1.9000,3.4738,0
25.700,9.1170,-0.0256,0.5002,1.9000,3.4669,0
25.717,9.1254,-0.0257,0.5002,1.9000,3.4601,0
25.733,9.1337,-0.0259,0.5001,1.9000,3.4532,0
25.750,9.1420,-0.0260,0.5001,1.9000,3.4464,0
25.767,9.1504,-0.0262,0.5000,1.9000,3.4395,0
25.783,9.1587,-0.0263,0.4999,1.9000,3.4327,0
25.800,9.1670,-0.0264,0.4998,1.9000,3.4259,0
25.817,9.1754,-0.0266,0.4998,1.9000,3.4191,0
25.833,9.1837,-0.0267,0.4998,1.9000,3.4123,0
25.850,9.1920,-0.0268,0.4995,1.9000,3.4055,0
25.867,9.2003,-0.0270,0.4995,1.9000,3.3987,0
25.883,9.2087,-0.0271,0.4994,1.9000,3.3920,0
25.900,9.2170,-0.0272,0.4995,1.9000,3.3852,0
25.917,9.2253,-0.0274,0.4995,1.9000,3.3784,0
25.933,9.2336,-0.0275,0.4997,1.9000,3.3717,0
25.950,9.2420,-0.0276,0.4997,1.9000,3.3649,0
25.967,9.2503,-0.0278,0.4998,1.9000,3.3582,0
25.983,9.2586,-0.0279,0.4998,1.9000,3.3514,0
26.000,9.2669,-0.0280,0.4998,1.9000,3.3447,0
26.017,9.2753,-0.0282,0.4999,1.9000,3.3380,0
26.033,9.2836,-0.0283,0.5002,1.9000,3.3312,0
26.050,9.2919,-0.0284,0.5001,1.9000,3.3245,0
26.067,9.3003,-0.0286,0.5002,1.9000,3.3178,0
26.083,9.3086,-0.0287,0.5003,1.9000,3.3111,0
26.100,9.3170,-0.0288,0.5003,1.9000,3.3044,0
26.117,9.3253,-0.0290,0.5005,1.9000,3.2977,0
26.133,9.3336,-0.0291,0.5005,1.9000,3.2910,0
26.150,9.3420,-0.0293,0.5005,1.9000,3.2844,0
26.167,9.3503,-0.0294,0.5003,1.9000,3.2777,0
26.183,9.3587,-0.0295,0.5004,1.9000,3.2710,0
26.200,9.3670,-0.0296,0.5008,1.9000,3.2644,0
26.217,9.3753,-0.0298,0.5007,1.9000,3.2577,0
26.233,9.3837,-0.0299,0.5005,1.9000,3.2511,0
26.250,9.3920,-0.0300,0.5006,1.9000,3.2445,0
26.267,9.4004,-0.0302,0.5007,1.9000,3.2378,0
26.283,9.4087,-0.0303,0.5010,1.9000,3.2312,0
26.300,9.4171,-0.0304,0.5008,1.9000,3.2246,0
26.317,9.4254,-0.0306,0.5009,1.9000,3.2180,0
26.333,9.4338,-0.0307,0.5009,1.9000,3.2114,0
26.350,9.4421,-0.0308,0.5009,1.9000,3.2048,0
26.367,9.4505,-0.0309,0.5008,1.9000,3.1982,0
26.383,9.4588,-0.0311,0.5007,1.9000,3.1917,0
26.400,9.4671,-0.0312,0.5009,1.9000,3.1851,0
26.417,9.4755,-0.0313,0.5004,1.9000,3.1785,0
26.433,9.4838,-0.0314,0.5005,1.9000,3.1720,0
26.450,9.4922,-0.0315,0.5003,1.9000,3.1655,0
26.467,9.5005,-0.0317,0.5004,1.9000,3.1589,0
26.483,9.5088,-0.0318,0.5004,1.9000,3.1524,0
26.500,9.5172,-0.0319,0.5003,1.9000,3.1459,0
26.517,9.5255,-0.0320,0.5002,1.9000,3.1394,0
26.533,9.5338,-0.0321,0.5001,1.9000,3.1329,0
26.550,9.5422,-0.0322,0.5001,1.9000,3.1264,0
26.567,9.5505,-0.0323,0.5000,1.9000,3.1199,0
26.583,9.5588,-0.0325,0.4999,1.9000,3.1135,0
26.600,9.5672,-0.0326,0.4999,1.9000,3.1070,0
26.617,9.5755,-0.0327,0.4997,1.9000,3.1005,0
26.633,9.5838,-0.0328,0.4999,1.9000,3.0941,0
26.650,9.5922,-0.0329,0.4998,1.9000,3.0877,0
26.667,9.6005,-0.0330,0.4996,1.9000,3.0813,0
26.683,9.6088,-0.0331,0.4997,1.9000,3.0748,0
26.700,9.6171,-0.0332,0.4997,1.9000,3.0684,0
26.717,9.6255,-0.0333,0.4996,1.9000,3.0620,0
26.733,9.6338,-0.0334,0.4997,1.9000,3.0557,0
26.750,9.6421,-0.0335,0.4996,1.9000,3.0493,0
26.767,9.6505,-0.0336,0.4997,1.9000,3.0429,0
26.783,9.6588,-0.0337,0.4998,1.9000,3.0365,0
26.800,9.6671,-0.0338,0.4999,1.9000,3.0302,0
26.817,9.6754,-0.0339,0.4999,1.9000,3.0238,0
26.833,9.6838,-0.0340,0.5000,1.9000,3.0175,0
26.850,9.6921,-0.0341,0.5000,1.9000,3.0112,0
26.867,9.7004,-0.0343,0.4997,1.9000,3.0049,0
26.883,9.7088,-0.0344,0.4999,1.9000,2.9986,0
26.900,9.7171,-0.0345,0.5000,1.9000,2.9923,0
26.917,9.7254,-0.0346,0.5001,1.9000,2.9860,0
26.933,9.7338,-0.0347,0.5000,1.9000,2.9797,0
26.950,9.7421,-0.0348,0.5001,1.9000,2.9735,0
26.967,9.7504,-0.0349,0.5004,1.9000,2.9672,0
26.983,9.7588,-0.0350,0.5007,1.9000,2.9610,0
27.000,9.7671,-0.0351,0.5007,1.9000,2.9547,0
27.017,9.7755,-0.0352,0.5008,1.9000,2.9485,0
27.033,9.7838,-0.0353,0.5007,1.9000,2.9423,0
27.050,9.7922,-0.0354,0.5009,1.9000,2.9361,0
27.067,9.8005,-0.0355,0.5009,1.9000,2.9298,0
27.083,9.8089,-0.0356,0.5010,1.9000,2.9237,0
27.100,9.8172,-0.0357,0.5008,1.9000,2.9175,0
27.117,9.8256,-0.0358,0.5009,1.9000,2.9113,0
27.133,9.8339,-0.0359,0.5007,1.9000,2.9051,0
27.150,9.8423,-0.0360,0.5009,1.9000,2.8990,0
27.167,9.8506,-0.0361,0.5009,1.9000,2.8928,0
27.183,9.8590,-0.0362,0.5008,1.9000,2.8867,0
27.200,9.8673,-0.0363,0.5007,1.9000,2.8806,0
27.217,9.8756,-0.0364,0.5007,1.9000,2.8745,0
27.233,9.8840,-0.0365,0.5007,1.9000,2.8684,0
27.250,9.8923,-0.0366,0.5007,1.9000,2.8623,0
27.267,9.9007,-0.0367,0.5004,1.9000,2.8562,0
27.283,9.9090,-0.0368,0.5004,1.9000,2.8501,0
27.300,9.9173,-0.0369,0.5004,1.9000,2.8441,0
27.317,9.9257,-0.0369,0.5002,1.9000,2.8380,0
27.333,9.9340,-0.0370,0.5004,1.9000,2.8320,0
27.350,9.9424,-0.0371,0.5002,1.9000,2.8260,0
27.367,9.9507,-0.0372,0.5000,1.9000,2.8200,0
27.383,9.9590,-0.0372,0.5001,1.9000,2.8140,0
27.400,9.9674,-0.0373,0.4999,1.9000,2.8080,0
27.417,9.9757,-0.0374,0.4998,1.9000,2.8020,0
27.433,9.9840,-0.0375,0.4998,1.9000,2.7961,0
27.450,9.9924,-0.0375,0.4999,1.9000,2.7901,0
27.467,10.0007,-0.0376,0.4997,1.9000,2.7842,0
27.483,10.0090,-0.0376,0.4998,1.9000,2.7782,0
27.500,10.0173,-0.0377,0.4997,1.9000,2.7723,0
27.517,10.0257,-0.0378,0.4998,1.9000,2.7664,0
27.533,10.0340,-0.0378,0.4997,1.9000,2.7605,0
27.550,10.0423,-0.0379,0.4997,1.9000,2.7546,0
27.567,10.0507,-0.0379,0.4997,1.9000,2.7487,0
27.583,10.0590,-0.0380,0.4997,1.9000,2.7429,0
27.600,10.0673,-0.0380,0.4998,1.9000,2.7370,0
27.617,10.0756,-0.0381,0.4999,1.9000,2.7312,0
27.633,10.0840,-0.0381,0.5000,1.9000,2.7253,0
27.650,10.0923,-0.0382,0.5002,1.9000,2.7195,0
27.667,10.1006,-0.0382,0.4998,1.9000,2.7137,0
27.683,10.1090,-0.0383,0.5001,1.9000,2.7079,0
27.700,10.1173,-0.0383,0.5004,1.9000,2.7021,0
27.717,10.1257,-0.0383,0.5008,1.9000,2.6964,0
27.733,10.1340,-0.0384,0.5006,1.9000,2.6906,0
27.750,10.1424,-0.0384,0.5008,1.9000,2.6848,0
27.767,10.1507,-0.0385,0.5009,1.9000,2.6791,0
27.783,10.1590,-0.0385,0.5007,1.9000,2.6734,0
27.800,10.1674,-0.0385,0.5011,1.9000,2.6676,0
27.817,10.1758,-0.0386,0.5010,1.9000,2.6619,0
27.833,10.1841,-0.0386,0.5008,1.9000,2.6562,0
27.850,10.1924,-0.0386,0.5011,1.9000,2.6506,0
27.867,10.2008,-0.0386,0.5009,1.9000,2.6449,0
27.883,10.2091,-0.0386,0.5009,1.9000,2.6392,0
27.900,10.2175,-0.0387,0.5010,1.9000,2.6336,0
27.917,10.2258,-0.0387,0.5011,1.9000,2.6279,0
27.933,10.2342,-0.0387,0.5009,1.9000,2.6223,0
27.950,10.2425,-0.0387,0.5010,1.9000,2.6167,0
27.967,10.2509,-0.0387,0.5010,1.9000,2.6111,0
27.983,10.2592,-0.0387,0.5009,1.9000,2.6055,0
28.000,10.2676,-0.0387,0.5009,1.9000,2.6000,0
28.017,10.2759,-0.0387,0.5007,1.9000,2.5944,0
28.033,10.2843,-0.0387,0.5006,1.9000,2.5889,0
28.050,10.2926,-0.0387,0.5007,1.9000,2.5833,0
28.067,10.3010,-0.0387,0.5006,1.9000,2.5778,0
28.083,10.3093,-0.0386,0.5002,1.9000,2.5723,0
28.100,10.3176,-0.0386,0.4999,1.9000,2.5668,0
28.117,10.3260,-0.0386,0.5002,1.9000,2.5613,0
28.133,10.3343,-0.0385,0.5003,1.9000,2.5559,0
28.150,10.3426,-0.0385,0.5002,1.9000,2.5504,0
28.167,10.3510,-0.0385,0.5001,1.9000,2.5450,0
28.183,10.3593,-0.0384,0.5001,1.9000,2.5396,0
28.200,10.3677,-0.0384,0.4999,1.9000,2.5341,0
28.217,10.3760,-0.0383,0.4998,1.9000,2.5288,0
28.233,10.3843,-0.0383,0.4998,1.9000,2.5234,0
28.250,10.3926,-0.0382,0.4999,1.9000,2.5180,0
28.267,10.4010,-0.0382,0.4997,1.9000,2.5126,0
28.283,10.4093,-0.0381,0.4997,1.9000,2.5073,0
28.300,10.4176,-0.0380,0.4999,1.9000,2.5020,0
28.317,10.4260,-0.0380,0.4998,1.9000,2.4967,0
28.333,10.4343,-0.0379,0.4997,1.9000,2.4914,0
28.350,10.4426,-0.0378,0.4997,1.9000,2.4861,0
28.367,10.4509,-0.0377,0.4998,1.9000,2.4808,0
28.383,10.4593,-0.0376,0.5002,1.9000,2.4755,0
28.400,10.4676,-0.0376,0.5001,1.9000,2.4703,0
28.417,10.4760,-0.0375,0.5001,1.9000,2.4651,0
28.433,10.4843,-0.0374,0.5001,1.9000,2.4598,0
28.450,10.4926,-0.0373,0.5000,1.9000,2.4546,0
28.467,10.5010,-0.0372,0.5004,1.8800,2.4337,1
28.483,10.5093,-0.0371,0.5002,1.8600,2.4127,1
28.500,10.5176,-0.0370,0.5005,1.8400,2.3917,1
28.517,10.5260,-0.0369,0.5006,1.8200,2.3708,1
28.533,10.5343,-0.0367,0.5009,1.8000,2.3499,1
28.550,10.5427,-0.0366,0.5007,1.7800,2.3289,1
28.567,10.5510,-0.0365,0.5013,1.7600,2.3080,1
28.583,10.5594,-0.0364,0.5011,1.7400,2.2871,1
28.600,10.5677,-0.0363,0.5013,1.7200,2.2662,1
28.617,10.5761,-0.0361,0.5013,1.7000,2.2454,1
28.633,10.5844,-0.0360,0.5014,1.6800,2.2245,1
28.650,10.5928,-0.0359,0.5014,1.6600,2.2037,1
28.667,10.6011,-0.0357,0.5012,1.6400,2.1829,1
28.683,10.6095,-0.0356,0.5009,1.6200,2.1621,1
28.700,10.6178,-0.0354,0.5008,1.6000,2.1413,1
28.717,10.6262,-0.0353,0.5010,1.5800,2.1205,1
28.733,10.6345,-0.0351,0.5009,1.5600,2.0997,1
28.750,10.6429,-0.0349,0.5009,1.5400,2.0790,1
28.767,10.6512,-0.0348,0.5010,1.5200,2.0583,1
28.783,10.6596,-0.0346,0.5009,1.5000,2.0376,1
28.800,10.6679,-0.0344,0.5008,1.4800,2.0169,1
28.817,10.6763,-0.0342,0.5008,1.4600,1.9963,1
28.833,10.6846,-0.0341,0.5007,1.4400,1.9756,1
28.850,10.6929,-0.0339,0.5006,1.4200,1.9550,1
28.867,10.7013,-0.0337,0.5006,1.4000,1.9344,1
28.883,10.7096,-0.0335,0.5005,1.3800,1.9139,1
28.900,10.7180,-0.0333,0.5004,1.3600,1.8933,1
28.917,10.7263,-0.0330,0.5004,1.3400,1.8728,1
28.933,10.7346,-0.0328,0.5003,1.3200,1.8524,1
28.950,10.7430,-0.0326,0.5002,1.3000,1.8319,1
28.967,10.7513,-0.0324,0.5001,1.2800,1.8115,1
28.983,10.7596,-0.0321,0.5000,1.2600,1.7911,1
29.000,10.7680,-0.0319,0.5000,1.2400,1.7708,1
29.017,10.7763,-0.0316,0.4998,1.2200,1.7504,1
29.033,10.7846,-0.0314,0.5000,1.2000,1.7302,1
29.050,10.7930,-0.0311,0.4999,1.1800,1.7099,1
29.067,10.8013,-0.0309,0.4998,1.1600,1.6897,1
29.083,10.8096,-0.0306,0.4998,1.1400,1.6695,1
29.100,10.8179,-0.0303,0.5000,1.1200,1.6494,1
29.117,10.8263,-0.0301,0.4998,1.1000,1.6293,1
29.133,10.8346,-0.0298,0.4998,1.0800,1.6093,1
29.150,10.8429,-0.0295,0.4999,1.0600,1.5893,1
29.167,10.8512,-0.0292,0.4997,1.0400,1.5694,1
29.183,10.8596,-0.0289,0.5003,1.0200,1.5495,1
29.200,10.8679,-0.0286,0.4996,1.0000,1.5296,1
29.217,10.8762,-0.0283,0.4997,0.9800,1.5098,1
29.233,10.8845,-0.0280,0.4997,0.9600,1.4901,1
29.250,10.8929,-0.0277,0.4998,0.9400,1.4704,1
29.267,10.9012,-0.0274,0.4998,0.9200,1.4508,1
29.283,10.9095,-0.0271,0.5000,0.9000,1.4313,1
29.300,10.9178,-0.0268,0.5004,0.8800,1.4118,1
29.317,10.9262,-0.0264,0.5004,0.8600,1.3924,1
29.333,10.9345,-0.0261,0.5002,0.8400,1.3731,1
29.350,10.9428,-0.0258,0.4999,0.8200,1.3539,1
29.367,10.9512,-0.0254,0.5005,0.8000,1.3347,1
29.383,10.9595,-0.0251,0.5008,0.7800,1.3156,1
29.400,10.9678,-0.0247,0.5007,0.7600,1.2966,1
29.417,10.9762,-0.0244,0.5006,0.7400,1.2777,1
29.433,10.9845,-0.0240,0.5007,0.7200,1.2589,1
29.450,10.9929,-0.0236,0.5008,0.7000,1.2402,1
29.467,11.0012,-0.0233,0.5006,0.6800,1.2216,1
29.483,11.0095,-0.0229,0.5009,0.6600,1.2031,1
29.500,11.0179,-0.0225,0.5013,0.6400,1.1847,1
29.517,11.0262,-0.0221,0.5011,0.6200,1.1664,1
29.533,11.0346,-0.0217,0.5011,0.6000,1.1483,1
29.550,11.0429,-0.0213,0.5009,0.5800,1.1303,1
29.567,11.0512,-0.0209,0.5010,0.5600,1.1125,1
29.583,11.0596,-0.0205,0.5010,0.5400,1.0948,1
29.600,11.0679,-0.0201,0.5009,0.5200,1.0772,1
29.617,11.0762,-0.0196,0.5008,0.5000,1.0599,1
29.633,11.0846,-0.0192,0.5007,0.4800,1.0427,1
29.650,11.0929,-0.0188,0.5006,0.4600,1.0257,1
29.667,11.1012,-0.0183,0.5005,0.4400,1.0089,1
29.683,11.1096,-0.0179,0.5005,0.4200,0.9923,1
29.700,11.1179,-0.0174,0.5003,0.4000,0.9759,1
29.717,11.1262,-0.0170,0.5004,0.3800,0.9597,1
29.733,11.1345,-0.0165,0.4961,0.3600,0.9439,1
29.750,11.1426,-0.0160,0.4892,0.3400,0.9284,1
29.767,11.1505,-0.0156,0.4734,0.3200,0.9134,1
29.783,11.1582,-0.0151,0.4630,0.3000,0.8989,1
29.800,11.1660,-0.0147,0.4665,0.2800,0.8846,1
29.817,11.1737,-0.0142,0.4621,0.2600,0.8707,1
29.833,11.1813,-0.0138,0.4583,0.2400,0.8572,1
29.850,11.1889,-0.0134,0.4593,0.2200,0.8440,1
29.867,11.1966,-0.0129,0.4610,0.2000,0.8311,1
29.883,11.2043,-0.0124,0.4616,0.1800,0.8187,1
29.900,11.2117,-0.0120,0.4450,0.1600,0.8069,1
29.917,11.2188,-0.0115,0.4277,0.1400,0.7958,1
29.933,11.2257,-0.0111,0.4162,0.1200,0.7853,1
29.950,11.2325,-0.0107,0.4058,0.1000,0.7755,1
29.967,11.2388,-0.0103,0.3809,0.0800,0.7665,1
29.983,11.2447,-0.0099,0.3537,0.0600,0.7585,1
30.000,11.2504,-0.0095,0.3440,0.0400,0.7512,1
30.017,11.2562,-0.0092,0.3492,0.0200,0.7444,1
30.033,11.2621,-0.0088,0.3534,0.0000,0.7380,1
30.050,11.2682,-0.0084,0.3672,0.0000,0.7319,1
30.067,11.2741,-0.0080,0.3541,0.0000,0.7260,1
30.083,11.2795,-0.0077,0.3241,0.0000,0.7206,1
30.100,11.2842,-0.0074,0.2855,0.0000,0.7158,1
30.117,11.2884,-0.0071,0.2534,0.0000,0.7116,1
30.133,11.2923,-0.0069,0.2317,0.0000,0.7077,1
30.150,11.2965,-0.0066,0.2541,0.0000,0.7035,1
30.167,11.3015,-0.0064,0.2962,0.0000,0.6986,1
30.183,11.3071,-0.0060,0.3370,0.0000,0.6930,1
30.200,11.3131,-0.0056,0.3656,0.0000,0.6869,1
30.217,11.3196,-0.0052,0.3855,0.0000,0.6805,1
30.233,11.3256,-0.0048,0.3652,0.0000,0.6744,1
30.250,11.3312,-0.0045,0.3377,0.0000,0.6688,1
30.267,11.3365,-0.0041,0.3133,0.0000,0.6636,1
30.283,11.3415,-0.0038,0.3012,0.0000,0.6585,1
30.300,11.3466,-0.0034,0.3099,0.0000,0.6534,1
30.317,11.3520,-0.0031,0.3265,0.0000,0.6480,1
30.333,11.3578,-0.0027,0.3479,0.0000,0.6422,1
30.350,11.3641,-0.0023,0.3743,0.0000,0.6359,1
30.367,11.3706,-0.0018,0.3946,0.0000,0.6294,1
30.383,11.3774,-0.0013,0.4064,0.0000,0.6226,1
30.400,11.3838,-0.0009,0.3842,0.0000,0.6162,1
30.417,11.3897,-0.0005,0.3593,0.0000,0.6103,1
30.433,11.3956,-0.0000,0.3522,0.0000,0.6044,1
30.450,11.4015,0.0004,0.3533,0.0000,0.5985,1
30.467,11.4074,0.0008,0.3575,0.0000,0.5926,1
30.483,11.4135,0.0013,0.3696,0.0000,0.5865,1
30.500,11.4200,0.0017,0.3886,0.0000,0.5800,1
30.517,11.4268,0.0022,0.4077,0.0000,0.5732,1
30.533,11.4338,0.0027,0.4198,0.0000,0.5662,1
30.550,11.4408,0.0033,0.4244,0.0000,0.5592,1
30.567,11.4476,0.0038,0.4088,0.0000,0.5524,1
30.583,11.4542,0.0043,0.3939,0.0000,0.5459,1
30.600,11.4606,0.0048,0.3892,0.0000,0.5394,1
30.617,11.4672,0.0053,0.3937,0.0000,0.5329,1
30.633,11.4739,0.0058,0.4043,0.0000,0.5261,1
30.650,11.4808,0.0064,0.4144,0.0000,0.5193,1
30.667,11.4878,0.0070,0.4231,0.0000,0.5123,1
30.683,11.4950,0.0075,0.4335,0.0000,0.5051,1
30.700,11.5023,0.0081,0.4405,0.0000,0.4978,1
30.717,11.5097,0.0087,0.4428,0.0000,0.4904,1
30.733,11.5169,0.0093,0.4340,0.0000,0.4832,1
30.750,11.5170,0.0097,0.0239,0.0000,0.4831,1
30.767,11.5170,0.0096,0.0086,0.0000,0.4831,1
30.783,11.5172,0.0095,0.0094,0.0000,0.4829,1
30.800,11.5172,0.0098,0.0163,0.0000,0.4829,1
30.817,11.5173,0.0100,0.0156,0.0000,0.4828,1
30.833,11.5173,0.0105,0.0304,0.0000,0.4828,1
30.850,11.5174,0.0110,0.0260,0.0000,0.4827,1
30.867,11.5175,0.0116,0.0417,0.0000,0.4827,1
30.883,11.5176,0.0122,0.0357,0.0000,0.4826,1
30.900,11.5177,0.0128,0.0373,0.0000,0.4825,1
30.917,11.5179,0.0134,0.0372,0.0000,0.4823,1
30.933,11.5180,0.0140,0.0353,0.0000,0.4822,1
30.950,11.5181,0.0145,0.0287,0.0000,0.4821,1
30.967,11.5182,0.0148,0.0201,0.0000,0.4821,1
30.983,11.5182,0.0151,0.0172,0.0000,0.4820,1
31.000,11.5182,0.0152,0.0067,0.0000,0.4820,1
31.017,11.5182,0.0153,0.0052,0.0000,0.4820,1
31.033,11.5182,0.0153,0.0018,0.0000,0.4820,1
31.050,11.5182,0.0153,0.0011,0.0000,0.4820,1
31.067,11.5183,0.0155,0.0131,0.0000,0.4820,1
31.083,11.5183,0.0156,0.0078,0.0000,0.4820,1
31.100,11.5183,0.0158,0.0122,0.0000,0.4819,1
31.117,11.5183,0.0159,0.0041,0.0000,0.4819,1
31.133,11.5183,0.0159,0.0021,0.0000,0.4819,1
31.150,11.5183,0.0159,0.0024,0.0000,0.4820,1
31.167,11.5183,0.0159,0.0001,0.0000,0.4820,1
31.183,11.5183,0.0159,0.0018,0.0000,0.4820,1
31.200,11.5183,0.0160,0.0048,0.0000,0.4820,1
31.217,11.5183,0.0161,0.0028,0.0000,0.4820,1
31.233,11.5183,0.0161,0.0003,0.0000,0.4820,1
31.250,11.5183,0.0161,0.0028,0.0000,0.4820,1
31.267,11.5183,0.0161,0.0004,0.0000,0.4820,1
31.283,11.5183,0.0161,0.0005,0.0000,0.4820,1
31.300,11.5183,0.0161,0.0015,0.0000,0.4820,1
31.317,11.5183,0.0161,0.0010,0.0000,0.4820,1
31.333,11.5183,0.0162,0.0021,0.0000,0.4820,1
31.350,11.5183,0.0162,0.0013,0.0000,0.4820,1
31.367,11.5183,0.0162,0.0013,0.0000,0.4820,1
31.383,11.5183,0.0162,0.0008,0.0000,0.4820,1
31.400,11.5183,0.0162,0.0030,0.0000,0.4820,1
31.417,11.5183,0.0162,0.0013,0.0000,0.4820,1
31.433,11.5183,0.0163,0.0009,0.0000,0.4820,1
31.450,11.5183,0.0163,0.0023,0.0000,0.4820,1
31.467,11.5183,0.0163,0.0018,0.0000,0.4820,1
31.483,11.5183,0.0164,0.0052,0.0000,0.4820,1
31.500,11.5183,0.0164,0.0005,0.0000,0.4820,1
31.517,11.5183,0.0165,0.0043,0.0000,0.4820,1
31.533,11.5183,0.0165,0.0015,0.0000,0.4820,1
31.550,11.5183,0.0165,0.0002,0.0000,0.4820,1
31.567,11.5183,0.0165,0.0015,0.0000,0.4820,1
31.583,11.5183,0.0165,0.0004,0.0000,0.4820,1
31.600,11.5183,0.0165,0.0005,0.0000,0.4820,1
31.617,11.5183,0.0166,0.0009,0.0000,0.4820,1
31.633,11.5183,0.0166,0.0011,0.0000,0.4820,1
31.650,11.5183,0.0166,0.0014,0.0000,0.4820,1
31.667,11.5183,0.0166,0.0006,0.0000,0.4820,1
31.683,11.5182,0.0166,0.0016,0.0000,0.4820,1
31.700,11.5182,0.0166,0.0005,0.0000,0.4820,1
31.717,11.5182,0.0166,0.0011,0.0000,0.4820,1
31.733,11.5182,0.0166,0.0004,0.0000,0.4821,1
31.750,11.5182,0.0167,0.0030,0.0000,0.4821,1
31.767,11.5182,0.0167,0.0009,0.0000,0.4821,1
31.783,11.5182,0.0167,0.0007,0.0000,0.4821,1
31.800,11.5182,0.0167,0.0016,0.0000,0.4821,1
31.817,11.5182,0.0167,0.0012,0.0000,0.4821,1
31.833,11.5182,0.0167,0.0027,0.0000,0.4821,1
31.850,11.5182,0.0167,0.0005,0.0000,0.4821,1
31.867,11.5182,0.0168,0.0027,0.0000,0.4821,1
31.883,11.5182,0.0168,0.0011,0.0000,0.4821,1
31.900,11.5182,0.0169,0.0057,0.0000,0.4821,1
31.917,11.5182,0.0169,0.0045,0.0000,0.4821,1
31.933,11.5182,0.0170,0.0020,0.0000,0.4821,1
31.950,11.5182,0.0170,0.0006,0.0000,0.4821,1
31.967,11.5182,0.0170,0.0028,0.0000,0.4821,1
31.983,11.5182,0.0170,0.0030,0.0000,0.4821,1
32.000,11.5182,0.0170,0.0034,0.0000,0.4821,1
32.017,11.5182,0.0170,0.0027,0.0000,0.4821,1
32.033,11.5182,0.0170,0.0033,0.0000,0.4821,1
32.050,11.5182,0.0170,0.0007,0.0000,0.4821,1
32.067,11.5182,0.0171,0.0028,0.0000,0.4821,1
32.083,11.5182,0.0171,0.0007,0.0000,0.4821,1
32.100,11.5182,0.0171,0.0013,0.0000,0.4821,1
32.117,11.5182,0.0171,0.0016,0.0000,0.4821,1
32.133,11.5182,0.0171,0.0002,0.0000,0.4821,1
32.150,11.5181,0.0171,0.0032,0.0000,0.4822,1
32.167,11.5181,0.0171,0.0015,0.0000,0.4822,1
32.183,11.5181,0.0171,0.0004,0.0000,0.4822,1
32.200,11.5182,0.0171,0.0035,0.0000,0.4822,1
32.217,11.5182,0.0172,0.0040,0.0000,0.4822,1
32.233,11.5182,0.0172,0.0016,0.0000,0.4822,1
32.250,11.5181,0.0172,0.0004,0.0000,0.4822,1
32.267,11.5181,0.0173,0.0023,0.0000,0.4822,1
32.283,11.5181,0.0172,0.0023,0.0000,0.4822,1
32.300,11.5181,0.0173,0.0031,0.0000,0.4822,1
32.317,11.5181,0.0173,0.0003,0.0000,0.4822,1
32.333,11.5181,0.0173,0.0016,0.0000,0.4822,1
32.350,11.5181,0.0173,0.0004,0.0000,0.4822,1
32.367,11.5181,0.0174,0.0045,0.0000,0.4822,1
32.383,11.5181,0.0174,0.0028,0.0000,0.4822,1
32.400,11.5181,0.0175,0.0035,0.0000,0.4822,1
32.417,11.5181,0.0175,0.0007,0.0000,0.4822,1
32.433,11.5181,0.0175,0.0034,0.0000,0.4822,1
32.450,11.5181,0.0175,0.0028,0.0000,0.4822,1
32.467,11.5181,0.0175,0.0019,0.0000,0.4822,1
32.483,11.5181,0.0176,0.0033,0.0000,0.4822,1
32.500,11.5181,0.0176,0.0003,0.0000,0.4822,1
32.517,11.5181,0.0176,0.0006,0.0000,0.4822,1
32.533,11.5181,0.0176,0.0028,0.0000,0.4822,1
32.550,11.5181,0.0176,0.0004,0.0000,0.4822,1
32.567,11.5181,0.0176,0.0012,0.0000,0.4822,1
32.583,11.5181,0.0177,0.0054,0.0000,0.4822,1
32.600,11.5181,0.0177,0.0043,0.0000,0.4822,1
32.617,11.5181,0.0178,0.0006,0.0000,0.4822,1
32.633,11.5181,0.0178,0.0006,0.0000,0.4822,1
32.650,11.5181,0.0178,0.0041,0.0000,0.4822,1
32.667,11.5181,0.0179,0.0021,0.0000,0.4822,1
32.683,11.5181,0.0179,0.0002,0.0000,0.4822,1
32.700,11.5181,0.0178,0.0008,0.0000,0.4822,1
32.717,11.5181,0.0179,0.0036,0.0000,0.4822,1
32.733,11.5181,0.0179,0.0013,0.0000,0.4822,1
32.750,11.5181,0.0179,0.0016,0.0000,0.4822,1
32.767,11.5181,0.0180,0.0033,0.0000,0.4822,1
32.783,11.5181,0.0180,0.0009,0.0000,0.4822,1
32.800,11.5181,0.0180,0.0017,0.0000,0.4823,1
32.817,11.5181,0.0181,0.0038,0.0000,0.4823,1
32.833,11.5181,0.0181,0.0005,0.0000,0.4823,1
32.850,11.5180,0.0180,0.0028,0.0000,0.4823,1
32.867,11.5180,0.0180,0.0012,0.0000,0.4823,1
32.883,11.5180,0.0181,0.0022,0.0000,0.4823,1
32.900,11.5180,0.0180,0.0024,0.0000,0.4823,1
32.917,11.5180,0.0182,0.0073,0.0000,0.4823,1
32.933,11.5180,0.0182,0.0008,0.0000,0.4823,1
32.950,11.5180,0.0182,0.0023,0.0000,0.4824,1
32.967,11.5180,0.0181,0.0010,0.0000,0.4824,1
32.983,11.5180,0.0182,0.0025,0.0000,0.4824,1
33.000,11.5180,0.0182,0.0006,0.0000,0.4824,1
33.017,11.5180,0.0182,0.0015,0.0000,0.4824,1
33.033,11.5180,0.0183,0.0039,0.0000,0.4824,1
33.050,11.5180,0.0183,0.0009,0.0000,0.4824,1
33.067,11.5180,0.0183,0.0021,0.0000,0.4824,1
33.083,11.5180,0.0183,0.0008,0.0000,0.4824,1
33.100,11.5180,0.0183,0.0005,0.0000,0.4824,1
33.117,11.5180,0.0183,0.0015,0.0000,0.4824,1
33.133,11.5180,0.0184,0.0007,0.0000,0.4824,1
33.150,11.5179,0.0183,0.0010,0.0000,0.4824,1
33.167,11.5179,0.0183,0.0006,0.0000,0.4824,1
33.183,11.5179,0.0184,0.0031,0.0000,0.4824,1
33.200,11.5179,0.0184,0.0007,0.0000,0.4824,1
33.217,11.5179,0.0184,0.0007,0.0000,0.4824,1
33.233,11.5179,0.0185,0.0046,0.0000,0.4824,1
33.250,11.5179,0.0185,0.0040,0.0000,0.4824,1
33.267,11.5179,0.0186,0.0019,0.0000,0.4824,1
33.283,11.5179,0.0186,0.0002,0.0000,0.4824,1
33.300,11.5179,0.0186,0.0029,0.0000,0.4825,1
33.317,11.5179,0.0186,0.0022,0.0000,0.4824,1
33.333,11.5179,0.0187,0.0016,0.0000,0.4825,1
33.350,11.5179,0.0187,0.0007,0.0000,0.4825,1
33.367,11.5179,0.0187,0.0019,0.0000,0.4825,1
33.383,11.5179,0.0186,0.0031,0.0000,0.4825,1
33.400,11.5179,0.0187,0.0015,0.0000,0.4825,1
33.417,11.5179,0.0186,0.0023,0.0000,0.4825,1
33.433,11.5179,0.0187,0.0032,0.0000,0.4825,1
33.450,11.5179,0.0188,0.0045,0.0000,0.4825,1
33.467,11.5179,0.0188,0.0019,0.0000,0.4825,1
33.483,11.5179,0.0188,0.0008,0.0000,0.4825,1
33.500,11.5179,0.0187,0.0053,0.0000,0.4825,1
33.517,11.5179,0.0188,0.0055,0.0000,0.4825,1
33.533,11.5179,0.0189,0.0043,0.0000,0.4825,1
33.550,11.5179,0.0190,0.0068,0.0000,0.4825,1
33.567,11.5179,0.0190,0.0014,0.0000,0.4825,1
33.583,11.5179,0.0190,0.0022,0.0000,0.4825,1
33.600,11.5179,0.0190,0.0008,0.0000,0.4825,1
33.617,11.5179,0.0191,0.0015,0.0000,0.4825,1
33.633,11.5179,0.0190,0.0017,0.0000,0.4825,1
33.650,11.5179,0.0191,0.0051,0.0000,0.4825,1
33.667,11.5179,0.0191,0.0041,0.0000,0.4824,1
33.683,11.5179,0.0191,0.0004,0.0000,0.4825,1
33.700,11.5179,0.0191,0.0018,0.0000,0.4825,1
33.717,11.5179,0.0191,0.0009,0.0000,0.4825,1
33.733,11.5179,0.0191,0.0012,0.0000,0.4825,1
33.750,11.5179,0.0191,0.0022,0.0000,0.4825,1
33.767,11.5179,0.0192,0.0042,0.0000,0.4825,1
33.783,11.5179,0.0192,0.0016,0.0000,0.4825,1
33.800,11.5179,0.0192,0.0023,0.0000,0.4825,1
33.817,11.5179,0.0193,0.0040,0.0000,0.4825,1
33.833,11.5179,0.0192,0.0020,0.0000,0.4825,1
33.850,11.5179,0.0192,0.0006,0.0000,0.4825,1
33.867,11.5179,0.0193,0.0018,0.0000,0.4825,1
33.883,11.5179,0.0193,0.0010,0.0000,0.4825,1
33.900,11.5179,0.0193,0.0005,0.0000,0.4825,1
33.917,11.5179,0.0193,0.0022,0.0000,0.4825,1
33.933,11.5179,0.0193,0.0006,0.0000,0.4825,1
33.950,11.5179,0.0193,0.0013,0.0000,0.4825,1
33.967,11.5179,0.0193,0.0010,0.0000,0.4825,1
33.983,11.5179,0.0193,0.0008,0.0000,0.4825,1
34.000,11.5178,0.0193,0.0013,0.0000,0.4825,1
34.017,11.5178,0.0194,0.0017,0.0000,0.4825,1
34.033,11.5178,0.0194,0.0006,0.0000,0.4826,1
34.050,11.5178,0.0194,0.0005,0.0000,0.4826,1
34.067,11.5178,0.0194,0.0005,0.0000,0.4826,1
34.083,11.5178,0.0194,0.0021,0.0000,0.4826,1
34.100,11.5178,0.0194,0.0012,0.0000,0.4826,1
34.117,11.5178,0.0194,0.0018,0.0000,0.4826,1
34.133,11.5178,0.0195,0.0043,0.0000,0.4826,1
34.150,11.5178,0.0194,0.0041,0.0000,0.4826,1
34.167,11.5178,0.0194,0.0020,0.0000,0.4826,1
34.183,11.5178,0.0194,0.0022,0.0000,0.4826,1
34.200,11.5178,0.0194,0.0006,0.0000,0.4826,1
34.217,11.5178,0.0194,0.0004,0.0000,0.4826,1
34.233,11.5178,0.0194,0.0030,0.0000,0.4826,1
34.250,11.5178,0.0194,0.0016,0.0000,0.4826,1
34.267,11.5178,0.0194,0.0016,0.0000,0.4826,1
34.283,11.5178,0.0195,0.0026,0.0000,0.4826,1
34.300,11.5177,0.0195,0.0016,0.0000,0.4826,1
34.317,11.5177,0.0194,0.0034,0.0000,0.4827,1
34.333,11.5177,0.0195,0.0030,0.0000,0.4827,1
34.350,11.5177,0.0194,0.0008,0.0000,0.4827,1
34.367,11.5177,0.0195,0.0050,0.0000,0.4827,1
34.383,11.5177,0.0195,0.0008,0.0000,0.4827,1
34.400,11.5177,0.0195,0.0009,0.0000,0.4827,1
34.417,11.5177,0.0196,0.0045,0.0000,0.4827,1
34.433,11.5177,0.0196,0.0027,0.0000,0.4827,1
34.450,11.5177,0.0197,0.0012,0.0000,0.4827,1
34.467,11.5177,0.0197,0.0013,0.0000,0.4827,1
34.483,11.5177,0.0197,0.0004,0.0000,0.4827,1
34.500,11.5177,0.0197,0.0014,0.0000,0.4827,1
34.517,11.5177,0.0197,0.0022,0.0000,0.4827,1
34.533,11.5177,0.0197,0.0009,0.0000,0.4827,1
34.550,11.5177,0.0198,0.0027,0.0000,0.4827,1
34.567,11.5177,0.0198,0.0030,0.0000,0.4827,1
34.583,11.5177,0.0198,0.0014,0.0000,0.4828,1
34.600,11.5177,0.0198,0.0023,0.0000,0.4828,1
34.617,11.5177,0.0199,0.0041,0.0000,0.4827,1
34.633,11.5177,0.0200,0.0024,0.0000,0.4828,1
34.650,11.5177,0.0199,0.0005,0.0000,0.4828,1
34.667,11.5176,0.0199,0.0006,0.0000,0.4828,1
34.683,11.5176,0.0200,0.0022,0.0000,0.4828,1
34.700,11.5176,0.0200,0.0009,0.0000,0.4828,1
34.717,11.5176,0.0200,0.0028,0.0000,0.4828,1
34.733,11.5176,0.0199,0.0008,0.0000,0.4828,1
34.750,11.5176,0.0199,0.0013,0.0000,0.4828,1
34.767,11.5176,0.0200,0.0014,0.0000,0.4828,1
34.783,11.5176,0.0200,0.0014,0.0000,0.4828,1
34.800,11.5176,0.0200,0.0036,0.0000,0.4828,1
34.817,11.5176,0.0200,0.0008,0.0000,0.4828,1
34.833,11.5176,0.0200,0.0005,0.0000,0.4828,1
34.850,11.5176,0.0201,0.0039,0.0000,0.4828,1
34.867,11.5176,0.0202,0.0046,0.0000,0.4828,1
34.883,11.5176,0.0201,0.0007,0.0000,0.4828,1
34.900,11.5176,0.0202,0.0024,0.0000,0.4828,1
34.917,11.5176,0.0202,0.0024,0.0000,0.4828,1
34.933,11.5176,0.0202,0.0007,0.0000,0.4829,1
34.950,11.5176,0.0203,0.0022,0.0000,0.4829,1
34.967,11.5176,0.0203,0.0021,0.0000,0.4829,1
34.983,11.5175,0.0203,0.0018,0.0000,0.4829,1
35.000,11.5175,0.0203,0.0042,0.0000,0.4829,1
35.017,11.5175,0.0203,0.0018,0.0000,0.4829,1
35.033,11.5175,0.0203,0.0009,0.0000,0.4829,1
35.050,11.5175,0.0204,0.0010,0.0000,0.4829,1
35.067,11.5175,0.0204,0.0008,0.0000,0.4829,1
35.083,11.5175,0.0204,0.0032,0.0000,0.4829,1
35.100,11.5175,0.0204,0.0008,0.0000,0.4829,1
35.117,11.5175,0.0204,0.0017,0.0000,0.4829,1
35.133,11.5175,0.0205,0.0006,0.0000,0.4829,1
35.150,11.5175,0.0205,0.0014,0.0000,0.4829,1
35.167,11.5175,0.0205,0.0017,0.0000,0.4829,1
35.183,11.5175,0.0205,0.0023,0.0000,0.4829,1
35.200,11.5175,0.0205,0.0023,0.0000,0.4830,1
35.217,11.5175,0.0205,0.0015,0.0000,0.4830,1
35.233,11.5175,0.0206,0.0025,0.0000,0.4830,1
35.250,11.5175,0.0206,0.0008,0.0000,0.4830,1
35.267,11.5174,0.0206,0.0022,0.0000,0.4830,1
35.283,11.5175,0.0206,0.0027,0.0000,0.4830,1
35.300,11.5175,0.0206,0.0007,0.0000,0.4830,1
35.317,11.5175,0.0206,0.0008,0.0000,0.4830,1
35.333,11.5174,0.0206,0.0016,0.0000,0.4830,1
35.350,11.5174,0.0206,0.0008,0.0000,0.4830,1
35.367,11.5174,0.0206,0.0026,0.0000,0.4830,1
35.383,11.5174,0.0207,0.0026,0.0000,0.4830,1
35.400,11.5174,0.0206,0.0052,0.0000,0.4830,1
35.417,11.5175,0.0207,0.0048,0.0000,0.4830,1
35.433,11.5174,0.0207,0.0006,0.0000,0.4830,1
35.450,11.5174,0.0207,0.0024,0.0000,0.4830,1
35.467,11.5174,0.0207,0.0015,0.0000,0.4830,1
35.483,11.5174,0.0206,0.0027,0.0000,0.4830,1
35.500,11.5174,0.0207,0.0034,0.0000,0.4830,1
35.517,11.5174,0.0207,0.0011,0.0000,0.4830,1
35.533,11.5174,0.0207,0.0016,0.0000,0.4830,1
35.550,11.5174,0.0207,0.0013,0.0000,0.4831,1
35.567,11.5174,0.0208,0.0013,0.0000,0.4831,1
35.583,11.5174,0.0207,0.0010,0.0000,0.4831,1
35.600,11.5174,0.0208,0.0029,0.0000,0.4831,1
35.617,11.5174,0.0208,0.0016,0.0000,0.4831,1
35.633,11.5173,0.0207,0.0046,0.0000,0.4831,1
35.650,11.5173,0.0208,0.0019,0.0000,0.4831,1
35.667,11.5173,0.0208,0.0040,0.0000,0.4831,1
35.683,11.5173,0.0209,0.0018,0.0000,0.4831,1
35.700,11.5173,0.0209,0.0011,0.0000,0.4831,1
35.717,11.5173,0.0209,0.0014,0.0000,0.4831,1
35.733,11.5173,0.0210,0.0035,0.0000,0.4831,1
35.750,11.5173,0.0210,0.0009,0.0000,0.4831,1
35.767,11.5173,0.0210,0.0037,0.0000,0.4831,1
35.783,11.5173,0.0210,0.0049,0.0000,0.4831,1
35.800,11.5173,0.0210,0.0020,0.0000,0.4831,1
35.817,11.5173,0.0210,0.0032,0.0000,0.4831,1
35.833,11.5173,0.0210,0.0008,0.0000,0.4832,1
35.850,11.5173,0.0211,0.0021,0.0000,0.4832,1
35.867,11.5173,0.0211,0.0009,0.0000,0.4832,1
35.883,11.5173,0.0211,0.0033,0.0000,0.4832,1
35.900,11.5173,0.0211,0.0018,0.0000,0.4832,1
35.917,11.5173,0.0212,0.0008,0.0000,0.4832,1
35.933,11.5173,0.0212,0.0007,0.0000,0.4832,1
35.950,11.5173,0.0212,0.0015,0.0000,0.4832,1
35.967,11.5173,0.0212,0.0010,0.0000,0.4832,1
35.983,11.5173,0.0212,0.0008,0.0000,0.4832,1
36.000,11.5173,0.0213,0.0043,0.0000,0.4832,1
36.017,11.5172,0.0213,0.0017,0.0000,0.4832,1
36.033,11.5172,0.0212,0.0010,0.0000,0.4832,1
36.050,11.5172,0.0214,0.0062,0.0000,0.4832,1
36.067,11.5172,0.0214,0.0039,0.0000,0.4832,1
36.083,11.5172,0.0214,0.0014,0.0000,0.4832,1
36.100,11.5172,0.0214,0.0013,0.0000,0.4833,1
36.117,11.5172,0.0214,0.0008,0.0000,0.4833,1
36.133,11.5172,0.0215,0.0026,0.0000,0.4833,1
36.150,11.5172,0.0215,0.0008,0.0000,0.4833,1
36.167,11.5172,0.0215,0.0017,0.0000,0.4833,1
36.183,11.5172,0.0215,0.0032,0.0000,0.4833,1
36.200,11.5172,0.0215,0.0010,0.0000,0.4833,1
36.217,11.5172,0.0215,0.0018,0.0000,0.4833,1
36.233,11.5172,0.0216,0.0016,0.0000,0.4833,1
36.250,11.5171,0.0216,0.0010,0.0000,0.4833,1
36.267,11.5171,0.0216,0.0041,0.0000,0.4833,1
36.283,11.5171,0.0217,0.0025,0.0000,0.4833,1
36.300,11.5171,0.0217,0.0029,0.0000,0.4834,1
36.317,11.5172,0.0218,0.0050,0.0000,0.4833,1
36.333,11.5172,0.0219,0.0049,0.0000,0.4833,1
36.350,11.5172,0.0219,0.0014,0.0000,0.4833,1
36.367,11.5172,0.0219,0.0020,0.0000,0.4833,1
36.383,11.5172,0.0220,0.0016,0.0000,0.4833,1
36.400,11.5172,0.0220,0.0038,0.0000,0.4833,1
36.417,11.5172,0.0220,0.0021,0.0000,0.4833,1
36.433,11.5172,0.0220,0.0011,0.0000,0.4833,1
36.450,11.5172,0.0220,0.0018,0.0000,0.4833,1
36.467,11.5172,0.0220,0.0004,0.0000,0.4833,1
36.483,11.5172,0.0220,0.0019,0.0000,0.4833,1
36.500,11.5172,0.0220,0.0015,0.0000,0.4833,1
36.517,11.5172,0.0221,0.0021,0.0000,0.4833,1
36.533,11.5171,0.0221,0.0006,0.0000,0.4834,1
36.550,11.5171,0.0221,0.0013,0.0000,0.4834,1
36.567,11.5171,0.0221,0.0008,0.0000,0.4834,1
36.583,11.5171,0.0221,0.0028,0.0000,0.4834,1
36.600,11.5171,0.0222,0.0025,0.0000,0.4834,1
36.617,11.5171,0.0222,0.0010,0.0000,0.4834,1
36.633,11.5171,0.0222,0.0022,0.0000,0.4834,1
36.650,11.5171,0.0222,0.0006,0.0000,0.4834,1
36.667,11.5171,0.0222,0.0011,0.0000,0.4834,1
36.683,11.5171,0.0223,0.0034,0.0000,0.4834,1
36.700,11.5171,0.0224,0.0061,0.0000,0.4834,1
36.717,11.5171,0.0225,0.0069,0.0000,0.4834,1
36.733,11.5171,0.0225,0.0029,0.0000,0.4834,1
36.750,11.5171,0.0226,0.0044,0.0000,0.4834,1
36.767,11.5171,0.0227,0.0027,0.0000,0.4834,1
36.783,11.5171,0.0227,0.0021,0.0000,0.4834,1
36.800,11.5172,0.0228,0.0042,0.0000,0.4834,1
36.817,11.5171,0.0228,0.0017,0.0000,0.4834,1
36.833,11.5171,0.0228,0.0008,0.0000,0.4834,1
36.850,11.5171,0.0228,0.0020,0.0000,0.4834,1
36.867,11.5172,0.0229,0.0065,0.0000,0.4834,1
36.883,11.5172,0.0231,0.0089,0.0000,0.4833,1
36.900,11.5172,0.0232,0.0095,0.0000,0.4833,1
36.917,11.5172,0.0233,0.0043,0.0000,0.4833,1
36.933,11.5172,0.0233,0.0010,0.0000,0.4834,1
36.950,11.5172,0.0233,0.0017,0.0000,0.4833,1
36.967,11.5172,0.0234,0.0032,0.0000,0.4833,1
36.983,11.5172,0.0234,0.0004,0.0000,0.4833,1
37.000,11.5172,0.0235,0.0049,0.0000,0.4833,1
37.017,11.5172,0.0235,0.0007,0.0000,0.4833,1
37.033,11.5172,0.0236,0.0042,0.0000,0.4833,1
37.050,11.5172,0.0236,0.0005,0.0000,0.4834,1
37.067,11.5172,0.0236,0.0038,0.0000,0.4834,1
37.083,11.5172,0.0236,0.0015,0.0000,0.4834,1
37.100,11.5172,0.0238,0.0063,0.0000,0.4833,1
37.117,11.5172,0.0238,0.0029,0.0000,0.4834,1
37.133,11.5172,0.0238,0.0026,0.0000,0.4833,1
37.150,11.5172,0.0239,0.0013,0.0000,0.4834,1
37.167,11.5172,0.0239,0.0036,0.0000,0.4833,1
37.183,11.5173,0.0240,0.0075,0.0000,0.4833,1
37.200,11.5173,0.0242,0.0120,0.0000,0.4833,1
37.217,11.5173,0.0242,0.0047,0.0000,0.4833,1
37.233,11.5172,0.0241,0.0049,0.0000,0.4834,1
37.250,11.5172,0.0241,0.0013,0.0000,0.4834,1
37.267,11.5172,0.0242,0.0055,0.0000,0.4834,1
37.283,11.5172,0.0242,0.0020,0.0000,0.4834,1
37.300,11.5172,0.0243,0.0021,0.0000,0.4834,1
37.317,11.5173,0.0243,0.0053,0.0000,0.4833,1
37.333,11.5173,0.0244,0.0057,0.0000,0.4833,1
37.350,11.5173,0.0246,0.0116,0.0000,0.4833,1
37.367,11.5173,0.0248,0.0105,0.0000,0.4833,1
37.383,11.5174,0.0249,0.0066,0.0000,0.4833,1
37.400,11.5174,0.0250,0.0034,0.0000,0.4833,1
37.417,11.5174,0.0250,0.0039,0.0000,0.4833,1
37.433,11.5174,0.0250,0.0011,0.0000,0.4833,1
37.450,11.5174,0.0251,0.0043,0.0000,0.4833,1
37.467,11.5174,0.0253,0.0109,0.0000,0.4833,1
37.483,11.5174,0.0255,0.0109,0.0000,0.4832,1
37.500,11.5175,0.0256,0.0094,0.0000,0.4832,1
37.517,11.5175,0.0259,0.0140,0.0000,0.4832,1
37.533,11.5175,0.0261,0.0122,0.0000,0.4832,1
37.550,11.5176,0.0263,0.0169,0.0000,0.4831,1
37.567,11.5176,0.0265,0.0091,0.0000,0.4831,1
37.583,11.5176,0.0266,0.0088,0.0000,0.4831,1
37.600,11.5176,0.0267,0.0047,0.0000,0.4831,1
37.617,11.5177,0.0268,0.0050,0.0000,0.4831,1
37.633,11.5177,0.0269,0.0068,0.0000,0.4831,1
37.650,11.5177,0.0270,0.0065,0.0000,0.4831,1
37.667,11.5177,0.0272,0.0147,0.0000,0.4830,1
37.683,11.5178,0.0274,0.0116,0.0000,0.4830,1
37.700,11.5178,0.0277,0.0147,0.0000,0.4830,1
37.717,11.5179,0.0279,0.0131,0.0000,0.4829,1
37.733,11.5180,0.0281,0.0147,0.0000,0.4829,1
37.750,11.5180,0.0283,0.0088,0.0000,0.4828,1
37.767,11.5180,0.0283,0.0050,0.0000,0.4828,1
37.783,11.5180,0.0284,0.0036,0.0000,0.4828,1
37.800,11.5180,0.0284,0.0020,0.0000,0.4829,1
37.817,11.5180,0.0284,0.0017,0.0000,0.4828,1
37.833,11.5180,0.0284,0.0032,0.0000,0.4828,1
37.850,11.5180,0.0285,0.0033,0.0000,0.4828,1
37.867,11.5180,0.0285,0.0011,0.0000,0.4828,1
37.883,11.5180,0.0285,0.0019,0.0000,0.4828,1
37.900,11.5180,0.0285,0.0004,0.0000,0.4828,1
37.917,11.5180,0.0286,0.0047,0.0000,0.4828,1
37.933,11.5180,0.0287,0.0078,0.0000,0.4828,1
37.950,11.5180,0.0287,0.0013,0.0000,0.4829,1
37.967,11.5180,0.0287,0.0018,0.0000,0.4828,1
37.983,11.5180,0.0288,0.0030,0.0000,0.4829,1
38.000,11.5180,0.0287,0.0010,0.0000,0.4829,1
38.017,11.5180,0.0287,0.0006,0.0000,0.4829,1
38.033,11.5180,0.0288,0.0049,0.0000,0.4829,1
38.050,11.5180,0.0289,0.0046,0.0000,0.4828,1
38.067,11.5180,0.0290,0.0044,0.0000,0.4829,1
38.083,11.5180,0.0291,0.0057,0.0000,0.4828,1
38.100,11.5180,0.0291,0.0050,0.0000,0.4828,1
38.117,11.5181,0.0292,0.0036,0.0000,0.4828,1
38.133,11.5181,0.0293,0.0058,0.0000,0.4828,1
38.150,11.5181,0.0294,0.0074,0.0000,0.4828,1
38.167,11.5181,0.0295,0.0060,0.0000,0.4828,1
38.183,11.5181,0.0296,0.0035,0.0000,0.4828,1
38.200,11.5181,0.0296,0.0001,0.0000,0.4828,1
38.217,11.5181,0.0297,0.0051,0.0000,0.4828,1
38.233,11.5181,0.0298,0.0116,0.0000,0.4828,1
38.250,11.5182,0.0299,0.0065,0.0000,0.4827,1
38.267,11.5182,0.0302,0.0164,0.0000,0.4827,1
38.283,11.5182,0.0303,0.0072,0.0000,0.4827,1
38.300,11.5182,0.0304,0.0037,0.0000,0.4827,1
38.317,11.5183,0.0304,0.0030,0.0000,0.4827,1
38.333,11.5183,0.0306,0.0123,0.0000,0.4827,1
38.350,11.5183,0.0309,0.0150,0.0000,0.4827,1
38.367,11.5183,0.0310,0.0042,0.0000,0.4827,1
38.383,11.5183,0.0310,0.0008,0.0000,0.4827,1
38.400,11.5184,0.0311,0.0066,0.0000,0.4826,1
38.417,11.5184,0.0311,0.0027,0.0000,0.4826,1
38.433,11.5184,0.0312,0.0038,0.0000,0.4826,1
38.450,11.5184,0.0312,0.0040,0.0000,0.4826,1
38.467,11.5184,0.0313,0.0064,0.0000,0.4826,1
38.483,11.5184,0.0316,0.0141,0.0000,0.4826,1
38.500,11.5185,0.0318,0.0130,0.0000,0.4826,1
38.517,11.5185,0.0320,0.0132,0.0000,0.4825,1
38.533,11.5186,0.0323,0.0183,0.0000,0.4825,1
38.550,11.5186,0.0326,0.0189,0.0000,0.4825,1
38.567,11.5187,0.0329,0.0183,0.0000,0.4824,1
38.583,11.5188,0.0333,0.0219,0.0000,0.4824,1
38.600,11.5188,0.0336,0.0223,0.0000,0.4823,1
38.617,11.5189,0.0339,0.0171,0.0000,0.4823,1
38.633,11.5190,0.0343,0.0265,0.0000,0.4822,1
38.650,11.5191,0.0347,0.0235,0.0000,0.4821,1
38.667,11.5192,0.0352,0.0298,0.0000,0.4821,1
38.683,11.5193,0.0356,0.0223,0.0000,0.4820,1
38.700,11.5194,0.0360,0.0267,0.0000,0.4820,1
38.717,11.5195,0.0364,0.0226,0.0000,0.4819,1
38.733,11.5196,0.0367,0.0226,0.0000,0.4818,1
38.750,11.5196,0.0371,0.0221,0.0000,0.4818,1
38.767,11.5197,0.0374,0.0186,0.0000,0.4818,1
38.783,11.5197,0.0377,0.0180,0.0000,0.4818,1
38.800,11.5198,0.0379,0.0143,0.0000,0.4817,1
38.817,11.5198,0.0381,0.0105,0.0000,0.4817,1
38.833,11.5198,0.0382,0.0070,0.0000,0.4817,1
38.850,11.5198,0.0383,0.0072,0.0000,0.4817,1
38.867,11.5198,0.0384,0.0058,0.0000,0.4817,1
38.883,11.5199,0.0385,0.0032,0.0000,0.4817,1
38.900,11.5199,0.0385,0.0032,0.0000,0.4817,1
38.917,11.5199,0.0386,0.0026,0.0000,0.4817,1
38.933,11.5199,0.0386,0.0033,0.0000,0.4817,1
38.950,11.5199,0.0387,0.0023,0.0000,0.4817,1
38.967,11.5199,0.0387,0.0029,0.0000,0.4817,1
38.983,11.5199,0.0387,0.0010,0.0000,0.4817,1
39.000,11.5198,0.0387,0.0020,0.0000,0.4817,1
39.017,11.5199,0.0387,0.0017,0.0000,0.4817,1
39.033,11.5199,0.0387,0.0021,0.0000,0.4817,1
39.050,11.5199,0.0387,0.0015,0.0000,0.4817,1
39.067,11.5199,0.0388,0.0026,0.0000,0.4817,1
39.083,11.5199,0.0388,0.0053,0.0000,0.4817,1
39.100,11.5199,0.0391,0.0145,0.0000,0.4816,1
39.117,11.5200,0.0394,0.0192,0.0000,0.4816,1
39.133,11.5200,0.0397,0.0197,0.0000,0.4816,1
39.150,11.5201,0.0400,0.0154,0.0000,0.4816,1
39.167,11.5201,0.0401,0.0101,0.0000,0.4816,1
39.183,11.5201,0.0404,0.0171,0.0000,0.4816,1
39.200,11.5202,0.0408,0.0212,0.0000,0.4815,1
39.217,11.5203,0.0411,0.0219,0.0000,0.4815,1
39.233,11.5204,0.0416,0.0267,0.0000,0.4814,1
39.250,11.5205,0.0421,0.0306,0.0000,0.4814,1
39.267,11.5206,0.0426,0.0324,0.0000,0.4813,1
39.283,11.5207,0.0431,0.0327,0.0000,0.4812,1
39.300,11.5209,0.0437,0.0357,0.0000,0.4811,1
39.317,11.5210,0.0443,0.0348,0.0000,0.4810,1
39.333,11.5211,0.0448,0.0349,0.0000,0.4810,1
39.350,11.5213,0.0454,0.0366,0.0000,0.4809,1
39.367,11.5214,0.0462,0.0449,0.0000,0.4808,1
39.383,11.5216,0.0469,0.0463,0.0000,0.4807,1
39.400,11.5217,0.0477,0.0486,0.0000,0.4806,1
39.417,11.5219,0.0485,0.0498,0.0000,0.4805,1
39.433,11.5221,0.0493,0.0499,0.0000,0.4805,1
39.450,11.5222,0.0502,0.0545,0.0000,0.4804,1
39.467,11.5224,0.0512,0.0578,0.0000,0.4803,1
39.483,11.5226,0.0522,0.0602,0.0000,0.4802,1
39.500,11.5228,0.0532,0.0657,0.0000,0.4802,1
39.517,11.5229,0.0542,0.0609,0.0000,0.4801,1
39.533,11.5231,0.0553,0.0643,0.0000,0.4801,1
39.550,11.5233,0.0564,0.0650,0.0000,0.4800,1
39.567,11.5234,0.0574,0.0652,0.0000,0.4800,1
39.583,11.5236,0.0585,0.0664,0.0000,0.4800,1
39.600,11.5237,0.0596,0.0621,0.0000,0.4800,1
39.617,11.5238,0.0607,0.0666,0.0000,0.4800,1
39.633,11.5240,0.0618,0.0701,0.0000,0.4800,1
39.650,11.5241,0.0630,0.0714,0.0000,0.4801,1
39.667,11.5242,0.0642,0.0726,0.0000,0.4801,1
39.683,11.5243,0.0654,0.0735,0.0000,0.4802,1
39.700,11.5244,0.0667,0.0758,0.0000,0.4802,1
39.717,11.5245,0.0680,0.0772,0.0000,0.4803,1
39.733,11.5246,0.0693,0.0779,0.0000,0.4805,1
39.750,11.5246,0.0705,0.0746,0.0000,0.4806,1
39.767,11.5247,0.0718,0.0747,0.0000,0.4807,1
39.783,11.5247,0.0730,0.0756,0.0000,0.4809,1
39.800,11.5248,0.0743,0.0773,0.0000,0.4810,1
39.817,11.5247,0.0756,0.0768,0.0000,0.4812,1
39.833,11.5248,0.0768,0.0733,0.0000,0.4814,1
39.850,11.5248,0.0781,0.0775,0.0000,0.4816,1
39.867,11.5248,0.0794,0.0778,0.0000,0.4818,1
39.883,11.5248,0.0808,0.0812,0.0000,0.4820,1
39.900,11.5248,0.0821,0.0794,0.0000,0.4823,1
39.917,11.5247,0.0833,0.0756,0.0000,0.4825,1
39.933,11.5247,0.0846,0.0757,0.0000,0.4828,1
39.950,11.5246,0.0858,0.0749,0.0000,0.4830,1
39.967,11.5246,0.0871,0.0741,0.0000,0.4833,1
39.983,11.5245,0.0883,0.0724,0.0000,0.4836,1
40.000,11.5245,0.0894,0.0678,0.0000,0.4839,1
40.017,11.5244,0.0906,0.0689,0.0000,0.4841,1
40.033,11.5243,0.0916,0.0649,0.0000,0.4844,1
40.050,11.5243,0.0926,0.0594,0.0000,0.4847,1
40.067,11.5242,0.0936,0.0576,0.0000,0.4849,1
40.083,11.5241,0.0945,0.0545,0.0000,0.4852,1
40.100,11.5241,0.0953,0.0494,0.0000,0.4854,1
40.117,11.5240,0.0961,0.0462,0.0000,0.4856,1
40.133,11.5239,0.0968,0.0426,0.0000,0.4858,1
40.150,11.5238,0.0974,0.0374,0.0000,0.4860,1
40.167,11.5238,0.0979,0.0305,0.0000,0.4862,1
40.183,11.5238,0.0983,0.0265,0.0000,0.4863,1
40.200,11.5237,0.0988,0.0249,0.0000,0.4864,1
40.217,11.5237,0.0991,0.0202,0.0000,0.4865,1
40.233,11.5237,0.0994,0.0177,0.0000,0.4865,1
40.250,11.5238,0.0997,0.0198,0.0000,0.4866,1
40.267,11.5238,0.1000,0.0151,0.0000,0.4866,1
40.283,11.5238,0.1001,0.0080,0.0000,0.4866,1
40.300,11.5238,0.1001,0.0002,0.0000,0.4866,1
40.317,11.5238,0.1000,0.0042,0.0000,0.4866,1
40.333,11.5238,0.0999,0.0067,0.0000,0.4865,1
40.350,11.5239,0.0997,0.0145,0.0000,0.4865,1
40.367,11.5239,0.0994,0.0197,0.0000,0.4864,1
40.383,11.5239,0.0990,0.0230,0.0000,0.4862,1
40.400,11.5240,0.0986,0.0252,0.0000,0.4861,1
40.417,11.5240,0.0981,0.0283,0.0000,0.4860,1
40.433,11.5241,0.0976,0.0322,0.0000,0.4858,1
40.450,11.5241,0.0969,0.0375,0.0000,0.4856,1
40.467,11.5242,0.0962,0.0413,0.0000,0.4854,1
40.483,11.5243,0.0955,0.0451,0.0000,0.4852,1
40.500,11.5243,0.0947,0.0492,0.0000,0.4850,1
40.517,11.5244,0.0938,0.0540,0.0000,0.4848,1
40.533,11.5245,0.0928,0.0586,0.0000,0.4845,1
40.550,11.5245,0.0918,0.0609,0.0000,0.4842,1
40.567,11.5246,0.0907,0.0641,0.0000,0.4840,1
40.583,11.5247,0.0896,0.0693,0.0000,0.4837,1
40.600,11.5247,0.0884,0.0689,0.0000,0.4834,1
40.617,11.5248,0.0873,0.0660,0.0000,0.4832,1
40.633,11.5248,0.0861,0.0729,0.0000,0.4829,1
40.650,11.5249,0.0850,0.0667,0.0000,0.4827,1
40.667,11.5249,0.0837,0.0761,0.0000,0.4824,1
40.683,11.5249,0.0824,0.0826,0.0000,0.4822,1
40.700,11.5249,0.0810,0.0798,0.0000,0.4820,1
40.717,11.5249,0.0796,0.0853,0.0000,0.4817,1
40.733,11.5250,0.0781,0.0905,0.0000,0.4814,1
40.750,11.5249,0.0766,0.0898,0.0000,0.4812,1
40.767,11.5249,0.0752,0.0822,0.0000,0.4810,1
40.783,11.5249,0.0739,0.0827,0.0000,0.4808,1
40.800,11.5248,0.0725,0.0843,0.0000,0.4807,1
40.817,11.5248,0.0711,0.0833,0.0000,0.4805,1
40.833,11.5247,0.0697,0.0849,0.0000,0.4804,1
40.850,11.5246,0.0682,0.0872,0.0000,0.4803,1
40.867,11.5245,0.0668,0.0872,0.0000,0.4802,1
40.883,11.5243,0.0654,0.0797,0.0000,0.4802,1
40.900,11.5242,0.0642,0.0726,0.0000,0.4801,1
40.917,11.5241,0.0632,0.0631,0.0000,0.4801,1
40.933,11.5240,0.0623,0.0548,0.0000,0.4800,1
40.950,11.5239,0.0615,0.0469,0.0000,0.4800,1
40.967,11.5239,0.0609,0.0393,0.0000,0.4800,1
40.983,11.5238,0.0603,0.0331,0.0000,0.4800,1
41.000,11.5237,0.0598,0.0290,0.0000,0.4800,1
41.017,11.5237,0.0594,0.0261,0.0000,0.4800,1
41.033,11.5236,0.0589,0.0289,0.0000,0.4800,1
41.050,11.5236,0.0584,0.0287,0.0000,0.4800,1
41.067,11.5235,0.0581,0.0202,0.0000,0.4800,1
41.083,11.5235,0.0579,0.0124,0.0000,0.4800,1
41.100,11.5235,0.0578,0.0094,0.0000,0.4800,1
41.117,11.5234,0.0575,0.0127,0.0000,0.4800,1
41.133,11.5234,0.0573,0.0148,0.0000,0.4800,1
41.150,11.5234,0.0571,0.0146,0.0000,0.4800,1
41.167,11.5233,0.0568,0.0142,0.0000,0.4801,1
41.183,11.5233,0.0568,0.0030,0.0000,0.4801,1
41.200,11.5233,0.0568,0.0019,0.0000,0.4801,1
41.217,11.5233,0.0568,0.0019,0.0000,0.4801,1
41.233,11.5233,0.0568,0.0001,0.0000,0.4801,1
41.250,11.5233,0.0567,0.0047,0.0000,0.4801,1
41.267,11.5233,0.0567,0.0043,0.0000,0.4801,1
41.283,11.5233,0.0565,0.0067,0.0000,0.4801,1
41.300,11.5233,0.0563,0.0162,0.0000,0.4801,1
41.317,11.5232,0.0561,0.0132,0.0000,0.4801,1
41.333,11.5232,0.0558,0.0129,0.0000,0.4801,1
41.350,11.5232,0.0557,0.0106,0.0000,0.4801,1
41.367,11.5231,0.0555,0.0118,0.0000,0.4801,1
41.383,11.5231,0.0553,0.0119,0.0000,0.4801,1
41.400,11.5231,0.0551,0.0131,0.0000,0.4801,1
41.417,11.5231,0.0549,0.0127,0.0000,0.4801,1
41.433,11.5230,0.0548,0.0009,0.0000,0.4801,1
41.450,11.5231,0.0549,0.0010,0.0000,0.4801,1
41.467,11.5231,0.0549,0.0032,0.0000,0.4801,1
41.483,11.5231,0.0550,0.0082,0.0000,0.4801,1
41.500,11.5231,0.0551,0.0046,0.0000,0.4801,1
41.517,11.5231,0.0552,0.0068,0.0000,0.4801,1
41.533,11.5231,0.0553,0.0065,0.0000,0.4801,1
41.550,11.5231,0.0554,0.0013,0.0000,0.4801,1
41.567,11.5231,0.0553,0.0007,0.0000,0.4801,1
41.583,11.5231,0.0553,0.0054,0.0000,0.4801,1
41.600,11.5231,0.0551,0.0077,0.0000,0.4801,1
41.617,11.5231,0.0550,0.0081,0.0000,0.4801,1
41.633,11.5230,0.0548,0.0106,0.0000,0.4801,1
41.650,11.5230,0.0546,0.0165,0.0000,0.4801,1
41.667,11.5230,0.0543,0.0159,0.0000,0.4801,1
41.683,11.5229,0.0541,0.0136,0.0000,0.4801,1
41.700,11.5229,0.0538,0.0159,0.0000,0.4801,1
41.717,11.5229,0.0537,0.0052,0.0000,0.4801,1
41.733,11.5229,0.0536,0.0040,0.0000,0.4801,1
41.750,11.5229,0.0536,0.0048,0.0000,0.4801,1
41.767,11.5229,0.0536,0.0018,0.0000,0.4801,1
41.783,11.5229,0.0535,0.0049,0.0000,0.4801,1
41.800,11.5229,0.0535,0.0033,0.0000,0.4801,1
41.817,11.5229,0.0535,0.0006,0.0000,0.4801,1
41.833,11.5229,0.0535,0.0036,0.0000,0.4801,1
41.850,11.5229,0.0536,0.0025,0.0000,0.4801,1
41.867,11.5229,0.0537,0.0096,0.0000,0.4801,1
41.883,11.5229,0.0540,0.0183,0.0000,0.4801,1
41.900,11.5230,0.0543,0.0182,0.0000,0.4801,1
41.917,11.5230,0.0546,0.0142,0.0000,0.4801,1
41.933,11.5231,0.0548,0.0157,0.0000,0.4801,1
41.950,11.5231,0.0550,0.0131,0.0000,0.4801,1
41.967,11.5231,0.0552,0.0121,0.0000,0.4801,1
41.983,11.5232,0.0555,0.0129,0.0000,0.4801,1
42.000,11.5232,0.0558,0.0224,0.0000,0.4801,1
42.017,11.5232,0.0562,0.0203,0.0000,0.4800,1
42.033,11.5233,0.0564,0.0166,0.0000,0.4800,1
42.050,11.5233,0.0567,0.0173,0.0000,0.4800,1
42.067,11.5234,0.0570,0.0185,0.0000,0.4800,1
42.083,11.5234,0.0573,0.0159,0.0000,0.4800,1
42.100,11.5234,0.0576,0.0178,0.0000,0.4800,1
42.117,11.5235,0.0580,0.0247,0.0000,0.4800,1
42.133,11.5236,0.0584,0.0237,0.0000,0.4800,1
42.150,11.5236,0.0587,0.0214,0.0000,0.4800,1
42.167,11.5236,0.0591,0.0197,0.0000,0.4800,1
42.183,11.5237,0.0594,0.0182,0.0000,0.4800,1
42.200,11.5237,0.0597,0.0218,0.0000,0.4800,1
42.217,11.5238,0.0601,0.0229,0.0000,0.4800,1
42.233,11.5238,0.0605,0.0238,0.0000,0.4800,1
42.250,11.5239,0.0609,0.0225,0.0000,0.4800,1
42.267,11.5239,0.0613,0.0289,0.0000,0.4800,1
42.283,11.5240,0.0618,0.0288,0.0000,0.4800,1
42.300,11.5240,0.0623,0.0301,0.0000,0.4800,1
42.317,11.5241,0.0628,0.0291,0.0000,0.4800,1
42.333,11.5241,0.0633,0.0326,0.0000,0.4801,1
42.350,11.5242,0.0639,0.0341,0.0000,0.4801,1
42.367,11.5243,0.0646,0.0391,0.0000,0.4801,1
42.383,11.5243,0.0651,0.0338,0.0000,0.4801,1
42.400,11.5244,0.0657,0.0372,0.0000,0.4802,1
42.417,11.5244,0.0664,0.0395,0.0000,0.4802,1
42.433,11.5245,0.0670,0.0379,0.0000,0.4802,1
42.450,11.5245,0.0678,0.0461,0.0000,0.4803,1
42.467,11.5246,0.0685,0.0435,0.0000,0.4803,1
42.483,11.5246,0.0692,0.0437,0.0000,0.4804,1
42.500,11.5247,0.0700,0.0436,0.0000,0.4805,1
42.517,11.5247,0.0707,0.0437,0.0000,0.4805,1
42.533,11.5247,0.0714,0.0426,0.0000,0.4806,1
42.550,11.5248,0.0721,0.0403,0.0000,0.4807,1
42.567,11.5248,0.0727,0.0405,0.0000,0.4807,1
42.583,11.5248,0.0734,0.0413,0.0000,0.4808,1
42.600,11.5248,0.0741,0.0412,0.0000,0.4809,1
42.617,11.5249,0.0748,0.0417,0.0000,0.4810,1
42.633,11.5249,0.0755,0.0421,0.0000,0.4811,1
42.650,11.5249,0.0761,0.0381,0.0000,0.4812,1
42.667,11.5249,0.0769,0.0440,0.0000,0.4813,1
42.683,11.5249,0.0776,0.0412,0.0000,0.4814,1
42.700,11.5249,0.0782,0.0390,0.0000,0.4815,1
42.717,11.5249,0.0789,0.0421,0.0000,0.4816,1
42.733,11.5249,0.0796,0.0395,0.0000,0.4817,1
42.750,11.5249,0.0802,0.0379,0.0000,0.4818,1
42.767,11.5249,0.0809,0.0410,0.0000,0.4819,1
42.783,11.5249,0.0815,0.0370,0.0000,0.4820,1
42.800,11.5249,0.0820,0.0315,0.0000,0.4821,1
42.817,11.5249,0.0825,0.0255,0.0000,0.4822,1
42.833,11.5249,0.0829,0.0286,0.0000,0.4823,1
42.850,11.5249,0.0833,0.0224,0.0000,0.4824,1
42.867,11.5249,0.0837,0.0224,0.0000,0.4824,1
42.883,11.5249,0.0840,0.0196,0.0000,0.4825,1
42.900,11.5249,0.0844,0.0221,0.0000,0.4826,1
42.917,11.5249,0.0847,0.0188,0.0000,0.4826,1
42.933,11.5248,0.0849,0.0144,0.0000,0.4827,1
42.950,11.5248,0.0852,0.0155,0.0000,0.4828,1
42.967,11.5248,0.0854,0.0149,0.0000,0.4828,1
42.983,11.5248,0.0857,0.0151,0.0000,0.4829,1
43.000,11.5248,0.0858,0.0099,0.0000,0.4829,1
43.017,11.5248,0.0861,0.0183,0.0000,0.4829,1
43.033,11.5248,0.0864,0.0140,0.0000,0.4830,1
43.050,11.5248,0.0865,0.0093,0.0000,0.4830,1
43.067,11.5248,0.0866,0.0057,0.0000,0.4830,1
43.083,11.5248,0.0866,0.0050,0.0000,0.4830,1
43.100,11.5248,0.0864,0.0084,0.0000,0.4830,1
43.117,11.5248,0.0862,0.0129,0.0000,0.4830,1
43.133,11.5248,0.0859,0.0186,0.0000,0.4829,1
43.150,11.5248,0.0855,0.0206,0.0000,0.4828,1
43.167,11.5248,0.0852,0.0211,0.0000,0.4827,1
43.183,11.5248,0.0849,0.0172,0.0000,0.4827,1
43.200,11.5249,0.0846,0.0174,0.0000,0.4826,1
43.217,11.5249,0.0842,0.0231,0.0000,0.4825,1
43.233,11.5249,0.0838,0.0250,0.0000,0.4824,1
43.250,11.5248,0.0832,0.0376,0.0000,0.4824,1
43.267,11.5248,0.0826,0.0342,0.0000,0.4824,1
43.283,11.5248,0.0820,0.0343,0.0000,0.4822,1
43.300,11.5247,0.0813,0.0428,0.0000,0.4822,1
43.317,11.5247,0.0806,0.0446,0.0000,0.4820,1
43.333,11.5248,0.0797,0.0509,0.0000,0.4819,1
43.350,11.5248,0.0788,0.0563,0.0000,0.4817,1
43.367,11.5248,0.0778,0.0598,0.0000,0.4815,1
43.383,11.5248,0.0769,0.0559,0.0000,0.4814,1
43.400,11.5248,0.0761,0.0451,0.0000,0.4813,1
43.417,11.5248,0.0755,0.0378,0.0000,0.4812,1
43.433,11.5248,0.0749,0.0330,0.0000,0.4811,1
43.450,11.5248,0.0745,0.0297,0.0000,0.4810,1
43.467,11.5248,0.0740,0.0280,0.0000,0.4810,1
43.483,11.5247,0.0735,0.0302,0.0000,0.4809,1
43.500,11.5247,0.0729,0.0334,0.0000,0.4808,1
43.517,11.5247,0.0725,0.0284,0.0000,0.4808,1
43.533,11.5247,0.0720,0.0250,0.0000,0.4807,1
43.550,11.5247,0.0716,0.0262,0.0000,0.4807,1
43.567,11.5247,0.0713,0.0190,0.0000,0.4806,1
43.583,11.5247,0.0709,0.0217,0.0000,0.4806,1
43.600,11.5246,0.0705,0.0250,0.0000,0.4806,1
43.617,11.5246,0.0701,0.0251,0.0000,0.4805,1
43.633,11.5246,0.0696,0.0292,0.0000,0.4805,1
43.650,11.5245,0.0691,0.0277,0.0000,0.4805,1
43.667,11.5245,0.0687,0.0275,0.0000,0.4805,1
43.683,11.5244,0.0682,0.0285,0.0000,0.4804,1
43.700,11.5244,0.0677,0.0329,0.0000,0.4804,1
43.717,11.5244,0.0671,0.0331,0.0000,0.4803,1
43.733,11.5243,0.0666,0.0292,0.0000,0.4803,1
43.750,11.5243,0.0663,0.0182,0.0000,0.4803,1
43.767,11.5243,0.0662,0.0111,0.0000,0.4803,1
43.783,11.5243,0.0661,0.0039,0.0000,0.4803,1
43.800,11.5243,0.0658,0.0151,0.0000,0.4803,1
43.817,11.5242,0.0656,0.0141,0.0000,0.4803,1
43.833,11.5242,0.0654,0.0118,0.0000,0.4802,1
43.850,11.5242,0.0652,0.0138,0.0000,0.4802,1
43.867,11.5242,0.0649,0.0141,0.0000,0.4802,1
43.883,11.5241,0.0647,0.0170,0.0000,0.4802,1
43.900,11.5241,0.0644,0.0181,0.0000,0.4802,1
43.917,11.5241,0.0641,0.0160,0.0000,0.4802,1
43.933,11.5241,0.0638,0.0188,0.0000,0.4802,1
43.950,11.5240,0.0636,0.0099,0.0000,0.4802,1
43.967,11.5240,0.0635,0.0096,0.0000,0.4802,1
43.983,11.5240,0.0634,0.0052,0.0000,0.4802,1
44.000,11.5240,0.0633,0.0071,0.0000,0.4802,1
44.017,11.5240,0.0633,0.0035,0.0000,0.4802,1
44.033,11.5240,0.0633,0.0002,0.0000,0.4802,1
44.050,11.5240,0.0633,0.0015,0.0000,0.4802,1
44.067,11.5240,0.0633,0.0021,0.0000,0.4802,1
44.083,11.5240,0.0633,0.0005,0.0000,0.4802,1
44.100,11.5240,0.0634,0.0034,0.0000,0.4802,1
44.117,11.5240,0.0634,0.0021,0.0000,0.4802,1
44.133,11.5240,0.0634,0.0024,0.0000,0.4802,1
44.150,11.5240,0.0634,0.0009,0.0000,0.4802,1
44.167,11.5240,0.0636,0.0117,0.0000,0.4802,1
44.183,11.5240,0.0638,0.0123,0.0000,0.4802,1
44.200,11.5241,0.0640,0.0123,0.0000,0.4802,1
44.217,11.5241,0.0642,0.0108,0.0000,0.4802,1
44.233,11.5241,0.0643,0.0067,0.0000,0.4802,1
44.250,11.5241,0.0644,0.0041,0.0000,0.4802,1
44.267,11.5241,0.0643,0.0030,0.0000,0.4802,1
44.283,11.5241,0.0642,0.0040,0.0000,0.4802,1
44.300,11.5241,0.0641,0.0094,0.0000,0.4802,1
44.317,11.5240,0.0639,0.0117,0.0000,0.4802,1
44.333,11.5240,0.0636,0.0172,0.0000,0.4802,1
44.350,11.5240,0.0633,0.0175,0.0000,0.4802,1
44.367,11.5239,0.0631,0.0141,0.0000,0.4802,1
44.383,11.5239,0.0630,0.0065,0.0000,0.4802,1
44.400,11.5239,0.0628,0.0118,0.0000,0.4802,1
44.417,11.5239,0.0626,0.0108,0.0000,0.4802,1
44.433,11.5239,0.0624,0.0107,0.0000,0.4802,1
44.450,11.5239,0.0621,0.0174,0.0000,0.4802,1
44.467,11.5238,0.0619,0.0161,0.0000,0.4802,1
44.483,11.5238,0.0617,0.0089,0.0000,0.4802,1
44.500,11.5238,0.0615,0.0113,0.0000,0.4802,1
44.517,11.5238,0.0613,0.0135,0.0000,0.4802,1
44.533,11.5237,0.0611,0.0147,0.0000,0.4802,1
44.550,11.5237,0.0608,0.0147,0.0000,0.4801,1
44.567,11.5237,0.0604,0.0238,0.0000,0.4801,1
44.583,11.5237,0.0601,0.0226,0.0000,0.4801,1
44.600,11.5236,0.0597,0.0228,0.0000,0.4801,1
44.617,11.5236,0.0593,0.0227,0.0000,0.4801,1
44.633,11.5236,0.0590,0.0200,0.0000,0.4801,1
44.650,11.5235,0.0587,0.0171,0.0000,0.4801,1
44.667,11.5235,0.0584,0.0192,0.0000,0.4800,1
44.683,11.5235,0.0581,0.0182,0.0000,0.4800,1
44.700,11.5234,0.0577,0.0217,0.0000,0.4800,1
44.717,11.5234,0.0574,0.0189,0.0000,0.4800,1
44.733,11.5234,0.0572,0.0123,0.0000,0.4800,1
44.750,11.5234,0.0570,0.0129,0.0000,0.4800,1
44.767,11.5233,0.0568,0.0082,0.0000,0.4800,1
44.783,11.5233,0.0568,0.0016,0.0000,0.4800,1
44.800,11.5233,0.0568,0.0031,0.0000,0.4800,1
44.817,11.5233,0.0567,0.0044,0.0000,0.4800,1
44.833,11.5233,0.0567,0.0014,0.0000,0.4800,1
44.850,11.5233,0.0567,0.0003,0.0000,0.4800,1
44.867,11.5233,0.0567,0.0012,0.0000,0.4800,1
44.883,11.5234,0.0570,0.0159,0.0000,0.4800,1
44.900,11.5234,0.0572,0.0140,0.0000,0.4800,1
44.917,11.5234,0.0573,0.0084,0.0000,0.4800,1
44.933,11.5234,0.0575,0.0088,0.0000,0.4800,1
44.950,11.5234,0.0577,0.0143,0.0000,0.4800,1
44.967,11.5235,0.0579,0.0092,0.0000,0.4800,1
44.983,11.5235,0.0580,0.0069,0.0000,0.4801,1
45.000,11.5235,0.0581,0.0060,0.0000,0.4801,1
45.017,11.5235,0.0582,0.0081,0.0000,0.4801,1
45.033,11.5235,0.0584,0.0121,0.0000,0.4801,1
45.050,11.5235,0.0586,0.0120,0.0000,0.4801,1
45.067,11.5236,0.0589,0.0140,0.0000,0.4801,1
45.083,11.5236,0.0590,0.0087,0.0000,0.4801,1
45.100,11.5236,0.0591,0.0049,0.0000,0.4801,1
45.117,11.5236,0.0591,0.0020,0.0000,0.4801,1
45.133,11.5236,0.0591,0.0006,0.0000,0.4801,1
45.150,11.5236,0.0590,0.0055,0.0000,0.4801,1
45.167,11.5236,0.0590,0.0012,0.0000,0.4801,1
45.183,11.5236,0.0589,0.0036,0.0000,0.4801,1
45.200,11.5236,0.0590,0.0044,0.0000,0.4801,1
45.217,11.5236,0.0593,0.0145,0.0000,0.4801,1
45.233,11.5236,0.0594,0.0091,0.0000,0.4801,1
45.250,11.5236,0.0594,0.0021,0.0000,0.4801,1
45.267,11.5236,0.0594,0.0038,0.0000,0.4801,1
45.283,11.5236,0.0593,0.0046,0.0000,0.4801,1
45.300,11.5236,0.0593,0.0007,0.0000,0.4801,1
45.317,11.5236,0.0593,0.0004,0.0000,0.4801,1
45.333,11.5236,0.0594,0.0088,0.0000,0.4801,1
45.350,11.5236,0.0596,0.0086,0.0000,0.4801,1
45.367,11.5236,0.0596,0.0013,0.0000,0.4801,1
45.383,11.5236,0.0597,0.0047,0.0000,0.4801,1
45.400,11.5236,0.0596,0.0022,0.0000,0.4801,1
45.417,11.5236,0.0595,0.0090,0.0000,0.4801,1
45.433,11.5236,0.0593,0.0127,0.0000,0.4801,1
45.450,11.5235,0.0591,0.0131,0.0000,0.4801,1
45.467,11.5235,0.0589,0.0098,0.0000,0.4801,1
45.483,11.5235,0.0589,0.0013,0.0000,0.4801,1
45.500,11.5235,0.0588,0.0081,0.0000,0.4801,1
45.517,11.5235,0.0586,0.0094,0.0000,0.4801,1
45.533,11.5235,0.0585,0.0083,0.0000,0.4801,1
45.550,11.5235,0.0583,0.0082,0.0000,0.4801,1
45.567,11.5234,0.0581,0.0124,0.0000,0.4801,1
45.583,11.5234,0.0580,0.0076,0.0000,0.4801,1
45.600,11.5234,0.0579,0.0042,0.0000,0.4801,1
45.617,11.5234,0.0579,0.0015,0.0000,0.4801,1
45.633,11.5234,0.0580,0.0077,0.0000,0.4801,1
45.650,11.5234,0.0581,0.0016,0.0000,0.4801,1
45.667,11.5234,0.0582,0.0072,0.0000,0.4801,1
45.683,11.5234,0.0582,0.0012,0.0000,0.4801,1
45.700,11.5234,0.0582,0.0004,0.0000,0.4801,1
45.717,11.5234,0.0582,0.0011,0.0000,0.4801,1
45.733,11.5234,0.0582,0.0001,0.0000,0.4801,1
45.750,11.5234,0.0582,0.0008,0.0000,0.4801,1
45.767,11.5234,0.0582,0.0021,0.0000,0.4801,1
45.783,11.5234,0.0582,0.0013,0.0000,0.4801,1
45.800,11.5234,0.0583,0.0040,0.0000,0.4801,1
45.817,11.5235,0.0585,0.0130,0.0000,0.4801,1
45.833,11.5235,0.0587,0.0110,0.0000,0.4801,1
45.850,11.5235,0.0589,0.0131,0.0000,0.4801,1
45.867,11.5235,0.0591,0.0124,0.0000,0.4801,1
45.883,11.5235,0.0592,0.0053,0.0000,0.4802,1
45.900,11.5235,0.0592,0.0006,0.0000,0.4801,1
45.917,11.5235,0.0592,0.0008,0.0000,0.4801,1
45.933,11.5235,0.0592,0.0001,0.0000,0.4801,1
45.950,11.5235,0.0592,0.0012,0.0000,0.4802,1
45.967,11.5235,0.0591,0.0040,0.0000,0.4802,1
45.983,11.5235,0.0591,0.0006,0.0000,0.4802,1
46.000,11.5235,0.0591,0.0005,0.0000,0.4802,1
46.017,11.5235,0.0591,0.0026,0.0000,0.4802,1
46.033,11.5235,0.0591,0.0025,0.0000,0.4802,1
46.050,11.5235,0.0591,0.0030,0.0000,0.4802,1
46.067,11.5235,0.0590,0.0020,0.0000,0.4802,1
46.083,11.5235,0.0590,0.0012,0.0000,0.4802,1
46.100,11.5235,0.0592,0.0070,0.0000,0.4802,1
46.117,11.5235,0.0592,0.0007,0.0000,0.4802,1
46.133,11.5235,0.0591,0.0040,0.0000,0.4802,1
46.150,11.5235,0.0591,0.0008,0.0000,0.4802,1
46.167,11.5234,0.0590,0.0054,0.0000,0.4802,1
46.183,11.5234,0.0589,0.0073,0.0000,0.4802,1
46.200,11.5234,0.0588,0.0064,0.0000,0.4802,1
46.217,11.5234,0.0587,0.0023,0.0000,0.4802,1
46.233,11.5234,0.0586,0.0089,0.0000,0.4802,1
46.250,11.5234,0.0584,0.0104,0.0000,0.4802,1
46.267,11.5233,0.0582,0.0122,0.0000,0.4802,1
46.283,11.5233,0.0579,0.0185,0.0000,0.4802,1
46.300,11.5233,0.0576,0.0183,0.0000,0.4802,1
46.317,11.5233,0.0573,0.0160,0.0000,0.4802,1
46.333,11.5232,0.0570,0.0218,0.0000,0.4802,1
46.350,11.5232,0.0566,0.0225,0.0000,0.4801,1
46.367,11.5232,0.0564,0.0086,0.0000,0.4802,1
46.383,11.5232,0.0563,0.0083,0.0000,0.4801,1
46.400,11.5232,0.0561,0.0106,0.0000,0.4801,1
46.417,11.5231,0.0559,0.0131,0.0000,0.4801,1
46.433,11.5231,0.0559,0.0029,0.0000,0.4801,1
46.450,11.5231,0.0559,0.0007,0.0000,0.4801,1
46.467,11.5231,0.0559,0.0011,0.0000,0.4801,1
46.483,11.5231,0.0559,0.0008,0.0000,0.4801,1
46.500,11.5231,0.0559,0.0018,0.0000,0.4801,1
46.517,11.5231,0.0560,0.0034,0.0000,0.4801,1
46.533,11.5231,0.0560,0.0025,0.0000,0.4801,1
46.550,11.5231,0.0561,0.0036,0.0000,0.4801,1
46.567,11.5232,0.0561,0.0042,0.0000,0.4801,1
46.583,11.5231,0.0561,0.0020,0.0000,0.4801,1
46.600,11.5231,0.0560,0.0046,0.0000,0.4801,1
46.617,11.5231,0.0559,0.0076,0.0000,0.4801,1
46.633,11.5231,0.0559,0.0016,0.0000,0.4801,1
46.650,11.5231,0.0558,0.0062,0.0000,0.4801,1
46.667,11.5231,0.0556,0.0081,0.0000,0.4801,1
46.683,11.5231,0.0555,0.0089,0.0000,0.4801,1
46.700,11.5231,0.0554,0.0063,0.0000,0.4801,1
46.717,11.5230,0.0553,0.0082,0.0000,0.4801,1
46.733,11.5230,0.0551,0.0102,0.0000,0.4801,1
46.750,11.5230,0.0548,0.0170,0.0000,0.4801,1
46.767,11.5230,0.0545,0.0203,0.0000,0.4801,1
46.783,11.5230,0.0543,0.0125,0.0000,0.4801,1
46.800,11.5230,0.0542,0.0037,0.0000,0.4801,1
46.817,11.5230,0.0542,0.0022,0.0000,0.4801,1
46.833,11.5230,0.0542,0.0004,0.0000,0.4801,1
46.850,11.5230,0.0541,0.0026,0.0000,0.4801,1
46.867,11.5229,0.0540,0.0062,0.0000,0.4801,1
46.883,11.5229,0.0539,0.0101,0.0000,0.4801,1
46.900,11.5229,0.0536,0.0171,0.0000,0.4801,1
46.917,11.5228,0.0531,0.0305,0.0000,0.4801,1
46.933,11.5228,0.0527,0.0242,0.0000,0.4801,1
46.950,11.5228,0.0523,0.0259,0.0000,0.4801,1
46.967,11.5228,0.0520,0.0182,0.0000,0.4801,1
46.983,11.5227,0.0517,0.0127,0.0000,0.4800,1
47.000,11.5227,0.0516,0.0092,0.0000,0.4800,1
47.017,11.5227,0.0514,0.0093,0.0000,0.4800,1
47.033,11.5227,0.0513,0.0057,0.0000,0.4800,1
47.050,11.5227,0.0512,0.0103,0.0000,0.4800,1
47.067,11.5227,0.0509,0.0179,0.0000,0.4800,1
47.083,11.5226,0.0506,0.0177,0.0000,0.4800,1
47.100,11.5226,0.0505,0.0052,0.0000,0.4800,1
47.117,11.5226,0.0502,0.0183,0.0000,0.4800,1
47.133,11.5226,0.0499,0.0155,0.0000,0.4800,1
47.150,11.5226,0.0497,0.0150,0.0000,0.4800,1
47.167,11.5226,0.0496,0.0078,0.0000,0.4800,1
47.183,11.5225,0.0494,0.0064,0.0000,0.4800,1
47.200,11.5225,0.0494,0.0054,0.0000,0.4800,1
47.217,11.5225,0.0493,0.0052,0.0000,0.4800,1
47.233,11.5225,0.0492,0.0030,0.0000,0.4800,1
47.250,11.5225,0.0492,0.0016,0.0000,0.4800,1
47.267,11.5225,0.0493,0.0020,0.0000,0.4800,1
47.283,11.5225,0.0493,0.0026,0.0000,0.4800,1
47.300,11.5225,0.0494,0.0062,0.0000,0.4800,1
47.317,11.5226,0.0495,0.0056,0.0000,0.4800,1
47.333,11.5225,0.0495,0.0031,0.0000,0.4800,1
47.350,11.5225,0.0493,0.0088,0.0000,0.4800,1
47.367,11.5225,0.0492,0.0085,0.0000,0.4800,1
47.383,11.5225,0.0492,0.0009,0.0000,0.4800,1
47.400,11.5225,0.0490,0.0075,0.0000,0.4800,1
47.417,11.5225,0.0489,0.0117,0.0000,0.4800,1
47.433,11.5225,0.0487,0.0073,0.0000,0.4800,1
47.450,11.5225,0.0487,0.0014,0.0000,0.4800,1
47.467,11.5225,0.0486,0.0044,0.0000,0.4800,1
47.483,11.5225,0.0486,0.0008,0.0000,0.4800,1
47.500,11.5225,0.0486,0.0031,0.0000,0.4800,1
47.517,11.5225,0.0485,0.0043,0.0000,0.4800,1
47.533,11.5225,0.0485,0.0006,0.0000,0.4800,1
47.550,11.5224,0.0485,0.0046,0.0000,0.4800,1
47.567,11.5224,0.0484,0.0035,0.0000,0.4800,1
47.583,11.5224,0.0483,0.0063,0.0000,0.4800,1
47.600,11.5224,0.0482,0.0072,0.0000,0.4800,1
47.617,11.5224,0.0481,0.0056,0.0000,0.4800,1
47.633,11.5224,0.0479,0.0106,0.0000,0.4800,1
47.650,11.5224,0.0478,0.0094,0.0000,0.4800,1
47.667,11.5224,0.0476,0.0096,0.0000,0.4800,1
47.683,11.5224,0.0476,0.0018,0.0000,0.4800,1
47.700,11.5224,0.0477,0.0100,0.0000,0.4800,1
47.717,11.5224,0.0480,0.0141,0.0000,0.4800,1
47.733,11.5224,0.0481,0.0065,0.0000,0.4800,1
47.750,11.5224,0.0482,0.0062,0.0000,0.4800,1
47.767,11.5224,0.0482,0.0018,0.0000,0.4800,1
47.783,11.5224,0.0482,0.0024,0.0000,0.4800,1
47.800,11.5224,0.0483,0.0054,0.0000,0.4800,1
47.817,11.5224,0.0484,0.0068,0.0000,0.4800,1
47.833,11.5224,0.0485,0.0058,0.0000,0.4800,1
47.850,11.5224,0.0485,0.0014,0.0000,0.4800,1
47.867,11.5224,0.0485,0.0005,0.0000,0.4800,1
47.883,11.5224,0.0485,0.0024,0.0000,0.4800,1
47.900,11.5224,0.0485,0.0004,0.0000,0.4800,1
47.917,11.5224,0.0485,0.0031,0.0000,0.4800,1
47.933,11.5224,0.0484,0.0058,0.0000,0.4800,1
47.950,11.5224,0.0483,0.0061,0.0000,0.4800,1
47.967,11.5224,0.0482,0.0036,0.0000,0.4800,1
47.983,11.5224,0.0481,0.0067,0.0000,0.4800,1
48.000,11.5224,0.0480,0.0068,0.0000,0.4800,1
48.017,11.5224,0.0479,0.0070,0.0000,0.4800,1
48.033,11.5224,0.0478,0.0082,0.0000,0.4800,1
48.050,11.5224,0.0476,0.0065,0.0000,0.4800,1
48.067,11.5223,0.0476,0.0051,0.0000,0.4800,1
48.083,11.5223,0.0475,0.0050,0.0000,0.4800,1
48.100,11.5223,0.0475,0.0004,0.0000,0.4800,1
48.117,11.5223,0.0474,0.0063,0.0000,0.4800,1
48.133,11.5223,0.0472,0.0073,0.0000,0.4800,1
48.150,11.5222,0.0471,0.0115,0.0000,0.4801,1
48.167,11.5223,0.0469,0.0125,0.0000,0.4800,1
48.183,11.5223,0.0467,0.0124,0.0000,0.4800,1
48.200,11.5222,0.0464,0.0133,0.0000,0.4800,1
48.217,11.5222,0.0463,0.0094,0.0000,0.4800,1
48.233,11.5222,0.0463,0.0022,0.0000,0.4800,1
48.250,11.5222,0.0463,0.0005,0.0000,0.4800,1
48.267,11.5222,0.0463,0.0017,0.0000,0.4800,1
48.283,11.5222,0.0463,0.0017,0.0000,0.4800,1
48.300,11.5222,0.0462,0.0012,0.0000,0.4800,1
48.317,11.5222,0.0462,0.0016,0.0000,0.4800,1
48.333,11.5222,0.0462,0.0022,0.0000,0.4800,1
48.350,11.5222,0.0462,0.0008,0.0000,0.4800,1
48.367,11.5222,0.0462,0.0010,0.0000,0.4800,1
48.383,11.5222,0.0462,0.0022,0.0000,0.4800,1
48.400,11.5222,0.0464,0.0072,0.0000,0.4800,1
48.417,11.5222,0.0463,0.0017,0.0000,0.4800,1
48.433,11.5222,0.0462,0.0078,0.0000,0.4800,1
48.450,11.5222,0.0461,0.0075,0.0000,0.4800,1
48.467,11.5222,0.0459,0.0139,0.0000,0.4800,1
48.483,11.5222,0.0456,0.0153,0.0000,0.4800,1
48.500,11.5221,0.0454,0.0148,0.0000,0.4800,1
48.517,11.5221,0.0451,0.0125,0.0000,0.4800,1
48.533,11.5221,0.0451,0.0045,0.0000,0.4800,1
48.550,11.5221,0.0450,0.0033,0.0000,0.4800,1
48.567,11.5221,0.0449,0.0040,0.0000,0.4800,1
48.583,11.5221,0.0449,0.0035,0.0000,0.4800,1
48.600,11.5221,0.0449,0.0010,0.0000,0.4800,1
48.617,11.5221,0.0449,0.0023,0.0000,0.4800,1
48.633,11.5221,0.0450,0.0060,0.0000,0.4800,1
48.650,11.5221,0.0450,0.0030,0.0000,0.4800,1
48.667,11.5220,0.0448,0.0116,0.0000,0.4801,1
48.683,11.5221,0.0446,0.0124,0.0000,0.4800,1
48.700,11.5220,0.0443,0.0148,0.0000,0.4800,1
48.717,11.5220,0.0442,0.0110,0.0000,0.4800,1
48.733,11.5220,0.0440,0.0089,0.0000,0.4800,1
48.750,11.5220,0.0439,0.0063,0.0000,0.4800,1
48.767,11.5220,0.0438,0.0089,0.0000,0.4800,1
48.783,11.5220,0.0436,0.0090,0.0000,0.4800,1
48.800,11.5220,0.0435,0.0061,0.0000,0.4800,1
48.817,11.5220,0.0433,0.0112,0.0000,0.4800,1
48.833,11.5219,0.0431,0.0152,0.0000,0.4800,1
48.850,11.5219,0.0428,0.0181,0.0000,0.4800,1
48.867,11.5219,0.0427,0.0054,0.0000,0.4800,1
48.883,11.5219,0.0426,0.0031,0.0000,0.4800,1
48.900,11.5219,0.0426,0.0004,0.0000,0.4800,1
48.917,11.5219,0.0426,0.0011,0.0000,0.4800,1
48.933,11.5219,0.0427,0.0025,0.0000,0.4800,1
48.950,11.5219,0.0427,0.0012,0.0000,0.4800,1
48.967,11.5219,0.0426,0.0067,0.0000,0.4800,1
48.983,11.5219,0.0425,0.0062,0.0000,0.4800,1
49.000,11.5219,0.0425,0.0003,0.0000,0.4800,1
