t,robot_x,robot_y,robot_speed,walker_y,gap,walking
0.017,1.5000,-0.0000,0.0000,1.9000,10.6705,0
0.033,1.5000,-0.0000,0.0002,1.9000,10.6705,0
0.050,1.5000,-0.0000,0.0002,1.9000,10.6705,0
0.067,1.5000,-0.0000,0.0002,1.9000,10.6705,0
0.083,1.5000,-0.0000,0.0002,1.9000,10.6705,0
0.100,1.5000,-0.0000,0.0002,1.9000,10.6705,0
0.117,1.5000,0.0000,0.0002,1.9000,10.6705,0
0.133,1.5000,-0.0000,0.0002,1.9000,10.6705,0
0.150,1.5000,0.0000,0.0002,1.9000,10.6705,0
0.167,1.5000,-0.0000,0.0002,1.9000,10.6705,0
0.183,1.5000,0.0000,0.0002,1.9000,10.6705,0
0.200,1.5000,-0.0000,0.0002,1.9000,10.6705,0
0.217,1.5001,0.0000,0.0002,1.9000,10.6705,0
0.233,1.5001,-0.0000,0.0002,1.9000,10.6705,0
0.250,1.5001,0.0000,0.0002,1.9000,10.6705,0
0.267,1.5001,-0.0000,0.0002,1.9000,10.6705,0
0.283,1.5001,-0.0000,0.0002,1.9000,10.6705,0
0.300,1.5001,-0.0000,0.0002,1.9000,10.6704,0
0.317,1.5001,0.0000,0.0002,1.9000,10.6704,0
0.333,1.5001,0.0000,0.0002,1.9000,10.6704,0
0.350,1.5001,-0.0000,0.0002,1.9000,10.6704,0
0.367,1.5001,-0.0000,0.0002,1.9000,10.6704,0
0.383,1.5001,-0.0000,0.0002,1.9000,10.6704,0
0.400,1.5001,-0.0000,0.0002,1.9000,10.6704,0
0.417,1.5001,-0.0000,0.0002,1.9000,10.6704,0
0.433,1.5001,-0.0000,0.0002,1.9000,10.6704,0
0.450,1.5001,-0.0000,0.0002,1.9000,10.6704,0
0.467,1.5001,-0.0000,0.0002,1.9000,10.6704,0
0.483,1.5001,-0.0000,0.0002,1.9000,10.6704,0
0.500,1.5001,-0.0000,0.0002,1.9000,10.6704,0
0.517,1.5001,-0.0000,0.0002,1.9000,10.6704,0
0.533,1.5001,-0.0000,0.0002,1.9000,10.6704,0
0.550,1.5001,-0.0000,0.0002,1.9000,10.6704,0
0.567,1.5001,-0.0000,0.0002,1.9000,10.6704,0
0.583,1.5001,-0.0000,0.0002,1.9000,10.6704,0
0.600,1.5001,-0.0000,0.0002,1.9000,10.6704,0
0.617,1.5001,0.0000,0.0002,1.9000,10.6704,0
0.633,1.5001,-0.0000,0.0002,1.9000,10.6704,0
0.650,1.5001,-0.0000,0.0002,1.9000,10.6704,0
0.667,1.5002,-0.0000,0.0002,1.9000,10.6704,0
0.683,1.5002,-0.0000,0.0002,1.9000,10.6704,0
0.700,1.5002,-0.0000,0.0002,1.9000,10.6704,0
0.717,1.5002,-0.0000,0.0002,1.9000,10.6704,0
0.733,1.5002,-0.0000,0.0002,1.9000,10.6704,0
0.750,1.5002,0.0000,0.0002,1.9000,10.6704,0
0.767,1.5002,-0.0000,0.0002,1.9000,10.6704,0
0.783,1.5002,-0.0000,0.0002,1.9000,10.6703,0
0.800,1.5002,-0.0000,0.0002,1.9000,10.6703,0
0.817,1.5002,-0.0000,0.0002,1.9000,10.6703,0
0.833,1.5002,-0.0000,0.0002,1.9000,10.6703,0
0.850,1.5002,-0.0000,0.0002,1.9000,10.6703,0
0.867,1.5002,-0.0000,0.0002,1.9000,10.6703,0
0.883,1.5002,-0.0000,0.0002,1.9000,10.6703,0
0.900,1.5002,-0.0000,0.0002,1.9000,10.6703,0
0.917,1.5002,0.0000,0.0002,1.9000,10.6703,0
0.933,1.5002,-0.0000,0.0002,1.9000,10.6703,0
0.950,1.5002,-0.0000,0.0003,1.9000,10.6703,0
0.967,1.5002,-0.0000,0.0002,1.9000,10.6703,0
0.983,1.5002,-0.0000,0.0002,1.9000,10.6703,0
1.000,1.5002,-0.0000,0.0002,1.9000,10.6703,0
1.017,1.5002,-0.0000,0.0002,1.9000,10.6703,0
1.033,1.5002,-0.0000,0.0002,1.9000,10.6703,0
1.050,1.5002,0.0000,0.0002,1.9000,10.6703,0
1.067,1.5002,-0.0000,0.0002,1.9000,10.6703,0
1.083,1.5002,-0.0000,0.0002,1.9000,10.6703,0
1.100,1.5002,0.0000,0.0002,1.9000,10.6703,0
1.117,1.5002,-0.0000,0.0002,1.9000,10.6703,0
1.133,1.5003,0.0000,0.0002,1.9000,10.6703,0
1.150,1.5003,-0.0000,0.0002,1.9000,10.6703,0
1.167,1.5003,0.0000,0.0002,1.9000,10.6703,0
1.183,1.5003,-0.0000,0.0002,1.9000,10.6703,0
1.200,1.5003,-0.0000,0.0002,1.9000,10.6703,0
1.217,1.5003,-0.0000,0.0002,1.9000,10.6703,0
1.233,1.5003,-0.0000,0.0002,1.9000,10.6703,0
1.250,1.5003,-0.0000,0.0002,1.9000,10.6702,0
1.267,1.5003,0.0000,0.0002,1.9000,10.6702,0
1.283,1.5003,-0.0000,0.0002,1.9000,10.6702,0
1.300,1.5003,-0.0000,0.0002,1.9000,10.6702,0
1.317,1.5003,-0.0000,0.0002,1.9000,10.6702,0
1.333,1.5003,0.0000,0.0002,1.9000,10.6702,0
1.350,1.5003,-0.0000,0.0002,1.9000,10.6702,0
1.367,1.5003,0.0000,0.0002,1.9000,10.6702,0
1.383,1.5003,-0.0000,0.0002,1.9000,10.6702,0
1.400,1.5003,-0.0000,0.0002,1.9000,10.6702,0
1.417,1.5003,-0.0000,0.0002,1.9000,10.6702,0
1.433,1.5003,-0.0000,0.0002,1.9000,10.6702,0
1.450,1.5003,0.0000,0.0002,1.9000,10.6702,0
1.467,1.5003,-0.0000,0.0002,1.9000,10.6702,0
1.483,1.5003,-0.0000,0.0002,1.9000,10.6702,0
1.500,1.5003,-0.0000,0.0002,1.9000,10.6702,0
1.517,1.5003,0.0000,0.0002,1.9000,10.6702,0
1.533,1.5003,-0.0000,0.0002,1.9000,10.6702,0
1.550,1.5003,0.0000,0.0002,1.9000,10.6702,0
1.567,1.5003,-0.0000,0.0002,1.9000,10.6702,0
1.583,1.5003,0.0000,0.0002,1.9000,10.6702,0
1.600,1.5004,-0.0000,0.0002,1.9000,10.6702,0
1.617,1.5004,0.0000,0.0002,1.9000,10.6702,0
1.633,1.5004,-0.0000,0.0002,1.9000,10.6702,0
1.650,1.5004,0.0000,0.0002,1.9000,10.6702,0
1.667,1.5004,-0.0000,0.0002,1.9000,10.6702,0
1.683,1.5004,-0.0000,0.0002,1.9000,10.6702,0
1.700,1.5004,-0.0000,0.0002,1.9000,10.6702,0
1.717,1.5004,-0.0000,0.0002,1.9000,10.6701,0
1.733,1.5004,-0.0000,0.0002,1.9000,10.6701,0
1.750,1.5004,-0.0000,0.0002,1.9000,10.6701,0
1.767,1.5004,-0.0000,0.0002,1.9000,10.6701,0
1.783,1.5004,-0.0000,0.0002,1.9000,10.6701,0
1.800,1.5004,0.0000,0.0002,1.9000,10.6701,0
1.817,1.5004,-0.0000,0.0002,1.9000,10.6701,0
1.833,1.5004,0.0000,0.0002,1.9000,10.6701,0
1.850,1.5004,-0.0000,0.0002,1.9000,10.6701,0
1.867,1.5004,-0.0000,0.0002,1.9000,10.6701,0
1.883,1.5004,-0.0000,0.0002,1.9000,10.6701,0
1.900,1.5004,-0.0000,0.0002,1.9000,10.6701,0
1.917,1.5004,-0.0000,0.0002,1.9000,10.6701,0
1.933,1.5004,0.0000,0.0002,1.9000,10.6701,0
1.950,1.5004,-0.0000,0.0002,1.9000,10.6701,0
1.967,1.5004,-0.0000,0.0002,1.9000,10.6701,0
1.983,1.5004,-0.0000,0.0002,1.9000,10.6701,0
2.000,1.5004,-0.0000,0.0002,1.9000,10.6701,0
2.017,1.5004,0.0000,0.0002,1.9000,10.6701,0
2.033,1.5004,-0.0000,0.0002,1.9000,10.6701,0
2.050,1.5005,0.0000,0.0002,1.9000,10.6701,0
2.067,1.5005,-0.0000,0.0002,1.9000,10.6701,0
2.083,1.5005,0.0000,0.0002,1.9000,10.6701,0
2.100,1.5005,-0.0000,0.0002,1.9000,10.6701,0
2.117,1.5005,0.0000,0.0002,1.9000,10.6701,0
2.133,1.5005,-0.0000,0.0002,1.9000,10.6701,0
2.150,1.5005,-0.0000,0.0002,1.9000,10.6701,0
2.167,1.5005,0.0000,0.0002,1.9000,10.6701,0
2.183,1.5005,-0.0000,0.0002,1.9000,10.6700,0
2.200,1.5005,0.0000,0.0002,1.9000,10.6700,0
2.217,1.5005,-0.0000,0.0002,1.9000,10.6700,0
2.233,1.5005,-0.0000,0.0002,1.9000,10.6700,0
2.250,1.5005,-0.0000,0.0002,1.9000,10.6700,0
2.267,1.5005,-0.0000,0.0002,1.9000,10.6700,0
2.283,1.5005,-0.0000,0.0002,1.9000,10.6700,0
2.300,1.5005,-0.0000,0.0002,1.9000,10.6700,0
2.317,1.5005,-0.0000,0.0002,1.9000,10.6700,0
2.333,1.5005,-0.0000,0.0002,1.9000,10.6700,0
2.350,1.5005,-0.0000,0.0002,1.9000,10.6700,0
2.367,1.5005,-0.0000,0.0002,1.9000,10.6700,0
2.383,1.5005,-0.0000,0.0002,1.9000,10.6700,0
2.400,1.5005,-0.0000,0.0002,1.9000,10.6700,0
2.417,1.5005,-0.0000,0.0002,1.9000,10.6700,0
2.433,1.5005,-0.0000,0.0002,1.9000,10.6700,0
2.450,1.5005,0.0000,0.0002,1.9000,10.6700,0
2.467,1.5005,-0.0000,0.0002,1.9000,10.6700,0
2.483,1.5005,-0.0000,0.0002,1.9000,10.6700,0
2.500,1.5005,-0.0000,0.0002,1.9000,10.6700,0
2.517,1.5006,0.0000,0.0002,1.9000,10.6700,0
2.533,1.5006,-0.0000,0.0002,1.9000,10.6700,0
2.550,1.5006,0.0000,0.0002,1.9000,10.6700,0
2.567,1.5006,-0.0000,0.0002,1.9000,10.6700,0
2.583,1.5006,0.0000,0.0002,1.9000,10.6700,0
2.600,1.5006,-0.0000,0.0002,1.9000,10.6700,0
2.617,1.5006,-0.0000,0.0002,1.9000,10.6700,0
2.633,1.5006,-0.0000,0.0002,1.9000,10.6700,0
2.650,1.5006,-0.0000,0.0002,1.9000,10.6699,0
2.667,1.5006,-0.0000,0.0002,1.9000,10.6699,0
2.683,1.5006,-0.0000,0.0002,1.9000,10.6699,0
2.700,1.5006,-0.0000,0.0002,1.9000,10.6699,0
2.717,1.5006,-0.0000,0.0003,1.9000,10.6699,0
2.733,1.5006,-0.0000,0.0002,1.9000,10.6699,0
2.750,1.5006,-0.0000,0.0002,1.9000,10.6699,0
2.767,1.5006,-0.0000,0.0002,1.9000,10.6699,0
2.783,1.5006,-0.0000,0.0002,1.9000,10.6699,0
2.800,1.5006,-0.0000,0.0002,1.9000,10.6699,0
2.817,1.5006,-0.0000,0.0002,1.9000,10.6699,0
2.833,1.5006,-0.0000,0.0002,1.9000,10.6699,0
2.850,1.5006,0.0000,0.0002,1.9000,10.6699,0
2.867,1.5006,-0.0000,0.0002,1.9000,10.6699,0
2.883,1.5006,-0.0000,0.0002,1.9000,10.6699,0
2.900,1.5006,-0.0000,0.0002,1.9000,10.6699,0
2.917,1.5006,0.0000,0.0002,1.9000,10.6699,0
2.933,1.5006,-0.0000,0.0002,1.9000,10.6699,0
2.950,1.5006,0.0000,0.0002,1.9000,10.6699,0
2.967,1.5006,-0.0000,0.0002,1.9000,10.6699,0
2.983,1.5007,0.0000,0.0002,1.9000,10.6699,0
3.000,1.5007,-0.0000,0.0002,1.9000,10.6699,0
3.017,1.5007,0.0000,0.0002,1.9000,10.6699,0
3.033,1.5007,-0.0000,0.0002,1.9000,10.6699,0
3.050,1.5007,0.0000,0.0002,1.9000,10.6699,0
3.067,1.5007,-0.0000,0.0002,1.9000,10.6699,0
3.083,1.5007,0.0000,0.0002,1.9000,10.6699,0
3.100,1.5007,-0.0000,0.0002,1.9000,10.6699,0
3.117,1.5007,0.0000,0.0002,1.9000,10.6698,0
3.133,1.5007,-0.0000,0.0002,1.9000,10.6698,0
3.150,1.5007,0.0000,0.0002,1.9000,10.6698,0
3.167,1.5007,-0.0000,0.0002,1.9000,10.6698,0
3.183,1.5007,-0.0000,0.0002,1.9000,10.6698,0
3.200,1.5007,-0.0000,0.0002,1.9000,10.6698,0
3.217,1.5007,0.0000,0.0002,1.9000,10.6698,0
3.233,1.5007,-0.0000,0.0002,1.9000,10.6698,0
3.250,1.5007,-0.0000,0.0002,1.9000,10.6698,0
3.267,1.5007,-0.0000,0.0002,1.9000,10.6698,0
3.283,1.5007,-0.0000,0.0002,1.9000,10.6698,0
3.300,1.5007,-0.0000,0.0002,1.9000,10.6698,0
3.317,1.5007,-0.0000,0.0002,1.9000,10.6698,0
3.333,1.5007,-0.0000,0.0002,1.9000,10.6698,0
3.350,1.5007,-0.0000,0.0002,1.9000,10.6698,0
3.367,1.5007,-0.0000,0.0002,1.9000,10.6698,0
3.383,1.5007,-0.0000,0.0002,1.9000,10.6698,0
3.400,1.5007,-0.0000,0.0002,1.9000,10.6698,0
3.417,1.5007,0.0000,0.0002,1.9000,10.6698,0
3.433,1.5007,-0.0000,0.0002,1.9000,10.6698,0
3.450,1.5008,-0.0000,0.0002,1.9000,10.6698,0
3.467,1.5008,-0.0000,0.0002,1.9000,10.6698,0
3.483,1.5008,-0.0000,0.0002,1.9000,10.6698,0
3.500,1.5008,-0.0000,0.0002,1.9000,10.6698,0
3.517,1.5008,-0.0000,0.0002,1.9000,10.6698,0
3.533,1.5008,-0.0000,0.0002,1.9000,10.6698,0
3.550,1.5008,-0.0000,0.0002,1.9000,10.6698,0
3.567,1.5008,-0.0000,0.0002,1.9000,10.6698,0
3.583,1.5008,-0.0000,0.0002,1.9000,10.6698,0
3.600,1.5008,-0.0000,0.0002,1.9000,10.6697,0
3.617,1.5008,-0.0000,0.0002,1.9000,10.6697,0
3.633,1.5008,-0.0000,0.0002,1.9000,10.6697,0
3.650,1.5008,-0.0000,0.0002,1.9000,10.6697,0
3.667,1.5008,-0.0000,0.0002,1.9000,10.6697,0
3.683,1.5008,-0.0000,0.0002,1.9000,10.6697,0
3.700,1.5008,-0.0000,0.0002,1.9000,10.6697,0
3.717,1.5008,-0.0000,0.0002,1.9000,10.6697,0
3.733,1.5008,-0.0000,0.0002,1.9000,10.6697,0
3.750,1.5008,-0.0000,0.0002,1.9000,10.6697,0
3.767,1.5008,0.0000,0.0002,1.9000,10.6697,0
3.783,1.5008,-0.0000,0.0002,1.9000,10.6697,0
3.800,1.5008,-0.0000,0.0002,1.9000,10.6697,0
3.817,1.5008,-0.0000,0.0002,1.9000,10.6697,0
3.833,1.5008,-0.0000,0.0002,1.9000,10.6697,0
3.850,1.5008,-0.0000,0.0002,1.9000,10.6697,0
3.867,1.5008,-0.0000,0.0002,1.9000,10.6697,0
3.883,1.5008,-0.0000,0.0002,1.9000,10.6697,0
3.900,1.5009,-0.0000,0.0002,1.9000,10.6697,0
3.917,1.5009,-0.0000,0.0002,1.9000,10.6697,0
3.933,1.5009,0.0000,0.0002,1.9000,10.6697,0
3.950,1.5009,-0.0000,0.0002,1.9000,10.6697,0
3.967,1.5009,-0.0000,0.0002,1.9000,10.6697,0
3.983,1.5009,-0.0000,0.0002,1.9000,10.6697,0
4.000,1.5009,0.0000,0.0002,1.9000,10.6697,0
4.017,1.5009,-0.0000,0.0002,1.9000,10.6697,0
4.033,1.5009,0.0000,0.0002,1.9000,10.6697,0
4.050,1.5009,-0.0000,0.0002,1.9000,10.6697,0
4.067,1.5009,-0.0000,0.0002,1.9000,10.6696,0
4.083,1.5009,0.0000,0.0002,1.9000,10.6696,0
4.100,1.5009,-0.0000,0.0002,1.9000,10.6696,0
4.117,1.5009,-0.0000,0.0002,1.9000,10.6696,0
4.133,1.5009,-0.0000,0.0002,1.9000,10.6696,0
4.150,1.5009,-0.0000,0.0002,1.9000,10.6696,0
4.167,1.5009,-0.0000,0.0002,1.9000,10.6696,0
4.183,1.5009,0.0000,0.0002,1.9000,10.6696,0
4.200,1.5009,-0.0000,0.0002,1.9000,10.6696,0
4.217,1.5009,-0.0000,0.0002,1.9000,10.6696,0
4.233,1.5009,-0.0000,0.0002,1.9000,10.6696,0
4.250,1.5009,0.0000,0.0002,1.9000,10.6696,0
4.267,1.5009,-0.0000,0.0002,1.9000,10.6696,0
4.283,1.5009,-0.0000,0.0002,1.9000,10.6696,0
4.300,1.5009,-0.0000,0.0002,1.9000,10.6696,0
4.317,1.5009,0.0000,0.0002,1.9000,10.6696,0
4.333,1.5009,-0.0000,0.0002,1.9000,10.6696,0
4.350,1.5009,0.0000,0.0002,1.9000,10.6696,0
4.367,1.5010,-0.0000,0.0002,1.9000,10.6696,0
4.383,1.5010,0.0000,0.0002,1.9000,10.6696,0
4.400,1.5010,-0.0000,0.0002,1.9000,10.6696,0
4.417,1.5010,0.0000,0.0002,1.9000,10.6696,0
4.433,1.5010,-0.0000,0.0002,1.9000,10.6696,0
4.450,1.5010,0.0000,0.0002,1.9000,10.6696,0
4.467,1.5010,-0.0000,0.0002,1.9000,10.6696,0
4.483,1.5010,0.0000,0.0002,1.9000,10.6696,0
4.500,1.5010,-0.0000,0.0002,1.9000,10.6696,0
4.517,1.5010,0.0000,0.0002,1.9000,10.6696,0
4.533,1.5010,-0.0000,0.0002,1.9000,10.6695,0
4.550,1.5010,0.0000,0.0002,1.9000,10.6695,0
4.567,1.5010,-0.0000,0.0002,1.9000,10.6695,0
4.583,1.5010,0.0000,0.0002,1.9000,10.6695,0
4.600,1.5010,-0.0000,0.0002,1.9000,10.6695,0
4.617,1.5010,0.0000,0.0002,1.9000,10.6695,0
4.633,1.5010,-0.0000,0.0002,1.9000,10.6695,0
4.650,1.5010,0.0000,0.0002,1.9000,10.6695,0
4.667,1.5010,-0.0000,0.0002,1.9000,10.6695,0
4.683,1.5010,-0.0000,0.0002,1.9000,10.6695,0
4.700,1.5010,-0.0000,0.0002,1.9000,10.6695,0
4.717,1.5010,-0.0000,0.0002,1.9000,10.6695,0
4.733,1.5010,-0.0000,0.0002,1.9000,10.6695,0
4.750,1.5010,-0.0000,0.0002,1.9000,10.6695,0
4.767,1.5010,-0.0000,0.0002,1.9000,10.6695,0
4.783,1.5010,-0.0000,0.0002,1.9000,10.6695,0
4.800,1.5010,-0.0000,0.0002,1.9000,10.6695,0
4.817,1.5011,-0.0000,0.0002,1.9000,10.6695,0
4.833,1.5011,-0.0000,0.0002,1.9000,10.6695,0
4.850,1.5011,0.0000,0.0002,1.9000,10.6695,0
4.867,1.5011,-0.0000,0.0002,1.9000,10.6695,0
4.883,1.5011,0.0000,0.0002,1.9000,10.6695,0
4.900,1.5011,-0.0000,0.0002,1.9000,10.6695,0
4.917,1.5011,0.0000,0.0002,1.9000,10.6695,0
4.933,1.5011,-0.0000,0.0002,1.9000,10.6695,0
4.950,1.5011,0.0000,0.0002,1.9000,10.6695,0
4.967,1.5011,-0.0000,0.0002,1.9000,10.6695,0
4.983,1.5011,0.0000,0.0002,1.9000,10.6695,0
5.000,1.5011,-0.0000,0.0002,1.9000,10.6694,0
5.017,1.5011,0.0000,0.0002,1.9000,10.6694,0
5.033,1.5011,-0.0000,0.0002,1.9000,10.6694,0
5.050,1.5011,0.0000,0.0002,1.9000,10.6694,0
5.067,1.5011,-0.0000,0.0002,1.9000,10.6694,0
5.083,1.5011,0.0000,0.0002,1.9000,10.6694,0
5.100,1.5011,-0.0000,0.0002,1.9000,10.6694,0
5.117,1.5011,0.0000,0.0002,1.9000,10.6694,0
5.133,1.5011,-0.0000,0.0002,1.9000,10.6694,0
5.150,1.5011,0.0000,0.0002,1.9000,10.6694,0
5.167,1.5011,-0.0000,0.0002,1.9000,10.6694,0
5.183,1.5011,0.0000,0.0002,1.9000,10.6694,0
5.200,1.5011,-0.0000,0.0002,1.9000,10.6694,0
5.217,1.5011,0.0000,0.0002,1.9000,10.6694,0
5.233,1.5011,-0.0000,0.0002,1.9000,10.6694,0
5.250,1.5011,-0.0000,0.0002,1.9000,10.6694,0
5.267,1.5011,-0.0000,0.0002,1.9000,10.6694,0
5.283,1.5012,0.0000,0.0002,1.9000,10.6694,0
5.300,1.5012,-0.0000,0.0002,1.9000,10.6694,0
5.317,1.5012,-0.0000,0.0002,1.9000,10.6694,0
5.333,1.5012,-0.0000,0.0002,1.9000,10.6694,0
5.350,1.5012,-0.0000,0.0002,1.9000,10.6694,0
5.367,1.5012,-0.0000,0.0002,1.9000,10.6694,0
5.383,1.5012,-0.0000,0.0002,1.9000,10.6694,0
5.400,1.5012,-0.0000,0.0002,1.9000,10.6694,0
5.417,1.5012,-0.0000,0.0002,1.9000,10.6694,0
5.433,1.5012,-0.0000,0.0002,1.9000,10.6694,0
5.450,1.5012,-0.0000,0.0002,1.9000,10.6694,0
5.467,1.5012,-0.0000,0.0002,1.9000,10.6693,0
5.483,1.5012,0.0000,0.0002,1.9000,10.6693,0
5.500,1.5012,-0.0000,0.0002,1.9000,10.6693,0
5.517,1.5012,-0.0000,0.0002,1.9000,10.6693,0
5.533,1.5012,-0.0000,0.0002,1.9000,10.6693,0
5.550,1.5012,-0.0000,0.0002,1.9000,10.6693,0
5.567,1.5012,-0.0000,0.0002,1.9000,10.6693,0
5.583,1.5012,-0.0000,0.0002,1.9000,10.6693,0
5.600,1.5012,-0.0000,0.0002,1.9000,10.6693,0
5.617,1.5012,-0.0000,0.0002,1.9000,10.6693,0
5.633,1.5012,0.0000,0.0002,1.9000,10.6693,0
5.650,1.5012,-0.0000,0.0002,1.9000,10.6693,0
5.667,1.5012,-0.0000,0.0002,1.9000,10.6693,0
5.683,1.5012,0.0000,0.0002,1.9000,10.6693,0
5.700,1.5012,0.0000,0.0002,1.9000,10.6693,0
5.717,1.5012,-0.0000,0.0002,1.9000,10.6693,0
5.733,1.5012,0.0000,0.0002,1.9000,10.6693,0
5.750,1.5013,-0.0000,0.0002,1.9000,10.6693,0
5.767,1.5013,0.0000,0.0002,1.9000,10.6693,0
5.783,1.5013,-0.0000,0.0002,1.9000,10.6693,0
5.800,1.5013,-0.0000,0.0002,1.9000,10.6693,0
5.817,1.5013,0.0000,0.0002,1.9000,10.6693,0
5.833,1.5013,-0.0000,0.0002,1.9000,10.6693,0
5.850,1.5013,0.0000,0.0002,1.9000,10.6693,0
5.867,1.5013,-0.0000,0.0002,1.9000,10.6693,0
5.883,1.5013,0.0000,0.0002,1.9000,10.6693,0
5.900,1.5013,-0.0000,0.0002,1.9000,10.6693,0
5.917,1.5013,0.0000,0.0002,1.9000,10.6693,0
5.933,1.5013,-0.0000,0.0002,1.9000,10.6692,0
5.950,1.5013,0.0000,0.0002,1.9000,10.6692,0
5.967,1.5013,-0.0000,0.0002,1.9000,10.6692,0
5.983,1.5013,0.0000,0.0002,1.9000,10.6692,0
6.000,1.5013,-0.0000,0.0002,1.9000,10.6692,0
6.017,1.5013,0.0000,0.0002,1.9000,10.6692,0
6.033,1.5013,-0.0000,0.0002,1.9000,10.6692,0
6.050,1.5013,-0.0000,0.0002,1.9000,10.6692,0
6.067,1.5013,-0.0000,0.0002,1.9000,10.6692,0
6.083,1.5013,-0.0000,0.0002,1.9000,10.6692,0
6.100,1.5013,-0.0000,0.0003,1.9000,10.6692,0
6.117,1.5013,-0.0000,0.0002,1.9000,10.6692,0
6.133,1.5013,0.0000,0.0002,1.9000,10.6692,0
6.150,1.5013,-0.0000,0.0002,1.9000,10.6692,0
6.167,1.5013,-0.0000,0.0002,1.9000,10.6692,0
6.183,1.5013,0.0000,0.0002,1.9000,10.6692,0
6.200,1.5014,-0.0000,0.0002,1.9000,10.6692,0
6.217,1.5014,0.0000,0.0002,1.9000,10.6692,0
6.233,1.5014,-0.0000,0.0002,1.9000,10.6692,0
6.250,1.5014,0.0000,0.0002,1.9000,10.6692,0
6.267,1.5014,-0.0000,0.0002,1.9000,10.6692,0
6.283,1.5014,0.0000,0.0002,1.9000,10.6692,0
6.300,1.5014,-0.0000,0.0002,1.9000,10.6692,0
6.317,1.5014,0.0000,0.0002,1.9000,10.6692,0
6.333,1.5014,-0.0000,0.0002,1.9000,10.6692,0
6.350,1.5014,-0.0000,0.0002,1.9000,10.6692,0
6.367,1.5014,-0.0000,0.0002,1.9000,10.6692,0
6.383,1.5014,0.0000,0.0002,1.9000,10.6692,0
6.400,1.5014,-0.0000,0.0002,1.9000,10.6691,0
6.417,1.5014,0.0000,0.0002,1.9000,10.6691,0
6.433,1.5014,-0.0000,0.0002,1.9000,10.6691,0
6.450,1.5014,-0.0000,0.0002,1.9000,10.6691,0
6.467,1.5014,-0.0000,0.0002,1.9000,10.6691,0
6.483,1.5014,-0.0000,0.0002,1.9000,10.6691,0
6.500,1.5014,0.0000,0.0002,1.9000,10.6691,0
6.517,1.5014,-0.0000,0.0002,1.9000,10.6691,0
6.533,1.5014,-0.0000,0.0002,1.9000,10.6691,0
6.550,1.5014,-0.0000,0.0002,1.9000,10.6691,0
6.567,1.5014,0.0000,0.0002,1.9000,10.6691,0
6.583,1.5014,-0.0000,0.0002,1.9000,10.6691,0
6.600,1.5014,-0.0000,0.0002,1.9000,10.6691,0
6.617,1.5014,0.0000,0.0002,1.9000,10.6691,0
6.633,1.5014,0.0000,0.0002,1.9000,10.6691,0
6.650,1.5014,-0.0000,0.0002,1.9000,10.6691,0
6.667,1.5015,-0.0000,0.0002,1.9000,10.6691,0
6.683,1.5015,-0.0000,0.0002,1.9000,10.6691,0
6.700,1.5015,-0.0000,0.0002,1.9000,10.6691,0
6.717,1.5015,-0.0000,0.0002,1.9000,10.6691,0
6.733,1.5015,-0.0000,0.0002,1.9000,10.6691,0
6.750,1.5015,-0.0000,0.0002,1.9000,10.6691,0
6.767,1.5015,-0.0000,0.0002,1.9000,10.6691,0
6.783,1.5015,0.0000,0.0002,1.9000,10.6691,0
6.800,1.5015,-0.0000,0.0002,1.9000,10.6691,0
6.817,1.5015,-0.0000,0.0002,1.9000,10.6691,0
6.833,1.5015,0.0000,0.0002,1.9000,10.6691,0
6.850,1.5015,-0.0000,0.0002,1.9000,10.6691,0
6.867,1.5015,-0.0000,0.0002,1.9000,10.6690,0
6.883,1.5015,-0.0000,0.0002,1.9000,10.6690,0
6.900,1.5015,-0.0000,0.0002,1.9000,10.6690,0
6.917,1.5015,-0.0000,0.0002,1.9000,10.6690,0
6.933,1.5015,-0.0000,0.0002,1.9000,10.6690,0
6.950,1.5015,-0.0000,0.0002,1.9000,10.6690,0
6.967,1.5015,-0.0000,0.0002,1.9000,10.6690,0
6.983,1.5015,-0.0000,0.0002,1.9000,10.6690,0
7.000,1.5015,-0.0000,0.0002,1.9000,10.6690,0
7.017,1.5015,-0.0000,0.0002,1.9000,10.6690,0
7.033,1.5015,-0.0000,0.0002,1.9000,10.6690,0
7.050,1.5015,-0.0000,0.0002,1.9000,10.6690,0
7.067,1.5015,-0.0000,0.0002,1.9000,10.6690,0
7.083,1.5015,-0.0000,0.0002,1.9000,10.6690,0
7.100,1.5015,0.0000,0.0002,1.9000,10.6690,0
7.117,1.5015,-0.0000,0.0002,1.9000,10.6690,0
7.133,1.5016,-0.0000,0.0002,1.9000,10.6690,0
7.150,1.5016,-0.0000,0.0002,1.9000,10.6690,0
7.167,1.5016,-0.0000,0.0002,1.9000,10.6690,0
7.183,1.5016,-0.0000,0.0002,1.9000,10.6690,0
7.200,1.5016,-0.0000,0.0002,1.9000,10.6690,0
7.217,1.5016,-0.0000,0.0002,1.9000,10.6690,0
7.233,1.5016,-0.0000,0.0002,1.9000,10.6690,0
7.250,1.5016,0.0000,0.0002,1.9000,10.6690,0
7.267,1.5016,-0.0000,0.0002,1.9000,10.6690,0
7.283,1.5016,-0.0000,0.0002,1.9000,10.6690,0
7.300,1.5016,-0.0000,0.0002,1.9000,10.6690,0
7.317,1.5016,-0.0000,0.0002,1.9000,10.6690,0
7.333,1.5016,0.0000,0.0002,1.9000,10.6689,0
7.350,1.5016,-0.0000,0.0002,1.9000,10.6689,0
7.367,1.5016,-0.0000,0.0002,1.9000,10.6689,0
7.383,1.5016,-0.0000,0.0002,1.9000,10.6689,0
7.400,1.5016,-0.0000,0.0002,1.9000,10.6689,0
7.417,1.5016,-0.0000,0.0002,1.9000,10.6689,0
7.433,1.5016,0.0000,0.0002,1.9000,10.6689,0
7.450,1.5016,-0.0000,0.0002,1.9000,10.6689,0
7.467,1.5016,0.0000,0.0002,1.9000,10.6689,0
7.483,1.5016,-0.0000,0.0002,1.9000,10.6689,0
7.500,1.5016,-0.0000,0.0002,1.9000,10.6689,0
7.517,1.5016,0.0000,0.0002,1.9000,10.6689,0
7.533,1.5016,-0.0000,0.0002,1.9000,10.6689,0
7.550,1.5016,-0.0000,0.0002,1.9000,10.6689,0
7.567,1.5016,-0.0000,0.0002,1.9000,10.6689,0
7.583,1.5017,-0.0000,0.0002,1.9000,10.6689,0
7.600,1.5017,-0.0000,0.0002,1.9000,10.6689,0
7.617,1.5017,0.0000,0.0002,1.9000,10.6689,0
7.633,1.5017,0.0000,0.0002,1.9000,10.6689,0
7.650,1.5017,-0.0000,0.0002,1.9000,10.6689,0
7.667,1.5017,0.0000,0.0002,1.9000,10.6689,0
7.683,1.5017,0.0000,0.0002,1.9000,10.6689,0
7.700,1.5017,-0.0000,0.0002,1.9000,10.6689,0
7.717,1.5017,-0.0000,0.0002,1.9000,10.6689,0
7.733,1.5017,-0.0000,0.0002,1.9000,10.6689,0
7.750,1.5017,-0.0000,0.0002,1.9000,10.6689,0
7.767,1.5017,-0.0000,0.0002,1.9000,10.6689,0
7.783,1.5017,-0.0000,0.0002,1.9000,10.6689,0
7.800,1.5017,0.0000,0.0002,1.9000,10.6688,0
7.817,1.5017,-0.0000,0.0002,1.9000,10.6688,0
7.833,1.5017,0.0000,0.0002,1.9000,10.6688,0
7.850,1.5017,-0.0000,0.0002,1.9000,10.6688,0
7.867,1.5017,0.0000,0.0002,1.9000,10.6688,0
7.883,1.5017,-0.0000,0.0002,1.9000,10.6688,0
7.900,1.5017,0.0000,0.0002,1.9000,10.6688,0
7.917,1.5017,-0.0000,0.0002,1.9000,10.6688,0
7.933,1.5017,0.0000,0.0002,1.9000,10.6688,0
7.950,1.5017,-0.0000,0.0002,1.9000,10.6688,0
7.967,1.5017,0.0000,0.0002,1.9000,10.6688,0
7.983,1.5017,-0.0000,0.0002,1.9000,10.6688,0
8.000,1.5017,-0.0000,0.0002,1.9000,10.6688,0
8.017,1.5017,-0.0000,0.0002,1.9000,10.6688,0
8.033,1.5017,-0.0000,0.0002,1.9000,10.6688,0
8.050,1.5018,0.0000,0.0002,1.9000,10.6688,0
8.067,1.5018,-0.0000,0.0002,1.9000,10.6688,0
8.083,1.5018,0.0000,0.0002,1.9000,10.6688,0
8.100,1.5018,-0.0000,0.0003,1.9000,10.6688,0
8.117,1.5018,0.0000,0.0002,1.9000,10.6688,0
8.133,1.5018,-0.0000,0.0002,1.9000,10.6688,0
8.150,1.5018,-0.0000,0.0002,1.9000,10.6688,0
8.167,1.5018,-0.0000,0.0002,1.9000,10.6688,0
8.183,1.5018,-0.0000,0.0002,1.9000,10.6688,0
8.200,1.5018,-0.0000,0.0002,1.9000,10.6688,0
8.217,1.5018,-0.0000,0.0002,1.9000,10.6688,0
8.233,1.5018,-0.0000,0.0002,1.9000,10.6688,0
8.250,1.5018,-0.0000,0.0002,1.9000,10.6688,0
8.267,1.5018,-0.0000,0.0002,1.9000,10.6688,0
8.283,1.5018,0.0000,0.0002,1.9000,10.6687,0
8.300,1.5018,-0.0000,0.0002,1.9000,10.6687,0
8.317,1.5018,-0.0000,0.0002,1.9000,10.6687,0
8.333,1.5018,0.0000,0.0003,1.9000,10.6687,0
8.350,1.5018,-0.0000,0.0002,1.9000,10.6687,0
8.367,1.5018,0.0000,0.0002,1.9000,10.6687,0
8.383,1.5018,-0.0000,0.0002,1.9000,10.6687,0
8.400,1.5018,-0.0000,0.0002,1.9000,10.6687,0
8.417,1.5018,-0.0000,0.0002,1.9000,10.6687,0
8.433,1.5018,-0.0000,0.0002,1.9000,10.6687,0
8.450,1.5018,0.0000,0.0002,1.9000,10.6687,0
8.467,1.5018,-0.0000,0.0002,1.9000,10.6687,0
8.483,1.5018,-0.0000,0.0002,1.9000,10.6687,0
8.500,1.5018,-0.0000,0.0002,1.9000,10.6687,0
8.517,1.5019,-0.0000,0.0002,1.9000,10.6687,0
8.533,1.5019,-0.0000,0.0002,1.9000,10.6687,0
8.550,1.5019,-0.0000,0.0002,1.9000,10.6687,0
8.567,1.5019,-0.0000,0.0002,1.9000,10.6687,0
8.583,1.5019,-0.0000,0.0002,1.9000,10.6687,0
8.600,1.5019,0.0000,0.0002,1.9000,10.6687,0
8.617,1.5019,-0.0000,0.0002,1.9000,10.6687,0
8.633,1.5019,0.0000,0.0002,1.9000,10.6687,0
8.650,1.5019,-0.0000,0.0002,1.9000,10.6687,0
8.667,1.5019,-0.0000,0.0002,1.9000,10.6687,0
8.683,1.5019,-0.0000,0.0002,1.9000,10.6687,0
8.700,1.5019,-0.0000,0.0002,1.9000,10.6687,0
8.717,1.5019,-0.0000,0.0002,1.9000,10.6687,0
8.733,1.5019,-0.0000,0.0002,1.9000,10.6687,0
8.750,1.5019,-0.0000,0.0002,1.9000,10.6686,0
8.767,1.5019,-0.0000,0.0002,1.9000,10.6686,0
8.783,1.5019,-0.0000,0.0002,1.9000,10.6686,0
8.800,1.5019,-0.0000,0.0002,1.9000,10.6686,0
8.817,1.5019,-0.0000,0.0002,1.9000,10.6686,0
8.833,1.5019,-0.0000,0.0002,1.9000,10.6686,0
8.850,1.5019,-0.0000,0.0002,1.9000,10.6686,0
8.867,1.5019,-0.0000,0.0002,1.9000,10.6686,0
8.883,1.5019,-0.0000,0.0002,1.9000,10.6686,0
8.900,1.5019,-0.0000,0.0002,1.9000,10.6686,0
8.917,1.5019,-0.0000,0.0002,1.9000,10.6686,0
8.933,1.5019,-0.0000,0.0002,1.9000,10.6686,0
8.950,1.5019,-0.0000,0.0002,1.9000,10.6686,0
8.967,1.5020,-0.0000,0.0002,1.9000,10.6686,0
8.983,1.5020,-0.0000,0.0002,1.9000,10.6686,0
9.000,1.5020,-0.0000,0.0002,1.9000,10.6686,0
9.017,1.5020,-0.0000,0.0002,1.9000,10.6686,0
9.033,1.5020,-0.0000,0.0002,1.9000,10.6686,0
9.050,1.5020,-0.0000,0.0002,1.9000,10.6686,0
9.067,1.5020,-0.0000,0.0002,1.9000,10.6686,0
9.083,1.5020,-0.0000,0.0002,1.9000,10.6686,0
9.100,1.5020,-0.0000,0.0002,1.9000,10.6686,0
9.117,1.5020,-0.0000,0.0002,1.9000,10.6686,0
9.133,1.5020,-0.0000,0.0002,1.9000,10.6686,0
9.150,1.5020,-0.0000,0.0002,1.9000,10.6686,0
9.167,1.5020,-0.0000,0.0002,1.9000,10.6686,0
9.183,1.5020,-0.0000,0.0002,1.9000,10.6686,0
9.200,1.5020,-0.0000,0.0002,1.9000,10.6686,0
9.217,1.5020,-0.0000,0.0002,1.9000,10.6685,0
9.233,1.5020,-0.0000,0.0002,1.9000,10.6685,0
9.250,1.5020,-0.0000,0.0002,1.9000,10.6685,0
9.267,1.5020,-0.0000,0.0002,1.9000,10.6685,0
9.283,1.5020,-0.0000,0.0002,1.9000,10.6685,0
9.300,1.5020,-0.0000,0.0002,1.9000,10.6685,0
9.317,1.5020,-0.0000,0.0002,1.9000,10.6685,0
9.333,1.5020,-0.0000,0.0002,1.9000,10.6685,0
9.350,1.5020,-0.0000,0.0002,1.9000,10.6685,0
9.367,1.5020,-0.0000,0.0002,1.9000,10.6685,0
9.383,1.5020,-0.0000,0.0002,1.9000,10.6685,0
9.400,1.5020,-0.0000,0.0002,1.9000,10.6685,0
9.417,1.5020,-0.0000,0.0002,1.9000,10.6685,0
9.433,1.5021,-0.0000,0.0002,1.9000,10.6685,0
9.450,1.5021,-0.0000,0.0002,1.9000,10.6685,0
9.467,1.5021,-0.0000,0.0002,1.9000,10.6685,0
9.483,1.5021,-0.0000,0.0002,1.9000,10.6685,0
9.500,1.5021,-0.0000,0.0002,1.9000,10.6685,0
9.517,1.5021,-0.0000,0.0002,1.9000,10.6685,0
9.533,1.5021,-0.0000,0.0002,1.9000,10.6685,0
9.550,1.5021,-0.0000,0.0002,1.9000,10.6685,0
9.567,1.5021,-0.0000,0.0002,1.9000,10.6685,0
9.583,1.5021,-0.0000,0.0002,1.9000,10.6685,0
9.600,1.5021,-0.0000,0.0002,1.9000,10.6685,0
9.617,1.5021,-0.0000,0.0002,1.9000,10.6685,0
9.633,1.5021,-0.0000,0.0002,1.9000,10.6685,0
9.650,1.5021,-0.0000,0.0002,1.9000,10.6685,0
9.667,1.5021,-0.0000,0.0002,1.9000,10.6685,0
9.683,1.5021,-0.0000,0.0002,1.9000,10.6684,0
9.700,1.5021,-0.0000,0.0002,1.9000,10.6684,0
9.717,1.5021,-0.0000,0.0002,1.9000,10.6684,0
9.733,1.5021,-0.0000,0.0002,1.9000,10.6684,0
9.750,1.5021,-0.0000,0.0002,1.9000,10.6684,0
9.767,1.5021,-0.0000,0.0002,1.9000,10.6684,0
9.783,1.5021,-0.0000,0.0002,1.9000,10.6684,0
9.800,1.5021,-0.0000,0.0002,1.9000,10.6684,0
9.817,1.5021,-0.0000,0.0002,1.9000,10.6684,0
9.833,1.5021,-0.0000,0.0002,1.9000,10.6684,0
9.850,1.5021,-0.0000,0.0002,1.9000,10.6684,0
9.867,1.5021,-0.0000,0.0002,1.9000,10.6684,0
9.883,1.5021,-0.0000,0.0002,1.9000,10.6684,0
9.900,1.5022,-0.0000,0.0002,1.9000,10.6684,0
9.917,1.5022,-0.0000,0.0002,1.9000,10.6684,0
9.933,1.5022,-0.0000,0.0002,1.9000,10.6684,0
9.950,1.5022,-0.0000,0.0002,1.9000,10.6684,0
9.967,1.5022,-0.0000,0.0002,1.9000,10.6684,0
9.983,1.5022,-0.0000,0.0002,1.9000,10.6684,0
10.000,1.5022,-0.0000,0.0002,1.9000,10.6684,0
10.017,1.5022,-0.0000,0.0002,1.9000,10.6684,0
10.033,1.5022,-0.0000,0.0002,1.9000,10.6684,0
10.050,1.5022,-0.0000,0.0002,1.9000,10.6684,0
10.067,1.5022,-0.0000,0.0002,1.9000,10.6684,0
10.083,1.5022,-0.0000,0.0002,1.9000,10.6684,0
10.100,1.5022,-0.0000,0.0002,1.9000,10.6684,0
10.117,1.5022,-0.0000,0.0002,1.9000,10.6684,0
10.133,1.5022,-0.0000,0.0002,1.9000,10.6684,0
10.150,1.5022,-0.0000,0.0002,1.9000,10.6683,0
10.167,1.5022,-0.0000,0.0002,1.9000,10.6683,0
10.183,1.5022,-0.0000,0.0002,1.9000,10.6683,0
10.200,1.5022,-0.0000,0.0002,1.9000,10.6683,0
10.217,1.5022,-0.0000,0.0002,1.9000,10.6683,0
10.233,1.5022,-0.0000,0.0002,1.9000,10.6683,0
10.250,1.5022,-0.0000,0.0003,1.9000,10.6683,0
10.267,1.5022,-0.0000,0.0002,1.9000,10.6683,0
10.283,1.5022,-0.0000,0.0002,1.9000,10.6683,0
10.300,1.5022,-0.0000,0.0002,1.9000,10.6683,0
10.317,1.5022,-0.0000,0.0002,1.9000,10.6683,0
10.333,1.5022,-0.0000,0.0002,1.9000,10.6683,0
10.350,1.5023,-0.0000,0.0002,1.9000,10.6683,0
10.367,1.5023,-0.0000,0.0002,1.9000,10.6683,0
10.383,1.5023,-0.0000,0.0002,1.9000,10.6683,0
10.400,1.5023,0.0000,0.0002,1.9000,10.6683,0
10.417,1.5023,-0.0000,0.0002,1.9000,10.6683,0
10.433,1.5023,-0.0000,0.0002,1.9000,10.6683,0
10.450,1.5023,-0.0000,0.0002,1.9000,10.6683,0
10.467,1.5023,-0.0000,0.0002,1.9000,10.6683,0
10.483,1.5023,-0.0000,0.0002,1.9000,10.6683,0
10.500,1.5023,-0.0000,0.0002,1.9000,10.6683,0
10.517,1.5023,-0.0000,0.0002,1.9000,10.6683,0
10.533,1.5023,-0.0000,0.0002,1.9000,10.6683,0
10.550,1.5023,-0.0000,0.0002,1.9000,10.6683,0
10.567,1.5023,-0.0000,0.0002,1.9000,10.6683,0
10.583,1.5023,-0.0000,0.0002,1.9000,10.6683,0
10.600,1.5023,-0.0000,0.0002,1.9000,10.6683,0
10.617,1.5023,-0.0000,0.0002,1.9000,10.6682,0
10.633,1.5023,-0.0000,0.0002,1.9000,10.6682,0
10.650,1.5023,-0.0000,0.0002,1.9000,10.6682,0
10.667,1.5023,-0.0000,0.0002,1.9000,10.6682,0
10.683,1.5023,-0.0000,0.0002,1.9000,10.6682,0
10.700,1.5023,-0.0000,0.0002,1.9000,10.6682,0
10.717,1.5023,-0.0000,0.0002,1.9000,10.6682,0
10.733,1.5023,-0.0000,0.0002,1.9000,10.6682,0
10.750,1.5023,-0.0000,0.0002,1.9000,10.6682,0
10.767,1.5023,-0.0000,0.0002,1.9000,10.6682,0
10.783,1.5023,-0.0000,0.0002,1.9000,10.6682,0
10.800,1.5023,-0.0000,0.0002,1.9000,10.6682,0
10.817,1.5024,-0.0000,0.0002,1.9000,10.6682,0
10.833,1.5024,-0.0000,0.0002,1.9000,10.6682,0
10.850,1.5024,-0.0000,0.0002,1.9000,10.6682,0
10.867,1.5024,-0.0000,0.0002,1.9000,10.6682,0
10.883,1.5024,-0.0000,0.0002,1.9000,10.6682,0
10.900,1.5024,-0.0000,0.0002,1.9000,10.6682,0
10.917,1.5024,-0.0000,0.0002,1.9000,10.6682,0
10.933,1.5024,-0.0000,0.0002,1.9000,10.6682,0
10.950,1.5024,-0.0000,0.0002,1.9000,10.6682,0
10.967,1.5024,-0.0000,0.0002,1.9000,10.6682,0
10.983,1.5024,-0.0000,0.0002,1.9000,10.6682,0
11.000,1.5024,-0.0000,0.0002,1.9000,10.6682,0
11.017,1.5024,-0.0000,0.0002,1.9000,10.6682,0
11.033,1.5024,-0.0000,0.0002,1.9000,10.6682,0
11.050,1.5024,-0.0000,0.0002,1.9000,10.6682,0
11.067,1.5024,-0.0000,0.0002,1.9000,10.6682,0
11.083,1.5024,-0.0000,0.0002,1.9000,10.6681,0
11.100,1.5024,-0.0000,0.0002,1.9000,10.6681,0
11.117,1.5024,-0.0000,0.0002,1.9000,10.6681,0
11.133,1.5024,-0.0000,0.0002,1.9000,10.6681,0
11.150,1.5024,-0.0000,0.0002,1.9000,10.6681,0
11.167,1.5024,-0.0000,0.0002,1.9000,10.6681,0
11.183,1.5024,-0.0000,0.0002,1.9000,10.6681,0
11.200,1.5024,-0.0000,0.0002,1.9000,10.6681,0
11.217,1.5024,-0.0000,0.0002,1.9000,10.6681,0
11.233,1.5024,-0.0000,0.0002,1.9000,10.6681,0
11.250,1.5024,-0.0000,0.0002,1.9000,10.6681,0
11.267,1.5025,-0.0000,0.0002,1.9000,10.6681,0
11.283,1.5025,-0.0000,0.0002,1.9000,10.6681,0
11.300,1.5025,-0.0000,0.0002,1.9000,10.6681,0
11.317,1.5025,-0.0000,0.0002,1.9000,10.6681,0
11.333,1.5025,-0.0000,0.0002,1.9000,10.6681,0
11.350,1.5025,-0.0000,0.0002,1.9000,10.6681,0
11.367,1.5025,-0.0000,0.0002,1.9000,10.6681,0
11.383,1.5025,-0.0000,0.0002,1.9000,10.6681,0
11.400,1.5025,-0.0000,0.0002,1.9000,10.6681,0
11.417,1.5025,-0.0000,0.0002,1.9000,10.6681,0
11.433,1.5025,-0.0000,0.0002,1.9000,10.6681,0
11.450,1.5025,-0.0000,0.0002,1.9000,10.6681,0
11.467,1.5025,-0.0000,0.0002,1.9000,10.6681,0
11.483,1.5025,-0.0000,0.0002,1.9000,10.6681,0
11.500,1.5025,-0.0000,0.0002,1.9000,10.6681,0
11.517,1.5025,-0.0000,0.0002,1.9000,10.6681,0
11.533,1.5025,-0.0000,0.0002,1.9000,10.6681,0
11.550,1.5025,-0.0000,0.0002,1.9000,10.6680,0
11.567,1.5025,0.0000,0.0002,1.9000,10.6680,0
11.583,1.5025,-0.0000,0.0002,1.9000,10.6680,0
11.600,1.5025,-0.0000,0.0002,1.9000,10.6680,0
11.617,1.5025,-0.0000,0.0002,1.9000,10.6680,0
11.633,1.5025,-0.0000,0.0002,1.9000,10.6680,0
11.650,1.5025,-0.0000,0.0002,1.9000,10.6680,0
11.667,1.5025,-0.0000,0.0002,1.9000,10.6680,0
11.683,1.5025,-0.0000,0.0002,1.9000,10.6680,0
11.700,1.5025,-0.0000,0.0002,1.9000,10.6680,0
11.717,1.5025,-0.0000,0.0002,1.9000,10.6680,0
11.733,1.5026,-0.0000,0.0002,1.9000,10.6680,0
11.750,1.5026,-0.0000,0.0002,1.9000,10.6680,0
11.767,1.5026,-0.0000,0.0002,1.9000,10.6680,0
11.783,1.5026,-0.0000,0.0002,1.9000,10.6680,0
11.800,1.5026,-0.0000,0.0002,1.9000,10.6680,0
11.817,1.5026,-0.0000,0.0002,1.9000,10.6680,0
11.833,1.5026,-0.0000,0.0002,1.9000,10.6680,0
11.850,1.5026,-0.0000,0.0002,1.9000,10.6680,0
11.867,1.5026,-0.0000,0.0002,1.9000,10.6680,0
11.883,1.5026,-0.0000,0.0002,1.9000,10.6680,0
11.900,1.5026,-0.0000,0.0002,1.9000,10.6680,0
11.917,1.5026,-0.0000,0.0002,1.9000,10.6680,0
11.933,1.5026,-0.0000,0.0002,1.9000,10.6680,0
11.950,1.5026,-0.0000,0.0002,1.9000,10.6680,0
11.967,1.5026,-0.0000,0.0002,1.9000,10.6680,0
11.983,1.5026,-0.0000,0.0002,1.9000,10.6680,0
12.000,1.5026,-0.0000,0.0002,1.9000,10.6680,0
12.017,1.5026,-0.0000,0.0002,1.9000,10.6679,0
12.033,1.5026,-0.0000,0.0002,1.9000,10.6679,0
12.050,1.5026,0.0000,0.0002,1.9000,10.6679,0
12.067,1.5026,-0.0000,0.0002,1.9000,10.6679,0
12.083,1.5026,-0.0000,0.0002,1.9000,10.6679,0
12.100,1.5026,-0.0000,0.0002,1.9000,10.6679,0
12.117,1.5026,-0.0000,0.0002,1.9000,10.6679,0
12.133,1.5026,-0.0000,0.0002,1.9000,10.6679,0
12.150,1.5026,-0.0000,0.0002,1.9000,10.6679,0
12.167,1.5026,-0.0000,0.0002,1.9000,10.6679,0
12.183,1.5027,-0.0000,0.0002,1.9000,10.6679,0
12.200,1.5027,-0.0000,0.0002,1.9000,10.6679,0
12.217,1.5027,-0.0000,0.0002,1.9000,10.6679,0
12.233,1.5027,-0.0000,0.0002,1.9000,10.6679,0
12.250,1.5027,-0.0000,0.0002,1.9000,10.6679,0
12.267,1.5027,-0.0000,0.0002,1.9000,10.6679,0
12.283,1.5027,-0.0000,0.0002,1.9000,10.6679,0
12.300,1.5027,-0.0000,0.0002,1.9000,10.6679,0
12.317,1.5027,-0.0000,0.0002,1.9000,10.6679,0
12.333,1.5027,-0.0000,0.0002,1.9000,10.6679,0
12.350,1.5027,-0.0000,0.0002,1.9000,10.6679,0
12.367,1.5027,-0.0000,0.0002,1.9000,10.6679,0
12.383,1.5027,-0.0000,0.0002,1.9000,10.6679,0
12.400,1.5027,-0.0000,0.0002,1.9000,10.6679,0
12.417,1.5027,-0.0000,0.0002,1.9000,10.6679,0
12.433,1.5027,-0.0000,0.0002,1.9000,10.6679,0
12.450,1.5027,-0.0000,0.0002,1.9000,10.6679,0
12.467,1.5027,-0.0000,0.0002,1.9000,10.6679,0
12.483,1.5027,-0.0000,0.0002,1.9000,10.6678,0
12.500,1.5027,-0.0000,0.0002,1.9000,10.6678,0
12.517,1.5027,-0.0000,0.0002,1.9000,10.6678,0
12.533,1.5027,-0.0000,0.0002,1.9000,10.6678,0
12.550,1.5027,-0.0000,0.0002,1.9000,10.6678,0
12.567,1.5027,-0.0000,0.0002,1.9000,10.6678,0
12.583,1.5027,-0.0000,0.0002,1.9000,10.6678,0
12.600,1.5027,-0.0000,0.0002,1.9000,10.6678,0
12.617,1.5027,-0.0000,0.0002,1.9000,10.6678,0
12.633,1.5027,-0.0000,0.0002,1.9000,10.6678,0
12.650,1.5028,-0.0000,0.0002,1.9000,10.6678,0
12.667,1.5028,-0.0000,0.0002,1.9000,10.6678,0
12.683,1.5028,-0.0000,0.0002,1.9000,10.6678,0
12.700,1.5028,-0.0000,0.0002,1.9000,10.6678,0
12.717,1.5028,-0.0000,0.0002,1.9000,10.6678,0
12.733,1.5028,-0.0000,0.0002,1.9000,10.6678,0
12.750,1.5028,-0.0000,0.0002,1.9000,10.6678,0
12.767,1.5028,-0.0000,0.0002,1.9000,10.6678,0
12.783,1.5028,-0.0000,0.0002,1.9000,10.6678,0
12.800,1.5028,-0.0000,0.0002,1.9000,10.6678,0
12.817,1.5028,-0.0000,0.0002,1.9000,10.6678,0
12.833,1.5028,-0.0000,0.0002,1.9000,10.6678,0
12.850,1.5028,-0.0000,0.0002,1.9000,10.6678,0
12.867,1.5028,-0.0000,0.0002,1.9000,10.6678,0
12.883,1.5028,-0.0000,0.0002,1.9000,10.6678,0
12.900,1.5028,-0.0000,0.0002,1.9000,10.6678,0
12.917,1.5028,-0.0000,0.0002,1.9000,10.6678,0
12.933,1.5028,-0.0000,0.0002,1.9000,10.6678,0
12.950,1.5028,-0.0000,0.0002,1.9000,10.6677,0
12.967,1.5028,-0.0000,0.0002,1.9000,10.6677,0
12.983,1.5028,-0.0000,0.0002,1.9000,10.6677,0
13.000,1.5028,-0.0000,0.0002,1.9000,10.6677,0
13.017,1.5028,-0.0000,0.0002,1.9000,10.6677,0
13.033,1.5028,-0.0000,0.0002,1.9000,10.6677,0
13.050,1.5028,-0.0000,0.0002,1.9000,10.6677,0
13.067,1.5028,-0.0000,0.0002,1.9000,10.6677,0
13.083,1.5028,-0.0000,0.0002,1.9000,10.6677,0
13.100,1.5028,-0.0000,0.0002,1.9000,10.6677,0
13.117,1.5029,0.0000,0.0002,1.9000,10.6677,0
13.133,1.5029,-0.0000,0.0002,1.9000,10.6677,0
13.150,1.5029,-0.0000,0.0002,1.9000,10.6677,0
13.167,1.5029,-0.0000,0.0002,1.9000,10.6677,0
13.183,1.5029,-0.0000,0.0002,1.9000,10.6677,0
13.200,1.5029,-0.0000,0.0002,1.9000,10.6677,0
13.217,1.5029,-0.0000,0.0002,1.9000,10.6677,0
13.233,1.5029,-0.0000,0.0002,1.9000,10.6677,0
13.250,1.5029,-0.0000,0.0002,1.9000,10.6677,0
13.267,1.5029,-0.0000,0.0002,1.9000,10.6677,0
13.283,1.5029,-0.0000,0.0002,1.9000,10.6677,0
13.300,1.5029,-0.0000,0.0002,1.9000,10.6677,0
13.317,1.5029,-0.0000,0.0002,1.9000,10.6677,0
13.333,1.5029,-0.0000,0.0002,1.9000,10.6677,0
13.350,1.5029,-0.0000,0.0003,1.9000,10.6677,0
13.367,1.5029,-0.0000,0.0002,1.9000,10.6677,0
13.383,1.5029,-0.0000,0.0002,1.9000,10.6677,0
13.400,1.5029,-0.0000,0.0002,1.9000,10.6677,0
13.417,1.5029,-0.0000,0.0002,1.9000,10.6676,0
13.433,1.5029,-0.0000,0.0002,1.9000,10.6676,0
13.450,1.5029,-0.0000,0.0002,1.9000,10.6676,0
13.467,1.5029,0.0000,0.0002,1.9000,10.6676,0
13.483,1.5029,-0.0000,0.0002,1.9000,10.6676,0
13.500,1.5029,-0.0000,0.0002,1.9000,10.6676,0
13.517,1.5029,-0.0000,0.0002,1.9000,10.6676,0
13.533,1.5029,-0.0000,0.0002,1.9000,10.6676,0
13.550,1.5029,-0.0000,0.0002,1.9000,10.6676,0
13.567,1.5030,-0.0000,0.0002,1.9000,10.6676,0
13.583,1.5030,-0.0000,0.0002,1.9000,10.6676,0
13.600,1.5030,-0.0000,0.0002,1.9000,10.6676,0
13.617,1.5030,-0.0000,0.0002,1.9000,10.6676,0
13.633,1.5030,-0.0000,0.0002,1.9000,10.6676,0
13.650,1.5030,-0.0000,0.0002,1.9000,10.6676,0
13.667,1.5030,-0.0000,0.0002,1.9000,10.6676,0
13.683,1.5030,-0.0000,0.0002,1.9000,10.6676,0
13.700,1.5030,-0.0000,0.0002,1.9000,10.6676,0
13.717,1.5030,-0.0000,0.0002,1.9000,10.6676,0
13.733,1.5030,-0.0000,0.0002,1.9000,10.6676,0
13.750,1.5030,-0.0000,0.0002,1.9000,10.6676,0
13.767,1.5030,-0.0000,0.0002,1.9000,10.6676,0
13.783,1.5030,-0.0000,0.0002,1.9000,10.6676,0
13.800,1.5030,-0.0000,0.0002,1.9000,10.6676,0
13.817,1.5030,-0.0000,0.0002,1.9000,10.6676,0
13.833,1.5030,-0.0000,0.0002,1.9000,10.6676,0
13.850,1.5030,-0.0000,0.0002,1.9000,10.6676,0
13.867,1.5030,-0.0000,0.0002,1.9000,10.6676,0
13.883,1.5030,-0.0000,0.0002,1.9000,10.6675,0
13.900,1.5030,-0.0000,0.0002,1.9000,10.6675,0
13.917,1.5030,-0.0000,0.0002,1.9000,10.6675,0
13.933,1.5030,-0.0000,0.0002,1.9000,10.6675,0
13.950,1.5030,-0.0000,0.0002,1.9000,10.6675,0
13.967,1.5030,-0.0000,0.0002,1.9000,10.6675,0
13.983,1.5030,-0.0000,0.0002,1.9000,10.6675,0
14.000,1.5030,-0.0000,0.0002,1.9000,10.6675,0
14.017,1.5030,-0.0000,0.0002,1.9000,10.6675,0
14.033,1.5031,-0.0000,0.0002,1.9000,10.6675,0
14.050,1.5031,-0.0000,0.0002,1.9000,10.6675,0
14.067,1.5031,-0.0000,0.0002,1.9000,10.6675,0
14.083,1.5031,-0.0000,0.0002,1.9000,10.6675,0
14.100,1.5031,-0.0000,0.0002,1.9000,10.6675,0
14.117,1.5031,-0.0000,0.0002,1.9000,10.6675,0
14.133,1.5031,-0.0000,0.0002,1.9000,10.6675,0
14.150,1.5034,-0.0000,0.0184,1.9000,10.6672,0
14.167,1.5039,-0.0000,0.0338,1.9000,10.6666,0
14.183,1.5049,-0.0000,0.0545,1.9000,10.6657,0
14.200,1.5060,-0.0000,0.0708,1.9000,10.6646,0
14.217,1.5073,-0.0000,0.0783,1.9000,10.6633,0
14.233,1.5089,-0.0000,0.0934,1.9000,10.6618,0
14.250,1.5106,-0.0000,0.1034,1.9000,10.6601,0
14.267,1.5126,-0.0000,0.1164,1.9000,10.6582,0
14.283,1.5147,0.0000,0.1301,1.9000,10.6560,0
14.300,1.5170,0.0000,0.1359,1.9000,10.6538,0
14.317,1.5193,-0.0000,0.1411,1.9000,10.6515,0
14.333,1.5219,-0.0000,0.1520,1.9000,10.6490,0
14.350,1.5246,-0.0000,0.1646,1.9000,10.6463,0
14.367,1.5275,0.0000,0.1734,1.9000,10.6435,0
14.383,1.5305,0.0000,0.1819,1.9000,10.6405,0
14.400,1.5337,0.0000,0.1917,1.9000,10.6373,0
14.417,1.5370,0.0000,0.1985,1.9000,10.6341,0
14.433,1.5405,0.0000,0.2056,1.9000,10.6307,0
14.450,1.5441,0.0000,0.2163,1.9000,10.6272,0
14.467,1.5478,0.0000,0.2229,1.9000,10.6235,0
14.483,1.5516,0.0000,0.2283,1.9000,10.6198,0
14.500,1.5555,0.0000,0.2329,1.9000,10.6159,0
14.517,1.5595,0.0000,0.2403,1.9000,10.6120,0
14.533,1.5636,0.0000,0.2474,1.9000,10.6079,0
14.550,1.5678,0.0000,0.2534,1.9000,10.6038,0
14.567,1.5722,0.0000,0.2614,1.9000,10.5995,0
14.583,1.5767,0.0000,0.2697,1.9000,10.5951,0
14.600,1.5813,0.0000,0.2770,1.9000,10.5905,0
14.617,1.5860,0.0000,0.2825,1.9000,10.5859,0
14.633,1.5908,0.0000,0.2857,1.9000,10.5812,0
14.650,1.5956,0.0000,0.2926,1.9000,10.5764,0
14.667,1.6006,0.0000,0.2980,1.9000,10.5715,0
14.683,1.6057,0.0000,0.3041,1.9000,10.5665,0
14.700,1.6108,0.0000,0.3103,1.9000,10.5615,0
14.717,1.6161,0.0000,0.3139,1.9000,10.5563,0
14.733,1.6214,0.0000,0.3176,1.9000,10.5511,0
14.750,1.6267,0.0000,0.3218,1.9000,10.5458,0
14.767,1.6322,0.0000,0.3293,1.9000,10.5404,0
14.783,1.6378,0.0000,0.3336,1.9000,10.5350,0
14.800,1.6434,0.0000,0.3344,1.9000,10.5295,0
14.817,1.6490,0.0000,0.3379,1.9000,10.5239,0
14.833,1.6547,0.0000,0.3419,1.9000,10.5183,0
14.850,1.6605,0.0000,0.3490,1.9000,10.5126,0
14.867,1.6664,0.0000,0.3562,1.9000,10.5068,0
14.883,1.6725,0.0000,0.3611,1.9000,10.5009,0
14.900,1.6786,0.0001,0.3660,1.9000,10.4949,0
14.917,1.6847,0.0001,0.3696,1.9000,10.4888,0
14.933,1.6909,0.0001,0.3699,1.9000,10.4827,0
14.950,1.6971,0.0001,0.3704,1.9000,10.4767,0
14.967,1.7032,0.0001,0.3710,1.9000,10.4706,0
14.983,1.7095,0.0001,0.3734,1.9000,10.4645,0
15.000,1.7158,0.0001,0.3775,1.9000,10.4583,0
15.017,1.7221,0.0001,0.3823,1.9000,10.4520,0
15.033,1.7286,0.0001,0.3863,1.9000,10.4457,0
15.050,1.7351,0.0001,0.3906,1.9000,10.4393,0
15.067,1.7417,0.0001,0.3979,1.9000,10.4328,0
15.083,1.7484,0.0001,0.4015,1.9000,10.4262,0
15.100,1.7551,0.0001,0.4015,1.9000,10.4196,0
15.117,1.7618,0.0001,0.4020,1.9000,10.4130,0
15.133,1.7685,0.0001,0.4027,1.9000,10.4064,0
15.150,1.7753,0.0001,0.4060,1.9000,10.3998,0
15.167,1.7821,0.0001,0.4093,1.9000,10.3930,0
15.183,1.7890,0.0001,0.4122,1.9000,10.3863,0
15.200,1.7959,0.0001,0.4147,1.9000,10.3795,0
15.217,1.8028,0.0001,0.4153,1.9000,10.3727,0
15.233,1.8097,0.0001,0.4175,1.9000,10.3658,0
15.250,1.8168,0.0001,0.4217,1.9000,10.3589,0
15.267,1.8239,0.0001,0.4257,1.9000,10.3520,0
15.283,1.8310,0.0001,0.4278,1.9000,10.3450,0
15.300,1.8382,0.0001,0.4294,1.9000,10.3379,0
15.317,1.8454,0.0001,0.4316,1.9000,10.3308,0
15.333,1.8526,0.0001,0.4321,1.9000,10.3238,0
15.350,1.8598,0.0001,0.4331,1.9000,10.3167,0
15.367,1.8670,0.0001,0.4352,1.9000,10.3095,0
15.383,1.8743,0.0001,0.4376,1.9000,10.3024,0
15.400,1.8817,0.0001,0.4415,1.9000,10.2951,0
15.417,1.8891,0.0001,0.4439,1.9000,10.2879,0
15.433,1.8965,0.0001,0.4454,1.9000,10.2806,0
15.450,1.9039,0.0001,0.4466,1.9000,10.2733,0
15.467,1.9114,0.0001,0.4472,1.9000,10.2659,0
15.483,1.9189,0.0001,0.4491,1.9000,10.2586,0
15.500,1.9264,0.0001,0.4521,1.9000,10.2512,0
15.517,1.9340,0.0001,0.4550,1.9000,10.2437,0
15.533,1.9416,0.0001,0.4561,1.9000,10.2363,0
15.550,1.9492,0.0001,0.4569,1.9000,10.2288,0
15.567,1.9569,0.0001,0.4601,1.9000,10.2212,0
15.583,1.9646,0.0001,0.4636,1.9000,10.2136,0
15.600,1.9724,0.0001,0.4649,1.9000,10.2060,0
15.617,1.9801,0.0001,0.4643,1.9000,10.1984,0
15.633,1.9878,0.0001,0.4629,1.9000,10.1909,0
15.650,1.9955,0.0001,0.4639,1.9000,10.1833,0
15.667,2.0033,0.0001,0.4664,1.9000,10.1756,0
15.683,2.0111,0.0001,0.4701,1.9000,10.1679,0
15.700,2.0190,0.0001,0.4736,1.9000,10.1602,0
15.717,2.0270,0.0001,0.4747,1.9000,10.1524,0
15.733,2.0349,0.0001,0.4783,1.9000,10.1446,0
15.750,2.0430,0.0001,0.4822,1.9000,10.1367,0
15.767,2.0510,0.0001,0.4846,1.9000,10.1287,0
15.783,2.0591,0.0001,0.4844,1.9000,10.1208,0
15.800,2.0672,0.0000,0.4834,1.9000,10.1129,0
15.817,2.0752,0.0000,0.4833,1.9000,10.1050,0
15.833,2.0833,0.0000,0.4817,1.9000,10.0971,0
15.850,2.0913,0.0000,0.4822,1.9000,10.0892,0
15.867,2.0994,0.0000,0.4862,1.9000,10.0813,0
15.883,2.1076,-0.0000,0.4895,1.9000,10.0733,0
15.900,2.1157,-0.0000,0.4919,1.9000,10.0652,0
15.917,2.1240,-0.0000,0.4935,1.9000,10.0571,0
15.933,2.1322,-0.0000,0.4959,1.9000,10.0490,0
15.950,2.1405,-0.0000,0.4975,1.9000,10.0409,0
15.967,2.1488,-0.0001,0.4975,1.9000,10.0327,0
15.983,2.1571,-0.0001,0.4978,1.9000,10.0246,0
16.000,2.1654,-0.0001,0.4986,1.9000,10.0164,0
16.017,2.1737,-0.0001,0.4962,1.9000,10.0083,0
16.033,2.1820,-0.0001,0.4959,1.9000,10.0002,0
16.050,2.1903,-0.0001,0.4976,1.9000,9.9921,0
16.067,2.1986,-0.0001,0.4987,1.9000,9.9839,0
16.083,2.2069,-0.0001,0.4995,1.9000,9.9757,0
16.100,2.2152,-0.0001,0.4996,1.9000,9.9676,0
16.117,2.2235,-0.0002,0.4996,1.9000,9.9594,0
16.133,2.2319,-0.0002,0.4997,1.9000,9.9512,0
16.150,2.2402,-0.0002,0.4997,1.9000,9.9430,0
16.167,2.2485,-0.0002,0.4995,1.9000,9.9349,0
16.183,2.2569,-0.0002,0.4994,1.9000,9.9267,0
16.200,2.2652,-0.0002,0.4994,1.9000,9.9185,0
16.217,2.2735,-0.0002,0.4995,1.9000,9.9104,0
16.233,2.2818,-0.0002,0.4996,1.9000,9.9022,0
16.250,2.2902,-0.0002,0.4996,1.9000,9.8940,0
16.267,2.2985,-0.0003,0.4997,1.9000,9.8859,0
16.283,2.3068,-0.0003,0.4997,1.9000,9.8777,0
16.300,2.3151,-0.0003,0.4998,1.9000,9.8695,0
16.317,2.3235,-0.0003,0.4999,1.9000,9.8614,0
16.333,2.3318,-0.0003,0.5000,1.9000,9.8532,0
16.350,2.3401,-0.0003,0.5000,1.9000,9.8450,0
16.367,2.3485,-0.0004,0.5001,1.9000,9.8368,0
16.383,2.3568,-0.0004,0.5001,1.9000,9.8287,0
16.400,2.3651,-0.0004,0.5002,1.9000,9.8205,0
16.417,2.3735,-0.0004,0.5003,1.9000,9.8123,0
16.433,2.3818,-0.0005,0.5004,1.9000,9.8041,0
16.450,2.3902,-0.0005,0.5005,1.9000,9.7960,0
16.467,2.3985,-0.0005,0.5005,1.9000,9.7878,0
16.483,2.4069,-0.0005,0.5006,1.9000,9.7796,0
16.500,2.4152,-0.0006,0.5006,1.9000,9.7714,0
16.517,2.4235,-0.0006,0.5007,1.9000,9.7632,0
16.533,2.4319,-0.0006,0.5007,1.9000,9.7551,0
16.550,2.4402,-0.0006,0.5008,1.9000,9.7469,0
16.567,2.4486,-0.0007,0.5008,1.9000,9.7387,0
16.583,2.4569,-0.0007,0.5008,1.9000,9.7305,0
16.600,2.4653,-0.0007,0.5009,1.9000,9.7223,0
16.617,2.4736,-0.0008,0.5009,1.9000,9.7142,0
16.633,2.4820,-0.0008,0.5009,1.9000,9.7060,0
16.650,2.4903,-0.0008,0.5009,1.9000,9.6978,0
16.667,2.4987,-0.0009,0.5009,1.9000,9.6896,0
16.683,2.5070,-0.0009,0.5008,1.9000,9.6814,0
16.700,2.5154,-0.0009,0.5008,1.9000,9.6733,0
16.717,2.5237,-0.0009,0.5007,1.9000,9.6651,0
16.733,2.5320,-0.0010,0.5006,1.9000,9.6569,0
16.750,2.5404,-0.0010,0.5006,1.9000,9.6487,0
16.767,2.5487,-0.0010,0.5005,1.9000,9.6406,0
16.783,2.5571,-0.0011,0.5004,1.9000,9.6324,0
16.800,2.5654,-0.0011,0.5004,1.9000,9.6242,0
16.817,2.5737,-0.0011,0.5003,1.9000,9.6161,0
16.833,2.5821,-0.0011,0.5002,1.9000,9.6079,0
16.850,2.5904,-0.0012,0.5001,1.9000,9.5997,0
16.867,2.5988,-0.0012,0.5001,1.9000,9.5916,0
16.883,2.6071,-0.0012,0.5000,1.9000,9.5834,0
16.900,2.6154,-0.0013,0.4999,1.9000,9.5752,0
16.917,2.6238,-0.0013,0.4999,1.9000,9.5671,0
16.933,2.6321,-0.0013,0.4998,1.9000,9.5589,0
16.950,2.6404,-0.0013,0.4997,1.9000,9.5508,0
16.967,2.6487,-0.0014,0.4997,1.9000,9.5426,0
16.983,2.6571,-0.0014,0.4998,1.9000,9.5344,0
17.000,2.6654,-0.0014,0.4997,1.9000,9.5263,0
17.017,2.6737,-0.0014,0.4996,1.9000,9.5181,0
17.033,2.6820,-0.0014,0.4996,1.9000,9.5100,0
17.050,2.6904,-0.0015,0.4996,1.9000,9.5018,0
17.067,2.6987,-0.0015,0.4996,1.9000,9.4937,0
17.083,2.7070,-0.0015,0.4996,1.9000,9.4855,0
17.100,2.7154,-0.0015,0.4998,1.9000,9.4774,0
17.117,2.7237,-0.0016,0.4998,1.9000,9.4692,0
17.133,2.7320,-0.0016,0.4998,1.9000,9.4611,0
17.150,2.7404,-0.0016,0.4999,1.9000,9.4529,0
17.167,2.7487,-0.0016,0.4997,1.9000,9.4447,0
17.183,2.7570,-0.0017,0.4997,1.9000,9.4366,0
17.200,2.7653,-0.0017,0.4999,1.9000,9.4284,0
17.217,2.7737,-0.0017,0.5001,1.9000,9.4203,0
17.233,2.7820,-0.0018,0.5002,1.9000,9.4121,0
17.250,2.7903,-0.0018,0.5003,1.9000,9.4040,0
17.267,2.7987,-0.0018,0.5004,1.9000,9.3958,0
17.283,2.8070,-0.0019,0.5005,1.9000,9.3876,0
17.300,2.8154,-0.0019,0.5006,1.9000,9.3795,0
17.317,2.8237,-0.0019,0.5006,1.9000,9.3713,0
17.333,2.8321,-0.0020,0.5007,1.9000,9.3631,0
17.350,2.8404,-0.0020,0.5008,1.9000,9.3550,0
17.367,2.8488,-0.0020,0.5008,1.9000,9.3468,0
17.383,2.8571,-0.0021,0.5008,1.9000,9.3387,0
17.400,2.8654,-0.0021,0.5009,1.9000,9.3305,0
17.417,2.8738,-0.0021,0.5009,1.9000,9.3223,0
17.433,2.8821,-0.0022,0.5007,1.9000,9.3142,0
17.450,2.8905,-0.0022,0.5008,1.9000,9.3060,0
17.467,2.8988,-0.0022,0.5008,1.9000,9.2978,0
17.483,2.9072,-0.0023,0.5008,1.9000,9.2897,0
17.500,2.9155,-0.0023,0.5008,1.9000,9.2815,0
17.517,2.9239,-0.0023,0.5007,1.9000,9.2733,0
17.533,2.9322,-0.0024,0.5007,1.9000,9.2652,0
17.550,2.9406,-0.0024,0.5007,1.9000,9.2570,0
17.567,2.9489,-0.0024,0.5006,1.9000,9.2489,0
17.583,2.9572,-0.0025,0.5005,1.9000,9.2407,0
17.600,2.9656,-0.0025,0.5004,1.9000,9.2326,0
17.617,2.9739,-0.0025,0.5003,1.9000,9.2244,0
17.633,2.9823,-0.0026,0.5003,1.9000,9.2163,0
17.650,2.9906,-0.0026,0.5003,1.9000,9.2081,0
17.667,2.9989,-0.0026,0.5001,1.9000,9.2000,0
17.683,3.0073,-0.0027,0.5000,1.9000,9.1918,0
17.700,3.0156,-0.0027,0.5001,1.9000,9.1837,0
17.717,3.0239,-0.0027,0.4999,1.9000,9.1755,0
17.733,3.0323,-0.0028,0.4999,1.9000,9.1674,0
17.750,3.0406,-0.0028,0.4998,1.9000,9.1592,0
17.767,3.0489,-0.0028,0.4998,1.9000,9.1511,0
17.783,3.0573,-0.0028,0.4997,1.9000,9.1429,0
17.800,3.0656,-0.0029,0.4997,1.9000,9.1348,0
17.817,3.0739,-0.0029,0.4997,1.9000,9.1267,0
17.833,3.0822,-0.0029,0.4996,1.9000,9.1185,0
17.850,3.0906,-0.0029,0.4995,1.9000,9.1104,0
17.867,3.0989,-0.0030,0.4995,1.9000,9.1023,0
17.883,3.1072,-0.0030,0.4995,1.9000,9.0941,0
17.900,3.1155,-0.0030,0.4997,1.9000,9.0860,0
17.917,3.1239,-0.0030,0.4997,1.9000,9.0778,0
17.933,3.1322,-0.0031,0.4998,1.9000,9.0697,0
17.950,3.1405,-0.0031,0.4999,1.9000,9.0616,0
17.967,3.1489,-0.0031,0.5000,1.9000,9.0534,0
17.983,3.1572,-0.0031,0.5000,1.9000,9.0453,0
18.000,3.1655,-0.0032,0.5001,1.9000,9.0371,0
18.017,3.1739,-0.0032,0.5002,1.9000,9.0290,0
18.033,3.1822,-0.0032,0.5002,1.9000,9.0209,0
18.050,3.1905,-0.0033,0.5003,1.9000,9.0127,0
18.067,3.1989,-0.0033,0.5004,1.9000,9.0046,0
18.083,3.2072,-0.0033,0.5005,1.9000,8.9964,0
18.100,3.2156,-0.0034,0.5006,1.9000,8.9883,0
18.117,3.2239,-0.0034,0.5006,1.9000,8.9801,0
18.133,3.2323,-0.0034,0.5007,1.9000,8.9720,0
18.150,3.2406,-0.0035,0.5007,1.9000,8.9638,0
18.167,3.2489,-0.0035,0.5007,1.9000,8.9557,0
18.183,3.2573,-0.0035,0.5008,1.9000,8.9475,0
18.200,3.2656,-0.0035,0.5008,1.9000,8.9394,0
18.217,3.2740,-0.0036,0.5009,1.9000,8.9312,0
18.233,3.2823,-0.0036,0.5008,1.9000,8.9231,0
18.250,3.2907,-0.0036,0.5008,1.9000,8.9149,0
18.267,3.2990,-0.0037,0.5009,1.9000,8.9068,0
18.283,3.3074,-0.0037,0.5009,1.9000,8.8986,0
18.300,3.3157,-0.0037,0.5008,1.9000,8.8905,0
18.317,3.3241,-0.0038,0.5008,1.9000,8.8823,0
18.333,3.3324,-0.0038,0.5007,1.9000,8.8742,0
18.350,3.3408,-0.0038,0.5004,1.9000,8.8661,0
18.367,3.3491,-0.0039,0.5003,1.9000,8.8579,0
18.383,3.3574,-0.0039,0.5004,1.9000,8.8498,0
18.400,3.3658,-0.0039,0.5005,1.9000,8.8416,0
18.417,3.3741,-0.0039,0.5004,1.9000,8.8335,0
18.433,3.3825,-0.0040,0.5004,1.9000,8.8254,0
18.450,3.3908,-0.0040,0.5002,1.9000,8.8172,0
18.467,3.3991,-0.0040,0.5001,1.9000,8.8091,0
18.483,3.4075,-0.0040,0.5001,1.9000,8.8010,0
18.500,3.4158,-0.0041,0.5001,1.9000,8.7928,0
18.517,3.4241,-0.0041,0.5000,1.9000,8.7847,0
18.533,3.4325,-0.0041,0.5000,1.9000,8.7766,0
18.550,3.4408,-0.0041,0.4998,1.9000,8.7685,0
18.567,3.4491,-0.0042,0.4998,1.9000,8.7603,0
18.583,3.4575,-0.0042,0.4998,1.9000,8.7522,0
18.600,3.4658,-0.0042,0.4996,1.9000,8.7441,0
18.617,3.4741,-0.0042,0.4998,1.9000,8.7359,0
18.633,3.4824,-0.0042,0.4996,1.9000,8.7278,0
18.650,3.4908,-0.0043,0.4996,1.9000,8.7197,0
18.667,3.4991,-0.0043,0.4996,1.9000,8.7116,0
18.683,3.5074,-0.0043,0.4997,1.9000,8.7035,0
18.700,3.5157,-0.0043,0.4996,1.9000,8.6953,0
18.717,3.5241,-0.0043,0.4997,1.9000,8.6872,0
18.733,3.5324,-0.0043,0.4997,1.9000,8.6791,0
18.750,3.5407,-0.0044,0.4997,1.9000,8.6710,0
18.767,3.5491,-0.0044,0.4998,1.9000,8.6629,0
18.783,3.5574,-0.0044,0.4999,1.9000,8.6547,0
18.800,3.5657,-0.0044,0.5000,1.9000,8.6466,0
18.817,3.5741,-0.0045,0.5002,1.9000,8.6385,0
18.833,3.5824,-0.0045,0.5001,1.9000,8.6304,0
18.850,3.5907,-0.0045,0.5002,1.9000,8.6222,0
18.867,3.5991,-0.0045,0.5003,1.9000,8.6141,0
18.883,3.6074,-0.0046,0.5004,1.9000,8.6060,0
18.900,3.6158,-0.0046,0.5005,1.9000,8.5979,0
18.917,3.6241,-0.0046,0.5005,1.9000,8.5897,0
18.933,3.6324,-0.0046,0.5006,1.9000,8.5816,0
18.950,3.6408,-0.0047,0.5007,1.9000,8.5735,0
18.967,3.6491,-0.0047,0.5008,1.9000,8.5653,0
18.983,3.6575,-0.0047,0.5007,1.9000,8.5572,0
19.000,3.6658,-0.0047,0.5008,1.9000,8.5491,0
19.017,3.6742,-0.0048,0.5006,1.9000,8.5409,0
19.033,3.6825,-0.0048,0.5007,1.9000,8.5328,0
19.050,3.6909,-0.0048,0.5009,1.9000,8.5247,0
19.067,3.6992,-0.0049,0.5009,1.9000,8.5166,0
19.083,3.7076,-0.0049,0.5009,1.9000,8.5084,0
19.100,3.7159,-0.0049,0.5010,1.9000,8.5003,0
19.117,3.7242,-0.0049,0.5008,1.9000,8.4922,0
19.133,3.7326,-0.0050,0.5009,1.9000,8.4840,0
19.150,3.7409,-0.0050,0.5008,1.9000,8.4759,0
19.167,3.7493,-0.0050,0.5007,1.9000,8.4678,0
19.183,3.7576,-0.0050,0.5006,1.9000,8.4597,0
19.200,3.7660,-0.0051,0.5006,1.9000,8.4515,0
19.217,3.7743,-0.0051,0.5005,1.9000,8.4434,0
19.233,3.7827,-0.0051,0.5004,1.9000,8.4353,0
19.250,3.7910,-0.0052,0.5004,1.9000,8.4272,0
19.267,3.7993,-0.0052,0.5003,1.9000,8.4191,0
19.283,3.8077,-0.0052,0.5002,1.9000,8.4110,0
19.300,3.8160,-0.0052,0.5002,1.9000,8.4028,0
19.317,3.8243,-0.0052,0.5000,1.9000,8.3947,0
19.333,3.8327,-0.0053,0.4999,1.9000,8.3866,0
19.350,3.8410,-0.0053,0.4999,1.9000,8.3785,0
19.367,3.8493,-0.0053,0.4998,1.9000,8.3704,0
19.383,3.8577,-0.0053,0.4998,1.9000,8.3623,0
19.400,3.8660,-0.0054,0.4998,1.9000,8.3542,0
19.417,3.8743,-0.0054,0.4997,1.9000,8.3461,0
19.433,3.8826,-0.0054,0.4998,1.9000,8.3380,0
19.450,3.8910,-0.0054,0.4997,1.9000,8.3299,0
19.467,3.8993,-0.0054,0.4996,1.9000,8.3218,0
19.483,3.9076,-0.0055,0.4996,1.9000,8.3137,0
19.500,3.9160,-0.0055,0.4996,1.9000,8.3056,0
19.517,3.9243,-0.0055,0.4997,1.9000,8.2975,0
19.533,3.9326,-0.0055,0.4997,1.9000,8.2894,0
19.550,3.9409,-0.0055,0.4997,1.9000,8.2813,0
19.567,3.9493,-0.0056,0.4998,1.9000,8.2732,0
19.583,3.9576,-0.0056,0.4999,1.9000,8.2651,0
19.600,3.9659,-0.0056,0.4999,1.9000,8.2570,0
19.617,3.9743,-0.0056,0.5000,1.9000,8.2489,0
19.633,3.9826,-0.0057,0.5002,1.9000,8.2408,0
19.650,3.9909,-0.0057,0.5001,1.9000,8.2327,0
19.667,3.9993,-0.0057,0.5003,1.9000,8.2246,0
19.683,4.0076,-0.0057,0.5003,1.9000,8.2165,0
19.700,4.0160,-0.0058,0.5004,1.9000,8.2083,0
19.717,4.0243,-0.0058,0.5005,1.9000,8.2002,0
19.733,4.0326,-0.0058,0.5005,1.9000,8.1921,0
19.750,4.0410,-0.0059,0.5005,1.9000,8.1840,0
19.767,4.0493,-0.0059,0.5007,1.9000,8.1759,0
19.783,4.0577,-0.0059,0.5007,1.9000,8.1678,0
19.800,4.0660,-0.0059,0.5008,1.9000,8.1597,0
19.817,4.0744,-0.0060,0.5008,1.9000,8.1516,0
19.833,4.0827,-0.0060,0.5008,1.9000,8.1435,0
19.850,4.0911,-0.0060,0.5008,1.9000,8.1354,0
19.867,4.0994,-0.0061,0.5009,1.9000,8.1273,0
19.883,4.1078,-0.0061,0.5009,1.9000,8.1192,0
19.900,4.1161,-0.0061,0.5009,1.9000,8.1111,0
19.917,4.1245,-0.0062,0.5009,1.9000,8.1029,0
19.933,4.1328,-0.0062,0.5009,1.9000,8.0948,0
19.950,4.1411,-0.0062,0.5007,1.9000,8.0867,0
19.967,4.1495,-0.0063,0.5007,1.9000,8.0786,0
19.983,4.1578,-0.0063,0.5007,1.9000,8.0705,0
20.000,4.1662,-0.0063,0.5006,1.9000,8.0624,0
20.017,4.1745,-0.0064,0.5006,1.9000,8.0543,0
20.033,4.1829,-0.0064,0.5005,1.9000,8.0462,0
20.050,4.1912,-0.0064,0.5005,1.9000,8.0381,0
20.067,4.1995,-0.0064,0.5004,1.9000,8.0300,0
20.083,4.2079,-0.0065,0.5003,1.9000,8.0220,0
20.100,4.2162,-0.0065,0.5002,1.9000,8.0139,0
20.117,4.2246,-0.0065,0.5001,1.9000,8.0058,0
20.133,4.2329,-0.0065,0.5000,1.9000,7.9977,0
20.150,4.2412,-0.0066,0.5000,1.9000,7.9896,0
20.167,4.2496,-0.0066,0.5000,1.9000,7.9815,0
20.183,4.2579,-0.0066,0.4998,1.9000,7.9734,0
20.200,4.2662,-0.0067,0.4998,1.9000,7.9654,0
20.217,4.2745,-0.0067,0.4999,1.9000,7.9573,0
20.233,4.2829,-0.0067,0.4997,1.9000,7.9492,0
20.250,4.2912,-0.0067,0.4997,1.9000,7.9411,0
20.267,4.2995,-0.0068,0.4997,1.9000,7.9330,0
20.283,4.3079,-0.0068,0.4997,1.9000,7.9250,0
20.300,4.3162,-0.0068,0.4997,1.9000,7.9169,0
20.317,4.3245,-0.0068,0.4997,1.9000,7.9088,0
20.333,4.3328,-0.0069,0.4996,1.9000,7.9007,0
20.350,4.3412,-0.0069,0.4997,1.9000,7.8926,0
20.367,4.3495,-0.0069,0.4997,1.9000,7.8846,0
20.383,4.3578,-0.0069,0.4998,1.9000,7.8765,0
20.400,4.3662,-0.0070,0.4999,1.9000,7.8684,0
20.417,4.3745,-0.0070,0.5000,1.9000,7.8603,0
20.433,4.3828,-0.0070,0.5000,1.9000,7.8523,0
20.450,4.3912,-0.0071,0.5001,1.9000,7.8442,0
20.467,4.3995,-0.0071,0.5002,1.9000,7.8361,0
20.483,4.4078,-0.0071,0.5002,1.9000,7.8280,0
20.500,4.4162,-0.0071,0.5004,1.9000,7.8200,0
20.517,4.4245,-0.0072,0.5004,1.9000,7.8119,0
20.533,4.4329,-0.0072,0.5005,1.9000,7.8038,0
20.550,4.4412,-0.0072,0.5006,1.9000,7.7957,0
20.567,4.4495,-0.0073,0.5007,1.9000,7.7876,0
20.583,4.4579,-0.0073,0.5007,1.9000,7.7795,0
20.600,4.4662,-0.0074,0.5008,1.9000,7.7715,0
20.617,4.4746,-0.0074,0.5008,1.9000,7.7634,0
20.633,4.4829,-0.0074,0.5008,1.9000,7.7553,0
20.650,4.4913,-0.0075,0.5005,1.9000,7.7472,0
20.667,4.4996,-0.0075,0.5005,1.9000,7.7392,0
20.683,4.5080,-0.0075,0.5008,1.9000,7.7311,0
20.700,4.5163,-0.0076,0.5008,1.9000,7.7230,0
20.717,4.5246,-0.0076,0.5010,1.9000,7.7149,0
20.733,4.5330,-0.0076,0.5008,1.9000,7.7068,0
20.750,4.5413,-0.0077,0.5008,1.9000,7.6988,0
20.767,4.5497,-0.0077,0.5008,1.9000,7.6907,0
20.783,4.5580,-0.0077,0.5007,1.9000,7.6826,0
20.800,4.5664,-0.0078,0.5006,1.9000,7.6745,0
20.817,4.5747,-0.0078,0.5007,1.9000,7.6664,0
20.833,4.5831,-0.0078,0.5006,1.9000,7.6584,0
20.850,4.5914,-0.0079,0.5005,1.9000,7.6503,0
20.867,4.5997,-0.0079,0.5005,1.9000,7.6422,0
20.883,4.6081,-0.0079,0.5003,1.9000,7.6342,0
20.900,4.6164,-0.0079,0.5003,1.9000,7.6261,0
20.917,4.6248,-0.0080,0.5001,1.9000,7.6180,0
20.933,4.6331,-0.0080,0.5001,1.9000,7.6100,0
20.950,4.6414,-0.0080,0.5001,1.9000,7.6019,0
20.967,4.6498,-0.0081,0.4999,1.9000,7.5939,0
20.983,4.6581,-0.0081,0.4997,1.9000,7.5858,0
21.000,4.6664,-0.0081,0.4997,1.9000,7.5777,0
21.017,4.6747,-0.0081,0.4998,1.9000,7.5697,0
21.033,4.6831,-0.0081,0.4998,1.9000,7.5616,0
21.050,4.6914,-0.0082,0.4997,1.9000,7.5536,0
21.067,4.6997,-0.0082,0.4996,1.9000,7.5455,0
21.083,4.7081,-0.0082,0.4996,1.9000,7.5375,0
21.100,4.7164,-0.0082,0.4996,1.9000,7.5294,0
21.117,4.7247,-0.0082,0.4997,1.9000,7.5214,0
21.133,4.7330,-0.0083,0.4997,1.9000,7.5133,0
21.150,4.7414,-0.0083,0.4997,1.9000,7.5053,0
21.167,4.7497,-0.0083,0.4997,1.9000,7.4972,0
21.183,4.7580,-0.0083,0.4998,1.9000,7.4892,0
21.200,4.7664,-0.0083,0.4999,1.9000,7.4811,0
21.217,4.7747,-0.0084,0.4999,1.9000,7.4731,0
21.233,4.7830,-0.0084,0.5000,1.9000,7.4650,0
21.250,4.7914,-0.0084,0.5000,1.9000,7.4570,0
21.267,4.7997,-0.0084,0.5001,1.9000,7.4489,0
21.283,4.8080,-0.0084,0.5002,1.9000,7.4409,0
21.300,4.8164,-0.0084,0.5003,1.9000,7.4328,0
21.317,4.8247,-0.0085,0.5004,1.9000,7.4248,0
21.333,4.8330,-0.0085,0.5005,1.9000,7.4167,0
21.350,4.8414,-0.0085,0.5005,1.9000,7.4087,0
21.367,4.8497,-0.0085,0.5006,1.9000,7.4006,0
21.383,4.8581,-0.0085,0.5006,1.9000,7.3925,0
21.400,4.8664,-0.0086,0.5007,1.9000,7.3845,0
21.417,4.8748,-0.0086,0.5008,1.9000,7.3764,0
21.433,4.8831,-0.0086,0.5008,1.9000,7.3684,0
21.450,4.8915,-0.0086,0.5008,1.9000,7.3603,0
21.467,4.8998,-0.0086,0.5009,1.9000,7.3523,0
21.483,4.9082,-0.0086,0.5009,1.9000,7.3442,0
21.500,4.9165,-0.0087,0.5008,1.9000,7.3361,0
21.517,4.9248,-0.0087,0.5009,1.9000,7.3281,0
21.533,4.9332,-0.0087,0.5009,1.9000,7.3200,0
21.550,4.9415,-0.0087,0.5008,1.9000,7.3120,0
21.567,4.9499,-0.0087,0.5009,1.9000,7.3039,0
21.583,4.9582,-0.0087,0.5007,1.9000,7.2959,0
21.600,4.9666,-0.0087,0.5007,1.9000,7.2878,0
21.617,4.9749,-0.0087,0.5006,1.9000,7.2798,0
21.633,4.9833,-0.0087,0.5007,1.9000,7.2717,0
21.650,4.9916,-0.0087,0.5006,1.9000,7.2637,0
21.667,4.9999,-0.0088,0.5004,1.9000,7.2556,0
21.683,5.0083,-0.0088,0.5004,1.9000,7.2476,0
21.700,5.0166,-0.0088,0.5003,1.9000,7.2395,0
21.717,5.0250,-0.0088,0.5003,1.9000,7.2315,0
21.733,5.0333,-0.0088,0.5002,1.9000,7.2235,0
21.750,5.0416,-0.0088,0.5001,1.9000,7.2154,0
21.767,5.0500,-0.0088,0.5000,1.9000,7.2074,0
21.783,5.0583,-0.0088,0.5000,1.9000,7.1993,0
21.800,5.0666,-0.0088,0.5000,1.9000,7.1913,0
21.817,5.0750,-0.0088,0.4999,1.9000,7.1833,0
21.833,5.0833,-0.0088,0.4996,1.9000,7.1752,0
21.850,5.0916,-0.0088,0.4998,1.9000,7.1672,0
21.867,5.1000,-0.0088,0.4997,1.9000,7.1592,0
21.883,5.1083,-0.0087,0.4997,1.9000,7.1512,0
21.900,5.1166,-0.0087,0.4996,1.9000,7.1431,0
21.917,5.1249,-0.0087,0.4996,1.9000,7.1351,0
21.933,5.1333,-0.0087,0.4996,1.9000,7.1271,0
21.950,5.1416,-0.0087,0.4996,1.9000,7.1191,0
21.967,5.1499,-0.0087,0.4996,1.9000,7.1110,0
21.983,5.1582,-0.0087,0.4997,1.9000,7.1030,0
22.000,5.1666,-0.0087,0.4998,1.9000,7.0950,0
22.017,5.1749,-0.0087,0.4999,1.9000,7.0870,0
22.033,5.1832,-0.0087,0.4999,1.9000,7.0789,0
22.050,5.1916,-0.0087,0.5000,1.9000,7.0709,0
22.067,5.1999,-0.0087,0.5000,1.9000,7.0629,0
22.083,5.2082,-0.0087,0.5002,1.9000,7.0549,0
22.100,5.2166,-0.0087,0.5000,1.9000,7.0468,0
22.117,5.2249,-0.0086,0.5002,1.9000,7.0388,0
22.133,5.2333,-0.0086,0.5003,1.9000,7.0308,0
22.150,5.2416,-0.0086,0.5005,1.9000,7.0227,0
22.167,5.2499,-0.0086,0.5005,1.9000,7.0147,0
22.183,5.2583,-0.0086,0.5005,1.9000,7.0067,0
22.200,5.2666,-0.0086,0.5007,1.9000,6.9987,0
22.217,5.2750,-0.0086,0.5007,1.9000,6.9906,0
22.233,5.2833,-0.0086,0.5007,1.9000,6.9826,0
22.250,5.2917,-0.0086,0.5008,1.9000,6.9746,0
22.267,5.3000,-0.0086,0.5008,1.9000,6.9665,0
22.283,5.3084,-0.0086,0.5009,1.9000,6.9585,0
22.300,5.3167,-0.0086,0.5009,1.9000,6.9505,0
22.317,5.3250,-0.0086,0.5009,1.9000,6.9425,0
22.333,5.3334,-0.0086,0.5008,1.9000,6.9344,0
22.350,5.3417,-0.0085,0.5008,1.9000,6.9264,0
22.367,5.3501,-0.0085,0.5010,1.9000,6.9184,0
22.383,5.3584,-0.0085,0.5009,1.9000,6.9103,0
22.400,5.3668,-0.0085,0.5007,1.9000,6.9023,0
22.417,5.3751,-0.0085,0.5008,1.9000,6.8943,0
22.433,5.3835,-0.0085,0.5007,1.9000,6.8863,0
22.450,5.3918,-0.0085,0.5006,1.9000,6.8782,0
22.467,5.4002,-0.0084,0.5006,1.9000,6.8702,0
22.483,5.4085,-0.0084,0.5005,1.9000,6.8622,0
22.500,5.4168,-0.0084,0.5004,1.9000,6.8542,0
22.517,5.4252,-0.0084,0.5003,1.9000,6.8462,0
22.533,5.4335,-0.0084,0.5003,1.9000,6.8382,0
22.550,5.4419,-0.0084,0.5002,1.9000,6.8302,0
22.567,5.4502,-0.0083,0.5001,1.9000,6.8222,0
22.583,5.4585,-0.0083,0.4995,1.9000,6.8142,0
22.600,5.4668,-0.0083,0.4994,1.9000,6.8062,0
22.617,5.4752,-0.0083,0.4998,1.9000,6.7982,0
22.633,5.4835,-0.0082,0.4998,1.9000,6.7902,0
22.650,5.4918,-0.0082,0.4998,1.9000,6.7822,0
22.667,5.5002,-0.0082,0.4998,1.9000,6.7742,0
22.683,5.5085,-0.0082,0.4997,1.9000,6.7662,0
22.700,5.5168,-0.0081,0.4997,1.9000,6.7582,0
22.717,5.5251,-0.0081,0.4997,1.9000,6.7502,0
22.733,5.5335,-0.0081,0.4997,1.9000,6.7422,0
22.750,5.5418,-0.0081,0.4996,1.9000,6.7342,0
22.767,5.5501,-0.0080,0.4997,1.9000,6.7262,0
22.783,5.5585,-0.0080,0.4997,1.9000,6.7182,0
22.800,5.5668,-0.0080,0.4997,1.9000,6.7102,0
22.817,5.5751,-0.0079,0.4998,1.9000,6.7022,0
22.833,5.5834,-0.0079,0.4999,1.9000,6.6942,0
22.850,5.5918,-0.0079,0.4999,1.9000,6.6862,0
22.867,5.6001,-0.0079,0.5000,1.9000,6.6782,0
22.883,5.6084,-0.0078,0.5000,1.9000,6.6702,0
22.900,5.6168,-0.0078,0.5002,1.9000,6.6622,0
22.917,5.6251,-0.0078,0.5002,1.9000,6.6542,0
22.933,5.6334,-0.0077,0.5003,1.9000,6.6462,0
22.950,5.6418,-0.0077,0.5003,1.9000,6.6382,0
22.967,5.6501,-0.0077,0.5005,1.9000,6.6302,0
22.983,5.6585,-0.0077,0.5005,1.9000,6.6222,0
23.000,5.6668,-0.0076,0.5004,1.9000,6.6143,0
23.017,5.6752,-0.0076,0.5005,1.9000,6.6063,0
23.033,5.6835,-0.0076,0.5007,1.9000,6.5983,0
23.050,5.6918,-0.0076,0.5008,1.9000,6.5903,0
23.067,5.7002,-0.0075,0.5008,1.9000,6.5823,0
23.083,5.7085,-0.0075,0.5008,1.9000,6.5743,0
23.100,5.7169,-0.0075,0.5008,1.9000,6.5663,0
23.117,5.7252,-0.0074,0.5008,1.9000,6.5583,0
23.133,5.7336,-0.0074,0.5009,1.9000,6.5503,0
23.150,5.7419,-0.0074,0.5010,1.9000,6.5423,0
23.167,5.7503,-0.0074,0.5008,1.9000,6.5343,0
23.183,5.7586,-0.0073,0.5009,1.9000,6.5263,0
23.200,5.7670,-0.0073,0.5009,1.9000,6.5183,0
23.217,5.7753,-0.0073,0.5008,1.9000,6.5103,0
23.233,5.7837,-0.0073,0.5008,1.9000,6.5023,0
23.250,5.7920,-0.0072,0.5007,1.9000,6.4944,0
23.267,5.8004,-0.0072,0.5007,1.9000,6.4864,0
23.283,5.8087,-0.0072,0.5006,1.9000,6.4784,0
23.300,5.8170,-0.0071,0.5005,1.9000,6.4704,0
23.317,5.8254,-0.0071,0.5004,1.9000,6.4624,0
23.333,5.8337,-0.0071,0.5003,1.9000,6.4545,0
23.350,5.8421,-0.0070,0.5003,1.9000,6.4465,0
23.367,5.8504,-0.0070,0.5001,1.9000,6.4385,0
23.383,5.8587,-0.0070,0.5001,1.9000,6.4305,0
23.400,5.8671,-0.0069,0.5001,1.9000,6.4226,0
23.417,5.8754,-0.0069,0.5000,1.9000,6.4146,0
23.433,5.8837,-0.0069,0.4999,1.9000,6.4066,0
23.450,5.8921,-0.0068,0.4999,1.9000,6.3987,0
23.467,5.9004,-0.0068,0.4998,1.9000,6.3907,0
23.483,5.9087,-0.0068,0.4999,1.9000,6.3828,0
23.500,5.9170,-0.0067,0.4997,1.9000,6.3748,0
23.517,5.9254,-0.0067,0.4997,1.9000,6.3668,0
23.533,5.9337,-0.0067,0.4996,1.9000,6.3589,0
23.550,5.9420,-0.0066,0.4993,1.9000,6.3509,0
23.567,5.9503,-0.0066,0.4993,1.9000,6.3430,0
23.583,5.9587,-0.0066,0.4996,1.9000,6.3350,0
23.600,5.9670,-0.0065,0.4997,1.9000,6.3271,0
23.617,5.9753,-0.0065,0.4997,1.9000,6.3191,0
23.633,5.9837,-0.0065,0.4998,1.9000,6.3112,0
23.650,5.9920,-0.0064,0.4998,1.9000,6.3032,0
23.667,6.0003,-0.0064,0.4999,1.9000,6.2953,0
23.683,6.0086,-0.0064,0.5000,1.9000,6.2873,0
23.700,6.0170,-0.0063,0.5000,1.9000,6.2794,0
23.717,6.0253,-0.0063,0.5001,1.9000,6.2714,0
23.733,6.0337,-0.0063,0.5002,1.9000,6.2635,0
23.750,6.0420,-0.0062,0.5004,1.9000,6.2555,0
23.767,6.0503,-0.0062,0.5003,1.9000,6.2476,0
23.783,6.0587,-0.0062,0.5005,1.9000,6.2396,0
23.800,6.0670,-0.0061,0.5005,1.9000,6.2317,0
23.817,6.0754,-0.0061,0.5006,1.9000,6.2237,0
23.833,6.0837,-0.0061,0.5006,1.9000,6.2158,0
23.850,6.0920,-0.0060,0.5007,1.9000,6.2078,0
23.867,6.1004,-0.0060,0.5007,1.9000,6.1999,0
23.883,6.1087,-0.0060,0.5007,1.9000,6.1919,0
23.900,6.1171,-0.0060,0.5008,1.9000,6.1840,0
23.917,6.1254,-0.0059,0.5009,1.9000,6.1760,0
23.933,6.1338,-0.0059,0.5008,1.9000,6.1681,0
23.950,6.1421,-0.0059,0.5009,1.9000,6.1601,0
23.967,6.1505,-0.0059,0.5008,1.9000,6.1522,0
23.983,6.1588,-0.0058,0.5009,1.9000,6.1442,0
24.000,6.1672,-0.0058,0.5005,1.9000,6.1363,0
24.017,6.1755,-0.0058,0.5004,1.9000,6.1284,0
24.033,6.1838,-0.0058,0.5007,1.9000,6.1204,0
24.050,6.1922,-0.0057,0.5008,1.9000,6.1125,0
24.067,6.2005,-0.0057,0.5007,1.9000,6.1045,0
24.083,6.2089,-0.0057,0.5006,1.9000,6.0966,0
24.100,6.2172,-0.0056,0.5005,1.9000,6.0887,0
24.117,6.2256,-0.0056,0.5005,1.9000,6.0807,0
24.133,6.2339,-0.0056,0.5005,1.9000,6.0728,0
24.150,6.2422,-0.0055,0.5003,1.9000,6.0649,0
24.167,6.2506,-0.0055,0.5002,1.9000,6.0570,0
24.183,6.2589,-0.0055,0.5002,1.9000,6.0490,0
24.200,6.2672,-0.0054,0.5001,1.9000,6.0411,0
24.217,6.2756,-0.0054,0.5000,1.9000,6.0332,0
24.233,6.2839,-0.0054,0.4999,1.9000,6.0253,0
24.250,6.2922,-0.0053,0.4999,1.9000,6.0174,0
24.267,6.3006,-0.0053,0.4998,1.9000,6.0095,0
24.283,6.3089,-0.0053,0.4999,1.9000,6.0015,0
24.300,6.3172,-0.0052,0.4997,1.9000,5.9936,0
24.317,6.3256,-0.0052,0.4998,1.9000,5.9857,0
24.333,6.3339,-0.0051,0.4997,1.9000,5.9778,0
24.350,6.3422,-0.0051,0.4997,1.9000,5.9699,0
24.367,6.3505,-0.0051,0.4997,1.9000,5.9620,0
24.383,6.3589,-0.0050,0.4997,1.9000,5.9541,0
24.400,6.3672,-0.0050,0.4997,1.9000,5.9462,0
24.417,6.3755,-0.0050,0.4993,1.9000,5.9383,0
24.433,6.3838,-0.0049,0.4995,1.9000,5.9304,0
24.450,6.3922,-0.0049,0.4997,1.9000,5.9225,0
24.467,6.4005,-0.0049,0.4998,1.9000,5.9146,0
24.483,6.4088,-0.0048,0.4999,1.9000,5.9067,0
24.500,6.4172,-0.0048,0.4999,1.9000,5.8988,0
24.517,6.4255,-0.0048,0.5001,1.9000,5.8909,0
24.533,6.4338,-0.0047,0.5001,1.9000,5.8830,0
24.550,6.4422,-0.0047,0.5002,1.9000,5.8751,0
24.567,6.4505,-0.0047,0.5003,1.9000,5.8672,0
24.583,6.4589,-0.0046,0.5003,1.9000,5.8593,0
24.600,6.4672,-0.0046,0.5004,1.9000,5.8514,0
24.617,6.4755,-0.0046,0.5004,1.9000,5.8436,0
24.633,6.4839,-0.0045,0.5006,1.9000,5.8357,0
24.650,6.4922,-0.0045,0.5006,1.9000,5.8278,0
24.667,6.5006,-0.0045,0.5006,1.9000,5.8199,0
24.683,6.5089,-0.0044,0.5007,1.9000,5.8120,0
24.700,6.5173,-0.0044,0.5007,1.9000,5.8041,0
24.717,6.5256,-0.0044,0.5007,1.9000,5.7962,0
24.733,6.5339,-0.0044,0.5008,1.9000,5.7883,0
24.750,6.5423,-0.0043,0.5008,1.9000,5.7804,0
24.767,6.5506,-0.0043,0.5009,1.9000,5.7725,0
24.783,6.5590,-0.0043,0.5009,1.9000,5.7646,0
24.800,6.5673,-0.0043,0.5010,1.9000,5.7567,0
24.817,6.5757,-0.0042,0.5008,1.9000,5.7488,0
24.833,6.5840,-0.0042,0.5009,1.9000,5.7410,0
24.850,6.5924,-0.0042,0.5008,1.9000,5.7331,0
24.867,6.6007,-0.0041,0.5007,1.9000,5.7252,0
24.883,6.6091,-0.0041,0.5007,1.9000,5.7173,0
24.900,6.6174,-0.0041,0.5005,1.9000,5.7095,0
24.917,6.6258,-0.0041,0.5005,1.9000,5.7016,0
24.933,6.6341,-0.0040,0.5004,1.9000,5.6937,0
24.950,6.6424,-0.0040,0.5004,1.9000,5.6858,0
24.967,6.6508,-0.0040,0.5004,1.9000,5.6780,0
24.983,6.6591,-0.0039,0.5002,1.9000,5.6701,0
25.000,6.6674,-0.0039,0.5001,1.9000,5.6622,0
25.017,6.6758,-0.0039,0.5001,1.9000,5.6544,0
25.033,6.6841,-0.0039,0.4998,1.9000,5.6465,0
25.050,6.6924,-0.0038,0.4998,1.9000,5.6387,0
25.067,6.7008,-0.0038,0.4998,1.9000,5.6308,0
25.083,6.7091,-0.0038,0.4998,1.9000,5.6230,0
25.100,6.7174,-0.0037,0.4998,1.9000,5.6151,0
25.117,6.7258,-0.0037,0.4997,1.9000,5.6073,0
25.133,6.7341,-0.0036,0.4997,1.9000,5.5994,0
25.150,6.7424,-0.0036,0.4997,1.9000,5.5916,0
25.167,6.7507,-0.0036,0.4995,1.9000,5.5838,0
25.183,6.7591,-0.0035,0.4997,1.9000,5.5759,0
25.200,6.7674,-0.0035,0.4995,1.9000,5.5681,0
25.217,6.7757,-0.0035,0.4998,1.9000,5.5602,0
25.233,6.7840,-0.0035,0.4997,1.9000,5.5524,0
25.250,6.7924,-0.0034,0.4997,1.9000,5.5446,0
25.267,6.8007,-0.0034,0.4997,1.9000,5.5367,0
25.283,6.8090,-0.0034,0.4997,1.9000,5.5289,0
25.300,6.8174,-0.0033,0.4997,1.9000,5.5211,0
25.317,6.8257,-0.0033,0.5000,1.9000,5.5133,0
25.333,6.8340,-0.0033,0.5000,1.9000,5.5054,0
25.350,6.8424,-0.0033,0.5002,1.9000,5.4976,0
25.367,6.8507,-0.0032,0.5002,1.9000,5.4898,0
25.383,6.8590,-0.0032,0.5002,1.9000,5.4819,0
25.400,6.8674,-0.0032,0.5004,1.9000,5.4741,0
25.417,6.8757,-0.0032,0.5001,1.9000,5.4663,0
25.433,6.8841,-0.0031,0.5001,1.9000,5.4585,0
25.450,6.8924,-0.0031,0.5005,1.9000,5.4506,0
25.467,6.9007,-0.0031,0.5005,1.9000,5.4428,0
25.483,6.9091,-0.0031,0.5007,1.9000,5.4350,0
25.500,6.9174,-0.0031,0.5008,1.9000,5.4272,0
25.517,6.9258,-0.0030,0.5007,1.9000,5.4194,0
25.533,6.9341,-0.0030,0.5008,1.9000,5.4115,0
25.550,6.9425,-0.0030,0.5008,1.9000,5.4037,0
25.567,6.9508,-0.0030,0.5009,1.9000,5.3959,0
25.583,6.9592,-0.0030,0.5008,1.9000,5.3881,0
25.600,6.9675,-0.0030,0.5009,1.9000,5.3803,0
25.617,6.9759,-0.0029,0.5009,1.9000,5.3725,0
25.633,6.9842,-0.0029,0.5007,1.9000,5.3646,0
25.650,6.9925,-0.0029,0.5009,1.9000,5.3568,0
25.667,7.0009,-0.0029,0.5009,1.9000,5.3490,0
25.683,7.0092,-0.0029,0.5007,1.9000,5.3412,0
25.700,7.0176,-0.0029,0.5007,1.9000,5.3334,0
25.717,7.0259,-0.0028,0.5005,1.9000,5.3256,0
25.733,7.0343,-0.0028,0.5005,1.9000,5.3178,0
25.750,7.0426,-0.0028,0.5006,1.9000,5.3100,0
25.767,7.0509,-0.0028,0.5003,1.9000,5.3022,0
25.783,7.0593,-0.0028,0.5003,1.9000,5.2944,0
25.800,7.0676,-0.0027,0.5001,1.9000,5.2867,0
25.817,7.0760,-0.0027,0.5002,1.9000,5.2789,0
25.833,7.0843,-0.0027,0.5001,1.9000,5.2711,0
25.850,7.0926,-0.0027,0.4999,1.9000,5.2633,0
25.867,7.1010,-0.0027,0.5001,1.9000,5.2555,0
25.883,7.1093,-0.0027,0.4995,1.9000,5.2478,0
25.900,7.1176,-0.0026,0.4994,1.9000,5.2400,0
25.917,7.1259,-0.0026,0.4997,1.9000,5.2323,0
25.933,7.1343,-0.0026,0.4997,1.9000,5.2245,0
25.950,7.1426,-0.0026,0.4997,1.9000,5.2167,0
25.967,7.1509,-0.0026,0.4997,1.9000,5.2090,0
25.983,7.1592,-0.0025,0.4996,1.9000,5.2012,0
26.000,7.1676,-0.0025,0.4996,1.9000,5.1935,0
26.017,7.1759,-0.0025,0.4998,1.9000,5.1857,0
26.033,7.1842,-0.0025,0.4995,1.9000,5.1779,0
26.050,7.1926,-0.0025,0.4996,1.9000,5.1702,0
26.067,7.2009,-0.0025,0.4997,1.9000,5.1625,0
26.083,7.2092,-0.0025,0.4996,1.9000,5.1547,0
26.100,7.2175,-0.0024,0.4998,1.9000,5.1470,0
26.117,7.2259,-0.0024,0.4997,1.9000,5.1392,0
26.133,7.2342,-0.0024,0.4999,1.9000,5.1315,0
26.150,7.2425,-0.0024,0.4996,1.9000,5.1237,0
26.167,7.2509,-0.0024,0.4997,1.9000,5.1160,0
26.183,7.2592,-0.0024,0.5000,1.9000,5.1083,0
26.200,7.2675,-0.0024,0.5002,1.9000,5.1005,0
26.217,7.2759,-0.0024,0.5003,1.9000,5.0928,0
26.233,7.2842,-0.0024,0.5005,1.9000,5.0851,0
26.250,7.2925,-0.0024,0.5005,1.9000,5.0773,0
26.267,7.3009,-0.0024,0.5006,1.9000,5.0696,0
26.283,7.3092,-0.0024,0.5005,1.9000,5.0619,0
26.300,7.3176,-0.0024,0.5008,1.9000,5.0541,0
26.317,7.3259,-0.0024,0.5008,1.9000,5.0464,0
26.333,7.3343,-0.0024,0.5008,1.9000,5.0387,0
26.350,7.3426,-0.0024,0.5008,1.9000,5.0309,0
26.367,7.3510,-0.0024,0.5009,1.9000,5.0232,0
26.383,7.3593,-0.0024,0.5008,1.9000,5.0155,0
26.400,7.3677,-0.0024,0.5008,1.9000,5.0078,0
26.417,7.3760,-0.0024,0.5008,1.9000,5.0000,0
26.433,7.3844,-0.0024,0.5010,1.9000,4.9923,0
26.450,7.3927,-0.0024,0.5007,1.9000,4.9846,0
26.467,7.4011,-0.0024,0.5009,1.9000,4.9769,0
26.483,7.4094,-0.0024,0.5007,1.9000,4.9692,0
26.500,7.4177,-0.0024,0.5007,1.9000,4.9615,0
26.517,7.4261,-0.0024,0.5007,1.9000,4.9538,0
26.533,7.4344,-0.0024,0.5005,1.9000,4.9461,0
26.550,7.4428,-0.0024,0.5005,1.9000,4.9384,0
26.567,7.4511,-0.0024,0.5004,1.9000,4.9307,0
26.583,7.4594,-0.0025,0.5005,1.9000,4.9230,0
26.600,7.4678,-0.0025,0.5002,1.9000,4.9153,0
26.617,7.4761,-0.0025,0.5002,1.9000,4.9076,0
26.633,7.4845,-0.0025,0.5002,1.9000,4.8999,0
26.650,7.4928,-0.0025,0.5000,1.9000,4.8923,0
26.667,7.5011,-0.0025,0.5000,1.9000,4.8846,0
26.683,7.5095,-0.0025,0.4998,1.9000,4.8769,0
26.700,7.5178,-0.0025,0.5000,1.9000,4.8693,0
26.717,7.5261,-0.0025,0.4998,1.9000,4.8616,0
26.733,7.5344,-0.0025,0.4997,1.9000,4.8539,0
26.750,7.5428,-0.0025,0.4998,1.9000,4.8463,0
26.767,7.5511,-0.0025,0.4997,1.9000,4.8386,0
26.783,7.5594,-0.0025,0.4997,1.9000,4.8310,0
26.800,7.5678,-0.0025,0.4997,1.9000,4.8233,0
26.817,7.5761,-0.0025,0.4997,1.9000,4.8157,0
26.833,7.5844,-0.0026,0.4996,1.9000,4.8080,0
26.850,7.5927,-0.0026,0.4997,1.9000,4.8004,0
26.867,7.6011,-0.0026,0.4997,1.9000,4.7927,0
26.883,7.6094,-0.0026,0.4998,1.9000,4.7851,0
26.900,7.6177,-0.0026,0.4998,1.9000,4.7775,0
26.917,7.6261,-0.0026,0.4998,1.9000,4.7698,0
26.933,7.6344,-0.0026,0.4999,1.9000,4.7622,0
26.950,7.6427,-0.0027,0.5000,1.9000,4.7546,0
26.967,7.6511,-0.0027,0.5001,1.9000,4.7469,0
26.983,7.6594,-0.0027,0.5000,1.9000,4.7393,0
27.000,7.6677,-0.0027,0.5001,1.9000,4.7317,0
27.017,7.6761,-0.0027,0.4997,1.9000,4.7241,0
27.033,7.6844,-0.0028,0.4995,1.9000,4.7165,0
27.050,7.6927,-0.0028,0.4995,1.9000,4.7089,0
27.067,7.7010,-0.0028,0.5000,1.9000,4.7012,0
27.083,7.7094,-0.0028,0.5005,1.9000,4.6936,0
27.100,7.7177,-0.0029,0.5005,1.9000,4.6860,0
27.117,7.7261,-0.0029,0.5007,1.9000,4.6784,0
27.133,7.7344,-0.0029,0.5008,1.9000,4.6708,0
27.150,7.7428,-0.0030,0.5007,1.9000,4.6632,0
27.167,7.7511,-0.0030,0.5008,1.9000,4.6556,0
27.183,7.7595,-0.0030,0.5007,1.9000,4.6480,0
27.200,7.7678,-0.0031,0.5009,1.9000,4.6404,0
27.217,7.7761,-0.0031,0.5009,1.9000,4.6328,0
27.233,7.7845,-0.0031,0.5009,1.9000,4.6252,0
27.250,7.7928,-0.0032,0.5010,1.9000,4.6176,0
27.267,7.8012,-0.0032,0.5006,1.9000,4.6100,0
27.283,7.8095,-0.0032,0.5007,1.9000,4.6024,0
27.300,7.8179,-0.0033,0.5008,1.9000,4.5948,0
27.317,7.8262,-0.0033,0.5007,1.9000,4.5873,0
27.333,7.8346,-0.0033,0.5007,1.9000,4.5797,0
27.350,7.8429,-0.0034,0.5005,1.9000,4.5721,0
27.367,7.8513,-0.0034,0.5005,1.9000,4.5645,0
27.383,7.8596,-0.0034,0.5004,1.9000,4.5570,0
27.400,7.8679,-0.0035,0.5005,1.9000,4.5494,0
27.417,7.8763,-0.0035,0.5002,1.9000,4.5419,0
27.433,7.8846,-0.0035,0.5001,1.9000,4.5343,0
27.450,7.8929,-0.0036,0.5001,1.9000,4.5268,0
27.467,7.9013,-0.0036,0.5001,1.9000,4.5192,0
27.483,7.9096,-0.0037,0.4999,1.9000,4.5117,0
27.500,7.9179,-0.0037,0.4995,1.9000,4.5041,0
27.517,7.9263,-0.0037,0.4995,1.9000,4.4966,0
27.533,7.9346,-0.0038,0.4998,1.9000,4.4891,0
27.550,7.9429,-0.0038,0.4995,1.9000,4.4816,0
27.567,7.9512,-0.0038,0.4999,1.9000,4.4740,0
27.583,7.9596,-0.0039,0.4995,1.9000,4.4665,0
27.600,7.9679,-0.0039,0.4995,1.9000,4.4590,0
27.617,7.9762,-0.0040,0.4996,1.9000,4.4515,0
27.633,7.9845,-0.0040,0.4995,1.9000,4.4440,0
27.650,7.9929,-0.0041,0.4997,1.9000,4.4365,0
27.667,8.0012,-0.0041,0.4996,1.9000,4.4290,0
27.683,8.0095,-0.0041,0.4995,1.9000,4.4215,0
27.700,8.0179,-0.0042,0.4997,1.9000,4.4140,0
27.717,8.0262,-0.0042,0.4997,1.9000,4.4065,0
27.733,8.0345,-0.0043,0.4998,1.9000,4.3990,0
27.750,8.0428,-0.0043,0.4998,1.9000,4.3915,0
27.767,8.0512,-0.0044,0.5001,1.9000,4.3841,0
27.783,8.0595,-0.0044,0.5000,1.9000,4.3766,0
27.800,8.0678,-0.0045,0.5000,1.9000,4.3691,0
27.817,8.0762,-0.0046,0.5002,1.9000,4.3616,0
27.833,8.0845,-0.0046,0.5002,1.9000,4.3541,0
27.850,8.0929,-0.0047,0.5003,1.9000,4.3467,0
27.867,8.1012,-0.0047,0.5004,1.9000,4.3392,0
27.883,8.1095,-0.0048,0.5005,1.9000,4.3317,0
27.900,8.1179,-0.0049,0.5005,1.9000,4.3243,0
27.917,8.1262,-0.0049,0.5006,1.9000,4.3168,0
27.933,8.1346,-0.0050,0.5004,1.9000,4.3094,0
27.950,8.1429,-0.0051,0.5002,1.9000,4.3019,0
27.967,8.1512,-0.0051,0.5008,1.9000,4.2945,0
27.983,8.1596,-0.0052,0.5008,1.9000,4.2870,0
28.000,8.1679,-0.0053,0.5008,1.9000,4.2796,0
28.017,8.1763,-0.0053,0.5008,1.9000,4.2721,0
28.033,8.1846,-0.0054,0.5009,1.9000,4.2647,0
28.050,8.1930,-0.0055,0.5008,1.9000,4.2573,0
28.067,8.2013,-0.0055,0.5009,1.9000,4.2498,0
28.083,8.2097,-0.0056,0.5007,1.9000,4.2424,0
28.100,8.2180,-0.0057,0.5006,1.9000,4.2350,0
28.117,8.2263,-0.0058,0.5006,1.9000,4.2276,0
28.133,8.2347,-0.0058,0.5005,1.9000,4.2202,0
28.150,8.2430,-0.0059,0.5007,1.9000,4.2128,0
28.167,8.2514,-0.0060,0.5006,1.9000,4.2053,0
28.183,8.2597,-0.0061,0.5006,1.9000,4.1979,0
28.200,8.2681,-0.0061,0.5005,1.9000,4.1905,0
28.217,8.2764,-0.0062,0.5003,1.9000,4.1832,0
28.233,8.2847,-0.0063,0.5003,1.9000,4.1758,0
28.250,8.2931,-0.0064,0.5002,1.9000,4.1684,0
28.267,8.3014,-0.0064,0.5001,1.9000,4.1610,0
28.283,8.3097,-0.0065,0.5001,1.9000,4.1536,0
28.300,8.3181,-0.0066,0.5000,1.9000,4.1463,0
28.317,8.3264,-0.0067,0.4999,1.9000,4.1389,0
28.333,8.3347,-0.0067,0.4998,1.9000,4.1316,0
28.350,8.3431,-0.0068,0.4996,1.9000,4.1242,0
28.367,8.3514,-0.0069,0.4996,1.9000,4.1169,0
28.383,8.3597,-0.0070,0.4996,1.9000,4.1095,0
28.400,8.3680,-0.0071,0.4994,1.9000,4.1022,0
28.417,8.3764,-0.0072,0.4998,1.9000,4.0949,0
28.433,8.3847,-0.0072,0.4997,1.9000,4.0875,0
28.450,8.3930,-0.0073,0.4996,1.9000,4.0802,0
28.467,8.4014,-0.0074,0.4998,1.9000,4.0729,0
28.483,8.4097,-0.0075,0.4996,1.9000,4.0656,0
28.500,8.4180,-0.0076,0.4997,1.9000,4.0583,0
28.517,8.4263,-0.0077,0.4998,1.9000,4.0510,0
28.533,8.4347,-0.0078,0.4998,1.9000,4.0436,0
28.550,8.4430,-0.0078,0.4997,1.9000,4.0363,0
28.567,8.4513,-0.0079,0.4998,1.9000,4.0291,0
28.583,8.4597,-0.0080,0.4999,1.9000,4.0218,0
28.600,8.4680,-0.0081,0.5001,1.9000,4.0145,0
28.617,8.4763,-0.0082,0.5000,1.9000,4.0072,0
28.633,8.4847,-0.0083,0.5001,1.9000,3.9999,0
28.650,8.4930,-0.0084,0.5002,1.9000,3.9926,0
28.667,8.5013,-0.0085,0.5004,1.9000,3.9854,0
28.683,8.5097,-0.0086,0.5004,1.9000,3.9781,0
28.700,8.5180,-0.0087,0.5005,1.9000,3.9708,0
28.717,8.5264,-0.0088,0.5004,1.9000,3.9636,0
28.733,8.5347,-0.0089,0.5006,1.9000,3.9563,0
28.750,8.5430,-0.0090,0.5007,1.9000,3.9490,0
28.767,8.5514,-0.0091,0.5005,1.9000,3.9418,0
28.783,8.5597,-0.0092,0.5007,1.9000,3.9345,0
28.800,8.5681,-0.0093,0.5007,1.9000,3.9273,0
28.817,8.5764,-0.0094,0.5008,1.9000,3.9201,0
28.833,8.5848,-0.0095,0.5008,1.9000,3.9128,0
28.850,8.5931,-0.0097,0.5007,1.9000,3.9056,0
28.867,8.6015,-0.0098,0.5008,1.9000,3.8984,0
28.883,8.6098,-0.0099,0.5009,1.9000,3.8911,0
28.900,8.6181,-0.0100,0.5009,1.9000,3.8839,0
28.917,8.6265,-0.0101,0.5008,1.9000,3.8767,0
28.933,8.6348,-0.0102,0.5008,1.9000,3.8695,0
28.950,8.6432,-0.0103,0.5008,1.9000,3.8623,0
28.967,8.6515,-0.0104,0.5007,1.9000,3.8551,0
28.983,8.6599,-0.0105,0.5006,1.9000,3.8479,0
29.000,8.6682,-0.0106,0.5005,1.9000,3.8407,0
29.017,8.6766,-0.0107,0.5004,1.9000,3.8336,0
29.033,8.6849,-0.0109,0.5004,1.9000,3.8264,0
29.050,8.6932,-0.0110,0.5003,1.9000,3.8192,0
29.067,8.7016,-0.0111,0.5001,1.9000,3.8121,0
29.083,8.7099,-0.0112,0.5002,1.9000,3.8049,0
29.100,8.7182,-0.0113,0.5000,1.9000,3.7978,0
29.117,8.7266,-0.0114,0.5001,1.9000,3.7906,0
29.133,8.7349,-0.0115,0.4999,1.9000,3.7835,0
29.150,8.7432,-0.0116,0.4999,1.9000,3.7764,0
29.167,8.7516,-0.0118,0.4998,1.9000,3.7692,0
29.183,8.7599,-0.0119,0.4999,1.9000,3.7621,0
29.200,8.7682,-0.0120,0.4995,1.9000,3.7550,0
29.217,8.7765,-0.0121,0.4998,1.9000,3.7479,0
29.233,8.7849,-0.0122,0.4994,1.9000,3.7408,0
29.250,8.7932,-0.0123,0.4994,1.9000,3.7337,0
29.267,8.8015,-0.0124,0.4996,1.9000,3.7266,0
29.283,8.8098,-0.0125,0.4997,1.9000,3.7195,0
29.300,8.8182,-0.0127,0.4998,1.9000,3.7125,0
29.317,8.8265,-0.0128,0.4995,1.9000,3.7054,0
29.333,8.8348,-0.0129,0.4998,1.9000,3.6983,0
29.350,8.8431,-0.0130,0.4995,1.9000,3.6913,0
29.367,8.8515,-0.0131,0.4998,1.9000,3.6842,0
29.383,8.8598,-0.0133,0.4998,1.9000,3.6771,0
29.400,8.8681,-0.0134,0.5000,1.9000,3.6701,0
29.417,8.8765,-0.0135,0.5000,1.9000,3.6630,0
29.433,8.8848,-0.0136,0.5000,1.9000,3.6560,0
29.450,8.8931,-0.0138,0.5002,1.9000,3.6490,0
29.467,8.9015,-0.0139,0.5003,1.9000,3.6419,0
29.483,8.9098,-0.0140,0.5003,1.9000,3.6349,0
29.500,8.9182,-0.0141,0.5004,1.9000,3.6279,0
29.517,8.9265,-0.0143,0.5004,1.9000,3.6209,0
29.533,8.9348,-0.0144,0.5007,1.9000,3.6139,0
29.550,8.9432,-0.0145,0.5006,1.9000,3.6069,0
29.567,8.9515,-0.0147,0.5006,1.9000,3.5999,0
29.583,8.9599,-0.0148,0.5007,1.9000,3.5929,0
29.600,8.9682,-0.0149,0.5008,1.9000,3.5859,0
29.617,8.9766,-0.0151,0.5008,1.9000,3.5789,0
29.633,8.9849,-0.0152,0.5008,1.9000,3.5720,0
29.650,8.9932,-0.0153,0.5007,1.9000,3.5650,0
29.667,9.0016,-0.0155,0.5009,1.8800,3.5473,1
29.683,9.0099,-0.0156,0.5009,1.8600,3.5296,1
29.700,9.0183,-0.0158,0.5011,1.8400,3.5120,1
29.717,9.0266,-0.0159,0.5010,1.8200,3.4945,1
29.733,9.0350,-0.0160,0.5007,1.8000,3.4770,1
29.750,9.0433,-0.0162,0.5010,1.7800,3.4595,1
29.767,9.0517,-0.0163,0.5007,1.7600,3.4421,1
29.783,9.0600,-0.0165,0.5007,1.7400,3.4247,1
29.800,9.0684,-0.0166,0.5005,1.7200,3.4074,1
29.817,9.0767,-0.0167,0.5004,1.7000,3.3901,1
29.833,9.0850,-0.0169,0.5005,1.6800,3.3729,1
29.850,9.0934,-0.0170,0.5002,1.6600,3.3557,1
29.867,9.1017,-0.0172,0.5005,1.6400,3.3386,1
29.883,9.1101,-0.0173,0.5003,1.6200,3.3215,1
29.900,9.1184,-0.0174,0.5001,1.6000,3.3045,1
29.917,9.1267,-0.0176,0.5002,1.5800,3.2875,1
29.933,9.1351,-0.0177,0.5001,1.5600,3.2706,1
29.950,9.1434,-0.0178,0.5000,1.5400,3.2538,1
29.967,9.1517,-0.0180,0.5000,1.5200,3.2370,1
29.983,9.1601,-0.0181,0.4999,1.5000,3.2202,1
30.000,9.1684,-0.0183,0.4998,1.4800,3.2036,1
30.017,9.1767,-0.0184,0.4998,1.4600,3.1869,1
30.033,9.1850,-0.0185,0.4998,1.4400,3.1704,1
30.050,9.1934,-0.0187,0.4997,1.4200,3.1539,1
30.067,9.2017,-0.0188,0.4996,1.4000,3.1374,1
30.083,9.2100,-0.0189,0.4997,1.3800,3.1211,1
30.100,9.2183,-0.0191,0.4995,1.3600,3.1048,1
30.117,9.2267,-0.0192,0.4994,1.3400,3.0885,1
30.133,9.2350,-0.0194,0.4996,1.3200,3.0723,1
30.150,9.2433,-0.0195,0.4997,1.3000,3.0562,1
30.167,9.2516,-0.0196,0.4997,1.2800,3.0401,1
30.183,9.2600,-0.0198,0.4998,1.2600,3.0242,1
30.200,9.2683,-0.0199,0.4998,1.2400,3.0082,1
30.217,9.2766,-0.0200,0.4998,1.2200,2.9924,1
30.233,9.2850,-0.0202,0.5001,1.2000,2.9766,1
30.250,9.2933,-0.0203,0.5001,1.1800,2.9609,1
30.267,9.3016,-0.0205,0.5002,1.1600,2.9453,1
30.283,9.3100,-0.0206,0.5002,1.1400,2.9297,1
30.300,9.3183,-0.0208,0.5004,1.1200,2.9142,1
30.317,9.3266,-0.0209,0.5004,1.1000,2.8988,1
30.333,9.3350,-0.0211,0.5005,1.0800,2.8835,1
30.350,9.3433,-0.0212,0.5005,1.0600,2.8683,1
30.367,9.3517,-0.0214,0.5004,1.0400,2.8531,1
30.383,9.3600,-0.0215,0.5004,1.0200,2.8380,1
30.400,9.3683,-0.0217,0.5005,1.0000,2.8230,1
30.417,9.3767,-0.0218,0.5008,0.9800,2.8081,1
30.433,9.3850,-0.0220,0.5008,0.9600,2.7933,1
30.450,9.3934,-0.0221,0.5008,0.9400,2.7785,1
30.467,9.4017,-0.0223,0.5008,0.9200,2.7639,1
30.483,9.4101,-0.0224,0.5009,0.9000,2.7493,1
30.500,9.4184,-0.0226,0.5010,0.8800,2.7348,1
30.517,9.4268,-0.0227,0.5008,0.8600,2.7204,1
30.533,9.4351,-0.0229,0.5009,0.8400,2.7061,1
30.550,9.4435,-0.0230,0.5008,0.8200,2.6920,1
30.567,9.4518,-0.0232,0.5008,0.8000,2.6779,1
30.583,9.4601,-0.0233,0.5008,0.7800,2.6639,1
30.600,9.4685,-0.0235,0.5007,0.7600,2.6500,1
30.617,9.4768,-0.0236,0.5006,0.7400,2.6362,1
30.633,9.4852,-0.0238,0.5006,0.7200,2.6225,1
30.650,9.4935,-0.0240,0.5006,0.7000,2.6089,1
30.667,9.5019,-0.0241,0.5004,0.6800,2.5955,1
30.683,9.5102,-0.0243,0.5004,0.6600,2.5821,1
30.700,9.5185,-0.0244,0.5002,0.6400,2.5689,1
30.717,9.5269,-0.0246,0.5001,0.6200,2.5558,1
30.733,9.5352,-0.0247,0.5001,0.6000,2.5427,1
30.750,9.5435,-0.0249,0.5001,0.5800,2.5298,1
30.767,9.5519,-0.0250,0.5000,0.5600,2.5171,1
30.783,9.5602,-0.0252,0.5000,0.5400,2.5044,1
30.800,9.5685,-0.0253,0.5000,0.5200,2.4919,1
30.817,9.5769,-0.0255,0.4998,0.5000,2.4795,1
30.833,9.5852,-0.0256,0.4994,0.4800,2.4672,1
30.850,9.5935,-0.0258,0.4996,0.4600,2.4550,1
30.867,9.6018,-0.0259,0.4996,0.4400,2.4430,1
30.883,9.6102,-0.0260,0.4997,0.4200,2.4311,1
30.900,9.6185,-0.0262,0.4996,0.4000,2.4194,1
30.917,9.6268,-0.0263,0.4996,0.3800,2.4077,1
30.933,9.6351,-0.0265,0.4996,0.3600,2.3962,1
30.950,9.6435,-0.0266,0.4997,0.3400,2.3849,1
30.967,9.6518,-0.0268,0.4996,0.3200,2.3737,1
30.983,9.6601,-0.0269,0.4997,0.3000,2.3626,1
31.000,9.6684,-0.0271,0.4999,0.2800,2.3517,1
31.017,9.6768,-0.0272,0.5000,0.2600,2.3409,1
31.033,9.6851,-0.0274,0.4999,0.2400,2.3303,1
31.050,9.6934,-0.0275,0.5001,0.2200,2.3198,1
31.067,9.7018,-0.0277,0.5000,0.2000,2.3095,1
31.083,9.7101,-0.0278,0.5002,0.1800,2.2993,1
31.100,9.7184,-0.0280,0.5002,0.1600,2.2893,1
31.117,9.7268,-0.0281,0.5003,0.1400,2.2794,1
31.133,9.7351,-0.0283,0.5004,0.1200,2.2697,1
31.150,9.7435,-0.0284,0.5005,0.1000,2.2602,1
31.167,9.7518,-0.0286,0.5005,0.0800,2.2508,1
31.183,9.7601,-0.0288,0.5007,0.0600,2.2416,1
31.200,9.7685,-0.0289,0.5006,0.0400,2.2326,1
31.217,9.7768,-0.0291,0.5008,0.0200,2.2237,1
31.233,9.7852,-0.0292,0.5008,0.0000,2.2150,1
31.250,9.7935,-0.0294,0.5009,0.0000,2.2067,1
31.267,9.8019,-0.0295,0.5009,0.0000,2.1983,1
31.283,9.8102,-0.0297,0.5009,0.0000,2.1900,1
31.300,9.8186,-0.0299,0.5007,0.0000,2.1817,1
31.317,9.8269,-0.0300,0.5009,0.0000,2.1733,1
31.333,9.8352,-0.0302,0.5010,0.0000,2.1650,1
31.350,9.8436,-0.0303,0.5007,0.0000,2.1566,1
31.367,9.8519,-0.0305,0.5008,0.0000,2.1483,1
31.383,9.8603,-0.0306,0.5008,0.0000,2.1399,1
31.400,9.8686,-0.0308,0.5008,0.0000,2.1316,1
31.417,9.8770,-0.0309,0.5008,0.0000,2.1233,1
31.433,9.8853,-0.0311,0.5006,0.0000,2.1149,1
31.450,9.8937,-0.0312,0.5006,0.0000,2.1066,1
31.467,9.9020,-0.0314,0.5005,0.0000,2.0982,1
31.483,9.9103,-0.0315,0.5004,0.0000,2.0899,1
31.500,9.9187,-0.0317,0.5004,0.0000,2.0816,1
31.517,9.9270,-0.0318,0.5003,0.0000,2.0732,1
31.533,9.9353,-0.0320,0.5002,0.0000,2.0649,1
31.550,9.9437,-0.0321,0.5002,0.0000,2.0566,1
31.567,9.9520,-0.0323,0.5001,0.0000,2.0482,1
31.583,9.9603,-0.0324,0.5001,0.0000,2.0399,1
31.600,9.9687,-0.0326,0.5000,0.0000,2.0316,1
31.617,9.9770,-0.0327,0.4998,0.0000,2.0233,1
31.633,9.9853,-0.0329,0.4998,0.0000,2.0149,1
31.650,9.9937,-0.0330,0.4998,0.0000,2.0066,1
31.667,10.0020,-0.0331,0.4998,0.0000,1.9983,1
31.683,10.0103,-0.0333,0.4997,0.0000,1.9900,1
31.700,10.0186,-0.0334,0.4997,0.0000,1.9816,1
31.717,10.0270,-0.0336,0.4997,0.0000,1.9733,1
31.733,10.0353,-0.0337,0.4995,0.0000,1.9650,1
31.750,10.0436,-0.0339,0.4996,0.0000,1.9567,1
31.767,10.0519,-0.0340,0.4996,0.0000,1.9484,1
31.783,10.0603,-0.0341,0.4993,0.0000,1.9400,1
31.800,10.0686,-0.0343,0.4993,0.0000,1.9317,1
31.817,10.0769,-0.0344,0.4995,0.0000,1.9234,1
31.833,10.0852,-0.0346,0.4997,0.0000,1.9151,1
31.850,10.0936,-0.0347,0.5000,0.0000,1.9067,1
31.867,10.1019,-0.0349,0.5000,0.0000,1.8984,1
31.883,10.1102,-0.0350,0.5001,0.0000,1.8901,1
31.900,10.1186,-0.0351,0.5002,0.0000,1.8818,1
31.917,10.1269,-0.0353,0.5004,0.0000,1.8734,1
31.933,10.1351,-0.0354,0.4907,0.0000,1.8653,1
31.950,10.1431,-0.0356,0.4814,0.0000,1.8572,1
31.967,10.1511,-0.0357,0.4792,0.0000,1.8493,1
31.983,10.1591,-0.0358,0.4820,0.0000,1.8412,1
32.000,10.1672,-0.0360,0.4852,0.0000,1.8331,1
32.017,10.1753,-0.0361,0.4860,0.0000,1.8250,1
32.033,10.1834,-0.0363,0.4835,0.0000,1.8170,1
32.050,10.1914,-0.0364,0.4822,0.0000,1.8090,1
32.067,10.1995,-0.0365,0.4851,0.0000,1.8009,1
32.083,10.2076,-0.0367,0.4860,0.0000,1.7928,1
32.100,10.2156,-0.0368,0.4832,0.0000,1.7847,1
32.117,10.2236,-0.0370,0.4786,0.0000,1.7768,1
32.133,10.2315,-0.0371,0.4741,0.0000,1.7689,1
32.150,10.2394,-0.0372,0.4728,0.0000,1.7610,1
32.167,10.2473,-0.0373,0.4731,0.0000,1.7531,1
32.183,10.2551,-0.0375,0.4717,0.0000,1.7453,1
32.200,10.2629,-0.0376,0.4677,0.0000,1.7375,1
32.217,10.2707,-0.0377,0.4663,0.0000,1.7297,1
32.233,10.2785,-0.0379,0.4680,0.0000,1.7219,1
32.250,10.2863,-0.0380,0.4696,0.0000,1.7141,1
32.267,10.2942,-0.0381,0.4698,0.0000,1.7063,1
32.283,10.3020,-0.0382,0.4684,0.0000,1.6985,1
32.300,10.3097,-0.0384,0.4650,0.0000,1.6907,1
32.317,10.3174,-0.0385,0.4621,0.0000,1.6830,1
32.333,10.3251,-0.0386,0.4598,0.0000,1.6754,1
32.350,10.3326,-0.0387,0.4541,0.0000,1.6678,1
32.367,10.3401,-0.0388,0.4497,0.0000,1.6603,1
32.383,10.3476,-0.0389,0.4477,0.0000,1.6529,1
32.400,10.3550,-0.0390,0.4470,0.0000,1.6454,1
32.417,10.3625,-0.0392,0.4487,0.0000,1.6379,1
32.433,10.3700,-0.0393,0.4499,0.0000,1.6305,1
32.450,10.3775,-0.0394,0.4516,0.0000,1.6229,1
32.467,10.3850,-0.0395,0.4502,0.0000,1.6154,1
32.483,10.3925,-0.0396,0.4463,0.0000,1.6080,1
32.500,10.3999,-0.0397,0.4434,0.0000,1.6006,1
32.517,10.4072,-0.0398,0.4393,0.0000,1.5933,1
32.533,10.4145,-0.0399,0.4353,0.0000,1.5861,1
32.550,10.4217,-0.0400,0.4329,0.0000,1.5788,1
32.567,10.4289,-0.0401,0.4312,0.0000,1.5717,1
32.583,10.4360,-0.0402,0.4307,0.0000,1.5645,1
32.600,10.4432,-0.0403,0.4289,0.0000,1.5573,1
32.617,10.4503,-0.0404,0.4287,0.0000,1.5502,1
32.633,10.4574,-0.0405,0.4263,0.0000,1.5431,1
32.650,10.4645,-0.0406,0.4248,0.0000,1.5360,1
32.667,10.4716,-0.0407,0.4234,0.0000,1.5290,1
32.683,10.4786,-0.0408,0.4224,0.0000,1.5219,1
32.700,10.4856,-0.0409,0.4214,0.0000,1.5149,1
32.717,10.4926,-0.0410,0.4187,0.0000,1.5080,1
32.733,10.4995,-0.0411,0.4138,0.0000,1.5011,1
32.750,10.5063,-0.0412,0.4110,0.0000,1.4942,1
32.767,10.5132,-0.0413,0.4120,0.0000,1.4874,1
32.783,10.5201,-0.0414,0.4120,0.0000,1.4805,1
32.800,10.5269,-0.0415,0.4085,0.0000,1.4737,1
32.817,10.5336,-0.0416,0.4057,0.0000,1.4669,1
32.833,10.5404,-0.0417,0.4044,0.0000,1.4602,1
32.850,10.5471,-0.0418,0.4021,0.0000,1.4535,1
32.867,10.5538,-0.0419,0.4001,0.0000,1.4469,1
32.883,10.5604,-0.0420,0.3970,0.0000,1.4402,1
32.900,10.5669,-0.0421,0.3926,0.0000,1.4337,1
32.917,10.5734,-0.0422,0.3909,0.0000,1.4272,1
32.933,10.5800,-0.0423,0.3915,0.0000,1.4207,1
32.950,10.5865,-0.0424,0.3905,0.0000,1.4142,1
32.967,10.5929,-0.0425,0.3889,0.0000,1.4077,1
32.983,10.5994,-0.0426,0.3875,0.0000,1.4012,1
33.000,10.6059,-0.0426,0.3878,0.0000,1.3948,1
33.017,10.6123,-0.0427,0.3844,0.0000,1.3884,1
33.033,10.6186,-0.0428,0.3794,0.0000,1.3821,1
33.050,10.6249,-0.0429,0.3777,0.0000,1.3758,1
33.067,10.6312,-0.0430,0.3770,0.0000,1.3695,1
33.083,10.6374,-0.0431,0.3756,0.0000,1.3633,1
33.100,10.6436,-0.0431,0.3723,0.0000,1.3571,1
33.117,10.6498,-0.0432,0.3710,0.0000,1.3509,1
33.133,10.6559,-0.0433,0.3681,0.0000,1.3447,1
33.150,10.6620,-0.0434,0.3646,0.0000,1.3387,1
33.167,10.6680,-0.0435,0.3614,0.0000,1.3327,1
33.183,10.6740,-0.0435,0.3583,0.0000,1.3267,1
33.200,10.6800,-0.0436,0.3561,0.0000,1.3208,1
33.217,10.6859,-0.0437,0.3542,0.0000,1.3149,1
33.233,10.6917,-0.0437,0.3518,0.0000,1.3090,1
33.250,10.6976,-0.0438,0.3517,0.0000,1.3032,1
33.267,10.7034,-0.0439,0.3520,0.0000,1.2973,1
33.283,10.7093,-0.0440,0.3497,0.0000,1.2915,1
33.300,10.7150,-0.0440,0.3460,0.0000,1.2857,1
33.317,10.7208,-0.0441,0.3434,0.0000,1.2800,1
33.333,10.7265,-0.0441,0.3428,0.0000,1.2743,1
33.350,10.7322,-0.0442,0.3405,0.0000,1.2686,1
33.367,10.7378,-0.0443,0.3364,0.0000,1.2630,1
33.383,10.7433,-0.0443,0.3339,0.0000,1.2575,1
33.400,10.7489,-0.0444,0.3318,0.0000,1.2519,1
33.417,10.7544,-0.0444,0.3305,0.0000,1.2464,1
33.433,10.7598,-0.0445,0.3286,0.0000,1.2410,1
33.450,10.7653,-0.0445,0.3250,0.0000,1.2356,1
33.467,10.7706,-0.0446,0.3211,0.0000,1.2302,1
33.483,10.7759,-0.0446,0.3183,0.0000,1.2249,1
33.500,10.7812,-0.0447,0.3166,0.0000,1.2196,1
33.517,10.7864,-0.0447,0.3119,0.0000,1.2144,1
33.533,10.7915,-0.0448,0.3088,0.0000,1.2093,1
33.550,10.7967,-0.0448,0.3088,0.0000,1.2042,1
33.567,10.8018,-0.0449,0.3073,0.0000,1.1990,1
33.583,10.8069,-0.0449,0.3051,0.0000,1.1940,1
33.600,10.8119,-0.0450,0.3012,0.0000,1.1889,1
33.617,10.8169,-0.0450,0.2988,0.0000,1.1840,1
33.633,10.8218,-0.0451,0.2969,0.0000,1.1790,1
33.650,10.8267,-0.0451,0.2933,0.0000,1.1741,1
33.667,10.8316,-0.0451,0.2911,0.0000,1.1693,1
33.683,10.8364,-0.0452,0.2890,0.0000,1.1645,1
33.700,10.8412,-0.0452,0.2866,0.0000,1.1597,1
33.717,10.8459,-0.0453,0.2846,0.0000,1.1550,1
33.733,10.8506,-0.0453,0.2829,0.0000,1.1503,1
33.750,10.8553,-0.0453,0.2814,0.0000,1.1456,1
33.767,10.8600,-0.0454,0.2782,0.0000,1.1410,1
33.783,10.8646,-0.0454,0.2761,0.0000,1.1364,1
33.800,10.8691,-0.0455,0.2728,0.0000,1.1318,1
33.817,10.8736,-0.0455,0.2704,0.0000,1.1273,1
33.833,10.8781,-0.0455,0.2699,0.0000,1.1228,1
33.850,10.8825,-0.0456,0.2652,0.0000,1.1184,1
33.867,10.8869,-0.0456,0.2618,0.0000,1.1140,1
33.883,10.8912,-0.0456,0.2604,0.0000,1.1097,1
33.900,10.8955,-0.0457,0.2592,0.0000,1.1054,1
33.917,10.8999,-0.0457,0.2594,0.0000,1.1011,1
33.933,10.9042,-0.0457,0.2584,0.0000,1.0968,1
33.950,10.9084,-0.0458,0.2557,0.0000,1.0925,1
33.967,10.9127,-0.0458,0.2546,0.0000,1.0883,1
33.983,10.9169,-0.0458,0.2521,0.0000,1.0841,1
34.000,10.9210,-0.0459,0.2497,0.0000,1.0799,1
34.017,10.9251,-0.0459,0.2463,0.0000,1.0758,1
34.033,10.9292,-0.0459,0.2431,0.0000,1.0718,1
34.050,10.9332,-0.0460,0.2396,0.0000,1.0678,1
34.067,10.9371,-0.0460,0.2355,0.0000,1.0639,1
34.083,10.9410,-0.0460,0.2337,0.0000,1.0600,1
34.100,10.9449,-0.0460,0.2341,0.0000,1.0561,1
34.117,10.9488,-0.0461,0.2344,0.0000,1.0522,1
34.133,10.9527,-0.0461,0.2328,0.0000,1.0483,1
34.150,10.9565,-0.0461,0.2287,0.0000,1.0445,1
34.167,10.9603,-0.0462,0.2272,0.0000,1.0407,1
34.183,10.9641,-0.0462,0.2257,0.0000,1.0370,1
34.200,10.9678,-0.0462,0.2235,0.0000,1.0332,1
34.217,10.9715,-0.0462,0.2207,0.0000,1.0296,1
34.233,10.9750,-0.0463,0.2149,0.0000,1.0260,1
34.250,10.9786,-0.0463,0.2118,0.0000,1.0225,1
34.267,10.9821,-0.0463,0.2103,0.0000,1.0190,1
34.283,10.9855,-0.0463,0.2065,0.0000,1.0155,1
34.300,10.9889,-0.0463,0.2031,0.0000,1.0122,1
34.317,10.9923,-0.0464,0.2032,0.0000,1.0088,1
34.333,10.9957,-0.0464,0.2037,0.0000,1.0054,1
34.350,10.9990,-0.0464,0.2009,0.0000,1.0020,1
34.367,11.0023,-0.0464,0.1970,0.0000,0.9988,1
34.383,11.0056,-0.0465,0.1944,0.0000,0.9955,1
34.400,11.0087,-0.0465,0.1912,0.0000,0.9923,1
34.417,11.0119,-0.0465,0.1891,0.0000,0.9892,1
34.433,11.0150,-0.0465,0.1843,0.0000,0.9861,1
34.450,11.0180,-0.0465,0.1797,0.0000,0.9831,1
34.467,11.0209,-0.0465,0.1780,0.0000,0.9802,1
34.483,11.0239,-0.0466,0.1768,0.0000,0.9772,1
34.500,11.0268,-0.0466,0.1772,0.0000,0.9743,1
34.517,11.0297,-0.0466,0.1754,0.0000,0.9714,1
34.533,11.0326,-0.0466,0.1722,0.0000,0.9685,1
34.550,11.0355,-0.0466,0.1736,0.0000,0.9656,1
34.567,11.0384,-0.0466,0.1732,0.0000,0.9627,1
34.583,11.0412,-0.0466,0.1703,0.0000,0.9599,1
34.600,11.0440,-0.0467,0.1649,0.0000,0.9571,1
34.617,11.0467,-0.0467,0.1617,0.0000,0.9545,1
34.633,11.0493,-0.0467,0.1594,0.0000,0.9518,1
34.650,11.0519,-0.0467,0.1565,0.0000,0.9492,1
34.667,11.0545,-0.0467,0.1530,0.0000,0.9467,1
34.683,11.0570,-0.0467,0.1503,0.0000,0.9442,1
34.700,11.0595,-0.0467,0.1489,0.0000,0.9417,1
34.717,11.0620,-0.0467,0.1500,0.0000,0.9392,1
34.733,11.0645,-0.0467,0.1496,0.0000,0.9367,1
34.750,11.0670,-0.0468,0.1498,0.0000,0.9342,1
34.767,11.0694,-0.0468,0.1461,0.0000,0.9318,1
34.783,11.0718,-0.0468,0.1409,0.0000,0.9294,1
34.800,11.0741,-0.0468,0.1383,0.0000,0.9271,1
34.817,11.0764,-0.0468,0.1377,0.0000,0.9248,1
34.833,11.0786,-0.0468,0.1369,0.0000,0.9225,1
34.850,11.0809,-0.0468,0.1345,0.0000,0.9203,1
34.867,11.0831,-0.0468,0.1327,0.0000,0.9181,1
34.883,11.0853,-0.0468,0.1319,0.0000,0.9159,1
34.900,11.0875,-0.0468,0.1301,0.0000,0.9137,1
34.917,11.0896,-0.0468,0.1278,0.0000,0.9116,1
34.933,11.0917,-0.0468,0.1272,0.0000,0.9095,1
34.950,11.0938,-0.0469,0.1280,0.0000,0.9074,1
34.967,11.0959,-0.0469,0.1262,0.0000,0.9053,1
34.983,11.0980,-0.0469,0.1233,0.0000,0.9032,1
35.000,11.1000,-0.0469,0.1220,0.0000,0.9012,1
35.017,11.1020,-0.0469,0.1189,0.0000,0.8992,1
35.033,11.1039,-0.0469,0.1147,0.0000,0.8973,1
35.050,11.1058,-0.0469,0.1131,0.0000,0.8954,1
35.067,11.1077,-0.0469,0.1122,0.0000,0.8936,1
35.083,11.1095,-0.0469,0.1117,0.0000,0.8917,1
35.100,11.1113,-0.0469,0.1083,0.0000,0.8899,1
35.117,11.1131,-0.0469,0.1048,0.0000,0.8881,1
35.133,11.1148,-0.0469,0.1053,0.0000,0.8864,1
35.150,11.1166,-0.0469,0.1059,0.0000,0.8846,1
35.167,11.1184,-0.0469,0.1058,0.0000,0.8829,1
35.183,11.1201,-0.0469,0.1033,0.0000,0.8812,1
35.200,11.1218,-0.0469,0.0995,0.0000,0.8795,1
35.217,11.1234,-0.0469,0.0981,0.0000,0.8779,1
35.233,11.1250,-0.0469,0.0954,0.0000,0.8763,1
35.250,11.1265,-0.0469,0.0922,0.0000,0.8747,1
35.267,11.1280,-0.0469,0.0896,0.0000,0.8733,1
35.283,11.1295,-0.0470,0.0868,0.0000,0.8718,1
35.300,11.1309,-0.0470,0.0863,0.0000,0.8704,1
35.317,11.1324,-0.0470,0.0894,0.0000,0.8689,1
35.333,11.1339,-0.0470,0.0903,0.0000,0.8674,1
35.350,11.1353,-0.0470,0.0859,0.0000,0.8659,1
35.367,11.1367,-0.0470,0.0821,0.0000,0.8646,1
35.383,11.1380,-0.0470,0.0804,0.0000,0.8632,1
35.400,11.1394,-0.0470,0.0808,0.0000,0.8619,1
35.417,11.1407,-0.0470,0.0817,0.0000,0.8605,1
35.433,11.1421,-0.0470,0.0805,0.0000,0.8592,1
35.450,11.1434,-0.0470,0.0779,0.0000,0.8579,1
35.467,11.1446,-0.0470,0.0760,0.0000,0.8566,1
35.483,11.1459,-0.0470,0.0752,0.0000,0.8554,1
35.500,11.1472,-0.0470,0.0768,0.0000,0.8541,1
35.517,11.1484,-0.0470,0.0734,0.0000,0.8529,1
35.533,11.1496,-0.0470,0.0697,0.0000,0.8517,1
35.550,11.1507,-0.0470,0.0700,0.0000,0.8506,1
35.567,11.1519,-0.0470,0.0707,0.0000,0.8494,1
35.583,11.1531,-0.0470,0.0727,0.0000,0.8482,1
35.600,11.1543,-0.0470,0.0728,0.0000,0.8470,1
35.617,11.1555,-0.0470,0.0709,0.0000,0.8458,1
35.633,11.1567,-0.0470,0.0698,0.0000,0.8446,1
35.650,11.1578,-0.0470,0.0687,0.0000,0.8435,1
35.667,11.1589,-0.0470,0.0669,0.0000,0.8424,1
35.683,11.1600,-0.0470,0.0643,0.0000,0.8413,1
35.700,11.1610,-0.0470,0.0616,0.0000,0.8403,1
35.717,11.1621,-0.0470,0.0615,0.0000,0.8393,1
35.733,11.1631,-0.0470,0.0610,0.0000,0.8382,1
35.750,11.1641,-0.0470,0.0618,0.0000,0.8372,1
35.767,11.1653,-0.0470,0.0688,0.0000,0.8361,1
35.783,11.1665,-0.0470,0.0744,0.0000,0.8348,1
35.800,11.1677,-0.0470,0.0735,0.0000,0.8336,1
35.817,11.1689,-0.0470,0.0706,0.0000,0.8324,1
35.833,11.1701,-0.0470,0.0694,0.0000,0.8313,1
35.850,11.1712,-0.0470,0.0664,0.0000,0.8302,1
35.867,11.1722,-0.0470,0.0632,0.0000,0.8291,1
35.883,11.1732,-0.0470,0.0605,0.0000,0.8281,1
35.900,11.1742,-0.0470,0.0604,0.0000,0.8271,1
35.917,11.1752,-0.0470,0.0600,0.0000,0.8261,1
35.933,11.1762,-0.0470,0.0604,0.0000,0.8251,1
35.950,11.1773,-0.0470,0.0630,0.0000,0.8241,1
35.967,11.1784,-0.0470,0.0650,0.0000,0.8230,1
35.983,11.1794,-0.0470,0.0634,0.0000,0.8219,1
36.000,11.1805,-0.0470,0.0617,0.0000,0.8209,1
36.017,11.1815,-0.0470,0.0629,0.0000,0.8198,1
36.033,11.1826,-0.0470,0.0648,0.0000,0.8188,1
36.050,11.1837,-0.0470,0.0643,0.0000,0.8177,1
36.067,11.1847,-0.0470,0.0608,0.0000,0.8167,1
36.083,11.1856,-0.0470,0.0583,0.0000,0.8157,1
36.100,11.1866,-0.0470,0.0568,0.0000,0.8148,1
36.117,11.1875,-0.0470,0.0572,0.0000,0.8138,1
36.133,11.1885,-0.0470,0.0583,0.0000,0.8128,1
36.150,11.1895,-0.0470,0.0578,0.0000,0.8119,1
36.167,11.1904,-0.0470,0.0574,0.0000,0.8109,1
36.183,11.1914,-0.0470,0.0572,0.0000,0.8100,1
36.200,11.1924,-0.0470,0.0577,0.0000,0.8090,1
36.217,11.1933,-0.0470,0.0573,0.0000,0.8081,1
36.233,11.1942,-0.0470,0.0556,0.0000,0.8071,1
36.250,11.1952,-0.0470,0.0550,0.0000,0.8062,1
36.267,11.1961,-0.0470,0.0556,0.0000,0.8053,1
36.283,11.1970,-0.0470,0.0546,0.0000,0.8044,1
36.300,11.1979,-0.0470,0.0525,0.0000,0.8035,1
36.317,11.1987,-0.0470,0.0526,0.0000,0.8026,1
36.333,11.1996,-0.0470,0.0538,0.0000,0.8017,1
36.350,11.2005,-0.0470,0.0546,0.0000,0.8008,1
36.367,11.2015,-0.0470,0.0543,0.0000,0.7999,1
36.383,11.2024,-0.0470,0.0560,0.0000,0.7990,1
36.400,11.2033,-0.0470,0.0565,0.0000,0.7981,1
36.417,11.2042,-0.0470,0.0548,0.0000,0.7971,1
36.433,11.2051,-0.0470,0.0536,0.0000,0.7963,1
36.450,11.2060,-0.0470,0.0533,0.0000,0.7954,1
36.467,11.2069,-0.0470,0.0532,0.0000,0.7945,1
36.483,11.2077,-0.0470,0.0500,0.0000,0.7937,1
36.500,11.2085,-0.0470,0.0486,0.0000,0.7928,1
36.517,11.2094,-0.0470,0.0481,0.0000,0.7920,1
36.533,11.2101,-0.0470,0.0476,0.0000,0.7913,1
36.550,11.2110,-0.0470,0.0512,0.0000,0.7904,1
36.567,11.2119,-0.0470,0.0558,0.0000,0.7895,1
36.583,11.2129,-0.0470,0.0568,0.0000,0.7885,1
36.600,11.2138,-0.0470,0.0579,0.0000,0.7876,1
36.617,11.2148,-0.0470,0.0589,0.0000,0.7866,1
36.633,11.2158,-0.0470,0.0570,0.0000,0.7856,1
36.650,11.2167,-0.0470,0.0553,0.0000,0.7847,1
36.667,11.2176,-0.0470,0.0544,0.0000,0.7838,1
36.683,11.2185,-0.0470,0.0533,0.0000,0.7829,1
36.700,11.2194,-0.0470,0.0521,0.0000,0.7821,1
36.717,11.2202,-0.0470,0.0518,0.0000,0.7812,1
36.733,11.2211,-0.0470,0.0517,0.0000,0.7803,1
36.750,11.2220,-0.0470,0.0528,0.0000,0.7795,1
36.767,11.2229,-0.0470,0.0542,0.0000,0.7786,1
36.783,11.2238,-0.0470,0.0568,0.0000,0.7776,1
36.800,11.2248,-0.0470,0.0591,0.0000,0.7766,1
36.817,11.2258,-0.0470,0.0594,0.0000,0.7756,1
36.833,11.2267,-0.0470,0.0576,0.0000,0.7747,1
36.850,11.2277,-0.0470,0.0564,0.0000,0.7737,1
36.867,11.2286,-0.0470,0.0550,0.0000,0.7728,1
36.883,11.2295,-0.0470,0.0542,0.0000,0.7719,1
36.900,11.2304,-0.0470,0.0540,0.0000,0.7710,1
36.917,11.2313,-0.0470,0.0533,0.0000,0.7701,1
36.933,11.2322,-0.0470,0.0544,0.0000,0.7692,1
36.950,11.2331,-0.0470,0.0553,0.0000,0.7683,1
36.967,11.2340,-0.0470,0.0556,0.0000,0.7674,1
36.983,11.2350,-0.0470,0.0565,0.0000,0.7665,1
37.000,11.2360,-0.0470,0.0582,0.0000,0.7655,1
37.017,11.2369,-0.0470,0.0580,0.0000,0.7645,1
37.033,11.2379,-0.0470,0.0565,0.0000,0.7636,1
37.050,11.2388,-0.0470,0.0556,0.0000,0.7627,1
37.067,11.2397,-0.0470,0.0550,0.0000,0.7617,1
37.083,11.2406,-0.0470,0.0549,0.0000,0.7608,1
37.100,11.2415,-0.0470,0.0535,0.0000,0.7599,1
37.117,11.2424,-0.0470,0.0523,0.0000,0.7591,1
37.133,11.2432,-0.0470,0.0513,0.0000,0.7582,1
37.150,11.2444,-0.0470,0.0678,0.0000,0.7571,1
37.167,11.2459,-0.0470,0.0909,0.0000,0.7556,1
37.183,11.2478,-0.0470,0.1139,0.0000,0.7537,1
37.200,11.2499,-0.0470,0.1281,0.0000,0.7515,1
37.217,11.2521,-0.0470,0.1323,0.0000,0.7493,1
37.233,11.2543,-0.0470,0.1330,0.0000,0.7471,1
37.250,11.2565,-0.0470,0.1313,0.0000,0.7449,1
37.267,11.2587,-0.0470,0.1297,0.0000,0.7428,1
37.283,11.2609,-0.0470,0.1294,0.0000,0.7406,1
37.300,11.2631,-0.0470,0.1331,0.0000,0.7384,1
37.317,11.2654,-0.0469,0.1423,0.0000,0.7361,1
37.333,11.2680,-0.0469,0.1520,0.0000,0.7335,1
37.350,11.2708,-0.0469,0.1703,0.0000,0.7307,1
37.367,11.2739,-0.0469,0.1855,0.0000,0.7276,1
37.383,11.2771,-0.0469,0.1928,0.0000,0.7244,1
37.400,11.2803,-0.0469,0.1938,0.0000,0.7212,1
37.417,11.2836,-0.0469,0.1937,0.0000,0.7180,1
37.433,11.2868,-0.0469,0.1945,0.0000,0.7147,1
37.450,11.2901,-0.0469,0.1952,0.0000,0.7115,1
37.467,11.2934,-0.0469,0.1971,0.0000,0.7082,1
37.483,11.2967,-0.0469,0.2022,0.0000,0.7048,1
37.500,11.3002,-0.0469,0.2063,0.0000,0.7014,1
37.517,11.3038,-0.0468,0.2173,0.0000,0.6978,1
37.533,11.3076,-0.0468,0.2272,0.0000,0.6940,1
37.550,11.3115,-0.0468,0.2341,0.0000,0.6901,1
37.567,11.3155,-0.0468,0.2395,0.0000,0.6861,1
37.583,11.3195,-0.0468,0.2415,0.0000,0.6821,1
37.600,11.3236,-0.0468,0.2442,0.0000,0.6781,1
37.617,11.3277,-0.0468,0.2471,0.0000,0.6739,1
37.633,11.3318,-0.0468,0.2495,0.0000,0.6698,1
37.650,11.3360,-0.0467,0.2522,0.0000,0.6656,1
37.667,11.3403,-0.0467,0.2549,0.0000,0.6614,1
37.683,11.3447,-0.0467,0.2623,0.0000,0.6570,1
37.700,11.3491,-0.0467,0.2690,0.0000,0.6525,1
37.717,11.3537,-0.0467,0.2724,0.0000,0.6480,1
37.733,11.3583,-0.0466,0.2783,0.0000,0.6434,1
37.750,11.3630,-0.0466,0.2833,0.0000,0.6387,1
37.767,11.3678,-0.0466,0.2868,0.0000,0.6339,1
37.783,11.3727,-0.0466,0.2899,0.0000,0.6291,1
37.800,11.3775,-0.0466,0.2931,0.0000,0.6242,1
37.817,11.3825,-0.0465,0.2962,0.0000,0.6193,1
37.833,11.3874,-0.0465,0.2976,0.0000,0.6143,1
37.850,11.3925,-0.0465,0.3021,0.0000,0.6093,1
37.867,11.3976,-0.0464,0.3077,0.0000,0.6042,1
37.883,11.4028,-0.0464,0.3118,0.0000,0.5990,1
37.900,11.4081,-0.0464,0.3192,0.0000,0.5937,1
37.917,11.4135,-0.0464,0.3253,0.0000,0.5883,1
37.933,11.4190,-0.0463,0.3288,0.0000,0.5828,1
37.950,11.4245,-0.0463,0.3315,0.0000,0.5773,1
37.967,11.4301,-0.0462,0.3326,0.0000,0.5718,1
37.983,11.4357,-0.0462,0.3339,0.0000,0.5662,1
38.000,11.4413,-0.0462,0.3372,0.0000,0.5606,1
38.017,11.4470,-0.0461,0.3425,0.0000,0.5549,1
38.033,11.4527,-0.0461,0.3458,0.0000,0.5492,1
38.050,11.4586,-0.0460,0.3487,0.0000,0.5434,1
38.067,11.4644,-0.0460,0.3535,0.0000,0.5375,1
38.083,11.4704,-0.0459,0.3583,0.0000,0.5316,1
38.100,11.4764,-0.0459,0.3617,0.0000,0.5256,1
38.117,11.4825,-0.0458,0.3643,0.0000,0.5195,1
38.133,11.4887,-0.0457,0.3682,0.0000,0.5134,1
38.150,11.4948,-0.0457,0.3701,0.0000,0.5072,1
38.167,11.5010,-0.0456,0.3689,0.0000,0.5011,1
38.183,11.5072,-0.0455,0.3713,0.0000,0.4949,1
38.200,11.5134,-0.0455,0.3753,0.0000,0.4887,1
38.217,11.5197,-0.0454,0.3773,0.0000,0.4824,1
38.233,11.5208,-0.0455,0.0677,0.0000,0.4813,1
38.250,11.5208,-0.0452,0.0205,0.0000,0.4814,1
38.267,11.5207,-0.0451,0.0081,0.0000,0.4814,1
38.283,11.5207,-0.0450,0.0065,0.0000,0.4814,1
38.300,11.5207,-0.0450,0.0027,0.0000,0.4814,1
38.317,11.5207,-0.0450,0.0011,0.0000,0.4814,1
38.333,11.5207,-0.0449,0.0022,0.0000,0.4814,1
38.350,11.5207,-0.0449,0.0028,0.0000,0.4814,1
38.367,11.5207,-0.0449,0.0002,0.0000,0.4814,1
38.383,11.5207,-0.0449,0.0009,0.0000,0.4814,1
38.400,11.5207,-0.0449,0.0021,0.0000,0.4814,1
38.417,11.5207,-0.0449,0.0015,0.0000,0.4814,1
38.433,11.5208,-0.0450,0.0032,0.0000,0.4814,1
38.450,11.5207,-0.0449,0.0025,0.0000,0.4814,1
38.467,11.5207,-0.0449,0.0032,0.0000,0.4814,1
38.483,11.5207,-0.0449,0.0004,0.0000,0.4814,1
38.500,11.5207,-0.0449,0.0011,0.0000,0.4814,1
38.517,11.5207,-0.0449,0.0002,0.0000,0.4814,1
38.533,11.5207,-0.0449,0.0008,0.0000,0.4814,1
38.550,11.5207,-0.0449,0.0003,0.0000,0.4814,1
38.567,11.5207,-0.0449,0.0019,0.0000,0.4814,1
38.583,11.5208,-0.0449,0.0024,0.0000,0.4813,1
38.600,11.5208,-0.0449,0.0001,0.0000,0.4813,1
38.617,11.5207,-0.0448,0.0045,0.0000,0.4814,1
38.633,11.5207,-0.0448,0.0029,0.0000,0.4814,1
38.650,11.5207,-0.0448,0.0030,0.0000,0.4814,1
38.667,11.5207,-0.0448,0.0003,0.0000,0.4814,1
38.683,11.5207,-0.0447,0.0046,0.0000,0.4814,1
38.700,11.5207,-0.0448,0.0027,0.0000,0.4814,1
38.717,11.5207,-0.0448,0.0006,0.0000,0.4814,1
38.733,11.5207,-0.0448,0.0025,0.0000,0.4814,1
38.750,11.5208,-0.0448,0.0054,0.0000,0.4813,1
38.767,11.5208,-0.0448,0.0005,0.0000,0.4813,1
38.783,11.5208,-0.0449,0.0011,0.0000,0.4813,1
38.800,11.5208,-0.0448,0.0023,0.0000,0.4813,1
38.817,11.5208,-0.0449,0.0023,0.0000,0.4813,1
38.833,11.5208,-0.0448,0.0004,0.0000,0.4813,1
38.850,11.5208,-0.0448,0.0038,0.0000,0.4813,1
38.867,11.5207,-0.0448,0.0014,0.0000,0.4813,1
38.883,11.5208,-0.0448,0.0021,0.0000,0.4813,1
38.900,11.5208,-0.0448,0.0017,0.0000,0.4813,1
38.917,11.5207,-0.0447,0.0027,0.0000,0.4813,1
38.933,11.5207,-0.0447,0.0005,0.0000,0.4813,1
38.950,11.5207,-0.0447,0.0006,0.0000,0.4813,1
38.967,11.5208,-0.0447,0.0012,0.0000,0.4813,1
38.983,11.5207,-0.0447,0.0036,0.0000,0.4813,1
39.000,11.5208,-0.0447,0.0034,0.0000,0.4813,1
39.017,11.5208,-0.0447,0.0004,0.0000,0.4813,1
39.033,11.5207,-0.0447,0.0047,0.0000,0.4813,1
39.050,11.5208,-0.0447,0.0035,0.0000,0.4813,1
39.067,11.5208,-0.0447,0.0002,0.0000,0.4813,1
39.083,11.5208,-0.0447,0.0005,0.0000,0.4813,1
39.100,11.5208,-0.0446,0.0070,0.0000,0.4813,1
39.117,11.5208,-0.0446,0.0010,0.0000,0.4813,1
39.133,11.5208,-0.0446,0.0011,0.0000,0.4813,1
39.150,11.5208,-0.0446,0.0007,0.0000,0.4813,1
39.167,11.5208,-0.0446,0.0014,0.0000,0.4813,1
39.183,11.5208,-0.0446,0.0016,0.0000,0.4813,1
39.200,11.5208,-0.0446,0.0012,0.0000,0.4813,1
39.217,11.5208,-0.0446,0.0007,0.0000,0.4813,1
39.233,11.5208,-0.0446,0.0004,0.0000,0.4813,1
39.250,11.5208,-0.0446,0.0004,0.0000,0.4813,1
39.267,11.5208,-0.0446,0.0020,0.0000,0.4813,1
39.283,11.5208,-0.0446,0.0011,0.0000,0.4813,1
39.300,11.5208,-0.0446,0.0027,0.0000,0.4813,1
39.317,11.5208,-0.0446,0.0001,0.0000,0.4813,1
39.333,11.5208,-0.0446,0.0004,0.0000,0.4813,1
39.350,11.5208,-0.0446,0.0015,0.0000,0.4813,1
39.367,11.5208,-0.0446,0.0001,0.0000,0.4813,1
39.383,11.5208,-0.0446,0.0010,0.0000,0.4813,1
39.400,11.5208,-0.0446,0.0010,0.0000,0.4813,1
39.417,11.5208,-0.0445,0.0017,0.0000,0.4813,1
39.433,11.5208,-0.0446,0.0004,0.0000,0.4813,1
39.450,11.5208,-0.0446,0.0009,0.0000,0.4813,1
39.467,11.5208,-0.0445,0.0020,0.0000,0.4813,1
39.483,11.5208,-0.0446,0.0012,0.0000,0.4813,1
39.500,11.5208,-0.0445,0.0013,0.0000,0.4813,1
39.517,11.5208,-0.0445,0.0008,0.0000,0.4813,1
39.533,11.5208,-0.0445,0.0004,0.0000,0.4813,1
39.550,11.5208,-0.0445,0.0004,0.0000,0.4813,1
39.567,11.5208,-0.0445,0.0019,0.0000,0.4813,1
39.583,11.5208,-0.0446,0.0027,0.0000,0.4813,1
39.600,11.5208,-0.0445,0.0013,0.0000,0.4813,1
39.617,11.5208,-0.0445,0.0026,0.0000,0.4813,1
39.633,11.5208,-0.0445,0.0014,0.0000,0.4813,1
39.650,11.5208,-0.0445,0.0004,0.0000,0.4813,1
39.667,11.5208,-0.0445,0.0004,0.0000,0.4813,1
39.683,11.5208,-0.0445,0.0017,0.0000,0.4813,1
39.700,11.5208,-0.0445,0.0013,0.0000,0.4813,1
39.717,11.5208,-0.0445,0.0015,0.0000,0.4813,1
39.733,11.5208,-0.0445,0.0017,0.0000,0.4813,1
39.750,11.5208,-0.0444,0.0014,0.0000,0.4813,1
39.767,11.5208,-0.0445,0.0022,0.0000,0.4813,1
39.783,11.5208,-0.0445,0.0005,0.0000,0.4813,1
39.800,11.5208,-0.0445,0.0001,0.0000,0.4813,1
39.817,11.5208,-0.0445,0.0004,0.0000,0.4813,1
39.833,11.5208,-0.0445,0.0010,0.0000,0.4813,1
39.850,11.5208,-0.0445,0.0020,0.0000,0.4813,1
39.867,11.5208,-0.0445,0.0006,0.0000,0.4813,1
39.883,11.5208,-0.0445,0.0031,0.0000,0.4813,1
39.900,11.5208,-0.0444,0.0019,0.0000,0.4813,1
39.917,11.5208,-0.0445,0.0048,0.0000,0.4812,1
39.933,11.5208,-0.0445,0.0003,0.0000,0.4813,1
39.950,11.5208,-0.0445,0.0013,0.0000,0.4812,1
39.967,11.5208,-0.0445,0.0001,0.0000,0.4812,1
39.983,11.5208,-0.0445,0.0017,0.0000,0.4812,1
40.000,11.5208,-0.0445,0.0015,0.0000,0.4812,1
40.017,11.5208,-0.0445,0.0013,0.0000,0.4812,1
40.033,11.5208,-0.0445,0.0010,0.0000,0.4812,1
40.050,11.5208,-0.0445,0.0019,0.0000,0.4812,1
40.067,11.5208,-0.0446,0.0022,0.0000,0.4812,1
40.083,11.5208,-0.0446,0.0002,0.0000,0.4812,1
40.100,11.5208,-0.0445,0.0009,0.0000,0.4812,1
40.117,11.5208,-0.0445,0.0001,0.0000,0.4812,1
40.133,11.5209,-0.0446,0.0024,0.0000,0.4812,1
40.150,11.5209,-0.0446,0.0002,0.0000,0.4812,1
40.167,11.5208,-0.0445,0.0018,0.0000,0.4812,1
40.183,11.5209,-0.0445,0.0002,0.0000,0.4812,1
40.200,11.5209,-0.0445,0.0007,0.0000,0.4812,1
40.217,11.5209,-0.0446,0.0021,0.0000,0.4812,1
40.233,11.5209,-0.0446,0.0024,0.0000,0.4812,1
40.250,11.5209,-0.0446,0.0017,0.0000,0.4812,1
40.267,11.5209,-0.0445,0.0025,0.0000,0.4812,1
40.283,11.5209,-0.0446,0.0015,0.0000,0.4812,1
40.300,11.5209,-0.0446,0.0006,0.0000,0.4812,1
40.317,11.5209,-0.0445,0.0027,0.0000,0.4812,1
40.333,11.5209,-0.0446,0.0024,0.0000,0.4812,1
40.350,11.5209,-0.0446,0.0022,0.0000,0.4812,1
40.367,11.5209,-0.0445,0.0029,0.0000,0.4812,1
40.383,11.5209,-0.0445,0.0010,0.0000,0.4812,1
40.400,11.5209,-0.0445,0.0005,0.0000,0.4812,1
40.417,11.5209,-0.0445,0.0005,0.0000,0.4812,1
40.433,11.5209,-0.0445,0.0012,0.0000,0.4812,1
40.450,11.5209,-0.0445,0.0003,0.0000,0.4812,1
40.467,11.5209,-0.0445,0.0005,0.0000,0.4812,1
40.483,11.5209,-0.0445,0.0012,0.0000,0.4812,1
40.500,11.5209,-0.0445,0.0008,0.0000,0.4812,1
40.517,11.5209,-0.0445,0.0009,0.0000,0.4812,1
40.533,11.5209,-0.0445,0.0019,0.0000,0.4812,1
40.550,11.5209,-0.0445,0.0024,0.0000,0.4812,1
40.567,11.5209,-0.0445,0.0032,0.0000,0.4812,1
40.583,11.5209,-0.0445,0.0003,0.0000,0.4812,1
40.600,11.5209,-0.0445,0.0019,0.0000,0.4812,1
40.617,11.5209,-0.0444,0.0027,0.0000,0.4812,1
40.633,11.5209,-0.0444,0.0006,0.0000,0.4812,1
40.650,11.5209,-0.0445,0.0007,0.0000,0.4812,1
40.667,11.5209,-0.0445,0.0002,0.0000,0.4812,1
40.683,11.5209,-0.0445,0.0001,0.0000,0.4812,1
40.700,11.5209,-0.0445,0.0002,0.0000,0.4812,1
40.717,11.5209,-0.0445,0.0008,0.0000,0.4812,1
40.733,11.5209,-0.0444,0.0032,0.0000,0.4812,1
40.750,11.5209,-0.0444,0.0014,0.0000,0.4812,1
40.767,11.5209,-0.0445,0.0004,0.0000,0.4812,1
40.783,11.5209,-0.0444,0.0037,0.0000,0.4812,1
40.800,11.5209,-0.0445,0.0052,0.0000,0.4812,1
40.817,11.5209,-0.0444,0.0030,0.0000,0.4812,1
40.833,11.5209,-0.0445,0.0021,0.0000,0.4812,1
40.850,11.5209,-0.0445,0.0005,0.0000,0.4812,1
40.867,11.5209,-0.0444,0.0043,0.0000,0.4812,1
40.883,11.5209,-0.0444,0.0003,0.0000,0.4812,1
40.900,11.5209,-0.0444,0.0004,0.0000,0.4812,1
40.917,11.5209,-0.0443,0.0033,0.0000,0.4812,1
40.933,11.5209,-0.0444,0.0025,0.0000,0.4812,1
40.950,11.5209,-0.0444,0.0019,0.0000,0.4811,1
40.967,11.5209,-0.0444,0.0026,0.0000,0.4811,1
40.983,11.5209,-0.0444,0.0027,0.0000,0.4811,1
41.000,11.5209,-0.0444,0.0022,0.0000,0.4811,1
41.017,11.5209,-0.0444,0.0006,0.0000,0.4811,1
41.033,11.5209,-0.0444,0.0011,0.0000,0.4811,1
41.050,11.5209,-0.0443,0.0017,0.0000,0.4811,1
41.067,11.5209,-0.0443,0.0010,0.0000,0.4811,1
41.083,11.5209,-0.0444,0.0005,0.0000,0.4811,1
41.100,11.5209,-0.0443,0.0030,0.0000,0.4811,1
41.117,11.5209,-0.0443,0.0021,0.0000,0.4811,1
41.133,11.5209,-0.0443,0.0010,0.0000,0.4811,1
41.150,11.5209,-0.0443,0.0025,0.0000,0.4811,1
41.167,11.5209,-0.0443,0.0006,0.0000,0.4811,1
41.183,11.5209,-0.0443,0.0006,0.0000,0.4811,1
41.200,11.5209,-0.0443,0.0005,0.0000,0.4811,1
41.217,11.5209,-0.0443,0.0033,0.0000,0.4811,1
41.233,11.5209,-0.0443,0.0025,0.0000,0.4811,1
41.250,11.5209,-0.0443,0.0007,0.0000,0.4811,1
41.267,11.5209,-0.0442,0.0023,0.0000,0.4811,1
41.283,11.5209,-0.0443,0.0015,0.0000,0.4811,1
41.300,11.5209,-0.0443,0.0001,0.0000,0.4811,1
41.317,11.5209,-0.0442,0.0018,0.0000,0.4811,1
41.333,11.5209,-0.0443,0.0011,0.0000,0.4811,1
41.350,11.5209,-0.0442,0.0024,0.0000,0.4811,1
41.367,11.5209,-0.0442,0.0005,0.0000,0.4811,1
41.383,11.5209,-0.0442,0.0015,0.0000,0.4811,1
41.400,11.5209,-0.0442,0.0016,0.0000,0.4811,1
41.417,11.5209,-0.0442,0.0002,0.0000,0.4811,1
41.433,11.5209,-0.0442,0.0012,0.0000,0.4811,1
41.450,11.5209,-0.0442,0.0001,0.0000,0.4811,1
41.467,11.5209,-0.0442,0.0031,0.0000,0.4811,1
41.483,11.5209,-0.0442,0.0026,0.0000,0.4811,1
41.500,11.5209,-0.0442,0.0008,0.0000,0.4811,1
41.517,11.5209,-0.0442,0.0027,0.0000,0.4811,1
41.533,11.5209,-0.0442,0.0009,0.0000,0.4811,1
41.550,11.5209,-0.0442,0.0005,0.0000,0.4811,1
41.567,11.5209,-0.0442,0.0020,0.0000,0.4811,1
41.583,11.5210,-0.0442,0.0019,0.0000,0.4811,1
41.600,11.5210,-0.0443,0.0034,0.0000,0.4811,1
41.617,11.5210,-0.0442,0.0057,0.0000,0.4811,1
41.633,11.5210,-0.0442,0.0019,0.0000,0.4811,1
41.650,11.5210,-0.0442,0.0008,0.0000,0.4811,1
41.667,11.5210,-0.0442,0.0008,0.0000,0.4811,1
41.683,11.5210,-0.0442,0.0014,0.0000,0.4811,1
41.700,11.5210,-0.0442,0.0034,0.0000,0.4811,1
41.717,11.5210,-0.0442,0.0022,0.0000,0.4811,1
41.733,11.5210,-0.0442,0.0006,0.0000,0.4811,1
41.750,11.5210,-0.0441,0.0043,0.0000,0.4811,1
41.767,11.5210,-0.0442,0.0060,0.0000,0.4811,1
41.783,11.5210,-0.0442,0.0031,0.0000,0.4811,1
41.800,11.5210,-0.0442,0.0002,0.0000,0.4811,1
41.817,11.5210,-0.0442,0.0029,0.0000,0.4811,1
41.833,11.5210,-0.0442,0.0014,0.0000,0.4810,1
41.850,11.5210,-0.0442,0.0015,0.0000,0.4811,1
41.867,11.5210,-0.0443,0.0031,0.0000,0.4810,1
41.883,11.5210,-0.0442,0.0009,0.0000,0.4810,1
41.900,11.5210,-0.0443,0.0029,0.0000,0.4810,1
41.917,11.5210,-0.0443,0.0008,0.0000,0.4810,1
41.933,11.5210,-0.0443,0.0020,0.0000,0.4810,1
41.950,11.5210,-0.0443,0.0013,0.0000,0.4810,1
41.967,11.5210,-0.0443,0.0010,0.0000,0.4810,1
41.983,11.5210,-0.0443,0.0022,0.0000,0.4810,1
42.000,11.5210,-0.0443,0.0017,0.0000,0.4810,1
42.017,11.5210,-0.0443,0.0006,0.0000,0.4810,1
42.033,11.5210,-0.0443,0.0011,0.0000,0.4810,1
42.050,11.5210,-0.0443,0.0018,0.0000,0.4810,1
42.067,11.5210,-0.0443,0.0042,0.0000,0.4810,1
42.083,11.5210,-0.0444,0.0025,0.0000,0.4810,1
42.100,11.5211,-0.0444,0.0021,0.0000,0.4810,1
42.117,11.5211,-0.0444,0.0019,0.0000,0.4810,1
42.133,11.5211,-0.0444,0.0015,0.0000,0.4810,1
42.150,11.5211,-0.0444,0.0006,0.0000,0.4810,1
42.167,11.5211,-0.0444,0.0022,0.0000,0.4810,1
42.183,11.5211,-0.0443,0.0035,0.0000,0.4810,1
42.200,11.5211,-0.0444,0.0031,0.0000,0.4810,1
42.217,11.5211,-0.0444,0.0001,0.0000,0.4810,1
42.233,11.5211,-0.0444,0.0028,0.0000,0.4810,1
42.250,11.5211,-0.0444,0.0010,0.0000,0.4810,1
42.267,11.5211,-0.0444,0.0001,0.0000,0.4810,1
42.283,11.5211,-0.0445,0.0026,0.0000,0.4810,1
42.300,11.5211,-0.0446,0.0095,0.0000,0.4810,1
42.317,11.5212,-0.0447,0.0052,0.0000,0.4809,1
42.333,11.5212,-0.0448,0.0067,0.0000,0.4809,1
42.350,11.5212,-0.0449,0.0053,0.0000,0.4809,1
42.367,11.5212,-0.0450,0.0075,0.0000,0.4809,1
42.383,11.5212,-0.0452,0.0074,0.0000,0.4809,1
42.400,11.5213,-0.0453,0.0099,0.0000,0.4809,1
42.417,11.5213,-0.0454,0.0031,0.0000,0.4809,1
42.433,11.5213,-0.0454,0.0016,0.0000,0.4808,1
42.450,11.5213,-0.0454,0.0020,0.0000,0.4808,1
42.467,11.5213,-0.0454,0.0008,0.0000,0.4808,1
42.483,11.5213,-0.0454,0.0002,0.0000,0.4808,1
42.500,11.5213,-0.0454,0.0026,0.0000,0.4809,1
42.517,11.5213,-0.0454,0.0017,0.0000,0.4808,1
42.533,11.5213,-0.0454,0.0012,0.0000,0.4808,1
42.550,11.5213,-0.0454,0.0016,0.0000,0.4808,1
42.567,11.5213,-0.0454,0.0017,0.0000,0.4808,1
42.583,11.5213,-0.0454,0.0009,0.0000,0.4808,1
42.600,11.5213,-0.0454,0.0011,0.0000,0.4808,1
42.617,11.5213,-0.0454,0.0004,0.0000,0.4808,1
42.633,11.5213,-0.0454,0.0009,0.0000,0.4808,1
42.650,11.5213,-0.0454,0.0019,0.0000,0.4808,1
42.667,11.5213,-0.0455,0.0045,0.0000,0.4808,1
42.683,11.5213,-0.0454,0.0047,0.0000,0.4809,1
42.700,11.5213,-0.0453,0.0044,0.0000,0.4808,1
42.717,11.5213,-0.0453,0.0007,0.0000,0.4808,1
42.733,11.5213,-0.0453,0.0001,0.0000,0.4808,1
42.750,11.5213,-0.0454,0.0011,0.0000,0.4808,1
42.767,11.5214,-0.0454,0.0016,0.0000,0.4808,1
42.783,11.5214,-0.0454,0.0012,0.0000,0.4808,1
42.800,11.5214,-0.0454,0.0004,0.0000,0.4808,1
42.817,11.5214,-0.0454,0.0006,0.0000,0.4808,1
42.833,11.5214,-0.0454,0.0009,0.0000,0.4808,1
42.850,11.5214,-0.0454,0.0011,0.0000,0.4808,1
42.867,11.5214,-0.0454,0.0002,0.0000,0.4808,1
42.883,11.5214,-0.0454,0.0017,0.0000,0.4808,1
42.900,11.5214,-0.0454,0.0008,0.0000,0.4808,1
42.917,11.5214,-0.0454,0.0006,0.0000,0.4808,1
42.933,11.5214,-0.0454,0.0013,0.0000,0.4808,1
42.950,11.5214,-0.0454,0.0016,0.0000,0.4808,1
42.967,11.5214,-0.0454,0.0002,0.0000,0.4808,1
42.983,11.5214,-0.0453,0.0023,0.0000,0.4808,1
43.000,11.5214,-0.0453,0.0006,0.0000,0.4808,1
43.017,11.5214,-0.0453,0.0003,0.0000,0.4808,1
43.033,11.5214,-0.0453,0.0008,0.0000,0.4807,1
43.050,11.5214,-0.0453,0.0004,0.0000,0.4807,1
43.067,11.5214,-0.0453,0.0009,0.0000,0.4807,1
43.083,11.5214,-0.0453,0.0013,0.0000,0.4807,1
43.100,11.5214,-0.0453,0.0001,0.0000,0.4807,1
43.117,11.5214,-0.0453,0.0019,0.0000,0.4807,1
43.133,11.5214,-0.0453,0.0006,0.0000,0.4807,1
43.150,11.5214,-0.0453,0.0005,0.0000,0.4807,1
43.167,11.5214,-0.0453,0.0009,0.0000,0.4807,1
43.183,11.5214,-0.0453,0.0006,0.0000,0.4807,1
43.200,11.5214,-0.0452,0.0004,0.0000,0.4807,1
43.217,11.5214,-0.0452,0.0008,0.0000,0.4807,1
43.233,11.5214,-0.0452,0.0003,0.0000,0.4807,1
43.250,11.5214,-0.0452,0.0004,0.0000,0.4807,1
43.267,11.5214,-0.0452,0.0016,0.0000,0.4807,1
43.283,11.5214,-0.0452,0.0006,0.0000,0.4807,1
43.300,11.5214,-0.0452,0.0004,0.0000,0.4807,1
43.317,11.5214,-0.0452,0.0003,0.0000,0.4807,1
43.333,11.5214,-0.0452,0.0017,0.0000,0.4807,1
43.350,11.5214,-0.0452,0.0015,0.0000,0.4807,1
43.367,11.5214,-0.0452,0.0011,0.0000,0.4807,1
43.383,11.5214,-0.0452,0.0018,0.0000,0.4807,1
43.400,11.5214,-0.0452,0.0003,0.0000,0.4807,1
43.417,11.5214,-0.0452,0.0015,0.0000,0.4807,1
43.433,11.5214,-0.0452,0.0002,0.0000,0.4807,1
43.450,11.5214,-0.0452,0.0012,0.0000,0.4807,1
43.467,11.5214,-0.0452,0.0011,0.0000,0.4807,1
43.483,11.5214,-0.0452,0.0004,0.0000,0.4807,1
43.500,11.5214,-0.0452,0.0009,0.0000,0.4807,1
43.517,11.5214,-0.0451,0.0007,0.0000,0.4807,1
43.533,11.5214,-0.0452,0.0014,0.0000,0.4807,1
43.550,11.5215,-0.0452,0.0003,0.0000,0.4807,1
43.567,11.5215,-0.0451,0.0009,0.0000,0.4807,1
43.583,11.5215,-0.0451,0.0008,0.0000,0.4807,1
43.600,11.5215,-0.0451,0.0004,0.0000,0.4807,1
43.617,11.5215,-0.0452,0.0022,0.0000,0.4807,1
43.633,11.5215,-0.0451,0.0020,0.0000,0.4807,1
43.650,11.5215,-0.0451,0.0005,0.0000,0.4807,1
43.667,11.5215,-0.0451,0.0011,0.0000,0.4807,1
43.683,11.5215,-0.0451,0.0001,0.0000,0.4807,1
43.700,11.5215,-0.0451,0.0039,0.0000,0.4807,1
43.717,11.5215,-0.0450,0.0022,0.0000,0.4807,1
43.733,11.5215,-0.0450,0.0007,0.0000,0.4807,1
43.750,11.5215,-0.0451,0.0015,0.0000,0.4806,1
43.767,11.5215,-0.0451,0.0006,0.0000,0.4806,1
43.783,11.5215,-0.0451,0.0010,0.0000,0.4806,1
43.800,11.5215,-0.0451,0.0010,0.0000,0.4806,1
43.817,11.5215,-0.0451,0.0004,0.0000,0.4806,1
43.833,11.5215,-0.0451,0.0007,0.0000,0.4806,1
43.850,11.5215,-0.0451,0.0001,0.0000,0.4806,1
43.867,11.5215,-0.0451,0.0016,0.0000,0.4806,1
43.883,11.5215,-0.0451,0.0008,0.0000,0.4806,1
43.900,11.5215,-0.0451,0.0010,0.0000,0.4806,1
43.917,11.5215,-0.0451,0.0002,0.0000,0.4806,1
43.933,11.5215,-0.0451,0.0017,0.0000,0.4806,1
43.950,11.5215,-0.0451,0.0029,0.0000,0.4806,1
43.967,11.5215,-0.0451,0.0008,0.0000,0.4806,1
43.983,11.5215,-0.0451,0.0011,0.0000,0.4806,1
44.000,11.5215,-0.0452,0.0017,0.0000,0.4806,1
44.017,11.5215,-0.0451,0.0013,0.0000,0.4806,1
44.033,11.5215,-0.0452,0.0017,0.0000,0.4806,1
44.050,11.5215,-0.0451,0.0012,0.0000,0.4806,1
44.067,11.5215,-0.0451,0.0002,0.0000,0.4806,1
44.083,11.5215,-0.0452,0.0011,0.0000,0.4806,1
44.100,11.5216,-0.0451,0.0006,0.0000,0.4806,1
44.117,11.5216,-0.0452,0.0008,0.0000,0.4806,1
44.133,11.5216,-0.0452,0.0017,0.0000,0.4806,1
44.150,11.5216,-0.0452,0.0011,0.0000,0.4806,1
44.167,11.5216,-0.0452,0.0014,0.0000,0.4806,1
44.183,11.5216,-0.0452,0.0020,0.0000,0.4806,1
44.200,11.5216,-0.0452,0.0016,0.0000,0.4806,1
44.217,11.5216,-0.0452,0.0017,0.0000,0.4805,1
44.233,11.5216,-0.0452,0.0013,0.0000,0.4805,1
44.250,11.5216,-0.0452,0.0014,0.0000,0.4805,1
44.267,11.5216,-0.0452,0.0005,0.0000,0.4805,1
44.283,11.5216,-0.0452,0.0017,0.0000,0.4805,1
44.300,11.5216,-0.0452,0.0009,0.0000,0.4805,1
44.317,11.5216,-0.0453,0.0015,0.0000,0.4805,1
44.333,11.5216,-0.0452,0.0011,0.0000,0.4805,1
44.350,11.5216,-0.0452,0.0034,0.0000,0.4805,1
44.367,11.5216,-0.0451,0.0036,0.0000,0.4805,1
44.383,11.5216,-0.0451,0.0027,0.0000,0.4805,1
44.400,11.5216,-0.0451,0.0009,0.0000,0.4805,1
44.417,11.5216,-0.0451,0.0018,0.0000,0.4805,1
44.433,11.5216,-0.0451,0.0016,0.0000,0.4805,1
44.450,11.5216,-0.0450,0.0031,0.0000,0.4805,1
44.467,11.5216,-0.0450,0.0007,0.0000,0.4805,1
44.483,11.5216,-0.0450,0.0006,0.0000,0.4805,1
44.500,11.5216,-0.0450,0.0010,0.0000,0.4805,1
44.517,11.5216,-0.0450,0.0008,0.0000,0.4805,1
44.533,11.5216,-0.0450,0.0016,0.0000,0.4805,1
44.550,11.5216,-0.0450,0.0007,0.0000,0.4805,1
44.567,11.5216,-0.0450,0.0005,0.0000,0.4805,1
44.583,11.5216,-0.0450,0.0002,0.0000,0.4805,1
44.600,11.5216,-0.0450,0.0022,0.0000,0.4805,1
44.617,11.5216,-0.0450,0.0009,0.0000,0.4805,1
44.633,11.5216,-0.0450,0.0013,0.0000,0.4805,1
44.650,11.5216,-0.0449,0.0039,0.0000,0.4805,1
44.667,11.5216,-0.0448,0.0037,0.0000,0.4805,1
44.683,11.5216,-0.0448,0.0024,0.0000,0.4805,1
44.700,11.5216,-0.0448,0.0022,0.0000,0.4805,1
44.717,11.5216,-0.0447,0.0041,0.0000,0.4805,1
44.733,11.5216,-0.0446,0.0031,0.0000,0.4805,1
44.750,11.5216,-0.0447,0.0003,0.0000,0.4805,1
44.767,11.5216,-0.0446,0.0011,0.0000,0.4805,1
44.783,11.5216,-0.0447,0.0016,0.0000,0.4805,1
44.800,11.5216,-0.0446,0.0011,0.0000,0.4805,1
44.817,11.5216,-0.0446,0.0015,0.0000,0.4805,1
44.833,11.5216,-0.0446,0.0003,0.0000,0.4805,1
44.850,11.5216,-0.0446,0.0007,0.0000,0.4805,1
44.867,11.5216,-0.0446,0.0013,0.0000,0.4805,1
44.883,11.5216,-0.0446,0.0003,0.0000,0.4805,1
44.900,11.5216,-0.0445,0.0025,0.0000,0.4805,1
44.917,11.5216,-0.0446,0.0005,0.0000,0.4805,1
44.933,11.5216,-0.0445,0.0050,0.0000,0.4805,1
44.950,11.5216,-0.0445,0.0002,0.0000,0.4805,1
44.967,11.5216,-0.0444,0.0040,0.0000,0.4805,1
44.983,11.5216,-0.0444,0.0009,0.0000,0.4805,1
45.000,11.5216,-0.0444,0.0007,0.0000,0.4805,1
45.017,11.5216,-0.0443,0.0025,0.0000,0.4805,1
45.033,11.5216,-0.0443,0.0037,0.0000,0.4805,1
45.050,11.5216,-0.0443,0.0011,0.0000,0.4805,1
45.067,11.5216,-0.0442,0.0034,0.0000,0.4805,1
45.083,11.5215,-0.0442,0.0021,0.0000,0.4805,1
45.100,11.5215,-0.0442,0.0011,0.0000,0.4805,1
45.117,11.5215,-0.0440,0.0078,0.0000,0.4805,1
45.133,11.5215,-0.0440,0.0029,0.0000,0.4805,1
45.150,11.5215,-0.0438,0.0096,0.0000,0.4805,1
45.167,11.5215,-0.0437,0.0059,0.0000,0.4805,1
45.183,11.5215,-0.0436,0.0047,0.0000,0.4805,1
45.200,11.5215,-0.0436,0.0007,0.0000,0.4805,1
45.217,11.5215,-0.0436,0.0014,0.0000,0.4805,1
45.233,11.5215,-0.0436,0.0015,0.0000,0.4805,1
45.250,11.5215,-0.0436,0.0013,0.0000,0.4805,1
45.267,11.5215,-0.0436,0.0009,0.0000,0.4805,1
45.283,11.5215,-0.0436,0.0020,0.0000,0.4805,1
45.300,11.5215,-0.0436,0.0028,0.0000,0.4805,1
45.317,11.5215,-0.0435,0.0034,0.0000,0.4805,1
45.333,11.5215,-0.0435,0.0003,0.0000,0.4805,1
45.350,11.5215,-0.0435,0.0016,0.0000,0.4805,1
45.367,11.5215,-0.0434,0.0068,0.0000,0.4805,1
45.383,11.5215,-0.0433,0.0025,0.0000,0.4805,1
45.400,11.5214,-0.0432,0.0085,0.0000,0.4805,1
45.417,11.5214,-0.0431,0.0052,0.0000,0.4805,1
45.433,11.5214,-0.0431,0.0018,0.0000,0.4805,1
45.450,11.5214,-0.0430,0.0037,0.0000,0.4805,1
45.467,11.5214,-0.0430,0.0022,0.0000,0.4805,1
45.483,11.5214,-0.0430,0.0002,0.0000,0.4805,1
45.500,11.5214,-0.0430,0.0014,0.0000,0.4805,1
45.517,11.5214,-0.0430,0.0018,0.0000,0.4805,1
45.533,11.5214,-0.0430,0.0003,0.0000,0.4805,1
45.550,11.5214,-0.0430,0.0006,0.0000,0.4805,1
45.567,11.5214,-0.0430,0.0013,0.0000,0.4805,1
45.583,11.5214,-0.0429,0.0006,0.0000,0.4805,1
45.600,11.5214,-0.0429,0.0033,0.0000,0.4805,1
45.617,11.5214,-0.0429,0.0011,0.0000,0.4805,1
45.633,11.5214,-0.0427,0.0092,0.0000,0.4805,1
45.650,11.5214,-0.0427,0.0036,0.0000,0.4805,1
45.667,11.5214,-0.0427,0.0001,0.0000,0.4805,1
45.683,11.5214,-0.0427,0.0008,0.0000,0.4805,1
45.700,11.5214,-0.0426,0.0015,0.0000,0.4805,1
45.717,11.5214,-0.0426,0.0006,0.0000,0.4805,1
45.733,11.5214,-0.0425,0.0050,0.0000,0.4805,1
45.750,11.5214,-0.0425,0.0026,0.0000,0.4805,1
45.767,11.5214,-0.0425,0.0007,0.0000,0.4805,1
45.783,11.5214,-0.0425,0.0006,0.0000,0.4805,1
45.800,11.5214,-0.0425,0.0013,0.0000,0.4805,1
45.817,11.5214,-0.0425,0.0006,0.0000,0.4805,1
45.833,11.5214,-0.0425,0.0012,0.0000,0.4805,1
45.850,11.5214,-0.0425,0.0010,0.0000,0.4805,1
45.867,11.5214,-0.0425,0.0013,0.0000,0.4805,1
45.883,11.5214,-0.0425,0.0015,0.0000,0.4805,1
45.900,11.5214,-0.0424,0.0033,0.0000,0.4805,1
45.917,11.5214,-0.0424,0.0007,0.0000,0.4805,1
45.933,11.5214,-0.0424,0.0027,0.0000,0.4805,1
45.950,11.5214,-0.0424,0.0003,0.0000,0.4805,1
45.967,11.5214,-0.0424,0.0004,0.0000,0.4805,1
45.983,11.5214,-0.0424,0.0014,0.0000,0.4804,1
46.000,11.5214,-0.0424,0.0005,0.0000,0.4804,1
46.017,11.5214,-0.0424,0.0008,0.0000,0.4804,1
46.033,11.5214,-0.0424,0.0015,0.0000,0.4804,1
46.050,11.5214,-0.0423,0.0025,0.0000,0.4804,1
46.067,11.5214,-0.0423,0.0010,0.0000,0.4804,1
46.083,11.5214,-0.0423,0.0009,0.0000,0.4804,1
46.100,11.5214,-0.0423,0.0012,0.0000,0.4804,1
46.117,11.5214,-0.0423,0.0047,0.0000,0.4804,1
46.133,11.5214,-0.0423,0.0003,0.0000,0.4804,1
46.150,11.5214,-0.0422,0.0007,0.0000,0.4804,1
46.167,11.5214,-0.0422,0.0006,0.0000,0.4804,1
46.183,11.5214,-0.0422,0.0004,0.0000,0.4804,1
46.200,11.5214,-0.0422,0.0004,0.0000,0.4804,1
46.217,11.5214,-0.0422,0.0035,0.0000,0.4804,1
46.233,11.5214,-0.0421,0.0015,0.0000,0.4804,1
46.250,11.5214,-0.0422,0.0024,0.0000,0.4804,1
46.267,11.5214,-0.0422,0.0004,0.0000,0.4804,1
46.283,11.5214,-0.0421,0.0047,0.0000,0.4804,1
46.300,11.5214,-0.0421,0.0002,0.0000,0.4804,1
46.317,11.5214,-0.0421,0.0006,0.0000,0.4804,1
46.333,11.5214,-0.0421,0.0012,0.0000,0.4804,1
46.350,11.5214,-0.0421,0.0010,0.0000,0.4804,1
46.367,11.5214,-0.0420,0.0023,0.0000,0.4804,1
46.383,11.5214,-0.0420,0.0027,0.0000,0.4804,1
46.400,11.5214,-0.0419,0.0025,0.0000,0.4804,1
46.417,11.5214,-0.0419,0.0014,0.0000,0.4804,1
46.433,11.5214,-0.0419,0.0025,0.0000,0.4804,1
46.450,11.5214,-0.0419,0.0006,0.0000,0.4804,1
46.467,11.5214,-0.0418,0.0032,0.0000,0.4804,1
46.483,11.5214,-0.0418,0.0002,0.0000,0.4804,1
46.500,11.5214,-0.0418,0.0004,0.0000,0.4804,1
46.517,11.5214,-0.0418,0.0006,0.0000,0.4804,1
46.533,11.5214,-0.0418,0.0014,0.0000,0.4804,1
46.550,11.5214,-0.0418,0.0020,0.0000,0.4804,1
46.567,11.5214,-0.0417,0.0036,0.0000,0.4804,1
46.583,11.5214,-0.0418,0.0022,0.0000,0.4804,1
46.600,11.5214,-0.0418,0.0023,0.0000,0.4804,1
46.617,11.5214,-0.0419,0.0028,0.0000,0.4804,1
46.633,11.5214,-0.0419,0.0015,0.0000,0.4804,1
46.650,11.5214,-0.0419,0.0004,0.0000,0.4804,1
46.667,11.5214,-0.0419,0.0007,0.0000,0.4804,1
46.683,11.5214,-0.0419,0.0004,0.0000,0.4804,1
46.700,11.5215,-0.0419,0.0008,0.0000,0.4804,1
46.717,11.5215,-0.0418,0.0016,0.0000,0.4804,1
46.733,11.5215,-0.0418,0.0001,0.0000,0.4804,1
46.750,11.5214,-0.0418,0.0006,0.0000,0.4804,1
46.767,11.5215,-0.0418,0.0013,0.0000,0.4804,1
46.783,11.5215,-0.0419,0.0015,0.0000,0.4804,1
46.800,11.5215,-0.0418,0.0017,0.0000,0.4804,1
46.817,11.5215,-0.0419,0.0005,0.0000,0.4804,1
46.833,11.5215,-0.0419,0.0008,0.0000,0.4804,1
46.850,11.5215,-0.0419,0.0005,0.0000,0.4804,1
46.867,11.5215,-0.0419,0.0019,0.0000,0.4803,1
46.883,11.5215,-0.0419,0.0003,0.0000,0.4803,1
46.900,11.5215,-0.0418,0.0031,0.0000,0.4803,1
46.917,11.5215,-0.0418,0.0008,0.0000,0.4803,1
46.933,11.5215,-0.0418,0.0009,0.0000,0.4803,1
46.950,11.5215,-0.0418,0.0005,0.0000,0.4803,1
46.967,11.5215,-0.0418,0.0011,0.0000,0.4803,1
46.983,11.5215,-0.0418,0.0029,0.0000,0.4803,1
47.000,11.5215,-0.0418,0.0010,0.0000,0.4803,1
47.017,11.5215,-0.0418,0.0014,0.0000,0.4803,1
47.033,11.5215,-0.0418,0.0011,0.0000,0.4803,1
47.050,11.5215,-0.0418,0.0010,0.0000,0.4803,1
47.067,11.5215,-0.0418,0.0009,0.0000,0.4803,1
47.083,11.5215,-0.0418,0.0002,0.0000,0.4803,1
47.100,11.5215,-0.0418,0.0008,0.0000,0.4803,1
47.117,11.5215,-0.0418,0.0014,0.0000,0.4803,1
47.133,11.5215,-0.0418,0.0009,0.0000,0.4803,1
47.150,11.5215,-0.0418,0.0001,0.0000,0.4803,1
47.167,11.5215,-0.0418,0.0014,0.0000,0.4803,1
47.183,11.5215,-0.0418,0.0011,0.0000,0.4803,1
47.200,11.5215,-0.0418,0.0027,0.0000,0.4803,1
47.217,11.5215,-0.0418,0.0012,0.0000,0.4803,1
47.233,11.5215,-0.0417,0.0017,0.0000,0.4803,1
47.250,11.5215,-0.0417,0.0003,0.0000,0.4803,1
47.267,11.5215,-0.0417,0.0008,0.0000,0.4803,1
47.283,11.5215,-0.0417,0.0008,0.0000,0.4803,1
47.300,11.5215,-0.0417,0.0003,0.0000,0.4803,1
47.317,11.5215,-0.0417,0.0002,0.0000,0.4803,1
47.333,11.5215,-0.0417,0.0010,0.0000,0.4803,1
47.350,11.5215,-0.0417,0.0004,0.0000,0.4803,1
47.367,11.5215,-0.0417,0.0021,0.0000,0.4803,1
47.383,11.5215,-0.0416,0.0035,0.0000,0.4803,1
47.400,11.5215,-0.0416,0.0031,0.0000,0.4803,1
47.417,11.5215,-0.0416,0.0017,0.0000,0.4803,1
47.433,11.5215,-0.0416,0.0031,0.0000,0.4803,1
47.450,11.5215,-0.0417,0.0020,0.0000,0.4803,1
47.467,11.5215,-0.0417,0.0004,0.0000,0.4803,1
47.483,11.5215,-0.0417,0.0018,0.0000,0.4803,1
47.500,11.5215,-0.0417,0.0012,0.0000,0.4803,1
47.517,11.5215,-0.0417,0.0005,0.0000,0.4803,1
47.533,11.5216,-0.0417,0.0003,0.0000,0.4803,1
47.550,11.5216,-0.0417,0.0016,0.0000,0.4803,1
47.567,11.5215,-0.0417,0.0024,0.0000,0.4803,1
47.583,11.5216,-0.0417,0.0019,0.0000,0.4803,1
47.600,11.5216,-0.0417,0.0012,0.0000,0.4803,1
47.617,11.5216,-0.0417,0.0013,0.0000,0.4802,1
47.633,11.5216,-0.0417,0.0011,0.0000,0.4802,1
47.650,11.5215,-0.0417,0.0024,0.0000,0.4803,1
47.667,11.5216,-0.0417,0.0024,0.0000,0.4802,1
47.683,11.5216,-0.0417,0.0013,0.0000,0.4802,1
47.700,11.5216,-0.0417,0.0003,0.0000,0.4802,1
47.717,11.5216,-0.0417,0.0018,0.0000,0.4802,1
47.733,11.5216,-0.0417,0.0003,0.0000,0.4802,1
47.750,11.5216,-0.0416,0.0016,0.0000,0.4802,1
47.767,11.5215,-0.0416,0.0015,0.0000,0.4803,1
47.783,11.5216,-0.0417,0.0025,0.0000,0.4802,1
47.800,11.5216,-0.0417,0.0020,0.0000,0.4802,1
47.817,11.5216,-0.0417,0.0014,0.0000,0.4802,1
47.833,11.5216,-0.0416,0.0031,0.0000,0.4802,1
47.850,11.5216,-0.0416,0.0009,0.0000,0.4802,1
47.867,11.5216,-0.0416,0.0019,0.0000,0.4802,1
47.883,11.5216,-0.0416,0.0023,0.0000,0.4802,1
47.900,11.5216,-0.0416,0.0020,0.0000,0.4802,1
47.917,11.5216,-0.0416,0.0012,0.0000,0.4802,1
47.933,11.5216,-0.0416,0.0013,0.0000,0.4802,1
47.950,11.5216,-0.0416,0.0001,0.0000,0.4802,1
47.967,11.5216,-0.0416,0.0004,0.0000,0.4802,1
47.983,11.5216,-0.0415,0.0012,0.0000,0.4802,1
48.000,11.5216,-0.0416,0.0020,0.0000,0.4802,1
48.017,11.5216,-0.0416,0.0006,0.0000,0.4802,1
48.033,11.5216,-0.0416,0.0020,0.0000,0.4802,1
48.050,11.5216,-0.0417,0.0046,0.0000,0.4802,1
48.067,11.5216,-0.0418,0.0030,0.0000,0.4802,1
48.083,11.5216,-0.0417,0.0023,0.0000,0.4802,1
48.100,11.5216,-0.0417,0.0028,0.0000,0.4802,1
48.117,11.5216,-0.0417,0.0006,0.0000,0.4802,1
48.133,11.5216,-0.0417,0.0004,0.0000,0.4802,1
48.150,11.5216,-0.0417,0.0006,0.0000,0.4802,1
48.167,11.5216,-0.0417,0.0012,0.0000,0.4802,1
48.183,11.5216,-0.0417,0.0024,0.0000,0.4802,1
48.200,11.5216,-0.0417,0.0002,0.0000,0.4802,1
48.217,11.5216,-0.0417,0.0011,0.0000,0.4802,1
48.233,11.5216,-0.0416,0.0010,0.0000,0.4802,1
48.250,11.5216,-0.0416,0.0013,0.0000,0.4802,1
48.267,11.5216,-0.0416,0.0017,0.0000,0.4802,1
48.283,11.5216,-0.0416,0.0004,0.0000,0.4802,1
48.300,11.5216,-0.0416,0.0011,0.0000,0.4802,1
48.317,11.5216,-0.0415,0.0013,0.0000,0.4802,1
48.333,11.5216,-0.0415,0.0005,0.0000,0.4802,1
48.350,11.5216,-0.0415,0.0012,0.0000,0.4802,1
48.367,11.5216,-0.0415,0.0025,0.0000,0.4802,1
48.383,11.5216,-0.0415,0.0005,0.0000,0.4802,1
48.400,11.5216,-0.0414,0.0013,0.0000,0.4802,1
48.417,11.5216,-0.0415,0.0032,0.0000,0.4802,1
48.433,11.5216,-0.0416,0.0071,0.0000,0.4802,1
48.450,11.5217,-0.0417,0.0033,0.0000,0.4802,1
48.467,11.5217,-0.0417,0.0006,0.0000,0.4802,1
48.483,11.5217,-0.0417,0.0005,0.0000,0.4802,1
48.500,11.5217,-0.0416,0.0016,0.0000,0.4801,1
48.517,11.5217,-0.0416,0.0029,0.0000,0.4801,1
48.533,11.5217,-0.0416,0.0018,0.0000,0.4801,1
48.550,11.5217,-0.0416,0.0013,0.0000,0.4801,1
48.567,11.5217,-0.0416,0.0017,0.0000,0.4801,1
48.583,11.5217,-0.0416,0.0002,0.0000,0.4801,1
48.600,11.5217,-0.0415,0.0014,0.0000,0.4801,1
48.617,11.5217,-0.0416,0.0015,0.0000,0.4801,1
48.633,11.5217,-0.0415,0.0023,0.0000,0.4801,1
48.650,11.5217,-0.0415,0.0008,0.0000,0.4801,1
48.667,11.5217,-0.0415,0.0013,0.0000,0.4801,1
48.683,11.5217,-0.0416,0.0044,0.0000,0.4801,1
48.700,11.5217,-0.0416,0.0010,0.0000,0.4801,1
48.717,11.5217,-0.0416,0.0025,0.0000,0.4801,1
48.733,11.5217,-0.0416,0.0003,0.0000,0.4801,1
48.750,11.5217,-0.0415,0.0007,0.0000,0.4801,1
48.767,11.5217,-0.0416,0.0013,0.0000,0.4801,1
48.783,11.5217,-0.0415,0.0021,0.0000,0.4801,1
48.800,11.5217,-0.0415,0.0018,0.0000,0.4801,1
48.817,11.5217,-0.0415,0.0006,0.0000,0.4801,1
48.833,11.5217,-0.0414,0.0026,0.0000,0.4801,1
48.850,11.5217,-0.0415,0.0006,0.0000,0.4801,1
48.867,11.5217,-0.0414,0.0017,0.0000,0.4801,1
48.883,11.5217,-0.0415,0.0026,0.0000,0.4801,1
48.900,11.5217,-0.0415,0.0002,0.0000,0.4801,1
48.917,11.5217,-0.0415,0.0013,0.0000,0.4801,1
48.933,11.5217,-0.0415,0.0033,0.0000,0.4801,1
48.950,11.5217,-0.0416,0.0030,0.0000,0.4801,1
48.967,11.5217,-0.0415,0.0046,0.0000,0.4801,1
48.983,11.5217,-0.0415,0.0007,0.0000,0.4801,1
49.000,11.5217,-0.0415,0.0009,0.0000,0.4801,1
49.017,11.5217,-0.0415,0.0002,0.0000,0.4801,1
49.033,11.5217,-0.0415,0.0012,0.0000,0.4801,1
49.050,11.5217,-0.0415,0.0016,0.0000,0.4801,1
49.067,11.5217,-0.0415,0.0007,0.0000,0.4801,1
49.083,11.5217,-0.0415,0.0013,0.0000,0.4801,1
49.100,11.5217,-0.0415,0.0017,0.0000,0.4801,1
49.117,11.5217,-0.0414,0.0016,0.0000,0.4801,1
49.133,11.5217,-0.0414,0.0015,0.0000,0.4801,1
49.150,11.5217,-0.0414,0.0014,0.0000,0.4801,1
49.167,11.5217,-0.0415,0.0033,0.0000,0.4801,1
49.183,11.5217,-0.0414,0.0027,0.0000,0.4801,1
49.200,11.5217,-0.0414,0.0009,0.0000,0.4801,1
49.217,11.5217,-0.0415,0.0016,0.0000,0.4801,1
49.233,11.5217,-0.0414,0.0018,0.0000,0.4801,1
49.250,11.5217,-0.0415,0.0012,0.0000,0.4801,1
49.267,11.5217,-0.0415,0.0014,0.0000,0.4801,1
49.283,11.5217,-0.0415,0.0019,0.0000,0.4801,1
49.300,11.5217,-0.0415,0.0003,0.0000,0.4801,1
49.317,11.5217,-0.0414,0.0020,0.0000,0.4801,1
49.333,11.5217,-0.0415,0.0023,0.0000,0.4801,1
49.350,11.5217,-0.0415,0.0036,0.0000,0.4801,1
49.367,11.5217,-0.0415,0.0031,0.0000,0.4801,1
49.383,11.5217,-0.0414,0.0019,0.0000,0.4801,1
49.400,11.5217,-0.0414,0.0029,0.0000,0.4801,1
49.417,11.5217,-0.0414,0.0001,0.0000,0.4801,1
49.433,11.5217,-0.0414,0.0019,0.0000,0.4801,1
49.450,11.5217,-0.0413,0.0018,0.0000,0.4801,1
49.467,11.5217,-0.0413,0.0002,0.0000,0.4801,1
49.483,11.5217,-0.0413,0.0019,0.0000,0.4801,1
49.500,11.5217,-0.0413,0.0001,0.0000,0.4801,1
49.517,11.5217,-0.0413,0.0010,0.0000,0.4801,1
49.533,11.5217,-0.0413,0.0017,0.0000,0.4801,1
49.550,11.5217,-0.0412,0.0029,0.0000,0.4801,1
49.567,11.5217,-0.0412,0.0004,0.0000,0.4801,1
49.583,11.5217,-0.0412,0.0009,0.0000,0.4801,1
49.600,11.5217,-0.0412,0.0008,0.0000,0.4801,1
49.617,11.5217,-0.0412,0.0008,0.0000,0.4801,1
49.633,11.5217,-0.0412,0.0016,0.0000,0.4801,1
49.650,11.5217,-0.0412,0.0011,0.0000,0.4801,1
49.667,11.5217,-0.0411,0.0005,0.0000,0.4801,1
49.683,11.5217,-0.0411,0.0011,0.0000,0.4801,1
49.700,11.5217,-0.0412,0.0018,0.0000,0.4801,1
49.717,11.5217,-0.0412,0.0003,0.0000,0.4801,1
49.733,11.5217,-0.0412,0.0015,0.0000,0.4801,1
49.750,11.5217,-0.0412,0.0005,0.0000,0.4801,1
49.767,11.5217,-0.0412,0.0009,0.0000,0.4800,1
49.783,11.5217,-0.0412,0.0009,0.0000,0.4800,1
49.800,11.5217,-0.0412,0.0031,0.0000,0.4800,1
49.817,11.5217,-0.0413,0.0037,0.0000,0.4801,1
49.833,11.5217,-0.0412,0.0037,0.0000,0.4800,1
49.850,11.5217,-0.0412,0.0008,0.0000,0.4800,1
49.867,11.5217,-0.0412,0.0012,0.0000,0.4800,1
49.883,11.5217,-0.0412,0.0007,0.0000,0.4800,1
49.900,11.5217,-0.0412,0.0004,0.0000,0.4800,1
49.917,11.5217,-0.0411,0.0023,0.0000,0.4800,1
49.933,11.5217,-0.0412,0.0034,0.0000,0.4800,1
49.950,11.5217,-0.0413,0.0035,0.0000,0.4800,1
49.967,11.5217,-0.0413,0.0014,0.0000,0.4800,1
49.983,11.5217,-0.0412,0.0038,0.0000,0.4800,1
50.000,11.5217,-0.0412,0.0011,0.0000,0.4800,1
50.017,11.5217,-0.0412,0.0013,0.0000,0.4800,1
50.033,11.5217,-0.0412,0.0020,0.0000,0.4801,1
50.050,11.5217,-0.0411,0.0036,0.0000,0.4800,1
50.067,11.5217,-0.0411,0.0019,0.0000,0.4800,1
50.083,11.5217,-0.0411,0.0028,0.0000,0.4800,1
50.100,11.5217,-0.0411,0.0021,0.0000,0.4800,1
50.117,11.5217,-0.0411,0.0019,0.0000,0.4800,1
50.133,11.5217,-0.0410,0.0015,0.0000,0.4800,1
50.150,11.5217,-0.0410,0.0011,0.0000,0.4800,1
50.167,11.5217,-0.0411,0.0019,0.0000,0.4800,1
50.183,11.5217,-0.0411,0.0022,0.0000,0.4800,1
50.200,11.5217,-0.0410,0.0058,0.0000,0.4800,1
50.217,11.5217,-0.0410,0.0015,0.0000,0.4800,1
50.233,11.5217,-0.0410,0.0018,0.0000,0.4800,1
50.250,11.5217,-0.0410,0.0031,0.0000,0.4800,1
50.267,11.5217,-0.0410,0.0009,0.0000,0.4800,1
50.283,11.5217,-0.0410,0.0013,0.0000,0.4800,1
50.300,11.5217,-0.0410,0.0014,0.0000,0.4800,1
50.317,11.5217,-0.0410,0.0002,0.0000,0.4800,1
50.333,11.5217,-0.0409,0.0022,0.0000,0.4800,1
50.350,11.5217,-0.0410,0.0017,0.0000,0.4800,1
50.367,11.5217,-0.0409,0.0025,0.0000,0.4800,1
50.383,11.5217,-0.0410,0.0022,0.0000,0.4800,1
50.400,11.5217,-0.0410,0.0022,0.0000,0.4800,1
50.417,11.5217,-0.0410,0.0007,0.0000,0.4800,1
50.433,11.5217,-0.0410,0.0028,0.0000,0.4800,1
50.450,11.5217,-0.0410,0.0006,0.0000,0.4800,1
50.467,11.5217,-0.0409,0.0024,0.0000,0.4800,1
50.483,11.5217,-0.0410,0.0008,0.0000,0.4800,1
50.500,11.5217,-0.0410,0.0017,0.0000,0.4800,1
50.517,11.5217,-0.0409,0.0032,0.0000,0.4800,1
50.533,11.5217,-0.0409,0.0003,0.0000,0.4800,1
50.550,11.5217,-0.0409,0.0024,0.0000,0.4800,1
50.567,11.5217,-0.0409,0.0001,0.0000,0.4800,1
50.583,11.5217,-0.0408,0.0024,0.0000,0.4800,1
50.600,11.5217,-0.0408,0.0004,0.0000,0.4800,1
50.617,11.5217,-0.0408,0.0043,0.0000,0.4800,1
50.633,11.5217,-0.0408,0.0014,0.0000,0.4800,1
50.650,11.5217,-0.0408,0.0015,0.0000,0.4800,1
50.667,11.5217,-0.0407,0.0033,0.0000,0.4800,1
50.683,11.5217,-0.0407,0.0004,0.0000,0.4800,1
50.700,11.5217,-0.0407,0.0029,0.0000,0.4800,1
50.717,11.5217,-0.0407,0.0042,0.0000,0.4800,1
50.733,11.5217,-0.0408,0.0034,0.0000,0.4800,1
50.750,11.5217,-0.0408,0.0009,0.0000,0.4800,1
50.767,11.5217,-0.0408,0.0020,0.0000,0.4800,1
50.783,11.5217,-0.0408,0.0010,0.0000,0.4800,1
50.800,11.5217,-0.0408,0.0017,0.0000,0.4800,1
50.817,11.5217,-0.0408,0.0017,0.0000,0.4800,1
50.833,11.5217,-0.0408,0.0015,0.0000,0.4800,1
50.850,11.5217,-0.0408,0.0032,0.0000,0.4800,1
50.867,11.5217,-0.0407,0.0015,0.0000,0.4800,1
50.883,11.5217,-0.0407,0.0021,0.0000,0.4800,1
50.900,11.5217,-0.0407,0.0027,0.0000,0.4800,1
50.917,11.5217,-0.0407,0.0009,0.0000,0.4800,1
50.933,11.5217,-0.0406,0.0024,0.0000,0.4800,1
50.950,11.5217,-0.0406,0.0007,0.0000,0.4800,1
50.967,11.5217,-0.0406,0.0007,0.0000,0.4800,1
50.983,11.5217,-0.0406,0.0009,0.0000,0.4800,1
51.000,11.5217,-0.0406,0.0003,0.0000,0.4800,1
51.017,11.5217,-0.0406,0.0031,0.0000,0.4800,1
51.033,11.5217,-0.0406,0.0015,0.0000,0.4800,1
51.050,11.5217,-0.0406,0.0018,0.0000,0.4800,1
51.067,11.5217,-0.0406,0.0027,0.0000,0.4800,1
51.083,11.5217,-0.0405,0.0023,0.0000,0.4800,1
51.100,11.5217,-0.0405,0.0012,0.0000,0.4800,1
51.117,11.5217,-0.0405,0.0031,0.0000,0.4800,1
51.133,11.5217,-0.0405,0.0003,0.0000,0.4800,1
51.150,11.5217,-0.0404,0.0022,0.0000,0.4800,1
51.167,11.5217,-0.0404,0.0007,0.0000,0.4800,1
51.183,11.5217,-0.0404,0.0042,0.0000,0.4800,1
51.200,11.5217,-0.0404,0.0011,0.0000,0.4800,1
51.217,11.5217,-0.0403,0.0033,0.0000,0.4800,1
51.233,11.5217,-0.0403,0.0006,0.0000,0.4800,1
51.250,11.5217,-0.0403,0.0008,0.0000,0.4800,1
51.267,11.5217,-0.0403,0.0007,0.0000,0.4800,1
51.283,11.5217,-0.0403,0.0018,0.0000,0.4800,1
51.300,11.5217,-0.0404,0.0033,0.0000,0.4800,1
51.317,11.5217,-0.0403,0.0039,0.0000,0.4800,1
51.333,11.5217,-0.0403,0.0002,0.0000,0.4800,1
51.350,11.5217,-0.0403,0.0021,0.0000,0.4800,1
51.367,11.5217,-0.0403,0.0001,0.0000,0.4800,1
51.383,11.5217,-0.0402,0.0032,0.0000,0.4800,1
51.400,11.5217,-0.0402,0.0004,0.0000,0.4800,1
51.417,11.5217,-0.0401,0.0042,0.0000,0.4800,1
51.433,11.5217,-0.0401,0.0003,0.0000,0.4800,1
51.450,11.5217,-0.0401,0.0033,0.0000,0.4800,1
51.467,11.5217,-0.0401,0.0001,0.0000,0.4800,1
51.483,11.5217,-0.0401,0.0019,0.0000,0.4800,1
51.500,11.5217,-0.0401,0.0043,0.0000,0.4800,1
51.517,11.5217,-0.0401,0.0003,0.0000,0.4800,1
51.533,11.5217,-0.0402,0.0020,0.0000,0.4800,1
51.550,11.5217,-0.0401,0.0024,0.0000,0.4800,1
51.567,11.5217,-0.0401,0.0003,0.0000,0.4800,1
51.583,11.5217,-0.0401,0.0018,0.0000,0.4800,1
51.600,11.5217,-0.0400,0.0032,0.0000,0.4800,1
51.617,11.5217,-0.0400,0.0002,0.0000,0.4800,1
51.633,11.5217,-0.0400,0.0024,0.0000,0.4800,1
51.650,11.5217,-0.0400,0.0010,0.0000,0.4800,1
51.667,11.5217,-0.0399,0.0040,0.0000,0.4800,1
51.683,11.5217,-0.0400,0.0019,0.0000,0.4800,1
51.700,11.5217,-0.0399,0.0037,0.0000,0.4800,1
51.717,11.5217,-0.0399,0.0014,0.0000,0.4800,1
51.733,11.5217,-0.0398,0.0012,0.0000,0.4800,1
51.750,11.5216,-0.0398,0.0015,0.0000,0.4800,1
51.767,11.5216,-0.0398,0.0014,0.0000,0.4800,1
51.783,11.5216,-0.0397,0.0035,0.0000,0.4800,1
51.800,11.5216,-0.0397,0.0015,0.0000,0.4800,1
51.817,11.5216,-0.0397,0.0005,0.0000,0.4800,1
51.833,11.5216,-0.0397,0.0004,0.0000,0.4800,1
51.850,11.5216,-0.0397,0.0011,0.0000,0.4800,1
51.867,11.5216,-0.0397,0.0018,0.0000,0.4800,1
51.883,11.5216,-0.0397,0.0009,0.0000,0.4800,1
51.900,11.5216,-0.0397,0.0017,0.0000,0.4800,1
51.917,11.5216,-0.0397,0.0019,0.0000,0.4800,1
51.933,11.5216,-0.0397,0.0005,0.0000,0.4800,1
51.950,11.5216,-0.0396,0.0038,0.0000,0.4800,1
51.967,11.5216,-0.0397,0.0007,0.0000,0.4800,1
51.983,11.5216,-0.0396,0.0027,0.0000,0.4800,1
52.000,11.5216,-0.0396,0.0022,0.0000,0.4800,1
52.017,11.5216,-0.0395,0.0029,0.0000,0.4800,1
52.033,11.5216,-0.0395,0.0007,0.0000,0.4800,1
52.050,11.5216,-0.0395,0.0029,0.0000,0.4800,1
52.067,11.5216,-0.0394,0.0017,0.0000,0.4800,1
52.083,11.5216,-0.0394,0.0022,0.0000,0.4800,1
52.100,11.5216,-0.0394,0.0015,0.0000,0.4800,1
52.117,11.5216,-0.0394,0.0007,0.0000,0.4800,1
52.133,11.5216,-0.0394,0.0006,0.0000,0.4800,1
52.150,11.5216,-0.0394,0.0001,0.0000,0.4800,1
52.167,11.5216,-0.0393,0.0038,0.0000,0.4800,1
52.183,11.5216,-0.0394,0.0037,0.0000,0.4800,1
52.200,11.5216,-0.0394,0.0011,0.0000,0.4800,1
52.217,11.5216,-0.0393,0.0032,0.0000,0.4800,1
52.233,11.5216,-0.0393,0.0025,0.0000,0.4800,1
52.250,11.5216,-0.0393,0.0002,0.0000,0.4800,1
52.267,11.5216,-0.0392,0.0028,0.0000,0.4800,1
52.283,11.5216,-0.0392,0.0012,0.0000,0.4800,1
52.300,11.5216,-0.0392,0.0003,0.0000,0.4800,1
52.317,11.5216,-0.0392,0.0034,0.0000,0.4800,1
52.333,11.5216,-0.0391,0.0013,0.0000,0.4800,1
52.350,11.5216,-0.0391,0.0024,0.0000,0.4800,1
52.367,11.5216,-0.0391,0.0004,0.0000,0.4800,1
52.383,11.5216,-0.0390,0.0036,0.0000,0.4800,1
52.400,11.5216,-0.0390,0.0008,0.0000,0.4800,1
52.417,11.5216,-0.0390,0.0002,0.0000,0.4800,1
52.433,11.5216,-0.0390,0.0020,0.0000,0.4800,1
52.450,11.5215,-0.0390,0.0013,0.0000,0.4800,1
52.467,11.5215,-0.0389,0.0021,0.0000,0.4800,1
52.483,11.5215,-0.0390,0.0011,0.0000,0.4800,1
52.500,11.5215,-0.0389,0.0041,0.0000,0.4800,1
52.517,11.5215,-0.0389,0.0008,0.0000,0.4800,1
52.533,11.5215,-0.0388,0.0044,0.0000,0.4800,1
52.550,11.5215,-0.0388,0.0002,0.0000,0.4800,1
52.567,11.5215,-0.0388,0.0007,0.0000,0.4800,1
52.583,11.5215,-0.0387,0.0028,0.0000,0.4800,1
52.600,11.5215,-0.0387,0.0003,0.0000,0.4800,1
52.617,11.5215,-0.0387,0.0004,0.0000,0.4800,1
52.633,11.5215,-0.0387,0.0032,0.0000,0.4801,1
52.650,11.5215,-0.0387,0.0016,0.0000,0.4801,1
52.667,11.5215,-0.0387,0.0004,0.0000,0.4801,1
52.683,11.5215,-0.0386,0.0039,0.0000,0.4801,1
52.700,11.5215,-0.0386,0.0029,0.0000,0.4801,1
52.717,11.5215,-0.0387,0.0025,0.0000,0.4801,1
52.733,11.5215,-0.0387,0.0003,0.0000,0.4801,1
52.750,11.5215,-0.0386,0.0020,0.0000,0.4801,1
52.767,11.5215,-0.0386,0.0008,0.0000,0.4801,1
52.783,11.5215,-0.0386,0.0039,0.0000,0.4801,1
52.800,11.5215,-0.0386,0.0025,0.0000,0.4801,1
52.817,11.5215,-0.0386,0.0030,0.0000,0.4801,1
52.833,11.5215,-0.0386,0.0002,0.0000,0.4801,1
52.850,11.5215,-0.0385,0.0033,0.0000,0.4801,1
52.867,11.5215,-0.0385,0.0011,0.0000,0.4801,1
52.883,11.5215,-0.0385,0.0007,0.0000,0.4801,1
52.900,11.5215,-0.0384,0.0027,0.0000,0.4801,1
52.917,11.5215,-0.0384,0.0014,0.0000,0.4801,1
52.933,11.5215,-0.0384,0.0014,0.0000,0.4801,1
52.950,11.5215,-0.0384,0.0020,0.0000,0.4801,1
52.967,11.5215,-0.0383,0.0017,0.0000,0.4801,1
52.983,11.5215,-0.0383,0.0020,0.0000,0.4801,1
53.000,11.5215,-0.0383,0.0013,0.0000,0.4801,1
