t,x,y,yaw,odom_vx,odom_wz,cmd_vx,cmd_wz,scan_ahead,us_left,us_right
14.133,0.003,-0.0,0.0,0.0001,-0.0,0.0,0.0,2.6623,1.5,1.5
14.133,0.003,-0.0,0.0,0.0001,-0.0,0.0375,0.0046,2.6623,1.5,1.5
14.167,0.0031,-0.0,0.0,0.0001,-0.0001,0.058,-0.0084,2.6623,1.5,1.5
14.167,0.0031,-0.0,0.0,0.0001,-0.0001,0.0737,-0.0009,2.6623,1.5,1.5
14.183,0.0031,-0.0,0.0,0.0001,-0.0002,0.0753,0.0065,2.6623,1.5,1.5
14.2,0.0034,-0.0,0.0,0.0298,-0.0018,0.0831,0.0042,2.6623,1.5,1.5
14.2,0.0034,-0.0,0.0,0.0298,-0.0018,0.0958,-0.0012,2.6623,1.5,1.5
14.2,0.0034,-0.0,0.0,0.0298,-0.0018,0.106,-0.0004,2.6623,1.5,1.5
14.233,0.0039,-0.0,0.0,0.036,0.0004,0.1056,-0.0064,2.6081,1.5,1.5
14.233,0.0039,-0.0,0.0,0.036,0.0004,0.1139,-0.0062,2.6081,1.5,1.5
14.25,0.006,-0.0,0.0,0.0735,-0.0008,0.1286,-0.0052,2.6081,1.5,1.5
14.25,0.006,-0.0,0.0,0.0735,-0.0008,0.1365,-0.0041,2.6081,1.5,1.5
14.25,0.006,-0.0,0.0,0.0735,-0.0008,0.1377,0.0004,2.6081,1.5,1.5
14.283,0.0073,-0.0,0.0,0.0811,-0.0008,0.1437,0.0011,2.6081,1.5,1.5
14.3,0.0106,-0.0,0.0,0.1046,0.0014,0.1452,0.0017,2.6081,1.5,1.5
14.3,0.0106,-0.0,0.0,0.1046,0.0014,0.1608,-0.0001,2.6081,1.5,1.5
14.3,0.0106,-0.0,0.0,0.1046,0.0014,0.1661,0.0005,2.6081,1.5,1.5
14.333,0.0125,-0.0,0.0,0.1236,-0.0009,0.1722,0.0,2.6203,1.5,1.5
14.333,0.0125,-0.0,0.0,0.1236,-0.0009,0.1776,-0.0018,2.6203,1.5,1.5
14.35,0.017,0.0,0.0,0.137,-0.0014,0.1882,-0.0029,2.6203,1.5,1.5
14.367,0.0193,-0.0,0.0,0.1434,-0.0001,0.1926,-0.0006,2.6203,1.5,1.5
14.367,0.0193,-0.0,0.0,0.1434,-0.0001,0.1979,-0.0038,2.6203,1.5,1.5
14.367,0.0193,-0.0,0.0,0.1434,-0.0001,0.2016,-0.0035,2.6203,1.5,1.5
14.4,0.0219,-0.0,0.0,0.1572,-0.0007,0.2038,-0.0047,2.6203,1.5,1.5
14.4,0.0219,-0.0,0.0,0.1572,-0.0007,0.2108,-0.0044,2.6203,1.5,1.5
14.417,0.0275,0.0,0.0,0.1759,0.0,0.224,-0.0048,2.6203,1.5,1.5
14.417,0.0275,0.0,0.0,0.1759,0.0,0.2246,-0.0038,2.6171,1.5,1.5
14.417,0.0275,0.0,0.0,0.1759,0.0,0.2291,-0.0041,2.6171,1.5,1.5
14.45,0.0305,0.0,0.0,0.1855,-0.0002,0.2325,-0.004,2.6171,1.5,1.5
14.467,0.037,0.0,0.0,0.2004,-0.0,0.2347,0.0017,2.6171,1.5,1.5
14.467,0.037,0.0,0.0,0.2004,-0.0,0.2422,0.0033,2.6171,1.5,1.5
14.467,0.037,0.0,0.0,0.2004,-0.0,0.2468,-0.0003,2.6171,1.5,1.5
14.5,0.0405,0.0,0.0,0.2086,0.0001,0.2505,0.0021,2.6171,1.5,1.5
14.5,0.0405,0.0,0.0,0.2086,0.0001,0.2573,0.0029,2.6171,1.5,1.5
14.517,0.0478,0.0,0.0,0.2238,-0.0001,0.2584,-0.0006,2.6171,1.5,1.5
14.517,0.0478,0.0,0.0,0.2238,-0.0001,0.267,-0.001,2.6464,1.5,1.5
14.533,0.0516,0.0,0.0,0.2308,-0.0002,0.2744,0.0007,2.6464,1.5,1.5
14.533,0.0516,0.0,0.0,0.2308,-0.0002,0.2812,0.0013,2.6464,1.5,1.5
14.533,0.0516,0.0,0.0,0.2308,-0.0002,0.2812,-0.0051,2.6464,1.5,1.5
14.567,0.0555,0.0,0.0,0.2339,-0.0015,0.2851,-0.0009,2.6464,1.5,1.5
14.583,0.0636,0.0,0.0,0.2492,-0.0014,0.2868,-0.002,2.6464,1.5,1.5
14.583,0.0636,0.0,0.0,0.2492,-0.0014,0.2956,-0.0029,2.6464,1.5,1.5
14.583,0.0636,0.0,0.0,0.2492,-0.0014,0.2986,0.0001,2.6464,1.5,1.5
14.617,0.0678,0.0,0.0,0.2557,-0.0008,0.2993,-0.0028,2.6464,1.5,1.5
14.633,0.0767,0.0,0.0,0.2725,-0.0011,0.3027,-0.0013,2.6133,1.5,1.5
14.633,0.0767,0.0,0.0,0.2725,-0.0011,0.3091,-0.0024,2.6133,1.5,1.5
14.633,0.0767,0.0,0.0,0.2725,-0.0011,0.313,-0.0044,2.6133,1.5,1.5
14.667,0.0813,0.0,0.0,0.2795,0.001,0.3151,-0.001,2.6133,1.5,1.5
14.667,0.0813,0.0,0.0,0.2795,0.001,0.319,-0.0016,2.6133,1.5,1.5
14.683,0.0907,0.0,0.0,0.2864,0.0002,0.3199,-0.0035,2.6133,1.5,1.5
14.7,0.0956,0.0,0.0,0.2963,-0.0011,0.3239,-0.0053,2.6133,1.5,1.5
14.7,0.0956,0.0,0.0,0.2963,-0.0011,0.3315,-0.0027,2.6133,1.5,1.5
14.7,0.0956,0.0,0.0,0.2963,-0.0011,0.3351,-0.0034,2.6133,1.5,1.5
14.733,0.1006,0.0,0.0,0.2988,0.0002,0.3336,-0.0058,2.6139,1.5,1.5
14.733,0.1006,0.0,0.0,0.2988,0.0002,0.3343,-0.0034,2.6139,1.5,1.5
14.75,0.1108,0.0,0.0,0.312,0.0,0.3345,-0.0052,2.6139,1.5,1.5
14.75,0.1108,0.0,0.0,0.312,0.0,0.3408,-0.0031,2.6139,1.5,1.5
14.75,0.1108,0.0,0.0,0.312,0.0,0.3434,-0.0001,2.6139,1.5,1.5
14.783,0.1161,0.0,0.0,0.3147,-0.0012,0.3507,-0.0027,2.6139,1.5,1.5
14.8,0.1267,0.0,0.0,0.3232,-0.0,0.3547,-0.0015,2.6139,1.5,1.5
14.8,0.1267,0.0,0.0,0.3232,-0.0,0.3593,-0.0052,2.6139,1.5,1.5
14.8,0.1267,0.0,0.0,0.3232,-0.0,0.3633,-0.0049,2.6139,1.5,1.5
14.833,0.1322,0.0,0.0,0.3328,-0.0008,0.367,-0.0044,2.5917,1.5,1.5
14.833,0.1322,0.0,0.0,0.3328,-0.0008,0.3689,-0.005,2.5917,1.5,1.5
14.85,0.1433,0.0,0.0,0.3345,-0.001,0.3705,-0.0023,2.5917,1.5,1.5
14.85,0.1433,0.0,0.0,0.3345,-0.001,0.3708,0.0018,2.5917,1.5,1.5
14.867,0.149,0.0,0.0,0.3398,-0.0004,0.3687,0.0022,2.5917,1.5,1.5
14.867,0.149,0.0,0.0,0.3398,-0.0004,0.3708,-0.0035,2.5917,1.5,1.5
14.867,0.149,0.0,0.0,0.3398,-0.0004,0.3704,-0.0002,2.5917,1.5,1.5
14.9,0.1547,0.0,0.0,0.3429,-0.0014,0.3726,-0.0041,2.5917,1.5,1.5
14.917,0.1664,0.0,0.0,0.3582,0.0003,0.3755,-0.0038,2.5917,1.5,1.5
14.917,0.1664,0.0,0.0,0.3582,0.0003,0.3799,-0.0018,2.5986,1.5,1.5
14.917,0.1664,0.0,0.0,0.3582,0.0003,0.3841,-0.0017,2.5986,1.5,1.5
14.95,0.1724,0.0,0.0,0.3626,-0.0002,0.3851,-0.0014,2.5986,1.5,1.5
14.95,0.1724,0.0,0.0,0.3626,-0.0002,0.3881,-0.0011,2.5986,1.5,1.5
14.967,0.1847,0.0001,0.0,0.3704,-0.0011,0.3934,-0.0037,2.5986,1.5,1.5
14.967,0.1847,0.0001,0.0,0.3704,-0.0011,0.3976,-0.0051,2.5986,1.5,1.5
14.967,0.1847,0.0001,0.0,0.3704,-0.0011,0.4034,-0.0015,2.5986,1.5,1.5
15.0,0.1909,0.0001,0.0,0.3694,-0.0014,0.4013,-0.0001,2.5986,1.5,1.5
15.017,0.2032,0.0001,0.0,0.3708,-0.0021,0.4046,-0.0006,2.5986,1.5,1.5
15.017,0.2032,0.0001,0.0,0.3708,-0.0021,0.4046,-0.0006,2.6154,1.5,1.5
15.033,0.2094,0.0001,0.0,0.3749,-0.0004,0.4024,-0.001,2.6154,1.5,1.5
15.033,0.2094,0.0001,0.0,0.3749,-0.0004,0.4029,-0.0008,2.6154,1.5,1.5
15.033,0.2094,0.0001,0.0,0.3749,-0.0004,0.4034,0.0006,2.6154,1.5,1.5
15.067,0.2157,0.0001,0.0,0.3792,-0.001,0.4091,-0.0015,2.6154,1.5,1.5
15.083,0.2285,0.0001,0.0,0.3875,-0.0011,0.4106,0.0003,2.6154,1.5,1.5
15.083,0.2285,0.0001,0.0,0.3875,-0.0011,0.4125,0.0011,2.6154,1.5,1.5
15.083,0.2285,0.0001,0.0,0.3875,-0.0011,0.4144,-0.0029,2.6154,1.5,1.5
15.117,0.2351,0.0001,0.0,0.3924,-0.0006,0.4159,0.0012,2.6154,1.5,1.5
15.117,0.2351,0.0001,0.0,0.3924,-0.0006,0.4152,0.0005,2.6154,1.5,1.5
15.133,0.2484,0.0001,0.0,0.4016,-0.0009,0.4162,0.0039,2.6455,1.5,1.5
15.133,0.2484,0.0001,0.0,0.4016,-0.0009,0.42,-0.002,2.6455,1.5,1.5
15.133,0.2484,0.0001,0.0,0.4016,-0.0009,0.4246,-0.0031,2.6455,1.5,1.5
15.167,0.2551,0.0001,0.0,0.4015,-0.0001,0.426,-0.0005,2.6455,1.5,1.5
15.183,0.2685,0.0001,0.0,0.4029,-0.0012,0.4283,-0.0017,2.6455,1.5,1.5
15.183,0.2685,0.0001,0.0,0.4029,-0.0012,0.4284,-0.0032,2.6455,1.5,1.5
15.2,0.2753,0.0001,0.0,0.4079,-0.0021,0.431,-0.0008,2.6455,1.5,1.5
15.2,0.2753,0.0001,0.0,0.4079,-0.0021,0.4291,-0.0021,2.6455,1.5,1.5
15.2,0.2753,0.0001,0.0,0.4079,-0.0021,0.4334,-0.0024,2.606,1.5,1.5
15.233,0.2821,0.0001,0.0,0.4102,-0.0018,0.4317,-0.0009,2.606,1.5,1.5
15.25,0.2959,0.0001,0.0,0.4154,-0.0034,0.4351,0.0024,2.606,1.5,1.5
15.25,0.2959,0.0001,0.0,0.4154,-0.0034,0.4348,-0.0016,2.606,1.5,1.5
15.25,0.2959,0.0001,0.0,0.4154,-0.0034,0.4368,-0.0034,2.606,1.5,1.5
15.283,0.3028,0.0001,0.0,0.4152,-0.0023,0.4394,-0.004,2.606,1.5,1.5
15.283,0.3028,0.0001,0.0,0.4152,-0.0023,0.4415,-0.0017,2.606,1.5,1.5
15.3,0.3168,0.0001,0.0,0.4232,-0.002,0.4449,-0.0024,2.606,1.5,1.5
15.3,0.3168,0.0001,0.0,0.4232,-0.002,0.4446,-0.0017,2.606,1.5,1.5
15.3,0.3168,0.0001,0.0,0.4232,-0.002,0.4434,-0.0016,2.6521,1.5,1.5
15.333,0.3239,0.0001,0.0,0.4271,-0.0028,0.4468,-0.0006,2.6521,1.5,1.5
15.35,0.3381,0.0001,-0.0007,0.4301,-0.0028,0.4473,-0.0061,2.6521,1.5,1.5
15.35,0.3381,0.0001,-0.0007,0.4301,-0.0028,0.4474,-0.0056,2.6521,1.5,1.5
15.367,0.3453,0.0001,0.0,0.4324,-0.0024,0.4507,-0.003,2.6521,1.5,1.5
15.367,0.3453,0.0001,0.0,0.4324,-0.0024,0.4523,0.0016,2.6521,1.5,1.5
15.367,0.3453,0.0001,0.0,0.4324,-0.0024,0.451,-0.005,2.6521,1.5,1.5
15.4,0.3525,0.0001,0.0,0.4316,-0.003,0.454,-0.008,2.6521,1.5,1.5
15.417,0.367,0.0001,-0.0007,0.4359,-0.0029,0.4561,-0.0069,2.6521,1.5,1.5
15.417,0.367,0.0001,-0.0007,0.4359,-0.0029,0.4561,-0.0069,2.5813,1.5,1.5
15.417,0.367,0.0001,-0.0007,0.4359,-0.0029,0.456,-0.0051,2.5813,1.5,1.5
15.45,0.3743,0.0001,0.0,0.4384,-0.003,0.4574,-0.0027,2.5813,1.5,1.5
15.45,0.3743,0.0001,0.0,0.4384,-0.003,0.4599,0.0011,2.5813,1.5,1.5
15.467,0.3891,0.0001,-0.0007,0.444,-0.0029,0.4614,-0.0033,2.5813,1.5,1.5
15.467,0.3891,0.0001,-0.0007,0.444,-0.0029,0.4626,-0.0046,2.5813,1.5,1.5
15.467,0.3891,0.0001,-0.0007,0.444,-0.0029,0.4653,-0.0043,2.5813,1.5,1.5
15.5,0.3965,0.0001,-0.0007,0.446,-0.0033,0.4685,-0.0084,2.5813,1.5,1.5
15.517,0.4114,0.0001,-0.0007,0.4471,-0.0028,0.4646,-0.0053,2.5813,1.5,1.5
15.517,0.4114,0.0001,-0.0007,0.4471,-0.0028,0.4632,0.0002,2.5813,1.5,1.5
15.533,0.4189,0.0001,-0.0007,0.45,-0.0032,0.4613,0.0001,2.6166,1.5,1.5
15.533,0.4189,0.0001,-0.0007,0.45,-0.0032,0.4653,-0.0017,2.6166,1.5,1.5
15.533,0.4189,0.0001,-0.0007,0.45,-0.0032,0.4651,-0.0021,2.6166,1.5,1.5
15.567,0.4264,0.0001,-0.0007,0.453,-0.0021,0.4674,-0.0052,2.6166,1.5,1.5
15.583,0.4416,0.0001,-0.0012,0.4559,-0.0033,0.4704,-0.0041,2.6166,1.5,1.5
15.583,0.4416,0.0001,-0.0012,0.4559,-0.0033,0.4723,-0.0051,2.6166,1.5,1.5
15.583,0.4416,0.0001,-0.0012,0.4559,-0.0033,0.4748,-0.0054,2.6166,1.5,1.5
15.617,0.4492,0.0001,-0.001,0.4571,-0.0039,0.474,-0.0039,2.6166,1.5,1.5
15.617,0.4492,0.0001,-0.001,0.4571,-0.0039,0.4741,-0.0073,2.6166,1.5,1.5
15.633,0.4646,0.0001,-0.0012,0.4646,-0.0035,0.4803,-0.0048,2.6396,1.5,1.5
15.633,0.4646,0.0001,-0.0012,0.4646,-0.0035,0.4813,-0.0044,2.6396,1.5,1.5
15.633,0.4646,0.0001,-0.0012,0.4646,-0.0035,0.4831,-0.0075,2.6396,1.5,1.5
15.667,0.4723,0.0001,-0.001,0.4647,-0.0025,0.4833,-0.011,2.6396,1.5,1.5
15.667,0.4723,0.0001,-0.001,0.4647,-0.0025,0.4853,-0.0048,2.6396,1.5,1.5
15.683,0.4878,0.0001,-0.0014,0.462,-0.0028,0.4824,-0.0053,2.6396,1.5,1.5
15.7,0.4955,0.0001,-0.0014,0.4647,-0.0029,0.4822,-0.0017,2.6396,1.5,1.5
15.7,0.4955,0.0001,-0.0014,0.4647,-0.0029,0.4826,-0.0029,2.6396,1.5,1.5
15.7,0.4955,0.0001,-0.0014,0.4647,-0.0029,0.4826,-0.0039,2.6396,1.5,1.5
15.733,0.5033,0.0001,-0.0014,0.4672,-0.0018,0.4792,-0.0035,2.6557,1.5,1.5
15.733,0.5033,0.0001,-0.0014,0.4672,-0.0018,0.4804,-0.0028,2.6557,1.5,1.5
15.75,0.519,0.0001,-0.0012,0.4745,-0.0027,0.4832,-0.0008,2.6557,1.5,1.5
15.75,0.519,0.0001,-0.0012,0.4745,-0.0027,0.4886,-0.0008,2.6557,1.5,1.5
15.75,0.519,0.0001,-0.0012,0.4745,-0.0027,0.4903,-0.0052,2.6557,1.5,1.5
15.783,0.5269,0.0001,-0.0015,0.4745,-0.0029,0.4903,-0.002,2.6557,1.5,1.5
15.8,0.5429,0.0001,-0.0014,0.483,-0.0019,0.4897,-0.001,2.6557,1.5,1.5
15.8,0.5429,0.0001,-0.0014,0.483,-0.0019,0.4927,0.0018,2.6557,1.5,1.5
15.8,0.5429,0.0001,-0.0014,0.483,-0.0019,0.4938,-0.0014,2.6557,1.5,1.5
15.833,0.551,0.0001,-0.0015,0.4853,-0.0028,0.4959,0.0016,2.5908,1.5,1.5
15.833,0.551,0.0001,-0.0015,0.4853,-0.0028,0.4975,-0.0032,2.5908,1.5,1.5
15.85,0.5672,0.0,-0.0015,0.483,-0.0028,0.4975,-0.0036,2.5908,1.5,1.5
15.867,0.5752,0.0,-0.0017,0.4833,-0.0019,0.4968,-0.0026,2.5908,1.5,1.5
15.867,0.5752,0.0,-0.0017,0.4833,-0.0019,0.4985,-0.0053,2.5908,1.5,1.5
15.867,0.5752,0.0,-0.0017,0.4833,-0.0019,0.4981,-0.0055,2.5908,1.5,1.5
15.9,0.5832,0.0,-0.0017,0.4806,-0.0021,0.499,-0.001,2.5908,1.5,1.5
15.9,0.5832,0.0,-0.0017,0.4806,-0.0021,0.4961,-0.0009,2.5908,1.5,1.5
15.917,0.5994,0.0,-0.0017,0.488,-0.0024,0.4932,0.002,2.5908,1.5,1.5
15.917,0.5994,0.0,-0.0017,0.488,-0.0024,0.4974,0.0048,2.6168,1.5,1.5
15.917,0.5994,0.0,-0.0017,0.488,-0.0024,0.4985,0.0038,2.6168,1.5,1.5
15.95,0.6075,-0.0,-0.0018,0.4904,-0.0013,0.4992,0.0012,2.6168,1.5,1.5
15.967,0.624,-0.0,-0.002,0.494,-0.0016,0.4993,-0.0,2.6168,1.5,1.5
15.967,0.624,-0.0,-0.002,0.494,-0.0016,0.4995,0.0033,2.6168,1.5,1.5
15.967,0.624,-0.0,-0.002,0.494,-0.0016,0.4999,0.0014,2.6168,1.5,1.5
16.0,0.6322,-0.0,-0.002,0.4972,-0.002,0.4996,-0.0002,2.6168,1.5,1.5
16.0,0.6322,-0.0,-0.002,0.4972,-0.002,0.4997,-0.0013,2.6168,1.5,1.5
16.017,0.6488,-0.0001,-0.0021,0.4973,-0.0022,0.4999,-0.004,2.6168,1.5,1.5
16.033,0.6571,-0.0001,-0.0021,0.4982,-0.0017,0.5,-0.0023,2.6882,1.5,1.5
16.033,0.6571,-0.0001,-0.0021,0.4982,-0.0017,0.4998,-0.0017,2.6882,1.5,1.5
16.033,0.6571,-0.0001,-0.0021,0.4982,-0.0017,0.5,-0.0025,2.6882,1.5,1.5
16.067,0.6654,-0.0001,-0.0022,0.499,-0.0033,0.5,-0.0021,2.6882,1.5,1.5
16.067,0.6654,-0.0001,-0.0022,0.499,-0.0033,0.4995,-0.0007,2.6882,1.5,1.5
16.083,0.682,-0.0001,-0.0023,0.4969,-0.004,0.4999,-0.0014,2.6882,1.5,1.5
16.083,0.682,-0.0001,-0.0023,0.4969,-0.004,0.5,0.0013,2.6882,1.5,1.5
16.083,0.682,-0.0001,-0.0023,0.4969,-0.004,0.4997,0.0011,2.6882,1.5,1.5
16.117,0.6902,-0.0001,-0.0022,0.4981,-0.0033,0.4999,-0.0029,2.6882,1.5,1.5
16.117,0.6902,-0.0001,-0.0022,0.4981,-0.0033,0.5,-0.0008,2.6366,1.5,1.5
16.133,0.7069,-0.0001,-0.0023,0.4997,-0.0028,0.5,-0.0043,2.6366,1.5,1.5
16.133,0.7069,-0.0001,-0.0023,0.4997,-0.0028,0.5,0.0002,2.6366,1.5,1.5
16.133,0.7069,-0.0001,-0.0023,0.4997,-0.0028,0.5,-0.0011,2.6366,1.5,1.5
16.167,0.7152,-0.0001,-0.0025,0.4996,-0.0025,0.5,-0.0019,2.6366,1.5,1.5
16.183,0.7319,-0.0002,-0.0025,0.4996,-0.0034,0.5,0.0001,2.6366,1.5,1.5
16.183,0.7319,-0.0002,-0.0025,0.4996,-0.0034,0.5,-0.0053,2.6366,1.5,1.5
16.2,0.7402,-0.0002,-0.0026,0.4997,-0.0041,0.4998,-0.0034,2.6366,1.5,1.5
16.2,0.7402,-0.0002,-0.0026,0.4997,-0.0041,0.5,-0.0042,2.6366,1.5,1.5
16.2,0.7402,-0.0002,-0.0026,0.4997,-0.0041,0.5,-0.0042,2.6471,1.5,1.5
16.233,0.7485,-0.0002,-0.0026,0.4993,-0.0042,0.5,-0.0014,2.6471,1.5,1.5
16.25,0.7652,-0.0002,-0.0027,0.4993,-0.0041,0.5,-0.0019,2.6471,1.5,1.5
16.25,0.7652,-0.0002,-0.0027,0.4993,-0.0041,0.5,-0.0032,2.6471,1.5,1.5
16.25,0.7652,-0.0002,-0.0027,0.4993,-0.0041,0.5,-0.0007,2.6471,1.5,1.5
16.283,0.7735,-0.0002,-0.0028,0.4994,-0.0035,0.5,0.0019,2.6471,1.5,1.5
16.283,0.7735,-0.0002,-0.0028,0.4994,-0.0035,0.5,0.0014,2.6471,1.5,1.5
16.3,0.7901,-0.0002,-0.0028,0.4995,-0.0045,0.5,0.0036,2.6471,1.5,1.5
16.3,0.7901,-0.0002,-0.0028,0.4995,-0.0045,0.5,0.0001,2.6471,1.5,1.5
16.3,0.7901,-0.0002,-0.0028,0.4995,-0.0045,0.5,-0.0007,2.6471,1.5,1.5
16.333,0.7985,-0.0003,-0.003,0.4996,-0.0032,0.5,-0.0028,2.6141,1.5,1.5
16.35,0.8151,-0.0003,-0.0031,0.4996,-0.0029,0.5,-0.0034,2.6141,1.5,1.5
16.35,0.8151,-0.0003,-0.0031,0.4996,-0.0029,0.5,-0.0021,2.6141,1.5,1.5
16.367,0.8235,-0.0003,-0.0031,0.4997,-0.0051,0.5,0.004,2.6141,1.5,1.5
16.367,0.8235,-0.0003,-0.0031,0.4997,-0.0051,0.5,0.0004,2.6141,1.5,1.5
16.367,0.8235,-0.0003,-0.0031,0.4997,-0.0051,0.5,-0.0012,2.6141,1.5,1.5
16.4,0.8318,-0.0003,-0.003,0.4998,-0.0034,0.5,-0.0021,2.6141,1.5,1.5
16.417,0.8485,-0.0004,-0.0032,0.4999,-0.0042,0.4995,-0.0017,2.6141,1.5,1.5
16.417,0.8485,-0.0004,-0.0032,0.4999,-0.0042,0.4999,0.0028,2.6201,1.5,1.5
16.417,0.8485,-0.0004,-0.0032,0.4999,-0.0042,0.5,0.001,2.6201,1.5,1.5
16.45,0.8568,-0.0004,-0.0032,0.5,-0.0041,0.5,0.0023,2.6201,1.5,1.5
16.45,0.8568,-0.0004,-0.0032,0.5,-0.0041,0.5,-0.0031,2.6201,1.5,1.5
16.467,0.8735,-0.0004,-0.0032,0.5001,-0.0027,0.5,-0.0044,2.6201,1.5,1.5
16.467,0.8735,-0.0004,-0.0032,0.5001,-0.0027,0.5,-0.0017,2.6201,1.5,1.5
16.467,0.8735,-0.0004,-0.0032,0.5001,-0.0027,0.5,-0.0041,2.6201,1.5,1.5
16.5,0.8818,-0.0005,-0.0032,0.5002,-0.002,0.5,-0.0018,2.6201,1.5,1.5
16.517,0.8985,-0.0005,-0.0033,0.5003,-0.0035,0.5,-0.0012,2.6201,1.5,1.5
16.517,0.8985,-0.0005,-0.0033,0.5003,-0.0035,0.5,0.0019,2.6201,1.5,1.5
16.533,0.9068,-0.0005,-0.0032,0.5004,-0.0011,0.5,-0.002,2.6299,1.5,1.5
16.533,0.9068,-0.0005,-0.0032,0.5004,-0.0011,0.5,-0.0047,2.6299,1.5,1.5
16.533,0.9068,-0.0005,-0.0032,0.5004,-0.0011,0.5,-0.0039,2.6299,1.5,1.5
16.567,0.9152,-0.0006,-0.0032,0.5004,-0.0016,0.5,-0.0029,2.6299,1.5,1.5
16.583,0.9319,-0.0006,-0.0032,0.5005,-0.0011,0.5,-0.0025,2.6299,1.5,1.5
16.583,0.9319,-0.0006,-0.0032,0.5005,-0.0011,0.5,0.0005,2.6299,1.5,1.5
16.583,0.9319,-0.0006,-0.0032,0.5005,-0.0011,0.5,-0.0004,2.6299,1.5,1.5
16.617,0.9402,-0.0006,-0.0032,0.5005,-0.0016,0.5,0.0018,2.6299,1.5,1.5
16.617,0.9402,-0.0006,-0.0032,0.5005,-0.0016,0.5,0.001,2.6441,1.5,1.5
16.633,0.9569,-0.0007,-0.0033,0.5007,0.0002,0.5,0.0009,2.6441,1.5,1.5
16.633,0.9569,-0.0007,-0.0033,0.5007,0.0002,0.5,0.0029,2.6441,1.5,1.5
16.633,0.9569,-0.0007,-0.0033,0.5007,0.0002,0.5,0.0019,2.6441,1.5,1.5
16.667,0.9653,-0.0007,-0.0034,0.5007,-0.0007,0.5,0.0002,2.6441,1.5,1.5
16.683,0.982,-0.0008,-0.0033,0.5008,0.001,0.5,-0.0008,2.6441,1.5,1.5
16.683,0.982,-0.0008,-0.0033,0.5008,0.001,0.5,0.0005,2.6441,1.5,1.5
16.7,0.9903,-0.0008,-0.0032,0.5008,-0.0004,0.5,-0.0003,2.6441,1.5,1.5
16.7,0.9903,-0.0008,-0.0032,0.5008,-0.0004,0.5,0.0045,2.6441,1.5,1.5
16.7,0.9903,-0.0008,-0.0032,0.5008,-0.0004,0.5,0.0031,2.6441,1.5,1.5
16.733,0.9987,-0.0009,-0.0033,0.5008,-0.0002,0.5,0.0046,2.6604,1.5,1.5
16.733,0.9987,-0.0009,-0.0033,0.5008,-0.0002,0.5,0.0017,2.6604,1.5,1.5
16.75,1.0153,-0.0009,-0.0034,0.5007,0.0,0.5,0.0047,2.6604,1.5,1.5
16.75,1.0153,-0.0009,-0.0034,0.5007,0.0,0.5,0.0037,2.6604,1.5,1.5
16.75,1.0153,-0.0009,-0.0034,0.5007,0.0,0.5,0.0018,2.6604,1.5,1.5
16.75,1.0153,-0.0009,-0.0034,0.5007,0.0,0.5,-0.0005,2.6604,1.5,1.5
16.783,1.0237,-0.0009,-0.0034,0.5007,-0.0002,0.5,-0.0025,2.6604,1.5,1.5
16.8,1.0404,-0.001,-0.0033,0.5006,0.0003,0.5,-0.0047,2.6604,1.5,1.5
16.8,1.0404,-0.001,-0.0033,0.5006,0.0003,0.5,-0.0004,2.6604,1.5,1.5
16.8,1.0404,-0.001,-0.0033,0.5006,0.0003,0.5,0.0003,2.6604,1.5,1.5
16.833,1.0487,-0.001,-0.0032,0.5005,0.0004,0.5,-0.0003,2.6426,1.5,1.5
16.833,1.0487,-0.001,-0.0032,0.5005,0.0004,0.4999,0.0022,2.6426,1.5,1.5
16.85,1.0654,-0.0011,-0.0033,0.5004,-0.0009,0.5,0.0031,2.6426,1.5,1.5
16.867,1.0737,-0.0011,-0.0033,0.5003,-0.0002,0.5,0.0004,2.6426,1.5,1.5
16.867,1.0737,-0.0011,-0.0033,0.5003,-0.0002,0.5,0.0003,2.6426,1.5,1.5
16.867,1.0737,-0.0011,-0.0033,0.5003,-0.0002,0.5,-0.0016,2.6426,1.5,1.5
16.9,1.0821,-0.0011,-0.0034,0.5002,0.0003,0.5,-0.0053,2.6426,1.5,1.5
16.9,1.0821,-0.0011,-0.0034,0.5002,0.0003,0.5,-0.0034,2.6426,1.5,1.5
16.917,1.0987,-0.0012,-0.0033,0.5001,0.0002,0.4996,0.0012,2.6426,1.5,1.5
16.917,1.0987,-0.0012,-0.0033,0.5001,0.0002,0.4999,0.0019,2.6251,1.5,1.5
16.917,1.0987,-0.0012,-0.0033,0.5001,0.0002,0.5,-0.0002,2.6251,1.5,1.5
16.95,1.1071,-0.0012,-0.0033,0.5,0.0003,0.5,0.0008,2.6251,1.5,1.5
16.95,1.1071,-0.0012,-0.0033,0.5,0.0003,0.5,-0.0028,2.6251,1.5,1.5
16.967,1.1237,-0.0013,-0.0033,0.4999,-0.0005,0.4998,0.001,2.6251,1.5,1.5
16.967,1.1237,-0.0013,-0.0033,0.4999,-0.0005,0.5,-0.0008,2.6251,1.5,1.5
17.0,1.1321,-0.0013,-0.0035,0.4997,-0.0017,0.5,0.0004,2.6251,1.5,1.5
17.0,1.1321,-0.0013,-0.0035,0.4997,-0.0017,0.5,0.0,2.6251,1.5,1.5
17.017,1.1487,-0.0014,-0.0035,0.4997,-0.0007,0.5,-0.003,2.6251,1.5,1.5
17.033,1.1571,-0.0014,-0.0034,0.4998,-0.0009,0.5,0.0007,2.6272,1.5,1.5
17.033,1.1571,-0.0014,-0.0034,0.4998,-0.0009,0.5,0.004,2.6272,1.5,1.5
17.033,1.1571,-0.0014,-0.0034,0.4998,-0.0009,0.5,0.0031,2.6272,1.5,1.5
17.067,1.1654,-0.0014,-0.0035,0.4995,-0.0004,0.5,0.0019,2.6272,1.5,1.5
17.067,1.1654,-0.0014,-0.0035,0.4995,-0.0004,0.5,-0.0043,2.6272,1.5,1.5
17.083,1.182,-0.0014,-0.0035,0.4995,-0.0015,0.4994,-0.0031,2.6272,1.5,1.5
17.083,1.182,-0.0014,-0.0035,0.4995,-0.0015,0.4988,-0.0029,2.6272,1.5,1.5
17.083,1.182,-0.0014,-0.0035,0.4995,-0.0015,0.4997,0.0007,2.6272,1.5,1.5
17.117,1.1904,-0.0015,-0.0035,0.4995,-0.0016,0.4997,0.0007,2.6272,1.5,1.5
17.117,1.1904,-0.0015,-0.0035,0.4995,-0.0016,0.5,0.0002,2.6272,1.5,1.5
17.117,1.1904,-0.0015,-0.0035,0.4995,-0.0016,0.5,-0.0009,2.623,1.5,1.5
17.133,1.207,-0.0015,-0.0036,0.4995,-0.0011,0.4998,0.0005,2.623,1.5,1.5
17.133,1.207,-0.0015,-0.0036,0.4995,-0.0011,0.5,-0.0006,2.623,1.5,1.5
17.133,1.207,-0.0015,-0.0036,0.4995,-0.0011,0.4998,-0.0016,2.623,1.5,1.5
17.167,1.2153,-0.0015,-0.0036,0.4995,-0.0022,0.5,0.0018,2.623,1.5,1.5
17.183,1.232,-0.0016,-0.0037,0.4997,-0.0032,0.5,-0.0017,2.623,1.5,1.5
17.183,1.232,-0.0016,-0.0037,0.4997,-0.0032,0.5,-0.0013,2.623,1.5,1.5
17.2,1.2403,-0.0016,-0.0037,0.4998,-0.0003,0.5,-0.0032,2.623,1.5,1.5
17.2,1.2403,-0.0016,-0.0037,0.4998,-0.0003,0.5,-0.0028,2.623,1.5,1.5
17.2,1.2403,-0.0016,-0.0037,0.4998,-0.0003,0.5,-0.001,2.6061,1.5,1.5
17.233,1.2487,-0.0016,-0.0036,0.4993,-0.0017,0.5,-0.0015,2.6061,1.5,1.5
17.25,1.2653,-0.0017,-0.0036,0.4997,-0.0017,0.5,-0.0016,2.6061,1.5,1.5
17.25,1.2653,-0.0017,-0.0036,0.4997,-0.0017,0.5,0.0007,2.6061,1.5,1.5
17.25,1.2653,-0.0017,-0.0036,0.4997,-0.0017,0.5,0.0032,2.6061,1.5,1.5
17.283,1.2737,-0.0017,-0.0037,0.5,-0.0016,0.5,0.0038,2.6061,1.5,1.5
17.283,1.2737,-0.0017,-0.0037,0.5,-0.0016,0.5,-0.0015,2.6061,1.5,1.5
17.3,1.2903,-0.0018,-0.0037,0.5001,-0.001,0.5,-0.0012,2.6061,1.5,1.5
17.3,1.2903,-0.0018,-0.0037,0.5001,-0.001,0.5,0.0034,2.6061,1.5,1.5
17.3,1.2903,-0.0018,-0.0037,0.5001,-0.001,0.5,0.0032,2.6382,1.5,1.5
17.333,1.2987,-0.0018,-0.0037,0.5003,-0.0015,0.5,0.0014,2.6382,1.5,1.5
17.35,1.3154,-0.0019,-0.0036,0.5004,-0.0002,0.5,-0.0003,2.6382,1.5,1.5
17.35,1.3154,-0.0019,-0.0036,0.5004,-0.0002,0.4997,-0.0018,2.6382,1.5,1.5
17.367,1.3237,-0.0019,-0.0037,0.5004,0.0002,0.4999,-0.0017,2.6382,1.5,1.5
17.367,1.3237,-0.0019,-0.0037,0.5004,0.0002,0.5,0.0008,2.6382,1.5,1.5
17.367,1.3237,-0.0019,-0.0037,0.5004,0.0002,0.5,0.0019,2.6382,1.5,1.5
17.4,1.332,-0.002,-0.0037,0.5005,0.0,0.5,0.001,2.6382,1.5,1.5
17.417,1.3487,-0.002,-0.0037,0.5006,-0.0002,0.5,-0.0003,2.6382,1.5,1.5
17.417,1.3487,-0.002,-0.0037,0.5006,-0.0002,0.5,-0.0007,2.6439,1.5,1.5
17.417,1.3487,-0.002,-0.0037,0.5006,-0.0002,0.5,0.0003,2.6439,1.5,1.5
17.417,1.3487,-0.002,-0.0037,0.5006,-0.0002,0.5,-0.0009,2.6439,1.5,1.5
17.45,1.3571,-0.0021,-0.0036,0.5006,-0.0002,0.5,0.0045,2.6439,1.5,1.5
17.45,1.3571,-0.0021,-0.0036,0.5006,-0.0002,0.5,0.0073,2.6439,1.5,1.5
17.467,1.3738,-0.0021,-0.0036,0.5008,-0.0011,0.5,0.0034,2.6439,1.5,1.5
17.467,1.3738,-0.0021,-0.0036,0.5008,-0.0011,0.5,-0.0018,2.6439,1.5,1.5
17.467,1.3738,-0.0021,-0.0036,0.5008,-0.0011,0.5,0.0012,2.6439,1.5,1.5
17.5,1.3821,-0.0022,-0.0036,0.5006,0.0033,0.5,0.0026,2.6439,1.5,1.5
17.517,1.3988,-0.0022,-0.0035,0.5007,0.0009,0.5,0.0044,2.6439,1.5,1.5
17.517,1.3988,-0.0022,-0.0035,0.5007,0.0009,0.5,0.003,2.6439,1.5,1.5
17.533,1.4072,-0.0023,-0.0035,0.5007,0.0015,0.5,0.0024,2.6469,1.5,1.5
17.533,1.4072,-0.0023,-0.0035,0.5007,0.0015,0.5,0.0054,2.6469,1.5,1.5
17.533,1.4072,-0.0023,-0.0035,0.5007,0.0015,0.5,0.0074,2.6469,1.5,1.5
17.567,1.4155,-0.0023,-0.0035,0.5007,0.0018,0.5,0.0051,2.6469,1.5,1.5
17.567,1.4155,-0.0023,-0.0035,0.5007,0.0018,0.5,0.0025,2.6469,1.5,1.5
17.583,1.4322,-0.0024,-0.0035,0.5007,0.0019,0.5,0.0057,2.6469,1.5,1.5
17.583,1.4322,-0.0024,-0.0035,0.5007,0.0019,0.5,0.0011,2.6469,1.5,1.5
17.583,1.4322,-0.0024,-0.0035,0.5007,0.0019,0.5,0.0051,2.6469,1.5,1.5
17.617,1.4406,-0.0024,-0.0034,0.5007,0.0003,0.5,0.0013,2.6469,1.5,1.5
17.633,1.4572,-0.0025,-0.0035,0.5005,0.0007,0.5,-0.0011,2.6306,1.5,1.5
17.633,1.4572,-0.0025,-0.0035,0.5005,0.0007,0.4999,-0.001,2.6306,1.5,1.5
17.633,1.4572,-0.0025,-0.0035,0.5005,0.0007,0.5,0.0043,2.6306,1.5,1.5
17.667,1.4656,-0.0025,-0.0034,0.5004,0.0006,0.5,0.0025,2.6306,1.5,1.5
17.667,1.4656,-0.0025,-0.0034,0.5004,0.0006,0.5,0.0016,2.6306,1.5,1.5
17.683,1.4823,-0.0026,-0.0034,0.5003,0.001,0.5,0.0023,2.6306,1.5,1.5
17.7,1.4906,-0.0026,-0.0034,0.5002,-0.0002,0.5,-0.0002,2.6306,1.5,1.5
17.7,1.4906,-0.0026,-0.0034,0.5002,-0.0002,0.5,-0.0005,2.6306,1.5,1.5
17.7,1.4906,-0.0026,-0.0034,0.5002,-0.0002,0.5,-0.001,2.6306,1.5,1.5
17.7,1.4906,-0.0026,-0.0034,0.5002,-0.0002,0.5,-0.0012,2.592,1.5,1.5
17.733,1.4989,-0.0026,-0.0034,0.5001,0.001,0.5,-0.0033,2.592,1.5,1.5
17.75,1.5156,-0.0027,-0.0034,0.4999,0.0016,0.5,-0.0043,2.592,1.5,1.5
17.75,1.5156,-0.0027,-0.0034,0.4999,0.0016,0.5,-0.0031,2.592,1.5,1.5
17.75,1.5156,-0.0027,-0.0034,0.4999,0.0016,0.4997,0.0022,2.592,1.5,1.5
17.783,1.5239,-0.0027,-0.0034,0.5,-0.0,0.4999,0.0019,2.592,1.5,1.5
17.783,1.5239,-0.0027,-0.0034,0.5,-0.0,0.5,0.0009,2.592,1.5,1.5
17.8,1.5406,-0.0028,-0.0033,0.4997,-0.0005,0.5,0.0004,2.592,1.5,1.5
17.8,1.5406,-0.0028,-0.0033,0.4997,-0.0005,0.5,0.0026,2.592,1.5,1.5
17.833,1.5489,-0.0028,-0.0033,0.4997,0.0015,0.5,0.0039,2.7055,1.5,1.5
17.833,1.5489,-0.0028,-0.0033,0.4997,0.0015,0.5,0.0011,2.7055,1.5,1.5
17.833,1.5489,-0.0028,-0.0033,0.4997,0.0015,0.5,0.0002,2.7055,1.5,1.5
17.85,1.5656,-0.0029,-0.0033,0.4996,0.0004,0.5,-0.0014,2.7055,1.5,1.5
17.85,1.5656,-0.0029,-0.0033,0.4996,0.0004,0.5,-0.0007,2.7055,1.5,1.5
17.867,1.5739,-0.0029,-0.0032,0.4996,0.0006,0.5,0.0012,2.7055,1.5,1.5
17.867,1.5739,-0.0029,-0.0032,0.4996,0.0006,0.5,0.0014,2.7055,1.5,1.5
17.867,1.5739,-0.0029,-0.0032,0.4996,0.0006,0.5,0.0035,2.7055,1.5,1.5
17.9,1.5822,-0.0029,-0.0032,0.4995,-0.0001,0.5,0.0027,2.7055,1.5,1.5
17.917,1.5989,-0.003,-0.0033,0.4994,0.0,0.5,0.0002,2.7055,1.5,1.5
17.917,1.5989,-0.003,-0.0033,0.4994,0.0,0.4999,-0.0025,2.6494,1.5,1.5
17.917,1.5989,-0.003,-0.0033,0.4994,0.0,0.5,-0.0019,2.6494,1.5,1.5
17.95,1.6072,-0.003,-0.0033,0.4995,-0.0004,0.5,0.0014,2.6494,1.5,1.5
17.95,1.6072,-0.003,-0.0033,0.4995,-0.0004,0.5,0.0032,2.6494,1.5,1.5
17.967,1.6239,-0.003,-0.0032,0.4996,-0.0011,0.5,-0.0011,2.6494,1.5,1.5
17.967,1.6239,-0.003,-0.0032,0.4996,-0.0011,0.5,0.0014,2.6494,1.5,1.5
17.967,1.6239,-0.003,-0.0032,0.4996,-0.0011,0.5,-0.001,2.6494,1.5,1.5
18.0,1.6322,-0.0031,-0.0033,0.4997,0.0001,0.5,0.0003,2.6494,1.5,1.5
18.017,1.6489,-0.0031,-0.0032,0.4998,0.0001,0.5,-0.0038,2.6494,1.5,1.5
18.017,1.6489,-0.0031,-0.0032,0.4998,0.0001,0.5,-0.0051,2.6085,1.5,1.5
18.033,1.6572,-0.0031,-0.0032,0.4998,-0.0011,0.4999,-0.0022,2.6085,1.5,1.5
18.033,1.6572,-0.0031,-0.0032,0.4998,-0.0011,0.4997,-0.0055,2.6085,1.5,1.5
18.033,1.6572,-0.0031,-0.0032,0.4998,-0.0011,0.4999,-0.0032,2.6085,1.5,1.5
18.067,1.6655,-0.0032,-0.0032,0.4999,-0.0002,0.5,-0.0038,2.6085,1.5,1.5
18.083,1.6822,-0.0032,-0.0032,0.5,0.0001,0.5,-0.0004,2.6085,1.5,1.5
18.083,1.6822,-0.0032,-0.0032,0.5,0.0001,0.5,-0.0012,2.6085,1.5,1.5
18.083,1.6822,-0.0032,-0.0032,0.5,0.0001,0.5,-0.0016,2.6085,1.5,1.5
18.117,1.6905,-0.0033,-0.0032,0.5001,-0.0004,0.5,0.0007,2.6085,1.5,1.5
18.117,1.6905,-0.0033,-0.0032,0.5001,-0.0004,0.5,0.0012,2.6464,1.5,1.5
18.133,1.7072,-0.0033,-0.0032,0.5003,-0.0001,0.5,0.0008,2.6464,1.5,1.5
18.133,1.7072,-0.0033,-0.0032,0.5003,-0.0001,0.4994,0.0016,2.6464,1.5,1.5
18.133,1.7072,-0.0033,-0.0032,0.5003,-0.0001,0.4999,0.0006,2.6464,1.5,1.5
18.167,1.7156,-0.0034,-0.0031,0.5004,0.0007,0.4999,-0.0035,2.6464,1.5,1.5
18.183,1.7322,-0.0034,-0.0031,0.5005,0.0017,0.5,0.001,2.6464,1.5,1.5
18.183,1.7322,-0.0034,-0.0031,0.5005,0.0017,0.5,-0.0009,2.6464,1.5,1.5
18.2,1.7406,-0.0035,-0.0032,0.5004,0.0015,0.5,0.0019,2.6464,1.5,1.5
18.2,1.7406,-0.0035,-0.0032,0.5004,0.0015,0.5,0.0025,2.6464,1.5,1.5
18.2,1.7406,-0.0035,-0.0032,0.5004,0.0015,0.5,0.0033,2.6464,1.5,1.5
18.2,1.7406,-0.0035,-0.0032,0.5004,0.0015,0.5,0.0033,2.6464,1.5,1.5
18.233,1.7489,-0.0035,-0.0032,0.5005,0.0019,0.5,0.0008,2.6243,1.5,1.5
18.233,1.7489,-0.0035,-0.0032,0.5005,0.0019,0.5,-0.0009,2.6243,1.5,1.5
18.25,1.7656,-0.0035,-0.003,0.5006,0.001,0.4994,0.0025,2.6243,1.5,1.5
18.25,1.7656,-0.0035,-0.003,0.5006,0.001,0.4999,0.0034,2.6243,1.5,1.5
18.25,1.7656,-0.0035,-0.003,0.5006,0.001,0.4999,0.0004,2.6243,1.5,1.5
18.283,1.774,-0.0036,-0.0031,0.5007,0.0008,0.5,0.001,2.6243,1.5,1.5
18.3,1.7907,-0.0036,-0.0029,0.5007,0.0017,0.5,0.0016,2.6243,1.5,1.5
18.3,1.7907,-0.0036,-0.0029,0.5007,0.0017,0.5,-0.0013,2.6243,1.5,1.5
18.3,1.7907,-0.0036,-0.0029,0.5007,0.0017,0.5,0.0004,2.6243,1.5,1.5
18.333,1.799,-0.0037,-0.0029,0.5008,0.0011,0.5,0.003,2.6316,1.5,1.5
18.333,1.799,-0.0037,-0.0029,0.5008,0.0011,0.5,0.0035,2.6316,1.5,1.5
18.35,1.8157,-0.0037,-0.0028,0.5008,0.0013,0.4999,0.0077,2.6316,1.5,1.5
18.367,1.8241,-0.0038,-0.0029,0.5007,0.0014,0.5,0.0007,2.6316,1.5,1.5
18.367,1.8241,-0.0038,-0.0029,0.5007,0.0014,0.5,-0.0043,2.6316,1.5,1.5
18.367,1.8241,-0.0038,-0.0029,0.5007,0.0014,0.5,-0.0044,2.6316,1.5,1.5
18.4,1.8324,-0.0038,-0.0028,0.5007,0.002,0.5,-0.0004,2.6316,1.5,1.5
18.4,1.8324,-0.0038,-0.0028,0.5007,0.002,0.5,-0.0014,2.6316,1.5,1.5
18.417,1.8491,-0.0039,-0.0028,0.5004,0.0015,0.5,0.0001,2.6316,1.5,1.5
18.417,1.8491,-0.0039,-0.0028,0.5004,0.0015,0.5,-0.0003,2.5902,1.5,1.5
18.417,1.8491,-0.0039,-0.0028,0.5004,0.0015,0.5,-0.0023,2.5902,1.5,1.5
18.45,1.8574,-0.0039,-0.0028,0.5005,0.0022,0.5,-0.003,2.5902,1.5,1.5
18.467,1.8741,-0.0039,-0.0028,0.5005,0.0016,0.5,-0.0009,2.5902,1.5,1.5
18.467,1.8741,-0.0039,-0.0028,0.5005,0.0016,0.5,0.0018,2.5902,1.5,1.5
18.467,1.8741,-0.0039,-0.0028,0.5005,0.0016,0.5,0.0048,2.5902,1.5,1.5
18.5,1.8824,-0.004,-0.0028,0.5004,0.0009,0.5,0.0013,2.5902,1.5,1.5
18.5,1.8824,-0.004,-0.0028,0.5004,0.0009,0.4999,-0.0003,2.5902,1.5,1.5
18.517,1.8991,-0.004,-0.0027,0.5001,0.0023,0.5,-0.0032,2.5902,1.5,1.5
18.533,1.9075,-0.004,-0.0028,0.5002,0.0023,0.5,-0.0018,2.6468,1.5,1.5
18.533,1.9075,-0.004,-0.0028,0.5002,0.0023,0.4999,-0.0032,2.6468,1.5,1.5
18.533,1.9075,-0.004,-0.0028,0.5002,0.0023,0.5,-0.0012,2.6468,1.5,1.5
18.567,1.9158,-0.0041,-0.0028,0.5001,0.0007,0.5,-0.0045,2.6468,1.5,1.5
18.567,1.9158,-0.0041,-0.0028,0.5001,0.0007,0.5,-0.0046,2.6468,1.5,1.5
18.583,1.9324,-0.0041,-0.0028,0.4999,0.001,0.5,-0.0039,2.6468,1.5,1.5
18.583,1.9324,-0.0041,-0.0028,0.4999,0.001,0.5,-0.0007,2.6468,1.5,1.5
18.583,1.9324,-0.0041,-0.0028,0.4999,0.001,0.5,-0.0028,2.6468,1.5,1.5
18.617,1.9408,-0.0041,-0.0028,0.4999,0.0007,0.5,-0.0036,2.6468,1.5,1.5
18.633,1.9574,-0.0042,-0.0028,0.4998,-0.0017,0.5,-0.004,2.6499,1.5,1.5
18.633,1.9574,-0.0042,-0.0028,0.4998,-0.0017,0.5,-0.0014,2.6499,1.5,1.5
18.633,1.9574,-0.0042,-0.0028,0.4998,-0.0017,0.4997,0.0029,2.6499,1.5,1.5
18.667,1.9658,-0.0042,-0.0028,0.4996,0.0003,0.5,0.0061,2.6499,1.5,1.5
18.667,1.9658,-0.0042,-0.0028,0.4996,0.0003,0.5,0.0068,2.6499,1.5,1.5
18.683,1.9824,-0.0042,-0.0028,0.4995,0.0001,0.5,0.0051,2.6499,1.5,1.5
18.7,1.9908,-0.0043,-0.0028,0.4995,-0.0015,0.5,-0.0002,2.6499,1.5,1.5
18.7,1.9908,-0.0043,-0.0028,0.4995,-0.0015,0.5,-0.0015,2.6499,1.5,1.5
18.7,1.9908,-0.0043,-0.0028,0.4995,-0.0015,0.5,0.0007,2.6499,1.5,1.5
18.733,1.9991,-0.0043,-0.0029,0.4995,-0.0003,0.5,0.0014,2.6144,1.5,1.5
18.733,1.9991,-0.0043,-0.0029,0.4995,-0.0003,0.4997,0.0007,2.6144,1.5,1.5
18.75,2.0157,-0.0043,-0.0029,0.4995,-0.0022,0.5,-0.0015,2.6144,1.5,1.5
18.75,2.0157,-0.0043,-0.0029,0.4995,-0.0022,0.5,-0.0009,2.6144,1.5,1.5
18.75,2.0157,-0.0043,-0.0029,0.4995,-0.0022,0.4999,-0.0038,2.6144,1.5,1.5
18.783,2.0241,-0.0043,-0.0029,0.4996,-0.0014,0.5,-0.0042,2.6144,1.5,1.5
18.8,2.0407,-0.0044,-0.0029,0.4994,-0.0028,0.5,-0.0053,2.6144,1.5,1.5
18.8,2.0407,-0.0044,-0.0029,0.4994,-0.0028,0.5,-0.0074,2.6144,1.5,1.5
18.8,2.0407,-0.0044,-0.0029,0.4994,-0.0028,0.5,-0.0053,2.6144,1.5,1.5
18.833,2.049,-0.0044,-0.003,0.4996,-0.003,0.5,-0.0057,2.6351,1.5,1.5
18.833,2.049,-0.0044,-0.003,0.4996,-0.003,0.5,0.0007,2.6351,1.5,1.5
18.85,2.0657,-0.0044,-0.003,0.4998,-0.0009,0.5,-0.0048,2.6351,1.5,1.5
18.85,2.0657,-0.0044,-0.003,0.4998,-0.0009,0.5,-0.0037,2.6351,1.5,1.5
18.867,2.074,-0.0045,-0.003,0.4999,-0.0016,0.5,-0.0043,2.6351,1.5,1.5
18.867,2.074,-0.0045,-0.003,0.4999,-0.0016,0.5,-0.0033,2.6351,1.5,1.5
18.867,2.074,-0.0045,-0.003,0.4999,-0.0016,0.5,-0.0015,2.6351,1.5,1.5
18.9,2.0824,-0.0045,-0.003,0.5,-0.0013,0.5,-0.0024,2.6351,1.5,1.5
18.917,2.0991,-0.0045,-0.003,0.5001,-0.0001,0.5,-0.0001,2.6351,1.5,1.5
18.917,2.0991,-0.0045,-0.003,0.5001,-0.0001,0.4996,0.0024,2.6301,1.5,1.5
18.917,2.0991,-0.0045,-0.003,0.5001,-0.0001,0.4999,0.0008,2.6301,1.5,1.5
18.95,2.1074,-0.0046,-0.003,0.5002,-0.0001,0.5,-0.0002,2.6301,1.5,1.5
18.95,2.1074,-0.0046,-0.003,0.5002,-0.0001,0.5,0.0007,2.6301,1.5,1.5
18.967,2.1241,-0.0046,-0.0029,0.5003,-0.0002,0.5,0.0,2.6301,1.5,1.5
18.967,2.1241,-0.0046,-0.0029,0.5003,-0.0002,0.5,-0.0011,2.6301,1.5,1.5
18.967,2.1241,-0.0046,-0.0029,0.5003,-0.0002,0.5,-0.0039,2.6301,1.5,1.5
19.0,2.1324,-0.0046,-0.003,0.5004,-0.0013,0.5,-0.0009,2.6301,1.5,1.5
19.017,2.1491,-0.0047,-0.003,0.5005,-0.0004,0.5,-0.001,2.6301,1.5,1.5
19.017,2.1491,-0.0047,-0.003,0.5005,-0.0004,0.5,-0.001,2.6377,1.5,1.5
19.033,2.1575,-0.0047,-0.0029,0.5006,-0.0002,0.5,0.0016,2.6377,1.5,1.5
19.033,2.1575,-0.0047,-0.0029,0.5006,-0.0002,0.5,0.0016,2.6377,1.5,1.5
19.033,2.1575,-0.0047,-0.0029,0.5006,-0.0002,0.5,-0.0039,2.6377,1.5,1.5
19.067,2.1658,-0.0047,-0.0029,0.5006,0.0003,0.5,-0.0033,2.6377,1.5,1.5
19.083,2.1825,-0.0048,-0.0029,0.5006,-0.0009,0.5,-0.0041,2.6377,1.5,1.5
19.083,2.1825,-0.0048,-0.0029,0.5006,-0.0009,0.5,-0.0012,2.6377,1.5,1.5
19.083,2.1825,-0.0048,-0.0029,0.5006,-0.0009,0.5,0.0005,2.6377,1.5,1.5
19.117,2.1908,-0.0048,-0.0028,0.5008,-0.0006,0.5,-0.0019,2.6377,1.5,1.5
19.117,2.1908,-0.0048,-0.0028,0.5008,-0.0006,0.5,0.0008,2.6377,1.5,1.5
19.133,2.2075,-0.0049,-0.003,0.5008,0.0006,0.5,0.0033,2.6387,1.5,1.5
19.133,2.2075,-0.0049,-0.003,0.5008,0.0006,0.5,0.0013,2.6387,1.5,1.5
19.133,2.2075,-0.0049,-0.003,0.5008,0.0006,0.5,-0.0006,2.6387,1.5,1.5
19.167,2.2159,-0.0049,-0.0029,0.5009,0.0005,0.5,0.0004,2.6387,1.5,1.5
19.183,2.2326,-0.005,-0.0029,0.5008,0.0001,0.5,0.0002,2.6387,1.5,1.5
19.183,2.2326,-0.005,-0.0029,0.5008,0.0001,0.5,0.0023,2.6387,1.5,1.5
19.2,2.2409,-0.005,-0.0029,0.5007,0.0022,0.5,0.0014,2.6387,1.5,1.5
19.2,2.2409,-0.005,-0.0029,0.5007,0.0022,0.5,-0.0004,2.6387,1.5,1.5
19.2,2.2409,-0.005,-0.0029,0.5007,0.0022,0.4999,-0.0011,2.6884,1.5,1.5
19.233,2.2493,-0.005,-0.0028,0.5007,0.0009,0.5,-0.0021,2.6884,1.5,1.5
19.233,2.2493,-0.005,-0.0028,0.5007,0.0009,0.5,-0.0038,2.6884,1.5,1.5
19.25,2.266,-0.0051,-0.0029,0.5006,0.0004,0.5,-0.0009,2.6884,1.5,1.5
19.25,2.266,-0.0051,-0.0029,0.5006,0.0004,0.5,0.0038,2.6884,1.5,1.5
19.25,2.266,-0.0051,-0.0029,0.5006,0.0004,0.5,0.0031,2.6884,1.5,1.5
19.283,2.2743,-0.0051,-0.0029,0.5005,0.001,0.5,0.002,2.6884,1.5,1.5
19.3,2.291,-0.0052,-0.0029,0.5004,0.0006,0.5,0.0028,2.6884,1.5,1.5
19.3,2.291,-0.0052,-0.0029,0.5004,0.0006,0.5,0.0007,2.6884,1.5,1.5
19.3,2.291,-0.0052,-0.0029,0.5004,0.0006,0.5,-0.0007,2.6884,1.5,1.5
19.333,2.2993,-0.0052,-0.0029,0.5003,-0.0001,0.5,-0.0004,2.6213,1.5,1.5
19.333,2.2993,-0.0052,-0.0029,0.5003,-0.0001,0.5,-0.0012,2.6213,1.5,1.5
19.35,2.316,-0.0052,-0.0029,0.5001,-0.0001,0.5,0.0005,2.6213,1.5,1.5
19.367,2.3243,-0.0052,-0.0029,0.4999,0.0001,0.5,0.0004,2.6213,1.5,1.5
19.367,2.3243,-0.0052,-0.0029,0.4999,0.0001,0.5,-0.0033,2.6213,1.5,1.5
19.367,2.3243,-0.0052,-0.0029,0.4999,0.0001,0.5,-0.0025,2.6213,1.5,1.5
19.4,2.3327,-0.0053,-0.003,0.4999,-0.0001,0.5,0.0006,2.6213,1.5,1.5
19.4,2.3327,-0.0053,-0.003,0.4999,-0.0001,0.5,0.0012,2.6213,1.5,1.5
19.417,2.3493,-0.0053,-0.0031,0.4998,-0.0019,0.5,0.0006,2.6453,1.5,1.5
19.417,2.3493,-0.0053,-0.0031,0.4998,-0.0019,0.5,-0.0012,2.6453,1.5,1.5
19.417,2.3493,-0.0053,-0.0031,0.4998,-0.0019,0.5,-0.0042,2.6453,1.5,1.5
19.45,2.3576,-0.0053,-0.0031,0.4997,-0.0012,0.5,-0.0005,2.6453,1.5,1.5
19.467,2.3743,-0.0054,-0.0032,0.4996,-0.0009,0.5,-0.0011,2.6453,1.5,1.5
19.467,2.3743,-0.0054,-0.0032,0.4996,-0.0009,0.5,0.0004,2.6453,1.5,1.5
19.467,2.3743,-0.0054,-0.0032,0.4996,-0.0009,0.5,-0.0016,2.6453,1.5,1.5
19.5,2.3826,-0.0054,-0.0031,0.4996,-0.0011,0.5,-0.0005,2.6453,1.5,1.5
19.5,2.3826,-0.0054,-0.0031,0.4996,-0.0011,0.5,0.001,2.6453,1.5,1.5
19.517,2.3993,-0.0054,-0.0032,0.4995,-0.0021,0.5,0.0016,2.6453,1.5,1.5
19.533,2.4076,-0.0055,-0.0032,0.4995,-0.0015,0.5,-0.0013,2.6518,1.5,1.5
19.533,2.4076,-0.0055,-0.0032,0.4995,-0.0015,0.5,0.0008,2.6518,1.5,1.5
19.533,2.4076,-0.0055,-0.0032,0.4995,-0.0015,0.5,-0.0028,2.6518,1.5,1.5
19.567,2.4159,-0.0055,-0.0032,0.4995,-0.0021,0.5,-0.0026,2.6518,1.5,1.5
19.567,2.4159,-0.0055,-0.0032,0.4995,-0.0021,0.5,-0.0025,2.6518,1.5,1.5
19.583,2.4326,-0.0055,-0.0032,0.4995,-0.002,0.5,0.002,2.6518,1.5,1.5
19.583,2.4326,-0.0055,-0.0032,0.4995,-0.002,0.5,0.0014,2.6518,1.5,1.5
19.583,2.4326,-0.0055,-0.0032,0.4995,-0.002,0.5,-0.004,2.6518,1.5,1.5
19.617,2.4409,-0.0055,-0.0032,0.4996,-0.0014,0.5,-0.0008,2.6518,1.5,1.5
19.633,2.4576,-0.0056,-0.0033,0.4997,-0.0017,0.5,-0.0035,2.6226,1.5,1.5
19.633,2.4576,-0.0056,-0.0033,0.4997,-0.0017,0.5,0.0002,2.6226,1.5,1.5
19.633,2.4576,-0.0056,-0.0033,0.4997,-0.0017,0.5,0.0,2.6226,1.5,1.5
19.667,2.4659,-0.0056,-0.0033,0.4997,-0.0024,0.5,-0.0007,2.6226,1.5,1.5
19.667,2.4659,-0.0056,-0.0033,0.4997,-0.0024,0.5,-0.0018,2.6226,1.5,1.5
19.683,2.4826,-0.0057,-0.0034,0.4999,-0.0016,0.5,-0.0017,2.6226,1.5,1.5
19.7,2.4909,-0.0057,-0.0034,0.5,-0.0015,0.5,0.002,2.6226,1.5,1.5
19.7,2.4909,-0.0057,-0.0034,0.5,-0.0015,0.5,-0.0008,2.6226,1.5,1.5
19.7,2.4909,-0.0057,-0.0034,0.5,-0.0015,0.5,-0.0013,2.6226,1.5,1.5
19.733,2.4993,-0.0057,-0.0034,0.5001,-0.0016,0.5,-0.001,2.5991,1.5,1.5
19.733,2.4993,-0.0057,-0.0034,0.5001,-0.0016,0.5,-0.0,2.5991,1.5,1.5
19.75,2.5159,-0.0058,-0.0033,0.5002,-0.0015,0.5,-0.0003,2.5991,1.5,1.5
19.75,2.5159,-0.0058,-0.0033,0.5002,-0.0015,0.5,0.0012,2.5991,1.5,1.5
19.75,2.5159,-0.0058,-0.0033,0.5002,-0.0015,0.5,0.0002,2.5991,1.5,1.5
19.783,2.5243,-0.0058,-0.0034,0.5003,-0.0001,0.5,-0.002,2.5991,1.5,1.5
19.8,2.541,-0.0059,-0.0033,0.5004,-0.0003,0.5,-0.002,2.5991,1.5,1.5
19.8,2.541,-0.0059,-0.0033,0.5004,-0.0003,0.5,0.0016,2.5991,1.5,1.5
19.8,2.541,-0.0059,-0.0033,0.5004,-0.0003,0.5,0.0005,2.5991,1.5,1.5
19.833,2.5493,-0.0059,-0.0034,0.5004,-0.0002,0.5,-0.0013,2.6396,1.5,1.5
19.833,2.5493,-0.0059,-0.0034,0.5004,-0.0002,0.5,-0.0043,2.6396,1.5,1.5
19.85,2.566,-0.0059,-0.0033,0.5005,-0.0007,0.4997,-0.0013,2.6396,1.5,1.5
19.867,2.5743,-0.006,-0.0033,0.5006,0.0006,0.4999,0.0017,2.6396,1.5,1.5
19.867,2.5743,-0.006,-0.0033,0.5006,0.0006,0.5,-0.0019,2.6396,1.5,1.5
19.867,2.5743,-0.006,-0.0033,0.5006,0.0006,0.5,-0.001,2.6396,1.5,1.5
19.9,2.5827,-0.006,-0.0032,0.5006,-0.0,0.5,-0.0033,2.6396,1.5,1.5
19.9,2.5827,-0.006,-0.0032,0.5006,-0.0,0.5,-0.0031,2.6396,1.5,1.5
19.917,2.5994,-0.0061,-0.0033,0.5008,-0.0001,0.5,-0.0057,2.6396,1.5,1.5
19.917,2.5994,-0.0061,-0.0033,0.5008,-0.0001,0.5,-0.0023,2.6587,1.5,1.5
19.917,2.5994,-0.0061,-0.0033,0.5008,-0.0001,0.5,-0.0021,2.6587,1.5,1.5
19.95,2.6077,-0.0061,-0.0034,0.5008,0.0012,0.5,-0.001,2.6587,1.5,1.5
19.967,2.6244,-0.0062,-0.0033,0.5009,0.0007,0.5,0.0015,2.6587,1.5,1.5
19.967,2.6244,-0.0062,-0.0033,0.5009,0.0007,0.5,0.0002,2.6587,1.5,1.5
19.967,2.6244,-0.0062,-0.0033,0.5009,0.0007,0.5,-0.0011,2.6587,1.5,1.5
20.0,2.6328,-0.0062,-0.0033,0.5008,0.0027,0.5,0.0009,2.6587,1.5,1.5
20.0,2.6328,-0.0062,-0.0033,0.5008,0.0027,0.4998,0.0024,2.6587,1.5,1.5
20.017,2.6495,-0.0063,-0.0032,0.5006,0.0008,0.5,0.0026,2.6587,1.5,1.5
20.017,2.6495,-0.0063,-0.0032,0.5006,0.0008,0.5,0.0036,2.6587,1.5,1.5
20.033,2.6578,-0.0063,-0.0033,0.5007,0.0015,0.5,0.0051,2.6295,1.5,1.5
20.033,2.6578,-0.0063,-0.0033,0.5007,0.0015,0.5,0.0049,2.6295,1.5,1.5
20.033,2.6578,-0.0063,-0.0033,0.5007,0.0015,0.5,0.0064,2.6295,1.5,1.5
20.067,2.6662,-0.0063,-0.0032,0.5006,0.0015,0.5,0.008,2.6295,1.5,1.5
20.067,2.6662,-0.0063,-0.0032,0.5006,0.0015,0.5,0.0081,2.6295,1.5,1.5
20.083,2.6828,-0.0064,-0.0033,0.5005,0.0009,0.5,0.0047,2.6295,1.5,1.5
20.083,2.6828,-0.0064,-0.0033,0.5005,0.0009,0.5,0.0004,2.6295,1.5,1.5
20.083,2.6828,-0.0064,-0.0033,0.5005,0.0009,0.5,-0.002,2.6295,1.5,1.5
20.117,2.6912,-0.0064,-0.0033,0.5005,0.0004,0.5,-0.0031,2.6295,1.5,1.5
20.133,2.7079,-0.0065,-0.0034,0.5003,-0.0003,0.5,-0.0029,2.615,1.5,1.5
20.133,2.7079,-0.0065,-0.0034,0.5003,-0.0003,0.5,-0.003,2.615,1.5,1.5
20.133,2.7079,-0.0065,-0.0034,0.5003,-0.0003,0.5,0.0024,2.615,1.5,1.5
20.167,2.7162,-0.0065,-0.0033,0.5002,-0.0005,0.5,0.0016,2.615,1.5,1.5
20.167,2.7162,-0.0065,-0.0033,0.5002,-0.0005,0.5,0.0049,2.615,1.5,1.5
20.183,2.7329,-0.0065,-0.0033,0.5,-0.0009,0.5,0.0009,2.615,1.5,1.5
20.2,2.7412,-0.0066,-0.0033,0.5,-0.0011,0.5,-0.0002,2.615,1.5,1.5
20.2,2.7412,-0.0066,-0.0033,0.5,-0.0011,0.5,0.0018,2.615,1.5,1.5
20.2,2.7412,-0.0066,-0.0033,0.5,-0.0011,0.5,0.0002,2.615,1.5,1.5
20.233,2.7495,-0.0066,-0.0033,0.4999,-0.0013,0.5,0.0037,2.6199,1.5,1.5
20.233,2.7495,-0.0066,-0.0033,0.4999,-0.0013,0.5,0.0048,2.6199,1.5,1.5
20.25,2.7662,-0.0067,-0.0034,0.4998,-0.0003,0.5,0.0046,2.6199,1.5,1.5
20.25,2.7662,-0.0067,-0.0034,0.4998,-0.0003,0.4998,0.0049,2.6199,1.5,1.5
20.25,2.7662,-0.0067,-0.0034,0.4998,-0.0003,0.5,0.0034,2.6199,1.5,1.5
20.283,2.7745,-0.0067,-0.0033,0.4998,-0.0002,0.5,0.0045,2.6199,1.5,1.5
20.3,2.7912,-0.0067,-0.0033,0.4996,-0.002,0.5,0.0033,2.6199,1.5,1.5
20.3,2.7912,-0.0067,-0.0033,0.4996,-0.002,0.5,0.001,2.6199,1.5,1.5
20.3,2.7912,-0.0067,-0.0033,0.4996,-0.002,0.5,0.0027,2.6199,1.5,1.5
20.3,2.7912,-0.0067,-0.0033,0.4996,-0.002,0.5,-0.0001,2.6334,1.5,1.5
20.333,2.7995,-0.0068,-0.0034,0.4996,-0.0015,0.5,-0.0009,2.6334,1.5,1.5
20.35,2.8162,-0.0068,-0.0034,0.4995,-0.0011,0.5,-0.0003,2.6334,1.5,1.5
20.367,2.8245,-0.0068,-0.0035,0.4995,-0.0016,0.5,0.0009,2.6334,1.5,1.5
20.367,2.8245,-0.0068,-0.0035,0.4995,-0.0016,0.5,0.0078,2.6334,1.5,1.5
20.367,2.8245,-0.0068,-0.0035,0.4995,-0.0016,0.5,0.0048,2.6334,1.5,1.5
20.4,2.8328,-0.0069,-0.0034,0.4995,-0.0009,0.5,0.0054,2.6334,1.5,1.5
20.4,2.8328,-0.0069,-0.0034,0.4995,-0.0009,0.5,0.0045,2.6334,1.5,1.5
20.417,2.8495,-0.0069,-0.0034,0.4995,-0.0005,0.5,0.0,2.6334,1.5,1.5
20.417,2.8495,-0.0069,-0.0034,0.4995,-0.0005,0.5,0.0016,2.6106,1.5,1.5
20.417,2.8495,-0.0069,-0.0034,0.4995,-0.0005,0.5,0.001,2.6106,1.5,1.5
20.45,2.8578,-0.0069,-0.0034,0.4996,-0.0011,0.5,0.004,2.6106,1.5,1.5
20.467,2.8745,-0.007,-0.0034,0.4998,-0.0009,0.5,0.0022,2.6106,1.5,1.5
20.467,2.8745,-0.007,-0.0034,0.4998,-0.0009,0.5,0.0038,2.6106,1.5,1.5
20.467,2.8745,-0.007,-0.0034,0.4998,-0.0009,0.5,0.0049,2.6106,1.5,1.5
20.5,2.8828,-0.007,-0.0034,0.4999,0.0002,0.5,0.0057,2.6106,1.5,1.5
20.5,2.8828,-0.007,-0.0034,0.4999,0.0002,0.5,0.0082,2.6106,1.5,1.5
20.517,2.8995,-0.0071,-0.0033,0.5,-0.0004,0.5,0.0046,2.6106,1.5,1.5
20.517,2.8995,-0.0071,-0.0033,0.5,-0.0004,0.5,0.0005,2.6417,1.5,1.5
20.533,2.9078,-0.0071,-0.0033,0.5001,-0.0011,0.5,-0.0015,2.6417,1.5,1.5
20.533,2.9078,-0.0071,-0.0033,0.5001,-0.0011,0.5,0.0015,2.6417,1.5,1.5
20.567,2.9162,-0.0071,-0.0032,0.5001,-0.0001,0.4993,0.0013,2.6417,1.5,1.5
20.567,2.9162,-0.0071,-0.0032,0.5001,-0.0001,0.4999,0.0019,2.6417,1.5,1.5
20.583,2.9328,-0.0072,-0.0033,0.5003,0.0006,0.4999,0.0014,2.6417,1.5,1.5
20.583,2.9328,-0.0072,-0.0033,0.5003,0.0006,0.5,0.0052,2.6417,1.5,1.5
20.583,2.9328,-0.0072,-0.0033,0.5003,0.0006,0.5,0.0024,2.6417,1.5,1.5
20.617,2.9412,-0.0072,-0.0032,0.5004,0.0002,0.5,0.0009,2.6417,1.5,1.5
20.617,2.9412,-0.0072,-0.0032,0.5004,0.0002,0.5,-0.0003,2.608,1.5,1.5
20.633,2.9579,-0.0073,-0.0031,0.5005,0.0011,0.5,0.0018,2.608,1.5,1.5
20.633,2.9579,-0.0073,-0.0031,0.5005,0.0011,0.5,0.0039,2.608,1.5,1.5
20.633,2.9579,-0.0073,-0.0031,0.5005,0.0011,0.5,0.0054,2.608,1.5,1.5
20.667,2.9662,-0.0074,-0.003,0.5005,0.0004,0.5,0.0026,2.608,1.5,1.5
20.683,2.9829,-0.0074,-0.0028,0.5006,0.0039,0.5,0.0074,2.608,1.5,1.5
20.683,2.9829,-0.0074,-0.0028,0.5006,0.0039,0.5,0.0046,2.608,1.5,1.5
20.7,2.9912,-0.0075,-0.0028,0.5001,0.0028,0.5,0.0055,2.608,1.5,1.5
20.7,2.9912,-0.0075,-0.0028,0.5001,0.0028,0.5,0.0026,2.608,1.5,1.5
20.7,2.9912,-0.0075,-0.0028,0.5001,0.0028,0.5,0.0068,2.608,1.5,1.5
20.733,2.9996,-0.0075,-0.0028,0.5005,0.0028,0.5,0.0047,2.6447,1.5,1.5
20.75,3.0163,-0.0076,-0.0028,0.5008,0.0033,0.5,0.0083,2.6447,1.5,1.5
20.75,3.0163,-0.0076,-0.0028,0.5008,0.0033,0.5,0.0088,2.6447,1.5,1.5
20.75,3.0163,-0.0076,-0.0028,0.5008,0.0033,0.5,0.0098,2.6447,1.5,1.5
20.783,3.0246,-0.0076,-0.0026,0.501,0.0026,0.5,0.0062,2.6447,1.5,1.5
20.783,3.0246,-0.0076,-0.0026,0.501,0.0026,0.5,0.003,2.6447,1.5,1.5
20.8,3.0413,-0.0077,-0.0026,0.5007,0.0032,0.5,0.0066,2.6447,1.5,1.5
20.8,3.0413,-0.0077,-0.0026,0.5007,0.0032,0.5,0.0097,2.6447,1.5,1.5
20.8,3.0413,-0.0077,-0.0026,0.5007,0.0032,0.5,0.0102,2.5713,1.5,1.5
20.833,3.0497,-0.0077,-0.0024,0.5007,0.0031,0.5,0.007,2.5713,1.5,1.5
20.85,3.0664,-0.0078,-0.0024,0.5007,0.0035,0.5,0.0052,2.5713,1.5,1.5
20.85,3.0664,-0.0078,-0.0024,0.5007,0.0035,0.5,0.0061,2.5713,1.5,1.5
20.867,3.0747,-0.0078,-0.0024,0.5006,0.0035,0.4998,0.0079,2.5713,1.5,1.5
20.867,3.0747,-0.0078,-0.0024,0.5006,0.0035,0.5,0.0063,2.5713,1.5,1.5
20.867,3.0747,-0.0078,-0.0024,0.5006,0.0035,0.4996,0.0096,2.5713,1.5,1.5
20.9,3.0831,-0.0078,-0.0023,0.5005,0.0042,0.4999,0.0038,2.5713,1.5,1.5
20.9,3.0831,-0.0078,-0.0023,0.5005,0.0042,0.5,0.0059,2.5713,1.5,1.5
20.917,3.0997,-0.0079,-0.0022,0.5004,0.0035,0.5,0.008,2.5713,1.5,1.5
20.917,3.0997,-0.0079,-0.0022,0.5004,0.0035,0.5,0.0026,2.6113,1.5,1.5
20.917,3.0997,-0.0079,-0.0022,0.5004,0.0035,0.5,0.0036,2.6113,1.5,1.5
20.95,3.1081,-0.0079,-0.002,0.5003,0.0043,0.4999,0.0047,2.6113,1.5,1.5
20.967,3.1247,-0.008,-0.0018,0.5002,0.0037,0.4994,0.0059,2.6113,1.5,1.5
20.967,3.1247,-0.008,-0.0018,0.5002,0.0037,0.4999,0.0024,2.6113,1.5,1.5
20.967,3.1247,-0.008,-0.0018,0.5002,0.0037,0.5,0.0013,2.6113,1.5,1.5
21.0,3.1331,-0.008,-0.002,0.5001,0.0048,0.5,0.0011,2.6113,1.5,1.5
21.017,3.1497,-0.0081,-0.0017,0.4998,0.0037,0.5,0.0007,2.6113,1.5,1.5
21.017,3.1497,-0.0081,-0.0017,0.4998,0.0037,0.5,0.0023,2.6305,1.5,1.5
21.033,3.1581,-0.0081,-0.0017,0.4995,0.0033,0.5,-0.0001,2.6305,1.5,1.5
21.033,3.1581,-0.0081,-0.0017,0.4995,0.0033,0.4997,0.0026,2.6305,1.5,1.5
21.033,3.1581,-0.0081,-0.0017,0.4995,0.0033,0.4999,0.0054,2.6305,1.5,1.5
21.067,3.1664,-0.0081,-0.0017,0.4997,0.0051,0.5,0.0042,2.6305,1.5,1.5
21.067,3.1664,-0.0081,-0.0017,0.4997,0.0051,0.4999,0.0017,2.6305,1.5,1.5
21.083,3.1831,-0.0081,-0.0015,0.4998,0.0047,0.5,0.0029,2.6305,1.5,1.5
21.083,3.1831,-0.0081,-0.0015,0.4998,0.0047,0.5,0.0033,2.6305,1.5,1.5
21.083,3.1831,-0.0081,-0.0015,0.4998,0.0047,0.5,0.0047,2.6305,1.5,1.5
21.117,3.1914,-0.0082,-0.0015,0.4996,0.0035,0.5,0.0043,2.6305,1.5,1.5
21.133,3.208,-0.0082,-0.0012,0.4995,0.0032,0.5,0.0018,2.6177,1.5,1.5
21.133,3.208,-0.0082,-0.0012,0.4995,0.0032,0.5,0.0013,2.6177,1.5,1.5
21.133,3.208,-0.0082,-0.0012,0.4995,0.0032,0.5,0.0048,2.6177,1.5,1.5
21.167,3.2164,-0.0082,-0.0014,0.4995,0.0037,0.5,0.0034,2.6177,1.5,1.5
21.183,3.233,-0.0083,-0.0014,0.4995,0.0033,0.5,0.004,2.6177,1.5,1.5
21.183,3.233,-0.0083,-0.0014,0.4995,0.0033,0.5,0.0023,2.6177,1.5,1.5
21.2,3.2414,-0.0083,-0.0012,0.4995,0.002,0.5,0.0057,2.6177,1.5,1.5
21.2,3.2414,-0.0083,-0.0012,0.4995,0.002,0.5,0.0048,2.6177,1.5,1.5
21.2,3.2414,-0.0083,-0.0012,0.4995,0.002,0.5,0.0034,2.6242,1.5,1.5
21.233,3.2497,-0.0083,-0.0012,0.4996,0.0022,0.5,-0.0004,2.6242,1.5,1.5
21.25,3.2663,-0.0083,-0.0012,0.4997,0.0022,0.5,0.0011,2.6242,1.5,1.5
21.25,3.2663,-0.0083,-0.0012,0.4997,0.0022,0.5,0.0017,2.6242,1.5,1.5
21.25,3.2663,-0.0083,-0.0012,0.4997,0.0022,0.5,0.0032,2.6242,1.5,1.5
21.283,3.2747,-0.0084,-0.0007,0.4997,0.0021,0.5,-0.0015,2.6242,1.5,1.5
21.283,3.2747,-0.0084,-0.0007,0.4997,0.0021,0.4998,-0.0017,2.6242,1.5,1.5
21.3,3.2913,-0.0084,-0.0007,0.4999,0.0019,0.5,-0.0028,2.6242,1.5,1.5
21.3,3.2913,-0.0084,-0.0007,0.4999,0.0019,0.5,0.0009,2.6242,1.5,1.5
21.3,3.2913,-0.0084,-0.0007,0.4999,0.0019,0.5,0.0026,2.6242,1.5,1.5
21.333,3.2997,-0.0084,-0.001,0.4999,0.0027,0.5,0.004,2.6115,1.5,1.5
21.35,3.3164,-0.0084,0.0,0.5001,0.0022,0.5,0.0022,2.6115,1.5,1.5
21.35,3.3164,-0.0084,0.0,0.5001,0.0022,0.5,0.0021,2.6115,1.5,1.5
21.367,3.3247,-0.0085,-0.0007,0.5002,0.0035,0.5,0.0008,2.6115,1.5,1.5
21.367,3.3247,-0.0085,-0.0007,0.5002,0.0035,0.5,0.0022,2.6115,1.5,1.5
21.367,3.3247,-0.0085,-0.0007,0.5002,0.0035,0.5,0.0041,2.6115,1.5,1.5
21.4,3.333,-0.0085,0.0,0.5002,0.0042,0.5,0.0049,2.6115,1.5,1.5
21.4,3.333,-0.0085,0.0,0.5002,0.0042,0.5,0.0036,2.6115,1.5,1.5
21.417,3.3497,-0.0085,0.0,0.5004,0.0035,0.5,0.0013,2.6115,1.5,1.5
21.417,3.3497,-0.0085,0.0,0.5004,0.0035,0.5,0.0026,2.6436,1.5,1.5
21.417,3.3497,-0.0085,0.0,0.5004,0.0035,0.4998,0.0053,2.6436,1.5,1.5
21.45,3.3581,-0.0085,0.0,0.5004,0.0049,0.5,0.0038,2.6436,1.5,1.5
21.467,3.3747,-0.0086,0.0,0.5006,0.0038,0.5,0.0029,2.6436,1.5,1.5
21.467,3.3747,-0.0086,0.0,0.5006,0.0038,0.5,-0.0016,2.6436,1.5,1.5
21.467,3.3747,-0.0086,0.0,0.5006,0.0038,0.5,0.0024,2.6436,1.5,1.5
21.5,3.3831,-0.0086,0.0,0.5006,0.0043,0.5,0.0037,2.6436,1.5,1.5
21.5,3.3831,-0.0086,0.0,0.5006,0.0043,0.5,0.0062,2.6436,1.5,1.5
21.517,3.3998,-0.0086,0.0,0.5006,0.0055,0.5,0.0057,2.6436,1.5,1.5
21.533,3.4081,-0.0086,-0.0,0.5007,0.0045,0.5,0.0049,2.6322,1.5,1.5
21.533,3.4081,-0.0086,-0.0,0.5007,0.0045,0.5,0.0023,2.6322,1.5,1.5
21.533,3.4081,-0.0086,-0.0,0.5007,0.0045,0.5,0.0047,2.6322,1.5,1.5
21.567,3.4165,-0.0087,0.0,0.5008,0.0045,0.5,0.0058,2.6322,1.5,1.5
21.567,3.4165,-0.0087,0.0,0.5008,0.0045,0.5,0.0025,2.6322,1.5,1.5
21.583,3.4332,-0.0087,0.0,0.5008,0.0051,0.5,0.006,2.6322,1.5,1.5
21.583,3.4332,-0.0087,0.0,0.5008,0.0051,0.5,0.0061,2.6322,1.5,1.5
21.583,3.4332,-0.0087,0.0,0.5008,0.0051,0.5,0.0042,2.6322,1.5,1.5
21.617,3.4415,-0.0087,0.0,0.5007,0.0048,0.5,0.0061,2.6322,1.5,1.5
21.633,3.4582,-0.0087,0.0,0.5008,0.0049,0.5,0.0046,2.6109,1.5,1.5
21.633,3.4582,-0.0087,0.0,0.5008,0.0049,0.5,0.0031,2.6109,1.5,1.5
21.633,3.4582,-0.0087,0.0,0.5008,0.0049,0.5,0.0016,2.6109,1.5,1.5
21.667,3.4666,-0.0087,0.0,0.5007,0.0046,0.5,-0.0003,2.6109,1.5,1.5
21.667,3.4666,-0.0087,0.0,0.5007,0.0046,0.5,0.0045,2.6109,1.5,1.5
21.683,3.4833,-0.0087,0.0,0.5006,0.005,0.5,0.0033,2.6109,1.5,1.5
21.683,3.4833,-0.0087,0.0,0.5006,0.005,0.5,0.0054,2.6109,1.5,1.5
21.7,3.4916,-0.0087,0.0,0.5005,0.0047,0.5,0.0053,2.6109,1.5,1.5
21.7,3.4916,-0.0087,0.0,0.5005,0.0047,0.5,0.0081,2.6109,1.5,1.5
21.733,3.4999,-0.0088,0.0,0.5005,0.0056,0.5,0.0052,2.6395,1.5,1.5
21.733,3.4999,-0.0088,0.0,0.5005,0.0056,0.4997,0.0038,2.6395,1.5,1.5
21.75,3.5166,-0.0088,0.0,0.5003,0.0051,0.4999,0.0038,2.6395,1.5,1.5
21.75,3.5166,-0.0088,0.0,0.5003,0.0051,0.5,0.0033,2.6395,1.5,1.5
21.75,3.5166,-0.0088,0.0,0.5003,0.0051,0.5,0.0025,2.6395,1.5,1.5
21.783,3.525,-0.0088,0.0,0.5003,0.0042,0.5,0.002,2.6395,1.5,1.5
21.8,3.5416,-0.0088,0.001,0.5002,0.0048,0.5,0.0021,2.6395,1.5,1.5
21.8,3.5416,-0.0088,0.001,0.5002,0.0048,0.5,0.0029,2.6395,1.5,1.5
21.8,3.5416,-0.0088,0.001,0.5002,0.0048,0.5,0.0007,2.6395,1.5,1.5
21.833,3.55,-0.0088,0.001,0.5001,0.0038,0.4997,-0.0045,2.6199,1.5,1.5
21.833,3.55,-0.0088,0.001,0.5001,0.0038,0.4999,0.0011,2.6199,1.5,1.5
21.85,3.5666,-0.0088,0.001,0.4999,0.0031,0.5,0.0021,2.6199,1.5,1.5
21.85,3.5666,-0.0088,0.001,0.4999,0.0031,0.5,0.0039,2.6199,1.5,1.5
21.867,3.575,-0.0088,0.001,0.4998,0.0038,0.4996,0.0019,2.6199,1.5,1.5
21.867,3.575,-0.0088,0.001,0.4998,0.0038,0.4999,0.0026,2.6199,1.5,1.5
21.867,3.575,-0.0088,0.001,0.4998,0.0038,0.5,0.0025,2.6199,1.5,1.5
21.9,3.5833,-0.0088,0.0007,0.4995,0.0029,0.5,-0.0002,2.6199,1.5,1.5
21.917,3.5999,-0.0088,0.0012,0.4996,0.0036,0.5,0.0009,2.6199,1.5,1.5
21.917,3.5999,-0.0088,0.0012,0.4996,0.0036,0.5,0.0008,2.6012,1.5,1.5
21.917,3.5999,-0.0088,0.0012,0.4996,0.0036,0.5,0.0037,2.6012,1.5,1.5
21.95,3.6083,-0.0087,0.001,0.4996,0.0027,0.5,0.0054,2.6012,1.5,1.5
21.95,3.6083,-0.0087,0.001,0.4996,0.0027,0.5,0.0017,2.6012,1.5,1.5
21.967,3.6249,-0.0087,0.0012,0.4995,0.0033,0.5,0.0006,2.6012,1.5,1.5
21.967,3.6249,-0.0087,0.0012,0.4995,0.0033,0.5,0.0017,2.6012,1.5,1.5
21.967,3.6249,-0.0087,0.0012,0.4995,0.0033,0.5,0.0003,2.6012,1.5,1.5
22.0,3.6332,-0.0087,0.0014,0.4994,0.0022,0.4997,0.0039,2.6012,1.5,1.5
22.017,3.6499,-0.0087,0.0014,0.4995,0.0016,0.4999,-0.0025,2.6012,1.5,1.5
22.017,3.6499,-0.0087,0.0014,0.4995,0.0016,0.4999,-0.0025,2.6491,1.5,1.5
22.033,3.6582,-0.0087,0.0012,0.4996,0.0022,0.5,0.0034,2.6491,1.5,1.5
22.033,3.6582,-0.0087,0.0012,0.4996,0.0022,0.5,-0.0026,2.6491,1.5,1.5
22.033,3.6582,-0.0087,0.0012,0.4996,0.0022,0.5,-0.0008,2.6491,1.5,1.5
22.067,3.6666,-0.0087,0.0012,0.4996,0.0024,0.5,0.001,2.6491,1.5,1.5
22.083,3.6832,-0.0087,0.0014,0.4997,0.0014,0.5,0.0037,2.6491,1.5,1.5
22.083,3.6832,-0.0087,0.0014,0.4997,0.0014,0.5,-0.0018,2.6491,1.5,1.5
22.083,3.6832,-0.0087,0.0014,0.4997,0.0014,0.5,0.003,2.6491,1.5,1.5
22.117,3.6916,-0.0087,0.0014,0.4998,0.0013,0.5,0.0039,2.6491,1.5,1.5
22.117,3.6916,-0.0087,0.0014,0.4998,0.0013,0.5,0.0021,2.6244,1.5,1.5
22.133,3.7082,-0.0087,0.0015,0.4999,0.0019,0.5,-0.0018,2.6244,1.5,1.5
22.133,3.7082,-0.0087,0.0015,0.4999,0.0019,0.5,0.0007,2.6244,1.5,1.5
22.133,3.7082,-0.0087,0.0015,0.4999,0.0019,0.5,0.0027,2.6244,1.5,1.5
22.167,3.7166,-0.0087,0.0017,0.4998,0.0017,0.5,0.0045,2.6244,1.5,1.5
22.183,3.7332,-0.0086,0.0018,0.5001,0.0013,0.5,0.0064,2.6244,1.5,1.5
22.183,3.7332,-0.0086,0.0018,0.5001,0.0013,0.5,0.003,2.6244,1.5,1.5
22.2,3.7416,-0.0086,0.0018,0.5002,0.0032,0.5,0.0029,2.6244,1.5,1.5
22.2,3.7416,-0.0086,0.0018,0.5002,0.0032,0.5,0.0029,2.6244,1.5,1.5
22.2,3.7416,-0.0086,0.0018,0.5002,0.0032,0.5,0.0041,2.6061,1.5,1.5
22.233,3.7499,-0.0086,0.002,0.5003,0.0025,0.5,0.0038,2.6061,1.5,1.5
22.25,3.7666,-0.0086,0.0021,0.5004,0.0023,0.5,0.0045,2.6061,1.5,1.5
22.25,3.7666,-0.0086,0.0021,0.5004,0.0023,0.5,0.0036,2.6061,1.5,1.5
22.25,3.7666,-0.0086,0.0021,0.5004,0.0023,0.5,0.0017,2.6061,1.5,1.5
22.283,3.775,-0.0086,0.002,0.5005,0.0027,0.5,0.0018,2.6061,1.5,1.5
22.283,3.775,-0.0086,0.002,0.5005,0.0027,0.5,-0.0011,2.6061,1.5,1.5
22.3,3.7916,-0.0086,0.0022,0.5006,0.0031,0.5,-0.0032,2.6061,1.5,1.5
22.3,3.7916,-0.0086,0.0022,0.5006,0.0031,0.5,-0.0035,2.6061,1.5,1.5
22.3,3.7916,-0.0086,0.0022,0.5006,0.0031,0.5,-0.0037,2.6061,1.5,1.5
22.333,3.8,-0.0086,0.0022,0.5006,0.0033,0.5,-0.0041,2.6265,1.5,1.5
22.35,3.8167,-0.0086,0.0024,0.5008,0.0038,0.5,0.0004,2.6265,1.5,1.5
22.35,3.8167,-0.0086,0.0024,0.5008,0.0038,0.5,-0.0021,2.6265,1.5,1.5
22.367,3.825,-0.0086,0.0026,0.5009,0.0028,0.4998,-0.0012,2.6265,1.5,1.5
22.367,3.825,-0.0086,0.0026,0.5009,0.0028,0.5,-0.0008,2.6265,1.5,1.5
22.367,3.825,-0.0086,0.0026,0.5009,0.0028,0.5,0.0019,2.6265,1.5,1.5
22.4,3.8334,-0.0086,0.0026,0.5008,0.0054,0.5,0.0007,2.6265,1.5,1.5
22.417,3.8501,-0.0085,0.0028,0.501,0.0047,0.5,0.0034,2.6265,1.5,1.5
22.417,3.8501,-0.0085,0.0028,0.501,0.0047,0.5,0.0062,2.6264,1.5,1.5
22.417,3.8501,-0.0085,0.0028,0.501,0.0047,0.5,0.0045,2.6264,1.5,1.5
22.45,3.8584,-0.0085,0.0028,0.5008,0.0064,0.5,0.0033,2.6264,1.5,1.5
22.45,3.8584,-0.0085,0.0028,0.5008,0.0064,0.5,0.0032,2.6264,1.5,1.5
22.467,3.8751,-0.0085,0.0028,0.5007,0.0054,0.5,0.0024,2.6264,1.5,1.5
22.467,3.8751,-0.0085,0.0028,0.5007,0.0054,0.4987,0.0039,2.6264,1.5,1.5
22.467,3.8751,-0.0085,0.0028,0.5007,0.0054,0.4998,0.0057,2.6264,1.5,1.5
22.5,3.8835,-0.0085,0.0029,0.5007,0.0052,0.4999,0.0048,2.6264,1.5,1.5
22.517,3.9001,-0.0084,0.0031,0.5005,0.0047,0.5,0.0044,2.6264,1.5,1.5
22.517,3.9001,-0.0084,0.0031,0.5005,0.0047,0.5,0.0043,2.6001,1.5,1.5
22.533,3.9085,-0.0084,0.003,0.5005,0.0031,0.5,-0.0004,2.6001,1.5,1.5
22.533,3.9085,-0.0084,0.003,0.5005,0.0031,0.5,0.0001,2.6001,1.5,1.5
22.533,3.9085,-0.0084,0.003,0.5005,0.0031,0.5,-0.001,2.6001,1.5,1.5
22.567,3.9168,-0.0084,0.0031,0.5004,0.0038,0.5,-0.0005,2.6001,1.5,1.5
22.583,3.9335,-0.0084,0.0032,0.5003,0.0032,0.5,0.0019,2.6001,1.5,1.5
22.583,3.9335,-0.0084,0.0032,0.5003,0.0032,0.5,0.0019,2.6001,1.5,1.5
22.583,3.9335,-0.0084,0.0032,0.5003,0.0032,0.5,-0.0041,2.6001,1.5,1.5
22.617,3.9418,-0.0084,0.0032,0.5002,0.003,0.5,-0.0007,2.6001,1.5,1.5
22.617,3.9418,-0.0084,0.0032,0.5002,0.003,0.5,0.0015,2.6054,1.5,1.5
22.633,3.9585,-0.0083,0.0032,0.499,0.0025,0.5,0.0034,2.6054,1.5,1.5
22.633,3.9585,-0.0083,0.0032,0.499,0.0025,0.5,0.0004,2.6054,1.5,1.5
22.633,3.9585,-0.0083,0.0032,0.499,0.0025,0.5,-0.0003,2.6054,1.5,1.5
22.667,3.9668,-0.0083,0.0032,0.4996,0.0022,0.5,0.0007,2.6054,1.5,1.5
22.683,3.9835,-0.0082,0.0033,0.4998,0.002,0.5,-0.0024,2.6054,1.5,1.5
22.683,3.9835,-0.0082,0.0033,0.4998,0.002,0.5,-0.0025,2.6054,1.5,1.5
22.7,3.9918,-0.0082,0.0034,0.4998,0.0031,0.5,-0.002,2.6054,1.5,1.5
22.7,3.9918,-0.0082,0.0034,0.4998,0.0031,0.5,-0.0008,2.6054,1.5,1.5
22.7,3.9918,-0.0082,0.0034,0.4998,0.0031,0.5,-0.0023,2.6187,1.5,1.5
22.733,4.0001,-0.0082,0.0033,0.4997,0.0018,0.5,0.0001,2.6187,1.5,1.5
22.75,4.0168,-0.0081,0.0033,0.4996,0.003,0.5,0.0008,2.6187,1.5,1.5
22.75,4.0168,-0.0081,0.0033,0.4996,0.003,0.5,0.0017,2.6187,1.5,1.5
22.75,4.0168,-0.0081,0.0033,0.4996,0.003,0.5,0.0038,2.6187,1.5,1.5
22.783,4.0251,-0.0081,0.0034,0.4996,0.0008,0.5,0.0014,2.6187,1.5,1.5
22.783,4.0251,-0.0081,0.0034,0.4996,0.0008,0.5,0.0029,2.6187,1.5,1.5
22.8,4.0418,-0.0081,0.0034,0.4995,0.0015,0.5,0.0034,2.6187,1.5,1.5
22.8,4.0418,-0.0081,0.0034,0.4995,0.0015,0.5,-0.0009,2.6187,1.5,1.5
22.833,4.0501,-0.008,0.0034,0.4995,0.0008,0.5,-0.003,2.5911,1.5,1.5
22.833,4.0501,-0.008,0.0034,0.4995,0.0008,0.5,-0.0037,2.5911,1.5,1.5
22.85,4.0668,-0.008,0.0033,0.4996,0.0011,0.5,-0.0051,2.5911,1.5,1.5
22.85,4.0668,-0.008,0.0033,0.4996,0.0011,0.5,-0.0031,2.5911,1.5,1.5
22.867,4.0751,-0.0079,0.0035,0.4996,0.0003,0.5,-0.0016,2.5911,1.5,1.5
22.867,4.0751,-0.0079,0.0035,0.4996,0.0003,0.5,-0.0034,2.5911,1.5,1.5
22.867,4.0751,-0.0079,0.0035,0.4996,0.0003,0.5,-0.0043,2.5911,1.5,1.5
22.9,4.0834,-0.0079,0.0034,0.4997,-0.0001,0.4999,-0.0059,2.5911,1.5,1.5
22.917,4.1001,-0.0078,0.0035,0.4998,-0.0007,0.4998,-0.0053,2.5911,1.5,1.5
22.917,4.1001,-0.0078,0.0035,0.4998,-0.0007,0.5,-0.0054,2.6905,1.5,1.5
22.917,4.1001,-0.0078,0.0035,0.4998,-0.0007,0.5,-0.0023,2.6905,1.5,1.5
22.95,4.1084,-0.0078,0.0035,0.4999,0.0004,0.5,-0.0008,2.6905,1.5,1.5
22.95,4.1084,-0.0078,0.0035,0.4999,0.0004,0.5,-0.0007,2.6905,1.5,1.5
22.967,4.1251,-0.0078,0.0035,0.5,0.0011,0.5,-0.0033,2.6905,1.5,1.5
22.967,4.1251,-0.0078,0.0035,0.5,0.0011,0.5,-0.0027,2.6905,1.5,1.5
22.967,4.1251,-0.0078,0.0035,0.5,0.0011,0.5,-0.0029,2.6905,1.5,1.5
23.0,4.1334,-0.0077,0.0035,0.5001,0.0015,0.5,0.002,2.6905,1.5,1.5
23.017,4.1501,-0.0077,0.0035,0.5002,0.0008,0.5,0.0023,2.6905,1.5,1.5
23.017,4.1501,-0.0077,0.0035,0.5002,0.0008,0.5,0.0023,2.6236,1.5,1.5
23.033,4.1585,-0.0077,0.0036,0.5003,0.0013,0.5,-0.0006,2.6236,1.5,1.5
23.033,4.1585,-0.0077,0.0036,0.5003,0.0013,0.5,0.0007,2.6236,1.5,1.5
23.033,4.1585,-0.0077,0.0036,0.5003,0.0013,0.5,-0.0006,2.6236,1.5,1.5
23.033,4.1585,-0.0077,0.0036,0.5003,0.0013,0.5,-0.0013,2.6236,1.5,1.5
23.067,4.1668,-0.0076,0.0035,0.5003,0.0013,0.5,-0.0009,2.6236,1.5,1.5
23.067,4.1668,-0.0076,0.0035,0.5003,0.0013,0.5,0.0005,2.6236,1.5,1.5
23.083,4.1835,-0.0076,0.0035,0.5005,0.0007,0.5,-0.0013,2.6236,1.5,1.5
23.083,4.1835,-0.0076,0.0035,0.5005,0.0007,0.5,-0.0053,2.6236,1.5,1.5
23.083,4.1835,-0.0076,0.0035,0.5005,0.0007,0.5,-0.0014,2.6236,1.5,1.5
23.117,4.1918,-0.0076,0.0036,0.5005,0.0004,0.5,-0.0019,2.6236,1.5,1.5
23.133,4.2085,-0.0075,0.0037,0.5006,0.0003,0.5,-0.001,2.6111,1.5,1.5
23.133,4.2085,-0.0075,0.0037,0.5006,0.0003,0.5,-0.0018,2.6111,1.5,1.5
23.133,4.2085,-0.0075,0.0037,0.5006,0.0003,0.5,0.001,2.6111,1.5,1.5
23.167,4.2169,-0.0075,0.0037,0.5007,0.001,0.5,-0.001,2.6111,1.5,1.5
23.167,4.2169,-0.0075,0.0037,0.5007,0.001,0.5,-0.0032,2.6111,1.5,1.5
23.183,4.2336,-0.0074,0.0038,0.5008,0.0002,0.5,-0.0038,2.6111,1.5,1.5
23.2,4.2419,-0.0074,0.0038,0.501,0.0011,0.5,-0.0058,2.6111,1.5,1.5
23.2,4.2419,-0.0074,0.0038,0.501,0.0011,0.5,-0.0031,2.6111,1.5,1.5
23.2,4.2419,-0.0074,0.0038,0.501,0.0011,0.5,-0.0012,2.6111,1.5,1.5
23.233,4.2503,-0.0074,0.0038,0.5008,0.0027,0.5,-0.002,2.6105,1.5,1.5
23.233,4.2503,-0.0074,0.0038,0.5008,0.0027,0.5,0.0021,2.6105,1.5,1.5
23.25,4.267,-0.0073,0.0037,0.5008,0.0024,0.5,0.0015,2.6105,1.5,1.5
23.25,4.267,-0.0073,0.0037,0.5008,0.0024,0.5,0.0029,2.6105,1.5,1.5
23.25,4.267,-0.0073,0.0037,0.5008,0.0024,0.5,0.0053,2.6105,1.5,1.5
23.283,4.2753,-0.0073,0.0038,0.5007,0.002,0.5,0.0042,2.6105,1.5,1.5
23.3,4.292,-0.0072,0.0039,0.5007,0.0011,0.5,0.0002,2.6105,1.5,1.5
23.3,4.292,-0.0072,0.0039,0.5007,0.0011,0.5,0.0006,2.6105,1.5,1.5
23.3,4.292,-0.0072,0.0039,0.5007,0.0011,0.5,-0.0021,2.6105,1.5,1.5
23.333,4.3003,-0.0072,0.0038,0.5006,0.0023,0.5,-0.0031,2.6175,1.5,1.5
23.333,4.3003,-0.0072,0.0038,0.5006,0.0023,0.5,0.0013,2.6175,1.5,1.5
23.35,4.317,-0.0071,0.0038,0.5005,0.002,0.5,0.0019,2.6175,1.5,1.5
23.367,4.3254,-0.0071,0.0038,0.5004,0.0005,0.5,0.0028,2.6175,1.5,1.5
23.367,4.3254,-0.0071,0.0038,0.5004,0.0005,0.5,0.0027,2.6175,1.5,1.5
23.367,4.3254,-0.0071,0.0038,0.5004,0.0005,0.5,0.0019,2.6175,1.5,1.5
23.4,4.3337,-0.0071,0.0038,0.5003,-0.0001,0.5,-0.0003,2.6175,1.5,1.5
23.4,4.3337,-0.0071,0.0038,0.5003,-0.0001,0.5,0.0002,2.6175,1.5,1.5
23.4,4.3337,-0.0071,0.0038,0.5003,-0.0001,0.5,-0.0019,2.6175,1.5,1.5
23.417,4.3504,-0.007,0.0038,0.5002,-0.0007,0.5,-0.004,2.6175,1.5,1.5
23.417,4.3504,-0.007,0.0038,0.5002,-0.0007,0.5,-0.0037,2.6384,1.5,1.5
23.417,4.3504,-0.007,0.0038,0.5002,-0.0007,0.5,-0.0018,2.6384,1.5,1.5
23.45,4.3587,-0.007,0.0038,0.5001,-0.0,0.4993,0.0039,2.6384,1.5,1.5
23.45,4.3587,-0.007,0.0038,0.5001,-0.0,0.4999,0.0044,2.6384,1.5,1.5
23.467,4.3754,-0.0069,0.0038,0.5,0.0003,0.4999,0.004,2.6384,1.5,1.5
23.467,4.3754,-0.0069,0.0038,0.5,0.0003,0.5,0.0016,2.6384,1.5,1.5
23.467,4.3754,-0.0069,0.0038,0.5,0.0003,0.5,0.0013,2.6384,1.5,1.5
23.5,4.3837,-0.0069,0.0038,0.4999,-0.001,0.5,0.0052,2.6384,1.5,1.5
23.517,4.4004,-0.0068,0.0038,0.4997,-0.0016,0.5,0.0038,2.6384,1.5,1.5
23.517,4.4004,-0.0068,0.0038,0.4997,-0.0016,0.5,0.0036,2.6384,1.5,1.5
23.533,4.4087,-0.0068,0.0038,0.4998,-0.0008,0.5,0.0042,2.6233,1.5,1.5
23.533,4.4087,-0.0068,0.0038,0.4998,-0.0008,0.5,0.0038,2.6233,1.5,1.5
23.533,4.4087,-0.0068,0.0038,0.4998,-0.0008,0.5,0.0048,2.6233,1.5,1.5
23.567,4.417,-0.0067,0.0037,0.4996,0.0,0.5,0.0018,2.6233,1.5,1.5
23.583,4.4337,-0.0067,0.0036,0.4995,-0.0012,0.5,0.0025,2.6233,1.5,1.5
23.583,4.4337,-0.0067,0.0036,0.4995,-0.0012,0.5,-0.0048,2.6233,1.5,1.5
23.583,4.4337,-0.0067,0.0036,0.4995,-0.0012,0.5,-0.0041,2.6233,1.5,1.5
23.583,4.4337,-0.0067,0.0036,0.4995,-0.0012,0.5,-0.0015,2.6233,1.5,1.5
23.617,4.442,-0.0066,0.0037,0.499,-0.0029,0.5,-0.0005,2.6075,1.5,1.5
23.633,4.4587,-0.0066,0.0037,0.4995,-0.0016,0.5,-0.0011,2.6075,1.5,1.5
23.633,4.4587,-0.0066,0.0037,0.4995,-0.0016,0.5,-0.0001,2.6075,1.5,1.5
23.633,4.4587,-0.0066,0.0037,0.4995,-0.0016,0.5,0.0031,2.6075,1.5,1.5
23.667,4.467,-0.0065,0.0037,0.4995,-0.002,0.5,-0.0,2.6075,1.5,1.5
23.667,4.467,-0.0065,0.0037,0.4995,-0.002,0.5,-0.0026,2.6075,1.5,1.5
23.683,4.4836,-0.0065,0.0036,0.4996,-0.0023,0.5,-0.0045,2.6075,1.5,1.5
23.7,4.492,-0.0064,0.0036,0.4997,-0.002,0.5,-0.0036,2.6075,1.5,1.5
23.7,4.492,-0.0064,0.0036,0.4997,-0.002,0.5,-0.0045,2.6075,1.5,1.5
23.7,4.492,-0.0064,0.0036,0.4997,-0.002,0.5,-0.004,2.6075,1.5,1.5
23.733,4.5003,-0.0064,0.0036,0.4997,-0.0009,0.5,-0.0033,2.6169,1.5,1.5
23.733,4.5003,-0.0064,0.0036,0.4997,-0.0009,0.5,0.0029,2.6169,1.5,1.5
23.75,4.517,-0.0063,0.0036,0.4998,-0.0004,0.5,-0.0011,2.6169,1.5,1.5
23.75,4.517,-0.0063,0.0036,0.4998,-0.0004,0.5,0.0003,2.6169,1.5,1.5
23.783,4.5253,-0.0063,0.0035,0.4999,-0.0008,0.5,-0.0015,2.6169,1.5,1.5
23.783,4.5253,-0.0063,0.0035,0.4999,-0.0008,0.5,-0.0012,2.6169,1.5,1.5
23.8,4.542,-0.0062,0.0036,0.5001,-0.0015,0.5,-0.0012,2.6169,1.5,1.5
23.8,4.542,-0.0062,0.0036,0.5001,-0.0015,0.5,0.0018,2.6169,1.5,1.5
23.8,4.542,-0.0062,0.0036,0.5001,-0.0015,0.5,0.0019,2.619,1.5,1.5
23.833,4.5503,-0.0062,0.0037,0.5002,0.0003,0.5,0.0025,2.619,1.5,1.5
23.833,4.5503,-0.0062,0.0037,0.5002,0.0003,0.5,0.0004,2.619,1.5,1.5
23.85,4.567,-0.0061,0.0036,0.5003,0.0003,0.5,0.0016,2.619,1.5,1.5
23.867,4.5753,-0.0061,0.0036,0.5003,0.0002,0.5,0.0006,2.619,1.5,1.5
23.867,4.5753,-0.0061,0.0036,0.5003,0.0002,0.5,-0.0009,2.619,1.5,1.5
23.867,4.5753,-0.0061,0.0036,0.5003,0.0002,0.5,0.0033,2.619,1.5,1.5
23.9,4.5837,-0.0061,0.0037,0.5004,-0.0003,0.4991,0.0021,2.619,1.5,1.5
23.9,4.5837,-0.0061,0.0037,0.5004,-0.0003,0.4999,-0.0032,2.619,1.5,1.5
23.917,4.6004,-0.006,0.0037,0.5005,0.0001,0.4999,-0.0029,2.619,1.5,1.5
23.917,4.6004,-0.006,0.0037,0.5005,0.0001,0.5,0.0009,2.6063,1.5,1.5
23.95,4.6087,-0.006,0.0036,0.5006,0.0008,0.5,0.0003,2.6063,1.5,1.5
23.95,4.6087,-0.006,0.0036,0.5006,0.0008,0.5,-0.0009,2.6063,1.5,1.5
23.967,4.6254,-0.0059,0.0037,0.5007,0.0006,0.5,0.0003,2.6063,1.5,1.5
23.967,4.6254,-0.0059,0.0037,0.5007,0.0006,0.5,-0.0027,2.6063,1.5,1.5
23.967,4.6254,-0.0059,0.0037,0.5007,0.0006,0.5,-0.0019,2.6063,1.5,1.5
24.0,4.6338,-0.0059,0.0037,0.5007,0.0004,0.5,-0.0038,2.6063,1.5,1.5
24.0,4.6338,-0.0059,0.0037,0.5007,0.0004,0.5,-0.0062,2.6063,1.5,1.5
24.017,4.6505,-0.0059,0.0037,0.5008,0.0013,0.5,-0.0056,2.6063,1.5,1.5
24.033,4.6588,-0.0058,0.0037,0.5008,0.0009,0.5,-0.0024,2.6288,1.5,1.5
24.033,4.6588,-0.0058,0.0037,0.5008,0.0009,0.5,-0.0052,2.6288,1.5,1.5
24.033,4.6588,-0.0058,0.0037,0.5008,0.0009,0.5,-0.0049,2.6288,1.5,1.5
24.067,4.6671,-0.0058,0.0038,0.5001,0.0014,0.5,-0.0015,2.6288,1.5,1.5
24.067,4.6671,-0.0058,0.0038,0.5001,0.0014,0.5,0.0022,2.6288,1.5,1.5
24.083,4.6838,-0.0058,0.0038,0.5007,0.0008,0.5,0.0017,2.6288,1.5,1.5
24.083,4.6838,-0.0058,0.0038,0.5007,0.0008,0.5,0.001,2.6288,1.5,1.5
24.083,4.6838,-0.0058,0.0038,0.5007,0.0008,0.5,-0.0013,2.6288,1.5,1.5
24.117,4.6922,-0.0057,0.0038,0.5007,0.0017,0.5,0.001,2.6288,1.5,1.5
24.133,4.7089,-0.0057,0.0038,0.5006,0.0015,0.5,0.0006,2.594,1.5,1.5
24.133,4.7089,-0.0057,0.0038,0.5006,0.0015,0.5,0.0017,2.594,1.5,1.5
24.133,4.7089,-0.0057,0.0038,0.5006,0.0015,0.5,0.0003,2.594,1.5,1.5
24.167,4.7172,-0.0056,0.0038,0.5005,0.0025,0.5,0.0031,2.594,1.5,1.5
24.167,4.7172,-0.0056,0.0038,0.5005,0.0025,0.5,0.0049,2.594,1.5,1.5
24.183,4.7339,-0.0056,0.0038,0.5004,0.0005,0.5,0.002,2.594,1.5,1.5
24.2,4.7422,-0.0055,0.0038,0.5004,0.0013,0.5,0.0016,2.594,1.5,1.5
24.2,4.7422,-0.0055,0.0038,0.5004,0.0013,0.5,0.0027,2.594,1.5,1.5
24.2,4.7422,-0.0055,0.0038,0.5004,0.0013,0.5,-0.0037,2.594,1.5,1.5
24.233,4.7506,-0.0055,0.0037,0.5003,-0.0002,0.5,-0.0023,2.5995,1.5,1.5
24.233,4.7506,-0.0055,0.0037,0.5003,-0.0002,0.5,-0.0013,2.5995,1.5,1.5
24.25,4.7672,-0.0054,0.0038,0.5001,-0.0003,0.5,0.0,2.5995,1.5,1.5
24.25,4.7672,-0.0054,0.0038,0.5001,-0.0003,0.5,0.0015,2.5995,1.5,1.5
24.25,4.7672,-0.0054,0.0038,0.5001,-0.0003,0.5,-0.0024,2.5995,1.5,1.5
24.283,4.7756,-0.0054,0.0037,0.5,-0.0002,0.5,-0.0017,2.5995,1.5,1.5
24.3,4.7922,-0.0053,0.0037,0.4998,-0.0007,0.5,0.0004,2.5995,1.5,1.5
24.3,4.7922,-0.0053,0.0037,0.4998,-0.0007,0.5,0.0028,2.5995,1.5,1.5
24.3,4.7922,-0.0053,0.0037,0.4998,-0.0007,0.4994,0.0013,2.5995,1.5,1.5
24.333,4.8006,-0.0053,0.0037,0.4998,-0.003,0.4999,0.0011,2.6322,1.5,1.5
24.333,4.8006,-0.0053,0.0037,0.4998,-0.003,0.4999,0.0004,2.6322,1.5,1.5
24.35,4.8172,-0.0052,0.0036,0.4997,-0.0016,0.5,-0.0029,2.6322,1.5,1.5
24.367,4.8256,-0.0052,0.0036,0.4998,-0.0014,0.5,-0.0025,2.6322,1.5,1.5
24.367,4.8256,-0.0052,0.0036,0.4998,-0.0014,0.5,-0.0049,2.6322,1.5,1.5
24.367,4.8256,-0.0052,0.0036,0.4998,-0.0014,0.5,0.0001,2.6322,1.5,1.5
24.4,4.8339,-0.0051,0.0036,0.4996,-0.0008,0.5,-0.0008,2.6322,1.5,1.5
24.4,4.8339,-0.0051,0.0036,0.4996,-0.0008,0.5,-0.0003,2.6322,1.5,1.5
24.417,4.8505,-0.0051,0.0036,0.4995,-0.0011,0.5,-0.0018,2.6322,1.5,1.5
24.417,4.8505,-0.0051,0.0036,0.4995,-0.0011,0.5,-0.0047,2.5701,1.5,1.5
24.417,4.8505,-0.0051,0.0036,0.4995,-0.0011,0.5,-0.0037,2.5701,1.5,1.5
24.45,4.8589,-0.005,0.0035,0.4995,-0.0016,0.5,0.0,2.5701,1.5,1.5
24.45,4.8589,-0.005,0.0035,0.4995,-0.0016,0.5,0.0018,2.5701,1.5,1.5
24.467,4.8755,-0.005,0.0035,0.4991,-0.0014,0.5,-0.0001,2.5701,1.5,1.5
24.467,4.8755,-0.005,0.0035,0.4991,-0.0014,0.5,-0.0019,2.5701,1.5,1.5
24.467,4.8755,-0.005,0.0035,0.4991,-0.0014,0.5,-0.0058,2.5701,1.5,1.5
24.5,4.8838,-0.0049,0.0035,0.4994,-0.0022,0.5,-0.004,2.5701,1.5,1.5
24.517,4.9005,-0.0049,0.0034,0.4997,-0.0017,0.4999,-0.0046,2.5701,1.5,1.5
24.517,4.9005,-0.0049,0.0034,0.4997,-0.0017,0.5,-0.0056,2.5701,1.5,1.5
24.533,4.9088,-0.0048,0.0034,0.4997,-0.0024,0.5,-0.0097,2.6041,1.5,1.5
24.533,4.9088,-0.0048,0.0034,0.4997,-0.0024,0.5,-0.0048,2.6041,1.5,1.5
24.533,4.9088,-0.0048,0.0034,0.4997,-0.0024,0.5,-0.0023,2.6041,1.5,1.5
24.567,4.9172,-0.0048,0.0034,0.4998,-0.0021,0.5,0.001,2.6041,1.5,1.5
24.567,4.9172,-0.0048,0.0034,0.4998,-0.0021,0.5,0.0005,2.6041,1.5,1.5
24.583,4.9338,-0.0047,0.0034,0.4999,-0.0019,0.5,0.0009,2.6041,1.5,1.5
24.583,4.9338,-0.0047,0.0034,0.4999,-0.0019,0.5,-0.0037,2.6041,1.5,1.5
24.583,4.9338,-0.0047,0.0034,0.4999,-0.0019,0.4998,-0.0026,2.6041,1.5,1.5
24.617,4.9422,-0.0047,0.0034,0.5,-0.0023,0.5,-0.0054,2.6041,1.5,1.5
24.633,4.9588,-0.0046,0.0033,0.5002,-0.0008,0.5,-0.0015,2.6675,1.5,1.5
24.633,4.9588,-0.0046,0.0033,0.5002,-0.0008,0.5,-0.0003,2.6675,1.5,1.5
24.633,4.9588,-0.0046,0.0033,0.5002,-0.0008,0.5,0.0017,2.6675,1.5,1.5
24.667,4.9672,-0.0046,0.0032,0.5002,-0.0013,0.5,0.0014,2.6675,1.5,1.5
24.667,4.9672,-0.0046,0.0032,0.5002,-0.0013,0.5,-0.0027,2.6675,1.5,1.5
24.683,4.9839,-0.0045,0.0032,0.5003,-0.0001,0.5,-0.0027,2.6675,1.5,1.5
24.7,4.9922,-0.0045,0.0032,0.5004,-0.0026,0.5,-0.0032,2.6675,1.5,1.5
24.7,4.9922,-0.0045,0.0032,0.5004,-0.0026,0.5,-0.0054,2.6675,1.5,1.5
24.7,4.9922,-0.0045,0.0032,0.5004,-0.0026,0.5,-0.0058,2.6675,1.5,1.5
24.733,5.0006,-0.0045,0.0033,0.5005,-0.0016,0.5,-0.0081,2.6396,1.5,1.5
24.733,5.0006,-0.0045,0.0033,0.5005,-0.0016,0.5,-0.003,2.6396,1.5,1.5
24.75,5.0172,-0.0044,0.0032,0.5006,-0.0007,0.5,-0.0013,2.6396,1.5,1.5
24.75,5.0172,-0.0044,0.0032,0.5006,-0.0007,0.5,0.0015,2.6396,1.5,1.5
24.75,5.0172,-0.0044,0.0032,0.5006,-0.0007,0.5,-0.0009,2.6396,1.5,1.5
24.783,5.0256,-0.0044,0.0032,0.5004,-0.0011,0.5,-0.0025,2.6396,1.5,1.5
24.8,5.0423,-0.0043,0.0032,0.5007,-0.0012,0.5,-0.0024,2.6396,1.5,1.5
24.8,5.0423,-0.0043,0.0032,0.5007,-0.0012,0.4999,-0.0001,2.6396,1.5,1.5
24.8,5.0423,-0.0043,0.0032,0.5007,-0.0012,0.5,0.003,2.6396,1.5,1.5
24.833,5.0506,-0.0043,0.0032,0.5007,0.0003,0.5,-0.0033,2.5986,1.5,1.5
24.833,5.0506,-0.0043,0.0032,0.5007,0.0003,0.5,-0.0031,2.5986,1.5,1.5
24.85,5.0673,-0.0043,0.0032,0.5009,-0.0007,0.5,-0.0045,2.5986,1.5,1.5
24.867,5.0757,-0.0042,0.0032,0.5008,0.0014,0.5,-0.0012,2.5986,1.5,1.5
24.867,5.0757,-0.0042,0.0032,0.5008,0.0014,0.5,0.0025,2.5986,1.5,1.5
24.867,5.0757,-0.0042,0.0032,0.5008,0.0014,0.5,0.0011,2.5986,1.5,1.5
24.9,5.084,-0.0042,0.0032,0.5008,0.0,0.5,-0.0011,2.5986,1.5,1.5
24.9,5.084,-0.0042,0.0032,0.5008,0.0,0.5,-0.0007,2.5986,1.5,1.5
24.917,5.1007,-0.0041,0.0031,0.5007,-0.001,0.5,-0.0026,2.5986,1.5,1.5
24.917,5.1007,-0.0041,0.0031,0.5007,-0.001,0.5,-0.0029,2.592,1.5,1.5
24.917,5.1007,-0.0041,0.0031,0.5007,-0.001,0.4996,-0.002,2.592,1.5,1.5
24.95,5.1091,-0.0041,0.0032,0.5007,-0.0001,0.4999,-0.0034,2.592,1.5,1.5
24.967,5.1257,-0.0041,0.0032,0.5005,-0.0012,0.5,-0.002,2.592,1.5,1.5
24.967,5.1257,-0.0041,0.0032,0.5005,-0.0012,0.5,-0.0056,2.592,1.5,1.5
24.967,5.1257,-0.0041,0.0032,0.5005,-0.0012,0.5,-0.0066,2.592,1.5,1.5
25.0,5.1341,-0.004,0.0031,0.5005,0.0006,0.5,-0.0076,2.592,1.5,1.5
25.0,5.1341,-0.004,0.0031,0.5005,0.0006,0.5,-0.0059,2.592,1.5,1.5
25.017,5.1508,-0.004,0.0031,0.5003,-0.0011,0.5,-0.0047,2.592,1.5,1.5
25.033,5.1591,-0.0039,0.003,0.5002,-0.0013,0.5,-0.0072,2.6273,1.5,1.5
25.033,5.1591,-0.0039,0.003,0.5002,-0.0013,0.4998,-0.0064,2.6273,1.5,1.5
25.033,5.1591,-0.0039,0.003,0.5002,-0.0013,0.5,-0.0062,2.6273,1.5,1.5
25.033,5.1591,-0.0039,0.003,0.5002,-0.0013,0.5,-0.0038,2.6273,1.5,1.5
25.067,5.1674,-0.0039,0.0029,0.5002,-0.0009,0.5,-0.0022,2.6273,1.5,1.5
25.083,5.1841,-0.0039,0.0029,0.4997,-0.0015,0.5,0.0009,2.6273,1.5,1.5
25.083,5.1841,-0.0039,0.0029,0.4997,-0.0015,0.5,0.001,2.6273,1.5,1.5
25.083,5.1841,-0.0039,0.0029,0.4997,-0.0015,0.5,0.0006,2.6273,1.5,1.5
25.117,5.1924,-0.0038,0.0028,0.4998,-0.0013,0.5,-0.0049,2.6273,1.5,1.5
25.117,5.1924,-0.0038,0.0028,0.4998,-0.0013,0.4998,-0.0004,2.5834,1.5,1.5
25.133,5.2091,-0.0038,0.0028,0.4998,-0.0017,0.5,-0.0044,2.5834,1.5,1.5
25.133,5.2091,-0.0038,0.0028,0.4998,-0.0017,0.5,-0.0013,2.5834,1.5,1.5
25.133,5.2091,-0.0038,0.0028,0.4998,-0.0017,0.5,-0.002,2.5834,1.5,1.5
25.167,5.2174,-0.0037,0.0026,0.4998,-0.003,0.5,0.0004,2.5834,1.5,1.5
25.183,5.2341,-0.0036,0.0025,0.4996,-0.002,0.4996,0.0007,2.5834,1.5,1.5
25.183,5.2341,-0.0036,0.0025,0.4996,-0.002,0.4999,0.0018,2.5834,1.5,1.5
25.2,5.2424,-0.0036,0.0025,0.4996,-0.0043,0.5,-0.0017,2.5834,1.5,1.5
25.2,5.2424,-0.0036,0.0025,0.4996,-0.0043,0.5,-0.002,2.5834,1.5,1.5
25.2,5.2424,-0.0036,0.0025,0.4996,-0.0043,0.5,-0.002,2.6174,1.5,1.5
25.233,5.2507,-0.0036,0.0025,0.4995,-0.0039,0.5,0.0002,2.6174,1.5,1.5
25.25,5.2674,-0.0035,0.0023,0.4995,-0.0046,0.5,-0.0055,2.6174,1.5,1.5
25.25,5.2674,-0.0035,0.0023,0.4995,-0.0046,0.5,-0.0065,2.6174,1.5,1.5
25.25,5.2674,-0.0035,0.0023,0.4995,-0.0046,0.5,-0.0065,2.6174,1.5,1.5
25.283,5.2757,-0.0035,0.0023,0.4995,-0.0032,0.5,-0.0032,2.6174,1.5,1.5
25.283,5.2757,-0.0035,0.0023,0.4995,-0.0032,0.5,-0.0016,2.6174,1.5,1.5
25.3,5.2924,-0.0034,0.0022,0.4995,-0.0042,0.5,-0.0032,2.6174,1.5,1.5
25.3,5.2924,-0.0034,0.0022,0.4995,-0.0042,0.4991,-0.0052,2.6174,1.5,1.5
25.3,5.2924,-0.0034,0.0022,0.4995,-0.0042,0.4995,-0.0082,2.6042,1.5,1.5
25.333,5.3007,-0.0034,0.0021,0.4996,-0.0044,0.4999,-0.0068,2.6042,1.5,1.5
25.35,5.3174,-0.0033,0.002,0.4996,-0.0048,0.5,-0.0062,2.6042,1.5,1.5
25.35,5.3174,-0.0033,0.002,0.4996,-0.0048,0.5,-0.0041,2.6042,1.5,1.5
25.367,5.3257,-0.0033,0.0021,0.4998,-0.0031,0.5,-0.0042,2.6042,1.5,1.5
25.367,5.3257,-0.0033,0.0021,0.4998,-0.0031,0.5,-0.0047,2.6042,1.5,1.5
25.367,5.3257,-0.0033,0.0021,0.4998,-0.0031,0.5,-0.0049,2.6042,1.5,1.5
25.4,5.334,-0.0033,0.0018,0.4998,-0.0047,0.5,-0.0057,2.6042,1.5,1.5
25.417,5.3507,-0.0032,0.0018,0.5,-0.0032,0.5,-0.0054,2.6042,1.5,1.5
25.417,5.3507,-0.0032,0.0018,0.5,-0.0032,0.5,-0.0055,2.5942,1.5,1.5
25.417,5.3507,-0.0032,0.0018,0.5,-0.0032,0.5,-0.0084,2.5942,1.5,1.5
25.417,5.3507,-0.0032,0.0018,0.5,-0.0032,0.5,-0.0042,2.5942,1.5,1.5
25.417,5.3507,-0.0032,0.0018,0.5,-0.0032,0.5,-0.0028,2.5942,1.5,1.5
25.45,5.359,-0.0032,0.0018,0.5001,-0.0039,0.5,-0.0039,2.5942,1.5,1.5
25.467,5.3757,-0.0032,0.0017,0.4995,-0.0029,0.5,-0.0036,2.5942,1.5,1.5
25.467,5.3757,-0.0032,0.0017,0.4995,-0.0029,0.5,-0.0046,2.5942,1.5,1.5
25.467,5.3757,-0.0032,0.0017,0.4995,-0.0029,0.5,-0.0068,2.5942,1.5,1.5
25.5,5.384,-0.0031,0.0017,0.5001,-0.0034,0.5,-0.0052,2.5942,1.5,1.5
25.5,5.384,-0.0031,0.0017,0.5001,-0.0034,0.5,-0.0043,2.5942,1.5,1.5
25.517,5.4007,-0.0031,0.0015,0.5004,-0.0026,0.5,-0.0034,2.5942,1.5,1.5
25.517,5.4007,-0.0031,0.0015,0.5004,-0.0026,0.5,-0.0053,2.5942,1.5,1.5
25.533,5.4091,-0.0031,0.0015,0.5004,-0.0021,0.5,-0.0056,2.6115,1.5,1.5
25.533,5.4091,-0.0031,0.0015,0.5004,-0.0021,0.5,-0.0051,2.6115,1.5,1.5
25.533,5.4091,-0.0031,0.0015,0.5004,-0.0021,0.5,-0.0031,2.6115,1.5,1.5
25.567,5.4174,-0.0031,0.0015,0.5005,-0.0024,0.5,-0.0034,2.6115,1.5,1.5
25.567,5.4174,-0.0031,0.0015,0.5005,-0.0024,0.5,-0.004,2.6115,1.5,1.5
25.583,5.4341,-0.003,0.0014,0.5006,-0.0027,0.5,-0.004,2.6115,1.5,1.5
25.583,5.4341,-0.003,0.0014,0.5006,-0.0027,0.5,-0.0021,2.6115,1.5,1.5
25.583,5.4341,-0.003,0.0014,0.5006,-0.0027,0.5,-0.0011,2.6115,1.5,1.5
25.617,5.4424,-0.003,0.0015,0.5006,-0.002,0.4997,0.0002,2.6115,1.5,1.5
25.633,5.4591,-0.003,0.0014,0.5007,-0.002,0.5,-0.0019,2.6191,1.5,1.5
25.633,5.4591,-0.003,0.0014,0.5007,-0.002,0.5,-0.0067,2.6191,1.5,1.5
25.633,5.4591,-0.003,0.0014,0.5007,-0.002,0.5,-0.0038,2.6191,1.5,1.5
25.667,5.4675,-0.003,0.0015,0.5008,-0.0021,0.5,-0.001,2.6191,1.5,1.5
25.667,5.4675,-0.003,0.0015,0.5008,-0.0021,0.5,-0.0007,2.6191,1.5,1.5
25.683,5.4842,-0.0029,0.0012,0.5008,-0.0022,0.5,-0.0029,2.6191,1.5,1.5
25.7,5.4925,-0.0029,0.0012,0.5007,-0.0023,0.5,-0.0028,2.6191,1.5,1.5
25.7,5.4925,-0.0029,0.0012,0.5007,-0.0023,0.4997,-0.0016,2.6191,1.5,1.5
25.7,5.4925,-0.0029,0.0012,0.5007,-0.0023,0.5,-0.0045,2.6191,1.5,1.5
25.733,5.5009,-0.0029,0.001,0.5007,-0.0018,0.5,-0.0062,2.6552,1.5,1.5
25.733,5.5009,-0.0029,0.001,0.5007,-0.0018,0.5,-0.0041,2.6552,1.5,1.5
25.75,5.5176,-0.0029,0.0012,0.5006,-0.0024,0.5,-0.0018,2.6552,1.5,1.5
25.75,5.5176,-0.0029,0.0012,0.5006,-0.0024,0.5,-0.0042,2.6552,1.5,1.5
25.75,5.5176,-0.0029,0.0012,0.5006,-0.0024,0.5,-0.0001,2.6552,1.5,1.5
25.783,5.5259,-0.0028,0.0012,0.5006,-0.0024,0.4992,-0.0012,2.6552,1.5,1.5
25.8,5.5426,-0.0028,0.0012,0.5005,-0.0027,0.4999,-0.0045,2.6552,1.5,1.5
25.8,5.5426,-0.0028,0.0012,0.5005,-0.0027,0.4999,-0.0049,2.6552,1.5,1.5
25.8,5.5426,-0.0028,0.0012,0.5005,-0.0027,0.5,-0.0061,2.6552,1.5,1.5
25.833,5.5509,-0.0028,0.001,0.5004,-0.0031,0.5,-0.0019,2.6025,1.5,1.5
25.833,5.5509,-0.0028,0.001,0.5004,-0.0031,0.5,-0.0011,2.6025,1.5,1.5
25.85,5.5676,-0.0027,0.0,0.5002,-0.0029,0.5,-0.0019,2.6025,1.5,1.5
25.85,5.5676,-0.0027,0.0,0.5002,-0.0029,0.5,-0.0023,2.6025,1.5,1.5
25.867,5.5759,-0.0027,0.0,0.5001,-0.0025,0.5,-0.0018,2.6025,1.5,1.5
25.867,5.5759,-0.0027,0.0,0.5001,-0.0025,0.5,-0.0005,2.6025,1.5,1.5
25.9,5.5843,-0.0027,0.0007,0.5001,-0.0027,0.5,-0.0012,2.6025,1.5,1.5
25.9,5.5843,-0.0027,0.0007,0.5001,-0.0027,0.5,-0.0007,2.6025,1.5,1.5
25.917,5.6009,-0.0027,0.0,0.4999,-0.0045,0.5,-0.0029,2.6025,1.5,1.5
25.917,5.6009,-0.0027,0.0,0.4999,-0.0045,0.5,-0.0039,2.6027,1.5,1.5
25.917,5.6009,-0.0027,0.0,0.4999,-0.0045,0.5,-0.0071,2.6027,1.5,1.5
25.95,5.6093,-0.0027,0.0,0.4992,-0.0038,0.5,-0.0063,2.6027,1.5,1.5
25.95,5.6093,-0.0027,0.0,0.4992,-0.0038,0.5,-0.0025,2.6027,1.5,1.5
25.967,5.6259,-0.0026,0.0,0.4997,-0.0046,0.5,-0.0041,2.6027,1.5,1.5
25.967,5.6259,-0.0026,0.0,0.4997,-0.0046,0.5,-0.0076,2.6027,1.5,1.5
25.967,5.6259,-0.0026,0.0,0.4997,-0.0046,0.5,-0.008,2.6027,1.5,1.5
26.0,5.6343,-0.0026,0.0,0.4997,-0.0061,0.5,-0.0064,2.6027,1.5,1.5
26.017,5.6509,-0.0026,0.0,0.4996,-0.0058,0.4998,-0.0058,2.6027,1.5,1.5
26.017,5.6509,-0.0026,0.0,0.4996,-0.0058,0.4999,-0.0072,2.6006,1.5,1.5
26.033,5.6592,-0.0025,0.0,0.4995,-0.0047,0.5,-0.0075,2.6006,1.5,1.5
26.033,5.6592,-0.0025,0.0,0.4995,-0.0047,0.5,-0.0062,2.6006,1.5,1.5
26.033,5.6592,-0.0025,0.0,0.4995,-0.0047,0.5,-0.0026,2.6006,1.5,1.5
26.067,5.6676,-0.0025,0.0,0.4996,-0.0055,0.4992,-0.0054,2.6006,1.5,1.5
26.083,5.6842,-0.0025,0.0,0.4995,-0.0046,0.4999,-0.0079,2.6006,1.5,1.5
26.083,5.6842,-0.0025,0.0,0.4995,-0.0046,0.4999,-0.0044,2.6006,1.5,1.5
26.083,5.6842,-0.0025,0.0,0.4995,-0.0046,0.5,-0.0022,2.6006,1.5,1.5
26.117,5.6925,-0.0025,0.0,0.4995,-0.0048,0.5,-0.0049,2.6006,1.5,1.5
26.117,5.6925,-0.0025,0.0,0.4995,-0.0048,0.5,-0.0047,2.6006,1.5,1.5
26.133,5.7092,-0.0025,0.0,0.4996,-0.0045,0.5,-0.0021,2.6441,1.5,1.5
26.133,5.7092,-0.0025,0.0,0.4996,-0.0045,0.5,-0.0037,2.6441,1.5,1.5
26.133,5.7092,-0.0025,0.0,0.4996,-0.0045,0.5,-0.0018,2.6441,1.5,1.5
26.133,5.7092,-0.0025,0.0,0.4996,-0.0045,0.5,-0.0024,2.6441,1.5,1.5
26.167,5.7175,-0.0024,0.0,0.4995,-0.0056,0.5,-0.0025,2.6441,1.5,1.5
26.167,5.7175,-0.0024,0.0,0.4995,-0.0056,0.5,-0.0067,2.6441,1.5,1.5
26.183,5.7342,-0.0024,0.0,0.4997,-0.0051,0.5,-0.0067,2.6441,1.5,1.5
26.2,5.7425,-0.0024,0.0,0.4992,-0.006,0.5,-0.0047,2.6441,1.5,1.5
26.2,5.7425,-0.0024,0.0,0.4992,-0.006,0.5,-0.0025,2.6441,1.5,1.5
26.2,5.7425,-0.0024,0.0,0.4992,-0.006,0.5,-0.004,2.6441,1.5,1.5
26.233,5.7508,-0.0024,0.0,0.4997,-0.0046,0.5,-0.0064,2.6378,1.5,1.5
26.233,5.7508,-0.0024,0.0,0.4997,-0.0046,0.5,-0.0092,2.6378,1.5,1.5
26.25,5.7675,-0.0024,0.0,0.5,-0.0052,0.5,-0.0054,2.6378,1.5,1.5
26.25,5.7675,-0.0024,0.0,0.5,-0.0052,0.5,-0.0044,2.6378,1.5,1.5
26.25,5.7675,-0.0024,0.0,0.5,-0.0052,0.5,-0.0035,2.6378,1.5,1.5
26.283,5.7759,-0.0024,0.0,0.5001,-0.0053,0.5,-0.008,2.6378,1.5,1.5
26.3,5.7925,-0.0024,-0.0007,0.5003,-0.0053,0.5,-0.0087,2.6378,1.5,1.5
26.3,5.7925,-0.0024,-0.0007,0.5003,-0.0053,0.5,-0.0086,2.6378,1.5,1.5
26.3,5.7925,-0.0024,-0.0007,0.5003,-0.0053,0.5,-0.0042,2.6378,1.5,1.5
26.333,5.8009,-0.0024,0.0,0.5003,-0.0033,0.5,-0.0025,2.6539,1.5,1.5
26.333,5.8009,-0.0024,0.0,0.5003,-0.0033,0.5,-0.0029,2.6539,1.5,1.5
26.35,5.8176,-0.0024,-0.0007,0.5004,-0.0046,0.5,-0.0039,2.6539,1.5,1.5
26.35,5.8176,-0.0024,-0.0007,0.5004,-0.0046,0.5,-0.0021,2.6539,1.5,1.5
26.367,5.8259,-0.0024,-0.0007,0.5005,-0.0036,0.5,-0.0018,2.6539,1.5,1.5
26.367,5.8259,-0.0024,-0.0007,0.5005,-0.0036,0.5,-0.0005,2.6539,1.5,1.5
26.367,5.8259,-0.0024,-0.0007,0.5005,-0.0036,0.5,-0.0023,2.6539,1.5,1.5
26.4,5.8343,-0.0024,-0.0007,0.5006,-0.0039,0.5,-0.0044,2.6539,1.5,1.5
26.417,5.851,-0.0024,-0.0012,0.5006,-0.0041,0.5,-0.006,2.6539,1.5,1.5
26.417,5.851,-0.0024,-0.0012,0.5006,-0.0041,0.5,-0.006,2.6215,1.5,1.5
26.417,5.851,-0.0024,-0.0012,0.5006,-0.0041,0.5,-0.0048,2.6215,1.5,1.5
26.45,5.8593,-0.0024,-0.0012,0.5006,-0.0028,0.5,-0.0025,2.6215,1.5,1.5
26.45,5.8593,-0.0024,-0.0012,0.5006,-0.0028,0.5,-0.0017,2.6215,1.5,1.5
26.467,5.876,-0.0024,-0.0014,0.5007,-0.005,0.5,-0.0032,2.6215,1.5,1.5
26.467,5.876,-0.0024,-0.0014,0.5007,-0.005,0.5,-0.0015,2.6215,1.5,1.5
26.467,5.876,-0.0024,-0.0014,0.5007,-0.005,0.5,-0.0029,2.6215,1.5,1.5
26.5,5.8843,-0.0024,-0.0012,0.5008,-0.0044,0.5,-0.0016,2.6215,1.5,1.5
26.517,5.901,-0.0024,-0.0015,0.5007,-0.0043,0.5,-0.0024,2.6215,1.5,1.5
26.517,5.901,-0.0024,-0.0015,0.5007,-0.0043,0.5,-0.0041,2.6215,1.5,1.5
26.533,5.9094,-0.0024,-0.0014,0.5007,-0.0033,0.5,-0.007,2.644,1.5,1.5
26.533,5.9094,-0.0024,-0.0014,0.5007,-0.0033,0.5,-0.0008,2.644,1.5,1.5
26.533,5.9094,-0.0024,-0.0014,0.5007,-0.0033,0.5,-0.0015,2.644,1.5,1.5
26.567,5.9177,-0.0024,-0.0017,0.5007,-0.003,0.5,-0.0034,2.644,1.5,1.5
26.583,5.9344,-0.0024,-0.0017,0.5006,-0.0037,0.5,-0.0036,2.644,1.5,1.5
26.583,5.9344,-0.0024,-0.0017,0.5006,-0.0037,0.5,-0.0047,2.644,1.5,1.5
26.583,5.9344,-0.0024,-0.0017,0.5006,-0.0037,0.5,-0.0057,2.644,1.5,1.5
26.617,5.9428,-0.0024,-0.0018,0.5005,-0.0039,0.5,-0.0051,2.644,1.5,1.5
26.617,5.9428,-0.0024,-0.0018,0.5005,-0.0039,0.5,-0.0044,2.6428,1.5,1.5
26.633,5.9594,-0.0025,-0.0021,0.5004,-0.0043,0.5,-0.0062,2.6428,1.5,1.5
26.633,5.9594,-0.0025,-0.0021,0.5004,-0.0043,0.5,-0.0067,2.6428,1.5,1.5
26.633,5.9594,-0.0025,-0.0021,0.5004,-0.0043,0.5,-0.0025,2.6428,1.5,1.5
26.667,5.9678,-0.0025,-0.002,0.5003,-0.004,0.5,-0.0008,2.6428,1.5,1.5
26.683,5.9844,-0.0025,-0.0021,0.5002,-0.0037,0.5,-0.0018,2.6428,1.5,1.5
26.683,5.9844,-0.0025,-0.0021,0.5002,-0.0037,0.5,-0.0061,2.6428,1.5,1.5
26.7,5.9928,-0.0025,-0.0023,0.5001,-0.0047,0.5,-0.0059,2.6428,1.5,1.5
26.7,5.9928,-0.0025,-0.0023,0.5001,-0.0047,0.5,-0.0048,2.6428,1.5,1.5
26.7,5.9928,-0.0025,-0.0023,0.5001,-0.0047,0.5,-0.0039,2.6428,1.5,1.5
26.733,6.0011,-0.0025,-0.0025,0.5,-0.004,0.5,-0.0036,2.6451,1.5,1.5
26.733,6.0011,-0.0025,-0.0025,0.5,-0.004,0.5,-0.0044,2.6451,1.5,1.5
26.75,6.0178,-0.0025,-0.0026,0.4999,-0.0043,0.5,-0.0062,2.6451,1.5,1.5
26.75,6.0178,-0.0025,-0.0026,0.4999,-0.0043,0.5,-0.0051,2.6451,1.5,1.5
26.75,6.0178,-0.0025,-0.0026,0.4999,-0.0043,0.5,-0.0064,2.6451,1.5,1.5
26.783,6.0261,-0.0025,-0.0027,0.4998,-0.0049,0.5,-0.0083,2.6451,1.5,1.5
26.8,6.0428,-0.0025,-0.0028,0.4996,-0.0061,0.5,-0.0026,2.6451,1.5,1.5
26.8,6.0428,-0.0025,-0.0028,0.4996,-0.0061,0.5,-0.0056,2.6451,1.5,1.5
26.8,6.0428,-0.0025,-0.0028,0.4996,-0.0061,0.5,-0.0044,2.6451,1.5,1.5
26.833,6.0511,-0.0025,-0.0029,0.4996,-0.0068,0.5,-0.0046,2.6455,1.5,1.5
26.833,6.0511,-0.0025,-0.0029,0.4996,-0.0068,0.5,-0.0051,2.6455,1.5,1.5
26.85,6.0678,-0.0025,-0.0032,0.4995,-0.0049,0.5,-0.0108,2.6455,1.5,1.5
26.867,6.0761,-0.0025,-0.0033,0.4996,-0.0065,0.5,-0.0076,2.6455,1.5,1.5
26.867,6.0761,-0.0025,-0.0033,0.4996,-0.0065,0.5,-0.008,2.6455,1.5,1.5
26.867,6.0761,-0.0025,-0.0033,0.4996,-0.0065,0.5,-0.0074,2.6455,1.5,1.5
26.9,6.0844,-0.0026,-0.0033,0.4995,-0.0065,0.5,-0.0055,2.6455,1.5,1.5
26.9,6.0844,-0.0026,-0.0033,0.4995,-0.0065,0.4997,-0.004,2.6455,1.5,1.5
26.917,6.1011,-0.0026,-0.0035,0.4995,-0.0069,0.4999,-0.0074,2.6455,1.5,1.5
26.917,6.1011,-0.0026,-0.0035,0.4995,-0.0069,0.4993,-0.0072,2.6424,1.5,1.5
26.95,6.1094,-0.0026,-0.0037,0.4995,-0.0063,0.4989,-0.0076,2.6424,1.5,1.5
26.95,6.1094,-0.0026,-0.0037,0.4995,-0.0063,0.4992,-0.0074,2.6424,1.5,1.5
26.95,6.1094,-0.0026,-0.0037,0.4995,-0.0063,0.4999,-0.007,2.6424,1.5,1.5
26.967,6.1261,-0.0026,-0.0038,0.4996,-0.0066,0.4996,-0.0082,2.6424,1.5,1.5
26.967,6.1261,-0.0026,-0.0038,0.4996,-0.0066,0.5,-0.0076,2.6424,1.5,1.5
26.967,6.1261,-0.0026,-0.0038,0.4996,-0.0066,0.5,-0.0051,2.6424,1.5,1.5
27.0,6.1344,-0.0026,-0.0039,0.4996,-0.0065,0.5,-0.0045,2.6424,1.5,1.5
27.0,6.1344,-0.0026,-0.0039,0.4996,-0.0065,0.5,-0.0058,2.6424,1.5,1.5
27.017,6.1511,-0.0027,-0.0041,0.4998,-0.0069,0.5,-0.0046,2.6424,1.5,1.5
27.033,6.1594,-0.0027,-0.0042,0.4999,-0.0068,0.5,-0.005,2.6596,1.5,1.5
27.033,6.1594,-0.0027,-0.0042,0.4999,-0.0068,0.5,-0.0047,2.6596,1.5,1.5
27.033,6.1594,-0.0027,-0.0042,0.4999,-0.0068,0.5,-0.0001,2.6596,1.5,1.5
27.067,6.1677,-0.0027,-0.0043,0.4997,-0.0066,0.5,-0.0007,2.6596,1.5,1.5
27.067,6.1677,-0.0027,-0.0043,0.4997,-0.0066,0.4999,-0.0057,2.6596,1.5,1.5
27.083,6.1844,-0.0028,-0.0044,0.4991,-0.0063,0.5,-0.0067,2.6596,1.5,1.5
27.083,6.1844,-0.0028,-0.0044,0.4991,-0.0063,0.5,-0.0111,2.6596,1.5,1.5
27.083,6.1844,-0.0028,-0.0044,0.4991,-0.0063,0.5,-0.0087,2.6596,1.5,1.5
27.117,6.1927,-0.0028,-0.0046,0.4993,-0.0062,0.5,-0.0084,2.6596,1.5,1.5
27.133,6.2094,-0.0028,-0.0047,0.5003,-0.0062,0.5,-0.0063,2.6345,1.5,1.5
27.133,6.2094,-0.0028,-0.0047,0.5003,-0.0062,0.5,-0.0075,2.6345,1.5,1.5
27.133,6.2094,-0.0028,-0.0047,0.5003,-0.0062,0.5,-0.0053,2.6345,1.5,1.5
27.167,6.2177,-0.0029,-0.0047,0.5004,-0.0057,0.5,-0.0049,2.6345,1.5,1.5
27.167,6.2177,-0.0029,-0.0047,0.5004,-0.0057,0.5,-0.0063,2.6345,1.5,1.5
27.183,6.2344,-0.0029,-0.0049,0.5005,-0.0052,0.5,-0.0058,2.6345,1.5,1.5
27.2,6.2427,-0.003,-0.0049,0.5005,-0.0068,0.5,-0.0105,2.6345,1.5,1.5
27.2,6.2427,-0.003,-0.0049,0.5005,-0.0068,0.4999,-0.0068,2.6345,1.5,1.5
27.2,6.2427,-0.003,-0.0049,0.5005,-0.0068,0.5,-0.0064,2.6345,1.5,1.5
27.233,6.2511,-0.003,-0.005,0.5006,-0.0053,0.5,-0.0059,2.6372,1.5,1.5
27.233,6.2511,-0.003,-0.005,0.5006,-0.0053,0.5,-0.0082,2.6372,1.5,1.5
27.25,6.2678,-0.0031,-0.0051,0.5007,-0.0034,0.5,-0.0065,2.6372,1.5,1.5
27.25,6.2678,-0.0031,-0.0051,0.5007,-0.0034,0.5,-0.0071,2.6372,1.5,1.5
27.25,6.2678,-0.0031,-0.0051,0.5007,-0.0034,0.5,-0.0063,2.6372,1.5,1.5
27.283,6.2761,-0.0031,-0.0052,0.5007,-0.0042,0.4999,-0.0053,2.6372,1.5,1.5
27.3,6.2928,-0.0032,-0.0053,0.5008,-0.0053,0.5,-0.0007,2.6372,1.5,1.5
27.3,6.2928,-0.0032,-0.0053,0.5008,-0.0053,0.5,0.0003,2.6372,1.5,1.5
27.3,6.2928,-0.0032,-0.0053,0.5008,-0.0053,0.4998,-0.0013,2.6372,1.5,1.5
27.333,6.3012,-0.0032,-0.0054,0.5007,-0.0032,0.5,-0.0053,2.6366,1.5,1.5
27.333,6.3012,-0.0032,-0.0054,0.5007,-0.0032,0.5,-0.0031,2.6366,1.5,1.5
27.35,6.3179,-0.0033,-0.0056,0.5007,-0.0029,0.5,-0.004,2.6366,1.5,1.5
27.367,6.3262,-0.0033,-0.0057,0.5007,-0.0049,0.5,0.0013,2.6366,1.5,1.5
27.367,6.3262,-0.0033,-0.0057,0.5007,-0.0049,0.5,-0.0004,2.6366,1.5,1.5
27.367,6.3262,-0.0033,-0.0057,0.5007,-0.0049,0.5,-0.005,2.6366,1.5,1.5
27.4,6.3346,-0.0033,-0.0057,0.5006,-0.0044,0.5,-0.006,2.6366,1.5,1.5
27.4,6.3346,-0.0033,-0.0057,0.5006,-0.0044,0.4991,-0.0075,2.6366,1.5,1.5
27.417,6.3512,-0.0034,-0.0059,0.5005,-0.0045,0.4999,-0.0076,2.6366,1.5,1.5
27.417,6.3512,-0.0034,-0.0059,0.5005,-0.0045,0.4999,-0.0056,2.6127,1.5,1.5
27.417,6.3512,-0.0034,-0.0059,0.5005,-0.0045,0.5,-0.0055,2.6127,1.5,1.5
27.45,6.3596,-0.0034,-0.006,0.5005,-0.0049,0.5,-0.0069,2.6127,1.5,1.5
27.45,6.3596,-0.0034,-0.006,0.5005,-0.0049,0.5,-0.0034,2.6127,1.5,1.5
27.467,6.3763,-0.0035,-0.0062,0.5001,-0.0052,0.5,-0.0016,2.6127,1.5,1.5
27.467,6.3763,-0.0035,-0.0062,0.5001,-0.0052,0.5,-0.0022,2.6127,1.5,1.5
27.5,6.3846,-0.0035,-0.0063,0.5002,-0.0053,0.5,-0.003,2.6127,1.5,1.5
27.5,6.3846,-0.0035,-0.0063,0.5002,-0.0053,0.5,-0.0049,2.6127,1.5,1.5
27.517,6.4013,-0.0036,-0.0065,0.5001,-0.0066,0.5,-0.0104,2.6127,1.5,1.5
27.517,6.4013,-0.0036,-0.0065,0.5001,-0.0066,0.5,-0.0123,2.5953,1.5,1.5
27.533,6.4096,-0.0037,-0.0066,0.5,-0.0043,0.5,-0.0047,2.5953,1.5,1.5
27.533,6.4096,-0.0037,-0.0066,0.5,-0.0043,0.5,-0.0026,2.5953,1.5,1.5
27.533,6.4096,-0.0037,-0.0066,0.5,-0.0043,0.5,-0.0056,2.5953,1.5,1.5
27.567,6.4179,-0.0037,-0.0067,0.4993,-0.0053,0.5,-0.0037,2.5953,1.5,1.5
27.583,6.4346,-0.0038,-0.0069,0.4998,-0.0059,0.5,-0.0028,2.5953,1.5,1.5
27.583,6.4346,-0.0038,-0.0069,0.4998,-0.0059,0.5,-0.0016,2.5953,1.5,1.5
27.583,6.4346,-0.0038,-0.0069,0.4998,-0.0059,0.5,-0.0052,2.5953,1.5,1.5
27.617,6.4429,-0.0038,-0.0071,0.4997,-0.0064,0.5,-0.004,2.5953,1.5,1.5
27.617,6.4429,-0.0038,-0.0071,0.4997,-0.0064,0.5,-0.0052,2.5875,1.5,1.5
27.633,6.4596,-0.0039,-0.0073,0.4997,-0.0075,0.5,-0.0055,2.5875,1.5,1.5
27.633,6.4596,-0.0039,-0.0073,0.4997,-0.0075,0.5,-0.0065,2.5875,1.5,1.5
27.633,6.4596,-0.0039,-0.0073,0.4997,-0.0075,0.5,-0.0076,2.5875,1.5,1.5
27.667,6.4679,-0.0039,-0.0074,0.4995,-0.006,0.5,-0.0098,2.5875,1.5,1.5
27.683,6.4845,-0.004,-0.0076,0.4995,-0.0064,0.5,-0.0107,2.5875,1.5,1.5
27.683,6.4845,-0.004,-0.0076,0.4995,-0.0064,0.5,-0.0046,2.5875,1.5,1.5
27.7,6.4929,-0.0041,-0.0078,0.4995,-0.0083,0.5,-0.0058,2.5875,1.5,1.5
27.7,6.4929,-0.0041,-0.0078,0.4995,-0.0083,0.5,-0.0068,2.5875,1.5,1.5
27.7,6.4929,-0.0041,-0.0078,0.4995,-0.0083,0.5,-0.0124,2.5875,1.5,1.5
27.733,6.5012,-0.0041,-0.0079,0.4995,-0.0082,0.5,-0.0087,2.6625,1.5,1.5
27.75,6.5178,-0.0042,-0.0081,0.4995,-0.0075,0.5,-0.0087,2.6625,1.5,1.5
27.75,6.5178,-0.0042,-0.0081,0.4995,-0.0075,0.5,-0.0039,2.6625,1.5,1.5
27.75,6.5178,-0.0042,-0.0081,0.4995,-0.0075,0.5,-0.0047,2.6625,1.5,1.5
27.783,6.5262,-0.0042,-0.0082,0.4996,-0.0074,0.5,-0.0043,2.6625,1.5,1.5
27.783,6.5262,-0.0042,-0.0082,0.4996,-0.0074,0.5,-0.0052,2.6625,1.5,1.5
27.8,6.5428,-0.0043,-0.0084,0.4996,-0.0075,0.5,-0.0053,2.6625,1.5,1.5
27.8,6.5428,-0.0043,-0.0084,0.4996,-0.0075,0.5,-0.0036,2.6625,1.5,1.5
27.833,6.5512,-0.0044,-0.0085,0.4997,-0.0069,0.5,-0.0076,2.578,1.5,1.5
27.833,6.5512,-0.0044,-0.0085,0.4997,-0.0069,0.4994,-0.0055,2.578,1.5,1.5
27.85,6.5678,-0.0045,-0.0087,0.4998,-0.0084,0.4999,-0.0104,2.578,1.5,1.5
27.85,6.5678,-0.0045,-0.0087,0.4998,-0.0084,0.4999,-0.0103,2.578,1.5,1.5
27.867,6.5762,-0.0046,-0.0088,0.5,-0.006,0.5,-0.0117,2.578,1.5,1.5
27.867,6.5762,-0.0046,-0.0088,0.5,-0.006,0.5,-0.0079,2.578,1.5,1.5
27.9,6.5845,-0.0046,-0.0089,0.5,-0.0079,0.5,-0.0002,2.578,1.5,1.5
27.9,6.5845,-0.0046,-0.0089,0.5,-0.0079,0.5,-0.0021,2.578,1.5,1.5
27.917,6.6012,-0.0047,-0.0091,0.5002,-0.0068,0.5,-0.0059,2.578,1.5,1.5
27.917,6.6012,-0.0047,-0.0091,0.5002,-0.0068,0.5,-0.0067,2.5971,1.5,1.5
27.917,6.6012,-0.0047,-0.0091,0.5002,-0.0068,0.5,-0.0067,2.5971,1.5,1.5
27.95,6.6095,-0.0048,-0.0092,0.5002,-0.0072,0.5,-0.0062,2.5971,1.5,1.5
27.95,6.6095,-0.0048,-0.0092,0.5002,-0.0072,0.5,-0.0082,2.5971,1.5,1.5
27.967,6.6262,-0.0049,-0.0094,0.5004,-0.0064,0.5,-0.0064,2.5971,1.5,1.5
27.967,6.6262,-0.0049,-0.0094,0.5004,-0.0064,0.4999,-0.0057,2.5971,1.5,1.5
28.0,6.6345,-0.005,-0.0094,0.4999,-0.0063,0.5,-0.0018,2.5971,1.5,1.5
28.0,6.6345,-0.005,-0.0094,0.4999,-0.0063,0.4997,-0.006,2.5971,1.5,1.5
28.017,6.6512,-0.0051,-0.0096,0.5005,-0.006,0.5,-0.0055,2.5971,1.5,1.5
28.017,6.6512,-0.0051,-0.0096,0.5005,-0.006,0.5,-0.0044,2.6061,1.5,1.5
28.033,6.6596,-0.0052,-0.0097,0.5005,-0.0078,0.5,-0.004,2.6061,1.5,1.5
28.033,6.6596,-0.0052,-0.0097,0.5005,-0.0078,0.5,-0.0084,2.6061,1.5,1.5
28.033,6.6596,-0.0052,-0.0097,0.5005,-0.0078,0.5,-0.0048,2.6061,1.5,1.5
28.067,6.6679,-0.0053,-0.0097,0.5006,-0.0057,0.5,-0.0038,2.6061,1.5,1.5
28.083,6.6846,-0.0054,-0.0099,0.5007,-0.0052,0.5,-0.005,2.6061,1.5,1.5
28.083,6.6846,-0.0054,-0.0099,0.5007,-0.0052,0.5,-0.003,2.6061,1.5,1.5
28.083,6.6846,-0.0054,-0.0099,0.5007,-0.0052,0.5,-0.005,2.6061,1.5,1.5
28.117,6.693,-0.0055,-0.01,0.5007,-0.0055,0.5,-0.0054,2.6061,1.5,1.5
28.117,6.693,-0.0055,-0.01,0.5007,-0.0055,0.4997,-0.0034,2.5676,1.5,1.5
28.133,6.7097,-0.0056,-0.0101,0.5007,-0.0044,0.5,-0.0003,2.5676,1.5,1.5
28.133,6.7097,-0.0056,-0.0101,0.5007,-0.0044,0.5,-0.0014,2.5676,1.5,1.5
28.133,6.7097,-0.0056,-0.0101,0.5007,-0.0044,0.5,-0.0007,2.5676,1.5,1.5
28.167,6.718,-0.0057,-0.0102,0.5005,-0.005,0.5,-0.0011,2.5676,1.5,1.5
28.183,6.7347,-0.0058,-0.0104,0.5006,-0.005,0.5,-0.0043,2.5676,1.5,1.5
28.183,6.7347,-0.0058,-0.0104,0.5006,-0.005,0.5,-0.0076,2.5676,1.5,1.5
28.2,6.743,-0.0059,-0.0104,0.5006,-0.0048,0.5,-0.0021,2.5676,1.5,1.5
28.2,6.743,-0.0059,-0.0104,0.5006,-0.0048,0.5,-0.003,2.5676,1.5,1.5
28.233,6.7514,-0.006,-0.0105,0.5006,-0.0051,0.5,-0.0051,2.6014,1.5,1.5
28.233,6.7514,-0.006,-0.0105,0.5006,-0.0051,0.4997,-0.0056,2.6014,1.5,1.5
28.25,6.7681,-0.0061,-0.0107,0.5005,-0.0047,0.5,-0.0043,2.6014,1.5,1.5
28.25,6.7681,-0.0061,-0.0107,0.5005,-0.0047,0.5,0.0018,2.6014,1.5,1.5
28.25,6.7681,-0.0061,-0.0107,0.5005,-0.0047,0.4998,0.0005,2.6014,1.5,1.5
28.283,6.7764,-0.0062,-0.0108,0.5004,-0.005,0.5,-0.0008,2.6014,1.5,1.5
28.3,6.7931,-0.0064,-0.011,0.5002,-0.0053,0.5,-0.0038,2.6014,1.5,1.5
28.3,6.7931,-0.0064,-0.011,0.5002,-0.0053,0.5,0.0013,2.6014,1.5,1.5
28.3,6.7931,-0.0064,-0.011,0.5002,-0.0053,0.5,-0.0015,2.6014,1.5,1.5
28.333,6.8014,-0.0064,-0.0111,0.5002,-0.0057,0.4999,-0.0025,2.5623,1.5,1.5
28.333,6.8014,-0.0064,-0.0111,0.5002,-0.0057,0.5,-0.0006,2.5623,1.5,1.5
28.35,6.8181,-0.0066,-0.0113,0.5,-0.0047,0.5,-0.0064,2.5623,1.5,1.5
28.367,6.8264,-0.0067,-0.0114,0.4999,-0.0059,0.5,-0.0042,2.5623,1.5,1.5
28.367,6.8264,-0.0067,-0.0114,0.4999,-0.0059,0.5,-0.0072,2.5623,1.5,1.5
28.367,6.8264,-0.0067,-0.0114,0.4999,-0.0059,0.5,-0.0053,2.5623,1.5,1.5
28.367,6.8264,-0.0067,-0.0114,0.4999,-0.0059,0.5,-0.003,2.5623,1.5,1.5
28.4,6.8347,-0.0067,-0.0115,0.4997,-0.0056,0.5,-0.0017,2.5623,1.5,1.5
28.417,6.8514,-0.0069,-0.0117,0.4995,-0.0064,0.5,-0.0058,2.5623,1.5,1.5
28.417,6.8514,-0.0069,-0.0117,0.4995,-0.0064,0.5,-0.0069,2.6026,1.5,1.5
28.417,6.8514,-0.0069,-0.0117,0.4995,-0.0064,0.5,-0.0082,2.6026,1.5,1.5
28.45,6.8597,-0.007,-0.0118,0.4996,-0.0068,0.5,-0.0088,2.6026,1.5,1.5
28.45,6.8597,-0.007,-0.0118,0.4996,-0.0068,0.5,-0.0045,2.6026,1.5,1.5
28.467,6.8764,-0.0072,-0.012,0.4997,-0.0066,0.5,-0.0026,2.6026,1.5,1.5
28.467,6.8764,-0.0072,-0.012,0.4997,-0.0066,0.5,-0.003,2.6026,1.5,1.5
28.467,6.8764,-0.0072,-0.012,0.4997,-0.0066,0.5,-0.0076,2.6026,1.5,1.5
28.5,6.8847,-0.0072,-0.0121,0.4995,-0.0063,0.5,-0.0059,2.6026,1.5,1.5
28.517,6.9013,-0.0074,-0.0123,0.4995,-0.0066,0.5,0.0005,2.6026,1.5,1.5
28.517,6.9013,-0.0074,-0.0123,0.4995,-0.0066,0.5,-0.0025,2.5751,1.5,1.5
28.533,6.9097,-0.0075,-0.0124,0.4995,-0.0069,0.5,-0.0019,2.5751,1.5,1.5
28.533,6.9097,-0.0075,-0.0124,0.4995,-0.0069,0.5,-0.0032,2.5751,1.5,1.5
28.533,6.9097,-0.0075,-0.0124,0.4995,-0.0069,0.5,-0.0033,2.5751,1.5,1.5
28.567,6.918,-0.0076,-0.0125,0.4995,-0.0072,0.5,-0.0044,2.5751,1.5,1.5
28.583,6.9347,-0.0078,-0.0127,0.4996,-0.006,0.4997,-0.0031,2.5751,1.5,1.5
28.583,6.9347,-0.0078,-0.0127,0.4996,-0.006,0.5,-0.0046,2.5751,1.5,1.5
28.583,6.9347,-0.0078,-0.0127,0.4996,-0.006,0.5,-0.0108,2.5751,1.5,1.5
28.617,6.943,-0.0078,-0.0128,0.4996,-0.0062,0.5,-0.0082,2.5751,1.5,1.5
28.617,6.943,-0.0078,-0.0128,0.4996,-0.0062,0.5,-0.0057,2.5402,1.5,1.5
28.633,6.9596,-0.008,-0.0129,0.4997,-0.007,0.5,-0.0011,2.5402,1.5,1.5
28.633,6.9596,-0.008,-0.0129,0.4997,-0.007,0.5,-0.0057,2.5402,1.5,1.5
28.633,6.9596,-0.008,-0.0129,0.4997,-0.007,0.5,-0.0034,2.5402,1.5,1.5
28.667,6.968,-0.0081,-0.013,0.4998,-0.0061,0.5,-0.0042,2.5402,1.5,1.5
28.683,6.9846,-0.0083,-0.0132,0.5,-0.0062,0.4999,-0.0014,2.5402,1.5,1.5
28.683,6.9846,-0.0083,-0.0132,0.5,-0.0062,0.5,-0.0021,2.5402,1.5,1.5
28.7,6.993,-0.0084,-0.0132,0.5,-0.006,0.5,-0.0008,2.5402,1.5,1.5
28.7,6.993,-0.0084,-0.0132,0.5,-0.006,0.4999,-0.0039,2.5402,1.5,1.5
28.7,6.993,-0.0084,-0.0132,0.5,-0.006,0.5,-0.0029,2.5402,1.5,1.5
28.733,7.0013,-0.0085,-0.0133,0.5001,-0.0052,0.5,-0.0033,2.6697,1.5,1.5
28.733,7.0013,-0.0085,-0.0133,0.5001,-0.0052,0.5,-0.0059,2.6697,1.5,1.5
28.75,7.018,-0.0087,-0.0134,0.5002,-0.004,0.5,-0.0086,2.6697,1.5,1.5
28.75,7.018,-0.0087,-0.0134,0.5002,-0.004,0.5,-0.0079,2.6697,1.5,1.5
28.75,7.018,-0.0087,-0.0134,0.5002,-0.004,0.5,-0.0023,2.6697,1.5,1.5
28.783,7.0263,-0.0088,-0.0135,0.5003,-0.0053,0.5,-0.0039,2.6697,1.5,1.5
28.8,7.043,-0.009,-0.0136,0.5004,-0.0051,0.5,-0.0012,2.6697,1.5,1.5
28.8,7.043,-0.009,-0.0136,0.5004,-0.0051,0.5,0.0,2.6697,1.5,1.5
28.8,7.043,-0.009,-0.0136,0.5004,-0.0051,0.5,-0.0065,2.6697,1.5,1.5
28.833,7.0514,-0.0091,-0.0137,0.5004,-0.0056,0.5,-0.0085,2.5716,1.5,1.5
28.833,7.0514,-0.0091,-0.0137,0.5004,-0.0056,0.5,-0.01,2.5716,1.5,1.5
28.85,7.0681,-0.0093,-0.0137,0.5006,-0.0052,0.5,-0.0084,2.5716,1.5,1.5
28.867,7.0764,-0.0094,-0.0138,0.5006,-0.0039,0.5,-0.0019,2.5716,1.5,1.5
28.867,7.0764,-0.0094,-0.0138,0.5006,-0.0039,0.5,-0.0015,2.5716,1.5,1.5
28.867,7.0764,-0.0094,-0.0138,0.5006,-0.0039,0.5,-0.0015,2.5716,1.5,1.5
28.867,7.0764,-0.0094,-0.0138,0.5006,-0.0039,0.5,-0.0025,2.5716,1.5,1.5
28.9,7.0848,-0.0095,-0.0138,0.5006,-0.004,0.4999,-0.0028,2.5716,1.5,1.5
28.9,7.0848,-0.0095,-0.0138,0.5006,-0.004,0.5,-0.0078,2.5716,1.5,1.5
28.917,7.1014,-0.0098,-0.014,0.5007,-0.0034,0.4999,-0.0002,2.5716,1.5,1.5
28.917,7.1014,-0.0098,-0.014,0.5007,-0.0034,0.5,0.0021,2.5416,1.5,1.5
28.917,7.1014,-0.0098,-0.014,0.5007,-0.0034,0.5,0.0018,2.5416,1.5,1.5
28.95,7.1098,-0.0099,-0.014,0.5007,-0.0038,0.5,-0.0022,2.5416,1.5,1.5
28.967,7.1265,-0.0101,-0.0141,0.5007,-0.0035,0.5,-0.0008,2.5416,1.5,1.5
28.967,7.1265,-0.0101,-0.0141,0.5007,-0.0035,0.5,-0.0035,2.5416,1.5,1.5
28.967,7.1265,-0.0101,-0.0141,0.5007,-0.0035,0.5,-0.0005,2.5416,1.5,1.5
29.0,7.1348,-0.0102,-0.0142,0.5007,-0.0033,0.5,-0.0011,2.5416,1.5,1.5
29.0,7.1348,-0.0102,-0.0142,0.5007,-0.0033,0.5,0.0004,2.5416,1.5,1.5
29.017,7.1515,-0.0104,-0.0143,0.5006,-0.0039,0.5,-0.0005,2.5416,1.5,1.5
29.033,7.1599,-0.0105,-0.0144,0.5006,-0.0037,0.5,0.0005,2.585,1.5,1.5
29.033,7.1599,-0.0105,-0.0144,0.5006,-0.0037,0.5,-0.0021,2.585,1.5,1.5
29.033,7.1599,-0.0105,-0.0144,0.5006,-0.0037,0.5,-0.0072,2.585,1.5,1.5
29.067,7.1682,-0.0106,-0.0144,0.5005,-0.0038,0.5,-0.0063,2.585,1.5,1.5
29.067,7.1682,-0.0106,-0.0144,0.5005,-0.0038,0.5,-0.0057,2.585,1.5,1.5
29.083,7.1849,-0.0109,-0.0146,0.5004,-0.0045,0.5,-0.0025,2.585,1.5,1.5
29.083,7.1849,-0.0109,-0.0146,0.5004,-0.0045,0.4999,-0.0002,2.585,1.5,1.5
29.083,7.1849,-0.0109,-0.0146,0.5004,-0.0045,0.5,-0.0003,2.585,1.5,1.5
29.117,7.1932,-0.011,-0.0146,0.5003,-0.0042,0.4999,-0.0017,2.585,1.5,1.5
29.117,7.1932,-0.011,-0.0146,0.5003,-0.0042,0.5,-0.0002,2.5442,1.5,1.5
29.133,7.2099,-0.0112,-0.0148,0.5002,-0.0044,0.4995,-0.002,2.5442,1.5,1.5
29.133,7.2099,-0.0112,-0.0148,0.5002,-0.0044,0.4999,-0.003,2.5442,1.5,1.5
29.133,7.2099,-0.0112,-0.0148,0.5002,-0.0044,0.4998,-0.0073,2.5442,1.5,1.5
29.167,7.2182,-0.0113,-0.0149,0.5001,-0.0042,0.5,-0.0097,2.5442,1.5,1.5
29.183,7.2349,-0.0115,-0.015,0.5,-0.0045,0.5,-0.0053,2.5442,1.5,1.5
29.183,7.2349,-0.0115,-0.015,0.5,-0.0045,0.5,-0.0082,2.5442,1.5,1.5
29.2,7.2432,-0.0116,-0.015,0.4999,-0.0027,0.5,-0.0017,2.5442,1.5,1.5
29.2,7.2432,-0.0116,-0.015,0.4999,-0.0027,0.5,-0.0024,2.5442,1.5,1.5
29.2,7.2432,-0.0116,-0.015,0.4999,-0.0027,0.5,-0.0024,2.5255,1.5,1.5
29.233,7.2515,-0.0118,-0.0151,0.4998,-0.005,0.5,-0.0028,2.5255,1.5,1.5
29.25,7.2682,-0.012,-0.0153,0.4997,-0.004,0.5,-0.0054,2.5255,1.5,1.5
29.25,7.2682,-0.012,-0.0153,0.4997,-0.004,0.5,-0.0007,2.5255,1.5,1.5
29.25,7.2682,-0.012,-0.0153,0.4997,-0.004,0.5,0.0012,2.5255,1.5,1.5
29.283,7.2765,-0.0121,-0.0154,0.4996,-0.0051,0.5,0.0011,2.5255,1.5,1.5
29.283,7.2765,-0.0121,-0.0154,0.4996,-0.0051,0.5,-0.0016,2.5255,1.5,1.5
29.3,7.2932,-0.0123,-0.0155,0.4994,-0.0049,0.5,-0.0051,2.5255,1.5,1.5
29.3,7.2932,-0.0123,-0.0155,0.4994,-0.0049,0.5,-0.0064,2.5255,1.5,1.5
29.3,7.2932,-0.0123,-0.0155,0.4994,-0.0049,0.5,-0.0047,2.5255,1.5,1.5
29.333,7.3015,-0.0124,-0.0156,0.4995,-0.0036,0.5,-0.0049,2.5566,1.5,1.5
29.333,7.3015,-0.0124,-0.0156,0.4995,-0.0036,0.5,-0.0075,2.5566,1.5,1.5
29.35,7.3182,-0.0127,-0.0158,0.4995,-0.0048,0.5,-0.0041,2.5566,1.5,1.5
29.367,7.3265,-0.0128,-0.0159,0.4996,-0.0063,0.5,-0.0019,2.5566,1.5,1.5
29.367,7.3265,-0.0128,-0.0159,0.4996,-0.0063,0.5,-0.0013,2.5566,1.5,1.5
29.367,7.3265,-0.0128,-0.0159,0.4996,-0.0063,0.5,0.0001,2.5566,1.5,1.5
29.4,7.3348,-0.0129,-0.016,0.4995,-0.0062,0.5,-0.0023,2.5566,1.5,1.5
29.4,7.3348,-0.0129,-0.016,0.4995,-0.0062,0.5,-0.0019,2.5566,1.5,1.5
29.417,7.3515,-0.0131,-0.0161,0.4996,-0.006,0.5,0.0002,2.5566,1.5,1.5
29.417,7.3515,-0.0131,-0.0161,0.4996,-0.006,0.5,-0.003,2.5043,1.5,1.5
29.417,7.3515,-0.0131,-0.0161,0.4996,-0.006,0.4999,0.0024,2.5043,1.5,1.5
29.45,7.3598,-0.0133,-0.0161,0.4997,-0.0057,0.5,-0.003,2.5043,1.5,1.5
29.467,7.3765,-0.0135,-0.0163,0.4998,-0.0051,0.5,-0.0036,2.5043,1.5,1.5
29.467,7.3765,-0.0135,-0.0163,0.4998,-0.0051,0.5,-0.0003,2.5043,1.5,1.5
29.467,7.3765,-0.0135,-0.0163,0.4998,-0.0051,0.5,-0.0041,2.5043,1.5,1.5
29.5,7.3848,-0.0136,-0.0163,0.4999,-0.0046,0.5,-0.0053,2.5043,1.5,1.5
29.5,7.3848,-0.0136,-0.0163,0.4999,-0.0046,0.5,-0.0024,2.5043,1.5,1.5
29.517,7.4015,-0.0139,-0.0165,0.5,-0.0055,0.4999,0.0011,2.5043,1.5,1.5
29.533,7.4098,-0.014,-0.0165,0.5001,-0.0054,0.5,-0.0039,2.5653,1.5,1.5
29.533,7.4098,-0.014,-0.0165,0.5001,-0.0054,0.5,-0.0003,2.5653,1.5,1.5
29.533,7.4098,-0.014,-0.0165,0.5001,-0.0054,0.5,-0.0006,2.5653,1.5,1.5
29.567,7.4181,-0.0141,-0.0166,0.5002,-0.0045,0.5,-0.0018,2.5653,1.5,1.5
29.567,7.4181,-0.0141,-0.0166,0.5002,-0.0045,0.5,-0.0027,2.5653,1.5,1.5
29.583,7.4348,-0.0144,-0.0166,0.5003,-0.0039,0.5,-0.0001,2.5653,1.5,1.5
29.583,7.4348,-0.0144,-0.0166,0.5003,-0.0039,0.5,-0.0015,2.5653,1.5,1.5
29.583,7.4348,-0.0144,-0.0166,0.5003,-0.0039,0.5,-0.0017,2.5653,1.5,1.5
29.617,7.4432,-0.0145,-0.0167,0.5003,-0.0054,0.5,-0.0033,2.5653,1.5,1.5
29.633,7.4599,-0.0148,-0.0167,0.5005,-0.0025,0.5,-0.0032,2.5067,1.5,1.5
29.633,7.4599,-0.0148,-0.0167,0.5005,-0.0025,0.5,-0.0019,2.5067,1.5,1.5
29.633,7.4599,-0.0148,-0.0167,0.5005,-0.0025,0.5,-0.0006,2.5067,1.5,1.5
29.667,7.4682,-0.0149,-0.0168,0.5005,-0.0034,0.5,0.0,2.5067,1.5,1.5
29.667,7.4682,-0.0149,-0.0168,0.5005,-0.0034,0.5,0.0043,2.5067,1.5,1.5
29.683,7.4849,-0.0152,-0.0168,0.5006,-0.0012,0.5,0.0022,2.5067,1.5,1.5
29.7,7.4932,-0.0153,-0.0168,0.5007,-0.0035,0.4999,-0.0007,2.5067,1.5,1.5
29.7,7.4932,-0.0153,-0.0168,0.5007,-0.0035,0.5,0.0005,2.5067,1.5,1.5
29.7,7.4932,-0.0153,-0.0168,0.5007,-0.0035,0.4997,-0.0024,2.5067,1.5,1.5
29.733,7.5016,-0.0155,-0.0168,0.5008,-0.0019,0.5,-0.0024,2.506,1.5,1.5
29.733,7.5016,-0.0155,-0.0168,0.5008,-0.0019,0.5,0.0006,2.506,1.5,1.5
29.75,7.5183,-0.0158,-0.0169,0.5008,-0.0016,0.5,0.0006,2.506,1.5,1.5
29.75,7.5183,-0.0158,-0.0169,0.5008,-0.0016,0.5,0.0017,2.506,1.5,1.5
29.75,7.5183,-0.0158,-0.0169,0.5008,-0.0016,0.5,0.0,2.506,1.5,1.5
29.783,7.5266,-0.0159,-0.0169,0.5008,-0.0015,0.5,-0.0019,2.506,1.5,1.5
29.8,7.5433,-0.0162,-0.0169,0.5007,-0.0017,0.5,-0.0014,2.506,1.5,1.5
29.8,7.5433,-0.0162,-0.0169,0.5007,-0.0017,0.5,0.0005,2.506,1.5,1.5
29.8,7.5433,-0.0162,-0.0169,0.5007,-0.0017,0.5,-0.0031,2.506,1.5,1.5
29.833,7.5517,-0.0163,-0.0169,0.5007,-0.0025,0.5,-0.0013,2.4826,1.5,1.5
29.833,7.5517,-0.0163,-0.0169,0.5007,-0.0025,0.5,-0.0003,2.4826,1.5,1.5
29.85,7.5684,-0.0166,-0.0169,0.5005,-0.0008,0.5,-0.0011,2.4826,1.5,1.5
29.867,7.5767,-0.0167,-0.017,0.5003,-0.0007,0.5,0.0004,2.4826,1.5,1.5
29.867,7.5767,-0.0167,-0.017,0.5003,-0.0007,0.5,0.0009,2.4826,1.5,1.5
29.867,7.5767,-0.0167,-0.017,0.5003,-0.0007,0.5,-0.0006,2.4826,1.5,1.5
29.9,7.585,-0.0169,-0.017,0.5004,-0.0009,0.5,0.0012,2.4826,1.5,1.5
29.9,7.585,-0.0169,-0.017,0.5004,-0.0009,0.5,0.0042,2.4826,1.5,1.5
29.917,7.6017,-0.0172,-0.0171,0.5004,-0.0016,0.5,0.0049,2.4826,1.5,1.5
29.917,7.6017,-0.0172,-0.0171,0.5004,-0.0016,0.5,0.0005,2.5103,1.5,1.5
29.917,7.6017,-0.0172,-0.0171,0.5004,-0.0016,0.5,-0.0007,2.5103,1.5,1.5
29.95,7.61,-0.0173,-0.0171,0.5003,-0.0013,0.5,0.0038,2.5103,1.5,1.5
29.967,7.6267,-0.0176,-0.0172,0.5001,-0.0008,0.5,0.0043,2.5103,1.5,1.5
29.967,7.6267,-0.0176,-0.0172,0.5001,-0.0008,0.5,0.0022,2.5103,1.5,1.5
29.967,7.6267,-0.0176,-0.0172,0.5001,-0.0008,0.5,-0.0003,2.5103,1.5,1.5
30.0,7.635,-0.0177,-0.0172,0.5001,-0.0022,0.5,0.0016,2.5103,1.5,1.5
30.0,7.635,-0.0177,-0.0172,0.5001,-0.0022,0.4995,-0.0,2.5103,1.5,1.5
30.017,7.6517,-0.018,-0.0173,0.4999,-0.0025,0.4999,-0.0032,2.5103,1.5,1.5
30.033,7.66,-0.0181,-0.0173,0.4998,-0.002,0.5,-0.0041,2.4778,1.5,1.5
30.033,7.66,-0.0181,-0.0173,0.4998,-0.002,0.5,-0.0044,2.4778,1.5,1.5
30.033,7.66,-0.0181,-0.0173,0.4998,-0.002,0.5,-0.0066,2.4778,1.5,1.5
30.067,7.6684,-0.0183,-0.0174,0.4998,-0.0035,0.5,-0.006,2.4778,1.5,1.5
30.067,7.6684,-0.0183,-0.0174,0.4998,-0.0035,0.5,-0.0044,2.4778,1.5,1.5
30.083,7.685,-0.0185,-0.0174,0.4997,-0.0018,0.4996,-0.0051,2.4778,1.5,1.5
30.083,7.685,-0.0185,-0.0174,0.4997,-0.0018,0.4999,-0.0044,2.4778,1.5,1.5
30.083,7.685,-0.0185,-0.0174,0.4997,-0.0018,0.5,-0.0018,2.4778,1.5,1.5
30.117,7.6934,-0.0187,-0.0175,0.4996,-0.0026,0.5,-0.0005,2.4778,1.5,1.5
30.117,7.6934,-0.0187,-0.0175,0.4996,-0.0026,0.5,0.0002,2.5089,1.5,1.5
30.133,7.71,-0.0189,-0.0175,0.4995,-0.0026,0.5,0.0009,2.5089,1.5,1.5
30.133,7.71,-0.0189,-0.0175,0.4995,-0.0026,0.5,-0.0009,2.5089,1.5,1.5
30.167,7.7183,-0.0191,-0.0176,0.4991,-0.0032,0.5,0.0005,2.5089,1.5,1.5
30.167,7.7183,-0.0191,-0.0176,0.4991,-0.0032,0.5,0.0017,2.5089,1.5,1.5
30.183,7.735,-0.0194,-0.0177,0.4995,-0.0022,0.5,-0.0027,2.5089,1.5,1.5
30.183,7.735,-0.0194,-0.0177,0.4995,-0.0022,0.5,-0.0005,2.5089,1.5,1.5
30.2,7.7433,-0.0195,-0.0177,0.4995,-0.0025,0.5,0.003,2.5089,1.5,1.5
30.2,7.7433,-0.0195,-0.0177,0.4995,-0.0025,0.5,0.0041,2.5089,1.5,1.5
30.233,7.7516,-0.0196,-0.0177,0.4996,-0.0031,0.5,0.0001,2.474,1.5,1.5
30.233,7.7516,-0.0196,-0.0177,0.4996,-0.0031,0.5,0.001,2.474,1.5,1.5
30.25,7.7683,-0.0199,-0.0178,0.4996,-0.0034,0.5,-0.0011,2.474,1.5,1.5
30.25,7.7683,-0.0199,-0.0178,0.4996,-0.0034,0.5,-0.0032,2.474,1.5,1.5
30.25,7.7683,-0.0199,-0.0178,0.4996,-0.0034,0.4995,-0.0016,2.474,1.5,1.5
30.283,7.7766,-0.02,-0.0178,0.4997,-0.004,0.4999,-0.0026,2.474,1.5,1.5
30.3,7.7933,-0.0203,-0.0179,0.4999,-0.003,0.5,-0.0036,2.474,1.5,1.5
30.3,7.7933,-0.0203,-0.0179,0.4999,-0.003,0.5,-0.0019,2.474,1.5,1.5
30.3,7.7933,-0.0203,-0.0179,0.4999,-0.003,0.5,-0.0001,2.474,1.5,1.5
30.333,7.8016,-0.0205,-0.0179,0.5,-0.0038,0.5,-0.0019,2.5228,1.5,1.5
30.333,7.8016,-0.0205,-0.0179,0.5,-0.0038,0.5,-0.0012,2.5228,1.5,1.5
30.35,7.8183,-0.0208,-0.018,0.5001,-0.0029,0.5,-0.0028,2.5228,1.5,1.5
30.35,7.8183,-0.0208,-0.018,0.5001,-0.0029,0.5,-0.0017,2.5228,1.5,1.5
30.367,7.8266,-0.0209,-0.018,0.5002,-0.0023,0.5,-0.0035,2.5228,1.5,1.5
30.367,7.8266,-0.0209,-0.018,0.5002,-0.0023,0.5,-0.0017,2.5228,1.5,1.5
30.4,7.835,-0.0211,-0.018,0.5002,-0.0025,0.5,-0.0014,2.5228,1.5,1.5
30.4,7.835,-0.0211,-0.018,0.5002,-0.0025,0.5,-0.0003,2.5228,1.5,1.5
30.417,7.8516,-0.0214,-0.018,0.5,-0.0019,0.5,0.0001,2.5228,1.5,1.5
30.417,7.8516,-0.0214,-0.018,0.5,-0.0019,0.5,0.0027,2.4721,1.5,1.5
30.417,7.8516,-0.0214,-0.018,0.5,-0.0019,0.5,0.004,2.4721,1.5,1.5
30.45,7.86,-0.0215,-0.018,0.5003,-0.0016,0.5,0.0037,2.4721,1.5,1.5
30.45,7.86,-0.0215,-0.018,0.5003,-0.0016,0.5,0.0043,2.4721,1.5,1.5
30.467,7.8767,-0.0218,-0.018,0.5005,-0.0009,0.5,0.0012,2.4721,1.5,1.5
30.467,7.8767,-0.0218,-0.018,0.5005,-0.0009,0.5,0.0033,2.4721,1.5,1.5
30.5,7.885,-0.022,-0.018,0.5006,-0.001,0.5,0.0018,2.4721,1.5,1.5
30.5,7.885,-0.022,-0.018,0.5006,-0.001,0.5,0.0038,2.4721,1.5,1.5
30.517,7.9017,-0.0223,-0.018,0.5006,-0.0011,0.5,0.0028,2.4721,1.5,1.5
30.517,7.9017,-0.0223,-0.018,0.5006,-0.0011,0.5,0.0027,2.4408,1.5,1.5
30.533,7.9101,-0.0224,-0.018,0.5007,-0.0005,0.5,0.0011,2.4408,1.5,1.5
30.533,7.9101,-0.0224,-0.018,0.5007,-0.0005,0.5,0.0017,2.4408,1.5,1.5
30.567,7.9184,-0.0226,-0.018,0.5008,-0.0005,0.5,0.0039,2.4408,1.5,1.5
30.567,7.9184,-0.0226,-0.018,0.5008,-0.0005,0.5,0.0035,2.4408,1.5,1.5
30.583,7.9351,-0.0229,-0.018,0.5008,-0.0001,0.5,0.0043,2.4408,1.5,1.5
30.583,7.9351,-0.0229,-0.018,0.5008,-0.0001,0.5,0.0021,2.4408,1.5,1.5
30.583,7.9351,-0.0229,-0.018,0.5008,-0.0001,0.5,0.0032,2.4408,1.5,1.5
30.617,7.9434,-0.023,-0.018,0.5007,-0.0005,0.5,0.0023,2.4408,1.5,1.5
30.633,7.9601,-0.0233,-0.018,0.5007,-0.0001,0.5,-0.0014,2.333,1.5,1.5
30.633,7.9601,-0.0233,-0.018,0.5007,-0.0001,0.5,0.0015,2.333,1.5,1.5
30.633,7.9601,-0.0233,-0.018,0.5007,-0.0001,0.5,0.002,2.333,1.5,1.5
30.633,7.9601,-0.0233,-0.018,0.5007,-0.0001,0.5,-0.0,2.333,1.5,1.5
30.667,7.9685,-0.0235,-0.018,0.5007,0.0002,0.5,0.0014,2.333,1.5,1.5
30.683,7.9852,-0.0238,-0.018,0.5005,0.0005,0.5,0.0011,2.333,1.5,1.5
30.683,7.9852,-0.0238,-0.018,0.5005,0.0005,0.5,0.0029,2.333,1.5,1.5
30.7,7.9935,-0.024,-0.018,0.5005,0.0004,0.5,0.0048,2.333,1.5,1.5
30.7,7.9935,-0.024,-0.018,0.5005,0.0004,0.5,-0.0003,2.333,1.5,1.5
30.7,7.9935,-0.024,-0.018,0.5005,0.0004,0.4998,0.0034,2.2459,1.5,1.5
30.733,8.0018,-0.0241,-0.018,0.5005,0.0007,0.4996,0.0021,2.2459,1.5,1.5
30.75,8.0185,-0.0244,-0.018,0.5003,0.0005,0.4998,-0.002,2.2459,1.5,1.5
30.75,8.0185,-0.0244,-0.018,0.5003,0.0005,0.5,0.0036,2.2459,1.5,1.5
30.75,8.0185,-0.0244,-0.018,0.5003,0.0005,0.4998,0.0027,2.2459,1.5,1.5
30.783,8.0268,-0.0246,-0.018,0.5002,0.0008,0.5,0.0036,2.2459,1.5,1.5
30.783,8.0268,-0.0246,-0.018,0.5002,0.0008,0.4996,-0.0007,2.2459,1.5,1.5
30.8,8.0435,-0.0249,-0.018,0.5001,0.0004,0.5,0.003,2.2459,1.5,1.5
30.8,8.0435,-0.0249,-0.018,0.5001,0.0004,0.5,-0.0006,2.2459,1.5,1.5
30.8,8.0435,-0.0249,-0.018,0.5001,0.0004,0.5,0.0007,2.1761,1.5,1.5
30.833,8.0518,-0.025,-0.018,0.5,0.0006,0.5,-0.0004,2.1761,1.5,1.5
30.833,8.0518,-0.025,-0.018,0.5,0.0006,0.5,-0.0009,2.1761,1.5,1.5
30.85,8.0685,-0.0253,-0.018,0.4999,-0.0004,0.5,-0.0005,2.1761,1.5,1.5
30.867,8.0768,-0.0255,-0.018,0.4996,-0.0004,0.5,-0.0012,2.1761,1.5,1.5
30.867,8.0768,-0.0255,-0.018,0.4996,-0.0004,0.5,0.0045,2.1761,1.5,1.5
30.867,8.0768,-0.0255,-0.018,0.4996,-0.0004,0.5,0.0034,2.1761,1.5,1.5
30.9,8.0852,-0.0256,-0.018,0.4993,-0.0007,0.5,0.0026,2.1761,1.5,1.5
30.9,8.0852,-0.0256,-0.018,0.4993,-0.0007,0.5,0.0003,2.1761,1.5,1.5
30.9,8.0852,-0.0256,-0.018,0.4993,-0.0007,0.5,0.0019,2.1761,1.5,1.5
30.917,8.1018,-0.0259,-0.018,0.4994,-0.0001,0.5,0.0042,2.1761,1.5,1.5
30.917,8.1018,-0.0259,-0.018,0.4994,-0.0001,0.5,0.0017,2.0918,1.5,1.5
30.917,8.1018,-0.0259,-0.018,0.4994,-0.0001,0.5,0.0021,2.0918,1.5,1.5
30.95,8.1101,-0.026,-0.018,0.4995,-0.0011,0.5,0.0042,2.0918,1.5,1.5
30.967,8.1268,-0.0263,-0.018,0.4995,-0.0003,0.5,-0.0003,2.0918,1.5,1.5
30.967,8.1268,-0.0263,-0.018,0.4995,-0.0003,0.5,0.002,2.0918,1.5,1.5
30.967,8.1268,-0.0263,-0.018,0.4995,-0.0003,0.5,0.002,2.0918,1.5,1.5
31.0,8.1351,-0.0265,-0.018,0.4995,-0.0,0.5,0.0014,2.0918,1.5,1.5
31.0,8.1351,-0.0265,-0.018,0.4995,-0.0,0.5,0.0011,2.0918,1.5,1.5
31.017,8.1518,-0.0268,-0.018,0.4995,-0.002,0.5,0.0014,2.0918,1.5,1.5
31.033,8.1601,-0.0269,-0.018,0.4996,-0.0006,0.5,-0.0003,2.0232,1.5,1.5
31.033,8.1601,-0.0269,-0.018,0.4996,-0.0006,0.5,-0.0005,2.0232,1.5,1.5
31.033,8.1601,-0.0269,-0.018,0.4996,-0.0006,0.5,0.0025,2.0232,1.5,1.5
31.067,8.1684,-0.0271,-0.018,0.4996,-0.0005,0.5,0.0067,2.0232,1.5,1.5
31.067,8.1684,-0.0271,-0.018,0.4996,-0.0005,0.4998,0.0058,2.0232,1.5,1.5
31.083,8.1851,-0.0274,-0.018,0.4998,-0.0006,0.5,0.0064,2.0232,1.5,1.5
31.083,8.1851,-0.0274,-0.018,0.4998,-0.0006,0.5,0.0062,2.0232,1.5,1.5
31.083,8.1851,-0.0274,-0.018,0.4998,-0.0006,0.5,0.007,2.0232,1.5,1.5
31.117,8.1934,-0.0275,-0.018,0.4998,-0.0008,0.5,0.0091,2.0232,1.5,1.5
31.133,8.2101,-0.0278,-0.0179,0.5,-0.0004,0.5,0.0054,1.9534,1.5,1.5
31.133,8.2101,-0.0278,-0.0179,0.5,-0.0004,0.5,0.0031,1.9534,1.5,1.5
31.133,8.2101,-0.0278,-0.0179,0.5,-0.0004,0.5,0.0022,1.9534,1.5,1.5
31.167,8.2184,-0.028,-0.0179,0.5001,0.0,0.5,0.0002,1.9534,1.5,1.5
31.167,8.2184,-0.028,-0.0179,0.5001,0.0,0.5,-0.0007,1.9534,1.5,1.5
31.183,8.2351,-0.0283,-0.0179,0.5002,0.0006,0.5,-0.0005,1.9534,1.5,1.5
31.2,8.2434,-0.0284,-0.0178,0.5003,-0.0,0.5,0.0018,1.9534,1.5,1.5
31.2,8.2434,-0.0284,-0.0178,0.5003,-0.0,0.5,0.001,1.9534,1.5,1.5
31.2,8.2434,-0.0284,-0.0178,0.5003,-0.0,0.5,0.002,1.9534,1.5,1.5
31.233,8.2518,-0.0286,-0.0178,0.5004,-0.0005,0.5,0.0026,1.8938,1.5,1.5
31.233,8.2518,-0.0286,-0.0178,0.5004,-0.0005,0.5,0.0023,1.8938,1.5,1.5
31.25,8.2685,-0.0289,-0.0177,0.5005,0.0009,0.5,0.0064,1.8938,1.5,1.5
31.25,8.2685,-0.0289,-0.0177,0.5005,0.0009,0.5,0.0036,1.8938,1.5,1.5
31.25,8.2685,-0.0289,-0.0177,0.5005,0.0009,0.5,0.0026,1.8938,1.5,1.5
31.283,8.2768,-0.0291,-0.0177,0.5005,0.0009,0.5,0.002,1.8938,1.5,1.5
31.3,8.2935,-0.0294,-0.0176,0.5006,0.0032,0.5,-0.0003,1.8938,1.5,1.5
31.3,8.2935,-0.0294,-0.0176,0.5006,0.0032,0.5,0.0021,1.8938,1.5,1.5
31.3,8.2935,-0.0294,-0.0176,0.5006,0.0032,0.5,0.0048,1.8938,1.5,1.5
31.333,8.3018,-0.0295,-0.0175,0.5006,0.0038,0.5,0.0018,1.8292,1.5,1.5
31.333,8.3018,-0.0295,-0.0175,0.5006,0.0038,0.5,0.0036,1.8292,1.5,1.5
31.35,8.3185,-0.0299,-0.0174,0.5008,0.0028,0.5,0.0049,1.8292,1.5,1.5
31.35,8.3185,-0.0299,-0.0174,0.5008,0.0028,0.5,0.0042,1.8292,1.5,1.5
31.367,8.3269,-0.03,-0.0174,0.5008,0.0028,0.5,0.0059,1.8292,1.5,1.5
31.367,8.3269,-0.03,-0.0174,0.5008,0.0028,0.5,0.0047,1.8292,1.5,1.5
31.4,8.3352,-0.0302,-0.0173,0.501,0.0022,0.5,0.0039,1.8292,1.5,1.5
31.4,8.3352,-0.0302,-0.0173,0.501,0.0022,0.5,0.0012,1.8292,1.5,1.5
31.417,8.3519,-0.0305,-0.0172,0.5008,0.0032,0.5,0.0016,1.8292,1.5,1.5
31.417,8.3519,-0.0305,-0.0172,0.5008,0.0032,0.5,-0.0004,1.792,1.5,1.5
31.417,8.3519,-0.0305,-0.0172,0.5008,0.0032,0.5,0.002,1.792,1.5,1.5
31.45,8.3603,-0.0306,-0.0172,0.5007,0.0038,0.5,0.0001,1.792,1.5,1.5
31.45,8.3603,-0.0306,-0.0172,0.5007,0.0038,0.5,0.003,1.792,1.5,1.5
31.467,8.377,-0.0309,-0.0171,0.5006,0.0031,0.5,0.0045,1.792,1.5,1.5
31.467,8.377,-0.0309,-0.0171,0.5006,0.0031,0.5,0.0077,1.792,1.5,1.5
31.467,8.377,-0.0309,-0.0171,0.5006,0.0031,0.5,0.0044,1.792,1.5,1.5
31.5,8.3853,-0.0311,-0.017,0.5006,0.0037,0.4999,0.0051,1.792,1.5,1.5
31.517,8.402,-0.0314,-0.0169,0.5005,0.0036,0.4999,0.0039,1.792,1.5,1.5
31.517,8.402,-0.0314,-0.0169,0.5005,0.0036,0.5,0.0051,1.7319,1.5,1.5
31.533,8.4103,-0.0315,-0.0169,0.5005,0.0035,0.5,0.0062,1.7319,1.5,1.5
31.533,8.4103,-0.0315,-0.0169,0.5005,0.0035,0.5,0.0109,1.7319,1.5,1.5
31.533,8.4103,-0.0315,-0.0169,0.5005,0.0035,0.5,0.0095,1.7319,1.5,1.5
31.567,8.4187,-0.0317,-0.0168,0.5004,0.0042,0.5,0.0148,1.7319,1.5,1.5
31.583,8.4353,-0.032,-0.0168,0.5003,0.003,0.5,0.0115,1.7319,1.5,1.5
31.583,8.4353,-0.032,-0.0168,0.5003,0.003,0.5,0.0096,1.7319,1.5,1.5
31.583,8.4353,-0.032,-0.0168,0.5003,0.003,0.5,0.0052,1.7319,1.5,1.5
31.617,8.4437,-0.0321,-0.0168,0.5001,0.0035,0.5,0.0061,1.7319,1.5,1.5
31.617,8.4437,-0.0321,-0.0168,0.5001,0.0035,0.5,0.0061,1.6982,1.5,1.5
31.633,8.4603,-0.0324,-0.0167,0.5,0.0017,0.4999,0.0047,1.6982,1.5,1.5
31.633,8.4603,-0.0324,-0.0167,0.5,0.0017,0.5,0.0048,1.6982,1.5,1.5
31.633,8.4603,-0.0324,-0.0167,0.5,0.0017,0.4999,0.0059,1.6982,1.5,1.5
31.667,8.4687,-0.0326,-0.0167,0.4998,0.0026,0.4998,0.0031,1.6982,1.5,1.5
31.683,8.4853,-0.0329,-0.0166,0.4998,0.002,0.4996,0.0016,1.6982,1.5,1.5
31.683,8.4853,-0.0329,-0.0166,0.4998,0.002,0.4991,0.0033,1.6982,1.5,1.5
31.7,8.4936,-0.033,-0.0166,0.4998,0.0007,0.4998,0.0047,1.6982,1.5,1.5
31.7,8.4936,-0.033,-0.0166,0.4998,0.0007,0.5,0.002,1.6982,1.5,1.5
31.7,8.4936,-0.033,-0.0166,0.4998,0.0007,0.5,0.0022,1.6307,1.5,1.5
31.733,8.502,-0.0331,-0.0166,0.4997,0.0004,0.5,0.0001,1.6307,1.5,1.5
31.75,8.5186,-0.0334,-0.0165,0.4996,0.0027,0.5,0.0025,1.6307,1.5,1.5
31.75,8.5186,-0.0334,-0.0165,0.4996,0.0027,0.5,0.0058,1.6307,1.5,1.5
31.75,8.5186,-0.0334,-0.0165,0.4996,0.0027,0.5,0.0095,1.6307,1.5,1.5
31.783,8.527,-0.0336,-0.0164,0.4995,0.0017,0.5,0.0056,1.6307,1.5,1.5
31.783,8.527,-0.0336,-0.0164,0.4995,0.0017,0.5,0.0056,1.6307,1.5,1.5
31.8,8.5436,-0.0339,-0.0164,0.4995,0.0022,0.5,0.0042,1.6307,1.5,1.5
31.8,8.5436,-0.0339,-0.0164,0.4995,0.0022,0.5,0.0062,1.6307,1.5,1.5
31.8,8.5436,-0.0339,-0.0164,0.4995,0.0022,0.5,0.0062,1.5868,1.5,1.5
31.833,8.5519,-0.034,-0.0163,0.4994,0.003,0.4857,0.007,1.5868,1.4764,1.485
31.85,8.5686,-0.0343,-0.0162,0.4989,0.0018,0.4802,0.0069,1.5868,1.4764,1.485
31.85,8.5686,-0.0343,-0.0162,0.4989,0.0018,0.4773,0.005,1.5868,1.4764,1.485
31.867,8.5769,-0.0344,-0.0162,0.4995,0.0025,0.4788,0.0047,1.5868,1.4764,1.485
31.867,8.5769,-0.0344,-0.0162,0.4995,0.0025,0.4804,0.005,1.5868,1.4764,1.485
31.867,8.5769,-0.0344,-0.0162,0.4995,0.0025,0.4843,0.0076,1.5868,1.4764,1.485
31.9,8.5852,-0.0346,-0.0162,0.4997,0.0028,0.4862,0.0061,1.5868,1.4764,1.485
31.9,8.5852,-0.0346,-0.0162,0.4997,0.0028,0.4879,0.0056,1.5868,1.4764,1.485
31.917,8.6019,-0.0349,-0.016,0.4999,0.0012,0.4853,0.0054,1.5868,1.4764,1.485
31.917,8.6019,-0.0349,-0.016,0.4999,0.0012,0.4799,0.0025,1.5499,1.4764,1.485
31.917,8.6019,-0.0349,-0.016,0.4999,0.0012,0.482,0.0028,1.5499,1.4764,1.485
31.95,8.6102,-0.035,-0.016,0.4999,0.0028,0.4855,0.0037,1.5499,1.4764,1.485
31.967,8.6269,-0.0353,-0.0158,0.5001,0.0036,0.4874,0.0037,1.5499,1.4764,1.485
31.967,8.6269,-0.0353,-0.0158,0.5001,0.0036,0.4868,0.0047,1.5499,1.4764,1.485
31.967,8.6269,-0.0353,-0.0158,0.5001,0.0036,0.4847,0.0022,1.5499,1.4764,1.485
32.0,8.6351,-0.0354,-0.0157,0.4845,0.0024,0.4842,0.0044,1.5499,1.4764,1.485
32.0,8.6351,-0.0354,-0.0157,0.4845,0.0024,0.4797,0.0038,1.5499,1.4764,1.485
32.017,8.6511,-0.0357,-0.0156,0.4791,0.0034,0.4746,0.002,1.5499,1.4764,1.485
32.033,8.6591,-0.0358,-0.0155,0.4835,0.0029,0.4709,0.0038,1.4923,1.3775,1.3862
32.033,8.6591,-0.0358,-0.0155,0.4835,0.0029,0.4716,-0.0001,1.4923,1.3775,1.3862
32.033,8.6591,-0.0358,-0.0155,0.4835,0.0029,0.4716,0.0022,1.4923,1.3775,1.3862
32.067,8.6672,-0.036,-0.0154,0.486,0.0041,0.473,0.0064,1.4923,1.3775,1.3862
32.067,8.6672,-0.036,-0.0154,0.486,0.0041,0.4728,0.0055,1.4923,1.3775,1.3862
32.083,8.6834,-0.0363,-0.0153,0.4815,0.0053,0.469,0.0076,1.4923,1.3775,1.3862
32.083,8.6834,-0.0363,-0.0153,0.4815,0.0053,0.464,0.0079,1.4923,1.3775,1.3862
32.083,8.6834,-0.0363,-0.0153,0.4815,0.0053,0.4659,0.006,1.4923,1.3775,1.3862
32.117,8.6914,-0.0364,-0.0151,0.4823,0.005,0.465,0.0048,1.4923,1.3775,1.3862
32.133,8.7076,-0.0367,-0.015,0.4855,0.0065,0.4674,0.0048,1.4401,1.3775,1.3862
32.133,8.7076,-0.0367,-0.015,0.4855,0.0065,0.4688,0.0071,1.4401,1.3775,1.3862
32.133,8.7076,-0.0367,-0.015,0.4855,0.0065,0.4696,0.0048,1.4401,1.3775,1.3862
32.167,8.7156,-0.0368,-0.0149,0.4814,0.0055,0.4717,0.0044,1.4401,1.3775,1.3862
32.167,8.7156,-0.0368,-0.0149,0.4814,0.0055,0.4694,0.0046,1.4401,1.3775,1.3862
32.183,8.7315,-0.0371,-0.0147,0.4727,0.0046,0.4662,0.0065,1.4401,1.3775,1.3862
32.2,8.7394,-0.0372,-0.0146,0.4726,0.0051,0.462,0.0033,1.4401,1.3775,1.3862
32.2,8.7394,-0.0372,-0.0146,0.4726,0.0051,0.4605,0.0057,1.4401,1.3775,1.3862
32.2,8.7394,-0.0372,-0.0146,0.4726,0.0051,0.4604,0.0027,1.4401,1.3775,1.3862
32.233,8.7473,-0.0373,-0.0145,0.4735,0.0054,0.458,0.0067,1.3844,1.28,1.2898
32.233,8.7473,-0.0373,-0.0145,0.4735,0.0054,0.4583,0.0024,1.3844,1.28,1.2898
32.25,8.7629,-0.0376,-0.0143,0.4659,0.0056,0.4535,0.0021,1.3844,1.28,1.2898
32.25,8.7629,-0.0376,-0.0143,0.4659,0.0056,0.4487,0.0011,1.3844,1.28,1.2898
32.25,8.7629,-0.0376,-0.0143,0.4659,0.0056,0.4482,0.0085,1.3844,1.28,1.2898
32.283,8.7707,-0.0377,-0.0142,0.4664,0.006,0.4462,0.0075,1.3844,1.28,1.2898
32.3,8.7863,-0.038,-0.0141,0.4699,0.0065,0.4471,0.0046,1.3844,1.28,1.2898
32.3,8.7863,-0.038,-0.0141,0.4699,0.0065,0.4472,0.0056,1.3844,1.28,1.2898
32.3,8.7863,-0.038,-0.0141,0.4699,0.0065,0.45,0.0056,1.3844,1.28,1.2898
32.333,8.7941,-0.0381,-0.014,0.4699,0.0058,0.4505,0.0058,1.3557,1.28,1.2898
32.333,8.7941,-0.0381,-0.014,0.4699,0.0058,0.4504,0.0067,1.3557,1.28,1.2898
32.35,8.8097,-0.0384,-0.0138,0.4634,0.0066,0.4532,0.0067,1.3557,1.28,1.2898
32.35,8.8097,-0.0384,-0.0138,0.4634,0.0066,0.4476,0.007,1.3557,1.28,1.2898
32.367,8.8174,-0.0385,-0.0137,0.4614,0.0059,0.4458,0.0033,1.3557,1.28,1.2898
32.367,8.8174,-0.0385,-0.0137,0.4614,0.0059,0.4439,0.0104,1.3557,1.28,1.2898
32.4,8.8251,-0.0386,-0.0137,0.4589,0.0049,0.4422,0.0093,1.3557,1.28,1.2898
32.4,8.8251,-0.0386,-0.0137,0.4589,0.0049,0.4426,0.0091,1.3557,1.28,1.2898
32.417,8.8401,-0.0388,-0.0135,0.449,0.0034,0.442,0.0074,1.3557,1.28,1.2898
32.417,8.8401,-0.0388,-0.0135,0.449,0.0034,0.4363,0.0033,1.2998,1.1878,1.1975
32.417,8.8401,-0.0388,-0.0135,0.449,0.0034,0.4334,0.0028,1.2998,1.1878,1.1975
32.45,8.8476,-0.0389,-0.0135,0.4469,0.0053,0.4317,0.0035,1.2998,1.1878,1.1975
32.467,8.8625,-0.0392,-0.0133,0.4494,0.0044,0.4295,0.0065,1.2998,1.1878,1.1975
32.467,8.8625,-0.0392,-0.0133,0.4494,0.0044,0.4306,0.0029,1.2998,1.1878,1.1975
32.467,8.8625,-0.0392,-0.0133,0.4494,0.0044,0.4309,0.0032,1.2998,1.1878,1.1975
32.5,8.87,-0.0393,-0.0133,0.4502,0.0051,0.43,0.001,1.2998,1.1878,1.1975
32.5,8.87,-0.0393,-0.0133,0.4502,0.0051,0.4272,0.0095,1.2998,1.1878,1.1975
32.517,8.885,-0.0395,-0.0131,0.4486,0.0041,0.4296,0.0114,1.2998,1.1878,1.1975
32.533,8.8925,-0.0396,-0.0131,0.4448,0.0033,0.4237,0.0136,1.259,1.1878,1.1975
32.533,8.8925,-0.0396,-0.0131,0.4448,0.0033,0.4223,0.0155,1.259,1.1878,1.1975
32.533,8.8925,-0.0396,-0.0131,0.4448,0.0033,0.4213,0.0131,1.259,1.1878,1.1975
32.567,8.8999,-0.0397,-0.013,0.4426,0.0042,0.4248,0.0113,1.259,1.1878,1.1975
32.567,8.8999,-0.0397,-0.013,0.4426,0.0042,0.4219,0.0115,1.259,1.1878,1.1975
32.583,8.9144,-0.0399,-0.0129,0.434,0.0043,0.4259,0.0082,1.259,1.1878,1.1975
32.583,8.9144,-0.0399,-0.0129,0.434,0.0043,0.4227,0.0076,1.259,1.1878,1.1975
32.583,8.9144,-0.0399,-0.0129,0.434,0.0043,0.4201,0.0061,1.259,1.1878,1.1975
32.617,8.9217,-0.04,-0.0128,0.432,0.0041,0.4167,0.0093,1.259,1.1878,1.1975
32.633,8.936,-0.0402,-0.0127,0.4306,0.0035,0.4144,0.0107,1.2084,1.0988,1.1087
32.633,8.936,-0.0402,-0.0127,0.4306,0.0035,0.4096,0.0119,1.2084,1.0988,1.1087
32.633,8.936,-0.0402,-0.0127,0.4306,0.0035,0.4108,0.0103,1.2084,1.0988,1.1087
32.633,8.936,-0.0402,-0.0127,0.4306,0.0035,0.4108,0.0098,1.2084,1.0988,1.1087
32.667,8.9432,-0.0403,-0.0127,0.4277,0.003,0.413,0.0119,1.2084,1.0988,1.1087
32.683,8.9574,-0.0405,-0.0125,0.4245,0.002,0.4112,0.0113,1.2084,1.0988,1.1087
32.683,8.9574,-0.0405,-0.0125,0.4245,0.002,0.4049,0.0083,1.2084,1.0988,1.1087
32.7,8.9645,-0.0406,-0.0125,0.4246,0.0032,0.4033,0.0126,1.2084,1.0988,1.1087
32.7,8.9645,-0.0406,-0.0125,0.4246,0.0032,0.4044,0.0181,1.2084,1.0988,1.1087
32.7,8.9645,-0.0406,-0.0125,0.4246,0.0032,0.4036,0.0135,1.1711,1.0988,1.1087
32.733,8.9715,-0.0407,-0.0124,0.4222,0.0033,0.3984,0.0146,1.1711,1.0988,1.1087
32.75,8.9856,-0.0409,-0.0122,0.4204,0.0045,0.398,0.0079,1.1711,1.0988,1.1087
32.75,8.9856,-0.0409,-0.0122,0.4204,0.0045,0.3984,0.0047,1.1711,1.0988,1.1087
32.75,8.9856,-0.0409,-0.0122,0.4204,0.0045,0.3997,0.0073,1.1711,1.0988,1.1087
32.783,8.9926,-0.041,-0.0121,0.4174,0.0036,0.3985,0.0056,1.1711,1.0988,1.1087
32.783,8.9926,-0.041,-0.0121,0.4174,0.0036,0.3939,0.0092,1.1711,1.0988,1.1087
32.8,9.0063,-0.0412,-0.0119,0.4108,0.0043,0.389,0.0148,1.1711,1.0988,1.1087
32.8,9.0063,-0.0412,-0.0119,0.4108,0.0043,0.385,0.014,1.1711,1.0988,1.1087
32.8,9.0063,-0.0412,-0.0119,0.4108,0.0043,0.385,0.014,1.1362,1.0139,1.0259
32.833,9.0132,-0.0413,-0.0118,0.4126,0.004,0.3902,0.0131,1.1362,1.0139,1.0259
32.833,9.0132,-0.0413,-0.0118,0.4126,0.004,0.393,0.0066,1.1362,1.0139,1.0259
32.833,9.0132,-0.0413,-0.0118,0.4126,0.004,0.3918,0.0042,1.1362,1.0139,1.0259
32.85,9.0269,-0.0415,-0.0116,0.4063,0.0055,0.3883,0.007,1.1362,1.0139,1.0259
32.867,9.0336,-0.0416,-0.0114,0.4049,0.003,0.3875,0.0084,1.1362,1.0139,1.0259
32.867,9.0336,-0.0416,-0.0114,0.4049,0.003,0.3853,0.009,1.1362,1.0139,1.0259
32.867,9.0336,-0.0416,-0.0114,0.4049,0.003,0.3858,0.0091,1.1362,1.0139,1.0259
32.9,9.0404,-0.0417,-0.0113,0.404,0.006,0.3884,0.008,1.1362,1.0139,1.0259
32.9,9.0404,-0.0417,-0.0113,0.404,0.006,0.3849,0.0088,1.1362,1.0139,1.0259
32.917,9.0537,-0.0419,-0.0111,0.3992,0.0066,0.3792,0.0067,1.1362,1.0139,1.0259
32.917,9.0537,-0.0419,-0.0111,0.3992,0.0066,0.3764,0.006,1.0839,1.0139,1.0259
32.917,9.0537,-0.0419,-0.0111,0.3992,0.0066,0.3766,0.0079,1.0839,1.0139,1.0259
32.95,9.0604,-0.042,-0.0109,0.3952,0.0059,0.3763,0.0105,1.0839,1.0139,1.0259
32.967,9.0734,-0.0422,-0.0106,0.3906,0.0068,0.376,0.0108,1.0839,1.0139,1.0259
32.967,9.0734,-0.0422,-0.0106,0.3906,0.0068,0.3734,0.0084,1.0839,1.0139,1.0259
32.967,9.0734,-0.0422,-0.0106,0.3906,0.0068,0.3692,0.0091,1.0839,1.0139,1.0259
33.0,9.0799,-0.0423,-0.0105,0.3918,0.0084,0.3691,0.0095,1.0839,1.0139,1.0259
33.017,9.0929,-0.0425,-0.0102,0.3882,0.0073,0.3704,0.0098,1.0839,1.0139,1.0259
33.017,9.0929,-0.0425,-0.0102,0.3882,0.0073,0.3645,0.0096,1.0539,0.935,1.0259
33.033,9.0994,-0.0426,-0.0101,0.3867,0.0073,0.3637,0.0108,1.0539,0.935,0.947
33.033,9.0994,-0.0426,-0.0101,0.3867,0.0073,0.362,0.0103,1.0539,0.935,0.947
33.033,9.0994,-0.0426,-0.0101,0.3867,0.0073,0.3624,0.012,1.0539,0.935,0.947
33.067,9.1058,-0.0426,-0.0099,0.3884,0.0078,0.3581,0.0114,1.0539,0.935,0.947
33.083,9.1186,-0.0428,-0.0097,0.3778,0.0084,0.3588,0.0101,1.0539,0.935,0.947
33.083,9.1186,-0.0428,-0.0097,0.3778,0.0084,0.356,0.01,1.0539,0.935,0.947
33.083,9.1186,-0.0428,-0.0097,0.3778,0.0084,0.354,0.0092,1.0539,0.935,0.947
33.117,9.1249,-0.0429,-0.0095,0.3772,0.008,0.3526,0.0136,1.0539,0.935,0.947
33.117,9.1249,-0.0429,-0.0095,0.3772,0.008,0.3514,0.0136,1.0539,0.935,0.947
33.133,9.1374,-0.0431,-0.0092,0.3746,0.0078,0.3493,0.0093,1.0108,0.935,0.947
33.133,9.1374,-0.0431,-0.0092,0.3746,0.0078,0.3526,0.0086,1.0108,0.935,0.947
33.133,9.1374,-0.0431,-0.0092,0.3746,0.0078,0.3531,0.0121,1.0108,0.935,0.947
33.167,9.1436,-0.0431,-0.0091,0.3706,0.0073,0.351,0.01,1.0108,0.935,0.947
33.183,9.1559,-0.0433,-0.0088,0.3663,0.0088,0.3472,0.0039,1.0108,0.935,0.947
33.183,9.1559,-0.0433,-0.0088,0.3663,0.0088,0.3428,0.0036,1.0108,0.935,0.947
33.2,9.162,-0.0434,-0.0087,0.3636,0.0063,0.3394,0.0007,1.0108,0.935,0.947
33.2,9.162,-0.0434,-0.0087,0.3636,0.0063,0.3386,0.0072,1.0108,0.935,0.947
33.2,9.162,-0.0434,-0.0087,0.3636,0.0063,0.3386,0.0072,0.9767,0.8617,0.8718
33.233,9.168,-0.0435,-0.0086,0.3599,0.0075,0.3426,0.0038,0.9767,0.8617,0.8718
33.25,9.1799,-0.0436,-0.0083,0.355,0.0081,0.3415,0.0039,0.9767,0.8617,0.8718
33.25,9.1799,-0.0436,-0.0083,0.355,0.0081,0.3375,0.008,0.9767,0.8617,0.8718
33.25,9.1799,-0.0436,-0.0083,0.355,0.0081,0.3332,0.0049,0.9767,0.8617,0.8718
33.283,9.1858,-0.0437,-0.0081,0.3535,0.0073,0.3327,0.0091,0.9767,0.8617,0.8718
33.283,9.1858,-0.0437,-0.0081,0.3535,0.0073,0.3283,0.0108,0.9767,0.8617,0.8718
33.3,9.1976,-0.0438,-0.0078,0.3525,0.0083,0.3273,0.0081,0.9767,0.8617,0.8718
33.3,9.1976,-0.0438,-0.0078,0.3525,0.0083,0.3296,0.0069,0.9767,0.8617,0.8718
33.3,9.1976,-0.0438,-0.0078,0.3525,0.0083,0.3301,0.0098,0.9767,0.8617,0.8718
33.333,9.2034,-0.0439,-0.0077,0.3516,0.0081,0.3275,0.0109,0.932,0.8617,0.8718
33.35,9.215,-0.044,-0.0075,0.3443,0.0083,0.3266,0.0123,0.932,0.8617,0.8718
33.35,9.215,-0.044,-0.0075,0.3443,0.0083,0.3223,0.0093,0.932,0.8617,0.8718
33.367,9.2207,-0.0441,-0.0073,0.3427,0.0082,0.3244,0.0086,0.932,0.8617,0.8718
33.367,9.2207,-0.0441,-0.0073,0.3427,0.0082,0.3181,0.0085,0.932,0.8617,0.8718
33.367,9.2207,-0.0441,-0.0073,0.3427,0.0082,0.3164,0.0083,0.932,0.8617,0.8718
33.4,9.2265,-0.0441,-0.0072,0.3429,0.0088,0.3172,0.007,0.932,0.8617,0.8718
33.4,9.2265,-0.0441,-0.0072,0.3429,0.0088,0.3153,0.0062,0.932,0.8617,0.8718
33.417,9.2377,-0.0443,-0.007,0.3346,0.0082,0.3097,0.0143,0.932,0.8617,0.8718
33.417,9.2377,-0.0443,-0.007,0.3346,0.0082,0.3072,0.0088,0.9095,0.7924,0.8021
33.417,9.2377,-0.0443,-0.007,0.3346,0.0082,0.3076,0.0031,0.9095,0.7924,0.8021
33.45,9.2433,-0.0443,-0.0069,0.3333,0.0064,0.3077,0.0018,0.9095,0.7924,0.8021
33.45,9.2433,-0.0443,-0.0069,0.3333,0.0064,0.3096,0.0033,0.9095,0.7924,0.8021
33.467,9.2543,-0.0444,-0.0067,0.3303,0.006,0.3076,0.006,0.9095,0.7924,0.8021
33.467,9.2543,-0.0444,-0.0067,0.3303,0.006,0.3049,0.0081,0.9095,0.7924,0.8021
33.467,9.2543,-0.0444,-0.0067,0.3303,0.006,0.3042,0.0076,0.9095,0.7924,0.8021
33.5,9.2598,-0.0445,-0.0066,0.3275,0.0069,0.2996,0.0123,0.9095,0.7924,0.8021
33.5,9.2598,-0.0445,-0.0066,0.3275,0.0069,0.2976,0.0059,0.9095,0.7924,0.8021
33.517,9.2706,-0.0446,-0.0064,0.3193,0.0071,0.2984,0.0077,0.9095,0.7924,0.8021
33.517,9.2706,-0.0446,-0.0064,0.3193,0.0071,0.2949,0.0137,0.8769,0.7924,0.8021
33.533,9.2759,-0.0446,-0.0063,0.3177,0.0073,0.2925,0.0131,0.8769,0.7924,0.8021
33.533,9.2759,-0.0446,-0.0063,0.3177,0.0073,0.2926,0.0114,0.8769,0.7924,0.8021
33.567,9.2812,-0.0447,-0.0061,0.3159,0.0073,0.2908,0.0136,0.8769,0.7924,0.8021
33.567,9.2812,-0.0447,-0.0061,0.3159,0.0073,0.2903,0.0076,0.8769,0.7924,0.8021
33.583,9.2915,-0.0448,-0.0059,0.3082,0.0067,0.2915,0.0041,0.8769,0.7924,0.8021
33.583,9.2915,-0.0448,-0.0059,0.3082,0.0067,0.2874,0.0092,0.8769,0.7924,0.8021
33.583,9.2915,-0.0448,-0.0059,0.3082,0.0067,0.285,0.0075,0.8769,0.7924,0.8021
33.617,9.2967,-0.0448,-0.0058,0.3093,0.0071,0.2835,0.0039,0.8769,0.7924,0.8021
33.633,9.3069,-0.0449,-0.0057,0.3046,0.0061,0.2832,0.0031,0.8365,0.7295,0.7393
33.633,9.3069,-0.0449,-0.0057,0.3046,0.0061,0.2817,0.0084,0.8365,0.7295,0.7393
33.633,9.3069,-0.0449,-0.0057,0.3046,0.0061,0.2803,0.01,0.8365,0.7295,0.7393
33.633,9.3069,-0.0449,-0.0057,0.3046,0.0061,0.2781,0.0078,0.8365,0.7295,0.7393
33.667,9.3119,-0.045,-0.0056,0.299,0.0065,0.2754,0.0094,0.8365,0.7295,0.7393
33.683,9.3218,-0.0451,-0.0053,0.2956,0.0045,0.2757,0.0073,0.8365,0.7295,0.7393
33.683,9.3218,-0.0451,-0.0053,0.2956,0.0045,0.2696,0.0049,0.8365,0.7295,0.7393
33.7,9.3267,-0.0451,-0.0053,0.2919,0.0048,0.2655,0.0043,0.8365,0.7295,0.7393
33.7,9.3267,-0.0451,-0.0053,0.2919,0.0048,0.2661,0.0109,0.8365,0.7295,0.7393
33.7,9.3267,-0.0451,-0.0053,0.2919,0.0048,0.2698,0.0102,0.8155,0.7295,0.7393
33.733,9.3316,-0.0451,-0.0052,0.2907,0.0055,0.2696,0.0088,0.8155,0.7295,0.7393
33.75,9.3412,-0.0452,-0.005,0.2855,0.006,0.2652,0.0085,0.8155,0.7295,0.7393
33.75,9.3412,-0.0452,-0.005,0.2855,0.006,0.2604,0.0061,0.8155,0.7295,0.7393
33.75,9.3412,-0.0452,-0.005,0.2855,0.006,0.2609,0.0035,0.8155,0.7295,0.7393
33.783,9.3459,-0.0453,-0.0048,0.2838,0.0065,0.2593,0.0089,0.8155,0.7295,0.7393
33.783,9.3459,-0.0453,-0.0048,0.2838,0.0065,0.2605,0.0097,0.8155,0.7295,0.7393
33.8,9.3553,-0.0453,-0.0046,0.2806,0.0059,0.2585,0.0068,0.8155,0.7295,0.7393
33.8,9.3553,-0.0453,-0.0046,0.2806,0.0059,0.2598,0.0072,0.8155,0.7295,0.7393
33.8,9.3553,-0.0453,-0.0046,0.2806,0.0059,0.2562,0.0053,0.7784,0.6723,0.6825
33.833,9.3599,-0.0454,-0.0045,0.2764,0.0059,0.2568,0.0025,0.7784,0.6723,0.6825
33.85,9.3691,-0.0455,-0.0043,0.2708,0.0066,0.2537,0.0022,0.7784,0.6723,0.6825
33.85,9.3691,-0.0455,-0.0043,0.2708,0.0066,0.2544,0.0109,0.7784,0.6723,0.6825
33.867,9.3736,-0.0455,-0.0043,0.2699,0.0051,0.253,0.007,0.7784,0.6723,0.6825
33.867,9.3736,-0.0455,-0.0043,0.2699,0.0051,0.2496,0.0108,0.7784,0.6723,0.6825
33.867,9.3736,-0.0455,-0.0043,0.2699,0.0051,0.249,0.0106,0.7784,0.6723,0.6825
33.9,9.3781,-0.0455,-0.0041,0.2697,0.0064,0.2486,0.011,0.7784,0.6723,0.6825
33.917,9.3869,-0.0456,-0.0038,0.2611,0.0067,0.2469,0.0097,0.7784,0.6723,0.6825
33.917,9.3869,-0.0456,-0.0038,0.2611,0.0067,0.2432,0.0104,0.7784,0.6723,0.6825
33.917,9.3869,-0.0456,-0.0038,0.2611,0.0067,0.2412,0.0091,0.7553,0.6723,0.6825
33.95,9.3912,-0.0456,-0.0038,0.2596,0.0052,0.2365,0.0088,0.7553,0.6723,0.6825
33.95,9.3912,-0.0456,-0.0038,0.2596,0.0052,0.2337,0.006,0.7553,0.6723,0.6825
33.967,9.3999,-0.0457,-0.0036,0.2596,0.0057,0.2327,0.0072,0.7553,0.6723,0.6825
33.967,9.3999,-0.0457,-0.0036,0.2596,0.0057,0.233,0.0102,0.7553,0.6723,0.6825
33.967,9.3999,-0.0457,-0.0036,0.2596,0.0057,0.2318,0.0116,0.7553,0.6723,0.6825
34.0,9.4042,-0.0457,-0.0035,0.2573,0.0075,0.2347,0.0119,0.7553,0.6723,0.6825
34.017,9.4127,-0.0458,-0.0032,0.2544,0.0047,0.2342,0.0123,0.7553,0.6723,0.6825
34.017,9.4127,-0.0458,-0.0032,0.2544,0.0047,0.2342,0.0123,0.718,0.6202,0.6825
34.033,9.4169,-0.0458,-0.0032,0.2501,0.0059,0.2267,0.0091,0.718,0.6202,0.6303
34.033,9.4169,-0.0458,-0.0032,0.2501,0.0059,0.2254,0.0097,0.718,0.6202,0.6303
34.033,9.4169,-0.0458,-0.0032,0.2501,0.0059,0.225,0.0052,0.718,0.6202,0.6303
34.067,9.421,-0.0459,-0.003,0.249,0.0052,0.2271,0.0046,0.718,0.6202,0.6303
34.083,9.4292,-0.0459,-0.0028,0.2419,0.0057,0.2228,0.0058,0.718,0.6202,0.6303
34.083,9.4292,-0.0459,-0.0028,0.2419,0.0057,0.2238,0.0079,0.718,0.6202,0.6303
34.083,9.4292,-0.0459,-0.0028,0.2419,0.0057,0.2216,0.0078,0.718,0.6202,0.6303
34.117,9.4332,-0.046,-0.0028,0.2377,0.0058,0.2184,0.0105,0.718,0.6202,0.6303
34.117,9.4332,-0.046,-0.0028,0.2377,0.0058,0.2176,0.0124,0.718,0.6202,0.6303
34.133,9.441,-0.046,-0.0026,0.2332,0.0051,0.215,0.0071,0.7006,0.6202,0.6303
34.133,9.441,-0.046,-0.0026,0.2332,0.0051,0.2096,0.0056,0.7006,0.6202,0.6303
34.133,9.441,-0.046,-0.0026,0.2332,0.0051,0.211,0.0084,0.7006,0.6202,0.6303
34.167,9.4449,-0.046,-0.0025,0.2345,0.0054,0.2065,0.0076,0.7006,0.6202,0.6303
34.183,9.4527,-0.0461,-0.0022,0.2316,0.0059,0.2085,0.0077,0.7006,0.6202,0.6303
34.183,9.4527,-0.0461,-0.0022,0.2316,0.0059,0.2031,0.0086,0.7006,0.6202,0.6303
34.2,9.4565,-0.0461,-0.0021,0.2265,0.0069,0.2011,0.0086,0.7006,0.6202,0.6303
34.2,9.4565,-0.0461,-0.0021,0.2265,0.0069,0.2019,0.0067,0.7006,0.6202,0.6303
34.2,9.4565,-0.0461,-0.0021,0.2265,0.0069,0.2037,0.0099,0.6827,0.6202,0.6303
34.233,9.4603,-0.0462,-0.0018,0.2271,0.0063,0.2034,0.0147,0.6827,0.5734,0.5839
34.233,9.4603,-0.0462,-0.0018,0.2271,0.0063,0.2007,0.0129,0.6827,0.5734,0.5839
34.25,9.4678,-0.0462,-0.0017,0.2224,0.0063,0.1975,0.0093,0.6827,0.5734,0.5839
34.25,9.4678,-0.0462,-0.0017,0.2224,0.0063,0.1942,0.0083,0.6827,0.5734,0.5839
34.283,9.4714,-0.0462,-0.0015,0.2194,0.0052,0.1926,0.0065,0.6827,0.5734,0.5839
34.283,9.4714,-0.0462,-0.0015,0.2194,0.0052,0.1924,0.0099,0.6827,0.5734,0.5839
34.3,9.4786,-0.0463,-0.0012,0.2113,0.0045,0.193,0.0032,0.6827,0.5734,0.5839
34.3,9.4786,-0.0463,-0.0012,0.2113,0.0045,0.1884,0.0067,0.6827,0.5734,0.5839
34.3,9.4786,-0.0463,-0.0012,0.2113,0.0045,0.1878,0.006,0.6827,0.5734,0.5839
34.333,9.4821,-0.0463,-0.0012,0.2092,0.0062,0.1848,0.0081,0.6591,0.5734,0.5839
34.333,9.4821,-0.0463,-0.0012,0.2092,0.0062,0.1812,0.0078,0.6591,0.5734,0.5839
34.35,9.4889,-0.0463,-0.001,0.202,0.0054,0.1794,0.0062,0.6591,0.5734,0.5839
34.367,9.4923,-0.0464,-0.0007,0.2035,0.0049,0.1774,0.0039,0.6591,0.5734,0.5839
34.367,9.4923,-0.0464,-0.0007,0.2035,0.0049,0.1771,0.0044,0.6591,0.5734,0.5839
34.367,9.4923,-0.0464,-0.0007,0.2035,0.0049,0.1782,0.0057,0.6591,0.5734,0.5839
34.4,9.4957,-0.0464,-0.0007,0.2036,0.0043,0.1755,0.0099,0.6591,0.5734,0.5839
34.4,9.4957,-0.0464,-0.0007,0.2036,0.0043,0.178,0.0097,0.6591,0.5734,0.5839
34.417,9.5023,-0.0464,0.0,0.1954,0.005,0.175,0.0066,0.6591,0.5734,0.5839
34.417,9.5023,-0.0464,0.0,0.1954,0.005,0.1719,0.009,0.6591,0.5734,0.5839
34.417,9.5023,-0.0464,0.0,0.1954,0.005,0.1712,0.0074,0.6347,0.5321,0.5426
34.417,9.5023,-0.0464,0.0,0.1954,0.005,0.1751,0.0079,0.6347,0.5321,0.5426
34.45,9.5055,-0.0465,-0.0,0.1934,0.006,0.1748,0.0074,0.6347,0.5321,0.5426
34.467,9.5119,-0.0465,-0.0,0.1883,0.0059,0.1734,0.0069,0.6347,0.5321,0.5426
34.467,9.5119,-0.0465,-0.0,0.1883,0.0059,0.1711,0.0062,0.6347,0.5321,0.5426
34.467,9.5119,-0.0465,-0.0,0.1883,0.0059,0.168,0.0079,0.6347,0.5321,0.5426
34.5,9.515,-0.0465,-0.0,0.1814,0.0052,0.1676,0.0062,0.6347,0.5321,0.5426
34.5,9.515,-0.0465,-0.0,0.1814,0.0052,0.1652,0.0053,0.6347,0.5321,0.5426
34.517,9.5209,-0.0465,-0.0,0.1775,0.0052,0.1605,0.0042,0.6347,0.5321,0.5426
34.533,9.5239,-0.0466,-0.0,0.1761,0.0044,0.1605,0.0082,0.6219,0.5321,0.5426
34.533,9.5239,-0.0466,-0.0,0.1761,0.0044,0.1574,0.0069,0.6219,0.5321,0.5426
34.533,9.5239,-0.0466,-0.0,0.1761,0.0044,0.1576,0.0099,0.6219,0.5321,0.5426
34.567,9.5268,-0.0466,0.0,0.1778,0.0053,0.1562,0.0059,0.6219,0.5321,0.5426
34.567,9.5268,-0.0466,0.0,0.1778,0.0053,0.1542,0.0077,0.6219,0.5321,0.5426
34.583,9.5326,-0.0466,0.0,0.1717,0.0057,0.1504,0.0087,0.6219,0.5321,0.5426
34.583,9.5326,-0.0466,0.0,0.1717,0.0057,0.1466,0.0074,0.6219,0.5321,0.5426
34.583,9.5326,-0.0466,0.0,0.1717,0.0057,0.1484,0.0109,0.6219,0.5321,0.5426
34.583,9.5326,-0.0466,0.0,0.1717,0.0057,0.1487,0.0038,0.6219,0.5321,0.5426
34.617,9.5355,-0.0466,0.0,0.1746,0.0039,0.1506,0.0068,0.6219,0.5321,0.5426
34.633,9.5412,-0.0466,0.0,0.169,0.0032,0.1506,0.0068,0.6042,0.4962,0.5075
34.633,9.5412,-0.0466,0.0,0.169,0.0032,0.1484,0.0111,0.6042,0.4962,0.5075
34.633,9.5412,-0.0466,0.0,0.169,0.0032,0.1502,0.0099,0.6042,0.4962,0.5075
34.667,9.544,-0.0467,0.0007,0.1622,0.0077,0.1463,0.0107,0.6042,0.4962,0.5075
34.667,9.544,-0.0467,0.0007,0.1622,0.0077,0.1419,0.0068,0.6042,0.4962,0.5075
34.683,9.5493,-0.0467,0.0,0.1582,0.0061,0.1374,0.0091,0.6042,0.4962,0.5075
34.683,9.5493,-0.0467,0.0,0.1582,0.0061,0.1378,0.0049,0.6042,0.4962,0.5075
34.7,9.5519,-0.0467,0.0,0.1552,0.0033,0.1365,0.0014,0.6042,0.4962,0.5075
34.7,9.5519,-0.0467,0.0,0.1552,0.0033,0.1367,0.0023,0.6042,0.4962,0.5075
34.7,9.5519,-0.0467,0.0,0.1552,0.0033,0.1365,0.0038,0.5786,0.4962,0.5075
34.733,9.5545,-0.0467,0.0007,0.1514,0.0054,0.1348,0.0083,0.5786,0.4962,0.5075
34.75,9.5595,-0.0467,0.001,0.1488,0.0065,0.1317,0.0058,0.5786,0.4962,0.5075
34.75,9.5595,-0.0467,0.001,0.1488,0.0065,0.1317,0.0067,0.5786,0.4962,0.5075
34.75,9.5595,-0.0467,0.001,0.1488,0.0065,0.1321,0.0097,0.5786,0.4962,0.5075
34.783,9.562,-0.0467,0.001,0.1504,0.003,0.1309,0.006,0.5786,0.4962,0.5075
34.783,9.562,-0.0467,0.001,0.1504,0.003,0.1302,0.0039,0.5786,0.4962,0.5075
34.8,9.567,-0.0468,0.0012,0.15,0.0037,0.1282,0.0042,0.5786,0.4962,0.5075
34.8,9.567,-0.0468,0.0012,0.15,0.0037,0.126,0.0048,0.5786,0.4962,0.5075
34.833,9.5694,-0.0468,0.0014,0.1436,0.0054,0.1289,0.0029,0.5678,0.4657,0.4773
34.833,9.5694,-0.0468,0.0014,0.1436,0.0054,0.1276,0.0065,0.5678,0.4657,0.4773
34.85,9.5741,-0.0468,0.0015,0.138,0.0056,0.128,0.0119,0.5678,0.4657,0.4773
34.85,9.5741,-0.0468,0.0015,0.138,0.0056,0.1236,0.0089,0.5678,0.4657,0.4773
34.867,9.5763,-0.0468,0.0017,0.1371,0.0042,0.1219,0.0092,0.5678,0.4657,0.4773
34.867,9.5763,-0.0468,0.0017,0.1371,0.0042,0.1223,0.0095,0.5678,0.4657,0.4773
34.9,9.5786,-0.0468,0.0015,0.1367,0.005,0.1211,0.0052,0.5678,0.4657,0.4773
34.9,9.5786,-0.0468,0.0015,0.1367,0.005,0.1218,0.0041,0.5678,0.4657,0.4773
34.917,9.5831,-0.0468,0.002,0.1324,0.0038,0.1181,0.0072,0.5678,0.4657,0.4773
34.917,9.5831,-0.0468,0.002,0.1324,0.0038,0.1152,0.006,0.5572,0.4657,0.4773
34.917,9.5831,-0.0468,0.002,0.1324,0.0038,0.1124,0.0051,0.5572,0.4657,0.4773
34.95,9.5853,-0.0468,0.0018,0.1313,0.0043,0.112,0.0053,0.5572,0.4657,0.4773
34.95,9.5853,-0.0468,0.0018,0.1313,0.0043,0.1141,0.0065,0.5572,0.4657,0.4773
34.967,9.5896,-0.0468,0.0021,0.1268,0.004,0.1116,0.0082,0.5572,0.4657,0.4773
34.967,9.5896,-0.0468,0.0021,0.1268,0.004,0.1111,0.0074,0.5572,0.4657,0.4773
34.967,9.5896,-0.0468,0.0021,0.1268,0.004,0.1052,0.0103,0.5572,0.4657,0.4773
35.0,9.5917,-0.0468,0.0021,0.1275,0.004,0.1047,0.008,0.5572,0.4657,0.4773
35.017,9.5959,-0.0469,0.0023,0.1246,0.0043,0.1031,0.006,0.5572,0.4657,0.4773
35.017,9.5959,-0.0469,0.0023,0.1246,0.0043,0.1031,0.006,0.5415,0.4391,0.4519
35.033,9.598,-0.0469,0.0022,0.122,0.0037,0.1031,0.0048,0.5415,0.4391,0.4519
35.033,9.598,-0.0469,0.0022,0.122,0.0037,0.1055,0.0041,0.5415,0.4391,0.4519
35.033,9.598,-0.0469,0.0022,0.122,0.0037,0.1055,0.0032,0.5415,0.4391,0.4519
35.067,9.6,-0.0469,0.0024,0.1218,0.0043,0.1054,0.0054,0.5415,0.4391,0.4519
35.083,9.6039,-0.0469,0.0024,0.1134,0.004,0.1019,0.0036,0.5415,0.4391,0.4519
35.083,9.6039,-0.0469,0.0024,0.1134,0.004,0.1004,0.006,0.5415,0.4391,0.4519
35.083,9.6039,-0.0469,0.0024,0.1134,0.004,0.0974,0.0052,0.5415,0.4391,0.4519
35.117,9.6058,-0.0469,0.0025,0.1124,0.0032,0.0972,0.0035,0.5415,0.4391,0.4519
35.117,9.6058,-0.0469,0.0025,0.1124,0.0032,0.0934,0.0038,0.5415,0.4391,0.4519
35.133,9.6095,-0.0469,0.0027,0.1114,0.0032,0.0904,0.0037,0.5306,0.4391,0.4519
35.133,9.6095,-0.0469,0.0027,0.1114,0.0032,0.0928,0.004,0.5306,0.4391,0.4519
35.133,9.6095,-0.0469,0.0027,0.1114,0.0032,0.09,0.0043,0.5306,0.4391,0.4519
35.167,9.6113,-0.0469,0.0028,0.1061,0.0029,0.0898,0.0039,0.5306,0.4391,0.4519
35.183,9.6148,-0.0469,0.0028,0.1058,0.0031,0.0877,0.0043,0.5306,0.4391,0.4519
35.183,9.6148,-0.0469,0.0028,0.1058,0.0031,0.0846,0.0033,0.5306,0.4391,0.4519
35.2,9.6166,-0.0469,0.0028,0.1057,0.0038,0.0868,0.0069,0.5306,0.4391,0.4519
35.2,9.6166,-0.0469,0.0028,0.1057,0.0038,0.0913,0.0042,0.5306,0.4391,0.4519
35.2,9.6166,-0.0469,0.0028,0.1057,0.0038,0.0922,0.0052,0.5213,0.4172,0.4519
35.233,9.6184,-0.0469,0.0029,0.1055,0.003,0.0893,0.007,0.5213,0.4172,0.43
35.233,9.6184,-0.0469,0.0029,0.1055,0.003,0.0865,0.0068,0.5213,0.4172,0.43
35.25,9.6217,-0.0469,0.0031,0.0983,0.0033,0.0811,0.0071,0.5213,0.4172,0.43
35.25,9.6217,-0.0469,0.0031,0.0983,0.0033,0.0806,0.0045,0.5213,0.4172,0.43
35.25,9.6217,-0.0469,0.0031,0.0983,0.0033,0.0792,0.0035,0.5213,0.4172,0.43
35.283,9.6234,-0.0469,0.0032,0.0976,0.003,0.0803,0.0078,0.5213,0.4172,0.43
35.3,9.6265,-0.0469,0.0032,0.0909,0.0024,0.0844,0.0075,0.5213,0.4172,0.43
35.3,9.6265,-0.0469,0.0032,0.0909,0.0024,0.0816,0.0086,0.5213,0.4172,0.43
35.3,9.6265,-0.0469,0.0032,0.0909,0.0024,0.0816,0.0056,0.5213,0.4172,0.43
35.333,9.628,-0.0469,0.0034,0.0885,0.0035,0.0812,0.0066,0.515,0.4172,0.43
35.333,9.628,-0.0469,0.0034,0.0885,0.0035,0.0788,0.0018,0.515,0.4172,0.43
35.35,9.6309,-0.047,0.0034,0.0866,0.0028,0.0762,0.0081,0.515,0.4172,0.43
35.367,9.6324,-0.047,0.0035,0.091,0.0024,0.0745,0.0086,0.515,0.4172,0.43
35.367,9.6324,-0.047,0.0035,0.091,0.0024,0.0737,0.0086,0.515,0.4172,0.43
35.367,9.6324,-0.047,0.0035,0.091,0.0024,0.0749,0.0013,0.515,0.4172,0.43
35.4,9.6339,-0.047,0.0036,0.0897,0.0026,0.0786,0.0039,0.515,0.4172,0.43
35.4,9.6339,-0.047,0.0036,0.0897,0.0026,0.075,0.0056,0.515,0.4172,0.43
35.417,9.6367,-0.047,0.0037,0.0812,0.0027,0.074,0.0058,0.515,0.4172,0.43
35.417,9.6367,-0.047,0.0037,0.0812,0.0027,0.0682,0.0029,0.5003,0.4,0.4122
35.417,9.6367,-0.047,0.0037,0.0812,0.0027,0.0692,0.0019,0.5003,0.4,0.4122
35.45,9.638,-0.047,0.0036,0.0797,0.0024,0.0699,0.0024,0.5003,0.4,0.4122
35.467,9.6407,-0.047,0.0037,0.0816,0.0032,0.0699,0.003,0.5003,0.4,0.4122
35.467,9.6407,-0.047,0.0037,0.0816,0.0032,0.0712,0.0092,0.5003,0.4,0.4122
35.467,9.6407,-0.047,0.0037,0.0816,0.0032,0.074,0.0048,0.5003,0.4,0.4122
35.5,9.6421,-0.047,0.0038,0.0795,0.0022,0.0764,0.0051,0.5003,0.4,0.4122
35.5,9.6421,-0.047,0.0038,0.0795,0.0022,0.0717,0.0012,0.5003,0.4,0.4122
35.517,9.6446,-0.047,0.0038,0.0751,0.0019,0.0693,0.001,0.5003,0.4,0.4122
35.533,9.6459,-0.047,0.004,0.075,0.0035,0.069,0.0068,0.4942,0.4,0.4122
35.533,9.6459,-0.047,0.004,0.075,0.0035,0.0686,0.0115,0.4942,0.4,0.4122
35.533,9.6459,-0.047,0.004,0.075,0.0035,0.0676,0.0081,0.4942,0.4,0.4122
35.567,9.6472,-0.047,0.004,0.0778,0.0014,0.0677,0.0093,0.4942,0.4,0.4122
35.567,9.6472,-0.047,0.004,0.0778,0.0014,0.0654,0.0063,0.4942,0.4,0.4122
35.583,9.6496,-0.047,0.004,0.0695,0.0013,0.0659,0.0057,0.4942,0.4,0.4122
35.583,9.6496,-0.047,0.004,0.0695,0.0013,0.0622,0.0023,0.4942,0.4,0.4122
35.583,9.6496,-0.047,0.004,0.0695,0.0013,0.0598,-0.0012,0.4942,0.4,0.4122
35.617,9.6507,-0.047,0.0041,0.0699,0.0031,0.062,-0.0021,0.4942,0.4,0.4122
35.633,9.6531,-0.047,0.0041,0.0735,0.0037,0.0623,0.0008,0.4851,0.4,0.4
35.633,9.6531,-0.047,0.0041,0.0735,0.0037,0.06,0.0015,0.4851,0.4,0.4
35.633,9.6531,-0.047,0.0041,0.0735,0.0037,0.063,0.0057,0.4851,0.4,0.4
35.633,9.6531,-0.047,0.0041,0.0735,0.0037,0.072,0.0071,0.4851,0.4,0.4
35.667,9.6543,-0.047,0.0042,0.0721,0.0015,0.0752,0.0026,0.4851,0.4,0.4
35.683,9.6567,-0.047,0.0043,0.0693,0.0004,0.0756,-0.0021,0.4851,0.4,0.4
35.683,9.6567,-0.047,0.0043,0.0693,0.0004,0.072,0.0018,0.4851,0.4,0.4
35.7,9.6578,-0.047,0.0043,0.0681,0.0024,0.0669,0.0011,0.4851,0.4,0.4
35.7,9.6578,-0.047,0.0043,0.0681,0.0024,0.0686,0.001,0.4851,0.4,0.4
35.7,9.6578,-0.047,0.0043,0.0681,0.0024,0.0679,0.0045,0.4766,0.4,0.4
35.733,9.6589,-0.047,0.0043,0.066,0.0012,0.0691,0.0064,0.4766,0.4,0.4
35.75,9.661,-0.047,0.0044,0.0605,0.0018,0.0668,0.0051,0.4766,0.4,0.4
35.75,9.661,-0.047,0.0044,0.0605,0.0018,0.0634,0.0061,0.4766,0.4,0.4
35.75,9.661,-0.047,0.0044,0.0605,0.0018,0.0613,0.0064,0.4766,0.4,0.4
35.783,9.6621,-0.047,0.0045,0.0618,0.0032,0.0585,0.0075,0.4766,0.4,0.4
35.783,9.6621,-0.047,0.0045,0.0618,0.0032,0.0598,0.0035,0.4766,0.4,0.4
35.8,9.6641,-0.047,0.0046,0.0626,0.0018,0.0594,-0.0019,0.4766,0.4,0.4
35.8,9.6641,-0.047,0.0046,0.0626,0.0018,0.0614,0.0058,0.4766,0.4,0.4
35.8,9.6641,-0.047,0.0046,0.0626,0.0018,0.0585,0.0047,0.469,0.4,0.4
35.833,9.6652,-0.047,0.0045,0.0726,0.0024,0.0624,0.0063,0.469,0.4002,0.4
35.833,9.6652,-0.047,0.0045,0.0726,0.0024,0.0616,0.0036,0.469,0.4002,0.4
35.85,9.6677,-0.047,0.0046,0.0726,0.0014,0.0648,0.0032,0.469,0.4002,0.4
35.867,9.6689,-0.047,0.0047,0.069,0.0029,0.0654,0.0023,0.469,0.4002,0.4
35.867,9.6689,-0.047,0.0047,0.069,0.0029,0.062,0.0031,0.469,0.4002,0.4
35.867,9.6689,-0.047,0.0047,0.069,0.0029,0.0617,0.001,0.469,0.4002,0.4
35.9,9.67,-0.047,0.0047,0.0692,0.0009,0.0613,0.002,0.469,0.4002,0.4
35.9,9.67,-0.047,0.0047,0.0692,0.0009,0.061,-0.0018,0.469,0.4002,0.4
35.917,9.6722,-0.047,0.0048,0.0621,0.001,0.0596,-0.0,0.469,0.4002,0.4
35.917,9.6722,-0.047,0.0048,0.0621,0.001,0.0644,0.0049,0.4683,0.4002,0.4
35.917,9.6722,-0.047,0.0048,0.0621,0.001,0.0653,0.0005,0.4683,0.4002,0.4
35.95,9.6732,-0.047,0.0049,0.0593,0.0017,0.0631,0.0026,0.4683,0.4002,0.4
35.95,9.6732,-0.047,0.0049,0.0593,0.0017,0.0632,0.0029,0.4683,0.4002,0.4
35.967,9.6752,-0.047,0.0049,0.0591,0.0019,0.0576,0.0031,0.4683,0.4002,0.4
35.967,9.6752,-0.047,0.0049,0.0591,0.0019,0.0574,-0.0029,0.4683,0.4002,0.4
36.0,9.6762,-0.047,0.005,0.0611,0.0018,0.0554,-0.0001,0.4683,0.4002,0.4
36.0,9.6762,-0.047,0.005,0.0611,0.0018,0.0555,0.0052,0.4683,0.4002,0.4
36.017,9.6784,-0.047,0.005,0.0652,0.0023,0.0582,0.0065,0.4683,0.4002,0.4
36.033,9.6794,-0.047,0.005,0.0621,0.0021,0.058,0.0077,0.4618,0.4,0.4
36.033,9.6794,-0.047,0.005,0.0621,0.0021,0.0584,0.0073,0.4618,0.4,0.4
36.033,9.6794,-0.047,0.005,0.0621,0.0021,0.0582,0.0037,0.4618,0.4,0.4
36.033,9.6794,-0.047,0.005,0.0621,0.0021,0.0574,0.0049,0.4618,0.4,0.4
36.067,9.6804,-0.047,0.0051,0.0612,0.0027,0.0571,0.0086,0.4618,0.4,0.4
36.083,9.6826,-0.047,0.0051,0.0651,0.0036,0.0589,0.0064,0.4618,0.4,0.4
36.083,9.6826,-0.047,0.0051,0.0651,0.0036,0.0569,0.0068,0.4618,0.4,0.4
36.083,9.6826,-0.047,0.0051,0.0651,0.0036,0.058,0.0063,0.4618,0.4,0.4
36.117,9.6836,-0.047,0.0052,0.0635,0.0007,0.0566,0.0028,0.4618,0.4,0.4
36.117,9.6836,-0.047,0.0052,0.0635,0.0007,0.0555,0.0045,0.4589,0.4,0.4
36.133,9.6856,-0.047,0.0052,0.0577,0.002,0.0537,-0.0018,0.4589,0.4,0.4
36.133,9.6856,-0.047,0.0052,0.0577,0.002,0.0553,0.0022,0.4589,0.4,0.4
36.133,9.6856,-0.047,0.0052,0.0577,0.002,0.0544,-0.0025,0.4589,0.4,0.4
36.167,9.6866,-0.047,0.0053,0.056,0.001,0.0558,-0.003,0.4589,0.4,0.4
36.183,9.6885,-0.047,0.0053,0.0581,0.0009,0.0531,-0.0007,0.4589,0.4,0.4
36.183,9.6885,-0.047,0.0053,0.0581,0.0009,0.0507,-0.0019,0.4589,0.4,0.4
36.2,9.6895,-0.047,0.0053,0.0576,0.0017,0.052,-0.0002,0.4589,0.4,0.4
36.2,9.6895,-0.047,0.0053,0.0576,0.0017,0.0502,-0.0012,0.4589,0.4,0.4
36.2,9.6895,-0.047,0.0053,0.0576,0.0017,0.0502,-0.0012,0.4479,0.4001,0.4001
36.233,9.6904,-0.047,0.0054,0.0572,0.0013,0.0541,0.0015,0.4479,0.4001,0.4001
36.25,9.6923,-0.047,0.0054,0.0579,0.0012,0.0573,0.0025,0.4479,0.4001,0.4001
36.25,9.6923,-0.047,0.0054,0.0579,0.0012,0.0551,0.0022,0.4479,0.4001,0.4001
36.25,9.6923,-0.047,0.0054,0.0579,0.0012,0.0535,0.0053,0.4479,0.4001,0.4001
36.283,9.6933,-0.047,0.0054,0.0569,0.0023,0.0579,0.0047,0.4479,0.4001,0.4001
36.283,9.6933,-0.047,0.0054,0.0569,0.0023,0.0592,0.0044,0.4479,0.4001,0.4001
36.3,9.6951,-0.047,0.0055,0.0552,0.0012,0.0555,0.0033,0.4479,0.4001,0.4001
36.3,9.6951,-0.047,0.0055,0.0552,0.0012,0.0534,-0.0007,0.4479,0.4001,0.4001
36.3,9.6951,-0.047,0.0055,0.0552,0.0012,0.0558,-0.0005,0.4431,0.4001,0.4001
36.333,9.6961,-0.047,0.0056,0.0557,0.0034,0.0525,0.0032,0.4431,0.4001,0.4001
36.35,9.6978,-0.047,0.0056,0.0513,0.0029,0.0531,0.0037,0.4431,0.4001,0.4001
36.35,9.6978,-0.047,0.0056,0.0513,0.0029,0.053,0.004,0.4431,0.4001,0.4001
36.367,9.6987,-0.047,0.0057,0.0532,0.0009,0.0497,0.0048,0.4431,0.4001,0.4001
36.367,9.6987,-0.047,0.0057,0.0532,0.0009,0.048,0.0045,0.4431,0.4001,0.4001
36.367,9.6987,-0.047,0.0057,0.0532,0.0009,0.0466,0.0075,0.4431,0.4001,0.4001
36.4,9.6996,-0.047,0.0057,0.054,0.0025,0.049,0.0072,0.4431,0.4001,0.4001
36.417,9.7014,-0.047,0.0057,0.0538,0.0016,0.0481,0.0068,0.4431,0.4001,0.4001
36.417,9.7014,-0.047,0.0057,0.0538,0.0016,0.0471,0.0048,0.4393,0.4001,0.4001
36.417,9.7014,-0.047,0.0057,0.0538,0.0016,0.0473,0.0,0.4393,0.4001,0.4001
36.45,9.7024,-0.047,0.0058,0.0571,0.0012,0.055,0.0063,0.4393,0.4001,0.4001
36.45,9.7024,-0.047,0.0058,0.0571,0.0012,0.0609,-0.0009,0.4393,0.4001,0.4001
36.467,9.7042,-0.047,0.0058,0.054,0.0022,0.0603,0.0033,0.4393,0.4001,0.4001
36.467,9.7042,-0.047,0.0058,0.054,0.0022,0.0578,0.0048,0.4393,0.4001,0.4001
36.467,9.7042,-0.047,0.0058,0.054,0.0022,0.0564,0.0055,0.4393,0.4001,0.4001
36.5,9.7051,-0.047,0.0059,0.0529,0.0006,0.059,0.0091,0.4393,0.4001,0.4001
36.517,9.7069,-0.047,0.0059,0.053,0.0006,0.0592,0.008,0.4393,0.4001,0.4001
36.517,9.7069,-0.047,0.0059,0.053,0.0006,0.0585,0.0061,0.4393,0.4001,0.4001
36.533,9.7077,-0.047,0.0059,0.0479,0.0011,0.0552,0.0009,0.4353,0.4001,0.4001
36.533,9.7077,-0.047,0.0059,0.0479,0.0011,0.0524,0.0024,0.4353,0.4001,0.4001
36.533,9.7077,-0.047,0.0059,0.0479,0.0011,0.0536,0.005,0.4353,0.4001,0.4001
36.567,9.7085,-0.047,0.006,0.0488,0.0006,0.0543,0.0068,0.4353,0.4001,0.4001
36.567,9.7085,-0.047,0.006,0.0488,0.0006,0.0533,0.0046,0.4353,0.4001,0.4001
36.583,9.7101,-0.047,0.006,0.0474,0.0019,0.0519,0.0046,0.4353,0.4001,0.4001
36.583,9.7101,-0.047,0.006,0.0474,0.0019,0.0511,0.0013,0.4353,0.4001,0.4001
36.583,9.7101,-0.047,0.006,0.0474,0.0019,0.0515,0.0072,0.4353,0.4001,0.4001
36.617,9.711,-0.047,0.0061,0.0535,0.0002,0.0507,0.0043,0.4353,0.4001,0.4001
36.633,9.7129,-0.047,0.0061,0.0566,0.0003,0.0527,0.0091,0.4204,1.5,0.4001
36.633,9.7129,-0.047,0.0061,0.0566,0.0003,0.0517,0.0072,0.4204,1.5,0.4001
36.633,9.7129,-0.047,0.0061,0.0566,0.0003,0.0534,0.0025,0.4204,1.5,0.4001
36.667,9.7138,-0.047,0.0062,0.0587,0.0019,0.0546,0.0028,0.4204,1.5,0.4001
36.667,9.7138,-0.047,0.0062,0.0587,0.0019,0.0551,0.0038,0.4204,1.5,0.4001
36.683,9.7158,-0.047,0.0062,0.0561,0.005,0.0585,0.0041,0.4204,1.5,0.4001
36.7,9.7167,-0.047,0.0063,0.0544,0.0034,0.0604,0.0017,0.4204,1.5,0.4001
36.7,9.7167,-0.047,0.0063,0.0544,0.0034,0.0586,0.0013,0.4204,1.5,0.4001
36.7,9.7167,-0.047,0.0063,0.0544,0.0034,0.0583,0.0008,0.4204,1.5,0.4001
36.733,9.7176,-0.047,0.0063,0.0544,0.0132,0.0561,0.0056,0.4244,1.5,0.4001
36.733,9.7176,-0.047,0.0063,0.0544,0.0132,0.054,0.0091,0.4244,1.5,0.4001
36.75,9.7193,-0.047,0.0064,0.0515,0.0018,0.0558,0.004,0.4244,1.5,0.4001
36.75,9.7193,-0.047,0.0064,0.0515,0.0018,0.0537,0.0064,0.4244,1.5,0.4001
36.75,9.7193,-0.047,0.0064,0.0515,0.0018,0.0539,0.0041,0.4244,1.5,0.4001
36.783,9.7202,-0.047,0.0064,0.0516,0.0003,0.0547,0.0001,0.4244,1.5,0.4001
36.8,9.7219,-0.047,0.0065,0.0531,0.0015,0.0542,-0.0015,0.4244,1.5,0.4001
36.8,9.7219,-0.047,0.0065,0.0531,0.0015,0.0535,-0.0011,0.4244,1.5,0.4001
36.8,9.7219,-0.047,0.0065,0.0531,0.0015,0.0527,0.0018,0.4244,1.5,0.4001
36.833,9.7229,-0.047,0.0065,0.0548,0.0017,0.0528,-0.0002,0.4188,1.5,0.4001
36.833,9.7229,-0.047,0.0065,0.0548,0.0017,0.0556,-0.0042,0.4188,1.5,0.4001
36.85,9.7248,-0.047,0.0066,0.0599,0.0022,0.0554,-0.0002,0.4188,1.5,0.4001
36.867,9.7258,-0.047,0.0066,0.0587,0.0025,0.0554,0.0024,0.4188,1.5,0.4001
36.867,9.7258,-0.047,0.0066,0.0587,0.0025,0.0584,0.0026,0.4188,1.5,0.4001
36.867,9.7258,-0.047,0.0066,0.0587,0.0025,0.0574,0.0072,0.4188,1.5,0.4001
36.9,9.7267,-0.047,0.0067,0.0567,0.0003,0.0594,0.0075,0.4188,1.5,0.4001
36.9,9.7267,-0.047,0.0067,0.0567,0.0003,0.0561,0.005,0.4188,1.5,0.4001
36.917,9.7286,-0.047,0.0068,0.0542,-0.0003,0.0567,-0.0009,0.4188,1.5,0.4001
36.917,9.7286,-0.047,0.0068,0.0542,-0.0003,0.0553,0.0011,0.4107,1.5,0.4001
36.917,9.7286,-0.047,0.0068,0.0542,-0.0003,0.0549,-0.0002,0.4107,1.5,0.4001
36.95,9.7295,-0.047,0.0068,0.054,0.0032,0.0537,0.0025,0.4107,1.5,0.4001
36.967,9.7313,-0.047,0.0068,0.053,0.0017,0.0544,0.0062,0.4107,1.5,0.4001
36.967,9.7313,-0.047,0.0068,0.053,0.0017,0.0547,0.0068,0.4107,1.5,0.4001
36.967,9.7313,-0.047,0.0068,0.053,0.0017,0.0546,0.0054,0.4107,1.5,0.4001
37.0,9.7322,-0.047,0.0068,0.055,0.0032,0.0559,0.0006,0.4107,1.5,0.4001
37.0,9.7322,-0.047,0.0068,0.055,0.0032,0.0521,0.0027,0.4107,1.5,0.4001
37.017,9.734,-0.047,0.0069,0.0554,0.0016,0.0511,0.0027,0.4107,1.5,0.4001
37.033,9.735,-0.047,0.0069,0.057,0.0011,0.0511,-0.0004,0.4094,1.5,1.5
37.033,9.735,-0.047,0.0069,0.057,0.0011,0.0508,-0.0021,0.4094,1.5,1.5
37.033,9.735,-0.047,0.0069,0.057,0.0011,0.0508,0.0002,0.4094,1.5,1.5
37.067,9.7359,-0.047,0.0069,0.0589,0.0013,0.0851,0.0101,0.4094,1.5,1.5
37.067,9.7359,-0.047,0.0069,0.0589,0.0013,0.1041,0.01,0.4094,1.5,1.5
37.083,9.7379,-0.047,0.007,0.0558,0.0015,0.1201,0.0067,0.4094,1.5,1.5
37.083,9.7379,-0.047,0.007,0.0558,0.0015,0.1291,0.0005,0.4094,1.5,1.5
37.083,9.7379,-0.047,0.007,0.0558,0.0015,0.13,0.0015,0.4094,1.5,1.5
37.117,9.7388,-0.047,0.007,0.0551,0.0024,0.1328,0.0052,0.4094,1.5,1.5
37.133,9.7406,-0.047,0.007,0.0546,0.0023,0.1333,0.0117,0.4029,1.5,1.5
37.133,9.7406,-0.047,0.007,0.0546,0.0023,0.1354,0.0141,0.4029,1.5,1.5
37.133,9.7406,-0.047,0.007,0.0546,0.0023,0.1314,0.0128,0.4029,1.5,1.5
37.167,9.7415,-0.047,0.0071,0.0527,0.0009,0.1329,0.0112,0.4029,1.5,1.5
37.167,9.7415,-0.047,0.0071,0.0527,0.0009,0.1292,0.0087,0.4029,1.5,1.5
37.183,9.7432,-0.047,0.0072,0.0512,0.0018,0.1314,0.0063,0.4029,1.5,1.5
37.183,9.7432,-0.047,0.0072,0.0512,0.0018,0.1289,0.0055,0.4029,1.5,1.5
37.183,9.7432,-0.047,0.0072,0.0512,0.0018,0.1297,0.0038,0.4029,1.5,1.5
37.2,9.7444,-0.047,0.0072,0.0781,0.0001,0.1368,0.0048,0.4029,1.5,1.5
37.2,9.7444,-0.047,0.0072,0.0781,0.0001,0.1436,0.0045,0.4029,1.5,1.5
37.2,9.7444,-0.047,0.0072,0.0781,0.0001,0.1482,0.0062,0.4029,1.5,1.5
37.233,9.7459,-0.047,0.0073,0.0988,0.0036,0.1492,0.0009,0.4006,1.5,1.5
37.233,9.7459,-0.047,0.0073,0.0988,0.0036,0.1578,0.0018,0.4006,1.5,1.5
37.25,9.7499,-0.047,0.0074,0.131,0.0042,0.1724,0.0045,0.4006,1.5,1.5
37.25,9.7499,-0.047,0.0074,0.131,0.0042,0.1857,0.0106,0.4006,1.5,1.5
37.25,9.7499,-0.047,0.0074,0.131,0.0042,0.1926,0.0113,0.4006,1.5,1.5
37.283,9.7521,-0.047,0.0075,0.1328,0.0031,0.1957,0.0063,0.4006,1.5,1.5
37.3,9.7565,-0.047,0.0077,0.13,0.0041,0.1964,0.0098,0.4006,1.5,1.5
37.3,9.7565,-0.047,0.0077,0.13,0.0041,0.1928,0.0077,0.4006,1.5,1.5
37.3,9.7565,-0.047,0.0077,0.13,0.0041,0.194,0.0084,0.4006,1.5,1.5
37.333,9.7587,-0.047,0.0078,0.1291,0.0047,0.1947,0.01,0.4021,1.5,1.5
37.333,9.7587,-0.047,0.0078,0.1291,0.0047,0.1948,0.0115,0.4021,1.5,1.5
37.35,9.7631,-0.047,0.0079,0.1353,0.0046,0.1954,0.0104,0.4021,1.5,1.5
37.367,9.7654,-0.0469,0.0079,0.1463,0.006,0.1988,0.0091,0.4021,1.5,1.5
37.367,9.7654,-0.0469,0.0079,0.1463,0.006,0.2019,0.0131,0.4021,1.5,1.5
37.367,9.7654,-0.0469,0.0079,0.1463,0.006,0.2063,0.0129,0.4021,1.5,1.5
37.4,9.768,-0.0469,0.008,0.1554,0.0054,0.208,0.0114,0.4021,1.5,1.5
37.4,9.768,-0.0469,0.008,0.1554,0.0054,0.2101,0.0111,0.4021,1.5,1.5
37.417,9.7739,-0.0469,0.0082,0.1897,0.0044,0.2141,0.0135,0.4021,1.5,1.5
37.417,9.7739,-0.0469,0.0082,0.1897,0.0044,0.2272,0.0103,0.401,1.5,1.5
37.417,9.7739,-0.0469,0.0082,0.1897,0.0044,0.2312,0.0086,0.401,1.5,1.5
37.45,9.7771,-0.0469,0.0084,0.1945,0.0083,0.2386,0.0065,0.401,1.5,1.5
37.467,9.7836,-0.0469,0.0086,0.1939,0.007,0.2415,0.0098,0.401,1.5,1.5
37.467,9.7836,-0.0469,0.0086,0.1939,0.007,0.242,0.0099,0.401,1.5,1.5
37.467,9.7836,-0.0469,0.0086,0.1939,0.007,0.242,0.0118,0.401,1.5,1.5
37.5,9.7868,-0.0469,0.0087,0.1946,0.0055,0.2438,0.0117,0.401,1.5,1.5
37.5,9.7868,-0.0469,0.0087,0.1946,0.0055,0.2464,0.0093,0.401,1.5,1.5
37.517,9.7933,-0.0469,0.009,0.198,0.0066,0.2483,0.0115,0.401,1.5,1.5
37.517,9.7933,-0.0469,0.009,0.198,0.0066,0.2507,0.0126,0.4025,1.5,1.5
37.533,9.7967,-0.0469,0.0091,0.2046,0.0065,0.2517,0.0116,0.4025,1.5,1.5
37.533,9.7967,-0.0469,0.0091,0.2046,0.0065,0.2524,0.0155,0.4025,1.5,1.5
37.567,9.8001,-0.0469,0.0092,0.2073,0.0075,0.254,0.0123,0.4025,1.5,1.5
37.567,9.8001,-0.0469,0.0092,0.2073,0.0075,0.2561,0.0174,0.4025,1.5,1.5
37.583,9.8076,-0.0468,0.0095,0.2295,0.0095,0.259,0.0157,0.4025,1.5,1.5
37.583,9.8076,-0.0468,0.0095,0.2295,0.0095,0.2689,0.0155,0.4025,1.5,1.5
37.583,9.8076,-0.0468,0.0095,0.2295,0.0095,0.2717,0.0108,0.4025,1.5,1.5
37.617,9.8115,-0.0468,0.0096,0.2367,0.0096,0.2735,0.0126,0.4025,1.5,1.5
37.633,9.8195,-0.0468,0.01,0.2418,0.0089,0.2804,0.014,0.4007,1.5,1.5
37.633,9.8195,-0.0468,0.01,0.2418,0.0089,0.2833,0.012,0.4007,1.5,1.5
37.633,9.8195,-0.0468,0.01,0.2418,0.0089,0.2851,0.0131,0.4007,1.5,1.5
37.667,9.8235,-0.0468,0.0101,0.2454,0.01,0.286,0.0174,0.4007,1.5,1.5
37.667,9.8235,-0.0468,0.0101,0.2454,0.01,0.2888,0.0157,0.4007,1.5,1.5
37.683,9.8318,-0.0468,0.0105,0.2501,0.0093,0.2912,0.0169,0.4007,1.5,1.5
37.683,9.8318,-0.0468,0.0105,0.2501,0.0093,0.295,0.0163,0.4007,1.5,1.5
37.7,9.836,-0.0467,0.0107,0.2532,0.0093,0.2977,0.0185,0.4007,1.5,1.5
37.7,9.836,-0.0467,0.0107,0.2532,0.0093,0.2974,0.019,0.4007,1.5,1.5
37.7,9.836,-0.0467,0.0107,0.2532,0.0093,0.2977,0.0166,0.4057,1.5,1.5
37.733,9.8403,-0.0467,0.0109,0.2555,0.0083,0.2955,0.0139,0.4057,1.5,1.5
37.75,9.8491,-0.0467,0.0113,0.2706,0.0112,0.2992,0.0146,0.4057,1.5,1.5
37.75,9.8491,-0.0467,0.0113,0.2706,0.0112,0.3059,0.0191,0.4057,1.5,1.5
37.75,9.8491,-0.0467,0.0113,0.2706,0.0112,0.3107,0.0189,0.4057,1.5,1.5
37.783,9.8537,-0.0467,0.0115,0.273,0.0107,0.3133,0.0179,0.4057,1.5,1.5
37.8,9.863,-0.0466,0.0118,0.2844,0.0113,0.3158,0.0158,0.4057,1.5,1.5
37.8,9.863,-0.0466,0.0118,0.2844,0.0113,0.3167,0.0156,0.4057,1.5,1.5
37.8,9.863,-0.0466,0.0118,0.2844,0.0113,0.3215,0.0188,0.4057,1.5,1.5
37.833,9.8678,-0.0466,0.0121,0.288,0.0112,0.3252,0.015,0.4067,1.5,1.5
37.833,9.8678,-0.0466,0.0121,0.288,0.0112,0.3273,0.0146,0.4067,1.5,1.5
37.85,9.8775,-0.0466,0.0125,0.2943,0.0119,0.3281,0.0151,0.4067,1.5,1.5
37.85,9.8775,-0.0466,0.0125,0.2943,0.0119,0.3301,0.0137,0.4067,1.5,1.5
37.867,9.8825,-0.0465,0.0128,0.2969,0.0117,0.3326,0.0148,0.4067,1.5,1.5
37.867,9.8825,-0.0465,0.0128,0.2969,0.0117,0.3322,0.0184,0.4067,1.5,1.5
37.867,9.8825,-0.0465,0.0128,0.2969,0.0117,0.3322,0.0161,0.4067,1.5,1.5
37.9,9.8874,-0.0465,0.013,0.2978,0.0128,0.3346,0.0167,0.4067,1.5,1.5
37.9,9.8874,-0.0465,0.013,0.2978,0.0128,0.3395,0.0142,0.4067,1.5,1.5
37.9,9.8874,-0.0465,0.013,0.2978,0.0128,0.3435,0.0165,0.4067,1.5,1.5
37.917,9.8976,-0.0464,0.0135,0.3096,0.0134,0.3459,0.0188,0.4067,1.5,1.5
37.917,9.8976,-0.0464,0.0135,0.3096,0.0134,0.3461,0.0174,0.408,1.5,1.5
37.917,9.8976,-0.0464,0.0135,0.3096,0.0134,0.3506,0.0201,0.408,1.5,1.5
37.95,9.9028,-0.0464,0.0137,0.3128,0.0135,0.3502,0.0203,0.408,1.5,1.5
37.967,9.9135,-0.0464,0.0143,0.3266,0.0148,0.3514,0.0195,0.408,1.5,1.5
37.967,9.9135,-0.0464,0.0143,0.3266,0.0148,0.356,0.0167,0.408,1.5,1.5
37.967,9.9135,-0.0464,0.0143,0.3266,0.0148,0.3607,0.0145,0.408,1.5,1.5
38.0,9.919,-0.0463,0.0145,0.3297,0.0154,0.3602,0.0156,0.408,1.5,1.5
38.0,9.919,-0.0463,0.0145,0.3297,0.0154,0.3628,0.0154,0.408,1.5,1.5
38.017,9.9301,-0.0462,0.0151,0.3326,0.0139,0.3656,0.0157,0.408,1.5,1.5
38.033,9.9356,-0.0462,0.0153,0.3346,0.0154,0.3704,0.0182,2.6177,1.5,1.5
38.033,9.9356,-0.0462,0.0153,0.3346,0.0154,0.3733,0.0178,2.6177,1.5,1.5
38.033,9.9356,-0.0462,0.0153,0.3346,0.0154,0.3711,0.0182,2.6177,1.5,1.5
38.067,9.9413,-0.0462,0.0156,0.3387,0.0165,0.3694,0.0181,2.6177,1.5,1.5
38.067,9.9413,-0.0462,0.0156,0.3387,0.0165,0.3673,0.0204,2.6177,1.5,1.5
38.083,9.9527,-0.0461,0.0162,0.3462,0.0168,0.3699,0.0241,2.6177,1.5,1.5
38.083,9.9527,-0.0461,0.0162,0.3462,0.0168,0.3738,0.0204,2.6177,1.5,1.5
38.083,9.9527,-0.0461,0.0162,0.3462,0.0168,0.377,0.0197,2.6177,1.5,1.5
38.117,9.9585,-0.046,0.0165,0.3501,0.0158,0.3776,0.0199,2.6177,1.5,1.5
38.117,9.9585,-0.046,0.0165,0.3501,0.0158,0.3758,0.0189,2.6536,1.5,1.5
38.133,9.9704,-0.0459,0.0171,0.36,0.0178,0.3806,0.0174,2.6536,1.5,1.5
38.133,9.9704,-0.0459,0.0171,0.36,0.0178,0.3876,0.0182,2.6536,1.5,1.5
38.167,9.9764,-0.0459,0.0174,0.3627,0.0178,0.3927,0.0206,2.6536,1.5,1.5
38.167,9.9764,-0.0459,0.0174,0.3627,0.0178,0.3932,0.0203,2.6536,1.5,1.5
38.183,9.9886,-0.0457,0.018,0.3698,0.0176,0.3975,0.0199,2.6536,1.5,1.5
38.183,9.9886,-0.0457,0.018,0.3698,0.0176,0.4007,0.0237,2.6536,1.5,1.5
38.2,9.9948,-0.0457,0.0183,0.37,0.0182,0.4035,0.0215,2.6536,1.5,1.5
38.2,9.9948,-0.0457,0.0183,0.37,0.0182,0.4031,0.0192,2.6536,1.5,1.5
38.233,10.001,-0.0456,0.0186,0.3683,0.0174,0.401,0.0233,inf,1.5,1.5
38.233,10.001,-0.0456,0.0186,0.3683,0.0174,0.4011,0.0235,inf,1.5,1.5
38.25,10.0134,-0.0455,0.0192,0.3766,0.0185,0.4007,0.0263,inf,1.5,1.5
38.25,10.0134,-0.0455,0.0192,0.3766,0.0185,0.4023,0.0227,inf,1.5,1.5
38.25,10.0134,-0.0455,0.0192,0.3766,0.0185,0.4073,0.0204,inf,1.5,1.5
38.283,10.0197,-0.0454,0.0196,0.3778,0.0185,0.4109,0.0202,inf,1.5,1.5
38.283,10.0197,-0.0454,0.0196,0.3778,0.0185,0.4105,0.0231,inf,1.5,1.5
38.3,10.0207,-0.0452,0.019,-0.0017,-0.0365,0.3105,-0.0097,inf,1.5,1.5
38.3,10.0207,-0.0452,0.019,-0.0017,-0.0365,0.2105,-0.0202,inf,1.5,1.5
38.3,10.0207,-0.0452,0.019,-0.0017,-0.0365,0.1105,-0.026,inf,1.5,1.5
38.333,10.0207,-0.0451,0.0186,-0.0009,-0.0154,0.0958,-0.0163,inf,1.5,1.5
38.35,10.0207,-0.045,0.0184,-0.0001,0.0045,0.0919,-0.0082,inf,1.5,1.5
38.35,10.0207,-0.045,0.0184,-0.0001,0.0045,0.0962,-0.0012,inf,1.5,1.5
38.367,10.0207,-0.045,0.0184,0.0009,0.0046,0.0932,0.0058,inf,1.5,1.5
38.367,10.0207,-0.045,0.0184,0.0009,0.0046,0.0904,0.0122,inf,1.5,1.5
38.367,10.0207,-0.045,0.0184,0.0009,0.0046,0.0869,0.0162,inf,1.5,1.5
38.4,10.0207,-0.0449,0.0182,-0.0007,0.0023,0.0839,0.0117,inf,1.5,1.5
38.4,10.0207,-0.0449,0.0182,-0.0007,0.0023,0.0858,0.0127,inf,1.5,1.5
38.417,10.0207,-0.0449,0.0181,-0.0005,-0.0067,0.0848,0.0026,inf,1.5,1.5
38.417,10.0207,-0.0449,0.0181,-0.0005,-0.0067,0.0893,-0.0007,inf,1.5,1.5
38.417,10.0207,-0.0449,0.0181,-0.0005,-0.0067,0.089,-0.0014,inf,1.5,1.5
38.45,10.0207,-0.0449,0.0181,0.0003,0.0034,0.0877,0.0073,inf,1.5,1.5
38.467,10.0207,-0.0449,0.0183,0.0005,0.0172,0.0854,0.0095,inf,1.5,1.5
38.467,10.0207,-0.0449,0.0183,0.0005,0.0172,0.0914,0.0168,inf,1.5,1.5
38.467,10.0207,-0.0449,0.0183,0.0005,0.0172,0.089,0.0214,inf,1.5,1.5
38.5,10.0207,-0.045,0.0186,0.0005,-0.0032,0.0894,0.019,inf,1.5,1.5
38.5,10.0207,-0.045,0.0186,0.0005,-0.0032,0.0877,0.0127,inf,1.5,1.5
38.517,10.0207,-0.0449,0.0183,-0.0002,-0.0153,0.0864,0.0016,inf,1.5,1.5
38.533,10.0207,-0.0449,0.0183,-0.0004,-0.0112,0.0842,-0.0026,inf,1.5,1.5
38.533,10.0207,-0.0449,0.0183,-0.0004,-0.0112,0.0871,-0.0042,inf,1.5,1.5
38.533,10.0207,-0.0449,0.0183,-0.0004,-0.0112,0.0886,-0.0086,inf,1.5,1.5
38.567,10.0207,-0.0449,0.0184,-0.0003,-0.0062,0.0884,-0.0081,inf,1.5,1.5
38.567,10.0207,-0.0449,0.0184,-0.0003,-0.0062,0.0899,-0.0036,inf,1.5,1.5
38.583,10.0207,-0.0449,0.0184,0.0009,0.0005,0.0882,0.0006,inf,1.5,1.5
38.583,10.0207,-0.0449,0.0184,0.0009,0.0005,0.0858,0.0027,inf,1.5,1.5
38.583,10.0207,-0.0449,0.0184,0.0009,0.0005,0.0865,0.0036,inf,1.5,1.5
38.617,10.0207,-0.0449,0.0184,-0.0006,-0.0189,0.0891,-0.0055,inf,1.5,1.5
38.633,10.0207,-0.0449,0.0186,0.0003,0.0078,0.0877,-0.0116,inf,1.5,1.5
38.633,10.0207,-0.0449,0.0186,0.0003,0.0078,0.0892,0.005,inf,1.5,1.5
38.633,10.0207,-0.0449,0.0186,0.0003,0.0078,0.0893,0.0112,inf,1.5,1.5
38.667,10.0207,-0.0449,0.0186,-0.0028,-0.0509,0.09,0.0095,inf,1.5,1.5
38.667,10.0207,-0.0449,0.0186,-0.0028,-0.0509,0.0899,-0.0169,inf,1.5,1.5
38.683,10.0207,-0.0448,0.0179,0.0001,0.0048,0.0897,-0.0038,inf,1.5,1.5
38.7,10.0207,-0.0448,0.0182,0.0006,0.0079,0.0867,-0.0012,inf,1.5,1.5
38.7,10.0207,-0.0448,0.0182,0.0006,0.0079,0.0865,0.0091,inf,1.5,1.5
38.7,10.0207,-0.0448,0.0182,0.0006,0.0079,0.0881,0.0129,inf,1.5,1.5
38.733,10.0207,-0.0448,0.0182,0.0008,-0.0079,0.0857,0.0127,inf,1.5,1.5
38.733,10.0207,-0.0448,0.0182,0.0008,-0.0079,0.0883,0.0031,inf,1.5,1.5
38.75,10.0207,-0.0448,0.0182,0.0008,0.0127,0.0883,0.0111,inf,1.5,1.5
38.75,10.0207,-0.0448,0.0182,0.0008,0.0127,0.0863,0.0103,inf,1.5,1.5
38.75,10.0207,-0.0448,0.0182,0.0008,0.0127,0.0881,0.0115,inf,1.5,1.5
38.783,10.0207,-0.0448,0.0183,0.0017,0.0143,0.0888,0.0096,inf,1.5,1.5
38.8,10.0207,-0.0448,0.0187,0.0008,0.0175,0.0901,0.0128,inf,1.5,1.5
38.8,10.0207,-0.0448,0.0187,0.0008,0.0175,0.0894,0.0164,inf,1.5,1.5
38.8,10.0207,-0.0448,0.0187,0.0008,0.0175,0.0886,0.0184,inf,1.5,1.5
38.833,10.0207,-0.0448,0.0187,0.0002,-0.0005,0.0867,0.0206,inf,1.5,1.5
38.833,10.0207,-0.0448,0.0187,0.0002,-0.0005,0.0886,0.0151,inf,1.5,1.5
38.85,10.0207,-0.0448,0.0187,0.0002,0.0031,0.0853,0.0063,inf,1.5,1.5
38.867,10.0208,-0.0449,0.019,0.0004,0.0005,0.0876,0.0031,inf,1.5,1.5
38.867,10.0208,-0.0449,0.019,0.0004,0.0005,0.0871,0.0066,inf,1.5,1.5
38.867,10.0208,-0.0449,0.019,0.0004,0.0005,0.0873,0.0071,inf,1.5,1.5
38.9,10.0208,-0.0448,0.0189,-0.0013,-0.0412,0.084,0.0063,inf,1.5,1.5
38.9,10.0208,-0.0448,0.0189,-0.0013,-0.0412,0.0847,-0.0175,inf,1.5,1.5
38.917,10.0207,-0.0448,0.0185,0.0004,-0.01,0.0848,-0.027,inf,1.5,1.5
38.917,10.0207,-0.0448,0.0185,0.0004,-0.01,0.0864,-0.0184,inf,1.5,1.5
38.917,10.0207,-0.0448,0.0185,0.0004,-0.01,0.0805,-0.0091,inf,1.5,1.5
38.95,10.0207,-0.0448,0.0188,0.0005,-0.0059,0.0819,-0.0018,inf,1.5,1.5
38.967,10.0207,-0.0447,0.0185,-0.0003,-0.0064,0.0837,0.0033,inf,1.5,1.5
38.967,10.0207,-0.0447,0.0185,-0.0003,-0.0064,0.0837,0.0016,inf,1.5,1.5
38.967,10.0207,-0.0447,0.0185,-0.0003,-0.0064,0.0826,0.0039,inf,1.5,1.5
39.0,10.0207,-0.0447,0.0185,0.0003,-0.0116,0.0843,-0.0009,inf,1.5,1.5
39.0,10.0207,-0.0447,0.0185,0.0003,-0.0116,0.084,-0.0041,inf,1.5,1.5
39.017,10.0207,-0.0447,0.0187,0.0005,-0.0229,0.0842,-0.0043,inf,1.5,1.5
39.033,10.0207,-0.0447,0.0184,-0.0,-0.0071,0.084,-0.0139,inf,1.5,1.5
39.033,10.0207,-0.0447,0.0184,-0.0,-0.0071,0.086,-0.0022,inf,1.5,1.5
39.033,10.0207,-0.0447,0.0184,-0.0,-0.0071,0.0859,-0.0035,inf,1.5,1.5
39.067,10.0207,-0.0447,0.0188,0.0003,0.0018,0.0862,-0.0027,inf,1.5,1.5
39.067,10.0207,-0.0447,0.0188,0.0003,0.0018,0.0833,0.0002,inf,1.5,1.5
39.083,10.0207,-0.0447,0.0186,0.0002,-0.0127,0.0824,0.0032,inf,1.5,1.5
39.083,10.0207,-0.0447,0.0186,0.0002,-0.0127,0.0828,0.0007,inf,1.5,1.5
39.083,10.0207,-0.0447,0.0186,0.0002,-0.0127,0.0883,-0.0054,inf,1.5,1.5
39.117,10.0207,-0.0447,0.0189,0.0007,0.0198,0.0853,0.007,inf,1.5,1.5
39.133,10.0207,-0.0447,0.019,0.002,-0.0021,0.0888,0.0173,inf,1.5,1.5
39.133,10.0207,-0.0447,0.019,0.002,-0.0021,0.0906,0.015,inf,1.5,1.5
39.133,10.0207,-0.0447,0.019,0.002,-0.0021,0.0909,0.0089,inf,1.5,1.5
39.167,10.0207,-0.0446,0.0186,0.0007,-0.0257,0.0915,0.0106,inf,1.5,1.5
39.167,10.0207,-0.0446,0.0186,0.0007,-0.0257,0.0885,-0.0057,inf,1.5,1.5
39.183,10.0207,-0.0446,0.0187,-0.0006,-0.0105,0.0875,-0.0022,inf,1.5,1.5
39.183,10.0207,-0.0446,0.0187,-0.0006,-0.0105,0.0868,-0.0061,inf,1.5,1.5
39.183,10.0207,-0.0446,0.0187,-0.0006,-0.0105,0.0853,-0.0048,inf,1.5,1.5
39.2,10.0207,-0.0446,0.0188,0.0003,0.0048,0.0844,0.0044,inf,1.5,1.5
39.2,10.0207,-0.0446,0.0188,0.0003,0.0048,0.0828,0.0072,inf,1.5,1.5
39.2,10.0207,-0.0446,0.0188,0.0003,0.0048,0.0881,0.0068,inf,1.5,1.5
39.233,10.0207,-0.0446,0.0189,0.0004,0.0014,0.0842,0.003,inf,1.5,1.5
39.25,10.0207,-0.0446,0.0188,0.0003,-0.0071,0.0871,0.0071,inf,1.5,1.5
39.25,10.0207,-0.0446,0.0188,0.0003,-0.0071,0.0873,0.001,inf,1.5,1.5
39.25,10.0207,-0.0446,0.0188,0.0003,-0.0071,0.0887,-0.0002,inf,1.5,1.5
39.283,10.0207,-0.0446,0.0189,-0.0001,-0.003,0.0887,-0.0062,inf,1.5,1.5
39.283,10.0207,-0.0446,0.0189,-0.0001,-0.003,0.0913,-0.0019,inf,1.5,1.5
39.3,10.0207,-0.0446,0.0189,0.0005,-0.007,0.0933,-0.0011,inf,1.5,1.5
39.3,10.0207,-0.0446,0.0189,0.0005,-0.007,0.0895,-0.0028,inf,1.5,1.5
39.3,10.0207,-0.0446,0.0189,0.0005,-0.007,0.0884,-0.0028,inf,1.5,1.5
39.333,10.0207,-0.0446,0.0188,0.0005,0.0008,0.0897,0.004,inf,1.5,1.5
39.35,10.0207,-0.0446,0.019,0.0008,0.0192,0.0895,0.0026,inf,1.5,1.5
39.35,10.0207,-0.0446,0.019,0.0008,0.0192,0.0907,0.0111,inf,1.5,1.5
39.367,10.0208,-0.0446,0.0191,0.0009,-0.0039,0.0916,0.0054,inf,1.5,1.5
39.367,10.0208,-0.0446,0.0191,0.0009,-0.0039,0.0876,0.0034,inf,1.5,1.5
39.367,10.0208,-0.0446,0.0191,0.0009,-0.0039,0.0879,0.0064,inf,1.5,1.5
39.4,10.0207,-0.0446,0.019,-0.0008,-0.0159,0.0894,-0.0003,inf,1.5,1.5
39.417,10.0207,-0.0446,0.019,-0.0004,-0.0199,0.0894,0.0011,inf,1.5,1.5
39.417,10.0207,-0.0446,0.019,-0.0004,-0.0199,0.0877,-0.003,inf,1.5,1.5
39.417,10.0207,-0.0446,0.019,-0.0004,-0.0199,0.0845,-0.0074,inf,1.5,1.5
39.45,10.0207,-0.0446,0.0189,-0.0001,-0.0037,0.0873,-0.009,inf,1.5,1.5
39.45,10.0207,-0.0446,0.0189,-0.0001,-0.0037,0.0843,-0.003,inf,1.5,1.5
39.467,10.0207,-0.0445,0.019,-0.0001,-0.0034,0.0833,0.0023,inf,1.5,1.5
39.467,10.0207,-0.0445,0.019,-0.0001,-0.0034,0.085,0.006,inf,1.5,1.5
39.467,10.0207,-0.0445,0.019,-0.0001,-0.0034,0.0848,0.0031,inf,1.5,1.5
39.5,10.0207,-0.0446,0.019,0.0002,0.0051,0.0852,0.0001,inf,1.5,1.5
39.5,10.0207,-0.0446,0.019,0.0002,0.0051,0.0854,0.0057,inf,1.5,1.5
39.517,10.0207,-0.0445,0.019,-0.0,-0.0027,0.0899,0.0043,inf,1.5,1.5
39.533,10.0208,-0.0446,0.0191,-0.0001,-0.0038,0.0921,0.0053,inf,1.5,1.5
39.533,10.0208,-0.0446,0.0191,-0.0001,-0.0038,0.0892,0.0052,inf,1.5,1.5
39.533,10.0208,-0.0446,0.0191,-0.0001,-0.0038,0.091,0.0047,inf,1.5,1.5
39.567,10.0208,-0.0445,0.0191,-0.0002,-0.0055,0.088,0.002,inf,1.5,1.5
39.567,10.0208,-0.0445,0.0191,-0.0002,-0.0055,0.0861,0.0027,inf,1.5,1.5
39.583,10.0208,-0.0445,0.0191,-0.0002,-0.0069,0.0857,0.0056,inf,1.5,1.5
39.583,10.0208,-0.0445,0.0191,-0.0002,-0.0069,0.089,0.0008,inf,1.5,1.5
39.583,10.0208,-0.0445,0.0191,-0.0002,-0.0069,0.0886,-0.0017,inf,1.5,1.5
39.617,10.0208,-0.0445,0.0192,0.0002,-0.0047,0.0895,0.0006,inf,1.5,1.5
39.633,10.0208,-0.0446,0.0195,-0.0011,-0.0093,0.0869,0.0011,inf,1.5,1.5
39.633,10.0208,-0.0446,0.0195,-0.0011,-0.0093,0.083,-0.0034,inf,1.5,1.5
39.633,10.0208,-0.0446,0.0195,-0.0011,-0.0093,0.0851,-0.0014,inf,1.5,1.5
39.667,10.0208,-0.0445,0.0197,0.0007,0.005,0.0837,-0.0003,inf,1.5,1.5
39.667,10.0208,-0.0445,0.0197,0.0007,0.005,0.0848,0.0019,inf,1.5,1.5
39.683,10.0208,-0.0445,0.0195,-0.0001,-0.0073,0.0863,0.0039,inf,1.5,1.5
39.7,10.0208,-0.0445,0.0196,-0.0001,-0.0085,0.0854,0.005,inf,1.5,1.5
39.7,10.0208,-0.0445,0.0196,-0.0001,-0.0085,0.0836,0.0013,inf,1.5,1.5
39.7,10.0208,-0.0445,0.0196,-0.0001,-0.0085,0.0833,-0.0011,inf,1.5,1.5
39.733,10.0208,-0.0445,0.0196,-0.0002,-0.0128,0.0837,-0.0033,inf,1.5,1.5
39.733,10.0208,-0.0445,0.0196,-0.0002,-0.0128,0.0825,-0.0031,inf,1.5,1.5
39.75,10.0208,-0.0445,0.0197,-0.0007,-0.0021,0.0839,0.0028,inf,1.5,1.5
39.75,10.0208,-0.0445,0.0197,-0.0007,-0.0021,0.0847,0.006,inf,1.5,1.5
39.75,10.0208,-0.0445,0.0197,-0.0007,-0.0021,0.0855,0.0035,inf,1.5,1.5
39.783,10.0208,-0.0445,0.0199,-0.0001,-0.0037,0.0873,0.005,inf,1.5,1.5
39.8,10.0208,-0.0444,0.0197,0.0006,0.0026,0.0863,0.0007,inf,1.5,1.5
39.8,10.0208,-0.0444,0.0197,0.0006,0.0026,0.0867,0.002,inf,1.5,1.5
39.8,10.0208,-0.0444,0.0197,0.0006,0.0026,0.088,0.0042,inf,1.5,1.5
39.833,10.0208,-0.0445,0.02,0.0008,0.0187,0.0897,0.007,inf,1.5,1.5
39.833,10.0208,-0.0445,0.02,0.0008,0.0187,0.0913,0.0192,inf,1.5,1.5
39.85,10.0208,-0.0445,0.0201,0.0004,0.0057,0.0893,0.0149,inf,1.5,1.5
39.867,10.0208,-0.0445,0.0201,0.0006,-0.0057,0.0903,0.015,inf,1.5,1.5
39.867,10.0208,-0.0445,0.0201,0.0006,-0.0057,0.0868,0.0038,inf,1.5,1.5
39.867,10.0208,-0.0445,0.0201,0.0006,-0.0057,0.0873,0.0042,inf,1.5,1.5
39.9,10.0208,-0.0445,0.0201,-0.0001,-0.0093,0.0863,0.0005,inf,1.5,1.5
39.9,10.0208,-0.0445,0.0201,-0.0001,-0.0093,0.0888,0.0001,inf,1.5,1.5
39.917,10.0208,-0.0445,0.0204,-0.0,-0.0168,0.088,0.002,inf,1.5,1.5
39.917,10.0208,-0.0445,0.0204,-0.0,-0.0168,0.0893,-0.0023,inf,1.5,1.5
39.917,10.0208,-0.0445,0.0204,-0.0,-0.0168,0.0903,-0.0082,inf,1.5,1.5
39.95,10.0208,-0.0445,0.0203,-0.0007,-0.0181,0.0892,-0.0072,inf,1.5,1.5
39.967,10.0208,-0.0445,0.0207,0.0014,0.0223,0.0894,-0.0085,inf,1.5,1.5
39.967,10.0208,-0.0445,0.0207,0.0014,0.0223,0.0876,0.0125,inf,1.5,1.5
39.967,10.0208,-0.0445,0.0207,0.0014,0.0223,0.09,0.0228,inf,1.5,1.5
40.0,10.0208,-0.0445,0.0207,-0.0006,-0.0075,0.0895,0.0263,inf,1.5,1.5
40.0,10.0208,-0.0445,0.0207,-0.0006,-0.0075,0.088,0.0139,inf,1.5,1.5
40.017,10.0208,-0.0445,0.0209,-0.0004,-0.0132,0.0892,0.003,inf,1.5,1.5
40.033,10.0208,-0.0445,0.0208,-0.0001,-0.0031,0.088,-0.0024,inf,1.5,1.5
40.033,10.0208,-0.0445,0.0208,-0.0001,-0.0031,0.0883,-0.0006,inf,1.5,1.5
40.033,10.0208,-0.0445,0.0208,-0.0001,-0.0031,0.0887,0.0029,inf,1.5,1.5
40.067,10.0208,-0.0445,0.021,0.0002,0.0058,0.0878,0.0041,inf,1.5,1.5
40.067,10.0208,-0.0445,0.021,0.0002,0.0058,0.0873,0.0081,inf,1.5,1.5
40.083,10.0208,-0.0445,0.0209,-0.0001,-0.0048,0.0865,0.006,inf,1.5,1.5
40.083,10.0208,-0.0445,0.0209,-0.0001,-0.0048,0.0855,0.0028,inf,1.5,1.5
40.083,10.0208,-0.0445,0.0209,-0.0001,-0.0048,0.0848,0.003,inf,1.5,1.5
40.117,10.0208,-0.0445,0.0211,0.0002,0.0113,0.0826,0.0091,inf,1.5,1.5
40.133,10.0208,-0.0446,0.0214,-0.0001,-0.0111,0.085,0.0123,inf,1.5,1.5
40.133,10.0208,-0.0446,0.0214,-0.0001,-0.0111,0.0857,0.0033,inf,1.5,1.5
40.133,10.0208,-0.0446,0.0214,-0.0001,-0.0111,0.0864,-0.0027,inf,1.5,1.5
40.167,10.0208,-0.0445,0.0214,-0.0007,-0.0227,0.0891,-0.0039,inf,1.5,1.5
40.167,10.0208,-0.0445,0.0214,-0.0007,-0.0227,0.0858,-0.0078,inf,1.5,1.5
40.183,10.0208,-0.0446,0.0216,0.0006,0.0063,0.086,0.0065,inf,1.5,1.5
40.2,10.0208,-0.0446,0.0217,-0.0006,-0.0252,0.0879,0.008,inf,1.5,1.5
40.2,10.0208,-0.0446,0.0217,-0.0006,-0.0252,0.0889,-0.0025,inf,1.5,1.5
40.2,10.0208,-0.0446,0.0217,-0.0006,-0.0252,0.0886,-0.0126,inf,1.5,1.5
40.233,10.0208,-0.0445,0.0216,-0.0003,-0.0148,0.0894,-0.0142,inf,1.5,1.5
40.233,10.0208,-0.0445,0.0216,-0.0003,-0.0148,0.0858,-0.0096,inf,1.5,1.5
40.25,10.0208,-0.0445,0.0215,0.0004,0.0069,0.0851,0.0052,inf,1.5,1.5
40.25,10.0208,-0.0445,0.0215,0.0004,0.0069,0.082,0.011,inf,1.5,1.5
40.25,10.0208,-0.0445,0.0215,0.0004,0.0069,0.0855,0.0119,inf,1.5,1.5
40.283,10.0208,-0.0446,0.0218,-0.0002,0.0063,0.0846,0.0077,inf,1.5,1.5
40.3,10.0209,-0.0446,0.022,-0.0007,-0.0201,0.085,0.0117,inf,1.5,1.5
40.3,10.0209,-0.0446,0.022,-0.0007,-0.0201,0.0849,-0.0044,inf,1.5,1.5
40.3,10.0209,-0.0446,0.022,-0.0007,-0.0201,0.0889,-0.0083,inf,1.5,1.5
40.333,10.0208,-0.0445,0.0218,0.0001,-0.0073,0.0903,-0.0124,inf,1.5,1.5
40.333,10.0208,-0.0445,0.0218,0.0001,-0.0073,0.0891,-0.0041,inf,1.5,1.5
40.35,10.0209,-0.0446,0.0221,-0.0004,-0.0087,0.0849,-0.01,inf,1.5,1.5
40.367,10.0208,-0.0445,0.022,-0.0006,-0.0119,0.0838,-0.0088,inf,1.5,1.5
40.367,10.0208,-0.0445,0.022,-0.0006,-0.0119,0.084,-0.0082,inf,1.5,1.5
40.367,10.0208,-0.0445,0.022,-0.0006,-0.0119,0.0836,-0.0029,inf,1.5,1.5
40.4,10.0209,-0.0446,0.0222,0.0047,0.0427,0.0852,-0.0037,inf,1.5,1.5
40.4,10.0209,-0.0446,0.0222,0.0047,0.0427,0.0888,0.0233,inf,1.5,1.5
40.417,10.0209,-0.0445,0.0222,-0.0001,-0.0149,0.0923,0.0332,inf,1.5,1.5
40.417,10.0209,-0.0445,0.0222,-0.0001,-0.0149,0.0892,0.01,inf,1.5,1.5
40.417,10.0209,-0.0445,0.0222,-0.0001,-0.0149,0.0865,-0.0007,inf,1.5,1.5
40.45,10.0209,-0.0445,0.0222,0.0004,-0.0088,0.0847,-0.0059,inf,1.5,1.5
40.45,10.0209,-0.0445,0.0222,0.0004,-0.0088,0.083,-0.007,inf,1.5,1.5
40.467,10.0209,-0.0445,0.0222,-0.0003,-0.01,0.0806,-0.0066,inf,1.5,1.5
40.467,10.0209,-0.0445,0.0222,-0.0003,-0.01,0.082,-0.0002,inf,1.5,1.5
40.5,10.0209,-0.0445,0.0222,-0.0003,-0.0075,0.0866,-0.006,inf,1.5,1.5
40.5,10.0209,-0.0445,0.0222,-0.0003,-0.0075,0.0841,-0.0039,inf,1.5,1.5
40.517,10.0209,-0.0445,0.0223,0.0,-0.0001,0.0792,-0.0045,inf,1.5,1.5
40.517,10.0209,-0.0445,0.0223,0.0,-0.0001,0.0817,0.0028,inf,1.5,1.5
40.533,10.0209,-0.0445,0.0222,-0.0003,-0.0063,0.0837,0.0031,inf,1.5,1.5
40.533,10.0209,-0.0445,0.0222,-0.0003,-0.0063,0.0865,0.0016,inf,1.5,1.5
40.533,10.0209,-0.0445,0.0222,-0.0003,-0.0063,0.0869,-0.0015,inf,1.5,1.5
40.567,10.0209,-0.0445,0.0223,0.0004,0.0057,0.0873,0.0035,inf,1.5,1.5
40.583,10.0209,-0.0445,0.0222,-0.0001,-0.0073,0.0868,0.0094,inf,1.5,1.5
40.583,10.0209,-0.0445,0.0222,-0.0001,-0.0073,0.0869,0.0001,inf,1.5,1.5
40.583,10.0209,-0.0445,0.0222,-0.0001,-0.0073,0.086,-0.0017,inf,1.5,1.5
40.617,10.0209,-0.0445,0.0225,-0.0002,-0.013,0.0858,-0.0054,inf,1.5,1.5
40.633,10.0209,-0.0445,0.0223,0.0001,-0.0007,0.0872,-0.0021,inf,1.5,1.5
40.633,10.0209,-0.0445,0.0223,0.0001,-0.0007,0.089,-0.0001,inf,1.5,1.5
40.633,10.0209,-0.0445,0.0223,0.0001,-0.0007,0.0884,-0.0003,inf,1.5,1.5
40.633,10.0209,-0.0445,0.0223,0.0001,-0.0007,0.085,0.0034,inf,1.5,1.5
40.667,10.0209,-0.0445,0.0226,-0.0001,-0.0053,0.0855,0.0018,inf,1.5,1.5
40.683,10.0209,-0.0444,0.0225,0.0008,-0.0009,0.0864,0.0004,inf,1.5,1.5
40.683,10.0209,-0.0444,0.0225,0.0008,-0.0009,0.0859,0.0017,inf,1.5,1.5
40.7,10.0209,-0.0445,0.0226,-0.0006,-0.0047,0.0877,0.0016,inf,1.5,1.5
40.7,10.0209,-0.0445,0.0226,-0.0006,-0.0047,0.0861,0.0026,inf,1.5,1.5
40.7,10.0209,-0.0445,0.0226,-0.0006,-0.0047,0.0866,0.0014,inf,1.5,1.5
40.733,10.0209,-0.0445,0.0226,0.0002,0.0026,0.0856,0.0051,inf,1.5,1.5
40.75,10.0209,-0.0445,0.0227,0.0001,0.0016,0.0842,0.0058,inf,1.5,1.5
40.75,10.0209,-0.0445,0.0227,0.0001,0.0016,0.0858,0.0044,inf,1.5,1.5
40.75,10.0209,-0.0445,0.0227,0.0001,0.0016,0.0855,0.0068,inf,1.5,1.5
40.783,10.0209,-0.0445,0.0229,-0.0003,-0.0153,0.0878,0.0063,inf,1.5,1.5
40.783,10.0209,-0.0445,0.0229,-0.0003,-0.0153,0.0879,-0.0029,inf,1.5,1.5
40.8,10.0209,-0.0444,0.0228,0.0003,0.0099,0.0881,0.0026,inf,1.5,1.5
40.8,10.0209,-0.0444,0.0228,0.0003,0.0099,0.0866,0.0084,inf,1.5,1.5
40.8,10.0209,-0.0444,0.0228,0.0003,0.0099,0.0861,0.0112,inf,1.5,1.5
40.833,10.0209,-0.0445,0.0229,-0.001,-0.0236,0.0871,-0.0049,inf,1.5,1.5
40.833,10.0209,-0.0445,0.0229,-0.001,-0.0236,0.0881,-0.012,inf,1.5,1.5
40.85,10.0209,-0.0445,0.0232,-0.0001,-0.0078,0.0854,-0.0115,inf,1.5,1.5
40.867,10.0209,-0.0444,0.023,-0.0003,-0.0109,0.0852,-0.0024,inf,1.5,1.5
40.867,10.0209,-0.0444,0.023,-0.0003,-0.0109,0.0841,-0.0044,inf,1.5,1.5
40.867,10.0209,-0.0444,0.023,-0.0003,-0.0109,0.0851,-0.0038,inf,1.5,1.5
40.9,10.0209,-0.0445,0.0233,0.0018,0.0345,0.0853,-0.0041,inf,1.5,1.5
40.9,10.0209,-0.0445,0.0233,0.0018,0.0345,0.0856,0.0184,inf,1.5,1.5
40.917,10.0209,-0.0444,0.0232,-0.0006,-0.0176,0.0829,0.0019,inf,1.5,1.5
40.917,10.0209,-0.0444,0.0232,-0.0006,-0.0176,0.0855,-0.0036,inf,1.5,1.5
40.917,10.0209,-0.0444,0.0232,-0.0006,-0.0176,0.0883,-0.0108,inf,1.5,1.5
40.95,10.0209,-0.0444,0.0232,-0.0004,-0.0105,0.0861,-0.0096,inf,1.5,1.5
40.95,10.0209,-0.0444,0.0232,-0.0004,-0.0105,0.0847,-0.0048,inf,1.5,1.5
40.967,10.0209,-0.0443,0.0231,0.0003,-0.0323,0.0868,-0.0037,inf,1.5,1.5
40.967,10.0209,-0.0443,0.0231,0.0003,-0.0323,0.0876,-0.0121,inf,1.5,1.5
40.967,10.0209,-0.0443,0.0231,0.0003,-0.0323,0.0868,-0.0213,inf,1.5,1.5
41.0,10.0209,-0.0444,0.0232,0.0,-0.0004,0.0869,-0.0223,inf,1.5,1.5
41.0,10.0209,-0.0444,0.0232,0.0,-0.0004,0.0882,-0.0029,inf,1.5,1.5
41.017,10.0209,-0.0444,0.0233,-0.0006,-0.0038,0.088,0.004,inf,1.5,1.5
41.033,10.0209,-0.0444,0.0236,0.0014,-0.0067,0.0833,0.0049,inf,1.5,1.5
41.033,10.0209,-0.0444,0.0236,0.0014,-0.0067,0.084,0.0026,inf,1.5,1.5
41.033,10.0209,-0.0444,0.0236,0.0014,-0.0067,0.0863,0.0026,inf,1.5,1.5
41.033,10.0209,-0.0444,0.0236,0.0014,-0.0067,0.0896,0.0015,inf,1.5,1.5
41.067,10.0209,-0.0444,0.0235,-0.0005,-0.0151,0.0911,-0.007,inf,1.5,1.5
41.083,10.0209,-0.0444,0.0235,-0.0004,-0.0134,0.0883,-0.0103,inf,1.5,1.5
41.083,10.0209,-0.0444,0.0235,-0.0004,-0.0134,0.0895,-0.0043,inf,1.5,1.5
41.083,10.0209,-0.0444,0.0235,-0.0004,-0.0134,0.0885,-0.0053,inf,1.5,1.5
41.117,10.0209,-0.0443,0.0234,-0.0002,-0.0096,0.0876,-0.0042,inf,1.5,1.5
41.117,10.0209,-0.0443,0.0234,-0.0002,-0.0096,0.0882,-0.0057,inf,1.5,1.5
41.133,10.0209,-0.0444,0.0236,0.0001,-0.0071,0.086,-0.003,inf,1.5,1.5
41.133,10.0209,-0.0444,0.0236,0.0001,-0.0071,0.089,-0.0011,inf,1.5,1.5
41.167,10.0209,-0.0443,0.0235,-0.0,-0.011,0.0908,0.001,inf,1.5,1.5
41.167,10.0209,-0.0443,0.0235,-0.0,-0.011,0.0875,-0.0053,inf,1.5,1.5
41.183,10.0209,-0.0443,0.0237,-0.0003,-0.016,0.0889,-0.0099,inf,1.5,1.5
41.183,10.0209,-0.0443,0.0237,-0.0003,-0.016,0.0883,-0.0121,inf,1.5,1.5
41.2,10.0209,-0.0443,0.0236,0.0,-0.0133,0.0871,-0.0126,inf,1.5,1.5
41.2,10.0209,-0.0443,0.0236,0.0,-0.0133,0.0868,-0.0082,inf,1.5,1.5
41.2,10.0209,-0.0443,0.0236,0.0,-0.0133,0.0879,-0.0067,inf,1.5,1.5
41.233,10.0209,-0.0443,0.0237,0.0,-0.0159,0.0872,-0.008,inf,1.5,1.5
41.25,10.0209,-0.0443,0.0238,-0.0004,-0.0193,0.0916,-0.0077,inf,1.5,1.5
41.25,10.0209,-0.0443,0.0238,-0.0004,-0.0193,0.0877,-0.0105,inf,1.5,1.5
41.25,10.0209,-0.0443,0.0238,-0.0004,-0.0193,0.0859,-0.0097,inf,1.5,1.5
41.283,10.0209,-0.0443,0.0237,-0.0006,-0.0215,0.0835,-0.008,inf,1.5,1.5
41.283,10.0209,-0.0443,0.0237,-0.0006,-0.0215,0.0838,-0.0108,inf,1.5,1.5
41.3,10.0209,-0.0443,0.0239,0.0001,-0.0066,0.0868,-0.0069,inf,1.5,1.5
41.3,10.0209,-0.0443,0.0239,0.0001,-0.0066,0.0907,-0.004,inf,1.5,1.5
41.3,10.0209,-0.0443,0.0239,0.0001,-0.0066,0.0902,-0.0054,inf,1.5,1.5
41.333,10.0209,-0.0442,0.0238,-0.0001,-0.0064,0.0884,-0.006,inf,1.5,1.5
41.35,10.0209,-0.0443,0.024,-0.0001,-0.0087,0.0875,-0.0003,inf,1.5,1.5
41.35,10.0209,-0.0443,0.024,-0.0001,-0.0087,0.0868,-0.0011,inf,1.5,1.5
41.367,10.0209,-0.0442,0.024,0.0006,-0.0086,0.0866,-0.0029,inf,1.5,1.5
41.367,10.0209,-0.0442,0.024,0.0006,-0.0086,0.0871,-0.0025,inf,1.5,1.5
41.367,10.0209,-0.0442,0.024,0.0006,-0.0086,0.0886,-0.003,inf,1.5,1.5
41.4,10.0209,-0.0443,0.0241,-0.0001,-0.006,0.0895,-0.001,inf,1.5,1.5
41.4,10.0209,-0.0443,0.0241,-0.0001,-0.006,0.0882,-0.0024,inf,1.5,1.5
41.417,10.0209,-0.0442,0.0241,0.0001,0.0023,0.0862,0.004,inf,1.5,1.5
41.417,10.0209,-0.0442,0.0241,0.0001,0.0023,0.0878,0.0043,inf,1.5,1.5
41.417,10.0209,-0.0442,0.0241,0.0001,0.0023,0.0879,0.0068,inf,1.5,1.5
41.45,10.0209,-0.0442,0.0242,-0.0002,-0.0067,0.0845,0.0033,inf,1.5,1.5
41.467,10.0209,-0.0442,0.0242,-0.0007,-0.0137,0.0849,0.0026,inf,1.5,1.5
41.467,10.0209,-0.0442,0.0242,-0.0007,-0.0137,0.0828,-0.0022,inf,1.5,1.5
41.467,10.0209,-0.0442,0.0242,-0.0007,-0.0137,0.0822,-0.0066,inf,1.5,1.5
41.5,10.0209,-0.0442,0.0244,0.0002,0.002,0.0814,-0.0068,inf,1.5,1.5
41.5,10.0209,-0.0442,0.0244,0.0002,0.002,0.0827,0.001,inf,1.5,1.5
41.517,10.0209,-0.0442,0.0242,-0.0006,-0.0133,0.0845,-0.0036,inf,1.5,1.5
41.533,10.0209,-0.0442,0.0246,0.0005,0.0191,0.0842,-0.0009,inf,1.5,1.5
41.533,10.0209,-0.0442,0.0246,0.0005,0.0191,0.0849,0.0102,inf,1.5,1.5
41.533,10.0209,-0.0442,0.0246,0.0005,0.0191,0.0857,0.0115,inf,1.5,1.5
41.533,10.0209,-0.0442,0.0246,0.0005,0.0191,0.0887,0.0183,inf,1.5,1.5
41.567,10.0209,-0.0442,0.0246,0.0001,-0.0032,0.0861,0.0183,inf,1.5,1.5
41.567,10.0209,-0.0442,0.0246,0.0001,-0.0032,0.0857,0.0102,inf,1.5,1.5
41.583,10.0209,-0.0442,0.0245,0.0005,0.0122,0.0888,0.0139,inf,1.5,1.5
41.583,10.0209,-0.0442,0.0245,0.0005,0.0122,0.088,0.0141,inf,1.5,1.5
41.583,10.0209,-0.0442,0.0245,0.0005,0.0122,0.0866,0.0157,inf,1.5,1.5
41.617,10.0209,-0.0442,0.0245,0.0006,0.0135,0.0866,0.017,inf,1.5,1.5
41.633,10.0209,-0.0442,0.025,0.001,0.0313,0.0833,0.0181,inf,1.5,1.5
41.633,10.0209,-0.0442,0.025,0.001,0.0313,0.0887,0.0262,inf,1.5,1.5
41.633,10.0209,-0.0442,0.025,0.001,0.0313,0.0876,0.0332,inf,1.5,1.5
41.667,10.021,-0.0443,0.0254,0.0001,-0.0048,0.0881,0.0328,inf,1.5,1.5
41.667,10.021,-0.0443,0.0254,0.0001,-0.0048,0.0878,0.0152,inf,1.5,1.5
41.683,10.021,-0.0442,0.0253,0.0002,-0.0036,0.0885,0.0062,inf,1.5,1.5
41.7,10.021,-0.0442,0.0253,-0.0002,-0.0147,0.0864,0.002,inf,1.5,1.5
41.7,10.021,-0.0442,0.0253,-0.0002,-0.0147,0.0884,-0.0047,inf,1.5,1.5
41.7,10.021,-0.0442,0.0253,-0.0002,-0.0147,0.0895,-0.0054,inf,1.5,1.5
41.733,10.0209,-0.0442,0.0252,-0.0,-0.0066,0.09,-0.006,inf,1.5,1.5
41.733,10.0209,-0.0442,0.0252,-0.0,-0.0066,0.09,-0.002,inf,1.5,1.5
41.75,10.0209,-0.0442,0.0252,-0.0001,-0.0083,0.0914,-0.0086,inf,1.5,1.5
41.75,10.0209,-0.0442,0.0252,-0.0001,-0.0083,0.0945,-0.0018,inf,1.5,1.5
41.75,10.0209,-0.0442,0.0252,-0.0001,-0.0083,0.0922,-0.0021,inf,1.5,1.5
41.783,10.021,-0.0442,0.0255,0.0006,0.021,0.0904,0.0121,inf,1.5,1.5
41.8,10.0209,-0.0441,0.0253,-0.0013,-0.0442,0.0873,0.0169,inf,1.5,1.5
41.8,10.0209,-0.0441,0.0253,-0.0013,-0.0442,0.0853,-0.0135,inf,1.5,1.5
41.8,10.0209,-0.0441,0.0253,-0.0013,-0.0442,0.0839,-0.0273,inf,1.5,1.5
41.833,10.021,-0.0442,0.0256,-0.0003,-0.0068,0.0871,-0.0392,inf,1.5,1.5
41.833,10.021,-0.0442,0.0256,-0.0003,-0.0068,0.0875,-0.0217,inf,1.5,1.5
41.85,10.021,-0.0442,0.0255,0.0017,-0.0017,0.088,-0.0005,inf,1.5,1.5
41.867,10.021,-0.0442,0.0259,0.0025,0.0695,0.0864,0.0019,inf,1.5,1.5
41.867,10.021,-0.0442,0.0259,0.0025,0.0695,0.0877,0.0415,inf,1.5,1.5
41.867,10.021,-0.0442,0.0259,0.0025,0.0695,0.09,0.0541,inf,1.5,1.5
41.9,10.021,-0.0442,0.0262,-0.0006,-0.0339,0.0873,0.065,inf,1.5,1.5
41.9,10.021,-0.0442,0.0262,-0.0006,-0.0339,0.0841,0.0121,inf,1.5,1.5
41.917,10.021,-0.0443,0.0265,-0.0004,-0.008,0.0841,0.0018,inf,1.5,1.5
41.917,10.021,-0.0443,0.0265,-0.0004,-0.008,0.0876,-0.0095,inf,1.5,1.5
41.917,10.021,-0.0443,0.0265,-0.0004,-0.008,0.0876,-0.0028,inf,1.5,1.5
41.95,10.021,-0.0442,0.0265,0.0005,0.0137,0.088,0.0107,inf,1.5,1.5
41.967,10.021,-0.0443,0.0268,0.0004,-0.0046,0.0867,0.0163,inf,1.5,1.5
41.967,10.021,-0.0443,0.0268,0.0004,-0.0046,0.0857,0.0099,inf,1.5,1.5
41.967,10.021,-0.0443,0.0268,0.0004,-0.0046,0.0884,0.0058,inf,1.5,1.5
42.0,10.021,-0.0443,0.0271,0.0009,-0.007,0.0893,0.0032,inf,1.5,1.5
42.0,10.021,-0.0443,0.0271,0.0009,-0.007,0.0874,-0.0018,inf,1.5,1.5
42.017,10.021,-0.0443,0.0272,0.0014,0.0115,0.0862,0.0089,inf,1.5,1.5
42.033,10.021,-0.0443,0.0274,0.0002,-0.0047,0.0881,0.0116,inf,1.5,1.5
42.033,10.021,-0.0443,0.0274,0.0002,-0.0047,0.0899,0.0063,inf,1.5,1.5
42.033,10.021,-0.0443,0.0274,0.0002,-0.0047,0.0888,0.0022,inf,1.5,1.5
42.067,10.021,-0.0443,0.0274,-0.0004,-0.015,0.0871,0.0012,inf,1.5,1.5
42.067,10.021,-0.0443,0.0274,-0.0004,-0.015,0.0888,-0.0013,inf,1.5,1.5
42.083,10.021,-0.0443,0.0273,-0.0004,-0.0147,0.0891,-0.0056,inf,1.5,1.5
42.083,10.021,-0.0443,0.0273,-0.0004,-0.0147,0.0884,-0.0104,inf,1.5,1.5
42.083,10.021,-0.0443,0.0273,-0.0004,-0.0147,0.0879,-0.0112,inf,1.5,1.5
42.117,10.021,-0.0443,0.0272,0.0002,0.0075,0.0867,0.0025,inf,1.5,1.5
42.133,10.021,-0.0444,0.0279,-0.0007,0.0148,0.089,0.0083,inf,1.5,1.5
42.133,10.021,-0.0444,0.0279,-0.0007,0.0148,0.0859,0.017,inf,1.5,1.5
42.133,10.021,-0.0444,0.0279,-0.0007,0.0148,0.0874,0.0195,inf,1.5,1.5
42.167,10.021,-0.0444,0.0281,0.001,0.0126,0.0847,0.0173,inf,1.5,1.5
42.167,10.021,-0.0444,0.0281,0.001,0.0126,0.0843,0.0165,inf,1.5,1.5
42.183,10.0211,-0.0444,0.0286,0.0006,0.0002,0.0838,0.0084,inf,1.5,1.5
42.2,10.0211,-0.0444,0.0286,-0.0002,-0.0084,0.0866,0.0071,inf,1.5,1.5
42.2,10.0211,-0.0444,0.0286,-0.0002,-0.0084,0.0864,0.0011,inf,1.5,1.5
42.2,10.0211,-0.0444,0.0286,-0.0002,-0.0084,0.0889,-0.0007,inf,1.5,1.5
42.233,10.021,-0.0444,0.0285,-0.0004,-0.011,0.0892,0.002,inf,1.5,1.5
42.233,10.021,-0.0444,0.0285,-0.0004,-0.011,0.0866,0.0011,inf,1.5,1.5
42.25,10.0211,-0.0444,0.0287,0.0008,0.0177,0.0865,0.0012,inf,1.5,1.5
42.25,10.0211,-0.0444,0.0287,0.0008,0.0177,0.0843,0.0118,inf,1.5,1.5
42.25,10.0211,-0.0444,0.0287,0.0008,0.0177,0.084,0.0188,inf,1.5,1.5
42.25,10.0211,-0.0444,0.0287,0.0008,0.0177,0.0839,0.0162,inf,1.5,1.5
42.283,10.0211,-0.0444,0.0287,0.0008,0.014,0.0833,0.019,inf,1.5,1.5
42.283,10.0211,-0.0444,0.0287,0.0008,0.014,0.0873,0.0188,inf,1.5,1.5
42.3,10.0211,-0.0444,0.0292,0.001,-0.0053,0.0847,0.0087,inf,1.5,1.5
42.3,10.0211,-0.0444,0.0292,0.001,-0.0053,0.0865,0.0035,inf,1.5,1.5
42.3,10.0211,-0.0444,0.0292,0.001,-0.0053,0.0874,-0.0002,inf,1.5,1.5
42.333,10.0211,-0.0444,0.0293,0.0044,0.0385,0.0884,0.0228,inf,1.5,1.5
42.35,10.0211,-0.0446,0.0303,0.0008,0.0222,0.0885,0.0321,inf,1.5,1.5
42.35,10.0211,-0.0446,0.0303,0.0008,0.0222,0.0906,0.0313,inf,1.5,1.5
42.367,10.0211,-0.0447,0.0308,0.0018,0.0472,0.0902,0.0398,inf,1.5,1.5
42.367,10.0211,-0.0447,0.0308,0.0018,0.0472,0.0873,0.0439,inf,1.5,1.5
42.367,10.0211,-0.0447,0.0308,0.0018,0.0472,0.0876,0.0453,inf,1.5,1.5
42.4,10.0212,-0.0448,0.0314,0.0009,0.0266,0.0844,0.0379,inf,1.5,1.5
42.4,10.0212,-0.0448,0.0314,0.0009,0.0266,0.0858,0.0313,inf,1.5,1.5
42.417,10.0212,-0.045,0.0327,0.0024,0.049,0.0869,0.0407,inf,1.5,1.5
42.417,10.0212,-0.045,0.0327,0.0024,0.049,0.0888,0.0427,inf,1.5,1.5
42.417,10.0212,-0.045,0.0327,0.0024,0.049,0.0899,0.042,inf,1.5,1.5
42.45,10.0212,-0.0452,0.0336,0.0004,0.0935,0.0921,0.0639,inf,1.5,1.5
42.467,10.0213,-0.0454,0.0349,0.002,0.024,0.0899,0.0765,inf,1.5,1.5
42.467,10.0213,-0.0454,0.0349,0.002,0.024,0.0895,0.0497,inf,1.5,1.5
42.467,10.0213,-0.0454,0.0349,0.002,0.024,0.0908,0.0285,inf,1.5,1.5
42.5,10.0213,-0.0454,0.035,0.0002,0.0053,0.0909,0.0221,inf,1.5,1.5
42.5,10.0213,-0.0454,0.035,0.0002,0.0053,0.0931,0.0096,inf,1.5,1.5
42.517,10.0213,-0.0454,0.0354,0.0008,-0.0071,0.09,0.0002,inf,1.5,1.5
42.533,10.0213,-0.0454,0.0355,0.0002,0.0061,0.0858,-0.0003,inf,1.5,1.5
42.533,10.0213,-0.0454,0.0355,0.0002,0.0061,0.0852,-0.0009,inf,1.5,1.5
42.533,10.0213,-0.0454,0.0355,0.0002,0.0061,0.083,0.0062,inf,1.5,1.5
42.567,10.0213,-0.0454,0.0358,0.0,0.0034,0.0847,0.0087,inf,1.5,1.5
42.567,10.0213,-0.0454,0.0358,0.0,0.0034,0.0859,0.0101,inf,1.5,1.5
42.583,10.0213,-0.0454,0.0361,0.0002,0.0059,0.0873,0.013,inf,1.5,1.5
42.583,10.0213,-0.0454,0.0361,0.0002,0.0059,0.0892,0.0085,inf,1.5,1.5
42.583,10.0213,-0.0454,0.0361,0.0002,0.0059,0.0898,0.0127,inf,1.5,1.5
42.617,10.0213,-0.0454,0.0363,0.0013,-0.0062,0.0901,0.0059,inf,1.5,1.5
42.633,10.0213,-0.0454,0.0364,-0.0004,-0.0127,0.0913,0.0014,inf,1.5,1.5
42.633,10.0213,-0.0454,0.0364,-0.0004,-0.0127,0.0889,-0.0035,inf,1.5,1.5
42.633,10.0213,-0.0454,0.0364,-0.0004,-0.0127,0.0877,-0.0092,inf,1.5,1.5
42.667,10.0213,-0.0454,0.0364,0.0,-0.0045,0.0903,-0.0095,inf,1.5,1.5
42.667,10.0213,-0.0454,0.0364,0.0,-0.0045,0.0862,-0.0051,inf,1.5,1.5
42.683,10.0213,-0.0454,0.0365,0.0009,0.0173,0.0872,0.0087,inf,1.5,1.5
42.7,10.0213,-0.0454,0.0367,0.0046,0.0452,0.083,0.0133,inf,1.5,1.5
42.7,10.0213,-0.0454,0.0367,0.0046,0.0452,0.0837,0.033,inf,1.5,1.5
42.7,10.0213,-0.0454,0.0367,0.0046,0.0452,0.0881,0.0371,inf,1.5,1.5
42.733,10.0213,-0.0455,0.0369,-0.0014,-0.0017,0.0898,0.0399,inf,1.5,1.5
42.733,10.0213,-0.0455,0.0369,-0.0014,-0.0017,0.0893,0.0173,inf,1.5,1.5
42.75,10.0213,-0.0453,0.0365,0.0001,-0.0039,0.0865,0.0051,inf,1.5,1.5
42.75,10.0213,-0.0453,0.0365,0.0001,-0.0039,0.0847,-0.0021,inf,1.5,1.5
42.75,10.0213,-0.0453,0.0365,0.0001,-0.0039,0.0829,-0.0028,inf,1.5,1.5
42.783,10.0213,-0.0453,0.0367,-0.0,-0.0027,0.0843,-0.0021,inf,1.5,1.5
42.8,10.0213,-0.0454,0.037,0.0001,-0.0004,0.082,-0.0007,inf,1.5,1.5
42.8,10.0213,-0.0454,0.037,0.0001,-0.0004,0.0809,-0.0019,inf,1.5,1.5
42.8,10.0213,-0.0454,0.037,0.0001,-0.0004,0.0819,-0.001,inf,1.5,1.5
42.833,10.0213,-0.0454,0.0372,0.0009,0.0018,0.0851,0.0027,inf,1.5,1.5
42.833,10.0213,-0.0454,0.0372,0.0009,0.0018,0.0855,0.0096,inf,1.5,1.5
42.85,10.0213,-0.0454,0.0373,0.0002,0.0038,0.0869,0.008,inf,1.5,1.5
42.867,10.0213,-0.0454,0.0374,0.0002,0.0053,0.0854,0.008,inf,1.5,1.5
42.867,10.0213,-0.0454,0.0374,0.0002,0.0053,0.0885,0.0046,inf,1.5,1.5
42.867,10.0213,-0.0454,0.0374,0.0002,0.0053,0.0902,0.0037,inf,1.5,1.5
42.9,10.0214,-0.0454,0.0376,0.0002,0.004,0.0906,0.0051,inf,1.5,1.5
42.9,10.0214,-0.0454,0.0376,0.0002,0.004,0.0879,0.002,inf,1.5,1.5
42.917,10.0214,-0.0454,0.0378,0.0009,0.0081,0.0865,0.0007,inf,1.5,1.5
42.917,10.0214,-0.0454,0.0378,0.0009,0.0081,0.0853,0.008,inf,1.5,1.5
42.917,10.0214,-0.0454,0.0378,0.0009,0.0081,0.0873,0.008,inf,1.5,1.5
42.95,10.0214,-0.0454,0.0381,0.0009,0.001,0.0869,0.0125,inf,1.5,1.5
42.967,10.0214,-0.0454,0.0382,0.0006,0.0016,0.0895,0.0079,inf,1.5,1.5
42.967,10.0214,-0.0454,0.0382,0.0006,0.0016,0.0868,0.0082,inf,1.5,1.5
42.967,10.0214,-0.0454,0.0382,0.0006,0.0016,0.0856,0.0061,inf,1.5,1.5
43.0,10.0214,-0.0454,0.0384,0.001,-0.0093,0.0894,0.0051,inf,1.5,1.5
43.0,10.0214,-0.0454,0.0384,0.001,-0.0093,0.0888,-0.0021,inf,1.5,1.5
43.017,10.0214,-0.0454,0.0384,-0.0001,-0.0146,0.0905,-0.0014,inf,1.5,1.5
43.017,10.0214,-0.0454,0.0384,-0.0001,-0.0146,0.0875,-0.0034,inf,1.5,1.5
43.017,10.0214,-0.0454,0.0384,-0.0001,-0.0146,0.0886,-0.0082,inf,1.5,1.5
43.033,10.0214,-0.0453,0.0383,-0.0007,-0.0219,0.0883,-0.0102,inf,1.5,1.5
43.033,10.0214,-0.0453,0.0383,-0.0007,-0.0219,0.0884,-0.0184,inf,1.5,1.5
43.033,10.0214,-0.0453,0.0383,-0.0007,-0.0219,0.0891,-0.016,inf,1.5,1.5
43.067,10.0214,-0.0453,0.0384,-0.0006,-0.0258,0.0846,-0.0176,inf,1.5,1.5
43.083,10.0214,-0.0453,0.0385,-0.0,-0.0036,0.0877,-0.0183,inf,1.5,1.5
43.083,10.0214,-0.0453,0.0385,-0.0,-0.0036,0.0854,-0.0015,inf,1.5,1.5
43.083,10.0214,-0.0453,0.0385,-0.0,-0.0036,0.0869,0.0005,inf,1.5,1.5
43.117,10.0214,-0.0453,0.0387,-0.0001,-0.0037,0.087,0.0,inf,1.5,1.5
43.117,10.0214,-0.0453,0.0387,-0.0001,-0.0037,0.087,0.0004,inf,1.5,1.5
43.133,10.0214,-0.0453,0.0389,-0.0,-0.0033,0.0843,0.0007,inf,1.5,1.5
43.133,10.0214,-0.0453,0.0389,-0.0,-0.0033,0.0829,-0.0003,inf,1.5,1.5
43.133,10.0214,-0.0453,0.0389,-0.0,-0.0033,0.0853,0.0031,inf,1.5,1.5
43.167,10.0214,-0.0453,0.0389,-0.0002,-0.0108,0.0835,-0.0025,inf,1.5,1.5
43.167,10.0214,-0.0453,0.0389,-0.0002,-0.0108,0.0864,-0.0003,inf,1.5,1.5
43.167,10.0214,-0.0453,0.0389,-0.0002,-0.0108,0.0895,0.001,inf,1.5,1.5
43.183,10.0214,-0.0453,0.039,-0.0002,-0.0095,0.0876,-0.0033,inf,1.5,1.5
43.2,10.0214,-0.0453,0.039,-0.0002,-0.0104,0.0866,-0.0044,inf,1.5,1.5
43.2,10.0214,-0.0453,0.039,-0.0002,-0.0104,0.0855,-0.0061,inf,1.5,1.5
43.2,10.0214,-0.0453,0.039,-0.0002,-0.0104,0.086,-0.0096,inf,1.5,1.5
43.233,10.0214,-0.0453,0.0391,-0.0002,-0.009,0.085,-0.0082,inf,1.5,1.5
43.233,10.0214,-0.0453,0.0391,-0.0002,-0.009,0.0857,-0.0074,inf,1.5,1.5
43.25,10.0214,-0.0452,0.0392,0.0002,0.0005,0.0889,-0.0018,inf,1.5,1.5
43.25,10.0214,-0.0452,0.0392,0.0002,0.0005,0.0894,-0.0034,inf,1.5,1.5
43.25,10.0214,-0.0452,0.0392,0.0002,0.0005,0.0921,0.0017,inf,1.5,1.5
43.283,10.0214,-0.0452,0.0392,0.0002,0.0025,0.0915,0.0059,inf,1.5,1.5
43.3,10.0214,-0.0452,0.0395,0.0001,-0.0015,0.0902,0.0027,inf,1.5,1.5
43.3,10.0214,-0.0452,0.0395,0.0001,-0.0015,0.0879,-0.0009,inf,1.5,1.5
43.3,10.0214,-0.0452,0.0395,0.0001,-0.0015,0.0893,0.0014,inf,1.5,1.5
43.333,10.0214,-0.0452,0.0395,-0.0002,-0.0094,0.0864,-0.0016,inf,1.5,1.5
43.333,10.0214,-0.0452,0.0395,-0.0002,-0.0094,0.0892,-0.0014,inf,1.5,1.5
43.35,10.0214,-0.0452,0.0396,0.0,-0.0023,0.0878,0.003,inf,1.5,1.5
43.367,10.0214,-0.0452,0.0397,0.0001,0.0019,0.0883,0.0004,inf,1.5,1.5
43.367,10.0214,-0.0452,0.0397,0.0001,0.0019,0.0912,0.0021,inf,1.5,1.5
43.367,10.0214,-0.0452,0.0397,0.0001,0.0019,0.0882,0.0033,inf,1.5,1.5
43.4,10.0214,-0.0452,0.0399,0.0008,-0.0017,0.0894,0.0051,inf,1.5,1.5
43.4,10.0214,-0.0452,0.0399,0.0008,-0.0017,0.0907,0.0045,inf,1.5,1.5
43.417,10.0214,-0.0452,0.0402,0.0001,-0.0036,0.0904,0.0042,inf,1.5,1.5
43.417,10.0214,-0.0452,0.0402,0.0001,-0.0036,0.0891,-0.0003,inf,1.5,1.5
43.417,10.0214,-0.0452,0.0402,0.0001,-0.0036,0.0918,0.0003,inf,1.5,1.5
43.45,10.0214,-0.0452,0.0401,0.0002,0.0001,0.0925,0.0021,inf,1.5,1.5
43.467,10.0214,-0.0452,0.0402,0.0003,-0.004,0.0921,-0.0005,inf,1.5,1.5
43.467,10.0214,-0.0452,0.0402,0.0003,-0.004,0.09,-0.0023,inf,1.5,1.5
43.467,10.0214,-0.0452,0.0402,0.0003,-0.004,0.0882,-0.0024,inf,1.5,1.5
43.5,10.0214,-0.0452,0.0403,0.0002,-0.0014,0.0866,-0.0009,inf,1.5,1.5
43.5,10.0214,-0.0452,0.0403,0.0002,-0.0014,0.0855,0.0001,inf,1.5,1.5
43.517,10.0214,-0.0452,0.0406,0.0001,-0.0019,0.0861,0.0003,inf,1.5,1.5
43.533,10.0214,-0.0452,0.0406,-0.0002,-0.0057,0.0862,0.0002,inf,1.5,1.5
43.533,10.0214,-0.0452,0.0406,-0.0002,-0.0057,0.0867,-0.001,inf,1.5,1.5
43.533,10.0214,-0.0452,0.0406,-0.0002,-0.0057,0.0869,-0.0018,inf,1.5,1.5
43.567,10.0214,-0.0452,0.0407,0.0005,0.0018,0.0866,-0.0027,inf,1.5,1.5
43.567,10.0214,-0.0452,0.0407,0.0005,0.0018,0.0855,0.0025,inf,1.5,1.5
43.583,10.0214,-0.0452,0.041,0.0013,-0.0007,0.0887,-0.0018,inf,1.5,1.5
43.583,10.0214,-0.0452,0.041,0.0013,-0.0007,0.0872,-0.0018,inf,1.5,1.5
43.583,10.0214,-0.0452,0.041,0.0013,-0.0007,0.0909,-0.0005,inf,1.5,1.5
43.617,10.0214,-0.0452,0.0411,0.0003,0.0024,0.0887,0.0033,inf,1.5,1.5
43.633,10.0214,-0.0451,0.0412,0.0004,0.0086,0.0886,0.0063,inf,1.5,1.5
43.633,10.0214,-0.0451,0.0412,0.0004,0.0086,0.088,0.013,inf,1.5,1.5
43.633,10.0214,-0.0451,0.0412,0.0004,0.0086,0.0866,0.0112,inf,1.5,1.5
43.667,10.0214,-0.0451,0.0413,0.0002,0.008,0.0844,0.0099,inf,1.5,1.5
43.667,10.0214,-0.0451,0.0413,0.0002,0.008,0.083,0.0118,inf,1.5,1.5
43.683,10.0215,-0.0451,0.0416,-0.0001,-0.0029,0.0846,0.0131,inf,1.5,1.5
43.683,10.0215,-0.0451,0.0416,-0.0001,-0.0029,0.0852,0.0035,inf,1.5,1.5
43.7,10.0215,-0.0451,0.0417,0.0002,0.0028,0.0895,0.0007,inf,1.5,1.5
43.7,10.0215,-0.0451,0.0417,0.0002,0.0028,0.0878,0.0016,inf,1.5,1.5
43.7,10.0215,-0.0451,0.0417,0.0002,0.0028,0.0864,0.0033,inf,1.5,1.5
43.733,10.0215,-0.0451,0.0419,0.0003,0.0049,0.0849,0.0054,inf,1.5,1.5
43.75,10.0215,-0.0451,0.0418,-0.0003,-0.0106,0.0849,0.0061,inf,1.5,1.5
43.75,10.0215,-0.0451,0.0418,-0.0003,-0.0106,0.084,-0.0037,inf,1.5,1.5
43.75,10.0215,-0.0451,0.0418,-0.0003,-0.0106,0.0867,-0.0052,inf,1.5,1.5
43.783,10.0214,-0.045,0.0417,-0.0006,-0.0419,0.0901,-0.0081,inf,1.5,1.5
43.783,10.0214,-0.045,0.0417,-0.0006,-0.0419,0.0885,-0.0236,inf,1.5,1.5
43.8,10.0215,-0.0451,0.042,0.0006,0.0165,0.09,0.0003,inf,1.5,1.5
43.8,10.0215,-0.0451,0.042,0.0006,0.0165,0.0858,0.0087,inf,1.5,1.5
43.8,10.0215,-0.0451,0.042,0.0006,0.0165,0.0869,0.0167,inf,1.5,1.5
43.833,10.0215,-0.0451,0.0421,0.0005,0.0167,0.0808,0.0139,inf,1.5,1.5
43.85,10.0215,-0.0451,0.0426,0.0001,-0.0021,0.0831,0.0203,inf,1.5,1.5
43.85,10.0215,-0.0451,0.0426,0.0001,-0.0021,0.0864,0.012,inf,1.5,1.5
43.867,10.0215,-0.0451,0.0427,0.0001,-0.0002,0.0915,0.0064,inf,1.5,1.5
43.867,10.0215,-0.0451,0.0427,0.0001,-0.0002,0.0895,0.0075,inf,1.5,1.5
43.867,10.0215,-0.0451,0.0427,0.0001,-0.0002,0.0906,0.005,inf,1.5,1.5
43.9,10.0215,-0.0451,0.0428,0.001,0.016,0.0901,0.0178,inf,1.5,1.5
43.9,10.0215,-0.0451,0.0428,0.001,0.016,0.0847,0.017,inf,1.5,1.5
43.917,10.0215,-0.0451,0.0429,-0.0007,-0.0072,0.0836,0.0037,inf,1.5,1.5
43.917,10.0215,-0.0451,0.0429,-0.0007,-0.0072,0.0851,-0.0059,inf,1.5,1.5
43.917,10.0215,-0.0451,0.0429,-0.0007,-0.0072,0.0867,-0.0081,inf,1.5,1.5
43.95,10.0215,-0.0451,0.043,-0.0001,-0.0064,0.0877,-0.0071,inf,1.5,1.5
43.967,10.0215,-0.0451,0.0431,0.0004,0.0095,0.0864,-0.006,inf,1.5,1.5
43.967,10.0215,-0.0451,0.0431,0.0004,0.0095,0.0855,0.0025,inf,1.5,1.5
43.967,10.0215,-0.0451,0.0431,0.0004,0.0095,0.0846,0.0077,inf,1.5,1.5
44.0,10.0215,-0.0451,0.0434,0.0005,0.0205,0.0823,0.0103,inf,1.5,1.5
44.0,10.0215,-0.0451,0.0434,0.0005,0.0205,0.0836,0.0192,inf,1.5,1.5
44.017,10.0215,-0.0451,0.0439,0.0003,0.0068,0.0862,0.0158,inf,1.5,1.5
44.033,10.0215,-0.0451,0.0441,0.0001,0.0056,0.086,0.0101,inf,1.5,1.5
44.033,10.0215,-0.0451,0.0441,0.0001,0.0056,0.0878,0.0067,inf,1.5,1.5
44.033,10.0215,-0.0451,0.0441,0.0001,0.0056,0.0867,0.0036,inf,1.5,1.5
44.067,10.0215,-0.0452,0.0444,0.0012,-0.0034,0.0831,0.0037,inf,1.5,1.5
44.067,10.0215,-0.0452,0.0444,0.0012,-0.0034,0.0829,-0.0021,inf,1.5,1.5
44.083,10.0215,-0.0452,0.0447,0.0012,-0.0037,0.0876,-0.0021,inf,1.5,1.5
44.083,10.0215,-0.0452,0.0447,0.0012,-0.0037,0.0867,-0.0036,inf,1.5,1.5
44.083,10.0215,-0.0452,0.0447,0.0012,-0.0037,0.0864,-0.0016,inf,1.5,1.5
44.117,10.0215,-0.0451,0.0448,-0.0001,0.0009,0.0852,-0.0025,inf,1.5,1.5
44.133,10.0215,-0.0452,0.0451,0.0003,0.0004,0.086,0.0012,inf,1.5,1.5
44.133,10.0215,-0.0452,0.0451,0.0003,0.0004,0.0866,0.0018,inf,1.5,1.5
44.133,10.0215,-0.0452,0.0451,0.0003,0.0004,0.0862,0.0018,inf,1.5,1.5
44.167,10.0215,-0.0451,0.0452,0.0003,0.0024,0.0874,0.0054,inf,1.5,1.5
44.167,10.0215,-0.0451,0.0452,0.0003,0.0024,0.0858,0.0062,inf,1.5,1.5
44.183,10.0215,-0.0452,0.0456,0.001,-0.0036,0.0851,-0.0013,inf,1.5,1.5
44.2,10.0215,-0.0452,0.0457,0.0004,0.0051,0.0856,-0.0025,inf,1.5,1.5
44.2,10.0215,-0.0452,0.0457,0.0004,0.0051,0.086,0.0013,inf,1.5,1.5
44.2,10.0215,-0.0452,0.0457,0.0004,0.0051,0.0859,0.0039,inf,1.5,1.5
44.233,10.0216,-0.0452,0.0459,0.0003,0.01,0.0848,0.0037,inf,1.5,1.5
44.233,10.0216,-0.0452,0.0459,0.0003,0.01,0.0865,0.0088,inf,1.5,1.5
44.25,10.0216,-0.0452,0.0463,0.0002,0.0049,0.0856,0.0074,inf,1.5,1.5
44.25,10.0216,-0.0452,0.0463,0.0002,0.0049,0.0879,0.0114,inf,1.5,1.5
44.25,10.0216,-0.0452,0.0463,0.0002,0.0049,0.0863,0.0142,inf,1.5,1.5
44.283,10.0216,-0.0452,0.0465,0.0011,-0.0052,0.0867,0.0008,inf,1.5,1.5
44.3,10.0216,-0.0452,0.0469,0.0001,-0.0098,0.0867,-0.0072,inf,1.5,1.5
44.3,10.0216,-0.0452,0.0469,0.0001,-0.0098,0.0861,-0.0127,inf,1.5,1.5
44.3,10.0216,-0.0452,0.0469,0.0001,-0.0098,0.0875,-0.0126,inf,1.5,1.5
44.3,10.0216,-0.0452,0.0469,0.0001,-0.0098,0.0848,-0.0105,inf,1.5,1.5
44.333,10.0216,-0.0452,0.0469,0.0003,0.0057,0.0839,-0.007,inf,1.5,1.5
44.35,10.0216,-0.0452,0.0473,0.0001,0.0046,0.0835,0.0012,inf,1.5,1.5
44.35,10.0216,-0.0452,0.0473,0.0001,0.0046,0.0823,0.0007,inf,1.5,1.5
44.367,10.0216,-0.0453,0.0476,0.0008,0.0062,0.0847,0.0019,inf,1.5,1.5
44.367,10.0216,-0.0453,0.0476,0.0008,0.0062,0.0853,-0.0014,inf,1.5,1.5
44.367,10.0216,-0.0453,0.0476,0.0008,0.0062,0.0869,-0.0029,inf,1.5,1.5
44.4,10.0216,-0.0452,0.0476,-0.0003,-0.0375,0.0875,-0.0202,inf,1.5,1.5
44.417,10.0216,-0.0451,0.0472,0.0001,-0.0057,0.0871,-0.0294,inf,1.5,1.5
44.417,10.0216,-0.0451,0.0472,0.0001,-0.0057,0.0897,-0.0177,inf,1.5,1.5
44.417,10.0216,-0.0451,0.0472,0.0001,-0.0057,0.089,-0.0156,inf,1.5,1.5
44.45,10.0216,-0.0451,0.047,-0.0008,-0.0536,0.0846,-0.0111,inf,1.5,1.5
44.45,10.0216,-0.0451,0.047,-0.0008,-0.0536,0.0853,-0.0319,inf,1.5,1.5
44.467,10.0216,-0.0451,0.0474,0.0007,0.0056,0.0874,-0.0143,inf,1.5,1.5
44.467,10.0216,-0.0451,0.0474,0.0007,0.0056,0.0872,-0.0024,inf,1.5,1.5
44.5,10.0216,-0.0451,0.0474,-0.0007,-0.0468,0.0902,0.0022,inf,1.5,1.5
44.5,10.0216,-0.0451,0.0474,-0.0007,-0.0468,0.0898,-0.0215,inf,1.5,1.5
44.517,10.0216,-0.045,0.0473,0.0003,-0.003,0.0916,-0.0341,inf,1.5,1.5
44.517,10.0216,-0.045,0.0473,0.0003,-0.003,0.0898,-0.0175,inf,1.5,1.5
44.533,10.0216,-0.045,0.0474,0.0004,-0.0109,0.0916,-0.0172,inf,1.5,1.5
44.533,10.0216,-0.045,0.0474,0.0004,-0.0109,0.0918,-0.0093,inf,1.5,1.5
44.533,10.0216,-0.045,0.0474,0.0004,-0.0109,0.0886,-0.0076,inf,1.5,1.5
44.567,10.0216,-0.045,0.0475,0.0006,0.0052,0.0878,0.0008,inf,1.5,1.5
44.583,10.0216,-0.045,0.0476,-0.0003,-0.0142,0.0866,0.003,inf,1.5,1.5
44.583,10.0216,-0.045,0.0476,-0.0003,-0.0142,0.0874,-0.006,inf,1.5,1.5
44.583,10.0216,-0.045,0.0476,-0.0003,-0.0142,0.0868,-0.0047,inf,1.5,1.5
44.617,10.0216,-0.045,0.0478,0.0002,-0.0044,0.0862,-0.0118,inf,1.5,1.5
44.633,10.0216,-0.045,0.048,0.0002,-0.0025,0.0881,-0.0082,inf,1.5,1.5
44.633,10.0216,-0.045,0.048,0.0002,-0.0025,0.0856,-0.0063,inf,1.5,1.5
44.633,10.0216,-0.045,0.048,0.0002,-0.0025,0.0876,-0.0058,inf,1.5,1.5
44.667,10.0216,-0.045,0.0479,0.002,-0.035,0.0869,-0.0023,inf,1.5,1.5
44.667,10.0216,-0.045,0.0479,0.002,-0.035,0.089,-0.0209,inf,1.5,1.5
44.683,10.0216,-0.045,0.048,-0.0002,-0.0395,0.0881,-0.0288,inf,1.5,1.5
44.683,10.0216,-0.045,0.048,-0.0002,-0.0395,0.089,-0.0296,inf,1.5,1.5
44.7,10.0216,-0.0449,0.0478,-0.0001,-0.0206,0.0875,-0.0236,inf,1.5,1.5
44.7,10.0216,-0.0449,0.0478,-0.0001,-0.0206,0.0819,-0.0238,inf,1.5,1.5
44.7,10.0216,-0.0449,0.0478,-0.0001,-0.0206,0.0869,-0.0202,inf,1.5,1.5
44.733,10.0216,-0.0448,0.0476,-0.0009,0.0033,0.0857,-0.0092,inf,1.5,1.5
44.75,10.0216,-0.0448,0.0473,0.002,-0.0035,0.0881,-0.0049,inf,1.5,1.5
44.75,10.0216,-0.0448,0.0473,0.002,-0.0035,0.0896,-0.0038,inf,1.5,1.5
44.75,10.0216,-0.0448,0.0473,0.002,-0.0035,0.0911,-0.003,inf,1.5,1.5
44.783,10.0216,-0.0447,0.0471,-0.0004,-0.0171,0.0873,-0.0052,inf,1.5,1.5
44.8,10.0216,-0.0447,0.0471,0.0001,-0.0021,0.0852,-0.0107,inf,1.5,1.5
44.8,10.0216,-0.0447,0.0471,0.0001,-0.0021,0.0864,-0.0057,inf,1.5,1.5
44.8,10.0216,-0.0447,0.0471,0.0001,-0.0021,0.0866,-0.0043,inf,1.5,1.5
44.833,10.0216,-0.0446,0.0471,-0.0,-0.0059,0.0855,-0.0041,inf,1.5,1.5
44.833,10.0216,-0.0446,0.0471,-0.0,-0.0059,0.0899,-0.0084,inf,1.5,1.5
44.85,10.0216,-0.0446,0.0474,0.0002,0.0034,0.089,-0.0072,inf,1.5,1.5
44.85,10.0216,-0.0446,0.0474,0.0002,0.0034,0.0871,-0.001,inf,1.5,1.5
44.867,10.0216,-0.0446,0.0474,-0.0003,-0.0146,0.0876,-0.0072,inf,1.5,1.5
44.867,10.0216,-0.0446,0.0474,-0.0003,-0.0146,0.0882,-0.0106,inf,1.5,1.5
44.9,10.0216,-0.0446,0.0475,0.0002,0.0032,0.0871,-0.0157,inf,1.5,1.5
44.9,10.0216,-0.0446,0.0475,0.0002,0.0032,0.0875,-0.0037,inf,1.5,1.5
44.917,10.0216,-0.0446,0.0476,0.0001,-0.003,0.0865,-0.0006,inf,1.5,1.5
44.917,10.0216,-0.0446,0.0476,0.0001,-0.003,0.088,-0.0007,inf,1.5,1.5
44.917,10.0216,-0.0446,0.0476,0.0001,-0.003,0.0906,0.0004,inf,1.5,1.5
44.95,10.0216,-0.0446,0.0478,-0.0001,-0.0069,0.0894,-0.0049,inf,1.5,1.5
44.95,10.0216,-0.0446,0.0478,-0.0001,-0.0069,0.0878,-0.0084,inf,1.5,1.5
44.967,10.0216,-0.0446,0.0479,-0.0002,-0.0175,0.0845,-0.0136,inf,1.5,1.5
44.967,10.0216,-0.0446,0.0479,-0.0002,-0.0175,0.0861,-0.0184,inf,1.5,1.5
44.967,10.0216,-0.0446,0.0479,-0.0002,-0.0175,0.0886,-0.0188,inf,1.5,1.5
45.0,10.0216,-0.0445,0.0476,-0.0006,-0.0241,0.0889,-0.0215,inf,1.5,1.5
45.017,10.0216,-0.0444,0.0475,-0.0008,-0.0204,0.0893,-0.02,inf,1.5,1.5
45.033,10.0216,-0.0444,0.0476,0.0,-0.0047,0.0898,-0.0169,inf,1.5,1.5
45.033,10.0216,-0.0444,0.0476,0.0,-0.0047,0.089,-0.0101,inf,1.5,1.5
45.033,10.0216,-0.0444,0.0476,0.0,-0.0047,0.0878,-0.0098,inf,1.5,1.5
45.033,10.0216,-0.0444,0.0476,0.0,-0.0047,0.0852,-0.0069,inf,1.5,1.5
45.067,10.0216,-0.0444,0.0477,-0.0003,-0.0153,0.0871,-0.0095,inf,1.5,1.5
45.083,10.0215,-0.0443,0.0473,0.0004,-0.0114,0.0869,-0.0133,inf,1.5,1.5
45.083,10.0215,-0.0443,0.0473,0.0004,-0.0114,0.0856,-0.0121,inf,1.5,1.5
45.083,10.0215,-0.0443,0.0473,0.0004,-0.0114,0.0843,-0.0129,inf,1.5,1.5
45.117,10.0215,-0.0443,0.0474,-0.0002,-0.0202,0.086,-0.0146,inf,1.5,1.5
45.117,10.0215,-0.0443,0.0474,-0.0002,-0.0202,0.0868,-0.0218,inf,1.5,1.5
45.133,10.0215,-0.0442,0.0471,0.0053,-0.0011,0.0902,-0.0096,inf,1.5,1.5
45.133,10.0215,-0.0442,0.0471,0.0053,-0.0011,0.0898,-0.0087,inf,1.5,1.5
45.133,10.0215,-0.0442,0.0471,0.0053,-0.0011,0.0899,-0.0012,inf,1.5,1.5
45.167,10.0215,-0.0442,0.0471,-0.0004,-0.0466,0.0871,-0.0242,inf,1.5,1.5
45.183,10.0215,-0.044,0.0466,-0.0012,-0.0695,0.0844,-0.0337,inf,1.5,1.5
45.183,10.0215,-0.044,0.0466,-0.0012,-0.0695,0.0833,-0.054,inf,1.5,1.5
45.2,10.0215,-0.0438,0.0461,-0.0011,-0.0547,0.0832,-0.0569,inf,1.5,1.5
45.2,10.0215,-0.0438,0.0461,-0.0011,-0.0547,0.0845,-0.0478,inf,1.5,1.5
45.233,10.0215,-0.0437,0.0454,-0.0003,-0.0396,0.0831,-0.0507,inf,1.5,1.5
45.233,10.0215,-0.0437,0.0454,-0.0003,-0.0396,0.0838,-0.0409,inf,1.5,1.5
45.25,10.0215,-0.0436,0.0452,0.0047,-0.0226,0.087,-0.0344,inf,1.5,1.5
45.25,10.0215,-0.0436,0.0452,0.0047,-0.0226,0.0877,-0.0235,inf,1.5,1.5
45.25,10.0215,-0.0436,0.0452,0.0047,-0.0226,0.0895,-0.0203,inf,1.5,1.5
45.283,10.0214,-0.0436,0.0452,0.0,0.0127,0.0886,-0.023,inf,1.5,1.5
45.283,10.0214,-0.0436,0.0452,0.0,0.0127,0.0896,-0.0035,inf,1.5,1.5
45.3,10.0215,-0.0436,0.0456,0.0001,0.0012,0.0903,-0.0017,inf,1.5,1.5
45.3,10.0215,-0.0436,0.0456,0.0001,0.0012,0.0895,-0.0035,inf,1.5,1.5
45.3,10.0215,-0.0436,0.0456,0.0001,0.0012,0.0864,-0.0036,inf,1.5,1.5
45.333,10.0215,-0.0436,0.0457,0.0002,-0.0208,0.0861,-0.015,inf,1.5,1.5
45.35,10.0215,-0.0436,0.046,0.0009,0.0069,0.0863,-0.019,inf,1.5,1.5
45.35,10.0215,-0.0436,0.046,0.0009,0.0069,0.085,-0.0034,inf,1.5,1.5
45.367,10.0215,-0.0435,0.0458,0.0016,-0.0271,0.0857,-0.0153,inf,1.5,1.5
45.367,10.0215,-0.0435,0.0458,0.0016,-0.0271,0.0856,-0.0192,inf,1.5,1.5
45.367,10.0215,-0.0435,0.0458,0.0016,-0.0271,0.0865,-0.0203,inf,1.5,1.5
45.4,10.0215,-0.0435,0.0459,0.0016,0.0023,0.0854,-0.0103,inf,1.5,1.5
45.417,10.0215,-0.0434,0.0455,-0.0008,-0.0234,0.0878,-0.0015,inf,1.5,1.5
45.417,10.0215,-0.0434,0.0455,-0.0008,-0.0234,0.0878,-0.0015,inf,1.5,1.5
45.417,10.0215,-0.0434,0.0455,-0.0008,-0.0234,0.0886,-0.0108,inf,1.5,1.5
45.45,10.0215,-0.0433,0.0454,-0.0008,-0.0666,0.0901,-0.0109,inf,1.5,1.5
45.45,10.0215,-0.0433,0.0454,-0.0008,-0.0666,0.0889,-0.038,inf,1.5,1.5
45.467,10.0214,-0.0431,0.0446,-0.001,-0.0144,0.0861,-0.052,inf,1.5,1.5
45.467,10.0214,-0.0431,0.0446,-0.001,-0.0144,0.0859,-0.0353,inf,1.5,1.5
45.467,10.0214,-0.0431,0.0446,-0.001,-0.0144,0.0866,-0.0184,inf,1.5,1.5
45.5,10.0214,-0.0431,0.0445,-0.0001,-0.0156,0.0862,-0.0118,inf,1.5,1.5
45.5,10.0214,-0.0431,0.0445,-0.0001,-0.0156,0.0874,-0.0081,inf,1.5,1.5
45.517,10.0214,-0.043,0.0442,0.0006,0.0015,0.0863,-0.0012,inf,1.5,1.5
45.533,10.0214,-0.043,0.0443,0.0001,-0.001,0.0852,0.0014,inf,1.5,1.5
45.533,10.0214,-0.043,0.0443,0.0001,-0.001,0.0893,0.0048,inf,1.5,1.5
45.533,10.0214,-0.043,0.0443,0.0001,-0.001,0.0926,0.0052,inf,1.5,1.5
45.567,10.0214,-0.043,0.0446,0.0012,-0.0133,0.0937,0.0016,inf,1.5,1.5
45.567,10.0214,-0.043,0.0446,0.0012,-0.0133,0.0932,-0.005,inf,1.5,1.5
45.583,10.0214,-0.043,0.0447,0.0004,0.0004,0.0881,-0.0011,inf,1.5,1.5
45.583,10.0214,-0.043,0.0447,0.0004,0.0004,0.0891,0.0001,inf,1.5,1.5
45.583,10.0214,-0.043,0.0447,0.0004,0.0004,0.0878,0.0038,inf,1.5,1.5
45.617,10.0214,-0.043,0.0448,-0.0,-0.0023,0.088,0.001,inf,1.5,1.5
45.633,10.0214,-0.0429,0.0449,0.0003,-0.0097,0.0911,0.0035,inf,1.5,1.5
45.633,10.0214,-0.0429,0.0449,0.0003,-0.0097,0.0906,-0.0022,inf,1.5,1.5
45.633,10.0214,-0.0429,0.0449,0.0003,-0.0097,0.0899,-0.003,inf,1.5,1.5
45.667,10.0214,-0.0429,0.0447,-0.0005,-0.0176,0.0885,-0.0055,inf,1.5,1.5
45.667,10.0214,-0.0429,0.0447,-0.0005,-0.0176,0.0873,-0.0092,inf,1.5,1.5
45.683,10.0214,-0.0427,0.0442,-0.0006,-0.0348,0.0887,-0.0206,inf,1.5,1.5
45.7,10.0214,-0.0427,0.0441,0.0003,-0.0158,0.0875,-0.0267,inf,1.5,1.5
45.7,10.0214,-0.0427,0.0441,0.0003,-0.0158,0.0873,-0.0175,inf,1.5,1.5
45.7,10.0214,-0.0427,0.0441,0.0003,-0.0158,0.0888,-0.0119,inf,1.5,1.5
45.7,10.0214,-0.0427,0.0441,0.0003,-0.0158,0.0851,-0.0141,inf,1.5,1.5
45.733,10.0214,-0.0427,0.0442,0.0004,-0.0049,0.0874,-0.0041,inf,1.5,1.5
45.75,10.0214,-0.0426,0.0442,0.0006,0.0068,0.0869,0.0008,inf,1.5,1.5
45.75,10.0214,-0.0426,0.0442,0.0006,0.0068,0.0876,0.0046,inf,1.5,1.5
45.75,10.0214,-0.0426,0.0442,0.0006,0.0068,0.0852,0.0113,inf,1.5,1.5
45.783,10.0214,-0.0426,0.0444,-0.0004,-0.0249,0.086,0.0073,inf,1.5,1.5
45.783,10.0214,-0.0426,0.0444,-0.0004,-0.0249,0.0852,-0.0057,inf,1.5,1.5
45.8,10.0214,-0.0425,0.044,-0.0001,-0.0081,0.0894,-0.0045,inf,1.5,1.5
45.8,10.0214,-0.0425,0.044,-0.0001,-0.0081,0.0883,-0.005,inf,1.5,1.5
45.8,10.0214,-0.0425,0.044,-0.0001,-0.0081,0.0861,-0.0061,inf,1.5,1.5
45.833,10.0214,-0.0425,0.0441,0.0004,0.0121,0.0862,0.0076,inf,1.5,1.5
45.85,10.0214,-0.0425,0.0445,0.0008,-0.0017,0.0871,0.0144,inf,1.5,1.5
45.85,10.0214,-0.0425,0.0445,0.0008,-0.0017,0.0879,0.0057,inf,1.5,1.5
45.867,10.0214,-0.0425,0.0446,0.0003,0.005,0.0878,0.0056,inf,1.5,1.5
45.867,10.0214,-0.0425,0.0446,0.0003,0.005,0.0903,0.0035,inf,1.5,1.5
45.867,10.0214,-0.0425,0.0446,0.0003,0.005,0.0898,0.005,inf,1.5,1.5
45.9,10.0214,-0.0425,0.0449,0.0004,0.0047,0.0929,0.0073,inf,1.5,1.5
45.917,10.0214,-0.0425,0.0449,-0.0007,0.005,0.09,0.009,inf,1.5,1.5
45.917,10.0214,-0.0425,0.0449,-0.0007,0.005,0.0901,0.0077,inf,1.5,1.5
45.917,10.0214,-0.0425,0.0449,-0.0007,0.005,0.0883,0.0027,inf,1.5,1.5
45.95,10.0214,-0.0425,0.045,-0.0,-0.0006,0.087,0.0025,inf,1.5,1.5
45.95,10.0214,-0.0425,0.045,-0.0,-0.0006,0.0861,0.0002,inf,1.5,1.5
45.967,10.0214,-0.0424,0.0449,-0.0,-0.0075,0.0878,-0.0006,inf,1.5,1.5
45.967,10.0214,-0.0424,0.0449,-0.0,-0.0075,0.0904,-0.0053,inf,1.5,1.5
45.967,10.0214,-0.0424,0.0449,-0.0,-0.0075,0.0896,-0.005,inf,1.5,1.5
46.0,10.0214,-0.0424,0.0448,0.0029,-0.0188,0.0907,-0.0103,inf,1.5,1.5
46.017,10.0214,-0.0424,0.045,0.0005,0.0081,0.0906,-0.0111,inf,1.5,1.5
46.017,10.0214,-0.0424,0.045,0.0005,0.0081,0.0866,0.0031,inf,1.5,1.5
46.033,10.0214,-0.0424,0.0453,0.001,0.0055,0.0873,0.0085,inf,1.5,1.5
46.033,10.0214,-0.0424,0.0453,0.001,0.0055,0.084,0.0093,inf,1.5,1.5
46.033,10.0214,-0.0424,0.0453,0.001,0.0055,0.0846,0.0096,inf,1.5,1.5
46.067,10.0214,-0.0424,0.0454,0.0005,0.008,0.0827,0.0055,inf,1.5,1.5
46.067,10.0214,-0.0424,0.0454,0.0005,0.008,0.0854,0.0069,inf,1.5,1.5
46.083,10.0214,-0.0424,0.0456,0.0041,-0.019,0.0879,-0.0049,inf,1.5,1.5
46.083,10.0214,-0.0424,0.0456,0.0041,-0.019,0.0939,-0.0101,inf,1.5,1.5
46.083,10.0214,-0.0424,0.0456,0.0041,-0.019,0.091,-0.0128,inf,1.5,1.5
46.117,10.0214,-0.0423,0.0455,-0.0005,-0.0223,0.0894,-0.0176,inf,1.5,1.5
46.133,10.0214,-0.0423,0.0455,-0.0,0.0183,0.0883,-0.0179,inf,1.5,1.5
46.133,10.0214,-0.0423,0.0455,-0.0,0.0183,0.0891,0.0032,inf,1.5,1.5
46.133,10.0214,-0.0423,0.0455,-0.0,0.0183,0.0875,0.0173,inf,1.5,1.5
46.167,10.0214,-0.0423,0.0458,-0.0008,-0.0312,0.0883,-0.001,inf,1.5,1.5
46.183,10.0214,-0.0423,0.0457,-0.0001,-0.005,0.0863,-0.0142,inf,1.5,1.5
46.183,10.0214,-0.0423,0.0457,-0.0001,-0.005,0.0874,-0.0124,inf,1.5,1.5
46.2,10.0214,-0.0422,0.0457,-0.0004,-0.0181,0.0881,-0.0092,inf,1.5,1.5
46.2,10.0214,-0.0422,0.0457,-0.0004,-0.0181,0.0892,-0.0115,inf,1.5,1.5
46.2,10.0214,-0.0422,0.0457,-0.0004,-0.0181,0.0866,-0.0124,inf,1.5,1.5
46.233,10.0214,-0.0422,0.0458,0.0,0.0012,0.086,-0.011,inf,1.5,1.5
46.233,10.0214,-0.0422,0.0458,0.0,0.0012,0.087,-0.0029,inf,1.5,1.5
46.25,10.0214,-0.0422,0.046,0.0003,-0.0033,0.0877,0.0009,inf,1.5,1.5
46.25,10.0214,-0.0422,0.046,0.0003,-0.0033,0.0858,0.004,inf,1.5,1.5
46.283,10.0214,-0.0422,0.0458,-0.0002,-0.0205,0.0882,0.0019,inf,1.5,1.5
46.283,10.0214,-0.0422,0.0458,-0.0002,-0.0205,0.0874,-0.0102,inf,1.5,1.5
46.3,10.0214,-0.0422,0.0462,0.0025,-0.0052,0.0893,-0.0129,inf,1.5,1.5
46.3,10.0214,-0.0422,0.0462,0.0025,-0.0052,0.0898,-0.0066,inf,1.5,1.5
46.3,10.0214,-0.0422,0.0462,0.0025,-0.0052,0.0924,-0.0115,inf,1.5,1.5
46.333,10.0214,-0.0422,0.0463,-0.0002,-0.0108,0.0909,-0.0133,inf,1.5,1.5
46.333,10.0214,-0.0422,0.0463,-0.0002,-0.0108,0.0896,-0.0179,inf,1.5,1.5
46.35,10.0214,-0.0421,0.0462,0.0,-0.0032,0.0874,-0.0148,inf,1.5,1.5
46.367,10.0214,-0.0421,0.0463,-0.0001,-0.009,0.0885,-0.0149,inf,1.5,1.5
46.367,10.0214,-0.0421,0.0463,-0.0001,-0.009,0.0893,-0.0144,inf,1.5,1.5
46.367,10.0214,-0.0421,0.0463,-0.0001,-0.009,0.0877,-0.0168,inf,1.5,1.5
46.4,10.0214,-0.0421,0.0463,-0.0002,-0.0036,0.0905,-0.0146,inf,1.5,1.5
46.4,10.0214,-0.0421,0.0463,-0.0002,-0.0036,0.0871,-0.0139,inf,1.5,1.5
46.417,10.0214,-0.042,0.0463,-0.0003,-0.0217,0.0865,-0.0216,inf,1.5,1.5
46.417,10.0214,-0.042,0.0463,-0.0003,-0.0217,0.0844,-0.0228,inf,1.5,1.5
46.417,10.0214,-0.042,0.0463,-0.0003,-0.0217,0.0864,-0.0288,inf,1.5,1.5
46.45,10.0214,-0.042,0.0462,-0.0004,-0.0144,0.087,-0.0251,inf,1.5,1.5
46.467,10.0214,-0.0419,0.046,-0.0008,-0.0392,0.0866,-0.0228,inf,1.5,1.5
46.467,10.0214,-0.0419,0.046,-0.0008,-0.0392,0.0863,-0.0259,inf,1.5,1.5
46.467,10.0214,-0.0419,0.046,-0.0008,-0.0392,0.0891,-0.0328,inf,1.5,1.5
46.5,10.0214,-0.0419,0.0459,0.0007,-0.0195,0.0926,-0.0412,inf,1.5,1.5
46.5,10.0214,-0.0419,0.0459,0.0007,-0.0195,0.0944,-0.0334,inf,1.5,1.5
46.517,10.0214,-0.0418,0.0458,0.0005,0.0171,0.093,-0.0291,inf,1.5,1.5
46.533,10.0214,-0.0418,0.0459,0.0004,0.0058,0.0903,-0.0044,inf,1.5,1.5
46.533,10.0214,-0.0418,0.0459,0.0004,0.0058,0.0914,0.0099,inf,1.5,1.5
46.533,10.0214,-0.0418,0.0459,0.0004,0.0058,0.0867,0.0162,inf,1.5,1.5
46.567,10.0214,-0.0418,0.046,0.0014,0.0086,0.0864,0.0119,inf,1.5,1.5
46.567,10.0214,-0.0418,0.046,0.0014,0.0086,0.0866,0.0084,inf,1.5,1.5
46.583,10.0214,-0.0418,0.046,0.0002,0.0059,0.0866,0.0046,inf,1.5,1.5
46.583,10.0214,-0.0418,0.046,0.0002,0.0059,0.084,0.0052,inf,1.5,1.5
46.583,10.0214,-0.0418,0.046,0.0002,0.0059,0.0839,0.0033,inf,1.5,1.5
46.617,10.0214,-0.0418,0.0463,0.0001,0.0005,0.0822,0.0039,inf,1.5,1.5
46.633,10.0214,-0.0418,0.0462,-0.0,0.017,0.084,0.0023,inf,1.5,1.5
46.633,10.0214,-0.0418,0.0462,-0.0,0.017,0.0834,0.0072,inf,1.5,1.5
46.633,10.0214,-0.0418,0.0462,-0.0,0.017,0.0843,0.0096,inf,1.5,1.5
46.633,10.0214,-0.0418,0.0462,-0.0,0.017,0.0874,0.0147,inf,1.5,1.5
46.667,10.0214,-0.0418,0.0465,0.0006,0.0234,0.086,0.0197,inf,1.5,1.5
46.683,10.0214,-0.0419,0.0472,-0.0007,-0.0073,0.0859,0.0212,inf,1.5,1.5
46.683,10.0214,-0.0419,0.0472,-0.0007,-0.0073,0.0869,0.0077,inf,1.5,1.5
46.7,10.0214,-0.0419,0.0474,0.0,-0.0025,0.0862,0.0031,inf,1.5,1.5
46.7,10.0214,-0.0419,0.0474,0.0,-0.0025,0.0898,0.0028,inf,1.5,1.5
46.7,10.0214,-0.0419,0.0474,0.0,-0.0025,0.0901,0.0022,inf,1.5,1.5
46.733,10.0214,-0.0419,0.0474,0.0,-0.003,0.0867,-0.0019,inf,1.5,1.5
46.75,10.0214,-0.0419,0.0477,-0.0002,-0.0095,0.0854,-0.0038,inf,1.5,1.5
46.75,10.0214,-0.0419,0.0477,-0.0002,-0.0095,0.0848,-0.0059,inf,1.5,1.5
46.75,10.0214,-0.0419,0.0477,-0.0002,-0.0095,0.087,-0.0187,inf,1.5,1.5
46.783,10.0214,-0.0418,0.0477,0.0005,-0.0101,0.0831,-0.0229,inf,1.5,1.5
46.783,10.0214,-0.0418,0.0477,0.0005,-0.0101,0.086,-0.0243,inf,1.5,1.5
46.8,10.0214,-0.0418,0.0479,-0.0004,0.0134,0.0844,-0.008,inf,1.5,1.5
46.8,10.0214,-0.0418,0.0479,-0.0004,0.0134,0.0878,-0.0006,inf,1.5,1.5
46.8,10.0214,-0.0418,0.0479,-0.0004,0.0134,0.0897,0.0059,inf,1.5,1.5
46.833,10.0214,-0.0418,0.0481,0.0006,0.0192,0.0896,0.0129,inf,1.5,1.5
46.85,10.0215,-0.0418,0.0484,0.0001,0.0012,0.0876,0.008,inf,1.5,1.5
46.85,10.0215,-0.0418,0.0484,0.0001,0.0012,0.0854,0.0001,inf,1.5,1.5
46.867,10.0215,-0.0419,0.0486,0.0003,0.0015,0.0841,-0.0079,inf,1.5,1.5
46.867,10.0215,-0.0419,0.0486,0.0003,0.0015,0.0849,-0.0064,inf,1.5,1.5
46.867,10.0215,-0.0419,0.0486,0.0003,0.0015,0.0892,-0.0092,inf,1.5,1.5
46.9,10.0215,-0.0419,0.0488,0.0006,0.0085,0.0861,-0.0014,inf,1.5,1.5
46.9,10.0215,-0.0419,0.0488,0.0006,0.0085,0.0853,-0.0038,inf,1.5,1.5
46.917,10.0215,-0.0419,0.0493,0.0003,0.0064,0.0878,-0.0019,inf,1.5,1.5
46.917,10.0215,-0.0419,0.0493,0.0003,0.0064,0.0865,-0.0016,inf,1.5,1.5
46.917,10.0215,-0.0419,0.0493,0.0003,0.0064,0.0858,-0.0015,inf,1.5,1.5
46.95,10.0215,-0.0419,0.0494,-0.0001,-0.0071,0.0854,-0.0074,inf,1.5,1.5
46.967,10.0215,-0.0418,0.0493,0.0003,-0.0025,0.0871,-0.0132,inf,1.5,1.5
46.967,10.0215,-0.0418,0.0493,0.0003,-0.0025,0.0867,-0.0105,inf,1.5,1.5
46.967,10.0215,-0.0418,0.0493,0.0003,-0.0025,0.0892,-0.0105,inf,1.5,1.5
47.0,10.0215,-0.0418,0.0495,0.0008,0.0029,0.0867,-0.0095,inf,1.5,1.5
47.0,10.0215,-0.0418,0.0495,0.0008,0.0029,0.087,-0.0067,inf,1.5,1.5
47.017,10.0215,-0.0418,0.0496,-0.0,-0.0103,0.0854,-0.0165,inf,1.5,1.5
47.033,10.0215,-0.0418,0.0495,-0.0013,-0.0046,0.0848,-0.017,inf,1.5,1.5
47.033,10.0215,-0.0418,0.0495,-0.0013,-0.0046,0.0834,-0.0204,inf,1.5,1.5
47.033,10.0215,-0.0418,0.0495,-0.0013,-0.0046,0.0835,-0.0187,inf,1.5,1.5
47.067,10.0215,-0.0418,0.0498,0.0002,0.0051,0.0841,-0.0151,inf,1.5,1.5
47.067,10.0215,-0.0418,0.0498,0.0002,0.0051,0.0872,-0.0059,inf,1.5,1.5
47.083,10.0215,-0.0418,0.0501,0.0002,0.0068,0.0896,-0.0055,inf,1.5,1.5
47.083,10.0215,-0.0418,0.0501,0.0002,0.0068,0.0865,-0.0039,inf,1.5,1.5
47.083,10.0215,-0.0418,0.0501,0.0002,0.0068,0.0853,0.0007,inf,1.5,1.5
47.117,10.0215,-0.0418,0.0503,0.0002,0.0119,0.083,0.0048,inf,1.5,1.5
47.133,10.0215,-0.0418,0.0505,-0.0006,-0.008,0.0837,0.0042,inf,1.5,1.5
47.133,10.0215,-0.0418,0.0505,-0.0006,-0.008,0.0855,-0.008,inf,1.5,1.5
47.133,10.0215,-0.0418,0.0505,-0.0006,-0.008,0.0834,-0.0124,inf,1.5,1.5
47.167,10.0215,-0.0418,0.0507,0.0,0.0028,0.0835,-0.0177,inf,1.5,1.5
47.167,10.0215,-0.0418,0.0507,0.0,0.0028,0.0861,-0.0106,inf,1.5,1.5
47.183,10.0215,-0.0418,0.051,0.0003,0.0051,0.0863,-0.0085,inf,1.5,1.5
47.2,10.0215,-0.0418,0.0511,0.0016,0.0206,0.0842,-0.0043,inf,1.5,1.5
47.2,10.0215,-0.0418,0.0511,0.0016,0.0206,0.0865,0.0035,inf,1.5,1.5
47.2,10.0215,-0.0418,0.0511,0.0016,0.0206,0.0868,0.004,inf,1.5,1.5
47.233,10.0215,-0.0418,0.0514,0.0004,0.0049,0.0877,0.0078,inf,1.5,1.5
47.233,10.0215,-0.0418,0.0514,0.0004,0.0049,0.0857,-0.001,inf,1.5,1.5
47.25,10.0215,-0.0418,0.0514,-0.0019,-0.0124,0.087,-0.0072,inf,1.5,1.5
47.25,10.0215,-0.0418,0.0514,-0.0019,-0.0124,0.0875,-0.0091,inf,1.5,1.5
47.25,10.0215,-0.0418,0.0514,-0.0019,-0.0124,0.0884,-0.0189,inf,1.5,1.5
47.283,10.0215,-0.0418,0.0515,-0.0,-0.0038,0.0884,-0.0234,inf,1.5,1.5
47.283,10.0215,-0.0418,0.0515,-0.0,-0.0038,0.0871,-0.0186,inf,1.5,1.5
47.3,10.0215,-0.0417,0.0516,0.0001,-0.0049,0.0835,-0.0137,inf,1.5,1.5
47.3,10.0215,-0.0417,0.0516,0.0001,-0.0049,0.0843,-0.0137,inf,1.5,1.5
47.3,10.0215,-0.0417,0.0516,0.0001,-0.0049,0.0858,-0.0114,inf,1.5,1.5
47.333,10.0215,-0.0417,0.0518,0.0002,0.0077,0.0871,-0.0078,inf,1.5,1.5
47.35,10.0215,-0.0417,0.0521,0.0004,0.0075,0.0859,-0.0053,inf,1.5,1.5
47.35,10.0215,-0.0417,0.0521,0.0004,0.0075,0.0856,-0.0021,inf,1.5,1.5
47.367,10.0215,-0.0417,0.0523,0.0003,0.0098,0.0906,0.0022,inf,1.5,1.5
47.367,10.0215,-0.0417,0.0523,0.0003,0.0098,0.0872,0.0042,inf,1.5,1.5
47.367,10.0215,-0.0417,0.0523,0.0003,0.0098,0.0868,0.0038,inf,1.5,1.5
47.367,10.0215,-0.0417,0.0523,0.0003,0.0098,0.0827,0.0027,inf,1.5,1.5
47.4,10.0215,-0.0417,0.0524,0.0001,-0.0036,0.084,0.0011,inf,1.5,1.5
47.4,10.0215,-0.0417,0.0524,0.0001,-0.0036,0.0826,-0.0065,inf,1.5,1.5
47.417,10.0215,-0.0417,0.0524,0.0019,0.0096,0.0838,-0.0042,inf,1.5,1.5
47.417,10.0215,-0.0417,0.0524,0.0019,0.0096,0.0826,-0.0032,inf,1.5,1.5
47.417,10.0215,-0.0417,0.0524,0.0019,0.0096,0.0869,-0.0015,inf,1.5,1.5
47.417,10.0215,-0.0417,0.0524,0.0019,0.0096,0.0858,-0.0025,inf,1.5,1.5
47.45,10.0215,-0.0416,0.0523,0.0005,-0.0248,0.0849,-0.0126,inf,1.5,1.5
47.467,10.0215,-0.0416,0.0524,0.0009,0.0361,0.0854,-0.0288,inf,1.5,1.5
47.467,10.0215,-0.0416,0.0524,0.0009,0.0361,0.0874,-0.0036,inf,1.5,1.5
47.467,10.0215,-0.0416,0.0524,0.0009,0.0361,0.0898,0.0121,inf,1.5,1.5
47.5,10.0215,-0.0416,0.0526,0.0004,0.0197,0.0889,0.0245,inf,1.5,1.5
47.5,10.0215,-0.0416,0.0526,0.0004,0.0197,0.0884,0.0156,inf,1.5,1.5
47.517,10.0215,-0.0417,0.053,0.0002,0.0088,0.0887,0.0078,inf,1.5,1.5
47.533,10.0215,-0.0417,0.0533,0.0004,0.0017,0.0865,0.0014,inf,1.5,1.5
47.533,10.0215,-0.0417,0.0533,0.0004,0.0017,0.0861,-0.0069,inf,1.5,1.5
47.533,10.0215,-0.0417,0.0533,0.0004,0.0017,0.0865,-0.0092,inf,1.5,1.5
47.567,10.0215,-0.0417,0.0534,0.0002,0.0073,0.088,-0.0126,inf,1.5,1.5
47.567,10.0215,-0.0417,0.0534,0.0002,0.0073,0.0875,-0.0053,inf,1.5,1.5
47.583,10.0215,-0.0417,0.0538,0.0005,0.0143,0.0888,-0.0074,inf,1.5,1.5
47.583,10.0215,-0.0417,0.0538,0.0005,0.0143,0.0886,-0.0029,inf,1.5,1.5
47.583,10.0215,-0.0417,0.0538,0.0005,0.0143,0.0885,0.0044,inf,1.5,1.5
47.617,10.0215,-0.0417,0.0541,0.0001,0.0084,0.0859,0.0062,inf,1.5,1.5
47.633,10.0216,-0.0417,0.0545,0.0001,0.0067,0.086,0.0064,inf,1.5,1.5
47.633,10.0216,-0.0417,0.0545,0.0001,0.0067,0.0836,0.0052,inf,1.5,1.5
47.633,10.0216,-0.0417,0.0545,0.0001,0.0067,0.0858,0.0039,inf,1.5,1.5
47.633,10.0216,-0.0417,0.0545,0.0001,0.0067,0.0876,-0.0024,inf,1.5,1.5
47.667,10.0216,-0.0417,0.0548,0.0013,-0.0003,0.0902,-0.0094,inf,1.5,1.5
47.683,10.0216,-0.0417,0.0549,0.0004,0.0048,0.0898,-0.0078,inf,1.5,1.5
47.683,10.0216,-0.0417,0.0549,0.0004,0.0048,0.0903,-0.0049,inf,1.5,1.5
47.7,10.0215,-0.0417,0.0552,-0.0004,0.0146,0.0888,-0.0003,inf,1.5,1.5
47.7,10.0215,-0.0417,0.0552,-0.0004,0.0146,0.0887,0.0014,inf,1.5,1.5
47.7,10.0215,-0.0417,0.0552,-0.0004,0.0146,0.0886,0.0004,inf,1.5,1.5
47.733,10.0216,-0.0417,0.0553,-0.0,0.0024,0.0886,-0.0066,inf,1.5,1.5
47.75,10.0216,-0.0417,0.0556,0.0004,0.0038,0.0869,-0.0096,inf,1.5,1.5
47.75,10.0216,-0.0417,0.0556,0.0004,0.0038,0.0902,-0.0112,inf,1.5,1.5
47.75,10.0216,-0.0417,0.0556,0.0004,0.0038,0.0876,-0.0087,inf,1.5,1.5
47.783,10.0216,-0.0417,0.0556,0.0001,-0.0135,0.0848,-0.0066,inf,1.5,1.5
47.783,10.0216,-0.0417,0.0556,0.0001,-0.0135,0.0857,-0.0147,inf,1.5,1.5
47.8,10.0216,-0.0416,0.0557,0.0048,-0.0553,0.0898,-0.0389,inf,1.5,1.5
47.8,10.0216,-0.0416,0.0557,0.0048,-0.0553,0.0899,-0.0491,inf,1.5,1.5
47.833,10.0215,-0.0416,0.0557,-0.0013,0.0146,0.09,-0.0568,inf,1.5,1.5
47.833,10.0215,-0.0416,0.0557,-0.0013,0.0146,0.0893,-0.0207,inf,1.5,1.5
47.85,10.0216,-0.0417,0.0564,0.0003,-0.0019,0.087,-0.0077,inf,1.5,1.5
47.85,10.0216,-0.0417,0.0564,0.0003,-0.0019,0.0871,-0.0077,inf,1.5,1.5
47.867,10.0216,-0.0417,0.0565,0.0001,0.0055,0.0868,-0.0071,inf,1.5,1.5
47.867,10.0216,-0.0417,0.0565,0.0001,0.0055,0.0854,-0.003,inf,1.5,1.5
47.867,10.0216,-0.0417,0.0565,0.0001,0.0055,0.0853,-0.0073,inf,1.5,1.5
47.9,10.0216,-0.0416,0.0564,-0.0027,-0.0191,0.086,-0.0147,inf,1.5,1.5
47.917,10.0216,-0.0416,0.0568,0.0004,0.0202,0.0853,-0.0217,inf,1.5,1.5
47.917,10.0216,-0.0416,0.0568,0.0004,0.0202,0.0845,-0.0042,inf,1.5,1.5
47.917,10.0216,-0.0416,0.0568,0.0004,0.0202,0.0868,0.0019,inf,1.5,1.5
47.95,10.0216,-0.0416,0.0568,-0.003,-0.0128,0.0851,0.0119,inf,1.5,1.5
47.95,10.0216,-0.0416,0.0568,-0.003,-0.0128,0.083,-0.0083,inf,1.5,1.5
47.967,10.0216,-0.0416,0.0569,-0.0002,-0.0011,0.0861,-0.0084,inf,1.5,1.5
47.967,10.0216,-0.0416,0.0569,-0.0002,-0.0011,0.0839,-0.0133,inf,1.5,1.5
47.967,10.0216,-0.0416,0.0569,-0.0002,-0.0011,0.0845,-0.0147,inf,1.5,1.5
48.0,10.0216,-0.0416,0.057,0.0003,0.0112,0.0858,-0.0032,inf,1.5,1.5
48.017,10.0216,-0.0416,0.0573,0.0004,0.0079,0.092,-0.0015,inf,1.5,1.5
48.017,10.0216,-0.0416,0.0573,0.0004,0.0079,0.0896,-0.0011,inf,1.5,1.5
48.033,10.0216,-0.0415,0.0574,0.0006,0.0184,0.0899,0.004,inf,1.5,1.5
48.033,10.0216,-0.0415,0.0574,0.0006,0.0184,0.0878,0.0082,inf,1.5,1.5
48.033,10.0216,-0.0415,0.0574,0.0006,0.0184,0.0861,0.0029,inf,1.5,1.5
48.067,10.0216,-0.0416,0.0577,0.0009,0.0183,0.0862,0.0054,inf,1.5,1.5
48.083,10.0216,-0.0416,0.0582,-0.0,0.0634,0.085,0.0032,inf,1.5,1.5
48.083,10.0216,-0.0416,0.0582,-0.0,0.0634,0.084,0.0307,inf,1.5,1.5
48.083,10.0216,-0.0416,0.0582,-0.0,0.0634,0.0821,0.0449,inf,1.5,1.5
48.117,10.0216,-0.0417,0.0585,0.0009,0.0378,0.0835,0.0464,inf,1.5,1.5
48.117,10.0216,-0.0417,0.0585,0.0009,0.0378,0.0831,0.0308,inf,1.5,1.5
48.133,10.0216,-0.0417,0.0586,-0.0002,-0.017,0.0858,0.0308,inf,1.5,1.5
48.133,10.0216,-0.0417,0.0586,-0.0002,-0.017,0.087,-0.0061,inf,1.5,1.5
48.133,10.0216,-0.0417,0.0586,-0.0002,-0.017,0.0859,-0.0167,inf,1.5,1.5
48.167,10.0216,-0.0417,0.0585,-0.0002,-0.0225,0.0875,-0.0336,inf,1.5,1.5
48.183,10.0216,-0.0417,0.0589,0.0003,0.0174,0.0881,-0.0321,inf,1.5,1.5
48.183,10.0216,-0.0417,0.0589,0.0003,0.0174,0.0905,-0.0143,inf,1.5,1.5
48.2,10.0216,-0.0417,0.0591,0.0004,0.0128,0.0909,-0.0041,inf,1.5,1.5
48.2,10.0216,-0.0417,0.0591,0.0004,0.0128,0.0881,0.0016,inf,1.5,1.5
48.2,10.0216,-0.0417,0.0591,0.0004,0.0128,0.0889,0.0023,inf,1.5,1.5
48.233,10.0216,-0.0417,0.0594,0.0006,-0.0042,0.0868,-0.0042,inf,1.5,1.5
48.233,10.0216,-0.0417,0.0594,0.0006,-0.0042,0.0858,-0.0116,inf,1.5,1.5
48.25,10.0216,-0.0417,0.0596,-0.0,-0.0049,0.0867,-0.013,inf,1.5,1.5
48.25,10.0216,-0.0417,0.0596,-0.0,-0.0049,0.0872,-0.0143,inf,1.5,1.5
48.25,10.0216,-0.0417,0.0596,-0.0,-0.0049,0.089,-0.0172,inf,1.5,1.5
48.283,10.0216,-0.0417,0.0597,0.0001,0.0026,0.0852,-0.0118,inf,1.5,1.5
48.3,10.0216,-0.0416,0.0598,0.0001,0.0021,0.0885,-0.0117,inf,1.5,1.5
48.3,10.0216,-0.0416,0.0598,0.0001,0.0021,0.085,-0.0088,inf,1.5,1.5
48.3,10.0216,-0.0416,0.0598,0.0001,0.0021,0.0873,-0.0062,inf,1.5,1.5
48.333,10.0216,-0.0416,0.0598,0.0005,0.0141,0.0878,-0.0082,inf,1.5,1.5
48.333,10.0216,-0.0416,0.0598,0.0005,0.0141,0.0876,0.0009,inf,1.5,1.5
48.35,10.0216,-0.0416,0.06,0.0005,-0.001,0.0852,-0.0052,inf,1.5,1.5
48.367,10.0216,-0.0415,0.0601,0.0,0.0009,0.0875,-0.0094,inf,1.5,1.5
48.367,10.0216,-0.0415,0.0601,0.0,0.0009,0.0891,-0.0138,inf,1.5,1.5
48.367,10.0216,-0.0415,0.0601,0.0,0.0009,0.0889,-0.0121,inf,1.5,1.5
48.4,10.0216,-0.0415,0.0602,0.0004,-0.0089,0.0894,-0.0097,inf,1.5,1.5
48.4,10.0216,-0.0415,0.0602,0.0004,-0.0089,0.0884,-0.0142,inf,1.5,1.5
48.417,10.0216,-0.0415,0.0602,0.0004,-0.0153,0.0879,-0.0173,inf,1.5,1.5
48.417,10.0216,-0.0415,0.0602,0.0004,-0.0153,0.0869,-0.0192,inf,1.5,1.5
48.417,10.0216,-0.0415,0.0602,0.0004,-0.0153,0.0861,-0.0209,inf,1.5,1.5
48.45,10.0216,-0.0415,0.0603,0.0001,-0.004,0.0868,-0.0232,inf,1.5,1.5
48.45,10.0216,-0.0415,0.0603,0.0001,-0.004,0.0869,-0.0158,inf,1.5,1.5
48.467,10.0216,-0.0415,0.0608,-0.0011,0.0086,0.0863,-0.0065,inf,1.5,1.5
48.467,10.0216,-0.0415,0.0608,-0.0011,0.0086,0.0838,-0.001,inf,1.5,1.5
48.467,10.0216,-0.0415,0.0608,-0.0011,0.0086,0.0854,0.0004,inf,1.5,1.5
48.5,10.0216,-0.0416,0.0611,0.0019,0.0164,0.0895,0.0009,inf,1.5,1.5
48.517,10.0216,-0.0417,0.0616,0.0001,0.0059,0.0887,-0.0013,inf,1.5,1.5
48.517,10.0216,-0.0417,0.0616,0.0001,0.0059,0.0867,-0.001,inf,1.5,1.5
48.533,10.0216,-0.0417,0.0619,0.0004,0.0049,0.0847,0.0002,inf,1.5,1.5
48.533,10.0216,-0.0417,0.0619,0.0004,0.0049,0.086,-0.0042,inf,1.5,1.5
48.533,10.0216,-0.0417,0.0619,0.0004,0.0049,0.0877,-0.0036,inf,1.5,1.5
48.567,10.0216,-0.0416,0.0619,0.0002,0.0008,0.086,-0.0068,inf,1.5,1.5
48.583,10.0216,-0.0416,0.0618,-0.0001,-0.0322,0.0869,-0.0053,inf,1.5,1.5
48.583,10.0216,-0.0416,0.0618,-0.0001,-0.0322,0.0848,-0.0251,inf,1.5,1.5
48.583,10.0216,-0.0416,0.0618,-0.0001,-0.0322,0.0845,-0.0371,inf,1.5,1.5
48.617,10.0216,-0.0416,0.062,0.0015,0.0294,0.0852,-0.0412,inf,1.5,1.5
48.617,10.0216,-0.0416,0.062,0.0015,0.0294,0.0863,-0.0106,inf,1.5,1.5
48.633,10.0216,-0.0416,0.0622,0.0003,0.0097,0.088,-0.003,inf,1.5,1.5
48.633,10.0216,-0.0416,0.0622,0.0003,0.0097,0.0872,0.0034,inf,1.5,1.5
48.633,10.0216,-0.0416,0.0622,0.0003,0.0097,0.0855,0.0018,inf,1.5,1.5
48.667,10.0216,-0.0415,0.0623,0.0004,0.0142,0.0868,-0.0012,inf,1.5,1.5
48.683,10.0216,-0.0415,0.0626,0.0001,0.0051,0.0875,-0.0026,inf,1.5,1.5
48.683,10.0216,-0.0415,0.0626,0.0001,0.0051,0.0876,-0.0049,inf,1.5,1.5
48.7,10.0216,-0.0415,0.0628,0.0002,0.014,0.0835,-0.0017,inf,1.5,1.5
48.7,10.0216,-0.0415,0.0628,0.0002,0.014,0.0851,-0.0065,inf,1.5,1.5
48.7,10.0216,-0.0415,0.0628,0.0002,0.014,0.0863,-0.0055,inf,1.5,1.5
48.733,10.0217,-0.0415,0.0629,0.0007,0.0341,0.0875,0.0105,inf,1.5,1.5
48.75,10.0217,-0.0416,0.0633,-0.0005,-0.0266,0.0872,0.0184,inf,1.5,1.5
48.75,10.0217,-0.0416,0.0633,-0.0005,-0.0266,0.0891,-0.0082,inf,1.5,1.5
48.75,10.0217,-0.0416,0.0633,-0.0005,-0.0266,0.0855,-0.0231,inf,1.5,1.5
48.783,10.0217,-0.0416,0.0632,-0.0008,-0.0336,0.0892,-0.0327,inf,1.5,1.5
48.783,10.0217,-0.0416,0.0632,-0.0008,-0.0336,0.087,-0.038,inf,1.5,1.5
48.8,10.0217,-0.0415,0.0634,0.0001,0.0052,0.0881,-0.0203,inf,1.5,1.5
48.8,10.0217,-0.0415,0.0634,0.0001,0.0052,0.0855,-0.0123,inf,1.5,1.5
48.8,10.0217,-0.0415,0.0634,0.0001,0.0052,0.0878,-0.007,inf,1.5,1.5
48.833,10.0217,-0.0416,0.0636,0.0001,-0.004,0.0866,-0.0116,inf,1.5,1.5
48.85,10.0217,-0.0415,0.0637,0.0002,-0.0045,0.085,-0.0118,inf,1.5,1.5
48.85,10.0217,-0.0415,0.0637,0.0002,-0.0045,0.0812,-0.0141,inf,1.5,1.5
48.867,10.0217,-0.0415,0.0638,0.0006,-0.0044,0.0837,-0.0145,inf,1.5,1.5
48.867,10.0217,-0.0415,0.0638,0.0006,-0.0044,0.0833,-0.0146,inf,1.5,1.5
48.867,10.0217,-0.0415,0.0638,0.0006,-0.0044,0.0843,-0.0167,inf,1.5,1.5
48.9,10.0217,-0.0414,0.0638,-0.0001,-0.0087,0.0844,-0.0143,inf,1.5,1.5
48.917,10.0217,-0.0414,0.0641,0.0002,0.0067,0.082,-0.0138,inf,1.5,1.5
48.917,10.0217,-0.0414,0.0641,0.0002,0.0067,0.0832,-0.0078,inf,1.5,1.5
48.917,10.0217,-0.0414,0.0641,0.0002,0.0067,0.0827,-0.0085,inf,1.5,1.5
48.95,10.0217,-0.0415,0.0644,0.0027,0.0399,0.0827,-0.0045,inf,1.5,1.5
48.95,10.0217,-0.0415,0.0644,0.0027,0.0399,0.0822,0.0148,inf,1.5,1.5
48.967,10.0217,-0.0415,0.0644,0.0012,0.0325,0.0861,0.0223,inf,1.5,1.5
48.967,10.0217,-0.0415,0.0644,0.0012,0.0325,0.0851,0.0205,inf,1.5,1.5
48.967,10.0217,-0.0415,0.0644,0.0012,0.0325,0.0868,0.0195,inf,1.5,1.5
49.0,10.0217,-0.0415,0.0648,-0.0005,-0.0232,0.0822,-0.0119,inf,1.5,1.5
49.017,10.0217,-0.0415,0.0649,0.0003,-0.0013,0.0809,-0.0236,inf,1.5,1.5
49.017,10.0217,-0.0415,0.0649,0.0003,-0.0013,0.0809,-0.0156,inf,1.5,1.5
49.033,10.0217,-0.0415,0.065,0.0002,-0.0036,0.0842,-0.0157,inf,1.5,1.5
49.033,10.0217,-0.0415,0.065,0.0002,-0.0036,0.0863,-0.0129,inf,1.5,1.5
49.033,10.0217,-0.0415,0.065,0.0002,-0.0036,0.0847,-0.0097,inf,1.5,1.5
49.067,10.0217,-0.0415,0.0651,0.0002,0.0043,0.0826,-0.0134,inf,1.5,1.5
49.067,10.0217,-0.0415,0.0651,0.0002,0.0043,0.085,-0.0104,inf,1.5,1.5
49.083,10.0217,-0.0415,0.0655,0.001,0.002,0.0902,-0.0091,inf,1.5,1.5
49.083,10.0217,-0.0415,0.0655,0.001,0.002,0.0899,-0.0091,inf,1.5,1.5
49.083,10.0217,-0.0415,0.0655,0.001,0.002,0.0866,-0.0086,inf,1.5,1.5
49.117,10.0217,-0.0415,0.0655,0.0,0.0043,0.0845,-0.0086,inf,1.5,1.5
49.133,10.0217,-0.0415,0.0661,0.0012,0.0016,0.083,-0.0068,inf,1.5,1.5
49.133,10.0217,-0.0415,0.0661,0.0012,0.0016,0.0837,-0.0076,inf,1.5,1.5
49.133,10.0217,-0.0415,0.0661,0.0012,0.0016,0.086,-0.0026,inf,1.5,1.5
49.167,10.0217,-0.0415,0.0661,0.0001,0.0057,0.0869,-0.0069,inf,1.5,1.5
49.167,10.0217,-0.0415,0.0661,0.0001,0.0057,0.0869,-0.005,inf,1.5,1.5
49.183,10.0217,-0.0414,0.0663,-0.0011,0.022,0.0847,0.0033,inf,1.5,1.5
49.2,10.0217,-0.0414,0.0665,0.0003,0.0111,0.0821,0.0071,inf,1.5,1.5
49.2,10.0217,-0.0414,0.0665,0.0003,0.0111,0.0824,0.0077,inf,1.5,1.5
49.2,10.0217,-0.0414,0.0665,0.0003,0.0111,0.0841,0.0027,inf,1.5,1.5
49.233,10.0217,-0.0415,0.0669,0.0004,-0.0082,0.0865,0.0009,inf,1.5,1.5
49.233,10.0217,-0.0415,0.0669,0.0004,-0.0082,0.0867,-0.0093,inf,1.5,1.5
49.25,10.0217,-0.0414,0.0672,0.0001,0.0096,0.0877,-0.0073,inf,1.5,1.5
49.25,10.0217,-0.0414,0.0672,0.0001,0.0096,0.0852,-0.0058,inf,1.5,1.5
49.25,10.0217,-0.0414,0.0672,0.0001,0.0096,0.0888,-0.0029,inf,1.5,1.5
49.283,10.0217,-0.0415,0.0675,0.0017,-0.0007,0.0891,-0.0063,inf,1.5,1.5
49.3,10.0217,-0.0415,0.0678,0.0001,0.0134,0.09,-0.0078,inf,1.5,1.5
49.3,10.0217,-0.0415,0.0678,0.0001,0.0134,0.0897,-0.0049,inf,1.5,1.5
49.3,10.0217,-0.0415,0.0678,0.0001,0.0134,0.0901,0.0031,inf,1.5,1.5
49.333,10.0217,-0.0415,0.0681,0.0002,0.0022,0.088,0.0035,inf,1.5,1.5
49.333,10.0217,-0.0415,0.0681,0.0002,0.0022,0.0906,-0.0005,inf,1.5,1.5
49.35,10.0217,-0.0415,0.0683,0.0003,0.0072,0.0899,0.0014,inf,1.5,1.5
49.367,10.0217,-0.0414,0.0684,0.0004,0.0014,0.0868,0.0013,inf,1.5,1.5
49.367,10.0217,-0.0414,0.0684,0.0004,0.0014,0.0884,-0.0025,inf,1.5,1.5
49.367,10.0217,-0.0414,0.0684,0.0004,0.0014,0.0868,-0.0044,inf,1.5,1.5
49.4,10.0217,-0.0415,0.0687,0.0007,-0.0143,0.0863,-0.0129,inf,1.5,1.5
49.4,10.0217,-0.0415,0.0687,0.0007,-0.0143,0.0874,-0.02,inf,1.5,1.5
49.417,10.0217,-0.0415,0.0684,0.0033,0.0829,0.0857,0.0274,inf,1.5,1.5
49.417,10.0217,-0.0415,0.0684,0.0033,0.0829,0.089,0.0502,inf,1.5,1.5
49.417,10.0217,-0.0415,0.0684,0.0033,0.0829,0.0913,0.0613,inf,1.5,1.5
49.45,10.0217,-0.0414,0.0688,0.0006,0.0303,0.0919,0.0369,inf,1.5,1.5
49.467,10.0217,-0.0414,0.0689,-0.0,-0.0036,0.0889,0.0274,inf,1.5,1.5
49.467,10.0217,-0.0414,0.0689,-0.0,-0.0036,0.0869,-0.0039,inf,1.5,1.5
49.467,10.0217,-0.0414,0.0689,-0.0,-0.0036,0.0892,-0.0136,inf,1.5,1.5
49.5,10.0217,-0.0414,0.0689,-0.0,-0.0069,0.0864,-0.0174,inf,1.5,1.5
49.5,10.0217,-0.0414,0.0689,-0.0,-0.0069,0.0856,-0.016,inf,1.5,1.5
49.517,10.0217,-0.0413,0.0692,0.0,0.0013,0.0862,-0.0153,inf,1.5,1.5
49.533,10.0217,-0.0413,0.0691,0.0001,-0.0002,0.0878,-0.0104,inf,1.5,1.5
49.533,10.0217,-0.0413,0.0691,0.0001,-0.0002,0.0891,-0.0095,inf,1.5,1.5
49.533,10.0217,-0.0413,0.0691,0.0001,-0.0002,0.0874,-0.0096,inf,1.5,1.5
49.567,10.0217,-0.0413,0.0693,-0.0001,-0.0046,0.088,-0.0093,inf,1.5,1.5
49.567,10.0217,-0.0413,0.0693,-0.0001,-0.0046,0.0869,-0.0064,inf,1.5,1.5
49.583,10.0217,-0.0413,0.0697,0.0002,0.0058,0.0851,-0.006,inf,1.5,1.5
49.583,10.0217,-0.0413,0.0697,0.0002,0.0058,0.085,-0.0043,inf,1.5,1.5
49.583,10.0217,-0.0413,0.0697,0.0002,0.0058,0.0855,-0.0067,inf,1.5,1.5
49.617,10.0217,-0.0412,0.0697,0.0002,0.0121,0.0883,-0.0049,inf,1.5,1.5
49.633,10.0217,-0.0412,0.07,0.0,-0.0094,0.0827,-0.0038,inf,1.5,1.5
49.633,10.0217,-0.0412,0.07,0.0,-0.0094,0.0859,-0.0084,inf,1.5,1.5
49.633,10.0217,-0.0412,0.07,0.0,-0.0094,0.0866,-0.0133,inf,1.5,1.5
49.667,10.0217,-0.0412,0.0701,-0.0,-0.002,0.0832,-0.0139,inf,1.5,1.5
49.667,10.0217,-0.0412,0.0701,-0.0,-0.002,0.0832,-0.0128,inf,1.5,1.5
49.683,10.0217,-0.0412,0.0702,0.0002,-0.0041,0.0846,-0.0118,inf,1.5,1.5
49.7,10.0217,-0.0412,0.0703,-0.0,0.0026,0.0866,-0.0119,inf,1.5,1.5
49.7,10.0217,-0.0412,0.0703,-0.0,0.0026,0.0886,-0.0101,inf,1.5,1.5
49.7,10.0217,-0.0412,0.0703,-0.0,0.0026,0.0831,-0.0099,inf,1.5,1.5
49.733,10.0217,-0.0411,0.0704,0.0004,0.0068,0.0873,-0.0092,inf,1.5,1.5
49.733,10.0217,-0.0411,0.0704,0.0004,0.0068,0.0859,0.0003,inf,1.5,1.5
49.75,10.0217,-0.0412,0.0707,-0.0002,0.0077,0.0841,-0.0001,inf,1.5,1.5
49.75,10.0217,-0.0412,0.0707,-0.0002,0.0077,0.0857,-0.0003,inf,1.5,1.5
49.75,10.0217,-0.0412,0.0707,-0.0002,0.0077,0.0861,-0.0058,inf,1.5,1.5
49.783,10.0217,-0.0412,0.071,0.0001,0.0076,0.0851,-0.0052,inf,1.5,1.5
49.8,10.0217,-0.0412,0.0714,0.0005,0.0158,0.0841,-0.0042,inf,1.5,1.5
49.8,10.0217,-0.0412,0.0714,0.0005,0.0158,0.0832,0.0008,inf,1.5,1.5
49.8,10.0217,-0.0412,0.0714,0.0005,0.0158,0.0858,0.003,inf,1.5,1.5
49.833,10.0217,-0.0412,0.0716,0.0002,0.0094,0.0844,0.0037,inf,1.5,1.5
49.833,10.0217,-0.0412,0.0716,0.0002,0.0094,0.0836,0.0036,inf,1.5,1.5
49.85,10.0217,-0.0412,0.0721,0.0017,0.0695,0.0849,0.0006,inf,1.5,1.5
49.85,10.0217,-0.0412,0.0721,0.0017,0.0695,0.0851,0.0277,inf,1.5,1.5
49.867,10.0217,-0.0413,0.0723,-0.0007,-0.0112,0.0866,-0.0028,inf,1.5,1.5
49.867,10.0217,-0.0413,0.0723,-0.0007,-0.0112,0.0878,-0.0109,inf,1.5,1.5
49.867,10.0217,-0.0413,0.0723,-0.0007,-0.0112,0.0911,-0.0183,inf,1.5,1.5
49.9,10.0217,-0.0412,0.0722,0.0,-0.0026,0.0856,-0.0138,inf,1.5,1.5
49.9,10.0217,-0.0412,0.0722,0.0,-0.0026,0.0872,-0.0111,inf,1.5,1.5
49.917,10.0217,-0.0412,0.0723,-0.0,0.008,0.0888,-0.009,inf,1.5,1.5
49.917,10.0217,-0.0412,0.0723,-0.0,0.008,0.0889,-0.0028,inf,1.5,1.5
49.917,10.0217,-0.0412,0.0723,-0.0,0.008,0.0899,-0.0028,inf,1.5,1.5
49.95,10.0217,-0.0412,0.0725,0.0003,0.0139,0.0853,0.0019,inf,1.5,1.5
49.95,10.0217,-0.0412,0.0725,0.0003,0.0139,0.0872,-0.0011,inf,1.5,1.5
49.967,10.0217,-0.0411,0.0726,0.0012,0.0442,0.0887,0.0137,inf,1.5,1.5
49.967,10.0217,-0.0411,0.0726,0.0012,0.0442,0.0889,0.02,inf,1.5,1.5
49.967,10.0217,-0.0411,0.0726,0.0012,0.0442,0.0896,0.0194,inf,1.5,1.5
50.0,10.0217,-0.0412,0.0729,-0.0031,-0.0088,0.0879,-0.0055,inf,1.5,1.5
50.017,10.0217,-0.0413,0.0738,0.0002,-0.0,0.0851,-0.0199,inf,1.5,1.5
50.017,10.0217,-0.0413,0.0738,0.0002,-0.0,0.0875,-0.0191,inf,1.5,1.5
50.033,10.0217,-0.0412,0.0737,-0.0002,-0.009,0.0863,-0.0214,inf,1.5,1.5
50.033,10.0217,-0.0412,0.0737,-0.0002,-0.009,0.0868,-0.0225,inf,1.5,1.5
50.033,10.0217,-0.0412,0.0737,-0.0002,-0.009,0.0859,-0.0238,inf,1.5,1.5
50.067,10.0217,-0.0412,0.0738,0.0004,0.0176,0.0864,-0.0083,inf,1.5,1.5
50.083,10.0217,-0.0412,0.0741,-0.0025,-0.0041,0.0911,-0.0014,inf,1.5,1.5
50.083,10.0217,-0.0412,0.0741,-0.0025,-0.0041,0.0877,-0.0055,inf,1.5,1.5
50.083,10.0217,-0.0412,0.0741,-0.0025,-0.0041,0.0862,-0.0124,inf,1.5,1.5
50.117,10.0217,-0.0411,0.0741,0.0001,0.0039,0.0845,-0.0172,inf,1.5,1.5
50.117,10.0217,-0.0411,0.0741,0.0001,0.0039,0.0846,-0.0138,inf,1.5,1.5
50.133,10.0217,-0.0411,0.0742,0.0002,0.0124,0.0879,-0.0015,inf,1.5,1.5
50.133,10.0217,-0.0411,0.0742,0.0002,0.0124,0.0858,0.0024,inf,1.5,1.5
50.133,10.0217,-0.0411,0.0742,0.0002,0.0124,0.0847,0.0008,inf,1.5,1.5
50.167,10.0217,-0.0411,0.0746,0.0002,0.0017,0.0844,0.0006,inf,1.5,1.5
50.183,10.0217,-0.041,0.0746,0.0003,0.004,0.0867,-0.0032,inf,1.5,1.5
50.183,10.0217,-0.041,0.0746,0.0003,0.004,0.088,-0.0053,inf,1.5,1.5
50.2,10.0217,-0.041,0.0746,0.0012,0.0439,0.0871,-0.0058,inf,1.5,1.5
50.2,10.0217,-0.041,0.0746,0.0012,0.0439,0.0896,0.0138,inf,1.5,1.5
50.2,10.0217,-0.041,0.0746,0.0012,0.0439,0.0897,0.0199,inf,1.5,1.5
50.233,10.0217,-0.0411,0.0748,0.0009,0.041,0.0861,0.0232,inf,1.5,1.5
50.233,10.0217,-0.0411,0.0748,0.0009,0.041,0.085,0.0253,inf,1.5,1.5
50.25,10.0217,-0.041,0.0746,-0.0005,-0.0273,0.0851,-0.0051,inf,1.5,1.5
50.25,10.0217,-0.041,0.0746,-0.0005,-0.0273,0.0853,-0.0246,inf,1.5,1.5
50.25,10.0217,-0.041,0.0746,-0.0005,-0.0273,0.086,-0.0357,inf,1.5,1.5
50.283,10.0217,-0.041,0.0748,0.0016,0.0242,0.0853,-0.0094,inf,1.5,1.5
50.3,10.0217,-0.041,0.0751,0.0001,0.0058,0.0852,0.0022,inf,1.5,1.5
50.3,10.0217,-0.041,0.0751,0.0001,0.0058,0.0868,-0.0007,inf,1.5,1.5
50.3,10.0217,-0.041,0.0751,0.0001,0.0058,0.0875,-0.005,inf,1.5,1.5
50.333,10.0217,-0.041,0.0752,0.0001,-0.0012,0.0855,-0.0009,inf,1.5,1.5
50.333,10.0217,-0.041,0.0752,0.0001,-0.0012,0.086,0.0014,inf,1.5,1.5
50.35,10.0217,-0.041,0.0756,0.0002,0.0106,0.0884,0.0089,inf,1.5,1.5
50.367,10.0217,-0.041,0.0759,0.0004,0.0103,0.0872,0.0066,inf,1.5,1.5
50.367,10.0217,-0.041,0.0759,0.0004,0.0103,0.0885,0.007,inf,1.5,1.5
50.367,10.0217,-0.041,0.0759,0.0004,0.0103,0.0876,0.0104,inf,1.5,1.5
50.4,10.0217,-0.0409,0.076,0.0007,0.0043,0.0876,0.0091,inf,1.5,1.5
50.4,10.0217,-0.0409,0.076,0.0007,0.0043,0.0859,0.002,inf,1.5,1.5
50.417,10.0217,-0.0409,0.0762,-0.0002,0.0091,0.0848,0.0065,inf,1.5,1.5
50.417,10.0217,-0.0409,0.0762,-0.0002,0.0091,0.0841,0.0059,inf,1.5,1.5
50.417,10.0217,-0.0409,0.0762,-0.0002,0.0091,0.087,0.0063,inf,1.5,1.5
50.45,10.0217,-0.041,0.0765,0.0037,0.0248,0.089,0.0016,inf,1.5,1.5
50.467,10.0217,-0.041,0.0772,0.0001,0.0036,0.091,0.0113,inf,1.5,1.5
50.467,10.0217,-0.041,0.0772,0.0001,0.0036,0.0858,0.0034,inf,1.5,1.5
50.467,10.0217,-0.041,0.0772,0.0001,0.0036,0.0874,0.0032,inf,1.5,1.5
50.5,10.0217,-0.041,0.0771,0.0002,0.0077,0.0854,-0.004,inf,1.5,1.5
50.5,10.0217,-0.041,0.0771,0.0002,0.0077,0.087,-0.0001,inf,1.5,1.5
50.517,10.0217,-0.0409,0.0774,0.0001,0.0096,0.0852,-0.001,inf,1.5,1.5
50.517,10.0217,-0.0409,0.0774,0.0001,0.0096,0.0861,0.0038,inf,1.5,1.5
50.533,10.0217,-0.041,0.0777,0.0001,0.0064,0.0881,0.0007,inf,1.5,1.5
50.533,10.0217,-0.041,0.0777,0.0001,0.0064,0.0858,0.0022,inf,1.5,1.5
50.567,10.0217,-0.041,0.078,0.0002,-0.0009,0.0874,0.0009,inf,1.5,1.5
50.567,10.0217,-0.041,0.078,0.0002,-0.0009,0.0868,-0.0053,inf,1.5,1.5
50.583,10.0217,-0.0409,0.0783,0.0002,0.0001,0.0882,-0.0063,inf,1.5,1.5
50.583,10.0217,-0.0409,0.0783,0.0002,0.0001,0.0895,-0.0091,inf,1.5,1.5
50.583,10.0217,-0.0409,0.0783,0.0002,0.0001,0.0885,-0.0045,inf,1.5,1.5
50.617,10.0217,-0.0409,0.0783,0.0001,0.0087,0.0908,-0.0086,inf,1.5,1.5
50.633,10.0217,-0.0408,0.0785,0.0,0.0149,0.0894,0.0013,inf,1.5,1.5
50.633,10.0217,-0.0408,0.0785,0.0,0.0149,0.0872,0.0045,inf,1.5,1.5
50.633,10.0217,-0.0408,0.0785,0.0,0.0149,0.0837,0.0068,inf,1.5,1.5
50.667,10.0217,-0.0408,0.0787,0.0002,-0.0097,0.0836,0.0092,inf,1.5,1.5
50.667,10.0217,-0.0408,0.0787,0.0002,-0.0097,0.0841,-0.0007,inf,1.5,1.5
50.683,10.0217,-0.0408,0.0789,0.0009,0.0221,0.0847,-0.0103,inf,1.5,1.5
50.683,10.0217,-0.0408,0.0789,0.0009,0.0221,0.0875,0.0045,inf,1.5,1.5
50.7,10.0217,-0.0408,0.079,-0.0,0.0009,0.0873,-0.0065,inf,1.5,1.5
50.7,10.0217,-0.0408,0.079,-0.0,0.0009,0.0876,-0.0059,inf,1.5,1.5
50.7,10.0217,-0.0408,0.079,-0.0,0.0009,0.0872,-0.0051,inf,1.5,1.5
50.733,10.0217,-0.0407,0.0789,0.0004,0.0092,0.085,-0.0022,inf,1.5,1.5
50.75,10.0217,-0.0407,0.0791,0.0001,0.0211,0.0868,-0.0014,inf,1.5,1.5
50.75,10.0217,-0.0407,0.0791,0.0001,0.0211,0.0855,0.0108,inf,1.5,1.5
50.75,10.0217,-0.0407,0.0791,0.0001,0.0211,0.0826,0.0152,inf,1.5,1.5
50.783,10.0217,-0.0407,0.0794,-0.0005,0.0048,0.0845,0.0124,inf,1.5,1.5
50.783,10.0217,-0.0407,0.0794,-0.0005,0.0048,0.0845,0.0047,inf,1.5,1.5
50.8,10.0217,-0.0408,0.0801,0.0003,0.0164,0.0863,0.0089,inf,1.5,1.5
50.8,10.0217,-0.0408,0.0801,0.0003,0.0164,0.087,0.0128,inf,1.5,1.5
50.8,10.0217,-0.0408,0.0801,0.0003,0.0164,0.0861,0.0111,inf,1.5,1.5
50.833,10.0217,-0.0408,0.0803,0.0002,0.0092,0.0866,0.0037,inf,1.5,1.5
50.833,10.0217,-0.0408,0.0803,0.0002,0.0092,0.0881,0.0027,inf,1.5,1.5
50.85,10.0217,-0.0408,0.0808,-0.0003,0.0235,0.0865,0.0103,inf,1.5,1.5
50.867,10.0217,-0.0408,0.081,0.0003,0.0096,0.0871,0.0101,inf,1.5,1.5
50.867,10.0217,-0.0408,0.081,0.0003,0.0096,0.0885,0.0065,inf,1.5,1.5
50.867,10.0217,-0.0408,0.081,0.0003,0.0096,0.0868,0.0061,inf,1.5,1.5
50.9,10.0217,-0.0408,0.0813,0.0002,-0.0027,0.0888,0.0044,inf,1.5,1.5
50.9,10.0217,-0.0408,0.0813,0.0002,-0.0027,0.0873,0.0006,inf,1.5,1.5
50.917,10.0217,-0.0407,0.0814,0.0001,-0.0045,0.0898,-0.0046,inf,1.5,1.5
50.917,10.0217,-0.0407,0.0814,0.0001,-0.0045,0.0905,-0.0083,inf,1.5,1.5
50.917,10.0217,-0.0407,0.0814,0.0001,-0.0045,0.0871,-0.0061,inf,1.5,1.5
50.917,10.0217,-0.0407,0.0814,0.0001,-0.0045,0.0858,-0.0081,inf,1.5,1.5
50.95,10.0217,-0.0407,0.0814,0.0,-0.0015,0.0848,-0.0093,inf,1.5,1.5
50.95,10.0217,-0.0407,0.0814,0.0,-0.0015,0.0862,-0.0083,inf,1.5,1.5
50.967,10.0217,-0.0407,0.0817,0.0004,0.0095,0.0844,0.0004,inf,1.5,1.5
50.967,10.0217,-0.0407,0.0817,0.0004,0.0095,0.0864,0.0036,inf,1.5,1.5
50.967,10.0217,-0.0407,0.0817,0.0004,0.0095,0.0882,0.0071,inf,1.5,1.5
51.0,10.0217,-0.0406,0.0817,0.0001,0.0075,0.089,0.007,inf,1.5,1.5
51.017,10.0217,-0.0406,0.0821,0.0,0.0222,0.0886,0.0091,inf,1.5,1.5
51.017,10.0217,-0.0406,0.0821,0.0,0.0222,0.0886,0.0091,inf,1.5,1.5
51.033,10.0217,-0.0406,0.0823,0.0003,0.0118,0.0871,0.011,inf,1.5,1.5
51.033,10.0217,-0.0406,0.0823,0.0003,0.0118,0.0852,0.0054,inf,1.5,1.5
51.033,10.0217,-0.0406,0.0823,0.0003,0.0118,0.0852,0.0046,inf,1.5,1.5
51.033,10.0217,-0.0406,0.0823,0.0003,0.0118,0.083,0.0059,inf,1.5,1.5
51.067,10.0217,-0.0406,0.0826,0.0002,-0.0045,0.0841,0.005,inf,1.5,1.5
51.083,10.0217,-0.0406,0.0828,0.0005,-0.0024,0.0858,-0.0031,inf,1.5,1.5
51.083,10.0217,-0.0406,0.0828,0.0005,-0.0024,0.086,-0.0065,inf,1.5,1.5
51.083,10.0217,-0.0406,0.0828,0.0005,-0.0024,0.0873,-0.0076,inf,1.5,1.5
51.117,10.0217,-0.0406,0.0831,0.0013,0.0072,0.0895,-0.0043,inf,1.5,1.5
51.117,10.0217,-0.0406,0.0831,0.0013,0.0072,0.0882,-0.001,inf,1.5,1.5
51.133,10.0217,-0.0405,0.0832,0.0001,0.011,0.0857,-0.0022,inf,1.5,1.5
51.133,10.0217,-0.0405,0.0832,0.0001,0.011,0.0866,0.0028,inf,1.5,1.5
51.133,10.0217,-0.0405,0.0832,0.0001,0.011,0.0865,0.0021,inf,1.5,1.5
51.167,10.0217,-0.0405,0.0833,0.0003,-0.004,0.0872,0.0061,inf,1.5,1.5
51.167,10.0217,-0.0405,0.0833,0.0003,-0.004,0.0865,-0.001,inf,1.5,1.5
51.183,10.0217,-0.0405,0.0835,0.0001,0.0009,0.0854,-0.0032,inf,1.5,1.5
51.2,10.0217,-0.0404,0.0835,0.0002,0.009,0.0853,-0.0041,inf,1.5,1.5
51.2,10.0217,-0.0404,0.0835,0.0002,0.009,0.0869,-0.0014,inf,1.5,1.5
51.2,10.0217,-0.0404,0.0835,0.0002,0.009,0.0835,0.004,inf,1.5,1.5
51.233,10.0217,-0.0404,0.0838,0.0005,-0.0097,0.0822,0.0086,inf,1.5,1.5
51.233,10.0217,-0.0404,0.0838,0.0005,-0.0097,0.084,-0.0052,inf,1.5,1.5
51.25,10.0217,-0.0404,0.084,0.0002,-0.0135,0.0855,-0.0104,inf,1.5,1.5
51.25,10.0217,-0.0404,0.084,0.0002,-0.0135,0.0887,-0.0167,inf,1.5,1.5
51.25,10.0217,-0.0404,0.084,0.0002,-0.0135,0.0881,-0.0166,inf,1.5,1.5
51.283,10.0217,-0.0403,0.084,-0.0001,-0.0018,0.0896,-0.0097,inf,1.5,1.5
51.3,10.0217,-0.0403,0.0844,0.0,0.019,0.09,-0.0066,inf,1.5,1.5
51.3,10.0217,-0.0403,0.0844,0.0,0.019,0.0922,0.0104,inf,1.5,1.5
51.3,10.0217,-0.0403,0.0844,0.0,0.019,0.0907,0.0121,inf,1.5,1.5
51.333,10.0217,-0.0403,0.0847,0.0005,0.0035,0.0915,0.0164,inf,1.5,1.5
51.333,10.0217,-0.0403,0.0847,0.0005,0.0035,0.0878,0.0027,inf,1.5,1.5
51.35,10.0217,-0.0404,0.0849,0.0006,-0.0044,0.0868,-0.0046,inf,1.5,1.5
51.367,10.0217,-0.0403,0.0848,0.0004,-0.0035,0.088,-0.0148,inf,1.5,1.5
51.367,10.0217,-0.0403,0.0848,0.0004,-0.0035,0.0887,-0.0163,inf,1.5,1.5
51.367,10.0217,-0.0403,0.0848,0.0004,-0.0035,0.0883,-0.0087,inf,1.5,1.5
51.4,10.0217,-0.0403,0.085,0.0001,0.0041,0.0904,-0.009,inf,1.5,1.5
51.4,10.0217,-0.0403,0.085,0.0001,0.0041,0.0912,-0.0008,inf,1.5,1.5
51.417,10.0217,-0.0403,0.0852,0.0002,-0.0017,0.0913,0.003,inf,1.5,1.5
51.417,10.0217,-0.0403,0.0852,0.0002,-0.0017,0.0906,0.0021,inf,1.5,1.5
51.417,10.0217,-0.0403,0.0852,0.0002,-0.0017,0.0867,0.0017,inf,1.5,1.5
51.45,10.0217,-0.0402,0.0852,0.0003,0.0046,0.0886,-0.0001,inf,1.5,1.5
51.467,10.0217,-0.0401,0.0854,-0.0,0.0049,0.0851,0.0002,inf,1.5,1.5
51.467,10.0217,-0.0401,0.0854,-0.0,0.0049,0.0877,0.0005,inf,1.5,1.5
51.467,10.0217,-0.0401,0.0854,-0.0,0.0049,0.0877,-0.0052,inf,1.5,1.5
51.5,10.0217,-0.0401,0.0857,0.0002,0.0035,0.0865,-0.0068,inf,1.5,1.5
51.5,10.0217,-0.0401,0.0857,0.0002,0.0035,0.0859,-0.0052,inf,1.5,1.5
51.517,10.0217,-0.0401,0.0859,0.0002,0.019,0.0824,-0.0023,inf,1.5,1.5
51.517,10.0217,-0.0401,0.0859,0.0002,0.019,0.0863,0.007,inf,1.5,1.5
51.533,10.0217,-0.0401,0.086,0.0004,0.0214,0.0878,0.0125,inf,1.5,1.5
51.533,10.0217,-0.0401,0.086,0.0004,0.0214,0.0892,0.0167,inf,1.5,1.5
51.567,10.0217,-0.0401,0.0863,-0.005,0.0701,0.09,0.0166,inf,1.5,1.5
51.567,10.0217,-0.0401,0.0863,-0.005,0.0701,0.0859,0.0423,inf,1.5,1.5
51.583,10.0217,-0.0402,0.087,0.0007,-0.0056,0.0835,0.0514,inf,1.5,1.5
51.583,10.0217,-0.0402,0.087,0.0007,-0.0056,0.0846,0.0192,inf,1.5,1.5
51.583,10.0217,-0.0402,0.087,0.0007,-0.0056,0.0841,0.0019,inf,1.5,1.5
51.617,10.0217,-0.0401,0.087,0.0002,0.0,0.0819,-0.01,inf,1.5,1.5
51.617,10.0217,-0.0401,0.087,0.0002,0.0,0.0848,-0.0101,inf,1.5,1.5
51.633,10.0217,-0.0401,0.0873,0.0002,0.0036,0.0866,-0.0021,inf,1.5,1.5
51.633,10.0217,-0.0401,0.0873,0.0002,0.0036,0.0874,0.0007,inf,1.5,1.5
51.633,10.0217,-0.0401,0.0873,0.0002,0.0036,0.0856,-0.0028,inf,1.5,1.5
51.667,10.0217,-0.04,0.0873,0.0001,0.0069,0.0869,-0.003,inf,1.5,1.5
51.683,10.0217,-0.04,0.0875,0.0002,0.0038,0.0873,-0.0051,inf,1.5,1.5
51.7,10.0217,-0.04,0.0877,0.0003,-0.0037,0.0897,-0.0003,inf,1.5,1.5
51.7,10.0217,-0.04,0.0877,0.0003,-0.0037,0.0883,-0.005,inf,1.5,1.5
51.7,10.0217,-0.04,0.0877,0.0003,-0.0037,0.0865,-0.01,inf,1.5,1.5
51.733,10.0216,-0.0399,0.0876,0.0,0.0084,0.088,-0.0099,inf,1.5,1.5
51.733,10.0216,-0.0399,0.0876,0.0,0.0084,0.0884,-0.0009,inf,1.5,1.5
51.75,10.0216,-0.0399,0.0879,0.0001,-0.0007,0.0866,0.0041,inf,1.5,1.5
51.75,10.0216,-0.0399,0.0879,0.0001,-0.0007,0.0859,0.0019,inf,1.5,1.5
51.75,10.0216,-0.0399,0.0879,0.0001,-0.0007,0.0845,-0.0043,inf,1.5,1.5
51.783,10.0216,-0.0399,0.0881,0.0005,-0.0005,0.0838,-0.0078,inf,1.5,1.5
51.8,10.0216,-0.0398,0.0883,0.0002,-0.0016,0.0838,-0.0036,inf,1.5,1.5
51.8,10.0216,-0.0398,0.0883,0.0002,-0.0016,0.0842,-0.0064,inf,1.5,1.5
51.8,10.0216,-0.0398,0.0883,0.0002,-0.0016,0.0842,-0.0068,inf,1.5,1.5
51.833,10.0216,-0.0398,0.0884,0.0001,0.0062,0.0841,-0.0078,inf,1.5,1.5
51.833,10.0216,-0.0398,0.0884,0.0001,0.0062,0.0901,-0.0024,inf,1.5,1.5
51.833,10.0216,-0.0398,0.0884,0.0001,0.0062,0.0894,0.0068,inf,1.5,1.5
51.85,10.0216,-0.0397,0.0886,0.0004,-0.0144,0.0891,0.0006,inf,1.5,1.5
51.85,10.0216,-0.0397,0.0886,0.0004,-0.0144,0.0879,-0.0093,inf,1.5,1.5
51.867,10.0216,-0.0397,0.0886,0.0014,0.0781,0.0874,0.0292,inf,1.5,1.5
51.867,10.0216,-0.0397,0.0886,0.0014,0.0781,0.087,0.0513,inf,1.5,1.5
51.867,10.0216,-0.0397,0.0886,0.0014,0.0781,0.0862,0.0603,inf,1.5,1.5
51.9,10.0216,-0.0397,0.0889,-0.0003,-0.0044,0.0877,0.0221,inf,1.5,1.5
51.9,10.0216,-0.0397,0.0889,-0.0003,-0.0044,0.0905,-0.0011,inf,1.5,1.5
51.917,10.0216,-0.0397,0.0892,-0.0002,0.0807,0.0884,0.0352,inf,1.5,1.5
51.917,10.0216,-0.0397,0.0892,-0.0002,0.0807,0.0882,0.0567,inf,1.5,1.5
51.917,10.0216,-0.0397,0.0892,-0.0002,0.0807,0.0861,0.0679,inf,1.5,1.5
51.95,10.0216,-0.0397,0.0893,0.0011,-0.0709,0.0877,-0.0091,inf,1.5,1.5
51.967,10.0216,-0.0397,0.0895,0.0001,0.0122,0.0919,-0.0471,inf,1.5,1.5
51.967,10.0216,-0.0397,0.0895,0.0001,0.0122,0.0925,-0.0267,inf,1.5,1.5
51.967,10.0216,-0.0397,0.0895,0.0001,0.0122,0.0923,-0.0096,inf,1.5,1.5
52.0,10.0216,-0.0397,0.0898,0.0004,0.0003,0.088,0.0012,inf,1.5,1.5
52.0,10.0216,-0.0397,0.0898,0.0004,0.0003,0.0905,0.0,inf,1.5,1.5
52.017,10.0216,-0.0397,0.0901,0.0001,0.0022,0.0836,-0.002,inf,1.5,1.5
52.033,10.0216,-0.0396,0.0901,-0.0,0.0063,0.0826,-0.0056,inf,1.5,1.5
52.033,10.0216,-0.0396,0.0901,-0.0,0.0063,0.0848,-0.0008,inf,1.5,1.5
52.033,10.0216,-0.0396,0.0901,-0.0,0.0063,0.0851,-0.001,inf,1.5,1.5
52.033,10.0216,-0.0396,0.0901,-0.0,0.0063,0.0872,0.0022,inf,1.5,1.5
52.067,10.0216,-0.0396,0.0902,0.0001,0.004,0.0877,0.0036,inf,1.5,1.5
52.067,10.0216,-0.0396,0.0902,0.0001,0.004,0.0912,-0.0003,inf,1.5,1.5
52.083,10.0216,-0.0395,0.0905,-0.0,0.0118,0.0878,0.0056,inf,1.5,1.5
52.083,10.0216,-0.0395,0.0905,-0.0,0.0118,0.0856,0.0045,inf,1.5,1.5
52.083,10.0216,-0.0395,0.0905,-0.0,0.0118,0.0849,0.003,inf,1.5,1.5
52.117,10.0216,-0.0395,0.0905,0.0001,0.0117,0.0852,0.0089,inf,1.5,1.5
52.133,10.0216,-0.0394,0.0908,0.0002,0.0097,0.0879,0.0036,inf,1.5,1.5
52.133,10.0216,-0.0394,0.0908,0.0002,0.0097,0.0855,0.0041,inf,1.5,1.5
52.133,10.0216,-0.0394,0.0908,0.0002,0.0097,0.0874,0.004,inf,1.5,1.5
52.167,10.0216,-0.0394,0.0909,0.0,0.0195,0.0882,0.0063,inf,1.5,1.5
52.167,10.0216,-0.0394,0.0909,0.0,0.0195,0.0873,0.008,inf,1.5,1.5
52.183,10.0216,-0.0394,0.0912,0.0004,0.0116,0.0896,0.01,inf,1.5,1.5
52.183,10.0216,-0.0394,0.0912,0.0004,0.0116,0.09,0.0017,inf,1.5,1.5
52.2,10.0216,-0.0394,0.0915,0.0003,0.0039,0.0922,-0.0017,inf,1.5,1.5
52.2,10.0216,-0.0394,0.0915,0.0003,0.0039,0.089,-0.002,inf,1.5,1.5
52.233,10.0216,-0.0393,0.0914,0.0001,0.0242,0.0918,-0.0026,inf,1.5,1.5
52.233,10.0216,-0.0393,0.0914,0.0001,0.0242,0.0877,0.008,inf,1.5,1.5
52.25,10.0216,-0.0394,0.0921,0.0007,-0.0073,0.0877,0.0147,inf,1.5,1.5
52.25,10.0216,-0.0394,0.0921,0.0007,-0.0073,0.0894,0.0006,inf,1.5,1.5
52.25,10.0216,-0.0394,0.0921,0.0007,-0.0073,0.0882,-0.0072,inf,1.5,1.5
52.283,10.0216,-0.0393,0.092,0.0,-0.0051,0.0851,-0.011,inf,1.5,1.5
52.283,10.0216,-0.0393,0.092,0.0,-0.0051,0.0847,-0.007,inf,1.5,1.5
52.3,10.0216,-0.0393,0.0923,0.0002,-0.0005,0.0835,-0.0067,inf,1.5,1.5
52.3,10.0216,-0.0393,0.0923,0.0002,-0.0005,0.0837,-0.0052,inf,1.5,1.5
52.3,10.0216,-0.0393,0.0923,0.0002,-0.0005,0.0845,-0.0024,inf,1.5,1.5
52.333,10.0216,-0.0392,0.0923,-0.0001,0.0111,0.0864,-0.0,inf,1.5,1.5
52.35,10.0216,-0.0392,0.0928,0.0003,0.0036,0.0855,-0.0004,inf,1.5,1.5
52.35,10.0216,-0.0392,0.0928,0.0003,0.0036,0.0866,-0.0047,inf,1.5,1.5
52.367,10.0216,-0.0392,0.0928,0.0001,0.0023,0.0885,-0.0045,inf,1.5,1.5
52.367,10.0216,-0.0392,0.0928,0.0001,0.0023,0.0863,-0.0019,inf,1.5,1.5
52.367,10.0216,-0.0392,0.0928,0.0001,0.0023,0.0853,-0.0032,inf,1.5,1.5
52.4,10.0216,-0.0391,0.0929,0.0006,0.0011,0.0863,-0.0004,inf,1.5,1.5
52.417,10.0215,-0.0391,0.0933,0.0008,-0.0023,0.088,-0.0025,inf,1.5,1.5
52.417,10.0215,-0.0391,0.0933,0.0008,-0.0023,0.088,-0.0021,inf,1.5,1.5
52.417,10.0215,-0.0391,0.0933,0.0008,-0.0023,0.0876,-0.0071,inf,1.5,1.5
52.45,10.0215,-0.039,0.0933,-0.0,0.0022,0.0881,-0.0083,inf,1.5,1.5
52.45,10.0215,-0.039,0.0933,-0.0,0.0022,0.0836,-0.0024,inf,1.5,1.5
52.467,10.0215,-0.039,0.0936,0.0002,0.0003,0.084,-0.0022,inf,1.5,1.5
52.467,10.0215,-0.039,0.0936,0.0002,0.0003,0.0863,-0.0046,inf,1.5,1.5
52.467,10.0215,-0.039,0.0936,0.0002,0.0003,0.0883,-0.0026,inf,1.5,1.5
52.5,10.0215,-0.039,0.0937,-0.0,0.0018,0.0902,-0.0025,inf,1.5,1.5
52.5,10.0215,-0.039,0.0937,-0.0,0.0018,0.0879,-0.0053,inf,1.5,1.5
52.517,10.0215,-0.0389,0.0939,0.0001,0.0025,0.085,-0.0088,inf,1.5,1.5
52.533,10.0215,-0.039,0.0942,0.0004,-0.0023,0.0857,-0.004,inf,1.5,1.5
52.533,10.0215,-0.039,0.0942,0.0004,-0.0023,0.085,-0.0054,inf,1.5,1.5
52.533,10.0215,-0.039,0.0942,0.0004,-0.0023,0.0861,-0.0035,inf,1.5,1.5
52.567,10.0215,-0.0389,0.0941,-0.0001,-0.0009,0.088,-0.0059,inf,1.5,1.5
52.567,10.0215,-0.0389,0.0941,-0.0001,-0.0009,0.0865,0.0004,inf,1.5,1.5
52.583,10.0215,-0.0388,0.0942,-0.0,-0.0119,0.086,-0.0103,inf,1.5,1.5
52.583,10.0215,-0.0388,0.0942,-0.0,-0.0119,0.0861,-0.0148,inf,1.5,1.5
52.583,10.0215,-0.0388,0.0942,-0.0,-0.0119,0.0857,-0.0218,inf,1.5,1.5
52.617,10.0215,-0.0388,0.0945,0.0,0.0242,0.0867,0.0005,inf,1.5,1.5
52.633,10.0215,-0.0387,0.0947,0.0003,-0.0001,0.0883,-0.0042,inf,1.5,1.5
52.633,10.0215,-0.0387,0.0947,0.0003,-0.0001,0.0879,-0.0014,inf,1.5,1.5
52.633,10.0215,-0.0387,0.0947,0.0003,-0.0001,0.0902,-0.0018,inf,1.5,1.5
52.667,10.0215,-0.0387,0.0949,0.0001,0.0032,0.088,-0.0005,inf,1.5,1.5
52.683,10.0215,-0.0387,0.0951,-0.0001,-0.0004,0.0862,-0.0039,inf,1.5,1.5
52.683,10.0215,-0.0387,0.0951,-0.0001,-0.0004,0.0851,-0.0052,inf,1.5,1.5
52.7,10.0215,-0.0387,0.0953,0.0004,0.0165,0.0843,0.0049,inf,1.5,1.5
52.7,10.0215,-0.0387,0.0953,0.0004,0.0165,0.085,0.0081,inf,1.5,1.5
52.7,10.0215,-0.0387,0.0953,0.0004,0.0165,0.0833,0.0114,inf,1.5,1.5
52.733,10.0215,-0.0387,0.0954,0.0004,0.0044,0.0839,0.0028,inf,1.5,1.5
52.75,10.0215,-0.0386,0.0955,-0.0016,-0.0143,0.0858,0.0001,inf,1.5,1.5
52.75,10.0215,-0.0386,0.0955,-0.0016,-0.0143,0.0865,-0.0166,inf,1.5,1.5
52.75,10.0215,-0.0386,0.0955,-0.0016,-0.0143,0.0849,-0.0207,inf,1.5,1.5
52.783,10.0215,-0.0387,0.0957,-0.0024,0.0416,0.0852,-0.023,inf,1.5,1.5
52.783,10.0215,-0.0387,0.0957,-0.0024,0.0416,0.0837,0.0092,inf,1.5,1.5
52.8,10.0215,-0.0386,0.0959,0.0001,0.0038,0.0842,0.0243,inf,1.5,1.5
52.8,10.0215,-0.0386,0.0959,0.0001,0.0038,0.0878,0.0093,inf,1.5,1.5
52.8,10.0215,-0.0386,0.0959,0.0001,0.0038,0.0883,0.0017,inf,1.5,1.5
52.833,10.0215,-0.0386,0.0961,0.0002,-0.0078,0.0899,-0.0156,inf,1.5,1.5
52.85,10.0215,-0.0386,0.0963,0.0003,-0.0143,0.0881,-0.0162,inf,1.5,1.5
52.85,10.0215,-0.0386,0.0963,0.0003,-0.0143,0.0863,-0.0175,inf,1.5,1.5
52.867,10.0215,-0.0386,0.0962,0.0001,0.0056,0.0885,-0.019,inf,1.5,1.5
52.867,10.0215,-0.0386,0.0962,0.0001,0.0056,0.0907,-0.007,inf,1.5,1.5
52.867,10.0215,-0.0386,0.0962,0.0001,0.0056,0.0877,-0.0037,inf,1.5,1.5
52.9,10.0215,-0.0386,0.0965,0.0003,-0.0066,0.091,0.0007,inf,1.5,1.5
52.9,10.0215,-0.0386,0.0965,0.0003,-0.0066,0.0894,-0.0026,inf,1.5,1.5
52.917,10.0215,-0.0385,0.0966,0.0001,0.0143,0.0875,0.0055,inf,1.5,1.5
52.917,10.0215,-0.0385,0.0966,0.0001,0.0143,0.0876,0.0054,inf,1.5,1.5
52.917,10.0215,-0.0385,0.0966,0.0001,0.0143,0.0868,0.0023,inf,1.5,1.5
52.95,10.0215,-0.0385,0.0967,0.0001,0.0015,0.0894,-0.0024,inf,1.5,1.5
52.967,10.0215,-0.0384,0.097,0.0002,0.0126,0.087,-0.0048,inf,1.5,1.5
52.967,10.0215,-0.0384,0.097,0.0002,0.0126,0.0877,-0.003,inf,1.5,1.5
52.967,10.0215,-0.0384,0.097,0.0002,0.0126,0.0879,-0.0019,inf,1.5,1.5
53.0,10.0215,-0.0384,0.0971,-0.0001,0.0153,0.0858,-0.0014,inf,1.5,1.5
53.0,10.0215,-0.0384,0.0971,-0.0001,0.0153,0.085,0.0028,inf,1.5,1.5
53.017,10.0214,-0.0383,0.0973,-0.0,0.0138,0.0871,0.002,inf,1.5,1.5
53.033,10.0214,-0.0383,0.0974,0.0,0.0192,0.0876,0.0051,inf,1.5,1.5
53.033,10.0214,-0.0383,0.0974,0.0,0.0192,0.0896,0.0104,inf,1.5,1.5
53.033,10.0214,-0.0383,0.0974,0.0,0.0192,0.088,0.0128,inf,1.5,1.5
53.067,10.0214,-0.0383,0.0977,0.0003,0.0013,0.0902,0.011,inf,1.5,1.5
53.067,10.0214,-0.0383,0.0977,0.0003,0.0013,0.0904,0.0007,inf,1.5,1.5
53.083,10.0214,-0.0382,0.0978,0.0001,0.0091,0.0905,0.0001,inf,1.5,1.5
53.083,10.0214,-0.0382,0.0978,0.0001,0.0091,0.0915,-0.0,inf,1.5,1.5
53.083,10.0214,-0.0382,0.0978,0.0001,0.0091,0.0892,-0.0001,inf,1.5,1.5
53.117,10.0214,-0.0382,0.0979,0.0,-0.0,0.0871,0.0013,inf,1.5,1.5
53.133,10.0214,-0.0382,0.0983,0.0001,0.0116,0.0844,-0.0029,inf,1.5,1.5
53.133,10.0214,-0.0382,0.0983,0.0001,0.0116,0.0821,0.0008,inf,1.5,1.5
53.133,10.0214,-0.0382,0.0983,0.0001,0.0116,0.0839,0.0067,inf,1.5,1.5
53.167,10.0214,-0.0381,0.0984,0.0006,0.0057,0.0836,0.004,inf,1.5,1.5
53.167,10.0214,-0.0381,0.0984,0.0006,0.0057,0.0834,-0.0017,inf,1.5,1.5
53.183,10.0214,-0.0381,0.0986,0.0001,0.0001,0.0844,-0.0053,inf,1.5,1.5
53.2,10.0214,-0.038,0.0986,-0.0001,0.0024,0.088,-0.0044,inf,1.5,1.5
53.2,10.0214,-0.038,0.0986,-0.0001,0.0024,0.0874,-0.0017,inf,1.5,1.5
53.2,10.0214,-0.038,0.0986,-0.0001,0.0024,0.0857,-0.0029,inf,1.5,1.5
53.233,10.0214,-0.038,0.0988,-0.0002,0.0182,0.0836,-0.004,inf,1.5,1.5
53.233,10.0214,-0.038,0.0988,-0.0002,0.0182,0.0847,0.0034,inf,1.5,1.5
53.25,10.0214,-0.038,0.0994,0.0016,0.0094,0.0848,0.0016,inf,1.5,1.5
53.25,10.0214,-0.038,0.0994,0.0016,0.0094,0.086,0.0004,inf,1.5,1.5
53.25,10.0214,-0.038,0.0994,0.0016,0.0094,0.0892,0.001,inf,1.5,1.5
53.283,10.0214,-0.0379,0.0995,-0.0,0.0131,0.0866,0.0013,inf,1.5,1.5
53.3,10.0214,-0.0378,0.0996,-0.0001,0.0024,0.086,-0.0022,inf,1.5,1.5
53.3,10.0214,-0.0378,0.0996,-0.0001,0.0024,0.0857,-0.0036,inf,1.5,1.5
53.3,10.0214,-0.0378,0.0996,-0.0001,0.0024,0.085,-0.0097,inf,1.5,1.5
