t,x,y,yaw,odom_vx,odom_wz,cmd_vx,cmd_wz,scan_ahead,us_left,us_right
11.4,0.0025,-0.0,0.0,0.0001,-0.0002,0.0,0.0,2.6063,1.5,1.5
11.417,0.0025,-0.0,0.0,0.0001,0.0,0.0375,0.0046,2.6063,1.5,1.5
11.417,0.0025,-0.0,0.0,0.0001,0.0,0.058,-0.0084,2.5981,1.5,1.5
11.417,0.0025,-0.0,0.0,0.0001,0.0,0.0737,-0.0009,2.5981,1.5,1.5
11.45,0.0028,-0.0,0.0,0.0298,-0.002,0.0753,0.0065,2.5981,1.5,1.5
11.45,0.0028,-0.0,0.0,0.0298,-0.002,0.0929,0.0032,2.5981,1.5,1.5
11.467,0.0036,0.0,0.0,0.0646,0.0009,0.1132,-0.0007,2.5981,1.5,1.5
11.467,0.0036,0.0,0.0,0.0646,0.0009,0.129,0.0007,2.5981,1.5,1.5
11.467,0.0036,0.0,0.0,0.0646,0.0009,0.1313,-0.0047,2.5981,1.5,1.5
11.5,0.0062,-0.0,0.0,0.0889,0.0002,0.1464,-0.0053,2.5981,1.5,1.5
11.517,0.008,-0.0,0.0,0.1207,-0.0013,0.1521,-0.0048,2.5981,1.5,1.5
11.517,0.008,-0.0,0.0,0.1207,-0.0013,0.1668,-0.0046,2.6252,1.5,1.5
11.533,0.0101,-0.0,0.0,0.1292,0.0018,0.1735,0.0011,2.6252,1.5,1.5
11.533,0.0101,-0.0,0.0,0.1292,0.0018,0.1821,0.0023,2.6252,1.5,1.5
11.533,0.0101,-0.0,0.0,0.1292,0.0018,0.1845,0.0032,2.6252,1.5,1.5
11.567,0.015,0.0,0.0,0.1628,0.0009,0.2042,-0.0001,2.6252,1.5,1.5
11.583,0.0178,-0.0,0.0,0.1712,-0.0014,0.2121,-0.0003,2.6252,1.5,1.5
11.583,0.0178,-0.0,0.0,0.1712,-0.0014,0.2228,-0.0019,2.6252,1.5,1.5
11.583,0.0178,-0.0,0.0,0.1712,-0.0014,0.2243,-0.003,2.6252,1.5,1.5
11.617,0.024,-0.0,0.0,0.1995,-0.0004,0.2281,-0.0026,2.6252,1.5,1.5
11.617,0.024,-0.0,0.0,0.1995,-0.0004,0.2281,-0.0026,2.6479,1.5,1.5
11.633,0.0275,-0.0,0.0,0.218,-0.0002,0.2502,-0.0022,2.6479,1.5,1.5
11.633,0.0275,-0.0,0.0,0.218,-0.0002,0.2598,-0.0025,2.6479,1.5,1.5
11.633,0.0275,-0.0,0.0,0.218,-0.0002,0.2651,-0.0041,2.6479,1.5,1.5
11.667,0.035,0.0,0.0,0.2271,-0.0001,0.272,-0.0034,2.6479,1.5,1.5
11.683,0.039,0.0,0.0,0.2454,-0.0004,0.2782,-0.0041,2.6479,1.5,1.5
11.683,0.039,0.0,0.0,0.2454,-0.0004,0.2809,-0.003,2.6479,1.5,1.5
11.7,0.0432,0.0,0.0,0.2568,0.0,0.2904,-0.0035,2.6479,1.5,1.5
11.7,0.0432,0.0,0.0,0.2568,0.0,0.2947,-0.0038,2.6479,1.5,1.5
11.7,0.0432,0.0,0.0,0.2568,0.0,0.297,0.0013,2.6111,1.5,1.5
11.733,0.0521,0.0,0.0,0.2763,0.0002,0.3057,0.0028,2.6111,1.5,1.5
11.75,0.0568,0.0,0.0,0.28,-0.0003,0.311,-0.0008,2.6111,1.5,1.5
11.75,0.0568,0.0,0.0,0.28,-0.0003,0.3168,0.0019,2.6111,1.5,1.5
11.75,0.0568,0.0,0.0,0.28,-0.0003,0.322,0.0021,2.6111,1.5,1.5
11.783,0.0665,0.0,0.0,0.296,-0.0013,0.3224,-0.0014,2.6111,1.5,1.5
11.783,0.0665,0.0,0.0,0.296,-0.0013,0.3302,-0.0025,2.6111,1.5,1.5
11.8,0.0715,0.0,0.0,0.308,-0.0002,0.3395,-0.0004,2.6111,1.5,1.5
11.8,0.0715,0.0,0.0,0.308,-0.0002,0.3469,0.0003,2.6111,1.5,1.5
11.833,0.0821,0.0,0.0,0.3207,-0.0007,0.3479,-0.0057,2.6157,1.5,1.5
11.833,0.0821,0.0,0.0,0.3207,-0.0007,0.3557,-0.0021,2.6157,1.5,1.5
11.85,0.0875,0.0,0.0,0.3284,0.0005,0.3595,-0.0033,2.6157,1.5,1.5
11.85,0.0875,0.0,0.0,0.3284,0.0005,0.367,-0.005,2.6157,1.5,1.5
11.867,0.0931,0.0,0.0,0.3373,-0.001,0.3721,-0.0015,2.6157,1.5,1.5
11.867,0.0931,0.0,0.0,0.3373,-0.001,0.3739,-0.0022,2.6157,1.5,1.5
11.867,0.0931,0.0,0.0,0.3373,-0.001,0.3761,-0.0014,2.6157,1.5,1.5
11.9,0.1046,0.0,0.0,0.3539,-0.0011,0.3812,-0.0036,2.6157,1.5,1.5
11.917,0.1106,0.0,0.0,0.3586,0.0003,0.3841,-0.0062,2.6157,1.5,1.5
11.917,0.1106,0.0,0.0,0.3586,0.0003,0.3874,-0.0023,2.6016,1.5,1.5
11.917,0.1106,0.0,0.0,0.3586,0.0003,0.3893,-0.0023,2.6016,1.5,1.5
11.95,0.1229,0.0,0.0,0.3733,-0.0,0.3897,-0.0041,2.6016,1.5,1.5
11.95,0.1229,0.0,0.0,0.3733,-0.0,0.3955,-0.0054,2.6016,1.5,1.5
11.967,0.1291,0.0,0.0,0.3799,-0.0002,0.4027,-0.0014,2.6016,1.5,1.5
11.967,0.1291,0.0,0.0,0.3799,-0.0002,0.4064,-0.0021,2.6016,1.5,1.5
11.967,0.1291,0.0,0.0,0.3799,-0.0002,0.4051,-0.0041,2.6016,1.5,1.5
12.0,0.1419,0.0,0.0,0.3869,-0.0007,0.4077,-0.0025,2.6016,1.5,1.5
12.0,0.1419,0.0,0.0,0.3869,-0.0007,0.4095,-0.0047,2.6016,1.5,1.5
12.017,0.1484,0.0,0.0,0.3895,0.0006,0.4123,-0.003,2.6016,1.5,1.5
12.017,0.1484,0.0,0.0,0.3895,0.0006,0.4133,-0.0002,2.6001,1.5,1.5
12.033,0.155,0.0,0.0,0.3946,-0.0001,0.4211,-0.0026,2.6001,1.5,1.5
12.033,0.155,0.0,0.0,0.3946,-0.0001,0.4251,-0.0009,2.6001,1.5,1.5
12.033,0.155,0.0,0.0,0.3946,-0.0001,0.4268,-0.0046,2.6001,1.5,1.5
12.067,0.1684,0.0,0.0,0.4054,0.0009,0.4323,-0.0046,2.6001,1.5,1.5
12.083,0.1752,0.0,0.0,0.4076,-0.0004,0.4372,-0.0042,2.6001,1.5,1.5
12.083,0.1752,0.0,0.0,0.4076,-0.0004,0.4375,-0.0066,2.6001,1.5,1.5
12.083,0.1752,0.0,0.0,0.4076,-0.0004,0.4376,-0.0044,2.6001,1.5,1.5
12.117,0.1889,0.0,0.0,0.4134,-0.001,0.4359,-0.0001,2.6001,1.5,1.5
12.117,0.1889,0.0,0.0,0.4134,-0.001,0.4329,0.0005,2.6138,1.5,1.5
12.133,0.1959,0.0,0.0,0.4231,-0.0005,0.4376,-0.0047,2.6138,1.5,1.5
12.133,0.1959,0.0,0.0,0.4231,-0.0005,0.4387,-0.0014,2.6138,1.5,1.5
12.133,0.1959,0.0,0.0,0.4231,-0.0005,0.4413,-0.0045,2.6138,1.5,1.5
12.167,0.2101,0.0,0.0,0.4315,-0.0004,0.4469,-0.0038,2.6138,1.5,1.5
12.183,0.2174,0.0,0.0,0.4367,0.0005,0.448,-0.0025,2.6138,1.5,1.5
12.183,0.2174,0.0,0.0,0.4367,0.0005,0.4525,-0.0026,2.6138,1.5,1.5
12.2,0.2247,0.0,0.0,0.4378,-0.0008,0.4538,-0.0025,2.6138,1.5,1.5
12.2,0.2247,0.0,0.0,0.4378,-0.0008,0.4551,-0.0023,2.6138,1.5,1.5
12.233,0.2392,0.0001,0.0,0.4372,-0.0001,0.4569,-0.0043,2.6309,1.5,1.5
12.233,0.2392,0.0001,0.0,0.4372,-0.0001,0.4583,-0.0058,2.6309,1.5,1.5
12.25,0.2465,0.0001,0.0,0.4387,-0.0017,0.4627,-0.0022,2.6309,1.5,1.5
12.25,0.2465,0.0001,0.0,0.4387,-0.0017,0.4605,-0.0015,2.6309,1.5,1.5
12.25,0.2465,0.0001,0.0,0.4387,-0.0017,0.4639,-0.002,2.6309,1.5,1.5
12.283,0.2613,0.0001,0.0,0.4476,-0.0016,0.4604,-0.007,2.6309,1.5,1.5
12.283,0.2613,0.0001,0.0,0.4476,-0.0016,0.4631,-0.003,2.6309,1.5,1.5
12.3,0.2688,0.0001,0.0,0.4526,-0.0016,0.466,-0.003,2.6309,1.5,1.5
12.3,0.2688,0.0001,0.0,0.4526,-0.0016,0.468,-0.0021,2.6309,1.5,1.5
12.3,0.2688,0.0001,0.0,0.4526,-0.0016,0.4734,-0.004,2.6013,1.5,1.5
12.333,0.284,0.0001,0.0,0.4564,-0.0014,0.4758,-0.0022,2.6013,1.5,1.5
12.35,0.2917,0.0001,0.0,0.4614,-0.0027,0.4755,-0.0007,2.6013,1.5,1.5
12.35,0.2917,0.0001,0.0,0.4614,-0.0027,0.4775,-0.0051,2.6013,1.5,1.5
12.367,0.2993,0.0001,0.0,0.4607,-0.002,0.4792,-0.0013,2.6013,1.5,1.5
12.367,0.2993,0.0001,0.0,0.4607,-0.002,0.4767,-0.0024,2.6013,1.5,1.5
12.367,0.2993,0.0001,0.0,0.4607,-0.002,0.4767,0.001,2.6013,1.5,1.5
12.4,0.3147,0.0001,0.0,0.4623,-0.0036,0.4765,-0.0048,2.6013,1.5,1.5
12.417,0.3224,0.0001,0.0,0.465,-0.0031,0.4799,-0.0065,2.6013,1.5,1.5
12.417,0.3224,0.0001,0.0,0.465,-0.0031,0.4812,-0.0043,2.6013,1.5,1.5
12.417,0.3224,0.0001,0.0,0.465,-0.0031,0.4838,-0.0055,2.6388,1.5,1.5
12.417,0.3224,0.0001,0.0,0.465,-0.0031,0.4838,-0.0063,2.6388,1.5,1.5
12.417,0.3224,0.0001,0.0,0.465,-0.0031,0.4845,-0.0033,2.6388,1.5,1.5
12.45,0.3381,0.0001,0.0,0.4746,-0.0037,0.4845,-0.0046,2.6388,1.5,1.5
12.467,0.3461,0.0001,-0.0007,0.4765,-0.0027,0.4892,-0.0052,2.6388,1.5,1.5
12.467,0.3461,0.0001,-0.0007,0.4765,-0.0027,0.4882,-0.0031,2.6388,1.5,1.5
12.467,0.3461,0.0001,-0.0007,0.4765,-0.0027,0.4919,0.0004,2.6388,1.5,1.5
12.5,0.362,0.0001,-0.0007,0.4766,-0.0038,0.4899,-0.0034,2.6388,1.5,1.5
12.5,0.362,0.0001,-0.0007,0.4766,-0.0038,0.4904,-0.0051,2.6388,1.5,1.5
12.517,0.3699,0.0001,-0.0007,0.4762,-0.0037,0.4922,-0.0057,2.6388,1.5,1.5
12.533,0.3779,0.0001,-0.001,0.4788,-0.0039,0.4939,-0.0037,2.6051,1.5,1.5
12.533,0.3779,0.0001,-0.001,0.4788,-0.0039,0.4951,-0.0047,2.6051,1.5,1.5
12.533,0.3779,0.0001,-0.001,0.4788,-0.0039,0.4931,-0.0043,2.6051,1.5,1.5
12.567,0.394,0.0001,-0.0012,0.4832,-0.0035,0.4907,-0.0043,2.6051,1.5,1.5
12.567,0.394,0.0001,-0.0012,0.4832,-0.0035,0.4938,-0.0028,2.6051,1.5,1.5
12.583,0.402,0.0002,-0.0012,0.484,-0.0049,0.4941,-0.0086,2.6051,1.5,1.5
12.583,0.402,0.0002,-0.0012,0.484,-0.0049,0.494,-0.0084,2.6051,1.5,1.5
12.583,0.402,0.0002,-0.0012,0.484,-0.0049,0.4952,-0.0059,2.6051,1.5,1.5
12.617,0.4183,0.0002,-0.0012,0.4907,-0.0058,0.4982,-0.0019,2.6051,1.5,1.5
12.633,0.4265,0.0002,-0.0012,0.4903,-0.0034,0.4977,-0.0073,2.6364,1.5,1.5
12.633,0.4265,0.0002,-0.0012,0.4903,-0.0034,0.4995,-0.01,2.6364,1.5,1.5
12.633,0.4265,0.0002,-0.0012,0.4903,-0.0034,0.4991,-0.0084,2.6364,1.5,1.5
12.667,0.4429,0.0001,-0.0014,0.4934,-0.0047,0.4996,-0.0087,2.6364,1.5,1.5
12.683,0.4511,0.0001,-0.0015,0.4932,-0.004,0.4993,-0.0077,2.6364,1.5,1.5
12.683,0.4511,0.0001,-0.0015,0.4932,-0.004,0.4999,-0.0051,2.6364,1.5,1.5
12.7,0.4593,0.0001,-0.0014,0.4912,-0.004,0.5,-0.0009,2.6364,1.5,1.5
12.7,0.4593,0.0001,-0.0014,0.4912,-0.004,0.4995,-0.0054,2.6364,1.5,1.5
12.7,0.4593,0.0001,-0.0014,0.4912,-0.004,0.4982,-0.0068,2.6364,1.5,1.5
12.733,0.4758,0.0001,-0.0015,0.494,-0.0039,0.4996,-0.0064,2.645,1.5,1.5
12.75,0.484,0.0001,-0.0017,0.4952,-0.0043,0.4999,-0.0102,2.645,1.5,1.5
12.75,0.484,0.0001,-0.0017,0.4952,-0.0043,0.4986,-0.0072,2.645,1.5,1.5
12.75,0.484,0.0001,-0.0017,0.4952,-0.0043,0.498,-0.0017,2.645,1.5,1.5
12.783,0.5006,0.0001,-0.0018,0.4994,-0.0039,0.4975,-0.002,2.645,1.5,1.5
12.783,0.5006,0.0001,-0.0018,0.4994,-0.0039,0.4996,-0.0036,2.645,1.5,1.5
12.8,0.509,0.0001,-0.0018,0.4997,-0.0035,0.5,-0.0035,2.645,1.5,1.5
12.8,0.509,0.0001,-0.0018,0.4997,-0.0035,0.4999,-0.0071,2.645,1.5,1.5
12.8,0.509,0.0001,-0.0018,0.4997,-0.0035,0.5,-0.0063,2.645,1.5,1.5
12.833,0.5256,0.0001,-0.0018,0.5005,-0.0052,0.5,-0.0086,2.6168,1.5,1.5
12.833,0.5256,0.0001,-0.0018,0.5005,-0.0052,0.5,-0.0085,2.6168,1.5,1.5
12.85,0.534,0.0001,-0.002,0.4991,-0.0026,0.5,-0.006,2.6168,1.5,1.5
12.867,0.5423,0.0001,-0.002,0.5001,-0.0036,0.5,-0.0084,2.6168,1.5,1.5
12.867,0.5423,0.0001,-0.002,0.5001,-0.0036,0.5,-0.0066,2.6168,1.5,1.5
12.867,0.5423,0.0001,-0.002,0.5001,-0.0036,0.5,-0.0063,2.6168,1.5,1.5
12.9,0.559,0.0001,-0.002,0.4989,-0.0041,0.5,-0.0095,2.6168,1.5,1.5
12.9,0.559,0.0001,-0.002,0.4989,-0.0041,0.4999,-0.0141,2.6168,1.5,1.5
12.917,0.5673,0.0,-0.0021,0.4984,-0.0032,0.5,-0.008,2.6168,1.5,1.5
12.917,0.5673,0.0,-0.0021,0.4984,-0.0032,0.4995,-0.0085,2.6494,1.5,1.5
12.917,0.5673,0.0,-0.0021,0.4984,-0.0032,0.4999,-0.0046,2.6494,1.5,1.5
12.95,0.5839,0.0,-0.0023,0.5006,-0.0037,0.5,-0.0061,2.6494,1.5,1.5
12.967,0.5923,0.0,-0.0023,0.5007,-0.0031,0.5,-0.007,2.6494,1.5,1.5
12.967,0.5923,0.0,-0.0023,0.5007,-0.0031,0.4998,-0.0063,2.6494,1.5,1.5
12.967,0.5923,0.0,-0.0023,0.5007,-0.0031,0.5,-0.0052,2.6494,1.5,1.5
13.0,0.609,-0.0,-0.0023,0.5007,-0.0026,0.5,-0.0032,2.6494,1.5,1.5
13.017,0.6173,-0.0,-0.0025,0.5006,-0.0034,0.5,-0.0033,2.6494,1.5,1.5
13.017,0.6173,-0.0,-0.0025,0.5006,-0.0034,0.5,-0.0079,2.6337,1.5,1.5
13.033,0.6257,-0.0,-0.0025,0.5006,-0.0026,0.5,-0.0053,2.6337,1.5,1.5
13.033,0.6257,-0.0,-0.0025,0.5006,-0.0026,0.5,-0.0045,2.6337,1.5,1.5
13.033,0.6257,-0.0,-0.0025,0.5006,-0.0026,0.5,-0.0021,2.6337,1.5,1.5
13.067,0.6423,-0.0,-0.0028,0.5,-0.0035,0.5,-0.0056,2.6337,1.5,1.5
13.083,0.6507,-0.0001,-0.0028,0.5002,-0.0048,0.5,-0.0026,2.6337,1.5,1.5
13.083,0.6507,-0.0001,-0.0028,0.5002,-0.0048,0.5,-0.0082,2.6337,1.5,1.5
13.083,0.6507,-0.0001,-0.0028,0.5002,-0.0048,0.5,-0.0084,2.6337,1.5,1.5
13.117,0.6673,-0.0001,-0.0031,0.5002,-0.0048,0.5,-0.0076,2.6337,1.5,1.5
13.117,0.6673,-0.0001,-0.0031,0.5002,-0.0048,0.5,-0.0102,2.6337,1.5,1.5
13.133,0.6757,-0.0001,-0.0032,0.5001,-0.0054,0.5,-0.0104,2.6625,1.5,1.5
13.133,0.6757,-0.0001,-0.0032,0.5001,-0.0054,0.5,-0.0059,2.6625,1.5,1.5
13.133,0.6757,-0.0001,-0.0032,0.5001,-0.0054,0.5,-0.006,2.6625,1.5,1.5
13.167,0.6923,-0.0001,-0.0034,0.5,-0.0058,0.5,-0.0024,2.6625,1.5,1.5
13.183,0.7007,-0.0001,-0.0035,0.4999,-0.0063,0.5,0.0006,2.6625,1.5,1.5
13.183,0.7007,-0.0001,-0.0035,0.4999,-0.0063,0.5,-0.0001,2.6625,1.5,1.5
13.2,0.709,-0.0001,-0.0036,0.4999,-0.0053,0.5,-0.0024,2.6625,1.5,1.5
13.2,0.709,-0.0001,-0.0036,0.4999,-0.0053,0.5,-0.0039,2.6625,1.5,1.5
13.2,0.709,-0.0001,-0.0036,0.4999,-0.0053,0.5,-0.0021,2.6367,1.5,1.5
13.233,0.7257,-0.0001,-0.0038,0.4998,-0.0064,0.5,-0.005,2.6367,1.5,1.5
13.25,0.734,-0.0002,-0.004,0.4996,-0.0071,0.5,-0.0067,2.6367,1.5,1.5
13.25,0.734,-0.0002,-0.004,0.4996,-0.0071,0.5,-0.0077,2.6367,1.5,1.5
13.25,0.734,-0.0002,-0.004,0.4996,-0.0071,0.5,-0.0106,2.6367,1.5,1.5
13.283,0.7507,-0.0002,-0.0042,0.4995,-0.007,0.5,-0.0089,2.6367,1.5,1.5
13.283,0.7507,-0.0002,-0.0042,0.4995,-0.007,0.4996,-0.0091,2.6367,1.5,1.5
13.3,0.759,-0.0002,-0.0043,0.4995,-0.0088,0.4999,-0.0105,2.6367,1.5,1.5
13.3,0.759,-0.0002,-0.0043,0.4995,-0.0088,0.5,-0.0106,2.6367,1.5,1.5
13.3,0.759,-0.0002,-0.0043,0.4995,-0.0088,0.4997,-0.0092,2.6353,1.5,1.5
13.333,0.7756,-0.0002,-0.0045,0.4995,-0.0072,0.5,-0.0088,2.6353,1.5,1.5
13.35,0.784,-0.0003,-0.0046,0.4995,-0.0078,0.5,-0.0054,2.6353,1.5,1.5
13.35,0.784,-0.0003,-0.0046,0.4995,-0.0078,0.5,-0.0055,2.6353,1.5,1.5
13.367,0.7923,-0.0003,-0.0047,0.4995,-0.0072,0.5,-0.0092,2.6353,1.5,1.5
13.367,0.7923,-0.0003,-0.0047,0.4995,-0.0072,0.5,-0.0076,2.6353,1.5,1.5
13.367,0.7923,-0.0003,-0.0047,0.4995,-0.0072,0.5,-0.0116,2.6353,1.5,1.5
13.4,0.8089,-0.0003,-0.0049,0.4996,-0.006,0.5,-0.0066,2.6353,1.5,1.5
13.417,0.8173,-0.0003,-0.005,0.4996,-0.0073,0.5,-0.0079,2.6353,1.5,1.5
13.417,0.8173,-0.0003,-0.005,0.4996,-0.0073,0.5,-0.0086,2.6546,1.5,1.5
13.417,0.8173,-0.0003,-0.005,0.4996,-0.0073,0.5,-0.0068,2.6546,1.5,1.5
13.45,0.8339,-0.0004,-0.0053,0.4997,-0.0067,0.5,-0.0106,2.6546,1.5,1.5
13.45,0.8339,-0.0004,-0.0053,0.4997,-0.0067,0.4998,-0.0066,2.6546,1.5,1.5
13.467,0.8423,-0.0004,-0.0053,0.4998,-0.0085,0.5,-0.0072,2.6546,1.5,1.5
13.467,0.8423,-0.0004,-0.0053,0.4998,-0.0085,0.5,-0.0025,2.6546,1.5,1.5
13.467,0.8423,-0.0004,-0.0053,0.4998,-0.0085,0.5,-0.0055,2.6546,1.5,1.5
13.5,0.8589,-0.0005,-0.0056,0.4999,-0.0068,0.5,-0.0044,2.6546,1.5,1.5
13.517,0.8673,-0.0005,-0.0057,0.5,-0.0064,0.5,-0.0054,2.6546,1.5,1.5
13.517,0.8673,-0.0005,-0.0057,0.5,-0.0064,0.5,-0.0024,2.6546,1.5,1.5
13.533,0.8756,-0.0005,-0.0058,0.5001,-0.008,0.5,0.0,2.6097,1.5,1.5
13.533,0.8756,-0.0005,-0.0058,0.5001,-0.008,0.5,-0.0016,2.6097,1.5,1.5
13.533,0.8756,-0.0005,-0.0058,0.5001,-0.008,0.5,0.0005,2.6097,1.5,1.5
13.567,0.8923,-0.0006,-0.006,0.5002,-0.0075,0.5,-0.0032,2.6097,1.5,1.5
13.567,0.8923,-0.0006,-0.006,0.5002,-0.0075,0.5,-0.0035,2.6097,1.5,1.5
13.583,0.9006,-0.0006,-0.0061,0.5003,-0.0059,0.5,-0.0047,2.6097,1.5,1.5
13.583,0.9006,-0.0006,-0.0061,0.5003,-0.0059,0.5,-0.0055,2.6097,1.5,1.5
13.583,0.9006,-0.0006,-0.0061,0.5003,-0.0059,0.5,-0.0044,2.6097,1.5,1.5
13.617,0.9173,-0.0007,-0.0063,0.5005,-0.0064,0.5,0.0013,2.6097,1.5,1.5
13.633,0.9257,-0.0007,-0.0063,0.5005,-0.0069,0.5,-0.0016,2.6305,1.5,1.5
13.633,0.9257,-0.0007,-0.0063,0.5005,-0.0069,0.5,-0.0029,2.6305,1.5,1.5
13.633,0.9257,-0.0007,-0.0063,0.5005,-0.0069,0.5,-0.0044,2.6305,1.5,1.5
13.667,0.9424,-0.0008,-0.0065,0.5006,-0.0064,0.4995,-0.0041,2.6305,1.5,1.5
13.683,0.9507,-0.0009,-0.0066,0.5006,-0.0066,0.4999,-0.0012,2.6305,1.5,1.5
13.683,0.9507,-0.0009,-0.0066,0.5006,-0.0066,0.5,-0.003,2.6305,1.5,1.5
13.7,0.9591,-0.0009,-0.0066,0.5006,-0.005,0.5,-0.0007,2.6305,1.5,1.5
13.7,0.9591,-0.0009,-0.0066,0.5006,-0.005,0.5,-0.0054,2.6305,1.5,1.5
13.7,0.9591,-0.0009,-0.0066,0.5006,-0.005,0.5,-0.0064,2.6218,1.5,1.5
13.733,0.9758,-0.001,-0.0067,0.5007,-0.0052,0.5,-0.0026,2.6218,1.5,1.5
13.75,0.9841,-0.0011,-0.0068,0.5007,-0.0051,0.5,-0.0053,2.6218,1.5,1.5
13.75,0.9841,-0.0011,-0.0068,0.5007,-0.0051,0.5,-0.0022,2.6218,1.5,1.5
13.75,0.9841,-0.0011,-0.0068,0.5007,-0.0051,0.5,-0.002,2.6218,1.5,1.5
13.783,1.0008,-0.0012,-0.0069,0.5007,-0.0044,0.5,0.0015,2.6218,1.5,1.5
13.8,1.0091,-0.0012,-0.007,0.5004,-0.0041,0.5,-0.0001,2.6218,1.5,1.5
13.8,1.0091,-0.0012,-0.007,0.5004,-0.0041,0.5,-0.0026,2.6218,1.5,1.5
13.8,1.0091,-0.0012,-0.007,0.5004,-0.0041,0.5,-0.0023,2.6218,1.5,1.5
13.833,1.0258,-0.0013,-0.0071,0.5006,-0.0039,0.5,-0.0022,2.6006,1.5,1.5
13.833,1.0258,-0.0013,-0.0071,0.5006,-0.0039,0.5,-0.0016,2.6006,1.5,1.5
13.85,1.0342,-0.0013,-0.0072,0.5006,-0.0035,0.5,0.0011,2.6006,1.5,1.5
13.85,1.0342,-0.0013,-0.0072,0.5006,-0.0035,0.5,0.0004,2.6006,1.5,1.5
13.867,1.0425,-0.0014,-0.0073,0.5005,-0.0049,0.5,0.0019,2.6006,1.5,1.5
13.867,1.0425,-0.0014,-0.0073,0.5005,-0.0049,0.5,0.0011,2.6006,1.5,1.5
13.9,1.0592,-0.0015,-0.0075,0.5004,-0.0046,0.5,0.0003,2.6006,1.5,1.5
13.9,1.0592,-0.0015,-0.0075,0.5004,-0.0046,0.5,0.001,2.6006,1.5,1.5
13.917,1.0675,-0.0015,-0.0075,0.5003,-0.0054,0.5,-0.0003,2.6006,1.5,1.5
13.917,1.0675,-0.0015,-0.0075,0.5003,-0.0054,0.5,-0.0024,2.6351,1.5,1.5
13.917,1.0675,-0.0015,-0.0075,0.5003,-0.0054,0.5,-0.0034,2.6351,1.5,1.5
13.95,1.0842,-0.0016,-0.0076,0.5002,-0.0047,0.5,-0.0017,2.6351,1.5,1.5
13.967,1.0925,-0.0017,-0.0078,0.5001,-0.0048,0.5,-0.0027,2.6351,1.5,1.5
13.967,1.0925,-0.0017,-0.0078,0.5001,-0.0048,0.5,0.0019,2.6351,1.5,1.5
13.967,1.0925,-0.0017,-0.0078,0.5001,-0.0048,0.5,0.0008,2.6351,1.5,1.5
14.0,1.1092,-0.0018,-0.0079,0.4999,-0.005,0.5,0.0025,2.6351,1.5,1.5
14.0,1.1092,-0.0018,-0.0079,0.4999,-0.005,0.5,-0.0015,2.6351,1.5,1.5
14.017,1.1175,-0.0019,-0.008,0.4999,-0.0051,0.5,0.0015,2.6351,1.5,1.5
14.033,1.1259,-0.0019,-0.0081,0.4998,-0.0054,0.5,0.0004,2.604,1.5,1.5
14.033,1.1259,-0.0019,-0.0081,0.4998,-0.0054,0.5,-0.0014,2.604,1.5,1.5
14.033,1.1259,-0.0019,-0.0081,0.4998,-0.0054,0.5,-0.0038,2.604,1.5,1.5
14.033,1.1259,-0.0019,-0.0081,0.4998,-0.0054,0.4999,-0.0058,2.604,1.5,1.5
14.067,1.1425,-0.002,-0.0083,0.4996,-0.005,0.4999,-0.0077,2.604,1.5,1.5
14.083,1.1508,-0.0021,-0.0083,0.4996,-0.0056,0.5,-0.0033,2.604,1.5,1.5
14.083,1.1508,-0.0021,-0.0083,0.4996,-0.0056,0.5,-0.003,2.604,1.5,1.5
14.083,1.1508,-0.0021,-0.0083,0.4996,-0.0056,0.5,-0.0035,2.604,1.5,1.5
14.117,1.1675,-0.0022,-0.0085,0.4995,-0.0052,0.4997,-0.001,2.604,1.5,1.5
14.117,1.1675,-0.0022,-0.0085,0.4995,-0.0052,0.4999,0.0006,2.6596,1.5,1.5
14.133,1.1758,-0.0022,-0.0085,0.4995,-0.0057,0.5,-0.002,2.6596,1.5,1.5
14.133,1.1758,-0.0022,-0.0085,0.4995,-0.0057,0.5,-0.0021,2.6596,1.5,1.5
14.133,1.1758,-0.0022,-0.0085,0.4995,-0.0057,0.5,-0.0044,2.6596,1.5,1.5
14.167,1.1925,-0.0024,-0.0087,0.4995,-0.0054,0.5,-0.0073,2.6596,1.5,1.5
14.183,1.2008,-0.0024,-0.0088,0.4994,-0.0044,0.5,-0.0055,2.6596,1.5,1.5
14.183,1.2008,-0.0024,-0.0088,0.4994,-0.0044,0.4996,-0.0002,2.6596,1.5,1.5
14.2,1.2091,-0.0025,-0.0088,0.4995,-0.0043,0.4999,0.0012,2.6596,1.5,1.5
14.2,1.2091,-0.0025,-0.0088,0.4995,-0.0043,0.5,-0.0008,2.6596,1.5,1.5
14.2,1.2091,-0.0025,-0.0088,0.4995,-0.0043,0.5,0.0001,2.6041,1.5,1.5
14.233,1.2258,-0.0026,-0.009,0.4996,-0.0053,0.5,-0.0044,2.6041,1.5,1.5
14.25,1.2341,-0.0027,-0.009,0.4994,-0.0058,0.4998,-0.0012,2.6041,1.5,1.5
14.25,1.2341,-0.0027,-0.009,0.4994,-0.0058,0.5,-0.0034,2.6041,1.5,1.5
14.25,1.2341,-0.0027,-0.009,0.4994,-0.0058,0.5,-0.002,2.6041,1.5,1.5
14.283,1.2508,-0.0028,-0.0092,0.4998,-0.0045,0.5,-0.0017,2.6041,1.5,1.5
14.283,1.2508,-0.0028,-0.0092,0.4998,-0.0045,0.5,-0.0036,2.6041,1.5,1.5
14.3,1.2591,-0.0029,-0.0092,0.4999,-0.0043,0.5,-0.0002,2.6041,1.5,1.5
14.3,1.2591,-0.0029,-0.0092,0.4999,-0.0043,0.5,0.003,2.6041,1.5,1.5
14.3,1.2591,-0.0029,-0.0092,0.4999,-0.0043,0.5,0.002,2.5881,1.5,1.5
14.333,1.2758,-0.003,-0.0093,0.4999,-0.0048,0.5,0.0007,2.5881,1.5,1.5
14.35,1.2841,-0.0031,-0.0093,0.5001,-0.0049,0.5,-0.0057,2.5881,1.5,1.5
14.35,1.2841,-0.0031,-0.0093,0.5001,-0.0049,0.4994,-0.0052,2.5881,1.5,1.5
14.367,1.2925,-0.0031,-0.0094,0.5002,-0.0034,0.499,-0.0038,2.5881,1.5,1.5
14.367,1.2925,-0.0031,-0.0094,0.5002,-0.0034,0.4998,0.0004,2.5881,1.5,1.5
14.367,1.2925,-0.0031,-0.0094,0.5002,-0.0034,0.4998,0.001,2.5881,1.5,1.5
14.4,1.3091,-0.0033,-0.0095,0.5003,-0.0041,0.5,0.0005,2.5881,1.5,1.5
14.417,1.3175,-0.0034,-0.0095,0.5004,-0.0031,0.5,-0.0006,2.5881,1.5,1.5
14.417,1.3175,-0.0034,-0.0095,0.5004,-0.0031,0.5,0.0006,2.5938,1.5,1.5
14.417,1.3175,-0.0034,-0.0095,0.5004,-0.0031,0.5,-0.0006,2.5938,1.5,1.5
14.45,1.3342,-0.0035,-0.0095,0.5005,-0.003,0.5,-0.0015,2.5938,1.5,1.5
14.45,1.3342,-0.0035,-0.0095,0.5005,-0.003,0.5,0.002,2.5938,1.5,1.5
14.467,1.3425,-0.0036,-0.0095,0.5005,-0.0012,0.5,-0.0003,2.5938,1.5,1.5
14.467,1.3425,-0.0036,-0.0095,0.5005,-0.0012,0.5,0.001,2.5938,1.5,1.5
14.467,1.3425,-0.0036,-0.0095,0.5005,-0.0012,0.5,-0.0021,2.5938,1.5,1.5
14.5,1.3592,-0.0037,-0.0096,0.4997,-0.0022,0.5,-0.0027,2.5938,1.5,1.5
14.5,1.3592,-0.0037,-0.0096,0.4997,-0.0022,0.5,-0.0014,2.5938,1.5,1.5
14.5,1.3592,-0.0037,-0.0096,0.4997,-0.0022,0.5,-0.0013,2.5938,1.5,1.5
14.517,1.3675,-0.0038,-0.0096,0.5003,-0.0032,0.5,-0.0016,2.5938,1.5,1.5
14.533,1.3759,-0.0039,-0.0096,0.5007,-0.002,0.5,0.0008,2.5912,1.5,1.5
14.533,1.3759,-0.0039,-0.0096,0.5007,-0.002,0.5,0.0038,2.5912,1.5,1.5
14.533,1.3759,-0.0039,-0.0096,0.5007,-0.002,0.5,0.0047,2.5912,1.5,1.5
14.567,1.3926,-0.004,-0.0096,0.5008,-0.0022,0.5,-0.0004,2.5912,1.5,1.5
14.567,1.3926,-0.004,-0.0096,0.5008,-0.0022,0.5,-0.0005,2.5912,1.5,1.5
14.583,1.4009,-0.0041,-0.0096,0.5007,-0.0013,0.5,0.0042,2.5912,1.5,1.5
14.583,1.4009,-0.0041,-0.0096,0.5007,-0.0013,0.5,0.0039,2.5912,1.5,1.5
14.583,1.4009,-0.0041,-0.0096,0.5007,-0.0013,0.5,0.0028,2.5912,1.5,1.5
14.617,1.4176,-0.0043,-0.0097,0.5008,-0.0008,0.5,0.0018,2.5912,1.5,1.5
14.633,1.426,-0.0044,-0.0097,0.5007,-0.0012,0.4997,0.0,2.5972,1.5,1.5
14.633,1.426,-0.0044,-0.0097,0.5007,-0.0012,0.5,-0.0011,2.5972,1.5,1.5
14.633,1.426,-0.0044,-0.0097,0.5007,-0.0012,0.5,0.001,2.5972,1.5,1.5
14.667,1.4426,-0.0045,-0.0097,0.5006,-0.0016,0.5,0.0019,2.5972,1.5,1.5
14.667,1.4426,-0.0045,-0.0097,0.5006,-0.0016,0.5,0.0005,2.5972,1.5,1.5
14.683,1.451,-0.0046,-0.0098,0.5006,-0.0021,0.5,-0.0016,2.5972,1.5,1.5
14.7,1.4593,-0.0047,-0.0097,0.5005,-0.0004,0.5,-0.0023,2.5972,1.5,1.5
14.7,1.4593,-0.0047,-0.0097,0.5005,-0.0004,0.5,-0.0005,2.5972,1.5,1.5
14.7,1.4593,-0.0047,-0.0097,0.5005,-0.0004,0.5,-0.001,2.5972,1.5,1.5
14.733,1.476,-0.0048,-0.0098,0.5003,-0.0014,0.5,0.0047,2.5901,1.5,1.5
14.733,1.476,-0.0048,-0.0098,0.5003,-0.0014,0.5,0.0066,2.5901,1.5,1.5
14.75,1.4843,-0.0049,-0.0098,0.5003,-0.0012,0.5,0.0029,2.5901,1.5,1.5
14.75,1.4843,-0.0049,-0.0098,0.5003,-0.0012,0.5,-0.0023,2.5901,1.5,1.5
14.75,1.4843,-0.0049,-0.0098,0.5003,-0.0012,0.5,0.0009,2.5901,1.5,1.5
14.783,1.501,-0.0051,-0.0099,0.5001,-0.0015,0.5,-0.0002,2.5901,1.5,1.5
14.8,1.5093,-0.0052,-0.0099,0.5,-0.0011,0.5,0.0015,2.5901,1.5,1.5
14.8,1.5093,-0.0052,-0.0099,0.5,-0.0011,0.5,0.0015,2.5901,1.5,1.5
14.8,1.5093,-0.0052,-0.0099,0.5,-0.0011,0.5,0.0017,2.5901,1.5,1.5
14.833,1.526,-0.0053,-0.0099,0.4999,-0.0012,0.5,0.0043,2.5757,1.5,1.5
14.833,1.526,-0.0053,-0.0099,0.4999,-0.0012,0.5,0.0064,2.5757,1.5,1.5
14.85,1.5343,-0.0054,-0.01,0.4998,-0.0018,0.5,0.0038,2.5757,1.5,1.5
14.867,1.5427,-0.0055,-0.01,0.4998,-0.0038,0.5,0.0008,2.5757,1.5,1.5
14.867,1.5427,-0.0055,-0.01,0.4998,-0.0038,0.5,0.0028,2.5757,1.5,1.5
14.867,1.5427,-0.0055,-0.01,0.4998,-0.0038,0.5,-0.0023,2.5757,1.5,1.5
14.9,1.5593,-0.0056,-0.0101,0.4996,-0.0009,0.5,0.0014,2.5757,1.5,1.5
14.9,1.5593,-0.0056,-0.0101,0.4996,-0.0009,0.5,0.0005,2.5757,1.5,1.5
14.917,1.5677,-0.0057,-0.0101,0.4996,-0.0028,0.5,-0.0017,2.5757,1.5,1.5
14.917,1.5677,-0.0057,-0.0101,0.4996,-0.0028,0.4998,-0.0014,2.5667,1.5,1.5
14.917,1.5677,-0.0057,-0.0101,0.4996,-0.0028,0.5,0.0036,2.5667,1.5,1.5
14.95,1.5843,-0.0059,-0.0101,0.4995,-0.0028,0.4999,0.0017,2.5667,1.5,1.5
14.967,1.5926,-0.0059,-0.0102,0.4995,-0.0041,0.5,0.0008,2.5667,1.5,1.5
14.967,1.5926,-0.0059,-0.0102,0.4995,-0.0041,0.5,0.0009,2.5667,1.5,1.5
14.967,1.5926,-0.0059,-0.0102,0.4995,-0.0041,0.5,-0.0018,2.5667,1.5,1.5
15.0,1.6093,-0.0061,-0.0102,0.4995,-0.0017,0.5,-0.002,2.5667,1.5,1.5
15.0,1.6093,-0.0061,-0.0102,0.4995,-0.0017,0.5,-0.0013,2.5667,1.5,1.5
15.017,1.6176,-0.0062,-0.0102,0.4995,-0.0015,0.5,-0.001,2.5667,1.5,1.5
15.033,1.626,-0.0062,-0.0102,0.4996,-0.0025,0.5,-0.0037,2.5831,1.5,1.5
15.033,1.626,-0.0062,-0.0102,0.4996,-0.0025,0.5,-0.0056,2.5831,1.5,1.5
15.033,1.626,-0.0062,-0.0102,0.4996,-0.0025,0.5,-0.0049,2.5831,1.5,1.5
15.067,1.6426,-0.0064,-0.0103,0.4995,-0.0019,0.4997,0.0001,2.5831,1.5,1.5
15.067,1.6426,-0.0064,-0.0103,0.4995,-0.0019,0.4999,0.0001,2.5831,1.5,1.5
15.083,1.6509,-0.0065,-0.0103,0.4997,-0.0028,0.5,-0.0002,2.5831,1.5,1.5
15.083,1.6509,-0.0065,-0.0103,0.4997,-0.0028,0.5,-0.0006,2.5831,1.5,1.5
15.117,1.6676,-0.0067,-0.0103,0.4999,-0.0017,0.5,0.0018,2.5831,1.5,1.5
15.117,1.6676,-0.0067,-0.0103,0.4999,-0.0017,0.5,0.0036,2.5831,1.5,1.5
15.133,1.6759,-0.0067,-0.0103,0.5,-0.0017,0.5,0.0004,2.5793,1.5,1.5
15.133,1.6759,-0.0067,-0.0103,0.5,-0.0017,0.5,-0.0006,2.5793,1.5,1.5
15.133,1.6759,-0.0067,-0.0103,0.5,-0.0017,0.5,-0.0023,2.5793,1.5,1.5
15.167,1.6926,-0.0069,-0.0104,0.5001,-0.0008,0.5,-0.0009,2.5793,1.5,1.5
15.167,1.6926,-0.0069,-0.0104,0.5001,-0.0008,0.5,0.0022,2.5793,1.5,1.5
15.183,1.701,-0.007,-0.0103,0.5002,-0.0008,0.5,0.0031,2.5793,1.5,1.5
15.2,1.7093,-0.0071,-0.0104,0.5,-0.0022,0.5,0.0052,2.5793,1.5,1.5
15.2,1.7093,-0.0071,-0.0104,0.5,-0.0022,0.5,0.0035,2.5793,1.5,1.5
15.2,1.7093,-0.0071,-0.0104,0.5,-0.0022,0.5,0.0006,2.5793,1.5,1.5
15.233,1.726,-0.0072,-0.0103,0.5004,-0.0006,0.5,-0.0011,2.5653,1.5,1.5
15.233,1.726,-0.0072,-0.0103,0.5004,-0.0006,0.5,0.0,2.5653,1.5,1.5
15.25,1.7343,-0.0073,-0.0103,0.5004,-0.0009,0.5,0.0026,2.5653,1.5,1.5
15.25,1.7343,-0.0073,-0.0103,0.5004,-0.0009,0.5,0.0048,2.5653,1.5,1.5
15.25,1.7343,-0.0073,-0.0103,0.5004,-0.0009,0.5,0.0018,2.5653,1.5,1.5
15.283,1.751,-0.0075,-0.0103,0.5006,0.0006,0.5,0.0046,2.5653,1.5,1.5
15.3,1.7594,-0.0076,-0.0103,0.5006,-0.0007,0.5,0.0022,2.5653,1.5,1.5
15.3,1.7594,-0.0076,-0.0103,0.5006,-0.0007,0.5,0.0036,2.5653,1.5,1.5
15.3,1.7594,-0.0076,-0.0103,0.5006,-0.0007,0.5,-0.0009,2.5653,1.5,1.5
15.333,1.7761,-0.0078,-0.0103,0.5008,-0.0011,0.5,-0.0022,2.5624,1.5,1.5
15.333,1.7761,-0.0078,-0.0103,0.5008,-0.0011,0.5,0.0002,2.5624,1.5,1.5
15.35,1.7844,-0.0079,-0.0103,0.5009,0.0003,0.4999,-0.0028,2.5624,1.5,1.5
15.367,1.7927,-0.008,-0.0103,0.5008,0.0017,0.5,-0.0003,2.5624,1.5,1.5
15.367,1.7927,-0.008,-0.0103,0.5008,0.0017,0.5,-0.0005,2.5624,1.5,1.5
15.367,1.7927,-0.008,-0.0103,0.5008,0.0017,0.5,0.0029,2.5624,1.5,1.5
15.4,1.8094,-0.0082,-0.0102,0.5009,0.0003,0.5,0.0024,2.5624,1.5,1.5
15.4,1.8094,-0.0082,-0.0102,0.5009,0.0003,0.5,0.0009,2.5624,1.5,1.5
15.417,1.8178,-0.0082,-0.0102,0.5008,0.0023,0.5,0.004,2.5624,1.5,1.5
15.417,1.8178,-0.0082,-0.0102,0.5008,0.0023,0.5,0.005,2.5513,1.5,1.5
15.417,1.8178,-0.0082,-0.0102,0.5008,0.0023,0.5,0.005,2.5513,1.5,1.5
15.45,1.8345,-0.0084,-0.0101,0.5007,0.0027,0.4995,0.0059,2.5513,1.5,1.5
15.467,1.8428,-0.0085,-0.0102,0.5007,0.0015,0.4999,0.0051,2.5513,1.5,1.5
15.467,1.8428,-0.0085,-0.0102,0.5007,0.0015,0.5,0.0005,2.5513,1.5,1.5
15.467,1.8428,-0.0085,-0.0102,0.5007,0.0015,0.5,0.0042,2.5513,1.5,1.5
15.467,1.8428,-0.0085,-0.0102,0.5007,0.0015,0.5,0.0012,2.5513,1.5,1.5
15.5,1.8595,-0.0087,-0.0101,0.5006,0.0013,0.5,0.0037,2.5513,1.5,1.5
15.5,1.8595,-0.0087,-0.0101,0.5006,0.0013,0.5,0.004,2.5513,1.5,1.5
15.517,1.8679,-0.0088,-0.0101,0.5005,0.0013,0.5,0.005,2.5513,1.5,1.5
15.533,1.8762,-0.0089,-0.0101,0.5004,0.0006,0.5,0.0051,2.6206,1.5,1.5
15.533,1.8762,-0.0089,-0.0101,0.5004,0.0006,0.5,0.0022,2.6206,1.5,1.5
15.533,1.8762,-0.0089,-0.0101,0.5004,0.0006,0.5,0.0001,2.6206,1.5,1.5
15.567,1.8929,-0.009,-0.0101,0.4999,0.0006,0.4989,0.0034,2.6206,1.5,1.5
15.567,1.8929,-0.009,-0.0101,0.4999,0.0006,0.4998,0.0043,2.6206,1.5,1.5
15.583,1.9012,-0.0091,-0.0101,0.5001,0.0009,0.4999,0.0015,2.6206,1.5,1.5
15.583,1.9012,-0.0091,-0.0101,0.5001,0.0009,0.5,0.0028,2.6206,1.5,1.5
15.583,1.9012,-0.0091,-0.0101,0.5001,0.0009,0.5,0.0035,2.6206,1.5,1.5
15.617,1.9179,-0.0093,-0.01,0.5001,0.0015,0.5,0.001,2.6206,1.5,1.5
15.633,1.9262,-0.0094,-0.0101,0.5,0.0003,0.5,0.0026,2.5799,1.5,1.5
15.633,1.9262,-0.0094,-0.0101,0.5,0.0003,0.5,0.0044,2.5799,1.5,1.5
15.633,1.9262,-0.0094,-0.0101,0.5,0.0003,0.5,0.0049,2.5799,1.5,1.5
15.633,1.9262,-0.0094,-0.0101,0.5,0.0003,0.4999,0.0087,2.5799,1.5,1.5
15.667,1.9429,-0.0096,-0.01,0.4998,0.0004,0.5,0.0017,2.5799,1.5,1.5
15.683,1.9512,-0.0096,-0.01,0.4989,0.0006,0.5,-0.0032,2.5799,1.5,1.5
15.683,1.9512,-0.0096,-0.01,0.4989,0.0006,0.5,-0.004,2.5799,1.5,1.5
15.7,1.9595,-0.0097,-0.01,0.4994,-0.0004,0.5,-0.0001,2.5799,1.5,1.5
15.7,1.9595,-0.0097,-0.01,0.4994,-0.0004,0.5,-0.0014,2.5799,1.5,1.5
15.7,1.9595,-0.0097,-0.01,0.4994,-0.0004,0.5,0.0002,2.5835,1.5,1.5
15.733,1.9762,-0.0099,-0.01,0.4996,0.0004,0.5,0.0004,2.5835,1.5,1.5
15.75,1.9845,-0.01,-0.01,0.4995,0.0007,0.5,-0.0014,2.5835,1.5,1.5
15.75,1.9845,-0.01,-0.01,0.4995,0.0007,0.5,-0.0021,2.5835,1.5,1.5
15.75,1.9845,-0.01,-0.01,0.4995,0.0007,0.5,-0.0003,2.5835,1.5,1.5
15.783,2.0011,-0.0101,-0.01,0.4994,-0.0011,0.5,0.0026,2.5835,1.5,1.5
15.783,2.0011,-0.0101,-0.01,0.4994,-0.0011,0.5,0.0051,2.5835,1.5,1.5
15.8,2.0095,-0.0102,-0.01,0.4995,0.0026,0.5,0.0034,2.5835,1.5,1.5
15.8,2.0095,-0.0102,-0.01,0.4995,0.0026,0.4999,0.0036,2.5835,1.5,1.5
15.8,2.0095,-0.0102,-0.01,0.4995,0.0026,0.5,0.0015,2.5835,1.5,1.5
15.8,2.0095,-0.0102,-0.01,0.4995,0.0026,0.5,0.002,2.5835,1.5,1.5
15.833,2.0261,-0.0104,-0.01,0.4996,-0.0005,0.4998,-0.0012,2.6755,1.5,1.5
15.833,2.0261,-0.0104,-0.01,0.4996,-0.0005,0.5,-0.0001,2.6755,1.5,1.5
15.85,2.0344,-0.0105,-0.01,0.4996,-0.0001,0.5,-0.004,2.6755,1.5,1.5
15.867,2.0428,-0.0106,-0.01,0.4997,0.0004,0.5,-0.003,2.6755,1.5,1.5
15.867,2.0428,-0.0106,-0.01,0.4997,0.0004,0.5,-0.0016,2.6755,1.5,1.5
15.867,2.0428,-0.0106,-0.01,0.4997,0.0004,0.5,0.0014,2.6755,1.5,1.5
15.9,2.0594,-0.0107,-0.01,0.4998,-0.0007,0.5,-0.0008,2.6755,1.5,1.5
15.9,2.0594,-0.0107,-0.01,0.4998,-0.0007,0.5,-0.0028,2.6755,1.5,1.5
15.917,2.0678,-0.0108,-0.0099,0.4999,-0.0009,0.5,-0.0029,2.6755,1.5,1.5
15.917,2.0678,-0.0108,-0.0099,0.4999,-0.0009,0.5,0.0006,2.5512,1.5,1.5
15.917,2.0678,-0.0108,-0.0099,0.4999,-0.0009,0.4997,0.0057,2.5512,1.5,1.5
15.95,2.0844,-0.011,-0.0099,0.5,0.0,0.4999,0.0093,2.5512,1.5,1.5
15.967,2.0928,-0.0111,-0.0099,0.5,0.0008,0.5,0.009,2.5512,1.5,1.5
15.967,2.0928,-0.0111,-0.0099,0.5,0.0008,0.5,0.0068,2.5512,1.5,1.5
15.967,2.0928,-0.0111,-0.0099,0.5,0.0008,0.5,0.0012,2.5512,1.5,1.5
16.0,2.1095,-0.0112,-0.0098,0.5002,0.0009,0.5,0.0005,2.5512,1.5,1.5
16.017,2.1178,-0.0113,-0.0098,0.5003,0.0002,0.5,0.003,2.5512,1.5,1.5
16.017,2.1178,-0.0113,-0.0098,0.5003,0.0002,0.5,0.0038,2.6058,1.5,1.5
16.033,2.1261,-0.0114,-0.0098,0.5004,0.0013,0.4998,0.0024,2.6058,1.5,1.5
16.033,2.1261,-0.0114,-0.0098,0.5004,0.0013,0.5,0.0016,2.6058,1.5,1.5
16.033,2.1261,-0.0114,-0.0098,0.5004,0.0013,0.5,0.0027,2.6058,1.5,1.5
16.067,2.1428,-0.0116,-0.0097,0.5005,0.0006,0.5,0.0003,2.6058,1.5,1.5
16.067,2.1428,-0.0116,-0.0097,0.5005,0.0006,0.5,-0.0014,2.6058,1.5,1.5
16.083,2.1512,-0.0117,-0.0097,0.5003,0.0002,0.5,-0.003,2.6058,1.5,1.5
16.083,2.1512,-0.0117,-0.0097,0.5003,0.0002,0.5,-0.0047,2.6058,1.5,1.5
16.083,2.1512,-0.0117,-0.0097,0.5003,0.0002,0.5,-0.0024,2.6058,1.5,1.5
16.117,2.1679,-0.0119,-0.0096,0.5006,0.0025,0.5,-0.0015,2.6058,1.5,1.5
16.133,2.1762,-0.0119,-0.0095,0.5006,0.0017,0.5,0.0058,2.612,1.5,1.5
16.133,2.1762,-0.0119,-0.0095,0.5006,0.0017,0.5,0.0004,2.612,1.5,1.5
16.133,2.1762,-0.0119,-0.0095,0.5006,0.0017,0.5,-0.0002,2.612,1.5,1.5
16.167,2.1929,-0.0121,-0.0095,0.5006,0.003,0.5,-0.0007,2.612,1.5,1.5
16.167,2.1929,-0.0121,-0.0095,0.5006,0.003,0.5,0.0008,2.612,1.5,1.5
16.183,2.2012,-0.0122,-0.0094,0.5007,0.0029,0.5,0.003,2.612,1.5,1.5
16.2,2.2096,-0.0123,-0.0094,0.5008,0.0037,0.5,0.0021,2.612,1.5,1.5
16.2,2.2096,-0.0123,-0.0094,0.5008,0.0037,0.5,0.0048,2.612,1.5,1.5
16.2,2.2096,-0.0123,-0.0094,0.5008,0.0037,0.4994,0.0064,2.612,1.5,1.5
16.233,2.2263,-0.0125,-0.0093,0.5008,0.0038,0.4999,0.005,2.7006,1.5,1.5
16.233,2.2263,-0.0125,-0.0093,0.5008,0.0038,0.5,0.0034,2.7006,1.5,1.5
16.25,2.2346,-0.0126,-0.0093,0.5007,0.0029,0.5,0.0037,2.7006,1.5,1.5
16.25,2.2346,-0.0126,-0.0093,0.5007,0.0029,0.5,0.0026,2.7006,1.5,1.5
16.25,2.2346,-0.0126,-0.0093,0.5007,0.0029,0.5,0.0016,2.7006,1.5,1.5
16.283,2.2513,-0.0127,-0.0092,0.5007,0.0028,0.5,-0.0014,2.7006,1.5,1.5
16.3,2.2597,-0.0128,-0.0092,0.5006,0.0023,0.5,0.002,2.7006,1.5,1.5
16.3,2.2597,-0.0128,-0.0092,0.5006,0.0023,0.5,0.0017,2.7006,1.5,1.5
16.3,2.2597,-0.0128,-0.0092,0.5006,0.0023,0.5,0.0003,2.7006,1.5,1.5
16.333,2.2763,-0.013,-0.0091,0.5005,0.0024,0.5,0.0035,2.5778,1.5,1.5
16.333,2.2763,-0.013,-0.0091,0.5005,0.0024,0.5,0.0035,2.5778,1.5,1.5
16.35,2.2847,-0.0131,-0.0091,0.5,0.0012,0.5,-0.0026,2.5778,1.5,1.5
16.367,2.293,-0.0131,-0.0091,0.5002,0.0021,0.5,-0.0017,2.5778,1.5,1.5
16.367,2.293,-0.0131,-0.0091,0.5002,0.0021,0.5,-0.0021,2.5778,1.5,1.5
16.367,2.293,-0.0131,-0.0091,0.5002,0.0021,0.5,0.0009,2.5778,1.5,1.5
16.4,2.3097,-0.0133,-0.0091,0.5002,0.0023,0.5,0.0026,2.5778,1.5,1.5
16.4,2.3097,-0.0133,-0.0091,0.5002,0.0023,0.5,0.0003,2.5778,1.5,1.5
16.417,2.318,-0.0134,-0.0091,0.5002,0.0022,0.5,0.003,2.5778,1.5,1.5
16.417,2.318,-0.0134,-0.0091,0.5002,0.0022,0.5,0.0049,2.5676,1.5,1.5
16.417,2.318,-0.0134,-0.0091,0.5002,0.0022,0.5,0.0031,2.5676,1.5,1.5
16.45,2.3347,-0.0135,-0.009,0.5,0.0021,0.5,0.0015,2.5676,1.5,1.5
16.467,2.343,-0.0136,-0.009,0.4999,0.0009,0.5,0.0027,2.5676,1.5,1.5
16.467,2.343,-0.0136,-0.009,0.4999,0.0009,0.5,0.0014,2.5676,1.5,1.5
16.467,2.343,-0.0136,-0.009,0.4999,0.0009,0.5,0.0029,2.5676,1.5,1.5
16.5,2.3597,-0.0138,-0.009,0.4997,0.0013,0.5,0.0017,2.5676,1.5,1.5
16.5,2.3597,-0.0138,-0.009,0.4997,0.0013,0.5,-0.0003,2.5676,1.5,1.5
16.517,2.368,-0.0138,-0.009,0.4997,0.0007,0.4997,-0.0018,2.5676,1.5,1.5
16.533,2.3763,-0.0139,-0.009,0.4996,0.0002,0.5,-0.0021,2.6321,1.5,1.5
16.533,2.3763,-0.0139,-0.009,0.4996,0.0002,0.5,-0.0034,2.6321,1.5,1.5
16.533,2.3763,-0.0139,-0.009,0.4996,0.0002,0.5,-0.0003,2.6321,1.5,1.5
16.567,2.393,-0.0141,-0.009,0.4995,0.0004,0.4999,0.0044,2.6321,1.5,1.5
16.567,2.393,-0.0141,-0.009,0.4995,0.0004,0.5,0.0037,2.6321,1.5,1.5
16.583,2.4013,-0.0141,-0.009,0.4995,0.0002,0.5,0.0024,2.6321,1.5,1.5
16.583,2.4013,-0.0141,-0.009,0.4995,0.0002,0.5,0.0031,2.6321,1.5,1.5
16.583,2.4013,-0.0141,-0.009,0.4995,0.0002,0.5,0.0015,2.6321,1.5,1.5
16.617,2.418,-0.0143,-0.009,0.4995,0.0,0.5,0.0002,2.6321,1.5,1.5
16.633,2.4263,-0.0144,-0.009,0.4995,0.0002,0.5,0.0004,2.5779,1.5,1.5
16.633,2.4263,-0.0144,-0.009,0.4995,0.0002,0.5,-0.0004,2.5779,1.5,1.5
16.633,2.4263,-0.0144,-0.009,0.4995,0.0002,0.5,0.0013,2.5779,1.5,1.5
16.633,2.4263,-0.0144,-0.009,0.4995,0.0002,0.5,0.0014,2.5779,1.5,1.5
16.667,2.443,-0.0145,-0.009,0.4995,0.0,0.5,-0.0026,2.5779,1.5,1.5
16.667,2.443,-0.0145,-0.009,0.4995,0.0,0.5,-0.0017,2.5779,1.5,1.5
16.683,2.4513,-0.0146,-0.009,0.4996,-0.0008,0.5,0.0014,2.5779,1.5,1.5
16.7,2.4596,-0.0147,-0.009,0.4997,-0.0,0.5,0.002,2.5779,1.5,1.5
16.7,2.4596,-0.0147,-0.009,0.4997,-0.0,0.5,0.0022,2.5779,1.5,1.5
16.7,2.4596,-0.0147,-0.009,0.4997,-0.0,0.5,0.0007,2.5779,1.5,1.5
16.733,2.4763,-0.0148,-0.0089,0.4999,0.0001,0.5,-0.0021,2.6497,1.5,1.5
16.733,2.4763,-0.0148,-0.0089,0.4999,0.0001,0.5,0.0015,2.6497,1.5,1.5
16.75,2.4846,-0.0149,-0.0089,0.4999,-0.0,0.5,0.0008,2.6497,1.5,1.5
16.75,2.4846,-0.0149,-0.0089,0.4999,-0.0,0.5,0.0016,2.6497,1.5,1.5
16.75,2.4846,-0.0149,-0.0089,0.4999,-0.0,0.5,-0.0006,2.6497,1.5,1.5
16.783,2.5013,-0.015,-0.0088,0.5001,0.0002,0.5,0.0009,2.6497,1.5,1.5
16.8,2.5096,-0.0151,-0.0088,0.5002,0.001,0.5,0.0027,2.6497,1.5,1.5
16.8,2.5096,-0.0151,-0.0088,0.5002,0.001,0.5,0.005,2.6497,1.5,1.5
16.8,2.5096,-0.0151,-0.0088,0.5002,0.001,0.5,0.0027,2.6497,1.5,1.5
16.833,2.5263,-0.0153,-0.0088,0.5003,0.0005,0.5,0.0047,2.6261,1.5,1.5
16.833,2.5263,-0.0153,-0.0088,0.5003,0.0005,0.5,0.0004,2.6261,1.5,1.5
16.85,2.5347,-0.0154,-0.0087,0.5004,0.0017,0.5,0.0002,2.6261,1.5,1.5
16.85,2.5347,-0.0154,-0.0087,0.5004,0.0017,0.5,0.0012,2.6261,1.5,1.5
16.867,2.543,-0.0154,-0.0087,0.5004,0.0004,0.5,0.0055,2.6261,1.5,1.5
16.867,2.543,-0.0154,-0.0087,0.5004,0.0004,0.5,0.0046,2.6261,1.5,1.5
16.867,2.543,-0.0154,-0.0087,0.5004,0.0004,0.5,-0.0003,2.6261,1.5,1.5
16.9,2.5597,-0.0156,-0.0086,0.5005,0.0019,0.5,0.0029,2.6261,1.5,1.5
16.917,2.568,-0.0157,-0.0086,0.5006,0.0019,0.5,0.0005,2.6261,1.5,1.5
16.917,2.568,-0.0157,-0.0086,0.5006,0.0019,0.5,0.0043,2.5612,1.5,1.5
16.917,2.568,-0.0157,-0.0086,0.5006,0.0019,0.5,0.0041,2.5612,1.5,1.5
16.95,2.5847,-0.0158,-0.0085,0.5007,0.0018,0.5,0.0035,2.5612,1.5,1.5
16.95,2.5847,-0.0158,-0.0085,0.5007,0.0018,0.5,0.0027,2.5612,1.5,1.5
16.967,2.5931,-0.0159,-0.0085,0.5007,0.0026,0.5,0.0028,2.5612,1.5,1.5
16.967,2.5931,-0.0159,-0.0085,0.5007,0.0026,0.5,0.0065,2.5612,1.5,1.5
17.0,2.6098,-0.0161,-0.0084,0.5008,0.002,0.5,0.0037,2.5612,1.5,1.5
17.0,2.6098,-0.0161,-0.0084,0.5008,0.002,0.5,0.003,2.5612,1.5,1.5
17.017,2.6181,-0.0161,-0.0084,0.501,0.002,0.5,0.0031,2.5612,1.5,1.5
17.033,2.6265,-0.0162,-0.0083,0.5008,0.0033,0.5,0.004,2.6117,1.5,1.5
17.033,2.6265,-0.0162,-0.0083,0.5008,0.0033,0.5,0.0044,2.6117,1.5,1.5
17.033,2.6265,-0.0162,-0.0083,0.5008,0.0033,0.5,0.0062,2.6117,1.5,1.5
17.067,2.6432,-0.0164,-0.0082,0.5007,0.003,0.5,0.0054,2.6117,1.5,1.5
17.067,2.6432,-0.0164,-0.0082,0.5007,0.003,0.5,0.0025,2.6117,1.5,1.5
17.083,2.6515,-0.0165,-0.0082,0.5007,0.0031,0.5,0.002,2.6117,1.5,1.5
17.083,2.6515,-0.0165,-0.0082,0.5007,0.0031,0.5,0.0055,2.6117,1.5,1.5
17.083,2.6515,-0.0165,-0.0082,0.5007,0.0031,0.5,0.0044,2.6117,1.5,1.5
17.117,2.6682,-0.0166,-0.0081,0.5006,0.0023,0.5,0.0027,2.6117,1.5,1.5
17.117,2.6682,-0.0166,-0.0081,0.5006,0.0023,0.5,-0.0009,2.6117,1.5,1.5
17.117,2.6682,-0.0166,-0.0081,0.5006,0.0023,0.4992,0.002,2.5508,1.5,1.5
17.133,2.6765,-0.0167,-0.0081,0.5005,0.0037,0.4999,0.0055,2.5508,1.5,1.5
17.133,2.6765,-0.0167,-0.0081,0.5005,0.0037,0.4999,0.0023,2.5508,1.5,1.5
17.133,2.6765,-0.0167,-0.0081,0.5005,0.0037,0.5,0.0034,2.5508,1.5,1.5
17.167,2.6932,-0.0168,-0.008,0.5004,0.0027,0.5,0.0007,2.5508,1.5,1.5
17.183,2.7016,-0.0169,-0.008,0.5003,0.0033,0.5,0.0007,2.5508,1.5,1.5
17.183,2.7016,-0.0169,-0.008,0.5003,0.0033,0.5,-0.002,2.5508,1.5,1.5
17.2,2.7099,-0.017,-0.008,0.5003,0.003,0.5,0.0013,2.5508,1.5,1.5
17.2,2.7099,-0.017,-0.008,0.5003,0.003,0.5,0.0015,2.5508,1.5,1.5
17.2,2.7099,-0.017,-0.008,0.5003,0.003,0.5,0.0015,2.5869,1.5,1.5
17.233,2.7266,-0.0171,-0.0079,0.5001,0.0029,0.5,0.0034,2.5869,1.5,1.5
17.25,2.7349,-0.0172,-0.0079,0.5001,0.0032,0.5,0.0027,2.5869,1.5,1.5
17.25,2.7349,-0.0172,-0.0079,0.5001,0.0032,0.5,0.0018,2.5869,1.5,1.5
17.25,2.7349,-0.0172,-0.0079,0.5001,0.0032,0.5,0.004,2.5869,1.5,1.5
17.283,2.7516,-0.0173,-0.0078,0.4999,0.002,0.4997,0.0038,2.5869,1.5,1.5
17.283,2.7516,-0.0173,-0.0078,0.4999,0.002,0.5,0.0039,2.5869,1.5,1.5
17.3,2.7599,-0.0174,-0.0078,0.4998,0.0022,0.5,0.005,2.5869,1.5,1.5
17.3,2.7599,-0.0174,-0.0078,0.4998,0.0022,0.5,0.0068,2.5869,1.5,1.5
17.3,2.7599,-0.0174,-0.0078,0.4998,0.0022,0.5,0.0057,2.5869,1.5,1.5
17.333,2.7766,-0.0175,-0.0078,0.4998,0.0005,0.5,0.0061,2.5689,1.5,1.5
17.35,2.7849,-0.0176,-0.0078,0.4996,0.0013,0.4999,0.007,2.5689,1.5,1.5
17.35,2.7849,-0.0176,-0.0078,0.4996,0.0013,0.5,0.0075,2.5689,1.5,1.5
17.367,2.7932,-0.0177,-0.0078,0.4996,0.0002,0.5,0.0044,2.5689,1.5,1.5
17.367,2.7932,-0.0177,-0.0078,0.4996,0.0002,0.5,0.0004,2.5689,1.5,1.5
17.367,2.7932,-0.0177,-0.0078,0.4996,0.0002,0.5,-0.0019,2.5689,1.5,1.5
17.4,2.8099,-0.0178,-0.0078,0.4995,0.0003,0.5,-0.0034,2.5689,1.5,1.5
17.417,2.8182,-0.0179,-0.0078,0.4993,0.0006,0.5,-0.0033,2.5689,1.5,1.5
17.417,2.8182,-0.0179,-0.0078,0.4993,0.0006,0.5,-0.004,2.5689,1.5,1.5
17.417,2.8182,-0.0179,-0.0078,0.4993,0.0006,0.5,0.0015,2.5764,1.5,1.5
17.45,2.8348,-0.018,-0.0077,0.4995,0.0009,0.5,0.0008,2.5764,1.5,1.5
17.45,2.8348,-0.018,-0.0077,0.4995,0.0009,0.5,0.0035,2.5764,1.5,1.5
17.467,2.8432,-0.0181,-0.0077,0.4995,-0.0,0.5,-0.0001,2.5764,1.5,1.5
17.467,2.8432,-0.0181,-0.0077,0.4995,-0.0,0.5,-0.0011,2.5764,1.5,1.5
17.467,2.8432,-0.0181,-0.0077,0.4995,-0.0,0.5,0.001,2.5764,1.5,1.5
17.5,2.8598,-0.0182,-0.0076,0.4997,0.0012,0.5,0.0003,2.5764,1.5,1.5
17.5,2.8598,-0.0182,-0.0076,0.4997,0.0012,0.5,0.0044,2.5764,1.5,1.5
17.517,2.8682,-0.0183,-0.0076,0.4997,0.0023,0.5,0.0064,2.5764,1.5,1.5
17.533,2.8765,-0.0184,-0.0076,0.4998,0.0018,0.5,0.0065,2.6185,1.5,1.5
17.533,2.8765,-0.0184,-0.0076,0.4998,0.0018,0.4997,0.0066,2.6185,1.5,1.5
17.533,2.8765,-0.0184,-0.0076,0.4998,0.0018,0.5,0.0041,2.6185,1.5,1.5
17.567,2.8932,-0.0185,-0.0075,0.4999,0.0006,0.5,0.005,2.6185,1.5,1.5
17.567,2.8932,-0.0185,-0.0075,0.4999,0.0006,0.5,0.0027,2.6185,1.5,1.5
17.583,2.9015,-0.0186,-0.0075,0.5,0.0013,0.5,0.0016,2.6185,1.5,1.5
17.583,2.9015,-0.0186,-0.0075,0.5,0.0013,0.5,0.0038,2.6185,1.5,1.5
17.583,2.9015,-0.0186,-0.0075,0.5,0.0013,0.5,0.0014,2.6185,1.5,1.5
17.617,2.9182,-0.0187,-0.0074,0.5002,0.001,0.5,-0.0002,2.6185,1.5,1.5
17.633,2.9265,-0.0188,-0.0073,0.5002,0.0007,0.5,-0.0001,2.561,1.5,1.5
17.633,2.9265,-0.0188,-0.0073,0.5002,0.0007,0.5,0.0006,2.561,1.5,1.5
17.633,2.9265,-0.0188,-0.0073,0.5002,0.0007,0.5,0.0075,2.561,1.5,1.5
17.667,2.9432,-0.0189,-0.0073,0.5004,0.0013,0.5,0.0046,2.561,1.5,1.5
17.667,2.9432,-0.0189,-0.0073,0.5004,0.0013,0.5,0.006,2.561,1.5,1.5
17.683,2.9515,-0.019,-0.0072,0.5004,0.0023,0.5,0.0051,2.561,1.5,1.5
17.7,2.9599,-0.019,-0.0071,0.5005,0.0022,0.5,0.001,2.561,1.5,1.5
17.7,2.9599,-0.019,-0.0071,0.5005,0.0022,0.5,0.0026,2.561,1.5,1.5
17.7,2.9599,-0.019,-0.0071,0.5005,0.0022,0.5,0.0018,2.561,1.5,1.5
17.733,2.9766,-0.0192,-0.007,0.5006,0.0024,0.5,0.0047,2.5229,1.5,1.5
17.733,2.9766,-0.0192,-0.007,0.5006,0.0024,0.5,0.0035,2.5229,1.5,1.5
17.75,2.9849,-0.0193,-0.0069,0.5006,0.0041,0.5,0.0057,2.5229,1.5,1.5
17.75,2.9849,-0.0193,-0.0069,0.5006,0.0041,0.5,0.0071,2.5229,1.5,1.5
17.75,2.9849,-0.0193,-0.0069,0.5006,0.0041,0.5,0.0083,2.5229,1.5,1.5
17.783,3.0016,-0.0194,-0.0068,0.5007,0.0022,0.5,0.0097,2.5229,1.5,1.5
17.8,3.01,-0.0195,-0.0068,0.5008,0.004,0.5,0.0058,2.5229,1.5,1.5
17.8,3.01,-0.0195,-0.0068,0.5008,0.004,0.5,0.0022,2.5229,1.5,1.5
17.8,3.01,-0.0195,-0.0068,0.5008,0.004,0.5,0.0009,2.5229,1.5,1.5
17.833,3.0267,-0.0196,-0.0066,0.5008,0.0055,0.5,0.0051,2.6349,1.5,1.5
17.833,3.0267,-0.0196,-0.0066,0.5008,0.0055,0.4994,0.0055,2.6349,1.5,1.5
17.85,3.035,-0.0197,-0.0066,0.5008,0.0043,0.4999,0.0054,2.6349,1.5,1.5
17.867,3.0434,-0.0197,-0.0064,0.5008,0.0041,0.4999,0.0043,2.6349,1.5,1.5
17.867,3.0434,-0.0197,-0.0064,0.5008,0.0041,0.5,0.0076,2.6349,1.5,1.5
17.867,3.0434,-0.0197,-0.0064,0.5008,0.0041,0.5,0.0047,2.6349,1.5,1.5
17.9,3.06,-0.0199,-0.0063,0.5007,0.0043,0.5,0.0031,2.6349,1.5,1.5
17.9,3.06,-0.0199,-0.0063,0.5007,0.0043,0.5,0.002,2.6349,1.5,1.5
17.917,3.0684,-0.0199,-0.0063,0.5006,0.0041,0.5,0.0038,2.6349,1.5,1.5
17.917,3.0684,-0.0199,-0.0063,0.5006,0.0041,0.5,0.0056,2.6094,1.5,1.5
17.917,3.0684,-0.0199,-0.0063,0.5006,0.0041,0.5,0.0069,2.6094,1.5,1.5
17.95,3.0851,-0.0201,-0.0062,0.5006,0.0052,0.5,0.0053,2.6094,1.5,1.5
17.967,3.0934,-0.0201,-0.006,0.5,0.004,0.5,0.0106,2.6094,1.5,1.5
17.967,3.0934,-0.0201,-0.006,0.5,0.004,0.5,0.0056,2.6094,1.5,1.5
17.967,3.0934,-0.0201,-0.006,0.5,0.004,0.5,0.0057,2.6094,1.5,1.5
18.0,3.1101,-0.0203,-0.0059,0.5003,0.0046,0.5,0.0026,2.6094,1.5,1.5
18.0,3.1101,-0.0203,-0.0059,0.5003,0.0046,0.5,0.0072,2.6094,1.5,1.5
18.017,3.1184,-0.0203,-0.0059,0.5003,0.0043,0.5,0.0051,2.6094,1.5,1.5
18.033,3.1268,-0.0204,-0.0059,0.5002,0.0046,0.5,0.0086,2.5441,1.5,1.5
18.033,3.1268,-0.0204,-0.0059,0.5002,0.0046,0.5,0.0091,2.5441,1.5,1.5
18.033,3.1268,-0.0204,-0.0059,0.5002,0.0046,0.5,0.0101,2.5441,1.5,1.5
18.067,3.1434,-0.0205,-0.0058,0.5001,0.0035,0.5,0.0065,2.5441,1.5,1.5
18.067,3.1434,-0.0205,-0.0058,0.5001,0.0035,0.5,0.0031,2.5441,1.5,1.5
18.083,3.1518,-0.0206,-0.0057,0.4999,0.0034,0.5,0.0062,2.5441,1.5,1.5
18.083,3.1518,-0.0206,-0.0057,0.4999,0.0034,0.5,0.0092,2.5441,1.5,1.5
18.083,3.1518,-0.0206,-0.0057,0.4999,0.0034,0.5,0.0095,2.5441,1.5,1.5
18.117,3.1684,-0.0207,-0.0057,0.4998,0.0034,0.5,0.0063,2.5441,1.5,1.5
18.133,3.1768,-0.0207,-0.0056,0.4998,0.0022,0.5,0.0047,2.5832,1.5,1.5
18.133,3.1768,-0.0207,-0.0056,0.4998,0.0022,0.5,0.0049,2.5832,1.5,1.5
18.133,3.1768,-0.0207,-0.0056,0.4998,0.0022,0.4997,0.0057,2.5832,1.5,1.5
18.167,3.1934,-0.0208,-0.0055,0.4997,0.0012,0.4999,0.0038,2.5832,1.5,1.5
18.183,3.2017,-0.0209,-0.0055,0.4998,0.0014,0.4993,0.0065,2.5832,1.5,1.5
18.183,3.2017,-0.0209,-0.0055,0.4998,0.0014,0.4999,0.0006,2.5832,1.5,1.5
18.2,3.2101,-0.0209,-0.0054,0.4995,0.0037,0.4999,0.0024,2.5832,1.5,1.5
18.2,3.2101,-0.0209,-0.0054,0.4995,0.0037,0.5,0.0064,2.5832,1.5,1.5
18.2,3.2101,-0.0209,-0.0054,0.4995,0.0037,0.5,0.0018,2.5832,1.5,1.5
18.233,3.2267,-0.021,-0.0053,0.4995,0.0021,0.5,0.0024,2.5621,1.5,1.5
18.233,3.2267,-0.021,-0.0053,0.4995,0.0021,0.5,0.0037,2.5621,1.5,1.5
18.233,3.2267,-0.021,-0.0053,0.4995,0.0021,0.4995,0.0046,2.5621,1.5,1.5
18.25,3.2351,-0.0211,-0.0052,0.4995,0.0025,0.4999,0.0019,2.5621,1.5,1.5
18.25,3.2351,-0.0211,-0.0052,0.4995,0.0025,0.5,0.0009,2.5621,1.5,1.5
18.25,3.2351,-0.0211,-0.0052,0.4995,0.0025,0.5,0.0017,2.5621,1.5,1.5
18.283,3.2517,-0.0212,-0.0051,0.4995,0.0036,0.5,0.0015,2.5621,1.5,1.5
18.3,3.26,-0.0212,-0.005,0.4996,0.0042,0.5,0.0038,2.5621,1.5,1.5
18.3,3.26,-0.0212,-0.005,0.4996,0.0042,0.5,0.0019,2.5621,1.5,1.5
18.3,3.26,-0.0212,-0.005,0.4996,0.0042,0.4997,0.0048,2.5621,1.5,1.5
18.333,3.2767,-0.0214,-0.0049,0.4997,0.0026,0.4999,0.0077,2.5701,1.5,1.5
18.333,3.2767,-0.0214,-0.0049,0.4997,0.0026,0.5,0.0056,2.5701,1.5,1.5
18.35,3.285,-0.0214,-0.0048,0.4998,0.0038,0.4999,0.0023,2.5701,1.5,1.5
18.367,3.2934,-0.0215,-0.0048,0.4995,0.0032,0.5,0.0021,2.5701,1.5,1.5
18.367,3.2934,-0.0215,-0.0048,0.4995,0.0032,0.5,0.002,2.5701,1.5,1.5
18.367,3.2934,-0.0215,-0.0048,0.4995,0.0032,0.5,0.0035,2.5701,1.5,1.5
18.4,3.31,-0.0216,-0.0046,0.5,0.0038,0.5,0.004,2.5701,1.5,1.5
18.4,3.31,-0.0216,-0.0046,0.5,0.0038,0.5,0.0022,2.5701,1.5,1.5
18.417,3.3184,-0.0216,-0.0046,0.5001,0.0039,0.5,0.0028,2.5701,1.5,1.5
18.417,3.3184,-0.0216,-0.0046,0.5001,0.0039,0.5,0.0066,2.5305,1.5,1.5
18.417,3.3184,-0.0216,-0.0046,0.5001,0.0039,0.5,0.0052,2.5305,1.5,1.5
18.45,3.335,-0.0217,-0.0044,0.5,0.0034,0.5,0.0058,2.5305,1.5,1.5
18.467,3.3434,-0.0218,-0.0043,0.5003,0.0039,0.5,0.0042,2.5305,1.5,1.5
18.467,3.3434,-0.0218,-0.0043,0.5003,0.0039,0.5,0.0078,2.5305,1.5,1.5
18.467,3.3434,-0.0218,-0.0043,0.5003,0.0039,0.5,0.0077,2.5305,1.5,1.5
18.5,3.3601,-0.0219,-0.0041,0.5004,0.0046,0.5,0.0066,2.5305,1.5,1.5
18.5,3.3601,-0.0219,-0.0041,0.5004,0.0046,0.5,0.0035,2.5305,1.5,1.5
18.517,3.3684,-0.0219,-0.004,0.5005,0.0044,0.5,0.0052,2.5305,1.5,1.5
18.533,3.3768,-0.022,-0.004,0.5006,0.0054,0.5,0.0056,2.6227,1.5,1.5
18.533,3.3768,-0.022,-0.004,0.5006,0.0054,0.5,0.0074,2.6227,1.5,1.5
18.533,3.3768,-0.022,-0.004,0.5006,0.0054,0.5,0.0029,2.6227,1.5,1.5
18.567,3.3935,-0.0221,-0.0037,0.5006,0.0054,0.4999,0.003,2.6227,1.5,1.5
18.567,3.3935,-0.0221,-0.0037,0.5006,0.0054,0.5,0.002,2.6227,1.5,1.5
18.583,3.4018,-0.0221,-0.0037,0.5007,0.0056,0.5,0.0058,2.6227,1.5,1.5
18.583,3.4018,-0.0221,-0.0037,0.5007,0.0056,0.5,0.0068,2.6227,1.5,1.5
18.583,3.4018,-0.0221,-0.0037,0.5007,0.0056,0.5,0.0082,2.6227,1.5,1.5
18.617,3.4185,-0.0222,-0.0034,0.5009,0.0054,0.5,0.006,2.6227,1.5,1.5
18.633,3.4268,-0.0223,-0.0033,0.5008,0.0074,0.5,0.0056,2.6879,1.5,1.5
18.633,3.4268,-0.0223,-0.0033,0.5008,0.0074,0.5,0.0047,2.6879,1.5,1.5
18.633,3.4268,-0.0223,-0.0033,0.5008,0.0074,0.5,0.0058,2.6879,1.5,1.5
18.667,3.4435,-0.0223,-0.0031,0.5008,0.0069,0.5,0.0078,2.6879,1.5,1.5
18.667,3.4435,-0.0223,-0.0031,0.5008,0.0069,0.5,0.0071,2.6879,1.5,1.5
18.683,3.4519,-0.0224,-0.0029,0.5008,0.0075,0.5,0.0055,2.6879,1.5,1.5
18.7,3.4602,-0.0224,-0.0029,0.5007,0.0075,0.5,0.0035,2.6879,1.5,1.5
18.7,3.4602,-0.0224,-0.0029,0.5007,0.0075,0.5,0.0047,2.6879,1.5,1.5
18.7,3.4602,-0.0224,-0.0029,0.5007,0.0075,0.4999,0.0074,2.6879,1.5,1.5
18.733,3.4769,-0.0225,-0.0028,0.5007,0.0058,0.5,0.0056,2.5625,1.5,1.5
18.733,3.4769,-0.0225,-0.0028,0.5007,0.0058,0.5,0.0036,2.5625,1.5,1.5
18.75,3.4853,-0.0226,-0.0026,0.5006,0.0068,0.5,-0.0002,2.5625,1.5,1.5
18.75,3.4853,-0.0226,-0.0026,0.5006,0.0068,0.5,0.0039,2.5625,1.5,1.5
18.75,3.4853,-0.0226,-0.0026,0.5006,0.0068,0.5,0.0055,2.5625,1.5,1.5
18.783,3.5019,-0.0226,-0.0023,0.5005,0.0062,0.5,0.0075,2.5625,1.5,1.5
18.8,3.5103,-0.0227,-0.0023,0.5004,0.0059,0.5,0.0063,2.5625,1.5,1.5
18.8,3.5103,-0.0227,-0.0023,0.5004,0.0059,0.5,0.0048,2.5625,1.5,1.5
18.8,3.5103,-0.0227,-0.0023,0.5004,0.0059,0.5,0.0034,2.5625,1.5,1.5
18.833,3.527,-0.0227,-0.0023,0.5003,0.0066,0.5,0.0034,2.587,1.5,1.5
18.833,3.527,-0.0227,-0.0023,0.5003,0.0066,0.5,0.007,2.587,1.5,1.5
18.85,3.5353,-0.0228,-0.002,0.5001,0.0052,0.5,0.0036,2.587,1.5,1.5
18.867,3.5436,-0.0228,-0.002,0.5001,0.006,0.5,0.0061,2.587,1.5,1.5
18.867,3.5436,-0.0228,-0.002,0.5001,0.006,0.5,0.0056,2.587,1.5,1.5
18.867,3.5436,-0.0228,-0.002,0.5001,0.006,0.5,0.0038,2.587,1.5,1.5
18.9,3.5603,-0.0229,-0.0018,0.4999,0.0051,0.5,0.0058,2.587,1.5,1.5
18.9,3.5603,-0.0229,-0.0018,0.4999,0.0051,0.5,0.0039,2.587,1.5,1.5
18.917,3.5686,-0.0229,-0.0018,0.4999,0.0051,0.5,0.0018,2.587,1.5,1.5
18.917,3.5686,-0.0229,-0.0018,0.4999,0.0051,0.5,0.0001,2.5865,1.5,1.5
18.917,3.5686,-0.0229,-0.0018,0.4999,0.0051,0.5,-0.0018,2.5865,1.5,1.5
18.95,3.5853,-0.0229,-0.0017,0.4997,0.0046,0.5,0.0027,2.5865,1.5,1.5
18.967,3.5936,-0.023,-0.0017,0.4998,0.0039,0.5,0.0016,2.5865,1.5,1.5
18.967,3.5936,-0.023,-0.0017,0.4998,0.0039,0.5,0.0029,2.5865,1.5,1.5
18.967,3.5936,-0.023,-0.0017,0.4998,0.0039,0.5,0.0026,2.5865,1.5,1.5
19.0,3.6103,-0.023,-0.0014,0.4998,0.0025,0.5,0.0054,2.5865,1.5,1.5
19.0,3.6103,-0.023,-0.0014,0.4998,0.0025,0.5,0.0018,2.5865,1.5,1.5
19.017,3.6186,-0.023,-0.0014,0.4995,0.0049,0.4996,-0.0004,2.5865,1.5,1.5
19.033,3.6269,-0.023,-0.0014,0.4995,0.0039,0.4999,0.0002,2.5963,1.5,1.5
19.033,3.6269,-0.023,-0.0014,0.4995,0.0039,0.5,0.0001,2.5963,1.5,1.5
19.033,3.6269,-0.023,-0.0014,0.4995,0.0039,0.5,0.0003,2.5963,1.5,1.5
19.033,3.6269,-0.023,-0.0014,0.4995,0.0039,0.5,-0.0,2.5963,1.5,1.5
19.067,3.6436,-0.0231,-0.0012,0.4995,0.0045,0.5,0.0005,2.5963,1.5,1.5
19.083,3.6519,-0.0231,-0.0012,0.4995,0.0031,0.5,0.0015,2.5963,1.5,1.5
19.083,3.6519,-0.0231,-0.0012,0.4995,0.0031,0.5,-0.0015,2.5963,1.5,1.5
19.083,3.6519,-0.0231,-0.0012,0.4995,0.0031,0.4996,-0.0072,2.5963,1.5,1.5
19.117,3.6686,-0.0231,-0.001,0.4996,0.0031,0.4999,-0.0014,2.5963,1.5,1.5
19.133,3.6769,-0.0232,-0.001,0.4997,0.0033,0.5,-0.0002,2.6218,1.5,1.5
19.133,3.6769,-0.0232,-0.001,0.4997,0.0033,0.5,0.0022,2.6218,1.5,1.5
19.133,3.6769,-0.0232,-0.001,0.4997,0.0033,0.4996,0.0002,2.6218,1.5,1.5
19.167,3.6936,-0.0232,-0.0007,0.4997,0.0032,0.4999,0.0008,2.6218,1.5,1.5
19.167,3.6936,-0.0232,-0.0007,0.4997,0.0032,0.5,0.0004,2.6218,1.5,1.5
19.183,3.7019,-0.0232,-0.001,0.4999,0.0033,0.5,-0.002,2.6218,1.5,1.5
19.2,3.7102,-0.0232,-0.0007,0.5,0.0034,0.5,-0.0005,2.6218,1.5,1.5
19.2,3.7102,-0.0232,-0.0007,0.5,0.0034,0.5,-0.0007,2.6218,1.5,1.5
19.2,3.7102,-0.0232,-0.0007,0.5,0.0034,0.5,0.002,2.6218,1.5,1.5
19.233,3.7269,-0.0233,-0.0007,0.5001,0.0039,0.5,0.0037,2.6507,1.5,1.5
19.233,3.7269,-0.0233,-0.0007,0.5001,0.0039,0.5,0.0006,2.6507,1.5,1.5
19.25,3.7353,-0.0233,0.0,0.4999,0.0048,0.5,-0.0001,2.6507,1.5,1.5
19.25,3.7353,-0.0233,0.0,0.4999,0.0048,0.5,0.0013,2.6507,1.5,1.5
19.25,3.7353,-0.0233,0.0,0.4999,0.0048,0.5,-0.0,2.6507,1.5,1.5
19.283,3.7519,-0.0233,-0.0007,0.5,0.0035,0.4997,0.0038,2.6507,1.5,1.5
19.3,3.7603,-0.0233,0.0,0.5003,0.0033,0.5,-0.0026,2.6507,1.5,1.5
19.3,3.7603,-0.0233,0.0,0.5003,0.0033,0.5,0.0032,2.6507,1.5,1.5
19.3,3.7603,-0.0233,0.0,0.5003,0.0033,0.5,0.0029,2.6507,1.5,1.5
19.333,3.777,-0.0234,0.0,0.5005,0.0036,0.5,-0.0033,2.5873,1.5,1.5
19.333,3.777,-0.0234,0.0,0.5005,0.0036,0.5,-0.0005,2.5873,1.5,1.5
19.35,3.7853,-0.0234,0.0,0.5006,0.0028,0.5,0.0013,2.5873,1.5,1.5
19.367,3.7936,-0.0234,0.0,0.5006,0.0047,0.5,0.0038,2.5873,1.5,1.5
19.367,3.7936,-0.0234,0.0,0.5006,0.0047,0.5,-0.0001,2.5873,1.5,1.5
19.367,3.7936,-0.0234,0.0,0.5006,0.0047,0.5,0.0051,2.5873,1.5,1.5
19.4,3.8103,-0.0234,-0.0,0.5007,0.0045,0.5,0.0063,2.5873,1.5,1.5
19.4,3.8103,-0.0234,-0.0,0.5007,0.0045,0.5,0.0051,2.5873,1.5,1.5
19.417,3.8187,-0.0234,0.0,0.5005,0.0032,0.5,0.0003,2.5873,1.5,1.5
19.417,3.8187,-0.0234,0.0,0.5005,0.0032,0.5,0.0023,2.6131,1.5,1.5
19.417,3.8187,-0.0234,0.0,0.5005,0.0032,0.5,0.004,2.6131,1.5,1.5
19.45,3.8354,-0.0235,0.0,0.5008,0.0042,0.5,0.0058,2.6131,1.5,1.5
19.467,3.8437,-0.0235,0.0,0.5008,0.0056,0.5,0.0082,2.6131,1.5,1.5
19.467,3.8437,-0.0235,0.0,0.5008,0.0056,0.5,0.006,2.6131,1.5,1.5
19.467,3.8437,-0.0235,0.0,0.5008,0.0056,0.5,0.0055,2.6131,1.5,1.5
19.5,3.8604,-0.0235,0.0,0.5009,0.0033,0.5,0.0054,2.6131,1.5,1.5
19.5,3.8604,-0.0235,0.0,0.5009,0.0033,0.5,0.0048,2.6131,1.5,1.5
19.517,3.8688,-0.0235,0.0,0.5007,0.0044,0.5,0.0043,2.6131,1.5,1.5
19.517,3.8688,-0.0235,0.0,0.5007,0.0044,0.5,0.0054,2.6131,1.5,1.5
19.517,3.8688,-0.0235,0.0,0.5007,0.0044,0.5,0.005,2.6249,1.5,1.5
19.533,3.8771,-0.0235,0.0,0.5007,0.0043,0.5,0.0032,2.6249,1.5,1.5
19.533,3.8771,-0.0235,0.0,0.5007,0.0043,0.5,0.0034,2.6249,1.5,1.5
19.533,3.8771,-0.0235,0.0,0.5007,0.0043,0.5,0.0004,2.6249,1.5,1.5
19.567,3.8938,-0.0235,0.0,0.5006,0.004,0.5,-0.0021,2.6249,1.5,1.5
19.583,3.9022,-0.0235,0.0,0.5005,0.0037,0.5,-0.0027,2.6249,1.5,1.5
19.583,3.9022,-0.0235,0.0,0.5005,0.0037,0.5,-0.0031,2.6249,1.5,1.5
19.583,3.9022,-0.0235,0.0,0.5005,0.0037,0.5,-0.0036,2.6249,1.5,1.5
19.617,3.9188,-0.0236,0.0,0.5004,0.0043,0.5,0.0008,2.6249,1.5,1.5
19.633,3.9272,-0.0236,0.0,0.5003,0.0046,0.5,-0.0016,2.5996,1.5,1.5
19.633,3.9272,-0.0236,0.0,0.5003,0.0046,0.4997,-0.0001,2.5996,1.5,1.5
19.633,3.9272,-0.0236,0.0,0.5003,0.0046,0.4999,0.0006,2.5996,1.5,1.5
19.667,3.9438,-0.0236,0.0,0.5002,0.0042,0.5,0.0035,2.5996,1.5,1.5
19.667,3.9438,-0.0236,0.0,0.5002,0.0042,0.5,0.0009,2.5996,1.5,1.5
19.683,3.9522,-0.0236,0.0,0.5001,0.005,0.5,0.0032,2.5996,1.5,1.5
19.7,3.9605,-0.0236,0.0,0.5001,0.0047,0.5,0.0064,2.5996,1.5,1.5
19.7,3.9605,-0.0236,0.0,0.5001,0.0047,0.5,0.0049,2.5996,1.5,1.5
19.7,3.9605,-0.0236,0.0,0.5001,0.0047,0.5,0.004,2.5996,1.5,1.5
19.733,3.9772,-0.0236,0.0007,0.4999,0.0039,0.5,0.0035,2.5797,1.5,1.5
19.733,3.9772,-0.0236,0.0007,0.4999,0.0039,0.5,0.0017,2.5797,1.5,1.5
19.75,3.9855,-0.0236,0.0007,0.4998,0.002,0.4985,0.0029,2.5797,1.5,1.5
19.75,3.9855,-0.0236,0.0007,0.4998,0.002,0.4998,0.0033,2.5797,1.5,1.5
19.75,3.9855,-0.0236,0.0007,0.4998,0.002,0.4998,0.0024,2.5797,1.5,1.5
19.783,4.0022,-0.0235,0.0,0.4996,0.0024,0.5,0.0015,2.5797,1.5,1.5
19.8,4.0105,-0.0235,0.0007,0.4996,0.0013,0.5,0.0017,2.5797,1.5,1.5
19.8,4.0105,-0.0235,0.0007,0.4996,0.0013,0.5,-0.003,2.5797,1.5,1.5
19.8,4.0105,-0.0235,0.0007,0.4996,0.0013,0.5,-0.0021,2.5797,1.5,1.5
19.833,4.0271,-0.0235,0.0007,0.4995,0.0003,0.5,-0.0031,2.6552,1.5,1.5
19.833,4.0271,-0.0235,0.0007,0.4995,0.0003,0.5,-0.0033,2.6552,1.5,1.5
19.85,4.0355,-0.0235,0.0007,0.4995,0.0015,0.5,-0.0006,2.6552,1.5,1.5
19.867,4.0438,-0.0235,0.0007,0.4995,0.0013,0.5,-0.0001,2.6552,1.5,1.5
19.867,4.0438,-0.0235,0.0007,0.4995,0.0013,0.5,-0.0059,2.6552,1.5,1.5
19.867,4.0438,-0.0235,0.0007,0.4995,0.0013,0.5,-0.0026,2.6552,1.5,1.5
19.9,4.0604,-0.0235,0.0,0.4991,0.0011,0.5,-0.0005,2.6552,1.5,1.5
19.9,4.0604,-0.0235,0.0,0.4991,0.0011,0.5,0.0014,2.6552,1.5,1.5
19.917,4.0688,-0.0235,0.0007,0.4994,0.0014,0.5,-0.0015,2.6552,1.5,1.5
19.917,4.0688,-0.0235,0.0007,0.4994,0.0014,0.5,-0.0021,2.6706,1.5,1.5
19.917,4.0688,-0.0235,0.0007,0.4994,0.0014,0.5,-0.0013,2.6706,1.5,1.5
19.95,4.0854,-0.0235,0.001,0.4997,0.0015,0.5,-0.0032,2.6706,1.5,1.5
19.967,4.0938,-0.0235,0.0007,0.4997,0.0021,0.5,-0.0032,2.6706,1.5,1.5
19.967,4.0938,-0.0235,0.0007,0.4997,0.0021,0.5,-0.0032,2.6706,1.5,1.5
19.967,4.0938,-0.0235,0.0007,0.4997,0.0021,0.5,-0.0021,2.6706,1.5,1.5
20.0,4.1104,-0.0235,0.0012,0.4999,0.0012,0.5,-0.0038,2.6706,1.5,1.5
20.0,4.1104,-0.0235,0.0012,0.4999,0.0012,0.5,-0.0014,2.6706,1.5,1.5
20.017,4.1188,-0.0235,0.001,0.5,0.0012,0.5,-0.0003,2.6706,1.5,1.5
20.033,4.1271,-0.0235,0.001,0.5,0.0006,0.5,0.0002,2.6433,1.5,1.5
20.033,4.1271,-0.0235,0.001,0.5,0.0006,0.5,0.0018,2.6433,1.5,1.5
20.033,4.1271,-0.0235,0.001,0.5,0.0006,0.5,-0.0009,2.6433,1.5,1.5
20.067,4.1438,-0.0235,0.001,0.5002,0.0013,0.5,0.0019,2.6433,1.5,1.5
20.067,4.1438,-0.0235,0.001,0.5002,0.0013,0.5,0.0037,2.6433,1.5,1.5
20.083,4.1521,-0.0234,0.001,0.5002,0.002,0.5,-0.0002,2.6433,1.5,1.5
20.083,4.1521,-0.0234,0.001,0.5002,0.002,0.5,-0.0017,2.6433,1.5,1.5
20.083,4.1521,-0.0234,0.001,0.5002,0.002,0.5,-0.0017,2.6433,1.5,1.5
20.117,4.1688,-0.0234,0.0012,0.5004,0.0016,0.5,-0.0028,2.6433,1.5,1.5
20.117,4.1688,-0.0234,0.0012,0.5004,0.0016,0.5,-0.0011,2.6006,1.5,1.5
20.133,4.1771,-0.0234,0.0014,0.5004,0.0016,0.5,0.0006,2.6006,1.5,1.5
20.133,4.1771,-0.0234,0.0014,0.5004,0.0016,0.5,-0.0012,2.6006,1.5,1.5
20.133,4.1771,-0.0234,0.0014,0.5004,0.0016,0.5,-0.002,2.6006,1.5,1.5
20.167,4.1938,-0.0234,0.0014,0.5005,0.0015,0.5,-0.0045,2.6006,1.5,1.5
20.167,4.1938,-0.0234,0.0014,0.5005,0.0015,0.5,-0.004,2.6006,1.5,1.5
20.183,4.2022,-0.0234,0.0012,0.5006,0.0018,0.5,-0.0042,2.6006,1.5,1.5
20.183,4.2022,-0.0234,0.0012,0.5006,0.0018,0.5,-0.0008,2.6006,1.5,1.5
20.2,4.2105,-0.0234,0.0014,0.5006,0.0016,0.5,0.0008,2.6006,1.5,1.5
20.2,4.2105,-0.0234,0.0014,0.5006,0.0016,0.5,0.0006,2.6006,1.5,1.5
20.2,4.2105,-0.0234,0.0014,0.5006,0.0016,0.5,-0.0027,2.6073,1.5,1.5
20.233,4.2272,-0.0234,0.0014,0.5007,0.0025,0.5,-0.0017,2.6073,1.5,1.5
20.25,4.2356,-0.0234,0.0015,0.5008,0.0026,0.5,-0.0018,2.6073,1.5,1.5
20.25,4.2356,-0.0234,0.0015,0.5008,0.0026,0.5,0.003,2.6073,1.5,1.5
20.25,4.2356,-0.0234,0.0015,0.5008,0.0026,0.5,0.0031,2.6073,1.5,1.5
20.283,4.2523,-0.0234,0.0015,0.5008,0.0035,0.5,0.0031,2.6073,1.5,1.5
20.283,4.2523,-0.0234,0.0015,0.5008,0.0035,0.5,0.0013,2.6073,1.5,1.5
20.3,4.2606,-0.0234,0.0015,0.5008,0.004,0.5,0.0032,2.6073,1.5,1.5
20.3,4.2606,-0.0234,0.0015,0.5008,0.004,0.5,0.0019,2.6073,1.5,1.5
20.3,4.2606,-0.0234,0.0015,0.5008,0.004,0.5,0.0013,2.6229,1.5,1.5
20.333,4.2773,-0.0233,0.0017,0.5007,0.0017,0.5,0.0004,2.6229,1.5,1.5
20.35,4.2856,-0.0233,0.0017,0.5006,0.003,0.5,0.0013,2.6229,1.5,1.5
20.35,4.2856,-0.0233,0.0017,0.5006,0.003,0.5,0.0004,2.6229,1.5,1.5
20.367,4.294,-0.0233,0.0015,0.5007,0.0019,0.5,-0.0036,2.6229,1.5,1.5
20.367,4.294,-0.0233,0.0015,0.5007,0.0019,0.5,0.0004,2.6229,1.5,1.5
20.367,4.294,-0.0233,0.0015,0.5007,0.0019,0.5,-0.0002,2.6229,1.5,1.5
20.4,4.3107,-0.0233,0.0017,0.5005,0.0016,0.5,0.0006,2.6229,1.5,1.5
20.4,4.3107,-0.0233,0.0017,0.5005,0.0016,0.5,-0.0002,2.6229,1.5,1.5
20.417,4.319,-0.0233,0.0018,0.5005,0.0014,0.5,0.0026,2.6229,1.5,1.5
20.417,4.319,-0.0233,0.0018,0.5005,0.0014,0.5,0.0006,2.6229,1.5,1.5
20.417,4.319,-0.0233,0.0018,0.5005,0.0014,0.5,-0.0019,2.6022,1.5,1.5
20.417,4.319,-0.0233,0.0018,0.5005,0.0014,0.5,-0.0019,2.6022,1.5,1.5
20.45,4.3357,-0.0233,0.0018,0.5004,0.0017,0.5,-0.0035,2.6022,1.5,1.5
20.467,4.344,-0.0233,0.0017,0.5003,0.0015,0.5,-0.0012,2.6022,1.5,1.5
20.467,4.344,-0.0233,0.0017,0.5003,0.0015,0.5,0.0006,2.6022,1.5,1.5
20.467,4.344,-0.0233,0.0017,0.5003,0.0015,0.5,-0.0005,2.6022,1.5,1.5
20.5,4.3607,-0.0232,0.0017,0.5001,0.0004,0.5,0.0028,2.6022,1.5,1.5
20.5,4.3607,-0.0232,0.0017,0.5001,0.0004,0.5,0.0016,2.6022,1.5,1.5
20.517,4.369,-0.0232,0.0018,0.5,0.0009,0.5,0.0025,2.6022,1.5,1.5
20.533,4.3774,-0.0232,0.0017,0.5,0.0006,0.5,0.0046,2.6347,1.5,1.5
20.533,4.3774,-0.0232,0.0017,0.5,0.0006,0.5,0.0038,2.6347,1.5,1.5
20.533,4.3774,-0.0232,0.0017,0.5,0.0006,0.5,-0.0001,2.6347,1.5,1.5
20.567,4.394,-0.0232,0.0018,0.4998,0.0007,0.5,0.0008,2.6347,1.5,1.5
20.567,4.394,-0.0232,0.0018,0.4998,0.0007,0.5,-0.0017,2.6347,1.5,1.5
20.583,4.4024,-0.0231,0.0015,0.4997,-0.0,0.5,-0.0027,2.6347,1.5,1.5
20.583,4.4024,-0.0231,0.0015,0.4997,-0.0,0.5,0.0009,2.6347,1.5,1.5
20.583,4.4024,-0.0231,0.0015,0.4997,-0.0,0.5,0.0015,2.6347,1.5,1.5
20.617,4.419,-0.0231,0.0017,0.4997,-0.0008,0.5,0.002,2.6347,1.5,1.5
20.633,4.4273,-0.0231,0.0018,0.4996,-0.0008,0.5,0.003,2.6012,1.5,1.5
20.633,4.4273,-0.0231,0.0018,0.4996,-0.0008,0.4999,0.0024,2.6012,1.5,1.5
20.633,4.4273,-0.0231,0.0018,0.4996,-0.0008,0.5,0.0005,2.6012,1.5,1.5
20.667,4.444,-0.023,0.0015,0.4995,-0.0019,0.5,0.0011,2.6012,1.5,1.5
20.667,4.444,-0.023,0.0015,0.4995,-0.0019,0.5,-0.0021,2.6012,1.5,1.5
20.683,4.4523,-0.023,0.0018,0.4995,-0.0001,0.5,-0.0038,2.6012,1.5,1.5
20.7,4.4607,-0.023,0.0015,0.4995,-0.0018,0.5,-0.0041,2.6012,1.5,1.5
20.7,4.4607,-0.023,0.0015,0.4995,-0.0018,0.5,-0.0031,2.6012,1.5,1.5
20.7,4.4607,-0.023,0.0015,0.4995,-0.0018,0.4991,0.0022,2.6012,1.5,1.5
20.733,4.4773,-0.023,0.0015,0.4996,-0.0018,0.4999,0.0013,2.6372,1.5,1.5
20.733,4.4773,-0.023,0.0015,0.4996,-0.0018,0.4999,0.0002,2.6372,1.5,1.5
20.75,4.4856,-0.023,0.0017,0.4996,-0.0015,0.5,-0.0021,2.6372,1.5,1.5
20.75,4.4856,-0.023,0.0017,0.4996,-0.0015,0.5,-0.0017,2.6372,1.5,1.5
20.783,4.5023,-0.0229,0.0015,0.4997,-0.0011,0.5,0.0011,2.6372,1.5,1.5
20.783,4.5023,-0.0229,0.0015,0.4997,-0.0011,0.5,-0.0002,2.6372,1.5,1.5
20.8,4.5106,-0.0229,0.0015,0.4998,-0.0005,0.5,0.0006,2.6372,1.5,1.5
20.8,4.5106,-0.0229,0.0015,0.4998,-0.0005,0.5,0.0015,2.6372,1.5,1.5
20.8,4.5106,-0.0229,0.0015,0.4998,-0.0005,0.5,0.0013,2.5627,1.5,1.5
20.833,4.5273,-0.0229,0.0017,0.4999,-0.0006,0.5,0.0036,2.5627,1.5,1.5
20.833,4.5273,-0.0229,0.0017,0.4999,-0.0006,0.5,0.0008,2.5627,1.5,1.5
20.85,4.5356,-0.0229,0.0015,0.4993,-0.002,0.5,0.0005,2.5627,1.5,1.5
20.867,4.544,-0.0228,0.0015,0.4998,-0.001,0.5,-0.0069,2.5627,1.5,1.5
20.867,4.544,-0.0228,0.0015,0.4998,-0.001,0.5,-0.0054,2.5627,1.5,1.5
20.867,4.544,-0.0228,0.0015,0.4998,-0.001,0.5,-0.0023,2.5627,1.5,1.5
20.9,4.5606,-0.0228,0.0015,0.5002,-0.0005,0.5,-0.0001,2.5627,1.5,1.5
20.917,4.569,-0.0228,0.0017,0.5003,-0.0009,0.5,-0.0005,2.5627,1.5,1.5
20.917,4.569,-0.0228,0.0017,0.5003,-0.0009,0.5,0.0005,2.5627,1.5,1.5
20.917,4.569,-0.0228,0.0017,0.5003,-0.0009,0.5,0.0035,2.6006,1.5,1.5
20.95,4.5857,-0.0228,0.0018,0.5004,0.0,0.5,0.0003,2.6006,1.5,1.5
20.95,4.5857,-0.0228,0.0018,0.5004,0.0,0.5,-0.0012,2.6006,1.5,1.5
20.967,4.594,-0.0228,0.0015,0.5005,-0.0,0.5,-0.0024,2.6006,1.5,1.5
20.967,4.594,-0.0228,0.0015,0.5005,-0.0,0.5,-0.0014,2.6006,1.5,1.5
20.967,4.594,-0.0228,0.0015,0.5005,-0.0,0.5,-0.0025,2.6006,1.5,1.5
21.0,4.6107,-0.0227,0.0018,0.5006,0.0028,0.5,-0.0005,2.6006,1.5,1.5
21.0,4.6107,-0.0227,0.0018,0.5006,0.0028,0.5,0.0006,2.6006,1.5,1.5
21.017,4.6191,-0.0227,0.0018,0.5006,0.0008,0.5,0.0048,2.6006,1.5,1.5
21.033,4.6274,-0.0227,0.0018,0.5007,0.0007,0.5,-0.0004,2.6184,1.5,1.5
21.033,4.6274,-0.0227,0.0018,0.5007,0.0007,0.5,0.0005,2.6184,1.5,1.5
21.033,4.6274,-0.0227,0.0018,0.5007,0.0007,0.5,-0.0026,2.6184,1.5,1.5
21.067,4.6441,-0.0227,0.0017,0.5009,-0.0,0.5,-0.0024,2.6184,1.5,1.5
21.067,4.6441,-0.0227,0.0017,0.5009,-0.0,0.5,-0.0022,2.6184,1.5,1.5
21.083,4.6525,-0.0227,0.0017,0.5008,0.0023,0.5,0.0029,2.6184,1.5,1.5
21.083,4.6525,-0.0227,0.0017,0.5008,0.0023,0.5,0.004,2.6184,1.5,1.5
21.117,4.6691,-0.0227,0.002,0.5008,0.0022,0.5,0.0044,2.6184,1.5,1.5
21.117,4.6691,-0.0227,0.002,0.5008,0.0022,0.5,0.0015,2.6184,1.5,1.5
21.133,4.6775,-0.0227,0.0017,0.5008,0.0009,0.5,0.0025,2.6041,1.5,1.5
21.133,4.6775,-0.0227,0.0017,0.5008,0.0009,0.5,0.0001,2.6041,1.5,1.5
21.133,4.6775,-0.0227,0.0017,0.5008,0.0009,0.5,-0.0018,2.6041,1.5,1.5
21.167,4.6942,-0.0226,0.0018,0.5007,0.0023,0.5,0.0026,2.6041,1.5,1.5
21.183,4.7025,-0.0226,0.002,0.5007,0.002,0.4992,0.0018,2.6041,1.5,1.5
21.183,4.7025,-0.0226,0.002,0.5007,0.002,0.4999,-0.0033,2.6041,1.5,1.5
21.2,4.7109,-0.0226,0.0021,0.5006,0.0019,0.4999,-0.0034,2.6041,1.5,1.5
21.2,4.7109,-0.0226,0.0021,0.5006,0.0019,0.5,0.0003,2.6041,1.5,1.5
21.2,4.7109,-0.0226,0.0021,0.5006,0.0019,0.5,-0.0003,2.6041,1.5,1.5
21.233,4.7276,-0.0226,0.002,0.5005,0.0008,0.5,-0.0021,2.61,1.5,1.5
21.25,4.7359,-0.0226,0.0021,0.5004,0.0008,0.5,-0.0013,2.61,1.5,1.5
21.25,4.7359,-0.0226,0.0021,0.5004,0.0008,0.5,-0.0042,2.61,1.5,1.5
21.25,4.7359,-0.0226,0.0021,0.5004,0.0008,0.5,-0.0036,2.61,1.5,1.5
21.25,4.7359,-0.0226,0.0021,0.5004,0.0008,0.5,-0.0047,2.61,1.5,1.5
21.25,4.7359,-0.0226,0.0021,0.5004,0.0008,0.5,-0.0066,2.61,1.5,1.5
21.283,4.7526,-0.0225,0.0021,0.5003,0.0015,0.5,-0.006,2.61,1.5,1.5
21.3,4.7609,-0.0225,0.0021,0.5001,0.0016,0.5,-0.003,2.61,1.5,1.5
21.3,4.7609,-0.0225,0.0021,0.5001,0.0016,0.5,-0.0054,2.61,1.5,1.5
21.3,4.7609,-0.0225,0.0021,0.5001,0.0016,0.5,-0.0049,2.61,1.5,1.5
21.333,4.7776,-0.0225,0.0021,0.5,-0.0001,0.5,-0.0014,2.5976,1.5,1.5
21.333,4.7776,-0.0225,0.0021,0.5,-0.0001,0.5,0.0003,2.5976,1.5,1.5
21.35,4.7859,-0.0224,0.002,0.4999,0.0007,0.5,0.0001,2.5976,1.5,1.5
21.367,4.7942,-0.0224,0.0018,0.4999,-0.001,0.4992,-0.0011,2.5976,1.5,1.5
21.367,4.7942,-0.0224,0.0018,0.4999,-0.001,0.4999,-0.0034,2.5976,1.5,1.5
21.367,4.7942,-0.0224,0.0018,0.4999,-0.001,0.4999,-0.0018,2.5976,1.5,1.5
21.4,4.8109,-0.0224,0.002,0.4998,-0.0007,0.5,-0.0024,2.5976,1.5,1.5
21.4,4.8109,-0.0224,0.002,0.4998,-0.0007,0.5,-0.0008,2.5976,1.5,1.5
21.417,4.8192,-0.0224,0.0018,0.4998,-0.0009,0.5,-0.0022,2.5976,1.5,1.5
21.417,4.8192,-0.0224,0.0018,0.4998,-0.0009,0.5,0.0009,2.6618,1.5,1.5
21.417,4.8192,-0.0224,0.0018,0.4998,-0.0009,0.5,0.0028,2.6618,1.5,1.5
21.45,4.8359,-0.0223,0.0018,0.4996,-0.0018,0.5,0.0003,2.6618,1.5,1.5
21.467,4.8442,-0.0223,0.0015,0.4995,-0.003,0.5,-0.0002,2.6618,1.5,1.5
21.467,4.8442,-0.0223,0.0015,0.4995,-0.003,0.4997,0.0,2.6618,1.5,1.5
21.467,4.8442,-0.0223,0.0015,0.4995,-0.003,0.5,-0.0071,2.6618,1.5,1.5
21.5,4.8609,-0.0222,0.0015,0.4989,-0.0026,0.5,-0.0064,2.6618,1.5,1.5
21.5,4.8609,-0.0222,0.0015,0.4989,-0.0026,0.5,-0.0048,2.6618,1.5,1.5
21.517,4.8692,-0.0222,0.0014,0.4993,-0.0021,0.5,-0.0029,2.6618,1.5,1.5
21.533,4.8775,-0.0222,0.0015,0.4995,-0.003,0.5,-0.001,2.6137,1.5,1.5
21.533,4.8775,-0.0222,0.0015,0.4995,-0.003,0.5,-0.0052,2.6137,1.5,1.5
21.533,4.8775,-0.0222,0.0015,0.4995,-0.003,0.5,-0.0048,2.6137,1.5,1.5
21.567,4.8942,-0.0222,0.0014,0.4996,-0.003,0.5,-0.0027,2.6137,1.5,1.5
21.567,4.8942,-0.0222,0.0014,0.4996,-0.003,0.5,-0.0004,2.6137,1.5,1.5
21.583,4.9025,-0.0221,0.0014,0.4997,-0.0022,0.4994,-0.0016,2.6137,1.5,1.5
21.583,4.9025,-0.0221,0.0014,0.4997,-0.0022,0.4999,-0.0017,2.6137,1.5,1.5
21.583,4.9025,-0.0221,0.0014,0.4997,-0.0022,0.4999,-0.0008,2.6137,1.5,1.5
21.617,4.9192,-0.0221,0.0014,0.4997,-0.0004,0.5,-0.0022,2.6137,1.5,1.5
21.633,4.9275,-0.0221,0.0015,0.4999,-0.0025,0.5,-0.0016,2.6232,1.5,1.5
21.633,4.9275,-0.0221,0.0015,0.4999,-0.0025,0.5,-0.0055,2.6232,1.5,1.5
21.633,4.9275,-0.0221,0.0015,0.4999,-0.0025,0.5,-0.0012,2.6232,1.5,1.5
21.667,4.9442,-0.022,0.0015,0.5,-0.0027,0.5,-0.0026,2.6232,1.5,1.5
21.667,4.9442,-0.022,0.0015,0.5,-0.0027,0.5,-0.003,2.6232,1.5,1.5
21.683,4.9525,-0.022,0.0012,0.5001,-0.0017,0.5,-0.0041,2.6232,1.5,1.5
21.7,4.9608,-0.022,0.0014,0.5001,-0.0022,0.5,-0.0065,2.6232,1.5,1.5
21.7,4.9608,-0.022,0.0014,0.5001,-0.0022,0.5,-0.0054,2.6232,1.5,1.5
21.7,4.9608,-0.022,0.0014,0.5001,-0.0022,0.5,-0.0017,2.6232,1.5,1.5
21.733,4.9775,-0.022,0.0014,0.5001,-0.0018,0.5,0.0001,2.6146,1.5,1.5
21.733,4.9775,-0.022,0.0014,0.5001,-0.0018,0.5,-0.0017,2.6146,1.5,1.5
21.75,4.9859,-0.022,0.001,0.5003,-0.0021,0.5,-0.0034,2.6146,1.5,1.5
21.75,4.9859,-0.022,0.001,0.5003,-0.0021,0.5,-0.0072,2.6146,1.5,1.5
21.75,4.9859,-0.022,0.001,0.5003,-0.0021,0.5,-0.0053,2.6146,1.5,1.5
21.783,5.0025,-0.0219,0.0012,0.5005,-0.0022,0.5,-0.0059,2.6146,1.5,1.5
21.8,5.0109,-0.0219,0.0014,0.5005,-0.0012,0.5,-0.007,2.6146,1.5,1.5
21.8,5.0109,-0.0219,0.0014,0.5005,-0.0012,0.5,-0.0107,2.6146,1.5,1.5
21.8,5.0109,-0.0219,0.0014,0.5005,-0.0012,0.5,-0.0052,2.6146,1.5,1.5
21.833,5.0276,-0.0219,0.0012,0.5006,-0.0005,0.5,-0.0022,2.6036,1.5,1.5
21.833,5.0276,-0.0219,0.0012,0.5006,-0.0005,0.5,0.0015,2.6036,1.5,1.5
21.85,5.0359,-0.0219,0.0014,0.5007,-0.0017,0.5,0.0001,2.6036,1.5,1.5
21.867,5.0443,-0.0219,0.0012,0.5007,-0.0019,0.5,-0.0001,2.6036,1.5,1.5
21.867,5.0443,-0.0219,0.0012,0.5007,-0.0019,0.5,-0.0052,2.6036,1.5,1.5
21.867,5.0443,-0.0219,0.0012,0.5007,-0.0019,0.4999,-0.0041,2.6036,1.5,1.5
21.9,5.061,-0.0218,0.0012,0.5008,0.0001,0.5,-0.0068,2.6036,1.5,1.5
21.9,5.061,-0.0218,0.0012,0.5008,0.0001,0.5,-0.002,2.6036,1.5,1.5
21.917,5.0693,-0.0218,0.0014,0.5008,-0.0017,0.5,-0.0023,2.6036,1.5,1.5
21.917,5.0693,-0.0218,0.0014,0.5008,-0.0017,0.5,-0.0011,2.6183,1.5,1.5
21.917,5.0693,-0.0218,0.0014,0.5008,-0.0017,0.5,-0.0018,2.6183,1.5,1.5
21.95,5.086,-0.0218,0.001,0.5007,-0.0018,0.5,-0.0053,2.6183,1.5,1.5
21.967,5.0944,-0.0218,0.001,0.5007,-0.002,0.5,-0.0056,2.6183,1.5,1.5
21.967,5.0944,-0.0218,0.001,0.5007,-0.002,0.5,-0.0064,2.6183,1.5,1.5
21.967,5.0944,-0.0218,0.001,0.5007,-0.002,0.5,-0.0073,2.6183,1.5,1.5
22.0,5.1111,-0.0218,0.001,0.5006,-0.0014,0.5,-0.0072,2.6183,1.5,1.5
22.0,5.1111,-0.0218,0.001,0.5006,-0.0014,0.5,-0.009,2.6183,1.5,1.5
22.017,5.1194,-0.0217,0.0007,0.5005,-0.0003,0.5,-0.0033,2.6183,1.5,1.5
22.033,5.1277,-0.0217,0.0012,0.5005,-0.0003,0.5,-0.0021,2.6154,1.5,1.5
22.033,5.1277,-0.0217,0.0012,0.5005,-0.0003,0.5,0.0003,2.6154,1.5,1.5
22.033,5.1277,-0.0217,0.0012,0.5005,-0.0003,0.5,-0.0022,2.6154,1.5,1.5
22.067,5.1444,-0.0217,0.0007,0.5004,-0.0016,0.5,-0.0034,2.6154,1.5,1.5
22.067,5.1444,-0.0217,0.0007,0.5004,-0.0016,0.5,-0.0033,2.6154,1.5,1.5
22.083,5.1528,-0.0217,0.001,0.5003,-0.0016,0.4998,-0.0012,2.6154,1.5,1.5
22.083,5.1528,-0.0217,0.001,0.5003,-0.0016,0.5,0.0017,2.6154,1.5,1.5
22.083,5.1528,-0.0217,0.001,0.5003,-0.0016,0.5,-0.0047,2.6154,1.5,1.5
22.117,5.1694,-0.0217,0.0,0.5002,-0.0014,0.5,-0.0046,2.6154,1.5,1.5
22.133,5.1778,-0.0216,0.0,0.5001,-0.0015,0.5,-0.0062,2.5985,1.5,1.5
22.133,5.1778,-0.0216,0.0,0.5001,-0.0015,0.5,-0.0031,2.5985,1.5,1.5
22.133,5.1778,-0.0216,0.0,0.5001,-0.0015,0.5,-0.0002,2.5985,1.5,1.5
22.167,5.1944,-0.0216,0.0,0.4999,-0.0032,0.5,-0.002,2.5985,1.5,1.5
22.167,5.1944,-0.0216,0.0,0.4999,-0.0032,0.5,-0.0051,2.5985,1.5,1.5
22.183,5.2028,-0.0216,0.0,0.4999,-0.0031,0.5,-0.0046,2.5985,1.5,1.5
22.2,5.2111,-0.0216,0.0,0.4998,-0.0036,0.5,-0.0063,2.5985,1.5,1.5
22.2,5.2111,-0.0216,0.0,0.4998,-0.0036,0.5,-0.0065,2.5985,1.5,1.5
22.2,5.2111,-0.0216,0.0,0.4998,-0.0036,0.4995,-0.0057,2.5985,1.5,1.5
22.233,5.2277,-0.0215,0.0,0.4997,-0.0034,0.4999,-0.0067,2.6025,1.5,1.5
22.233,5.2277,-0.0215,0.0,0.4997,-0.0034,0.5,-0.0053,2.6025,1.5,1.5
22.25,5.2361,-0.0215,0.0,0.4996,-0.0038,0.5,-0.0083,2.6025,1.5,1.5
22.25,5.2361,-0.0215,0.0,0.4996,-0.0038,0.5,-0.0089,2.6025,1.5,1.5
22.25,5.2361,-0.0215,0.0,0.4996,-0.0038,0.5,-0.0102,2.6025,1.5,1.5
22.283,5.2527,-0.0215,0.0,0.4995,-0.0048,0.5,-0.0094,2.6025,1.5,1.5
22.3,5.2611,-0.0215,0.0,0.4995,-0.004,0.5,-0.0088,2.6025,1.5,1.5
22.3,5.2611,-0.0215,0.0,0.4995,-0.004,0.5,-0.0107,2.6025,1.5,1.5
22.3,5.2611,-0.0215,0.0,0.4995,-0.004,0.4998,-0.0094,2.6025,1.5,1.5
22.333,5.2777,-0.0214,0.0,0.4995,-0.0045,0.5,-0.0089,2.6098,1.5,1.5
22.333,5.2777,-0.0214,0.0,0.4995,-0.0045,0.5,-0.0068,2.6098,1.5,1.5
22.35,5.286,-0.0214,0.0,0.4995,-0.0043,0.5,-0.0059,2.6098,1.5,1.5
22.367,5.2944,-0.0214,0.0,0.4995,-0.0052,0.5,-0.0031,2.6098,1.5,1.5
22.367,5.2944,-0.0214,0.0,0.4995,-0.0052,0.5,-0.0028,2.6098,1.5,1.5
22.367,5.2944,-0.0214,0.0,0.4995,-0.0052,0.5,-0.0031,2.6098,1.5,1.5
22.4,5.311,-0.0214,0.0,0.4997,-0.0047,0.5,-0.0084,2.6098,1.5,1.5
22.4,5.311,-0.0214,0.0,0.4997,-0.0047,0.4999,-0.0039,2.6098,1.5,1.5
22.417,5.3194,-0.0214,0.0,0.4997,-0.0052,0.5,-0.0078,2.6098,1.5,1.5
22.417,5.3194,-0.0214,0.0,0.4997,-0.0052,0.5,-0.0048,2.5992,1.5,1.5
22.417,5.3194,-0.0214,0.0,0.4997,-0.0052,0.5,-0.0054,2.5992,1.5,1.5
22.417,5.3194,-0.0214,0.0,0.4997,-0.0052,0.5,-0.0023,2.5992,1.5,1.5
22.45,5.336,-0.0213,0.0,0.4996,-0.0056,0.4997,-0.0017,2.5992,1.5,1.5
22.45,5.336,-0.0213,0.0,0.4996,-0.0056,0.4999,-0.0015,2.5992,1.5,1.5
22.45,5.336,-0.0213,0.0,0.4996,-0.0056,0.5,-0.004,2.5992,1.5,1.5
22.467,5.3444,-0.0213,0.0,0.4999,-0.0062,0.5,-0.0042,2.5992,1.5,1.5
22.467,5.3444,-0.0213,0.0,0.4999,-0.0062,0.5,-0.0049,2.5992,1.5,1.5
22.467,5.3444,-0.0213,0.0,0.4999,-0.0062,0.5,-0.0019,2.5992,1.5,1.5
22.5,5.361,-0.0213,0.0,0.5001,-0.0063,0.5,-0.0078,2.5992,1.5,1.5
22.517,5.3694,-0.0213,0.0,0.5001,-0.0049,0.5,-0.0085,2.5992,1.5,1.5
22.517,5.3694,-0.0213,0.0,0.5001,-0.0049,0.5,-0.0078,2.6519,1.5,1.5
22.533,5.3777,-0.0213,-0.0007,0.5002,-0.0059,0.5,-0.0045,2.6519,1.5,1.5
22.533,5.3777,-0.0213,-0.0007,0.5002,-0.0059,0.5,-0.0036,2.6519,1.5,1.5
22.567,5.3944,-0.0213,0.0,0.5001,-0.0051,0.5,-0.0052,2.6519,1.5,1.5
22.567,5.3944,-0.0213,0.0,0.5001,-0.0051,0.4993,-0.0071,2.6519,1.5,1.5
22.583,5.4027,-0.0213,0.0,0.5003,-0.0047,0.4997,-0.0098,2.6519,1.5,1.5
22.583,5.4027,-0.0213,0.0,0.5003,-0.0047,0.4999,-0.0081,2.6519,1.5,1.5
22.583,5.4027,-0.0213,0.0,0.5003,-0.0047,0.5,-0.0073,2.6519,1.5,1.5
22.617,5.4194,-0.0213,-0.0007,0.5005,-0.0046,0.5,-0.0048,2.6519,1.5,1.5
22.633,5.4278,-0.0213,-0.0012,0.5006,-0.0035,0.5,-0.0054,2.5757,1.5,1.5
22.633,5.4278,-0.0213,-0.0012,0.5006,-0.0035,0.5,-0.0056,2.5757,1.5,1.5
22.633,5.4278,-0.0213,-0.0012,0.5006,-0.0035,0.5,-0.0058,2.5757,1.5,1.5
22.667,5.4445,-0.0213,-0.0012,0.5006,-0.0039,0.5,-0.0058,2.5757,1.5,1.5
22.667,5.4445,-0.0213,-0.0012,0.5006,-0.0039,0.5,-0.0055,2.5757,1.5,1.5
22.683,5.4528,-0.0213,-0.0012,0.5007,-0.0042,0.5,-0.0063,2.5757,1.5,1.5
22.7,5.4612,-0.0213,-0.0012,0.5002,-0.0034,0.5,-0.0097,2.5757,1.5,1.5
22.7,5.4612,-0.0213,-0.0012,0.5002,-0.0034,0.5,-0.0053,2.5757,1.5,1.5
22.7,5.4612,-0.0213,-0.0012,0.5002,-0.0034,0.5,-0.0038,2.5757,1.5,1.5
22.733,5.4778,-0.0213,-0.0015,0.5007,-0.0039,0.5,-0.0045,2.6009,1.5,1.5
22.733,5.4778,-0.0213,-0.0015,0.5007,-0.0039,0.5,-0.0042,2.6009,1.5,1.5
22.75,5.4862,-0.0213,-0.0014,0.5007,-0.0037,0.5,-0.0057,2.6009,1.5,1.5
22.75,5.4862,-0.0213,-0.0014,0.5007,-0.0037,0.5,-0.0081,2.6009,1.5,1.5
22.75,5.4862,-0.0213,-0.0014,0.5007,-0.0037,0.5,-0.0066,2.6009,1.5,1.5
22.783,5.5029,-0.0213,-0.0017,0.5007,-0.0036,0.5,-0.0054,2.6009,1.5,1.5
22.8,5.5112,-0.0213,-0.0015,0.5007,-0.0038,0.5,-0.0048,2.6009,1.5,1.5
22.8,5.5112,-0.0213,-0.0015,0.5007,-0.0038,0.5,-0.007,2.6009,1.5,1.5
22.8,5.5112,-0.0213,-0.0015,0.5007,-0.0038,0.5,-0.0074,2.6009,1.5,1.5
22.833,5.5279,-0.0213,-0.002,0.5006,-0.0031,0.5,-0.0071,2.5921,1.5,1.5
22.833,5.5279,-0.0213,-0.002,0.5006,-0.0031,0.5,-0.0047,2.5921,1.5,1.5
22.85,5.5363,-0.0213,-0.002,0.5005,-0.0051,0.5,-0.0059,2.5921,1.5,1.5
22.867,5.5446,-0.0213,-0.0021,0.5004,-0.0042,0.5,-0.0067,2.5921,1.5,1.5
22.867,5.5446,-0.0213,-0.0021,0.5004,-0.0042,0.5,-0.0064,2.5921,1.5,1.5
22.867,5.5446,-0.0213,-0.0021,0.5004,-0.0042,0.5,-0.0042,2.5921,1.5,1.5
22.9,5.5613,-0.0213,-0.0022,0.5003,-0.0041,0.5,-0.0031,2.5921,1.5,1.5
22.9,5.5613,-0.0213,-0.0022,0.5003,-0.0041,0.4997,-0.0023,2.5921,1.5,1.5
22.917,5.5696,-0.0214,-0.0024,0.5002,-0.0049,0.4999,-0.0048,2.5921,1.5,1.5
22.917,5.5696,-0.0214,-0.0024,0.5002,-0.0049,0.5,-0.0102,2.6175,1.5,1.5
22.917,5.5696,-0.0214,-0.0024,0.5002,-0.0049,0.5,-0.0073,2.6175,1.5,1.5
22.95,5.5863,-0.0214,-0.0027,0.5001,-0.0051,0.5,-0.0045,2.6175,1.5,1.5
22.967,5.5946,-0.0214,-0.0027,0.5,-0.0061,0.5,-0.0046,2.6175,1.5,1.5
22.967,5.5946,-0.0214,-0.0027,0.5,-0.0061,0.5,-0.0076,2.6175,1.5,1.5
22.967,5.5946,-0.0214,-0.0027,0.5,-0.0061,0.5,-0.0077,2.6175,1.5,1.5
23.0,5.6113,-0.0214,-0.003,0.4998,-0.0061,0.4996,-0.0066,2.6175,1.5,1.5
23.0,5.6113,-0.0214,-0.003,0.4998,-0.0061,0.4999,-0.0093,2.6175,1.5,1.5
23.017,5.6196,-0.0214,-0.0031,0.4998,-0.0069,0.4999,-0.0114,2.6175,1.5,1.5
23.033,5.6279,-0.0214,-0.0032,0.4997,-0.0069,0.5,-0.0097,2.6563,1.5,1.5
23.033,5.6279,-0.0214,-0.0032,0.4997,-0.0069,0.5,-0.0072,2.6563,1.5,1.5
23.033,5.6279,-0.0214,-0.0032,0.4997,-0.0069,0.5,-0.0095,2.6563,1.5,1.5
23.067,5.6446,-0.0214,-0.0034,0.4995,-0.006,0.5,-0.0054,2.6563,1.5,1.5
23.067,5.6446,-0.0214,-0.0034,0.4995,-0.006,0.4988,-0.005,2.6563,1.5,1.5
23.083,5.6529,-0.0214,-0.0035,0.4996,-0.0073,0.4998,-0.0087,2.6563,1.5,1.5
23.083,5.6529,-0.0214,-0.0035,0.4996,-0.0073,0.4999,-0.0092,2.6563,1.5,1.5
23.083,5.6529,-0.0214,-0.0035,0.4996,-0.0073,0.5,-0.0107,2.6563,1.5,1.5
23.117,5.6696,-0.0214,-0.0037,0.4995,-0.0074,0.5,-0.0064,2.6563,1.5,1.5
23.133,5.6779,-0.0214,-0.004,0.4995,-0.0074,0.5,-0.0056,2.5633,1.5,1.5
23.133,5.6779,-0.0214,-0.004,0.4995,-0.0074,0.5,-0.006,2.5633,1.5,1.5
23.133,5.6779,-0.0214,-0.004,0.4995,-0.0074,0.5,-0.0067,2.5633,1.5,1.5
23.167,5.6945,-0.0215,-0.0042,0.4995,-0.0085,0.5,-0.0066,2.5633,1.5,1.5
23.167,5.6945,-0.0215,-0.0042,0.4995,-0.0085,0.5,-0.0057,2.5633,1.5,1.5
23.183,5.7029,-0.0215,-0.0043,0.4995,-0.0092,0.5,-0.0069,2.5633,1.5,1.5
23.2,5.7112,-0.0215,-0.0045,0.4986,-0.0088,0.5,-0.0065,2.5633,1.5,1.5
23.2,5.7112,-0.0215,-0.0045,0.4986,-0.0088,0.5,-0.0084,2.5633,1.5,1.5
23.2,5.7112,-0.0215,-0.0045,0.4986,-0.0088,0.5,-0.0085,2.5633,1.5,1.5
23.233,5.7278,-0.0215,-0.0047,0.4996,-0.0082,0.5,-0.0113,2.6077,1.5,1.5
23.233,5.7278,-0.0215,-0.0047,0.4996,-0.0082,0.5,-0.0099,2.6077,1.5,1.5
23.25,5.7362,-0.0215,-0.0048,0.4997,-0.0094,0.5,-0.006,2.6077,1.5,1.5
23.25,5.7362,-0.0215,-0.0048,0.4997,-0.0094,0.5,-0.0075,2.6077,1.5,1.5
23.25,5.7362,-0.0215,-0.0048,0.4997,-0.0094,0.5,-0.0113,2.6077,1.5,1.5
23.283,5.7528,-0.0216,-0.005,0.4999,-0.0085,0.5,-0.0115,2.6077,1.5,1.5
23.3,5.7612,-0.0216,-0.0052,0.5,-0.0082,0.5,-0.0088,2.6077,1.5,1.5
23.3,5.7612,-0.0216,-0.0052,0.5,-0.0082,0.4999,-0.0075,2.6077,1.5,1.5
23.3,5.7612,-0.0216,-0.0052,0.5,-0.0082,0.5,-0.0087,2.6077,1.5,1.5
23.333,5.7779,-0.0217,-0.0054,0.5001,-0.008,0.5,-0.0096,2.6759,1.5,1.5
23.333,5.7779,-0.0217,-0.0054,0.5001,-0.008,0.5,-0.0084,2.6759,1.5,1.5
23.35,5.7862,-0.0217,-0.0055,0.5002,-0.0065,0.5,-0.0043,2.6759,1.5,1.5
23.367,5.7945,-0.0217,-0.0057,0.5003,-0.0072,0.4988,-0.0061,2.6759,1.5,1.5
23.367,5.7945,-0.0217,-0.0057,0.5003,-0.0072,0.4998,-0.0089,2.6759,1.5,1.5
23.367,5.7945,-0.0217,-0.0057,0.5003,-0.0072,0.4999,-0.006,2.6759,1.5,1.5
23.4,5.8112,-0.0218,-0.0059,0.5004,-0.0064,0.5,-0.0042,2.6759,1.5,1.5
23.4,5.8112,-0.0218,-0.0059,0.5004,-0.0064,0.5,-0.0065,2.6759,1.5,1.5
23.417,5.8196,-0.0218,-0.0059,0.5005,-0.0069,0.5,-0.0065,2.6759,1.5,1.5
23.417,5.8196,-0.0218,-0.0059,0.5005,-0.0069,0.5,-0.0037,2.5911,1.5,1.5
23.417,5.8196,-0.0218,-0.0059,0.5005,-0.0069,0.5,-0.0056,2.5911,1.5,1.5
23.45,5.8363,-0.0219,-0.0061,0.5005,-0.0069,0.5,-0.0037,2.5911,1.5,1.5
23.45,5.8363,-0.0219,-0.0061,0.5005,-0.0069,0.5,-0.0046,2.5911,1.5,1.5
23.467,5.8446,-0.0219,-0.0063,0.5006,-0.0067,0.5,-0.0047,2.5911,1.5,1.5
23.467,5.8446,-0.0219,-0.0063,0.5006,-0.0067,0.5,-0.0086,2.5911,1.5,1.5
23.5,5.8613,-0.022,-0.0064,0.4997,-0.0071,0.5,-0.0086,2.5911,1.5,1.5
23.5,5.8613,-0.022,-0.0064,0.4997,-0.0071,0.5,-0.007,2.5911,1.5,1.5
23.517,5.8696,-0.022,-0.0066,0.5006,-0.008,0.5,-0.0046,2.5911,1.5,1.5
23.533,5.878,-0.0221,-0.0066,0.5007,-0.0053,0.5,-0.0059,2.5587,1.5,1.5
23.533,5.878,-0.0221,-0.0066,0.5007,-0.0053,0.5,-0.007,2.5587,1.5,1.5
23.533,5.878,-0.0221,-0.0066,0.5007,-0.0053,0.5,-0.01,2.5587,1.5,1.5
23.533,5.878,-0.0221,-0.0066,0.5007,-0.0053,0.5,-0.0062,2.5587,1.5,1.5
23.533,5.878,-0.0221,-0.0066,0.5007,-0.0053,0.5,-0.0051,2.5587,1.5,1.5
23.567,5.8947,-0.0222,-0.0068,0.5007,-0.0057,0.5,-0.0042,2.5587,1.5,1.5
23.583,5.903,-0.0222,-0.0069,0.5007,-0.0065,0.5,-0.0087,2.5587,1.5,1.5
23.583,5.903,-0.0222,-0.0069,0.5007,-0.0065,0.5,-0.0098,2.5587,1.5,1.5
23.583,5.903,-0.0222,-0.0069,0.5007,-0.0065,0.5,-0.0099,2.5587,1.5,1.5
23.617,5.9197,-0.0223,-0.0071,0.5007,-0.0056,0.5,-0.0057,2.5587,1.5,1.5
23.617,5.9197,-0.0223,-0.0071,0.5007,-0.0056,0.5,-0.0032,2.5889,1.5,1.5
23.633,5.9281,-0.0223,-0.0073,0.5006,-0.0063,0.5,-0.0043,2.5889,1.5,1.5
23.633,5.9281,-0.0223,-0.0073,0.5006,-0.0063,0.5,-0.0056,2.5889,1.5,1.5
23.633,5.9281,-0.0223,-0.0073,0.5006,-0.0063,0.5,-0.0038,2.5889,1.5,1.5
23.667,5.9447,-0.0224,-0.0075,0.5005,-0.0054,0.5,-0.0025,2.5889,1.5,1.5
23.683,5.9531,-0.0225,-0.0076,0.5004,-0.0071,0.5,-0.0011,2.5889,1.5,1.5
23.683,5.9531,-0.0225,-0.0076,0.5004,-0.0071,0.5,-0.0035,2.5889,1.5,1.5
23.7,5.9614,-0.0225,-0.0077,0.5003,-0.0067,0.5,-0.0054,2.5889,1.5,1.5
23.7,5.9614,-0.0225,-0.0077,0.5003,-0.0067,0.5,-0.0072,2.5889,1.5,1.5
23.7,5.9614,-0.0225,-0.0077,0.5003,-0.0067,0.5,-0.0084,2.5889,1.5,1.5
23.733,5.9781,-0.0226,-0.008,0.5002,-0.0065,0.5,-0.0066,2.6243,1.5,1.5
23.75,5.9864,-0.0226,-0.0081,0.5001,-0.0076,0.5,-0.0042,2.6243,1.5,1.5
23.75,5.9864,-0.0226,-0.0081,0.5001,-0.0076,0.5,-0.0045,2.6243,1.5,1.5
23.75,5.9864,-0.0226,-0.0081,0.5001,-0.0076,0.5,-0.0054,2.6243,1.5,1.5
23.783,6.0031,-0.0227,-0.0083,0.5,-0.008,0.4999,-0.0034,2.6243,1.5,1.5
23.783,6.0031,-0.0227,-0.0083,0.5,-0.008,0.5,-0.0047,2.6243,1.5,1.5
23.8,6.0114,-0.0228,-0.0085,0.4999,-0.0085,0.4999,-0.0037,2.6243,1.5,1.5
23.8,6.0114,-0.0228,-0.0085,0.4999,-0.0085,0.5,-0.0048,2.6243,1.5,1.5
23.8,6.0114,-0.0228,-0.0085,0.4999,-0.0085,0.5,-0.0069,2.6098,1.5,1.5
23.833,6.0281,-0.0229,-0.0088,0.4998,-0.0077,0.5,-0.0098,2.6098,1.5,1.5
23.833,6.0281,-0.0229,-0.0088,0.4998,-0.0077,0.5,-0.0037,2.6098,1.5,1.5
23.85,6.0364,-0.0229,-0.0089,0.4997,-0.0081,0.5,-0.0046,2.6098,1.5,1.5
23.867,6.0447,-0.023,-0.0091,0.4997,-0.0092,0.5,-0.0069,2.6098,1.5,1.5
23.867,6.0447,-0.023,-0.0091,0.4997,-0.0092,0.5,-0.0076,2.6098,1.5,1.5
23.867,6.0447,-0.023,-0.0091,0.4997,-0.0092,0.5,-0.0086,2.6098,1.5,1.5
23.9,6.0614,-0.0231,-0.0093,0.4995,-0.009,0.5,-0.0097,2.6098,1.5,1.5
23.9,6.0614,-0.0231,-0.0093,0.4995,-0.009,0.5,-0.009,2.6098,1.5,1.5
23.917,6.0697,-0.0231,-0.0095,0.4994,-0.0086,0.5,-0.0076,2.6098,1.5,1.5
23.917,6.0697,-0.0231,-0.0095,0.4994,-0.0086,0.5,-0.0087,2.5755,1.5,1.5
23.95,6.0864,-0.0233,-0.0098,0.4995,-0.0083,0.5,-0.009,2.5755,1.5,1.5
23.95,6.0864,-0.0233,-0.0098,0.4995,-0.0083,0.5,-0.0046,2.5755,1.5,1.5
23.967,6.0947,-0.0233,-0.0099,0.4995,-0.0094,0.5,-0.0021,2.5755,1.5,1.5
23.967,6.0947,-0.0233,-0.0099,0.4995,-0.0094,0.5,-0.0034,2.5755,1.5,1.5
23.967,6.0947,-0.0233,-0.0099,0.4995,-0.0094,0.5,-0.0079,2.5755,1.5,1.5
24.0,6.1114,-0.0234,-0.0101,0.4995,-0.0087,0.5,-0.0075,2.5755,1.5,1.5
24.0,6.1114,-0.0234,-0.0101,0.4995,-0.0087,0.5,-0.0061,2.5755,1.5,1.5
24.017,6.1197,-0.0235,-0.0103,0.4996,-0.0083,0.5,-0.0047,2.5755,1.5,1.5
24.033,6.128,-0.0236,-0.0104,0.4996,-0.0079,0.5,-0.0042,2.5072,1.5,1.5
24.033,6.128,-0.0236,-0.0104,0.4996,-0.0079,0.5,-0.0053,2.5072,1.5,1.5
24.033,6.128,-0.0236,-0.0104,0.4996,-0.0079,0.5,-0.0069,2.5072,1.5,1.5
24.067,6.1447,-0.0237,-0.0107,0.4997,-0.0079,0.5,-0.0058,2.5072,1.5,1.5
24.083,6.153,-0.0238,-0.0108,0.4998,-0.008,0.5,-0.0073,2.5072,1.5,1.5
24.083,6.153,-0.0238,-0.0108,0.4998,-0.008,0.5,-0.0088,2.5072,1.5,1.5
24.083,6.153,-0.0238,-0.0108,0.4998,-0.008,0.5,-0.003,2.5072,1.5,1.5
24.117,6.1697,-0.0239,-0.011,0.5,-0.0073,0.5,-0.0053,2.5072,1.5,1.5
24.117,6.1697,-0.0239,-0.011,0.5,-0.0073,0.5,-0.0033,2.5072,1.5,1.5
24.133,6.178,-0.024,-0.0112,0.5,-0.0087,0.5,-0.0033,2.5558,1.5,1.5
24.133,6.178,-0.024,-0.0112,0.5,-0.0087,0.5,-0.0037,2.5558,1.5,1.5
24.133,6.178,-0.024,-0.0112,0.5,-0.0087,0.5,-0.0104,2.5558,1.5,1.5
24.167,6.1947,-0.0241,-0.0113,0.5001,-0.0077,0.5,-0.007,2.5558,1.5,1.5
24.167,6.1947,-0.0241,-0.0113,0.5001,-0.0077,0.5,-0.0066,2.5558,1.5,1.5
24.167,6.1947,-0.0241,-0.0113,0.5001,-0.0077,0.5,-0.0065,2.5558,1.5,1.5
24.183,6.203,-0.0242,-0.0114,0.5002,-0.007,0.5,-0.0039,2.5558,1.5,1.5
24.2,6.2114,-0.0243,-0.0116,0.5003,-0.0072,0.4998,-0.0021,2.5558,1.5,1.5
24.2,6.2114,-0.0243,-0.0116,0.5003,-0.0072,0.5,-0.0052,2.5558,1.5,1.5
24.2,6.2114,-0.0243,-0.0116,0.5003,-0.0072,0.4996,-0.005,2.5558,1.5,1.5
24.233,6.2281,-0.0245,-0.0117,0.5004,-0.0067,0.4993,-0.0054,2.5352,1.5,1.5
24.233,6.2281,-0.0245,-0.0117,0.5004,-0.0067,0.4995,-0.0051,2.5352,1.5,1.5
24.25,6.2364,-0.0245,-0.0118,0.5005,-0.0078,0.4999,-0.0054,2.5352,1.5,1.5
24.25,6.2364,-0.0245,-0.0118,0.5005,-0.0078,0.4998,-0.0067,2.5352,1.5,1.5
24.283,6.2531,-0.0247,-0.0119,0.5006,-0.0068,0.5,-0.0065,2.5352,1.5,1.5
24.283,6.2531,-0.0247,-0.0119,0.5006,-0.0068,0.5,-0.0033,2.5352,1.5,1.5
24.3,6.2615,-0.0248,-0.012,0.5006,-0.0061,0.5,-0.002,2.5352,1.5,1.5
24.3,6.2615,-0.0248,-0.012,0.5006,-0.0061,0.5,-0.0031,2.5352,1.5,1.5
24.3,6.2615,-0.0248,-0.012,0.5006,-0.0061,0.5,-0.0017,2.5169,1.5,1.5
24.333,6.2781,-0.025,-0.0122,0.5006,-0.0071,0.5,-0.003,2.5169,1.5,1.5
24.35,6.2865,-0.0251,-0.0123,0.5005,-0.0058,0.5,-0.003,2.5169,1.5,1.5
24.35,6.2865,-0.0251,-0.0123,0.5005,-0.0058,0.5,0.002,2.5169,1.5,1.5
24.367,6.2948,-0.0252,-0.0124,0.5001,-0.0046,0.5,0.0021,2.5169,1.5,1.5
24.367,6.2948,-0.0252,-0.0124,0.5001,-0.0046,0.4999,-0.0027,2.5169,1.5,1.5
24.367,6.2948,-0.0252,-0.0124,0.5001,-0.0046,0.5,-0.0035,2.5169,1.5,1.5
24.4,6.3115,-0.0253,-0.0125,0.5005,-0.0044,0.5,-0.0083,2.5169,1.5,1.5
24.417,6.3199,-0.0254,-0.0126,0.5007,-0.0053,0.5,-0.0063,2.5169,1.5,1.5
24.417,6.3199,-0.0254,-0.0126,0.5007,-0.0053,0.5,-0.0064,2.4994,1.5,1.5
24.417,6.3199,-0.0254,-0.0126,0.5007,-0.0053,0.5,-0.0044,2.4994,1.5,1.5
24.45,6.3365,-0.0256,-0.0128,0.5006,-0.0056,0.5,-0.0054,2.4994,1.5,1.5
24.45,6.3365,-0.0256,-0.0128,0.5006,-0.0056,0.5,-0.0032,2.4994,1.5,1.5
24.467,6.3449,-0.0257,-0.0129,0.5006,-0.0052,0.5,-0.0026,2.4994,1.5,1.5
24.467,6.3449,-0.0257,-0.0129,0.5006,-0.0052,0.5,-0.0038,2.4994,1.5,1.5
24.467,6.3449,-0.0257,-0.0129,0.5006,-0.0052,0.5,-0.0035,2.4994,1.5,1.5
24.5,6.3616,-0.0259,-0.013,0.5004,-0.0057,0.5,-0.0086,2.4994,1.5,1.5
24.517,6.3699,-0.026,-0.0131,0.5004,-0.0043,0.4999,-0.0043,2.4994,1.5,1.5
24.517,6.3699,-0.026,-0.0131,0.5004,-0.0043,0.5,-0.003,2.4994,1.5,1.5
24.533,6.3782,-0.0261,-0.0132,0.5003,-0.004,0.5,-0.0018,2.5338,1.5,1.5
24.533,6.3782,-0.0261,-0.0132,0.5003,-0.004,0.5,-0.0045,2.5338,1.5,1.5
24.533,6.3782,-0.0261,-0.0132,0.5003,-0.004,0.5,-0.0041,2.5338,1.5,1.5
24.567,6.3949,-0.0263,-0.0134,0.5001,-0.0054,0.5,-0.0058,2.5338,1.5,1.5
24.583,6.4032,-0.0264,-0.0135,0.5001,-0.0052,0.5,-0.0056,2.5338,1.5,1.5
24.583,6.4032,-0.0264,-0.0135,0.5001,-0.0052,0.4998,-0.0043,2.5338,1.5,1.5
24.583,6.4032,-0.0264,-0.0135,0.5001,-0.0052,0.5,0.0004,2.5338,1.5,1.5
24.617,6.4199,-0.0266,-0.0137,0.4999,-0.006,0.5,0.0021,2.5338,1.5,1.5
24.617,6.4199,-0.0266,-0.0137,0.4999,-0.006,0.4997,0.0007,2.5743,1.5,1.5
24.633,6.4282,-0.0267,-0.0138,0.4998,-0.006,0.5,-0.0044,2.5743,1.5,1.5
24.633,6.4282,-0.0267,-0.0138,0.4998,-0.006,0.5,-0.0034,2.5743,1.5,1.5
24.633,6.4282,-0.0267,-0.0138,0.4998,-0.006,0.5,-0.0051,2.5743,1.5,1.5
24.667,6.4449,-0.0269,-0.0141,0.4997,-0.0068,0.5,-0.0003,2.5743,1.5,1.5
24.683,6.4532,-0.027,-0.0142,0.4997,-0.0069,0.5,-0.0011,2.5743,1.5,1.5
24.683,6.4532,-0.027,-0.0142,0.4997,-0.0069,0.5,-0.0053,2.5743,1.5,1.5
24.7,6.4616,-0.0271,-0.0143,0.4996,-0.0069,0.5,-0.0059,2.5743,1.5,1.5
24.7,6.4616,-0.0271,-0.0143,0.4996,-0.0069,0.4989,-0.0076,2.5743,1.5,1.5
24.7,6.4616,-0.0271,-0.0143,0.4996,-0.0069,0.4998,-0.0079,2.5743,1.5,1.5
24.733,6.4782,-0.0273,-0.0145,0.4995,-0.0076,0.4999,-0.0062,2.5227,1.5,1.5
24.75,6.4865,-0.0274,-0.0146,0.4995,-0.0078,0.5,-0.0064,2.5227,1.5,1.5
24.75,6.4865,-0.0274,-0.0146,0.4995,-0.0078,0.5,-0.008,2.5227,1.5,1.5
24.75,6.4865,-0.0274,-0.0146,0.4995,-0.0078,0.5,-0.0046,2.5227,1.5,1.5
24.783,6.5032,-0.0276,-0.0148,0.4995,-0.0068,0.5,-0.0028,2.5227,1.5,1.5
24.783,6.5032,-0.0276,-0.0148,0.4995,-0.0068,0.5,-0.0026,2.5227,1.5,1.5
24.8,6.5115,-0.0277,-0.0149,0.4995,-0.008,0.5,-0.003,2.5227,1.5,1.5
24.8,6.5115,-0.0277,-0.0149,0.4995,-0.008,0.5,-0.0055,2.5227,1.5,1.5
24.8,6.5115,-0.0277,-0.0149,0.4995,-0.008,0.5,-0.0113,2.5206,1.5,1.5
24.833,6.5282,-0.0279,-0.0151,0.4996,-0.0064,0.5,-0.0119,2.5206,1.5,1.5
24.85,6.5365,-0.028,-0.0152,0.4995,-0.0062,0.5,-0.0049,2.5206,1.5,1.5
24.85,6.5365,-0.028,-0.0152,0.4995,-0.0062,0.5,-0.0029,2.5206,1.5,1.5
24.867,6.5448,-0.0281,-0.0153,0.4996,-0.0066,0.5,-0.0057,2.5206,1.5,1.5
24.867,6.5448,-0.0281,-0.0153,0.4996,-0.0066,0.5,-0.0035,2.5206,1.5,1.5
24.867,6.5448,-0.0281,-0.0153,0.4996,-0.0066,0.5,-0.0024,2.5206,1.5,1.5
24.9,6.5615,-0.0283,-0.0155,0.4998,-0.0069,0.5,-0.001,2.5206,1.5,1.5
24.917,6.5698,-0.0285,-0.0155,0.4999,-0.0074,0.5,-0.0046,2.5206,1.5,1.5
24.917,6.5698,-0.0285,-0.0155,0.4999,-0.0074,0.5,-0.0035,2.5206,1.5,1.5
24.917,6.5698,-0.0285,-0.0155,0.4999,-0.0074,0.5,-0.0049,2.4885,1.5,1.5
24.95,6.5865,-0.0287,-0.0157,0.5,-0.0051,0.4998,-0.0048,2.4885,1.5,1.5
24.95,6.5865,-0.0287,-0.0157,0.5,-0.0051,0.5,-0.0046,2.4885,1.5,1.5
24.967,6.5948,-0.0288,-0.0158,0.5001,-0.0073,0.5,-0.005,2.4885,1.5,1.5
24.967,6.5948,-0.0288,-0.0158,0.5001,-0.0073,0.5,-0.0092,2.4885,1.5,1.5
24.967,6.5948,-0.0288,-0.0158,0.5001,-0.0073,0.5,-0.0109,2.4885,1.5,1.5
25.0,6.6115,-0.029,-0.0159,0.5002,-0.0056,0.5,-0.0054,2.4885,1.5,1.5
25.0,6.6115,-0.029,-0.0159,0.5002,-0.0056,0.5,-0.005,2.4885,1.5,1.5
25.017,6.6199,-0.0292,-0.016,0.5003,-0.0063,0.5,-0.0053,2.4885,1.5,1.5
25.033,6.6282,-0.0293,-0.0161,0.5004,-0.0059,0.5,-0.0104,2.5176,1.5,1.5
25.033,6.6282,-0.0293,-0.0161,0.5004,-0.0059,0.5,-0.0063,2.5176,1.5,1.5
25.033,6.6282,-0.0293,-0.0161,0.5004,-0.0059,0.5,-0.0064,2.5176,1.5,1.5
25.033,6.6282,-0.0293,-0.0161,0.5004,-0.0059,0.5,-0.0019,2.5176,1.5,1.5
25.067,6.6449,-0.0295,-0.0162,0.5005,-0.005,0.5,-0.0029,2.5176,1.5,1.5
25.067,6.6449,-0.0295,-0.0162,0.5005,-0.005,0.5,-0.0013,2.5176,1.5,1.5
25.083,6.6532,-0.0297,-0.0163,0.5004,-0.0051,0.5,-0.0019,2.5176,1.5,1.5
25.083,6.6532,-0.0297,-0.0163,0.5004,-0.0051,0.5,-0.0018,2.5176,1.5,1.5
25.083,6.6532,-0.0297,-0.0163,0.5004,-0.0051,0.5,-0.0002,2.5176,1.5,1.5
25.117,6.6699,-0.0299,-0.0164,0.5007,-0.0054,0.5,-0.0044,2.5176,1.5,1.5
25.133,6.6783,-0.03,-0.0164,0.5007,-0.0044,0.4999,-0.0031,2.4952,1.5,1.5
25.133,6.6783,-0.03,-0.0164,0.5007,-0.0044,0.5,-0.0075,2.4952,1.5,1.5
25.133,6.6783,-0.03,-0.0164,0.5007,-0.0044,0.5,-0.0065,2.4952,1.5,1.5
25.167,6.695,-0.0303,-0.0165,0.5007,-0.0048,0.5,-0.0086,2.4952,1.5,1.5
25.167,6.695,-0.0303,-0.0165,0.5007,-0.0048,0.5,-0.0053,2.4952,1.5,1.5
25.183,6.7033,-0.0304,-0.0166,0.5007,-0.0046,0.5,0.0024,2.4952,1.5,1.5
25.2,6.7116,-0.0306,-0.0167,0.5007,-0.0046,0.5,0.0013,2.4952,1.5,1.5
25.2,6.7116,-0.0306,-0.0167,0.5007,-0.0046,0.5,-0.0022,2.4952,1.5,1.5
25.2,6.7116,-0.0306,-0.0167,0.5007,-0.0046,0.5,-0.0035,2.4952,1.5,1.5
25.233,6.7283,-0.0308,-0.0168,0.5007,-0.0046,0.5,-0.0037,2.5273,1.5,1.5
25.233,6.7283,-0.0308,-0.0168,0.5007,-0.0046,0.5,-0.0039,2.5273,1.5,1.5
25.25,6.7367,-0.031,-0.0169,0.5007,-0.0031,0.5,-0.0054,2.5273,1.5,1.5
25.25,6.7367,-0.031,-0.0169,0.5007,-0.0031,0.5,-0.0038,2.5273,1.5,1.5
25.25,6.7367,-0.031,-0.0169,0.5007,-0.0031,0.4999,-0.003,2.5273,1.5,1.5
25.283,6.7534,-0.0312,-0.017,0.5006,-0.0037,0.5,-0.0001,2.5273,1.5,1.5
25.3,6.7617,-0.0313,-0.0171,0.5005,-0.0039,0.5,-0.0049,2.5273,1.5,1.5
25.3,6.7617,-0.0313,-0.0171,0.5005,-0.0039,0.5,-0.0037,2.5273,1.5,1.5
25.3,6.7617,-0.0313,-0.0171,0.5005,-0.0039,0.5,-0.0025,2.5273,1.5,1.5
25.333,6.7784,-0.0316,-0.0172,0.5004,-0.0045,0.5,-0.0012,2.4923,1.5,1.5
25.333,6.7784,-0.0316,-0.0172,0.5004,-0.0045,0.5,-0.0054,2.4923,1.5,1.5
25.35,6.7867,-0.0317,-0.0173,0.5003,-0.0035,0.5,-0.0012,2.4923,1.5,1.5
25.367,6.7951,-0.0319,-0.0174,0.5002,-0.0042,0.5,-0.0011,2.4923,1.5,1.5
25.367,6.7951,-0.0319,-0.0174,0.5002,-0.0042,0.5,-0.003,2.4923,1.5,1.5
25.367,6.7951,-0.0319,-0.0174,0.5002,-0.0042,0.5,-0.0018,2.4923,1.5,1.5
25.4,6.8117,-0.0321,-0.0176,0.5,-0.0046,0.5,-0.0038,2.4923,1.5,1.5
25.4,6.8117,-0.0321,-0.0176,0.5,-0.0046,0.5,-0.0046,2.4923,1.5,1.5
25.417,6.8201,-0.0323,-0.0176,0.5,-0.0053,0.4997,-0.0025,2.4923,1.5,1.5
25.417,6.8201,-0.0323,-0.0176,0.5,-0.0053,0.4999,-0.0001,2.5069,1.5,1.5
25.417,6.8201,-0.0323,-0.0176,0.5,-0.0053,0.5,-0.0016,2.5069,1.5,1.5
25.45,6.8367,-0.0325,-0.0178,0.4999,-0.0054,0.5,-0.0008,2.5069,1.5,1.5
25.467,6.845,-0.0327,-0.0179,0.4998,-0.0042,0.5,-0.0009,2.5069,1.5,1.5
25.467,6.845,-0.0327,-0.0179,0.4998,-0.0042,0.5,-0.0033,2.5069,1.5,1.5
25.467,6.845,-0.0327,-0.0179,0.4998,-0.0042,0.5,-0.0062,2.5069,1.5,1.5
25.5,6.8617,-0.0329,-0.0181,0.4997,-0.0056,0.5,-0.0006,2.5069,1.5,1.5
25.5,6.8617,-0.0329,-0.0181,0.4997,-0.0056,0.5,-0.0019,2.5069,1.5,1.5
25.517,6.87,-0.0331,-0.0182,0.4996,-0.0051,0.5,-0.0042,2.5069,1.5,1.5
25.533,6.8784,-0.0332,-0.0183,0.4996,-0.0055,0.4995,-0.0051,2.4407,1.5,1.5
25.533,6.8784,-0.0332,-0.0183,0.4996,-0.0055,0.4999,-0.0039,2.4407,1.5,1.5
25.533,6.8784,-0.0332,-0.0183,0.4996,-0.0055,0.5,0.0017,2.4407,1.5,1.5
25.567,6.895,-0.0335,-0.0184,0.4995,-0.0057,0.4997,0.0003,2.4407,1.5,1.5
25.567,6.895,-0.0335,-0.0184,0.4995,-0.0057,0.4999,-0.001,2.4407,1.5,1.5
25.583,6.9033,-0.0336,-0.0185,0.4995,-0.0065,0.5,-0.0042,2.4407,1.5,1.5
25.583,6.9033,-0.0336,-0.0185,0.4995,-0.0065,0.5,0.0011,2.4407,1.5,1.5
25.583,6.9033,-0.0336,-0.0185,0.4995,-0.0065,0.5,-0.0019,2.4407,1.5,1.5
25.617,6.92,-0.0339,-0.0187,0.4995,-0.0055,0.4998,-0.0024,2.4407,1.5,1.5
25.633,6.9283,-0.034,-0.0187,0.4995,-0.0064,0.4999,-0.0001,2.4626,1.5,1.5
25.633,6.9283,-0.034,-0.0187,0.4995,-0.0064,0.5,-0.006,2.4626,1.5,1.5
25.633,6.9283,-0.034,-0.0187,0.4995,-0.0064,0.5,-0.0045,2.4626,1.5,1.5
25.667,6.945,-0.0343,-0.0189,0.4993,-0.0055,0.5,-0.0072,2.4626,1.5,1.5
25.667,6.945,-0.0343,-0.0189,0.4993,-0.0055,0.5,-0.0047,2.4626,1.5,1.5
25.683,6.9533,-0.0345,-0.019,0.4993,-0.0071,0.5,-0.0028,2.4626,1.5,1.5
25.7,6.9616,-0.0346,-0.019,0.4996,-0.0059,0.5,-0.0019,2.4626,1.5,1.5
25.7,6.9616,-0.0346,-0.019,0.4996,-0.0059,0.5,-0.0057,2.4626,1.5,1.5
25.7,6.9616,-0.0346,-0.019,0.4996,-0.0059,0.5,-0.0063,2.4626,1.5,1.5
25.733,6.9783,-0.0349,-0.0192,0.4999,-0.0046,0.5,-0.0072,2.4419,1.5,1.5
25.733,6.9783,-0.0349,-0.0192,0.4999,-0.0046,0.5,-0.0067,2.4419,1.5,1.5
25.75,6.9866,-0.0351,-0.0192,0.4997,-0.0055,0.5,-0.0023,2.4419,1.5,1.5
25.75,6.9866,-0.0351,-0.0192,0.4997,-0.0055,0.5,-0.0009,2.4419,1.5,1.5
25.783,7.0033,-0.0354,-0.0193,0.5001,-0.0048,0.5,-0.0015,2.4419,1.5,1.5
25.783,7.0033,-0.0354,-0.0193,0.5001,-0.0048,0.5,-0.0055,2.4419,1.5,1.5
25.8,7.0116,-0.0355,-0.0194,0.5002,-0.0044,0.5,-0.0038,2.4419,1.5,1.5
25.8,7.0116,-0.0355,-0.0194,0.5002,-0.0044,0.5,0.003,2.4419,1.5,1.5
25.8,7.0116,-0.0355,-0.0194,0.5002,-0.0044,0.5,0.0001,2.4631,1.5,1.5
25.833,7.0283,-0.0358,-0.0195,0.5003,-0.0044,0.5,0.0009,2.4631,1.5,1.5
25.833,7.0283,-0.0358,-0.0195,0.5003,-0.0044,0.5,-0.0004,2.4631,1.5,1.5
25.85,7.0366,-0.036,-0.0195,0.5004,-0.0029,0.5,0.0004,2.4631,1.5,1.5
25.867,7.045,-0.0361,-0.0195,0.5004,-0.0034,0.5,-0.0003,2.4631,1.5,1.5
25.867,7.045,-0.0361,-0.0195,0.5004,-0.0034,0.4999,0.0011,2.4631,1.5,1.5
25.867,7.045,-0.0361,-0.0195,0.5004,-0.0034,0.5,-0.0011,2.4631,1.5,1.5
25.9,7.0617,-0.0364,-0.0196,0.5005,-0.0039,0.5,-0.0078,2.4631,1.5,1.5
25.917,7.07,-0.0366,-0.0196,0.5006,-0.0039,0.5,-0.0056,2.4631,1.5,1.5
25.917,7.07,-0.0366,-0.0196,0.5006,-0.0039,0.5,-0.0027,2.4631,1.5,1.5
25.917,7.07,-0.0366,-0.0196,0.5006,-0.0039,0.5,0.0028,2.4261,1.5,1.5
25.95,7.0867,-0.0369,-0.0197,0.5007,-0.0028,0.5,-0.0016,2.4261,1.5,1.5
25.95,7.0867,-0.0369,-0.0197,0.5007,-0.0028,0.5,0.0014,2.4261,1.5,1.5
25.967,7.0951,-0.0371,-0.0197,0.5007,-0.0033,0.5,0.0012,2.4261,1.5,1.5
25.967,7.0951,-0.0371,-0.0197,0.5007,-0.0033,0.4999,0.0037,2.4261,1.5,1.5
25.967,7.0951,-0.0371,-0.0197,0.5007,-0.0033,0.5,0.0024,2.4261,1.5,1.5
26.0,7.1118,-0.0374,-0.0197,0.5008,-0.0022,0.5,0.004,2.4261,1.5,1.5
26.0,7.1118,-0.0374,-0.0197,0.5008,-0.0022,0.5,0.0015,2.4261,1.5,1.5
26.017,7.1201,-0.0376,-0.0197,0.5007,-0.0017,0.5,0.003,2.4261,1.5,1.5
26.017,7.1201,-0.0376,-0.0197,0.5007,-0.0017,0.5,0.0029,2.4261,1.5,1.5
26.033,7.1284,-0.0377,-0.0198,0.5007,-0.0003,0.5,-0.0002,2.4279,1.5,1.5
26.033,7.1284,-0.0377,-0.0198,0.5007,-0.0003,0.5,-0.0024,2.4279,1.5,1.5
26.033,7.1284,-0.0377,-0.0198,0.5007,-0.0003,0.5,-0.0018,2.4279,1.5,1.5
26.067,7.1451,-0.0381,-0.0198,0.5007,-0.0007,0.5,0.0036,2.4279,1.5,1.5
26.067,7.1451,-0.0381,-0.0198,0.5007,-0.0007,0.5,0.0032,2.4279,1.5,1.5
26.083,7.1535,-0.0382,-0.0198,0.5007,-0.0022,0.5,0.0053,2.4279,1.5,1.5
26.083,7.1535,-0.0382,-0.0198,0.5007,-0.0022,0.5,0.0062,2.4279,1.5,1.5
26.083,7.1535,-0.0382,-0.0198,0.5007,-0.0022,0.5,-0.0008,2.4279,1.5,1.5
26.117,7.1702,-0.0386,-0.0199,0.5006,-0.0022,0.5,-0.0027,2.4279,1.5,1.5
26.133,7.1785,-0.0387,-0.0199,0.5005,-0.0017,0.5,-0.004,2.4589,1.5,1.5
26.133,7.1785,-0.0387,-0.0199,0.5005,-0.0017,0.5,-0.0023,2.4589,1.5,1.5
26.133,7.1785,-0.0387,-0.0199,0.5005,-0.0017,0.5,0.0041,2.4589,1.5,1.5
26.167,7.1952,-0.039,-0.02,0.5004,-0.001,0.5,0.004,2.4589,1.5,1.5
26.167,7.1952,-0.039,-0.02,0.5004,-0.001,0.5,0.0048,2.4589,1.5,1.5
26.183,7.2035,-0.0392,-0.02,0.5003,-0.001,0.4999,0.0041,2.4589,1.5,1.5
26.2,7.2118,-0.0394,-0.02,0.5002,-0.0025,0.4998,0.0038,2.4589,1.5,1.5
26.2,7.2118,-0.0394,-0.02,0.5002,-0.0025,0.5,-0.0033,2.4589,1.5,1.5
26.2,7.2118,-0.0394,-0.02,0.5002,-0.0025,0.4999,0.0035,2.4589,1.5,1.5
26.233,7.2285,-0.0397,-0.02,0.5001,-0.0022,0.5,0.005,2.4679,1.5,1.5
26.233,7.2285,-0.0397,-0.02,0.5001,-0.0022,0.5,0.0052,2.4679,1.5,1.5
26.25,7.2368,-0.0399,-0.0201,0.5,-0.0005,0.5,0.0026,2.4679,1.5,1.5
26.25,7.2368,-0.0399,-0.0201,0.5,-0.0005,0.5,0.0046,2.4679,1.5,1.5
26.25,7.2368,-0.0399,-0.0201,0.5,-0.0005,0.5,0.0021,2.4679,1.5,1.5
26.283,7.2535,-0.0402,-0.0201,0.4998,-0.0028,0.5,0.0038,2.4679,1.5,1.5
26.3,7.2618,-0.0403,-0.0202,0.4998,-0.0022,0.5,0.0024,2.4679,1.5,1.5
26.3,7.2618,-0.0403,-0.0202,0.4998,-0.0022,0.5,0.0036,2.4679,1.5,1.5
26.3,7.2618,-0.0403,-0.0202,0.4998,-0.0022,0.5,0.0028,2.4679,1.5,1.5
26.333,7.2785,-0.0407,-0.0202,0.4996,-0.0023,0.5,0.0043,2.4373,1.5,1.5
26.333,7.2785,-0.0407,-0.0202,0.4996,-0.0023,0.5,0.0018,2.4373,1.5,1.5
26.35,7.2868,-0.0408,-0.0202,0.4995,-0.0019,0.5,-0.0031,2.4373,1.5,1.5
26.367,7.2951,-0.041,-0.0202,0.4995,-0.0029,0.5,-0.0023,2.4373,1.5,1.5
26.367,7.2951,-0.041,-0.0202,0.4995,-0.0029,0.4999,-0.0018,2.4373,1.5,1.5
26.367,7.2951,-0.041,-0.0202,0.4995,-0.0029,0.5,0.0012,2.4373,1.5,1.5
26.4,7.3118,-0.0413,-0.0203,0.4995,-0.0028,0.4998,0.0037,2.4373,1.5,1.5
26.4,7.3118,-0.0413,-0.0203,0.4995,-0.0028,0.5,0.0037,2.4373,1.5,1.5
26.417,7.3201,-0.0415,-0.0203,0.4995,-0.0015,0.4999,0.0027,2.4373,1.5,1.5
26.417,7.3201,-0.0415,-0.0203,0.4995,-0.0015,0.5,0.004,2.4751,1.5,1.5
26.417,7.3201,-0.0415,-0.0203,0.4995,-0.0015,0.4994,0.0022,2.4751,1.5,1.5
26.45,7.3368,-0.0418,-0.0203,0.4996,-0.002,0.4999,0.0012,2.4751,1.5,1.5
26.467,7.3451,-0.042,-0.0203,0.4996,-0.0014,0.4997,-0.0031,2.4751,1.5,1.5
26.467,7.3451,-0.042,-0.0203,0.4996,-0.0014,0.5,-0.0056,2.4751,1.5,1.5
26.467,7.3451,-0.042,-0.0203,0.4996,-0.0014,0.5,-0.0012,2.4751,1.5,1.5
26.5,7.3618,-0.0423,-0.0203,0.4997,-0.001,0.5,-0.0041,2.4751,1.5,1.5
26.5,7.3618,-0.0423,-0.0203,0.4997,-0.001,0.5,0.0016,2.4751,1.5,1.5
26.517,7.3701,-0.0425,-0.0203,0.4996,-0.002,0.5,0.0001,2.4751,1.5,1.5
26.533,7.3784,-0.0427,-0.0203,0.4998,-0.0015,0.5,-0.0005,2.4662,1.5,1.5
26.533,7.3784,-0.0427,-0.0203,0.4998,-0.0015,0.5,0.0006,2.4662,1.5,1.5
26.533,7.3784,-0.0427,-0.0203,0.4998,-0.0015,0.5,-0.0012,2.4662,1.5,1.5
26.567,7.3951,-0.043,-0.0203,0.4996,-0.0009,0.5,0.0032,2.4662,1.5,1.5
26.567,7.3951,-0.043,-0.0203,0.4996,-0.0009,0.5,0.0058,2.4662,1.5,1.5
26.583,7.4034,-0.0432,-0.0203,0.4999,-0.0007,0.5,0.0059,2.4662,1.5,1.5
26.583,7.4034,-0.0432,-0.0203,0.4999,-0.0007,0.5,0.0039,2.4662,1.5,1.5
26.583,7.4034,-0.0432,-0.0203,0.4999,-0.0007,0.5,0.0005,2.4662,1.5,1.5
26.617,7.4201,-0.0435,-0.0203,0.5002,-0.0007,0.5,-0.0007,2.4662,1.5,1.5
26.633,7.4284,-0.0437,-0.0203,0.5003,-0.0004,0.5,0.0009,2.5513,1.5,1.5
26.633,7.4284,-0.0437,-0.0203,0.5003,-0.0004,0.5,0.0009,2.5513,1.5,1.5
26.633,7.4284,-0.0437,-0.0203,0.5003,-0.0004,0.5,-0.0023,2.5513,1.5,1.5
26.667,7.4451,-0.044,-0.0202,0.5004,0.0004,0.5,0.0012,2.5513,1.5,1.5
26.667,7.4451,-0.044,-0.0202,0.5004,0.0004,0.5,0.0036,2.5513,1.5,1.5
26.683,7.4534,-0.0442,-0.0202,0.5005,-0.0003,0.5,0.0051,2.5513,1.5,1.5
26.7,7.4618,-0.0444,-0.0202,0.5005,0.0003,0.5,0.0068,2.5513,1.5,1.5
26.7,7.4618,-0.0444,-0.0202,0.5005,0.0003,0.5,0.0046,2.5513,1.5,1.5
26.7,7.4618,-0.0444,-0.0202,0.5005,0.0003,0.5,0.0049,2.5513,1.5,1.5
26.733,7.4785,-0.0447,-0.0201,0.5006,0.002,0.5,0.0071,2.4354,1.5,1.5
26.733,7.4785,-0.0447,-0.0201,0.5006,0.002,0.5,0.0048,2.4354,1.5,1.5
26.75,7.4868,-0.0449,-0.02,0.5006,0.0019,0.5,0.0105,2.4354,1.5,1.5
26.75,7.4868,-0.0449,-0.02,0.5006,0.0019,0.5,0.0055,2.4354,1.5,1.5
26.75,7.4868,-0.0449,-0.02,0.5006,0.0019,0.5,0.005,2.4354,1.5,1.5
26.783,7.5035,-0.0452,-0.02,0.5008,0.0024,0.5,0.0083,2.4354,1.5,1.5
26.783,7.5035,-0.0452,-0.02,0.5008,0.0024,0.5,0.0044,2.4354,1.5,1.5
26.783,7.5035,-0.0452,-0.02,0.5008,0.0024,0.5,0.0033,2.4354,1.5,1.5
26.8,7.5119,-0.0454,-0.02,0.5008,0.0003,0.5,0.005,2.4354,1.5,1.5
26.8,7.5119,-0.0454,-0.02,0.5008,0.0003,0.5,0.0082,2.4354,1.5,1.5
26.833,7.5285,-0.0458,-0.0199,0.5008,0.0017,0.5,0.0032,2.4212,1.5,1.5
26.833,7.5285,-0.0458,-0.0199,0.5008,0.0017,0.5,0.0077,2.4212,1.5,1.5
26.85,7.5369,-0.0459,-0.0198,0.5007,0.0022,0.5,0.0077,2.4212,1.5,1.5
26.85,7.5369,-0.0459,-0.0198,0.5007,0.0022,0.5,0.0071,2.4212,1.5,1.5
26.867,7.5452,-0.0461,-0.0198,0.5007,0.0011,0.5,0.0043,2.4212,1.5,1.5
26.867,7.5452,-0.0461,-0.0198,0.5007,0.0011,0.5,0.0058,2.4212,1.5,1.5
26.867,7.5452,-0.0461,-0.0198,0.5007,0.0011,0.5,0.0041,2.4212,1.5,1.5
26.9,7.5619,-0.0465,-0.0197,0.5007,0.0019,0.5,0.0046,2.4212,1.5,1.5
26.917,7.5703,-0.0466,-0.0197,0.5006,0.0036,0.5,0.0042,2.4212,1.5,1.5
26.917,7.5703,-0.0466,-0.0197,0.5006,0.0036,0.5,0.0056,2.4494,1.5,1.5
26.917,7.5703,-0.0466,-0.0197,0.5006,0.0036,0.5,0.0063,2.4494,1.5,1.5
26.95,7.5869,-0.047,-0.0196,0.5005,0.004,0.5,0.0071,2.4494,1.5,1.5
26.95,7.5869,-0.047,-0.0196,0.5005,0.004,0.5,0.0076,2.4494,1.5,1.5
26.967,7.5953,-0.0472,-0.0195,0.5005,0.0022,0.5,0.0117,2.4494,1.5,1.5
26.967,7.5953,-0.0472,-0.0195,0.5005,0.0022,0.5,0.0086,2.4494,1.5,1.5
26.967,7.5953,-0.0472,-0.0195,0.5005,0.0022,0.4999,0.0051,2.4494,1.5,1.5
27.0,7.612,-0.0475,-0.0194,0.5003,0.0037,0.5,0.0079,2.4494,1.5,1.5
27.017,7.6203,-0.0477,-0.0194,0.5002,0.0032,0.4996,0.0057,2.4494,1.5,1.5
27.017,7.6203,-0.0477,-0.0194,0.5002,0.0032,0.4999,0.0057,2.4752,1.5,1.5
27.033,7.6286,-0.0478,-0.0194,0.5001,0.0031,0.5,0.0075,2.4752,1.5,1.5
27.033,7.6286,-0.0478,-0.0194,0.5001,0.0031,0.5,0.0067,2.4752,1.5,1.5
27.033,7.6286,-0.0478,-0.0194,0.5001,0.0031,0.5,0.0076,2.4752,1.5,1.5
27.067,7.6453,-0.0482,-0.0193,0.5,0.0026,0.5,0.005,2.4752,1.5,1.5
27.083,7.6536,-0.0483,-0.0193,0.4999,0.0025,0.5,0.0028,2.4752,1.5,1.5
27.083,7.6536,-0.0483,-0.0193,0.4999,0.0025,0.5,0.0026,2.4752,1.5,1.5
27.083,7.6536,-0.0483,-0.0193,0.4999,0.0025,0.5,0.0056,2.4752,1.5,1.5
27.117,7.6703,-0.0487,-0.0192,0.4997,0.0031,0.5,0.0022,2.4752,1.5,1.5
27.117,7.6703,-0.0487,-0.0192,0.4997,0.0031,0.5,0.0041,2.4752,1.5,1.5
27.133,7.6786,-0.0488,-0.0192,0.4994,0.0015,0.5,0.0048,2.4189,1.5,1.5
27.133,7.6786,-0.0488,-0.0192,0.4994,0.0015,0.5,0.0026,2.4189,1.5,1.5
27.133,7.6786,-0.0488,-0.0192,0.4994,0.0015,0.5,0.0036,2.4189,1.5,1.5
27.167,7.6953,-0.0492,-0.0191,0.4995,0.0024,0.5,0.0041,2.4189,1.5,1.5
27.183,7.7036,-0.0493,-0.019,0.4995,0.0019,0.5,0.0028,2.4189,1.5,1.5
27.183,7.7036,-0.0493,-0.019,0.4995,0.0019,0.5,0.0045,2.4189,1.5,1.5
27.2,7.7119,-0.0495,-0.019,0.4995,0.0025,0.5,0.0077,2.4189,1.5,1.5
27.2,7.7119,-0.0495,-0.019,0.4995,0.0025,0.5,0.0086,2.4189,1.5,1.5
27.2,7.7119,-0.0495,-0.019,0.4995,0.0025,0.5,0.0046,2.4199,1.5,1.5
27.233,7.7286,-0.0498,-0.0189,0.4995,0.0018,0.5,0.0034,2.4199,1.5,1.5
27.25,7.7369,-0.05,-0.0189,0.4996,0.0031,0.5,0.0072,2.4199,1.5,1.5
27.25,7.7369,-0.05,-0.0189,0.4996,0.0031,0.5,0.0081,2.4199,1.5,1.5
27.25,7.7369,-0.05,-0.0189,0.4996,0.0031,0.5,0.0053,2.4199,1.5,1.5
27.283,7.7535,-0.0503,-0.0188,0.4996,0.0021,0.5,0.0029,2.4199,1.5,1.5
27.283,7.7535,-0.0503,-0.0188,0.4996,0.0021,0.5,0.0043,2.4199,1.5,1.5
27.3,7.7619,-0.0505,-0.0187,0.4997,0.0025,0.4995,0.0028,2.4199,1.5,1.5
27.3,7.7619,-0.0505,-0.0187,0.4997,0.0025,0.4999,0.0009,2.4199,1.5,1.5
27.3,7.7619,-0.0505,-0.0187,0.4997,0.0025,0.5,0.0006,2.4199,1.5,1.5
27.333,7.7785,-0.0508,-0.0186,0.4998,0.0015,0.5,0.0003,2.3613,1.5,1.5
27.333,7.7785,-0.0508,-0.0186,0.4998,0.0015,0.5,-0.0024,2.3613,1.5,1.5
27.35,7.7869,-0.051,-0.0186,0.4999,0.0029,0.5,-0.0016,2.3613,1.5,1.5
27.367,7.7952,-0.0512,-0.0185,0.4999,0.0028,0.5,0.0008,2.3613,1.5,1.5
27.367,7.7952,-0.0512,-0.0185,0.4999,0.0028,0.4996,0.0006,2.3613,1.5,1.5
27.367,7.7952,-0.0512,-0.0185,0.4999,0.0028,0.4999,0.0006,2.3613,1.5,1.5
27.4,7.8119,-0.0515,-0.0183,0.5001,0.0034,0.5,0.0028,2.3613,1.5,1.5
27.4,7.8119,-0.0515,-0.0183,0.5001,0.0034,0.5,0.004,2.3613,1.5,1.5
27.417,7.8202,-0.0516,-0.0183,0.5002,0.0037,0.5,0.0051,2.3613,1.5,1.5
27.417,7.8202,-0.0516,-0.0183,0.5002,0.0037,0.5,0.006,2.3214,1.5,1.5
27.417,7.8202,-0.0516,-0.0183,0.5002,0.0037,0.5,0.0044,2.3214,1.5,1.5
27.45,7.8369,-0.052,-0.0181,0.5003,0.0042,0.5,0.006,2.3214,1.5,1.5
27.467,7.8452,-0.0521,-0.0181,0.5004,0.0049,0.5,0.0071,2.3214,1.5,1.5
27.467,7.8452,-0.0521,-0.0181,0.5004,0.0049,0.5,0.0032,2.3214,1.5,1.5
27.467,7.8452,-0.0521,-0.0181,0.5004,0.0049,0.5,0.005,2.3214,1.5,1.5
27.5,7.8619,-0.0525,-0.0179,0.5005,0.004,0.5,0.0081,2.3214,1.5,1.5
27.5,7.8619,-0.0525,-0.0179,0.5005,0.004,0.5,0.0089,2.3214,1.5,1.5
27.517,7.8703,-0.0526,-0.0178,0.5005,0.0039,0.5,0.0052,2.3214,1.5,1.5
27.533,7.8786,-0.0528,-0.0177,0.5006,0.0039,0.5,0.0062,2.2861,1.5,1.5
27.533,7.8786,-0.0528,-0.0177,0.5006,0.0039,0.5,0.0039,2.2861,1.5,1.5
27.533,7.8786,-0.0528,-0.0177,0.5006,0.0039,0.5,0.0029,2.2861,1.5,1.5
27.567,7.8953,-0.0531,-0.0176,0.5006,0.0054,0.4997,0.0047,2.2861,1.5,1.5
27.567,7.8953,-0.0531,-0.0176,0.5006,0.0054,0.5,0.0051,2.2861,1.5,1.5
27.583,7.9036,-0.0533,-0.0175,0.5007,0.0045,0.5,0.0045,2.2861,1.5,1.5
27.583,7.9036,-0.0533,-0.0175,0.5007,0.0045,0.5,0.0056,2.2861,1.5,1.5
27.583,7.9036,-0.0533,-0.0175,0.5007,0.0045,0.5,0.007,2.2861,1.5,1.5
27.617,7.9203,-0.0536,-0.0173,0.5008,0.004,0.5,0.0049,2.2861,1.5,1.5
27.633,7.9287,-0.0538,-0.0172,0.501,0.0035,0.5,0.0062,2.2239,1.5,1.5
27.633,7.9287,-0.0538,-0.0172,0.501,0.0035,0.5,0.0043,2.2239,1.5,1.5
27.633,7.9287,-0.0538,-0.0172,0.501,0.0035,0.5,0.0046,2.2239,1.5,1.5
27.633,7.9287,-0.0538,-0.0172,0.501,0.0035,0.5,0.0022,2.2239,1.5,1.5
27.633,7.9287,-0.0538,-0.0172,0.501,0.0035,0.5,0.0036,2.2239,1.5,1.5
27.667,7.9454,-0.0541,-0.017,0.5008,0.0048,0.5,0.0045,2.2239,1.5,1.5
27.683,7.9537,-0.0542,-0.0169,0.5007,0.0062,0.5,0.006,2.2239,1.5,1.5
27.683,7.9537,-0.0542,-0.0169,0.5007,0.0062,0.5,0.0073,2.2239,1.5,1.5
27.7,7.9621,-0.0544,-0.0169,0.5007,0.0059,0.5,0.0098,2.2239,1.5,1.5
27.7,7.9621,-0.0544,-0.0169,0.5007,0.0059,0.5,0.0111,2.2239,1.5,1.5
27.7,7.9621,-0.0544,-0.0169,0.5007,0.0059,0.5,0.0108,2.1731,1.5,1.5
27.733,7.9787,-0.0547,-0.0167,0.5006,0.0064,0.5,0.012,2.1731,1.5,1.5
27.75,7.9871,-0.0549,-0.0166,0.5006,0.0056,0.5,0.0081,2.1731,1.5,1.5
27.75,7.9871,-0.0549,-0.0166,0.5006,0.0056,0.5,0.022,2.1731,1.5,1.5
27.75,7.9871,-0.0549,-0.0166,0.5006,0.0056,0.5,0.0207,2.1731,1.5,1.5
27.783,8.0038,-0.0552,-0.0165,0.5005,0.0065,0.5,0.0221,2.1731,1.5,1.5
27.783,8.0038,-0.0552,-0.0165,0.5005,0.0065,0.5,0.0204,2.1731,1.5,1.5
27.8,8.0121,-0.0553,-0.0164,0.5004,0.0054,0.5,0.0186,2.1731,1.5,1.5
27.8,8.0121,-0.0553,-0.0164,0.5004,0.0054,0.5,0.0151,2.1731,1.5,1.5
27.8,8.0121,-0.0553,-0.0164,0.5004,0.0054,0.5,0.0152,2.118,1.5,1.5
27.833,8.0288,-0.0556,-0.0162,0.5002,0.0049,0.5,0.0175,2.118,1.5,1.5
27.85,8.0371,-0.0558,-0.0162,0.5001,0.0041,0.5,0.0173,2.118,1.5,1.5
27.85,8.0371,-0.0558,-0.0162,0.5001,0.0041,0.5,0.0175,2.118,1.5,1.5
27.867,8.0454,-0.0559,-0.0161,0.5,0.0044,0.5,0.0158,2.118,1.5,1.5
27.867,8.0454,-0.0559,-0.0161,0.5,0.0044,0.5,0.0168,2.118,1.5,1.5
27.867,8.0454,-0.0559,-0.0161,0.5,0.0044,0.5,0.0167,2.118,1.5,1.5
27.9,8.0621,-0.0562,-0.0159,0.4999,0.0041,0.5,0.0123,2.118,1.5,1.5
27.917,8.0704,-0.0564,-0.0157,0.4999,0.0039,0.5,0.0149,2.118,1.5,1.5
27.917,8.0704,-0.0564,-0.0157,0.4999,0.0039,0.5,0.0154,2.0893,1.5,1.5
27.917,8.0704,-0.0564,-0.0157,0.4999,0.0039,0.4997,0.0137,2.0893,1.5,1.5
27.95,8.0871,-0.0567,-0.0155,0.4998,0.0051,0.5,0.0153,2.0893,1.5,1.5
27.95,8.0871,-0.0567,-0.0155,0.4998,0.0051,0.5,0.0145,2.0893,1.5,1.5
27.967,8.0954,-0.0568,-0.0154,0.4998,0.0053,0.5,0.0163,2.0893,1.5,1.5
27.967,8.0954,-0.0568,-0.0154,0.4998,0.0053,0.5,0.0188,2.0893,1.5,1.5
27.967,8.0954,-0.0568,-0.0154,0.4998,0.0053,0.5,0.0159,2.0893,1.5,1.5
28.0,8.1121,-0.0571,-0.0152,0.4998,0.0049,0.4995,0.0201,2.0893,1.5,1.5
28.017,8.1204,-0.0572,-0.0151,0.4995,0.0064,0.4994,0.0187,2.0893,1.5,1.5
28.017,8.1204,-0.0572,-0.0151,0.4995,0.0064,0.4992,0.0151,2.0198,1.5,1.5
28.033,8.1287,-0.0574,-0.0149,0.4995,0.0071,0.4999,0.0216,2.0198,1.5,1.5
28.033,8.1287,-0.0574,-0.0149,0.4995,0.0071,0.4995,0.0202,2.0198,1.5,1.5
28.033,8.1287,-0.0574,-0.0149,0.4995,0.0071,0.5,0.0212,2.0198,1.5,1.5
28.067,8.1454,-0.0577,-0.0146,0.4994,0.0072,0.4996,0.0154,2.0198,1.5,1.5
28.083,8.1537,-0.0578,-0.0145,0.4996,0.0068,0.5,0.0193,2.0198,1.5,1.5
28.083,8.1537,-0.0578,-0.0145,0.4996,0.0068,0.5,0.0157,2.0198,1.5,1.5
28.083,8.1537,-0.0578,-0.0145,0.4996,0.0068,0.5,0.0171,2.0198,1.5,1.5
28.117,8.1704,-0.0581,-0.0141,0.4997,0.0069,0.5,0.0167,2.0198,1.5,1.5
28.117,8.1704,-0.0581,-0.0141,0.4997,0.0069,0.5,0.0169,1.9773,1.5,1.5
28.133,8.1787,-0.0583,-0.0139,0.4994,0.0073,0.5,0.0175,1.9773,1.5,1.5
28.133,8.1787,-0.0583,-0.0139,0.4994,0.0073,0.4999,0.0164,1.9773,1.5,1.5
28.167,8.1953,-0.0586,-0.0135,0.4992,0.0093,0.5,0.022,1.9773,1.5,1.5
28.167,8.1953,-0.0586,-0.0135,0.4992,0.0093,0.5,0.0223,1.9773,1.5,1.5
28.183,8.2037,-0.0587,-0.0134,0.4998,0.0079,0.4999,0.0215,1.9773,1.5,1.5
28.2,8.212,-0.0588,-0.0131,0.4997,0.0107,0.5,0.019,1.9773,1.5,1.5
28.2,8.212,-0.0588,-0.0131,0.4997,0.0107,0.5,0.0215,1.9773,1.5,1.5
28.2,8.212,-0.0588,-0.0131,0.4997,0.0107,0.5,0.0238,1.9773,1.5,1.5
28.233,8.2287,-0.0591,-0.0127,0.5002,0.0103,0.5,0.0238,1.9294,1.5,1.5
28.233,8.2287,-0.0591,-0.0127,0.5002,0.0103,0.5,0.022,1.9294,1.5,1.5
28.25,8.237,-0.0593,-0.0124,0.5003,0.0112,0.5,0.0238,1.9294,1.5,1.5
28.25,8.237,-0.0593,-0.0124,0.5003,0.0112,0.5,0.0204,1.9294,1.5,1.5
28.25,8.237,-0.0593,-0.0124,0.5003,0.0112,0.5,0.0213,1.9294,1.5,1.5
28.283,8.2537,-0.0596,-0.012,0.5004,0.0121,0.5,0.0209,1.9294,1.5,1.5
28.3,8.262,-0.0597,-0.0117,0.5005,0.0111,0.5,0.0203,1.9294,1.5,1.5
28.3,8.262,-0.0597,-0.0117,0.5005,0.0111,0.5,0.0201,1.9294,1.5,1.5
28.3,8.262,-0.0597,-0.0117,0.5005,0.0111,0.5,0.0217,1.9294,1.5,1.5
28.333,8.2787,-0.06,-0.0112,0.5006,0.0136,0.5,0.0201,1.8745,1.5,1.5
28.333,8.2787,-0.06,-0.0112,0.5006,0.0136,0.5,0.0208,1.8745,1.5,1.5
28.35,8.2871,-0.0601,-0.0109,0.5007,0.0127,0.5,0.0235,1.8745,1.5,1.5
28.367,8.2954,-0.0603,-0.0106,0.5008,0.0147,0.5,0.0274,1.8745,1.5,1.5
28.367,8.2954,-0.0603,-0.0106,0.5008,0.0147,0.5,0.0275,1.8745,1.5,1.5
28.367,8.2954,-0.0603,-0.0106,0.5008,0.0147,0.5,0.0286,1.8745,1.5,1.5
28.4,8.3121,-0.0605,-0.01,0.5009,0.0144,0.5,0.0283,1.8745,1.5,1.5
28.4,8.3121,-0.0605,-0.01,0.5009,0.0144,0.5,0.0294,1.8745,1.5,1.5
28.417,8.3205,-0.0607,-0.0097,0.5009,0.0165,0.5,0.031,1.8745,1.5,1.5
28.417,8.3205,-0.0607,-0.0097,0.5009,0.0165,0.5,0.0291,1.8226,1.5,1.5
28.417,8.3205,-0.0607,-0.0097,0.5009,0.0165,0.5,0.0271,1.8226,1.5,1.5
28.45,8.3372,-0.0609,-0.009,0.5009,0.0164,0.5,0.0264,1.8226,1.5,1.5
28.467,8.3455,-0.061,-0.0087,0.5009,0.0172,0.5,0.0245,1.8226,1.5,1.5
28.467,8.3455,-0.061,-0.0087,0.5009,0.0172,0.5,0.0251,1.8226,1.5,1.5
28.467,8.3455,-0.061,-0.0087,0.5009,0.0172,0.5,0.0253,1.8226,1.5,1.5
28.5,8.3622,-0.0613,-0.0081,0.5009,0.0166,0.5,0.027,1.8226,1.5,1.5
28.5,8.3622,-0.0613,-0.0081,0.5009,0.0166,0.5,0.0263,1.8226,1.5,1.5
28.517,8.3705,-0.0614,-0.0078,0.5008,0.0173,0.5,0.0273,1.8226,1.5,1.5
28.517,8.3705,-0.0614,-0.0078,0.5008,0.0173,0.5,0.0271,1.7637,1.5,1.5
28.533,8.3789,-0.0615,-0.0074,0.5008,0.0176,0.5,0.0262,1.7637,1.5,1.5
28.533,8.3789,-0.0615,-0.0074,0.5008,0.0176,0.5,0.0305,1.7637,1.5,1.5
28.533,8.3789,-0.0615,-0.0074,0.5008,0.0176,0.5,0.0281,1.7637,1.5,1.5
28.567,8.3956,-0.0617,-0.0068,0.5007,0.0191,0.5,0.0285,1.7637,1.5,1.5
28.567,8.3956,-0.0617,-0.0068,0.5007,0.0191,0.5,0.0283,1.7637,1.5,1.5
28.583,8.4039,-0.0619,-0.0064,0.5006,0.0193,0.5,0.0262,1.7637,1.5,1.5
28.583,8.4039,-0.0619,-0.0064,0.5006,0.0193,0.5,0.0275,1.7637,1.5,1.5
28.583,8.4039,-0.0619,-0.0064,0.5006,0.0193,0.5,0.0297,1.7637,1.5,1.5
28.583,8.4039,-0.0619,-0.0064,0.5006,0.0193,0.5,0.0263,1.7637,1.5,1.5
28.583,8.4039,-0.0619,-0.0064,0.5006,0.0193,0.5,0.0273,1.7637,1.5,1.5
28.617,8.4206,-0.0621,-0.0057,0.5004,0.0199,0.5,0.0291,1.7637,1.5,1.5
28.633,8.4289,-0.0622,-0.0053,0.5003,0.0199,0.5,0.0287,1.7309,1.5,1.5
28.633,8.4289,-0.0622,-0.0053,0.5003,0.0199,0.5,0.0146,1.7309,1.5,1.5
28.633,8.4289,-0.0622,-0.0053,0.5003,0.0199,0.5,0.012,1.7309,1.5,1.5
28.667,8.4456,-0.0624,-0.0046,0.5002,0.0203,0.5,0.0126,1.7309,1.5,1.5
28.667,8.4456,-0.0624,-0.0046,0.5002,0.0203,0.5,0.0133,1.7309,1.5,1.5
28.683,8.4539,-0.0624,-0.0042,0.5001,0.0205,0.5,0.0158,1.7309,1.5,1.5
28.7,8.4623,-0.0625,-0.0038,0.5,0.0201,0.4999,0.0141,1.7309,1.5,1.5
28.7,8.4623,-0.0625,-0.0038,0.5,0.0201,0.5,0.0162,1.7309,1.5,1.5
28.7,8.4623,-0.0625,-0.0038,0.5,0.0201,0.5,0.0144,1.7309,1.5,1.5
28.733,8.4789,-0.0627,-0.0032,0.4999,0.0203,0.5,0.0162,1.6746,1.5,1.5
28.733,8.4789,-0.0627,-0.0032,0.4999,0.0203,0.5,0.0173,1.6746,1.5,1.5
28.75,8.4873,-0.0628,-0.0028,0.4999,0.0201,0.5,0.0204,1.6746,1.5,1.5
28.75,8.4873,-0.0628,-0.0028,0.4999,0.0201,0.5,0.017,1.6746,1.5,1.5
28.75,8.4873,-0.0628,-0.0028,0.4999,0.0201,0.4998,0.017,1.6746,1.5,1.5
28.783,8.5039,-0.0629,-0.0021,0.4995,0.0225,0.4996,0.0166,1.6746,1.5,1.5
28.8,8.5122,-0.063,-0.0015,0.4996,0.0214,0.4999,0.0185,1.6746,1.5,1.5
28.8,8.5122,-0.063,-0.0015,0.4996,0.0214,0.5,0.0188,1.6746,1.5,1.5
28.8,8.5122,-0.063,-0.0015,0.4996,0.0214,0.5,0.0238,1.6746,1.5,1.5
28.833,8.5289,-0.0631,-0.0012,0.4986,0.0225,0.5,0.0226,1.6166,1.5,1.5
28.833,8.5289,-0.0631,-0.0012,0.4986,0.0225,0.5,0.0277,1.6166,1.5,1.5
28.85,8.5372,-0.0632,-0.0007,0.4991,0.0201,0.5,0.0228,1.6166,1.5,1.5
28.867,8.5455,-0.0632,0.0,0.4991,0.0213,0.5,0.0207,1.6166,1.5,1.5
28.867,8.5455,-0.0632,0.0,0.4991,0.0213,0.5,0.0172,1.6166,1.5,1.5
28.867,8.5455,-0.0632,0.0,0.4991,0.0213,0.5,0.0188,1.6166,1.5,1.5
28.9,8.5622,-0.0633,0.0,0.4997,0.0202,0.5,0.0176,1.6166,1.5,1.5
28.9,8.5622,-0.0633,0.0,0.4997,0.0202,0.4998,0.0171,1.6166,1.5,1.5
28.917,8.5705,-0.0634,0.0,0.4999,0.0188,0.5,0.0165,1.6166,1.5,1.5
28.917,8.5705,-0.0634,0.0,0.4999,0.0188,0.4999,0.0169,1.563,1.5,1.5
28.917,8.5705,-0.0634,0.0,0.4999,0.0188,0.4998,0.0141,1.563,1.5,1.5
28.95,8.5872,-0.0635,0.0012,0.5003,0.0201,0.4998,0.013,1.563,1.5,1.5
28.967,8.5955,-0.0635,0.0015,0.5004,0.0191,0.4993,0.0153,1.563,1.5,1.5
28.967,8.5955,-0.0635,0.0015,0.5004,0.0191,0.4999,0.0175,1.563,1.5,1.5
28.967,8.5955,-0.0635,0.0015,0.5004,0.0191,0.5,0.0151,1.563,1.5,1.5
29.0,8.6122,-0.0636,0.0023,0.5005,0.021,0.5,0.0156,1.563,1.5,1.5
29.0,8.6122,-0.0636,0.0023,0.5005,0.021,0.5,0.0141,1.563,1.5,1.5
29.017,8.6206,-0.0637,0.0026,0.5008,0.0208,0.5,0.0167,1.563,1.5,1.5
29.033,8.6289,-0.0637,0.003,0.5009,0.0226,0.5,0.019,1.5313,1.4169,1.4263
29.033,8.6289,-0.0637,0.003,0.5009,0.0226,0.4807,0.0206,1.5313,1.4169,1.4263
29.033,8.6289,-0.0637,0.003,0.5009,0.0226,0.4736,0.0212,1.5313,1.4169,1.4263
29.067,8.6456,-0.0638,0.0038,0.5005,0.0198,0.4759,0.0207,1.5313,1.4169,1.4263
29.067,8.6456,-0.0638,0.0038,0.5005,0.0198,0.4745,0.0188,1.5313,1.4169,1.4263
29.083,8.6539,-0.0638,0.0042,0.5005,0.0233,0.4779,0.0192,1.5313,1.4169,1.4263
29.083,8.6539,-0.0638,0.0042,0.5005,0.0233,0.4809,0.009,1.5313,1.4169,1.4263
29.083,8.6539,-0.0638,0.0042,0.5005,0.0233,0.4809,0.0096,1.5313,1.4169,1.4263
29.117,8.6706,-0.0638,0.005,0.5,0.0259,0.479,0.0131,1.5313,1.4169,1.4263
29.133,8.679,-0.0638,0.0054,0.5006,0.0212,0.4782,0.0147,1.481,1.4169,1.4263
29.133,8.679,-0.0638,0.0054,0.5006,0.0212,0.4785,0.0122,1.481,1.4169,1.4263
29.133,8.679,-0.0638,0.0054,0.5006,0.0212,0.4788,0.0127,1.481,1.4169,1.4263
29.167,8.6957,-0.0639,0.0062,0.5007,0.0216,0.4823,0.0138,1.481,1.4169,1.4263
29.167,8.6957,-0.0639,0.0062,0.5007,0.0216,0.4815,0.0122,1.481,1.4169,1.4263
29.183,8.7038,-0.0639,0.0065,0.4817,0.021,0.4764,0.0109,1.481,1.4169,1.4263
29.2,8.7118,-0.0639,0.0069,0.4766,0.0212,0.4707,0.0131,1.481,1.4169,1.4263
29.2,8.7118,-0.0639,0.0069,0.4766,0.0212,0.4602,0.0095,1.481,1.4169,1.4263
29.2,8.7118,-0.0639,0.0069,0.4766,0.0212,0.4597,0.0097,1.481,1.4169,1.4263
29.233,8.7278,-0.0639,0.0076,0.4813,0.0215,0.4615,0.0108,1.433,1.3168,1.3253
29.233,8.7278,-0.0639,0.0076,0.4813,0.0215,0.4631,0.011,1.433,1.3168,1.3253
29.25,8.7358,-0.0639,0.008,0.4803,0.0205,0.4633,0.0117,1.433,1.3168,1.3253
29.25,8.7358,-0.0639,0.008,0.4803,0.0205,0.4621,0.0082,1.433,1.3168,1.3253
29.25,8.7358,-0.0639,0.008,0.4803,0.0205,0.4609,0.0101,1.433,1.3168,1.3253
29.283,8.7518,-0.0638,0.0086,0.4795,0.0213,0.4614,0.0096,1.433,1.3168,1.3253
29.3,8.7598,-0.0638,0.0089,0.4817,0.0216,0.4618,0.0079,1.433,1.3168,1.3253
29.3,8.7598,-0.0638,0.0089,0.4817,0.0216,0.4619,0.0096,1.433,1.3168,1.3253
29.3,8.7598,-0.0638,0.0089,0.4817,0.0216,0.4636,0.0061,1.433,1.3168,1.3253
29.333,8.7757,-0.0638,0.0096,0.4728,0.0204,0.4634,0.0224,1.3755,1.3168,1.3253
29.333,8.7757,-0.0638,0.0096,0.4728,0.0204,0.4597,0.0288,1.3755,1.3168,1.3253
29.35,8.7835,-0.0637,0.0099,0.4644,0.0207,0.4541,0.0297,1.3755,1.3168,1.3253
29.367,8.7913,-0.0637,0.0102,0.4638,0.0198,0.4493,0.0286,1.3755,1.3168,1.3253
29.367,8.7913,-0.0637,0.0102,0.4638,0.0198,0.4442,0.0269,1.3755,1.3168,1.3253
29.367,8.7913,-0.0637,0.0102,0.4638,0.0198,0.445,0.0226,1.3755,1.3168,1.3253
29.4,8.8067,-0.0636,0.0108,0.4617,0.0193,0.4435,0.0207,1.3755,1.3168,1.3253
29.4,8.8067,-0.0636,0.0108,0.4617,0.0193,0.4434,0.021,1.3755,1.3168,1.3253
29.417,8.8144,-0.0636,0.011,0.4618,0.0193,0.4438,0.0229,1.3755,1.3168,1.3253
29.417,8.8144,-0.0636,0.011,0.4618,0.0193,0.4437,0.0198,1.3463,1.2233,1.2303
29.417,8.8144,-0.0636,0.011,0.4618,0.0193,0.4453,0.0188,1.3463,1.2233,1.2303
29.45,8.8298,-0.0635,0.0116,0.4635,0.0191,0.444,0.0197,1.3463,1.2233,1.2303
29.467,8.8375,-0.0635,0.0119,0.4607,0.0131,0.4457,0.0223,1.3463,1.2233,1.2303
29.467,8.8375,-0.0635,0.0119,0.4607,0.0131,0.4427,0.0157,1.3463,1.2233,1.2303
29.467,8.8375,-0.0635,0.0119,0.4607,0.0131,0.4436,0.0167,1.3463,1.2233,1.2303
29.5,8.8527,-0.0634,0.0125,0.4507,0.0155,0.4443,0.0132,1.3463,1.2233,1.2303
29.517,8.8601,-0.0633,0.0128,0.4463,0.0169,0.4369,0.0174,1.3463,1.2233,1.2303
29.517,8.8601,-0.0633,0.0128,0.4463,0.0169,0.4326,0.014,1.3463,1.2233,1.2303
29.533,8.8675,-0.0633,0.013,0.4441,0.0167,0.4277,0.0142,1.2815,1.2233,1.2303
29.533,8.8675,-0.0633,0.013,0.4441,0.0167,0.4223,0.0137,1.2815,1.2233,1.2303
29.533,8.8675,-0.0633,0.013,0.4441,0.0167,0.4226,0.0233,1.2815,1.2233,1.2303
29.567,8.8823,-0.0632,0.0136,0.4437,0.0171,0.4199,0.0218,1.2815,1.2233,1.2303
29.583,8.8897,-0.0631,0.0139,0.4449,0.0168,0.4207,0.0196,1.2815,1.2233,1.2303
29.583,8.8897,-0.0631,0.0139,0.4449,0.0168,0.4211,0.0197,1.2815,1.2233,1.2303
29.583,8.8897,-0.0631,0.0139,0.4449,0.0168,0.4237,0.0189,1.2815,1.2233,1.2303
29.617,8.9045,-0.063,0.0145,0.4433,0.0163,0.4238,0.0191,1.2815,1.2233,1.2303
29.617,8.9045,-0.063,0.0145,0.4433,0.0163,0.4216,0.0203,1.2446,1.2233,1.2303
29.633,8.9119,-0.0629,0.0148,0.4381,0.0167,0.4208,0.0199,1.2446,1.1341,1.1409
29.633,8.9119,-0.0629,0.0148,0.4381,0.0167,0.4182,0.0202,1.2446,1.1341,1.1409
29.633,8.9119,-0.0629,0.0148,0.4381,0.0167,0.4184,0.017,1.2446,1.1341,1.1409
29.667,8.9263,-0.0628,0.0153,0.4287,0.0162,0.4129,0.0233,1.2446,1.1341,1.1409
29.683,8.9334,-0.0627,0.0156,0.4236,0.014,0.4109,0.023,1.2446,1.1341,1.1409
29.683,8.9334,-0.0627,0.0156,0.4236,0.014,0.4094,0.0213,1.2446,1.1341,1.1409
29.7,8.9404,-0.0627,0.0159,0.4205,0.0148,0.4059,0.0203,1.2446,1.1341,1.1409
29.7,8.9404,-0.0627,0.0159,0.4205,0.0148,0.4039,0.0173,1.2446,1.1341,1.1409
29.7,8.9404,-0.0627,0.0159,0.4205,0.0148,0.402,0.0177,1.1981,1.1341,1.1409
29.733,8.9545,-0.0625,0.0164,0.4229,0.0164,0.4008,0.0183,1.1981,1.1341,1.1409
29.75,8.9615,-0.0624,0.0167,0.4234,0.0155,0.4006,0.0218,1.1981,1.1341,1.1409
29.75,8.9615,-0.0624,0.0167,0.4234,0.0155,0.4025,0.0181,1.1981,1.1341,1.1409
29.75,8.9615,-0.0624,0.0167,0.4234,0.0155,0.4034,0.0172,1.1981,1.1341,1.1409
29.783,8.9756,-0.0623,0.0173,0.4191,0.0149,0.4017,0.0147,1.1981,1.1341,1.1409
29.783,8.9756,-0.0623,0.0173,0.4191,0.0149,0.397,0.0168,1.1981,1.1341,1.1409
29.8,8.9825,-0.0622,0.0176,0.4147,0.0161,0.3958,0.0179,1.1981,1.1341,1.1409
29.8,8.9825,-0.0622,0.0176,0.4147,0.0161,0.3906,0.0207,1.1981,1.1341,1.1409
29.8,8.9825,-0.0622,0.0176,0.4147,0.0161,0.3909,0.0234,1.1524,1.0511,1.0552
29.833,8.9962,-0.0621,0.0182,0.4102,0.0156,0.3886,0.0217,1.1524,1.0511,1.0552
29.85,9.003,-0.062,0.0185,0.404,0.0174,0.3906,0.0189,1.1524,1.0511,1.0552
29.85,9.003,-0.062,0.0185,0.404,0.0174,0.3857,0.02,1.1524,1.0511,1.0552
29.867,9.0097,-0.0619,0.0188,0.4017,0.0159,0.3872,0.0161,1.1524,1.0511,1.0552
29.867,9.0097,-0.0619,0.0188,0.4017,0.0159,0.386,0.0151,1.1524,1.0511,1.0552
29.867,9.0097,-0.0619,0.0188,0.4017,0.0159,0.3846,0.0133,1.1524,1.0511,1.0552
29.9,9.0231,-0.0618,0.0194,0.4033,0.017,0.3829,0.0174,1.1524,1.0511,1.0552
29.917,9.0298,-0.0617,0.0198,0.4022,0.0176,0.3822,0.0181,1.1524,1.0511,1.0552
29.917,9.0298,-0.0617,0.0198,0.4022,0.0176,0.3802,0.0203,1.1524,1.0511,1.0552
29.917,9.0298,-0.0617,0.0198,0.4022,0.0176,0.3818,0.0188,1.1181,1.0511,1.0552
29.95,9.043,-0.0615,0.0204,0.392,0.0175,0.3829,0.0185,1.1181,1.0511,1.0552
29.95,9.043,-0.0615,0.0204,0.392,0.0175,0.3815,0.0205,1.1181,1.0511,1.0552
29.967,9.0495,-0.0614,0.0207,0.3914,0.0169,0.3779,0.0201,1.1181,1.0511,1.0552
29.967,9.0495,-0.0614,0.0207,0.3914,0.0169,0.3724,0.0199,1.1181,1.0511,1.0552
29.967,9.0495,-0.0614,0.0207,0.3914,0.0169,0.3726,0.0221,1.1181,1.0511,1.0552
30.0,9.0625,-0.0613,0.0214,0.3875,0.0178,0.3728,0.0269,1.1181,1.0511,1.0552
30.0,9.0625,-0.0613,0.0214,0.3875,0.0178,0.3703,0.0211,1.1181,1.0511,1.0552
30.017,9.0689,-0.0612,0.0217,0.3855,0.0183,0.364,0.0216,1.1181,1.0511,1.0552
30.033,9.0753,-0.0611,0.022,0.3839,0.0171,0.3627,0.0164,1.0779,0.9738,0.9746
30.033,9.0753,-0.0611,0.022,0.3839,0.0171,0.3643,0.0127,1.0779,0.9738,0.9746
30.033,9.0753,-0.0611,0.022,0.3839,0.0171,0.3648,0.0139,1.0779,0.9738,0.9746
30.067,9.0881,-0.0609,0.0226,0.382,0.0178,0.3635,0.011,1.0779,0.9738,0.9746
30.067,9.0881,-0.0609,0.0226,0.382,0.0178,0.3587,0.0151,1.0779,0.9738,0.9746
30.083,9.0945,-0.0608,0.0229,0.3831,0.0178,0.357,0.0207,1.0779,0.9738,0.9746
30.083,9.0945,-0.0608,0.0229,0.3831,0.0178,0.3546,0.0201,1.0779,0.9738,0.9746
30.083,9.0945,-0.0608,0.0229,0.3831,0.0178,0.3606,0.0226,1.0779,0.9738,0.9746
30.117,9.107,-0.0606,0.0236,0.3736,0.0162,0.3581,0.0196,1.0779,0.9738,0.9746
30.133,9.1132,-0.0605,0.0239,0.3715,0.0171,0.3581,0.0157,1.0402,0.9738,0.9746
30.133,9.1132,-0.0605,0.0239,0.3715,0.0171,0.3535,0.0147,1.0402,0.9738,0.9746
30.133,9.1132,-0.0605,0.0239,0.3715,0.0171,0.3523,0.0161,1.0402,0.9738,0.9746
30.167,9.1254,-0.0603,0.0245,0.3638,0.0179,0.3533,0.0164,1.0402,0.9738,0.9746
30.167,9.1254,-0.0603,0.0245,0.3638,0.0179,0.3483,0.0186,1.0402,0.9738,0.9746
30.183,9.1315,-0.0602,0.0248,0.3651,0.0178,0.3473,0.0204,1.0402,0.9738,0.9746
30.2,9.1376,-0.0601,0.0251,0.3642,0.0197,0.3487,0.0195,1.0402,0.9738,0.9746
30.2,9.1376,-0.0601,0.0251,0.3642,0.0197,0.3442,0.0203,1.0402,0.9738,0.9746
30.2,9.1376,-0.0601,0.0251,0.3642,0.0197,0.3428,0.0179,1.0402,0.9738,0.9746
30.233,9.1495,-0.0599,0.0258,0.3561,0.0174,0.3415,0.0165,1.0081,0.9014,0.8991
30.233,9.1495,-0.0599,0.0258,0.3561,0.0174,0.3391,0.0153,1.0081,0.9014,0.8991
30.25,9.1555,-0.0598,0.0261,0.3601,0.0172,0.3387,0.0181,1.0081,0.9014,0.8991
30.25,9.1555,-0.0598,0.0261,0.3601,0.0172,0.339,0.0189,1.0081,0.9014,0.8991
30.25,9.1555,-0.0598,0.0261,0.3601,0.0172,0.3401,0.0165,1.0081,0.9014,0.8991
30.283,9.1674,-0.0596,0.0267,0.3533,0.0175,0.3333,0.017,1.0081,0.9014,0.8991
30.3,9.1732,-0.0595,0.027,0.3498,0.0176,0.3334,0.0177,1.0081,0.9014,0.8991
30.3,9.1732,-0.0595,0.027,0.3498,0.0176,0.3315,0.0172,1.0081,0.9014,0.8991
30.3,9.1732,-0.0595,0.027,0.3498,0.0176,0.3271,0.0167,1.0081,0.9014,0.8991
30.333,9.1848,-0.0593,0.0276,0.349,0.0178,0.3281,0.0182,0.9755,0.9014,0.8991
30.333,9.1848,-0.0593,0.0276,0.349,0.0178,0.3258,0.019,0.9755,0.9014,0.8991
30.35,9.1906,-0.0591,0.0279,0.3445,0.0178,0.3236,0.0188,0.9755,0.9014,0.8991
30.367,9.1963,-0.059,0.0282,0.3425,0.0178,0.3185,0.018,0.9755,0.9014,0.8991
30.367,9.1963,-0.059,0.0282,0.3425,0.0178,0.3172,0.0165,0.9755,0.9014,0.8991
30.367,9.1963,-0.059,0.0282,0.3425,0.0178,0.3181,0.0158,0.9755,0.9014,0.8991
30.4,9.2077,-0.0588,0.0288,0.3395,0.0173,0.318,0.0156,0.9755,0.9014,0.8991
30.4,9.2077,-0.0588,0.0288,0.3395,0.0173,0.3153,0.0198,0.9755,0.9014,0.8991
30.417,9.2133,-0.0587,0.0291,0.3403,0.0178,0.3136,0.0205,0.9755,0.9014,0.8991
30.417,9.2133,-0.0587,0.0291,0.3403,0.0178,0.3142,0.0156,0.9335,0.8335,0.8296
30.417,9.2133,-0.0587,0.0291,0.3403,0.0178,0.3185,0.016,0.9335,0.8335,0.8296
30.45,9.2245,-0.0584,0.0297,0.3287,0.0172,0.3141,0.0185,0.9335,0.8335,0.8296
30.467,9.2299,-0.0583,0.0299,0.3266,0.0162,0.3104,0.0165,0.9335,0.8335,0.8296
30.467,9.2299,-0.0583,0.0299,0.3266,0.0162,0.3049,0.0117,0.9335,0.8335,0.8296
30.467,9.2299,-0.0583,0.0299,0.3266,0.0162,0.3034,0.009,0.9335,0.8335,0.8296
30.5,9.2407,-0.0581,0.0305,0.32,0.0164,0.3035,0.0071,0.9335,0.8335,0.8296
30.5,9.2407,-0.0581,0.0305,0.32,0.0164,0.3015,0.0141,0.9335,0.8335,0.8296
30.517,9.246,-0.058,0.0308,0.3186,0.0166,0.3027,0.0145,0.9335,0.8335,0.8296
30.533,9.2513,-0.0578,0.031,0.3183,0.0164,0.3027,0.0108,0.8918,0.8335,0.8296
30.533,9.2513,-0.0578,0.031,0.3183,0.0164,0.3006,0.0103,0.8918,0.8335,0.8296
30.533,9.2513,-0.0578,0.031,0.3183,0.0164,0.3004,0.0142,0.8918,0.8335,0.8296
30.567,9.2618,-0.0576,0.0316,0.3145,0.0169,0.2968,0.01,0.8918,0.8335,0.8296
30.567,9.2618,-0.0576,0.0316,0.3145,0.0169,0.2948,0.0154,0.8918,0.8335,0.8296
30.583,9.2671,-0.0575,0.0318,0.3178,0.016,0.291,0.0173,0.8918,0.8335,0.8296
30.583,9.2671,-0.0575,0.0318,0.3178,0.016,0.2897,0.0142,0.8918,0.8335,0.8296
30.583,9.2671,-0.0575,0.0318,0.3178,0.016,0.2944,0.0126,0.8918,0.8335,0.8296
30.617,9.2774,-0.0572,0.0323,0.3043,0.0154,0.2911,0.0148,0.8918,0.8335,0.8296
30.633,9.2824,-0.0571,0.0326,0.3023,0.0143,0.2873,0.016,0.8734,0.7705,0.7644
30.633,9.2824,-0.0571,0.0326,0.3023,0.0143,0.2824,0.0165,0.8734,0.7705,0.7644
30.633,9.2824,-0.0571,0.0326,0.3023,0.0143,0.2806,0.0135,0.8734,0.7705,0.7644
30.667,9.2925,-0.0568,0.0331,0.3027,0.015,0.2838,0.0132,0.8734,0.7705,0.7644
30.667,9.2925,-0.0568,0.0331,0.3027,0.015,0.2788,0.0126,0.8734,0.7705,0.7644
30.683,9.2976,-0.0567,0.0333,0.301,0.0141,0.2756,0.0124,0.8734,0.7705,0.7644
30.7,9.3025,-0.0566,0.0336,0.2977,0.0156,0.2766,0.0119,0.8734,0.7705,0.7644
30.7,9.3025,-0.0566,0.0336,0.2977,0.0156,0.2738,0.0108,0.8734,0.7705,0.7644
30.7,9.3025,-0.0566,0.0336,0.2977,0.0156,0.2727,0.0202,0.8734,0.7705,0.7644
30.733,9.3123,-0.0563,0.034,0.2903,0.0153,0.2709,0.0139,0.8431,0.7705,0.7644
30.733,9.3123,-0.0563,0.034,0.2903,0.0153,0.2683,0.0095,0.8431,0.7705,0.7644
30.75,9.3172,-0.0562,0.0343,0.2934,0.0138,0.2688,0.008,0.8431,0.7705,0.7644
30.75,9.3172,-0.0562,0.0343,0.2934,0.0138,0.2706,0.0085,0.8431,0.7705,0.7644
30.75,9.3172,-0.0562,0.0343,0.2934,0.0138,0.2683,0.0117,0.8431,0.7705,0.7644
30.783,9.3267,-0.056,0.0347,0.2814,0.0142,0.2628,0.0138,0.8431,0.7705,0.7644
30.8,9.3313,-0.0558,0.035,0.2793,0.0138,0.2615,0.0134,0.8431,0.7705,0.7644
30.8,9.3313,-0.0558,0.035,0.2793,0.0138,0.254,0.0167,0.8431,0.7705,0.7644
30.8,9.3313,-0.0558,0.035,0.2793,0.0138,0.2526,0.01,0.8102,0.7133,0.7644
30.833,9.3406,-0.0556,0.0355,0.2764,0.0137,0.2505,0.012,0.8102,0.7133,0.7062
30.85,9.3452,-0.0555,0.0357,0.2734,0.0116,0.2498,0.018,0.8102,0.7133,0.7062
30.85,9.3452,-0.0555,0.0357,0.2734,0.0116,0.2487,0.0154,0.8102,0.7133,0.7062
30.867,9.3497,-0.0553,0.0359,0.2714,0.0143,0.2497,0.0143,0.8102,0.7133,0.7062
30.867,9.3497,-0.0553,0.0359,0.2714,0.0143,0.247,0.0171,0.8102,0.7133,0.7062
30.867,9.3497,-0.0553,0.0359,0.2714,0.0143,0.2466,0.0104,0.8102,0.7133,0.7062
30.9,9.3587,-0.0551,0.0364,0.2702,0.014,0.2467,0.0078,0.8102,0.7133,0.7062
30.917,9.3632,-0.0549,0.0366,0.2686,0.0132,0.2467,0.0127,0.8102,0.7133,0.7062
30.917,9.3632,-0.0549,0.0366,0.2686,0.0132,0.2449,0.012,0.8102,0.7133,0.7062
30.917,9.3632,-0.0549,0.0366,0.2686,0.0132,0.2446,0.0088,0.7815,0.7133,0.7062
30.95,9.3718,-0.0547,0.037,0.2536,0.0138,0.2439,0.0082,0.7815,0.7133,0.7062
30.95,9.3718,-0.0547,0.037,0.2536,0.0138,0.2404,0.0127,0.7815,0.7133,0.7062
30.967,9.376,-0.0546,0.0372,0.2506,0.0101,0.2359,0.0129,0.7815,0.7133,0.7062
30.967,9.376,-0.0546,0.0372,0.2506,0.0101,0.2316,0.0101,0.7815,0.7133,0.7062
30.967,9.376,-0.0546,0.0372,0.2506,0.0101,0.2297,0.0109,0.7815,0.7133,0.7062
31.0,9.3843,-0.0543,0.0377,0.2496,0.0117,0.2292,0.0094,0.7815,0.7133,0.7062
31.017,9.3884,-0.0542,0.0379,0.2472,0.0134,0.2249,0.0093,0.7815,0.7133,0.7062
31.017,9.3884,-0.0542,0.0379,0.2472,0.0134,0.2231,0.0097,0.7575,0.662,0.6527
31.033,9.3926,-0.0541,0.0381,0.2468,0.0127,0.2239,0.0162,0.7575,0.662,0.6527
31.033,9.3926,-0.0541,0.0381,0.2468,0.0127,0.2278,0.0146,0.7575,0.662,0.6527
31.033,9.3926,-0.0541,0.0381,0.2468,0.0127,0.2289,0.014,0.7575,0.662,0.6527
31.033,9.3926,-0.0541,0.0381,0.2468,0.0127,0.2253,0.0137,0.7575,0.662,0.6527
31.067,9.4007,-0.0538,0.0385,0.2447,0.0132,0.2232,0.0126,0.7575,0.662,0.6527
31.067,9.4007,-0.0538,0.0385,0.2447,0.0132,0.2234,0.0093,0.7575,0.662,0.6527
31.083,9.4048,-0.0537,0.0387,0.2441,0.0123,0.2208,0.0134,0.7575,0.662,0.6527
31.083,9.4048,-0.0537,0.0387,0.2441,0.0123,0.2231,0.0149,0.7575,0.662,0.6527
31.083,9.4048,-0.0537,0.0387,0.2441,0.0123,0.2227,0.0114,0.7575,0.662,0.6527
31.117,9.4126,-0.0535,0.0391,0.2299,0.0117,0.2193,0.0109,0.7575,0.662,0.6527
31.133,9.4164,-0.0534,0.0393,0.2246,0.0111,0.2135,0.0085,0.7328,0.662,0.6527
31.133,9.4164,-0.0534,0.0393,0.2246,0.0111,0.211,0.0043,0.7328,0.662,0.6527
31.133,9.4164,-0.0534,0.0393,0.2246,0.0111,0.2076,0.0047,0.7328,0.662,0.6527
31.167,9.4239,-0.0531,0.0397,0.2271,0.0119,0.2104,0.0127,0.7328,0.662,0.6527
31.167,9.4239,-0.0531,0.0397,0.2271,0.0119,0.2105,0.0105,0.7328,0.662,0.6527
31.183,9.4277,-0.053,0.0399,0.2257,0.0105,0.2077,0.0139,0.7328,0.662,0.6527
31.2,9.4314,-0.0529,0.0401,0.2238,0.0114,0.2074,0.0143,0.7328,0.662,0.6527
31.2,9.4314,-0.0529,0.0401,0.2238,0.0114,0.2067,0.0136,0.7328,0.662,0.6527
31.2,9.4314,-0.0529,0.0401,0.2238,0.0114,0.2051,0.0124,0.7328,0.662,0.6527
31.233,9.4388,-0.0527,0.0405,0.2228,0.011,0.2038,0.012,0.7111,0.6158,0.6062
31.233,9.4388,-0.0527,0.0405,0.2228,0.011,0.2027,0.0109,0.7111,0.6158,0.6062
31.25,9.4426,-0.0525,0.0407,0.2228,0.012,0.1989,0.0112,0.7111,0.6158,0.6062
31.25,9.4426,-0.0525,0.0407,0.2228,0.012,0.1979,0.0099,0.7111,0.6158,0.6062
31.283,9.4497,-0.0523,0.0411,0.2089,0.0115,0.1981,0.0104,0.7111,0.6158,0.6062
31.283,9.4497,-0.0523,0.0411,0.2089,0.0115,0.194,0.0136,0.7111,0.6158,0.6062
31.3,9.4532,-0.0522,0.0413,0.2102,0.0109,0.1907,0.0148,0.7111,0.6158,0.6062
31.3,9.4532,-0.0522,0.0413,0.2102,0.0109,0.1928,0.0143,0.7111,0.6158,0.6062
31.3,9.4532,-0.0522,0.0413,0.2102,0.0109,0.1921,0.0134,0.7111,0.6158,0.6062
31.333,9.4601,-0.052,0.0417,0.2077,0.0106,0.1895,0.0141,0.6874,0.6158,0.6062
31.333,9.4601,-0.052,0.0417,0.2077,0.0106,0.1875,0.0116,0.6874,0.6158,0.6062
31.35,9.4636,-0.0519,0.0418,0.2058,0.011,0.1864,0.0133,0.6874,0.6158,0.6062
31.367,9.467,-0.0517,0.042,0.2043,0.0107,0.1857,0.008,0.6874,0.6158,0.6062
31.367,9.467,-0.0517,0.042,0.2043,0.0107,0.1875,0.0075,0.6874,0.6158,0.6062
31.367,9.467,-0.0517,0.042,0.2043,0.0107,0.1832,0.0091,0.6874,0.6158,0.6062
31.4,9.4737,-0.0515,0.0424,0.1985,0.0108,0.1876,0.0095,0.6874,0.6158,0.6062
31.4,9.4737,-0.0515,0.0424,0.1985,0.0108,0.1849,0.0099,0.6874,0.6158,0.6062
31.417,9.477,-0.0514,0.0426,0.1984,0.0106,0.18,0.0135,0.6874,0.6158,0.6062
31.417,9.477,-0.0514,0.0426,0.1984,0.0106,0.1806,0.0156,0.6615,0.5744,0.5642
31.45,9.4835,-0.0512,0.0429,0.1927,0.01,0.1788,0.0099,0.6615,0.5744,0.5642
31.45,9.4835,-0.0512,0.0429,0.1927,0.01,0.1736,0.0079,0.6615,0.5744,0.5642
31.467,9.4867,-0.0511,0.0431,0.1887,0.0096,0.1734,0.0104,0.6615,0.5744,0.5642
31.467,9.4867,-0.0511,0.0431,0.1887,0.0096,0.1684,0.0092,0.6615,0.5744,0.5642
31.467,9.4867,-0.0511,0.0431,0.1887,0.0096,0.1693,0.0082,0.6615,0.5744,0.5642
31.5,9.4929,-0.0509,0.0435,0.1861,0.0109,0.1642,0.0109,0.6615,0.5744,0.5642
31.517,9.496,-0.0508,0.0437,0.184,0.0094,0.1645,0.0099,0.6615,0.5744,0.5642
31.517,9.496,-0.0508,0.0437,0.184,0.0094,0.1655,0.0077,0.6615,0.5744,0.5642
31.533,9.4991,-0.0507,0.0438,0.187,0.0102,0.1682,0.0107,0.639,0.5744,0.5642
31.533,9.4991,-0.0507,0.0438,0.187,0.0102,0.1679,0.0152,0.639,0.5744,0.5642
31.533,9.4991,-0.0507,0.0438,0.187,0.0102,0.1655,0.0144,0.639,0.5744,0.5642
31.567,9.5052,-0.0504,0.0442,0.181,0.009,0.162,0.0104,0.639,0.5744,0.5642
31.583,9.5082,-0.0503,0.0443,0.1794,0.01,0.1589,0.0093,0.639,0.5744,0.5642
31.583,9.5082,-0.0503,0.0443,0.1794,0.01,0.1562,0.0077,0.639,0.5744,0.5642
31.583,9.5082,-0.0503,0.0443,0.1794,0.01,0.1561,0.0123,0.639,0.5744,0.5642
31.617,9.514,-0.0501,0.0447,0.1699,0.0095,0.1568,0.0064,0.639,0.5744,0.5642
31.617,9.514,-0.0501,0.0447,0.1699,0.0095,0.152,0.0099,0.6295,0.5378,0.5271
31.633,9.5168,-0.05,0.0448,0.1656,0.0092,0.1505,0.0086,0.6295,0.5378,0.5271
31.633,9.5168,-0.05,0.0448,0.1656,0.0092,0.1469,0.0109,0.6295,0.5378,0.5271
31.633,9.5168,-0.05,0.0448,0.1656,0.0092,0.144,0.0107,0.6295,0.5378,0.5271
31.667,9.5223,-0.0498,0.0451,0.1676,0.0087,0.1457,0.0087,0.6295,0.5378,0.5271
31.683,9.5251,-0.0497,0.0453,0.1661,0.0076,0.1457,0.007,0.6295,0.5378,0.5271
31.683,9.5251,-0.0497,0.0453,0.1661,0.0076,0.1453,0.0058,0.6295,0.5378,0.5271
31.7,9.5278,-0.0496,0.0454,0.1628,0.0096,0.1448,0.0081,0.6295,0.5378,0.5271
31.7,9.5278,-0.0496,0.0454,0.1628,0.0096,0.1411,0.0126,0.6295,0.5378,0.5271
31.7,9.5278,-0.0496,0.0454,0.1628,0.0096,0.1442,0.0124,0.6159,0.5378,0.5271
31.733,9.5331,-0.0494,0.0457,0.1565,0.008,0.1417,0.0078,0.6159,0.5378,0.5271
31.75,9.5357,-0.0493,0.0458,0.1569,0.0089,0.1398,0.0096,0.6159,0.5378,0.5271
31.75,9.5357,-0.0493,0.0458,0.1569,0.0089,0.139,0.0086,0.6159,0.5378,0.5271
31.75,9.5357,-0.0493,0.0458,0.1569,0.0089,0.1426,0.0094,0.6159,0.5378,0.5271
31.783,9.5408,-0.0491,0.0461,0.1481,0.0072,0.143,0.0093,0.6159,0.5378,0.5271
31.783,9.5408,-0.0491,0.0461,0.1481,0.0072,0.1387,0.0074,0.6159,0.5378,0.5271
31.8,9.5432,-0.049,0.0462,0.1462,0.0085,0.1364,0.0067,0.6159,0.5378,0.5271
31.8,9.5432,-0.049,0.0462,0.1462,0.0085,0.1327,0.008,0.6159,0.5378,0.5271
31.833,9.5481,-0.0489,0.0465,0.1454,0.0087,0.1325,0.0072,0.5979,0.5066,0.4949
31.833,9.5481,-0.0489,0.0465,0.1454,0.0087,0.1316,0.0068,0.5979,0.5066,0.4949
31.85,9.5505,-0.0488,0.0466,0.1446,0.0056,0.1317,0.0059,0.5979,0.5066,0.4949
31.85,9.5505,-0.0488,0.0466,0.1446,0.0056,0.1323,0.0084,0.5979,0.5066,0.4949
31.867,9.5529,-0.0487,0.0467,0.1424,0.009,0.1294,0.0078,0.5979,0.5066,0.4949
31.867,9.5529,-0.0487,0.0467,0.1424,0.009,0.1293,0.012,0.5979,0.5066,0.4949
31.867,9.5529,-0.0487,0.0467,0.1424,0.009,0.1281,0.0089,0.5979,0.5066,0.4949
31.9,9.5576,-0.0485,0.0469,0.142,0.0084,0.1251,0.0094,0.5979,0.5066,0.4949
31.917,9.56,-0.0484,0.0471,0.1429,0.0062,0.1227,0.0101,0.5979,0.5066,0.4949
31.917,9.56,-0.0484,0.0471,0.1429,0.0062,0.1197,0.0078,0.5819,0.5066,0.4949
31.917,9.56,-0.0484,0.0471,0.1429,0.0062,0.1222,0.0107,0.5819,0.5066,0.4949
31.95,9.5646,-0.0482,0.0473,0.1339,0.0057,0.1236,0.0023,0.5819,0.5066,0.4949
31.95,9.5646,-0.0482,0.0473,0.1339,0.0057,0.1233,0.0041,0.5819,0.5066,0.4949
31.967,9.5668,-0.0481,0.0474,0.1321,0.0081,0.1223,0.005,0.5819,0.5066,0.4949
31.967,9.5668,-0.0481,0.0474,0.1321,0.0081,0.1196,0.0105,0.5819,0.5066,0.4949
32.0,9.5712,-0.048,0.0476,0.1323,0.0071,0.1211,0.011,0.5819,0.5066,0.4949
32.0,9.5712,-0.048,0.0476,0.1323,0.0071,0.1167,0.0119,0.5819,0.5066,0.4949
32.017,9.5734,-0.0479,0.0477,0.1291,0.0058,0.1139,0.0066,0.5819,0.5066,0.4949
32.017,9.5734,-0.0479,0.0477,0.1291,0.0058,0.1091,0.0071,0.5659,0.4793,0.4675
32.033,9.5755,-0.0478,0.0478,0.126,0.0065,0.1107,0.0017,0.5659,0.4793,0.4675
32.033,9.5755,-0.0478,0.0478,0.126,0.0065,0.1105,0.0005,0.5659,0.4793,0.4675
32.033,9.5755,-0.0478,0.0478,0.126,0.0065,0.1117,0.0002,0.5659,0.4793,0.4675
32.067,9.5796,-0.0476,0.048,0.1221,0.0056,0.11,0.0022,0.5659,0.4793,0.4675
32.083,9.5816,-0.0475,0.0481,0.1234,0.0076,0.1085,0.0045,0.5659,0.4793,0.4675
32.083,9.5816,-0.0475,0.0481,0.1234,0.0076,0.1063,0.0025,0.5659,0.4793,0.4675
32.083,9.5816,-0.0475,0.0481,0.1234,0.0076,0.108,0.0036,0.5659,0.4793,0.4675
32.117,9.5857,-0.0474,0.0483,0.1203,0.0053,0.1096,0.0074,0.5659,0.4793,0.4675
32.117,9.5857,-0.0474,0.0483,0.1203,0.0053,0.1072,0.002,0.5446,0.4793,0.4675
32.133,9.5876,-0.0473,0.0484,0.1175,0.0052,0.1041,0.0009,0.5446,0.4793,0.4675
32.133,9.5876,-0.0473,0.0484,0.1175,0.0052,0.1021,-0.0001,0.5446,0.4793,0.4675
32.167,9.5914,-0.0471,0.0486,0.1103,0.0051,0.0991,0.0004,0.5446,0.4793,0.4675
32.167,9.5914,-0.0471,0.0486,0.1103,0.0051,0.0999,-0.0014,0.5446,0.4793,0.4675
32.183,9.5933,-0.0471,0.0487,0.1115,0.0066,0.0998,0.0016,0.5446,0.4793,0.4675
32.183,9.5933,-0.0471,0.0487,0.1115,0.0066,0.1005,0.0069,0.5446,0.4793,0.4675
32.2,9.5951,-0.047,0.0488,0.1103,0.006,0.0985,0.0049,0.5446,0.4793,0.4675
32.2,9.5951,-0.047,0.0488,0.1103,0.006,0.0984,0.0072,0.5446,0.4793,0.4675
32.233,9.5988,-0.0469,0.049,0.1079,0.0065,0.1,0.0079,0.5421,0.4558,0.4435
32.233,9.5988,-0.0469,0.049,0.1079,0.0065,0.0978,0.0034,0.5421,0.4558,0.4435
32.25,9.6006,-0.0468,0.0491,0.1094,0.0039,0.0992,0.0018,0.5421,0.4558,0.4435
32.25,9.6006,-0.0468,0.0491,0.1094,0.0039,0.0953,0.0033,0.5421,0.4558,0.4435
32.25,9.6006,-0.0468,0.0491,0.1094,0.0039,0.0947,0.0026,0.5421,0.4558,0.4435
32.283,9.6041,-0.0466,0.0493,0.1028,0.0036,0.0905,0.004,0.5421,0.4558,0.4435
32.3,9.6058,-0.0466,0.0494,0.1005,0.0087,0.0892,0.0055,0.5421,0.4558,0.4435
32.3,9.6058,-0.0466,0.0494,0.1005,0.0087,0.0904,0.0096,0.5421,0.4558,0.4435
32.3,9.6058,-0.0466,0.0494,0.1005,0.0087,0.0901,0.012,0.5421,0.4558,0.4435
32.333,9.6091,-0.0464,0.0496,0.1004,0.0074,0.09,0.0117,0.5366,0.4558,0.4435
32.333,9.6091,-0.0464,0.0496,0.1004,0.0074,0.0844,0.0145,0.5366,0.4558,0.4435
32.35,9.6108,-0.0464,0.0498,0.099,0.0024,0.0829,0.0094,0.5366,0.4558,0.4435
32.367,9.6124,-0.0463,0.0498,0.0999,0.0073,0.0811,0.0057,0.5366,0.4558,0.4435
32.367,9.6124,-0.0463,0.0498,0.0999,0.0073,0.0855,0.0089,0.5366,0.4558,0.4435
32.367,9.6124,-0.0463,0.0498,0.0999,0.0073,0.0846,0.0087,0.5366,0.4558,0.4435
32.4,9.6157,-0.0462,0.05,0.0961,0.0074,0.0879,0.0077,0.5366,0.4558,0.4435
32.4,9.6157,-0.0462,0.05,0.0961,0.0074,0.086,0.0063,0.5366,0.4558,0.4435
32.417,9.6173,-0.0461,0.0502,0.0951,0.0037,0.0853,0.0065,0.5366,0.4558,0.4435
32.417,9.6173,-0.0461,0.0502,0.0951,0.0037,0.0813,0.0036,0.5274,0.436,0.4233
32.417,9.6173,-0.0461,0.0502,0.0951,0.0037,0.0837,0.0042,0.5274,0.436,0.4233
32.45,9.6204,-0.046,0.0504,0.0905,0.0026,0.0805,0.0038,0.5274,0.436,0.4233
32.467,9.6218,-0.0459,0.0505,0.0858,0.0048,0.0818,0.0018,0.5274,0.436,0.4233
32.467,9.6218,-0.0459,0.0505,0.0858,0.0048,0.0773,0.0043,0.5274,0.436,0.4233
32.467,9.6218,-0.0459,0.0505,0.0858,0.0048,0.0737,0.0032,0.5274,0.436,0.4233
32.5,9.6246,-0.0458,0.0506,0.0817,0.0055,0.0761,0.0049,0.5274,0.436,0.4233
32.5,9.6246,-0.0458,0.0506,0.0817,0.0055,0.0711,0.0056,0.5274,0.436,0.4233
32.517,9.626,-0.0458,0.0507,0.0866,0.0033,0.0707,0.0042,0.5274,0.436,0.4233
32.533,9.6275,-0.0457,0.0508,0.0862,0.0059,0.071,0.003,0.5198,0.436,0.4233
32.533,9.6275,-0.0457,0.0508,0.0862,0.0059,0.0702,0.0038,0.5198,0.436,0.4233
32.533,9.6275,-0.0457,0.0508,0.0862,0.0059,0.0729,0.006,0.5198,0.436,0.4233
32.567,9.6303,-0.0456,0.051,0.0834,0.0059,0.0779,0.0049,0.5198,0.436,0.4233
32.567,9.6303,-0.0456,0.051,0.0834,0.0059,0.0766,0.0054,0.5198,0.436,0.4233
32.583,9.6316,-0.0455,0.0511,0.0812,0.0034,0.0733,0.008,0.5198,0.436,0.4233
32.583,9.6316,-0.0455,0.0511,0.0812,0.0034,0.0695,0.0067,0.5198,0.436,0.4233
32.583,9.6316,-0.0455,0.0511,0.0812,0.0034,0.0669,0.0068,0.5198,0.436,0.4233
32.617,9.6342,-0.0454,0.0512,0.0746,0.0031,0.0645,0.004,0.5198,0.436,0.4233
32.633,9.6354,-0.0454,0.0513,0.0719,0.0049,0.0645,0.004,0.5084,0.4167,0.4064
32.633,9.6354,-0.0454,0.0513,0.0719,0.0049,0.0612,0.0064,0.5084,0.4167,0.4064
32.633,9.6354,-0.0454,0.0513,0.0719,0.0049,0.0648,0.0068,0.5084,0.4167,0.4064
32.633,9.6354,-0.0454,0.0513,0.0719,0.0049,0.0653,0.0081,0.5084,0.4167,0.4064
32.667,9.6378,-0.0453,0.0514,0.071,0.0051,0.0643,0.0059,0.5084,0.4167,0.4064
32.683,9.6391,-0.0452,0.0516,0.0766,0.0029,0.0649,0.0072,0.5084,0.4167,0.4064
32.683,9.6391,-0.0452,0.0516,0.0766,0.0029,0.0651,0.0022,0.5084,0.4167,0.4064
32.7,9.6403,-0.0452,0.0516,0.0766,0.0059,0.0659,0.0075,0.5084,0.4167,0.4064
32.7,9.6403,-0.0452,0.0516,0.0766,0.0059,0.0666,0.0074,0.5084,0.4167,0.4064
32.7,9.6403,-0.0452,0.0516,0.0766,0.0059,0.0648,0.0084,0.5006,0.4167,0.4064
32.733,9.6427,-0.0451,0.0518,0.0678,0.0048,0.0615,0.0015,0.5006,0.4167,0.4064
32.75,9.6438,-0.045,0.0518,0.0653,0.0031,0.0642,0.0059,0.5006,0.4167,0.4064
32.75,9.6438,-0.045,0.0518,0.0653,0.0031,0.0578,0.0048,0.5006,0.4167,0.4064
32.75,9.6438,-0.045,0.0518,0.0653,0.0031,0.0596,0.0035,0.5006,0.4167,0.4064
32.783,9.6459,-0.045,0.052,0.0643,0.0026,0.0554,0.0016,0.5006,0.4167,0.4064
32.783,9.6459,-0.045,0.052,0.0643,0.0026,0.0572,-0.0005,0.5006,0.4167,0.4064
32.8,9.647,-0.0449,0.0521,0.0644,0.0045,0.0559,0.0021,0.5006,0.4167,0.4064
32.8,9.647,-0.0449,0.0521,0.0644,0.0045,0.0578,0.0016,0.5006,0.4167,0.4064
32.833,9.6492,-0.0448,0.0522,0.0651,0.0053,0.0589,0.0088,0.4917,0.4002,0.4
32.833,9.6492,-0.0448,0.0522,0.0651,0.0053,0.0622,0.0055,0.4917,0.4002,0.4
32.85,9.6503,-0.0448,0.0523,0.0649,0.0016,0.0643,0.0038,0.4917,0.4002,0.4
32.85,9.6503,-0.0448,0.0523,0.0649,0.0016,0.061,-0.0001,0.4917,0.4002,0.4
32.867,9.6513,-0.0447,0.0523,0.0622,0.0064,0.0583,0.0022,0.4917,0.4002,0.4
32.867,9.6513,-0.0447,0.0523,0.0622,0.0064,0.0594,0.0098,0.4917,0.4002,0.4
32.867,9.6513,-0.0447,0.0523,0.0622,0.0064,0.0594,0.0157,0.4917,0.4002,0.4
32.9,9.6533,-0.0446,0.0525,0.0595,0.0063,0.0578,0.0112,0.4917,0.4002,0.4
32.917,9.6543,-0.0446,0.0525,0.0563,0.0012,0.0566,0.0118,0.4917,0.4002,0.4
32.917,9.6543,-0.0446,0.0525,0.0563,0.0012,0.0523,0.0072,0.4845,0.4002,0.4
32.917,9.6543,-0.0446,0.0525,0.0563,0.0012,0.0516,0.0058,0.4845,0.4002,0.4
32.95,9.6561,-0.0445,0.0527,0.0575,0.0018,0.0498,0.002,0.4845,0.4002,0.4
32.95,9.6561,-0.0445,0.0527,0.0575,0.0018,0.0495,-0.0009,0.4845,0.4002,0.4
32.967,9.6572,-0.0445,0.0527,0.0629,0.0054,0.0536,0.0003,0.4845,0.4002,0.4
32.967,9.6572,-0.0445,0.0527,0.0629,0.0054,0.055,0.0026,0.4845,0.4002,0.4
32.967,9.6572,-0.0445,0.0527,0.0629,0.0054,0.0532,0.0024,0.4845,0.4002,0.4
33.0,9.6592,-0.0444,0.0528,0.0589,0.0015,0.0551,0.0039,0.4845,0.4002,0.4
33.017,9.6602,-0.0444,0.053,0.0595,0.0087,0.0564,0.0017,0.4845,0.4002,0.4
33.017,9.6602,-0.0444,0.053,0.0595,0.0087,0.0573,0.0048,0.4806,0.4,0.4
33.033,9.6612,-0.0443,0.053,0.0582,0.0019,0.0558,-0.0019,0.4806,0.4,0.4
33.033,9.6612,-0.0443,0.053,0.0582,0.0019,0.0543,0.0029,0.4806,0.4,0.4
33.033,9.6612,-0.0443,0.053,0.0582,0.0019,0.0522,0.0007,0.4806,0.4,0.4
33.067,9.663,-0.0442,0.0531,0.0521,0.0024,0.0529,-0.0,0.4806,0.4,0.4
33.083,9.6638,-0.0442,0.0532,0.0502,0.0038,0.0586,0.002,0.4806,0.4,0.4
33.083,9.6638,-0.0442,0.0532,0.0502,0.0038,0.0598,0.0044,0.4806,0.4,0.4
33.083,9.6638,-0.0442,0.0532,0.0502,0.0038,0.0586,0.0058,0.4806,0.4,0.4
33.117,9.6656,-0.0441,0.0533,0.0535,0.0044,0.0566,0.0067,0.4806,0.4,0.4
33.117,9.6656,-0.0441,0.0533,0.0535,0.0044,0.0549,0.0056,0.4806,0.4,0.4
33.133,9.6665,-0.0441,0.0534,0.0559,0.0028,0.0531,0.0074,0.4739,0.4,0.4
33.133,9.6665,-0.0441,0.0534,0.0559,0.0028,0.0541,0.003,0.4739,0.4,0.4
33.133,9.6665,-0.0441,0.0534,0.0559,0.0028,0.0546,-0.0019,0.4739,0.4,0.4
33.167,9.6684,-0.044,0.0534,0.0561,0.0048,0.0564,0.0063,0.4739,0.4,0.4
33.167,9.6684,-0.044,0.0534,0.0561,0.0048,0.0537,0.0052,0.4739,0.4,0.4
33.183,9.6693,-0.044,0.0535,0.0531,0.0024,0.0534,0.0032,0.4739,0.4,0.4
33.2,9.6702,-0.0439,0.0536,0.0529,0.0045,0.051,-0.0013,0.4739,0.4,0.4
33.2,9.6702,-0.0439,0.0536,0.0529,0.0045,0.053,-0.0002,0.4739,0.4,0.4
33.2,9.6702,-0.0439,0.0536,0.0529,0.0045,0.0533,-0.0005,0.4739,0.4,0.4
33.233,9.6721,-0.0438,0.0537,0.0587,0.0032,0.0508,0.0011,0.4662,0.4,0.4
33.233,9.6721,-0.0438,0.0537,0.0587,0.0032,0.0519,-0.0023,0.4662,0.4,0.4
33.25,9.6731,-0.0438,0.0538,0.057,0.0034,0.0523,-0.0019,0.4662,0.4,0.4
33.25,9.6731,-0.0438,0.0538,0.057,0.0034,0.0525,-0.004,0.4662,0.4,0.4
33.25,9.6731,-0.0438,0.0538,0.057,0.0034,0.0514,-0.0007,0.4662,0.4,0.4
33.283,9.6749,-0.0437,0.0539,0.0546,0.0087,0.0577,0.007,0.4662,0.4,0.4
33.3,9.6758,-0.0437,0.054,0.0541,-0.0004,0.0595,0.0044,0.4662,0.4,0.4
33.3,9.6758,-0.0437,0.054,0.0541,-0.0004,0.0572,0.0023,0.4662,0.4,0.4
33.3,9.6758,-0.0437,0.054,0.0541,-0.0004,0.0579,0.0005,0.4662,0.4,0.4
33.333,9.6776,-0.0436,0.054,0.0516,0.0088,0.0531,-0.0014,0.4651,0.4,0.4
33.333,9.6776,-0.0436,0.054,0.0516,0.0088,0.0517,-0.0035,0.4651,0.4,0.4
33.35,9.6784,-0.0436,0.0541,0.051,0.0038,0.0493,-0.0021,0.4651,0.4,0.4
33.367,9.6793,-0.0435,0.0541,0.0517,0.0037,0.0493,0.0029,0.4651,0.4,0.4
33.367,9.6793,-0.0435,0.0541,0.0517,0.0037,0.0515,0.0035,0.4651,0.4,0.4
33.367,9.6793,-0.0435,0.0541,0.0517,0.0037,0.0509,0.0057,0.4651,0.4,0.4
33.4,9.681,-0.0434,0.0542,0.0516,0.0021,0.0517,0.0048,0.4651,0.4,0.4
33.4,9.681,-0.0434,0.0542,0.0516,0.0021,0.0516,-0.0,0.4651,0.4,0.4
33.417,9.6819,-0.0434,0.0543,0.0565,0.0034,0.0519,0.003,0.4651,0.4,0.4
33.417,9.6819,-0.0434,0.0543,0.0565,0.0034,0.0527,0.0078,0.4612,0.4,0.4
33.417,9.6819,-0.0434,0.0543,0.0565,0.0034,0.0551,0.0068,0.4612,0.4,0.4
33.417,9.6819,-0.0434,0.0543,0.0565,0.0034,0.0529,0.0067,0.4612,0.4,0.4
33.45,9.6838,-0.0433,0.0544,0.0578,0.0036,0.0543,0.0065,0.4612,0.4,0.4
33.467,9.6847,-0.0433,0.0544,0.051,0.0049,0.0522,0.0022,0.4612,0.4,0.4
33.467,9.6847,-0.0433,0.0544,0.051,0.0049,0.0487,0.0063,0.4612,0.4,0.4
33.467,9.6847,-0.0433,0.0544,0.051,0.0049,0.0486,0.0001,0.4612,0.4,0.4
33.5,9.6864,-0.0432,0.0546,0.0511,0.0054,0.05,0.0037,0.4612,0.4,0.4
33.5,9.6864,-0.0432,0.0546,0.0511,0.0054,0.0491,-0.0004,0.4612,0.4,0.4
33.517,9.6873,-0.0432,0.0546,0.0516,0.0016,0.0512,-0.0023,0.4612,0.4,0.4
33.533,9.6881,-0.0431,0.0547,0.0516,0.0048,0.0496,-0.0013,0.4509,0.4,0.4
33.533,9.6881,-0.0431,0.0547,0.0516,0.0048,0.047,-0.0003,0.4509,0.4,0.4
33.533,9.6881,-0.0431,0.0547,0.0516,0.0048,0.0481,0.0025,0.4509,0.4,0.4
33.567,9.6899,-0.0431,0.0548,0.0546,0.0048,0.0466,0.002,0.4509,0.4,0.4
33.567,9.6899,-0.0431,0.0548,0.0546,0.0048,0.0498,0.0007,0.4509,0.4,0.4
33.583,9.6908,-0.043,0.0549,0.0533,0.0014,0.0506,0.0018,0.4509,0.4,0.4
33.583,9.6908,-0.043,0.0549,0.0533,0.0014,0.0534,0.0006,0.4509,0.4,0.4
33.617,9.6925,-0.0429,0.055,0.0489,0.0032,0.0526,0.0014,0.4509,0.4,0.4
33.617,9.6925,-0.0429,0.055,0.0489,0.0032,0.05,0.0036,0.4509,0.4,0.4
33.633,9.6933,-0.0429,0.055,0.0491,0.0032,0.053,0.0041,0.4485,0.4002,0.4
33.633,9.6933,-0.0429,0.055,0.0491,0.0032,0.0549,0.0075,0.4485,0.4002,0.4
33.633,9.6933,-0.0429,0.055,0.0491,0.0032,0.0539,0.0071,0.4485,0.4002,0.4
33.667,9.695,-0.0428,0.0551,0.0499,0.004,0.0515,0.0033,0.4485,0.4002,0.4
33.667,9.695,-0.0428,0.0551,0.0499,0.004,0.0529,0.0038,0.4485,0.4002,0.4
33.683,9.6958,-0.0428,0.0552,0.0486,0.0014,0.0499,0.0041,0.4485,0.4002,0.4
33.683,9.6958,-0.0428,0.0552,0.0486,0.0014,0.05,0.0045,0.4485,0.4002,0.4
33.7,9.6966,-0.0428,0.0552,0.047,0.0045,0.0509,0.0033,0.4485,0.4002,0.4
33.7,9.6966,-0.0428,0.0552,0.047,0.0045,0.0466,0.0072,0.4485,0.4002,0.4
33.7,9.6966,-0.0428,0.0552,0.047,0.0045,0.0449,0.0075,0.4485,0.4002,0.4
33.733,9.6983,-0.0427,0.0553,0.0503,0.0031,0.0431,0.0101,0.4399,0.4002,0.4
33.733,9.6983,-0.0427,0.0553,0.0503,0.0031,0.0463,0.009,0.4399,0.4002,0.4
33.75,9.6991,-0.0426,0.0554,0.0525,0.0027,0.0471,0.0056,0.4399,0.4002,0.4
33.75,9.6991,-0.0426,0.0554,0.0525,0.0027,0.0471,0.0067,0.4399,0.4002,0.4
33.75,9.6991,-0.0426,0.0554,0.0525,0.0027,0.0478,0.0014,0.4399,0.4002,0.4
33.783,9.7009,-0.0426,0.0555,0.052,0.0035,0.0481,0.0055,0.4399,0.4002,0.4
33.8,9.7018,-0.0425,0.0556,0.0504,0.0025,0.0501,0.0007,0.4399,0.4002,0.4
33.8,9.7018,-0.0425,0.0556,0.0504,0.0025,0.0489,0.0056,0.4399,0.4002,0.4
33.8,9.7018,-0.0425,0.0556,0.0504,0.0025,0.0462,0.0057,0.4399,0.4002,0.4
33.833,9.7034,-0.0424,0.0557,0.0508,0.0027,0.045,0.0073,0.437,1.5,0.4001
33.833,9.7034,-0.0424,0.0557,0.0508,0.0027,0.0497,0.0116,0.437,1.5,0.4001
33.85,9.7042,-0.0424,0.0557,0.0462,0.0023,0.057,0.0057,0.437,1.5,0.4001
33.867,9.705,-0.0424,0.0558,0.0438,0.0017,0.0584,0.0055,0.437,1.5,0.4001
33.867,9.705,-0.0424,0.0558,0.0438,0.0017,0.0554,0.0029,0.437,1.5,0.4001
33.867,9.705,-0.0424,0.0558,0.0438,0.0017,0.0518,0.0029,0.437,1.5,0.4001
33.9,9.7065,-0.0423,0.0559,0.047,0.0024,0.0518,0.004,0.437,1.5,0.4001
33.9,9.7065,-0.0423,0.0559,0.047,0.0024,0.0543,0.0044,0.437,1.5,0.4001
33.917,9.7073,-0.0423,0.0559,0.0476,0.0037,0.0545,0.0032,0.437,1.5,0.4001
33.917,9.7073,-0.0423,0.0559,0.0476,0.0037,0.0525,0.0025,0.4329,1.5,0.4001
33.95,9.7089,-0.0422,0.056,0.0468,0.0036,0.0532,-0.0001,0.4329,1.5,0.4001
33.95,9.7089,-0.0422,0.056,0.0468,0.0036,0.0517,0.0049,0.4329,1.5,0.4001
33.967,9.7097,-0.0422,0.0561,0.0492,0.0005,0.0502,0.0034,0.4329,1.5,0.4001
33.967,9.7097,-0.0422,0.0561,0.0492,0.0005,0.0511,0.0071,0.4329,1.5,0.4001
33.967,9.7097,-0.0422,0.0561,0.0492,0.0005,0.0484,0.0039,0.4329,1.5,0.4001
34.0,9.7116,-0.0421,0.0562,0.0578,0.0015,0.0484,-0.0014,0.4329,1.5,0.4001
34.017,9.7125,-0.042,0.0563,0.0531,0.0051,0.0518,0.0002,0.4329,1.5,0.4001
34.017,9.7125,-0.042,0.0563,0.0531,0.0051,0.0523,0.0036,0.4329,1.5,0.4001
34.033,9.7133,-0.042,0.0563,0.0521,0.0012,0.0567,0.0024,0.4262,1.5,0.4
34.033,9.7133,-0.042,0.0563,0.0521,0.0012,0.0587,-0.0024,0.4262,1.5,0.4
34.033,9.7133,-0.042,0.0563,0.0521,0.0012,0.0573,-0.0021,0.4262,1.5,0.4
34.067,9.7151,-0.0419,0.0564,0.0528,0.0026,0.0574,-0.0032,0.4262,1.5,0.4
34.067,9.7151,-0.0419,0.0564,0.0528,0.0026,0.0554,0.0019,0.4262,1.5,0.4
34.067,9.7151,-0.0419,0.0564,0.0528,0.0026,0.0535,0.0004,0.4262,1.5,0.4
34.083,9.716,-0.0419,0.0565,0.0532,0.0038,0.0564,0.0,0.4262,1.5,0.4
34.083,9.716,-0.0419,0.0565,0.0532,0.0038,0.0551,0.0043,0.4262,1.5,0.4
34.083,9.716,-0.0419,0.0565,0.0532,0.0038,0.0561,0.0043,0.4262,1.5,0.4
34.117,9.7177,-0.0418,0.0566,0.0486,0.0047,0.0565,0.0028,0.4262,1.5,0.4
34.133,9.7185,-0.0418,0.0567,0.0515,0.0011,0.0546,0.0017,0.4186,1.5,0.4
34.133,9.7185,-0.0418,0.0567,0.0515,0.0011,0.0539,-0.0001,0.4186,1.5,0.4
34.133,9.7185,-0.0418,0.0567,0.0515,0.0011,0.0528,0.0008,0.4186,1.5,0.4
34.133,9.7185,-0.0418,0.0567,0.0515,0.0011,0.0521,-0.0014,0.4186,1.5,0.4
34.167,9.7204,-0.0417,0.0568,0.0581,0.0035,0.0546,-0.0071,0.4186,1.5,0.4
34.167,9.7204,-0.0417,0.0568,0.0581,0.0035,0.0547,-0.0021,0.4186,1.5,0.4
34.183,9.7213,-0.0416,0.0568,0.0561,0.0036,0.0547,0.0013,0.4186,1.5,0.4
34.2,9.7222,-0.0416,0.0568,0.054,0.0043,0.0581,0.0025,0.4186,1.5,0.4
34.2,9.7222,-0.0416,0.0568,0.054,0.0043,0.056,0.0063,0.4186,1.5,0.4
34.2,9.7222,-0.0416,0.0568,0.054,0.0043,0.0574,0.0064,0.4186,1.5,0.4
34.233,9.7241,-0.0415,0.057,0.0559,0.0051,0.0553,0.0061,0.4209,1.5,0.4001
34.233,9.7241,-0.0415,0.057,0.0559,0.0051,0.058,0.0013,0.4209,1.5,0.4001
34.25,9.725,-0.0414,0.057,0.0563,0.0027,0.0579,0.0025,0.4209,1.5,0.4001
34.25,9.725,-0.0414,0.057,0.0563,0.0027,0.058,0.0002,0.4209,1.5,0.4001
34.25,9.725,-0.0414,0.057,0.0563,0.0027,0.0566,0.0009,0.4209,1.5,0.4001
34.283,9.7268,-0.0414,0.0572,0.0525,0.003,0.055,0.0052,0.4209,1.5,0.4001
34.3,9.7277,-0.0413,0.0572,0.0542,0.005,0.0554,0.0056,0.4209,1.5,0.4001
34.3,9.7277,-0.0413,0.0572,0.0542,0.005,0.0554,0.0055,0.4209,1.5,0.4001
34.3,9.7277,-0.0413,0.0572,0.0542,0.005,0.0576,0.0035,0.4209,1.5,0.4001
34.333,9.7295,-0.0412,0.0573,0.0573,0.005,0.0531,0.0045,0.4093,1.5,0.4001
34.333,9.7295,-0.0412,0.0573,0.0573,0.005,0.0526,0.0046,0.4093,1.5,0.4001
34.35,9.7305,-0.0412,0.0574,0.0575,0.0019,0.0526,0.0003,0.4093,1.5,0.4001
34.367,9.7314,-0.0411,0.0574,0.0558,0.0042,0.0519,-0.0016,0.4093,1.5,0.4001
34.367,9.7314,-0.0411,0.0574,0.0558,0.0042,0.0513,0.0015,0.4093,1.5,0.4001
34.367,9.7314,-0.0411,0.0574,0.0558,0.0042,0.0529,0.0034,0.4093,1.5,0.4001
34.4,9.7334,-0.0411,0.0576,0.0578,0.0039,0.0524,0.0077,0.4093,1.5,0.4001
34.4,9.7334,-0.0411,0.0576,0.0578,0.0039,0.054,0.0042,0.4093,1.5,0.4001
34.417,9.7343,-0.041,0.0576,0.0569,0.0039,0.0552,0.0053,0.4093,1.5,0.4001
34.417,9.7343,-0.041,0.0576,0.0569,0.0039,0.052,0.0019,0.4034,1.5,1.5
34.417,9.7343,-0.041,0.0576,0.0569,0.0039,0.056,0.0022,0.4034,1.5,1.5
34.45,9.7362,-0.0409,0.0577,0.0572,0.0043,0.0838,0.0102,0.4034,1.5,1.5
34.467,9.7371,-0.0409,0.0578,0.0535,0.0019,0.1077,0.0126,0.4034,1.5,1.5
34.467,9.7371,-0.0409,0.0578,0.0535,0.0019,0.1164,0.0091,0.4034,1.5,1.5
34.467,9.7371,-0.0409,0.0578,0.0535,0.0019,0.1245,0.004,0.4034,1.5,1.5
34.5,9.7389,-0.0408,0.0579,0.0521,0.0032,0.1237,0.0038,0.4034,1.5,1.5
34.5,9.7389,-0.0408,0.0579,0.0521,0.0032,0.1278,0.0037,0.4034,1.5,1.5
34.517,9.7397,-0.0408,0.058,0.0528,0.0027,0.1263,0.0037,0.4034,1.5,1.5
34.533,9.7406,-0.0407,0.058,0.0525,0.0027,0.1284,0.001,0.4003,1.5,1.5
34.533,9.7406,-0.0407,0.058,0.0525,0.0027,0.1269,0.0017,0.4003,1.5,1.5
34.533,9.7406,-0.0407,0.058,0.0525,0.0027,0.1292,0.0014,0.4003,1.5,1.5
34.567,9.7424,-0.0406,0.0581,0.0526,0.0033,0.1312,0.0035,0.4003,1.5,1.5
34.567,9.7424,-0.0406,0.0581,0.0526,0.0033,0.1306,-0.0017,0.4003,1.5,1.5
34.583,9.7433,-0.0406,0.0582,0.0553,0.0034,0.1324,-0.0036,0.4003,1.5,1.5
34.583,9.7433,-0.0406,0.0582,0.0553,0.0034,0.1318,-0.0028,0.4003,1.5,1.5
34.583,9.7433,-0.0406,0.0582,0.0553,0.0034,0.1349,0.0023,0.4003,1.5,1.5
34.617,9.7466,-0.0404,0.0584,0.1195,-0.0012,0.1571,0.0012,0.4003,1.5,1.5
34.633,9.7486,-0.0403,0.0585,0.126,0.0134,0.1706,-0.0043,0.4015,1.5,1.5
34.633,9.7486,-0.0403,0.0585,0.126,0.0134,0.1809,0.0056,0.4015,1.5,1.5
34.633,9.7486,-0.0403,0.0585,0.126,0.0134,0.1829,0.0071,0.4015,1.5,1.5
34.667,9.7529,-0.0401,0.0587,0.1279,0.0115,0.1877,0.01,0.4015,1.5,1.5
34.667,9.7529,-0.0401,0.0587,0.1279,0.0115,0.1901,0.0106,0.4015,1.5,1.5
34.683,9.755,-0.04,0.0589,0.1306,0.0061,0.1929,0.0086,0.4015,1.5,1.5
34.7,9.7572,-0.0399,0.059,0.1305,0.0115,0.1926,0.0052,0.4015,1.5,1.5
34.7,9.7572,-0.0399,0.059,0.1305,0.0115,0.1957,0.0055,0.4015,1.5,1.5
34.7,9.7572,-0.0399,0.059,0.1305,0.0115,0.1944,0.0102,0.4015,1.5,1.5
34.733,9.7616,-0.0397,0.0592,0.1342,0.0092,0.1963,0.0105,0.4009,1.5,1.5
34.733,9.7616,-0.0397,0.0592,0.1342,0.0092,0.1975,0.0076,0.4009,1.5,1.5
34.75,9.764,-0.0395,0.0593,0.1523,0.009,0.1966,0.0072,0.4009,1.5,1.5
34.75,9.764,-0.0395,0.0593,0.1523,0.009,0.2052,0.0099,0.4009,1.5,1.5
34.75,9.764,-0.0395,0.0593,0.1523,0.009,0.2087,0.0065,0.4009,1.5,1.5
34.783,9.7698,-0.0392,0.0596,0.1812,0.0079,0.2177,0.0046,0.4009,1.5,1.5
34.8,9.7729,-0.0391,0.0598,0.1883,0.0126,0.2266,0.0015,0.4009,1.5,1.5
34.8,9.7729,-0.0391,0.0598,0.1883,0.0126,0.2332,0.0052,0.4009,1.5,1.5
34.8,9.7729,-0.0391,0.0598,0.1883,0.0126,0.2356,0.0064,0.4009,1.5,1.5
34.833,9.7792,-0.0388,0.0601,0.1925,0.0128,0.2371,0.0087,0.4001,1.5,1.5
34.833,9.7792,-0.0388,0.0601,0.1925,0.0128,0.241,0.0088,0.4001,1.5,1.5
34.85,9.7825,-0.0386,0.0603,0.1941,0.0102,0.2441,0.0073,0.4001,1.5,1.5
34.867,9.7857,-0.0384,0.0605,0.1958,0.012,0.247,0.0083,0.4001,1.5,1.5
34.867,9.7857,-0.0384,0.0605,0.1958,0.012,0.2491,0.0099,0.4001,1.5,1.5
34.867,9.7857,-0.0384,0.0605,0.1958,0.012,0.2478,0.009,0.4001,1.5,1.5
34.9,9.7925,-0.0381,0.0609,0.2076,0.0133,0.2468,0.0123,0.4001,1.5,1.5
34.9,9.7925,-0.0381,0.0609,0.2076,0.0133,0.2515,0.01,0.4001,1.5,1.5
34.917,9.796,-0.0379,0.061,0.2155,0.0126,0.2576,0.0142,0.4001,1.5,1.5
34.917,9.796,-0.0379,0.061,0.2155,0.0126,0.2631,0.0121,0.4007,1.5,1.5
34.917,9.796,-0.0379,0.061,0.2155,0.0126,0.2663,0.0107,0.4007,1.5,1.5
34.95,9.8036,-0.0375,0.0614,0.2343,0.013,0.2653,0.0059,0.4007,1.5,1.5
34.967,9.8076,-0.0373,0.0617,0.2396,0.0137,0.2707,0.0062,0.4007,1.5,1.5
34.967,9.8076,-0.0373,0.0617,0.2396,0.0137,0.2795,0.0081,0.4007,1.5,1.5
34.967,9.8076,-0.0373,0.0617,0.2396,0.0137,0.2826,0.0063,0.4007,1.5,1.5
35.0,9.8157,-0.0368,0.0621,0.2462,0.0137,0.284,0.0074,0.4007,1.5,1.5
35.0,9.8157,-0.0368,0.0621,0.2462,0.0137,0.2869,0.012,0.4007,1.5,1.5
35.017,9.8198,-0.0366,0.0623,0.2467,0.0131,0.2896,0.0098,0.4007,1.5,1.5
35.033,9.8239,-0.0364,0.0625,0.2506,0.0143,0.2923,0.0105,0.4042,1.5,1.5
35.033,9.8239,-0.0364,0.0625,0.2506,0.0143,0.2956,0.0108,0.4042,1.5,1.5
35.033,9.8239,-0.0364,0.0625,0.2506,0.0143,0.2974,0.0126,0.4042,1.5,1.5
35.067,9.8326,-0.0359,0.063,0.2651,0.0141,0.2966,0.014,0.4042,1.5,1.5
35.067,9.8326,-0.0359,0.063,0.2651,0.0141,0.3011,0.0115,0.4042,1.5,1.5
35.083,9.837,-0.0357,0.0632,0.2653,0.016,0.3012,0.0088,0.4042,1.5,1.5
35.083,9.837,-0.0357,0.0632,0.2653,0.016,0.307,0.0102,0.4042,1.5,1.5
35.083,9.837,-0.0357,0.0632,0.2653,0.016,0.309,0.0134,0.4042,1.5,1.5
35.117,9.8462,-0.0352,0.0637,0.2809,0.0186,0.3108,0.013,0.4042,1.5,1.5
35.133,9.8509,-0.0349,0.064,0.2857,0.0138,0.3168,0.013,0.4055,1.5,1.5
35.133,9.8509,-0.0349,0.064,0.2857,0.0138,0.3222,0.0101,0.4055,1.5,1.5
35.133,9.8509,-0.0349,0.064,0.2857,0.0138,0.3214,0.0089,0.4055,1.5,1.5
35.167,9.8606,-0.0344,0.0645,0.2918,0.0152,0.3248,0.0113,0.4055,1.5,1.5
35.167,9.8606,-0.0344,0.0645,0.2918,0.0152,0.3293,0.0077,0.4055,1.5,1.5
35.183,9.8655,-0.0341,0.0648,0.2957,0.0157,0.3311,0.0075,0.4055,1.5,1.5
35.2,9.8704,-0.0338,0.065,0.3001,0.0162,0.3327,0.0094,0.4055,1.5,1.5
35.2,9.8704,-0.0338,0.065,0.3001,0.0162,0.3351,0.0085,0.4055,1.5,1.5
35.2,9.8704,-0.0338,0.065,0.3001,0.0162,0.337,0.0101,0.4055,1.5,1.5
35.233,9.8806,-0.0333,0.0656,0.3085,0.0154,0.3359,0.0136,0.4027,1.5,1.5
35.233,9.8806,-0.0333,0.0656,0.3085,0.0154,0.3381,0.0108,0.4027,1.5,1.5
35.25,9.8858,-0.033,0.0659,0.3105,0.0168,0.3418,0.0098,0.4027,1.5,1.5
35.25,9.8858,-0.033,0.0659,0.3105,0.0168,0.3484,0.0075,0.4027,1.5,1.5
35.25,9.8858,-0.033,0.0659,0.3105,0.0168,0.3534,0.0099,0.4027,1.5,1.5
35.283,9.8964,-0.0323,0.0664,0.3212,0.016,0.3557,0.0114,0.4027,1.5,1.5
35.3,9.9018,-0.032,0.0667,0.3279,0.0179,0.3558,0.0103,0.4027,1.5,1.5
35.3,9.9018,-0.032,0.0667,0.3279,0.0179,0.3624,0.0144,0.4027,1.5,1.5
35.3,9.9018,-0.032,0.0667,0.3279,0.0179,0.3627,0.0148,0.4027,1.5,1.5
35.333,9.9128,-0.0314,0.0672,0.3327,0.0177,0.3646,0.0141,inf,1.5,1.5
35.333,9.9128,-0.0314,0.0672,0.3327,0.0177,0.3656,0.0106,inf,1.5,1.5
35.35,9.9184,-0.031,0.0675,0.3355,0.0168,0.3698,0.0068,inf,1.5,1.5
35.367,9.924,-0.0307,0.0678,0.3379,0.0176,0.3683,0.0076,inf,1.5,1.5
35.367,9.924,-0.0307,0.0678,0.3379,0.0176,0.3704,0.0066,inf,1.5,1.5
35.367,9.924,-0.0307,0.0678,0.3379,0.0176,0.3719,0.008,inf,1.5,1.5
35.4,9.9355,-0.03,0.0684,0.3523,0.0185,0.376,0.0107,inf,1.5,1.5
35.4,9.9355,-0.03,0.0684,0.3523,0.0185,0.3825,0.0101,inf,1.5,1.5
35.417,9.9414,-0.0297,0.0687,0.3554,0.0182,0.3837,0.0091,inf,1.5,1.5
35.417,9.9414,-0.0297,0.0687,0.3554,0.0182,0.3844,0.009,inf,1.5,1.5
35.417,9.9414,-0.0297,0.0687,0.3554,0.0182,0.3818,0.0111,inf,1.5,1.5
35.45,9.9534,-0.0289,0.0693,0.3629,0.018,0.3863,0.0141,inf,1.5,1.5
35.467,9.9595,-0.0285,0.0696,0.3655,0.0191,0.3897,0.0103,inf,1.5,1.5
35.467,9.9595,-0.0285,0.0696,0.3655,0.0191,0.3931,0.0101,inf,1.5,1.5
35.467,9.9595,-0.0285,0.0696,0.3655,0.0191,0.3935,0.0106,inf,1.5,1.5
35.5,9.9717,-0.0278,0.0701,0.3689,0.019,0.3914,0.0099,inf,1.5,1.5
35.5,9.9717,-0.0278,0.0701,0.3689,0.019,0.3929,0.007,inf,1.5,1.5
35.517,9.9779,-0.0274,0.0704,0.3717,0.0188,0.3985,0.0075,inf,1.5,1.5
35.533,9.9841,-0.027,0.0707,0.3755,0.0183,0.4024,0.0092,inf,1.5,1.5
35.533,9.9841,-0.027,0.0707,0.3755,0.0183,0.4034,0.0086,inf,1.5,1.5
35.533,9.9841,-0.027,0.0707,0.3755,0.0183,0.408,0.0081,inf,1.5,1.5
35.567,9.9968,-0.0262,0.0712,0.3843,0.0187,0.4088,0.0118,inf,1.5,1.5
35.567,9.9968,-0.0262,0.0712,0.3843,0.0187,0.413,0.0089,inf,1.5,1.5
35.583,10.0032,-0.0258,0.0715,0.3827,0.018,0.4132,0.0063,inf,1.5,1.5
35.583,10.0032,-0.0258,0.0715,0.3827,0.018,0.4111,0.0098,inf,1.5,1.5
35.583,10.0032,-0.0258,0.0715,0.3827,0.018,0.4119,0.0105,inf,1.5,1.5
35.617,10.0162,-0.0249,0.0721,0.3934,0.0183,0.4159,0.0139,inf,1.5,1.5
35.633,10.0205,-0.0246,0.0719,0.0034,0.0558,0.4171,0.0091,inf,1.5,1.5
35.633,10.0205,-0.0246,0.0719,0.0034,0.0558,0.3171,0.0264,inf,1.5,1.5
35.633,10.0205,-0.0246,0.0719,0.0034,0.0558,0.2171,0.0367,inf,1.5,1.5
35.667,10.0205,-0.0244,0.0717,-0.0006,0.0049,0.1171,0.0462,inf,1.5,1.5
35.667,10.0205,-0.0244,0.0717,-0.0006,0.0049,0.0973,0.0159,inf,1.5,1.5
35.683,10.0205,-0.0243,0.0715,-0.0005,0.006,0.0945,0.0064,inf,1.5,1.5
35.7,10.0205,-0.0241,0.0715,-0.0004,0.022,0.0914,-0.0001,inf,1.5,1.5
35.7,10.0205,-0.0241,0.0715,-0.0004,0.022,0.0913,0.0073,inf,1.5,1.5
35.7,10.0205,-0.0241,0.0715,-0.0004,0.022,0.0902,0.0139,inf,1.5,1.5
35.733,10.0205,-0.0241,0.072,-0.0015,0.0411,0.0932,0.0101,inf,1.5,1.5
35.733,10.0205,-0.0241,0.072,-0.0015,0.0411,0.0906,0.0229,inf,1.5,1.5
35.75,10.0205,-0.024,0.0721,0.0007,-0.1178,0.0886,-0.0486,inf,1.5,1.5
35.75,10.0205,-0.024,0.0721,0.0007,-0.1178,0.0856,-0.0792,inf,1.5,1.5
35.75,10.0205,-0.024,0.0721,0.0007,-0.1178,0.0828,-0.1035,inf,1.5,1.5
35.783,10.0205,-0.0239,0.0719,0.0001,-0.0295,0.0851,-0.0594,inf,1.5,1.5
35.8,10.0205,-0.0238,0.0717,0.0011,-0.0707,0.0844,-0.0427,inf,1.5,1.5
35.8,10.0205,-0.0238,0.0717,0.0011,-0.0707,0.0897,-0.0508,inf,1.5,1.5
35.8,10.0205,-0.0238,0.0717,0.0011,-0.0707,0.0895,-0.057,inf,1.5,1.5
35.833,10.0205,-0.0235,0.0709,0.0015,-0.0718,0.0887,-0.0588,inf,1.5,1.5
35.833,10.0205,-0.0235,0.0709,0.0015,-0.0718,0.0866,-0.0611,inf,1.5,1.5
35.85,10.0204,-0.0234,0.0705,-0.0002,-0.0129,0.0924,-0.033,inf,1.5,1.5
35.867,10.0204,-0.0234,0.0704,0.0008,-0.0122,0.0895,-0.0181,inf,1.5,1.5
35.867,10.0204,-0.0234,0.0704,0.0008,-0.0122,0.0897,-0.0139,inf,1.5,1.5
35.867,10.0204,-0.0234,0.0704,0.0008,-0.0122,0.0879,-0.0087,inf,1.5,1.5
35.9,10.0204,-0.0233,0.07,0.0001,-0.0322,0.0865,-0.0093,inf,1.5,1.5
35.9,10.0204,-0.0233,0.07,0.0001,-0.0322,0.0844,-0.0186,inf,1.5,1.5
35.917,10.0204,-0.0232,0.0698,0.0028,-0.0417,0.0883,-0.0301,inf,1.5,1.5
35.917,10.0204,-0.0232,0.0698,0.0028,-0.0417,0.0903,-0.0403,inf,1.5,1.5
35.917,10.0204,-0.0232,0.0698,0.0028,-0.0417,0.0908,-0.0425,inf,1.5,1.5
35.95,10.0204,-0.023,0.0692,-0.0016,-0.005,0.0922,-0.0407,inf,1.5,1.5
35.967,10.0204,-0.0229,0.0689,0.0,-0.0198,0.0889,-0.0219,inf,1.5,1.5
35.967,10.0204,-0.0229,0.0689,0.0,-0.0198,0.0861,-0.0206,inf,1.5,1.5
35.967,10.0204,-0.0229,0.0689,0.0,-0.0198,0.0866,-0.019,inf,1.5,1.5
36.0,10.0204,-0.0228,0.0685,-0.0007,0.0029,0.0888,-0.0199,inf,1.5,1.5
36.0,10.0204,-0.0228,0.0685,-0.0007,0.0029,0.0874,-0.0108,inf,1.5,1.5
36.017,10.0204,-0.0228,0.0689,-0.0002,0.0383,0.089,-0.0003,inf,1.5,1.5
36.033,10.0204,-0.0228,0.0692,-0.0006,0.0264,0.0891,0.0209,inf,1.5,1.5
36.033,10.0204,-0.0228,0.0692,-0.0006,0.0264,0.0901,0.0179,inf,1.5,1.5
36.033,10.0204,-0.0228,0.0692,-0.0006,0.0264,0.0909,0.0229,inf,1.5,1.5
36.033,10.0204,-0.0228,0.0692,-0.0006,0.0264,0.0908,0.0193,inf,1.5,1.5
36.067,10.0204,-0.0228,0.0695,0.0001,0.0004,0.0875,0.0034,inf,1.5,1.5
36.083,10.0204,-0.0228,0.0695,0.0,-0.0013,0.087,-0.0008,inf,1.5,1.5
36.083,10.0204,-0.0228,0.0695,0.0,-0.0013,0.0884,-0.0027,inf,1.5,1.5
36.083,10.0204,-0.0228,0.0695,0.0,-0.0013,0.0857,-0.0046,inf,1.5,1.5
36.117,10.0204,-0.0227,0.0696,-0.0001,0.0166,0.088,-0.0058,inf,1.5,1.5
36.117,10.0204,-0.0227,0.0696,-0.0001,0.0166,0.0883,0.0053,inf,1.5,1.5
36.133,10.0204,-0.0227,0.0699,-0.0001,0.0198,0.0862,0.0077,inf,1.5,1.5
36.133,10.0204,-0.0227,0.0699,-0.0001,0.0198,0.0879,0.0096,inf,1.5,1.5
36.167,10.0204,-0.0227,0.0701,-0.0001,0.008,0.0882,0.0074,inf,1.5,1.5
36.167,10.0204,-0.0227,0.0701,-0.0001,0.008,0.0892,0.004,inf,1.5,1.5
36.183,10.0204,-0.0227,0.0703,-0.0001,0.0099,0.0891,0.0034,inf,1.5,1.5
36.183,10.0204,-0.0227,0.0703,-0.0001,0.0099,0.0884,0.004,inf,1.5,1.5
36.2,10.0204,-0.0226,0.0704,-0.0,0.0128,0.0867,0.0071,inf,1.5,1.5
36.2,10.0204,-0.0226,0.0704,-0.0,0.0128,0.0886,0.0114,inf,1.5,1.5
36.233,10.0204,-0.0226,0.0705,-0.0,0.023,0.0854,0.0055,inf,1.5,1.5
36.233,10.0204,-0.0226,0.0705,-0.0,0.023,0.0873,0.009,inf,1.5,1.5
36.25,10.0204,-0.0226,0.0708,-0.0001,0.0134,0.0866,0.0168,inf,1.5,1.5
36.25,10.0204,-0.0226,0.0708,-0.0001,0.0134,0.0872,0.0137,inf,1.5,1.5
36.25,10.0204,-0.0226,0.0708,-0.0001,0.0134,0.0839,0.0119,inf,1.5,1.5
36.283,10.0204,-0.0225,0.0709,-0.0003,0.0179,0.0854,0.0078,inf,1.5,1.5
36.283,10.0204,-0.0225,0.0709,-0.0003,0.0179,0.0861,0.0102,inf,1.5,1.5
36.3,10.0204,-0.0225,0.0711,-0.0001,0.023,0.0875,0.0117,inf,1.5,1.5
36.3,10.0204,-0.0225,0.0711,-0.0001,0.023,0.0819,0.0163,inf,1.5,1.5
36.3,10.0204,-0.0225,0.0711,-0.0001,0.023,0.0825,0.0169,inf,1.5,1.5
36.333,10.0204,-0.0225,0.0713,0.0003,0.0063,0.0839,0.0118,inf,1.5,1.5
36.35,10.0204,-0.0224,0.0713,-0.0002,0.015,0.0837,0.0053,inf,1.5,1.5
36.35,10.0204,-0.0224,0.0713,-0.0002,0.015,0.0826,0.01,inf,1.5,1.5
36.367,10.0204,-0.0224,0.0715,0.0001,0.0089,0.0847,0.0043,inf,1.5,1.5
36.367,10.0204,-0.0224,0.0715,0.0001,0.0089,0.0843,0.003,inf,1.5,1.5
36.367,10.0204,-0.0224,0.0715,0.0001,0.0089,0.0847,0.004,inf,1.5,1.5
36.4,10.0204,-0.0224,0.0717,-0.0001,0.0173,0.0839,0.0051,inf,1.5,1.5
36.417,10.0204,-0.0224,0.0718,-0.0001,0.0152,0.0861,0.0136,inf,1.5,1.5
36.417,10.0204,-0.0224,0.0718,-0.0001,0.0152,0.0855,0.0106,inf,1.5,1.5
36.417,10.0204,-0.0224,0.0718,-0.0001,0.0152,0.086,0.0098,inf,1.5,1.5
36.45,10.0203,-0.0223,0.0721,-0.0002,0.0016,0.0835,0.0066,inf,1.5,1.5
36.45,10.0203,-0.0223,0.0721,-0.0002,0.0016,0.0825,-0.0003,inf,1.5,1.5
36.467,10.0203,-0.0223,0.0721,-0.0,0.019,0.0829,0.0099,inf,1.5,1.5
36.467,10.0203,-0.0223,0.0721,-0.0,0.019,0.0883,0.01,inf,1.5,1.5
36.467,10.0203,-0.0223,0.0721,-0.0,0.019,0.0856,0.0096,inf,1.5,1.5
36.5,10.0203,-0.0223,0.0727,0.0001,0.0035,0.0892,0.005,inf,1.5,1.5
36.517,10.0203,-0.0223,0.0724,0.0003,-0.0097,0.0901,0.0053,inf,1.5,1.5
36.517,10.0203,-0.0223,0.0724,0.0003,-0.0097,0.0897,-0.0047,inf,1.5,1.5
36.533,10.0203,-0.0222,0.0726,-0.0005,0.0128,0.0896,0.0073,inf,1.5,1.5
36.533,10.0203,-0.0222,0.0726,-0.0005,0.0128,0.0875,0.0063,inf,1.5,1.5
36.533,10.0203,-0.0222,0.0726,-0.0005,0.0128,0.0869,0.0111,inf,1.5,1.5
36.567,10.0203,-0.0222,0.0727,-0.0002,0.0214,0.0865,0.0109,inf,1.5,1.5
36.583,10.0203,-0.0222,0.073,-0.0002,0.0204,0.0854,0.0134,inf,1.5,1.5
36.583,10.0203,-0.0222,0.073,-0.0002,0.0204,0.0848,0.0146,inf,1.5,1.5
36.583,10.0203,-0.0222,0.073,-0.0002,0.0204,0.0837,0.0127,inf,1.5,1.5
36.617,10.0203,-0.0221,0.0732,-0.0001,0.0127,0.0891,0.0102,inf,1.5,1.5
36.633,10.0203,-0.0221,0.0732,0.0004,0.0138,0.0851,0.0039,inf,1.5,1.5
36.633,10.0203,-0.0221,0.0732,0.0004,0.0138,0.0873,0.0081,inf,1.5,1.5
36.633,10.0203,-0.0221,0.0732,0.0004,0.0138,0.0875,0.0064,inf,1.5,1.5
36.633,10.0203,-0.0221,0.0732,0.0004,0.0138,0.0885,0.0072,inf,1.5,1.5
36.667,10.0203,-0.022,0.0733,0.0001,0.0081,0.0888,-0.0008,inf,1.5,1.5
36.683,10.0203,-0.022,0.0735,0.0004,0.0263,0.0916,0.0007,inf,1.5,1.5
36.683,10.0203,-0.022,0.0735,0.0004,0.0263,0.0936,0.0104,inf,1.5,1.5
36.7,10.0203,-0.022,0.0736,-0.0002,0.0182,0.0898,0.0097,inf,1.5,1.5
36.7,10.0203,-0.022,0.0736,-0.0002,0.0182,0.0883,0.0105,inf,1.5,1.5
36.7,10.0203,-0.022,0.0736,-0.0002,0.0182,0.0891,0.0125,inf,1.5,1.5
36.733,10.0203,-0.0219,0.0737,-0.0001,0.016,0.0885,0.0092,inf,1.5,1.5
36.75,10.0203,-0.0219,0.0739,-0.0001,0.0117,0.0897,0.006,inf,1.5,1.5
36.75,10.0203,-0.0219,0.0739,-0.0001,0.0117,0.0908,0.0051,inf,1.5,1.5
36.75,10.0203,-0.0219,0.0739,-0.0001,0.0117,0.087,0.0043,inf,1.5,1.5
36.783,10.0203,-0.0219,0.0742,-0.0004,0.0126,0.088,0.0098,inf,1.5,1.5
36.783,10.0203,-0.0219,0.0742,-0.0004,0.0126,0.0896,0.0102,inf,1.5,1.5
36.8,10.0203,-0.0219,0.0743,-0.0001,0.0273,0.0896,0.0227,inf,1.5,1.5
36.8,10.0203,-0.0219,0.0743,-0.0001,0.0273,0.0876,0.0252,inf,1.5,1.5
36.8,10.0203,-0.0219,0.0743,-0.0001,0.0273,0.0843,0.0243,inf,1.5,1.5
36.833,10.0203,-0.0218,0.0745,-0.0,0.0097,0.0868,0.0144,inf,1.5,1.5
36.85,10.0203,-0.0218,0.0747,-0.0001,0.0126,0.0844,0.0078,inf,1.5,1.5
36.85,10.0203,-0.0218,0.0747,-0.0001,0.0126,0.0833,0.0085,inf,1.5,1.5
36.867,10.0203,-0.0218,0.0748,-0.0002,0.0169,0.0847,0.0117,inf,1.5,1.5
36.867,10.0203,-0.0218,0.0748,-0.0002,0.0169,0.0847,0.0095,inf,1.5,1.5
36.867,10.0203,-0.0218,0.0748,-0.0002,0.0169,0.0857,0.007,inf,1.5,1.5
36.9,10.0203,-0.0217,0.075,-0.0003,0.0211,0.0858,0.0106,inf,1.5,1.5
36.917,10.0203,-0.0217,0.0752,-0.0002,0.0154,0.0899,0.0129,inf,1.5,1.5
36.917,10.0203,-0.0217,0.0752,-0.0002,0.0154,0.092,0.0126,inf,1.5,1.5
36.917,10.0203,-0.0217,0.0752,-0.0002,0.0154,0.0889,0.0125,inf,1.5,1.5
36.95,10.0203,-0.0216,0.0753,-0.0003,0.0248,0.0907,0.0116,inf,1.5,1.5
36.95,10.0203,-0.0216,0.0753,-0.0003,0.0248,0.0879,0.014,inf,1.5,1.5
36.967,10.0203,-0.0216,0.0756,-0.0001,0.0121,0.086,0.0173,inf,1.5,1.5
36.967,10.0203,-0.0216,0.0756,-0.0001,0.0121,0.0856,0.0165,inf,1.5,1.5
36.967,10.0203,-0.0216,0.0756,-0.0001,0.0121,0.0892,0.0091,inf,1.5,1.5
37.0,10.0202,-0.0216,0.0756,0.0003,0.005,0.0888,0.0057,inf,1.5,1.5
37.0,10.0202,-0.0216,0.0756,0.0003,0.005,0.0901,0.0025,inf,1.5,1.5
37.017,10.0202,-0.0216,0.0758,0.0006,-0.0465,0.0879,-0.0228,inf,1.5,1.5
37.033,10.0202,-0.0216,0.0759,0.0001,0.0017,0.0841,-0.0144,inf,1.5,1.5
37.033,10.0202,-0.0216,0.0759,0.0001,0.0017,0.0865,-0.0075,inf,1.5,1.5
37.033,10.0202,-0.0216,0.0759,0.0001,0.0017,0.085,0.0003,inf,1.5,1.5
37.067,10.0202,-0.0215,0.0759,-0.0,0.0032,0.086,-0.0041,inf,1.5,1.5
37.083,10.0202,-0.0215,0.0759,-0.0001,0.0125,0.0872,0.0023,inf,1.5,1.5
37.083,10.0202,-0.0215,0.0759,-0.0001,0.0125,0.0863,0.0085,inf,1.5,1.5
37.083,10.0202,-0.0215,0.0759,-0.0001,0.0125,0.0837,0.0093,inf,1.5,1.5
37.083,10.0202,-0.0215,0.0759,-0.0001,0.0125,0.0832,0.008,inf,1.5,1.5
37.117,10.0202,-0.0214,0.0762,-0.0003,0.0266,0.0834,0.0136,inf,1.5,1.5
37.133,10.0202,-0.0215,0.0766,-0.0002,0.0146,0.0822,0.0181,inf,1.5,1.5
37.133,10.0202,-0.0215,0.0766,-0.0002,0.0146,0.0837,0.0153,inf,1.5,1.5
37.133,10.0202,-0.0215,0.0766,-0.0002,0.0146,0.0847,0.0132,inf,1.5,1.5
37.167,10.0202,-0.0214,0.0769,0.0001,0.0101,0.0855,0.0077,inf,1.5,1.5
37.183,10.0202,-0.0214,0.0769,0.0007,-0.0067,0.0872,0.0077,inf,1.5,1.5
37.183,10.0202,-0.0214,0.0769,0.0007,-0.0067,0.0866,-0.0056,inf,1.5,1.5
37.2,10.0202,-0.0214,0.077,-0.0,0.0163,0.0872,-0.0113,inf,1.5,1.5
37.2,10.0202,-0.0214,0.077,-0.0,0.0163,0.0885,-0.0014,inf,1.5,1.5
37.2,10.0202,-0.0214,0.077,-0.0,0.0163,0.0894,0.0059,inf,1.5,1.5
37.233,10.0202,-0.0214,0.0773,0.0005,0.0062,0.0907,0.0128,inf,1.5,1.5
37.233,10.0202,-0.0214,0.0773,0.0005,0.0062,0.0889,0.0073,inf,1.5,1.5
37.25,10.0202,-0.0213,0.0773,0.0003,0.0031,0.0901,0.0048,inf,1.5,1.5
37.25,10.0202,-0.0213,0.0773,0.0003,0.0031,0.0875,-0.0013,inf,1.5,1.5
37.25,10.0202,-0.0213,0.0773,0.0003,0.0031,0.0881,0.0006,inf,1.5,1.5
37.283,10.0202,-0.0213,0.0775,0.0002,0.007,0.0869,0.0008,inf,1.5,1.5
37.3,10.0202,-0.0212,0.0774,-0.0002,0.0155,0.089,0.0033,inf,1.5,1.5
37.3,10.0202,-0.0212,0.0774,-0.0002,0.0155,0.0882,0.0107,inf,1.5,1.5
37.3,10.0202,-0.0212,0.0774,-0.0002,0.0155,0.0895,0.0124,inf,1.5,1.5
37.333,10.0202,-0.0212,0.0779,-0.0002,0.0183,0.09,0.0099,inf,1.5,1.5
37.35,10.0202,-0.0212,0.0781,0.0002,0.017,0.0888,0.0134,inf,1.5,1.5
37.35,10.0202,-0.0212,0.0781,0.0002,0.017,0.0891,0.0125,inf,1.5,1.5
37.367,10.0202,-0.0212,0.0782,-0.0,0.0117,0.0868,0.0107,inf,1.5,1.5
37.367,10.0202,-0.0212,0.0782,-0.0,0.0117,0.089,0.0105,inf,1.5,1.5
37.367,10.0202,-0.0212,0.0782,-0.0,0.0117,0.0884,0.0079,inf,1.5,1.5
37.4,10.0202,-0.0212,0.0783,-0.0004,0.0247,0.0871,0.0098,inf,1.5,1.5
37.417,10.0202,-0.0211,0.0785,-0.0003,0.0156,0.0889,0.012,inf,1.5,1.5
37.417,10.0202,-0.0211,0.0785,-0.0003,0.0156,0.0877,0.013,inf,1.5,1.5
37.417,10.0202,-0.0211,0.0785,-0.0003,0.0156,0.0882,0.011,inf,1.5,1.5
37.45,10.0202,-0.0211,0.0788,-0.0,0.0053,0.0885,0.0118,inf,1.5,1.5
37.45,10.0202,-0.0211,0.0788,-0.0,0.0053,0.0874,0.006,inf,1.5,1.5
37.467,10.0202,-0.0211,0.0791,0.0,0.0048,0.0868,0.002,inf,1.5,1.5
37.467,10.0202,-0.0211,0.0791,0.0,0.0048,0.0863,0.0018,inf,1.5,1.5
37.467,10.0202,-0.0211,0.0791,0.0,0.0048,0.0855,-0.0005,inf,1.5,1.5
37.5,10.0201,-0.0211,0.0793,-0.0,0.0037,0.0846,0.0008,inf,1.5,1.5
37.517,10.0201,-0.021,0.0793,0.0,0.0063,0.0825,-0.0008,inf,1.5,1.5
37.517,10.0201,-0.021,0.0793,0.0,0.0063,0.0844,0.0,inf,1.5,1.5
37.533,10.0201,-0.021,0.0794,0.0002,0.0048,0.0853,0.0,inf,1.5,1.5
37.533,10.0201,-0.021,0.0794,0.0002,0.0048,0.0862,-0.0012,inf,1.5,1.5
37.533,10.0201,-0.021,0.0794,0.0002,0.0048,0.0892,0.0006,inf,1.5,1.5
37.567,10.0201,-0.021,0.0797,-0.0003,0.0195,0.0861,0.0113,inf,1.5,1.5
37.583,10.0201,-0.0209,0.0798,-0.0003,0.0202,0.0865,0.0161,inf,1.5,1.5
37.583,10.0201,-0.0209,0.0798,-0.0003,0.0202,0.0884,0.0145,inf,1.5,1.5
37.583,10.0201,-0.0209,0.0798,-0.0003,0.0202,0.0893,0.016,inf,1.5,1.5
37.617,10.0201,-0.0209,0.0801,0.0001,0.011,0.0891,0.012,inf,1.5,1.5
37.617,10.0201,-0.0209,0.0801,0.0001,0.011,0.089,0.01,inf,1.5,1.5
37.633,10.0201,-0.0209,0.0801,-0.0002,0.0082,0.0854,0.0067,inf,1.5,1.5
37.633,10.0201,-0.0209,0.0801,-0.0002,0.0082,0.0853,0.0067,inf,1.5,1.5
37.633,10.0201,-0.0209,0.0801,-0.0002,0.0082,0.0826,0.0049,inf,1.5,1.5
37.667,10.0201,-0.0209,0.0803,-0.0003,0.0245,0.0858,0.0102,inf,1.5,1.5
37.683,10.0201,-0.0209,0.0805,0.0003,0.0126,0.0844,0.0094,inf,1.5,1.5
37.683,10.0201,-0.0209,0.0805,0.0003,0.0126,0.0847,0.0105,inf,1.5,1.5
37.7,10.0201,-0.0209,0.0807,0.0005,0.0665,0.0849,0.0058,inf,1.5,1.5
37.7,10.0201,-0.0209,0.0807,0.0005,0.0665,0.0886,0.0345,inf,1.5,1.5
37.7,10.0201,-0.0209,0.0807,0.0005,0.0665,0.0904,0.0469,inf,1.5,1.5
37.733,10.0201,-0.021,0.0811,-0.0002,0.0016,0.089,0.0561,inf,1.5,1.5
37.733,10.0201,-0.021,0.0811,-0.0002,0.0016,0.0848,0.0147,inf,1.5,1.5
37.75,10.0201,-0.021,0.0813,0.0002,-0.007,0.084,-0.0053,inf,1.5,1.5
37.75,10.0201,-0.021,0.0813,0.0002,-0.007,0.0843,-0.0147,inf,1.5,1.5
37.75,10.0201,-0.021,0.0813,0.0002,-0.007,0.0839,-0.011,inf,1.5,1.5
37.783,10.0201,-0.0209,0.0815,0.0004,-0.0034,0.0851,-0.0097,inf,1.5,1.5
37.8,10.0201,-0.0209,0.0816,0.0002,0.0091,0.087,-0.0078,inf,1.5,1.5
37.8,10.0201,-0.0209,0.0816,0.0002,0.0091,0.0894,-0.0029,inf,1.5,1.5
37.8,10.0201,-0.0209,0.0816,0.0002,0.0091,0.0876,-0.0001,inf,1.5,1.5
37.833,10.0201,-0.021,0.0818,0.0002,0.0032,0.0861,0.0001,inf,1.5,1.5
37.833,10.0201,-0.021,0.0818,0.0002,0.0032,0.0847,0.0005,inf,1.5,1.5
37.85,10.0201,-0.0209,0.0818,-0.0002,-0.0001,0.0831,-0.0047,inf,1.5,1.5
37.867,10.0201,-0.0209,0.0819,-0.0003,0.0129,0.0809,-0.006,inf,1.5,1.5
37.867,10.0201,-0.0209,0.0819,-0.0003,0.0129,0.0822,0.0041,inf,1.5,1.5
37.867,10.0201,-0.0209,0.0819,-0.0003,0.0129,0.0869,0.0016,inf,1.5,1.5
37.9,10.0201,-0.0209,0.0821,0.0006,-0.0142,0.0846,0.0044,inf,1.5,1.5
37.9,10.0201,-0.0209,0.0821,0.0006,-0.0142,0.0795,-0.0098,inf,1.5,1.5
37.917,10.0201,-0.0209,0.0823,-0.0003,0.0257,0.0821,0.0065,inf,1.5,1.5
37.917,10.0201,-0.0209,0.0823,-0.0003,0.0257,0.0839,0.0145,inf,1.5,1.5
37.917,10.0201,-0.0209,0.0823,-0.0003,0.0257,0.0867,0.0186,inf,1.5,1.5
37.95,10.0201,-0.0208,0.0825,-0.0005,0.0294,0.087,0.0193,inf,1.5,1.5
37.967,10.0201,-0.0208,0.0828,-0.0004,0.0257,0.0872,0.018,inf,1.5,1.5
37.967,10.0201,-0.0208,0.0828,-0.0004,0.0257,0.0868,0.0195,inf,1.5,1.5
37.967,10.0201,-0.0208,0.0828,-0.0004,0.0257,0.0869,0.0139,inf,1.5,1.5
38.0,10.0201,-0.0208,0.0831,0.0014,-0.0145,0.0856,0.0148,inf,1.5,1.5
38.0,10.0201,-0.0208,0.0831,0.0014,-0.0145,0.0861,-0.0073,inf,1.5,1.5
38.017,10.0201,-0.0209,0.0832,-0.0001,0.0119,0.0873,0.0035,inf,1.5,1.5
38.033,10.0201,-0.0209,0.0835,-0.0004,0.0127,0.0895,0.0007,inf,1.5,1.5
38.033,10.0201,-0.0209,0.0835,-0.0004,0.0127,0.0885,0.0014,inf,1.5,1.5
38.033,10.0201,-0.0209,0.0835,-0.0004,0.0127,0.0848,0.004,inf,1.5,1.5
38.067,10.02,-0.0208,0.0837,0.0001,0.0096,0.0857,0.0066,inf,1.5,1.5
38.067,10.02,-0.0208,0.0837,0.0001,0.0096,0.0867,0.0042,inf,1.5,1.5
38.083,10.02,-0.0208,0.0839,-0.0004,0.0232,0.0863,0.0093,inf,1.5,1.5
38.083,10.02,-0.0208,0.0839,-0.0004,0.0232,0.0879,0.0128,inf,1.5,1.5
38.083,10.02,-0.0208,0.0839,-0.0004,0.0232,0.0861,0.0164,inf,1.5,1.5
38.117,10.02,-0.0208,0.0841,-0.0003,0.0148,0.0868,0.0114,inf,1.5,1.5
38.133,10.02,-0.0207,0.0842,-0.0004,0.028,0.0854,0.0092,inf,1.5,1.5
38.133,10.02,-0.0207,0.0842,-0.0004,0.028,0.0841,0.0133,inf,1.5,1.5
38.133,10.02,-0.0207,0.0842,-0.0004,0.028,0.0855,0.014,inf,1.5,1.5
38.167,10.02,-0.0207,0.0844,0.0002,0.0066,0.0852,0.0187,inf,1.5,1.5
38.167,10.02,-0.0207,0.0844,0.0002,0.0066,0.088,0.0083,inf,1.5,1.5
38.183,10.02,-0.0207,0.0846,-0.0,0.0064,0.0878,0.0027,inf,1.5,1.5
38.2,10.02,-0.0206,0.0846,-0.0002,0.0103,0.0882,-0.0032,inf,1.5,1.5
38.2,10.02,-0.0206,0.0846,-0.0002,0.0103,0.0864,0.0004,inf,1.5,1.5
38.2,10.02,-0.0206,0.0846,-0.0002,0.0103,0.0855,0.0008,inf,1.5,1.5
38.233,10.02,-0.0206,0.0849,0.0001,0.0122,0.0865,0.0025,inf,1.5,1.5
38.233,10.02,-0.0206,0.0849,0.0001,0.0122,0.0876,0.0023,inf,1.5,1.5
38.25,10.02,-0.0206,0.0851,-0.0013,0.0641,0.0855,0.0281,inf,1.5,1.5
38.25,10.02,-0.0206,0.0851,-0.0013,0.0641,0.0854,0.0466,inf,1.5,1.5
38.25,10.02,-0.0206,0.0851,-0.0013,0.0641,0.0844,0.0511,inf,1.5,1.5
38.283,10.02,-0.0205,0.0852,0.0001,0.0043,0.0854,0.0217,inf,1.5,1.5
38.3,10.02,-0.0205,0.0853,-0.0003,0.0143,0.0856,0.0072,inf,1.5,1.5
38.3,10.02,-0.0205,0.0853,-0.0003,0.0143,0.085,0.0022,inf,1.5,1.5
38.3,10.02,-0.0205,0.0853,-0.0003,0.0143,0.0829,0.0027,inf,1.5,1.5
38.333,10.02,-0.0204,0.0853,0.0005,-0.0134,0.0853,0.0063,inf,1.5,1.5
38.333,10.02,-0.0204,0.0853,0.0005,-0.0134,0.0888,-0.0084,inf,1.5,1.5
38.35,10.02,-0.0204,0.0855,-0.0001,0.0104,0.0864,-0.004,inf,1.5,1.5
38.367,10.02,-0.0204,0.0856,0.0001,0.0043,0.0849,0.0015,inf,1.5,1.5
38.367,10.02,-0.0204,0.0856,0.0001,0.0043,0.0871,0.0002,inf,1.5,1.5
38.367,10.02,-0.0204,0.0856,0.0001,0.0043,0.0876,0.0025,inf,1.5,1.5
38.4,10.02,-0.0203,0.0859,0.0002,0.0063,0.0862,-0.0015,inf,1.5,1.5
38.4,10.02,-0.0203,0.0859,0.0002,0.0063,0.0872,0.0003,inf,1.5,1.5
38.417,10.02,-0.0203,0.0859,0.0002,0.0079,0.0883,0.0048,inf,1.5,1.5
38.417,10.02,-0.0203,0.0859,0.0002,0.0079,0.088,0.0047,inf,1.5,1.5
38.417,10.02,-0.0203,0.0859,0.0002,0.0079,0.0835,0.0036,inf,1.5,1.5
38.45,10.02,-0.0202,0.0861,-0.0005,0.0238,0.0835,0.0114,inf,1.5,1.5
38.467,10.0199,-0.0203,0.0864,-0.0001,0.0186,0.0852,0.0157,inf,1.5,1.5
38.467,10.0199,-0.0203,0.0864,-0.0001,0.0186,0.0887,0.0148,inf,1.5,1.5
38.467,10.0199,-0.0203,0.0864,-0.0001,0.0186,0.0904,0.0098,inf,1.5,1.5
38.5,10.0199,-0.0202,0.0865,0.0004,0.0055,0.0877,0.0083,inf,1.5,1.5
38.5,10.0199,-0.0202,0.0865,0.0004,0.0055,0.0891,0.0072,inf,1.5,1.5
38.517,10.0199,-0.0202,0.0866,-0.0002,0.0119,0.0886,0.0058,inf,1.5,1.5
38.533,10.0199,-0.0201,0.0865,-0.0004,0.0175,0.0873,0.0065,inf,1.5,1.5
38.533,10.0199,-0.0201,0.0865,-0.0004,0.0175,0.0877,0.0066,inf,1.5,1.5
38.533,10.0199,-0.0201,0.0865,-0.0004,0.0175,0.0851,0.009,inf,1.5,1.5
38.567,10.0199,-0.0201,0.0869,-0.0002,0.0122,0.0882,0.0099,inf,1.5,1.5
38.567,10.0199,-0.0201,0.0869,-0.0002,0.0122,0.0906,0.009,inf,1.5,1.5
38.583,10.0199,-0.0201,0.087,-0.0002,0.0299,0.087,0.0138,inf,1.5,1.5
38.583,10.0199,-0.0201,0.087,-0.0002,0.0299,0.0884,0.0132,inf,1.5,1.5
38.583,10.0199,-0.0201,0.087,-0.0002,0.0299,0.088,0.0154,inf,1.5,1.5
38.617,10.0199,-0.0202,0.0876,0.0023,-0.07,0.088,-0.0365,inf,1.5,1.5
38.633,10.0199,-0.0202,0.0877,-0.0004,0.0015,0.0888,-0.0549,inf,1.5,1.5
38.633,10.0199,-0.0202,0.0877,-0.0004,0.0015,0.0896,-0.0303,inf,1.5,1.5
38.633,10.0199,-0.0202,0.0877,-0.0004,0.0015,0.0882,-0.015,inf,1.5,1.5
38.667,10.0199,-0.0202,0.0879,-0.0005,0.0185,0.0923,-0.0037,inf,1.5,1.5
38.667,10.0199,-0.0202,0.0879,-0.0005,0.0185,0.088,0.0058,inf,1.5,1.5
38.683,10.0199,-0.0202,0.0881,-0.0005,0.0229,0.0858,0.0144,inf,1.5,1.5
38.7,10.0199,-0.0202,0.0882,-0.0003,0.0252,0.0833,0.0184,inf,1.5,1.5
38.7,10.0199,-0.0202,0.0882,-0.0003,0.0252,0.0838,0.0177,inf,1.5,1.5
38.7,10.0199,-0.0202,0.0882,-0.0003,0.0252,0.0864,0.0154,inf,1.5,1.5
38.733,10.0199,-0.0202,0.0887,-0.0,0.005,0.0903,0.0148,inf,1.5,1.5
38.733,10.0199,-0.0202,0.0887,-0.0,0.005,0.0897,0.0012,inf,1.5,1.5
38.75,10.0199,-0.0201,0.0887,-0.0,0.0075,0.0885,-0.0033,inf,1.5,1.5
38.75,10.0199,-0.0201,0.0887,-0.0,0.0075,0.0878,0.0002,inf,1.5,1.5
38.75,10.0199,-0.0201,0.0887,-0.0,0.0075,0.0867,0.0006,inf,1.5,1.5
38.783,10.0199,-0.0201,0.089,0.0001,0.0075,0.0867,0.0004,inf,1.5,1.5
38.8,10.0199,-0.02,0.0889,-0.0003,0.0196,0.0871,0.001,inf,1.5,1.5
38.8,10.0199,-0.02,0.0889,-0.0003,0.0196,0.0886,0.0063,inf,1.5,1.5
38.8,10.0199,-0.02,0.0889,-0.0003,0.0196,0.0894,0.0101,inf,1.5,1.5
38.833,10.0199,-0.02,0.0891,-0.0001,0.0124,0.0878,0.0096,inf,1.5,1.5
38.833,10.0199,-0.02,0.0891,-0.0001,0.0124,0.0861,0.0093,inf,1.5,1.5
38.833,10.0199,-0.02,0.0891,-0.0001,0.0124,0.0875,0.0049,inf,1.5,1.5
38.85,10.0199,-0.02,0.0893,0.0004,-0.0008,0.0883,0.005,inf,1.5,1.5
38.85,10.0199,-0.02,0.0893,0.0004,-0.0008,0.0849,-0.0008,inf,1.5,1.5
38.867,10.0199,-0.0199,0.0893,0.0,-0.0,0.0852,-0.0013,inf,1.5,1.5
38.867,10.0199,-0.0199,0.0893,0.0,-0.0,0.0835,-0.0027,inf,1.5,1.5
38.9,10.0198,-0.0199,0.0896,0.0,0.0142,0.0829,-0.005,inf,1.5,1.5
38.9,10.0198,-0.0199,0.0896,0.0,0.0142,0.0819,0.0021,inf,1.5,1.5
38.917,10.0198,-0.0199,0.0897,-0.0007,0.0409,0.0831,0.0053,inf,1.5,1.5
38.917,10.0198,-0.0199,0.0897,-0.0007,0.0409,0.0849,0.0209,inf,1.5,1.5
38.917,10.0198,-0.0199,0.0897,-0.0007,0.0409,0.0848,0.0312,inf,1.5,1.5
38.95,10.0198,-0.0199,0.0899,-0.0002,0.0143,0.0846,0.0308,inf,1.5,1.5
38.95,10.0198,-0.0199,0.0899,-0.0002,0.0143,0.0856,0.0118,inf,1.5,1.5
38.967,10.0198,-0.0198,0.0899,-0.0,0.0062,0.0884,0.0036,inf,1.5,1.5
38.967,10.0198,-0.0198,0.0899,-0.0,0.0062,0.0861,-0.0037,inf,1.5,1.5
38.967,10.0198,-0.0198,0.0899,-0.0,0.0062,0.0853,-0.0006,inf,1.5,1.5
39.0,10.0198,-0.0198,0.0903,-0.0001,0.0096,0.088,0.0023,inf,1.5,1.5
39.017,10.0198,-0.0198,0.0903,-0.0001,0.0059,0.087,0.0037,inf,1.5,1.5
39.033,10.0198,-0.0197,0.0903,-0.0003,0.0182,0.0862,0.0022,inf,1.5,1.5
39.033,10.0198,-0.0197,0.0903,-0.0003,0.0182,0.0866,0.0068,inf,1.5,1.5
39.033,10.0198,-0.0197,0.0903,-0.0003,0.0182,0.0839,0.0099,inf,1.5,1.5
39.033,10.0198,-0.0197,0.0903,-0.0003,0.0182,0.0891,0.01,inf,1.5,1.5
39.067,10.0198,-0.0197,0.0906,-0.0009,0.0883,0.0877,0.0477,inf,1.5,1.5
39.083,10.0198,-0.0197,0.0908,-0.0007,0.038,0.0876,0.0621,inf,1.5,1.5
39.083,10.0198,-0.0197,0.0908,-0.0007,0.038,0.0875,0.046,inf,1.5,1.5
39.083,10.0198,-0.0197,0.0908,-0.0007,0.038,0.088,0.0337,inf,1.5,1.5
39.117,10.0198,-0.0196,0.0908,-0.0007,0.0618,0.0864,0.0272,inf,1.5,1.5
39.117,10.0198,-0.0196,0.0908,-0.0007,0.0618,0.0879,0.0364,inf,1.5,1.5
39.133,10.0198,-0.0196,0.0912,-0.0055,0.0493,0.0873,0.0373,inf,1.5,1.5
39.133,10.0198,-0.0196,0.0912,-0.0055,0.0493,0.0867,0.0395,inf,1.5,1.5
39.167,10.0198,-0.0196,0.0917,0.0003,-0.0117,0.0855,0.0399,inf,1.5,1.5
39.167,10.0198,-0.0196,0.0917,0.0003,-0.0117,0.0893,0.0004,inf,1.5,1.5
39.183,10.0198,-0.0195,0.0917,0.0013,-0.0276,0.0929,-0.0089,inf,1.5,1.5
39.2,10.0197,-0.0194,0.0917,0.0,0.0168,0.0916,-0.0261,inf,1.5,1.5
39.2,10.0197,-0.0194,0.0917,0.0,0.0168,0.0896,-0.0084,inf,1.5,1.5
39.2,10.0197,-0.0194,0.0917,0.0,0.0168,0.0868,-0.0019,inf,1.5,1.5
39.233,10.0197,-0.0194,0.092,-0.0005,0.0219,0.0861,0.0044,inf,1.5,1.5
39.233,10.0197,-0.0194,0.092,-0.0005,0.0219,0.085,0.0084,inf,1.5,1.5
39.25,10.0197,-0.0194,0.0923,-0.0002,0.007,0.0883,0.0069,inf,1.5,1.5
39.25,10.0197,-0.0194,0.0923,-0.0002,0.007,0.0881,-0.0017,inf,1.5,1.5
39.25,10.0197,-0.0194,0.0923,-0.0002,0.007,0.0879,0.0038,inf,1.5,1.5
39.283,10.0197,-0.0193,0.0924,-0.0004,0.0167,0.0861,-0.0023,inf,1.5,1.5
39.3,10.0197,-0.0193,0.0926,-0.0005,0.0214,0.0867,0.0047,inf,1.5,1.5
39.3,10.0197,-0.0193,0.0926,-0.0005,0.0214,0.0885,0.0058,inf,1.5,1.5
39.3,10.0197,-0.0193,0.0926,-0.0005,0.0214,0.0854,0.0107,inf,1.5,1.5
39.333,10.0197,-0.0192,0.0928,0.0003,0.0034,0.0832,0.012,inf,1.5,1.5
39.333,10.0197,-0.0192,0.0928,0.0003,0.0034,0.0835,0.0035,inf,1.5,1.5
39.35,10.0197,-0.0192,0.093,-0.0,0.0034,0.0874,-0.0036,inf,1.5,1.5
39.35,10.0197,-0.0192,0.093,-0.0,0.0034,0.0876,-0.001,inf,1.5,1.5
39.367,10.0197,-0.0192,0.093,0.0002,-0.0021,0.0881,-0.0027,inf,1.5,1.5
39.367,10.0197,-0.0192,0.093,0.0002,-0.0021,0.0865,-0.0052,inf,1.5,1.5
39.4,10.0197,-0.0191,0.0932,-0.0003,0.0231,0.0857,-0.0062,inf,1.5,1.5
39.4,10.0197,-0.0191,0.0932,-0.0003,0.0231,0.0882,0.0067,inf,1.5,1.5
39.417,10.0197,-0.0191,0.0933,-0.0004,0.0231,0.089,0.0124,inf,1.5,1.5
39.417,10.0197,-0.0191,0.0933,-0.0004,0.0231,0.0873,0.0132,inf,1.5,1.5
39.417,10.0197,-0.0191,0.0933,-0.0004,0.0231,0.0855,0.0147,inf,1.5,1.5
39.45,10.0197,-0.0192,0.0939,-0.0007,0.0115,0.0871,0.0142,inf,1.5,1.5
39.467,10.0197,-0.0191,0.0941,-0.0001,0.0028,0.0894,0.0085,inf,1.5,1.5
39.467,10.0197,-0.0191,0.0941,-0.0001,0.0028,0.0883,-0.0009,inf,1.5,1.5
39.467,10.0197,-0.0191,0.0941,-0.0001,0.0028,0.0868,-0.0031,inf,1.5,1.5
39.5,10.0196,-0.0191,0.0943,-0.0005,0.0187,0.0881,-0.0011,inf,1.5,1.5
39.5,10.0196,-0.0191,0.0943,-0.0005,0.0187,0.0883,0.0047,inf,1.5,1.5
39.517,10.0196,-0.0191,0.0945,-0.0004,0.017,0.0879,0.0053,inf,1.5,1.5
39.517,10.0196,-0.0191,0.0945,-0.0004,0.017,0.0876,0.0053,inf,1.5,1.5
39.533,10.0196,-0.019,0.0945,-0.0003,0.0107,0.0863,0.0048,inf,1.5,1.5
39.533,10.0196,-0.019,0.0945,-0.0003,0.0107,0.0888,0.0038,inf,1.5,1.5
39.533,10.0196,-0.019,0.0945,-0.0003,0.0107,0.0858,0.0044,inf,1.5,1.5
39.533,10.0196,-0.019,0.0945,-0.0003,0.0107,0.0874,0.0051,inf,1.5,1.5
39.567,10.0196,-0.019,0.0949,0.0,0.0041,0.0851,-0.001,inf,1.5,1.5
39.583,10.0196,-0.0189,0.0948,-0.0003,0.0209,0.0843,-0.0026,inf,1.5,1.5
39.583,10.0196,-0.0189,0.0948,-0.0003,0.0209,0.0837,0.0051,inf,1.5,1.5
39.583,10.0196,-0.0189,0.0948,-0.0003,0.0209,0.0857,0.0102,inf,1.5,1.5
39.617,10.0196,-0.0189,0.0954,-0.0002,0.0146,0.0858,0.0121,inf,1.5,1.5
39.617,10.0196,-0.0189,0.0954,-0.0002,0.0146,0.0887,0.0107,inf,1.5,1.5
39.633,10.0196,-0.0189,0.0956,-0.0001,0.007,0.0887,0.0084,inf,1.5,1.5
39.633,10.0196,-0.0189,0.0956,-0.0001,0.007,0.0864,0.0061,inf,1.5,1.5
39.633,10.0196,-0.0189,0.0956,-0.0001,0.007,0.0866,0.005,inf,1.5,1.5
39.667,10.0196,-0.0188,0.0958,-0.0003,0.014,0.0847,0.0051,inf,1.5,1.5
39.683,10.0196,-0.0188,0.096,-0.0005,0.0278,0.0842,0.0068,inf,1.5,1.5
39.683,10.0196,-0.0188,0.096,-0.0005,0.0278,0.0836,0.009,inf,1.5,1.5
39.7,10.0196,-0.0188,0.0962,-0.0007,0.0185,0.083,0.0094,inf,1.5,1.5
39.7,10.0196,-0.0188,0.0962,-0.0007,0.0185,0.087,0.0108,inf,1.5,1.5
39.7,10.0196,-0.0188,0.0962,-0.0007,0.0185,0.0835,0.0104,inf,1.5,1.5
39.733,10.0196,-0.0187,0.0964,-0.0004,0.0165,0.0851,0.0099,inf,1.5,1.5
39.75,10.0196,-0.0187,0.0966,0.0,0.0179,0.0863,0.0084,inf,1.5,1.5
39.75,10.0196,-0.0187,0.0966,0.0,0.0179,0.0861,0.0102,inf,1.5,1.5
39.75,10.0196,-0.0187,0.0966,0.0,0.0179,0.0856,0.0093,inf,1.5,1.5
39.783,10.0195,-0.0186,0.0968,-0.0007,0.0265,0.0883,0.0108,inf,1.5,1.5
39.783,10.0195,-0.0186,0.0968,-0.0007,0.0265,0.088,0.0139,inf,1.5,1.5
39.8,10.0195,-0.0187,0.0971,-0.0012,0.0059,0.085,0.0062,inf,1.5,1.5
39.8,10.0195,-0.0187,0.0971,-0.0012,0.0059,0.0852,0.0015,inf,1.5,1.5
39.8,10.0195,-0.0187,0.0971,-0.0012,0.0059,0.0827,0.0019,inf,1.5,1.5
39.833,10.0195,-0.0187,0.0976,0.0001,0.0111,0.0848,0.0023,inf,1.5,1.5
39.85,10.0195,-0.0187,0.0976,-0.0001,0.0038,0.0854,0.0047,inf,1.5,1.5
39.85,10.0195,-0.0187,0.0976,-0.0001,0.0038,0.0868,-0.0009,inf,1.5,1.5
39.867,10.0195,-0.0186,0.0977,-0.0007,0.0243,0.0874,0.0037,inf,1.5,1.5
39.867,10.0195,-0.0186,0.0977,-0.0007,0.0243,0.0905,0.0068,inf,1.5,1.5
39.867,10.0195,-0.0186,0.0977,-0.0007,0.0243,0.0889,0.0118,inf,1.5,1.5
39.9,10.0195,-0.0186,0.0979,-0.0006,0.0213,0.0878,0.0135,inf,1.5,1.5
39.917,10.0195,-0.0186,0.0982,-0.0008,0.0221,0.0889,0.0078,inf,1.5,1.5
39.917,10.0195,-0.0186,0.0982,-0.0008,0.0221,0.0888,0.0099,inf,1.5,1.5
39.917,10.0195,-0.0186,0.0982,-0.0008,0.0221,0.0919,0.0083,inf,1.5,1.5
39.95,10.0195,-0.0186,0.0987,-0.0003,0.0134,0.0895,0.01,inf,1.5,1.5
39.95,10.0195,-0.0186,0.0987,-0.0003,0.0134,0.0863,0.01,inf,1.5,1.5
39.967,10.0195,-0.0185,0.0988,-0.0003,0.0087,0.0852,-0.0005,inf,1.5,1.5
39.967,10.0195,-0.0185,0.0988,-0.0003,0.0087,0.0828,0.0008,inf,1.5,1.5
39.967,10.0195,-0.0185,0.0988,-0.0003,0.0087,0.0837,0.0002,inf,1.5,1.5
40.0,10.0195,-0.0185,0.0991,-0.0002,0.0023,0.0853,-0.001,inf,1.5,1.5
40.017,10.0195,-0.0185,0.0992,-0.0007,0.044,0.0866,0.0001,inf,1.5,1.5
40.017,10.0195,-0.0185,0.0992,-0.0007,0.044,0.088,0.0163,inf,1.5,1.5
40.033,10.0195,-0.0185,0.0994,-0.0016,0.0497,0.0886,0.0296,inf,1.5,1.5
40.033,10.0195,-0.0185,0.0994,-0.0016,0.0497,0.0876,0.0377,inf,1.5,1.5
40.033,10.0195,-0.0185,0.0994,-0.0016,0.0497,0.0891,0.0383,inf,1.5,1.5
40.067,10.0194,-0.0184,0.0995,0.0002,-0.0038,0.0868,0.0374,inf,1.5,1.5
40.067,10.0194,-0.0184,0.0995,0.0002,-0.0038,0.0862,0.0062,inf,1.5,1.5
40.083,10.0194,-0.0184,0.0996,-0.0008,0.0286,0.0893,0.0103,inf,1.5,1.5
40.083,10.0194,-0.0184,0.0996,-0.0008,0.0286,0.0855,0.0094,inf,1.5,1.5
40.083,10.0194,-0.0184,0.0996,-0.0008,0.0286,0.0866,0.0135,inf,1.5,1.5
40.117,10.0194,-0.0184,0.0999,-0.001,0.0271,0.0828,0.0122,inf,1.5,1.5
40.133,10.0194,-0.0184,0.1001,0.0002,0.0019,0.0816,0.0159,inf,1.5,1.5
40.133,10.0194,-0.0184,0.1001,0.0002,0.0019,0.0852,0.0002,inf,1.5,1.5
40.133,10.0194,-0.0184,0.1001,0.0002,0.0019,0.0863,-0.0059,inf,1.5,1.5
40.167,10.0194,-0.0183,0.1004,-0.0011,0.0319,0.0875,-0.0075,inf,1.5,1.5
40.183,10.0194,-0.0183,0.1007,0.0002,0.0095,0.0849,0.0063,inf,1.5,1.5
40.183,10.0194,-0.0183,0.1007,0.0002,0.0095,0.084,0.002,inf,1.5,1.5
40.2,10.0194,-0.0182,0.1005,-0.0004,0.0165,0.0828,0.002,inf,1.5,1.5
40.2,10.0194,-0.0182,0.1005,-0.0004,0.0165,0.0836,0.0042,inf,1.5,1.5
40.2,10.0194,-0.0182,0.1005,-0.0004,0.0165,0.0814,0.0052,inf,1.5,1.5
40.233,10.0194,-0.0182,0.101,-0.0004,0.0159,0.0806,0.0025,inf,1.5,1.5
40.233,10.0194,-0.0182,0.101,-0.0004,0.0159,0.0813,0.0031,inf,1.5,1.5
40.25,10.0194,-0.0181,0.1011,-0.0008,0.0261,0.0851,0.0112,inf,1.5,1.5
40.25,10.0194,-0.0181,0.1011,-0.0008,0.0261,0.0849,0.0191,inf,1.5,1.5
40.25,10.0194,-0.0181,0.1011,-0.0008,0.0261,0.0864,0.0184,inf,1.5,1.5
40.283,10.0194,-0.0181,0.1013,-0.0004,0.0151,0.0848,0.0121,inf,1.5,1.5
40.3,10.0193,-0.0181,0.1015,-0.0007,0.0319,0.0878,0.004,inf,1.5,1.5
40.3,10.0193,-0.0181,0.1015,-0.0007,0.0319,0.0897,0.0092,inf,1.5,1.5
40.3,10.0193,-0.0181,0.1015,-0.0007,0.0319,0.0896,0.0144,inf,1.5,1.5
40.333,10.0193,-0.0181,0.1017,-0.0009,0.0277,0.0868,0.0142,inf,1.5,1.5
40.333,10.0193,-0.0181,0.1017,-0.0009,0.0277,0.0857,0.012,inf,1.5,1.5
40.35,10.0193,-0.018,0.1019,0.0004,0.0044,0.0849,0.0036,inf,1.5,1.5
40.367,10.0193,-0.018,0.1018,0.0001,0.0044,0.0869,-0.0031,inf,1.5,1.5
40.367,10.0193,-0.018,0.1018,0.0001,0.0044,0.0863,-0.0023,inf,1.5,1.5
40.367,10.0193,-0.018,0.1018,0.0001,0.0044,0.089,-0.0029,inf,1.5,1.5
40.4,10.0193,-0.018,0.1021,0.0001,0.0187,0.0864,-0.0022,inf,1.5,1.5
40.4,10.0193,-0.018,0.1021,0.0001,0.0187,0.085,0.0043,inf,1.5,1.5
40.417,10.0193,-0.018,0.1023,0.0004,0.0011,0.0888,-0.0028,inf,1.5,1.5
40.417,10.0193,-0.018,0.1023,0.0004,0.0011,0.0882,-0.0054,inf,1.5,1.5
40.417,10.0193,-0.018,0.1023,0.0004,0.0011,0.0895,-0.0043,inf,1.5,1.5
40.45,10.0193,-0.0179,0.1022,-0.0008,0.0221,0.0868,0.0084,inf,1.5,1.5
40.467,10.0193,-0.0179,0.1025,-0.0015,0.0583,0.0882,0.0099,inf,1.5,1.5
40.467,10.0193,-0.0179,0.1025,-0.0015,0.0583,0.0882,0.0318,inf,1.5,1.5
40.467,10.0193,-0.0179,0.1025,-0.0015,0.0583,0.0881,0.0346,inf,1.5,1.5
40.5,10.0193,-0.0179,0.103,-0.0005,0.0104,0.0882,0.0428,inf,1.5,1.5
40.5,10.0193,-0.0179,0.103,-0.0005,0.0104,0.0835,0.0188,inf,1.5,1.5
40.517,10.0193,-0.0178,0.1027,0.0016,0.0159,0.0871,0.0109,inf,1.5,1.5
40.533,10.0193,-0.0178,0.1031,-0.0034,0.0846,0.0854,0.0112,inf,1.5,1.5
40.533,10.0193,-0.0178,0.1031,-0.0034,0.0846,0.0859,0.0427,inf,1.5,1.5
40.533,10.0193,-0.0178,0.1031,-0.0034,0.0846,0.0849,0.0551,inf,1.5,1.5
40.567,10.0192,-0.0177,0.1033,-0.0002,0.006,0.0843,0.0648,inf,1.5,1.5
40.567,10.0192,-0.0177,0.1033,-0.0002,0.006,0.0826,0.0256,inf,1.5,1.5
40.583,10.0192,-0.0177,0.1036,-0.0015,0.0419,0.0813,0.0248,inf,1.5,1.5
40.583,10.0192,-0.0177,0.1036,-0.0015,0.0419,0.0841,0.025,inf,1.5,1.5
40.583,10.0192,-0.0177,0.1036,-0.0015,0.0419,0.0813,0.026,inf,1.5,1.5
40.617,10.0192,-0.0176,0.1036,-0.0006,0.0212,0.0847,0.0209,inf,1.5,1.5
40.633,10.0192,-0.0177,0.1039,-0.0004,0.013,0.0889,0.0193,inf,1.5,1.5
40.633,10.0192,-0.0177,0.1039,-0.0004,0.013,0.0874,0.0078,inf,1.5,1.5
40.633,10.0192,-0.0177,0.1039,-0.0004,0.013,0.0866,0.0048,inf,1.5,1.5
40.667,10.0192,-0.0176,0.1041,-0.0004,0.022,0.0854,0.0021,inf,1.5,1.5
40.667,10.0192,-0.0176,0.1041,-0.0004,0.022,0.0855,0.0029,inf,1.5,1.5
40.683,10.0192,-0.0176,0.1042,-0.0007,0.0224,0.0841,0.0061,inf,1.5,1.5
40.7,10.0192,-0.0175,0.1045,-0.0006,0.0232,0.0843,0.0078,inf,1.5,1.5
40.7,10.0192,-0.0175,0.1045,-0.0006,0.0232,0.0875,0.0096,inf,1.5,1.5
40.7,10.0192,-0.0175,0.1045,-0.0006,0.0232,0.0882,0.006,inf,1.5,1.5
40.733,10.0192,-0.0175,0.1047,-0.0005,0.0163,0.0909,0.01,inf,1.5,1.5
40.733,10.0192,-0.0175,0.1047,-0.0005,0.0163,0.0905,0.0094,inf,1.5,1.5
40.75,10.0192,-0.0175,0.1049,0.0001,0.0046,0.0896,0.0043,inf,1.5,1.5
40.75,10.0192,-0.0175,0.1049,0.0001,0.0046,0.088,-0.0035,inf,1.5,1.5
40.75,10.0192,-0.0175,0.1049,0.0001,0.0046,0.0889,-0.0028,inf,1.5,1.5
40.783,10.0192,-0.0174,0.1051,-0.0005,0.0264,0.086,0.0047,inf,1.5,1.5
40.8,10.0191,-0.0174,0.1053,-0.0003,0.0088,0.0883,0.013,inf,1.5,1.5
40.8,10.0191,-0.0174,0.1053,-0.0003,0.0088,0.0867,0.0097,inf,1.5,1.5
40.8,10.0191,-0.0174,0.1053,-0.0003,0.0088,0.0873,0.0032,inf,1.5,1.5
40.833,10.0191,-0.0173,0.1056,-0.0013,0.0319,0.0904,-0.0008,inf,1.5,1.5
40.833,10.0191,-0.0173,0.1056,-0.0013,0.0319,0.087,0.0093,inf,1.5,1.5
40.85,10.0191,-0.0173,0.1058,-0.0006,0.0163,0.0877,0.0159,inf,1.5,1.5
40.85,10.0191,-0.0173,0.1058,-0.0006,0.0163,0.0891,0.0134,inf,1.5,1.5
40.867,10.0191,-0.0172,0.1058,-0.0017,0.0244,0.0886,0.0163,inf,1.5,1.5
40.867,10.0191,-0.0172,0.1058,-0.0017,0.0244,0.0865,0.0124,inf,1.5,1.5
40.867,10.0191,-0.0172,0.1058,-0.0017,0.0244,0.0888,0.0137,inf,1.5,1.5
40.9,10.0191,-0.0172,0.1059,-0.0006,0.0155,0.0905,0.0095,inf,1.5,1.5
40.917,10.0191,-0.0172,0.1062,-0.0004,0.0086,0.0908,0.003,inf,1.5,1.5
40.917,10.0191,-0.0172,0.1062,-0.0004,0.0086,0.0891,-0.0013,inf,1.5,1.5
40.917,10.0191,-0.0172,0.1062,-0.0004,0.0086,0.0877,-0.0024,inf,1.5,1.5
40.95,10.0191,-0.017,0.1061,-0.001,0.0263,0.0862,-0.0014,inf,1.5,1.5
40.95,10.0191,-0.017,0.1061,-0.001,0.0263,0.0852,0.007,inf,1.5,1.5
40.967,10.0191,-0.0171,0.1063,-0.0008,0.0246,0.0863,0.0102,inf,1.5,1.5
40.967,10.0191,-0.0171,0.1063,-0.0008,0.0246,0.0867,0.0115,inf,1.5,1.5
41.0,10.0191,-0.017,0.1063,0.0003,-0.0073,0.087,0.0123,inf,1.5,1.5
41.0,10.0191,-0.017,0.1063,0.0003,-0.0073,0.0873,-0.0037,inf,1.5,1.5
41.017,10.0191,-0.017,0.1065,-0.0004,0.0146,0.0871,-0.0121,inf,1.5,1.5
41.033,10.0191,-0.0169,0.1066,-0.0008,0.0183,0.0859,-0.0036,inf,1.5,1.5
41.033,10.0191,-0.0169,0.1066,-0.0008,0.0183,0.0885,-0.0024,inf,1.5,1.5
41.033,10.0191,-0.0169,0.1066,-0.0008,0.0183,0.0863,0.0014,inf,1.5,1.5
41.033,10.0191,-0.0169,0.1066,-0.0008,0.0183,0.0888,0.0046,inf,1.5,1.5
41.067,10.019,-0.0169,0.107,0.0001,0.0014,0.0871,-0.0015,inf,1.5,1.5
41.083,10.019,-0.0168,0.1069,-0.0006,0.0281,0.0873,-0.0034,inf,1.5,1.5
41.083,10.019,-0.0168,0.1069,-0.0006,0.0281,0.0873,0.0112,inf,1.5,1.5
41.083,10.019,-0.0168,0.1069,-0.0006,0.0281,0.0858,0.0133,inf,1.5,1.5
41.117,10.019,-0.0168,0.1071,0.0005,0.0072,0.0837,0.0154,inf,1.5,1.5
41.117,10.019,-0.0168,0.1071,0.0005,0.0072,0.0823,0.0077,inf,1.5,1.5
41.133,10.019,-0.0167,0.1072,-0.0003,0.0063,0.0838,0.0044,inf,1.5,1.5
41.133,10.019,-0.0167,0.1072,-0.0003,0.0063,0.084,-0.0033,inf,1.5,1.5
41.133,10.019,-0.0167,0.1072,-0.0003,0.0063,0.0885,-0.007,inf,1.5,1.5
41.167,10.019,-0.0167,0.1075,0.0041,0.0127,0.0883,-0.0026,inf,1.5,1.5
41.183,10.019,-0.0167,0.1075,-0.0002,0.0068,0.0883,0.0005,inf,1.5,1.5
41.183,10.019,-0.0167,0.1075,-0.0002,0.0068,0.086,-0.0006,inf,1.5,1.5
41.2,10.019,-0.0167,0.1077,-0.0006,0.0146,0.0851,0.0013,inf,1.5,1.5
41.2,10.019,-0.0167,0.1077,-0.0006,0.0146,0.0838,-0.0003,inf,1.5,1.5
41.2,10.019,-0.0167,0.1077,-0.0006,0.0146,0.0864,0.0029,inf,1.5,1.5
41.233,10.019,-0.0167,0.108,0.0002,0.0009,0.0897,-0.0039,inf,1.5,1.5
41.25,10.019,-0.0167,0.1081,-0.0002,-0.0019,0.0888,-0.0059,inf,1.5,1.5
41.25,10.019,-0.0167,0.1081,-0.0002,-0.0019,0.0901,-0.0078,inf,1.5,1.5
41.25,10.019,-0.0167,0.1081,-0.0002,-0.0019,0.086,-0.0102,inf,1.5,1.5
41.283,10.019,-0.0167,0.1084,-0.0002,0.0066,0.0867,-0.0097,inf,1.5,1.5
41.283,10.019,-0.0167,0.1084,-0.0002,0.0066,0.081,-0.0096,inf,1.5,1.5
41.3,10.019,-0.0166,0.1084,-0.0007,0.0201,0.0827,0.0048,inf,1.5,1.5
41.3,10.019,-0.0166,0.1084,-0.0007,0.0201,0.0862,0.0122,inf,1.5,1.5
41.3,10.019,-0.0166,0.1084,-0.0007,0.0201,0.0913,0.013,inf,1.5,1.5
41.333,10.0189,-0.0166,0.1087,0.0002,0.0052,0.0892,0.0077,inf,1.5,1.5
41.35,10.0189,-0.0166,0.1089,-0.0006,0.0133,0.0901,0.0007,inf,1.5,1.5
41.35,10.0189,-0.0166,0.1089,-0.0006,0.0133,0.0893,0.0066,inf,1.5,1.5
41.367,10.0189,-0.0165,0.109,-0.0008,0.0268,0.0841,0.0106,inf,1.5,1.5
41.367,10.0189,-0.0165,0.109,-0.0008,0.0268,0.083,0.0119,inf,1.5,1.5
41.367,10.0189,-0.0165,0.109,-0.0008,0.0268,0.0843,0.0081,inf,1.5,1.5
41.4,10.0189,-0.0165,0.109,-0.0001,0.013,0.0861,0.0033,inf,1.5,1.5
41.417,10.0189,-0.0165,0.1092,-0.0007,0.0273,0.088,0.001,inf,1.5,1.5
41.417,10.0189,-0.0165,0.1092,-0.0007,0.0273,0.0864,0.0059,inf,1.5,1.5
41.417,10.0189,-0.0165,0.1092,-0.0007,0.0273,0.0856,0.0085,inf,1.5,1.5
41.45,10.0189,-0.0164,0.1093,0.0002,0.0001,0.0843,0.0127,inf,1.5,1.5
41.45,10.0189,-0.0164,0.1093,0.0002,0.0001,0.0823,0.0006,inf,1.5,1.5
41.467,10.0189,-0.0164,0.1094,-0.0011,0.0438,0.0833,0.0193,inf,1.5,1.5
41.467,10.0189,-0.0164,0.1094,-0.0011,0.0438,0.0856,0.0269,inf,1.5,1.5
41.467,10.0189,-0.0164,0.1094,-0.0011,0.0438,0.0851,0.0289,inf,1.5,1.5
41.5,10.0189,-0.0164,0.1095,-0.0007,0.0222,0.0868,0.0169,inf,1.5,1.5
41.517,10.0189,-0.0164,0.1097,-0.001,0.0407,0.086,0.009,inf,1.5,1.5
41.517,10.0189,-0.0164,0.1097,-0.001,0.0407,0.083,0.0173,inf,1.5,1.5
41.533,10.0189,-0.0163,0.1097,0.0002,0.0064,0.082,0.0025,inf,1.5,1.5
41.533,10.0189,-0.0163,0.1097,0.0002,0.0064,0.0865,-0.0,inf,1.5,1.5
41.533,10.0189,-0.0163,0.1097,0.0002,0.0064,0.0855,-0.0049,inf,1.5,1.5
41.567,10.0189,-0.0163,0.11,-0.0007,0.0304,0.0849,0.0072,inf,1.5,1.5
41.583,10.0189,-0.0163,0.1101,0.0003,0.0009,0.0841,0.011,inf,1.5,1.5
41.583,10.0189,-0.0163,0.1101,0.0003,0.0009,0.0849,0.0016,inf,1.5,1.5
41.583,10.0189,-0.0163,0.1101,0.0003,0.0009,0.0863,-0.0047,inf,1.5,1.5
41.617,10.0188,-0.0162,0.1102,-0.0026,0.1197,0.0863,-0.0094,inf,1.5,1.5
41.617,10.0188,-0.0162,0.1102,-0.0026,0.1197,0.0855,0.0545,inf,1.5,1.5
41.633,10.0188,-0.0162,0.1107,-0.0011,0.0257,0.0842,0.0339,inf,1.5,1.5
41.633,10.0188,-0.0162,0.1107,-0.0011,0.0257,0.0838,0.0238,inf,1.5,1.5
41.633,10.0188,-0.0162,0.1107,-0.0011,0.0257,0.0837,0.0133,inf,1.5,1.5
41.667,10.0188,-0.0161,0.1108,-0.001,0.022,0.0842,0.009,inf,1.5,1.5
41.683,10.0188,-0.0161,0.111,-0.0018,0.046,0.0846,0.008,inf,1.5,1.5
41.683,10.0188,-0.0161,0.111,-0.0018,0.046,0.0832,0.0201,inf,1.5,1.5
41.7,10.0188,-0.0161,0.1111,-0.0004,0.0102,0.0856,0.0092,inf,1.5,1.5
41.7,10.0188,-0.0161,0.1111,-0.0004,0.0102,0.0848,0.0044,inf,1.5,1.5
41.7,10.0188,-0.0161,0.1111,-0.0004,0.0102,0.0869,0.0042,inf,1.5,1.5
41.733,10.0188,-0.016,0.1113,-0.0013,0.0392,0.0847,0.0212,inf,1.5,1.5
41.75,10.0188,-0.016,0.1114,-0.0001,0.0052,0.0845,0.0265,inf,1.5,1.5
41.75,10.0188,-0.016,0.1114,-0.0001,0.0052,0.0848,0.0093,inf,1.5,1.5
41.75,10.0188,-0.016,0.1114,-0.0001,0.0052,0.0847,0.0005,inf,1.5,1.5
41.783,10.0188,-0.0159,0.1115,-0.0014,0.0317,0.0868,-0.0046,inf,1.5,1.5
41.783,10.0188,-0.0159,0.1115,-0.0014,0.0317,0.0839,0.0095,inf,1.5,1.5
41.8,10.0188,-0.0159,0.1118,-0.0012,0.0286,0.0831,0.0095,inf,1.5,1.5
41.8,10.0188,-0.0159,0.1118,-0.0012,0.0286,0.0824,0.0167,inf,1.5,1.5
41.8,10.0188,-0.0159,0.1118,-0.0012,0.0286,0.0809,0.0149,inf,1.5,1.5
41.833,10.0187,-0.0158,0.1121,-0.0003,0.0137,0.0839,0.008,inf,1.5,1.5
41.85,10.0187,-0.0158,0.1122,-0.0006,0.0228,0.0847,0.0005,inf,1.5,1.5
41.85,10.0187,-0.0158,0.1122,-0.0006,0.0228,0.0862,0.002,inf,1.5,1.5
41.867,10.0187,-0.0158,0.1125,-0.0002,0.013,0.0869,0.0031,inf,1.5,1.5
41.867,10.0187,-0.0158,0.1125,-0.0002,0.013,0.0865,0.0035,inf,1.5,1.5
41.867,10.0187,-0.0158,0.1125,-0.0002,0.013,0.0891,0.0038,inf,1.5,1.5
41.9,10.0187,-0.0157,0.1127,-0.0015,0.0566,0.088,0.021,inf,1.5,1.5
41.917,10.0187,-0.0157,0.1128,-0.0057,0.0575,0.0831,0.0323,inf,1.5,1.5
41.917,10.0187,-0.0157,0.1128,-0.0057,0.0575,0.0827,0.039,inf,1.5,1.5
41.917,10.0187,-0.0157,0.1128,-0.0057,0.0575,0.0837,0.0399,inf,1.5,1.5
41.95,10.0187,-0.0156,0.113,0.0006,-0.0049,0.0823,0.0436,inf,1.5,1.5
41.95,10.0187,-0.0156,0.113,0.0006,-0.0049,0.0873,0.0088,inf,1.5,1.5
41.967,10.0187,-0.0156,0.1133,-0.0009,0.0184,0.0883,0.0081,inf,1.5,1.5
41.967,10.0187,-0.0156,0.1133,-0.0009,0.0184,0.091,0.0051,inf,1.5,1.5
41.967,10.0187,-0.0156,0.1133,-0.0009,0.0184,0.0891,0.0089,inf,1.5,1.5
42.0,10.0186,-0.0155,0.1136,-0.0012,0.0261,0.0909,0.009,inf,1.5,1.5
42.017,10.0186,-0.0155,0.1137,-0.0018,0.0481,0.0911,0.0146,inf,1.5,1.5
42.017,10.0186,-0.0155,0.1137,-0.0018,0.0481,0.0869,0.0287,inf,1.5,1.5
42.033,10.0186,-0.0155,0.1139,0.0001,0.0197,0.0863,0.0192,inf,1.5,1.5
42.033,10.0186,-0.0155,0.1139,0.0001,0.0197,0.085,0.0139,inf,1.5,1.5
42.033,10.0186,-0.0155,0.1139,0.0001,0.0197,0.0865,0.01,inf,1.5,1.5
42.067,10.0186,-0.0154,0.1139,-0.0005,0.0149,0.0863,0.0127,inf,1.5,1.5
42.083,10.0186,-0.0154,0.1142,-0.0009,0.027,0.0857,0.007,inf,1.5,1.5
42.083,10.0186,-0.0154,0.1142,-0.0009,0.027,0.0872,0.0118,inf,1.5,1.5
42.083,10.0186,-0.0154,0.1142,-0.0009,0.027,0.0848,0.0135,inf,1.5,1.5
42.117,10.0186,-0.0154,0.1145,-0.0007,0.0164,0.087,0.0142,inf,1.5,1.5
42.117,10.0186,-0.0154,0.1145,-0.0007,0.0164,0.086,0.0119,inf,1.5,1.5
42.133,10.0186,-0.0153,0.1146,-0.0009,0.0298,0.0875,0.0147,inf,1.5,1.5
42.133,10.0186,-0.0153,0.1146,-0.0009,0.0298,0.0867,0.0156,inf,1.5,1.5
42.133,10.0186,-0.0153,0.1146,-0.0009,0.0298,0.0877,0.0225,inf,1.5,1.5
42.167,10.0186,-0.0152,0.115,-0.0004,0.0131,0.0866,0.0118,inf,1.5,1.5
42.183,10.0185,-0.0152,0.115,-0.0009,0.0239,0.0808,0.0034,inf,1.5,1.5
42.183,10.0185,-0.0152,0.115,-0.0009,0.0239,0.0863,0.0077,inf,1.5,1.5
42.2,10.0185,-0.0152,0.1153,-0.0014,0.0306,0.0846,0.0119,inf,1.5,1.5
42.2,10.0185,-0.0152,0.1153,-0.0014,0.0306,0.0866,0.0139,inf,1.5,1.5
42.233,10.0185,-0.0151,0.1156,-0.0008,0.0214,0.0872,0.016,inf,1.5,1.5
42.233,10.0185,-0.0151,0.1156,-0.0008,0.0214,0.0887,0.0136,inf,1.5,1.5
42.25,10.0185,-0.0151,0.1158,-0.001,0.0272,0.0851,0.0105,inf,1.5,1.5
42.25,10.0185,-0.0151,0.1158,-0.001,0.0272,0.0836,0.0138,inf,1.5,1.5
42.25,10.0185,-0.0151,0.1158,-0.001,0.0272,0.0852,0.0155,inf,1.5,1.5
42.283,10.0185,-0.015,0.1162,-0.0004,0.0136,0.0852,0.016,inf,1.5,1.5
42.283,10.0185,-0.015,0.1162,-0.0004,0.0136,0.0844,0.0076,inf,1.5,1.5
42.3,10.0185,-0.0149,0.1163,-0.001,0.0268,0.0881,0.0087,inf,1.5,1.5
42.3,10.0185,-0.0149,0.1163,-0.001,0.0268,0.0872,0.0111,inf,1.5,1.5
42.3,10.0185,-0.0149,0.1163,-0.001,0.0268,0.0852,0.0149,inf,1.5,1.5
42.333,10.0184,-0.0148,0.1164,0.002,-0.0654,0.0872,-0.0304,inf,1.5,1.5
42.35,10.0184,-0.0147,0.1162,0.0011,-0.0285,0.0886,-0.0519,inf,1.5,1.5
42.35,10.0184,-0.0147,0.1162,0.0011,-0.0285,0.0876,-0.0484,inf,1.5,1.5
42.367,10.0184,-0.0146,0.1159,0.0023,-0.0454,0.0885,-0.0462,inf,1.5,1.5
42.367,10.0184,-0.0146,0.1159,0.0023,-0.0454,0.0879,-0.0457,inf,1.5,1.5
42.367,10.0184,-0.0146,0.1159,0.0023,-0.0454,0.0895,-0.0454,inf,1.5,1.5
42.4,10.0184,-0.0144,0.1151,0.0006,-0.0268,0.0912,-0.0334,inf,1.5,1.5
42.417,10.0185,-0.0143,0.1149,0.0026,-0.0726,0.0897,-0.0335,inf,1.5,1.5
42.417,10.0185,-0.0143,0.1149,0.0026,-0.0726,0.0886,-0.0553,inf,1.5,1.5
42.417,10.0185,-0.0143,0.1149,0.0026,-0.0726,0.0857,-0.0644,inf,1.5,1.5
42.45,10.0185,-0.0141,0.1139,0.0008,-0.0301,0.0877,-0.0723,inf,1.5,1.5
42.45,10.0185,-0.0141,0.1139,0.0008,-0.0301,0.0894,-0.0506,inf,1.5,1.5
42.467,10.0185,-0.0139,0.1135,0.0014,-0.032,0.0897,-0.0406,inf,1.5,1.5
42.467,10.0185,-0.0139,0.1135,0.0014,-0.032,0.0898,-0.0321,inf,1.5,1.5
42.467,10.0185,-0.0139,0.1135,0.0014,-0.032,0.0904,-0.0298,inf,1.5,1.5
42.5,10.0185,-0.0137,0.1127,0.0008,-0.0064,0.0892,-0.0188,inf,1.5,1.5
42.517,10.0185,-0.0135,0.1124,0.0002,-0.0236,0.0878,-0.0174,inf,1.5,1.5
42.517,10.0185,-0.0135,0.1124,0.0002,-0.0236,0.0851,-0.0223,inf,1.5,1.5
42.533,10.0185,-0.0134,0.1121,0.003,-0.065,0.087,-0.0237,inf,1.5,1.5
42.533,10.0185,-0.0134,0.1121,0.003,-0.065,0.0879,-0.0488,inf,1.5,1.5
42.533,10.0185,-0.0134,0.1121,0.003,-0.065,0.0873,-0.0578,inf,1.5,1.5
42.567,10.0185,-0.0132,0.1113,-0.0021,0.0181,0.0865,-0.0648,inf,1.5,1.5
42.567,10.0185,-0.0132,0.1113,-0.0021,0.0181,0.0859,-0.0253,inf,1.5,1.5
42.583,10.0185,-0.0131,0.111,-0.0002,0.0021,0.0865,-0.0165,inf,1.5,1.5
42.583,10.0185,-0.0131,0.111,-0.0002,0.0021,0.0876,-0.0038,inf,1.5,1.5
42.617,10.0185,-0.0131,0.1111,0.0025,-0.0457,0.0864,-0.0069,inf,1.5,1.5
42.617,10.0185,-0.0131,0.1111,0.0025,-0.0457,0.0868,-0.0269,inf,1.5,1.5
42.633,10.0185,-0.0131,0.1112,0.0008,-0.0154,0.0851,-0.024,inf,1.5,1.5
42.633,10.0185,-0.0131,0.1112,0.0008,-0.0154,0.0833,-0.0226,inf,1.5,1.5
42.633,10.0185,-0.0131,0.1112,0.0008,-0.0154,0.0835,-0.0226,inf,1.5,1.5
42.667,10.0184,-0.013,0.1115,-0.0004,0.011,0.084,-0.0255,inf,1.5,1.5
42.667,10.0184,-0.013,0.1115,-0.0004,0.011,0.0846,-0.0041,inf,1.5,1.5
42.683,10.0184,-0.013,0.1115,-0.0005,0.0214,0.0834,0.0029,inf,1.5,1.5
42.7,10.0184,-0.013,0.1118,-0.0009,0.0359,0.0837,0.0103,inf,1.5,1.5
42.7,10.0184,-0.013,0.1118,-0.0009,0.0359,0.0865,0.02,inf,1.5,1.5
42.7,10.0184,-0.013,0.1118,-0.0009,0.0359,0.0856,0.0249,inf,1.5,1.5
42.733,10.0184,-0.0129,0.1119,-0.0007,0.0238,0.0868,0.0251,inf,1.5,1.5
42.733,10.0184,-0.0129,0.1119,-0.0007,0.0238,0.085,0.0145,inf,1.5,1.5
42.75,10.0184,-0.0129,0.1121,-0.0007,0.021,0.0876,0.0114,inf,1.5,1.5
42.75,10.0184,-0.0129,0.1121,-0.0007,0.021,0.089,0.0085,inf,1.5,1.5
42.75,10.0184,-0.0129,0.1121,-0.0007,0.021,0.089,0.0046,inf,1.5,1.5
42.783,10.0184,-0.0128,0.1124,-0.0001,0.016,0.0865,0.0034,inf,1.5,1.5
42.8,10.0184,-0.0128,0.1126,-0.0009,0.0335,0.0858,0.0026,inf,1.5,1.5
42.8,10.0184,-0.0128,0.1126,-0.0009,0.0335,0.0863,0.0125,inf,1.5,1.5
42.8,10.0184,-0.0128,0.1126,-0.0009,0.0335,0.0849,0.0212,inf,1.5,1.5
42.833,10.0184,-0.0127,0.1126,-0.0004,0.0185,0.0853,0.0215,inf,1.5,1.5
42.833,10.0184,-0.0127,0.1126,-0.0004,0.0185,0.0843,0.0148,inf,1.5,1.5
42.85,10.0184,-0.0127,0.1128,-0.0005,0.0135,0.0848,0.0143,inf,1.5,1.5
42.85,10.0184,-0.0127,0.1128,-0.0005,0.0135,0.0835,0.0051,inf,1.5,1.5
42.867,10.0183,-0.0126,0.1128,0.0006,-0.01,0.0858,-0.0066,inf,1.5,1.5
42.867,10.0183,-0.0126,0.1128,0.0006,-0.01,0.0848,-0.0143,inf,1.5,1.5
42.867,10.0183,-0.0126,0.1128,0.0006,-0.01,0.0883,-0.0175,inf,1.5,1.5
42.9,10.0183,-0.0125,0.1131,-0.0001,0.0044,0.0901,-0.0069,inf,1.5,1.5
42.917,10.0183,-0.0125,0.113,0.0011,-0.0356,0.0886,-0.0051,inf,1.5,1.5
42.917,10.0183,-0.0125,0.113,0.0011,-0.0356,0.0864,-0.0271,inf,1.5,1.5
42.917,10.0183,-0.0125,0.113,0.0011,-0.0356,0.0861,-0.0413,inf,1.5,1.5
42.95,10.0183,-0.0124,0.1131,-0.0001,0.019,0.0871,-0.0409,inf,1.5,1.5
42.95,10.0183,-0.0124,0.1131,-0.0001,0.019,0.0864,-0.0125,inf,1.5,1.5
42.967,10.0183,-0.0124,0.1126,0.001,-0.0242,0.0872,-0.0199,inf,1.5,1.5
42.967,10.0183,-0.0124,0.1126,0.001,-0.0242,0.086,-0.0242,inf,1.5,1.5
42.967,10.0183,-0.0124,0.1126,0.001,-0.0242,0.0845,-0.0298,inf,1.5,1.5
43.0,10.0183,-0.0124,0.1127,-0.0011,0.0252,0.0882,-0.0037,inf,1.5,1.5
43.017,10.0183,-0.0123,0.1127,0.0,0.0063,0.0914,0.0085,inf,1.5,1.5
43.017,10.0183,-0.0123,0.1127,0.0,0.0063,0.0929,0.0027,inf,1.5,1.5
43.033,10.0183,-0.0123,0.113,-0.0,0.0025,0.0921,-0.0024,inf,1.5,1.5
43.033,10.0183,-0.0123,0.113,-0.0,0.0025,0.0874,-0.0053,inf,1.5,1.5
43.033,10.0183,-0.0123,0.113,-0.0,0.0025,0.0887,-0.0074,inf,1.5,1.5
43.067,10.0183,-0.012,0.112,0.0011,-0.0434,0.0879,-0.0292,inf,1.5,1.5
43.083,10.0183,-0.0118,0.1114,0.0023,-0.0488,0.0881,-0.0412,inf,1.5,1.5
43.083,10.0183,-0.0118,0.1114,0.0023,-0.0488,0.0918,-0.047,inf,1.5,1.5
43.083,10.0183,-0.0118,0.1114,0.0023,-0.0488,0.0919,-0.0514,inf,1.5,1.5
43.117,10.0183,-0.0118,0.1108,0.0006,0.0098,0.0915,-0.0506,inf,1.5,1.5
43.117,10.0183,-0.0118,0.1108,0.0006,0.0098,0.0897,-0.0213,inf,1.5,1.5
43.117,10.0183,-0.0118,0.1108,0.0006,0.0098,0.0881,-0.0077,inf,1.5,1.5
43.133,10.0183,-0.0118,0.1109,0.0004,-0.0019,0.0885,-0.0064,inf,1.5,1.5
43.133,10.0183,-0.0118,0.1109,0.0004,-0.0019,0.0873,-0.01,inf,1.5,1.5
43.133,10.0183,-0.0118,0.1109,0.0004,-0.0019,0.0869,-0.0099,inf,1.5,1.5
43.167,10.0183,-0.0116,0.1104,0.0015,-0.0524,0.0889,-0.0361,inf,1.5,1.5
43.183,10.0183,-0.0114,0.1099,0.0007,-0.0288,0.086,-0.0516,inf,1.5,1.5
43.183,10.0183,-0.0114,0.1099,0.0007,-0.0288,0.0881,-0.0422,inf,1.5,1.5
43.2,10.0183,-0.0113,0.1095,0.003,-0.0818,0.0884,-0.062,inf,1.5,1.5
43.2,10.0183,-0.0113,0.1095,0.003,-0.0818,0.0896,-0.0742,inf,1.5,1.5
43.2,10.0183,-0.0113,0.1095,0.003,-0.0818,0.0874,-0.0756,inf,1.5,1.5
43.233,10.0183,-0.011,0.1083,0.0003,-0.0168,0.0872,-0.0481,inf,1.5,1.5
43.25,10.0183,-0.0109,0.1082,0.0013,-0.0372,0.086,-0.0302,inf,1.5,1.5
43.25,10.0183,-0.0109,0.1082,0.0013,-0.0372,0.0901,-0.0315,inf,1.5,1.5
43.25,10.0183,-0.0109,0.1082,0.0013,-0.0372,0.089,-0.0355,inf,1.5,1.5
43.283,10.0183,-0.0107,0.1074,0.0018,-0.0469,0.0866,-0.0404,inf,1.5,1.5
43.283,10.0183,-0.0107,0.1074,0.0018,-0.0469,0.087,-0.0434,inf,1.5,1.5
43.3,10.0184,-0.0106,0.1071,0.0026,-0.0164,0.0881,-0.0436,inf,1.5,1.5
43.3,10.0184,-0.0106,0.1071,0.0026,-0.0164,0.0894,-0.0341,inf,1.5,1.5
43.3,10.0184,-0.0106,0.1071,0.0026,-0.0164,0.0897,-0.0277,inf,1.5,1.5
43.333,10.0184,-0.0105,0.107,-0.0001,0.0028,0.092,-0.0253,inf,1.5,1.5
43.333,10.0184,-0.0105,0.107,-0.0001,0.0028,0.0908,-0.0127,inf,1.5,1.5
43.35,10.0183,-0.0104,0.1069,0.0004,-0.0114,0.093,-0.0135,inf,1.5,1.5
43.367,10.0183,-0.0103,0.1069,0.0001,-0.0023,0.0898,-0.0138,inf,1.5,1.5
43.367,10.0183,-0.0103,0.1069,0.0001,-0.0023,0.0897,-0.0131,inf,1.5,1.5
43.367,10.0183,-0.0103,0.1069,0.0001,-0.0023,0.0877,-0.0166,inf,1.5,1.5
43.4,10.0183,-0.0103,0.1071,-0.001,0.0292,0.0868,-0.0153,inf,1.5,1.5
43.4,10.0183,-0.0103,0.1071,-0.001,0.0292,0.086,0.0012,inf,1.5,1.5
43.417,10.0183,-0.0102,0.1071,-0.0008,0.0063,0.0876,-0.0034,inf,1.5,1.5
43.417,10.0183,-0.0102,0.1071,-0.0008,0.0063,0.09,-0.0048,inf,1.5,1.5
43.417,10.0183,-0.0102,0.1071,-0.0008,0.0063,0.0895,-0.0053,inf,1.5,1.5
43.45,10.0183,-0.0101,0.1072,0.0012,-0.0304,0.0896,-0.0224,inf,1.5,1.5
43.467,10.0183,-0.0101,0.107,-0.0006,0.0053,0.0893,-0.0295,inf,1.5,1.5
43.467,10.0183,-0.0101,0.107,-0.0006,0.0053,0.0858,-0.0148,inf,1.5,1.5
43.467,10.0183,-0.0101,0.107,-0.0006,0.0053,0.0872,-0.0076,inf,1.5,1.5
43.5,10.0183,-0.01,0.1074,-0.0012,0.0209,0.083,-0.0037,inf,1.5,1.5
43.5,10.0183,-0.01,0.1074,-0.0012,0.0209,0.0825,0.0056,inf,1.5,1.5
43.517,10.0183,-0.01,0.1075,0.0001,0.0071,0.0812,-0.0012,inf,1.5,1.5
43.533,10.0183,-0.0099,0.1078,-0.0005,0.0134,0.0843,-0.002,inf,1.5,1.5
43.533,10.0183,-0.0099,0.1078,-0.0005,0.0134,0.0857,0.0013,inf,1.5,1.5
43.533,10.0183,-0.0099,0.1078,-0.0005,0.0134,0.0903,0.0033,inf,1.5,1.5
43.567,10.0182,-0.0099,0.1081,-0.0009,0.0214,0.0868,0.0037,inf,1.5,1.5
43.567,10.0182,-0.0099,0.1081,-0.0009,0.0214,0.0871,0.0038,inf,1.5,1.5
43.583,10.0182,-0.0098,0.1082,-0.0009,0.0244,0.087,0.008,inf,1.5,1.5
43.583,10.0182,-0.0098,0.1082,-0.0009,0.0244,0.0888,0.0109,inf,1.5,1.5
43.583,10.0182,-0.0098,0.1082,-0.0009,0.0244,0.0868,0.0167,inf,1.5,1.5
43.617,10.0182,-0.0097,0.1085,-0.0003,0.0111,0.0877,0.0101,inf,1.5,1.5
43.633,10.0182,-0.0097,0.1088,-0.0012,0.0302,0.0851,0.005,inf,1.5,1.5
43.633,10.0182,-0.0097,0.1088,-0.0012,0.0302,0.0858,0.0082,inf,1.5,1.5
43.633,10.0182,-0.0097,0.1088,-0.0012,0.0302,0.0859,0.0122,inf,1.5,1.5
43.667,10.0182,-0.0097,0.1091,-0.0006,0.0153,0.0872,0.0148,inf,1.5,1.5
43.667,10.0182,-0.0097,0.1091,-0.0006,0.0153,0.085,0.0085,inf,1.5,1.5
43.683,10.0182,-0.0096,0.1092,-0.001,0.0238,0.0841,0.0113,inf,1.5,1.5
43.7,10.0182,-0.0096,0.1095,-0.0001,0.0047,0.0852,0.0103,inf,1.5,1.5
43.7,10.0182,-0.0096,0.1095,-0.0001,0.0047,0.086,0.0031,inf,1.5,1.5
43.7,10.0182,-0.0096,0.1095,-0.0001,0.0047,0.0842,0.0009,inf,1.5,1.5
43.733,10.0181,-0.0095,0.1094,0.0004,-0.0134,0.0871,-0.003,inf,1.5,1.5
43.733,10.0181,-0.0095,0.1094,0.0004,-0.0134,0.0865,-0.0163,inf,1.5,1.5
43.75,10.0181,-0.0094,0.1094,0.0009,-0.0226,0.0889,-0.0231,inf,1.5,1.5
43.75,10.0181,-0.0094,0.1094,0.0009,-0.0226,0.0889,-0.0264,inf,1.5,1.5
43.75,10.0181,-0.0094,0.1094,0.0009,-0.0226,0.091,-0.0225,inf,1.5,1.5
43.783,10.0181,-0.0092,0.1087,0.0027,-0.0355,0.0901,-0.0305,inf,1.5,1.5
43.8,10.0181,-0.0091,0.1085,0.0011,-0.0108,0.0903,-0.0363,inf,1.5,1.5
43.8,10.0181,-0.0091,0.1085,0.0011,-0.0108,0.0882,-0.0271,inf,1.5,1.5
43.8,10.0181,-0.0091,0.1085,0.0011,-0.0108,0.0894,-0.024,inf,1.5,1.5
43.833,10.0181,-0.009,0.1079,0.0011,-0.024,0.0901,-0.0191,inf,1.5,1.5
43.833,10.0181,-0.009,0.1079,0.0011,-0.024,0.0885,-0.0267,inf,1.5,1.5
43.85,10.0181,-0.0089,0.1078,-0.0001,0.0044,0.0907,-0.0121,inf,1.5,1.5
43.867,10.0181,-0.0088,0.108,-0.001,0.0189,0.0871,-0.0096,inf,1.5,1.5
43.867,10.0181,-0.0088,0.108,-0.001,0.0189,0.0861,0.0017,inf,1.5,1.5
43.867,10.0181,-0.0088,0.108,-0.001,0.0189,0.0839,0.0076,inf,1.5,1.5
43.9,10.0181,-0.0087,0.1081,-0.0011,0.0257,0.0854,0.0051,inf,1.5,1.5
43.9,10.0181,-0.0087,0.1081,-0.0011,0.0257,0.086,0.0091,inf,1.5,1.5
43.917,10.0181,-0.0087,0.1085,-0.0008,0.0326,0.0861,0.014,inf,1.5,1.5
43.917,10.0181,-0.0087,0.1085,-0.0008,0.0326,0.0859,0.024,inf,1.5,1.5
43.917,10.0181,-0.0087,0.1085,-0.0008,0.0326,0.0884,0.024,inf,1.5,1.5
43.95,10.0181,-0.0087,0.1086,-0.0004,0.0097,0.0922,0.0072,inf,1.5,1.5
43.967,10.0181,-0.0086,0.1087,-0.0006,0.0196,0.094,-0.0003,inf,1.5,1.5
43.967,10.0181,-0.0086,0.1087,-0.0006,0.0196,0.0928,0.0012,inf,1.5,1.5
43.967,10.0181,-0.0086,0.1087,-0.0006,0.0196,0.09,0.0062,inf,1.5,1.5
44.0,10.0181,-0.0086,0.1088,0.001,-0.0114,0.091,0.0089,inf,1.5,1.5
44.0,10.0181,-0.0086,0.1088,0.001,-0.0114,0.0863,-0.0064,inf,1.5,1.5
44.017,10.0181,-0.0085,0.1089,-0.001,0.0337,0.0854,0.0059,inf,1.5,1.5
44.033,10.018,-0.0085,0.1092,-0.0006,0.0161,0.0854,0.0104,inf,1.5,1.5
44.033,10.018,-0.0085,0.1092,-0.0006,0.0161,0.0858,0.0056,inf,1.5,1.5
44.033,10.018,-0.0085,0.1092,-0.0006,0.0161,0.0839,0.0051,inf,1.5,1.5
44.067,10.018,-0.0084,0.1094,-0.001,0.0242,0.0831,0.0017,inf,1.5,1.5
44.067,10.018,-0.0084,0.1094,-0.001,0.0242,0.0816,0.0057,inf,1.5,1.5
44.083,10.018,-0.0084,0.1097,-0.0007,0.0155,0.0835,0.0042,inf,1.5,1.5
44.083,10.018,-0.0084,0.1097,-0.0007,0.0155,0.083,0.0003,inf,1.5,1.5
44.083,10.018,-0.0084,0.1097,-0.0007,0.0155,0.0839,-0.0019,inf,1.5,1.5
44.117,10.018,-0.0083,0.1101,-0.0009,0.0348,0.0866,0.0109,inf,1.5,1.5
44.133,10.018,-0.0083,0.1101,-0.0001,0.0096,0.0854,0.0173,inf,1.5,1.5
44.133,10.018,-0.0083,0.1101,-0.0001,0.0096,0.0851,0.0074,inf,1.5,1.5
44.133,10.018,-0.0083,0.1101,-0.0001,0.0096,0.0858,0.0033,inf,1.5,1.5
44.167,10.018,-0.0082,0.1101,-0.001,0.0202,0.0849,-0.0001,inf,1.5,1.5
44.167,10.018,-0.0082,0.1101,-0.001,0.0202,0.0891,0.0085,inf,1.5,1.5
44.183,10.018,-0.0081,0.1101,0.0007,-0.0158,0.0896,-0.0089,inf,1.5,1.5
44.2,10.018,-0.0081,0.11,0.0012,-0.0307,0.0861,-0.0197,inf,1.5,1.5
44.2,10.018,-0.0081,0.11,0.0012,-0.0307,0.0853,-0.0343,inf,1.5,1.5
44.2,10.018,-0.0081,0.11,0.0012,-0.0307,0.0849,-0.0369,inf,1.5,1.5
44.233,10.018,-0.0079,0.1097,0.0012,-0.0268,0.0882,-0.038,inf,1.5,1.5
44.233,10.018,-0.0079,0.1097,0.0012,-0.0268,0.0842,-0.0363,inf,1.5,1.5
44.25,10.018,-0.0078,0.1094,0.0048,-0.0546,0.0884,-0.0497,inf,1.5,1.5
44.25,10.018,-0.0078,0.1094,0.0048,-0.0546,0.0871,-0.0537,inf,1.5,1.5
44.25,10.018,-0.0078,0.1094,0.0048,-0.0546,0.091,-0.0562,inf,1.5,1.5
44.283,10.018,-0.0077,0.109,0.0011,-0.0243,0.092,-0.0392,inf,1.5,1.5
44.3,10.0179,-0.0077,0.109,-0.0018,-0.0015,0.0913,-0.0282,inf,1.5,1.5
44.3,10.0179,-0.0077,0.109,-0.0018,-0.0015,0.0877,-0.0187,inf,1.5,1.5
44.3,10.0179,-0.0077,0.109,-0.0018,-0.0015,0.0847,-0.0118,inf,1.5,1.5
44.333,10.0179,-0.0075,0.1085,-0.0002,-0.0101,0.0829,-0.0127,inf,1.5,1.5
44.333,10.0179,-0.0075,0.1085,-0.0002,-0.0101,0.0842,-0.0131,inf,1.5,1.5
44.35,10.018,-0.0074,0.1085,-0.0004,0.0226,0.0888,-0.0011,inf,1.5,1.5
44.367,10.0179,-0.0074,0.1086,0.0003,-0.0043,0.0857,0.0089,inf,1.5,1.5
44.367,10.0179,-0.0074,0.1086,0.0003,-0.0043,0.0851,-0.0048,inf,1.5,1.5
44.367,10.0179,-0.0074,0.1086,0.0003,-0.0043,0.0877,-0.0088,inf,1.5,1.5
44.4,10.0179,-0.0073,0.109,0.0019,-0.0153,0.0864,-0.0118,inf,1.5,1.5
44.4,10.0179,-0.0073,0.109,0.0019,-0.0153,0.0865,-0.0181,inf,1.5,1.5
44.417,10.0179,-0.0073,0.109,-0.0006,0.0136,0.0858,-0.0048,inf,1.5,1.5
44.417,10.0179,-0.0073,0.109,-0.0006,0.0136,0.0872,-0.0021,inf,1.5,1.5
44.417,10.0179,-0.0073,0.109,-0.0006,0.0136,0.0867,0.0039,inf,1.5,1.5
44.45,10.0179,-0.0072,0.1093,-0.0011,0.0216,0.0886,0.0075,inf,1.5,1.5
44.467,10.0179,-0.0072,0.1094,-0.0002,0.015,0.0859,0.0098,inf,1.5,1.5
44.467,10.0179,-0.0072,0.1094,-0.0002,0.015,0.0864,0.007,inf,1.5,1.5
44.467,10.0179,-0.0072,0.1094,-0.0002,0.015,0.085,0.0007,inf,1.5,1.5
44.5,10.0179,-0.0071,0.1096,0.0023,-0.0345,0.0845,0.0014,inf,1.5,1.5
44.5,10.0179,-0.0071,0.1096,0.0023,-0.0345,0.0844,-0.0284,inf,1.5,1.5
44.517,10.0179,-0.0071,0.1095,0.0001,0.0012,0.0844,-0.0213,inf,1.5,1.5
44.533,10.0179,-0.0071,0.1097,-0.0006,0.0178,0.0851,-0.0166,inf,1.5,1.5
44.533,10.0179,-0.0071,0.1097,-0.0006,0.0178,0.0876,-0.0001,inf,1.5,1.5
44.533,10.0179,-0.0071,0.1097,-0.0006,0.0178,0.0896,0.0021,inf,1.5,1.5
44.567,10.0178,-0.007,0.1101,-0.0007,0.0208,0.0862,0.0064,inf,1.5,1.5
44.583,10.0178,-0.0069,0.1101,-0.0001,0.0077,0.085,0.0115,inf,1.5,1.5
44.583,10.0178,-0.0069,0.1101,-0.0001,0.0077,0.0828,0.0066,inf,1.5,1.5
44.583,10.0178,-0.0069,0.1101,-0.0001,0.0077,0.0836,0.0017,inf,1.5,1.5
44.617,10.0178,-0.0069,0.1106,-0.0009,0.0203,0.0854,-0.0027,inf,1.5,1.5
44.617,10.0178,-0.0069,0.1106,-0.0009,0.0203,0.0833,0.003,inf,1.5,1.5
44.633,10.0178,-0.0068,0.1106,-0.0001,0.0052,0.0835,-0.004,inf,1.5,1.5
44.633,10.0178,-0.0068,0.1106,-0.0001,0.0052,0.086,-0.0036,inf,1.5,1.5
44.633,10.0178,-0.0068,0.1106,-0.0001,0.0052,0.0862,-0.0059,inf,1.5,1.5
44.667,10.0178,-0.0068,0.1108,0.0067,-0.0626,0.0868,-0.0381,inf,1.5,1.5
44.683,10.0178,-0.0066,0.1102,0.0088,-0.0958,0.0896,-0.0555,inf,1.5,1.5
44.683,10.0178,-0.0066,0.1102,0.0088,-0.0958,0.0913,-0.0831,inf,1.5,1.5
44.7,10.0178,-0.0064,0.1095,-0.0021,0.0112,0.0885,-0.0359,inf,1.5,1.5
44.7,10.0178,-0.0064,0.1095,-0.0021,0.0112,0.0854,-0.0164,inf,1.5,1.5
44.7,10.0178,-0.0064,0.1095,-0.0021,0.0112,0.0856,-0.0044,inf,1.5,1.5
44.733,10.0178,-0.0063,0.1085,-0.0005,0.0146,0.0873,0.0089,inf,1.5,1.5
44.75,10.0178,-0.0063,0.1089,-0.0008,0.0192,0.089,0.0039,inf,1.5,1.5
44.75,10.0178,-0.0063,0.1089,-0.0008,0.0192,0.0895,0.0032,inf,1.5,1.5
44.75,10.0178,-0.0063,0.1089,-0.0008,0.0192,0.0877,0.0039,inf,1.5,1.5
44.783,10.0178,-0.0062,0.1091,-0.0007,0.0201,0.0837,0.0073,inf,1.5,1.5
44.783,10.0178,-0.0062,0.1091,-0.0007,0.0201,0.0842,0.0063,inf,1.5,1.5
44.8,10.0178,-0.0062,0.1093,-0.0011,0.0298,0.0851,0.0133,inf,1.5,1.5
44.8,10.0178,-0.0062,0.1093,-0.0011,0.0298,0.0861,0.0126,inf,1.5,1.5
44.833,10.0178,-0.0061,0.1091,-0.0004,0.0053,0.0846,0.0137,inf,1.5,1.5
44.833,10.0178,-0.0061,0.1091,-0.0004,0.0053,0.0849,0.0038,inf,1.5,1.5
44.85,10.0178,-0.0061,0.1092,-0.0009,0.0261,0.0903,0.0008,inf,1.5,1.5
44.85,10.0178,-0.0061,0.1092,-0.0009,0.0261,0.087,0.0095,inf,1.5,1.5
44.867,10.0178,-0.006,0.1095,-0.0009,0.0195,0.0867,0.0098,inf,1.5,1.5
44.867,10.0178,-0.006,0.1095,-0.0009,0.0195,0.0824,0.0101,inf,1.5,1.5
44.9,10.0178,-0.0059,0.1092,0.0005,-0.0099,0.0838,0.0084,inf,1.5,1.5
44.9,10.0178,-0.0059,0.1092,0.0005,-0.0099,0.0823,-0.0073,inf,1.5,1.5
44.917,10.0178,-0.0059,0.1093,-0.0011,0.0201,0.083,-0.0151,inf,1.5,1.5
44.917,10.0178,-0.0059,0.1093,-0.0011,0.0201,0.081,-0.0042,inf,1.5,1.5
44.917,10.0178,-0.0059,0.1093,-0.0011,0.0201,0.085,0.0023,inf,1.5,1.5
44.95,10.0177,-0.0058,0.1096,-0.0013,0.0287,0.0834,0.0095,inf,1.5,1.5
44.967,10.0177,-0.0058,0.1098,0.0017,-0.0035,0.0832,0.0195,inf,1.5,1.5
44.967,10.0177,-0.0058,0.1098,0.0017,-0.0035,0.085,-0.0036,inf,1.5,1.5
44.967,10.0177,-0.0058,0.1098,0.0017,-0.0035,0.0879,-0.0136,inf,1.5,1.5
45.0,10.0177,-0.0057,0.11,-0.0002,0.0085,0.0908,-0.0158,inf,1.5,1.5
45.0,10.0177,-0.0057,0.11,-0.0002,0.0085,0.0895,-0.0058,inf,1.5,1.5
45.017,10.0177,-0.0057,0.1102,-0.0015,0.0275,0.0887,-0.0042,inf,1.5,1.5
45.033,10.0177,-0.0056,0.1103,-0.0013,0.0279,0.0883,0.0091,inf,1.5,1.5
45.033,10.0177,-0.0056,0.1103,-0.0013,0.0279,0.0857,0.0134,inf,1.5,1.5
45.033,10.0177,-0.0056,0.1103,-0.0013,0.0279,0.0851,0.0135,inf,1.5,1.5
45.067,10.0177,-0.0056,0.1099,0.0025,-0.0399,0.0853,0.0132,inf,1.5,1.5
45.067,10.0177,-0.0056,0.1099,0.0025,-0.0399,0.0883,-0.0236,inf,1.5,1.5
45.083,10.0177,-0.0056,0.1098,-0.0004,0.0136,0.0876,-0.0085,inf,1.5,1.5
45.083,10.0177,-0.0056,0.1098,-0.0004,0.0136,0.0889,-0.0086,inf,1.5,1.5
45.083,10.0177,-0.0056,0.1098,-0.0004,0.0136,0.0885,-0.0029,inf,1.5,1.5
45.117,10.0177,-0.0056,0.1103,-0.0004,0.0079,0.0885,0.0006,inf,1.5,1.5
45.133,10.0177,-0.0055,0.1103,-0.0011,0.0231,0.0859,0.0008,inf,1.5,1.5
45.133,10.0177,-0.0055,0.1103,-0.0011,0.0231,0.0856,0.0108,inf,1.5,1.5
45.133,10.0177,-0.0055,0.1103,-0.0011,0.0231,0.083,0.0154,inf,1.5,1.5
45.167,10.0176,-0.0055,0.1106,-0.0003,0.0061,0.085,0.0174,inf,1.5,1.5
45.167,10.0176,-0.0055,0.1106,-0.0003,0.0061,0.0871,0.0029,inf,1.5,1.5
45.183,10.0176,-0.0054,0.1108,-0.0014,0.0285,0.0894,-0.0048,inf,1.5,1.5
45.2,10.0176,-0.0054,0.1111,-0.0004,0.0092,0.0883,0.0071,inf,1.5,1.5
45.2,10.0176,-0.0054,0.1111,-0.0004,0.0092,0.0894,0.0034,inf,1.5,1.5
45.2,10.0176,-0.0054,0.1111,-0.0004,0.0092,0.0882,0.0008,inf,1.5,1.5
45.233,10.0176,-0.0053,0.1112,-0.0013,0.0304,0.0883,-0.0027,inf,1.5,1.5
45.233,10.0176,-0.0053,0.1112,-0.0013,0.0304,0.0878,0.0052,inf,1.5,1.5
45.25,10.0176,-0.0053,0.1112,-0.0003,0.0076,0.0874,0.0092,inf,1.5,1.5
45.25,10.0176,-0.0053,0.1112,-0.0003,0.0076,0.0861,0.0003,inf,1.5,1.5
45.25,10.0176,-0.0053,0.1112,-0.0003,0.0076,0.0897,-0.0051,inf,1.5,1.5
45.283,10.0176,-0.0053,0.1114,0.0001,-0.003,0.0874,-0.0057,inf,1.5,1.5
45.3,10.0176,-0.0052,0.1115,-0.0013,0.0309,0.0846,-0.0099,inf,1.5,1.5
45.3,10.0176,-0.0052,0.1115,-0.0013,0.0309,0.085,0.0048,inf,1.5,1.5
45.3,10.0176,-0.0052,0.1115,-0.0013,0.0309,0.0868,0.0127,inf,1.5,1.5
45.333,10.0176,-0.0052,0.1119,-0.001,0.0261,0.0859,0.0189,inf,1.5,1.5
45.333,10.0176,-0.0052,0.1119,-0.001,0.0261,0.0849,0.0158,inf,1.5,1.5
45.35,10.0175,-0.0052,0.112,-0.0005,0.0151,0.0864,0.0157,inf,1.5,1.5
45.35,10.0175,-0.0052,0.112,-0.0005,0.0151,0.0858,0.0055,inf,1.5,1.5
45.367,10.0175,-0.0051,0.1122,-0.0008,0.017,0.0867,0.0017,inf,1.5,1.5
45.367,10.0175,-0.0051,0.1122,-0.0008,0.017,0.0866,-0.0002,inf,1.5,1.5
45.367,10.0175,-0.0051,0.1122,-0.0008,0.017,0.0852,0.0048,inf,1.5,1.5
45.4,10.0175,-0.0051,0.1123,-0.0007,0.0133,0.085,-0.001,inf,1.5,1.5
45.417,10.0175,-0.0051,0.1127,-0.0011,0.0235,0.0864,0.0036,inf,1.5,1.5
45.417,10.0175,-0.0051,0.1127,-0.0011,0.0235,0.0861,0.0065,inf,1.5,1.5
45.417,10.0175,-0.0051,0.1127,-0.0011,0.0235,0.0847,0.0098,inf,1.5,1.5
45.45,10.0175,-0.005,0.1128,-0.0008,0.0118,0.0864,0.0087,inf,1.5,1.5
45.45,10.0175,-0.005,0.1128,-0.0008,0.0118,0.0848,0.0081,inf,1.5,1.5
45.467,10.0175,-0.0049,0.113,-0.0002,0.0136,0.0837,0.0019,inf,1.5,1.5
45.467,10.0175,-0.0049,0.113,-0.0002,0.0136,0.0864,0.0024,inf,1.5,1.5
45.5,10.0174,-0.0049,0.1133,0.0,0.0013,0.0841,-0.0004,inf,1.5,1.5
45.5,10.0174,-0.0049,0.1133,0.0,0.0013,0.0844,-0.0088,inf,1.5,1.5
45.517,10.0174,-0.0048,0.1133,-0.001,0.0214,0.0857,-0.0066,inf,1.5,1.5
45.517,10.0174,-0.0048,0.1133,-0.001,0.0214,0.0915,0.0005,inf,1.5,1.5
45.533,10.0174,-0.0049,0.1136,-0.001,0.014,0.0893,0.0018,inf,1.5,1.5
45.533,10.0174,-0.0049,0.1136,-0.001,0.014,0.0896,0.003,inf,1.5,1.5
45.567,10.0174,-0.0048,0.1138,-0.001,0.0254,0.0876,0.0049,inf,1.5,1.5
45.567,10.0174,-0.0048,0.1138,-0.001,0.0254,0.0856,0.0041,inf,1.5,1.5
45.583,10.0174,-0.0048,0.1141,-0.0015,0.0322,0.0855,0.0091,inf,1.5,1.5
45.583,10.0174,-0.0048,0.1141,-0.0015,0.0322,0.084,0.0118,inf,1.5,1.5
45.583,10.0174,-0.0048,0.1141,-0.0015,0.0322,0.0829,0.0174,inf,1.5,1.5
45.617,10.0174,-0.0047,0.1143,-0.0007,0.0134,0.081,0.0218,inf,1.5,1.5
45.633,10.0174,-0.0047,0.1144,-0.0011,0.0229,0.0828,0.0075,inf,1.5,1.5
45.633,10.0174,-0.0047,0.1144,-0.0011,0.0229,0.0824,0.0052,inf,1.5,1.5
45.633,10.0174,-0.0047,0.1144,-0.0011,0.0229,0.0851,0.0113,inf,1.5,1.5
45.667,10.0174,-0.0046,0.1146,-0.0015,0.0307,0.0858,0.0077,inf,1.5,1.5
45.667,10.0174,-0.0046,0.1146,-0.0015,0.0307,0.0845,0.0147,inf,1.5,1.5
45.683,10.0173,-0.0047,0.115,-0.0005,0.0061,0.0856,0.0092,inf,1.5,1.5
45.7,10.0173,-0.0046,0.1149,-0.0002,0.0075,0.0868,0.0004,inf,1.5,1.5
45.7,10.0173,-0.0046,0.1149,-0.0002,0.0075,0.0896,-0.0065,inf,1.5,1.5
45.7,10.0173,-0.0046,0.1149,-0.0002,0.0075,0.0903,-0.0092,inf,1.5,1.5
45.733,10.0173,-0.0045,0.1151,-0.0011,0.0235,0.0877,-0.0071,inf,1.5,1.5
45.733,10.0173,-0.0045,0.1151,-0.0011,0.0235,0.0881,0.0022,inf,1.5,1.5
45.75,10.0173,-0.0045,0.1154,-0.0011,0.035,0.0859,0.0096,inf,1.5,1.5
45.75,10.0173,-0.0045,0.1154,-0.0011,0.035,0.0847,0.0144,inf,1.5,1.5
45.75,10.0173,-0.0045,0.1154,-0.0011,0.035,0.0855,0.0186,inf,1.5,1.5
45.783,10.0173,-0.0045,0.1155,0.0001,-0.0044,0.0859,0.019,inf,1.5,1.5
45.8,10.0173,-0.0044,0.1156,-0.0006,0.0144,0.088,-0.0041,inf,1.5,1.5
45.8,10.0173,-0.0044,0.1156,-0.0006,0.0144,0.0847,-0.0026,inf,1.5,1.5
45.8,10.0173,-0.0044,0.1156,-0.0006,0.0144,0.0884,-0.0053,inf,1.5,1.5
45.833,10.0172,-0.0044,0.116,0.0006,-0.0034,0.0849,-0.0012,inf,1.5,1.5
45.833,10.0172,-0.0044,0.116,0.0006,-0.0034,0.0871,-0.0073,inf,1.5,1.5
45.85,10.0172,-0.0043,0.1159,-0.0031,0.0719,0.0876,-0.0128,inf,1.5,1.5
45.85,10.0172,-0.0043,0.1159,-0.0031,0.0719,0.086,0.0277,inf,1.5,1.5
45.867,10.0172,-0.0044,0.1163,-0.001,0.0179,0.0838,0.0158,inf,1.5,1.5
45.867,10.0172,-0.0044,0.1163,-0.001,0.0179,0.0861,0.0105,inf,1.5,1.5
45.9,10.0172,-0.0042,0.116,0.0015,-0.0155,0.088,0.0013,inf,1.5,1.5
45.9,10.0172,-0.0042,0.116,0.0015,-0.0155,0.0887,-0.0152,inf,1.5,1.5
45.917,10.0172,-0.0041,0.1157,0.0032,-0.0761,0.0898,-0.0213,inf,1.5,1.5
45.917,10.0172,-0.0041,0.1157,0.0032,-0.0761,0.0898,-0.057,inf,1.5,1.5
45.917,10.0172,-0.0041,0.1157,0.0032,-0.0761,0.0896,-0.0724,inf,1.5,1.5
45.95,10.0172,-0.004,0.1154,-0.0009,0.019,0.0895,-0.077,inf,1.5,1.5
45.967,10.0172,-0.004,0.1157,-0.0019,0.0359,0.0876,-0.029,inf,1.5,1.5
45.967,10.0172,-0.004,0.1157,-0.0019,0.0359,0.087,0.0018,inf,1.5,1.5
45.967,10.0172,-0.004,0.1157,-0.0019,0.0359,0.0862,0.0202,inf,1.5,1.5
46.0,10.0172,-0.0039,0.1159,-0.0009,0.0204,0.0854,0.0246,inf,1.5,1.5
46.0,10.0172,-0.0039,0.1159,-0.0009,0.0204,0.0835,0.0171,inf,1.5,1.5
46.017,10.0172,-0.0039,0.1162,-0.0016,0.0314,0.0854,0.0116,inf,1.5,1.5
46.033,10.0172,-0.0038,0.1164,-0.0018,0.0368,0.0882,0.0107,inf,1.5,1.5
46.033,10.0172,-0.0038,0.1164,-0.0018,0.0368,0.0867,0.0118,inf,1.5,1.5
46.033,10.0172,-0.0038,0.1164,-0.0018,0.0368,0.0847,0.0193,inf,1.5,1.5
46.033,10.0172,-0.0038,0.1164,-0.0018,0.0368,0.0828,0.0241,inf,1.5,1.5
46.067,10.0172,-0.0038,0.1166,-0.0006,0.0144,0.0848,0.0102,inf,1.5,1.5
46.083,10.0171,-0.0038,0.1167,-0.0011,0.0218,0.0869,0.0061,inf,1.5,1.5
46.083,10.0171,-0.0038,0.1167,-0.0011,0.0218,0.085,0.006,inf,1.5,1.5
46.083,10.0171,-0.0038,0.1167,-0.0011,0.0218,0.0859,0.0099,inf,1.5,1.5
46.117,10.0171,-0.0036,0.1164,-0.0012,0.0126,0.0834,0.0078,inf,1.5,1.5
46.117,10.0171,-0.0036,0.1164,-0.0012,0.0126,0.0828,-0.0006,inf,1.5,1.5
46.133,10.0171,-0.0036,0.1165,-0.0008,0.0203,0.0837,0.0009,inf,1.5,1.5
46.133,10.0171,-0.0036,0.1165,-0.0008,0.0203,0.0846,0.0016,inf,1.5,1.5
46.167,10.0171,-0.0036,0.1171,-0.002,0.077,0.087,0.0055,inf,1.5,1.5
46.167,10.0171,-0.0036,0.1171,-0.002,0.077,0.086,0.037,inf,1.5,1.5
46.183,10.0171,-0.0036,0.117,-0.0028,0.0349,0.0842,0.0509,inf,1.5,1.5
46.183,10.0171,-0.0036,0.117,-0.0028,0.0349,0.0848,0.0319,inf,1.5,1.5
46.2,10.0171,-0.0036,0.1172,0.0027,0.0356,0.0872,0.0207,inf,1.5,1.5
46.2,10.0171,-0.0036,0.1172,0.0027,0.0356,0.0882,0.0165,inf,1.5,1.5
46.233,10.0171,-0.0035,0.1173,0.0001,-0.0036,0.0848,0.0162,inf,1.5,1.5
46.233,10.0171,-0.0035,0.1173,0.0001,-0.0036,0.0857,-0.0096,inf,1.5,1.5
46.25,10.0171,-0.0035,0.1172,0.002,-0.0269,0.0865,-0.0182,inf,1.5,1.5
46.25,10.0171,-0.0035,0.1172,0.002,-0.0269,0.0883,-0.0288,inf,1.5,1.5
46.25,10.0171,-0.0035,0.1172,0.002,-0.0269,0.0884,-0.0318,inf,1.5,1.5
46.283,10.0171,-0.0034,0.1173,-0.0011,0.019,0.0904,-0.0329,inf,1.5,1.5
46.283,10.0171,-0.0034,0.1173,-0.0011,0.019,0.0858,-0.01,inf,1.5,1.5
46.3,10.017,-0.0034,0.1175,-0.0017,0.037,0.0889,0.0092,inf,1.5,1.5
46.3,10.017,-0.0034,0.1175,-0.0017,0.037,0.0861,0.0192,inf,1.5,1.5
46.3,10.017,-0.0034,0.1175,-0.0017,0.037,0.0866,0.0207,inf,1.5,1.5
46.333,10.017,-0.0034,0.1178,-0.0053,0.0199,0.0824,0.0113,inf,1.5,1.5
46.35,10.017,-0.0033,0.118,-0.0009,0.0198,0.0838,0.0064,inf,1.5,1.5
46.35,10.017,-0.0033,0.118,-0.0009,0.0198,0.0841,0.0031,inf,1.5,1.5
46.367,10.017,-0.0033,0.1179,-0.0004,0.0094,0.0834,-0.0005,inf,1.5,1.5
46.367,10.017,-0.0033,0.1179,-0.0004,0.0094,0.0803,-0.0032,inf,1.5,1.5
46.367,10.017,-0.0033,0.1179,-0.0004,0.0094,0.0832,-0.0044,inf,1.5,1.5
46.4,10.017,-0.0032,0.1182,0.0005,0.056,0.0827,0.0188,inf,1.5,1.5
46.417,10.017,-0.0032,0.1183,-0.0026,0.0493,0.0838,0.028,inf,1.5,1.5
46.417,10.017,-0.0032,0.1183,-0.0026,0.0493,0.0828,0.0355,inf,1.5,1.5
46.417,10.017,-0.0032,0.1183,-0.0026,0.0493,0.0798,0.0352,inf,1.5,1.5
46.45,10.017,-0.0031,0.1184,-0.0009,0.0178,0.0807,0.0334,inf,1.5,1.5
46.45,10.017,-0.0031,0.1184,-0.0009,0.0178,0.0812,0.0124,inf,1.5,1.5
46.467,10.017,-0.0031,0.1185,-0.0017,0.0425,0.081,0.0199,inf,1.5,1.5
46.467,10.017,-0.0031,0.1185,-0.0017,0.0425,0.0798,0.0234,inf,1.5,1.5
46.467,10.017,-0.0031,0.1185,-0.0017,0.0425,0.083,0.0257,inf,1.5,1.5
46.5,10.0169,-0.003,0.1188,-0.0019,0.0378,0.0822,0.0218,inf,1.5,1.5
46.517,10.0169,-0.0031,0.119,-0.0004,0.005,0.084,0.0213,inf,1.5,1.5
46.517,10.0169,-0.0031,0.119,-0.0004,0.005,0.0806,0.0022,inf,1.5,1.5
46.533,10.0169,-0.0031,0.1192,-0.0025,0.0428,0.0788,0.0153,inf,1.5,1.5
46.533,10.0169,-0.0031,0.1192,-0.0025,0.0428,0.0786,0.0241,inf,1.5,1.5
46.533,10.0169,-0.0031,0.1192,-0.0025,0.0428,0.0816,0.0253,inf,1.5,1.5
46.567,10.0169,-0.0031,0.1193,-0.0015,0.0508,0.0837,0.0302,inf,1.5,1.5
46.583,10.0169,-0.0031,0.1196,-0.0045,0.0182,0.0824,0.0344,inf,1.5,1.5
46.583,10.0169,-0.0031,0.1196,-0.0045,0.0182,0.0794,0.0145,inf,1.5,1.5
46.583,10.0169,-0.0031,0.1196,-0.0045,0.0182,0.0815,0.0057,inf,1.5,1.5
46.617,10.0169,-0.003,0.1197,-0.0018,0.0327,0.0862,0.0025,inf,1.5,1.5
46.617,10.0169,-0.003,0.1197,-0.0018,0.0327,0.0864,0.0088,inf,1.5,1.5
46.633,10.0169,-0.003,0.12,-0.002,0.037,0.0835,0.0157,inf,1.5,1.5
46.633,10.0169,-0.003,0.12,-0.002,0.037,0.0819,0.0174,inf,1.5,1.5
46.633,10.0169,-0.003,0.12,-0.002,0.037,0.0806,0.02,inf,1.5,1.5
46.667,10.0169,-0.003,0.1202,-0.0006,0.0099,0.0817,0.0065,inf,1.5,1.5
46.683,10.0168,-0.003,0.1204,-0.0014,0.0338,0.0844,0.0057,inf,1.5,1.5
46.683,10.0168,-0.003,0.1204,-0.0014,0.0338,0.085,0.01,inf,1.5,1.5
46.7,10.0168,-0.003,0.1205,-0.0014,0.0227,0.0852,0.0095,inf,1.5,1.5
46.7,10.0168,-0.003,0.1205,-0.0014,0.0227,0.0835,0.0096,inf,1.5,1.5
46.7,10.0168,-0.003,0.1205,-0.0014,0.0227,0.0812,0.0086,inf,1.5,1.5
46.733,10.0168,-0.003,0.1207,-0.0023,0.0435,0.0809,0.0225,inf,1.5,1.5
46.75,10.0168,-0.0029,0.1209,0.0001,0.0014,0.0825,0.0247,inf,1.5,1.5
46.75,10.0168,-0.0029,0.1209,0.0001,0.0014,0.0855,0.0053,inf,1.5,1.5
46.75,10.0168,-0.0029,0.1209,0.0001,0.0014,0.0861,-0.0039,inf,1.5,1.5
46.75,10.0168,-0.0029,0.1209,0.0001,0.0014,0.0874,-0.0117,inf,1.5,1.5
46.783,10.0168,-0.0029,0.1211,-0.0008,0.0207,0.0849,-0.0128,inf,1.5,1.5
46.783,10.0168,-0.0029,0.1211,-0.0008,0.0207,0.0885,-0.0019,inf,1.5,1.5
46.8,10.0168,-0.0028,0.1213,-0.0004,0.0072,0.0883,0.0039,inf,1.5,1.5
46.8,10.0168,-0.0028,0.1213,-0.0004,0.0072,0.0889,0.0004,inf,1.5,1.5
46.8,10.0168,-0.0028,0.1213,-0.0004,0.0072,0.0889,-0.0048,inf,1.5,1.5
46.833,10.0168,-0.0028,0.1216,-0.0008,0.0154,0.0895,0.0027,inf,1.5,1.5
46.85,10.0167,-0.0027,0.1216,-0.002,0.0411,0.0876,0.0027,inf,1.5,1.5
46.85,10.0167,-0.0027,0.1216,-0.002,0.0411,0.0896,0.0181,inf,1.5,1.5
46.867,10.0167,-0.0028,0.1218,-0.0029,0.0549,0.0878,0.033,inf,1.5,1.5
46.867,10.0167,-0.0028,0.1218,-0.0029,0.0549,0.0845,0.0398,inf,1.5,1.5
46.867,10.0167,-0.0028,0.1218,-0.0029,0.0549,0.0862,0.0406,inf,1.5,1.5
46.9,10.0167,-0.0027,0.1218,0.0016,-0.027,0.086,-0.0015,inf,1.5,1.5
46.917,10.0167,-0.0026,0.1217,-0.0,0.0069,0.0863,-0.0285,inf,1.5,1.5
46.917,10.0167,-0.0026,0.1217,-0.0,0.0069,0.0873,-0.0214,inf,1.5,1.5
46.917,10.0167,-0.0026,0.1217,-0.0,0.0069,0.0846,-0.013,inf,1.5,1.5
46.95,10.0167,-0.0026,0.1221,-0.0022,0.041,0.0876,-0.0062,inf,1.5,1.5
46.95,10.0167,-0.0026,0.1221,-0.0022,0.041,0.0884,0.0119,inf,1.5,1.5
46.967,10.0167,-0.0026,0.1224,0.0047,-0.0294,0.0925,-0.0153,inf,1.5,1.5
46.967,10.0167,-0.0026,0.1224,0.0047,-0.0294,0.0912,-0.024,inf,1.5,1.5
46.967,10.0167,-0.0026,0.1224,0.0047,-0.0294,0.0901,-0.0384,inf,1.5,1.5
47.0,10.0167,-0.0027,0.122,-0.0003,0.0071,0.0911,-0.0218,inf,1.5,1.5
47.017,10.0167,-0.0027,0.1224,-0.0016,0.0429,0.0872,-0.0128,inf,1.5,1.5
47.033,10.0167,-0.0027,0.1225,-0.0008,0.0157,0.085,0.0143,inf,1.5,1.5
47.033,10.0167,-0.0027,0.1225,-0.0008,0.0157,0.0857,0.0058,inf,1.5,1.5
47.033,10.0167,-0.0027,0.1225,-0.0008,0.0157,0.0873,0.0068,inf,1.5,1.5
47.067,10.0167,-0.0026,0.1229,0.0005,0.0004,0.0889,0.0033,inf,1.5,1.5
47.067,10.0167,-0.0026,0.1229,0.0005,0.0004,0.0871,-0.0057,inf,1.5,1.5
47.083,10.0167,-0.0026,0.123,-0.0009,0.014,0.0878,-0.0093,inf,1.5,1.5
47.083,10.0167,-0.0026,0.123,-0.0009,0.014,0.0866,0.0009,inf,1.5,1.5
47.083,10.0167,-0.0026,0.123,-0.0009,0.014,0.0849,0.0004,inf,1.5,1.5
47.117,10.0166,-0.0025,0.1234,-0.0006,0.0125,0.0847,0.0023,inf,1.5,1.5
47.117,10.0166,-0.0025,0.1234,-0.0006,0.0125,0.0853,-0.0015,inf,1.5,1.5
47.133,10.0166,-0.0025,0.1234,-0.0019,0.0329,0.0873,0.0071,inf,1.5,1.5
47.133,10.0166,-0.0025,0.1234,-0.0019,0.0329,0.0813,0.0112,inf,1.5,1.5
47.133,10.0166,-0.0025,0.1234,-0.0019,0.0329,0.0842,0.0189,inf,1.5,1.5
47.133,10.0166,-0.0025,0.1234,-0.0019,0.0329,0.0848,0.0191,inf,1.5,1.5
47.167,10.0166,-0.0024,0.1236,-0.0006,0.0118,0.082,0.0108,inf,1.5,1.5
47.183,10.0166,-0.0024,0.1238,-0.0003,0.0144,0.0825,0.0035,inf,1.5,1.5
47.183,10.0166,-0.0024,0.1238,-0.0003,0.0144,0.084,0.002,inf,1.5,1.5
47.2,10.0166,-0.0024,0.1242,-0.0022,0.0361,0.0861,0.0013,inf,1.5,1.5
47.2,10.0166,-0.0024,0.1242,-0.0022,0.0361,0.0872,0.0111,inf,1.5,1.5
47.2,10.0166,-0.0024,0.1242,-0.0022,0.0361,0.0814,0.0149,inf,1.5,1.5
47.233,10.0165,-0.0023,0.1244,-0.0018,0.0291,0.0853,0.0147,inf,1.5,1.5
47.233,10.0165,-0.0023,0.1244,-0.0018,0.0291,0.0839,0.0212,inf,1.5,1.5
47.25,10.0165,-0.0023,0.1246,-0.001,0.0167,0.0826,0.0115,inf,1.5,1.5
47.25,10.0165,-0.0023,0.1246,-0.001,0.0167,0.0844,0.0072,inf,1.5,1.5
47.283,10.0165,-0.0023,0.125,-0.0031,0.0554,0.085,-0.0002,inf,1.5,1.5
47.283,10.0165,-0.0023,0.125,-0.0031,0.0554,0.0832,0.0196,inf,1.5,1.5
47.3,10.0165,-0.0023,0.1249,-0.0006,0.0161,0.083,0.0104,inf,1.5,1.5
47.3,10.0165,-0.0023,0.1249,-0.0006,0.0161,0.0823,0.0075,inf,1.5,1.5
47.3,10.0165,-0.0023,0.1249,-0.0006,0.0161,0.0852,0.0035,inf,1.5,1.5
47.333,10.0165,-0.0022,0.1252,-0.0016,0.0272,0.0833,0.0079,inf,1.5,1.5
47.35,10.0165,-0.0022,0.1255,-0.0023,0.044,0.0824,0.0135,inf,1.5,1.5
47.35,10.0165,-0.0022,0.1255,-0.0023,0.044,0.0832,0.0224,inf,1.5,1.5
47.367,10.0164,-0.0021,0.1256,-0.0018,0.0324,0.0828,0.0182,inf,1.5,1.5
47.367,10.0164,-0.0021,0.1256,-0.0018,0.0324,0.0846,0.0144,inf,1.5,1.5
47.367,10.0164,-0.0021,0.1256,-0.0018,0.0324,0.086,0.0156,inf,1.5,1.5
47.4,10.0164,-0.0022,0.1257,-0.0001,-0.0069,0.0902,-0.0023,inf,1.5,1.5
47.417,10.0164,-0.0021,0.1256,0.0015,-0.021,0.085,-0.0101,inf,1.5,1.5
47.417,10.0164,-0.0021,0.1256,0.0015,-0.021,0.0873,-0.0217,inf,1.5,1.5
47.417,10.0164,-0.0021,0.1256,0.0015,-0.021,0.0894,-0.0252,inf,1.5,1.5
47.45,10.0164,-0.0019,0.1249,0.0033,-0.0426,0.0898,-0.0266,inf,1.5,1.5
47.45,10.0164,-0.0019,0.1249,0.0033,-0.0426,0.0917,-0.0397,inf,1.5,1.5
47.467,10.0165,-0.0018,0.1244,0.0034,-0.1012,0.0877,-0.0711,inf,1.5,1.5
47.467,10.0165,-0.0018,0.1244,0.0034,-0.1012,0.0897,-0.093,inf,1.5,1.5
47.5,10.0165,-0.0015,0.1228,0.0047,-0.0733,0.0904,-0.1028,inf,1.5,1.5
47.5,10.0165,-0.0015,0.1228,0.0047,-0.0733,0.0915,-0.0896,inf,1.5,1.5
47.517,10.0165,-0.0014,0.1226,-0.0007,-0.0039,0.0919,-0.086,inf,1.5,1.5
47.533,10.0165,-0.0013,0.1223,0.0041,-0.0662,0.0901,-0.0428,inf,1.5,1.5
47.533,10.0165,-0.0013,0.1223,0.0041,-0.0662,0.0891,-0.0598,inf,1.5,1.5
47.533,10.0165,-0.0013,0.1223,0.0041,-0.0662,0.0911,-0.0627,inf,1.5,1.5
47.567,10.0165,-0.001,0.1215,-0.0045,0.0401,0.0903,-0.0693,inf,1.5,1.5
47.567,10.0165,-0.001,0.1215,-0.0045,0.0401,0.0873,-0.0164,inf,1.5,1.5
47.583,10.0165,-0.001,0.1214,-0.0012,-0.0061,0.0856,-0.0175,inf,1.5,1.5
47.583,10.0165,-0.001,0.1214,-0.0012,-0.0061,0.0854,-0.0127,inf,1.5,1.5
47.583,10.0165,-0.001,0.1214,-0.0012,-0.0061,0.0901,-0.0167,inf,1.5,1.5
47.617,10.0165,-0.001,0.1213,-0.0031,0.0516,0.0868,0.0156,inf,1.5,1.5
47.633,10.0165,-0.0009,0.1214,0.0001,-0.0019,0.0857,0.029,inf,1.5,1.5
47.633,10.0165,-0.0009,0.1214,0.0001,-0.0019,0.0854,0.0081,inf,1.5,1.5
47.633,10.0165,-0.0009,0.1214,0.0001,-0.0019,0.0853,-0.0039,inf,1.5,1.5
47.667,10.0165,-0.0009,0.1217,-0.0009,0.0215,0.0884,-0.0055,inf,1.5,1.5
47.667,10.0165,-0.0009,0.1217,-0.0009,0.0215,0.0862,0.0046,inf,1.5,1.5
47.683,10.0165,-0.0008,0.1217,-0.0009,0.015,0.085,0.0034,inf,1.5,1.5
47.7,10.0165,-0.0009,0.1219,-0.0022,0.0421,0.0847,0.0104,inf,1.5,1.5
47.7,10.0165,-0.0009,0.1219,-0.0022,0.0421,0.0862,0.0229,inf,1.5,1.5
47.7,10.0165,-0.0009,0.1219,-0.0022,0.0421,0.0869,0.0273,inf,1.5,1.5
47.733,10.0165,-0.0008,0.1218,-0.0025,0.0266,0.0857,0.03,inf,1.5,1.5
47.733,10.0165,-0.0008,0.1218,-0.0025,0.0266,0.0877,0.021,inf,1.5,1.5
47.75,10.0165,-0.0008,0.1221,0.0029,-0.0511,0.0894,-0.0273,inf,1.5,1.5
47.75,10.0165,-0.0008,0.1221,0.0029,-0.0511,0.0875,-0.0468,inf,1.5,1.5
47.75,10.0165,-0.0008,0.1221,0.0029,-0.0511,0.0876,-0.055,inf,1.5,1.5
47.783,10.0165,-0.0008,0.1223,0.0008,-0.0248,0.088,-0.0512,inf,1.5,1.5
47.783,10.0165,-0.0008,0.1223,0.0008,-0.0248,0.0871,-0.039,inf,1.5,1.5
47.8,10.0165,-0.0008,0.1221,0.0042,-0.0619,0.0886,-0.0517,inf,1.5,1.5
47.8,10.0165,-0.0008,0.1221,0.0042,-0.0619,0.088,-0.0557,inf,1.5,1.5
47.833,10.0165,-0.0008,0.1223,-0.0013,0.0239,0.0878,-0.061,inf,1.5,1.5
47.833,10.0165,-0.0008,0.1223,-0.0013,0.0239,0.088,-0.0185,inf,1.5,1.5
47.85,10.0165,-0.0007,0.1224,-0.0012,0.022,0.0876,-0.0001,inf,1.5,1.5
47.85,10.0165,-0.0007,0.1224,-0.0012,0.022,0.0853,0.0079,inf,1.5,1.5
47.867,10.0164,-0.0007,0.1226,-0.002,0.0359,0.0853,0.0199,inf,1.5,1.5
47.867,10.0164,-0.0007,0.1226,-0.002,0.0359,0.0874,0.0256,inf,1.5,1.5
47.867,10.0164,-0.0007,0.1226,-0.002,0.0359,0.0853,0.0235,inf,1.5,1.5
47.9,10.0164,-0.0007,0.1229,-0.0007,0.0118,0.087,0.0108,inf,1.5,1.5
47.917,10.0164,-0.0006,0.1229,0.0001,0.0063,0.0864,0.0089,inf,1.5,1.5
47.917,10.0164,-0.0006,0.1229,0.0001,0.0063,0.0869,0.0017,inf,1.5,1.5
47.917,10.0164,-0.0006,0.1229,0.0001,0.0063,0.0852,-0.0038,inf,1.5,1.5
47.95,10.0164,-0.0006,0.1231,-0.0001,0.0019,0.0843,-0.0011,inf,1.5,1.5
47.95,10.0164,-0.0006,0.1231,-0.0001,0.0019,0.0836,-0.0042,inf,1.5,1.5
47.967,10.0164,-0.0006,0.1232,0.0008,-0.0143,0.0867,-0.0134,inf,1.5,1.5
47.967,10.0164,-0.0006,0.1232,0.0008,-0.0143,0.0888,-0.0224,inf,1.5,1.5
48.0,10.0164,-0.0004,0.1226,0.0015,-0.0112,0.0893,-0.0228,inf,1.5,1.5
48.0,10.0164,-0.0004,0.1226,0.0015,-0.0112,0.0852,-0.0219,inf,1.5,1.5
48.017,10.0164,-0.0005,0.1229,-0.0014,0.0209,0.0874,-0.0183,inf,1.5,1.5
48.033,10.0164,-0.0004,0.1231,-0.0008,0.0129,0.0847,-0.0052,inf,1.5,1.5
48.033,10.0164,-0.0004,0.1231,-0.0008,0.0129,0.0863,0.0004,inf,1.5,1.5
48.033,10.0164,-0.0004,0.1231,-0.0008,0.0129,0.0841,0.0007,inf,1.5,1.5
48.067,10.0164,-0.0004,0.1233,-0.0021,0.0362,0.0853,0.0029,inf,1.5,1.5
48.067,10.0164,-0.0004,0.1233,-0.0021,0.0362,0.0862,0.0127,inf,1.5,1.5
48.083,10.0163,-0.0004,0.1237,-0.0007,0.011,0.0845,0.0068,inf,1.5,1.5
48.083,10.0163,-0.0004,0.1237,-0.0007,0.011,0.0864,0.0032,inf,1.5,1.5
48.083,10.0163,-0.0004,0.1237,-0.0007,0.011,0.0864,-0.003,inf,1.5,1.5
48.117,10.0163,-0.0003,0.1239,-0.0009,0.0185,0.0879,0.0011,inf,1.5,1.5
48.133,10.0163,-0.0003,0.124,-0.0023,0.0592,0.089,0.0006,inf,1.5,1.5
48.133,10.0163,-0.0003,0.124,-0.0023,0.0592,0.0869,0.0261,inf,1.5,1.5
48.133,10.0163,-0.0003,0.124,-0.0023,0.0592,0.0883,0.032,inf,1.5,1.5
48.167,10.0163,-0.0003,0.1242,-0.0005,0.0023,0.0865,0.0425,inf,1.5,1.5
48.167,10.0163,-0.0003,0.1242,-0.0005,0.0023,0.0852,0.012,inf,1.5,1.5
48.183,10.0163,-0.0002,0.1241,-0.0003,0.0112,0.0823,0.0029,inf,1.5,1.5
48.2,10.0163,-0.0001,0.1242,-0.0018,0.0313,0.0827,-0.0013,inf,1.5,1.5
48.2,10.0163,-0.0001,0.1242,-0.0018,0.0313,0.0824,0.0119,inf,1.5,1.5
48.2,10.0163,-0.0001,0.1242,-0.0018,0.0313,0.0829,0.0129,inf,1.5,1.5
48.233,10.0163,-0.0001,0.1246,-0.0031,0.0809,0.0856,0.0178,inf,1.5,1.5
48.233,10.0163,-0.0001,0.1246,-0.0031,0.0809,0.0846,0.0375,inf,1.5,1.5
48.25,10.0162,-0.0001,0.1247,-0.0022,0.0243,0.0843,0.0501,inf,1.5,1.5
48.25,10.0162,-0.0001,0.1247,-0.0022,0.0243,0.0846,0.0305,inf,1.5,1.5
48.25,10.0162,-0.0001,0.1247,-0.0022,0.0243,0.0828,0.0167,inf,1.5,1.5
48.283,10.0162,-0.0001,0.1251,-0.0015,0.0255,0.0848,0.0079,inf,1.5,1.5
48.3,10.0162,-0.0,0.1252,0.0017,-0.0263,0.0836,0.0117,inf,1.5,1.5
48.3,10.0162,-0.0,0.1252,0.0017,-0.0263,0.082,-0.0129,inf,1.5,1.5
48.3,10.0162,-0.0,0.1252,0.0017,-0.0263,0.0848,-0.0285,inf,1.5,1.5
48.333,10.0162,0.0001,0.1252,-0.0007,0.0142,0.0851,-0.0344,inf,1.5,1.5
48.333,10.0162,0.0001,0.1252,-0.0007,0.0142,0.0865,-0.0124,inf,1.5,1.5
48.35,10.0162,0.0001,0.1252,-0.0007,0.016,0.0868,0.0019,inf,1.5,1.5
48.367,10.0162,0.0002,0.1255,-0.0021,0.0396,0.0859,0.0053,inf,1.5,1.5
48.367,10.0162,0.0002,0.1255,-0.0021,0.0396,0.0851,0.015,inf,1.5,1.5
48.367,10.0162,0.0002,0.1255,-0.0021,0.0396,0.0862,0.0207,inf,1.5,1.5
48.4,10.0161,0.0001,0.1257,-0.003,0.0816,0.0843,0.0248,inf,1.5,1.5
48.4,10.0161,0.0001,0.1257,-0.003,0.0816,0.0846,0.0436,inf,1.5,1.5
48.417,10.0161,0.0002,0.1259,-0.0034,0.0292,0.0857,0.0271,inf,1.5,1.5
48.417,10.0161,0.0002,0.1259,-0.0034,0.0292,0.0836,0.0223,inf,1.5,1.5
48.417,10.0161,0.0002,0.1259,-0.0034,0.0292,0.0856,0.0163,inf,1.5,1.5
48.45,10.0161,0.0002,0.126,-0.0004,0.0281,0.085,0.017,inf,1.5,1.5
48.467,10.0161,0.0002,0.1263,-0.0022,0.0378,0.0888,0.0147,inf,1.5,1.5
48.467,10.0161,0.0002,0.1263,-0.0022,0.0378,0.0894,0.0176,inf,1.5,1.5
48.467,10.0161,0.0002,0.1263,-0.0022,0.0378,0.0861,0.0225,inf,1.5,1.5
48.5,10.0161,0.0003,0.1265,-0.0014,0.0213,0.0842,0.0223,inf,1.5,1.5
48.5,10.0161,0.0003,0.1265,-0.0014,0.0213,0.0831,0.0132,inf,1.5,1.5
48.517,10.0161,0.0003,0.1266,-0.0017,0.0273,0.0841,0.0116,inf,1.5,1.5
48.533,10.0161,0.0003,0.1269,-0.0008,0.0147,0.0823,0.0133,inf,1.5,1.5
48.533,10.0161,0.0003,0.1269,-0.0008,0.0147,0.0852,0.0074,inf,1.5,1.5
48.533,10.0161,0.0003,0.1269,-0.0008,0.0147,0.0871,0.0064,inf,1.5,1.5
48.567,10.016,0.0004,0.1272,-0.0017,0.0279,0.0881,0.0065,inf,1.5,1.5
48.567,10.016,0.0004,0.1272,-0.0017,0.0279,0.0871,0.016,inf,1.5,1.5
48.583,10.016,0.0004,0.1274,-0.0011,0.0137,0.0845,0.0108,inf,1.5,1.5
48.583,10.016,0.0004,0.1274,-0.0011,0.0137,0.0856,0.0071,inf,1.5,1.5
48.617,10.016,0.0005,0.1278,-0.0022,0.0323,0.0837,0.0004,inf,1.5,1.5
48.617,10.016,0.0005,0.1278,-0.0022,0.0323,0.0832,0.0098,inf,1.5,1.5
48.633,10.016,0.0005,0.128,-0.0001,0.0026,0.0817,0.0006,inf,1.5,1.5
48.633,10.016,0.0005,0.128,-0.0001,0.0026,0.0831,-0.0048,inf,1.5,1.5
48.633,10.016,0.0005,0.128,-0.0001,0.0026,0.085,-0.0082,inf,1.5,1.5
48.667,10.0159,0.0005,0.1281,0.0011,0.02,0.0854,-0.0094,inf,1.5,1.5
48.683,10.0159,0.0006,0.1281,-0.0006,0.0097,0.0869,0.0001,inf,1.5,1.5
48.683,10.0159,0.0006,0.1281,-0.0006,0.0097,0.0889,0.0025,inf,1.5,1.5
48.7,10.0159,0.0006,0.1283,-0.0003,0.0038,0.0871,0.0007,inf,1.5,1.5
48.7,10.0159,0.0006,0.1283,-0.0003,0.0038,0.0845,-0.0071,inf,1.5,1.5
48.7,10.0159,0.0006,0.1283,-0.0003,0.0038,0.0858,-0.007,inf,1.5,1.5
48.733,10.0159,0.0007,0.1283,-0.0003,0.0201,0.0857,-0.0014,inf,1.5,1.5
48.75,10.0159,0.0007,0.1286,-0.002,0.0317,0.0865,0.0061,inf,1.5,1.5
48.75,10.0159,0.0007,0.1286,-0.002,0.0317,0.0854,0.0146,inf,1.5,1.5
48.75,10.0159,0.0007,0.1286,-0.002,0.0317,0.0835,0.0167,inf,1.5,1.5
48.783,10.0159,0.0008,0.1289,-0.0003,0.0061,0.0835,0.0193,inf,1.5,1.5
48.783,10.0159,0.0008,0.1289,-0.0003,0.0061,0.0853,0.0034,inf,1.5,1.5
48.8,10.0159,0.0008,0.129,-0.0014,0.0244,0.0821,0.0101,inf,1.5,1.5
48.8,10.0159,0.0008,0.129,-0.0014,0.0244,0.0808,0.0141,inf,1.5,1.5
48.8,10.0159,0.0008,0.129,-0.0014,0.0244,0.082,0.0115,inf,1.5,1.5
48.833,10.0158,0.0008,0.1295,-0.0015,0.0285,0.0834,0.0149,inf,1.5,1.5
48.85,10.0158,0.0008,0.1294,0.0002,-0.003,0.0865,0.0142,inf,1.5,1.5
48.85,10.0158,0.0008,0.1294,0.0002,-0.003,0.0867,-0.0012,inf,1.5,1.5
48.867,10.0158,0.0009,0.1294,-0.0013,0.0214,0.0881,0.0042,inf,1.5,1.5
48.867,10.0158,0.0009,0.1294,-0.0013,0.0214,0.0885,0.006,inf,1.5,1.5
48.867,10.0158,0.0009,0.1294,-0.0013,0.0214,0.0906,0.0135,inf,1.5,1.5
48.9,10.0158,0.0009,0.1299,-0.0016,0.0239,0.0891,0.0115,inf,1.5,1.5
48.9,10.0158,0.0009,0.1299,-0.0016,0.0239,0.0899,0.0143,inf,1.5,1.5
48.917,10.0158,0.0009,0.13,-0.0009,0.0156,0.0869,0.0043,inf,1.5,1.5
48.917,10.0158,0.0009,0.13,-0.0009,0.0156,0.0861,0.0032,1.9466,1.5,1.5
48.95,10.0157,0.001,0.1302,-0.0018,0.0039,0.0871,-0.0038,1.9466,1.5,1.5
48.95,10.0157,0.001,0.1302,-0.0018,0.0039,0.0871,-0.0103,1.9466,1.5,1.5
48.967,10.0157,0.001,0.1304,0.0021,-0.0331,0.0879,-0.0245,1.9466,1.5,1.5
48.967,10.0157,0.001,0.1304,0.0021,-0.0331,0.0908,-0.0355,1.9466,1.5,1.5
48.967,10.0157,0.001,0.1304,0.0021,-0.0331,0.0923,-0.0362,1.9466,1.5,1.5
49.0,10.0157,0.0011,0.1304,-0.0032,0.0634,0.0905,0.0153,1.9466,1.5,1.5
49.017,10.0157,0.001,0.1307,-0.0006,0.0049,0.0886,0.0397,1.9466,1.5,1.5
49.017,10.0157,0.001,0.1307,-0.0006,0.0049,0.0851,0.0228,1.9466,1.5,1.5
49.033,10.0157,0.0011,0.1307,0.0146,0.0672,0.0923,0.0401,1.9432,1.5,1.5
49.033,10.0157,0.0011,0.1307,0.0146,0.0672,0.0914,0.0444,1.9432,1.5,1.5
49.033,10.0157,0.0011,0.1307,0.0146,0.0672,0.0969,0.0485,1.9432,1.5,1.5
49.067,10.0157,0.0011,0.1309,0.0056,0.0103,0.095,0.0142,1.9432,1.5,1.5
49.083,10.0157,0.0011,0.131,-0.0009,0.013,0.0925,-0.0005,1.9432,1.5,1.5
49.083,10.0157,0.0011,0.131,-0.0009,0.013,0.0886,-0.0049,1.9432,1.5,1.5
49.083,10.0157,0.0011,0.131,-0.0009,0.013,0.0834,-0.0023,1.9432,1.5,1.5
49.117,10.0157,0.0012,0.1311,-0.002,0.0312,0.0863,0.0004,1.9432,1.5,1.5
49.117,10.0157,0.0012,0.1311,-0.002,0.0312,0.087,0.0113,1.9432,1.5,1.5
49.133,10.0156,0.0012,0.1315,-0.0021,0.0319,0.0877,0.0179,1.949,1.5,1.5
49.133,10.0156,0.0012,0.1315,-0.0021,0.0319,0.088,0.0198,1.949,1.5,1.5
49.133,10.0156,0.0012,0.1315,-0.0021,0.0319,0.0857,0.0206,1.949,1.5,1.5
49.167,10.0156,0.0013,0.1318,-0.0013,0.02,0.0846,0.0128,1.949,1.5,1.5
49.183,10.0156,0.0014,0.1319,-0.0019,0.0317,0.0847,0.0104,1.949,1.5,1.5
49.183,10.0156,0.0014,0.1319,-0.0019,0.0317,0.0832,0.0137,1.949,1.5,1.5
49.2,10.0156,0.0013,0.1323,-0.0032,0.0466,0.0801,0.0225,1.949,1.5,1.5
49.2,10.0156,0.0013,0.1323,-0.0032,0.0466,0.0823,0.0263,1.949,1.5,1.5
49.2,10.0156,0.0013,0.1323,-0.0032,0.0466,0.0834,0.0331,1.9169,1.5,1.5
49.233,10.0156,0.0014,0.1325,-0.0019,0.0053,0.0849,0.0132,1.9169,1.5,1.5
49.25,10.0155,0.0014,0.1327,0.0005,-0.0111,0.0831,-0.0016,1.9169,1.5,1.5
49.25,10.0155,0.0014,0.1327,0.0005,-0.0111,0.0853,-0.0177,1.9169,1.5,1.5
49.25,10.0155,0.0014,0.1327,0.0005,-0.0111,0.0863,-0.0253,1.9169,1.5,1.5
49.25,10.0155,0.0014,0.1327,0.0005,-0.0111,0.0891,-0.0213,1.9169,1.5,1.5
49.25,10.0155,0.0014,0.1327,0.0005,-0.0111,0.0879,-0.0205,1.9169,1.5,1.5
49.283,10.0155,0.0015,0.1329,-0.0019,0.0305,0.0853,-0.0019,1.9169,1.5,1.5
49.3,10.0155,0.0015,0.1332,-0.0012,0.0173,0.0866,0.0091,1.9169,1.5,1.5
49.3,10.0155,0.0015,0.1332,-0.0012,0.0173,0.087,0.0112,1.9169,1.5,1.5
49.3,10.0155,0.0015,0.1332,-0.0012,0.0173,0.085,0.0107,1.9169,1.5,1.5
49.333,10.0155,0.0016,0.1336,-0.0017,0.0265,0.0843,0.009,1.9379,1.5,1.5
49.333,10.0155,0.0016,0.1336,-0.0017,0.0265,0.0829,0.0086,1.9379,1.5,1.5
49.35,10.0155,0.0016,0.1336,-0.0014,0.0246,0.0821,0.0076,1.9379,1.5,1.5
49.367,10.0154,0.0016,0.134,-0.0014,0.0218,0.0821,0.0122,1.9379,1.5,1.5
49.367,10.0154,0.0016,0.134,-0.0014,0.0218,0.0824,0.0092,1.9379,1.5,1.5
49.367,10.0154,0.0016,0.134,-0.0014,0.0218,0.0825,0.0078,1.9379,1.5,1.5
49.4,10.0154,0.0017,0.1343,-0.0023,0.0394,0.0823,0.0159,1.9379,1.5,1.5
49.417,10.0154,0.0016,0.1344,-0.002,0.0267,0.0884,0.0204,1.9379,1.5,1.5
49.417,10.0154,0.0016,0.1344,-0.002,0.0267,0.0872,0.0242,1.9379,1.5,1.5
49.417,10.0154,0.0016,0.1344,-0.002,0.0267,0.0867,0.0141,1.9332,1.5,1.5
49.417,10.0154,0.0016,0.1344,-0.002,0.0267,0.0857,0.0147,1.9332,1.5,1.5
49.45,10.0154,0.0017,0.1347,-0.0013,0.0358,0.0849,0.015,1.9332,1.5,1.5
49.467,10.0154,0.0017,0.1347,-0.0028,0.0365,0.0843,0.0207,1.9332,1.5,1.5
49.467,10.0154,0.0017,0.1347,-0.0028,0.0365,0.083,0.0194,1.9332,1.5,1.5
49.467,10.0154,0.0017,0.1347,-0.0028,0.0365,0.085,0.0211,1.9332,1.5,1.5
49.5,10.0153,0.0018,0.1349,-0.0043,0.0697,0.0877,0.0179,1.9332,1.5,1.5
49.5,10.0153,0.0018,0.1349,-0.0043,0.0697,0.0851,0.0399,1.9332,1.5,1.5
49.517,10.0153,0.0017,0.1352,-0.0017,0.0166,0.0854,0.0247,1.9332,1.5,1.5
49.533,10.0153,0.0018,0.1351,-0.0022,0.061,0.0839,0.0162,1.9458,1.5,1.5
49.533,10.0153,0.0018,0.1351,-0.0022,0.061,0.085,0.0323,1.9458,1.5,1.5
49.533,10.0153,0.0018,0.1351,-0.0022,0.061,0.089,0.0381,1.9458,1.5,1.5
49.567,10.0153,0.0019,0.1356,0.0036,-0.0533,0.0905,0.0424,1.9458,1.5,1.5
49.567,10.0153,0.0019,0.1356,0.0036,-0.0533,0.0924,-0.0163,1.9458,1.5,1.5
49.583,10.0153,0.0019,0.1356,-0.0004,0.0096,0.088,-0.0115,1.9458,1.5,1.5
49.583,10.0153,0.0019,0.1356,-0.0004,0.0096,0.0905,-0.0105,1.9458,1.5,1.5
49.583,10.0153,0.0019,0.1356,-0.0004,0.0096,0.0832,-0.0046,1.9458,1.5,1.5
49.617,10.0153,0.0019,0.1358,-0.0009,0.0179,0.0823,-0.0006,1.9458,1.5,1.5
49.633,10.0153,0.0019,0.1359,-0.002,0.0507,0.0842,0.0058,1.9193,1.5,1.5
49.633,10.0153,0.0019,0.1359,-0.002,0.0507,0.0836,0.022,1.9193,1.5,1.5
49.633,10.0153,0.0019,0.1359,-0.002,0.0507,0.0852,0.0319,1.9193,1.5,1.5
49.667,10.0152,0.002,0.1361,-0.0022,0.0283,0.0854,0.0363,1.9193,1.5,1.5
49.667,10.0152,0.002,0.1361,-0.0022,0.0283,0.0888,0.0236,1.9193,1.5,1.5
49.683,10.0152,0.002,0.1364,-0.0001,0.0001,0.0863,0.0062,1.9193,1.5,1.5
49.7,10.0152,0.0021,0.1364,-0.0008,0.015,0.0844,-0.0061,1.9193,1.5,1.5
49.7,10.0152,0.0021,0.1364,-0.0008,0.015,0.084,-0.0048,1.9193,1.5,1.5
49.7,10.0152,0.0021,0.1364,-0.0008,0.015,0.0843,0.0039,1.9193,1.5,1.5
49.733,10.0152,0.0022,0.1366,-0.0015,0.0232,0.0872,0.0009,1.9307,1.5,1.5
49.733,10.0152,0.0022,0.1366,-0.0015,0.0232,0.0841,0.0078,1.9307,1.5,1.5
49.75,10.0151,0.0022,0.137,-0.0021,0.0325,0.0855,0.0153,1.9307,1.5,1.5
49.75,10.0151,0.0022,0.137,-0.0021,0.0325,0.0863,0.0208,1.9307,1.5,1.5
49.75,10.0151,0.0022,0.137,-0.0021,0.0325,0.0855,0.0183,1.9307,1.5,1.5
49.783,10.0151,0.0022,0.1375,-0.0023,0.0313,0.0878,0.0175,1.9307,1.5,1.5
49.8,10.0151,0.0023,0.1376,-0.0017,0.0247,0.0881,0.012,1.9307,1.5,1.5
49.8,10.0151,0.0023,0.1376,-0.0017,0.0247,0.0904,0.01,1.9307,1.5,1.5
49.8,10.0151,0.0023,0.1376,-0.0017,0.0247,0.0871,0.0113,1.9307,1.5,1.5
49.833,10.0151,0.0023,0.138,-0.0013,0.0226,0.0898,0.0108,1.9458,1.5,1.5
49.833,10.0151,0.0023,0.138,-0.0013,0.0226,0.0858,0.0099,1.9458,1.5,1.5
49.85,10.015,0.0023,0.1383,-0.0014,0.0207,0.0858,0.0113,1.9458,1.5,1.5
49.867,10.015,0.0024,0.1383,-0.0022,0.0322,0.0877,0.0092,1.9458,1.5,1.5
49.867,10.015,0.0024,0.1383,-0.0022,0.0322,0.0862,0.0139,1.9458,1.5,1.5
49.867,10.015,0.0024,0.1383,-0.0022,0.0322,0.0833,0.0172,1.9458,1.5,1.5
49.9,10.015,0.0024,0.1386,-0.0005,0.014,0.0825,0.0221,1.9458,1.5,1.5
49.9,10.015,0.0024,0.1386,-0.0005,0.014,0.0822,0.0104,1.9458,1.5,1.5
49.917,10.015,0.0024,0.139,-0.0018,0.0242,0.0825,0.0055,1.9458,1.5,1.5
49.917,10.015,0.0024,0.139,-0.0018,0.0242,0.0831,0.0103,1.9555,1.5,1.5
49.917,10.015,0.0024,0.139,-0.0018,0.0242,0.0847,0.009,1.9555,1.5,1.5
49.95,10.0149,0.0024,0.1393,0.002,0.0025,0.0836,0.0075,1.9555,1.5,1.5
49.95,10.0149,0.0024,0.1393,0.002,0.0025,0.086,-0.005,1.9555,1.5,1.5
49.967,10.0149,0.0025,0.1393,-0.0008,0.0125,0.0879,-0.0025,1.9555,1.5,1.5
49.967,10.0149,0.0025,0.1393,-0.0008,0.0125,0.0859,0.0009,1.9555,1.5,1.5
50.0,10.0149,0.0026,0.1397,-0.0025,0.0372,0.0849,0.0008,1.9555,1.5,1.5
50.0,10.0149,0.0026,0.1397,-0.0025,0.0372,0.0845,0.0178,1.9555,1.5,1.5
50.017,10.0149,0.0026,0.1399,-0.0022,0.032,0.0859,0.0219,1.9555,1.5,1.5
50.033,10.0149,0.0027,0.1399,-0.0012,0.022,0.0854,0.0241,1.896,1.5,1.5
50.033,10.0149,0.0027,0.1399,-0.0012,0.022,0.0856,0.0137,1.896,1.5,1.5
50.033,10.0149,0.0027,0.1399,-0.0012,0.022,0.0863,0.0097,1.896,1.5,1.5
50.067,10.0149,0.0028,0.1399,-0.0012,0.0153,0.0823,0.0113,1.896,1.5,1.5
50.067,10.0149,0.0028,0.1399,-0.0012,0.0153,0.0826,0.0071,1.896,1.5,1.5
50.083,10.0148,0.0027,0.1405,-0.0037,0.0498,0.0848,0.0036,1.896,1.5,1.5
50.083,10.0148,0.0027,0.1405,-0.0037,0.0498,0.0854,0.0236,1.896,1.5,1.5
50.083,10.0148,0.0027,0.1405,-0.0037,0.0498,0.0872,0.0313,1.896,1.5,1.5
50.117,10.0148,0.0028,0.1408,-0.0013,0.0198,0.0847,0.0328,1.896,1.5,1.5
50.133,10.0148,0.0028,0.141,-0.0025,0.0406,0.0828,0.0138,1.9246,1.5,1.5
50.133,10.0148,0.0028,0.141,-0.0025,0.0406,0.0838,0.0214,1.9246,1.5,1.5
50.133,10.0148,0.0028,0.141,-0.0025,0.0406,0.083,0.0225,1.9246,1.5,1.5
50.167,10.0147,0.0029,0.1413,-0.0005,0.0135,0.0837,0.0276,1.9246,1.5,1.5
50.167,10.0147,0.0029,0.1413,-0.0005,0.0135,0.086,0.0124,1.9246,1.5,1.5
50.183,10.0147,0.0029,0.1416,-0.0021,0.0286,0.085,0.0112,1.9246,1.5,1.5
50.2,10.0147,0.0029,0.1418,-0.0028,0.0395,0.0839,0.0103,1.9246,1.5,1.5
50.2,10.0147,0.0029,0.1418,-0.0028,0.0395,0.0839,0.0168,1.9246,1.5,1.5
50.2,10.0147,0.0029,0.1418,-0.0028,0.0395,0.0832,0.016,1.9246,1.5,1.5
50.233,10.0147,0.003,0.142,-0.0016,0.0232,0.084,0.0221,1.941,1.5,1.5
50.233,10.0147,0.003,0.142,-0.0016,0.0232,0.0863,0.0129,1.941,1.5,1.5
50.25,10.0147,0.003,0.1423,-0.0018,0.0257,0.0862,0.0124,1.941,1.5,1.5
50.25,10.0147,0.003,0.1423,-0.0018,0.0257,0.0882,0.0136,1.941,1.5,1.5
50.25,10.0147,0.003,0.1423,-0.0018,0.0257,0.0863,0.0158,1.941,1.5,1.5
50.283,10.0146,0.003,0.1425,-0.0006,0.0099,0.0848,0.0116,1.941,1.5,1.5
50.3,10.0146,0.0031,0.1426,-0.0022,0.03,0.0841,0.0033,1.941,1.5,1.5
50.3,10.0146,0.0031,0.1426,-0.0022,0.03,0.0827,0.0119,1.941,1.5,1.5
50.3,10.0146,0.0031,0.1426,-0.0022,0.03,0.0834,0.0141,1.941,1.5,1.5
50.333,10.0146,0.0031,0.1429,-0.0022,0.0335,0.0815,0.0174,1.9135,1.5,1.5
50.333,10.0146,0.0031,0.1429,-0.0022,0.0335,0.082,0.0178,1.9135,1.5,1.5
50.35,10.0146,0.0032,0.1431,-0.0017,0.0255,0.0838,0.0117,1.9135,1.5,1.5
50.367,10.0145,0.0031,0.1435,-0.0025,0.0273,0.0854,0.003,1.9135,1.5,1.5
50.367,10.0145,0.0031,0.1435,-0.0025,0.0273,0.0838,0.0028,1.9135,1.5,1.5
50.367,10.0145,0.0031,0.1435,-0.0025,0.0273,0.084,0.004,1.9135,1.5,1.5
50.4,10.0145,0.0032,0.1439,-0.0026,0.0361,0.0827,0.0086,1.9135,1.5,1.5
50.4,10.0145,0.0032,0.1439,-0.0026,0.0361,0.0831,0.0152,1.9135,1.5,1.5
50.417,10.0145,0.0033,0.1438,-0.0014,0.0192,0.0863,0.0061,1.9135,1.5,1.5
50.417,10.0145,0.0033,0.1438,-0.0014,0.0192,0.0866,0.0035,1.8872,1.5,1.5
50.417,10.0145,0.0033,0.1438,-0.0014,0.0192,0.0882,-0.0052,1.8872,1.5,1.5
50.45,10.0145,0.0034,0.1437,-0.0012,0.0152,0.0863,-0.0045,1.8872,1.5,1.5
50.467,10.0145,0.0035,0.1436,-0.0009,0.0117,0.0845,-0.0012,1.8872,1.5,1.5
50.467,10.0145,0.0035,0.1436,-0.0009,0.0117,0.0871,-0.0034,1.8872,1.5,1.5
50.467,10.0145,0.0035,0.1436,-0.0009,0.0117,0.0896,-0.0016,1.8872,1.5,1.5
50.5,10.0145,0.0037,0.1431,0.0021,-0.0249,0.0863,-0.0036,1.8872,1.5,1.5
50.5,10.0145,0.0037,0.1431,0.0021,-0.0249,0.0906,-0.0204,1.8872,1.5,1.5
50.517,10.0145,0.0039,0.1427,-0.0021,-0.0302,0.088,-0.0293,1.8872,1.5,1.5
50.533,10.0145,0.004,0.1421,-0.0132,0.059,0.0858,-0.0347,1.9448,1.5,1.5
50.533,10.0145,0.004,0.1421,-0.0132,0.059,0.0814,0.008,1.9448,1.5,1.5
50.533,10.0145,0.004,0.1421,-0.0132,0.059,0.0779,0.0233,1.9448,1.5,1.5
50.567,10.0146,0.0043,0.1411,0.0039,-0.0583,0.0787,0.0366,1.9448,1.5,1.5
50.567,10.0146,0.0043,0.1411,0.0039,-0.0583,0.0818,-0.0221,1.9448,1.5,1.5
50.583,10.0146,0.0044,0.1401,0.0047,-0.0608,0.0865,-0.0527,1.9448,1.5,1.5
50.583,10.0146,0.0044,0.1401,0.0047,-0.0608,0.0893,-0.0715,1.9448,1.5,1.5
50.583,10.0146,0.0044,0.1401,0.0047,-0.0608,0.0884,-0.0745,1.9448,1.5,1.5
50.617,10.0146,0.0047,0.1391,0.0064,-0.0852,0.0887,-0.084,1.9448,1.5,1.5
50.633,10.0147,0.0049,0.1382,0.0127,-0.173,0.0911,-0.0887,1.9199,1.5,1.5
50.633,10.0147,0.0049,0.1382,0.0127,-0.173,0.0941,-0.131,1.9199,1.5,1.5
50.633,10.0147,0.0049,0.1382,0.0127,-0.173,0.0983,-0.1481,1.9199,1.5,1.5
50.667,10.0147,0.0054,0.1365,0.0044,-0.051,0.0984,-0.1579,1.9199,1.5,1.5
50.667,10.0147,0.0054,0.1365,0.0044,-0.051,0.0979,-0.1002,1.9199,1.5,1.5
50.683,10.0148,0.0056,0.1357,0.005,-0.0529,0.0963,-0.0741,1.9199,1.5,1.5
50.7,10.0148,0.0057,0.1353,0.0019,-0.0265,0.0951,-0.0571,1.9199,1.5,1.5
50.7,10.0148,0.0057,0.1353,0.0019,-0.0265,0.0945,-0.0408,1.9199,1.5,1.5
50.7,10.0148,0.0057,0.1353,0.0019,-0.0265,0.0912,-0.0358,1.9199,1.5,1.5
50.733,10.0148,0.006,0.1345,0.0038,-0.0525,0.0886,-0.0282,1.9553,1.5,1.5
50.733,10.0148,0.006,0.1345,0.0038,-0.0525,0.0864,-0.044,1.9553,1.5,1.5
50.75,10.0148,0.0062,0.134,0.0058,-0.0795,0.0853,-0.0649,1.9553,1.5,1.5
50.75,10.0148,0.0062,0.134,0.0058,-0.0795,0.0877,-0.0719,1.9553,1.5,1.5
50.75,10.0148,0.0062,0.134,0.0058,-0.0795,0.0882,-0.0804,1.9553,1.5,1.5
50.783,10.0148,0.0065,0.133,0.0014,-0.0059,0.0864,-0.0467,1.9553,1.5,1.5
50.8,10.0148,0.0065,0.1331,-0.0018,0.0234,0.0863,-0.0279,1.9553,1.5,1.5
50.8,10.0148,0.0065,0.1331,-0.0018,0.0234,0.0879,0.0035,1.9553,1.5,1.5
50.8,10.0148,0.0065,0.1331,-0.0018,0.0234,0.0864,0.0143,1.9327,1.5,1.5
50.833,10.0148,0.0066,0.1333,-0.0006,0.0133,0.0848,0.0105,1.9327,1.5,1.5
50.833,10.0148,0.0066,0.1333,-0.0006,0.0133,0.083,0.0055,1.9327,1.5,1.5
50.85,10.0148,0.0066,0.1335,-0.001,0.0144,0.0844,0.0028,1.9327,1.5,1.5
50.867,10.0148,0.0067,0.1335,0.0014,-0.0163,0.0839,0.001,1.9327,1.5,1.5
50.867,10.0148,0.0067,0.1335,0.0014,-0.0163,0.0853,-0.0159,1.9327,1.5,1.5
50.867,10.0148,0.0067,0.1335,0.0014,-0.0163,0.0886,-0.0214,1.9327,1.5,1.5
50.9,10.0148,0.0069,0.133,0.0015,-0.0206,0.0867,-0.0289,1.9327,1.5,1.5
50.917,10.0148,0.007,0.1327,0.0005,-0.0064,0.0864,-0.0346,1.9327,1.5,1.5
50.917,10.0148,0.007,0.1327,0.0005,-0.0064,0.0858,-0.0241,1.9327,1.5,1.5
50.917,10.0148,0.007,0.1327,0.0005,-0.0064,0.085,-0.024,1.9181,1.5,1.5
