t,x,y,yaw,odom_vx,odom_wz,cmd_vx,cmd_wz,scan_ahead,us_left,us_right
10.033,0.0022,-0.0,0.0,0.0001,0.0,0.0,0.0,2.6235,1.5,1.5
10.033,0.0022,-0.0,0.0,0.0001,0.0,0.0375,0.0046,2.6235,1.5,1.5
10.033,0.0022,-0.0,0.0,0.0001,0.0,0.058,-0.0085,2.6235,1.5,1.5
10.067,0.0022,-0.0,0.0,0.0001,-0.0,0.0737,-0.001,2.6235,1.5,1.5
10.067,0.0022,-0.0,0.0,0.0001,-0.0,0.0754,0.0062,2.6235,1.5,1.5
10.083,0.0025,-0.0,0.0,0.0298,-0.002,0.0929,0.0027,2.6235,1.5,1.5
10.083,0.0025,-0.0,0.0,0.0298,-0.002,0.1015,-0.0024,2.6235,1.5,1.5
10.083,0.0025,-0.0,0.0,0.0298,-0.002,0.1097,-0.0015,2.6235,1.5,1.5
10.083,0.0025,-0.0,0.0,0.0298,-0.002,0.107,-0.0073,2.6235,1.5,1.5
10.117,0.0045,-0.0,0.0,0.0732,-0.0024,0.1267,-0.0083,2.6235,1.5,1.5
10.133,0.0059,-0.0,0.0,0.0957,0.0014,0.1356,-0.008,2.6478,1.5,1.5
10.133,0.0059,-0.0,0.0,0.0957,0.0014,0.149,-0.0051,2.6478,1.5,1.5
10.133,0.0059,-0.0,0.0,0.0957,0.0014,0.1518,0.0002,2.6478,1.5,1.5
10.167,0.0094,0.0,0.0,0.107,0.0024,0.1574,0.0014,2.6478,1.5,1.5
10.167,0.0094,0.0,0.0,0.107,0.0024,0.1618,0.0026,2.6478,1.5,1.5
10.183,0.0115,-0.0,0.0,0.1297,-0.0011,0.1793,-0.0015,2.6478,1.5,1.5
10.2,0.0138,-0.0,0.0,0.145,0.0014,0.1861,-0.002,2.6478,1.5,1.5
10.2,0.0138,-0.0,0.0,0.145,0.0014,0.1981,-0.0018,2.6478,1.5,1.5
10.2,0.0138,-0.0,0.0,0.145,0.0014,0.2005,-0.002,2.6478,1.5,1.5
10.233,0.0189,-0.0,0.0,0.1604,0.0001,0.205,-0.0013,2.6055,1.5,1.5
10.233,0.0189,-0.0,0.0,0.1604,0.0001,0.2103,0.0012,2.6055,1.5,1.5
10.25,0.0218,-0.0,0.0,0.1753,-0.0007,0.2191,-0.0023,2.6055,1.5,1.5
10.25,0.0218,-0.0,0.0,0.1753,-0.0007,0.2258,-0.0028,2.6055,1.5,1.5
10.283,0.0282,0.0,0.0,0.1991,-0.0001,0.2296,-0.0044,2.6055,1.5,1.5
10.283,0.0282,0.0,0.0,0.1991,-0.0001,0.241,-0.0033,2.6055,1.5,1.5
10.283,0.0282,0.0,0.0,0.1991,-0.0001,0.25,-0.0039,2.6055,1.5,1.5
10.3,0.0316,0.0,0.0,0.208,-0.0009,0.2483,-0.0029,2.6055,1.5,1.5
10.3,0.0316,0.0,0.0,0.208,-0.0009,0.2538,-0.0032,2.6055,1.5,1.5
10.3,0.0316,0.0,0.0,0.208,-0.0009,0.2549,-0.0036,2.6055,1.5,1.5
10.333,0.0388,0.0,0.0,0.224,-0.0001,0.2559,0.0018,2.6213,1.5,1.5
10.333,0.0388,0.0,0.0,0.224,-0.0001,0.2628,0.0029,2.6213,1.5,1.5
10.35,0.0427,0.0,0.0,0.2375,0.0002,0.2718,-0.0007,2.6213,1.5,1.5
10.367,0.0468,0.0,0.0,0.2474,0.0001,0.2784,0.0019,2.6213,1.5,1.5
10.367,0.0468,0.0,0.0,0.2474,0.0001,0.2878,0.002,2.6213,1.5,1.5
10.367,0.0468,0.0,0.0,0.2474,0.0001,0.2904,-0.0014,2.6213,1.5,1.5
10.4,0.0552,0.0,0.0,0.2545,0.0001,0.2943,-0.0018,2.6213,1.5,1.5
10.417,0.0594,0.0,0.0,0.2557,-0.0013,0.2989,-0.0002,2.6213,1.5,1.5
10.417,0.0594,0.0,0.0,0.2557,-0.0013,0.3039,-0.0001,2.6152,1.5,1.5
10.417,0.0594,0.0,0.0,0.2557,-0.0013,0.3033,-0.0067,2.6152,1.5,1.5
10.45,0.0684,0.0,0.0,0.2764,-0.001,0.306,-0.0019,2.6152,1.5,1.5
10.45,0.0684,0.0,0.0,0.2764,-0.001,0.3144,-0.0025,2.6152,1.5,1.5
10.467,0.0731,0.0,0.0,0.2876,0.0002,0.3258,-0.0026,2.6152,1.5,1.5
10.467,0.0731,0.0,0.0,0.2876,0.0002,0.3309,0.0006,2.6152,1.5,1.5
10.467,0.0731,0.0,0.0,0.2876,0.0002,0.3322,-0.0013,2.6152,1.5,1.5
10.5,0.0829,0.0,0.0,0.2978,-0.0007,0.3371,-0.0005,2.6152,1.5,1.5
10.517,0.0879,0.0,0.0,0.3023,0.0012,0.3385,-0.0008,2.6152,1.5,1.5
10.517,0.0879,0.0,0.0,0.3023,0.0012,0.3409,-0.0024,2.6152,1.5,1.5
10.533,0.093,0.0,0.0,0.3054,-0.0011,0.3417,0.0013,2.606,1.5,1.5
10.533,0.093,0.0,0.0,0.3054,-0.0011,0.3438,-0.0005,2.606,1.5,1.5
10.533,0.093,0.0,0.0,0.3054,-0.0011,0.3437,-0.0031,2.606,1.5,1.5
10.567,0.1037,0.0,0.0,0.3292,-0.0009,0.3528,-0.0044,2.606,1.5,1.5
10.583,0.1092,0.0,0.0,0.3318,-0.0002,0.3602,-0.0005,2.606,1.5,1.5
10.583,0.1092,0.0,0.0,0.3318,-0.0002,0.3648,-0.001,2.606,1.5,1.5
10.583,0.1092,0.0,0.0,0.3318,-0.0002,0.3635,-0.0032,2.606,1.5,1.5
10.617,0.1204,0.0,0.0,0.3404,-0.0002,0.3637,-0.0014,2.606,1.5,1.5
10.617,0.1204,0.0,0.0,0.3404,-0.0002,0.3665,-0.0039,2.6248,1.5,1.5
10.633,0.1261,0.0,0.0,0.3433,-0.0005,0.3708,-0.0018,2.6248,1.5,1.5
10.633,0.1261,0.0,0.0,0.3433,-0.0005,0.3722,0.001,2.6248,1.5,1.5
10.633,0.1261,0.0,0.0,0.3433,-0.0005,0.3785,-0.0014,2.6248,1.5,1.5
10.667,0.1377,0.0,0.0,0.3513,0.0002,0.3845,0.0005,2.6248,1.5,1.5
10.683,0.1437,0.0,0.0,0.3623,-0.0009,0.3873,-0.0034,2.6248,1.5,1.5
10.683,0.1437,0.0,0.0,0.3623,-0.0009,0.3943,-0.003,2.6248,1.5,1.5
10.7,0.1497,0.0,0.0,0.3636,0.0008,0.4001,-0.0026,2.6248,1.5,1.5
10.7,0.1497,0.0,0.0,0.3636,0.0008,0.4,-0.0049,2.6248,1.5,1.5
10.7,0.1497,0.0,0.0,0.3636,0.0008,0.3999,-0.0027,2.6248,1.5,1.5
10.733,0.1619,0.0,0.0,0.3702,-0.0004,0.4004,0.0015,2.6466,1.5,1.5
10.75,0.1681,0.0,0.0,0.3722,-0.0011,0.3969,0.0022,2.6466,1.5,1.5
10.75,0.1681,0.0,0.0,0.3722,-0.0011,0.399,-0.0037,2.6466,1.5,1.5
10.75,0.1681,0.0,0.0,0.3722,-0.0011,0.3983,-0.0006,2.6466,1.5,1.5
10.783,0.1809,0.0,0.0,0.3867,0.0011,0.3994,-0.0039,2.6466,1.5,1.5
10.783,0.1809,0.0,0.0,0.3867,0.0011,0.4065,-0.0022,2.6466,1.5,1.5
10.8,0.1874,0.0,0.0,0.3976,-0.0008,0.4084,-0.0003,2.6466,1.5,1.5
10.8,0.1874,0.0,0.0,0.3976,-0.0008,0.415,-0.0007,2.6466,1.5,1.5
10.8,0.1874,0.0,0.0,0.3976,-0.0008,0.417,-0.0009,2.5712,1.5,1.5
10.833,0.2008,0.0,0.0,0.4004,-0.0002,0.4203,-0.0008,2.5712,1.5,1.5
10.833,0.2008,0.0,0.0,0.4004,-0.0002,0.4231,-0.0029,2.5712,1.5,1.5
10.833,0.2008,0.0,0.0,0.4004,-0.0002,0.4257,-0.0041,2.5712,1.5,1.5
10.85,0.2074,0.0,0.0,0.398,-0.0007,0.4296,-0.0004,2.5712,1.5,1.5
10.867,0.214,0.0,0.0,0.3991,0.0009,0.4269,0.0012,2.5712,1.5,1.5
10.867,0.214,0.0,0.0,0.3991,0.0009,0.43,0.0009,2.5712,1.5,1.5
10.867,0.214,0.0,0.0,0.3991,0.0009,0.4264,-0.0039,2.5712,1.5,1.5
10.9,0.2274,0.0,0.0,0.4054,-0.0002,0.426,-0.0,2.5712,1.5,1.5
10.9,0.2274,0.0,0.0,0.4054,-0.0002,0.4276,-0.0001,2.5712,1.5,1.5
10.917,0.2342,0.0,0.0,0.4081,-0.0007,0.4297,0.0009,2.5712,1.5,1.5
10.917,0.2342,0.0,0.0,0.4081,-0.0007,0.4351,-0.0012,2.6225,1.5,1.5
10.917,0.2342,0.0,0.0,0.4081,-0.0007,0.4364,0.0006,2.6225,1.5,1.5
10.95,0.2481,0.0,0.0,0.4195,-0.0008,0.439,0.002,2.6225,1.5,1.5
10.967,0.2551,0.0,0.0,0.4246,0.0,0.4412,-0.0017,2.6225,1.5,1.5
10.967,0.2551,0.0,0.0,0.4246,0.0,0.4449,0.0024,2.6225,1.5,1.5
10.967,0.2551,0.0,0.0,0.4246,0.0,0.4437,0.0012,2.6225,1.5,1.5
11.0,0.2693,0.0,0.0,0.4273,-0.0008,0.4447,0.0043,2.6225,1.5,1.5
11.0,0.2693,0.0,0.0,0.4273,-0.0008,0.4459,-0.0016,2.6225,1.5,1.5
11.017,0.2765,0.0,0.0,0.4267,-0.0001,0.4487,-0.0027,2.6225,1.5,1.5
11.033,0.2836,0.0,0.0,0.4262,-0.0016,0.4484,-0.0006,2.6003,1.5,1.5
11.033,0.2836,0.0,0.0,0.4262,-0.0016,0.4502,-0.0023,2.6003,1.5,1.5
11.033,0.2836,0.0,0.0,0.4262,-0.0016,0.4497,-0.0034,2.6003,1.5,1.5
11.067,0.2979,0.0001,0.0,0.4338,-0.0017,0.4503,-0.0005,2.6003,1.5,1.5
11.067,0.2979,0.0001,0.0,0.4338,-0.0017,0.4497,-0.0015,2.6003,1.5,1.5
11.083,0.3052,0.0001,0.0,0.4358,-0.0019,0.4552,-0.002,2.6003,1.5,1.5
11.083,0.3052,0.0001,0.0,0.4358,-0.0019,0.4539,-0.0006,2.6003,1.5,1.5
11.083,0.3052,0.0001,0.0,0.4358,-0.0019,0.4574,0.0027,2.6003,1.5,1.5
11.117,0.3199,0.0001,0.0,0.4434,-0.0022,0.4578,-0.0008,2.6003,1.5,1.5
11.133,0.3273,0.0001,0.0,0.4452,-0.0011,0.4603,-0.0022,2.623,1.5,1.5
11.133,0.3273,0.0001,0.0,0.4452,-0.0011,0.464,-0.0023,2.623,1.5,1.5
11.133,0.3273,0.0001,0.0,0.4452,-0.0011,0.4668,-0.0002,2.623,1.5,1.5
11.167,0.3422,0.0001,-0.0,0.448,-0.0016,0.468,-0.0011,2.623,1.5,1.5
11.167,0.3422,0.0001,-0.0,0.448,-0.0016,0.4671,-0.0009,2.623,1.5,1.5
11.183,0.3497,0.0001,-0.0,0.4496,-0.0024,0.4658,-0.0014,2.623,1.5,1.5
11.2,0.3572,0.0001,0.0,0.4494,-0.002,0.4679,-0.0002,2.623,1.5,1.5
11.2,0.3572,0.0001,0.0,0.4494,-0.002,0.4675,-0.0054,2.623,1.5,1.5
11.2,0.3572,0.0001,0.0,0.4494,-0.002,0.4662,-0.0048,2.623,1.5,1.5
11.233,0.3723,0.0001,0.0,0.4561,-0.0032,0.4681,-0.0021,2.65,1.5,1.5
11.233,0.3723,0.0001,0.0,0.4561,-0.0032,0.4715,0.0017,2.65,1.5,1.5
11.233,0.3723,0.0001,0.0,0.4561,-0.0032,0.4714,-0.0048,2.65,1.5,1.5
11.25,0.3799,0.0001,0.0,0.4571,-0.0018,0.4756,-0.0079,2.65,1.5,1.5
11.25,0.3799,0.0001,0.0,0.4571,-0.0018,0.4781,-0.0061,2.65,1.5,1.5
11.25,0.3799,0.0001,0.0,0.4571,-0.0018,0.4778,-0.0055,2.65,1.5,1.5
11.283,0.3954,0.0001,0.0,0.467,-0.0015,0.4791,-0.0039,2.65,1.5,1.5
11.3,0.4031,0.0001,0.0,0.4658,-0.002,0.4818,-0.0014,2.65,1.5,1.5
11.3,0.4031,0.0001,0.0,0.4658,-0.002,0.4841,0.0025,2.65,1.5,1.5
11.3,0.4031,0.0001,0.0,0.4658,-0.002,0.4838,-0.0022,2.65,1.5,1.5
11.333,0.4187,0.0001,0.0,0.4673,-0.0007,0.4834,-0.0036,2.6108,1.5,1.5
11.333,0.4187,0.0001,0.0,0.4673,-0.0007,0.4856,-0.0024,2.6108,1.5,1.5
11.35,0.4265,0.0001,0.0,0.4705,-0.0039,0.4878,-0.0058,2.6108,1.5,1.5
11.367,0.4344,0.0001,0.0,0.4712,-0.0008,0.4846,-0.0043,2.6108,1.5,1.5
11.367,0.4344,0.0001,0.0,0.4712,-0.0008,0.4835,0.0021,2.6108,1.5,1.5
11.367,0.4344,0.0001,0.0,0.4712,-0.0008,0.4818,0.0022,2.6108,1.5,1.5
11.4,0.4503,0.0001,0.0,0.4775,-0.002,0.4849,0.001,2.6108,1.5,1.5
11.4,0.4503,0.0001,0.0,0.4775,-0.002,0.4866,-0.0002,2.6108,1.5,1.5
11.417,0.4582,0.0001,-0.0007,0.4789,-0.0024,0.4891,-0.0044,2.6108,1.5,1.5
11.417,0.4582,0.0001,-0.0007,0.4789,-0.0024,0.4924,-0.0039,2.6025,1.5,1.5
11.417,0.4582,0.0001,-0.0007,0.4789,-0.0024,0.4927,-0.0048,2.6025,1.5,1.5
11.45,0.4743,0.0001,0.0,0.4838,-0.0011,0.4957,-0.0042,2.6025,1.5,1.5
11.467,0.4824,0.0001,-0.0007,0.4854,-0.002,0.4951,-0.0022,2.6025,1.5,1.5
11.467,0.4824,0.0001,-0.0007,0.4854,-0.002,0.4957,-0.0053,2.6025,1.5,1.5
11.467,0.4824,0.0001,-0.0007,0.4854,-0.002,0.4982,-0.003,2.6025,1.5,1.5
11.5,0.4986,0.0001,0.0,0.4855,-0.0015,0.497,-0.0026,2.6025,1.5,1.5
11.517,0.5067,0.0001,-0.0007,0.4829,-0.0026,0.4976,-0.0057,2.6025,1.5,1.5
11.517,0.5067,0.0001,-0.0007,0.4829,-0.0026,0.4966,-0.0091,2.6025,1.5,1.5
11.533,0.5148,0.0001,-0.0007,0.4849,-0.0011,0.4972,-0.0035,2.6206,1.5,1.5
11.533,0.5148,0.0001,-0.0007,0.4849,-0.0011,0.4951,-0.0031,2.6206,1.5,1.5
11.533,0.5148,0.0001,-0.0007,0.4849,-0.0011,0.4966,0.0007,2.6206,1.5,1.5
11.567,0.5311,0.0001,-0.0007,0.492,-0.0012,0.4983,0.0007,2.6206,1.5,1.5
11.583,0.5393,0.0001,-0.0007,0.493,-0.0006,0.4995,-0.0003,2.6206,1.5,1.5
11.583,0.5393,0.0001,-0.0007,0.493,-0.0006,0.498,0.0012,2.6206,1.5,1.5
11.583,0.5393,0.0001,-0.0007,0.493,-0.0006,0.4988,0.0002,2.6206,1.5,1.5
11.617,0.5558,0.0001,0.0,0.4982,-0.0014,0.4994,0.0018,2.6206,1.5,1.5
11.617,0.5558,0.0001,0.0,0.4982,-0.0014,0.5,0.0015,2.6434,1.5,1.5
11.633,0.5641,0.0001,-0.0007,0.4984,0.0009,0.5,-0.0021,2.6434,1.5,1.5
11.633,0.5641,0.0001,-0.0007,0.4984,0.0009,0.5,0.0005,2.6434,1.5,1.5
11.633,0.5641,0.0001,-0.0007,0.4984,0.0009,0.5,0.0015,2.6434,1.5,1.5
11.667,0.5807,0.0,-0.0007,0.4979,-0.0017,0.5,0.0027,2.6434,1.5,1.5
11.683,0.589,0.0,0.0,0.4974,-0.0014,0.5,-0.001,2.6434,1.5,1.5
11.683,0.589,0.0,0.0,0.4974,-0.0014,0.5,0.002,2.6434,1.5,1.5
11.7,0.5973,0.0,-0.0007,0.4987,-0.0013,0.5,-0.0024,2.6434,1.5,1.5
11.7,0.5973,0.0,-0.0007,0.4987,-0.0013,0.5,-0.0022,2.6434,1.5,1.5
11.7,0.5973,0.0,-0.0007,0.4987,-0.0013,0.5,-0.001,2.6122,1.5,1.5
11.733,0.614,0.0,-0.0007,0.4993,-0.0008,0.5,-0.0035,2.6122,1.5,1.5
11.75,0.6223,0.0,0.0,0.4999,-0.0014,0.5,-0.0037,2.6122,1.5,1.5
11.75,0.6223,0.0,0.0,0.4999,-0.0014,0.5,0.0,2.6122,1.5,1.5
11.75,0.6223,0.0,0.0,0.4999,-0.0014,0.5,-0.0001,2.6122,1.5,1.5
11.783,0.639,-0.0,-0.0007,0.5005,-0.0014,0.5,0.0027,2.6122,1.5,1.5
11.783,0.639,-0.0,-0.0007,0.5005,-0.0014,0.5,0.0058,2.6122,1.5,1.5
11.8,0.6473,-0.0,-0.001,0.5004,-0.0015,0.5,0.0049,2.6122,1.5,1.5
11.8,0.6473,-0.0,-0.001,0.5004,-0.0015,0.5,0.0018,2.6122,1.5,1.5
11.8,0.6473,-0.0,-0.001,0.5004,-0.0015,0.5,0.0003,2.6224,1.5,1.5
11.833,0.664,-0.0,0.0,0.5003,-0.0017,0.5,0.0049,2.6224,1.5,1.5
11.85,0.6723,-0.0,-0.0007,0.5002,-0.0005,0.5,0.0032,2.6224,1.5,1.5
11.85,0.6723,-0.0,-0.0007,0.5002,-0.0005,0.5,0.0029,2.6224,1.5,1.5
11.867,0.6807,-0.0,-0.001,0.5002,-0.0006,0.5,0.0024,2.6224,1.5,1.5
11.867,0.6807,-0.0,-0.001,0.5002,-0.0006,0.5,-0.0005,2.6224,1.5,1.5
11.9,0.6973,-0.0,-0.001,0.5,-0.0015,0.5,0.0012,2.6224,1.5,1.5
11.9,0.6973,-0.0,-0.001,0.5,-0.0015,0.4998,0.0013,2.6224,1.5,1.5
11.917,0.7056,-0.0,-0.001,0.4999,-0.0025,0.5,0.0003,2.6224,1.5,1.5
11.917,0.7056,-0.0,-0.001,0.4999,-0.0025,0.5,0.0001,2.6098,1.5,1.5
11.917,0.7056,-0.0,-0.001,0.4999,-0.0025,0.4992,0.0011,2.6098,1.5,1.5
11.95,0.7223,-0.0,-0.0012,0.4997,-0.0017,0.4999,0.0003,2.6098,1.5,1.5
11.95,0.7223,-0.0,-0.0012,0.4997,-0.0017,0.4999,0.0035,2.6098,1.5,1.5
11.967,0.7306,-0.0001,-0.001,0.4997,-0.0031,0.5,0.0029,2.6098,1.5,1.5
11.967,0.7306,-0.0001,-0.001,0.4997,-0.0031,0.5,-0.001,2.6098,1.5,1.5
12.0,0.7473,-0.0001,-0.0012,0.4996,-0.0023,0.5,0.0003,2.6098,1.5,1.5
12.0,0.7473,-0.0001,-0.0012,0.4996,-0.0023,0.5,-0.0032,2.6098,1.5,1.5
12.017,0.7556,-0.0001,-0.0014,0.4995,-0.0021,0.5,0.0014,2.6098,1.5,1.5
12.017,0.7556,-0.0001,-0.0014,0.4995,-0.0021,0.5,0.0003,2.6084,1.5,1.5
12.033,0.764,-0.0001,-0.0012,0.4994,-0.0024,0.5,-0.0008,2.6084,1.5,1.5
12.033,0.764,-0.0001,-0.0012,0.4994,-0.0024,0.5,0.0011,2.6084,1.5,1.5
12.033,0.764,-0.0001,-0.0012,0.4994,-0.0024,0.5,-0.0042,2.6084,1.5,1.5
12.067,0.7806,-0.0001,-0.0014,0.4989,-0.0024,0.4997,-0.0018,2.6084,1.5,1.5
12.083,0.7889,-0.0001,-0.0014,0.4993,-0.0017,0.5,-0.0022,2.6084,1.5,1.5
12.083,0.7889,-0.0001,-0.0014,0.4993,-0.0017,0.5,0.0035,2.6084,1.5,1.5
12.083,0.7889,-0.0001,-0.0014,0.4993,-0.0017,0.5,0.0014,2.6084,1.5,1.5
12.117,0.8056,-0.0001,-0.0014,0.4996,-0.0017,0.5,0.0009,2.6084,1.5,1.5
12.117,0.8056,-0.0001,-0.0014,0.4996,-0.0017,0.5,-0.0004,2.6235,1.5,1.5
12.133,0.8139,-0.0001,-0.0014,0.4996,-0.0014,0.5,0.0023,2.6235,1.5,1.5
12.133,0.8139,-0.0001,-0.0014,0.4996,-0.0014,0.5,0.0049,2.6235,1.5,1.5
12.167,0.8306,-0.0001,-0.0015,0.4998,-0.0015,0.5,0.0041,2.6235,1.5,1.5
12.167,0.8306,-0.0001,-0.0015,0.4998,-0.0015,0.5,0.0068,2.6235,1.5,1.5
12.183,0.8389,-0.0001,-0.0015,0.4998,-0.0012,0.5,0.0034,2.6235,1.5,1.5
12.183,0.8389,-0.0001,-0.0015,0.4998,-0.0012,0.5,0.003,2.6235,1.5,1.5
12.2,0.8472,-0.0001,-0.0014,0.4997,-0.0024,0.5,0.0005,2.6235,1.5,1.5
12.2,0.8472,-0.0001,-0.0014,0.4997,-0.0024,0.5,-0.0011,2.6235,1.5,1.5
12.233,0.8639,-0.0002,-0.0014,0.5,-0.0016,0.5,-0.0004,2.6324,1.5,1.5
12.233,0.8639,-0.0002,-0.0014,0.5,-0.0016,0.5,0.0059,2.6324,1.5,1.5
12.25,0.8722,-0.0002,-0.0012,0.5001,-0.0016,0.5,0.0035,2.6324,1.5,1.5
12.25,0.8722,-0.0002,-0.0012,0.5001,-0.0016,0.5,0.0024,2.6324,1.5,1.5
12.25,0.8722,-0.0002,-0.0012,0.5001,-0.0016,0.5,0.0011,2.6324,1.5,1.5
12.283,0.8889,-0.0002,-0.0014,0.5003,-0.0018,0.4996,0.0011,2.6324,1.5,1.5
12.3,0.8973,-0.0002,-0.0014,0.5003,-0.0015,0.4999,0.0055,2.6324,1.5,1.5
12.3,0.8973,-0.0002,-0.0014,0.5003,-0.0015,0.5,0.0039,2.6324,1.5,1.5
12.3,0.8973,-0.0002,-0.0014,0.5003,-0.0015,0.5,0.0053,2.6324,1.5,1.5
12.333,0.914,-0.0003,-0.0012,0.5005,-0.0,0.5,0.0,2.6124,1.5,1.5
12.333,0.914,-0.0003,-0.0012,0.5005,-0.0,0.5,-0.0007,2.6124,1.5,1.5
12.35,0.9223,-0.0003,-0.0014,0.5005,0.0011,0.5,0.0017,2.6124,1.5,1.5
12.367,0.9306,-0.0003,-0.001,0.5005,-0.0002,0.5,-0.0005,2.6124,1.5,1.5
12.367,0.9306,-0.0003,-0.001,0.5005,-0.0002,0.5,0.0011,2.6124,1.5,1.5
12.367,0.9306,-0.0003,-0.001,0.5005,-0.0002,0.5,0.0014,2.6124,1.5,1.5
12.4,0.9473,-0.0003,-0.0012,0.5006,0.0012,0.5,0.0051,2.6124,1.5,1.5
12.4,0.9473,-0.0003,-0.0012,0.5006,0.0012,0.5,0.0022,2.6124,1.5,1.5
12.417,0.9557,-0.0003,-0.001,0.5004,0.0015,0.5,-0.0012,2.6124,1.5,1.5
12.417,0.9557,-0.0003,-0.001,0.5004,0.0015,0.5,-0.0006,2.6393,1.5,1.5
12.417,0.9557,-0.0003,-0.001,0.5004,0.0015,0.5,0.0002,2.6393,1.5,1.5
12.45,0.9724,-0.0004,-0.001,0.5008,0.0008,0.5,0.0008,2.6393,1.5,1.5
12.45,0.9724,-0.0004,-0.001,0.5008,0.0008,0.5,0.0031,2.6393,1.5,1.5
12.467,0.9807,-0.0004,-0.001,0.501,0.002,0.5,0.0029,2.6393,1.5,1.5
12.467,0.9807,-0.0004,-0.001,0.501,0.002,0.5,0.0052,2.6393,1.5,1.5
12.467,0.9807,-0.0004,-0.001,0.501,0.002,0.5,0.005,2.6393,1.5,1.5
12.5,0.9974,-0.0004,-0.001,0.5007,0.0025,0.5,0.0047,2.6393,1.5,1.5
12.517,1.0058,-0.0005,-0.0007,0.5007,0.0015,0.5,0.0059,2.6393,1.5,1.5
12.517,1.0058,-0.0005,-0.0007,0.5007,0.0015,0.5,0.0041,2.61,1.5,1.5
12.533,1.0141,-0.0005,-0.001,0.5007,0.0033,0.5,0.0032,2.61,1.5,1.5
12.533,1.0141,-0.0005,-0.001,0.5007,0.0033,0.5,0.0027,2.61,1.5,1.5
12.567,1.0308,-0.0005,-0.001,0.5006,0.0027,0.5,0.0044,2.61,1.5,1.5
12.567,1.0308,-0.0005,-0.001,0.5006,0.0027,0.5,0.0033,2.61,1.5,1.5
12.583,1.0391,-0.0005,-0.0007,0.5006,0.0027,0.5,0.0081,2.61,1.5,1.5
12.583,1.0391,-0.0005,-0.0007,0.5006,0.0027,0.5,0.0065,2.61,1.5,1.5
12.583,1.0391,-0.0005,-0.0007,0.5006,0.0027,0.5,0.0079,2.61,1.5,1.5
12.617,1.0558,-0.0005,-0.0007,0.5004,0.0017,0.5,0.0046,2.61,1.5,1.5
12.633,1.0642,-0.0006,-0.0007,0.5004,0.0022,0.5,0.0074,2.6366,1.5,1.5
12.633,1.0642,-0.0006,-0.0007,0.5004,0.0022,0.5,0.0064,2.6366,1.5,1.5
12.633,1.0642,-0.0006,-0.0007,0.5004,0.0022,0.5,0.0046,2.6366,1.5,1.5
12.667,1.0808,-0.0006,-0.0007,0.5002,0.0022,0.5,0.0023,2.6366,1.5,1.5
12.667,1.0808,-0.0006,-0.0007,0.5002,0.0022,0.5,0.0004,2.6366,1.5,1.5
12.683,1.0892,-0.0006,0.0,0.5002,0.0018,0.5,-0.0021,2.6366,1.5,1.5
12.7,1.0975,-0.0006,0.0,0.5001,0.0022,0.5,0.0022,2.6366,1.5,1.5
12.7,1.0975,-0.0006,0.0,0.5001,0.0022,0.5,0.0029,2.6366,1.5,1.5
12.7,1.0975,-0.0006,0.0,0.5001,0.0022,0.5,0.0025,2.6366,1.5,1.5
12.733,1.1142,-0.0006,0.0,0.4999,0.0013,0.4998,0.0051,2.6412,1.5,1.5
12.733,1.1142,-0.0006,0.0,0.4999,0.0013,0.5,0.0053,2.6412,1.5,1.5
12.75,1.1225,-0.0006,-0.0007,0.4998,0.0021,0.5,0.0031,2.6412,1.5,1.5
12.75,1.1225,-0.0006,-0.0007,0.4998,0.0021,0.5,0.0032,2.6412,1.5,1.5
12.75,1.1225,-0.0006,-0.0007,0.4998,0.0021,0.5,0.0013,2.6412,1.5,1.5
12.783,1.1392,-0.0007,0.0,0.4998,0.002,0.5,-0.0027,2.6412,1.5,1.5
12.8,1.1475,-0.0007,-0.0007,0.4996,0.0021,0.5,-0.001,2.6412,1.5,1.5
12.8,1.1475,-0.0007,-0.0007,0.4996,0.0021,0.4996,0.0035,2.6412,1.5,1.5
12.8,1.1475,-0.0007,-0.0007,0.4996,0.0021,0.4999,0.0043,2.6111,1.5,1.5
12.833,1.1642,-0.0007,0.0,0.4995,0.0009,0.5,0.0012,2.6111,1.5,1.5
12.833,1.1642,-0.0007,0.0,0.4995,0.0009,0.5,0.0015,2.6111,1.5,1.5
12.85,1.1725,-0.0007,0.0,0.4995,0.0008,0.5,-0.0025,2.6111,1.5,1.5
12.867,1.1808,-0.0007,0.0,0.4993,0.0011,0.4998,0.0012,2.6111,1.5,1.5
12.867,1.1808,-0.0007,0.0,0.4993,0.0011,0.5,-0.0001,2.6111,1.5,1.5
12.867,1.1808,-0.0007,0.0,0.4993,0.0011,0.5,0.0015,2.6111,1.5,1.5
12.9,1.1975,-0.0007,0.0,0.4995,0.0006,0.5,0.0019,2.6111,1.5,1.5
12.917,1.2058,-0.0007,0.0,0.4996,0.0012,0.5,-0.0012,2.6111,1.5,1.5
12.917,1.2058,-0.0007,0.0,0.4996,0.0012,0.5,0.0022,2.6111,1.5,1.5
12.917,1.2058,-0.0007,0.0,0.4996,0.0012,0.5,0.0053,2.6419,1.5,1.5
12.95,1.2224,-0.0007,0.0,0.4995,0.0007,0.5,0.0044,2.6419,1.5,1.5
12.95,1.2224,-0.0007,0.0,0.4995,0.0007,0.5,0.0026,2.6419,1.5,1.5
12.967,1.2308,-0.0007,0.0,0.4997,0.0012,0.5,-0.0038,2.6419,1.5,1.5
12.967,1.2308,-0.0007,0.0,0.4997,0.0012,0.4994,-0.0011,2.6419,1.5,1.5
12.967,1.2308,-0.0007,0.0,0.4997,0.0012,0.499,0.0003,2.6419,1.5,1.5
13.0,1.2474,-0.0008,0.0,0.4996,0.0005,0.4998,0.0037,2.6419,1.5,1.5
13.017,1.2558,-0.0008,0.0,0.4999,0.0011,0.4998,0.0035,2.6419,1.5,1.5
13.017,1.2558,-0.0008,0.0,0.4999,0.0011,0.5,0.0029,2.6236,1.5,1.5
13.033,1.2641,-0.0008,0.0,0.5,0.001,0.5,0.0016,2.6236,1.5,1.5
13.033,1.2641,-0.0008,0.0,0.5,0.001,0.4999,0.0027,2.6236,1.5,1.5
13.033,1.2641,-0.0008,0.0,0.5,0.001,0.5,0.0015,2.6236,1.5,1.5
13.067,1.2808,-0.0008,0.0,0.5001,0.0006,0.5,-0.0004,2.6236,1.5,1.5
13.083,1.2891,-0.0008,0.0,0.5002,0.0014,0.5,0.0029,2.6236,1.5,1.5
13.083,1.2891,-0.0008,0.0,0.5002,0.0014,0.5,-0.0001,2.6236,1.5,1.5
13.083,1.2891,-0.0008,0.0,0.5002,0.0014,0.5,0.0012,2.6236,1.5,1.5
13.117,1.3058,-0.0008,0.0,0.4994,0.002,0.5,-0.0019,2.6236,1.5,1.5
13.117,1.3058,-0.0008,0.0,0.4994,0.002,0.5,-0.0019,2.6236,1.5,1.5
13.133,1.3141,-0.0008,0.0,0.5,0.0017,0.5,-0.0003,2.6781,1.5,1.5
13.133,1.3141,-0.0008,0.0,0.5,0.0017,0.5,0.0,2.6781,1.5,1.5
13.133,1.3141,-0.0008,0.0,0.5,0.0017,0.5,0.0003,2.6781,1.5,1.5
13.167,1.3308,-0.0009,0.0,0.5005,0.003,0.5,0.0035,2.6781,1.5,1.5
13.183,1.3392,-0.0009,0.0,0.5006,0.0028,0.5,0.0063,2.6781,1.5,1.5
13.183,1.3392,-0.0009,0.0,0.5006,0.0028,0.5,0.0071,2.6781,1.5,1.5
13.2,1.3475,-0.0009,0.0,0.5006,0.004,0.5,0.0021,2.6781,1.5,1.5
13.2,1.3475,-0.0009,0.0,0.5006,0.004,0.5,0.0029,2.6781,1.5,1.5
13.2,1.3475,-0.0009,0.0,0.5006,0.004,0.5,0.0073,2.6198,1.5,1.5
13.233,1.3642,-0.0009,0.0,0.5007,0.0034,0.5,0.0077,2.6198,1.5,1.5
13.25,1.3725,-0.0009,0.0,0.5007,0.0041,0.5,0.0065,2.6198,1.5,1.5
13.25,1.3725,-0.0009,0.0,0.5007,0.0041,0.5,0.0058,2.6198,1.5,1.5
13.25,1.3725,-0.0009,0.0,0.5007,0.0041,0.4998,0.0036,2.6198,1.5,1.5
13.283,1.3892,-0.0009,0.0,0.5008,0.0042,0.5,0.0031,2.6198,1.5,1.5
13.283,1.3892,-0.0009,0.0,0.5008,0.0042,0.5,0.0064,2.6198,1.5,1.5
13.3,1.3976,-0.0009,0.0,0.5008,0.0024,0.5,0.0074,2.6198,1.5,1.5
13.3,1.3976,-0.0009,0.0,0.5008,0.0024,0.5,0.0062,2.6198,1.5,1.5
13.3,1.3976,-0.0009,0.0,0.5008,0.0024,0.5,0.0044,2.6084,1.5,1.5
13.333,1.4143,-0.0009,0.0,0.5007,0.0045,0.5,0.0046,2.6084,1.5,1.5
13.35,1.4226,-0.0009,0.0,0.5007,0.0028,0.5,0.0059,2.6084,1.5,1.5
13.35,1.4226,-0.0009,0.0,0.5007,0.0028,0.5,0.0042,2.6084,1.5,1.5
13.367,1.431,-0.001,0.0007,0.5007,0.0036,0.5,0.0096,2.6084,1.5,1.5
13.367,1.431,-0.001,0.0007,0.5007,0.0036,0.5,0.012,2.6084,1.5,1.5
13.4,1.4477,-0.001,0.0,0.5004,0.0043,0.5,0.0084,2.6084,1.5,1.5
13.4,1.4477,-0.001,0.0,0.5004,0.0043,0.5,0.0041,2.6084,1.5,1.5
13.417,1.456,-0.001,0.0,0.5004,0.0041,0.5,0.0075,2.6084,1.5,1.5
13.417,1.456,-0.001,0.0,0.5004,0.0041,0.5,0.0075,2.683,1.5,1.5
13.417,1.456,-0.001,0.0,0.5004,0.0041,0.5,0.0061,2.683,1.5,1.5
13.417,1.456,-0.001,0.0,0.5004,0.0041,0.5,0.0057,2.683,1.5,1.5
13.45,1.4727,-0.001,0.0007,0.5004,0.004,0.5,0.0059,2.683,1.5,1.5
13.45,1.4727,-0.001,0.0007,0.5004,0.004,0.5,0.0081,2.683,1.5,1.5
13.467,1.481,-0.001,0.001,0.5003,0.0042,0.5,0.0097,2.683,1.5,1.5
13.467,1.481,-0.001,0.001,0.5003,0.0042,0.5,0.0074,2.683,1.5,1.5
13.467,1.481,-0.001,0.001,0.5003,0.0042,0.5,0.0047,2.683,1.5,1.5
13.5,1.4977,-0.001,0.0007,0.5001,0.0029,0.5,0.0068,2.683,1.5,1.5
13.517,1.506,-0.001,0.001,0.5001,0.005,0.5,0.0019,2.683,1.5,1.5
13.517,1.506,-0.001,0.001,0.5001,0.005,0.5,0.0068,2.616,1.5,1.5
13.533,1.5144,-0.001,0.001,0.5,0.0029,0.5,0.0034,2.616,1.5,1.5
13.533,1.5144,-0.001,0.001,0.5,0.0029,0.5,0.0014,2.616,1.5,1.5
13.533,1.5144,-0.001,0.001,0.5,0.0029,0.4999,0.0015,2.616,1.5,1.5
13.567,1.531,-0.001,0.0012,0.4999,0.0038,0.5,0.0073,2.616,1.5,1.5
13.583,1.5394,-0.001,0.0012,0.4998,0.0036,0.4999,0.0056,2.616,1.5,1.5
13.583,1.5394,-0.001,0.0012,0.4998,0.0036,0.5,0.0049,2.616,1.5,1.5
13.583,1.5394,-0.001,0.0012,0.4998,0.0036,0.5,0.0057,2.616,1.5,1.5
13.617,1.556,-0.001,0.0012,0.4998,0.0032,0.5,0.0031,2.616,1.5,1.5
13.617,1.556,-0.001,0.0012,0.4998,0.0032,0.5,0.0026,2.6387,1.5,1.5
13.633,1.5643,-0.001,0.0014,0.4996,0.0042,0.5,0.0025,2.6387,1.5,1.5
13.633,1.5643,-0.001,0.0014,0.4996,0.0042,0.5,0.0024,2.6387,1.5,1.5
13.633,1.5643,-0.001,0.0014,0.4996,0.0042,0.5,0.0002,2.6387,1.5,1.5
13.667,1.581,-0.0009,0.0014,0.4995,0.0038,0.5,-0.0013,2.6387,1.5,1.5
13.667,1.581,-0.0009,0.0014,0.4995,0.0038,0.5,-0.0006,2.6387,1.5,1.5
13.683,1.5893,-0.0009,0.0014,0.4994,0.0031,0.4996,0.0044,2.6387,1.5,1.5
13.683,1.5893,-0.0009,0.0014,0.4994,0.0031,0.4999,0.0036,2.6387,1.5,1.5
13.7,1.5976,-0.0009,0.0015,0.4995,0.0016,0.5,0.0032,2.6387,1.5,1.5
13.7,1.5976,-0.0009,0.0015,0.4995,0.0016,0.5,0.002,2.6387,1.5,1.5
13.7,1.5976,-0.0009,0.0015,0.4995,0.0016,0.5,0.0042,2.6387,1.5,1.5
13.733,1.6143,-0.0009,0.0017,0.4996,0.003,0.5,0.0057,2.5933,1.5,1.5
13.75,1.6226,-0.0009,0.0017,0.4996,0.0025,0.5,0.0028,2.5933,1.5,1.5
13.75,1.6226,-0.0009,0.0017,0.4996,0.0025,0.5,0.0016,2.5933,1.5,1.5
13.75,1.6226,-0.0009,0.0017,0.4996,0.0025,0.5,-0.0002,2.5933,1.5,1.5
13.783,1.6393,-0.0009,0.0018,0.4997,0.0032,0.5,0.0012,2.5933,1.5,1.5
13.783,1.6393,-0.0009,0.0018,0.4997,0.0032,0.5,0.0037,2.5933,1.5,1.5
13.8,1.6476,-0.0009,0.0018,0.4995,0.0016,0.5,0.0042,2.5933,1.5,1.5
13.8,1.6476,-0.0009,0.0018,0.4995,0.0016,0.5,0.0057,2.5933,1.5,1.5
13.8,1.6476,-0.0009,0.0018,0.4995,0.0016,0.5,0.0046,2.6134,1.5,1.5
13.833,1.6643,-0.0009,0.002,0.4999,0.0027,0.5,0.0024,2.6134,1.5,1.5
13.833,1.6643,-0.0009,0.002,0.4999,0.0027,0.5,0.0001,2.6134,1.5,1.5
13.85,1.6726,-0.0009,0.0021,0.5,0.0025,0.5,0.0008,2.6134,1.5,1.5
13.867,1.681,-0.0009,0.002,0.5001,0.0026,0.5,0.0038,2.6134,1.5,1.5
13.867,1.681,-0.0009,0.002,0.5001,0.0026,0.5,0.0062,2.6134,1.5,1.5
13.867,1.681,-0.0009,0.002,0.5001,0.0026,0.5,0.003,2.6134,1.5,1.5
13.9,1.6976,-0.0008,0.0023,0.5002,0.0039,0.5,0.0057,2.6134,1.5,1.5
13.9,1.6976,-0.0008,0.0023,0.5002,0.0039,0.5,0.0038,2.6134,1.5,1.5
13.917,1.706,-0.0008,0.0024,0.5003,0.0035,0.5,0.0049,2.6134,1.5,1.5
13.917,1.706,-0.0008,0.0024,0.5003,0.0035,0.5,0.0005,2.6576,1.5,1.5
13.917,1.706,-0.0008,0.0024,0.5003,0.0035,0.5,-0.0008,2.6576,1.5,1.5
13.95,1.7227,-0.0008,0.0024,0.5004,0.0038,0.4999,0.002,2.6576,1.5,1.5
13.967,1.731,-0.0008,0.0026,0.5005,0.0048,0.4998,-0.0012,2.6576,1.5,1.5
13.967,1.731,-0.0008,0.0026,0.5005,0.0048,0.5,0.0014,2.6576,1.5,1.5
13.967,1.731,-0.0008,0.0026,0.5005,0.0048,0.5,0.0005,2.6576,1.5,1.5
14.0,1.7477,-0.0008,0.0028,0.5006,0.0041,0.5,0.0029,2.6576,1.5,1.5
14.017,1.7561,-0.0008,0.0028,0.5006,0.0049,0.5,0.0019,2.6576,1.5,1.5
14.017,1.7561,-0.0008,0.0028,0.5006,0.0049,0.5,0.0019,2.5926,1.5,1.5
14.033,1.7644,-0.0008,0.0028,0.5006,0.0047,0.5,0.0043,2.5926,1.5,1.5
14.033,1.7644,-0.0008,0.0028,0.5006,0.0047,0.5,0.005,2.5926,1.5,1.5
14.033,1.7644,-0.0008,0.0028,0.5006,0.0047,0.5,0.0047,2.5926,1.5,1.5
14.067,1.7811,-0.0008,0.0031,0.5008,0.006,0.4995,0.0059,2.5926,1.5,1.5
14.083,1.7895,-0.0008,0.0032,0.5008,0.0054,0.4999,0.0051,2.5926,1.5,1.5
14.083,1.7895,-0.0008,0.0032,0.5008,0.0054,0.5,0.0009,2.5926,1.5,1.5
14.083,1.7895,-0.0008,0.0032,0.5008,0.0054,0.5,0.0051,2.5926,1.5,1.5
14.117,1.8061,-0.0007,0.0033,0.5008,0.0066,0.5,0.0023,2.5926,1.5,1.5
14.117,1.8061,-0.0007,0.0033,0.5008,0.0066,0.5,0.0055,2.5926,1.5,1.5
14.133,1.8145,-0.0007,0.0034,0.5008,0.005,0.5,0.0062,2.6416,1.5,1.5
14.133,1.8145,-0.0007,0.0034,0.5008,0.005,0.5,0.0066,2.6416,1.5,1.5
14.133,1.8145,-0.0007,0.0034,0.5008,0.005,0.5,0.0062,2.6416,1.5,1.5
14.167,1.8312,-0.0007,0.0036,0.5007,0.0047,0.5,0.0036,2.6416,1.5,1.5
14.183,1.8395,-0.0007,0.0036,0.5007,0.0051,0.5,0.0016,2.6416,1.5,1.5
14.183,1.8395,-0.0007,0.0036,0.5007,0.0051,0.4994,0.0056,2.6416,1.5,1.5
14.2,1.8479,-0.0006,0.0037,0.5002,0.0047,0.4999,0.0066,2.6416,1.5,1.5
14.2,1.8479,-0.0006,0.0037,0.5002,0.0047,0.4999,0.0038,2.6416,1.5,1.5
14.2,1.8479,-0.0006,0.0037,0.5002,0.0047,0.5,0.0047,2.5853,1.5,1.5
14.233,1.8646,-0.0006,0.0038,0.5005,0.0042,0.5,0.0052,2.5853,1.5,1.5
14.25,1.8729,-0.0006,0.0038,0.5004,0.0055,0.5,0.0015,2.5853,1.5,1.5
14.25,1.8729,-0.0006,0.0038,0.5004,0.0055,0.5,0.0034,2.5853,1.5,1.5
14.25,1.8729,-0.0006,0.0038,0.5004,0.0055,0.5,0.006,2.5853,1.5,1.5
14.283,1.8896,-0.0005,0.004,0.5003,0.0045,0.5,0.007,2.5853,1.5,1.5
14.283,1.8896,-0.0005,0.004,0.5003,0.0045,0.4999,0.0106,2.5853,1.5,1.5
14.3,1.8979,-0.0005,0.0041,0.5002,0.0053,0.5,0.0039,2.5853,1.5,1.5
14.3,1.8979,-0.0005,0.0041,0.5002,0.0053,0.5,-0.0009,2.5853,1.5,1.5
14.3,1.8979,-0.0005,0.0041,0.5002,0.0053,0.5,-0.0016,2.5946,1.5,1.5
14.333,1.9146,-0.0005,0.0042,0.4999,0.0039,0.5,0.001,2.5946,1.5,1.5
14.35,1.9229,-0.0004,0.0042,0.4999,0.0042,0.5,-0.0005,2.5946,1.5,1.5
14.35,1.9229,-0.0004,0.0042,0.4999,0.0042,0.5,0.0007,2.5946,1.5,1.5
14.367,1.9312,-0.0004,0.0043,0.4999,0.0034,0.5,0.0001,2.5946,1.5,1.5
14.367,1.9312,-0.0004,0.0043,0.4999,0.0034,0.5,-0.0019,2.5946,1.5,1.5
14.367,1.9312,-0.0004,0.0043,0.4999,0.0034,0.5,-0.0025,2.5946,1.5,1.5
14.4,1.9479,-0.0004,0.0043,0.4998,0.0024,0.5,-0.0013,2.5946,1.5,1.5
14.417,1.9562,-0.0003,0.0044,0.4998,0.0026,0.5,0.0016,2.5946,1.5,1.5
14.417,1.9562,-0.0003,0.0044,0.4998,0.0026,0.5,0.005,2.5891,1.5,1.5
14.417,1.9562,-0.0003,0.0044,0.4998,0.0026,0.5,0.0017,2.5891,1.5,1.5
14.45,1.9729,-0.0003,0.0044,0.4996,0.003,0.4999,0.001,2.5891,1.5,1.5
14.45,1.9729,-0.0003,0.0044,0.4996,0.003,0.5,-0.0014,2.5891,1.5,1.5
14.467,1.9812,-0.0002,0.0044,0.4995,0.003,0.5,-0.001,2.5891,1.5,1.5
14.467,1.9812,-0.0002,0.0044,0.4995,0.003,0.4998,-0.0029,2.5891,1.5,1.5
14.467,1.9812,-0.0002,0.0044,0.4995,0.003,0.5,-0.0013,2.5891,1.5,1.5
14.5,1.9979,-0.0002,0.0045,0.4995,0.0028,0.5,-0.0046,2.5891,1.5,1.5
14.5,1.9979,-0.0002,0.0045,0.4995,0.0028,0.5,-0.0038,2.5891,1.5,1.5
14.517,2.0062,-0.0001,0.0045,0.4995,0.0031,0.5,-0.0024,2.5891,1.5,1.5
14.533,2.0145,-0.0001,0.0045,0.4995,0.0018,0.5,0.0006,2.6162,1.5,1.5
14.533,2.0145,-0.0001,0.0045,0.4995,0.0018,0.5,-0.0023,2.6162,1.5,1.5
14.533,2.0145,-0.0001,0.0045,0.4995,0.0018,0.5,-0.0034,2.6162,1.5,1.5
14.567,2.0312,-0.0,0.0046,0.4996,0.002,0.5,-0.0036,2.6162,1.5,1.5
14.567,2.0312,-0.0,0.0046,0.4996,0.002,0.5,-0.0001,2.6162,1.5,1.5
14.583,2.0395,0.0,0.0047,0.4996,0.0017,0.4997,0.0046,2.6162,1.5,1.5
14.583,2.0395,0.0,0.0047,0.4996,0.0017,0.4999,0.0081,2.6162,1.5,1.5
14.617,2.0562,0.0001,0.0047,0.4997,0.001,0.5,0.0077,2.6162,1.5,1.5
14.617,2.0562,0.0001,0.0047,0.4997,0.001,0.5,0.0057,2.5822,1.5,1.5
14.633,2.0645,0.0001,0.0047,0.4998,0.0022,0.5,0.0002,2.5822,1.5,1.5
14.633,2.0645,0.0001,0.0047,0.4998,0.0022,0.5,-0.0005,2.5822,1.5,1.5
14.633,2.0645,0.0001,0.0047,0.4998,0.0022,0.5,0.0023,2.5822,1.5,1.5
14.667,2.0812,0.0002,0.0047,0.5,0.0007,0.5,0.002,2.5822,1.5,1.5
14.683,2.0895,0.0002,0.0047,0.5001,0.0024,0.4998,0.0002,2.5822,1.5,1.5
14.683,2.0895,0.0002,0.0047,0.5001,0.0024,0.5,-0.0003,2.5822,1.5,1.5
14.7,2.0978,0.0003,0.0048,0.5001,0.0018,0.5,0.0007,2.5822,1.5,1.5
14.7,2.0978,0.0003,0.0048,0.5001,0.0018,0.5,-0.0016,2.5822,1.5,1.5
14.7,2.0978,0.0003,0.0048,0.5001,0.0018,0.5,-0.0025,2.5822,1.5,1.5
14.733,2.1145,0.0003,0.0049,0.5002,-0.0001,0.5,-0.0047,2.5813,1.5,1.5
14.75,2.1229,0.0004,0.0049,0.5003,0.0011,0.5,-0.0066,2.5813,1.5,1.5
14.75,2.1229,0.0004,0.0049,0.5003,0.0011,0.5,-0.0039,2.5813,1.5,1.5
14.75,2.1229,0.0004,0.0049,0.5003,0.0011,0.5,-0.004,2.5813,1.5,1.5
14.783,2.1395,0.0004,0.005,0.5005,0.0019,0.5,0.003,2.5813,1.5,1.5
14.783,2.1395,0.0004,0.005,0.5005,0.0019,0.5,-0.0021,2.5813,1.5,1.5
14.8,2.1479,0.0005,0.0051,0.5003,0.0033,0.5,-0.0016,2.5813,1.5,1.5
14.8,2.1479,0.0005,0.0051,0.5003,0.0033,0.5,-0.0017,2.5813,1.5,1.5
14.8,2.1479,0.0005,0.0051,0.5003,0.0033,0.5,-0.0005,2.5569,1.5,1.5
14.833,2.1646,0.0005,0.0053,0.5006,0.0037,0.5,0.0014,2.5569,1.5,1.5
14.85,2.1729,0.0006,0.0053,0.5006,0.0044,0.5,0.0004,2.5569,1.5,1.5
14.85,2.1729,0.0006,0.0053,0.5006,0.0044,0.5,0.003,2.5569,1.5,1.5
14.867,2.1813,0.0006,0.0053,0.5007,0.0037,0.4997,0.0043,2.5569,1.5,1.5
14.867,2.1813,0.0006,0.0053,0.5007,0.0037,0.5,0.0024,2.5569,1.5,1.5
14.9,2.198,0.0007,0.0054,0.5009,0.0029,0.5,0.0012,2.5569,1.5,1.5
14.9,2.198,0.0007,0.0054,0.5009,0.0029,0.5,0.0015,2.5569,1.5,1.5
14.917,2.2063,0.0007,0.0054,0.5008,0.0024,0.5,0.0003,2.5569,1.5,1.5
14.917,2.2063,0.0007,0.0054,0.5008,0.0024,0.5,-0.0012,2.5614,1.5,1.5
14.917,2.2063,0.0007,0.0054,0.5008,0.0024,0.5,-0.0039,2.5614,1.5,1.5
14.95,2.223,0.0008,0.0055,0.5008,0.003,0.5,-0.0004,2.5614,1.5,1.5
14.95,2.223,0.0008,0.0055,0.5008,0.003,0.5,-0.0,2.5614,1.5,1.5
14.967,2.2314,0.0008,0.0055,0.5007,0.0025,0.5,-0.0014,2.5614,1.5,1.5
14.967,2.2314,0.0008,0.0055,0.5007,0.0025,0.5,0.0016,2.5614,1.5,1.5
14.967,2.2314,0.0008,0.0055,0.5007,0.0025,0.5,0.0016,2.5614,1.5,1.5
15.0,2.2481,0.0009,0.0056,0.5007,0.0022,0.5,-0.0035,2.5614,1.5,1.5
15.017,2.2564,0.0009,0.0056,0.5006,0.0031,0.5,-0.0029,2.5614,1.5,1.5
15.017,2.2564,0.0009,0.0056,0.5006,0.0031,0.5,-0.0032,2.576,1.5,1.5
15.033,2.2647,0.001,0.0057,0.5006,0.0026,0.5,-0.0005,2.576,1.5,1.5
15.033,2.2647,0.001,0.0057,0.5006,0.0026,0.5,0.0011,2.576,1.5,1.5
15.033,2.2647,0.001,0.0057,0.5006,0.0026,0.5,-0.0015,2.576,1.5,1.5
15.067,2.2814,0.0011,0.0057,0.5005,0.0033,0.5,0.0018,2.576,1.5,1.5
15.083,2.2898,0.0011,0.0057,0.5004,0.002,0.5,0.0042,2.576,1.5,1.5
15.083,2.2898,0.0011,0.0057,0.5004,0.002,0.5,0.0018,2.576,1.5,1.5
15.083,2.2898,0.0011,0.0057,0.5004,0.002,0.5,-0.0003,2.576,1.5,1.5
15.117,2.3064,0.0012,0.0057,0.5002,0.0017,0.5,0.0005,2.576,1.5,1.5
15.117,2.3064,0.0012,0.0057,0.5002,0.0017,0.5,0.0001,2.576,1.5,1.5
15.133,2.3148,0.0013,0.0057,0.5001,0.0025,0.5,0.0024,2.6033,1.5,1.5
15.133,2.3148,0.0013,0.0057,0.5001,0.0025,0.5,0.0017,2.6033,1.5,1.5
15.133,2.3148,0.0013,0.0057,0.5001,0.0025,0.5,-0.0012,2.6033,1.5,1.5
15.167,2.3314,0.0013,0.0057,0.5,0.0008,0.4998,-0.0037,2.6033,1.5,1.5
15.183,2.3398,0.0014,0.0057,0.4999,0.0011,0.5,-0.0045,2.6033,1.5,1.5
15.183,2.3398,0.0014,0.0057,0.4999,0.0011,0.5,-0.0054,2.6033,1.5,1.5
15.2,2.3481,0.0014,0.0057,0.4999,-0.0005,0.5,-0.0027,2.6033,1.5,1.5
15.2,2.3481,0.0014,0.0057,0.4999,-0.0005,0.4999,0.0021,2.6033,1.5,1.5
15.2,2.3481,0.0014,0.0057,0.4999,-0.0005,0.5,0.0013,2.5644,1.5,1.5
15.233,2.3648,0.0015,0.0057,0.4997,0.0007,0.5,0.0006,2.5644,1.5,1.5
15.25,2.3731,0.0016,0.0057,0.4996,-0.0003,0.5,0.0014,2.5644,1.5,1.5
15.25,2.3731,0.0016,0.0057,0.4996,-0.0003,0.5,-0.0002,2.5644,1.5,1.5
15.25,2.3731,0.0016,0.0057,0.4996,-0.0003,0.5,-0.0014,2.5644,1.5,1.5
15.283,2.3897,0.0017,0.0057,0.4995,0.0002,0.5,-0.0012,2.5644,1.5,1.5
15.283,2.3897,0.0017,0.0057,0.4995,0.0002,0.5,-0.0016,2.5644,1.5,1.5
15.3,2.3981,0.0017,0.0057,0.4995,-0.0002,0.5,0.0005,2.5644,1.5,1.5
15.3,2.3981,0.0017,0.0057,0.4995,-0.0002,0.5,0.0003,2.5644,1.5,1.5
15.3,2.3981,0.0017,0.0057,0.4995,-0.0002,0.5,-0.0034,2.5644,1.5,1.5
15.333,2.4147,0.0019,0.0056,0.4995,-0.0011,0.5,-0.0033,2.6582,1.5,1.5
15.35,2.4231,0.0019,0.0057,0.4995,-0.0022,0.5,-0.0005,2.6582,1.5,1.5
15.35,2.4231,0.0019,0.0057,0.4995,-0.0022,0.5,-0.0006,2.6582,1.5,1.5
15.367,2.4314,0.002,0.0056,0.4995,-0.0019,0.4999,-0.0006,2.6582,1.5,1.5
15.367,2.4314,0.002,0.0056,0.4995,-0.0019,0.5,-0.0021,2.6582,1.5,1.5
15.367,2.4314,0.002,0.0056,0.4995,-0.0019,0.5,-0.0049,2.6582,1.5,1.5
15.4,2.448,0.0021,0.0055,0.4996,-0.0009,0.5,-0.0009,2.6582,1.5,1.5
15.417,2.4564,0.0021,0.0056,0.4997,-0.0016,0.5,-0.0014,2.6582,1.5,1.5
15.417,2.4564,0.0021,0.0056,0.4997,-0.0016,0.5,-0.0012,2.5347,1.5,1.5
15.417,2.4564,0.0021,0.0056,0.4997,-0.0016,0.5,-0.0039,2.5347,1.5,1.5
15.45,2.473,0.0022,0.0055,0.4998,-0.0011,0.5,-0.0031,2.5347,1.5,1.5
15.45,2.473,0.0022,0.0055,0.4998,-0.0011,0.5,-0.001,2.5347,1.5,1.5
15.467,2.4814,0.0023,0.0055,0.4999,-0.0017,0.5,0.001,2.5347,1.5,1.5
15.467,2.4814,0.0023,0.0055,0.4999,-0.0017,0.5,-0.0014,2.5347,1.5,1.5
15.467,2.4814,0.0023,0.0055,0.4999,-0.0017,0.5,0.0004,2.5347,1.5,1.5
15.5,2.4981,0.0024,0.0055,0.5,-0.0013,0.5,-0.0033,2.5347,1.5,1.5
15.517,2.5064,0.0024,0.0055,0.5001,-0.0003,0.5,-0.0033,2.5347,1.5,1.5
15.517,2.5064,0.0024,0.0055,0.5001,-0.0003,0.5,-0.0021,2.5671,1.5,1.5
15.533,2.5147,0.0025,0.0055,0.5002,-0.0013,0.5,0.0027,2.5671,1.5,1.5
15.533,2.5147,0.0025,0.0055,0.5002,-0.0013,0.5,0.0019,2.5671,1.5,1.5
15.567,2.5314,0.0025,0.0056,0.5003,-0.0002,0.5,-0.003,2.5671,1.5,1.5
15.567,2.5314,0.0025,0.0056,0.5003,-0.0002,0.5,0.0005,2.5671,1.5,1.5
15.583,2.5398,0.0026,0.0055,0.5004,-0.0002,0.5,-0.0022,2.5671,1.5,1.5
15.583,2.5398,0.0026,0.0055,0.5004,-0.0002,0.5,0.0017,2.5671,1.5,1.5
15.583,2.5398,0.0026,0.0055,0.5004,-0.0002,0.5,0.0014,2.5671,1.5,1.5
15.617,2.5564,0.0027,0.0055,0.5005,0.0008,0.5,0.0008,2.5671,1.5,1.5
15.633,2.5648,0.0027,0.0055,0.5005,0.0004,0.5,0.0002,2.5876,1.5,1.5
15.633,2.5648,0.0027,0.0055,0.5005,0.0004,0.5,-0.0001,2.5876,1.5,1.5
15.633,2.5648,0.0027,0.0055,0.5005,0.0004,0.5,0.0034,2.5876,1.5,1.5
15.667,2.5815,0.0028,0.0056,0.5006,0.0001,0.5,0.0004,2.5876,1.5,1.5
15.667,2.5815,0.0028,0.0056,0.5006,0.0001,0.5,-0.0001,2.5876,1.5,1.5
15.683,2.5898,0.0029,0.0056,0.5007,0.0,0.5,0.0002,2.5876,1.5,1.5
15.7,2.5982,0.0029,0.0056,0.5007,-0.0002,0.5,0.0014,2.5876,1.5,1.5
15.7,2.5982,0.0029,0.0056,0.5007,-0.0002,0.5,0.0011,2.5876,1.5,1.5
15.7,2.5982,0.0029,0.0056,0.5007,-0.0002,0.5,0.0026,2.5876,1.5,1.5
15.733,2.6149,0.003,0.0056,0.5008,-0.0002,0.5,0.0016,2.6002,1.5,1.5
15.733,2.6149,0.003,0.0056,0.5008,-0.0002,0.5,-0.0018,2.6002,1.5,1.5
15.75,2.6232,0.003,0.0055,0.5009,-0.0003,0.5,-0.0023,2.6002,1.5,1.5
15.75,2.6232,0.003,0.0055,0.5009,-0.0003,0.5,0.0008,2.6002,1.5,1.5
15.75,2.6232,0.003,0.0055,0.5009,-0.0003,0.5,-0.0002,2.6002,1.5,1.5
15.783,2.6399,0.0031,0.0056,0.5008,-0.0002,0.5,-0.0018,2.6002,1.5,1.5
15.783,2.6399,0.0031,0.0056,0.5008,-0.0002,0.5,-0.0051,2.6002,1.5,1.5
15.8,2.6483,0.0032,0.0056,0.5007,0.0016,0.4997,-0.0017,2.6002,1.5,1.5
15.8,2.6483,0.0032,0.0056,0.5007,0.0016,0.5,0.0017,2.6002,1.5,1.5
15.833,2.6649,0.0033,0.0057,0.5006,0.0007,0.5,-0.0016,2.5345,1.5,1.5
15.833,2.6649,0.0033,0.0057,0.5006,0.0007,0.5,-0.0014,2.5345,1.5,1.5
15.85,2.6733,0.0033,0.0057,0.5006,0.0008,0.5,-0.004,2.5345,1.5,1.5
15.85,2.6733,0.0033,0.0057,0.5006,0.0008,0.5,-0.0041,2.5345,1.5,1.5
15.867,2.6816,0.0033,0.0056,0.5005,0.0015,0.5,-0.0063,2.5345,1.5,1.5
15.867,2.6816,0.0033,0.0056,0.5005,0.0015,0.5,-0.0026,2.5345,1.5,1.5
15.867,2.6816,0.0033,0.0056,0.5005,0.0015,0.5,-0.0021,2.5345,1.5,1.5
15.867,2.6816,0.0033,0.0056,0.5005,0.0015,0.5,-0.0021,2.5345,1.5,1.5
15.9,2.6983,0.0034,0.0056,0.5004,0.0009,0.5,-0.0007,2.5345,1.5,1.5
15.917,2.7066,0.0035,0.0056,0.5003,0.0016,0.5,-0.0009,2.5345,1.5,1.5
15.917,2.7066,0.0035,0.0056,0.5003,0.0016,0.5,-0.0012,2.558,1.5,1.5
15.917,2.7066,0.0035,0.0056,0.5003,0.0016,0.5,0.0014,2.558,1.5,1.5
15.95,2.7233,0.0036,0.0056,0.5001,0.0002,0.4998,0.001,2.558,1.5,1.5
15.95,2.7233,0.0036,0.0056,0.5001,0.0002,0.5,0.0008,2.558,1.5,1.5
15.967,2.7317,0.0036,0.0056,0.5001,0.0005,0.5,0.0016,2.558,1.5,1.5
15.967,2.7317,0.0036,0.0056,0.5001,0.0005,0.5,0.0034,2.558,1.5,1.5
16.0,2.7483,0.0037,0.0055,0.4999,-0.0012,0.5,0.0022,2.558,1.5,1.5
16.0,2.7483,0.0037,0.0055,0.4999,-0.0012,0.5,0.0029,2.558,1.5,1.5
16.017,2.7566,0.0038,0.0054,0.4998,-0.001,0.4999,0.004,2.558,1.5,1.5
16.033,2.765,0.0038,0.0054,0.4997,-0.0021,0.5,0.0041,2.6247,1.5,1.5
16.033,2.765,0.0038,0.0054,0.4997,-0.0021,0.5,0.001,2.6247,1.5,1.5
16.033,2.765,0.0038,0.0054,0.4997,-0.0021,0.5,-0.0032,2.6247,1.5,1.5
16.033,2.765,0.0038,0.0054,0.4997,-0.0021,0.5,-0.0055,2.6247,1.5,1.5
16.067,2.7816,0.0039,0.0053,0.4996,-0.0023,0.5,-0.007,2.6247,1.5,1.5
16.083,2.79,0.004,0.0054,0.4994,-0.0022,0.5,-0.0069,2.6247,1.5,1.5
16.083,2.79,0.004,0.0054,0.4994,-0.0022,0.5,-0.0078,2.6247,1.5,1.5
16.083,2.79,0.004,0.0054,0.4994,-0.0022,0.5,-0.0024,2.6247,1.5,1.5
16.083,2.79,0.004,0.0054,0.4994,-0.0022,0.5,-0.0031,2.6247,1.5,1.5
16.117,2.8066,0.0041,0.0053,0.4995,-0.0032,0.5,-0.0004,2.6247,1.5,1.5
16.117,2.8066,0.0041,0.0053,0.4995,-0.0032,0.5,-0.0045,2.6247,1.5,1.5
16.133,2.8149,0.0041,0.0053,0.4995,-0.0031,0.5,-0.0059,2.5744,1.5,1.5
16.133,2.8149,0.0041,0.0053,0.4995,-0.0031,0.5,-0.0039,2.5744,1.5,1.5
16.133,2.8149,0.0041,0.0053,0.4995,-0.0031,0.5,-0.0053,2.5744,1.5,1.5
16.167,2.8316,0.0043,0.0053,0.4995,-0.0018,0.5,-0.001,2.5744,1.5,1.5
16.183,2.8399,0.0043,0.0052,0.4995,-0.001,0.5,0.0005,2.5744,1.5,1.5
16.183,2.8399,0.0043,0.0052,0.4995,-0.001,0.5,0.0005,2.5744,1.5,1.5
16.2,2.8483,0.0044,0.0051,0.4996,-0.002,0.4998,0.0006,2.5744,1.5,1.5
16.2,2.8483,0.0044,0.0051,0.4996,-0.002,0.5,-0.0017,2.5744,1.5,1.5
16.2,2.8483,0.0044,0.0051,0.4996,-0.002,0.5,-0.0011,2.582,1.5,1.5
16.233,2.8649,0.0045,0.0051,0.4997,-0.0023,0.5,-0.0024,2.582,1.5,1.5
16.233,2.8649,0.0045,0.0051,0.4997,-0.0023,0.5,-0.0039,2.582,1.5,1.5
16.25,2.8733,0.0045,0.0051,0.4998,-0.0033,0.5,-0.0022,2.582,1.5,1.5
16.25,2.8733,0.0045,0.0051,0.4998,-0.0033,0.5,-0.005,2.582,1.5,1.5
16.283,2.8899,0.0046,0.005,0.4999,-0.0025,0.5,-0.006,2.582,1.5,1.5
16.283,2.8899,0.0046,0.005,0.4999,-0.0025,0.5,-0.0054,2.582,1.5,1.5
16.3,2.8983,0.0046,0.005,0.5,-0.0036,0.5,-0.0045,2.582,1.5,1.5
16.3,2.8983,0.0046,0.005,0.5,-0.0036,0.5,0.0019,2.582,1.5,1.5
16.3,2.8983,0.0046,0.005,0.5,-0.0036,0.5,-0.001,2.582,1.5,1.5
16.333,2.9149,0.0047,0.005,0.5,-0.0026,0.5,-0.0,2.5482,1.5,1.5
16.333,2.9149,0.0047,0.005,0.5,-0.0026,0.5,-0.0015,2.5482,1.5,1.5
16.35,2.9233,0.0048,0.0049,0.5002,-0.002,0.5,-0.005,2.5482,1.5,1.5
16.367,2.9316,0.0048,0.0049,0.5003,-0.0014,0.5,-0.0032,2.5482,1.5,1.5
16.367,2.9316,0.0048,0.0049,0.5003,-0.0014,0.5,-0.0038,2.5482,1.5,1.5
16.367,2.9316,0.0048,0.0049,0.5003,-0.0014,0.5,-0.0008,2.5482,1.5,1.5
16.4,2.9483,0.0049,0.0049,0.5004,-0.0009,0.5,-0.002,2.5482,1.5,1.5
16.417,2.9566,0.005,0.0049,0.5004,-0.0007,0.5,-0.0001,2.5482,1.5,1.5
16.417,2.9566,0.005,0.0049,0.5004,-0.0007,0.5,0.0011,2.5514,1.5,1.5
16.417,2.9566,0.005,0.0049,0.5004,-0.0007,0.5,0.0023,2.5514,1.5,1.5
16.417,2.9566,0.005,0.0049,0.5004,-0.0007,0.5,0.0051,2.5514,1.5,1.5
16.45,2.9733,0.005,0.0048,0.5006,-0.0008,0.5,0.0015,2.5514,1.5,1.5
16.467,2.9817,0.0051,0.0049,0.5006,-0.0012,0.5,-0.0026,2.5514,1.5,1.5
16.467,2.9817,0.0051,0.0049,0.5006,-0.0012,0.5,-0.005,2.5514,1.5,1.5
16.467,2.9817,0.0051,0.0049,0.5006,-0.0012,0.5,-0.0021,2.5514,1.5,1.5
16.5,2.9984,0.0052,0.0049,0.5007,-0.0008,0.4994,-0.0023,2.5514,1.5,1.5
16.5,2.9984,0.0052,0.0049,0.5007,-0.0008,0.4999,-0.0014,2.5514,1.5,1.5
16.517,3.0067,0.0052,0.0049,0.5007,-0.0007,0.4999,-0.0021,2.5514,1.5,1.5
16.533,3.0151,0.0052,0.0049,0.5008,0.0009,0.5,0.0015,2.5598,1.5,1.5
16.533,3.0151,0.0052,0.0049,0.5008,0.0009,0.5,-0.0011,2.5598,1.5,1.5
16.533,3.0151,0.0052,0.0049,0.5008,0.0009,0.5,-0.0028,2.5598,1.5,1.5
16.567,3.0318,0.0053,0.0049,0.5008,-0.0009,0.5,-0.0039,2.5598,1.5,1.5
16.567,3.0318,0.0053,0.0049,0.5008,-0.0009,0.5,-0.0021,2.5598,1.5,1.5
16.583,3.0401,0.0054,0.0049,0.5008,-0.0008,0.5,-0.0003,2.5598,1.5,1.5
16.583,3.0401,0.0054,0.0049,0.5008,-0.0008,0.5,0.001,2.5598,1.5,1.5
16.583,3.0401,0.0054,0.0049,0.5008,-0.0008,0.5,-0.0014,2.5598,1.5,1.5
16.617,3.0568,0.0054,0.0049,0.5007,-0.0003,0.5,0.0036,2.5598,1.5,1.5
16.633,3.0651,0.0055,0.0049,0.5006,0.0004,0.5,-0.0012,2.5722,1.5,1.5
16.633,3.0651,0.0055,0.0049,0.5006,0.0004,0.5,-0.0008,2.5722,1.5,1.5
16.633,3.0651,0.0055,0.0049,0.5006,0.0004,0.5,-0.0037,2.5722,1.5,1.5
16.667,3.0818,0.0056,0.0049,0.5005,-0.0007,0.5,0.0005,2.5722,1.5,1.5
16.667,3.0818,0.0056,0.0049,0.5005,-0.0007,0.5,-0.0017,2.5722,1.5,1.5
16.683,3.0902,0.0056,0.0049,0.5005,0.0008,0.5,0.002,2.5722,1.5,1.5
16.7,3.0985,0.0056,0.0048,0.5005,0.0001,0.5,0.0023,2.5722,1.5,1.5
16.7,3.0985,0.0056,0.0048,0.5005,0.0001,0.5,0.0034,2.5722,1.5,1.5
16.7,3.0985,0.0056,0.0048,0.5005,0.0001,0.5,-0.0003,2.5722,1.5,1.5
16.733,3.1152,0.0057,0.0048,0.5003,-0.0001,0.5,-0.0031,2.5874,1.5,1.5
16.733,3.1152,0.0057,0.0048,0.5003,-0.0001,0.5,0.0002,2.5874,1.5,1.5
16.75,3.1235,0.0058,0.0048,0.5002,-0.0019,0.5,0.0023,2.5874,1.5,1.5
16.75,3.1235,0.0058,0.0048,0.5002,-0.0019,0.5,0.0024,2.5874,1.5,1.5
16.783,3.1402,0.0059,0.0047,0.5001,-0.0005,0.5,-0.001,2.5874,1.5,1.5
16.783,3.1402,0.0059,0.0047,0.5001,-0.0005,0.5,-0.0019,2.5874,1.5,1.5
16.8,3.1485,0.0059,0.0047,0.5,-0.0013,0.5,-0.0007,2.5874,1.5,1.5
16.8,3.1485,0.0059,0.0047,0.5,-0.0013,0.4997,0.0007,2.5874,1.5,1.5
16.8,3.1485,0.0059,0.0047,0.5,-0.0013,0.4999,-0.0012,2.5698,1.5,1.5
16.833,3.1652,0.006,0.0046,0.4998,-0.002,0.4993,0.0016,2.5698,1.5,1.5
16.85,3.1735,0.006,0.0046,0.4998,-0.0022,0.4999,-0.0044,2.5698,1.5,1.5
16.85,3.1735,0.006,0.0046,0.4998,-0.0022,0.4999,-0.0029,2.5698,1.5,1.5
16.867,3.1818,0.0061,0.0046,0.4997,-0.0021,0.5,-0.0001,2.5698,1.5,1.5
16.867,3.1818,0.0061,0.0046,0.4997,-0.0021,0.5,-0.0052,2.5698,1.5,1.5
16.867,3.1818,0.0061,0.0046,0.4997,-0.0021,0.5,-0.0042,2.5698,1.5,1.5
16.9,3.1985,0.0062,0.0045,0.4996,-0.0024,0.4998,-0.0022,2.5698,1.5,1.5
16.9,3.1985,0.0062,0.0045,0.4996,-0.0024,0.4995,-0.0013,2.5698,1.5,1.5
16.917,3.2068,0.0062,0.0045,0.4995,-0.0019,0.4999,-0.0039,2.5698,1.5,1.5
16.917,3.2068,0.0062,0.0045,0.4995,-0.0019,0.5,-0.0051,2.5525,1.5,1.5
16.95,3.2235,0.0063,0.0044,0.4994,-0.0023,0.5,-0.0044,2.5525,1.5,1.5
16.95,3.2235,0.0063,0.0044,0.4994,-0.0023,0.5,-0.0053,2.5525,1.5,1.5
16.967,3.2318,0.0064,0.0044,0.4995,-0.001,0.5,-0.003,2.5525,1.5,1.5
16.967,3.2318,0.0064,0.0044,0.4995,-0.001,0.5,-0.005,2.5525,1.5,1.5
16.967,3.2318,0.0064,0.0044,0.4995,-0.001,0.4996,-0.002,2.5525,1.5,1.5
17.0,3.2485,0.0065,0.0044,0.4995,-0.003,0.4999,-0.0,2.5525,1.5,1.5
17.017,3.2568,0.0065,0.0043,0.4996,-0.0017,0.5,-0.0018,2.5525,1.5,1.5
17.017,3.2568,0.0065,0.0043,0.4996,-0.0017,0.4999,-0.005,2.5544,1.5,1.5
17.033,3.2651,0.0065,0.0043,0.4995,-0.0033,0.5,-0.0054,2.5544,1.5,1.5
17.033,3.2651,0.0065,0.0043,0.4995,-0.0033,0.5,-0.0054,2.5544,1.5,1.5
17.033,3.2651,0.0065,0.0043,0.4995,-0.0033,0.5,-0.004,2.5544,1.5,1.5
17.067,3.2818,0.0066,0.0041,0.4997,-0.0025,0.5,-0.0031,2.5544,1.5,1.5
17.083,3.2901,0.0067,0.0041,0.4998,-0.0029,0.5,-0.005,2.5544,1.5,1.5
17.083,3.2901,0.0067,0.0041,0.4998,-0.0029,0.5,-0.005,2.5544,1.5,1.5
17.083,3.2901,0.0067,0.0041,0.4998,-0.0029,0.5,-0.0015,2.5544,1.5,1.5
17.117,3.3068,0.0067,0.004,0.4997,-0.0032,0.5,-0.0029,2.5544,1.5,1.5
17.117,3.3068,0.0067,0.004,0.4997,-0.0032,0.5,-0.0025,2.5498,1.5,1.5
17.133,3.3151,0.0068,0.004,0.5,-0.0029,0.5,-0.0037,2.5498,1.5,1.5
17.133,3.3151,0.0068,0.004,0.5,-0.0029,0.5,-0.0003,2.5498,1.5,1.5
17.133,3.3151,0.0068,0.004,0.5,-0.0029,0.5,-0.0003,2.5498,1.5,1.5
17.167,3.3318,0.0069,0.004,0.5001,-0.0022,0.5,-0.0009,2.5498,1.5,1.5
17.183,3.3401,0.0069,0.004,0.5002,-0.0021,0.5,-0.0045,2.5498,1.5,1.5
17.183,3.3401,0.0069,0.004,0.5002,-0.0021,0.5,-0.0027,2.5498,1.5,1.5
17.2,3.3485,0.0069,0.004,0.5003,-0.0025,0.5,-0.0023,2.5498,1.5,1.5
17.2,3.3485,0.0069,0.004,0.5003,-0.0025,0.5,-0.001,2.5498,1.5,1.5
17.233,3.3652,0.007,0.0039,0.5004,-0.0027,0.5,-0.0058,2.5322,1.5,1.5
17.233,3.3652,0.007,0.0039,0.5004,-0.0027,0.4999,-0.0059,2.5322,1.5,1.5
17.25,3.3735,0.0071,0.004,0.5005,-0.0015,0.5,-0.0071,2.5322,1.5,1.5
17.25,3.3735,0.0071,0.004,0.5005,-0.0015,0.5,-0.0027,2.5322,1.5,1.5
17.25,3.3735,0.0071,0.004,0.5005,-0.0015,0.5,-0.0007,2.5322,1.5,1.5
17.283,3.3902,0.0071,0.0038,0.5006,-0.0026,0.5,0.0009,2.5322,1.5,1.5
17.283,3.3902,0.0071,0.0038,0.5006,-0.0026,0.5,-0.0019,2.5322,1.5,1.5
17.3,3.3985,0.0072,0.004,0.5006,-0.0015,0.5,-0.0015,2.5322,1.5,1.5
17.3,3.3985,0.0072,0.004,0.5006,-0.0015,0.5,-0.0026,2.5322,1.5,1.5
17.333,3.4152,0.0072,0.0038,0.5007,-0.0016,0.5,-0.0018,2.5956,1.5,1.5
17.333,3.4152,0.0072,0.0038,0.5007,-0.0016,0.5,-0.0005,2.5956,1.5,1.5
17.35,3.4236,0.0073,0.0038,0.5008,0.0004,0.5,0.0002,2.5956,1.5,1.5
17.35,3.4236,0.0073,0.0038,0.5008,0.0004,0.5,-0.0005,2.5956,1.5,1.5
17.367,3.4319,0.0073,0.0038,0.5006,-0.0006,0.5,-0.0023,2.5956,1.5,1.5
17.367,3.4319,0.0073,0.0038,0.5006,-0.0006,0.5,-0.0008,2.5956,1.5,1.5
17.4,3.4486,0.0074,0.0038,0.5007,-0.0013,0.4999,0.002,2.5956,1.5,1.5
17.4,3.4486,0.0074,0.0038,0.5007,-0.0013,0.5,-0.0009,2.5956,1.5,1.5
17.417,3.457,0.0074,0.0038,0.5007,-0.0017,0.5,-0.0025,2.5956,1.5,1.5
17.417,3.457,0.0074,0.0038,0.5007,-0.0017,0.5,-0.0069,2.5688,1.5,1.5
17.417,3.457,0.0074,0.0038,0.5007,-0.0017,0.5,-0.0028,2.5688,1.5,1.5
17.45,3.4737,0.0075,0.0038,0.5007,-0.0008,0.5,-0.0014,2.5688,1.5,1.5
17.45,3.4737,0.0075,0.0038,0.5007,-0.0008,0.5,0.002,2.5688,1.5,1.5
17.467,3.482,0.0075,0.0038,0.5006,-0.0014,0.5,0.0005,2.5688,1.5,1.5
17.467,3.482,0.0075,0.0038,0.5006,-0.0014,0.5,-0.0009,2.5688,1.5,1.5
17.5,3.4987,0.0076,0.0037,0.5005,-0.0011,0.5,-0.0033,2.5688,1.5,1.5
17.5,3.4987,0.0076,0.0037,0.5005,-0.0011,0.5,-0.0007,2.5688,1.5,1.5
17.517,3.507,0.0076,0.0037,0.5003,-0.0018,0.5,0.0006,2.5688,1.5,1.5
17.533,3.5154,0.0076,0.0036,0.5003,-0.0008,0.5,-0.0027,2.5715,1.5,1.5
17.533,3.5154,0.0076,0.0036,0.5003,-0.0008,0.5,0.0018,2.5715,1.5,1.5
17.533,3.5154,0.0076,0.0036,0.5003,-0.0008,0.5,0.002,2.5715,1.5,1.5
17.567,3.532,0.0077,0.0035,0.5002,-0.002,0.5,0.0001,2.5715,1.5,1.5
17.567,3.532,0.0077,0.0035,0.5002,-0.002,0.5,0.0012,2.5715,1.5,1.5
17.583,3.5404,0.0078,0.0035,0.5001,-0.0018,0.5,-0.0003,2.5715,1.5,1.5
17.583,3.5404,0.0078,0.0035,0.5001,-0.0018,0.5,-0.0023,2.5715,1.5,1.5
17.583,3.5404,0.0078,0.0035,0.5001,-0.0018,0.5,-0.0039,2.5715,1.5,1.5
17.617,3.557,0.0078,0.0035,0.5,-0.0021,0.5,-0.0058,2.5715,1.5,1.5
17.633,3.5654,0.0079,0.0033,0.4999,-0.0025,0.5,-0.0012,2.5676,1.5,1.5
17.633,3.5654,0.0079,0.0033,0.4999,-0.0025,0.5,-0.0025,2.5676,1.5,1.5
17.633,3.5654,0.0079,0.0033,0.4999,-0.0025,0.5,-0.0008,2.5676,1.5,1.5
17.667,3.582,0.0079,0.0032,0.4998,-0.0021,0.5,-0.0011,2.5676,1.5,1.5
17.667,3.582,0.0079,0.0032,0.4998,-0.0021,0.5,0.0017,2.5676,1.5,1.5
17.683,3.5904,0.008,0.0032,0.4996,-0.0034,0.5,-0.0009,2.5676,1.5,1.5
17.683,3.5904,0.008,0.0032,0.4996,-0.0034,0.4995,-0.0032,2.5676,1.5,1.5
17.7,3.5987,0.008,0.0032,0.4997,-0.0033,0.4999,-0.0035,2.5676,1.5,1.5
17.7,3.5987,0.008,0.0032,0.4997,-0.0033,0.5,-0.0041,2.5676,1.5,1.5
17.7,3.5987,0.008,0.0032,0.4997,-0.0033,0.5,-0.0046,2.5819,1.5,1.5
17.733,3.6153,0.0081,0.0032,0.4996,-0.0028,0.5,-0.0052,2.5819,1.5,1.5
17.75,3.6237,0.0081,0.0029,0.4995,-0.0029,0.5,-0.0047,2.5819,1.5,1.5
17.75,3.6237,0.0081,0.0029,0.4995,-0.0029,0.5,-0.004,2.5819,1.5,1.5
17.75,3.6237,0.0081,0.0029,0.4995,-0.0029,0.5,-0.0062,2.5819,1.5,1.5
17.783,3.6403,0.0082,0.0029,0.4995,-0.0042,0.4996,-0.0113,2.5819,1.5,1.5
17.783,3.6403,0.0082,0.0029,0.4995,-0.0042,0.4999,-0.007,2.5819,1.5,1.5
17.8,3.6487,0.0082,0.0028,0.4995,-0.0045,0.5,-0.0064,2.5819,1.5,1.5
17.8,3.6487,0.0082,0.0028,0.4995,-0.0045,0.5,-0.0043,2.5819,1.5,1.5
17.8,3.6487,0.0082,0.0028,0.4995,-0.0045,0.4996,-0.0062,2.6309,1.5,1.5
17.833,3.6653,0.0083,0.0028,0.4992,-0.0034,0.4999,-0.0049,2.6309,1.5,1.5
17.85,3.6736,0.0083,0.0027,0.4995,-0.003,0.5,-0.0047,2.6309,1.5,1.5
17.85,3.6736,0.0083,0.0027,0.4995,-0.003,0.5,-0.0066,2.6309,1.5,1.5
17.867,3.682,0.0084,0.0027,0.4996,-0.0036,0.5,-0.0055,2.6309,1.5,1.5
17.867,3.682,0.0084,0.0027,0.4996,-0.0036,0.5,-0.0058,2.6309,1.5,1.5
17.867,3.682,0.0084,0.0027,0.4996,-0.0036,0.5,-0.0032,2.6309,1.5,1.5
17.9,3.6986,0.0084,0.0026,0.4998,-0.0034,0.5,-0.0015,2.6309,1.5,1.5
17.917,3.707,0.0085,0.0026,0.4996,-0.002,0.5,-0.0047,2.6309,1.5,1.5
17.917,3.707,0.0085,0.0026,0.4996,-0.002,0.5,-0.0051,2.5785,1.5,1.5
17.917,3.707,0.0085,0.0026,0.4996,-0.002,0.5,-0.0037,2.5785,1.5,1.5
17.95,3.7236,0.0085,0.0024,0.4997,-0.0034,0.5,-0.0045,2.5785,1.5,1.5
17.95,3.7236,0.0085,0.0024,0.4997,-0.0034,0.4997,-0.0007,2.5785,1.5,1.5
17.967,3.732,0.0086,0.0023,0.5,-0.0039,0.5,-0.0073,2.5785,1.5,1.5
17.967,3.732,0.0086,0.0023,0.5,-0.0039,0.5,-0.0014,2.5785,1.5,1.5
17.967,3.732,0.0086,0.0023,0.5,-0.0039,0.5,-0.0017,2.5785,1.5,1.5
18.0,3.7487,0.0086,0.0023,0.5002,-0.0035,0.5,-0.0078,2.5785,1.5,1.5
18.017,3.757,0.0086,0.0022,0.5003,-0.0037,0.5,-0.0059,2.5785,1.5,1.5
18.017,3.757,0.0086,0.0022,0.5003,-0.0037,0.5,-0.0043,2.6119,1.5,1.5
18.033,3.7653,0.0087,0.0023,0.5003,-0.0034,0.5,-0.0016,2.6119,1.5,1.5
18.033,3.7653,0.0087,0.0023,0.5003,-0.0034,0.5,-0.0065,2.6119,1.5,1.5
18.033,3.7653,0.0087,0.0023,0.5003,-0.0034,0.5,-0.0014,2.6119,1.5,1.5
18.067,3.782,0.0087,0.0021,0.5005,-0.0025,0.5,0.0003,2.6119,1.5,1.5
18.083,3.7904,0.0087,0.0022,0.5005,-0.0031,0.5,-0.0012,2.6119,1.5,1.5
18.083,3.7904,0.0087,0.0022,0.5005,-0.0031,0.5,-0.0056,2.6119,1.5,1.5
18.083,3.7904,0.0087,0.0022,0.5005,-0.0031,0.5,-0.0033,2.6119,1.5,1.5
18.117,3.8071,0.0088,0.0021,0.5006,-0.0027,0.5,-0.0015,2.6119,1.5,1.5
18.117,3.8071,0.0088,0.0021,0.5006,-0.0027,0.5,0.0007,2.6119,1.5,1.5
18.133,3.8154,0.0088,0.0022,0.5006,-0.0017,0.5,0.0032,2.6087,1.5,1.5
18.133,3.8154,0.0088,0.0022,0.5006,-0.0017,0.5,0.0003,2.6087,1.5,1.5
18.133,3.8154,0.0088,0.0022,0.5006,-0.0017,0.5,-0.0005,2.6087,1.5,1.5
18.167,3.8321,0.0088,0.002,0.5007,-0.0026,0.5,-0.0014,2.6087,1.5,1.5
18.183,3.8405,0.0089,0.0021,0.5008,-0.0023,0.5,-0.0001,2.6087,1.5,1.5
18.183,3.8405,0.0089,0.0021,0.5008,-0.0023,0.5,-0.0002,2.6087,1.5,1.5
18.2,3.8488,0.0089,0.0021,0.5007,-0.0025,0.5,0.0006,2.6087,1.5,1.5
18.2,3.8488,0.0089,0.0021,0.5007,-0.0025,0.5,-0.0002,2.6087,1.5,1.5
18.2,3.8488,0.0089,0.0021,0.5007,-0.0025,0.5,-0.002,2.5718,1.5,1.5
18.233,3.8655,0.0089,0.0018,0.5008,-0.0021,0.5,-0.0021,2.5718,1.5,1.5
18.25,3.8738,0.009,0.0018,0.5007,-0.002,0.5,-0.0052,2.5718,1.5,1.5
18.25,3.8738,0.009,0.0018,0.5007,-0.002,0.5,-0.0077,2.5718,1.5,1.5
18.25,3.8738,0.009,0.0018,0.5007,-0.002,0.5,-0.008,2.5718,1.5,1.5
18.283,3.8905,0.009,0.0017,0.5006,-0.0019,0.5,-0.0082,2.5718,1.5,1.5
18.283,3.8905,0.009,0.0017,0.5006,-0.0019,0.5,-0.0089,2.5718,1.5,1.5
18.3,3.8989,0.009,0.0017,0.5005,-0.0021,0.5,-0.0046,2.5718,1.5,1.5
18.3,3.8989,0.009,0.0017,0.5005,-0.0021,0.5,-0.0074,2.5718,1.5,1.5
18.3,3.8989,0.009,0.0017,0.5005,-0.0021,0.4997,-0.0061,2.5975,1.5,1.5
18.333,3.9155,0.0091,0.0017,0.5004,-0.0022,0.5,-0.0056,2.5975,1.5,1.5
18.35,3.9239,0.0091,0.0015,0.5003,-0.0016,0.5,-0.0028,2.5975,1.5,1.5
18.35,3.9239,0.0091,0.0015,0.5003,-0.0016,0.5,-0.0048,2.5975,1.5,1.5
18.367,3.9322,0.0091,0.0017,0.5003,-0.002,0.5,-0.0029,2.5975,1.5,1.5
18.367,3.9322,0.0091,0.0017,0.5003,-0.002,0.5,0.0003,2.5975,1.5,1.5
18.367,3.9322,0.0091,0.0017,0.5003,-0.002,0.5,-0.0012,2.5975,1.5,1.5
18.4,3.9489,0.0091,0.0015,0.5001,-0.0018,0.5,-0.0018,2.5975,1.5,1.5
18.417,3.9572,0.0092,0.0014,0.5,-0.0021,0.5,-0.0022,2.5975,1.5,1.5
18.417,3.9572,0.0092,0.0014,0.5,-0.0021,0.5,-0.0026,2.6425,1.5,1.5
18.417,3.9572,0.0092,0.0014,0.5,-0.0021,0.4985,-0.0014,2.6425,1.5,1.5
18.417,3.9572,0.0092,0.0014,0.5,-0.0021,0.4997,0.0003,2.6425,1.5,1.5
18.45,3.9739,0.0092,0.0012,0.4999,-0.0025,0.4999,-0.0003,2.6425,1.5,1.5
18.45,3.9739,0.0092,0.0012,0.4999,-0.0025,0.5,-0.0007,2.6425,1.5,1.5
18.467,3.9822,0.0092,0.0012,0.4998,-0.0041,0.5,-0.0016,2.6425,1.5,1.5
18.467,3.9822,0.0092,0.0012,0.4998,-0.0041,0.5,-0.0059,2.6425,1.5,1.5
18.467,3.9822,0.0092,0.0012,0.4998,-0.0041,0.5,-0.005,2.6425,1.5,1.5
18.5,3.9989,0.0093,0.0007,0.4996,-0.0054,0.5,-0.0066,2.6425,1.5,1.5
18.517,4.0072,0.0093,0.0007,0.4996,-0.0044,0.5,-0.0065,2.6425,1.5,1.5
18.517,4.0072,0.0093,0.0007,0.4996,-0.0044,0.5,-0.0039,2.6425,1.5,1.5
18.533,4.0155,0.0093,0.001,0.4996,-0.0047,0.5,-0.0034,2.5845,1.5,1.5
18.533,4.0155,0.0093,0.001,0.4996,-0.0047,0.5,-0.0096,2.5845,1.5,1.5
18.533,4.0155,0.0093,0.001,0.4996,-0.0047,0.5,-0.0062,2.5845,1.5,1.5
18.567,4.0322,0.0094,0.0,0.4991,-0.0058,0.5,-0.0045,2.5845,1.5,1.5
18.583,4.0405,0.0094,0.0,0.4993,-0.0053,0.5,-0.0027,2.5845,1.5,1.5
18.583,4.0405,0.0094,0.0,0.4993,-0.0053,0.5,-0.0055,2.5845,1.5,1.5
18.583,4.0405,0.0094,0.0,0.4993,-0.0053,0.5,-0.0061,2.5845,1.5,1.5
18.617,4.0571,0.0094,0.0,0.4995,-0.0049,0.5,-0.0054,2.5845,1.5,1.5
18.617,4.0571,0.0094,0.0,0.4995,-0.0049,0.5,-0.008,2.5902,1.5,1.5
18.633,4.0655,0.0095,0.0,0.4995,-0.0039,0.5,-0.0075,2.5902,1.5,1.5
18.633,4.0655,0.0095,0.0,0.4995,-0.0039,0.5,-0.0074,2.5902,1.5,1.5
18.633,4.0655,0.0095,0.0,0.4995,-0.0039,0.5,-0.0063,2.5902,1.5,1.5
18.667,4.0821,0.0095,0.0007,0.4996,-0.0055,0.5,-0.0087,2.5902,1.5,1.5
18.683,4.0905,0.0095,0.0,0.4997,-0.0047,0.5,-0.0061,2.5902,1.5,1.5
18.683,4.0905,0.0095,0.0,0.4997,-0.0047,0.5,-0.0049,2.5902,1.5,1.5
18.7,4.0988,0.0095,0.0,0.4997,-0.0055,0.5,-0.0046,2.5902,1.5,1.5
18.7,4.0988,0.0095,0.0,0.4997,-0.0055,0.5,-0.0028,2.5902,1.5,1.5
18.7,4.0988,0.0095,0.0,0.4997,-0.0055,0.5,-0.0053,2.5702,1.5,1.5
18.733,4.1155,0.0096,0.0,0.4999,-0.0049,0.5,-0.002,2.5702,1.5,1.5
18.75,4.1238,0.0096,0.0,0.5,-0.005,0.5,-0.0014,2.5702,1.5,1.5
18.75,4.1238,0.0096,0.0,0.5,-0.005,0.5,-0.0056,2.5702,1.5,1.5
18.75,4.1238,0.0096,0.0,0.5,-0.005,0.5,-0.008,2.5702,1.5,1.5
18.783,4.1405,0.0096,0.0,0.5001,-0.0048,0.5,-0.0079,2.5702,1.5,1.5
18.8,4.1488,0.0096,0.0,0.5001,-0.0038,0.5,-0.009,2.5702,1.5,1.5
18.8,4.1488,0.0096,0.0,0.5001,-0.0038,0.5,-0.0068,2.5702,1.5,1.5
18.8,4.1488,0.0096,0.0,0.5001,-0.0038,0.5,-0.0047,2.5702,1.5,1.5
18.833,4.1655,0.0096,0.0,0.5003,-0.0047,0.5,-0.0047,2.63,1.5,1.5
18.833,4.1655,0.0096,0.0,0.5003,-0.0047,0.5,-0.0075,2.63,1.5,1.5
18.85,4.1738,0.0096,0.0,0.5003,-0.004,0.5,-0.0091,2.63,1.5,1.5
18.867,4.1822,0.0096,0.0,0.5004,-0.0049,0.5,-0.0085,2.63,1.5,1.5
18.867,4.1822,0.0096,0.0,0.5004,-0.0049,0.5,-0.0092,2.63,1.5,1.5
18.867,4.1822,0.0096,0.0,0.5004,-0.0049,0.5,-0.0062,2.63,1.5,1.5
18.9,4.1989,0.0097,0.0,0.5006,-0.0038,0.5,-0.0049,2.63,1.5,1.5
18.9,4.1989,0.0097,0.0,0.5006,-0.0038,0.5,-0.0045,2.63,1.5,1.5
18.917,4.2072,0.0097,0.0,0.5006,-0.0038,0.5,-0.0076,2.63,1.5,1.5
18.917,4.2072,0.0097,0.0,0.5006,-0.0038,0.5,-0.0073,2.5742,1.5,1.5
18.95,4.2239,0.0097,0.0,0.5006,-0.0041,0.5,-0.0077,2.5742,1.5,1.5
18.95,4.2239,0.0097,0.0,0.5006,-0.0041,0.5,-0.0033,2.5742,1.5,1.5
18.967,4.2323,0.0097,0.0,0.5007,-0.0031,0.5,-0.0028,2.5742,1.5,1.5
18.967,4.2323,0.0097,0.0,0.5007,-0.0031,0.5,-0.0025,2.5742,1.5,1.5
18.967,4.2323,0.0097,0.0,0.5007,-0.0031,0.5,-0.0048,2.5742,1.5,1.5
19.0,4.249,0.0097,-0.0007,0.5006,-0.0035,0.5,-0.0036,2.5742,1.5,1.5
19.017,4.2573,0.0097,-0.0007,0.5007,-0.0039,0.5,-0.0052,2.5742,1.5,1.5
19.017,4.2573,0.0097,-0.0007,0.5007,-0.0039,0.5,-0.0061,2.5742,1.5,1.5
19.033,4.2657,0.0097,-0.001,0.5008,-0.0037,0.5,-0.0058,2.5893,1.5,1.5
19.033,4.2657,0.0097,-0.001,0.5008,-0.0037,0.5,-0.0044,2.5893,1.5,1.5
19.033,4.2657,0.0097,-0.001,0.5008,-0.0037,0.5,-0.0055,2.5893,1.5,1.5
19.067,4.2823,0.0097,-0.001,0.5007,-0.0037,0.5,-0.0091,2.5893,1.5,1.5
19.067,4.2823,0.0097,-0.001,0.5007,-0.0037,0.5,-0.0051,2.5893,1.5,1.5
19.083,4.2907,0.0097,-0.001,0.5006,-0.0035,0.5,-0.0052,2.5893,1.5,1.5
19.083,4.2907,0.0097,-0.001,0.5006,-0.0035,0.5,-0.0042,2.5893,1.5,1.5
19.083,4.2907,0.0097,-0.001,0.5006,-0.0035,0.5,-0.0049,2.5893,1.5,1.5
19.117,4.3074,0.0097,-0.0007,0.5005,-0.0039,0.5,-0.0019,2.5893,1.5,1.5
19.117,4.3074,0.0097,-0.0007,0.5005,-0.0039,0.5,-0.0041,2.5893,1.5,1.5
19.133,4.3157,0.0097,-0.001,0.5005,-0.0042,0.5,-0.0066,2.5868,1.5,1.5
19.133,4.3157,0.0097,-0.001,0.5005,-0.0042,0.5,-0.0063,2.5868,1.5,1.5
19.133,4.3157,0.0097,-0.001,0.5005,-0.0042,0.5,-0.0085,2.5868,1.5,1.5
19.167,4.3324,0.0097,-0.0014,0.5003,-0.0049,0.5,-0.0063,2.5868,1.5,1.5
19.167,4.3324,0.0097,-0.0014,0.5003,-0.0049,0.5,-0.004,2.5868,1.5,1.5
19.183,4.3407,0.0097,-0.0015,0.5002,-0.0046,0.5,-0.0046,2.5868,1.5,1.5
19.2,4.3491,0.0097,-0.0015,0.5002,-0.0049,0.5,-0.0013,2.5868,1.5,1.5
19.2,4.3491,0.0097,-0.0015,0.5002,-0.0049,0.5,-0.0018,2.5868,1.5,1.5
19.2,4.3491,0.0097,-0.0015,0.5002,-0.0049,0.5,-0.0006,2.5868,1.5,1.5
19.233,4.3657,0.0097,-0.0018,0.5,-0.006,0.5,0.0014,2.6389,1.5,1.5
19.233,4.3657,0.0097,-0.0018,0.5,-0.006,0.5,0.0001,2.6389,1.5,1.5
19.25,4.3741,0.0097,-0.0017,0.4999,-0.0053,0.5,-0.0041,2.6389,1.5,1.5
19.25,4.3741,0.0097,-0.0017,0.4999,-0.0053,0.5,-0.003,2.6389,1.5,1.5
19.25,4.3741,0.0097,-0.0017,0.4999,-0.0053,0.5,-0.0054,2.6389,1.5,1.5
19.283,4.3907,0.0097,-0.0021,0.4998,-0.0053,0.5,-0.0062,2.6389,1.5,1.5
19.3,4.3991,0.0097,-0.0022,0.4998,-0.0076,0.5,-0.0032,2.6389,1.5,1.5
19.3,4.3991,0.0097,-0.0022,0.4998,-0.0076,0.5,-0.0039,2.6389,1.5,1.5
19.3,4.3991,0.0097,-0.0022,0.4998,-0.0076,0.5,-0.0037,2.6389,1.5,1.5
19.333,4.4157,0.0097,-0.0025,0.4996,-0.0068,0.5,-0.0028,2.6695,1.5,1.5
19.333,4.4157,0.0097,-0.0025,0.4996,-0.0068,0.4999,-0.003,2.6695,1.5,1.5
19.35,4.424,0.0097,-0.0026,0.4995,-0.0079,0.5,-0.0047,2.6695,1.5,1.5
19.35,4.424,0.0097,-0.0026,0.4995,-0.0079,0.5,-0.0045,2.6695,1.5,1.5
19.367,4.4324,0.0097,-0.0027,0.4995,-0.0067,0.5,-0.0063,2.6695,1.5,1.5
19.367,4.4324,0.0097,-0.0027,0.4995,-0.0067,0.4999,-0.0084,2.6695,1.5,1.5
19.4,4.449,0.0097,-0.0028,0.4995,-0.0066,0.5,-0.0088,2.6695,1.5,1.5
19.4,4.449,0.0097,-0.0028,0.4995,-0.0066,0.5,-0.0071,2.6695,1.5,1.5
19.417,4.4573,0.0097,-0.003,0.4995,-0.0068,0.4992,-0.0013,2.6695,1.5,1.5
19.417,4.4573,0.0097,-0.003,0.4995,-0.0068,0.4999,-0.002,2.6055,1.5,1.5
19.417,4.4573,0.0097,-0.003,0.4995,-0.0068,0.4999,-0.003,2.6055,1.5,1.5
19.45,4.474,0.0097,-0.0032,0.4995,-0.0071,0.5,-0.0054,2.6055,1.5,1.5
19.467,4.4823,0.0097,-0.0032,0.4995,-0.007,0.5,-0.0055,2.6055,1.5,1.5
19.467,4.4823,0.0097,-0.0032,0.4995,-0.007,0.5,-0.0026,2.6055,1.5,1.5
19.467,4.4823,0.0097,-0.0032,0.4995,-0.007,0.5,-0.0042,2.6055,1.5,1.5
19.5,4.499,0.0096,-0.0035,0.4997,-0.0065,0.5,-0.0035,2.6055,1.5,1.5
19.5,4.499,0.0096,-0.0035,0.4997,-0.0065,0.5,-0.0028,2.6055,1.5,1.5
19.517,4.5073,0.0096,-0.0036,0.4997,-0.0057,0.5,-0.0027,2.6055,1.5,1.5
19.533,4.5157,0.0096,-0.0037,0.4998,-0.0064,0.5,-0.0002,2.6929,1.5,1.5
19.533,4.5157,0.0096,-0.0037,0.4998,-0.0064,0.5,-0.0032,2.6929,1.5,1.5
19.533,4.5157,0.0096,-0.0037,0.4998,-0.0064,0.5,-0.0027,2.6929,1.5,1.5
19.567,4.5323,0.0096,-0.0038,0.4999,-0.0065,0.5,-0.0099,2.6929,1.5,1.5
19.567,4.5323,0.0096,-0.0038,0.4999,-0.0065,0.5,-0.0091,2.6929,1.5,1.5
19.583,4.5407,0.0096,-0.0039,0.5,-0.0059,0.5,-0.0062,2.6929,1.5,1.5
19.583,4.5407,0.0096,-0.0039,0.5,-0.0059,0.5,-0.0039,2.6929,1.5,1.5
19.583,4.5407,0.0096,-0.0039,0.5,-0.0059,0.5,-0.0044,2.6929,1.5,1.5
19.617,4.5573,0.0095,-0.004,0.5002,-0.006,0.5,-0.0033,2.6929,1.5,1.5
19.633,4.5657,0.0095,-0.004,0.5002,-0.0063,0.5,-0.0003,2.5872,1.5,1.5
19.633,4.5657,0.0095,-0.004,0.5002,-0.0063,0.5,-0.0035,2.5872,1.5,1.5
19.633,4.5657,0.0095,-0.004,0.5002,-0.0063,0.5,-0.0054,2.5872,1.5,1.5
19.667,4.5824,0.0094,-0.0041,0.5004,-0.0053,0.5,-0.007,2.5872,1.5,1.5
19.667,4.5824,0.0094,-0.0041,0.5004,-0.0053,0.5,-0.0049,2.5872,1.5,1.5
19.683,4.5907,0.0094,-0.0042,0.5004,-0.0028,0.5,-0.0043,2.5872,1.5,1.5
19.7,4.5991,0.0094,-0.0043,0.5005,-0.0045,0.5,-0.0032,2.5872,1.5,1.5
19.7,4.5991,0.0094,-0.0043,0.5005,-0.0045,0.5,-0.0031,2.5872,1.5,1.5
19.7,4.5991,0.0094,-0.0043,0.5005,-0.0045,0.5,0.0018,2.5872,1.5,1.5
19.733,4.6157,0.0093,-0.0044,0.5006,-0.0045,0.5,-0.0029,2.6169,1.5,1.5
19.733,4.6157,0.0093,-0.0044,0.5006,-0.0045,0.5,-0.0017,2.6169,1.5,1.5
19.75,4.6241,0.0093,-0.0044,0.5007,-0.0042,0.5,-0.0051,2.6169,1.5,1.5
19.75,4.6241,0.0093,-0.0044,0.5007,-0.0042,0.5,-0.005,2.6169,1.5,1.5
19.75,4.6241,0.0093,-0.0044,0.5007,-0.0042,0.5,-0.0048,2.6169,1.5,1.5
19.783,4.6408,0.0093,-0.0046,0.5007,-0.0043,0.5,-0.0008,2.6169,1.5,1.5
19.8,4.6491,0.0092,-0.0046,0.5008,-0.0044,0.5,-0.0,2.6169,1.5,1.5
19.8,4.6491,0.0092,-0.0046,0.5008,-0.0044,0.5,0.0001,2.6169,1.5,1.5
19.8,4.6491,0.0092,-0.0046,0.5008,-0.0044,0.5,-0.0024,2.6169,1.5,1.5
19.833,4.6658,0.0092,-0.0047,0.5008,-0.005,0.5,-0.0013,2.608,1.5,1.5
19.833,4.6658,0.0092,-0.0047,0.5008,-0.005,0.5,-0.0034,2.608,1.5,1.5
19.85,4.6742,0.0091,-0.0048,0.5008,-0.0041,0.5,-0.0049,2.608,1.5,1.5
19.867,4.6825,0.0091,-0.0048,0.5007,-0.003,0.5,-0.0006,2.608,1.5,1.5
19.867,4.6825,0.0091,-0.0048,0.5007,-0.003,0.4992,-0.0013,2.608,1.5,1.5
19.867,4.6825,0.0091,-0.0048,0.5007,-0.003,0.4999,-0.0062,2.608,1.5,1.5
19.9,4.6992,0.009,-0.005,0.5006,-0.0032,0.4999,-0.0056,2.608,1.5,1.5
19.9,4.6992,0.009,-0.005,0.5006,-0.0032,0.5,-0.0024,2.608,1.5,1.5
19.917,4.7076,0.009,-0.005,0.5006,-0.0042,0.5,-0.0031,2.608,1.5,1.5
19.917,4.7076,0.009,-0.005,0.5006,-0.0042,0.5,-0.0045,2.6295,1.5,1.5
19.917,4.7076,0.009,-0.005,0.5006,-0.0042,0.5,-0.0033,2.6295,1.5,1.5
19.95,4.7242,0.0089,-0.0051,0.5005,-0.0032,0.5,-0.0058,2.6295,1.5,1.5
19.967,4.7326,0.0089,-0.0052,0.5004,-0.0034,0.5,-0.0048,2.6295,1.5,1.5
19.967,4.7326,0.0089,-0.0052,0.5004,-0.0034,0.5,-0.0058,2.6295,1.5,1.5
19.967,4.7326,0.0089,-0.0052,0.5004,-0.0034,0.5,-0.0079,2.6295,1.5,1.5
20.0,4.7493,0.0088,-0.0053,0.5003,-0.0044,0.5,-0.0082,2.6295,1.5,1.5
20.0,4.7493,0.0088,-0.0053,0.5003,-0.0044,0.5,-0.0059,2.6295,1.5,1.5
20.017,4.7576,0.0088,-0.0054,0.5001,-0.0029,0.5,-0.0074,2.6295,1.5,1.5
20.033,4.7659,0.0088,-0.0055,0.5001,-0.0046,0.5,-0.0074,2.6036,1.5,1.5
20.033,4.7659,0.0088,-0.0055,0.5001,-0.0046,0.5,-0.0031,2.6036,1.5,1.5
20.033,4.7659,0.0088,-0.0055,0.5001,-0.0046,0.5,-0.0008,2.6036,1.5,1.5
20.067,4.7826,0.0087,-0.0057,0.5,-0.0045,0.5,-0.0009,2.6036,1.5,1.5
20.067,4.7826,0.0087,-0.0057,0.5,-0.0045,0.4999,-0.0009,2.6036,1.5,1.5
20.083,4.7909,0.0087,-0.0058,0.4999,-0.004,0.5,-0.0029,2.6036,1.5,1.5
20.083,4.7909,0.0087,-0.0058,0.4999,-0.004,0.5,-0.0002,2.6036,1.5,1.5
20.083,4.7909,0.0087,-0.0058,0.4999,-0.004,0.5,-0.0009,2.6036,1.5,1.5
20.117,4.8076,0.0086,-0.006,0.4998,-0.0043,0.5,0.0002,2.6036,1.5,1.5
20.117,4.8076,0.0086,-0.006,0.4998,-0.0043,0.5,-0.0011,2.6089,1.5,1.5
20.133,4.8159,0.0086,-0.0061,0.4996,-0.0054,0.5,0.001,2.6089,1.5,1.5
20.133,4.8159,0.0086,-0.0061,0.4996,-0.0054,0.5,0.0027,2.6089,1.5,1.5
20.167,4.8326,0.0085,-0.0063,0.4995,-0.0055,0.5,0.0012,2.6089,1.5,1.5
20.167,4.8326,0.0085,-0.0063,0.4995,-0.0055,0.5,0.0013,2.6089,1.5,1.5
20.183,4.8409,0.0085,-0.0064,0.4995,-0.0069,0.4998,0.0015,2.6089,1.5,1.5
20.2,4.8492,0.0084,-0.0065,0.4994,-0.0067,0.5,-0.0057,2.6089,1.5,1.5
20.2,4.8492,0.0084,-0.0065,0.4994,-0.0067,0.5,-0.007,2.6089,1.5,1.5
20.2,4.8492,0.0084,-0.0065,0.4994,-0.0067,0.5,-0.006,2.6089,1.5,1.5
20.233,4.8659,0.0084,-0.0067,0.4995,-0.0064,0.5,-0.006,2.6417,1.5,1.5
20.233,4.8659,0.0084,-0.0067,0.4995,-0.0064,0.5,-0.0019,2.6417,1.5,1.5
20.25,4.8742,0.0083,-0.0067,0.4995,-0.0074,0.5,-0.0057,2.6417,1.5,1.5
20.25,4.8742,0.0083,-0.0067,0.4995,-0.0074,0.5,-0.0051,2.6417,1.5,1.5
20.25,4.8742,0.0083,-0.0067,0.4995,-0.0074,0.5,-0.0029,2.6417,1.5,1.5
20.283,4.8909,0.0082,-0.0069,0.4996,-0.0063,0.5,-0.0001,2.6417,1.5,1.5
20.3,4.8992,0.0082,-0.0069,0.4996,-0.006,0.4994,-0.0012,2.6417,1.5,1.5
20.3,4.8992,0.0082,-0.0069,0.4996,-0.006,0.4999,-0.0014,2.6417,1.5,1.5
20.3,4.8992,0.0082,-0.0069,0.4996,-0.006,0.4999,-0.0005,2.6417,1.5,1.5
20.333,4.9159,0.0081,-0.007,0.4997,-0.0046,0.5,-0.0032,2.6273,1.5,1.5
20.333,4.9159,0.0081,-0.007,0.4997,-0.0046,0.5,-0.0025,2.6273,1.5,1.5
20.35,4.9242,0.008,-0.0071,0.4998,-0.005,0.5,-0.0053,2.6273,1.5,1.5
20.367,4.9325,0.008,-0.0071,0.4999,-0.0051,0.5,-0.0002,2.6273,1.5,1.5
20.367,4.9325,0.008,-0.0071,0.4999,-0.0051,0.5,-0.0012,2.6273,1.5,1.5
20.367,4.9325,0.008,-0.0071,0.4999,-0.0051,0.5,-0.0016,2.6273,1.5,1.5
20.4,4.9492,0.0079,-0.0073,0.5,-0.0047,0.5,-0.0031,2.6273,1.5,1.5
20.4,4.9492,0.0079,-0.0073,0.5,-0.0047,0.5,-0.0054,2.6273,1.5,1.5
20.417,4.9575,0.0078,-0.0073,0.5001,-0.0056,0.5,-0.0045,2.6273,1.5,1.5
20.417,4.9575,0.0078,-0.0073,0.5001,-0.0056,0.5,-0.0009,2.6257,1.5,1.5
20.417,4.9575,0.0078,-0.0073,0.5001,-0.0056,0.5,0.0006,2.6257,1.5,1.5
20.45,4.9742,0.0077,-0.0074,0.5002,-0.0051,0.5,-0.0012,2.6257,1.5,1.5
20.467,4.9826,0.0077,-0.0075,0.5003,-0.0042,0.5,-0.0028,2.6257,1.5,1.5
20.467,4.9826,0.0077,-0.0075,0.5003,-0.0042,0.5,-0.0062,2.6257,1.5,1.5
20.467,4.9826,0.0077,-0.0075,0.5003,-0.0042,0.5,-0.004,2.6257,1.5,1.5
20.5,4.9992,0.0076,-0.0076,0.5004,-0.0044,0.5,-0.0041,2.6257,1.5,1.5
20.5,4.9992,0.0076,-0.0076,0.5004,-0.0044,0.5,-0.0052,2.6257,1.5,1.5
20.517,5.0076,0.0075,-0.0076,0.5005,-0.0035,0.5,-0.0091,2.6257,1.5,1.5
20.533,5.0159,0.0075,-0.0076,0.5005,-0.003,0.5,-0.0039,2.6466,1.5,1.5
20.533,5.0159,0.0075,-0.0076,0.5005,-0.003,0.5,-0.001,2.6466,1.5,1.5
20.533,5.0159,0.0075,-0.0076,0.5005,-0.003,0.5,0.0025,2.6466,1.5,1.5
20.567,5.0326,0.0073,-0.0077,0.5006,-0.0038,0.5,0.002,2.6466,1.5,1.5
20.567,5.0326,0.0073,-0.0077,0.5006,-0.0038,0.5,0.0017,2.6466,1.5,1.5
20.583,5.041,0.0073,-0.0077,0.5006,-0.0028,0.5,-0.0028,2.6466,1.5,1.5
20.583,5.041,0.0073,-0.0077,0.5006,-0.0028,0.4999,-0.0018,2.6466,1.5,1.5
20.583,5.041,0.0073,-0.0077,0.5006,-0.0028,0.5,-0.004,2.6466,1.5,1.5
20.617,5.0577,0.0072,-0.0078,0.5008,-0.0036,0.5,-0.0004,2.6466,1.5,1.5
20.633,5.066,0.0071,-0.0078,0.5007,-0.001,0.5,-0.0005,2.6175,1.5,1.5
20.633,5.066,0.0071,-0.0078,0.5007,-0.001,0.5,0.0024,2.6175,1.5,1.5
20.633,5.066,0.0071,-0.0078,0.5007,-0.001,0.5,0.0023,2.6175,1.5,1.5
20.667,5.0827,0.007,-0.0078,0.5007,-0.0028,0.5,-0.001,2.6175,1.5,1.5
20.667,5.0827,0.007,-0.0078,0.5007,-0.0028,0.5,-0.0023,2.6175,1.5,1.5
20.683,5.091,0.0069,-0.0079,0.5007,-0.0034,0.5,-0.0032,2.6175,1.5,1.5
20.683,5.091,0.0069,-0.0079,0.5007,-0.0034,0.5,-0.0048,2.6175,1.5,1.5
20.7,5.0994,0.0069,-0.0079,0.5007,-0.0026,0.5,-0.0042,2.6175,1.5,1.5
20.7,5.0994,0.0069,-0.0079,0.5007,-0.0026,0.5,-0.0062,2.6175,1.5,1.5
20.733,5.1161,0.0067,-0.0081,0.5006,-0.0017,0.5,-0.0014,2.6511,1.5,1.5
20.733,5.1161,0.0067,-0.0081,0.5006,-0.0017,0.5,-0.0007,2.6511,1.5,1.5
20.75,5.1244,0.0067,-0.0081,0.5005,-0.0027,0.5,0.0017,2.6511,1.5,1.5
20.75,5.1244,0.0067,-0.0081,0.5005,-0.0027,0.5,-0.0015,2.6511,1.5,1.5
20.75,5.1244,0.0067,-0.0081,0.5005,-0.0027,0.5,-0.0027,2.6511,1.5,1.5
20.783,5.1411,0.0065,-0.0081,0.5004,-0.0026,0.5,-0.0024,2.6511,1.5,1.5
20.783,5.1411,0.0065,-0.0081,0.5004,-0.0026,0.4998,-0.0001,2.6511,1.5,1.5
20.8,5.1494,0.0065,-0.0082,0.5004,-0.0015,0.5,0.0034,2.6511,1.5,1.5
20.8,5.1494,0.0065,-0.0082,0.5004,-0.0015,0.5,-0.0027,2.6511,1.5,1.5
20.833,5.1661,0.0064,-0.0083,0.5002,-0.0018,0.5,-0.0027,2.5736,1.5,1.5
20.833,5.1661,0.0064,-0.0083,0.5002,-0.0018,0.5,-0.0044,2.5736,1.5,1.5
20.85,5.1745,0.0063,-0.0084,0.5001,-0.003,0.5,-0.0013,2.5736,1.5,1.5
20.85,5.1745,0.0063,-0.0084,0.5001,-0.003,0.5,0.0011,2.5736,1.5,1.5
20.867,5.1828,0.0062,-0.0084,0.5,-0.0029,0.5,-0.0007,2.5736,1.5,1.5
20.867,5.1828,0.0062,-0.0084,0.5,-0.0029,0.5,-0.0032,2.5736,1.5,1.5
20.867,5.1828,0.0062,-0.0084,0.5,-0.0029,0.5,-0.0022,2.5736,1.5,1.5
20.9,5.1995,0.0061,-0.0085,0.4999,-0.0029,0.5,-0.0038,2.5736,1.5,1.5
20.917,5.2078,0.0061,-0.0086,0.4998,-0.0033,0.5,-0.0036,2.5736,1.5,1.5
20.917,5.2078,0.0061,-0.0086,0.4998,-0.0033,0.4995,-0.0029,2.6098,1.5,1.5
20.917,5.2078,0.0061,-0.0086,0.4998,-0.0033,0.4999,-0.0039,2.6098,1.5,1.5
20.95,5.2244,0.0059,-0.0087,0.4997,-0.0043,0.5,-0.0027,2.6098,1.5,1.5
20.95,5.2244,0.0059,-0.0087,0.4997,-0.0043,0.5,-0.0062,2.6098,1.5,1.5
20.967,5.2328,0.0059,-0.0088,0.4997,-0.0048,0.5,-0.0074,2.6098,1.5,1.5
20.967,5.2328,0.0059,-0.0088,0.4997,-0.0048,0.5,-0.0084,2.6098,1.5,1.5
20.967,5.2328,0.0059,-0.0088,0.4997,-0.0048,0.5,-0.007,2.6098,1.5,1.5
21.0,5.2494,0.0058,-0.0089,0.4995,-0.0043,0.5,-0.006,2.6098,1.5,1.5
21.017,5.2578,0.0057,-0.009,0.4995,-0.0041,0.5,-0.008,2.6098,1.5,1.5
21.017,5.2578,0.0057,-0.009,0.4995,-0.0041,0.4998,-0.0068,2.6243,1.5,1.5
21.033,5.2661,0.0056,-0.0091,0.4995,-0.0042,0.5,-0.0064,2.6243,1.5,1.5
21.033,5.2661,0.0056,-0.0091,0.4995,-0.0042,0.5,-0.004,2.6243,1.5,1.5
21.033,5.2661,0.0056,-0.0091,0.4995,-0.0042,0.5,-0.0032,2.6243,1.5,1.5
21.067,5.2827,0.0055,-0.0092,0.4994,-0.0043,0.5,-0.0003,2.6243,1.5,1.5
21.083,5.2911,0.0054,-0.0092,0.4995,-0.0044,0.5,0.0004,2.6243,1.5,1.5
21.083,5.2911,0.0054,-0.0092,0.4995,-0.0044,0.5,0.0004,2.6243,1.5,1.5
21.083,5.2911,0.0054,-0.0092,0.4995,-0.0044,0.5,-0.0047,2.6243,1.5,1.5
21.117,5.3077,0.0053,-0.0093,0.4997,-0.0042,0.4998,-0.0011,2.6243,1.5,1.5
21.117,5.3077,0.0053,-0.0093,0.4997,-0.0042,0.5,-0.0049,2.6243,1.5,1.5
21.133,5.316,0.0052,-0.0094,0.4997,-0.0043,0.5,-0.0016,2.6053,1.5,1.5
21.133,5.316,0.0052,-0.0094,0.4997,-0.0043,0.5,-0.0022,2.6053,1.5,1.5
21.133,5.316,0.0052,-0.0094,0.4997,-0.0043,0.5,0.001,2.6053,1.5,1.5
21.167,5.3327,0.0051,-0.0096,0.4997,-0.0044,0.4996,0.0016,2.6053,1.5,1.5
21.183,5.341,0.005,-0.0096,0.4998,-0.0056,0.4999,0.0021,2.6053,1.5,1.5
21.183,5.341,0.005,-0.0096,0.4998,-0.0056,0.5,-0.001,2.6053,1.5,1.5
21.2,5.3494,0.005,-0.0096,0.4999,-0.0052,0.5,-0.001,2.6053,1.5,1.5
21.2,5.3494,0.005,-0.0096,0.4999,-0.0052,0.5,-0.0018,2.6053,1.5,1.5
21.2,5.3494,0.005,-0.0096,0.4999,-0.0052,0.5,0.0012,2.6064,1.5,1.5
21.233,5.366,0.0048,-0.0098,0.5001,-0.0037,0.5,-0.0032,2.6064,1.5,1.5
21.25,5.3744,0.0048,-0.0098,0.5,-0.0051,0.5,-0.0034,2.6064,1.5,1.5
21.25,5.3744,0.0048,-0.0098,0.5,-0.0051,0.5,-0.0038,2.6064,1.5,1.5
21.25,5.3744,0.0048,-0.0098,0.5,-0.0051,0.5,-0.0007,2.6064,1.5,1.5
21.283,5.3911,0.0046,-0.0099,0.5003,-0.0045,0.5,0.0001,2.6064,1.5,1.5
21.283,5.3911,0.0046,-0.0099,0.5003,-0.0045,0.5,-0.0006,2.6064,1.5,1.5
21.3,5.3994,0.0045,-0.0099,0.5003,-0.0032,0.4993,-0.0016,2.6064,1.5,1.5
21.3,5.3994,0.0045,-0.0099,0.5003,-0.0032,0.4997,-0.004,2.6064,1.5,1.5
21.3,5.3994,0.0045,-0.0099,0.5003,-0.0032,0.4999,-0.0026,2.5896,1.5,1.5
21.333,5.4161,0.0044,-0.0099,0.5005,-0.003,0.5,-0.0019,2.5896,1.5,1.5
21.35,5.4244,0.0043,-0.01,0.5005,-0.0034,0.5,-0.0005,2.5896,1.5,1.5
21.35,5.4244,0.0043,-0.01,0.5005,-0.0034,0.5,-0.0016,2.5896,1.5,1.5
21.367,5.4328,0.0042,-0.01,0.5006,-0.0019,0.5,-0.0017,2.5896,1.5,1.5
21.367,5.4328,0.0042,-0.01,0.5006,-0.0019,0.5,-0.0016,2.5896,1.5,1.5
21.367,5.4328,0.0042,-0.01,0.5006,-0.0019,0.5,-0.0016,2.5896,1.5,1.5
21.4,5.4495,0.004,-0.01,0.5006,-0.0026,0.5,-0.001,2.5896,1.5,1.5
21.417,5.4578,0.004,-0.01,0.5007,-0.0019,0.5,-0.0017,2.5896,1.5,1.5
21.417,5.4578,0.004,-0.01,0.5007,-0.0019,0.5,-0.0049,2.6757,1.5,1.5
21.417,5.4578,0.004,-0.01,0.5007,-0.0019,0.5,-0.0006,2.6757,1.5,1.5
21.45,5.4745,0.0038,-0.0101,0.5005,-0.0018,0.5,0.0004,2.6757,1.5,1.5
21.45,5.4745,0.0038,-0.0101,0.5005,-0.0018,0.5,-0.0006,2.6757,1.5,1.5
21.467,5.4829,0.0037,-0.0101,0.5007,-0.0014,0.5,0.0,2.6757,1.5,1.5
21.467,5.4829,0.0037,-0.0101,0.5007,-0.0014,0.5,-0.0013,2.6757,1.5,1.5
21.467,5.4829,0.0037,-0.0101,0.5007,-0.0014,0.5,-0.0034,2.6757,1.5,1.5
21.5,5.4995,0.0035,-0.0101,0.5007,-0.0013,0.5,-0.0021,2.6757,1.5,1.5
21.517,5.5079,0.0035,-0.0101,0.5007,-0.0011,0.5,-0.0011,2.6757,1.5,1.5
21.517,5.5079,0.0035,-0.0101,0.5007,-0.0011,0.5,-0.0003,2.6012,1.5,1.5
21.533,5.5162,0.0034,-0.0101,0.5007,-0.0012,0.5,-0.0023,2.6012,1.5,1.5
21.533,5.5162,0.0034,-0.0101,0.5007,-0.0012,0.5,-0.0027,2.6012,1.5,1.5
21.533,5.5162,0.0034,-0.0101,0.5007,-0.0012,0.5,-0.0024,2.6012,1.5,1.5
21.567,5.5329,0.0032,-0.0102,0.5006,-0.0019,0.5,-0.0009,2.6012,1.5,1.5
21.583,5.5413,0.0031,-0.0102,0.5005,-0.0014,0.5,-0.0013,2.6012,1.5,1.5
21.583,5.5413,0.0031,-0.0102,0.5005,-0.0014,0.5,-0.0017,2.6012,1.5,1.5
21.583,5.5413,0.0031,-0.0102,0.5005,-0.0014,0.5,-0.0014,2.6012,1.5,1.5
21.617,5.5579,0.003,-0.0103,0.5004,-0.0009,0.5,0.0006,2.6012,1.5,1.5
21.617,5.5579,0.003,-0.0103,0.5004,-0.0009,0.5,0.0024,2.6093,1.5,1.5
21.633,5.5663,0.0029,-0.0103,0.5003,-0.002,0.4998,0.0023,2.6093,1.5,1.5
21.633,5.5663,0.0029,-0.0103,0.5003,-0.002,0.5,-0.0002,2.6093,1.5,1.5
21.633,5.5663,0.0029,-0.0103,0.5003,-0.002,0.5,-0.0056,2.6093,1.5,1.5
21.633,5.5663,0.0029,-0.0103,0.5003,-0.002,0.5,-0.0027,2.6093,1.5,1.5
21.667,5.5829,0.0027,-0.0104,0.5001,-0.0015,0.5,0.0003,2.6093,1.5,1.5
21.683,5.5913,0.0027,-0.0104,0.5001,-0.0023,0.5,0.0005,2.6093,1.5,1.5
21.683,5.5913,0.0027,-0.0104,0.5001,-0.0023,0.5,-0.0023,2.6093,1.5,1.5
21.7,5.5996,0.0026,-0.0105,0.5,-0.0021,0.5,-0.0024,2.6093,1.5,1.5
21.7,5.5996,0.0026,-0.0105,0.5,-0.0021,0.4996,-0.0012,2.6093,1.5,1.5
21.7,5.5996,0.0026,-0.0105,0.5,-0.0021,0.4999,-0.004,2.6093,1.5,1.5
21.733,5.6163,0.0024,-0.0106,0.4998,-0.003,0.4999,-0.0059,2.6,1.5,1.5
21.75,5.6246,0.0023,-0.0106,0.4998,-0.0034,0.5,-0.0043,2.6,1.5,1.5
21.75,5.6246,0.0023,-0.0106,0.4998,-0.0034,0.5,-0.0021,2.6,1.5,1.5
21.75,5.6246,0.0023,-0.0106,0.4998,-0.0034,0.5,-0.0045,2.6,1.5,1.5
21.783,5.6413,0.0022,-0.0107,0.4996,-0.0035,0.5,-0.0004,2.6,1.5,1.5
21.783,5.6413,0.0022,-0.0107,0.4996,-0.0035,0.4988,-0.001,2.6,1.5,1.5
21.8,5.6496,0.0021,-0.0108,0.4996,-0.004,0.4998,-0.0043,2.6,1.5,1.5
21.8,5.6496,0.0021,-0.0108,0.4996,-0.004,0.4999,-0.0049,2.6,1.5,1.5
21.8,5.6496,0.0021,-0.0108,0.4996,-0.004,0.5,-0.0062,2.586,1.5,1.5
21.833,5.6662,0.0019,-0.0109,0.4995,-0.0031,0.5,-0.0021,2.586,1.5,1.5
21.833,5.6662,0.0019,-0.0109,0.4995,-0.0031,0.5,-0.0007,2.586,1.5,1.5
21.85,5.6746,0.0019,-0.0109,0.4995,-0.0038,0.5,-0.0015,2.586,1.5,1.5
21.867,5.6829,0.0018,-0.011,0.4994,-0.0034,0.5,-0.0023,2.586,1.5,1.5
21.867,5.6829,0.0018,-0.011,0.4994,-0.0034,0.5,-0.0021,2.586,1.5,1.5
21.867,5.6829,0.0018,-0.011,0.4994,-0.0034,0.5,-0.0008,2.586,1.5,1.5
21.9,5.6995,0.0016,-0.0111,0.4995,-0.0031,0.5,-0.0014,2.586,1.5,1.5
21.9,5.6995,0.0016,-0.0111,0.4995,-0.0031,0.5,-0.0007,2.586,1.5,1.5
21.917,5.7079,0.0015,-0.0112,0.4996,-0.0051,0.5,-0.0036,2.586,1.5,1.5
21.917,5.7079,0.0015,-0.0112,0.4996,-0.0051,0.5,-0.0042,2.5984,1.5,1.5
21.917,5.7079,0.0015,-0.0112,0.4996,-0.0051,0.5,-0.0072,2.5984,1.5,1.5
21.95,5.7245,0.0014,-0.0113,0.4996,-0.0037,0.5,-0.0055,2.5984,1.5,1.5
21.967,5.7329,0.0013,-0.0113,0.4997,-0.0051,0.5,-0.0014,2.5984,1.5,1.5
21.967,5.7329,0.0013,-0.0113,0.4997,-0.0051,0.5,-0.0029,2.5984,1.5,1.5
21.967,5.7329,0.0013,-0.0113,0.4997,-0.0051,0.5,-0.0067,2.5984,1.5,1.5
22.0,5.7495,0.0011,-0.0114,0.4999,-0.0043,0.5,-0.0072,2.5984,1.5,1.5
22.017,5.7579,0.001,-0.0115,0.4999,-0.0037,0.5,-0.004,2.5984,1.5,1.5
22.017,5.7579,0.001,-0.0115,0.4999,-0.0037,0.4999,-0.0025,2.5916,1.5,1.5
22.033,5.7662,0.0009,-0.0115,0.5,-0.0037,0.5,-0.0037,2.5916,1.5,1.5
22.033,5.7662,0.0009,-0.0115,0.5,-0.0037,0.5,-0.0046,2.5916,1.5,1.5
22.033,5.7662,0.0009,-0.0115,0.5,-0.0037,0.5,-0.0035,2.5916,1.5,1.5
22.067,5.7829,0.0008,-0.0115,0.5002,-0.0032,0.5,-0.0001,2.5916,1.5,1.5
22.067,5.7829,0.0008,-0.0115,0.5002,-0.0032,0.4989,-0.0021,2.5916,1.5,1.5
22.083,5.7912,0.0007,-0.0116,0.5002,-0.0024,0.4998,-0.0042,2.5916,1.5,1.5
22.083,5.7912,0.0007,-0.0116,0.5002,-0.0024,0.4999,-0.0009,2.5916,1.5,1.5
22.083,5.7912,0.0007,-0.0116,0.5002,-0.0024,0.5,0.0011,2.5916,1.5,1.5
22.117,5.8079,0.0005,-0.0117,0.5004,-0.0017,0.5,-0.0013,2.5916,1.5,1.5
22.133,5.8163,0.0004,-0.0117,0.5004,-0.003,0.5,-0.0009,2.5728,1.5,1.5
22.133,5.8163,0.0004,-0.0117,0.5004,-0.003,0.5,0.0014,2.5728,1.5,1.5
22.133,5.8163,0.0004,-0.0117,0.5004,-0.003,0.5,-0.0008,2.5728,1.5,1.5
22.167,5.8329,0.0002,-0.0118,0.5004,-0.0024,0.5,0.0009,2.5728,1.5,1.5
22.183,5.8413,0.0001,-0.0118,0.5006,-0.0028,0.5,0.0007,2.5728,1.5,1.5
22.183,5.8413,0.0001,-0.0118,0.5006,-0.0028,0.5,0.0007,2.5728,1.5,1.5
22.2,5.8496,0.0,-0.0118,0.5006,-0.003,0.5,-0.0032,2.5728,1.5,1.5
22.2,5.8496,0.0,-0.0118,0.5006,-0.003,0.5,-0.0035,2.5728,1.5,1.5
22.2,5.8496,0.0,-0.0118,0.5006,-0.003,0.5,-0.0015,2.5728,1.5,1.5
22.233,5.8663,-0.0002,-0.0118,0.5006,-0.0028,0.5,0.001,2.5752,1.5,1.5
22.233,5.8663,-0.0002,-0.0118,0.5006,-0.0028,0.5,-0.0005,2.5752,1.5,1.5
22.25,5.8747,-0.0003,-0.0118,0.5007,-0.0022,0.5,-0.0026,2.5752,1.5,1.5
22.25,5.8747,-0.0003,-0.0118,0.5007,-0.0022,0.5,-0.0059,2.5752,1.5,1.5
22.25,5.8747,-0.0003,-0.0118,0.5007,-0.0022,0.5,-0.0022,2.5752,1.5,1.5
22.283,5.8914,-0.0005,-0.0118,0.5007,-0.0012,0.5,-0.0006,2.5752,1.5,1.5
22.3,5.8997,-0.0006,-0.0118,0.5008,-0.0017,0.5,0.0008,2.5752,1.5,1.5
22.3,5.8997,-0.0006,-0.0118,0.5008,-0.0017,0.5,-0.0035,2.5752,1.5,1.5
22.3,5.8997,-0.0006,-0.0118,0.5008,-0.0017,0.5,-0.0045,2.5752,1.5,1.5
22.333,5.9164,-0.0008,-0.0119,0.5007,-0.0002,0.5,-0.0046,2.5818,1.5,1.5
22.333,5.9164,-0.0008,-0.0119,0.5007,-0.0002,0.5,0.0005,2.5818,1.5,1.5
22.35,5.9247,-0.0009,-0.0119,0.5007,-0.0012,0.5,0.0019,2.5818,1.5,1.5
22.367,5.9331,-0.001,-0.0119,0.5006,-0.0014,0.5,0.0006,2.5818,1.5,1.5
22.367,5.9331,-0.001,-0.0119,0.5006,-0.0014,0.5,-0.001,2.5818,1.5,1.5
22.367,5.9331,-0.001,-0.0119,0.5006,-0.0014,0.5,0.0009,2.5818,1.5,1.5
22.4,5.9498,-0.0011,-0.012,0.5005,-0.0003,0.5,0.001,2.5818,1.5,1.5
22.4,5.9498,-0.0011,-0.012,0.5005,-0.0003,0.5,0.0029,2.5818,1.5,1.5
22.417,5.9581,-0.0012,-0.012,0.5004,-0.0015,0.5,0.0006,2.5818,1.5,1.5
22.417,5.9581,-0.0012,-0.012,0.5004,-0.0015,0.5,-0.0015,2.5737,1.5,1.5
22.417,5.9581,-0.0012,-0.012,0.5004,-0.0015,0.5,-0.0032,2.5737,1.5,1.5
22.45,5.9748,-0.0014,-0.0121,0.5003,-0.0012,0.5,-0.0043,2.5737,1.5,1.5
22.467,5.9831,-0.0015,-0.0121,0.5002,-0.0027,0.5,-0.0021,2.5737,1.5,1.5
22.467,5.9831,-0.0015,-0.0121,0.5002,-0.0027,0.5,-0.0004,2.5737,1.5,1.5
22.467,5.9831,-0.0015,-0.0121,0.5002,-0.0027,0.5,-0.0005,2.5737,1.5,1.5
22.5,5.9998,-0.0017,-0.0122,0.5001,-0.0022,0.5,-0.0014,2.5737,1.5,1.5
22.5,5.9998,-0.0017,-0.0122,0.5001,-0.0022,0.4999,0.001,2.5737,1.5,1.5
22.517,6.0081,-0.0018,-0.0122,0.5,-0.0025,0.5,-0.0004,2.5737,1.5,1.5
22.533,6.0165,-0.0019,-0.0123,0.4999,-0.0029,0.4999,0.0008,2.6215,1.5,1.5
22.533,6.0165,-0.0019,-0.0123,0.4999,-0.0029,0.5,-0.0006,2.6215,1.5,1.5
22.533,6.0165,-0.0019,-0.0123,0.4999,-0.0029,0.5,-0.0023,2.6215,1.5,1.5
22.567,6.0331,-0.0021,-0.0124,0.4997,-0.0026,0.5,-0.0058,2.6215,1.5,1.5
22.567,6.0331,-0.0021,-0.0124,0.4997,-0.0026,0.5,-0.0001,2.6215,1.5,1.5
22.583,6.0414,-0.0022,-0.0124,0.4997,-0.0024,0.5,-0.0011,2.6215,1.5,1.5
22.583,6.0414,-0.0022,-0.0124,0.4997,-0.0024,0.5,-0.0031,2.6215,1.5,1.5
22.583,6.0414,-0.0022,-0.0124,0.4997,-0.0024,0.5,-0.0033,2.6215,1.5,1.5
22.617,6.0581,-0.0024,-0.0125,0.4996,-0.0035,0.5,-0.0048,2.6215,1.5,1.5
22.633,6.0664,-0.0025,-0.0126,0.4996,-0.0042,0.5,-0.0059,2.5494,1.5,1.5
22.633,6.0664,-0.0025,-0.0126,0.4996,-0.0042,0.5,-0.0056,2.5494,1.5,1.5
22.633,6.0664,-0.0025,-0.0126,0.4996,-0.0042,0.5,-0.0047,2.5494,1.5,1.5
22.667,6.0831,-0.0027,-0.0126,0.4995,-0.0042,0.5,-0.0059,2.5494,1.5,1.5
22.667,6.0831,-0.0027,-0.0126,0.4995,-0.0042,0.5,-0.0063,2.5494,1.5,1.5
22.683,6.0914,-0.0028,-0.0127,0.4995,-0.0032,0.5,-0.0016,2.5494,1.5,1.5
22.7,6.0997,-0.0028,-0.0127,0.4995,-0.0024,0.5,0.0008,2.5494,1.5,1.5
22.7,6.0997,-0.0028,-0.0127,0.4995,-0.0024,0.5,0.0005,2.5494,1.5,1.5
22.7,6.0997,-0.0028,-0.0127,0.4995,-0.0024,0.5,-0.0036,2.5494,1.5,1.5
22.733,6.1164,-0.003,-0.0128,0.4996,-0.0034,0.5,-0.0028,2.5731,1.5,1.5
22.733,6.1164,-0.003,-0.0128,0.4996,-0.0034,0.5,-0.0023,2.5731,1.5,1.5
22.75,6.1247,-0.0031,-0.0129,0.4996,-0.0031,0.5,-0.0013,2.5731,1.5,1.5
22.75,6.1247,-0.0031,-0.0129,0.4996,-0.0031,0.5,-0.0011,2.5731,1.5,1.5
22.75,6.1247,-0.0031,-0.0129,0.4996,-0.0031,0.5,-0.0024,2.5731,1.5,1.5
22.783,6.1414,-0.0033,-0.013,0.4997,-0.0037,0.5,-0.0045,2.5731,1.5,1.5
22.8,6.1497,-0.0034,-0.013,0.4998,-0.0029,0.5,-0.0035,2.5731,1.5,1.5
22.8,6.1497,-0.0034,-0.013,0.4998,-0.0029,0.5,-0.0046,2.5731,1.5,1.5
22.8,6.1497,-0.0034,-0.013,0.4998,-0.0029,0.5,-0.006,2.5731,1.5,1.5
22.833,6.1664,-0.0036,-0.0131,0.5,-0.0045,0.5,-0.0001,2.5638,1.5,1.5
22.833,6.1664,-0.0036,-0.0131,0.5,-0.0045,0.5,-0.0029,2.5638,1.5,1.5
22.85,6.1747,-0.0037,-0.0131,0.5,-0.003,0.5,-0.0009,2.5638,1.5,1.5
22.867,6.1831,-0.0038,-0.0132,0.5001,-0.0036,0.5,-0.0005,2.5638,1.5,1.5
22.867,6.1831,-0.0038,-0.0132,0.5001,-0.0036,0.5,-0.0008,2.5638,1.5,1.5
22.867,6.1831,-0.0038,-0.0132,0.5001,-0.0036,0.5,-0.0075,2.5638,1.5,1.5
22.9,6.1997,-0.0041,-0.0132,0.5002,-0.0028,0.5,-0.005,2.5638,1.5,1.5
22.9,6.1997,-0.0041,-0.0132,0.5002,-0.0028,0.5,-0.0043,2.5638,1.5,1.5
22.917,6.2081,-0.0042,-0.0132,0.5003,-0.0023,0.5,-0.0032,2.5638,1.5,1.5
22.917,6.2081,-0.0042,-0.0132,0.5003,-0.0023,0.5,-0.0009,2.5886,1.5,1.5
22.917,6.2081,-0.0042,-0.0132,0.5003,-0.0023,0.4998,0.0007,2.5886,1.5,1.5
22.95,6.2248,-0.0044,-0.0133,0.5004,-0.0023,0.5,-0.0025,2.5886,1.5,1.5
22.967,6.2331,-0.0045,-0.0133,0.5005,-0.0022,0.4995,-0.0023,2.5886,1.5,1.5
22.967,6.2331,-0.0045,-0.0133,0.5005,-0.0022,0.4991,-0.0026,2.5886,1.5,1.5
22.967,6.2331,-0.0045,-0.0133,0.5005,-0.0022,0.4995,-0.0027,2.5886,1.5,1.5
23.0,6.2498,-0.0047,-0.0134,0.5006,-0.0023,0.4999,-0.0025,2.5886,1.5,1.5
23.0,6.2498,-0.0047,-0.0134,0.5006,-0.0023,0.4998,-0.004,2.5886,1.5,1.5
23.017,6.2581,-0.0048,-0.0134,0.5006,-0.0016,0.5,-0.0031,2.5886,1.5,1.5
23.033,6.2665,-0.0049,-0.0134,0.5007,-0.002,0.5,-0.0002,2.6258,1.5,1.5
23.033,6.2665,-0.0049,-0.0134,0.5007,-0.002,0.5,0.0003,2.6258,1.5,1.5
23.033,6.2665,-0.0049,-0.0134,0.5007,-0.002,0.5,-0.0012,2.6258,1.5,1.5
23.033,6.2665,-0.0049,-0.0134,0.5007,-0.002,0.5,0.0001,2.6258,1.5,1.5
23.067,6.2832,-0.0051,-0.0134,0.5006,-0.002,0.5,-0.0002,2.6258,1.5,1.5
23.067,6.2832,-0.0051,-0.0134,0.5006,-0.002,0.5,-0.0001,2.6258,1.5,1.5
23.083,6.2915,-0.0052,-0.0134,0.5007,-0.0011,0.5,0.0048,2.6258,1.5,1.5
23.083,6.2915,-0.0052,-0.0134,0.5007,-0.0011,0.5,0.0045,2.6258,1.5,1.5
23.083,6.2915,-0.0052,-0.0134,0.5007,-0.0011,0.4999,-0.0005,2.6258,1.5,1.5
23.117,6.3082,-0.0055,-0.0135,0.5005,-0.0012,0.5,-0.0018,2.6258,1.5,1.5
23.133,6.3166,-0.0056,-0.0135,0.5007,-0.0011,0.5,-0.0064,2.5378,1.5,1.5
23.133,6.3166,-0.0056,-0.0135,0.5007,-0.0011,0.5,-0.0039,2.5378,1.5,1.5
23.133,6.3166,-0.0056,-0.0135,0.5007,-0.0011,0.5,-0.0035,2.5378,1.5,1.5
23.167,6.3332,-0.0058,-0.0135,0.5007,-0.0014,0.5,-0.0013,2.5378,1.5,1.5
23.167,6.3332,-0.0058,-0.0135,0.5007,-0.0014,0.5,-0.0025,2.5378,1.5,1.5
23.183,6.3416,-0.0059,-0.0135,0.5006,-0.0013,0.5,-0.0004,2.5378,1.5,1.5
23.2,6.3499,-0.006,-0.0135,0.5006,-0.0013,0.5,0.0,2.5378,1.5,1.5
23.2,6.3499,-0.006,-0.0135,0.5006,-0.0013,0.5,-0.0013,2.5378,1.5,1.5
23.2,6.3499,-0.006,-0.0135,0.5006,-0.0013,0.5,-0.0009,2.5378,1.5,1.5
23.233,6.3666,-0.0062,-0.0136,0.5004,-0.0005,0.5,-0.0055,2.5843,1.5,1.5
23.233,6.3666,-0.0062,-0.0136,0.5004,-0.0005,0.4999,-0.0006,2.5843,1.5,1.5
23.25,6.3749,-0.0063,-0.0137,0.5004,-0.0011,0.5,-0.0003,2.5843,1.5,1.5
23.25,6.3749,-0.0063,-0.0137,0.5004,-0.0011,0.5,0.0002,2.5843,1.5,1.5
23.25,6.3749,-0.0063,-0.0137,0.5004,-0.0011,0.5,-0.0029,2.5843,1.5,1.5
23.283,6.3916,-0.0066,-0.0137,0.5002,-0.0013,0.5,-0.0027,2.5843,1.5,1.5
23.3,6.4,-0.0067,-0.0138,0.5001,-0.0016,0.5,-0.004,2.5843,1.5,1.5
23.3,6.4,-0.0067,-0.0138,0.5001,-0.0016,0.5,-0.0037,2.5843,1.5,1.5
23.3,6.4,-0.0067,-0.0138,0.5001,-0.0016,0.4998,-0.0023,2.5843,1.5,1.5
23.333,6.4166,-0.0069,-0.0138,0.5,-0.0022,0.5,0.0024,2.57,1.5,1.5
23.333,6.4166,-0.0069,-0.0138,0.5,-0.0022,0.5,0.0038,2.57,1.5,1.5
23.35,6.425,-0.007,-0.0139,0.4999,-0.0022,0.4996,0.0025,2.57,1.5,1.5
23.367,6.4333,-0.0071,-0.0139,0.4999,-0.0014,0.4999,-0.0018,2.57,1.5,1.5
23.367,6.4333,-0.0071,-0.0139,0.4999,-0.0014,0.5,-0.0003,2.57,1.5,1.5
23.367,6.4333,-0.0071,-0.0139,0.4999,-0.0014,0.5,-0.0017,2.57,1.5,1.5
23.4,6.4499,-0.0073,-0.0141,0.4998,-0.0029,0.5,0.0035,2.57,1.5,1.5
23.4,6.4499,-0.0073,-0.0141,0.4998,-0.0029,0.5,0.0021,2.57,1.5,1.5
23.417,6.4583,-0.0074,-0.0141,0.4996,-0.0025,0.5,-0.0022,2.57,1.5,1.5
23.417,6.4583,-0.0074,-0.0141,0.4996,-0.0025,0.5,-0.003,2.573,1.5,1.5
23.417,6.4583,-0.0074,-0.0141,0.4996,-0.0025,0.4989,-0.0046,2.573,1.5,1.5
23.45,6.4749,-0.0076,-0.0142,0.4994,-0.0033,0.4998,-0.0053,2.573,1.5,1.5
23.467,6.4832,-0.0077,-0.0143,0.4995,-0.0052,0.4999,-0.0036,2.573,1.5,1.5
23.467,6.4832,-0.0077,-0.0143,0.4995,-0.0052,0.5,-0.0045,2.573,1.5,1.5
23.467,6.4832,-0.0077,-0.0143,0.4995,-0.0052,0.5,-0.0063,2.573,1.5,1.5
23.5,6.4999,-0.008,-0.0143,0.4994,-0.0034,0.5,-0.003,2.573,1.5,1.5
23.5,6.4999,-0.008,-0.0143,0.4994,-0.0034,0.5,-0.0001,2.573,1.5,1.5
23.517,6.5082,-0.0081,-0.0144,0.4995,-0.0045,0.5,-0.0006,2.573,1.5,1.5
23.533,6.5165,-0.0082,-0.0144,0.4995,-0.0033,0.5,-0.0013,2.542,1.5,1.5
23.533,6.5165,-0.0082,-0.0144,0.4995,-0.0033,0.5,-0.0028,2.542,1.5,1.5
23.533,6.5165,-0.0082,-0.0144,0.4995,-0.0033,0.5,-0.0081,2.542,1.5,1.5
23.567,6.5332,-0.0084,-0.0145,0.4987,-0.0031,0.5,-0.0093,2.542,1.5,1.5
23.567,6.5332,-0.0084,-0.0145,0.4987,-0.0031,0.5,-0.0024,2.542,1.5,1.5
23.583,6.5415,-0.0085,-0.0146,0.4993,-0.0028,0.5,-0.0005,2.542,1.5,1.5
23.583,6.5415,-0.0085,-0.0146,0.4993,-0.0028,0.5,-0.0034,2.542,1.5,1.5
23.583,6.5415,-0.0085,-0.0146,0.4993,-0.0028,0.5,-0.0011,2.542,1.5,1.5
23.617,6.5582,-0.0087,-0.0146,0.4998,-0.003,0.5,0.0,2.542,1.5,1.5
23.633,6.5665,-0.0089,-0.0147,0.4998,-0.0042,0.5,0.0,2.5732,1.5,1.5
23.633,6.5665,-0.0089,-0.0147,0.4998,-0.0042,0.5,-0.0025,2.5732,1.5,1.5
23.633,6.5665,-0.0089,-0.0147,0.4998,-0.0042,0.5,-0.0014,2.5732,1.5,1.5
23.667,6.5832,-0.0091,-0.0147,0.5,-0.0033,0.5,-0.0029,2.5732,1.5,1.5
23.667,6.5832,-0.0091,-0.0147,0.5,-0.0033,0.4997,-0.0023,2.5732,1.5,1.5
23.683,6.5915,-0.0092,-0.0148,0.5001,-0.0014,0.4999,-0.0021,2.5732,1.5,1.5
23.7,6.5999,-0.0093,-0.0148,0.5002,-0.004,0.5,-0.0024,2.5732,1.5,1.5
23.7,6.5999,-0.0093,-0.0148,0.5002,-0.004,0.5,-0.0069,2.5732,1.5,1.5
23.7,6.5999,-0.0093,-0.0148,0.5002,-0.004,0.5,-0.0086,2.5732,1.5,1.5
23.733,6.6165,-0.0096,-0.0148,0.5003,-0.0031,0.5,-0.0033,2.6083,1.5,1.5
23.733,6.6165,-0.0096,-0.0148,0.5003,-0.0031,0.5,-0.0037,2.6083,1.5,1.5
23.75,6.6249,-0.0097,-0.0149,0.5004,-0.0033,0.5,-0.0041,2.6083,1.5,1.5
23.75,6.6249,-0.0097,-0.0149,0.5004,-0.0033,0.5,-0.0095,2.6083,1.5,1.5
23.75,6.6249,-0.0097,-0.0149,0.5004,-0.0033,0.5,-0.0057,2.6083,1.5,1.5
23.783,6.6416,-0.0099,-0.0149,0.5004,-0.002,0.5,-0.0054,2.6083,1.5,1.5
23.8,6.6499,-0.01,-0.0149,0.5003,-0.0019,0.5,-0.0006,2.6083,1.5,1.5
23.8,6.6499,-0.01,-0.0149,0.5003,-0.0019,0.5,-0.0015,2.6083,1.5,1.5
23.8,6.6499,-0.01,-0.0149,0.5003,-0.0019,0.5,-0.0001,2.6083,1.5,1.5
23.833,6.6666,-0.0103,-0.0149,0.5006,-0.0013,0.5,-0.0001,2.5962,1.5,1.5
23.833,6.6666,-0.0103,-0.0149,0.5006,-0.0013,0.5,-0.0007,2.5962,1.5,1.5
23.85,6.6749,-0.0104,-0.0149,0.5006,-0.0017,0.5,0.0009,2.5962,1.5,1.5
23.867,6.6833,-0.0105,-0.0149,0.5007,-0.0018,0.5,-0.0033,2.5962,1.5,1.5
23.867,6.6833,-0.0105,-0.0149,0.5007,-0.0018,0.4996,-0.0018,2.5962,1.5,1.5
23.867,6.6833,-0.0105,-0.0149,0.5007,-0.0018,0.4999,-0.0069,2.5962,1.5,1.5
23.9,6.7,-0.0108,-0.015,0.5008,-0.0015,0.5,-0.0055,2.5962,1.5,1.5
23.9,6.7,-0.0108,-0.015,0.5008,-0.0015,0.5,-0.008,2.5962,1.5,1.5
23.917,6.7083,-0.0109,-0.015,0.5009,-0.0018,0.5,-0.0047,2.5962,1.5,1.5
23.917,6.7083,-0.0109,-0.015,0.5009,-0.0018,0.5,0.0026,2.5665,1.5,1.5
23.917,6.7083,-0.0109,-0.015,0.5009,-0.0018,0.5,0.0016,2.5665,1.5,1.5
23.95,6.725,-0.0111,-0.0151,0.5007,-0.0019,0.5,-0.0019,2.5665,1.5,1.5
23.967,6.7334,-0.0113,-0.0151,0.5007,-0.0012,0.5,-0.0031,2.5665,1.5,1.5
23.967,6.7334,-0.0113,-0.0151,0.5007,-0.0012,0.5,-0.003,2.5665,1.5,1.5
23.967,6.7334,-0.0113,-0.0151,0.5007,-0.0012,0.5,-0.0025,2.5665,1.5,1.5
24.0,6.7501,-0.0115,-0.0151,0.5006,-0.0004,0.5,-0.0044,2.5665,1.5,1.5
24.0,6.7501,-0.0115,-0.0151,0.5006,-0.0004,0.5,-0.0025,2.5665,1.5,1.5
24.017,6.7584,-0.0116,-0.0152,0.5006,-0.0007,0.4999,-0.0017,2.5665,1.5,1.5
24.033,6.7667,-0.0118,-0.0152,0.5005,-0.0004,0.5,0.0024,2.5023,1.5,1.5
24.033,6.7667,-0.0118,-0.0152,0.5005,-0.0004,0.4997,-0.002,2.5023,1.5,1.5
24.033,6.7667,-0.0118,-0.0152,0.5005,-0.0004,0.5,-0.0014,2.5023,1.5,1.5
24.067,6.7834,-0.012,-0.0153,0.5003,-0.0018,0.5,-0.0006,2.5023,1.5,1.5
24.067,6.7834,-0.012,-0.0153,0.5003,-0.0018,0.5,-0.0003,2.5023,1.5,1.5
24.083,6.7918,-0.0121,-0.0153,0.5003,-0.0015,0.5,-0.0045,2.5023,1.5,1.5
24.083,6.7918,-0.0121,-0.0153,0.5003,-0.0015,0.5,-0.0007,2.5023,1.5,1.5
24.083,6.7918,-0.0121,-0.0153,0.5003,-0.0015,0.5,-0.0008,2.5023,1.5,1.5
24.117,6.8084,-0.0124,-0.0154,0.5001,-0.002,0.5,-0.0023,2.5023,1.5,1.5
24.133,6.8168,-0.0125,-0.0155,0.5001,-0.0022,0.5,-0.001,2.5542,1.5,1.5
24.133,6.8168,-0.0125,-0.0155,0.5001,-0.0022,0.5,-0.0029,2.5542,1.5,1.5
24.133,6.8168,-0.0125,-0.0155,0.5001,-0.0022,0.5,-0.0035,2.5542,1.5,1.5
24.167,6.8334,-0.0127,-0.0155,0.4999,-0.0036,0.4997,-0.0013,2.5542,1.5,1.5
24.167,6.8334,-0.0127,-0.0155,0.4999,-0.0036,0.4999,0.0013,2.5542,1.5,1.5
24.183,6.8417,-0.0128,-0.0156,0.4998,-0.0025,0.5,0.0007,2.5542,1.5,1.5
24.2,6.8501,-0.013,-0.0157,0.4998,-0.0038,0.5,0.0014,2.5542,1.5,1.5
24.2,6.8501,-0.013,-0.0157,0.4998,-0.0038,0.5,0.001,2.5542,1.5,1.5
24.2,6.8501,-0.013,-0.0157,0.4998,-0.0038,0.5,-0.0024,2.5542,1.5,1.5
24.233,6.8667,-0.0132,-0.0158,0.4997,-0.0035,0.5,-0.0058,2.5362,1.5,1.5
24.233,6.8667,-0.0132,-0.0158,0.4997,-0.0035,0.5,-0.0003,2.5362,1.5,1.5
24.25,6.8751,-0.0133,-0.0159,0.4997,-0.0037,0.5,-0.0012,2.5362,1.5,1.5
24.25,6.8751,-0.0133,-0.0159,0.4997,-0.0037,0.5,-0.0034,2.5362,1.5,1.5
24.25,6.8751,-0.0133,-0.0159,0.4997,-0.0037,0.4996,-0.0051,2.5362,1.5,1.5
24.283,6.8917,-0.0136,-0.016,0.4996,-0.0039,0.4999,-0.0039,2.5362,1.5,1.5
24.3,6.9,-0.0137,-0.016,0.4994,-0.0048,0.5,0.0019,2.5362,1.5,1.5
24.3,6.9,-0.0137,-0.016,0.4994,-0.0048,0.4996,0.0003,2.5362,1.5,1.5
24.3,6.9,-0.0137,-0.016,0.4994,-0.0048,0.4999,-0.0012,2.5362,1.5,1.5
24.333,6.9167,-0.0139,-0.0161,0.4995,-0.0046,0.5,-0.004,2.5195,1.5,1.5
24.333,6.9167,-0.0139,-0.0161,0.4995,-0.0046,0.5,0.0018,2.5195,1.5,1.5
24.35,6.925,-0.0141,-0.0161,0.4995,-0.0028,0.5,0.0,2.5195,1.5,1.5
24.367,6.9333,-0.0142,-0.0162,0.4996,-0.0026,0.4997,-0.0004,2.5195,1.5,1.5
24.367,6.9333,-0.0142,-0.0162,0.4996,-0.0026,0.4999,0.0019,2.5195,1.5,1.5
24.367,6.9333,-0.0142,-0.0162,0.4996,-0.0026,0.5,-0.0037,2.5195,1.5,1.5
24.4,6.95,-0.0144,-0.0163,0.4997,-0.0033,0.5,-0.0021,2.5195,1.5,1.5
24.4,6.95,-0.0144,-0.0163,0.4997,-0.0033,0.5,-0.0047,2.5195,1.5,1.5
24.417,6.9583,-0.0146,-0.0163,0.4994,-0.0034,0.5,-0.0028,2.5195,1.5,1.5
24.417,6.9583,-0.0146,-0.0163,0.4994,-0.0034,0.5,-0.0028,2.5025,1.5,1.5
24.417,6.9583,-0.0146,-0.0163,0.4994,-0.0034,0.5,0.0006,2.5025,1.5,1.5
24.45,6.975,-0.0148,-0.0164,0.4997,-0.0033,0.5,-0.0035,2.5025,1.5,1.5
24.467,6.9833,-0.0149,-0.0164,0.4999,-0.0046,0.5,-0.0044,2.5025,1.5,1.5
24.467,6.9833,-0.0149,-0.0164,0.4999,-0.0046,0.5,-0.006,2.5025,1.5,1.5
24.467,6.9833,-0.0149,-0.0164,0.4999,-0.0046,0.5,-0.0068,2.5025,1.5,1.5
24.5,7.0,-0.0152,-0.0165,0.4998,-0.0035,0.5,-0.0026,2.5025,1.5,1.5
24.5,7.0,-0.0152,-0.0165,0.4998,-0.0035,0.5,-0.0006,2.5025,1.5,1.5
24.517,7.0083,-0.0153,-0.0165,0.5001,-0.0025,0.5,-0.0002,2.5025,1.5,1.5
24.533,7.0167,-0.0155,-0.0165,0.5002,-0.0026,0.5,-0.0043,2.5379,1.5,1.5
24.533,7.0167,-0.0155,-0.0165,0.5002,-0.0026,0.5,-0.0026,2.5379,1.5,1.5
24.533,7.0167,-0.0155,-0.0165,0.5002,-0.0026,0.5,0.0037,2.5379,1.5,1.5
24.567,7.0333,-0.0157,-0.0165,0.5004,-0.0023,0.5,0.0007,2.5379,1.5,1.5
24.567,7.0333,-0.0157,-0.0165,0.5004,-0.0023,0.5,0.0017,2.5379,1.5,1.5
24.583,7.0417,-0.0159,-0.0166,0.5004,-0.0026,0.5,0.0004,2.5379,1.5,1.5
24.583,7.0417,-0.0159,-0.0166,0.5004,-0.0026,0.5,0.0004,2.5379,1.5,1.5
24.583,7.0417,-0.0159,-0.0166,0.5004,-0.0026,0.5,-0.0007,2.5379,1.5,1.5
24.617,7.0584,-0.0161,-0.0166,0.5005,-0.0009,0.4999,0.0023,2.5379,1.5,1.5
24.633,7.0667,-0.0163,-0.0166,0.5005,-0.0029,0.5,0.0007,2.5794,1.5,1.5
24.633,7.0667,-0.0163,-0.0166,0.5005,-0.0029,0.5,-0.0065,2.5794,1.5,1.5
24.633,7.0667,-0.0163,-0.0166,0.5005,-0.0029,0.5,-0.0047,2.5794,1.5,1.5
24.667,7.0834,-0.0166,-0.0166,0.5006,-0.0008,0.5,-0.0022,2.5794,1.5,1.5
24.667,7.0834,-0.0166,-0.0166,0.5006,-0.0008,0.5,0.0051,2.5794,1.5,1.5
24.683,7.0918,-0.0167,-0.0166,0.5007,-0.0031,0.5,0.0001,2.5794,1.5,1.5
24.7,7.1001,-0.0168,-0.0166,0.5007,-0.0009,0.5,0.0022,2.5794,1.5,1.5
24.7,7.1001,-0.0168,-0.0166,0.5007,-0.0009,0.5,0.0031,2.5794,1.5,1.5
24.7,7.1001,-0.0168,-0.0166,0.5007,-0.0009,0.4999,0.0063,2.5794,1.5,1.5
24.733,7.1168,-0.0171,-0.0167,0.5009,-0.0017,0.5,0.0052,2.5308,1.5,1.5
24.733,7.1168,-0.0171,-0.0167,0.5009,-0.0017,0.5,0.0054,2.5308,1.5,1.5
24.75,7.1251,-0.0173,-0.0167,0.5007,0.0005,0.5,0.0032,2.5308,1.5,1.5
24.75,7.1251,-0.0173,-0.0167,0.5007,0.0005,0.5,0.0042,2.5308,1.5,1.5
24.75,7.1251,-0.0173,-0.0167,0.5007,0.0005,0.5,0.0041,2.5308,1.5,1.5
24.783,7.1418,-0.0175,-0.0167,0.5007,-0.0001,0.5,0.0011,2.5308,1.5,1.5
24.8,7.1502,-0.0177,-0.0167,0.5007,-0.0023,0.5,-0.0022,2.5308,1.5,1.5
24.8,7.1502,-0.0177,-0.0167,0.5007,-0.0023,0.5,-0.0031,2.5308,1.5,1.5
24.8,7.1502,-0.0177,-0.0167,0.5007,-0.0023,0.5,0.0017,2.5308,1.5,1.5
24.833,7.1669,-0.018,-0.0167,0.5006,-0.0012,0.5,0.0004,2.5316,1.5,1.5
24.833,7.1669,-0.018,-0.0167,0.5006,-0.0012,0.5,0.0045,2.5316,1.5,1.5
24.85,7.1752,-0.0181,-0.0167,0.5004,-0.0016,0.5,0.0065,2.5316,1.5,1.5
24.867,7.1835,-0.0182,-0.0167,0.5004,-0.0008,0.5,-0.0001,2.5316,1.5,1.5
24.867,7.1835,-0.0182,-0.0167,0.5004,-0.0008,0.5,-0.0012,2.5316,1.5,1.5
24.867,7.1835,-0.0182,-0.0167,0.5004,-0.0008,0.5,-0.0022,2.5316,1.5,1.5
24.9,7.2002,-0.0185,-0.0167,0.5003,-0.0005,0.5,-0.0008,2.5316,1.5,1.5
24.9,7.2002,-0.0185,-0.0167,0.5003,-0.0005,0.5,0.0063,2.5316,1.5,1.5
24.917,7.2086,-0.0187,-0.0167,0.5003,0.0002,0.5,0.0062,2.5316,1.5,1.5
24.917,7.2086,-0.0187,-0.0167,0.5003,0.0002,0.5,0.006,2.5027,1.5,1.5
24.917,7.2086,-0.0187,-0.0167,0.5003,0.0002,0.4999,0.0048,2.5027,1.5,1.5
24.95,7.2252,-0.0189,-0.0168,0.5001,-0.0011,0.4998,0.0037,2.5027,1.5,1.5
24.967,7.2336,-0.0191,-0.0168,0.5,-0.0012,0.5,-0.0029,2.5027,1.5,1.5
24.967,7.2336,-0.0191,-0.0168,0.5,-0.0012,0.4998,0.0043,2.5027,1.5,1.5
24.967,7.2336,-0.0191,-0.0168,0.5,-0.0012,0.5,0.0061,2.5027,1.5,1.5
25.0,7.2502,-0.0193,-0.0168,0.4998,0.0002,0.5,0.006,2.5027,1.5,1.5
25.0,7.2502,-0.0193,-0.0168,0.4998,0.0002,0.5,0.0029,2.5027,1.5,1.5
25.017,7.2585,-0.0195,-0.0168,0.4997,-0.0005,0.5,0.0046,2.5027,1.5,1.5
25.033,7.2669,-0.0196,-0.0168,0.4997,-0.0005,0.5,0.0021,2.5348,1.5,1.5
25.033,7.2669,-0.0196,-0.0168,0.4997,-0.0005,0.5,0.0055,2.5348,1.5,1.5
25.033,7.2669,-0.0196,-0.0168,0.4997,-0.0005,0.5,0.0041,2.5348,1.5,1.5
25.067,7.2835,-0.0199,-0.0168,0.4997,-0.0027,0.4999,0.0054,2.5348,1.5,1.5
25.067,7.2835,-0.0199,-0.0168,0.4997,-0.0027,0.5,0.0031,2.5348,1.5,1.5
25.083,7.2919,-0.02,-0.0169,0.4997,-0.0029,0.5,0.0039,2.5348,1.5,1.5
25.083,7.2919,-0.02,-0.0169,0.4997,-0.0029,0.5,0.0011,2.5348,1.5,1.5
25.083,7.2919,-0.02,-0.0169,0.4997,-0.0029,0.5,-0.0041,2.5348,1.5,1.5
25.117,7.3085,-0.0203,-0.0169,0.4995,-0.0023,0.5,-0.003,2.5348,1.5,1.5
25.133,7.3168,-0.0204,-0.0169,0.4995,-0.0007,0.5,-0.0019,2.5147,1.5,1.5
25.133,7.3168,-0.0204,-0.0169,0.4995,-0.0007,0.5,0.0025,2.5147,1.5,1.5
25.133,7.3168,-0.0204,-0.0169,0.4995,-0.0007,0.4998,0.0056,2.5147,1.5,1.5
25.167,7.3335,-0.0207,-0.0169,0.4996,-0.0005,0.5,0.0059,2.5147,1.5,1.5
25.167,7.3335,-0.0207,-0.0169,0.4996,-0.0005,0.4998,0.0047,2.5147,1.5,1.5
25.183,7.3418,-0.0209,-0.0169,0.4995,-0.0015,0.5,0.0047,2.5147,1.5,1.5
25.2,7.3501,-0.021,-0.0169,0.4996,-0.0004,0.4994,0.0024,2.5147,1.5,1.5
25.2,7.3501,-0.021,-0.0169,0.4996,-0.0004,0.4999,0.0019,2.5147,1.5,1.5
25.2,7.3501,-0.021,-0.0169,0.4996,-0.0004,0.4997,-0.0019,2.5147,1.5,1.5
25.233,7.3668,-0.0213,-0.0169,0.4998,0.0005,0.5,-0.0045,2.5488,1.5,1.5
25.233,7.3668,-0.0213,-0.0169,0.4998,0.0005,0.5,0.0,2.5488,1.5,1.5
25.25,7.3751,-0.0214,-0.0169,0.4998,-0.0,0.5,-0.003,2.5488,1.5,1.5
25.25,7.3751,-0.0214,-0.0169,0.4998,-0.0,0.5,0.0024,2.5488,1.5,1.5
25.25,7.3751,-0.0214,-0.0169,0.4998,-0.0,0.5,0.0014,2.5488,1.5,1.5
25.283,7.3918,-0.0217,-0.0168,0.4998,-0.0017,0.5,0.0002,2.5488,1.5,1.5
25.3,7.4001,-0.0218,-0.0168,0.4999,-0.0005,0.5,0.0007,2.5488,1.5,1.5
25.3,7.4001,-0.0218,-0.0168,0.4999,-0.0005,0.5,-0.0005,2.5488,1.5,1.5
25.3,7.4001,-0.0218,-0.0168,0.4999,-0.0005,0.5,0.0042,2.5488,1.5,1.5
25.333,7.4168,-0.0221,-0.0168,0.4997,0.0005,0.5,0.0062,2.5159,1.5,1.5
25.333,7.4168,-0.0221,-0.0168,0.4997,0.0005,0.5,0.0059,2.5159,1.5,1.5
25.35,7.4251,-0.0223,-0.0167,0.5002,0.002,0.5,0.0045,2.5159,1.5,1.5
25.367,7.4335,-0.0224,-0.0167,0.5003,0.0004,0.5,0.0016,2.5159,1.5,1.5
25.367,7.4335,-0.0224,-0.0167,0.5003,0.0004,0.5,-0.0004,2.5159,1.5,1.5
25.367,7.4335,-0.0224,-0.0167,0.5003,0.0004,0.5,0.0008,2.5159,1.5,1.5
25.4,7.4502,-0.0227,-0.0166,0.5005,0.001,0.5,0.0005,2.5159,1.5,1.5
25.4,7.4502,-0.0227,-0.0166,0.5005,0.001,0.5,-0.0024,2.5159,1.5,1.5
25.417,7.4585,-0.0229,-0.0166,0.5005,0.0014,0.5,0.002,2.5159,1.5,1.5
25.417,7.4585,-0.0229,-0.0166,0.5005,0.0014,0.5,0.0048,2.5332,1.5,1.5
25.417,7.4585,-0.0229,-0.0166,0.5005,0.0014,0.5,0.0063,2.5332,1.5,1.5
25.45,7.4752,-0.0231,-0.0165,0.5006,0.0015,0.5,0.008,2.5332,1.5,1.5
25.467,7.4835,-0.0233,-0.0165,0.5006,0.0016,0.5,0.0058,2.5332,1.5,1.5
25.467,7.4835,-0.0233,-0.0165,0.5006,0.0016,0.5,0.0062,2.5332,1.5,1.5
25.467,7.4835,-0.0233,-0.0165,0.5006,0.0016,0.5,0.0084,2.5332,1.5,1.5
25.5,7.5002,-0.0236,-0.0164,0.5008,0.0025,0.5,0.0052,2.5332,1.5,1.5
25.5,7.5002,-0.0236,-0.0164,0.5008,0.0025,0.5,0.0108,2.5332,1.5,1.5
25.517,7.5086,-0.0237,-0.0163,0.5008,0.0033,0.5,0.0058,2.5332,1.5,1.5
25.533,7.5169,-0.0239,-0.0163,0.5008,0.0026,0.5,0.0055,2.4703,1.5,1.5
25.533,7.5169,-0.0239,-0.0163,0.5008,0.0026,0.5,0.0082,2.4703,1.5,1.5
25.533,7.5169,-0.0239,-0.0163,0.5008,0.0026,0.5,0.0042,2.4703,1.5,1.5
25.567,7.5336,-0.0242,-0.0162,0.5008,0.0031,0.5,0.003,2.4703,1.5,1.5
25.567,7.5336,-0.0242,-0.0162,0.5008,0.0031,0.5,0.0057,2.4703,1.5,1.5
25.583,7.542,-0.0243,-0.0162,0.5008,0.0021,0.5,0.0089,2.4703,1.5,1.5
25.583,7.542,-0.0243,-0.0162,0.5008,0.0021,0.5,0.0039,2.4703,1.5,1.5
25.583,7.542,-0.0243,-0.0162,0.5008,0.0021,0.5,0.0075,2.4703,1.5,1.5
25.617,7.5587,-0.0246,-0.016,0.5007,0.0027,0.5,0.0073,2.4703,1.5,1.5
25.633,7.567,-0.0248,-0.016,0.5006,0.0026,0.5,0.0073,2.4971,1.5,1.5
25.633,7.567,-0.0248,-0.016,0.5006,0.0026,0.5,0.0047,2.4971,1.5,1.5
25.633,7.567,-0.0248,-0.016,0.5006,0.0026,0.5,0.0065,2.4971,1.5,1.5
25.667,7.5837,-0.025,-0.0159,0.5006,0.0037,0.5,0.005,2.4971,1.5,1.5
25.667,7.5837,-0.025,-0.0159,0.5006,0.0037,0.5,0.0053,2.4971,1.5,1.5
25.683,7.592,-0.0252,-0.0158,0.5004,0.0044,0.5,0.0054,2.4971,1.5,1.5
25.7,7.6004,-0.0253,-0.0158,0.5004,0.0033,0.5,0.006,2.4971,1.5,1.5
25.7,7.6004,-0.0253,-0.0158,0.5004,0.0033,0.5,0.006,2.4971,1.5,1.5
25.7,7.6004,-0.0253,-0.0158,0.5004,0.0033,0.5,0.0063,2.4971,1.5,1.5
25.7,7.6004,-0.0253,-0.0158,0.5004,0.0033,0.5,0.0065,2.481,1.5,1.5
25.733,7.617,-0.0256,-0.0157,0.5003,0.0029,0.5,0.0109,2.481,1.5,1.5
25.75,7.6254,-0.0257,-0.0156,0.5001,0.0035,0.5,0.008,2.481,1.5,1.5
25.75,7.6254,-0.0257,-0.0156,0.5001,0.0035,0.4998,0.005,2.481,1.5,1.5
25.75,7.6254,-0.0257,-0.0156,0.5001,0.0035,0.5,0.0071,2.481,1.5,1.5
25.783,7.642,-0.026,-0.0155,0.5,0.003,0.4996,0.0048,2.481,1.5,1.5
25.783,7.642,-0.026,-0.0155,0.5,0.003,0.4999,0.0048,2.481,1.5,1.5
25.8,7.6504,-0.0262,-0.0155,0.4999,0.0035,0.5,0.0071,2.481,1.5,1.5
25.8,7.6504,-0.0262,-0.0155,0.4999,0.0035,0.5,0.0066,2.481,1.5,1.5
25.8,7.6504,-0.0262,-0.0155,0.4999,0.0035,0.5,0.0075,2.5076,1.5,1.5
25.833,7.667,-0.0264,-0.0154,0.4998,0.003,0.5,0.0056,2.5076,1.5,1.5
25.85,7.6753,-0.0266,-0.0154,0.4998,0.0022,0.5,0.0035,2.5076,1.5,1.5
25.85,7.6753,-0.0266,-0.0154,0.4998,0.0022,0.5,0.0038,2.5076,1.5,1.5
25.867,7.6837,-0.0267,-0.0153,0.4997,0.0016,0.5,0.0048,2.5076,1.5,1.5
25.867,7.6837,-0.0267,-0.0153,0.4997,0.0016,0.5,0.0009,2.5076,1.5,1.5
25.867,7.6837,-0.0267,-0.0153,0.4997,0.0016,0.5,0.0026,2.5076,1.5,1.5
25.9,7.7003,-0.027,-0.0152,0.4995,0.0022,0.5,0.0045,2.5076,1.5,1.5
25.9,7.7003,-0.027,-0.0152,0.4995,0.0022,0.5,0.0027,2.5076,1.5,1.5
25.917,7.7086,-0.0271,-0.0152,0.4992,0.0032,0.5,0.0045,2.5076,1.5,1.5
25.917,7.7086,-0.0271,-0.0152,0.4992,0.0032,0.5,0.0049,2.474,1.5,1.5
25.95,7.7253,-0.0274,-0.0151,0.4995,0.0022,0.5,0.0033,2.474,1.5,1.5
25.95,7.7253,-0.0274,-0.0151,0.4995,0.0022,0.5,0.0047,2.474,1.5,1.5
25.967,7.7336,-0.0275,-0.015,0.4995,0.0034,0.5,0.0075,2.474,1.5,1.5
25.967,7.7336,-0.0275,-0.015,0.4995,0.0034,0.5,0.0088,2.474,1.5,1.5
25.967,7.7336,-0.0275,-0.015,0.4995,0.0034,0.5,0.005,2.474,1.5,1.5
26.0,7.7503,-0.0278,-0.0149,0.4996,0.0026,0.5,0.004,2.474,1.5,1.5
26.017,7.7586,-0.0279,-0.0149,0.4997,0.0033,0.5,0.0078,2.474,1.5,1.5
26.017,7.7586,-0.0279,-0.0149,0.4997,0.0033,0.5,0.0084,2.4792,1.5,1.5
26.033,7.7669,-0.028,-0.0148,0.4997,0.0025,0.5,0.005,2.4792,1.5,1.5
26.033,7.7669,-0.028,-0.0148,0.4997,0.0025,0.5,0.0023,2.4792,1.5,1.5
26.033,7.7669,-0.028,-0.0148,0.4997,0.0025,0.5,0.004,2.4792,1.5,1.5
26.067,7.7836,-0.0283,-0.0147,0.4999,0.0029,0.4994,0.0029,2.4792,1.5,1.5
26.083,7.7919,-0.0284,-0.0146,0.4999,0.0034,0.4999,0.0011,2.4792,1.5,1.5
26.083,7.7919,-0.0284,-0.0146,0.4999,0.0034,0.5,0.001,2.4792,1.5,1.5
26.083,7.7919,-0.0284,-0.0146,0.4999,0.0034,0.5,0.0008,2.4792,1.5,1.5
26.117,7.8086,-0.0287,-0.0145,0.5001,0.0039,0.5,-0.0015,2.4792,1.5,1.5
26.117,7.8086,-0.0287,-0.0145,0.5001,0.0039,0.5,-0.0007,2.4792,1.5,1.5
26.133,7.8169,-0.0288,-0.0144,0.5001,0.0029,0.5,0.0015,2.514,1.5,1.5
26.133,7.8169,-0.0288,-0.0144,0.5001,0.0029,0.4996,0.0008,2.514,1.5,1.5
26.133,7.8169,-0.0288,-0.0144,0.5001,0.0029,0.4999,0.0005,2.514,1.5,1.5
26.167,7.8336,-0.0291,-0.0142,0.5003,0.0047,0.5,0.0034,2.514,1.5,1.5
26.183,7.842,-0.0293,-0.0141,0.5004,0.0047,0.5,0.0048,2.514,1.5,1.5
26.183,7.842,-0.0293,-0.0141,0.5004,0.0047,0.5,0.0058,2.514,1.5,1.5
26.2,7.8503,-0.0294,-0.014,0.5,0.0052,0.5,0.0067,2.514,1.5,1.5
26.2,7.8503,-0.0294,-0.014,0.5,0.0052,0.5,0.0053,2.514,1.5,1.5
26.2,7.8503,-0.0294,-0.014,0.5,0.0052,0.5,0.0067,2.528,1.5,1.5
26.233,7.867,-0.0296,-0.0138,0.5005,0.0056,0.5,0.0077,2.528,1.5,1.5
26.233,7.867,-0.0296,-0.0138,0.5005,0.0056,0.5,0.0037,2.528,1.5,1.5
26.25,7.8753,-0.0298,-0.0137,0.5006,0.0063,0.5,0.0058,2.528,1.5,1.5
26.25,7.8753,-0.0298,-0.0137,0.5006,0.0063,0.5,0.0091,2.528,1.5,1.5
26.25,7.8753,-0.0298,-0.0137,0.5006,0.0063,0.5,0.0104,2.528,1.5,1.5
26.25,7.8753,-0.0298,-0.0137,0.5006,0.0063,0.5,0.0066,2.528,1.5,1.5
26.283,7.892,-0.03,-0.0135,0.5005,0.0061,0.5,0.0076,2.528,1.5,1.5
26.3,7.9004,-0.0302,-0.0134,0.5007,0.0047,0.5,0.0058,2.528,1.5,1.5
26.3,7.9004,-0.0302,-0.0134,0.5007,0.0047,0.5,0.0034,2.528,1.5,1.5
26.3,7.9004,-0.0302,-0.0134,0.5007,0.0047,0.4996,0.0048,2.528,1.5,1.5
26.333,7.9171,-0.0304,-0.0132,0.5008,0.0053,0.4999,0.0037,2.5008,1.5,1.5
26.333,7.9171,-0.0304,-0.0132,0.5008,0.0053,0.5,0.003,2.5008,1.5,1.5
26.35,7.9254,-0.0306,-0.0131,0.5008,0.0064,0.5,0.0049,2.5008,1.5,1.5
26.367,7.9337,-0.0307,-0.013,0.5008,0.0058,0.5,0.0068,2.5008,1.5,1.5
26.367,7.9337,-0.0307,-0.013,0.5008,0.0058,0.5,0.0047,2.5008,1.5,1.5
26.367,7.9337,-0.0307,-0.013,0.5008,0.0058,0.5,0.0058,2.5008,1.5,1.5
26.4,7.9504,-0.0309,-0.0128,0.5007,0.0067,0.5,0.0045,2.5008,1.5,1.5
26.4,7.9504,-0.0309,-0.0128,0.5007,0.0067,0.5,0.0056,2.5008,1.5,1.5
26.417,7.9588,-0.0311,-0.0127,0.5007,0.0059,0.5,0.0031,2.5008,1.5,1.5
26.417,7.9588,-0.0311,-0.0127,0.5007,0.0059,0.5,0.0046,2.5455,1.5,1.5
26.417,7.9588,-0.0311,-0.0127,0.5007,0.0059,0.5,0.0045,2.5455,1.5,1.5
26.45,7.9755,-0.0313,-0.0126,0.5004,0.0065,0.5,0.006,2.5455,1.5,1.5
26.467,7.9838,-0.0314,-0.0125,0.5005,0.0069,0.5,0.0066,2.5455,1.5,1.5
26.467,7.9838,-0.0314,-0.0125,0.5005,0.0069,0.5,0.0091,2.5455,1.5,1.5
26.467,7.9838,-0.0314,-0.0125,0.5005,0.0069,0.5,0.0106,2.5455,1.5,1.5
26.5,8.0005,-0.0317,-0.0123,0.5004,0.0058,0.5,0.0103,2.5455,1.5,1.5
26.5,8.0005,-0.0317,-0.0123,0.5004,0.0058,0.5,0.0102,2.5455,1.5,1.5
26.517,8.0088,-0.0318,-0.0122,0.5004,0.0062,0.5,0.0061,2.5455,1.5,1.5
26.533,8.0172,-0.0319,-0.0122,0.5003,0.0062,0.5,0.0075,2.5415,1.5,1.5
26.533,8.0172,-0.0319,-0.0122,0.5003,0.0062,0.5,0.006,2.5415,1.5,1.5
26.533,8.0172,-0.0319,-0.0122,0.5003,0.0062,0.5,0.0086,2.5415,1.5,1.5
26.567,8.0338,-0.0321,-0.012,0.5001,0.0058,0.5,0.0077,2.5415,1.5,1.5
26.567,8.0338,-0.0321,-0.012,0.5001,0.0058,0.5,0.0075,2.5415,1.5,1.5
26.583,8.0422,-0.0322,-0.012,0.5,0.0052,0.5,0.005,2.5415,1.5,1.5
26.583,8.0422,-0.0322,-0.012,0.5,0.0052,0.5,0.0051,2.5415,1.5,1.5
26.583,8.0422,-0.0322,-0.012,0.5,0.0052,0.5,0.007,2.5415,1.5,1.5
26.617,8.0588,-0.0325,-0.0118,0.4999,0.0044,0.5,0.0062,2.5415,1.5,1.5
26.633,8.0672,-0.0326,-0.0117,0.4999,0.0052,0.5,0.0062,2.6365,1.5,1.5
26.633,8.0672,-0.0326,-0.0117,0.4999,0.0052,0.5,0.0054,2.6365,1.5,1.5
26.633,8.0672,-0.0326,-0.0117,0.4999,0.0052,0.5,0.0068,2.6365,1.5,1.5
26.667,8.0838,-0.0328,-0.0116,0.4997,0.0043,0.5,0.0059,2.6365,1.5,1.5
26.667,8.0838,-0.0328,-0.0116,0.4997,0.0043,0.5,0.0022,2.6365,1.5,1.5
26.683,8.0922,-0.0329,-0.0115,0.4997,0.0047,0.5,0.0054,2.6365,1.5,1.5
26.7,8.1005,-0.033,-0.0114,0.4996,0.0046,0.5,0.0059,2.6365,1.5,1.5
26.7,8.1005,-0.033,-0.0114,0.4996,0.0046,0.4999,0.0039,2.6365,1.5,1.5
26.7,8.1005,-0.033,-0.0114,0.4996,0.0046,0.5,0.0053,2.6365,1.5,1.5
26.733,8.1171,-0.0332,-0.0113,0.4995,0.004,0.5,0.0049,2.5169,1.5,1.5
26.733,8.1171,-0.0332,-0.0113,0.4995,0.004,0.5,0.0063,2.5169,1.5,1.5
26.75,8.1255,-0.0333,-0.0112,0.4995,0.0046,0.5,0.0084,2.5169,1.5,1.5
26.75,8.1255,-0.0333,-0.0112,0.4995,0.0046,0.5,0.0149,2.5169,1.5,1.5
26.75,8.1255,-0.0333,-0.0112,0.4995,0.0046,0.4996,0.02,2.5169,1.5,1.5
26.783,8.1421,-0.0335,-0.011,0.4995,0.0043,0.4994,0.0183,2.5169,1.5,1.5
26.8,8.1504,-0.0336,-0.011,0.4996,0.0054,0.4994,0.0119,2.5169,1.5,1.5
26.8,8.1504,-0.0336,-0.011,0.4996,0.0054,0.4999,0.0169,2.5169,1.5,1.5
26.8,8.1504,-0.0336,-0.011,0.4996,0.0054,0.4996,0.0151,2.5169,1.5,1.5
26.833,8.1671,-0.0338,-0.0108,0.4997,0.0039,0.5,0.016,2.5054,1.5,1.5
26.833,8.1671,-0.0338,-0.0108,0.4997,0.0039,0.4993,0.0109,2.5054,1.5,1.5
26.85,8.1754,-0.0339,-0.0107,0.4997,0.0043,0.4999,0.0139,2.5054,1.5,1.5
26.867,8.1838,-0.034,-0.0106,0.4998,0.0043,0.4999,0.01,2.5054,1.5,1.5
26.867,8.1838,-0.034,-0.0106,0.4998,0.0043,0.5,0.0115,2.5054,1.5,1.5
26.867,8.1838,-0.034,-0.0106,0.4998,0.0043,0.5,0.0111,2.5054,1.5,1.5
26.9,8.2004,-0.0343,-0.0104,0.4996,0.0026,0.5,0.0109,2.5054,1.5,1.5
26.9,8.2004,-0.0343,-0.0104,0.4996,0.0026,0.5,0.0106,2.5054,1.5,1.5
26.917,8.2088,-0.0344,-0.0103,0.4995,0.0041,0.4999,0.0102,2.5054,1.5,1.5
26.917,8.2088,-0.0344,-0.0103,0.4995,0.0041,0.5,0.016,2.5386,1.5,1.5
26.917,8.2088,-0.0344,-0.0103,0.4995,0.0041,0.5,0.0152,2.5386,1.5,1.5
26.95,8.2254,-0.0346,-0.01,0.4998,0.0057,0.5,0.0153,2.5386,1.5,1.5
26.967,8.2338,-0.0347,-0.0098,0.4997,0.007,0.5,0.0134,2.5386,1.5,1.5
26.967,8.2338,-0.0347,-0.0098,0.4997,0.007,0.5,0.0158,2.5386,1.5,1.5
26.967,8.2338,-0.0347,-0.0098,0.4997,0.007,0.5,0.018,2.5386,1.5,1.5
27.0,8.2504,-0.0349,-0.0095,0.5003,0.0081,0.5,0.0152,2.5386,1.5,1.5
27.0,8.2504,-0.0349,-0.0095,0.5003,0.0081,0.5,0.0167,2.5386,1.5,1.5
27.017,8.2588,-0.035,-0.0093,0.5004,0.0077,0.5,0.0189,2.5386,1.5,1.5
27.033,8.2671,-0.0351,-0.0091,0.5005,0.0083,0.5,0.0189,2.5686,1.5,1.5
27.033,8.2671,-0.0351,-0.0091,0.5005,0.0083,0.5,0.0161,2.5686,1.5,1.5
27.033,8.2671,-0.0351,-0.0091,0.5005,0.0083,0.5,0.0162,2.5686,1.5,1.5
27.067,8.2838,-0.0353,-0.0088,0.5006,0.0088,0.5,0.0157,2.5686,1.5,1.5
27.067,8.2838,-0.0353,-0.0088,0.5006,0.0088,0.5,0.0146,2.5686,1.5,1.5
27.083,8.2922,-0.0354,-0.0086,0.5007,0.0091,0.5,0.0159,2.5686,1.5,1.5
27.083,8.2922,-0.0354,-0.0086,0.5007,0.0091,0.5,0.0148,2.5686,1.5,1.5
27.083,8.2922,-0.0354,-0.0086,0.5007,0.0091,0.5,0.0143,2.5686,1.5,1.5
27.117,8.3089,-0.0356,-0.0082,0.5009,0.0087,0.5,0.0167,2.5686,1.5,1.5
27.133,8.3172,-0.0357,-0.008,0.5008,0.0113,0.5,0.0206,2.5142,1.5,1.5
27.133,8.3172,-0.0357,-0.008,0.5008,0.0113,0.5,0.0212,2.5142,1.5,1.5
27.133,8.3172,-0.0357,-0.008,0.5008,0.0113,0.5,0.0225,2.5142,1.5,1.5
27.167,8.3339,-0.0359,-0.0075,0.5009,0.0114,0.5,0.0224,2.5142,1.5,1.5
27.167,8.3339,-0.0359,-0.0075,0.5009,0.0114,0.5,0.0237,2.5142,1.5,1.5
27.183,8.3422,-0.036,-0.0073,0.5009,0.0124,0.5,0.0261,2.5142,1.5,1.5
27.2,8.3506,-0.0361,-0.0071,0.5008,0.0124,0.5,0.0231,2.5142,1.5,1.5
27.2,8.3506,-0.0361,-0.0071,0.5008,0.0124,0.5,0.0208,2.5142,1.5,1.5
27.2,8.3506,-0.0361,-0.0071,0.5008,0.0124,0.5,0.0218,2.526,1.5,1.5
27.233,8.3673,-0.0363,-0.0066,0.5008,0.0133,0.5,0.0202,2.526,1.5,1.5
27.233,8.3673,-0.0363,-0.0066,0.5008,0.0133,0.5,0.0201,2.526,1.5,1.5
27.25,8.3756,-0.0364,-0.0064,0.5007,0.0134,0.5,0.0199,2.526,1.5,1.5
27.25,8.3756,-0.0364,-0.0064,0.5007,0.0134,0.5,0.0216,2.526,1.5,1.5
27.283,8.3923,-0.0366,-0.0059,0.5007,0.0126,0.5,0.0207,2.526,1.5,1.5
27.283,8.3923,-0.0366,-0.0059,0.5007,0.0126,0.5,0.0215,2.526,1.5,1.5
27.3,8.4007,-0.0367,-0.0057,0.5005,0.0131,0.5,0.0227,2.526,1.5,1.5
27.3,8.4007,-0.0367,-0.0057,0.5005,0.0131,0.5,0.0205,2.526,1.5,1.5
27.3,8.4007,-0.0367,-0.0057,0.5005,0.0131,0.5,0.0244,2.526,1.5,1.5
27.333,8.4173,-0.0369,-0.0052,0.5004,0.0139,0.5,0.0218,2.5351,1.5,1.5
27.333,8.4173,-0.0369,-0.0052,0.5004,0.0139,0.5,0.0216,2.5351,1.5,1.5
27.35,8.4257,-0.0369,-0.005,0.5004,0.014,0.5,0.0214,2.5351,1.5,1.5
27.367,8.434,-0.037,-0.0047,0.5003,0.0145,0.5,0.0193,2.5351,1.5,1.5
27.367,8.434,-0.037,-0.0047,0.5003,0.0145,0.5,0.0206,2.5351,1.5,1.5
27.367,8.434,-0.037,-0.0047,0.5003,0.0145,0.5,0.0229,2.5351,1.5,1.5
27.4,8.4507,-0.0372,-0.0041,0.5001,0.0143,0.5,0.0195,2.5351,1.5,1.5
27.417,8.459,-0.0372,-0.0039,0.5001,0.0146,0.5,0.0206,2.5351,1.5,1.5
27.417,8.459,-0.0372,-0.0039,0.5001,0.0146,0.5,0.0221,2.5228,1.5,1.5
27.417,8.459,-0.0372,-0.0039,0.5001,0.0146,0.5,0.0216,2.5228,1.5,1.5
27.417,8.459,-0.0372,-0.0039,0.5001,0.0146,0.5,0.0242,2.5228,1.5,1.5
27.417,8.459,-0.0372,-0.0039,0.5001,0.0146,0.5,0.0232,2.5228,1.5,1.5
27.45,8.4757,-0.0374,-0.0033,0.4999,0.0137,0.5,0.0222,2.5228,1.5,1.5
27.467,8.484,-0.0375,-0.0032,0.4999,0.015,0.5,0.0194,2.5228,1.5,1.5
27.467,8.484,-0.0375,-0.0032,0.4999,0.015,0.5,0.0207,2.5228,1.5,1.5
27.467,8.484,-0.0375,-0.0032,0.4999,0.015,0.4998,0.0178,2.5228,1.5,1.5
27.467,8.484,-0.0375,-0.0032,0.4999,0.015,0.5,0.0203,2.5228,1.5,1.5
27.5,8.5007,-0.0376,-0.0025,0.4998,0.0144,0.5,0.0179,2.5228,1.5,1.5
27.5,8.5007,-0.0376,-0.0025,0.4998,0.0144,0.4999,0.0197,2.5228,1.5,1.5
27.517,8.509,-0.0376,-0.0024,0.4998,0.0144,0.5,0.0199,2.5228,1.5,1.5
27.533,8.5173,-0.0377,-0.0022,0.4997,0.0137,0.5,0.0229,2.5186,1.5,1.5
27.533,8.5173,-0.0377,-0.0022,0.4997,0.0137,0.5,0.0198,2.5186,1.5,1.5
27.533,8.5173,-0.0377,-0.0022,0.4997,0.0137,0.4997,0.0197,2.5186,1.5,1.5
27.567,8.534,-0.0378,-0.0014,0.4996,0.0157,0.4996,0.0183,2.5186,1.5,1.5
27.567,8.534,-0.0378,-0.0014,0.4996,0.0157,0.4999,0.0205,2.5186,1.5,1.5
27.583,8.5423,-0.0379,-0.0012,0.4996,0.0154,0.5,0.0226,2.5186,1.5,1.5
27.583,8.5423,-0.0379,-0.0012,0.4996,0.0154,0.5,0.0274,2.5186,1.5,1.5
27.583,8.5423,-0.0379,-0.0012,0.4996,0.0154,0.5,0.0257,2.5186,1.5,1.5
27.617,8.559,-0.038,0.0,0.4996,0.0152,0.5,0.0306,2.5186,1.5,1.5
27.633,8.5673,-0.038,0.0,0.4996,0.0158,0.5,0.0272,2.5245,1.5,1.5
27.633,8.5673,-0.038,0.0,0.4996,0.0158,0.5,0.0263,2.5245,1.5,1.5
27.633,8.5673,-0.038,0.0,0.4996,0.0158,0.5,0.0226,2.5245,1.5,1.5
27.667,8.584,-0.0381,0.0,0.5002,0.0147,0.5,0.0237,2.5245,1.5,1.5
27.667,8.584,-0.0381,0.0,0.5002,0.0147,0.5,0.0221,2.5245,1.5,1.5
27.683,8.5923,-0.0382,0.0,0.4998,0.0174,0.4998,0.0237,2.5245,1.5,1.5
27.7,8.6006,-0.0382,0.0,0.4996,0.0168,0.5,0.0243,2.5245,1.5,1.5
27.7,8.6006,-0.0382,0.0,0.4996,0.0168,0.4999,0.026,2.5245,1.5,1.5
27.7,8.6006,-0.0382,0.0,0.4996,0.0168,0.4998,0.0228,2.5245,1.5,1.5
27.733,8.6173,-0.0383,0.0014,0.5007,0.0166,0.4996,0.021,2.6342,1.5,1.5
27.733,8.6173,-0.0383,0.0014,0.5007,0.0166,0.4994,0.0216,2.6342,1.5,1.5
27.75,8.6257,-0.0383,0.0017,0.5006,0.0189,0.4999,0.0251,2.6342,1.5,1.5
27.75,8.6257,-0.0383,0.0017,0.5006,0.0189,0.5,0.0235,2.6342,1.5,1.5
27.783,8.6423,-0.0384,0.0026,0.5008,0.0195,0.5,0.0244,2.6342,1.5,1.5
27.783,8.6423,-0.0384,0.0026,0.5008,0.0195,0.5,0.0227,2.6342,1.5,1.5
27.8,8.6507,-0.0385,0.0029,0.5008,0.0201,0.5,0.0257,2.6342,1.5,1.5
27.8,8.6507,-0.0385,0.0029,0.5008,0.0201,0.5,0.0275,2.6342,1.5,1.5
27.8,8.6507,-0.0385,0.0029,0.5008,0.0201,0.5,0.0307,2.5465,1.5,1.5
27.833,8.6674,-0.0385,0.0036,0.5012,0.0215,0.5,0.028,2.5465,1.5,1.5
27.85,8.6757,-0.0386,0.0041,0.5009,0.0225,0.5,0.0287,2.5465,1.5,1.5
27.85,8.6757,-0.0386,0.0041,0.5009,0.0225,0.5,0.0281,2.5465,1.5,1.5
27.867,8.6841,-0.0386,0.0045,0.501,0.0218,0.5,0.0302,2.5465,1.5,1.5
27.867,8.6841,-0.0386,0.0045,0.501,0.0218,0.5,0.0252,2.5465,1.5,1.5
27.867,8.6841,-0.0386,0.0045,0.501,0.0218,0.5,0.0268,2.5465,1.5,1.5
27.9,8.7008,-0.0386,0.0053,0.5008,0.022,0.5,0.0277,2.5465,1.5,1.5
27.917,8.7091,-0.0386,0.0057,0.5008,0.0215,0.5,0.0287,2.5465,1.5,1.5
27.917,8.7091,-0.0386,0.0057,0.5008,0.0215,0.5,0.0282,2.5465,1.5,1.5
27.917,8.7091,-0.0386,0.0057,0.5008,0.0215,0.5,0.0281,2.5853,1.5,1.5
27.95,8.7258,-0.0387,0.0065,0.5009,0.0219,0.5,0.0315,2.5853,1.5,1.5
27.95,8.7258,-0.0387,0.0065,0.5009,0.0219,0.5,0.0287,2.5853,1.5,1.5
27.967,8.7342,-0.0387,0.007,0.5009,0.0232,0.5,0.0291,2.5853,1.5,1.5
27.967,8.7342,-0.0387,0.007,0.5009,0.0232,0.5,0.0293,2.5853,1.5,1.5
27.967,8.7342,-0.0387,0.007,0.5009,0.0232,0.4993,0.0278,2.5853,1.5,1.5
28.0,8.7509,-0.0387,0.0078,0.5009,0.0232,0.4999,0.0277,2.5853,1.5,1.5
28.017,8.7592,-0.0387,0.0082,0.5009,0.0247,0.4999,0.029,2.5853,1.5,1.5
28.017,8.7592,-0.0387,0.0082,0.5009,0.0247,0.5,0.0293,2.6154,1.5,1.5
28.033,8.7676,-0.0387,0.0087,0.5009,0.0243,0.5,0.0297,2.6154,1.5,1.5
28.033,8.7676,-0.0387,0.0087,0.5009,0.0243,0.5,0.0263,2.6154,1.5,1.5
28.033,8.7676,-0.0387,0.0087,0.5009,0.0243,0.5,0.0293,2.6154,1.5,1.5
28.067,8.7843,-0.0387,0.0095,0.5008,0.0249,0.5,0.0295,2.6154,1.5,1.5
28.083,8.7926,-0.0387,0.01,0.5007,0.0242,0.5,0.0279,2.6154,1.5,1.5
28.083,8.7926,-0.0387,0.01,0.5007,0.0242,0.5,0.0313,2.6154,1.5,1.5
28.083,8.7926,-0.0387,0.01,0.5007,0.0242,0.5,0.0266,2.6154,1.5,1.5
28.117,8.8093,-0.0386,0.0109,0.5,0.0257,0.5,0.0294,2.6154,1.5,1.5
28.117,8.8093,-0.0386,0.0109,0.5,0.0257,0.5,0.0331,2.5985,1.5,1.5
28.133,8.8176,-0.0386,0.0113,0.5004,0.0253,0.5,0.0299,2.5985,1.5,1.5
28.133,8.8176,-0.0386,0.0113,0.5004,0.0253,0.5,0.032,2.5985,1.5,1.5
28.133,8.8176,-0.0386,0.0113,0.5004,0.0253,0.4998,0.0314,2.5985,1.5,1.5
28.167,8.8343,-0.0385,0.0122,0.5004,0.0255,0.5,0.0315,2.5985,1.5,1.5
28.183,8.8426,-0.0385,0.0126,0.5003,0.0257,0.5,0.0305,2.5985,1.5,1.5
28.183,8.8426,-0.0385,0.0126,0.5003,0.0257,0.5,0.0292,2.5985,1.5,1.5
28.2,8.851,-0.0385,0.013,0.5002,0.0256,0.5,0.0284,2.5985,1.5,1.5
28.2,8.851,-0.0385,0.013,0.5002,0.0256,0.5,0.0272,2.5985,1.5,1.5
28.233,8.8676,-0.0384,0.0139,0.5001,0.0267,0.5,0.0272,2.6465,1.5,1.5
28.233,8.8676,-0.0384,0.0139,0.5001,0.0267,0.5,0.0286,2.6465,1.5,1.5
28.25,8.876,-0.0383,0.0144,0.4999,0.0251,0.5,0.0339,2.6465,1.5,1.5
28.25,8.876,-0.0383,0.0144,0.4999,0.0251,0.5,0.0291,2.6465,1.5,1.5
28.25,8.876,-0.0383,0.0144,0.4999,0.0251,0.5,0.0293,2.6465,1.5,1.5
28.283,8.8926,-0.0382,0.0153,0.4998,0.0252,0.5,0.0274,2.6465,1.5,1.5
28.283,8.8926,-0.0382,0.0153,0.4998,0.0252,0.5,0.0297,2.6465,1.5,1.5
28.3,8.901,-0.0382,0.0157,0.4998,0.0256,0.5,0.0257,2.6465,1.5,1.5
28.3,8.901,-0.0382,0.0157,0.4998,0.0256,0.5,0.0254,2.6465,1.5,1.5
28.333,8.9176,-0.038,0.0166,0.4997,0.0262,0.4997,0.0246,2.5936,1.5,1.5
28.333,8.9176,-0.038,0.0166,0.4997,0.0262,0.4999,0.0301,2.5936,1.5,1.5
28.35,8.9259,-0.038,0.0171,0.4996,0.0265,0.5,0.0296,2.5936,1.5,1.5
28.35,8.9259,-0.038,0.0171,0.4996,0.0265,0.5,0.0275,2.5936,1.5,1.5
28.367,8.9343,-0.0379,0.0176,0.4996,0.0256,0.4999,0.0273,2.5936,1.5,1.5
28.367,8.9343,-0.0379,0.0176,0.4996,0.0256,0.5,0.029,2.5936,1.5,1.5
28.367,8.9343,-0.0379,0.0176,0.4996,0.0256,0.4998,0.0294,2.5936,1.5,1.5
28.4,8.9509,-0.0377,0.0185,0.5004,0.0263,0.5,0.0289,2.5936,1.5,1.5
28.417,8.9593,-0.0376,0.019,0.5,0.0292,0.5,0.0285,2.5936,1.5,1.5
28.417,8.9593,-0.0376,0.019,0.5,0.0292,0.5,0.0322,2.5833,1.5,1.5
28.417,8.9593,-0.0376,0.019,0.5,0.0292,0.5,0.0307,2.5833,1.5,1.5
28.45,8.9759,-0.0375,0.0199,0.5,0.0288,0.5,0.0374,2.5833,1.5,1.5
28.45,8.9759,-0.0375,0.0199,0.5,0.0288,0.5,0.0339,2.5833,1.5,1.5
28.467,8.9843,-0.0374,0.0204,0.4998,0.0289,0.5,0.0346,2.5833,1.5,1.5
28.467,8.9843,-0.0374,0.0204,0.4998,0.0289,0.5,0.0344,2.5833,1.5,1.5
28.467,8.9843,-0.0374,0.0204,0.4998,0.0289,0.5,0.0304,2.5833,1.5,1.5
28.5,9.0009,-0.0372,0.0214,0.5,0.0322,0.5,0.0324,2.5833,1.5,1.5
28.517,9.0093,-0.0371,0.0219,0.5006,0.0274,0.5,0.0318,2.5833,1.5,1.5
28.517,9.0093,-0.0371,0.0219,0.5006,0.0274,0.5,0.0332,2.6224,1.5,1.5
28.533,9.0176,-0.037,0.0224,0.5005,0.0297,0.5,0.0312,2.6224,1.5,1.5
28.533,9.0176,-0.037,0.0224,0.5005,0.0297,0.5,0.0293,2.6224,1.5,1.5
28.533,9.0176,-0.037,0.0224,0.5005,0.0297,0.5,0.0288,2.6224,1.5,1.5
28.567,9.0343,-0.0367,0.0235,0.5005,0.0315,0.5,0.0317,2.6224,1.5,1.5
28.583,9.0427,-0.0366,0.024,0.5016,0.0262,0.5,0.0307,2.6224,1.5,1.5
28.583,9.0427,-0.0366,0.024,0.5016,0.0262,0.4993,0.0314,2.6224,1.5,1.5
28.583,9.0427,-0.0366,0.024,0.5016,0.0262,0.4999,0.0301,2.6224,1.5,1.5
28.617,9.0594,-0.0364,0.0251,0.5013,0.0298,0.4999,0.0314,2.6224,1.5,1.5
28.633,9.0677,-0.0363,0.0257,0.5016,0.0318,0.5,0.033,2.556,1.5,1.5
28.633,9.0677,-0.0363,0.0257,0.5016,0.0318,0.5,0.0322,2.556,1.5,1.5
28.633,9.0677,-0.0363,0.0257,0.5016,0.0318,0.5,0.0289,2.556,1.5,1.5
28.633,9.0677,-0.0363,0.0257,0.5016,0.0318,0.5,0.0293,2.556,1.5,1.5
28.667,9.0844,-0.036,0.0268,0.5012,0.0331,0.5,0.029,2.556,1.5,1.5
28.683,9.0928,-0.0359,0.0274,0.5012,0.0346,0.5,0.0312,2.556,1.5,1.5
28.683,9.0928,-0.0359,0.0274,0.5012,0.0346,0.5,0.0334,2.556,1.5,1.5
28.7,9.1011,-0.0357,0.028,0.5013,0.0346,0.5,0.0377,2.556,1.5,1.5
28.7,9.1011,-0.0357,0.028,0.5013,0.0346,0.5,0.0361,2.556,1.5,1.5
28.7,9.1011,-0.0357,0.028,0.5013,0.0346,0.5,0.0366,2.556,1.5,1.5
28.7,9.1011,-0.0357,0.028,0.5013,0.0346,0.5,0.0365,2.556,1.5,1.5
28.733,9.1178,-0.0354,0.0291,0.5008,0.0331,0.5,0.0348,2.5292,1.5,1.5
28.75,9.1262,-0.0353,0.0297,0.5008,0.0322,0.4999,0.0335,2.5292,1.5,1.5
28.75,9.1262,-0.0353,0.0297,0.5008,0.0322,0.5,0.036,2.5292,1.5,1.5
28.75,9.1262,-0.0353,0.0297,0.5008,0.0322,0.5,0.0388,2.5292,1.5,1.5
28.783,9.1429,-0.0349,0.0309,0.5008,0.0335,0.5,0.035,2.5292,1.5,1.5
28.783,9.1429,-0.0349,0.0309,0.5008,0.0335,0.5,0.0353,2.5292,1.5,1.5
28.8,9.1512,-0.0348,0.0315,0.5009,0.0327,0.5,0.0321,2.5292,1.5,1.5
28.8,9.1512,-0.0348,0.0315,0.5009,0.0327,0.5,0.0289,2.5292,1.5,1.5
28.8,9.1512,-0.0348,0.0315,0.5009,0.0327,0.5,0.0321,2.5162,1.5,1.5
28.833,9.1679,-0.0344,0.0326,0.5009,0.0336,0.5,0.0292,2.5162,1.5,1.5
28.85,9.1762,-0.0342,0.0333,0.5008,0.0334,0.4998,0.0324,2.5162,1.5,1.5
28.85,9.1762,-0.0342,0.0333,0.5008,0.0334,0.5,0.0367,2.5162,1.5,1.5
28.867,9.1846,-0.0341,0.0338,0.5008,0.0341,0.5,0.0343,2.5162,1.5,1.5
28.867,9.1846,-0.0341,0.0338,0.5008,0.0341,0.5,0.0361,2.5162,1.5,1.5
28.867,9.1846,-0.0341,0.0338,0.5008,0.0341,0.5,0.036,2.5162,1.5,1.5
28.867,9.1846,-0.0341,0.0338,0.5008,0.0341,0.5,0.0345,2.5162,1.5,1.5
28.9,9.2013,-0.0337,0.035,0.5007,0.0334,0.5,0.0327,2.5162,1.5,1.5
28.9,9.2013,-0.0337,0.035,0.5007,0.0334,0.5,0.031,2.5162,1.5,1.5
28.917,9.2096,-0.0335,0.0356,0.5006,0.0347,0.5,0.032,2.5162,1.5,1.5
28.917,9.2096,-0.0335,0.0356,0.5006,0.0347,0.5,0.0345,2.4742,1.5,1.5
28.917,9.2096,-0.0335,0.0356,0.5006,0.0347,0.5,0.0349,2.4742,1.5,1.5
28.95,9.2263,-0.033,0.0368,0.5004,0.0354,0.5,0.035,2.4742,1.5,1.5
28.967,9.2346,-0.0328,0.0374,0.5003,0.0332,0.4999,0.0347,2.4742,1.5,1.5
28.967,9.2346,-0.0328,0.0374,0.5003,0.0332,0.5,0.0305,2.4742,1.5,1.5
28.967,9.2346,-0.0328,0.0374,0.5003,0.0332,0.5,0.0278,2.4742,1.5,1.5
29.0,9.2513,-0.0324,0.0385,0.5002,0.0337,0.5,0.0304,2.4742,1.5,1.5
29.0,9.2513,-0.0324,0.0385,0.5002,0.0337,0.5,0.0307,2.4742,1.5,1.5
29.017,9.2596,-0.0321,0.0391,0.5002,0.0345,0.5,0.0323,2.4742,1.5,1.5
29.033,9.268,-0.0319,0.0397,0.5,0.0346,0.5,0.0322,2.4286,1.5,1.5
29.033,9.268,-0.0319,0.0397,0.5,0.0346,0.5,0.0337,2.4286,1.5,1.5
29.033,9.268,-0.0319,0.0397,0.5,0.0346,0.5,0.0321,2.4286,1.5,1.5
29.067,9.2846,-0.0314,0.0409,0.4999,0.0341,0.5,0.0322,2.4286,1.5,1.5
29.067,9.2846,-0.0314,0.0409,0.4999,0.0341,0.5,0.031,2.4286,1.5,1.5
29.083,9.2929,-0.0311,0.0414,0.4998,0.0338,0.5,0.0335,2.4286,1.5,1.5
29.083,9.2929,-0.0311,0.0414,0.4998,0.0338,0.5,0.0338,2.4286,1.5,1.5
29.083,9.2929,-0.0311,0.0414,0.4998,0.0338,0.5,0.0327,2.4286,1.5,1.5
29.117,9.3096,-0.0306,0.0426,0.4997,0.0346,0.4995,0.0305,2.4286,1.5,1.5
29.133,9.3179,-0.0303,0.0431,0.4997,0.0332,0.4999,0.0315,2.4525,1.5,1.5
29.133,9.3179,-0.0303,0.0431,0.4997,0.0332,0.5,0.0314,2.4525,1.5,1.5
29.133,9.3179,-0.0303,0.0431,0.4997,0.0332,0.5,0.0291,2.4525,1.5,1.5
29.167,9.3346,-0.0298,0.0443,0.4997,0.0322,0.5,0.0321,2.4525,1.5,1.5
29.167,9.3346,-0.0298,0.0443,0.4997,0.0322,0.5,0.0332,2.4525,1.5,1.5
29.183,9.3429,-0.0295,0.0448,0.4998,0.032,0.5,0.0302,2.4525,1.5,1.5
29.2,9.3512,-0.0292,0.0454,0.5004,0.0337,0.5,0.0287,2.4525,1.5,1.5
29.2,9.3512,-0.0292,0.0454,0.5004,0.0337,0.5,0.034,2.4525,1.5,1.5
29.2,9.3512,-0.0292,0.0454,0.5004,0.0337,0.5,0.0239,2.4525,1.5,1.5
29.233,9.3679,-0.0286,0.0466,0.4994,0.0335,0.5,0.0183,2.4126,1.5,1.5
29.233,9.3679,-0.0286,0.0466,0.4994,0.0335,0.4998,0.0172,2.4126,1.5,1.5
29.25,9.3762,-0.0283,0.0472,0.4993,0.0388,0.5,0.0185,2.4126,1.5,1.5
29.25,9.3762,-0.0283,0.0472,0.4993,0.0388,0.5,0.0274,2.4126,1.5,1.5
29.25,9.3762,-0.0283,0.0472,0.4993,0.0388,0.5,0.0282,2.4126,1.5,1.5
29.283,9.3928,-0.0277,0.0484,0.499,0.0389,0.5,0.0255,2.4126,1.5,1.5
29.3,9.4012,-0.0274,0.049,0.4995,0.0357,0.5,0.0261,2.4126,1.5,1.5
29.3,9.4012,-0.0274,0.049,0.4995,0.0357,0.5,0.0273,2.4126,1.5,1.5
29.3,9.4012,-0.0274,0.049,0.4995,0.0357,0.5,0.0224,2.4126,1.5,1.5
29.333,9.4178,-0.0268,0.0503,0.5002,0.0381,0.5,0.0261,2.4075,1.5,1.5
29.333,9.4178,-0.0268,0.0503,0.5002,0.0381,0.4997,0.0273,2.4075,1.5,1.5
29.35,9.4262,-0.0264,0.0509,0.5,0.0367,0.4999,0.0257,2.4075,1.5,1.5
29.367,9.4345,-0.0261,0.0515,0.4994,0.0402,0.5,0.0253,2.4075,1.5,1.5
29.367,9.4345,-0.0261,0.0515,0.4994,0.0402,0.5,0.0296,2.4075,1.5,1.5
29.367,9.4345,-0.0261,0.0515,0.4994,0.0402,0.5,0.0324,2.4075,1.5,1.5
29.4,9.4511,-0.0254,0.0527,0.5003,0.038,0.5,0.031,2.4075,1.5,1.5
29.4,9.4511,-0.0254,0.0527,0.5003,0.038,0.5,0.029,2.4075,1.5,1.5
29.417,9.4595,-0.0251,0.0533,0.5001,0.0386,0.5,0.0284,2.4075,1.5,1.5
29.417,9.4595,-0.0251,0.0533,0.5001,0.0386,0.5,0.0245,2.3687,1.5,1.5
29.417,9.4595,-0.0251,0.0533,0.5001,0.0386,0.5,0.023,2.3687,1.5,1.5
29.45,9.4762,-0.0244,0.0546,0.5005,0.0375,0.5,0.0243,2.3687,1.5,1.5
29.467,9.4845,-0.024,0.0552,0.5005,0.0379,0.5,0.025,2.3687,1.5,1.5
29.467,9.4845,-0.024,0.0552,0.5005,0.0379,0.5,0.0293,2.3687,1.5,1.5
29.467,9.4845,-0.024,0.0552,0.5005,0.0379,0.5,0.0234,2.3687,1.5,1.5
29.5,9.5012,-0.0233,0.0565,0.5004,0.0386,0.5,0.0205,2.3687,1.5,1.5
29.5,9.5012,-0.0233,0.0565,0.5004,0.0386,0.5,0.0201,2.3687,1.5,1.5
29.517,9.5095,-0.0229,0.0571,0.5011,0.0367,0.5,0.0221,2.3687,1.5,1.5
29.533,9.5179,-0.0225,0.0577,0.5008,0.0348,0.5,0.0235,2.3277,1.5,1.5
29.533,9.5179,-0.0225,0.0577,0.5008,0.0348,0.5,0.0229,2.3277,1.5,1.5
29.533,9.5179,-0.0225,0.0577,0.5008,0.0348,0.5,0.0214,2.3277,1.5,1.5
29.567,9.5345,-0.0217,0.0589,0.5008,0.0354,0.4998,0.0259,2.3277,1.5,1.5
29.567,9.5345,-0.0217,0.0589,0.5008,0.0354,0.5,0.0212,2.3277,1.5,1.5
29.583,9.5429,-0.0213,0.0595,0.5009,0.0352,0.5,0.0224,2.3277,1.5,1.5
29.583,9.5429,-0.0213,0.0595,0.5009,0.0352,0.5,0.0255,2.3277,1.5,1.5
29.583,9.5429,-0.0213,0.0595,0.5009,0.0352,0.5,0.0219,2.3277,1.5,1.5
29.617,9.5596,-0.0205,0.0606,0.5009,0.0348,0.5,0.0195,2.3277,1.5,1.5
29.633,9.5679,-0.0201,0.0612,0.5009,0.0346,0.5,0.0199,2.3547,0.6933,1.5
29.633,9.5679,-0.0201,0.0612,0.5009,0.0346,0.5,0.0162,2.3547,0.6933,1.5
29.633,9.5679,-0.0201,0.0612,0.5009,0.0346,0.4913,0.0139,2.3547,0.6933,1.5
29.633,9.5679,-0.0201,0.0612,0.5009,0.0346,0.4846,0.0301,2.3547,0.6933,1.5
29.667,9.5846,-0.0192,0.0623,0.5008,0.0345,0.4609,0.0285,2.3547,0.6933,1.5
29.683,9.5929,-0.0188,0.0629,0.5006,0.0342,0.4591,0.0197,2.3547,0.6933,1.5
29.683,9.5929,-0.0188,0.0629,0.5006,0.0342,0.4611,0.0315,2.3547,0.6933,1.5
29.7,9.6012,-0.0183,0.0634,0.5007,0.0332,0.471,0.0161,2.3547,0.6933,1.5
29.7,9.6012,-0.0183,0.0634,0.5007,0.0332,0.4631,0.043,2.3547,0.6933,1.5
29.7,9.6012,-0.0183,0.0634,0.5007,0.0332,0.4548,0.0389,2.3547,0.6933,1.5
29.733,9.6179,-0.0174,0.0645,0.5005,0.0333,0.4586,0.0364,0.7401,0.6933,1.5
29.75,9.6262,-0.017,0.065,0.5006,0.0324,0.4742,0.0419,0.7401,0.6933,1.5
29.75,9.6262,-0.017,0.065,0.5006,0.0324,0.4605,0.0507,0.7401,0.6933,1.5
29.75,9.6262,-0.017,0.065,0.5006,0.0324,0.4621,0.0359,0.7401,0.6933,1.5
29.783,9.6426,-0.016,0.066,0.4867,0.0295,0.462,0.0499,0.7401,0.6933,1.5
29.783,9.6426,-0.016,0.066,0.4867,0.0295,0.4544,0.0271,0.7401,0.6933,1.5
29.8,9.6505,-0.0156,0.0665,0.465,0.0299,0.4418,0.0106,0.7401,0.6933,1.5
29.8,9.6505,-0.0156,0.0665,0.465,0.0299,0.427,0.0085,0.7401,0.6933,1.5
29.8,9.6505,-0.0156,0.0665,0.465,0.0299,0.4212,0.0041,0.5967,0.4429,1.5
29.833,9.666,-0.0147,0.0674,0.4694,0.029,0.4104,0.0147,0.5967,0.4429,1.5
29.85,9.6736,-0.0142,0.0679,0.4578,0.0241,0.4081,0.019,0.5967,0.4429,1.5
29.85,9.6736,-0.0142,0.0679,0.4578,0.0241,0.4,0.0244,0.5967,0.4429,1.5
29.867,9.6813,-0.0138,0.0683,0.4586,0.0274,0.3582,-0.0756,0.5967,0.4429,1.5
29.867,9.6813,-0.0138,0.0683,0.4586,0.0274,0.3642,0.0244,0.5967,0.4429,1.5
29.867,9.6813,-0.0138,0.0683,0.4586,0.0274,0.3384,0.0492,0.5967,0.4429,1.5
29.9,9.6966,-0.0129,0.0694,0.4618,0.0295,0.3439,0.0543,0.5967,0.4429,1.5
29.917,9.7043,-0.0124,0.0699,0.4618,0.024,0.3556,0.0377,0.5967,0.4429,1.5
29.917,9.7043,-0.0124,0.0699,0.4618,0.024,0.3545,0.0198,0.5967,0.4429,1.5
29.917,9.7043,-0.0124,0.0699,0.4618,0.024,0.3543,0.0316,0.4975,0.4429,1.5
29.95,9.7188,-0.0115,0.0707,0.424,0.0251,0.381,0.0446,0.4975,0.4429,1.5
29.95,9.7188,-0.0115,0.0707,0.424,0.0251,0.3617,0.0283,0.4975,0.4429,1.5
29.967,9.7257,-0.0111,0.0711,0.4112,0.0262,0.3451,0.0468,0.4975,0.4429,1.5
29.967,9.7257,-0.0111,0.0711,0.4112,0.0262,0.3313,0.0325,0.4975,0.4429,1.5
29.967,9.7257,-0.0111,0.0711,0.4112,0.0262,0.3054,0.0017,0.4975,0.4429,1.5
30.0,9.7388,-0.0103,0.0716,0.367,0.0022,0.2975,0.0013,0.4975,0.4429,1.5
30.017,9.7447,-0.0099,0.0719,0.345,0.0176,0.2555,0.0238,0.4975,0.4429,1.5
30.017,9.7447,-0.0099,0.0719,0.345,0.0176,0.2375,0.0329,0.4179,1.5,1.5
30.033,9.7504,-0.0095,0.0724,0.3443,0.014,0.2173,0.03,0.4179,1.5,1.5
30.033,9.7504,-0.0095,0.0724,0.3443,0.014,0.2623,0.0049,0.4179,1.5,1.5
30.033,9.7504,-0.0095,0.0724,0.3443,0.014,0.3026,0.0031,0.4179,1.5,1.5
30.067,9.7621,-0.0088,0.0731,0.3538,0.0155,0.3441,0.0007,0.4179,1.5,1.5
30.083,9.7682,-0.0084,0.0735,0.3752,0.0188,0.3635,0.007,0.4179,1.5,1.5
30.083,9.7682,-0.0084,0.0735,0.3752,0.0188,0.3796,0.0107,0.4179,1.5,1.5
30.083,9.7682,-0.0084,0.0735,0.3752,0.0188,0.3886,0.005,0.4179,1.5,1.5
30.117,9.7795,-0.0077,0.0741,0.313,0.0233,0.3978,0.0052,0.4179,1.5,1.5
30.117,9.7795,-0.0077,0.0741,0.313,0.0233,0.3793,0.0066,0.4005,1.5,1.5
30.133,9.7842,-0.0074,0.0745,0.2676,0.0153,0.3551,0.0082,0.4005,1.5,1.5
30.133,9.7842,-0.0074,0.0745,0.2676,0.0153,0.3358,0.0057,0.4005,1.5,1.5
30.133,9.7842,-0.0074,0.0745,0.2676,0.0153,0.327,0.0014,0.4005,1.5,1.5
30.167,9.7923,-0.0069,0.0751,0.2235,0.0132,0.3058,0.0051,0.4005,1.5,1.5
30.183,9.7965,-0.0066,0.0756,0.2668,0.0299,0.2927,0.0053,0.4005,1.5,1.5
30.183,9.7965,-0.0066,0.0756,0.2668,0.0299,0.3006,0.0152,0.4005,1.5,1.5
30.2,9.8014,-0.0064,0.0762,0.3095,0.0361,0.32,0.0161,0.4005,1.5,1.5
30.2,9.8014,-0.0064,0.0762,0.3095,0.0361,0.3305,0.0161,0.4005,1.5,1.5
30.2,9.8014,-0.0064,0.0762,0.3095,0.0361,0.3385,0.0217,0.4008,1.5,1.5
30.233,9.8131,-0.0056,0.0775,0.374,0.0402,0.3641,0.0236,0.4008,1.5,1.5
30.25,9.8195,-0.0052,0.078,0.3921,0.039,0.3795,0.0239,0.4008,1.5,1.5
30.25,9.8195,-0.0052,0.078,0.3921,0.039,0.3948,0.0254,0.4008,1.5,1.5
30.25,9.8195,-0.0052,0.078,0.3921,0.039,0.405,0.026,0.4008,1.5,1.5
30.283,9.8312,-0.0045,0.079,0.3316,0.0287,0.4131,0.023,0.4008,1.5,1.5
30.283,9.8312,-0.0045,0.079,0.3316,0.0287,0.3958,0.0202,0.4008,1.5,1.5
30.3,9.8364,-0.0041,0.0794,0.3012,0.0268,0.3726,0.0183,0.4008,1.5,1.5
30.3,9.8364,-0.0041,0.0794,0.3012,0.0268,0.3556,0.0164,0.4008,1.5,1.5
30.3,9.8364,-0.0041,0.0794,0.3012,0.0268,0.3484,0.0143,0.4008,1.5,1.5
30.333,9.8466,-0.0034,0.0802,0.315,0.03,0.3484,0.0147,0.4029,1.5,1.5
30.35,9.852,-0.0031,0.0807,0.3329,0.0287,0.3498,0.0105,0.4029,1.5,1.5
30.35,9.852,-0.0031,0.0807,0.3329,0.0287,0.3562,0.0143,0.4029,1.5,1.5
30.367,9.8578,-0.0027,0.0812,0.3556,0.0325,0.3599,0.0141,0.4029,1.5,1.5
30.367,9.8578,-0.0027,0.0812,0.3556,0.0325,0.3741,0.0198,0.4029,1.5,1.5
30.367,9.8578,-0.0027,0.0812,0.3556,0.0325,0.3809,0.0186,0.4029,1.5,1.5
30.4,9.8706,-0.0018,0.0824,0.3998,0.0379,0.4014,0.0203,0.4029,1.5,1.5
30.417,9.8774,-0.0013,0.083,0.4098,0.039,0.4091,0.0222,0.4029,1.5,1.5
30.417,9.8774,-0.0013,0.083,0.4098,0.039,0.4204,0.0221,0.4029,1.5,1.5
30.417,9.8774,-0.0013,0.083,0.4098,0.039,0.4248,0.0217,0.4088,1.5,1.5
30.45,9.8897,-0.0005,0.084,0.3536,0.0321,0.4261,0.0215,0.4088,1.5,1.5
30.45,9.8897,-0.0005,0.084,0.3536,0.0321,0.4096,0.0178,0.4088,1.5,1.5
30.467,9.8956,-0.0,0.0845,0.3499,0.0348,0.3979,0.0193,0.4088,1.5,1.5
30.467,9.8956,-0.0,0.0845,0.3499,0.0348,0.3907,0.0187,0.4088,1.5,1.5
30.467,9.8956,-0.0,0.0845,0.3499,0.0348,0.3866,0.0162,0.4088,1.5,1.5
30.5,9.9074,0.0008,0.0855,0.3587,0.032,0.3868,0.0165,0.4088,1.5,1.5
30.517,9.9135,0.0013,0.086,0.376,0.035,0.3876,0.0161,0.4088,1.5,1.5
30.517,9.9135,0.0013,0.086,0.376,0.035,0.3983,0.0162,0.4088,1.5,1.5
30.533,9.92,0.0017,0.0866,0.3952,0.0384,0.4117,0.019,2.1659,1.5,1.5
30.533,9.92,0.0017,0.0866,0.3952,0.0384,0.4178,0.0165,2.1659,1.5,1.5
30.533,9.92,0.0017,0.0866,0.3952,0.0384,0.4205,0.0191,2.1659,1.5,1.5
30.567,9.9337,0.0027,0.0877,0.4221,0.04,0.4281,0.0215,2.1659,1.5,1.5
30.583,9.9408,0.0033,0.0883,0.425,0.0388,0.436,0.0213,2.1659,1.5,1.5
30.583,9.9408,0.0033,0.0883,0.425,0.0388,0.4411,0.0202,2.1659,1.5,1.5
30.583,9.9408,0.0033,0.0883,0.425,0.0388,0.4424,0.0187,2.1659,1.5,1.5
30.617,9.9541,0.0043,0.0894,0.3902,0.0321,0.444,0.0197,2.1659,1.5,1.5
30.617,9.9541,0.0043,0.0894,0.3902,0.0321,0.4323,0.0168,2.1262,1.5,1.5
30.633,9.9606,0.0048,0.0899,0.3885,0.0315,0.4268,0.0155,2.1262,1.5,1.5
30.633,9.9606,0.0048,0.0899,0.3885,0.0315,0.4231,0.0143,2.1262,1.5,1.5
30.633,9.9606,0.0048,0.0899,0.3885,0.0315,0.4202,0.0136,2.1262,1.5,1.5
30.667,9.9739,0.0058,0.0909,0.408,0.0286,0.4232,0.0136,2.1262,1.5,1.5
30.683,9.9808,0.0064,0.0914,0.4178,0.0306,0.424,0.0109,2.1262,1.5,1.5
30.683,9.9808,0.0064,0.0914,0.4178,0.0306,0.432,0.0163,2.1262,1.5,1.5
30.7,9.9878,0.007,0.092,0.4258,0.0331,0.4407,0.0102,2.1262,1.5,1.5
30.7,9.9878,0.007,0.092,0.4258,0.0331,0.4469,0.0151,2.1262,1.5,1.5
30.7,9.9878,0.007,0.092,0.4258,0.0331,0.4513,0.0152,2.1262,1.5,1.5
30.733,10.0023,0.0081,0.093,0.4414,0.0311,0.4576,0.0148,2.0654,1.5,1.5
30.733,10.0023,0.0081,0.093,0.4414,0.0311,0.4611,0.0143,2.0654,1.5,1.5
30.75,10.0097,0.0087,0.0935,0.4438,0.0331,0.4608,0.0141,2.0654,1.5,1.5
30.75,10.0097,0.0087,0.0935,0.4438,0.0331,0.4617,0.0123,2.0654,1.5,1.5
30.783,10.017,0.0097,0.0928,0.0078,-0.0136,0.4601,0.0111,2.0654,1.5,1.5
30.783,10.017,0.0097,0.0928,0.0078,-0.0136,0.3601,-0.0104,2.0654,1.5,1.5
30.8,10.017,0.0096,0.0919,0.0012,-0.0557,0.2601,-0.0206,2.0654,1.5,1.5
30.8,10.017,0.0096,0.0919,0.0012,-0.0557,0.1601,-0.0405,2.0654,1.5,1.5
30.8,10.017,0.0096,0.0919,0.0012,-0.0557,0.0983,-0.0493,inf,1.5,1.5
30.833,10.0172,0.0098,0.0895,0.0033,-0.0612,0.0972,-0.0557,inf,1.5,1.5
30.85,10.0172,0.01,0.0878,0.0075,-0.148,0.0951,-0.0606,inf,1.5,1.5
30.85,10.0172,0.01,0.0878,0.0075,-0.148,0.0933,-0.1051,inf,1.5,1.5
30.867,10.0173,0.0105,0.0861,0.0056,-0.1077,0.093,-0.1225,inf,1.5,1.5
30.867,10.0173,0.0105,0.0861,0.0056,-0.1077,0.0934,-0.1114,inf,1.5,1.5
30.867,10.0173,0.0105,0.0861,0.0056,-0.1077,0.0949,-0.1036,inf,1.5,1.5
30.9,10.0175,0.0116,0.0811,0.0071,-0.1413,0.0916,-0.1111,inf,1.5,1.5
30.9,10.0175,0.0116,0.0811,0.0071,-0.1413,0.0886,-0.117,inf,1.5,1.5
30.917,10.0176,0.0122,0.0779,0.0112,-0.2292,0.0927,-0.1659,inf,1.5,1.5
30.917,10.0176,0.0122,0.0779,0.0112,-0.2292,0.0947,-0.1877,inf,1.5,1.5
30.95,10.0179,0.0134,0.0702,0.0122,-0.2394,0.0959,-0.1975,inf,1.5,1.5
30.95,10.0179,0.0134,0.0702,0.0122,-0.2394,0.0943,-0.2057,inf,1.5,1.5
30.967,10.018,0.014,0.0667,0.0111,-0.239,0.0946,-0.2056,inf,1.5,1.5
30.967,10.018,0.014,0.0667,0.0111,-0.239,0.0952,-0.2012,inf,1.5,1.5
30.967,10.018,0.014,0.0667,0.0111,-0.239,0.0941,-0.2035,inf,1.5,1.5
31.0,10.0182,0.0148,0.0616,0.008,-0.1603,0.0966,-0.2066,inf,1.5,1.5
31.0,10.0182,0.0148,0.0616,0.008,-0.1603,0.094,-0.1673,inf,1.5,1.5
31.017,10.0182,0.0151,0.0599,0.0023,-0.0746,0.0944,-0.1047,inf,1.5,1.5
31.033,10.0182,0.0152,0.0596,0.0023,-0.0399,0.0933,-0.0793,inf,1.5,1.5
31.033,10.0182,0.0152,0.0596,0.0023,-0.0399,0.0909,-0.0494,inf,1.5,1.5
31.033,10.0182,0.0152,0.0596,0.0023,-0.0399,0.0897,-0.0394,inf,1.5,1.5
31.067,10.0182,0.0153,0.0592,0.0001,0.0042,0.0878,-0.034,inf,1.5,1.5
31.067,10.0182,0.0153,0.0592,0.0001,0.0042,0.0874,-0.0146,inf,1.5,1.5
31.083,10.0182,0.0153,0.0593,0.0008,0.0023,0.0848,-0.0049,inf,1.5,1.5
31.083,10.0182,0.0153,0.0593,0.0008,0.0023,0.0857,-0.0015,inf,1.5,1.5
31.083,10.0182,0.0153,0.0593,0.0008,0.0023,0.084,-0.0012,inf,1.5,1.5
31.117,10.0183,0.0156,0.0575,0.004,-0.0833,0.0874,-0.045,inf,1.5,1.5
31.133,10.0183,0.0158,0.0569,0.0013,-0.0337,0.0899,-0.0679,inf,1.5,1.5
31.133,10.0183,0.0158,0.0569,0.0013,-0.0337,0.0909,-0.054,inf,1.5,1.5
31.133,10.0183,0.0158,0.0569,0.0013,-0.0337,0.0897,-0.0448,inf,1.5,1.5
31.167,10.0183,0.0159,0.0569,-0.001,0.032,0.0892,-0.0362,inf,1.5,1.5
31.167,10.0183,0.0159,0.0569,-0.001,0.032,0.0864,0.0014,inf,1.5,1.5
31.183,10.0183,0.0159,0.0568,-0.0003,0.0015,0.0846,0.0002,inf,1.5,1.5
31.2,10.0183,0.0159,0.057,0.0007,0.0197,0.0809,0.0012,inf,1.5,1.5
31.2,10.0183,0.0159,0.057,0.0007,0.0197,0.0822,0.0043,inf,1.5,1.5
31.2,10.0183,0.0159,0.057,0.0007,0.0197,0.0811,0.0081,inf,1.5,1.5
31.233,10.0183,0.016,0.0567,0.0009,-0.0196,0.0844,-0.0112,inf,1.5,1.5
31.233,10.0183,0.016,0.0567,0.0009,-0.0196,0.0858,-0.018,inf,1.5,1.5
31.25,10.0183,0.0161,0.0566,0.0001,0.0002,0.0837,-0.0119,inf,1.5,1.5
31.25,10.0183,0.0161,0.0566,0.0001,0.0002,0.0864,-0.0071,inf,1.5,1.5
31.25,10.0183,0.0161,0.0566,0.0001,0.0002,0.0882,-0.0055,inf,1.5,1.5
31.283,10.0183,0.0161,0.0566,0.0003,-0.0039,0.0862,-0.0097,inf,1.5,1.5
31.3,10.0183,0.0161,0.0567,0.0,0.0005,0.088,-0.0089,inf,1.5,1.5
31.3,10.0183,0.0161,0.0567,0.0,0.0005,0.0918,-0.0092,inf,1.5,1.5
31.3,10.0183,0.0161,0.0567,0.0,0.0005,0.093,-0.0088,inf,1.5,1.5
31.333,10.0183,0.0161,0.057,-0.0009,0.0232,0.0884,-0.0069,inf,1.5,1.5
31.333,10.0183,0.0161,0.057,-0.0009,0.0232,0.0854,0.0083,inf,1.5,1.5
31.35,10.0183,0.0161,0.0571,-0.0005,0.0097,0.0861,0.0099,inf,1.5,1.5
31.367,10.0183,0.0162,0.0571,0.0005,-0.016,0.0852,0.0066,inf,1.5,1.5
31.367,10.0183,0.0162,0.0571,0.0005,-0.016,0.0848,-0.0101,inf,1.5,1.5
31.367,10.0183,0.0162,0.0571,0.0005,-0.016,0.0843,-0.0153,inf,1.5,1.5
31.4,10.0183,0.0162,0.0573,-0.0007,0.024,0.0884,-0.0196,inf,1.5,1.5
31.417,10.0183,0.0162,0.0574,-0.0003,0.0107,0.0871,0.0023,inf,1.5,1.5
31.417,10.0183,0.0162,0.0574,-0.0003,0.0107,0.0886,0.0036,inf,1.5,1.5
31.417,10.0183,0.0162,0.0574,-0.0003,0.0107,0.0887,0.0033,inf,1.5,1.5
31.45,10.0183,0.0162,0.0573,-0.0004,0.0162,0.0896,-0.0014,inf,1.5,1.5
31.45,10.0183,0.0162,0.0573,-0.0004,0.0162,0.0876,0.0059,inf,1.5,1.5
31.467,10.0183,0.0163,0.0573,0.0019,-0.0286,0.089,0.0091,inf,1.5,1.5
31.467,10.0183,0.0163,0.0573,0.0019,-0.0286,0.0874,-0.0167,inf,1.5,1.5
31.467,10.0183,0.0163,0.0573,0.0019,-0.0286,0.0875,-0.0242,inf,1.5,1.5
31.5,10.0183,0.0163,0.0571,0.0033,-0.0894,0.0871,-0.0576,inf,1.5,1.5
31.517,10.0183,0.0164,0.0569,0.0003,0.0018,0.0862,-0.0701,inf,1.5,1.5
31.517,10.0183,0.0164,0.0569,0.0003,0.0018,0.0854,-0.0336,inf,1.5,1.5
31.533,10.0183,0.0164,0.057,0.0003,-0.0003,0.0807,-0.0122,inf,1.5,1.5
31.533,10.0183,0.0164,0.057,0.0003,-0.0003,0.0833,-0.0019,inf,1.5,1.5
31.533,10.0183,0.0164,0.057,0.0003,-0.0003,0.0848,0.0011,inf,1.5,1.5
31.567,10.0183,0.0165,0.0568,-0.0007,0.0108,0.0862,0.0071,inf,1.5,1.5
31.583,10.0183,0.0165,0.0569,-0.0006,0.0127,0.0888,0.0087,inf,1.5,1.5
31.583,10.0183,0.0165,0.0569,-0.0006,0.0127,0.0886,0.0073,inf,1.5,1.5
31.583,10.0183,0.0165,0.0569,-0.0006,0.0127,0.088,0.0081,inf,1.5,1.5
31.617,10.0183,0.0165,0.0571,-0.0001,0.0065,0.0862,0.0062,inf,1.5,1.5
31.617,10.0183,0.0165,0.0571,-0.0001,0.0065,0.0874,0.0032,inf,1.5,1.5
31.633,10.0183,0.0165,0.0572,-0.0005,0.0143,0.088,0.0087,inf,1.5,1.5
31.633,10.0183,0.0165,0.0572,-0.0005,0.0143,0.0869,0.0119,inf,1.5,1.5
31.633,10.0183,0.0165,0.0572,-0.0005,0.0143,0.0886,0.0139,inf,1.5,1.5
31.667,10.0182,0.0166,0.0573,0.0007,-0.0086,0.0864,0.0011,inf,1.5,1.5
31.683,10.0182,0.0166,0.0573,-0.0002,0.0068,0.087,-0.0065,inf,1.5,1.5
31.683,10.0182,0.0166,0.0573,-0.0002,0.0068,0.086,-0.0012,inf,1.5,1.5
31.7,10.0182,0.0166,0.0574,-0.0009,0.0218,0.0855,0.0065,inf,1.5,1.5
31.7,10.0182,0.0166,0.0574,-0.0009,0.0218,0.0857,0.0108,inf,1.5,1.5
31.7,10.0182,0.0166,0.0574,-0.0009,0.0218,0.0882,0.0132,inf,1.5,1.5
31.733,10.0182,0.0166,0.0576,-0.0006,0.0162,0.0898,0.013,inf,1.5,1.5
31.75,10.0182,0.0166,0.0577,-0.0007,0.0193,0.0869,0.0125,inf,1.5,1.5
31.75,10.0182,0.0166,0.0577,-0.0007,0.0193,0.0873,0.0131,inf,1.5,1.5
31.75,10.0182,0.0166,0.0577,-0.0007,0.0193,0.0884,0.0146,inf,1.5,1.5
31.783,10.0182,0.0167,0.0578,-0.0004,0.0164,0.0885,0.0133,inf,1.5,1.5
31.783,10.0182,0.0167,0.0578,-0.0004,0.0164,0.088,0.0068,inf,1.5,1.5
31.8,10.0182,0.0167,0.058,-0.0008,0.0324,0.0871,0.0189,inf,1.5,1.5
31.8,10.0182,0.0167,0.058,-0.0008,0.0324,0.0868,0.0206,inf,1.5,1.5
31.833,10.0182,0.0167,0.0581,-0.0005,0.0177,0.0866,0.0211,inf,1.5,1.5
31.833,10.0182,0.0167,0.0581,-0.0005,0.0177,0.0892,0.0184,inf,1.5,1.5
31.85,10.0182,0.0167,0.0583,-0.0,0.0073,0.0889,0.0153,inf,1.5,1.5
31.85,10.0182,0.0167,0.0583,-0.0,0.0073,0.0852,0.0114,inf,1.5,1.5
31.867,10.0182,0.0167,0.0582,-0.0,0.0043,0.0846,0.005,inf,1.5,1.5
31.867,10.0182,0.0167,0.0582,-0.0,0.0043,0.0838,-0.0007,inf,1.5,1.5
31.867,10.0182,0.0167,0.0582,-0.0,0.0043,0.085,0.0018,inf,1.5,1.5
31.9,10.0182,0.0168,0.0583,-0.0005,0.0129,0.0874,0.005,inf,1.5,1.5
31.917,10.0182,0.0168,0.0585,-0.0001,0.0059,0.0863,0.0046,inf,1.5,1.5
31.917,10.0182,0.0168,0.0585,-0.0001,0.0059,0.0879,0.0077,inf,1.5,1.5
31.917,10.0182,0.0168,0.0585,-0.0001,0.0059,0.0856,0.0078,inf,1.5,1.5
31.95,10.0182,0.0169,0.058,0.0033,-0.0666,0.0828,0.0063,inf,1.5,1.5
31.95,10.0182,0.0169,0.058,0.0033,-0.0666,0.084,-0.0362,inf,1.5,1.5
31.967,10.0182,0.017,0.0579,-0.0002,0.013,0.086,-0.0122,inf,1.5,1.5
31.967,10.0182,0.017,0.0579,-0.0002,0.013,0.0851,-0.0065,inf,1.5,1.5
31.967,10.0182,0.017,0.0579,-0.0002,0.013,0.0818,0.0066,inf,1.5,1.5
32.0,10.0182,0.017,0.0579,-0.0005,0.0107,0.08,0.0022,inf,1.5,1.5
32.017,10.0182,0.017,0.0583,-0.001,0.0256,0.0798,0.0062,inf,1.5,1.5
32.017,10.0182,0.017,0.0583,-0.001,0.0256,0.0809,0.014,inf,1.5,1.5
32.033,10.0182,0.017,0.0582,-0.0003,0.0157,0.0811,0.0161,inf,1.5,1.5
32.033,10.0182,0.017,0.0582,-0.0003,0.0157,0.0869,0.0173,inf,1.5,1.5
32.033,10.0182,0.017,0.0582,-0.0003,0.0157,0.088,0.013,inf,1.5,1.5
32.067,10.0182,0.017,0.0584,0.0012,-0.0163,0.0871,0.0005,inf,1.5,1.5
32.083,10.0182,0.017,0.0585,-0.0006,0.0189,0.0872,-0.011,inf,1.5,1.5
32.083,10.0182,0.017,0.0585,-0.0006,0.0189,0.0843,0.002,inf,1.5,1.5
32.083,10.0182,0.017,0.0585,-0.0006,0.0189,0.0835,0.0056,inf,1.5,1.5
32.117,10.0182,0.0171,0.0586,-0.0009,0.0229,0.0841,0.0095,inf,1.5,1.5
32.117,10.0182,0.0171,0.0586,-0.0009,0.0229,0.0856,0.0174,inf,1.5,1.5
32.133,10.0182,0.0171,0.0586,-0.0003,0.0067,0.0865,0.0123,inf,1.5,1.5
32.133,10.0182,0.0171,0.0586,-0.0003,0.0067,0.0857,0.0095,inf,1.5,1.5
32.133,10.0182,0.0171,0.0586,-0.0003,0.0067,0.0845,0.0097,inf,1.5,1.5
32.167,10.0182,0.0171,0.0587,-0.002,0.0473,0.0839,0.0236,inf,1.5,1.5
32.183,10.0181,0.0171,0.0592,-0.001,0.0289,0.084,0.0348,inf,1.5,1.5
32.183,10.0181,0.0171,0.0592,-0.001,0.0289,0.0873,0.0317,inf,1.5,1.5
32.2,10.0181,0.0171,0.0592,0.0008,-0.01,0.0885,0.0268,inf,1.5,1.5
32.2,10.0181,0.0171,0.0592,0.0008,-0.01,0.0839,0.0053,inf,1.5,1.5
32.2,10.0181,0.0171,0.0592,0.0008,-0.01,0.0851,-0.0044,inf,1.5,1.5
32.233,10.0181,0.0171,0.059,0.0005,-0.0042,0.0847,-0.01,inf,1.5,1.5
32.233,10.0181,0.0171,0.059,0.0005,-0.0042,0.0852,-0.0097,inf,1.5,1.5
32.25,10.0181,0.0172,0.0588,0.0011,-0.0133,0.0873,-0.016,inf,1.5,1.5
32.25,10.0181,0.0172,0.0588,0.0011,-0.0133,0.0883,-0.0133,inf,1.5,1.5
32.283,10.0181,0.0172,0.0589,-0.001,0.0283,0.0852,-0.014,inf,1.5,1.5
32.283,10.0181,0.0172,0.0589,-0.001,0.0283,0.0846,0.0011,inf,1.5,1.5
32.3,10.0181,0.0173,0.0589,-0.0007,0.0166,0.0859,0.0119,inf,1.5,1.5
32.3,10.0181,0.0173,0.0589,-0.0007,0.0166,0.0853,0.0149,inf,1.5,1.5
32.3,10.0181,0.0173,0.0589,-0.0007,0.0166,0.086,0.0116,inf,1.5,1.5
32.333,10.0181,0.0173,0.0591,0.0002,0.0002,0.0844,0.0091,inf,1.5,1.5
32.333,10.0181,0.0173,0.0591,0.0002,0.0002,0.0868,-0.0007,inf,1.5,1.5
32.35,10.0181,0.0173,0.0591,-0.0017,0.047,0.0847,0.0231,inf,1.5,1.5
32.367,10.0181,0.0173,0.0593,-0.0016,0.0507,0.0867,0.0323,inf,1.5,1.5
32.367,10.0181,0.0173,0.0593,-0.0016,0.0507,0.084,0.037,inf,1.5,1.5
32.367,10.0181,0.0173,0.0593,-0.0016,0.0507,0.0842,0.0402,inf,1.5,1.5
32.4,10.0181,0.0174,0.0592,0.0006,-0.0155,0.085,0.0398,inf,1.5,1.5
32.4,10.0181,0.0174,0.0592,0.0006,-0.0155,0.0874,0.0061,inf,1.5,1.5
32.417,10.0181,0.0174,0.059,0.0004,-0.0067,0.089,-0.0035,inf,1.5,1.5
32.417,10.0181,0.0174,0.059,0.0004,-0.0067,0.086,-0.0134,inf,1.5,1.5
32.417,10.0181,0.0174,0.059,0.0004,-0.0067,0.0884,-0.0115,inf,1.5,1.5
32.45,10.0181,0.0175,0.059,-0.0,0.0097,0.085,-0.0028,inf,1.5,1.5
32.467,10.0181,0.0175,0.0589,0.0052,0.0159,0.0861,0.0024,inf,1.5,1.5
32.467,10.0181,0.0175,0.0589,0.0052,0.0159,0.089,0.0087,inf,1.5,1.5
32.467,10.0181,0.0175,0.0589,0.0052,0.0159,0.0911,0.0124,inf,1.5,1.5
32.5,10.0181,0.0175,0.059,-0.0004,0.013,0.0915,0.0099,inf,1.5,1.5
32.5,10.0181,0.0175,0.059,-0.0004,0.013,0.0892,0.0108,inf,1.5,1.5
32.517,10.0181,0.0176,0.0588,0.0015,-0.027,0.089,-0.0071,inf,1.5,1.5
32.533,10.0181,0.0176,0.0588,-0.0024,0.0384,0.0877,-0.0208,inf,1.5,1.5
32.533,10.0181,0.0176,0.0588,-0.0024,0.0384,0.0863,0.0109,inf,1.5,1.5
32.533,10.0181,0.0176,0.0588,-0.0024,0.0384,0.0846,0.0225,inf,1.5,1.5
32.567,10.0181,0.0176,0.0589,0.0052,0.0004,0.0838,0.0361,inf,1.5,1.5
32.567,10.0181,0.0176,0.0589,0.0052,0.0004,0.0876,0.0139,inf,1.5,1.5
32.583,10.0181,0.0176,0.059,-0.001,0.0223,0.0857,0.0173,inf,1.5,1.5
32.583,10.0181,0.0176,0.059,-0.001,0.0223,0.0856,0.014,inf,1.5,1.5
32.583,10.0181,0.0176,0.059,-0.001,0.0223,0.0844,0.0186,inf,1.5,1.5
32.617,10.0181,0.0177,0.0589,0.0012,-0.0194,0.0881,0.0001,inf,1.5,1.5
32.633,10.0181,0.0177,0.0587,0.0017,-0.0167,0.0891,-0.011,inf,1.5,1.5
32.633,10.0181,0.0177,0.0587,0.0017,-0.0167,0.0884,-0.0131,inf,1.5,1.5
32.633,10.0181,0.0177,0.0587,0.0017,-0.0167,0.087,-0.0182,inf,1.5,1.5
32.667,10.0181,0.0178,0.0588,0.0002,-0.0032,0.0873,-0.0176,inf,1.5,1.5
32.667,10.0181,0.0178,0.0588,0.0002,-0.0032,0.0887,-0.0097,inf,1.5,1.5
32.683,10.0181,0.0178,0.0586,0.0005,-0.0107,0.0901,-0.0104,inf,1.5,1.5
32.7,10.0181,0.0179,0.0585,-0.0012,0.0059,0.0907,-0.0091,inf,1.5,1.5
32.7,10.0181,0.0179,0.0585,-0.0012,0.0059,0.0882,-0.0003,inf,1.5,1.5
32.7,10.0181,0.0179,0.0585,-0.0012,0.0059,0.085,0.0004,inf,1.5,1.5
32.733,10.0181,0.0178,0.0589,-0.0004,0.0131,0.0838,0.008,inf,1.5,1.5
32.75,10.0181,0.0179,0.0587,0.0,0.0062,0.0825,0.0109,inf,1.5,1.5
32.75,10.0181,0.0179,0.0587,0.0,0.0062,0.0842,0.0125,inf,1.5,1.5
32.75,10.0181,0.0179,0.0587,0.0,0.0062,0.0832,0.0075,inf,1.5,1.5
32.783,10.0181,0.0179,0.059,-0.0038,0.0714,0.0822,0.0023,inf,1.5,1.5
32.783,10.0181,0.0179,0.059,-0.0038,0.0714,0.0822,0.0327,inf,1.5,1.5
32.8,10.0181,0.018,0.0592,0.0004,-0.0037,0.0821,0.0114,inf,1.5,1.5
32.8,10.0181,0.018,0.0592,0.0004,-0.0037,0.0856,-0.0003,inf,1.5,1.5
32.8,10.0181,0.018,0.0592,0.0004,-0.0037,0.088,-0.0075,inf,1.5,1.5
32.833,10.018,0.018,0.0595,-0.0041,0.0725,0.0843,0.0309,inf,1.5,1.5
32.85,10.018,0.0181,0.0597,0.0055,0.0022,0.0821,0.0457,inf,1.5,1.5
32.85,10.018,0.0181,0.0597,0.0055,0.0022,0.0869,0.0255,inf,1.5,1.5
32.867,10.018,0.0181,0.0597,0.0029,0.0265,0.0883,0.0074,inf,1.5,1.5
32.867,10.018,0.0181,0.0597,0.0029,0.0265,0.0914,0.0089,inf,1.5,1.5
32.867,10.018,0.0181,0.0597,0.0029,0.0265,0.0905,0.0129,inf,1.5,1.5
32.9,10.018,0.018,0.0602,-0.0009,0.0085,0.0889,0.0104,inf,1.5,1.5
32.917,10.018,0.0181,0.0601,-0.0011,0.0252,0.0883,0.0019,inf,1.5,1.5
32.917,10.018,0.0181,0.0601,-0.0011,0.0252,0.0869,0.0105,inf,1.5,1.5
32.917,10.018,0.0181,0.0601,-0.0011,0.0252,0.0875,0.0147,inf,1.5,1.5
32.95,10.018,0.0182,0.0606,-0.0007,0.0138,0.0859,0.0185,inf,1.5,1.5
32.95,10.018,0.0182,0.0606,-0.0007,0.0138,0.0843,0.0112,inf,1.5,1.5
32.967,10.018,0.0182,0.0607,-0.0002,0.0694,0.0853,0.0045,inf,1.5,1.5
32.967,10.018,0.0182,0.0607,-0.0002,0.0694,0.0851,0.0357,inf,1.5,1.5
32.967,10.018,0.0182,0.0607,-0.0002,0.0694,0.084,0.0478,inf,1.5,1.5
33.0,10.018,0.0181,0.0613,-0.0011,0.0173,0.087,0.0577,inf,1.5,1.5
33.017,10.018,0.0182,0.0613,-0.0002,0.0058,0.0879,0.0358,inf,1.5,1.5
33.017,10.018,0.0182,0.0613,-0.0002,0.0058,0.0894,0.0158,inf,1.5,1.5
33.033,10.018,0.0182,0.0614,0.0001,0.0004,0.087,0.0004,inf,1.5,1.5
33.033,10.018,0.0182,0.0614,0.0001,0.0004,0.0901,-0.0072,inf,1.5,1.5
33.033,10.018,0.0182,0.0614,0.0001,0.0004,0.0888,-0.0069,inf,1.5,1.5
33.067,10.018,0.0183,0.0612,-0.0004,0.0051,0.0876,-0.0072,inf,1.5,1.5
33.067,10.018,0.0183,0.0612,-0.0004,0.0051,0.0889,-0.0025,inf,1.5,1.5
33.083,10.018,0.0183,0.0614,-0.0004,0.0028,0.0878,-0.003,inf,1.5,1.5
33.083,10.018,0.0183,0.0614,-0.0004,0.0028,0.0898,-0.0015,inf,1.5,1.5
33.083,10.018,0.0183,0.0614,-0.0004,0.0028,0.0891,-0.0015,inf,1.5,1.5
33.117,10.018,0.0183,0.0613,0.0001,0.0042,0.0892,-0.0028,inf,1.5,1.5
33.133,10.0179,0.0183,0.0615,-0.0002,0.0044,0.0879,-0.0008,inf,1.5,1.5
33.133,10.0179,0.0183,0.0615,-0.0002,0.0044,0.0863,-0.0002,inf,1.5,1.5
33.133,10.0179,0.0183,0.0615,-0.0002,0.0044,0.0856,-0.0025,inf,1.5,1.5
33.167,10.0179,0.0184,0.0616,-0.0012,0.0275,0.0872,-0.0031,inf,1.5,1.5
33.167,10.0179,0.0184,0.0616,-0.0012,0.0275,0.0854,0.0087,inf,1.5,1.5
33.183,10.0179,0.0183,0.0619,-0.0005,0.0066,0.0878,0.0062,inf,1.5,1.5
33.2,10.0179,0.0183,0.062,0.0002,-0.0067,0.0875,0.0086,inf,1.5,1.5
33.2,10.0179,0.0183,0.062,0.0002,-0.0067,0.0886,-0.0041,inf,1.5,1.5
33.2,10.0179,0.0183,0.062,0.0002,-0.0067,0.0908,-0.0096,inf,1.5,1.5
33.233,10.0179,0.0184,0.0619,-0.0011,0.0243,0.0874,-0.0132,inf,1.5,1.5
33.233,10.0179,0.0184,0.0619,-0.0011,0.0243,0.0886,0.0064,inf,1.5,1.5
33.25,10.0179,0.0184,0.0621,-0.0003,0.0062,0.088,0.0084,inf,1.5,1.5
33.25,10.0179,0.0184,0.0621,-0.0003,0.0062,0.091,0.0115,inf,1.5,1.5
33.25,10.0179,0.0184,0.0621,-0.0003,0.0062,0.0867,0.0092,inf,1.5,1.5
33.25,10.0179,0.0184,0.0621,-0.0003,0.0062,0.0879,0.0072,inf,1.5,1.5
33.283,10.0179,0.0185,0.0616,0.0029,-0.0151,0.0867,-0.0062,inf,1.5,1.5
33.3,10.0179,0.0186,0.0616,0.0001,-0.0019,0.0903,-0.0172,inf,1.5,1.5
33.3,10.0179,0.0186,0.0616,0.0001,-0.0019,0.0888,-0.016,inf,1.5,1.5
33.3,10.0179,0.0186,0.0616,0.0001,-0.0019,0.0894,-0.0157,inf,1.5,1.5
33.333,10.0179,0.0186,0.062,-0.0046,0.0749,0.0865,-0.0113,inf,1.5,1.5
33.333,10.0179,0.0186,0.062,-0.0046,0.0749,0.0853,0.0306,inf,1.5,1.5
33.35,10.0179,0.0186,0.0622,0.0006,-0.0146,0.0851,0.0515,inf,1.5,1.5
33.367,10.0179,0.0187,0.0622,-0.0005,0.0109,0.0856,0.0106,inf,1.5,1.5
33.367,10.0179,0.0187,0.0622,-0.0005,0.0109,0.087,0.0014,inf,1.5,1.5
33.367,10.0179,0.0187,0.0622,-0.0005,0.0109,0.0865,-0.0043,inf,1.5,1.5
33.4,10.0179,0.0187,0.0624,-0.0011,0.0298,0.0896,0.0011,inf,1.5,1.5
33.4,10.0179,0.0187,0.0624,-0.0011,0.0298,0.0899,0.0118,inf,1.5,1.5
33.417,10.0179,0.0186,0.0628,-0.0017,0.0058,0.0893,0.0124,inf,1.5,1.5
33.417,10.0179,0.0186,0.0628,-0.0017,0.0058,0.0869,0.0067,inf,1.5,1.5
33.417,10.0179,0.0186,0.0628,-0.0017,0.0058,0.0835,0.0003,inf,1.5,1.5
33.45,10.0179,0.0186,0.0629,-0.0024,0.0448,0.085,0.018,inf,1.5,1.5
33.467,10.0179,0.0187,0.063,0.0003,-0.0046,0.0857,0.027,inf,1.5,1.5
33.467,10.0179,0.0187,0.063,0.0003,-0.0046,0.0871,0.0085,inf,1.5,1.5
33.467,10.0179,0.0187,0.063,0.0003,-0.0046,0.0857,-0.0043,inf,1.5,1.5
33.5,10.0179,0.0188,0.0627,-0.0005,0.0041,0.088,-0.0126,inf,1.5,1.5
33.5,10.0179,0.0188,0.0627,-0.0005,0.0041,0.0867,-0.0053,inf,1.5,1.5
33.517,10.0179,0.0188,0.0628,-0.0015,0.0516,0.0877,0.0204,inf,1.5,1.5
33.533,10.0178,0.0187,0.063,-0.0001,-0.0005,0.0867,0.0304,inf,1.5,1.5
33.533,10.0178,0.0187,0.063,-0.0001,-0.0005,0.0861,0.0112,inf,1.5,1.5
33.533,10.0178,0.0187,0.063,-0.0001,-0.0005,0.088,0.0045,inf,1.5,1.5
33.567,10.0179,0.0189,0.0625,0.0014,-0.0433,0.0874,-0.0067,inf,1.5,1.5
33.567,10.0179,0.0189,0.0625,0.0014,-0.0433,0.0839,-0.0311,inf,1.5,1.5
33.583,10.0179,0.019,0.0621,-0.0009,0.0038,0.0852,-0.0449,inf,1.5,1.5
33.583,10.0179,0.019,0.0621,-0.0009,0.0038,0.0844,-0.0247,inf,1.5,1.5
33.583,10.0179,0.019,0.0621,-0.0009,0.0038,0.0837,-0.0138,inf,1.5,1.5
33.617,10.0179,0.019,0.0615,-0.0002,0.0013,0.0831,-0.0064,inf,1.5,1.5
33.633,10.0179,0.019,0.0617,-0.0008,0.0176,0.0841,-0.0058,inf,1.5,1.5
33.633,10.0179,0.019,0.0617,-0.0008,0.0176,0.0858,0.0012,inf,1.5,1.5
33.633,10.0179,0.019,0.0617,-0.0008,0.0176,0.0861,0.0069,inf,1.5,1.5
33.633,10.0179,0.019,0.0617,-0.0008,0.0176,0.087,0.0101,inf,1.5,1.5
33.633,10.0179,0.019,0.0617,-0.0008,0.0176,0.085,0.0098,inf,1.5,1.5
33.667,10.0179,0.019,0.062,0.0003,0.0074,0.0837,0.0073,inf,1.5,1.5
33.683,10.0179,0.0191,0.0618,0.0011,-0.0087,0.0843,0.0015,inf,1.5,1.5
33.683,10.0179,0.0191,0.0618,0.0011,-0.0087,0.0856,-0.0048,inf,1.5,1.5
33.7,10.0179,0.0191,0.0613,0.0006,-0.0068,0.0871,-0.0099,inf,1.5,1.5
33.7,10.0179,0.0191,0.0613,0.0006,-0.0068,0.0879,-0.0114,inf,1.5,1.5
33.7,10.0179,0.0191,0.0613,0.0006,-0.0068,0.0861,-0.0158,inf,1.5,1.5
33.733,10.0179,0.0191,0.0614,-0.0001,0.0085,0.0836,-0.0062,inf,1.5,1.5
33.75,10.0179,0.0191,0.0614,-0.0007,0.0157,0.086,-0.0006,inf,1.5,1.5
33.75,10.0179,0.0191,0.0614,-0.0007,0.0157,0.0856,0.0022,inf,1.5,1.5
33.75,10.0179,0.0191,0.0614,-0.0007,0.0157,0.0843,0.0046,inf,1.5,1.5
33.783,10.0179,0.0191,0.0616,-0.0001,0.0013,0.0841,0.0096,inf,1.5,1.5
33.783,10.0179,0.0191,0.0616,-0.0001,0.0013,0.085,-0.0001,inf,1.5,1.5
33.8,10.0179,0.0192,0.0614,0.0013,-0.0167,0.0865,-0.0118,inf,1.5,1.5
33.8,10.0179,0.0192,0.0614,0.0013,-0.0167,0.0877,-0.0173,inf,1.5,1.5
33.833,10.0179,0.0192,0.0617,-0.0019,0.0157,0.0884,-0.0187,inf,1.5,1.5
33.833,10.0179,0.0192,0.0617,-0.0019,0.0157,0.0862,-0.0017,inf,1.5,1.5
33.85,10.0179,0.0193,0.0615,-0.0009,0.0244,0.0847,0.0042,inf,1.5,1.5
33.85,10.0179,0.0193,0.0615,-0.0009,0.0244,0.0816,0.0104,inf,1.5,1.5
33.867,10.0179,0.0192,0.0618,-0.0006,0.0136,0.0854,0.0097,inf,1.5,1.5
33.867,10.0179,0.0192,0.0618,-0.0006,0.0136,0.0852,0.0104,inf,1.5,1.5
33.9,10.0179,0.0193,0.0618,-0.0005,0.0089,0.0858,0.0083,inf,1.5,1.5
33.9,10.0179,0.0193,0.0618,-0.0005,0.0089,0.0878,0.0031,inf,1.5,1.5
33.917,10.0179,0.0193,0.062,-0.0009,0.0304,0.0886,0.0022,inf,1.5,1.5
33.917,10.0179,0.0193,0.062,-0.0009,0.0304,0.084,0.0114,inf,1.5,1.5
33.917,10.0179,0.0193,0.062,-0.0009,0.0304,0.0855,0.0203,inf,1.5,1.5
33.95,10.0179,0.0193,0.0621,0.0003,0.0024,0.0864,0.0185,inf,1.5,1.5
33.967,10.0179,0.0193,0.0622,-0.0007,0.0196,0.0856,0.0041,inf,1.5,1.5
33.967,10.0179,0.0193,0.0622,-0.0007,0.0196,0.085,0.007,inf,1.5,1.5
33.967,10.0179,0.0193,0.0622,-0.0007,0.0196,0.0847,0.0055,inf,1.5,1.5
34.0,10.0178,0.0193,0.0624,-0.0008,0.0213,0.0844,0.0089,inf,1.5,1.5
34.0,10.0178,0.0193,0.0624,-0.0008,0.0213,0.0829,0.0142,inf,1.5,1.5
34.017,10.0178,0.0193,0.0625,-0.0009,0.0153,0.0817,0.0105,inf,1.5,1.5
34.033,10.0178,0.0193,0.0626,-0.0006,0.0135,0.0853,0.0079,inf,1.5,1.5
34.033,10.0178,0.0193,0.0626,-0.0006,0.0135,0.0888,0.003,inf,1.5,1.5
34.033,10.0178,0.0193,0.0626,-0.0006,0.0135,0.0925,0.0042,inf,1.5,1.5
34.067,10.0178,0.0194,0.0627,-0.0013,0.0279,0.089,0.0048,inf,1.5,1.5
34.067,10.0178,0.0194,0.0627,-0.0013,0.0279,0.0852,0.012,inf,1.5,1.5
34.083,10.0178,0.0194,0.0628,-0.0013,0.0323,0.0865,0.0203,inf,1.5,1.5
34.083,10.0178,0.0194,0.0628,-0.0013,0.0323,0.0852,0.0237,inf,1.5,1.5
34.083,10.0178,0.0194,0.0628,-0.0013,0.0323,0.0862,0.0234,inf,1.5,1.5
34.117,10.0178,0.0194,0.0629,-0.0006,0.0132,0.0856,0.022,inf,1.5,1.5
34.133,10.0178,0.0194,0.0629,-0.0013,0.0286,0.0877,0.0084,inf,1.5,1.5
34.133,10.0178,0.0194,0.0629,-0.0013,0.0286,0.0842,0.0123,inf,1.5,1.5
34.133,10.0178,0.0194,0.0629,-0.0013,0.0286,0.0827,0.0115,inf,1.5,1.5
34.167,10.0178,0.0195,0.063,0.0025,0.0023,0.0847,0.0132,inf,1.5,1.5
34.167,10.0178,0.0195,0.063,0.0025,0.0023,0.0898,0.0027,inf,1.5,1.5
34.183,10.0178,0.0194,0.0632,0.0006,0.0074,0.0903,-0.0021,inf,1.5,1.5
34.2,10.0178,0.0194,0.0636,-0.0022,0.0221,0.0879,-0.0039,inf,1.5,1.5
34.2,10.0178,0.0194,0.0636,-0.0022,0.0221,0.0832,0.0051,inf,1.5,1.5
34.2,10.0178,0.0194,0.0636,-0.0022,0.0221,0.0805,0.0108,inf,1.5,1.5
34.233,10.0178,0.0194,0.0638,-0.0005,0.0165,0.0818,0.0159,inf,1.5,1.5
34.233,10.0178,0.0194,0.0638,-0.0005,0.0165,0.0835,0.0095,inf,1.5,1.5
34.25,10.0178,0.0194,0.064,-0.0003,0.0094,0.085,0.0071,inf,1.5,1.5
34.25,10.0178,0.0194,0.064,-0.0003,0.0094,0.0848,0.0023,inf,1.5,1.5
34.25,10.0178,0.0194,0.064,-0.0003,0.0094,0.082,-0.0,inf,1.5,1.5
34.283,10.0178,0.0194,0.0641,-0.0024,0.0451,0.0826,-0.0025,inf,1.5,1.5
34.283,10.0178,0.0194,0.0641,-0.0024,0.0451,0.0849,0.0164,inf,1.5,1.5
34.3,10.0177,0.0194,0.0641,0.0011,0.0027,0.0887,0.0039,inf,1.5,1.5
34.3,10.0177,0.0194,0.0641,0.0011,0.0027,0.0871,-0.0006,inf,1.5,1.5
34.3,10.0177,0.0194,0.0641,0.0011,0.0027,0.0897,-0.0038,inf,1.5,1.5
34.333,10.0177,0.0195,0.0643,-0.0009,0.0232,0.0904,0.01,inf,1.5,1.5
34.35,10.0177,0.0194,0.0645,-0.0025,0.0642,0.0903,0.0111,inf,1.5,1.5
34.35,10.0177,0.0194,0.0645,-0.0025,0.0642,0.0859,0.0322,inf,1.5,1.5
34.367,10.0177,0.0195,0.0648,-0.0016,0.0242,0.0829,0.0253,inf,1.5,1.5
34.367,10.0177,0.0195,0.0648,-0.0016,0.0242,0.0825,0.021,inf,1.5,1.5
34.367,10.0177,0.0195,0.0648,-0.0016,0.0242,0.0839,0.0192,inf,1.5,1.5
34.4,10.0177,0.0195,0.0651,-0.0034,0.0352,0.083,0.0181,inf,1.5,1.5
34.417,10.0177,0.0195,0.0652,0.0283,0.0278,0.0859,0.0183,inf,1.5,1.5
34.417,10.0177,0.0195,0.0652,0.0283,0.0278,0.0993,0.0171,inf,1.5,1.5
34.417,10.0177,0.0195,0.0652,0.0283,0.0278,0.1033,0.0202,inf,1.5,1.5
34.45,10.0177,0.0196,0.0654,0.0005,-0.0072,0.1078,0.0142,inf,1.5,1.5
34.45,10.0177,0.0196,0.0654,0.0005,-0.0072,0.1006,-0.0019,inf,1.5,1.5
34.467,10.0177,0.0196,0.0653,0.0001,0.006,0.0922,-0.0036,inf,1.5,1.5
34.467,10.0177,0.0196,0.0653,0.0001,0.006,0.089,-0.0047,inf,1.5,1.5
34.5,10.0177,0.0197,0.0654,0.0021,-0.0189,0.0879,-0.0011,inf,1.5,1.5
34.5,10.0177,0.0197,0.0654,0.0021,-0.0189,0.0923,-0.0194,inf,1.5,1.5
34.517,10.0177,0.0197,0.0653,-0.0009,0.0146,0.0915,-0.0226,inf,1.5,1.5
34.517,10.0177,0.0197,0.0653,-0.0009,0.0146,0.0889,-0.0049,inf,1.5,1.5
34.533,10.0177,0.0197,0.0653,0.0001,-0.001,0.0858,-0.0006,inf,1.5,1.5
34.533,10.0177,0.0197,0.0653,0.0001,-0.001,0.0838,-0.0042,inf,1.5,1.5
34.533,10.0177,0.0197,0.0653,0.0001,-0.001,0.0853,-0.002,inf,1.5,1.5
34.567,10.0177,0.0197,0.0656,-0.0006,0.0143,0.0844,-0.0003,inf,1.5,1.5
34.583,10.0177,0.0198,0.0656,0.0009,-0.0124,0.089,0.0029,inf,1.5,1.5
34.583,10.0177,0.0198,0.0656,0.0009,-0.0124,0.0885,-0.0081,inf,1.5,1.5
34.583,10.0177,0.0198,0.0656,0.0009,-0.0124,0.0876,-0.0106,inf,1.5,1.5
34.617,10.0176,0.0198,0.0657,-0.0013,0.0294,0.0855,0.0062,inf,1.5,1.5
34.633,10.0176,0.0198,0.0657,0.0011,-0.0178,0.0855,0.0062,inf,1.5,1.5
34.633,10.0176,0.0198,0.0657,0.0011,-0.0178,0.0884,-0.003,inf,1.5,1.5
34.633,10.0176,0.0198,0.0657,0.0011,-0.0178,0.0895,-0.0174,inf,1.5,1.5
34.667,10.0176,0.02,0.0654,-0.0006,0.0072,0.0882,-0.0193,inf,1.5,1.5
34.667,10.0176,0.02,0.0654,-0.0006,0.0072,0.0866,-0.0085,inf,1.5,1.5
34.683,10.0176,0.0199,0.0656,-0.0012,0.0332,0.0846,-0.0006,inf,1.5,1.5
34.7,10.0176,0.0199,0.0657,-0.0,0.004,0.0865,0.0151,inf,1.5,1.5
34.7,10.0176,0.0199,0.0657,-0.0,0.004,0.088,0.0017,inf,1.5,1.5
34.7,10.0176,0.0199,0.0657,-0.0,0.004,0.0887,-0.0026,inf,1.5,1.5
34.733,10.0176,0.02,0.0657,-0.0017,0.0374,0.0895,-0.0044,inf,1.5,1.5
34.733,10.0176,0.02,0.0657,-0.0017,0.0374,0.0868,0.0114,inf,1.5,1.5
34.75,10.0176,0.02,0.0662,-0.0019,0.0339,0.0838,0.0193,inf,1.5,1.5
34.75,10.0176,0.02,0.0662,-0.0019,0.0339,0.0846,0.0224,inf,1.5,1.5
34.75,10.0176,0.02,0.0662,-0.0019,0.0339,0.0861,0.0226,inf,1.5,1.5
34.783,10.0176,0.0199,0.0664,-0.0016,0.0173,0.0849,0.0194,inf,1.5,1.5
34.8,10.0176,0.02,0.0664,-0.0015,0.0433,0.0868,0.016,inf,1.5,1.5
34.8,10.0176,0.02,0.0664,-0.0015,0.0433,0.0871,0.0255,inf,1.5,1.5
34.8,10.0176,0.02,0.0664,-0.0015,0.0433,0.0884,0.0238,inf,1.5,1.5
34.833,10.0176,0.02,0.0666,0.0247,0.0531,0.0892,0.0305,inf,1.5,1.5
34.833,10.0176,0.02,0.0666,0.0247,0.0531,0.099,0.0338,inf,1.5,1.5
34.85,10.0176,0.02,0.0666,-0.003,0.0557,0.101,0.0336,inf,1.5,1.5
34.867,10.0176,0.02,0.0667,0.0018,-0.0322,0.0939,0.0386,inf,1.5,1.5
34.867,10.0176,0.02,0.0667,0.0018,-0.0322,0.0928,-0.002,inf,1.5,1.5
34.867,10.0176,0.02,0.0667,0.0018,-0.0322,0.0877,-0.0242,inf,1.5,1.5
34.9,10.0176,0.0202,0.0667,-0.0017,0.0254,0.0893,-0.0372,inf,1.5,1.5
34.9,10.0176,0.0202,0.0667,-0.0017,0.0254,0.0881,-0.007,inf,1.5,1.5
34.917,10.0176,0.0201,0.0669,-0.0013,0.0283,0.0854,0.003,inf,1.5,1.5
34.917,10.0176,0.0201,0.0669,-0.0013,0.0283,0.0867,0.0119,inf,1.5,1.5
34.917,10.0176,0.0201,0.0669,-0.0013,0.0283,0.0868,0.0111,inf,1.5,1.5
34.95,10.0176,0.0202,0.0668,-0.0002,0.0027,0.0878,0.0141,inf,1.5,1.5
34.95,10.0176,0.0202,0.0668,-0.0002,0.0027,0.0884,0.0029,inf,1.5,1.5
34.967,10.0176,0.0202,0.0669,-0.0015,0.0287,0.0871,0.0113,inf,1.5,1.5
34.967,10.0176,0.0202,0.0669,-0.0015,0.0287,0.0854,0.0148,inf,1.5,1.5
35.0,10.0175,0.0203,0.067,-0.0011,0.0182,0.087,0.0206,inf,1.5,1.5
35.0,10.0175,0.0203,0.067,-0.0011,0.0182,0.084,0.0091,inf,1.5,1.5
35.017,10.0175,0.0203,0.0672,-0.0034,0.1083,0.0858,0.0051,inf,1.5,1.5
35.033,10.0175,0.0203,0.0674,-0.0031,0.0275,0.0842,0.0558,inf,1.5,1.5
35.033,10.0175,0.0203,0.0674,-0.0031,0.0275,0.0847,0.0354,inf,1.5,1.5
35.033,10.0175,0.0203,0.0674,-0.0031,0.0275,0.0812,0.0291,inf,1.5,1.5
35.033,10.0175,0.0203,0.0674,-0.0031,0.0275,0.0826,0.017,inf,1.5,1.5
35.067,10.0175,0.0203,0.0675,-0.0003,0.0084,0.0845,0.006,inf,1.5,1.5
35.083,10.0175,0.0204,0.0675,-0.0012,0.0237,0.0865,-0.0015,inf,1.5,1.5
35.083,10.0175,0.0204,0.0675,-0.0012,0.0237,0.0811,0.0072,inf,1.5,1.5
35.083,10.0175,0.0204,0.0675,-0.0012,0.0237,0.0814,0.0104,inf,1.5,1.5
35.117,10.0175,0.0204,0.0675,-0.0009,0.0137,0.0826,0.0161,inf,1.5,1.5
35.117,10.0175,0.0204,0.0675,-0.0009,0.0137,0.0827,0.0089,inf,1.5,1.5
35.133,10.0175,0.0204,0.0677,-0.0006,0.011,0.082,0.0077,inf,1.5,1.5
35.133,10.0175,0.0204,0.0677,-0.0006,0.011,0.0843,0.0015,inf,1.5,1.5
35.167,10.0175,0.0205,0.0679,-0.0011,0.0173,0.084,-0.0006,inf,1.5,1.5
35.167,10.0175,0.0205,0.0679,-0.0011,0.0173,0.0841,0.0044,inf,1.5,1.5
35.183,10.0175,0.0205,0.0679,-0.0008,0.0168,0.0833,0.0024,inf,1.5,1.5
35.2,10.0175,0.0205,0.068,0.0002,-0.0026,0.0857,0.0099,inf,1.5,1.5
35.2,10.0175,0.0205,0.068,0.0002,-0.0026,0.085,-0.0027,inf,1.5,1.5
35.2,10.0175,0.0205,0.068,0.0002,-0.0026,0.0855,-0.0075,inf,1.5,1.5
35.233,10.0175,0.0205,0.0682,-0.0054,0.0122,0.0832,-0.0133,inf,1.5,1.5
35.233,10.0175,0.0205,0.0682,-0.0054,0.0122,0.0802,-0.0063,inf,1.5,1.5
35.25,10.0175,0.0205,0.0682,-0.0001,0.0001,0.0795,0.0019,inf,1.5,1.5
35.25,10.0175,0.0205,0.0682,-0.0001,0.0001,0.0861,-0.0046,inf,1.5,1.5
35.25,10.0175,0.0205,0.0682,-0.0001,0.0001,0.0843,-0.0092,inf,1.5,1.5
35.283,10.0175,0.0206,0.0682,-0.002,0.0737,0.0878,0.0294,inf,1.5,1.5
35.3,10.0174,0.0206,0.0686,-0.0029,0.0357,0.0883,0.0498,inf,1.5,1.5
35.3,10.0174,0.0206,0.0686,-0.0029,0.0357,0.0871,0.0395,inf,1.5,1.5
35.3,10.0174,0.0206,0.0686,-0.0029,0.0357,0.0865,0.035,inf,1.5,1.5
35.333,10.0174,0.0206,0.0686,-0.0007,0.0109,0.0846,0.0255,inf,1.5,1.5
35.333,10.0174,0.0206,0.0686,-0.0007,0.0109,0.085,0.0131,inf,1.5,1.5
35.35,10.0174,0.0206,0.0686,0.0024,0.0347,0.086,0.014,inf,1.5,1.5
35.367,10.0174,0.0206,0.0687,-0.0021,0.0359,0.0859,0.0172,inf,1.5,1.5
35.367,10.0174,0.0206,0.0687,-0.0021,0.0359,0.0844,0.0217,inf,1.5,1.5
35.367,10.0174,0.0206,0.0687,-0.0021,0.0359,0.0829,0.0207,inf,1.5,1.5
35.4,10.0174,0.0206,0.0688,0.0051,-0.0451,0.0878,0.0189,inf,1.5,1.5
35.4,10.0174,0.0206,0.0688,0.0051,-0.0451,0.0862,-0.0235,inf,1.5,1.5
35.417,10.0174,0.0207,0.0687,0.0001,-0.0071,0.0878,-0.0179,inf,1.5,1.5
35.417,10.0174,0.0207,0.0687,0.0001,-0.0071,0.0877,-0.0209,inf,1.5,1.5
35.417,10.0174,0.0207,0.0687,0.0001,-0.0071,0.0884,-0.0166,inf,1.5,1.5
35.45,10.0174,0.0207,0.0685,0.0007,-0.0033,0.0887,-0.0188,inf,1.5,1.5
35.467,10.0174,0.0207,0.0687,-0.0,0.0071,0.0914,-0.0142,inf,1.5,1.5
35.467,10.0174,0.0207,0.0687,-0.0,0.0071,0.0934,-0.0075,inf,1.5,1.5
35.467,10.0174,0.0207,0.0687,-0.0,0.0071,0.0896,-0.0054,inf,1.5,1.5
35.5,10.0174,0.0207,0.0689,-0.0022,0.0447,0.0871,0.0159,inf,1.5,1.5
35.517,10.0174,0.0206,0.0693,-0.0019,0.028,0.0871,0.027,inf,1.5,1.5
35.517,10.0174,0.0206,0.0693,-0.0019,0.028,0.0862,0.0213,inf,1.5,1.5
35.533,10.0174,0.0207,0.0692,-0.0016,0.0335,0.0873,0.0148,inf,1.5,1.5
35.533,10.0174,0.0207,0.0692,-0.0016,0.0335,0.0884,0.0166,inf,1.5,1.5
35.533,10.0174,0.0207,0.0692,-0.0016,0.0335,0.0849,0.0171,inf,1.5,1.5
35.567,10.0174,0.0207,0.0695,0.001,-0.0204,0.0863,0.0237,inf,1.5,1.5
35.583,10.0174,0.0207,0.0695,-0.0005,0.0103,0.089,-0.0044,inf,1.5,1.5
35.583,10.0174,0.0207,0.0695,-0.0005,0.0103,0.0892,0.0041,inf,1.5,1.5
35.583,10.0174,0.0207,0.0695,-0.0005,0.0103,0.0873,0.0033,inf,1.5,1.5
35.617,10.0174,0.0207,0.0698,-0.0013,0.0237,0.0839,0.0041,inf,1.5,1.5
35.617,10.0174,0.0207,0.0698,-0.0013,0.0237,0.0858,0.0106,inf,1.5,1.5
35.633,10.0174,0.0208,0.0697,0.0015,-0.0233,0.0834,0.0117,inf,1.5,1.5
35.633,10.0174,0.0208,0.0697,0.0015,-0.0233,0.083,-0.0086,inf,1.5,1.5
35.633,10.0174,0.0208,0.0697,0.0015,-0.0233,0.0851,-0.0186,inf,1.5,1.5
35.667,10.0173,0.0207,0.0702,-0.0069,0.0521,0.0854,-0.0284,inf,1.5,1.5
35.667,10.0173,0.0207,0.0702,-0.0069,0.0521,0.0837,0.0051,inf,1.5,1.5
35.683,10.0173,0.0208,0.0706,-0.0017,0.0323,0.0839,0.0139,inf,1.5,1.5
35.7,10.0173,0.0208,0.0704,-0.0009,-0.0005,0.0877,0.0213,inf,1.5,1.5
35.7,10.0173,0.0208,0.0704,-0.0009,-0.0005,0.0907,0.0063,inf,1.5,1.5
35.7,10.0173,0.0208,0.0704,-0.0009,-0.0005,0.088,-0.0007,inf,1.5,1.5
35.733,10.0173,0.0209,0.0705,-0.0015,0.0303,0.0901,-0.006,inf,1.5,1.5
35.733,10.0173,0.0209,0.0705,-0.0015,0.0303,0.0869,0.0065,inf,1.5,1.5
35.75,10.0173,0.0209,0.0705,-0.0,-0.0064,0.0853,-0.0043,inf,1.5,1.5
35.75,10.0173,0.0209,0.0705,-0.0,-0.0064,0.0851,-0.0037,inf,1.5,1.5
35.75,10.0173,0.0209,0.0705,-0.0,-0.0064,0.0889,-0.0125,inf,1.5,1.5
35.783,10.0173,0.021,0.0705,-0.0006,0.0165,0.0885,-0.0031,inf,1.5,1.5
35.8,10.0173,0.021,0.0703,0.0064,0.038,0.09,0.0024,inf,1.5,1.5
35.8,10.0173,0.021,0.0703,0.0064,0.038,0.0901,0.02,inf,1.5,1.5
35.8,10.0173,0.021,0.0703,0.0064,0.038,0.0875,0.0222,inf,1.5,1.5
35.833,10.0173,0.021,0.0706,-0.0004,0.0058,0.091,0.027,inf,1.5,1.5
35.833,10.0173,0.021,0.0706,-0.0004,0.0058,0.0875,0.0131,inf,1.5,1.5
35.85,10.0173,0.021,0.0705,0.0003,-0.0015,0.0874,-0.0041,inf,1.5,1.5
35.867,10.0173,0.021,0.0707,-0.0009,0.0179,0.0876,-0.0052,inf,1.5,1.5
35.867,10.0173,0.021,0.0707,-0.0009,0.0179,0.0866,0.0042,inf,1.5,1.5
35.867,10.0173,0.021,0.0707,-0.0009,0.0179,0.0834,0.0074,inf,1.5,1.5
35.9,10.0173,0.0211,0.0709,-0.0018,0.0357,0.0828,0.008,inf,1.5,1.5
35.9,10.0173,0.0211,0.0709,-0.0018,0.0357,0.0822,0.016,inf,1.5,1.5
35.917,10.0173,0.0211,0.0708,-0.0001,0.0036,0.0814,0.0053,inf,1.5,1.5
35.917,10.0173,0.0211,0.0708,-0.0001,0.0036,0.0831,0.0014,inf,1.5,1.5
35.917,10.0173,0.0211,0.0708,-0.0001,0.0036,0.0843,-0.0022,inf,1.5,1.5
35.95,10.0173,0.0212,0.071,-0.0021,0.0382,0.0843,0.011,inf,1.5,1.5
35.967,10.0173,0.0212,0.0712,-0.0011,0.0201,0.0856,0.0215,inf,1.5,1.5
35.967,10.0173,0.0212,0.0712,-0.0011,0.0201,0.0853,0.0133,inf,1.5,1.5
35.967,10.0173,0.0212,0.0712,-0.0011,0.0201,0.0861,0.0089,inf,1.5,1.5
36.0,10.0172,0.0212,0.0714,-0.0012,0.0214,0.0874,0.0068,inf,1.5,1.5
36.0,10.0172,0.0212,0.0714,-0.0012,0.0214,0.088,0.0088,inf,1.5,1.5
36.017,10.0172,0.0212,0.0715,0.0001,0.0116,0.0896,0.0073,inf,1.5,1.5
36.033,10.0172,0.0213,0.0713,0.0005,0.0001,0.0881,0.0047,inf,1.5,1.5
36.033,10.0172,0.0213,0.0713,0.0005,0.0001,0.0895,-0.0009,inf,1.5,1.5
36.033,10.0172,0.0213,0.0713,0.0005,0.0001,0.0873,-0.0074,inf,1.5,1.5
36.067,10.0172,0.0212,0.0718,-0.001,0.0157,0.088,-0.0066,inf,1.5,1.5
36.067,10.0172,0.0212,0.0718,-0.001,0.0157,0.0863,-0.0005,inf,1.5,1.5
36.083,10.0172,0.0214,0.0715,-0.0005,0.027,0.0884,0.0106,inf,1.5,1.5
36.083,10.0172,0.0214,0.0715,-0.0005,0.027,0.0877,0.0179,inf,1.5,1.5
36.083,10.0172,0.0214,0.0715,-0.0005,0.027,0.089,0.0193,inf,1.5,1.5
36.117,10.0172,0.0214,0.0716,-0.0016,0.0308,0.0887,0.016,inf,1.5,1.5
36.133,10.0172,0.0214,0.0719,-0.0017,0.032,0.0871,0.0194,inf,1.5,1.5
36.133,10.0172,0.0214,0.0719,-0.0017,0.032,0.0874,0.0201,inf,1.5,1.5
36.133,10.0172,0.0214,0.0719,-0.0017,0.032,0.0848,0.022,inf,1.5,1.5
36.167,10.0172,0.0215,0.072,-0.0008,0.0167,0.0871,0.0234,inf,1.5,1.5
36.167,10.0172,0.0215,0.072,-0.0008,0.0167,0.0872,0.0137,inf,1.5,1.5
36.167,10.0172,0.0215,0.072,-0.0008,0.0167,0.0861,0.0116,inf,1.5,1.5
36.183,10.0172,0.0215,0.0722,-0.0022,0.0411,0.0882,0.0053,inf,1.5,1.5
36.183,10.0172,0.0215,0.0722,-0.0022,0.0411,0.0862,0.0204,inf,1.5,1.5
36.2,10.0172,0.0215,0.0725,-0.0019,0.0313,0.0864,0.0192,inf,1.5,1.5
36.2,10.0172,0.0215,0.0725,-0.0019,0.0313,0.0864,0.022,inf,1.5,1.5
36.233,10.0171,0.0215,0.0727,-0.0024,0.04,0.0851,0.021,inf,1.5,1.5
36.233,10.0171,0.0215,0.0727,-0.0024,0.04,0.0842,0.0237,inf,1.5,1.5
36.25,10.0171,0.0215,0.0727,0.0004,0.0128,0.0838,0.0265,inf,1.5,1.5
36.25,10.0171,0.0215,0.0727,0.0004,0.0128,0.0841,0.012,inf,1.5,1.5
36.25,10.0171,0.0215,0.0727,0.0004,0.0128,0.0835,0.0078,inf,1.5,1.5
36.283,10.0171,0.0216,0.073,0.0021,-0.0293,0.0818,0.0029,inf,1.5,1.5
36.3,10.0171,0.0216,0.0728,0.0011,-0.0107,0.0845,-0.02,inf,1.5,1.5
36.3,10.0171,0.0216,0.0728,0.0011,-0.0107,0.0855,-0.02,inf,1.5,1.5
36.3,10.0171,0.0216,0.0728,0.0011,-0.0107,0.0867,-0.0219,inf,1.5,1.5
36.333,10.0171,0.0217,0.0726,-0.0003,0.0052,0.0897,-0.018,inf,1.5,1.5
36.333,10.0171,0.0217,0.0726,-0.0003,0.0052,0.0863,-0.0057,inf,1.5,1.5
36.35,10.0171,0.0218,0.0724,-0.0027,0.016,0.0865,-0.0002,inf,1.5,1.5
36.35,10.0171,0.0218,0.0724,-0.0027,0.016,0.0873,0.0036,inf,1.5,1.5
36.367,10.0172,0.0219,0.0718,0.0015,-0.0159,0.0892,-0.0088,inf,1.5,1.5
36.367,10.0172,0.0219,0.0718,0.0015,-0.0159,0.0894,-0.0189,inf,1.5,1.5
36.4,10.0172,0.0219,0.0718,0.0001,0.0103,0.0897,-0.0201,inf,1.5,1.5
36.4,10.0172,0.0219,0.0718,0.0001,0.0103,0.0857,-0.0074,inf,1.5,1.5
36.417,10.0172,0.022,0.0717,0.0034,-0.0113,0.0854,0.001,inf,1.5,1.5
36.417,10.0172,0.022,0.0717,0.0034,-0.0113,0.0854,0.001,inf,1.5,1.5
36.417,10.0172,0.022,0.0717,0.0034,-0.0113,0.0875,-0.0145,inf,1.5,1.5
36.45,10.0172,0.022,0.0717,0.0002,-0.0008,0.0854,-0.0166,inf,1.5,1.5
36.467,10.0172,0.022,0.0718,0.0001,0.0001,0.0851,-0.0097,inf,1.5,1.5
36.467,10.0172,0.022,0.0718,0.0001,0.0001,0.085,-0.0106,inf,1.5,1.5
36.467,10.0172,0.022,0.0718,0.0001,0.0001,0.0885,-0.007,inf,1.5,1.5
36.5,10.0172,0.022,0.0719,-0.0023,0.0479,0.0902,-0.0072,inf,1.5,1.5
36.5,10.0172,0.022,0.0719,-0.0023,0.0479,0.088,0.0195,inf,1.5,1.5
36.517,10.0171,0.022,0.072,-0.0013,0.0222,0.0834,0.0211,inf,1.5,1.5
36.533,10.0171,0.022,0.072,-0.0006,0.0079,0.0827,0.0141,inf,1.5,1.5
36.533,10.0171,0.022,0.072,-0.0006,0.0079,0.0835,0.0032,inf,1.5,1.5
36.533,10.0171,0.022,0.072,-0.0006,0.0079,0.0834,0.0023,inf,1.5,1.5
36.567,10.0171,0.0221,0.0722,-0.0024,0.0397,0.0847,-0.0017,inf,1.5,1.5
36.567,10.0171,0.0221,0.0722,-0.0024,0.0397,0.0856,0.0148,inf,1.5,1.5
36.583,10.0171,0.0221,0.0723,-0.0018,0.0322,0.0877,0.0162,inf,1.5,1.5
36.583,10.0171,0.0221,0.0723,-0.0018,0.0322,0.0857,0.0185,inf,1.5,1.5
36.583,10.0171,0.0221,0.0723,-0.0018,0.0322,0.0844,0.0195,inf,1.5,1.5
36.617,10.0171,0.0221,0.0724,0.0014,-0.0181,0.0842,-0.0053,inf,1.5,1.5
36.633,10.0171,0.0222,0.0723,-0.0005,0.0085,0.0832,-0.0199,inf,1.5,1.5
36.633,10.0171,0.0222,0.0723,-0.0005,0.0085,0.081,-0.0134,inf,1.5,1.5
36.633,10.0171,0.0222,0.0723,-0.0005,0.0085,0.0821,-0.0039,inf,1.5,1.5
36.667,10.0171,0.0222,0.0724,-0.0018,0.014,0.0867,-0.0054,inf,1.5,1.5
36.667,10.0171,0.0222,0.0724,-0.0018,0.014,0.0838,-0.0003,inf,1.5,1.5
36.683,10.0171,0.0222,0.0726,-0.001,0.0155,0.0786,0.0013,inf,1.5,1.5
36.7,10.0171,0.0222,0.0727,-0.0009,0.0133,0.0811,0.0048,inf,1.5,1.5
36.7,10.0171,0.0222,0.0727,-0.0009,0.0133,0.0831,0.0061,inf,1.5,1.5
36.7,10.0171,0.0222,0.0727,-0.0009,0.0133,0.0861,0.0048,inf,1.5,1.5
36.733,10.0171,0.0224,0.0723,0.0001,-0.0183,0.0865,0.0027,inf,1.5,1.5
36.733,10.0171,0.0224,0.0723,0.0001,-0.0183,0.0869,-0.0156,inf,1.5,1.5
36.75,10.0171,0.0225,0.0719,-0.0026,0.0171,0.0855,-0.0019,inf,1.5,1.5
36.75,10.0171,0.0225,0.0719,-0.0026,0.0171,0.085,-0.0022,inf,1.5,1.5
36.783,10.0171,0.0226,0.0716,0.0015,-0.016,0.0833,0.0035,inf,1.5,1.5
36.783,10.0171,0.0226,0.0716,0.0015,-0.016,0.0848,-0.014,inf,1.5,1.5
36.8,10.0171,0.0227,0.0715,0.0004,0.0001,0.0869,-0.0146,inf,1.5,1.5
36.8,10.0171,0.0227,0.0715,0.0004,0.0001,0.0893,-0.0149,inf,1.5,1.5
36.8,10.0171,0.0227,0.0715,0.0004,0.0001,0.0883,-0.0144,inf,1.5,1.5
36.833,10.0171,0.0228,0.0712,0.0009,-0.01,0.0846,-0.0155,inf,1.5,1.5
36.833,10.0171,0.0228,0.0712,0.0009,-0.01,0.0855,-0.0151,inf,1.5,1.5
36.85,10.0171,0.0228,0.0712,-0.0014,0.0109,0.0859,-0.0064,inf,1.5,1.5
36.867,10.0171,0.0228,0.0714,-0.001,0.0163,0.0852,-0.0028,inf,1.5,1.5
36.867,10.0171,0.0228,0.0714,-0.001,0.0163,0.0871,0.0033,inf,1.5,1.5
36.867,10.0171,0.0228,0.0714,-0.001,0.0163,0.0856,0.007,inf,1.5,1.5
36.9,10.0172,0.0229,0.0706,0.0028,-0.0491,0.0864,0.0068,inf,1.5,1.5
36.9,10.0172,0.0229,0.0706,0.0028,-0.0491,0.0861,-0.0274,inf,1.5,1.5
36.917,10.0172,0.0231,0.07,0.005,-0.1186,0.0863,-0.0738,inf,1.5,1.5
36.917,10.0172,0.0231,0.07,0.005,-0.1186,0.089,-0.0985,inf,1.5,1.5
36.917,10.0172,0.0231,0.07,0.005,-0.1186,0.0892,-0.1057,inf,1.5,1.5
36.95,10.0172,0.0233,0.0692,0.0004,-0.0099,0.0898,-0.0512,inf,1.5,1.5
36.967,10.0172,0.0233,0.0694,-0.0008,0.0056,0.0889,-0.0261,inf,1.5,1.5
36.967,10.0172,0.0233,0.0694,-0.0008,0.0056,0.0887,-0.0068,inf,1.5,1.5
36.967,10.0172,0.0233,0.0694,-0.0008,0.0056,0.0869,0.0009,inf,1.5,1.5
37.0,10.0172,0.0234,0.0692,0.0005,0.0132,0.0859,0.0018,inf,1.5,1.5
37.0,10.0172,0.0234,0.0692,0.0005,0.0132,0.0867,0.0052,inf,1.5,1.5
37.017,10.0172,0.0234,0.0693,0.0022,-0.0289,0.0887,-0.0159,inf,1.5,1.5
37.033,10.0172,0.0235,0.0691,0.0012,-0.0145,0.0869,-0.0275,inf,1.5,1.5
37.033,10.0172,0.0235,0.0691,0.0012,-0.0145,0.0869,-0.0193,inf,1.5,1.5
37.033,10.0172,0.0235,0.0691,0.0012,-0.0145,0.086,-0.019,inf,1.5,1.5
37.067,10.0172,0.0236,0.069,-0.0003,0.006,0.0866,-0.0166,inf,1.5,1.5
37.067,10.0172,0.0236,0.069,-0.0003,0.006,0.0864,-0.0052,inf,1.5,1.5
37.083,10.0172,0.0236,0.0691,0.0007,-0.0117,0.0856,-0.0104,inf,1.5,1.5
37.083,10.0172,0.0236,0.0691,0.0007,-0.0117,0.0831,-0.0125,inf,1.5,1.5
37.083,10.0172,0.0236,0.0691,0.0007,-0.0117,0.0856,-0.0131,inf,1.5,1.5
37.117,10.0172,0.0236,0.0689,0.0052,-0.0277,0.0907,-0.0232,inf,1.5,1.5
37.133,10.0172,0.0238,0.0685,0.0018,-0.0124,0.0895,-0.0286,inf,1.5,1.5
37.133,10.0172,0.0238,0.0685,0.0018,-0.0124,0.0875,-0.0194,inf,1.5,1.5
37.133,10.0172,0.0238,0.0685,0.0018,-0.0124,0.0892,-0.0166,inf,1.5,1.5
37.167,10.0172,0.0238,0.0684,-0.001,0.0203,0.0888,0.0055,inf,1.5,1.5
37.183,10.0172,0.0239,0.0685,0.0003,-0.0023,0.0868,0.0102,inf,1.5,1.5
37.183,10.0172,0.0239,0.0685,0.0003,-0.0023,0.0874,0.0038,inf,1.5,1.5
37.2,10.0172,0.0239,0.0683,0.0037,-0.0399,0.09,-0.0177,inf,1.5,1.5
37.2,10.0172,0.0239,0.0683,0.0037,-0.0399,0.0903,-0.0303,inf,1.5,1.5
37.2,10.0172,0.0239,0.0683,0.0037,-0.0399,0.0862,-0.0375,inf,1.5,1.5
37.233,10.0173,0.0242,0.0672,-0.001,0.0099,0.085,-0.0127,inf,1.5,1.5
37.25,10.0173,0.0242,0.0675,-0.0015,0.0266,0.0862,0.0001,inf,1.5,1.5
37.25,10.0173,0.0242,0.0675,-0.0015,0.0266,0.0886,0.0152,inf,1.5,1.5
37.25,10.0173,0.0242,0.0675,-0.0015,0.0266,0.0899,0.0162,inf,1.5,1.5
37.283,10.0172,0.0241,0.0682,0.001,-0.0144,0.0868,0.0174,inf,1.5,1.5
37.283,10.0172,0.0241,0.0682,0.001,-0.0144,0.0887,0.0021,inf,1.5,1.5
37.3,10.0172,0.0242,0.0679,0.0008,-0.0057,0.0884,-0.005,inf,1.5,1.5
37.3,10.0172,0.0242,0.0679,0.0008,-0.0057,0.0873,-0.0079,inf,1.5,1.5
37.3,10.0172,0.0242,0.0679,0.0008,-0.0057,0.0879,-0.0109,inf,1.5,1.5
37.333,10.0172,0.0243,0.0678,0.0027,-0.0413,0.0866,-0.028,inf,1.5,1.5
37.35,10.0173,0.0243,0.0672,0.0025,-0.0352,0.0902,-0.0352,inf,1.5,1.5
37.35,10.0173,0.0243,0.0672,0.0025,-0.0352,0.0926,-0.0348,inf,1.5,1.5
37.367,10.0173,0.0244,0.0667,0.0058,-0.0866,0.0894,-0.0376,inf,1.5,1.5
37.367,10.0173,0.0244,0.0667,0.0058,-0.0866,0.0917,-0.0716,inf,1.5,1.5
37.367,10.0173,0.0244,0.0667,0.0058,-0.0866,0.092,-0.0828,inf,1.5,1.5
37.4,10.0173,0.0248,0.0655,0.0036,-0.0648,0.0907,-0.0786,inf,1.5,1.5
37.417,10.0174,0.0249,0.0649,0.004,-0.0607,0.0905,-0.0685,inf,1.5,1.5
37.417,10.0174,0.0249,0.0649,0.004,-0.0607,0.0916,-0.0614,inf,1.5,1.5
37.417,10.0174,0.0249,0.0649,0.004,-0.0607,0.0907,-0.0591,inf,1.5,1.5
37.45,10.0174,0.025,0.0645,-0.0008,0.0005,0.0949,-0.0573,inf,1.5,1.5
37.45,10.0174,0.025,0.0645,-0.0008,0.0005,0.0894,-0.0277,inf,1.5,1.5
37.467,10.0173,0.025,0.0646,-0.0008,0.004,0.0867,-0.0116,inf,1.5,1.5
37.467,10.0173,0.025,0.0646,-0.0008,0.004,0.0837,-0.0004,inf,1.5,1.5
37.467,10.0173,0.025,0.0646,-0.0008,0.004,0.0839,-0.0009,inf,1.5,1.5
37.5,10.0174,0.0253,0.0638,0.0011,-0.0347,0.0865,-0.0036,inf,1.5,1.5
37.517,10.0174,0.0255,0.0632,0.0007,-0.0259,0.0907,-0.0243,inf,1.5,1.5
37.517,10.0174,0.0255,0.0632,0.0007,-0.0259,0.09,-0.0323,inf,1.5,1.5
37.533,10.0174,0.0256,0.0625,0.0018,-0.0097,0.0886,-0.0366,inf,1.5,1.5
37.533,10.0174,0.0256,0.0625,0.0018,-0.0097,0.0884,-0.0223,inf,1.5,1.5
37.533,10.0174,0.0256,0.0625,0.0018,-0.0097,0.0877,-0.0177,inf,1.5,1.5
37.567,10.0175,0.0261,0.0606,0.0023,0.0304,0.0881,0.0051,inf,1.5,1.5
37.567,10.0175,0.0261,0.0606,0.0023,0.0304,0.0886,0.015,inf,1.5,1.5
37.567,10.0175,0.0261,0.0606,0.0023,0.0304,0.0902,0.0191,inf,1.5,1.5
37.583,10.0176,0.0263,0.0596,0.0031,-0.0542,0.0913,-0.0228,inf,1.5,1.5
37.583,10.0176,0.0263,0.0596,0.0031,-0.0542,0.0904,-0.04,inf,1.5,1.5
37.583,10.0176,0.0263,0.0596,0.0031,-0.0542,0.0884,-0.048,inf,1.5,1.5
37.617,10.0176,0.0266,0.058,0.0009,-0.0214,0.089,-0.0341,inf,1.5,1.5
37.633,10.0176,0.0267,0.0578,0.0007,-0.0093,0.089,-0.0341,inf,1.5,1.5
37.633,10.0176,0.0267,0.0578,0.0007,-0.0093,0.085,-0.0136,inf,1.5,1.5
37.633,10.0176,0.0267,0.0578,0.0007,-0.0093,0.0853,-0.0084,inf,1.5,1.5
37.667,10.0177,0.0269,0.0571,0.0014,-0.024,0.0834,-0.0069,inf,1.5,1.5
37.667,10.0177,0.0269,0.0571,0.0014,-0.024,0.0833,-0.017,inf,1.5,1.5
37.683,10.0177,0.027,0.0567,0.0066,-0.1127,0.0848,-0.0659,inf,1.5,1.5
37.7,10.0177,0.0272,0.0558,-0.0001,0.0014,0.0869,-0.0882,inf,1.5,1.5
37.7,10.0177,0.0272,0.0558,-0.0001,0.0014,0.0869,-0.0422,inf,1.5,1.5
37.7,10.0177,0.0272,0.0558,-0.0001,0.0014,0.0856,-0.0132,inf,1.5,1.5
37.733,10.0178,0.0277,0.0534,0.0045,-0.0825,0.0853,-0.0014,inf,1.5,1.5
37.733,10.0178,0.0277,0.0534,0.0045,-0.0825,0.0874,-0.047,inf,1.5,1.5
37.75,10.0179,0.0279,0.0517,0.0065,-0.1127,0.0914,-0.0635,inf,1.5,1.5
37.75,10.0179,0.0279,0.0517,0.0065,-0.1127,0.0901,-0.0902,inf,1.5,1.5
37.75,10.0179,0.0279,0.0517,0.0065,-0.1127,0.0905,-0.0966,inf,1.5,1.5
37.783,10.018,0.0283,0.05,0.0011,-0.0207,0.0921,-0.0521,inf,1.5,1.5
37.8,10.018,0.0283,0.0497,0.0026,-0.0405,0.0904,-0.0304,inf,1.5,1.5
37.8,10.018,0.0283,0.0497,0.0026,-0.0405,0.0886,-0.0277,inf,1.5,1.5
37.8,10.018,0.0283,0.0497,0.0026,-0.0405,0.0886,-0.0319,inf,1.5,1.5
37.833,10.018,0.0284,0.0496,-0.0022,0.0133,0.0855,-0.0349,inf,1.5,1.5
37.833,10.018,0.0284,0.0496,-0.0022,0.0133,0.0891,-0.0098,inf,1.5,1.5
37.85,10.018,0.0284,0.0498,-0.0004,0.0121,0.0871,0.0049,inf,1.5,1.5
37.867,10.018,0.0284,0.0496,0.0013,-0.0197,0.0876,0.009,inf,1.5,1.5
37.867,10.018,0.0284,0.0496,0.0013,-0.0197,0.088,-0.006,inf,1.5,1.5
37.867,10.018,0.0284,0.0496,0.0013,-0.0197,0.0891,-0.015,inf,1.5,1.5
37.9,10.018,0.0285,0.0494,-0.0001,0.0064,0.0874,-0.0193,inf,1.5,1.5
37.9,10.018,0.0285,0.0494,-0.0001,0.0064,0.0888,-0.0078,inf,1.5,1.5
37.917,10.018,0.0285,0.0496,-0.0013,0.0143,0.0893,0.0038,inf,1.5,1.5
37.917,10.018,0.0285,0.0496,-0.0013,0.0143,0.0895,0.0105,inf,1.5,1.5
37.917,10.018,0.0285,0.0496,-0.0013,0.0143,0.089,0.0126,inf,1.5,1.5
37.95,10.018,0.0286,0.0494,0.0017,-0.0344,0.0918,-0.0202,inf,1.5,1.5
37.967,10.018,0.0287,0.0489,0.0003,-0.0139,0.0952,-0.0265,inf,1.5,1.5
37.967,10.018,0.0287,0.0489,0.0003,-0.0139,0.0925,-0.0232,inf,1.5,1.5
37.967,10.018,0.0287,0.0489,0.0003,-0.0139,0.0904,-0.0202,inf,1.5,1.5
38.0,10.018,0.0287,0.0489,-0.0013,0.0215,0.0873,-0.019,inf,1.5,1.5
38.0,10.018,0.0287,0.0489,-0.0013,0.0215,0.0859,-0.0001,inf,1.5,1.5
38.017,10.018,0.0288,0.0488,-0.0024,0.0219,0.084,0.0089,inf,1.5,1.5
38.033,10.018,0.0287,0.0491,-0.0016,0.0321,0.0869,0.0105,inf,1.5,1.5
38.033,10.018,0.0287,0.0491,-0.0016,0.0321,0.0868,0.0148,inf,1.5,1.5
38.033,10.018,0.0287,0.0491,-0.0016,0.0321,0.0867,0.0258,inf,1.5,1.5
38.067,10.018,0.0288,0.049,0.0011,-0.0061,0.085,0.0225,inf,1.5,1.5
38.067,10.018,0.0288,0.049,0.0011,-0.0061,0.0867,0.006,inf,1.5,1.5
38.083,10.018,0.0289,0.0488,0.0009,-0.0325,0.0885,-0.0202,inf,1.5,1.5
38.083,10.018,0.0289,0.0488,0.0009,-0.0325,0.086,-0.0299,inf,1.5,1.5
38.083,10.018,0.0289,0.0488,0.0009,-0.0325,0.0834,-0.0334,inf,1.5,1.5
38.117,10.018,0.0291,0.0482,0.0021,-0.0245,0.0845,-0.029,inf,1.5,1.5
38.133,10.018,0.0291,0.048,0.0009,-0.0134,0.0888,-0.0291,inf,1.5,1.5
38.133,10.018,0.0291,0.048,0.0009,-0.0134,0.0885,-0.0167,inf,1.5,1.5
38.133,10.018,0.0291,0.048,0.0009,-0.0134,0.0887,-0.0121,inf,1.5,1.5
38.167,10.0181,0.0293,0.0474,0.0007,-0.0176,0.087,-0.0115,inf,1.5,1.5
38.167,10.0181,0.0293,0.0474,0.0007,-0.0176,0.086,-0.0138,inf,1.5,1.5
38.183,10.0181,0.0294,0.0468,0.001,-0.0233,0.0889,-0.0179,inf,1.5,1.5
38.2,10.0181,0.0295,0.0464,0.0008,-0.0171,0.09,-0.0201,inf,1.5,1.5
38.2,10.0181,0.0295,0.0464,0.0008,-0.0171,0.0879,-0.0207,inf,1.5,1.5
38.2,10.0181,0.0295,0.0464,0.0008,-0.0171,0.0859,-0.0178,inf,1.5,1.5
38.233,10.0181,0.0296,0.0463,-0.0004,-0.0014,0.0859,-0.0178,inf,1.5,1.5
38.233,10.0181,0.0296,0.0463,-0.0004,-0.0014,0.0897,-0.0095,inf,1.5,1.5
38.25,10.0181,0.0297,0.046,0.0039,-0.0557,0.0901,-0.0338,inf,1.5,1.5
38.25,10.0181,0.0297,0.046,0.0039,-0.0557,0.0894,-0.0437,inf,1.5,1.5
38.25,10.0181,0.0297,0.046,0.0039,-0.0557,0.0915,-0.0473,inf,1.5,1.5
38.283,10.0182,0.0299,0.0444,0.0048,-0.08,0.0921,-0.0502,inf,1.5,1.5
38.3,10.0182,0.0302,0.0435,0.0021,-0.0439,0.092,-0.066,inf,1.5,1.5
38.3,10.0182,0.0302,0.0435,0.0021,-0.0439,0.0907,-0.0533,inf,1.5,1.5
38.3,10.0182,0.0302,0.0435,0.0021,-0.0439,0.089,-0.0453,inf,1.5,1.5
38.333,10.0182,0.0304,0.043,0.0005,-0.019,0.091,-0.0403,inf,1.5,1.5
38.333,10.0182,0.0304,0.043,0.0005,-0.019,0.087,-0.0248,inf,1.5,1.5
38.35,10.0182,0.0304,0.0428,0.0064,-0.0727,0.088,-0.0185,inf,1.5,1.5
38.35,10.0182,0.0304,0.0428,0.0064,-0.0727,0.0872,-0.0473,inf,1.5,1.5
38.367,10.0182,0.0306,0.0418,0.0006,-0.0481,0.0858,-0.0457,inf,1.5,1.5
38.367,10.0182,0.0306,0.0418,0.0006,-0.0481,0.0847,-0.0477,inf,1.5,1.5
38.4,10.0183,0.031,0.0408,-0.0013,-0.0101,0.0871,-0.0432,inf,1.5,1.5
38.4,10.0183,0.031,0.0408,-0.0013,-0.0101,0.0864,-0.0236,inf,1.5,1.5
38.417,10.0183,0.031,0.0407,-0.0004,0.0015,0.0886,-0.0133,inf,1.5,1.5
38.417,10.0183,0.031,0.0407,-0.0004,0.0015,0.0889,0.0004,inf,1.5,1.5
38.417,10.0183,0.031,0.0407,-0.0004,0.0015,0.0866,0.0043,inf,1.5,1.5
38.45,10.0183,0.0311,0.0402,0.0027,-0.0158,0.0868,0.0058,inf,1.5,1.5
38.467,10.0184,0.0312,0.04,0.0006,-0.01,0.0856,-0.0074,inf,1.5,1.5
38.467,10.0184,0.0312,0.04,0.0006,-0.01,0.0847,-0.0084,inf,1.5,1.5
38.467,10.0184,0.0312,0.04,0.0006,-0.01,0.0843,-0.0157,inf,1.5,1.5
38.5,10.0184,0.0313,0.0394,0.0073,-0.112,0.0835,-0.0131,inf,1.5,1.5
38.5,10.0184,0.0313,0.0394,0.0073,-0.112,0.0899,-0.0615,inf,1.5,1.5
38.517,10.0184,0.0316,0.0386,0.003,-0.0514,0.0896,-0.0845,inf,1.5,1.5
38.517,10.0184,0.0316,0.0386,0.003,-0.0514,0.0906,-0.0669,inf,1.5,1.5
38.533,10.0185,0.0318,0.0374,0.0035,-0.0677,0.0912,-0.0637,inf,1.5,1.5
38.533,10.0185,0.0318,0.0374,0.0035,-0.0677,0.0897,-0.0583,inf,1.5,1.5
38.567,10.0186,0.0323,0.0346,0.0068,-0.1324,0.0887,-0.0588,inf,1.5,1.5
38.567,10.0186,0.0323,0.0346,0.0068,-0.1324,0.0936,-0.0897,inf,1.5,1.5
38.583,10.0186,0.0326,0.0333,0.006,-0.1163,0.0937,-0.106,inf,1.5,1.5
38.583,10.0186,0.0326,0.0333,0.006,-0.1163,0.0916,-0.1057,inf,1.5,1.5
38.583,10.0186,0.0326,0.0333,0.006,-0.1163,0.0909,-0.1041,inf,1.5,1.5
38.617,10.0188,0.0333,0.0297,0.0053,-0.1062,0.088,-0.0933,inf,1.5,1.5
38.633,10.0188,0.0336,0.0286,0.0034,-0.0727,0.0895,-0.0909,inf,1.5,1.5
38.633,10.0188,0.0336,0.0286,0.0034,-0.0727,0.0892,-0.0714,inf,1.5,1.5
38.633,10.0188,0.0336,0.0286,0.0034,-0.0727,0.0908,-0.0663,inf,1.5,1.5
38.667,10.019,0.0343,0.0246,0.0049,-0.1016,0.0915,-0.0642,inf,1.5,1.5
38.667,10.019,0.0343,0.0246,0.0049,-0.1016,0.0951,-0.0786,inf,1.5,1.5
38.683,10.0191,0.0347,0.0221,0.0065,-0.1482,0.0925,-0.1069,inf,1.5,1.5
38.7,10.0192,0.0352,0.0197,0.0065,-0.1435,0.093,-0.1196,inf,1.5,1.5
38.7,10.0192,0.0352,0.0197,0.0065,-0.1435,0.094,-0.1302,inf,1.5,1.5
38.7,10.0192,0.0352,0.0197,0.0065,-0.1435,0.0943,-0.1267,inf,1.5,1.5
38.733,10.0194,0.036,0.0146,0.0045,-0.1395,0.0974,-0.1261,inf,1.5,1.5
38.733,10.0194,0.036,0.0146,0.0045,-0.1395,0.0937,-0.1218,inf,1.5,1.5
38.75,10.0195,0.0364,0.0121,0.0048,-0.1425,0.0885,-0.1181,inf,1.5,1.5
38.75,10.0195,0.0364,0.0121,0.0048,-0.1425,0.0887,-0.1233,inf,1.5,1.5
38.75,10.0195,0.0364,0.0121,0.0048,-0.1425,0.087,-0.1198,inf,1.5,1.5
38.783,10.0196,0.0371,0.0086,0.0012,-0.0501,0.0883,-0.0734,inf,1.5,1.5
38.8,10.0197,0.0374,0.0077,0.0035,-0.081,0.0879,-0.0485,inf,1.5,1.5
38.8,10.0197,0.0374,0.0077,0.0035,-0.081,0.0894,-0.0502,inf,1.5,1.5
38.8,10.0197,0.0374,0.0077,0.0035,-0.081,0.0918,-0.061,inf,1.5,1.5
38.833,10.0197,0.0379,0.0059,0.0013,-0.0469,0.0926,-0.062,inf,1.5,1.5
38.833,10.0197,0.0379,0.0059,0.0013,-0.0469,0.0917,-0.046,inf,1.5,1.5
38.833,10.0197,0.0379,0.0059,0.0013,-0.0469,0.092,-0.0414,inf,1.5,1.5
38.85,10.0198,0.0381,0.0054,0.0008,-0.0346,0.0898,-0.0364,inf,1.5,1.5
38.85,10.0198,0.0381,0.0054,0.0008,-0.0346,0.0883,-0.0338,inf,1.5,1.5
38.867,10.0198,0.0382,0.0048,0.0013,-0.0265,0.0911,-0.0264,inf,1.5,1.5
38.867,10.0198,0.0382,0.0048,0.0013,-0.0265,0.0871,-0.0231,inf,1.5,1.5
38.867,10.0198,0.0382,0.0048,0.0013,-0.0265,0.0884,-0.0215,inf,1.5,1.5
38.9,10.0198,0.0384,0.0037,0.0008,-0.0135,0.0836,-0.0165,inf,1.5,1.5
38.917,10.0198,0.0385,0.0037,0.0005,-0.0153,0.0825,-0.012,inf,1.5,1.5
38.917,10.0198,0.0385,0.0037,0.0005,-0.0153,0.0858,-0.0137,inf,1.5,1.5
38.917,10.0198,0.0385,0.0037,0.0005,-0.0153,0.0869,-0.0144,inf,1.5,1.5
38.95,10.0199,0.0386,0.0034,0.0001,-0.007,0.0883,-0.0131,inf,1.5,1.5
38.95,10.0199,0.0386,0.0034,0.0001,-0.007,0.0866,-0.0102,inf,1.5,1.5
38.967,10.0199,0.0386,0.003,0.0004,-0.0069,0.0849,-0.0077,inf,1.5,1.5
38.967,10.0199,0.0386,0.003,0.0004,-0.0069,0.0831,-0.0061,inf,1.5,1.5
38.967,10.0199,0.0386,0.003,0.0004,-0.0069,0.0844,-0.0053,inf,1.5,1.5
39.0,10.0199,0.0387,0.0027,0.0006,-0.0068,0.0821,-0.0051,inf,1.5,1.5
39.017,10.0199,0.0387,0.0028,-0.0016,0.0097,0.0809,-0.0083,inf,1.5,1.5
39.017,10.0199,0.0387,0.0028,-0.0016,0.0097,0.0813,0.0001,inf,1.5,1.5
39.033,10.0198,0.0387,0.0028,-0.0029,0.0109,0.084,0.0076,inf,1.5,1.5
39.033,10.0198,0.0387,0.0028,-0.0029,0.0109,0.0838,0.0158,inf,1.5,1.5
39.033,10.0198,0.0387,0.0028,-0.0029,0.0109,0.085,0.0142,inf,1.5,1.5
39.067,10.0199,0.0387,0.0028,0.0,-0.0031,0.0844,0.0059,inf,1.5,1.5
39.083,10.0199,0.0387,0.0028,-0.0001,-0.0059,0.088,-0.0023,inf,1.5,1.5
39.083,10.0199,0.0387,0.0028,-0.0001,-0.0059,0.0901,-0.0073,inf,1.5,1.5
39.083,10.0199,0.0387,0.0028,-0.0001,-0.0059,0.0906,-0.0069,inf,1.5,1.5
39.117,10.0199,0.0388,0.0022,0.0038,-0.0761,0.0879,-0.0095,inf,1.5,1.5
39.117,10.0199,0.0388,0.0022,0.0038,-0.0761,0.0878,-0.0463,inf,1.5,1.5
39.133,10.0199,0.0391,0.0012,0.005,-0.1245,0.0874,-0.0823,inf,1.5,1.5
39.133,10.0199,0.0391,0.0012,0.005,-0.1245,0.0904,-0.1025,inf,1.5,1.5
39.133,10.0199,0.0391,0.0012,0.005,-0.1245,0.0906,-0.1055,inf,1.5,1.5
39.167,10.02,0.0397,0.0,0.0025,-0.0653,0.0924,-0.0761,inf,1.5,1.5
39.183,10.02,0.04,-0.0012,0.0023,-0.0508,0.0894,-0.0587,inf,1.5,1.5
39.183,10.02,0.04,-0.0012,0.0023,-0.0508,0.0879,-0.0437,inf,1.5,1.5
39.2,10.0201,0.0401,-0.0023,0.0041,-0.0935,0.0921,-0.0611,inf,1.5,1.5
39.2,10.0201,0.0401,-0.0023,0.0041,-0.0935,0.0909,-0.0718,inf,1.5,1.5
39.233,10.0202,0.0408,-0.0046,0.0044,-0.1286,0.0929,-0.0756,inf,1.5,1.5
39.233,10.0202,0.0408,-0.0046,0.0044,-0.1286,0.09,-0.0923,inf,1.5,1.5
39.25,10.0202,0.0411,-0.0065,0.006,-0.1508,0.0917,-0.1043,inf,1.5,1.5
39.25,10.0202,0.0411,-0.0065,0.006,-0.1508,0.0914,-0.1159,inf,1.5,1.5
39.25,10.0202,0.0411,-0.0065,0.006,-0.1508,0.0918,-0.127,inf,1.5,1.5
39.283,10.0205,0.0421,-0.012,0.008,-0.2133,0.0929,-0.127,inf,1.5,1.5
39.283,10.0205,0.0421,-0.012,0.008,-0.2133,0.0901,-0.1582,inf,1.5,1.5
39.3,10.0206,0.0426,-0.0154,0.0082,-0.2162,0.0933,-0.173,inf,1.5,1.5
39.3,10.0206,0.0426,-0.0154,0.0082,-0.2162,0.092,-0.1759,inf,1.5,1.5
39.3,10.0206,0.0426,-0.0154,0.0082,-0.2162,0.0922,-0.1786,inf,1.5,1.5
39.333,10.0209,0.0437,-0.0226,0.0072,-0.2338,0.0915,-0.1892,inf,1.5,1.5
39.35,10.021,0.0443,-0.026,0.0076,-0.2195,0.0903,-0.1918,inf,1.5,1.5
39.35,10.021,0.0443,-0.026,0.0076,-0.2195,0.0878,-0.1865,inf,1.5,1.5
39.367,10.0211,0.0448,-0.0295,0.0062,-0.2172,0.0867,-0.1831,inf,1.5,1.5
39.367,10.0211,0.0448,-0.0295,0.0062,-0.2172,0.0881,-0.1767,inf,1.5,1.5
39.367,10.0211,0.0448,-0.0295,0.0062,-0.2172,0.0892,-0.1767,inf,1.5,1.5
39.4,10.0214,0.0462,-0.0381,0.0096,-0.3239,0.0934,-0.2289,inf,1.5,1.5
39.417,10.0216,0.0469,-0.043,0.0092,-0.3178,0.0963,-0.252,inf,1.5,1.5
39.417,10.0216,0.0469,-0.043,0.0092,-0.3178,0.0917,-0.2639,inf,1.5,1.5
39.417,10.0216,0.0469,-0.043,0.0092,-0.3178,0.09,-0.2681,inf,1.5,1.5
39.417,10.0216,0.0469,-0.043,0.0092,-0.3178,0.0885,-0.2677,inf,1.5,1.5
39.45,10.0219,0.0485,-0.0534,0.0076,-0.3124,0.0891,-0.267,inf,1.5,1.5
39.45,10.0219,0.0485,-0.0534,0.0076,-0.3124,0.0894,-0.2634,inf,1.5,1.5
39.467,10.0221,0.0493,-0.0587,0.0069,-0.3353,0.0915,-0.2623,inf,1.5,1.5
39.467,10.0221,0.0493,-0.0587,0.0069,-0.3353,0.0927,-0.2725,inf,1.5,1.5
39.467,10.0221,0.0493,-0.0587,0.0069,-0.3353,0.092,-0.2778,inf,1.5,1.5
39.5,10.0224,0.0512,-0.0705,0.0074,-0.362,0.0947,-0.2771,inf,1.5,1.5
39.5,10.0224,0.0512,-0.0705,0.0074,-0.362,0.0925,-0.2906,inf,1.5,1.5
39.517,10.0226,0.0522,-0.077,0.0073,-0.4109,0.0906,-0.3264,inf,1.5,1.5
39.533,10.0228,0.0532,-0.0836,0.0042,-0.4032,0.0885,-0.3432,inf,1.5,1.5
39.533,10.0228,0.0532,-0.0836,0.0042,-0.4032,0.0891,-0.3465,inf,1.5,1.5
39.533,10.0228,0.0532,-0.0836,0.0042,-0.4032,0.086,-0.3463,inf,1.5,1.5
39.567,10.0231,0.0553,-0.0973,0.004,-0.4263,0.0884,-0.341,inf,1.5,1.5
39.567,10.0231,0.0553,-0.0973,0.004,-0.4263,0.0859,-0.3434,inf,1.5,1.5
39.583,10.0233,0.0564,-0.1042,0.0029,-0.4145,0.0822,-0.3447,inf,1.5,1.5
39.583,10.0233,0.0564,-0.1042,0.0029,-0.4145,0.0857,-0.3474,inf,1.5,1.5
39.583,10.0233,0.0564,-0.1042,0.0029,-0.4145,0.0847,-0.3439,inf,1.5,1.5
39.617,10.0236,0.0585,-0.118,0.001,-0.3715,0.0824,-0.3215,inf,1.5,1.5
39.633,10.0237,0.0596,-0.1248,0.0008,-0.4478,0.0844,-0.3091,inf,1.5,1.5
39.633,10.0237,0.0596,-0.1248,0.0008,-0.4478,0.0842,-0.3429,inf,1.5,1.5
39.633,10.0237,0.0596,-0.1248,0.0008,-0.4478,0.0854,-0.3587,inf,1.5,1.5
39.667,10.024,0.0618,-0.1394,-0.0019,-0.4712,0.0857,-0.3731,inf,1.5,1.5
39.667,10.024,0.0618,-0.1394,-0.0019,-0.4712,0.0875,-0.3835,inf,1.5,1.5
39.683,10.0241,0.063,-0.147,-0.0063,-0.4586,0.0844,-0.3817,inf,1.5,1.5
39.7,10.0242,0.0642,-0.1549,-0.0048,-0.4852,0.0799,-0.3787,inf,1.5,1.5
39.7,10.0242,0.0642,-0.1549,-0.0048,-0.4852,0.0774,-0.3939,inf,1.5,1.5
39.7,10.0242,0.0642,-0.1549,-0.0048,-0.4852,0.0762,-0.4023,inf,1.5,1.5
39.7,10.0242,0.0642,-0.1549,-0.0048,-0.4852,0.0725,-0.4092,inf,1.5,1.5
39.7,10.0242,0.0642,-0.1549,-0.0048,-0.4852,0.0698,-0.4077,inf,1.5,1.5
39.733,10.0244,0.0667,-0.1709,-0.0094,-0.4942,0.0668,-0.4086,inf,1.5,1.5
39.75,10.0245,0.068,-0.1791,-0.0085,-0.5132,0.0683,-0.408,inf,1.5,1.5
39.75,10.0245,0.068,-0.1791,-0.0085,-0.5132,0.0683,-0.4196,inf,1.5,1.5
39.75,10.0245,0.068,-0.1791,-0.0085,-0.5132,0.0679,-0.4239,inf,1.5,1.5
39.783,10.0246,0.0705,-0.1951,-0.011,-0.4721,0.069,-0.4272,inf,1.5,1.5
39.783,10.0246,0.0705,-0.1951,-0.011,-0.4721,0.0668,-0.4134,inf,1.5,1.5
39.8,10.0247,0.0718,-0.2032,-0.0109,-0.5101,0.0656,-0.4241,inf,1.5,1.5
39.8,10.0247,0.0718,-0.2032,-0.0109,-0.5101,0.0707,-0.4296,inf,1.5,1.5
39.8,10.0247,0.0718,-0.2032,-0.0109,-0.5101,0.0721,-0.4292,inf,1.5,1.5
39.833,10.0248,0.0743,-0.2195,-0.0153,-0.4993,0.0685,-0.4214,inf,1.5,1.5
39.85,10.0247,0.0756,-0.2273,-0.0183,-0.4545,0.0709,-0.4171,inf,1.5,1.5
39.85,10.0247,0.0756,-0.2273,-0.0183,-0.4545,0.0678,-0.3948,inf,1.5,1.5
39.867,10.0248,0.0768,-0.2352,-0.0199,-0.4891,0.0624,-0.4,inf,1.5,1.5
39.867,10.0248,0.0768,-0.2352,-0.0199,-0.4891,0.0549,-0.4053,inf,1.5,1.5
39.867,10.0248,0.0768,-0.2352,-0.0199,-0.4891,0.059,-0.4091,inf,1.5,1.5
39.9,10.0248,0.0794,-0.2514,-0.0227,-0.5137,0.0576,-0.4207,inf,1.5,1.5
39.917,10.0248,0.0808,-0.2598,-0.0233,-0.5232,0.0588,-0.426,inf,1.5,1.5
39.917,10.0248,0.0808,-0.2598,-0.0233,-0.5232,0.055,-0.4385,inf,1.5,1.5
39.917,10.0248,0.0808,-0.2598,-0.0233,-0.5232,0.0544,-0.4368,inf,1.5,1.5
39.95,10.0247,0.0833,-0.2756,-0.0235,-0.4824,0.0555,-0.4365,inf,1.5,1.5
39.95,10.0247,0.0833,-0.2756,-0.0235,-0.4824,0.0574,-0.4086,inf,1.5,1.5
39.967,10.0247,0.0846,-0.2833,-0.0243,-0.4774,0.0542,-0.3964,inf,1.5,1.5
39.967,10.0247,0.0846,-0.2833,-0.0243,-0.4774,0.0577,-0.3873,inf,1.5,1.5
39.967,10.0247,0.0846,-0.2833,-0.0243,-0.4774,0.0599,-0.3912,inf,1.5,1.5
40.0,10.0246,0.0871,-0.2984,-0.0262,-0.4674,0.0598,-0.3924,inf,1.5,1.5
40.017,10.0245,0.0883,-0.3054,-0.0253,-0.4185,0.059,-0.3915,inf,1.5,1.5
40.017,10.0245,0.0883,-0.3054,-0.0253,-0.4185,0.053,-0.3604,inf,1.5,1.5
40.033,10.0245,0.0894,-0.3124,-0.0261,-0.4314,0.0494,-0.3547,inf,1.5,1.5
40.033,10.0245,0.0894,-0.3124,-0.0261,-0.4314,0.0471,-0.3508,inf,1.5,1.5
40.033,10.0245,0.0894,-0.3124,-0.0261,-0.4314,0.0491,-0.3472,inf,1.5,1.5
40.067,10.0243,0.0916,-0.3254,-0.0244,-0.3687,0.0533,-0.3154,inf,1.5,1.5
40.083,10.0242,0.0926,-0.3313,-0.0248,-0.364,0.0563,-0.3026,inf,1.5,1.5
40.083,10.0242,0.0926,-0.3313,-0.0248,-0.364,0.0562,-0.2822,inf,1.5,1.5
40.083,10.0242,0.0926,-0.3313,-0.0248,-0.364,0.0584,-0.285,inf,1.5,1.5
40.117,10.0241,0.0945,-0.3421,-0.0216,-0.3085,0.0582,-0.2823,inf,1.5,1.5
40.117,10.0241,0.0945,-0.3421,-0.0216,-0.3085,0.0519,-0.2534,inf,1.5,1.5
40.133,10.024,0.0953,-0.3469,-0.0236,-0.3044,0.0514,-0.2428,inf,1.5,1.5
40.133,10.024,0.0953,-0.3469,-0.0236,-0.3044,0.056,-0.2356,inf,1.5,1.5
40.133,10.024,0.0953,-0.3469,-0.0236,-0.3044,0.0564,-0.2391,inf,1.5,1.5
40.167,10.0239,0.0968,-0.3552,-0.02,-0.237,0.0581,-0.2039,inf,1.5,1.5
40.183,10.0238,0.0974,-0.3588,-0.0173,-0.194,0.0574,-0.1836,inf,1.5,1.5
40.183,10.0238,0.0974,-0.3588,-0.0173,-0.194,0.0611,-0.1514,inf,1.5,1.5
40.2,10.0238,0.0979,-0.3618,-0.0153,-0.1752,0.0616,-0.1315,inf,1.5,1.5
40.2,10.0238,0.0979,-0.3618,-0.0153,-0.1752,0.0594,-0.1214,inf,1.5,1.5
40.2,10.0238,0.0979,-0.3618,-0.0153,-0.1752,0.0616,-0.1185,1.5792,1.5,1.336
40.233,10.0237,0.0988,-0.3664,-0.012,-0.1397,0.0638,-0.0989,1.5792,1.5,1.336
40.25,10.0237,0.0991,-0.3683,-0.0087,-0.0965,0.0664,-0.0969,1.5792,1.5,1.336
40.25,10.0237,0.0991,-0.3683,-0.0087,-0.0965,0.0705,-0.0671,1.5792,1.5,1.336
40.25,10.0237,0.0991,-0.3683,-0.0087,-0.0965,0.0711,-0.0581,1.5792,1.5,1.336
40.283,10.0238,0.0997,-0.3706,-0.0057,-0.0596,0.0662,-0.0559,1.5792,1.5,1.336
40.283,10.0238,0.0997,-0.3706,-0.0057,-0.0596,0.0675,-0.038,1.5792,1.5,1.336
40.3,10.0238,0.1,-0.3714,-0.005,-0.0554,0.0721,-0.0273,1.5792,1.5,1.336
40.3,10.0238,0.1,-0.3714,-0.005,-0.0554,0.072,-0.0198,1.5792,1.5,1.336
40.3,10.0238,0.1,-0.3714,-0.005,-0.0554,0.0734,-0.0129,1.5181,1.5,1.336
40.333,10.0238,0.1001,-0.3719,0.001,0.0105,0.0752,0.0156,1.5181,1.5,1.336
40.35,10.0238,0.1,-0.3715,0.0032,0.0236,0.0776,0.034,1.5181,1.5,1.336
40.35,10.0238,0.1,-0.3715,0.0032,0.0236,0.0785,0.0488,1.5181,1.5,1.336
40.367,10.0238,0.0999,-0.3708,0.0063,0.0793,0.0799,0.0816,1.5181,1.5,1.336
40.367,10.0238,0.0999,-0.3708,0.0063,0.0793,0.084,0.0988,1.5181,1.5,1.336
40.367,10.0238,0.0999,-0.3708,0.0063,0.0793,0.083,0.1041,1.5181,1.5,1.336
40.4,10.0239,0.0994,-0.3676,0.012,0.1526,0.0847,0.136,1.5181,1.5,1.336
40.417,10.0239,0.099,-0.3654,0.0117,0.149,0.087,0.1525,1.5181,1.5,1.336
40.417,10.0239,0.099,-0.3654,0.0117,0.149,0.0891,0.1591,1.5036,1.5,1.2434
40.417,10.0239,0.099,-0.3654,0.0117,0.149,0.0887,0.161,1.5036,1.5,1.2434
40.45,10.024,0.0981,-0.3603,0.0142,0.1863,0.088,0.1584,1.5036,1.5,1.2434
40.45,10.024,0.0981,-0.3603,0.0142,0.1863,0.0909,0.1786,1.5036,1.5,1.2434
40.467,10.0241,0.0976,-0.3572,0.0167,0.2207,0.0914,0.2034,1.5036,1.5,1.2434
40.467,10.0241,0.0976,-0.3572,0.0167,0.2207,0.0947,0.221,1.5036,1.5,1.2434
40.467,10.0241,0.0976,-0.3572,0.0167,0.2207,0.0941,0.2297,1.5036,1.5,1.2434
40.5,10.0242,0.0962,-0.3496,0.0192,0.2635,0.0956,0.2499,1.5036,1.5,1.2434
40.517,10.0242,0.0955,-0.3451,0.0208,0.2877,0.0967,0.254,1.5036,1.5,1.2434
40.517,10.0242,0.0955,-0.3451,0.0208,0.2877,0.098,0.2697,1.5036,1.5,1.2434
40.533,10.0243,0.0947,-0.3403,0.0221,0.3154,0.1006,0.2748,1.5098,1.5,1.2434
40.533,10.0243,0.0947,-0.3403,0.0221,0.3154,0.0992,0.2927,1.5098,1.5,1.2434
40.533,10.0243,0.0947,-0.3403,0.0221,0.3154,0.1,0.2938,1.5098,1.5,1.2434
40.567,10.0245,0.0928,-0.3292,0.0246,0.3683,0.1012,0.3255,1.5098,1.5,1.2434
40.583,10.0245,0.0918,-0.3232,0.0246,0.3771,0.1001,0.3362,1.5098,1.5,1.2434
40.583,10.0245,0.0918,-0.3232,0.0246,0.3771,0.1035,0.3472,1.5098,1.5,1.2434
40.583,10.0245,0.0918,-0.3232,0.0246,0.3771,0.1035,0.3462,1.5098,1.5,1.2434
40.617,10.0247,0.0896,-0.3099,0.026,0.4284,0.1046,0.3471,1.5098,1.5,1.2434
40.617,10.0247,0.0896,-0.3099,0.026,0.4284,0.1062,0.3751,1.5501,1.5,1.2373
40.633,10.0247,0.0884,-0.3033,0.021,0.364,0.1039,0.3544,1.5501,1.5,1.2373
40.633,10.0247,0.0884,-0.3033,0.021,0.364,0.1064,0.347,1.5501,1.5,1.2373
40.633,10.0247,0.0884,-0.3033,0.021,0.364,0.1047,0.3356,1.5501,1.5,1.2373
40.633,10.0247,0.0884,-0.3033,0.021,0.364,0.0995,0.3362,1.5501,1.5,1.2373
40.667,10.0248,0.0861,-0.2898,0.0191,0.3553,0.1005,0.3297,1.5501,1.5,1.2373
40.683,10.0248,0.085,-0.2828,0.0239,0.4579,0.1019,0.3282,1.5501,1.5,1.2373
40.683,10.0248,0.085,-0.2828,0.0239,0.4579,0.1028,0.3808,1.5501,1.5,1.2373
40.7,10.0249,0.0837,-0.2749,0.0255,0.5156,0.1075,0.4339,1.5501,1.5,1.2373
40.7,10.0249,0.0837,-0.2749,0.0255,0.5156,0.1103,0.4598,1.5501,1.5,1.2373
40.7,10.0249,0.0837,-0.2749,0.0255,0.5156,0.1128,0.4692,1.5501,1.5,1.2373
40.733,10.0248,0.081,-0.2579,0.0168,0.5071,0.1061,0.4624,inf,1.5,1.2373
40.75,10.0249,0.0796,-0.2489,0.0182,0.5649,0.1091,0.4571,inf,1.5,1.2373
40.75,10.0249,0.0796,-0.2489,0.0182,0.5649,0.1084,0.479,inf,1.5,1.2373
40.75,10.0249,0.0796,-0.2489,0.0182,0.5649,0.104,0.4895,inf,1.5,1.2373
40.783,10.0249,0.0766,-0.2302,0.0196,0.5595,0.103,0.4933,inf,1.5,1.2373
40.783,10.0249,0.0766,-0.2302,0.0196,0.5595,0.1004,0.4898,inf,1.5,1.2373
40.8,10.0249,0.0752,-0.2215,0.0153,0.5095,0.1008,0.468,inf,1.5,1.2373
40.8,10.0249,0.0752,-0.2215,0.0153,0.5095,0.1005,0.4636,inf,1.5,1.2373
40.8,10.0249,0.0752,-0.2215,0.0153,0.5095,0.0995,0.455,inf,1.5,1.2373
40.833,10.0248,0.0725,-0.2041,0.012,0.4982,0.0988,0.4476,inf,1.5,1.3074
40.833,10.0248,0.0725,-0.2041,0.012,0.4982,0.0958,0.4435,inf,1.5,1.3074
40.85,10.0248,0.0711,-0.195,0.014,0.5902,0.0987,0.4791,inf,1.5,1.3074
40.867,10.0247,0.0697,-0.1858,0.0118,0.5472,0.0953,0.4922,inf,1.5,1.3074
40.867,10.0247,0.0697,-0.1858,0.0118,0.5472,0.0972,0.4884,inf,1.5,1.3074
40.867,10.0247,0.0697,-0.1858,0.0118,0.5472,0.0954,0.4817,inf,1.5,1.3074
40.9,10.0245,0.0668,-0.1671,0.008,0.5516,0.095,0.4831,inf,1.5,1.3074
40.9,10.0245,0.0668,-0.1671,0.008,0.5516,0.0915,0.4788,inf,1.5,1.3074
40.917,10.0243,0.0654,-0.1586,0.003,0.4998,0.0846,0.449,inf,1.5,1.3074
40.917,10.0243,0.0654,-0.1586,0.003,0.4998,0.0889,0.4407,inf,1.5,1.3074
40.917,10.0243,0.0654,-0.1586,0.003,0.4998,0.087,0.4354,inf,1.5,1.3074
40.95,10.0241,0.0632,-0.1442,0.0008,0.3819,0.0875,0.3733,inf,1.5,1.3074
40.967,10.024,0.0623,-0.1383,0.0009,0.3242,0.0861,0.3453,inf,1.5,1.3074
40.967,10.024,0.0623,-0.1383,0.0009,0.3242,0.0876,0.3005,inf,1.5,1.3074
40.967,10.024,0.0623,-0.1383,0.0009,0.3242,0.0849,0.2861,inf,1.5,1.3074
41.0,10.0238,0.0609,-0.129,-0.0004,0.2349,0.0838,0.2811,inf,1.5,1.3074
41.0,10.0238,0.0609,-0.129,-0.0004,0.2349,0.0857,0.2356,inf,1.5,1.3074
41.017,10.0238,0.0603,-0.1255,-0.0015,0.1876,0.0843,0.2171,inf,1.5,1.3074
41.033,10.0237,0.0598,-0.1224,-0.0008,0.1762,0.0823,0.1801,inf,1.5,1.4798
41.033,10.0237,0.0598,-0.1224,-0.0008,0.1762,0.0859,0.1587,inf,1.5,1.4798
41.033,10.0237,0.0598,-0.1224,-0.0008,0.1762,0.0861,0.1514,inf,1.5,1.4798
41.067,10.0236,0.0589,-0.1165,-0.0006,0.2007,0.0844,0.1532,inf,1.5,1.4798
41.067,10.0236,0.0589,-0.1165,-0.0006,0.2007,0.0858,0.1677,inf,1.5,1.4798
41.083,10.0235,0.0584,-0.1135,-0.0002,0.1604,0.0868,0.1538,inf,1.5,1.4798
41.083,10.0235,0.0584,-0.1135,-0.0002,0.1604,0.086,0.1458,inf,1.5,1.4798
41.083,10.0235,0.0584,-0.1135,-0.0002,0.1604,0.0862,0.1448,inf,1.5,1.4798
41.117,10.0235,0.0579,-0.1101,-0.0002,0.0391,0.0854,0.0818,inf,1.5,1.4798
41.133,10.0234,0.0578,-0.109,-0.0004,0.0892,0.0872,0.054,inf,1.5,1.4798
41.133,10.0234,0.0578,-0.109,-0.0004,0.0892,0.0896,0.0663,inf,1.5,1.4798
41.133,10.0234,0.0578,-0.109,-0.0004,0.0892,0.0883,0.0726,inf,1.5,1.4798
41.167,10.0234,0.0573,-0.107,-0.0003,0.06,0.0871,0.0788,inf,1.5,1.4798
41.167,10.0234,0.0573,-0.107,-0.0003,0.06,0.0838,0.0675,inf,1.5,1.4798
41.183,10.0233,0.0571,-0.1053,-0.0011,0.1174,0.0851,0.0878,inf,1.5,1.4798
41.2,10.0233,0.0568,-0.1039,0.0,0.0554,0.0872,0.0983,inf,1.5,1.4798
41.2,10.0233,0.0568,-0.1039,0.0,0.0554,0.0875,0.0739,inf,1.5,1.4798
41.2,10.0233,0.0568,-0.1039,0.0,0.0554,0.0879,0.0633,inf,1.5,1.4798
41.233,10.0233,0.0568,-0.1039,0.0001,-0.0503,0.0885,0.0577,inf,1.5,1.5
41.233,10.0233,0.0568,-0.1039,0.0001,-0.0503,0.0875,-0.0011,inf,1.5,1.5
41.25,10.0233,0.0568,-0.104,0.0017,-0.0074,0.087,-0.0064,inf,1.5,1.5
41.25,10.0233,0.0568,-0.104,0.0017,-0.0074,0.0849,-0.0087,inf,1.5,1.5
41.25,10.0233,0.0568,-0.104,0.0017,-0.0074,0.0873,-0.0014,inf,1.5,1.5
41.283,10.0233,0.0567,-0.1043,-0.0005,0.0035,0.0868,0.0048,inf,1.5,1.5
41.3,10.0233,0.0567,-0.1041,0.006,-0.0497,0.0854,0.0095,inf,1.5,1.5
41.3,10.0233,0.0567,-0.1041,0.006,-0.0497,0.0862,-0.0174,inf,1.5,1.5
41.3,10.0233,0.0567,-0.1041,0.006,-0.0497,0.0891,-0.032,inf,1.5,1.5
41.333,10.0232,0.0563,-0.1029,-0.0003,0.0687,0.0909,-0.0413,inf,1.5,1.5
41.333,10.0232,0.0563,-0.1029,-0.0003,0.0687,0.091,0.0211,inf,1.5,1.5
41.35,10.0232,0.0561,-0.1021,0.0007,-0.0098,0.088,0.0078,inf,1.5,1.5
41.367,10.0232,0.0558,-0.1014,0.0003,0.0214,0.0867,0.0104,inf,1.5,1.5
41.367,10.0232,0.0558,-0.1014,0.0003,0.0214,0.0852,0.018,inf,1.5,1.5
41.367,10.0232,0.0558,-0.1014,0.0003,0.0214,0.0834,0.0243,inf,1.5,1.5
41.4,10.0231,0.0555,-0.0989,-0.0007,0.0614,0.0814,0.0366,inf,1.5,1.5
41.4,10.0231,0.0555,-0.0989,-0.0007,0.0614,0.0814,0.0556,inf,1.5,1.5
41.417,10.0231,0.0553,-0.0983,-0.0013,0.1578,0.0826,0.1224,inf,1.5,1.5
41.417,10.0231,0.0553,-0.0983,-0.0013,0.1578,0.0818,0.1427,inf,1.5,1.5
41.417,10.0231,0.0553,-0.0983,-0.0013,0.1578,0.0825,0.1556,inf,1.5,1.5
41.45,10.023,0.0549,-0.0956,-0.0005,0.0561,0.0859,0.1054,inf,1.5,1.5
41.467,10.023,0.0548,-0.0956,-0.0006,-0.0084,0.085,0.0804,inf,1.5,1.5
41.467,10.023,0.0548,-0.0956,-0.0006,-0.0084,0.086,0.0321,inf,1.5,1.5
41.467,10.023,0.0548,-0.0956,-0.0006,-0.0084,0.0841,0.0101,inf,1.5,1.5
41.5,10.0231,0.0549,-0.0964,0.0006,-0.0537,0.0863,0.0038,inf,1.5,1.5
41.5,10.0231,0.0549,-0.0964,0.0006,-0.0537,0.0873,-0.0175,inf,1.5,1.5
41.517,10.0231,0.055,-0.0971,0.0005,-0.04,0.0867,-0.0241,inf,1.5,1.5
41.533,10.0231,0.0551,-0.0978,0.0005,-0.0476,0.0834,-0.0256,inf,1.5,1.5
41.533,10.0231,0.0551,-0.0978,0.0005,-0.0476,0.0837,-0.0277,inf,1.5,1.5
41.533,10.0231,0.0551,-0.0978,0.0005,-0.0476,0.0828,-0.0264,inf,1.5,1.5
41.567,10.0231,0.0553,-0.0985,0.0007,-0.037,0.0817,-0.0225,inf,1.5,1.5
41.567,10.0231,0.0553,-0.0985,0.0007,-0.037,0.0812,-0.0158,inf,1.5,1.5
41.583,10.0231,0.0554,-0.0987,0.0011,-0.0263,0.0822,-0.0083,inf,1.5,1.5
41.583,10.0231,0.0554,-0.0987,0.0011,-0.0263,0.0834,-0.0023,inf,1.5,1.5
41.583,10.0231,0.0554,-0.0987,0.0011,-0.0263,0.0833,-0.0041,inf,1.5,1.5
41.617,10.0231,0.0553,-0.0985,0.0002,0.0115,0.0856,0.017,inf,1.5,1.5
41.633,10.0231,0.0551,-0.0981,0.0001,0.0061,0.0843,0.0233,inf,1.5,1.5
41.633,10.0231,0.0551,-0.0981,0.0001,0.0061,0.0869,0.0241,inf,1.5,1.5
41.633,10.0231,0.0551,-0.0981,0.0001,0.0061,0.0884,0.0261,inf,1.5,1.5
41.667,10.023,0.0548,-0.0962,0.0007,0.1014,0.0873,0.0221,inf,1.5,1.5
41.667,10.023,0.0548,-0.0962,0.0007,0.1014,0.0845,0.0669,inf,1.5,1.5
41.683,10.023,0.0546,-0.0944,-0.0014,0.1139,0.0841,0.0903,inf,1.5,1.5
41.7,10.023,0.0543,-0.0929,-0.0006,0.0804,0.0848,0.111,inf,1.5,1.5
41.7,10.023,0.0543,-0.0929,-0.0006,0.0804,0.085,0.0966,inf,1.5,1.5
41.7,10.023,0.0543,-0.0929,-0.0006,0.0804,0.0864,0.0909,inf,1.5,1.5
41.733,10.0229,0.0538,-0.0897,-0.0011,0.0778,0.0854,0.0833,inf,1.5,1.5
41.733,10.0229,0.0538,-0.0897,-0.0011,0.0778,0.0839,0.0799,inf,1.5,1.5
41.75,10.0229,0.0537,-0.0894,-0.0023,0.015,0.0873,0.0501,inf,1.5,1.5
41.75,10.0229,0.0537,-0.0894,-0.0023,0.015,0.0901,0.0367,inf,1.5,1.5
41.75,10.0229,0.0537,-0.0894,-0.0023,0.015,0.091,0.0256,inf,1.5,1.5
41.783,10.0229,0.0536,-0.0892,0.001,-0.019,0.0913,0.0075,inf,1.5,1.5
41.8,10.0229,0.0536,-0.0891,-0.0001,0.0184,0.0868,0.0002,inf,1.5,1.5
41.8,10.0229,0.0536,-0.0891,-0.0001,0.0184,0.0877,0.0155,inf,1.5,1.5
41.8,10.0229,0.0536,-0.0891,-0.0001,0.0184,0.0866,0.0271,inf,1.5,1.5
41.833,10.0228,0.0535,-0.0887,0.0006,-0.0259,0.0871,0.0302,inf,1.5,1.5
41.833,10.0228,0.0535,-0.0887,0.0006,-0.0259,0.09,0.0116,inf,1.5,1.5
41.85,10.0229,0.0535,-0.089,0.0002,-0.0236,0.0909,-0.0121,inf,1.5,1.5
41.867,10.0229,0.0535,-0.0895,0.0036,-0.029,0.0903,-0.0198,inf,1.5,1.5
41.867,10.0229,0.0535,-0.0895,0.0036,-0.029,0.0902,-0.025,inf,1.5,1.5
41.867,10.0229,0.0535,-0.0895,0.0036,-0.029,0.0894,-0.0233,inf,1.5,1.5
41.9,10.0229,0.0537,-0.0906,0.0032,-0.1083,0.0915,-0.0224,inf,1.5,1.5
41.9,10.0229,0.0537,-0.0906,0.0032,-0.1083,0.0899,-0.0619,inf,1.5,1.5
41.917,10.0229,0.054,-0.0918,0.0022,-0.122,0.089,-0.0843,inf,1.5,1.5
41.917,10.0229,0.054,-0.0918,0.0022,-0.122,0.09,-0.0974,inf,1.5,1.5
41.917,10.0229,0.054,-0.0918,0.0022,-0.122,0.0861,-0.1058,inf,1.5,1.5
41.95,10.023,0.0546,-0.0944,0.0014,-0.0115,0.0881,-0.0451,inf,1.5,1.5
41.967,10.023,0.0548,-0.0954,0.001,-0.0712,0.0877,-0.0155,inf,1.5,1.5
41.967,10.023,0.0548,-0.0954,0.001,-0.0712,0.0881,-0.0345,inf,1.5,1.5
41.967,10.023,0.0548,-0.0954,0.001,-0.0712,0.0852,-0.0417,inf,1.5,1.5
42.0,10.0231,0.0552,-0.0982,0.0021,-0.1526,0.0857,-0.055,inf,1.5,1.5
42.017,10.0231,0.0555,-0.0997,0.0005,-0.0526,0.0844,-0.0959,inf,1.5,1.5
42.017,10.0231,0.0555,-0.0997,0.0005,-0.0526,0.0884,-0.0631,inf,1.5,1.5
42.033,10.0232,0.0558,-0.1013,0.0002,-0.101,0.0874,-0.0495,inf,1.5,1.5
42.033,10.0232,0.0558,-0.1013,0.0002,-0.101,0.0864,-0.0663,inf,1.5,1.5
42.033,10.0232,0.0558,-0.1013,0.0002,-0.101,0.0858,-0.0733,inf,1.5,1.5
42.067,10.0233,0.0564,-0.1052,0.0009,-0.1165,0.0862,-0.0781,inf,1.5,1.5
42.067,10.0233,0.0564,-0.1052,0.0009,-0.1165,0.087,-0.0916,inf,1.5,1.5
42.083,10.0233,0.0567,-0.107,0.0007,-0.1234,0.0866,-0.0975,inf,1.5,1.5
42.083,10.0233,0.0567,-0.107,0.0007,-0.1234,0.0892,-0.1016,inf,1.5,1.5
42.083,10.0233,0.0567,-0.107,0.0007,-0.1234,0.0882,-0.1026,inf,1.5,1.5
42.117,10.0234,0.0573,-0.1107,0.0007,-0.1174,0.092,-0.0971,inf,1.5,1.5
42.133,10.0234,0.0576,-0.1125,0.0011,-0.1477,0.0887,-0.0913,inf,1.5,1.5
42.133,10.0234,0.0576,-0.1125,0.0011,-0.1477,0.0897,-0.1059,inf,1.5,1.5
42.133,10.0234,0.0576,-0.1125,0.0011,-0.1477,0.0884,-0.1165,inf,1.5,1.5
42.167,10.0235,0.0584,-0.1163,0.0007,-0.1142,0.0867,-0.1222,inf,1.5,1.5
42.167,10.0235,0.0584,-0.1163,0.0007,-0.1142,0.0847,-0.1055,inf,1.5,1.5
42.183,10.0236,0.0587,-0.118,0.0008,-0.1252,0.0865,-0.1024,inf,1.5,1.5
42.2,10.0236,0.0591,-0.1198,0.0006,-0.1008,0.0892,-0.0994,inf,1.5,1.5
42.2,10.0236,0.0591,-0.1198,0.0006,-0.1008,0.0881,-0.0867,inf,1.5,1.5
42.2,10.0236,0.0591,-0.1198,0.0006,-0.1008,0.0886,-0.0808,inf,1.5,1.5
42.233,10.0237,0.0597,-0.124,0.0002,-0.1554,0.0886,-0.0808,inf,1.5,1.5
42.233,10.0237,0.0597,-0.124,0.0002,-0.1554,0.0843,-0.1009,inf,1.5,1.5
42.25,10.0238,0.0601,-0.1262,-0.0002,-0.1375,0.0843,-0.1055,inf,1.5,1.5
42.25,10.0238,0.0601,-0.1262,-0.0002,-0.1375,0.082,-0.1116,inf,1.5,1.5
42.25,10.0238,0.0601,-0.1262,-0.0002,-0.1375,0.0835,-0.1087,inf,1.5,1.5
42.283,10.0239,0.0609,-0.1313,-0.0001,-0.1865,0.0802,-0.1366,inf,1.5,1.5
42.3,10.0239,0.0613,-0.134,-0.0009,-0.1924,0.083,-0.1478,inf,1.5,1.5
42.3,10.0239,0.0613,-0.134,-0.0009,-0.1924,0.0835,-0.156,inf,1.5,1.5
42.3,10.0239,0.0613,-0.134,-0.0009,-0.1924,0.0898,-0.1583,inf,1.5,1.5
42.333,10.024,0.0623,-0.1403,-0.0008,-0.2054,0.0867,-0.1552,inf,1.5,1.5
42.333,10.024,0.0623,-0.1403,-0.0008,-0.2054,0.0861,-0.1624,inf,1.5,1.5
42.35,10.0241,0.0628,-0.1435,-0.0021,-0.207,0.0848,-0.1645,inf,1.5,1.5
42.367,10.0241,0.0633,-0.147,0.0001,-0.2408,0.085,-0.166,inf,1.5,1.5
42.367,10.0241,0.0633,-0.147,0.0001,-0.2408,0.0836,-0.1802,inf,1.5,1.5
42.367,10.0241,0.0633,-0.147,0.0001,-0.2408,0.0841,-0.1867,inf,1.5,1.5
42.4,10.0243,0.0646,-0.1544,-0.0024,-0.2314,0.0835,-0.194,inf,1.5,1.5
42.4,10.0243,0.0646,-0.1544,-0.0024,-0.2314,0.0843,-0.193,inf,1.5,1.5
42.417,10.0243,0.0651,-0.1583,-0.0021,-0.2507,0.0827,-0.2036,inf,1.5,1.5
42.417,10.0243,0.0651,-0.1583,-0.0021,-0.2507,0.0828,-0.2023,inf,1.5,1.5
42.417,10.0243,0.0651,-0.1583,-0.0021,-0.2507,0.0823,-0.2026,inf,1.5,1.5
42.45,10.0244,0.0664,-0.1664,0.0012,-0.2611,0.0842,-0.2041,inf,1.5,1.5
42.467,10.0245,0.067,-0.1709,-0.0042,-0.2964,0.0857,-0.2102,inf,1.5,1.5
42.467,10.0245,0.067,-0.1709,-0.0042,-0.2964,0.0846,-0.2278,inf,1.5,1.5
42.467,10.0245,0.067,-0.1709,-0.0042,-0.2964,0.0805,-0.235,inf,1.5,1.5
42.5,10.0246,0.0685,-0.1801,-0.0059,-0.2818,0.0811,-0.2432,inf,1.5,1.5
42.5,10.0246,0.0685,-0.1801,-0.0059,-0.2818,0.0807,-0.2343,inf,1.5,1.5
42.517,10.0246,0.0692,-0.1848,-0.0047,-0.2991,0.0808,-0.2393,inf,1.5,1.5
42.533,10.0246,0.07,-0.1893,-0.0073,-0.298,0.0787,-0.2372,inf,1.5,1.5
42.533,10.0246,0.07,-0.1893,-0.0073,-0.298,0.0778,-0.2352,inf,1.5,1.5
42.533,10.0246,0.07,-0.1893,-0.0073,-0.298,0.0763,-0.2318,inf,1.5,1.5
42.567,10.0247,0.0714,-0.1984,-0.0061,-0.2624,0.0749,-0.2363,inf,1.5,1.5
42.567,10.0247,0.0714,-0.1984,-0.0061,-0.2624,0.0746,-0.2172,inf,1.5,1.5
42.583,10.0248,0.0721,-0.2026,-0.0076,-0.2718,0.0771,-0.2154,inf,1.5,1.5
42.583,10.0248,0.0721,-0.2026,-0.0076,-0.2718,0.0772,-0.2154,inf,1.5,1.5
42.583,10.0248,0.0721,-0.2026,-0.0076,-0.2718,0.076,-0.2172,inf,1.5,1.5
42.617,10.0248,0.0734,-0.2114,-0.0081,-0.2758,0.0784,-0.22,inf,1.5,1.5
42.633,10.0248,0.0741,-0.2158,-0.0082,-0.2751,0.0759,-0.2218,inf,1.5,1.5
42.633,10.0248,0.0741,-0.2158,-0.0082,-0.2751,0.0765,-0.2221,inf,1.5,1.5
42.633,10.0248,0.0741,-0.2158,-0.0082,-0.2751,0.0737,-0.2143,inf,1.5,1.5
42.667,10.0248,0.0755,-0.2244,-0.0095,-0.2414,0.0755,-0.2142,inf,1.5,1.5
42.667,10.0248,0.0755,-0.2244,-0.0095,-0.2414,0.0743,-0.1998,inf,1.5,1.5
42.667,10.0248,0.0755,-0.2244,-0.0095,-0.2414,0.0731,-0.1911,inf,1.5,1.5
42.683,10.0249,0.0761,-0.2288,-0.0092,-0.2753,0.0735,-0.1807,inf,1.5,1.5
42.7,10.0249,0.0769,-0.2331,-0.0107,-0.2612,0.0755,-0.1996,inf,1.5,1.5
42.7,10.0249,0.0769,-0.2331,-0.0107,-0.2612,0.0766,-0.2054,inf,1.5,1.5
42.7,10.0249,0.0769,-0.2331,-0.0107,-0.2612,0.0788,-0.2072,inf,1.5,1.5
42.733,10.0249,0.0782,-0.2417,-0.01,-0.2739,0.0754,-0.2089,inf,1.5,1.5
42.733,10.0249,0.0782,-0.2417,-0.01,-0.2739,0.0738,-0.2131,inf,1.5,1.5
42.75,10.0249,0.0789,-0.2458,-0.0098,-0.2328,0.0756,-0.2149,inf,1.5,1.5
42.75,10.0249,0.0789,-0.2458,-0.0098,-0.2328,0.0726,-0.1896,inf,1.5,1.5
42.75,10.0249,0.0789,-0.2458,-0.0098,-0.2328,0.073,-0.1854,inf,1.5,1.5
42.783,10.0249,0.0802,-0.2541,-0.011,-0.2535,0.0718,-0.1837,inf,1.5,1.5
42.8,10.0249,0.0809,-0.2581,-0.0103,-0.2583,0.0714,-0.1916,inf,1.5,1.5
42.8,10.0249,0.0809,-0.2581,-0.0103,-0.2583,0.0674,-0.1993,inf,1.5,1.5
42.8,10.0249,0.0809,-0.2581,-0.0103,-0.2583,0.0692,-0.2033,inf,1.5,1.5
42.833,10.0249,0.082,-0.2649,-0.0083,-0.1893,0.0672,-0.2038,inf,1.5,1.5
42.833,10.0249,0.082,-0.2649,-0.0083,-0.1893,0.069,-0.168,inf,1.5,1.5
42.85,10.0249,0.0825,-0.2676,-0.0089,-0.195,0.0681,-0.1499,inf,1.5,1.5
42.85,10.0249,0.0825,-0.2676,-0.0089,-0.195,0.0677,-0.1435,inf,1.5,1.5
42.867,10.0249,0.0829,-0.2702,-0.0071,-0.1557,0.0739,-0.121,inf,1.5,1.5
42.867,10.0249,0.0829,-0.2702,-0.0071,-0.1557,0.0731,-0.1145,inf,1.5,1.5
42.867,10.0249,0.0829,-0.2702,-0.0071,-0.1557,0.0716,-0.1111,inf,1.5,1.5
42.9,10.0249,0.0837,-0.2748,-0.0069,-0.1434,0.0743,-0.1024,inf,1.5,1.5
42.917,10.0249,0.084,-0.2769,-0.0067,-0.1338,0.0747,-0.0992,inf,1.5,1.5
42.917,10.0249,0.084,-0.2769,-0.0067,-0.1338,0.0763,-0.0919,inf,1.5,1.5
42.917,10.0249,0.084,-0.2769,-0.0067,-0.1338,0.0771,-0.0884,inf,1.5,1.5
42.95,10.0248,0.0847,-0.2808,-0.0044,-0.0999,0.0735,-0.0922,inf,1.5,1.5
42.95,10.0248,0.0847,-0.2808,-0.0044,-0.0999,0.0736,-0.0744,inf,1.5,1.5
42.967,10.0248,0.0849,-0.2825,-0.0065,-0.1129,0.0736,-0.074,inf,1.5,1.5
42.967,10.0248,0.0849,-0.2825,-0.0065,-0.1129,0.0777,-0.0752,inf,1.5,1.5
42.967,10.0248,0.0849,-0.2825,-0.0065,-0.1129,0.0729,-0.0792,inf,1.5,1.5
43.0,10.0248,0.0854,-0.2858,-0.0056,-0.1153,0.0761,-0.0808,inf,1.5,1.5
43.017,10.0248,0.0857,-0.2871,-0.0038,-0.0799,0.0743,-0.0799,inf,1.5,1.5
43.017,10.0248,0.0857,-0.2871,-0.0038,-0.0799,0.0786,-0.06,inf,1.5,1.4072
43.033,10.0248,0.0858,-0.2884,-0.0049,-0.1079,0.0818,-0.066,inf,1.5,1.4072
43.033,10.0248,0.0858,-0.2884,-0.0049,-0.1079,0.082,-0.0609,inf,1.5,1.4072
43.033,10.0248,0.0858,-0.2884,-0.0049,-0.1079,0.079,-0.0722,inf,1.5,1.4072
43.067,10.0248,0.0864,-0.2909,-0.0036,-0.0692,0.0768,-0.0513,inf,1.5,1.4072
43.083,10.0248,0.0865,-0.2914,-0.0043,-0.0882,0.0757,-0.0449,inf,1.5,1.4072
43.083,10.0248,0.0865,-0.2914,-0.0043,-0.0882,0.0742,-0.0476,inf,1.5,1.4072
43.083,10.0248,0.0865,-0.2914,-0.0043,-0.0882,0.0783,-0.0521,inf,1.5,1.4072
43.117,10.0248,0.0866,-0.2918,-0.0009,-0.017,0.0785,-0.049,inf,1.5,1.4072
43.117,10.0248,0.0866,-0.2918,-0.0009,-0.017,0.0799,-0.0172,inf,1.5,1.4072
43.133,10.0248,0.0864,-0.2913,0.0008,0.0113,0.0838,0.0164,inf,1.5,1.4072
43.133,10.0248,0.0864,-0.2913,0.0008,0.0113,0.0833,0.0305,inf,1.5,1.4072
43.133,10.0248,0.0864,-0.2913,0.0008,0.0113,0.0837,0.0336,inf,1.5,1.4072
43.167,10.0248,0.0859,-0.2883,0.0069,0.1288,0.0851,0.0956,inf,1.5,1.4072
43.183,10.0248,0.0855,-0.2862,0.0077,0.1491,0.0883,0.1198,inf,1.5,1.4072
43.183,10.0248,0.0855,-0.2862,0.0077,0.1491,0.089,0.1461,inf,1.5,1.4072
43.2,10.0248,0.0852,-0.2841,0.0052,0.097,0.0912,0.1259,inf,1.5,1.4072
43.2,10.0248,0.0852,-0.2841,0.0052,0.097,0.0877,0.1153,inf,1.5,1.4072
43.2,10.0248,0.0852,-0.2841,0.0052,0.097,0.0887,0.1063,inf,1.5,1.3573
43.233,10.0248,0.0846,-0.2805,0.0069,0.1457,0.0879,0.1244,inf,1.5,1.3573
43.25,10.0249,0.0842,-0.2782,0.0054,0.1166,0.0875,0.138,inf,1.5,1.3573
43.25,10.0249,0.0842,-0.2782,0.0054,0.1166,0.086,0.1245,inf,1.5,1.3573
43.25,10.0249,0.0842,-0.2782,0.0054,0.1166,0.086,0.1197,inf,1.5,1.3573
43.283,10.0248,0.0832,-0.2732,0.0032,0.059,0.086,0.1188,inf,1.5,1.3573
43.283,10.0248,0.0832,-0.2732,0.0032,0.059,0.0879,0.0918,inf,1.5,1.3573
43.3,10.0248,0.0826,-0.2709,0.0045,0.0982,0.0906,0.0955,inf,1.5,1.3573
43.3,10.0248,0.0826,-0.2709,0.0045,0.0982,0.0872,0.0956,inf,1.5,1.3573
43.3,10.0248,0.0826,-0.2709,0.0045,0.0982,0.0859,0.1043,inf,1.5,1.3573
43.333,10.0247,0.0813,-0.2635,0.0082,0.2446,0.085,0.182,inf,1.5,1.3573
43.35,10.0247,0.0806,-0.2588,0.0082,0.2873,0.0862,0.2145,inf,1.5,1.3573
43.35,10.0247,0.0806,-0.2588,0.0082,0.2873,0.0892,0.2524,inf,1.5,1.3573
43.367,10.0247,0.0797,-0.2534,0.0105,0.3324,0.0884,0.2634,inf,1.5,1.3573
43.367,10.0247,0.0797,-0.2534,0.0105,0.3324,0.09,0.2889,inf,1.5,1.3573
43.367,10.0247,0.0797,-0.2534,0.0105,0.3324,0.093,0.2997,inf,1.5,1.3573
43.4,10.0248,0.0778,-0.2414,0.0145,0.3783,0.0935,0.3023,inf,1.5,1.3573
43.4,10.0248,0.0778,-0.2414,0.0145,0.3783,0.0922,0.3251,inf,1.5,1.3573
43.417,10.0248,0.0769,-0.2361,0.0117,0.3205,0.0951,0.3026,inf,1.5,1.3573
43.417,10.0248,0.0769,-0.2361,0.0117,0.3205,0.0948,0.2952,inf,1.5,1.3618
43.417,10.0248,0.0769,-0.2361,0.0117,0.3205,0.0963,0.2916,inf,1.5,1.3618
43.45,10.0248,0.0755,-0.2274,0.0083,0.2369,0.0934,0.2458,inf,1.5,1.3618
43.467,10.0248,0.0749,-0.2239,0.0067,0.2066,0.0942,0.2242,inf,1.5,1.3618
43.467,10.0248,0.0749,-0.2239,0.0067,0.2066,0.0942,0.2058,inf,1.5,1.3618
43.467,10.0248,0.0749,-0.2239,0.0067,0.2066,0.0953,0.1926,inf,1.5,1.3618
43.5,10.0247,0.074,-0.2179,0.005,0.1511,0.0945,0.1878,inf,1.5,1.3618
43.5,10.0247,0.074,-0.2179,0.005,0.1511,0.0912,0.1612,inf,1.5,1.3618
43.517,10.0247,0.0735,-0.2146,0.0067,0.2265,0.0875,0.1896,inf,1.5,1.3618
43.533,10.0247,0.0729,-0.2111,0.0053,0.1926,0.0877,0.1988,inf,1.5,1.3618
43.533,10.0247,0.0729,-0.2111,0.0053,0.1926,0.0886,0.1923,inf,1.5,1.3618
43.533,10.0247,0.0729,-0.2111,0.0053,0.1926,0.0895,0.183,inf,1.5,1.3618
43.567,10.0247,0.072,-0.2054,0.0048,0.1836,0.0882,0.1788,inf,1.5,1.3618
43.567,10.0247,0.072,-0.2054,0.0048,0.1836,0.0879,0.1752,inf,1.5,1.3618
43.583,10.0247,0.0716,-0.2026,0.0039,0.1495,0.0924,0.1583,inf,1.5,1.3618
43.583,10.0247,0.0716,-0.2026,0.0039,0.1495,0.0887,0.1514,inf,1.5,1.3618
43.583,10.0247,0.0716,-0.2026,0.0039,0.1495,0.0884,0.1467,inf,1.5,1.3618
43.617,10.0246,0.0709,-0.1982,0.0043,0.1722,0.0841,0.1569,inf,1.5,1.3618
43.633,10.0246,0.0705,-0.1956,0.0027,0.1431,0.0856,0.1611,inf,1.5,1.4396
43.633,10.0246,0.0705,-0.1956,0.0027,0.1431,0.0837,0.1481,inf,1.5,1.4396
43.633,10.0246,0.0705,-0.1956,0.0027,0.1431,0.0845,0.1415,inf,1.5,1.4396
43.667,10.0246,0.0696,-0.1909,0.0029,0.1395,0.0829,0.137,inf,1.5,1.4396
43.667,10.0246,0.0696,-0.1909,0.0029,0.1395,0.0869,0.1345,inf,1.5,1.4396
43.683,10.0245,0.0691,-0.1892,0.0009,0.0616,0.0844,0.0934,inf,1.5,1.4396
43.7,10.0245,0.0687,-0.1877,0.0025,0.1237,0.0835,0.0812,inf,1.5,1.4396
43.7,10.0245,0.0687,-0.1877,0.0025,0.1237,0.0851,0.0948,inf,1.5,1.4396
43.7,10.0245,0.0687,-0.1877,0.0025,0.1237,0.0874,0.1067,inf,1.5,1.4396
43.733,10.0244,0.0677,-0.1811,0.0045,0.2263,0.0899,0.1177,inf,1.5,1.4396
43.733,10.0244,0.0677,-0.1811,0.0045,0.2263,0.0906,0.1754,inf,1.5,1.4396
43.75,10.0244,0.0671,-0.1776,0.0035,0.1857,0.0907,0.1762,inf,1.5,1.4396
43.75,10.0244,0.0671,-0.1776,0.0035,0.1857,0.0912,0.1814,inf,1.5,1.4396
43.75,10.0244,0.0671,-0.1776,0.0035,0.1857,0.0891,0.1768,inf,1.5,1.4396
43.783,10.0243,0.0663,-0.1735,0.0002,0.022,0.0869,0.0872,inf,1.5,1.4396
43.8,10.0243,0.0662,-0.173,-0.0008,0.0403,0.0871,0.0485,inf,1.5,1.4396
43.8,10.0243,0.0662,-0.173,-0.0008,0.0403,0.0878,0.0347,inf,1.5,1.4396
43.8,10.0243,0.0662,-0.173,-0.0008,0.0403,0.0872,0.0407,inf,1.5,1.4396
43.833,10.0242,0.0658,-0.1713,0.001,0.0581,0.088,0.041,inf,1.5,1.5
43.833,10.0242,0.0658,-0.1713,0.001,0.0581,0.0872,0.0561,inf,1.5,1.5
43.85,10.0242,0.0656,-0.1699,0.0022,0.0978,0.0872,0.0873,inf,1.5,1.5
43.867,10.0242,0.0654,-0.1687,-0.0004,0.0413,0.0857,0.0992,inf,1.5,1.5
43.867,10.0242,0.0654,-0.1687,-0.0004,0.0413,0.0852,0.0782,inf,1.5,1.5
43.867,10.0242,0.0654,-0.1687,-0.0004,0.0413,0.0827,0.0677,inf,1.5,1.5
43.9,10.0242,0.0649,-0.1669,0.0,0.0272,0.0844,0.0589,inf,1.5,1.5
43.9,10.0242,0.0649,-0.1669,0.0,0.0272,0.0856,0.0472,inf,1.5,1.5
43.917,10.0241,0.0647,-0.166,0.0006,0.0612,0.0888,0.058,inf,1.5,1.5
43.917,10.0241,0.0647,-0.166,0.0006,0.0612,0.088,0.0681,inf,1.5,1.5
43.917,10.0241,0.0647,-0.166,0.0006,0.0612,0.0889,0.0733,inf,1.5,1.5
43.95,10.0241,0.0641,-0.1627,0.002,0.1534,0.0886,0.1181,inf,1.5,1.5
43.967,10.0241,0.0638,-0.1608,0.0036,0.112,0.0893,0.1387,inf,1.5,1.5
43.967,10.0241,0.0638,-0.1608,0.0036,0.112,0.0903,0.1278,inf,1.5,1.5
43.967,10.0241,0.0638,-0.1608,0.0036,0.112,0.0908,0.1175,inf,1.5,1.5
44.0,10.024,0.0635,-0.1596,0.0005,0.009,0.0895,0.1108,inf,1.5,1.5
44.0,10.024,0.0635,-0.1596,0.0005,0.009,0.0912,0.0565,inf,1.5,1.5
44.017,10.024,0.0634,-0.1595,-0.0001,-0.0059,0.087,0.0263,inf,1.5,1.5
44.033,10.024,0.0633,-0.1593,0.0016,-0.0645,0.0841,-0.0197,inf,1.5,1.5
44.033,10.024,0.0633,-0.1593,0.0016,-0.0645,0.0857,-0.0354,inf,1.5,1.5
44.033,10.024,0.0633,-0.1593,0.0016,-0.0645,0.0881,-0.0407,inf,1.5,1.5
44.033,10.024,0.0633,-0.1593,0.0016,-0.0645,0.0861,-0.0375,inf,1.5,1.5
44.067,10.024,0.0633,-0.1596,0.0015,-0.085,0.0859,-0.0381,inf,1.5,1.5
44.067,10.024,0.0633,-0.1596,0.0015,-0.085,0.0871,-0.0465,inf,1.5,1.5
44.083,10.024,0.0633,-0.1598,-0.0002,-0.0298,0.0851,-0.028,inf,1.5,1.5
44.083,10.024,0.0633,-0.1598,-0.0002,-0.0298,0.0846,-0.0161,inf,1.5,1.5
44.083,10.024,0.0633,-0.1598,-0.0002,-0.0298,0.0844,-0.0091,inf,1.5,1.5
44.117,10.024,0.0633,-0.1605,0.0013,0.005,0.0836,0.0142,inf,1.5,1.5
44.133,10.024,0.0634,-0.1607,-0.0003,-0.0188,0.0849,0.019,inf,1.5,1.5
44.133,10.024,0.0634,-0.1607,-0.0003,-0.0188,0.0858,0.0146,inf,1.5,1.5
44.133,10.024,0.0634,-0.1607,-0.0003,-0.0188,0.0857,0.0087,inf,1.5,1.5
44.167,10.024,0.0634,-0.1611,-0.0005,-0.0251,0.0825,0.0055,inf,1.5,1.5
44.167,10.024,0.0634,-0.1611,-0.0005,-0.0251,0.085,0.0002,inf,1.5,1.5
44.183,10.024,0.0634,-0.1616,0.0001,-0.0506,0.0831,-0.0101,inf,1.5,1.5
44.2,10.024,0.0636,-0.1622,-0.0007,-0.0463,0.0822,-0.0222,inf,1.5,1.5
44.2,10.024,0.0636,-0.1622,-0.0007,-0.0463,0.0848,-0.0206,inf,1.5,1.5
44.2,10.024,0.0636,-0.1622,-0.0007,-0.0463,0.0817,-0.0232,inf,1.5,1.5
44.233,10.0241,0.064,-0.1636,-0.0005,-0.0505,0.0831,-0.025,inf,1.5,1.5
44.233,10.0241,0.064,-0.1636,-0.0005,-0.0505,0.0839,-0.0234,inf,1.5,1.5
44.25,10.0241,0.0642,-0.1641,-0.0003,-0.0425,0.0892,-0.0244,inf,1.5,1.5
44.25,10.0241,0.0642,-0.1641,-0.0003,-0.0425,0.0867,-0.0202,inf,1.5,1.5
44.25,10.0241,0.0642,-0.1641,-0.0003,-0.0425,0.0871,-0.0182,inf,1.5,1.5
44.283,10.0241,0.0644,-0.1647,-0.0014,-0.0208,0.0867,-0.0149,inf,1.5,1.5
44.3,10.0241,0.0643,-0.165,-0.0007,-0.0286,0.0841,-0.0095,inf,1.5,1.5
44.3,10.0241,0.0643,-0.165,-0.0007,-0.0286,0.0839,-0.0059,inf,1.5,1.5
44.3,10.0241,0.0643,-0.165,-0.0007,-0.0286,0.0818,-0.0076,inf,1.5,1.5
44.333,10.0241,0.0641,-0.1645,-0.0004,0.0167,0.0828,-0.0024,inf,1.5,1.5
44.333,10.0241,0.0641,-0.1645,-0.0004,0.0167,0.0818,0.0228,inf,1.5,1.5
44.35,10.024,0.0639,-0.1638,0.0003,0.0471,0.0827,0.0277,inf,1.5,1.5
44.367,10.024,0.0636,-0.1628,0.0016,0.0768,0.0827,0.0465,inf,1.5,1.5
44.367,10.024,0.0636,-0.1628,0.0016,0.0768,0.0863,0.0771,inf,1.5,1.5
44.367,10.024,0.0636,-0.1628,0.0016,0.0768,0.088,0.0822,inf,1.5,1.5
44.4,10.0239,0.0631,-0.1615,0.0021,-0.0107,0.0866,0.0883,inf,1.5,1.5
44.4,10.0239,0.0631,-0.1615,0.0021,-0.0107,0.0891,0.037,inf,1.5,1.5
44.417,10.0239,0.063,-0.1611,0.0002,0.0408,0.0883,0.0452,inf,1.5,1.5
44.417,10.0239,0.063,-0.1611,0.0002,0.0408,0.0896,0.0424,inf,1.5,1.5
44.417,10.0239,0.063,-0.1611,0.0002,0.0408,0.0905,0.0482,inf,1.5,1.5
44.45,10.0239,0.0626,-0.1595,0.0006,0.0712,0.0876,0.0515,inf,1.5,1.5
44.467,10.0239,0.0624,-0.1583,0.0016,0.0914,0.0882,0.068,inf,1.5,1.5
44.467,10.0239,0.0624,-0.1583,0.0016,0.0914,0.0864,0.0869,inf,1.5,1.5
44.467,10.0239,0.0624,-0.1583,0.0016,0.0914,0.0857,0.0933,inf,1.5,1.5
44.5,10.0238,0.0619,-0.1554,0.001,0.0334,0.0869,0.0983,inf,1.5,1.5
44.5,10.0238,0.0619,-0.1554,0.001,0.0334,0.0873,0.0678,inf,1.5,1.5
44.517,10.0238,0.0617,-0.155,0.0001,0.0115,0.0884,0.0514,inf,1.5,1.5
44.533,10.0238,0.0615,-0.1545,0.0001,0.0177,0.0836,0.0325,inf,1.5,1.5
44.533,10.0238,0.0615,-0.1545,0.0001,0.0177,0.0858,0.0276,inf,1.5,1.5
44.533,10.0238,0.0615,-0.1545,0.0001,0.0177,0.083,0.0253,inf,1.5,1.5
44.567,10.0237,0.0611,-0.1524,0.0,0.086,0.0852,0.029,inf,1.5,1.5
44.567,10.0237,0.0611,-0.1524,0.0,0.086,0.0861,0.0619,inf,1.5,1.5
44.583,10.0237,0.0608,-0.1504,0.0009,0.1483,0.0872,0.1144,inf,1.5,1.5
44.583,10.0237,0.0608,-0.1504,0.0009,0.1483,0.0846,0.1365,inf,1.5,1.5
44.583,10.0237,0.0608,-0.1504,0.0009,0.1483,0.0873,0.144,inf,1.5,1.5
44.617,10.0236,0.0601,-0.146,0.0013,0.183,0.0899,0.1578,inf,1.5,1.5
44.633,10.0236,0.0597,-0.1435,0.0014,0.1383,0.0899,0.1663,inf,1.5,1.5
44.633,10.0236,0.0597,-0.1435,0.0014,0.1383,0.0903,0.1482,inf,1.5,1.5
44.633,10.0236,0.0597,-0.1435,0.0014,0.1383,0.0896,0.1377,inf,1.5,1.5
44.667,10.0236,0.059,-0.1391,0.0009,0.1577,0.089,0.1304,inf,1.5,1.5
44.667,10.0236,0.059,-0.1391,0.0009,0.1577,0.087,0.1412,inf,1.5,1.5
44.683,10.0235,0.0587,-0.1371,0.0003,0.1005,0.0864,0.1458,inf,1.5,1.5
44.7,10.0235,0.0584,-0.1353,0.0008,0.1659,0.0869,0.1176,inf,1.5,1.5
44.7,10.0235,0.0584,-0.1353,0.0008,0.1659,0.0876,0.1393,inf,1.5,1.5
44.7,10.0235,0.0584,-0.1353,0.0008,0.1659,0.0876,0.1472,inf,1.5,1.5
44.733,10.0234,0.0577,-0.1321,0.0003,0.0964,0.0852,0.156,inf,1.5,1.5
44.733,10.0234,0.0577,-0.1321,0.0003,0.0964,0.0869,0.1205,inf,1.5,1.5
44.75,10.0234,0.0574,-0.1311,-0.0007,0.0398,0.0896,0.1014,inf,1.5,1.5
44.75,10.0234,0.0574,-0.1311,-0.0007,0.0398,0.0879,0.0579,inf,1.5,1.5
44.75,10.0234,0.0574,-0.1311,-0.0007,0.0398,0.0863,0.0486,inf,1.5,1.5
44.783,10.0233,0.057,-0.1298,0.0,0.0297,0.0848,0.0419,inf,1.5,1.5
44.8,10.0233,0.0568,-0.1293,0.0003,0.0253,0.0864,0.0371,inf,1.5,1.5
44.8,10.0233,0.0568,-0.1293,0.0003,0.0253,0.088,0.0344,inf,1.5,1.5
44.8,10.0233,0.0568,-0.1293,0.0003,0.0253,0.0864,0.0333,inf,1.5,1.5
44.833,10.0233,0.0568,-0.1293,-0.0008,0.0011,0.0872,0.0359,inf,1.5,1.5
44.833,10.0233,0.0568,-0.1293,-0.0008,0.0011,0.0855,0.0214,inf,1.5,1.5
44.85,10.0233,0.0567,-0.1292,-0.0003,-0.005,0.0849,0.011,inf,1.5,1.5
44.85,10.0233,0.0567,-0.1292,-0.0003,-0.005,0.086,0.0052,inf,1.5,1.5
44.867,10.0233,0.0567,-0.1293,0.0002,-0.0275,0.0862,-0.0083,inf,1.5,1.5
44.867,10.0233,0.0567,-0.1293,0.0002,-0.0275,0.0878,-0.0098,inf,1.5,1.5
44.9,10.0233,0.0567,-0.1298,-0.0,-0.0487,0.0861,-0.0108,inf,1.5,1.5
44.9,10.0233,0.0567,-0.1298,-0.0,-0.0487,0.084,-0.0228,inf,1.5,1.5
44.917,10.0233,0.057,-0.1307,0.0001,-0.0588,0.0859,-0.031,inf,1.5,1.5
44.917,10.0233,0.057,-0.1307,0.0001,-0.0588,0.0864,-0.0412,inf,1.5,1.5
44.917,10.0233,0.057,-0.1307,0.0001,-0.0588,0.0865,-0.0399,inf,1.5,1.5
44.95,10.0234,0.0573,-0.1323,0.0019,-0.047,0.0825,-0.0406,inf,1.5,1.5
44.95,10.0234,0.0573,-0.1323,0.0019,-0.047,0.0847,-0.0381,inf,1.5,1.5
44.967,10.0234,0.0575,-0.1332,-0.0003,-0.0571,0.0862,-0.0412,inf,1.5,1.5
44.967,10.0234,0.0575,-0.1332,-0.0003,-0.0571,0.0869,-0.0356,inf,1.5,1.5
45.0,10.0234,0.0579,-0.1347,0.0001,-0.0687,0.087,-0.0343,inf,1.5,1.5
45.0,10.0234,0.0579,-0.1347,0.0001,-0.0687,0.0844,-0.0288,inf,1.5,1.5
45.017,10.0235,0.058,-0.1353,-0.0002,-0.043,0.0805,-0.033,inf,1.5,1.5
45.033,10.0235,0.0581,-0.136,-0.0007,-0.0842,0.0826,-0.0216,inf,1.5,1.5
45.033,10.0235,0.0581,-0.136,-0.0007,-0.0842,0.0825,-0.0385,inf,1.5,1.5
45.033,10.0235,0.0581,-0.136,-0.0007,-0.0842,0.0842,-0.0471,inf,1.5,1.5
45.033,10.0235,0.0581,-0.136,-0.0007,-0.0842,0.0822,-0.0544,inf,1.5,1.5
45.067,10.0235,0.0584,-0.1378,0.0002,-0.0506,0.0862,-0.0369,inf,1.5,1.5
45.083,10.0235,0.0586,-0.1384,0.0006,-0.0505,0.0844,-0.0309,inf,1.5,1.5
45.083,10.0235,0.0586,-0.1384,0.0006,-0.0505,0.0836,-0.0237,inf,1.5,1.5
45.083,10.0235,0.0586,-0.1384,0.0006,-0.0505,0.0799,-0.0244,inf,1.5,1.5
45.117,10.0236,0.059,-0.1397,-0.0006,-0.0386,0.0817,-0.0226,inf,1.5,1.5
45.117,10.0236,0.059,-0.1397,-0.0006,-0.0386,0.0809,-0.0159,inf,1.5,1.5
45.133,10.0236,0.0591,-0.1404,-0.0004,-0.0405,0.0806,-0.0187,inf,1.5,1.5
45.133,10.0236,0.0591,-0.1404,-0.0004,-0.0405,0.0809,-0.0123,inf,1.5,1.5
45.133,10.0236,0.0591,-0.1404,-0.0004,-0.0405,0.0799,-0.0092,inf,1.5,1.5
45.167,10.0236,0.0591,-0.1413,-0.0001,-0.01,0.0818,0.0032,inf,1.5,1.5
45.183,10.0235,0.059,-0.1413,0.0007,-0.0288,0.0809,0.007,inf,1.5,1.5
45.183,10.0235,0.059,-0.1413,0.0007,-0.0288,0.0804,0.0009,inf,1.5,1.5
45.2,10.0235,0.059,-0.1413,0.0001,0.0006,0.0797,0.0123,inf,1.5,1.5
45.2,10.0235,0.059,-0.1413,0.0001,0.0006,0.0835,0.0174,inf,1.5,1.5
45.233,10.0235,0.059,-0.1416,-0.0006,-0.0761,0.0815,0.0181,inf,1.5,1.5
45.233,10.0235,0.059,-0.1416,-0.0006,-0.0761,0.0815,-0.0192,inf,1.5,1.5
45.25,10.0236,0.0593,-0.1426,0.0014,0.0357,0.0777,-0.0369,inf,1.5,1.5
45.25,10.0236,0.0593,-0.1426,0.0014,0.0357,0.0776,0.0123,inf,1.5,1.5
45.25,10.0236,0.0593,-0.1426,0.0014,0.0357,0.0794,0.0409,inf,1.5,1.5
45.283,10.0236,0.0594,-0.1431,-0.0006,-0.0107,0.083,0.053,inf,1.5,1.5
45.3,10.0236,0.0594,-0.1433,-0.0004,-0.0128,0.0852,0.0304,inf,1.5,1.5
45.3,10.0236,0.0594,-0.1433,-0.0004,-0.0128,0.0827,0.0204,inf,1.5,1.5
45.3,10.0236,0.0594,-0.1433,-0.0004,-0.0128,0.0812,0.0105,inf,1.5,1.5
45.333,10.0236,0.0593,-0.1437,0.0002,-0.0336,0.0836,0.0089,inf,1.5,1.5
45.333,10.0236,0.0593,-0.1437,0.0002,-0.0336,0.0869,-0.002,inf,1.5,1.5
45.35,10.0236,0.0593,-0.1441,0.0002,-0.0471,0.087,-0.0071,inf,1.5,1.5
45.35,10.0236,0.0593,-0.1441,0.0002,-0.0471,0.0825,-0.0181,inf,1.5,1.5
45.367,10.0236,0.0594,-0.1448,-0.0008,-0.0735,0.0811,-0.0329,inf,1.5,1.5
45.367,10.0236,0.0594,-0.1448,-0.0008,-0.0735,0.0801,-0.0389,inf,1.5,1.5
45.4,10.0236,0.0596,-0.1457,0.0003,-0.0157,0.0802,-0.0389,inf,1.5,1.5
45.4,10.0236,0.0596,-0.1457,0.0003,-0.0157,0.0818,-0.0044,inf,1.5,1.5
45.417,10.0236,0.0597,-0.1459,-0.0,-0.0153,0.0833,0.0045,inf,1.5,1.5
45.417,10.0236,0.0597,-0.1459,-0.0,-0.0153,0.0837,0.0124,inf,1.5,1.5
45.417,10.0236,0.0597,-0.1459,-0.0,-0.0153,0.0825,0.0121,inf,1.5,1.5
45.45,10.0236,0.0595,-0.1458,-0.0001,0.0332,0.0808,0.0084,inf,1.5,1.5
45.45,10.0236,0.0595,-0.1458,-0.0001,0.0332,0.0816,0.0367,inf,1.5,1.5
45.467,10.0236,0.0593,-0.145,0.0001,0.0626,0.0814,0.0599,inf,1.5,1.5
45.467,10.0236,0.0593,-0.145,0.0001,0.0626,0.0831,0.0741,inf,1.5,1.5
45.467,10.0236,0.0593,-0.145,0.0001,0.0626,0.0846,0.0789,inf,1.5,1.5
45.5,10.0235,0.0589,-0.1441,-0.0002,-0.0427,0.0862,0.0236,inf,1.5,1.5
45.517,10.0235,0.0589,-0.144,-0.0001,0.0196,0.083,-0.0015,inf,1.5,1.5
45.517,10.0235,0.0589,-0.144,-0.0001,0.0196,0.0862,0.0159,inf,1.5,1.5
45.533,10.0235,0.0588,-0.1436,0.0006,0.0588,0.0856,0.0495,inf,1.5,1.5
45.533,10.0235,0.0588,-0.1436,0.0006,0.0588,0.0864,0.0684,inf,1.5,1.5
45.533,10.0235,0.0588,-0.1436,0.0006,0.0588,0.0877,0.0711,inf,1.5,1.5
45.567,10.0235,0.0585,-0.142,0.0004,0.0287,0.0882,0.0604,inf,1.5,1.5
45.583,10.0234,0.0583,-0.1415,0.0003,0.0708,0.0863,0.0523,inf,1.5,1.5
45.583,10.0234,0.0583,-0.1415,0.0003,0.0708,0.0882,0.0693,inf,1.5,1.5
45.583,10.0234,0.0583,-0.1415,0.0003,0.0708,0.0881,0.0815,inf,1.5,1.5
45.617,10.0234,0.058,-0.14,0.0003,-0.0104,0.085,0.0883,inf,1.5,1.5
45.633,10.0234,0.0579,-0.1401,-0.0004,-0.024,0.0855,0.0459,inf,1.5,1.5
45.633,10.0234,0.0579,-0.1401,-0.0004,-0.024,0.0846,0.02,inf,1.5,1.5
45.633,10.0234,0.0579,-0.1401,-0.0004,-0.024,0.0832,-0.0024,inf,1.5,1.5
45.667,10.0234,0.058,-0.1407,-0.0001,-0.021,0.0864,-0.0048,inf,1.5,1.5
45.667,10.0234,0.058,-0.1407,-0.0001,-0.021,0.0843,-0.0018,inf,1.5,1.5
45.683,10.0234,0.0581,-0.1411,0.0002,0.0153,0.0873,0.0033,inf,1.5,1.5
45.7,10.0234,0.0582,-0.1415,-0.0001,-0.0283,0.0872,0.0218,inf,1.5,1.5
45.7,10.0234,0.0582,-0.1415,-0.0001,-0.0283,0.0889,0.008,inf,1.5,1.5
45.7,10.0234,0.0582,-0.1415,-0.0001,-0.0283,0.0865,0.0064,inf,1.5,1.5
45.733,10.0234,0.0582,-0.1421,0.0014,-0.0507,0.0834,-0.0028,inf,1.5,1.5
45.733,10.0234,0.0582,-0.1421,0.0014,-0.0507,0.0866,-0.0182,inf,1.5,1.5
45.75,10.0234,0.0582,-0.1421,0.0001,-0.0261,0.084,-0.0243,inf,1.5,1.5
45.75,10.0234,0.0582,-0.1421,0.0001,-0.0261,0.0844,-0.0109,inf,1.5,1.5
45.75,10.0234,0.0582,-0.1421,0.0001,-0.0261,0.0835,-0.0079,inf,1.5,1.5
45.783,10.0234,0.0582,-0.1428,-0.0004,-0.0443,0.084,-0.0111,inf,1.5,1.5
45.8,10.0234,0.0582,-0.1429,-0.0001,-0.0279,0.0851,-0.0127,inf,1.5,1.5
45.8,10.0234,0.0582,-0.1429,-0.0001,-0.0279,0.0838,-0.0077,inf,1.5,1.5
45.8,10.0234,0.0582,-0.1429,-0.0001,-0.0279,0.0858,-0.0031,inf,1.5,1.5
45.833,10.0234,0.0583,-0.1441,0.0001,-0.0686,0.0858,-0.0031,inf,1.5,1.5
45.833,10.0234,0.0583,-0.1441,0.0001,-0.0686,0.0825,-0.0209,inf,1.5,1.5
45.85,10.0234,0.0585,-0.1448,-0.0096,-0.0192,0.0818,-0.0303,inf,1.5,1.5
45.85,10.0234,0.0585,-0.1448,-0.0096,-0.0192,0.078,-0.0147,inf,1.5,1.5
45.867,10.0235,0.0587,-0.1458,-0.0003,-0.0504,0.0816,-0.0219,inf,1.5,1.5
45.867,10.0235,0.0587,-0.1458,-0.0003,-0.0504,0.0772,-0.0222,inf,1.5,1.5
45.9,10.0235,0.0591,-0.1472,-0.0012,-0.0362,0.0815,-0.0193,inf,1.5,1.5
45.9,10.0235,0.0591,-0.1472,-0.0012,-0.0362,0.0817,-0.0119,inf,1.5,1.5
45.917,10.0235,0.0592,-0.1474,-0.0004,-0.0181,0.0785,-0.0081,inf,1.5,1.5
45.917,10.0235,0.0592,-0.1474,-0.0004,-0.0181,0.0791,0.0007,inf,1.5,1.5
45.917,10.0235,0.0592,-0.1474,-0.0004,-0.0181,0.0814,0.007,inf,1.5,1.5
45.95,10.0235,0.0592,-0.1483,-0.0003,-0.0362,0.0835,-0.0006,inf,1.5,1.5
45.967,10.0235,0.0592,-0.1483,-0.0008,-0.0263,0.0863,-0.005,inf,1.5,1.5
45.967,10.0235,0.0592,-0.1483,-0.0008,-0.0263,0.0806,-0.0054,inf,1.5,1.5
45.967,10.0235,0.0592,-0.1483,-0.0008,-0.0263,0.0846,-0.0055,inf,1.5,1.5
46.0,10.0235,0.0591,-0.1487,0.0001,-0.026,0.0827,0.0,inf,1.5,1.5
46.0,10.0235,0.0591,-0.1487,0.0001,-0.026,0.0816,0.0004,inf,1.5,1.5
46.017,10.0235,0.0591,-0.1492,-0.0004,-0.0379,0.0827,-0.0008,inf,1.5,1.5
46.033,10.0235,0.0591,-0.1493,-0.0009,-0.0512,0.0827,-0.0008,inf,1.5,1.5
46.033,10.0235,0.0591,-0.1493,-0.0009,-0.0512,0.0807,-0.0179,inf,1.5,1.5
46.033,10.0235,0.0591,-0.1493,-0.0009,-0.0512,0.0797,-0.0217,inf,1.5,1.5
46.033,10.0235,0.0591,-0.1493,-0.0009,-0.0512,0.0787,-0.0238,inf,1.5,1.5
46.067,10.0235,0.0591,-0.15,-0.0003,-0.0346,0.0812,-0.0141,inf,1.5,1.5
46.083,10.0235,0.0591,-0.1503,-0.0001,-0.0252,0.083,-0.0085,inf,1.5,1.5
46.083,10.0235,0.0591,-0.1503,-0.0001,-0.0252,0.0821,0.0005,inf,1.5,1.5
46.083,10.0235,0.0591,-0.1503,-0.0001,-0.0252,0.0821,0.0025,inf,1.5,1.5
46.117,10.0234,0.059,-0.1507,-0.0005,-0.049,0.0801,0.0031,inf,1.5,1.5
46.117,10.0234,0.059,-0.1507,-0.0005,-0.049,0.0818,-0.0121,inf,1.5,1.5
46.133,10.0235,0.0592,-0.151,-0.0001,-0.0268,0.0839,-0.0065,inf,1.5,1.5
46.133,10.0235,0.0592,-0.151,-0.0001,-0.0268,0.0871,-0.0028,inf,1.5,1.5
46.133,10.0235,0.0592,-0.151,-0.0001,-0.0268,0.0827,0.001,inf,1.5,1.5
46.167,10.0234,0.0591,-0.1516,0.0008,-0.0378,0.0861,-0.0026,inf,1.5,1.5
46.183,10.0234,0.0591,-0.1515,0.0004,0.0041,0.0865,-0.0056,inf,1.5,1.5
46.183,10.0234,0.0591,-0.1515,0.0004,0.0041,0.0858,0.0149,inf,1.5,1.5
46.2,10.0234,0.059,-0.1515,-0.0002,-0.0107,0.0871,0.0148,inf,1.5,1.5
46.2,10.0234,0.059,-0.1515,-0.0002,-0.0107,0.0828,0.0198,inf,1.5,1.5
46.2,10.0234,0.059,-0.1515,-0.0002,-0.0107,0.0842,0.0138,inf,1.5,1.5
46.233,10.0234,0.0588,-0.1514,0.0001,-0.0288,0.0839,0.0013,inf,1.5,1.5
46.25,10.0234,0.0587,-0.1513,0.0001,0.0136,0.0854,-0.0044,inf,1.5,1.5
46.25,10.0234,0.0587,-0.1513,0.0001,0.0136,0.085,0.012,inf,1.5,1.5
46.25,10.0234,0.0587,-0.1513,0.0001,0.0136,0.0846,0.0229,inf,1.5,1.5
46.283,10.0234,0.0584,-0.1506,0.0005,0.0159,0.0833,0.0282,inf,1.5,1.5
46.283,10.0234,0.0584,-0.1506,0.0005,0.0159,0.0848,0.0318,inf,1.5,1.5
46.3,10.0233,0.0582,-0.1499,0.0003,0.0618,0.0844,0.0559,inf,1.5,1.5
46.3,10.0233,0.0582,-0.1499,0.0003,0.0618,0.0849,0.0657,inf,1.5,1.5
46.3,10.0233,0.0582,-0.1499,0.0003,0.0618,0.0841,0.0704,inf,1.5,1.5
46.333,10.0233,0.0576,-0.1476,0.001,0.0946,0.0843,0.0887,inf,1.5,1.5
46.35,10.0233,0.0573,-0.1457,0.0021,0.1345,0.0892,0.0957,inf,1.5,1.5
46.35,10.0233,0.0573,-0.1457,0.0021,0.1345,0.0885,0.1246,inf,1.5,1.5
46.367,10.0232,0.057,-0.1435,0.0009,0.1485,0.0874,0.139,inf,1.5,1.5
46.367,10.0232,0.057,-0.1435,0.0009,0.1485,0.0859,0.1442,inf,1.5,1.5
46.367,10.0232,0.057,-0.1435,0.0009,0.1485,0.0849,0.1457,inf,1.5,1.5
46.4,10.0232,0.0564,-0.1415,-0.001,0.0191,0.0868,0.0867,inf,1.5,1.5
46.417,10.0232,0.0563,-0.1412,0.0006,0.0509,0.0844,0.0558,inf,1.5,1.5
46.417,10.0232,0.0563,-0.1412,0.0006,0.0509,0.0827,0.0517,inf,1.5,1.5
46.417,10.0232,0.0563,-0.1412,0.0006,0.0509,0.0826,0.0614,inf,1.5,1.5
46.45,10.0231,0.0559,-0.1387,0.0011,0.0626,0.0866,0.0662,inf,1.5,1.5
46.45,10.0231,0.0559,-0.1387,0.0011,0.0626,0.0882,0.0732,inf,1.5,1.5
46.467,10.0231,0.0559,-0.1386,-0.0008,0.0145,0.0869,0.05,inf,1.5,1.5
46.467,10.0231,0.0559,-0.1386,-0.0008,0.0145,0.0885,0.0394,inf,1.5,1.5
46.467,10.0231,0.0559,-0.1386,-0.0008,0.0145,0.0869,0.0287,inf,1.5,1.5
46.5,10.0231,0.0559,-0.1391,-0.0002,-0.0282,0.084,0.0063,inf,1.5,1.5
46.517,10.0231,0.0559,-0.1392,-0.0005,-0.0395,0.0836,-0.0014,inf,1.5,1.5
46.517,10.0231,0.0559,-0.1392,-0.0005,-0.0395,0.0828,-0.0073,inf,1.5,1.5
46.533,10.0231,0.0559,-0.1396,-0.0004,-0.0446,0.0836,-0.0155,inf,1.5,1.5
46.533,10.0231,0.0559,-0.1396,-0.0004,-0.0446,0.0832,-0.0164,inf,1.5,1.5
46.533,10.0231,0.0559,-0.1396,-0.0004,-0.0446,0.0826,-0.0168,inf,1.5,1.5
46.567,10.0231,0.056,-0.1408,-0.0003,-0.0529,0.0815,-0.0225,inf,1.5,1.5
46.583,10.0231,0.0561,-0.141,-0.005,-0.07,0.0833,-0.0266,inf,1.5,1.5
46.583,10.0231,0.0561,-0.141,-0.005,-0.07,0.0814,-0.0375,inf,1.5,1.5
46.583,10.0231,0.0561,-0.141,-0.005,-0.07,0.0788,-0.0444,inf,1.5,1.5
46.617,10.0231,0.0561,-0.1415,0.001,-0.0003,0.0783,-0.0407,inf,1.5,1.5
46.633,10.0231,0.056,-0.1415,-0.0001,-0.0046,0.0814,-0.0015,inf,1.5,1.5
46.633,10.0231,0.056,-0.1415,-0.0001,-0.0046,0.0825,0.0102,inf,1.5,1.5
46.633,10.0231,0.056,-0.1415,-0.0001,-0.0046,0.0847,0.0199,inf,1.5,1.5
46.667,10.0231,0.0559,-0.1413,0.0005,0.0061,0.085,0.0247,inf,1.5,1.5
46.667,10.0231,0.0559,-0.1413,0.0005,0.0061,0.085,0.0285,inf,1.5,1.5
46.683,10.0231,0.0558,-0.1412,-0.0001,0.0025,0.0836,0.0264,inf,1.5,1.5
46.683,10.0231,0.0558,-0.1412,-0.0001,0.0025,0.082,0.0284,inf,1.5,1.5
46.7,10.0231,0.0556,-0.1409,0.0011,0.0219,0.0814,0.037,inf,1.5,1.5
46.7,10.0231,0.0556,-0.1409,0.0011,0.0219,0.0839,0.0405,inf,1.5,1.5
46.733,10.023,0.0554,-0.1398,-0.0002,0.0239,0.0858,0.038,inf,1.5,1.5
46.733,10.023,0.0554,-0.1398,-0.0002,0.0239,0.0854,0.0407,inf,1.5,1.5
46.75,10.023,0.0553,-0.1393,0.0012,0.0297,0.0813,0.0411,inf,1.5,1.5
46.75,10.023,0.0553,-0.1393,0.0012,0.0297,0.084,0.0468,inf,1.5,1.5
46.75,10.023,0.0553,-0.1393,0.0012,0.0297,0.0835,0.0425,inf,1.5,1.5
46.783,10.023,0.0548,-0.1363,0.0019,0.1668,0.0858,0.0448,inf,1.5,1.5
46.8,10.023,0.0545,-0.1341,0.0009,0.1145,0.0851,0.1127,inf,1.5,1.5
46.8,10.023,0.0545,-0.1341,0.0009,0.1145,0.0856,0.1206,inf,1.5,1.5
46.8,10.023,0.0545,-0.1341,0.0009,0.1145,0.0876,0.1238,inf,1.5,1.5
46.833,10.023,0.0542,-0.1327,-0.0006,-0.001,0.0845,0.1109,inf,1.5,1.5
46.833,10.023,0.0542,-0.1327,-0.0006,-0.001,0.086,0.0473,inf,1.5,1.5
46.85,10.023,0.0542,-0.1329,-0.0004,-0.0382,0.0851,0.0164,inf,1.5,1.5
46.85,10.023,0.0542,-0.1329,-0.0004,-0.0382,0.0864,-0.0162,inf,1.5,1.5
46.867,10.023,0.0542,-0.1329,-0.0003,-0.0,0.0883,-0.0074,inf,1.5,1.5
46.867,10.023,0.0542,-0.1329,-0.0003,-0.0,0.0878,0.0034,inf,1.5,1.5
46.9,10.0229,0.054,-0.133,-0.0018,0.017,0.0905,0.0057,inf,1.5,1.5
46.9,10.0229,0.054,-0.133,-0.0018,0.017,0.0887,0.0214,inf,1.5,1.5
46.917,10.0229,0.0539,-0.1324,0.0002,-0.0084,0.0862,0.0241,inf,1.5,1.5
46.917,10.0229,0.0539,-0.1324,0.0002,-0.0084,0.0829,0.0132,inf,1.5,1.5
46.917,10.0229,0.0539,-0.1324,0.0002,-0.0084,0.0825,0.0086,inf,1.5,1.5
46.95,10.0228,0.0531,-0.1296,-0.0016,0.1115,0.0832,0.0067,inf,1.5,1.5
46.967,10.0228,0.0527,-0.1272,0.0009,0.1533,0.0835,0.063,inf,1.5,1.5
46.967,10.0228,0.0527,-0.1272,0.0009,0.1533,0.0868,0.1142,inf,1.5,1.5
46.967,10.0228,0.0527,-0.1272,0.0009,0.1533,0.0865,0.1332,inf,1.5,1.5
47.0,10.0228,0.052,-0.1222,0.0012,0.1276,0.0867,0.142,inf,1.5,1.5
47.0,10.0228,0.052,-0.1222,0.0012,0.1276,0.0872,0.1311,inf,1.5,1.5
47.017,10.0227,0.0517,-0.1209,0.0002,0.0611,0.0855,0.1215,inf,1.5,1.5
47.033,10.0227,0.0516,-0.1202,0.0005,0.0386,0.0855,0.1215,inf,1.5,1.5
47.033,10.0227,0.0516,-0.1202,0.0005,0.0386,0.0856,0.0569,inf,1.5,1.5
47.033,10.0227,0.0516,-0.1202,0.0005,0.0386,0.0824,0.0455,inf,1.5,1.5
47.067,10.0227,0.0513,-0.1192,-0.0,0.038,0.0841,0.039,inf,1.5,1.5
47.067,10.0227,0.0513,-0.1192,-0.0,0.038,0.0842,0.0402,inf,1.5,1.5
47.083,10.0227,0.0512,-0.118,-0.0004,0.0954,0.0859,0.0437,inf,1.5,1.5
47.083,10.0227,0.0512,-0.118,-0.0004,0.0954,0.087,0.0767,inf,1.5,1.5
47.083,10.0227,0.0512,-0.118,-0.0004,0.0954,0.0859,0.0871,inf,1.5,1.5
47.117,10.0226,0.0506,-0.1159,-0.0001,0.0265,0.0864,0.0551,inf,1.5,1.5
47.117,10.0226,0.0506,-0.1159,-0.0001,0.0265,0.088,0.0406,inf,1.5,1.5
47.133,10.0226,0.0505,-0.1145,0.0006,0.1218,0.0859,0.0802,inf,1.5,1.5
47.133,10.0226,0.0505,-0.1145,0.0006,0.1218,0.0867,0.0977,inf,1.5,1.5
47.133,10.0226,0.0505,-0.1145,0.0006,0.1218,0.0881,0.112,inf,1.5,1.5
47.167,10.0226,0.0499,-0.1112,0.0006,0.1549,0.0867,0.1324,inf,1.5,1.5
47.183,10.0226,0.0497,-0.1096,0.0001,0.0811,0.0887,0.1404,inf,1.5,1.5
47.183,10.0226,0.0497,-0.1096,0.0001,0.0811,0.087,0.1093,inf,1.5,1.5
47.2,10.0225,0.0496,-0.1089,0.0004,0.0223,0.0891,0.0607,inf,1.5,1.5
47.2,10.0225,0.0496,-0.1089,0.0004,0.0223,0.0895,0.0356,inf,1.5,1.5
47.233,10.0225,0.0494,-0.1083,0.0001,-0.0015,0.0859,0.0291,inf,1.5,1.5
47.233,10.0225,0.0494,-0.1083,0.0001,-0.0015,0.0848,0.0138,inf,1.5,1.5
47.25,10.0225,0.0493,-0.1083,-0.0003,0.0027,0.084,0.0078,inf,1.5,1.5
47.25,10.0225,0.0493,-0.1083,-0.0003,0.0027,0.0857,0.0076,inf,1.5,1.5
47.25,10.0225,0.0493,-0.1083,-0.0003,0.0027,0.0839,0.0116,inf,1.5,1.5
47.283,10.0225,0.0492,-0.1083,-0.0005,-0.0289,0.0861,0.0095,inf,1.5,1.5
47.283,10.0225,0.0492,-0.1083,-0.0005,-0.0289,0.0882,-0.0054,inf,1.5,1.5
47.3,10.0225,0.0493,-0.1086,-0.0004,-0.0345,0.0887,-0.016,inf,1.5,1.5
47.3,10.0225,0.0493,-0.1086,-0.0004,-0.0345,0.0882,-0.0178,inf,1.5,1.5
47.333,10.0225,0.0494,-0.1094,0.0008,0.0054,0.086,-0.018,inf,1.5,1.5
47.333,10.0225,0.0494,-0.1094,0.0008,0.0054,0.0869,0.0004,inf,1.5,1.5
47.35,10.0225,0.0495,-0.1096,0.0003,-0.0128,0.0852,0.0056,inf,1.5,1.5
47.367,10.0225,0.0495,-0.1096,-0.0005,0.0038,0.0853,0.002,inf,1.5,1.5
47.367,10.0225,0.0495,-0.1096,-0.0005,0.0038,0.0831,0.0088,inf,1.5,1.5
47.367,10.0225,0.0495,-0.1096,-0.0005,0.0038,0.0843,0.0098,inf,1.5,1.5
47.4,10.0225,0.0492,-0.1089,0.0005,-0.0262,0.0859,0.0118,inf,1.5,1.5
47.4,10.0225,0.0492,-0.1089,0.0005,-0.0262,0.0853,-0.0049,inf,1.5,1.5
47.417,10.0225,0.0492,-0.1088,-0.0,0.0185,0.0874,-0.0111,inf,1.5,1.5
47.417,10.0225,0.0492,-0.1088,-0.0,0.0185,0.0895,0.0101,inf,1.5,1.5
47.417,10.0225,0.0492,-0.1088,-0.0,0.0185,0.088,0.0184,inf,1.5,1.5
47.45,10.0225,0.0489,-0.1077,-0.0005,0.0539,0.0849,0.0211,inf,1.5,1.5
47.467,10.0225,0.0487,-0.107,0.0,-0.027,0.0859,0.0417,inf,1.5,1.5
47.467,10.0225,0.0487,-0.107,0.0,-0.027,0.086,0.0067,inf,1.5,1.5
47.467,10.0225,0.0487,-0.107,0.0,-0.027,0.0867,-0.0047,inf,1.5,1.5
47.5,10.0225,0.0486,-0.1068,0.0004,-0.0178,0.0857,-0.0142,inf,1.5,1.5
47.5,10.0225,0.0486,-0.1068,0.0004,-0.0178,0.0852,-0.0114,inf,1.5,1.5
47.517,10.0225,0.0486,-0.1068,0.0005,-0.0071,0.085,-0.0103,inf,1.5,1.5
47.517,10.0225,0.0486,-0.1068,0.0005,-0.0071,0.0869,-0.0047,inf,1.5,1.5
47.533,10.0224,0.0486,-0.1068,-0.0001,0.006,0.0833,0.0085,inf,1.5,1.5
47.533,10.0224,0.0486,-0.1068,-0.0001,0.006,0.0818,0.0161,inf,1.5,1.5
47.533,10.0224,0.0486,-0.1068,-0.0001,0.006,0.084,0.0138,inf,1.5,1.5
47.567,10.0224,0.0485,-0.1069,0.0006,-0.0088,0.0856,0.0075,inf,1.5,1.5
47.583,10.0224,0.0485,-0.1068,-0.0004,0.0038,0.0886,0.0003,inf,1.5,1.5
47.583,10.0224,0.0485,-0.1068,-0.0004,0.0038,0.0877,0.0057,inf,1.5,1.5
47.583,10.0224,0.0485,-0.1068,-0.0004,0.0038,0.0893,0.0101,inf,1.5,1.5
47.617,10.0224,0.0483,-0.1066,0.0003,0.008,0.0897,0.0115,inf,1.5,1.5
47.633,10.0224,0.0482,-0.1062,0.0007,0.0487,0.0919,0.0184,inf,1.5,1.5
47.633,10.0224,0.0482,-0.1062,0.0007,0.0487,0.0903,0.0376,inf,1.5,1.5
47.633,10.0224,0.0482,-0.1062,0.0007,0.0487,0.091,0.0484,inf,1.5,1.5
47.633,10.0224,0.0482,-0.1062,0.0007,0.0487,0.0872,0.0483,inf,1.5,1.5
47.667,10.0224,0.0479,-0.1052,0.0001,0.1405,0.0865,0.095,inf,1.5,1.5
47.683,10.0223,0.0478,-0.1039,0.0002,0.1574,0.0877,0.1104,inf,1.5,1.5
47.683,10.0223,0.0478,-0.1039,0.0002,0.1574,0.0881,0.1298,inf,1.5,1.5
47.7,10.0223,0.0476,-0.103,0.0011,0.0134,0.0884,0.0687,inf,1.5,1.5
47.7,10.0223,0.0476,-0.103,0.0011,0.0134,0.0907,0.0357,inf,1.5,1.5
47.7,10.0223,0.0476,-0.103,0.0011,0.0134,0.0918,0.0195,inf,1.5,1.5
47.733,10.0224,0.0477,-0.1038,-0.0002,-0.0441,0.0916,-0.0072,inf,1.5,1.5
47.75,10.0224,0.048,-0.1045,-0.0002,-0.0381,0.09,-0.0191,inf,1.5,1.5
47.75,10.0224,0.048,-0.1045,-0.0002,-0.0381,0.086,-0.0199,inf,1.5,1.5
47.75,10.0224,0.048,-0.1045,-0.0002,-0.0381,0.0876,-0.0191,inf,1.5,1.5
47.783,10.0224,0.0482,-0.1057,-0.0017,-0.0131,0.0852,-0.0207,inf,1.5,1.5
47.8,10.0224,0.0482,-0.1062,-0.0005,-0.0364,0.0865,-0.0077,inf,1.5,1.5
47.8,10.0224,0.0482,-0.1062,-0.0005,-0.0364,0.0866,-0.0214,inf,1.5,1.5
47.8,10.0224,0.0482,-0.1062,-0.0005,-0.0364,0.0849,-0.0243,inf,1.5,1.5
47.833,10.0224,0.0483,-0.1071,0.0016,-0.0358,0.0849,-0.0237,inf,1.5,1.5
47.833,10.0224,0.0483,-0.1071,0.0016,-0.0358,0.0824,-0.0206,inf,1.5,1.5
47.85,10.0224,0.0484,-0.1078,0.0005,-0.0518,0.0867,-0.0198,inf,1.5,1.5
47.85,10.0224,0.0484,-0.1078,0.0005,-0.0518,0.0869,-0.027,inf,1.5,1.5
47.867,10.0224,0.0485,-0.1083,0.0001,-0.0063,0.0887,-0.0061,inf,1.5,1.5
47.867,10.0224,0.0485,-0.1083,0.0001,-0.0063,0.0895,0.0018,inf,1.5,1.5
47.867,10.0224,0.0485,-0.1083,0.0001,-0.0063,0.0875,0.0077,inf,1.5,1.5
47.9,10.0224,0.0485,-0.1087,-0.0016,-0.0491,0.0852,-0.0144,inf,1.5,1.5
47.917,10.0224,0.0485,-0.1088,0.0001,-0.0172,0.0848,-0.0234,inf,1.5,1.5
47.917,10.0224,0.0485,-0.1088,0.0001,-0.0172,0.0845,-0.0144,inf,1.5,1.5
47.917,10.0224,0.0485,-0.1088,0.0001,-0.0172,0.0815,-0.0101,inf,1.5,1.5
47.95,10.0224,0.0485,-0.1092,0.0,0.0014,0.0843,-0.0058,inf,1.5,1.5
47.967,10.0224,0.0484,-0.1091,0.0,-0.0006,0.0865,0.0093,inf,1.5,1.5
47.967,10.0224,0.0484,-0.1091,0.0,-0.0006,0.0871,0.0102,inf,1.5,1.5
47.967,10.0224,0.0484,-0.1091,0.0,-0.0006,0.0857,0.0065,inf,1.5,1.5
48.0,10.0224,0.0482,-0.1087,0.0,0.0281,0.0869,0.0042,inf,1.5,1.5
48.0,10.0224,0.0482,-0.1087,0.0,0.0281,0.087,0.0159,inf,1.5,1.5
48.0,10.0224,0.0482,-0.1087,0.0,0.0281,0.0894,0.0287,inf,1.5,1.5
48.017,10.0224,0.0481,-0.1085,0.0004,-0.0106,0.0878,0.0318,inf,1.5,1.5
48.017,10.0224,0.0481,-0.1085,0.0004,-0.0106,0.0862,0.0102,inf,1.5,1.5
48.033,10.0224,0.048,-0.1082,0.0007,0.0003,0.0875,0.0074,inf,1.5,1.5
48.033,10.0224,0.048,-0.1082,0.0007,0.0003,0.0877,0.0071,inf,1.5,1.5
48.033,10.0224,0.048,-0.1082,0.0007,0.0003,0.0864,0.0104,inf,1.5,1.5
48.067,10.0224,0.0478,-0.1074,-0.0003,0.0472,0.0857,0.0337,inf,1.5,1.5
48.083,10.0223,0.0476,-0.1071,0.0001,0.0001,0.0842,0.0412,inf,1.5,1.5
48.083,10.0223,0.0476,-0.1071,0.0001,0.0001,0.0837,0.0203,inf,1.5,1.5
48.083,10.0223,0.0476,-0.1071,0.0001,0.0001,0.0836,0.0158,inf,1.5,1.5
48.117,10.0223,0.0475,-0.1069,0.0007,-0.0186,0.0839,0.007,inf,1.5,1.5
48.117,10.0223,0.0475,-0.1069,0.0007,-0.0186,0.0838,-0.003,inf,1.5,1.5
48.133,10.0223,0.0475,-0.1067,-0.0001,0.0183,0.0835,0.0101,inf,1.5,1.5
48.133,10.0223,0.0475,-0.1067,-0.0001,0.0183,0.089,0.0185,inf,1.5,1.5
48.133,10.0223,0.0475,-0.1067,-0.0001,0.0183,0.0887,0.03,inf,1.5,1.5
48.167,10.0223,0.0472,-0.1061,-0.0,0.0051,0.0888,0.0171,inf,1.5,1.5
48.183,10.0222,0.0471,-0.1055,-0.0023,0.0422,0.0869,0.0194,inf,1.5,1.5
48.183,10.0222,0.0471,-0.1055,-0.0023,0.0422,0.0853,0.0336,inf,1.5,1.5
48.2,10.0223,0.0469,-0.1046,0.0005,0.0009,0.0849,0.0243,inf,1.5,1.5
48.2,10.0223,0.0469,-0.1046,0.0005,0.0009,0.0845,0.0166,inf,1.5,1.5
48.2,10.0223,0.0469,-0.1046,0.0005,0.0009,0.0864,0.012,inf,1.5,1.5
48.233,10.0222,0.0464,-0.102,0.0006,0.0956,0.0901,0.0556,inf,1.5,1.5
48.25,10.0222,0.0463,-0.1011,0.0005,0.0158,0.0885,0.0821,inf,1.5,1.5
48.25,10.0222,0.0463,-0.1011,0.0005,0.0158,0.088,0.0581,inf,1.5,1.5
48.25,10.0222,0.0463,-0.1011,0.0005,0.0158,0.0865,0.0408,inf,1.5,1.5
48.283,10.0222,0.0463,-0.1019,0.0001,-0.0189,0.0874,0.0289,inf,1.5,1.5
48.283,10.0222,0.0463,-0.1019,0.0001,-0.0189,0.0909,0.0051,inf,1.5,1.5
48.3,10.0222,0.0463,-0.102,0.0003,-0.0069,0.0904,0.0018,inf,1.5,1.5
48.3,10.0222,0.0463,-0.102,0.0003,-0.0069,0.0905,-0.0002,inf,1.5,1.5
48.3,10.0222,0.0463,-0.102,0.0003,-0.0069,0.0866,0.0008,inf,1.5,1.5
48.333,10.0222,0.0462,-0.1022,0.0008,0.0056,0.0893,0.0097,inf,1.5,1.5
48.35,10.0222,0.0462,-0.1024,0.0001,-0.02,0.0829,0.0124,inf,1.5,1.5
48.35,10.0222,0.0462,-0.1024,0.0001,-0.02,0.0816,-0.0004,inf,1.5,1.5
48.367,10.0222,0.0462,-0.1024,-0.0001,-0.032,0.0844,-0.0104,inf,1.5,1.5
48.367,10.0222,0.0462,-0.1024,-0.0001,-0.032,0.0845,-0.0161,inf,1.5,1.5
48.367,10.0222,0.0462,-0.1024,-0.0001,-0.032,0.0864,-0.0158,inf,1.5,1.5
48.4,10.0222,0.0462,-0.1029,0.0002,-0.029,0.0874,-0.0106,inf,1.5,1.5
48.417,10.0222,0.0462,-0.1034,0.0003,-0.0253,0.0905,-0.0132,inf,1.5,1.5
48.417,10.0222,0.0462,-0.1034,0.0003,-0.0253,0.0872,-0.0086,inf,1.5,1.5
48.417,10.0222,0.0462,-0.1034,0.0003,-0.0253,0.0855,-0.009,inf,1.5,1.5
48.45,10.0222,0.0463,-0.1039,-0.0005,-0.0071,0.0848,-0.0127,inf,1.5,1.5
48.45,10.0222,0.0463,-0.1039,-0.0005,-0.0071,0.0852,0.0031,inf,1.5,1.5
48.467,10.0222,0.0462,-0.1036,-0.0014,0.0193,0.0873,0.016,inf,1.5,1.5
48.467,10.0222,0.0462,-0.1036,-0.0014,0.0193,0.0846,0.0256,inf,1.5,1.5
48.467,10.0222,0.0462,-0.1036,-0.0014,0.0193,0.0865,0.0284,inf,1.5,1.5
48.5,10.0222,0.0459,-0.1024,0.0004,0.0576,0.0873,0.051,inf,1.5,1.5
48.517,10.0221,0.0456,-0.1014,0.0001,0.0607,0.0863,0.0563,inf,1.5,1.5
48.517,10.0221,0.0456,-0.1014,0.0001,0.0607,0.0886,0.0619,inf,1.5,1.5
48.533,10.0221,0.0454,-0.1003,-0.0005,0.0642,0.0893,0.0587,inf,1.5,1.5
48.533,10.0221,0.0454,-0.1003,-0.0005,0.0642,0.0915,0.0621,inf,1.5,1.5
48.533,10.0221,0.0454,-0.1003,-0.0005,0.0642,0.0886,0.0643,inf,1.5,1.5
48.567,10.0221,0.0451,-0.0988,-0.0001,0.053,0.0916,0.0589,inf,1.5,1.5
48.583,10.0221,0.045,-0.0987,0.0004,0.0124,0.0877,0.056,inf,1.5,1.5
48.583,10.0221,0.045,-0.0987,0.0004,0.0124,0.0882,0.0345,inf,1.5,1.5
48.583,10.0221,0.045,-0.0987,0.0004,0.0124,0.089,0.0253,inf,1.5,1.5
48.617,10.0221,0.0449,-0.0988,-0.0003,-0.0136,0.0877,0.0194,inf,1.5,1.5
48.617,10.0221,0.0449,-0.0988,-0.0003,-0.0136,0.084,0.006,inf,1.5,1.5
48.633,10.0221,0.0449,-0.0991,-0.0004,-0.0281,0.0842,-0.0033,inf,1.5,1.5
48.633,10.0221,0.0449,-0.0991,-0.0004,-0.0281,0.0826,-0.0127,inf,1.5,1.5
48.633,10.0221,0.0449,-0.0991,-0.0004,-0.0281,0.0833,-0.0148,inf,1.5,1.5
48.667,10.0221,0.045,-0.0998,0.0007,-0.0261,0.084,-0.0133,inf,1.5,1.5
48.667,10.0221,0.045,-0.0998,0.0007,-0.0261,0.0863,-0.0145,inf,1.5,1.5
48.683,10.0221,0.045,-0.0998,0.0007,0.0029,0.0856,-0.0018,inf,1.5,1.5
48.7,10.022,0.0448,-0.0993,-0.0034,0.0423,0.0863,0.0031,inf,1.5,1.5
48.7,10.022,0.0448,-0.0993,-0.0034,0.0423,0.0868,0.0298,inf,1.5,1.5
48.7,10.022,0.0448,-0.0993,-0.0034,0.0423,0.0838,0.0434,inf,1.5,1.5
48.733,10.022,0.0443,-0.0971,-0.0,0.0711,0.0825,0.0481,inf,1.5,1.5
48.733,10.022,0.0443,-0.0971,-0.0,0.0711,0.085,0.0658,inf,1.5,1.5
48.75,10.022,0.0442,-0.0955,0.0005,0.1222,0.0875,0.0967,inf,1.5,1.5
48.75,10.022,0.0442,-0.0955,0.0005,0.1222,0.0881,0.1129,inf,1.5,1.5
48.75,10.022,0.0442,-0.0955,0.0005,0.1222,0.0879,0.1155,inf,1.5,1.5
48.783,10.022,0.0439,-0.0943,-0.0003,0.0569,0.0881,0.0823,inf,1.5,1.5
48.8,10.022,0.0438,-0.0938,0.0005,0.0331,0.0835,0.0698,inf,1.5,1.5
48.8,10.022,0.0438,-0.0938,0.0005,0.0331,0.0839,0.047,inf,1.5,1.5
48.8,10.022,0.0438,-0.0938,0.0005,0.0331,0.0862,0.0385,inf,1.5,1.5
48.833,10.022,0.0435,-0.0921,-0.0,0.0841,0.0887,0.0376,inf,1.5,1.5
48.833,10.022,0.0435,-0.0921,-0.0,0.0841,0.0905,0.0635,inf,1.5,1.5
48.85,10.0219,0.0433,-0.0914,0.0008,0.0356,0.0881,0.0474,inf,1.5,1.5
48.867,10.0219,0.0431,-0.0904,0.0001,0.0176,0.0848,0.0396,inf,1.5,1.5
48.867,10.0219,0.0431,-0.0904,0.0001,0.0176,0.0854,0.0295,inf,1.5,1.5
48.867,10.0219,0.0431,-0.0904,0.0001,0.0176,0.0844,0.0258,inf,1.5,1.5
48.9,10.0219,0.0427,-0.089,-0.0016,0.0092,0.0855,0.0263,inf,1.5,1.5
48.9,10.0219,0.0427,-0.089,-0.0016,0.0092,0.0874,0.0204,inf,1.5,1.5
48.917,10.0219,0.0426,-0.089,0.0,-0.0146,0.0861,0.0124,inf,1.5,1.5
48.917,10.0219,0.0426,-0.089,0.0,-0.0146,0.0856,0.0009,inf,1.5,1.5
48.917,10.0219,0.0426,-0.089,0.0,-0.0146,0.0854,-0.0045,inf,1.5,1.5
48.95,10.0219,0.0426,-0.0896,0.0,-0.0382,0.0851,-0.0223,inf,1.5,1.5
48.967,10.0219,0.0427,-0.09,0.0005,-0.0063,0.0859,-0.0226,inf,1.5,1.5
48.967,10.0219,0.0427,-0.09,0.0005,-0.0063,0.0871,-0.0097,inf,1.5,1.5
48.967,10.0219,0.0427,-0.09,0.0005,-0.0063,0.0866,0.0008,inf,1.5,1.5
49.0,10.0219,0.0426,-0.0898,-0.0001,0.0289,0.0895,0.007,inf,1.5,1.5
49.0,10.0219,0.0426,-0.0898,-0.0001,0.0289,0.0871,0.0274,inf,1.5,1.5
49.017,10.0219,0.0425,-0.0895,0.0002,-0.0102,0.0846,0.0107,inf,1.5,1.5
49.033,10.0219,0.0425,-0.0899,0.0007,-0.0447,0.084,0.0058,inf,1.5,1.5
49.033,10.0219,0.0425,-0.0899,0.0007,-0.0447,0.0839,-0.0138,inf,1.5,1.5
49.033,10.0219,0.0425,-0.0899,0.0007,-0.0447,0.0841,-0.0225,inf,1.5,1.5
49.033,10.0219,0.0425,-0.0899,0.0007,-0.0447,0.0821,-0.0259,inf,1.5,1.5
49.067,10.0219,0.0426,-0.0906,0.0008,-0.0254,0.0822,-0.0205,inf,1.5,1.5
49.083,10.0219,0.0426,-0.0909,0.0002,-0.0101,0.0841,-0.0148,inf,1.5,1.5
49.083,10.0219,0.0426,-0.0909,0.0002,-0.0101,0.0856,-0.0086,inf,1.5,1.5
49.083,10.0219,0.0426,-0.0909,0.0002,-0.0101,0.0843,-0.0031,inf,1.5,1.5
49.117,10.0219,0.0427,-0.0918,-0.0002,-0.0097,0.0848,-0.0011,inf,1.5,1.5
49.117,10.0219,0.0427,-0.0918,-0.0002,-0.0097,0.0834,0.004,inf,1.5,1.5
49.133,10.0219,0.0427,-0.0919,0.0003,-0.0315,0.0847,-0.0061,inf,1.5,1.5
49.133,10.0219,0.0427,-0.0919,0.0003,-0.0315,0.0873,-0.0151,inf,1.5,1.5
49.167,10.0219,0.0427,-0.0919,0.0001,-0.0276,0.0877,-0.0183,inf,1.5,1.5
49.167,10.0219,0.0427,-0.0919,0.0001,-0.0276,0.0888,-0.0217,inf,1.5,1.5
49.167,10.0219,0.0427,-0.0919,0.0001,-0.0276,0.087,-0.0172,inf,1.5,1.5
49.183,10.0219,0.0427,-0.092,0.0001,-0.0249,0.0846,-0.0139,inf,1.5,1.5
49.183,10.0219,0.0427,-0.092,0.0001,-0.0249,0.0868,-0.0127,inf,1.5,1.5
49.2,10.0219,0.0427,-0.0925,0.0013,-0.015,0.0894,-0.0052,inf,1.5,1.5
49.2,10.0219,0.0427,-0.0925,0.0013,-0.015,0.0876,-0.0033,inf,1.5,1.5
49.2,10.0219,0.0427,-0.0925,0.0013,-0.015,0.0913,-0.0016,inf,1.5,1.5
49.233,10.0219,0.0425,-0.0921,-0.0009,-0.0021,0.0896,0.0093,inf,1.5,1.5
49.233,10.0219,0.0425,-0.0921,-0.0009,-0.0021,0.0874,0.0136,inf,1.5,1.5
49.25,10.0219,0.0426,-0.0921,0.0002,-0.0143,0.0869,0.0043,inf,1.5,1.5
49.25,10.0219,0.0426,-0.0921,0.0002,-0.0143,0.0863,-0.0043,inf,1.5,1.5
49.283,10.0219,0.0425,-0.0927,0.0002,-0.0217,0.0894,-0.0033,inf,1.5,1.5
49.283,10.0219,0.0425,-0.0927,0.0002,-0.0217,0.0864,-0.0072,inf,1.5,1.5
49.3,10.0219,0.0425,-0.0929,0.0003,-0.0184,0.0873,-0.0091,inf,1.5,1.5
49.3,10.0219,0.0425,-0.0929,0.0003,-0.0184,0.0877,-0.0111,inf,1.5,1.5
49.3,10.0219,0.0425,-0.0929,0.0003,-0.0184,0.0855,-0.0112,inf,1.5,1.5
49.333,10.0219,0.0425,-0.0932,-0.0008,-0.0088,0.0849,-0.004,inf,1.5,1.5
49.35,10.0219,0.0425,-0.0933,-0.0001,-0.0092,0.0861,-0.0029,inf,1.5,1.5
49.35,10.0219,0.0425,-0.0933,-0.0001,-0.0092,0.0868,0.0026,inf,1.5,1.5
49.367,10.0219,0.0425,-0.0936,0.0006,-0.013,0.0893,0.0059,inf,1.5,1.5
49.367,10.0219,0.0425,-0.0936,0.0006,-0.013,0.0885,0.0053,inf,1.5,1.5
49.367,10.0219,0.0425,-0.0936,0.0006,-0.013,0.0907,0.0004,inf,1.5,1.5
49.4,10.0219,0.0424,-0.0938,0.0001,-0.0126,0.0905,-0.0011,inf,1.5,1.5
49.4,10.0219,0.0424,-0.0938,0.0001,-0.0126,0.0904,-0.0016,inf,1.5,1.5
49.417,10.0219,0.0424,-0.094,-0.0,-0.0353,0.0915,-0.0121,inf,1.5,1.5
49.417,10.0219,0.0424,-0.094,-0.0,-0.0353,0.0889,-0.0185,inf,1.5,1.5
49.417,10.0219,0.0424,-0.094,-0.0,-0.0353,0.0866,-0.0161,inf,1.5,1.5
49.45,10.0219,0.0424,-0.0946,0.0004,-0.0117,0.0835,-0.0051,inf,1.5,1.5
49.467,10.0218,0.0423,-0.0947,0.0002,-0.0407,0.0814,0.0002,inf,1.5,1.5
49.467,10.0218,0.0423,-0.0947,0.0002,-0.0407,0.0831,-0.0093,inf,1.5,1.5
49.467,10.0218,0.0423,-0.0947,0.0002,-0.0407,0.0841,-0.0192,inf,1.5,1.5
49.5,10.0219,0.0424,-0.0955,0.0009,-0.0264,0.0832,-0.0257,inf,1.5,1.5
49.5,10.0219,0.0424,-0.0955,0.0009,-0.0264,0.084,-0.0195,inf,1.5,1.5
49.517,10.0218,0.0423,-0.0953,-0.0001,0.0164,0.0879,0.0095,inf,1.5,1.5
49.533,10.0218,0.0422,-0.0951,0.0007,-0.0529,0.0876,0.024,inf,1.5,1.5
49.533,10.0218,0.0422,-0.0951,0.0007,-0.0529,0.086,-0.0066,inf,1.5,1.5
49.533,10.0218,0.0422,-0.0951,0.0007,-0.0529,0.0827,-0.0248,inf,1.5,1.5
49.567,10.0218,0.0423,-0.0957,-0.0003,-0.001,0.0834,-0.0356,inf,1.5,1.5
49.567,10.0218,0.0423,-0.0957,-0.0003,-0.001,0.0836,-0.0104,inf,1.5,1.5
49.583,10.0218,0.0423,-0.0957,-0.0,-0.0315,0.0839,-0.016,inf,1.5,1.5
49.583,10.0218,0.0423,-0.0957,-0.0,-0.0315,0.0873,-0.0137,inf,1.5,1.5
49.583,10.0218,0.0423,-0.0957,-0.0,-0.0315,0.0859,-0.0167,inf,1.5,1.5
49.617,10.0218,0.0424,-0.0964,0.0007,-0.0395,0.0849,-0.0255,inf,1.5,1.5
49.633,10.0218,0.0423,-0.0967,-0.0001,-0.0008,0.085,-0.0253,inf,1.5,1.5
49.633,10.0218,0.0423,-0.0967,-0.0001,-0.0008,0.0848,-0.0101,inf,1.5,1.5
